[{"records": [{"code": 14309, "location_desc": null, "official_name": "Chelilis Dispensary", "owner": {"name": "Ministry of Health"}, "keph_level": {"name": "Level 2"}, "ward": {"code": 953}, "number_of_cots": 0, "town": {"name": "chelilis"}, "name": "Chelilis Dispensary", "created": "2009-10-31T00:00:00+00:00", "regulatory_body": {"name": "Ministry of Health"}, "facility_type": {"name": "Dispensary"}, "plot_number": null, "operation_status": {"name": "Operational"}, "number_of_beds": 0}, {"code": 15729, "location_desc": null, "official_name": "Tirimionin Dispensary", "owner": {"name": "Ministry of Health"}, "keph_level": {"name": "Level 2"}, "ward": {"code": 790}, "number_of_cots": 0, "town": {"name": "kabartonjo"}, "name": "Tirimionin Dispensary", "created": "2009-10-31T00:00:00+00:00", "regulatory_body": {"name": "Ministry of Health"}, "facility_type": {"name": "Dispensary"}, "plot_number": null, "operation_status": {"name": "Operational"}, "number_of_beds": 0}, {"code": 15744, "location_desc": null, "official_name": "Tuiyobei Dispensary", "owner": {"name": "Ministry of Health"}, "keph_level": {"name": "Level 2"}, "ward": {"code": 804}, "number_of_cots": 0, "town": {"name": "kabarnet"}, "name": "Tuiyobei Dispensary", "created": "2009-10-31T00:00:00+00:00", "regulatory_body": {"name": "Ministry of Health"}, "facility_type": {"name": "Dispensary"}, "plot_number": null, "operation_status": {"name": "Operational"}, "number_of_beds": 0}, {"code": 15741, "location_desc": null, "official_name": "Tugen Estate Dispensary", "owner": {"name": "Ministry of Health"}, "keph_level": {"name": "Level 2"}, "ward": {"code": 715}, "number_of_cots": 0, "town": {"name": "eldoret"}, "name": "Tugen Estate Dispensary", "created": "2009-10-31T00:00:00+00:00", "regulatory_body": {"name": "Ministry of Health"}, "facility_type": {"name": "Dispensary"}, "plot_number": " ", "operation_status": {"name": "Operational"}, "number_of_beds": 0}, {"code": 14311, "location_desc": "Situated along Longisa Chemaner Road", "official_name": "Chemaner Dispensary ", "owner": {"name": "Ministry of Health"}, "keph_level": {"name": "Level 2"}, "ward": {"code": 980}, "number_of_cots": 0, "town": {"name": "chemaner market"}, "name": "Chemaner Dispensary (Bomet)", "created": "2009-10-31T00:00:00+00:00", "regulatory_body": {"name": "Ministry of Health"}, "facility_type": {"name": "Dispensary"}, "plot_number": null, "operation_status": {"name": "Operational"}, "number_of_beds": 0}, {"code": 14308, "location_desc": null, "official_name": "Chelelach Dispensary", "owner": {"name": "Ministry of Health"}, "keph_level": {"name": "Level 2"}, "ward": {"code": 975}, "number_of_cots": 0, "town": {"name": "bomet"}, "name": "Chelelach Dispensary", "created": "2009-10-31T00:00:00+00:00", "regulatory_body": {"name": "Ministry of Health"}, "facility_type": {"name": "Dispensary"}, "plot_number": null, "operation_status": {"name": "Operational"}, "number_of_beds": 0}, {"code": 15152, "location_desc": null, "official_name": "Matanya Dispensary", "owner": {"name": "Ministry of Health"}, "keph_level": {"name": "Level 2"}, "ward": {"code": 818}, "number_of_cots": 0, "town": {"name": "nanyuki"}, "name": "Matanya Dispensary", "created": "2009-10-31T00:00:00+00:00", "regulatory_body": {"name": "Ministry of Health"}, "facility_type": {"name": "Dispensary"}, "plot_number": null, "operation_status": {"name": "Operational"}, "number_of_beds": 0}, {"code": 15730, "location_desc": null, "official_name": "Tirriondonin Dispensary", "owner": {"name": "Ministry of Health"}, "keph_level": {"name": "Level 2"}, "ward": {"code": 789}, "number_of_cots": 0, "town": {"name": "kabartonjo"}, "name": "Tirriondonin Dispensary", "created": "2009-10-31T00:00:00+00:00", "regulatory_body": {"name": "Ministry of Health"}, "facility_type": {"name": "Dispensary"}, "plot_number": null, "operation_status": {"name": "Operational"}, "number_of_beds": 0}, {"code": 15752, "location_desc": null, "official_name": "Tunyo Dispensary", "owner": {"name": "Ministry of Health"}, "keph_level": {"name": "Level 2"}, "ward": {"code": 740}, "number_of_cots": 0, "town": {"name": "kapsowar"}, "name": "Tunyo Dispensary", "created": "2009-10-31T00:00:00+00:00", "regulatory_body": {"name": "Ministry of Health"}, "facility_type": {"name": "Dispensary"}, "plot_number": null, "operation_status": {"name": "Operational"}, "number_of_beds": 0}, {"code": 15698, "location_desc": null, "official_name": "Tachasis Mission Dispensary", "owner": {"name": "Ministry of Health"}, "keph_level": {"name": "Level 2"}, "ward": {"code": 752}, "number_of_cots": 0, "town": {"name": "nandi hills"}, "name": "Tachasis Mission Dispensary", "created": "2009-10-31T00:00:00+00:00", "regulatory_body": {"name": "Ministry of Health"}, "facility_type": {"name": "Dispensary"}, "plot_number": " ", "operation_status": {"name": "Operational"}, "number_of_beds": 0}, {"code": 15690, "location_desc": "From Ndindika to Olmoran 5okm dust road ", "official_name": "Survey Dispensary", "owner": {"name": "Ministry of Health"}, "keph_level": {"name": "Level 2"}, "ward": {"code": 811}, "number_of_cots": 0, "town": {"name": "survey  centre"}, "name": "Survey Dispensary", "created": "2009-10-31T00:00:00+00:00", "regulatory_body": {"name": "Ministry of Health"}, "facility_type": {"name": "Dispensary"}, "plot_number": null, "operation_status": {"name": "Operational"}, "number_of_beds": 2}, {"code": 14270, "location_desc": null, "official_name": "Bossei Dispensary", "owner": {"name": "Ministry of Health"}, "keph_level": {"name": "Level 2"}, "ward": {"code": 789}, "number_of_cots": 0, "town": {"name": "kabartonjo"}, "name": "Bossei Dispensary", "created": "2009-10-31T00:00:00+00:00", "regulatory_body": {"name": "Ministry of Health"}, "facility_type": {"name": "Dispensary"}, "plot_number": null, "operation_status": {"name": "Operational"}, "number_of_beds": 0}, {"code": 15724, "location_desc": null, "official_name": "Timboiywo Dispensary", "owner": {"name": "Ministry of Health"}, "keph_level": {"name": "Level 2"}, "ward": {"code": 794}, "number_of_cots": 2, "town": {"name": "kabarnet"}, "name": "Timboiywo Dispensary", "created": "2009-10-31T00:00:00+00:00", "regulatory_body": {"name": "Ministry of Health"}, "facility_type": {"name": "Dispensary"}, "plot_number": "242", "operation_status": {"name": "Operational"}, "number_of_beds": 4}, {"code": 14612, "location_desc": null, "official_name": "Kabetwa Health Centre", "owner": {"name": "Ministry of Health"}, "keph_level": {"name": "Level 3"}, "ward": {"code": 733}, "number_of_cots": 0, "town": {"name": "kapsowar"}, "name": "Kabetwa Health Centre", "created": "2009-10-31T00:00:00+00:00", "regulatory_body": {"name": "Ministry of Health"}, "facility_type": {"name": "Health Centre"}, "plot_number": null, "operation_status": {"name": "Operational"}, "number_of_beds": 0}, {"code": 15154, "location_desc": null, "official_name": "Matharu Dispensary", "owner": {"name": "Ministry of Health"}, "keph_level": {"name": "Level 2"}, "ward": {"code": 730}, "number_of_cots": 0, "town": {"name": "eldoret"}, "name": "Matharu Dispensary", "created": "2009-10-31T00:00:00+00:00", "regulatory_body": {"name": "Ministry of Health"}, "facility_type": {"name": "Dispensary"}, "plot_number": null, "operation_status": {"name": "Operational"}, "number_of_beds": 0}, {"code": 15723, "location_desc": "About 15 Kms from Karandi Centre then located 500 metres from Thigio Centre.", "official_name": "Thigio Dispensary (Laikipia West)", "owner": {"name": "Ministry of Health"}, "keph_level": {"name": "Level 2"}, "ward": {"code": 814}, "number_of_cots": 0, "town": {"name": "thigio"}, "name": "Thigio Dispensary (Laikipia West)", "created": "2009-10-31T00:00:00+00:00", "regulatory_body": {"name": "Ministry of Health"}, "facility_type": {"name": "Dispensary"}, "plot_number": null, "operation_status": {"name": "Operational"}, "number_of_beds": 0}, {"code": 15751, "location_desc": "Tumoi Dispensary is situated near Sigor Market", "official_name": "Tumoi Dispensary", "owner": {"name": "Ministry of Health"}, "keph_level": {"name": "Level 2"}, "ward": {"code": 971}, "number_of_cots": 0, "town": {"name": "sigor"}, "name": "Tumoi Dispensary", "created": "2009-10-31T00:00:00+00:00", "regulatory_body": {"name": "Ministry of Health"}, "facility_type": {"name": "Dispensary"}, "plot_number": null, "operation_status": {"name": "Operational"}, "number_of_beds": 0}, {"code": 14269, "location_desc": null, "official_name": "Borrowonin  Dispensary", "owner": {"name": "Ministry of Health"}, "keph_level": {"name": "Level 2"}, "ward": {"code": 797}, "number_of_cots": 0, "town": {"name": "kabarnet"}, "name": "Borrowonin Dispensary", "created": "2009-10-31T00:00:00+00:00", "regulatory_body": {"name": "Ministry of Health"}, "facility_type": {"name": "Dispensary"}, "plot_number": null, "operation_status": {"name": "Operational"}, "number_of_beds": 0}, {"code": 15754, "location_desc": "Turkwel Trading Centre", "official_name": "Turkwel Dispensary (Loima)", "owner": {"name": "Ministry of Health"}, "keph_level": {"name": "Level 2"}, "ward": {"code": 629}, "number_of_cots": 0, "town": {"name": "turkwel"}, "name": "Turkwel Dispensary (Loima)", "created": "2009-10-31T00:00:00+00:00", "regulatory_body": {"name": "Ministry of Health"}, "facility_type": {"name": "Dispensary"}, "plot_number": null, "operation_status": {"name": "Operational"}, "number_of_beds": 0}, {"code": 15759, "location_desc": null, "official_name": "Uhuru Dispensary", "owner": {"name": "Ministry of Health"}, "keph_level": {"name": "Level 2"}, "ward": {"code": 720}, "number_of_cots": 0, "town": {"name": "eldoret"}, "name": "Uhuru Dispensary", "created": "2009-10-31T00:00:00+00:00", "regulatory_body": {"name": "Ministry of Health"}, "facility_type": {"name": "Dispensary"}, "plot_number": " ", "operation_status": {"name": "Operational"}, "number_of_beds": 0}, {"code": 14284, "location_desc": null, "official_name": "Chagaiya Dispensary", "owner": {"name": "Ministry of Health"}, "keph_level": {"name": "Level 2"}, "ward": {"code": 939}, "number_of_cots": 0, "town": {"name": "eldoret"}, "name": "Chagaiya Dispensary", "created": "2009-10-31T00:00:00+00:00", "regulatory_body": {"name": "Ministry of Health"}, "facility_type": {"name": "Dispensary"}, "plot_number": null, "operation_status": {"name": "Operational"}, "number_of_beds": 0}, {"code": 15757, "location_desc": "next to PCEA Mission", "official_name": "Tuum Dispensary", "owner": {"name": "Ministry of Health"}, "keph_level": {"name": "Level 2"}, "ward": {"code": 669}, "number_of_cots": 0, "town": {"name": "tuum market"}, "name": "Tuum Dispensary", "created": "2009-10-31T00:00:00+00:00", "regulatory_body": {"name": "Ministry of Health"}, "facility_type": {"name": "Dispensary"}, "plot_number": null, "operation_status": {"name": "Operational"}, "number_of_beds": 0}, {"code": 15756, "location_desc": null, "official_name": "Tuturung Dispensary", "owner": {"name": "Ministry of Health"}, "keph_level": {"name": "Level 2"}, "ward": {"code": 732}, "number_of_cots": 0, "town": {"name": "kapsowar"}, "name": "Tuturung Dispensary", "created": "2009-10-31T00:00:00+00:00", "regulatory_body": {"name": "Ministry of Health"}, "facility_type": {"name": "Dispensary"}, "plot_number": null, "operation_status": {"name": "Operational"}, "number_of_beds": 0}, {"code": 15680, "location_desc": null, "official_name": "Sugoi B Dispensary", "owner": {"name": "Ministry of Health"}, "keph_level": {"name": "Level 2"}, "ward": {"code": 709}, "number_of_cots": 0, "town": {"name": "eldoret"}, "name": "Sugoi B Dispensary", "created": "2009-10-31T00:00:00+00:00", "regulatory_body": {"name": "Ministry of Health"}, "facility_type": {"name": "Dispensary"}, "plot_number": null, "operation_status": {"name": "Operational"}, "number_of_beds": 1}, {"code": 15727, "location_desc": "Near Tinet Primary School", "official_name": "Tinet Dispensary (Koibatek)", "owner": {"name": "Ministry of Health"}, "keph_level": {"name": "Level 2"}, "ward": {"code": 806}, "number_of_cots": 0, "town": {"name": "eldama ravine"}, "name": "Tinet Dispensary (Koibatek)", "created": "2009-10-31T00:00:00+00:00", "regulatory_body": {"name": "Ministry of Health"}, "facility_type": {"name": "Dispensary"}, "plot_number": null, "operation_status": {"name": "Operational"}, "number_of_beds": 0}, {"code": 15155, "location_desc": null, "official_name": "Matira Dispensary", "owner": {"name": "Ministry of Health"}, "keph_level": {"name": "Level 2"}, "ward": {"code": 739}, "number_of_cots": 0, "town": {"name": "kapsowar"}, "name": "Matira Dispensary", "created": "2009-10-31T00:00:00+00:00", "regulatory_body": {"name": "Ministry of Health"}, "facility_type": {"name": "Dispensary"}, "plot_number": null, "operation_status": {"name": "Operational"}, "number_of_beds": 0}, {"code": 15717, "location_desc": null, "official_name": "Tenduet Dispensary", "owner": {"name": "Company Medical Service"}, "keph_level": {"name": "Level 2"}, "ward": {"code": 986}, "number_of_cots": 0, "town": {"name": "tenduet"}, "name": "Tenduet Dispensary", "created": "2009-10-31T00:00:00+00:00", "regulatory_body": {"name": "Ministry of Health"}, "facility_type": {"name": "Dispensary"}, "plot_number": null, "operation_status": {"name": "Operational"}, "number_of_beds": 0}, {"code": 15716, "location_desc": null, "official_name": "Tenden Dispensary", "owner": {"name": "Ministry of Health"}, "keph_level": {"name": "Level 2"}, "ward": {"code": 737}, "number_of_cots": 0, "town": {"name": "eldoret"}, "name": "Tenden Dispensary", "created": "2009-10-31T00:00:00+00:00", "regulatory_body": {"name": "Ministry of Health"}, "facility_type": {"name": "Dispensary"}, "plot_number": null, "operation_status": {"name": "Operational"}, "number_of_beds": 0}, {"code": 15715, "location_desc": null, "official_name": "Tegego Dispensary", "owner": {"name": "Ministry of Health"}, "keph_level": {"name": "Level 2"}, "ward": {"code": 707}, "number_of_cots": 0, "town": {"name": "eldoret"}, "name": "Tegego Dispensary", "created": "2009-10-31T00:00:00+00:00", "regulatory_body": {"name": "Ministry of Health"}, "facility_type": {"name": "Dispensary"}, "plot_number": " ", "operation_status": {"name": "Operational"}, "number_of_beds": 0}, {"code": 15713, "location_desc": null, "official_name": "Tebesonik Dispensary", "owner": {"name": "Ministry of Health"}, "keph_level": {"name": "Level 2"}, "ward": {"code": 951}, "number_of_cots": 0, "town": {"name": "tebesonik"}, "name": "Tebesonik Dispensary", "created": "2009-10-31T00:00:00+00:00", "regulatory_body": {"name": "Ministry of Health"}, "facility_type": {"name": "Dispensary"}, "plot_number": null, "operation_status": {"name": "Operational"}, "number_of_beds": 8}, {"code": 15684, "location_desc": null, "official_name": "Sumeiyon Dispensary", "owner": {"name": "Ministry of Health"}, "keph_level": {"name": "Level 2"}, "ward": {"code": 790}, "number_of_cots": 0, "town": {"name": "kabartonjo"}, "name": "Sumeiyon Dispensary", "created": "2009-10-31T00:00:00+00:00", "regulatory_body": {"name": "Ministry of Health"}, "facility_type": {"name": "Dispensary"}, "plot_number": null, "operation_status": {"name": "Operational"}, "number_of_beds": 0}, {"code": 15710, "location_desc": "15 Kms Along Kaplong -Bomet Road", "official_name": "Tarakwa Dispensary", "owner": {"name": "Ministry of Health"}, "keph_level": {"name": "Level 2"}, "ward": {"code": 985}, "number_of_cots": 0, "town": {"name": "sotik"}, "name": "Tarakwa Dispensary", "created": "2009-10-31T00:00:00+00:00", "regulatory_body": {"name": "Ministry of Health"}, "facility_type": {"name": "Dispensary"}, "plot_number": null, "operation_status": {"name": "Operational"}, "number_of_beds": 0}, {"code": 15708, "location_desc": "It is located within Tapach shopping centre", "official_name": "Tapach Dispensary", "owner": {"name": "Ministry of Health"}, "keph_level": {"name": "Level 2"}, "ward": {"code": 660}, "number_of_cots": 0, "town": {"name": "tapach"}, "name": "Tapach Dispensary", "created": "2009-10-31T00:00:00+00:00", "regulatory_body": {"name": "Ministry of Health"}, "facility_type": {"name": "Dispensary"}, "plot_number": null, "operation_status": {"name": "Operational"}, "number_of_beds": 0}, {"code": 15705, "location_desc": "Chepareria Tamough Road; Tamough Shopping Center", "official_name": "Tamough Health Centre", "owner": {"name": "Ministry of Health"}, "keph_level": {"name": "Level 3"}, "ward": {"code": 646}, "number_of_cots": 0, "town": {"name": "kapenguria"}, "name": "Tamough Health Centre", "created": "2009-10-31T00:00:00+00:00", "regulatory_body": {"name": "Ministry of Health"}, "facility_type": {"name": "Health Centre"}, "plot_number": null, "operation_status": {"name": "Operational"}, "number_of_beds": 0}, {"code": 14557, "location_desc": "Near Bakhita Primary School", "official_name": "Igure Dispensary", "owner": {"name": "Ministry of Health"}, "keph_level": {"name": "Level 2"}, "ward": {"code": 808}, "number_of_cots": 0, "town": {"name": "makutano"}, "name": "Igure Dispensary", "created": "2009-10-31T00:00:00+00:00", "regulatory_body": {"name": "Ministry of Health"}, "facility_type": {"name": "Dispensary"}, "plot_number": null, "operation_status": {"name": "Operational"}, "number_of_beds": 0}, {"code": 15701, "location_desc": null, "official_name": "Talai  Dispensary", "owner": {"name": "Ministry of Health"}, "keph_level": {"name": "Level 2"}, "ward": {"code": 796}, "number_of_cots": 0, "town": {"name": "kabarnet"}, "name": "Talai Dispensary", "created": "2009-10-31T00:00:00+00:00", "regulatory_body": {"name": "Ministry of Health"}, "facility_type": {"name": "Dispensary"}, "plot_number": null, "operation_status": {"name": "Operational"}, "number_of_beds": 0}, {"code": 15700, "location_desc": "Off Olchobosei - Chesoen Road", "official_name": "Takitech Dispensary", "owner": {"name": "Ministry of Health"}, "keph_level": {"name": "Level 2"}, "ward": {"code": 888}, "number_of_cots": 0, "town": {"name": "olchobosei market"}, "name": "Takitech Dispensary", "created": "2009-10-31T00:00:00+00:00", "regulatory_body": {"name": "Ministry of Health"}, "facility_type": {"name": "Dispensary"}, "plot_number": null, "operation_status": {"name": "Operational"}, "number_of_beds": 0}, {"code": 14302, "location_desc": "Cheboyo Dispensary is located near Chebunyo Market", "official_name": "Cheboyo Dispensary", "owner": {"name": "Ministry of Health"}, "keph_level": {"name": "Level 2"}, "ward": {"code": 974}, "number_of_cots": 0, "town": {"name": "chebunyo market"}, "name": "Cheboyo Dispensary", "created": "2009-10-31T00:00:00+00:00", "regulatory_body": {"name": "Ministry of Health"}, "facility_type": {"name": "Dispensary"}, "plot_number": null, "operation_status": {"name": "Operational"}, "number_of_beds": 0}, {"code": 14305, "location_desc": null, "official_name": "Chechan Dispensary", "owner": {"name": "Ministry of Health"}, "keph_level": {"name": "Level 2"}, "ward": {"code": 733}, "number_of_cots": 0, "town": {"name": "kapsowar"}, "name": "Chechan Dispensary", "created": "2009-10-31T00:00:00+00:00", "regulatory_body": {"name": "Ministry of Health"}, "facility_type": {"name": "Dispensary"}, "plot_number": null, "operation_status": {"name": "Operational"}, "number_of_beds": 0}, {"code": 15677, "location_desc": "Next to Tumoini Primary School", "official_name": "Subukia Dispensary (Kipkelion)", "owner": {"name": "Ministry of Health"}, "keph_level": {"name": "Level 2"}, "ward": {"code": 939}, "number_of_cots": 0, "town": {"name": "ilotii"}, "name": "Subukia Dispensary (Kipkelion)", "created": "2009-10-31T00:00:00+00:00", "regulatory_body": {"name": "Ministry of Health"}, "facility_type": {"name": "Dispensary"}, "plot_number": null, "operation_status": {"name": "Operational"}, "number_of_beds": 4}, {"code": 15674, "location_desc": null, "official_name": "State Lodge Dispensary", "owner": {"name": "Ministry of Health"}, "keph_level": {"name": "Level 2"}, "ward": {"code": 718}, "number_of_cots": 0, "town": {"name": "eldoret"}, "name": "State Lodge Dispensary", "created": "2009-10-31T00:00:00+00:00", "regulatory_body": {"name": "Ministry of Health"}, "facility_type": {"name": "Dispensary"}, "plot_number": null, "operation_status": {"name": "Operational"}, "number_of_beds": 0}, {"code": 15693, "location_desc": "situated along Wamba Barsaloi road 60 kilometers fro Wamba town to the North west", "official_name": "Swari Model Health Centre", "owner": {"name": "Ministry of Health"}, "keph_level": {"name": "Level 2"}, "ward": {"code": 671}, "number_of_cots": 0, "town": {"name": "swari"}, "name": "Swari Model Health Centre", "created": "2009-10-31T00:00:00+00:00", "regulatory_body": {"name": "Ministry of Health"}, "facility_type": {"name": "Dispensary"}, "plot_number": null, "operation_status": {"name": "Operational"}, "number_of_beds": 0}, {"code": 15164, "location_desc": null, "official_name": "Mbogo Valley Dispensary", "owner": {"name": "Ministry of Health"}, "keph_level": {"name": "Level 2"}, "ward": {"code": 751}, "number_of_cots": 0, "town": {"name": "nandi hills"}, "name": "Mbogo Valley Dispensary", "created": "2009-10-31T00:00:00+00:00", "regulatory_body": {"name": "Ministry of Health"}, "facility_type": {"name": "Dispensary"}, "plot_number": " ", "operation_status": {"name": "Operational"}, "number_of_beds": 0}, {"code": 15694, "location_desc": null, "official_name": "Sweet Waters Dispensary", "owner": {"name": "Ministry of Health"}, "keph_level": {"name": "Level 2"}, "ward": {"code": 818}, "number_of_cots": 0, "town": {"name": "nanyuki"}, "name": "Sweet Waters Dispensary", "created": "2009-10-31T00:00:00+00:00", "regulatory_body": {"name": "Ministry of Health"}, "facility_type": {"name": "Dispensary"}, "plot_number": null, "operation_status": {"name": "Operational"}, "number_of_beds": 0}, {"code": 15624, "location_desc": "4 Kms From Kaplong Market Along Kaplong- Bomet Road", "official_name": "Yaganek Dispensary", "owner": {"name": "Ministry of Health"}, "keph_level": {"name": "Level 2"}, "ward": {"code": 967}, "number_of_cots": 0, "town": {"name": "sotik"}, "name": "Soymet Dispensary", "created": "2009-10-31T00:00:00+00:00", "regulatory_body": {"name": "Ministry of Health"}, "facility_type": {"name": "Dispensary"}, "plot_number": null, "operation_status": {"name": "Operational"}, "number_of_beds": 0}, {"code": 14304, "location_desc": "Facility located in Chebunyo Market", "official_name": "Chebunyo Dispensary", "owner": {"name": "Ministry of Health"}, "keph_level": {"name": "Level 2"}, "ward": {"code": 974}, "number_of_cots": 0, "town": {"name": "chebunyo market"}, "name": "Chebunyo Dispensary", "created": "2009-10-31T00:00:00+00:00", "regulatory_body": {"name": "Ministry of Health"}, "facility_type": {"name": "Dispensary"}, "plot_number": null, "operation_status": {"name": "Operational"}, "number_of_beds": 0}, {"code": 15618, "location_desc": null, "official_name": "Sosit Dispensary", "owner": {"name": "Ministry of Health"}, "keph_level": {"name": "Level 2"}, "ward": {"code": 956}, "number_of_cots": 0, "town": {"name": "kapkatet"}, "name": "Sosit Dispensary", "created": "2009-10-31T00:00:00+00:00", "regulatory_body": {"name": "Ministry of Health"}, "facility_type": {"name": "Dispensary"}, "plot_number": null, "operation_status": {"name": "Operational"}, "number_of_beds": 0}, {"code": 15614, "location_desc": "Along Rumuruti Maralal road near Olmaisor Primary School", "official_name": "Sosian Dispensary", "owner": {"name": "Ministry of Health"}, "keph_level": {"name": "Level 2"}, "ward": {"code": 822}, "number_of_cots": 0, "town": {"name": "kinamba ( sosian)"}, "name": "Sosian Dispensary", "created": "2009-10-31T00:00:00+00:00", "regulatory_body": {"name": "Ministry of Health"}, "facility_type": {"name": "Dispensary"}, "plot_number": null, "operation_status": {"name": "Operational"}, "number_of_beds": 2}, {"code": 15613, "location_desc": "Near Sore Primary School", "official_name": "Sore Dispensary", "owner": {"name": "Ministry of Health"}, "keph_level": {"name": "Level 2"}, "ward": {"code": 802}, "number_of_cots": 0, "town": {"name": "mogotio"}, "name": "Sore Dispensary", "created": "2009-10-31T00:00:00+00:00", "regulatory_body": {"name": "Ministry of Health"}, "facility_type": {"name": "Dispensary"}, "plot_number": null, "operation_status": {"name": "Operational"}, "number_of_beds": 0}, {"code": 15611, "location_desc": null, "official_name": "Songonyet Dispensary", "owner": {"name": "Ministry of Health"}, "keph_level": {"name": "Level 2"}, "ward": {"code": 941}, "number_of_cots": 0, "town": {"name": "forttenan"}, "name": "Songonyet Dispensary", "created": "2009-10-31T00:00:00+00:00", "regulatory_body": {"name": "Ministry of Health"}, "facility_type": {"name": "Dispensary"}, "plot_number": null, "operation_status": {"name": "Operational"}, "number_of_beds": 4}, {"code": 15673, "location_desc": "State house", "official_name": "State House Dispensary (Nakuru)", "owner": {"name": "Ministry of Health"}, "keph_level": {"name": "Level 2"}, "ward": {"code": 876}, "number_of_cots": 0, "town": {"name": "nakuru town"}, "name": "State House Dispensary (Nakuru)", "created": "2009-10-31T00:00:00+00:00", "regulatory_body": {"name": "Ministry of Health"}, "facility_type": {"name": "Dispensary"}, "plot_number": null, "operation_status": {"name": "Operational"}, "number_of_beds": 0}, {"code": 14457, "location_desc": null, "official_name": "Endoinyo Erinka Dispensary", "owner": {"name": "Ministry of Health"}, "keph_level": {"name": "Level 2"}, "ward": {"code": 909}, "number_of_cots": 0, "town": {"name": "aitong market"}, "name": "Endoinyo Erinka Dispensary", "created": "2009-10-31T00:00:00+00:00", "regulatory_body": {"name": "Ministry of Health"}, "facility_type": {"name": "Dispensary"}, "plot_number": null, "operation_status": {"name": "Operational"}, "number_of_beds": 0}, {"code": 15621, "location_desc": "Next to Nyiro Boys Sec. School", "official_name": "South Horr Dispensary", "owner": {"name": "Ministry of Health"}, "keph_level": {"name": "Level 2"}, "ward": {"code": 669}, "number_of_cots": 0, "town": {"name": "south horr market"}, "name": "South Horr Dispensary", "created": "2009-10-31T00:00:00+00:00", "regulatory_body": {"name": "Ministry of Health"}, "facility_type": {"name": "Dispensary"}, "plot_number": null, "operation_status": {"name": "Operational"}, "number_of_beds": 0}, {"code": 14531, "location_desc": "2kms from junction Ndanai-kilgoris road", "official_name": "Gorgor Dispensary", "owner": {"name": "Ministry of Health"}, "keph_level": {"name": "Level 2"}, "ward": {"code": 966}, "number_of_cots": 0, "town": {"name": "ndanai"}, "name": "Gorgor Dispensary", "created": "2009-10-31T00:00:00+00:00", "regulatory_body": {"name": "Ministry of Health"}, "facility_type": {"name": "Dispensary"}, "plot_number": null, "operation_status": {"name": "Operational"}, "number_of_beds": 0}, {"code": 14524, "location_desc": null, "official_name": "GK Prisons Dispensary (Ngeria)", "owner": {"name": "Ministry of Health"}, "keph_level": {"name": "Level 2"}, "ward": {"code": 725}, "number_of_cots": 0, "town": {"name": "eldoret"}, "name": "GK Prisons Dispensary (Ngeria)", "created": "2009-10-31T00:00:00+00:00", "regulatory_body": {"name": "Ministry of Health"}, "facility_type": {"name": "Dispensary"}, "plot_number": null, "operation_status": {"name": "Operational"}, "number_of_beds": 0}, {"code": 14523, "location_desc": "in G.K prison premises", "official_name": "GK Prisons Dispensary ", "owner": {"name": "Ministry of Health"}, "keph_level": {"name": "Level 2"}, "ward": {"code": 893}, "number_of_cots": 0, "town": {"name": "narok"}, "name": "GK Prisons Dispensary", "created": "2009-10-31T00:00:00+00:00", "regulatory_body": {"name": "Ministry of Health"}, "facility_type": {"name": "Dispensary"}, "plot_number": null, "operation_status": {"name": "Operational"}, "number_of_beds": 1}, {"code": 14522, "location_desc": null, "official_name": "GK Prisons Dispensary (Laikipia East)", "owner": {"name": "Ministry of Health"}, "keph_level": {"name": "Level 2"}, "ward": {"code": 819}, "number_of_cots": 0, "town": {"name": "nanyuki"}, "name": "GK Prisons Dispensary (Laikipia East)", "created": "2009-10-31T00:00:00+00:00", "regulatory_body": {"name": "Ministry of Health"}, "facility_type": {"name": "Dispensary"}, "plot_number": null, "operation_status": {"name": "Operational"}, "number_of_beds": 0}, {"code": 14521, "location_desc": null, "official_name": "GK Prisons Dispensary (Kericho)", "owner": {"name": "Ministry of Health"}, "keph_level": {"name": "Level 2"}, "ward": {"code": 947}, "number_of_cots": 0, "town": {"name": "kericho"}, "name": "GK Prisons Dispensary (Kericho)", "created": "2009-10-31T00:00:00+00:00", "regulatory_body": {"name": "Ministry of Health"}, "facility_type": {"name": "Dispensary"}, "plot_number": null, "operation_status": {"name": "Operational"}, "number_of_beds": 0}, {"code": 14505, "location_desc": "7 Kms From The Junction Ndanai-Kilgoris Road", "official_name": "Gelegele Dispensary", "owner": {"name": "Ministry of Health"}, "keph_level": {"name": "Level 2"}, "ward": {"code": 966}, "number_of_cots": 0, "town": {"name": "ndanai"}, "name": "Gelegele Dispensary", "created": "2009-10-31T00:00:00+00:00", "regulatory_body": {"name": "Ministry of Health"}, "facility_type": {"name": "Dispensary"}, "plot_number": null, "operation_status": {"name": "Operational"}, "number_of_beds": 3}, {"code": 14290, "location_desc": "3 Km Off  Kaplong-Bomet Road-North Wards", "official_name": "Chebango Dispensary", "owner": {"name": "Ministry of Health"}, "keph_level": {"name": "Level 2"}, "ward": {"code": 968}, "number_of_cots": 0, "town": {"name": "chebole"}, "name": "Chebango Dispensary", "created": "2009-10-31T00:00:00+00:00", "regulatory_body": {"name": "Ministry of Health"}, "facility_type": {"name": "Dispensary"}, "plot_number": null, "operation_status": {"name": "Operational"}, "number_of_beds": 0}, {"code": 14514, "location_desc": null, "official_name": "GK Farm Prisons Dispensary (Trans Nzoia)", "owner": {"name": "Ministry of Health"}, "keph_level": {"name": "Level 2"}, "ward": {"code": 684}, "number_of_cots": 0, "town": {"name": "kitale"}, "name": "GK Farm Prisons Dispensary (Trans Nzoia)", "created": "2009-10-31T00:00:00+00:00", "regulatory_body": {"name": "Ministry of Health"}, "facility_type": {"name": "Dispensary"}, "plot_number": " ", "operation_status": {"name": "Operational"}, "number_of_beds": 0}, {"code": 14513, "location_desc": "Near the daily training institute on Naivasha -Nakuru highway", "official_name": "GOK Farm(NAHRC) Dispensary", "owner": {"name": "Ministry of Health"}, "keph_level": {"name": "Level 2"}, "ward": {"code": 843}, "number_of_cots": 0, "town": {"name": "naivasha"}, "name": "GOK Farm (Nahrc) Dispensary", "created": "2009-10-31T00:00:00+00:00", "regulatory_body": {"name": "Ministry of Health"}, "facility_type": {"name": "Dispensary"}, "plot_number": null, "operation_status": {"name": "Operational"}, "number_of_beds": 0}, {"code": 14519, "location_desc": "Inside Eldoret GK Prisons near Kipchoge Keino Stadium", "official_name": "GK Prisons Dispensary (Eldoret East)", "owner": {"name": "Ministry of Health"}, "keph_level": {"name": "Level 2"}, "ward": {"code": 718}, "number_of_cots": 0, "town": {"name": "eldoret"}, "name": "GK Prisons Dispensary (Eldoret East)", "created": "2009-10-31T00:00:00+00:00", "regulatory_body": {"name": "Ministry of Health"}, "facility_type": {"name": "Dispensary"}, "plot_number": null, "operation_status": {"name": "Operational"}, "number_of_beds": 0}, {"code": 14562, "location_desc": "In wafoo market. in upper melili", "official_name": "Ilaiser Dispensary", "owner": {"name": "Ministry of Health"}, "keph_level": {"name": "Level 2"}, "ward": {"code": 898}, "number_of_cots": 0, "town": {"name": "narok"}, "name": "Ilaiser Dispensary", "created": "2009-10-31T00:00:00+00:00", "regulatory_body": {"name": "Ministry of Health"}, "facility_type": {"name": "Dispensary"}, "plot_number": null, "operation_status": {"name": "Operational"}, "number_of_beds": 0}, {"code": 14499, "location_desc": null, "official_name": "Flax Dispensary", "owner": {"name": "Ministry of Health"}, "keph_level": {"name": "Level 2"}, "ward": {"code": 746}, "number_of_cots": 0, "town": {"name": "eldoret"}, "name": "Flax Dispensary", "created": "2009-10-31T00:00:00+00:00", "regulatory_body": {"name": "Ministry of Health"}, "facility_type": {"name": "Dispensary"}, "plot_number": null, "operation_status": {"name": "Operational"}, "number_of_beds": 0}, {"code": 14484, "location_desc": null, "official_name": "Ewaso Ngiro Dispensary", "owner": {"name": "Ministry of Health"}, "keph_level": {"name": "Level 2"}, "ward": {"code": 893}, "number_of_cots": 0, "town": {"name": "narok"}, "name": "Ewaso Ngiro Dispensary", "created": "2009-10-31T00:00:00+00:00", "regulatory_body": {"name": "Ministry of Health"}, "facility_type": {"name": "Dispensary"}, "plot_number": " ", "operation_status": {"name": "Operational"}, "number_of_beds": 0}, {"code": 14437, "location_desc": null, "official_name": "Elgeyo Boader Dispensary", "owner": {"name": "Ministry of Health"}, "keph_level": {"name": "Level 2"}, "ward": {"code": 720}, "number_of_cots": 0, "town": {"name": "eldoret"}, "name": "Elgeyo Boader Dispensary", "created": "2009-10-31T00:00:00+00:00", "regulatory_body": {"name": "Ministry of Health"}, "facility_type": {"name": "Dispensary"}, "plot_number": " ", "operation_status": {"name": "Operational"}, "number_of_beds": 0}, {"code": 14527, "location_desc": null, "official_name": "GK Prisons Dispensary (Turkana Central)", "owner": {"name": "Ministry of Health"}, "keph_level": {"name": "Level 2"}, "ward": {"code": 628}, "number_of_cots": 0, "town": {"name": "lodwar"}, "name": "GK Prisons Dispensary (Turkana Central)", "created": "2009-10-31T00:00:00+00:00", "regulatory_body": {"name": "Ministry of Health"}, "facility_type": {"name": "Dispensary"}, "plot_number": " ", "operation_status": {"name": "Operational"}, "number_of_beds": 0}, {"code": 14528, "location_desc": null, "official_name": "GK Remand Prisons Dispensary (Trans Nzoia West)", "owner": {"name": "Ministry of Health"}, "keph_level": {"name": "Level 2"}, "ward": {"code": 684}, "number_of_cots": 0, "town": {"name": "kitale"}, "name": "GK Remand Prisons Dispensary (Trans Nzoia West)", "created": "2009-10-31T00:00:00+00:00", "regulatory_body": {"name": "Ministry of Health"}, "facility_type": {"name": "Dispensary"}, "plot_number": null, "operation_status": {"name": "Operational"}, "number_of_beds": 0}, {"code": 14480, "location_desc": "Off Nanyuki - Meru Road branch after Timau road", "official_name": "Ethi Dispensary", "owner": {"name": "Christian Health Association of Kenya"}, "keph_level": {"name": "Level 2"}, "ward": {"code": 820}, "number_of_cots": 0, "town": {"name": "nanyuki"}, "name": "Ethi Dispensary", "created": "2009-10-31T00:00:00+00:00", "regulatory_body": {"name": "Ministry of Health"}, "facility_type": {"name": "Dispensary"}, "plot_number": null, "operation_status": {"name": "Operational"}, "number_of_beds": 0}, {"code": 14292, "location_desc": null, "official_name": "Cheberen Dispensary", "owner": {"name": "Ministry of Health"}, "keph_level": {"name": "Level 2"}, "ward": {"code": 803}, "number_of_cots": 0, "town": {"name": "mogotio"}, "name": "Cheberen Dispensary", "created": "2009-10-31T00:00:00+00:00", "regulatory_body": {"name": "Ministry of Health"}, "facility_type": {"name": "Dispensary"}, "plot_number": null, "operation_status": {"name": "Operational"}, "number_of_beds": 0}, {"code": 14568, "location_desc": null, "official_name": "Illinga'rua Dispensary", "owner": {"name": "Ministry of Health"}, "keph_level": {"name": "Level 2"}, "ward": {"code": 799}, "number_of_cots": 0, "town": {"name": "marigat"}, "name": "Illinga'rua Dispensary", "created": "2009-10-31T00:00:00+00:00", "regulatory_body": {"name": "Ministry of Health"}, "facility_type": {"name": "Dispensary"}, "plot_number": null, "operation_status": {"name": "Operational"}, "number_of_beds": 0}, {"code": 14471, "location_desc": "in Melili, mau division. ", "official_name": "Entontol Dispensary", "owner": {"name": "Ministry of Health"}, "keph_level": {"name": "Level 2"}, "ward": {"code": 896}, "number_of_cots": 0, "town": {"name": "narok"}, "name": "Entontol Dispensary", "created": "2009-10-31T00:00:00+00:00", "regulatory_body": {"name": "Ministry of Health"}, "facility_type": {"name": "Dispensary"}, "plot_number": null, "operation_status": {"name": "Operational"}, "number_of_beds": 4}, {"code": 14470, "location_desc": null, "official_name": "Entiyani Dispensary", "owner": {"name": "Ministry of Health"}, "keph_level": {"name": "Level 2"}, "ward": {"code": 892}, "number_of_cots": 0, "town": {"name": "nakuru"}, "name": "Entiyani Dispensary", "created": "2009-10-31T00:00:00+00:00", "regulatory_body": {"name": "Ministry of Health"}, "facility_type": {"name": "Dispensary"}, "plot_number": " ", "operation_status": {"name": "Pending Opening"}, "number_of_beds": 0}, {"code": 14454, "location_desc": "near lake Naivasha", "official_name": "Enaibor Ajijik Dispensary", "owner": {"name": "Ministry of Health"}, "keph_level": {"name": "Level 2"}, "ward": {"code": 896}, "number_of_cots": 0, "town": {"name": "naivasha"}, "name": "Enaibor Ajijik Dispensary", "created": "2009-10-31T00:00:00+00:00", "regulatory_body": {"name": "Ministry of Health"}, "facility_type": {"name": "Dispensary"}, "plot_number": null, "operation_status": {"name": "Operational"}, "number_of_beds": 0}, {"code": 14273, "location_desc": "Situated Along Sotik- Ndanai Road", "official_name": "Burgei Dispensary", "owner": {"name": "Ministry of Health"}, "keph_level": {"name": "Level 2"}, "ward": {"code": 970}, "number_of_cots": 0, "town": {"name": "ndanai"}, "name": "Burgei Dispensary", "created": "2009-10-31T00:00:00+00:00", "regulatory_body": {"name": "Ministry of Health"}, "facility_type": {"name": "Dispensary"}, "plot_number": null, "operation_status": {"name": "Operational"}, "number_of_beds": 0}, {"code": 14506, "location_desc": null, "official_name": "Geta Dispensary", "owner": {"name": "Ministry of Health"}, "keph_level": {"name": "Level 2"}, "ward": {"code": 698}, "number_of_cots": 0, "town": {"name": "kitale"}, "name": "Geta Dispensary", "created": "2009-10-31T00:00:00+00:00", "regulatory_body": {"name": "Ministry of Health"}, "facility_type": {"name": "Dispensary"}, "plot_number": null, "operation_status": {"name": "Operational"}, "number_of_beds": 0}, {"code": 14588, "location_desc": "A long Barsiele - Londiani Road", "official_name": "Jagoror Dispensary", "owner": {"name": "Ministry of Health"}, "keph_level": {"name": "Level 2"}, "ward": {"code": 936}, "number_of_cots": 0, "town": {"name": "londiani"}, "name": "Jagoror Dispensary", "created": "2009-10-31T00:00:00+00:00", "regulatory_body": {"name": "Ministry of Health"}, "facility_type": {"name": "Dispensary"}, "plot_number": null, "operation_status": {"name": "Operational"}, "number_of_beds": 4}, {"code": 14585, "location_desc": "Adjacent to Kapkwen Market", "official_name": "Itembe Dispensary", "owner": {"name": "Ministry of Health"}, "keph_level": {"name": "Level 2"}, "ward": {"code": 971}, "number_of_cots": 0, "town": {"name": "bomet"}, "name": "Itembe Dispensary", "created": "2009-10-31T00:00:00+00:00", "regulatory_body": {"name": "Ministry of Health"}, "facility_type": {"name": "Dispensary"}, "plot_number": null, "operation_status": {"name": "Operational"}, "number_of_beds": 0}, {"code": 14444, "location_desc": "Chepnyal - Empough RD At Empough Trading Centter", "official_name": "Empough Dispensary", "owner": {"name": "Ministry of Health"}, "keph_level": {"name": "Level 2"}, "ward": {"code": 657}, "number_of_cots": 0, "town": {"name": "kapenguria"}, "name": "Empough Dispensary", "created": "2009-10-31T00:00:00+00:00", "regulatory_body": {"name": "Ministry of Health"}, "facility_type": {"name": "Dispensary"}, "plot_number": null, "operation_status": {"name": "Operational"}, "number_of_beds": 0}, {"code": 14605, "location_desc": null, "official_name": "Kabalwat Dispensary", "owner": {"name": "Ministry of Health"}, "keph_level": {"name": "Level 2"}, "ward": {"code": 746}, "number_of_cots": 0, "town": {"name": "eldoret"}, "name": "Kabalwat Dispensary", "created": "2009-10-31T00:00:00+00:00", "regulatory_body": {"name": "Ministry of Health"}, "facility_type": {"name": "Dispensary"}, "plot_number": null, "operation_status": {"name": "Operational"}, "number_of_beds": 0}, {"code": 14425, "location_desc": null, "official_name": "Eburru Dispensary", "owner": {"name": "Ministry of Health"}, "keph_level": {"name": "Level 2"}, "ward": {"code": 846}, "number_of_cots": 0, "town": {"name": "gilgil"}, "name": "Eburru Dispensary", "created": "2009-10-31T00:00:00+00:00", "regulatory_body": {"name": "Ministry of Health"}, "facility_type": {"name": "Dispensary"}, "plot_number": null, "operation_status": {"name": "Operational"}, "number_of_beds": 8}, {"code": 14539, "location_desc": "at GSU camp kabarak", "official_name": "GSU Dispensary (Kabarak)", "owner": {"name": "Ministry of Health"}, "keph_level": {"name": "Level 2"}, "ward": {"code": 860}, "number_of_cots": 0, "town": {"name": "rongai"}, "name": "Gsu Dispensary (Kabarak)", "created": "2009-10-31T00:00:00+00:00", "regulatory_body": {"name": "Ministry of Health"}, "facility_type": {"name": "Dispensary"}, "plot_number": null, "operation_status": {"name": "Operational"}, "number_of_beds": 0}, {"code": 14286, "location_desc": null, "official_name": "Changach Barak Dispensary", "owner": {"name": "Ministry of Health"}, "keph_level": {"name": "Level 2"}, "ward": {"code": 747}, "number_of_cots": 0, "town": {"name": "iten"}, "name": "Changach Barak Dispensary", "created": "2009-10-31T00:00:00+00:00", "regulatory_body": {"name": "Ministry of Health"}, "facility_type": {"name": "Dispensary"}, "plot_number": null, "operation_status": {"name": "Operational"}, "number_of_beds": 0}, {"code": 14285, "location_desc": null, "official_name": "Chamalal Dispensary", "owner": {"name": "Ministry of Health"}, "keph_level": {"name": "Level 2"}, "ward": {"code": 987}, "number_of_cots": 0, "town": {"name": "chemalal"}, "name": "Chamalal Dispensary", "created": "2009-10-31T00:00:00+00:00", "regulatory_body": {"name": "Ministry of Health"}, "facility_type": {"name": "Dispensary"}, "plot_number": null, "operation_status": {"name": "Operational"}, "number_of_beds": 3}, {"code": 14452, "location_desc": "Off Kurangurik Chebunyo Road", "official_name": "Emurua Dikirr Dispensary", "owner": {"name": "Ministry of Health"}, "keph_level": {"name": "Level 2"}, "ward": {"code": 889}, "number_of_cots": 0, "town": {"name": "emurua dikir market"}, "name": "Emurua Dikirr Dispensary", "created": "2009-10-31T00:00:00+00:00", "regulatory_body": {"name": "Ministry of Health"}, "facility_type": {"name": "Dispensary"}, "plot_number": "4", "operation_status": {"name": "Operational"}, "number_of_beds": 0}, {"code": 14458, "location_desc": null, "official_name": "Engashura Health Center", "owner": {"name": "Ministry of Health"}, "keph_level": {"name": "Level 3"}, "ward": {"code": 868}, "number_of_cots": 0, "town": {"name": "engashura"}, "name": "Engashura Health Centre", "created": "2009-10-31T00:00:00+00:00", "regulatory_body": {"name": "Ministry of Health"}, "facility_type": {"name": "Health Centre"}, "plot_number": null, "operation_status": {"name": "Operational"}, "number_of_beds": 0}, {"code": 14595, "location_desc": null, "official_name": "Jemunada Dispensary", "owner": {"name": "Ministry of Health"}, "keph_level": {"name": "Level 2"}, "ward": {"code": 738}, "number_of_cots": 0, "town": {"name": "eldoret"}, "name": "Jemunada Dispensary", "created": "2009-10-31T00:00:00+00:00", "regulatory_body": {"name": "Ministry of Health"}, "facility_type": {"name": "Dispensary"}, "plot_number": null, "operation_status": {"name": "Operational"}, "number_of_beds": 0}, {"code": 14295, "location_desc": "3 Kms From Sotik Town Along Sotik -Kisii Road", "official_name": "Chebilat Dispensary", "owner": {"name": "Ministry of Health"}, "keph_level": {"name": "Level 2"}, "ward": {"code": 970}, "number_of_cots": 0, "town": {"name": "sotik"}, "name": "Chebilat Dispensary", "created": "2009-10-31T00:00:00+00:00", "regulatory_body": {"name": "Ministry of Health"}, "facility_type": {"name": "Dispensary"}, "plot_number": null, "operation_status": {"name": "Operational"}, "number_of_beds": 0}, {"code": 14283, "location_desc": null, "official_name": "Cengalo Dispensary", "owner": {"name": "Ministry of Health"}, "keph_level": {"name": "Level 2"}, "ward": {"code": 730}, "number_of_cots": 0, "town": {"name": "eldoret"}, "name": "Cengalo Dispensary", "created": "2009-10-31T00:00:00+00:00", "regulatory_body": {"name": "Ministry of Health"}, "facility_type": {"name": "Dispensary"}, "plot_number": null, "operation_status": {"name": "Operational"}, "number_of_beds": 0}, {"code": 14276, "location_desc": null, "official_name": "Butiik Dispensary", "owner": {"name": "Ministry of Health"}, "keph_level": {"name": "Level 2"}, "ward": {"code": 967}, "number_of_cots": 0, "town": {"name": "butiik"}, "name": "Butiik Dispensary", "created": "2009-10-31T00:00:00+00:00", "regulatory_body": {"name": "Ministry of Health"}, "facility_type": {"name": "Dispensary"}, "plot_number": null, "operation_status": {"name": "Operational"}, "number_of_beds": 0}, {"code": 14999, "location_desc": null, "official_name": "Kuinet Dispensary", "owner": {"name": "Ministry of Health"}, "keph_level": {"name": "Level 2"}, "ward": {"code": 707}, "number_of_cots": 0, "town": {"name": "eldoret"}, "name": "Kuinet Dispensary", "created": "2009-10-31T00:00:00+00:00", "regulatory_body": {"name": "Ministry of Health"}, "facility_type": {"name": "Dispensary"}, "plot_number": null, "operation_status": {"name": "Operational"}, "number_of_beds": 3}, {"code": 15002, "location_desc": "Along Murgan Chebunyo Road", "official_name": "Kurangurik Dispensary", "owner": {"name": "Ministry of Health"}, "keph_level": {"name": "Level 2"}, "ward": {"code": 889}, "number_of_cots": 0, "town": {"name": "kurangurik market"}, "name": "Kurangurik Dispensary", "created": "2009-10-31T00:00:00+00:00", "regulatory_body": {"name": "Ministry of Health"}, "facility_type": {"name": "Dispensary"}, "plot_number": null, "operation_status": {"name": "Operational"}, "number_of_beds": 3}, {"code": 14388, "location_desc": null, "official_name": "Chesubet Dispensary", "owner": {"name": "Ministry of Health"}, "keph_level": {"name": "Level 2"}, "ward": {"code": 736}, "number_of_cots": 0, "town": {"name": "eldoret"}, "name": "Chesubet Dispensary", "created": "2009-10-31T00:00:00+00:00", "regulatory_body": {"name": "Ministry of Health"}, "facility_type": {"name": "Dispensary"}, "plot_number": null, "operation_status": {"name": "Operational"}, "number_of_beds": 0}], "model": "facilities.Facility", "unique_fields": ["code"]}]