[{"records": [{"code": 13801, "location_desc": "Tombe Magombo Rd Near Tombe mkt", "official_name": "Medicare Medical Clinic", "owner": {"name": "Private Enterprise (Institution)"}, "keph_level": {"name": "Level 2"}, "ward": {"code": 1350}, "number_of_cots": 0, "town": {"name": "tombe"}, "name": "Medicare Medical Clinic (Manga)", "created": "2009-10-31T00:00:00+00:00", "regulatory_body": {"name": "Kenya MPDB - Institution"}, "facility_type": {"name": "Medical Clinic"}, "plot_number": null, "operation_status": {"name": "Operational"}, "number_of_beds": 8}, {"code": 13637, "location_desc": null, "official_name": "K- MET Clinic", "owner": {"name": "Non-Governmental Organizations"}, "keph_level": {"name": "Level 2"}, "ward": {"code": 1190}, "number_of_cots": 0, "town": {"name": "kisumu"}, "name": "K- Met Clinic", "created": "2009-10-31T00:00:00+00:00", "regulatory_body": {"name": "Other"}, "facility_type": {"name": "Medical Clinic"}, "plot_number": null, "operation_status": {"name": "Operational"}, "number_of_beds": 0}, {"code": 10187, "location_desc": null, "official_name": "Franjane Medical Clinic", "owner": {"name": "Private Enterprise (Institution)"}, "keph_level": {"name": "Level 2"}, "ward": {"code": 523}, "number_of_cots": 0, "town": {"name": "kahuro"}, "name": "Franjane Medical Clinic", "created": "2009-10-31T00:00:00+00:00", "regulatory_body": {"name": "Kenya MPDB - Institution"}, "facility_type": {"name": "Medical Clinic"}, "plot_number": null, "operation_status": {"name": "Operational"}, "number_of_beds": 0}, {"code": 10033, "location_desc": "Off Thika - Nairobi Super highway to Kenyatta academy behind St Francis Catholic Church Mwihoko", "official_name": "Annunciation Catholic Dispensary", "owner": {"name": "Kenya Episcopal Conference-Catholic Secretariat"}, "keph_level": {"name": "Level 2"}, "ward": {"code": 576}, "number_of_cots": 1, "town": {"name": "githurai"}, "name": "Annunciation Catholic Dispensary", "created": "2009-10-31T00:00:00+00:00", "regulatory_body": {"name": "Kenya MPDB - Institution"}, "facility_type": {"name": "Dispensary"}, "plot_number": "githurai no 66", "operation_status": {"name": "Operational"}, "number_of_beds": 1}, {"code": 12679, "location_desc": null, "official_name": "Ntonyiri Health Services", "owner": {"name": "Private Enterprise (Institution)"}, "keph_level": {"name": "Level 2"}, "ward": {"code": 263}, "number_of_cots": 0, "town": {"name": "a/bentue kiongo"}, "name": "Ntonyiri Health Services", "created": "2009-10-31T00:00:00+00:00", "regulatory_body": {"name": "Kenya MPDB - Institution"}, "facility_type": {"name": "Medical Clinic"}, "plot_number": null, "operation_status": {"name": "Operational"}, "number_of_beds": 0}, {"code": 13481, "location_desc": null, "official_name": "Annex Clinic  (Kenyenya)", "owner": {"name": "Private Enterprise (Institution)"}, "keph_level": {"name": "Level 2"}, "ward": {"code": 1312}, "number_of_cots": 0, "town": {"name": "magena"}, "name": "Annex Clinic (Kenyenya)", "created": "2009-10-31T00:00:00+00:00", "regulatory_body": {"name": "Kenya MPDB - Institution"}, "facility_type": {"name": "Medical Clinic"}, "plot_number": null, "operation_status": {"name": "Operational"}, "number_of_beds": 0}, {"code": 10182, "location_desc": null, "official_name": "Family Planning Association Of Kenya Clinic (Nyeri)", "owner": {"name": "Non-Governmental Organizations"}, "keph_level": {"name": "Level 2"}, "ward": {"code": 820}, "number_of_cots": 0, "town": {"name": "nyeri town"}, "name": "Family Planning Association of Kenya Clinic (Nyeri", "created": "2009-10-31T00:00:00+00:00", "regulatory_body": {"name": "Other"}, "facility_type": {"name": "Medical Clinic"}, "plot_number": null, "operation_status": {"name": "Operational"}, "number_of_beds": 0}, {"code": 12742, "location_desc": null, "official_name": "St Agnes Kiaganari", "owner": {"name": "Private Enterprise (Institution)"}, "keph_level": {"name": "Level 2"}, "ward": {"code": 321}, "number_of_cots": 0, "town": {"name": "kathangeri"}, "name": "St Agnes Kiaganari", "created": "2009-10-31T00:00:00+00:00", "regulatory_body": {"name": "Nursing Council of Kenya (Private Practice)"}, "facility_type": {"name": "Medical Clinic"}, "plot_number": "1754", "operation_status": {"name": "Operational"}, "number_of_beds": 0}, {"code": 13047, "location_desc": "In Kariobangi South past Chief's Office", "official_name": "Lea Toto Clinic Kariobangi South", "owner": {"name": "Non-Governmental Organizations"}, "keph_level": {"name": "Level 2"}, "ward": {"code": 1429}, "number_of_cots": 0, "town": {"name": "kariobangi south market"}, "name": "Lea Toto Clinic Kariobangi South", "created": "2009-10-31T00:00:00+00:00", "regulatory_body": {"name": "Other"}, "facility_type": {"name": "Medical Clinic"}, "plot_number": null, "operation_status": {"name": "Operational"}, "number_of_beds": 0}, {"code": 10725, "location_desc": null, "official_name": "Midway Clinic", "owner": {"name": "Private Enterprise (Institution)"}, "keph_level": {"name": "Level 2"}, "ward": {"code": 521}, "number_of_cots": 0, "town": {"name": "kiriaini"}, "name": "Midway Clinic", "created": "2009-10-31T00:00:00+00:00", "regulatory_body": {"name": "Kenya MPDB - Institution"}, "facility_type": {"name": "Medical Clinic"}, "plot_number": null, "operation_status": {"name": "Operational"}, "number_of_beds": 0}, {"code": 14137, "location_desc": null, "official_name": "Sunrise Clinic", "owner": {"name": "Private Enterprise (Institution)"}, "keph_level": {"name": "Level 2"}, "ward": {"code": 1222}, "number_of_cots": 0, "town": {"name": "oyugis town"}, "name": "Sunrise Clinic", "created": "2009-10-31T00:00:00+00:00", "regulatory_body": {"name": "Kenya MPDB - Institution"}, "facility_type": {"name": "Medical Clinic"}, "plot_number": null, "operation_status": {"name": "Operational"}, "number_of_beds": 0}, {"code": 16202, "location_desc": "near Havannah Hotel", "official_name": "Baraka Medical Clinic (Lamu)", "owner": {"name": "Private Practice - Clinical Officer"}, "keph_level": {"name": "Level 2"}, "ward": {"code": 109}, "number_of_cots": 0, "town": {"name": "mpeketoni"}, "name": "Baraka Medical Clinic (Lamu)", "created": "2009-10-31T00:00:00+00:00", "regulatory_body": {"name": "Clinical Officers Council"}, "facility_type": {"name": "Medical Clinic"}, "plot_number": "185 mpeketoni central", "operation_status": {"name": "Operational"}, "number_of_beds": 0}, {"code": 11665, "location_desc": null, "official_name": "MTC Mombasa", "owner": {"name": "Other Public Institution"}, "keph_level": {"name": "Level 2"}, "ward": {"code": 28}, "number_of_cots": 0, "town": {"name": "mombasa"}, "name": "MTC Mombasa", "created": "2009-10-31T00:00:00+00:00", "regulatory_body": {"name": "Other"}, "facility_type": {"name": "Dispensary"}, "plot_number": null, "operation_status": {"name": "Operational"}, "number_of_beds": 0}, {"code": 11352, "location_desc": null, "official_name": "Dr Safdar S Saeed Clinic", "owner": {"name": "Private Practice - General Practitioner"}, "keph_level": {"name": "Level 2"}, "ward": {"code": 26}, "number_of_cots": 0, "town": {"name": "mombasa"}, "name": "Dr Safdar S Saeed Clinic", "created": "2009-10-31T00:00:00+00:00", "regulatory_body": {"name": "Kenya MPDB - Private Practice"}, "facility_type": {"name": "Medical Clinic"}, "plot_number": "xvii/1070", "operation_status": {"name": "Operational"}, "number_of_beds": 0}, {"code": 11992, "location_desc": null, "official_name": "EAPC Kigumo Clinic", "owner": {"name": "Christian Health Association of Kenya"}, "keph_level": {"name": "Level 2"}, "ward": {"code": 322}, "number_of_cots": 0, "town": {"name": "runyenjes"}, "name": "EAPC Kigumo Clinic", "created": "2009-10-31T00:00:00+00:00", "regulatory_body": {"name": "Other"}, "facility_type": {"name": "Dispensary"}, "plot_number": "118t", "operation_status": {"name": "Operational"}, "number_of_beds": 0}, {"code": 13857, "location_desc": "Located in NTIMARU Market", "official_name": "Ntimaru Clinic", "owner": {"name": "Private Practice - Unspecified"}, "keph_level": {"name": "Level 2"}, "ward": {"code": 1297}, "number_of_cots": 0, "town": {"name": "ntimaru"}, "name": "Ntimaru Clinic", "created": "2009-10-31T00:00:00+00:00", "regulatory_body": {"name": "Nursing Council of Kenya (Private Practice)"}, "facility_type": {"name": "Medical Clinic"}, "plot_number": null, "operation_status": {"name": "Operational"}, "number_of_beds": 5}, {"code": 10428, "location_desc": null, "official_name": "Kahuti Medical Clinic", "owner": {"name": "Private Practice - Unspecified"}, "keph_level": {"name": "Level 2"}, "ward": {"code": 522}, "number_of_cots": 0, "town": {"name": "kahuro"}, "name": "Kahuti Medical Clinic", "created": "2009-10-31T00:00:00+00:00", "regulatory_body": {"name": "Other"}, "facility_type": {"name": "Medical Clinic"}, "plot_number": null, "operation_status": {"name": "Operational"}, "number_of_beds": 0}, {"code": 13078, "location_desc": null, "official_name": "Mathare Police Depot", "owner": {"name": "Ministry of Health"}, "keph_level": {"name": "Level 2"}, "ward": {"code": 1445}, "number_of_cots": 0, "town": {"name": "nairobi"}, "name": "Mathare Police Depot", "created": "2009-10-31T00:00:00+00:00", "regulatory_body": {"name": "Other"}, "facility_type": {"name": "Dispensary"}, "plot_number": null, "operation_status": {"name": "Operational"}, "number_of_beds": 0}, {"code": 12707, "location_desc": "Within Kalundu Market", "official_name": "Premier Medical Clinic (Kitui)", "owner": {"name": "Private Enterprise (Institution)"}, "keph_level": {"name": "Level 2"}, "ward": {"code": 355}, "number_of_cots": 0, "town": {"name": "kitui"}, "name": "Premier Medical Clinic (Kitui)", "created": "2009-10-31T00:00:00+00:00", "regulatory_body": {"name": "Nursing Council of Kenya (Private Practice)"}, "facility_type": {"name": "Medical Clinic"}, "plot_number": null, "operation_status": {"name": "Operational"}, "number_of_beds": 0}, {"code": 11450, "location_desc": "On your way to Miritini Estate, 200mtrs off Mombasa Nairobi road", "official_name": "Kahada Medical Clinic", "owner": {"name": "Private Enterprise (Institution)"}, "keph_level": {"name": "Level 2"}, "ward": {"code": 7}, "number_of_cots": 0, "town": {"name": "mombasa"}, "name": "Kahada Medical Clinic", "created": "2009-10-31T00:00:00+00:00", "regulatory_body": {"name": "Clinical Officers Council"}, "facility_type": {"name": "Medical Clinic"}, "plot_number": "231 sec vi/mn", "operation_status": {"name": "Operational"}, "number_of_beds": 0}, {"code": 16545, "location_desc": "Zakhem road opposite Ema's Academy Vikwatani", "official_name": "Vikwatani Community Medical Clinic", "owner": {"name": "Private Practice - Nurse / Midwife"}, "keph_level": {"name": "Level 2"}, "ward": {"code": 13}, "number_of_cots": 0, "town": {"name": "mombasa"}, "name": "Vikwatani Community Medical Clinic", "created": "2009-10-31T00:00:00+00:00", "regulatory_body": {"name": "Nursing Council of Kenya (Private Practice)"}, "facility_type": {"name": "Medical Clinic"}, "plot_number": "830 vikwatani", "operation_status": {"name": "Operational"}, "number_of_beds": 0}, {"code": 11356, "location_desc": null, "official_name": "Dr Varinder Sinun Sur Clinic", "owner": {"name": "Private Practice - Unspecified"}, "keph_level": {"name": "Level 2"}, "ward": {"code": 26}, "number_of_cots": 0, "town": {"name": "mombasa"}, "name": "Dr Varinder Sinun Sur Clinic", "created": "2009-10-31T00:00:00+00:00", "regulatory_body": {"name": "Other"}, "facility_type": {"name": "Medical Clinic"}, "plot_number": null, "operation_status": {"name": "Operational"}, "number_of_beds": 0}, {"code": 15748, "location_desc": "WITHIN ROMBO TOWN", "official_name": "Tumaini Clinic", "owner": {"name": "Private Practice - Clinical Officer"}, "keph_level": {"name": "Level 2"}, "ward": {"code": 934}, "number_of_cots": 0, "town": {"name": "rombo market"}, "name": "Tumaini Clinic", "created": "2009-10-31T00:00:00+00:00", "regulatory_body": {"name": "Clinical Officers Council"}, "facility_type": {"name": "Medical Clinic"}, "plot_number": null, "operation_status": {"name": "Operational"}, "number_of_beds": 4}, {"code": 12833, "location_desc": null, "official_name": "Utugi Medical Clinic", "owner": {"name": "Private Enterprise (Institution)"}, "keph_level": {"name": "Level 2"}, "ward": {"code": 325}, "number_of_cots": 0, "town": {"name": "gachoka"}, "name": "Utugi Medical Clinic", "created": "2009-10-31T00:00:00+00:00", "regulatory_body": {"name": "Kenya MPDB - Institution"}, "facility_type": {"name": "Medical Clinic"}, "plot_number": null, "operation_status": {"name": "Operational"}, "number_of_beds": 0}, {"code": 16550, "location_desc": null, "official_name": "St Joseph Maledi Clinic", "owner": {"name": "Private Enterprise (Institution)"}, "keph_level": {"name": "Level 2"}, "ward": {"code": 37}, "number_of_cots": 0, "town": {"name": "lunga lunga"}, "name": "St Joseph Maledi Clinic", "created": "2009-10-31T00:00:00+00:00", "regulatory_body": {"name": "Kenya MPDB - Institution"}, "facility_type": {"name": "Dispensary"}, "plot_number": null, "operation_status": {"name": "Operational"}, "number_of_beds": 0}, {"code": 16185, "location_desc": null, "official_name": "Bengo Medical Clinic", "owner": {"name": "Private Practice - Clinical Officer"}, "keph_level": {"name": "Level 2"}, "ward": {"code": 70}, "number_of_cots": 0, "town": {"name": "mazeras"}, "name": "Bengo Medical Clinic", "created": "2009-10-31T00:00:00+00:00", "regulatory_body": {"name": "Clinical Officers Council"}, "facility_type": {"name": "Medical Clinic"}, "plot_number": null, "operation_status": {"name": "Operational"}, "number_of_beds": 0}, {"code": 11808, "location_desc": "Opposite cristal line salt works", "official_name": "St Andrews Medical Clinic", "owner": {"name": "Private Enterprise (Institution)"}, "keph_level": {"name": "Level 2"}, "ward": {"code": 82}, "number_of_cots": 0, "town": {"name": "gongoni market"}, "name": "St Andrews Medical Clinic", "created": "2009-10-31T00:00:00+00:00", "regulatory_body": {"name": "Nursing Council of Kenya (Private Practice)"}, "facility_type": {"name": "Medical Clinic"}, "plot_number": "66", "operation_status": {"name": "Operational"}, "number_of_beds": 0}, {"code": 16451, "location_desc": null, "official_name": "Makutano Medical Clinic", "owner": {"name": "Private Practice - Clinical Officer"}, "keph_level": {"name": "Level 2"}, "ward": {"code": 1074}, "number_of_cots": 0, "town": {"name": "luanda"}, "name": "Makutano Medical Clinic", "created": "2009-10-31T00:00:00+00:00", "regulatory_body": {"name": "Clinical Officers Council"}, "facility_type": {"name": "Medical Clinic"}, "plot_number": "1112", "operation_status": {"name": "Operational"}, "number_of_beds": 2}, {"code": 15888, "location_desc": " On Kholera House - opposite Mama Watoto Supermarket at Kakamega Town", "official_name": "Family Health Care Clinic", "owner": {"name": "Private Enterprise (Institution)"}, "keph_level": {"name": "Level 2"}, "ward": {"code": 1014}, "number_of_cots": 0, "town": {"name": "kakamege town"}, "name": "Family Health Care Clinic", "created": "2009-10-31T00:00:00+00:00", "regulatory_body": {"name": "Kenya MPDB - Institution"}, "facility_type": {"name": "Medical Clinic"}, "plot_number": null, "operation_status": {"name": "Operational"}, "number_of_beds": 0}, {"code": 11207, "location_desc": null, "official_name": "Al-Agsa Medical Clinic", "owner": {"name": "Private Enterprise (Institution)"}, "keph_level": {"name": "Level 2"}, "ward": {"code": 28}, "number_of_cots": 0, "town": {"name": "mombasa"}, "name": "Al-Agsa Medical Clinic", "created": "2009-10-31T00:00:00+00:00", "regulatory_body": {"name": "Kenya MPDB - Institution"}, "facility_type": {"name": "Medical Clinic"}, "plot_number": null, "operation_status": {"name": "Operational"}, "number_of_beds": 0}, {"code": 16523, "location_desc": "Along Malindi Lamu road Branch at Mijikenda on your way to Sabaki primary", "official_name": "Mwavizi Medical Clinic", "owner": {"name": "Private Practice - Nurse / Midwife"}, "keph_level": {"name": "Level 2"}, "ward": {"code": 85}, "number_of_cots": 0, "town": {"name": "malindi"}, "name": "Mwavizi Medical Clinic", "created": "2009-10-31T00:00:00+00:00", "regulatory_body": {"name": "Nursing Council of Kenya (Private Practice)"}, "facility_type": {"name": "Medical Clinic"}, "plot_number": null, "operation_status": {"name": "Operational"}, "number_of_beds": 0}, {"code": 11204, "location_desc": "Approximately 80mtrs from Magongo mwisho(matatu taminus) on your to Bokole.", "official_name": "Airport View Medical Clinic", "owner": {"name": "Private Enterprise (Institution)"}, "keph_level": {"name": "Level 2"}, "ward": {"code": 1}, "number_of_cots": 0, "town": {"name": "mombasa"}, "name": "Airport View Medical Clinic", "created": "2009-10-31T00:00:00+00:00", "regulatory_body": {"name": "Clinical Officers Council"}, "facility_type": {"name": "Medical Clinic"}, "plot_number": null, "operation_status": {"name": "Operational"}, "number_of_beds": 0}, {"code": 11372, "location_desc": null, "official_name": "Family Medical Centre (Mombasa)", "owner": {"name": "Private Enterprise (Institution)"}, "keph_level": {"name": "Level 2"}, "ward": {"code": 29}, "number_of_cots": 0, "town": {"name": "mombasa"}, "name": "Family Medical Centre (Mombasa)", "created": "2009-10-31T00:00:00+00:00", "regulatory_body": {"name": "Kenya MPDB - Institution"}, "facility_type": {"name": "Medical Clinic"}, "plot_number": null, "operation_status": {"name": "Operational"}, "number_of_beds": 0}, {"code": 11913, "location_desc": "Next to Ziwa la Ngom'be Primary School ", "official_name": "Ziwa La Ng'ombe Medical Clinic", "owner": {"name": "Private Enterprise (Institution)"}, "keph_level": {"name": "Level 2"}, "ward": {"code": 17}, "number_of_cots": 0, "town": {"name": "bombolulu"}, "name": "Ziwa La Ng'ombe Medical Clinic", "created": "2009-10-31T00:00:00+00:00", "regulatory_body": {"name": "Kenya MPDB - Institution"}, "facility_type": {"name": "Medical Clinic"}, "plot_number": "1007", "operation_status": {"name": "Operational"}, "number_of_beds": 2}, {"code": 11595, "location_desc": null, "official_name": "Mecca Medical Clinic", "owner": {"name": "Private Enterprise (Institution)"}, "keph_level": {"name": "Level 2"}, "ward": {"code": 3}, "number_of_cots": 0, "town": {"name": "mombasa"}, "name": "Mecca Medical Clinic", "created": "2009-10-31T00:00:00+00:00", "regulatory_body": {"name": "Kenya MPDB - Institution"}, "facility_type": {"name": "Medical Clinic"}, "plot_number": null, "operation_status": {"name": "Operational"}, "number_of_beds": 0}, {"code": 11286, "location_desc": "ALONG MALINDI-LAMU ROAD NEXT TO CHEIF'S OFFICE", "official_name": "Chimbiriro Medical Clinic", "owner": {"name": "Private Practice - Clinical Officer"}, "keph_level": {"name": "Level 2"}, "ward": {"code": 83}, "number_of_cots": 0, "town": {"name": "marereni"}, "name": "Chimbiriro Clinic", "created": "2009-10-31T00:00:00+00:00", "regulatory_body": {"name": "Clinical Officers Council"}, "facility_type": {"name": "Medical Clinic"}, "plot_number": null, "operation_status": {"name": "Not-Operational"}, "number_of_beds": 0}, {"code": 11423, "location_desc": null, "official_name": "Jaffery Medical Clinic", "owner": {"name": "Private Enterprise (Institution)"}, "keph_level": {"name": "Level 2"}, "ward": {"code": 26}, "number_of_cots": 0, "town": {"name": "mombasa"}, "name": "Jaffery Medical Clinic", "created": "2009-10-31T00:00:00+00:00", "regulatory_body": {"name": "Kenya MPDB - Institution"}, "facility_type": {"name": "Medical Clinic"}, "plot_number": null, "operation_status": {"name": "Operational"}, "number_of_beds": 0}, {"code": 11402, "location_desc": "Between junction and ongoni health center", "official_name": "Gongoni Medical Clinic", "owner": {"name": "Private Practice - Clinical Officer"}, "keph_level": {"name": "Level 2"}, "ward": {"code": 82}, "number_of_cots": 0, "town": {"name": "malindi"}, "name": "Gongoni Medical Clinic", "created": "2009-10-31T00:00:00+00:00", "regulatory_body": {"name": "Clinical Officers Council"}, "facility_type": {"name": "Medical Clinic"}, "plot_number": null, "operation_status": {"name": "Operational"}, "number_of_beds": 0}, {"code": 11219, "location_desc": "Shifted  to Tana River District", "official_name": "Amani Medical Clinic (Malindi)", "owner": {"name": "Private Practice - Nurse / Midwife"}, "keph_level": {"name": "Level 2"}, "ward": {"code": 83}, "number_of_cots": 0, "town": {"name": "marereni"}, "name": "Amani Medical Clinic (Malindi)", "created": "2009-10-31T00:00:00+00:00", "regulatory_body": {"name": "Nursing Council of Kenya (Private Practice)"}, "facility_type": {"name": "Medical Clinic"}, "plot_number": null, "operation_status": {"name": "Not-Operational"}, "number_of_beds": 0}, {"code": 16548, "location_desc": null, "official_name": "Mwachande Medical Clinic", "owner": {"name": "Private Enterprise (Institution)"}, "keph_level": {"name": "Level 2"}, "ward": {"code": 34}, "number_of_cots": 0, "town": {"name": "msambweni"}, "name": "Mwachande Medical Clinic", "created": "2009-10-31T00:00:00+00:00", "regulatory_body": {"name": "Kenya MPDB - Institution"}, "facility_type": {"name": "Medical Clinic"}, "plot_number": null, "operation_status": {"name": "Operational"}, "number_of_beds": 0}, {"code": 16250, "location_desc": null, "official_name": "St Michael Medical Services", "owner": {"name": "Private Enterprise (Institution)"}, "keph_level": {"name": "Level 2"}, "ward": {"code": 397}, "number_of_cots": 2, "town": {"name": "mlolongo"}, "name": "St Michael Medical Services", "created": "2009-10-31T00:00:00+00:00", "regulatory_body": {"name": "Clinical Officers Council"}, "facility_type": {"name": "Medical Clinic"}, "plot_number": null, "operation_status": {"name": "Operational"}, "number_of_beds": 1}, {"code": 11690, "location_desc": null, "official_name": "Mwangaza Medical Clinic (Mombasa)", "owner": {"name": "Private Enterprise (Institution)"}, "keph_level": {"name": "Level 2"}, "ward": {"code": 28}, "number_of_cots": 0, "town": {"name": "mombasa"}, "name": "Mwangaza Medical Clinic (Mombasa)", "created": "2009-10-31T00:00:00+00:00", "regulatory_body": {"name": "Kenya MPDB - Institution"}, "facility_type": {"name": "Medical Clinic"}, "plot_number": null, "operation_status": {"name": "Operational"}, "number_of_beds": 0}, {"code": 11670, "location_desc": null, "official_name": "Mtopanga Clinic", "owner": {"name": "Private Enterprise (Institution)"}, "keph_level": {"name": "Level 2"}, "ward": {"code": 20}, "number_of_cots": 0, "town": {"name": "mombasa"}, "name": "Mtopanga Clinic", "created": "2009-10-31T00:00:00+00:00", "regulatory_body": {"name": "Kenya MPDB - Institution"}, "facility_type": {"name": "Medical Clinic"}, "plot_number": null, "operation_status": {"name": "Operational"}, "number_of_beds": 0}, {"code": 16540, "location_desc": "Located at Bakarani stage", "official_name": "Gama Medical Clinic", "owner": {"name": "Private Enterprise (Institution)"}, "keph_level": {"name": "Level 2"}, "ward": {"code": 20}, "number_of_cots": 0, "town": {"name": "mombasa"}, "name": "Gama Medical Clinic", "created": "2009-10-31T00:00:00+00:00", "regulatory_body": {"name": "Kenya MPDB - Private Practice"}, "facility_type": {"name": "Medical Clinic"}, "plot_number": null, "operation_status": {"name": "Operational"}, "number_of_beds": 3}, {"code": 12017, "location_desc": null, "official_name": "Family Medical Clinic (Machakos)", "owner": {"name": "Private Enterprise (Institution)"}, "keph_level": {"name": "Level 2"}, "ward": {"code": 394}, "number_of_cots": 0, "town": {"name": "athi river"}, "name": "Family Medical Clinic (Machakos)", "created": "2009-10-31T00:00:00+00:00", "regulatory_body": {"name": "Kenya MPDB - Institution"}, "facility_type": {"name": "Medical Clinic"}, "plot_number": null, "operation_status": {"name": "Not-Operational"}, "number_of_beds": 0}, {"code": 11864, "location_desc": null, "official_name": "Tumaini Medical Clinic (Kilindini)", "owner": {"name": "Private Enterprise (Institution)"}, "keph_level": {"name": "Level 2"}, "ward": {"code": 1}, "number_of_cots": 0, "town": {"name": "mombasa"}, "name": "Tumaini Medical Clinic (Kilindini)", "created": "2009-10-31T00:00:00+00:00", "regulatory_body": {"name": "Kenya MPDB - Institution"}, "facility_type": {"name": "Medical Clinic"}, "plot_number": null, "operation_status": {"name": "Operational"}, "number_of_beds": 0}, {"code": 12352, "location_desc": "In Kithayoni Market", "official_name": "Kithayoni Medical Clinic", "owner": {"name": "Private Practice - Nurse / Midwife"}, "keph_level": {"name": "Level 2"}, "ward": {"code": 401}, "number_of_cots": 0, "town": {"name": "machakos"}, "name": "Kithayoni Medical Clinic", "created": "2009-10-31T00:00:00+00:00", "regulatory_body": {"name": "Nursing Council of Kenya (Private Practice)"}, "facility_type": {"name": "Medical Clinic"}, "plot_number": null, "operation_status": {"name": "Operational"}, "number_of_beds": 0}, {"code": 16536, "location_desc": "At Kongowea Karama stage", "official_name": "Community Medical Centre (Kongowea)", "owner": {"name": "Private Practice - General Practitioner"}, "keph_level": {"name": "Level 2"}, "ward": {"code": 19}, "number_of_cots": 0, "town": {"name": "mombasa"}, "name": "Community Medical Centre (Kongowea)", "created": "2009-10-31T00:00:00+00:00", "regulatory_body": {"name": "Kenya MPDB - Institution"}, "facility_type": {"name": "Medical Clinic"}, "plot_number": "132 sub 32", "operation_status": {"name": "Operational"}, "number_of_beds": 0}, {"code": 14455, "location_desc": "Kitale Swam Road", "official_name": "Endebess District Hospital", "owner": {"name": "Ministry of Health"}, "keph_level": {"name": "Level 4"}, "ward": {"code": 681}, "number_of_cots": 8, "town": {"name": "kitale"}, "name": "Endebess District Hospital", "created": "2010-05-19T09:00:00+00:00", "regulatory_body": {"name": "Ministry of Health"}, "facility_type": {"name": "District Hospital"}, "plot_number": null, "operation_status": {"name": "Operational"}, "number_of_beds": 20}, {"code": 15003, "location_desc": null, "official_name": "Kwanza Health Centre", "owner": {"name": "Ministry of Health"}, "keph_level": {"name": "Level 3"}, "ward": {"code": 682}, "number_of_cots": 0, "town": {"name": "kitale"}, "name": "Kwanza Health Centre", "created": "2009-10-31T00:00:00+00:00", "regulatory_body": {"name": "Ministry of Health"}, "facility_type": {"name": "Health Centre"}, "plot_number": null, "operation_status": {"name": "Operational"}, "number_of_beds": 18}, {"code": 15131, "location_desc": null, "official_name": "Maridadi Reformed Church Of Eastern Africa Medical Clinic", "owner": {"name": "Other Faith Based"}, "keph_level": {"name": "Level 2"}, "ward": {"code": 679}, "number_of_cots": 0, "town": {"name": "kitale"}, "name": "Maridadi RCEA Medical Centre", "created": "2009-10-31T00:00:00+00:00", "regulatory_body": {"name": "Kenya MPDB - Institution"}, "facility_type": {"name": "Dispensary"}, "plot_number": null, "operation_status": {"name": "Operational"}, "number_of_beds": 0}, {"code": 14981, "location_desc": null, "official_name": "Kolongolo M Dispensary", "owner": {"name": "Other Faith Based"}, "keph_level": {"name": "Level 2"}, "ward": {"code": 1080}, "number_of_cots": 0, "town": {"name": "kitale"}, "name": "Kolongolo M Dispensary", "created": "2009-10-31T00:00:00+00:00", "regulatory_body": {"name": "Kenya MPDB - Institution"}, "facility_type": {"name": "Dispensary"}, "plot_number": null, "operation_status": {"name": "Operational"}, "number_of_beds": 0}, {"code": 14877, "location_desc": null, "official_name": "Kimondo Dispensary", "owner": {"name": "Ministry of Health"}, "keph_level": {"name": "Level 2"}, "ward": {"code": 681}, "number_of_cots": 0, "town": {"name": "kitale"}, "name": "Kimondo Dispensary", "created": "2009-10-31T00:00:00+00:00", "regulatory_body": {"name": "Ministry of Health"}, "facility_type": {"name": "Dispensary"}, "plot_number": null, "operation_status": {"name": "Operational"}, "number_of_beds": 0}, {"code": 14332, "location_desc": null, "official_name": "Chepchoina Dispensary", "owner": {"name": "Ministry of Health"}, "keph_level": {"name": "Level 2"}, "ward": {"code": 680}, "number_of_cots": 0, "town": {"name": "kitale"}, "name": "Chepchoina Dispensary", "created": "2009-10-31T00:00:00+00:00", "regulatory_body": {"name": "Ministry of Health"}, "facility_type": {"name": "Dispensary"}, "plot_number": null, "operation_status": {"name": "Operational"}, "number_of_beds": 0}, {"code": 14532, "location_desc": null, "official_name": "Goseta Dispensary", "owner": {"name": "Ministry of Health"}, "keph_level": {"name": "Level 2"}, "ward": {"code": 691}, "number_of_cots": 0, "town": {"name": "kitale"}, "name": "Goseta Dispensary", "created": "2009-10-31T00:00:00+00:00", "regulatory_body": {"name": "Ministry of Health"}, "facility_type": {"name": "Dispensary"}, "plot_number": null, "operation_status": {"name": "Operational"}, "number_of_beds": 0}, {"code": 14762, "location_desc": null, "official_name": "Kapsitwet Dispensary", "owner": {"name": "Ministry of Health"}, "keph_level": {"name": "Level 2"}, "ward": {"code": 681}, "number_of_cots": 0, "town": {"name": "kitale"}, "name": "Kapsitwet Dispensary", "created": "2009-10-31T00:00:00+00:00", "regulatory_body": {"name": "Ministry of Health"}, "facility_type": {"name": "Dispensary"}, "plot_number": null, "operation_status": {"name": "Operational"}, "number_of_beds": 0}, {"code": 14720, "location_desc": null, "official_name": "Kapkoi Dispensary", "owner": {"name": "Ministry of Health"}, "keph_level": {"name": "Level 2"}, "ward": {"code": 682}, "number_of_cots": 0, "town": {"name": "kitale"}, "name": "Kapkoi Dispensary", "created": "2009-10-31T00:00:00+00:00", "regulatory_body": {"name": "Ministry of Health"}, "facility_type": {"name": "Dispensary"}, "plot_number": null, "operation_status": {"name": "Operational"}, "number_of_beds": 0}, {"code": 14646, "location_desc": null, "official_name": "Kaisagat Dispensary", "owner": {"name": "Ministry of Health"}, "keph_level": {"name": "Level 2"}, "ward": {"code": 677}, "number_of_cots": 0, "town": {"name": "kitale"}, "name": "Kaisagat Dispensary", "created": "2009-10-31T00:00:00+00:00", "regulatory_body": {"name": "Ministry of Health"}, "facility_type": {"name": "Dispensary"}, "plot_number": null, "operation_status": {"name": "Operational"}, "number_of_beds": 0}, {"code": 15240, "location_desc": "Kitale-Mt Elgon National Park", "official_name": "Mt Elgon National Park Dispensary", "owner": {"name": "Ministry of Health"}, "keph_level": {"name": "Level 2"}, "ward": {"code": 681}, "number_of_cots": 0, "town": {"name": "kitale"}, "name": "Mt Elgon National Park Dispensary", "created": "2009-10-31T00:00:00+00:00", "regulatory_body": {"name": "Ministry of Health"}, "facility_type": {"name": "Dispensary"}, "plot_number": null, "operation_status": {"name": "Operational"}, "number_of_beds": 0}, {"code": 14639, "location_desc": null, "official_name": "Kaibei Dispensary", "owner": {"name": "Ministry of Health"}, "keph_level": {"name": "Level 2"}, "ward": {"code": 681}, "number_of_cots": 0, "town": {"name": "kitale"}, "name": "Kaibei Dispensary", "created": "2009-10-31T00:00:00+00:00", "regulatory_body": {"name": "Ministry of Health"}, "facility_type": {"name": "Dispensary"}, "plot_number": null, "operation_status": {"name": "Operational"}, "number_of_beds": 0}, {"code": 14958, "location_desc": null, "official_name": "Kobos Dispensary", "owner": {"name": "Ministry of Health"}, "keph_level": {"name": "Level 2"}, "ward": {"code": 681}, "number_of_cots": 0, "town": {"name": "kitale"}, "name": "Kobos Dispensary", "created": "2009-10-31T00:00:00+00:00", "regulatory_body": {"name": "Ministry of Health"}, "facility_type": {"name": "Dispensary"}, "plot_number": null, "operation_status": {"name": "Operational"}, "number_of_beds": 0}, {"code": 14203, "location_desc": "Kitale Swam Road", "official_name": "Andersen Medical Centre", "owner": {"name": "Private Enterprise (Institution)"}, "keph_level": {"name": "Level 3"}, "ward": {"code": 680}, "number_of_cots": 4, "town": {"name": "kitale"}, "name": "Andersen Medical Centre", "created": "2009-10-31T00:00:00+00:00", "regulatory_body": {"name": "Kenya MPDB - Institution"}, "facility_type": {"name": "Medical Clinic"}, "plot_number": null, "operation_status": {"name": "Operational"}, "number_of_beds": 24}, {"code": 15573, "location_desc": null, "official_name": "Siloam Medicalclinic", "owner": {"name": "Private Enterprise (Institution)"}, "keph_level": {"name": "Level 2"}, "ward": {"code": 677}, "number_of_cots": 0, "town": {"name": "kitale"}, "name": "Siloam Medicalclinic", "created": "2009-10-31T00:00:00+00:00", "regulatory_body": {"name": "Kenya MPDB - Institution"}, "facility_type": {"name": "Medical Clinic"}, "plot_number": null, "operation_status": {"name": "Operational"}, "number_of_beds": 0}, {"code": 15791, "location_desc": null, "official_name": "Ahmadiya Hospital", "owner": {"name": "Other Faith Based"}, "keph_level": {"name": "Level 4"}, "ward": {"code": 1026}, "number_of_cots": 0, "town": {"name": "mumias"}, "name": "Ahmadiya Hospital", "created": "2009-10-31T00:00:00+00:00", "regulatory_body": {"name": "Kenya MPDB - Institution"}, "facility_type": {"name": "Other Hospital"}, "plot_number": null, "operation_status": {"name": "Operational"}, "number_of_beds": 0}, {"code": 15969, "location_desc": null, "official_name": "Lumakanda District Hospital", "owner": {"name": "Ministry of Health"}, "keph_level": {"name": "Level 4"}, "ward": {"code": 993}, "number_of_cots": 3, "town": {"name": "lumakanda"}, "name": "Lumakanda District Hospital", "created": "2009-10-31T00:00:00+00:00", "regulatory_body": {"name": "Ministry of Health"}, "facility_type": {"name": "District Hospital"}, "plot_number": null, "operation_status": {"name": "Operational"}, "number_of_beds": 45}, {"code": 16008, "location_desc": "Eldoret - Kitale Highway at Matunda Mkt", "official_name": "Matunda Sub-District Hospital", "owner": {"name": "Ministry of Health"}, "keph_level": {"name": "Level 4"}, "ward": {"code": 1000}, "number_of_cots": 0, "town": {"name": "matunda"}, "name": "Matunda Sub-District Hospital", "created": "2009-10-31T00:00:00+00:00", "regulatory_body": {"name": "Ministry of Health"}, "facility_type": {"name": "Sub-District Hospital"}, "plot_number": null, "operation_status": {"name": "Operational"}, "number_of_beds": 10}, {"code": 15961, "location_desc": null, "official_name": "Likuyani Sub-District Hospital", "owner": {"name": "Ministry of Health"}, "keph_level": {"name": "Level 4"}, "ward": {"code": 997}, "number_of_cots": 3, "town": {"name": "likuyani"}, "name": "Likuyani Sub-District Hospital", "created": "2009-10-31T00:00:00+00:00", "regulatory_body": {"name": "Ministry of Health"}, "facility_type": {"name": "Sub-District Hospital"}, "plot_number": null, "operation_status": {"name": "Operational"}, "number_of_beds": 75}, {"code": 16010, "location_desc": "Turbo - Makutano Road", "official_name": "Mautuma Sub-District Hospital", "owner": {"name": "Ministry of Health"}, "keph_level": {"name": "Level 4"}, "ward": {"code": 991}, "number_of_cots": 0, "town": {"name": "mlimani"}, "name": "Mautuma Sub-District Hospital", "created": "2009-10-31T00:00:00+00:00", "regulatory_body": {"name": "Ministry of Health"}, "facility_type": {"name": "Sub-District Hospital"}, "plot_number": null, "operation_status": {"name": "Operational"}, "number_of_beds": 15}, {"code": 16037, "location_desc": null, "official_name": "Matungu Sub-District Hospital", "owner": {"name": "Ministry of Health"}, "keph_level": {"name": "Level 4"}, "ward": {"code": 1030}, "number_of_cots": 0, "town": {"name": "mumias"}, "name": "Matungu Sub-District Hospital", "created": "2009-10-31T00:00:00+00:00", "regulatory_body": {"name": "Ministry of Health"}, "facility_type": {"name": "Sub-District Hospital"}, "plot_number": " ", "operation_status": {"name": "Operational"}, "number_of_beds": 0}, {"code": 15955, "location_desc": null, "official_name": "Kongoni Health Centre", "owner": {"name": "Ministry of Health"}, "keph_level": {"name": "Level 3"}, "ward": {"code": 999}, "number_of_cots": 0, "town": {"name": "kongoni"}, "name": "Kongoni Health Centre", "created": "2009-10-31T00:00:00+00:00", "regulatory_body": {"name": "Ministry of Health"}, "facility_type": {"name": "Health Centre"}, "plot_number": null, "operation_status": {"name": "Operational"}, "number_of_beds": 4}, {"code": 15983, "location_desc": "Eldoret - Kitale Highway (Matunda - Kona Mbaya Junction)", "official_name": "Mabusi Health Centre", "owner": {"name": "Ministry of Health"}, "keph_level": {"name": "Level 3"}, "ward": {"code": 1000}, "number_of_cots": 0, "town": {"name": "kona mbaya"}, "name": "Mabusi Health Centre", "created": "2009-10-31T00:00:00+00:00", "regulatory_body": {"name": "Ministry of Health"}, "facility_type": {"name": "Health Centre"}, "plot_number": null, "operation_status": {"name": "Operational"}, "number_of_beds": 7}, {"code": 15991, "location_desc": "Along Kakamega - Mumias road", "official_name": "Makunga RHDC", "owner": {"name": "Ministry of Health"}, "keph_level": {"name": "Level 3"}, "ward": {"code": 1025}, "number_of_cots": 0, "town": {"name": "mumias"}, "name": "Makunga Rhdc", "created": "2009-10-31T00:00:00+00:00", "regulatory_body": {"name": "Ministry of Health"}, "facility_type": {"name": "Health Centre"}, "plot_number": null, "operation_status": {"name": "Operational"}, "number_of_beds": 12}, {"code": 15977, "location_desc": "About 7km to the East of Mumias town.", "official_name": "Lusheya Health Centre", "owner": {"name": "Ministry of Health"}, "keph_level": {"name": "Level 3"}, "ward": {"code": 1024}, "number_of_cots": 0, "town": {"name": "mumias"}, "name": "Lusheya Health Centre", "created": "2009-10-31T00:00:00+00:00", "regulatory_body": {"name": "Ministry of Health"}, "facility_type": {"name": "Health Centre"}, "plot_number": "498", "operation_status": {"name": "Operational"}, "number_of_beds": 0}, {"code": 15931, "location_desc": "Along Mumias - Bungoma road off harambee market", "official_name": "Khalaba Health Centre", "owner": {"name": "Ministry of Health"}, "keph_level": {"name": "Level 2"}, "ward": {"code": 1029}, "number_of_cots": 0, "town": {"name": "mumias"}, "name": "Khalaba Health Centre", "created": "2009-10-31T00:00:00+00:00", "regulatory_body": {"name": "Ministry of Health"}, "facility_type": {"name": "Health Centre"}, "plot_number": "739/412/413", "operation_status": {"name": "Operational"}, "number_of_beds": 4}, {"code": 16005, "location_desc": null, "official_name": "Matete Health Centre", "owner": {"name": "Ministry of Health"}, "keph_level": {"name": "Level 3"}, "ward": {"code": 995}, "number_of_cots": 0, "town": {"name": "matete"}, "name": "Matete Health Centre", "created": "2009-10-31T00:00:00+00:00", "regulatory_body": {"name": "Ministry of Health"}, "facility_type": {"name": "Health Centre"}, "plot_number": null, "operation_status": {"name": "Operational"}, "number_of_beds": 14}, {"code": 15827, "location_desc": null, "official_name": "Bungasi Health Centre", "owner": {"name": "Ministry of Health"}, "keph_level": {"name": "Level 3"}, "ward": {"code": 1023}, "number_of_cots": 0, "town": {"name": "mumias"}, "name": "Bungasi Health Centre", "created": "2009-10-31T00:00:00+00:00", "regulatory_body": {"name": "Ministry of Health"}, "facility_type": {"name": "Health Centre"}, "plot_number": null, "operation_status": {"name": "Operational"}, "number_of_beds": 12}, {"code": 15817, "location_desc": null, "official_name": "Bukaya Health Centre", "owner": {"name": "Ministry of Health"}, "keph_level": {"name": "Level 3"}, "ward": {"code": 1023}, "number_of_cots": 0, "town": {"name": "mumias"}, "name": "Bukaya Health Centre", "created": "2009-10-31T00:00:00+00:00", "regulatory_body": {"name": "Ministry of Health"}, "facility_type": {"name": "Health Centre"}, "plot_number": null, "operation_status": {"name": "Operational"}, "number_of_beds": 12}, {"code": 15974, "location_desc": "Eldoret - Webuye Highway (at Lwandeti mkt to Lugari Station)", "official_name": "Lunyito Dispensary", "owner": {"name": "Ministry of Health"}, "keph_level": {"name": "Level 2"}, "ward": {"code": 992}, "number_of_cots": 0, "town": {"name": "lugari"}, "name": "Lunyito Dispensary", "created": "2009-10-31T00:00:00+00:00", "regulatory_body": {"name": "Ministry of Health"}, "facility_type": {"name": "Dispensary"}, "plot_number": null, "operation_status": {"name": "Operational"}, "number_of_beds": 0}, {"code": 15851, "location_desc": "Eldoret - Webuye Highway at Chekalini Mkt Junction", "official_name": "Chekalini Dispensary", "owner": {"name": "Ministry of Health"}, "keph_level": {"name": "Level 2"}, "ward": {"code": 994}, "number_of_cots": 0, "town": {"name": "chekalini"}, "name": "Chekalini Dispensary", "created": "2009-10-31T00:00:00+00:00", "regulatory_body": {"name": "Ministry of Health"}, "facility_type": {"name": "Dispensary"}, "plot_number": null, "operation_status": {"name": "Operational"}, "number_of_beds": 4}, {"code": 15964, "location_desc": null, "official_name": "Lugari Forest Dispensary", "owner": {"name": "Ministry of Health"}, "keph_level": {"name": "Level 2"}, "ward": {"code": 992}, "number_of_cots": 0, "town": {"name": "lugari"}, "name": "Lugari Forest Dispensary", "created": "2009-10-31T00:00:00+00:00", "regulatory_body": {"name": "Ministry of Health"}, "facility_type": {"name": "Dispensary"}, "plot_number": null, "operation_status": {"name": "Operational"}, "number_of_beds": 0}, {"code": 16041, "location_desc": null, "official_name": "Mung'ang'a Dispensary", "owner": {"name": "Ministry of Health"}, "keph_level": {"name": "Level 2"}, "ward": {"code": 1025}, "number_of_cots": 0, "town": {"name": "mumias"}, "name": "Mung'ang'a Dispensary", "created": "2009-10-31T00:00:00+00:00", "regulatory_body": {"name": "Ministry of Health"}, "facility_type": {"name": "Dispensary"}, "plot_number": " ", "operation_status": {"name": "Operational"}, "number_of_beds": 0}, {"code": 16102, "location_desc": "Eldoret - Soy - Turbo Road at Seregeya Mkt", "official_name": "Seregeya Dispensary", "owner": {"name": "Ministry of Health"}, "keph_level": {"name": "Level 2"}, "ward": {"code": 997}, "number_of_cots": 0, "town": {"name": "turbo"}, "name": "Seregeya Dispensary", "created": "2009-10-31T00:00:00+00:00", "regulatory_body": {"name": "Ministry of Health"}, "facility_type": {"name": "Dispensary"}, "plot_number": null, "operation_status": {"name": "Operational"}, "number_of_beds": 0}, {"code": 16123, "location_desc": null, "official_name": "Shibanze Dispensary", "owner": {"name": "Ministry of Health"}, "keph_level": {"name": "Level 2"}, "ward": {"code": 1028}, "number_of_cots": 0, "town": {"name": "mumias"}, "name": "Shibanze Dispensary", "created": "2009-10-31T00:00:00+00:00", "regulatory_body": {"name": "Ministry of Health"}, "facility_type": {"name": "Dispensary"}, "plot_number": " ", "operation_status": {"name": "Operational"}, "number_of_beds": 0}, {"code": 16070, "location_desc": null, "official_name": "Namulungu Dispensary", "owner": {"name": "Ministry of Health"}, "keph_level": {"name": "Level 2"}, "ward": {"code": 1028}, "number_of_cots": 0, "town": {"name": "mumias"}, "name": "Namulungu Dispensary", "created": "2009-10-31T00:00:00+00:00", "regulatory_body": {"name": "Ministry of Health"}, "facility_type": {"name": "Dispensary"}, "plot_number": " ", "operation_status": {"name": "Operational"}, "number_of_beds": 0}, {"code": 16042, "location_desc": null, "official_name": "Mung'ung'u Dispensary", "owner": {"name": "Ministry of Health"}, "keph_level": {"name": "Level 2"}, "ward": {"code": 1027}, "number_of_cots": 0, "town": {"name": "mumias"}, "name": "Mung'ung'u Dispensary", "created": "2009-10-31T00:00:00+00:00", "regulatory_body": {"name": "Ministry of Health"}, "facility_type": {"name": "Dispensary"}, "plot_number": " ", "operation_status": {"name": "Operational"}, "number_of_beds": 0}, {"code": 16100, "location_desc": null, "official_name": "Sango Dispensary", "owner": {"name": "Ministry of Health"}, "keph_level": {"name": "Level 2"}, "ward": {"code": 998}, "number_of_cots": 0, "town": {"name": "sango"}, "name": "Sango Dispensary", "created": "2009-10-31T00:00:00+00:00", "regulatory_body": {"name": "Ministry of Health"}, "facility_type": {"name": "Dispensary"}, "plot_number": null, "operation_status": {"name": "Operational"}, "number_of_beds": 0}, {"code": 16127, "location_desc": "Eldoret - Kitale Highway (Junction at Mois' Bridge - Sinoko Road)", "official_name": "Sinoko Dispensary (Likuyani)", "owner": {"name": "Ministry of Health"}, "keph_level": {"name": "Level 2"}, "ward": {"code": 1001}, "number_of_cots": 0, "town": {"name": "moisbridge"}, "name": "Sinoko Dispensary (Likuyani)", "created": "2009-10-31T00:00:00+00:00", "regulatory_body": {"name": "Ministry of Health"}, "facility_type": {"name": "Dispensary"}, "plot_number": null, "operation_status": {"name": "Operational"}, "number_of_beds": 0}, {"code": 15936, "location_desc": "To the left along Shianda-Malaha road.", "official_name": "Khaunga Dispensary", "owner": {"name": "Ministry of Health"}, "keph_level": {"name": "Level 2"}, "ward": {"code": 1026}, "number_of_cots": 0, "town": {"name": "mumias"}, "name": "Khaunga Dispensary", "created": "2009-10-31T00:00:00+00:00", "regulatory_body": {"name": "Ministry of Health"}, "facility_type": {"name": "Dispensary"}, "plot_number": null, "operation_status": {"name": "Operational"}, "number_of_beds": 4}, {"code": 15873, "location_desc": null, "official_name": "Elwasambi Dispensary", "owner": {"name": "Ministry of Health"}, "keph_level": {"name": "Level 2"}, "ward": {"code": 1024}, "number_of_cots": 0, "town": {"name": "mumias"}, "name": "Elwasambi Dispensary", "created": "2009-10-31T00:00:00+00:00", "regulatory_body": {"name": "Ministry of Health"}, "facility_type": {"name": "Dispensary"}, "plot_number": " ", "operation_status": {"name": "Operational"}, "number_of_beds": 0}, {"code": 16035, "location_desc": null, "official_name": "Mumias Model Health Centre", "owner": {"name": "Ministry of Health"}, "keph_level": {"name": "Level 2"}, "ward": {"code": 1020}, "number_of_cots": 0, "town": {"name": "mumias"}, "name": "Mumias Model Health Centre", "created": "2009-10-31T00:00:00+00:00", "regulatory_body": {"name": "Ministry of Health"}, "facility_type": {"name": "Health Centre"}, "plot_number": null, "operation_status": {"name": "Operational"}, "number_of_beds": 0}, {"code": 16154, "location_desc": "Eldoret - Turbo - Soy Road", "official_name": "Turbo Forest Dispensary", "owner": {"name": "Ministry of Health"}, "keph_level": {"name": "Level 2"}, "ward": {"code": 997}, "number_of_cots": 0, "town": {"name": "turbo"}, "name": "Turbo Forest Dispensary", "created": "2009-10-31T00:00:00+00:00", "regulatory_body": {"name": "Ministry of Health"}, "facility_type": {"name": "Dispensary"}, "plot_number": null, "operation_status": {"name": "Operational"}, "number_of_beds": 0}], "model": "facilities.Facility", "unique_fields": ["code"]}]
