[{"records": [{"code": 16483, "location_desc": null, "official_name": "Shikumu Dispensary", "owner": {"name": "Ministry of Health"}, "keph_level": {"name": "Level 2"}, "ward": {"code": 1050}, "number_of_cots": 0, "name": "Shikumu Dispensary", "created": "2009-10-31T00:00:00+00:00", "regulatory_body": {"name": "Ministry of Health"}, "facility_type": {"name": "Dispensary"}, "plot_number": null, "operation_status": {"name": "Operational"}, "number_of_beds": 0}, {"code": 16380, "location_desc": null, "official_name": "Namocha Dispensary", "owner": {"name": "Ministry of Health"}, "keph_level": {"name": "Level 2"}, "ward": {"code": 839}, "number_of_cots": 0, "town": {"name": "naivasha"}, "name": "Namocha Dispensary", "created": "2009-10-31T00:00:00+00:00", "regulatory_body": {"name": "Ministry of Health"}, "facility_type": {"name": "Dispensary"}, "plot_number": " ", "operation_status": {"name": "Pending Opening"}, "number_of_beds": 0}, {"code": 16379, "location_desc": "Near Delamere Soysambu farm on Elementeita-Mitimingi road", "official_name": "Elementeita Dispensary", "owner": {"name": "Ministry of Health"}, "keph_level": {"name": "Level 2"}, "ward": {"code": 845}, "number_of_cots": 0, "town": {"name": "gilgil"}, "name": "Elementeita Dispensary", "created": "2009-10-31T00:00:00+00:00", "regulatory_body": {"name": "Ministry of Health"}, "facility_type": {"name": "Dispensary"}, "plot_number": null, "operation_status": {"name": "Pending Opening"}, "number_of_beds": 0}, {"code": 16484, "location_desc": null, "official_name": "Imalaba Dispensary", "owner": {"name": "Ministry of Health"}, "keph_level": {"name": "Level 2"}, "ward": {"code": 1047}, "number_of_cots": 0, "town": {"name": "shisejeri mkt"}, "name": "Imalaba Dispensary", "created": "2009-10-31T00:00:00+00:00", "regulatory_body": {"name": "Ministry of Health"}, "facility_type": {"name": "Dispensary"}, "plot_number": null, "operation_status": {"name": "Operational"}, "number_of_beds": 0}, {"code": 16203, "location_desc": "Kiwalwa dispensary is almost 4 Km from Taveta town on your way to kimorigo", "official_name": "Kiwalwa Dispensary", "owner": {"name": "Ministry of Health"}, "keph_level": {"name": "Level 2"}, "ward": {"code": 114}, "number_of_cots": 0, "town": {"name": "taveta"}, "name": "Kiwalwa Dispensary", "created": "2009-10-31T00:00:00+00:00", "regulatory_body": {"name": "Ministry of Health"}, "facility_type": {"name": "Dispensary"}, "plot_number": null, "operation_status": {"name": "Operational"}, "number_of_beds": 3}, {"code": 16333, "location_desc": null, "official_name": "Tugumoi  Dispensary", "owner": {"name": "Ministry of Health"}, "keph_level": {"name": "Level 2"}, "ward": {"code": 750}, "number_of_cots": 0, "town": {"name": "kamwosor"}, "name": "Tugumoi Dispensary", "created": "2009-10-31T00:00:00+00:00", "regulatory_body": {"name": "Ministry of Health"}, "facility_type": {"name": "Dispensary"}, "plot_number": null, "operation_status": {"name": "Operational"}, "number_of_beds": 0}, {"code": 16140, "location_desc": "Along Amagoro Angurai road next to Angurai mkt.", "official_name": "St Mary's Health Unit Chelelemuk", "owner": {"name": "Kenya Episcopal Conference-Catholic Secretariat"}, "keph_level": {"name": "Level 2"}, "ward": {"code": 1124}, "number_of_cots": 7, "town": {"name": "angurai"}, "name": "St Mary's Health Unit Chelelemuk", "created": "2009-10-31T00:00:00+00:00", "regulatory_body": {"name": "Kenya MPDB - Private Practice"}, "facility_type": {"name": "Dispensary"}, "plot_number": null, "operation_status": {"name": "Operational"}, "number_of_beds": 7}, {"code": 16420, "location_desc": null, "official_name": "Ochude Dispensary", "owner": {"name": "Ministry of Health"}, "keph_level": {"name": "Level 2"}, "ward": {"code": 1128}, "number_of_cots": 0, "town": {"name": "busia"}, "name": "Ochude Dispensary", "created": "2009-10-31T00:00:00+00:00", "regulatory_body": {"name": "Ministry of Health"}, "facility_type": {"name": "Dispensary"}, "plot_number": null, "operation_status": {"name": "Operational"}, "number_of_beds": 0}, {"code": 14320, "location_desc": null, "official_name": "Chemoiben Dispensary", "owner": {"name": "Ministry of Health"}, "keph_level": {"name": "Level 2"}, "ward": {"code": 956}, "number_of_cots": 0, "town": {"name": "kapkatet"}, "name": "Chemoiben Dispensary", "created": "2009-10-31T00:00:00+00:00", "regulatory_body": {"name": "Ministry of Health"}, "facility_type": {"name": "Dispensary"}, "plot_number": null, "operation_status": {"name": "Operational"}, "number_of_beds": 0}, {"code": 16318, "location_desc": "10 Kms Off The Junction Kaplong- Bomet Road", "official_name": "Kapkures Dispensary", "owner": {"name": "Ministry of Health"}, "keph_level": {"name": "Level 2"}, "ward": {"code": 968}, "number_of_cots": 0, "town": {"name": "sotik"}, "name": "Kapkures Dispensary (Sotik)", "created": "2009-10-31T00:00:00+00:00", "regulatory_body": {"name": "Ministry of Health"}, "facility_type": {"name": "Dispensary"}, "plot_number": null, "operation_status": {"name": "Operational"}, "number_of_beds": 0}, {"code": 15121, "location_desc": null, "official_name": "Manyoror Dispensary", "owner": {"name": "Ministry of Health"}, "keph_level": {"name": "Level 2"}, "ward": {"code": 949}, "number_of_cots": 0, "town": {"name": "kericho"}, "name": "Manyoror Dispensary", "created": "2009-10-31T00:00:00+00:00", "regulatory_body": {"name": "Ministry of Health"}, "facility_type": {"name": "Dispensary"}, "plot_number": null, "operation_status": {"name": "Operational"}, "number_of_beds": 1}, {"code": 15116, "location_desc": "Near Makimeny Shopping Centre", "official_name": "Makimeny Dispensary", "owner": {"name": "Ministry of Health"}, "keph_level": {"name": "Level 2"}, "ward": {"code": 972}, "number_of_cots": 0, "town": {"name": "makimeny market"}, "name": "Makimeny Dispensary", "created": "2009-10-31T00:00:00+00:00", "regulatory_body": {"name": "Ministry of Health"}, "facility_type": {"name": "Dispensary"}, "plot_number": null, "operation_status": {"name": "Operational"}, "number_of_beds": 6}, {"code": 15118, "location_desc": null, "official_name": "Makyolok Dispensary", "owner": {"name": "Ministry of Health"}, "keph_level": {"name": "Level 2"}, "ward": {"code": 943}, "number_of_cots": 0, "town": {"name": "forttenan"}, "name": "Makyolok Dispensary", "created": "2009-10-31T00:00:00+00:00", "regulatory_body": {"name": "Ministry of Health"}, "facility_type": {"name": "Dispensary"}, "plot_number": null, "operation_status": {"name": "Operational"}, "number_of_beds": 4}, {"code": 14214, "location_desc": "It is between Sigor town and Chesogon trading centre bordering Marakwet East District.", "official_name": "Arpollo Dispensary", "owner": {"name": "Ministry of Health"}, "keph_level": {"name": "Level 2"}, "ward": {"code": 659}, "number_of_cots": 0, "town": {"name": "sigor"}, "name": "Arpollo Dispensary", "created": "2009-10-31T00:00:00+00:00", "regulatory_body": {"name": "Ministry of Health"}, "facility_type": {"name": "Dispensary"}, "plot_number": null, "operation_status": {"name": "Operational"}, "number_of_beds": 0}, {"code": 15102, "location_desc": "Located along  Nyahururu Maralal road 60 kms  from Rumuruti Town.", "official_name": "Luoniek Dispensary", "owner": {"name": "Ministry of Health"}, "keph_level": {"name": "Level 2"}, "ward": {"code": 822}, "number_of_cots": 0, "town": {"name": "olmoran centre"}, "name": "Luoniek Dispensary", "created": "2009-10-31T00:00:00+00:00", "regulatory_body": {"name": "Ministry of Health"}, "facility_type": {"name": "Dispensary"}, "plot_number": null, "operation_status": {"name": "Operational"}, "number_of_beds": 0}, {"code": 15124, "location_desc": "Naivasha-Njabini Road Near Maraigushu Secondary School.", "official_name": "Maraigushu Dispensary", "owner": {"name": "Ministry of Health"}, "keph_level": {"name": "Level 2"}, "ward": {"code": 842}, "number_of_cots": 0, "town": {"name": "maraigushu shopping centre"}, "name": "Maraigushu Dispensary", "created": "2009-10-31T00:00:00+00:00", "regulatory_body": {"name": "Ministry of Health"}, "facility_type": {"name": "Dispensary"}, "plot_number": null, "operation_status": {"name": "Operational"}, "number_of_beds": 0}, {"code": 14241, "location_desc": null, "official_name": "Bartabwa  Dispensary", "owner": {"name": "Ministry of Health"}, "keph_level": {"name": "Level 2"}, "ward": {"code": 792}, "number_of_cots": 0, "town": {"name": "kabartonjo"}, "name": "Bartabwa Dispensary", "created": "2009-10-31T00:00:00+00:00", "regulatory_body": {"name": "Ministry of Health"}, "facility_type": {"name": "Dispensary"}, "plot_number": null, "operation_status": {"name": "Operational"}, "number_of_beds": 0}, {"code": 14256, "location_desc": null, "official_name": "Biretwa health centre", "owner": {"name": "Ministry of Health"}, "keph_level": {"name": "Level 2"}, "ward": {"code": 747}, "number_of_cots": 0, "town": {"name": "iten"}, "name": "Biretwa health centre", "created": "2009-10-31T00:00:00+00:00", "regulatory_body": {"name": "Ministry of Health"}, "facility_type": {"name": "Health Centre"}, "plot_number": null, "operation_status": {"name": "Operational"}, "number_of_beds": 0}, {"code": 15119, "location_desc": null, "official_name": "Mangu Dispensary", "owner": {"name": "Ministry of Health"}, "keph_level": {"name": "Level 2"}, "ward": {"code": 860}, "number_of_cots": 0, "town": {"name": "rongai"}, "name": "Mangu Dispensary (Rongai)", "created": "2009-10-31T00:00:00+00:00", "regulatory_body": {"name": "Ministry of Health"}, "facility_type": {"name": "Dispensary"}, "plot_number": null, "operation_status": {"name": "Operational"}, "number_of_beds": 0}, {"code": 15776, "location_desc": null, "official_name": "Wei Dispensary", "owner": {"name": "Ministry of Health"}, "keph_level": {"name": "Level 2"}, "ward": {"code": 858}, "number_of_cots": 0, "town": {"name": "subukia"}, "name": "Wei Dispensary", "created": "2009-10-31T00:00:00+00:00", "regulatory_body": {"name": "Ministry of Health"}, "facility_type": {"name": "Dispensary"}, "plot_number": null, "operation_status": {"name": "Operational"}, "number_of_beds": 3}, {"code": 15412, "location_desc": "Kapsabet - Ainabkoi Road.", "official_name": "Ollessos Holy Family Dispensary", "owner": {"name": "Ministry of Health"}, "keph_level": {"name": "Level 2"}, "ward": {"code": 763}, "number_of_cots": 0, "town": {"name": "nandi hills"}, "name": "Ollessos Holy Family Dispensary", "created": "2009-10-31T00:00:00+00:00", "regulatory_body": {"name": "Kenya MPDB - Institution"}, "facility_type": {"name": "Dispensary"}, "plot_number": "nandi/lessos/868", "operation_status": {"name": "Operational"}, "number_of_beds": 0}, {"code": 15786, "location_desc": null, "official_name": "Ywalateke Dispensary", "owner": {"name": "Ministry of Health"}, "keph_level": {"name": "Level 2"}, "ward": {"code": 657}, "number_of_cots": 0, "town": {"name": "kapenguria"}, "name": "Ywalateke Dispensary", "created": "2009-10-31T00:00:00+00:00", "regulatory_body": {"name": "Ministry of Health"}, "facility_type": {"name": "Dispensary"}, "plot_number": null, "operation_status": {"name": "Operational"}, "number_of_beds": 0}, {"code": 15785, "location_desc": null, "official_name": "Yatya  Dispensary", "owner": {"name": "Ministry of Health"}, "keph_level": {"name": "Level 2"}, "ward": {"code": 791}, "number_of_cots": 0, "town": {"name": "kabartonjo"}, "name": "Yatya Dispensary", "created": "2009-10-31T00:00:00+00:00", "regulatory_body": {"name": "Ministry of Health"}, "facility_type": {"name": "Dispensary"}, "plot_number": null, "operation_status": {"name": "Operational"}, "number_of_beds": 0}, {"code": 15784, "location_desc": null, "official_name": "Wiyumiririe Dispensary", "owner": {"name": "Ministry of Health"}, "keph_level": {"name": "Level 2"}, "ward": {"code": 817}, "number_of_cots": 0, "town": {"name": "nyahururu"}, "name": "Wiyumiririe Dispensary", "created": "2009-10-31T00:00:00+00:00", "regulatory_body": {"name": "Ministry of Health"}, "facility_type": {"name": "Dispensary"}, "plot_number": null, "operation_status": {"name": "Operational"}, "number_of_beds": 0}, {"code": 15783, "location_desc": null, "official_name": "Wiyeta Dispensary", "owner": {"name": "Ministry of Health"}, "keph_level": {"name": "Level 2"}, "ward": {"code": 694}, "number_of_cots": 0, "town": {"name": "kitale"}, "name": "Wiyeta Dispensary", "created": "2009-10-31T00:00:00+00:00", "regulatory_body": {"name": "Ministry of Health"}, "facility_type": {"name": "Dispensary"}, "plot_number": null, "operation_status": {"name": "Operational"}, "number_of_beds": 20}, {"code": 15777, "location_desc": null, "official_name": "Weonia Dispensary", "owner": {"name": "Ministry of Health"}, "keph_level": {"name": "Level 2"}, "ward": {"code": 692}, "number_of_cots": 0, "town": {"name": "kitale"}, "name": "Weonia Dispensary", "created": "2009-10-31T00:00:00+00:00", "regulatory_body": {"name": "Ministry of Health"}, "facility_type": {"name": "Dispensary"}, "plot_number": " ", "operation_status": {"name": "Operational"}, "number_of_beds": 0}, {"code": 15149, "location_desc": "Next to Masaita Secondary School", "official_name": "Masaita/ Miti-Tatu Dispensary", "owner": {"name": "Ministry of Health"}, "keph_level": {"name": "Level 2"}, "ward": {"code": 936}, "number_of_cots": 0, "town": {"name": "londiani"}, "name": "Masaita/ Miti-Tatu Dispensary", "created": "2009-10-31T00:00:00+00:00", "regulatory_body": {"name": "Ministry of Health"}, "facility_type": {"name": "Dispensary"}, "plot_number": null, "operation_status": {"name": "Operational"}, "number_of_beds": 4}, {"code": 15336, "location_desc": null, "official_name": "Ngambo Dispensary", "owner": {"name": "Ministry of Health"}, "keph_level": {"name": "Level 2"}, "ward": {"code": 799}, "number_of_cots": 0, "town": {"name": "marigat"}, "name": "Ngambo Dispensary", "created": "2009-10-31T00:00:00+00:00", "regulatory_body": {"name": "Ministry of Health"}, "facility_type": {"name": "Dispensary"}, "plot_number": null, "operation_status": {"name": "Not-Operational"}, "number_of_beds": 6}, {"code": 15465, "location_desc": null, "official_name": "Poi  Dispensary", "owner": {"name": "Ministry of Health"}, "keph_level": {"name": "Level 2"}, "ward": {"code": 790}, "number_of_cots": 0, "town": {"name": "kabartonjo"}, "name": "Poi Dispensary", "created": "2009-10-31T00:00:00+00:00", "regulatory_body": {"name": "Ministry of Health"}, "facility_type": {"name": "Dispensary"}, "plot_number": null, "operation_status": {"name": "Operational"}, "number_of_beds": 0}, {"code": 15327, "location_desc": "Situated 35 kilometers west of sereolipi off the Isiolo Marsabit road", "official_name": "Ndonyo Wasin Dispensary", "owner": {"name": "Ministry of Health"}, "keph_level": {"name": "Level 2"}, "ward": {"code": 672}, "number_of_cots": 0, "town": {"name": "ndonyo warsin"}, "name": "Ndonyo Wasin Dispensary", "created": "2009-10-31T00:00:00+00:00", "regulatory_body": {"name": "Ministry of Health"}, "facility_type": {"name": "Dispensary"}, "plot_number": null, "operation_status": {"name": "Operational"}, "number_of_beds": 4}, {"code": 15216, "location_desc": "Near Molos Dispensary", "official_name": "Molos Dispensary", "owner": {"name": "Ministry of Health"}, "keph_level": {"name": "Level 2"}, "ward": {"code": 803}, "number_of_cots": 0, "town": {"name": "mogotio"}, "name": "Molos Dispensary", "created": "2009-10-31T00:00:00+00:00", "regulatory_body": {"name": "Ministry of Health"}, "facility_type": {"name": "Dispensary"}, "plot_number": null, "operation_status": {"name": "Operational"}, "number_of_beds": 0}, {"code": 15323, "location_desc": "Ndaraweta Dispensary is near Ndaraweta Secondary School", "official_name": "Ndarawetta Dispensary.", "owner": {"name": "Ministry of Health"}, "keph_level": {"name": "Level 2"}, "ward": {"code": 959}, "number_of_cots": 0, "town": {"name": "bomet"}, "name": "Ndarawetta Dispensary", "created": "2009-10-31T00:00:00+00:00", "regulatory_body": {"name": "Ministry of Health"}, "facility_type": {"name": "Dispensary"}, "plot_number": null, "operation_status": {"name": "Operational"}, "number_of_beds": 0}, {"code": 15364, "location_desc": null, "official_name": "Nkorinkori Dispensary", "owner": {"name": "Ministry of Health"}, "keph_level": {"name": "Level 2"}, "ward": {"code": 908}, "number_of_cots": 0, "town": {"name": "nkorinkori market"}, "name": "Nkorinkori Dispensary", "created": "2009-10-31T00:00:00+00:00", "regulatory_body": {"name": "Ministry of Health"}, "facility_type": {"name": "Dispensary"}, "plot_number": null, "operation_status": {"name": "Operational"}, "number_of_beds": 0}, {"code": 15321, "location_desc": null, "official_name": "Ndamichonik Dispensary", "owner": {"name": "Ministry of Health"}, "keph_level": {"name": "Level 2"}, "ward": {"code": 971}, "number_of_cots": 0, "town": {"name": "bomet"}, "name": "Ndamichonik Dispensary", "created": "2009-10-31T00:00:00+00:00", "regulatory_body": {"name": "Ministry of Health"}, "facility_type": {"name": "Dispensary"}, "plot_number": null, "operation_status": {"name": "Operational"}, "number_of_beds": 0}, {"code": 15585, "location_desc": null, "official_name": "Siomo Dispensary", "owner": {"name": "Ministry of Health"}, "keph_level": {"name": "Level 2"}, "ward": {"code": 990}, "number_of_cots": 0, "town": {"name": "siomo"}, "name": "Siomo Dispensary", "created": "2009-10-31T00:00:00+00:00", "regulatory_body": {"name": "Ministry of Health"}, "facility_type": {"name": "Dispensary"}, "plot_number": null, "operation_status": {"name": "Operational"}, "number_of_beds": 3}, {"code": 15389, "location_desc": "in olchorro  centre in upper melili", "official_name": "Olchorro Health Centre", "owner": {"name": "Ministry of Health"}, "keph_level": {"name": "Level 3"}, "ward": {"code": 896}, "number_of_cots": 0, "town": {"name": "narok"}, "name": "Olchorro Health Centre", "created": "2009-10-31T00:00:00+00:00", "regulatory_body": {"name": "Ministry of Health"}, "facility_type": {"name": "Health Centre"}, "plot_number": null, "operation_status": {"name": "Operational"}, "number_of_beds": 3}, {"code": 15415, "location_desc": null, "official_name": "Olmesutie Dispensary", "owner": {"name": "Ministry of Health"}, "keph_level": {"name": "Level 2"}, "ward": {"code": 904}, "number_of_cots": 0, "town": {"name": "ololulunga"}, "name": "Olmesutie Dispensary", "created": "2009-10-31T00:00:00+00:00", "regulatory_body": {"name": "Ministry of Health"}, "facility_type": {"name": "Dispensary"}, "plot_number": null, "operation_status": {"name": "Operational"}, "number_of_beds": 0}, {"code": 15142, "location_desc": null, "official_name": "Maron-Marichor Dispensary", "owner": {"name": "Ministry of Health"}, "keph_level": {"name": "Level 2"}, "ward": {"code": 732}, "number_of_cots": 0, "town": {"name": "kapsowar"}, "name": "Maron-Marichor Dispensary", "created": "2009-10-31T00:00:00+00:00", "regulatory_body": {"name": "Ministry of Health"}, "facility_type": {"name": "Dispensary"}, "plot_number": null, "operation_status": {"name": "Operational"}, "number_of_beds": 0}, {"code": 15869, "location_desc": "Nzoia Rd Between Khalaba River and Nzoia Sugar Factory", "official_name": "Ekitale Dispensary", "owner": {"name": "Ministry of Health"}, "keph_level": {"name": "Level 2"}, "ward": {"code": 1103}, "number_of_cots": 0, "town": {"name": "bungoma"}, "name": "Ekitale Dispensary", "created": "2009-10-31T00:00:00+00:00", "regulatory_body": {"name": "Ministry of Health"}, "facility_type": {"name": "Dispensary"}, "plot_number": null, "operation_status": {"name": "Operational"}, "number_of_beds": 0}, {"code": 15337, "location_desc": "Near Mutinkuar Primary School Off Kilgoris Lolgorian Road", "official_name": "Nganayio Dispensary", "owner": {"name": "Ministry of Health"}, "keph_level": {"name": "Level 2"}, "ward": {"code": 881}, "number_of_cots": 0, "town": {"name": "kilgoris"}, "name": "Nganayio Dispensary", "created": "2009-10-31T00:00:00+00:00", "regulatory_body": {"name": "Ministry of Health"}, "facility_type": {"name": "Dispensary"}, "plot_number": null, "operation_status": {"name": "Operational"}, "number_of_beds": 0}, {"code": 14246, "location_desc": null, "official_name": "Bekibon Dispensary", "owner": {"name": "Ministry of Health"}, "keph_level": {"name": "Level 2"}, "ward": {"code": 798}, "number_of_cots": 0, "town": {"name": "kabarnet"}, "name": "Bekibon Dispensary", "created": "2009-10-31T00:00:00+00:00", "regulatory_body": {"name": "Ministry of Health"}, "facility_type": {"name": "Dispensary"}, "plot_number": null, "operation_status": {"name": "Operational"}, "number_of_beds": 0}, {"code": 15367, "location_desc": "Ntulele market", "official_name": "Ntulele Dispensary", "owner": {"name": "Ministry of Health"}, "keph_level": {"name": "Level 2"}, "ward": {"code": 897}, "number_of_cots": 0, "town": {"name": "narok"}, "name": "Ntulele Dispensary", "created": "2009-10-31T00:00:00+00:00", "regulatory_body": {"name": "Ministry of Health"}, "facility_type": {"name": "Dispensary"}, "plot_number": null, "operation_status": {"name": "Operational"}, "number_of_beds": 0}, {"code": 15140, "location_desc": null, "official_name": "Mariwa Dispensary (Kipkelion)", "owner": {"name": "Ministry of Health"}, "keph_level": {"name": "Level 2"}, "ward": {"code": 943}, "number_of_cots": 0, "town": {"name": "muhoroni"}, "name": "Mariwa Dispensary (Kipkelion)", "created": "2009-10-31T00:00:00+00:00", "regulatory_body": {"name": "Ministry of Health"}, "facility_type": {"name": "Dispensary"}, "plot_number": null, "operation_status": {"name": "Operational"}, "number_of_beds": 4}, {"code": 15355, "location_desc": "Located 35 kilometers from wamba town along Wamba west gate route ", "official_name": "Ngutuk-Engiron Dispensary", "owner": {"name": "Ministry of Health"}, "keph_level": {"name": "Level 2"}, "ward": {"code": 673}, "number_of_cots": 0, "town": {"name": "ngutuk-engiron"}, "name": "Ngutuk-Engiron Dispensary", "created": "2009-10-31T00:00:00+00:00", "regulatory_body": {"name": "Ministry of Health"}, "facility_type": {"name": "Dispensary"}, "plot_number": null, "operation_status": {"name": "Operational"}, "number_of_beds": 4}, {"code": 15349, "location_desc": "Along Nyeri - Nyahururu road", "official_name": "Ngobit Dispensary", "owner": {"name": "Ministry of Health"}, "keph_level": {"name": "Level 2"}, "ward": {"code": 817}, "number_of_cots": 0, "town": {"name": "nyahururu"}, "name": "Ngobit Dispensary", "created": "2009-10-31T00:00:00+00:00", "regulatory_body": {"name": "Ministry of Health"}, "facility_type": {"name": "Dispensary"}, "plot_number": null, "operation_status": {"name": "Operational"}, "number_of_beds": 0}, {"code": 15346, "location_desc": null, "official_name": "Ngetmoi  Dispensary", "owner": {"name": "Ministry of Health"}, "keph_level": {"name": "Level 2"}, "ward": {"code": 796}, "number_of_cots": 0, "town": {"name": "kabarnet"}, "name": "Ngetmoi Dispensary", "created": "2009-10-31T00:00:00+00:00", "regulatory_body": {"name": "Ministry of Health"}, "facility_type": {"name": "Dispensary"}, "plot_number": null, "operation_status": {"name": "Operational"}, "number_of_beds": 4}, {"code": 15345, "location_desc": null, "official_name": "Ngeria South Dispensary", "owner": {"name": "Ministry of Health"}, "keph_level": {"name": "Level 2"}, "ward": {"code": 725}, "number_of_cots": 0, "town": {"name": "eldoret"}, "name": "Ngeria South Dispensary", "created": "2009-10-31T00:00:00+00:00", "regulatory_body": {"name": "Ministry of Health"}, "facility_type": {"name": "Dispensary"}, "plot_number": null, "operation_status": {"name": "Operational"}, "number_of_beds": 0}, {"code": 15344, "location_desc": null, "official_name": "Ngenyilel Dispensary", "owner": {"name": "Ministry of Health"}, "keph_level": {"name": "Level 2"}, "ward": {"code": 708}, "number_of_cots": 0, "town": {"name": "eldoret"}, "name": "Ngenyilel Dispensary", "created": "2009-10-31T00:00:00+00:00", "regulatory_body": {"name": "Ministry of Health"}, "facility_type": {"name": "Dispensary"}, "plot_number": null, "operation_status": {"name": "Operational"}, "number_of_beds": 0}, {"code": 15343, "location_desc": "A long Fortenan - Londiani Road", "official_name": "Ngendalel Dispensary", "owner": {"name": "Ministry of Health"}, "keph_level": {"name": "Level 2"}, "ward": {"code": 942}, "number_of_cots": 0, "town": {"name": "kipkelion"}, "name": "Ngendalel Dispensary", "created": "2009-10-31T00:00:00+00:00", "regulatory_body": {"name": "Ministry of Health"}, "facility_type": {"name": "Dispensary"}, "plot_number": null, "operation_status": {"name": "Operational"}, "number_of_beds": 4}, {"code": 15342, "location_desc": null, "official_name": "Ngechek Dispensary", "owner": {"name": "Ministry of Health"}, "keph_level": {"name": "Level 2"}, "ward": {"code": 767}, "number_of_cots": 0, "town": {"name": "kapsabet"}, "name": "Ngechek Dispensary", "created": "2009-10-31T00:00:00+00:00", "regulatory_body": {"name": "Ministry of Health"}, "facility_type": {"name": "Dispensary"}, "plot_number": " ", "operation_status": {"name": "Operational"}, "number_of_beds": 0}, {"code": 15821, "location_desc": "Bungoma-Sang'alo- Bulondo Rd. ", "official_name": "Bulondo Dispensary", "owner": {"name": "Ministry of Health"}, "keph_level": {"name": "Level 2"}, "ward": {"code": 1089}, "number_of_cots": 0, "town": {"name": "bungoma"}, "name": "Bulondo Dispensary", "created": "2009-10-31T00:00:00+00:00", "regulatory_body": {"name": "Ministry of Health"}, "facility_type": {"name": "Dispensary"}, "plot_number": "1258, west sangalo", "operation_status": {"name": "Operational"}, "number_of_beds": 12}, {"code": 15110, "location_desc": null, "official_name": "Maina Dispensary", "owner": {"name": "Ministry of Health"}, "keph_level": {"name": "Level 2"}, "ward": {"code": 732}, "number_of_cots": 0, "town": {"name": "kapsowar"}, "name": "Maina Dispensary", "created": "2009-10-31T00:00:00+00:00", "regulatory_body": {"name": "Ministry of Health"}, "facility_type": {"name": "Dispensary"}, "plot_number": null, "operation_status": {"name": "Operational"}, "number_of_beds": 0}, {"code": 15111, "location_desc": " Near Maji Mazuri Railway Station", "official_name": "Maji Mazuri Dispensary", "owner": {"name": "Ministry of Health"}, "keph_level": {"name": "Level 2"}, "ward": {"code": 808}, "number_of_cots": 0, "town": {"name": "eldama ravine"}, "name": "Maji Mazuri Dispensary", "created": "2009-10-31T00:00:00+00:00", "regulatory_body": {"name": "Ministry of Health"}, "facility_type": {"name": "Dispensary"}, "plot_number": null, "operation_status": {"name": "Operational"}, "number_of_beds": 0}, {"code": 15921, "location_desc": null, "official_name": "Kapchemwani Dispensary", "owner": {"name": "Ministry of Health"}, "keph_level": {"name": "Level 2"}, "ward": {"code": 1062}, "number_of_cots": 0, "name": "Kapchemwani Dispensary", "created": "2009-10-31T00:00:00+00:00", "regulatory_body": {"name": "Ministry of Health"}, "facility_type": {"name": "Dispensary"}, "plot_number": null, "operation_status": {"name": "Operational"}, "number_of_beds": 3}, {"code": 15112, "location_desc": "Near Majimoto Center", "official_name": "Maji Moto Dispensary", "owner": {"name": "Ministry of Health"}, "keph_level": {"name": "Level 2"}, "ward": {"code": 804}, "number_of_cots": 0, "town": {"name": "mogotio"}, "name": "Maji Moto Dispensary", "created": "2009-10-31T00:00:00+00:00", "regulatory_body": {"name": "Ministry of Health"}, "facility_type": {"name": "Dispensary"}, "plot_number": null, "operation_status": {"name": "Operational"}, "number_of_beds": 0}, {"code": 14240, "location_desc": null, "official_name": "Barsombe Dispensary (Turbo)", "owner": {"name": "Ministry of Health"}, "keph_level": {"name": "Level 2"}, "ward": {"code": 704}, "number_of_cots": 0, "town": {"name": "eldoret"}, "name": "Barsombe Dispensary (Turbo)", "created": "2009-10-31T00:00:00+00:00", "regulatory_body": {"name": "Ministry of Health"}, "facility_type": {"name": "Dispensary"}, "plot_number": null, "operation_status": {"name": "Operational"}, "number_of_beds": 0}, {"code": 15947, "location_desc": "From Bungoma town towards malaba border(uganda  road.) and alight at kimaeti  Market.", "official_name": "Kimaeti Dispensary", "owner": {"name": "Ministry of Health"}, "keph_level": {"name": "Level 2"}, "ward": {"code": 1093}, "number_of_cots": 0, "town": {"name": "bungoma"}, "name": "Kimaeti Dispensary", "created": "2009-10-31T00:00:00+00:00", "regulatory_body": {"name": "Ministry of Health"}, "facility_type": {"name": "Dispensary"}, "plot_number": null, "operation_status": {"name": "Operational"}, "number_of_beds": 16}, {"code": 14234, "location_desc": "A Long Londiani - Barsiele Road", "official_name": "Barotion (AIC) Dispensary", "owner": {"name": "Ministry of Health"}, "keph_level": {"name": "Level 2"}, "ward": {"code": 936}, "number_of_cots": 0, "town": {"name": "londiani"}, "name": "Barotion (AIC) Dispensary", "created": "2009-10-31T00:00:00+00:00", "regulatory_body": {"name": "Ministry of Health"}, "facility_type": {"name": "Dispensary"}, "plot_number": null, "operation_status": {"name": "Operational"}, "number_of_beds": 4}, {"code": 16109, "location_desc": null, "official_name": "Shihome Dispensary", "owner": {"name": "Ministry of Health"}, "keph_level": {"name": "Level 2"}, "ward": {"code": 1008}, "number_of_cots": 0, "town": {"name": "kakunga"}, "name": "Shihome Dispensary", "created": "2009-10-31T00:00:00+00:00", "regulatory_body": {"name": "Ministry of Health"}, "facility_type": {"name": "Dispensary"}, "plot_number": null, "operation_status": {"name": "Operational"}, "number_of_beds": 0}, {"code": 16108, "location_desc": null, "official_name": "Shihalia  Dispensary", "owner": {"name": "Ministry of Health"}, "keph_level": {"name": "Level 2"}, "ward": {"code": 1050}, "number_of_cots": 0, "town": {"name": "isulu mkt"}, "name": "Shihalia Dispensary", "created": "2009-10-31T00:00:00+00:00", "regulatory_body": {"name": "Ministry of Health"}, "facility_type": {"name": "Dispensary"}, "plot_number": null, "operation_status": {"name": "Operational"}, "number_of_beds": 0}, {"code": 14185, "location_desc": "Near Suam Kenya Uganda boarder", "official_name": "Adurkoit Dispensary", "owner": {"name": "Ministry of Health"}, "keph_level": {"name": "Level 2"}, "ward": {"code": 641}, "number_of_cots": 0, "town": {"name": "kapenguria"}, "name": "Adurkoit Dispensary", "created": "2009-10-31T00:00:00+00:00", "regulatory_body": {"name": "Ministry of Health"}, "facility_type": {"name": "Dispensary"}, "plot_number": null, "operation_status": {"name": "Operational"}, "number_of_beds": 0}, {"code": 16105, "location_desc": null, "official_name": "Shamberere Dispensary", "owner": {"name": "Ministry of Health"}, "keph_level": {"name": "Level 2"}, "ward": {"code": 1008}, "number_of_cots": 0, "town": {"name": "kakunga"}, "name": "Shamberere Dispensary", "created": "2009-10-31T00:00:00+00:00", "regulatory_body": {"name": "Ministry of Health"}, "facility_type": {"name": "Dispensary"}, "plot_number": null, "operation_status": {"name": "Operational"}, "number_of_beds": 0}, {"code": 15960, "location_desc": null, "official_name": "Likindu Dispensary", "owner": {"name": "Ministry of Health"}, "keph_level": {"name": "Level 2"}, "ward": {"code": 1054}, "number_of_cots": 0, "name": "Likindu Dispensary", "created": "2009-10-31T00:00:00+00:00", "regulatory_body": {"name": "Ministry of Health"}, "facility_type": {"name": "Dispensary"}, "plot_number": null, "operation_status": {"name": "Operational"}, "number_of_beds": 3}, {"code": 15712, "location_desc": null, "official_name": "Tebei Dispensary", "owner": {"name": "Ministry of Health"}, "keph_level": {"name": "Level 2"}, "ward": {"code": 798}, "number_of_cots": 0, "town": {"name": "kabarnet"}, "name": "Tebei Dispensary", "created": "2009-10-31T00:00:00+00:00", "regulatory_body": {"name": "Ministry of Health"}, "facility_type": {"name": "Dispensary"}, "plot_number": null, "operation_status": {"name": "Operational"}, "number_of_beds": 0}, {"code": 15976, "location_desc": null, "official_name": "Lurare Dispensary", "owner": {"name": "Ministry of Health"}, "keph_level": {"name": "Level 2"}, "ward": {"code": 1110}, "number_of_cots": 0, "town": {"name": "webuye"}, "name": "Lurare Dispensary", "created": "2009-10-31T00:00:00+00:00", "regulatory_body": {"name": "Ministry of Health"}, "facility_type": {"name": "Dispensary"}, "plot_number": "ndivisi/muchi/1413", "operation_status": {"name": "Operational"}, "number_of_beds": 0}, {"code": 14297, "location_desc": "10 Kms Off Kapkatet Sotik At Daraja Sita Junction", "official_name": "Chebirbelek Dispensary", "owner": {"name": "Ministry of Health"}, "keph_level": {"name": "Level 2"}, "ward": {"code": 969}, "number_of_cots": 0, "town": {"name": "sotik"}, "name": "Chebirbelek Dispensary", "created": "2009-10-31T00:00:00+00:00", "regulatory_body": {"name": "Ministry of Health"}, "facility_type": {"name": "Dispensary"}, "plot_number": null, "operation_status": {"name": "Operational"}, "number_of_beds": 0}, {"code": 15959, "location_desc": null, "official_name": "Kuvasali Health Centre", "owner": {"name": "Ministry of Health"}, "keph_level": {"name": "Level 3"}, "ward": {"code": 1004}, "number_of_cots": 0, "town": {"name": "malava"}, "name": "Kuvasali Health Centre", "created": "2009-10-31T00:00:00+00:00", "regulatory_body": {"name": "Ministry of Health"}, "facility_type": {"name": "Health Centre"}, "plot_number": null, "operation_status": {"name": "Operational"}, "number_of_beds": 0}, {"code": 15949, "location_desc": null, "official_name": "Kimangeti Dispensary", "owner": {"name": "Ministry of Health"}, "keph_level": {"name": "Level 2"}, "ward": {"code": 1003}, "number_of_cots": 0, "town": {"name": "malava"}, "name": "Kimangeti Dispensary", "created": "2009-10-31T00:00:00+00:00", "regulatory_body": {"name": "Ministry of Health"}, "facility_type": {"name": "Dispensary"}, "plot_number": null, "operation_status": {"name": "Operational"}, "number_of_beds": 0}, {"code": 14262, "location_desc": null, "official_name": "Bonchoge Dispensary", "owner": {"name": "Ministry of Health"}, "keph_level": {"name": "Level 2"}, "ward": {"code": 755}, "number_of_cots": 0, "town": {"name": "nandi hills"}, "name": "Bonchoge Dispensary", "created": "2009-10-31T00:00:00+00:00", "regulatory_body": {"name": "Ministry of Health"}, "facility_type": {"name": "Dispensary"}, "plot_number": " ", "operation_status": {"name": "Operational"}, "number_of_beds": 0}, {"code": 14226, "location_desc": "inside the sisal farm", "official_name": "Banita Dispensary", "owner": {"name": "Ministry of Health"}, "keph_level": {"name": "Level 2"}, "ward": {"code": 861}, "number_of_cots": 0, "town": {"name": "mogotio"}, "name": "Banita Dispensary", "created": "2009-10-31T00:00:00+00:00", "regulatory_body": {"name": "Ministry of Health"}, "facility_type": {"name": "Dispensary"}, "plot_number": null, "operation_status": {"name": "Operational"}, "number_of_beds": 0}, {"code": 15105, "location_desc": null, "official_name": "Mabasi Dispensary", "owner": {"name": "Ministry of Health"}, "keph_level": {"name": "Level 2"}, "ward": {"code": 950}, "number_of_cots": 0, "town": {"name": "roret"}, "name": "Mabasi Dispensary", "created": "2009-10-31T00:00:00+00:00", "regulatory_body": {"name": "Ministry of Health"}, "facility_type": {"name": "Dispensary"}, "plot_number": null, "operation_status": {"name": "Operational"}, "number_of_beds": 0}, {"code": 16101, "location_desc": null, "official_name": "Savane Dispensary", "owner": {"name": "Ministry of Health"}, "keph_level": {"name": "Level 2"}, "ward": {"code": 1047}, "number_of_cots": 0, "town": {"name": "sabane mkt"}, "name": "Savane Dispensary", "created": "2009-10-31T00:00:00+00:00", "regulatory_body": {"name": "Ministry of Health"}, "facility_type": {"name": "Dispensary"}, "plot_number": null, "operation_status": {"name": "Operational"}, "number_of_beds": 0}, {"code": 15144, "location_desc": "Marti town next to Marti Primary school.", "official_name": "Marti Dispensary", "owner": {"name": "Ministry of Health"}, "keph_level": {"name": "Level 2"}, "ward": {"code": 666}, "number_of_cots": 0, "town": {"name": "marti"}, "name": "Marti Dispensary", "created": "2009-10-31T00:00:00+00:00", "regulatory_body": {"name": "Ministry of Health"}, "facility_type": {"name": "Dispensary"}, "plot_number": null, "operation_status": {"name": "Operational"}, "number_of_beds": 1}, {"code": 15145, "location_desc": null, "official_name": "Marura Dispensary", "owner": {"name": "Ministry of Health"}, "keph_level": {"name": "Level 2"}, "ward": {"code": 818}, "number_of_cots": 0, "town": {"name": "nanyuki"}, "name": "Marura Dispensary", "created": "2009-10-31T00:00:00+00:00", "regulatory_body": {"name": "Ministry of Health"}, "facility_type": {"name": "Dispensary"}, "plot_number": null, "operation_status": {"name": "Operational"}, "number_of_beds": 0}, {"code": 14242, "location_desc": null, "official_name": "Bartolimo  Dispensary", "owner": {"name": "Ministry of Health"}, "keph_level": {"name": "Level 2"}, "ward": {"code": 790}, "number_of_cots": 0, "town": {"name": "kabartonjo"}, "name": "Bartolimo Dispensary", "created": "2009-10-31T00:00:00+00:00", "regulatory_body": {"name": "Ministry of Health"}, "facility_type": {"name": "Dispensary"}, "plot_number": null, "operation_status": {"name": "Operational"}, "number_of_beds": 0}, {"code": 14211, "location_desc": "Within Arama centre", "official_name": "Arama dispensary", "owner": {"name": "Ministry of Health"}, "keph_level": {"name": "Level 2"}, "ward": {"code": 808}, "number_of_cots": 0, "town": {"name": "eldama ravine"}, "name": "Arama Dispensary", "created": "2009-10-31T00:00:00+00:00", "regulatory_body": {"name": "Ministry of Health"}, "facility_type": {"name": "Dispensary"}, "plot_number": null, "operation_status": {"name": "Operational"}, "number_of_beds": 0}, {"code": 15165, "location_desc": null, "official_name": "Mbogoini Dispensary", "owner": {"name": "Ministry of Health"}, "keph_level": {"name": "Level 2"}, "ward": {"code": 858}, "number_of_cots": 0, "town": {"name": "subukia"}, "name": "Mbogoini Dispensary", "created": "2009-10-31T00:00:00+00:00", "regulatory_body": {"name": "Ministry of Health"}, "facility_type": {"name": "Dispensary"}, "plot_number": null, "operation_status": {"name": "Operational"}, "number_of_beds": 0}, {"code": 15819, "location_desc": "Bukembe Of Eldoret -Malaba Rd", "official_name": "Bukembe Dispensary", "owner": {"name": "Ministry of Health"}, "keph_level": {"name": "Level 2"}, "ward": {"code": 1097}, "number_of_cots": 0, "town": {"name": "bungoma"}, "name": "Bukembe Dispensary", "created": "2009-10-31T00:00:00+00:00", "regulatory_body": {"name": "Ministry of Health"}, "facility_type": {"name": "Dispensary"}, "plot_number": null, "operation_status": {"name": "Operational"}, "number_of_beds": 10}, {"code": 15912, "location_desc": "Bungoma - Mumias Rd at Kabula Mkt next to Muslim Mosque", "official_name": "Kabula Dispensary", "owner": {"name": "Ministry of Health"}, "keph_level": {"name": "Level 2"}, "ward": {"code": 1092}, "number_of_cots": 0, "town": {"name": "bungoma"}, "name": "Kabula Dispensary", "created": "2009-10-31T00:00:00+00:00", "regulatory_body": {"name": "Ministry of Health"}, "facility_type": {"name": "Dispensary"}, "plot_number": "3060w/bukusu/ s. mateka", "operation_status": {"name": "Operational"}, "number_of_beds": 0}, {"code": 14206, "location_desc": null, "official_name": "Anin Dispensary", "owner": {"name": "Ministry of Health"}, "keph_level": {"name": "Level 2"}, "ward": {"code": 744}, "number_of_cots": 0, "town": {"name": "iten"}, "name": "Anin Dispensary", "created": "2009-10-31T00:00:00+00:00", "regulatory_body": {"name": "Ministry of Health"}, "facility_type": {"name": "Dispensary"}, "plot_number": null, "operation_status": {"name": "Not-Operational"}, "number_of_beds": 0}, {"code": 16075, "location_desc": null, "official_name": "Nasianda Dispensary", "owner": {"name": "Ministry of Health"}, "keph_level": {"name": "Level 2"}, "ward": {"code": 1090}, "number_of_cots": 0, "town": {"name": "bungoma"}, "name": "Nasianda Dispensary", "created": "2009-10-31T00:00:00+00:00", "regulatory_body": {"name": "Ministry of Health"}, "facility_type": {"name": "Dispensary"}, "plot_number": "w. bukusu/ s. myanga/ 1584", "operation_status": {"name": "Operational"}, "number_of_beds": 0}, {"code": 14193, "location_desc": null, "official_name": "Aiyebo Dispensary", "owner": {"name": "Ministry of Health"}, "keph_level": {"name": "Level 2"}, "ward": {"code": 790}, "number_of_cots": 0, "town": {"name": "kabartonjo"}, "name": "Aiyebo Dispensary", "created": "2009-10-31T00:00:00+00:00", "regulatory_body": {"name": "Ministry of Health"}, "facility_type": {"name": "Dispensary"}, "plot_number": null, "operation_status": {"name": "Operational"}, "number_of_beds": 0}, {"code": 14264, "location_desc": null, "official_name": "Bondeni Dispensary (Trans Nzoia West)", "owner": {"name": "Ministry of Health"}, "keph_level": {"name": "Level 2"}, "ward": {"code": 683}, "number_of_cots": 0, "town": {"name": "kitale"}, "name": "Bondeni Dispensary (Trans Nzoia West)", "created": "2009-10-31T00:00:00+00:00", "regulatory_body": {"name": "Ministry of Health"}, "facility_type": {"name": "Dispensary"}, "plot_number": " ", "operation_status": {"name": "Operational"}, "number_of_beds": 4}, {"code": 15997, "location_desc": null, "official_name": "Malekha Dispensary", "owner": {"name": "Ministry of Health"}, "keph_level": {"name": "Level 2"}, "ward": {"code": 1007}, "number_of_cots": 0, "town": {"name": "malava"}, "name": "Malekha Dispensary", "created": "2009-10-31T00:00:00+00:00", "regulatory_body": {"name": "Ministry of Health"}, "facility_type": {"name": "Dispensary"}, "plot_number": null, "operation_status": {"name": "Operational"}, "number_of_beds": 0}, {"code": 16064, "location_desc": null, "official_name": "Namagara Dispensary", "owner": {"name": "Ministry of Health"}, "keph_level": {"name": "Level 2"}, "ward": {"code": 1006}, "number_of_cots": 0, "town": {"name": "malava"}, "name": "Namagara Dispensary", "created": "2009-10-31T00:00:00+00:00", "regulatory_body": {"name": "Ministry of Health"}, "facility_type": {"name": "Dispensary"}, "plot_number": null, "operation_status": {"name": "Operational"}, "number_of_beds": 0}], "model": "facilities.Facility", "unique_fields": ["code"]}]