[{"records": [{"code": 11457, "location_desc": null, "official_name": "David Kayanda Dispensary", "owner": {"name": "Ministry of Health"}, "keph_level": {"name": "Level 2"}, "ward": {"code": 125}, "number_of_cots": 0, "town": {"name": "kulele"}, "name": "David Kayanda Dispensary", "created": "2009-10-31T00:00:00+00:00", "regulatory_body": {"name": "Ministry of Health"}, "facility_type": {"name": "Dispensary"}, "plot_number": null, "operation_status": {"name": "Operational"}, "number_of_beds": 0}, {"code": 10029, "location_desc": null, "official_name": "Anmer Dispensary", "owner": {"name": "Ministry of Health"}, "keph_level": {"name": "Level 2"}, "ward": {"code": 582}, "number_of_cots": 0, "town": {"name": "kiambu"}, "name": "Anmer Dispensary", "created": "2009-10-31T00:00:00+00:00", "regulatory_body": {"name": "Ministry of Health"}, "facility_type": {"name": "Dispensary"}, "plot_number": null, "operation_status": {"name": "Operational"}, "number_of_beds": 0}, {"code": 11469, "location_desc": "Near Kighombo Primary School", "official_name": "Kighombo Dispensary", "owner": {"name": "Ministry of Health"}, "keph_level": {"name": "Level 2"}, "ward": {"code": 120}, "number_of_cots": 0, "town": {"name": "rong'e"}, "name": "Kighombo Dispensary", "created": "2009-10-31T00:00:00+00:00", "regulatory_body": {"name": "Ministry of Health"}, "facility_type": {"name": "Dispensary"}, "plot_number": null, "operation_status": {"name": "Operational"}, "number_of_beds": 0}, {"code": 11263, "location_desc": "Along Mwatate Taveta Highway 6km from Mwatate town", "official_name": "Bura Health Centre (Taita Taveta)", "owner": {"name": "Ministry of Health"}, "keph_level": {"name": "Level 3"}, "ward": {"code": 119}, "number_of_cots": 2, "town": {"name": "mwatate"}, "name": "Bura Health Centre (Taita Taveta)", "created": "2009-10-31T00:00:00+00:00", "regulatory_body": {"name": "Ministry of Health"}, "facility_type": {"name": "Dispensary"}, "plot_number": null, "operation_status": {"name": "Operational"}, "number_of_beds": 14}, {"code": 11477, "location_desc": "Kimorigho dispensary is almost 5 Km from Taveta Town", "official_name": "Kimorigho Dispensary", "owner": {"name": "Ministry of Health"}, "keph_level": {"name": "Level 2"}, "ward": {"code": 114}, "number_of_cots": 0, "town": {"name": "kimorigho"}, "name": "Kimorigho Dispensary", "created": "2009-10-31T00:00:00+00:00", "regulatory_body": {"name": "Ministry of Health"}, "facility_type": {"name": "Dispensary"}, "plot_number": null, "operation_status": {"name": "Operational"}, "number_of_beds": 0}, {"code": 11398, "location_desc": "Inside Prison", "official_name": "GK Prisons Dispensary (Tana River)", "owner": {"name": "Ministry of Health"}, "keph_level": {"name": "Level 2"}, "ward": {"code": 94}, "number_of_cots": 0, "town": {"name": "laza"}, "name": "GK Prisons Dispensary (Tana River)", "created": "2009-10-31T00:00:00+00:00", "regulatory_body": {"name": "Ministry of Health"}, "facility_type": {"name": "Dispensary"}, "plot_number": null, "operation_status": {"name": "Operational"}, "number_of_beds": 0}, {"code": 10268, "location_desc": "Kagunduini road next to Githunguri girls,few kilometres from Kabati Market.", "official_name": "Githunguri Dispensary", "owner": {"name": "Ministry of Health"}, "keph_level": {"name": "Level 2"}, "ward": {"code": 541}, "number_of_cots": 0, "town": {"name": "githunguri"}, "name": "Githunguri Dispensary", "created": "2009-10-31T00:00:00+00:00", "regulatory_body": {"name": "Ministry of Health"}, "facility_type": {"name": "Dispensary"}, "plot_number": null, "operation_status": {"name": "Operational"}, "number_of_beds": 0}, {"code": 10417, "location_desc": "Next to Kaharo Market.", "official_name": "Kaharo Dispensary", "owner": {"name": "Ministry of Health"}, "keph_level": {"name": "Level 2"}, "ward": {"code": 537}, "number_of_cots": 0, "town": {"name": "kaharo"}, "name": "Kaharo Dispensary", "created": "2009-10-31T00:00:00+00:00", "regulatory_body": {"name": "Ministry of Health"}, "facility_type": {"name": "Dispensary"}, "plot_number": null, "operation_status": {"name": "Operational"}, "number_of_beds": 0}, {"code": 10283, "location_desc": null, "official_name": "AIC Gituru Dispensary", "owner": {"name": "Christian Health Association of Kenya"}, "keph_level": {"name": "Level 2"}, "ward": {"code": 544}, "number_of_cots": 0, "town": {"name": "githumu"}, "name": "AIC Gituru Dispensary", "created": "2009-10-31T00:00:00+00:00", "regulatory_body": {"name": "Ministry of Health"}, "facility_type": {"name": "Dispensary"}, "plot_number": null, "operation_status": {"name": "Operational"}, "number_of_beds": 5}, {"code": 10353, "location_desc": null, "official_name": "Irigiro Dispensary", "owner": {"name": "Ministry of Health"}, "keph_level": {"name": "Level 2"}, "ward": {"code": 529}, "number_of_cots": 0, "town": {"name": "sabasaba"}, "name": "Irigiro Dispensary", "created": "2009-10-31T00:00:00+00:00", "regulatory_body": {"name": "Ministry of Health"}, "facility_type": {"name": "Dispensary"}, "plot_number": null, "operation_status": {"name": "Operational"}, "number_of_beds": 0}, {"code": 10290, "location_desc": null, "official_name": "GK Prisons Dispensary (Kiambu )", "owner": {"name": "Ministry of Health"}, "keph_level": {"name": "Level 2"}, "ward": {"code": 585}, "number_of_cots": 0, "town": {"name": "kiambu"}, "name": "GK Prisons Dispensary (Kiambu)", "created": "2009-10-31T00:00:00+00:00", "regulatory_body": {"name": "Ministry of Health"}, "facility_type": {"name": "Dispensary"}, "plot_number": null, "operation_status": {"name": "Operational"}, "number_of_beds": 0}, {"code": 10410, "location_desc": null, "official_name": "Kaguthi Dispensary", "owner": {"name": "Ministry of Health"}, "keph_level": {"name": "Level 2"}, "ward": {"code": 543}, "number_of_cots": 0, "town": {"name": "kaguthi"}, "name": "Kaguthi Dispensary", "created": "2009-10-31T00:00:00+00:00", "regulatory_body": {"name": "Ministry of Health"}, "facility_type": {"name": "Dispensary"}, "plot_number": null, "operation_status": {"name": "Operational"}, "number_of_beds": 0}, {"code": 10190, "location_desc": "Near kibendera market.", "official_name": "Gacharage Dispensary", "owner": {"name": "Ministry of Health"}, "keph_level": {"name": "Level 2"}, "ward": {"code": 543}, "number_of_cots": 0, "town": {"name": "gacharage"}, "name": "Gacharage Dispensary", "created": "2009-10-31T00:00:00+00:00", "regulatory_body": {"name": "Ministry of Health"}, "facility_type": {"name": "Dispensary"}, "plot_number": null, "operation_status": {"name": "Operational"}, "number_of_beds": 0}, {"code": 10726, "location_desc": null, "official_name": "Miguta Dispensary", "owner": {"name": "Ministry of Health"}, "keph_level": {"name": "Level 2"}, "ward": {"code": 580}, "number_of_cots": 0, "town": {"name": "githunguri"}, "name": "Miguta Dispensary", "created": "2009-10-31T00:00:00+00:00", "regulatory_body": {"name": "Ministry of Health"}, "facility_type": {"name": "Dispensary"}, "plot_number": " ", "operation_status": {"name": "Operational"}, "number_of_beds": 0}, {"code": 10688, "location_desc": "Next to Maranjau Prison", "official_name": "Maranjau Dispensary", "owner": {"name": "Ministry of Health"}, "keph_level": {"name": "Level 2"}, "ward": {"code": 535}, "number_of_cots": 0, "town": {"name": "kamahuha"}, "name": "Maranjau Dispensary", "created": "2009-10-31T00:00:00+00:00", "regulatory_body": {"name": "Ministry of Health"}, "facility_type": {"name": "Dispensary"}, "plot_number": null, "operation_status": {"name": "Operational"}, "number_of_beds": 0}, {"code": 11262, "location_desc": "In the middle of Bughuta town near Bughuta primary", "official_name": "Bughuta Health Centre", "owner": {"name": "Ministry of Health"}, "keph_level": {"name": "Level 3"}, "ward": {"code": 129}, "number_of_cots": 0, "town": {"name": "maungu"}, "name": "Bughuta Health Centre", "created": "2009-10-31T00:00:00+00:00", "regulatory_body": {"name": "Ministry of Health"}, "facility_type": {"name": "Health Centre"}, "plot_number": null, "operation_status": {"name": "Operational"}, "number_of_beds": 0}, {"code": 10727, "location_desc": null, "official_name": "Mihang'o Dispensary", "owner": {"name": "Ministry of Health"}, "keph_level": {"name": "Level 2"}, "ward": {"code": 535}, "number_of_cots": 0, "town": {"name": "mihang'o"}, "name": "Mihang'o Dispensary", "created": "2009-10-31T00:00:00+00:00", "regulatory_body": {"name": "Ministry of Health"}, "facility_type": {"name": "Dispensary"}, "plot_number": null, "operation_status": {"name": "Operational"}, "number_of_beds": 0}, {"code": 10406, "location_desc": "At kagumoini market near Gaichanjiru High School.", "official_name": "Kagumoini Dispensary (Muranga South)", "owner": {"name": "Ministry of Health"}, "keph_level": {"name": "Level 2"}, "ward": {"code": 541}, "number_of_cots": 0, "town": {"name": "kagumoini"}, "name": "Kagumoini Dispensary (Muranga South)", "created": "2009-10-31T00:00:00+00:00", "regulatory_body": {"name": "Ministry of Health"}, "facility_type": {"name": "Dispensary"}, "plot_number": null, "operation_status": {"name": "Operational"}, "number_of_beds": 0}, {"code": 10275, "location_desc": null, "official_name": "Gitiha Dispensary", "owner": {"name": "Ministry of Health"}, "keph_level": {"name": "Level 2"}, "ward": {"code": 578}, "number_of_cots": 0, "town": {"name": "githunguri"}, "name": "Gitiha Dispensary", "created": "2009-10-31T00:00:00+00:00", "regulatory_body": {"name": "Ministry of Health"}, "facility_type": {"name": "Dispensary"}, "plot_number": " ", "operation_status": {"name": "Operational"}, "number_of_beds": 0}, {"code": 11889, "location_desc": null, "official_name": "Waldena Dispensary", "owner": {"name": "Ministry of Health"}, "keph_level": {"name": "Level 2"}, "ward": {"code": 95}, "number_of_cots": 0, "town": {"name": "waldena"}, "name": "Waldena Dispensary", "created": "2009-10-31T00:00:00+00:00", "regulatory_body": {"name": "Ministry of Health"}, "facility_type": {"name": "Dispensary"}, "plot_number": null, "operation_status": {"name": "Operational"}, "number_of_beds": 1}, {"code": 15736, "location_desc": "Off Shartuka - Abossi road, before Njipship Market", "official_name": "Tororek Dispensary", "owner": {"name": "Ministry of Health"}, "keph_level": {"name": "Level 2"}, "ward": {"code": 881}, "number_of_cots": 0, "town": {"name": "njipship"}, "name": "Tororek Dispensary", "created": "2009-10-31T00:00:00+00:00", "regulatory_body": {"name": "Ministry of Health"}, "facility_type": {"name": "Dispensary"}, "plot_number": null, "operation_status": {"name": "Pending Opening"}, "number_of_beds": 0}, {"code": 15390, "location_desc": "Oldanyati Market Center", "official_name": "Oldanyati Health Centre", "owner": {"name": "Ministry of Health"}, "keph_level": {"name": "Level 3"}, "ward": {"code": 882}, "number_of_cots": 0, "town": {"name": "kilgoris"}, "name": "Oldanyati Health Centre", "created": "2009-10-31T00:00:00+00:00", "regulatory_body": {"name": "Ministry of Health"}, "facility_type": {"name": "Health Centre"}, "plot_number": null, "operation_status": {"name": "Operational"}, "number_of_beds": 24}, {"code": 16315, "location_desc": null, "official_name": "Tolilet Dispensary", "owner": {"name": "Community"}, "keph_level": {"name": "Level 2"}, "ward": {"code": 776}, "number_of_cots": 0, "town": {"name": "eldoret"}, "name": "Tolilet Dispensary", "created": "2009-10-31T00:00:00+00:00", "regulatory_body": {"name": "Other"}, "facility_type": {"name": "Dispensary"}, "plot_number": null, "operation_status": {"name": "Not-Operational"}, "number_of_beds": 0}, {"code": 12009, "location_desc": null, "official_name": "Endei Dispensary", "owner": {"name": "Ministry of Health"}, "keph_level": {"name": "Level 2"}, "ward": {"code": 414}, "number_of_cots": 2, "town": {"name": "endei"}, "name": "Endei Dispensary", "created": "2009-10-31T00:00:00+00:00", "regulatory_body": {"name": "Ministry of Health"}, "facility_type": {"name": "Dispensary"}, "plot_number": null, "operation_status": {"name": "Not-Operational"}, "number_of_beds": 0}, {"code": 15857, "location_desc": "Situated on the South off Kakunga  Market", "official_name": "Chevoso Dispensary", "owner": {"name": "Ministry of Health"}, "keph_level": {"name": "Level 2"}, "ward": {"code": 1008}, "number_of_cots": 0, "town": {"name": "kakunga"}, "name": "Chevoso Dispensary", "created": "2009-10-31T00:00:00+00:00", "regulatory_body": {"name": "Ministry of Health"}, "facility_type": {"name": "Dispensary"}, "plot_number": null, "operation_status": {"name": "Operational"}, "number_of_beds": 0}, {"code": 15850, "location_desc": "Situated about 15 KM South of Malava town", "official_name": "Chegulo Dispensary", "owner": {"name": "Ministry of Health"}, "keph_level": {"name": "Level 2"}, "ward": {"code": 1007}, "number_of_cots": 0, "town": {"name": "malava"}, "name": "Chegulo Dispensary", "created": "2009-10-31T00:00:00+00:00", "regulatory_body": {"name": "Ministry of Health"}, "facility_type": {"name": "Dispensary"}, "plot_number": null, "operation_status": {"name": "Operational"}, "number_of_beds": 0}, {"code": 11900, "location_desc": null, "official_name": "Wayu Dispensary", "owner": {"name": "Ministry of Health"}, "keph_level": {"name": "Level 2"}, "ward": {"code": 95}, "number_of_cots": 0, "town": {"name": "chifiri"}, "name": "Wayu Dispensary", "created": "2009-10-31T00:00:00+00:00", "regulatory_body": {"name": "Ministry of Health"}, "facility_type": {"name": "Dispensary"}, "plot_number": null, "operation_status": {"name": "Operational"}, "number_of_beds": 1}, {"code": 15610, "location_desc": null, "official_name": "Songeto Dispensary", "owner": {"name": "Community"}, "keph_level": {"name": "Level 2"}, "ward": {"code": 744}, "number_of_cots": 0, "town": {"name": "iten"}, "name": "Songeto Dispensary", "created": "2009-10-31T00:00:00+00:00", "regulatory_body": {"name": "Other"}, "facility_type": {"name": "Dispensary"}, "plot_number": null, "operation_status": {"name": "Not-Operational"}, "number_of_beds": 0}, {"code": 15275, "location_desc": "Nadoto Trading Centre aprox 9 kms from Kerio Trading Centre", "official_name": "Nadoto Dispensary", "owner": {"name": "Ministry of Health"}, "keph_level": {"name": "Level 2"}, "ward": {"code": 624}, "number_of_cots": 0, "town": {"name": "kerio"}, "name": "Nadoto Dispensary", "created": "2009-10-31T00:00:00+00:00", "regulatory_body": {"name": "Ministry of Health"}, "facility_type": {"name": "Dispensary"}, "plot_number": null, "operation_status": {"name": "Operational"}, "number_of_beds": 0}, {"code": 16677, "location_desc": "From sipili Town, or Kinamba town Junction towards Olmoran on your left go five kilometres towards Kabati Primary", "official_name": "Kabati Dispensary (Laikipia West)", "owner": {"name": "Ministry of Health"}, "keph_level": {"name": "Level 2"}, "ward": {"code": 811}, "number_of_cots": 0, "town": {"name": "kabati town"}, "name": "Kabati Dispensary (Laikipia West)", "created": "2009-10-31T00:00:00+00:00", "regulatory_body": {"name": "Ministry of Health"}, "facility_type": {"name": "Dispensary"}, "plot_number": null, "operation_status": {"name": "Operational"}, "number_of_beds": 4}, {"code": 16326, "location_desc": null, "official_name": "Kuresiet Dispensary", "owner": {"name": "Ministry of Health"}, "keph_level": {"name": "Level 2"}, "ward": {"code": 909}, "number_of_cots": 0, "town": {"name": "kilgoris"}, "name": "Kuresiet Dispensary", "created": "2009-10-31T00:00:00+00:00", "regulatory_body": {"name": "Other"}, "facility_type": {"name": "Dispensary"}, "plot_number": null, "operation_status": {"name": "Operational"}, "number_of_beds": 0}, {"code": 15448, "location_desc": "Osinoni Market", "official_name": "Osinoni Dispensary", "owner": {"name": "Ministry of Health"}, "keph_level": {"name": "Level 2"}, "ward": {"code": 884}, "number_of_cots": 0, "town": {"name": "kilgoris"}, "name": "Osinoni Dispensary", "created": "2009-10-31T00:00:00+00:00", "regulatory_body": {"name": "Ministry of Health"}, "facility_type": {"name": "Dispensary"}, "plot_number": null, "operation_status": {"name": "Operational"}, "number_of_beds": 0}, {"code": 16473, "location_desc": null, "official_name": "Kiprengwet Dispensary ", "owner": {"name": "Ministry of Health"}, "keph_level": {"name": "Level 2"}, "ward": {"code": 938}, "number_of_cots": 0, "town": {"name": "chepseon"}, "name": "Kiprengwet Dispensary", "created": "2009-10-31T00:00:00+00:00", "regulatory_body": {"name": "Ministry of Health"}, "facility_type": {"name": "Dispensary"}, "plot_number": null, "operation_status": {"name": "Operational"}, "number_of_beds": 0}, {"code": 16472, "location_desc": null, "official_name": "Kitoi Dispensary", "owner": {"name": "Community"}, "keph_level": {"name": "Level 2"}, "ward": {"code": 940}, "number_of_cots": 0, "town": {"name": "forttenan"}, "name": "Kitoi Dispensary", "created": "2009-10-31T00:00:00+00:00", "regulatory_body": {"name": "Other"}, "facility_type": {"name": "Dispensary"}, "plot_number": null, "operation_status": {"name": "Pending Opening"}, "number_of_beds": 0}, {"code": 16325, "location_desc": "Kilgoris,Lolgorian,Mashangwa", "official_name": "Mashangwa Dispensary", "owner": {"name": "Ministry of Health"}, "keph_level": {"name": "Level 2"}, "ward": {"code": 883}, "number_of_cots": 0, "town": {"name": "kilgoris"}, "name": "Mashangwa Dispensary", "created": "2009-10-31T00:00:00+00:00", "regulatory_body": {"name": "Ministry of Health"}, "facility_type": {"name": "Dispensary"}, "plot_number": null, "operation_status": {"name": "Operational"}, "number_of_beds": 0}, {"code": 12037, "location_desc": null, "official_name": "Gianchuku Dispensary", "owner": {"name": "Ministry of Health"}, "keph_level": {"name": "Level 2"}, "ward": {"code": 300}, "number_of_cots": 0, "town": {"name": "chogoria"}, "name": "Gianchuku Dispensary", "created": "2009-10-31T00:00:00+00:00", "regulatory_body": {"name": "Ministry of Health"}, "facility_type": {"name": "Dispensary"}, "plot_number": " ", "operation_status": {"name": "Operational"}, "number_of_beds": 0}, {"code": 16316, "location_desc": null, "official_name": "Sumoiyot Dispensary", "owner": {"name": "Community"}, "keph_level": {"name": "Level 2"}, "ward": {"code": 963}, "number_of_cots": 0, "town": {"name": "sigowet"}, "name": "Sumoiyot Dispensary", "created": "2009-10-31T00:00:00+00:00", "regulatory_body": {"name": "Ministry of Health"}, "facility_type": {"name": "Dispensary"}, "plot_number": null, "operation_status": {"name": "Operational"}, "number_of_beds": 0}, {"code": 15944, "location_desc": null, "official_name": "Kibuke Dispensary", "owner": {"name": "Ministry of Health"}, "keph_level": {"name": "Level 2"}, "ward": {"code": 1094}, "number_of_cots": 0, "town": {"name": "bungoma"}, "name": "Kibuke Dispensary", "created": "2009-10-31T00:00:00+00:00", "regulatory_body": {"name": "Other"}, "facility_type": {"name": "Dispensary"}, "plot_number": "n/mateka 1057", "operation_status": {"name": "Operational"}, "number_of_beds": 0}, {"code": 15194, "location_desc": null, "official_name": "Mogoget Dispensary", "owner": {"name": "Community"}, "keph_level": {"name": "Level 2"}, "ward": {"code": 767}, "number_of_cots": 0, "town": {"name": "eldoret"}, "name": "Mogoget Dispensary", "created": "2009-10-31T00:00:00+00:00", "regulatory_body": {"name": "Other"}, "facility_type": {"name": "Dispensary"}, "plot_number": null, "operation_status": {"name": "Not-Operational"}, "number_of_beds": 0}, {"code": 12075, "location_desc": null, "official_name": "Ikaatini Dispensary", "owner": {"name": "Ministry of Health"}, "keph_level": {"name": "Level 2"}, "ward": {"code": 546}, "number_of_cots": 2, "town": {"name": "ikaatini"}, "name": "Ikaatini Dispensary", "created": "2009-10-31T00:00:00+00:00", "regulatory_body": {"name": "Ministry of Health"}, "facility_type": {"name": "Dispensary"}, "plot_number": null, "operation_status": {"name": "Operational"}, "number_of_beds": 0}, {"code": 12078, "location_desc": null, "official_name": "Ikombe Disp", "owner": {"name": "Ministry of Health"}, "keph_level": {"name": "Level 2"}, "ward": {"code": 379}, "number_of_cots": 0, "town": {"name": "ikombe"}, "name": "Ikombe Disp", "created": "2009-10-31T00:00:00+00:00", "regulatory_body": {"name": "Ministry of Health"}, "facility_type": {"name": "Dispensary"}, "plot_number": null, "operation_status": {"name": "Operational"}, "number_of_beds": 3}, {"code": 12103, "location_desc": null, "official_name": "Iuuma Dispensary", "owner": {"name": "Ministry of Health"}, "keph_level": {"name": "Level 2"}, "ward": {"code": 414}, "number_of_cots": 2, "town": {"name": "kivaa"}, "name": "Iuuma Dispensary", "created": "2009-10-31T00:00:00+00:00", "regulatory_body": {"name": "Ministry of Health"}, "facility_type": {"name": "Dispensary"}, "plot_number": null, "operation_status": {"name": "Operational"}, "number_of_beds": 1}, {"code": 16453, "location_desc": null, "official_name": "Jepkoyai Dispensary", "owner": {"name": "Ministry of Health"}, "keph_level": {"name": "Level 2"}, "ward": {"code": 1067}, "number_of_cots": 0, "name": "Jepkoyai Dispensary", "created": "2009-10-31T00:00:00+00:00", "regulatory_body": {"name": "Ministry of Health"}, "facility_type": {"name": "Dispensary"}, "plot_number": null, "operation_status": {"name": "Operational"}, "number_of_beds": 0}, {"code": 12270, "location_desc": null, "official_name": "Kiairugu Dispensary", "owner": {"name": "Ministry of Health"}, "keph_level": {"name": "Level 2"}, "ward": {"code": 298}, "number_of_cots": 0, "town": {"name": "chogoria"}, "name": "Kiairugu Dispensary", "created": "2009-10-31T00:00:00+00:00", "regulatory_body": {"name": "Ministry of Health"}, "facility_type": {"name": "Dispensary"}, "plot_number": " ", "operation_status": {"name": "Operational"}, "number_of_beds": 0}, {"code": 12101, "location_desc": null, "official_name": "Itunduimuni Health Centre", "owner": {"name": "Ministry of Health"}, "keph_level": {"name": "Level 3"}, "ward": {"code": 546}, "number_of_cots": 2, "town": {"name": "itunduimuni"}, "name": "Itunduimuni Health Centre", "created": "2009-10-31T00:00:00+00:00", "regulatory_body": {"name": "Ministry of Health"}, "facility_type": {"name": "Health Centre"}, "plot_number": null, "operation_status": {"name": "Operational"}, "number_of_beds": 3}, {"code": 16327, "location_desc": "Off Abosi - Kapweria Road", "official_name": "Mogoiywet Dispensary", "owner": {"name": "Ministry of Health"}, "keph_level": {"name": "Level 2"}, "ward": {"code": 888}, "number_of_cots": 0, "town": {"name": "olchobosei market"}, "name": "Mogoiywet Dispensary", "created": "2009-10-31T00:00:00+00:00", "regulatory_body": {"name": "Ministry of Health"}, "facility_type": {"name": "Dispensary"}, "plot_number": null, "operation_status": {"name": "Operational"}, "number_of_beds": 0}, {"code": 15528, "location_desc": null, "official_name": "Sanga Dispensary", "owner": {"name": "Community"}, "keph_level": {"name": "Level 2"}, "ward": {"code": 958}, "number_of_cots": 0, "town": {"name": "kericho"}, "name": "Sanga Dispensary", "created": "2009-10-31T00:00:00+00:00", "regulatory_body": {"name": "Other"}, "facility_type": {"name": "Dispensary"}, "plot_number": null, "operation_status": {"name": "Unknown"}, "number_of_beds": 0}, {"code": 12084, "location_desc": null, "official_name": "Ilengi Dispensary", "owner": {"name": "Ministry of Health"}, "keph_level": {"name": "Level 2"}, "ward": {"code": 370}, "number_of_cots": 0, "town": {"name": "ilengi"}, "name": "Ilengi Dispensary", "created": "2009-10-31T00:00:00+00:00", "regulatory_body": {"name": "Ministry of Health"}, "facility_type": {"name": "Dispensary"}, "plot_number": null, "operation_status": {"name": "Operational"}, "number_of_beds": 4}, {"code": 16489, "location_desc": "Mayanja Off Bungoma Chwele Rd", "official_name": "Mayanja Dispensary", "owner": {"name": "Ministry of Health"}, "keph_level": {"name": "Level 2"}, "ward": {"code": 1102}, "number_of_cots": 0, "town": {"name": "bungoma"}, "name": "Mayanja Dispensary", "created": "2009-10-31T00:00:00+00:00", "regulatory_body": {"name": "Other"}, "facility_type": {"name": "Dispensary"}, "plot_number": "351 mayanja", "operation_status": {"name": "Operational"}, "number_of_beds": 0}, {"code": 14263, "location_desc": "Near Nakuru nursing home next to salvation Army church Bargain street", "official_name": "Bondeni Dispensary (Nakuru Central)", "owner": {"name": "Local Authority"}, "keph_level": {"name": "Level 2"}, "ward": {"code": 876}, "number_of_cots": 0, "town": {"name": "nakuru town"}, "name": "Bondeni Dispensary (Nakuru Central)", "created": "2009-10-31T00:00:00+00:00", "regulatory_body": {"name": "Ministry of Health"}, "facility_type": {"name": "Dispensary"}, "plot_number": null, "operation_status": {"name": "Operational"}, "number_of_beds": 0}, {"code": 15517, "location_desc": null, "official_name": "Salabani Dispensary", "owner": {"name": "Ministry of Health"}, "keph_level": {"name": "Level 2"}, "ward": {"code": 799}, "number_of_cots": 0, "town": {"name": "marigat"}, "name": "Salabani Dispensary", "created": "2009-10-31T00:00:00+00:00", "regulatory_body": {"name": "Other"}, "facility_type": {"name": "Dispensary"}, "plot_number": null, "operation_status": {"name": "Pending Opening"}, "number_of_beds": 0}, {"code": 15567, "location_desc": null, "official_name": "Sigot Dispensary", "owner": {"name": "Community"}, "keph_level": {"name": "Level 2"}, "ward": {"code": 779}, "number_of_cots": 0, "town": {"name": "eldoret"}, "name": "Sigot Dispensary", "created": "2009-10-31T00:00:00+00:00", "regulatory_body": {"name": "Other"}, "facility_type": {"name": "Dispensary"}, "plot_number": null, "operation_status": {"name": "Not-Operational"}, "number_of_beds": 0}, {"code": 15561, "location_desc": null, "official_name": "Siana Springs Dispensary", "owner": {"name": "Non-Governmental Organizations"}, "keph_level": {"name": "Level 2"}, "ward": {"code": 909}, "number_of_cots": 0, "town": {"name": "sekenani market"}, "name": "Siana Springs Dispensary", "created": "2009-10-31T00:00:00+00:00", "regulatory_body": {"name": "Kenya MPDB - Institution"}, "facility_type": {"name": "Dispensary"}, "plot_number": null, "operation_status": {"name": "Operational"}, "number_of_beds": 0}, {"code": 11903, "location_desc": null, "official_name": "Wenje Dispensary", "owner": {"name": "Ministry of Health"}, "keph_level": {"name": "Level 2"}, "ward": {"code": 92}, "number_of_cots": 0, "town": {"name": "wenje"}, "name": "Wenje Dispensary", "created": "2009-10-31T00:00:00+00:00", "regulatory_body": {"name": "Ministry of Health"}, "facility_type": {"name": "Dispensary"}, "plot_number": null, "operation_status": {"name": "Operational"}, "number_of_beds": 1}, {"code": 11904, "location_desc": "Next to Makandenyi MKT along Wundanyi Werugha Mgange Road.", "official_name": "Werugha Health Centre", "owner": {"name": "Ministry of Health"}, "keph_level": {"name": "Level 3"}, "ward": {"code": 117}, "number_of_cots": 0, "town": {"name": "werugha"}, "name": "Werugha Health Centre", "created": "2009-10-31T00:00:00+00:00", "regulatory_body": {"name": "Ministry of Health"}, "facility_type": {"name": "Health Centre"}, "plot_number": null, "operation_status": {"name": "Operational"}, "number_of_beds": 0}, {"code": 15527, "location_desc": null, "official_name": "Sandai Dispensary", "owner": {"name": "Ministry of Health"}, "keph_level": {"name": "Level 2"}, "ward": {"code": 800}, "number_of_cots": 0, "town": {"name": "marigat"}, "name": "Sandai Dispensary", "created": "2009-10-31T00:00:00+00:00", "regulatory_body": {"name": "Ministry of Health"}, "facility_type": {"name": "Dispensary"}, "plot_number": null, "operation_status": {"name": "Operational"}, "number_of_beds": 0}, {"code": 16690, "location_desc": "Ololchani Primary School", "official_name": "Ololchani Dispensary", "owner": {"name": "Ministry of Health"}, "keph_level": {"name": "Level 2"}, "ward": {"code": 882}, "number_of_cots": 0, "town": {"name": "kilgoris"}, "name": "Ololchani Dispensary", "created": "2009-10-31T00:00:00+00:00", "regulatory_body": {"name": "Other"}, "facility_type": {"name": "Dispensary"}, "plot_number": null, "operation_status": {"name": "Pending Opening"}, "number_of_beds": 0}, {"code": 15382, "location_desc": null, "official_name": "Ochii Dispensary", "owner": {"name": "Ministry of Health"}, "keph_level": {"name": "Level 2"}, "ward": {"code": 795}, "number_of_cots": 0, "town": {"name": "kabarnet"}, "name": "Ochii Dispensary", "created": "2009-10-31T00:00:00+00:00", "regulatory_body": {"name": "Ministry of Health"}, "facility_type": {"name": "Dispensary"}, "plot_number": null, "operation_status": {"name": "Operational"}, "number_of_beds": 0}, {"code": 16722, "location_desc": null, "official_name": "Burutu Dspensary", "owner": {"name": "Community"}, "keph_level": {"name": "Level 2"}, "ward": {"code": 943}, "number_of_cots": 0, "town": {"name": "kokwet"}, "name": "Burutu Dspensary", "created": "2009-10-31T00:00:00+00:00", "regulatory_body": {"name": "Other"}, "facility_type": {"name": "Dispensary"}, "plot_number": null, "operation_status": {"name": "Pending Opening"}, "number_of_beds": 0}, {"code": 14985, "location_desc": "Off Olndonyorok Angata Road", "official_name": "Kondamet Dispensary", "owner": {"name": "Ministry of Health"}, "keph_level": {"name": "Level 2"}, "ward": {"code": 883}, "number_of_cots": 0, "town": {"name": "kilgoris"}, "name": "Kondamet Dispensary", "created": "2009-10-31T00:00:00+00:00", "regulatory_body": {"name": "Ministry of Health"}, "facility_type": {"name": "Dispensary"}, "plot_number": null, "operation_status": {"name": "Operational"}, "number_of_beds": 0}, {"code": 14813, "location_desc": null, "official_name": "Kasuroi Dispensary", "owner": {"name": "Community"}, "keph_level": {"name": "Level 2"}, "ward": {"code": 637}, "number_of_cots": 0, "town": {"name": "lokichar"}, "name": "Kasuroi Dispensary", "created": "2009-10-31T00:00:00+00:00", "regulatory_body": {"name": "Other"}, "facility_type": {"name": "Dispensary"}, "plot_number": null, "operation_status": {"name": "Pending Opening"}, "number_of_beds": 0}, {"code": 14296, "location_desc": null, "official_name": "Chebirbei Dspensary", "owner": {"name": "Community"}, "keph_level": {"name": "Level 2"}, "ward": {"code": 958}, "number_of_cots": 0, "town": {"name": "sigowet"}, "name": "Chebirbei Dspensary", "created": "2009-10-31T00:00:00+00:00", "regulatory_body": {"name": "Ministry of Health"}, "facility_type": {"name": "Dispensary"}, "plot_number": null, "operation_status": {"name": "Operational"}, "number_of_beds": 0}, {"code": 14516, "location_desc": "Near the Naivasha Maximum Prison ", "official_name": "GK Prison Annex Dispensary ", "owner": {"name": "Other Public Institution"}, "keph_level": {"name": "Level 2"}, "ward": {"code": 847}, "number_of_cots": 0, "town": {"name": "naivasha town"}, "name": "GK Prison Annex Dispensary (Naivasha)", "created": "2009-10-31T00:00:00+00:00", "regulatory_body": {"name": "Ministry of Health"}, "facility_type": {"name": "Dispensary"}, "plot_number": null, "operation_status": {"name": "Operational"}, "number_of_beds": 0}, {"code": 14520, "location_desc": null, "official_name": "GK Prisons Dispensary (Kapenguria)", "owner": {"name": "Ministry of Health"}, "keph_level": {"name": "Level 2"}, "ward": {"code": 644}, "number_of_cots": 0, "town": {"name": "kapenguria"}, "name": "GK Prisons Dispensary (Kapenguria)", "created": "2009-10-31T00:00:00+00:00", "regulatory_body": {"name": "Other"}, "facility_type": {"name": "Dispensary"}, "plot_number": null, "operation_status": {"name": "Operational"}, "number_of_beds": 0}, {"code": 14371, "location_desc": null, "official_name": "Cheptil Dispensary", "owner": {"name": "Community"}, "keph_level": {"name": "Level 2"}, "ward": {"code": 779}, "number_of_cots": 0, "town": {"name": "eldoret"}, "name": "Cheptil Dispensary", "created": "2009-10-31T00:00:00+00:00", "regulatory_body": {"name": "Other"}, "facility_type": {"name": "Dispensary"}, "plot_number": null, "operation_status": {"name": "Not-Operational"}, "number_of_beds": 0}, {"code": 14972, "location_desc": null, "official_name": "Koiwalelach Dispensary", "owner": {"name": "Community"}, "keph_level": {"name": "Level 2"}, "ward": {"code": 958}, "number_of_cots": 0, "town": {"name": "kericho"}, "name": "Koiwalelach Dispensary", "created": "2009-10-31T00:00:00+00:00", "regulatory_body": {"name": "Ministry of Health"}, "facility_type": {"name": "Dispensary"}, "plot_number": null, "operation_status": {"name": "Operational"}, "number_of_beds": 0}, {"code": 16470, "location_desc": "Near Barsiele trading centre about - 3KM", "official_name": "Segetet Dispensary", "owner": {"name": "Ministry of Health"}, "keph_level": {"name": "Level 2"}, "ward": {"code": 942}, "number_of_cots": 0, "town": {"name": "barsiele market"}, "name": "Segetet Dispensary", "created": "2009-10-31T00:00:00+00:00", "regulatory_body": {"name": "Ministry of Health"}, "facility_type": {"name": "Dispensary"}, "plot_number": null, "operation_status": {"name": "Operational"}, "number_of_beds": 0}, {"code": 14671, "location_desc": null, "official_name": "Kamawoi Dispensary", "owner": {"name": "Ministry of Health"}, "keph_level": {"name": "Level 2"}, "ward": {"code": 958}, "number_of_cots": 0, "town": {"name": "sosiot"}, "name": "Kamawoi Dispensary", "created": "2009-10-31T00:00:00+00:00", "regulatory_body": {"name": "Ministry of Health"}, "facility_type": {"name": "Dispensary"}, "plot_number": null, "operation_status": {"name": "Operational"}, "number_of_beds": 0}, {"code": 14726, "location_desc": null, "official_name": "Kapkormom Dispensary", "owner": {"name": "Community"}, "keph_level": {"name": "Level 2"}, "ward": {"code": 965}, "number_of_cots": 0, "town": {"name": "koru"}, "name": "Kapkormom Dispensary", "created": "2009-10-31T00:00:00+00:00", "regulatory_body": {"name": "Other"}, "facility_type": {"name": "Dispensary"}, "plot_number": null, "operation_status": {"name": "Operational"}, "number_of_beds": 0}, {"code": 15085, "location_desc": "Lorengippi Trading Centre", "official_name": "Lorengippi Dispensary", "owner": {"name": "Ministry of Health"}, "keph_level": {"name": "Level 2"}, "ward": {"code": 636}, "number_of_cots": 0, "town": {"name": "lorugum"}, "name": "Lorengippi Dispensary", "created": "2009-10-31T00:00:00+00:00", "regulatory_body": {"name": "Ministry of Health"}, "facility_type": {"name": "Dispensary"}, "plot_number": null, "operation_status": {"name": "Operational"}, "number_of_beds": 0}, {"code": 15043, "location_desc": null, "official_name": "Locheremoit Dispensary", "owner": {"name": "Community"}, "keph_level": {"name": "Level 2"}, "ward": {"code": 637}, "number_of_cots": 0, "town": {"name": "lokichar"}, "name": "Locheremoit Dispensary", "created": "2009-10-31T00:00:00+00:00", "regulatory_body": {"name": "Other"}, "facility_type": {"name": "Dispensary"}, "plot_number": null, "operation_status": {"name": "Operational"}, "number_of_beds": 0}, {"code": 14359, "location_desc": null, "official_name": "Chepseon Dispensary", "owner": {"name": "Ministry of Health"}, "keph_level": {"name": "Level 2"}, "ward": {"code": 938}, "number_of_cots": 0, "town": {"name": "chesinende"}, "name": "Chepseon Dispensary", "created": "2009-10-31T00:00:00+00:00", "regulatory_body": {"name": "Ministry of Health"}, "facility_type": {"name": "Dispensary"}, "plot_number": null, "operation_status": {"name": "Operational"}, "number_of_beds": 4}, {"code": 14669, "location_desc": null, "official_name": "Kamasai Dispensary", "owner": {"name": "Community"}, "keph_level": {"name": "Level 2"}, "ward": {"code": 774}, "number_of_cots": 0, "town": {"name": "eldoret"}, "name": "Kamasai Dispensary", "created": "2009-10-31T00:00:00+00:00", "regulatory_body": {"name": "Other"}, "facility_type": {"name": "Dispensary"}, "plot_number": null, "operation_status": {"name": "Not-Operational"}, "number_of_beds": 0}, {"code": 14987, "location_desc": null, "official_name": "Kongoro Dispensary", "owner": {"name": "Community"}, "keph_level": {"name": "Level 2"}, "ward": {"code": 757}, "number_of_cots": 0, "town": {"name": "nandi hills"}, "name": "Kongoro Dispensary", "created": "2009-10-31T00:00:00+00:00", "regulatory_body": {"name": "Other"}, "facility_type": {"name": "Dispensary"}, "plot_number": null, "operation_status": {"name": "Operational"}, "number_of_beds": 0}, {"code": 15890, "location_desc": "Bungoma GK Prison ", "official_name": "GK Prison Dispensary ( Bungoma South)", "owner": {"name": "Other Public Institution"}, "keph_level": {"name": "Level 2"}, "ward": {"code": 1100}, "number_of_cots": 0, "town": {"name": "bungoma prison"}, "name": "GK Prison Dispensary ( Bungoma South)", "created": "2009-10-31T00:00:00+00:00", "regulatory_body": {"name": "Ministry of Health"}, "facility_type": {"name": "Dispensary"}, "plot_number": null, "operation_status": {"name": "Operational"}, "number_of_beds": 0}, {"code": 15230, "location_desc": null, "official_name": "Mosoriot TTC Dispensary", "owner": {"name": "Academic (if registered)"}, "keph_level": {"name": "Level 2"}, "ward": {"code": 767}, "number_of_cots": 0, "town": {"name": "eldoret"}, "name": "Mosoriot Ttc Dispensary", "created": "2009-10-31T00:00:00+00:00", "regulatory_body": {"name": "Other"}, "facility_type": {"name": "Dispensary"}, "plot_number": null, "operation_status": {"name": "Operational"}, "number_of_beds": 0}, {"code": 14702, "location_desc": null, "official_name": "Kapindasim  Dispensary", "owner": {"name": "Ministry of Health"}, "keph_level": {"name": "Level 2"}, "ward": {"code": 801}, "number_of_cots": 0, "town": {"name": "kabarnet"}, "name": "Kapindasim Dispensary", "created": "2009-10-31T00:00:00+00:00", "regulatory_body": {"name": "Ministry of Health"}, "facility_type": {"name": "Dispensary"}, "plot_number": null, "operation_status": {"name": "Operational"}, "number_of_beds": 0}, {"code": 14835, "location_desc": "Off Oldonyorok - Kondamet Road", "official_name": "Keringani Dispensary", "owner": {"name": "Ministry of Health"}, "keph_level": {"name": "Level 2"}, "ward": {"code": 885}, "number_of_cots": 0, "town": {"name": "lolgorian"}, "name": "Keringani Dispensary", "created": "2009-10-31T00:00:00+00:00", "regulatory_body": {"name": "Ministry of Health"}, "facility_type": {"name": "Dispensary"}, "plot_number": null, "operation_status": {"name": "Operational"}, "number_of_beds": 0}, {"code": 14180, "location_desc": null, "official_name": "10 Engineer VCT", "owner": {"name": "Armed Forces"}, "keph_level": {"name": "Level 2"}, "ward": {"code": 820}, "number_of_cots": 0, "town": {"name": "nanyuki"}, "name": "10 Engineer VCT", "created": "2009-10-31T00:00:00+00:00", "regulatory_body": {"name": "Other"}, "facility_type": {"name": "Dispensary"}, "plot_number": null, "operation_status": {"name": "Operational"}, "number_of_beds": 0}, {"code": 14795, "location_desc": "20 kms off Lodwa-KALOKOL, ROAD at Eliye springs junction", "official_name": "Kapua Dispensary", "owner": {"name": "Ministry of Health"}, "keph_level": {"name": "Level 2"}, "ward": {"code": 626}, "number_of_cots": 0, "town": {"name": "lodwar"}, "name": "Kapua Dispensary", "created": "2009-10-31T00:00:00+00:00", "regulatory_body": {"name": "Ministry of Health"}, "facility_type": {"name": "Dispensary"}, "plot_number": null, "operation_status": {"name": "Operational"}, "number_of_beds": 0}, {"code": 15094, "location_desc": "Loturerei village 18 kms from Lodwar town along Lodwar- Kitale Highway", "official_name": "Loturerei Dispensary", "owner": {"name": "Ministry of Health"}, "keph_level": {"name": "Level 2"}, "ward": {"code": 637}, "number_of_cots": 0, "town": {"name": "lodwar"}, "name": "Loturerei Dispensary", "created": "2009-10-31T00:00:00+00:00", "regulatory_body": {"name": "Ministry of Health"}, "facility_type": {"name": "Dispensary"}, "plot_number": null, "operation_status": {"name": "Operational"}, "number_of_beds": 0}, {"code": 16723, "location_desc": null, "official_name": "Koisagat Dispensary (Kipkelion)", "owner": {"name": "Community"}, "keph_level": {"name": "Level 2"}, "ward": {"code": 943}, "number_of_cots": 0, "town": {"name": "kipkelion"}, "name": "Koisagat Dispensary (Kipkelion)", "created": "2009-10-31T00:00:00+00:00", "regulatory_body": {"name": "Other"}, "facility_type": {"name": "Dispensary"}, "plot_number": null, "operation_status": {"name": "Not-Operational"}, "number_of_beds": 0}, {"code": 14271, "location_desc": null, "official_name": "Buchenge Dispensary", "owner": {"name": "Community"}, "keph_level": {"name": "Level 2"}, "ward": {"code": 949}, "number_of_cots": 0, "town": {"name": "kericho"}, "name": "Buchenge Dispensary", "created": "2009-10-31T00:00:00+00:00", "regulatory_body": {"name": "Other"}, "facility_type": {"name": "Dispensary"}, "plot_number": null, "operation_status": {"name": "Unknown"}, "number_of_beds": 0}, {"code": 15069, "location_desc": null, "official_name": "Lolkeringet Dispensary", "owner": {"name": "Community"}, "keph_level": {"name": "Level 2"}, "ward": {"code": 777}, "number_of_cots": 0, "town": {"name": "kapsabet"}, "name": "Lolkeringet Dispensary", "created": "2009-10-31T00:00:00+00:00", "regulatory_body": {"name": "Other"}, "facility_type": {"name": "Dispensary"}, "plot_number": null, "operation_status": {"name": "Not-Operational"}, "number_of_beds": 0}, {"code": 14293, "location_desc": "Next to Chebewor Secondary school", "official_name": "Chebewor Dispensary", "owner": {"name": "Ministry of Health"}, "keph_level": {"name": "Level 2"}, "ward": {"code": 937}, "number_of_cots": 0, "town": {"name": "londiani"}, "name": "Chebewor Dispensary", "created": "2009-10-31T00:00:00+00:00", "regulatory_body": {"name": "Ministry of Health"}, "facility_type": {"name": "Dispensary"}, "plot_number": null, "operation_status": {"name": "Operational"}, "number_of_beds": 4}, {"code": 14220, "location_desc": null, "official_name": "Atiar  Dispensary", "owner": {"name": "Community"}, "keph_level": {"name": "Level 2"}, "ward": {"code": 791}, "number_of_cots": 0, "town": {"name": "kabartonjo"}, "name": "Atiar Dispensary", "created": "2009-10-31T00:00:00+00:00", "regulatory_body": {"name": "Other"}, "facility_type": {"name": "Dispensary"}, "plot_number": null, "operation_status": {"name": "Operational"}, "number_of_beds": 0}, {"code": 14578, "location_desc": null, "official_name": "Iraa Dispensary", "owner": {"name": "Ministry of Health"}, "keph_level": {"name": "Level 2"}, "ward": {"code": 963}, "number_of_cots": 0, "town": {"name": "sosiot"}, "name": "Iraa Dispensary", "created": "2009-10-31T00:00:00+00:00", "regulatory_body": {"name": "Ministry of Health"}, "facility_type": {"name": "Dispensary"}, "plot_number": null, "operation_status": {"name": "Operational"}, "number_of_beds": 0}, {"code": 15732, "location_desc": null, "official_name": "Tom Mboya Dispensary", "owner": {"name": "Local Authority"}, "keph_level": {"name": "Level 2"}, "ward": {"code": 685}, "number_of_cots": 0, "town": {"name": "kitale"}, "name": "Tom Mboya Dispensary", "created": "2009-10-31T00:00:00+00:00", "regulatory_body": {"name": "Other"}, "facility_type": {"name": "Dispensary"}, "plot_number": null, "operation_status": {"name": "Operational"}, "number_of_beds": 0}, {"code": 15734, "location_desc": null, "official_name": "Top Station Dispensary", "owner": {"name": "Local Authority"}, "keph_level": {"name": "Level 2"}, "ward": {"code": 684}, "number_of_cots": 0, "town": {"name": "kitale"}, "name": "Top Station Dispensary", "created": "2009-10-31T00:00:00+00:00", "regulatory_body": {"name": "Other"}, "facility_type": {"name": "Dispensary"}, "plot_number": null, "operation_status": {"name": "Operational"}, "number_of_beds": 0}, {"code": 16689, "location_desc": null, "official_name": "Narolong Dispensary (Trans Mara West)", "owner": {"name": "Community"}, "keph_level": {"name": "Level 2"}, "ward": {"code": 882}, "number_of_cots": 0, "town": {"name": "kilgoris"}, "name": "Narolong Dispensary (Trans Mara West)", "created": "2009-10-31T00:00:00+00:00", "regulatory_body": {"name": "Other"}, "facility_type": {"name": "Dispensary"}, "plot_number": null, "operation_status": {"name": "Pending Opening"}, "number_of_beds": 0}, {"code": 16688, "location_desc": "Along Kilgoris Meguara Road", "official_name": "Meguara Dispensary", "owner": {"name": "Ministry of Health"}, "keph_level": {"name": "Level 2"}, "ward": {"code": 881}, "number_of_cots": 0, "town": {"name": "meguara market"}, "name": "Meguara Dispensary", "created": "2009-10-31T00:00:00+00:00", "regulatory_body": {"name": "Ministry of Health"}, "facility_type": {"name": "Dispensary"}, "plot_number": null, "operation_status": {"name": "Operational"}, "number_of_beds": 0}, {"code": 15356, "location_desc": "At Njipiship Market along Kilgoris - Abossi Road", "official_name": "Njipiship Dispensary", "owner": {"name": "Ministry of Health"}, "keph_level": {"name": "Level 2"}, "ward": {"code": 888}, "number_of_cots": 0, "town": {"name": "njipiship"}, "name": "Njipiship Dispensary", "created": "2009-10-31T00:00:00+00:00", "regulatory_body": {"name": "Ministry of Health"}, "facility_type": {"name": "Dispensary"}, "plot_number": null, "operation_status": {"name": "Operational"}, "number_of_beds": 0}], "model": "facilities.Facility", "unique_fields": ["code"]}]