[{"records": [{"code": 15250, "location_desc": "Naivasha town on the route to the DC's office near Anglican church of kenya", "official_name": "Mulemi Maternity and Nursing home", "owner": {"name": "Private Practice - Medical Specialist"}, "keph_level": {"name": "Level 3"}, "ward": {"code": 838}, "number_of_cots": 0, "town": {"name": "naivasha town"}, "name": "Mulemi Maternity Home", "created": "2009-10-31T00:00:00+00:00", "regulatory_body": {"name": "Kenya MPDB - Institution"}, "facility_type": {"name": "Nursing Home"}, "plot_number": null, "operation_status": {"name": "Operational"}, "number_of_beds": 12}, {"code": 15004, "location_desc": "On Kenyatta Avenue opposite Bishop Ndingi secondary school", "official_name": "Lakeview Nursing Home", "owner": {"name": "Private Practice - General Practitioner"}, "keph_level": {"name": "Level 3"}, "ward": {"code": 838}, "number_of_cots": 4, "town": {"name": "naivasha town"}, "name": "Lakeview Nursing Home", "created": "2009-10-31T00:00:00+00:00", "regulatory_body": {"name": "Kenya MPDB - Institution"}, "facility_type": {"name": "Nursing Home"}, "plot_number": null, "operation_status": {"name": "Operational"}, "number_of_beds": 5}, {"code": 14265, "location_desc": "Next to Bondeni police station", "official_name": "Bondeni Maternity", "owner": {"name": "Ministry of Health"}, "keph_level": {"name": "Level 3"}, "ward": {"code": 876}, "number_of_cots": 12, "town": {"name": "nakuru town"}, "name": "Bondeni Maternity", "created": "2009-10-31T00:00:00+00:00", "regulatory_body": {"name": "Ministry of Health"}, "facility_type": {"name": "Maternity Home"}, "plot_number": null, "operation_status": {"name": "Operational"}, "number_of_beds": 20}, {"code": 16337, "location_desc": null, "official_name": "Lelmolok Nursing Home", "owner": {"name": "Private Enterprise (Institution)"}, "keph_level": {"name": "Level 3"}, "ward": {"code": 729}, "number_of_cots": 0, "town": {"name": "eldoret"}, "name": "Lelmolok Nursing Home", "created": "2009-10-31T00:00:00+00:00", "regulatory_body": {"name": "Kenya MPDB - Institution"}, "facility_type": {"name": "Nursing Home"}, "plot_number": null, "operation_status": {"name": "Operational"}, "number_of_beds": 10}, {"code": 16138, "location_desc": null, "official_name": "St Damiano Nursing Home", "owner": {"name": "Kenya Episcopal Conference-Catholic Secretariat"}, "keph_level": {"name": "Level 3"}, "ward": {"code": 1099}, "number_of_cots": 0, "town": {"name": "bungoma"}, "name": "St Damiano Nursing Home", "created": "2009-10-31T00:00:00+00:00", "regulatory_body": {"name": "Kenya MPDB - Institution"}, "facility_type": {"name": "Nursing Home"}, "plot_number": "5379 mumias rd, bgm", "operation_status": {"name": "Operational"}, "number_of_beds": 38}, {"code": 15871, "location_desc": "Along Mumias Rd next to Bungoma Tourist Hotel", "official_name": "Elgon view Medical Cottage", "owner": {"name": "Private Enterprise (Institution)"}, "keph_level": {"name": "Level 3"}, "ward": {"code": 1099}, "number_of_cots": 1, "town": {"name": "bungoma"}, "name": "Elgon View Medical Cottage", "created": "2009-10-31T00:00:00+00:00", "regulatory_body": {"name": "Kenya MPDB - Institution"}, "facility_type": {"name": "Nursing Home"}, "plot_number": "330 e/bukusu", "operation_status": {"name": "Operational"}, "number_of_beds": 16}, {"code": 15511, "location_desc": "Naivasha-Maimahiu road on The Equity Bank Building", "official_name": "Ndonyo Medical Centre", "owner": {"name": "Private Practice - Medical Specialist"}, "keph_level": {"name": "Level 2"}, "ward": {"code": 838}, "number_of_cots": 0, "town": {"name": "naivasha town"}, "name": "Ndonyo Medical Clinic", "created": "2009-10-31T00:00:00+00:00", "regulatory_body": {"name": "Kenya MPDB - Private Practice"}, "facility_type": {"name": "Medical Clinic"}, "plot_number": null, "operation_status": {"name": "Operational"}, "number_of_beds": 1}, {"code": 15760, "location_desc": null, "official_name": "Umoja Medical Clinic (Eldoret West)", "owner": {"name": "Private Practice - General Practitioner"}, "keph_level": {"name": "Level 2"}, "ward": {"code": 707}, "number_of_cots": 0, "town": {"name": "eldoret"}, "name": "Umoja Medical Clinic (Eldoret West)", "created": "2009-10-31T00:00:00+00:00", "regulatory_body": {"name": "Kenya MPDB - Private Practice"}, "facility_type": {"name": "Medical Clinic"}, "plot_number": null, "operation_status": {"name": "Operational"}, "number_of_beds": 0}, {"code": 10271, "location_desc": null, "official_name": "Githunguri Heathwatch Clinic", "owner": {"name": "Private Practice - General Practitioner"}, "keph_level": {"name": "Level 2"}, "ward": {"code": 577}, "number_of_cots": 0, "town": {"name": "githunguri"}, "name": "Githunguri Heathwatch Clinic", "created": "2009-10-31T00:00:00+00:00", "regulatory_body": {"name": "Kenya MPDB - Private Practice"}, "facility_type": {"name": "Medical Clinic"}, "plot_number": null, "operation_status": {"name": "Operational"}, "number_of_beds": 0}, {"code": 14280, "location_desc": "Next to Grandpri Hotel", "official_name": "Cedar Associate Clinic", "owner": {"name": "Private Practice - General Practitioner"}, "keph_level": {"name": "Level 2"}, "ward": {"code": 718}, "number_of_cots": 0, "town": {"name": "eldoret"}, "name": "Cedar Associate Clinic", "created": "2009-10-31T00:00:00+00:00", "regulatory_body": {"name": "Kenya MPDB - Private Practice"}, "facility_type": {"name": "Medical Clinic"}, "plot_number": null, "operation_status": {"name": "Operational"}, "number_of_beds": 0}, {"code": 14963, "location_desc": null, "official_name": "Koibatal Medical", "owner": {"name": "Private Practice - General Practitioner"}, "keph_level": {"name": "Level 2"}, "ward": {"code": 714}, "number_of_cots": 0, "town": {"name": "eldoret"}, "name": "Koibatal Medical", "created": "2009-10-31T00:00:00+00:00", "regulatory_body": {"name": "Kenya MPDB - Private Practice"}, "facility_type": {"name": "Medical Clinic"}, "plot_number": null, "operation_status": {"name": "Not-Operational"}, "number_of_beds": 0}, {"code": 14861, "location_desc": null, "official_name": "Kihia Medical Clinic", "owner": {"name": "Private Practice - Clinical Officer"}, "keph_level": {"name": "Level 2"}, "ward": {"code": 867}, "number_of_cots": 0, "town": {"name": "heshima"}, "name": "Kihia Medical Clinic", "created": "2009-10-31T00:00:00+00:00", "regulatory_body": {"name": "Clinical Officers Council"}, "facility_type": {"name": "Medical Clinic"}, "plot_number": null, "operation_status": {"name": "Operational"}, "number_of_beds": 0}, {"code": 15688, "location_desc": null, "official_name": "Sun-Shine Medical Clinic Annex", "owner": {"name": "Private Practice - Clinical Officer"}, "keph_level": {"name": "Level 2"}, "ward": {"code": 869}, "number_of_cots": 0, "town": {"name": "mailikumi"}, "name": "Sun-Shine Medical Clinic Annex", "created": "2009-10-31T00:00:00+00:00", "regulatory_body": {"name": "Clinical Officers Council"}, "facility_type": {"name": "Medical Clinic"}, "plot_number": null, "operation_status": {"name": "Operational"}, "number_of_beds": 0}, {"code": 10270, "location_desc": null, "official_name": "Githunguri Health Services Clinic", "owner": {"name": "Private Practice - Clinical Officer"}, "keph_level": {"name": "Level 2"}, "ward": {"code": 577}, "number_of_cots": 0, "town": {"name": "githunguri"}, "name": "Githunguri Health Services Clinic", "created": "2009-10-31T00:00:00+00:00", "regulatory_body": {"name": "Clinical Officers Council"}, "facility_type": {"name": "Medical Clinic"}, "plot_number": null, "operation_status": {"name": "Operational"}, "number_of_beds": 0}, {"code": 15163, "location_desc": null, "official_name": "Binyo Medical Clinic", "owner": {"name": "Private Practice - Clinical Officer"}, "keph_level": {"name": "Level 2"}, "ward": {"code": 858}, "number_of_cots": 1, "town": {"name": "subukia"}, "name": "Binyo Medical Clinic", "created": "2009-10-31T00:00:00+00:00", "regulatory_body": {"name": "Nursing Council of Kenya (Private Practice)"}, "facility_type": {"name": "Medical Clinic"}, "plot_number": null, "operation_status": {"name": "Not-Operational"}, "number_of_beds": 4}, {"code": 11841, "location_desc": "Taveta Meditech Centre is situted at the entrance of the main gate to Taveta Hospital on your left as you entre", "official_name": "Taveta Meditech Centre", "owner": {"name": "Private Practice - Clinical Officer"}, "keph_level": {"name": "Level 2"}, "ward": {"code": 114}, "number_of_cots": 0, "town": {"name": "taveta"}, "name": "Taveta Meditech Centre", "created": "2009-10-31T00:00:00+00:00", "regulatory_body": {"name": "Clinical Officers Council"}, "facility_type": {"name": "Medical Clinic"}, "plot_number": null, "operation_status": {"name": "Operational"}, "number_of_beds": 0}, {"code": 10554, "location_desc": null, "official_name": "Kiane Medical & Eye Clinic", "owner": {"name": "Private Practice - Clinical Officer"}, "keph_level": {"name": "Level 2"}, "ward": {"code": 539}, "number_of_cots": 0, "town": {"name": "naaro"}, "name": "Kiane Medical & Eye Clinic", "created": "2009-10-31T00:00:00+00:00", "regulatory_body": {"name": "Clinical Officers Council"}, "facility_type": {"name": "Medical Clinic"}, "plot_number": null, "operation_status": {"name": "Not-Operational"}, "number_of_beds": 0}, {"code": 12338, "location_desc": null, "official_name": "Kiroo Clinic", "owner": {"name": "Private Practice - Clinical Officer"}, "keph_level": {"name": "Level 2"}, "ward": {"code": 298}, "number_of_cots": 0, "town": {"name": "chogoria"}, "name": "Kiroo Clinic", "created": "2009-10-31T00:00:00+00:00", "regulatory_body": {"name": "Clinical Officers Council"}, "facility_type": {"name": "Medical Clinic"}, "plot_number": null, "operation_status": {"name": "Operational"}, "number_of_beds": 0}, {"code": 11169, "location_desc": null, "official_name": "Wangema (African Christian Churches And Schools) Clinic", "owner": {"name": "Christian Health Association of Kenya"}, "keph_level": {"name": "Level 2"}, "ward": {"code": 538}, "number_of_cots": 0, "town": {"name": "maragua"}, "name": "Wangema (African Christian Churches and Schools) C", "created": "2009-10-31T00:00:00+00:00", "regulatory_body": {"name": "Kenya MPDB - Institution"}, "facility_type": {"name": "Medical Clinic"}, "plot_number": null, "operation_status": {"name": "Not-Operational"}, "number_of_beds": 0}, {"code": 11115, "location_desc": null, "official_name": "Tumaini Clinic (Kigumo)", "owner": {"name": "Private Practice - Clinical Officer"}, "keph_level": {"name": "Level 2"}, "ward": {"code": 531}, "number_of_cots": 0, "town": {"name": "kangari"}, "name": "Tumaini Clinic (Kigumo)", "created": "2009-10-31T00:00:00+00:00", "regulatory_body": {"name": "Clinical Officers Council"}, "facility_type": {"name": "Medical Clinic"}, "plot_number": null, "operation_status": {"name": "Not-Operational"}, "number_of_beds": 0}, {"code": 11745, "location_desc": "Ndongo Purple Clinic is situated at Chachewa in Taveta Town", "official_name": "Ndongo Purple Clinic", "owner": {"name": "Private Practice - Nurse / Midwife"}, "keph_level": {"name": "Level 2"}, "ward": {"code": 113}, "number_of_cots": 0, "town": {"name": "taveta"}, "name": "Ndongo Purple Clinic", "created": "2009-10-31T00:00:00+00:00", "regulatory_body": {"name": "Nursing Council of Kenya (Private Practice)"}, "facility_type": {"name": "Medical Clinic"}, "plot_number": null, "operation_status": {"name": "Operational"}, "number_of_beds": 0}, {"code": 10926, "location_desc": "At Maragua town", "official_name": "Paed Afya Clinic", "owner": {"name": "Private Practice - Clinical Officer"}, "keph_level": {"name": "Level 2"}, "ward": {"code": 537}, "number_of_cots": 0, "town": {"name": "maragua"}, "name": "Paed Afya Clinic", "created": "2009-10-31T00:00:00+00:00", "regulatory_body": {"name": "Clinical Officers Council"}, "facility_type": {"name": "Medical Clinic"}, "plot_number": null, "operation_status": {"name": "Operational"}, "number_of_beds": 0}, {"code": 15484, "location_desc": "Opposite DEB primary school.", "official_name": "Khems Medical Clinic", "owner": {"name": "Private Practice - Clinical Officer"}, "keph_level": {"name": "Level 2"}, "ward": {"code": 838}, "number_of_cots": 0, "town": {"name": "naivasha town"}, "name": "Khems Medical Clinic", "created": "2009-10-31T00:00:00+00:00", "regulatory_body": {"name": "Clinical Officers Council"}, "facility_type": {"name": "Medical Clinic"}, "plot_number": null, "operation_status": {"name": "Operational"}, "number_of_beds": 0}, {"code": 14509, "location_desc": "near Gilgil town", "official_name": "Gilgil Community Medical Clinic", "owner": {"name": "Private Practice - Nurse / Midwife"}, "keph_level": {"name": "Level 2"}, "ward": {"code": 844}, "number_of_cots": 0, "town": {"name": "gilgil"}, "name": "Gilgil Community Medical Clinic", "created": "2009-10-31T00:00:00+00:00", "regulatory_body": {"name": "Nursing Council of Kenya (Private Practice)"}, "facility_type": {"name": "Medical Clinic"}, "plot_number": null, "operation_status": {"name": "Operational"}, "number_of_beds": 0}, {"code": 16174, "location_desc": null, "official_name": "Karathe Medical Clinic", "owner": {"name": "Private Practice - Nurse / Midwife"}, "keph_level": {"name": "Level 2"}, "ward": {"code": 542}, "number_of_cots": 0, "town": {"name": "sabasaba"}, "name": "Karathe Medical Clinic", "created": "2009-10-31T00:00:00+00:00", "regulatory_body": {"name": "Nursing Council of Kenya (Private Practice)"}, "facility_type": {"name": "Medical Clinic"}, "plot_number": null, "operation_status": {"name": "Operational"}, "number_of_beds": 0}, {"code": 15659, "location_desc": null, "official_name": "St Monica Medical Clinic (Dundori)", "owner": {"name": "Private Practice - Nurse / Midwife"}, "keph_level": {"name": "Level 2"}, "ward": {"code": 868}, "number_of_cots": 0, "town": {"name": "dundori"}, "name": "St Monica Medical Clinic (Dundori)", "created": "2009-10-31T00:00:00+00:00", "regulatory_body": {"name": "Nursing Council of Kenya (Private Practice)"}, "facility_type": {"name": "Medical Clinic"}, "plot_number": null, "operation_status": {"name": "Operational"}, "number_of_beds": 0}, {"code": 10016, "location_desc": null, "official_name": "Agape Medical Services", "owner": {"name": "Private Practice - Nurse / Midwife"}, "keph_level": {"name": "Level 2"}, "ward": {"code": 531}, "number_of_cots": 0, "town": {"name": "karinga"}, "name": "Agape Medical Services", "created": "2009-10-31T00:00:00+00:00", "regulatory_body": {"name": "Nursing Council of Kenya (Private Practice)"}, "facility_type": {"name": "Medical Clinic"}, "plot_number": null, "operation_status": {"name": "Not-Operational"}, "number_of_beds": 0}, {"code": 10176, "location_desc": null, "official_name": "Faith Health Services Medical Clinic", "owner": {"name": "Private Practice - Nurse / Midwife"}, "keph_level": {"name": "Level 2"}, "ward": {"code": 530}, "number_of_cots": 0, "town": {"name": "kirere"}, "name": "Faith Health Services Medical Clinic", "created": "2009-10-31T00:00:00+00:00", "regulatory_body": {"name": "Nursing Council of Kenya (Private Practice)"}, "facility_type": {"name": "Medical Clinic"}, "plot_number": null, "operation_status": {"name": "Not-Operational"}, "number_of_beds": 0}, {"code": 15898, "location_desc": "Situated at Ingavira Market on the Kakunga Shihome earth road after West Kenya, Sugar Company Limited.", "official_name": "Ingavira Medical Clinic ", "owner": {"name": "Private Practice - Nurse / Midwife"}, "keph_level": {"name": "Level 2"}, "ward": {"code": 1008}, "number_of_cots": 0, "town": {"name": "kakunga"}, "name": "Ingavira Medical Clinic", "created": "2009-10-31T00:00:00+00:00", "regulatory_body": {"name": "Nursing Council of Kenya (Private Practice)"}, "facility_type": {"name": "Medical Clinic"}, "plot_number": null, "operation_status": {"name": "Operational"}, "number_of_beds": 0}, {"code": 16071, "location_desc": null, "official_name": "Namwaya Clinic", "owner": {"name": "Private Practice - Nurse / Midwife"}, "keph_level": {"name": "Level 2"}, "ward": {"code": 1107}, "number_of_cots": 0, "town": {"name": "webuye"}, "name": "Namwaya Clinic", "created": "2009-10-31T00:00:00+00:00", "regulatory_body": {"name": "Nursing Council of Kenya (Private Practice)"}, "facility_type": {"name": "Medical Clinic"}, "plot_number": null, "operation_status": {"name": "Operational"}, "number_of_beds": 0}, {"code": 14547, "location_desc": "Heshima trading center along Nakuru - Bahati road", "official_name": "Heshima Medical Clinic (Nakuru North)", "owner": {"name": "Private Practice - Nurse / Midwife"}, "keph_level": {"name": "Level 2"}, "ward": {"code": 867}, "number_of_cots": 0, "town": {"name": "heshima"}, "name": "Heshima Medical Clinic (Nakuru North)", "created": "2009-10-31T00:00:00+00:00", "regulatory_body": {"name": "Nursing Council of Kenya (Private Practice)"}, "facility_type": {"name": "Medical Clinic"}, "plot_number": "1/4806", "operation_status": {"name": "Operational"}, "number_of_beds": 0}, {"code": 10204, "location_desc": null, "official_name": "Gakuyuini Medical Clinic", "owner": {"name": "Private Practice - Nurse / Midwife"}, "keph_level": {"name": "Level 2"}, "ward": {"code": 529}, "number_of_cots": 0, "town": {"name": "muthithi"}, "name": "Gakuyuini Medical Clinic", "created": "2009-10-31T00:00:00+00:00", "regulatory_body": {"name": "Nursing Council of Kenya (Private Practice)"}, "facility_type": {"name": "Medical Clinic"}, "plot_number": null, "operation_status": {"name": "Not-Operational"}, "number_of_beds": 0}, {"code": 15282, "location_desc": "Near Karagita shopping centre-moi-south lake Road", "official_name": "Naivasha (AIC) Medical Centre", "owner": {"name": "Christian Health Association of Kenya"}, "keph_level": {"name": "Level 3"}, "ward": {"code": 837}, "number_of_cots": 5, "town": {"name": "karagita shopping centre"}, "name": "Naivasha (AIC) Medical Centre", "created": "2009-10-31T00:00:00+00:00", "regulatory_body": {"name": "Kenya MPDB - Institution"}, "facility_type": {"name": "Health Centre"}, "plot_number": null, "operation_status": {"name": "Operational"}, "number_of_beds": 10}, {"code": 10169, "location_desc": "At mununga market near Gacharage Tea Factory", "official_name": "Emmaus Medical Clinic", "owner": {"name": "Private Practice - Nurse / Midwife"}, "keph_level": {"name": "Level 2"}, "ward": {"code": 532}, "number_of_cots": 0, "town": {"name": "kangari"}, "name": "Emmaus Medical Clinic", "created": "2009-10-31T00:00:00+00:00", "regulatory_body": {"name": "Nursing Council of Kenya (Private Practice)"}, "facility_type": {"name": "Medical Clinic"}, "plot_number": null, "operation_status": {"name": "Operational"}, "number_of_beds": 0}, {"code": 10241, "location_desc": null, "official_name": "Generations Medical Clinic", "owner": {"name": "Private Practice - Nurse / Midwife"}, "keph_level": {"name": "Level 2"}, "ward": {"code": 530}, "number_of_cots": 0, "town": {"name": "iriguini"}, "name": "Generations Medical Clinic", "created": "2009-10-31T00:00:00+00:00", "regulatory_body": {"name": "Nursing Council of Kenya (Private Practice)"}, "facility_type": {"name": "Medical Clinic"}, "plot_number": null, "operation_status": {"name": "Operational"}, "number_of_beds": 0}, {"code": 16164, "location_desc": null, "official_name": "Kabras Action Group(KAG) Clinic", "owner": {"name": "Company Medical Service"}, "keph_level": {"name": "Level 2"}, "ward": {"code": 1008}, "number_of_cots": 0, "town": {"name": "kakunga"}, "name": "Kabras Action Group (KAG) Clinic", "created": "2009-10-31T00:00:00+00:00", "regulatory_body": {"name": "Kenya MPDB - Institution"}, "facility_type": {"name": "Medical Clinic"}, "plot_number": null, "operation_status": {"name": "Operational"}, "number_of_beds": 0}, {"code": 10943, "location_desc": null, "official_name": "Polly Jam Medical Clinic", "owner": {"name": "Private Practice - Nurse / Midwife"}, "keph_level": {"name": "Level 2"}, "ward": {"code": 529}, "number_of_cots": 0, "town": {"name": "muthithi"}, "name": "Polly Jam Medical Clinic", "created": "2009-10-31T00:00:00+00:00", "regulatory_body": {"name": "Nursing Council of Kenya (Private Practice)"}, "facility_type": {"name": "Medical Clinic"}, "plot_number": null, "operation_status": {"name": "Operational"}, "number_of_beds": 0}, {"code": 15687, "location_desc": null, "official_name": "Sun-Shine Medical Clinic", "owner": {"name": "Private Practice - Nurse / Midwife"}, "keph_level": {"name": "Level 2"}, "ward": {"code": 869}, "number_of_cots": 0, "town": {"name": "mailikumi"}, "name": "Sun-Shine Medical Clinic", "created": "2009-10-31T00:00:00+00:00", "regulatory_body": {"name": "Nursing Council of Kenya (Private Practice)"}, "facility_type": {"name": "Medical Clinic"}, "plot_number": null, "operation_status": {"name": "Operational"}, "number_of_beds": 0}, {"code": 14905, "location_desc": null, "official_name": "Kipngchoch Medical Clinic", "owner": {"name": "Private Practice - Nurse / Midwife"}, "keph_level": {"name": "Level 2"}, "ward": {"code": 867}, "number_of_cots": 0, "town": {"name": "maili-kumi"}, "name": "Kipngchoch Medical Clinic", "created": "2009-10-31T00:00:00+00:00", "regulatory_body": {"name": "Nursing Council of Kenya (Private Practice)"}, "facility_type": {"name": "Medical Clinic"}, "plot_number": null, "operation_status": {"name": "Operational"}, "number_of_beds": 0}, {"code": 14936, "location_desc": null, "official_name": "Kiratina Medical Clinic", "owner": {"name": "Private Practice - Nurse / Midwife"}, "keph_level": {"name": "Level 2"}, "ward": {"code": 879}, "number_of_cots": 0, "town": {"name": "nakuru"}, "name": "Kiratina Medical Clinic", "created": "2009-10-31T00:00:00+00:00", "regulatory_body": {"name": "Nursing Council of Kenya (Private Practice)"}, "facility_type": {"name": "Medical Clinic"}, "plot_number": "143", "operation_status": {"name": "Operational"}, "number_of_beds": 0}, {"code": 10003, "location_desc": null, "official_name": "Aberdare Health Services", "owner": {"name": "Private Practice - Nurse / Midwife"}, "keph_level": {"name": "Level 2"}, "ward": {"code": 531}, "number_of_cots": 0, "town": {"name": "kangari"}, "name": "Aberdare Health Services", "created": "2009-10-31T00:00:00+00:00", "regulatory_body": {"name": "Nursing Council of Kenya (Private Practice)"}, "facility_type": {"name": "Medical Clinic"}, "plot_number": null, "operation_status": {"name": "Not-Operational"}, "number_of_beds": 0}, {"code": 10684, "location_desc": null, "official_name": "Maragua (African Christian Churches And Schools) Clinic", "owner": {"name": "Christian Health Association of Kenya"}, "keph_level": {"name": "Level 2"}, "ward": {"code": 538}, "number_of_cots": 0, "town": {"name": "maragua"}, "name": "Maragua (African Christian Churches and Schools) C", "created": "2009-10-31T00:00:00+00:00", "regulatory_body": {"name": "Kenya MPDB - Institution"}, "facility_type": {"name": "Dispensary"}, "plot_number": null, "operation_status": {"name": "Not-Operational"}, "number_of_beds": 0}, {"code": 14279, "location_desc": "Near Mai Mahiu shopping Centre", "official_name": "Canaan (ACK) Medical Clinic", "owner": {"name": "Christian Health Association of Kenya"}, "keph_level": {"name": "Level 2"}, "ward": {"code": 839}, "number_of_cots": 0, "town": {"name": "mai mahiu shopping centre"}, "name": "Canaan (ACK) Medical Clinic", "created": "2009-10-31T00:00:00+00:00", "regulatory_body": {"name": "Kenya MPDB - Institution"}, "facility_type": {"name": "Medical Clinic"}, "plot_number": null, "operation_status": {"name": "Operational"}, "number_of_beds": 0}, {"code": 10324, "location_desc": null, "official_name": "Hope Medical Clinic (Kigumo)", "owner": {"name": "Private Practice - Nurse / Midwife"}, "keph_level": {"name": "Level 2"}, "ward": {"code": 530}, "number_of_cots": 0, "town": {"name": "iriguini"}, "name": "Hope Medical Clinic (Kigumo)", "created": "2009-10-31T00:00:00+00:00", "regulatory_body": {"name": "Nursing Council of Kenya (Private Practice)"}, "facility_type": {"name": "Medical Clinic"}, "plot_number": null, "operation_status": {"name": "Not-Operational"}, "number_of_beds": 0}, {"code": 16686, "location_desc": null, "official_name": "Hope Medical Clinic (Nakuru)", "owner": {"name": "Private Practice - Nurse / Midwife"}, "keph_level": {"name": "Level 2"}, "ward": {"code": 867}, "number_of_cots": 0, "town": {"name": "heshima"}, "name": "Hope Medical Clinic (Nakuru)", "created": "2009-10-31T00:00:00+00:00", "regulatory_body": {"name": "Nursing Council of Kenya (Private Practice)"}, "facility_type": {"name": "Medical Clinic"}, "plot_number": null, "operation_status": {"name": "Operational"}, "number_of_beds": 0}, {"code": 10264, "location_desc": null, "official_name": "Githiga Midways Clinic", "owner": {"name": "Private Practice - Nurse / Midwife"}, "keph_level": {"name": "Level 2"}, "ward": {"code": 1368}, "number_of_cots": 0, "town": {"name": "githunguri"}, "name": "Githiga Midways Clinic", "created": "2009-10-31T00:00:00+00:00", "regulatory_body": {"name": "Nursing Council of Kenya (Private Practice)"}, "facility_type": {"name": "Medical Clinic"}, "plot_number": null, "operation_status": {"name": "Operational"}, "number_of_beds": 0}, {"code": 16513, "location_desc": null, "official_name": "St Jude Medical Clinic (Maragua)", "owner": {"name": "Private Practice - Nurse / Midwife"}, "keph_level": {"name": "Level 2"}, "ward": {"code": 537}, "number_of_cots": 0, "town": {"name": "maragua"}, "name": "St Jude Medical Clinic (Maragua)", "created": "2009-10-31T00:00:00+00:00", "regulatory_body": {"name": "Nursing Council of Kenya (Private Practice)"}, "facility_type": {"name": "Medical Clinic"}, "plot_number": null, "operation_status": {"name": "Operational"}, "number_of_beds": 0}, {"code": 10272, "location_desc": null, "official_name": "Githunguri Medical Plaza Clinic", "owner": {"name": "Private Practice - Nurse / Midwife"}, "keph_level": {"name": "Level 2"}, "ward": {"code": 577}, "number_of_cots": 0, "town": {"name": "githunguri"}, "name": "Githunguri Medical Plaza Clinic", "created": "2009-10-31T00:00:00+00:00", "regulatory_body": {"name": "Nursing Council of Kenya (Private Practice)"}, "facility_type": {"name": "Medical Clinic"}, "plot_number": null, "operation_status": {"name": "Operational"}, "number_of_beds": 0}, {"code": 15653, "location_desc": null, "official_name": "St Mary Medical Clinic (Nakuru North)", "owner": {"name": "Private Practice - Nurse / Midwife"}, "keph_level": {"name": "Level 2"}, "ward": {"code": 866}, "number_of_cots": 0, "town": {"name": "maili-tisa"}, "name": "St Mary Medical Clinic (Nakuru North)", "created": "2009-10-31T00:00:00+00:00", "regulatory_body": {"name": "Nursing Council of Kenya (Private Practice)"}, "facility_type": {"name": "Medical Clinic"}, "plot_number": null, "operation_status": {"name": "Operational"}, "number_of_beds": 0}, {"code": 16514, "location_desc": "Gakungu-Miu Road at Mithini market", "official_name": "Woodpark Med Clinic", "owner": {"name": "Private Practice - Nurse / Midwife"}, "keph_level": {"name": "Level 2"}, "ward": {"code": 534}, "number_of_cots": 0, "town": {"name": "mithini"}, "name": "Woodpark Med Clinic", "created": "2009-10-31T00:00:00+00:00", "regulatory_body": {"name": "Nursing Council of Kenya (Private Practice)"}, "facility_type": {"name": "Medical Clinic"}, "plot_number": null, "operation_status": {"name": "Operational"}, "number_of_beds": 0}, {"code": 15272, "location_desc": "In karagita shopping centre on Moi-south lake road.", "official_name": "Nacoharg Medical Centre", "owner": {"name": "Non-Governmental Organizations"}, "keph_level": {"name": "Level 2"}, "ward": {"code": 837}, "number_of_cots": 0, "town": {"name": "karagita shopping centre"}, "name": "Nacoharg Medical Centre", "created": "2009-10-31T00:00:00+00:00", "regulatory_body": {"name": "Kenya MPDB - Private Practice"}, "facility_type": {"name": "Medical Clinic"}, "plot_number": null, "operation_status": {"name": "Operational"}, "number_of_beds": 0}, {"code": 14482, "location_desc": null, "official_name": "Euvan Medical Clinic", "owner": {"name": "Private Practice - Nurse / Midwife"}, "keph_level": {"name": "Level 2"}, "ward": {"code": 869}, "number_of_cots": 0, "town": {"name": "bahati"}, "name": "Euvan Medical Clinic", "created": "2009-10-31T00:00:00+00:00", "regulatory_body": {"name": "Nursing Council of Kenya (Private Practice)"}, "facility_type": {"name": "Medical Clinic"}, "plot_number": null, "operation_status": {"name": "Operational"}, "number_of_beds": 0}, {"code": 10391, "location_desc": null, "official_name": "Kabati Medical Clinic", "owner": {"name": "Private Practice - Nurse / Midwife"}, "keph_level": {"name": "Level 2"}, "ward": {"code": 533}, "number_of_cots": 0, "town": {"name": "kabati"}, "name": "Kabati Medical Clinic", "created": "2009-10-31T00:00:00+00:00", "regulatory_body": {"name": "Nursing Council of Kenya (Private Practice)"}, "facility_type": {"name": "Medical Clinic"}, "plot_number": null, "operation_status": {"name": "Not-Operational"}, "number_of_beds": 0}, {"code": 10714, "location_desc": null, "official_name": "Mbuti Medical Clinic", "owner": {"name": "Private Practice - Nurse / Midwife"}, "keph_level": {"name": "Level 2"}, "ward": {"code": 536}, "number_of_cots": 0, "town": {"name": "mugumoini"}, "name": "Mbuti Medical Clinic", "created": "2009-10-31T00:00:00+00:00", "regulatory_body": {"name": "Nursing Council of Kenya (Private Practice)"}, "facility_type": {"name": "Medical Clinic"}, "plot_number": null, "operation_status": {"name": "Not-Operational"}, "number_of_beds": 0}, {"code": 10734, "location_desc": null, "official_name": "Monica Clinic", "owner": {"name": "Private Practice - Nurse / Midwife"}, "keph_level": {"name": "Level 2"}, "ward": {"code": 517}, "number_of_cots": 0, "town": {"name": "githunguri"}, "name": "Monica Clinic", "created": "2009-10-31T00:00:00+00:00", "regulatory_body": {"name": "Nursing Council of Kenya (Private Practice)"}, "facility_type": {"name": "Medical Clinic"}, "plot_number": null, "operation_status": {"name": "Operational"}, "number_of_beds": 0}, {"code": 10651, "location_desc": "At Kamahuha Market.", "official_name": "Kwa Ng'ang'a Medicare", "owner": {"name": "Private Practice - Nurse / Midwife"}, "keph_level": {"name": "Level 2"}, "ward": {"code": 536}, "number_of_cots": 0, "town": {"name": "kamahuha"}, "name": "Kwa Ng'ang'a Medicare", "created": "2009-10-31T00:00:00+00:00", "regulatory_body": {"name": "Nursing Council of Kenya (Private Practice)"}, "facility_type": {"name": "Medical Clinic"}, "plot_number": null, "operation_status": {"name": "Operational"}, "number_of_beds": 0}, {"code": 10685, "location_desc": null, "official_name": "Maragua Clinic", "owner": {"name": "Private Practice - Nurse / Midwife"}, "keph_level": {"name": "Level 2"}, "ward": {"code": 538}, "number_of_cots": 0, "town": {"name": "maragua"}, "name": "Maragua Clinic", "created": "2009-10-31T00:00:00+00:00", "regulatory_body": {"name": "Nursing Council of Kenya (Private Practice)"}, "facility_type": {"name": "Medical Clinic"}, "plot_number": null, "operation_status": {"name": "Not-Operational"}, "number_of_beds": 0}, {"code": 16376, "location_desc": "On Moi South-lake Road near Karagita shopping centre", "official_name": "Lamorna Farm Clinic", "owner": {"name": "Company Medical Service"}, "keph_level": {"name": "Level 2"}, "ward": {"code": 837}, "number_of_cots": 0, "town": {"name": "karagita shopping centre"}, "name": "Lamorna Farm Clinic", "created": "2009-10-31T00:00:00+00:00", "regulatory_body": {"name": "Kenya MPDB - Institution"}, "facility_type": {"name": "Medical Clinic"}, "plot_number": null, "operation_status": {"name": "Operational"}, "number_of_beds": 0}, {"code": 15456, "location_desc": "Near the GK Maximum Prison at 3point flower farms ", "official_name": "Panda Flowers Medical Clinic", "owner": {"name": "Company Medical Service"}, "keph_level": {"name": "Level 2"}, "ward": {"code": 843}, "number_of_cots": 0, "town": {"name": "naivasha town"}, "name": "Panda Flowers Medical Clinic", "created": "2009-10-31T00:00:00+00:00", "regulatory_body": {"name": "Kenya MPDB - Institution"}, "facility_type": {"name": "Medical Clinic"}, "plot_number": null, "operation_status": {"name": "Operational"}, "number_of_beds": 0}, {"code": 15775, "location_desc": "At Karagita shopping centre on Moi South Lake Road", "official_name": "Wayside Clinic", "owner": {"name": "Private Practice - Nurse / Midwife"}, "keph_level": {"name": "Level 2"}, "ward": {"code": 837}, "number_of_cots": 0, "town": {"name": "karagita shopping centre"}, "name": "Wayside Clinic", "created": "2009-10-31T00:00:00+00:00", "regulatory_body": {"name": "Nursing Council of Kenya (Private Practice)"}, "facility_type": {"name": "Medical Clinic"}, "plot_number": null, "operation_status": {"name": "Operational"}, "number_of_beds": 3}, {"code": 14210, "location_desc": "near Kongoni centre ", "official_name": "Aquilla Flowers Medical Clinic", "owner": {"name": "Company Medical Service"}, "keph_level": {"name": "Level 2"}, "ward": {"code": 840}, "number_of_cots": 0, "town": {"name": "naivasha"}, "name": "Aquilla Farm Medical Clinic", "created": "2009-10-31T00:00:00+00:00", "regulatory_body": {"name": "Kenya MPDB - Institution"}, "facility_type": {"name": "Medical Clinic"}, "plot_number": null, "operation_status": {"name": "Operational"}, "number_of_beds": 0}, {"code": 15625, "location_desc": "On Mai mahiu -Naivasha Road near Mai Mahiu centre", "official_name": "St Ann Medical Clinic (Naivasha)", "owner": {"name": "Private Practice - Nurse / Midwife"}, "keph_level": {"name": "Level 2"}, "ward": {"code": 839}, "number_of_cots": 0, "town": {"name": "mai mahiu centre"}, "name": "St Ann Medical Clinic (Naivasha)", "created": "2009-10-31T00:00:00+00:00", "regulatory_body": {"name": "Nursing Council of Kenya (Private Practice)"}, "facility_type": {"name": "Medical Clinic"}, "plot_number": null, "operation_status": {"name": "Operational"}, "number_of_beds": 0}, {"code": 14401, "location_desc": "Inside Delamere Soysambu Conservancy", "official_name": "Delamere Soysambu Medical Clinic", "owner": {"name": "Company Medical Service"}, "keph_level": {"name": "Level 2"}, "ward": {"code": 846}, "number_of_cots": 0, "town": {"name": "gilgil town"}, "name": "Delamere Clinic", "created": "2009-10-31T00:00:00+00:00", "regulatory_body": {"name": "Kenya MPDB - Institution"}, "facility_type": {"name": "Medical Clinic"}, "plot_number": null, "operation_status": {"name": "Operational"}, "number_of_beds": 0}, {"code": 15469, "location_desc": "Near kiptangwanyi shopping centre", "official_name": "Prime Medical Care", "owner": {"name": "Private Practice - Nurse / Midwife"}, "keph_level": {"name": "Level 2"}, "ward": {"code": 453}, "number_of_cots": 1, "town": {"name": "kiptangwanyi shopping centre"}, "name": "Prime Medical Care", "created": "2009-10-31T00:00:00+00:00", "regulatory_body": {"name": "Nursing Council of Kenya (Private Practice)"}, "facility_type": {"name": "Medical Clinic"}, "plot_number": null, "operation_status": {"name": "Not-Operational"}, "number_of_beds": 0}, {"code": 14533, "location_desc": "On Naivasha-Njabini road at Kinamba shopping centre", "official_name": "Gosheni Medical Clinic", "owner": {"name": "Private Practice - Nurse / Midwife"}, "keph_level": {"name": "Level 2"}, "ward": {"code": 842}, "number_of_cots": 1, "town": {"name": "kinamba  shopping centre"}, "name": "Gosheni Medical Clinic", "created": "2009-10-31T00:00:00+00:00", "regulatory_body": {"name": "Nursing Council of Kenya (Private Practice)"}, "facility_type": {"name": "Medical Clinic"}, "plot_number": null, "operation_status": {"name": "Operational"}, "number_of_beds": 2}, {"code": 14806, "location_desc": "near  kasarani shopping centre", "official_name": "Kasarani Medical Clinic", "owner": {"name": "Private Practice - Nurse / Midwife"}, "keph_level": {"name": "Level 2"}, "ward": {"code": 847}, "number_of_cots": 0, "town": {"name": "naivasha"}, "name": "Kasarani Medical Clinic", "created": "2009-10-31T00:00:00+00:00", "regulatory_body": {"name": "Nursing Council of Kenya (Private Practice)"}, "facility_type": {"name": "Medical Clinic"}, "plot_number": null, "operation_status": {"name": "Not-Operational"}, "number_of_beds": 1}, {"code": 14871, "location_desc": "Near the DCK shopping Centre on Moi South-lake Road", "official_name": "New Kimilili Medical Clinic", "owner": {"name": "Private Practice - Nurse / Midwife"}, "keph_level": {"name": "Level 2"}, "ward": {"code": 841}, "number_of_cots": 1, "town": {"name": "dck centre"}, "name": "New Kimilili Medical Clinic", "created": "2009-10-31T00:00:00+00:00", "regulatory_body": {"name": "Nursing Council of Kenya (Private Practice)"}, "facility_type": {"name": "Medical Clinic"}, "plot_number": null, "operation_status": {"name": "Operational"}, "number_of_beds": 6}, {"code": 15407, "location_desc": "On Naivasha Moi-south lake road near karagita shopping centre", "official_name": "Ol-Njorowa Medical Clinic", "owner": {"name": "Company Medical Service"}, "keph_level": {"name": "Level 2"}, "ward": {"code": 837}, "number_of_cots": 0, "town": {"name": "karagita shopping centre"}, "name": "Ol-Njorowa Flower Farm Medical Clinic", "created": "2009-10-31T00:00:00+00:00", "regulatory_body": {"name": "Kenya MPDB - Institution"}, "facility_type": {"name": "Medical Clinic"}, "plot_number": null, "operation_status": {"name": "Operational"}, "number_of_beds": 0}, {"code": 14253, "location_desc": "Near Ng'ondi shopping Centre", "official_name": "Better Health Services", "owner": {"name": "Private Practice - Nurse / Midwife"}, "keph_level": {"name": "Level 2"}, "ward": {"code": 840}, "number_of_cots": 0, "town": {"name": "kongoni centre"}, "name": "Better Health Services", "created": "2009-10-31T00:00:00+00:00", "regulatory_body": {"name": "Nursing Council of Kenya (Private Practice)"}, "facility_type": {"name": "Medical Clinic"}, "plot_number": null, "operation_status": {"name": "Operational"}, "number_of_beds": 0}, {"code": 14278, "location_desc": "Near Eburu shopping centre", "official_name": "Camp Brethren Medical Clinic", "owner": {"name": "Private Practice - Nurse / Midwife"}, "keph_level": {"name": "Level 2"}, "ward": {"code": 846}, "number_of_cots": 0, "town": {"name": "gigil"}, "name": "Camp Brethren Medical Clinic", "created": "2009-10-31T00:00:00+00:00", "regulatory_body": {"name": "Nursing Council of Kenya (Private Practice)"}, "facility_type": {"name": "Medical Clinic"}, "plot_number": null, "operation_status": {"name": "Operational"}, "number_of_beds": 0}, {"code": 10573, "location_desc": null, "official_name": "Kibubuti Dispensary", "owner": {"name": "Private Practice - Nurse / Midwife"}, "keph_level": {"name": "Level 2"}, "ward": {"code": 586}, "number_of_cots": 0, "town": {"name": "kiambu"}, "name": "Kibubuti Dispensary", "created": "2009-10-31T00:00:00+00:00", "regulatory_body": {"name": "Nursing Council of Kenya (Private Practice)"}, "facility_type": {"name": "Medical Clinic"}, "plot_number": null, "operation_status": {"name": "Not-Operational"}, "number_of_beds": 0}, {"code": 10618, "location_desc": null, "official_name": "Kinyona Health Clinic", "owner": {"name": "Private Practice - Nurse / Midwife"}, "keph_level": {"name": "Level 2"}, "ward": {"code": 532}, "number_of_cots": 0, "town": {"name": "kinyona"}, "name": "Kinyona Health Clinic", "created": "2009-10-31T00:00:00+00:00", "regulatory_body": {"name": "Nursing Council of Kenya (Private Practice)"}, "facility_type": {"name": "Medical Clinic"}, "plot_number": null, "operation_status": {"name": "Not-Operational"}, "number_of_beds": 0}, {"code": 14255, "location_desc": "Near the GK prison Naivasha", "official_name": "Bigot Medical Clinic", "owner": {"name": "Company Medical Service"}, "keph_level": {"name": "Level 2"}, "ward": {"code": 843}, "number_of_cots": 0, "town": {"name": "naivasha"}, "name": "Bigot Medical Clinic", "created": "2009-10-31T00:00:00+00:00", "regulatory_body": {"name": "Kenya MPDB - Institution"}, "facility_type": {"name": "Medical Clinic"}, "plot_number": null, "operation_status": {"name": "Operational"}, "number_of_beds": 0}, {"code": 11149, "location_desc": null, "official_name": "Virmo Clinic", "owner": {"name": "Private Practice - Nurse / Midwife"}, "keph_level": {"name": "Level 2"}, "ward": {"code": 532}, "number_of_cots": 0, "town": {"name": "kinyona"}, "name": "Virmo Clinic", "created": "2009-10-31T00:00:00+00:00", "regulatory_body": {"name": "Nursing Council of Kenya (Private Practice)"}, "facility_type": {"name": "Medical Clinic"}, "plot_number": null, "operation_status": {"name": "Not-Operational"}, "number_of_beds": 0}, {"code": 19739, "location_desc": "Off Banana Limuru road", "official_name": "Sunview Maternity & Nursing Home", "owner": {"name": "Private Practice - Clinical Officer"}, "keph_level": {"name": "Level 3"}, "ward": {"code": 587}, "number_of_cots": 1, "town": {"name": "banana town"}, "name": "Sunview Maternity & Nursing Home", "created": "2013-05-17T11:32:14+00:00", "regulatory_body": {"name": "Kenya MPDB - Private Practice"}, "facility_type": {"name": "Maternity Home"}, "plot_number": null, "operation_status": {"name": "Operational"}, "number_of_beds": 2}, {"code": 19740, "location_desc": "located in Kasarani centre in North lake", "official_name": "Kasarani Dispensary", "owner": {"name": "Ministry of Health"}, "keph_level": {"name": "Level 2"}, "ward": {"code": 847}, "number_of_cots": 0, "town": {"name": "kasaran centre in naivasha"}, "name": "Kasarani Dispensary", "created": "2013-05-17T12:12:52.873000+00:00", "regulatory_body": {"name": "Ministry of Health"}, "facility_type": {"name": "Dispensary"}, "plot_number": null, "operation_status": {"name": "Pending Opening"}, "number_of_beds": 0}, {"code": 19741, "location_desc": "Opposite West FM Station and next to Kitale Law Courts", "official_name": "St John's Clinic (Dr Ruto MC)", "owner": {"name": "Private Practice - General Practitioner"}, "keph_level": {"name": "Level 2"}, "ward": {"code": 684}, "number_of_cots": 0, "town": {"name": "within kitale town"}, "name": "St John's Clinic", "created": "2013-05-17T13:23:34.490000+00:00", "regulatory_body": {"name": "Kenya MPDB - Private Practice"}, "facility_type": {"name": "Medical Clinic"}, "plot_number": null, "operation_status": {"name": "Operational"}, "number_of_beds": 0}, {"code": 19742, "location_desc": "Situated at the Doctors Plaza near Mt Elgon Annex Hospital", "official_name": "Mt Elgon Annex Clinics", "owner": {"name": "Private Practice - Medical Specialist"}, "keph_level": {"name": "Level 2"}, "ward": {"code": 691}, "number_of_cots": 0, "town": {"name": "kitale"}, "name": "Mt Elgon Annex Clinics", "created": "2013-05-17T14:29:54.153000+00:00", "regulatory_body": {"name": "Kenya MPDB - Private Practice"}, "facility_type": {"name": "Medical Clinic"}, "plot_number": null, "operation_status": {"name": "Operational"}, "number_of_beds": 0}, {"code": 19743, "location_desc": "Situated on Kitale Kapenguria road opposite Kitale District Hospital", "official_name": "Kitale Cottage Hospital", "owner": {"name": "Private Practice - Medical Specialist"}, "keph_level": {"name": "Level 3"}, "ward": {"code": 691}, "number_of_cots": 0, "town": {"name": "kitale"}, "name": "Kitale Cottage Hospital", "created": "2013-05-17T14:45:22.277000+00:00", "regulatory_body": {"name": "Kenya MPDB - Private Practice"}, "facility_type": {"name": "Nursing Home"}, "plot_number": null, "operation_status": {"name": "Operational"}, "number_of_beds": 0}, {"code": 19744, "location_desc": "Situated at the Kitale Medical Centre opposite the Kitale District Hospital", "official_name": "Kitale Medical Centre - Dr Kamau's MC", "owner": {"name": "Private Practice - Medical Specialist"}, "keph_level": {"name": "Level 2"}, "ward": {"code": 684}, "number_of_cots": 0, "town": {"name": "kitale"}, "name": "Kitale Medical Centre - Dr Kamau's MC", "created": "2013-05-17T15:12:05.380000+00:00", "regulatory_body": {"name": "Kenya MPDB - Private Practice"}, "facility_type": {"name": "Medical Clinic"}, "plot_number": null, "operation_status": {"name": "Operational"}, "number_of_beds": 0}, {"code": 19745, "location_desc": "At Kitale Medical Centre opposite The Kitale District Hospital", "official_name": "Kitale Medical Centre - Dr Kiprop's MC", "owner": {"name": "Private Practice - Medical Specialist"}, "keph_level": {"name": "Level 2"}, "ward": {"code": 684}, "number_of_cots": 0, "town": {"name": "kitale"}, "name": "Kitale Medical Centre - Dr Kiprop's MC", "created": "2013-05-17T15:27:23.177000+00:00", "regulatory_body": {"name": "Kenya MPDB - Private Practice"}, "facility_type": {"name": "Dental Clinic"}, "plot_number": null, "operation_status": {"name": "Operational"}, "number_of_beds": 0}, {"code": 19746, "location_desc": "Near Nyamaiya Markert", "official_name": "Mabariri Medical Clinic", "owner": {"name": "Private Practice - Nurse / Midwife"}, "keph_level": {"name": "Level 2"}, "ward": {"code": 1358}, "number_of_cots": 2, "town": {"name": "nyamira"}, "name": "Mabariri Medical Clinic (Nyamira North)", "created": "2013-05-17T15:28:39.697000+00:00", "regulatory_body": {"name": "Nursing Council of Kenya (Private Practice)"}, "facility_type": {"name": "Medical Clinic"}, "plot_number": null, "operation_status": {"name": "Operational"}, "number_of_beds": 2}, {"code": 19747, "location_desc": "At Kitale Medical Centre opposite the Kitale District Hospital", "official_name": "Kitale Medical Centre - Dr Onyango's MC", "owner": {"name": "Private Practice - General Practitioner"}, "keph_level": {"name": "Level 2"}, "ward": {"code": 684}, "number_of_cots": 0, "town": {"name": "kitale"}, "name": "Kitale Medical Centre - Dr Onyango's MC", "created": "2013-05-17T15:45:34.027000+00:00", "regulatory_body": {"name": "Kenya MPDB - Private Practice"}, "facility_type": {"name": "Medical Clinic"}, "plot_number": null, "operation_status": {"name": "Operational"}, "number_of_beds": 0}, {"code": 19748, "location_desc": "Situated at Vision Gate building in Kitale opposite former divisional police station Kitale", "official_name": "Alpha Dental Services", "owner": {"name": "Private Practice - Medical Specialist"}, "keph_level": {"name": "Level 2"}, "ward": {"code": 684}, "number_of_cots": 0, "town": {"name": "kitale"}, "name": "Alpha Dental Services", "created": "2013-05-17T16:07:24.023000+00:00", "regulatory_body": {"name": "Kenya MPDB - Private Practice"}, "facility_type": {"name": "Dental Clinic"}, "plot_number": null, "operation_status": {"name": "Operational"}, "number_of_beds": 0}, {"code": 19749, "location_desc": "Within Kitale town", "official_name": "Norident Dental Clinic Kitale", "owner": {"name": "Private Practice - Clinical Officer"}, "keph_level": {"name": "Level 2"}, "ward": {"code": 684}, "number_of_cots": 0, "town": {"name": "kitale"}, "name": "Norident Dental Clinic Kitale", "created": "2013-05-17T17:35:08.580000+00:00", "regulatory_body": {"name": "Other"}, "facility_type": {"name": "Dental Clinic"}, "plot_number": null, "operation_status": {"name": "Operational"}, "number_of_beds": 0}, {"code": 19750, "location_desc": "Situated in a mountaneuos region near Mt. Elgon ", "official_name": "Cheptantan Dispensary", "owner": {"name": "Ministry of Health"}, "keph_level": {"name": "Level 2"}, "ward": {"code": 683}, "number_of_cots": 0, "town": {"name": "kitale"}, "name": "Cheptantan Dispensary", "created": "2013-05-17T17:36:42.260000+00:00", "regulatory_body": {"name": "Ministry of Health"}, "facility_type": {"name": "Dispensary"}, "plot_number": null, "operation_status": {"name": "Operational"}, "number_of_beds": 0}, {"code": 19751, "location_desc": null, "official_name": "Muungano Dispensary", "owner": {"name": "Ministry of Health"}, "keph_level": {"name": "Level 2"}, "ward": {"code": 677}, "number_of_cots": 0, "town": {"name": "kitale"}, "name": "Muungano Dispensary", "created": "2013-05-17T17:44:19.947000+00:00", "regulatory_body": {"name": "Ministry of Health"}, "facility_type": {"name": "Dispensary"}, "plot_number": null, "operation_status": {"name": "Operational"}, "number_of_beds": 0}, {"code": 19752, "location_desc": null, "official_name": "Keiyo Dispensary", "owner": {"name": "Ministry of Health"}, "keph_level": {"name": "Level 2"}, "ward": {"code": 677}, "number_of_cots": 0, "town": {"name": "kitale"}, "name": "Keiyo Dispensary", "created": "2013-05-17T17:52:03.673000+00:00", "regulatory_body": {"name": "Ministry of Health"}, "facility_type": {"name": "Dispensary"}, "plot_number": null, "operation_status": {"name": "Operational"}, "number_of_beds": 0}, {"code": 19753, "location_desc": "Situated at Kitale Medical Centre opposite the Kitale District Hospital", "official_name": "Kitale Medical Centre-Perazim Diagnostic Centre", "owner": {"name": "Private Practice - Medical Specialist"}, "keph_level": {"name": "Level 2"}, "ward": {"code": 684}, "number_of_cots": 0, "town": {"name": "kitale"}, "name": "Perazim Diagnostic Centre", "created": "2013-05-17T17:57:14.240000+00:00", "regulatory_body": {"name": "Kenya MPDB - Private Practice"}, "facility_type": {"name": "Radiology Unit"}, "plot_number": null, "operation_status": {"name": "Operational"}, "number_of_beds": 0}, {"code": 19754, "location_desc": null, "official_name": "Jimron Medical Clinic", "owner": {"name": "Private Practice - Clinical Officer"}, "keph_level": {"name": "Level 2"}, "ward": {"code": 677}, "number_of_cots": 0, "town": {"name": "kitale"}, "name": "Jimron Medical Clinic", "created": "2013-05-17T18:06:48.133000+00:00", "regulatory_body": {"name": "Ministry of Health"}, "facility_type": {"name": "Medical Clinic"}, "plot_number": null, "operation_status": {"name": "Operational"}, "number_of_beds": 0}, {"code": 19755, "location_desc": "Within Kitale town adjacent to the Lodwar Bus Station", "official_name": "Harrison Mudoga MC", "owner": {"name": "Private Practice - Nurse / Midwife"}, "keph_level": {"name": "Level 2"}, "ward": {"code": 684}, "number_of_cots": 0, "town": {"name": "within kitale town"}, "name": "Harrison Mudoga Mc", "created": "2013-05-17T18:12:38.603000+00:00", "regulatory_body": {"name": "Nursing Council of Kenya (Private Practice)"}, "facility_type": {"name": "Medical Clinic"}, "plot_number": null, "operation_status": {"name": "Operational"}, "number_of_beds": 0}, {"code": 19756, "location_desc": null, "official_name": "Bwayi Dispensary", "owner": {"name": "Ministry of Health"}, "keph_level": {"name": "Level 2"}, "ward": {"code": 677}, "number_of_cots": 0, "town": {"name": "kitale"}, "name": "Bwayi Dispensary", "created": "2013-05-17T18:16:34.757000+00:00", "regulatory_body": {"name": "Ministry of Health"}, "facility_type": {"name": "Dispensary"}, "plot_number": null, "operation_status": {"name": "Operational"}, "number_of_beds": 0}, {"code": 19757, "location_desc": "At the starting point of Line Moja Street near Total Petrol Station", "official_name": "Sarara Chemistry", "owner": {"name": "Private Practice - Medical Specialist"}, "keph_level": {"name": "Level 2"}, "ward": {"code": 684}, "number_of_cots": 0, "town": {"name": "within kitale town"}, "name": "Sarara Chemistry", "created": "2013-05-17T18:22:59.123000+00:00", "regulatory_body": {"name": "Kenya MPDB - Private Practice"}, "facility_type": {"name": "Not in List"}, "plot_number": null, "operation_status": {"name": "Operational"}, "number_of_beds": 0}], "model": "facilities.Facility", "unique_fields": ["code"]}]