[{"records": [{"code": 17148, "location_desc": "Located within Sipili Town", "official_name": "Sipili Maternity and Nursing Home", "owner": {"name": "Private Practice - Nurse / Midwife"}, "keph_level": {"name": "Level 2"}, "ward": {"code": 811}, "number_of_cots": 1, "town": {"name": "sipili"}, "name": "Sipili Maternity and Nursing Home", "created": "2010-09-28T12:11:44.537000+00:00", "regulatory_body": {"name": "Kenya MPDB - Private Practice"}, "facility_type": {"name": "Medical Clinic"}, "plot_number": null, "operation_status": {"name": "Operational"}, "number_of_beds": 16}, {"code": 17147, "location_desc": "Wote-Kikumini Rd,Kikumini Market", "official_name": "Kikumini Dispensary", "owner": {"name": "Ministry of Health"}, "keph_level": {"name": "Level 2"}, "ward": {"code": 425}, "number_of_cots": 0, "town": {"name": "wote town"}, "name": "Kikumini Dispensary (Makueni)", "created": "2010-09-28T10:42:02.773000+00:00", "regulatory_body": {"name": "Ministry of Health"}, "facility_type": {"name": "Dispensary"}, "plot_number": null, "operation_status": {"name": "Operational"}, "number_of_beds": 0}, {"code": 17145, "location_desc": "Next to Lkuroto Primary School", "official_name": "Lkuroto Dispensary", "owner": {"name": "Ministry of Health"}, "keph_level": {"name": "Level 2"}, "ward": {"code": 663}, "number_of_cots": 0, "town": {"name": "maralal"}, "name": "Lkuroto Dispensary", "created": "2010-09-27T20:50:20.180000+00:00", "regulatory_body": {"name": "Ministry of Health"}, "facility_type": {"name": "Dispensary"}, "plot_number": null, "operation_status": {"name": "Operational"}, "number_of_beds": 0}, {"code": 17144, "location_desc": null, "official_name": "Cheronget  Dispensary", "owner": {"name": "Ministry of Health"}, "keph_level": {"name": "Level 2"}, "ward": {"code": 957}, "number_of_cots": 0, "town": {"name": "sosiot"}, "name": "Cheronget", "created": "2010-09-27T13:11:05.670000+00:00", "regulatory_body": {"name": "Ministry of Health"}, "facility_type": {"name": "Dispensary"}, "plot_number": null, "operation_status": {"name": "Operational"}, "number_of_beds": 0}, {"code": 17143, "location_desc": null, "official_name": "Samutet  dispensary", "owner": {"name": "Ministry of Health"}, "keph_level": {"name": "Level 2"}, "ward": {"code": 944}, "number_of_cots": 0, "town": {"name": "samutet"}, "name": "Samutet Dispensary", "created": "2010-09-27T12:01:24.823000+00:00", "regulatory_body": {"name": "Ministry of Health"}, "facility_type": {"name": "Dispensary"}, "plot_number": null, "operation_status": {"name": "Operational"}, "number_of_beds": 0}, {"code": 17142, "location_desc": "Nairobi Ruaka Limuru Road", "official_name": "St Annes Health Clinic", "owner": {"name": "Private Practice - Nurse / Midwife"}, "keph_level": {"name": "Level 2"}, "ward": {"code": 588}, "number_of_cots": 0, "town": {"name": "ndenderu"}, "name": "St Annes Health Clinic", "created": "2010-09-27T11:19:00.040000+00:00", "regulatory_body": {"name": "Nursing Council of Kenya (Private Practice)"}, "facility_type": {"name": "Medical Clinic"}, "plot_number": "t 188", "operation_status": {"name": "Operational"}, "number_of_beds": 0}, {"code": 17139, "location_desc": null, "official_name": "Kapsuser  Dispensary", "owner": {"name": "Ministry of Health"}, "keph_level": {"name": "Level 2"}, "ward": {"code": 959}, "number_of_cots": 0, "town": {"name": "kapsuser"}, "name": "Kapsuser", "created": "2010-09-24T12:01:21.383000+00:00", "regulatory_body": {"name": "Ministry of Health"}, "facility_type": {"name": "Dispensary"}, "plot_number": null, "operation_status": {"name": "Operational"}, "number_of_beds": 0}, {"code": 17138, "location_desc": null, "official_name": "Kapsoit  Dispesary", "owner": {"name": "Ministry of Health"}, "keph_level": {"name": "Level 2"}, "ward": {"code": 957}, "number_of_cots": 0, "town": {"name": "kapsoit"}, "name": "Kapsoit", "created": "2010-09-24T11:48:09.780000+00:00", "regulatory_body": {"name": "Ministry of Health"}, "facility_type": {"name": "Dispensary"}, "plot_number": null, "operation_status": {"name": "Operational"}, "number_of_beds": 0}, {"code": 17137, "location_desc": null, "official_name": "Nyabangi  Dispensary", "owner": {"name": "Ministry of Health"}, "keph_level": {"name": "Level 2"}, "ward": {"code": 958}, "number_of_cots": 0, "town": {"name": "kabianga"}, "name": "Nyabangi Dispensary", "created": "2010-09-24T11:27:56.820000+00:00", "regulatory_body": {"name": "Ministry of Health"}, "facility_type": {"name": "Dispensary"}, "plot_number": null, "operation_status": {"name": "Operational"}, "number_of_beds": 0}, {"code": 17136, "location_desc": null, "official_name": "Pakeza Medical Clinic", "owner": {"name": "Private Enterprise (Institution)"}, "keph_level": {"name": "Level 2"}, "ward": {"code": 1349}, "number_of_cots": 2, "town": {"name": "magombo"}, "name": "Pakeza Medical Clinic (Manga)", "created": "2010-09-23T19:22:49.247000+00:00", "regulatory_body": {"name": "Kenya MPDB - Private Practice"}, "facility_type": {"name": "Medical Clinic"}, "plot_number": null, "operation_status": {"name": "Operational"}, "number_of_beds": 2}, {"code": 17135, "location_desc": null, "official_name": "Robinson Medical Clinic", "owner": {"name": "Private Enterprise (Institution)"}, "keph_level": {"name": "Level 2"}, "ward": {"code": 1348}, "number_of_cots": 2, "town": {"name": "kemera"}, "name": "Robinson Medical Clinic (Manga)", "created": "2010-09-23T19:01:19.933000+00:00", "regulatory_body": {"name": "Kenya MPDB - Private Practice"}, "facility_type": {"name": "Medical Clinic"}, "plot_number": null, "operation_status": {"name": "Operational"}, "number_of_beds": 2}, {"code": 17134, "location_desc": null, "official_name": "Magombo Community Dispensary", "owner": {"name": "Ministry of Health"}, "keph_level": {"name": "Level 2"}, "ward": {"code": 1349}, "number_of_cots": 2, "town": {"name": "magombo"}, "name": "Magombo Community Dispensary (Manga)", "created": "2010-09-23T18:53:22.953000+00:00", "regulatory_body": {"name": "Ministry of Health"}, "facility_type": {"name": "Dispensary"}, "plot_number": null, "operation_status": {"name": "Operational"}, "number_of_beds": 2}, {"code": 17133, "location_desc": null, "official_name": "Eshirembe Dispensary", "owner": {"name": "Ministry of Health"}, "keph_level": {"name": "Level 2"}, "ward": {"code": 1010}, "number_of_cots": 0, "town": {"name": "shibuli market"}, "name": "Eshirembe Dispensary", "created": "2010-09-22T12:37:29.350000+00:00", "regulatory_body": {"name": "Ministry of Health"}, "facility_type": {"name": "Dispensary"}, "plot_number": null, "operation_status": {"name": "Operational"}, "number_of_beds": 0}, {"code": 17132, "location_desc": "Near Wanguru Primary School", "official_name": "Mwea Diabetes Hypertension Community Clinic", "owner": {"name": "Non-Governmental Organizations"}, "keph_level": {"name": "Level 2"}, "ward": {"code": 496}, "number_of_cots": 0, "town": {"name": "ngurubani town"}, "name": "Mwea Diabetes / Hypertension Community Clinic", "created": "2010-09-22T09:24:46.680000+00:00", "regulatory_body": {"name": "Kenya MPDB - Institution"}, "facility_type": {"name": "Medical Clinic"}, "plot_number": "60", "operation_status": {"name": "Operational"}, "number_of_beds": 0}, {"code": 17131, "location_desc": "8km west of Kobujoi Market along Kobujoi Serem road", "official_name": "Chebilat Dispensary(Nandi South)", "owner": {"name": "Ministry of Health"}, "keph_level": {"name": "Level 2"}, "ward": {"code": 758}, "number_of_cots": 0, "town": {"name": "kobujoi market"}, "name": "Chebilat Dispensary (Nandi South)", "created": "2010-09-21T18:25:48.300000+00:00", "regulatory_body": {"name": "Ministry of Health"}, "facility_type": {"name": "Dispensary"}, "plot_number": "nandi/chebilat/173", "operation_status": {"name": "Operational"}, "number_of_beds": 0}, {"code": 17130, "location_desc": "Off Nandi Hills - Kapsabet Road at Kapsiwon tea estate", "official_name": "Kaptien Community Dispensary", "owner": {"name": "Ministry of Health"}, "keph_level": {"name": "Level 2"}, "ward": {"code": 761}, "number_of_cots": 0, "town": {"name": "nandi hills"}, "name": "Kaptien Community Dispensary", "created": "2010-09-21T17:56:59.390000+00:00", "regulatory_body": {"name": "Ministry of Health"}, "facility_type": {"name": "Dispensary"}, "plot_number": null, "operation_status": {"name": "Operational"}, "number_of_beds": 0}, {"code": 17129, "location_desc": "Along Nkubu-MItunguu road in Mitunguu road", "official_name": "Mitunguu Catholic Dispensary", "owner": {"name": "Kenya Episcopal Conference-Catholic Secretariat"}, "keph_level": {"name": "Level 2"}, "ward": {"code": 290}, "number_of_cots": 0, "town": {"name": "mitunguu market"}, "name": "Mitunguu Catholic Dispensary", "created": "2010-09-21T13:37:55.587000+00:00", "regulatory_body": {"name": "Kenya MPDB - Institution"}, "facility_type": {"name": "Dispensary"}, "plot_number": null, "operation_status": {"name": "Operational"}, "number_of_beds": 0}, {"code": 17127, "location_desc": "near Kamtonga Primary school", "official_name": "Manoa", "owner": {"name": "Ministry of Health"}, "keph_level": {"name": "Level 2"}, "ward": {"code": 123}, "number_of_cots": 0, "town": {"name": "mwachabo"}, "name": "Manoa Dispensary", "created": "2010-09-20T10:36:39.933000+00:00", "regulatory_body": {"name": "Ministry of Health"}, "facility_type": {"name": "Dispensary"}, "plot_number": null, "operation_status": {"name": "Operational"}, "number_of_beds": 0}, {"code": 17126, "location_desc": "Off Mwatate - Voi road near Mzwanenyi primary school", "official_name": "Modambogho", "owner": {"name": "Ministry of Health"}, "keph_level": {"name": "Level 2"}, "ward": {"code": 114}, "number_of_cots": 0, "town": {"name": "landi market"}, "name": "Modambogho Dispensary", "created": "2010-09-20T10:23:42.497000+00:00", "regulatory_body": {"name": "Ministry of Health"}, "facility_type": {"name": "Dispensary"}, "plot_number": null, "operation_status": {"name": "Operational"}, "number_of_beds": 0}, {"code": 17125, "location_desc": "200 Metres from kobujoi market along Kipsigak -serem road", "official_name": "Koboi Forest Dispensary", "owner": {"name": "Ministry of Health"}, "keph_level": {"name": "Level 2"}, "ward": {"code": 758}, "number_of_cots": 0, "town": {"name": "kobujoi  market"}, "name": "Kobujoi Forest Dispensary", "created": "2010-09-20T00:18:51.543000+00:00", "regulatory_body": {"name": "Ministry of Health"}, "facility_type": {"name": "Dispensary"}, "plot_number": null, "operation_status": {"name": "Not-Operational"}, "number_of_beds": 0}, {"code": 17124, "location_desc": "Ndumberi Shopping Centre", "official_name": "Pefa Mercy Medical Center", "owner": {"name": "Other Faith Based"}, "keph_level": {"name": "Level 2"}, "ward": {"code": 583}, "number_of_cots": 0, "town": {"name": "ndumberi market"}, "name": "Pefa Mercy Medical Centre", "created": "2010-09-17T12:27:19.843000+00:00", "regulatory_body": {"name": "Ministry of Health"}, "facility_type": {"name": "Medical Clinic"}, "plot_number": "657,337", "operation_status": {"name": "Operational"}, "number_of_beds": 0}, {"code": 17123, "location_desc": "Behind Equity Bank Mwingi Branch", "official_name": "Sinai Medical Services", "owner": {"name": "Private Practice - Nurse / Midwife"}, "keph_level": {"name": "Level 2"}, "ward": {"code": 340}, "number_of_cots": 0, "town": {"name": "mwingi town"}, "name": "Sinai Medical Services", "created": "2010-09-16T17:21:24.480000+00:00", "regulatory_body": {"name": "Nursing Council of Kenya (Private Practice)"}, "facility_type": {"name": "Medical Clinic"}, "plot_number": null, "operation_status": {"name": "Operational"}, "number_of_beds": 0}, {"code": 17122, "location_desc": "Near Kahunira Secondary School", "official_name": "Ngeteti Community Health Dispesary", "owner": {"name": "Community"}, "keph_level": {"name": "Level 2"}, "ward": {"code": 577}, "number_of_cots": 0, "town": {"name": "githunguri"}, "name": "Ngeteti Community Health Dispensary", "created": "2010-09-16T13:31:39.510000+00:00", "regulatory_body": {"name": "Ministry of Health"}, "facility_type": {"name": "Dispensary"}, "plot_number": "githunguri/githunguri/744", "operation_status": {"name": "Operational"}, "number_of_beds": 0}, {"code": 17121, "location_desc": "Kisumun - ahero _ Ombeyi Route, about 4 Km from Ombeyi Market", "official_name": "Mama Plister Blair Health Centre", "owner": {"name": "Private Enterprise (Institution)"}, "keph_level": {"name": "Level 3"}, "ward": {"code": 1212}, "number_of_cots": 0, "town": {"name": "ombeyi"}, "name": "Mama Plister Blair Health Centre", "created": "2010-09-16T09:26:24.397000+00:00", "regulatory_body": {"name": "Kenya MPDB - Institution"}, "facility_type": {"name": "Health Centre"}, "plot_number": null, "operation_status": {"name": "Operational"}, "number_of_beds": 3}, {"code": 17120, "location_desc": "near Munda Secondary", "official_name": "Shelemba", "owner": {"name": "Ministry of Health"}, "keph_level": {"name": "Level 2"}, "ward": {"code": 120}, "number_of_cots": 0, "town": {"name": "shelemba"}, "name": "Shelemba", "created": "2010-09-16T08:59:04.540000+00:00", "regulatory_body": {"name": "Ministry of Health"}, "facility_type": {"name": "Dispensary"}, "plot_number": null, "operation_status": {"name": "Operational"}, "number_of_beds": 0}, {"code": 17118, "location_desc": "Kisumu-NairobI Route At Awasi Market behind  DC's Office ( From Awasi Markert 5Kms) ", "official_name": "Holo Dispensary", "owner": {"name": "Ministry of Health"}, "keph_level": {"name": "Level 2"}, "ward": {"code": 1207}, "number_of_cots": 0, "town": {"name": "awasi market"}, "name": "Holo Dispensary", "created": "2010-09-15T10:26:42.833000+00:00", "regulatory_body": {"name": "Ministry of Health"}, "facility_type": {"name": "Dispensary"}, "plot_number": null, "operation_status": {"name": "Operational"}, "number_of_beds": 0}, {"code": 17117, "location_desc": "Near Nalondo Market", "official_name": "Nalondo Health Centre (Model)", "owner": {"name": "Ministry of Health"}, "keph_level": {"name": "Level 3"}, "ward": {"code": 1086}, "number_of_cots": 0, "town": {"name": "near nalondo market"}, "name": "Nalondo Health Centre (Model)", "created": "2010-09-15T09:28:31.630000+00:00", "regulatory_body": {"name": "Ministry of Health"}, "facility_type": {"name": "Health Centre"}, "plot_number": null, "operation_status": {"name": "Operational"}, "number_of_beds": 0}, {"code": 17116, "location_desc": "Next to Luuya Market", "official_name": "Luuya Dispensary", "owner": {"name": "Ministry of Health"}, "keph_level": {"name": "Level 2"}, "ward": {"code": 1087}, "number_of_cots": 0, "town": {"name": "luuya market"}, "name": "Luuya Dispensary", "created": "2010-09-15T09:09:59.310000+00:00", "regulatory_body": {"name": "Ministry of Health"}, "facility_type": {"name": "Dispensary"}, "plot_number": null, "operation_status": {"name": "Operational"}, "number_of_beds": 0}, {"code": 17115, "location_desc": null, "official_name": "Moigutwo", "owner": {"name": "Ministry of Health"}, "keph_level": {"name": "Level 2"}, "ward": {"code": 791}, "number_of_cots": 0, "town": {"name": "kabartonjo"}, "name": "Moigutwo Dispensary", "created": "2010-09-10T21:53:35.927000+00:00", "regulatory_body": {"name": "Ministry of Health"}, "facility_type": {"name": "Dispensary"}, "plot_number": null, "operation_status": {"name": "Operational"}, "number_of_beds": 0}, {"code": 17114, "location_desc": "The facility is located almost 10 Km from Taveta Town on your way to Voi. You turn to your right past Ndilidau Dispensary signpost. When you turn to your right, it is just 2 Km on your way to lake Jipe", "official_name": "Rekeke Model Health Centre", "owner": {"name": "Ministry of Health"}, "keph_level": {"name": "Level 3"}, "ward": {"code": 115}, "number_of_cots": 0, "town": {"name": "taveta"}, "name": "Rekeke Model Health Centre", "created": "2010-09-10T16:38:59.553000+00:00", "regulatory_body": {"name": "Ministry of Health"}, "facility_type": {"name": "Health Centre"}, "plot_number": null, "operation_status": {"name": "Operational"}, "number_of_beds": 0}, {"code": 17113, "location_desc": "Along Kisumu - Luanda - Busia road, 4 kms from Ebuyalu secondary school", "official_name": "Ebukoolo Dispensary", "owner": {"name": "Ministry of Health"}, "keph_level": {"name": "Level 2"}, "ward": {"code": 1075}, "number_of_cots": 0, "town": {"name": "luanda  (town) ebuyangu market"}, "name": "Ebukoolo Dispensary", "created": "2010-09-09T18:15:05.660000+00:00", "regulatory_body": {"name": "Ministry of Health"}, "facility_type": {"name": "Dispensary"}, "plot_number": null, "operation_status": {"name": "Pending Opening"}, "number_of_beds": 0}, {"code": 17112, "location_desc": "Along Kisumu Busia main road 100 meters from Lunda town", "official_name": "Luanda Wayside Clinic", "owner": {"name": "Private Practice - Clinical Officer"}, "keph_level": {"name": "Level 2"}, "ward": {"code": 1068}, "number_of_cots": 0, "town": {"name": "luanda market"}, "name": "Luanda Wayside Clinic", "created": "2010-09-09T18:00:38.967000+00:00", "regulatory_body": {"name": "Clinical Officers Council"}, "facility_type": {"name": "Medical Clinic"}, "plot_number": null, "operation_status": {"name": "Operational"}, "number_of_beds": 0}, {"code": 17111, "location_desc": "Kisumu-Chemelil-1Km behind Chemelil Sugar", "official_name": "Mashambani Dispensary", "owner": {"name": "Community"}, "keph_level": {"name": "Level 2"}, "ward": {"code": 1214}, "number_of_cots": 0, "town": {"name": "chemelili market"}, "name": "Mashambani Dispensary", "created": "2010-09-08T13:24:19.023000+00:00", "regulatory_body": {"name": "Ministry of Health"}, "facility_type": {"name": "Dispensary"}, "plot_number": null, "operation_status": {"name": "Operational"}, "number_of_beds": 0}, {"code": 17110, "location_desc": "Kisumu-Koru town before Koru Mission Hospital", "official_name": "Koru Dispensary", "owner": {"name": "Ministry of Health"}, "keph_level": {"name": "Level 2"}, "ward": {"code": 1215}, "number_of_cots": 0, "town": {"name": "koru market"}, "name": "Koru Dispensary", "created": "2010-09-08T13:19:27.870000+00:00", "regulatory_body": {"name": "Ministry of Health"}, "facility_type": {"name": "Dispensary"}, "plot_number": null, "operation_status": {"name": "Operational"}, "number_of_beds": 0}, {"code": 17109, "location_desc": null, "official_name": "Marie Stopes Centre Embu", "owner": {"name": "Non-Governmental Organizations"}, "keph_level": {"name": "Level 2"}, "ward": {"code": 315}, "number_of_cots": 0, "town": {"name": "embu"}, "name": "Marie Stopes Centre Embu", "created": "2010-09-08T10:51:07.127000+00:00", "regulatory_body": {"name": "Other"}, "facility_type": {"name": "Medical Clinic"}, "plot_number": null, "operation_status": {"name": "Operational"}, "number_of_beds": 0}, {"code": 17108, "location_desc": "Off Sigor town towards North East about 20km away", "official_name": "Masol Dispensary", "owner": {"name": "Ministry of Health"}, "keph_level": {"name": "Level 2"}, "ward": {"code": 650}, "number_of_cots": 0, "town": {"name": "sigor"}, "name": "Masol Dispensary", "created": "2010-09-07T12:50:32.827000+00:00", "regulatory_body": {"name": "Ministry of Health"}, "facility_type": {"name": "Dispensary"}, "plot_number": null, "operation_status": {"name": "Operational"}, "number_of_beds": 0}, {"code": 17105, "location_desc": null, "official_name": "Kaonyweni Dispensary", "owner": {"name": "Ministry of Health"}, "keph_level": {"name": "Level 2"}, "ward": {"code": 411}, "number_of_cots": 2, "town": {"name": "kaonyweni"}, "name": "Kaonyweni Dispensary", "created": "2010-09-03T22:26:31.873000+00:00", "regulatory_body": {"name": "Ministry of Health"}, "facility_type": {"name": "Dispensary"}, "plot_number": null, "operation_status": {"name": "Operational"}, "number_of_beds": 0}, {"code": 17104, "location_desc": null, "official_name": "Kwa Mwatu Dispensary", "owner": {"name": "Ministry of Health"}, "keph_level": {"name": "Level 2"}, "ward": {"code": 546}, "number_of_cots": 0, "town": {"name": "kwa mwatu"}, "name": "Kwa Mwatu Dispensary", "created": "2010-09-03T20:59:21.507000+00:00", "regulatory_body": {"name": "Ministry of Health"}, "facility_type": {"name": "Dispensary"}, "plot_number": null, "operation_status": {"name": "Operational"}, "number_of_beds": 0}, {"code": 17103, "location_desc": null, "official_name": "Sutyechun", "owner": {"name": "Ministry of Health"}, "keph_level": {"name": "Level 2"}, "ward": {"code": 791}, "number_of_cots": 0, "town": {"name": "kabartonjo"}, "name": "Sutyechun Dispensary", "created": "2010-09-03T19:29:30.207000+00:00", "regulatory_body": {"name": "Ministry of Health"}, "facility_type": {"name": "Dispensary"}, "plot_number": null, "operation_status": {"name": "Not-Operational"}, "number_of_beds": 0}, {"code": 17102, "location_desc": null, "official_name": "Kibiryokwonin", "owner": {"name": "Ministry of Health"}, "keph_level": {"name": "Level 2"}, "ward": {"code": 791}, "number_of_cots": 0, "town": {"name": "kipsaraman"}, "name": "Kibiryokwonin Dispensary", "created": "2010-09-03T19:07:01.043000+00:00", "regulatory_body": {"name": "Ministry of Health"}, "facility_type": {"name": "Dispensary"}, "plot_number": "2672", "operation_status": {"name": "Operational"}, "number_of_beds": 0}, {"code": 17101, "location_desc": null, "official_name": "Rondonin", "owner": {"name": "Ministry of Health"}, "keph_level": {"name": "Level 2"}, "ward": {"code": 791}, "number_of_cots": 0, "town": {"name": "kabartonjo"}, "name": "Rondonin Dispensary", "created": "2010-09-03T18:43:02.977000+00:00", "regulatory_body": {"name": "Ministry of Health"}, "facility_type": {"name": "Dispensary"}, "plot_number": null, "operation_status": {"name": "Operational"}, "number_of_beds": 0}, {"code": 17100, "location_desc": null, "official_name": "Kalabata", "owner": {"name": "Ministry of Health"}, "keph_level": {"name": "Level 2"}, "ward": {"code": 792}, "number_of_cots": 0, "town": {"name": "kabartonjo"}, "name": "Kalabata Dispensary", "created": "2010-09-03T18:11:55.660000+00:00", "regulatory_body": {"name": "Ministry of Health"}, "facility_type": {"name": "Dispensary"}, "plot_number": null, "operation_status": {"name": "Operational"}, "number_of_beds": 0}, {"code": 17099, "location_desc": null, "official_name": "Kipsogon Dispensary", "owner": {"name": "Ministry of Health"}, "keph_level": {"name": "Level 2"}, "ward": {"code": 805}, "number_of_cots": 0, "town": {"name": "mogotio"}, "name": "Kipsogon Dispensary", "created": "2010-09-03T13:11:59.233000+00:00", "regulatory_body": {"name": "Ministry of Health"}, "facility_type": {"name": "Dispensary"}, "plot_number": null, "operation_status": {"name": "Operational"}, "number_of_beds": 0}, {"code": 17098, "location_desc": null, "official_name": "Kamar Dispensary", "owner": {"name": "Ministry of Health"}, "keph_level": {"name": "Level 2"}, "ward": {"code": 803}, "number_of_cots": 0, "town": {"name": "mogotio"}, "name": "Kamar Dispensary", "created": "2010-09-03T13:02:34.817000+00:00", "regulatory_body": {"name": "Ministry of Health"}, "facility_type": {"name": "Dispensary"}, "plot_number": null, "operation_status": {"name": "Operational"}, "number_of_beds": 0}, {"code": 17096, "location_desc": "Near Waseges Trading Center", "official_name": "Waseges Dispensary", "owner": {"name": "Ministry of Health"}, "keph_level": {"name": "Level 2"}, "ward": {"code": 804}, "number_of_cots": 0, "town": {"name": "mogotio"}, "name": "Waseges Dispensary", "created": "2010-09-03T12:49:46.587000+00:00", "regulatory_body": {"name": "Ministry of Health"}, "facility_type": {"name": "Dispensary"}, "plot_number": null, "operation_status": {"name": "Not-Operational"}, "number_of_beds": 0}, {"code": 17095, "location_desc": null, "official_name": "Chemoinoi Dispensary", "owner": {"name": "Ministry of Health"}, "keph_level": {"name": "Level 2"}, "ward": {"code": 862}, "number_of_cots": 0, "town": {"name": "mogotio"}, "name": "Chemoinoi Dispensary", "created": "2010-09-03T12:43:36.730000+00:00", "regulatory_body": {"name": "Ministry of Health"}, "facility_type": {"name": "Dispensary"}, "plot_number": null, "operation_status": {"name": "Operational"}, "number_of_beds": 0}, {"code": 17094, "location_desc": "Opposite Holy Rosary Church", "official_name": "Tinganga Catholic Dispensary", "owner": {"name": "Kenya Episcopal Conference-Catholic Secretariat"}, "keph_level": {"name": "Level 2"}, "ward": {"code": 582}, "number_of_cots": 0, "town": {"name": "tinganga market"}, "name": "Tinganga Catholic Dispensary", "created": "2010-09-03T12:07:29.293000+00:00", "regulatory_body": {"name": "Kenya MPDB - Institution"}, "facility_type": {"name": "Dispensary"}, "plot_number": null, "operation_status": {"name": "Operational"}, "number_of_beds": 0}, {"code": 17093, "location_desc": null, "official_name": "Sugumerga Dispensary", "owner": {"name": "Ministry of Health"}, "keph_level": {"name": "Level 2"}, "ward": {"code": 973}, "number_of_cots": 0, "town": {"name": "kapkesosio market"}, "name": "Sugumerga Dispensary", "created": "2010-09-02T23:25:44.930000+00:00", "regulatory_body": {"name": "Ministry of Health"}, "facility_type": {"name": "Dispensary"}, "plot_number": null, "operation_status": {"name": "Operational"}, "number_of_beds": 0}, {"code": 17092, "location_desc": "Sachora Dispensary is near Bomet Town ", "official_name": "Sachora Dispensary", "owner": {"name": "Ministry of Health"}, "keph_level": {"name": "Level 2"}, "ward": {"code": 972}, "number_of_cots": 0, "town": {"name": "two kms from bomet town towards narok"}, "name": "Sachora Dispensary", "created": "2010-09-02T23:18:30.507000+00:00", "regulatory_body": {"name": "Ministry of Health"}, "facility_type": {"name": "Dispensary"}, "plot_number": null, "operation_status": {"name": "Operational"}, "number_of_beds": 0}, {"code": 17090, "location_desc": "Near Oldebes Primary School", "official_name": "Oldebes Dispensary", "owner": {"name": "Ministry of Health"}, "keph_level": {"name": "Level 2"}, "ward": {"code": 804}, "number_of_cots": 0, "town": {"name": "kisanana centre"}, "name": "Oldebes Dispensary", "created": "2010-09-02T14:35:53.640000+00:00", "regulatory_body": {"name": "Ministry of Health"}, "facility_type": {"name": "Dispensary"}, "plot_number": null, "operation_status": {"name": "Not-Operational"}, "number_of_beds": 0}, {"code": 17089, "location_desc": "Near Nduguyu Market", "official_name": "Kalamene Dispenary", "owner": {"name": "Ministry of Health"}, "keph_level": {"name": "Level 2"}, "ward": {"code": 252}, "number_of_cots": 0, "town": {"name": "nduguto market"}, "name": "Kalamene Dispensary", "created": "2010-09-02T13:15:34.300000+00:00", "regulatory_body": {"name": "Ministry of Health"}, "facility_type": {"name": "Dispensary"}, "plot_number": null, "operation_status": {"name": "Operational"}, "number_of_beds": 0}, {"code": 11954, "location_desc": null, "official_name": "Bright Clinic", "owner": {"name": "Private Enterprise (Institution)"}, "keph_level": {"name": "Level 2"}, "ward": {"code": 263}, "number_of_cots": 0, "town": {"name": "a/bentue kiongo"}, "name": "Bright Clinic", "created": "2009-10-31T00:00:00+00:00", "regulatory_body": {"name": "Kenya MPDB - Institution"}, "facility_type": {"name": "Medical Clinic"}, "plot_number": "994", "operation_status": {"name": "Operational"}, "number_of_beds": 0}, {"code": 13363, "location_desc": "Next to Griftu Stage", "official_name": "Highway Clinic (Wajir East)", "owner": {"name": "Private Enterprise (Institution)"}, "keph_level": {"name": "Level 2"}, "ward": {"code": 169}, "number_of_cots": 0, "town": {"name": "wajir"}, "name": "Highway Clinic (Wajir East)", "created": "2009-10-31T00:00:00+00:00", "regulatory_body": {"name": "Clinical Officers Council"}, "facility_type": {"name": "Medical Clinic"}, "plot_number": null, "operation_status": {"name": "Operational"}, "number_of_beds": 0}, {"code": 12725, "location_desc": null, "official_name": "Salama Dawa Health Services", "owner": {"name": "Private Enterprise (Institution)"}, "keph_level": {"name": "Level 2"}, "ward": {"code": 264}, "number_of_cots": 0, "town": {"name": "mutuati market"}, "name": "Salama Dawa Health Services", "created": "2009-10-31T00:00:00+00:00", "regulatory_body": {"name": "Kenya MPDB - Institution"}, "facility_type": {"name": "Medical Clinic"}, "plot_number": null, "operation_status": {"name": "Operational"}, "number_of_beds": 0}, {"code": 16412, "location_desc": "Njoro - Mau- Narok raod at Mau - Narok centre.", "official_name": "Mau-Narok Health Services", "owner": {"name": "Private Enterprise (Institution)"}, "keph_level": {"name": "Level 2"}, "ward": {"code": 830}, "number_of_cots": 0, "town": {"name": "mau- narok"}, "name": "Mau-Narok Health Services", "created": "2009-10-31T00:00:00+00:00", "regulatory_body": {"name": "Kenya MPDB - Institution"}, "facility_type": {"name": "Medical Clinic"}, "plot_number": "pdd lr 12482/68 mau- narok", "operation_status": {"name": "Operational"}, "number_of_beds": 0}, {"code": 13819, "location_desc": null, "official_name": "Mokason Clinic", "owner": {"name": "Private Enterprise (Institution)"}, "keph_level": {"name": "Level 2"}, "ward": {"code": 1344}, "number_of_cots": 0, "town": {"name": "daraja mbili"}, "name": "Mokason Clinic", "created": "2009-10-31T00:00:00+00:00", "regulatory_body": {"name": "Kenya MPDB - Institution"}, "facility_type": {"name": "Medical Clinic"}, "plot_number": null, "operation_status": {"name": "Operational"}, "number_of_beds": 0}, {"code": 12720, "location_desc": "Runyenjes Town", "official_name": "Kaune's Medical Clinic", "owner": {"name": "Private Enterprise (Institution)"}, "keph_level": {"name": "Level 2"}, "ward": {"code": 319}, "number_of_cots": 0, "town": {"name": "runyenjes"}, "name": "Kaune's Medical Clinic", "created": "2009-10-31T00:00:00+00:00", "regulatory_body": {"name": "Nursing Council of Kenya (Private Practice)"}, "facility_type": {"name": "Medical Clinic"}, "plot_number": "129", "operation_status": {"name": "Operational"}, "number_of_beds": 0}, {"code": 10561, "location_desc": null, "official_name": "Kiangwenyi Clinic", "owner": {"name": "Private Enterprise (Institution)"}, "keph_level": {"name": "Level 2"}, "ward": {"code": 504}, "number_of_cots": 0, "town": {"name": "kiangwenyi"}, "name": "Kiangwenyi Clinic", "created": "2009-10-31T00:00:00+00:00", "regulatory_body": {"name": "Kenya MPDB - Institution"}, "facility_type": {"name": "Medical Clinic"}, "plot_number": null, "operation_status": {"name": "Operational"}, "number_of_beds": 0}, {"code": 10242, "location_desc": "Off Sagana/Muranga road, same building with Chakaka\r\n", "official_name": "Genesis Clinic (Kirinyaga)", "owner": {"name": "Private Practice - Nurse / Midwife"}, "keph_level": {"name": "Level 2"}, "ward": {"code": 511}, "number_of_cots": 0, "town": {"name": "sagana"}, "name": "Genesis Clinic (Kirinyaga)", "created": "2009-10-31T00:00:00+00:00", "regulatory_body": {"name": "Nursing Council of Kenya (Private Practice)"}, "facility_type": {"name": "Medical Clinic"}, "plot_number": "63", "operation_status": {"name": "Operational"}, "number_of_beds": 0}, {"code": 10693, "location_desc": "Naivasha Nakuru Highway before the escarpment view point", "official_name": "Marira Medical ClinicKijabe (AIC) Hospital Marira Medical Clinic", "owner": {"name": "Other Faith Based"}, "keph_level": {"name": "Level 2"}, "ward": {"code": 610}, "number_of_cots": 0, "town": {"name": "mathore"}, "name": "Kijabe (AIC) Hospital Marira Medical Clinic", "created": "2009-10-31T00:00:00+00:00", "regulatory_body": {"name": "Other"}, "facility_type": {"name": "Medical Clinic"}, "plot_number": null, "operation_status": {"name": "Operational"}, "number_of_beds": 0}, {"code": 10592, "location_desc": null, "official_name": "Kihinga Dispensary", "owner": {"name": "Private Enterprise (Institution)"}, "keph_level": {"name": "Level 2"}, "ward": {"code": 522}, "number_of_cots": 0, "town": {"name": "kahuro"}, "name": "Kihinga Dispensary", "created": "2009-10-31T00:00:00+00:00", "regulatory_body": {"name": "Kenya MPDB - Institution"}, "facility_type": {"name": "Medical Clinic"}, "plot_number": null, "operation_status": {"name": "Operational"}, "number_of_beds": 0}, {"code": 16094, "location_desc": null, "official_name": "Rotary Doctors Clinic", "owner": {"name": "Non-Governmental Organizations"}, "keph_level": {"name": "Level 2"}, "ward": {"code": 1075}, "number_of_cots": 0, "town": {"name": "luanda"}, "name": "Rotary Doctors Clinic", "created": "2009-10-31T00:00:00+00:00", "regulatory_body": {"name": "Other"}, "facility_type": {"name": "Medical Clinic"}, "plot_number": null, "operation_status": {"name": "Operational"}, "number_of_beds": 0}, {"code": 14443, "location_desc": "Olengeruone town next to Bunei Hotel", "official_name": "Emmaus Clinic", "owner": {"name": "Private Practice - Nurse / Midwife"}, "keph_level": {"name": "Level 2"}, "ward": {"code": 849}, "number_of_cots": 0, "town": {"name": "olenguruone"}, "name": "Emmaus Clinic", "created": "2009-10-31T00:00:00+00:00", "regulatory_body": {"name": "Kenya MPDB - Institution"}, "facility_type": {"name": "Medical Clinic"}, "plot_number": "18", "operation_status": {"name": "Operational"}, "number_of_beds": 4}, {"code": 12551, "location_desc": null, "official_name": "Mugui Consolata Clinic", "owner": {"name": "Private Enterprise (Institution)"}, "keph_level": {"name": "Level 2"}, "ward": {"code": 320}, "number_of_cots": 0, "town": {"name": "runyenjes"}, "name": "Mugui Consolata Clinic", "created": "2009-10-31T00:00:00+00:00", "regulatory_body": {"name": "Kenya MPDB - Institution"}, "facility_type": {"name": "Medical Clinic"}, "plot_number": "3a", "operation_status": {"name": "Not-Operational"}, "number_of_beds": 0}, {"code": 13500, "location_desc": null, "official_name": "Bekam Clinic", "owner": {"name": "Private Enterprise (Institution)"}, "keph_level": {"name": "Level 2"}, "ward": {"code": 1360}, "number_of_cots": 0, "town": {"name": "magwagwa"}, "name": "Bekam Clinic", "created": "2009-10-31T00:00:00+00:00", "regulatory_body": {"name": "Kenya MPDB - Institution"}, "facility_type": {"name": "Medical Clinic"}, "plot_number": null, "operation_status": {"name": "Operational"}, "number_of_beds": 1}, {"code": 10422, "location_desc": null, "official_name": "Kahuhia (ACK) Clinic", "owner": {"name": "Christian Health Association of Kenya"}, "keph_level": {"name": "Level 2"}, "ward": {"code": 522}, "number_of_cots": 0, "town": {"name": "kahuro"}, "name": "Kahuhia (ACK) Clinic", "created": "2009-10-31T00:00:00+00:00", "regulatory_body": {"name": "Kenya MPDB - Institution"}, "facility_type": {"name": "Dispensary"}, "plot_number": null, "operation_status": {"name": "Operational"}, "number_of_beds": 0}, {"code": 12887, "location_desc": "Dandora 41 Estate near post office and behind Dandora II Health Centre", "official_name": "Brother Andre Clinic", "owner": {"name": "Kenya Episcopal Conference-Catholic Secretariat"}, "keph_level": {"name": "Level 2"}, "ward": {"code": 1383}, "number_of_cots": 0, "town": {"name": "dandora 41"}, "name": "Brother andre Clinic", "created": "2009-10-31T00:00:00+00:00", "regulatory_body": {"name": "Kenya MPDB - Institution"}, "facility_type": {"name": "Medical Clinic"}, "plot_number": null, "operation_status": {"name": "Operational"}, "number_of_beds": 0}, {"code": 13534, "location_desc": null, "official_name": "Disciples of Mercy Clinic", "owner": {"name": "Kenya Episcopal Conference-Catholic Secretariat"}, "keph_level": {"name": "Level 2"}, "ward": {"code": 1186}, "number_of_cots": 0, "town": {"name": "kisumu"}, "name": "Disciples of Mercy Clinic", "created": "2009-10-31T00:00:00+00:00", "regulatory_body": {"name": "Kenya MPDB - Institution"}, "facility_type": {"name": "Medical Clinic"}, "plot_number": null, "operation_status": {"name": "Operational"}, "number_of_beds": 0}, {"code": 11119, "location_desc": null, "official_name": "Tumaini Medical Clinic (Nyeri North)", "owner": {"name": "Private Enterprise (Institution)"}, "keph_level": {"name": "Level 2"}, "ward": {"code": 479}, "number_of_cots": 0, "town": {"name": "karatina"}, "name": "Tumaini Medical Clinic (Nyeri North)", "created": "2009-10-31T00:00:00+00:00", "regulatory_body": {"name": "Kenya MPDB - Institution"}, "facility_type": {"name": "Medical Clinic"}, "plot_number": null, "operation_status": {"name": "Operational"}, "number_of_beds": 0}, {"code": 16244, "location_desc": "Commercial Bank Building 1st floor, Embu town", "official_name": "Galilee Medical Clinic", "owner": {"name": "Private Practice - General Practitioner"}, "keph_level": {"name": "Level 2"}, "ward": {"code": 315}, "number_of_cots": 0, "town": {"name": "embu"}, "name": "Galilee Medical Clinic", "created": "2009-10-31T00:00:00+00:00", "regulatory_body": {"name": "Kenya MPDB - Institution"}, "facility_type": {"name": "Medical Clinic"}, "plot_number": null, "operation_status": {"name": "Operational"}, "number_of_beds": 0}, {"code": 14105, "location_desc": null, "official_name": "St Consolata Clinic", "owner": {"name": "Private Enterprise (Institution)"}, "keph_level": {"name": "Level 2"}, "ward": {"code": 1196}, "number_of_cots": 5, "town": {"name": "kisumu"}, "name": "St Consolata Clinic", "created": "2009-10-31T00:00:00+00:00", "regulatory_body": {"name": "Kenya MPDB - Institution"}, "facility_type": {"name": "Medical Clinic"}, "plot_number": "b/28", "operation_status": {"name": "Operational"}, "number_of_beds": 16}, {"code": 12911, "location_desc": "In Dandora Phase II,  near Dandora I Health Centre", "official_name": "Dandora (EDARP) Clinic", "owner": {"name": "Kenya Episcopal Conference-Catholic Secretariat"}, "keph_level": {"name": "Level 2"}, "ward": {"code": 1428}, "number_of_cots": 0, "town": {"name": "dandora phase ii estate"}, "name": "Dandora (EDARP) Clinic", "created": "2009-10-31T00:00:00+00:00", "regulatory_body": {"name": "Kenya MPDB - Institution"}, "facility_type": {"name": "Medical Clinic"}, "plot_number": null, "operation_status": {"name": "Operational"}, "number_of_beds": 0}, {"code": 13767, "location_desc": null, "official_name": "Manga Getobo Clinic", "owner": {"name": "Private Enterprise (Institution)"}, "keph_level": {"name": "Level 2"}, "ward": {"code": 1350}, "number_of_cots": 0, "town": {"name": "manga"}, "name": "Manga Getobo Clinic", "created": "2009-10-31T00:00:00+00:00", "regulatory_body": {"name": "Kenya MPDB - Institution"}, "facility_type": {"name": "Medical Clinic"}, "plot_number": null, "operation_status": {"name": "Operational"}, "number_of_beds": 3}, {"code": 13220, "location_desc": "Near Donholm Caltex", "official_name": "Edarp Donholm Clinic", "owner": {"name": "Kenya Episcopal Conference-Catholic Secretariat"}, "keph_level": {"name": "Level 2"}, "ward": {"code": 1421}, "number_of_cots": 0, "town": {"name": "nairobi"}, "name": "EDARP Donholm Clinic", "created": "2009-10-31T00:00:00+00:00", "regulatory_body": {"name": "Kenya MPDB - Institution"}, "facility_type": {"name": "Dispensary"}, "plot_number": null, "operation_status": {"name": "Operational"}, "number_of_beds": 0}, {"code": 13775, "location_desc": null, "official_name": "Marie Stopes Clinic (Migori)", "owner": {"name": "Non-Governmental Organizations"}, "keph_level": {"name": "Level 2"}, "ward": {"code": 1270}, "number_of_cots": 0, "town": {"name": "migori"}, "name": "Marie Stopes Clinic (Migori)", "created": "2009-10-31T00:00:00+00:00", "regulatory_body": {"name": "Other"}, "facility_type": {"name": "Dispensary"}, "plot_number": null, "operation_status": {"name": "Operational"}, "number_of_beds": 2}, {"code": 14122, "location_desc": null, "official_name": "St Norah's clinc", "owner": {"name": "Private Enterprise (Institution)"}, "keph_level": {"name": "Level 2"}, "ward": {"code": 1363}, "number_of_cots": 0, "town": {"name": "nyaramba"}, "name": "St Norah's Clinc", "created": "2009-10-31T00:00:00+00:00", "regulatory_body": {"name": "Kenya MPDB - Institution"}, "facility_type": {"name": "Medical Clinic"}, "plot_number": null, "operation_status": {"name": "Operational"}, "number_of_beds": 1}, {"code": 13169, "location_desc": "Along Nairobi-Kangundo road at Ruai shopping centre", "official_name": "EDARP Ruai  Clinic", "owner": {"name": "Kenya Episcopal Conference-Catholic Secretariat"}, "keph_level": {"name": "Level 2"}, "ward": {"code": 1400}, "number_of_cots": 0, "town": {"name": "ruai market"}, "name": "EDARP Ruai Clinic", "created": "2009-10-31T00:00:00+00:00", "regulatory_body": {"name": "Kenya MPDB - Institution"}, "facility_type": {"name": "Dispensary"}, "plot_number": null, "operation_status": {"name": "Operational"}, "number_of_beds": 0}, {"code": 13017, "location_desc": "Near Soweto Police Station Kayole", "official_name": "Soweto Kayole PHC Health Centre", "owner": {"name": "Non-Governmental Organizations"}, "keph_level": {"name": "Level 3"}, "ward": {"code": 1416}, "number_of_cots": 0, "town": {"name": "corner kayole market"}, "name": "Soweto Kayole PHC Health Centre", "created": "2009-10-31T00:00:00+00:00", "regulatory_body": {"name": "Kenya MPDB - Private Practice"}, "facility_type": {"name": "Health Centre"}, "plot_number": null, "operation_status": {"name": "Operational"}, "number_of_beds": 0}, {"code": 13977, "location_desc": null, "official_name": "OLPS Clinic", "owner": {"name": "Kenya Episcopal Conference-Catholic Secretariat"}, "keph_level": {"name": "Level 2"}, "ward": {"code": 1190}, "number_of_cots": 0, "town": {"name": "kisumu"}, "name": "Olps Clinic", "created": "2009-10-31T00:00:00+00:00", "regulatory_body": {"name": "Kenya MPDB - Institution"}, "facility_type": {"name": "Dispensary"}, "plot_number": null, "operation_status": {"name": "Operational"}, "number_of_beds": 0}, {"code": 13140, "location_desc": "Located at Phoenix House along Kenyatta Avenue", "official_name": "Family Care Medical Centre (Phoenix)", "owner": {"name": "Non-Governmental Organizations"}, "keph_level": {"name": "Level 2"}, "ward": {"code": 1439}, "number_of_cots": 0, "town": {"name": "nairobi"}, "name": "Family Care Medical Centre (Phoenix)", "created": "2009-10-31T00:00:00+00:00", "regulatory_body": {"name": "Kenya MPDB - Institution"}, "facility_type": {"name": "Medical Clinic"}, "plot_number": "209/907", "operation_status": {"name": "Operational"}, "number_of_beds": 0}, {"code": 13829, "location_desc": null, "official_name": "MTC Clinic (Kisumu)", "owner": {"name": "Private Enterprise (Institution)"}, "keph_level": {"name": "Level 2"}, "ward": {"code": 1188}, "number_of_cots": 0, "town": {"name": "kisumu"}, "name": "MTC Clinic (Kisumu)", "created": "2009-10-31T00:00:00+00:00", "regulatory_body": {"name": "Kenya MPDB - Institution"}, "facility_type": {"name": "Medical Clinic"}, "plot_number": null, "operation_status": {"name": "Operational"}, "number_of_beds": 0}, {"code": 10425, "location_desc": null, "official_name": "Kahuro Medical Clinic", "owner": {"name": "Private Enterprise (Institution)"}, "keph_level": {"name": "Level 2"}, "ward": {"code": 523}, "number_of_cots": 0, "town": {"name": "kahuro"}, "name": "Kahuro Medical Clinic", "created": "2009-10-31T00:00:00+00:00", "regulatory_body": {"name": "Kenya MPDB - Institution"}, "facility_type": {"name": "Medical Clinic"}, "plot_number": null, "operation_status": {"name": "Operational"}, "number_of_beds": 0}, {"code": 14138, "location_desc": null, "official_name": "Swindon St.Elizabeth Clinic", "owner": {"name": "Private Enterprise (Institution)"}, "keph_level": {"name": "Level 2"}, "ward": {"code": 1224}, "number_of_cots": 0, "town": {"name": "sikri market"}, "name": "Swindon Clinic", "created": "2009-10-31T00:00:00+00:00", "regulatory_body": {"name": "Kenya MPDB - Institution"}, "facility_type": {"name": "Medical Clinic"}, "plot_number": null, "operation_status": {"name": "Operational"}, "number_of_beds": 0}, {"code": 13765, "location_desc": null, "official_name": "Mama Maria Clinic", "owner": {"name": "Kenya Episcopal Conference-Catholic Secretariat"}, "keph_level": {"name": "Level 2"}, "ward": {"code": 1288}, "number_of_cots": 0, "town": {"name": "muhuru bay"}, "name": "Mama Maria Clinic", "created": "2009-10-31T00:00:00+00:00", "regulatory_body": {"name": "Kenya MPDB - Institution"}, "facility_type": {"name": "Medical Clinic"}, "plot_number": null, "operation_status": {"name": "Operational"}, "number_of_beds": 0}, {"code": 11975, "location_desc": "Along Chuka-Meru road in Nkubu town", "official_name": "Ciama Medical Clinic", "owner": {"name": "Private Practice - Nurse / Midwife"}, "keph_level": {"name": "Level 2"}, "ward": {"code": 295}, "number_of_cots": 0, "town": {"name": "nkubu town"}, "name": "Ciama Medical Clinic", "created": "2009-10-31T00:00:00+00:00", "regulatory_body": {"name": "Nursing Council of Kenya (Private Practice)"}, "facility_type": {"name": "Medical Clinic"}, "plot_number": "131 a nkubu", "operation_status": {"name": "Operational"}, "number_of_beds": 0}, {"code": 13280, "location_desc": "Next to Old Mosque", "official_name": "Najah Medical Clinic", "owner": {"name": "Private Enterprise (Institution)"}, "keph_level": {"name": "Level 2"}, "ward": {"code": 169}, "number_of_cots": 0, "town": {"name": "wajir"}, "name": "Najah Medical Clinic", "created": "2009-10-31T00:00:00+00:00", "regulatory_body": {"name": "Nursing Council of Kenya (Private Practice)"}, "facility_type": {"name": "Medical Clinic"}, "plot_number": null, "operation_status": {"name": "Operational"}, "number_of_beds": 0}, {"code": 13906, "location_desc": null, "official_name": "Nyambunwa Medical Clinic", "owner": {"name": "Private Enterprise (Institution)"}, "keph_level": {"name": "Level 2"}, "ward": {"code": 1303}, "number_of_cots": 0, "town": {"name": "suneka mkt"}, "name": "Nyambunwa Medical Clinic", "created": "2009-10-31T00:00:00+00:00", "regulatory_body": {"name": "Kenya MPDB - Institution"}, "facility_type": {"name": "Medical Clinic"}, "plot_number": null, "operation_status": {"name": "Operational"}, "number_of_beds": 0}, {"code": 11375, "location_desc": "Digo Road, Opposite CFC Stanbic Bank - Fimbo Building", "official_name": "Family Health Options Kenya (FHOK) Mombasa", "owner": {"name": "Non-Governmental Organizations"}, "keph_level": {"name": "Level 2"}, "ward": {"code": 26}, "number_of_cots": 0, "town": {"name": "mombasa"}, "name": "Family Health Options Kenya (FHOK) Mombasa", "created": "2009-10-31T00:00:00+00:00", "regulatory_body": {"name": "Other"}, "facility_type": {"name": "Dispensary"}, "plot_number": null, "operation_status": {"name": "Operational"}, "number_of_beds": 0}, {"code": 14125, "location_desc": null, "official_name": "St Ruth Clinic", "owner": {"name": "Private Enterprise (Institution)"}, "keph_level": {"name": "Level 2"}, "ward": {"code": 1363}, "number_of_cots": 1, "town": {"name": "mokomoni"}, "name": "St Ruth Clinic", "created": "2009-10-31T00:00:00+00:00", "regulatory_body": {"name": "Kenya MPDB - Institution"}, "facility_type": {"name": "Medical Clinic"}, "plot_number": "1272", "operation_status": {"name": "Operational"}, "number_of_beds": 2}, {"code": 10952, "location_desc": "Lower Kabete ,Kamutiini Opposite St Luke Church", "official_name": "Ramos Medical Clinic", "owner": {"name": "Private Practice - Nurse / Midwife"}, "keph_level": {"name": "Level 2"}, "ward": {"code": 594}, "number_of_cots": 0, "town": {"name": "wangige"}, "name": "Ramos Medical Clinic", "created": "2009-10-31T00:00:00+00:00", "regulatory_body": {"name": "Nursing Council of Kenya (Private Practice)"}, "facility_type": {"name": "Medical Clinic"}, "plot_number": "1793 lower kabete", "operation_status": {"name": "Operational"}, "number_of_beds": 0}, {"code": 13599, "location_desc": null, "official_name": "Happy Magwagwa Clinic", "owner": {"name": "Private Enterprise (Institution)"}, "keph_level": {"name": "Level 2"}, "ward": {"code": 1360}, "number_of_cots": 0, "town": {"name": "magwagwa"}, "name": "Happy Magwagwa Clinic", "created": "2009-10-31T00:00:00+00:00", "regulatory_body": {"name": "Kenya MPDB - Institution"}, "facility_type": {"name": "Medical Clinic"}, "plot_number": null, "operation_status": {"name": "Operational"}, "number_of_beds": 1}, {"code": 12448, "location_desc": null, "official_name": "Majengo (PCEA) Clinic", "owner": {"name": "Christian Health Association of Kenya"}, "keph_level": {"name": "Level 2"}, "ward": {"code": 315}, "number_of_cots": 0, "town": {"name": "embu"}, "name": "Majengo (PCEA) Clinic", "created": "2009-10-31T00:00:00+00:00", "regulatory_body": {"name": "Kenya MPDB - Institution"}, "facility_type": {"name": "Dispensary"}, "plot_number": null, "operation_status": {"name": "Operational"}, "number_of_beds": 0}, {"code": 16663, "location_desc": null, "official_name": "Tuungane Youth Centre (Kisumu East)", "owner": {"name": "Non-Governmental Organizations"}, "keph_level": {"name": "Level 2"}, "ward": {"code": 1198}, "number_of_cots": 0, "town": {"name": "kisumu"}, "name": "Tuungane Youth Centre (Kisumu East)", "created": "2009-10-31T00:00:00+00:00", "regulatory_body": {"name": "Other"}, "facility_type": {"name": "Medical Clinic"}, "plot_number": null, "operation_status": {"name": "Operational"}, "number_of_beds": 0}], "model": "facilities.Facility", "unique_fields": ["code"]}]