[{"records": [{"code": 16074, "location_desc": "Off Kisumu-Busia road, on the Right hand  14 Kms from Matayos Health Centre", "official_name": "Nasewa Health Centre", "owner": {"name": "Ministry of Health"}, "keph_level": {"name": "Level 2"}, "ward": {"code": 1139}, "number_of_cots": 0, "town": {"name": "matayos"}, "name": "Nasewa Health Centre", "created": "2009-10-31T00:00:00+00:00", "regulatory_body": {"name": "Ministry of Health"}, "facility_type": {"name": "Health Centre"}, "plot_number": "668", "operation_status": {"name": "Operational"}, "number_of_beds": 2}, {"code": 14009, "location_desc": null, "official_name": "Oyani Health Centre", "owner": {"name": "Ministry of Health"}, "keph_level": {"name": "Level 3"}, "ward": {"code": 1281}, "number_of_cots": 0, "town": {"name": "oyani"}, "name": "Oyani Health Centre", "created": "2009-10-31T00:00:00+00:00", "regulatory_body": {"name": "Ministry of Health"}, "facility_type": {"name": "Health Centre"}, "plot_number": null, "operation_status": {"name": "Operational"}, "number_of_beds": 0}, {"code": 12853, "location_desc": "Kiusyani Market", "official_name": "Yatta Health Centre ", "owner": {"name": "Ministry of Health"}, "keph_level": {"name": "Level 2"}, "ward": {"code": 406}, "number_of_cots": 8, "town": {"name": "kiusyani"}, "name": "Yatta Health Centre", "created": "2009-10-31T00:00:00+00:00", "regulatory_body": {"name": "Ministry of Health"}, "facility_type": {"name": "Health Centre"}, "plot_number": null, "operation_status": {"name": "Operational"}, "number_of_beds": 5}, {"code": 15870, "location_desc": "5 kms from Kisumu busia road divert at maseno police station ", "official_name": "Ekwanda Health Centre", "owner": {"name": "Ministry of Health"}, "keph_level": {"name": "Level 3"}, "ward": {"code": 1070}, "number_of_cots": 0, "town": {"name": "luanda"}, "name": "Ekwanda Health Centre", "created": "2009-10-31T00:00:00+00:00", "regulatory_body": {"name": "Ministry of Health"}, "facility_type": {"name": "Health Centre"}, "plot_number": null, "operation_status": {"name": "Operational"}, "number_of_beds": 8}, {"code": 13153, "location_desc": null, "official_name": "PSTC Health Centre", "owner": {"name": "Ministry of Health"}, "keph_level": {"name": "Level 3"}, "ward": {"code": 1439}, "number_of_cots": 0, "town": {"name": "nairobi"}, "name": "Pstc Health Centre", "created": "2009-10-31T00:00:00+00:00", "regulatory_body": {"name": "Ministry of Health"}, "facility_type": {"name": "Health Centre"}, "plot_number": " ", "operation_status": {"name": "Operational"}, "number_of_beds": 0}, {"code": 11385, "location_desc": "Near Garsen Town", "official_name": "Garsen Health Centre", "owner": {"name": "Ministry of Health"}, "keph_level": {"name": "Level 3"}, "ward": {"code": 90}, "number_of_cots": 0, "town": {"name": "garsen"}, "name": "Garsen Health Centre", "created": "2009-10-31T00:00:00+00:00", "regulatory_body": {"name": "Ministry of Health"}, "facility_type": {"name": "Health Centre"}, "plot_number": null, "operation_status": {"name": "Operational"}, "number_of_beds": 4}, {"code": 16407, "location_desc": "Mauche - Sururu road at Kaptich centre.", "official_name": "Sururu Health Centre (CDF)", "owner": {"name": "Community Development Fund"}, "keph_level": {"name": "Level 3"}, "ward": {"code": 831}, "number_of_cots": 0, "town": {"name": "mau-narok"}, "name": "Sururu Health Centre (CDF)", "created": "2009-10-31T00:00:00+00:00", "regulatory_body": {"name": "Ministry of Health"}, "facility_type": {"name": "Health Centre"}, "plot_number": null, "operation_status": {"name": "Operational"}, "number_of_beds": 0}, {"code": 13461, "location_desc": "Along Asembo Bay- Akado road", "official_name": "Abidha Health Centre", "owner": {"name": "Ministry of Health"}, "keph_level": {"name": "Level 3"}, "ward": {"code": 1181}, "number_of_cots": 0, "town": {"name": "asembo bay"}, "name": "Abidha Health Centre", "created": "2009-10-31T00:00:00+00:00", "regulatory_body": {"name": "Ministry of Health"}, "facility_type": {"name": "Health Centre"}, "plot_number": null, "operation_status": {"name": "Operational"}, "number_of_beds": 16}, {"code": 12717, "location_desc": null, "official_name": "Ruiri Rural Health Demonstration Center", "owner": {"name": "Ministry of Health"}, "keph_level": {"name": "Level 3"}, "ward": {"code": 282}, "number_of_cots": 0, "town": {"name": "meru"}, "name": "Ruiri Rural Health Demonstration Centre", "created": "2009-10-31T00:00:00+00:00", "regulatory_body": {"name": "Ministry of Health"}, "facility_type": {"name": "Health Centre"}, "plot_number": null, "operation_status": {"name": "Operational"}, "number_of_beds": 10}, {"code": 14086, "location_desc": "Ahero-Sondu - Sigoti route, about 7 Kms from sondu market", "official_name": "Sigoti Health Centre", "owner": {"name": "Ministry of Health"}, "keph_level": {"name": "Level 3"}, "ward": {"code": 1220}, "number_of_cots": 2, "town": {"name": "sigoti"}, "name": "Sigoti Health Centre", "created": "2009-10-31T00:00:00+00:00", "regulatory_body": {"name": "Ministry of Health"}, "facility_type": {"name": "Health Centre"}, "plot_number": null, "operation_status": {"name": "Operational"}, "number_of_beds": 17}, {"code": 11936, "location_desc": "In Athi River Town,Adjacent to Mavoko County Council.", "official_name": "Athi River Health Centre", "owner": {"name": "Ministry of Health"}, "keph_level": {"name": "Level 3"}, "ward": {"code": 394}, "number_of_cots": 4, "town": {"name": "mavoko"}, "name": "Athi River Health Centre", "created": "2009-10-31T00:00:00+00:00", "regulatory_body": {"name": "Ministry of Health"}, "facility_type": {"name": "Health Centre"}, "plot_number": null, "operation_status": {"name": "Operational"}, "number_of_beds": 6}, {"code": 11928, "location_desc": null, "official_name": "Amugaa Health Centre", "owner": {"name": "Ministry of Health"}, "keph_level": {"name": "Level 3"}, "ward": {"code": 271}, "number_of_cots": 0, "town": {"name": "kianjai"}, "name": "Amugaa Health Centre", "created": "2009-10-31T00:00:00+00:00", "regulatory_body": {"name": "Ministry of Health"}, "facility_type": {"name": "Health Centre"}, "plot_number": " ", "operation_status": {"name": "Operational"}, "number_of_beds": 0}, {"code": 14054, "location_desc": null, "official_name": "Riotanchi Health Centre", "owner": {"name": "Ministry of Health"}, "keph_level": {"name": "Level 3"}, "ward": {"code": 1303}, "number_of_cots": 0, "town": {"name": "suneka mkt"}, "name": "Riotanchi Health Centre", "created": "2009-10-31T00:00:00+00:00", "regulatory_body": {"name": "Ministry of Health"}, "facility_type": {"name": "Health Centre"}, "plot_number": null, "operation_status": {"name": "Operational"}, "number_of_beds": 14}, {"code": 15013, "location_desc": "Njoro - Mau-Narok road, then Store Mbili road at Naish trading centre. ", "official_name": "Lare Health Centre", "owner": {"name": "Ministry of Health"}, "keph_level": {"name": "Level 3"}, "ward": {"code": 834}, "number_of_cots": 0, "town": {"name": "naishi"}, "name": "Lare Health Centre", "created": "2009-10-31T00:00:00+00:00", "regulatory_body": {"name": "Ministry of Health"}, "facility_type": {"name": "Health Centre"}, "plot_number": "45", "operation_status": {"name": "Operational"}, "number_of_beds": 6}, {"code": 13778, "location_desc": "Along Oyani Transmara Road from Awendo Market", "official_name": "Mariwa Health Centre", "owner": {"name": "Ministry of Health"}, "keph_level": {"name": "Level 3"}, "ward": {"code": 1266}, "number_of_cots": 0, "town": {"name": "mariwa"}, "name": "Mariwa Health Centre", "created": "2009-10-31T00:00:00+00:00", "regulatory_body": {"name": "Ministry of Health"}, "facility_type": {"name": "Health Centre"}, "plot_number": null, "operation_status": {"name": "Operational"}, "number_of_beds": 0}, {"code": 12179, "location_desc": null, "official_name": "Kanja Health Centre", "owner": {"name": "Ministry of Health"}, "keph_level": {"name": "Level 3"}, "ward": {"code": 320}, "number_of_cots": 0, "town": {"name": "kanja"}, "name": "Kanja Health Centre", "created": "2009-10-31T00:00:00+00:00", "regulatory_body": {"name": "Ministry of Health"}, "facility_type": {"name": "Health Centre"}, "plot_number": null, "operation_status": {"name": "Operational"}, "number_of_beds": 0}, {"code": 16465, "location_desc": null, "official_name": "Kiambere Health Centre", "owner": {"name": "Ministry of Health"}, "keph_level": {"name": "Level 3"}, "ward": {"code": 327}, "number_of_cots": 2, "town": {"name": "kiambere new site"}, "name": "Kiambere Health Centre", "created": "2009-10-31T00:00:00+00:00", "regulatory_body": {"name": "Ministry of Health"}, "facility_type": {"name": "Health Centre"}, "plot_number": " ", "operation_status": {"name": "Operational"}, "number_of_beds": 5}, {"code": 10872, "location_desc": null, "official_name": "Ngorongo Health Centre", "owner": {"name": "Ministry of Health"}, "keph_level": {"name": "Level 3"}, "ward": {"code": 555}, "number_of_cots": 2, "town": {"name": "gatundutown"}, "name": "Ngorongo Health Centre", "created": "2009-10-31T00:00:00+00:00", "regulatory_body": {"name": "Ministry of Health"}, "facility_type": {"name": "Health Centre"}, "plot_number": " ", "operation_status": {"name": "Operational"}, "number_of_beds": 10}, {"code": 12539, "location_desc": null, "official_name": "Mivukoni Health Center", "owner": {"name": "Ministry of Health"}, "keph_level": {"name": "Level 3"}, "ward": {"code": 332}, "number_of_cots": 0, "town": {"name": "mivukoni"}, "name": "Mivukoni Health Centre", "created": "2009-10-31T00:00:00+00:00", "regulatory_body": {"name": "Ministry of Health"}, "facility_type": {"name": "Health Centre"}, "plot_number": null, "operation_status": {"name": "Operational"}, "number_of_beds": 0}, {"code": 12829, "location_desc": "meru maua road,branch immediately after njiru market on your right about 2kms", "official_name": "Uringu Health Centre", "owner": {"name": "Ministry of Health"}, "keph_level": {"name": "Level 3"}, "ward": {"code": 269}, "number_of_cots": 2, "town": {"name": "kianjai"}, "name": "Uringu Health Centre", "created": "2009-10-31T00:00:00+00:00", "regulatory_body": {"name": "Ministry of Health"}, "facility_type": {"name": "Health Centre"}, "plot_number": null, "operation_status": {"name": "Operational"}, "number_of_beds": 12}, {"code": 10657, "location_desc": "Off Nyahururu-Nyeri Rd 5km from Mairo_Inya centre", "official_name": "Leshau Pondo Health Centre", "owner": {"name": "Ministry of Health"}, "keph_level": {"name": "Level 3"}, "ward": {"code": 462}, "number_of_cots": 0, "town": {"name": "nyahururu"}, "name": "Leshau Pondo Health Centre", "created": "2009-10-31T00:00:00+00:00", "regulatory_body": {"name": "Ministry of Health"}, "facility_type": {"name": "Health Centre"}, "plot_number": null, "operation_status": {"name": "Operational"}, "number_of_beds": 0}, {"code": 10893, "location_desc": "Kangema Kiriaini road before njumbi high school", "official_name": "Nyakianga Health Centre", "owner": {"name": "Ministry of Health"}, "keph_level": {"name": "Level 3"}, "ward": {"code": 519}, "number_of_cots": 0, "town": {"name": "kangema town"}, "name": "Nyakianga Health Centre", "created": "2009-10-31T00:00:00+00:00", "regulatory_body": {"name": "Ministry of Health"}, "facility_type": {"name": "Health Centre"}, "plot_number": null, "operation_status": {"name": "Operational"}, "number_of_beds": 0}, {"code": 10661, "location_desc": "LImuru township, next to the district treasury,Kiambu West", "official_name": "Limuru Health Centre", "owner": {"name": "Ministry of Health"}, "keph_level": {"name": "Level 3"}, "ward": {"code": 602}, "number_of_cots": 0, "town": {"name": "limuru"}, "name": "Limuru Health Centre", "created": "2009-10-31T00:00:00+00:00", "regulatory_body": {"name": "Ministry of Health"}, "facility_type": {"name": "Health Centre"}, "plot_number": null, "operation_status": {"name": "Operational"}, "number_of_beds": 6}, {"code": 16116, "location_desc": null, "official_name": "Shiraha Health Centre", "owner": {"name": "Ministry of Health"}, "keph_level": {"name": "Level 3"}, "ward": {"code": 1035}, "number_of_cots": 2, "town": {"name": "khushiasa"}, "name": "Shiraha Health Centre", "created": "2009-10-31T00:00:00+00:00", "regulatory_body": {"name": "Ministry of Health"}, "facility_type": {"name": "Health Centre"}, "plot_number": null, "operation_status": {"name": "Operational"}, "number_of_beds": 5}, {"code": 11237, "location_desc": "In Bamba Shopping Centre", "official_name": "Bamba Sub-District Hospital", "owner": {"name": "Ministry of Health"}, "keph_level": {"name": "Level 4"}, "ward": {"code": 72}, "number_of_cots": 0, "town": {"name": "bamba market"}, "name": "Bamba Sub-District Hospital", "created": "2009-10-31T00:00:00+00:00", "regulatory_body": {"name": "Ministry of Health"}, "facility_type": {"name": "Sub-District Hospital"}, "plot_number": null, "operation_status": {"name": "Operational"}, "number_of_beds": 12}, {"code": 10671, "location_desc": "Off Oljor orok-Ndundori Rd 1kmfrom Kangui town", "official_name": "Maina & Mwangi Health Centre", "owner": {"name": "Ministry of Health"}, "keph_level": {"name": "Level 3"}, "ward": {"code": 460}, "number_of_cots": 0, "town": {"name": "kangui"}, "name": "Maina & Mwangi Health Centre", "created": "2009-10-31T00:00:00+00:00", "regulatory_body": {"name": "Ministry of Health"}, "facility_type": {"name": "Health Centre"}, "plot_number": null, "operation_status": {"name": "Operational"}, "number_of_beds": 0}, {"code": 11881, "location_desc": "Kilifi-Kikambala Division next to crossroad primary school ", "official_name": "Vipingo Rural Demonstration Health Centre", "owner": {"name": "Ministry of Health"}, "keph_level": {"name": "Level 3"}, "ward": {"code": 58}, "number_of_cots": 0, "town": {"name": "vipingo"}, "name": "Vipingo Rural Demonstration Health Centre", "created": "2009-10-31T00:00:00+00:00", "regulatory_body": {"name": "Ministry of Health"}, "facility_type": {"name": "Health Centre"}, "plot_number": null, "operation_status": {"name": "Operational"}, "number_of_beds": 17}, {"code": 12242, "location_desc": null, "official_name": "Katse Health Centre", "owner": {"name": "Ministry of Health"}, "keph_level": {"name": "Level 3"}, "ward": {"code": 333}, "number_of_cots": 0, "town": {"name": "katse"}, "name": "Katse Health Centre", "created": "2009-10-31T00:00:00+00:00", "regulatory_body": {"name": "Ministry of Health"}, "facility_type": {"name": "Health Centre"}, "plot_number": null, "operation_status": {"name": "Operational"}, "number_of_beds": 3}, {"code": 14868, "location_desc": "Along Emali- Loitokitok road", "official_name": "Kimana Health Centre", "owner": {"name": "Ministry of Health"}, "keph_level": {"name": "Level 3"}, "ward": {"code": 935}, "number_of_cots": 4, "town": {"name": "kimana township"}, "name": "Kimana Health Centre", "created": "2009-10-31T00:00:00+00:00", "regulatory_body": {"name": "Ministry of Health"}, "facility_type": {"name": "Health Centre"}, "plot_number": null, "operation_status": {"name": "Operational"}, "number_of_beds": 20}, {"code": 12657, "location_desc": null, "official_name": "Nguluni Health Centre", "owner": {"name": "Ministry of Health"}, "keph_level": {"name": "Level 3"}, "ward": {"code": 388}, "number_of_cots": 0, "town": {"name": "nguluni"}, "name": "Nguluni Health Centre", "created": "2009-10-31T00:00:00+00:00", "regulatory_body": {"name": "Ministry of Health"}, "facility_type": {"name": "Health Centre"}, "plot_number": null, "operation_status": {"name": "Operational"}, "number_of_beds": 0}, {"code": 15911, "location_desc": null, "official_name": "Kabuchai Health Centre", "owner": {"name": "Ministry of Health"}, "keph_level": {"name": "Level 3"}, "ward": {"code": 1086}, "number_of_cots": 0, "town": {"name": "chwele"}, "name": "Kabuchai Health Centre", "created": "2009-10-31T00:00:00+00:00", "regulatory_body": {"name": "Ministry of Health"}, "facility_type": {"name": "Health Centre"}, "plot_number": null, "operation_status": {"name": "Operational"}, "number_of_beds": 14}, {"code": 12390, "location_desc": null, "official_name": "Kunati Health Centre", "owner": {"name": "Ministry of Health"}, "keph_level": {"name": "Level 3"}, "ward": {"code": 271}, "number_of_cots": 0, "town": {"name": "kianjai"}, "name": "Kunati Health Centre", "created": "2009-10-31T00:00:00+00:00", "regulatory_body": {"name": "Ministry of Health"}, "facility_type": {"name": "Health Centre"}, "plot_number": " ", "operation_status": {"name": "Operational"}, "number_of_beds": 0}, {"code": 13770, "location_desc": "Next to Manyuanda Primary School, along Wang'arot Akado road off Kisumu Bondo road, 11 kms from the district offices", "official_name": "Manyuanda Health Centre", "owner": {"name": "Ministry of Health"}, "keph_level": {"name": "Level 3"}, "ward": {"code": 1202}, "number_of_cots": 0, "town": {"name": "manyuanda market"}, "name": "Manyuanda Health Centre", "created": "2009-10-31T00:00:00+00:00", "regulatory_body": {"name": "Ministry of Health"}, "facility_type": {"name": "Health Centre"}, "plot_number": null, "operation_status": {"name": "Operational"}, "number_of_beds": 16}, {"code": 12565, "location_desc": "Mukuyuni Mkt,Along Machakos-Wote Rd", "official_name": "Mukuyuni Health Centre", "owner": {"name": "Ministry of Health"}, "keph_level": {"name": "Level 3"}, "ward": {"code": 420}, "number_of_cots": 2, "town": {"name": "mukuyuni"}, "name": "Mukuyuni Health Centre", "created": "2009-10-31T00:00:00+00:00", "regulatory_body": {"name": "Ministry of Health"}, "facility_type": {"name": "Health Centre"}, "plot_number": null, "operation_status": {"name": "Operational"}, "number_of_beds": 8}, {"code": 13370, "location_desc": null, "official_name": "Ijara Health Centre", "owner": {"name": "Ministry of Health"}, "keph_level": {"name": "Level 3"}, "ward": {"code": 159}, "number_of_cots": 2, "town": {"name": "ijara town"}, "name": "Ijara Health Centre", "created": "2009-10-31T00:00:00+00:00", "regulatory_body": {"name": "Ministry of Health"}, "facility_type": {"name": "Health Centre"}, "plot_number": null, "operation_status": {"name": "Operational"}, "number_of_beds": 6}, {"code": 10462, "location_desc": "Behind Kangaita shopping centre", "official_name": "Kangaita Health Centre", "owner": {"name": "Ministry of Health"}, "keph_level": {"name": "Level 3"}, "ward": {"code": 515}, "number_of_cots": 0, "town": {"name": "kangaita a"}, "name": "Kangaita Health Centre", "created": "2009-10-31T00:00:00+00:00", "regulatory_body": {"name": "Ministry of Health"}, "facility_type": {"name": "Health Centre"}, "plot_number": "14 and 617", "operation_status": {"name": "Operational"}, "number_of_beds": 0}, {"code": 15904, "location_desc": "Along Kisumu Busia main road 2 kms from Luanda town", "official_name": "Ipali Health Centre", "owner": {"name": "Ministry of Health"}, "keph_level": {"name": "Level 3"}, "ward": {"code": 1075}, "number_of_cots": 1, "town": {"name": "luanda"}, "name": "Ipali Health Centre", "created": "2009-10-31T00:00:00+00:00", "regulatory_body": {"name": "Ministry of Health"}, "facility_type": {"name": "Health Centre"}, "plot_number": null, "operation_status": {"name": "Operational"}, "number_of_beds": 7}, {"code": 15823, "location_desc": "Along Bumala Funyula road", "official_name": "Bumala \"A\" Health Centre", "owner": {"name": "Ministry of Health"}, "keph_level": {"name": "Level 2"}, "ward": {"code": 1142}, "number_of_cots": 0, "town": {"name": "bumala"}, "name": "Bumala A Health Centre", "created": "2009-10-31T00:00:00+00:00", "regulatory_body": {"name": "Ministry of Health"}, "facility_type": {"name": "Health Centre"}, "plot_number": null, "operation_status": {"name": "Operational"}, "number_of_beds": 4}, {"code": 12805, "location_desc": null, "official_name": "Tseikuru Sub-District Hospital", "owner": {"name": "Ministry of Health"}, "keph_level": {"name": "Level 4"}, "ward": {"code": 334}, "number_of_cots": 0, "town": {"name": "tseikuru"}, "name": "Tseikuru Sub-District Hospital", "created": "2009-10-31T00:00:00+00:00", "regulatory_body": {"name": "Ministry of Health"}, "facility_type": {"name": "Sub-District Hospital"}, "plot_number": null, "operation_status": {"name": "Operational"}, "number_of_beds": 25}, {"code": 14866, "location_desc": " 3 km off Lessos-Nabkoi road at Kaptendon Junction", "official_name": "Kilibwoni Health Centre", "owner": {"name": "Ministry of Health"}, "keph_level": {"name": "Level 3"}, "ward": {"code": 762}, "number_of_cots": 2, "town": {"name": "kapsabet"}, "name": "Kilibwoni Health Centre", "created": "2009-10-31T00:00:00+00:00", "regulatory_body": {"name": "Ministry of Health"}, "facility_type": {"name": "Health Centre"}, "plot_number": null, "operation_status": {"name": "Operational"}, "number_of_beds": 15}, {"code": 12654, "location_desc": null, "official_name": "Ngomeni Health Centre", "owner": {"name": "Ministry of Health"}, "keph_level": {"name": "Level 3"}, "ward": {"code": 331}, "number_of_cots": 0, "town": {"name": "ngomeni"}, "name": "Ngomeni Health Centre", "created": "2009-10-31T00:00:00+00:00", "regulatory_body": {"name": "Ministry of Health"}, "facility_type": {"name": "Health Centre"}, "plot_number": null, "operation_status": {"name": "Operational"}, "number_of_beds": 7}, {"code": 15866, "location_desc": null, "official_name": "Ebusiratsi Health Centre", "owner": {"name": "Ministry of Health"}, "keph_level": {"name": "Level 3"}, "ward": {"code": 1073}, "number_of_cots": 3, "town": {"name": "luanda"}, "name": "Ebusiratsi Health Centre", "created": "2009-10-31T00:00:00+00:00", "regulatory_body": {"name": "Ministry of Health"}, "facility_type": {"name": "Health Centre"}, "plot_number": null, "operation_status": {"name": "Operational"}, "number_of_beds": 10}, {"code": 15994, "location_desc": "Near BAT Centre within Malakisi shopping centre.", "official_name": "Malakisi Health Centre", "owner": {"name": "Ministry of Health"}, "keph_level": {"name": "Level 3"}, "ward": {"code": 1084}, "number_of_cots": 0, "town": {"name": "malakisi"}, "name": "Malakisi Health Centre", "created": "2009-10-31T00:00:00+00:00", "regulatory_body": {"name": "Ministry of Health"}, "facility_type": {"name": "Health Centre"}, "plot_number": null, "operation_status": {"name": "Operational"}, "number_of_beds": 25}, {"code": 12503, "location_desc": null, "official_name": "Mbiuni Health Centre", "owner": {"name": "Ministry of Health"}, "keph_level": {"name": "Level 3"}, "ward": {"code": 405}, "number_of_cots": 0, "town": {"name": "mwala"}, "name": "Mbiuni Health Centre", "created": "2009-10-31T00:00:00+00:00", "regulatory_body": {"name": "Ministry of Health"}, "facility_type": {"name": "Health Centre"}, "plot_number": " ", "operation_status": {"name": "Operational"}, "number_of_beds": 4}, {"code": 13428, "location_desc": "Along Sabuli-Dadaab route.adjacent to sabuli boarding primary school", "official_name": "Sabuli Health Centre ", "owner": {"name": "Ministry of Health"}, "keph_level": {"name": "Level 3"}, "ward": {"code": 151}, "number_of_cots": 0, "town": {"name": "sabuli trading centre"}, "name": "Sabuli Health Centre", "created": "2009-10-31T00:00:00+00:00", "regulatory_body": {"name": "Ministry of Health"}, "facility_type": {"name": "Health Centre"}, "plot_number": null, "operation_status": {"name": "Operational"}, "number_of_beds": 0}, {"code": 16004, "location_desc": "At Matayos Market along Kisumu-Busia Road", "official_name": "Matayos Health Centre", "owner": {"name": "Ministry of Health"}, "keph_level": {"name": "Level 3"}, "ward": {"code": 1139}, "number_of_cots": 0, "town": {"name": "matayos"}, "name": "Matayos Health Centre", "created": "2009-10-31T00:00:00+00:00", "regulatory_body": {"name": "Ministry of Health"}, "facility_type": {"name": "Health Centre"}, "plot_number": null, "operation_status": {"name": "Operational"}, "number_of_beds": 14}, {"code": 13160, "location_desc": null, "official_name": "Redemeed Health Centre", "owner": {"name": "Ministry of Health"}, "keph_level": {"name": "Level 3"}, "ward": {"code": 1401}, "number_of_cots": 0, "town": {"name": "nairobi"}, "name": "Redemeed Health Centre", "created": "2009-10-31T00:00:00+00:00", "regulatory_body": {"name": "Ministry of Health"}, "facility_type": {"name": "Health Centre"}, "plot_number": " ", "operation_status": {"name": "Operational"}, "number_of_beds": 0}, {"code": 14011, "location_desc": null, "official_name": "Pala Health Centre", "owner": {"name": "Ministry of Health"}, "keph_level": {"name": "Level 3"}, "ward": {"code": 1249}, "number_of_cots": 0, "town": {"name": "pala"}, "name": "Pala Health Centre", "created": "2009-10-31T00:00:00+00:00", "regulatory_body": {"name": "Ministry of Health"}, "facility_type": {"name": "Health Centre"}, "plot_number": null, "operation_status": {"name": "Operational"}, "number_of_beds": 7}, {"code": 12690, "location_desc": null, "official_name": "Nzawa Health Centre", "owner": {"name": "Ministry of Health"}, "keph_level": {"name": "Level 3"}, "ward": {"code": 337}, "number_of_cots": 0, "town": {"name": "nzawa"}, "name": "Nzawa Health Centre", "created": "2009-10-31T00:00:00+00:00", "regulatory_body": {"name": "Ministry of Health"}, "facility_type": {"name": "Health Centre"}, "plot_number": null, "operation_status": {"name": "Operational"}, "number_of_beds": 13}, {"code": 12797, "location_desc": null, "official_name": "Thitani Health Centre", "owner": {"name": "Ministry of Health"}, "keph_level": {"name": "Level 3"}, "ward": {"code": 336}, "number_of_cots": 27, "town": {"name": "thitani"}, "name": "Thitani Health Centre", "created": "2009-10-31T00:00:00+00:00", "regulatory_body": {"name": "Ministry of Health"}, "facility_type": {"name": "Health Centre"}, "plot_number": null, "operation_status": {"name": "Operational"}, "number_of_beds": 27}, {"code": 11522, "location_desc": "Along Lunga Lunga Road. Approximately 500 meters from Likoni Ferry", "official_name": "Likoni District Hospital", "owner": {"name": "Ministry of Health"}, "keph_level": {"name": "Level 4"}, "ward": {"code": 5}, "number_of_cots": 0, "town": {"name": "mombasa"}, "name": "Likoni District Hospital", "created": "2009-10-31T00:00:00+00:00", "regulatory_body": {"name": "Ministry of Health"}, "facility_type": {"name": "District Hospital"}, "plot_number": null, "operation_status": {"name": "Operational"}, "number_of_beds": 14}, {"code": 10905, "location_desc": "Next to Kenya Commercial Bank", "official_name": "Nyeri Town Health Centre", "owner": {"name": "Ministry of Health"}, "keph_level": {"name": "Level 3"}, "ward": {"code": 465}, "number_of_cots": 0, "town": {"name": "nyeri town"}, "name": "Nyeri Town Health Centre", "created": "2009-10-31T00:00:00+00:00", "regulatory_body": {"name": "Ministry of Health"}, "facility_type": {"name": "Health Centre"}, "plot_number": null, "operation_status": {"name": "Operational"}, "number_of_beds": 0}, {"code": 11923, "location_desc": "Along Maua-Akachiu Road near Kanuni Market", "official_name": "Akachiu Health Centre", "owner": {"name": "Ministry of Health"}, "keph_level": {"name": "Level 3"}, "ward": {"code": 255}, "number_of_cots": 2, "town": {"name": "kanuni market"}, "name": "Akachiu Health Centre", "created": "2009-10-31T00:00:00+00:00", "regulatory_body": {"name": "Ministry of Health"}, "facility_type": {"name": "Health Centre"}, "plot_number": null, "operation_status": {"name": "Operational"}, "number_of_beds": 8}, {"code": 12422, "location_desc": null, "official_name": "Laare Health Centre", "owner": {"name": "Ministry of Health"}, "keph_level": {"name": "Level 3"}, "ward": {"code": 262}, "number_of_cots": 2, "town": {"name": "laare market"}, "name": "Laare Health Centre", "created": "2009-10-31T00:00:00+00:00", "regulatory_body": {"name": "Ministry of Health"}, "facility_type": {"name": "Health Centre"}, "plot_number": "1156", "operation_status": {"name": "Operational"}, "number_of_beds": 15}, {"code": 10170, "location_desc": "At Endarasha shopping centre adjacent to Endarasha Boys High School", "official_name": "Endarasha Rural Health Centre", "owner": {"name": "Ministry of Health"}, "keph_level": {"name": "Level 3"}, "ward": {"code": 471}, "number_of_cots": 0, "town": {"name": "endarasha"}, "name": "Endarasha Rural Health Centre", "created": "2009-10-31T00:00:00+00:00", "regulatory_body": {"name": "Ministry of Health"}, "facility_type": {"name": "Health Centre"}, "plot_number": null, "operation_status": {"name": "Operational"}, "number_of_beds": 10}, {"code": 12365, "location_desc": "In kitise Market,along Wote -Makindu Road,Off Mbuvo-Kitise Road", "official_name": "Kitise Health Centre", "owner": {"name": "Ministry of Health"}, "keph_level": {"name": "Level 3"}, "ward": {"code": 427}, "number_of_cots": 4, "town": {"name": "kathonzweni"}, "name": "Kitise Health Centre", "created": "2009-10-31T00:00:00+00:00", "regulatory_body": {"name": "Ministry of Health"}, "facility_type": {"name": "Health Centre"}, "plot_number": null, "operation_status": {"name": "Operational"}, "number_of_beds": 14}, {"code": 11395, "location_desc": "Along Malindi Road , inside Shimo LaTewa Prison", "official_name": "Shimo-La Tewa Health Centre (GK Prison)", "owner": {"name": "Ministry of Health"}, "keph_level": {"name": "Level 3"}, "ward": {"code": 15}, "number_of_cots": 0, "town": {"name": "shanzu"}, "name": "Shimo-La Tewa Health Centre (GK Prison)", "created": "2009-10-31T00:00:00+00:00", "regulatory_body": {"name": "Ministry of Health"}, "facility_type": {"name": "Health Centre"}, "plot_number": null, "operation_status": {"name": "Operational"}, "number_of_beds": 24}, {"code": 12192, "location_desc": null, "official_name": "Kaongo Health Centre", "owner": {"name": "Ministry of Health"}, "keph_level": {"name": "Level 3"}, "ward": {"code": 286}, "number_of_cots": 0, "town": {"name": "kaongo market"}, "name": "Kaongo Health Centre", "created": "2009-10-31T00:00:00+00:00", "regulatory_body": {"name": "Ministry of Health"}, "facility_type": {"name": "Health Centre"}, "plot_number": "1242", "operation_status": {"name": "Operational"}, "number_of_beds": 12}, {"code": 13523, "location_desc": "Near Chepngombe Primary", "official_name": "Chepngombe Health Centre", "owner": {"name": "Ministry of Health"}, "keph_level": {"name": "Level 3"}, "ward": {"code": 1365}, "number_of_cots": 0, "town": {"name": "chepngombe"}, "name": "Chepngombe Health Centre", "created": "2009-10-31T00:00:00+00:00", "regulatory_body": {"name": "Ministry of Health"}, "facility_type": {"name": "Health Centre"}, "plot_number": null, "operation_status": {"name": "Operational"}, "number_of_beds": 10}, {"code": 12849, "location_desc": null, "official_name": "Winzyeei Health Centre", "owner": {"name": "Ministry of Health"}, "keph_level": {"name": "Level 3"}, "ward": {"code": 336}, "number_of_cots": 19, "town": {"name": "winzyei"}, "name": "Winzyeei Health Centre", "created": "2009-10-31T00:00:00+00:00", "regulatory_body": {"name": "Ministry of Health"}, "facility_type": {"name": "Health Centre"}, "plot_number": null, "operation_status": {"name": "Operational"}, "number_of_beds": 19}, {"code": 13127, "location_desc": null, "official_name": "NSIS Health Centre (Ruaraka)", "owner": {"name": "Ministry of Health"}, "keph_level": {"name": "Level 3"}, "ward": {"code": 1394}, "number_of_cots": 0, "town": {"name": "nairobi"}, "name": "Nsis Health Centre (Ruaraka)", "created": "2009-10-31T00:00:00+00:00", "regulatory_body": {"name": "Ministry of Health"}, "facility_type": {"name": "Health Centre"}, "plot_number": " ", "operation_status": {"name": "Operational"}, "number_of_beds": 0}, {"code": 12996, "location_desc": null, "official_name": "Kahawa Garrison Health Centre", "owner": {"name": "Ministry of Health"}, "keph_level": {"name": "Level 3"}, "ward": {"code": 1395}, "number_of_cots": 0, "town": {"name": "nairobi"}, "name": "Kahawa Garrison Health Centre", "created": "2009-10-31T00:00:00+00:00", "regulatory_body": {"name": "Ministry of Health"}, "facility_type": {"name": "Health Centre"}, "plot_number": " ", "operation_status": {"name": "Operational"}, "number_of_beds": 0}, {"code": 13893, "location_desc": null, "official_name": "Nyamagwa Health Centre", "owner": {"name": "Ministry of Health"}, "keph_level": {"name": "Level 3"}, "ward": {"code": 1322}, "number_of_cots": 0, "town": {"name": "ogembo town/bokemweri villg./igare mrkt."}, "name": "Nyamagwa Health Centre", "created": "2009-10-31T00:00:00+00:00", "regulatory_body": {"name": "Ministry of Health"}, "facility_type": {"name": "Health Centre"}, "plot_number": null, "operation_status": {"name": "Operational"}, "number_of_beds": 44}, {"code": 12493, "location_desc": "wote-kathonzweni rd,branchkathonzweni-mavindini rd(mavindini mkt)", "official_name": "Mavindini Health Centre", "owner": {"name": "Ministry of Health"}, "keph_level": {"name": "Level 3"}, "ward": {"code": 426}, "number_of_cots": 4, "town": {"name": "mavindini"}, "name": "Mavindini Health Centre", "created": "2009-10-31T00:00:00+00:00", "regulatory_body": {"name": "Ministry of Health"}, "facility_type": {"name": "Health Centre"}, "plot_number": null, "operation_status": {"name": "Operational"}, "number_of_beds": 11}, {"code": 14003, "location_desc": "From Uriri Town Take the Route to Rapogi Oria", "official_name": "Othoro Sub. District Hospital", "owner": {"name": "Ministry of Health"}, "keph_level": {"name": "Level 4"}, "ward": {"code": 1278}, "number_of_cots": 2, "town": {"name": "rapogi"}, "name": "Othoro Sub District Hospital", "created": "2009-10-31T00:00:00+00:00", "regulatory_body": {"name": "Ministry of Health"}, "facility_type": {"name": "Sub-District Hospital"}, "plot_number": null, "operation_status": {"name": "Operational"}, "number_of_beds": 20}, {"code": 13909, "location_desc": "Off Kenya - Tanzania Security road at Nyametaburo market", "official_name": "Nyametaburo Health Center ", "owner": {"name": "Ministry of Health"}, "keph_level": {"name": "Level 3"}, "ward": {"code": 1292}, "number_of_cots": 0, "town": {"name": "isibania"}, "name": "Nyametaburo Health Centre", "created": "2009-10-31T00:00:00+00:00", "regulatory_body": {"name": "Ministry of Health"}, "facility_type": {"name": "Health Centre"}, "plot_number": null, "operation_status": {"name": "Operational"}, "number_of_beds": 6}, {"code": 11883, "location_desc": "Kilifi Road to matano manne then to Vitengeni", "official_name": "Vitengeni Health Centre", "owner": {"name": "Ministry of Health"}, "keph_level": {"name": "Level 3"}, "ward": {"code": 74}, "number_of_cots": 0, "town": {"name": "vitengeni"}, "name": "Vitengeni Health Centre", "created": "2009-10-31T00:00:00+00:00", "regulatory_body": {"name": "Ministry of Health"}, "facility_type": {"name": "Health Centre"}, "plot_number": null, "operation_status": {"name": "Operational"}, "number_of_beds": 5}, {"code": 15150, "location_desc": null, "official_name": "Mashuru Health Centre", "owner": {"name": "Ministry of Health"}, "keph_level": {"name": "Level 2"}, "ward": {"code": 925}, "number_of_cots": 0, "town": {"name": "kajiado"}, "name": "Mashuru Health Centre", "created": "2009-10-31T00:00:00+00:00", "regulatory_body": {"name": "Ministry of Health"}, "facility_type": {"name": "Health Centre"}, "plot_number": null, "operation_status": {"name": "Operational"}, "number_of_beds": 6}, {"code": 12174, "location_desc": null, "official_name": "Kangeta Health Centre", "owner": {"name": "Ministry of Health"}, "keph_level": {"name": "Level 3"}, "ward": {"code": 260}, "number_of_cots": 2, "town": {"name": "kangeta market"}, "name": "Kangeta Health Centre", "created": "2009-10-31T00:00:00+00:00", "regulatory_body": {"name": "Ministry of Health"}, "facility_type": {"name": "Health Centre"}, "plot_number": null, "operation_status": {"name": "Operational"}, "number_of_beds": 8}, {"code": 15682, "location_desc": "Next to Post Office Suguta Marmar", "official_name": "Suguta Marmar Health Centre", "owner": {"name": "Ministry of Health"}, "keph_level": {"name": "Level 3"}, "ward": {"code": 661}, "number_of_cots": 2, "town": {"name": "suguta marmar"}, "name": "Suguta Marmar Health Centre", "created": "2009-10-31T00:00:00+00:00", "regulatory_body": {"name": "Ministry of Health"}, "facility_type": {"name": "Health Centre"}, "plot_number": null, "operation_status": {"name": "Operational"}, "number_of_beds": 15}, {"code": 13751, "location_desc": null, "official_name": "Magina Health Centre", "owner": {"name": "Ministry of Health"}, "keph_level": {"name": "Level 3"}, "ward": {"code": 1248}, "number_of_cots": 0, "town": {"name": "magina"}, "name": "Magina Health Centre", "created": "2009-10-31T00:00:00+00:00", "regulatory_body": {"name": "Ministry of Health"}, "facility_type": {"name": "Health Centre"}, "plot_number": " ", "operation_status": {"name": "Operational"}, "number_of_beds": 5}, {"code": 12598, "location_desc": null, "official_name": "Mutionjuri Health Centre", "owner": {"name": "Ministry of Health"}, "keph_level": {"name": "Level 3"}, "ward": {"code": 268}, "number_of_cots": 0, "town": {"name": "kianjai"}, "name": "Mutionjuri Health Centre", "created": "2009-10-31T00:00:00+00:00", "regulatory_body": {"name": "Ministry of Health"}, "facility_type": {"name": "Health Centre"}, "plot_number": " ", "operation_status": {"name": "Operational"}, "number_of_beds": 0}, {"code": 13355, "location_desc": "in Gurar town near the police station", "official_name": "Gurar Health Centre", "owner": {"name": "Ministry of Health"}, "keph_level": {"name": "Level 3"}, "ward": {"code": 161}, "number_of_cots": 0, "town": {"name": "gurar"}, "name": "Gurar Health Centre", "created": "2009-10-31T00:00:00+00:00", "regulatory_body": {"name": "Ministry of Health"}, "facility_type": {"name": "Health Centre"}, "plot_number": null, "operation_status": {"name": "Operational"}, "number_of_beds": 0}, {"code": 13333, "location_desc": null, "official_name": "Eldas Health Centre", "owner": {"name": "Ministry of Health"}, "keph_level": {"name": "Level 3"}, "ward": {"code": 180}, "number_of_cots": 0, "town": {"name": "eldas"}, "name": "Eldas Health Centre", "created": "2009-10-31T00:00:00+00:00", "regulatory_body": {"name": "Ministry of Health"}, "facility_type": {"name": "Health Centre"}, "plot_number": null, "operation_status": {"name": "Operational"}, "number_of_beds": 0}, {"code": 15183, "location_desc": "Njoro - Mau-Narok road the Mau-Narok - Kianjoya road, Mettta centre.", "official_name": "Metta Dispensary", "owner": {"name": "Ministry of Health"}, "keph_level": {"name": "Level 3"}, "ward": {"code": 830}, "number_of_cots": 0, "town": {"name": "mau-narok"}, "name": "Metta Dispensary", "created": "2009-10-31T00:00:00+00:00", "regulatory_body": {"name": "Ministry of Health"}, "facility_type": {"name": "Health Centre"}, "plot_number": "33", "operation_status": {"name": "Not-Operational"}, "number_of_beds": 0}, {"code": 10856, "location_desc": "Along KARI-Ngano Rd 200 metres from Ngano town", "official_name": "Ngano Health Centre", "owner": {"name": "Ministry of Health"}, "keph_level": {"name": "Level 3"}, "ward": {"code": 461}, "number_of_cots": 0, "town": {"name": "nyahururu"}, "name": "Ngano Health Centre", "created": "2009-10-31T00:00:00+00:00", "regulatory_body": {"name": "Ministry of Health"}, "facility_type": {"name": "Health Centre"}, "plot_number": null, "operation_status": {"name": "Operational"}, "number_of_beds": 20}, {"code": 12257, "location_desc": null, "official_name": "Kaviani Health Centre", "owner": {"name": "Ministry of Health"}, "keph_level": {"name": "Level 3"}, "ward": {"code": 392}, "number_of_cots": 0, "town": {"name": "kaviani"}, "name": "Kaviani Health Centre", "created": "2009-10-31T00:00:00+00:00", "regulatory_body": {"name": "Ministry of Health"}, "facility_type": {"name": "Health Centre"}, "plot_number": null, "operation_status": {"name": "Operational"}, "number_of_beds": 2}, {"code": 16121, "location_desc": null, "official_name": "Shitsitswi Health Centre", "owner": {"name": "Ministry of Health"}, "keph_level": {"name": "Level 3"}, "ward": {"code": 1033}, "number_of_cots": 2, "town": {"name": "shitsitswi"}, "name": "Shitsitswi Health Centre", "created": "2009-10-31T00:00:00+00:00", "regulatory_body": {"name": "Ministry of Health"}, "facility_type": {"name": "Health Centre"}, "plot_number": null, "operation_status": {"name": "Operational"}, "number_of_beds": 6}, {"code": 12102, "location_desc": "From Kilala market,follow the rural road at the catholic church uphill", "official_name": "Iuani Health Centre", "owner": {"name": "Ministry of Health"}, "keph_level": {"name": "Level 3"}, "ward": {"code": 420}, "number_of_cots": 2, "town": {"name": "kilala"}, "name": "Iuani Health Centre", "created": "2009-10-31T00:00:00+00:00", "regulatory_body": {"name": "Ministry of Health"}, "facility_type": {"name": "Health Centre"}, "plot_number": "2820", "operation_status": {"name": "Operational"}, "number_of_beds": 2}, {"code": 11990, "location_desc": "Dukana town", "official_name": "Dukana Health Centre", "owner": {"name": "Ministry of Health"}, "keph_level": {"name": "Level 3"}, "ward": {"code": 228}, "number_of_cots": 0, "town": {"name": "north horr"}, "name": "Dukana Health Centre (North Horr)", "created": "2009-10-31T00:00:00+00:00", "regulatory_body": {"name": "Ministry of Health"}, "facility_type": {"name": "Health Centre"}, "plot_number": null, "operation_status": {"name": "Operational"}, "number_of_beds": 8}, {"code": 12530, "location_desc": null, "official_name": "Mitaboni Health Centre", "owner": {"name": "Ministry of Health"}, "keph_level": {"name": "Level 3"}, "ward": {"code": 390}, "number_of_cots": 0, "town": {"name": "mitaboni"}, "name": "Mitaboni Health Centre", "created": "2009-10-31T00:00:00+00:00", "regulatory_body": {"name": "Ministry of Health"}, "facility_type": {"name": "Health Centre"}, "plot_number": null, "operation_status": {"name": "Operational"}, "number_of_beds": 6}, {"code": 16814, "location_desc": "On Thika - Garissa  highway, next to Broadway secondary school", "official_name": "Kiandutu Health Centre", "owner": {"name": "Ministry of Health"}, "keph_level": {"name": "Level 3"}, "ward": {"code": 564}, "number_of_cots": 0, "town": {"name": "thika"}, "name": "Kiandutu Health Centre", "created": "2010-01-31T00:00:00+00:00", "regulatory_body": {"name": "Ministry of Health"}, "facility_type": {"name": "Health Centre"}, "plot_number": null, "operation_status": {"name": "Operational"}, "number_of_beds": 0}, {"code": 13548, "location_desc": null, "official_name": "Esani Sub-District Hospital", "owner": {"name": "Ministry of Health"}, "keph_level": {"name": "Level 4"}, "ward": {"code": 1351}, "number_of_cots": 0, "town": {"name": "esani"}, "name": "Esani Sub-District Hospital", "created": "2009-10-31T00:00:00+00:00", "regulatory_body": {"name": "Ministry of Health"}, "facility_type": {"name": "Sub-District Hospital"}, "plot_number": null, "operation_status": {"name": "Operational"}, "number_of_beds": 10}, {"code": 16683, "location_desc": "Kuresoi TRADING CENTRE", "official_name": "Kuresoi Health Centre", "owner": {"name": "Ministry of Health"}, "keph_level": {"name": "Level 3"}, "ward": {"code": 853}, "number_of_cots": 0, "town": {"name": "kuresoi"}, "name": "Kuresoi Health Centre", "created": "2009-10-31T00:00:00+00:00", "regulatory_body": {"name": "Ministry of Health"}, "facility_type": {"name": "Health Centre"}, "plot_number": null, "operation_status": {"name": "Operational"}, "number_of_beds": 15}, {"code": 12477, "location_desc": "At Kari Farm through DWA road, Next to Masimbani Primary School", "official_name": "Masongaleni Health Centre", "owner": {"name": "Ministry of Health"}, "keph_level": {"name": "Level 3"}, "ward": {"code": 437}, "number_of_cots": 1, "town": {"name": "masongaleni"}, "name": "Masongaleni Health Centre", "created": "2009-10-31T00:00:00+00:00", "regulatory_body": {"name": "Ministry of Health"}, "facility_type": {"name": "Health Centre"}, "plot_number": null, "operation_status": {"name": "Operational"}, "number_of_beds": 6}, {"code": 12236, "location_desc": "Kathonzweni Town,Wote-Makindu Rd,off Vitale Boarding Primary school", "official_name": "Kathonzweni Health Centre", "owner": {"name": "Ministry of Health"}, "keph_level": {"name": "Level 3"}, "ward": {"code": 428}, "number_of_cots": 2, "town": {"name": "kathonzweni"}, "name": "Kathonzweni Health Centre", "created": "2009-10-31T00:00:00+00:00", "regulatory_body": {"name": "Ministry of Health"}, "facility_type": {"name": "Health Centre"}, "plot_number": "1077", "operation_status": {"name": "Operational"}, "number_of_beds": 4}], "model": "facilities.Facility", "unique_fields": ["code"]}]