[{"records": [{"code": 13623, "location_desc": null, "official_name": "Isecha Health Centre", "owner": {"name": "Ministry of Health"}, "keph_level": {"name": "Level 3"}, "ward": {"code": 1337}, "number_of_cots": 0, "town": {"name": "isecha"}, "name": "Isecha Health Centre", "created": "2009-10-31T00:00:00+00:00", "regulatory_body": {"name": "Ministry of Health"}, "facility_type": {"name": "Health Centre"}, "plot_number": null, "operation_status": {"name": "Operational"}, "number_of_beds": 0}, {"code": 12031, "location_desc": "Along Meru Nkubu highway next to DC'S offices.", "official_name": "Gatimbi Health Centre", "owner": {"name": "Ministry of Health"}, "keph_level": {"name": "Level 3"}, "ward": {"code": 286}, "number_of_cots": 2, "town": {"name": "gatimbi market"}, "name": "Gatimbi Health Centre", "created": "2009-10-31T00:00:00+00:00", "regulatory_body": {"name": "Ministry of Health"}, "facility_type": {"name": "Health Centre"}, "plot_number": null, "operation_status": {"name": "Operational"}, "number_of_beds": 12}, {"code": 15824, "location_desc": null, "official_name": "Bumala \"B\" Health Centre", "owner": {"name": "Ministry of Health"}, "keph_level": {"name": "Level 3"}, "ward": {"code": 1146}, "number_of_cots": 0, "town": {"name": "butula"}, "name": "Bumala B Health Centre", "created": "2009-10-31T00:00:00+00:00", "regulatory_body": {"name": "Ministry of Health"}, "facility_type": {"name": "Health Centre"}, "plot_number": null, "operation_status": {"name": "Operational"}, "number_of_beds": 14}, {"code": 12376, "location_desc": null, "official_name": "Kivaani Health Centre", "owner": {"name": "Ministry of Health"}, "keph_level": {"name": "Level 3"}, "ward": {"code": 383}, "number_of_cots": 0, "town": {"name": "kivaani"}, "name": "Kivaani Health Centre", "created": "2009-10-31T00:00:00+00:00", "regulatory_body": {"name": "Ministry of Health"}, "facility_type": {"name": "Health Centre"}, "plot_number": " ", "operation_status": {"name": "Operational"}, "number_of_beds": 10}, {"code": 13611, "location_desc": "keroka -Ibacho Road", "official_name": "Ibacho Sub-District Hospital", "owner": {"name": "Ministry of Health"}, "keph_level": {"name": "Level 4"}, "ward": {"code": 1331}, "number_of_cots": 0, "town": {"name": "ibacho"}, "name": "Ibacho Sub-District Hospital", "created": "2009-10-31T00:00:00+00:00", "regulatory_body": {"name": "Ministry of Health"}, "facility_type": {"name": "Sub-District Hospital"}, "plot_number": null, "operation_status": {"name": "Operational"}, "number_of_beds": 8}, {"code": 10666, "location_desc": "Near Chief's Camp", "official_name": "Lussigetti Health Centre", "owner": {"name": "Ministry of Health"}, "keph_level": {"name": "Level 3"}, "ward": {"code": 597}, "number_of_cots": 6, "town": {"name": "lusigetti shopping centre"}, "name": "Lussigetti Health Centre", "created": "2009-10-31T00:00:00+00:00", "regulatory_body": {"name": "Ministry of Health"}, "facility_type": {"name": "Health Centre"}, "plot_number": null, "operation_status": {"name": "Operational"}, "number_of_beds": 6}, {"code": 15358, "location_desc": "Nakuru - Njoro road - near cheif's office.", "official_name": "Njoro Health Centre", "owner": {"name": "Ministry of Health"}, "keph_level": {"name": "Level 3"}, "ward": {"code": 835}, "number_of_cots": 0, "town": {"name": "njoro"}, "name": "Njoro Health Centre", "created": "2009-10-31T00:00:00+00:00", "regulatory_body": {"name": "Ministry of Health"}, "facility_type": {"name": "Health Centre"}, "plot_number": "r23,2001,2 njoro", "operation_status": {"name": "Operational"}, "number_of_beds": 20}, {"code": 16367, "location_desc": null, "official_name": "Alale Health Centre", "owner": {"name": "Ministry of Health"}, "keph_level": {"name": "Level 3"}, "ward": {"code": 655}, "number_of_cots": 0, "town": {"name": "makutano"}, "name": "Alale Health Centre", "created": "2009-10-31T00:00:00+00:00", "regulatory_body": {"name": "Ministry of Health"}, "facility_type": {"name": "Health Centre"}, "plot_number": null, "operation_status": {"name": "Operational"}, "number_of_beds": 30}, {"code": 12232, "location_desc": "Along Chuka-Meru road near Igoji mkt", "official_name": "Kathigu Health Centre", "owner": {"name": "Ministry of Health"}, "keph_level": {"name": "Level 3"}, "ward": {"code": 291}, "number_of_cots": 0, "town": {"name": "igoji mkt"}, "name": "Kathigu Health Centre", "created": "2009-10-31T00:00:00+00:00", "regulatory_body": {"name": "Ministry of Health"}, "facility_type": {"name": "Health Centre"}, "plot_number": "710", "operation_status": {"name": "Operational"}, "number_of_beds": 0}, {"code": 12631, "location_desc": "The facility is located about 4km from Meru-Nanyuki road and about 200m from Gitimene Market and trading center.", "official_name": "Naari Health Centre", "owner": {"name": "Ministry of Health"}, "keph_level": {"name": "Level 3"}, "ward": {"code": 283}, "number_of_cots": 0, "town": {"name": "meru"}, "name": "Naari Health Centre", "created": "2009-10-31T00:00:00+00:00", "regulatory_body": {"name": "Ministry of Health"}, "facility_type": {"name": "Health Centre"}, "plot_number": "409", "operation_status": {"name": "Operational"}, "number_of_beds": 7}, {"code": 12642, "location_desc": null, "official_name": "Nembure Health Centre", "owner": {"name": "Ministry of Health"}, "keph_level": {"name": "Level 3"}, "ward": {"code": 316}, "number_of_cots": 1, "town": {"name": "karingari"}, "name": "Nembure Health Centre", "created": "2009-10-31T00:00:00+00:00", "regulatory_body": {"name": "Ministry of Health"}, "facility_type": {"name": "Health Centre"}, "plot_number": null, "operation_status": {"name": "Operational"}, "number_of_beds": 6}, {"code": 13626, "location_desc": "Next to Isoge Primary School", "official_name": "Isoge Health Centre", "owner": {"name": "Ministry of Health"}, "keph_level": {"name": "Level 3"}, "ward": {"code": 1365}, "number_of_cots": 0, "town": {"name": "isoge"}, "name": "Isoge Health Centre", "created": "2009-10-31T00:00:00+00:00", "regulatory_body": {"name": "Ministry of Health"}, "facility_type": {"name": "Health Centre"}, "plot_number": null, "operation_status": {"name": "Operational"}, "number_of_beds": 3}, {"code": 15820, "location_desc": null, "official_name": "Bukura Health Centre", "owner": {"name": "Ministry of Health"}, "keph_level": {"name": "Level 3"}, "ward": {"code": 1010}, "number_of_cots": 2, "town": {"name": "bukura mkt"}, "name": "Bukura Health Centre", "created": "2009-10-31T00:00:00+00:00", "regulatory_body": {"name": "Ministry of Health"}, "facility_type": {"name": "Health Centre"}, "plot_number": null, "operation_status": {"name": "Operational"}, "number_of_beds": 17}, {"code": 12593, "location_desc": null, "official_name": "Muthetheni Health Centre", "owner": {"name": "Ministry of Health"}, "keph_level": {"name": "Level 3"}, "ward": {"code": 408}, "number_of_cots": 1, "town": {"name": "masii"}, "name": "Muthetheni Health Centre", "created": "2009-10-31T00:00:00+00:00", "regulatory_body": {"name": "Ministry of Health"}, "facility_type": {"name": "Health Centre"}, "plot_number": " ", "operation_status": {"name": "Operational"}, "number_of_beds": 6}, {"code": 12691, "location_desc": null, "official_name": "Nzeluni Health Centre", "owner": {"name": "Ministry of Health"}, "keph_level": {"name": "Level 3"}, "ward": {"code": 338}, "number_of_cots": 0, "town": {"name": "nzeluni"}, "name": "Nzeluni Health Centre", "created": "2009-10-31T00:00:00+00:00", "regulatory_body": {"name": "Ministry of Health"}, "facility_type": {"name": "Health Centre"}, "plot_number": null, "operation_status": {"name": "Operational"}, "number_of_beds": 0}, {"code": 13105, "location_desc": null, "official_name": "Mutuini Sub-District Hospital", "owner": {"name": "Ministry of Health"}, "keph_level": {"name": "Level 4"}, "ward": {"code": 1381}, "number_of_cots": 0, "town": {"name": "dagoretti market"}, "name": "Mutuini Sub-District Hospital", "created": "2009-10-31T00:00:00+00:00", "regulatory_body": {"name": "Ministry of Health"}, "facility_type": {"name": "Dispensary"}, "plot_number": null, "operation_status": {"name": "Operational"}, "number_of_beds": 20}, {"code": 10994, "location_desc": "At the junction of Nairobi-Muranga Road", "official_name": "Sagana Sub-District Hospital", "owner": {"name": "Ministry of Health"}, "keph_level": {"name": "Level 4"}, "ward": {"code": 511}, "number_of_cots": 1, "town": {"name": "sagana"}, "name": "Sagana Sub-District Hospital", "created": "2009-10-31T00:00:00+00:00", "regulatory_body": {"name": "Ministry of Health"}, "facility_type": {"name": "Sub-District Hospital"}, "plot_number": null, "operation_status": {"name": "Operational"}, "number_of_beds": 8}, {"code": 12475, "location_desc": null, "official_name": "Masii Health Centre", "owner": {"name": "Ministry of Health"}, "keph_level": {"name": "Level 3"}, "ward": {"code": 407}, "number_of_cots": 8, "town": {"name": "masii"}, "name": "Masii Health Centre", "created": "2009-10-31T00:00:00+00:00", "regulatory_body": {"name": "Ministry of Health"}, "facility_type": {"name": "Health Centre"}, "plot_number": null, "operation_status": {"name": "Operational"}, "number_of_beds": 4}, {"code": 12831, "location_desc": "Along Chuka-Meru road Near Mikumbune market", "official_name": "Uruku Health Centre", "owner": {"name": "Ministry of Health"}, "keph_level": {"name": "Level 3"}, "ward": {"code": 295}, "number_of_cots": 0, "town": {"name": "nkubu  town"}, "name": "Uruku Health Centre", "created": "2009-10-31T00:00:00+00:00", "regulatory_body": {"name": "Ministry of Health"}, "facility_type": {"name": "Health Centre"}, "plot_number": null, "operation_status": {"name": "Operational"}, "number_of_beds": 0}, {"code": 16066, "location_desc": null, "official_name": "Nambale Health Centre", "owner": {"name": "Ministry of Health"}, "keph_level": {"name": "Level 3"}, "ward": {"code": 1133}, "number_of_cots": 1, "town": {"name": "nambale"}, "name": "Nambale Health Centre", "created": "2009-10-31T00:00:00+00:00", "regulatory_body": {"name": "Ministry of Health"}, "facility_type": {"name": "Health Centre"}, "plot_number": null, "operation_status": {"name": "Operational"}, "number_of_beds": 6}, {"code": 13924, "location_desc": "Along Kemera town- Magombo route", "official_name": "Nyangena Sub District Hospital", "owner": {"name": "Ministry of Health"}, "keph_level": {"name": "Level 4"}, "ward": {"code": 1353}, "number_of_cots": 0, "town": {"name": "tombe"}, "name": "Nyangena Sub District Hospital (Manga)", "created": "2009-10-31T00:00:00+00:00", "regulatory_body": {"name": "Ministry of Health"}, "facility_type": {"name": "Sub-District Hospital"}, "plot_number": null, "operation_status": {"name": "Operational"}, "number_of_beds": 6}, {"code": 13322, "location_desc": "situated along Bute Takaba road ", "official_name": "Danaba Health Centre", "owner": {"name": "Ministry of Health"}, "keph_level": {"name": "Level 3"}, "ward": {"code": 161}, "number_of_cots": 0, "town": {"name": "danaba"}, "name": "Danaba Health Centre", "created": "2009-10-31T00:00:00+00:00", "regulatory_body": {"name": "Ministry of Health"}, "facility_type": {"name": "Health Centre"}, "plot_number": null, "operation_status": {"name": "Operational"}, "number_of_beds": 0}, {"code": 14045, "location_desc": "Within Riana Mkt", "official_name": "Riana Health Centre", "owner": {"name": "Ministry of Health"}, "keph_level": {"name": "Level 3"}, "ward": {"code": 1304}, "number_of_cots": 0, "town": {"name": "riana mkt"}, "name": "Riana Health Centre", "created": "2009-10-31T00:00:00+00:00", "regulatory_body": {"name": "Ministry of Health"}, "facility_type": {"name": "Health Centre"}, "plot_number": null, "operation_status": {"name": "Operational"}, "number_of_beds": 14}, {"code": 11173, "location_desc": "Olkalou-Engineer rd at Wanjohi market", "official_name": "Wanjohi Health Centre", "owner": {"name": "Ministry of Health"}, "keph_level": {"name": "Level 3"}, "ward": {"code": 449}, "number_of_cots": 0, "town": {"name": "wanjohi"}, "name": "Wanjohi Health Centre", "created": "2009-10-31T00:00:00+00:00", "regulatory_body": {"name": "Ministry of Health"}, "facility_type": {"name": "Health Centre"}, "plot_number": null, "operation_status": {"name": "Operational"}, "number_of_beds": 6}, {"code": 10822, "location_desc": null, "official_name": "Naromoru Health Centre", "owner": {"name": "Ministry of Health"}, "keph_level": {"name": "Level 3"}, "ward": {"code": 470}, "number_of_cots": 0, "town": {"name": "naromoru"}, "name": "Naromoru Health Centre", "created": "2009-10-31T00:00:00+00:00", "regulatory_body": {"name": "Ministry of Health"}, "facility_type": {"name": "Health Centre"}, "plot_number": " ", "operation_status": {"name": "Operational"}, "number_of_beds": 9}, {"code": 10049, "location_desc": "Baricho town near district administration offices", "official_name": "Baricho Health Centre", "owner": {"name": "Ministry of Health"}, "keph_level": {"name": "Level 3"}, "ward": {"code": 509}, "number_of_cots": 0, "town": {"name": "baricho"}, "name": "Baricho Health Centre", "created": "2009-10-31T00:00:00+00:00", "regulatory_body": {"name": "Ministry of Health"}, "facility_type": {"name": "Health Centre"}, "plot_number": "mwerua/baricho 285", "operation_status": {"name": "Operational"}, "number_of_beds": 7}, {"code": 16079, "location_desc": "Ndalu Market next to the chief's office", "official_name": "Ndalu Health Centre", "owner": {"name": "Ministry of Health"}, "keph_level": {"name": "Level 3"}, "ward": {"code": 1118}, "number_of_cots": 0, "town": {"name": "ndalu market"}, "name": "Ndalu Health Centre", "created": "2009-10-31T00:00:00+00:00", "regulatory_body": {"name": "Ministry of Health"}, "facility_type": {"name": "Health Centre"}, "plot_number": null, "operation_status": {"name": "Operational"}, "number_of_beds": 16}, {"code": 14146, "location_desc": null, "official_name": "Tinga Health Centre", "owner": {"name": "Ministry of Health"}, "keph_level": {"name": "Level 3"}, "ward": {"code": 1354}, "number_of_cots": 0, "town": {"name": "tinga"}, "name": "Tinga Health Centre", "created": "2009-10-31T00:00:00+00:00", "regulatory_body": {"name": "Ministry of Health"}, "facility_type": {"name": "Health Centre"}, "plot_number": null, "operation_status": {"name": "Operational"}, "number_of_beds": 12}, {"code": 13991, "location_desc": null, "official_name": "Oresi Health Centre", "owner": {"name": "Ministry of Health"}, "keph_level": {"name": "Level 3"}, "ward": {"code": 1331}, "number_of_cots": 0, "town": {"name": "jogoo mkt"}, "name": "Oresi Health Centre", "created": "2009-10-31T00:00:00+00:00", "regulatory_body": {"name": "Ministry of Health"}, "facility_type": {"name": "Health Centre"}, "plot_number": null, "operation_status": {"name": "Operational"}, "number_of_beds": 10}, {"code": 11130, "location_desc": "Along Mukinduri/Kirimunge road near Kianjege Pri. school", "official_name": "Ucheru Community Health Centre", "owner": {"name": "Ministry of Health"}, "keph_level": {"name": "Level 3"}, "ward": {"code": 513}, "number_of_cots": 0, "town": {"name": "mukinduri"}, "name": "Ucheru Community Health Centre", "created": "2009-10-31T00:00:00+00:00", "regulatory_body": {"name": "Ministry of Health"}, "facility_type": {"name": "Health Centre"}, "plot_number": "320", "operation_status": {"name": "Operational"}, "number_of_beds": 0}, {"code": 11768, "location_desc": "Next to Dos office along Samburu/Silaloni Road", "official_name": "Samburu Health Centre ", "owner": {"name": "Ministry of Health"}, "keph_level": {"name": "Level 3"}, "ward": {"code": 48}, "number_of_cots": 0, "town": {"name": "samburu"}, "name": "Samburu Health Centre", "created": "2009-10-31T00:00:00+00:00", "regulatory_body": {"name": "Ministry of Health"}, "facility_type": {"name": "Health Centre"}, "plot_number": null, "operation_status": {"name": "Operational"}, "number_of_beds": 10}, {"code": 12546, "location_desc": "Ikuu Rubate route", "official_name": "Mpukoni Health Centre", "owner": {"name": "Ministry of Health"}, "keph_level": {"name": "Level 3"}, "ward": {"code": 303}, "number_of_cots": 1, "town": {"name": "chuka town/ ikuu market"}, "name": "Mpukoni Health Centre", "created": "2009-10-31T00:00:00+00:00", "regulatory_body": {"name": "Ministry of Health"}, "facility_type": {"name": "Health Centre"}, "plot_number": null, "operation_status": {"name": "Operational"}, "number_of_beds": 5}, {"code": 13044, "location_desc": "Between St.Mary's Mission hospital and Otiende shopping center", "official_name": "Langata Women Prison dispensary", "owner": {"name": "Ministry of Health"}, "keph_level": {"name": "Level 2"}, "ward": {"code": 1381}, "number_of_cots": 0, "town": {"name": "otiende shopping center"}, "name": "Langata Women Prison Dispensary", "created": "2009-10-31T00:00:00+00:00", "regulatory_body": {"name": "Ministry of Health"}, "facility_type": {"name": "Dispensary"}, "plot_number": null, "operation_status": {"name": "Operational"}, "number_of_beds": 0}, {"code": 15885, "location_desc": "Along Kima Emusutswi road, divert on the right at Mwilonje market straight to Ebusiloli secondary and branch to the left 500 metres inside", "official_name": "Esiarambatsi Health Centre", "owner": {"name": "Ministry of Health"}, "keph_level": {"name": "Level 3"}, "ward": {"code": 1074}, "number_of_cots": 0, "town": {"name": "luanda"}, "name": "Esiarambatsi Health Centre", "created": "2009-10-31T00:00:00+00:00", "regulatory_body": {"name": "Ministry of Health"}, "facility_type": {"name": "Health Centre"}, "plot_number": null, "operation_status": {"name": "Operational"}, "number_of_beds": 4}, {"code": 16104, "location_desc": null, "official_name": "Shamakhubu Health Centre", "owner": {"name": "Ministry of Health"}, "keph_level": {"name": "Level 3"}, "ward": {"code": 1043}, "number_of_cots": 0, "town": {"name": "shinyalu"}, "name": "Shamakhubu Health Centre", "created": "2009-10-31T00:00:00+00:00", "regulatory_body": {"name": "Ministry of Health"}, "facility_type": {"name": "Health Centre"}, "plot_number": null, "operation_status": {"name": "Operational"}, "number_of_beds": 6}, {"code": 12615, "location_desc": "Along Chuka-Meru road Near Kanyakine mkt", "official_name": "Muutiokiama Health Centre", "owner": {"name": "Ministry of Health"}, "keph_level": {"name": "Level 3"}, "ward": {"code": 293}, "number_of_cots": 0, "town": {"name": "kanyakine mkt"}, "name": "Muutiokiama Health Centre", "created": "2009-10-31T00:00:00+00:00", "regulatory_body": {"name": "Ministry of Health"}, "facility_type": {"name": "Health Centre"}, "plot_number": null, "operation_status": {"name": "Operational"}, "number_of_beds": 0}, {"code": 14259, "location_desc": "Namanga Road", "official_name": "Bisil Health Centre", "owner": {"name": "Ministry of Health"}, "keph_level": {"name": "Level 3"}, "ward": {"code": 919}, "number_of_cots": 2, "town": {"name": "bisil town"}, "name": "Bisil Health Centre", "created": "2009-10-31T00:00:00+00:00", "regulatory_body": {"name": "Ministry of Health"}, "facility_type": {"name": "Health Centre"}, "plot_number": null, "operation_status": {"name": "Operational"}, "number_of_beds": 11}, {"code": 13735, "location_desc": null, "official_name": "Ligega Health Centre", "owner": {"name": "Ministry of Health"}, "keph_level": {"name": "Level 3"}, "ward": {"code": 1162}, "number_of_cots": 0, "town": {"name": "ligega market"}, "name": "Ligega Health Centre", "created": "2009-10-31T00:00:00+00:00", "regulatory_body": {"name": "Ministry of Health"}, "facility_type": {"name": "Health Centre"}, "plot_number": null, "operation_status": {"name": "Operational"}, "number_of_beds": 0}, {"code": 14156, "location_desc": "At Ukwala Markert, accessed from Ungunja Ukwala Road ", "official_name": "Ukwala Health Centre", "owner": {"name": "Ministry of Health"}, "keph_level": {"name": "Level 3"}, "ward": {"code": 1157}, "number_of_cots": 0, "town": {"name": "ukwala shopping centre"}, "name": "Ukwala Health Centre", "created": "2009-10-31T00:00:00+00:00", "regulatory_body": {"name": "Ministry of Health"}, "facility_type": {"name": "Health Centre"}, "plot_number": null, "operation_status": {"name": "Operational"}, "number_of_beds": 0}, {"code": 10450, "location_desc": null, "official_name": "Kamoko Health Centre", "owner": {"name": "Ministry of Health"}, "keph_level": {"name": "Level 3"}, "ward": {"code": 483}, "number_of_cots": 0, "town": {"name": "othaya town"}, "name": "Kamoko Health Centre", "created": "2009-10-31T00:00:00+00:00", "regulatory_body": {"name": "Ministry of Health"}, "facility_type": {"name": "Health Centre"}, "plot_number": null, "operation_status": {"name": "Operational"}, "number_of_beds": 12}, {"code": 15440, "location_desc": "Kware Road", "official_name": "Ongata Rongai Health Centre", "owner": {"name": "Ministry of Health"}, "keph_level": {"name": "Level 3"}, "ward": {"code": 913}, "number_of_cots": 1, "town": {"name": "rongai"}, "name": "Ongata Rongai Health Centre", "created": "2009-10-31T00:00:00+00:00", "regulatory_body": {"name": "Ministry of Health"}, "facility_type": {"name": "Health Centre"}, "plot_number": null, "operation_status": {"name": "Operational"}, "number_of_beds": 16}, {"code": 15916, "location_desc": null, "official_name": "Kambiri Health Centre", "owner": {"name": "Ministry of Health"}, "keph_level": {"name": "Level 3"}, "ward": {"code": 1041}, "number_of_cots": 0, "town": {"name": "kambiri"}, "name": "Kambiri Health Centre", "created": "2009-10-31T00:00:00+00:00", "regulatory_body": {"name": "Ministry of Health"}, "facility_type": {"name": "Health Centre"}, "plot_number": null, "operation_status": {"name": "Operational"}, "number_of_beds": 0}, {"code": 14467, "location_desc": "ALONG LOITOKITOK-TAVETA ROAD", "official_name": "Entarara Health Centre", "owner": {"name": "Ministry of Health"}, "keph_level": {"name": "Level 3"}, "ward": {"code": 934}, "number_of_cots": 4, "town": {"name": "entarara market"}, "name": "Entarara Health Centre", "created": "2009-10-31T00:00:00+00:00", "regulatory_body": {"name": "Ministry of Health"}, "facility_type": {"name": "Health Centre"}, "plot_number": null, "operation_status": {"name": "Operational"}, "number_of_beds": 20}, {"code": 14950, "location_desc": "Noonkopir Road", "official_name": "Kitengela Health Centre", "owner": {"name": "Ministry of Health"}, "keph_level": {"name": "Level 3"}, "ward": {"code": 923}, "number_of_cots": 0, "town": {"name": "kitengela"}, "name": "Kitengela Health Centre", "created": "2009-10-31T00:00:00+00:00", "regulatory_body": {"name": "Ministry of Health"}, "facility_type": {"name": "Health Centre"}, "plot_number": null, "operation_status": {"name": "Operational"}, "number_of_beds": 20}, {"code": 13384, "location_desc": "A long Buna Moyale road at Korondille town under the hill on the north east of the town", "official_name": "Korondille Health Centre", "owner": {"name": "Ministry of Health"}, "keph_level": {"name": "Level 3"}, "ward": {"code": 163}, "number_of_cots": 0, "town": {"name": "korondille"}, "name": "Korondille Health Centre", "created": "2009-10-31T00:00:00+00:00", "regulatory_body": {"name": "Ministry of Health"}, "facility_type": {"name": "Health Centre"}, "plot_number": null, "operation_status": {"name": "Operational"}, "number_of_beds": 0}, {"code": 15156, "location_desc": null, "official_name": "Mau Narok Health Centre", "owner": {"name": "Ministry of Health"}, "keph_level": {"name": "Level 3"}, "ward": {"code": 830}, "number_of_cots": 0, "town": {"name": "mau-narok"}, "name": "Mau Narok Health Centre", "created": "2009-10-31T00:00:00+00:00", "regulatory_body": {"name": "Ministry of Health"}, "facility_type": {"name": "Health Centre"}, "plot_number": "12482/68", "operation_status": {"name": "Operational"}, "number_of_beds": 3}, {"code": 13550, "location_desc": "located along Nyamarambe - Mogonga road", "official_name": "Etago Sub-District Hospital", "owner": {"name": "Ministry of Health"}, "keph_level": {"name": "Level 4"}, "ward": {"code": 1310}, "number_of_cots": 5, "town": {"name": "etago mkt"}, "name": "Etago Sub-District Hospital", "created": "2009-10-31T00:00:00+00:00", "regulatory_body": {"name": "Ministry of Health"}, "facility_type": {"name": "Sub-District Hospital"}, "plot_number": null, "operation_status": {"name": "Operational"}, "number_of_beds": 14}, {"code": 10236, "location_desc": null, "official_name": "Gatura Healh Centre", "owner": {"name": "Ministry of Health"}, "keph_level": {"name": "Level 3"}, "ward": {"code": 550}, "number_of_cots": 4, "town": {"name": "thika"}, "name": "Gatura Healh Centre", "created": "2009-10-31T00:00:00+00:00", "regulatory_body": {"name": "Ministry of Health"}, "facility_type": {"name": "Health Centre"}, "plot_number": null, "operation_status": {"name": "Operational"}, "number_of_beds": 8}, {"code": 13947, "location_desc": null, "official_name": "Nyawara Health Centre", "owner": {"name": "Ministry of Health"}, "keph_level": {"name": "Level 3"}, "ward": {"code": 1171}, "number_of_cots": 0, "town": {"name": "yala township"}, "name": "Nyawara Health Centre", "created": "2009-10-31T00:00:00+00:00", "regulatory_body": {"name": "Ministry of Health"}, "facility_type": {"name": "Health Centre"}, "plot_number": " ", "operation_status": {"name": "Operational"}, "number_of_beds": 0}, {"code": 13840, "location_desc": null, "official_name": "Ndere Health Centre", "owner": {"name": "Ministry of Health"}, "keph_level": {"name": "Level 3"}, "ward": {"code": 1169}, "number_of_cots": 0, "town": {"name": "sidindi shopping centre"}, "name": "Ndere Health Centre", "created": "2009-10-31T00:00:00+00:00", "regulatory_body": {"name": "Ministry of Health"}, "facility_type": {"name": "Health Centre"}, "plot_number": " ", "operation_status": {"name": "Operational"}, "number_of_beds": 0}, {"code": 16439, "location_desc": null, "official_name": "Matungulu Health Centre", "owner": {"name": "Ministry of Health"}, "keph_level": {"name": "Level 3"}, "ward": {"code": 387}, "number_of_cots": 0, "town": {"name": "matungulu"}, "name": "Matungulu Health Centre", "created": "2009-10-31T00:00:00+00:00", "regulatory_body": {"name": "Ministry of Health"}, "facility_type": {"name": "Health Centre"}, "plot_number": null, "operation_status": {"name": "Operational"}, "number_of_beds": 0}, {"code": 10864, "location_desc": null, "official_name": "Ngenda Health Centre", "owner": {"name": "Ministry of Health"}, "keph_level": {"name": "Level 3"}, "ward": {"code": 551}, "number_of_cots": 0, "town": {"name": "gatundutown"}, "name": "Ngenda Health Centre", "created": "2009-10-31T00:00:00+00:00", "regulatory_body": {"name": "Ministry of Health"}, "facility_type": {"name": "Health Centre"}, "plot_number": null, "operation_status": {"name": "Operational"}, "number_of_beds": 2}, {"code": 15900, "location_desc": null, "official_name": "Ileho Health Centre", "owner": {"name": "Ministry of Health"}, "keph_level": {"name": "Level 3"}, "ward": {"code": 1045}, "number_of_cots": 4, "town": {"name": "ivihiga"}, "name": "Ileho Health Centre", "created": "2009-10-31T00:00:00+00:00", "regulatory_body": {"name": "Ministry of Health"}, "facility_type": {"name": "Health Centre"}, "plot_number": "584", "operation_status": {"name": "Operational"}, "number_of_beds": 7}, {"code": 11562, "location_desc": "Next to the DC's office", "official_name": "Marafa Health Centre", "owner": {"name": "Ministry of Health"}, "keph_level": {"name": "Level 3"}, "ward": {"code": 80}, "number_of_cots": 2, "town": {"name": "marafa"}, "name": "Marafa Health Centre", "created": "2009-10-31T00:00:00+00:00", "regulatory_body": {"name": "Ministry of Health"}, "facility_type": {"name": "Health Centre"}, "plot_number": null, "operation_status": {"name": "Operational"}, "number_of_beds": 17}, {"code": 10481, "location_desc": "Nbi-Naivasha rd . Then branch at flyover to Kinamba.Turn left and proceed straight to Health centre about 5km to facility", "official_name": "Karangatha Health Centre", "owner": {"name": "Ministry of Health"}, "keph_level": {"name": "Level 3"}, "ward": {"code": 446}, "number_of_cots": 0, "town": {"name": "karangatha"}, "name": "Karangatha Health Centre", "created": "2009-10-31T00:00:00+00:00", "regulatory_body": {"name": "Ministry of Health"}, "facility_type": {"name": "Health Centre"}, "plot_number": null, "operation_status": {"name": "Operational"}, "number_of_beds": 6}, {"code": 13897, "location_desc": "Facility is located along Bondo Nyirongo - Muhuru Road", "official_name": "Nyamaraga Health Centre", "owner": {"name": "Ministry of Health"}, "keph_level": {"name": "Level 3"}, "ward": {"code": 1276}, "number_of_cots": 0, "town": {"name": "bondo nyironge"}, "name": "Nyamaraga Health Centre", "created": "2009-10-31T00:00:00+00:00", "regulatory_body": {"name": "Ministry of Health"}, "facility_type": {"name": "Health Centre"}, "plot_number": "isolated", "operation_status": {"name": "Operational"}, "number_of_beds": 2}, {"code": 13723, "location_desc": null, "official_name": "Kugitimo Health Centre ", "owner": {"name": "Ministry of Health"}, "keph_level": {"name": "Level 3"}, "ward": {"code": 1299}, "number_of_cots": 0, "town": {"name": "kugitimo"}, "name": "Kugitimo Health Centre", "created": "2009-10-31T00:00:00+00:00", "regulatory_body": {"name": "Ministry of Health"}, "facility_type": {"name": "Health Centre"}, "plot_number": null, "operation_status": {"name": "Operational"}, "number_of_beds": 7}, {"code": 12309, "location_desc": "KILALA MKT,ALONG MACHAKOS-WOTE RD", "official_name": "Kilala Health Centre", "owner": {"name": "Ministry of Health"}, "keph_level": {"name": "Level 3"}, "ward": {"code": 420}, "number_of_cots": 2, "town": {"name": "kilala"}, "name": "Kilala Health Centre", "created": "2009-10-31T00:00:00+00:00", "regulatory_body": {"name": "Ministry of Health"}, "facility_type": {"name": "Health Centre"}, "plot_number": null, "operation_status": {"name": "Operational"}, "number_of_beds": 2}, {"code": 10641, "location_desc": "16kms off Ngurubani town", "official_name": "Kiumbu Health Centre", "owner": {"name": "Ministry of Health"}, "keph_level": {"name": "Level 3"}, "ward": {"code": 503}, "number_of_cots": 0, "town": {"name": "kiumbu"}, "name": "Kiumbu Health Centre", "created": "2009-10-31T00:00:00+00:00", "regulatory_body": {"name": "Ministry of Health"}, "facility_type": {"name": "Health Centre"}, "plot_number": null, "operation_status": {"name": "Operational"}, "number_of_beds": 10}, {"code": 14030, "location_desc": "The facility is about 15 kms from luanda Market on the road to Siaya", "official_name": "Ramula Health Centre", "owner": {"name": "Ministry of Health"}, "keph_level": {"name": "Level 2"}, "ward": {"code": 1173}, "number_of_cots": 0, "town": {"name": "ramula shoping c"}, "name": "Ramula Health Centre", "created": "2009-10-31T00:00:00+00:00", "regulatory_body": {"name": "Ministry of Health"}, "facility_type": {"name": "Health Centre"}, "plot_number": null, "operation_status": {"name": "Operational"}, "number_of_beds": 0}, {"code": 13875, "location_desc": null, "official_name": "Nyagoro Health Centre", "owner": {"name": "Ministry of Health"}, "keph_level": {"name": "Level 3"}, "ward": {"code": 1240}, "number_of_cots": 0, "town": {"name": "olare"}, "name": "Nyagoro Health Centre", "created": "2009-10-31T00:00:00+00:00", "regulatory_body": {"name": "Ministry of Health"}, "facility_type": {"name": "Health Centre"}, "plot_number": null, "operation_status": {"name": "Operational"}, "number_of_beds": 8}, {"code": 13620, "location_desc": null, "official_name": "Iranda Health Centre", "owner": {"name": "Ministry of Health"}, "keph_level": {"name": "Level 3"}, "ward": {"code": 1343}, "number_of_cots": 0, "town": {"name": "iranda"}, "name": "Iranda Health Centre", "created": "2009-10-31T00:00:00+00:00", "regulatory_body": {"name": "Ministry of Health"}, "facility_type": {"name": "Health Centre"}, "plot_number": null, "operation_status": {"name": "Operational"}, "number_of_beds": 11}, {"code": 13777, "location_desc": "Homa bay Rongo road, at Marindi centre", "official_name": "Marindi Health Centre", "owner": {"name": "Ministry of Health"}, "keph_level": {"name": "Level 3"}, "ward": {"code": 1244}, "number_of_cots": 0, "town": {"name": "rodi kopany"}, "name": "Marindi Health Centre", "created": "2009-10-31T00:00:00+00:00", "regulatory_body": {"name": "Ministry of Health"}, "facility_type": {"name": "Health Centre"}, "plot_number": null, "operation_status": {"name": "Operational"}, "number_of_beds": 12}, {"code": 14085, "location_desc": null, "official_name": "Sigomere Health Centre", "owner": {"name": "Ministry of Health"}, "keph_level": {"name": "Level 3"}, "ward": {"code": 1161}, "number_of_cots": 0, "town": {"name": "sigomere market"}, "name": "Sigomere Health Centre", "created": "2009-10-31T00:00:00+00:00", "regulatory_body": {"name": "Ministry of Health"}, "facility_type": {"name": "Health Centre"}, "plot_number": null, "operation_status": {"name": "Operational"}, "number_of_beds": 0}, {"code": 13843, "location_desc": null, "official_name": "Ndiru Health Centre", "owner": {"name": "Ministry of Health"}, "keph_level": {"name": "Level 3"}, "ward": {"code": 1239}, "number_of_cots": 0, "town": {"name": "ndiru"}, "name": "Ndiru Health Centre", "created": "2009-10-31T00:00:00+00:00", "regulatory_body": {"name": "Ministry of Health"}, "facility_type": {"name": "Health Centre"}, "plot_number": null, "operation_status": {"name": "Operational"}, "number_of_beds": 7}, {"code": 13727, "location_desc": "Ahero-Katito-Kolweny market, enter the facility using Kengen route", "official_name": "Kusa Health Centre", "owner": {"name": "Ministry of Health"}, "keph_level": {"name": "Level 3"}, "ward": {"code": 1219}, "number_of_cots": 2, "town": {"name": "kolwenyi"}, "name": "Kusa Health Centre", "created": "2009-10-31T00:00:00+00:00", "regulatory_body": {"name": "Ministry of Health"}, "facility_type": {"name": "Health Centre"}, "plot_number": null, "operation_status": {"name": "Operational"}, "number_of_beds": 8}, {"code": 14040, "location_desc": "7 Kms from the district offices along Kombewa Maseno road  ", "official_name": "Ratta Health Centre", "owner": {"name": "Ministry of Health"}, "keph_level": {"name": "Level 3"}, "ward": {"code": 1205}, "number_of_cots": 0, "town": {"name": "ratta market"}, "name": "Ratta Health Centre", "created": "2009-10-31T00:00:00+00:00", "regulatory_body": {"name": "Ministry of Health"}, "facility_type": {"name": "Health Centre"}, "plot_number": null, "operation_status": {"name": "Operational"}, "number_of_beds": 8}, {"code": 15855, "location_desc": "Situated within Cheptais town", "official_name": "Cheptais Sub District Hospital", "owner": {"name": "Ministry of Health"}, "keph_level": {"name": "Level 4"}, "ward": {"code": 1076}, "number_of_cots": 0, "town": {"name": "cheptais"}, "name": "Cheptais Sub District Hospital", "created": "2009-10-31T00:00:00+00:00", "regulatory_body": {"name": "Ministry of Health"}, "facility_type": {"name": "Sub-District Hospital"}, "plot_number": null, "operation_status": {"name": "Operational"}, "number_of_beds": 14}, {"code": 13600, "location_desc": null, "official_name": "Hawinga Health Centre", "owner": {"name": "Ministry of Health"}, "keph_level": {"name": "Level 3"}, "ward": {"code": 1164}, "number_of_cots": 0, "town": {"name": "hawinga market"}, "name": "Hawinga Health Centre", "created": "2009-10-31T00:00:00+00:00", "regulatory_body": {"name": "Ministry of Health"}, "facility_type": {"name": "Health Centre"}, "plot_number": null, "operation_status": {"name": "Operational"}, "number_of_beds": 0}, {"code": 12244, "location_desc": null, "official_name": "Katulani Health Centre", "owner": {"name": "Ministry of Health"}, "keph_level": {"name": "Level 2"}, "ward": {"code": 410}, "number_of_cots": 0, "town": {"name": "wamunyu"}, "name": "Katulani Health Centre", "created": "2009-10-31T00:00:00+00:00", "regulatory_body": {"name": "Ministry of Health"}, "facility_type": {"name": "Health Centre"}, "plot_number": null, "operation_status": {"name": "Operational"}, "number_of_beds": 2}, {"code": 13641, "location_desc": null, "official_name": "Kadenge Ratuoro Health Centre", "owner": {"name": "Ministry of Health"}, "keph_level": {"name": "Level 3"}, "ward": {"code": 1165}, "number_of_cots": 0, "town": {"name": "kadenge ratuoro"}, "name": "Kadenge Ratuoro Health Centre", "created": "2009-10-31T00:00:00+00:00", "regulatory_body": {"name": "Ministry of Health"}, "facility_type": {"name": "Health Centre"}, "plot_number": " ", "operation_status": {"name": "Operational"}, "number_of_beds": 0}, {"code": 14063, "location_desc": null, "official_name": "Rwambwa Health Centre", "owner": {"name": "Ministry of Health"}, "keph_level": {"name": "Level 3"}, "ward": {"code": 1163}, "number_of_cots": 0, "town": {"name": "nyadorera market"}, "name": "Rwambwa Health Centre", "created": "2009-10-31T00:00:00+00:00", "regulatory_body": {"name": "Ministry of Health"}, "facility_type": {"name": "Health Centre"}, "plot_number": null, "operation_status": {"name": "Operational"}, "number_of_beds": 0}, {"code": 14148, "location_desc": null, "official_name": "Ting'wangi Health Centre", "owner": {"name": "Ministry of Health"}, "keph_level": {"name": "Level 3"}, "ward": {"code": 1168}, "number_of_cots": 0, "town": {"name": "ting'wangi market"}, "name": "Ting'wangi Health Centre", "created": "2009-10-31T00:00:00+00:00", "regulatory_body": {"name": "Ministry of Health"}, "facility_type": {"name": "Health Centre"}, "plot_number": " ", "operation_status": {"name": "Operational"}, "number_of_beds": 0}, {"code": 12521, "location_desc": "Mbitini Market", "official_name": "Mbitini Health Centre ", "owner": {"name": "Ministry of Health"}, "keph_level": {"name": "Level 3"}, "ward": {"code": 351}, "number_of_cots": 0, "town": {"name": "mbitini"}, "name": "Mbitini Health Centre", "created": "2009-10-31T00:00:00+00:00", "regulatory_body": {"name": "Ministry of Health"}, "facility_type": {"name": "Health Centre"}, "plot_number": null, "operation_status": {"name": "Operational"}, "number_of_beds": 8}, {"code": 16152, "location_desc": "Along Tongoren to Makutano Road ", "official_name": "Tongaren Health Centre", "owner": {"name": "Ministry of Health"}, "keph_level": {"name": "Level 3"}, "ward": {"code": 1119}, "number_of_cots": 0, "town": {"name": "tongaren"}, "name": "Tongaren Health Centre", "created": "2009-10-31T00:00:00+00:00", "regulatory_body": {"name": "Ministry of Health"}, "facility_type": {"name": "Health Centre"}, "plot_number": null, "operation_status": {"name": "Operational"}, "number_of_beds": 20}, {"code": 13130, "location_desc": "Thika road opposite Utalii college", "official_name": "National Youth Service  HQ dispensary", "owner": {"name": "State Coorporation"}, "keph_level": {"name": "Level 2"}, "ward": {"code": 1403}, "number_of_cots": 0, "town": {"name": "n.y.s hq institute"}, "name": "National Youth Service Hq Dispensary (Ruaraka)", "created": "2009-10-31T00:00:00+00:00", "regulatory_body": {"name": "Kenya MPDB - Institution"}, "facility_type": {"name": "Dispensary"}, "plot_number": null, "operation_status": {"name": "Operational"}, "number_of_beds": 0}, {"code": 13953, "location_desc": null, "official_name": "Ober Health Centre", "owner": {"name": "Ministry of Health"}, "keph_level": {"name": "Level 3"}, "ward": {"code": 1228}, "number_of_cots": 0, "town": {"name": "mikae market"}, "name": "Ober Health Centre", "created": "2009-10-31T00:00:00+00:00", "regulatory_body": {"name": "Ministry of Health"}, "facility_type": {"name": "Health Centre"}, "plot_number": null, "operation_status": {"name": "Operational"}, "number_of_beds": 5}, {"code": 12198, "location_desc": "near mbuvori market", "official_name": "Karau Health Centre ", "owner": {"name": "Ministry of Health"}, "keph_level": {"name": "Level 3"}, "ward": {"code": 313}, "number_of_cots": 2, "town": {"name": "mbuvori"}, "name": "Karau Health Centre", "created": "2009-10-31T00:00:00+00:00", "regulatory_body": {"name": "Ministry of Health"}, "facility_type": {"name": "Health Centre"}, "plot_number": "215", "operation_status": {"name": "Operational"}, "number_of_beds": 25}, {"code": 13773, "location_desc": null, "official_name": "Marenyo Health Centre", "owner": {"name": "Ministry of Health"}, "keph_level": {"name": "Level 3"}, "ward": {"code": 1173}, "number_of_cots": 0, "town": {"name": "yala market"}, "name": "Marenyo Health Centre", "created": "2009-10-31T00:00:00+00:00", "regulatory_body": {"name": "Ministry of Health"}, "facility_type": {"name": "Health Centre"}, "plot_number": " ", "operation_status": {"name": "Operational"}, "number_of_beds": 0}, {"code": 10617, "location_desc": null, "official_name": "Kinyangi Health Centre", "owner": {"name": "Ministry of Health"}, "keph_level": {"name": "Level 2"}, "ward": {"code": 546}, "number_of_cots": 0, "town": {"name": "thika"}, "name": "Kinyangi Health Centre", "created": "2009-10-31T00:00:00+00:00", "regulatory_body": {"name": "Ministry of Health"}, "facility_type": {"name": "Health Centre"}, "plot_number": null, "operation_status": {"name": "Operational"}, "number_of_beds": 0}, {"code": 15294, "location_desc": "Kenya-Tanzania Boarder", "official_name": "Namanga Health Centre", "owner": {"name": "Ministry of Health"}, "keph_level": {"name": "Level 3"}, "ward": {"code": 920}, "number_of_cots": 2, "town": {"name": "namanga"}, "name": "Namanga Health Centre", "created": "2009-10-31T00:00:00+00:00", "regulatory_body": {"name": "Ministry of Health"}, "facility_type": {"name": "Health Centre"}, "plot_number": null, "operation_status": {"name": "Operational"}, "number_of_beds": 11}, {"code": 11472, "location_desc": null, "official_name": "Kikoneni Health Centre", "owner": {"name": "Ministry of Health"}, "keph_level": {"name": "Level 3"}, "ward": {"code": 35}, "number_of_cots": 0, "town": {"name": "kikoneni"}, "name": "Kikoneni Health Centre", "created": "2009-10-31T00:00:00+00:00", "regulatory_body": {"name": "Ministry of Health"}, "facility_type": {"name": "Health Centre"}, "plot_number": null, "operation_status": {"name": "Operational"}, "number_of_beds": 9}, {"code": 12991, "location_desc": "Jkia International Arrivals First Floor", "official_name": "JKIA Health Centre", "owner": {"name": "Ministry of Health"}, "keph_level": {"name": "Level 3"}, "ward": {"code": 1423}, "number_of_cots": 0, "town": {"name": "embakasi"}, "name": "Jkia Health Centre", "created": "2009-10-31T00:00:00+00:00", "regulatory_body": {"name": "Ministry of Health"}, "facility_type": {"name": "Health Centre"}, "plot_number": null, "operation_status": {"name": "Operational"}, "number_of_beds": 4}, {"code": 13760, "location_desc": null, "official_name": "Malanga Health Centre", "owner": {"name": "Ministry of Health"}, "keph_level": {"name": "Level 3"}, "ward": {"code": 1169}, "number_of_cots": 0, "town": {"name": "malanga shopping centre"}, "name": "Malanga Health Centre", "created": "2009-10-31T00:00:00+00:00", "regulatory_body": {"name": "Ministry of Health"}, "facility_type": {"name": "Health Centre"}, "plot_number": " ", "operation_status": {"name": "Operational"}, "number_of_beds": 0}, {"code": 13533, "location_desc": null, "official_name": "Dienya Health Centre", "owner": {"name": "Ministry of Health"}, "keph_level": {"name": "Level 3"}, "ward": {"code": 1170}, "number_of_cots": 0, "town": {"name": "dienya (apuoyo) market"}, "name": "Dienya Health Centre", "created": "2009-10-31T00:00:00+00:00", "regulatory_body": {"name": "Ministry of Health"}, "facility_type": {"name": "Health Centre"}, "plot_number": " ", "operation_status": {"name": "Operational"}, "number_of_beds": 0}, {"code": 13471, "location_desc": "kisumu Bondo Road", "official_name": "Akala Health Centre", "owner": {"name": "Ministry of Health"}, "keph_level": {"name": "Level 3"}, "ward": {"code": 1170}, "number_of_cots": 0, "town": {"name": "akala market"}, "name": "Akala Health Centre", "created": "2009-10-31T00:00:00+00:00", "regulatory_body": {"name": "Clinical Officers Council"}, "facility_type": {"name": "Health Centre"}, "plot_number": null, "operation_status": {"name": "Operational"}, "number_of_beds": 0}, {"code": 13787, "location_desc": null, "official_name": "Matangwe Community Health Centre", "owner": {"name": "Private Enterprise (Institution)"}, "keph_level": {"name": "Level 2"}, "ward": {"code": 1177}, "number_of_cots": 0, "town": {"name": "bondo"}, "name": "Matangwe Community Health Centre", "created": "2009-10-31T00:00:00+00:00", "regulatory_body": {"name": "Kenya MPDB - Institution"}, "facility_type": {"name": "Health Centre"}, "plot_number": null, "operation_status": {"name": "Operational"}, "number_of_beds": 7}, {"code": 13928, "location_desc": "Kisumu _- Ahero - Awasi , The facility is about 1.5Km to Awasi Market from Ahero Town", "official_name": "Nyang'oma Health Centre", "owner": {"name": "Ministry of Health"}, "keph_level": {"name": "Level 3"}, "ward": {"code": 1207}, "number_of_cots": 0, "town": {"name": "awasi"}, "name": "Nyang'oma Health Centre", "created": "2009-10-31T00:00:00+00:00", "regulatory_body": {"name": "Ministry of Health"}, "facility_type": {"name": "Health Centre"}, "plot_number": null, "operation_status": {"name": "Operational"}, "number_of_beds": 2}, {"code": 13015, "location_desc": "Kayole I  Next Kayole I Primary School", "official_name": "Kayole I Health Centre", "owner": {"name": "Local Authority"}, "keph_level": {"name": "Level 3"}, "ward": {"code": 1416}, "number_of_cots": 1, "town": {"name": "kayole"}, "name": "Kayole I Health Centre", "created": "2009-10-31T00:00:00+00:00", "regulatory_body": {"name": "Nursing Council of Kenya (Private Practice)"}, "facility_type": {"name": "Health Centre"}, "plot_number": null, "operation_status": {"name": "Operational"}, "number_of_beds": 24}, {"code": 16111, "location_desc": null, "official_name": "Shikunga Health Centre", "owner": {"name": "Ministry of Health"}, "keph_level": {"name": "Level 3"}, "ward": {"code": 1033}, "number_of_cots": 0, "town": {"name": "butere"}, "name": "Shikunga Health Centre", "created": "2009-10-31T00:00:00+00:00", "regulatory_body": {"name": "Ministry of Health"}, "facility_type": {"name": "Health Centre"}, "plot_number": null, "operation_status": {"name": "Operational"}, "number_of_beds": 6}, {"code": 12913, "location_desc": "At Dandora phase 1 next to Housing offices", "official_name": "Dandora I Health Centre", "owner": {"name": "Local Authority"}, "keph_level": {"name": "Level 2"}, "ward": {"code": 1429}, "number_of_cots": 0, "town": {"name": "nairobi"}, "name": "Dandora I Health Centre", "created": "2009-10-31T00:00:00+00:00", "regulatory_body": {"name": "Ministry of Health"}, "facility_type": {"name": "Health Centre"}, "plot_number": null, "operation_status": {"name": "Operational"}, "number_of_beds": 0}, {"code": 16112, "location_desc": "It is situated along Kakamega Kisumu high way", "official_name": "Shikusa Health Centre", "owner": {"name": "Ministry of Health"}, "keph_level": {"name": "Level 3"}, "ward": {"code": 1041}, "number_of_cots": 0, "town": {"name": "lubao"}, "name": "Shikusa Health Centre", "created": "2009-10-31T00:00:00+00:00", "regulatory_body": {"name": "Ministry of Health"}, "facility_type": {"name": "Health Centre"}, "plot_number": null, "operation_status": {"name": "Operational"}, "number_of_beds": 5}, {"code": 10859, "location_desc": "Ngarariga village off Limuru town", "official_name": "Ngarariga Health Centre", "owner": {"name": "Other Faith Based"}, "keph_level": {"name": "Level 3"}, "ward": {"code": 601}, "number_of_cots": 0, "town": {"name": "ngarariga"}, "name": "Ngarariga Health Centre", "created": "2009-10-31T00:00:00+00:00", "regulatory_body": {"name": "Clinical Officers Council"}, "facility_type": {"name": "Health Centre"}, "plot_number": null, "operation_status": {"name": "Operational"}, "number_of_beds": 5}, {"code": 12879, "location_desc": "Makadara Law Courts", "official_name": "Bahati Health Centre", "owner": {"name": "Local Authority"}, "keph_level": {"name": "Level 3"}, "ward": {"code": 1430}, "number_of_cots": 0, "town": {"name": "makadara"}, "name": "Bahati Health Centre", "created": "2009-10-31T00:00:00+00:00", "regulatory_body": {"name": "Other"}, "facility_type": {"name": "Health Centre"}, "plot_number": null, "operation_status": {"name": "Operational"}, "number_of_beds": 24}, {"code": 13607, "location_desc": null, "official_name": "Homa Lime Health Centre", "owner": {"name": "Ministry of Health"}, "keph_level": {"name": "Level 3"}, "ward": {"code": 1234}, "number_of_cots": 2, "town": {"name": "doho market"}, "name": "Homa Lime Health Centre", "created": "2009-10-31T00:00:00+00:00", "regulatory_body": {"name": "Ministry of Health"}, "facility_type": {"name": "Health Centre"}, "plot_number": null, "operation_status": {"name": "Operational"}, "number_of_beds": 6}, {"code": 14836, "location_desc": " keringet trading centre", "official_name": "Keringet Health Centre (Kuresoi)", "owner": {"name": "Ministry of Health"}, "keph_level": {"name": "Level 3"}, "ward": {"code": 833}, "number_of_cots": 0, "town": {"name": "keringet"}, "name": "Keringet Health Centre (Kuresoi)", "created": "2009-10-31T00:00:00+00:00", "regulatory_body": {"name": "Ministry of Health"}, "facility_type": {"name": "Health Centre"}, "plot_number": "413 lr no. 11323 keringet", "operation_status": {"name": "Operational"}, "number_of_beds": 8}, {"code": 12283, "location_desc": "Along Chuka-Meru road next to Mikumbune Market", "official_name": "Kiarago Health Centre (Imenti South)", "owner": {"name": "Ministry of Health"}, "keph_level": {"name": "Level 3"}, "ward": {"code": 295}, "number_of_cots": 0, "town": {"name": "nkubu town"}, "name": "Kiarago Health Centre (Imenti South)", "created": "2009-10-31T00:00:00+00:00", "regulatory_body": {"name": "Ministry of Health"}, "facility_type": {"name": "Health Centre"}, "plot_number": null, "operation_status": {"name": "Operational"}, "number_of_beds": 0}, {"code": 10636, "location_desc": "Karuri Shopping Centre", "official_name": "Kirogo Health Centre", "owner": {"name": "Ministry of Health"}, "keph_level": {"name": "Level 3"}, "ward": {"code": 522}, "number_of_cots": 6, "town": {"name": "muranga"}, "name": "Kirogo Health Centre", "created": "2009-10-31T00:00:00+00:00", "regulatory_body": {"name": "Ministry of Health"}, "facility_type": {"name": "Health Centre"}, "plot_number": null, "operation_status": {"name": "Operational"}, "number_of_beds": 6}], "model": "facilities.Facility", "unique_fields": ["code"]}]