[{"records": [{"code": 14057, "location_desc": "14 Kms from the district offices, off Kisumu Bondo road", "official_name": "Rodi Dispensary ", "owner": {"name": "Ministry of Health"}, "keph_level": {"name": "Level 2"}, "ward": {"code": 1204}, "number_of_cots": 0, "town": {"name": "paw akuche market"}, "name": "Rodi Dispensary", "created": "2009-10-31T00:00:00+00:00", "regulatory_body": {"name": "Ministry of Health"}, "facility_type": {"name": "Dispensary"}, "plot_number": null, "operation_status": {"name": "Operational"}, "number_of_beds": 0}, {"code": 12217, "location_desc": null, "official_name": "Katani Dispensary", "owner": {"name": "Ministry of Health"}, "keph_level": {"name": "Level 2"}, "ward": {"code": 396}, "number_of_cots": 0, "town": {"name": "athi river"}, "name": "Katani Dispensary", "created": "2009-10-31T00:00:00+00:00", "regulatory_body": {"name": "Ministry of Health"}, "facility_type": {"name": "Dispensary"}, "plot_number": null, "operation_status": {"name": "Operational"}, "number_of_beds": 1}, {"code": 11610, "location_desc": "FROM GEDE STAGE THERE'S KAKUYUNI, GEDE ROAD AROUND 2KM THERE THE MYUMBONI DISPENSARY NEAR THE MARKET", "official_name": "Mijomboni Dispensary", "owner": {"name": "Ministry of Health"}, "keph_level": {"name": "Level 2"}, "ward": {"code": 54}, "number_of_cots": 0, "town": {"name": "mijomboni market"}, "name": "Mijomboni Dispensary", "created": "2009-10-31T00:00:00+00:00", "regulatory_body": {"name": "Ministry of Health"}, "facility_type": {"name": "Dispensary"}, "plot_number": null, "operation_status": {"name": "Operational"}, "number_of_beds": 2}, {"code": 10473, "location_desc": null, "official_name": "Kanjuiri  Dispensary", "owner": {"name": "Ministry of Health"}, "keph_level": {"name": "Level 2"}, "ward": {"code": 454}, "number_of_cots": 0, "town": {"name": "olkalou"}, "name": "Kanjuiri Dispensary", "created": "2009-10-31T00:00:00+00:00", "regulatory_body": {"name": "Ministry of Health"}, "facility_type": {"name": "Dispensary"}, "plot_number": null, "operation_status": {"name": "Operational"}, "number_of_beds": 0}, {"code": 13551, "location_desc": null, "official_name": "Etono Health Centre", "owner": {"name": "Ministry of Health"}, "keph_level": {"name": "Level 3"}, "ward": {"code": 1358}, "number_of_cots": 0, "town": {"name": "nyamaiya"}, "name": "Etono Health Centre", "created": "2009-10-31T00:00:00+00:00", "regulatory_body": {"name": "Ministry of Health"}, "facility_type": {"name": "Health Centre"}, "plot_number": null, "operation_status": {"name": "Operational"}, "number_of_beds": 5}, {"code": 10911, "location_desc": null, "official_name": "Olborosat Dispensary", "owner": {"name": "Ministry of Health"}, "keph_level": {"name": "Level 2"}, "ward": {"code": 458}, "number_of_cots": 0, "town": {"name": "nyahururu"}, "name": "Olborosat Dispensary", "created": "2009-10-31T00:00:00+00:00", "regulatory_body": {"name": "Ministry of Health"}, "facility_type": {"name": "Dispensary"}, "plot_number": null, "operation_status": {"name": "Operational"}, "number_of_beds": 0}, {"code": 14447, "location_desc": "Emitik trading centre.", "official_name": "Emitik Dispensary", "owner": {"name": "Ministry of Health"}, "keph_level": {"name": "Level 2"}, "ward": {"code": 851}, "number_of_cots": 0, "town": {"name": "olenguruone"}, "name": "Emitik Dispensary", "created": "2009-10-31T00:00:00+00:00", "regulatory_body": {"name": "Ministry of Health"}, "facility_type": {"name": "Dispensary"}, "plot_number": null, "operation_status": {"name": "Operational"}, "number_of_beds": 0}, {"code": 13882, "location_desc": null, "official_name": "Nyakegogi Dispensary ", "owner": {"name": "Ministry of Health"}, "keph_level": {"name": "Level 2"}, "ward": {"code": 1320}, "number_of_cots": 0, "town": {"name": "itumbe"}, "name": "Nyakegogi Dispensary", "created": "2009-10-31T00:00:00+00:00", "regulatory_body": {"name": "Ministry of Health"}, "facility_type": {"name": "Dispensary"}, "plot_number": null, "operation_status": {"name": "Operational"}, "number_of_beds": 0}, {"code": 11383, "location_desc": "Ganze District, along Kilifi - Bamba road next to Ganze matatu terminus", "official_name": "Ganze Health Centre", "owner": {"name": "Ministry of Health"}, "keph_level": {"name": "Level 3"}, "ward": {"code": 71}, "number_of_cots": 0, "town": {"name": "ganze"}, "name": "Ganze Health Centre", "created": "2009-10-31T00:00:00+00:00", "regulatory_body": {"name": "Ministry of Health"}, "facility_type": {"name": "Health Centre"}, "plot_number": null, "operation_status": {"name": "Operational"}, "number_of_beds": 10}, {"code": 13741, "location_desc": null, "official_name": "Lwanda Dispensary  ", "owner": {"name": "Ministry of Health"}, "keph_level": {"name": "Level 2"}, "ward": {"code": 1284}, "number_of_cots": 0, "town": {"name": "lwanda beach"}, "name": "Lwanda Dispensary", "created": "2009-10-31T00:00:00+00:00", "regulatory_body": {"name": "Ministry of Health"}, "facility_type": {"name": "Dispensary"}, "plot_number": " ", "operation_status": {"name": "Operational"}, "number_of_beds": 0}, {"code": 14089, "location_desc": null, "official_name": "Simbi Kogembo Dispensary ", "owner": {"name": "Ministry of Health"}, "keph_level": {"name": "Level 2"}, "ward": {"code": 1232}, "number_of_cots": 0, "town": {"name": "oyuma market"}, "name": "Simbi Kogembo Dispensary", "created": "2009-10-31T00:00:00+00:00", "regulatory_body": {"name": "Ministry of Health"}, "facility_type": {"name": "Dispensary"}, "plot_number": null, "operation_status": {"name": "Operational"}, "number_of_beds": 0}, {"code": 15159, "location_desc": "Njoro - Mau- Narok road at mauche trading centre near DO's office", "official_name": "Mauche Dispensary", "owner": {"name": "Ministry of Health"}, "keph_level": {"name": "Level 2"}, "ward": {"code": 830}, "number_of_cots": 0, "town": {"name": "mauche"}, "name": "Mauche Dispensary", "created": "2009-10-31T00:00:00+00:00", "regulatory_body": {"name": "Ministry of Health"}, "facility_type": {"name": "Dispensary"}, "plot_number": "likia/nakuru 817", "operation_status": {"name": "Operational"}, "number_of_beds": 4}, {"code": 14569, "location_desc": "Along Amboseli - Tsavo East Road", "official_name": "Iltilal Health Centre", "owner": {"name": "Ministry of Health"}, "keph_level": {"name": "Level 3"}, "ward": {"code": 933}, "number_of_cots": 4, "town": {"name": "iltilal market"}, "name": "Iltilal Health Centre", "created": "2009-10-31T00:00:00+00:00", "regulatory_body": {"name": "Ministry of Health"}, "facility_type": {"name": "Health Centre"}, "plot_number": null, "operation_status": {"name": "Operational"}, "number_of_beds": 20}, {"code": 10245, "location_desc": "Engineer-Olkalou rd,branch at ndunyu njeru mkt, move 26km towards geta bush,turn left  0.5km", "official_name": "Geta Forest Dispensary", "owner": {"name": "Ministry of Health"}, "keph_level": {"name": "Level 2"}, "ward": {"code": 443}, "number_of_cots": 0, "town": {"name": "geta"}, "name": "Geta Forest Dispensary", "created": "2009-10-31T00:00:00+00:00", "regulatory_body": {"name": "Ministry of Health"}, "facility_type": {"name": "Dispensary"}, "plot_number": null, "operation_status": {"name": "Operational"}, "number_of_beds": 0}, {"code": 15262, "location_desc": "Along Njoro-Mau-narok Road near Ndeffo Centre.", "official_name": "Mutarakwa Dispensary (Molo)", "owner": {"name": "Ministry of Health"}, "keph_level": {"name": "Level 2"}, "ward": {"code": 831}, "number_of_cots": 0, "town": {"name": "ndeffo"}, "name": "Mutarakwa Dispensary (Molo)", "created": "2009-10-31T00:00:00+00:00", "regulatory_body": {"name": "Ministry of Health"}, "facility_type": {"name": "Dispensary"}, "plot_number": "1434", "operation_status": {"name": "Operational"}, "number_of_beds": 0}, {"code": 12677, "location_desc": "On Kiuilu-Kanyangi Road", "official_name": "Nthongoni Dispensary (Kitui)", "owner": {"name": "Ministry of Health"}, "keph_level": {"name": "Level 2"}, "ward": {"code": 352}, "number_of_cots": 0, "town": {"name": "nthongoni market"}, "name": "Nthongoni Dispensary (Kitui)", "created": "2009-10-31T00:00:00+00:00", "regulatory_body": {"name": "Ministry of Health"}, "facility_type": {"name": "Dispensary"}, "plot_number": "n/a", "operation_status": {"name": "Operational"}, "number_of_beds": 0}, {"code": 13687, "location_desc": "Ahero- awasi - chemelil - Miwani route, tunrn at Kibigori Market", "official_name": "Kibigori Dispensary ", "owner": {"name": "Ministry of Health"}, "keph_level": {"name": "Level 2"}, "ward": {"code": 1214}, "number_of_cots": 0, "town": {"name": "masogo"}, "name": "Kibigori Dispensary", "created": "2009-10-31T00:00:00+00:00", "regulatory_body": {"name": "Ministry of Health"}, "facility_type": {"name": "Dispensary"}, "plot_number": null, "operation_status": {"name": "Operational"}, "number_of_beds": 0}, {"code": 13784, "location_desc": null, "official_name": "Masogo Dispensary", "owner": {"name": "Ministry of Health"}, "keph_level": {"name": "Level 2"}, "ward": {"code": 1227}, "number_of_cots": 0, "town": {"name": "kowuor market"}, "name": "Masogo Dispensary", "created": "2009-10-31T00:00:00+00:00", "regulatory_body": {"name": "Ministry of Health"}, "facility_type": {"name": "Dispensary"}, "plot_number": null, "operation_status": {"name": "Operational"}, "number_of_beds": 0}, {"code": 15017, "location_desc": "Next to Ledero Primary School", "official_name": "Ledero Dispensary", "owner": {"name": "Ministry of Health"}, "keph_level": {"name": "Level 2"}, "ward": {"code": 661}, "number_of_cots": 0, "town": {"name": "ledero village"}, "name": "Ledero Dispensary", "created": "2009-10-31T00:00:00+00:00", "regulatory_body": {"name": "Ministry of Health"}, "facility_type": {"name": "Dispensary"}, "plot_number": null, "operation_status": {"name": "Operational"}, "number_of_beds": 0}, {"code": 12024, "location_desc": "Gatunga Mukothima Road", "official_name": "Gaciongo Dispensary ", "owner": {"name": "Ministry of Health"}, "keph_level": {"name": "Level 2"}, "ward": {"code": 307}, "number_of_cots": 0, "town": {"name": "gatunga"}, "name": "Gaciongo Dispensary", "created": "2009-10-31T00:00:00+00:00", "regulatory_body": {"name": "Ministry of Health"}, "facility_type": {"name": "Dispensary"}, "plot_number": "1112", "operation_status": {"name": "Operational"}, "number_of_beds": 0}, {"code": 11983, "location_desc": "Next to Marsabit Airstrip.", "official_name": "Dakabaricha Dispensary", "owner": {"name": "Ministry of Health"}, "keph_level": {"name": "Level 2"}, "ward": {"code": 235}, "number_of_cots": 0, "town": {"name": "marsabit"}, "name": "Dakabaricha Dispensary", "created": "2009-10-31T00:00:00+00:00", "regulatory_body": {"name": "Ministry of Health"}, "facility_type": {"name": "Dispensary"}, "plot_number": null, "operation_status": {"name": "Operational"}, "number_of_beds": 0}, {"code": 13573, "location_desc": null, "official_name": "Giatunda Dispensary ", "owner": {"name": "Ministry of Health"}, "keph_level": {"name": "Level 2"}, "ward": {"code": 1305}, "number_of_cots": 0, "town": {"name": "tabaka mkt"}, "name": "Giatunda Dispensary", "created": "2009-10-31T00:00:00+00:00", "regulatory_body": {"name": "Ministry of Health"}, "facility_type": {"name": "Dispensary"}, "plot_number": null, "operation_status": {"name": "Operational"}, "number_of_beds": 0}, {"code": 11998, "location_desc": null, "official_name": "Eldera Dispensary", "owner": {"name": "Ministry of Health"}, "keph_level": {"name": "Level 2"}, "ward": {"code": 250}, "number_of_cots": 0, "town": {"name": "eldera"}, "name": "Eldera Dispensary", "created": "2009-10-31T00:00:00+00:00", "regulatory_body": {"name": "Ministry of Health"}, "facility_type": {"name": "Dispensary"}, "plot_number": null, "operation_status": {"name": "Operational"}, "number_of_beds": 0}, {"code": 13820, "location_desc": null, "official_name": "Mokomoni Health Centre", "owner": {"name": "Ministry of Health"}, "keph_level": {"name": "Level 3"}, "ward": {"code": 1363}, "number_of_cots": 0, "town": {"name": "mokomoni"}, "name": "Mokomoni Health Centre", "created": "2009-10-31T00:00:00+00:00", "regulatory_body": {"name": "Ministry of Health"}, "facility_type": {"name": "Health Centre"}, "plot_number": null, "operation_status": {"name": "Operational"}, "number_of_beds": 0}, {"code": 16437, "location_desc": "Next to Katulye market", "official_name": "Kituluni Dispensary", "owner": {"name": "Ministry of Health"}, "keph_level": {"name": "Level 2"}, "ward": {"code": 386}, "number_of_cots": 0, "town": {"name": "katulye"}, "name": "Kituluni Dispensary", "created": "2009-10-31T00:00:00+00:00", "regulatory_body": {"name": "Ministry of Health"}, "facility_type": {"name": "Dispensary"}, "plot_number": null, "operation_status": {"name": "Operational"}, "number_of_beds": 4}, {"code": 13898, "location_desc": null, "official_name": "Nyamaranya Dispensary ", "owner": {"name": "Ministry of Health"}, "keph_level": {"name": "Level 2"}, "ward": {"code": 1296}, "number_of_cots": 0, "town": {"name": "masangora"}, "name": "Nyamaranya Dispensary", "created": "2009-10-31T00:00:00+00:00", "regulatory_body": {"name": "Ministry of Health"}, "facility_type": {"name": "Dispensary"}, "plot_number": " ", "operation_status": {"name": "Operational"}, "number_of_beds": 0}, {"code": 13693, "location_desc": null, "official_name": "Kimonge Dispensary ", "owner": {"name": "Ministry of Health"}, "keph_level": {"name": "Level 2"}, "ward": {"code": 1338}, "number_of_cots": 0, "town": {"name": "gamba"}, "name": "Kimonge Dispensary", "created": "2009-10-31T00:00:00+00:00", "regulatory_body": {"name": "Ministry of Health"}, "facility_type": {"name": "Dispensary"}, "plot_number": null, "operation_status": {"name": "Operational"}, "number_of_beds": 5}, {"code": 13743, "location_desc": null, "official_name": "Mabinju Dispensary ", "owner": {"name": "Ministry of Health"}, "keph_level": {"name": "Level 2"}, "ward": {"code": 1177}, "number_of_cots": 0, "town": {"name": "bondo"}, "name": "Mabinju Dispensary", "created": "2009-10-31T00:00:00+00:00", "regulatory_body": {"name": "Ministry of Health"}, "facility_type": {"name": "Dispensary"}, "plot_number": null, "operation_status": {"name": "Operational"}, "number_of_beds": 1}, {"code": 14312, "location_desc": "Chemaner Centre.", "official_name": "Chemaner Dispensary (Kuresoi)", "owner": {"name": "Ministry of Health"}, "keph_level": {"name": "Level 2"}, "ward": {"code": 852}, "number_of_cots": 4, "town": {"name": "keringet"}, "name": "Chemaner Dispensary (Kuresoi)", "created": "2009-10-31T00:00:00+00:00", "regulatory_body": {"name": "Ministry of Health"}, "facility_type": {"name": "Dispensary"}, "plot_number": "49", "operation_status": {"name": "Operational"}, "number_of_beds": 4}, {"code": 13350, "location_desc": null, "official_name": "GK Prison Dispensary (Garissa)", "owner": {"name": "Other Public Institution"}, "keph_level": {"name": "Level 2"}, "ward": {"code": 133}, "number_of_cots": 0, "town": {"name": "garissa"}, "name": "GK Prison Dispensary (Garissa)", "created": "2009-10-31T00:00:00+00:00", "regulatory_body": {"name": "Ministry of Health"}, "facility_type": {"name": "Dispensary"}, "plot_number": null, "operation_status": {"name": "Operational"}, "number_of_beds": 0}, {"code": 12403, "location_desc": "Kyamatu Market", "official_name": "Kyamatu Dispensary", "owner": {"name": "Ministry of Health"}, "keph_level": {"name": "Level 2"}, "ward": {"code": 362}, "number_of_cots": 0, "town": {"name": "kyamatu market"}, "name": "Kyamatu Dispensary", "created": "2009-10-31T00:00:00+00:00", "regulatory_body": {"name": "Ministry of Health"}, "facility_type": {"name": "Dispensary"}, "plot_number": "n/a", "operation_status": {"name": "Operational"}, "number_of_beds": 1}, {"code": 16289, "location_desc": "Along gurufa shantabaq way", "official_name": "Baraki Dispensary", "owner": {"name": "Ministry of Health"}, "keph_level": {"name": "Level 2"}, "ward": {"code": 144}, "number_of_cots": 0, "town": {"name": "modogashe"}, "name": "Baraki Dispensary", "created": "2009-10-31T00:00:00+00:00", "regulatory_body": {"name": "Ministry of Health"}, "facility_type": {"name": "Dispensary"}, "plot_number": null, "operation_status": {"name": "Operational"}, "number_of_beds": 0}, {"code": 12296, "location_desc": "Along Chuka- Nkubu road at Kieni kia Ndege Market", "official_name": "Kieni Kia Ndege Dispensary", "owner": {"name": "Ministry of Health"}, "keph_level": {"name": "Level 2"}, "ward": {"code": 291}, "number_of_cots": 0, "town": {"name": "kieni kia ndege market"}, "name": "Kieni Kia Ndege Dispensary", "created": "2009-10-31T00:00:00+00:00", "regulatory_body": {"name": "Ministry of Health"}, "facility_type": {"name": "Dispensary"}, "plot_number": null, "operation_status": {"name": "Operational"}, "number_of_beds": 0}, {"code": 13614, "location_desc": null, "official_name": "Igena-Itambe Dispensary ", "owner": {"name": "Ministry of Health"}, "keph_level": {"name": "Level 2"}, "ward": {"code": 1354}, "number_of_cots": 0, "town": {"name": "tinga"}, "name": "Igena-Itambe Dispensary", "created": "2009-10-31T00:00:00+00:00", "regulatory_body": {"name": "Ministry of Health"}, "facility_type": {"name": "Dispensary"}, "plot_number": null, "operation_status": {"name": "Operational"}, "number_of_beds": 0}, {"code": 10951, "location_desc": "Inside Ragia forest", "official_name": "Ragia Forest Dispensary", "owner": {"name": "Ministry of Health"}, "keph_level": {"name": "Level 2"}, "ward": {"code": 606}, "number_of_cots": 0, "town": {"name": "lari"}, "name": "Ragia Forest Dispensary", "created": "2009-10-31T00:00:00+00:00", "regulatory_body": {"name": "Ministry of Health"}, "facility_type": {"name": "Dispensary"}, "plot_number": null, "operation_status": {"name": "Operational"}, "number_of_beds": 0}, {"code": 12406, "location_desc": "opposite Kyangunga Primary School", "official_name": "Kyangunga Dispensary ", "owner": {"name": "Ministry of Health"}, "keph_level": {"name": "Level 2"}, "ward": {"code": 357}, "number_of_cots": 0, "town": {"name": "kitui"}, "name": "Kyangunga Dispensary", "created": "2009-10-31T00:00:00+00:00", "regulatory_body": {"name": "Ministry of Health"}, "facility_type": {"name": "Dispensary"}, "plot_number": null, "operation_status": {"name": "Operational"}, "number_of_beds": 0}, {"code": 13364, "location_desc": "Near Hodhan Primary School", "official_name": "Hodhan Dispensary", "owner": {"name": "Ministry of Health"}, "keph_level": {"name": "Level 2"}, "ward": {"code": 169}, "number_of_cots": 0, "town": {"name": "hodhan village"}, "name": "Hodhan Dispensary", "created": "2009-10-31T00:00:00+00:00", "regulatory_body": {"name": "Ministry of Health"}, "facility_type": {"name": "Dispensary"}, "plot_number": null, "operation_status": {"name": "Operational"}, "number_of_beds": 0}, {"code": 14007, "location_desc": null, "official_name": "Oyamo Dispensary ", "owner": {"name": "Ministry of Health"}, "keph_level": {"name": "Level 2"}, "ward": {"code": 1177}, "number_of_cots": 0, "town": {"name": "liunda beach"}, "name": "Oyamo Dispensary", "created": "2009-10-31T00:00:00+00:00", "regulatory_body": {"name": "Ministry of Health"}, "facility_type": {"name": "Dispensary"}, "plot_number": null, "operation_status": {"name": "Operational"}, "number_of_beds": 2}, {"code": 11180, "location_desc": null, "official_name": "Weithaga (ACK) Dispensary", "owner": {"name": "Christian Health Association of Kenya"}, "keph_level": {"name": "Level 2"}, "ward": {"code": 522}, "number_of_cots": 0, "town": {"name": "kahuro"}, "name": "Weithaga (ACK) Dispensary", "created": "2009-10-31T00:00:00+00:00", "regulatory_body": {"name": "Kenya MPDB - Institution"}, "facility_type": {"name": "Dispensary"}, "plot_number": null, "operation_status": {"name": "Operational"}, "number_of_beds": 0}, {"code": 13422, "location_desc": "Sankuri Balambala road", "official_name": "Raya Dispensary", "owner": {"name": "Ministry of Health"}, "keph_level": {"name": "Level 2"}, "ward": {"code": 100}, "number_of_cots": 0, "town": {"name": "garissa"}, "name": "Raya Dispensary", "created": "2009-10-31T00:00:00+00:00", "regulatory_body": {"name": "Ministry of Health"}, "facility_type": {"name": "Dispensary"}, "plot_number": null, "operation_status": {"name": "Operational"}, "number_of_beds": 0}, {"code": 11009, "location_desc": "Situated in division HQs of Boiman division 13km SW from Nyahururu town", "official_name": "Silibwet Health Centre (NyandaruaWest) ", "owner": {"name": "Ministry of Health"}, "keph_level": {"name": "Level 3"}, "ward": {"code": 458}, "number_of_cots": 1, "town": {"name": "boiman"}, "name": "Silibwet Health Centre (Nyandaruawest)", "created": "2009-10-31T00:00:00+00:00", "regulatory_body": {"name": "Ministry of Health"}, "facility_type": {"name": "Health Centre"}, "plot_number": null, "operation_status": {"name": "Operational"}, "number_of_beds": 12}, {"code": 10265, "location_desc": "next to Githirioni Primary School,adjacent to Githirioni AIPCEA church", "official_name": "Githirioni Dispensary", "owner": {"name": "Ministry of Health"}, "keph_level": {"name": "Level 2"}, "ward": {"code": 610}, "number_of_cots": 0, "town": {"name": "githirioni"}, "name": "Githirioni Dispensary", "created": "2009-10-31T00:00:00+00:00", "regulatory_body": {"name": "Ministry of Health"}, "facility_type": {"name": "Dispensary"}, "plot_number": null, "operation_status": {"name": "Operational"}, "number_of_beds": 0}, {"code": 16125, "location_desc": "Near Teremi High School", "official_name": "Sikulu Dispensary", "owner": {"name": "Ministry of Health"}, "keph_level": {"name": "Level 2"}, "ward": {"code": 1115}, "number_of_cots": 0, "town": {"name": "teremi"}, "name": "Sikulu Dispensary", "created": "2009-10-31T00:00:00+00:00", "regulatory_body": {"name": "Ministry of Health"}, "facility_type": {"name": "Dispensary"}, "plot_number": null, "operation_status": {"name": "Operational"}, "number_of_beds": 0}, {"code": 12008, "location_desc": "1/2 km South of Endau trading centre", "official_name": "Endau Dispensary", "owner": {"name": "Ministry of Health"}, "keph_level": {"name": "Level 2"}, "ward": {"code": 363}, "number_of_cots": 0, "town": {"name": "endau"}, "name": "Endau Dispensary", "created": "2009-10-31T00:00:00+00:00", "regulatory_body": {"name": "Ministry of Health"}, "facility_type": {"name": "Dispensary"}, "plot_number": null, "operation_status": {"name": "Operational"}, "number_of_beds": 2}, {"code": 14001, "location_desc": null, "official_name": "Othoch Rakuom Dispensary ", "owner": {"name": "Ministry of Health"}, "keph_level": {"name": "Level 2"}, "ward": {"code": 1287}, "number_of_cots": 0, "town": {"name": "othoch rakuom"}, "name": "Othoch Rakuom Dispensary", "created": "2009-10-31T00:00:00+00:00", "regulatory_body": {"name": "Ministry of Health"}, "facility_type": {"name": "Dispensary"}, "plot_number": " ", "operation_status": {"name": "Operational"}, "number_of_beds": 0}, {"code": 11672, "location_desc": "Mombasa Malindi road Mtwapa Town 1 Km  to the left. next to Chiefs office", "official_name": "Mtwapa Health Centre", "owner": {"name": "Ministry of Health"}, "keph_level": {"name": "Level 3"}, "ward": {"code": 60}, "number_of_cots": 0, "town": {"name": "mtwapa town"}, "name": "Mtwapa Health Centre", "created": "2009-10-31T00:00:00+00:00", "regulatory_body": {"name": "Ministry of Health"}, "facility_type": {"name": "Health Centre"}, "plot_number": null, "operation_status": {"name": "Operational"}, "number_of_beds": 0}, {"code": 10413, "location_desc": "Kagwe shopping centre,cross proximity to Githunguri town in Kiambu East", "official_name": "Kagwe Dispensary", "owner": {"name": "Ministry of Health"}, "keph_level": {"name": "Level 2"}, "ward": {"code": 608}, "number_of_cots": 0, "town": {"name": "kagwe"}, "name": "Kagwe Dispensary", "created": "2009-10-31T00:00:00+00:00", "regulatory_body": {"name": "Ministry of Health"}, "facility_type": {"name": "Dispensary"}, "plot_number": null, "operation_status": {"name": "Operational"}, "number_of_beds": 0}, {"code": 10630, "location_desc": "Off  Nyahururu - Shamata rd about 15 km from Subuku Kirima junction", "official_name": "Kirima Dispensary", "owner": {"name": "Ministry of Health"}, "keph_level": {"name": "Level 2"}, "ward": {"code": 465}, "number_of_cots": 0, "town": {"name": "olkalau"}, "name": "Kirima Dispensary", "created": "2009-10-31T00:00:00+00:00", "regulatory_body": {"name": "Ministry of Health"}, "facility_type": {"name": "Dispensary"}, "plot_number": "830", "operation_status": {"name": "Operational"}, "number_of_beds": 0}, {"code": 12803, "location_desc": "Ithiiani Market", "official_name": "Tiva Dispensary ", "owner": {"name": "Ministry of Health"}, "keph_level": {"name": "Level 2"}, "ward": {"code": 356}, "number_of_cots": 0, "town": {"name": "kitui"}, "name": "Tiva Dispensary", "created": "2009-10-31T00:00:00+00:00", "regulatory_body": {"name": "Ministry of Health"}, "facility_type": {"name": "Dispensary"}, "plot_number": "kyangwithya/mulutu/854", "operation_status": {"name": "Operational"}, "number_of_beds": 0}, {"code": 14924, "location_desc": "Kiptagich Centre.", "official_name": "Kiptagich Model Health Centre", "owner": {"name": "Ministry of Health"}, "keph_level": {"name": "Level 3"}, "ward": {"code": 851}, "number_of_cots": 4, "town": {"name": "kiptagich"}, "name": "Kiptagich Model Health centre", "created": "2009-10-31T00:00:00+00:00", "regulatory_body": {"name": "Ministry of Health"}, "facility_type": {"name": "Health Centre"}, "plot_number": null, "operation_status": {"name": "Operational"}, "number_of_beds": 24}, {"code": 15854, "location_desc": "Near Chepkube market", "official_name": "Chepkube Dispensary", "owner": {"name": "Ministry of Health"}, "keph_level": {"name": "Level 2"}, "ward": {"code": 1076}, "number_of_cots": 0, "town": {"name": "chepkube"}, "name": "Chepkube Dispensary", "created": "2009-10-31T00:00:00+00:00", "regulatory_body": {"name": "Ministry of Health"}, "facility_type": {"name": "Dispensary"}, "plot_number": "north malakisi 91", "operation_status": {"name": "Operational"}, "number_of_beds": 0}, {"code": 10722, "location_desc": null, "official_name": "Mere Dispensary", "owner": {"name": "Ministry of Health"}, "keph_level": {"name": "Level 2"}, "ward": {"code": 475}, "number_of_cots": 0, "town": {"name": "kabaru"}, "name": "Mere Dispensary", "created": "2009-10-31T00:00:00+00:00", "regulatory_body": {"name": "Ministry of Health"}, "facility_type": {"name": "Dispensary"}, "plot_number": " ", "operation_status": {"name": "Operational"}, "number_of_beds": 0}, {"code": 10429, "location_desc": "5km off Nairobi-Olkalou rd from captain", "official_name": "Kaimbaga Dispensary", "owner": {"name": "Ministry of Health"}, "keph_level": {"name": "Level 2"}, "ward": {"code": 456}, "number_of_cots": 0, "town": {"name": "captain"}, "name": "Kaimbaga Dispensary", "created": "2009-10-31T00:00:00+00:00", "regulatory_body": {"name": "Ministry of Health"}, "facility_type": {"name": "Dispensary"}, "plot_number": "483", "operation_status": {"name": "Operational"}, "number_of_beds": 0}, {"code": 15214, "location_desc": "Along Molo - Kirenget road at Willa Centre-Muchorwe", "official_name": "Molo South Dispensary", "owner": {"name": "Ministry of Health"}, "keph_level": {"name": "Level 2"}, "ward": {"code": 854}, "number_of_cots": 0, "town": {"name": "keringet"}, "name": "Molo South Dispensary", "created": "2009-10-31T00:00:00+00:00", "regulatory_body": {"name": "Ministry of Health"}, "facility_type": {"name": "Dispensary"}, "plot_number": "molo south/ ikumbi block 1/437", "operation_status": {"name": "Operational"}, "number_of_beds": 8}, {"code": 12828, "location_desc": null, "official_name": "Uran Health Centre", "owner": {"name": "Ministry of Health"}, "keph_level": {"name": "Level 3"}, "ward": {"code": 226}, "number_of_cots": 0, "town": {"name": "uran"}, "name": "Uran Health Centre", "created": "2009-10-31T00:00:00+00:00", "regulatory_body": {"name": "Ministry of Health"}, "facility_type": {"name": "Health Centre"}, "plot_number": null, "operation_status": {"name": "Operational"}, "number_of_beds": 0}, {"code": 13302, "location_desc": "Next to Barwaqo Kulmiye Girls Primary School", "official_name": "Barwaqo Dispensary", "owner": {"name": "Ministry of Health"}, "keph_level": {"name": "Level 2"}, "ward": {"code": 169}, "number_of_cots": 0, "town": {"name": "barwaqo village"}, "name": "Barwaqo Dispensary", "created": "2009-10-31T00:00:00+00:00", "regulatory_body": {"name": "Ministry of Health"}, "facility_type": {"name": "Dispensary"}, "plot_number": null, "operation_status": {"name": "Operational"}, "number_of_beds": 0}, {"code": 12665, "location_desc": "Marimanti Nkondi Road", "official_name": "Nkondi Dispensary", "owner": {"name": "Ministry of Health"}, "keph_level": {"name": "Level 2"}, "ward": {"code": 308}, "number_of_cots": 0, "town": {"name": "marimanti market"}, "name": "Nkondi Dispensary", "created": "2009-10-31T00:00:00+00:00", "regulatory_body": {"name": "Ministry of Health"}, "facility_type": {"name": "Dispensary"}, "plot_number": null, "operation_status": {"name": "Operational"}, "number_of_beds": 0}, {"code": 10778, "location_desc": null, "official_name": "Murarandia Dispensary", "owner": {"name": "Ministry of Health"}, "keph_level": {"name": "Level 2"}, "ward": {"code": 526}, "number_of_cots": 0, "town": {"name": "kahuro"}, "name": "Murarandia Dispensary", "created": "2009-10-31T00:00:00+00:00", "regulatory_body": {"name": "Ministry of Health"}, "facility_type": {"name": "Dispensary"}, "plot_number": " ", "operation_status": {"name": "Operational"}, "number_of_beds": 0}, {"code": 13708, "location_desc": null, "official_name": "Kobuya Dispensary ", "owner": {"name": "Ministry of Health"}, "keph_level": {"name": "Level 2"}, "ward": {"code": 1235}, "number_of_cots": 0, "town": {"name": "miriu market"}, "name": "Kobuya Dispensary", "created": "2009-10-31T00:00:00+00:00", "regulatory_body": {"name": "Ministry of Health"}, "facility_type": {"name": "Dispensary"}, "plot_number": null, "operation_status": {"name": "Operational"}, "number_of_beds": 0}, {"code": 16148, "location_desc": "Next to Kenya National Cereals Board tamlega", "official_name": "Tamlega Dispensary", "owner": {"name": "Ministry of Health"}, "keph_level": {"name": "Level 2"}, "ward": {"code": 1084}, "number_of_cots": 0, "town": {"name": "malakisi"}, "name": "Tamlega Dispensary", "created": "2009-10-31T00:00:00+00:00", "regulatory_body": {"name": "Ministry of Health"}, "facility_type": {"name": "Dispensary"}, "plot_number": null, "operation_status": {"name": "Operational"}, "number_of_beds": 0}, {"code": 12553, "location_desc": null, "official_name": "Mugui Dispensary", "owner": {"name": "Ministry of Health"}, "keph_level": {"name": "Level 2"}, "ward": {"code": 320}, "number_of_cots": 0, "town": {"name": "kianjokoma"}, "name": "Mugui Dispensary", "created": "2009-10-31T00:00:00+00:00", "regulatory_body": {"name": "Ministry of Health"}, "facility_type": {"name": "Dispensary"}, "plot_number": "t 74 / t73", "operation_status": {"name": "Operational"}, "number_of_beds": 0}, {"code": 12252, "location_desc": "Few metres from kauma secondary", "official_name": "Kauma Dispensary (Kitui)", "owner": {"name": "Ministry of Health"}, "keph_level": {"name": "Level 2"}, "ward": {"code": 348}, "number_of_cots": 0, "town": {"name": "musosya"}, "name": "Kauma Dispensary (Kitui)", "created": "2009-10-31T00:00:00+00:00", "regulatory_body": {"name": "Ministry of Health"}, "facility_type": {"name": "Dispensary"}, "plot_number": null, "operation_status": {"name": "Operational"}, "number_of_beds": 0}, {"code": 15801, "location_desc": "Within AP Camp opposite Law Courts Kakamega town", "official_name": "AP Line Dispensary", "owner": {"name": "Ministry of Health"}, "keph_level": {"name": "Level 2"}, "ward": {"code": 1014}, "number_of_cots": 0, "town": {"name": "kakamege town"}, "name": "Ap Line Dispensary", "created": "2009-10-31T00:00:00+00:00", "regulatory_body": {"name": "Ministry of Health"}, "facility_type": {"name": "Dispensary"}, "plot_number": null, "operation_status": {"name": "Operational"}, "number_of_beds": 4}, {"code": 13712, "location_desc": null, "official_name": "Kokwanyo Health Centre", "owner": {"name": "Ministry of Health"}, "keph_level": {"name": "Level 3"}, "ward": {"code": 1228}, "number_of_cots": 0, "town": {"name": "kochola market"}, "name": "Kokwanyo Health Centre", "created": "2009-10-31T00:00:00+00:00", "regulatory_body": {"name": "Ministry of Health"}, "facility_type": {"name": "Health Centre"}, "plot_number": null, "operation_status": {"name": "Operational"}, "number_of_beds": 0}, {"code": 11532, "location_desc": "In Kilifi Vitengeni road", "official_name": "Madamani Dispensary", "owner": {"name": "Ministry of Health"}, "keph_level": {"name": "Level 2"}, "ward": {"code": 74}, "number_of_cots": 0, "town": {"name": "vitengeni"}, "name": "Madamani Dispensary", "created": "2009-10-31T00:00:00+00:00", "regulatory_body": {"name": "Ministry of Health"}, "facility_type": {"name": "Dispensary"}, "plot_number": null, "operation_status": {"name": "Operational"}, "number_of_beds": 0}, {"code": 10894, "location_desc": "Near Nyaribo Air strip", "official_name": "Nyaribo Dispensary", "owner": {"name": "Ministry of Health"}, "keph_level": {"name": "Level 2"}, "ward": {"code": 491}, "number_of_cots": 0, "town": {"name": "kiganjo"}, "name": "Nyaribo Dispensary", "created": "2009-10-31T00:00:00+00:00", "regulatory_body": {"name": "Ministry of Health"}, "facility_type": {"name": "Dispensary"}, "plot_number": null, "operation_status": {"name": "Operational"}, "number_of_beds": 0}, {"code": 15919, "location_desc": "Along Kapsokwony to Kopsiro road", "official_name": "Kamuneru Dispensary", "owner": {"name": "Ministry of Health"}, "keph_level": {"name": "Level 2"}, "ward": {"code": 1079}, "number_of_cots": 0, "town": {"name": "kamuneru"}, "name": "Kamuneru Dispensary", "created": "2009-10-31T00:00:00+00:00", "regulatory_body": {"name": "Ministry of Health"}, "facility_type": {"name": "Dispensary"}, "plot_number": "elgon/kamuneru/548", "operation_status": {"name": "Operational"}, "number_of_beds": 0}, {"code": 12344, "location_desc": "Kiseuni Market", "official_name": "Kiseuni Dispensary (Kitui)", "owner": {"name": "Ministry of Health"}, "keph_level": {"name": "Level 2"}, "ward": {"code": 353}, "number_of_cots": 0, "town": {"name": "kiseuni market"}, "name": "Kiseuni Dispensary (Kitui)", "created": "2009-10-31T00:00:00+00:00", "regulatory_body": {"name": "Ministry of Health"}, "facility_type": {"name": "Dispensary"}, "plot_number": "n/a", "operation_status": {"name": "Operational"}, "number_of_beds": 0}, {"code": 15917, "location_desc": "Adjacent to Kamukuywo-Kaptama road near chesamis market", "official_name": "Kamenjo Dispensary", "owner": {"name": "Ministry of Health"}, "keph_level": {"name": "Level 2"}, "ward": {"code": 1114}, "number_of_cots": 0, "town": {"name": "kaborom"}, "name": "Kamenjo Dispensary", "created": "2009-10-31T00:00:00+00:00", "regulatory_body": {"name": "Ministry of Health"}, "facility_type": {"name": "Dispensary"}, "plot_number": "elgon/kaptama/574", "operation_status": {"name": "Operational"}, "number_of_beds": 0}, {"code": 15426, "location_desc": "Along Kimana-Oltiasika Road", "official_name": "Olorika Dispensary", "owner": {"name": "Ministry of Health"}, "keph_level": {"name": "Level 2"}, "ward": {"code": 933}, "number_of_cots": 0, "town": {"name": "kimana"}, "name": "Olorika Dispensary", "created": "2009-10-31T00:00:00+00:00", "regulatory_body": {"name": "Ministry of Health"}, "facility_type": {"name": "Dispensary"}, "plot_number": null, "operation_status": {"name": "Operational"}, "number_of_beds": 4}, {"code": 13394, "location_desc": "behind Leheley primary school", "official_name": "Leheley Sub District Hospital", "owner": {"name": "Ministry of Health"}, "keph_level": {"name": "Level 4"}, "ward": {"code": 188}, "number_of_cots": 0, "town": {"name": "leheley trading centre"}, "name": "Leheley Sub District Hospital", "created": "2009-10-31T00:00:00+00:00", "regulatory_body": {"name": "Ministry of Health"}, "facility_type": {"name": "Sub-District Hospital"}, "plot_number": null, "operation_status": {"name": "Operational"}, "number_of_beds": 0}, {"code": 13724, "location_desc": null, "official_name": "Kuja Dispensary ", "owner": {"name": "Ministry of Health"}, "keph_level": {"name": "Level 2"}, "ward": {"code": 1265}, "number_of_cots": 0, "town": {"name": "ranen"}, "name": "Kuja Dispensary", "created": "2009-10-31T00:00:00+00:00", "regulatory_body": {"name": "Ministry of Health"}, "facility_type": {"name": "Dispensary"}, "plot_number": null, "operation_status": {"name": "Operational"}, "number_of_beds": 0}, {"code": 13872, "location_desc": null, "official_name": "Nyagiki Dispensary ", "owner": {"name": "Ministry of Health"}, "keph_level": {"name": "Level 2"}, "ward": {"code": 1321}, "number_of_cots": 0, "town": {"name": "itumbe"}, "name": "Nyagiki Dispensary", "created": "2009-10-31T00:00:00+00:00", "regulatory_body": {"name": "Ministry of Health"}, "facility_type": {"name": "Dispensary"}, "plot_number": null, "operation_status": {"name": "Operational"}, "number_of_beds": 0}, {"code": 13532, "location_desc": "Awendo Dede Road", "official_name": "Dede Dispensary ", "owner": {"name": "Ministry of Health"}, "keph_level": {"name": "Level 2"}, "ward": {"code": 1267}, "number_of_cots": 0, "town": {"name": "dede"}, "name": "Dede Dispensary", "created": "2009-10-31T00:00:00+00:00", "regulatory_body": {"name": "Ministry of Health"}, "facility_type": {"name": "Dispensary"}, "plot_number": null, "operation_status": {"name": "Operational"}, "number_of_beds": 8}, {"code": 16286, "location_desc": null, "official_name": "Arbajahan Nomadic Mobile Clinic", "owner": {"name": "Ministry of Health"}, "keph_level": {"name": "Level 2"}, "ward": {"code": 176}, "number_of_cots": 0, "town": {"name": "griftu"}, "name": "Arbajahan Nomadic Mobile Clinic", "created": "2009-10-31T00:00:00+00:00", "regulatory_body": {"name": "Ministry of Health"}, "facility_type": {"name": "Dispensary"}, "plot_number": null, "operation_status": {"name": "Operational"}, "number_of_beds": 0}, {"code": 13581, "location_desc": "Along Kisumu - Bondo road.almost five km before Bondo town", "official_name": "Gobei  Health Centre", "owner": {"name": "Ministry of Health"}, "keph_level": {"name": "Level 3"}, "ward": {"code": 1180}, "number_of_cots": 0, "town": {"name": "bondo"}, "name": "Gobei  Health Centre", "created": "2009-10-31T00:00:00+00:00", "regulatory_body": {"name": "Ministry of Health"}, "facility_type": {"name": "Health Centre"}, "plot_number": null, "operation_status": {"name": "Operational"}, "number_of_beds": 2}, {"code": 12818, "location_desc": null, "official_name": "Twimyua Dispensary", "owner": {"name": "Ministry of Health"}, "keph_level": {"name": "Level 2"}, "ward": {"code": 332}, "number_of_cots": 0, "town": {"name": "twimyua"}, "name": "Twimyua Dispensary", "created": "2009-10-31T00:00:00+00:00", "regulatory_body": {"name": "Ministry of Health"}, "facility_type": {"name": "Dispensary"}, "plot_number": null, "operation_status": {"name": "Operational"}, "number_of_beds": 0}, {"code": 12061, "location_desc": null, "official_name": "Hurri-Hills Dispensary", "owner": {"name": "Ministry of Health"}, "keph_level": {"name": "Level 2"}, "ward": {"code": 229}, "number_of_cots": 0, "town": {"name": "north horr"}, "name": "Hurri-Hills Dispensary", "created": "2009-10-31T00:00:00+00:00", "regulatory_body": {"name": "Ministry of Health"}, "facility_type": {"name": "Dispensary"}, "plot_number": null, "operation_status": {"name": "Operational"}, "number_of_beds": 0}, {"code": 11139, "location_desc": null, "official_name": "Uruku Dispensary", "owner": {"name": "Ministry of Health"}, "keph_level": {"name": "Level 2"}, "ward": {"code": 464}, "number_of_cots": 0, "town": {"name": "ndaragwa"}, "name": "Uruku Dispensary", "created": "2009-10-31T00:00:00+00:00", "regulatory_body": {"name": "Ministry of Health"}, "facility_type": {"name": "Dispensary"}, "plot_number": null, "operation_status": {"name": "Operational"}, "number_of_beds": 0}, {"code": 13545, "location_desc": null, "official_name": "Entanda Dispensary ", "owner": {"name": "Ministry of Health"}, "keph_level": {"name": "Level 2"}, "ward": {"code": 1337}, "number_of_cots": 0, "town": {"name": "entanda"}, "name": "Entanda Dispensary", "created": "2009-10-31T00:00:00+00:00", "regulatory_body": {"name": "Ministry of Health"}, "facility_type": {"name": "Dispensary"}, "plot_number": null, "operation_status": {"name": "Operational"}, "number_of_beds": 0}, {"code": 13511, "location_desc": "5 kilometres from Nyamache town", "official_name": "Borangi Health Centre ", "owner": {"name": "Ministry of Health"}, "keph_level": {"name": "Level 3"}, "ward": {"code": 1318}, "number_of_cots": 0, "town": {"name": "borangi s.d.a"}, "name": "Borangi Health Centre", "created": "2009-10-31T00:00:00+00:00", "regulatory_body": {"name": "Ministry of Health"}, "facility_type": {"name": "Health Centre"}, "plot_number": null, "operation_status": {"name": "Operational"}, "number_of_beds": 0}, {"code": 11758, "location_desc": "Near Roka Pry School", "official_name": "Roka Maweni Dispensary", "owner": {"name": "Ministry of Health"}, "keph_level": {"name": "Level 2"}, "ward": {"code": 55}, "number_of_cots": 0, "town": {"name": "chumani"}, "name": "Roka Maweni Dispensary", "created": "2009-10-31T00:00:00+00:00", "regulatory_body": {"name": "Ministry of Health"}, "facility_type": {"name": "Dispensary"}, "plot_number": null, "operation_status": {"name": "Operational"}, "number_of_beds": 0}, {"code": 13884, "location_desc": "Ahero - Awasi - Katito route, about 4Kms from Awasi Market", "official_name": "Nyakongo Dispensary ", "owner": {"name": "Ministry of Health"}, "keph_level": {"name": "Level 2"}, "ward": {"code": 1206}, "number_of_cots": 0, "town": {"name": "awasi"}, "name": "Nyakongo Dispensary", "created": "2009-10-31T00:00:00+00:00", "regulatory_body": {"name": "Ministry of Health"}, "facility_type": {"name": "Dispensary"}, "plot_number": null, "operation_status": {"name": "Operational"}, "number_of_beds": 3}, {"code": 11887, "location_desc": "Next to Vyongwani Primary School", "official_name": "Vyongwani Dispensary", "owner": {"name": "Ministry of Health"}, "keph_level": {"name": "Level 2"}, "ward": {"code": 39}, "number_of_cots": 0, "town": {"name": "kwale"}, "name": "Vyongwani Dispensary", "created": "2009-10-31T00:00:00+00:00", "regulatory_body": {"name": "Ministry of Health"}, "facility_type": {"name": "Dispensary"}, "plot_number": null, "operation_status": {"name": "Operational"}, "number_of_beds": 0}, {"code": 10434, "location_desc": null, "official_name": "Kairuthi Dispensary", "owner": {"name": "Ministry of Health"}, "keph_level": {"name": "Level 2"}, "ward": {"code": 484}, "number_of_cots": 0, "town": {"name": "kairuthi"}, "name": "Kairuthi Dispensary", "created": "2009-10-31T00:00:00+00:00", "regulatory_body": {"name": "Ministry of Health"}, "facility_type": {"name": "Dispensary"}, "plot_number": null, "operation_status": {"name": "Operational"}, "number_of_beds": 0}, {"code": 16052, "location_desc": null, "official_name": "Musitinyi Dispensary", "owner": {"name": "Ministry of Health"}, "keph_level": {"name": "Level 2"}, "ward": {"code": 1069}, "number_of_cots": 6, "town": {"name": "luanda"}, "name": "Musitinyi Dispensary", "created": "2009-10-31T00:00:00+00:00", "regulatory_body": {"name": "Ministry of Health"}, "facility_type": {"name": "Dispensary"}, "plot_number": null, "operation_status": {"name": "Operational"}, "number_of_beds": 6}, {"code": 13265, "location_desc": "Behind Abakore AP post adjacent to Abakore primary school along Garissa Wajir road", "official_name": "Abakore Sub District Hospital", "owner": {"name": "Ministry of Health"}, "keph_level": {"name": "Level 4"}, "ward": {"code": 187}, "number_of_cots": 0, "town": {"name": "habaswein"}, "name": "Abakore Sub District Hospital", "created": "2009-10-31T00:00:00+00:00", "regulatory_body": {"name": "Ministry of Health"}, "facility_type": {"name": "Sub-District Hospital"}, "plot_number": null, "operation_status": {"name": "Operational"}, "number_of_beds": 0}, {"code": 13658, "location_desc": null, "official_name": "Kauma Health Centre (Rachuonyo)", "owner": {"name": "Ministry of Health"}, "keph_level": {"name": "Level 3"}, "ward": {"code": 1227}, "number_of_cots": 0, "town": {"name": "near ramba market"}, "name": "Kauma Health Centre (Rachuonyo)", "created": "2009-10-31T00:00:00+00:00", "regulatory_body": {"name": "Ministry of Health"}, "facility_type": {"name": "Health Centre"}, "plot_number": null, "operation_status": {"name": "Operational"}, "number_of_beds": 0}, {"code": 15882, "location_desc": "On Kakamega-Mumias Highway turn left 3km immediately after Eshisiru Market", "official_name": "Eshikhuyu Dispensary", "owner": {"name": "Ministry of Health"}, "keph_level": {"name": "Level 2"}, "ward": {"code": 1011}, "number_of_cots": 0, "town": {"name": "eshisiru mkt"}, "name": "Eshikhuyu Dispensary", "created": "2009-10-31T00:00:00+00:00", "regulatory_body": {"name": "Ministry of Health"}, "facility_type": {"name": "Dispensary"}, "plot_number": null, "operation_status": {"name": "Operational"}, "number_of_beds": 4}, {"code": 12394, "location_desc": "It is located near Kwamutonga market", "official_name": "Kwa Mutonga Dispenasry ", "owner": {"name": "Ministry of Health"}, "keph_level": {"name": "Level 2"}, "ward": {"code": 349}, "number_of_cots": 0, "town": {"name": "kwamutonga"}, "name": "Kwa Mutonga Dispenasry", "created": "2009-10-31T00:00:00+00:00", "regulatory_body": {"name": "Ministry of Health"}, "facility_type": {"name": "Dispensary"}, "plot_number": null, "operation_status": {"name": "Operational"}, "number_of_beds": 0}, {"code": 11189, "location_desc": null, "official_name": "Zaina Dispensary", "owner": {"name": "Ministry of Health"}, "keph_level": {"name": "Level 2"}, "ward": {"code": 466}, "number_of_cots": 0, "town": {"name": "miagayuini"}, "name": "Zaina Dispensary", "created": "2009-10-31T00:00:00+00:00", "regulatory_body": {"name": "Ministry of Health"}, "facility_type": {"name": "Dispensary"}, "plot_number": null, "operation_status": {"name": "Operational"}, "number_of_beds": 0}, {"code": 12185, "location_desc": null, "official_name": "Kanyuambora Dispensary", "owner": {"name": "Ministry of Health"}, "keph_level": {"name": "Level 2"}, "ward": {"code": 330}, "number_of_cots": 0, "town": {"name": "kanyuambora"}, "name": "Kanyuambora Dispensary", "created": "2009-10-31T00:00:00+00:00", "regulatory_body": {"name": "Ministry of Health"}, "facility_type": {"name": "Dispensary"}, "plot_number": null, "operation_status": {"name": "Operational"}, "number_of_beds": 1}, {"code": 13305, "location_desc": null, "official_name": "Benane Health Centre", "owner": {"name": "Ministry of Health"}, "keph_level": {"name": "Level 3"}, "ward": {"code": 141}, "number_of_cots": 0, "town": {"name": "modogashe"}, "name": "Benane Health Centre", "created": "2009-10-31T00:00:00+00:00", "regulatory_body": {"name": "Ministry of Health"}, "facility_type": {"name": "Health Centre"}, "plot_number": null, "operation_status": {"name": "Operational"}, "number_of_beds": 0}, {"code": 15543, "location_desc": "Next to catholic Church", "official_name": "Seketet Dispensary", "owner": {"name": "Ministry of Health"}, "keph_level": {"name": "Level 2"}, "ward": {"code": 665}, "number_of_cots": 0, "town": {"name": "seketet village"}, "name": "Seketet Dispensary", "created": "2009-10-31T00:00:00+00:00", "regulatory_body": {"name": "Ministry of Health"}, "facility_type": {"name": "Dispensary"}, "plot_number": null, "operation_status": {"name": "Operational"}, "number_of_beds": 0}, {"code": 13863, "location_desc": null, "official_name": "Nyabola Dispensary ", "owner": {"name": "Ministry of Health"}, "keph_level": {"name": "Level 2"}, "ward": {"code": 1221}, "number_of_cots": 0, "town": {"name": "kotieno market"}, "name": "Nyabola Dispensary", "created": "2009-10-31T00:00:00+00:00", "regulatory_body": {"name": "Ministry of Health"}, "facility_type": {"name": "Dispensary"}, "plot_number": null, "operation_status": {"name": "Operational"}, "number_of_beds": 0}, {"code": 13971, "location_desc": null, "official_name": "Ojola Dispensary ", "owner": {"name": "Local Authority"}, "keph_level": {"name": "Level 2"}, "ward": {"code": 1191}, "number_of_cots": 0, "town": {"name": "kisian"}, "name": "Ojola Dispensary", "created": "2009-10-31T00:00:00+00:00", "regulatory_body": {"name": "Ministry of Health"}, "facility_type": {"name": "Dispensary"}, "plot_number": null, "operation_status": {"name": "Operational"}, "number_of_beds": 0}, {"code": 11756, "location_desc": "Before Ribe Boys High School", "official_name": "Ribe Dispensary", "owner": {"name": "Ministry of Health"}, "keph_level": {"name": "Level 2"}, "ward": {"code": 69}, "number_of_cots": 0, "town": {"name": "kaloleni"}, "name": "Ribe Dispensary", "created": "2009-10-31T00:00:00+00:00", "regulatory_body": {"name": "Ministry of Health"}, "facility_type": {"name": "Dispensary"}, "plot_number": null, "operation_status": {"name": "Operational"}, "number_of_beds": 0}, {"code": 13519, "location_desc": "Branch of Oyani leaf farm junction", "official_name": "Bware Dispensary ", "owner": {"name": "Ministry of Health"}, "keph_level": {"name": "Level 2"}, "ward": {"code": 1280}, "number_of_cots": 0, "town": {"name": "oyani"}, "name": "Bware Dispensary", "created": "2009-10-31T00:00:00+00:00", "regulatory_body": {"name": "Ministry of Health"}, "facility_type": {"name": "Dispensary"}, "plot_number": null, "operation_status": {"name": "Operational"}, "number_of_beds": 5}], "model": "facilities.Facility", "unique_fields": ["code"]}]