[{"records": [{"code": 10788, "location_desc": "Olkaou-Njabini rd up to Ichangai junction and then to kinja shopping centre.", "official_name": "Mutarakwa Dispensary (Nyandarua South)", "owner": {"name": "Ministry of Health"}, "keph_level": {"name": "Level 2"}, "ward": {"code": 442}, "number_of_cots": 0, "town": {"name": "mutarakwa"}, "name": "Mutarakwa Dispensary (Nyandarua South)", "created": "2009-10-31T00:00:00+00:00", "regulatory_body": {"name": "Ministry of Health"}, "facility_type": {"name": "Dispensary"}, "plot_number": null, "operation_status": {"name": "Operational"}, "number_of_beds": 0}, {"code": 16468, "location_desc": null, "official_name": "Riandu Dispensary", "owner": {"name": "Ministry of Health"}, "keph_level": {"name": "Level 2"}, "ward": {"code": 328}, "number_of_cots": 0, "town": {"name": "siakago"}, "name": "Riandu Dispensary", "created": "2009-10-31T00:00:00+00:00", "regulatory_body": {"name": "Ministry of Health"}, "facility_type": {"name": "Dispensary"}, "plot_number": null, "operation_status": {"name": "Operational"}, "number_of_beds": 0}, {"code": 13758, "location_desc": null, "official_name": "Makararangwe Dispensary", "owner": {"name": "Ministry of Health"}, "keph_level": {"name": "Level 2"}, "ward": {"code": 1297}, "number_of_cots": 0, "town": {"name": "makararangwe"}, "name": "Makararangwe Dispensary", "created": "2009-10-31T00:00:00+00:00", "regulatory_body": {"name": "Ministry of Health"}, "facility_type": {"name": "Dispensary"}, "plot_number": null, "operation_status": {"name": "Operational"}, "number_of_beds": 1}, {"code": 14118, "location_desc": null, "official_name": "St Mark's Lela Dispensary ", "owner": {"name": "Local Authority"}, "keph_level": {"name": "Level 2"}, "ward": {"code": 1192}, "number_of_cots": 0, "town": {"name": "kisian"}, "name": "St Mark's Lela Dispensary", "created": "2009-10-31T00:00:00+00:00", "regulatory_body": {"name": "Kenya MPDB - Institution"}, "facility_type": {"name": "Dispensary"}, "plot_number": null, "operation_status": {"name": "Operational"}, "number_of_beds": 0}, {"code": 11592, "location_desc": "Corner Mbaya,   \r\nMbuta Road along South Coast Road", "official_name": "Mbuta Model Health Centre", "owner": {"name": "Ministry of Health"}, "keph_level": {"name": "Level 2"}, "ward": {"code": 30}, "number_of_cots": 0, "town": {"name": "mombasa"}, "name": "Mbuta Model Health Centre", "created": "2009-10-31T00:00:00+00:00", "regulatory_body": {"name": "Ministry of Health"}, "facility_type": {"name": "Dispensary"}, "plot_number": null, "operation_status": {"name": "Operational"}, "number_of_beds": 4}, {"code": 10248, "location_desc": null, "official_name": "Giathanini Dispensary", "owner": {"name": "Ministry of Health"}, "keph_level": {"name": "Level 2"}, "ward": {"code": 546}, "number_of_cots": 0, "town": {"name": "ithanga"}, "name": "Giathanini Dispensary", "created": "2009-10-31T00:00:00+00:00", "regulatory_body": {"name": "Ministry of Health"}, "facility_type": {"name": "Dispensary"}, "plot_number": null, "operation_status": {"name": "Operational"}, "number_of_beds": 0}, {"code": 16199, "location_desc": "Near Galili Primary School", "official_name": "Galili Dispensary", "owner": {"name": "Ministry of Health"}, "keph_level": {"name": "Level 2"}, "ward": {"code": 89}, "number_of_cots": 0, "town": {"name": "garsen"}, "name": "Galili Dispensary", "created": "2009-10-31T00:00:00+00:00", "regulatory_body": {"name": "Ministry of Health"}, "facility_type": {"name": "Dispensary"}, "plot_number": null, "operation_status": {"name": "Operational"}, "number_of_beds": 1}, {"code": 13619, "location_desc": null, "official_name": "Iraha Dispensary", "owner": {"name": "Ministry of Health"}, "keph_level": {"name": "Level 2"}, "ward": {"code": 1295}, "number_of_cots": 0, "town": {"name": "mabera"}, "name": "Iraha Dispensary", "created": "2009-10-31T00:00:00+00:00", "regulatory_body": {"name": "Ministry of Health"}, "facility_type": {"name": "Dispensary"}, "plot_number": null, "operation_status": {"name": "Operational"}, "number_of_beds": 1}, {"code": 10598, "location_desc": null, "official_name": "Kihumbu-ini Community Dispensary", "owner": {"name": "Ministry of Health"}, "keph_level": {"name": "Level 2"}, "ward": {"code": 548}, "number_of_cots": 0, "town": {"name": "thika"}, "name": "Kihumbu-Ini Community Dispensary", "created": "2009-10-31T00:00:00+00:00", "regulatory_body": {"name": "Ministry of Health"}, "facility_type": {"name": "Dispensary"}, "plot_number": " ", "operation_status": {"name": "Operational"}, "number_of_beds": 0}, {"code": 12794, "location_desc": null, "official_name": "Tharaka Health Center", "owner": {"name": "Ministry of Health"}, "keph_level": {"name": "Level 3"}, "ward": {"code": 335}, "number_of_cots": 0, "town": {"name": "ciampiu"}, "name": "Tharaka Health Centre", "created": "2009-10-31T00:00:00+00:00", "regulatory_body": {"name": "Ministry of Health"}, "facility_type": {"name": "Health Centre"}, "plot_number": null, "operation_status": {"name": "Operational"}, "number_of_beds": 5}, {"code": 10980, "location_desc": "Within Gitomboya village near calan", "official_name": "Rurii Kiandegwa Dispensary", "owner": {"name": "Ministry of Health"}, "keph_level": {"name": "Level 2"}, "ward": {"code": 499}, "number_of_cots": 0, "town": {"name": "mutithi"}, "name": "Rurii Kiandegwa Dispensary", "created": "2009-10-31T00:00:00+00:00", "regulatory_body": {"name": "Ministry of Health"}, "facility_type": {"name": "Dispensary"}, "plot_number": null, "operation_status": {"name": "Operational"}, "number_of_beds": 0}, {"code": 16200, "location_desc": null, "official_name": "Shirikisho Medical Dispensary", "owner": {"name": "Ministry of Health"}, "keph_level": {"name": "Level 2"}, "ward": {"code": 87}, "number_of_cots": 0, "town": {"name": "tarasaa"}, "name": "Shirikisho Medical Dispensary", "created": "2009-10-31T00:00:00+00:00", "regulatory_body": {"name": "Ministry of Health"}, "facility_type": {"name": "Dispensary"}, "plot_number": " ", "operation_status": {"name": "Not-Operational"}, "number_of_beds": 0}, {"code": 13556, "location_desc": null, "official_name": "Gairoro Dispensary ", "owner": {"name": "Ministry of Health"}, "keph_level": {"name": "Level 2"}, "ward": {"code": 1297}, "number_of_cots": 0, "town": {"name": "ntimaru"}, "name": "Gairoro Dispensary", "created": "2009-10-31T00:00:00+00:00", "regulatory_body": {"name": "Ministry of Health"}, "facility_type": {"name": "Dispensary"}, "plot_number": " ", "operation_status": {"name": "Operational"}, "number_of_beds": 2}, {"code": 14024, "location_desc": "Kisumu - Kisii route about 27 Kms from Kusumu, about 5 Km from Ahero town and 2.5Kms to Katito Market", "official_name": "Rae Dispensary ", "owner": {"name": "Ministry of Health"}, "keph_level": {"name": "Level 2"}, "ward": {"code": 1217}, "number_of_cots": 0, "town": {"name": "katito"}, "name": "Rae Dispensary", "created": "2009-10-31T00:00:00+00:00", "regulatory_body": {"name": "Ministry of Health"}, "facility_type": {"name": "Dispensary"}, "plot_number": null, "operation_status": {"name": "Operational"}, "number_of_beds": 0}, {"code": 15393, "location_desc": "Magadi Road", "official_name": "Oldonyo Nyokie Dispensary", "owner": {"name": "Ministry of Health"}, "keph_level": {"name": "Level 2"}, "ward": {"code": 928}, "number_of_cots": 0, "town": {"name": "magadi"}, "name": "Oldonyo Nyokie Dispensary", "created": "2009-10-31T00:00:00+00:00", "regulatory_body": {"name": "Ministry of Health"}, "facility_type": {"name": "Dispensary"}, "plot_number": null, "operation_status": {"name": "Operational"}, "number_of_beds": 0}, {"code": 14957, "location_desc": "Off Namangas Past Kajiado", "official_name": "KMQ Dispensary", "owner": {"name": "Ministry of Health"}, "keph_level": {"name": "Level 2"}, "ward": {"code": 927}, "number_of_cots": 0, "town": {"name": "kajiado"}, "name": "Kmq Dispensary", "created": "2009-10-31T00:00:00+00:00", "regulatory_body": {"name": "Ministry of Health"}, "facility_type": {"name": "Dispensary"}, "plot_number": null, "operation_status": {"name": "Operational"}, "number_of_beds": 0}, {"code": 13910, "location_desc": null, "official_name": "Nyametembe Dispensary ", "owner": {"name": "Ministry of Health"}, "keph_level": {"name": "Level 2"}, "ward": {"code": 1297}, "number_of_cots": 0, "town": {"name": "ntimaru"}, "name": "Nyametembe Dispensary", "created": "2009-10-31T00:00:00+00:00", "regulatory_body": {"name": "Ministry of Health"}, "facility_type": {"name": "Dispensary"}, "plot_number": null, "operation_status": {"name": "Operational"}, "number_of_beds": 0}, {"code": 10166, "location_desc": "Embaringo Trading Centre along Watuka -Endarasha road", "official_name": "Embaringo Dispensary", "owner": {"name": "Ministry of Health"}, "keph_level": {"name": "Level 2"}, "ward": {"code": 473}, "number_of_cots": 0, "town": {"name": "gatarakwa"}, "name": "Embaringo Dispensary", "created": "2009-10-31T00:00:00+00:00", "regulatory_body": {"name": "Ministry of Health"}, "facility_type": {"name": "Dispensary"}, "plot_number": null, "operation_status": {"name": "Operational"}, "number_of_beds": 0}, {"code": 12741, "location_desc": null, "official_name": "Songa Health Centre", "owner": {"name": "Ministry of Health"}, "keph_level": {"name": "Level 3"}, "ward": {"code": 233}, "number_of_cots": 0, "town": {"name": "marsabit"}, "name": "Songa Health Centre", "created": "2009-10-31T00:00:00+00:00", "regulatory_body": {"name": "Ministry of Health"}, "facility_type": {"name": "Health Centre"}, "plot_number": null, "operation_status": {"name": "Operational"}, "number_of_beds": 0}, {"code": 16259, "location_desc": null, "official_name": "Okok Dispensary", "owner": {"name": "Ministry of Health"}, "keph_level": {"name": "Level 2"}, "ward": {"code": 1250}, "number_of_cots": 0, "town": {"name": "kobodo"}, "name": "Okok Dispensary", "created": "2009-10-31T00:00:00+00:00", "regulatory_body": {"name": "Ministry of Health"}, "facility_type": {"name": "Dispensary"}, "plot_number": " ", "operation_status": {"name": "Operational"}, "number_of_beds": 0}, {"code": 16258, "location_desc": null, "official_name": "Maram Dispensary", "owner": {"name": "Ministry of Health"}, "keph_level": {"name": "Level 2"}, "ward": {"code": 1248}, "number_of_cots": 0, "town": {"name": "maram"}, "name": "Maram Dispensary", "created": "2009-10-31T00:00:00+00:00", "regulatory_body": {"name": "Ministry of Health"}, "facility_type": {"name": "Dispensary"}, "plot_number": null, "operation_status": {"name": "Operational"}, "number_of_beds": 0}, {"code": 14015, "location_desc": null, "official_name": "Ponge Dispensary  ", "owner": {"name": "Ministry of Health"}, "keph_level": {"name": "Level 2"}, "ward": {"code": 1249}, "number_of_cots": 0, "town": {"name": "pala"}, "name": "Ponge Dispensary", "created": "2009-10-31T00:00:00+00:00", "regulatory_body": {"name": "Ministry of Health"}, "facility_type": {"name": "Dispensary"}, "plot_number": null, "operation_status": {"name": "Operational"}, "number_of_beds": 0}, {"code": 13979, "location_desc": null, "official_name": "Ombo Kachieng' Dispensary ", "owner": {"name": "Ministry of Health"}, "keph_level": {"name": "Level 2"}, "ward": {"code": 1248}, "number_of_cots": 0, "town": {"name": "pala"}, "name": "Ombo Kachieng' Dispensary", "created": "2009-10-31T00:00:00+00:00", "regulatory_body": {"name": "Ministry of Health"}, "facility_type": {"name": "Dispensary"}, "plot_number": " ", "operation_status": {"name": "Operational"}, "number_of_beds": 0}, {"code": 13952, "location_desc": null, "official_name": "Ober Kabuoch Dispensary ", "owner": {"name": "Ministry of Health"}, "keph_level": {"name": "Level 2"}, "ward": {"code": 1248}, "number_of_cots": 0, "town": {"name": "magina"}, "name": "Ober Kabuoch Dispensary", "created": "2009-10-31T00:00:00+00:00", "regulatory_body": {"name": "Ministry of Health"}, "facility_type": {"name": "Dispensary"}, "plot_number": null, "operation_status": {"name": "Operational"}, "number_of_beds": 0}, {"code": 13855, "location_desc": null, "official_name": "Nguku Dispensary ", "owner": {"name": "Ministry of Health"}, "keph_level": {"name": "Level 2"}, "ward": {"code": 1246}, "number_of_cots": 0, "town": {"name": "ndhiwa"}, "name": "Nguku Dispensary", "created": "2009-10-31T00:00:00+00:00", "regulatory_body": {"name": "Ministry of Health"}, "facility_type": {"name": "Dispensary"}, "plot_number": " ", "operation_status": {"name": "Operational"}, "number_of_beds": 0}, {"code": 13761, "location_desc": null, "official_name": "Malela Dispensary ", "owner": {"name": "Ministry of Health"}, "keph_level": {"name": "Level 2"}, "ward": {"code": 1250}, "number_of_cots": 0, "town": {"name": "hoama bay"}, "name": "Malela Dispensary", "created": "2009-10-31T00:00:00+00:00", "regulatory_body": {"name": "Ministry of Health"}, "facility_type": {"name": "Dispensary"}, "plot_number": null, "operation_status": {"name": "Operational"}, "number_of_beds": 5}, {"code": 13732, "location_desc": null, "official_name": "Lambwe Forest Dispensary ", "owner": {"name": "Ministry of Health"}, "keph_level": {"name": "Level 2"}, "ward": {"code": 1251}, "number_of_cots": 0, "town": {"name": "mirogi"}, "name": "Lambwe Forest Dispensary", "created": "2009-10-31T00:00:00+00:00", "regulatory_body": {"name": "Ministry of Health"}, "facility_type": {"name": "Dispensary"}, "plot_number": " ", "operation_status": {"name": "Operational"}, "number_of_beds": 0}, {"code": 13686, "location_desc": null, "official_name": "Kiasa Dispensary ", "owner": {"name": "Ministry of Health"}, "keph_level": {"name": "Level 2"}, "ward": {"code": 1245}, "number_of_cots": 0, "town": {"name": "ratanga"}, "name": "Kiasa Dispensary", "created": "2009-10-31T00:00:00+00:00", "regulatory_body": {"name": "Ministry of Health"}, "facility_type": {"name": "Dispensary"}, "plot_number": null, "operation_status": {"name": "Operational"}, "number_of_beds": 0}, {"code": 10435, "location_desc": null, "official_name": "Kaiyaba Dispensary", "owner": {"name": "Ministry of Health"}, "keph_level": {"name": "Level 2"}, "ward": {"code": 474}, "number_of_cots": 0, "town": {"name": "ngandu"}, "name": "Kaiyaba Dispensary", "created": "2009-10-31T00:00:00+00:00", "regulatory_body": {"name": "Ministry of Health"}, "facility_type": {"name": "Dispensary"}, "plot_number": null, "operation_status": {"name": "Operational"}, "number_of_beds": 0}, {"code": 16293, "location_desc": null, "official_name": "Lafey Nomadic Dispensary", "owner": {"name": "Ministry of Health"}, "keph_level": {"name": "Level 2"}, "ward": {"code": 218}, "number_of_cots": 0, "town": {"name": "mandera"}, "name": "Lafey Nomadic Dispensary", "created": "2009-10-31T00:00:00+00:00", "regulatory_body": {"name": "Ministry of Health"}, "facility_type": {"name": "Dispensary"}, "plot_number": null, "operation_status": {"name": "Operational"}, "number_of_beds": 0}, {"code": 13582, "location_desc": "Facility located in God Jope Market Centre", "official_name": "God Jope Dispensary ", "owner": {"name": "Ministry of Health"}, "keph_level": {"name": "Level 2"}, "ward": {"code": 1269}, "number_of_cots": 0, "town": {"name": "godjope"}, "name": "God Jope Dispensary", "created": "2009-10-31T00:00:00+00:00", "regulatory_body": {"name": "Ministry of Health"}, "facility_type": {"name": "Dispensary"}, "plot_number": "isolated", "operation_status": {"name": "Operational"}, "number_of_beds": 3}, {"code": 14441, "location_desc": "On Mashuru Road", "official_name": "Emaroro Dispensary", "owner": {"name": "Ministry of Health"}, "keph_level": {"name": "Level 2"}, "ward": {"code": 925}, "number_of_cots": 0, "town": {"name": "mashuuru"}, "name": "Emaroro Dispensary", "created": "2009-10-31T00:00:00+00:00", "regulatory_body": {"name": "Ministry of Health"}, "facility_type": {"name": "Dispensary"}, "plot_number": null, "operation_status": {"name": "Operational"}, "number_of_beds": 0}, {"code": 15737, "location_desc": null, "official_name": "Torosei Dispensary", "owner": {"name": "Ministry of Health"}, "keph_level": {"name": "Level 2"}, "ward": {"code": 927}, "number_of_cots": 0, "town": {"name": "bisil"}, "name": "Torosei Dispensary", "created": "2009-10-31T00:00:00+00:00", "regulatory_body": {"name": "Ministry of Health"}, "facility_type": {"name": "Dispensary"}, "plot_number": " ", "operation_status": {"name": "Operational"}, "number_of_beds": 0}, {"code": 15182, "location_desc": null, "official_name": "Meto Dispensary", "owner": {"name": "Ministry of Health"}, "keph_level": {"name": "Level 2"}, "ward": {"code": 920}, "number_of_cots": 0, "town": {"name": "namanga"}, "name": "Meto Dispensary", "created": "2009-10-31T00:00:00+00:00", "regulatory_body": {"name": "Ministry of Health"}, "facility_type": {"name": "Dispensary"}, "plot_number": null, "operation_status": {"name": "Operational"}, "number_of_beds": 0}, {"code": 15418, "location_desc": "Shompole Road", "official_name": "Oloika Dispensary", "owner": {"name": "Ministry of Health"}, "keph_level": {"name": "Level 2"}, "ward": {"code": 928}, "number_of_cots": 0, "town": {"name": "magadi"}, "name": "Oloika Dispensary", "created": "2009-10-31T00:00:00+00:00", "regulatory_body": {"name": "Ministry of Health"}, "facility_type": {"name": "Dispensary"}, "plot_number": null, "operation_status": {"name": "Operational"}, "number_of_beds": 0}, {"code": 11456, "location_desc": "Near River Tana", "official_name": "Kau Dispensary", "owner": {"name": "Ministry of Health"}, "keph_level": {"name": "Level 2"}, "ward": {"code": 86}, "number_of_cots": 0, "town": {"name": "kipini"}, "name": "Kau Dispensary", "created": "2009-10-31T00:00:00+00:00", "regulatory_body": {"name": "Ministry of Health"}, "facility_type": {"name": "Dispensary"}, "plot_number": null, "operation_status": {"name": "Operational"}, "number_of_beds": 0}, {"code": 11831, "location_desc": null, "official_name": "State House Dispensary (Mombasa)", "owner": {"name": "Ministry of Health"}, "keph_level": {"name": "Level 2"}, "ward": {"code": 26}, "number_of_cots": 0, "town": {"name": "mombasa"}, "name": "State House Dispensary (Mombasa)", "created": "2009-10-31T00:00:00+00:00", "regulatory_body": {"name": "Ministry of Health"}, "facility_type": {"name": "Dispensary"}, "plot_number": " ", "operation_status": {"name": "Operational"}, "number_of_beds": 0}, {"code": 15109, "location_desc": null, "official_name": "Mailwa Dispensary", "owner": {"name": "Ministry of Health"}, "keph_level": {"name": "Level 2"}, "ward": {"code": 920}, "number_of_cots": 0, "town": {"name": "ngatataek"}, "name": "Mailwa Dispensary", "created": "2009-10-31T00:00:00+00:00", "regulatory_body": {"name": "Ministry of Health"}, "facility_type": {"name": "Dispensary"}, "plot_number": null, "operation_status": {"name": "Operational"}, "number_of_beds": 0}, {"code": 11854, "location_desc": "Along the new Mombasa - Malindi highway situated after PETRO Filling station and before the childrens court and Tom Mboya Cerebral Palsy Centre", "official_name": "Tononoka Administration Police Dispensary & VCT", "owner": {"name": "Other Public Institution"}, "keph_level": {"name": "Level 2"}, "ward": {"code": 28}, "number_of_cots": 0, "town": {"name": "mombasa"}, "name": "Tononoka Administration Police Dispensary & VCT", "created": "2009-10-31T00:00:00+00:00", "regulatory_body": {"name": "Ministry of Health"}, "facility_type": {"name": "Dispensary"}, "plot_number": null, "operation_status": {"name": "Operational"}, "number_of_beds": 0}, {"code": 13288, "location_desc": null, "official_name": "Amuma Dispensary", "owner": {"name": "Ministry of Health"}, "keph_level": {"name": "Level 2"}, "ward": {"code": 155}, "number_of_cots": 0, "town": {"name": "amuma"}, "name": "Amuma Dispensary", "created": "2009-10-31T00:00:00+00:00", "regulatory_body": {"name": "Ministry of Health"}, "facility_type": {"name": "Dispensary"}, "plot_number": null, "operation_status": {"name": "Operational"}, "number_of_beds": 0}, {"code": 13955, "location_desc": "Ahero-Sondu-Nyabondo -Oboch,facility is situated about  7.5Kms from Sondu market", "official_name": "Oboch Dispensary ", "owner": {"name": "Ministry of Health"}, "keph_level": {"name": "Level 2"}, "ward": {"code": 1216}, "number_of_cots": 0, "town": {"name": "oboch"}, "name": "Oboch Dispensary", "created": "2009-10-31T00:00:00+00:00", "regulatory_body": {"name": "Ministry of Health"}, "facility_type": {"name": "Dispensary"}, "plot_number": null, "operation_status": {"name": "Operational"}, "number_of_beds": 0}, {"code": 16393, "location_desc": null, "official_name": "Tulwet Dispensary (Kuresoi)", "owner": {"name": "Ministry of Health"}, "keph_level": {"name": "Level 2"}, "ward": {"code": 853}, "number_of_cots": 0, "town": {"name": "kuresoi"}, "name": "Tulwet Dispensary (Kuresoi)", "created": "2009-10-31T00:00:00+00:00", "regulatory_body": {"name": "Ministry of Health"}, "facility_type": {"name": "Dispensary"}, "plot_number": null, "operation_status": {"name": "Operational"}, "number_of_beds": 0}, {"code": 10584, "location_desc": null, "official_name": "Kigetuini Dispensary", "owner": {"name": "Ministry of Health"}, "keph_level": {"name": "Level 2"}, "ward": {"code": 527}, "number_of_cots": 0, "town": {"name": "kigetuini"}, "name": "Kigetuini Dispensary", "created": "2009-10-31T00:00:00+00:00", "regulatory_body": {"name": "Ministry of Health"}, "facility_type": {"name": "Dispensary"}, "plot_number": null, "operation_status": {"name": "Operational"}, "number_of_beds": 0}, {"code": 11658, "location_desc": "Near Msulwa Primary School", "official_name": "Msulwa Dispensary", "owner": {"name": "Ministry of Health"}, "keph_level": {"name": "Level 2"}, "ward": {"code": 39}, "number_of_cots": 0, "town": {"name": "kwale"}, "name": "Msulwa Dispensary", "created": "2009-10-31T00:00:00+00:00", "regulatory_body": {"name": "Ministry of Health"}, "facility_type": {"name": "Dispensary"}, "plot_number": null, "operation_status": {"name": "Operational"}, "number_of_beds": 0}, {"code": 12482, "location_desc": null, "official_name": "Mathima Dispensary", "owner": {"name": "Ministry of Health"}, "keph_level": {"name": "Level 2"}, "ward": {"code": 406}, "number_of_cots": 0, "town": {"name": "mwala"}, "name": "Mathima Dispensary", "created": "2009-10-31T00:00:00+00:00", "regulatory_body": {"name": "Ministry of Health"}, "facility_type": {"name": "Dispensary"}, "plot_number": " ", "operation_status": {"name": "Pending Opening"}, "number_of_beds": 0}, {"code": 16649, "location_desc": null, "official_name": "Ikalaasa Dispensary", "owner": {"name": "Ministry of Health"}, "keph_level": {"name": "Level 2"}, "ward": {"code": 410}, "number_of_cots": 0, "town": {"name": "masii"}, "name": "Ikalaasa Dispensary", "created": "2009-10-31T00:00:00+00:00", "regulatory_body": {"name": "Ministry of Health"}, "facility_type": {"name": "Dispensary"}, "plot_number": null, "operation_status": {"name": "Pending Opening"}, "number_of_beds": 0}, {"code": 16652, "location_desc": null, "official_name": "Yathui Dispensary", "owner": {"name": "Ministry of Health"}, "keph_level": {"name": "Level 2"}, "ward": {"code": 409}, "number_of_cots": 0, "town": {"name": "masii"}, "name": "Yathui Dispensary", "created": "2009-10-31T00:00:00+00:00", "regulatory_body": {"name": "Ministry of Health"}, "facility_type": {"name": "Dispensary"}, "plot_number": null, "operation_status": {"name": "Pending Opening"}, "number_of_beds": 0}, {"code": 12694, "location_desc": null, "official_name": "Nzoila Dispensary", "owner": {"name": "Ministry of Health"}, "keph_level": {"name": "Level 2"}, "ward": {"code": 438}, "number_of_cots": 0, "town": {"name": "kambu"}, "name": "Nzoila Dispensary", "created": "2009-10-31T00:00:00+00:00", "regulatory_body": {"name": "Ministry of Health"}, "facility_type": {"name": "Dispensary"}, "plot_number": null, "operation_status": {"name": "Operational"}, "number_of_beds": 0}, {"code": 16768, "location_desc": null, "official_name": "Amoyo Dispensary", "owner": {"name": "Ministry of Health"}, "keph_level": {"name": "Level 2"}, "ward": {"code": 1246}, "number_of_cots": 0, "town": {"name": "riat"}, "name": "Amoyo Dispensary", "created": "2009-10-31T00:00:00+00:00", "regulatory_body": {"name": "Ministry of Health"}, "facility_type": {"name": "Dispensary"}, "plot_number": null, "operation_status": {"name": "Operational"}, "number_of_beds": 0}, {"code": 12281, "location_desc": "At Kiaoni Market, Along Kalimani - Kitui Road, 28 km from Kibwezi Town", "official_name": "Kiaoni Dispensary", "owner": {"name": "Ministry of Health"}, "keph_level": {"name": "Level 2"}, "ward": {"code": 433}, "number_of_cots": 0, "town": {"name": "athi kiaoni"}, "name": "Kiaoni Dispensary (Kibwezi)", "created": "2009-10-31T00:00:00+00:00", "regulatory_body": {"name": "Ministry of Health"}, "facility_type": {"name": "Dispensary"}, "plot_number": null, "operation_status": {"name": "Operational"}, "number_of_beds": 0}, {"code": 15897, "location_desc": null, "official_name": "Igara Dispensary", "owner": {"name": "Ministry of Health"}, "keph_level": {"name": "Level 2"}, "ward": {"code": 1134}, "number_of_cots": 0, "town": {"name": "nambale"}, "name": "Igara Dispensary", "created": "2009-10-31T00:00:00+00:00", "regulatory_body": {"name": "Ministry of Health"}, "facility_type": {"name": "Dispensary"}, "plot_number": null, "operation_status": {"name": "Operational"}, "number_of_beds": 0}, {"code": 16770, "location_desc": null, "official_name": "Lwanda Awiti Dispensary", "owner": {"name": "Ministry of Health"}, "keph_level": {"name": "Level 2"}, "ward": {"code": 1245}, "number_of_cots": 0, "town": {"name": " "}, "name": "Lwanda Awiti Dispensary", "created": "2009-10-31T00:00:00+00:00", "regulatory_body": {"name": "Ministry of Health"}, "facility_type": {"name": "Dispensary"}, "plot_number": " ", "operation_status": {"name": "Pending Opening"}, "number_of_beds": 0}, {"code": 14565, "location_desc": "Off Mombasa slightly past masimba town on the right", "official_name": "Ilkilinyet Dispensary", "owner": {"name": "Ministry of Health"}, "keph_level": {"name": "Level 2"}, "ward": {"code": 924}, "number_of_cots": 0, "town": {"name": "masimba"}, "name": "Ilkilinyet Dispensary", "created": "2009-10-31T00:00:00+00:00", "regulatory_body": {"name": "Ministry of Health"}, "facility_type": {"name": "Dispensary"}, "plot_number": null, "operation_status": {"name": "Operational"}, "number_of_beds": 0}, {"code": 16765, "location_desc": null, "official_name": "Kijawa Dispensary", "owner": {"name": "Ministry of Health"}, "keph_level": {"name": "Level 2"}, "ward": {"code": 1243}, "number_of_cots": 0, "town": {"name": "rodi kopany"}, "name": "Kijawa Dispensary", "created": "2009-10-31T00:00:00+00:00", "regulatory_body": {"name": "Ministry of Health"}, "facility_type": {"name": "Dispensary"}, "plot_number": null, "operation_status": {"name": "Operational"}, "number_of_beds": 0}, {"code": 11789, "location_desc": "Near Shimoni Fisheries Office", "official_name": "Shimoni Dispensary", "owner": {"name": "Ministry of Health"}, "keph_level": {"name": "Level 2"}, "ward": {"code": 35}, "number_of_cots": 0, "town": {"name": "msambweni"}, "name": "Shimoni Dispensary", "created": "2009-10-31T00:00:00+00:00", "regulatory_body": {"name": "Ministry of Health"}, "facility_type": {"name": "Dispensary"}, "plot_number": null, "operation_status": {"name": "Operational"}, "number_of_beds": 0}, {"code": 10776, "location_desc": null, "official_name": "Munyu-ini Dispensary", "owner": {"name": "Ministry of Health"}, "keph_level": {"name": "Level 2"}, "ward": {"code": 553}, "number_of_cots": 0, "town": {"name": "gatundutown"}, "name": "Munyu-Ini Dispensary", "created": "2009-10-31T00:00:00+00:00", "regulatory_body": {"name": "Ministry of Health"}, "facility_type": {"name": "Dispensary"}, "plot_number": null, "operation_status": {"name": "Operational"}, "number_of_beds": 0}, {"code": 16767, "location_desc": null, "official_name": "Oridi Dispensary", "owner": {"name": "Ministry of Health"}, "keph_level": {"name": "Level 2"}, "ward": {"code": 1247}, "number_of_cots": 0, "town": {"name": "rapedhi"}, "name": "Oridi Dispensary", "created": "2009-10-31T00:00:00+00:00", "regulatory_body": {"name": "Ministry of Health"}, "facility_type": {"name": "Dispensary"}, "plot_number": " ", "operation_status": {"name": "Pending Opening"}, "number_of_beds": 0}, {"code": 15395, "location_desc": "Off Magaadi Olkiramatian Road", "official_name": "Oldorko Dispensary", "owner": {"name": "Ministry of Health"}, "keph_level": {"name": "Level 2"}, "ward": {"code": 928}, "number_of_cots": 0, "town": {"name": "magadi"}, "name": "Oldorko Dispensary", "created": "2009-10-31T00:00:00+00:00", "regulatory_body": {"name": "Ministry of Health"}, "facility_type": {"name": "Dispensary"}, "plot_number": null, "operation_status": {"name": "Operational"}, "number_of_beds": 0}, {"code": 16285, "location_desc": null, "official_name": "Bultohama Dispensary", "owner": {"name": "Ministry of Health"}, "keph_level": {"name": "Level 2"}, "ward": {"code": 159}, "number_of_cots": 0, "town": {"name": "ijara town"}, "name": "Bultohama Dispensary", "created": "2009-10-31T00:00:00+00:00", "regulatory_body": {"name": "Ministry of Health"}, "facility_type": {"name": "Dispensary"}, "plot_number": null, "operation_status": {"name": "Operational"}, "number_of_beds": 0}, {"code": 13988, "location_desc": null, "official_name": "Ongito Dispensary ", "owner": {"name": "Ministry of Health"}, "keph_level": {"name": "Level 2"}, "ward": {"code": 1285}, "number_of_cots": 0, "town": {"name": "thim lich"}, "name": "Ongito Dispensary", "created": "2009-10-31T00:00:00+00:00", "regulatory_body": {"name": "Ministry of Health"}, "facility_type": {"name": "Dispensary"}, "plot_number": null, "operation_status": {"name": "Operational"}, "number_of_beds": 0}, {"code": 11617, "location_desc": null, "official_name": "Mirapera Dispensary", "owner": {"name": "Ministry of Health"}, "keph_level": {"name": "Level 2"}, "ward": {"code": 72}, "number_of_cots": 0, "town": {"name": "bamba"}, "name": "Mirapera Dispensary", "created": "2009-10-31T00:00:00+00:00", "regulatory_body": {"name": "Ministry of Health"}, "facility_type": {"name": "Dispensary"}, "plot_number": " ", "operation_status": {"name": "Pending Opening"}, "number_of_beds": 0}, {"code": 11802, "location_desc": "On Ganze-Vitengeni Road at Misufini shopping centre", "official_name": "Sokoke Dispensary", "owner": {"name": "Ministry of Health"}, "keph_level": {"name": "Level 2"}, "ward": {"code": 71}, "number_of_cots": 0, "town": {"name": "vitenegeni"}, "name": "Sokoke Dispensary", "created": "2009-10-31T00:00:00+00:00", "regulatory_body": {"name": "Ministry of Health"}, "facility_type": {"name": "Dispensary"}, "plot_number": null, "operation_status": {"name": "Operational"}, "number_of_beds": 0}, {"code": 10379, "location_desc": "Situated in Githure town", "official_name": "Joshua Mbai Memorial Dispensary", "owner": {"name": "Ministry of Health"}, "keph_level": {"name": "Level 2"}, "ward": {"code": 507}, "number_of_cots": 0, "town": {"name": "githure"}, "name": "Joshua Memorial Mbai Dispensary", "created": "2009-10-31T00:00:00+00:00", "regulatory_body": {"name": "Ministry of Health"}, "facility_type": {"name": "Dispensary"}, "plot_number": null, "operation_status": {"name": "Operational"}, "number_of_beds": 0}, {"code": 13908, "location_desc": null, "official_name": "Nyamemiso Dispensary ", "owner": {"name": "Ministry of Health"}, "keph_level": {"name": "Level 2"}, "ward": {"code": 1331}, "number_of_cots": 0, "town": {"name": "nyamemiso"}, "name": "Nyamemiso Dispensary", "created": "2009-10-31T00:00:00+00:00", "regulatory_body": {"name": "Ministry of Health"}, "facility_type": {"name": "Dispensary"}, "plot_number": null, "operation_status": {"name": "Operational"}, "number_of_beds": 0}, {"code": 11728, "location_desc": "Near River Tana", "official_name": "Ozi Dispensary", "owner": {"name": "Ministry of Health"}, "keph_level": {"name": "Level 2"}, "ward": {"code": 86}, "number_of_cots": 0, "town": {"name": "kipini"}, "name": "Ozi Dispensary", "created": "2009-10-31T00:00:00+00:00", "regulatory_body": {"name": "Ministry of Health"}, "facility_type": {"name": "Dispensary"}, "plot_number": null, "operation_status": {"name": "Operational"}, "number_of_beds": 0}, {"code": 15403, "location_desc": "Narok Road", "official_name": "Olgumi Dispensary", "owner": {"name": "Ministry of Health"}, "keph_level": {"name": "Level 2"}, "ward": {"code": 929}, "number_of_cots": 0, "town": {"name": "ngong"}, "name": "Olgumi Dispensary", "created": "2009-10-31T00:00:00+00:00", "regulatory_body": {"name": "Ministry of Health"}, "facility_type": {"name": "Dispensary"}, "plot_number": null, "operation_status": {"name": "Operational"}, "number_of_beds": 0}, {"code": 13426, "location_desc": null, "official_name": "Ruqa Dispensary", "owner": {"name": "Ministry of Health"}, "keph_level": {"name": "Level 2"}, "ward": {"code": 159}, "number_of_cots": 0, "town": {"name": "masalani town"}, "name": "Ruqa Dispensary", "created": "2009-10-31T00:00:00+00:00", "regulatory_body": {"name": "Ministry of Health"}, "facility_type": {"name": "Dispensary"}, "plot_number": null, "operation_status": {"name": "Operational"}, "number_of_beds": 0}, {"code": 14222, "location_desc": "Bagaria Centre ", "official_name": "Bagaria Dispensary", "owner": {"name": "Ministry of Health"}, "keph_level": {"name": "Level 2"}, "ward": {"code": 832}, "number_of_cots": 0, "town": {"name": "bagaria"}, "name": "Bagaria Dispensary", "created": "2009-10-31T00:00:00+00:00", "regulatory_body": {"name": "Ministry of Health"}, "facility_type": {"name": "Dispensary"}, "plot_number": "zone 4(6)", "operation_status": {"name": "Operational"}, "number_of_beds": 0}, {"code": 15582, "location_desc": null, "official_name": "Singiraine Dispesary", "owner": {"name": "Ministry of Health"}, "keph_level": {"name": "Level 2"}, "ward": {"code": 927}, "number_of_cots": 0, "town": {"name": "mile 46"}, "name": "Singiraine Dispensary", "created": "2009-10-31T00:00:00+00:00", "regulatory_body": {"name": "Ministry of Health"}, "facility_type": {"name": "Dispensary"}, "plot_number": null, "operation_status": {"name": "Operational"}, "number_of_beds": 0}, {"code": 15419, "location_desc": null, "official_name": "Oloiyangalani Dispensary", "owner": {"name": "Ministry of Health"}, "keph_level": {"name": "Level 2"}, "ward": {"code": 917}, "number_of_cots": 0, "town": {"name": "kajiado"}, "name": "Oloiyangalani Dispensary", "created": "2009-10-31T00:00:00+00:00", "regulatory_body": {"name": "Ministry of Health"}, "facility_type": {"name": "Dispensary"}, "plot_number": " ", "operation_status": {"name": "Operational"}, "number_of_beds": 0}, {"code": 14556, "location_desc": "Off Magadi Road", "official_name": "Icross Dispensary", "owner": {"name": "Ministry of Health"}, "keph_level": {"name": "Level 2"}, "ward": {"code": 926}, "number_of_cots": 0, "town": {"name": "kiserian"}, "name": "Icross Dispensary", "created": "2009-10-31T00:00:00+00:00", "regulatory_body": {"name": "Ministry of Health"}, "facility_type": {"name": "Dispensary"}, "plot_number": null, "operation_status": {"name": "Operational"}, "number_of_beds": 0}, {"code": 15046, "location_desc": "Magadi Road", "official_name": "Loodoariak Dispensary", "owner": {"name": "Ministry of Health"}, "keph_level": {"name": "Level 2"}, "ward": {"code": 926}, "number_of_cots": 0, "town": {"name": "kiserian"}, "name": "Loodoariak Dispensary", "created": "2009-10-31T00:00:00+00:00", "regulatory_body": {"name": "Ministry of Health"}, "facility_type": {"name": "Dispensary"}, "plot_number": null, "operation_status": {"name": "Operational"}, "number_of_beds": 0}, {"code": 16789, "location_desc": null, "official_name": "Rambula Dispensary", "owner": {"name": "Ministry of Health"}, "keph_level": {"name": "Level 2"}, "ward": {"code": 1162}, "number_of_cots": 0, "town": {"name": "rambula market"}, "name": "Rambula Dispensary", "created": "2009-10-31T00:00:00+00:00", "regulatory_body": {"name": "Ministry of Health"}, "facility_type": {"name": "Dispensary"}, "plot_number": null, "operation_status": {"name": "Operational"}, "number_of_beds": 0}, {"code": 11618, "location_desc": "along Bamba Vitengeni road near Mirihini Primary School", "official_name": "Mirihini Dispensary", "owner": {"name": "Ministry of Health"}, "keph_level": {"name": "Level 2"}, "ward": {"code": 71}, "number_of_cots": 0, "town": {"name": "bamba"}, "name": "Mirihini Dispensary", "created": "2009-10-31T00:00:00+00:00", "regulatory_body": {"name": "Ministry of Health"}, "facility_type": {"name": "Dispensary"}, "plot_number": "n/a", "operation_status": {"name": "Operational"}, "number_of_beds": 0}, {"code": 11483, "location_desc": "Near Kipao Primary School", "official_name": "Kipao Dispensary", "owner": {"name": "Ministry of Health"}, "keph_level": {"name": "Level 2"}, "ward": {"code": 89}, "number_of_cots": 0, "town": {"name": "tarasaa"}, "name": "Kipao Dispensary", "created": "2009-10-31T00:00:00+00:00", "regulatory_body": {"name": "Ministry of Health"}, "facility_type": {"name": "Dispensary"}, "plot_number": null, "operation_status": {"name": "Operational"}, "number_of_beds": 3}, {"code": 12097, "location_desc": "Along Chuka Meru road near Kionyo market", "official_name": "Ithimbari Dispensary", "owner": {"name": "Ministry of Health"}, "keph_level": {"name": "Level 2"}, "ward": {"code": 294}, "number_of_cots": 0, "town": {"name": "kionyo mkt"}, "name": "Ithimbari Dispensary", "created": "2009-10-31T00:00:00+00:00", "regulatory_body": {"name": "Ministry of Health"}, "facility_type": {"name": "Dispensary"}, "plot_number": null, "operation_status": {"name": "Operational"}, "number_of_beds": 0}, {"code": 14087, "location_desc": null, "official_name": "Sikalame Dispensary ", "owner": {"name": "Ministry of Health"}, "keph_level": {"name": "Level 2"}, "ward": {"code": 1160}, "number_of_cots": 0, "town": {"name": "sigomere market"}, "name": "Sikalame Dispensary", "created": "2009-10-31T00:00:00+00:00", "regulatory_body": {"name": "Ministry of Health"}, "facility_type": {"name": "Dispensary"}, "plot_number": null, "operation_status": {"name": "Operational"}, "number_of_beds": 0}, {"code": 11493, "location_desc": null, "official_name": "Kiwandani Dispensary", "owner": {"name": "Ministry of Health"}, "keph_level": {"name": "Level 2"}, "ward": {"code": 51}, "number_of_cots": 0, "town": {"name": "kilifi"}, "name": "Kiwandani Dispensary", "created": "2009-10-31T00:00:00+00:00", "regulatory_body": {"name": "Ministry of Health"}, "facility_type": {"name": "Dispensary"}, "plot_number": " ", "operation_status": {"name": "Pending Opening"}, "number_of_beds": 0}, {"code": 11666, "location_desc": "On Mombasa-Kilifi highway,branch off after KARI;Next to Mtepeni Primary School.", "official_name": "Mtepeni Dispensary", "owner": {"name": "Ministry of Health"}, "keph_level": {"name": "Level 2"}, "ward": {"code": 62}, "number_of_cots": 0, "town": {"name": "mtwapa"}, "name": "Mtepeni Dispensary", "created": "2009-10-31T00:00:00+00:00", "regulatory_body": {"name": "Ministry of Health"}, "facility_type": {"name": "Dispensary"}, "plot_number": null, "operation_status": {"name": "Operational"}, "number_of_beds": 0}, {"code": 13495, "location_desc": null, "official_name": "Bar Achuth Dispensary ", "owner": {"name": "Ministry of Health"}, "keph_level": {"name": "Level 2"}, "ward": {"code": 1156}, "number_of_cots": 0, "town": {"name": "ligingo"}, "name": "Bar Achuth Dispensary", "created": "2009-10-31T00:00:00+00:00", "regulatory_body": {"name": "Ministry of Health"}, "facility_type": {"name": "Dispensary"}, "plot_number": null, "operation_status": {"name": "Operational"}, "number_of_beds": 4}, {"code": 13496, "location_desc": null, "official_name": "Bar Agulu Dispensary ", "owner": {"name": "Ministry of Health"}, "keph_level": {"name": "Level 2"}, "ward": {"code": 1168}, "number_of_cots": 0, "town": {"name": "bar agulu market"}, "name": "Bar Agulu Dispensary", "created": "2009-10-31T00:00:00+00:00", "regulatory_body": {"name": "Ministry of Health"}, "facility_type": {"name": "Dispensary"}, "plot_number": null, "operation_status": {"name": "Operational"}, "number_of_beds": 0}, {"code": 13634, "location_desc": null, "official_name": "Jera Dispensary ", "owner": {"name": "Ministry of Health"}, "keph_level": {"name": "Level 2"}, "ward": {"code": 1158}, "number_of_cots": 0, "town": {"name": "jera market"}, "name": "Jera Dispensary", "created": "2009-10-31T00:00:00+00:00", "regulatory_body": {"name": "Ministry of Health"}, "facility_type": {"name": "Dispensary"}, "plot_number": null, "operation_status": {"name": "Operational"}, "number_of_beds": 4}, {"code": 15434, "location_desc": "Off Magadi Road", "official_name": "Oltepesi Dispensary", "owner": {"name": "Ministry of Health"}, "keph_level": {"name": "Level 2"}, "ward": {"code": 926}, "number_of_cots": 0, "town": {"name": "kiserian"}, "name": "Oltepesi Dispensary", "created": "2009-10-31T00:00:00+00:00", "regulatory_body": {"name": "Ministry of Health"}, "facility_type": {"name": "Dispensary"}, "plot_number": null, "operation_status": {"name": "Operational"}, "number_of_beds": 0}, {"code": 13799, "location_desc": null, "official_name": "Uluthe  Dispensary ", "owner": {"name": "Ministry of Health"}, "keph_level": {"name": "Level 2"}, "ward": {"code": 1159}, "number_of_cots": 0, "town": {"name": "masiro market"}, "name": "Uluthe Dispensary", "created": "2009-10-31T00:00:00+00:00", "regulatory_body": {"name": "Ministry of Health"}, "facility_type": {"name": "Dispensary"}, "plot_number": null, "operation_status": {"name": "Operational"}, "number_of_beds": 0}, {"code": 13930, "location_desc": null, "official_name": "Nyangu Dispensary ", "owner": {"name": "Ministry of Health"}, "keph_level": {"name": "Level 2"}, "ward": {"code": 1156}, "number_of_cots": 0, "town": {"name": "ukwala shopping centre"}, "name": "Nyangu Dispensary", "created": "2009-10-31T00:00:00+00:00", "regulatory_body": {"name": "Ministry of Health"}, "facility_type": {"name": "Dispensary"}, "plot_number": " ", "operation_status": {"name": "Operational"}, "number_of_beds": 0}, {"code": 14071, "location_desc": null, "official_name": "Sega Cottage Hospital", "owner": {"name": "Ministry of Health"}, "keph_level": {"name": "Level 2"}, "ward": {"code": 1158}, "number_of_cots": 0, "town": {"name": "sega township"}, "name": "Sega Cottage Hospital", "created": "2009-10-31T00:00:00+00:00", "regulatory_body": {"name": "Ministry of Health"}, "facility_type": {"name": "Dispensary"}, "plot_number": " ", "operation_status": {"name": "Operational"}, "number_of_beds": 0}, {"code": 12311, "location_desc": null, "official_name": "Kilembwa Dispensary", "owner": {"name": "Ministry of Health"}, "keph_level": {"name": "Level 2"}, "ward": {"code": 409}, "number_of_cots": 0, "town": {"name": "wamunyu"}, "name": "Kilembwa Dispensary", "created": "2009-10-31T00:00:00+00:00", "regulatory_body": {"name": "Ministry of Health"}, "facility_type": {"name": "Dispensary"}, "plot_number": " ", "operation_status": {"name": "Pending Opening"}, "number_of_beds": 0}, {"code": 16784, "location_desc": "Next to Barndege Primary  School", "official_name": "Bar Ndege Dispensary", "owner": {"name": "Ministry of Health"}, "keph_level": {"name": "Level 2"}, "ward": {"code": 1184}, "number_of_cots": 0, "town": {"name": "kanyumba market"}, "name": "Bar Ndege Dispensary", "created": "2009-10-31T00:00:00+00:00", "regulatory_body": {"name": "Ministry of Health"}, "facility_type": {"name": "Dispensary"}, "plot_number": null, "operation_status": {"name": "Operational"}, "number_of_beds": 4}, {"code": 16189, "location_desc": "Mombasa - Nairobi RD Past Mariakani Weigh bridge next to Shangia Market", "official_name": "Shangia Dispensary", "owner": {"name": "Ministry of Health"}, "keph_level": {"name": "Level 2"}, "ward": {"code": 63}, "number_of_cots": 0, "town": {"name": "shangia"}, "name": "Shangia Dispensary", "created": "2009-10-31T00:00:00+00:00", "regulatory_body": {"name": "Ministry of Health"}, "facility_type": {"name": "Dispensary"}, "plot_number": null, "operation_status": {"name": "Operational"}, "number_of_beds": 0}, {"code": 14448, "location_desc": "Off Namanga Road at Bissil Health Centre", "official_name": "Emotoroki Dispensary", "owner": {"name": "Ministry of Health"}, "keph_level": {"name": "Level 2"}, "ward": {"code": 919}, "number_of_cots": 0, "town": {"name": "kajiado"}, "name": "Emotoroki Dispensary", "created": "2009-10-31T00:00:00+00:00", "regulatory_body": {"name": "Ministry of Health"}, "facility_type": {"name": "Dispensary"}, "plot_number": null, "operation_status": {"name": "Operational"}, "number_of_beds": 0}, {"code": 11609, "location_desc": "In Midoina shopping centre near to midoina primary school", "official_name": "Midoina Dispensary", "owner": {"name": "Ministry of Health"}, "keph_level": {"name": "Level 2"}, "ward": {"code": 72}, "number_of_cots": 0, "town": {"name": "bamba"}, "name": "Midoina Dispensary", "created": "2009-10-31T00:00:00+00:00", "regulatory_body": {"name": "Ministry of Health"}, "facility_type": {"name": "Dispensary"}, "plot_number": null, "operation_status": {"name": "Operational"}, "number_of_beds": 0}, {"code": 16769, "location_desc": null, "official_name": "Kadhola Dispensary", "owner": {"name": "Ministry of Health"}, "keph_level": {"name": "Level 2"}, "ward": {"code": 1245}, "number_of_cots": 0, "town": {"name": " "}, "name": "Kadhola Dispensary", "created": "2009-10-31T00:00:00+00:00", "regulatory_body": {"name": "Ministry of Health"}, "facility_type": {"name": "Dispensary"}, "plot_number": " ", "operation_status": {"name": "Pending Opening"}, "number_of_beds": 0}, {"code": 15429, "location_desc": null, "official_name": "Olosho-Oibor Dispensary", "owner": {"name": "Ministry of Health"}, "keph_level": {"name": "Level 2"}, "ward": {"code": 929}, "number_of_cots": 0, "town": {"name": "ngong"}, "name": "Olosho-Oibor Dispensary", "created": "2009-10-31T00:00:00+00:00", "regulatory_body": {"name": "Ministry of Health"}, "facility_type": {"name": "Dispensary"}, "plot_number": null, "operation_status": {"name": "Operational"}, "number_of_beds": 0}, {"code": 12178, "location_desc": null, "official_name": "Kaningo Health Center", "owner": {"name": "Ministry of Health"}, "keph_level": {"name": "Level 3"}, "ward": {"code": 334}, "number_of_cots": 0, "town": {"name": "kaningo"}, "name": "Kaningo Health Centre", "created": "2009-10-31T00:00:00+00:00", "regulatory_body": {"name": "Ministry of Health"}, "facility_type": {"name": "Health Centre"}, "plot_number": null, "operation_status": {"name": "Operational"}, "number_of_beds": 3}, {"code": 16785, "location_desc": "Yala - Anyiko road, 5 kms after Yala Sub District Hospital", "official_name": "Bar-Sauri Dispensry", "owner": {"name": "Ministry of Health"}, "keph_level": {"name": "Level 2"}, "ward": {"code": 1172}, "number_of_cots": 0, "town": {"name": "sauri school"}, "name": "Bar-Sauri Dispensry", "created": "2009-10-31T00:00:00+00:00", "regulatory_body": {"name": "Ministry of Health"}, "facility_type": {"name": "Health Centre"}, "plot_number": null, "operation_status": {"name": "Operational"}, "number_of_beds": 0}, {"code": 14084, "location_desc": null, "official_name": "Sifuyo Dispensary ", "owner": {"name": "Ministry of Health"}, "keph_level": {"name": "Level 2"}, "ward": {"code": 1156}, "number_of_cots": 0, "town": {"name": "sifuyo shopping centre"}, "name": "Sifuyo Dispensary", "created": "2009-10-31T00:00:00+00:00", "regulatory_body": {"name": "Ministry of Health"}, "facility_type": {"name": "Dispensary"}, "plot_number": " ", "operation_status": {"name": "Operational"}, "number_of_beds": 0}], "model": "facilities.Facility", "unique_fields": ["code"]}]