[{"records": [{"code": 19983, "location_desc": "The facility is new and is located within Keroka Town", "official_name": "Hylax l Clinic (Masaba North)", "owner": {"name": "Private Practice - Nurse / Midwife"}, "keph_level": {"name": "Level 2"}, "ward": {"code": 1363}, "number_of_cots": 2, "town": {"name": "keroka"}, "name": "Hylax Clinic (Masaba North)", "created": "2013-07-10T21:57:41.723000+00:00", "regulatory_body": {"name": "Nursing Council of Kenya (Private Practice)"}, "facility_type": {"name": "Medical Clinic"}, "plot_number": null, "operation_status": {"name": "Operational"}, "number_of_beds": 12}, {"code": 19984, "location_desc": "Near Egetuki Mkt", "official_name": "Egetuki  GOK Dispensary", "owner": {"name": "Ministry of Health"}, "keph_level": {"name": "Level 2"}, "ward": {"code": 1321}, "number_of_cots": 2, "town": {"name": "egetuki mkt"}, "name": "Egetuki GOK Dispensary", "created": "2013-07-12T00:45:17.007000+00:00", "regulatory_body": {"name": "Ministry of Health"}, "facility_type": {"name": "Dispensary"}, "plot_number": null, "operation_status": {"name": "Operational"}, "number_of_beds": 2}, {"code": 19985, "location_desc": null, "official_name": "Child &Family Wellness Clinic", "owner": {"name": "Other Faith Based"}, "keph_level": {"name": "Level 2"}, "ward": {"code": 585}, "number_of_cots": 0, "town": {"name": "kiambu town"}, "name": "CFW Clinic", "created": "2013-07-12T15:21:27.060000+00:00", "regulatory_body": {"name": "Kenya MPDB - Private Practice"}, "facility_type": {"name": "Medical Clinic"}, "plot_number": "2/251", "operation_status": {"name": "Operational"}, "number_of_beds": 0}, {"code": 19986, "location_desc": null, "official_name": "Masokani Dispensary", "owner": {"name": "Ministry of Health"}, "keph_level": {"name": "Level 2"}, "ward": {"code": 417}, "number_of_cots": 0, "town": {"name": "masokani market"}, "name": "Masokani Dispensary", "created": "2013-07-15T07:30:10.563000+00:00", "regulatory_body": {"name": "Ministry of Health"}, "facility_type": {"name": "Dispensary"}, "plot_number": null, "operation_status": {"name": "Not-Operational"}, "number_of_beds": 0}, {"code": 19987, "location_desc": null, "official_name": "Mbiini Dispensary", "owner": {"name": "Ministry of Health"}, "keph_level": {"name": "Level 2"}, "ward": {"code": 417}, "number_of_cots": 0, "town": {"name": "mbiini market"}, "name": "Mbiini Dispensary", "created": "2013-07-15T07:38:46.773000+00:00", "regulatory_body": {"name": "Ministry of Health"}, "facility_type": {"name": "Dispensary"}, "plot_number": null, "operation_status": {"name": "Not-Operational"}, "number_of_beds": 0}, {"code": 19988, "location_desc": null, "official_name": "Kavuko Dispensary", "owner": {"name": "Ministry of Health"}, "keph_level": {"name": "Level 2"}, "ward": {"code": 418}, "number_of_cots": 0, "town": {"name": "kavuko market"}, "name": "Kavuko Dispensary", "created": "2013-07-15T07:46:37.220000+00:00", "regulatory_body": {"name": "Ministry of Health"}, "facility_type": {"name": "Dispensary"}, "plot_number": null, "operation_status": {"name": "Not-Operational"}, "number_of_beds": 0}, {"code": 19989, "location_desc": null, "official_name": "Kamwega Dispensary", "owner": {"name": "Ministry of Health"}, "keph_level": {"name": "Level 2"}, "ward": {"code": 779}, "number_of_cots": 0, "town": {"name": "kapsabet"}, "name": "Kamwega Dispensary", "created": "2013-07-15T22:11:42.927000+00:00", "regulatory_body": {"name": "Ministry of Health"}, "facility_type": {"name": "Dispensary"}, "plot_number": null, "operation_status": {"name": "Pending Opening"}, "number_of_beds": 0}, {"code": 19990, "location_desc": null, "official_name": "Racecourse Hospital", "owner": {"name": "Private Enterprise (Institution)"}, "keph_level": {"name": "Level 4"}, "ward": {"code": 727}, "number_of_cots": 7, "town": {"name": "langas"}, "name": "Racecourse Hospital", "created": "2013-07-16T09:09:24.640000+00:00", "regulatory_body": {"name": "Other"}, "facility_type": {"name": "Other Hospital"}, "plot_number": null, "operation_status": {"name": "Operational"}, "number_of_beds": 70}, {"code": 19991, "location_desc": "Shibuli Bukura Road branch left after the bridge to Isumba", "official_name": "Isumba Dispensary", "owner": {"name": "Ministry of Health"}, "keph_level": {"name": "Level 2"}, "ward": {"code": 1049}, "number_of_cots": 0, "town": {"name": "bukura"}, "name": "Isumba Dispensary", "created": "2013-07-16T09:23:49.263000+00:00", "regulatory_body": {"name": "Ministry of Health"}, "facility_type": {"name": "Dispensary"}, "plot_number": "1391", "operation_status": {"name": "Operational"}, "number_of_beds": 0}, {"code": 19992, "location_desc": "Chuka, Cheere -kathathani Route", "official_name": "Kathathani Medical Clinic", "owner": {"name": "Private Practice - Nurse / Midwife"}, "keph_level": {"name": "Level 2"}, "ward": {"code": 304}, "number_of_cots": 0, "town": {"name": "cheera"}, "name": "Kathathani Medical Clinic", "created": "2013-07-16T10:40:03.400000+00:00", "regulatory_body": {"name": "Nursing Council of Kenya (Private Practice)"}, "facility_type": {"name": "Medical Clinic"}, "plot_number": null, "operation_status": {"name": "Operational"}, "number_of_beds": 1}, {"code": 19993, "location_desc": "Near St.Macs Humanitarian Hospital", "official_name": "Laini Saba Health Services", "owner": {"name": "Private Practice - General Practitioner"}, "keph_level": {"name": "Level 2"}, "ward": {"code": 1385}, "number_of_cots": 0, "name": "Laini Saba Health Services", "created": "2013-07-16T15:23:20.327000+00:00", "regulatory_body": {"name": "Kenya MPDB - Private Practice"}, "facility_type": {"name": "Medical Clinic"}, "plot_number": null, "operation_status": {"name": "Operational"}, "number_of_beds": 0}, {"code": 19994, "location_desc": "Near the Mosque", "official_name": "Slum Medical Clinic", "owner": {"name": "Private Practice - Nurse / Midwife"}, "keph_level": {"name": "Level 2"}, "ward": {"code": 1387}, "number_of_cots": 0, "name": "Slum Medical Clinic", "created": "2013-07-16T15:34:25.057000+00:00", "regulatory_body": {"name": "Nursing Council of Kenya (Private Practice)"}, "facility_type": {"name": "Medical Clinic"}, "plot_number": null, "operation_status": {"name": "Operational"}, "number_of_beds": 0}, {"code": 19995, "location_desc": null, "official_name": "Evesben Foundation Medical Clinic", "owner": {"name": "Private Practice - Clinical Officer"}, "keph_level": {"name": "Level 2"}, "ward": {"code": 1383}, "number_of_cots": 0, "name": "Evesben Foundation Medical Clinic", "created": "2013-07-16T15:43:58.943000+00:00", "regulatory_body": {"name": "Clinical Officers Council"}, "facility_type": {"name": "Medical Clinic"}, "plot_number": null, "operation_status": {"name": "Operational"}, "number_of_beds": 0}, {"code": 19997, "location_desc": "At the centre of the village", "official_name": "Wema Private Clinic", "owner": {"name": "Private Practice - Nurse / Midwife"}, "keph_level": {"name": "Level 2"}, "ward": {"code": 91}, "number_of_cots": 0, "town": {"name": "garsen"}, "name": "Wema Private Clinic", "created": "2013-07-18T22:28:47.827000+00:00", "regulatory_body": {"name": "Kenya MPDB - Private Practice"}, "facility_type": {"name": "Medical Clinic"}, "plot_number": null, "operation_status": {"name": "Operational"}, "number_of_beds": 0}, {"code": 19998, "location_desc": "On way to Nyanduma shopping center near Nyanduma High School.", "official_name": "Karatina Model Health Centre", "owner": {"name": "Ministry of Health"}, "keph_level": {"name": "Level 3"}, "ward": {"code": 608}, "number_of_cots": 2, "town": {"name": "nyanduma shopping center"}, "name": "Karatina Model Health Centre", "created": "2013-07-19T14:46:01.667000+00:00", "regulatory_body": {"name": "Ministry of Health"}, "facility_type": {"name": "Health Centre"}, "plot_number": null, "operation_status": {"name": "Operational"}, "number_of_beds": 24}, {"code": 19999, "location_desc": "NearKambaa Girls, near Anglican Church.", "official_name": "Itotia Medical Clinic", "owner": {"name": "Private Practice - Nurse / Midwife"}, "keph_level": {"name": "Level 2"}, "ward": {"code": 607}, "number_of_cots": 0, "town": {"name": "kambaa trading center"}, "name": "Itotia Medical Clinic", "created": "2013-07-19T14:58:35.040000+00:00", "regulatory_body": {"name": "Nursing Council of Kenya (Private Practice)"}, "facility_type": {"name": "Medical Clinic"}, "plot_number": null, "operation_status": {"name": "Operational"}, "number_of_beds": 0}, {"code": 20000, "location_desc": "Located aprox 10 km from Lodwar Town Centre", "official_name": "Lolupe Dispensary", "owner": {"name": "Ministry of Health"}, "keph_level": {"name": "Level 2"}, "ward": {"code": 628}, "number_of_cots": 0, "town": {"name": "lodwar"}, "name": "Lolupe Dispensary", "created": "2013-07-21T15:21:04.917000+00:00", "regulatory_body": {"name": "Ministry of Health"}, "facility_type": {"name": "Dispensary"}, "plot_number": null, "operation_status": {"name": "Operational"}, "number_of_beds": 0}, {"code": 20001, "location_desc": "Located aprox 20 km from Lodwar Town", "official_name": "Kaapus Dispensary", "owner": {"name": "Ministry of Health"}, "keph_level": {"name": "Level 2"}, "ward": {"code": 630}, "number_of_cots": 0, "town": {"name": "lodwar"}, "name": "Kaapus Dispensary", "created": "2013-07-21T15:31:47.580000+00:00", "regulatory_body": {"name": "Ministry of Health"}, "facility_type": {"name": "Dispensary"}, "plot_number": null, "operation_status": {"name": "Not-Operational"}, "number_of_beds": 0}, {"code": 20002, "location_desc": "Situeted at Maili Saba Market  along  the Maili Saba-Kaplamai Rough Road", "official_name": "Maili Saba Dispensary", "owner": {"name": "Ministry of Health"}, "keph_level": {"name": "Level 2"}, "ward": {"code": 689}, "number_of_cots": 2, "town": {"name": "kitale"}, "name": "Maili Saba Dispensary", "created": "2013-07-23T09:38:29.983000+00:00", "regulatory_body": {"name": "Ministry of Health"}, "facility_type": {"name": "Dispensary"}, "plot_number": null, "operation_status": {"name": "Operational"}, "number_of_beds": 10}, {"code": 20003, "location_desc": "Along Majengo Road, at Kingorani round about", "official_name": "Kingorani Community Clinic", "owner": {"name": "Private Practice - General Practitioner"}, "keph_level": {"name": "Level 2"}, "ward": {"code": 28}, "number_of_cots": 0, "town": {"name": "majengo"}, "name": "Kingorani Community Clinic", "created": "2013-07-23T09:48:46.730000+00:00", "regulatory_body": {"name": "Kenya MPDB - Private Practice"}, "facility_type": {"name": "Medical Clinic"}, "plot_number": null, "operation_status": {"name": "Operational"}, "number_of_beds": 0}, {"code": 20004, "location_desc": "Near Tian Primary School off  EldamaRavine Tenges Road", "official_name": "Tian Dispensary", "owner": {"name": "Ministry of Health"}, "keph_level": {"name": "Level 2"}, "ward": {"code": 803}, "number_of_cots": 0, "town": {"name": "cheberen"}, "name": "Tian Dispensary", "created": "2013-07-24T09:44:06.120000+00:00", "regulatory_body": {"name": "Ministry of Health"}, "facility_type": {"name": "Dispensary"}, "plot_number": null, "operation_status": {"name": "Not-Operational"}, "number_of_beds": 0}, {"code": 20005, "location_desc": "Within Mogotio Town", "official_name": "Mogotio Town Dispensary", "owner": {"name": "Ministry of Health"}, "keph_level": {"name": "Level 2"}, "ward": {"code": 805}, "number_of_cots": 0, "town": {"name": "mogotio town"}, "name": "Mogotio Town Dispensary", "created": "2013-07-24T09:58:33.387000+00:00", "regulatory_body": {"name": "Ministry of Health"}, "facility_type": {"name": "Dispensary"}, "plot_number": null, "operation_status": {"name": "Not-Operational"}, "number_of_beds": 0}, {"code": 20006, "location_desc": "On Eldama Ravine Tenges Road", "official_name": "Kimngorom Dispensary", "owner": {"name": "Ministry of Health"}, "keph_level": {"name": "Level 2"}, "ward": {"code": 802}, "number_of_cots": 0, "town": {"name": "kimngorom centre"}, "name": "Kimngorom Dispensary", "created": "2013-07-24T10:06:31.043000+00:00", "regulatory_body": {"name": "Ministry of Health"}, "facility_type": {"name": "Dispensary"}, "plot_number": null, "operation_status": {"name": "Operational"}, "number_of_beds": 0}, {"code": 20007, "location_desc": "Off Emining Eldama Ravine Road", "official_name": "Kabogor Dispensary", "owner": {"name": "Ministry of Health"}, "keph_level": {"name": "Level 2"}, "ward": {"code": 803}, "number_of_cots": 0, "town": {"name": "emining centre"}, "name": "Kabogor Dispensary", "created": "2013-07-24T10:12:11.780000+00:00", "regulatory_body": {"name": "Ministry of Health"}, "facility_type": {"name": "Dispensary"}, "plot_number": null, "operation_status": {"name": "Not-Operational"}, "number_of_beds": 0}, {"code": 20008, "location_desc": "Near Rosoga Secondary School", "official_name": "Rosoga Dispensary", "owner": {"name": "Ministry of Health"}, "keph_level": {"name": "Level 2"}, "ward": {"code": 802}, "number_of_cots": 0, "town": {"name": "emining centre"}, "name": "Rosoga Dispensary", "created": "2013-07-24T10:18:29.563000+00:00", "regulatory_body": {"name": "Ministry of Health"}, "facility_type": {"name": "Dispensary"}, "plot_number": null, "operation_status": {"name": "Operational"}, "number_of_beds": 0}, {"code": 20009, "location_desc": "Mogotio Marigat Road", "official_name": "Kimose Dispensary", "owner": {"name": "Ministry of Health"}, "keph_level": {"name": "Level 2"}, "ward": {"code": 803}, "number_of_cots": 0, "town": {"name": "emining centre"}, "name": "Kimose Dispenary", "created": "2013-07-24T10:23:22.773000+00:00", "regulatory_body": {"name": "Ministry of Health"}, "facility_type": {"name": "Dispensary"}, "plot_number": null, "operation_status": {"name": "Not-Operational"}, "number_of_beds": 0}, {"code": 20010, "location_desc": "Near Lake Bogoria", "official_name": "Emsos Dispensary", "owner": {"name": "Ministry of Health"}, "keph_level": {"name": "Level 2"}, "ward": {"code": 804}, "number_of_cots": 0, "town": {"name": "lake bogoria"}, "name": "Emsos Dispensary", "created": "2013-07-24T10:30:42.033000+00:00", "regulatory_body": {"name": "Ministry of Health"}, "facility_type": {"name": "Dispensary"}, "plot_number": null, "operation_status": {"name": "Not-Operational"}, "number_of_beds": 0}, {"code": 20011, "location_desc": "Near Kiptoim Secondary school", "official_name": "Kiptoim Dispensary", "owner": {"name": "Ministry of Health"}, "keph_level": {"name": "Level 2"}, "ward": {"code": 805}, "number_of_cots": 0, "town": {"name": "esageri centre"}, "name": "Kiptoim Dispensary", "created": "2013-07-24T10:34:40.993000+00:00", "regulatory_body": {"name": "Ministry of Health"}, "facility_type": {"name": "Dispensary"}, "plot_number": "lr 245", "operation_status": {"name": "Not-Operational"}, "number_of_beds": 0}, {"code": 20012, "location_desc": "Situated along Migori Bondo Nyironge maram Road approx 500m from junction Kababu", "official_name": "Mama Clinic", "owner": {"name": "Private Practice - General Practitioner"}, "keph_level": {"name": "Level 3"}, "ward": {"code": 1274}, "number_of_cots": 4, "town": {"name": "kababu youth polytechnic"}, "name": "Mama Clinic", "created": "2013-07-24T16:06:26.083000+00:00", "regulatory_body": {"name": "Kenya MPDB - Institution"}, "facility_type": {"name": "Medical Clinic"}, "plot_number": "2976", "operation_status": {"name": "Operational"}, "number_of_beds": 40}, {"code": 20013, "location_desc": "The facility is located about 500 meters after Kodiaga markey along Kisumu-Busia Road", "official_name": "Maliera SDA Mission", "owner": {"name": "Other Faith Based"}, "keph_level": {"name": "Level 2"}, "ward": {"code": 1166}, "number_of_cots": 0, "town": {"name": "kodiaga market"}, "name": "Maliera Mission Dispensary", "created": "2013-07-28T23:00:37.620000+00:00", "regulatory_body": {"name": "Ministry of Health"}, "facility_type": {"name": "Dispensary"}, "plot_number": "337/06/12", "operation_status": {"name": "Operational"}, "number_of_beds": 2}, {"code": 20014, "location_desc": "Gatundu Town", "official_name": "Bygrace Medical Clinic", "owner": {"name": "Private Practice - Nurse / Midwife"}, "keph_level": {"name": "Level 2"}, "ward": {"code": 554}, "number_of_cots": 0, "town": {"name": "gatundu"}, "name": "Bygrace Medical Clinic", "created": "2013-07-30T09:34:49.170000+00:00", "regulatory_body": {"name": "Nursing Council of Kenya (Private Practice)"}, "facility_type": {"name": "Medical Clinic"}, "plot_number": "5", "operation_status": {"name": "Operational"}, "number_of_beds": 0}, {"code": 20015, "location_desc": "Its along Malindi Garsen road", "official_name": "Mwangaza Tana Medical Clinic", "owner": {"name": "Private Practice - Nurse / Midwife"}, "keph_level": {"name": "Level 2"}, "ward": {"code": 88}, "number_of_cots": 0, "town": {"name": "tarasaa"}, "name": "Mwangaza Tana Medical Clinic", "created": "2013-07-30T21:25:36.330000+00:00", "regulatory_body": {"name": "Nursing Council of Kenya (Private Practice)"}, "facility_type": {"name": "Medical Clinic"}, "plot_number": null, "operation_status": {"name": "Operational"}, "number_of_beds": 0}, {"code": 20016, "location_desc": null, "official_name": "Careplus Medical Services", "owner": {"name": "Private Practice - General Practitioner"}, "keph_level": {"name": "Level 2"}, "ward": {"code": 1186}, "number_of_cots": 0, "town": {"name": "mamboleo"}, "name": "Careplus Medical Services", "created": "2013-07-31T09:53:32.067000+00:00", "regulatory_body": {"name": "Kenya MPDB - Private Practice"}, "facility_type": {"name": "Medical Clinic"}, "plot_number": "68", "operation_status": {"name": "Operational"}, "number_of_beds": 0}, {"code": 20017, "location_desc": "Opposite Satellite  Hotel - (T junction)", "official_name": "Wilwinns Nursing Home", "owner": {"name": "Private Enterprise (Institution)"}, "keph_level": {"name": "Level 2"}, "ward": {"code": 1106}, "number_of_cots": 0, "town": {"name": "webuye"}, "name": "Wilwinns Nursing Home", "created": "2013-08-02T10:24:06.487000+00:00", "regulatory_body": {"name": "Kenya MPDB - Private Practice"}, "facility_type": {"name": "Nursing Home"}, "plot_number": "2461", "operation_status": {"name": "Operational"}, "number_of_beds": 12}, {"code": 20018, "location_desc": "Off Kamiti Rd and the behind Eden supermarket", "official_name": "Milele Integrated Medical Services", "owner": {"name": "Private Practice - General Practitioner"}, "keph_level": {"name": "Level 2"}, "ward": {"code": 1393}, "number_of_cots": 0, "town": {"name": "off kamiti rd and the behind eden supermarket"}, "name": "Milele Integrated Medical Services", "created": "2013-08-03T12:53:23.080000+00:00", "regulatory_body": {"name": "Kenya Medical Laboratory, Tech & Technologists Board"}, "facility_type": {"name": "Medical Clinic"}, "plot_number": null, "operation_status": {"name": "Operational"}, "number_of_beds": 0}, {"code": 20020, "location_desc": "Migori - Isebania Road near Mabera market", "official_name": "St Akidiva Mindira Hospital - Mabera", "owner": {"name": "Private Enterprise (Institution)"}, "keph_level": {"name": "Level 3"}, "ward": {"code": 1294}, "number_of_cots": 0, "town": {"name": "mabera market"}, "name": "St Akidiva Mindira Hospital - Mabera", "created": "2013-08-06T10:15:19.293000+00:00", "regulatory_body": {"name": "Ministry of Health"}, "facility_type": {"name": "Other Hospital"}, "plot_number": null, "operation_status": {"name": "Operational"}, "number_of_beds": 2}, {"code": 20021, "location_desc": "Within Endau Market", "official_name": "Kithito Medical Centre", "owner": {"name": "Private Practice - Nurse / Midwife"}, "keph_level": {"name": "Level 2"}, "ward": {"code": 363}, "number_of_cots": 1, "town": {"name": "endau market"}, "name": "Kithito Medical Centre", "created": "2013-08-06T11:10:08.427000+00:00", "regulatory_body": {"name": "Nursing Council of Kenya (Private Practice)"}, "facility_type": {"name": "Medical Clinic"}, "plot_number": "2", "operation_status": {"name": "Operational"}, "number_of_beds": 7}, {"code": 20022, "location_desc": "Kiangima house", "official_name": "Aphia Plus MARPS DIC Nanyuki", "owner": {"name": "Non-Governmental Organizations"}, "keph_level": {"name": "Level 2"}, "ward": {"code": 819}, "number_of_cots": 0, "town": {"name": "nanyuki town"}, "name": "Aphia Plus Marps Dic Nanyuki", "created": "2013-08-06T15:47:56.353000+00:00", "regulatory_body": {"name": "Ministry of Health"}, "facility_type": {"name": "Medical Clinic"}, "plot_number": "lr# 2787/342", "operation_status": {"name": "Operational"}, "number_of_beds": 0}, {"code": 20023, "location_desc": null, "official_name": "Gathanji Clinic", "owner": {"name": "Private Practice - Nurse / Midwife"}, "keph_level": {"name": "Level 2"}, "ward": {"code": 281}, "number_of_cots": 0, "town": {"name": "gatheri"}, "name": "Gathanji Clinic", "created": "2013-08-07T08:56:21.137000+00:00", "regulatory_body": {"name": "Ministry of Health"}, "facility_type": {"name": "Medical Clinic"}, "plot_number": null, "operation_status": {"name": "Operational"}, "number_of_beds": 0}, {"code": 20024, "location_desc": "Off Kombewa Maseno Road, approximately 9 Kms from district headquarters ", "official_name": "Otieno Owala Dispensary", "owner": {"name": "Ministry of Health"}, "keph_level": {"name": "Level 2"}, "ward": {"code": 1205}, "number_of_cots": 0, "town": {"name": "kondik market"}, "name": "Otieno Owala Dispensary", "created": "2013-08-08T15:35:56.707000+00:00", "regulatory_body": {"name": "Ministry of Health"}, "facility_type": {"name": "Dispensary"}, "plot_number": null, "operation_status": {"name": "Operational"}, "number_of_beds": 0}, {"code": 20025, "location_desc": null, "official_name": "Ndenderu Dispensary", "owner": {"name": "Ministry of Health"}, "keph_level": {"name": "Level 2"}, "ward": {"code": 588}, "number_of_cots": 0, "name": "Ndenderu Dispensary", "created": "2013-08-14T10:32:55.917000+00:00", "regulatory_body": {"name": "Kenya MPDB - Institution"}, "facility_type": {"name": "Dispensary"}, "plot_number": null, "operation_status": {"name": "Pending Opening"}, "number_of_beds": 0}, {"code": 20026, "location_desc": "Operational", "official_name": "Kitere Minhaj Dispensary", "owner": {"name": "Ministry of Health"}, "keph_level": {"name": "Level 2"}, "ward": {"code": 91}, "number_of_cots": 0, "town": {"name": "garsen"}, "name": "Kitere Minhaj Dispensary", "created": "2013-08-23T23:58:33.260000+00:00", "regulatory_body": {"name": "Ministry of Health"}, "facility_type": {"name": "Dispensary"}, "plot_number": null, "operation_status": {"name": "Operational"}, "number_of_beds": 0}, {"code": 20027, "location_desc": "Ntimanyakiru House next to Cooperative Bank Makutano Branch ", "official_name": "Westgates Medical Centre", "owner": {"name": "Private Practice - Clinical Officer"}, "keph_level": {"name": "Level 2"}, "ward": {"code": 276}, "number_of_cots": 0, "town": {"name": "makutano meru"}, "name": "Westgates Medical Centre", "created": "2013-09-02T10:30:12.967000+00:00", "regulatory_body": {"name": "Kenya MPDB - Private Practice"}, "facility_type": {"name": "Medical Clinic"}, "plot_number": "n/i/ 1790", "operation_status": {"name": "Operational"}, "number_of_beds": 0}, {"code": 20028, "location_desc": "Reru Market Center along Ngere High School Road", "official_name": "Shalom Medical Clinic", "owner": {"name": "Private Practice - Nurse / Midwife"}, "keph_level": {"name": "Level 2"}, "ward": {"code": 1202}, "number_of_cots": 0, "town": {"name": "reru market centre"}, "name": "Shalom Medical Clinic", "created": "2013-09-02T11:17:52.357000+00:00", "regulatory_body": {"name": "Nursing Council of Kenya (Private Practice)"}, "facility_type": {"name": "Medical Clinic"}, "plot_number": "3610", "operation_status": {"name": "Operational"}, "number_of_beds": 0}, {"code": 20029, "location_desc": "The facility is within Sindo Town", "official_name": "Sindo DICE", "owner": {"name": "Non-Governmental Organizations"}, "keph_level": {"name": "Level 2"}, "ward": {"code": 1259}, "number_of_cots": 1, "town": {"name": "sino town"}, "name": "Sindo Drop In Centre", "created": "2013-09-02T15:46:34.083000+00:00", "regulatory_body": {"name": "Ministry of Health"}, "facility_type": {"name": "VCT Centre (Stand-Alone)"}, "plot_number": "n/a", "operation_status": {"name": "Operational"}, "number_of_beds": 2}, {"code": 20030, "location_desc": " near Nchiru market along Meru-Kianjai-Maua road", "official_name": "Aina", "owner": {"name": "Other Faith Based"}, "keph_level": {"name": "Level 2"}, "ward": {"code": 269}, "number_of_cots": 0, "town": {"name": "nchiru"}, "name": "Aina Onlus", "created": "2013-09-03T09:11:13.690000+00:00", "regulatory_body": {"name": "Ministry of Health"}, "facility_type": {"name": "Dispensary"}, "plot_number": null, "operation_status": {"name": "Operational"}, "number_of_beds": 0}, {"code": 20031, "location_desc": "Kilimu market", "official_name": "Kilimu Dispensary", "owner": {"name": "Ministry of Health"}, "keph_level": {"name": "Level 2"}, "ward": {"code": 349}, "number_of_cots": 0, "name": "Kilimu Dispensary", "created": "2013-09-04T11:24:38.517000+00:00", "regulatory_body": {"name": "Ministry of Health"}, "facility_type": {"name": "Dispensary"}, "plot_number": null, "operation_status": {"name": "Pending Opening"}, "number_of_beds": 0}, {"code": 20032, "location_desc": "Mithikwani market", "official_name": "Mithikwani Dispensary", "owner": {"name": "Ministry of Health"}, "keph_level": {"name": "Level 2"}, "ward": {"code": 347}, "number_of_cots": 0, "town": {"name": "mithikwani market"}, "name": "Mithikwani Dispensary", "created": "2013-09-04T11:30:34.960000+00:00", "regulatory_body": {"name": "Ministry of Health"}, "facility_type": {"name": "Dispensary"}, "plot_number": null, "operation_status": {"name": "Pending Opening"}, "number_of_beds": 0}, {"code": 20033, "location_desc": "Kyaani market", "official_name": "Kyaani Dispensary", "owner": {"name": "Ministry of Health"}, "keph_level": {"name": "Level 2"}, "ward": {"code": 349}, "number_of_cots": 0, "town": {"name": "kyaani market"}, "name": "Kyaani Dispensary (Matinyani)", "created": "2013-09-04T11:36:46.750000+00:00", "regulatory_body": {"name": "Ministry of Health"}, "facility_type": {"name": "Dispensary"}, "plot_number": null, "operation_status": {"name": "Pending Opening"}, "number_of_beds": 0}, {"code": 20034, "location_desc": "Along Tinganga road 100 metres to Tinganga town next to Tinganga dairy society", "official_name": "Mesedith Medical Clinic", "owner": {"name": "Private Practice - Nurse / Midwife"}, "keph_level": {"name": "Level 2"}, "ward": {"code": 582}, "number_of_cots": 0, "town": {"name": "tinganga"}, "name": "Mesedith Medical Clinic", "created": "2013-09-09T12:59:19.323000+00:00", "regulatory_body": {"name": "Nursing Council of Kenya (Private Practice)"}, "facility_type": {"name": "Medical Clinic"}, "plot_number": "279/2", "operation_status": {"name": "Operational"}, "number_of_beds": 0}, {"code": 20035, "location_desc": "Along kiambu Githunguri road ,opposite Kiambu law court", "official_name": "Fofcom VCT", "owner": {"name": "Non-Governmental Organizations"}, "keph_level": {"name": "Level 2"}, "ward": {"code": 585}, "number_of_cots": 0, "town": {"name": "kiambu"}, "name": "Fofcom VCT", "created": "2013-09-09T15:20:56.307000+00:00", "regulatory_body": {"name": "Ministry of Health"}, "facility_type": {"name": "VCT Centre (Stand-Alone)"}, "plot_number": null, "operation_status": {"name": "Operational"}, "number_of_beds": 0}, {"code": 20036, "location_desc": "Situated near Malimo primary", "official_name": "Mmangani Dispensary", "owner": {"name": "Ministry of Health"}, "keph_level": {"name": "Level 2"}, "ward": {"code": 83}, "number_of_cots": 0, "town": {"name": "kakuyuni"}, "name": "Mmangani Dispensary", "created": "2013-09-10T11:09:18.077000+00:00", "regulatory_body": {"name": "Ministry of Health"}, "facility_type": {"name": "Dispensary"}, "plot_number": null, "operation_status": {"name": "Operational"}, "number_of_beds": 0}, {"code": 20037, "location_desc": null, "official_name": "St Mathews Kandaria Dispensary", "owner": {"name": "Ministry of Health"}, "keph_level": {"name": "Level 2"}, "ward": {"code": 1169}, "number_of_cots": 0, "town": {"name": "nyilima"}, "name": "St Mathews Kandaria Dispensary", "created": "2013-09-10T21:13:08.993000+00:00", "regulatory_body": {"name": "Ministry of Health"}, "facility_type": {"name": "Dispensary"}, "plot_number": null, "operation_status": {"name": "Operational"}, "number_of_beds": 0}, {"code": 20038, "location_desc": "Facility is situated along  Ndori - Lwanda Kotieno  road10 kms from Ndori market centre ", "official_name": "Nyayiera Dispensary (Rarieda)", "owner": {"name": "Ministry of Health"}, "keph_level": {"name": "Level 2"}, "ward": {"code": 1169}, "number_of_cots": 0, "town": {"name": "oyude market"}, "name": "Nyayiera Dispensary", "created": "2013-09-10T21:26:14.403000+00:00", "regulatory_body": {"name": "Ministry of Health"}, "facility_type": {"name": "Dispensary"}, "plot_number": null, "operation_status": {"name": "Operational"}, "number_of_beds": 0}, {"code": 20039, "location_desc": "Kakamega malava route turn left after Bishopstam to Emukaba market", "official_name": "Emukaba Dispensary", "owner": {"name": "Ministry of Health"}, "keph_level": {"name": "Level 2"}, "ward": {"code": 1009}, "number_of_cots": 0, "town": {"name": "kakamega"}, "name": "Emukaba Dispensary", "created": "2013-09-12T14:40:02.733000+00:00", "regulatory_body": {"name": "Ministry of Health"}, "facility_type": {"name": "Dispensary"}, "plot_number": "4", "operation_status": {"name": "Operational"}, "number_of_beds": 0}, {"code": 13360, "location_desc": null, "official_name": "Handaro Dispensary", "owner": {"name": "Ministry of Health"}, "keph_level": {"name": "Level 2"}, "ward": {"code": 158}, "number_of_cots": 0, "town": {"name": "sangailu town"}, "name": "Handaro Dispensary", "created": "2009-10-31T00:00:00+00:00", "regulatory_body": {"name": "Ministry of Health"}, "facility_type": {"name": "Dispensary"}, "plot_number": null, "operation_status": {"name": "Operational"}, "number_of_beds": 0}, {"code": 13431, "location_desc": null, "official_name": "Sangailu Health Centre", "owner": {"name": "Ministry of Health"}, "keph_level": {"name": "Level 3"}, "ward": {"code": 152}, "number_of_cots": 0, "town": {"name": "sangailu town"}, "name": "Sangailu Health Centre", "created": "2009-10-31T00:00:00+00:00", "regulatory_body": {"name": "Ministry of Health"}, "facility_type": {"name": "Health Centre"}, "plot_number": null, "operation_status": {"name": "Operational"}, "number_of_beds": 0}, {"code": 12550, "location_desc": "Mufu Market, 1 KM from from Embu Meru Road", "official_name": "Mufu Dispensary", "owner": {"name": "Ministry of Health"}, "keph_level": {"name": "Level 2"}, "ward": {"code": 321}, "number_of_cots": 0, "town": {"name": "runyenjes"}, "name": "Mufu Dispensary", "created": "2009-10-31T00:00:00+00:00", "regulatory_body": {"name": "Ministry of Health"}, "facility_type": {"name": "Dispensary"}, "plot_number": null, "operation_status": {"name": "Operational"}, "number_of_beds": 0}, {"code": 13374, "location_desc": null, "official_name": "Jalish Dispensary", "owner": {"name": "Ministry of Health"}, "keph_level": {"name": "Level 2"}, "ward": {"code": 159}, "number_of_cots": 0, "town": {"name": "ijara town"}, "name": "Jalish Dispensary", "created": "2009-10-31T00:00:00+00:00", "regulatory_body": {"name": "Ministry of Health"}, "facility_type": {"name": "Dispensary"}, "plot_number": null, "operation_status": {"name": "Operational"}, "number_of_beds": 0}, {"code": 13383, "location_desc": null, "official_name": "Korisa Dispensary", "owner": {"name": "Ministry of Health"}, "keph_level": {"name": "Level 2"}, "ward": {"code": 160}, "number_of_cots": 0, "town": {"name": "masalani town"}, "name": "Korisa Dispensary", "created": "2009-10-31T00:00:00+00:00", "regulatory_body": {"name": "Ministry of Health"}, "facility_type": {"name": "Dispensary"}, "plot_number": null, "operation_status": {"name": "Operational"}, "number_of_beds": 0}, {"code": 12459, "location_desc": "100M East of Malalani Market", "official_name": "Malalani Dispensary", "owner": {"name": "Ministry of Health"}, "keph_level": {"name": "Level 2"}, "ward": {"code": 363}, "number_of_cots": 0, "town": {"name": "kalavati"}, "name": "Malalani Dispensary", "created": "2009-10-31T00:00:00+00:00", "regulatory_body": {"name": "Ministry of Health"}, "facility_type": {"name": "Dispensary"}, "plot_number": "n/a", "operation_status": {"name": "Operational"}, "number_of_beds": 1}, {"code": 13385, "location_desc": null, "official_name": "Kotile Health Centre", "owner": {"name": "Ministry of Health"}, "keph_level": {"name": "Level 3"}, "ward": {"code": 160}, "number_of_cots": 0, "town": {"name": "masalani town"}, "name": "Kotile Health Centre", "created": "2009-10-31T00:00:00+00:00", "regulatory_body": {"name": "Ministry of Health"}, "facility_type": {"name": "Health Centre"}, "plot_number": null, "operation_status": {"name": "Operational"}, "number_of_beds": 0}, {"code": 16659, "location_desc": null, "official_name": "Furqan Dispensary", "owner": {"name": "Ministry of Health"}, "keph_level": {"name": "Level 2"}, "ward": {"code": 92}, "number_of_cots": 0, "town": {"name": "masalani town"}, "name": "Furqan Dispensary", "created": "2009-10-31T00:00:00+00:00", "regulatory_body": {"name": "Ministry of Health"}, "facility_type": {"name": "Dispensary"}, "plot_number": null, "operation_status": {"name": "Operational"}, "number_of_beds": 0}, {"code": 10816, "location_desc": null, "official_name": "NYS (National Youth Service) Dispensary Yatta", "owner": {"name": "Ministry of Health"}, "keph_level": {"name": "Level 2"}, "ward": {"code": 568}, "number_of_cots": 0, "name": "Nys (National Youth Service) Dispensary Yatta", "created": "2009-10-31T00:00:00+00:00", "regulatory_body": {"name": "Ministry of Health"}, "facility_type": {"name": "Dispensary"}, "plot_number": null, "operation_status": {"name": "Operational"}, "number_of_beds": 0}, {"code": 13579, "location_desc": null, "official_name": "GK Prisons Dispensary (Kibos)", "owner": {"name": "Ministry of Health"}, "keph_level": {"name": "Level 2"}, "ward": {"code": 1187}, "number_of_cots": 0, "town": {"name": "kisumu"}, "name": "GK Prisons Dispensary (Kibos)", "created": "2009-10-31T00:00:00+00:00", "regulatory_body": {"name": "Ministry of Health"}, "facility_type": {"name": "Dispensary"}, "plot_number": null, "operation_status": {"name": "Operational"}, "number_of_beds": 0}, {"code": 11304, "location_desc": "Along Mombasa-Lungalunga Rd", "official_name": "Diani Health Centre", "owner": {"name": "Ministry of Health"}, "keph_level": {"name": "Level 3"}, "ward": {"code": 31}, "number_of_cots": 1, "town": {"name": "diani"}, "name": "Diani Health Centre", "created": "2009-10-31T00:00:00+00:00", "regulatory_body": {"name": "Ministry of Health"}, "facility_type": {"name": "Health Centre"}, "plot_number": null, "operation_status": {"name": "Operational"}, "number_of_beds": 6}, {"code": 15012, "location_desc": "Off Amboseli - Tsavo east Road", "official_name": "Langata Enkima Dispensary", "owner": {"name": "Ministry of Health"}, "keph_level": {"name": "Level 2"}, "ward": {"code": 933}, "number_of_cots": 0, "town": {"name": "loitokitok"}, "name": "Langata Enkima Dispensary", "created": "2009-10-31T00:00:00+00:00", "regulatory_body": {"name": "Ministry of Health"}, "facility_type": {"name": "Dispensary"}, "plot_number": null, "operation_status": {"name": "Operational"}, "number_of_beds": 4}, {"code": 16714, "location_desc": null, "official_name": "Elwangale Health Centre", "owner": {"name": "Ministry of Health"}, "keph_level": {"name": "Level 2"}, "ward": {"code": 1038}, "number_of_cots": 0, "town": {"name": "emasatsi"}, "name": "Elwangale Health Centre", "created": "2009-10-31T00:00:00+00:00", "regulatory_body": {"name": "Ministry of Health"}, "facility_type": {"name": "Dispensary"}, "plot_number": null, "operation_status": {"name": "Operational"}, "number_of_beds": 0}, {"code": 13645, "location_desc": "Near Kahawa secondary School", "official_name": "Kahawa Dispensary ", "owner": {"name": "Ministry of Health"}, "keph_level": {"name": "Level 2"}, "ward": {"code": 1365}, "number_of_cots": 0, "town": {"name": "manga"}, "name": "Kahawa Dispensary", "created": "2009-10-31T00:00:00+00:00", "regulatory_body": {"name": "Ministry of Health"}, "facility_type": {"name": "Dispensary"}, "plot_number": null, "operation_status": {"name": "Operational"}, "number_of_beds": 1}, {"code": 11580, "location_desc": "Along Mombasa- Malindi high way. Near Matsangoni Pry school", "official_name": "Matsangoni Model Health Centre", "owner": {"name": "Ministry of Health"}, "keph_level": {"name": "Level 3"}, "ward": {"code": 55}, "number_of_cots": 0, "town": {"name": "matsangoni"}, "name": "Matsangoni Model Health Centre", "created": "2009-10-31T00:00:00+00:00", "regulatory_body": {"name": "Ministry of Health"}, "facility_type": {"name": "Health Centre"}, "plot_number": null, "operation_status": {"name": "Operational"}, "number_of_beds": 6}, {"code": 12164, "location_desc": null, "official_name": "Kamumu Dispensary", "owner": {"name": "Ministry of Health"}, "keph_level": {"name": "Level 2"}, "ward": {"code": 330}, "number_of_cots": 0, "town": {"name": "kamumu"}, "name": "Kamumu Dispensary", "created": "2009-10-31T00:00:00+00:00", "regulatory_body": {"name": "Ministry of Health"}, "facility_type": {"name": "Dispensary"}, "plot_number": null, "operation_status": {"name": "Operational"}, "number_of_beds": 2}, {"code": 10432, "location_desc": "Near kairo Shopping centre", "official_name": "Kairo Dispensary", "owner": {"name": "Ministry of Health"}, "keph_level": {"name": "Level 2"}, "ward": {"code": 520}, "number_of_cots": 0, "town": {"name": "kiriaini"}, "name": "Kairo Dispensary", "created": "2009-10-31T00:00:00+00:00", "regulatory_body": {"name": "Ministry of Health"}, "facility_type": {"name": "Dispensary"}, "plot_number": null, "operation_status": {"name": "Operational"}, "number_of_beds": 0}, {"code": 15474, "location_desc": "Pwani Bagaria road at pwani trading centre", "official_name": "Pwani (GOK) Dispensary ", "owner": {"name": "Ministry of Health"}, "keph_level": {"name": "Level 2"}, "ward": {"code": 834}, "number_of_cots": 0, "town": {"name": "pwani"}, "name": "Pwani (GOK) Dispensary", "created": "2009-10-31T00:00:00+00:00", "regulatory_body": {"name": "Ministry of Health"}, "facility_type": {"name": "Dispensary"}, "plot_number": "block 2/567/568", "operation_status": {"name": "Operational"}, "number_of_beds": 0}, {"code": 13683, "location_desc": null, "official_name": "Kiamokama Health Centre", "owner": {"name": "Ministry of Health"}, "keph_level": {"name": "Level 3"}, "ward": {"code": 1329}, "number_of_cots": 0, "town": {"name": "kiamokama"}, "name": "Kiamokama Health Centre", "created": "2009-10-31T00:00:00+00:00", "regulatory_body": {"name": "Ministry of Health"}, "facility_type": {"name": "Health Centre"}, "plot_number": null, "operation_status": {"name": "Operational"}, "number_of_beds": 2}, {"code": 16854, "location_desc": null, "official_name": "Kaathari Dispensary (CDF)", "owner": {"name": "Ministry of Health"}, "keph_level": {"name": "Level 2"}, "ward": {"code": 321}, "number_of_cots": 0, "town": {"name": "runyenjes"}, "name": "Kaathari Dispensary (CDF)", "created": "2010-01-31T00:00:00+00:00", "regulatory_body": {"name": "Ministry of Health"}, "facility_type": {"name": "Dispensary"}, "plot_number": null, "operation_status": {"name": "Operational"}, "number_of_beds": 0}, {"code": 14326, "location_desc": null, "official_name": "Chemuswo Dispensary", "owner": {"name": "Ministry of Health"}, "keph_level": {"name": "Level 2"}, "ward": {"code": 768}, "number_of_cots": 0, "town": {"name": "kapsabet"}, "name": "Chemuswo Dispensary", "created": "2009-10-31T00:00:00+00:00", "regulatory_body": {"name": "Ministry of Health"}, "facility_type": {"name": "Dispensary"}, "plot_number": null, "operation_status": {"name": "Operational"}, "number_of_beds": 0}, {"code": 13541, "location_desc": null, "official_name": "Ekerubo Dispensary (Masaba)", "owner": {"name": "Ministry of Health"}, "keph_level": {"name": "Level 2"}, "ward": {"code": 1331}, "number_of_cots": 0, "town": {"name": "rianyoka"}, "name": "Ekerubo Dispensary (Masaba)", "created": "2009-10-31T00:00:00+00:00", "regulatory_body": {"name": "Ministry of Health"}, "facility_type": {"name": "Dispensary"}, "plot_number": null, "operation_status": {"name": "Operational"}, "number_of_beds": 4}, {"code": 16395, "location_desc": "Along Molo - Kirenget road at Mwangate juction.", "official_name": "Mwangate Dispensary ", "owner": {"name": "Ministry of Health"}, "keph_level": {"name": "Level 2"}, "ward": {"code": 852}, "number_of_cots": 0, "town": {"name": "keringet"}, "name": "Mwangate Dispensary", "created": "2009-10-31T00:00:00+00:00", "regulatory_body": {"name": "Ministry of Health"}, "facility_type": {"name": "Dispensary"}, "plot_number": "481", "operation_status": {"name": "Operational"}, "number_of_beds": 0}, {"code": 12383, "location_desc": null, "official_name": "Konyu Dispensary", "owner": {"name": "Ministry of Health"}, "keph_level": {"name": "Level 2"}, "ward": {"code": 335}, "number_of_cots": 0, "town": {"name": "mukuyu"}, "name": "Konyu Dispensary", "created": "2009-10-31T00:00:00+00:00", "regulatory_body": {"name": "Ministry of Health"}, "facility_type": {"name": "Dispensary"}, "plot_number": null, "operation_status": {"name": "Operational"}, "number_of_beds": 0}, {"code": 16684, "location_desc": "Along Mau-Narok road near likia trading centre", "official_name": "Likia Dispensary", "owner": {"name": "Ministry of Health"}, "keph_level": {"name": "Level 2"}, "ward": {"code": 831}, "number_of_cots": 0, "town": {"name": "likia"}, "name": "Likia Dispensary", "created": "2009-10-31T00:00:00+00:00", "regulatory_body": {"name": "Ministry of Health"}, "facility_type": {"name": "Dispensary"}, "plot_number": "1/132 likia", "operation_status": {"name": "Operational"}, "number_of_beds": 0}, {"code": 12280, "location_desc": null, "official_name": "Kibaranyaki Dispensary ", "owner": {"name": "Ministry of Health"}, "keph_level": {"name": "Level 2"}, "ward": {"code": 285}, "number_of_cots": 0, "town": {"name": "githongo market"}, "name": "Kibaranyaki Dispensary", "created": "2009-10-31T00:00:00+00:00", "regulatory_body": {"name": "Ministry of Health"}, "facility_type": {"name": "Dispensary"}, "plot_number": "230", "operation_status": {"name": "Operational"}, "number_of_beds": 0}, {"code": 16853, "location_desc": null, "official_name": "Gikuuri Dispensary (CDF)", "owner": {"name": "Ministry of Health"}, "keph_level": {"name": "Level 2"}, "ward": {"code": 319}, "number_of_cots": 0, "town": {"name": "gikuuri market"}, "name": "Gikuuri Dispensary (CDF)", "created": "2010-01-31T00:00:00+00:00", "regulatory_body": {"name": "Ministry of Health"}, "facility_type": {"name": "Dispensary"}, "plot_number": null, "operation_status": {"name": "Operational"}, "number_of_beds": 0}, {"code": 12709, "location_desc": null, "official_name": "Rapsu Dispensary", "owner": {"name": "Ministry of Health"}, "keph_level": {"name": "Level 2"}, "ward": {"code": 249}, "number_of_cots": 0, "town": {"name": "rapsu"}, "name": "Rapsu Dispensary", "created": "2009-10-31T00:00:00+00:00", "regulatory_body": {"name": "Ministry of Health"}, "facility_type": {"name": "Dispensary"}, "plot_number": null, "operation_status": {"name": "Operational"}, "number_of_beds": 2}, {"code": 14099, "location_desc": "SOSERA MKT NEXT TO SOSERA SECONDARY", "official_name": "Sosera Dispensary ", "owner": {"name": "Ministry of Health"}, "keph_level": {"name": "Level 2"}, "ward": {"code": 1327}, "number_of_cots": 0, "town": {"name": "sosera"}, "name": "Sosera Dispensary", "created": "2009-10-31T00:00:00+00:00", "regulatory_body": {"name": "Ministry of Health"}, "facility_type": {"name": "Dispensary"}, "plot_number": null, "operation_status": {"name": "Operational"}, "number_of_beds": 2}, {"code": 11586, "location_desc": "Near Maziwa Primary School", "official_name": "Maziwa Dispensary", "owner": {"name": "Ministry of Health"}, "keph_level": {"name": "Level 2"}, "ward": {"code": 91}, "number_of_cots": 0, "town": {"name": "garsen"}, "name": "Maziwa Dispensary", "created": "2009-10-31T00:00:00+00:00", "regulatory_body": {"name": "Ministry of Health"}, "facility_type": {"name": "Dispensary"}, "plot_number": null, "operation_status": {"name": "Operational"}, "number_of_beds": 2}, {"code": 16880, "location_desc": null, "official_name": "Nyabiosi Dispensary", "owner": {"name": "Ministry of Health"}, "keph_level": {"name": "Level 2"}, "ward": {"code": 1309}, "number_of_cots": 0, "town": {"name": "nyamaiya mkt"}, "name": "Nyabiosi Dispensary", "created": "2010-01-31T00:00:00+00:00", "regulatory_body": {"name": "Ministry of Health"}, "facility_type": {"name": "Dispensary"}, "plot_number": null, "operation_status": {"name": "Operational"}, "number_of_beds": 0}, {"code": 16835, "location_desc": "Near njuthine primary school", "official_name": "Njuthine Dispensary ", "owner": {"name": "Ministry of Health"}, "keph_level": {"name": "Level 2"}, "ward": {"code": 286}, "number_of_cots": 0, "town": {"name": "njuthine"}, "name": "Njuthine Dispensary", "created": "2010-01-31T00:00:00+00:00", "regulatory_body": {"name": "Ministry of Health"}, "facility_type": {"name": "Dispensary"}, "plot_number": "581", "operation_status": {"name": "Operational"}, "number_of_beds": 0}, {"code": 16855, "location_desc": null, "official_name": "Kasafari Dispensary (CDF)", "owner": {"name": "Ministry of Health"}, "keph_level": {"name": "Level 2"}, "ward": {"code": 322}, "number_of_cots": 0, "town": {"name": "karurumo"}, "name": "Kasafari Dispensary (CDF)", "created": "2010-01-31T00:00:00+00:00", "regulatory_body": {"name": "Ministry of Health"}, "facility_type": {"name": "Dispensary"}, "plot_number": "kyeni/kigumo 3684", "operation_status": {"name": "Operational"}, "number_of_beds": 0}, {"code": 16488, "location_desc": "Kipsigon to Kubura road next to Kubura Primary School", "official_name": "Kubura Dispensary", "owner": {"name": "Ministry of Health"}, "keph_level": {"name": "Level 2"}, "ward": {"code": 1071}, "number_of_cots": 0, "town": {"name": "kipsigon"}, "name": "Kubura Dispensary", "created": "2009-10-31T00:00:00+00:00", "regulatory_body": {"name": "Ministry of Health"}, "facility_type": {"name": "Dispensary"}, "plot_number": null, "operation_status": {"name": "Pending Opening"}, "number_of_beds": 0}, {"code": 11778, "location_desc": "Near Semikaro Primary School", "official_name": "Semikaro Dispensary", "owner": {"name": "Ministry of Health"}, "keph_level": {"name": "Level 2"}, "ward": {"code": 88}, "number_of_cots": 0, "town": {"name": "tarasaa"}, "name": "Semikaro Dispensary", "created": "2009-10-31T00:00:00+00:00", "regulatory_body": {"name": "Ministry of Health"}, "facility_type": {"name": "Dispensary"}, "plot_number": null, "operation_status": {"name": "Operational"}, "number_of_beds": 0}, {"code": 13746, "location_desc": null, "official_name": "Machururiati Dispensary ", "owner": {"name": "Ministry of Health"}, "keph_level": {"name": "Level 2"}, "ward": {"code": 1351}, "number_of_cots": 0, "town": {"name": "mochenwa"}, "name": "Machururiati Dispensary", "created": "2009-10-31T00:00:00+00:00", "regulatory_body": {"name": "Ministry of Health"}, "facility_type": {"name": "Dispensary"}, "plot_number": null, "operation_status": {"name": "Operational"}, "number_of_beds": 1}, {"code": 16427, "location_desc": "Off Magadi Road", "official_name": "Esonorua Dispensary ", "owner": {"name": "Ministry of Health"}, "keph_level": {"name": "Level 2"}, "ward": {"code": 928}, "number_of_cots": 0, "town": {"name": "magadi"}, "name": "Esonorua Dispensary", "created": "2009-10-31T00:00:00+00:00", "regulatory_body": {"name": "Ministry of Health"}, "facility_type": {"name": "Dispensary"}, "plot_number": null, "operation_status": {"name": "Operational"}, "number_of_beds": 0}, {"code": 11090, "location_desc": "Next to Gikaru Coffee Factory", "official_name": "Thangathi Health Centre", "owner": {"name": "Ministry of Health"}, "keph_level": {"name": "Level 3"}, "ward": {"code": 490}, "number_of_cots": 0, "town": {"name": "thangathi"}, "name": "Thangathi Health Centre", "created": "2009-10-31T00:00:00+00:00", "regulatory_body": {"name": "Ministry of Health"}, "facility_type": {"name": "Health Centre"}, "plot_number": null, "operation_status": {"name": "Operational"}, "number_of_beds": 10}, {"code": 11687, "location_desc": null, "official_name": "Mwanda Dispensary ", "owner": {"name": "Ministry of Health"}, "keph_level": {"name": "Level 2"}, "ward": {"code": 49}, "number_of_cots": 0, "town": {"name": "mariakani"}, "name": "Mwanda Dispensary", "created": "2009-10-31T00:00:00+00:00", "regulatory_body": {"name": "Ministry of Health"}, "facility_type": {"name": "Dispensary"}, "plot_number": null, "operation_status": {"name": "Operational"}, "number_of_beds": 0}, {"code": 15359, "location_desc": "OFF LOITOKITOK-TAVETA ROAD", "official_name": "Njukini Dispensary ", "owner": {"name": "Ministry of Health"}, "keph_level": {"name": "Level 2"}, "ward": {"code": 934}, "number_of_cots": 0, "town": {"name": "rombo"}, "name": "Njukini Dispensary", "created": "2009-10-31T00:00:00+00:00", "regulatory_body": {"name": "Ministry of Health"}, "facility_type": {"name": "Dispensary"}, "plot_number": null, "operation_status": {"name": "Operational"}, "number_of_beds": 4}], "model": "facilities.Facility", "unique_fields": ["code"]}]