[{"records": [{"code": 13343, "location_desc": null, "official_name": "Ganyure Dispensary", "owner": {"name": "Ministry of Health"}, "keph_level": {"name": "Level 2"}, "ward": {"code": 179}, "number_of_cots": 0, "town": {"name": "griftu"}, "name": "Ganyure Dispensary", "created": "2009-10-31T00:00:00+00:00", "regulatory_body": {"name": "Ministry of Health"}, "facility_type": {"name": "Dispensary"}, "plot_number": null, "operation_status": {"name": "Operational"}, "number_of_beds": 0}, {"code": 13303, "location_desc": null, "official_name": "Basir Dispensary", "owner": {"name": "Ministry of Health"}, "keph_level": {"name": "Level 2"}, "ward": {"code": 182}, "number_of_cots": 0, "town": {"name": "griftu"}, "name": "Basir Dispensary", "created": "2009-10-31T00:00:00+00:00", "regulatory_body": {"name": "Ministry of Health"}, "facility_type": {"name": "Dispensary"}, "plot_number": null, "operation_status": {"name": "Not-Operational"}, "number_of_beds": 0}, {"code": 14374, "location_desc": "Olenguruone -Kiptagich RD in Cheptuech trading centre.", "official_name": "Cheptuech Dispensary", "owner": {"name": "Ministry of Health"}, "keph_level": {"name": "Level 2"}, "ward": {"code": 851}, "number_of_cots": 0, "town": {"name": "olenguruone"}, "name": "Cheptuech Dispensary", "created": "2009-10-31T00:00:00+00:00", "regulatory_body": {"name": "Ministry of Health"}, "facility_type": {"name": "Dispensary"}, "plot_number": "132 olenguruone", "operation_status": {"name": "Operational"}, "number_of_beds": 0}, {"code": 14237, "location_desc": "Next to Catholic Nursery School", "official_name": "Barsaloi   GK Dispensary", "owner": {"name": "Ministry of Health"}, "keph_level": {"name": "Level 2"}, "ward": {"code": 670}, "number_of_cots": 0, "town": {"name": "barsaloi"}, "name": "Barsaloi GK Dispensary", "created": "2009-10-31T00:00:00+00:00", "regulatory_body": {"name": "Ministry of Health"}, "facility_type": {"name": "Dispensary"}, "plot_number": null, "operation_status": {"name": "Operational"}, "number_of_beds": 0}, {"code": 10209, "location_desc": "3KM from Githambo Tea factory", "official_name": "Gatara Health Centre", "owner": {"name": "Ministry of Health"}, "keph_level": {"name": "Level 3"}, "ward": {"code": 516}, "number_of_cots": 0, "town": {"name": "gatara shopping centre"}, "name": "Gatara Health Centre", "created": "2009-10-31T00:00:00+00:00", "regulatory_body": {"name": "Ministry of Health"}, "facility_type": {"name": "Health Centre"}, "plot_number": null, "operation_status": {"name": "Operational"}, "number_of_beds": 0}, {"code": 10837, "location_desc": null, "official_name": "Ndula Dispensary", "owner": {"name": "Ministry of Health"}, "keph_level": {"name": "Level 2"}, "ward": {"code": 567}, "number_of_cots": 0, "town": {"name": "thika"}, "name": "Ndula Dispensary", "created": "2009-10-31T00:00:00+00:00", "regulatory_body": {"name": "Ministry of Health"}, "facility_type": {"name": "Dispensary"}, "plot_number": null, "operation_status": {"name": "Operational"}, "number_of_beds": 0}, {"code": 10287, "location_desc": null, "official_name": "GK Prison Dispensary (Murang'a)", "owner": {"name": "Ministry of Health"}, "keph_level": {"name": "Level 2"}, "ward": {"code": 525}, "number_of_cots": 0, "town": {"name": "muranga"}, "name": "GK Prison Dispensary (Murang'a)", "created": "2009-10-31T00:00:00+00:00", "regulatory_body": {"name": "Ministry of Health"}, "facility_type": {"name": "Dispensary"}, "plot_number": " ", "operation_status": {"name": "Operational"}, "number_of_beds": 0}, {"code": 10842, "location_desc": "Off Thika - Nairobi highway along Juja - Kalimoni road near Ndarasa town next to St. Paul School.", "official_name": "Ndururumo Dispensary", "owner": {"name": "Ministry of Health"}, "keph_level": {"name": "Level 2"}, "ward": {"code": 559}, "number_of_cots": 0, "town": {"name": "ndarasa town"}, "name": "Ndururumo Dispensary", "created": "2009-10-31T00:00:00+00:00", "regulatory_body": {"name": "Ministry of Health"}, "facility_type": {"name": "Dispensary"}, "plot_number": null, "operation_status": {"name": "Operational"}, "number_of_beds": 0}, {"code": 13824, "location_desc": null, "official_name": "Motemorabu Dispensary ", "owner": {"name": "Ministry of Health"}, "keph_level": {"name": "Level 2"}, "ward": {"code": 1295}, "number_of_cots": 0, "town": {"name": "motemorabu"}, "name": "Motemorabu Dispensary", "created": "2009-10-31T00:00:00+00:00", "regulatory_body": {"name": "Ministry of Health"}, "facility_type": {"name": "Dispensary"}, "plot_number": null, "operation_status": {"name": "Operational"}, "number_of_beds": 0}, {"code": 13941, "location_desc": "Off Isebania - Migori road opposit Isebania Boys High school", "official_name": "Nyasese Dispensary ", "owner": {"name": "Ministry of Health"}, "keph_level": {"name": "Level 2"}, "ward": {"code": 1292}, "number_of_cots": 0, "town": {"name": "nyasese"}, "name": "Nyasese Dispensary", "created": "2009-10-31T00:00:00+00:00", "regulatory_body": {"name": "Ministry of Health"}, "facility_type": {"name": "Dispensary"}, "plot_number": null, "operation_status": {"name": "Operational"}, "number_of_beds": 0}, {"code": 13376, "location_desc": "Sankuri-Danyere road", "official_name": "Jarajara Dispensary", "owner": {"name": "Ministry of Health"}, "keph_level": {"name": "Level 2"}, "ward": {"code": 100}, "number_of_cots": 0, "town": {"name": "garissa"}, "name": "Jarajara Dispensary", "created": "2009-10-31T00:00:00+00:00", "regulatory_body": {"name": "Ministry of Health"}, "facility_type": {"name": "Dispensary"}, "plot_number": null, "operation_status": {"name": "Operational"}, "number_of_beds": 0}, {"code": 13331, "location_desc": "Garissa-Modogashe road", "official_name": "Dujis Health Centre", "owner": {"name": "Ministry of Health"}, "keph_level": {"name": "Level 2"}, "ward": {"code": 142}, "number_of_cots": 0, "town": {"name": "garissa"}, "name": "Dujis Health Centre", "created": "2009-10-31T00:00:00+00:00", "regulatory_body": {"name": "Ministry of Health"}, "facility_type": {"name": "Health Centre"}, "plot_number": null, "operation_status": {"name": "Operational"}, "number_of_beds": 0}, {"code": 13324, "location_desc": "Sankuri-Danyere road.", "official_name": "Danyere Health Centre", "owner": {"name": "Ministry of Health"}, "keph_level": {"name": "Level 2"}, "ward": {"code": 136}, "number_of_cots": 0, "town": {"name": "garissa"}, "name": "Danyere Health Centre", "created": "2009-10-31T00:00:00+00:00", "regulatory_body": {"name": "Ministry of Health"}, "facility_type": {"name": "Health Centre"}, "plot_number": null, "operation_status": {"name": "Operational"}, "number_of_beds": 0}, {"code": 13319, "location_desc": "Garissa-Sankuri road", "official_name": "Daley Dispensary", "owner": {"name": "Ministry of Health"}, "keph_level": {"name": "Level 2"}, "ward": {"code": 100}, "number_of_cots": 0, "town": {"name": "garissa"}, "name": "Daley Dispensary", "created": "2009-10-31T00:00:00+00:00", "regulatory_body": {"name": "Ministry of Health"}, "facility_type": {"name": "Dispensary"}, "plot_number": null, "operation_status": {"name": "Operational"}, "number_of_beds": 0}, {"code": 13299, "location_desc": "Sankuri-Balambala road", "official_name": "Balich Dispensary", "owner": {"name": "Ministry of Health"}, "keph_level": {"name": "Level 2"}, "ward": {"code": 100}, "number_of_cots": 0, "town": {"name": "garissa"}, "name": "Balich Dispensary", "created": "2009-10-31T00:00:00+00:00", "regulatory_body": {"name": "Ministry of Health"}, "facility_type": {"name": "Dispensary"}, "plot_number": null, "operation_status": {"name": "Operational"}, "number_of_beds": 0}, {"code": 16721, "location_desc": "Along Kehancha - Migori Road", "official_name": "Mogori-Komasimo Health Centre", "owner": {"name": "Ministry of Health"}, "keph_level": {"name": "Level 3"}, "ward": {"code": 1293}, "number_of_cots": 0, "town": {"name": "nymagagana mkt"}, "name": "Mogori-Komasimo Health Centre", "created": "2009-10-31T00:00:00+00:00", "regulatory_body": {"name": "Ministry of Health"}, "facility_type": {"name": "Health Centre"}, "plot_number": null, "operation_status": {"name": "Operational"}, "number_of_beds": 0}, {"code": 12372, "location_desc": null, "official_name": "Kitungati Dispensary ", "owner": {"name": "Ministry of Health"}, "keph_level": {"name": "Level 2"}, "ward": {"code": 351}, "number_of_cots": 0, "town": {"name": "kitui"}, "name": "Kitungati Dispensary", "created": "2009-10-31T00:00:00+00:00", "regulatory_body": {"name": "Ministry of Health"}, "facility_type": {"name": "Dispensary"}, "plot_number": null, "operation_status": {"name": "Operational"}, "number_of_beds": 0}, {"code": 10705, "location_desc": null, "official_name": "Mathakwaini (PCEA) Dispensary", "owner": {"name": "Christian Health Association of Kenya"}, "keph_level": {"name": "Level 2"}, "ward": {"code": 467}, "number_of_cots": 0, "town": {"name": "nyeri town"}, "name": "Mathakwaini (PCEA) Dispensary", "created": "2009-10-31T00:00:00+00:00", "regulatory_body": {"name": "Ministry of Health"}, "facility_type": {"name": "Dispensary"}, "plot_number": null, "operation_status": {"name": "Operational"}, "number_of_beds": 0}, {"code": 11138, "location_desc": "Inside Uplands Forest 3KM from Uplands Town", "official_name": "Uplands Forest Dispensary", "owner": {"name": "Ministry of Health"}, "keph_level": {"name": "Level 2"}, "ward": {"code": 610}, "number_of_cots": 0, "town": {"name": "uplands"}, "name": "Uplands Forest Dispensary", "created": "2009-10-31T00:00:00+00:00", "regulatory_body": {"name": "Ministry of Health"}, "facility_type": {"name": "Dispensary"}, "plot_number": null, "operation_status": {"name": "Operational"}, "number_of_beds": 0}, {"code": 12047, "location_desc": "Within GK Prison compound (Kitui)", "official_name": "GK Prison Dispensary (Kitui)", "owner": {"name": "Ministry of Health"}, "keph_level": {"name": "Level 2"}, "ward": {"code": 355}, "number_of_cots": 0, "town": {"name": "kitui"}, "name": "GK Prison Dispensary (Kitui)", "created": "2009-10-31T00:00:00+00:00", "regulatory_body": {"name": "Ministry of Health"}, "facility_type": {"name": "Dispensary"}, "plot_number": null, "operation_status": {"name": "Operational"}, "number_of_beds": 0}, {"code": 10490, "location_desc": null, "official_name": "Karemeno Dispensary", "owner": {"name": "Ministry of Health"}, "keph_level": {"name": "Level 2"}, "ward": {"code": 472}, "number_of_cots": 0, "town": {"name": "ruirii"}, "name": "Karemeno Dispensary", "created": "2009-10-31T00:00:00+00:00", "regulatory_body": {"name": "Ministry of Health"}, "facility_type": {"name": "Dispensary"}, "plot_number": null, "operation_status": {"name": "Operational"}, "number_of_beds": 4}, {"code": 10504, "location_desc": "Karumande town", "official_name": "Karumandi Health Centre", "owner": {"name": "Ministry of Health"}, "keph_level": {"name": "Level 3"}, "ward": {"code": 508}, "number_of_cots": 0, "town": {"name": "karumande"}, "name": "Karumandi  Health Centre", "created": "2009-10-31T00:00:00+00:00", "regulatory_body": {"name": "Ministry of Health"}, "facility_type": {"name": "Health Centre"}, "plot_number": null, "operation_status": {"name": "Operational"}, "number_of_beds": 4}, {"code": 10643, "location_desc": null, "official_name": "Kiuu Dispensary", "owner": {"name": "Ministry of Health"}, "keph_level": {"name": "Level 2"}, "ward": {"code": 490}, "number_of_cots": 0, "town": {"name": "kiuu"}, "name": "Kiuu Dispensary", "created": "2009-10-31T00:00:00+00:00", "regulatory_body": {"name": "Ministry of Health"}, "facility_type": {"name": "Dispensary"}, "plot_number": null, "operation_status": {"name": "Operational"}, "number_of_beds": 0}, {"code": 10337, "location_desc": null, "official_name": "Igana Dispensary", "owner": {"name": "Ministry of Health"}, "keph_level": {"name": "Level 2"}, "ward": {"code": 488}, "number_of_cots": 0, "town": {"name": "igana"}, "name": "Igana Dispensary", "created": "2009-10-31T00:00:00+00:00", "regulatory_body": {"name": "Ministry of Health"}, "facility_type": {"name": "Dispensary"}, "plot_number": null, "operation_status": {"name": "Operational"}, "number_of_beds": 0}, {"code": 10044, "location_desc": "Nairobi - Nakuru rd. Branch to the right at fly over . 2 kilometers from fly over", "official_name": "Bamboo Health Centre", "owner": {"name": "Ministry of Health"}, "keph_level": {"name": "Level 3"}, "ward": {"code": 448}, "number_of_cots": 3, "town": {"name": "magumu"}, "name": "Bamboo Health Centre", "created": "2009-10-31T00:00:00+00:00", "regulatory_body": {"name": "Ministry of Health"}, "facility_type": {"name": "Health Centre"}, "plot_number": "2", "operation_status": {"name": "Operational"}, "number_of_beds": 24}, {"code": 10836, "location_desc": "Near Ndugamano Shopping Center And next to the Chiefs Office", "official_name": "Ndugamano Dispensary", "owner": {"name": "Ministry of Health"}, "keph_level": {"name": "Level 2"}, "ward": {"code": 467}, "number_of_cots": 0, "town": {"name": "ndugamano"}, "name": "Ndugamano Dispensary", "created": "2009-10-31T00:00:00+00:00", "regulatory_body": {"name": "Ministry of Health"}, "facility_type": {"name": "Dispensary"}, "plot_number": "617", "operation_status": {"name": "Operational"}, "number_of_beds": 0}, {"code": 10574, "location_desc": "Next to Kiburu Boys Secondary school", "official_name": "Kiburu Dispensary", "owner": {"name": "Ministry of Health"}, "keph_level": {"name": "Level 2"}, "ward": {"code": 509}, "number_of_cots": 0, "town": {"name": "kiburu"}, "name": "Kiburu Dispensary", "created": "2009-10-31T00:00:00+00:00", "regulatory_body": {"name": "Ministry of Health"}, "facility_type": {"name": "Dispensary"}, "plot_number": null, "operation_status": {"name": "Operational"}, "number_of_beds": 0}, {"code": 12612, "location_desc": "In Muumandu market.Along Machakos-Wote road", "official_name": "Muumandu Dispensary", "owner": {"name": "Ministry of Health"}, "keph_level": {"name": "Level 2"}, "ward": {"code": 404}, "number_of_cots": 0, "town": {"name": "muumandu"}, "name": "Muumandu Dispensary", "created": "2009-10-31T00:00:00+00:00", "regulatory_body": {"name": "Ministry of Health"}, "facility_type": {"name": "Dispensary"}, "plot_number": null, "operation_status": {"name": "Operational"}, "number_of_beds": 2}, {"code": 12486, "location_desc": "Matinyani Market", "official_name": "Matinyani Dispensary ", "owner": {"name": "Ministry of Health"}, "keph_level": {"name": "Level 2"}, "ward": {"code": 348}, "number_of_cots": 0, "town": {"name": "kitui"}, "name": "Matinyani Dispensary", "created": "2009-10-31T00:00:00+00:00", "regulatory_body": {"name": "Ministry of Health"}, "facility_type": {"name": "Dispensary"}, "plot_number": null, "operation_status": {"name": "Operational"}, "number_of_beds": 4}, {"code": 13437, "location_desc": null, "official_name": "Shanta Abaq Dispensary (Wajir West)", "owner": {"name": "Ministry of Health"}, "keph_level": {"name": "Level 2"}, "ward": {"code": 179}, "number_of_cots": 0, "town": {"name": "griftu"}, "name": "Shanta Abaq Dispensary (Wajir West)", "created": "2009-10-31T00:00:00+00:00", "regulatory_body": {"name": "Ministry of Health"}, "facility_type": {"name": "Dispensary"}, "plot_number": null, "operation_status": {"name": "Operational"}, "number_of_beds": 0}, {"code": 11895, "location_desc": "Next to Watamu Post office along Gede Watamu road opposite Watamu primary School", "official_name": "Watamu Dispensary", "owner": {"name": "Ministry of Health"}, "keph_level": {"name": "Level 2"}, "ward": {"code": 54}, "number_of_cots": 0, "town": {"name": "watamu"}, "name": "Watamu Dispensary", "created": "2009-10-31T00:00:00+00:00", "regulatory_body": {"name": "Ministry of Health"}, "facility_type": {"name": "Dispensary"}, "plot_number": null, "operation_status": {"name": "Operational"}, "number_of_beds": 0}, {"code": 12007, "location_desc": "Along Embu - Meru Highway,Ena Market", "official_name": "Ena Dispensary ", "owner": {"name": "Ministry of Health"}, "keph_level": {"name": "Level 2"}, "ward": {"code": 318}, "number_of_cots": 0, "town": {"name": "ena"}, "name": "Ena Dispensary", "created": "2009-10-31T00:00:00+00:00", "regulatory_body": {"name": "Ministry of Health"}, "facility_type": {"name": "Dispensary"}, "plot_number": "229 ena r/d", "operation_status": {"name": "Operational"}, "number_of_beds": 0}, {"code": 10546, "location_desc": null, "official_name": "Kiamuya Dispensary", "owner": {"name": "Ministry of Health"}, "keph_level": {"name": "Level 2"}, "ward": {"code": 485}, "number_of_cots": 0, "town": {"name": "kiamuya"}, "name": "Kiamuya Dispensary", "created": "2009-10-31T00:00:00+00:00", "regulatory_body": {"name": "Ministry of Health"}, "facility_type": {"name": "Dispensary"}, "plot_number": null, "operation_status": {"name": "Operational"}, "number_of_beds": 0}, {"code": 12122, "location_desc": null, "official_name": "Kabuguri Dispensary", "owner": {"name": "Ministry of Health"}, "keph_level": {"name": "Level 2"}, "ward": {"code": 326}, "number_of_cots": 0, "town": {"name": "kabuguri"}, "name": "Kabuguri Dispensary", "created": "2009-10-31T00:00:00+00:00", "regulatory_body": {"name": "Ministry of Health"}, "facility_type": {"name": "Dispensary"}, "plot_number": " ", "operation_status": {"name": "Operational"}, "number_of_beds": 0}, {"code": 11525, "location_desc": "Situated at Lukore market centre", "official_name": "Lukore Dispensary", "owner": {"name": "Ministry of Health"}, "keph_level": {"name": "Level 2"}, "ward": {"code": 42}, "number_of_cots": 0, "town": {"name": "shimba hills"}, "name": "Lukore Dispensary", "created": "2009-10-31T00:00:00+00:00", "regulatory_body": {"name": "Ministry of Health"}, "facility_type": {"name": "Dispensary"}, "plot_number": null, "operation_status": {"name": "Operational"}, "number_of_beds": 0}, {"code": 11653, "location_desc": "Kilifi-Vitengeni Milore Primary school ", "official_name": "Muryachakwe Dispensary", "owner": {"name": "Ministry of Health"}, "keph_level": {"name": "Level 2"}, "ward": {"code": 74}, "number_of_cots": 0, "town": {"name": "muryachakwe"}, "name": "Muryachakwe Dispensary", "created": "2009-10-31T00:00:00+00:00", "regulatory_body": {"name": "Ministry of Health"}, "facility_type": {"name": "Dispensary"}, "plot_number": null, "operation_status": {"name": "Operational"}, "number_of_beds": 0}, {"code": 12625, "location_desc": null, "official_name": "Mweronkaga Dispensary", "owner": {"name": "Ministry of Health"}, "keph_level": {"name": "Level 2"}, "ward": {"code": 267}, "number_of_cots": 0, "town": {"name": "kianjai"}, "name": "Mweronkaga Dispensary", "created": "2009-10-31T00:00:00+00:00", "regulatory_body": {"name": "Ministry of Health"}, "facility_type": {"name": "Dispensary"}, "plot_number": " ", "operation_status": {"name": "Operational"}, "number_of_beds": 0}, {"code": 13484, "location_desc": "3 km from Kolenyo market along Kisumu Bondo road and is 11 kms from the district office", "official_name": "Arito Langi Dispensary", "owner": {"name": "Ministry of Health"}, "keph_level": {"name": "Level 2"}, "ward": {"code": 1202}, "number_of_cots": 0, "town": {"name": "kolenyo"}, "name": "Arito Langi Dispensary", "created": "2009-10-31T00:00:00+00:00", "regulatory_body": {"name": "Ministry of Health"}, "facility_type": {"name": "Dispensary"}, "plot_number": null, "operation_status": {"name": "Operational"}, "number_of_beds": 0}, {"code": 11593, "location_desc": "Near Mbuwani Primary School", "official_name": "Mbuwani Dispensary", "owner": {"name": "Ministry of Health"}, "keph_level": {"name": "Level 2"}, "ward": {"code": 31}, "number_of_cots": 0, "town": {"name": "ukunda"}, "name": "Mbuwani Dispensary", "created": "2009-10-31T00:00:00+00:00", "regulatory_body": {"name": "Ministry of Health"}, "facility_type": {"name": "Dispensary"}, "plot_number": null, "operation_status": {"name": "Operational"}, "number_of_beds": 0}, {"code": 14846, "location_desc": "kianjoya centre.", "official_name": "Kianjoya Dispensary", "owner": {"name": "Ministry of Health"}, "keph_level": {"name": "Level 2"}, "ward": {"code": 830}, "number_of_cots": 0, "town": {"name": "kianjoya"}, "name": "Kianjoya Dispensary", "created": "2009-10-31T00:00:00+00:00", "regulatory_body": {"name": "Ministry of Health"}, "facility_type": {"name": "Dispensary"}, "plot_number": "1328", "operation_status": {"name": "Operational"}, "number_of_beds": 3}, {"code": 12838, "location_desc": null, "official_name": "Wachoro Dispensary", "owner": {"name": "Ministry of Health"}, "keph_level": {"name": "Level 2"}, "ward": {"code": 323}, "number_of_cots": 0, "town": {"name": "makutano"}, "name": "Wachoro Dispensary", "created": "2009-10-31T00:00:00+00:00", "regulatory_body": {"name": "Ministry of Health"}, "facility_type": {"name": "Dispensary"}, "plot_number": null, "operation_status": {"name": "Operational"}, "number_of_beds": 0}, {"code": 11659, "location_desc": "In msumarinin shopping centre next to Paradise hotel", "official_name": "Msumarini Dispensary", "owner": {"name": "Ministry of Health"}, "keph_level": {"name": "Level 2"}, "ward": {"code": 62}, "number_of_cots": 0, "town": {"name": "mtwapa"}, "name": "Msumarini Dispensary", "created": "2009-10-31T00:00:00+00:00", "regulatory_body": {"name": "Ministry of Health"}, "facility_type": {"name": "Dispensary"}, "plot_number": null, "operation_status": {"name": "Operational"}, "number_of_beds": 0}, {"code": 10706, "location_desc": "3Km from githambo shopping centre", "official_name": "Matharite Dispensary", "owner": {"name": "Ministry of Health"}, "keph_level": {"name": "Level 2"}, "ward": {"code": 526}, "number_of_cots": 0, "town": {"name": "githambo market"}, "name": "Matharite Dispensary", "created": "2009-10-31T00:00:00+00:00", "regulatory_body": {"name": "Ministry of Health"}, "facility_type": {"name": "Dispensary"}, "plot_number": null, "operation_status": {"name": "Operational"}, "number_of_beds": 0}, {"code": 12158, "location_desc": "Gatunga mauthini Road", "official_name": "Kamacabi Dispensary", "owner": {"name": "Ministry of Health"}, "keph_level": {"name": "Level 2"}, "ward": {"code": 307}, "number_of_cots": 0, "town": {"name": "gatunga"}, "name": "Kamacabi Dispensary", "created": "2009-10-31T00:00:00+00:00", "regulatory_body": {"name": "Ministry of Health"}, "facility_type": {"name": "Dispensary"}, "plot_number": null, "operation_status": {"name": "Operational"}, "number_of_beds": 0}, {"code": 13521, "location_desc": "Kisumu-Awasi-Nandi hilll route, about 42Kms Kisumu at Chemelil old market", "official_name": "Chemelil GOK Dispensary", "owner": {"name": "Ministry of Health"}, "keph_level": {"name": "Level 2"}, "ward": {"code": 1213}, "number_of_cots": 0, "town": {"name": "chemelil"}, "name": "Chemelil GOK Dispensary", "created": "2009-10-31T00:00:00+00:00", "regulatory_body": {"name": "Ministry of Health"}, "facility_type": {"name": "Dispensary"}, "plot_number": null, "operation_status": {"name": "Operational"}, "number_of_beds": 0}, {"code": 10749, "location_desc": null, "official_name": "Mugunda Dispensary", "owner": {"name": "Ministry of Health"}, "keph_level": {"name": "Level 2"}, "ward": {"code": 472}, "number_of_cots": 0, "town": {"name": "mugunda"}, "name": "Mugunda Dispensary", "created": "2009-10-31T00:00:00+00:00", "regulatory_body": {"name": "Ministry of Health"}, "facility_type": {"name": "Dispensary"}, "plot_number": null, "operation_status": {"name": "Operational"}, "number_of_beds": 0}, {"code": 10613, "location_desc": "Nairobi - Nakuru Highway Near Kinale Primary/Secondary School", "official_name": "Kinale Forest Dispensary", "owner": {"name": "Ministry of Health"}, "keph_level": {"name": "Level 2"}, "ward": {"code": 606}, "number_of_cots": 0, "town": {"name": "kinale shopping centre"}, "name": "Kinale Forest Dispensary", "created": "2009-10-31T00:00:00+00:00", "regulatory_body": {"name": "Ministry of Health"}, "facility_type": {"name": "Dispensary"}, "plot_number": null, "operation_status": {"name": "Operational"}, "number_of_beds": 4}, {"code": 13408, "location_desc": "Bulla Medina", "official_name": "Medina Health Centre", "owner": {"name": "Ministry of Health"}, "keph_level": {"name": "Level 3"}, "ward": {"code": 132}, "number_of_cots": 0, "town": {"name": "bulla medina"}, "name": "Medina Health Centre", "created": "2009-10-31T00:00:00+00:00", "regulatory_body": {"name": "Ministry of Health"}, "facility_type": {"name": "Health Centre"}, "plot_number": null, "operation_status": {"name": "Operational"}, "number_of_beds": 0}, {"code": 10814, "location_desc": null, "official_name": "Mweru Dispensary (Nyeri South)", "owner": {"name": "Ministry of Health"}, "keph_level": {"name": "Level 2"}, "ward": {"code": 488}, "number_of_cots": 0, "town": {"name": "mweru"}, "name": "Mweru Dispensary (Nyeri South)", "created": "2009-10-31T00:00:00+00:00", "regulatory_body": {"name": "Ministry of Health"}, "facility_type": {"name": "Dispensary"}, "plot_number": null, "operation_status": {"name": "Operational"}, "number_of_beds": 0}, {"code": 10419, "location_desc": "0.5km off Nyahururu-Nyeri Rd from Leshau Karai township", "official_name": "Kahembe Health Centre", "owner": {"name": "Ministry of Health"}, "keph_level": {"name": "Level 3"}, "ward": {"code": 463}, "number_of_cots": 0, "town": {"name": "leshau karai"}, "name": "Kahembe Health Centre", "created": "2009-10-31T00:00:00+00:00", "regulatory_body": {"name": "Ministry of Health"}, "facility_type": {"name": "Health Centre"}, "plot_number": null, "operation_status": {"name": "Operational"}, "number_of_beds": 12}, {"code": 12454, "location_desc": null, "official_name": "Makima Dispensary", "owner": {"name": "Ministry of Health"}, "keph_level": {"name": "Level 2"}, "ward": {"code": 324}, "number_of_cots": 0, "town": {"name": "makima"}, "name": "Makima Dispensary", "created": "2009-10-31T00:00:00+00:00", "regulatory_body": {"name": "Ministry of Health"}, "facility_type": {"name": "Dispensary"}, "plot_number": " ", "operation_status": {"name": "Operational"}, "number_of_beds": 0}, {"code": 10681, "location_desc": "Olkalou-Engineer rd at miharate market", "official_name": "Manunga Health Centre", "owner": {"name": "Ministry of Health"}, "keph_level": {"name": "Level 3"}, "ward": {"code": 450}, "number_of_cots": 2, "town": {"name": "miharati"}, "name": "Manunga Health Centre", "created": "2009-10-31T00:00:00+00:00", "regulatory_body": {"name": "Ministry of Health"}, "facility_type": {"name": "Health Centre"}, "plot_number": null, "operation_status": {"name": "Operational"}, "number_of_beds": 10}, {"code": 13816, "location_desc": null, "official_name": "Miwani Dispensary ", "owner": {"name": "Ministry of Health"}, "keph_level": {"name": "Level 2"}, "ward": {"code": 1211}, "number_of_cots": 0, "town": {"name": "miwani"}, "name": "Miwani Dispensary", "created": "2009-10-31T00:00:00+00:00", "regulatory_body": {"name": "Ministry of Health"}, "facility_type": {"name": "Dispensary"}, "plot_number": null, "operation_status": {"name": "Operational"}, "number_of_beds": 0}, {"code": 12170, "location_desc": "Marimanti kamwaathu Road", "official_name": "Kamwathu Dispensary", "owner": {"name": "Ministry of Health"}, "keph_level": {"name": "Level 2"}, "ward": {"code": 306}, "number_of_cots": 0, "town": {"name": "marimanti market"}, "name": "Kamwathu Dispensary", "created": "2009-10-31T00:00:00+00:00", "regulatory_body": {"name": "Ministry of Health"}, "facility_type": {"name": "Dispensary"}, "plot_number": null, "operation_status": {"name": "Operational"}, "number_of_beds": 0}, {"code": 16237, "location_desc": null, "official_name": "Karuguaru Dispensary", "owner": {"name": "Ministry of Health"}, "keph_level": {"name": "Level 2"}, "ward": {"code": 306}, "number_of_cots": 0, "town": {"name": "gatunga"}, "name": "Karuguaru Dispensary", "created": "2009-10-31T00:00:00+00:00", "regulatory_body": {"name": "Ministry of Health"}, "facility_type": {"name": "Dispensary"}, "plot_number": null, "operation_status": {"name": "Operational"}, "number_of_beds": 0}, {"code": 14869, "location_desc": null, "official_name": "Kimanjo Dispensary", "owner": {"name": "Ministry of Health"}, "keph_level": {"name": "Level 2"}, "ward": {"code": 824}, "number_of_cots": 0, "town": {"name": "kimanjo"}, "name": "Kimanjo Dispensary", "created": "2009-10-31T00:00:00+00:00", "regulatory_body": {"name": "Ministry of Health"}, "facility_type": {"name": "Dispensary"}, "plot_number": null, "operation_status": {"name": "Operational"}, "number_of_beds": 4}, {"code": 13328, "location_desc": "adjacent to Diff primary school and mosque.3kms from Diff Kenya-somalia border", "official_name": "Diff Health Centre", "owner": {"name": "Ministry of Health"}, "keph_level": {"name": "Level 3"}, "ward": {"code": 190}, "number_of_cots": 0, "town": {"name": "habaswein"}, "name": "Diff Health Centre", "created": "2009-10-31T00:00:00+00:00", "regulatory_body": {"name": "Ministry of Health"}, "facility_type": {"name": "Health Centre"}, "plot_number": "diff trading centre", "operation_status": {"name": "Operational"}, "number_of_beds": 0}, {"code": 13329, "location_desc": "Behind AP post along Garissa wajir road", "official_name": "Dilmanyaley Health Centre", "owner": {"name": "Ministry of Health"}, "keph_level": {"name": "Level 3"}, "ward": {"code": 187}, "number_of_cots": 0, "town": {"name": "dilmanyale trading centre"}, "name": "Dilmanyaley Health Centre", "created": "2009-10-31T00:00:00+00:00", "regulatory_body": {"name": "Ministry of Health"}, "facility_type": {"name": "Health Centre"}, "plot_number": null, "operation_status": {"name": "Operational"}, "number_of_beds": 0}, {"code": 11129, "location_desc": "Tuthu market 10KM from kanyenyaini town", "official_name": "Tuthu Dispensary", "owner": {"name": "Ministry of Health"}, "keph_level": {"name": "Level 2"}, "ward": {"code": 518}, "number_of_cots": 0, "town": {"name": "tuthu"}, "name": "Tuthu Dispensary", "created": "2009-10-31T00:00:00+00:00", "regulatory_body": {"name": "Ministry of Health"}, "facility_type": {"name": "Dispensary"}, "plot_number": null, "operation_status": {"name": "Operational"}, "number_of_beds": 0}, {"code": 13289, "location_desc": null, "official_name": "Amuma Mobile Dispensary", "owner": {"name": "Ministry of Health"}, "keph_level": {"name": "Level 2"}, "ward": {"code": 155}, "number_of_cots": 0, "town": {"name": "bura"}, "name": "Amuma Mobile Dispensary", "created": "2009-10-31T00:00:00+00:00", "regulatory_body": {"name": "Ministry of Health"}, "facility_type": {"name": "Dispensary"}, "plot_number": null, "operation_status": {"name": "Operational"}, "number_of_beds": 0}, {"code": 10017, "location_desc": null, "official_name": "Aguthi Dispensary", "owner": {"name": "Ministry of Health"}, "keph_level": {"name": "Level 2"}, "ward": {"code": 489}, "number_of_cots": 0, "town": {"name": "gititu"}, "name": "Aguthi Dispensary", "created": "2009-10-31T00:00:00+00:00", "regulatory_body": {"name": "Ministry of Health"}, "facility_type": {"name": "Dispensary"}, "plot_number": null, "operation_status": {"name": "Operational"}, "number_of_beds": 0}, {"code": 11182, "location_desc": null, "official_name": "Wendiga Dispensary", "owner": {"name": "Ministry of Health"}, "keph_level": {"name": "Level 2"}, "ward": {"code": 471}, "number_of_cots": 0, "town": {"name": "mwiyogo"}, "name": "Wendiga Dispensary", "created": "2009-10-31T00:00:00+00:00", "regulatory_body": {"name": "Ministry of Health"}, "facility_type": {"name": "Dispensary"}, "plot_number": null, "operation_status": {"name": "Operational"}, "number_of_beds": 0}, {"code": 13358, "location_desc": null, "official_name": "Hadado Health Centre", "owner": {"name": "Ministry of Health"}, "keph_level": {"name": "Level 3"}, "ward": {"code": 177}, "number_of_cots": 0, "town": {"name": "griftu"}, "name": "Hadado Health Centre", "created": "2009-10-31T00:00:00+00:00", "regulatory_body": {"name": "Ministry of Health"}, "facility_type": {"name": "Health Centre"}, "plot_number": null, "operation_status": {"name": "Operational"}, "number_of_beds": 0}, {"code": 12169, "location_desc": null, "official_name": "Kamuwongo Dispensary", "owner": {"name": "Ministry of Health"}, "keph_level": {"name": "Level 2"}, "ward": {"code": 333}, "number_of_cots": 0, "town": {"name": "kamuwongo"}, "name": "Kamuwongo Dispensary", "created": "2009-10-31T00:00:00+00:00", "regulatory_body": {"name": "Ministry of Health"}, "facility_type": {"name": "Dispensary"}, "plot_number": null, "operation_status": {"name": "Operational"}, "number_of_beds": 0}, {"code": 12501, "location_desc": null, "official_name": "Mbita Dispensary", "owner": {"name": "Ministry of Health"}, "keph_level": {"name": "Level 2"}, "ward": {"code": 325}, "number_of_cots": 0, "town": {"name": "mbita"}, "name": "Mbita Dispensary", "created": "2009-10-31T00:00:00+00:00", "regulatory_body": {"name": "Ministry of Health"}, "facility_type": {"name": "Dispensary"}, "plot_number": " ", "operation_status": {"name": "Operational"}, "number_of_beds": 0}, {"code": 12842, "location_desc": "Wanzoa Market", "official_name": "Wanzoa Dispensary", "owner": {"name": "Ministry of Health"}, "keph_level": {"name": "Level 2"}, "ward": {"code": 346}, "number_of_cots": 0, "town": {"name": "kitui"}, "name": "Wanzoa Dispensary", "created": "2009-10-31T00:00:00+00:00", "regulatory_body": {"name": "Ministry of Health"}, "facility_type": {"name": "Dispensary"}, "plot_number": null, "operation_status": {"name": "Operational"}, "number_of_beds": 0}, {"code": 10229, "location_desc": "Gatugura town, off Kimunye/Kabare road", "official_name": "Gatugura Dispensary", "owner": {"name": "Ministry of Health"}, "keph_level": {"name": "Level 2"}, "ward": {"code": 504}, "number_of_cots": 0, "town": {"name": "gatugura"}, "name": "Gatugura Dispensary", "created": "2009-10-31T00:00:00+00:00", "regulatory_body": {"name": "Ministry of Health"}, "facility_type": {"name": "Dispensary"}, "plot_number": null, "operation_status": {"name": "Operational"}, "number_of_beds": 0}, {"code": 10638, "location_desc": null, "official_name": "Kirurumi Dispensary", "owner": {"name": "Ministry of Health"}, "keph_level": {"name": "Level 2"}, "ward": {"code": 466}, "number_of_cots": 0, "town": {"name": "kirurumi"}, "name": "Kirurumi Dispensary", "created": "2009-10-31T00:00:00+00:00", "regulatory_body": {"name": "Ministry of Health"}, "facility_type": {"name": "Dispensary"}, "plot_number": null, "operation_status": {"name": "Operational"}, "number_of_beds": 0}, {"code": 10468, "location_desc": "1 km from Kagio town on Nairobi Kerugoya road", "official_name": "Kangaru Dispensary (Kirinyaga)", "owner": {"name": "Ministry of Health"}, "keph_level": {"name": "Level 2"}, "ward": {"code": 496}, "number_of_cots": 0, "town": {"name": "kagio"}, "name": "Kangaru Dispensary (Kirinyaga)", "created": "2009-10-31T00:00:00+00:00", "regulatory_body": {"name": "Ministry of Health"}, "facility_type": {"name": "Dispensary"}, "plot_number": null, "operation_status": {"name": "Operational"}, "number_of_beds": 0}, {"code": 12259, "location_desc": "Kavisuni Market", "official_name": "Kavisuni Dispensary ", "owner": {"name": "Ministry of Health"}, "keph_level": {"name": "Level 2"}, "ward": {"code": 350}, "number_of_cots": 0, "town": {"name": "kavisuni"}, "name": "Kavisuni Dispensary", "created": "2009-10-31T00:00:00+00:00", "regulatory_body": {"name": "Ministry of Health"}, "facility_type": {"name": "Dispensary"}, "plot_number": null, "operation_status": {"name": "Operational"}, "number_of_beds": 0}, {"code": 11198, "location_desc": "Along Malindi Lamu Road turn left at Kibaoni straight to Adu opposite Chief's office.", "official_name": "Adu Dispensary", "owner": {"name": "Ministry of Health"}, "keph_level": {"name": "Level 2"}, "ward": {"code": 83}, "number_of_cots": 0, "town": {"name": "malindi"}, "name": "Adu Dispensary", "created": "2009-10-31T00:00:00+00:00", "regulatory_body": {"name": "Ministry of Health"}, "facility_type": {"name": "Dispensary"}, "plot_number": null, "operation_status": {"name": "Operational"}, "number_of_beds": 0}, {"code": 11559, "location_desc": "Located next to mamrui primary school", "official_name": "Mambrui Dispensary", "owner": {"name": "Ministry of Health"}, "keph_level": {"name": "Level 2"}, "ward": {"code": 80}, "number_of_cots": 0, "town": {"name": "mambrui shopping centre"}, "name": "Mambrui Dispensary", "created": "2009-10-31T00:00:00+00:00", "regulatory_body": {"name": "Ministry of Health"}, "facility_type": {"name": "Dispensary"}, "plot_number": null, "operation_status": {"name": "Operational"}, "number_of_beds": 4}, {"code": 12172, "location_desc": "Along Embu - Meru Highway Opposite East College, Banana Farm inside Kangaru Boys School Compound", "official_name": "Kangaru Dispensary (Embu)", "owner": {"name": "Ministry of Health"}, "keph_level": {"name": "Level 2"}, "ward": {"code": 315}, "number_of_cots": 0, "town": {"name": "embu"}, "name": "Kangaru Dispensary (Embu)", "created": "2009-10-31T00:00:00+00:00", "regulatory_body": {"name": "Ministry of Health"}, "facility_type": {"name": "Dispensary"}, "plot_number": null, "operation_status": {"name": "Operational"}, "number_of_beds": 0}, {"code": 12188, "location_desc": "Ntunyai Kanyuru road", "official_name": "Kanyuru Dispensary", "owner": {"name": "Ministry of Health"}, "keph_level": {"name": "Level 2"}, "ward": {"code": 310}, "number_of_cots": 0, "town": {"name": "marimanti market"}, "name": "Kanyuru Dispensary", "created": "2009-10-31T00:00:00+00:00", "regulatory_body": {"name": "Ministry of Health"}, "facility_type": {"name": "Dispensary"}, "plot_number": null, "operation_status": {"name": "Operational"}, "number_of_beds": 0}, {"code": 12239, "location_desc": null, "official_name": "Kathunguri Dispensary", "owner": {"name": "Ministry of Health"}, "keph_level": {"name": "Level 2"}, "ward": {"code": 322}, "number_of_cots": 0, "town": {"name": "karurumo"}, "name": "Kathunguri Dispensary", "created": "2009-10-31T00:00:00+00:00", "regulatory_body": {"name": "Ministry of Health"}, "facility_type": {"name": "Dispensary"}, "plot_number": null, "operation_status": {"name": "Operational"}, "number_of_beds": 0}, {"code": 13292, "location_desc": "Next to Arbarqueranso Primary School", "official_name": "Arbaqueranso Dispensary", "owner": {"name": "Ministry of Health"}, "keph_level": {"name": "Level 2"}, "ward": {"code": 171}, "number_of_cots": 0, "town": {"name": "arbaqueranso village"}, "name": "Arbaqueranso Dispensary", "created": "2009-10-31T00:00:00+00:00", "regulatory_body": {"name": "Ministry of Health"}, "facility_type": {"name": "Dispensary"}, "plot_number": null, "operation_status": {"name": "Operational"}, "number_of_beds": 0}, {"code": 12128, "location_desc": null, "official_name": "Kairungu Dispensary (Kyuso)", "owner": {"name": "Ministry of Health"}, "keph_level": {"name": "Level 2"}, "ward": {"code": 332}, "number_of_cots": 0, "town": {"name": "mivukoni"}, "name": "Kairungu Dispensary (Kyuso)", "created": "2009-10-31T00:00:00+00:00", "regulatory_body": {"name": "Ministry of Health"}, "facility_type": {"name": "Dispensary"}, "plot_number": null, "operation_status": {"name": "Not-Operational"}, "number_of_beds": 0}, {"code": 11136, "location_desc": null, "official_name": "Unjiru Health Centre", "owner": {"name": "Ministry of Health"}, "keph_level": {"name": "Level 3"}, "ward": {"code": 467}, "number_of_cots": 0, "town": {"name": "kiandu"}, "name": "Unjiru Health Centre", "created": "2009-10-31T00:00:00+00:00", "regulatory_body": {"name": "Ministry of Health"}, "facility_type": {"name": "Health Centre"}, "plot_number": null, "operation_status": {"name": "Operational"}, "number_of_beds": 7}, {"code": 13617, "location_desc": null, "official_name": "Ikonge Dispensary ", "owner": {"name": "Ministry of Health"}, "keph_level": {"name": "Level 2"}, "ward": {"code": 1357}, "number_of_cots": 0, "town": {"name": "ikonge"}, "name": "Ikonge Dispensary", "created": "2009-10-31T00:00:00+00:00", "regulatory_body": {"name": "Ministry of Health"}, "facility_type": {"name": "Dispensary"}, "plot_number": null, "operation_status": {"name": "Operational"}, "number_of_beds": 0}, {"code": 11888, "location_desc": "Next to Waa Primary School", "official_name": "Waa Health Centre", "owner": {"name": "Ministry of Health"}, "keph_level": {"name": "Level 3"}, "ward": {"code": 40}, "number_of_cots": 0, "town": {"name": "kwale"}, "name": "Waa Health Centre", "created": "2009-10-31T00:00:00+00:00", "regulatory_body": {"name": "Ministry of Health"}, "facility_type": {"name": "Health Centre"}, "plot_number": null, "operation_status": {"name": "Operational"}, "number_of_beds": 0}, {"code": 12700, "location_desc": null, "official_name": "Ontulili Dispensary", "owner": {"name": "Ministry of Health"}, "keph_level": {"name": "Level 2"}, "ward": {"code": 281}, "number_of_cots": 0, "town": {"name": "nanyuki"}, "name": "Ontulili Dispensary", "created": "2009-10-31T00:00:00+00:00", "regulatory_body": {"name": "Ministry of Health"}, "facility_type": {"name": "Dispensary"}, "plot_number": null, "operation_status": {"name": "Operational"}, "number_of_beds": 0}, {"code": 12253, "location_desc": "Kaumu Primary School", "official_name": "Kaumu Dispensary ", "owner": {"name": "Ministry of Health"}, "keph_level": {"name": "Level 2"}, "ward": {"code": 359}, "number_of_cots": 0, "town": {"name": "zombe"}, "name": "Kaumu Dispensary", "created": "2009-10-31T00:00:00+00:00", "regulatory_body": {"name": "Ministry of Health"}, "facility_type": {"name": "Dispensary"}, "plot_number": null, "operation_status": {"name": "Operational"}, "number_of_beds": 8}, {"code": 10203, "location_desc": null, "official_name": "Gakurwe Dispensary", "owner": {"name": "Ministry of Health"}, "keph_level": {"name": "Level 2"}, "ward": {"code": 520}, "number_of_cots": 0, "town": {"name": "muranga"}, "name": "Gakurwe Dispensary", "created": "2009-10-31T00:00:00+00:00", "regulatory_body": {"name": "Ministry of Health"}, "facility_type": {"name": "Dispensary"}, "plot_number": " ", "operation_status": {"name": "Operational"}, "number_of_beds": 0}, {"code": 11126, "location_desc": "Nbi-Naivasha rd , branch right at NYS junction , move 7km to kirima ,branch left , move 6km to murungaru shopping centre , branch left to Turasha shopping centre", "official_name": "Turasha Dispensary", "owner": {"name": "Ministry of Health"}, "keph_level": {"name": "Level 2"}, "ward": {"code": 452}, "number_of_cots": 0, "town": {"name": "turasha"}, "name": "Turasha Dispensary", "created": "2009-10-31T00:00:00+00:00", "regulatory_body": {"name": "Ministry of Health"}, "facility_type": {"name": "Dispensary"}, "plot_number": null, "operation_status": {"name": "Operational"}, "number_of_beds": 5}, {"code": 16291, "location_desc": "Within Wajir Airport", "official_name": "Port Health Dispensary (Wajir East)", "owner": {"name": "Ministry of Health"}, "keph_level": {"name": "Level 2"}, "ward": {"code": 169}, "number_of_cots": 0, "town": {"name": "wajir"}, "name": "Port Health Dispensary (Wajir East)", "created": "2009-10-31T00:00:00+00:00", "regulatory_body": {"name": "Ministry of Health"}, "facility_type": {"name": "Dispensary"}, "plot_number": null, "operation_status": {"name": "Operational"}, "number_of_beds": 0}, {"code": 12023, "location_desc": null, "official_name": "Gachuriri Dispensary", "owner": {"name": "Ministry of Health"}, "keph_level": {"name": "Level 2"}, "ward": {"code": 325}, "number_of_cots": 0, "town": {"name": "gachuriri"}, "name": "Gachuriri Dispensary", "created": "2009-10-31T00:00:00+00:00", "regulatory_body": {"name": "Ministry of Health"}, "facility_type": {"name": "Dispensary"}, "plot_number": " ", "operation_status": {"name": "Operational"}, "number_of_beds": 0}, {"code": 11581, "location_desc": null, "official_name": "Matuga Dispensary", "owner": {"name": "Ministry of Health"}, "keph_level": {"name": "Level 2"}, "ward": {"code": 40}, "number_of_cots": 0, "town": {"name": "kwale"}, "name": "Matuga Dispensary", "created": "2009-10-31T00:00:00+00:00", "regulatory_body": {"name": "Ministry of Health"}, "facility_type": {"name": "Dispensary"}, "plot_number": null, "operation_status": {"name": "Operational"}, "number_of_beds": 0}, {"code": 11571, "location_desc": "The facility lies 14 km from Malindi town. 7km from the branch of Malindi- lamu road at sabaki bridge on your way to Marafa H/C", "official_name": "Marikebuni Dispensary", "owner": {"name": "Ministry of Health"}, "keph_level": {"name": "Level 2"}, "ward": {"code": 84}, "number_of_cots": 0, "town": {"name": "malindi"}, "name": "Marikebuni Dispensary", "created": "2009-10-31T00:00:00+00:00", "regulatory_body": {"name": "Ministry of Health"}, "facility_type": {"name": "Dispensary"}, "plot_number": null, "operation_status": {"name": "Operational"}, "number_of_beds": 0}, {"code": 11836, "location_desc": "located 4 kilometres from main road (Mombasa -Kilifi road)Eastern side, Near Takaungu Primary school and Assistance Chiefs office", "official_name": "Takaungu Dispensary", "owner": {"name": "Ministry of Health"}, "keph_level": {"name": "Level 2"}, "ward": {"code": 57}, "number_of_cots": 0, "town": {"name": "takaungu"}, "name": "Takaungu Dispensary", "created": "2009-10-31T00:00:00+00:00", "regulatory_body": {"name": "Ministry of Health"}, "facility_type": {"name": "Dispensary"}, "plot_number": null, "operation_status": {"name": "Operational"}, "number_of_beds": 0}, {"code": 12712, "location_desc": null, "official_name": "Riakanau Dispensary", "owner": {"name": "Ministry of Health"}, "keph_level": {"name": "Level 2"}, "ward": {"code": 323}, "number_of_cots": 0, "town": {"name": "riakanau"}, "name": "Riakanau Dispensary", "created": "2009-10-31T00:00:00+00:00", "regulatory_body": {"name": "Ministry of Health"}, "facility_type": {"name": "Dispensary"}, "plot_number": " ", "operation_status": {"name": "Operational"}, "number_of_beds": 0}, {"code": 11713, "location_desc": "Located along  Mombasa Malindi  high way after Tezo shopping centre after Kilifi Town", "official_name": "Ngerenya Dispensary", "owner": {"name": "Ministry of Health"}, "keph_level": {"name": "Level 2"}, "ward": {"code": 51}, "number_of_cots": 0, "town": {"name": "ngerenya"}, "name": "Ngerenya Dispensary", "created": "2009-10-31T00:00:00+00:00", "regulatory_body": {"name": "Ministry of Health"}, "facility_type": {"name": "Dispensary"}, "plot_number": null, "operation_status": {"name": "Operational"}, "number_of_beds": 0}, {"code": 13926, "location_desc": null, "official_name": "Nyangiela Dispensary ", "owner": {"name": "Ministry of Health"}, "keph_level": {"name": "Level 3"}, "ward": {"code": 1221}, "number_of_cots": 0, "town": {"name": "nyangiela market"}, "name": "Nyangiela Dispensary", "created": "2009-10-31T00:00:00+00:00", "regulatory_body": {"name": "Ministry of Health"}, "facility_type": {"name": "Health Centre"}, "plot_number": null, "operation_status": {"name": "Operational"}, "number_of_beds": 0}], "model": "facilities.Facility", "unique_fields": ["code"]}]