[{"records": [{"code": 10983, "location_desc": "Near Ruruguti Shopping Center", "official_name": "Ruruguti Dispensary", "owner": {"name": "Ministry of Health"}, "keph_level": {"name": "Level 2"}, "ward": {"code": 485}, "number_of_cots": 0, "town": {"name": "ruruguti"}, "name": "Ruruguti Dispensary", "created": "2009-10-31T00:00:00+00:00", "regulatory_body": {"name": "Ministry of Health"}, "facility_type": {"name": "Dispensary"}, "plot_number": null, "operation_status": {"name": "Operational"}, "number_of_beds": 0}, {"code": 14761, "location_desc": null, "official_name": "Kapsisiywo Dispensary", "owner": {"name": "Ministry of Health"}, "keph_level": {"name": "Level 2"}, "ward": {"code": 768}, "number_of_cots": 0, "town": {"name": "kapsabet"}, "name": "Kapsisiywo Dispensary", "created": "2009-10-31T00:00:00+00:00", "regulatory_body": {"name": "Ministry of Health"}, "facility_type": {"name": "Dispensary"}, "plot_number": "nandi/kapsisiywo/156", "operation_status": {"name": "Operational"}, "number_of_beds": 0}, {"code": 10396, "location_desc": "Near Kenyatta Mahiga High School in Kagere", "official_name": "Kagere Dispensary", "owner": {"name": "Ministry of Health"}, "keph_level": {"name": "Level 2"}, "ward": {"code": 483}, "number_of_cots": 0, "town": {"name": "othaya town"}, "name": "Kagere Dispensary", "created": "2009-10-31T00:00:00+00:00", "regulatory_body": {"name": "Ministry of Health"}, "facility_type": {"name": "Dispensary"}, "plot_number": null, "operation_status": {"name": "Operational"}, "number_of_beds": 0}, {"code": 10555, "location_desc": "Off Kabare/Kimunye road, Kiang'ombe market ", "official_name": "Kiang'ombe Dispensary", "owner": {"name": "Ministry of Health"}, "keph_level": {"name": "Level 2"}, "ward": {"code": 313}, "number_of_cots": 0, "town": {"name": "kiang'ombe"}, "name": "Kiang'ombe Dispensary", "created": "2009-10-31T00:00:00+00:00", "regulatory_body": {"name": "Ministry of Health"}, "facility_type": {"name": "Dispensary"}, "plot_number": null, "operation_status": {"name": "Operational"}, "number_of_beds": 0}, {"code": 16650, "location_desc": null, "official_name": "Kavumbu Dispensary (Mwala)", "owner": {"name": "Ministry of Health"}, "keph_level": {"name": "Level 2"}, "ward": {"code": 407}, "number_of_cots": 0, "town": {"name": "masii"}, "name": "Kavumbu Dispensary (Mwala)", "created": "2009-10-31T00:00:00+00:00", "regulatory_body": {"name": "Ministry of Health"}, "facility_type": {"name": "Dispensary"}, "plot_number": " ", "operation_status": {"name": "Operational"}, "number_of_beds": 0}, {"code": 10331, "location_desc": null, "official_name": "Ichagachiru Dispensary", "owner": {"name": "Ministry of Health"}, "keph_level": {"name": "Level 2"}, "ward": {"code": 466}, "number_of_cots": 0, "town": {"name": "huhoini"}, "name": "Ichagachiru Dispensary", "created": "2009-10-31T00:00:00+00:00", "regulatory_body": {"name": "Ministry of Health"}, "facility_type": {"name": "Dispensary"}, "plot_number": null, "operation_status": {"name": "Operational"}, "number_of_beds": 0}, {"code": 10224, "location_desc": null, "official_name": "Gatondo Dispensary (Nyeri North)", "owner": {"name": "Ministry of Health"}, "keph_level": {"name": "Level 2"}, "ward": {"code": 479}, "number_of_cots": 0, "town": {"name": "karatina"}, "name": "Gatondo Dispensary (Nyeri North)", "created": "2009-10-31T00:00:00+00:00", "regulatory_body": {"name": "Ministry of Health"}, "facility_type": {"name": "Dispensary"}, "plot_number": null, "operation_status": {"name": "Operational"}, "number_of_beds": 0}, {"code": 13425, "location_desc": "Within Riba Village", "official_name": "Riba Dispensary", "owner": {"name": "Ministry of Health"}, "keph_level": {"name": "Level 2"}, "ward": {"code": 171}, "number_of_cots": 0, "town": {"name": "riba village"}, "name": "Riba Dispensary", "created": "2009-10-31T00:00:00+00:00", "regulatory_body": {"name": "Ministry of Health"}, "facility_type": {"name": "Dispensary"}, "plot_number": null, "operation_status": {"name": "Operational"}, "number_of_beds": 0}, {"code": 12142, "location_desc": null, "official_name": "Kalacha Dispensary (Chalbi)", "owner": {"name": "Ministry of Health"}, "keph_level": {"name": "Level 2"}, "ward": {"code": 229}, "number_of_cots": 0, "town": {"name": "north horr"}, "name": "Kalacha Dispensary (Chalbi)", "created": "2009-10-31T00:00:00+00:00", "regulatory_body": {"name": "Ministry of Health"}, "facility_type": {"name": "Dispensary"}, "plot_number": null, "operation_status": {"name": "Operational"}, "number_of_beds": 0}, {"code": 13940, "location_desc": null, "official_name": "Nyarongi Dispensary ", "owner": {"name": "Ministry of Health"}, "keph_level": {"name": "Level 2"}, "ward": {"code": 1271}, "number_of_cots": 0, "town": {"name": "onguo"}, "name": "Nyarongi Dispensary", "created": "2009-10-31T00:00:00+00:00", "regulatory_body": {"name": "Ministry of Health"}, "facility_type": {"name": "Dispensary"}, "plot_number": " ", "operation_status": {"name": "Operational"}, "number_of_beds": 0}, {"code": 11496, "location_desc": null, "official_name": "Kizingitini Dispensary", "owner": {"name": "Ministry of Health"}, "keph_level": {"name": "Level 2"}, "ward": {"code": 104}, "number_of_cots": 0, "town": {"name": "kizingitini"}, "name": "Kizingitini Dispensary", "created": "2009-10-31T00:00:00+00:00", "regulatory_body": {"name": "Ministry of Health"}, "facility_type": {"name": "Dispensary"}, "plot_number": " ", "operation_status": {"name": "Operational"}, "number_of_beds": 0}, {"code": 13313, "location_desc": "along Wajir Diff road", "official_name": "Burder Health Centre", "owner": {"name": "Ministry of Health"}, "keph_level": {"name": "Level 3"}, "ward": {"code": 188}, "number_of_cots": 0, "town": {"name": "burder trading centre"}, "name": "Burder Health Centre", "created": "2009-10-31T00:00:00+00:00", "regulatory_body": {"name": "Ministry of Health"}, "facility_type": {"name": "Health Centre"}, "plot_number": null, "operation_status": {"name": "Operational"}, "number_of_beds": 0}, {"code": 12054, "location_desc": null, "official_name": "Gus Dispensary", "owner": {"name": "Ministry of Health"}, "keph_level": {"name": "Level 2"}, "ward": {"code": 236}, "number_of_cots": 0, "town": {"name": "north horr"}, "name": "Gus Dispensary", "created": "2009-10-31T00:00:00+00:00", "regulatory_body": {"name": "Ministry of Health"}, "facility_type": {"name": "Dispensary"}, "plot_number": null, "operation_status": {"name": "Operational"}, "number_of_beds": 0}, {"code": 10601, "location_desc": "Next to Kihuyo secondary School", "official_name": "Kihuyo Dispensary", "owner": {"name": "Ministry of Health"}, "keph_level": {"name": "Level 2"}, "ward": {"code": 491}, "number_of_cots": 0, "town": {"name": "kihuyo"}, "name": "Kihuyo Dispensary", "created": "2009-10-31T00:00:00+00:00", "regulatory_body": {"name": "Ministry of Health"}, "facility_type": {"name": "Dispensary"}, "plot_number": null, "operation_status": {"name": "Operational"}, "number_of_beds": 0}, {"code": 10043, "location_desc": "2km 0ff Nyahururu-Nyeri Rd ", "official_name": "Baari Health centre", "owner": {"name": "Ministry of Health"}, "keph_level": {"name": "Level 3"}, "ward": {"code": 463}, "number_of_cots": 0, "town": {"name": "mailo inya"}, "name": "Baari Health Centre", "created": "2009-10-31T00:00:00+00:00", "regulatory_body": {"name": "Ministry of Health"}, "facility_type": {"name": "Health Centre"}, "plot_number": "2173", "operation_status": {"name": "Operational"}, "number_of_beds": 15}, {"code": 10440, "location_desc": "Near Kamae shopping centre,on the way to Thika from Kiambu West", "official_name": "Kamae Forest Dispensary", "owner": {"name": "Ministry of Health"}, "keph_level": {"name": "Level 2"}, "ward": {"code": 606}, "number_of_cots": 0, "town": {"name": "kamae"}, "name": "Kamae Forest Dispensary", "created": "2009-10-31T00:00:00+00:00", "regulatory_body": {"name": "Ministry of Health"}, "facility_type": {"name": "Dispensary"}, "plot_number": null, "operation_status": {"name": "Operational"}, "number_of_beds": 0}, {"code": 10213, "location_desc": "Near Mununga tea factory, borders Gathambi sec. school and Gathambi catholic church", "official_name": "Gathambi Health Centre", "owner": {"name": "Ministry of Health"}, "keph_level": {"name": "Level 3"}, "ward": {"code": 509}, "number_of_cots": 0, "town": {"name": "gathambi"}, "name": "Gathambi Health Centre", "created": "2009-10-31T00:00:00+00:00", "regulatory_body": {"name": "Ministry of Health"}, "facility_type": {"name": "Health Centre"}, "plot_number": null, "operation_status": {"name": "Operational"}, "number_of_beds": 0}, {"code": 13978, "location_desc": null, "official_name": "Ombek Dispensary ", "owner": {"name": "Ministry of Health"}, "keph_level": {"name": "Level 2"}, "ward": {"code": 1221}, "number_of_cots": 0, "town": {"name": "ombek market"}, "name": "Ombek Dispensary", "created": "2009-10-31T00:00:00+00:00", "regulatory_body": {"name": "Ministry of Health"}, "facility_type": {"name": "Dispensary"}, "plot_number": null, "operation_status": {"name": "Operational"}, "number_of_beds": 0}, {"code": 11409, "location_desc": null, "official_name": "Hindi Magogoni Dispensary", "owner": {"name": "Ministry of Health"}, "keph_level": {"name": "Level 2"}, "ward": {"code": 106}, "number_of_cots": 0, "town": {"name": "hindi"}, "name": "Hindi Magogoni Dispensary", "created": "2009-10-31T00:00:00+00:00", "regulatory_body": {"name": "Ministry of Health"}, "facility_type": {"name": "Dispensary"}, "plot_number": null, "operation_status": {"name": "Operational"}, "number_of_beds": 6}, {"code": 16762, "location_desc": "On Kakamega - Mumias Road and at Eshibuli Market turn in 2km to the right", "official_name": "Emusanda Dispensary", "owner": {"name": "Ministry of Health"}, "keph_level": {"name": "Level 2"}, "ward": {"code": 1011}, "number_of_cots": 0, "town": {"name": "eshisiru mkt"}, "name": "Emusanda Dispensary", "created": "2009-10-31T00:00:00+00:00", "regulatory_body": {"name": "Ministry of Health"}, "facility_type": {"name": "Dispensary"}, "plot_number": null, "operation_status": {"name": "Operational"}, "number_of_beds": 4}, {"code": 10635, "location_desc": "Near Kirogo pri. school", "official_name": "Kirogo Dispensary", "owner": {"name": "Ministry of Health"}, "keph_level": {"name": "Level 2"}, "ward": {"code": 502}, "number_of_cots": 0, "town": {"name": "wanguru"}, "name": "Kirogo Dispensary", "created": "2009-10-31T00:00:00+00:00", "regulatory_body": {"name": "Ministry of Health"}, "facility_type": {"name": "Dispensary"}, "plot_number": null, "operation_status": {"name": "Operational"}, "number_of_beds": 0}, {"code": 11255, "location_desc": "Near Bomani Shopping Centre and Chiefs office", "official_name": "Bomani Dispensary", "owner": {"name": "Ministry of Health"}, "keph_level": {"name": "Level 2"}, "ward": {"code": 62}, "number_of_cots": 0, "town": {"name": "majengo"}, "name": "Bomani Dispensary", "created": "2009-10-31T00:00:00+00:00", "regulatory_body": {"name": "Ministry of Health"}, "facility_type": {"name": "Dispensary"}, "plot_number": null, "operation_status": {"name": "Operational"}, "number_of_beds": 0}, {"code": 12271, "location_desc": null, "official_name": "Kiambere Dam Dispensary", "owner": {"name": "Ministry of Health"}, "keph_level": {"name": "Level 2"}, "ward": {"code": 329}, "number_of_cots": 0, "town": {"name": "ngiiri"}, "name": "Kiambere Dam Dispensary", "created": "2009-10-31T00:00:00+00:00", "regulatory_body": {"name": "Ministry of Health"}, "facility_type": {"name": "Dispensary"}, "plot_number": null, "operation_status": {"name": "Operational"}, "number_of_beds": 1}, {"code": 13430, "location_desc": "Sankuri-Balambala road", "official_name": "Saka Health Centre", "owner": {"name": "Ministry of Health"}, "keph_level": {"name": "Level 2"}, "ward": {"code": 138}, "number_of_cots": 0, "town": {"name": "garissa"}, "name": "Saka Health Centre", "created": "2009-10-31T00:00:00+00:00", "regulatory_body": {"name": "Ministry of Health"}, "facility_type": {"name": "Health Centre"}, "plot_number": null, "operation_status": {"name": "Operational"}, "number_of_beds": 0}, {"code": 13987, "location_desc": "Ndori Lwanda Kotieno road near Kalandin market centre", "official_name": "Ong'ielo Health Centre ", "owner": {"name": "Ministry of Health"}, "keph_level": {"name": "Level 3"}, "ward": {"code": 1181}, "number_of_cots": 0, "town": {"name": "kalandin"}, "name": "Ong'ielo Health Centre", "created": "2009-10-31T00:00:00+00:00", "regulatory_body": {"name": "Ministry of Health"}, "facility_type": {"name": "Health Centre"}, "plot_number": "327", "operation_status": {"name": "Operational"}, "number_of_beds": 0}, {"code": 10305, "location_desc": null, "official_name": "Gumba Health Centre", "owner": {"name": "Ministry of Health"}, "keph_level": {"name": "Level 3"}, "ward": {"code": 488}, "number_of_cots": 0, "town": {"name": "gumba"}, "name": "Gumba Health Centre", "created": "2009-10-31T00:00:00+00:00", "regulatory_body": {"name": "Ministry of Health"}, "facility_type": {"name": "Health Centre"}, "plot_number": null, "operation_status": {"name": "Operational"}, "number_of_beds": 10}, {"code": 10333, "location_desc": null, "official_name": "Ichamara Dispensary", "owner": {"name": "Ministry of Health"}, "keph_level": {"name": "Level 2"}, "ward": {"code": 488}, "number_of_cots": 0, "town": {"name": "ichamara"}, "name": "Ichamara Dispensary", "created": "2009-10-31T00:00:00+00:00", "regulatory_body": {"name": "Ministry of Health"}, "facility_type": {"name": "Dispensary"}, "plot_number": null, "operation_status": {"name": "Operational"}, "number_of_beds": 1}, {"code": 11430, "location_desc": "ALONG DZITSONI GANZE ROAD", "official_name": "Jaribuni Dispensary", "owner": {"name": "Ministry of Health"}, "keph_level": {"name": "Level 2"}, "ward": {"code": 73}, "number_of_cots": 0, "town": {"name": "jaribuni"}, "name": "Jaribuni Dispensary", "created": "2009-10-31T00:00:00+00:00", "regulatory_body": {"name": "Ministry of Health"}, "facility_type": {"name": "Dispensary"}, "plot_number": null, "operation_status": {"name": "Operational"}, "number_of_beds": 0}, {"code": 16006, "location_desc": "Next to Matioli Market", "official_name": "Matioli Dispensary", "owner": {"name": "Ministry of Health"}, "keph_level": {"name": "Level 2"}, "ward": {"code": 1015}, "number_of_cots": 0, "town": {"name": "bukura mkt"}, "name": "Matioli Dispensary", "created": "2009-10-31T00:00:00+00:00", "regulatory_body": {"name": "Ministry of Health"}, "facility_type": {"name": "Dispensary"}, "plot_number": null, "operation_status": {"name": "Operational"}, "number_of_beds": 0}, {"code": 13306, "location_desc": "Along Dadaab Diff Roadbehind Diff AP post next tom Biyamadhow Primary school", "official_name": "Biyamadhow Health Centre", "owner": {"name": "Ministry of Health"}, "keph_level": {"name": "Level 3"}, "ward": {"code": 184}, "number_of_cots": 0, "town": {"name": "habaswein"}, "name": "Biyamadhow Health Centre", "created": "2009-10-31T00:00:00+00:00", "regulatory_body": {"name": "Ministry of Health"}, "facility_type": {"name": "Health Centre"}, "plot_number": null, "operation_status": {"name": "Operational"}, "number_of_beds": 0}, {"code": 13997, "location_desc": "Along  Stella Sibuoche Roand", "official_name": "Osogo Dispensary ", "owner": {"name": "Ministry of Health"}, "keph_level": {"name": "Level 2"}, "ward": {"code": 1277}, "number_of_cots": 2, "town": {"name": "osogo"}, "name": "Osogo Dispensary", "created": "2009-10-31T00:00:00+00:00", "regulatory_body": {"name": "Ministry of Health"}, "facility_type": {"name": "Dispensary"}, "plot_number": null, "operation_status": {"name": "Operational"}, "number_of_beds": 12}, {"code": 11164, "location_desc": "Along NRB/Embu road inside the Wamumu approved school compound", "official_name": "Wamumu Dispensary", "owner": {"name": "Ministry of Health"}, "keph_level": {"name": "Level 2"}, "ward": {"code": 496}, "number_of_cots": 0, "town": {"name": "mutithi"}, "name": "Wamumu Dispensary", "created": "2009-10-31T00:00:00+00:00", "regulatory_body": {"name": "Ministry of Health"}, "facility_type": {"name": "Dispensary"}, "plot_number": null, "operation_status": {"name": "Operational"}, "number_of_beds": 0}, {"code": 12583, "location_desc": "Near Museve Market", "official_name": "Museve Dispensary ", "owner": {"name": "Ministry of Health"}, "keph_level": {"name": "Level 2"}, "ward": {"code": 358}, "number_of_cots": 0, "town": {"name": "kitui"}, "name": "Museve Dispensary", "created": "2009-10-31T00:00:00+00:00", "regulatory_body": {"name": "Ministry of Health"}, "facility_type": {"name": "Dispensary"}, "plot_number": null, "operation_status": {"name": "Operational"}, "number_of_beds": 0}, {"code": 11152, "location_desc": "Near Wahundura socondary school", "official_name": "Wahundura Dispensary", "owner": {"name": "Ministry of Health"}, "keph_level": {"name": "Level 2"}, "ward": {"code": 521}, "number_of_cots": 0, "town": {"name": "kiriaini"}, "name": "Wahundura Dispensary", "created": "2009-10-31T00:00:00+00:00", "regulatory_body": {"name": "Ministry of Health"}, "facility_type": {"name": "Dispensary"}, "plot_number": null, "operation_status": {"name": "Operational"}, "number_of_beds": 0}, {"code": 10494, "location_desc": "within Kariko Shopping Centre", "official_name": "Kariko Dispensary (Nyeri South)", "owner": {"name": "Ministry of Health"}, "keph_level": {"name": "Level 2"}, "ward": {"code": 485}, "number_of_cots": 0, "town": {"name": "kariko"}, "name": "Kariko Dispensary (Nyeri South)", "created": "2009-10-31T00:00:00+00:00", "regulatory_body": {"name": "Ministry of Health"}, "facility_type": {"name": "Dispensary"}, "plot_number": null, "operation_status": {"name": "Operational"}, "number_of_beds": 0}, {"code": 12670, "location_desc": "Along Chuka-Meru road near Mikumbune Market", "official_name": "Ntemwene Dispensary", "owner": {"name": "Ministry of Health"}, "keph_level": {"name": "Level 2"}, "ward": {"code": 295}, "number_of_cots": 0, "town": {"name": "nkubu town"}, "name": "Ntemwene Dispensary", "created": "2009-10-31T00:00:00+00:00", "regulatory_body": {"name": "Ministry of Health"}, "facility_type": {"name": "Dispensary"}, "plot_number": null, "operation_status": {"name": "Operational"}, "number_of_beds": 0}, {"code": 13890, "location_desc": "Off Kisumu Nairobi highway reach Molem and turn left 2.5km to Ragumo Shoping centre", "official_name": "Nyalunya Dispensary ", "owner": {"name": "Ministry of Health"}, "keph_level": {"name": "Level 2"}, "ward": {"code": 1190}, "number_of_cots": 0, "town": {"name": "ragumo"}, "name": "Nyalunya Dispensary", "created": "2009-10-31T00:00:00+00:00", "regulatory_body": {"name": "Ministry of Health"}, "facility_type": {"name": "Dispensary"}, "plot_number": "1596", "operation_status": {"name": "Operational"}, "number_of_beds": 4}, {"code": 10552, "location_desc": null, "official_name": "Kiandere Dispensary", "owner": {"name": "Ministry of Health"}, "keph_level": {"name": "Level 2"}, "ward": {"code": 466}, "number_of_cots": 0, "town": {"name": "kiandere"}, "name": "Kiandere Dispensary", "created": "2009-10-31T00:00:00+00:00", "regulatory_body": {"name": "Ministry of Health"}, "facility_type": {"name": "Dispensary"}, "plot_number": null, "operation_status": {"name": "Operational"}, "number_of_beds": 0}, {"code": 10402, "location_desc": "Along Kerugoya/Karatina road, opposite deta petrol station", "official_name": "Kagumo Health Centre", "owner": {"name": "Ministry of Health"}, "keph_level": {"name": "Level 3"}, "ward": {"code": 512}, "number_of_cots": 0, "town": {"name": "kagumo"}, "name": "Kagumo Health Centre", "created": "2009-10-31T00:00:00+00:00", "regulatory_body": {"name": "Ministry of Health"}, "facility_type": {"name": "Health Centre"}, "plot_number": "14", "operation_status": {"name": "Operational"}, "number_of_beds": 0}, {"code": 10729, "location_desc": null, "official_name": "Mihuti Dispensary (Nyeri South)", "owner": {"name": "Ministry of Health"}, "keph_level": {"name": "Level 2"}, "ward": {"code": 488}, "number_of_cots": 0, "town": {"name": "mihuti"}, "name": "Mihuti Dispensary (Nyeri South)", "created": "2009-10-31T00:00:00+00:00", "regulatory_body": {"name": "Ministry of Health"}, "facility_type": {"name": "Dispensary"}, "plot_number": null, "operation_status": {"name": "Operational"}, "number_of_beds": 0}, {"code": 12340, "location_desc": "3kms South of Kisasi Market", "official_name": "Kisasi Dispensary (Kitui)", "owner": {"name": "Ministry of Health"}, "keph_level": {"name": "Level 2"}, "ward": {"code": 350}, "number_of_cots": 0, "town": {"name": "kisasi"}, "name": "Kisasi Dispensary (Kitui)", "created": "2009-10-31T00:00:00+00:00", "regulatory_body": {"name": "Ministry of Health"}, "facility_type": {"name": "Dispensary"}, "plot_number": null, "operation_status": {"name": "Operational"}, "number_of_beds": 0}, {"code": 11397, "location_desc": "Inside Shimo La Tewa prison medium", "official_name": "Shimo Borstal Dispensary", "owner": {"name": "Ministry of Health"}, "keph_level": {"name": "Level 2"}, "ward": {"code": 15}, "number_of_cots": 0, "town": {"name": "mombasa"}, "name": "Shimo Borstal Dispensary (GK Prison)", "created": "2009-10-31T00:00:00+00:00", "regulatory_body": {"name": "Ministry of Health"}, "facility_type": {"name": "Dispensary"}, "plot_number": null, "operation_status": {"name": "Operational"}, "number_of_beds": 5}, {"code": 12417, "location_desc": null, "official_name": "Kyome (AIC)  Dispensary ", "owner": {"name": "Christian Health Association of Kenya"}, "keph_level": {"name": "Level 2"}, "ward": {"code": 336}, "number_of_cots": 0, "town": {"name": "kyome"}, "name": "Kyome (AIC) Dispensary", "created": "2009-10-31T00:00:00+00:00", "regulatory_body": {"name": "Kenya MPDB - Institution"}, "facility_type": {"name": "Dispensary"}, "plot_number": null, "operation_status": {"name": "Operational"}, "number_of_beds": 0}, {"code": 10873, "location_desc": "5km from Ngurubani town after the mosque", "official_name": "Nguka Health Centre", "owner": {"name": "Ministry of Health"}, "keph_level": {"name": "Level 3"}, "ward": {"code": 498}, "number_of_cots": 0, "town": {"name": "nguka"}, "name": "Nguka Health Centre", "created": "2009-10-31T00:00:00+00:00", "regulatory_body": {"name": "Ministry of Health"}, "facility_type": {"name": "Health Centre"}, "plot_number": "mnd b8", "operation_status": {"name": "Operational"}, "number_of_beds": 0}, {"code": 14518, "location_desc": "Within Kapsabet Municipality ", "official_name": "GK Prison Dispensary (Nandi Central)", "owner": {"name": "Ministry of Health"}, "keph_level": {"name": "Level 2"}, "ward": {"code": 772}, "number_of_cots": 0, "town": {"name": "kapsabet"}, "name": "GK Prison Dispensary (Nandi Central)", "created": "2009-10-31T00:00:00+00:00", "regulatory_body": {"name": "Ministry of Health"}, "facility_type": {"name": "Dispensary"}, "plot_number": null, "operation_status": {"name": "Operational"}, "number_of_beds": 0}, {"code": 10880, "location_desc": "Near karii market", "official_name": "Njegas Health Centre", "owner": {"name": "Ministry of Health"}, "keph_level": {"name": "Level 3"}, "ward": {"code": 500}, "number_of_cots": 0, "town": {"name": "njegas"}, "name": "Njegas Health Centre", "created": "2009-10-31T00:00:00+00:00", "regulatory_body": {"name": "Ministry of Health"}, "facility_type": {"name": "Health Centre"}, "plot_number": null, "operation_status": {"name": "Operational"}, "number_of_beds": 0}, {"code": 13885, "location_desc": "Along Dede Nyakuru Road", "official_name": "Nyakuru Dispensary ", "owner": {"name": "Ministry of Health"}, "keph_level": {"name": "Level 2"}, "ward": {"code": 1265}, "number_of_cots": 0, "town": {"name": "dede"}, "name": "Nyakuru Dispensary", "created": "2009-10-31T00:00:00+00:00", "regulatory_body": {"name": "Ministry of Health"}, "facility_type": {"name": "Dispensary"}, "plot_number": null, "operation_status": {"name": "Operational"}, "number_of_beds": 6}, {"code": 11384, "location_desc": "Next to Garashi Trading centre", "official_name": "Garashi Dispensary", "owner": {"name": "Ministry of Health"}, "keph_level": {"name": "Level 2"}, "ward": {"code": 84}, "number_of_cots": 0, "town": {"name": "garashi trading center"}, "name": "Garashi Dispensary", "created": "2009-10-31T00:00:00+00:00", "regulatory_body": {"name": "Ministry of Health"}, "facility_type": {"name": "Dispensary"}, "plot_number": null, "operation_status": {"name": "Operational"}, "number_of_beds": 0}, {"code": 12091, "location_desc": "On Inyuu Market-Zombe Town", "official_name": "Inyuu Dispensary", "owner": {"name": "Ministry of Health"}, "keph_level": {"name": "Level 2"}, "ward": {"code": 359}, "number_of_cots": 0, "town": {"name": "zombe"}, "name": "Inyuu Dispensary", "created": "2009-10-31T00:00:00+00:00", "regulatory_body": {"name": "Ministry of Health"}, "facility_type": {"name": "Dispensary"}, "plot_number": "n/a", "operation_status": {"name": "Operational"}, "number_of_beds": 1}, {"code": 10634, "location_desc": "Off Ndaragwa- Nyeri RD 8km from Wiyumiririe shopping centre", "official_name": "Kiriogo Dispensary", "owner": {"name": "Ministry of Health"}, "keph_level": {"name": "Level 2"}, "ward": {"code": 464}, "number_of_cots": 0, "town": {"name": "wiyumiririe"}, "name": "Kiriogo Dispensary", "created": "2009-10-31T00:00:00+00:00", "regulatory_body": {"name": "Ministry of Health"}, "facility_type": {"name": "Dispensary"}, "plot_number": null, "operation_status": {"name": "Operational"}, "number_of_beds": 0}, {"code": 15065, "location_desc": null, "official_name": "Lokusero Dispensary", "owner": {"name": "Ministry of Health"}, "keph_level": {"name": "Level 2"}, "ward": {"code": 825}, "number_of_cots": 1, "town": {"name": "nandungoro"}, "name": "Lokusero Dispensary", "created": "2009-10-31T00:00:00+00:00", "regulatory_body": {"name": "Ministry of Health"}, "facility_type": {"name": "Dispensary"}, "plot_number": null, "operation_status": {"name": "Operational"}, "number_of_beds": 4}, {"code": 13759, "location_desc": "Kisumu-Awasi-Chemelil Nyayo Mkt. Branch on your right hand.", "official_name": "Makindu Dispensary ", "owner": {"name": "Ministry of Health"}, "keph_level": {"name": "Level 2"}, "ward": {"code": 1207}, "number_of_cots": 0, "town": {"name": "muhoroni"}, "name": "Makindu Dispensary", "created": "2009-10-31T00:00:00+00:00", "regulatory_body": {"name": "Ministry of Health"}, "facility_type": {"name": "Dispensary"}, "plot_number": null, "operation_status": {"name": "Operational"}, "number_of_beds": 0}, {"code": 10830, "location_desc": null, "official_name": "Ndathi Dispensary", "owner": {"name": "Ministry of Health"}, "keph_level": {"name": "Level 2"}, "ward": {"code": 475}, "number_of_cots": 0, "town": {"name": "kabaru"}, "name": "Ndathi Dispensary", "created": "2009-10-31T00:00:00+00:00", "regulatory_body": {"name": "Ministry of Health"}, "facility_type": {"name": "Dispensary"}, "plot_number": " ", "operation_status": {"name": "Operational"}, "number_of_beds": 0}, {"code": 10766, "location_desc": "10kms from PI on Embu/NRB road, next to Ngariama settlement scheme", "official_name": "Mumbuini Dispensary", "owner": {"name": "Ministry of Health"}, "keph_level": {"name": "Level 2"}, "ward": {"code": 501}, "number_of_cots": 0, "town": {"name": "embu"}, "name": "Mumbuini Dispensary", "created": "2009-10-31T00:00:00+00:00", "regulatory_body": {"name": "Ministry of Health"}, "facility_type": {"name": "Dispensary"}, "plot_number": null, "operation_status": {"name": "Operational"}, "number_of_beds": 0}, {"code": 14069, "location_desc": null, "official_name": "Saro Dispensary ", "owner": {"name": "Ministry of Health"}, "keph_level": {"name": "Level 2"}, "ward": {"code": 1271}, "number_of_cots": 0, "town": {"name": "nyabisawa"}, "name": "Saro Dispensary", "created": "2009-10-31T00:00:00+00:00", "regulatory_body": {"name": "Ministry of Health"}, "facility_type": {"name": "Dispensary"}, "plot_number": " ", "operation_status": {"name": "Operational"}, "number_of_beds": 1}, {"code": 16546, "location_desc": "Near Gombato Primary School", "official_name": "Gombato Dispensary (CDF)", "owner": {"name": "Ministry of Health"}, "keph_level": {"name": "Level 2"}, "ward": {"code": 31}, "number_of_cots": 0, "town": {"name": "ukunda"}, "name": "Gombato Dispensary (CDF)", "created": "2009-10-31T00:00:00+00:00", "regulatory_body": {"name": "Ministry of Health"}, "facility_type": {"name": "Dispensary"}, "plot_number": null, "operation_status": {"name": "Operational"}, "number_of_beds": 0}, {"code": 12071, "location_desc": "Along Mate Road at Njuki Njiru ", "official_name": "Igoki Dispensary", "owner": {"name": "Ministry of Health"}, "keph_level": {"name": "Level 2"}, "ward": {"code": 277}, "number_of_cots": 0, "town": {"name": "meru"}, "name": "Igoki Dispensary", "created": "2009-10-31T00:00:00+00:00", "regulatory_body": {"name": "Ministry of Health"}, "facility_type": {"name": "Dispensary"}, "plot_number": null, "operation_status": {"name": "Operational"}, "number_of_beds": 0}, {"code": 14094, "location_desc": "3 Kms off Kisumu Busia road, next to Siriba Campus of Maseno University", "official_name": "Siriba Dispensary ", "owner": {"name": "Ministry of Health"}, "keph_level": {"name": "Level 2"}, "ward": {"code": 1195}, "number_of_cots": 0, "town": {"name": "maseno town"}, "name": "Siriba Dispensary", "created": "2009-10-31T00:00:00+00:00", "regulatory_body": {"name": "Ministry of Health"}, "facility_type": {"name": "Dispensary"}, "plot_number": null, "operation_status": {"name": "Operational"}, "number_of_beds": 0}, {"code": 13451, "location_desc": "Next to Wajir Bor Primary School", "official_name": "Wajir Bor Health Centre", "owner": {"name": "Ministry of Health"}, "keph_level": {"name": "Level 3"}, "ward": {"code": 171}, "number_of_cots": 0, "town": {"name": "wajir"}, "name": "Wajir Bor Health Centre", "created": "2009-10-31T00:00:00+00:00", "regulatory_body": {"name": "Ministry of Health"}, "facility_type": {"name": "Health Centre"}, "plot_number": null, "operation_status": {"name": "Operational"}, "number_of_beds": 0}, {"code": 12590, "location_desc": null, "official_name": "Muthanthara Dispensary", "owner": {"name": "Ministry of Health"}, "keph_level": {"name": "Level 2"}, "ward": {"code": 330}, "number_of_cots": 0, "town": {"name": "muthanthara"}, "name": "Muthanthara Dispensary", "created": "2009-10-31T00:00:00+00:00", "regulatory_body": {"name": "Ministry of Health"}, "facility_type": {"name": "Dispensary"}, "plot_number": null, "operation_status": {"name": "Operational"}, "number_of_beds": 0}, {"code": 13935, "location_desc": null, "official_name": "Nyansangio Dispensary ", "owner": {"name": "Ministry of Health"}, "keph_level": {"name": "Level 2"}, "ward": {"code": 1352}, "number_of_cots": 0, "town": {"name": "miruka"}, "name": "Nyansangio Dispensary", "created": "2009-10-31T00:00:00+00:00", "regulatory_body": {"name": "Ministry of Health"}, "facility_type": {"name": "Dispensary"}, "plot_number": " ", "operation_status": {"name": "Operational"}, "number_of_beds": 0}, {"code": 10361, "location_desc": null, "official_name": "Itundu Dispensary", "owner": {"name": "Ministry of Health"}, "keph_level": {"name": "Level 2"}, "ward": {"code": 479}, "number_of_cots": 0, "town": {"name": "itundu"}, "name": "Itundu Dispensary", "created": "2009-10-31T00:00:00+00:00", "regulatory_body": {"name": "Ministry of Health"}, "facility_type": {"name": "Dispensary"}, "plot_number": " ", "operation_status": {"name": "Operational"}, "number_of_beds": 0}, {"code": 12648, "location_desc": "In Ngelani Market", "official_name": "Ngelani (AIC) Dispensary", "owner": {"name": "Christian Health Association of Kenya"}, "keph_level": {"name": "Level 2"}, "ward": {"code": 400}, "number_of_cots": 0, "town": {"name": "machakos"}, "name": "Ngelani (AIC) Dispensary", "created": "2009-10-31T00:00:00+00:00", "regulatory_body": {"name": "Kenya MPDB - Private Practice"}, "facility_type": {"name": "Dispensary"}, "plot_number": null, "operation_status": {"name": "Operational"}, "number_of_beds": 4}, {"code": 14554, "location_desc": " Njoro Town.", "official_name": "Huruma Mobile Clinic", "owner": {"name": "Other Faith Based"}, "keph_level": {"name": "Level 2"}, "ward": {"code": 835}, "number_of_cots": 0, "town": {"name": "njoro"}, "name": "Huruma Mobile Clinic", "created": "2009-10-31T00:00:00+00:00", "regulatory_body": {"name": "Kenya MPDB - Institution"}, "facility_type": {"name": "Dispensary"}, "plot_number": "lr519/180", "operation_status": {"name": "Operational"}, "number_of_beds": 0}, {"code": 16392, "location_desc": "Molo Town ", "official_name": "FGC of Kenya Medical Centre", "owner": {"name": "Other Faith Based"}, "keph_level": {"name": "Level 2"}, "ward": {"code": 855}, "number_of_cots": 0, "town": {"name": "molo"}, "name": "FGC of Kenya Medical Centre", "created": "2009-10-31T00:00:00+00:00", "regulatory_body": {"name": "Kenya MPDB - Institution"}, "facility_type": {"name": "Dispensary"}, "plot_number": null, "operation_status": {"name": "Not-Operational"}, "number_of_beds": 0}, {"code": 16763, "location_desc": null, "official_name": "Eshisiru Catholic Dispensary", "owner": {"name": "Kenya Episcopal Conference-Catholic Secretariat"}, "keph_level": {"name": "Level 2"}, "ward": {"code": 1011}, "number_of_cots": 0, "town": {"name": "eshisiru mkt"}, "name": "Eshisiru Catholic Dispensary", "created": "2009-10-31T00:00:00+00:00", "regulatory_body": {"name": "Kenya MPDB - Institution"}, "facility_type": {"name": "Dispensary"}, "plot_number": null, "operation_status": {"name": "Operational"}, "number_of_beds": 1}, {"code": 12213, "location_desc": null, "official_name": "Katakani Dispensary", "owner": {"name": "Other Faith Based"}, "keph_level": {"name": "Level 2"}, "ward": {"code": 332}, "number_of_cots": 0, "town": {"name": "katakani"}, "name": "Katakani Dispensary", "created": "2009-10-31T00:00:00+00:00", "regulatory_body": {"name": "Kenya MPDB - Institution"}, "facility_type": {"name": "Dispensary"}, "plot_number": null, "operation_status": {"name": "Operational"}, "number_of_beds": 0}, {"code": 12594, "location_desc": null, "official_name": "Muthetheni Mission Health Centre", "owner": {"name": "Other Faith Based"}, "keph_level": {"name": "Level 2"}, "ward": {"code": 408}, "number_of_cots": 0, "town": {"name": "masii"}, "name": "Muthetheni Mission Health Centre", "created": "2009-10-31T00:00:00+00:00", "regulatory_body": {"name": "Kenya MPDB - Institution"}, "facility_type": {"name": "Dispensary"}, "plot_number": null, "operation_status": {"name": "Operational"}, "number_of_beds": 0}, {"code": 12456, "location_desc": "Along Wote-Kathonzweni Rd,Off Prisons Rd,Near Makueni Girls High School.", "official_name": "Catholic Mission Dispensary Makueni", "owner": {"name": "Kenya Episcopal Conference-Catholic Secretariat"}, "keph_level": {"name": "Level 2"}, "ward": {"code": 424}, "number_of_cots": 0, "town": {"name": "unoa"}, "name": "Catholic Mission Dispensary Makueni", "created": "2009-10-31T00:00:00+00:00", "regulatory_body": {"name": "Kenya MPDB - Institution"}, "facility_type": {"name": "Dispensary"}, "plot_number": null, "operation_status": {"name": "Operational"}, "number_of_beds": 0}, {"code": 15816, "location_desc": null, "official_name": "Bujumba Dispensary", "owner": {"name": "Other Faith Based"}, "keph_level": {"name": "Level 2"}, "ward": {"code": 1142}, "number_of_cots": 0, "town": {"name": "bumala"}, "name": "Bujumba Dispensary", "created": "2009-10-31T00:00:00+00:00", "regulatory_body": {"name": "Kenya MPDB - Institution"}, "facility_type": {"name": "Dispensary"}, "plot_number": null, "operation_status": {"name": "Operational"}, "number_of_beds": 0}, {"code": 13873, "location_desc": "Near Nyagowa Secondary School, Directly ahead at the junction of Oyugis Nyangiela, Nyimbi roads", "official_name": "Nyagowa ELCK Dispensary", "owner": {"name": "Other Faith Based"}, "keph_level": {"name": "Level 2"}, "ward": {"code": 1221}, "number_of_cots": 0, "town": {"name": "kidir  market"}, "name": "Nyagowa Elck Dispensary", "created": "2009-10-31T00:00:00+00:00", "regulatory_body": {"name": "Kenya MPDB - Institution"}, "facility_type": {"name": "Dispensary"}, "plot_number": null, "operation_status": {"name": "Operational"}, "number_of_beds": 0}, {"code": 14504, "location_desc": "Next to Loltulelei Primary School", "official_name": "Loltulelei Friends Dispensary", "owner": {"name": "Christian Health Association of Kenya"}, "keph_level": {"name": "Level 2"}, "ward": {"code": 661}, "number_of_cots": 0, "town": {"name": "loltulelei village"}, "name": "Loltulelei Friends Dispensary", "created": "2009-10-31T00:00:00+00:00", "regulatory_body": {"name": "Kenya MPDB - Institution"}, "facility_type": {"name": "Dispensary"}, "plot_number": null, "operation_status": {"name": "Operational"}, "number_of_beds": 0}, {"code": 12431, "location_desc": null, "official_name": "Liviero Dispensary", "owner": {"name": "Other Faith Based"}, "keph_level": {"name": "Level 2"}, "ward": {"code": 325}, "number_of_cots": 0, "town": {"name": "gachoka"}, "name": "Liviero Dispensary", "created": "2009-10-31T00:00:00+00:00", "regulatory_body": {"name": "Kenya MPDB - Institution"}, "facility_type": {"name": "Dispensary"}, "plot_number": null, "operation_status": {"name": "Operational"}, "number_of_beds": 0}, {"code": 11844, "location_desc": "Neer tawheed academy", "official_name": "Tawheed Dispensary", "owner": {"name": "Other Faith Based"}, "keph_level": {"name": "Level 2"}, "ward": {"code": 78}, "number_of_cots": 0, "town": {"name": "malindi"}, "name": "Tawheed Dispensary", "created": "2009-10-31T00:00:00+00:00", "regulatory_body": {"name": "Clinical Officers Council"}, "facility_type": {"name": "Dispensary"}, "plot_number": null, "operation_status": {"name": "Operational"}, "number_of_beds": 0}, {"code": 12194, "location_desc": null, "official_name": "Karaba Wango Dispensary", "owner": {"name": "Other Faith Based"}, "keph_level": {"name": "Level 2"}, "ward": {"code": 326}, "number_of_cots": 0, "town": {"name": "karaba"}, "name": "Karaba Wango Dispensary", "created": "2009-10-31T00:00:00+00:00", "regulatory_body": {"name": "Kenya MPDB - Institution"}, "facility_type": {"name": "Dispensary"}, "plot_number": null, "operation_status": {"name": "Operational"}, "number_of_beds": 0}, {"code": 15651, "location_desc": "Molo - Mau summit road at baraka training college.", "official_name": "St Martin De Porres (Static)", "owner": {"name": "Kenya Episcopal Conference-Catholic Secretariat"}, "keph_level": {"name": "Level 2"}, "ward": {"code": 856}, "number_of_cots": 0, "town": {"name": "mau-sammit"}, "name": "St Martin De Porres (Static)", "created": "2009-10-31T00:00:00+00:00", "regulatory_body": {"name": "Kenya MPDB - Institution"}, "facility_type": {"name": "Dispensary"}, "plot_number": "11/9867 mau-summit", "operation_status": {"name": "Operational"}, "number_of_beds": 0}, {"code": 12543, "location_desc": null, "official_name": "Moyale Catholic Dispensary", "owner": {"name": "Kenya Episcopal Conference-Catholic Secretariat"}, "keph_level": {"name": "Level 2"}, "ward": {"code": 223}, "number_of_cots": 0, "town": {"name": "moyale"}, "name": "Moyale Catholic Dispensary", "created": "2009-10-31T00:00:00+00:00", "regulatory_body": {"name": "Kenya MPDB - Institution"}, "facility_type": {"name": "Dispensary"}, "plot_number": null, "operation_status": {"name": "Operational"}, "number_of_beds": 0}, {"code": 10551, "location_desc": "in Kiandegwa village", "official_name": "Kiandegwa (Methodist Church Of Kenya) Dispensary", "owner": {"name": "Christian Health Association of Kenya"}, "keph_level": {"name": "Level 2"}, "ward": {"code": 499}, "number_of_cots": 0, "town": {"name": "kiandegwa"}, "name": "Kiandegwa (Methodist Church of Kenya) Dispensary", "created": "2009-10-31T00:00:00+00:00", "regulatory_body": {"name": "Kenya MPDB - Institution"}, "facility_type": {"name": "Dispensary"}, "plot_number": "w.k.a 29", "operation_status": {"name": "Operational"}, "number_of_beds": 0}, {"code": 11467, "location_desc": "Next to Kichakasimba Girls Secondary School", "official_name": "Kichaka Simba Dispensary", "owner": {"name": "Other Faith Based"}, "keph_level": {"name": "Level 2"}, "ward": {"code": 42}, "number_of_cots": 0, "town": {"name": "shimba hills"}, "name": "Kichaka Simba Dispensary", "created": "2009-10-31T00:00:00+00:00", "regulatory_body": {"name": "Kenya MPDB - Institution"}, "facility_type": {"name": "Dispensary"}, "plot_number": null, "operation_status": {"name": "Operational"}, "number_of_beds": 0}, {"code": 15978, "location_desc": "Is on Navakholo - Butali Road 5 km from Navakholo market on the left", "official_name": "Lutaso Dispensary", "owner": {"name": "Other Faith Based"}, "keph_level": {"name": "Level 2"}, "ward": {"code": 1018}, "number_of_cots": 5, "town": {"name": "lutaso mrkt"}, "name": "Lutaso Dispensary", "created": "2009-10-31T00:00:00+00:00", "regulatory_body": {"name": "Kenya MPDB - Institution"}, "facility_type": {"name": "Dispensary"}, "plot_number": null, "operation_status": {"name": "Operational"}, "number_of_beds": 8}, {"code": 15902, "location_desc": null, "official_name": "Ingotse Dispensary", "owner": {"name": "Other Faith Based"}, "keph_level": {"name": "Level 2"}, "ward": {"code": 1015}, "number_of_cots": 0, "town": {"name": "ingotse mkt"}, "name": "Ingotse Dispensary", "created": "2009-10-31T00:00:00+00:00", "regulatory_body": {"name": "Kenya MPDB - Institution"}, "facility_type": {"name": "Dispensary"}, "plot_number": null, "operation_status": {"name": "Operational"}, "number_of_beds": 24}, {"code": 12507, "location_desc": null, "official_name": "Mbooni (AIC) Dispensary", "owner": {"name": "Christian Health Association of Kenya"}, "keph_level": {"name": "Level 2"}, "ward": {"code": 412}, "number_of_cots": 2, "town": {"name": "tuvilani"}, "name": "Mbooni (AIC) Dispensary", "created": "2009-10-31T00:00:00+00:00", "regulatory_body": {"name": "Kenya MPDB - Institution"}, "facility_type": {"name": "Dispensary"}, "plot_number": null, "operation_status": {"name": "Operational"}, "number_of_beds": 2}, {"code": 12409, "location_desc": "Near Mua Girls High School", "official_name": "Kyasila (AIC) Dispensary", "owner": {"name": "Christian Health Association of Kenya"}, "keph_level": {"name": "Level 2"}, "ward": {"code": 399}, "number_of_cots": 0, "town": {"name": "mua"}, "name": "Kyasila (AIC) Dispensary", "created": "2009-10-31T00:00:00+00:00", "regulatory_body": {"name": "Kenya MPDB - Institution"}, "facility_type": {"name": "Dispensary"}, "plot_number": null, "operation_status": {"name": "Operational"}, "number_of_beds": 4}, {"code": 13268, "location_desc": "Along Army Camp Road", "official_name": "Africa Inland Church Dispensary", "owner": {"name": "Christian Health Association of Kenya"}, "keph_level": {"name": "Level 2"}, "ward": {"code": 169}, "number_of_cots": 0, "town": {"name": "wajir police line"}, "name": "Africa Inland Church Dispensary", "created": "2009-10-31T00:00:00+00:00", "regulatory_body": {"name": "Kenya MPDB - Institution"}, "facility_type": {"name": "Dispensary"}, "plot_number": "43", "operation_status": {"name": "Operational"}, "number_of_beds": 0}, {"code": 10281, "location_desc": null, "official_name": "Gitundu (ACK) Dispensary", "owner": {"name": "Christian Health Association of Kenya"}, "keph_level": {"name": "Level 2"}, "ward": {"code": 484}, "number_of_cots": 0, "town": {"name": "othaya town"}, "name": "Gitundu (ACK) Dispensary", "created": "2009-10-31T00:00:00+00:00", "regulatory_body": {"name": "Kenya MPDB - Institution"}, "facility_type": {"name": "Dispensary"}, "plot_number": null, "operation_status": {"name": "Operational"}, "number_of_beds": 0}, {"code": 15650, "location_desc": "Molo Mau summit rd near Baraka Agricultural College", "official_name": "St Martin De Porres (Mobile)", "owner": {"name": "Private Practice - Unspecified"}, "keph_level": {"name": "Level 2"}, "ward": {"code": 856}, "number_of_cots": 0, "town": {"name": "mau-sammit"}, "name": "St Martin De Porres (Mobile)", "created": "2009-10-31T00:00:00+00:00", "regulatory_body": {"name": "Kenya MPDB - Institution"}, "facility_type": {"name": "Medical Clinic"}, "plot_number": null, "operation_status": {"name": "Not-Operational"}, "number_of_beds": 0}, {"code": 15635, "location_desc": "Along Elburgon - Molo road near D.O.' s office", "official_name": "St Clare Dispensary", "owner": {"name": "Other Faith Based"}, "keph_level": {"name": "Level 2"}, "ward": {"code": 827}, "number_of_cots": 0, "town": {"name": "elburgon"}, "name": "St Clare Dispensary", "created": "2009-10-31T00:00:00+00:00", "regulatory_body": {"name": "Kenya MPDB - Institution"}, "facility_type": {"name": "Dispensary"}, "plot_number": "873", "operation_status": {"name": "Operational"}, "number_of_beds": 5}, {"code": 12183, "location_desc": "1/2 km South of Kanyangi Town", "official_name": "Kanyangi Mission Dispensary", "owner": {"name": "Other Faith Based"}, "keph_level": {"name": "Level 2"}, "ward": {"code": 353}, "number_of_cots": 0, "town": {"name": "kanyangi"}, "name": "Kanyangi Mission Dispensary", "created": "2009-10-31T00:00:00+00:00", "regulatory_body": {"name": "Kenya MPDB - Institution"}, "facility_type": {"name": "Dispensary"}, "plot_number": null, "operation_status": {"name": "Operational"}, "number_of_beds": 0}, {"code": 12737, "location_desc": "At Kibwezi Town opposite Kibwezi Catholic Mission,along DWA Road", "official_name": "Kibwezi Catholic Dispensary", "owner": {"name": "Kenya Episcopal Conference-Catholic Secretariat"}, "keph_level": {"name": "Level 2"}, "ward": {"code": 434}, "number_of_cots": 0, "town": {"name": "kibwezi"}, "name": "Kibwezi Catholic Dispensary", "created": "2009-10-31T00:00:00+00:00", "regulatory_body": {"name": "Kenya MPDB - Institution"}, "facility_type": {"name": "Dispensary"}, "plot_number": "12024", "operation_status": {"name": "Operational"}, "number_of_beds": 3}, {"code": 12368, "location_desc": null, "official_name": "Kitundu (SDA)  Dispensary", "owner": {"name": "Christian Health Association of Kenya"}, "keph_level": {"name": "Level 2"}, "ward": {"code": 413}, "number_of_cots": 0, "town": {"name": "kitundu"}, "name": "Kitundu (SDA) Dispensary", "created": "2009-10-31T00:00:00+00:00", "regulatory_body": {"name": "Kenya MPDB - Institution"}, "facility_type": {"name": "Dispensary"}, "plot_number": null, "operation_status": {"name": "Operational"}, "number_of_beds": 0}, {"code": 11392, "location_desc": "next to st Michael Church Mamba ya Nyundo", "official_name": "Giriama Mission Dispensary", "owner": {"name": "Kenya Episcopal Conference-Catholic Secretariat"}, "keph_level": {"name": "Level 2"}, "ward": {"code": 64}, "number_of_cots": 0, "town": {"name": "kaloleni"}, "name": "Giriama Mission Dispensary", "created": "2009-10-31T00:00:00+00:00", "regulatory_body": {"name": "Kenya MPDB - Institution"}, "facility_type": {"name": "Dispensary"}, "plot_number": null, "operation_status": {"name": "Operational"}, "number_of_beds": 0}, {"code": 13498, "location_desc": "Near Bar Korwa Market, along Kombewa Maseno road, 5 kms from the district offices", "official_name": "Bar Korwa Dispensary", "owner": {"name": "Kenya Episcopal Conference-Catholic Secretariat"}, "keph_level": {"name": "Level 2"}, "ward": {"code": 1205}, "number_of_cots": 1, "town": {"name": "bar korwa"}, "name": "Bar Korwa Dispensary", "created": "2009-10-31T00:00:00+00:00", "regulatory_body": {"name": "Kenya MPDB - Institution"}, "facility_type": {"name": "Dispensary"}, "plot_number": null, "operation_status": {"name": "Operational"}, "number_of_beds": 7}, {"code": 15047, "location_desc": "Within Catholic Parish Compound", "official_name": "Lodokejek Dispensary", "owner": {"name": "Kenya Episcopal Conference-Catholic Secretariat"}, "keph_level": {"name": "Level 2"}, "ward": {"code": 661}, "number_of_cots": 0, "town": {"name": "lodokejek"}, "name": "Lodokejek Dispensary", "created": "2009-10-31T00:00:00+00:00", "regulatory_body": {"name": "Kenya MPDB - Institution"}, "facility_type": {"name": "Dispensary"}, "plot_number": null, "operation_status": {"name": "Operational"}, "number_of_beds": 0}, {"code": 10092, "location_desc": "In ACK church ground in Kerugoya town", "official_name": "Christian Community Services Clinic Base Kerugoya", "owner": {"name": "Christian Health Association of Kenya"}, "keph_level": {"name": "Level 2"}, "ward": {"code": 514}, "number_of_cots": 0, "town": {"name": "kerugoya"}, "name": "Christian Community Services Clinic Base Kerugoya", "created": "2009-10-31T00:00:00+00:00", "regulatory_body": {"name": "Kenya MPDB - Institution"}, "facility_type": {"name": "Dispensary"}, "plot_number": null, "operation_status": {"name": "Operational"}, "number_of_beds": 0}, {"code": 16166, "location_desc": null, "official_name": "Marie Stopes Clinic (Dagoretti)", "owner": {"name": "Non-Governmental Organizations"}, "keph_level": {"name": "Level 2"}, "ward": {"code": 1389}, "number_of_cots": 0, "town": {"name": "nairobi"}, "name": "Marie Stopes Clinic (Dagoretti)", "created": "2009-10-31T00:00:00+00:00", "regulatory_body": {"name": "Other"}, "facility_type": {"name": "Dispensary"}, "plot_number": null, "operation_status": {"name": "Operational"}, "number_of_beds": 0}], "model": "facilities.Facility", "unique_fields": ["code"]}]