[{"records": [{"code": 15564, "location_desc": null, "official_name": "Sigor Sub District Hospital", "owner": {"name": "Ministry of Health"}, "keph_level": {"name": "Level 4"}, "ward": {"code": 650}, "number_of_cots": 2, "town": {"name": "sigor"}, "name": "Sigor Sub District Hospital", "created": "2009-10-31T00:00:00+00:00", "regulatory_body": {"name": "Ministry of Health"}, "facility_type": {"name": "Sub-District Hospital"}, "plot_number": null, "operation_status": {"name": "Operational"}, "number_of_beds": 12}, {"code": 15587, "location_desc": "Near Siongiroi Market", "official_name": "Siongiroi Health Centre", "owner": {"name": "Ministry of Health"}, "keph_level": {"name": "Level 3"}, "ward": {"code": 975}, "number_of_cots": 0, "town": {"name": "siongiroi girls secondary school"}, "name": "Siongiroi Health Centre", "created": "2009-10-31T00:00:00+00:00", "regulatory_body": {"name": "Ministry of Health"}, "facility_type": {"name": "Health Centre"}, "plot_number": null, "operation_status": {"name": "Operational"}, "number_of_beds": 6}, {"code": 15549, "location_desc": null, "official_name": "Seretunin Health Centre", "owner": {"name": "Ministry of Health"}, "keph_level": {"name": "Level 2"}, "ward": {"code": 796}, "number_of_cots": 0, "town": {"name": "kabarnet"}, "name": "Seretunin Health Centre", "created": "2009-10-31T00:00:00+00:00", "regulatory_body": {"name": "Ministry of Health"}, "facility_type": {"name": "Health Centre"}, "plot_number": null, "operation_status": {"name": "Operational"}, "number_of_beds": 5}, {"code": 15551, "location_desc": "Kapenguria makutanoKacheliba  road, Mtembur junction to Serewo Tradings center ", "official_name": "Serewo Health Centre", "owner": {"name": "Ministry of Health"}, "keph_level": {"name": "Level 3"}, "ward": {"code": 641}, "number_of_cots": 0, "town": {"name": "kapenguria"}, "name": "Serewo Health Centre", "created": "2009-10-31T00:00:00+00:00", "regulatory_body": {"name": "Ministry of Health"}, "facility_type": {"name": "Health Centre"}, "plot_number": null, "operation_status": {"name": "Operational"}, "number_of_beds": 12}, {"code": 14613, "location_desc": null, "official_name": "Kabianga Health Centre", "owner": {"name": "Ministry of Health"}, "keph_level": {"name": "Level 3"}, "ward": {"code": 958}, "number_of_cots": 2, "town": {"name": "kericho"}, "name": "Kabianga Health Centre", "created": "2009-10-31T00:00:00+00:00", "regulatory_body": {"name": "Ministry of Health"}, "facility_type": {"name": "Health Centre"}, "plot_number": null, "operation_status": {"name": "Operational"}, "number_of_beds": 5}, {"code": 14677, "location_desc": null, "official_name": "Kampi Samaki Health Centre", "owner": {"name": "Ministry of Health"}, "keph_level": {"name": "Level 3"}, "ward": {"code": 799}, "number_of_cots": 0, "town": {"name": "marigat"}, "name": "Kampi Samaki Health Centre", "created": "2009-10-31T00:00:00+00:00", "regulatory_body": {"name": "Ministry of Health"}, "facility_type": {"name": "Health Centre"}, "plot_number": null, "operation_status": {"name": "Operational"}, "number_of_beds": 3}, {"code": 14680, "location_desc": null, "official_name": "Kamwosor sub-district hospital", "owner": {"name": "Ministry of Health"}, "keph_level": {"name": "Level 4"}, "ward": {"code": 721}, "number_of_cots": 6, "town": {"name": "eldoret"}, "name": "Kamwosor sub-district hospital", "created": "2009-10-31T00:00:00+00:00", "regulatory_body": {"name": "Ministry of Health"}, "facility_type": {"name": "Sub-District Hospital"}, "plot_number": null, "operation_status": {"name": "Operational"}, "number_of_beds": 28}, {"code": 14623, "location_desc": null, "official_name": "Kabiyet Health Centre", "owner": {"name": "Ministry of Health"}, "keph_level": {"name": "Level 3"}, "ward": {"code": 777}, "number_of_cots": 2, "town": {"name": "kapsabet"}, "name": "Kabiyet Health Centre", "created": "2009-10-31T00:00:00+00:00", "regulatory_body": {"name": "Ministry of Health"}, "facility_type": {"name": "Health Centre"}, "plot_number": " ", "operation_status": {"name": "Operational"}, "number_of_beds": 15}, {"code": 15605, "location_desc": null, "official_name": "Sogoo Health Centre", "owner": {"name": "Ministry of Health"}, "keph_level": {"name": "Level 3"}, "ward": {"code": 905}, "number_of_cots": 12, "town": {"name": "ololulunga"}, "name": "Sogoo Health Centre", "created": "2009-10-31T00:00:00+00:00", "regulatory_body": {"name": "Ministry of Health"}, "facility_type": {"name": "Health Centre"}, "plot_number": null, "operation_status": {"name": "Operational"}, "number_of_beds": 0}, {"code": 14728, "location_desc": "Kapkoros Health Centre is located near Kapkoros Market", "official_name": "Kapkoros Health Centre", "owner": {"name": "Ministry of Health"}, "keph_level": {"name": "Level 3"}, "ward": {"code": 984}, "number_of_cots": 0, "town": {"name": "kapkoros market"}, "name": "Kapkoros Health Centre", "created": "2009-10-31T00:00:00+00:00", "regulatory_body": {"name": "Ministry of Health"}, "facility_type": {"name": "Health Centre"}, "plot_number": null, "operation_status": {"name": "Operational"}, "number_of_beds": 12}, {"code": 14734, "location_desc": "In Kaplamai Centre Along Cherangany Road", "official_name": "Kaplamai Health Centre", "owner": {"name": "Ministry of Health"}, "keph_level": {"name": "Level 3"}, "ward": {"code": 696}, "number_of_cots": 0, "town": {"name": "kitale"}, "name": "Kaplamai Health Centre", "created": "2009-10-31T00:00:00+00:00", "regulatory_body": {"name": "Ministry of Health"}, "facility_type": {"name": "Health Centre"}, "plot_number": null, "operation_status": {"name": "Operational"}, "number_of_beds": 10}, {"code": 14695, "location_desc": null, "official_name": "Kapcherop Health Centre", "owner": {"name": "Ministry of Health"}, "keph_level": {"name": "Level 3"}, "ward": {"code": 736}, "number_of_cots": 0, "town": {"name": "kitale"}, "name": "Kapcherop Health Centre", "created": "2009-10-31T00:00:00+00:00", "regulatory_body": {"name": "Ministry of Health"}, "facility_type": {"name": "Health Centre"}, "plot_number": null, "operation_status": {"name": "Operational"}, "number_of_beds": 32}, {"code": 15200, "location_desc": null, "official_name": "Mogotio RHDC", "owner": {"name": "Ministry of Health"}, "keph_level": {"name": "Level 3"}, "ward": {"code": 861}, "number_of_cots": 7, "town": {"name": "rongai"}, "name": "Mogotio Rhdc", "created": "2009-10-31T00:00:00+00:00", "regulatory_body": {"name": "Ministry of Health"}, "facility_type": {"name": "Health Centre"}, "plot_number": "sisal plantation farm", "operation_status": {"name": "Operational"}, "number_of_beds": 12}, {"code": 15420, "location_desc": "Narok Nakuru way, enengetia junction approx 25km from enengetia", "official_name": "Olokurto Health Centre", "owner": {"name": "Ministry of Health"}, "keph_level": {"name": "Level 3"}, "ward": {"code": 909}, "number_of_cots": 0, "town": {"name": "narok"}, "name": "Olokurto Health Centre", "created": "2009-10-31T00:00:00+00:00", "regulatory_body": {"name": "Ministry of Health"}, "facility_type": {"name": "Health Centre"}, "plot_number": null, "operation_status": {"name": "Operational"}, "number_of_beds": 9}, {"code": 15197, "location_desc": null, "official_name": "Mogorwa  Health Centre", "owner": {"name": "Ministry of Health"}, "keph_level": {"name": "Level 3"}, "ward": {"code": 795}, "number_of_cots": 0, "town": {"name": "kabarnet"}, "name": "Mogorwa Health Centre", "created": "2009-10-31T00:00:00+00:00", "regulatory_body": {"name": "Ministry of Health"}, "facility_type": {"name": "Health Centre"}, "plot_number": null, "operation_status": {"name": "Operational"}, "number_of_beds": 10}, {"code": 14998, "location_desc": null, "official_name": "Kuikui Dispensary", "owner": {"name": "Ministry of Health"}, "keph_level": {"name": "Level 2"}, "ward": {"code": 788}, "number_of_cots": 0, "town": {"name": "kabartonjo"}, "name": "Kuikui Dispensary", "created": "2009-10-31T00:00:00+00:00", "regulatory_body": {"name": "Ministry of Health"}, "facility_type": {"name": "Dispensary"}, "plot_number": null, "operation_status": {"name": "Operational"}, "number_of_beds": 8}, {"code": 14615, "location_desc": "It is situated arround 38 km from Kapenguria town to Lobot Road", "official_name": "Kabichbich Health Centre", "owner": {"name": "Ministry of Health"}, "keph_level": {"name": "Level 3"}, "ward": {"code": 659}, "number_of_cots": 2, "town": {"name": "kabichbich"}, "name": "Kabichbich Health Centre", "created": "2009-10-31T00:00:00+00:00", "regulatory_body": {"name": "Ministry of Health"}, "facility_type": {"name": "Health Centre"}, "plot_number": null, "operation_status": {"name": "Operational"}, "number_of_beds": 12}, {"code": 14841, "location_desc": null, "official_name": "Kesses Health Centre", "owner": {"name": "Ministry of Health"}, "keph_level": {"name": "Level 2"}, "ward": {"code": 729}, "number_of_cots": 0, "town": {"name": "eldoret"}, "name": "Kesses Health Centre", "created": "2009-10-31T00:00:00+00:00", "regulatory_body": {"name": "Ministry of Health"}, "facility_type": {"name": "Health Centre"}, "plot_number": null, "operation_status": {"name": "Operational"}, "number_of_beds": 0}, {"code": 15495, "location_desc": "Rongai town", "official_name": "Rongai Health Centre", "owner": {"name": "Ministry of Health"}, "keph_level": {"name": "Level 3"}, "ward": {"code": 862}, "number_of_cots": 4, "town": {"name": "rongai"}, "name": "Rongai Health Centre", "created": "2009-10-31T00:00:00+00:00", "regulatory_body": {"name": "Ministry of Health"}, "facility_type": {"name": "Health Centre"}, "plot_number": null, "operation_status": {"name": "Operational"}, "number_of_beds": 10}, {"code": 15498, "location_desc": null, "official_name": "Roret Sub-District Hospital", "owner": {"name": "Ministry of Health"}, "keph_level": {"name": "Level 4"}, "ward": {"code": 950}, "number_of_cots": 0, "town": {"name": "roret"}, "name": "Roret Sub-District Hospital", "created": "2009-10-31T00:00:00+00:00", "regulatory_body": {"name": "Ministry of Health"}, "facility_type": {"name": "Sub-District Hospital"}, "plot_number": null, "operation_status": {"name": "Operational"}, "number_of_beds": 12}, {"code": 15516, "location_desc": "in Sakutiek market thro' Eor ekule junction Narok -Mai mahiu road", "official_name": "Sakutiek Health Centre", "owner": {"name": "Ministry of Health"}, "keph_level": {"name": "Level 3"}, "ward": {"code": 896}, "number_of_cots": 0, "town": {"name": "naivasha"}, "name": "Sakutiek Health Centre", "created": "2009-10-31T00:00:00+00:00", "regulatory_body": {"name": "Ministry of Health"}, "facility_type": {"name": "Health Centre"}, "plot_number": null, "operation_status": {"name": "Operational"}, "number_of_beds": 6}, {"code": 14774, "location_desc": null, "official_name": "Kaptalamwa Health Centre", "owner": {"name": "Ministry of Health"}, "keph_level": {"name": "Level 3"}, "ward": {"code": 659}, "number_of_cots": 0, "town": {"name": "eldoret"}, "name": "Kaptalamwa Health Centre", "created": "2009-10-31T00:00:00+00:00", "regulatory_body": {"name": "Ministry of Health"}, "facility_type": {"name": "Health Centre"}, "plot_number": null, "operation_status": {"name": "Operational"}, "number_of_beds": 10}, {"code": 14781, "location_desc": null, "official_name": "Kapteren Health Centre", "owner": {"name": "Ministry of Health"}, "keph_level": {"name": "Level 3"}, "ward": {"code": 742}, "number_of_cots": 0, "town": {"name": "iten"}, "name": "Kapteren Health Centre", "created": "2009-10-31T00:00:00+00:00", "regulatory_body": {"name": "Ministry of Health"}, "facility_type": {"name": "Health Centre"}, "plot_number": null, "operation_status": {"name": "Operational"}, "number_of_beds": 0}, {"code": 15601, "location_desc": "Near Songhor Centre", "official_name": "Soba River Health Centre", "owner": {"name": "Ministry of Health"}, "keph_level": {"name": "Level 2"}, "ward": {"code": 751}, "number_of_cots": 0, "town": {"name": "nandi hills"}, "name": "Soba River Health Centre", "created": "2009-10-31T00:00:00+00:00", "regulatory_body": {"name": "Ministry of Health"}, "facility_type": {"name": "Health Centre"}, "plot_number": null, "operation_status": {"name": "Operational"}, "number_of_beds": 3}, {"code": 14779, "location_desc": null, "official_name": "Kapteldon Health Centre", "owner": {"name": "Ministry of Health"}, "keph_level": {"name": "Level 2"}, "ward": {"code": 722}, "number_of_cots": 0, "town": {"name": "eldoret"}, "name": "Kapteldon Health Centre", "created": "2009-10-31T00:00:00+00:00", "regulatory_body": {"name": "Ministry of Health"}, "facility_type": {"name": "Health Centre"}, "plot_number": null, "operation_status": {"name": "Operational"}, "number_of_beds": 6}, {"code": 15522, "location_desc": "8 Km From Ainobmoi junction off Kabarnet-Eldoret Highway", "official_name": "Salawa Health Centre", "owner": {"name": "Ministry of Health"}, "keph_level": {"name": "Level 3"}, "ward": {"code": 793}, "number_of_cots": 1, "town": {"name": "kabarnet"}, "name": "Salawa Health Centre", "created": "2009-10-31T00:00:00+00:00", "regulatory_body": {"name": "Ministry of Health"}, "facility_type": {"name": "Health Centre"}, "plot_number": null, "operation_status": {"name": "Operational"}, "number_of_beds": 6}, {"code": 15421, "location_desc": "Olokyin Health Centre is located near Olokyin Shopping Centre", "official_name": "Olokyin Health Centre", "owner": {"name": "Ministry of Health"}, "keph_level": {"name": "Level 3"}, "ward": {"code": 979}, "number_of_cots": 0, "town": {"name": "mulot market"}, "name": "Olokyin Health Centre", "created": "2009-10-31T00:00:00+00:00", "regulatory_body": {"name": "Ministry of Health"}, "facility_type": {"name": "Health Centre"}, "plot_number": null, "operation_status": {"name": "Operational"}, "number_of_beds": 9}, {"code": 14769, "location_desc": null, "official_name": "Kapsoya Health Centre", "owner": {"name": "Ministry of Health"}, "keph_level": {"name": "Level 3"}, "ward": {"code": 719}, "number_of_cots": 0, "town": {"name": "eldoret"}, "name": "Kapsoya Health Centre", "created": "2009-10-31T00:00:00+00:00", "regulatory_body": {"name": "Ministry of Health"}, "facility_type": {"name": "Health Centre"}, "plot_number": null, "operation_status": {"name": "Operational"}, "number_of_beds": 0}, {"code": 14760, "location_desc": null, "official_name": "Kapsinendet Dispensary ", "owner": {"name": "Ministry of Health"}, "keph_level": {"name": "Level 2"}, "ward": {"code": 987}, "number_of_cots": 0, "town": {"name": "kapsinendet"}, "name": "Kapsinendet Dispensary", "created": "2009-10-31T00:00:00+00:00", "regulatory_body": {"name": "Ministry of Health"}, "facility_type": {"name": "Dispensary"}, "plot_number": null, "operation_status": {"name": "Operational"}, "number_of_beds": 0}, {"code": 15422, "location_desc": null, "official_name": "Ololpironito Health Centre", "owner": {"name": "Ministry of Health"}, "keph_level": {"name": "Level 2"}, "ward": {"code": 898}, "number_of_cots": 0, "town": {"name": "narok"}, "name": "Ololpironito Health Centre", "created": "2009-10-31T00:00:00+00:00", "regulatory_body": {"name": "Ministry of Health"}, "facility_type": {"name": "Health Centre"}, "plot_number": null, "operation_status": {"name": "Operational"}, "number_of_beds": 3}, {"code": 10987, "location_desc": "Off  Murang'a road about 5km from Kenol Town,at saba saba market.", "official_name": "Sabasaba Health Centre", "owner": {"name": "Ministry of Health"}, "keph_level": {"name": "Level 3"}, "ward": {"code": 542}, "number_of_cots": 1, "town": {"name": "sabasaba"}, "name": "Sabasaba Health Centre", "created": "2009-10-31T00:00:00+00:00", "regulatory_body": {"name": "Ministry of Health"}, "facility_type": {"name": "Health Centre"}, "plot_number": null, "operation_status": {"name": "Operational"}, "number_of_beds": 6}, {"code": 15365, "location_desc": "opposite mama ngina primary school", "official_name": "Nku West Health Centre", "owner": {"name": "Local Authority"}, "keph_level": {"name": "Level 3"}, "ward": {"code": 875}, "number_of_cots": 0, "town": {"name": "nakuru town"}, "name": "Nku West Health Centre", "created": "2009-10-31T00:00:00+00:00", "regulatory_body": {"name": "Ministry of Health"}, "facility_type": {"name": "Health Centre"}, "plot_number": null, "operation_status": {"name": "Operational"}, "number_of_beds": 0}, {"code": 10865, "location_desc": "Ruiru Githunguri Road Near Ngewa/Kwamaiko Shopping Centre", "official_name": "Ngewa Health Centre", "owner": {"name": "Ministry of Health"}, "keph_level": {"name": "Level 3"}, "ward": {"code": 580}, "number_of_cots": 6, "town": {"name": "githunguri"}, "name": "Ngewa Health Centre", "created": "2009-10-31T00:00:00+00:00", "regulatory_body": {"name": "Ministry of Health"}, "facility_type": {"name": "Health Centre"}, "plot_number": null, "operation_status": {"name": "Operational"}, "number_of_beds": 6}, {"code": 10459, "location_desc": "At  Kandara Town.", "official_name": "Kandara Sub District Hospital", "owner": {"name": "Ministry of Health"}, "keph_level": {"name": "Level 4"}, "ward": {"code": 539}, "number_of_cots": 1, "town": {"name": "kandara"}, "name": "Kandara Sub District Hospital", "created": "2009-10-31T00:00:00+00:00", "regulatory_body": {"name": "Ministry of Health"}, "facility_type": {"name": "Sub-District Hospital"}, "plot_number": null, "operation_status": {"name": "Operational"}, "number_of_beds": 26}, {"code": 10269, "location_desc": "Githunguri Upland Road ,Githunguri Town Opposite Total Petrol Station Next to Githunguri  Police Station.", "official_name": "Githunguri Health Centre", "owner": {"name": "Ministry of Health"}, "keph_level": {"name": "Level 3"}, "ward": {"code": 577}, "number_of_cots": 0, "town": {"name": "githunguri"}, "name": "Githunguri Health Centre", "created": "2009-10-31T00:00:00+00:00", "regulatory_body": {"name": "Ministry of Health"}, "facility_type": {"name": "Health Centre"}, "plot_number": null, "operation_status": {"name": "Operational"}, "number_of_beds": 10}, {"code": 10507, "location_desc": null, "official_name": "Karuri Health Centre", "owner": {"name": "Ministry of Health"}, "keph_level": {"name": "Level 3"}, "ward": {"code": 587}, "number_of_cots": 1, "town": {"name": "karuri market"}, "name": "Karuri Health Centre", "created": "2009-10-31T00:00:00+00:00", "regulatory_body": {"name": "Ministry of Health"}, "facility_type": {"name": "Health Centre"}, "plot_number": null, "operation_status": {"name": "Operational"}, "number_of_beds": 18}, {"code": 10493, "location_desc": "Kiambu-Githunguri Road ,Ikinu Shopping Centre Near Karia Chiefs Office.", "official_name": "Karia Health Centre", "owner": {"name": "Ministry of Health"}, "keph_level": {"name": "Level 3"}, "ward": {"code": 579}, "number_of_cots": 0, "town": {"name": "githunguri"}, "name": "Karia Health Centre", "created": "2009-10-31T00:00:00+00:00", "regulatory_body": {"name": "Ministry of Health"}, "facility_type": {"name": "Health Centre"}, "plot_number": null, "operation_status": {"name": "Operational"}, "number_of_beds": 0}, {"code": 11264, "location_desc": "Near Hirmani Secondary School", "official_name": "Bura Health Centre", "owner": {"name": "Ministry of Health"}, "keph_level": {"name": "Level 3"}, "ward": {"code": 97}, "number_of_cots": 0, "town": {"name": "madogo"}, "name": "Bura Health Centre", "created": "2009-10-31T00:00:00+00:00", "regulatory_body": {"name": "Ministry of Health"}, "facility_type": {"name": "Health Centre"}, "plot_number": null, "operation_status": {"name": "Operational"}, "number_of_beds": 20}, {"code": 10263, "location_desc": null, "official_name": "Githiga Health Centre", "owner": {"name": "Ministry of Health"}, "keph_level": {"name": "Level 3"}, "ward": {"code": 578}, "number_of_cots": 0, "town": {"name": "githunguri"}, "name": "Githiga Health Centre", "created": "2009-10-31T00:00:00+00:00", "regulatory_body": {"name": "Ministry of Health"}, "facility_type": {"name": "Health Centre"}, "plot_number": " ", "operation_status": {"name": "Operational"}, "number_of_beds": 16}, {"code": 11908, "location_desc": " From Wundanyi Bridge Near County Council Hall along werugha- Mgange Road", "official_name": "Wundanyi  Sub-district Hospital", "owner": {"name": "Ministry of Health"}, "keph_level": {"name": "Level 4"}, "ward": {"code": 116}, "number_of_cots": 2, "town": {"name": "wundanyi"}, "name": "Wundanyi Sub-District Hospital", "created": "2009-10-31T00:00:00+00:00", "regulatory_body": {"name": "Ministry of Health"}, "facility_type": {"name": "Sub-District Hospital"}, "plot_number": null, "operation_status": {"name": "Operational"}, "number_of_beds": 16}, {"code": 11764, "location_desc": "Near l Secondaryanyanga Primary our lady of perpetual", "official_name": "Sagala Health Centre", "owner": {"name": "Ministry of Health"}, "keph_level": {"name": "Level 3"}, "ward": {"code": 126}, "number_of_cots": 1, "town": {"name": "kayanda"}, "name": "Sagala Health Centre", "created": "2009-10-31T00:00:00+00:00", "regulatory_body": {"name": "Ministry of Health"}, "facility_type": {"name": "Health Centre"}, "plot_number": null, "operation_status": {"name": "Operational"}, "number_of_beds": 12}, {"code": 11533, "location_desc": "Along Nairobi Garisa Road", "official_name": "Madogo Health Centre", "owner": {"name": "Ministry of Health"}, "keph_level": {"name": "Level 3"}, "ward": {"code": 100}, "number_of_cots": 0, "town": {"name": "garisa town"}, "name": "Madogo Health Centre", "created": "2009-10-31T00:00:00+00:00", "regulatory_body": {"name": "Ministry of Health"}, "facility_type": {"name": "Health Centre"}, "plot_number": null, "operation_status": {"name": "Operational"}, "number_of_beds": 6}, {"code": 12080, "location_desc": null, "official_name": "Ikutha Health Centre", "owner": {"name": "Ministry of Health"}, "keph_level": {"name": "Level 3"}, "ward": {"code": 370}, "number_of_cots": 3, "town": {"name": "ikutha"}, "name": "Ikutha Health Centre", "created": "2009-10-31T00:00:00+00:00", "regulatory_body": {"name": "Ministry of Health"}, "facility_type": {"name": "Health Centre"}, "plot_number": null, "operation_status": {"name": "Operational"}, "number_of_beds": 2}, {"code": 11995, "location_desc": null, "official_name": "Ekalakala Health Centre", "owner": {"name": "Ministry of Health"}, "keph_level": {"name": "Level 3"}, "ward": {"code": 390}, "number_of_cots": 5, "town": {"name": "ekalakala"}, "name": "Ekalakala Health Centre", "created": "2009-10-31T00:00:00+00:00", "regulatory_body": {"name": "Ministry of Health"}, "facility_type": {"name": "Health Centre"}, "plot_number": null, "operation_status": {"name": "Operational"}, "number_of_beds": 10}, {"code": 11718, "location_desc": null, "official_name": "Njukini Health Centre", "owner": {"name": "Ministry of Health"}, "keph_level": {"name": "Level 3"}, "ward": {"code": 111}, "number_of_cots": 0, "town": {"name": "njukini"}, "name": "Njukini Health Centre", "created": "2009-10-31T00:00:00+00:00", "regulatory_body": {"name": "Ministry of Health"}, "facility_type": {"name": "Health Centre"}, "plot_number": null, "operation_status": {"name": "Operational"}, "number_of_beds": 7}, {"code": 11720, "location_desc": "15 km from Wundanyi  near Nyache Primary School.", "official_name": "Nyache Health Centre", "owner": {"name": "Ministry of Health"}, "keph_level": {"name": "Level 3"}, "ward": {"code": 118}, "number_of_cots": 1, "town": {"name": "nyache"}, "name": "Nyache Health Centre", "created": "2009-10-31T00:00:00+00:00", "regulatory_body": {"name": "Ministry of Health"}, "facility_type": {"name": "Health Centre"}, "plot_number": null, "operation_status": {"name": "Operational"}, "number_of_beds": 15}, {"code": 11589, "location_desc": "Near Iriwa market", "official_name": "Mbale Health Centre", "owner": {"name": "Ministry of Health"}, "keph_level": {"name": "Level 3"}, "ward": {"code": 116}, "number_of_cots": 0, "town": {"name": "iriwa"}, "name": "Mbale Health Centre", "created": "2009-10-31T00:00:00+00:00", "regulatory_body": {"name": "Ministry of Health"}, "facility_type": {"name": "Health Centre"}, "plot_number": null, "operation_status": {"name": "Operational"}, "number_of_beds": 10}, {"code": 12375, "location_desc": null, "official_name": "Kivaa Health Centre", "owner": {"name": "Ministry of Health"}, "keph_level": {"name": "Level 3"}, "ward": {"code": 407}, "number_of_cots": 4, "town": {"name": "kivaa"}, "name": "Kivaa Health Centre", "created": "2009-10-31T00:00:00+00:00", "regulatory_body": {"name": "Ministry of Health"}, "facility_type": {"name": "Health Centre"}, "plot_number": null, "operation_status": {"name": "Operational"}, "number_of_beds": 32}, {"code": 12589, "location_desc": null, "official_name": "Muthambi Health Centre", "owner": {"name": "Ministry of Health"}, "keph_level": {"name": "Level 3"}, "ward": {"code": 297}, "number_of_cots": 2, "town": {"name": "chuka"}, "name": "Muthambi Health Centre", "created": "2009-10-31T00:00:00+00:00", "regulatory_body": {"name": "Ministry of Health"}, "facility_type": {"name": "Health Centre"}, "plot_number": " ", "operation_status": {"name": "Operational"}, "number_of_beds": 6}, {"code": 12476, "location_desc": "its within the Masinga Market on the entrance from Matuu through Kivandini road.26 KM from kivandini", "official_name": "Masinga Sub County Hospital", "owner": {"name": "Ministry of Health"}, "keph_level": {"name": "Level 4"}, "ward": {"code": 411}, "number_of_cots": 8, "town": {"name": "masinga"}, "name": "Masinga Sub County Hospital", "created": "2009-10-31T00:00:00+00:00", "regulatory_body": {"name": "Ministry of Health"}, "facility_type": {"name": "District Hospital"}, "plot_number": null, "operation_status": {"name": "Operational"}, "number_of_beds": 24}, {"code": 11839, "location_desc": null, "official_name": "Tausa Health Centre", "owner": {"name": "Ministry of Health"}, "keph_level": {"name": "Level 3"}, "ward": {"code": 125}, "number_of_cots": 0, "town": {"name": "tausa"}, "name": "Tausa Health Centre", "created": "2009-10-31T00:00:00+00:00", "regulatory_body": {"name": "Ministry of Health"}, "facility_type": {"name": "Health Centre"}, "plot_number": null, "operation_status": {"name": "Operational"}, "number_of_beds": 2}, {"code": 15166, "location_desc": null, "official_name": "Medical Reception Service - Ist Kr", "owner": {"name": "Armed Forces"}, "keph_level": {"name": "Level 2"}, "ward": {"code": 820}, "number_of_cots": 0, "town": {"name": "nanyuki"}, "name": "Medical Reception Service - Ist Kr", "created": "2009-10-31T00:00:00+00:00", "regulatory_body": {"name": "Other"}, "facility_type": {"name": "Health Centre"}, "plot_number": null, "operation_status": {"name": "Operational"}, "number_of_beds": 10}, {"code": 10588, "location_desc": "Near kigumo town headquarters of kigumo district", "official_name": "Kigumo Sub District Hospital (Kigumo)", "owner": {"name": "Ministry of Health"}, "keph_level": {"name": "Level 4"}, "ward": {"code": 530}, "number_of_cots": 1, "town": {"name": "iriguini"}, "name": "Kigumo Sub District Hospital (Kigumo)", "created": "2009-10-31T00:00:00+00:00", "regulatory_body": {"name": "Ministry of Health"}, "facility_type": {"name": "Sub-District Hospital"}, "plot_number": null, "operation_status": {"name": "Operational"}, "number_of_beds": 6}, {"code": 15009, "location_desc": "langalanga estate", "official_name": "Langa Langa Health Centre", "owner": {"name": "Local Authority"}, "keph_level": {"name": "Level 3"}, "ward": {"code": 876}, "number_of_cots": 0, "town": {"name": "nakuru town"}, "name": "Langa Langa Health Centre", "created": "2009-10-31T00:00:00+00:00", "regulatory_body": {"name": "Ministry of Health"}, "facility_type": {"name": "Health Centre"}, "plot_number": null, "operation_status": {"name": "Operational"}, "number_of_beds": 0}, {"code": 15281, "location_desc": "Located Northern part of naivasha town near 3 point Flower farms", "official_name": "Naivasha Maximum Prison Health Centre", "owner": {"name": "Other Public Institution"}, "keph_level": {"name": "Level 3"}, "ward": {"code": 843}, "number_of_cots": 0, "town": {"name": "naivasha town"}, "name": "Naivasha Max Prison Health Centre", "created": "2009-10-31T00:00:00+00:00", "regulatory_body": {"name": "Ministry of Health"}, "facility_type": {"name": "Health Centre"}, "plot_number": null, "operation_status": {"name": "Operational"}, "number_of_beds": 20}, {"code": 14244, "location_desc": null, "official_name": "Base Medical Centre", "owner": {"name": "Armed Forces"}, "keph_level": {"name": "Level 3"}, "ward": {"code": 820}, "number_of_cots": 0, "town": {"name": "nanyuki"}, "name": "Base Medical Centre", "created": "2009-10-31T00:00:00+00:00", "regulatory_body": {"name": "Other"}, "facility_type": {"name": "Health Centre"}, "plot_number": null, "operation_status": {"name": "Operational"}, "number_of_beds": 7}, {"code": 14181, "location_desc": "within the 3KR barracks off nakuru ndudori road", "official_name": "3KR Health Centre", "owner": {"name": "Armed Forces"}, "keph_level": {"name": "Level 3"}, "ward": {"code": 879}, "number_of_cots": 12, "town": {"name": "nakuru town"}, "name": "3Kr Health Centre", "created": "2009-10-31T00:00:00+00:00", "regulatory_body": {"name": "Other"}, "facility_type": {"name": "Health Centre"}, "plot_number": "barracks", "operation_status": {"name": "Operational"}, "number_of_beds": 20}, {"code": 10587, "location_desc": null, "official_name": "Kigumo Health Centre (Kiambu East)", "owner": {"name": "Ministry of Health"}, "keph_level": {"name": "Level 3"}, "ward": {"code": 581}, "number_of_cots": 0, "town": {"name": "githunguri"}, "name": "Kigumo Health Centre (Kiambu East)", "created": "2009-10-31T00:00:00+00:00", "regulatory_body": {"name": "Ministry of Health"}, "facility_type": {"name": "Health Centre"}, "plot_number": null, "operation_status": {"name": "Operational"}, "number_of_beds": 16}, {"code": 11455, "location_desc": "Near Rukanga Market", "official_name": "Kasigau RDCH", "owner": {"name": "Ministry of Health"}, "keph_level": {"name": "Level 3"}, "ward": {"code": 129}, "number_of_cots": 0, "town": {"name": "rukanga market"}, "name": "Kasigau Rdch", "created": "2009-10-31T00:00:00+00:00", "regulatory_body": {"name": "Ministry of Health"}, "facility_type": {"name": "Health Centre"}, "plot_number": null, "operation_status": {"name": "Operational"}, "number_of_beds": 12}, {"code": 15463, "location_desc": null, "official_name": "Pioneer Health Centre", "owner": {"name": "Local Authority"}, "keph_level": {"name": "Level 3"}, "ward": {"code": 723}, "number_of_cots": 0, "town": {"name": "eldoret"}, "name": "Pioneer Health Centre", "created": "2009-10-31T00:00:00+00:00", "regulatory_body": {"name": "Ministry of Health"}, "facility_type": {"name": "Health Centre"}, "plot_number": null, "operation_status": {"name": "Operational"}, "number_of_beds": 0}, {"code": 10674, "location_desc": "At Makuyu market.", "official_name": "Makuyu Health Centre", "owner": {"name": "Ministry of Health"}, "keph_level": {"name": "Level 3"}, "ward": {"code": 534}, "number_of_cots": 1, "town": {"name": "makuyu"}, "name": "Makuyu Health Centre", "created": "2009-10-31T00:00:00+00:00", "regulatory_body": {"name": "Ministry of Health"}, "facility_type": {"name": "Health Centre"}, "plot_number": null, "operation_status": {"name": "Operational"}, "number_of_beds": 8}, {"code": 15779, "location_desc": null, "official_name": "West Health Centre", "owner": {"name": "Ministry of Health"}, "keph_level": {"name": "Level 3"}, "ward": {"code": 713}, "number_of_cots": 0, "town": {"name": "eldoret"}, "name": "West Health Centre", "created": "2009-10-31T00:00:00+00:00", "regulatory_body": {"name": "Other"}, "facility_type": {"name": "Health Centre"}, "plot_number": null, "operation_status": {"name": "Operational"}, "number_of_beds": 30}, {"code": 14833, "location_desc": null, "official_name": "Kericho Municipal Health Centre", "owner": {"name": "Local Authority"}, "keph_level": {"name": "Level 3"}, "ward": {"code": 947}, "number_of_cots": 0, "town": {"name": "kericho"}, "name": "Kericho Municipal Health Centre", "created": "2009-10-31T00:00:00+00:00", "regulatory_body": {"name": "Ministry of Health"}, "facility_type": {"name": "Health Centre"}, "plot_number": null, "operation_status": {"name": "Operational"}, "number_of_beds": 3}, {"code": 12215, "location_desc": null, "official_name": "Katangi Health Centre", "owner": {"name": "Ministry of Health"}, "keph_level": {"name": "Level 3"}, "ward": {"code": 405}, "number_of_cots": 0, "town": {"name": "katangi"}, "name": "Katangi Health Centre", "created": "2009-10-31T00:00:00+00:00", "regulatory_body": {"name": "Ministry of Health"}, "facility_type": {"name": "Health Centre"}, "plot_number": null, "operation_status": {"name": "Operational"}, "number_of_beds": 0}, {"code": 10687, "location_desc": null, "official_name": "Maragua Ridge Health Centre", "owner": {"name": "Ministry of Health"}, "keph_level": {"name": "Level 3"}, "ward": {"code": 535}, "number_of_cots": 1, "town": {"name": "mungetho"}, "name": "Maragua Ridge Health Centre", "created": "2009-10-31T00:00:00+00:00", "regulatory_body": {"name": "Ministry of Health"}, "facility_type": {"name": "Health Centre"}, "plot_number": null, "operation_status": {"name": "Operational"}, "number_of_beds": 16}, {"code": 11650, "location_desc": "from 4.5km to Wundanyi near Mwatate town", "official_name": "Mpinzinyi Health Centre", "owner": {"name": "Ministry of Health"}, "keph_level": {"name": "Level 3"}, "ward": {"code": 124}, "number_of_cots": 1, "town": {"name": "mwachawaza"}, "name": "Mpinzinyi Health Centre", "created": "2009-10-31T00:00:00+00:00", "regulatory_body": {"name": "Ministry of Health"}, "facility_type": {"name": "Health Centre"}, "plot_number": null, "operation_status": {"name": "Operational"}, "number_of_beds": 4}, {"code": 15008, "location_desc": "Nakuru Nairobi highway Lanet estate", "official_name": "Lanet Health Centre", "owner": {"name": "Local Authority"}, "keph_level": {"name": "Level 3"}, "ward": {"code": 879}, "number_of_cots": 6, "town": {"name": "nakuru town"}, "name": "Lanet Health Centre", "created": "2009-10-31T00:00:00+00:00", "regulatory_body": {"name": "Other"}, "facility_type": {"name": "Health Centre"}, "plot_number": null, "operation_status": {"name": "Operational"}, "number_of_beds": 10}, {"code": 10112, "location_desc": "Near DOS office Makuyu.", "official_name": "Don Bosco Catholic Dispensary", "owner": {"name": "Kenya Episcopal Conference-Catholic Secretariat"}, "keph_level": {"name": "Level 2"}, "ward": {"code": 533}, "number_of_cots": 0, "town": {"name": "makuyu"}, "name": "Don Bosco Catholic Dispensary", "created": "2009-10-31T00:00:00+00:00", "regulatory_body": {"name": "Kenya MPDB - Institution"}, "facility_type": {"name": "Dispensary"}, "plot_number": null, "operation_status": {"name": "Operational"}, "number_of_beds": 0}, {"code": 10969, "location_desc": null, "official_name": "Ruchu Dispensary", "owner": {"name": "Kenya Episcopal Conference-Catholic Secretariat"}, "keph_level": {"name": "Level 2"}, "ward": {"code": 543}, "number_of_cots": 0, "town": {"name": "kamurugu"}, "name": "Ruchu Dispensary", "created": "2009-10-31T00:00:00+00:00", "regulatory_body": {"name": "Kenya MPDB - Institution"}, "facility_type": {"name": "Dispensary"}, "plot_number": null, "operation_status": {"name": "Operational"}, "number_of_beds": 0}, {"code": 14590, "location_desc": null, "official_name": "Jamii Clinical Services", "owner": {"name": "Private Practice - Clinical Officer"}, "keph_level": {"name": "Level 2"}, "ward": {"code": 643}, "number_of_cots": 0, "town": {"name": "kapenguria"}, "name": "Jamii Clinical Services", "created": "2009-10-31T00:00:00+00:00", "regulatory_body": {"name": "Clinical Officers Council"}, "facility_type": {"name": "Medical Clinic"}, "plot_number": null, "operation_status": {"name": "Operational"}, "number_of_beds": 0}, {"code": 14771, "location_desc": null, "official_name": "Kaptabuk Dispensary (Marakwet)", "owner": {"name": "Ministry of Health"}, "keph_level": {"name": "Level 2"}, "ward": {"code": 739}, "number_of_cots": 0, "town": {"name": "kapsowar"}, "name": "Kaptabuk Dispensary (Marakwet)", "created": "2009-10-31T00:00:00+00:00", "regulatory_body": {"name": "Ministry of Health"}, "facility_type": {"name": "Dispensary"}, "plot_number": null, "operation_status": {"name": "Operational"}, "number_of_beds": 0}, {"code": 14563, "location_desc": null, "official_name": "Ilkerin Dispensary (Narok South)", "owner": {"name": "Ministry of Health"}, "keph_level": {"name": "Level 2"}, "ward": {"code": 901}, "number_of_cots": 4, "town": {"name": "ilkerin"}, "name": "Ilkerin Dispensary (Narok South)", "created": "2009-10-31T00:00:00+00:00", "regulatory_body": {"name": "Ministry of Health"}, "facility_type": {"name": "Dispensary"}, "plot_number": null, "operation_status": {"name": "Operational"}, "number_of_beds": 6}, {"code": 14722, "location_desc": null, "official_name": "Kapkoi Mission Dispensary", "owner": {"name": "Other Faith Based"}, "keph_level": {"name": "Level 2"}, "ward": {"code": 678}, "number_of_cots": 0, "town": {"name": "kitale"}, "name": "Kapkoi Mission Dispensary", "created": "2009-10-31T00:00:00+00:00", "regulatory_body": {"name": "Kenya MPDB - Institution"}, "facility_type": {"name": "Dispensary"}, "plot_number": null, "operation_status": {"name": "Operational"}, "number_of_beds": 0}, {"code": 15137, "location_desc": null, "official_name": "Marigat Catholic Mission ", "owner": {"name": "Kenya Episcopal Conference-Catholic Secretariat"}, "keph_level": {"name": "Level 2"}, "ward": {"code": 798}, "number_of_cots": 0, "town": {"name": "marigat"}, "name": "Marigat Catholic Mission", "created": "2009-10-31T00:00:00+00:00", "regulatory_body": {"name": "Kenya MPDB - Institution"}, "facility_type": {"name": "Dispensary"}, "plot_number": null, "operation_status": {"name": "Operational"}, "number_of_beds": 6}, {"code": 15276, "location_desc": "Situated at Naikarra next to Naikarra Secondary School", "official_name": "Naikara Dispensary", "owner": {"name": "Other Faith Based"}, "keph_level": {"name": "Level 2"}, "ward": {"code": 910}, "number_of_cots": 0, "town": {"name": "narok"}, "name": "Naikara Dispensary", "created": "2009-10-31T00:00:00+00:00", "regulatory_body": {"name": "Kenya MPDB - Institution"}, "facility_type": {"name": "Dispensary"}, "plot_number": null, "operation_status": {"name": "Operational"}, "number_of_beds": 0}, {"code": 15278, "location_desc": null, "official_name": "Nairasirasa Dispensary", "owner": {"name": "Other Faith Based"}, "keph_level": {"name": "Level 2"}, "ward": {"code": 893}, "number_of_cots": 1, "town": {"name": "narok"}, "name": "Nairasirasa Dispensary", "created": "2009-10-31T00:00:00+00:00", "regulatory_body": {"name": "Kenya MPDB - Institution"}, "facility_type": {"name": "Dispensary"}, "plot_number": null, "operation_status": {"name": "Operational"}, "number_of_beds": 3}, {"code": 15521, "location_desc": null, "official_name": "Salawa Catholic Mission Dispensary PHC", "owner": {"name": "Kenya Episcopal Conference-Catholic Secretariat"}, "keph_level": {"name": "Level 2"}, "ward": {"code": 793}, "number_of_cots": 0, "town": {"name": "kabarnet"}, "name": "Salawa Catholic Mission Dispensary PHC", "created": "2009-10-31T00:00:00+00:00", "regulatory_body": {"name": "Other"}, "facility_type": {"name": "Dispensary"}, "plot_number": null, "operation_status": {"name": "Operational"}, "number_of_beds": 0}, {"code": 14215, "location_desc": "Off Sotik- Kisii Road At Chebilat Market  ", "official_name": "Arroket Dispensary", "owner": {"name": "Private Enterprise (Institution)"}, "keph_level": {"name": "Level 2"}, "ward": {"code": 970}, "number_of_cots": 0, "town": {"name": "sotik"}, "name": "Arroket Dispensary", "created": "2009-10-31T00:00:00+00:00", "regulatory_body": {"name": "Kenya MPDB - Institution"}, "facility_type": {"name": "Dispensary"}, "plot_number": null, "operation_status": {"name": "Operational"}, "number_of_beds": 2}, {"code": 15762, "location_desc": "On Naivasha-Nairobi highway near Karai Shopping", "official_name": "ASN Upendo Village Dispensary", "owner": {"name": "Kenya Episcopal Conference-Catholic Secretariat"}, "keph_level": {"name": "Level 2"}, "ward": {"code": 837}, "number_of_cots": 0, "town": {"name": "naivasha town"}, "name": "ASN Upendo Village Dispensary", "created": "2009-10-31T00:00:00+00:00", "regulatory_body": {"name": "Kenya MPDB - Institution"}, "facility_type": {"name": "Dispensary"}, "plot_number": null, "operation_status": {"name": "Operational"}, "number_of_beds": 0}, {"code": 16170, "location_desc": null, "official_name": "Sabasaba Catholic Dispensary", "owner": {"name": "Christian Health Association of Kenya"}, "keph_level": {"name": "Level 2"}, "ward": {"code": 536}, "number_of_cots": 0, "town": {"name": "sabasaba"}, "name": "Sabasaba Catholic Dispensary", "created": "2009-10-31T00:00:00+00:00", "regulatory_body": {"name": "Kenya MPDB - Institution"}, "facility_type": {"name": "Dispensary"}, "plot_number": null, "operation_status": {"name": "Operational"}, "number_of_beds": 0}, {"code": 14277, "location_desc": "MAKUTANO MAWINGO RD", "official_name": "Bwena Dipensary", "owner": {"name": "Private Enterprise (Institution)"}, "keph_level": {"name": "Level 2"}, "ward": {"code": 643}, "number_of_cots": 0, "town": {"name": "kapenguria"}, "name": "Bwena Dipensary", "created": "2009-10-31T00:00:00+00:00", "regulatory_body": {"name": "Kenya MPDB - Institution"}, "facility_type": {"name": "Dispensary"}, "plot_number": null, "operation_status": {"name": "Operational"}, "number_of_beds": 0}, {"code": 14391, "location_desc": null, "official_name": "Chumvi Dispensary", "owner": {"name": "Other Faith Based"}, "keph_level": {"name": "Level 2"}, "ward": {"code": 825}, "number_of_cots": 0, "town": {"name": "nanyuki"}, "name": "Chumvi Dispensary", "created": "2009-10-31T00:00:00+00:00", "regulatory_body": {"name": "Kenya MPDB - Institution"}, "facility_type": {"name": "Dispensary"}, "plot_number": null, "operation_status": {"name": "Operational"}, "number_of_beds": 0}, {"code": 14896, "location_desc": "Next to Tuzo Dairy", "official_name": "Kipkelion (CHFC) Dispensary", "owner": {"name": "Private Enterprise (Institution)"}, "keph_level": {"name": "Level 2"}, "ward": {"code": 942}, "number_of_cots": 0, "town": {"name": "kipkelion"}, "name": "Kipkelion (CHFC) Dispensary", "created": "2009-10-31T00:00:00+00:00", "regulatory_body": {"name": "Kenya MPDB - Institution"}, "facility_type": {"name": "Dispensary"}, "plot_number": null, "operation_status": {"name": "Operational"}, "number_of_beds": 0}, {"code": 16697, "location_desc": "12 kms from Namoruputh trading centre", "official_name": "Lokwatubwa (PAG) Dispensary", "owner": {"name": "Christian Health Association of Kenya"}, "keph_level": {"name": "Level 2"}, "ward": {"code": 631}, "number_of_cots": 0, "town": {"name": "namoruputh"}, "name": "Lokwatubwa (PAG) Dispensary", "created": "2009-10-31T00:00:00+00:00", "regulatory_body": {"name": "Ministry of Health"}, "facility_type": {"name": "Dispensary"}, "plot_number": null, "operation_status": {"name": "Operational"}, "number_of_beds": 0}, {"code": 14387, "location_desc": null, "official_name": "Chesta Dispensary", "owner": {"name": "Other Faith Based"}, "keph_level": {"name": "Level 2"}, "ward": {"code": 649}, "number_of_cots": 0, "town": {"name": "sigor"}, "name": "Chesta Dispensary", "created": "2009-10-31T00:00:00+00:00", "regulatory_body": {"name": "Kenya MPDB - Institution"}, "facility_type": {"name": "Dispensary"}, "plot_number": null, "operation_status": {"name": "Operational"}, "number_of_beds": 0}, {"code": 14576, "location_desc": "It is the property of Intrepids Lodges situated within Samburu Game reserve approx 20 kilometers from Archers post", "official_name": "Intrepids Dispensary", "owner": {"name": "Private Enterprise (Institution)"}, "keph_level": {"name": "Level 2"}, "ward": {"code": 673}, "number_of_cots": 0, "town": {"name": "archers post"}, "name": "Intrepids Dispensary", "created": "2009-10-31T00:00:00+00:00", "regulatory_body": {"name": "Kenya MPDB - Private Practice"}, "facility_type": {"name": "Dispensary"}, "plot_number": null, "operation_status": {"name": "Operational"}, "number_of_beds": 4}, {"code": 14703, "location_desc": null, "official_name": "Kapkagaron Dispensary", "owner": {"name": "Other Faith Based"}, "keph_level": {"name": "Level 2"}, "ward": {"code": 777}, "number_of_cots": 0, "town": {"name": "eldoret"}, "name": "Kapkagaron Dispensary", "created": "2009-10-31T00:00:00+00:00", "regulatory_body": {"name": "Kenya MPDB - Institution"}, "facility_type": {"name": "Dispensary"}, "plot_number": null, "operation_status": {"name": "Not-Operational"}, "number_of_beds": 0}, {"code": 15984, "location_desc": null, "official_name": "Machwele Dispensary", "owner": {"name": "Ministry of Health"}, "keph_level": {"name": "Level 2"}, "ward": {"code": 1094}, "number_of_cots": 0, "town": {"name": "bungoma"}, "name": "Machwele Dispensary", "created": "2009-10-31T00:00:00+00:00", "regulatory_body": {"name": "Ministry of Health"}, "facility_type": {"name": "Dispensary"}, "plot_number": "1059, north mateka", "operation_status": {"name": "Operational"}, "number_of_beds": 0}, {"code": 14403, "location_desc": null, "official_name": "Diguna Dispensary", "owner": {"name": "Other Faith Based"}, "keph_level": {"name": "Level 2"}, "ward": {"code": 752}, "number_of_cots": 0, "town": {"name": "nandi hills"}, "name": "Diguna Dispensary", "created": "2009-10-31T00:00:00+00:00", "regulatory_body": {"name": "Kenya MPDB - Institution"}, "facility_type": {"name": "Dispensary"}, "plot_number": null, "operation_status": {"name": "Operational"}, "number_of_beds": 0}, {"code": 14357, "location_desc": "off nakuru Ravine road", "official_name": "Cheppemma Dispensary", "owner": {"name": "Other Faith Based"}, "keph_level": {"name": "Level 2"}, "ward": {"code": 861}, "number_of_cots": 0, "town": {"name": "mogotio"}, "name": "Cheppemma (AIC) Dispensary", "created": "2009-10-31T00:00:00+00:00", "regulatory_body": {"name": "Kenya MPDB - Institution"}, "facility_type": {"name": "Dispensary"}, "plot_number": null, "operation_status": {"name": "Operational"}, "number_of_beds": 0}, {"code": 16175, "location_desc": null, "official_name": "Muthithi (PCEA) Dispensary", "owner": {"name": "Christian Health Association of Kenya"}, "keph_level": {"name": "Level 2"}, "ward": {"code": 529}, "number_of_cots": 0, "name": "Muthithi (PCEA) Dispensary", "created": "2009-10-31T00:00:00+00:00", "regulatory_body": {"name": "Kenya MPDB - Institution"}, "facility_type": {"name": "Dispensary"}, "plot_number": null, "operation_status": {"name": "Operational"}, "number_of_beds": 0}, {"code": 14719, "location_desc": null, "official_name": "Kapkitony Dispesary", "owner": {"name": "Other Faith Based"}, "keph_level": {"name": "Level 2"}, "ward": {"code": 749}, "number_of_cots": 0, "town": {"name": "eldoret"}, "name": "Kapkitony Dispensary", "created": "2009-10-31T00:00:00+00:00", "regulatory_body": {"name": "Kenya MPDB - Institution"}, "facility_type": {"name": "Dispensary"}, "plot_number": null, "operation_status": {"name": "Operational"}, "number_of_beds": 0}, {"code": 10692, "location_desc": "Murang'a Kangari road", "official_name": "Mariira Catholic Dispensary", "owner": {"name": "Kenya Episcopal Conference-Catholic Secretariat"}, "keph_level": {"name": "Level 2"}, "ward": {"code": 531}, "number_of_cots": 0, "town": {"name": "githima"}, "name": "Mariira Catholic Dispensary", "created": "2009-10-31T00:00:00+00:00", "regulatory_body": {"name": "Kenya MPDB - Institution"}, "facility_type": {"name": "Dispensary"}, "plot_number": "1142", "operation_status": {"name": "Operational"}, "number_of_beds": 0}, {"code": 14358, "location_desc": null, "official_name": "Chepsaita Dispensary", "owner": {"name": "Ministry of Health"}, "keph_level": {"name": "Level 2"}, "ward": {"code": 708}, "number_of_cots": 0, "town": {"name": "turbo"}, "name": "Chepsaita Dispensary", "created": "2009-10-31T00:00:00+00:00", "regulatory_body": {"name": "Ministry of Health"}, "facility_type": {"name": "Dispensary"}, "plot_number": null, "operation_status": {"name": "Operational"}, "number_of_beds": 0}, {"code": 15314, "location_desc": null, "official_name": "Nasolot Dispensary", "owner": {"name": "Other Faith Based"}, "keph_level": {"name": "Level 2"}, "ward": {"code": 647}, "number_of_cots": 0, "town": {"name": "turkwel"}, "name": "Nasolot Dispensary", "created": "2009-10-31T00:00:00+00:00", "regulatory_body": {"name": "Kenya MPDB - Institution"}, "facility_type": {"name": "Dispensary"}, "plot_number": null, "operation_status": {"name": "Operational"}, "number_of_beds": 0}, {"code": 15324, "location_desc": "ponda mali estate", "official_name": "Ndarugu (PCEA) Dispensary", "owner": {"name": "Christian Health Association of Kenya"}, "keph_level": {"name": "Level 2"}, "ward": {"code": 875}, "number_of_cots": 0, "town": {"name": "nakuru town"}, "name": "Ndarugu (PCEA) Dispensary", "created": "2009-10-31T00:00:00+00:00", "regulatory_body": {"name": "Kenya MPDB - Institution"}, "facility_type": {"name": "Dispensary"}, "plot_number": null, "operation_status": {"name": "Operational"}, "number_of_beds": 4}, {"code": 16156, "location_desc": "Along Mumias Road", "official_name": "Victorious Living Ministries (VLM) Dispensary", "owner": {"name": "Other Faith Based"}, "keph_level": {"name": "Level 2"}, "ward": {"code": 1100}, "number_of_cots": 4, "town": {"name": "bungoma"}, "name": "Victorious Living Ministries (Vlm) Dispensary", "created": "2009-10-31T00:00:00+00:00", "regulatory_body": {"name": "Kenya MPDB - Institution"}, "facility_type": {"name": "Dispensary"}, "plot_number": "e/bukusu/s.kanduyi/11400", "operation_status": {"name": "Not-Operational"}, "number_of_beds": 6}, {"code": 15397, "location_desc": "near olchorro dispensary", "official_name": "Olendeem Dispensary", "owner": {"name": "Other Faith Based"}, "keph_level": {"name": "Level 2"}, "ward": {"code": 896}, "number_of_cots": 0, "town": {"name": "narok"}, "name": "Olendeem Dispensary", "created": "2009-10-31T00:00:00+00:00", "regulatory_body": {"name": "Kenya MPDB - Institution"}, "facility_type": {"name": "Dispensary"}, "plot_number": null, "operation_status": {"name": "Operational"}, "number_of_beds": 0}, {"code": 15636, "location_desc": null, "official_name": "St Elizabeth Health Centre", "owner": {"name": "Other Faith Based"}, "keph_level": {"name": "Level 3"}, "ward": {"code": 901}, "number_of_cots": 12, "town": {"name": "narok"}, "name": "St Elizabeth Health Centre", "created": "2009-10-31T00:00:00+00:00", "regulatory_body": {"name": "Kenya MPDB - Institution"}, "facility_type": {"name": "Health Centre"}, "plot_number": null, "operation_status": {"name": "Operational"}, "number_of_beds": 12}], "model": "facilities.Facility", "unique_fields": ["code"]}]