[{"records": [{"code": 20095, "location_desc": "along kangundo road at kipawa shopping centre", "official_name": "Kipawa Medical Centre", "owner": {"name": "Private Practice - Nurse / Midwife"}, "keph_level": {"name": "Level 2"}, "ward": {"code": 1400}, "number_of_cots": 0, "town": {"name": "ruai"}, "name": "Kipawa Medical Centre", "created": "2013-11-27T09:54:10.057000+00:00", "regulatory_body": {"name": "Nursing Council of Kenya (Private Practice)"}, "facility_type": {"name": "Medical Clinic"}, "plot_number": null, "operation_status": {"name": "Operational"}, "number_of_beds": 0}, {"code": 20096, "location_desc": "along kangundo road next to double m company", "official_name": "Mathare Football For Hope", "owner": {"name": "Non-Governmental Organizations"}, "keph_level": {"name": "Level 2"}, "ward": {"code": 1419}, "number_of_cots": 0, "town": {"name": "saika"}, "name": "MYSA VCT", "created": "2013-11-27T10:21:27.013000+00:00", "regulatory_body": {"name": "Other"}, "facility_type": {"name": "VCT Centre (Stand-Alone)"}, "plot_number": null, "operation_status": {"name": "Operational"}, "number_of_beds": 0}, {"code": 20098, "location_desc": "Next to KNH Morgue", "official_name": "University of Nairobi Institute of Tropical and Infections Disease (UNITID)", "owner": {"name": "Parastatal"}, "keph_level": {"name": "Level 4"}, "ward": {"code": 1389}, "number_of_cots": 0, "town": {"name": "khn hospital"}, "name": "University of Nairobi Institute of Tropical and Infections Disease (UNITID)", "created": "2013-11-29T11:43:14.003000+00:00", "regulatory_body": {"name": "Kenya Medical Laboratory, Tech & Technologists Board"}, "facility_type": {"name": "Training Institution in Health (Stand-alone)"}, "plot_number": null, "operation_status": {"name": "Operational"}, "number_of_beds": 0}, {"code": 20100, "location_desc": "Along Emusustsi kima road", "official_name": "Wekoye Medical Clinic", "owner": {"name": "Private Practice - Nurse / Midwife"}, "keph_level": {"name": "Level 2"}, "ward": {"code": 1074}, "number_of_cots": 0, "town": {"name": "emakakha market"}, "name": "Wekoye Medical Clinic", "created": "2013-12-06T16:44:39.190000+00:00", "regulatory_body": {"name": "Nursing Council of Kenya (Private Practice)"}, "facility_type": {"name": "Medical Clinic"}, "plot_number": null, "operation_status": {"name": "Operational"}, "number_of_beds": 0}, {"code": 20101, "location_desc": "At Nyambari trading centre about 500m from Greenlands dairy", "official_name": "Wananchi Medical Clinic (Nyambari)", "owner": {"name": "Non-Governmental Organizations"}, "keph_level": {"name": "Level 2"}, "ward": {"code": 610}, "number_of_cots": 0, "town": {"name": "nyambari - uplands"}, "name": "Wananchi Medical Clinic (Nyambari)", "created": "2013-12-09T14:53:11.457000+00:00", "regulatory_body": {"name": "Kenya MPDB - Institution"}, "facility_type": {"name": "Medical Clinic"}, "plot_number": "14 nyambari", "operation_status": {"name": "Operational"}, "number_of_beds": 0}, {"code": 20102, "location_desc": "Island ", "official_name": "Gethsemane Garden Mission Hospital", "owner": {"name": "Non-Governmental Organizations"}, "keph_level": {"name": "Level 2"}, "ward": {"code": 1252}, "number_of_cots": 0, "town": {"name": "wakiangata"}, "name": "Gethsemane Garden Mission Hospital", "created": "2013-12-09T22:21:13.233000+00:00", "regulatory_body": {"name": "Kenya MPDB - Private Practice"}, "facility_type": {"name": "VCT Centre (Stand-Alone)"}, "plot_number": null, "operation_status": {"name": "Operational"}, "number_of_beds": 0}, {"code": 20103, "location_desc": "Situated at Gilfilan Hse,(Mezzaine Flr) Kenyatta avenue", "official_name": "The Savannah Health Services", "owner": {"name": "Private Practice - General Practitioner"}, "keph_level": {"name": "Level 2"}, "ward": {"code": 1439}, "number_of_cots": 0, "town": {"name": "near city retail mkt"}, "name": "The Savannah Health Services Ltd", "created": "2013-12-14T06:44:11.893000+00:00", "regulatory_body": {"name": "Kenya MPDB - Private Practice"}, "facility_type": {"name": "Medical Centre"}, "plot_number": null, "operation_status": {"name": "Operational"}, "number_of_beds": 0}, {"code": 20104, "location_desc": "kIMATHI STREET ,NATION CENTRE BLDG", "official_name": "Meridian Medical Centre", "owner": {"name": "Private Practice - General Practitioner"}, "keph_level": {"name": "Level 2"}, "ward": {"code": 1439}, "number_of_cots": 0, "town": {"name": "city market"}, "name": "Meridian Medical centre(Nation Centre Bldg )", "created": "2013-12-14T07:23:43.087000+00:00", "regulatory_body": {"name": "Kenya MPDB - Private Practice"}, "facility_type": {"name": "Medical Centre"}, "plot_number": "209/09/06-70", "operation_status": {"name": "Operational"}, "number_of_beds": 0}, {"code": 20105, "location_desc": "Lemuma Chemist Annex, Mfangano Hse", "official_name": "Dr Paul Ondiege Clinic", "owner": {"name": "Private Practice - General Practitioner"}, "keph_level": {"name": "Level 2"}, "ward": {"code": 1439}, "number_of_cots": 0, "town": {"name": "wakulima mkt"}, "name": "Dr Paul Ondiege Clinic", "created": "2013-12-14T07:55:11.590000+00:00", "regulatory_body": {"name": "Pharmacy & Poisons Board"}, "facility_type": {"name": "Medical Clinic"}, "plot_number": null, "operation_status": {"name": "Operational"}, "number_of_beds": 0}, {"code": 20106, "location_desc": "Situated at Jubilee Exchange House-6th Flr", "official_name": "Dr Maina Medical  Clinic(Jubilee Exchange )", "owner": {"name": "Private Practice - General Practitioner"}, "keph_level": {"name": "Level 2"}, "ward": {"code": 1440}, "number_of_cots": 0, "name": "Dr Maina Ruga Medical Clinic", "created": "2013-12-17T15:39:52.430000+00:00", "regulatory_body": {"name": "Kenya MPDB - Private Practice"}, "facility_type": {"name": "Medical Clinic"}, "plot_number": null, "operation_status": {"name": "Operational"}, "number_of_beds": 0}, {"code": 20108, "location_desc": "At Kinyambu Market about 200 km Nairobi -Mombasa Highway, after Kinyambu National Library.", "official_name": "Kinyambu Kwitu Medical Clinic", "owner": {"name": "Private Practice - Clinical Officer"}, "keph_level": {"name": "Level 2"}, "ward": {"code": 439}, "number_of_cots": 0, "town": {"name": "kinyambu market"}, "name": "Kinyambu Kwitu Medical Clinic", "created": "2014-01-08T13:56:11.647000+00:00", "regulatory_body": {"name": "Clinical Officers Council"}, "facility_type": {"name": "Medical Clinic"}, "plot_number": "63", "operation_status": {"name": "Operational"}, "number_of_beds": 0}, {"code": 20109, "location_desc": "near suswa centre off Narok Mai mahiu road", "official_name": "Ewang'ane Suswa", "owner": {"name": "Community"}, "keph_level": {"name": "Level 2"}, "ward": {"code": 899}, "number_of_cots": 1, "town": {"name": "suswa centre"}, "name": "Ewang'ane Suswa ", "created": "2014-01-08T15:25:48.367000+00:00", "regulatory_body": {"name": "Pharmacy & Poisons Board"}, "facility_type": {"name": "Dispensary"}, "plot_number": null, "operation_status": {"name": "Operational"}, "number_of_beds": 3}, {"code": 20110, "location_desc": "Located Near Utuneni Market", "official_name": "Utuneni Dispensary", "owner": {"name": "Ministry of Health"}, "keph_level": {"name": "Level 2"}, "ward": {"code": 414}, "number_of_cots": 2, "town": {"name": "utuneni market"}, "name": "Utuneni Dispensary", "created": "2014-01-09T09:33:50.073000+00:00", "regulatory_body": {"name": "Ministry of Health"}, "facility_type": {"name": "Dispensary"}, "plot_number": null, "operation_status": {"name": "Operational"}, "number_of_beds": 4}, {"code": 20111, "location_desc": "Located near Ndumbi Market", "official_name": "Ndumbi Dispensary", "owner": {"name": "Ministry of Health"}, "keph_level": {"name": "Level 2"}, "ward": {"code": 414}, "number_of_cots": 2, "town": {"name": "ndumbi market"}, "name": "Ndumbi Dispensary", "created": "2014-01-09T09:49:43.490000+00:00", "regulatory_body": {"name": "Ministry of Health"}, "facility_type": {"name": "Dispensary"}, "plot_number": null, "operation_status": {"name": "Operational"}, "number_of_beds": 4}, {"code": 20115, "location_desc": "At Flamingo Estate", "official_name": "Family Medical Clinic", "owner": {"name": "Private Practice - Nurse / Midwife"}, "keph_level": {"name": "Level 2"}, "ward": {"code": 878}, "number_of_cots": 0, "town": {"name": "at flamingo estate"}, "name": "Family Medical Clinic", "created": "2014-01-14T21:47:41.443000+00:00", "regulatory_body": {"name": "Kenya MPDB - Private Practice"}, "facility_type": {"name": "Medical Clinic"}, "plot_number": "227", "operation_status": {"name": "Operational"}, "number_of_beds": 0}, {"code": 20116, "location_desc": "Behind Law Courts Opposite fisheries department", "official_name": "Amurt Health care Centre", "owner": {"name": "Non-Governmental Organizations"}, "keph_level": {"name": "Level 2"}, "ward": {"code": 79}, "number_of_cots": 0, "town": {"name": "shella"}, "name": "Amurt Health care Centre (Malindi)", "created": "2014-01-15T08:52:09.220000+00:00", "regulatory_body": {"name": "Clinical Officers Council"}, "facility_type": {"name": "Health Centre"}, "plot_number": "2174", "operation_status": {"name": "Operational"}, "number_of_beds": 0}, {"code": 20119, "location_desc": null, "official_name": "Amani Medical Clinic", "owner": {"name": "Private Practice - Clinical Officer"}, "keph_level": {"name": "Level 2"}, "ward": {"code": 388}, "number_of_cots": 2, "town": {"name": "jokoini"}, "name": "Amani Medical Clinic", "created": "2014-01-17T09:00:39.887000+00:00", "regulatory_body": {"name": "Ministry of Health"}, "facility_type": {"name": "Medical Clinic"}, "plot_number": null, "operation_status": {"name": "Operational"}, "number_of_beds": 2}, {"code": 20120, "location_desc": null, "official_name": "Mango Tree VCT", "owner": {"name": "Private Enterprise (Institution)"}, "keph_level": {"name": "Level 2"}, "ward": {"code": 1176}, "number_of_cots": 1, "town": {"name": "rakwaro"}, "name": "Mango Tree VCT", "created": "2014-01-17T10:08:28.970000+00:00", "regulatory_body": {"name": "Ministry of Health"}, "facility_type": {"name": "Medical Clinic"}, "plot_number": null, "operation_status": {"name": "Operational"}, "number_of_beds": 1}, {"code": 20121, "location_desc": null, "official_name": "Jilango Dispensary", "owner": {"name": "Ministry of Health"}, "keph_level": {"name": "Level 2"}, "ward": {"code": 140}, "number_of_cots": 0, "name": "Jilango Dispensary", "created": "2014-01-21T14:39:58.210000+00:00", "regulatory_body": {"name": "Ministry of Health"}, "facility_type": {"name": "Dispensary"}, "plot_number": null, "operation_status": {"name": "Operational"}, "number_of_beds": 0}, {"code": 20122, "location_desc": "At Town centre", "official_name": "Dr Ogind's Clinic", "owner": {"name": "Private Practice - General Practitioner"}, "keph_level": {"name": "Level 2"}, "ward": {"code": 803}, "number_of_cots": 0, "town": {"name": "gatehouse"}, "name": "Dr Ogindo's Clinic", "created": "2014-01-21T17:04:27.577000+00:00", "regulatory_body": {"name": "Kenya MPDB - Institution"}, "facility_type": {"name": "Medical Clinic"}, "plot_number": "451/1351", "operation_status": {"name": "Operational"}, "number_of_beds": 0}, {"code": 20123, "location_desc": "Along Kisumu Kakamega Road- Opposite Kibuye Market", "official_name": "Avenue Hospital Kisumu", "owner": {"name": "Private Enterprise (Institution)"}, "keph_level": {"name": "Level 4"}, "ward": {"code": 1198}, "number_of_cots": 6, "town": {"name": "kibuye market-kisumu kakamega road"}, "name": "Avenue Hospital Kisumu", "created": "2014-01-22T11:17:47.237000+00:00", "regulatory_body": {"name": "Kenya MPDB - Private Practice"}, "facility_type": {"name": "Other Hospital"}, "plot_number": "4/139", "operation_status": {"name": "Operational"}, "number_of_beds": 70}, {"code": 20124, "location_desc": "Ngong Kiserian road, Ngong Stadium", "official_name": "Youth Empowerment Center Ngong", "owner": {"name": "Non-Governmental Organizations"}, "keph_level": {"name": "Level 2"}, "ward": {"code": 915}, "number_of_cots": 0, "town": {"name": "ngong"}, "name": "Youth Empowerment Center Ngong", "created": "2014-01-22T13:04:12.517000+00:00", "regulatory_body": {"name": "Ministry of Health"}, "facility_type": {"name": "Health Project"}, "plot_number": null, "operation_status": {"name": "Operational"}, "number_of_beds": 0}, {"code": 20125, "location_desc": "Situated Near Katilini Market", "official_name": "Katilini Dispensary", "owner": {"name": "Ministry of Health"}, "keph_level": {"name": "Level 2"}, "ward": {"code": 412}, "number_of_cots": 2, "town": {"name": "katilini"}, "name": "Katilini Dispensary", "created": "2014-01-22T13:21:21.697000+00:00", "regulatory_body": {"name": "Ministry of Health"}, "facility_type": {"name": "Dispensary"}, "plot_number": null, "operation_status": {"name": "Pending Opening"}, "number_of_beds": 2}, {"code": 20126, "location_desc": "Near Thwake Market", "official_name": "Thwake Community Dispensary", "owner": {"name": "Other Faith Based"}, "keph_level": {"name": "Level 2"}, "ward": {"code": 416}, "number_of_cots": 2, "town": {"name": "thwake market"}, "name": "Thwake Community Dispensary", "created": "2014-01-22T13:31:34.797000+00:00", "regulatory_body": {"name": "Ministry of Health"}, "facility_type": {"name": "Dispensary"}, "plot_number": null, "operation_status": {"name": "Operational"}, "number_of_beds": 2}, {"code": 20127, "location_desc": "Near Ndauni Market", "official_name": "Ndauni Dispensary", "owner": {"name": "Ministry of Health"}, "keph_level": {"name": "Level 2"}, "ward": {"code": 416}, "number_of_cots": 2, "town": {"name": "ndauni market"}, "name": "Ndauni Dispensary", "created": "2014-01-22T13:36:32.557000+00:00", "regulatory_body": {"name": "Ministry of Health"}, "facility_type": {"name": "Dispensary"}, "plot_number": null, "operation_status": {"name": "Pending Opening"}, "number_of_beds": 2}, {"code": 20128, "location_desc": "Near Muiu Market", "official_name": "Kisoi Munyao Memorial Dispensary", "owner": {"name": "Ministry of Health"}, "keph_level": {"name": "Level 2"}, "ward": {"code": 415}, "number_of_cots": 2, "town": {"name": "muiu market"}, "name": "Kisoi Munyao Memorial Dispensary", "created": "2014-01-22T13:41:00.337000+00:00", "regulatory_body": {"name": "Ministry of Health"}, "facility_type": {"name": "Dispensary"}, "plot_number": null, "operation_status": {"name": "Pending Opening"}, "number_of_beds": 2}, {"code": 20129, "location_desc": "Near Mukuku Market", "official_name": "Nduluku Dispensary", "owner": {"name": "Ministry of Health"}, "keph_level": {"name": "Level 2"}, "ward": {"code": 415}, "number_of_cots": 2, "town": {"name": "mukuku market"}, "name": "Nduluku Dispensary", "created": "2014-01-22T13:44:59.730000+00:00", "regulatory_body": {"name": "Ministry of Health"}, "facility_type": {"name": "Dispensary"}, "plot_number": null, "operation_status": {"name": "Pending Opening"}, "number_of_beds": 2}, {"code": 20130, "location_desc": "Near Katoloka Market", "official_name": "Kimeeni Dispensary", "owner": {"name": "Ministry of Health"}, "keph_level": {"name": "Level 2"}, "ward": {"code": 416}, "number_of_cots": 2, "town": {"name": "katoloka market"}, "name": "Kimeeni Dispensary", "created": "2014-01-22T13:48:33.990000+00:00", "regulatory_body": {"name": "Ministry of Health"}, "facility_type": {"name": "Dispensary"}, "plot_number": null, "operation_status": {"name": "Pending Opening"}, "number_of_beds": 2}, {"code": 20131, "location_desc": "Situated Along Naivasha-Nakuru Highway in Kayole Centre", "official_name": "Goldenlife Medical Centre Naivasha", "owner": {"name": "Private Practice - General Practitioner"}, "keph_level": {"name": "Level 3"}, "ward": {"code": 822}, "number_of_cots": 0, "town": {"name": "naivasha"}, "name": "Goldenlife Medical Centre Naivasha", "created": "2014-01-22T17:01:40.590000+00:00", "regulatory_body": {"name": "Kenya MPDB - Private Practice"}, "facility_type": {"name": "Other Hospital"}, "plot_number": "mararo kayole", "operation_status": {"name": "Operational"}, "number_of_beds": 8}, {"code": 20132, "location_desc": "Located at Kinamba centre along Naivasha-karate road", "official_name": "Light  Medical and Side Lab Naivasha", "owner": {"name": "Private Practice - Clinical Officer"}, "keph_level": {"name": "Level 2"}, "ward": {"code": 822}, "number_of_cots": 0, "town": {"name": "kinamba"}, "name": "Light Medical and Side Lab Naivasha", "created": "2014-01-22T17:15:16.147000+00:00", "regulatory_body": {"name": "Clinical Officers Council"}, "facility_type": {"name": "Medical Clinic"}, "plot_number": "217 naivasha maraigushu block b 2145", "operation_status": {"name": "Operational"}, "number_of_beds": 0}, {"code": 20134, "location_desc": "Located Along Rongo Homba Bay Road before Opapo Center", "official_name": "Kochola Dispensary", "owner": {"name": "Ministry of Health"}, "keph_level": {"name": "Level 2"}, "ward": {"code": 1263}, "number_of_cots": 0, "town": {"name": "opapo market center"}, "name": "Kochola Dispensary", "created": "2014-01-27T11:08:46.083000+00:00", "regulatory_body": {"name": "Ministry of Health"}, "facility_type": {"name": "Dispensary"}, "plot_number": null, "operation_status": {"name": "Operational"}, "number_of_beds": 2}, {"code": 20135, "location_desc": "Along Kanu street", "official_name": "Psyco Africa Consultancy", "owner": {"name": "Private Practice - Unspecified"}, "keph_level": {"name": "Level 2"}, "ward": {"code": 878}, "number_of_cots": 0, "town": {"name": "along kanu street"}, "name": "Psyco Africa Consultancy", "created": "2014-01-30T10:08:01.853000+00:00", "regulatory_body": {"name": "Other"}, "facility_type": {"name": "VCT Centre (Stand-Alone)"}, "plot_number": "21/51", "operation_status": {"name": "Operational"}, "number_of_beds": 0}, {"code": 20136, "location_desc": "Utalii Road next to ECO Bank", "official_name": "AMEC Laboratories", "owner": {"name": "Private Enterprise (Institution)"}, "keph_level": {"name": "Level 2"}, "ward": {"code": 871}, "number_of_cots": 0, "town": {"name": "near gilanis supermarket"}, "name": "AMEC Laboratories", "created": "2014-01-30T11:20:18.960000+00:00", "regulatory_body": {"name": "Kenya Medical Laboratory, Tech & Technologists Board"}, "facility_type": {"name": "Laboratory (Stand-alone)"}, "plot_number": "nil", "operation_status": {"name": "Operational"}, "number_of_beds": 0}, {"code": 20137, "location_desc": "Near Soko mjinga", "official_name": "Rhonda Dispensary and Maternity", "owner": {"name": "Ministry of Health"}, "keph_level": {"name": "Level 2"}, "ward": {"code": 875}, "number_of_cots": 0, "town": {"name": "near soko mjinga"}, "name": "Rhonda Dispensary and Maternity", "created": "2014-01-30T11:33:18.967000+00:00", "regulatory_body": {"name": "Ministry of Health"}, "facility_type": {"name": "Dispensary"}, "plot_number": "nil", "operation_status": {"name": "Pending Opening"}, "number_of_beds": 0}, {"code": 20138, "location_desc": "Near KITI institute", "official_name": "Menengai Health Centre", "owner": {"name": "Ministry of Health"}, "keph_level": {"name": "Level 3"}, "ward": {"code": 803}, "number_of_cots": 0, "town": {"name": "near kiti institute"}, "name": "Menengai Health Centre", "created": "2014-01-30T11:42:22.263000+00:00", "regulatory_body": {"name": "Ministry of Health"}, "facility_type": {"name": "Health Centre"}, "plot_number": "nil", "operation_status": {"name": "Pending Opening"}, "number_of_beds": 0}, {"code": 20139, "location_desc": "Near Sec 58", "official_name": "St Luke Clinic", "owner": {"name": "Private Practice - Clinical Officer"}, "keph_level": {"name": "Level 2"}, "ward": {"code": 846}, "number_of_cots": 0, "town": {"name": "near sec 58"}, "name": "St Luke Clinic", "created": "2014-01-30T12:03:39.417000+00:00", "regulatory_body": {"name": "Clinical Officers Council"}, "facility_type": {"name": "Medical Clinic"}, "plot_number": "14/26", "operation_status": {"name": "Operational"}, "number_of_beds": 0}, {"code": 20140, "location_desc": "In  the mountain mall Naivas mall building", "official_name": "AAR Mountain mall", "owner": {"name": "Private Practice - Nurse / Midwife"}, "keph_level": {"name": "Level 2"}, "ward": {"code": 1398}, "number_of_cots": 0, "town": {"name": "rosters"}, "name": "AAR Mountain mall", "created": "2014-01-30T13:09:40.560000+00:00", "regulatory_body": {"name": "Kenya MPDB - Private Practice"}, "facility_type": {"name": "Medical Clinic"}, "plot_number": null, "operation_status": {"name": "Operational"}, "number_of_beds": 0}, {"code": 14070, "location_desc": null, "official_name": "Sayyid Aysha Dispensary", "owner": {"name": "Non-Governmental Organizations"}, "keph_level": {"name": "Level 2"}, "ward": {"code": 1199}, "number_of_cots": 0, "town": {"name": "kisumu"}, "name": "Sayyid Aysha Dispensary", "created": "2009-10-31T00:00:00+00:00", "regulatory_body": {"name": "Other"}, "facility_type": {"name": "Dispensary"}, "plot_number": null, "operation_status": {"name": "Operational"}, "number_of_beds": 0}, {"code": 12385, "location_desc": null, "official_name": "Korr Dispensary", "owner": {"name": "Kenya Episcopal Conference-Catholic Secretariat"}, "keph_level": {"name": "Level 2"}, "ward": {"code": 238}, "number_of_cots": 0, "town": {"name": "marsabit"}, "name": "Korr Dispensary", "created": "2009-10-31T00:00:00+00:00", "regulatory_body": {"name": "Kenya MPDB - Institution"}, "facility_type": {"name": "Dispensary"}, "plot_number": null, "operation_status": {"name": "Operational"}, "number_of_beds": 2}, {"code": 16167, "location_desc": "Near the Kibera D.C office, after Chemi Chemi clinic", "official_name": "Marie Stopes Clinic ", "owner": {"name": "Non-Governmental Organizations"}, "keph_level": {"name": "Level 2"}, "ward": {"code": 1387}, "number_of_cots": 0, "town": {"name": "nairobi"}, "name": "Marie Stopes Clinic (Langata)", "created": "2009-10-31T00:00:00+00:00", "regulatory_body": {"name": "Other"}, "facility_type": {"name": "Medical Clinic"}, "plot_number": null, "operation_status": {"name": "Operational"}, "number_of_beds": 0}, {"code": 11654, "location_desc": "Inside st marrys catholic church (Marion Shrine)", "official_name": "St Marys Msabaha Catholic Dispensary", "owner": {"name": "Kenya Episcopal Conference-Catholic Secretariat"}, "keph_level": {"name": "Level 2"}, "ward": {"code": 77}, "number_of_cots": 0, "town": {"name": "msabaha village"}, "name": "St Marys Msabaha Catholic Dispensary", "created": "2009-10-31T00:00:00+00:00", "regulatory_body": {"name": "Kenya MPDB - Institution"}, "facility_type": {"name": "Dispensary"}, "plot_number": null, "operation_status": {"name": "Operational"}, "number_of_beds": 0}, {"code": 11639, "location_desc": "Along Witu Garsen Road Near Nyongoro GSU Camp", "official_name": "Moa Dispensary", "owner": {"name": "Ministry of Health"}, "keph_level": {"name": "Level 2"}, "ward": {"code": 109}, "number_of_cots": 0, "town": {"name": "moa"}, "name": "Moa Dispensary", "created": "2009-10-31T00:00:00+00:00", "regulatory_body": {"name": "Kenya MPDB - Institution"}, "facility_type": {"name": "Dispensary"}, "plot_number": null, "operation_status": {"name": "Operational"}, "number_of_beds": 0}, {"code": 14106, "location_desc": null, "official_name": "St Elizabeth Chiga Health Centre", "owner": {"name": "Kenya Episcopal Conference-Catholic Secretariat"}, "keph_level": {"name": "Level 3"}, "ward": {"code": 1187}, "number_of_cots": 0, "town": {"name": "kisumu"}, "name": "St Elizabeth Chiga Health Centre", "created": "2009-10-31T00:00:00+00:00", "regulatory_body": {"name": "Kenya MPDB - Institution"}, "facility_type": {"name": "Health Centre"}, "plot_number": "1349", "operation_status": {"name": "Operational"}, "number_of_beds": 24}, {"code": 12939, "location_desc": null, "official_name": "Family Health Options Phoenix", "owner": {"name": "Non-Governmental Organizations"}, "keph_level": {"name": "Level 2"}, "ward": {"code": 1439}, "number_of_cots": 0, "town": {"name": "nairobi"}, "name": "Family Health Options Phoenix", "created": "2009-10-31T00:00:00+00:00", "regulatory_body": {"name": "Other"}, "facility_type": {"name": "Dispensary"}, "plot_number": null, "operation_status": {"name": "Operational"}, "number_of_beds": 0}, {"code": 11634, "location_desc": "Karisa Maitha road, behind Baptist Church & Primary School", "official_name": "Mlaleo Health Centre", "owner": {"name": "Private Enterprise (Institution)"}, "keph_level": {"name": "Level 3"}, "ward": {"code": 16}, "number_of_cots": 0, "town": {"name": "mombasa"}, "name": "Mlaleo Health Centre", "created": "2009-10-31T00:00:00+00:00", "regulatory_body": {"name": "Kenya MPDB - Institution"}, "facility_type": {"name": "Nursing Home"}, "plot_number": "mn/ii/3299/msa", "operation_status": {"name": "Operational"}, "number_of_beds": 12}, {"code": 13128, "location_desc": null, "official_name": "Nuffield Nursing Home", "owner": {"name": "Private Enterprise (Institution)"}, "keph_level": {"name": "Level 3"}, "ward": {"code": 1402}, "number_of_cots": 0, "town": {"name": "nairobi"}, "name": "Nuffield Nursing Home", "created": "2009-10-31T00:00:00+00:00", "regulatory_body": {"name": "Kenya MPDB - Institution"}, "facility_type": {"name": "Nursing Home"}, "plot_number": null, "operation_status": {"name": "Operational"}, "number_of_beds": 0}, {"code": 12768, "location_desc": "Runyenjes Town ", "official_name": "St Michael Nursing Home", "owner": {"name": "Private Enterprise (Institution)"}, "keph_level": {"name": "Level 3"}, "ward": {"code": 319}, "number_of_cots": 2, "town": {"name": "runyenjes"}, "name": "St Michael Nursing Home", "created": "2009-10-31T00:00:00+00:00", "regulatory_body": {"name": "Kenya MPDB - Institution"}, "facility_type": {"name": "Nursing Home"}, "plot_number": "73", "operation_status": {"name": "Operational"}, "number_of_beds": 47}, {"code": 13595, "location_desc": null, "official_name": "Gucha Maternity and Nursing Home", "owner": {"name": "Private Enterprise (Institution)"}, "keph_level": {"name": "Level 3"}, "ward": {"code": 1326}, "number_of_cots": 1, "town": {"name": "keroka"}, "name": "Gucha Maternity and Nursing Home", "created": "2009-10-31T00:00:00+00:00", "regulatory_body": {"name": "Kenya MPDB - Institution"}, "facility_type": {"name": "Nursing Home"}, "plot_number": null, "operation_status": {"name": "Operational"}, "number_of_beds": 15}, {"code": 13698, "location_desc": "On cheplat Ikonge rough road", "official_name": "Kipkebe Health Centre", "owner": {"name": "Company Medical Service"}, "keph_level": {"name": "Level 3"}, "ward": {"code": 1362}, "number_of_cots": 0, "town": {"name": "cheplat"}, "name": "Kipkebe Health Centre", "created": "2009-10-31T00:00:00+00:00", "regulatory_body": {"name": "Kenya MPDB - Institution"}, "facility_type": {"name": "Health Centre"}, "plot_number": null, "operation_status": {"name": "Operational"}, "number_of_beds": 6}, {"code": 12934, "location_desc": null, "official_name": "Edna Maternity", "owner": {"name": "Private Enterprise (Institution)"}, "keph_level": {"name": "Level 3"}, "ward": {"code": 1437}, "number_of_cots": 0, "town": {"name": "nairobi"}, "name": "Edna Maternity", "created": "2009-10-31T00:00:00+00:00", "regulatory_body": {"name": "Kenya MPDB - Institution"}, "facility_type": {"name": "Maternity Home"}, "plot_number": null, "operation_status": {"name": "Operational"}, "number_of_beds": 6}, {"code": 15895, "location_desc": null, "official_name": "HighWay Maternity and Nursing Home", "owner": {"name": "Private Enterprise (Institution)"}, "keph_level": {"name": "Level 3"}, "ward": {"code": 1014}, "number_of_cots": 0, "town": {"name": "kakamege town"}, "name": "Highway Maternity and Nursing Home", "created": "2009-10-31T00:00:00+00:00", "regulatory_body": {"name": "Kenya MPDB - Institution"}, "facility_type": {"name": "Nursing Home"}, "plot_number": null, "operation_status": {"name": "Operational"}, "number_of_beds": 0}, {"code": 15971, "location_desc": null, "official_name": "Lumino Maternity and Nursing Home", "owner": {"name": "Private Enterprise (Institution)"}, "keph_level": {"name": "Level 3"}, "ward": {"code": 1013}, "number_of_cots": 0, "town": {"name": "kakamege town"}, "name": "Lumino Maternity and Nursing Home", "created": "2009-10-31T00:00:00+00:00", "regulatory_body": {"name": "Kenya MPDB - Institution"}, "facility_type": {"name": "Nursing Home"}, "plot_number": null, "operation_status": {"name": "Operational"}, "number_of_beds": 0}, {"code": 13375, "location_desc": null, "official_name": "Jamii Nursing Home", "owner": {"name": "Private Enterprise (Institution)"}, "keph_level": {"name": "Level 3"}, "ward": {"code": 215}, "number_of_cots": 2, "town": {"name": "mandera"}, "name": "Jamii Nursing Home", "created": "2009-10-31T00:00:00+00:00", "regulatory_body": {"name": "Kenya MPDB - Institution"}, "facility_type": {"name": "Nursing Home"}, "plot_number": null, "operation_status": {"name": "Not-Operational"}, "number_of_beds": 16}, {"code": 16149, "location_desc": "Situated in Busia Town in Burumba estate", "official_name": "Tanaka Nursing Home", "owner": {"name": "Private Enterprise (Institution)"}, "keph_level": {"name": "Level 4"}, "ward": {"code": 1141}, "number_of_cots": 0, "town": {"name": "busia"}, "name": "Tanaka Nursing Home", "created": "2009-10-31T00:00:00+00:00", "regulatory_body": {"name": "Kenya MPDB - Institution"}, "facility_type": {"name": "Nursing Home"}, "plot_number": "bukhayo/mundika 6286", "operation_status": {"name": "Operational"}, "number_of_beds": 50}, {"code": 13937, "location_desc": "Near Kijauri Sub Disstrict Hospital", "official_name": "Nyansiongo Nursing Home", "owner": {"name": "Private Enterprise (Institution)"}, "keph_level": {"name": "Level 3"}, "ward": {"code": 1364}, "number_of_cots": 1, "town": {"name": "kijauri"}, "name": "Nyansiongo Nursing Home", "created": "2009-10-31T00:00:00+00:00", "regulatory_body": {"name": "Kenya MPDB - Private Practice"}, "facility_type": {"name": "Nursing Home"}, "plot_number": null, "operation_status": {"name": "Operational"}, "number_of_beds": 38}, {"code": 12987, "location_desc": null, "official_name": "Jerapha  Maternity ", "owner": {"name": "Private Enterprise (Institution)"}, "keph_level": {"name": "Level 3"}, "ward": {"code": 1391}, "number_of_cots": 0, "town": {"name": "nairobi"}, "name": "Jerapha Maternity", "created": "2009-10-31T00:00:00+00:00", "regulatory_body": {"name": "Kenya MPDB - Institution"}, "facility_type": {"name": "Maternity Home"}, "plot_number": null, "operation_status": {"name": "Not-Operational"}, "number_of_beds": 0}, {"code": 11539, "location_desc": "Magongo corner next to kanu office mombasa west behind unik driving school", "official_name": "Mainland Health Centre (Magongo)", "owner": {"name": "Private Enterprise (Institution)"}, "keph_level": {"name": "Level 2"}, "ward": {"code": 2}, "number_of_cots": 18, "town": {"name": "mombasa"}, "name": "Mainland Health Centre (Magongo)", "created": "2009-10-31T00:00:00+00:00", "regulatory_body": {"name": "Kenya MPDB - Institution"}, "facility_type": {"name": "Health Centre"}, "plot_number": null, "operation_status": {"name": "Operational"}, "number_of_beds": 4}, {"code": 10046, "location_desc": null, "official_name": "Baragwi Maternity Home", "owner": {"name": "Private Enterprise (Institution)"}, "keph_level": {"name": "Level 3"}, "ward": {"code": 505}, "number_of_cots": 0, "town": {"name": "kianyaga"}, "name": "Baragwi Maternity Home", "created": "2009-10-31T00:00:00+00:00", "regulatory_body": {"name": "Kenya MPDB - Institution"}, "facility_type": {"name": "Nursing Home"}, "plot_number": null, "operation_status": {"name": "Not-Operational"}, "number_of_beds": 0}, {"code": 16080, "location_desc": null, "official_name": "New Busia Maternity & Nursing Home", "owner": {"name": "Private Enterprise (Institution)"}, "keph_level": {"name": "Level 3"}, "ward": {"code": 1141}, "number_of_cots": 78, "town": {"name": "busia"}, "name": "New Busia Maternity & Nursing Home", "created": "2009-10-31T00:00:00+00:00", "regulatory_body": {"name": "Kenya MPDB - Institution"}, "facility_type": {"name": "Nursing Home"}, "plot_number": null, "operation_status": {"name": "Operational"}, "number_of_beds": 103}, {"code": 13011, "location_desc": "kasarani mwiki road next to Haco industries", "official_name": "Kasarani Maternity", "owner": {"name": "Private Practice - Nurse / Midwife"}, "keph_level": {"name": "Level 3"}, "ward": {"code": 1398}, "number_of_cots": 12, "town": {"name": "hunters"}, "name": "Kasarani Maternity", "created": "2009-10-31T00:00:00+00:00", "regulatory_body": {"name": "Kenya MPDB - Institution"}, "facility_type": {"name": "Maternity Home"}, "plot_number": null, "operation_status": {"name": "Operational"}, "number_of_beds": 60}, {"code": 13419, "location_desc": "Next to Prison Staff Quarters", "official_name": "Plaza Nursing Home", "owner": {"name": "Private Enterprise (Institution)"}, "keph_level": {"name": "Level 3"}, "ward": {"code": 169}, "number_of_cots": 0, "town": {"name": "wajir"}, "name": "Plaza Nursing Home", "created": "2009-10-31T00:00:00+00:00", "regulatory_body": {"name": "Clinical Officers Council"}, "facility_type": {"name": "Nursing Home"}, "plot_number": null, "operation_status": {"name": "Operational"}, "number_of_beds": 25}, {"code": 13995, "location_desc": null, "official_name": "Osano Nursing Home", "owner": {"name": "Private Enterprise (Institution)"}, "keph_level": {"name": "Level 3"}, "ward": {"code": 1251}, "number_of_cots": 0, "town": {"name": "ndhiwa"}, "name": "Osano Nursing Home", "created": "2009-10-31T00:00:00+00:00", "regulatory_body": {"name": "Kenya MPDB - Institution"}, "facility_type": {"name": "Nursing Home"}, "plot_number": null, "operation_status": {"name": "Operational"}, "number_of_beds": 25}, {"code": 11673, "location_desc": "Near Mtwapa Health Centre", "official_name": "Mtwapa Nursing Home", "owner": {"name": "Private Enterprise (Institution)"}, "keph_level": {"name": "Level 3"}, "ward": {"code": 60}, "number_of_cots": 4, "town": {"name": "mtwapa"}, "name": "Mtwapa Nursing Home", "created": "2009-10-31T00:00:00+00:00", "regulatory_body": {"name": "Kenya MPDB - Institution"}, "facility_type": {"name": "Nursing Home"}, "plot_number": null, "operation_status": {"name": "Operational"}, "number_of_beds": 13}, {"code": 13260, "location_desc": null, "official_name": "Woodstreet Nursing Home", "owner": {"name": "Private Enterprise (Institution)"}, "keph_level": {"name": "Level 3"}, "ward": {"code": 1435}, "number_of_cots": 0, "town": {"name": "nairobi"}, "name": "Woodstreet Nursing Home", "created": "2009-10-31T00:00:00+00:00", "regulatory_body": {"name": "Kenya MPDB - Institution"}, "facility_type": {"name": "Nursing Home"}, "plot_number": null, "operation_status": {"name": "Operational"}, "number_of_beds": 10}, {"code": 13993, "location_desc": null, "official_name": "Oruba Nursing and Maternity Home", "owner": {"name": "Private Enterprise (Institution)"}, "keph_level": {"name": "Level 3"}, "ward": {"code": 1275}, "number_of_cots": 22, "town": {"name": "migori town"}, "name": "Oruba Nursing and Maternity Home", "created": "2009-10-31T00:00:00+00:00", "regulatory_body": {"name": "Kenya MPDB - Institution"}, "facility_type": {"name": "Nursing Home"}, "plot_number": null, "operation_status": {"name": "Operational"}, "number_of_beds": 96}, {"code": 12266, "location_desc": null, "official_name": "Kawiria Maternity and Nursing Home", "owner": {"name": "Private Enterprise (Institution)"}, "keph_level": {"name": "Level 3"}, "ward": {"code": 251}, "number_of_cots": 0, "town": {"name": "maua"}, "name": "Kawiria Maternity and Nursing Home", "created": "2009-10-31T00:00:00+00:00", "regulatory_body": {"name": "Kenya MPDB - Institution"}, "facility_type": {"name": "Maternity Home"}, "plot_number": null, "operation_status": {"name": "Operational"}, "number_of_beds": 11}, {"code": 13403, "location_desc": null, "official_name": "Mandera Medicare Nursing Home", "owner": {"name": "Private Enterprise (Institution)"}, "keph_level": {"name": "Level 3"}, "ward": {"code": 215}, "number_of_cots": 3, "town": {"name": "mandera"}, "name": "Mandera Medicare Nursing Home", "created": "2009-10-31T00:00:00+00:00", "regulatory_body": {"name": "Kenya MPDB - Institution"}, "facility_type": {"name": "Nursing Home"}, "plot_number": null, "operation_status": {"name": "Operational"}, "number_of_beds": 12}, {"code": 16409, "location_desc": null, "official_name": "St Joseph Nursing home", "owner": {"name": "Private Enterprise (Institution)"}, "keph_level": {"name": "Level 3"}, "ward": {"code": 855}, "number_of_cots": 0, "town": {"name": "molo"}, "name": "St Joseph Nursing Home", "created": "2009-10-31T00:00:00+00:00", "regulatory_body": {"name": "Kenya MPDB - Institution"}, "facility_type": {"name": "Nursing Home"}, "plot_number": null, "operation_status": {"name": "Operational"}, "number_of_beds": 0}, {"code": 13307, "location_desc": null, "official_name": "Blue Light Nursing Home", "owner": {"name": "Private Enterprise (Institution)"}, "keph_level": {"name": "Level 3"}, "ward": {"code": 215}, "number_of_cots": 2, "town": {"name": "mandera"}, "name": "Blue Light Nursing Home", "created": "2009-10-31T00:00:00+00:00", "regulatory_body": {"name": "Kenya MPDB - Institution"}, "facility_type": {"name": "Nursing Home"}, "plot_number": null, "operation_status": {"name": "Operational"}, "number_of_beds": 15}, {"code": 10691, "location_desc": null, "official_name": "Mariine Maternity Home", "owner": {"name": "Private Enterprise (Institution)"}, "keph_level": {"name": "Level 3"}, "ward": {"code": 493}, "number_of_cots": 0, "town": {"name": "muruguru"}, "name": "Mariine Maternity Home", "created": "2009-10-31T00:00:00+00:00", "regulatory_body": {"name": "Kenya MPDB - Institution"}, "facility_type": {"name": "Maternity Home"}, "plot_number": null, "operation_status": {"name": "Operational"}, "number_of_beds": 22}, {"code": 13345, "location_desc": "Garissa Ndogo", "official_name": "Garissa Nursing Home", "owner": {"name": "Private Practice - Medical Specialist"}, "keph_level": {"name": "Level 4"}, "ward": {"code": 133}, "number_of_cots": 2, "town": {"name": "garissa"}, "name": "Garissa Nursing Home", "created": "2009-10-31T00:00:00+00:00", "regulatory_body": {"name": "Kenya MPDB - Institution"}, "facility_type": {"name": "Nursing Home"}, "plot_number": null, "operation_status": {"name": "Operational"}, "number_of_beds": 10}, {"code": 13070, "location_desc": "next to N.Y.S. Engineering institute. behind feeders plaza", "official_name": "Marura Nursing Home", "owner": {"name": "Private Enterprise (Institution)"}, "keph_level": {"name": "Level 3"}, "ward": {"code": 1403}, "number_of_cots": 5, "town": {"name": "mathare  area 4"}, "name": "Marura Nursing Home", "created": "2009-10-31T00:00:00+00:00", "regulatory_body": {"name": "Kenya MPDB - Institution"}, "facility_type": {"name": "Nursing Home"}, "plot_number": null, "operation_status": {"name": "Operational"}, "number_of_beds": 32}, {"code": 12114, "location_desc": null, "official_name": "Joykim Nursing Home", "owner": {"name": "Private Enterprise (Institution)"}, "keph_level": {"name": "Level 3"}, "ward": {"code": 314}, "number_of_cots": 3, "town": {"name": "embu"}, "name": "Joykim Nursing Home", "created": "2009-10-31T00:00:00+00:00", "regulatory_body": {"name": "Kenya MPDB - Institution"}, "facility_type": {"name": "Nursing Home"}, "plot_number": "g.g 6324", "operation_status": {"name": "Operational"}, "number_of_beds": 30}, {"code": 10162, "location_desc": null, "official_name": "Eddiana Hospital", "owner": {"name": "Private Enterprise (Institution)"}, "keph_level": {"name": "Level 4"}, "ward": {"code": 574}, "number_of_cots": 0, "town": {"name": "ruiru"}, "name": "Eddiana Hospital", "created": "2009-10-31T00:00:00+00:00", "regulatory_body": {"name": "Kenya MPDB - Institution"}, "facility_type": {"name": "Other Hospital"}, "plot_number": null, "operation_status": {"name": "Operational"}, "number_of_beds": 0}, {"code": 12932, "location_desc": null, "official_name": "Ediana Nursing Home", "owner": {"name": "Private Enterprise (Institution)"}, "keph_level": {"name": "Level 3"}, "ward": {"code": 1391}, "number_of_cots": 0, "town": {"name": "nairobi"}, "name": "Ediana Nursing Home", "created": "2009-10-31T00:00:00+00:00", "regulatory_body": {"name": "Kenya MPDB - Institution"}, "facility_type": {"name": "Nursing Home"}, "plot_number": null, "operation_status": {"name": "Operational"}, "number_of_beds": 0}, {"code": 13636, "location_desc": null, "official_name": "Johpas Clinic", "owner": {"name": "Private Enterprise (Institution)"}, "keph_level": {"name": "Level 2"}, "ward": {"code": 1237}, "number_of_cots": 0, "town": {"name": "rangwe"}, "name": "Johpas Clinic", "created": "2009-10-31T00:00:00+00:00", "regulatory_body": {"name": "Kenya MPDB - Institution"}, "facility_type": {"name": "Nursing Home"}, "plot_number": null, "operation_status": {"name": "Operational"}, "number_of_beds": 0}, {"code": 13439, "location_desc": "Along Moyale road", "official_name": "Shifaa Nursing Home", "owner": {"name": "Private Enterprise (Institution)"}, "keph_level": {"name": "Level 3"}, "ward": {"code": 169}, "number_of_cots": 0, "town": {"name": "wajir"}, "name": "Shifaa Nursing Home", "created": "2009-10-31T00:00:00+00:00", "regulatory_body": {"name": "Kenya MPDB - Institution"}, "facility_type": {"name": "Nursing Home"}, "plot_number": null, "operation_status": {"name": "Not-Operational"}, "number_of_beds": 0}, {"code": 11746, "location_desc": null, "official_name": "Pwani Maternity And Nursing Home", "owner": {"name": "Private Enterprise (Institution)"}, "keph_level": {"name": "Level 3"}, "ward": {"code": 52}, "number_of_cots": 0, "town": {"name": "kilifi"}, "name": "Pwani Maternity and Nursing Home", "created": "2009-10-31T00:00:00+00:00", "regulatory_body": {"name": "Kenya MPDB - Institution"}, "facility_type": {"name": "Nursing Home"}, "plot_number": null, "operation_status": {"name": "Operational"}, "number_of_beds": 0}, {"code": 10821, "location_desc": null, "official_name": "Nanyuki Cottage", "owner": {"name": "Private Enterprise (Institution)"}, "keph_level": {"name": "Level 2"}, "ward": {"code": 476}, "number_of_cots": 0, "town": {"name": "nanyuki"}, "name": "Nanyuki Cottage", "created": "2009-10-31T00:00:00+00:00", "regulatory_body": {"name": "Kenya MPDB - Institution"}, "facility_type": {"name": "Nursing Home"}, "plot_number": null, "operation_status": {"name": "Operational"}, "number_of_beds": 36}, {"code": 15770, "location_desc": "Ongata Rongai Township", "official_name": "Wanainchi Jamii Materinty And Nursing Home", "owner": {"name": "Private Enterprise (Institution)"}, "keph_level": {"name": "Level 3"}, "ward": {"code": 912}, "number_of_cots": 0, "town": {"name": "ongata rongai"}, "name": "Wanainchi Jamii Materinty and Nursing Home", "created": "2009-10-31T00:00:00+00:00", "regulatory_body": {"name": "Kenya MPDB - Institution"}, "facility_type": {"name": "Nursing Home"}, "plot_number": null, "operation_status": {"name": "Operational"}, "number_of_beds": 8}, {"code": 11988, "location_desc": "Nesxt to Donyo Sabuk Police Post", "official_name": "Donyo Sabuk Nursing Home", "owner": {"name": "Private Enterprise (Institution)"}, "keph_level": {"name": "Level 2"}, "ward": {"code": 386}, "number_of_cots": 5, "town": {"name": "donyo sabuk market"}, "name": "Donyo Sabuk Nursing Home", "created": "2009-10-31T00:00:00+00:00", "regulatory_body": {"name": "Kenya MPDB - Institution"}, "facility_type": {"name": "Nursing Home"}, "plot_number": null, "operation_status": {"name": "Operational"}, "number_of_beds": 30}, {"code": 12643, "location_desc": "in Machakos Town, near Cooperative bank", "official_name": "New Ngei Road Nursing Home", "owner": {"name": "Private Practice - Clinical Officer"}, "keph_level": {"name": "Level 3"}, "ward": {"code": 401}, "number_of_cots": 2, "town": {"name": "machakos"}, "name": "New Ngei Road Nursing Home", "created": "2009-10-31T00:00:00+00:00", "regulatory_body": {"name": "Clinical Officers Council"}, "facility_type": {"name": "Nursing Home"}, "plot_number": null, "operation_status": {"name": "Operational"}, "number_of_beds": 16}, {"code": 13665, "location_desc": null, "official_name": "Kehancha Nursing and Maternity Home", "owner": {"name": "Private Enterprise (Institution)"}, "keph_level": {"name": "Level 3"}, "ward": {"code": 1289}, "number_of_cots": 0, "town": {"name": "kehancha"}, "name": "Kehancha Nursing and Maternity Home", "created": "2009-10-31T00:00:00+00:00", "regulatory_body": {"name": "Kenya MPDB - Institution"}, "facility_type": {"name": "Nursing Home"}, "plot_number": null, "operation_status": {"name": "Operational"}, "number_of_beds": 15}, {"code": 13287, "location_desc": null, "official_name": "Al-Siha Nursing Home", "owner": {"name": "Private Enterprise (Institution)"}, "keph_level": {"name": "Level 3"}, "ward": {"code": 215}, "number_of_cots": 0, "town": {"name": "mandera"}, "name": "Al-Siha Nursing Home", "created": "2009-10-31T00:00:00+00:00", "regulatory_body": {"name": "Kenya MPDB - Institution"}, "facility_type": {"name": "Nursing Home"}, "plot_number": null, "operation_status": {"name": "Operational"}, "number_of_beds": 0}, {"code": 12978, "location_desc": "Next to Airport Embakasi Juction", "official_name": "Pipeline Nursing Home", "owner": {"name": "Private Enterprise (Institution)"}, "keph_level": {"name": "Level 3"}, "ward": {"code": 1410}, "number_of_cots": 3, "town": {"name": "nairobi"}, "name": "Pipeline Nursing Home", "created": "2009-10-31T00:00:00+00:00", "regulatory_body": {"name": "Kenya MPDB - Institution"}, "facility_type": {"name": "Nursing Home"}, "plot_number": "113/281", "operation_status": {"name": "Operational"}, "number_of_beds": 15}, {"code": 12977, "location_desc": "Mwangaza Road Off Spine Road", "official_name": "Patanish Maternity and Nursing Home", "owner": {"name": "Private Enterprise (Institution)"}, "keph_level": {"name": "Level 3"}, "ward": {"code": 1418}, "number_of_cots": 0, "town": {"name": "nairobi"}, "name": "Patanisho Maternity and Nursing Home", "created": "2009-10-31T00:00:00+00:00", "regulatory_body": {"name": "Kenya MPDB - Private Practice"}, "facility_type": {"name": "Nursing Home"}, "plot_number": "123", "operation_status": {"name": "Operational"}, "number_of_beds": 21}, {"code": 12850, "location_desc": "ALONG MERU NKUBU ROAD", "official_name": "Woodlands Hospital", "owner": {"name": "Private Enterprise (Institution)"}, "keph_level": {"name": "Level 4"}, "ward": {"code": 277}, "number_of_cots": 0, "town": {"name": "meru"}, "name": "Woodlands Hospital", "created": "2009-10-31T00:00:00+00:00", "regulatory_body": {"name": "Kenya MPDB - Institution"}, "facility_type": {"name": "Other Hospital"}, "plot_number": null, "operation_status": {"name": "Operational"}, "number_of_beds": 0}], "model": "facilities.Facility", "unique_fields": ["code"]}]