[{"records": [{"code": 15657, "location_desc": null, "official_name": "St Mathews Maternity And Lab Services", "owner": {"name": "Private Enterprise (Institution)"}, "keph_level": {"name": "Level 2"}, "ward": {"code": 921}, "number_of_cots": 0, "town": {"name": "kitengela"}, "name": "St Mathews Maternity and Lab Services", "created": "2009-10-31T00:00:00+00:00", "regulatory_body": {"name": "Kenya MPDB - Institution"}, "facility_type": {"name": "Maternity Home"}, "plot_number": null, "operation_status": {"name": "Operational"}, "number_of_beds": 0}, {"code": 13516, "location_desc": "Ahero- awasi route, about 1.5Km from Ahero Market", "official_name": "Boya Nursing Home", "owner": {"name": "Private Enterprise (Institution)"}, "keph_level": {"name": "Level 2"}, "ward": {"code": 1208}, "number_of_cots": 12, "town": {"name": "ahero"}, "name": "Boya Nursing Home", "created": "2009-10-31T00:00:00+00:00", "regulatory_body": {"name": "Kenya MPDB - Institution"}, "facility_type": {"name": "Nursing Home"}, "plot_number": null, "operation_status": {"name": "Operational"}, "number_of_beds": 10}, {"code": 11235, "location_desc": "Along Kenyatta Avenue next to Makupa Chemist", "official_name": "Bakarani Nursing Home", "owner": {"name": "Private Enterprise (Institution)"}, "keph_level": {"name": "Level 3"}, "ward": {"code": 30}, "number_of_cots": 0, "town": {"name": "majengo market"}, "name": "Bakarani Maternity and Nursing Home", "created": "2009-10-31T00:00:00+00:00", "regulatory_body": {"name": "Kenya MPDB - Institution"}, "facility_type": {"name": "Nursing Home"}, "plot_number": "xvi/77 mombasa", "operation_status": {"name": "Operational"}, "number_of_beds": 8}, {"code": 12545, "location_desc": null, "official_name": "Moyale Nursing Home", "owner": {"name": "Private Enterprise (Institution)"}, "keph_level": {"name": "Level 3"}, "ward": {"code": 225}, "number_of_cots": 2, "town": {"name": "moyale"}, "name": "Moyale Nursing Home", "created": "2009-10-31T00:00:00+00:00", "regulatory_body": {"name": "Kenya MPDB - Institution"}, "facility_type": {"name": "Nursing Home"}, "plot_number": null, "operation_status": {"name": "Operational"}, "number_of_beds": 10}, {"code": 10596, "location_desc": null, "official_name": "Kihugiru Maternity Disp.", "owner": {"name": "Private Enterprise (Institution)"}, "keph_level": {"name": "Level 2"}, "ward": {"code": 486}, "number_of_cots": 0, "town": {"name": "othaya town"}, "name": "Kihugiru Maternity Disp", "created": "2009-10-31T00:00:00+00:00", "regulatory_body": {"name": "Kenya MPDB - Institution"}, "facility_type": {"name": "Maternity Home"}, "plot_number": null, "operation_status": {"name": "Not-Operational"}, "number_of_beds": 0}, {"code": 10404, "location_desc": null, "official_name": "Kagumo Maternity", "owner": {"name": "Private Enterprise (Institution)"}, "keph_level": {"name": "Level 2"}, "ward": {"code": 512}, "number_of_cots": 0, "town": {"name": "kagumo"}, "name": "Kagumo Maternity", "created": "2009-10-31T00:00:00+00:00", "regulatory_body": {"name": "Kenya MPDB - Institution"}, "facility_type": {"name": "Maternity Home"}, "plot_number": null, "operation_status": {"name": "Not-Operational"}, "number_of_beds": 0}, {"code": 12976, "location_desc": "Situated next to Huruma Police Post-Off Juja Road", "official_name": "Huruma Nursing Home", "owner": {"name": "Private Enterprise (Institution)"}, "keph_level": {"name": "Level 3"}, "ward": {"code": 1450}, "number_of_cots": 0, "town": {"name": "nairobi"}, "name": "Huruma Nursing Home & Maternity", "created": "2009-10-31T00:00:00+00:00", "regulatory_body": {"name": "Kenya MPDB - Institution"}, "facility_type": {"name": "Nursing Home"}, "plot_number": null, "operation_status": {"name": "Operational"}, "number_of_beds": 30}, {"code": 11896, "location_desc": "Timboni Market behind Feiswal Butchery next to baptist church", "official_name": "Watamu Maternity And Nursing Home", "owner": {"name": "Private Practice - Nurse / Midwife"}, "keph_level": {"name": "Level 3"}, "ward": {"code": 54}, "number_of_cots": 0, "town": {"name": "timboni market"}, "name": "Watamu Maternity and Nursing Home", "created": "2009-10-31T00:00:00+00:00", "regulatory_body": {"name": "Nursing Council of Kenya (Private Practice)"}, "facility_type": {"name": "Nursing Home"}, "plot_number": "2713", "operation_status": {"name": "Operational"}, "number_of_beds": 6}, {"code": 13059, "location_desc": null, "official_name": "Makkah Nursing Home", "owner": {"name": "Private Enterprise (Institution)"}, "keph_level": {"name": "Level 3"}, "ward": {"code": 1435}, "number_of_cots": 0, "town": {"name": "nairobi"}, "name": "Makkah Nursing Home", "created": "2009-10-31T00:00:00+00:00", "regulatory_body": {"name": "Kenya MPDB - Institution"}, "facility_type": {"name": "Nursing Home"}, "plot_number": null, "operation_status": {"name": "Operational"}, "number_of_beds": 0}, {"code": 10308, "location_desc": "Right opposite Kahawa Garrison main gate", "official_name": "Kahawa Wendani Hospital", "owner": {"name": "Private Enterprise (Institution)"}, "keph_level": {"name": "Level 4"}, "ward": {"code": 573}, "number_of_cots": 2, "town": {"name": "githurai"}, "name": "Kahawa Wendani Hospital", "created": "2009-10-31T00:00:00+00:00", "regulatory_body": {"name": "Kenya MPDB - Institution"}, "facility_type": {"name": "Other Hospital"}, "plot_number": "12942/ githurai", "operation_status": {"name": "Operational"}, "number_of_beds": 12}, {"code": 13586, "location_desc": null, "official_name": "Gods Will Clinic", "owner": {"name": "Private Enterprise (Institution)"}, "keph_level": {"name": "Level 2"}, "ward": {"code": 1201}, "number_of_cots": 0, "town": {"name": "kisumu"}, "name": "Gods Will Clinic", "created": "2009-10-31T00:00:00+00:00", "regulatory_body": {"name": "Kenya MPDB - Institution"}, "facility_type": {"name": "Medical Clinic"}, "plot_number": null, "operation_status": {"name": "Operational"}, "number_of_beds": 0}, {"code": 16045, "location_desc": null, "official_name": "Munyanza Nursing Home", "owner": {"name": "Private Enterprise (Institution)"}, "keph_level": {"name": "Level 3"}, "ward": {"code": 1040}, "number_of_cots": 0, "town": {"name": "khwisero"}, "name": "Munyanza Nursing Home", "created": "2009-10-31T00:00:00+00:00", "regulatory_body": {"name": "Kenya MPDB - Institution"}, "facility_type": {"name": "Nursing Home"}, "plot_number": null, "operation_status": {"name": "Operational"}, "number_of_beds": 10}, {"code": 11775, "location_desc": "Mshomoroni near Taifa flats (mwisho wa Lami)", "official_name": "Skans Health Care Centre", "owner": {"name": "Private Practice - Unspecified"}, "keph_level": {"name": "Level 3"}, "ward": {"code": 14}, "number_of_cots": 0, "town": {"name": "mombasa"}, "name": "Skans Health Care Centre", "created": "2009-10-31T00:00:00+00:00", "regulatory_body": {"name": "Kenya MPDB - Private Practice"}, "facility_type": {"name": "Nursing Home"}, "plot_number": "188/i/mn", "operation_status": {"name": "Operational"}, "number_of_beds": 9}, {"code": 11280, "location_desc": "Mainland matatu terminus", "official_name": "Changamwe Maternity", "owner": {"name": "Private Enterprise (Institution)"}, "keph_level": {"name": "Level 2"}, "ward": {"code": 3}, "number_of_cots": 0, "town": {"name": "mombasa"}, "name": "Changamwe Maternity", "created": "2009-10-31T00:00:00+00:00", "regulatory_body": {"name": "Kenya MPDB - Institution"}, "facility_type": {"name": "Maternity Home"}, "plot_number": null, "operation_status": {"name": "Operational"}, "number_of_beds": 0}, {"code": 11515, "location_desc": null, "official_name": "Langoni Nursing Home", "owner": {"name": "Private Enterprise (Institution)"}, "keph_level": {"name": "Level 3"}, "ward": {"code": 105}, "number_of_cots": 0, "town": {"name": "lamu"}, "name": "Langoni Nursing Home", "created": "2009-10-31T00:00:00+00:00", "regulatory_body": {"name": "Kenya MPDB - Institution"}, "facility_type": {"name": "Nursing Home"}, "plot_number": null, "operation_status": {"name": "Operational"}, "number_of_beds": 0}, {"code": 15844, "location_desc": "In Kakamega Town  on Cannon Awori Street", "official_name": "Kakamega Centra Nursing Home", "owner": {"name": "Private Enterprise (Institution)"}, "keph_level": {"name": "Level 3"}, "ward": {"code": 1012}, "number_of_cots": 12, "town": {"name": "kakamege town"}, "name": "Kakamega Central Nursing Home", "created": "2009-10-31T00:00:00+00:00", "regulatory_body": {"name": "Kenya MPDB - Institution"}, "facility_type": {"name": "Nursing Home"}, "plot_number": "1/50", "operation_status": {"name": "Operational"}, "number_of_beds": 56}, {"code": 11891, "location_desc": null, "official_name": "Wananchi Nursing Home", "owner": {"name": "Private Enterprise (Institution)"}, "keph_level": {"name": "Level 3"}, "ward": {"code": 52}, "number_of_cots": 0, "town": {"name": "kilifi"}, "name": "Wananchi Nursing Home", "created": "2009-10-31T00:00:00+00:00", "regulatory_body": {"name": "Kenya MPDB - Institution"}, "facility_type": {"name": "Nursing Home"}, "plot_number": null, "operation_status": {"name": "Operational"}, "number_of_beds": 12}, {"code": 16062, "location_desc": null, "official_name": "Nala Maternity And Nursing Home", "owner": {"name": "Private Enterprise (Institution)"}, "keph_level": {"name": "Level 3"}, "ward": {"code": 1014}, "number_of_cots": 5, "town": {"name": "kakamege town"}, "name": "Nala Maternity and Nursing Home", "created": "2009-10-31T00:00:00+00:00", "regulatory_body": {"name": "Kenya MPDB - Institution"}, "facility_type": {"name": "Nursing Home"}, "plot_number": null, "operation_status": {"name": "Operational"}, "number_of_beds": 57}, {"code": 11436, "location_desc": "Along nairobi-msa highway at Jomvu Mikanjuni (kwa chief) 500 metres from the main road", "official_name": "Jomvu Model Health Centre ", "owner": {"name": "Ministry of Health"}, "keph_level": {"name": "Level 2"}, "ward": {"code": 6}, "number_of_cots": 0, "town": {"name": "mombasa"}, "name": "Jomvu Model Health Centre", "created": "2009-10-31T00:00:00+00:00", "regulatory_body": {"name": "Ministry of Health"}, "facility_type": {"name": "Health Centre"}, "plot_number": null, "operation_status": {"name": "Operational"}, "number_of_beds": 0}, {"code": 13575, "location_desc": null, "official_name": "Girango Dispensary", "owner": {"name": "Ministry of Health"}, "keph_level": {"name": "Level 2"}, "ward": {"code": 1347}, "number_of_cots": 0, "town": {"name": "gachuba"}, "name": "Girango Dispensary", "created": "2009-10-31T00:00:00+00:00", "regulatory_body": {"name": "Ministry of Health"}, "facility_type": {"name": "Dispensary"}, "plot_number": null, "operation_status": {"name": "Operational"}, "number_of_beds": 1}, {"code": 13513, "location_desc": null, "official_name": "Boro Dispensary", "owner": {"name": "Ministry of Health"}, "keph_level": {"name": "Level 2"}, "ward": {"code": 1165}, "number_of_cots": 0, "town": {"name": "boro market market"}, "name": "Boro Dispensary", "created": "2009-10-31T00:00:00+00:00", "regulatory_body": {"name": "Ministry of Health"}, "facility_type": {"name": "Dispensary"}, "plot_number": null, "operation_status": {"name": "Operational"}, "number_of_beds": 0}, {"code": 15862, "location_desc": "Along Kisumu Busia highway next to Maseno Mission Hospital ", "official_name": "Coptic Nursing Home", "owner": {"name": "Other Faith Based"}, "keph_level": {"name": "Level 3"}, "ward": {"code": 1195}, "number_of_cots": 0, "town": {"name": "luanda"}, "name": "Coptic Nursing Home", "created": "2009-10-31T00:00:00+00:00", "regulatory_body": {"name": "Kenya MPDB - Institution"}, "facility_type": {"name": "Nursing Home"}, "plot_number": null, "operation_status": {"name": "Operational"}, "number_of_beds": 27}, {"code": 13789, "location_desc": null, "official_name": "Matata Nursing Hospital", "owner": {"name": "Other Faith Based"}, "keph_level": {"name": "Level 4"}, "ward": {"code": 1222}, "number_of_cots": 15, "town": {"name": "oyugis town"}, "name": "Matata Nursing Hospital", "created": "2009-10-31T00:00:00+00:00", "regulatory_body": {"name": "Kenya MPDB - Institution"}, "facility_type": {"name": "Nursing Home"}, "plot_number": null, "operation_status": {"name": "Operational"}, "number_of_beds": 89}, {"code": 13632, "location_desc": null, "official_name": "Jalaram Nursing Home", "owner": {"name": "Private Enterprise (Institution)"}, "keph_level": {"name": "Level 3"}, "ward": {"code": 1198}, "number_of_cots": 0, "town": {"name": "kisumu"}, "name": "Jalaram Nursing Home", "created": "2009-10-31T00:00:00+00:00", "regulatory_body": {"name": "Kenya MPDB - Institution"}, "facility_type": {"name": "Nursing Home"}, "plot_number": null, "operation_status": {"name": "Operational"}, "number_of_beds": 0}, {"code": 14098, "location_desc": null, "official_name": "Sori Lakeside Nursing and Maternity Home", "owner": {"name": "Christian Health Association of Kenya"}, "keph_level": {"name": "Level 3"}, "ward": {"code": 1282}, "number_of_cots": 2, "town": {"name": "sori"}, "name": "Sori Lakeside Nursing and Maternity Home", "created": "2009-10-31T00:00:00+00:00", "regulatory_body": {"name": "Kenya MPDB - Institution"}, "facility_type": {"name": "Maternity Home"}, "plot_number": null, "operation_status": {"name": "Operational"}, "number_of_beds": 100}, {"code": 15880, "location_desc": "Within Luanda Town along Kisumu Busia Highway", "official_name": "Equator Nursing and Maternity Home", "owner": {"name": "Private Practice - Unspecified"}, "keph_level": {"name": "Level 3"}, "ward": {"code": 1068}, "number_of_cots": 0, "town": {"name": "luanda"}, "name": "Equator Nursing and Maternity Home", "created": "2009-10-31T00:00:00+00:00", "regulatory_body": {"name": "Kenya MPDB - Private Practice"}, "facility_type": {"name": "Nursing Home"}, "plot_number": "231/232 - ebusikhale", "operation_status": {"name": "Operational"}, "number_of_beds": 33}, {"code": 12745, "location_desc": null, "official_name": "St. Assisi Sisters of Mary Immaculate Nursing Home", "owner": {"name": "Christian Health Association of Kenya"}, "keph_level": {"name": "Level 3"}, "ward": {"code": 397}, "number_of_cots": 15, "town": {"name": "mlolongo"}, "name": "St Assisi Sisters of Mary Immaculate Nursing Home", "created": "2009-10-31T00:00:00+00:00", "regulatory_body": {"name": "Kenya MPDB - Institution"}, "facility_type": {"name": "Maternity Home"}, "plot_number": null, "operation_status": {"name": "Operational"}, "number_of_beds": 15}, {"code": 11156, "location_desc": "Along Nyeri/ Karatina Rd", "official_name": "Waka Maternity Home", "owner": {"name": "Private Enterprise (Institution)"}, "keph_level": {"name": "Level 3"}, "ward": {"code": 494}, "number_of_cots": 0, "town": {"name": "ruringu"}, "name": "Waka Maternity Home", "created": "2009-10-31T00:00:00+00:00", "regulatory_body": {"name": "Kenya MPDB - Institution"}, "facility_type": {"name": "Maternity Home"}, "plot_number": null, "operation_status": {"name": "Operational"}, "number_of_beds": 12}, {"code": 13973, "location_desc": null, "official_name": "Okitta Maternity Nursing Home", "owner": {"name": "Private Enterprise (Institution)"}, "keph_level": {"name": "Level 3"}, "ward": {"code": 1227}, "number_of_cots": 0, "town": {"name": "kadongo market"}, "name": "Okitta Maternity Nursing Home", "created": "2009-10-31T00:00:00+00:00", "regulatory_body": {"name": "Kenya MPDB - Institution"}, "facility_type": {"name": "Nursing Home"}, "plot_number": null, "operation_status": {"name": "Operational"}, "number_of_beds": 26}, {"code": 10662, "location_desc": "Limuru Town ,Next to Limuru Primary School", "official_name": "Limuru Nursing Home", "owner": {"name": "Private Enterprise (Institution)"}, "keph_level": {"name": "Level 3"}, "ward": {"code": 602}, "number_of_cots": 4, "town": {"name": "limuru"}, "name": "Limuru Nursing Home", "created": "2009-10-31T00:00:00+00:00", "regulatory_body": {"name": "Kenya MPDB - Private Practice"}, "facility_type": {"name": "Nursing Home"}, "plot_number": null, "operation_status": {"name": "Operational"}, "number_of_beds": 34}, {"code": 12427, "location_desc": "Next to Mini Inn, Blue Valley Estate", "official_name": "Liberty Maternity and Nursing Home", "owner": {"name": "Private Enterprise (Institution)"}, "keph_level": {"name": "Level 3"}, "ward": {"code": 314}, "number_of_cots": 0, "town": {"name": "embu"}, "name": "Liberty Maternity and Nursing Home", "created": "2009-10-31T00:00:00+00:00", "regulatory_body": {"name": "Kenya MPDB - Institution"}, "facility_type": {"name": "Maternity Home"}, "plot_number": null, "operation_status": {"name": "Operational"}, "number_of_beds": 12}, {"code": 11071, "location_desc": "Kikuyu Town", "official_name": "St Teresa Nursing Home", "owner": {"name": "Private Enterprise (Institution)"}, "keph_level": {"name": "Level 3"}, "ward": {"code": 599}, "number_of_cots": 4, "town": {"name": "kikuyu"}, "name": "St Teresa Nursing Home", "created": "2009-10-31T00:00:00+00:00", "regulatory_body": {"name": "Kenya MPDB - Institution"}, "facility_type": {"name": "Nursing Home"}, "plot_number": "kik 1/86", "operation_status": {"name": "Operational"}, "number_of_beds": 21}, {"code": 11912, "location_desc": "Along Mombasa Kilifi road  nearMzambarauni area,  1.5 KM North of Mtwapa Town", "official_name": "RGC Zion Community Clinic", "owner": {"name": "Christian Health Association of Kenya"}, "keph_level": {"name": "Level 2"}, "ward": {"code": 60}, "number_of_cots": 1, "town": {"name": "mtwapa"}, "name": "Oasis Medical Center", "created": "2009-10-31T00:00:00+00:00", "regulatory_body": {"name": "Other"}, "facility_type": {"name": "Dispensary"}, "plot_number": "4822 section iii", "operation_status": {"name": "Operational"}, "number_of_beds": 9}, {"code": 14134, "location_desc": null, "official_name": "Suna Nursing and Maternity Home", "owner": {"name": "Private Enterprise (Institution)"}, "keph_level": {"name": "Level 3"}, "ward": {"code": 1275}, "number_of_cots": 2, "town": {"name": "migori town"}, "name": "Suna Nursing and Maternity Home", "created": "2009-10-31T00:00:00+00:00", "regulatory_body": {"name": "Kenya MPDB - Institution"}, "facility_type": {"name": "Nursing Home"}, "plot_number": null, "operation_status": {"name": "Operational"}, "number_of_beds": 36}, {"code": 10488, "location_desc": null, "official_name": "Karatina Nursing Home", "owner": {"name": "Private Enterprise (Institution)"}, "keph_level": {"name": "Level 3"}, "ward": {"code": 482}, "number_of_cots": 0, "town": {"name": "karatina"}, "name": "Karatina Nursing Home", "created": "2009-10-31T00:00:00+00:00", "regulatory_body": {"name": "Kenya MPDB - Institution"}, "facility_type": {"name": "Nursing Home"}, "plot_number": null, "operation_status": {"name": "Operational"}, "number_of_beds": 26}, {"code": 14430, "location_desc": "Elburgon Town .", "official_name": "Elburgon Nursing Home", "owner": {"name": "Private Enterprise (Institution)"}, "keph_level": {"name": "Level 2"}, "ward": {"code": 828}, "number_of_cots": 0, "town": {"name": "elburgon"}, "name": "Elburgon Nursing Home", "created": "2009-10-31T00:00:00+00:00", "regulatory_body": {"name": "Kenya MPDB - Institution"}, "facility_type": {"name": "Nursing Home"}, "plot_number": null, "operation_status": {"name": "Operational"}, "number_of_beds": 10}, {"code": 15787, "location_desc": "Ngong Kiserian Road opp.Petro Petrol Station", "official_name": "Zam Zam Medical Services", "owner": {"name": "Non-Governmental Organizations"}, "keph_level": {"name": "Level 3"}, "ward": {"code": 915}, "number_of_cots": 0, "town": {"name": "ngong"}, "name": "Zam Zam Medical Services", "created": "2009-10-31T00:00:00+00:00", "regulatory_body": {"name": "Other"}, "facility_type": {"name": "Maternity Home"}, "plot_number": null, "operation_status": {"name": "Operational"}, "number_of_beds": 4}, {"code": 13776, "location_desc": null, "official_name": "Marie Stopes Nursing Home (Kisumu)", "owner": {"name": "Non-Governmental Organizations"}, "keph_level": {"name": "Level 3"}, "ward": {"code": 1198}, "number_of_cots": 0, "town": {"name": "kisumu"}, "name": "Marie Stopes Nursing Home (Kisumu)", "created": "2009-10-31T00:00:00+00:00", "regulatory_body": {"name": "Other"}, "facility_type": {"name": "Nursing Home"}, "plot_number": null, "operation_status": {"name": "Operational"}, "number_of_beds": 32}, {"code": 12491, "location_desc": null, "official_name": "Maua Cottage", "owner": {"name": "Private Enterprise (Institution)"}, "keph_level": {"name": "Level 2"}, "ward": {"code": 251}, "number_of_cots": 0, "town": {"name": "maua"}, "name": "Maua Cottage", "created": "2009-10-31T00:00:00+00:00", "regulatory_body": {"name": "Kenya MPDB - Institution"}, "facility_type": {"name": "Maternity Home"}, "plot_number": null, "operation_status": {"name": "Operational"}, "number_of_beds": 0}, {"code": 14129, "location_desc": null, "official_name": "Star Maternity & Nursing Home", "owner": {"name": "Private Enterprise (Institution)"}, "keph_level": {"name": "Level 3"}, "ward": {"code": 1201}, "number_of_cots": 0, "town": {"name": "kisumu"}, "name": "Star Maternity & Nursing Home", "created": "2009-10-31T00:00:00+00:00", "regulatory_body": {"name": "Kenya MPDB - Institution"}, "facility_type": {"name": "Nursing Home"}, "plot_number": null, "operation_status": {"name": "Operational"}, "number_of_beds": 22}, {"code": 12527, "location_desc": "200m away from District Commissioner's residence", "official_name": "Milimani Nursing Home", "owner": {"name": "Private Enterprise (Institution)"}, "keph_level": {"name": "Level 3"}, "ward": {"code": 276}, "number_of_cots": 0, "town": {"name": "meru"}, "name": "Milimani Nursing Home", "created": "2009-10-31T00:00:00+00:00", "regulatory_body": {"name": "Kenya MPDB - Institution"}, "facility_type": {"name": "Nursing Home"}, "plot_number": null, "operation_status": {"name": "Operational"}, "number_of_beds": 21}, {"code": 10690, "location_desc": null, "official_name": "Marie Stopes Nursing Home (Muranga)", "owner": {"name": "Non-Governmental Organizations"}, "keph_level": {"name": "Level 2"}, "ward": {"code": 524}, "number_of_cots": 4, "town": {"name": "muranga"}, "name": "Marie Stopes Nursing Home (Muranga)", "created": "2009-10-31T00:00:00+00:00", "regulatory_body": {"name": "Other"}, "facility_type": {"name": "Nursing Home"}, "plot_number": null, "operation_status": {"name": "Operational"}, "number_of_beds": 12}, {"code": 10604, "location_desc": "Kikuyu Dagoretti road near Kikuyu Town", "official_name": "Akshar Nursing Home", "owner": {"name": "Private Enterprise (Institution)"}, "keph_level": {"name": "Level 3"}, "ward": {"code": 599}, "number_of_cots": 4, "town": {"name": "kikuyu township"}, "name": "Akshar Nursing Home", "created": "2009-10-31T00:00:00+00:00", "regulatory_body": {"name": "Kenya MPDB - Institution"}, "facility_type": {"name": "Nursing Home"}, "plot_number": null, "operation_status": {"name": "Operational"}, "number_of_beds": 44}, {"code": 10877, "location_desc": "Nbi-Nku Highway. branch at flyover town to the right up to njabini town", "official_name": "Njabini  Maternity and Nursing Home", "owner": {"name": "Private Practice - Nurse / Midwife"}, "keph_level": {"name": "Level 2"}, "ward": {"code": 445}, "number_of_cots": 0, "town": {"name": "njabini"}, "name": "Njabini Maternity and Nursing Home", "created": "2009-10-31T00:00:00+00:00", "regulatory_body": {"name": "Nursing Council of Kenya (Private Practice)"}, "facility_type": {"name": "Maternity Home"}, "plot_number": null, "operation_status": {"name": "Operational"}, "number_of_beds": 0}, {"code": 14494, "location_desc": "Ongata Rongai", "official_name": "Fatima Maternity Hospital", "owner": {"name": "Kenya Episcopal Conference-Catholic Secretariat"}, "keph_level": {"name": "Level 3"}, "ward": {"code": 912}, "number_of_cots": 0, "town": {"name": "ongata rongai"}, "name": "Fatima Maternity Hospital", "created": "2009-10-31T00:00:00+00:00", "regulatory_body": {"name": "Kenya MPDB - Institution"}, "facility_type": {"name": "Maternity Home"}, "plot_number": null, "operation_status": {"name": "Operational"}, "number_of_beds": 32}, {"code": 14061, "location_desc": "Within Rongo Town", "official_name": "Royal Nursing Home", "owner": {"name": "Private Enterprise (Institution)"}, "keph_level": {"name": "Level 3"}, "ward": {"code": 1262}, "number_of_cots": 1, "town": {"name": "rongo"}, "name": "Royal Nursing Home", "created": "2009-10-31T00:00:00+00:00", "regulatory_body": {"name": "Kenya MPDB - Institution"}, "facility_type": {"name": "Nursing Home"}, "plot_number": null, "operation_status": {"name": "Operational"}, "number_of_beds": 19}, {"code": 16724, "location_desc": null, "official_name": "Hope Nursing Home", "owner": {"name": "Private Enterprise (Institution)"}, "keph_level": {"name": "Level 3"}, "ward": {"code": 929}, "number_of_cots": 0, "town": {"name": "ongata rongai"}, "name": "Hope Nursing Home", "created": "2009-10-31T00:00:00+00:00", "regulatory_body": {"name": "Kenya MPDB - Institution"}, "facility_type": {"name": "Nursing Home"}, "plot_number": null, "operation_status": {"name": "Operational"}, "number_of_beds": 5}, {"code": 13888, "location_desc": null, "official_name": "Nyalenda Nursing Home", "owner": {"name": "Private Practice - General Practitioner"}, "keph_level": {"name": "Level 3"}, "ward": {"code": 1223}, "number_of_cots": 2, "town": {"name": "manyoro market"}, "name": "Nyalenda Nursing Home", "created": "2009-10-31T00:00:00+00:00", "regulatory_body": {"name": "Kenya MPDB - Private Practice"}, "facility_type": {"name": "Nursing Home"}, "plot_number": null, "operation_status": {"name": "Operational"}, "number_of_beds": 10}, {"code": 10879, "location_desc": null, "official_name": "Njambi clinic", "owner": {"name": "Private Enterprise (Institution)"}, "keph_level": {"name": "Level 2"}, "ward": {"code": 502}, "number_of_cots": 0, "town": {"name": "ngurubani"}, "name": "Njambi Nursing Home", "created": "2009-10-31T00:00:00+00:00", "regulatory_body": {"name": "Kenya MPDB - Institution"}, "facility_type": {"name": "Medical Clinic"}, "plot_number": "504 wanguru", "operation_status": {"name": "Operational"}, "number_of_beds": 0}, {"code": 13602, "location_desc": null, "official_name": "Hema Clinic", "owner": {"name": "Private Enterprise (Institution)"}, "keph_level": {"name": "Level 2"}, "ward": {"code": 1346}, "number_of_cots": 0, "town": {"name": "township"}, "name": "Hema Clinic", "created": "2009-10-31T00:00:00+00:00", "regulatory_body": {"name": "Kenya MPDB - Institution"}, "facility_type": {"name": "Nursing Home"}, "plot_number": null, "operation_status": {"name": "Not-Operational"}, "number_of_beds": 2}, {"code": 13510, "location_desc": "At Kijauri town on Kisii Bomet Highway net to Gesebei primary School ", "official_name": "Borabu Nursing Home", "owner": {"name": "Private Practice - Nurse / Midwife"}, "keph_level": {"name": "Level 3"}, "ward": {"code": 1364}, "number_of_cots": 0, "town": {"name": "kijauri"}, "name": "Borabu Nursing Home", "created": "2009-10-31T00:00:00+00:00", "regulatory_body": {"name": "Nursing Council of Kenya (Private Practice)"}, "facility_type": {"name": "Nursing Home"}, "plot_number": null, "operation_status": {"name": "Operational"}, "number_of_beds": 10}, {"code": 11029, "location_desc": null, "official_name": "St Cecilia Nursing Home", "owner": {"name": "Private Enterprise (Institution)"}, "keph_level": {"name": "Level 3"}, "ward": {"code": 449}, "number_of_cots": 0, "town": {"name": "othaya town"}, "name": "St Cecilia Nursing Home", "created": "2009-10-31T00:00:00+00:00", "regulatory_body": {"name": "Kenya MPDB - Institution"}, "facility_type": {"name": "Nursing Home"}, "plot_number": null, "operation_status": {"name": "Operational"}, "number_of_beds": 0}, {"code": 14955, "location_desc": "Ongatta Rongai Township", "official_name": "Kkit Nursing Home", "owner": {"name": "Private Enterprise (Institution)"}, "keph_level": {"name": "Level 2"}, "ward": {"code": 912}, "number_of_cots": 0, "town": {"name": "ongata rongai"}, "name": "Kkit Nursing Home", "created": "2009-10-31T00:00:00+00:00", "regulatory_body": {"name": "Kenya MPDB - Institution"}, "facility_type": {"name": "Nursing Home"}, "plot_number": null, "operation_status": {"name": "Operational"}, "number_of_beds": 5}, {"code": 10740, "location_desc": null, "official_name": "MT. Sinai Nursing Home", "owner": {"name": "Private Enterprise (Institution)"}, "keph_level": {"name": "Level 3"}, "ward": {"code": 565}, "number_of_cots": 0, "town": {"name": "thika"}, "name": "Mt Sinai Nursing Home", "created": "2009-10-31T00:00:00+00:00", "regulatory_body": {"name": "Kenya MPDB - Institution"}, "facility_type": {"name": "Nursing Home"}, "plot_number": null, "operation_status": {"name": "Operational"}, "number_of_beds": 0}, {"code": 15767, "location_desc": null, "official_name": "Wama Nursing Home", "owner": {"name": "Private Enterprise (Institution)"}, "keph_level": {"name": "Level 2"}, "ward": {"code": 929}, "number_of_cots": 0, "town": {"name": "rongai"}, "name": "Wama Nursing Home", "created": "2009-10-31T00:00:00+00:00", "regulatory_body": {"name": "Kenya MPDB - Institution"}, "facility_type": {"name": "Nursing Home"}, "plot_number": null, "operation_status": {"name": "Operational"}, "number_of_beds": 6}, {"code": 15600, "location_desc": null, "official_name": "Enkitok Joy Nursing Home", "owner": {"name": "Private Enterprise (Institution)"}, "keph_level": {"name": "Level 3"}, "ward": {"code": 911}, "number_of_cots": 0, "town": {"name": "kiserian"}, "name": "Enkitok Joy Nursing Home", "created": "2009-10-31T00:00:00+00:00", "regulatory_body": {"name": "Kenya MPDB - Institution"}, "facility_type": {"name": "Nursing Home"}, "plot_number": null, "operation_status": {"name": "Operational"}, "number_of_beds": 0}, {"code": 15153, "location_desc": "Ngong Matasia Road", "official_name": "Matasia Nursing Home", "owner": {"name": "Private Enterprise (Institution)"}, "keph_level": {"name": "Level 3"}, "ward": {"code": 911}, "number_of_cots": 0, "town": {"name": "matasia"}, "name": "Matasia Nursing Home", "created": "2009-10-31T00:00:00+00:00", "regulatory_body": {"name": "Kenya MPDB - Institution"}, "facility_type": {"name": "Nursing Home"}, "plot_number": null, "operation_status": {"name": "Operational"}, "number_of_beds": 12}, {"code": 10098, "location_desc": null, "official_name": "Complex Medical Centre", "owner": {"name": "Private Practice - Clinical Officer"}, "keph_level": {"name": "Level 2"}, "ward": {"code": 499}, "number_of_cots": 0, "town": {"name": "ciagini"}, "name": "Complex Medical Centre", "created": "2009-10-31T00:00:00+00:00", "regulatory_body": {"name": "Clinical Officers Council"}, "facility_type": {"name": "Medical Clinic"}, "plot_number": "130 ciagini", "operation_status": {"name": "Operational"}, "number_of_beds": 0}, {"code": 12869, "location_desc": "Near Mumuru MMM", "official_name": "Alice Nursing Home", "owner": {"name": "Private Enterprise (Institution)"}, "keph_level": {"name": "Level 3"}, "ward": {"code": 1410}, "number_of_cots": 2, "town": {"name": "nairobi- mukuru"}, "name": "Alice Nursing Home", "created": "2009-10-31T00:00:00+00:00", "regulatory_body": {"name": "Kenya MPDB - Institution"}, "facility_type": {"name": "Nursing Home"}, "plot_number": null, "operation_status": {"name": "Operational"}, "number_of_beds": 8}, {"code": 12865, "location_desc": "Opposite Pumwani Maternity", "official_name": "Afwan Medical Center", "owner": {"name": "Private Enterprise (Institution)"}, "keph_level": {"name": "Level 3"}, "ward": {"code": 1434}, "number_of_cots": 4, "town": {"name": "eastleigh"}, "name": "Afwan Medical Centre", "created": "2009-10-31T00:00:00+00:00", "regulatory_body": {"name": "Pharmacy & Poisons Board"}, "facility_type": {"name": "Nursing Home"}, "plot_number": "lr36/v11/339", "operation_status": {"name": "Operational"}, "number_of_beds": 40}, {"code": 13034, "location_desc": null, "official_name": "Kilimanjaro Nursing Home", "owner": {"name": "Private Enterprise (Institution)"}, "keph_level": {"name": "Level 3"}, "ward": {"code": 1435}, "number_of_cots": 0, "town": {"name": "nairobi"}, "name": "Kilimanjaro Nursing Home", "created": "2009-10-31T00:00:00+00:00", "regulatory_body": {"name": "Kenya MPDB - Institution"}, "facility_type": {"name": "Nursing Home"}, "plot_number": null, "operation_status": {"name": "Operational"}, "number_of_beds": 11}, {"code": 13182, "location_desc": null, "official_name": "Shaam Nursing Home", "owner": {"name": "Private Enterprise (Institution)"}, "keph_level": {"name": "Level 3"}, "ward": {"code": 1435}, "number_of_cots": 0, "town": {"name": "nairobi"}, "name": "Shaam Nursing Home", "created": "2009-10-31T00:00:00+00:00", "regulatory_body": {"name": "Kenya MPDB - Institution"}, "facility_type": {"name": "Nursing Home"}, "plot_number": null, "operation_status": {"name": "Operational"}, "number_of_beds": 10}, {"code": 10399, "location_desc": "Along Kagio/Sagana Road near Kagio rural centre", "official_name": "Kagio Nursing Home (Kagio)", "owner": {"name": "Private Practice - General Practitioner"}, "keph_level": {"name": "Level 2"}, "ward": {"code": 496}, "number_of_cots": 0, "town": {"name": "kagio"}, "name": "Kagio Nursing Home (Kagio)", "created": "2009-10-31T00:00:00+00:00", "regulatory_body": {"name": "Kenya MPDB - Private Practice"}, "facility_type": {"name": "Nursing Home"}, "plot_number": "2480 kithumbu/kagio", "operation_status": {"name": "Operational"}, "number_of_beds": 24}, {"code": 12641, "location_desc": "Near Kitui Municipal Stadium", "official_name": "Neema Hospital", "owner": {"name": "Private Enterprise (Institution)"}, "keph_level": {"name": "Level 3"}, "ward": {"code": 355}, "number_of_cots": 3, "town": {"name": "kitui"}, "name": "Neema Hospital", "created": "2009-10-31T00:00:00+00:00", "regulatory_body": {"name": "Kenya MPDB - Institution"}, "facility_type": {"name": "Nursing Home"}, "plot_number": "338", "operation_status": {"name": "Operational"}, "number_of_beds": 40}, {"code": 11557, "location_desc": "Near the chief Magistrates Court.", "official_name": "Malindi Sea Breeze", "owner": {"name": "Private Enterprise (Institution)"}, "keph_level": {"name": "Level 3"}, "ward": {"code": 81}, "number_of_cots": 0, "town": {"name": "malindi"}, "name": "Malindi Sea Breeze", "created": "2009-10-31T00:00:00+00:00", "regulatory_body": {"name": "Kenya MPDB - Institution"}, "facility_type": {"name": "Nursing Home"}, "plot_number": null, "operation_status": {"name": "Not-Operational"}, "number_of_beds": 0}, {"code": 11897, "location_desc": "Opposite turtle bay beach club Watamu", "official_name": "Watamu hospital", "owner": {"name": "Private Enterprise (Institution)"}, "keph_level": {"name": "Level 4"}, "ward": {"code": 54}, "number_of_cots": 0, "town": {"name": "watamu"}, "name": "Watamu Hospital", "created": "2009-10-31T00:00:00+00:00", "regulatory_body": {"name": "Kenya MPDB - Private Practice"}, "facility_type": {"name": "Other Hospital"}, "plot_number": null, "operation_status": {"name": "Operational"}, "number_of_beds": 10}, {"code": 16761, "location_desc": null, "official_name": "Ebenezer Nursing Home", "owner": {"name": "Private Enterprise (Institution)"}, "keph_level": {"name": "Level 3"}, "ward": {"code": 1120}, "number_of_cots": 0, "town": {"name": "ndalu"}, "name": "Ebenezer Nursing Home", "created": "2009-10-31T00:00:00+00:00", "regulatory_body": {"name": "Kenya MPDB - Institution"}, "facility_type": {"name": "Nursing Home"}, "plot_number": null, "operation_status": {"name": "Operational"}, "number_of_beds": 10}, {"code": 12294, "location_desc": null, "official_name": "Kiengu Maternity and Nursing Home", "owner": {"name": "Private Enterprise (Institution)"}, "keph_level": {"name": "Level 4"}, "ward": {"code": 258}, "number_of_cots": 4, "town": {"name": "kiengu mkt"}, "name": "Kiengu Maternity and Nursing Home", "created": "2009-10-31T00:00:00+00:00", "regulatory_body": {"name": "Kenya MPDB - Institution"}, "facility_type": {"name": "Nursing Home"}, "plot_number": "2296", "operation_status": {"name": "Operational"}, "number_of_beds": 25}, {"code": 12606, "location_desc": null, "official_name": "Mutuati Nursing Home", "owner": {"name": "Private Enterprise (Institution)"}, "keph_level": {"name": "Level 3"}, "ward": {"code": 264}, "number_of_cots": 0, "town": {"name": "mutuati market"}, "name": "Mutuati Nursing Home", "created": "2009-10-31T00:00:00+00:00", "regulatory_body": {"name": "Kenya MPDB - Institution"}, "facility_type": {"name": "Nursing Home"}, "plot_number": "1019", "operation_status": {"name": "Operational"}, "number_of_beds": 9}, {"code": 12685, "location_desc": null, "official_name": "Nyambene Nursing Home", "owner": {"name": "Private Enterprise (Institution)"}, "keph_level": {"name": "Level 4"}, "ward": {"code": 259}, "number_of_cots": 2, "town": {"name": "maili tatu"}, "name": "Nyambene Nursing Home", "created": "2009-10-31T00:00:00+00:00", "regulatory_body": {"name": "Kenya MPDB - Institution"}, "facility_type": {"name": "Nursing Home"}, "plot_number": null, "operation_status": {"name": "Operational"}, "number_of_beds": 15}, {"code": 14006, "location_desc": null, "official_name": "Owens Nursing Home", "owner": {"name": "Private Enterprise (Institution)"}, "keph_level": {"name": "Level 3"}, "ward": {"code": 1180}, "number_of_cots": 0, "town": {"name": "bondo"}, "name": "Owens Nursing Home", "created": "2009-10-31T00:00:00+00:00", "regulatory_body": {"name": "Kenya MPDB - Institution"}, "facility_type": {"name": "Nursing Home"}, "plot_number": null, "operation_status": {"name": "Operational"}, "number_of_beds": 15}, {"code": 10088, "location_desc": "Located along stadium road, majengo lane", "official_name": "Chania Obstetrics Gyno Clinic", "owner": {"name": "Private Practice - Medical Specialist"}, "keph_level": {"name": "Level 2"}, "ward": {"code": 564}, "number_of_cots": 0, "town": {"name": "thika"}, "name": "Chania Obstetrics Gyno Clinic", "created": "2009-10-31T00:00:00+00:00", "regulatory_body": {"name": "Kenya MPDB - Private Practice"}, "facility_type": {"name": "Medical Clinic"}, "plot_number": null, "operation_status": {"name": "Operational"}, "number_of_beds": 0}, {"code": 10130, "location_desc": null, "official_name": "Dr L L M Muturi Medical Clinic", "owner": {"name": "Private Practice - Medical Specialist"}, "keph_level": {"name": "Level 2"}, "ward": {"code": 820}, "number_of_cots": 0, "town": {"name": "nyeri town"}, "name": "Dr L L M Muturi Medical Clinic", "created": "2009-10-31T00:00:00+00:00", "regulatory_body": {"name": "Kenya MPDB - Private Practice"}, "facility_type": {"name": "Medical Clinic"}, "plot_number": null, "operation_status": {"name": "Operational"}, "number_of_beds": 0}, {"code": 10124, "location_desc": null, "official_name": "Dr Juma Clinic", "owner": {"name": "Private Practice - Medical Specialist"}, "keph_level": {"name": "Level 2"}, "ward": {"code": 480}, "number_of_cots": 0, "town": {"name": "karatina"}, "name": "Dr Juma Clinic", "created": "2009-10-31T00:00:00+00:00", "regulatory_body": {"name": "Kenya MPDB - Private Practice"}, "facility_type": {"name": "Medical Clinic"}, "plot_number": null, "operation_status": {"name": "Operational"}, "number_of_beds": 0}, {"code": 10876, "location_desc": null, "official_name": "Nhera Clinic", "owner": {"name": "Private Practice - Medical Specialist"}, "keph_level": {"name": "Level 2"}, "ward": {"code": 820}, "number_of_cots": 0, "town": {"name": "nyeri town"}, "name": "Nhera Clinic", "created": "2009-10-31T00:00:00+00:00", "regulatory_body": {"name": "Kenya MPDB - Private Practice"}, "facility_type": {"name": "Medical Clinic"}, "plot_number": null, "operation_status": {"name": "Not-Operational"}, "number_of_beds": 0}, {"code": 10137, "location_desc": null, "official_name": "Dr Muhiu Medical Clinic", "owner": {"name": "Private Practice - Medical Specialist"}, "keph_level": {"name": "Level 2"}, "ward": {"code": 525}, "number_of_cots": 0, "town": {"name": "muranga"}, "name": "Dr Muhiu Medical Clinic", "created": "2009-10-31T00:00:00+00:00", "regulatory_body": {"name": "Kenya MPDB - Private Practice"}, "facility_type": {"name": "Medical Clinic"}, "plot_number": null, "operation_status": {"name": "Operational"}, "number_of_beds": 0}, {"code": 10121, "location_desc": "located in Thika arcade building, 5th floor", "official_name": "Dr Gachiri", "owner": {"name": "Private Practice - Medical Specialist"}, "keph_level": {"name": "Level 2"}, "ward": {"code": 564}, "number_of_cots": 0, "town": {"name": "thika"}, "name": "Dr Gachiri", "created": "2009-10-31T00:00:00+00:00", "regulatory_body": {"name": "Kenya MPDB - Private Practice"}, "facility_type": {"name": "Medical Clinic"}, "plot_number": null, "operation_status": {"name": "Operational"}, "number_of_beds": 0}, {"code": 10904, "location_desc": null, "official_name": "Nyeri Endoscopy and Surgicare Centre", "owner": {"name": "Private Practice - Medical Specialist"}, "keph_level": {"name": "Level 2"}, "ward": {"code": 820}, "number_of_cots": 0, "town": {"name": "nyeri town"}, "name": "Nyeri Surgical Care Centre", "created": "2009-10-31T00:00:00+00:00", "regulatory_body": {"name": "Kenya MPDB - Private Practice"}, "facility_type": {"name": "Medical Clinic"}, "plot_number": null, "operation_status": {"name": "Operational"}, "number_of_beds": 0}, {"code": 10128, "location_desc": null, "official_name": "Dr Kimani Gicharo Clinic", "owner": {"name": "Private Practice - Medical Specialist"}, "keph_level": {"name": "Level 2"}, "ward": {"code": 565}, "number_of_cots": 0, "town": {"name": "thika"}, "name": "Dr Kimani Gicharo Clinic", "created": "2009-10-31T00:00:00+00:00", "regulatory_body": {"name": "Kenya MPDB - Private Practice"}, "facility_type": {"name": "Medical Clinic"}, "plot_number": null, "operation_status": {"name": "Operational"}, "number_of_beds": 0}, {"code": 10134, "location_desc": null, "official_name": "Dr Macharia", "owner": {"name": "Private Practice - Medical Specialist"}, "keph_level": {"name": "Level 2"}, "ward": {"code": 564}, "number_of_cots": 0, "town": {"name": "thika"}, "name": "Dr Macharia", "created": "2009-10-31T00:00:00+00:00", "regulatory_body": {"name": "Kenya MPDB - Private Practice"}, "facility_type": {"name": "Medical Clinic"}, "plot_number": null, "operation_status": {"name": "Not-Operational"}, "number_of_beds": 0}, {"code": 10138, "location_desc": "Located at Thika Arcade 4th floor", "official_name": "Dr Muiruri", "owner": {"name": "Private Practice - Medical Specialist"}, "keph_level": {"name": "Level 2"}, "ward": {"code": 564}, "number_of_cots": 0, "town": {"name": "thika"}, "name": "Thika Arcade Health Services", "created": "2009-10-31T00:00:00+00:00", "regulatory_body": {"name": "Kenya MPDB - Private Practice"}, "facility_type": {"name": "Medical Clinic"}, "plot_number": null, "operation_status": {"name": "Operational"}, "number_of_beds": 0}, {"code": 10156, "location_desc": null, "official_name": "Dr Wanjohi", "owner": {"name": "Private Practice - Medical Specialist"}, "keph_level": {"name": "Level 2"}, "ward": {"code": 564}, "number_of_cots": 0, "town": {"name": "thika"}, "name": "Dr Wanjohi", "created": "2009-10-31T00:00:00+00:00", "regulatory_body": {"name": "Kenya MPDB - Private Practice"}, "facility_type": {"name": "Medical Clinic"}, "plot_number": null, "operation_status": {"name": "Operational"}, "number_of_beds": 0}, {"code": 10139, "location_desc": null, "official_name": "Dr Mukui", "owner": {"name": "Private Practice - Medical Specialist"}, "keph_level": {"name": "Level 2"}, "ward": {"code": 564}, "number_of_cots": 0, "town": {"name": "thika"}, "name": "Dr Mukui", "created": "2009-10-31T00:00:00+00:00", "regulatory_body": {"name": "Kenya MPDB - Private Practice"}, "facility_type": {"name": "Medical Clinic"}, "plot_number": null, "operation_status": {"name": "Operational"}, "number_of_beds": 0}, {"code": 10125, "location_desc": "Neighbouring G4S Security Services and Consolidated Bank Nyeri", "official_name": "Dr Kanina B K Urology Clinic", "owner": {"name": "Private Practice - Medical Specialist"}, "keph_level": {"name": "Level 2"}, "ward": {"code": 465}, "number_of_cots": 0, "town": {"name": "nyeri town"}, "name": "Dr Kanina B K Urology Clinic", "created": "2009-10-31T00:00:00+00:00", "regulatory_body": {"name": "Kenya MPDB - Private Practice"}, "facility_type": {"name": "Medical Clinic"}, "plot_number": null, "operation_status": {"name": "Operational"}, "number_of_beds": 0}, {"code": 10144, "location_desc": null, "official_name": "Dr Mwangi Medical Clinic", "owner": {"name": "Private Practice - Medical Specialist"}, "keph_level": {"name": "Level 2"}, "ward": {"code": 492}, "number_of_cots": 0, "town": {"name": "nyeri town"}, "name": "Dr Mwangi Medical Clinic", "created": "2009-10-31T00:00:00+00:00", "regulatory_body": {"name": "Kenya MPDB - Private Practice"}, "facility_type": {"name": "Medical Clinic"}, "plot_number": null, "operation_status": {"name": "Operational"}, "number_of_beds": 0}, {"code": 10142, "location_desc": null, "official_name": "Dr Mulingwa", "owner": {"name": "Private Practice - Medical Specialist"}, "keph_level": {"name": "Level 2"}, "ward": {"code": 565}, "number_of_cots": 0, "town": {"name": "thika"}, "name": "Dr Mulingwa", "created": "2009-10-31T00:00:00+00:00", "regulatory_body": {"name": "Kenya MPDB - Private Practice"}, "facility_type": {"name": "Medical Clinic"}, "plot_number": null, "operation_status": {"name": "Operational"}, "number_of_beds": 0}, {"code": 10148, "location_desc": null, "official_name": "Dr Nguhiu", "owner": {"name": "Private Practice - Medical Specialist"}, "keph_level": {"name": "Level 2"}, "ward": {"code": 564}, "number_of_cots": 0, "town": {"name": "thika"}, "name": "Dr Nguhiu", "created": "2009-10-31T00:00:00+00:00", "regulatory_body": {"name": "Kenya MPDB - Private Practice"}, "facility_type": {"name": "Medical Clinic"}, "plot_number": null, "operation_status": {"name": "Operational"}, "number_of_beds": 0}, {"code": 10133, "location_desc": null, "official_name": "Dr M M Mburu Gynae / Obstretric Clinic", "owner": {"name": "Private Practice - Medical Specialist"}, "keph_level": {"name": "Level 2"}, "ward": {"code": 492}, "number_of_cots": 0, "town": {"name": "nyeri town"}, "name": "Dr M M Mburu Gynae / Obstretric Clinic", "created": "2009-10-31T00:00:00+00:00", "regulatory_body": {"name": "Kenya MPDB - Private Practice"}, "facility_type": {"name": "Medical Clinic"}, "plot_number": null, "operation_status": {"name": "Operational"}, "number_of_beds": 0}, {"code": 10053, "location_desc": null, "official_name": "Batian Medical Services Medical Clinic", "owner": {"name": "Private Practice - Medical Specialist"}, "keph_level": {"name": "Level 2"}, "ward": {"code": 820}, "number_of_cots": 0, "town": {"name": "nyeri town"}, "name": "Batian Medical Services Medical Clinic", "created": "2009-10-31T00:00:00+00:00", "regulatory_body": {"name": "Kenya MPDB - Private Practice"}, "facility_type": {"name": "Medical Clinic"}, "plot_number": "111/257 nyeri town", "operation_status": {"name": "Operational"}, "number_of_beds": 0}, {"code": 10131, "location_desc": null, "official_name": "Dr M H Shah Medical Clinic", "owner": {"name": "Private Practice - Medical Specialist"}, "keph_level": {"name": "Level 2"}, "ward": {"code": 820}, "number_of_cots": 0, "town": {"name": "nyeri town"}, "name": "Dr M H Shah Medical Clinic", "created": "2009-10-31T00:00:00+00:00", "regulatory_body": {"name": "Kenya MPDB - Private Practice"}, "facility_type": {"name": "Medical Clinic"}, "plot_number": null, "operation_status": {"name": "Operational"}, "number_of_beds": 0}, {"code": 10906, "location_desc": "Opposite Provincial General Hospital, Nyeri.", "official_name": "Nyeri Youth Heath Centre", "owner": {"name": "Non-Governmental Organizations"}, "keph_level": {"name": "Level 2"}, "ward": {"code": 494}, "number_of_cots": 0, "town": {"name": "nyeri town"}, "name": "Nyeri Youth Heath Centre (Family Health Options Ke", "created": "2009-10-31T00:00:00+00:00", "regulatory_body": {"name": "Kenya MPDB - Institution"}, "facility_type": {"name": "VCT Centre (Stand-Alone)"}, "plot_number": null, "operation_status": {"name": "Operational"}, "number_of_beds": 0}, {"code": 10146, "location_desc": "Behind Barclays bank", "official_name": "Dr Ndambuki Clinic", "owner": {"name": "Private Practice - Medical Specialist"}, "keph_level": {"name": "Level 2"}, "ward": {"code": 479}, "number_of_cots": 0, "town": {"name": "kerugoya"}, "name": "Dr Ndambuki Clinic", "created": "2009-10-31T00:00:00+00:00", "regulatory_body": {"name": "Kenya MPDB - Private Practice"}, "facility_type": {"name": "Medical Clinic"}, "plot_number": "250/133", "operation_status": {"name": "Operational"}, "number_of_beds": 0}, {"code": 10153, "location_desc": null, "official_name": "Dr V M Muyembe Orthopaedic Clinic", "owner": {"name": "Private Practice - Medical Specialist"}, "keph_level": {"name": "Level 2"}, "ward": {"code": 820}, "number_of_cots": 0, "town": {"name": "nyeri town"}, "name": "Dr V M Muyembe Orthopaedic Clinic", "created": "2009-10-31T00:00:00+00:00", "regulatory_body": {"name": "Kenya MPDB - Private Practice"}, "facility_type": {"name": "Medical Clinic"}, "plot_number": null, "operation_status": {"name": "Operational"}, "number_of_beds": 0}, {"code": 10119, "location_desc": null, "official_name": "Dr E K Ritho Paediatric Clinic", "owner": {"name": "Private Practice - Medical Specialist"}, "keph_level": {"name": "Level 2"}, "ward": {"code": 492}, "number_of_cots": 0, "town": {"name": "nyeri town"}, "name": "Dr E K Ritho Paediatric Clinic", "created": "2009-10-31T00:00:00+00:00", "regulatory_body": {"name": "Kenya MPDB - Private Practice"}, "facility_type": {"name": "Medical Clinic"}, "plot_number": null, "operation_status": {"name": "Operational"}, "number_of_beds": 0}], "model": "facilities.Facility", "unique_fields": ["code"]}]