[{"records": [{"code": 10718, "location_desc": "Kibingoti town, 3kms from Sagana town", "official_name": "Highway Medical clinic Kibingoti", "owner": {"name": "Private Practice - Nurse / Midwife"}, "keph_level": {"name": "Level 2"}, "ward": {"code": 510}, "number_of_cots": 0, "town": {"name": "kibingoti"}, "name": "Highway Medical Clinic Kibingoti", "created": "2009-10-31T00:00:00+00:00", "regulatory_body": {"name": "Nursing Council of Kenya (Private Practice)"}, "facility_type": {"name": "Medical Clinic"}, "plot_number": "34", "operation_status": {"name": "Operational"}, "number_of_beds": 0}, {"code": 14599, "location_desc": "Ngong Kiserian Road", "official_name": "Josdidas Medicare", "owner": {"name": "Private Practice - Nurse / Midwife"}, "keph_level": {"name": "Level 2"}, "ward": {"code": 911}, "number_of_cots": 0, "town": {"name": "kiserian"}, "name": "Josdidas Medicare", "created": "2009-10-31T00:00:00+00:00", "regulatory_body": {"name": "Nursing Council of Kenya (Private Practice)"}, "facility_type": {"name": "Medical Clinic"}, "plot_number": null, "operation_status": {"name": "Operational"}, "number_of_beds": 0}, {"code": 10014, "location_desc": null, "official_name": "Afya Medical Clinic (Nyeri South)", "owner": {"name": "Private Practice - Nurse / Midwife"}, "keph_level": {"name": "Level 2"}, "ward": {"code": 487}, "number_of_cots": 0, "town": {"name": "ngamwa"}, "name": "Afya Medical Clinic (Nyeri South)", "created": "2009-10-31T00:00:00+00:00", "regulatory_body": {"name": "Nursing Council of Kenya (Private Practice)"}, "facility_type": {"name": "Medical Clinic"}, "plot_number": null, "operation_status": {"name": "Operational"}, "number_of_beds": 0}, {"code": 16508, "location_desc": "Ngurubani town", "official_name": "Mwea Medical Clinic", "owner": {"name": "Private Practice - Nurse / Midwife"}, "keph_level": {"name": "Level 2"}, "ward": {"code": 503}, "number_of_cots": 0, "town": {"name": "ngurubani"}, "name": "Mwea Medical Clinic", "created": "2009-10-31T00:00:00+00:00", "regulatory_body": {"name": "Clinical Officers Council"}, "facility_type": {"name": "Medical Clinic"}, "plot_number": "120", "operation_status": {"name": "Operational"}, "number_of_beds": 0}, {"code": 10812, "location_desc": null, "official_name": "Mwendwa Medical Clinic", "owner": {"name": "Private Practice - Nurse / Midwife"}, "keph_level": {"name": "Level 2"}, "ward": {"code": 490}, "number_of_cots": 0, "town": {"name": "ichamara"}, "name": "Mwendwa Medical Clinic", "created": "2009-10-31T00:00:00+00:00", "regulatory_body": {"name": "Nursing Council of Kenya (Private Practice)"}, "facility_type": {"name": "Medical Clinic"}, "plot_number": "30 ichamara mkt", "operation_status": {"name": "Operational"}, "number_of_beds": 0}, {"code": 11061, "location_desc": "At Gakindu Shopping Center Behind the Slaughter House and Gakindu Market", "official_name": "St Michael Medical Clinic (Nyeri South)", "owner": {"name": "Private Practice - Nurse / Midwife"}, "keph_level": {"name": "Level 2"}, "ward": {"code": 449}, "number_of_cots": 0, "town": {"name": "mukurweini town"}, "name": "St Michael Medical Clinic (Nyeri South)", "created": "2009-10-31T00:00:00+00:00", "regulatory_body": {"name": "Nursing Council of Kenya (Private Practice)"}, "facility_type": {"name": "Medical Clinic"}, "plot_number": null, "operation_status": {"name": "Operational"}, "number_of_beds": 0}, {"code": 11091, "location_desc": null, "official_name": "Thangathi Health Clinic", "owner": {"name": "Private Practice - Nurse / Midwife"}, "keph_level": {"name": "Level 2"}, "ward": {"code": 490}, "number_of_cots": 0, "town": {"name": "thangathi"}, "name": "Thangathi Health Clinic", "created": "2009-10-31T00:00:00+00:00", "regulatory_body": {"name": "Nursing Council of Kenya (Private Practice)"}, "facility_type": {"name": "Medical Clinic"}, "plot_number": null, "operation_status": {"name": "Operational"}, "number_of_beds": 0}, {"code": 11162, "location_desc": null, "official_name": "Wamagana Medical Clinic", "owner": {"name": "Private Practice - Nurse / Midwife"}, "keph_level": {"name": "Level 2"}, "ward": {"code": 467}, "number_of_cots": 0, "town": {"name": "wamagana"}, "name": "Wamagana Medical Clinic", "created": "2009-10-31T00:00:00+00:00", "regulatory_body": {"name": "Nursing Council of Kenya (Private Practice)"}, "facility_type": {"name": "Medical Clinic"}, "plot_number": null, "operation_status": {"name": "Not-Operational"}, "number_of_beds": 0}, {"code": 10408, "location_desc": null, "official_name": "Kagunduini Medical Clinic (Nyeri South)", "owner": {"name": "Private Practice - Nurse / Midwife"}, "keph_level": {"name": "Level 2"}, "ward": {"code": 468}, "number_of_cots": 0, "town": {"name": "kagunduini"}, "name": "Kagunduini Medical Clinic (Nyeri South)", "created": "2009-10-31T00:00:00+00:00", "regulatory_body": {"name": "Nursing Council of Kenya (Private Practice)"}, "facility_type": {"name": "Medical Clinic"}, "plot_number": null, "operation_status": {"name": "Operational"}, "number_of_beds": 0}, {"code": 10362, "location_desc": null, "official_name": "Itundu Medical Clinic", "owner": {"name": "Private Practice - Nurse / Midwife"}, "keph_level": {"name": "Level 2"}, "ward": {"code": 479}, "number_of_cots": 0, "town": {"name": "iriaini"}, "name": "Itundu Medical Clinic", "created": "2009-10-31T00:00:00+00:00", "regulatory_body": {"name": "Nursing Council of Kenya (Private Practice)"}, "facility_type": {"name": "Medical Clinic"}, "plot_number": null, "operation_status": {"name": "Operational"}, "number_of_beds": 0}, {"code": 13397, "location_desc": null, "official_name": "Liboi Clinic", "owner": {"name": "Private Practice - Nurse / Midwife"}, "keph_level": {"name": "Level 2"}, "ward": {"code": 150}, "number_of_cots": 0, "town": {"name": "modogashe"}, "name": "Liboi Clinic", "created": "2009-10-31T00:00:00+00:00", "regulatory_body": {"name": "Nursing Council of Kenya (Private Practice)"}, "facility_type": {"name": "Medical Clinic"}, "plot_number": null, "operation_status": {"name": "Operational"}, "number_of_beds": 0}, {"code": 16209, "location_desc": null, "official_name": "New Moon Medical Clinic", "owner": {"name": "Private Practice - Nurse / Midwife"}, "keph_level": {"name": "Level 2"}, "ward": {"code": 235}, "number_of_cots": 0, "town": {"name": "marsabit"}, "name": "New Moon Medical Clinic", "created": "2009-10-31T00:00:00+00:00", "regulatory_body": {"name": "Nursing Council of Kenya (Private Practice)"}, "facility_type": {"name": "Medical Clinic"}, "plot_number": null, "operation_status": {"name": "Not-Operational"}, "number_of_beds": 0}, {"code": 10192, "location_desc": null, "official_name": "Gachatha Medical Clinic (Nyeri South)", "owner": {"name": "Private Practice - Nurse / Midwife"}, "keph_level": {"name": "Level 2"}, "ward": {"code": 494}, "number_of_cots": 0, "town": {"name": "nyeri town"}, "name": "Gachatha Medical Clinic (Nyeri South)", "created": "2009-10-31T00:00:00+00:00", "regulatory_body": {"name": "Nursing Council of Kenya (Private Practice)"}, "facility_type": {"name": "Medical Clinic"}, "plot_number": null, "operation_status": {"name": "Not-Operational"}, "number_of_beds": 0}, {"code": 10721, "location_desc": null, "official_name": "Mercy Medical Clinic (Othaya)", "owner": {"name": "Private Practice - Nurse / Midwife"}, "keph_level": {"name": "Level 2"}, "ward": {"code": 483}, "number_of_cots": 0, "town": {"name": "othaya town"}, "name": "Mercy Medical Clinic (Othaya)", "created": "2009-10-31T00:00:00+00:00", "regulatory_body": {"name": "Nursing Council of Kenya (Private Practice)"}, "facility_type": {"name": "Medical Clinic"}, "plot_number": null, "operation_status": {"name": "Operational"}, "number_of_beds": 0}, {"code": 10352, "location_desc": null, "official_name": "Iriaini Medical Clinic", "owner": {"name": "Private Practice - Nurse / Midwife"}, "keph_level": {"name": "Level 2"}, "ward": {"code": 484}, "number_of_cots": 0, "town": {"name": "othaya town"}, "name": "Iriaini Medical Clinic", "created": "2009-10-31T00:00:00+00:00", "regulatory_body": {"name": "Nursing Council of Kenya (Private Practice)"}, "facility_type": {"name": "Medical Clinic"}, "plot_number": null, "operation_status": {"name": "Operational"}, "number_of_beds": 0}, {"code": 10382, "location_desc": null, "official_name": "Joy Medical Services (Majengo)", "owner": {"name": "Private Practice - Nurse / Midwife"}, "keph_level": {"name": "Level 2"}, "ward": {"code": 820}, "number_of_cots": 0, "town": {"name": "town centre"}, "name": "Joy Medical Services (Majengo)", "created": "2009-10-31T00:00:00+00:00", "regulatory_body": {"name": "Nursing Council of Kenya (Private Practice)"}, "facility_type": {"name": "Medical Clinic"}, "plot_number": null, "operation_status": {"name": "Operational"}, "number_of_beds": 0}, {"code": 10542, "location_desc": null, "official_name": "Kiamuiru Medical Clinic", "owner": {"name": "Private Practice - Nurse / Midwife"}, "keph_level": {"name": "Level 2"}, "ward": {"code": 493}, "number_of_cots": 0, "town": {"name": "kiamuiru"}, "name": "Kiamuiru Medical Clinic", "created": "2009-10-31T00:00:00+00:00", "regulatory_body": {"name": "Nursing Council of Kenya (Private Practice)"}, "facility_type": {"name": "Medical Clinic"}, "plot_number": null, "operation_status": {"name": "Operational"}, "number_of_beds": 0}, {"code": 16780, "location_desc": "Near Chinga Factory at Kagicha", "official_name": "Welfare Medical Clinic", "owner": {"name": "Private Practice - Nurse / Midwife"}, "keph_level": {"name": "Level 2"}, "ward": {"code": 449}, "number_of_cots": 0, "town": {"name": "kagicha"}, "name": "Welfare Medical Clinic", "created": "2009-10-31T00:00:00+00:00", "regulatory_body": {"name": "Nursing Council of Kenya (Private Practice)"}, "facility_type": {"name": "Medical Clinic"}, "plot_number": "4 kagicha mkt", "operation_status": {"name": "Operational"}, "number_of_beds": 0}, {"code": 10784, "location_desc": null, "official_name": "Muruguru Medical Clinic (Nyeri South)", "owner": {"name": "Private Practice - Nurse / Midwife"}, "keph_level": {"name": "Level 2"}, "ward": {"code": 493}, "number_of_cots": 0, "town": {"name": "muruguru"}, "name": "Muruguru Medical Clinic (Nyeri South)", "created": "2009-10-31T00:00:00+00:00", "regulatory_body": {"name": "Nursing Council of Kenya (Private Practice)"}, "facility_type": {"name": "Medical Clinic"}, "plot_number": null, "operation_status": {"name": "Operational"}, "number_of_beds": 0}, {"code": 16779, "location_desc": null, "official_name": "Rafiki Medical Clinic", "owner": {"name": "Private Practice - Nurse / Midwife"}, "keph_level": {"name": "Level 2"}, "ward": {"code": 489}, "number_of_cots": 0, "town": {"name": "gakindu"}, "name": "Rafiki Medical Clinic", "created": "2009-10-31T00:00:00+00:00", "regulatory_body": {"name": "Nursing Council of Kenya (Private Practice)"}, "facility_type": {"name": "Medical Clinic"}, "plot_number": "100/ gakindu", "operation_status": {"name": "Operational"}, "number_of_beds": 0}, {"code": 10818, "location_desc": null, "official_name": "Nahashon Mwangi Medical Clinic", "owner": {"name": "Private Practice - Nurse / Midwife"}, "keph_level": {"name": "Level 2"}, "ward": {"code": 820}, "number_of_cots": 0, "town": {"name": "nyeri town"}, "name": "Nahashon Mwangi Medical Clinic", "created": "2009-10-31T00:00:00+00:00", "regulatory_body": {"name": "Nursing Council of Kenya (Private Practice)"}, "facility_type": {"name": "Medical Clinic"}, "plot_number": null, "operation_status": {"name": "Operational"}, "number_of_beds": 0}, {"code": 10958, "location_desc": null, "official_name": "Riverside Clinic", "owner": {"name": "Private Practice - Nurse / Midwife"}, "keph_level": {"name": "Level 2"}, "ward": {"code": 493}, "number_of_cots": 0, "town": {"name": "marua"}, "name": "Riverside Clinic", "created": "2009-10-31T00:00:00+00:00", "regulatory_body": {"name": "Nursing Council of Kenya (Private Practice)"}, "facility_type": {"name": "Medical Clinic"}, "plot_number": null, "operation_status": {"name": "Operational"}, "number_of_beds": 0}, {"code": 12771, "location_desc": null, "official_name": "St Philomena Medical Clinic", "owner": {"name": "Private Practice - Nurse / Midwife"}, "keph_level": {"name": "Level 2"}, "ward": {"code": 406}, "number_of_cots": 0, "town": {"name": "mwala"}, "name": "St Philomena Medical Clinic", "created": "2009-10-31T00:00:00+00:00", "regulatory_body": {"name": "Nursing Council of Kenya (Private Practice)"}, "facility_type": {"name": "Medical Clinic"}, "plot_number": null, "operation_status": {"name": "Operational"}, "number_of_beds": 0}, {"code": 10985, "location_desc": null, "official_name": "Rware Clinic", "owner": {"name": "Private Practice - Nurse / Midwife"}, "keph_level": {"name": "Level 2"}, "ward": {"code": 494}, "number_of_cots": 0, "town": {"name": "ruringu"}, "name": "Rware Clinic", "created": "2009-10-31T00:00:00+00:00", "regulatory_body": {"name": "Nursing Council of Kenya (Private Practice)"}, "facility_type": {"name": "Medical Clinic"}, "plot_number": null, "operation_status": {"name": "Operational"}, "number_of_beds": 0}, {"code": 16026, "location_desc": "Along Emusutwi Khumusalaba road opposite Ematsuli primary school", "official_name": "Muhabini Medical Clinic", "owner": {"name": "Private Practice - Nurse / Midwife"}, "keph_level": {"name": "Level 2"}, "ward": {"code": 1073}, "number_of_cots": 0, "town": {"name": "luanda"}, "name": "Muhabini Medical Clinic", "created": "2009-10-31T00:00:00+00:00", "regulatory_body": {"name": "Nursing Council of Kenya (Private Practice)"}, "facility_type": {"name": "Medical Clinic"}, "plot_number": "east bunyore/ebusiratsi/454", "operation_status": {"name": "Operational"}, "number_of_beds": 0}, {"code": 11863, "location_desc": "In Dzitsoni trading centre next to Dzitsoni Secondary School", "official_name": "Tumaini Medical Cl Dzitsoni", "owner": {"name": "Private Practice - Nurse / Midwife"}, "keph_level": {"name": "Level 2"}, "ward": {"code": 61}, "number_of_cots": 0, "town": {"name": "dzitsoni"}, "name": "Tumaini Medical Cl Dzitsoni", "created": "2009-10-31T00:00:00+00:00", "regulatory_body": {"name": "Nursing Council of Kenya (Private Practice)"}, "facility_type": {"name": "Medical Clinic"}, "plot_number": null, "operation_status": {"name": "Operational"}, "number_of_beds": 0}, {"code": 16003, "location_desc": "At Matayos Market along Kisumu - Busia road", "official_name": "Matayos Community Clinic", "owner": {"name": "Private Practice - Nurse / Midwife"}, "keph_level": {"name": "Level 2"}, "ward": {"code": 1139}, "number_of_cots": 0, "town": {"name": "matayos"}, "name": "Matayos Community Clinic", "created": "2009-10-31T00:00:00+00:00", "regulatory_body": {"name": "Nursing Council of Kenya (Private Practice)"}, "facility_type": {"name": "Medical Clinic"}, "plot_number": null, "operation_status": {"name": "Operational"}, "number_of_beds": 0}, {"code": 10921, "location_desc": null, "official_name": "Othaya Medical Services Clinic", "owner": {"name": "Private Practice - Nurse / Midwife"}, "keph_level": {"name": "Level 2"}, "ward": {"code": 484}, "number_of_cots": 0, "town": {"name": "othaya town"}, "name": "Othaya Medical Services Clinic", "created": "2009-10-31T00:00:00+00:00", "regulatory_body": {"name": "Nursing Council of Kenya (Private Practice)"}, "facility_type": {"name": "Medical Clinic"}, "plot_number": null, "operation_status": {"name": "Operational"}, "number_of_beds": 0}, {"code": 14489, "location_desc": "Within Kimana Town", "official_name": "St Faith Medical Clinic (Kimana)", "owner": {"name": "Private Practice - Nurse / Midwife"}, "keph_level": {"name": "Level 2"}, "ward": {"code": 935}, "number_of_cots": 0, "town": {"name": "kimana"}, "name": "St Faith Medical Clinic (Kimana)", "created": "2009-10-31T00:00:00+00:00", "regulatory_body": {"name": "Nursing Council of Kenya (Private Practice)"}, "facility_type": {"name": "Medical Clinic"}, "plot_number": null, "operation_status": {"name": "Operational"}, "number_of_beds": 4}, {"code": 11298, "location_desc": "ALONG  MSA-MALINDI  HIGHWAY  NEXT TO FLORIDA  BAR /RESTUARNT.", "official_name": "Danrose Medical Clinic", "owner": {"name": "Private Practice - Nurse / Midwife"}, "keph_level": {"name": "Level 2"}, "ward": {"code": 77}, "number_of_cots": 0, "town": {"name": "malindi"}, "name": "Danrose Clinic", "created": "2009-10-31T00:00:00+00:00", "regulatory_body": {"name": "Nursing Council of Kenya (Private Practice)"}, "facility_type": {"name": "Medical Clinic"}, "plot_number": "352/malindi.", "operation_status": {"name": "Operational"}, "number_of_beds": 0}, {"code": 11077, "location_desc": "Along Nyahururu-Shamata Rd", "official_name": "Subuku Medical Clinic", "owner": {"name": "Private Practice - Nurse / Midwife"}, "keph_level": {"name": "Level 2"}, "ward": {"code": 465}, "number_of_cots": 0, "town": {"name": "nyahururu"}, "name": "Subuku Medical Clinic", "created": "2009-10-31T00:00:00+00:00", "regulatory_body": {"name": "Nursing Council of Kenya (Private Practice)"}, "facility_type": {"name": "Medical Clinic"}, "plot_number": null, "operation_status": {"name": "Operational"}, "number_of_beds": 0}, {"code": 12640, "location_desc": null, "official_name": "Neema (Midus) Medical Clinic", "owner": {"name": "Private Practice - Nurse / Midwife"}, "keph_level": {"name": "Level 2"}, "ward": {"code": 405}, "number_of_cots": 0, "town": {"name": "mwala"}, "name": "Neema (Midus) Medical Clinic", "created": "2009-10-31T00:00:00+00:00", "regulatory_body": {"name": "Nursing Council of Kenya (Private Practice)"}, "facility_type": {"name": "Medical Clinic"}, "plot_number": null, "operation_status": {"name": "Not-Operational"}, "number_of_beds": 0}, {"code": 16057, "location_desc": null, "official_name": "Mwichio Amua Medical Clinic", "owner": {"name": "Private Practice - Nurse / Midwife"}, "keph_level": {"name": "Level 2"}, "ward": {"code": 1074}, "number_of_cots": 0, "town": {"name": "luanda"}, "name": "Mwichio Amua Medical Clinic", "created": "2009-10-31T00:00:00+00:00", "regulatory_body": {"name": "Nursing Council of Kenya (Private Practice)"}, "facility_type": {"name": "Medical Clinic"}, "plot_number": "private: no. w/bunyore/essaba/1799", "operation_status": {"name": "Operational"}, "number_of_beds": 2}, {"code": 16039, "location_desc": "Along Maseno Ekwanda off kisumu busia road", "official_name": "Mummy's Medical Clinic", "owner": {"name": "Private Practice - Nurse / Midwife"}, "keph_level": {"name": "Level 2"}, "ward": {"code": 1070}, "number_of_cots": 0, "town": {"name": "luanda"}, "name": "Mummy's Medical Clinic", "created": "2009-10-31T00:00:00+00:00", "regulatory_body": {"name": "Nursing Council of Kenya (Private Practice)"}, "facility_type": {"name": "Medical Clinic"}, "plot_number": null, "operation_status": {"name": "Operational"}, "number_of_beds": 1}, {"code": 16516, "location_desc": null, "official_name": "Ahadi Medical clinic", "owner": {"name": "Private Practice - Nurse / Midwife"}, "keph_level": {"name": "Level 2"}, "ward": {"code": 63}, "number_of_cots": 0, "town": {"name": "mariakani"}, "name": "Ahadi Medical Clinic", "created": "2009-10-31T00:00:00+00:00", "regulatory_body": {"name": "Nursing Council of Kenya (Private Practice)"}, "facility_type": {"name": "Medical Clinic"}, "plot_number": null, "operation_status": {"name": "Operational"}, "number_of_beds": 0}, {"code": 11622, "location_desc": "Next to Market", "official_name": "Mission K Clinic", "owner": {"name": "Private Practice - Nurse / Midwife"}, "keph_level": {"name": "Level 2"}, "ward": {"code": 109}, "number_of_cots": 0, "town": {"name": "mpeketoni"}, "name": "Mission K Clinic", "created": "2009-10-31T00:00:00+00:00", "regulatory_body": {"name": "Kenya MPDB - Private Practice"}, "facility_type": {"name": "Medical Clinic"}, "plot_number": "84 mpeketoni central", "operation_status": {"name": "Operational"}, "number_of_beds": 0}, {"code": 12770, "location_desc": "Makutano Market along Machakos Kitui Road", "official_name": "St Paul Medical Clinic (Makutano)", "owner": {"name": "Private Practice - Clinical Officer"}, "keph_level": {"name": "Level 2"}, "ward": {"code": 406}, "number_of_cots": 0, "town": {"name": "mwala"}, "name": "St Paul Medical Clinic (Makutano)", "created": "2009-10-31T00:00:00+00:00", "regulatory_body": {"name": "Clinical Officers Council"}, "facility_type": {"name": "Medical Clinic"}, "plot_number": null, "operation_status": {"name": "Operational"}, "number_of_beds": 1}, {"code": 11511, "location_desc": null, "official_name": "Lamu Clinic", "owner": {"name": "Private Practice - Nurse / Midwife"}, "keph_level": {"name": "Level 2"}, "ward": {"code": 105}, "number_of_cots": 0, "town": {"name": "lamu"}, "name": "Lamu Clinic", "created": "2009-10-31T00:00:00+00:00", "regulatory_body": {"name": "Nursing Council of Kenya (Private Practice)"}, "facility_type": {"name": "Medical Clinic"}, "plot_number": null, "operation_status": {"name": "Not-Operational"}, "number_of_beds": 0}, {"code": 11413, "location_desc": null, "official_name": "Hongwe Clinic", "owner": {"name": "Private Practice - Nurse / Midwife"}, "keph_level": {"name": "Level 2"}, "ward": {"code": 108}, "number_of_cots": 0, "town": {"name": "hongwe"}, "name": "Hongwe Clinic", "created": "2009-10-31T00:00:00+00:00", "regulatory_body": {"name": "Nursing Council of Kenya (Private Practice)"}, "facility_type": {"name": "Medical Clinic"}, "plot_number": null, "operation_status": {"name": "Operational"}, "number_of_beds": 0}, {"code": 10803, "location_desc": null, "official_name": "Muwa M Clinic", "owner": {"name": "Private Practice - Nurse / Midwife"}, "keph_level": {"name": "Level 2"}, "ward": {"code": 458}, "number_of_cots": 0, "town": {"name": "boiman"}, "name": "Muwa M Clinic", "created": "2009-10-31T00:00:00+00:00", "regulatory_body": {"name": "Nursing Council of Kenya (Private Practice)"}, "facility_type": {"name": "Medical Clinic"}, "plot_number": null, "operation_status": {"name": "Operational"}, "number_of_beds": 0}, {"code": 16132, "location_desc": null, "official_name": "Sonak Clinic", "owner": {"name": "Private Practice - Nurse / Midwife"}, "keph_level": {"name": "Level 2"}, "ward": {"code": 1040}, "number_of_cots": 2, "town": {"name": "khwisero"}, "name": "Sonak Clinic", "created": "2009-10-31T00:00:00+00:00", "regulatory_body": {"name": "Nursing Council of Kenya (Private Practice)"}, "facility_type": {"name": "Medical Clinic"}, "plot_number": null, "operation_status": {"name": "Operational"}, "number_of_beds": 20}, {"code": 16186, "location_desc": "Next to Kaliang'ombe Primary School", "official_name": "Dagamra Medical Clinic", "owner": {"name": "Private Practice - Clinical Officer"}, "keph_level": {"name": "Level 2"}, "ward": {"code": 70}, "number_of_cots": 0, "town": {"name": "kokotoni"}, "name": "Dagamra Medical Clinic", "created": "2009-10-31T00:00:00+00:00", "regulatory_body": {"name": "Clinical Officers Council"}, "facility_type": {"name": "Medical Clinic"}, "plot_number": null, "operation_status": {"name": "Operational"}, "number_of_beds": 0}, {"code": 15962, "location_desc": "Within Luanda town near junction to siaya ", "official_name": "Luanda MCH/FP Clinic", "owner": {"name": "Private Practice - Nurse / Midwife"}, "keph_level": {"name": "Level 2"}, "ward": {"code": 1070}, "number_of_cots": 0, "town": {"name": "luanda"}, "name": "Luanda Mch/Fp Clinic", "created": "2009-10-31T00:00:00+00:00", "regulatory_body": {"name": "Nursing Council of Kenya (Private Practice)"}, "facility_type": {"name": "Medical Clinic"}, "plot_number": null, "operation_status": {"name": "Operational"}, "number_of_beds": 0}, {"code": 16500, "location_desc": "Alaong Kabonge-Ndiriti road near Ndiriti Pri. school", "official_name": "Genesis Community Bamako initiative", "owner": {"name": "Non-Governmental Organizations"}, "keph_level": {"name": "Level 2"}, "ward": {"code": 512}, "number_of_cots": 0, "town": {"name": "ndiriti"}, "name": "Genesis Community Bamako Initiative", "created": "2009-10-31T00:00:00+00:00", "regulatory_body": {"name": "Kenya MPDB - Institution"}, "facility_type": {"name": "Not in List"}, "plot_number": null, "operation_status": {"name": "Operational"}, "number_of_beds": 0}, {"code": 16499, "location_desc": "Gathuthuma market ", "official_name": "Ecclesiates Gathuthuma Bamako", "owner": {"name": "Non-Governmental Organizations"}, "keph_level": {"name": "Level 2"}, "ward": {"code": 479}, "number_of_cots": 0, "town": {"name": "gathuthuma"}, "name": "Ecclesiates Gathuthuma Bamako", "created": "2009-10-31T00:00:00+00:00", "regulatory_body": {"name": "Kenya MPDB - Private Practice"}, "facility_type": {"name": "Medical Clinic"}, "plot_number": "6", "operation_status": {"name": "Operational"}, "number_of_beds": 0}, {"code": 14281, "location_desc": "Along Loitokitok - Emali road", "official_name": "Cedar Medical Clinic (Kimana)", "owner": {"name": "Private Practice - Nurse / Midwife"}, "keph_level": {"name": "Level 2"}, "ward": {"code": 935}, "number_of_cots": 0, "town": {"name": "kimana"}, "name": "Cedar Medical Clinic (Kimana)", "created": "2009-10-31T00:00:00+00:00", "regulatory_body": {"name": "Nursing Council of Kenya (Private Practice)"}, "facility_type": {"name": "Medical Clinic"}, "plot_number": null, "operation_status": {"name": "Operational"}, "number_of_beds": 4}, {"code": 10320, "location_desc": null, "official_name": "Holy Family Dispensary", "owner": {"name": "Kenya Episcopal Conference-Catholic Secretariat"}, "keph_level": {"name": "Level 2"}, "ward": {"code": 464}, "number_of_cots": 0, "town": {"name": "nyahururu"}, "name": "Holy Family Dispensary", "created": "2009-10-31T00:00:00+00:00", "regulatory_body": {"name": "Kenya MPDB - Institution"}, "facility_type": {"name": "Dispensary"}, "plot_number": null, "operation_status": {"name": "Operational"}, "number_of_beds": 0}, {"code": 10717, "location_desc": "within Baricho town", "official_name": "Grace Baricho Clinic", "owner": {"name": "Private Practice - Nurse / Midwife"}, "keph_level": {"name": "Level 2"}, "ward": {"code": 509}, "number_of_cots": 0, "town": {"name": "baricho"}, "name": "Grace Baricho Clinic", "created": "2009-10-31T00:00:00+00:00", "regulatory_body": {"name": "Nursing Council of Kenya (Private Practice)"}, "facility_type": {"name": "Medical Clinic"}, "plot_number": "789", "operation_status": {"name": "Operational"}, "number_of_beds": 0}, {"code": 10676, "location_desc": null, "official_name": "Mama Margaret Medical Clinic", "owner": {"name": "Private Practice - Nurse / Midwife"}, "keph_level": {"name": "Level 2"}, "ward": {"code": 551}, "number_of_cots": 0, "town": {"name": "gatundutown"}, "name": "Mama Margaret Medical Clinic", "created": "2009-10-31T00:00:00+00:00", "regulatory_body": {"name": "Nursing Council of Kenya (Private Practice)"}, "facility_type": {"name": "Medical Clinic"}, "plot_number": null, "operation_status": {"name": "Operational"}, "number_of_beds": 0}, {"code": 16491, "location_desc": null, "official_name": "Afya Bora Medical Clinic (CFW Clinic Gichugu)", "owner": {"name": "Private Practice - Nurse / Midwife"}, "keph_level": {"name": "Level 2"}, "ward": {"code": 506}, "number_of_cots": 0, "town": {"name": "gathoge"}, "name": "Afya Bora Medical Clinic (CFW Clinic Gichugu)", "created": "2009-10-31T00:00:00+00:00", "regulatory_body": {"name": "Kenya MPDB - Institution"}, "facility_type": {"name": "Medical Clinic"}, "plot_number": "19", "operation_status": {"name": "Operational"}, "number_of_beds": 0}, {"code": 10557, "location_desc": "Kiangai market, 100metres from Bingwa sacco bank", "official_name": "Kiangai Medical Clinic", "owner": {"name": "Private Practice - Nurse / Midwife"}, "keph_level": {"name": "Level 2"}, "ward": {"code": 510}, "number_of_cots": 0, "town": {"name": "kiangai"}, "name": "Kiangai Medical Clinic", "created": "2009-10-31T00:00:00+00:00", "regulatory_body": {"name": "Nursing Council of Kenya (Private Practice)"}, "facility_type": {"name": "Medical Clinic"}, "plot_number": "8 kiangai", "operation_status": {"name": "Operational"}, "number_of_beds": 0}, {"code": 11867, "location_desc": "Next to Ukunda Nakumat", "official_name": "Ukunda Diani Catholic Dispensary", "owner": {"name": "Kenya Episcopal Conference-Catholic Secretariat"}, "keph_level": {"name": "Level 2"}, "ward": {"code": 31}, "number_of_cots": 0, "town": {"name": "ukunda"}, "name": "Ukunda Diani Catholic Dispensary", "created": "2009-10-31T00:00:00+00:00", "regulatory_body": {"name": "Kenya MPDB - Institution"}, "facility_type": {"name": "Dispensary"}, "plot_number": null, "operation_status": {"name": "Operational"}, "number_of_beds": 0}, {"code": 10185, "location_desc": "Along Nyahururu Olkalou Rd 1km west of Olkalou town", "official_name": "Fr Baldo Cath. Disp", "owner": {"name": "Kenya Episcopal Conference-Catholic Secretariat"}, "keph_level": {"name": "Level 2"}, "ward": {"code": 453}, "number_of_cots": 0, "town": {"name": "olkalau"}, "name": "Fr Baldo Cath Disp", "created": "2009-10-31T00:00:00+00:00", "regulatory_body": {"name": "Kenya MPDB - Private Practice"}, "facility_type": {"name": "Dispensary"}, "plot_number": null, "operation_status": {"name": "Operational"}, "number_of_beds": 0}, {"code": 10628, "location_desc": "situated at Kirichu trading centre", "official_name": "Kirichu Market Medical Clinic", "owner": {"name": "Private Practice - Nurse / Midwife"}, "keph_level": {"name": "Level 2"}, "ward": {"code": 491}, "number_of_cots": 0, "town": {"name": "kirichu"}, "name": "Kirichu Market Medical Clinic", "created": "2009-10-31T00:00:00+00:00", "regulatory_body": {"name": "Nursing Council of Kenya (Private Practice)"}, "facility_type": {"name": "Medical Clinic"}, "plot_number": null, "operation_status": {"name": "Operational"}, "number_of_beds": 0}, {"code": 15803, "location_desc": null, "official_name": "Apostles Clinic", "owner": {"name": "Christian Health Association of Kenya"}, "keph_level": {"name": "Level 2"}, "ward": {"code": 1033}, "number_of_cots": 0, "town": {"name": "sabatia"}, "name": "Apostles Clinic", "created": "2009-10-31T00:00:00+00:00", "regulatory_body": {"name": "Kenya MPDB - Institution"}, "facility_type": {"name": "Dispensary"}, "plot_number": null, "operation_status": {"name": "Operational"}, "number_of_beds": 0}, {"code": 10612, "location_desc": null, "official_name": "Kimunyu (PCEA) Dispensary", "owner": {"name": "Christian Health Association of Kenya"}, "keph_level": {"name": "Level 2"}, "ward": {"code": 554}, "number_of_cots": 0, "town": {"name": "gatundutown"}, "name": "Kimunyu (PCEA) Dispensary", "created": "2009-10-31T00:00:00+00:00", "regulatory_body": {"name": "Kenya MPDB - Institution"}, "facility_type": {"name": "Dispensary"}, "plot_number": null, "operation_status": {"name": "Operational"}, "number_of_beds": 0}, {"code": 15806, "location_desc": "Luanda town past mwitubwi catholic church on your way to Ekwanda", "official_name": "Bay Way Medical Clinic", "owner": {"name": "Private Practice - Nurse / Midwife"}, "keph_level": {"name": "Level 2"}, "ward": {"code": 1071}, "number_of_cots": 0, "town": {"name": "luanda"}, "name": "Bay Way Medical Clinic", "created": "2009-10-31T00:00:00+00:00", "regulatory_body": {"name": "Other"}, "facility_type": {"name": "Medical Clinic"}, "plot_number": null, "operation_status": {"name": "Operational"}, "number_of_beds": 8}, {"code": 11015, "location_desc": null, "official_name": "Soldier Medical Clinic", "owner": {"name": "Private Practice - Nurse / Midwife"}, "keph_level": {"name": "Level 2"}, "ward": {"code": 474}, "number_of_cots": 0, "town": {"name": "chaka"}, "name": "Soldier Medical Clinic", "created": "2009-10-31T00:00:00+00:00", "regulatory_body": {"name": "Nursing Council of Kenya (Private Practice)"}, "facility_type": {"name": "Medical Clinic"}, "plot_number": null, "operation_status": {"name": "Operational"}, "number_of_beds": 0}, {"code": 11073, "location_desc": null, "official_name": "St Triza Medical Clinic", "owner": {"name": "Private Practice - Nurse / Midwife"}, "keph_level": {"name": "Level 2"}, "ward": {"code": 558}, "number_of_cots": 2, "town": {"name": "gatundutown"}, "name": "St Triza Medical Clinic", "created": "2009-10-31T00:00:00+00:00", "regulatory_body": {"name": "Nursing Council of Kenya (Private Practice)"}, "facility_type": {"name": "Medical Clinic"}, "plot_number": null, "operation_status": {"name": "Not-Operational"}, "number_of_beds": 10}, {"code": 10549, "location_desc": null, "official_name": "Kiandai Clinic", "owner": {"name": "Private Practice - Nurse / Midwife"}, "keph_level": {"name": "Level 2"}, "ward": {"code": 505}, "number_of_cots": 0, "town": {"name": "kiandai"}, "name": "Kiandai Clinic", "created": "2009-10-31T00:00:00+00:00", "regulatory_body": {"name": "Nursing Council of Kenya (Private Practice)"}, "facility_type": {"name": "Medical Clinic"}, "plot_number": null, "operation_status": {"name": "Not-Operational"}, "number_of_beds": 0}, {"code": 10323, "location_desc": null, "official_name": "Hope Medical Clinic (Gatundu South)", "owner": {"name": "Private Practice - Nurse / Midwife"}, "keph_level": {"name": "Level 2"}, "ward": {"code": 552}, "number_of_cots": 0, "town": {"name": "gatundutown"}, "name": "Hope Medical Clinic (Gatundu South)", "created": "2009-10-31T00:00:00+00:00", "regulatory_body": {"name": "Nursing Council of Kenya (Private Practice)"}, "facility_type": {"name": "Medical Clinic"}, "plot_number": null, "operation_status": {"name": "Operational"}, "number_of_beds": 0}, {"code": 10998, "location_desc": null, "official_name": "Samkim Medical Clinic", "owner": {"name": "Private Practice - Nurse / Midwife"}, "keph_level": {"name": "Level 2"}, "ward": {"code": 557}, "number_of_cots": 0, "town": {"name": "kamwangi"}, "name": "Samkim Medical Clinic", "created": "2009-10-31T00:00:00+00:00", "regulatory_body": {"name": "Nursing Council of Kenya (Private Practice)"}, "facility_type": {"name": "Medical Clinic"}, "plot_number": null, "operation_status": {"name": "Operational"}, "number_of_beds": 0}, {"code": 11179, "location_desc": null, "official_name": "Wega Medical Clinic", "owner": {"name": "Private Practice - Nurse / Midwife"}, "keph_level": {"name": "Level 2"}, "ward": {"code": 493}, "number_of_cots": 0, "town": {"name": "nyeri town"}, "name": "Wega Medical Clinic", "created": "2009-10-31T00:00:00+00:00", "regulatory_body": {"name": "Nursing Council of Kenya (Private Practice)"}, "facility_type": {"name": "Medical Clinic"}, "plot_number": null, "operation_status": {"name": "Operational"}, "number_of_beds": 0}, {"code": 10056, "location_desc": "Along Nyahururu-Nakuru RD, 4km from Nyahururu town ", "official_name": "Bennedict Xvi Dispensary", "owner": {"name": "Kenya Episcopal Conference-Catholic Secretariat"}, "keph_level": {"name": "Level 2"}, "ward": {"code": 458}, "number_of_cots": 0, "town": {"name": "nyahururu"}, "name": "Bennedict XVI Dispensary", "created": "2009-10-31T00:00:00+00:00", "regulatory_body": {"name": "Kenya MPDB - Institution"}, "facility_type": {"name": "Dispensary"}, "plot_number": null, "operation_status": {"name": "Operational"}, "number_of_beds": 0}, {"code": 10380, "location_desc": "Kibingoti town 3kms from Sagana town", "official_name": "Joskae Clinic Kibingoti", "owner": {"name": "Private Practice - Nurse / Midwife"}, "keph_level": {"name": "Level 2"}, "ward": {"code": 510}, "number_of_cots": 0, "town": {"name": "kibingoti"}, "name": "Joskae Clinic Kibingoti", "created": "2009-10-31T00:00:00+00:00", "regulatory_body": {"name": "Nursing Council of Kenya (Private Practice)"}, "facility_type": {"name": "Medical Clinic"}, "plot_number": "7", "operation_status": {"name": "Operational"}, "number_of_beds": 0}, {"code": 10899, "location_desc": "Based at Nyeri High School - Nyeri", "official_name": "Nyeri High School Clinic", "owner": {"name": "Academic (if registered)"}, "keph_level": {"name": "Level 2"}, "ward": {"code": 491}, "number_of_cots": 0, "town": {"name": "nyeri town"}, "name": "Nyeri High School Clinic", "created": "2009-10-31T00:00:00+00:00", "regulatory_body": {"name": "Ministry of Health"}, "facility_type": {"name": "Dispensary"}, "plot_number": null, "operation_status": {"name": "Operational"}, "number_of_beds": 0}, {"code": 10914, "location_desc": "Along Nyahururu-Nairobi Rd within Oljor-orok town", "official_name": "Oljororok Catholic Dispensary", "owner": {"name": "Kenya Episcopal Conference-Catholic Secretariat"}, "keph_level": {"name": "Level 2"}, "ward": {"code": 458}, "number_of_cots": 0, "town": {"name": "nyahururu"}, "name": "Oljororok Catholic Dispensary", "created": "2009-10-31T00:00:00+00:00", "regulatory_body": {"name": "Kenya MPDB - Institution"}, "facility_type": {"name": "Dispensary"}, "plot_number": null, "operation_status": {"name": "Operational"}, "number_of_beds": 0}, {"code": 10313, "location_desc": "Located at Githure market", "official_name": "Heshima Clinic", "owner": {"name": "Private Practice - Nurse / Midwife"}, "keph_level": {"name": "Level 2"}, "ward": {"code": 507}, "number_of_cots": 0, "town": {"name": "githure"}, "name": "Heshima Clinic", "created": "2009-10-31T00:00:00+00:00", "regulatory_body": {"name": "Nursing Council of Kenya (Private Practice)"}, "facility_type": {"name": "Medical Clinic"}, "plot_number": "lokup 6", "operation_status": {"name": "Operational"}, "number_of_beds": 0}, {"code": 11192, "location_desc": null, "official_name": "Zawadi Clinic", "owner": {"name": "Private Practice - Nurse / Midwife"}, "keph_level": {"name": "Level 2"}, "ward": {"code": 509}, "number_of_cots": 0, "town": {"name": "riakiania"}, "name": "Zawadi Clinic", "created": "2009-10-31T00:00:00+00:00", "regulatory_body": {"name": "Nursing Council of Kenya (Private Practice)"}, "facility_type": {"name": "Medical Clinic"}, "plot_number": "9", "operation_status": {"name": "Operational"}, "number_of_beds": 0}, {"code": 11886, "location_desc": null, "official_name": "Vutakaka Medical Clinic", "owner": {"name": "Private Practice - Nurse / Midwife"}, "keph_level": {"name": "Level 2"}, "ward": {"code": 17}, "number_of_cots": 0, "town": {"name": "takaungu"}, "name": "Vutakaka Medical Clinic", "created": "2009-10-31T00:00:00+00:00", "regulatory_body": {"name": "Nursing Council of Kenya (Private Practice)"}, "facility_type": {"name": "Medical Clinic"}, "plot_number": null, "operation_status": {"name": "Operational"}, "number_of_beds": 0}, {"code": 16776, "location_desc": null, "official_name": "Sugarbaker Memorial Clinic", "owner": {"name": "Christian Health Association of Kenya"}, "keph_level": {"name": "Level 2"}, "ward": {"code": 493}, "number_of_cots": 0, "town": {"name": "gatitu"}, "name": "Sugarbaker Memorial Clinic", "created": "2009-10-31T00:00:00+00:00", "regulatory_body": {"name": "Kenya MPDB - Institution"}, "facility_type": {"name": "Dispensary"}, "plot_number": "aguthi/gatitu -2722", "operation_status": {"name": "Operational"}, "number_of_beds": 0}, {"code": 12113, "location_desc": "Nkondi Township", "official_name": "Josan Medical Clinic", "owner": {"name": "Private Practice - Clinical Officer"}, "keph_level": {"name": "Level 2"}, "ward": {"code": 308}, "number_of_cots": 0, "town": {"name": "nkondi"}, "name": "Josan Medical Clinic", "created": "2009-10-31T00:00:00+00:00", "regulatory_body": {"name": "Nursing Council of Kenya (Private Practice)"}, "facility_type": {"name": "Medical Clinic"}, "plot_number": "50b", "operation_status": {"name": "Operational"}, "number_of_beds": 0}, {"code": 16211, "location_desc": "Next to Equity Bank", "official_name": "Fayaa Medical Clinic", "owner": {"name": "Private Practice - Nurse / Midwife"}, "keph_level": {"name": "Level 2"}, "ward": {"code": 235}, "number_of_cots": 0, "town": {"name": "marsabit"}, "name": "Fayaa Medical Clinic", "created": "2009-10-31T00:00:00+00:00", "regulatory_body": {"name": "Nursing Council of Kenya (Private Practice)"}, "facility_type": {"name": "Medical Clinic"}, "plot_number": null, "operation_status": {"name": "Operational"}, "number_of_beds": 0}, {"code": 10442, "location_desc": "Kamakwa town along Nyeri - Tetu Road", "official_name": "Kamakwa Medical Clinic", "owner": {"name": "Private Practice - Clinical Officer"}, "keph_level": {"name": "Level 2"}, "ward": {"code": 495}, "number_of_cots": 0, "town": {"name": "nyeri town"}, "name": "Kamakwa Medical Clinic", "created": "2009-10-31T00:00:00+00:00", "regulatory_body": {"name": "Clinical Officers Council"}, "facility_type": {"name": "Medical Clinic"}, "plot_number": "kamakwa 39", "operation_status": {"name": "Operational"}, "number_of_beds": 0}, {"code": 12555, "location_desc": "Marimanti Township", "official_name": "Mugwee Clinic", "owner": {"name": "Private Practice - Nurse / Midwife"}, "keph_level": {"name": "Level 2"}, "ward": {"code": 310}, "number_of_cots": 0, "town": {"name": "marimanti market"}, "name": "Mugwee Clinic", "created": "2009-10-31T00:00:00+00:00", "regulatory_body": {"name": "Nursing Council of Kenya (Private Practice)"}, "facility_type": {"name": "Medical Clinic"}, "plot_number": null, "operation_status": {"name": "Not-Operational"}, "number_of_beds": 0}, {"code": 11691, "location_desc": "A long Kinango-Mwangulu Rd", "official_name": "Mwangulu Dispensary", "owner": {"name": "Community"}, "keph_level": {"name": "Level 2"}, "ward": {"code": 37}, "number_of_cots": 0, "town": {"name": "lunga lunga"}, "name": "Mwangulu Dispensary", "created": "2009-10-31T00:00:00+00:00", "regulatory_body": {"name": "Ministry of Health"}, "facility_type": {"name": "Dispensary"}, "plot_number": null, "operation_status": {"name": "Operational"}, "number_of_beds": 0}, {"code": 10889, "location_desc": null, "official_name": "Nyahururu Catholic Dispensary", "owner": {"name": "Kenya Episcopal Conference-Catholic Secretariat"}, "keph_level": {"name": "Level 2"}, "ward": {"code": 459}, "number_of_cots": 0, "town": {"name": "nyahururu"}, "name": "Nyahururu Catholic Dispensary", "created": "2009-10-31T00:00:00+00:00", "regulatory_body": {"name": "Kenya MPDB - Institution"}, "facility_type": {"name": "Dispensary"}, "plot_number": null, "operation_status": {"name": "Operational"}, "number_of_beds": 0}, {"code": 12473, "location_desc": null, "official_name": "Marsabit Medical Clinic", "owner": {"name": "Private Practice - Nurse / Midwife"}, "keph_level": {"name": "Level 2"}, "ward": {"code": 235}, "number_of_cots": 0, "town": {"name": "marsabit"}, "name": "Marsabit Medical Clinic", "created": "2009-10-31T00:00:00+00:00", "regulatory_body": {"name": "Nursing Council of Kenya (Private Practice)"}, "facility_type": {"name": "Medical Clinic"}, "plot_number": null, "operation_status": {"name": "Operational"}, "number_of_beds": 0}, {"code": 10896, "location_desc": null, "official_name": "Nyeri (Islamic Foundation) Clinic", "owner": {"name": "Supreme Council for Kenya Muslims"}, "keph_level": {"name": "Level 2"}, "ward": {"code": 492}, "number_of_cots": 0, "town": {"name": "nyeri town"}, "name": "Nyeri (Islamic Foundation) Clinic", "created": "2009-10-31T00:00:00+00:00", "regulatory_body": {"name": "Kenya MPDB - Institution"}, "facility_type": {"name": "Dispensary"}, "plot_number": null, "operation_status": {"name": "Not-Operational"}, "number_of_beds": 0}, {"code": 11400, "location_desc": "Near Godo Primary School", "official_name": "Godo Dispensary", "owner": {"name": "Ministry of Health"}, "keph_level": {"name": "Level 2"}, "ward": {"code": 38}, "number_of_cots": 0, "town": {"name": "godo market"}, "name": "Godo Dispensary", "created": "2009-10-31T00:00:00+00:00", "regulatory_body": {"name": "Ministry of Health"}, "facility_type": {"name": "Dispensary"}, "plot_number": null, "operation_status": {"name": "Operational"}, "number_of_beds": 1}, {"code": 10600, "location_desc": null, "official_name": "Kihuti Orthodox Clinic", "owner": {"name": "Other Faith Based"}, "keph_level": {"name": "Level 2"}, "ward": {"code": 490}, "number_of_cots": 0, "town": {"name": "kihuti"}, "name": "Kihuti Orthodox Clinic", "created": "2009-10-31T00:00:00+00:00", "regulatory_body": {"name": "Kenya MPDB - Institution"}, "facility_type": {"name": "Dispensary"}, "plot_number": "970 githi/kiharo", "operation_status": {"name": "Not-Operational"}, "number_of_beds": 0}, {"code": 10767, "location_desc": null, "official_name": "Mundoro Medical Clinic", "owner": {"name": "Private Practice - Nurse / Midwife"}, "keph_level": {"name": "Level 2"}, "ward": {"code": 552}, "number_of_cots": 0, "town": {"name": "gatundutown"}, "name": "Mundoro Medical Clinic", "created": "2009-10-31T00:00:00+00:00", "regulatory_body": {"name": "Nursing Council of Kenya (Private Practice)"}, "facility_type": {"name": "Medical Clinic"}, "plot_number": null, "operation_status": {"name": "Operational"}, "number_of_beds": 0}, {"code": 11651, "location_desc": "Near Mrima Primary School", "official_name": "Mrima Catholic Clinic", "owner": {"name": "Kenya Episcopal Conference-Catholic Secretariat"}, "keph_level": {"name": "Level 2"}, "ward": {"code": 36}, "number_of_cots": 0, "town": {"name": "lunga lunga"}, "name": "Mrima (Catholic) Dispensary", "created": "2009-10-31T00:00:00+00:00", "regulatory_body": {"name": "Kenya MPDB - Institution"}, "facility_type": {"name": "Dispensary"}, "plot_number": null, "operation_status": {"name": "Operational"}, "number_of_beds": 0}, {"code": 11848, "location_desc": "Along Kilifi  Malindi High way near Tezo trading Centre", "official_name": "Tezo Community Health Care", "owner": {"name": "Private Practice - Nurse / Midwife"}, "keph_level": {"name": "Level 2"}, "ward": {"code": 51}, "number_of_cots": 0, "town": {"name": "ngerenya"}, "name": "Tezo Community Health Care", "created": "2009-10-31T00:00:00+00:00", "regulatory_body": {"name": "Other"}, "facility_type": {"name": "Medical Clinic"}, "plot_number": null, "operation_status": {"name": "Operational"}, "number_of_beds": 0}, {"code": 11624, "location_desc": null, "official_name": "Mivumoni Catholic", "owner": {"name": "Kenya Episcopal Conference-Catholic Secretariat"}, "keph_level": {"name": "Level 2"}, "ward": {"code": 34}, "number_of_cots": 0, "town": {"name": "msambweni"}, "name": "Mivumoni (Catholic) Dispensary", "created": "2009-10-31T00:00:00+00:00", "regulatory_body": {"name": "Kenya MPDB - Institution"}, "facility_type": {"name": "Dispensary"}, "plot_number": null, "operation_status": {"name": "Operational"}, "number_of_beds": 0}, {"code": 11038, "location_desc": null, "official_name": "St John Medical Clinic (Nyeri North)", "owner": {"name": "Private Practice - Nurse / Midwife"}, "keph_level": {"name": "Level 2"}, "ward": {"code": 819}, "number_of_cots": 0, "town": {"name": "gakawa"}, "name": "St John Medical Clinic (Nyeri North)", "created": "2009-10-31T00:00:00+00:00", "regulatory_body": {"name": "Nursing Council of Kenya (Private Practice)"}, "facility_type": {"name": "Medical Clinic"}, "plot_number": null, "operation_status": {"name": "Operational"}, "number_of_beds": 0}, {"code": 16505, "location_desc": "Located in Kianyaga town, opposite commercial bank", "official_name": "M K M Clinic", "owner": {"name": "Private Practice - Clinical Officer"}, "keph_level": {"name": "Level 2"}, "ward": {"code": 505}, "number_of_cots": 0, "town": {"name": "kianyaga"}, "name": "M K M Clinic", "created": "2009-10-31T00:00:00+00:00", "regulatory_body": {"name": "Nursing Council of Kenya (Private Practice)"}, "facility_type": {"name": "Medical Clinic"}, "plot_number": "48b", "operation_status": {"name": "Operational"}, "number_of_beds": 0}, {"code": 10677, "location_desc": "Along Nairobi-Embu highway, Wanguru town 20metres near Baraka supermarket", "official_name": "Mamuki Medical Clinic", "owner": {"name": "Private Practice - Nurse / Midwife"}, "keph_level": {"name": "Level 2"}, "ward": {"code": 503}, "number_of_cots": 0, "town": {"name": "wanguru"}, "name": "Mamuki Medical Clinic", "created": "2009-10-31T00:00:00+00:00", "regulatory_body": {"name": "Nursing Council of Kenya (Private Practice)"}, "facility_type": {"name": "Medical Clinic"}, "plot_number": "c317", "operation_status": {"name": "Operational"}, "number_of_beds": 0}, {"code": 16208, "location_desc": null, "official_name": "Bravo Medical Clinic (Marsabit)", "owner": {"name": "Private Practice - Nurse / Midwife"}, "keph_level": {"name": "Level 2"}, "ward": {"code": 235}, "number_of_cots": 0, "town": {"name": "marsabit"}, "name": "Bravo Medical Clinic (Marsabit)", "created": "2009-10-31T00:00:00+00:00", "regulatory_body": {"name": "Nursing Council of Kenya (Private Practice)"}, "facility_type": {"name": "Medical Clinic"}, "plot_number": null, "operation_status": {"name": "Operational"}, "number_of_beds": 0}, {"code": 12066, "location_desc": null, "official_name": "ISMC Clinic", "owner": {"name": "Private Practice - Nurse / Midwife"}, "keph_level": {"name": "Level 2"}, "ward": {"code": 235}, "number_of_cots": 0, "town": {"name": "marsabit"}, "name": "Ismc Clinic", "created": "2009-10-31T00:00:00+00:00", "regulatory_body": {"name": "Nursing Council of Kenya (Private Practice)"}, "facility_type": {"name": "Medical Clinic"}, "plot_number": null, "operation_status": {"name": "Operational"}, "number_of_beds": 0}, {"code": 11150, "location_desc": null, "official_name": "Vision Medical clinic", "owner": {"name": "Private Practice - Nurse / Midwife"}, "keph_level": {"name": "Level 2"}, "ward": {"code": 470}, "number_of_cots": 0, "town": {"name": "gakawa"}, "name": "Vision Medical Clinic", "created": "2009-10-31T00:00:00+00:00", "regulatory_body": {"name": "Nursing Council of Kenya (Private Practice)"}, "facility_type": {"name": "Medical Clinic"}, "plot_number": null, "operation_status": {"name": "Operational"}, "number_of_beds": 0}, {"code": 10631, "location_desc": "Mururi town", "official_name": "Kirimara Clinic", "owner": {"name": "Private Practice - Nurse / Midwife"}, "keph_level": {"name": "Level 2"}, "ward": {"code": 500}, "number_of_cots": 0, "town": {"name": "mururi"}, "name": "Kirimara Clinic", "created": "2009-10-31T00:00:00+00:00", "regulatory_body": {"name": "Nursing Council of Kenya (Private Practice)"}, "facility_type": {"name": "Medical Clinic"}, "plot_number": "41b", "operation_status": {"name": "Not-Operational"}, "number_of_beds": 0}, {"code": 11712, "location_desc": "Near ngathini Primary School", "official_name": "Ngathini Dispensary", "owner": {"name": "Community"}, "keph_level": {"name": "Level 2"}, "ward": {"code": 38}, "number_of_cots": 0, "town": {"name": "lunga lunga"}, "name": "Ngathini Dispensary", "created": "2009-10-31T00:00:00+00:00", "regulatory_body": {"name": "Ministry of Health"}, "facility_type": {"name": "Dispensary"}, "plot_number": null, "operation_status": {"name": "Operational"}, "number_of_beds": 0}, {"code": 10697, "location_desc": null, "official_name": "Marua Medical Clinic", "owner": {"name": "Private Practice - Nurse / Midwife"}, "keph_level": {"name": "Level 2"}, "ward": {"code": 493}, "number_of_cots": 0, "town": {"name": "marua"}, "name": "Marua Medical Clinic", "created": "2009-10-31T00:00:00+00:00", "regulatory_body": {"name": "Nursing Council of Kenya (Private Practice)"}, "facility_type": {"name": "Medical Clinic"}, "plot_number": null, "operation_status": {"name": "Operational"}, "number_of_beds": 0}, {"code": 10296, "location_desc": "Kanisa Road Opposite Baden Powel Graveyard", "official_name": "Good Samaritan (ACK) Medical Clinic", "owner": {"name": "Christian Health Association of Kenya"}, "keph_level": {"name": "Level 2"}, "ward": {"code": 492}, "number_of_cots": 0, "town": {"name": "nyeri town"}, "name": "Good Samaritan (ACK) Medical Clinic", "created": "2009-10-31T00:00:00+00:00", "regulatory_body": {"name": "Kenya MPDB - Institution"}, "facility_type": {"name": "Dispensary"}, "plot_number": "majengo 11/32", "operation_status": {"name": "Operational"}, "number_of_beds": 0}, {"code": 10054, "location_desc": null, "official_name": "BCJ Medical Centre", "owner": {"name": "Private Practice - Nurse / Midwife"}, "keph_level": {"name": "Level 2"}, "ward": {"code": 503}, "number_of_cots": 0, "town": {"name": "wanguru"}, "name": "Bcj Medical Centre", "created": "2009-10-31T00:00:00+00:00", "regulatory_body": {"name": "Nursing Council of Kenya (Private Practice)"}, "facility_type": {"name": "Medical Clinic"}, "plot_number": "77", "operation_status": {"name": "Operational"}, "number_of_beds": 0}], "model": "facilities.Facility", "unique_fields": ["code"]}]