[{"records": [{"code": 12943, "location_desc": "Along Muchmbi Road Near Our Lady Of Peace Catholic Church South B", "official_name": "Flack Clinic", "owner": {"name": "Private Practice - Nurse / Midwife"}, "keph_level": {"name": "Level 2"}, "ward": {"code": 1433}, "number_of_cots": 0, "town": {"name": "south b shopping centre"}, "name": "Flack Clinic", "created": "2009-10-31T00:00:00+00:00", "regulatory_body": {"name": "Other"}, "facility_type": {"name": "Medical Clinic"}, "plot_number": "209/3609 muchumbi road south b", "operation_status": {"name": "Operational"}, "number_of_beds": 0}, {"code": 16527, "location_desc": "Opposite farmers building along St. Andrews road Kisumu ndogo", "official_name": "StanBridge Medical Clinic", "owner": {"name": "Private Practice - Clinical Officer"}, "keph_level": {"name": "Level 2"}, "ward": {"code": 78}, "number_of_cots": 0, "town": {"name": "malindi"}, "name": "Stanbridge Care Centre", "created": "2009-10-31T00:00:00+00:00", "regulatory_body": {"name": "Clinical Officers Council"}, "facility_type": {"name": "Medical Clinic"}, "plot_number": "10719/287", "operation_status": {"name": "Operational"}, "number_of_beds": 0}, {"code": 11959, "location_desc": null, "official_name": "By Faith Medical Clinic", "owner": {"name": "Private Enterprise (Institution)"}, "keph_level": {"name": "Level 2"}, "ward": {"code": 325}, "number_of_cots": 0, "town": {"name": "gachoka"}, "name": "By Faith Medical Clinic", "created": "2009-10-31T00:00:00+00:00", "regulatory_body": {"name": "Kenya MPDB - Institution"}, "facility_type": {"name": "Medical Clinic"}, "plot_number": null, "operation_status": {"name": "Operational"}, "number_of_beds": 0}, {"code": 11238, "location_desc": null, "official_name": "Bamba Medical Clinic", "owner": {"name": "Private Enterprise (Institution)"}, "keph_level": {"name": "Level 2"}, "ward": {"code": 72}, "number_of_cots": 0, "town": {"name": "bamba"}, "name": "Bamba Medical Clinic", "created": "2009-10-31T00:00:00+00:00", "regulatory_body": {"name": "Kenya MPDB - Institution"}, "facility_type": {"name": "Medical Clinic"}, "plot_number": null, "operation_status": {"name": "Operational"}, "number_of_beds": 0}, {"code": 15793, "location_desc": null, "official_name": "All Saints Musaa", "owner": {"name": "Private Enterprise (Institution)"}, "keph_level": {"name": "Level 2"}, "ward": {"code": 1011}, "number_of_cots": 0, "town": {"name": "eshisiru mkt"}, "name": "All Saints Musaa", "created": "2009-10-31T00:00:00+00:00", "regulatory_body": {"name": "Kenya MPDB - Institution"}, "facility_type": {"name": "Medical Clinic"}, "plot_number": null, "operation_status": {"name": "Not-Operational"}, "number_of_beds": 0}, {"code": 12992, "location_desc": null, "official_name": "Juhudi Clinic", "owner": {"name": "Private Enterprise (Institution)"}, "keph_level": {"name": "Level 2"}, "ward": {"code": 1433}, "number_of_cots": 0, "town": {"name": "nairobi"}, "name": "Juhudi Clinic", "created": "2009-10-31T00:00:00+00:00", "regulatory_body": {"name": "Kenya MPDB - Institution"}, "facility_type": {"name": "Medical Clinic"}, "plot_number": null, "operation_status": {"name": "Operational"}, "number_of_beds": 0}, {"code": 16532, "location_desc": "Off Old Malindi road 500 meters from Bakarani stage", "official_name": "Bakarani Community Clinic", "owner": {"name": "Private Enterprise (Institution)"}, "keph_level": {"name": "Level 2"}, "ward": {"code": 20}, "number_of_cots": 0, "town": {"name": "mombasa"}, "name": "Bakarani Community Clinic", "created": "2009-10-31T00:00:00+00:00", "regulatory_body": {"name": "Kenya MPDB - Institution"}, "facility_type": {"name": "Medical Clinic"}, "plot_number": "217/i mn", "operation_status": {"name": "Operational"}, "number_of_beds": 0}, {"code": 11429, "location_desc": "Along Old Malindi road at Msikitini stage opposite School of Islamic Studies Msikitini", "official_name": "Jamii Health Care Clinic (Kisauni)", "owner": {"name": "Private Practice - Clinical Officer"}, "keph_level": {"name": "Level 2"}, "ward": {"code": 16}, "number_of_cots": 0, "town": {"name": "mombasa"}, "name": "Jamii Health Care Clinic (Kisauni)", "created": "2009-10-31T00:00:00+00:00", "regulatory_body": {"name": "Clinical Officers Council"}, "facility_type": {"name": "Medical Clinic"}, "plot_number": "102/1 mn", "operation_status": {"name": "Operational"}, "number_of_beds": 0}, {"code": 11922, "location_desc": null, "official_name": "Air Port Medical Centre", "owner": {"name": "Private Enterprise (Institution)"}, "keph_level": {"name": "Level 2"}, "ward": {"code": 397}, "number_of_cots": 1, "town": {"name": "mlolongo"}, "name": "Air Port Medical Centre", "created": "2009-10-31T00:00:00+00:00", "regulatory_body": {"name": "Nursing Council of Kenya (Private Practice)"}, "facility_type": {"name": "Medical Clinic"}, "plot_number": null, "operation_status": {"name": "Operational"}, "number_of_beds": 2}, {"code": 16552, "location_desc": "Near beach corner", "official_name": "Ukunda Medical Clinic", "owner": {"name": "Private Enterprise (Institution)"}, "keph_level": {"name": "Level 3"}, "ward": {"code": 31}, "number_of_cots": 0, "town": {"name": "ukunda"}, "name": "Ukunda Medical Clinic", "created": "2009-10-31T00:00:00+00:00", "regulatory_body": {"name": "Kenya MPDB - Institution"}, "facility_type": {"name": "Medical Clinic"}, "plot_number": null, "operation_status": {"name": "Operational"}, "number_of_beds": 6}, {"code": 12639, "location_desc": "Mutito Town", "official_name": "Nduva Na Mwene Medical Clinic", "owner": {"name": "Private Enterprise (Institution)"}, "keph_level": {"name": "Level 2"}, "ward": {"code": 363}, "number_of_cots": 0, "town": {"name": "mutito"}, "name": "Nduva Na Mwene Medical Clinic", "created": "2009-10-31T00:00:00+00:00", "regulatory_body": {"name": "Kenya MPDB - Institution"}, "facility_type": {"name": "Medical Clinic"}, "plot_number": null, "operation_status": {"name": "Operational"}, "number_of_beds": 0}, {"code": 13002, "location_desc": "Within Embakasi Police line", "official_name": "Kapu Medical Clinic", "owner": {"name": "Ministry of Health"}, "keph_level": {"name": "Level 2"}, "ward": {"code": 1423}, "number_of_cots": 0, "town": {"name": "nairobi  embakasi"}, "name": "Kapu Medical Clinic", "created": "2009-10-31T00:00:00+00:00", "regulatory_body": {"name": "Kenya MPDB - Institution"}, "facility_type": {"name": "VCT Centre (Stand-Alone)"}, "plot_number": null, "operation_status": {"name": "Operational"}, "number_of_beds": 0}, {"code": 12760, "location_desc": null, "official_name": "St Mark Medical Clinic (Kangundo)", "owner": {"name": "Private Enterprise (Institution)"}, "keph_level": {"name": "Level 2"}, "ward": {"code": 385}, "number_of_cots": 0, "town": {"name": "tala"}, "name": "St Mark Medical Clinic (Kangundo)", "created": "2009-10-31T00:00:00+00:00", "regulatory_body": {"name": "Kenya MPDB - Institution"}, "facility_type": {"name": "Medical Clinic"}, "plot_number": null, "operation_status": {"name": "Operational"}, "number_of_beds": 0}, {"code": 11454, "location_desc": "Before Barani Pry school", "official_name": "Kanamai Health Care", "owner": {"name": "Private Enterprise (Institution)"}, "keph_level": {"name": "Level 2"}, "ward": {"code": 62}, "number_of_cots": 0, "town": {"name": "majengo"}, "name": "Kanamai Health Care", "created": "2009-10-31T00:00:00+00:00", "regulatory_body": {"name": "Nursing Council of Kenya (Private Practice)"}, "facility_type": {"name": "Medical Clinic"}, "plot_number": null, "operation_status": {"name": "Operational"}, "number_of_beds": 0}, {"code": 11378, "location_desc": null, "official_name": "Frontline Clinic", "owner": {"name": "Private Enterprise (Institution)"}, "keph_level": {"name": "Level 2"}, "ward": {"code": 2}, "number_of_cots": 0, "town": {"name": "mombasa"}, "name": "Frontline Clinic", "created": "2009-10-31T00:00:00+00:00", "regulatory_body": {"name": "Kenya MPDB - Institution"}, "facility_type": {"name": "Medical Clinic"}, "plot_number": null, "operation_status": {"name": "Operational"}, "number_of_beds": 0}, {"code": 11783, "location_desc": "Off New Malindi / Mombasa road inside Shanzu Teachers College", "official_name": "Shanzu Teachers College Clinic", "owner": {"name": "Private Enterprise (Institution)"}, "keph_level": {"name": "Level 2"}, "ward": {"code": 15}, "number_of_cots": 0, "town": {"name": "mombasa"}, "name": "Shanzu Teachers College Clinic", "created": "2009-10-31T00:00:00+00:00", "regulatory_body": {"name": "Kenya MPDB - Institution"}, "facility_type": {"name": "Medical Clinic"}, "plot_number": null, "operation_status": {"name": "Operational"}, "number_of_beds": 0}, {"code": 12756, "location_desc": null, "official_name": "St Joy Afya Clinic", "owner": {"name": "Private Enterprise (Institution)"}, "keph_level": {"name": "Level 2"}, "ward": {"code": 255}, "number_of_cots": 0, "town": {"name": "kanuni market"}, "name": "St Joy Afya Clinic", "created": "2009-10-31T00:00:00+00:00", "regulatory_body": {"name": "Kenya MPDB - Institution"}, "facility_type": {"name": "Medical Clinic"}, "plot_number": null, "operation_status": {"name": "Operational"}, "number_of_beds": 0}, {"code": 16294, "location_desc": null, "official_name": "Alnas Medical Clinic", "owner": {"name": "Private Enterprise (Institution)"}, "keph_level": {"name": "Level 2"}, "ward": {"code": 215}, "number_of_cots": 0, "town": {"name": "mandera"}, "name": "Alnas Medical Clinic", "created": "2009-10-31T00:00:00+00:00", "regulatory_body": {"name": "Kenya MPDB - Institution"}, "facility_type": {"name": "Medical Clinic"}, "plot_number": null, "operation_status": {"name": "Operational"}, "number_of_beds": 0}, {"code": 10351, "location_desc": "Kimende Town", "official_name": "Immanuel Medical Clinic", "owner": {"name": "Private Practice - Nurse / Midwife"}, "keph_level": {"name": "Level 2"}, "ward": {"code": 607}, "number_of_cots": 0, "town": {"name": "kimende"}, "name": "Immanuel Medical Clinic", "created": "2009-10-31T00:00:00+00:00", "regulatory_body": {"name": "Nursing Council of Kenya (Private Practice)"}, "facility_type": {"name": "Medical Clinic"}, "plot_number": "t75", "operation_status": {"name": "Operational"}, "number_of_beds": 0}, {"code": 11310, "location_desc": null, "official_name": "Dr AA Kibwana Clinic", "owner": {"name": "Private Enterprise (Institution)"}, "keph_level": {"name": "Level 2"}, "ward": {"code": 28}, "number_of_cots": 0, "town": {"name": "mombasa"}, "name": "Dr Aa Kibwana Clinic", "created": "2009-10-31T00:00:00+00:00", "regulatory_body": {"name": "Kenya MPDB - Institution"}, "facility_type": {"name": "Medical Clinic"}, "plot_number": null, "operation_status": {"name": "Operational"}, "number_of_beds": 0}, {"code": 10161, "location_desc": null, "official_name": "Ebenezer Medical Clinic (Thika)", "owner": {"name": "Private Enterprise (Institution)"}, "keph_level": {"name": "Level 2"}, "ward": {"code": 565}, "number_of_cots": 0, "town": {"name": "thika"}, "name": "Ebenezer Medical Clinic (Thika)", "created": "2009-10-31T00:00:00+00:00", "regulatory_body": {"name": "Kenya MPDB - Institution"}, "facility_type": {"name": "Medical Clinic"}, "plot_number": null, "operation_status": {"name": "Operational"}, "number_of_beds": 0}, {"code": 11371, "location_desc": "On your way to turtle bay after you branch from Gede- Watamu road", "official_name": "Family Medical Centre (Malindi)", "owner": {"name": "Private Practice - Clinical Officer"}, "keph_level": {"name": "Level 2"}, "ward": {"code": 76}, "number_of_cots": 0, "town": {"name": "watamu"}, "name": "Family Medical Centre (Malindi)", "created": "2009-10-31T00:00:00+00:00", "regulatory_body": {"name": "Clinical Officers Council"}, "facility_type": {"name": "Medical Clinic"}, "plot_number": null, "operation_status": {"name": "Operational"}, "number_of_beds": 0}, {"code": 13185, "location_desc": "Off Jogoo Road Past Makadara Law Courts At Maringo Shopping Centre", "official_name": "Shepherds Medical Clinic Maringo", "owner": {"name": "Private Enterprise (Institution)"}, "keph_level": {"name": "Level 2"}, "ward": {"code": 1430}, "number_of_cots": 0, "town": {"name": "maringo shopping centre"}, "name": "Shepherds Medical Clinic Maringo", "created": "2009-10-31T00:00:00+00:00", "regulatory_body": {"name": "Nursing Council of Kenya (Private Practice)"}, "facility_type": {"name": "Medical Clinic"}, "plot_number": null, "operation_status": {"name": "Operational"}, "number_of_beds": 0}, {"code": 11911, "location_desc": null, "official_name": "Yeshua Medical", "owner": {"name": "Private Enterprise (Institution)"}, "keph_level": {"name": "Level 2"}, "ward": {"code": 20}, "number_of_cots": 0, "town": {"name": "mombasa"}, "name": "Yeshua Medical", "created": "2009-10-31T00:00:00+00:00", "regulatory_body": {"name": "Kenya MPDB - Institution"}, "facility_type": {"name": "Medical Clinic"}, "plot_number": null, "operation_status": {"name": "Operational"}, "number_of_beds": 0}, {"code": 10157, "location_desc": null, "official_name": "Ebenezar Medical Clinic (Muranga North)", "owner": {"name": "Private Enterprise (Institution)"}, "keph_level": {"name": "Level 2"}, "ward": {"code": 488}, "number_of_cots": 0, "town": {"name": "muranga"}, "name": "Ebenezar Medical Clinic (Muranga North)", "created": "2009-10-31T00:00:00+00:00", "regulatory_body": {"name": "Kenya MPDB - Institution"}, "facility_type": {"name": "Medical Clinic"}, "plot_number": null, "operation_status": {"name": "Operational"}, "number_of_beds": 0}, {"code": 11902, "location_desc": null, "official_name": "Wema Centre Medical Clinic", "owner": {"name": "Private Enterprise (Institution)"}, "keph_level": {"name": "Level 2"}, "ward": {"code": 15}, "number_of_cots": 0, "town": {"name": "mombasa"}, "name": "Wema Centre Medical Clinic", "created": "2009-10-31T00:00:00+00:00", "regulatory_body": {"name": "Kenya MPDB - Institution"}, "facility_type": {"name": "Medical Clinic"}, "plot_number": null, "operation_status": {"name": "Operational"}, "number_of_beds": 0}, {"code": 12581, "location_desc": null, "official_name": "Muriri Clinic", "owner": {"name": "Private Enterprise (Institution)"}, "keph_level": {"name": "Level 2"}, "ward": {"code": 274}, "number_of_cots": 0, "town": {"name": "kianjai"}, "name": "Muriri Clinic", "created": "2009-10-31T00:00:00+00:00", "regulatory_body": {"name": "Kenya MPDB - Institution"}, "facility_type": {"name": "Medical Clinic"}, "plot_number": null, "operation_status": {"name": "Operational"}, "number_of_beds": 0}, {"code": 13462, "location_desc": "Situated at Mabera market along Migori - Isebania highway", "official_name": "Akidiva Clinic", "owner": {"name": "Private Enterprise (Institution)"}, "keph_level": {"name": "Level 2"}, "ward": {"code": 1294}, "number_of_cots": 0, "town": {"name": "mabera"}, "name": "Akidiva Clinic", "created": "2009-10-31T00:00:00+00:00", "regulatory_body": {"name": "Kenya MPDB - Institution"}, "facility_type": {"name": "Medical Clinic"}, "plot_number": null, "operation_status": {"name": "Operational"}, "number_of_beds": 1}, {"code": 13270, "location_desc": "Opposite Jamii Salaam Mosque", "official_name": "Afya Medical Clinic and Nursing Home (Wajir East)", "owner": {"name": "Private Enterprise (Institution)"}, "keph_level": {"name": "Level 2"}, "ward": {"code": 169}, "number_of_cots": 0, "town": {"name": "wajir"}, "name": "Afya Medical Clinic and Nursing Home (Wajir East)", "created": "2009-10-31T00:00:00+00:00", "regulatory_body": {"name": "Clinical Officers Council"}, "facility_type": {"name": "Medical Clinic"}, "plot_number": null, "operation_status": {"name": "Operational"}, "number_of_beds": 0}, {"code": 14247, "location_desc": "wright centre. ", "official_name": "Benmac Clinic", "owner": {"name": "Private Enterprise (Institution)"}, "keph_level": {"name": "Level 2"}, "ward": {"code": 835}, "number_of_cots": 0, "town": {"name": "wrigt centre"}, "name": "Benmac Clinic", "created": "2009-10-31T00:00:00+00:00", "regulatory_body": {"name": "Kenya MPDB - Institution"}, "facility_type": {"name": "Medical Clinic"}, "plot_number": "5/382 ngondu", "operation_status": {"name": "Operational"}, "number_of_beds": 0}, {"code": 16320, "location_desc": "Near Equity Bank", "official_name": "Pims Medical Clinic", "owner": {"name": "Private Practice - Nurse / Midwife"}, "keph_level": {"name": "Level 2"}, "ward": {"code": 663}, "number_of_cots": 0, "town": {"name": "maralal town"}, "name": "Pims Medical Clinic", "created": "2009-10-31T00:00:00+00:00", "regulatory_body": {"name": "Nursing Council of Kenya (Private Practice)"}, "facility_type": {"name": "Medical Clinic"}, "plot_number": null, "operation_status": {"name": "Operational"}, "number_of_beds": 0}, {"code": 12387, "location_desc": null, "official_name": "KR Memorial Medical Clinic", "owner": {"name": "Private Enterprise (Institution)"}, "keph_level": {"name": "Level 2"}, "ward": {"code": 319}, "number_of_cots": 0, "town": {"name": "runyenjes"}, "name": "Kr Memorial Medical Clinic", "created": "2009-10-31T00:00:00+00:00", "regulatory_body": {"name": "Kenya MPDB - Institution"}, "facility_type": {"name": "Medical Clinic"}, "plot_number": "210", "operation_status": {"name": "Operational"}, "number_of_beds": 0}, {"code": 11793, "location_desc": null, "official_name": "Shukrani Medical Clinic", "owner": {"name": "Private Enterprise (Institution)"}, "keph_level": {"name": "Level 2"}, "ward": {"code": 19}, "number_of_cots": 0, "town": {"name": "mombasa"}, "name": "Shukrani Medical Clinic", "created": "2009-10-31T00:00:00+00:00", "regulatory_body": {"name": "Kenya MPDB - Institution"}, "facility_type": {"name": "Medical Clinic"}, "plot_number": null, "operation_status": {"name": "Operational"}, "number_of_beds": 0}, {"code": 14113, "location_desc": null, "official_name": "St Jude's Clinic", "owner": {"name": "Private Enterprise (Institution)"}, "keph_level": {"name": "Level 2"}, "ward": {"code": 1198}, "number_of_cots": 0, "town": {"name": "kisumu"}, "name": "St Jude's Clinic", "created": "2009-10-31T00:00:00+00:00", "regulatory_body": {"name": "Kenya MPDB - Institution"}, "facility_type": {"name": "Medical Clinic"}, "plot_number": null, "operation_status": {"name": "Operational"}, "number_of_beds": 0}, {"code": 11813, "location_desc": "Off Old Malindi road at Bakarani Stage", "official_name": "St Elizabeth Medical Clinic Bakarani", "owner": {"name": "Private Practice - Clinical Officer"}, "keph_level": {"name": "Level 2"}, "ward": {"code": 20}, "number_of_cots": 0, "town": {"name": "mombasa"}, "name": "St Elizabeth Medical Clinic Bakarani", "created": "2009-10-31T00:00:00+00:00", "regulatory_body": {"name": "Clinical Officers Council"}, "facility_type": {"name": "Medical Clinic"}, "plot_number": null, "operation_status": {"name": "Operational"}, "number_of_beds": 0}, {"code": 14067, "location_desc": null, "official_name": "Saokon Clinic", "owner": {"name": "Private Practice - Nurse / Midwife"}, "keph_level": {"name": "Level 2"}, "ward": {"code": 1359}, "number_of_cots": 0, "town": {"name": "chabera market"}, "name": "Saokon Clinic", "created": "2009-10-31T00:00:00+00:00", "regulatory_body": {"name": "Kenya MPDB - Institution"}, "facility_type": {"name": "Medical Clinic"}, "plot_number": null, "operation_status": {"name": "Operational"}, "number_of_beds": 0}, {"code": 12522, "location_desc": null, "official_name": "Micii Mikuru Clinic", "owner": {"name": "Company Medical Service"}, "keph_level": {"name": "Level 2"}, "ward": {"code": 273}, "number_of_cots": 0, "town": {"name": "kianjai"}, "name": "Micii Mikuru Clinic", "created": "2009-10-31T00:00:00+00:00", "regulatory_body": {"name": "Other"}, "facility_type": {"name": "Medical Clinic"}, "plot_number": null, "operation_status": {"name": "Operational"}, "number_of_beds": 0}, {"code": 11851, "location_desc": "Along Gede watamu road Opposite Roger planet Restaurant", "official_name": "Timboni Community Dispensary", "owner": {"name": "Community"}, "keph_level": {"name": "Level 2"}, "ward": {"code": 54}, "number_of_cots": 0, "town": {"name": "gede"}, "name": "Timboni Community Dispensary", "created": "2009-10-31T00:00:00+00:00", "regulatory_body": {"name": "Kenya MPDB - Institution"}, "facility_type": {"name": "Dispensary"}, "plot_number": "2713", "operation_status": {"name": "Operational"}, "number_of_beds": 0}, {"code": 11272, "location_desc": null, "official_name": "CBK Staff Clinic (Mombasa)", "owner": {"name": "Company Medical Service"}, "keph_level": {"name": "Level 2"}, "ward": {"code": 26}, "number_of_cots": 0, "town": {"name": "mombasa"}, "name": "Cbk Staff Clinic (Mombasa)", "created": "2009-10-31T00:00:00+00:00", "regulatory_body": {"name": "Other"}, "facility_type": {"name": "Medical Clinic"}, "plot_number": null, "operation_status": {"name": "Operational"}, "number_of_beds": 0}, {"code": 15436, "location_desc": "WITHIN AMBOSELI NATIONAL PARK", "official_name": "Oltukai Lodge Clinic", "owner": {"name": "Company Medical Service"}, "keph_level": {"name": "Level 2"}, "ward": {"code": 931}, "number_of_cots": 0, "town": {"name": "loitokitok"}, "name": "Oltukai Lodge Clinic", "created": "2009-10-31T00:00:00+00:00", "regulatory_body": {"name": "Kenya MPDB - Institution"}, "facility_type": {"name": "Medical Clinic"}, "plot_number": null, "operation_status": {"name": "Operational"}, "number_of_beds": 4}, {"code": 10660, "location_desc": null, "official_name": "Lilian Wachuka Clinic", "owner": {"name": "Private Enterprise (Institution)"}, "keph_level": {"name": "Level 2"}, "ward": {"code": 524}, "number_of_cots": 0, "town": {"name": "muranga"}, "name": "Lilian Wachuka Clinic", "created": "2009-10-31T00:00:00+00:00", "regulatory_body": {"name": "Kenya MPDB - Institution"}, "facility_type": {"name": "Medical Clinic"}, "plot_number": null, "operation_status": {"name": "Operational"}, "number_of_beds": 0}, {"code": 11205, "location_desc": "Maalim Juma Road near Marembo Mosque", "official_name": "Memon Medical Centre", "owner": {"name": "Private Practice - Unspecified"}, "keph_level": {"name": "Level 2"}, "ward": {"code": 28}, "number_of_cots": 0, "town": {"name": "mwenbe tayari  market"}, "name": "Memon Medical Centre", "created": "2009-10-31T00:00:00+00:00", "regulatory_body": {"name": "Kenya MPDB - Institution"}, "facility_type": {"name": "Medical Clinic"}, "plot_number": "102", "operation_status": {"name": "Operational"}, "number_of_beds": 0}, {"code": 14201, "location_desc": "Within Amboseli national park", "official_name": "Amboseli Serena Lodge Clinic", "owner": {"name": "Company Medical Service"}, "keph_level": {"name": "Level 2"}, "ward": {"code": 931}, "number_of_cots": 0, "town": {"name": "loitokitok"}, "name": "Amboseli Serena Lodge Clinic", "created": "2009-10-31T00:00:00+00:00", "regulatory_body": {"name": "Kenya MPDB - Private Practice"}, "facility_type": {"name": "Medical Clinic"}, "plot_number": null, "operation_status": {"name": "Operational"}, "number_of_beds": 4}, {"code": 10881, "location_desc": null, "official_name": "Njemuka Clinic", "owner": {"name": "Private Enterprise (Institution)"}, "keph_level": {"name": "Level 2"}, "ward": {"code": 528}, "number_of_cots": 0, "town": {"name": "thika"}, "name": "Njemuka Clinic", "created": "2009-10-31T00:00:00+00:00", "regulatory_body": {"name": "Kenya MPDB - Institution"}, "facility_type": {"name": "Medical Clinic"}, "plot_number": null, "operation_status": {"name": "Operational"}, "number_of_beds": 0}, {"code": 11731, "location_desc": null, "official_name": "Palani Health Care Clinic", "owner": {"name": "Private Enterprise (Institution)"}, "keph_level": {"name": "Level 2"}, "ward": {"code": 16}, "number_of_cots": 0, "town": {"name": "mombasa"}, "name": "Palani Health Care Clinic", "created": "2009-10-31T00:00:00+00:00", "regulatory_body": {"name": "Kenya MPDB - Institution"}, "facility_type": {"name": "Medical Clinic"}, "plot_number": null, "operation_status": {"name": "Operational"}, "number_of_beds": 0}, {"code": 10695, "location_desc": "Near Kenyatta University next to Engen Petrol Station.\r\nLocated at Mizpah Building", "official_name": "Martmerg Medical Clinic", "owner": {"name": "Private Practice - Nurse / Midwife"}, "keph_level": {"name": "Level 2"}, "ward": {"code": 572}, "number_of_cots": 0, "town": {"name": "githurai 45"}, "name": "Martmerg Medical Clinic", "created": "2009-10-31T00:00:00+00:00", "regulatory_body": {"name": "Nursing Council of Kenya (Private Practice)"}, "facility_type": {"name": "Medical Clinic"}, "plot_number": "631/kahawa sukari", "operation_status": {"name": "Operational"}, "number_of_beds": 0}, {"code": 10827, "location_desc": null, "official_name": "Ndakaini Clinic", "owner": {"name": "Private Enterprise (Institution)"}, "keph_level": {"name": "Level 2"}, "ward": {"code": 550}, "number_of_cots": 0, "town": {"name": "thika"}, "name": "Ndakaini Clinic", "created": "2009-10-31T00:00:00+00:00", "regulatory_body": {"name": "Kenya MPDB - Institution"}, "facility_type": {"name": "Medical Clinic"}, "plot_number": null, "operation_status": {"name": "Operational"}, "number_of_beds": 0}, {"code": 12512, "location_desc": "Kithimu Market, Jnction of ST. Theresas and Itabua", "official_name": "Mercy Medical Clinic (Embu)", "owner": {"name": "Private Enterprise (Institution)"}, "keph_level": {"name": "Level 2"}, "ward": {"code": 312}, "number_of_cots": 0, "town": {"name": "kithimu"}, "name": "Mercy Medical Clinic (Embu)", "created": "2009-10-31T00:00:00+00:00", "regulatory_body": {"name": "Nursing Council of Kenya (Private Practice)"}, "facility_type": {"name": "Medical Clinic"}, "plot_number": "6570", "operation_status": {"name": "Operational"}, "number_of_beds": 0}, {"code": 15297, "location_desc": "Maralal Town opposite Equity Bank", "official_name": "Namelok Medical Clinic", "owner": {"name": "Private Practice - Clinical Officer"}, "keph_level": {"name": "Level 2"}, "ward": {"code": 663}, "number_of_cots": 0, "town": {"name": "maralal town"}, "name": "Namelok Medical Clinic", "created": "2009-10-31T00:00:00+00:00", "regulatory_body": {"name": "Clinical Officers Council"}, "facility_type": {"name": "Medical Clinic"}, "plot_number": null, "operation_status": {"name": "Operational"}, "number_of_beds": 0}, {"code": 11008, "location_desc": "Next to Kiambaa Petrol station on The Nairobi Nakuru Highway, Approximately 20Km From Nairobi", "official_name": "Shwak Medical Clinic.", "owner": {"name": "Private Enterprise (Institution)"}, "keph_level": {"name": "Level 2"}, "ward": {"code": 592}, "number_of_cots": 0, "town": {"name": "kiambaa"}, "name": "Shwak Medical Clinic", "created": "2009-10-31T00:00:00+00:00", "regulatory_body": {"name": "Nursing Council of Kenya (Private Practice)"}, "facility_type": {"name": "Medical Clinic"}, "plot_number": "mug 163", "operation_status": {"name": "Operational"}, "number_of_beds": 0}, {"code": 11232, "location_desc": "Tudor stage, near MaryCliff Primary School situated in the same building with City butchery", "official_name": "Azimio Medical Centre", "owner": {"name": "Private Enterprise (Institution)"}, "keph_level": {"name": "Level 2"}, "ward": {"code": 27}, "number_of_cots": 0, "town": {"name": "tudor market"}, "name": "Azimio Medical Centre", "created": "2009-10-31T00:00:00+00:00", "regulatory_body": {"name": "Kenya MPDB - Institution"}, "facility_type": {"name": "Medical Clinic"}, "plot_number": "287/sec1/x/mi", "operation_status": {"name": "Operational"}, "number_of_beds": 0}, {"code": 12731, "location_desc": null, "official_name": "Shalom Medical Clinic (Embu)", "owner": {"name": "Private Enterprise (Institution)"}, "keph_level": {"name": "Level 2"}, "ward": {"code": 314}, "number_of_cots": 0, "town": {"name": "embu"}, "name": "Shalom Medical Clinic (Embu)", "created": "2009-10-31T00:00:00+00:00", "regulatory_body": {"name": "Kenya MPDB - Institution"}, "facility_type": {"name": "Medical Clinic"}, "plot_number": null, "operation_status": {"name": "Operational"}, "number_of_beds": 0}, {"code": 11226, "location_desc": null, "official_name": "Ashraf Medical Clinic", "owner": {"name": "Private Enterprise (Institution)"}, "keph_level": {"name": "Level 2"}, "ward": {"code": 26}, "number_of_cots": 0, "town": {"name": "mombasa"}, "name": "Ashraf Medical Clinic", "created": "2009-10-31T00:00:00+00:00", "regulatory_body": {"name": "Kenya MPDB - Institution"}, "facility_type": {"name": "Medical Clinic"}, "plot_number": null, "operation_status": {"name": "Operational"}, "number_of_beds": 0}, {"code": 11707, "location_desc": null, "official_name": "Neema Medical Clinic (Malindi)", "owner": {"name": "Private Practice - Nurse / Midwife"}, "keph_level": {"name": "Level 2"}, "ward": {"code": 82}, "number_of_cots": 0, "town": {"name": "gongoni market"}, "name": "Neema Medical Clinic (Malindi)", "created": "2009-10-31T00:00:00+00:00", "regulatory_body": {"name": "Kenya MPDB - Institution"}, "facility_type": {"name": "Medical Clinic"}, "plot_number": null, "operation_status": {"name": "Operational"}, "number_of_beds": 0}, {"code": 16521, "location_desc": "Along Malindi-Tsavo  Road Next  To Kwa  Upanga  Primary Sshool.", "official_name": "ChemiChemi Medical Clinic", "owner": {"name": "Private Practice - Nurse / Midwife"}, "keph_level": {"name": "Level 2"}, "ward": {"code": 80}, "number_of_cots": 0, "town": {"name": "ganda"}, "name": "Chemichemi Medical Clinic", "created": "2009-10-31T00:00:00+00:00", "regulatory_body": {"name": "Nursing Council of Kenya (Private Practice)"}, "facility_type": {"name": "Medical Clinic"}, "plot_number": null, "operation_status": {"name": "Operational"}, "number_of_beds": 0}, {"code": 11623, "location_desc": null, "official_name": "Mission Medical Clinic (Bahari)", "owner": {"name": "Private Enterprise (Institution)"}, "keph_level": {"name": "Level 2"}, "ward": {"code": 52}, "number_of_cots": 0, "town": {"name": "kilifi"}, "name": "Mission Medical Clinic (Bahari)", "created": "2009-10-31T00:00:00+00:00", "regulatory_body": {"name": "Kenya MPDB - Institution"}, "facility_type": {"name": "Medical Clinic"}, "plot_number": null, "operation_status": {"name": "Operational"}, "number_of_beds": 0}, {"code": 11556, "location_desc": "Opposite Malindi District Hospital- Orange building", "official_name": "Malindi Care Services Limited", "owner": {"name": "Private Practice - Medical Specialist"}, "keph_level": {"name": "Level 2"}, "ward": {"code": 79}, "number_of_cots": 0, "town": {"name": "malindi"}, "name": "Malindi Care Services Limited", "created": "2009-10-31T00:00:00+00:00", "regulatory_body": {"name": "Kenya MPDB - Institution"}, "facility_type": {"name": "Medical Clinic"}, "plot_number": null, "operation_status": {"name": "Operational"}, "number_of_beds": 6}, {"code": 11698, "location_desc": "Kisumu Ndogo", "official_name": "Mwichens Medical Clinic", "owner": {"name": "Private Practice - Clinical Officer"}, "keph_level": {"name": "Level 2"}, "ward": {"code": 80}, "number_of_cots": 0, "town": {"name": "malindi"}, "name": "Mwichens Medical Clinic", "created": "2009-10-31T00:00:00+00:00", "regulatory_body": {"name": "Clinical Officers Council"}, "facility_type": {"name": "Medical Clinic"}, "plot_number": null, "operation_status": {"name": "Not-Operational"}, "number_of_beds": 0}, {"code": 11362, "location_desc": "Kisumundogo  Farmers near St. Francis Catholic Church", "official_name": "Ebenezer Medical Clinic (Malindi)", "owner": {"name": "Private Practice - Nurse / Midwife"}, "keph_level": {"name": "Level 2"}, "ward": {"code": 78}, "number_of_cots": 0, "town": {"name": "malindi"}, "name": "Ebenezer Medical Clinic (Malindi)", "created": "2009-10-31T00:00:00+00:00", "regulatory_body": {"name": "Nursing Council of Kenya (Private Practice)"}, "facility_type": {"name": "Medical Clinic"}, "plot_number": "3999", "operation_status": {"name": "Operational"}, "number_of_beds": 0}, {"code": 11878, "location_desc": "Along Malindi Tsavo Road near Langobaya water offices", "official_name": "Uzima Medical Clinic (Malindi)", "owner": {"name": "Private Practice - Nurse / Midwife"}, "keph_level": {"name": "Level 2"}, "ward": {"code": 83}, "number_of_cots": 0, "town": {"name": "langobaya"}, "name": "Uzima Medical Clinic (Malindi)", "created": "2009-10-31T00:00:00+00:00", "regulatory_body": {"name": "Kenya MPDB - Institution"}, "facility_type": {"name": "Medical Clinic"}, "plot_number": null, "operation_status": {"name": "Pending Opening"}, "number_of_beds": 0}, {"code": 11751, "location_desc": "Along Malindi Lamu road 1km from kwa ndomo trading Centre", "official_name": "Fredie Msena Community Health Centre", "owner": {"name": "Community"}, "keph_level": {"name": "Level 3"}, "ward": {"code": 85}, "number_of_cots": 0, "town": {"name": "malindi"}, "name": "Rainbow Community Care", "created": "2009-10-31T00:00:00+00:00", "regulatory_body": {"name": "Kenya MPDB - Institution"}, "facility_type": {"name": "Health Centre"}, "plot_number": null, "operation_status": {"name": "Operational"}, "number_of_beds": 8}, {"code": 11564, "location_desc": "Opposite marereni stage", "official_name": "Marereni Medical Clinic", "owner": {"name": "Private Practice - Clinical Officer"}, "keph_level": {"name": "Level 2"}, "ward": {"code": 83}, "number_of_cots": 0, "town": {"name": "marereni"}, "name": "Marereni Medical Clinic", "created": "2009-10-31T00:00:00+00:00", "regulatory_body": {"name": "Clinical Officers Council"}, "facility_type": {"name": "Medical Clinic"}, "plot_number": null, "operation_status": {"name": "Operational"}, "number_of_beds": 0}, {"code": 16525, "location_desc": "30km north of Malindi town. 11km off Malindi-Lamu road. About 1km east of Ngomeni village", "official_name": "San Marco Projectl Clinic", "owner": {"name": "Private Practice - Nurse / Midwife"}, "keph_level": {"name": "Level 2"}, "ward": {"code": 82}, "number_of_cots": 0, "town": {"name": "gongoni"}, "name": "San Marco Project Clinic", "created": "2009-10-31T00:00:00+00:00", "regulatory_body": {"name": "Nursing Council of Kenya (Private Practice)"}, "facility_type": {"name": "Medical Clinic"}, "plot_number": null, "operation_status": {"name": "Operational"}, "number_of_beds": 0}, {"code": 14567, "location_desc": "Loitokitok - Taveta Road within Illasit Market", "official_name": "Illasit Medical Clinic", "owner": {"name": "Private Practice - Clinical Officer"}, "keph_level": {"name": "Level 2"}, "ward": {"code": 934}, "number_of_cots": 0, "town": {"name": "illasit market"}, "name": "Illasit Medical Clinic", "created": "2009-10-31T00:00:00+00:00", "regulatory_body": {"name": "Clinical Officers Council"}, "facility_type": {"name": "Medical Clinic"}, "plot_number": null, "operation_status": {"name": "Operational"}, "number_of_beds": 4}, {"code": 11736, "location_desc": null, "official_name": "Pendo Medical Clinic (Kilindini)", "owner": {"name": "Private Enterprise (Institution)"}, "keph_level": {"name": "Level 2"}, "ward": {"code": 3}, "number_of_cots": 0, "town": {"name": "mombasa"}, "name": "Pendo Medical Clinic (Kilindini)", "created": "2009-10-31T00:00:00+00:00", "regulatory_body": {"name": "Kenya MPDB - Institution"}, "facility_type": {"name": "Medical Clinic"}, "plot_number": null, "operation_status": {"name": "Operational"}, "number_of_beds": 0}, {"code": 11360, "location_desc": "Near Dhow Inn", "official_name": "Dzitsoni Medical Clinic", "owner": {"name": "Private Enterprise (Institution)"}, "keph_level": {"name": "Level 2"}, "ward": {"code": 57}, "number_of_cots": 0, "town": {"name": "mnarani"}, "name": "Dzitsoni Medical Clinic", "created": "2009-10-31T00:00:00+00:00", "regulatory_body": {"name": "Kenya MPDB - Institution"}, "facility_type": {"name": "Medical Clinic"}, "plot_number": null, "operation_status": {"name": "Operational"}, "number_of_beds": 0}, {"code": 16529, "location_desc": "Near Gongoni town centre next to Neema Medical Clinic", "official_name": "Tumaini Medical Clinic (Malindi)", "owner": {"name": "Private Enterprise (Institution)"}, "keph_level": {"name": "Level 2"}, "ward": {"code": 80}, "number_of_cots": 0, "town": {"name": "gongoni"}, "name": "Tumaini Medical Clinic (Malindi)", "created": "2009-10-31T00:00:00+00:00", "regulatory_body": {"name": "Nursing Council of Kenya (Private Practice)"}, "facility_type": {"name": "Medical Clinic"}, "plot_number": null, "operation_status": {"name": "Not-Operational"}, "number_of_beds": 0}, {"code": 16528, "location_desc": "Along Ganda road near furunzi pond", "official_name": "Subira Medical Clinic", "owner": {"name": "Private Practice - Clinical Officer"}, "keph_level": {"name": "Level 2"}, "ward": {"code": 78}, "number_of_cots": 0, "town": {"name": "malindi"}, "name": "Subira Medical Clinic", "created": "2009-10-31T00:00:00+00:00", "regulatory_body": {"name": "Clinical Officers Council"}, "facility_type": {"name": "Medical Clinic"}, "plot_number": null, "operation_status": {"name": "Operational"}, "number_of_beds": 0}, {"code": 11855, "location_desc": "200 METERS  WEST OF  KENYA POWER AND LIGHTING  DEPOT ", "official_name": "Town Centre Medical Clinic", "owner": {"name": "Private Practice - Clinical Officer"}, "keph_level": {"name": "Level 2"}, "ward": {"code": 79}, "number_of_cots": 0, "town": {"name": "malindi"}, "name": "Town Centre Medical Clinic", "created": "2009-10-31T00:00:00+00:00", "regulatory_body": {"name": "Kenya MPDB - Private Practice"}, "facility_type": {"name": "Medical Clinic"}, "plot_number": null, "operation_status": {"name": "Operational"}, "number_of_beds": 0}, {"code": 11597, "location_desc": null, "official_name": "Medina Medical Clinic", "owner": {"name": "Private Enterprise (Institution)"}, "keph_level": {"name": "Level 2"}, "ward": {"code": 3}, "number_of_cots": 0, "town": {"name": "mombasa"}, "name": "Medina Medical Clinic", "created": "2009-10-31T00:00:00+00:00", "regulatory_body": {"name": "Kenya MPDB - Institution"}, "facility_type": {"name": "Medical Clinic"}, "plot_number": null, "operation_status": {"name": "Operational"}, "number_of_beds": 0}, {"code": 16526, "location_desc": "Situeted 200mts from red cross office", "official_name": "St Bennedticto Health Centre", "owner": {"name": "Private Enterprise (Institution)"}, "keph_level": {"name": "Level 3"}, "ward": {"code": 85}, "number_of_cots": 2, "town": {"name": "malindi"}, "name": "St Bennedticto Health Centre", "created": "2009-10-31T00:00:00+00:00", "regulatory_body": {"name": "Nursing Council of Kenya (Private Practice)"}, "facility_type": {"name": "Medical Clinic"}, "plot_number": "798", "operation_status": {"name": "Operational"}, "number_of_beds": 18}, {"code": 11759, "location_desc": "Opposite members club", "official_name": "Royal Health Care", "owner": {"name": "Private Practice - General Practitioner"}, "keph_level": {"name": "Level 2"}, "ward": {"code": 79}, "number_of_cots": 0, "town": {"name": "malindi"}, "name": "Royal Health Care", "created": "2009-10-31T00:00:00+00:00", "regulatory_body": {"name": "Kenya MPDB - Institution"}, "facility_type": {"name": "Medical Clinic"}, "plot_number": null, "operation_status": {"name": "Operational"}, "number_of_beds": 0}, {"code": 11347, "location_desc": "First floor of the Standard Chattered Bank building", "official_name": "Surgery Clinic", "owner": {"name": "Private Practice - Medical Specialist"}, "keph_level": {"name": "Level 2"}, "ward": {"code": 78}, "number_of_cots": 0, "town": {"name": "malindi old market"}, "name": "Surgery Clinic", "created": "2009-10-31T00:00:00+00:00", "regulatory_body": {"name": "Kenya MPDB - Private Practice"}, "facility_type": {"name": "Medical Clinic"}, "plot_number": null, "operation_status": {"name": "Operational"}, "number_of_beds": 0}, {"code": 11752, "location_desc": "Across sabaki river", "official_name": "Rainbow Medical Burangi", "owner": {"name": "Community"}, "keph_level": {"name": "Level 2"}, "ward": {"code": 77}, "number_of_cots": 0, "town": {"name": "malindi"}, "name": "Rainbow Medical Burangi", "created": "2009-10-31T00:00:00+00:00", "regulatory_body": {"name": "Kenya MPDB - Institution"}, "facility_type": {"name": "Dispensary"}, "plot_number": null, "operation_status": {"name": "Not-Operational"}, "number_of_beds": 0}, {"code": 11727, "location_desc": null, "official_name": "OM Dental Centre", "owner": {"name": "Private Enterprise (Institution)"}, "keph_level": {"name": "Level 2"}, "ward": {"code": 28}, "number_of_cots": 0, "town": {"name": "mombasa"}, "name": "Om Dental Centre", "created": "2009-10-31T00:00:00+00:00", "regulatory_body": {"name": "Kenya MPDB - Institution"}, "facility_type": {"name": "Medical Clinic"}, "plot_number": null, "operation_status": {"name": "Operational"}, "number_of_beds": 0}, {"code": 12810, "location_desc": null, "official_name": "Tumaini Medical Clinic (Kitui)", "owner": {"name": "Private Enterprise (Institution)"}, "keph_level": {"name": "Level 2"}, "ward": {"code": 367}, "number_of_cots": 0, "name": "Tumaini Medical Clinic (Kitui)", "created": "2009-10-31T00:00:00+00:00", "regulatory_body": {"name": "Kenya MPDB - Institution"}, "facility_type": {"name": "Medical Clinic"}, "plot_number": null, "operation_status": {"name": "Operational"}, "number_of_beds": 0}, {"code": 11358, "location_desc": "Next to sabaki Pharmacy", "official_name": "Dr Yunus Clinic", "owner": {"name": "Private Practice - Medical Specialist"}, "keph_level": {"name": "Level 2"}, "ward": {"code": 78}, "number_of_cots": 0, "town": {"name": "malindi"}, "name": "Dr Yunus Clinic", "created": "2009-10-31T00:00:00+00:00", "regulatory_body": {"name": "Kenya MPDB - Private Practice"}, "facility_type": {"name": "Medical Clinic"}, "plot_number": null, "operation_status": {"name": "Operational"}, "number_of_beds": 0}, {"code": 11823, "location_desc": "Madunguni shopping centre", "official_name": "St Paul's Medical Clinic (Malindi)", "owner": {"name": "Private Practice - Nurse / Midwife"}, "keph_level": {"name": "Level 2"}, "ward": {"code": 83}, "number_of_cots": 0, "town": {"name": "madunguni"}, "name": "St Paul's Medical Clinic (Malindi)", "created": "2009-10-31T00:00:00+00:00", "regulatory_body": {"name": "Nursing Council of Kenya (Private Practice)"}, "facility_type": {"name": "Medical Clinic"}, "plot_number": null, "operation_status": {"name": "Not-Operational"}, "number_of_beds": 0}, {"code": 11776, "location_desc": null, "official_name": "Ballore Africa logistic Staff Clinic", "owner": {"name": "Private Enterprise (Institution)"}, "keph_level": {"name": "Level 2"}, "ward": {"code": 4}, "number_of_cots": 0, "town": {"name": "mombasa"}, "name": "Ballore Africa Logistic Staff Clinic", "created": "2009-10-31T00:00:00+00:00", "regulatory_body": {"name": "Kenya MPDB - Institution"}, "facility_type": {"name": "Medical Clinic"}, "plot_number": null, "operation_status": {"name": "Operational"}, "number_of_beds": 0}, {"code": 12107, "location_desc": "Within Kalundu Market", "official_name": "Jamii Afya Clinic", "owner": {"name": "Private Enterprise (Institution)"}, "keph_level": {"name": "Level 2"}, "ward": {"code": 346}, "number_of_cots": 0, "town": {"name": "kitui"}, "name": "Jamii Afya Clinic", "created": "2009-10-31T00:00:00+00:00", "regulatory_body": {"name": "Clinical Officers Council"}, "facility_type": {"name": "Medical Clinic"}, "plot_number": "53", "operation_status": {"name": "Operational"}, "number_of_beds": 0}, {"code": 11791, "location_desc": null, "official_name": "Shree Cuteh Sat Sanf Swaminara", "owner": {"name": "Private Enterprise (Institution)"}, "keph_level": {"name": "Level 2"}, "ward": {"code": 30}, "number_of_cots": 0, "town": {"name": "mombasa"}, "name": "Shree Cuteh Sat Sanf Swaminara", "created": "2009-10-31T00:00:00+00:00", "regulatory_body": {"name": "Kenya MPDB - Institution"}, "facility_type": {"name": "Medical Clinic"}, "plot_number": null, "operation_status": {"name": "Operational"}, "number_of_beds": 0}, {"code": 11346, "location_desc": null, "official_name": "Dr Nahif Maamry Clinic", "owner": {"name": "Private Practice - Unspecified"}, "keph_level": {"name": "Level 2"}, "ward": {"code": 29}, "number_of_cots": 0, "town": {"name": "mombasa"}, "name": "Dr Nahif Maamry Clinic", "created": "2009-10-31T00:00:00+00:00", "regulatory_body": {"name": "Other"}, "facility_type": {"name": "Medical Clinic"}, "plot_number": null, "operation_status": {"name": "Operational"}, "number_of_beds": 0}, {"code": 11766, "location_desc": null, "official_name": "Salama Medical Clinic (Mombasa)", "owner": {"name": "Private Enterprise (Institution)"}, "keph_level": {"name": "Level 2"}, "ward": {"code": 16}, "number_of_cots": 0, "town": {"name": "mombasa"}, "name": "Salama Medical Clinic (Mombasa)", "created": "2009-10-31T00:00:00+00:00", "regulatory_body": {"name": "Kenya MPDB - Institution"}, "facility_type": {"name": "Medical Clinic"}, "plot_number": null, "operation_status": {"name": "Operational"}, "number_of_beds": 0}, {"code": 12367, "location_desc": "Township, mjini village", "official_name": "Kitui Quality Care", "owner": {"name": "Private Enterprise (Institution)"}, "keph_level": {"name": "Level 3"}, "ward": {"code": 355}, "number_of_cots": 0, "town": {"name": "kitui"}, "name": "Kitui Quality Care", "created": "2009-10-31T00:00:00+00:00", "regulatory_body": {"name": "Clinical Officers Council"}, "facility_type": {"name": "Nursing Home"}, "plot_number": "213", "operation_status": {"name": "Operational"}, "number_of_beds": 10}, {"code": 11388, "location_desc": "Along Gede- Watamu road Near Timboni ", "official_name": "Gede Medical Clinic", "owner": {"name": "Private Enterprise (Institution)"}, "keph_level": {"name": "Level 2"}, "ward": {"code": 54}, "number_of_cots": 0, "town": {"name": "malindi"}, "name": "Gede Medical Clinic", "created": "2009-10-31T00:00:00+00:00", "regulatory_body": {"name": "Clinical Officers Council"}, "facility_type": {"name": "Medical Clinic"}, "plot_number": "37", "operation_status": {"name": "Operational"}, "number_of_beds": 0}, {"code": 16533, "location_desc": "Along AbdulNassir Road near Tawakali Bus Booking Office", "official_name": "Beta Medical & Skin Clinic", "owner": {"name": "Private Enterprise (Institution)"}, "keph_level": {"name": "Level 2"}, "ward": {"code": 26}, "number_of_cots": 0, "town": {"name": "near tawakali bus booking office"}, "name": "Beta Medical & Skin Clinic", "created": "2009-10-31T00:00:00+00:00", "regulatory_body": {"name": "Kenya MPDB - Institution"}, "facility_type": {"name": "Medical Clinic"}, "plot_number": null, "operation_status": {"name": "Operational"}, "number_of_beds": 0}, {"code": 11921, "location_desc": null, "official_name": "Afya Njema Clinic", "owner": {"name": "Private Enterprise (Institution)"}, "keph_level": {"name": "Level 2"}, "ward": {"code": 394}, "number_of_cots": 0, "town": {"name": "mavoko"}, "name": "Afya Njema Clinic", "created": "2009-10-31T00:00:00+00:00", "regulatory_body": {"name": "Kenya MPDB - Institution"}, "facility_type": {"name": "Medical Clinic"}, "plot_number": null, "operation_status": {"name": "Operational"}, "number_of_beds": 0}, {"code": 11313, "location_desc": null, "official_name": "Dr Awimbo E. Clinic", "owner": {"name": "Private Practice - Unspecified"}, "keph_level": {"name": "Level 2"}, "ward": {"code": 29}, "number_of_cots": 0, "town": {"name": "mombasa"}, "name": "Dr Awimbo E Clinic", "created": "2009-10-31T00:00:00+00:00", "regulatory_body": {"name": "Other"}, "facility_type": {"name": "Medical Clinic"}, "plot_number": null, "operation_status": {"name": "Operational"}, "number_of_beds": 0}, {"code": 11696, "location_desc": "Near Kisumu ndogo Mosque", "official_name": "Mwawesa Medical Clinic", "owner": {"name": "Private Practice - Clinical Officer"}, "keph_level": {"name": "Level 2"}, "ward": {"code": 79}, "number_of_cots": 0, "town": {"name": "kisumu ndogo"}, "name": "Mwawesa Medical Clinic", "created": "2009-10-31T00:00:00+00:00", "regulatory_body": {"name": "Clinical Officers Council"}, "facility_type": {"name": "Medical Clinic"}, "plot_number": "305 kisumu ndogo", "operation_status": {"name": "Operational"}, "number_of_beds": 0}, {"code": 11364, "location_desc": "ALONG MALINDI-MUNICIPAL  ROAD", "official_name": "Egah Medical Clinic", "owner": {"name": "Private Practice - Clinical Officer"}, "keph_level": {"name": "Level 2"}, "ward": {"code": 79}, "number_of_cots": 0, "town": {"name": "malindi"}, "name": "Egah Medical Clinic", "created": "2009-10-31T00:00:00+00:00", "regulatory_body": {"name": "Clinical Officers Council"}, "facility_type": {"name": "Medical Clinic"}, "plot_number": null, "operation_status": {"name": "Operational"}, "number_of_beds": 0}, {"code": 11528, "location_desc": "Majengo Shopping Centre", "official_name": "Maamba Medical Clinic", "owner": {"name": "Private Enterprise (Institution)"}, "keph_level": {"name": "Level 2"}, "ward": {"code": 62}, "number_of_cots": 0, "town": {"name": "majengo"}, "name": "Maamba Medical Clinic", "created": "2009-10-31T00:00:00+00:00", "regulatory_body": {"name": "Nursing Council of Kenya (Private Practice)"}, "facility_type": {"name": "Medical Clinic"}, "plot_number": null, "operation_status": {"name": "Operational"}, "number_of_beds": 0}, {"code": 11535, "location_desc": "near Madunguni dispensary", "official_name": "Madunguni Medical Clinic", "owner": {"name": "Private Practice - Nurse / Midwife"}, "keph_level": {"name": "Level 2"}, "ward": {"code": 83}, "number_of_cots": 0, "town": {"name": "malindi"}, "name": "Madunguni Medical Clinic", "created": "2009-10-31T00:00:00+00:00", "regulatory_body": {"name": "Nursing Council of Kenya (Private Practice)"}, "facility_type": {"name": "Medical Clinic"}, "plot_number": null, "operation_status": {"name": "Not-Operational"}, "number_of_beds": 0}], "model": "facilities.Facility", "unique_fields": ["code"]}]