[{"records": [{"code": 11632, "location_desc": "Shella behind Old Market near Marereni Shop", "official_name": "David Kariuki Medical Centre", "owner": {"name": "Private Practice - Clinical Officer"}, "keph_level": {"name": "Level 2"}, "ward": {"code": 79}, "number_of_cots": 0, "town": {"name": "malindi old market,behind in kwa jiwa area near mlimawa"}, "name": "David Kariuki Medical Centre", "created": "2009-10-31T00:00:00+00:00", "regulatory_body": {"name": "Clinical Officers Council"}, "facility_type": {"name": "Medical Clinic"}, "plot_number": "1348", "operation_status": {"name": "Operational"}, "number_of_beds": 4}, {"code": 11674, "location_desc": null, "official_name": "Mudzo Medical Clinic", "owner": {"name": "Private Practice - Clinical Officer"}, "keph_level": {"name": "Level 2"}, "ward": {"code": 80}, "number_of_cots": 0, "town": {"name": "kisumu ndogo"}, "name": "Mudzo Medical Clinic", "created": "2009-10-31T00:00:00+00:00", "regulatory_body": {"name": "Nursing Council of Kenya (Private Practice)"}, "facility_type": {"name": "Medical Clinic"}, "plot_number": "n/a", "operation_status": {"name": "Not-Operational"}, "number_of_beds": 0}, {"code": 11314, "location_desc": "Along Jamhuri road(street)", "official_name": "Dr Benard M Oduol Clinic", "owner": {"name": "Private Practice - Unspecified"}, "keph_level": {"name": "Level 2"}, "ward": {"code": 79}, "number_of_cots": 0, "town": {"name": "malindi"}, "name": "Dr Bernad M Oduor Clinic", "created": "2009-10-31T00:00:00+00:00", "regulatory_body": {"name": "Kenya MPDB - Private Practice"}, "facility_type": {"name": "Medical Clinic"}, "plot_number": "1178-1179", "operation_status": {"name": "Operational"}, "number_of_beds": 0}, {"code": 11824, "location_desc": "Along  Casuarina Road ,Past Malindi District Hospital ", "official_name": "St Peter's Hospital", "owner": {"name": "Private Practice - Clinical Officer"}, "keph_level": {"name": "Level 3"}, "ward": {"code": 79}, "number_of_cots": 0, "town": {"name": "shella"}, "name": "St Peter's Hospital", "created": "2009-10-31T00:00:00+00:00", "regulatory_body": {"name": "Kenya MPDB - Private Practice"}, "facility_type": {"name": "Health Centre"}, "plot_number": "23491/1", "operation_status": {"name": "Operational"}, "number_of_beds": 4}, {"code": 12260, "location_desc": "Kavisuni Market", "official_name": "Kavisuni Health Care Clinic", "owner": {"name": "Private Enterprise (Institution)"}, "keph_level": {"name": "Level 2"}, "ward": {"code": 350}, "number_of_cots": 0, "town": {"name": "kavisuni"}, "name": "Kavisuni Health Care Clinic", "created": "2009-10-31T00:00:00+00:00", "regulatory_body": {"name": "Other"}, "facility_type": {"name": "Medical Clinic"}, "plot_number": null, "operation_status": {"name": "Operational"}, "number_of_beds": 0}, {"code": 12773, "location_desc": null, "official_name": "Tereza D'Lima Dispensary", "owner": {"name": "Private Enterprise (Institution)"}, "keph_level": {"name": "Level 2"}, "ward": {"code": 394}, "number_of_cots": 0, "town": {"name": "makutano-kyumbi"}, "name": "Tereza D'Lima Dispensary", "created": "2009-10-31T00:00:00+00:00", "regulatory_body": {"name": "Kenya MPDB - Institution"}, "facility_type": {"name": "Medical Clinic"}, "plot_number": null, "operation_status": {"name": "Operational"}, "number_of_beds": 0}, {"code": 16541, "location_desc": null, "official_name": "Kuze Health Care", "owner": {"name": "Private Enterprise (Institution)"}, "keph_level": {"name": "Level 2"}, "ward": {"code": 26}, "number_of_cots": 0, "town": {"name": "mombasa"}, "name": "Kuze Health Care", "created": "2009-10-31T00:00:00+00:00", "regulatory_body": {"name": "Kenya MPDB - Institution"}, "facility_type": {"name": "Medical Clinic"}, "plot_number": null, "operation_status": {"name": "Operational"}, "number_of_beds": 0}, {"code": 16553, "location_desc": "Behind Arusha Building", "official_name": "Ukunda Primary Health Care Dispensary", "owner": {"name": "Private Enterprise (Institution)"}, "keph_level": {"name": "Level 2"}, "ward": {"code": 31}, "number_of_cots": 0, "town": {"name": "ukunda"}, "name": "Ukunda Primary Health Care Dispensary", "created": "2009-10-31T00:00:00+00:00", "regulatory_body": {"name": "Nursing Council of Kenya (Private Practice)"}, "facility_type": {"name": "Medical Clinic"}, "plot_number": null, "operation_status": {"name": "Operational"}, "number_of_beds": 0}, {"code": 11935, "location_desc": null, "official_name": "Athi River Community Hospital", "owner": {"name": "Private Enterprise (Institution)"}, "keph_level": {"name": "Level 2"}, "ward": {"code": 394}, "number_of_cots": 0, "town": {"name": "makadara"}, "name": "Athi River Community Hospital", "created": "2009-10-31T00:00:00+00:00", "regulatory_body": {"name": "Kenya MPDB - Institution"}, "facility_type": {"name": "Medical Clinic"}, "plot_number": null, "operation_status": {"name": "Operational"}, "number_of_beds": 10}, {"code": 11719, "location_desc": "Near Mtwapa Health Centre", "official_name": "Nuru Health Care Centre", "owner": {"name": "Private Enterprise (Institution)"}, "keph_level": {"name": "Level 2"}, "ward": {"code": 60}, "number_of_cots": 0, "town": {"name": "mtwapa"}, "name": "Nuru Health Care Centre", "created": "2009-10-31T00:00:00+00:00", "regulatory_body": {"name": "Nursing Council of Kenya (Private Practice)"}, "facility_type": {"name": "Medical Clinic"}, "plot_number": null, "operation_status": {"name": "Operational"}, "number_of_beds": 0}, {"code": 11428, "location_desc": "Next to miritini vehicle inspection centre", "official_name": "New Jamin Medical Clinic", "owner": {"name": "Private Enterprise (Institution)"}, "keph_level": {"name": "Level 2"}, "ward": {"code": 6}, "number_of_cots": 0, "town": {"name": "mombasa"}, "name": "New Jamin Medical Clinic", "created": "2009-10-31T00:00:00+00:00", "regulatory_body": {"name": "Nursing Council of Kenya (Private Practice)"}, "facility_type": {"name": "Medical Clinic"}, "plot_number": "526", "operation_status": {"name": "Operational"}, "number_of_beds": 0}, {"code": 12474, "location_desc": null, "official_name": "Mary Goretti Health Services", "owner": {"name": "Private Enterprise (Institution)"}, "keph_level": {"name": "Level 2"}, "ward": {"code": 397}, "number_of_cots": 0, "town": {"name": "mlolongo"}, "name": "Mary Goretti Health Services", "created": "2009-10-31T00:00:00+00:00", "regulatory_body": {"name": "Kenya MPDB - Institution"}, "facility_type": {"name": "Medical Clinic"}, "plot_number": null, "operation_status": {"name": "Operational"}, "number_of_beds": 1}, {"code": 11870, "location_desc": "Along Malindi Tsavo road Opposite Kakoneni dispensary road", "official_name": "Upendo Health Centre", "owner": {"name": "Private Enterprise (Institution)"}, "keph_level": {"name": "Level 2"}, "ward": {"code": 75}, "number_of_cots": 0, "town": {"name": "malindi"}, "name": "Upendo Health Care Clinic", "created": "2009-10-31T00:00:00+00:00", "regulatory_body": {"name": "Nursing Council of Kenya (Private Practice)"}, "facility_type": {"name": "Medical Clinic"}, "plot_number": null, "operation_status": {"name": "Operational"}, "number_of_beds": 0}, {"code": 12450, "location_desc": null, "official_name": "Makadara Health Care", "owner": {"name": "Private Enterprise (Institution)"}, "keph_level": {"name": "Level 2"}, "ward": {"code": 394}, "number_of_cots": 0, "town": {"name": "athi river"}, "name": "Makadara Health Care", "created": "2009-10-31T00:00:00+00:00", "regulatory_body": {"name": "Kenya MPDB - Institution"}, "facility_type": {"name": "Medical Clinic"}, "plot_number": null, "operation_status": {"name": "Operational"}, "number_of_beds": 15}, {"code": 11721, "location_desc": "Along Links road opposite Kigocho's Hotel", "official_name": "AAR Nyali Health Care", "owner": {"name": "Private Enterprise (Institution)"}, "keph_level": {"name": "Level 2"}, "ward": {"code": 17}, "number_of_cots": 0, "town": {"name": "nakumatt nyali"}, "name": "AAR Nyali Health Care", "created": "2009-10-31T00:00:00+00:00", "regulatory_body": {"name": "Kenya MPDB - Institution"}, "facility_type": {"name": "Dispensary"}, "plot_number": "mn/1/152", "operation_status": {"name": "Operational"}, "number_of_beds": 0}, {"code": 12408, "location_desc": "Within Kwamwaura Market", "official_name": "Kyanzavi Medical Clinic", "owner": {"name": "Private Enterprise (Institution)"}, "keph_level": {"name": "Level 2"}, "ward": {"code": 386}, "number_of_cots": 0, "town": {"name": "kwamwaura"}, "name": "Kyanzavi Medical Clinic", "created": "2009-10-31T00:00:00+00:00", "regulatory_body": {"name": "Kenya MPDB - Institution"}, "facility_type": {"name": "Medical Clinic"}, "plot_number": null, "operation_status": {"name": "Operational"}, "number_of_beds": 0}, {"code": 11825, "location_desc": "Opposite Kichinjioni", "official_name": "St Terezia Medical Clinic", "owner": {"name": "Private Enterprise (Institution)"}, "keph_level": {"name": "Level 2"}, "ward": {"code": 80}, "number_of_cots": 0, "town": {"name": "malindi"}, "name": "St Terezia Medical Clinic", "created": "2009-10-31T00:00:00+00:00", "regulatory_body": {"name": "Kenya MPDB - Institution"}, "facility_type": {"name": "Medical Clinic"}, "plot_number": null, "operation_status": {"name": "Not-Operational"}, "number_of_beds": 0}, {"code": 11626, "location_desc": "From Leisure stage, side of Kisauni academy, follow road through gate on your right, turn left, Precious Twins Primary school, ask for Mjeni Medical clinic", "official_name": "Mjeni Medical Clinic", "owner": {"name": "Private Enterprise (Institution)"}, "keph_level": {"name": "Level 2"}, "ward": {"code": 19}, "number_of_cots": 0, "town": {"name": "near precious twins primary school - mombasa"}, "name": "Mjeni Medical Clinic", "created": "2009-10-31T00:00:00+00:00", "regulatory_body": {"name": "Nursing Council of Kenya (Private Practice)"}, "facility_type": {"name": "Medical Clinic"}, "plot_number": "174/mn", "operation_status": {"name": "Operational"}, "number_of_beds": 0}, {"code": 16524, "location_desc": "Near saba saba Mosque.", "official_name": "Sacred Heart Medical Clinic", "owner": {"name": "Private Practice - Clinical Officer"}, "keph_level": {"name": "Level 2"}, "ward": {"code": 80}, "number_of_cots": 0, "town": {"name": "malindi"}, "name": "Sacred Heart Medical Clinic", "created": "2009-10-31T00:00:00+00:00", "regulatory_body": {"name": "Clinical Officers Council"}, "facility_type": {"name": "Medical Clinic"}, "plot_number": null, "operation_status": {"name": "Operational"}, "number_of_beds": 0}, {"code": 16442, "location_desc": "Old Malindi road near Mtopanga post office", "official_name": "Genesis Medicare", "owner": {"name": "Private Practice - Nurse / Midwife"}, "keph_level": {"name": "Level 2"}, "ward": {"code": 20}, "number_of_cots": 0, "town": {"name": "mombasa"}, "name": "Genesis Medicare", "created": "2009-10-31T00:00:00+00:00", "regulatory_body": {"name": "Kenya MPDB - Institution"}, "facility_type": {"name": "Medical Clinic"}, "plot_number": "842/mn", "operation_status": {"name": "Operational"}, "number_of_beds": 0}, {"code": 11807, "location_desc": "Swaleh Nguru road near Simba Colt motors (Mitsubishi Motors)", "official_name": "Sparki Health Services", "owner": {"name": "Private Enterprise (Institution)"}, "keph_level": {"name": "Level 2"}, "ward": {"code": 27}, "number_of_cots": 0, "town": {"name": "mombasa"}, "name": "Sparki Health Services", "created": "2009-10-31T00:00:00+00:00", "regulatory_body": {"name": "Kenya MPDB - Institution"}, "facility_type": {"name": "Medical Clinic"}, "plot_number": null, "operation_status": {"name": "Operational"}, "number_of_beds": 0}, {"code": 10383, "location_desc": null, "official_name": "Joy Town Clinic", "owner": {"name": "Private Practice - Unspecified"}, "keph_level": {"name": "Level 2"}, "ward": {"code": 566}, "number_of_cots": 0, "name": "Joy Town Clinic", "created": "2009-10-31T00:00:00+00:00", "regulatory_body": {"name": "Other"}, "facility_type": {"name": "Medical Clinic"}, "plot_number": null, "operation_status": {"name": "Operational"}, "number_of_beds": 0}, {"code": 11424, "location_desc": "Near   H.G.M.   Primary  Kisumu   Ndogo", "official_name": "Jambo Clinic", "owner": {"name": "Private Practice - Clinical Officer"}, "keph_level": {"name": "Level 2"}, "ward": {"code": 78}, "number_of_cots": 0, "town": {"name": "malindi"}, "name": "Jambo Clinic", "created": "2009-10-31T00:00:00+00:00", "regulatory_body": {"name": "Clinical Officers Council"}, "facility_type": {"name": "Medical Clinic"}, "plot_number": "305  kisumu ndogo", "operation_status": {"name": "Operational"}, "number_of_beds": 0}, {"code": 11425, "location_desc": null, "official_name": "Jambo Medical Clinic", "owner": {"name": "Private Enterprise (Institution)"}, "keph_level": {"name": "Level 3"}, "ward": {"code": 19}, "number_of_cots": 0, "town": {"name": "mombasa"}, "name": "Jambo Medical Clinic", "created": "2009-10-31T00:00:00+00:00", "regulatory_body": {"name": "Kenya MPDB - Institution"}, "facility_type": {"name": "Medical Clinic"}, "plot_number": "841 m/n", "operation_status": {"name": "Operational"}, "number_of_beds": 10}, {"code": 11816, "location_desc": "Chaani migadini road near junction to new road", "official_name": "St Hillarias Medical Clinic", "owner": {"name": "Private Enterprise (Institution)"}, "keph_level": {"name": "Level 2"}, "ward": {"code": 5}, "number_of_cots": 2, "town": {"name": "mombasa"}, "name": "St Hillarias Medical Clinic", "created": "2009-10-31T00:00:00+00:00", "regulatory_body": {"name": "Kenya MPDB - Institution"}, "facility_type": {"name": "Medical Clinic"}, "plot_number": "1/115-chaani-migadini rd", "operation_status": {"name": "Operational"}, "number_of_beds": 4}, {"code": 11858, "location_desc": "Migadini mwisho wa matatu", "official_name": "Trinity Medical Clinic (Kilindini)", "owner": {"name": "Private Enterprise (Institution)"}, "keph_level": {"name": "Level 2"}, "ward": {"code": 5}, "number_of_cots": 0, "town": {"name": "mombasa"}, "name": "Trinity Medical Clinic (Kilindini)", "created": "2009-10-31T00:00:00+00:00", "regulatory_body": {"name": "Kenya MPDB - Institution"}, "facility_type": {"name": "Medical Clinic"}, "plot_number": "6/35", "operation_status": {"name": "Operational"}, "number_of_beds": 0}, {"code": 16551, "location_desc": "Mombasa -Lungalunga RD", "official_name": "Tawakal Medical Clinic (Msambweni)", "owner": {"name": "Private Enterprise (Institution)"}, "keph_level": {"name": "Level 2"}, "ward": {"code": 34}, "number_of_cots": 0, "town": {"name": "msambweni"}, "name": "Tawakal Medical Clinic (Msambweni)", "created": "2009-10-31T00:00:00+00:00", "regulatory_body": {"name": "Nursing Council of Kenya (Private Practice)"}, "facility_type": {"name": "Medical Clinic"}, "plot_number": null, "operation_status": {"name": "Operational"}, "number_of_beds": 0}, {"code": 16534, "location_desc": "Within Bombolulu Workshop, Mombasa", "official_name": "Bombolulu Staff Clinic", "owner": {"name": "Private Enterprise (Institution)"}, "keph_level": {"name": "Level 2"}, "ward": {"code": 20}, "number_of_cots": 0, "town": {"name": "mombasa"}, "name": "Bombolulu Staff Clinic", "created": "2009-10-31T00:00:00+00:00", "regulatory_body": {"name": "Kenya MPDB - Institution"}, "facility_type": {"name": "Medical Clinic"}, "plot_number": null, "operation_status": {"name": "Operational"}, "number_of_beds": 0}, {"code": 11414, "location_desc": null, "official_name": "Hope Medical Clinic (Kilindini)", "owner": {"name": "Private Enterprise (Institution)"}, "keph_level": {"name": "Level 2"}, "ward": {"code": 6}, "number_of_cots": 0, "town": {"name": "mombasa"}, "name": "Hope Medical Clinic (Kilindini)", "created": "2009-10-31T00:00:00+00:00", "regulatory_body": {"name": "Kenya MPDB - Institution"}, "facility_type": {"name": "Medical Clinic"}, "plot_number": null, "operation_status": {"name": "Operational"}, "number_of_beds": 0}, {"code": 12243, "location_desc": null, "official_name": "Katse Medical Clinic", "owner": {"name": "Private Enterprise (Institution)"}, "keph_level": {"name": "Level 2"}, "ward": {"code": 333}, "number_of_cots": 0, "town": {"name": "kamuwongo"}, "name": "Katse Medical Clinic", "created": "2009-10-31T00:00:00+00:00", "regulatory_body": {"name": "Kenya MPDB - Institution"}, "facility_type": {"name": "Medical Clinic"}, "plot_number": null, "operation_status": {"name": "Operational"}, "number_of_beds": 0}, {"code": 12067, "location_desc": "Along Chuka Meru road in Kionyo market", "official_name": "Ichomba Clinic", "owner": {"name": "Private Practice - Nurse / Midwife"}, "keph_level": {"name": "Level 2"}, "ward": {"code": 294}, "number_of_cots": 0, "town": {"name": "kanyakine mkt"}, "name": "Ichomba Clinic", "created": "2009-10-31T00:00:00+00:00", "regulatory_body": {"name": "Nursing Council of Kenya (Private Practice)"}, "facility_type": {"name": "Medical Clinic"}, "plot_number": "48 'a' kionyo mkt", "operation_status": {"name": "Operational"}, "number_of_beds": 0}, {"code": 13553, "location_desc": null, "official_name": "Family Saver Clinic", "owner": {"name": "Private Enterprise (Institution)"}, "keph_level": {"name": "Level 2"}, "ward": {"code": 1361}, "number_of_cots": 0, "town": {"name": "ekerenyo"}, "name": "Family Saver Clinic", "created": "2009-10-31T00:00:00+00:00", "regulatory_body": {"name": "Kenya MPDB - Institution"}, "facility_type": {"name": "Medical Clinic"}, "plot_number": null, "operation_status": {"name": "Operational"}, "number_of_beds": 3}, {"code": 12624, "location_desc": null, "official_name": "Mwendwa Clinic", "owner": {"name": "Private Enterprise (Institution)"}, "keph_level": {"name": "Level 2"}, "ward": {"code": 268}, "number_of_cots": 0, "town": {"name": "kianjai"}, "name": "Mwendwa Clinic", "created": "2009-10-31T00:00:00+00:00", "regulatory_body": {"name": "Kenya MPDB - Institution"}, "facility_type": {"name": "Medical Clinic"}, "plot_number": null, "operation_status": {"name": "Operational"}, "number_of_beds": 0}, {"code": 12471, "location_desc": null, "official_name": "Marie Stopes Clinic (Imenti North)", "owner": {"name": "Non-Governmental Organizations"}, "keph_level": {"name": "Level 2"}, "ward": {"code": 276}, "number_of_cots": 0, "town": {"name": "meru"}, "name": "Marie Stopes Clinic (Imenti North)", "created": "2009-10-31T00:00:00+00:00", "regulatory_body": {"name": "Other"}, "facility_type": {"name": "Dispensary"}, "plot_number": null, "operation_status": {"name": "Operational"}, "number_of_beds": 0}, {"code": 12714, "location_desc": null, "official_name": "Rolex Medical Clinic", "owner": {"name": "Private Enterprise (Institution)"}, "keph_level": {"name": "Level 2"}, "ward": {"code": 254}, "number_of_cots": 0, "town": {"name": "athi mkt"}, "name": "Rolex Medical Clinic", "created": "2009-10-31T00:00:00+00:00", "regulatory_body": {"name": "Kenya MPDB - Institution"}, "facility_type": {"name": "Medical Clinic"}, "plot_number": "994", "operation_status": {"name": "Operational"}, "number_of_beds": 0}, {"code": 14132, "location_desc": null, "official_name": "Sulwe Clinic", "owner": {"name": "Private Enterprise (Institution)"}, "keph_level": {"name": "Level 2"}, "ward": {"code": 1222}, "number_of_cots": 0, "town": {"name": "oyugis town"}, "name": "Sulwe Clinic", "created": "2009-10-31T00:00:00+00:00", "regulatory_body": {"name": "Kenya MPDB - Institution"}, "facility_type": {"name": "Medical Clinic"}, "plot_number": null, "operation_status": {"name": "Not-Operational"}, "number_of_beds": 0}, {"code": 10237, "location_desc": null, "official_name": "Gaturi Medical Clinic", "owner": {"name": "Private Enterprise (Institution)"}, "keph_level": {"name": "Level 2"}, "ward": {"code": 527}, "number_of_cots": 0, "town": {"name": "muranga"}, "name": "Gaturi Medical Clinic", "created": "2009-10-31T00:00:00+00:00", "regulatory_body": {"name": "Kenya MPDB - Institution"}, "facility_type": {"name": "Medical Clinic"}, "plot_number": null, "operation_status": {"name": "Operational"}, "number_of_beds": 0}, {"code": 16257, "location_desc": null, "official_name": "Ogembo Medical Clinic", "owner": {"name": "Private Practice - Clinical Officer"}, "keph_level": {"name": "Level 2"}, "ward": {"code": 1324}, "number_of_cots": 0, "town": {"name": "ogembo"}, "name": "Ogembo Medical Clinic", "created": "2009-10-31T00:00:00+00:00", "regulatory_body": {"name": "Ministry of Health"}, "facility_type": {"name": "Medical Clinic"}, "plot_number": null, "operation_status": {"name": "Operational"}, "number_of_beds": 0}, {"code": 11030, "location_desc": "Next to Kamirithu catholic church, off the Nairobi, Nakuru highway, Limuru", "official_name": "St. Charles LwangaDispensary", "owner": {"name": "Kenya Episcopal Conference-Catholic Secretariat"}, "keph_level": {"name": "Level 2"}, "ward": {"code": 602}, "number_of_cots": 0, "town": {"name": "limuru"}, "name": "St Charles Lwanga Dispensary", "created": "2009-10-31T00:00:00+00:00", "regulatory_body": {"name": "Other"}, "facility_type": {"name": "Dispensary"}, "plot_number": "9/121,limuru", "operation_status": {"name": "Operational"}, "number_of_beds": 0}, {"code": 10006, "location_desc": "Way to D'Cs Office A few Metres turn to your left Web Building", "official_name": "Afya Link Ngurubani Clinic", "owner": {"name": "Private Enterprise (Institution)"}, "keph_level": {"name": "Level 2"}, "ward": {"code": 503}, "number_of_cots": 0, "town": {"name": "ngurubani"}, "name": "Afya Link Ngurubani Clinic", "created": "2009-10-31T00:00:00+00:00", "regulatory_body": {"name": "Clinical Officers Council"}, "facility_type": {"name": "Medical Clinic"}, "plot_number": "55", "operation_status": {"name": "Operational"}, "number_of_beds": 0}, {"code": 16411, "location_desc": "Kianjoya trading centre.", "official_name": "Afya Bora Medical Clinic", "owner": {"name": "Private Enterprise (Institution)"}, "keph_level": {"name": "Level 2"}, "ward": {"code": 870}, "number_of_cots": 0, "town": {"name": "kianjoya"}, "name": "Afya Bora Medical Clinic", "created": "2009-10-31T00:00:00+00:00", "regulatory_body": {"name": "Kenya MPDB - Institution"}, "facility_type": {"name": "Medical Clinic"}, "plot_number": "32 kiambogo", "operation_status": {"name": "Operational"}, "number_of_beds": 0}, {"code": 14065, "location_desc": null, "official_name": "Samora Clinic", "owner": {"name": "Private Enterprise (Institution)"}, "keph_level": {"name": "Level 2"}, "ward": {"code": 1357}, "number_of_cots": 0, "town": {"name": "ekerenyo"}, "name": "Samora Clinic", "created": "2009-10-31T00:00:00+00:00", "regulatory_body": {"name": "Kenya MPDB - Institution"}, "facility_type": {"name": "Medical Clinic"}, "plot_number": null, "operation_status": {"name": "Operational"}, "number_of_beds": 0}, {"code": 13661, "location_desc": null, "official_name": "Kegati Medical Clinic", "owner": {"name": "Private Enterprise (Institution)"}, "keph_level": {"name": "Level 2"}, "ward": {"code": 1331}, "number_of_cots": 0, "town": {"name": "kegati"}, "name": "Kegati Medical Clinic", "created": "2009-10-31T00:00:00+00:00", "regulatory_body": {"name": "Kenya MPDB - Institution"}, "facility_type": {"name": "Medical Clinic"}, "plot_number": null, "operation_status": {"name": "Operational"}, "number_of_beds": 0}, {"code": 16307, "location_desc": null, "official_name": "Drugmart Medical Clinic", "owner": {"name": "Private Enterprise (Institution)"}, "keph_level": {"name": "Level 2"}, "ward": {"code": 215}, "number_of_cots": 0, "town": {"name": "mandera"}, "name": "Drugmart Medical Clinic", "created": "2009-10-31T00:00:00+00:00", "regulatory_body": {"name": "Kenya MPDB - Institution"}, "facility_type": {"name": "Medical Clinic"}, "plot_number": null, "operation_status": {"name": "Operational"}, "number_of_beds": 0}, {"code": 12481, "location_desc": "Tunyai Kithino road", "official_name": "Materi Girls Dispensary", "owner": {"name": "Other Faith Based"}, "keph_level": {"name": "Level 2"}, "ward": {"code": 309}, "number_of_cots": 0, "town": {"name": "tunyai"}, "name": "Materi Girls Dispensary", "created": "2009-10-31T00:00:00+00:00", "regulatory_body": {"name": "Kenya MPDB - Institution"}, "facility_type": {"name": "Dispensary"}, "plot_number": null, "operation_status": {"name": "Operational"}, "number_of_beds": 0}, {"code": 14108, "location_desc": null, "official_name": "St Hellens Clinic", "owner": {"name": "Kenya Episcopal Conference-Catholic Secretariat"}, "keph_level": {"name": "Level 2"}, "ward": {"code": 1288}, "number_of_cots": 0, "town": {"name": "muhuru bay"}, "name": "St Hellens Clinic", "created": "2009-10-31T00:00:00+00:00", "regulatory_body": {"name": "Kenya MPDB - Institution"}, "facility_type": {"name": "Dispensary"}, "plot_number": null, "operation_status": {"name": "Operational"}, "number_of_beds": 12}, {"code": 11031, "location_desc": "Olkalou-Engineer rd at Rironi market", "official_name": "St David  Medical Clinic", "owner": {"name": "Private Enterprise (Institution)"}, "keph_level": {"name": "Level 2"}, "ward": {"code": 449}, "number_of_cots": 0, "town": {"name": "rironi"}, "name": "St David Medical Clinic", "created": "2009-10-31T00:00:00+00:00", "regulatory_body": {"name": "Nursing Council of Kenya (Private Practice)"}, "facility_type": {"name": "Medical Clinic"}, "plot_number": null, "operation_status": {"name": "Operational"}, "number_of_beds": 0}, {"code": 12917, "location_desc": "Near co-op Bank Kayole Branch", "official_name": "DIWOPA Health Centre", "owner": {"name": "Kenya Episcopal Conference-Catholic Secretariat"}, "keph_level": {"name": "Level 3"}, "ward": {"code": 1417}, "number_of_cots": 2, "town": {"name": "nairobi"}, "name": "Diwopa Health Centre", "created": "2009-10-31T00:00:00+00:00", "regulatory_body": {"name": "Kenya MPDB - Institution"}, "facility_type": {"name": "Health Centre"}, "plot_number": "b6-3592", "operation_status": {"name": "Operational"}, "number_of_beds": 32}, {"code": 13792, "location_desc": null, "official_name": "Matongo Medical Clinic", "owner": {"name": "Private Enterprise (Institution)"}, "keph_level": {"name": "Level 2"}, "ward": {"code": 1301}, "number_of_cots": 0, "town": {"name": "matongo mkt"}, "name": "Matongo Medical Clinic", "created": "2009-10-31T00:00:00+00:00", "regulatory_body": {"name": "Kenya MPDB - Institution"}, "facility_type": {"name": "Medical Clinic"}, "plot_number": null, "operation_status": {"name": "Operational"}, "number_of_beds": 0}, {"code": 12629, "location_desc": "within Chuka town", "official_name": "Mwonge Clinic", "owner": {"name": "Private Enterprise (Institution)"}, "keph_level": {"name": "Level 2"}, "ward": {"code": 304}, "number_of_cots": 0, "town": {"name": "chuka town"}, "name": "Mwonge Clinic", "created": "2009-10-31T00:00:00+00:00", "regulatory_body": {"name": "Kenya MPDB - Institution"}, "facility_type": {"name": "Medical Clinic"}, "plot_number": null, "operation_status": {"name": "Operational"}, "number_of_beds": 0}, {"code": 12614, "location_desc": null, "official_name": "Muutine Med Clinic", "owner": {"name": "Private Enterprise (Institution)"}, "keph_level": {"name": "Level 2"}, "ward": {"code": 259}, "number_of_cots": 0, "town": {"name": "muutine mkt"}, "name": "Muutine Med Clinic", "created": "2009-10-31T00:00:00+00:00", "regulatory_body": {"name": "Kenya MPDB - Institution"}, "facility_type": {"name": "Medical Clinic"}, "plot_number": null, "operation_status": {"name": "Operational"}, "number_of_beds": 0}, {"code": 13081, "location_desc": "Off Jogoo Road Lower Road Maseno Road", "official_name": "Mbotela Clinic", "owner": {"name": "Local Authority"}, "keph_level": {"name": "Level 2"}, "ward": {"code": 1431}, "number_of_cots": 0, "town": {"name": "uhuru market"}, "name": "Mbotela Clinic", "created": "2009-10-31T00:00:00+00:00", "regulatory_body": {"name": "Ministry of Health"}, "facility_type": {"name": "Medical Clinic"}, "plot_number": null, "operation_status": {"name": "Operational"}, "number_of_beds": 0}, {"code": 14396, "location_desc": "Mwiso Walami Trading Centre.", "official_name": "Consolata Clinic", "owner": {"name": "Other Faith Based"}, "keph_level": {"name": "Level 2"}, "ward": {"code": 830}, "number_of_cots": 0, "town": {"name": "mau-narok"}, "name": "Consolata Clinic", "created": "2009-10-31T00:00:00+00:00", "regulatory_body": {"name": "Kenya MPDB - Institution"}, "facility_type": {"name": "Dispensary"}, "plot_number": null, "operation_status": {"name": "Operational"}, "number_of_beds": 0}, {"code": 13184, "location_desc": "200mtrs from St Joseph Catholic Church", "official_name": "Shauri Moyo Clinic", "owner": {"name": "Local Authority"}, "keph_level": {"name": "Level 2"}, "ward": {"code": 1434}, "number_of_cots": 0, "town": {"name": "burma market"}, "name": "Shauri Moyo Clinic", "created": "2009-10-31T00:00:00+00:00", "regulatory_body": {"name": "Other"}, "facility_type": {"name": "Medical Clinic"}, "plot_number": null, "operation_status": {"name": "Operational"}, "number_of_beds": 0}, {"code": 12811, "location_desc": null, "official_name": "Tunawanjali Clinic", "owner": {"name": "Christian Health Association of Kenya"}, "keph_level": {"name": "Level 2"}, "ward": {"code": 395}, "number_of_cots": 0, "town": {"name": "makutano-kyumbi"}, "name": "Tunawanjali Clinic", "created": "2009-10-31T00:00:00+00:00", "regulatory_body": {"name": "Kenya MPDB - Institution"}, "facility_type": {"name": "Dispensary"}, "plot_number": null, "operation_status": {"name": "Not-Operational"}, "number_of_beds": 0}, {"code": 16662, "location_desc": null, "official_name": "Liverpool VCT (Kisumu East)", "owner": {"name": "Non-Governmental Organizations"}, "keph_level": {"name": "Level 2"}, "ward": {"code": 1198}, "number_of_cots": 0, "town": {"name": "kisumu"}, "name": "Liverpool VCT (Kisumu East)", "created": "2009-10-31T00:00:00+00:00", "regulatory_body": {"name": "Other"}, "facility_type": {"name": "Medical Clinic"}, "plot_number": null, "operation_status": {"name": "Operational"}, "number_of_beds": 0}, {"code": 12899, "location_desc": null, "official_name": "Crescent Medical Aid Murang'a Road", "owner": {"name": "Non-Governmental Organizations"}, "keph_level": {"name": "Level 2"}, "ward": {"code": 1439}, "number_of_cots": 0, "town": {"name": "nairobi"}, "name": "Crescent Medical Aid Murang'a Road", "created": "2009-10-31T00:00:00+00:00", "regulatory_body": {"name": "Kenya MPDB - Institution"}, "facility_type": {"name": "Medical Clinic"}, "plot_number": "lr209/2552", "operation_status": {"name": "Operational"}, "number_of_beds": 0}, {"code": 12982, "location_desc": "Dunga Road Opposite The Mater Hospitial", "official_name": "Mary Immaculate Clinic Mukuru", "owner": {"name": "Other Faith Based"}, "keph_level": {"name": "Level 2"}, "ward": {"code": 1383}, "number_of_cots": 0, "town": {"name": "south b shopping centre"}, "name": "Mary Immaculate Clinic Mukuru", "created": "2009-10-31T00:00:00+00:00", "regulatory_body": {"name": "Kenya MPDB - Institution"}, "facility_type": {"name": "Medical Clinic"}, "plot_number": null, "operation_status": {"name": "Operational"}, "number_of_beds": 0}, {"code": 13774, "location_desc": null, "official_name": "Marie Stopes Clinic (Kisii)", "owner": {"name": "Non-Governmental Organizations"}, "keph_level": {"name": "Level 2"}, "ward": {"code": 1332}, "number_of_cots": 0, "town": {"name": "kisii municipal mkt"}, "name": "Marie Stopes Clinic (Kisii)", "created": "2009-10-31T00:00:00+00:00", "regulatory_body": {"name": "Other"}, "facility_type": {"name": "Dispensary"}, "plot_number": null, "operation_status": {"name": "Operational"}, "number_of_beds": 0}, {"code": 10246, "location_desc": null, "official_name": "Giachuki Medical Clinic", "owner": {"name": "Private Practice - Unspecified"}, "keph_level": {"name": "Level 3"}, "ward": {"code": 550}, "number_of_cots": 0, "name": "Giachuki Medical Clinic", "created": "2009-10-31T00:00:00+00:00", "regulatory_body": {"name": "Other"}, "facility_type": {"name": "Medical Clinic"}, "plot_number": null, "operation_status": {"name": "Not-Operational"}, "number_of_beds": 0}, {"code": 12224, "location_desc": null, "official_name": "Kathangariri (ACK) Clinic", "owner": {"name": "Christian Health Association of Kenya"}, "keph_level": {"name": "Level 2"}, "ward": {"code": 313}, "number_of_cots": 0, "town": {"name": "embu"}, "name": "Kathangariri (ACK) Clinic", "created": "2009-10-31T00:00:00+00:00", "regulatory_body": {"name": "Kenya MPDB - Institution"}, "facility_type": {"name": "Dispensary"}, "plot_number": "leased", "operation_status": {"name": "Operational"}, "number_of_beds": 0}, {"code": 12904, "location_desc": "Off Jogoo Road Likoni Road Near House Of Maji Junction Then Join Lungalunga Road", "official_name": "Coptic Medical Clinic", "owner": {"name": "Christian Health Association of Kenya"}, "keph_level": {"name": "Level 2"}, "ward": {"code": 1431}, "number_of_cots": 0, "town": {"name": "donholm"}, "name": "Coptic Medical Clinic", "created": "2009-10-31T00:00:00+00:00", "regulatory_body": {"name": "Kenya MPDB - Institution"}, "facility_type": {"name": "Medical Clinic"}, "plot_number": "209/3877,industial area", "operation_status": {"name": "Operational"}, "number_of_beds": 0}, {"code": 11779, "location_desc": null, "official_name": "Senior Staff Medical Clinic (MCM)", "owner": {"name": "Local Authority"}, "keph_level": {"name": "Level 2"}, "ward": {"code": 26}, "number_of_cots": 0, "town": {"name": "mombasa"}, "name": "Senior Staff Medical Clinic (MCM)", "created": "2009-10-31T00:00:00+00:00", "regulatory_body": {"name": "Other"}, "facility_type": {"name": "Dispensary"}, "plot_number": null, "operation_status": {"name": "Operational"}, "number_of_beds": 0}, {"code": 11446, "location_desc": null, "official_name": "Kaderboy Medical Clinic (Old Town)", "owner": {"name": "Local Authority"}, "keph_level": {"name": "Level 2"}, "ward": {"code": 26}, "number_of_cots": 0, "town": {"name": "mombasa"}, "name": "Kaderboy Medical Clinic (Old Town)", "created": "2009-10-31T00:00:00+00:00", "regulatory_body": {"name": "Other"}, "facility_type": {"name": "Dispensary"}, "plot_number": null, "operation_status": {"name": "Operational"}, "number_of_beds": 0}, {"code": 10433, "location_desc": null, "official_name": "Kairo Medical Clinic", "owner": {"name": "Private Enterprise (Institution)"}, "keph_level": {"name": "Level 2"}, "ward": {"code": 520}, "number_of_cots": 0, "town": {"name": "kiriaini"}, "name": "Kairo Medical Clinic", "created": "2009-10-31T00:00:00+00:00", "regulatory_body": {"name": "Kenya MPDB - Institution"}, "facility_type": {"name": "Medical Clinic"}, "plot_number": null, "operation_status": {"name": "Operational"}, "number_of_beds": 0}, {"code": 14127, "location_desc": null, "official_name": "St Vincent Clinic (Kisumu East)", "owner": {"name": "Private Enterprise (Institution)"}, "keph_level": {"name": "Level 2"}, "ward": {"code": 1196}, "number_of_cots": 0, "town": {"name": "kisumu"}, "name": "St Vincent Clinic (Kisumu East)", "created": "2009-10-31T00:00:00+00:00", "regulatory_body": {"name": "Kenya MPDB - Institution"}, "facility_type": {"name": "Medical Clinic"}, "plot_number": null, "operation_status": {"name": "Operational"}, "number_of_beds": 0}, {"code": 10011, "location_desc": null, "official_name": "Afya Bora Clinic (Mwea)", "owner": {"name": "Private Enterprise (Institution)"}, "keph_level": {"name": "Level 2"}, "ward": {"code": 496}, "number_of_cots": 0, "town": {"name": "kandondgu"}, "name": "Afya Bora Clinic (Mwea)", "created": "2009-10-31T00:00:00+00:00", "regulatory_body": {"name": "Kenya MPDB - Institution"}, "facility_type": {"name": "Medical Clinic"}, "plot_number": null, "operation_status": {"name": "Operational"}, "number_of_beds": 0}, {"code": 12897, "location_desc": null, "official_name": "CIDI Mukuru Clinic", "owner": {"name": "Other Faith Based"}, "keph_level": {"name": "Level 2"}, "ward": {"code": 1409}, "number_of_cots": 2, "town": {"name": "nairobi"}, "name": "Cidi Mukuru Clinic", "created": "2009-10-31T00:00:00+00:00", "regulatory_body": {"name": "Kenya MPDB - Institution"}, "facility_type": {"name": "Medical Clinic"}, "plot_number": null, "operation_status": {"name": "Operational"}, "number_of_beds": 6}, {"code": 10418, "location_desc": null, "official_name": "Kahatia Medical Clinic", "owner": {"name": "Private Practice - Clinical Officer"}, "keph_level": {"name": "Level 2"}, "ward": {"code": 526}, "number_of_cots": 0, "town": {"name": "kahuro"}, "name": "Kahatia Medical Clinic", "created": "2009-10-31T00:00:00+00:00", "regulatory_body": {"name": "Kenya MPDB - Institution"}, "facility_type": {"name": "Medical Clinic"}, "plot_number": null, "operation_status": {"name": "Operational"}, "number_of_beds": 0}, {"code": 13207, "location_desc": "Next to St Joseph Catholic Church,shauri moyo", "official_name": "St Joseph (EDARP) Clinic", "owner": {"name": "Kenya Episcopal Conference-Catholic Secretariat"}, "keph_level": {"name": "Level 2"}, "ward": {"code": 1434}, "number_of_cots": 0, "town": {"name": "shauri moyo market"}, "name": "St Joseph (EDARP) Clinic", "created": "2009-10-31T00:00:00+00:00", "regulatory_body": {"name": "Kenya MPDB - Institution"}, "facility_type": {"name": "Medical Clinic"}, "plot_number": "209/5823", "operation_status": {"name": "Operational"}, "number_of_beds": 0}, {"code": 16242, "location_desc": null, "official_name": "CCS Macumo Clinic", "owner": {"name": "Christian Health Association of Kenya"}, "keph_level": {"name": "Level 2"}, "ward": {"code": 319}, "number_of_cots": 0, "town": {"name": "runyenjes"}, "name": "Ccs Macumo Clinic", "created": "2009-10-31T00:00:00+00:00", "regulatory_body": {"name": "Clinical Officers Council"}, "facility_type": {"name": "Dispensary"}, "plot_number": "124", "operation_status": {"name": "Operational"}, "number_of_beds": 0}, {"code": 11396, "location_desc": "Inside GK prison Malindi", "official_name": "GK Prisons Clinic (Malindi)", "owner": {"name": "Other Public Institution"}, "keph_level": {"name": "Level 2"}, "ward": {"code": 80}, "number_of_cots": 0, "town": {"name": "malindi"}, "name": "GK Prisons Clinic (Malindi)", "created": "2009-10-31T00:00:00+00:00", "regulatory_body": {"name": "Kenya MPDB - Institution"}, "facility_type": {"name": "Dispensary"}, "plot_number": null, "operation_status": {"name": "Operational"}, "number_of_beds": 0}, {"code": 12910, "location_desc": "In Dandora Phase II Estate", "official_name": "PCEA Dandora Clinic", "owner": {"name": "Christian Health Association of Kenya"}, "keph_level": {"name": "Level 2"}, "ward": {"code": 1413}, "number_of_cots": 0, "town": {"name": "dandora phase ii estate"}, "name": "PCEA Dandora Clinic", "created": "2009-10-31T00:00:00+00:00", "regulatory_body": {"name": "Kenya MPDB - Institution"}, "facility_type": {"name": "Medical Clinic"}, "plot_number": null, "operation_status": {"name": "Operational"}, "number_of_beds": 0}, {"code": 13124, "location_desc": "Along Nairobi Kangundo road,Ruai shopping centre then to PCEA Ngundo", "official_name": "PCEA Clinic (Ngundo)", "owner": {"name": "Christian Health Association of Kenya"}, "keph_level": {"name": "Level 2"}, "ward": {"code": 1400}, "number_of_cots": 0, "town": {"name": "ruai market"}, "name": "PCEA Clinic (Ngundo)", "created": "2009-10-31T00:00:00+00:00", "regulatory_body": {"name": "Kenya MPDB - Institution"}, "facility_type": {"name": "Medical Clinic"}, "plot_number": null, "operation_status": {"name": "Operational"}, "number_of_beds": 0}, {"code": 13861, "location_desc": null, "official_name": "Nyabite Clinic", "owner": {"name": "Private Enterprise (Institution)"}, "keph_level": {"name": "Level 2"}, "ward": {"code": 1352}, "number_of_cots": 0, "town": {"name": "nyamira"}, "name": "Nyabite Clinic", "created": "2009-10-31T00:00:00+00:00", "regulatory_body": {"name": "Kenya MPDB - Institution"}, "facility_type": {"name": "Medical Clinic"}, "plot_number": null, "operation_status": {"name": "Operational"}, "number_of_beds": 2}, {"code": 11679, "location_desc": "Opposite Kingorani G.K Prison", "official_name": "Mvita Dispensary", "owner": {"name": "Local Authority"}, "keph_level": {"name": "Level 2"}, "ward": {"code": 30}, "number_of_cots": 0, "town": {"name": "near do's office mvita"}, "name": "Mvita Dispensary", "created": "2009-10-31T00:00:00+00:00", "regulatory_body": {"name": "Other"}, "facility_type": {"name": "Dispensary"}, "plot_number": null, "operation_status": {"name": "Operational"}, "number_of_beds": 0}, {"code": 12334, "location_desc": null, "official_name": "Kirie Mission Clinic", "owner": {"name": "Other Faith Based"}, "keph_level": {"name": "Level 2"}, "ward": {"code": 329}, "number_of_cots": 0, "town": {"name": "kirie"}, "name": "Kirie Mission Clinic", "created": "2009-10-31T00:00:00+00:00", "regulatory_body": {"name": "Kenya MPDB - Institution"}, "facility_type": {"name": "Dispensary"}, "plot_number": null, "operation_status": {"name": "Operational"}, "number_of_beds": 0}, {"code": 11123, "location_desc": "1 Km from Githurai 45 roundabout (Along Progressive Road)", "official_name": "Tumutumu Community Medical Centre", "owner": {"name": "Private Practice - Nurse / Midwife"}, "keph_level": {"name": "Level 2"}, "ward": {"code": 574}, "number_of_cots": 0, "town": {"name": "githurai 45"}, "name": "Tumutumu Community Medical Centre", "created": "2009-10-31T00:00:00+00:00", "regulatory_body": {"name": "Nursing Council of Kenya (Private Practice)"}, "facility_type": {"name": "Medical Clinic"}, "plot_number": null, "operation_status": {"name": "Operational"}, "number_of_beds": 0}, {"code": 13132, "location_desc": "Off Jogoo Road Nile Road And Then Rukwa Road", "official_name": "Ofafa I Clinic", "owner": {"name": "Local Authority"}, "keph_level": {"name": "Level 2"}, "ward": {"code": 1433}, "number_of_cots": 0, "town": {"name": "maringo"}, "name": "ofafa I Clinic", "created": "2009-10-31T00:00:00+00:00", "regulatory_body": {"name": "Other"}, "facility_type": {"name": "Medical Clinic"}, "plot_number": null, "operation_status": {"name": "Operational"}, "number_of_beds": 0}, {"code": 12969, "location_desc": "Rabai Road Then Chule Road Opposite SDA Church", "official_name": "Hono Clinic", "owner": {"name": "Local Authority"}, "keph_level": {"name": "Level 2"}, "ward": {"code": 1432}, "number_of_cots": 0, "town": {"name": "jericho market"}, "name": "Hono Clinic", "created": "2009-10-31T00:00:00+00:00", "regulatory_body": {"name": "Ministry of Health"}, "facility_type": {"name": "Dispensary"}, "plot_number": null, "operation_status": {"name": "Operational"}, "number_of_beds": 0}, {"code": 11939, "location_desc": null, "official_name": "B/Valley (PCEA) Clinic", "owner": {"name": "Christian Health Association of Kenya"}, "keph_level": {"name": "Level 2"}, "ward": {"code": 314}, "number_of_cots": 0, "town": {"name": "embu"}, "name": "B/Valley (PCEA) Clinic", "created": "2009-10-31T00:00:00+00:00", "regulatory_body": {"name": "Kenya MPDB - Institution"}, "facility_type": {"name": "Dispensary"}, "plot_number": "5422", "operation_status": {"name": "Operational"}, "number_of_beds": 0}, {"code": 13007, "location_desc": null, "official_name": "Kariokor Clinic", "owner": {"name": "Local Authority"}, "keph_level": {"name": "Level 2"}, "ward": {"code": 1442}, "number_of_cots": 0, "town": {"name": "nairobi"}, "name": "Kariokor Clinic", "created": "2009-10-31T00:00:00+00:00", "regulatory_body": {"name": "Ministry of Health"}, "facility_type": {"name": "Dispensary"}, "plot_number": null, "operation_status": {"name": "Operational"}, "number_of_beds": 0}, {"code": 11683, "location_desc": "Along Mwakirunge-Maunguja Road, opposite Mwakirunge Primary School", "official_name": "Mwakirunge Dispensary", "owner": {"name": "Local Authority"}, "keph_level": {"name": "Level 2"}, "ward": {"code": 27}, "number_of_cots": 0, "town": {"name": "mwakirunge dumping site"}, "name": "Mwakirunge Dispensary", "created": "2009-10-31T00:00:00+00:00", "regulatory_body": {"name": "Other"}, "facility_type": {"name": "Dispensary"}, "plot_number": null, "operation_status": {"name": "Operational"}, "number_of_beds": 0}, {"code": 15334, "location_desc": null, "official_name": "New Life Mission Rotary Clinic", "owner": {"name": "Christian Health Association of Kenya"}, "keph_level": {"name": "Level 2"}, "ward": {"code": 475}, "number_of_cots": 0, "town": {"name": "ongata rongai"}, "name": "New Life Mission Rotary Clinic", "created": "2009-10-31T00:00:00+00:00", "regulatory_body": {"name": "Other"}, "facility_type": {"name": "Medical Clinic"}, "plot_number": null, "operation_status": {"name": "Operational"}, "number_of_beds": 0}, {"code": 13163, "location_desc": null, "official_name": "Rhodes Chest Clinic", "owner": {"name": "Local Authority"}, "keph_level": {"name": "Level 2"}, "ward": {"code": 1439}, "number_of_cots": 0, "town": {"name": "nairobi"}, "name": "Rhodes Chest Clinic", "created": "2009-10-31T00:00:00+00:00", "regulatory_body": {"name": "Other"}, "facility_type": {"name": "Dispensary"}, "plot_number": null, "operation_status": {"name": "Operational"}, "number_of_beds": 0}, {"code": 12021, "location_desc": null, "official_name": "Frontier Clinic", "owner": {"name": "Private Enterprise (Institution)"}, "keph_level": {"name": "Level 2"}, "ward": {"code": 257}, "number_of_cots": 0, "town": {"name": "a/ruujine"}, "name": "Frontier Clinic", "created": "2009-10-31T00:00:00+00:00", "regulatory_body": {"name": "Kenya MPDB - Institution"}, "facility_type": {"name": "Medical Clinic"}, "plot_number": null, "operation_status": {"name": "Operational"}, "number_of_beds": 0}, {"code": 13192, "location_desc": "Opp Peter KIpkosia Primary School Umoja II", "official_name": "Special Provision Clinic", "owner": {"name": "Non-Governmental Organizations"}, "keph_level": {"name": "Level 2"}, "ward": {"code": 1427}, "number_of_cots": 0, "town": {"name": "nairobi"}, "name": "Special Provision Clinic", "created": "2009-10-31T00:00:00+00:00", "regulatory_body": {"name": "Nursing Council of Kenya (Private Practice)"}, "facility_type": {"name": "Medical Clinic"}, "plot_number": null, "operation_status": {"name": "Not-Operational"}, "number_of_beds": 0}, {"code": 13060, "location_desc": null, "official_name": "Makogeni Clinic", "owner": {"name": "Local Authority"}, "keph_level": {"name": "Level 2"}, "ward": {"code": 1433}, "number_of_cots": 0, "town": {"name": "nairobi"}, "name": "Makogeni Clinic", "created": "2009-10-31T00:00:00+00:00", "regulatory_body": {"name": "Other"}, "facility_type": {"name": "Dispensary"}, "plot_number": null, "operation_status": {"name": "Not-Operational"}, "number_of_beds": 0}, {"code": 11832, "location_desc": null, "official_name": "Stella Maris Medical Clinic", "owner": {"name": "Kenya Episcopal Conference-Catholic Secretariat"}, "keph_level": {"name": "Level 2"}, "ward": {"code": 5}, "number_of_cots": 0, "town": {"name": "mombasa"}, "name": "Stella Maris Medical Clinic", "created": "2009-10-31T00:00:00+00:00", "regulatory_body": {"name": "Other"}, "facility_type": {"name": "Medical Clinic"}, "plot_number": null, "operation_status": {"name": "Operational"}, "number_of_beds": 0}, {"code": 11569, "location_desc": "Kongowea market near DO's office -  Kongowea", "official_name": "Marie Stopes Clinic (Kongowea)", "owner": {"name": "Non-Governmental Organizations"}, "keph_level": {"name": "Level 2"}, "ward": {"code": 18}, "number_of_cots": 0, "town": {"name": "mombasa"}, "name": "Marie Stopes Clinic (Kongowea)", "created": "2009-10-31T00:00:00+00:00", "regulatory_body": {"name": "Other"}, "facility_type": {"name": "Medical Clinic"}, "plot_number": "0", "operation_status": {"name": "Operational"}, "number_of_beds": 0}, {"code": 11520, "location_desc": "Along Likoni- Lungalunga road within Consolata catholic church,near corner mpya", "official_name": "Likoni Catholic Dispenary", "owner": {"name": "Kenya Episcopal Conference-Catholic Secretariat"}, "keph_level": {"name": "Level 2"}, "ward": {"code": 25}, "number_of_cots": 0, "town": {"name": "mombasa"}, "name": "Likoni Catholic Dispensary", "created": "2009-10-31T00:00:00+00:00", "regulatory_body": {"name": "Kenya MPDB - Institution"}, "facility_type": {"name": "Medical Clinic"}, "plot_number": "570 sect i / ms mombasa", "operation_status": {"name": "Operational"}, "number_of_beds": 0}, {"code": 12278, "location_desc": null, "official_name": "Kianjokoma (ACK) Trinity Clinic", "owner": {"name": "Christian Health Association of Kenya"}, "keph_level": {"name": "Level 2"}, "ward": {"code": 317}, "number_of_cots": 0, "town": {"name": "kianjokoma"}, "name": "Kianjokoma (ACK) Trinity Clinic", "created": "2009-10-31T00:00:00+00:00", "regulatory_body": {"name": "Kenya MPDB - Institution"}, "facility_type": {"name": "Dispensary"}, "plot_number": null, "operation_status": {"name": "Operational"}, "number_of_beds": 0}, {"code": 11978, "location_desc": null, "official_name": "Courtesy Community Based Health Services", "owner": {"name": "Non-Governmental Organizations"}, "keph_level": {"name": "Level 2"}, "ward": {"code": 397}, "number_of_cots": 0, "town": {"name": "mlolongo"}, "name": "Courtesy Community Based Health Services", "created": "2009-10-31T00:00:00+00:00", "regulatory_body": {"name": "Other"}, "facility_type": {"name": "Medical Clinic"}, "plot_number": null, "operation_status": {"name": "Not-Operational"}, "number_of_beds": 0}], "model": "facilities.Facility", "unique_fields": ["code"]}]