[{"records": [{"code": 15849, "location_desc": null, "official_name": "Chebwai Mission Dispensary", "owner": {"name": "Other Faith Based"}, "keph_level": {"name": "Level 2"}, "ward": {"code": 1005}, "number_of_cots": 0, "town": {"name": "butali"}, "name": "Chebwai Mission Dispensary", "created": "2009-10-31T00:00:00+00:00", "regulatory_body": {"name": "Kenya MPDB - Institution"}, "facility_type": {"name": "Dispensary"}, "plot_number": null, "operation_status": {"name": "Operational"}, "number_of_beds": 0}, {"code": 15542, "location_desc": "Located at Kapenguria Lodwar highway approx. 60km from Marich police post then left 50km up hill mountain", "official_name": "Sekerr Dispensary", "owner": {"name": "Other Faith Based"}, "keph_level": {"name": "Level 2"}, "ward": {"code": 658}, "number_of_cots": 0, "town": {"name": "mbara"}, "name": "Sekerr Dispensary", "created": "2009-10-31T00:00:00+00:00", "regulatory_body": {"name": "Kenya MPDB - Institution"}, "facility_type": {"name": "Dispensary"}, "plot_number": null, "operation_status": {"name": "Operational"}, "number_of_beds": 10}, {"code": 10411, "location_desc": null, "official_name": "Kagwathi (SDA) Dispensary", "owner": {"name": "Christian Health Association of Kenya"}, "keph_level": {"name": "Level 2"}, "ward": {"code": 528}, "number_of_cots": 0, "town": {"name": "gakuyu"}, "name": "Kagwathi (SDA) Dispensary", "created": "2009-10-31T00:00:00+00:00", "regulatory_body": {"name": "Kenya MPDB - Institution"}, "facility_type": {"name": "Dispensary"}, "plot_number": null, "operation_status": {"name": "Not-Operational"}, "number_of_beds": 0}, {"code": 15394, "location_desc": "Off Lolgorian -Angata Road", "official_name": "Oldonyorok (COG) Dispensary", "owner": {"name": "Other Faith Based"}, "keph_level": {"name": "Level 2"}, "ward": {"code": 882}, "number_of_cots": 0, "town": {"name": "oldonyorok market"}, "name": "Oldonyorok (Cog) Dispensary", "created": "2009-10-31T00:00:00+00:00", "regulatory_body": {"name": "Kenya MPDB - Institution"}, "facility_type": {"name": "Dispensary"}, "plot_number": null, "operation_status": {"name": "Operational"}, "number_of_beds": 7}, {"code": 14459, "location_desc": null, "official_name": "Ngilai Dispensary", "owner": {"name": "Non-Governmental Organizations"}, "keph_level": {"name": "Level 2"}, "ward": {"code": 675}, "number_of_cots": 0, "town": {"name": "ngilai"}, "name": "Ngilai Dispensary", "created": "2009-10-31T00:00:00+00:00", "regulatory_body": {"name": "Kenya MPDB - Institution"}, "facility_type": {"name": "Dispensary"}, "plot_number": null, "operation_status": {"name": "Operational"}, "number_of_beds": 0}, {"code": 15669, "location_desc": null, "official_name": "St Ursula Dispensary", "owner": {"name": "Other Faith Based"}, "keph_level": {"name": "Level 2"}, "ward": {"code": 691}, "number_of_cots": 0, "town": {"name": "kitale"}, "name": "St Ursula Dispensary", "created": "2009-10-31T00:00:00+00:00", "regulatory_body": {"name": "Kenya MPDB - Institution"}, "facility_type": {"name": "Dispensary"}, "plot_number": null, "operation_status": {"name": "Operational"}, "number_of_beds": 0}, {"code": 16345, "location_desc": null, "official_name": "St Ladislaus Dispensary", "owner": {"name": "Other Faith Based"}, "keph_level": {"name": "Level 2"}, "ward": {"code": 723}, "number_of_cots": 0, "town": {"name": "eldoret"}, "name": "St Ladislaus Dispensary", "created": "2009-10-31T00:00:00+00:00", "regulatory_body": {"name": "Kenya MPDB - Institution"}, "facility_type": {"name": "Dispensary"}, "plot_number": null, "operation_status": {"name": "Operational"}, "number_of_beds": 0}, {"code": 11909, "location_desc": "near Murray girls high school", "official_name": "Wusi-Wutesia (ACK) Dispensary", "owner": {"name": "Christian Health Association of Kenya"}, "keph_level": {"name": "Level 2"}, "ward": {"code": 124}, "number_of_cots": 0, "town": {"name": "mtango"}, "name": "Wusi-Wutesia (ACK) Dispensary", "created": "2009-10-31T00:00:00+00:00", "regulatory_body": {"name": "Kenya MPDB - Institution"}, "facility_type": {"name": "Dispensary"}, "plot_number": null, "operation_status": {"name": "Operational"}, "number_of_beds": 0}, {"code": 15146, "location_desc": "A Long Londiani -  Masaita Road", "official_name": "Mary Finch Dispensary", "owner": {"name": "Other Faith Based"}, "keph_level": {"name": "Level 2"}, "ward": {"code": 937}, "number_of_cots": 0, "town": {"name": "londiani"}, "name": "Mary Finch Dispensary", "created": "2009-10-31T00:00:00+00:00", "regulatory_body": {"name": "Kenya MPDB - Institution"}, "facility_type": {"name": "Dispensary"}, "plot_number": null, "operation_status": {"name": "Operational"}, "number_of_beds": 4}, {"code": 16343, "location_desc": null, "official_name": "Patrician Dispensary", "owner": {"name": "Other Faith Based"}, "keph_level": {"name": "Level 2"}, "ward": {"code": 724}, "number_of_cots": 0, "town": {"name": "eldoret"}, "name": "Patrician Dispensary", "created": "2009-10-31T00:00:00+00:00", "regulatory_body": {"name": "Kenya MPDB - Institution"}, "facility_type": {"name": "Dispensary"}, "plot_number": null, "operation_status": {"name": "Operational"}, "number_of_beds": 0}, {"code": 16359, "location_desc": null, "official_name": "Ancilla Catholic  Dispensary", "owner": {"name": "Kenya Episcopal Conference-Catholic Secretariat"}, "keph_level": {"name": "Level 2"}, "ward": {"code": 707}, "number_of_cots": 0, "town": {"name": "eldoret"}, "name": "Ancilla Catholic Dispensary", "created": "2009-10-31T00:00:00+00:00", "regulatory_body": {"name": "Kenya MPDB - Institution"}, "facility_type": {"name": "Dispensary"}, "plot_number": null, "operation_status": {"name": "Operational"}, "number_of_beds": 0}, {"code": 16669, "location_desc": "Ndubusat Secondary Schoo;", "official_name": "Ndubusat Bethel Dispensary", "owner": {"name": "Non-Governmental Organizations"}, "keph_level": {"name": "Level 2"}, "ward": {"code": 943}, "number_of_cots": 0, "name": "Ndubusat Bethel Dispensary", "created": "2009-10-31T00:00:00+00:00", "regulatory_body": {"name": "Kenya MPDB - Private Practice"}, "facility_type": {"name": "Dispensary"}, "plot_number": null, "operation_status": {"name": "Operational"}, "number_of_beds": 4}, {"code": 11086, "location_desc": null, "official_name": "Tata Hannah (African Christian Churches And Schools) Dispensary", "owner": {"name": "Christian Health Association of Kenya"}, "keph_level": {"name": "Level 2"}, "ward": {"code": 531}, "number_of_cots": 0, "town": {"name": "kangari"}, "name": "Tata Hannah (African Christian Churches and School", "created": "2009-10-31T00:00:00+00:00", "regulatory_body": {"name": "Kenya MPDB - Institution"}, "facility_type": {"name": "Dispensary"}, "plot_number": null, "operation_status": {"name": "Operational"}, "number_of_beds": 0}, {"code": 15454, "location_desc": null, "official_name": "P O M Dipensary", "owner": {"name": "Non-Governmental Organizations"}, "keph_level": {"name": "Level 2"}, "ward": {"code": 643}, "number_of_cots": 0, "town": {"name": "kapenguria"}, "name": "P O M Dipensary", "created": "2009-10-31T00:00:00+00:00", "regulatory_body": {"name": "Other"}, "facility_type": {"name": "Dispensary"}, "plot_number": null, "operation_status": {"name": "Operational"}, "number_of_beds": 0}, {"code": 16352, "location_desc": null, "official_name": "Hospice Dispensary", "owner": {"name": "Non-Governmental Organizations"}, "keph_level": {"name": "Level 2"}, "ward": {"code": 719}, "number_of_cots": 0, "town": {"name": "eldoret"}, "name": "Hospice Dispensary", "created": "2009-10-31T00:00:00+00:00", "regulatory_body": {"name": "Other"}, "facility_type": {"name": "Dispensary"}, "plot_number": null, "operation_status": {"name": "Operational"}, "number_of_beds": 0}, {"code": 16329, "location_desc": "off Narok nairobi road , near olkaria Geo thermal", "official_name": "Inkoirienito Dispensary", "owner": {"name": "Ministry of Health"}, "keph_level": {"name": "Level 2"}, "ward": {"code": 900}, "number_of_cots": 0, "town": {"name": "narok"}, "name": "Inkoirienito Dispensary", "created": "2009-10-31T00:00:00+00:00", "regulatory_body": {"name": "Ministry of Health"}, "facility_type": {"name": "Dispensary"}, "plot_number": null, "operation_status": {"name": "Operational"}, "number_of_beds": 0}, {"code": 15478, "location_desc": null, "official_name": "Railways Dispensary ", "owner": {"name": "Ministry of Health"}, "keph_level": {"name": "Level 2"}, "ward": {"code": 718}, "number_of_cots": 0, "town": {"name": "eldoret"}, "name": "Railways Dispensary", "created": "2009-10-31T00:00:00+00:00", "regulatory_body": {"name": "Ministry of Health"}, "facility_type": {"name": "Dispensary"}, "plot_number": null, "operation_status": {"name": "Operational"}, "number_of_beds": 0}, {"code": 15044, "location_desc": "Lochoraikeny village ", "official_name": "Lochoraikeny Dispensary", "owner": {"name": "Ministry of Health"}, "keph_level": {"name": "Level 2"}, "ward": {"code": 625}, "number_of_cots": 0, "town": {"name": "kalokol"}, "name": "Lochoraikeny Dispensary", "created": "2009-10-31T00:00:00+00:00", "regulatory_body": {"name": "Ministry of Health"}, "facility_type": {"name": "Dispensary"}, "plot_number": null, "operation_status": {"name": "Operational"}, "number_of_beds": 0}, {"code": 14227, "location_desc": "Baragoi Catholic Mission- Next to Baragoi Catholic Church", "official_name": "Baragoi Catholic Dispensary", "owner": {"name": "Kenya Episcopal Conference-Catholic Secretariat"}, "keph_level": {"name": "Level 2"}, "ward": {"code": 666}, "number_of_cots": 0, "town": {"name": "baragoi"}, "name": "Baragoi Catholic Dispensary", "created": "2009-10-31T00:00:00+00:00", "regulatory_body": {"name": "Kenya MPDB - Institution"}, "facility_type": {"name": "Dispensary"}, "plot_number": null, "operation_status": {"name": "Operational"}, "number_of_beds": 1}, {"code": 15548, "location_desc": "Baragoi Latakeny road, past Loikumkum village. situated at a village called Lekerri", "official_name": "Sererit Catholic Dispensary", "owner": {"name": "Kenya Episcopal Conference-Catholic Secretariat"}, "keph_level": {"name": "Level 2"}, "ward": {"code": 668}, "number_of_cots": 0, "town": {"name": "latakweny"}, "name": "Sererit Catholic Dispensary", "created": "2009-10-31T00:00:00+00:00", "regulatory_body": {"name": "Kenya MPDB - Institution"}, "facility_type": {"name": "Dispensary"}, "plot_number": null, "operation_status": {"name": "Operational"}, "number_of_beds": 4}, {"code": 15338, "location_desc": "Ngarua catholic Dispensary is situated 100 metres from the tarmac junction of Kinamba, Sipili, Olmoran ", "official_name": "Ngarua Catholic Dispensary", "owner": {"name": "Kenya Episcopal Conference-Catholic Secretariat"}, "keph_level": {"name": "Level 2"}, "ward": {"code": 813}, "number_of_cots": 0, "town": {"name": "kinamba"}, "name": "Ngarua Catholic Dispensary", "created": "2009-10-31T00:00:00+00:00", "regulatory_body": {"name": "Ministry of Health"}, "facility_type": {"name": "Dispensary"}, "plot_number": null, "operation_status": {"name": "Operational"}, "number_of_beds": 2}, {"code": 15472, "location_desc": null, "official_name": "Psigor Dispensary", "owner": {"name": "Kenya Episcopal Conference-Catholic Secretariat"}, "keph_level": {"name": "Level 2"}, "ward": {"code": 650}, "number_of_cots": 0, "town": {"name": "sigor"}, "name": "Psigor Dispensary", "created": "2009-10-31T00:00:00+00:00", "regulatory_body": {"name": "Kenya MPDB - Institution"}, "facility_type": {"name": "Dispensary"}, "plot_number": null, "operation_status": {"name": "Operational"}, "number_of_beds": 0}, {"code": 15588, "location_desc": "Near Sipili Catholic Church", "official_name": "Sipili Catholic Dispensary", "owner": {"name": "Kenya Episcopal Conference-Catholic Secretariat"}, "keph_level": {"name": "Level 2"}, "ward": {"code": 811}, "number_of_cots": 0, "town": {"name": "sipili town"}, "name": "Sipili Catholic Dispensary", "created": "2009-10-31T00:00:00+00:00", "regulatory_body": {"name": "Kenya MPDB - Institution"}, "facility_type": {"name": "Dispensary"}, "plot_number": null, "operation_status": {"name": "Operational"}, "number_of_beds": 2}, {"code": 15662, "location_desc": "Kanamkemer Estate near Kanamkemer primary School ", "official_name": "St Patrick's Kanamkemer Dispensary", "owner": {"name": "Kenya Episcopal Conference-Catholic Secretariat"}, "keph_level": {"name": "Level 2"}, "ward": {"code": 628}, "number_of_cots": 0, "town": {"name": "lodwar"}, "name": "St Patrick's Kanamkemer Dispensary", "created": "2009-10-31T00:00:00+00:00", "regulatory_body": {"name": "Kenya MPDB - Institution"}, "facility_type": {"name": "Dispensary"}, "plot_number": null, "operation_status": {"name": "Operational"}, "number_of_beds": 0}, {"code": 15452, "location_desc": null, "official_name": "Our Lady Of Lords Dispensary", "owner": {"name": "Kenya Episcopal Conference-Catholic Secretariat"}, "keph_level": {"name": "Level 2"}, "ward": {"code": 709}, "number_of_cots": 0, "town": {"name": "eldoret"}, "name": "Our Lady of Lords Dispensary", "created": "2009-10-31T00:00:00+00:00", "regulatory_body": {"name": "Kenya MPDB - Institution"}, "facility_type": {"name": "Dispensary"}, "plot_number": null, "operation_status": {"name": "Operational"}, "number_of_beds": 0}, {"code": 15661, "location_desc": null, "official_name": "St Monica's Nakwamekwi Dispensary", "owner": {"name": "Kenya Episcopal Conference-Catholic Secretariat"}, "keph_level": {"name": "Level 2"}, "ward": {"code": 630}, "number_of_cots": 0, "town": {"name": "lodwar"}, "name": "St Monica's Nakwamekwi Dispensary", "created": "2009-10-31T00:00:00+00:00", "regulatory_body": {"name": "Kenya MPDB - Institution"}, "facility_type": {"name": "Dispensary"}, "plot_number": null, "operation_status": {"name": "Operational"}, "number_of_beds": 0}, {"code": 15273, "location_desc": "Nadapal Trading Centre", "official_name": "Nadapal Dispensary", "owner": {"name": "Kenya Episcopal Conference-Catholic Secretariat"}, "keph_level": {"name": "Level 2"}, "ward": {"code": 630}, "number_of_cots": 0, "town": {"name": "lorugum"}, "name": "Nadapal Dispensary", "created": "2009-10-31T00:00:00+00:00", "regulatory_body": {"name": "Kenya MPDB - Institution"}, "facility_type": {"name": "Dispensary"}, "plot_number": null, "operation_status": {"name": "Operational"}, "number_of_beds": 0}, {"code": 15634, "location_desc": "Napetet Estate near Kawalase Primary School", "official_name": "St Catherine's Napetet Dispensary", "owner": {"name": "Kenya Episcopal Conference-Catholic Secretariat"}, "keph_level": {"name": "Level 2"}, "ward": {"code": 628}, "number_of_cots": 0, "town": {"name": "lodwar"}, "name": "St Catherine's Napetet Dispensary", "created": "2009-10-31T00:00:00+00:00", "regulatory_body": {"name": "Ministry of Health"}, "facility_type": {"name": "Dispensary"}, "plot_number": null, "operation_status": {"name": "Operational"}, "number_of_beds": 0}, {"code": 15675, "location_desc": null, "official_name": "Stgetrude Dispensary", "owner": {"name": "Kenya Episcopal Conference-Catholic Secretariat"}, "keph_level": {"name": "Level 2"}, "ward": {"code": 709}, "number_of_cots": 0, "town": {"name": "eldoret"}, "name": "Stgetrude Dispensary", "created": "2009-10-31T00:00:00+00:00", "regulatory_body": {"name": "Kenya MPDB - Institution"}, "facility_type": {"name": "Dispensary"}, "plot_number": null, "operation_status": {"name": "Operational"}, "number_of_beds": 0}, {"code": 15648, "location_desc": null, "official_name": "St Kevina Dispensary", "owner": {"name": "Kenya Episcopal Conference-Catholic Secretariat"}, "keph_level": {"name": "Level 2"}, "ward": {"code": 719}, "number_of_cots": 0, "town": {"name": "eldoret"}, "name": "St Kevina Dispensary", "created": "2009-10-31T00:00:00+00:00", "regulatory_body": {"name": "Kenya MPDB - Institution"}, "facility_type": {"name": "Dispensary"}, "plot_number": null, "operation_status": {"name": "Operational"}, "number_of_beds": 0}, {"code": 12528, "location_desc": null, "official_name": "Minugu Dispensary", "owner": {"name": "Christian Health Association of Kenya"}, "keph_level": {"name": "Level 2"}, "ward": {"code": 296}, "number_of_cots": 0, "town": {"name": "chuka"}, "name": "Minugu Dispensary", "created": "2009-10-31T00:00:00+00:00", "regulatory_body": {"name": "Kenya MPDB - Institution"}, "facility_type": {"name": "Dispensary"}, "plot_number": null, "operation_status": {"name": "Operational"}, "number_of_beds": 0}, {"code": 15646, "location_desc": null, "official_name": "St Joseph Catholic Dispensary (Laikipia East)", "owner": {"name": "Kenya Episcopal Conference-Catholic Secretariat"}, "keph_level": {"name": "Level 2"}, "ward": {"code": 817}, "number_of_cots": 0, "town": {"name": "lamuria"}, "name": "St Joseph Catholic Dispensary (Laikipia East)", "created": "2009-10-31T00:00:00+00:00", "regulatory_body": {"name": "Kenya MPDB - Institution"}, "facility_type": {"name": "Dispensary"}, "plot_number": null, "operation_status": {"name": "Operational"}, "number_of_beds": 0}, {"code": 15501, "location_desc": "Within Rumuruti town at Catholic premises", "official_name": "Rumuruti Catholic Dispensary", "owner": {"name": "Kenya Episcopal Conference-Catholic Secretariat"}, "keph_level": {"name": "Level 2"}, "ward": {"code": 812}, "number_of_cots": 0, "town": {"name": "rumuruti town"}, "name": "Rumuruti Catholic Dispensary", "created": "2009-10-31T00:00:00+00:00", "regulatory_body": {"name": "Kenya MPDB - Institution"}, "facility_type": {"name": "Dispensary"}, "plot_number": null, "operation_status": {"name": "Operational"}, "number_of_beds": 3}, {"code": 15333, "location_desc": null, "official_name": "Nerkwo Dispensary", "owner": {"name": "Kenya Episcopal Conference-Catholic Secretariat"}, "keph_level": {"name": "Level 2"}, "ward": {"code": 738}, "number_of_cots": 0, "town": {"name": "iten"}, "name": "Nerkwo Dispensary", "created": "2009-10-31T00:00:00+00:00", "regulatory_body": {"name": "Kenya MPDB - Institution"}, "facility_type": {"name": "Dispensary"}, "plot_number": null, "operation_status": {"name": "Operational"}, "number_of_beds": 0}, {"code": 12683, "location_desc": null, "official_name": "Nyagani Dispensary", "owner": {"name": "Christian Health Association of Kenya"}, "keph_level": {"name": "Level 2"}, "ward": {"code": 297}, "number_of_cots": 0, "town": {"name": "chuka"}, "name": "Nyagani Dispensary", "created": "2009-10-31T00:00:00+00:00", "regulatory_body": {"name": "Kenya MPDB - Institution"}, "facility_type": {"name": "Dispensary"}, "plot_number": null, "operation_status": {"name": "Operational"}, "number_of_beds": 0}, {"code": 15481, "location_desc": "Near Saw Mill", "official_name": "Karen Roses Dispensary", "owner": {"name": "Private Enterprise (Institution)"}, "keph_level": {"name": "Level 2"}, "ward": {"code": 809}, "number_of_cots": 0, "town": {"name": "eldama ravine"}, "name": "Karen Roses Dispensary", "created": "2009-10-31T00:00:00+00:00", "regulatory_body": {"name": "Kenya MPDB - Institution"}, "facility_type": {"name": "Dispensary"}, "plot_number": null, "operation_status": {"name": "Operational"}, "number_of_beds": 0}, {"code": 15524, "location_desc": "It is the property of Wilderness lodges and safari situated within samburu game reserve approx 15 kilometers from archers post", "official_name": "Samburu Lodge Dispensary", "owner": {"name": "Private Enterprise (Institution)"}, "keph_level": {"name": "Level 2"}, "ward": {"code": 673}, "number_of_cots": 0, "town": {"name": "archers post"}, "name": "Samburu Lodge Dispensary", "created": "2009-10-31T00:00:00+00:00", "regulatory_body": {"name": "Kenya MPDB - Private Practice"}, "facility_type": {"name": "Dispensary"}, "plot_number": null, "operation_status": {"name": "Operational"}, "number_of_beds": 4}, {"code": 15148, "location_desc": "Situated in Nanyuki town next the Catholic Church and nanyuki police station", "official_name": "Mary Immaculate Dispensary (Laikipia East)", "owner": {"name": "Kenya Episcopal Conference-Catholic Secretariat"}, "keph_level": {"name": "Level 2"}, "ward": {"code": 820}, "number_of_cots": 0, "town": {"name": "nanyuki"}, "name": "Mary Immaculate Dispensary (Laikipia East)", "created": "2009-10-31T00:00:00+00:00", "regulatory_body": {"name": "Kenya MPDB - Institution"}, "facility_type": {"name": "Dispensary"}, "plot_number": null, "operation_status": {"name": "Operational"}, "number_of_beds": 0}, {"code": 15308, "location_desc": "at Napeililim Villlage", "official_name": "Napeililim Dispensary", "owner": {"name": "Kenya Episcopal Conference-Catholic Secretariat"}, "keph_level": {"name": "Level 2"}, "ward": {"code": 630}, "number_of_cots": 0, "town": {"name": "lodwar"}, "name": "Napeililim Dispensary", "created": "2009-10-31T00:00:00+00:00", "regulatory_body": {"name": "Kenya MPDB - Institution"}, "facility_type": {"name": "Dispensary"}, "plot_number": null, "operation_status": {"name": "Operational"}, "number_of_beds": 0}, {"code": 15416, "location_desc": "Located within Olmoran centre", "official_name": "Olmoran Catholic Dispensary", "owner": {"name": "Kenya Episcopal Conference-Catholic Secretariat"}, "keph_level": {"name": "Level 2"}, "ward": {"code": 811}, "number_of_cots": 0, "town": {"name": "olmoran centre"}, "name": "Olmoran Catholic Dispensary", "created": "2009-10-31T00:00:00+00:00", "regulatory_body": {"name": "Kenya MPDB - Institution"}, "facility_type": {"name": "Dispensary"}, "plot_number": null, "operation_status": {"name": "Operational"}, "number_of_beds": 0}, {"code": 14685, "location_desc": null, "official_name": "Kangagetei Dispensary", "owner": {"name": "Christian Health Association of Kenya"}, "keph_level": {"name": "Level 2"}, "ward": {"code": 625}, "number_of_cots": 0, "town": {"name": "lodwar"}, "name": "Kangagetei Dispensary", "created": "2009-10-31T00:00:00+00:00", "regulatory_body": {"name": "Kenya MPDB - Institution"}, "facility_type": {"name": "Dispensary"}, "plot_number": null, "operation_status": {"name": "Operational"}, "number_of_beds": 0}, {"code": 15098, "location_desc": null, "official_name": "Loyapat Dispensary", "owner": {"name": "Christian Health Association of Kenya"}, "keph_level": {"name": "Level 2"}, "ward": {"code": 635}, "number_of_cots": 0, "town": {"name": "kainuk"}, "name": "Loyapat Dispensary", "created": "2009-10-31T00:00:00+00:00", "regulatory_body": {"name": "Kenya MPDB - Institution"}, "facility_type": {"name": "Dispensary"}, "plot_number": null, "operation_status": {"name": "Not-Operational"}, "number_of_beds": 0}, {"code": 14440, "location_desc": "Eliye springs Trading Centre", "official_name": "Eliye Springs (AIC)  Dispensary", "owner": {"name": "Christian Health Association of Kenya"}, "keph_level": {"name": "Level 2"}, "ward": {"code": 625}, "number_of_cots": 0, "town": {"name": "kalokol"}, "name": "Eliye Springs (AIC) Dispensary", "created": "2009-10-31T00:00:00+00:00", "regulatory_body": {"name": "Ministry of Health"}, "facility_type": {"name": "Dispensary"}, "plot_number": null, "operation_status": {"name": "Operational"}, "number_of_beds": 0}, {"code": 11981, "location_desc": null, "official_name": "D Comboni Mission", "owner": {"name": "Kenya Episcopal Conference-Catholic Secretariat"}, "keph_level": {"name": "Level 2"}, "ward": {"code": 399}, "number_of_cots": 5, "town": {"name": "thika"}, "name": "D Comboni Mission", "created": "2009-10-31T00:00:00+00:00", "regulatory_body": {"name": "Kenya MPDB - Institution"}, "facility_type": {"name": "Dispensary"}, "plot_number": null, "operation_status": {"name": "Operational"}, "number_of_beds": 16}, {"code": 12649, "location_desc": null, "official_name": "Ngeru Dispensary", "owner": {"name": "Christian Health Association of Kenya"}, "keph_level": {"name": "Level 2"}, "ward": {"code": 300}, "number_of_cots": 0, "town": {"name": "chogoria"}, "name": "Ngeru Dispensary", "created": "2009-10-31T00:00:00+00:00", "regulatory_body": {"name": "Kenya MPDB - Institution"}, "facility_type": {"name": "Dispensary"}, "plot_number": null, "operation_status": {"name": "Operational"}, "number_of_beds": 0}, {"code": 14912, "location_desc": null, "official_name": "Kipsaraman  Dispensary", "owner": {"name": "Kenya Episcopal Conference-Catholic Secretariat"}, "keph_level": {"name": "Level 2"}, "ward": {"code": 790}, "number_of_cots": 0, "town": {"name": "kabartonjo"}, "name": "Kipsaraman Dispensary", "created": "2009-10-31T00:00:00+00:00", "regulatory_body": {"name": "Kenya MPDB - Institution"}, "facility_type": {"name": "Dispensary"}, "plot_number": null, "operation_status": {"name": "Operational"}, "number_of_beds": 4}, {"code": 15040, "location_desc": null, "official_name": "Liter (AIC) Dispensary", "owner": {"name": "Christian Health Association of Kenya"}, "keph_level": {"name": "Level 2"}, "ward": {"code": 733}, "number_of_cots": 0, "town": {"name": "kapsowar"}, "name": "Liter (AIC) Dispensary", "created": "2009-10-31T00:00:00+00:00", "regulatory_body": {"name": "Kenya MPDB - Institution"}, "facility_type": {"name": "Dispensary"}, "plot_number": null, "operation_status": {"name": "Operational"}, "number_of_beds": 0}, {"code": 14638, "location_desc": null, "official_name": "KIagai (PCEA) Dispensary", "owner": {"name": "Christian Health Association of Kenya"}, "keph_level": {"name": "Level 2"}, "ward": {"code": 857}, "number_of_cots": 0, "town": {"name": "subukia"}, "name": "KIagai (PCEA) Dispensary", "created": "2009-10-31T00:00:00+00:00", "regulatory_body": {"name": "Kenya MPDB - Institution"}, "facility_type": {"name": "Dispensary"}, "plot_number": null, "operation_status": {"name": "Operational"}, "number_of_beds": 0}, {"code": 14661, "location_desc": "Kalemunyang Village 56 kms from Lodwar", "official_name": "St Bridgits' Kalemunyang Dispensary", "owner": {"name": "Kenya Episcopal Conference-Catholic Secretariat"}, "keph_level": {"name": "Level 2"}, "ward": {"code": 656}, "number_of_cots": 0, "town": {"name": "lorugum"}, "name": "St Bridgit Kalemunyang Dispensary", "created": "2009-10-31T00:00:00+00:00", "regulatory_body": {"name": "Kenya MPDB - Institution"}, "facility_type": {"name": "Dispensary"}, "plot_number": null, "operation_status": {"name": "Operational"}, "number_of_beds": 0}, {"code": 14616, "location_desc": "It is allocated within kabichbich market 1/2km away along Lelan main road", "official_name": "Kabichbich Miss Dispensary", "owner": {"name": "Kenya Episcopal Conference-Catholic Secretariat"}, "keph_level": {"name": "Level 2"}, "ward": {"code": 659}, "number_of_cots": 0, "town": {"name": "kabichbich"}, "name": "Kabichbich Miss Dispensary", "created": "2009-10-31T00:00:00+00:00", "regulatory_body": {"name": "Kenya MPDB - Institution"}, "facility_type": {"name": "Dispensary"}, "plot_number": null, "operation_status": {"name": "Not-Operational"}, "number_of_beds": 0}, {"code": 14614, "location_desc": null, "official_name": "Kabianga Tea Research", "owner": {"name": "Private Enterprise (Institution)"}, "keph_level": {"name": "Level 2"}, "ward": {"code": 965}, "number_of_cots": 0, "town": {"name": "kericho"}, "name": "Kabianga Tea Research", "created": "2009-10-31T00:00:00+00:00", "regulatory_body": {"name": "Kenya MPDB - Institution"}, "facility_type": {"name": "Dispensary"}, "plot_number": null, "operation_status": {"name": "Operational"}, "number_of_beds": 0}, {"code": 15711, "location_desc": null, "official_name": "Tea Resaerch Dispensary", "owner": {"name": "Private Enterprise (Institution)"}, "keph_level": {"name": "Level 2"}, "ward": {"code": 938}, "number_of_cots": 0, "town": {"name": "kericho"}, "name": "Tea Resaerch Dispensary", "created": "2009-10-31T00:00:00+00:00", "regulatory_body": {"name": "Kenya MPDB - Institution"}, "facility_type": {"name": "Dispensary"}, "plot_number": null, "operation_status": {"name": "Operational"}, "number_of_beds": 0}, {"code": 15354, "location_desc": null, "official_name": "Ngurunga Dispensary", "owner": {"name": "Private Enterprise (Institution)"}, "keph_level": {"name": "Level 2"}, "ward": {"code": 719}, "number_of_cots": 0, "town": {"name": "eldoret"}, "name": "Ngurunga Dispensary", "created": "2009-10-31T00:00:00+00:00", "regulatory_body": {"name": "Kenya MPDB - Institution"}, "facility_type": {"name": "Dispensary"}, "plot_number": null, "operation_status": {"name": "Not-Operational"}, "number_of_beds": 0}, {"code": 16554, "location_desc": "1km from the junction of Voi -Taveta road, behind Mwashuma primary school", "official_name": "Mwashuma Dispensary (CDF)", "owner": {"name": "Community Development Fund"}, "keph_level": {"name": "Level 2"}, "ward": {"code": 122}, "number_of_cots": 0, "town": {"name": "mwambingu village"}, "name": "Mwashuma Dispensary (CDF)", "created": "2009-10-31T00:00:00+00:00", "regulatory_body": {"name": "Ministry of Health"}, "facility_type": {"name": "Dispensary"}, "plot_number": null, "operation_status": {"name": "Operational"}, "number_of_beds": 1}, {"code": 16110, "location_desc": null, "official_name": "Shikokho Dispensary", "owner": {"name": "Private Enterprise (Institution)"}, "keph_level": {"name": "Level 2"}, "ward": {"code": 1048}, "number_of_cots": 0, "town": {"name": "malinya mkt"}, "name": "Shikokho Dispensary", "created": "2009-10-31T00:00:00+00:00", "regulatory_body": {"name": "Kenya MPDB - Institution"}, "facility_type": {"name": "Dispensary"}, "plot_number": null, "operation_status": {"name": "Operational"}, "number_of_beds": 0}, {"code": 15510, "location_desc": null, "official_name": "Sacho School Dispensary", "owner": {"name": "Private Enterprise (Institution)"}, "keph_level": {"name": "Level 2"}, "ward": {"code": 794}, "number_of_cots": 0, "town": {"name": "kabarnet"}, "name": "Sacho School Dispensary", "created": "2009-10-31T00:00:00+00:00", "regulatory_body": {"name": "Kenya MPDB - Institution"}, "facility_type": {"name": "Dispensary"}, "plot_number": null, "operation_status": {"name": "Operational"}, "number_of_beds": 0}, {"code": 14229, "location_desc": "At Ortum market 1km away from the main Lodwar-Kitale highway.", "official_name": "Baraka Medical Clinic (Pokot Central)", "owner": {"name": "Private Practice - Nurse / Midwife"}, "keph_level": {"name": "Level 2"}, "ward": {"code": 658}, "number_of_cots": 0, "town": {"name": "ortum"}, "name": "Baraka Medical Clinic (Pokot Central)", "created": "2009-10-31T00:00:00+00:00", "regulatory_body": {"name": "Nursing Council of Kenya (Private Practice)"}, "facility_type": {"name": "Medical Clinic"}, "plot_number": "a10", "operation_status": {"name": "Operational"}, "number_of_beds": 0}, {"code": 14899, "location_desc": null, "official_name": "Kipketer Dispensary", "owner": {"name": "Private Enterprise (Institution)"}, "keph_level": {"name": "Level 2"}, "ward": {"code": 963}, "number_of_cots": 0, "town": {"name": "kericho"}, "name": "Kipketer Dispensary", "created": "2009-10-31T00:00:00+00:00", "regulatory_body": {"name": "Kenya MPDB - Institution"}, "facility_type": {"name": "Dispensary"}, "plot_number": null, "operation_status": {"name": "Operational"}, "number_of_beds": 0}, {"code": 14596, "location_desc": null, "official_name": "JFK Engineering Disp", "owner": {"name": "Private Enterprise (Institution)"}, "keph_level": {"name": "Level 2"}, "ward": {"code": 959}, "number_of_cots": 0, "town": {"name": "kericho"}, "name": "JFK Engineering Disp", "created": "2009-10-31T00:00:00+00:00", "regulatory_body": {"name": "Kenya MPDB - Institution"}, "facility_type": {"name": "Dispensary"}, "plot_number": null, "operation_status": {"name": "Operational"}, "number_of_beds": 0}, {"code": 14830, "location_desc": null, "official_name": "Kerenga Dispensary", "owner": {"name": "Private Enterprise (Institution)"}, "keph_level": {"name": "Level 2"}, "ward": {"code": 960}, "number_of_cots": 0, "town": {"name": "kericho"}, "name": "Kerenga Dispensary", "created": "2009-10-31T00:00:00+00:00", "regulatory_body": {"name": "Kenya MPDB - Institution"}, "facility_type": {"name": "Dispensary"}, "plot_number": null, "operation_status": {"name": "Operational"}, "number_of_beds": 0}, {"code": 14608, "location_desc": null, "official_name": "Kabarnet High School Dispensary", "owner": {"name": "Private Enterprise (Institution)"}, "keph_level": {"name": "Level 2"}, "ward": {"code": 797}, "number_of_cots": 0, "town": {"name": "kabarnet"}, "name": "Kabarnet High School Dispensary", "created": "2009-10-31T00:00:00+00:00", "regulatory_body": {"name": "Kenya MPDB - Institution"}, "facility_type": {"name": "Dispensary"}, "plot_number": null, "operation_status": {"name": "Operational"}, "number_of_beds": 0}, {"code": 14314, "location_desc": null, "official_name": "Chemase Dispensary", "owner": {"name": "Private Enterprise (Institution)"}, "keph_level": {"name": "Level 2"}, "ward": {"code": 960}, "number_of_cots": 0, "town": {"name": "kericho"}, "name": "Chemase Dispensary", "created": "2009-10-31T00:00:00+00:00", "regulatory_body": {"name": "Kenya MPDB - Institution"}, "facility_type": {"name": "Dispensary"}, "plot_number": null, "operation_status": {"name": "Operational"}, "number_of_beds": 0}, {"code": 14620, "location_desc": null, "official_name": "Kabinga (CBHC) Dispensary", "owner": {"name": "Private Enterprise (Institution)"}, "keph_level": {"name": "Level 2"}, "ward": {"code": 958}, "number_of_cots": 0, "town": {"name": "sosiot"}, "name": "Kabinga (CHBC) Dispensary", "created": "2009-10-31T00:00:00+00:00", "regulatory_body": {"name": "Kenya MPDB - Institution"}, "facility_type": {"name": "Dispensary"}, "plot_number": null, "operation_status": {"name": "Operational"}, "number_of_beds": 0}, {"code": 14592, "location_desc": null, "official_name": "Jamji Dispensary", "owner": {"name": "Private Enterprise (Institution)"}, "keph_level": {"name": "Level 2"}, "ward": {"code": 960}, "number_of_cots": 0, "town": {"name": "kericho"}, "name": "Jamji Dispensary", "created": "2009-10-31T00:00:00+00:00", "regulatory_body": {"name": "Kenya MPDB - Institution"}, "facility_type": {"name": "Dispensary"}, "plot_number": null, "operation_status": {"name": "Operational"}, "number_of_beds": 0}, {"code": 14727, "location_desc": null, "official_name": "Kapkoros Dispensary", "owner": {"name": "Private Enterprise (Institution)"}, "keph_level": {"name": "Level 2"}, "ward": {"code": 960}, "number_of_cots": 0, "town": {"name": "kericho"}, "name": "Kapkoros Dispensary", "created": "2009-10-31T00:00:00+00:00", "regulatory_body": {"name": "Kenya MPDB - Institution"}, "facility_type": {"name": "Dispensary"}, "plot_number": null, "operation_status": {"name": "Operational"}, "number_of_beds": 0}, {"code": 14334, "location_desc": null, "official_name": "Chepgoiben Dispensary", "owner": {"name": "Private Enterprise (Institution)"}, "keph_level": {"name": "Level 2"}, "ward": {"code": 960}, "number_of_cots": 0, "town": {"name": "kericho"}, "name": "Chepgoiben Dispensary", "created": "2009-10-31T00:00:00+00:00", "regulatory_body": {"name": "Kenya MPDB - Institution"}, "facility_type": {"name": "Dispensary"}, "plot_number": null, "operation_status": {"name": "Operational"}, "number_of_beds": 0}, {"code": 14597, "location_desc": null, "official_name": "JFK II Dispensary", "owner": {"name": "Private Enterprise (Institution)"}, "keph_level": {"name": "Level 2"}, "ward": {"code": 960}, "number_of_cots": 0, "town": {"name": "kericho"}, "name": "JFK Ii Dispensary", "created": "2009-10-31T00:00:00+00:00", "regulatory_body": {"name": "Kenya MPDB - Institution"}, "facility_type": {"name": "Dispensary"}, "plot_number": null, "operation_status": {"name": "Operational"}, "number_of_beds": 0}, {"code": 11552, "location_desc": "Near mkwasinyi primary school", "official_name": "Makwasinyi Dispensary", "owner": {"name": "Ministry of Health"}, "keph_level": {"name": "Level 2"}, "ward": {"code": 129}, "number_of_cots": 0, "town": {"name": "rukanga market"}, "name": "Makwasinyi Dispensary", "created": "2009-10-31T00:00:00+00:00", "regulatory_body": {"name": "Ministry of Health"}, "facility_type": {"name": "Dispensary"}, "plot_number": null, "operation_status": {"name": "Operational"}, "number_of_beds": 0}, {"code": 15139, "location_desc": null, "official_name": "Marinyin Dispensary", "owner": {"name": "Private Enterprise (Institution)"}, "keph_level": {"name": "Level 2"}, "ward": {"code": 986}, "number_of_cots": 0, "town": {"name": "kericho"}, "name": "Marinyin Dispensary", "created": "2009-10-31T00:00:00+00:00", "regulatory_body": {"name": "Kenya MPDB - Institution"}, "facility_type": {"name": "Dispensary"}, "plot_number": null, "operation_status": {"name": "Operational"}, "number_of_beds": 0}, {"code": 14497, "location_desc": null, "official_name": "Finlay Flowers Dispensary", "owner": {"name": "Private Enterprise (Institution)"}, "keph_level": {"name": "Level 2"}, "ward": {"code": 986}, "number_of_cots": 0, "town": {"name": "kericho"}, "name": "Finlay Flowers Dispensary", "created": "2009-10-31T00:00:00+00:00", "regulatory_body": {"name": "Kenya MPDB - Institution"}, "facility_type": {"name": "Dispensary"}, "plot_number": null, "operation_status": {"name": "Operational"}, "number_of_beds": 0}, {"code": 11509, "location_desc": null, "official_name": "KWS Dispensary", "owner": {"name": "Company Medical Service"}, "keph_level": {"name": "Level 2"}, "ward": {"code": 130}, "number_of_cots": 0, "town": {"name": "voi"}, "name": "KWS Dispensary", "created": "2009-10-31T00:00:00+00:00", "regulatory_body": {"name": "Other"}, "facility_type": {"name": "Dispensary"}, "plot_number": null, "operation_status": {"name": "Operational"}, "number_of_beds": 0}, {"code": 14847, "location_desc": "Off Nandi Hills - Lessos Road at Chepkunyuk centre.", "official_name": "Kibabet Tea Dispensary", "owner": {"name": "Company Medical Service"}, "keph_level": {"name": "Level 2"}, "ward": {"code": 762}, "number_of_cots": 0, "town": {"name": "nandi hills"}, "name": "Kibabet Tea Dispensary", "created": "2009-10-31T00:00:00+00:00", "regulatory_body": {"name": "Kenya MPDB - Private Practice"}, "facility_type": {"name": "Dispensary"}, "plot_number": null, "operation_status": {"name": "Operational"}, "number_of_beds": 0}, {"code": 14748, "location_desc": "Off Nandi Hills - Lessos Road and within Kaprachoge Tea Estate.", "official_name": "Kaprachoge Tea Dispensary", "owner": {"name": "Company Medical Service"}, "keph_level": {"name": "Level 2"}, "ward": {"code": 762}, "number_of_cots": 0, "town": {"name": "nandi hills"}, "name": "Kaprachoge Tea Dispensary", "created": "2009-10-31T00:00:00+00:00", "regulatory_body": {"name": "Kenya MPDB - Private Practice"}, "facility_type": {"name": "Dispensary"}, "plot_number": "nandi/siret/ lr 9457/1", "operation_status": {"name": "Operational"}, "number_of_beds": 0}, {"code": 14829, "location_desc": "Nandi Hills - Lessos Road and near Kepchomo Tea Factocry.", "official_name": "Kepchomo Tea Dispensary (Nandi East)", "owner": {"name": "Company Medical Service"}, "keph_level": {"name": "Level 2"}, "ward": {"code": 762}, "number_of_cots": 0, "town": {"name": "nandi hills"}, "name": "Kepchomo Tea Dispensary", "created": "2009-10-31T00:00:00+00:00", "regulatory_body": {"name": "Kenya MPDB - Private Practice"}, "facility_type": {"name": "Dispensary"}, "plot_number": null, "operation_status": {"name": "Operational"}, "number_of_beds": 0}, {"code": 14917, "location_desc": "Nandi Hills - Mugundoi Road", "official_name": "Kapsikak Tea Dispensary", "owner": {"name": "Company Medical Service"}, "keph_level": {"name": "Level 2"}, "ward": {"code": 761}, "number_of_cots": 0, "town": {"name": "nandi hills"}, "name": "Kapsikak Tea Dispensary", "created": "2009-10-31T00:00:00+00:00", "regulatory_body": {"name": "Kenya MPDB - Private Practice"}, "facility_type": {"name": "Dispensary"}, "plot_number": null, "operation_status": {"name": "Operational"}, "number_of_beds": 0}, {"code": 14894, "location_desc": null, "official_name": "Kipkeibon Tea Dispensary", "owner": {"name": "Company Medical Service"}, "keph_level": {"name": "Level 2"}, "ward": {"code": 765}, "number_of_cots": 0, "town": {"name": "nandi hills"}, "name": "Kipkeibon Tea Dispensary", "created": "2009-10-31T00:00:00+00:00", "regulatory_body": {"name": "Other"}, "facility_type": {"name": "Dispensary"}, "plot_number": null, "operation_status": {"name": "Operational"}, "number_of_beds": 0}, {"code": 14901, "location_desc": "Off Nandi Hills - Lessos Road and Kipkoimet tea factory.", "official_name": "Kipkoimet Tea Dispensary ", "owner": {"name": "Company Medical Service"}, "keph_level": {"name": "Level 2"}, "ward": {"code": 762}, "number_of_cots": 0, "town": {"name": "nandi hills"}, "name": "Kipkoimet Tea Dispensary", "created": "2009-10-31T00:00:00+00:00", "regulatory_body": {"name": "Kenya MPDB - Private Practice"}, "facility_type": {"name": "Dispensary"}, "plot_number": "lr 11607", "operation_status": {"name": "Operational"}, "number_of_beds": 0}, {"code": 14763, "location_desc": "Nandi Hills - Kapsabet Road.", "official_name": "Kapsiwon Tea Dispensary", "owner": {"name": "Company Medical Service"}, "keph_level": {"name": "Level 2"}, "ward": {"code": 761}, "number_of_cots": 0, "town": {"name": "nandi hills"}, "name": "Kapsiwon Tea Dispensary", "created": "2009-10-31T00:00:00+00:00", "regulatory_body": {"name": "Kenya MPDB - Private Practice"}, "facility_type": {"name": "Dispensary"}, "plot_number": null, "operation_status": {"name": "Operational"}, "number_of_beds": 0}, {"code": 14629, "location_desc": "Nandi Hills - Hemaki Road", "official_name": "Kaboswa Tea Dispensary", "owner": {"name": "Company Medical Service"}, "keph_level": {"name": "Level 2"}, "ward": {"code": 762}, "number_of_cots": 0, "town": {"name": "nandi hills"}, "name": "Kaboswa Tea Dispensary", "created": "2009-10-31T00:00:00+00:00", "regulatory_body": {"name": "Kenya MPDB - Private Practice"}, "facility_type": {"name": "Dispensary"}, "plot_number": "lr 10729/1", "operation_status": {"name": "Operational"}, "number_of_beds": 0}, {"code": 14858, "location_desc": "Nandi Hills - Savani - Kaptumo road", "official_name": "Kibwari Tea Dispensary", "owner": {"name": "Company Medical Service"}, "keph_level": {"name": "Level 2"}, "ward": {"code": 761}, "number_of_cots": 0, "town": {"name": "nandi hills"}, "name": "Kibwari Tea Dispensary", "created": "2009-10-31T00:00:00+00:00", "regulatory_body": {"name": "Kenya MPDB - Private Practice"}, "facility_type": {"name": "Dispensary"}, "plot_number": null, "operation_status": {"name": "Operational"}, "number_of_beds": 0}, {"code": 14570, "location_desc": null, "official_name": "Ilula Dispensary", "owner": {"name": "Private Enterprise (Institution)"}, "keph_level": {"name": "Level 2"}, "ward": {"code": 714}, "number_of_cots": 0, "town": {"name": "eldoret"}, "name": "Ilula Dispensary", "created": "2009-10-31T00:00:00+00:00", "regulatory_body": {"name": "Kenya MPDB - Institution"}, "facility_type": {"name": "Dispensary"}, "plot_number": null, "operation_status": {"name": "Not-Operational"}, "number_of_beds": 0}, {"code": 14844, "location_desc": "Nandi Hills - Hemaki Road Kapsumbeiwa tea factory", "official_name": "Khartoum Tea Dispensary", "owner": {"name": "Company Medical Service"}, "keph_level": {"name": "Level 2"}, "ward": {"code": 762}, "number_of_cots": 0, "town": {"name": "nandi hills"}, "name": "Khartoum Tea Dispensary", "created": "2009-10-31T00:00:00+00:00", "regulatory_body": {"name": "Kenya MPDB - Private Practice"}, "facility_type": {"name": "Dispensary"}, "plot_number": "lr 13048", "operation_status": {"name": "Operational"}, "number_of_beds": 0}, {"code": 14313, "location_desc": "Nandi Hills - Siret Road", "official_name": "Chemartin Tea Dispensary", "owner": {"name": "Company Medical Service"}, "keph_level": {"name": "Level 2"}, "ward": {"code": 762}, "number_of_cots": 0, "town": {"name": "nandi hills"}, "name": "Chemartin Tea Dispensary", "created": "2009-10-31T00:00:00+00:00", "regulatory_body": {"name": "Kenya MPDB - Private Practice"}, "facility_type": {"name": "Dispensary"}, "plot_number": "nandi/nandi hills/6085/8", "operation_status": {"name": "Operational"}, "number_of_beds": 0}, {"code": 14696, "location_desc": "Off Nandi Hills - Lessos Road", "official_name": "Kapchorua Tea Dispensary", "owner": {"name": "Company Medical Service"}, "keph_level": {"name": "Level 2"}, "ward": {"code": 764}, "number_of_cots": 0, "town": {"name": "nandi hills"}, "name": "Kapchorua Tea Dispensary", "created": "2009-10-31T00:00:00+00:00", "regulatory_body": {"name": "Kenya MPDB - Private Practice"}, "facility_type": {"name": "Dispensary"}, "plot_number": null, "operation_status": {"name": "Operational"}, "number_of_beds": 0}, {"code": 15383, "location_desc": "Off Kapsabet - Lessos Road.", "official_name": "Ogirgir Tea Dispensary (Nandi East)", "owner": {"name": "Company Medical Service"}, "keph_level": {"name": "Level 2"}, "ward": {"code": 762}, "number_of_cots": 0, "town": {"name": "nandi hills"}, "name": "Ogirgir Tea Dispensary", "created": "2009-10-31T00:00:00+00:00", "regulatory_body": {"name": "Kenya MPDB - Private Practice"}, "facility_type": {"name": "Dispensary"}, "plot_number": null, "operation_status": {"name": "Operational"}, "number_of_beds": 0}, {"code": 14842, "location_desc": null, "official_name": "Ketepa Dispensary (Kericho)", "owner": {"name": "Private Enterprise (Institution)"}, "keph_level": {"name": "Level 2"}, "ward": {"code": 946}, "number_of_cots": 0, "town": {"name": "kericho"}, "name": "Ketepa Dispensary (Kericho)", "created": "2009-10-31T00:00:00+00:00", "regulatory_body": {"name": "Kenya MPDB - Institution"}, "facility_type": {"name": "Dispensary"}, "plot_number": null, "operation_status": {"name": "Operational"}, "number_of_beds": 0}, {"code": 19637, "location_desc": null, "official_name": "Sure Drug Medical Clinic", "owner": {"name": "Private Enterprise (Institution)"}, "keph_level": {"name": "Level 2"}, "ward": {"code": 1434}, "number_of_cots": 1, "town": {"name": "garissa lodge"}, "name": "Sure Drug Medical Clinic", "created": "2013-05-09T11:39:47.783000+00:00", "regulatory_body": {"name": "Other"}, "facility_type": {"name": "Medical Clinic"}, "plot_number": null, "operation_status": {"name": "Operational"}, "number_of_beds": 2}, {"code": 19638, "location_desc": "It is 3 km  to the west  from the  Orwa centre-kitale lodwar road", "official_name": "Orwa Clinic", "owner": {"name": "Private Practice - Nurse / Midwife"}, "keph_level": {"name": "Level 2"}, "ward": {"code": 647}, "number_of_cots": 0, "town": {"name": "sigor"}, "name": "Orwa Clinic", "created": "2013-05-09T11:40:54.943000+00:00", "regulatory_body": {"name": "Other"}, "facility_type": {"name": "Medical Clinic"}, "plot_number": null, "operation_status": {"name": "Operational"}, "number_of_beds": 0}, {"code": 19639, "location_desc": null, "official_name": "Skylit Medical Clinic", "owner": {"name": "Private Enterprise (Institution)"}, "keph_level": {"name": "Level 2"}, "ward": {"code": 1437}, "number_of_cots": 1, "town": {"name": "garissa lodge"}, "name": "Skylit Medical Clinic", "created": "2013-05-09T11:42:56.543000+00:00", "regulatory_body": {"name": "Other"}, "facility_type": {"name": "Medical Clinic"}, "plot_number": null, "operation_status": {"name": "Operational"}, "number_of_beds": 3}, {"code": 19640, "location_desc": null, "official_name": "Sahal Medical Clinic", "owner": {"name": "Private Enterprise (Institution)"}, "keph_level": {"name": "Level 2"}, "ward": {"code": 1436}, "number_of_cots": 1, "town": {"name": "garissa lodge"}, "name": "Sahal Medical Clinic", "created": "2013-05-09T11:46:10.517000+00:00", "regulatory_body": {"name": "Other"}, "facility_type": {"name": "Medical Clinic"}, "plot_number": null, "operation_status": {"name": "Operational"}, "number_of_beds": 4}, {"code": 19641, "location_desc": null, "official_name": "City Point Medical Clinic", "owner": {"name": "Private Enterprise (Institution)"}, "keph_level": {"name": "Level 2"}, "ward": {"code": 1436}, "number_of_cots": 1, "name": "City Point Medical Clinic", "created": "2013-05-09T11:49:43.770000+00:00", "regulatory_body": {"name": "Other"}, "facility_type": {"name": "Medical Clinic"}, "plot_number": null, "operation_status": {"name": "Operational"}, "number_of_beds": 3}, {"code": 19642, "location_desc": null, "official_name": "Roma Medical Clinic", "owner": {"name": "Private Enterprise (Institution)"}, "keph_level": {"name": "Level 2"}, "ward": {"code": 1437}, "number_of_cots": 1, "town": {"name": "garissa lodge"}, "name": "Roma Medical Clinic", "created": "2013-05-09T11:52:21.470000+00:00", "regulatory_body": {"name": "Other"}, "facility_type": {"name": "Medical Clinic"}, "plot_number": null, "operation_status": {"name": "Operational"}, "number_of_beds": 3}, {"code": 19643, "location_desc": null, "official_name": "Horseet Medical Clinic", "owner": {"name": "Private Enterprise (Institution)"}, "keph_level": {"name": "Level 2"}, "ward": {"code": 1437}, "number_of_cots": 1, "town": {"name": "garissa lodge"}, "name": "Horseet Medical Clinic", "created": "2013-05-09T11:54:58.530000+00:00", "regulatory_body": {"name": "Other"}, "facility_type": {"name": "Medical Clinic"}, "plot_number": null, "operation_status": {"name": "Operational"}, "number_of_beds": 2}, {"code": 19644, "location_desc": null, "official_name": "Kims Medical Clinic", "owner": {"name": "Private Practice - Nurse / Midwife"}, "keph_level": {"name": "Level 2"}, "ward": {"code": 478}, "number_of_cots": 0, "town": {"name": "giakaibei"}, "name": "Kims Medical Clinic", "created": "2013-05-09T13:31:52.867000+00:00", "regulatory_body": {"name": "Nursing Council of Kenya (Private Practice)"}, "facility_type": {"name": "Medical Clinic"}, "plot_number": null, "operation_status": {"name": "Operational"}, "number_of_beds": 0}], "model": "facilities.Facility", "unique_fields": ["code"]}]