[{"records": [{"code": 17393, "location_desc": "Near Carolina for Kibera,Olympic Estate", "official_name": "Huduma Health Center", "owner": {"name": "Private Practice - Clinical Officer"}, "keph_level": {"name": "Level 3"}, "ward": {"code": 1390}, "number_of_cots": 0, "town": {"name": "olympic shopping center"}, "name": "Huduma Health Centre", "created": "2010-11-13T19:35:03.387000+00:00", "regulatory_body": {"name": "Clinical Officers Council"}, "facility_type": {"name": "Maternity Home"}, "plot_number": "61/643", "operation_status": {"name": "Operational"}, "number_of_beds": 2}, {"code": 17394, "location_desc": "Accross the railway line opposite Olympic estate", "official_name": "Wema Medical Clinic", "owner": {"name": "Private Practice - Nurse / Midwife"}, "keph_level": {"name": "Level 3"}, "ward": {"code": 1390}, "number_of_cots": 0, "town": {"name": "gatwekera"}, "name": "Wema Medical Clinic", "created": "2010-11-13T19:48:51.990000+00:00", "regulatory_body": {"name": "Kenya MPDB - Institution"}, "facility_type": {"name": "Maternity Home"}, "plot_number": null, "operation_status": {"name": "Operational"}, "number_of_beds": 8}, {"code": 17396, "location_desc": "Kiambaa Shopping Centre", "official_name": "Kiambaa Medical Clinic", "owner": {"name": "Private Practice - Nurse / Midwife"}, "keph_level": {"name": "Level 2"}, "ward": {"code": 592}, "number_of_cots": 0, "town": {"name": "kiambaa market"}, "name": "Kiambaa Medical Clinic", "created": "2010-11-15T11:38:46.497000+00:00", "regulatory_body": {"name": "Nursing Council of Kenya (Private Practice)"}, "facility_type": {"name": "Medical Clinic"}, "plot_number": "236", "operation_status": {"name": "Operational"}, "number_of_beds": 0}, {"code": 17397, "location_desc": "5 km off Nakuru Nairobi higway opposite Kijabe AIC Hospital", "official_name": "Cure (AIC) international Children's Hospital", "owner": {"name": "Other Faith Based"}, "keph_level": {"name": "Level 4"}, "ward": {"code": 607}, "number_of_cots": 0, "town": {"name": "kijabe"}, "name": "Cure (AIC) International Children's Hospital", "created": "2010-11-15T14:42:17.197000+00:00", "regulatory_body": {"name": "Other"}, "facility_type": {"name": "Other Hospital"}, "plot_number": "17476", "operation_status": {"name": "Operational"}, "number_of_beds": 30}, {"code": 17398, "location_desc": "Uplands Githunguri Road near Lari Police Station", "official_name": "Women's Guild (PCEA) Uplands Dispensary", "owner": {"name": "Other Faith Based"}, "keph_level": {"name": "Level 2"}, "ward": {"code": 610}, "number_of_cots": 0, "town": {"name": "lari scheme"}, "name": "Women's Guild (PCEA) Uplands Dispensary", "created": "2010-11-15T15:20:24.413000+00:00", "regulatory_body": {"name": "Other"}, "facility_type": {"name": "Dispensary"}, "plot_number": null, "operation_status": {"name": "Operational"}, "number_of_beds": 0}, {"code": 17401, "location_desc": null, "official_name": "Githiga Private Medical Clinic", "owner": {"name": "Private Practice - Nurse / Midwife"}, "keph_level": {"name": "Level 2"}, "ward": {"code": 608}, "number_of_cots": 0, "town": {"name": "kagwe"}, "name": "Githiga Private Medical Clinic", "created": "2010-11-16T12:06:29.550000+00:00", "regulatory_body": {"name": "Nursing Council of Kenya (Private Practice)"}, "facility_type": {"name": "Medical Clinic"}, "plot_number": null, "operation_status": {"name": "Operational"}, "number_of_beds": 0}, {"code": 17402, "location_desc": "Behind Togis Inn", "official_name": "Cura Medical Clinic", "owner": {"name": "Private Practice - Nurse / Midwife"}, "keph_level": {"name": "Level 2"}, "ward": {"code": 591}, "number_of_cots": 0, "town": {"name": "kikuyu"}, "name": "Cura Medical Clinic", "created": "2010-11-16T12:59:53.277000+00:00", "regulatory_body": {"name": "Nursing Council of Kenya (Private Practice)"}, "facility_type": {"name": "Medical Clinic"}, "plot_number": "1217", "operation_status": {"name": "Operational"}, "number_of_beds": 0}, {"code": 17403, "location_desc": null, "official_name": "Tulwet Dispensary", "owner": {"name": "Ministry of Health"}, "keph_level": {"name": "Level 2"}, "ward": {"code": 729}, "number_of_cots": 0, "town": {"name": "eldoret"}, "name": "Tulwet Dispensary", "created": "2010-11-18T12:30:46.673000+00:00", "regulatory_body": {"name": "Kenya MPDB - Institution"}, "facility_type": {"name": "Dispensary"}, "plot_number": null, "operation_status": {"name": "Not-Operational"}, "number_of_beds": 0}, {"code": 17407, "location_desc": "Fly-Over Thika Road About 4 Kilometre From Fly-Over Then Gatwariga Centre", "official_name": "Kamae Medical Clinic", "owner": {"name": "Private Practice - Nurse / Midwife"}, "keph_level": {"name": "Level 2"}, "ward": {"code": 606}, "number_of_cots": 0, "town": {"name": "gathwariga"}, "name": "Kamae Medical Clinic", "created": "2010-11-19T12:45:15.403000+00:00", "regulatory_body": {"name": "Nursing Council of Kenya (Private Practice)"}, "facility_type": {"name": "Medical Clinic"}, "plot_number": null, "operation_status": {"name": "Operational"}, "number_of_beds": 0}, {"code": 17408, "location_desc": "Maua Athiru Gaiti Road -Near Maua Polytechnic", "official_name": "Gitura Dispensary", "owner": {"name": "Ministry of Health"}, "keph_level": {"name": "Level 2"}, "ward": {"code": 251}, "number_of_cots": 0, "town": {"name": "maua town"}, "name": "Gitura Dispensary", "created": "2010-11-22T13:27:18.807000+00:00", "regulatory_body": {"name": "Ministry of Health"}, "facility_type": {"name": "Dispensary"}, "plot_number": null, "operation_status": {"name": "Operational"}, "number_of_beds": 0}, {"code": 17411, "location_desc": "Umoja II Off Kangundo Road", "official_name": "Mama Lucy Kibaki Hospital - Embakasi", "owner": {"name": "Ministry of Health"}, "keph_level": {"name": "Level 4"}, "ward": {"code": 1427}, "number_of_cots": 12, "town": {"name": "umoja"}, "name": "Mama Lucy Kibaki Hospital - Embakasi", "created": "2010-11-23T22:34:19.003000+00:00", "regulatory_body": {"name": "Ministry of Health"}, "facility_type": {"name": "District Hospital"}, "plot_number": null, "operation_status": {"name": "Operational"}, "number_of_beds": 112}, {"code": 17413, "location_desc": null, "official_name": "St.Veronica", "owner": {"name": "Private Enterprise (Institution)"}, "keph_level": {"name": "Level 2"}, "ward": {"code": 723}, "number_of_cots": 0, "town": {"name": "eldoret"}, "name": "St Veronica", "created": "2010-11-24T16:10:29.360000+00:00", "regulatory_body": {"name": "Kenya MPDB - Institution"}, "facility_type": {"name": "Medical Clinic"}, "plot_number": null, "operation_status": {"name": "Not-Operational"}, "number_of_beds": 0}, {"code": 17414, "location_desc": null, "official_name": "Wananchi Medical Clinic", "owner": {"name": "Private Enterprise (Institution)"}, "keph_level": {"name": "Level 2"}, "ward": {"code": 723}, "number_of_cots": 0, "town": {"name": "eldoret"}, "name": "Wananchi Medical Clinic", "created": "2010-11-24T16:16:40.240000+00:00", "regulatory_body": {"name": "Kenya MPDB - Institution"}, "facility_type": {"name": "Medical Clinic"}, "plot_number": null, "operation_status": {"name": "Operational"}, "number_of_beds": 0}, {"code": 17416, "location_desc": null, "official_name": "Kimuri Disp", "owner": {"name": "Ministry of Health"}, "keph_level": {"name": "Level 2"}, "ward": {"code": 724}, "number_of_cots": 0, "town": {"name": "eldoret"}, "name": "Kimuri Disp", "created": "2010-11-24T16:31:44.537000+00:00", "regulatory_body": {"name": "Kenya MPDB - Institution"}, "facility_type": {"name": "Dispensary"}, "plot_number": null, "operation_status": {"name": "Pending Opening"}, "number_of_beds": 0}, {"code": 17417, "location_desc": null, "official_name": "Kapkoi Disp", "owner": {"name": "Ministry of Health"}, "keph_level": {"name": "Level 2"}, "ward": {"code": 730}, "number_of_cots": 0, "town": {"name": "eldoret"}, "name": "Kapkoi Disp", "created": "2010-11-24T16:39:32.993000+00:00", "regulatory_body": {"name": "Kenya MPDB - Institution"}, "facility_type": {"name": "Dispensary"}, "plot_number": null, "operation_status": {"name": "Operational"}, "number_of_beds": 0}, {"code": 17418, "location_desc": null, "official_name": "Chomei Medical Clinic ", "owner": {"name": "Private Enterprise (Institution)"}, "keph_level": {"name": "Level 2"}, "ward": {"code": 725}, "number_of_cots": 0, "town": {"name": "eldoret"}, "name": "Chomei Medical Clinic", "created": "2010-11-24T16:45:17.553000+00:00", "regulatory_body": {"name": "Kenya MPDB - Institution"}, "facility_type": {"name": "Medical Clinic"}, "plot_number": null, "operation_status": {"name": "Operational"}, "number_of_beds": 0}, {"code": 17420, "location_desc": "Next to wanyaga primary school", "official_name": "Wanyaga Community Dispensary", "owner": {"name": "Ministry of Health"}, "keph_level": {"name": "Level 2"}, "ward": {"code": 550}, "number_of_cots": 0, "town": {"name": "wanyaga"}, "name": "Wanyaga Community Dispensary", "created": "2010-11-26T10:02:23.353000+00:00", "regulatory_body": {"name": "Ministry of Health"}, "facility_type": {"name": "Dispensary"}, "plot_number": "t67", "operation_status": {"name": "Operational"}, "number_of_beds": 0}, {"code": 17421, "location_desc": null, "official_name": "Giatutu Dispensary", "owner": {"name": "Ministry of Health"}, "keph_level": {"name": "Level 2"}, "ward": {"code": 547}, "number_of_cots": 0, "town": {"name": "thika"}, "name": "Giatutu Dispensary", "created": "2010-11-26T10:10:06.210000+00:00", "regulatory_body": {"name": "Ministry of Health"}, "facility_type": {"name": "Dispensary"}, "plot_number": null, "operation_status": {"name": "Operational"}, "number_of_beds": 0}, {"code": 17424, "location_desc": "Gatana Market", "official_name": "Githima Medical Clinic", "owner": {"name": "Private Practice - Nurse / Midwife"}, "keph_level": {"name": "Level 2"}, "ward": {"code": 608}, "number_of_cots": 0, "town": {"name": "gatana"}, "name": "Githima Medical Clinic", "created": "2010-11-30T11:03:17.403000+00:00", "regulatory_body": {"name": "Other"}, "facility_type": {"name": "Dispensary"}, "plot_number": "lr 2400 gwa gatana", "operation_status": {"name": "Operational"}, "number_of_beds": 1}, {"code": 20243, "location_desc": null, "official_name": "Port Florence (Ndhiwa)", "owner": {"name": "Private Enterprise (Institution)"}, "keph_level": {"name": "Level 2"}, "ward": {"code": 1251}, "number_of_cots": 0, "town": {"name": "rimu"}, "name": "Port Florence (Ndhiwa)", "created": "2014-04-25T12:46:22.877000+00:00", "regulatory_body": {"name": "Kenya MPDB - Private Practice"}, "facility_type": {"name": "Medical Clinic"}, "plot_number": null, "operation_status": {"name": "Operational"}, "number_of_beds": 0}, {"code": 20245, "location_desc": "Next to matungu sub-county commissioner's office along kholera road", "official_name": "Matungu Medical Clinic", "owner": {"name": "Private Practice - Clinical Officer"}, "keph_level": {"name": "Level 2"}, "ward": {"code": 1159}, "number_of_cots": 1, "town": {"name": "matungu"}, "name": "Matungu Medical Clinic", "created": "2014-04-28T18:13:00.947000+00:00", "regulatory_body": {"name": "Ministry of Health"}, "facility_type": {"name": "Medical Clinic"}, "plot_number": "1464", "operation_status": {"name": "Operational"}, "number_of_beds": 4}, {"code": 20246, "location_desc": "near Chesamisi Market", "official_name": "Sulwe Dispensary", "owner": {"name": "Ministry of Health"}, "keph_level": {"name": "Level 2"}, "ward": {"code": 1114}, "number_of_cots": 0, "town": {"name": "kamukuywa"}, "name": "Sulwe Dispensary", "created": "2014-04-29T15:40:49.403000+00:00", "regulatory_body": {"name": "Ministry of Health"}, "facility_type": {"name": "Dispensary"}, "plot_number": null, "operation_status": {"name": "Operational"}, "number_of_beds": 0}, {"code": 20250, "location_desc": "In Dagoretti Market", "official_name": "Afya Medical Clinic(Dagoretti Market)", "owner": {"name": "Private Practice - Nurse / Midwife"}, "keph_level": {"name": "Level 2"}, "ward": {"code": 1376}, "number_of_cots": 0, "town": {"name": "dagoretti market"}, "name": "Afya Medical Clinic(Dagoretti Market)", "created": "2014-05-02T11:49:01.037000+00:00", "regulatory_body": {"name": "Nursing Council of Kenya (Private Practice)"}, "facility_type": {"name": "Medical Clinic"}, "plot_number": "39", "operation_status": {"name": "Operational"}, "number_of_beds": 0}, {"code": 20251, "location_desc": null, "official_name": "Sam-Evan Medical Clinic", "owner": {"name": "Private Practice - Nurse / Midwife"}, "keph_level": {"name": "Level 2"}, "ward": {"code": 803}, "number_of_cots": 1, "town": {"name": "kiti"}, "name": "Sam-Evan Medical Clinic", "created": "2014-05-02T11:52:27.343000+00:00", "regulatory_body": {"name": "Clinical Officers Council"}, "facility_type": {"name": "Medical Clinic"}, "plot_number": null, "operation_status": {"name": "Operational"}, "number_of_beds": 1}, {"code": 20252, "location_desc": "Thogoto Mutarakwa Road,10km From  Kikuyu Town Close to Lusigetti GOK Sub-county Hospital", "official_name": "Wanemed Medical Clinic", "owner": {"name": "Private Practice - General Practitioner"}, "keph_level": {"name": "Level 2"}, "ward": {"code": 597}, "number_of_cots": 0, "town": {"name": "lusigetti"}, "name": "Wanemed Medical Clinic", "created": "2014-05-02T12:32:18.807000+00:00", "regulatory_body": {"name": "Kenya MPDB - Private Practice"}, "facility_type": {"name": "Medical Clinic"}, "plot_number": null, "operation_status": {"name": "Operational"}, "number_of_beds": 0}, {"code": 20253, "location_desc": "Located At Thogoto Shopping Centre", "official_name": "Thogoto Medical clinic", "owner": {"name": "Private Practice - Clinical Officer"}, "keph_level": {"name": "Level 2"}, "ward": {"code": 599}, "number_of_cots": 0, "town": {"name": "thogoto"}, "name": "Thogoto Medical clinic", "created": "2014-05-02T12:41:03.760000+00:00", "regulatory_body": {"name": "Clinical Officers Council"}, "facility_type": {"name": "Medical Clinic"}, "plot_number": "2013", "operation_status": {"name": "Operational"}, "number_of_beds": 0}, {"code": 20254, "location_desc": "Kikuyu Town, Muguku Building", "official_name": "Agha Khan University Hospital (Kikuyu Medical Centre)", "owner": {"name": "Private Enterprise (Institution)"}, "keph_level": {"name": "Level 2"}, "ward": {"code": 599}, "number_of_cots": 0, "town": {"name": "kikuyu"}, "name": "Agha Khan University Hospital (Kikuyu Medical Centre)", "created": "2014-05-02T12:51:03.537000+00:00", "regulatory_body": {"name": "Kenya MPDB - Private Practice"}, "facility_type": {"name": "Other Hospital"}, "plot_number": "10", "operation_status": {"name": "Operational"}, "number_of_beds": 0}, {"code": 20255, "location_desc": "Next to Governor HQs office Mbale", "official_name": "GK Prison Mbale", "owner": {"name": "Ministry of Health"}, "keph_level": {"name": "Level 2"}, "ward": {"code": 1051}, "number_of_cots": 0, "town": {"name": "inside mbale gk prison"}, "name": "GK Prison Mbale", "created": "2014-05-02T22:48:19.963000+00:00", "regulatory_body": {"name": "Kenya MPDB - Institution"}, "facility_type": {"name": "Dispensary"}, "plot_number": null, "operation_status": {"name": "Pending Opening"}, "number_of_beds": 0}, {"code": 20256, "location_desc": null, "official_name": "Kyumbe Dispensary", "owner": {"name": "Ministry of Health"}, "keph_level": {"name": "Level 2"}, "ward": {"code": 343}, "number_of_cots": 0, "town": {"name": "ngunguni"}, "name": "Kyumbe Dispensary", "created": "2014-05-05T14:41:10.030000+00:00", "regulatory_body": {"name": "Ministry of Health"}, "facility_type": {"name": "Dispensary"}, "plot_number": null, "operation_status": {"name": "Pending Opening"}, "number_of_beds": 0}, {"code": 20257, "location_desc": null, "official_name": "Matulani Dispensary", "owner": {"name": "Ministry of Health"}, "keph_level": {"name": "Level 2"}, "ward": {"code": 343}, "number_of_cots": 0, "town": {"name": "kimongo"}, "name": "Matulani Dispensary", "created": "2014-05-05T14:57:59.120000+00:00", "regulatory_body": {"name": "Ministry of Health"}, "facility_type": {"name": "Dispensary"}, "plot_number": null, "operation_status": {"name": "Pending Opening"}, "number_of_beds": 0}, {"code": 20258, "location_desc": null, "official_name": "Nzouni Dispensary", "owner": {"name": "Ministry of Health"}, "keph_level": {"name": "Level 2"}, "ward": {"code": 344}, "number_of_cots": 0, "town": {"name": "miambani"}, "name": "Nzouni Dispensary", "created": "2014-05-05T15:13:42.920000+00:00", "regulatory_body": {"name": "Ministry of Health"}, "facility_type": {"name": "Dispensary"}, "plot_number": null, "operation_status": {"name": "Pending Opening"}, "number_of_beds": 0}, {"code": 20259, "location_desc": "Pinkam House Ground floor", "official_name": "Gibea Medical Centre", "owner": {"name": "Private Practice - Nurse / Midwife"}, "keph_level": {"name": "Level 2"}, "ward": {"code": 876}, "number_of_cots": 0, "town": {"name": "mburu gichua road pinkam"}, "name": "Gibea Medical Centre", "created": "2014-05-07T13:07:23.490000+00:00", "regulatory_body": {"name": "Kenya MPDB - Private Practice"}, "facility_type": {"name": "Medical Clinic"}, "plot_number": "nil", "operation_status": {"name": "Operational"}, "number_of_beds": 0}, {"code": 20260, "location_desc": "Rural", "official_name": "Baraka Medical Clinic Mbitini)", "owner": {"name": "Private Practice - Nurse / Midwife"}, "keph_level": {"name": "Level 2"}, "ward": {"code": 351}, "number_of_cots": 0, "town": {"name": "mbitini"}, "name": "Baraka Medical Clinic (Mbitini)", "created": "2014-05-07T13:10:34.950000+00:00", "regulatory_body": {"name": "Other"}, "facility_type": {"name": "Medical Centre"}, "plot_number": null, "operation_status": {"name": "Operational"}, "number_of_beds": 4}, {"code": 20261, "location_desc": null, "official_name": "Katulani Medical Clinic(kitui)", "owner": {"name": "Private Practice - Clinical Officer"}, "keph_level": {"name": "Level 2"}, "ward": {"code": 357}, "number_of_cots": 0, "town": {"name": "katulani market"}, "name": "Katulani Medical Clinic(kitui)", "created": "2014-05-07T14:53:48.343000+00:00", "regulatory_body": {"name": "Clinical Officers Council"}, "facility_type": {"name": "Medical Clinic"}, "plot_number": null, "operation_status": {"name": "Operational"}, "number_of_beds": 0}, {"code": 20262, "location_desc": null, "official_name": "St Francis dispensary", "owner": {"name": "Other Faith Based"}, "keph_level": {"name": "Level 2"}, "ward": {"code": 401}, "number_of_cots": 1, "town": {"name": "katani market"}, "name": "ST Francis dispensary", "created": "2014-05-07T16:02:18.877000+00:00", "regulatory_body": {"name": "Kenya MPDB - Private Practice"}, "facility_type": {"name": "Dispensary"}, "plot_number": "2/230", "operation_status": {"name": "Operational"}, "number_of_beds": 2}, {"code": 20263, "location_desc": "Off Nzeluni road- Lutune Building", "official_name": "Providence Medical Centre", "owner": {"name": "Private Practice - Medical Specialist"}, "keph_level": {"name": "Level 2"}, "ward": {"code": 340}, "number_of_cots": 0, "town": {"name": "mwingi town"}, "name": "Providence Medical Centre", "created": "2014-05-07T19:02:57.340000+00:00", "regulatory_body": {"name": "Kenya MPDB - Institution"}, "facility_type": {"name": "Medical Clinic"}, "plot_number": null, "operation_status": {"name": "Operational"}, "number_of_beds": 0}, {"code": 20264, "location_desc": "General waruinge Rd", "official_name": "Nairobi East Hospital", "owner": {"name": "Private Practice - Medical Specialist"}, "keph_level": {"name": "Level 3"}, "ward": {"code": 1438}, "number_of_cots": 10, "town": {"name": "nomad hotel"}, "name": "Nairobi East Hospital Ltd", "created": "2014-05-07T23:05:00.577000+00:00", "regulatory_body": {"name": "Kenya MPDB - Institution"}, "facility_type": {"name": "Nursing Home"}, "plot_number": "36/vii/326", "operation_status": {"name": "Operational"}, "number_of_beds": 38}, {"code": 20265, "location_desc": "Kasmbara Shopping Centre near Lady Anne Secondary School", "official_name": "Afya Medical Clinic (Mbaruk)", "owner": {"name": "Private Practice - Clinical Officer"}, "keph_level": {"name": "Level 2"}, "ward": {"code": 846}, "number_of_cots": 0, "town": {"name": "kasambara shopping centre near lady anne secondary school"}, "name": "Afya Medical Clinic (Mbaruk)", "created": "2014-05-08T05:47:22.377000+00:00", "regulatory_body": {"name": "Clinical Officers Council"}, "facility_type": {"name": "Medical Clinic"}, "plot_number": "592 kiambogo/ mereroni", "operation_status": {"name": "Operational"}, "number_of_beds": 0}, {"code": 20266, "location_desc": null, "official_name": "Mwambui Dispensary", "owner": {"name": "Ministry of Health"}, "keph_level": {"name": "Level 2"}, "ward": {"code": 345}, "number_of_cots": 0, "town": {"name": "mwambui"}, "name": "Mwambui dispensary", "created": "2014-05-08T07:11:31.110000+00:00", "regulatory_body": {"name": "Ministry of Health"}, "facility_type": {"name": "Dispensary"}, "plot_number": null, "operation_status": {"name": "Pending Opening"}, "number_of_beds": 0}, {"code": 20267, "location_desc": null, "official_name": "Malioni Dispensary", "owner": {"name": "Ministry of Health"}, "keph_level": {"name": "Level 2"}, "ward": {"code": 345}, "number_of_cots": 0, "town": {"name": "malioni"}, "name": "Malioni Dispensary", "created": "2014-05-08T07:16:03.983000+00:00", "regulatory_body": {"name": "Ministry of Health"}, "facility_type": {"name": "Dispensary"}, "plot_number": null, "operation_status": {"name": "Pending Opening"}, "number_of_beds": 0}, {"code": 20268, "location_desc": null, "official_name": "Maongoa Dispensary", "owner": {"name": "Ministry of Health"}, "keph_level": {"name": "Level 2"}, "ward": {"code": 345}, "number_of_cots": 0, "town": {"name": "maongoa"}, "name": "Maongoa Dispensary", "created": "2014-05-08T07:19:54.520000+00:00", "regulatory_body": {"name": "Ministry of Health"}, "facility_type": {"name": "Dispensary"}, "plot_number": null, "operation_status": {"name": "Pending Opening"}, "number_of_beds": 0}, {"code": 20269, "location_desc": "5 kms from Kitise Town", "official_name": "Manza dispensary", "owner": {"name": "Ministry of Health"}, "keph_level": {"name": "Level 2"}, "ward": {"code": 428}, "number_of_cots": 0, "town": {"name": "manza"}, "name": "Manza dispensary", "created": "2014-05-08T13:50:56.173000+00:00", "regulatory_body": {"name": "Ministry of Health"}, "facility_type": {"name": "Dispensary"}, "plot_number": null, "operation_status": {"name": "Operational"}, "number_of_beds": 2}, {"code": 20270, "location_desc": null, "official_name": "Yinthngu Dispensary", "owner": {"name": "Ministry of Health"}, "keph_level": {"name": "Level 2"}, "ward": {"code": 427}, "number_of_cots": 0, "town": {"name": "kanzokea"}, "name": "Yinthungu Dispensary", "created": "2014-05-08T14:57:16.647000+00:00", "regulatory_body": {"name": "Ministry of Health"}, "facility_type": {"name": "Dispensary"}, "plot_number": null, "operation_status": {"name": "Operational"}, "number_of_beds": 2}, {"code": 20271, "location_desc": null, "official_name": "Mbuvo Helath Centre", "owner": {"name": "Ministry of Health"}, "keph_level": {"name": "Level 2"}, "ward": {"code": 428}, "number_of_cots": 6, "town": {"name": "wote"}, "name": "Mbuvo Health Centre", "created": "2014-05-08T15:22:12.800000+00:00", "regulatory_body": {"name": "Ministry of Health"}, "facility_type": {"name": "Health Centre"}, "plot_number": null, "operation_status": {"name": "Operational"}, "number_of_beds": 10}, {"code": 20272, "location_desc": "Along Juja town - Milimaini road. Directly opposite Mtaro Estate gate", "official_name": "Kiaora Farm Dispensary", "owner": {"name": "Company Medical Service"}, "keph_level": {"name": "Level 2"}, "ward": {"code": 561}, "number_of_cots": 0, "town": {"name": "juja town"}, "name": "Kiaora Farm Dispensary", "created": "2014-05-08T21:26:23.243000+00:00", "regulatory_body": {"name": "Kenya MPDB - Institution"}, "facility_type": {"name": "Dispensary"}, "plot_number": "plot 10088/89/90", "operation_status": {"name": "Operational"}, "number_of_beds": 0}, {"code": 20273, "location_desc": "Off Thika  superhighway - Turacco Restaurant next to Kenyatta Road PCEA Church", "official_name": "Review Medical Clinic", "owner": {"name": "Private Practice - Clinical Officer"}, "keph_level": {"name": "Level 2"}, "ward": {"code": 563}, "number_of_cots": 0, "town": {"name": "muigai inn"}, "name": "Review Medical Clinic", "created": "2014-05-08T21:41:04.197000+00:00", "regulatory_body": {"name": "Clinical Officers Council"}, "facility_type": {"name": "Medical Clinic"}, "plot_number": "2/4148/38", "operation_status": {"name": "Operational"}, "number_of_beds": 0}, {"code": 20274, "location_desc": "Few metres from santa esther", "official_name": "Jeluto medical clinic", "owner": {"name": "Private Enterprise (Institution)"}, "keph_level": {"name": "Level 2"}, "ward": {"code": 348}, "number_of_cots": 0, "town": {"name": "matinyani"}, "name": "Jeluto Medical Clinic", "created": "2014-05-09T10:49:09.460000+00:00", "regulatory_body": {"name": "Clinical Officers Council"}, "facility_type": {"name": "Medical Clinic"}, "plot_number": "889", "operation_status": {"name": "Operational"}, "number_of_beds": 0}, {"code": 20275, "location_desc": null, "official_name": "Kavisuni Dispensary", "owner": {"name": "Ministry of Health"}, "keph_level": {"name": "Level 2"}, "ward": {"code": 342}, "number_of_cots": 0, "town": {"name": "kavisu"}, "name": "Kavisuni Dispensary(Mwingi)", "created": "2014-05-09T11:06:23.737000+00:00", "regulatory_body": {"name": "Ministry of Health"}, "facility_type": {"name": "Dispensary"}, "plot_number": null, "operation_status": {"name": "Not-Operational"}, "number_of_beds": 0}, {"code": 20276, "location_desc": null, "official_name": "Maria Medical Clinic And Diadetic centre(Saika) ", "owner": {"name": "Private Practice - General Practitioner"}, "keph_level": {"name": "Level 2"}, "ward": {"code": 1420}, "number_of_cots": 0, "town": {"name": "njiru centre"}, "name": "Maria Medical Clinic And Diadetic centre(Saika) ", "created": "2014-05-09T11:40:57.737000+00:00", "regulatory_body": {"name": "Nursing Council of Kenya (Private Practice)"}, "facility_type": {"name": "Medical Clinic"}, "plot_number": null, "operation_status": {"name": "Operational"}, "number_of_beds": 0}, {"code": 20277, "location_desc": null, "official_name": "Nuu Medical Clinic", "owner": {"name": "Private Practice - Clinical Officer"}, "keph_level": {"name": "Level 2"}, "ward": {"code": 343}, "number_of_cots": 0, "town": {"name": "nuu town"}, "name": "Nuu Medical Clinic", "created": "2014-05-09T11:58:21.223000+00:00", "regulatory_body": {"name": "Clinical Officers Council"}, "facility_type": {"name": "Medical Clinic"}, "plot_number": null, "operation_status": {"name": "Operational"}, "number_of_beds": 0}, {"code": 20278, "location_desc": null, "official_name": "Rehoboth Maternity and Nursing Home", "owner": {"name": "Private Practice - General Practitioner"}, "keph_level": {"name": "Level 2"}, "ward": {"code": 343}, "number_of_cots": 1, "town": {"name": "nuu town"}, "name": "Rehoboth Maternity and Nursing Home", "created": "2014-05-09T12:17:03.040000+00:00", "regulatory_body": {"name": "Kenya MPDB - Private Practice"}, "facility_type": {"name": "Nursing Home"}, "plot_number": null, "operation_status": {"name": "Operational"}, "number_of_beds": 4}, {"code": 20279, "location_desc": null, "official_name": "Sinai clinic", "owner": {"name": "Private Practice - Nurse / Midwife"}, "keph_level": {"name": "Level 2"}, "ward": {"code": 343}, "number_of_cots": 0, "town": {"name": "kaai"}, "name": "Sinai clinic", "created": "2014-05-09T13:20:44.470000+00:00", "regulatory_body": {"name": "Kenya MPDB - Private Practice"}, "facility_type": {"name": "Medical Clinic"}, "plot_number": null, "operation_status": {"name": "Operational"}, "number_of_beds": 0}, {"code": 20281, "location_desc": "Between Mazeras and Mariakani, along Mombasa-Nairobi highway near uwanja ndege market", "official_name": "M-afya Medical Clinic", "owner": {"name": "Non-Governmental Organizations"}, "keph_level": {"name": "Level 2"}, "ward": {"code": 17}, "number_of_cots": 0, "town": {"name": "mazeras"}, "name": "M-afya Medical Clinic", "created": "2014-05-09T15:49:51.580000+00:00", "regulatory_body": {"name": "Clinical Officers Council"}, "facility_type": {"name": "Medical Clinic"}, "plot_number": null, "operation_status": {"name": "Operational"}, "number_of_beds": 0}, {"code": 20282, "location_desc": "Kenlands Old Posta building at Shabbab", "official_name": "Kenlands Health Services", "owner": {"name": "Private Practice - Clinical Officer"}, "keph_level": {"name": "Level 2"}, "ward": {"code": 871}, "number_of_cots": 0, "town": {"name": "at shabaab"}, "name": "Kenlands Health Services", "created": "2014-05-09T15:57:52.510000+00:00", "regulatory_body": {"name": "Clinical Officers Council"}, "facility_type": {"name": "Medical Clinic"}, "plot_number": "3/584", "operation_status": {"name": "Operational"}, "number_of_beds": 0}, {"code": 20283, "location_desc": null, "official_name": "Zioni II Medical Centre", "owner": {"name": "Private Practice - Clinical Officer"}, "keph_level": {"name": "Level 2"}, "ward": {"code": 306}, "number_of_cots": 0, "town": {"name": "kateiko"}, "name": "Zioni II Medical Centre", "created": "2014-05-09T16:45:51.180000+00:00", "regulatory_body": {"name": "Clinical Officers Council"}, "facility_type": {"name": "Medical Clinic"}, "plot_number": null, "operation_status": {"name": "Operational"}, "number_of_beds": 0}, {"code": 20284, "location_desc": null, "official_name": "Muangeni Dispensary (Mwingi)", "owner": {"name": "Ministry of Health"}, "keph_level": {"name": "Level 2"}, "ward": {"code": 343}, "number_of_cots": 0, "town": {"name": "muangeni"}, "name": "Muangeni Dispensary (Mwingi)", "created": "2014-05-09T17:06:02.950000+00:00", "regulatory_body": {"name": "Ministry of Health"}, "facility_type": {"name": "Dispensary"}, "plot_number": null, "operation_status": {"name": "Not-Operational"}, "number_of_beds": 0}, {"code": 20285, "location_desc": null, "official_name": "Lwanda kobita", "owner": {"name": "Ministry of Health"}, "keph_level": {"name": "Level 2"}, "ward": {"code": 1184}, "number_of_cots": 4, "name": "Lwanda kobita", "created": "2014-05-09T20:03:40.620000+00:00", "regulatory_body": {"name": "Ministry of Health"}, "facility_type": {"name": "Dispensary"}, "plot_number": null, "operation_status": {"name": "Operational"}, "number_of_beds": 4}, {"code": 20286, "location_desc": "In Gilgil Town behind Gilgil Railway Station", "official_name": "Glory Medical Clinic (Gilgil)", "owner": {"name": "Private Practice - Nurse / Midwife"}, "keph_level": {"name": "Level 2"}, "ward": {"code": 811}, "number_of_cots": 0, "town": {"name": "near gilgil railway station"}, "name": "Glory Medical Clinic (Gilgil)", "created": "2014-05-09T22:19:31.303000+00:00", "regulatory_body": {"name": "Nursing Council of Kenya (Private Practice)"}, "facility_type": {"name": "Medical Clinic"}, "plot_number": "20 gilgil", "operation_status": {"name": "Operational"}, "number_of_beds": 0}, {"code": 20287, "location_desc": "In Gilgil Town Near Gilgil Police Station", "official_name": "Joseph Memorial Medical Centre", "owner": {"name": "Private Practice - Clinical Officer"}, "keph_level": {"name": "Level 2"}, "ward": {"code": 811}, "number_of_cots": 0, "town": {"name": "near gilgil police station"}, "name": "Joseph Memorial Medical Centre", "created": "2014-05-09T22:34:19.793000+00:00", "regulatory_body": {"name": "Clinical Officers Council"}, "facility_type": {"name": "Medical Clinic"}, "plot_number": "51 gilgil", "operation_status": {"name": "Operational"}, "number_of_beds": 0}, {"code": 20288, "location_desc": "Opposite Gilgil Co-operative Bank", "official_name": "St. Tresa's Medical Clinic", "owner": {"name": "Private Practice - Clinical Officer"}, "keph_level": {"name": "Level 2"}, "ward": {"code": 844}, "number_of_cots": 0, "town": {"name": "opposite gilgil co-operative bank"}, "name": "St. Tresa's Medical Clinic", "created": "2014-05-09T22:46:13.557000+00:00", "regulatory_body": {"name": "Clinical Officers Council"}, "facility_type": {"name": "Medical Clinic"}, "plot_number": "13/7/187", "operation_status": {"name": "Operational"}, "number_of_beds": 0}, {"code": 20289, "location_desc": null, "official_name": "Nyabweri", "owner": {"name": "Ministry of Health"}, "keph_level": {"name": "Level 2"}, "ward": {"code": 774}, "number_of_cots": 1, "name": "Nyabweri (Nyamira North)", "created": "2014-05-11T21:37:10.407000+00:00", "regulatory_body": {"name": "Ministry of Health"}, "facility_type": {"name": "Dispensary"}, "plot_number": null, "operation_status": {"name": "Pending Opening"}, "number_of_beds": 4}, {"code": 20290, "location_desc": null, "official_name": "Nyabonge", "owner": {"name": "Ministry of Health"}, "keph_level": {"name": "Level 2"}, "ward": {"code": 775}, "number_of_cots": 1, "name": "Nyabonge (Nyamira North)", "created": "2014-05-11T21:45:38.363000+00:00", "regulatory_body": {"name": "Ministry of Health"}, "facility_type": {"name": "Dispensary"}, "plot_number": null, "operation_status": {"name": "Pending Opening"}, "number_of_beds": 4}, {"code": 20291, "location_desc": null, "official_name": "Rianyambweke", "owner": {"name": "Ministry of Health"}, "keph_level": {"name": "Level 2"}, "ward": {"code": 776}, "number_of_cots": 1, "name": "Rianyambweke (Nyamira North)", "created": "2014-05-11T21:51:00.873000+00:00", "regulatory_body": {"name": "Ministry of Health"}, "facility_type": {"name": "Dispensary"}, "plot_number": null, "operation_status": {"name": "Pending Opening"}, "number_of_beds": 4}, {"code": 20292, "location_desc": null, "official_name": "Kiomara", "owner": {"name": "Ministry of Health"}, "keph_level": {"name": "Level 2"}, "ward": {"code": 776}, "number_of_cots": 1, "name": "Kiomara (Nyamira North)", "created": "2014-05-11T21:54:54.133000+00:00", "regulatory_body": {"name": "Ministry of Health"}, "facility_type": {"name": "Dispensary"}, "plot_number": null, "operation_status": {"name": "Pending Opening"}, "number_of_beds": 4}, {"code": 20293, "location_desc": null, "official_name": "Kemunchugu", "owner": {"name": "Ministry of Health"}, "keph_level": {"name": "Level 2"}, "ward": {"code": 776}, "number_of_cots": 1, "name": "Kemunchugu (Nyamira North)", "created": "2014-05-11T21:58:40.940000+00:00", "regulatory_body": {"name": "Ministry of Health"}, "facility_type": {"name": "Dispensary"}, "plot_number": null, "operation_status": {"name": "Pending Opening"}, "number_of_beds": 4}, {"code": 20294, "location_desc": null, "official_name": "Kiamanyomba", "owner": {"name": "Ministry of Health"}, "keph_level": {"name": "Level 2"}, "ward": {"code": 775}, "number_of_cots": 1, "name": "Kiamanyomba (Nyamira North)", "created": "2014-05-11T22:02:47.397000+00:00", "regulatory_body": {"name": "Ministry of Health"}, "facility_type": {"name": "Dispensary"}, "plot_number": null, "operation_status": {"name": "Pending Opening"}, "number_of_beds": 4}, {"code": 20295, "location_desc": "Along Luanda Siaya Road 1 KM from Luanda Town", "official_name": "The Great Lakes Medical Centre", "owner": {"name": "Private Enterprise (Institution)"}, "keph_level": {"name": "Level 3"}, "ward": {"code": 1070}, "number_of_cots": 0, "town": {"name": "luanda town"}, "name": "The Great Lakes Medical Centre", "created": "2014-05-12T12:45:19.917000+00:00", "regulatory_body": {"name": "Kenya MPDB - Institution"}, "facility_type": {"name": "Medical Centre"}, "plot_number": null, "operation_status": {"name": "Operational"}, "number_of_beds": 29}, {"code": 20296, "location_desc": "In Mbaruk shopping centre near Lady Anne Seccondary School", "official_name": "Afya medical Clinic (Gilgil)", "owner": {"name": "Private Practice - Clinical Officer"}, "keph_level": {"name": "Level 2"}, "ward": {"code": 811}, "number_of_cots": 0, "town": {"name": "in mbaruk shopping centre"}, "name": "Afya Medical Clinic (Gilgil)", "created": "2014-05-12T22:01:20.890000+00:00", "regulatory_body": {"name": "Clinical Officers Council"}, "facility_type": {"name": "Medical Clinic"}, "plot_number": "21 rongai", "operation_status": {"name": "Operational"}, "number_of_beds": 0}, {"code": 20297, "location_desc": null, "official_name": "Ngura Medical Clinic", "owner": {"name": "Private Practice - Clinical Officer"}, "keph_level": {"name": "Level 2"}, "ward": {"code": 334}, "number_of_cots": 0, "town": {"name": "nguni town"}, "name": "Ngura Medical Clinic", "created": "2014-05-12T23:59:31.120000+00:00", "regulatory_body": {"name": "Clinical Officers Council"}, "facility_type": {"name": "Medical Clinic"}, "plot_number": "2a", "operation_status": {"name": "Operational"}, "number_of_beds": 0}, {"code": 20298, "location_desc": null, "official_name": "Nzikani community centre", "owner": {"name": "Private Practice - Unspecified"}, "keph_level": {"name": "Level 2"}, "ward": {"code": 342}, "number_of_cots": 0, "town": {"name": "nzikani"}, "name": "Nzikani community centre", "created": "2014-05-13T00:11:26.373000+00:00", "regulatory_body": {"name": "Other"}, "facility_type": {"name": "Dispensary"}, "plot_number": null, "operation_status": {"name": "Operational"}, "number_of_beds": 0}, {"code": 20299, "location_desc": null, "official_name": "Kimeswon Health Centre", "owner": {"name": "Ministry of Health"}, "keph_level": {"name": "Level 3"}, "ward": {"code": 852}, "number_of_cots": 0, "town": {"name": "chepkinonyo trading centre"}, "name": "Kimeswon Health Centre", "created": "2014-05-13T12:05:22.123000+00:00", "regulatory_body": {"name": "Ministry of Health"}, "facility_type": {"name": "Health Centre"}, "plot_number": null, "operation_status": {"name": "Operational"}, "number_of_beds": 22}, {"code": 20300, "location_desc": "Off malindi mombasa high way near Msabaha shoping centre", "official_name": "Mshongoleni Community Dispensary", "owner": {"name": "Community"}, "keph_level": {"name": "Level 2"}, "ward": {"code": 77}, "number_of_cots": 0, "town": {"name": "msabaha"}, "name": "Mshongoleni Community Dispensary", "created": "2014-05-14T10:49:18.053000+00:00", "regulatory_body": {"name": "Ministry of Health"}, "facility_type": {"name": "Dispensary"}, "plot_number": "n/a", "operation_status": {"name": "Operational"}, "number_of_beds": 0}, {"code": 20301, "location_desc": "Old Kajiado Road Kitengela", "official_name": "Seniors Medical Services", "owner": {"name": "Private Practice - Clinical Officer"}, "keph_level": {"name": "Level 3"}, "ward": {"code": 921}, "number_of_cots": 0, "town": {"name": "kitengela"}, "name": "Seniors Medical Services", "created": "2014-05-14T15:39:35.497000+00:00", "regulatory_body": {"name": "Ministry of Health"}, "facility_type": {"name": "Nursing Home"}, "plot_number": null, "operation_status": {"name": "Operational"}, "number_of_beds": 14}, {"code": 20302, "location_desc": "Isinya Konza Road Isinya", "official_name": "PJ Dave Company Clinic", "owner": {"name": "Company Medical Service"}, "keph_level": {"name": "Level 2"}, "ward": {"code": 921}, "number_of_cots": 0, "town": {"name": "isinya"}, "name": "PJ Dave Company Clinic", "created": "2014-05-14T15:45:58.133000+00:00", "regulatory_body": {"name": "Ministry of Health"}, "facility_type": {"name": "Medical Clinic"}, "plot_number": null, "operation_status": {"name": "Operational"}, "number_of_beds": 0}, {"code": 20303, "location_desc": "supperhigh way then mwiki rd turn right before police station", "official_name": "kenya institute of special  education dispensary", "owner": {"name": "Academic (if registered)"}, "keph_level": {"name": "Level 2"}, "ward": {"code": 1398}, "number_of_cots": 0, "town": {"name": "icipe or kasarani police station"}, "name": "kenya institute of special  education dispensary", "created": "2014-05-14T19:56:18.107000+00:00", "regulatory_body": {"name": "Ministry of Health"}, "facility_type": {"name": "Dispensary"}, "plot_number": null, "operation_status": {"name": "Operational"}, "number_of_beds": 0}, {"code": 20305, "location_desc": "Situated Within Ndaragwa town behind old Nyala co-op building", "official_name": "Grazia Medical Clinic", "owner": {"name": "Private Practice - Nurse / Midwife"}, "keph_level": {"name": "Level 2"}, "ward": {"code": 816}, "number_of_cots": 0, "town": {"name": "ndaragwa"}, "name": "Grazia Medical Clinic", "created": "2014-05-15T12:29:33.777000+00:00", "regulatory_body": {"name": "Nursing Council of Kenya (Private Practice)"}, "facility_type": {"name": "Medical Clinic"}, "plot_number": "80", "operation_status": {"name": "Operational"}, "number_of_beds": 0}, {"code": 20306, "location_desc": "Rural", "official_name": "Mukameni Dispensary", "owner": {"name": "Ministry of Health"}, "keph_level": {"name": "Level 2"}, "ward": {"code": 350}, "number_of_cots": 0, "town": {"name": "mukameni"}, "name": "Mukameni Dispensary", "created": "2014-05-16T11:19:59.450000+00:00", "regulatory_body": {"name": "Ministry of Health"}, "facility_type": {"name": "Dispensary"}, "plot_number": null, "operation_status": {"name": "Pending Opening"}, "number_of_beds": 0}, {"code": 20311, "location_desc": "Off Karatina town next to railway lime", "official_name": "Karindundu dispensary", "owner": {"name": "Ministry of Health"}, "keph_level": {"name": "Level 2"}, "ward": {"code": 475}, "number_of_cots": 0, "town": {"name": "karatina"}, "name": "Karindundu dispensary", "created": "2014-05-19T13:17:30.567000+00:00", "regulatory_body": {"name": "Ministry of Health"}, "facility_type": {"name": "Dispensary"}, "plot_number": null, "operation_status": {"name": "Pending Opening"}, "number_of_beds": 0}, {"code": 20312, "location_desc": "It is between Gitunduti and Gatei near Gathehu.", "official_name": "Gitimaini dispensary", "owner": {"name": "Ministry of Health"}, "keph_level": {"name": "Level 2"}, "ward": {"code": 475}, "number_of_cots": 0, "town": {"name": "karatina"}, "name": "Gitimaini dispensary", "created": "2014-05-19T13:24:30.987000+00:00", "regulatory_body": {"name": "Ministry of Health"}, "facility_type": {"name": "Dispensary"}, "plot_number": null, "operation_status": {"name": "Pending Opening"}, "number_of_beds": 0}, {"code": 20313, "location_desc": null, "official_name": "Zombe medical clinic", "owner": {"name": "Private Practice - Clinical Officer"}, "keph_level": {"name": "Level 2"}, "ward": {"code": 359}, "number_of_cots": 0, "town": {"name": "zombe town"}, "name": "Zombe medical clinic", "created": "2014-05-19T14:59:47.213000+00:00", "regulatory_body": {"name": "Clinical Officers Council"}, "facility_type": {"name": "Medical Clinic"}, "plot_number": null, "operation_status": {"name": "Operational"}, "number_of_beds": 1}, {"code": 20314, "location_desc": "Ngong Road Embulbul", "official_name": "Star of the Sea Health Clinic", "owner": {"name": "Private Practice - Nurse / Midwife"}, "keph_level": {"name": "Level 2"}, "ward": {"code": 914}, "number_of_cots": 0, "town": {"name": "embulbul"}, "name": "Star of the Sea Health Clinic", "created": "2014-05-21T13:57:07.210000+00:00", "regulatory_body": {"name": "Nursing Council of Kenya (Private Practice)"}, "facility_type": {"name": "Medical Clinic"}, "plot_number": null, "operation_status": {"name": "Operational"}, "number_of_beds": 1}], "model": "facilities.Facility", "unique_fields": ["code"]}]