[{"records": [{"code": 20319, "location_desc": "A long Old MSA-MLD road 1Km North of Mtwapa Chiefs Camp near Golden Key Pry School, Mikanjuni Village", "official_name": "NorthShore Medical Centre", "owner": {"name": "Private Practice - Clinical Officer"}, "keph_level": {"name": "Level 2"}, "ward": {"code": 72}, "number_of_cots": 0, "town": {"name": "mtwapa"}, "name": "NorthShore Medical Centre", "created": "2014-05-23T09:08:38.330000+00:00", "regulatory_body": {"name": "Kenya MPDB - Institution"}, "facility_type": {"name": "Medical Clinic"}, "plot_number": "lr13", "operation_status": {"name": "Operational"}, "number_of_beds": 0}, {"code": 20320, "location_desc": "On Mombasa-Malindi Highway about 2km from Arabuko forest near Mtsangoni", "official_name": "African Muslim Agency- Matsangoni", "owner": {"name": "Supreme Council for Kenya Muslims"}, "keph_level": {"name": "Level 2"}, "ward": {"code": 83}, "number_of_cots": 0, "town": {"name": "matsangoni"}, "name": "African Muslim Agency- Matsangoni", "created": "2014-05-23T09:51:01.840000+00:00", "regulatory_body": {"name": "Kenya MPDB - Institution"}, "facility_type": {"name": "Dispensary"}, "plot_number": "192/4/18", "operation_status": {"name": "Operational"}, "number_of_beds": 0}, {"code": 20321, "location_desc": "Mtaani opposite Hudaa Mosquae next kwa Jacob", "official_name": "Khairat Medical Centre", "owner": {"name": "Private Practice - Clinical Officer"}, "keph_level": {"name": "Level 2"}, "ward": {"code": 71}, "number_of_cots": 0, "town": {"name": "kilifi"}, "name": "Khairat Medical Centre", "created": "2014-05-23T10:00:45.037000+00:00", "regulatory_body": {"name": "Clinical Officers Council"}, "facility_type": {"name": "Medical Clinic"}, "plot_number": "block 3/792", "operation_status": {"name": "Operational"}, "number_of_beds": 0}, {"code": 20322, "location_desc": "Along Ndalu Kiminini road", "official_name": "Tabani Dispensary", "owner": {"name": "Ministry of Health"}, "keph_level": {"name": "Level 2"}, "ward": {"code": 1118}, "number_of_cots": 2, "town": {"name": "ndalu"}, "name": "Tabani Dispensary", "created": "2014-05-23T14:53:16.283000+00:00", "regulatory_body": {"name": "Ministry of Health"}, "facility_type": {"name": "Dispensary"}, "plot_number": null, "operation_status": {"name": "Operational"}, "number_of_beds": 4}, {"code": 20324, "location_desc": null, "official_name": "kitende Dispensary", "owner": {"name": "Ministry of Health"}, "keph_level": {"name": "Level 2"}, "ward": {"code": 435}, "number_of_cots": 0, "town": {"name": "masumba market"}, "name": "kitende Dispensary", "created": "2014-05-27T09:06:17.163000+00:00", "regulatory_body": {"name": "Ministry of Health"}, "facility_type": {"name": "Dispensary"}, "plot_number": null, "operation_status": {"name": "Operational"}, "number_of_beds": 0}, {"code": 20325, "location_desc": "50 Meters On the left after entering the Olympic Junction off Kibera Drive", "official_name": "Kibera Child & Family Wellness Clinic", "owner": {"name": "Private Enterprise (Institution)"}, "keph_level": {"name": "Level 2"}, "ward": {"code": 1390}, "number_of_cots": 0, "town": {"name": "olympic"}, "name": "Kibera CFW Clinic", "created": "2014-05-27T12:19:42.620000+00:00", "regulatory_body": {"name": "Kenya MPDB - Institution"}, "facility_type": {"name": "Medical Clinic"}, "plot_number": null, "operation_status": {"name": "Operational"}, "number_of_beds": 0}, {"code": 20326, "location_desc": "Off Kibera Drive after the Olympic turnoff and before the railway line bridge towards Ayany Estate", "official_name": "Cross Messenger Medical Clinic", "owner": {"name": "Christian Health Association of Kenya"}, "keph_level": {"name": "Level 2"}, "ward": {"code": 1390}, "number_of_cots": 0, "town": {"name": "olympic"}, "name": "CMM Clinic", "created": "2014-05-27T13:19:29.450000+00:00", "regulatory_body": {"name": "Clinical Officers Council"}, "facility_type": {"name": "Dispensary"}, "plot_number": null, "operation_status": {"name": "Operational"}, "number_of_beds": 0}, {"code": 20327, "location_desc": null, "official_name": "Cheptya Dispensary", "owner": {"name": "Ministry of Health"}, "keph_level": {"name": "Level 2"}, "ward": {"code": 658}, "number_of_cots": 0, "town": {"name": "ortum"}, "name": "Cheptya Dispensary ", "created": "2014-05-28T18:16:21.197000+00:00", "regulatory_body": {"name": "Ministry of Health"}, "facility_type": {"name": "Dispensary"}, "plot_number": null, "operation_status": {"name": "Operational"}, "number_of_beds": 0}, {"code": 20328, "location_desc": "27 km East of Chepareria trading centre", "official_name": "Chemotong Dispensary", "owner": {"name": "Ministry of Health"}, "keph_level": {"name": "Level 2"}, "ward": {"code": 657}, "number_of_cots": 0, "town": {"name": "ortum"}, "name": "Chemotong Dispensary", "created": "2014-05-28T18:28:53.073000+00:00", "regulatory_body": {"name": "Ministry of Health"}, "facility_type": {"name": "Dispensary"}, "plot_number": null, "operation_status": {"name": "Operational"}, "number_of_beds": 0}, {"code": 20329, "location_desc": "Kapenguria Lodwar road 5 km north of mourpus centre", "official_name": "Cheptiangwa Dispensary", "owner": {"name": "Ministry of Health"}, "keph_level": {"name": "Level 2"}, "ward": {"code": 657}, "number_of_cots": 0, "town": {"name": "chepareria"}, "name": "Cheptiangwa Dispensary", "created": "2014-05-28T18:41:08.613000+00:00", "regulatory_body": {"name": "Ministry of Health"}, "facility_type": {"name": "Dispensary"}, "plot_number": null, "operation_status": {"name": "Operational"}, "number_of_beds": 0}, {"code": 20330, "location_desc": null, "official_name": "Chepkono Dispensary", "owner": {"name": "Ministry of Health"}, "keph_level": {"name": "Level 2"}, "ward": {"code": 659}, "number_of_cots": 0, "town": {"name": "chepkono"}, "name": "Chepkono Dispensary", "created": "2014-05-28T18:47:51.257000+00:00", "regulatory_body": {"name": "Ministry of Health"}, "facility_type": {"name": "Dispensary"}, "plot_number": null, "operation_status": {"name": "Pending Opening"}, "number_of_beds": 0}, {"code": 20333, "location_desc": null, "official_name": "Nyamwetureko", "owner": {"name": "Ministry of Health"}, "keph_level": {"name": "Level 2"}, "ward": {"code": 708}, "number_of_cots": 2, "town": {"name": "nyamwetureko"}, "name": "Nyamwetureko", "created": "2014-05-29T13:48:32.183000+00:00", "regulatory_body": {"name": "Ministry of Health"}, "facility_type": {"name": "Dispensary"}, "plot_number": null, "operation_status": {"name": "Operational"}, "number_of_beds": 2}, {"code": 20335, "location_desc": "Near Mwanguda Primary School", "official_name": "Mwanguda Dispensary", "owner": {"name": "Ministry of Health"}, "keph_level": {"name": "Level 2"}, "ward": {"code": 34}, "number_of_cots": 1, "town": {"name": "menzamwenye"}, "name": "Mwanguda Dispensary", "created": "2014-06-03T12:30:24.277000+00:00", "regulatory_body": {"name": "Ministry of Health"}, "facility_type": {"name": "Dispensary"}, "plot_number": null, "operation_status": {"name": "Pending Opening"}, "number_of_beds": 1}, {"code": 20336, "location_desc": "Mwangwei Primary School", "official_name": "Mwangwei Dispensary", "owner": {"name": "Ministry of Health"}, "keph_level": {"name": "Level 2"}, "ward": {"code": 35}, "number_of_cots": 0, "town": {"name": "mwangwei"}, "name": "Mwangwei  Dispensary", "created": "2014-06-03T13:03:29.990000+00:00", "regulatory_body": {"name": "Ministry of Health"}, "facility_type": {"name": "Dispensary"}, "plot_number": null, "operation_status": {"name": "Pending Opening"}, "number_of_beds": 0}, {"code": 20337, "location_desc": "Approximately 7 kilometres from Maragwa town, Githuya market centre", "official_name": "Githuya Dispensary", "owner": {"name": "Ministry of Health"}, "keph_level": {"name": "Level 2"}, "ward": {"code": 529}, "number_of_cots": 0, "town": {"name": "githuya market centre"}, "name": "Githuya Dispensary", "created": "2014-06-03T15:54:02.370000+00:00", "regulatory_body": {"name": "Ministry of Health"}, "facility_type": {"name": "Dispensary"}, "plot_number": null, "operation_status": {"name": "Pending Opening"}, "number_of_beds": 0}, {"code": 20338, "location_desc": "Matiri-Kamanyaki Road", "official_name": "Uturini Community Dispensary", "owner": {"name": "Ministry of Health"}, "keph_level": {"name": "Level 2"}, "ward": {"code": 309}, "number_of_cots": 0, "town": {"name": "chiakariga"}, "name": "Uturini Community Dispensary", "created": "2014-06-03T16:52:20.840000+00:00", "regulatory_body": {"name": "Ministry of Health"}, "facility_type": {"name": "Dispensary"}, "plot_number": null, "operation_status": {"name": "Operational"}, "number_of_beds": 0}, {"code": 20339, "location_desc": "along the beach area near the market", "official_name": "Nyandwela Medical Clinic", "owner": {"name": "Private Practice - Clinical Officer"}, "keph_level": {"name": "Level 2"}, "ward": {"code": 1158}, "number_of_cots": 1, "town": {"name": "wichlum beach market"}, "name": "Nyandwela Medical Clinic", "created": "2014-06-04T10:32:30.117000+00:00", "regulatory_body": {"name": "Clinical Officers Council"}, "facility_type": {"name": "Medical Clinic"}, "plot_number": "isolated", "operation_status": {"name": "Operational"}, "number_of_beds": 2}, {"code": 20340, "location_desc": "Off Karen Road next to Karen Plains", "official_name": "Karen Technical Training Institute For The Deaf Dispensary", "owner": {"name": "Ministry of Health"}, "keph_level": {"name": "Level 2"}, "ward": {"code": 1381}, "number_of_cots": 0, "town": {"name": "karen shopping centre"}, "name": "KTTID Dispensary", "created": "2014-06-04T12:35:50.537000+00:00", "regulatory_body": {"name": "Ministry of Health"}, "facility_type": {"name": "Dispensary"}, "plot_number": null, "operation_status": {"name": "Operational"}, "number_of_beds": 0}, {"code": 20341, "location_desc": "Within Mutomo town.", "official_name": "Mutomo Medical Services", "owner": {"name": "Private Practice - Clinical Officer"}, "keph_level": {"name": "Level 2"}, "ward": {"code": 366}, "number_of_cots": 0, "town": {"name": "mutomo"}, "name": "Mutomo Medical Services", "created": "2014-06-04T20:40:45.323000+00:00", "regulatory_body": {"name": "Clinical Officers Council"}, "facility_type": {"name": "Medical Clinic"}, "plot_number": "153", "operation_status": {"name": "Operational"}, "number_of_beds": 0}, {"code": 20342, "location_desc": "From kilifi to matano mane-Lango baya road, near Bahati Pry School", "official_name": "Malanga Dispensary -Vitengeni", "owner": {"name": "Ministry of Health"}, "keph_level": {"name": "Level 2"}, "ward": {"code": 74}, "number_of_cots": 0, "town": {"name": "dzifae"}, "name": "Malanga Dispensary -Vitengeni", "created": "2014-06-06T15:26:56.117000+00:00", "regulatory_body": {"name": "Ministry of Health"}, "facility_type": {"name": "Dispensary"}, "plot_number": null, "operation_status": {"name": "Operational"}, "number_of_beds": 10}, {"code": 17426, "location_desc": null, "official_name": "Baraka Medical Clinic", "owner": {"name": "Other Public Institution"}, "keph_level": {"name": "Level 2"}, "ward": {"code": 729}, "number_of_cots": 0, "town": {"name": "eldoret"}, "name": "Baraka Medical Clinic", "created": "2010-11-30T12:33:20.390000+00:00", "regulatory_body": {"name": "Kenya MPDB - Institution"}, "facility_type": {"name": "Medical Clinic"}, "plot_number": null, "operation_status": {"name": "Operational"}, "number_of_beds": 0}, {"code": 17427, "location_desc": "Wanguru town  wanyua Building ", "official_name": "Mwea Dental Clinic", "owner": {"name": "Private Practice - Medical Specialist"}, "keph_level": {"name": "Level 2"}, "ward": {"code": 503}, "number_of_cots": 0, "town": {"name": "wanguru"}, "name": "Mwea Dental Clinic", "created": "2010-12-15T16:51:17.043000+00:00", "regulatory_body": {"name": "Kenya MPDB - Private Practice"}, "facility_type": {"name": "Medical Clinic"}, "plot_number": "475", "operation_status": {"name": "Operational"}, "number_of_beds": 0}, {"code": 17428, "location_desc": "Along Nyahururu Rumuruti road agt Oljabet Shopping centre (100 metres from the market", "official_name": "Oljabet Medical Clinic", "owner": {"name": "Private Practice - Clinical Officer"}, "keph_level": {"name": "Level 2"}, "ward": {"code": 814}, "number_of_cots": 0, "town": {"name": "oljabet"}, "name": "Oljabet Medical Clinic", "created": "2010-12-15T17:29:18.363000+00:00", "regulatory_body": {"name": "Clinical Officers Council"}, "facility_type": {"name": "Nursing Home"}, "plot_number": "291", "operation_status": {"name": "Operational"}, "number_of_beds": 25}, {"code": 17430, "location_desc": "Off Mombasa Road at Salama", "official_name": "Enzai Afya Medical Clinic", "owner": {"name": "Private Practice - Nurse / Midwife"}, "keph_level": {"name": "Level 2"}, "ward": {"code": 418}, "number_of_cots": 0, "town": {"name": "salama"}, "name": "Enzai Afya Medical Clinic", "created": "2010-12-28T16:15:26.650000+00:00", "regulatory_body": {"name": "Kenya MPDB - Private Practice"}, "facility_type": {"name": "Medical Clinic"}, "plot_number": "0", "operation_status": {"name": "Operational"}, "number_of_beds": 0}, {"code": 17431, "location_desc": "off Emali-Wote Road", "official_name": "AIC Kalamba Dispensary", "owner": {"name": "Other Faith Based"}, "keph_level": {"name": "Level 2"}, "ward": {"code": 429}, "number_of_cots": 0, "town": {"name": "kalamba"}, "name": "AIC Kalamba Dispensary", "created": "2010-12-28T17:25:44.113000+00:00", "regulatory_body": {"name": "Kenya MPDB - Institution"}, "facility_type": {"name": "Dispensary"}, "plot_number": "0", "operation_status": {"name": "Operational"}, "number_of_beds": 0}, {"code": 17432, "location_desc": "Off Emali -Wote Road", "official_name": "Bethany Health Service Clinic", "owner": {"name": "Private Practice - Nurse / Midwife"}, "keph_level": {"name": "Level 2"}, "ward": {"code": 429}, "number_of_cots": 0, "town": {"name": "kalamba"}, "name": "Bethany Health Services Clinic", "created": "2010-12-29T11:40:32.413000+00:00", "regulatory_body": {"name": "Kenya MPDB - Private Practice"}, "facility_type": {"name": "Dispensary"}, "plot_number": "0", "operation_status": {"name": "Operational"}, "number_of_beds": 0}, {"code": 17433, "location_desc": "Near Matiliku Market", "official_name": "Katulye Dispensary-nzaui", "owner": {"name": "Ministry of Health"}, "keph_level": {"name": "Level 2"}, "ward": {"code": 429}, "number_of_cots": 0, "town": {"name": "kalamba"}, "name": "Katulye Dispensary-Nzaui", "created": "2010-12-29T12:25:45.597000+00:00", "regulatory_body": {"name": "Ministry of Health"}, "facility_type": {"name": "Dispensary"}, "plot_number": "0", "operation_status": {"name": "Operational"}, "number_of_beds": 0}, {"code": 17434, "location_desc": "From outering road along Mutarakwa road near Kariobangi south Chief's office. ", "official_name": "Kariobangi South Clinic", "owner": {"name": "Local Authority"}, "keph_level": {"name": "Level 2"}, "ward": {"code": 1429}, "number_of_cots": 0, "town": {"name": "kariobangi south market"}, "name": "Kariobangi South Clinic", "created": "2010-12-30T00:51:54.443000+00:00", "regulatory_body": {"name": "Ministry of Health"}, "facility_type": {"name": "Medical Clinic"}, "plot_number": null, "operation_status": {"name": "Operational"}, "number_of_beds": 0}, {"code": 17435, "location_desc": null, "official_name": "Keera Dispensary", "owner": {"name": "Ministry of Health"}, "keph_level": {"name": "Level 2"}, "ward": {"code": 1338}, "number_of_cots": 0, "town": {"name": "iranda"}, "name": "Keera Dispensary", "created": "2010-12-30T12:23:03.523000+00:00", "regulatory_body": {"name": "Ministry of Health"}, "facility_type": {"name": "Dispensary"}, "plot_number": null, "operation_status": {"name": "Operational"}, "number_of_beds": 0}, {"code": 17436, "location_desc": "Situated along Ndunyu rd adjacent to Nyahururu stadium ", "official_name": "Uzima Medical Clinic", "owner": {"name": "Private Practice - Clinical Officer"}, "keph_level": {"name": "Level 2"}, "ward": {"code": 446}, "number_of_cots": 0, "town": {"name": "nyahururu"}, "name": "Uzima Medical Clinic", "created": "2010-12-31T09:47:33.240000+00:00", "regulatory_body": {"name": "Clinical Officers Council"}, "facility_type": {"name": "Medical Clinic"}, "plot_number": "stadium stall 141", "operation_status": {"name": "Operational"}, "number_of_beds": 0}, {"code": 17437, "location_desc": "Ajigo Lwak Road next to Rambugu Primary school", "official_name": "Rambugu Dispensary", "owner": {"name": "Ministry of Health"}, "keph_level": {"name": "Level 2"}, "ward": {"code": 1182}, "number_of_cots": 0, "town": {"name": "ajigo market"}, "name": "Rambugu Dispensary (Rarieda)", "created": "2011-01-02T15:25:25.277000+00:00", "regulatory_body": {"name": "Ministry of Health"}, "facility_type": {"name": "Dispensary"}, "plot_number": "2768", "operation_status": {"name": "Operational"}, "number_of_beds": 0}, {"code": 17438, "location_desc": null, "official_name": "Wagoro Dispensary", "owner": {"name": "Ministry of Health"}, "keph_level": {"name": "Level 2"}, "ward": {"code": 1185}, "number_of_cots": 0, "town": {"name": "nyakongo market"}, "name": "Wagoro Dispensary (Rarieda)", "created": "2011-01-02T15:48:51.757000+00:00", "regulatory_body": {"name": "Ministry of Health"}, "facility_type": {"name": "Dispensary"}, "plot_number": null, "operation_status": {"name": "Operational"}, "number_of_beds": 0}, {"code": 17439, "location_desc": null, "official_name": "Lieta Health Centre", "owner": {"name": "Ministry of Health"}, "keph_level": {"name": "Level 3"}, "ward": {"code": 1184}, "number_of_cots": 0, "name": "Lieta Health Centre (Rarieda)", "created": "2011-01-02T16:30:58.300000+00:00", "regulatory_body": {"name": "Ministry of Health"}, "facility_type": {"name": "Health Centre"}, "plot_number": null, "operation_status": {"name": "Operational"}, "number_of_beds": 0}, {"code": 17440, "location_desc": "Next to Gatondo Primary and Secondary Schools", "official_name": "St. Stephen's Children Clinic Gatondo ", "owner": {"name": "Christian Health Association of Kenya"}, "keph_level": {"name": "Level 2"}, "ward": {"code": 314}, "number_of_cots": 0, "town": {"name": "embu"}, "name": "St Stephen's Children Clinic Gatondo", "created": "2011-01-03T10:46:31.430000+00:00", "regulatory_body": {"name": "Ministry of Health"}, "facility_type": {"name": "Medical Clinic"}, "plot_number": "2929 gaturi/weru", "operation_status": {"name": "Operational"}, "number_of_beds": 0}, {"code": 17441, "location_desc": "Near  Kilome Market", "official_name": "Uvete Dispensary", "owner": {"name": "Ministry of Health"}, "keph_level": {"name": "Level 2"}, "ward": {"code": 418}, "number_of_cots": 0, "town": {"name": "kilome market"}, "name": "Uvete Dispensary", "created": "2011-01-03T17:05:28.710000+00:00", "regulatory_body": {"name": "Ministry of Health"}, "facility_type": {"name": "Dispensary"}, "plot_number": "0", "operation_status": {"name": "Operational"}, "number_of_beds": 0}, {"code": 17442, "location_desc": null, "official_name": "Vololo Dispensary", "owner": {"name": "Ministry of Health"}, "keph_level": {"name": "Level 2"}, "ward": {"code": 435}, "number_of_cots": 0, "town": {"name": "emali  market"}, "name": "Vololo Dispensary", "created": "2011-01-04T07:09:02.323000+00:00", "regulatory_body": {"name": "Ministry of Health"}, "facility_type": {"name": "Dispensary"}, "plot_number": "0", "operation_status": {"name": "Operational"}, "number_of_beds": 0}, {"code": 17443, "location_desc": "In Salama Market", "official_name": "Kiima Kiu Health Care Services Dispensary", "owner": {"name": "Private Practice - Nurse / Midwife"}, "keph_level": {"name": "Level 2"}, "ward": {"code": 419}, "number_of_cots": 0, "town": {"name": "salama"}, "name": "Kiima Kiu Health Care Services Dispensary", "created": "2011-01-04T07:39:21.940000+00:00", "regulatory_body": {"name": "Kenya MPDB - Private Practice"}, "facility_type": {"name": "Dispensary"}, "plot_number": "0", "operation_status": {"name": "Operational"}, "number_of_beds": 0}, {"code": 17444, "location_desc": "Situated along Marimanti Gatunga Road", "official_name": "P.C.E.A Karungaru Dispensary", "owner": {"name": "Christian Health Association of Kenya"}, "keph_level": {"name": "Level 2"}, "ward": {"code": 310}, "number_of_cots": 0, "town": {"name": "gatunga"}, "name": "PCEA Karungaru Dispensary", "created": "2011-01-05T15:23:54.860000+00:00", "regulatory_body": {"name": "Ministry of Health"}, "facility_type": {"name": "Dispensary"}, "plot_number": null, "operation_status": {"name": "Operational"}, "number_of_beds": 0}, {"code": 17445, "location_desc": "Near Sultan Hamud Market", "official_name": "Kithituni Health Care Clinic", "owner": {"name": "Other Faith Based"}, "keph_level": {"name": "Level 2"}, "ward": {"code": 436}, "number_of_cots": 0, "town": {"name": "kasikeu"}, "name": "Kithituni Health Care Clinic", "created": "2011-01-05T17:01:43.430000+00:00", "regulatory_body": {"name": "Kenya MPDB - Private Practice"}, "facility_type": {"name": "Medical Clinic"}, "plot_number": "047 kilome", "operation_status": {"name": "Operational"}, "number_of_beds": 0}, {"code": 17446, "location_desc": "At Nduma Market,Near AIC Mother Church", "official_name": "Hope Medical Clinic", "owner": {"name": "Private Practice - Nurse / Midwife"}, "keph_level": {"name": "Level 2"}, "ward": {"code": 605}, "number_of_cots": 0, "town": {"name": "nduma"}, "name": "Hope Medical Clinic", "created": "2011-01-07T15:02:18.147000+00:00", "regulatory_body": {"name": "Nursing Council of Kenya (Private Practice)"}, "facility_type": {"name": "Medical Clinic"}, "plot_number": "70a", "operation_status": {"name": "Operational"}, "number_of_beds": 0}, {"code": 17447, "location_desc": "In Kabati Trading Centre", "official_name": "Musengo Medical Clinic", "owner": {"name": "Private Practice - Nurse / Midwife"}, "keph_level": {"name": "Level 2"}, "ward": {"code": 347}, "number_of_cots": 0, "town": {"name": "kabati"}, "name": "Musengo Medical Clinic", "created": "2011-01-11T14:53:14.557000+00:00", "regulatory_body": {"name": "Kenya MPDB - Private Practice"}, "facility_type": {"name": "Medical Clinic"}, "plot_number": "116 kabati", "operation_status": {"name": "Operational"}, "number_of_beds": 2}, {"code": 17448, "location_desc": "In Kabati Trading Centre", "official_name": "Kabati Medical Centre", "owner": {"name": "Private Practice - Clinical Officer"}, "keph_level": {"name": "Level 2"}, "ward": {"code": 347}, "number_of_cots": 0, "town": {"name": "kabati"}, "name": "Kabati Medical Centre", "created": "2011-01-12T11:09:49.743000+00:00", "regulatory_body": {"name": "Kenya MPDB - Private Practice"}, "facility_type": {"name": "Medical Clinic"}, "plot_number": null, "operation_status": {"name": "Operational"}, "number_of_beds": 3}, {"code": 17449, "location_desc": "In Kabati Town", "official_name": "Kabati Maternity Nursing Home", "owner": {"name": "Private Practice - Nurse / Midwife"}, "keph_level": {"name": "Level 2"}, "ward": {"code": 347}, "number_of_cots": 0, "town": {"name": "kabati"}, "name": "Kabati Maternity Nursing Home", "created": "2011-01-12T11:49:35.200000+00:00", "regulatory_body": {"name": "Kenya MPDB - Private Practice"}, "facility_type": {"name": "Nursing Home"}, "plot_number": "191 a", "operation_status": {"name": "Operational"}, "number_of_beds": 6}, {"code": 17450, "location_desc": "Near Muthale Market", "official_name": "Muthale East Medical Clinic", "owner": {"name": "Private Practice - Nurse / Midwife"}, "keph_level": {"name": "Level 2"}, "ward": {"code": 346}, "number_of_cots": 0, "town": {"name": "muthale"}, "name": "Muthale East Medical Clinic", "created": "2011-01-12T15:19:49.120000+00:00", "regulatory_body": {"name": "Kenya MPDB - Private Practice"}, "facility_type": {"name": "Medical Clinic"}, "plot_number": null, "operation_status": {"name": "Operational"}, "number_of_beds": 5}, {"code": 17451, "location_desc": "3km East of Kabati Town", "official_name": "Kitamwiki Community Dispensary", "owner": {"name": "Community"}, "keph_level": {"name": "Level 2"}, "ward": {"code": 346}, "number_of_cots": 0, "town": {"name": "kitamwiki"}, "name": "Kitamwiki Community Dispensary", "created": "2011-01-13T09:34:28.240000+00:00", "regulatory_body": {"name": "Kenya MPDB - Private Practice"}, "facility_type": {"name": "Dispensary"}, "plot_number": "602", "operation_status": {"name": "Pending Opening"}, "number_of_beds": 0}, {"code": 17454, "location_desc": "Next to Gichuru Secondary School Ngecha Village, Limuru", "official_name": "Ngecha (PCEA) Health Centre", "owner": {"name": "Other Faith Based"}, "keph_level": {"name": "Level 3"}, "ward": {"code": 605}, "number_of_cots": 0, "town": {"name": "limuru"}, "name": "Ngecha (PCEA) Health Centre", "created": "2011-01-18T15:10:59.327000+00:00", "regulatory_body": {"name": "Other"}, "facility_type": {"name": "Health Centre"}, "plot_number": null, "operation_status": {"name": "Operational"}, "number_of_beds": 0}, {"code": 17455, "location_desc": "Across the railway line after Shadrack Kimalel Primary school on your way to Soweto", "official_name": "Mtaani VCT & Outreach services", "owner": {"name": "Community"}, "keph_level": {"name": "Level 2"}, "ward": {"code": 1385}, "number_of_cots": 0, "town": {"name": "laini saba market"}, "name": "Mtaani VCT", "created": "2011-01-20T12:31:57.313000+00:00", "regulatory_body": {"name": "Other"}, "facility_type": {"name": "VCT Centre (Stand-Alone)"}, "plot_number": null, "operation_status": {"name": "Operational"}, "number_of_beds": 0}, {"code": 17458, "location_desc": "Kiambu Limuru Rd", "official_name": "Njemuka Medical Clinic", "owner": {"name": "Private Practice - Nurse / Midwife"}, "keph_level": {"name": "Level 2"}, "ward": {"code": 583}, "number_of_cots": 0, "town": {"name": "kiambu"}, "name": "Njemuka Medical Clinic", "created": "2011-01-27T12:43:02.557000+00:00", "regulatory_body": {"name": "Nursing Council of Kenya (Private Practice)"}, "facility_type": {"name": "Medical Clinic"}, "plot_number": "6 kanunga", "operation_status": {"name": "Operational"}, "number_of_beds": 0}, {"code": 17460, "location_desc": "along Wajir Diff road 20 km from wajir town", "official_name": "Kulaaley Health Centre", "owner": {"name": "Ministry of Health"}, "keph_level": {"name": "Level 3"}, "ward": {"code": 189}, "number_of_cots": 0, "town": {"name": "kulaaley town"}, "name": "Kulaaley Health Centre", "created": "2011-02-01T17:17:54.190000+00:00", "regulatory_body": {"name": "Ministry of Health"}, "facility_type": {"name": "Health Centre"}, "plot_number": null, "operation_status": {"name": "Operational"}, "number_of_beds": 0}, {"code": 17461, "location_desc": "off Wajir-Wajir Bor road 86 Km from wajir town", "official_name": "Gerille Health Centre", "owner": {"name": "Ministry of Health"}, "keph_level": {"name": "Level 3"}, "ward": {"code": 189}, "number_of_cots": 0, "town": {"name": "gerille town"}, "name": "Gerille Health Centre", "created": "2011-02-01T18:05:28.453000+00:00", "regulatory_body": {"name": "Ministry of Health"}, "facility_type": {"name": "Health Centre"}, "plot_number": null, "operation_status": {"name": "Pending Opening"}, "number_of_beds": 0}, {"code": 17462, "location_desc": "Next to Chief's Office Muguga Location", "official_name": "St.Peter Orthodox Church Dispenasary", "owner": {"name": "Other Faith Based"}, "keph_level": {"name": "Level 2"}, "ward": {"code": 591}, "number_of_cots": 0, "town": {"name": "gitaru"}, "name": "St Peter Orthodox Church Dispenasary", "created": "2011-02-04T11:07:05.217000+00:00", "regulatory_body": {"name": "Other"}, "facility_type": {"name": "Dispensary"}, "plot_number": "t343", "operation_status": {"name": "Operational"}, "number_of_beds": 0}, {"code": 17463, "location_desc": null, "official_name": "Lagboqol Dispensary", "owner": {"name": "Ministry of Health"}, "keph_level": {"name": "Level 2"}, "ward": {"code": 188}, "number_of_cots": 0, "town": {"name": "griftu"}, "name": "Lagboqol Dispensary", "created": "2011-02-05T11:47:38.673000+00:00", "regulatory_body": {"name": "Ministry of Health"}, "facility_type": {"name": "Dispensary"}, "plot_number": null, "operation_status": {"name": "Operational"}, "number_of_beds": 0}, {"code": 17465, "location_desc": null, "official_name": "Ndubeneti Dispensary", "owner": {"name": "Ministry of Health"}, "keph_level": {"name": "Level 2"}, "ward": {"code": 773}, "number_of_cots": 0, "town": {"name": "kapsabet"}, "name": "Ndubeneti Dispensary", "created": "2011-02-15T15:29:06.800000+00:00", "regulatory_body": {"name": "Ministry of Health"}, "facility_type": {"name": "Dispensary"}, "plot_number": null, "operation_status": {"name": "Pending Opening"}, "number_of_beds": 0}, {"code": 17466, "location_desc": null, "official_name": "Mercy Health Centre", "owner": {"name": "Other Faith Based"}, "keph_level": {"name": "Level 3"}, "ward": {"code": 710}, "number_of_cots": 0, "town": {"name": "jua kali"}, "name": "Mercy Health Centre", "created": "2011-02-18T09:27:08.923000+00:00", "regulatory_body": {"name": "Kenya MPDB - Private Practice"}, "facility_type": {"name": "Health Centre"}, "plot_number": null, "operation_status": {"name": "Operational"}, "number_of_beds": 0}, {"code": 17467, "location_desc": "Near Mtwapa Health Centre", "official_name": "Nopri Medical Centre", "owner": {"name": "Private Practice - Clinical Officer"}, "keph_level": {"name": "Level 2"}, "ward": {"code": 60}, "number_of_cots": 1, "town": {"name": "mtwapa"}, "name": "Nopri Medical Centre", "created": "2011-02-22T10:52:34.330000+00:00", "regulatory_body": {"name": "Clinical Officers Council"}, "facility_type": {"name": "Medical Clinic"}, "plot_number": null, "operation_status": {"name": "Operational"}, "number_of_beds": 4}, {"code": 17468, "location_desc": null, "official_name": "Kiamiriru MCK Dispensary", "owner": {"name": "Christian Health Association of Kenya"}, "keph_level": {"name": "Level 2"}, "ward": {"code": 278}, "number_of_cots": 0, "town": {"name": "meru town"}, "name": "Kiamiriru MCK Dispensary", "created": "2011-02-24T13:07:31.150000+00:00", "regulatory_body": {"name": "Ministry of Health"}, "facility_type": {"name": "Dispensary"}, "plot_number": null, "operation_status": {"name": "Operational"}, "number_of_beds": 0}, {"code": 17469, "location_desc": "Entry road to facility is at police checkpoint junction on Likoni - Ukunda highway", "official_name": "Kiteje Dispensary", "owner": {"name": "Ministry of Health"}, "keph_level": {"name": "Level 2"}, "ward": {"code": 40}, "number_of_cots": 0, "town": {"name": "likoni"}, "name": "Kiteje Dispensary", "created": "2011-02-25T10:44:58.857000+00:00", "regulatory_body": {"name": "Ministry of Health"}, "facility_type": {"name": "Dispensary"}, "plot_number": null, "operation_status": {"name": "Operational"}, "number_of_beds": 0}, {"code": 17470, "location_desc": "Kwa Hola Magongo road opposite Manyanga stage.", "official_name": "Soweto Medical Clinic", "owner": {"name": "Private Practice - Clinical Officer"}, "keph_level": {"name": "Level 2"}, "ward": {"code": 3}, "number_of_cots": 0, "town": {"name": "mombasa"}, "name": "Soweto Medical Clinic", "created": "2011-02-25T13:22:31.107000+00:00", "regulatory_body": {"name": "Clinical Officers Council"}, "facility_type": {"name": "Medical Clinic"}, "plot_number": "1401/section", "operation_status": {"name": "Operational"}, "number_of_beds": 0}, {"code": 17472, "location_desc": "Opposite the Office Club, then from Kingstone Clinic turn turn to Shell beach 5mtrs from Muhajirina Mosque- turn left hand.", "official_name": "Dakarh Medical Services", "owner": {"name": "Private Practice - Clinical Officer"}, "keph_level": {"name": "Level 2"}, "ward": {"code": 25}, "number_of_cots": 0, "town": {"name": "mombasa"}, "name": "Dakarh Medical Services", "created": "2011-02-25T15:21:30.073000+00:00", "regulatory_body": {"name": "Clinical Officers Council"}, "facility_type": {"name": "Medical Clinic"}, "plot_number": "1673/1ms", "operation_status": {"name": "Operational"}, "number_of_beds": 0}, {"code": 17473, "location_desc": null, "official_name": "ACK Tumaini", "owner": {"name": "Christian Health Association of Kenya"}, "keph_level": {"name": "Level 2"}, "ward": {"code": 492}, "number_of_cots": 0, "name": "ACK Tumaini Medical Clinic", "created": "2011-02-25T17:55:55.543000+00:00", "regulatory_body": {"name": "Kenya MPDB - Private Practice"}, "facility_type": {"name": "Medical Clinic"}, "plot_number": null, "operation_status": {"name": "Operational"}, "number_of_beds": 0}, {"code": 17474, "location_desc": "Opposite the Provincial Police HQ", "official_name": "Provincial Police HQ", "owner": {"name": "Other Public Institution"}, "keph_level": {"name": "Level 2"}, "ward": {"code": 492}, "number_of_cots": 0, "town": {"name": "nyeri town"}, "name": "Provincial Police Hq VCT", "created": "2011-02-25T18:02:21.630000+00:00", "regulatory_body": {"name": "Ministry of Health"}, "facility_type": {"name": "VCT Centre (Stand-Alone)"}, "plot_number": null, "operation_status": {"name": "Operational"}, "number_of_beds": 0}, {"code": 17475, "location_desc": "Kangirisae Village", "official_name": "Kangirisae Dispensary", "owner": {"name": "Ministry of Health"}, "keph_level": {"name": "Level 2"}, "ward": {"code": 639}, "number_of_cots": 0, "town": {"name": "nakurio"}, "name": "Kangirisae Dispensary", "created": "2011-02-26T17:20:14.010000+00:00", "regulatory_body": {"name": "Ministry of Health"}, "facility_type": {"name": "Dispensary"}, "plot_number": null, "operation_status": {"name": "Operational"}, "number_of_beds": 0}, {"code": 17476, "location_desc": "Opposite Kalemunyang trading centre across river Turkwel", "official_name": "Kangalita Dispensary", "owner": {"name": "Ministry of Health"}, "keph_level": {"name": "Level 2"}, "ward": {"code": 629}, "number_of_cots": 0, "town": {"name": "kalemunyang"}, "name": "Kangalita Dispensary", "created": "2011-02-26T17:35:10.537000+00:00", "regulatory_body": {"name": "Ministry of Health"}, "facility_type": {"name": "Dispensary"}, "plot_number": null, "operation_status": {"name": "Operational"}, "number_of_beds": 0}, {"code": 17477, "location_desc": "Along Lodwar - Ndapal - Turkwel Road 25 KMS from Lodwar Town", "official_name": "Kaitese Dispensary", "owner": {"name": "Ministry of Health"}, "keph_level": {"name": "Level 2"}, "ward": {"code": 630}, "number_of_cots": 0, "town": {"name": "nadapal"}, "name": "Kaitese Dispensary", "created": "2011-02-26T17:49:59.490000+00:00", "regulatory_body": {"name": "Ministry of Health"}, "facility_type": {"name": "Dispensary"}, "plot_number": null, "operation_status": {"name": "Operational"}, "number_of_beds": 0}, {"code": 17478, "location_desc": "along Kanamkemer - Kodopa- moruese road", "official_name": "Naotin Dispensary", "owner": {"name": "Ministry of Health"}, "keph_level": {"name": "Level 2"}, "ward": {"code": 630}, "number_of_cots": 0, "town": {"name": "lodwar"}, "name": "Naotin Dispensary", "created": "2011-02-26T17:56:20.833000+00:00", "regulatory_body": {"name": "Ministry of Health"}, "facility_type": {"name": "Dispensary"}, "plot_number": null, "operation_status": {"name": "Operational"}, "number_of_beds": 0}, {"code": 17479, "location_desc": "Longech in Lake Turkana Furgusson Gulf near Kalokol", "official_name": "Longech Dispensary", "owner": {"name": "Ministry of Health"}, "keph_level": {"name": "Level 2"}, "ward": {"code": 625}, "number_of_cots": 0, "town": {"name": "kalokol"}, "name": "Longech Dispensary", "created": "2011-02-26T18:02:25.133000+00:00", "regulatory_body": {"name": "Ministry of Health"}, "facility_type": {"name": "Dispensary"}, "plot_number": null, "operation_status": {"name": "Operational"}, "number_of_beds": 0}, {"code": 17480, "location_desc": "Along Lorugum - Namoruputh - Lokiriama Road", "official_name": "Lochorekuyen Dispensary", "owner": {"name": "Ministry of Health"}, "keph_level": {"name": "Level 2"}, "ward": {"code": 630}, "number_of_cots": 0, "town": {"name": "namoruputh"}, "name": "Lochorekuyen Dispensary", "created": "2011-02-26T18:11:33.953000+00:00", "regulatory_body": {"name": "Ministry of Health"}, "facility_type": {"name": "Dispensary"}, "plot_number": null, "operation_status": {"name": "Pending Opening"}, "number_of_beds": 0}, {"code": 17481, "location_desc": "60km from Kobujoi Market", "official_name": "Bonjoge Dispensary", "owner": {"name": "Ministry of Health"}, "keph_level": {"name": "Level 2"}, "ward": {"code": 755}, "number_of_cots": 0, "town": {"name": "kobujoi market"}, "name": "Bonjoge Dispensary", "created": "2011-02-27T16:27:13.390000+00:00", "regulatory_body": {"name": "Ministry of Health"}, "facility_type": {"name": "Dispensary"}, "plot_number": "koibara/bonjoge/472", "operation_status": {"name": "Operational"}, "number_of_beds": 0}, {"code": 17484, "location_desc": null, "official_name": "Mariestopes", "owner": {"name": "Private Practice - General Practitioner"}, "keph_level": {"name": "Level 2"}, "ward": {"code": 565}, "number_of_cots": 0, "name": "Mariestopes", "created": "2011-02-28T16:04:39.733000+00:00", "regulatory_body": {"name": "Ministry of Health"}, "facility_type": {"name": "Medical Clinic"}, "plot_number": null, "operation_status": {"name": "Operational"}, "number_of_beds": 0}, {"code": 17486, "location_desc": null, "official_name": "12 Engineers", "owner": {"name": "Ministry of Health"}, "keph_level": {"name": "Level 2"}, "ward": {"code": 566}, "number_of_cots": 0, "name": "12 Engineers", "created": "2011-02-28T16:09:02.517000+00:00", "regulatory_body": {"name": "Ministry of Health"}, "facility_type": {"name": "Dispensary"}, "plot_number": null, "operation_status": {"name": "Operational"}, "number_of_beds": 0}, {"code": 17488, "location_desc": null, "official_name": "St Raphael Arch Medical", "owner": {"name": "Kenya Episcopal Conference-Catholic Secretariat"}, "keph_level": {"name": "Level 2"}, "ward": {"code": 711}, "number_of_cots": 2, "town": {"name": "turbo"}, "name": "St Raphael Arch Medical", "created": "2011-02-28T16:15:43.783000+00:00", "regulatory_body": {"name": "Ministry of Health"}, "facility_type": {"name": "Medical Clinic"}, "plot_number": null, "operation_status": {"name": "Operational"}, "number_of_beds": 9}, {"code": 17489, "location_desc": null, "official_name": "Kenwa kiandutu", "owner": {"name": "Non-Governmental Organizations"}, "keph_level": {"name": "Level 2"}, "ward": {"code": 563}, "number_of_cots": 0, "name": "Kenwa Kiandutu", "created": "2011-02-28T16:18:08.950000+00:00", "regulatory_body": {"name": "Ministry of Health"}, "facility_type": {"name": "VCT Centre (Stand-Alone)"}, "plot_number": null, "operation_status": {"name": "Operational"}, "number_of_beds": 0}, {"code": 17491, "location_desc": "Near Kiriri Women University in Mwihoko area. Along Githurai - Mwihoko road", "official_name": "Victory Revival Medical Clinic", "owner": {"name": "Private Practice - General Practitioner"}, "keph_level": {"name": "Level 2"}, "ward": {"code": 576}, "number_of_cots": 0, "town": {"name": "githurai 45"}, "name": "Victory Revival Medical Clinic", "created": "2011-02-28T16:29:19.700000+00:00", "regulatory_body": {"name": "Nursing Council of Kenya (Private Practice)"}, "facility_type": {"name": "Medical Clinic"}, "plot_number": null, "operation_status": {"name": "Operational"}, "number_of_beds": 0}, {"code": 17492, "location_desc": "Located in Kabarnet Township", "official_name": "Kabarnet Faith Clinic", "owner": {"name": "Private Practice - Clinical Officer"}, "keph_level": {"name": "Level 2"}, "ward": {"code": 797}, "number_of_cots": 0, "town": {"name": "kabarnet"}, "name": "Kabarnet Faith Clinic", "created": "2011-02-28T16:36:57.177000+00:00", "regulatory_body": {"name": "Kenya MPDB - Private Practice"}, "facility_type": {"name": "Medical Clinic"}, "plot_number": null, "operation_status": {"name": "Operational"}, "number_of_beds": 0}, {"code": 17494, "location_desc": "Off Lungalunga Road Then Wundanyi Road At Maremba Stage", "official_name": "Lungalunga Health Centre", "owner": {"name": "Local Authority"}, "keph_level": {"name": "Level 2"}, "ward": {"code": 1431}, "number_of_cots": 0, "town": {"name": "maremba stage"}, "name": "Lungalunga Health Centre", "created": "2011-02-28T19:22:33.477000+00:00", "regulatory_body": {"name": "Ministry of Health"}, "facility_type": {"name": "Dispensary"}, "plot_number": null, "operation_status": {"name": "Not-Operational"}, "number_of_beds": 0}, {"code": 17499, "location_desc": "Njabini-Olkalou rd,branch right at ndunyu njeru market,move 7km towards geta,branch left at kwa mbekenya", "official_name": "Kwa Mbekenya Dispensary", "owner": {"name": "Ministry of Health"}, "keph_level": {"name": "Level 2"}, "ward": {"code": 443}, "number_of_cots": 0, "name": "Kwa Mbekenya Dispensary", "created": "2011-03-01T02:19:01.607000+00:00", "regulatory_body": {"name": "Ministry of Health"}, "facility_type": {"name": "Dispensary"}, "plot_number": null, "operation_status": {"name": "Operational"}, "number_of_beds": 0}, {"code": 17501, "location_desc": "Along Mumias  Rd Between Sang'alo and  Bumula Juctions", "official_name": "Musco Clinic", "owner": {"name": "Private Practice - Nurse / Midwife"}, "keph_level": {"name": "Level 2"}, "ward": {"code": 1100}, "number_of_cots": 0, "town": {"name": "musikoma"}, "name": "Musco Clinic", "created": "2011-03-01T09:03:20.837000+00:00", "regulatory_body": {"name": "Nursing Council of Kenya (Private Practice)"}, "facility_type": {"name": "Medical Clinic"}, "plot_number": null, "operation_status": {"name": "Operational"}, "number_of_beds": 0}, {"code": 17502, "location_desc": "Along Eldoret Malaba Road", "official_name": "Mabanga Medical Clinic", "owner": {"name": "Private Practice - Nurse / Midwife"}, "keph_level": {"name": "Level 2"}, "ward": {"code": 1097}, "number_of_cots": 0, "town": {"name": "bukembe market"}, "name": "Mabanga Medical Clinic", "created": "2011-03-01T09:09:31.620000+00:00", "regulatory_body": {"name": "Nursing Council of Kenya (Private Practice)"}, "facility_type": {"name": "Medical Clinic"}, "plot_number": "e/bukusu/s.kanduyi/1", "operation_status": {"name": "Operational"}, "number_of_beds": 0}, {"code": 17503, "location_desc": "Kanduyi Market  along Malaba Road", "official_name": "St Thadeus Medical Clinic", "owner": {"name": "Other Faith Based"}, "keph_level": {"name": "Level 2"}, "ward": {"code": 1100}, "number_of_cots": 0, "town": {"name": "kanduyi"}, "name": "St Thadeus Medical Clinic", "created": "2011-03-01T09:13:46.460000+00:00", "regulatory_body": {"name": "Nursing Council of Kenya (Private Practice)"}, "facility_type": {"name": "Medical Clinic"}, "plot_number": "east bukusu /south kanduyi 43", "operation_status": {"name": "Operational"}, "number_of_beds": 0}, {"code": 17504, "location_desc": "Opposite Cereals Board -Bungoma", "official_name": "Kema Medical Clinic", "owner": {"name": "Private Practice - Nurse / Midwife"}, "keph_level": {"name": "Level 2"}, "ward": {"code": 1099}, "number_of_cots": 0, "town": {"name": "mashambani"}, "name": "Kema Medical Clinic", "created": "2011-03-01T09:20:03.500000+00:00", "regulatory_body": {"name": "Nursing Council of Kenya (Private Practice)"}, "facility_type": {"name": "Medical Clinic"}, "plot_number": "e/bukusu/s.kanduyi/1295", "operation_status": {"name": "Operational"}, "number_of_beds": 1}, {"code": 17505, "location_desc": "Along Bungoma kitale Rd", "official_name": "Yanja Medical Clinic", "owner": {"name": "Private Practice - Nurse / Midwife"}, "keph_level": {"name": "Level 2"}, "ward": {"code": 1102}, "number_of_cots": 0, "town": {"name": "mayanja market"}, "name": "Yanja Medical Clinic", "created": "2011-03-01T09:25:07.650000+00:00", "regulatory_body": {"name": "Nursing Council of Kenya (Private Practice)"}, "facility_type": {"name": "Medical Clinic"}, "plot_number": null, "operation_status": {"name": "Not-Operational"}, "number_of_beds": 0}, {"code": 17507, "location_desc": "Emali Town", "official_name": "Musau Medical Clinic", "owner": {"name": "Private Practice - Clinical Officer"}, "keph_level": {"name": "Level 2"}, "ward": {"code": 436}, "number_of_cots": 0, "town": {"name": "emali"}, "name": "Musau Medical Clinic", "created": "2011-03-01T09:31:40.860000+00:00", "regulatory_body": {"name": "Clinical Officers Council"}, "facility_type": {"name": "Medical Clinic"}, "plot_number": "n/a", "operation_status": {"name": "Operational"}, "number_of_beds": 0}, {"code": 17510, "location_desc": "Within oljor orok next to oljororok police station", "official_name": "Muga Medical Clinic", "owner": {"name": "Private Practice - Clinical Officer"}, "keph_level": {"name": "Level 2"}, "ward": {"code": 460}, "number_of_cots": 0, "town": {"name": "oljor orok"}, "name": "Muga Medical Clinic", "created": "2011-03-01T09:59:12.270000+00:00", "regulatory_body": {"name": "Clinical Officers Council"}, "facility_type": {"name": "Medical Clinic"}, "plot_number": "39/92", "operation_status": {"name": "Operational"}, "number_of_beds": 0}, {"code": 17511, "location_desc": "Emali Town", "official_name": "North Star Alliance Clinic", "owner": {"name": "Non-Governmental Organizations"}, "keph_level": {"name": "Level 2"}, "ward": {"code": 436}, "number_of_cots": 0, "town": {"name": "emali"}, "name": "North Star Alliance Clinic", "created": "2011-03-01T10:04:08.030000+00:00", "regulatory_body": {"name": "Kenya MPDB - Private Practice"}, "facility_type": {"name": "Medical Clinic"}, "plot_number": "0", "operation_status": {"name": "Operational"}, "number_of_beds": 0}, {"code": 17512, "location_desc": null, "official_name": "Lihanda Health Centre", "owner": {"name": "Non-Governmental Organizations"}, "keph_level": {"name": "Level 3"}, "ward": {"code": 1173}, "number_of_cots": 0, "town": {"name": "lwanda market"}, "name": "Lihanda Health Centre", "created": "2011-03-01T13:05:29.890000+00:00", "regulatory_body": {"name": "Ministry of Health"}, "facility_type": {"name": "Health Centre"}, "plot_number": "e.gem/lihanda/981", "operation_status": {"name": "Operational"}, "number_of_beds": 4}, {"code": 17513, "location_desc": "Opposite Nzoia Sugar Factory", "official_name": "Njete Medical Clinic", "owner": {"name": "Private Practice - Nurse / Midwife"}, "keph_level": {"name": "Level 2"}, "ward": {"code": 1099}, "number_of_cots": 2, "town": {"name": "nzoia market"}, "name": "Njete Medical Clinic", "created": "2011-03-01T13:41:45.447000+00:00", "regulatory_body": {"name": "Nursing Council of Kenya (Private Practice)"}, "facility_type": {"name": "Medical Clinic"}, "plot_number": null, "operation_status": {"name": "Operational"}, "number_of_beds": 2}], "model": "facilities.Facility", "unique_fields": ["code"]}]