[{"records": [{"code": 18163, "location_desc": null, "official_name": "Kericho Youth Centre", "owner": {"name": "Non-Governmental Organizations"}, "keph_level": {"name": "Level 2"}, "ward": {"code": 947}, "number_of_cots": 0, "town": {"name": "kericho"}, "name": "Kericho Youth Centre", "created": "2011-09-01T11:18:47.930000+00:00", "regulatory_body": {"name": "Other"}, "facility_type": {"name": "VCT Centre (Stand-Alone)"}, "plot_number": null, "operation_status": {"name": "Operational"}, "number_of_beds": 0}, {"code": 18165, "location_desc": null, "official_name": "Emahene Medical Clinic ", "owner": {"name": "Private Practice - Nurse / Midwife"}, "keph_level": {"name": "Level 2"}, "ward": {"code": 1037}, "number_of_cots": 0, "town": {"name": "khwisero"}, "name": "Emahene Medical Clinic", "created": "2011-09-02T10:37:00.480000+00:00", "regulatory_body": {"name": "Nursing Council of Kenya (Private Practice)"}, "facility_type": {"name": "Medical Clinic"}, "plot_number": null, "operation_status": {"name": "Operational"}, "number_of_beds": 5}, {"code": 18166, "location_desc": "Located in Ajawa for the whole district", "official_name": "Wajir North Nomadic Clinic", "owner": {"name": "Ministry of Health"}, "keph_level": {"name": "Level 2"}, "ward": {"code": 166}, "number_of_cots": 0, "town": {"name": "ajawa"}, "name": "Wajir North Nomadic Clinic", "created": "2011-09-02T16:49:50.543000+00:00", "regulatory_body": {"name": "Ministry of Health"}, "facility_type": {"name": "Dispensary"}, "plot_number": null, "operation_status": {"name": "Operational"}, "number_of_beds": 0}, {"code": 18167, "location_desc": "Opposite Jericho Market", "official_name": "Movement Of Men Against AIDS Of Kenya", "owner": {"name": "Non-Governmental Organizations"}, "keph_level": {"name": "Level 2"}, "ward": {"code": 1430}, "number_of_cots": 0, "town": {"name": "jericho market"}, "name": "Mmak", "created": "2011-09-03T23:53:28+00:00", "regulatory_body": {"name": "Kenya MPDB - Institution"}, "facility_type": {"name": "VCT Centre (Stand-Alone)"}, "plot_number": null, "operation_status": {"name": "Operational"}, "number_of_beds": 0}, {"code": 18168, "location_desc": null, "official_name": "Kyazabe Medical clinic", "owner": {"name": "Private Practice - Unspecified"}, "keph_level": {"name": "Level 2"}, "ward": {"code": 386}, "number_of_cots": 0, "name": "Kyazabe Medical Clinic", "created": "2011-09-05T11:22:02.910000+00:00", "regulatory_body": {"name": "Ministry of Health"}, "facility_type": {"name": "Medical Clinic"}, "plot_number": null, "operation_status": {"name": "Operational"}, "number_of_beds": 0}, {"code": 18169, "location_desc": "In Athi River Town", "official_name": "Athi Complex Community Centre", "owner": {"name": "Private Practice - General Practitioner"}, "keph_level": {"name": "Level 3"}, "ward": {"code": 394}, "number_of_cots": 0, "town": {"name": "athi river town"}, "name": "Athi Complex Community Centre", "created": "2011-09-08T11:14:43.330000+00:00", "regulatory_body": {"name": "Kenya MPDB - Private Practice"}, "facility_type": {"name": "Nursing Home"}, "plot_number": null, "operation_status": {"name": "Operational"}, "number_of_beds": 10}, {"code": 18170, "location_desc": null, "official_name": "El Kambere Nomadic Clinic", "owner": {"name": "Ministry of Health"}, "keph_level": {"name": "Level 2"}, "ward": {"code": 153}, "number_of_cots": 0, "town": {"name": "hulugho"}, "name": "El Kambere Nomadic Clinic", "created": "2011-09-08T21:15:59.873000+00:00", "regulatory_body": {"name": "Ministry of Health"}, "facility_type": {"name": "Dispensary"}, "plot_number": null, "operation_status": {"name": "Operational"}, "number_of_beds": 0}, {"code": 18171, "location_desc": null, "official_name": "Administration Police Senior Staff College Dispensary", "owner": {"name": "Ministry of Health"}, "keph_level": {"name": "Level 2"}, "ward": {"code": 924}, "number_of_cots": 0, "town": {"name": "emali"}, "name": "Administration Police Senior Staff College Dispens", "created": "2011-09-09T12:04:44.493000+00:00", "regulatory_body": {"name": "Ministry of Health"}, "facility_type": {"name": "Dispensary"}, "plot_number": null, "operation_status": {"name": "Operational"}, "number_of_beds": 0}, {"code": 18172, "location_desc": "Offside Nakuru Nairobi highway at machine Ndege", "official_name": "Life Water Ndege Mobile Clinic", "owner": {"name": "Other Faith Based"}, "keph_level": {"name": "Level 2"}, "ward": {"code": 880}, "number_of_cots": 0, "town": {"name": "lanet machine ndege"}, "name": "Life Water Ndege Mobile Clinic", "created": "2011-09-09T14:55:56.427000+00:00", "regulatory_body": {"name": "Kenya MPDB - Institution"}, "facility_type": {"name": "Dispensary"}, "plot_number": null, "operation_status": {"name": "Operational"}, "number_of_beds": 0}, {"code": 18173, "location_desc": "Near Kanjuu Market", "official_name": "St Mary Magdalene Kanjuu Dispensary", "owner": {"name": "Christian Health Association of Kenya"}, "keph_level": {"name": "Level 2"}, "ward": {"code": 506}, "number_of_cots": 0, "town": {"name": "kanjuu"}, "name": "St Mary Magdalene Kanjuu Dispensary", "created": "2011-09-12T10:52:04.217000+00:00", "regulatory_body": {"name": "Kenya MPDB - Institution"}, "facility_type": {"name": "Dispensary"}, "plot_number": null, "operation_status": {"name": "Operational"}, "number_of_beds": 0}, {"code": 18174, "location_desc": " Nearest Mbiri Market", "official_name": "Mbiri (ACK) Dispensary", "owner": {"name": "Christian Health Association of Kenya"}, "keph_level": {"name": "Level 2"}, "ward": {"code": 506}, "number_of_cots": 0, "town": {"name": "embu"}, "name": "Mbiri (ACK) Dispensary", "created": "2011-09-12T11:43:11.030000+00:00", "regulatory_body": {"name": "Kenya MPDB - Institution"}, "facility_type": {"name": "Dispensary"}, "plot_number": null, "operation_status": {"name": "Operational"}, "number_of_beds": 0}, {"code": 18176, "location_desc": "Within the Lang'ata Shopping Mall Complex opposite Lang'ata High School", "official_name": "Sex Workers Outreach Program (Lang'ata) ", "owner": {"name": "Non-Governmental Organizations"}, "keph_level": {"name": "Level 2"}, "ward": {"code": 1383}, "number_of_cots": 0, "town": {"name": "lang'ata shopping mall"}, "name": "Sex Workers Outreach Program (Lang'ata)", "created": "2011-09-12T13:08:58.507000+00:00", "regulatory_body": {"name": "Kenya MPDB - Private Practice"}, "facility_type": {"name": "Medical Clinic"}, "plot_number": null, "operation_status": {"name": "Operational"}, "number_of_beds": 0}, {"code": 18177, "location_desc": null, "official_name": "Imani Hospital", "owner": {"name": "Private Enterprise (Institution)"}, "keph_level": {"name": "Level 3"}, "ward": {"code": 723}, "number_of_cots": 0, "town": {"name": "eldoret"}, "name": "Imani Hospital", "created": "2011-09-12T17:02:28.643000+00:00", "regulatory_body": {"name": "Kenya MPDB - Institution"}, "facility_type": {"name": "Other Hospital"}, "plot_number": null, "operation_status": {"name": "Operational"}, "number_of_beds": 16}, {"code": 18178, "location_desc": null, "official_name": "AAR Eldoret", "owner": {"name": "Private Practice - General Practitioner"}, "keph_level": {"name": "Level 3"}, "ward": {"code": 723}, "number_of_cots": 0, "town": {"name": "eldoret"}, "name": "AAR Eldoret", "created": "2011-09-12T17:08:14.807000+00:00", "regulatory_body": {"name": "Other"}, "facility_type": {"name": "Medical Clinic"}, "plot_number": null, "operation_status": {"name": "Operational"}, "number_of_beds": 0}, {"code": 18179, "location_desc": "Located between GSU Kimbo station and Toll station along Thika Road", "official_name": "St Michael Goodwill Medical Clinic ", "owner": {"name": "Private Practice - Nurse / Midwife"}, "keph_level": {"name": "Level 2"}, "ward": {"code": 559}, "number_of_cots": 0, "town": {"name": "toll town"}, "name": "St Michael Goodwill Medical Clinic", "created": "2011-09-13T09:47:25.853000+00:00", "regulatory_body": {"name": "Nursing Council of Kenya (Private Practice)"}, "facility_type": {"name": "Medical Clinic"}, "plot_number": "5457/mugutha", "operation_status": {"name": "Operational"}, "number_of_beds": 0}, {"code": 18182, "location_desc": null, "official_name": "Dr Ogaro Medical Clinic ", "owner": {"name": "Private Practice - General Practitioner"}, "keph_level": {"name": "Level 2"}, "ward": {"code": 726}, "number_of_cots": 0, "name": "Dr Ogaro Medical Clinic", "created": "2011-09-13T10:30:17.377000+00:00", "regulatory_body": {"name": "Kenya MPDB - Private Practice"}, "facility_type": {"name": "Medical Clinic"}, "plot_number": null, "operation_status": {"name": "Operational"}, "number_of_beds": 0}, {"code": 18185, "location_desc": null, "official_name": "Kapterit Dispensary", "owner": {"name": "Ministry of Health"}, "keph_level": {"name": "Level 2"}, "ward": {"code": 737}, "number_of_cots": 0, "town": {"name": "kapcherop"}, "name": "Kapterit Dispensary", "created": "2011-09-13T11:39:53.020000+00:00", "regulatory_body": {"name": "Ministry of Health"}, "facility_type": {"name": "Dispensary"}, "plot_number": null, "operation_status": {"name": "Operational"}, "number_of_beds": 0}, {"code": 18186, "location_desc": null, "official_name": "Kipkundul Dispensary", "owner": {"name": "Ministry of Health"}, "keph_level": {"name": "Level 2"}, "ward": {"code": 659}, "number_of_cots": 0, "town": {"name": "kapcherop"}, "name": "Kipkundul Dispensary", "created": "2011-09-13T11:48:56.277000+00:00", "regulatory_body": {"name": "Ministry of Health"}, "facility_type": {"name": "Dispensary"}, "plot_number": null, "operation_status": {"name": "Operational"}, "number_of_beds": 0}, {"code": 18187, "location_desc": "Approximately 25 Km from Taveta Town Taveta/Loitokitok Road", "official_name": "Mahandakini Dispensary", "owner": {"name": "Ministry of Health"}, "keph_level": {"name": "Level 2"}, "ward": {"code": 111}, "number_of_cots": 0, "town": {"name": "chumvini"}, "name": "Mahandakini Dispensary", "created": "2011-09-13T15:39:21.490000+00:00", "regulatory_body": {"name": "Ministry of Health"}, "facility_type": {"name": "Dispensary"}, "plot_number": null, "operation_status": {"name": "Operational"}, "number_of_beds": 0}, {"code": 18188, "location_desc": null, "official_name": "Chepkoiyo  Dispensary", "owner": {"name": "Community"}, "keph_level": {"name": "Level 2"}, "ward": {"code": 945}, "number_of_cots": 0, "town": {"name": "kericho"}, "name": "Chepkoiyo", "created": "2011-09-13T16:12:00.337000+00:00", "regulatory_body": {"name": "Ministry of Health"}, "facility_type": {"name": "Dispensary"}, "plot_number": null, "operation_status": {"name": "Operational"}, "number_of_beds": 0}, {"code": 18189, "location_desc": "Miriams Road 250m off Namanga Road", "official_name": "Topcare Nursing Home", "owner": {"name": "Private Enterprise (Institution)"}, "keph_level": {"name": "Level 3"}, "ward": {"code": 923}, "number_of_cots": 10, "town": {"name": "kitengela"}, "name": "Topcare Nursing Home", "created": "2011-09-14T10:28:05.590000+00:00", "regulatory_body": {"name": "Kenya MPDB - Private Practice"}, "facility_type": {"name": "Nursing Home"}, "plot_number": null, "operation_status": {"name": "Operational"}, "number_of_beds": 10}, {"code": 18190, "location_desc": "Off Kitengela Namanga Road", "official_name": "St. Paul's Hospita", "owner": {"name": "Private Practice - General Practitioner"}, "keph_level": {"name": "Level 4"}, "ward": {"code": 921}, "number_of_cots": 0, "town": {"name": "kitengela"}, "name": "St Paul's Hospital", "created": "2011-09-14T10:54:21.580000+00:00", "regulatory_body": {"name": "Kenya MPDB - Private Practice"}, "facility_type": {"name": "Other Hospital"}, "plot_number": null, "operation_status": {"name": "Operational"}, "number_of_beds": 5}, {"code": 18191, "location_desc": "Off Kitengela Namanga Road", "official_name": "Gertrudes Children Clinic (Kitengela) ", "owner": {"name": "Private Practice - General Practitioner"}, "keph_level": {"name": "Level 2"}, "ward": {"code": 921}, "number_of_cots": 0, "town": {"name": "kitengela"}, "name": "Gertrudes Children Clinic (Kitengela)", "created": "2011-09-14T11:09:57.990000+00:00", "regulatory_body": {"name": "Kenya MPDB - Private Practice"}, "facility_type": {"name": "Medical Clinic"}, "plot_number": null, "operation_status": {"name": "Operational"}, "number_of_beds": 0}, {"code": 18192, "location_desc": "Trade Center Kitengela", "official_name": "Neema Medical Clinic Kitengela", "owner": {"name": "Private Practice - Nurse / Midwife"}, "keph_level": {"name": "Level 2"}, "ward": {"code": 921}, "number_of_cots": 0, "town": {"name": "kitengela"}, "name": "Neema Medical Clinic Kitengela", "created": "2011-09-14T11:18:10.093000+00:00", "regulatory_body": {"name": "Clinical Officers Council"}, "facility_type": {"name": "Medical Clinic"}, "plot_number": null, "operation_status": {"name": "Operational"}, "number_of_beds": 0}, {"code": 18193, "location_desc": "Next to Trade Centre Kitengela", "official_name": "Utugi Medical Clinic Kitengela", "owner": {"name": "Private Practice - Nurse / Midwife"}, "keph_level": {"name": "Level 2"}, "ward": {"code": 921}, "number_of_cots": 0, "town": {"name": "kitengela"}, "name": "Utugi Medical Clinic Kitengela", "created": "2011-09-14T11:23:55.307000+00:00", "regulatory_body": {"name": "Nursing Council of Kenya (Private Practice)"}, "facility_type": {"name": "Medical Clinic"}, "plot_number": null, "operation_status": {"name": "Pending Opening"}, "number_of_beds": 0}, {"code": 18195, "location_desc": "Magadi Road, opp. Fairmart Supermarket", "official_name": "Nairobi Women Hospital Ongata Rongai", "owner": {"name": "Private Practice - General Practitioner"}, "keph_level": {"name": "Level 4"}, "ward": {"code": 912}, "number_of_cots": 20, "town": {"name": "ongata rongai"}, "name": "Nairobi Women Hospital Ongata Rongai", "created": "2011-09-14T15:23:21.807000+00:00", "regulatory_body": {"name": "Kenya MPDB - Institution"}, "facility_type": {"name": "Other Hospital"}, "plot_number": null, "operation_status": {"name": "Operational"}, "number_of_beds": 77}, {"code": 18196, "location_desc": "Trade Center Kitengela", "official_name": "Olive Medical Clinic", "owner": {"name": "Private Practice - Nurse / Midwife"}, "keph_level": {"name": "Level 2"}, "ward": {"code": 921}, "number_of_cots": 0, "town": {"name": "kitengela"}, "name": "Olive Medical Clinic Kitengela", "created": "2011-09-14T16:40:09.090000+00:00", "regulatory_body": {"name": "Nursing Council of Kenya (Private Practice)"}, "facility_type": {"name": "Medical Clinic"}, "plot_number": null, "operation_status": {"name": "Operational"}, "number_of_beds": 0}, {"code": 18197, "location_desc": "Oloolua Road opp. Coca cola depot", "official_name": "Edkar Health Services", "owner": {"name": "Private Practice - Nurse / Midwife"}, "keph_level": {"name": "Level 2"}, "ward": {"code": 915}, "number_of_cots": 0, "town": {"name": "ngong"}, "name": "Edkar Health Services", "created": "2011-09-15T16:38:49.063000+00:00", "regulatory_body": {"name": "Nursing Council of Kenya (Private Practice)"}, "facility_type": {"name": "Medical Clinic"}, "plot_number": null, "operation_status": {"name": "Operational"}, "number_of_beds": 0}, {"code": 18198, "location_desc": "Kiserian Town", "official_name": "St.Judes Medical Clinic", "owner": {"name": "Private Practice - Nurse / Midwife"}, "keph_level": {"name": "Level 2"}, "ward": {"code": 846}, "number_of_cots": 0, "town": {"name": "kiserian"}, "name": "St Judes Medical Clinic", "created": "2011-09-16T09:12:16.377000+00:00", "regulatory_body": {"name": "Nursing Council of Kenya (Private Practice)"}, "facility_type": {"name": "Medical Clinic"}, "plot_number": null, "operation_status": {"name": "Operational"}, "number_of_beds": 0}, {"code": 18199, "location_desc": "Near Kenyatta University , Kwa Vonza", "official_name": "Nyumbani Village Catholic Dispensary", "owner": {"name": "Christian Health Association of Kenya"}, "keph_level": {"name": "Level 2"}, "ward": {"code": 378}, "number_of_cots": 0, "town": {"name": "kwa vonza"}, "name": "Nyumbani Village Catholic Dispensary", "created": "2011-09-16T14:02:37.303000+00:00", "regulatory_body": {"name": "Kenya MPDB - Institution"}, "facility_type": {"name": "Dispensary"}, "plot_number": null, "operation_status": {"name": "Operational"}, "number_of_beds": 0}, {"code": 18202, "location_desc": "2nd Freight  Avenue Next To Oserian Mechanised", "official_name": "Vegpro Kenya Limited Clinic", "owner": {"name": "Company Medical Service"}, "keph_level": {"name": "Level 2"}, "ward": {"code": 1423}, "number_of_cots": 0, "town": {"name": "jkia"}, "name": "Vegpro In House Clinic", "created": "2011-09-16T16:26:58.127000+00:00", "regulatory_body": {"name": "Nursing Council of Kenya (Private Practice)"}, "facility_type": {"name": "Medical Clinic"}, "plot_number": "lr no 9042/284", "operation_status": {"name": "Operational"}, "number_of_beds": 2}, {"code": 18203, "location_desc": null, "official_name": "Wumiisyo Medical Clinic", "owner": {"name": "Private Practice - Nurse / Midwife"}, "keph_level": {"name": "Level 2"}, "ward": {"code": 428}, "number_of_cots": 0, "town": {"name": "mbuvo mkt"}, "name": "Wumiisyo Medical Clinic", "created": "2011-09-19T11:49:59.287000+00:00", "regulatory_body": {"name": "Nursing Council of Kenya (Private Practice)"}, "facility_type": {"name": "Medical Clinic"}, "plot_number": null, "operation_status": {"name": "Operational"}, "number_of_beds": 0}, {"code": 18204, "location_desc": null, "official_name": "Kokwongoi Dispensary", "owner": {"name": "Ministry of Health"}, "keph_level": {"name": "Level 2"}, "ward": {"code": 659}, "number_of_cots": 0, "town": {"name": "cheborora"}, "name": "Kokwongoi Dispensary", "created": "2011-09-20T12:31:53.593000+00:00", "regulatory_body": {"name": "Ministry of Health"}, "facility_type": {"name": "Dispensary"}, "plot_number": null, "operation_status": {"name": "Pending Opening"}, "number_of_beds": 0}, {"code": 18206, "location_desc": null, "official_name": "Yatoi Dispensary", "owner": {"name": "Ministry of Health"}, "keph_level": {"name": "Level 2"}, "ward": {"code": 737}, "number_of_cots": 0, "town": {"name": "kapcherop"}, "name": "Yatoi", "created": "2011-09-20T12:46:23.840000+00:00", "regulatory_body": {"name": "Ministry of Health"}, "facility_type": {"name": "Dispensary"}, "plot_number": null, "operation_status": {"name": "Not-Operational"}, "number_of_beds": 0}, {"code": 18210, "location_desc": "Along Karisa Maitha Road, at Mlaleo stage next to SayyidFatma Hospital", "official_name": "Mlaleo Health Centre (MOH)", "owner": {"name": "Ministry of Health"}, "keph_level": {"name": "Level 3"}, "ward": {"code": 16}, "number_of_cots": 4, "town": {"name": "kongowea market"}, "name": "Mlaleo Health Centre (MOH)", "created": "2011-09-21T13:50:16.813000+00:00", "regulatory_body": {"name": "Ministry of Health"}, "facility_type": {"name": "Health Centre"}, "plot_number": null, "operation_status": {"name": "Pending Opening"}, "number_of_beds": 12}, {"code": 18211, "location_desc": null, "official_name": "Railway Dispensary", "owner": {"name": "Ministry of Health"}, "keph_level": {"name": "Level 2"}, "ward": {"code": 29}, "number_of_cots": 0, "town": {"name": "majengo market"}, "name": "Railway Dispensary", "created": "2011-09-21T14:02:22.540000+00:00", "regulatory_body": {"name": "Ministry of Health"}, "facility_type": {"name": "Dispensary"}, "plot_number": null, "operation_status": {"name": "Operational"}, "number_of_beds": 0}, {"code": 18212, "location_desc": "At Shimanzi ,opposite Railway Dispensary", "official_name": "Kenya Ports Authority Staff Clinic", "owner": {"name": "Parastatal"}, "keph_level": {"name": "Level 2"}, "ward": {"code": 29}, "number_of_cots": 0, "name": "Kenya Ports Authority Staff Clinic", "created": "2011-09-21T14:17:26.157000+00:00", "regulatory_body": {"name": "Kenya MPDB - Institution"}, "facility_type": {"name": "Medical Clinic"}, "plot_number": null, "operation_status": {"name": "Operational"}, "number_of_beds": 0}, {"code": 18213, "location_desc": "Offf Jomokenyatta Avenue,at Makande next to Elimu Church-Makupa", "official_name": "Gurunanak Medical Clinic", "owner": {"name": "Private Practice - General Practitioner"}, "keph_level": {"name": "Level 2"}, "ward": {"code": 30}, "number_of_cots": 0, "town": {"name": "majengo market"}, "name": "Gurunanak Medical Clinic", "created": "2011-09-21T14:28:53.560000+00:00", "regulatory_body": {"name": "Kenya MPDB - Institution"}, "facility_type": {"name": "Medical Clinic"}, "plot_number": null, "operation_status": {"name": "Operational"}, "number_of_beds": 0}, {"code": 18214, "location_desc": "Magadi Road", "official_name": "Woodshaven Medical Centre", "owner": {"name": "Private Practice - Clinical Officer"}, "keph_level": {"name": "Level 2"}, "ward": {"code": 911}, "number_of_cots": 0, "town": {"name": "kiserian"}, "name": "Woodshaven Medical Centre", "created": "2011-09-22T10:37:56.873000+00:00", "regulatory_body": {"name": "Kenya MPDB - Private Practice"}, "facility_type": {"name": "Medical Clinic"}, "plot_number": null, "operation_status": {"name": "Operational"}, "number_of_beds": 0}, {"code": 18215, "location_desc": "Along Nkubu- Meru road near  Nkubu town", "official_name": "Ukuu MCK Dispensary", "owner": {"name": "Christian Health Association of Kenya"}, "keph_level": {"name": "Level 2"}, "ward": {"code": 295}, "number_of_cots": 0, "town": {"name": "nkubu town"}, "name": "Ukuu MCK Dispensary", "created": "2011-09-22T11:22:48.830000+00:00", "regulatory_body": {"name": "Ministry of Health"}, "facility_type": {"name": "Dispensary"}, "plot_number": null, "operation_status": {"name": "Operational"}, "number_of_beds": 0}, {"code": 18216, "location_desc": "Endebess - Mt. Elgon Road", "official_name": "Kitum Dispensary", "owner": {"name": "Ministry of Health"}, "keph_level": {"name": "Level 2"}, "ward": {"code": 681}, "number_of_cots": 0, "town": {"name": "endebess"}, "name": "Kitum Dispensary", "created": "2011-09-26T10:38:31.643000+00:00", "regulatory_body": {"name": "Ministry of Health"}, "facility_type": {"name": "Dispensary"}, "plot_number": null, "operation_status": {"name": "Operational"}, "number_of_beds": 0}, {"code": 18220, "location_desc": "Dandora Phase IV opposite Ronald Ngara Private School", "official_name": "Dandora Medical Centre", "owner": {"name": "Private Practice - Unspecified"}, "keph_level": {"name": "Level 2"}, "ward": {"code": 1415}, "number_of_cots": 0, "town": {"name": "dandora phase iv"}, "name": "Dandora Medical Centre", "created": "2011-09-26T23:21:13.790000+00:00", "regulatory_body": {"name": "Nursing Council of Kenya (Private Practice)"}, "facility_type": {"name": "Medical Clinic"}, "plot_number": null, "operation_status": {"name": "Operational"}, "number_of_beds": 0}, {"code": 18222, "location_desc": "At Njiru Shoping Centre", "official_name": "St John's Community clinic", "owner": {"name": "Non-Governmental Organizations"}, "keph_level": {"name": "Level 2"}, "ward": {"code": 1399}, "number_of_cots": 0, "town": {"name": "njiru market"}, "name": "St John's Community Clinic Njiru", "created": "2011-09-27T00:36:55.070000+00:00", "regulatory_body": {"name": "Clinical Officers Council"}, "facility_type": {"name": "Medical Clinic"}, "plot_number": null, "operation_status": {"name": "Operational"}, "number_of_beds": 0}, {"code": 18223, "location_desc": "Kitengela Namanga Road", "official_name": "Aga Khan Clinic Kitengela", "owner": {"name": "Private Practice - General Practitioner"}, "keph_level": {"name": "Level 2"}, "ward": {"code": 923}, "number_of_cots": 0, "town": {"name": "kitengela"}, "name": "Aga Khan Clinic Kitengela", "created": "2011-09-28T12:40:30.253000+00:00", "regulatory_body": {"name": "Kenya MPDB - Private Practice"}, "facility_type": {"name": "Medical Clinic"}, "plot_number": null, "operation_status": {"name": "Operational"}, "number_of_beds": 0}, {"code": 18225, "location_desc": "500 M from the main at Red Cross Offices", "official_name": "Nyaweri DVCT", "owner": {"name": "Non-Governmental Organizations"}, "keph_level": {"name": "Level 2"}, "ward": {"code": 1198}, "number_of_cots": 0, "town": {"name": "nearest nnpgh on kisumu kakamega road"}, "name": "Nyaweri Deaf VCT", "created": "2011-09-29T07:50:09.523000+00:00", "regulatory_body": {"name": "Kenya MPDB - Private Practice"}, "facility_type": {"name": "VCT Centre (Stand-Alone)"}, "plot_number": null, "operation_status": {"name": "Operational"}, "number_of_beds": 0}, {"code": 18226, "location_desc": null, "official_name": "First Baptist Dispensary", "owner": {"name": "Private Enterprise (Institution)"}, "keph_level": {"name": "Level 2"}, "ward": {"code": 394}, "number_of_cots": 0, "town": {"name": "athi river"}, "name": "First Baptist Dispensary", "created": "2011-09-29T09:25:05.233000+00:00", "regulatory_body": {"name": "Ministry of Health"}, "facility_type": {"name": "Dispensary"}, "plot_number": null, "operation_status": {"name": "Operational"}, "number_of_beds": 0}, {"code": 18227, "location_desc": null, "official_name": "Kagioini Catholic Dispensary", "owner": {"name": "Kenya Episcopal Conference-Catholic Secretariat"}, "keph_level": {"name": "Level 2"}, "ward": {"code": 467}, "number_of_cots": 0, "name": "Kagioini Catholic Dispensary", "created": "2011-09-30T09:53:28.443000+00:00", "regulatory_body": {"name": "Kenya MPDB - Institution"}, "facility_type": {"name": "Dispensary"}, "plot_number": null, "operation_status": {"name": "Operational"}, "number_of_beds": 0}, {"code": 18228, "location_desc": "On Nyeri / Nyahururu Highway", "official_name": "Kimathi University College Medical Clinic", "owner": {"name": "Academic (if registered)"}, "keph_level": {"name": "Level 2"}, "ward": {"code": 491}, "number_of_cots": 0, "town": {"name": "mweiga"}, "name": "Kimathi University College Medical Clinic", "created": "2011-09-30T10:02:14.007000+00:00", "regulatory_body": {"name": "Kenya MPDB - Institution"}, "facility_type": {"name": "Dispensary"}, "plot_number": null, "operation_status": {"name": "Operational"}, "number_of_beds": 0}, {"code": 18229, "location_desc": null, "official_name": "Wamboo Dispensary", "owner": {"name": "Ministry of Health"}, "keph_level": {"name": "Level 2"}, "ward": {"code": 395}, "number_of_cots": 1, "town": {"name": "wamboo"}, "name": "Wamboo Dispensary", "created": "2011-09-30T15:24:36.610000+00:00", "regulatory_body": {"name": "Ministry of Health"}, "facility_type": {"name": "Dispensary"}, "plot_number": null, "operation_status": {"name": "Operational"}, "number_of_beds": 0}, {"code": 18230, "location_desc": null, "official_name": "Kauthulini Dispensary", "owner": {"name": "Ministry of Health"}, "keph_level": {"name": "Level 2"}, "ward": {"code": 386}, "number_of_cots": 1, "town": {"name": "kauthulini"}, "name": "Kauthulini Dispensary", "created": "2011-09-30T15:42:31.373000+00:00", "regulatory_body": {"name": "Ministry of Health"}, "facility_type": {"name": "Dispensary"}, "plot_number": null, "operation_status": {"name": "Operational"}, "number_of_beds": 2}, {"code": 18232, "location_desc": "Situated in Busia Town on 3rd Floor of Family Bank Building Opposite National Bank of Kenya  ", "official_name": "Marie Stopes Kenya Bungoma Centre", "owner": {"name": "Non-Governmental Organizations"}, "keph_level": {"name": "Level 2"}, "ward": {"code": 1141}, "number_of_cots": 0, "town": {"name": "busia town"}, "name": "Marie Stopes Kenya Bungoma Centre", "created": "2011-10-03T08:23:49.070000+00:00", "regulatory_body": {"name": "Ministry of Health"}, "facility_type": {"name": "Medical Clinic"}, "plot_number": null, "operation_status": {"name": "Operational"}, "number_of_beds": 0}, {"code": 18233, "location_desc": "Unity Primary School", "official_name": "Umoja Vct Centre Stand Alone", "owner": {"name": "Non-Governmental Organizations"}, "keph_level": {"name": "Level 2"}, "ward": {"code": 1427}, "number_of_cots": 0, "town": {"name": "umoja ii stage market"}, "name": "Umoja VCT Centre Stand Alone", "created": "2011-10-04T09:28:33.867000+00:00", "regulatory_body": {"name": "Nursing Council of Kenya (Private Practice)"}, "facility_type": {"name": "VCT Centre (Stand-Alone)"}, "plot_number": null, "operation_status": {"name": "Operational"}, "number_of_beds": 0}, {"code": 18234, "location_desc": "Near Nakumatt Super market Kahawa Wendani", "official_name": "Wendani Medical Services", "owner": {"name": "Private Practice - Nurse / Midwife"}, "keph_level": {"name": "Level 2"}, "ward": {"code": 573}, "number_of_cots": 0, "town": {"name": "githurai 45"}, "name": "Wendani Medical Services", "created": "2011-10-04T14:15:10.493000+00:00", "regulatory_body": {"name": "Nursing Council of Kenya (Private Practice)"}, "facility_type": {"name": "Medical Clinic"}, "plot_number": "kahawa wendani 5/522", "operation_status": {"name": "Operational"}, "number_of_beds": 3}, {"code": 18235, "location_desc": "along Korondille - Ingirir road", "official_name": "Leysanyu Dispensary", "owner": {"name": "Ministry of Health"}, "keph_level": {"name": "Level 2"}, "ward": {"code": 182}, "number_of_cots": 0, "town": {"name": "leysanyu"}, "name": "Leysanyu Dispensary", "created": "2011-10-05T11:01:06.307000+00:00", "regulatory_body": {"name": "Ministry of Health"}, "facility_type": {"name": "Dispensary"}, "plot_number": null, "operation_status": {"name": "Not-Operational"}, "number_of_beds": 0}, {"code": 18236, "location_desc": null, "official_name": "Cheboin Dispensary", "owner": {"name": "Ministry of Health"}, "keph_level": {"name": "Level 2"}, "ward": {"code": 952}, "number_of_cots": 0, "town": {"name": "litein town"}, "name": "Cheboin Dispensary (Bureti)", "created": "2011-10-05T12:10:09.707000+00:00", "regulatory_body": {"name": "Ministry of Health"}, "facility_type": {"name": "Dispensary"}, "plot_number": null, "operation_status": {"name": "Operational"}, "number_of_beds": 0}, {"code": 18237, "location_desc": "Located along Embu-Meru road and near Nembure Health Centre at Karingari Market", "official_name": "Salama Medical Clinic", "owner": {"name": "Private Practice - Nurse / Midwife"}, "keph_level": {"name": "Level 2"}, "ward": {"code": 316}, "number_of_cots": 0, "town": {"name": "karingari market"}, "name": "Salama Medical Clinic (Embu)", "created": "2011-10-05T14:12:39.237000+00:00", "regulatory_body": {"name": "Nursing Council of Kenya (Private Practice)"}, "facility_type": {"name": "Medical Clinic"}, "plot_number": null, "operation_status": {"name": "Operational"}, "number_of_beds": 0}, {"code": 18238, "location_desc": "Oloolua Road", "official_name": "Ngong Rapha Hospital", "owner": {"name": "Private Practice - General Practitioner"}, "keph_level": {"name": "Level 4"}, "ward": {"code": 914}, "number_of_cots": 10, "town": {"name": "ngong"}, "name": "Ngong Rapha Hospital", "created": "2011-10-05T16:54:04.920000+00:00", "regulatory_body": {"name": "Kenya MPDB - Private Practice"}, "facility_type": {"name": "Other Hospital"}, "plot_number": null, "operation_status": {"name": "Operational"}, "number_of_beds": 10}, {"code": 18239, "location_desc": "Mama Ngina street Rurima building 3rd floor", "official_name": "Family Health Centre", "owner": {"name": "Private Practice - Nurse / Midwife"}, "keph_level": {"name": "Level 2"}, "ward": {"code": 315}, "number_of_cots": 0, "town": {"name": "embu"}, "name": "Family Health Centre (Embu)", "created": "2011-10-06T11:36:00.537000+00:00", "regulatory_body": {"name": "Nursing Council of Kenya (Private Practice)"}, "facility_type": {"name": "Medical Clinic"}, "plot_number": "1112/84", "operation_status": {"name": "Operational"}, "number_of_beds": 0}, {"code": 18240, "location_desc": null, "official_name": "Khayega community Clinic", "owner": {"name": "Private Practice - Nurse / Midwife"}, "keph_level": {"name": "Level 2"}, "ward": {"code": 1046}, "number_of_cots": 1, "town": {"name": "khayega"}, "name": "Khayega Community Clinic", "created": "2011-10-07T15:34:45.763000+00:00", "regulatory_body": {"name": "Ministry of Health"}, "facility_type": {"name": "Medical Clinic"}, "plot_number": null, "operation_status": {"name": "Operational"}, "number_of_beds": 2}, {"code": 18243, "location_desc": "At Kapkangani Trading Centre", "official_name": "Uzima Medical Clinic (Nandi Central)", "owner": {"name": "Private Practice - Nurse / Midwife"}, "keph_level": {"name": "Level 2"}, "ward": {"code": 771}, "number_of_cots": 0, "town": {"name": "kapsabet"}, "name": "Uzima Medical Clinic (Nandi Central)", "created": "2011-10-10T10:12:30.817000+00:00", "regulatory_body": {"name": "Nursing Council of Kenya (Private Practice)"}, "facility_type": {"name": "Medical Clinic"}, "plot_number": null, "operation_status": {"name": "Operational"}, "number_of_beds": 0}, {"code": 18244, "location_desc": null, "official_name": "Kaewa Dispensary", "owner": {"name": "Ministry of Health"}, "keph_level": {"name": "Level 2"}, "ward": {"code": 411}, "number_of_cots": 2, "town": {"name": "kaewa"}, "name": "Kaewa Dispensary", "created": "2011-10-11T12:47:06.863000+00:00", "regulatory_body": {"name": "Ministry of Health"}, "facility_type": {"name": "Dispensary"}, "plot_number": null, "operation_status": {"name": "Operational"}, "number_of_beds": 0}, {"code": 18245, "location_desc": null, "official_name": "Ndela Dispensary", "owner": {"name": "Ministry of Health"}, "keph_level": {"name": "Level 2"}, "ward": {"code": 479}, "number_of_cots": 0, "town": {"name": "ndela"}, "name": "Ndela Dispensary", "created": "2011-10-11T12:53:59.200000+00:00", "regulatory_body": {"name": "Ministry of Health"}, "facility_type": {"name": "Dispensary"}, "plot_number": null, "operation_status": {"name": "Operational"}, "number_of_beds": 0}, {"code": 18246, "location_desc": null, "official_name": "Katothya Dispensary", "owner": {"name": "Ministry of Health"}, "keph_level": {"name": "Level 2"}, "ward": {"code": 411}, "number_of_cots": 1, "town": {"name": "katothya"}, "name": "Katothya Dispensary", "created": "2011-10-11T13:19:23.480000+00:00", "regulatory_body": {"name": "Ministry of Health"}, "facility_type": {"name": "Dispensary"}, "plot_number": null, "operation_status": {"name": "Operational"}, "number_of_beds": 0}, {"code": 18247, "location_desc": null, "official_name": "Milaani Dispensary", "owner": {"name": "Ministry of Health"}, "keph_level": {"name": "Level 2"}, "ward": {"code": 399}, "number_of_cots": 2, "town": {"name": "milaani"}, "name": "Milaani Dispensary", "created": "2011-10-11T13:26:26.133000+00:00", "regulatory_body": {"name": "Ministry of Health"}, "facility_type": {"name": "Dispensary"}, "plot_number": null, "operation_status": {"name": "Operational"}, "number_of_beds": 0}, {"code": 18248, "location_desc": null, "official_name": "St Mary's Dispensary", "owner": {"name": "Kenya Episcopal Conference-Catholic Secretariat"}, "keph_level": {"name": "Level 2"}, "ward": {"code": 375}, "number_of_cots": 0, "town": {"name": "masinga"}, "name": "St Mary's Dispensary", "created": "2011-10-11T13:45:49.567000+00:00", "regulatory_body": {"name": "Ministry of Health"}, "facility_type": {"name": "Dispensary"}, "plot_number": null, "operation_status": {"name": "Not-Operational"}, "number_of_beds": 0}, {"code": 18250, "location_desc": "Situated  along Kisumu Bondo Road, 9 kms from the District Health Office", "official_name": "Langi Kawino Dispensary", "owner": {"name": "Ministry of Health"}, "keph_level": {"name": "Level 2"}, "ward": {"code": 1204}, "number_of_cots": 0, "town": {"name": "paw akuche market"}, "name": "Langi Kawino Dispensary", "created": "2011-10-12T16:23:06.527000+00:00", "regulatory_body": {"name": "Ministry of Health"}, "facility_type": {"name": "Dispensary"}, "plot_number": null, "operation_status": {"name": "Operational"}, "number_of_beds": 0}, {"code": 18251, "location_desc": "Kilgoris Town", "official_name": "Illikeek Oodupa Clinic", "owner": {"name": "Private Practice - Nurse / Midwife"}, "keph_level": {"name": "Level 2"}, "ward": {"code": 884}, "number_of_cots": 0, "town": {"name": "kilgoris"}, "name": "Illikeek Oodupa Clinic", "created": "2011-10-14T10:32:43.843000+00:00", "regulatory_body": {"name": "Kenya MPDB - Private Practice"}, "facility_type": {"name": "Medical Clinic"}, "plot_number": "2", "operation_status": {"name": "Operational"}, "number_of_beds": 2}, {"code": 18252, "location_desc": "Off at Kautandini Junction at Msa Road to AIC Nyayo Girls", "official_name": "Ngiini Dispensary", "owner": {"name": "Ministry of Health"}, "keph_level": {"name": "Level 2"}, "ward": {"code": 419}, "number_of_cots": 0, "town": {"name": "salama"}, "name": "Ngiini Dispensary", "created": "2011-10-14T13:57:31.150000+00:00", "regulatory_body": {"name": "Ministry of Health"}, "facility_type": {"name": "Dispensary"}, "plot_number": "n/a", "operation_status": {"name": "Operational"}, "number_of_beds": 0}, {"code": 18253, "location_desc": null, "official_name": "WPC Athi River (VCT)", "owner": {"name": "Non-Governmental Organizations"}, "keph_level": {"name": "Level 2"}, "ward": {"code": 394}, "number_of_cots": 0, "town": {"name": "makadara -athi river"}, "name": "World Provision Centre VCT (Athi River)", "created": "2011-10-15T19:40:16.743000+00:00", "regulatory_body": {"name": "Kenya Medical Laboratory, Tech & Technologists Board"}, "facility_type": {"name": "VCT Centre (Stand-Alone)"}, "plot_number": null, "operation_status": {"name": "Operational"}, "number_of_beds": 0}, {"code": 18254, "location_desc": null, "official_name": "New Hope Community Centre", "owner": {"name": "Private Practice - Unspecified"}, "keph_level": {"name": "Level 2"}, "ward": {"code": 394}, "number_of_cots": 0, "town": {"name": "athi river"}, "name": "New Hope Community Centre", "created": "2011-10-15T19:47:03.827000+00:00", "regulatory_body": {"name": "Kenya Medical Laboratory, Tech & Technologists Board"}, "facility_type": {"name": "VCT Centre (Stand-Alone)"}, "plot_number": null, "operation_status": {"name": "Operational"}, "number_of_beds": 0}, {"code": 18255, "location_desc": null, "official_name": "Ray Comprehensive Youth Centre(KANCO)", "owner": {"name": "Private Practice - Unspecified"}, "keph_level": {"name": "Level 2"}, "ward": {"code": 397}, "number_of_cots": 0, "town": {"name": "athi river"}, "name": "Ray Comprehensive Youth Centre (Kanco)", "created": "2011-10-15T19:52:20.260000+00:00", "regulatory_body": {"name": "Kenya Medical Laboratory, Tech & Technologists Board"}, "facility_type": {"name": "VCT Centre (Stand-Alone)"}, "plot_number": null, "operation_status": {"name": "Operational"}, "number_of_beds": 0}, {"code": 18256, "location_desc": null, "official_name": "Mlolongo VCT", "owner": {"name": "Private Practice - Unspecified"}, "keph_level": {"name": "Level 2"}, "ward": {"code": 397}, "number_of_cots": 0, "town": {"name": "mlolongo"}, "name": "Mlolongo VCT", "created": "2011-10-15T20:00:25.480000+00:00", "regulatory_body": {"name": "Other"}, "facility_type": {"name": "VCT Centre (Stand-Alone)"}, "plot_number": null, "operation_status": {"name": "Operational"}, "number_of_beds": 0}, {"code": 18257, "location_desc": "Along Mombasa Road, Mlolongo Market", "official_name": "Oloibon Medical Centre", "owner": {"name": "Private Practice - Clinical Officer"}, "keph_level": {"name": "Level 2"}, "ward": {"code": 397}, "number_of_cots": 0, "town": {"name": "mlolongo"}, "name": "Oloibon Medical Centre", "created": "2011-10-18T12:51:32.093000+00:00", "regulatory_body": {"name": "Clinical Officers Council"}, "facility_type": {"name": "Medical Clinic"}, "plot_number": "112b-mlolongo market", "operation_status": {"name": "Operational"}, "number_of_beds": 0}, {"code": 18258, "location_desc": "Ngong Kiserian Road", "official_name": "Tasia Family Medical Centre", "owner": {"name": "Private Practice - General Practitioner"}, "keph_level": {"name": "Level 2"}, "ward": {"code": 911}, "number_of_cots": 0, "town": {"name": "matasia"}, "name": "Tasia Family Medical Centre", "created": "2011-10-19T11:03:12.110000+00:00", "regulatory_body": {"name": "Kenya MPDB - Private Practice"}, "facility_type": {"name": "Medical Clinic"}, "plot_number": null, "operation_status": {"name": "Operational"}, "number_of_beds": 0}, {"code": 18259, "location_desc": "Near Ukwala Health Centre", "official_name": "Riyadh Medical Clinic", "owner": {"name": "Private Practice - Nurse / Midwife"}, "keph_level": {"name": "Level 2"}, "ward": {"code": 1157}, "number_of_cots": 0, "town": {"name": "ukwala market"}, "name": "Riyadh Medical Clinic", "created": "2011-10-19T11:58:22.467000+00:00", "regulatory_body": {"name": "Kenya MPDB - Private Practice"}, "facility_type": {"name": "Medical Clinic"}, "plot_number": "4", "operation_status": {"name": "Operational"}, "number_of_beds": 0}, {"code": 18260, "location_desc": "Near Emali Town Off Mombasa Road", "official_name": "Emali model health Centre", "owner": {"name": "Ministry of Health"}, "keph_level": {"name": "Level 3"}, "ward": {"code": 436}, "number_of_cots": 0, "town": {"name": "emali"}, "name": "Emali Model Health Centre", "created": "2011-10-19T16:01:13+00:00", "regulatory_body": {"name": "Ministry of Health"}, "facility_type": {"name": "Health Centre"}, "plot_number": null, "operation_status": {"name": "Operational"}, "number_of_beds": 0}, {"code": 18263, "location_desc": "next to Mikomani Primary school", "official_name": "Dzanikeni Medical Clinic", "owner": {"name": "Private Practice - Nurse / Midwife"}, "keph_level": {"name": "Level 2"}, "ward": {"code": 68}, "number_of_cots": 0, "town": {"name": "dzanikeni village"}, "name": "Dzanikeni Medical Clinic", "created": "2011-10-24T10:46:52.300000+00:00", "regulatory_body": {"name": "Nursing Council of Kenya (Private Practice)"}, "facility_type": {"name": "Medical Clinic"}, "plot_number": null, "operation_status": {"name": "Operational"}, "number_of_beds": 0}, {"code": 18264, "location_desc": "Siaya Bondo route about 400 metres from Siaya Town ", "official_name": "GOK Prison Siaya", "owner": {"name": "Other Public Institution"}, "keph_level": {"name": "Level 2"}, "ward": {"code": 1166}, "number_of_cots": 0, "town": {"name": "siaya town"}, "name": "GOK Prison Siaya", "created": "2011-10-24T11:12:18.670000+00:00", "regulatory_body": {"name": "Ministry of Health"}, "facility_type": {"name": "Medical Clinic"}, "plot_number": null, "operation_status": {"name": "Operational"}, "number_of_beds": 0}, {"code": 18265, "location_desc": null, "official_name": "Losho Dispensary", "owner": {"name": "Ministry of Health"}, "keph_level": {"name": "Level 2"}, "ward": {"code": 909}, "number_of_cots": 0, "town": {"name": "oloolaimutia"}, "name": "Losho Dispensary", "created": "2011-10-25T17:26:05.010000+00:00", "regulatory_body": {"name": "Ministry of Health"}, "facility_type": {"name": "Dispensary"}, "plot_number": null, "operation_status": {"name": "Operational"}, "number_of_beds": 0}, {"code": 18266, "location_desc": "At the right hand side along the highwayfrom Nakuru to Nairobi opposite  lante chief camp", "official_name": "Mediheal Hospital", "owner": {"name": "Private Enterprise (Institution)"}, "keph_level": {"name": "Level 4"}, "ward": {"code": 880}, "number_of_cots": 4, "town": {"name": "lanet chiefs camp"}, "name": "Mediheal Hospital Nakuru", "created": "2011-10-27T12:52:26.700000+00:00", "regulatory_body": {"name": "Kenya MPDB - Institution"}, "facility_type": {"name": "Other Hospital"}, "plot_number": null, "operation_status": {"name": "Operational"}, "number_of_beds": 20}, {"code": 18267, "location_desc": "Mariakani - Mombasa Road next Mabati tecnical training College", "official_name": "Bomu Medical Centre ( Mariakani)", "owner": {"name": "Non-Governmental Organizations"}, "keph_level": {"name": "Level 3"}, "ward": {"code": 63}, "number_of_cots": 0, "town": {"name": "mariakani"}, "name": "Bomu Medical Centre (Mariakani)", "created": "2011-10-28T16:59:14.343000+00:00", "regulatory_body": {"name": "Kenya MPDB - Private Practice"}, "facility_type": {"name": "Health Centre"}, "plot_number": null, "operation_status": {"name": "Operational"}, "number_of_beds": 0}], "model": "facilities.Facility", "unique_fields": ["code"]}]