[{"records": [{"code": 18269, "location_desc": "Off Embu-Siakago main road 1 km from Muchonoke market", "official_name": "Muchonoke Dispensary", "owner": {"name": "Ministry of Health"}, "keph_level": {"name": "Level 2"}, "ward": {"code": 330}, "number_of_cots": 0, "town": {"name": "muchonoke"}, "name": "Muchonoke Dispensary", "created": "2011-11-01T07:58:53.537000+00:00", "regulatory_body": {"name": "Ministry of Health"}, "facility_type": {"name": "Dispensary"}, "plot_number": "1328", "operation_status": {"name": "Operational"}, "number_of_beds": 0}, {"code": 18270, "location_desc": null, "official_name": "Christian Partners Development Agency VCT", "owner": {"name": "Non-Governmental Organizations"}, "keph_level": {"name": "Level 2"}, "ward": {"code": 1057}, "number_of_cots": 0, "town": {"name": "chavakali"}, "name": "Christian Partners Development Agency VCT", "created": "2011-11-01T16:16:31.833000+00:00", "regulatory_body": {"name": "Other"}, "facility_type": {"name": "VCT Centre (Stand-Alone)"}, "plot_number": null, "operation_status": {"name": "Operational"}, "number_of_beds": 0}, {"code": 18276, "location_desc": "Near Umoja Peacoke ", "official_name": "Darushif Medical Clinic", "owner": {"name": "Private Practice - Clinical Officer"}, "keph_level": {"name": "Level 2"}, "ward": {"code": 1426}, "number_of_cots": 0, "town": {"name": "umaja one market"}, "name": "Darushif Medical Clinic", "created": "2011-11-02T18:53:57.497000+00:00", "regulatory_body": {"name": "Clinical Officers Council"}, "facility_type": {"name": "Medical Clinic"}, "plot_number": null, "operation_status": {"name": "Not-Operational"}, "number_of_beds": 0}, {"code": 18277, "location_desc": "Off Jogoo Road Likoni Road B A T Industry", "official_name": "BAT Kenya Clinic", "owner": {"name": "Private Enterprise (Institution)"}, "keph_level": {"name": "Level 2"}, "ward": {"code": 1443}, "number_of_cots": 0, "town": {"name": "uhuru market"}, "name": "British American Tobacco Kenya Clinic", "created": "2011-11-03T16:12:01.773000+00:00", "regulatory_body": {"name": "Ministry of Health"}, "facility_type": {"name": "Medical Clinic"}, "plot_number": null, "operation_status": {"name": "Operational"}, "number_of_beds": 0}, {"code": 18278, "location_desc": "Along Sungura Road in South C", "official_name": "Healthways Medical center", "owner": {"name": "Private Enterprise (Institution)"}, "keph_level": {"name": "Level 2"}, "ward": {"code": 1384}, "number_of_cots": 0, "town": {"name": "south c"}, "name": "Healthways Medical Centre", "created": "2011-11-03T16:48:05.463000+00:00", "regulatory_body": {"name": "Kenya MPDB - Institution"}, "facility_type": {"name": "Medical Clinic"}, "plot_number": "209/5144", "operation_status": {"name": "Operational"}, "number_of_beds": 0}, {"code": 18279, "location_desc": "Situated Near Kabarnet Stadium", "official_name": "Mwafrika Institute of Development", "owner": {"name": "Non-Governmental Organizations"}, "keph_level": {"name": "Level 2"}, "ward": {"code": 797}, "number_of_cots": 0, "town": {"name": "kabarnet town"}, "name": "Mwafrika Institute of Development", "created": "2011-11-04T15:42:31.890000+00:00", "regulatory_body": {"name": "Kenya MPDB - Institution"}, "facility_type": {"name": "Training Institution in Health (Stand-alone)"}, "plot_number": null, "operation_status": {"name": "Operational"}, "number_of_beds": 0}, {"code": 18280, "location_desc": null, "official_name": "Boito Dispensary", "owner": {"name": "Ministry of Health"}, "keph_level": {"name": "Level 2"}, "ward": {"code": 989}, "number_of_cots": 0, "town": {"name": "mogogosiek"}, "name": "Boito Dispensary", "created": "2011-11-04T19:43:28.857000+00:00", "regulatory_body": {"name": "Ministry of Health"}, "facility_type": {"name": "Dispensary"}, "plot_number": null, "operation_status": {"name": "Pending Opening"}, "number_of_beds": 0}, {"code": 18281, "location_desc": "Along waiyaki way next to post office", "official_name": "Sunbeam Medical Centre(Kangemi)", "owner": {"name": "Private Enterprise (Institution)"}, "keph_level": {"name": "Level 2"}, "ward": {"code": 1370}, "number_of_cots": 0, "town": {"name": "kangemi"}, "name": "Sunbeam Medical Centre", "created": "2011-11-07T10:05:19.880000+00:00", "regulatory_body": {"name": "Kenya MPDB - Private Practice"}, "facility_type": {"name": "Dispensary"}, "plot_number": null, "operation_status": {"name": "Operational"}, "number_of_beds": 6}, {"code": 18282, "location_desc": "Off Jogoo Road Near Mbotela Clinic Kamaliza Ground", "official_name": "Glovnet VC T", "owner": {"name": "Non-Governmental Organizations"}, "keph_level": {"name": "Level 2"}, "ward": {"code": 1431}, "number_of_cots": 0, "town": {"name": "uhuru market"}, "name": "Glovnet VCT", "created": "2011-11-07T11:19:53.857000+00:00", "regulatory_body": {"name": "Other"}, "facility_type": {"name": "VCT Centre (Stand-Alone)"}, "plot_number": null, "operation_status": {"name": "Operational"}, "number_of_beds": 0}, {"code": 18283, "location_desc": "Awasi Nairobi RD. right hand side before branching to Muhoroni.", "official_name": "Wanganga Health Centre", "owner": {"name": "Ministry of Health"}, "keph_level": {"name": "Level 3"}, "ward": {"code": 1207}, "number_of_cots": 0, "town": {"name": "awasi"}, "name": "Wanganga Health Centre", "created": "2011-11-07T13:14:00.227000+00:00", "regulatory_body": {"name": "Ministry of Health"}, "facility_type": {"name": "Health Centre"}, "plot_number": null, "operation_status": {"name": "Operational"}, "number_of_beds": 1}, {"code": 18284, "location_desc": "Off Kajiado-Mashuru Road(To the Right)", "official_name": "Ngatu Dispensary", "owner": {"name": "Ministry of Health"}, "keph_level": {"name": "Level 2"}, "ward": {"code": 925}, "number_of_cots": 0, "town": {"name": "mashuru"}, "name": "Ngatu CDF", "created": "2011-11-08T11:20:59.553000+00:00", "regulatory_body": {"name": "Ministry of Health"}, "facility_type": {"name": "Dispensary"}, "plot_number": null, "operation_status": {"name": "Operational"}, "number_of_beds": 0}, {"code": 18285, "location_desc": "100m from Bamburi Stage", "official_name": "Tumaini Childrens Home Out Patient Clinic", "owner": {"name": "Non-Governmental Organizations"}, "keph_level": {"name": "Level 2"}, "ward": {"code": 20}, "number_of_cots": 0, "town": {"name": "bamburi stage"}, "name": "Tumaini Childrens Home Out Patient Clinic", "created": "2011-11-08T17:45:55.277000+00:00", "regulatory_body": {"name": "Kenya MPDB - Institution"}, "facility_type": {"name": "Medical Clinic"}, "plot_number": "1502/2 section 1", "operation_status": {"name": "Operational"}, "number_of_beds": 0}, {"code": 18287, "location_desc": "Embu - Mbuvori - Karau", "official_name": "Ludomic Clinic", "owner": {"name": "Private Practice - Nurse / Midwife"}, "keph_level": {"name": "Level 2"}, "ward": {"code": 313}, "number_of_cots": 0, "town": {"name": "mbuvori"}, "name": "Ludomic Clinic", "created": "2011-11-09T11:00:34.150000+00:00", "regulatory_body": {"name": "Nursing Council of Kenya (Private Practice)"}, "facility_type": {"name": "Medical Clinic"}, "plot_number": "t 205", "operation_status": {"name": "Operational"}, "number_of_beds": 0}, {"code": 18288, "location_desc": "Along Nkubu Mitunguu road in Mitunguu Market", "official_name": "Grace Medical Clinic (Imenti South)", "owner": {"name": "Private Practice - Nurse / Midwife"}, "keph_level": {"name": "Level 2"}, "ward": {"code": 290}, "number_of_cots": 0, "town": {"name": "mitunguu market"}, "name": "Grace Medical Clinic (Imenti South)", "created": "2011-11-09T13:08:03.410000+00:00", "regulatory_body": {"name": "Nursing Council of Kenya (Private Practice)"}, "facility_type": {"name": "Medical Clinic"}, "plot_number": null, "operation_status": {"name": "Operational"}, "number_of_beds": 0}, {"code": 18289, "location_desc": null, "official_name": "Mutunguru PCEA Dispensary", "owner": {"name": "Christian Health Association of Kenya"}, "keph_level": {"name": "Level 2"}, "ward": {"code": 292}, "number_of_cots": 0, "name": "Mutunguru PCEA Dispensary", "created": "2011-11-09T14:39:57.443000+00:00", "regulatory_body": {"name": "Kenya Medical Laboratory, Tech & Technologists Board"}, "facility_type": {"name": "Dispensary"}, "plot_number": null, "operation_status": {"name": "Operational"}, "number_of_beds": 0}, {"code": 18290, "location_desc": "Within Kombewa Market, next to Post Office", "official_name": "Melkasons Clinic", "owner": {"name": "Private Practice - Nurse / Midwife"}, "keph_level": {"name": "Level 2"}, "ward": {"code": 1203}, "number_of_cots": 0, "town": {"name": "kombewa market"}, "name": "Melkasons Clinic", "created": "2011-11-10T12:16:32.693000+00:00", "regulatory_body": {"name": "Nursing Council of Kenya (Private Practice)"}, "facility_type": {"name": "Medical Clinic"}, "plot_number": "6", "operation_status": {"name": "Operational"}, "number_of_beds": 0}, {"code": 18291, "location_desc": "Situated along Ahero/Kisii highway, 200m from the junction", "official_name": "Ahero Medical Centre", "owner": {"name": "Private Practice - Nurse / Midwife"}, "keph_level": {"name": "Level 2"}, "ward": {"code": 1208}, "number_of_cots": 0, "town": {"name": "ahero"}, "name": "Ahero Medical Centre", "created": "2011-11-11T11:52:51.543000+00:00", "regulatory_body": {"name": "Nursing Council of Kenya (Private Practice)"}, "facility_type": {"name": "Medical Clinic"}, "plot_number": null, "operation_status": {"name": "Operational"}, "number_of_beds": 26}, {"code": 18292, "location_desc": "Tala Market, Next to KPLC Offices", "official_name": "Matungulu Medical Centre", "owner": {"name": "Private Practice - Nurse / Midwife"}, "keph_level": {"name": "Level 2"}, "ward": {"code": 385}, "number_of_cots": 0, "town": {"name": "tala market"}, "name": "Matungulu Medical Centre", "created": "2011-11-14T12:59:22.787000+00:00", "regulatory_body": {"name": "Nursing Council of Kenya (Private Practice)"}, "facility_type": {"name": "Medical Clinic"}, "plot_number": null, "operation_status": {"name": "Operational"}, "number_of_beds": 2}, {"code": 18294, "location_desc": null, "official_name": "Imani Yako Medical Clinic", "owner": {"name": "Private Practice - Nurse / Midwife"}, "keph_level": {"name": "Level 2"}, "ward": {"code": 385}, "number_of_cots": 0, "town": {"name": "joska shopping centre"}, "name": "Imani Yako Medical Clinic (Joska)", "created": "2011-11-14T13:22:04.090000+00:00", "regulatory_body": {"name": "Nursing Council of Kenya (Private Practice)"}, "facility_type": {"name": "Medical Clinic"}, "plot_number": null, "operation_status": {"name": "Operational"}, "number_of_beds": 2}, {"code": 18295, "location_desc": null, "official_name": "Nyamatwoni Dispensary", "owner": {"name": "Ministry of Health"}, "keph_level": {"name": "Level 2"}, "ward": {"code": 1304}, "number_of_cots": 0, "town": {"name": "riana market"}, "name": "Nyamatwoni Dispensary", "created": "2011-11-14T14:08:40.180000+00:00", "regulatory_body": {"name": "Ministry of Health"}, "facility_type": {"name": "Dispensary"}, "plot_number": null, "operation_status": {"name": "Pending Opening"}, "number_of_beds": 0}, {"code": 18297, "location_desc": "Near Bamba shopping centre. Opposite World vision Offices", "official_name": "Huruma Medical Clinic", "owner": {"name": "Private Practice - Clinical Officer"}, "keph_level": {"name": "Level 2"}, "ward": {"code": 72}, "number_of_cots": 0, "town": {"name": "bamba"}, "name": "Huruma Medical Clinic (Bamba)", "created": "2011-11-14T14:44:22.750000+00:00", "regulatory_body": {"name": "Clinical Officers Council"}, "facility_type": {"name": "Medical Clinic"}, "plot_number": null, "operation_status": {"name": "Operational"}, "number_of_beds": 0}, {"code": 18298, "location_desc": "Malindi Mall Building along Malindi Mombasa road", "official_name": "Mother and Child Clinic", "owner": {"name": "Private Practice - Medical Specialist"}, "keph_level": {"name": "Level 2"}, "ward": {"code": 80}, "number_of_cots": 0, "town": {"name": "malindi"}, "name": "Mother and Child Clinic Malindi", "created": "2011-11-15T12:10:36.350000+00:00", "regulatory_body": {"name": "Kenya MPDB - Institution"}, "facility_type": {"name": "Medical Clinic"}, "plot_number": null, "operation_status": {"name": "Operational"}, "number_of_beds": 0}, {"code": 18299, "location_desc": "With Narok university college compound", "official_name": "Narok university College ", "owner": {"name": "Parastatal"}, "keph_level": {"name": "Level 3"}, "ward": {"code": 893}, "number_of_cots": 0, "town": {"name": "narok town"}, "name": "Narok University College Clinic", "created": "2011-11-15T12:15:23.797000+00:00", "regulatory_body": {"name": "Kenya MPDB - Institution"}, "facility_type": {"name": "Health Centre"}, "plot_number": null, "operation_status": {"name": "Operational"}, "number_of_beds": 0}, {"code": 18300, "location_desc": "5 Km from Baricho towards Garashi", "official_name": "Gandini CDF Dispensary", "owner": {"name": "Ministry of Health"}, "keph_level": {"name": "Level 2"}, "ward": {"code": 83}, "number_of_cots": 0, "town": {"name": "baricho"}, "name": "Gandini Dispensary", "created": "2011-11-15T13:27:35.067000+00:00", "regulatory_body": {"name": "Ministry of Health"}, "facility_type": {"name": "Dispensary"}, "plot_number": null, "operation_status": {"name": "Pending Opening"}, "number_of_beds": 0}, {"code": 18301, "location_desc": "located off-road of Kisumu -Busia Road", "official_name": "KEMRI Clinic", "owner": {"name": "Parastatal"}, "keph_level": {"name": "Level 3"}, "ward": {"code": 1191}, "number_of_cots": 0, "town": {"name": "kisian market"}, "name": "Kemri Clinic", "created": "2011-11-16T15:58:28.530000+00:00", "regulatory_body": {"name": "Kenya MPDB - Institution"}, "facility_type": {"name": "Health Centre"}, "plot_number": null, "operation_status": {"name": "Operational"}, "number_of_beds": 0}, {"code": 18302, "location_desc": "Opposite Children   Remand Home ", "official_name": "Maweni Community Clinic", "owner": {"name": "Private Practice - Nurse / Midwife"}, "keph_level": {"name": "Level 2"}, "ward": {"code": 81}, "number_of_cots": 0, "town": {"name": "shella"}, "name": "Maweni Community Clinic", "created": "2011-11-18T11:20:31.560000+00:00", "regulatory_body": {"name": "Nursing Council of Kenya (Private Practice)"}, "facility_type": {"name": "Medical Clinic"}, "plot_number": "546/447", "operation_status": {"name": "Operational"}, "number_of_beds": 0}, {"code": 18303, "location_desc": "Near Githurai District Officer's Office", "official_name": "St Luke's The Physician Medical centre", "owner": {"name": "Private Practice - Nurse / Midwife"}, "keph_level": {"name": "Level 2"}, "ward": {"code": 575}, "number_of_cots": 0, "town": {"name": "githurai 45"}, "name": "St Luke's The Physician Medical Centre", "created": "2011-11-18T13:10:57.093000+00:00", "regulatory_body": {"name": "Nursing Council of Kenya (Private Practice)"}, "facility_type": {"name": "Medical Clinic"}, "plot_number": null, "operation_status": {"name": "Operational"}, "number_of_beds": 0}, {"code": 18304, "location_desc": "Ushirika Rd. Off Lang'ata South Rd. (After Hardy shopping Center).", "official_name": "The Co-operative University College Of Kenya", "owner": {"name": "Parastatal"}, "keph_level": {"name": "Level 2"}, "ward": {"code": 1381}, "number_of_cots": 0, "town": {"name": "hardy"}, "name": "The Co-Operative University College of Kenya Dispe", "created": "2011-11-18T15:17:49.940000+00:00", "regulatory_body": {"name": "Ministry of Health"}, "facility_type": {"name": "Dispensary"}, "plot_number": "23134/1/2", "operation_status": {"name": "Operational"}, "number_of_beds": 0}, {"code": 18305, "location_desc": "In  Bangladesh next to Bamako and within St. Patrick Church and School.", "official_name": "St Patricks Dispensary", "owner": {"name": "Kenya Episcopal Conference-Catholic Secretariat"}, "keph_level": {"name": "Level 2"}, "ward": {"code": 8}, "number_of_cots": 0, "town": {"name": "mombasa"}, "name": "St Patricks Dispensary", "created": "2011-11-21T00:17:28.940000+00:00", "regulatory_body": {"name": "Kenya MPDB - Institution"}, "facility_type": {"name": "Dispensary"}, "plot_number": null, "operation_status": {"name": "Operational"}, "number_of_beds": 0}, {"code": 18307, "location_desc": "At Kampi ya moto centre", "official_name": "Rosewo VCT Centre", "owner": {"name": "Non-Governmental Organizations"}, "keph_level": {"name": "Level 2"}, "ward": {"code": 861}, "number_of_cots": 0, "town": {"name": "kampi ya moto"}, "name": "Rosewo VCT Centre", "created": "2011-11-21T12:31:59.160000+00:00", "regulatory_body": {"name": "Ministry of Health"}, "facility_type": {"name": "VCT Centre (Stand-Alone)"}, "plot_number": "18", "operation_status": {"name": "Operational"}, "number_of_beds": 0}, {"code": 18308, "location_desc": "Facility is Located inside prison compound commonly dealt with inmates", "official_name": "GK Prison Clinic", "owner": {"name": "Ministry of Health"}, "keph_level": {"name": "Level 2"}, "ward": {"code": 80}, "number_of_cots": 1, "town": {"name": "mtangani"}, "name": "GK Prison Clinic", "created": "2011-11-22T06:34:32.510000+00:00", "regulatory_body": {"name": "Ministry of Health"}, "facility_type": {"name": "Medical Clinic"}, "plot_number": "gk prison", "operation_status": {"name": "Operational"}, "number_of_beds": 0}, {"code": 18309, "location_desc": "ALONG MALINDI-LAMU ROAD.", "official_name": "Mtoroni  Dispensary", "owner": {"name": "Ministry of Health"}, "keph_level": {"name": "Level 2"}, "ward": {"code": 83}, "number_of_cots": 0, "town": {"name": "marereni"}, "name": "Mtoroni Dispensary", "created": "2011-11-22T08:14:40.033000+00:00", "regulatory_body": {"name": "Ministry of Health"}, "facility_type": {"name": "Dispensary"}, "plot_number": null, "operation_status": {"name": "Pending Opening"}, "number_of_beds": 0}, {"code": 18311, "location_desc": null, "official_name": "New Mtongwe Medical Clinic", "owner": {"name": "Private Practice - Clinical Officer"}, "keph_level": {"name": "Level 2"}, "ward": {"code": 21}, "number_of_cots": 0, "town": {"name": "mombasa"}, "name": "New Mtongwe Medical Clinic", "created": "2011-11-24T00:06:52.080000+00:00", "regulatory_body": {"name": "Clinical Officers Council"}, "facility_type": {"name": "Medical Clinic"}, "plot_number": null, "operation_status": {"name": "Operational"}, "number_of_beds": 0}, {"code": 18312, "location_desc": "6km from  Mwatate town Along Voi-Mwatate- Taveta road", "official_name": "Bura Health Centre", "owner": {"name": "Ministry of Health"}, "keph_level": {"name": "Level 3"}, "ward": {"code": 122}, "number_of_cots": 2, "town": {"name": "bura"}, "name": "Bura Health Centre Taita", "created": "2011-11-24T11:14:03.530000+00:00", "regulatory_body": {"name": "Ministry of Health"}, "facility_type": {"name": "Health Centre"}, "plot_number": null, "operation_status": {"name": "Operational"}, "number_of_beds": 14}, {"code": 18313, "location_desc": "Near Voi law court", "official_name": "Corner Clinic", "owner": {"name": "Private Practice - Nurse / Midwife"}, "keph_level": {"name": "Level 2"}, "ward": {"code": 127}, "number_of_cots": 0, "town": {"name": "voi"}, "name": "Corner Clinic", "created": "2011-11-24T14:06:23.477000+00:00", "regulatory_body": {"name": "Clinical Officers Council"}, "facility_type": {"name": "Medical Clinic"}, "plot_number": null, "operation_status": {"name": "Operational"}, "number_of_beds": 0}, {"code": 18314, "location_desc": "Rongai Betsa Court", "official_name": "Rongai Orthopaedics Medical Services", "owner": {"name": "Private Practice - Medical Specialist"}, "keph_level": {"name": "Level 2"}, "ward": {"code": 912}, "number_of_cots": 0, "town": {"name": "ongata rongai"}, "name": "Rongai Orthopaedics Medical Services", "created": "2011-11-25T11:34:31.423000+00:00", "regulatory_body": {"name": "Kenya MPDB - Private Practice"}, "facility_type": {"name": "Medical Clinic"}, "plot_number": "ngong/ngong/36818", "operation_status": {"name": "Operational"}, "number_of_beds": 0}, {"code": 18316, "location_desc": "About 7km from Mbui Nzau Market, Through Kaunguni Catholic Church road.", "official_name": "Kaunguni Dispensary", "owner": {"name": "Ministry of Health"}, "keph_level": {"name": "Level 2"}, "ward": {"code": 432}, "number_of_cots": 0, "town": {"name": "mbui nzau"}, "name": "Kaunguni Dispensary", "created": "2011-12-06T16:18:43.903000+00:00", "regulatory_body": {"name": "Ministry of Health"}, "facility_type": {"name": "Dispensary"}, "plot_number": null, "operation_status": {"name": "Operational"}, "number_of_beds": 0}, {"code": 18317, "location_desc": "Along Wajir Garissa Road Next to Kampala Garage", "official_name": "Gracious Day Medical Clinic", "owner": {"name": "Private Practice - Clinical Officer"}, "keph_level": {"name": "Level 2"}, "ward": {"code": 169}, "number_of_cots": 0, "town": {"name": "south c"}, "name": "Gracious Day Medical Clinic", "created": "2011-12-07T15:27:48.803000+00:00", "regulatory_body": {"name": "Kenya MPDB - Private Practice"}, "facility_type": {"name": "Medical Clinic"}, "plot_number": null, "operation_status": {"name": "Operational"}, "number_of_beds": 0}, {"code": 18318, "location_desc": "At kachibora, opposite Cherangany Health centre", "official_name": "Pacific Medical Clinic", "owner": {"name": "Private Practice - Nurse / Midwife"}, "keph_level": {"name": "Level 2"}, "ward": {"code": 697}, "number_of_cots": 0, "town": {"name": "kachibora"}, "name": "Pacific Medical Clinic", "created": "2011-12-08T21:26:03.630000+00:00", "regulatory_body": {"name": "Nursing Council of Kenya (Private Practice)"}, "facility_type": {"name": "Medical Clinic"}, "plot_number": null, "operation_status": {"name": "Operational"}, "number_of_beds": 0}, {"code": 18319, "location_desc": "In Embu Town, along Embu, Meru Highway (Kindaruma Building) next to the library", "official_name": "Arimi Clinic and Laboratory", "owner": {"name": "Private Practice - Nurse / Midwife"}, "keph_level": {"name": "Level 2"}, "ward": {"code": 315}, "number_of_cots": 0, "town": {"name": "embu"}, "name": "Arimi Clinic and Laboratory", "created": "2011-12-09T11:01:37.603000+00:00", "regulatory_body": {"name": "Nursing Council of Kenya (Private Practice)"}, "facility_type": {"name": "Medical Clinic"}, "plot_number": "1121/121", "operation_status": {"name": "Operational"}, "number_of_beds": 0}, {"code": 18322, "location_desc": "Next to Mediheal Hospital", "official_name": "Partners in Prevention ", "owner": {"name": "Private Practice - Unspecified"}, "keph_level": {"name": "Level 2"}, "ward": {"code": 719}, "number_of_cots": 0, "town": {"name": "eldoret"}, "name": "Partners In Prevention VCT Centre", "created": "2011-12-13T12:42:50.193000+00:00", "regulatory_body": {"name": "Kenya MPDB - Private Practice"}, "facility_type": {"name": "VCT Centre (Stand-Alone)"}, "plot_number": null, "operation_status": {"name": "Operational"}, "number_of_beds": 0}, {"code": 18323, "location_desc": "Kibera Plaza off Kibera Drive, inside the Toi Market at Makina", "official_name": "Vostrum Clinic", "owner": {"name": "Non-Governmental Organizations"}, "keph_level": {"name": "Level 2"}, "ward": {"code": 1388}, "number_of_cots": 0, "town": {"name": "toi market"}, "name": "Vostrum Clinic", "created": "2011-12-14T13:41:08.480000+00:00", "regulatory_body": {"name": "Kenya MPDB - Private Practice"}, "facility_type": {"name": "Medical Clinic"}, "plot_number": "62/750/751", "operation_status": {"name": "Operational"}, "number_of_beds": 0}, {"code": 18324, "location_desc": null, "official_name": "Pumzika Medical Clinic", "owner": {"name": "Private Practice - Nurse / Midwife"}, "keph_level": {"name": "Level 2"}, "ward": {"code": 60}, "number_of_cots": 0, "town": {"name": "mtwapa"}, "name": "Pumzika Medical Clinic", "created": "2011-12-15T07:51:28.693000+00:00", "regulatory_body": {"name": "Nursing Council of Kenya (Private Practice)"}, "facility_type": {"name": "Medical Clinic"}, "plot_number": null, "operation_status": {"name": "Operational"}, "number_of_beds": 0}, {"code": 18325, "location_desc": null, "official_name": "New Mwema Medical Clinic ", "owner": {"name": "Private Practice - Clinical Officer"}, "keph_level": {"name": "Level 2"}, "ward": {"code": 60}, "number_of_cots": 0, "town": {"name": "mtwapa"}, "name": "New Mwema Medical Clinic", "created": "2011-12-15T07:58:52.687000+00:00", "regulatory_body": {"name": "Clinical Officers Council"}, "facility_type": {"name": "Medical Clinic"}, "plot_number": null, "operation_status": {"name": "Operational"}, "number_of_beds": 0}, {"code": 18326, "location_desc": "Neighbour to Kari forest Muguga approximately 3km from Nderi market", "official_name": "Rafiki Clinic", "owner": {"name": "Christian Health Association of Kenya"}, "keph_level": {"name": "Level 2"}, "ward": {"code": 599}, "number_of_cots": 0, "town": {"name": "nderi"}, "name": "Rafiki Clinic", "created": "2011-12-16T11:03:21.100000+00:00", "regulatory_body": {"name": "Kenya MPDB - Private Practice"}, "facility_type": {"name": "Medical Clinic"}, "plot_number": "lr 105540", "operation_status": {"name": "Operational"}, "number_of_beds": 0}, {"code": 18327, "location_desc": "Adjacent to Royal Town Hotel, Meru", "official_name": "The Karen Hospital (Meru)", "owner": {"name": "Private Enterprise (Institution)"}, "keph_level": {"name": "Level 2"}, "ward": {"code": 276}, "number_of_cots": 0, "town": {"name": "meru town center"}, "name": "The Karen Hospital (Meru)", "created": "2011-12-16T12:10:47.233000+00:00", "regulatory_body": {"name": "Kenya MPDB - Private Practice"}, "facility_type": {"name": "Medical Clinic"}, "plot_number": "p11/88 njurin cheke street", "operation_status": {"name": "Operational"}, "number_of_beds": 0}, {"code": 18328, "location_desc": "At 1st Floor Hart Towers, opposite Meru Police Station on Kenyatta Avenue", "official_name": "The Aga Khan University Hospital (Meru)", "owner": {"name": "Private Practice - General Practitioner"}, "keph_level": {"name": "Level 2"}, "ward": {"code": 276}, "number_of_cots": 0, "town": {"name": "meru town center"}, "name": "The Aga Khan University Hospital (Meru)", "created": "2011-12-16T12:28:20.907000+00:00", "regulatory_body": {"name": "Kenya MPDB - Institution"}, "facility_type": {"name": "Medical Clinic"}, "plot_number": null, "operation_status": {"name": "Operational"}, "number_of_beds": 0}, {"code": 18329, "location_desc": "Along Standkisa emusutswi road. at kilingili market on the left 2 kilometers interior on the way to Ikumu", "official_name": "Children's Support Centre Emurembe", "owner": {"name": "Non-Governmental Organizations"}, "keph_level": {"name": "Level 2"}, "ward": {"code": 1073}, "number_of_cots": 17, "town": {"name": "kilingili"}, "name": "Children's Support Centre Emurembe", "created": "2011-12-16T13:03:26.253000+00:00", "regulatory_body": {"name": "Other"}, "facility_type": {"name": "Medical Centre"}, "plot_number": null, "operation_status": {"name": "Operational"}, "number_of_beds": 20}, {"code": 18330, "location_desc": "Situated near Mavindu  secondary school", "official_name": "Mavindu Dispensary", "owner": {"name": "Ministry of Health"}, "keph_level": {"name": "Level 2"}, "ward": {"code": 411}, "number_of_cots": 1, "town": {"name": "manyala shoping centre"}, "name": "Mavindu Dispensary", "created": "2011-12-17T10:32:00.333000+00:00", "regulatory_body": {"name": "Ministry of Health"}, "facility_type": {"name": "Dispensary"}, "plot_number": null, "operation_status": {"name": "Operational"}, "number_of_beds": 0}, {"code": 18331, "location_desc": null, "official_name": "Kiembeni Medical Clinic", "owner": {"name": "Private Practice - Nurse / Midwife"}, "keph_level": {"name": "Level 2"}, "ward": {"code": 15}, "number_of_cots": 0, "town": {"name": "bamburi-kiembeni"}, "name": "Kiembeni Medical Clinic", "created": "2011-12-19T15:07:26.740000+00:00", "regulatory_body": {"name": "Nursing Council of Kenya (Private Practice)"}, "facility_type": {"name": "Medical Clinic"}, "plot_number": "883mn", "operation_status": {"name": "Operational"}, "number_of_beds": 0}, {"code": 18332, "location_desc": null, "official_name": "Galmagalla Nomadic Clinic", "owner": {"name": "Ministry of Health"}, "keph_level": {"name": "Level 2"}, "ward": {"code": 152}, "number_of_cots": 0, "name": "Galmagalla Nomadic Clinic", "created": "2011-12-20T13:52:51.767000+00:00", "regulatory_body": {"name": "Ministry of Health"}, "facility_type": {"name": "Dispensary"}, "plot_number": null, "operation_status": {"name": "Operational"}, "number_of_beds": 1}, {"code": 18334, "location_desc": "Near Matatu Terminus Umoja II", "official_name": "Unity Nursing Home", "owner": {"name": "Private Practice - General Practitioner"}, "keph_level": {"name": "Level 3"}, "ward": {"code": 1427}, "number_of_cots": 0, "town": {"name": "near chief\"s office umoja ii"}, "name": "Unity Nursing Home", "created": "2011-12-30T09:20:44.167000+00:00", "regulatory_body": {"name": "Kenya MPDB - Institution"}, "facility_type": {"name": "Nursing Home"}, "plot_number": "1000", "operation_status": {"name": "Operational"}, "number_of_beds": 7}, {"code": 18335, "location_desc": "Kayole Corner", "official_name": "True Light Medical Clinic", "owner": {"name": "Private Practice - Medical Specialist"}, "keph_level": {"name": "Level 3"}, "ward": {"code": 1416}, "number_of_cots": 2, "name": "True Light Medical Clinic", "created": "2011-12-30T09:30:34.470000+00:00", "regulatory_body": {"name": "Nursing Council of Kenya (Private Practice)"}, "facility_type": {"name": "Medical Clinic"}, "plot_number": null, "operation_status": {"name": "Operational"}, "number_of_beds": 8}, {"code": 18336, "location_desc": null, "official_name": "Keragia Dispensary", "owner": {"name": "Ministry of Health"}, "keph_level": {"name": "Level 2"}, "ward": {"code": 1324}, "number_of_cots": 0, "town": {"name": "ogembo"}, "name": "Keragia Dispensary (Gucha)", "created": "2012-01-03T09:57:30.940000+00:00", "regulatory_body": {"name": "Ministry of Health"}, "facility_type": {"name": "Dispensary"}, "plot_number": null, "operation_status": {"name": "Operational"}, "number_of_beds": 0}, {"code": 18338, "location_desc": null, "official_name": "Nehemiah International Dispensary", "owner": {"name": "Non-Governmental Organizations"}, "keph_level": {"name": "Level 2"}, "ward": {"code": 1211}, "number_of_cots": 0, "town": {"name": "karunga  shoping centre"}, "name": "Nehemiah International Dispensary", "created": "2012-01-04T14:45:11.940000+00:00", "regulatory_body": {"name": "Kenya MPDB - Institution"}, "facility_type": {"name": "Dispensary"}, "plot_number": null, "operation_status": {"name": "Operational"}, "number_of_beds": 0}, {"code": 18339, "location_desc": "Next to St. Batholomew Prayer House, Gachua Market", "official_name": "Gachua Catholic Dispensary", "owner": {"name": "Kenya Episcopal Conference-Catholic Secretariat"}, "keph_level": {"name": "Level 2"}, "ward": {"code": 280}, "number_of_cots": 0, "town": {"name": "gachua market"}, "name": "Gachua Catholic Dispensary", "created": "2012-01-05T10:56:48.630000+00:00", "regulatory_body": {"name": "Ministry of Health"}, "facility_type": {"name": "Dispensary"}, "plot_number": null, "operation_status": {"name": "Operational"}, "number_of_beds": 0}, {"code": 18340, "location_desc": null, "official_name": "gorera Medical Clinic", "owner": {"name": "Private Enterprise (Institution)"}, "keph_level": {"name": "Level 2"}, "ward": {"code": 1311}, "number_of_cots": 0, "town": {"name": "magena"}, "name": "Igorera Medical Clinic", "created": "2012-01-05T15:58:21.557000+00:00", "regulatory_body": {"name": "Ministry of Health"}, "facility_type": {"name": "Medical Clinic"}, "plot_number": "8", "operation_status": {"name": "Operational"}, "number_of_beds": 2}, {"code": 18342, "location_desc": "Next to Cooperative Bank", "official_name": "Nyamira Royal Clinic", "owner": {"name": "Private Practice - Nurse / Midwife"}, "keph_level": {"name": "Level 2"}, "ward": {"code": 1357}, "number_of_cots": 1, "town": {"name": "nyamira"}, "name": "Nyamira Royal Clinic", "created": "2012-01-06T20:01:54.870000+00:00", "regulatory_body": {"name": "Nursing Council of Kenya (Private Practice)"}, "facility_type": {"name": "Medical Clinic"}, "plot_number": null, "operation_status": {"name": "Operational"}, "number_of_beds": 6}, {"code": 18343, "location_desc": "InsideTononokaSocialHall", "official_name": "Tononoka CPC", "owner": {"name": "Local Authority"}, "keph_level": {"name": "Level 2"}, "ward": {"code": 28}, "number_of_cots": 0, "town": {"name": "tononokasocialhall"}, "name": "Tononoka CPC", "created": "2012-01-09T16:04:26.173000+00:00", "regulatory_body": {"name": "Ministry of Health"}, "facility_type": {"name": "Dispensary"}, "plot_number": null, "operation_status": {"name": "Operational"}, "number_of_beds": 0}, {"code": 18344, "location_desc": "Within Afya House Building", "official_name": "Afya House Dispensary", "owner": {"name": "Ministry of Health"}, "keph_level": {"name": "Level 2"}, "ward": {"code": 1371}, "number_of_cots": 0, "town": {"name": "community"}, "name": "Afya House Dispensary", "created": "2012-01-10T10:14:41.783000+00:00", "regulatory_body": {"name": "Ministry of Health"}, "facility_type": {"name": "Dispensary"}, "plot_number": "afya house", "operation_status": {"name": "Operational"}, "number_of_beds": 0}, {"code": 18345, "location_desc": "Located in sawa house in Thika town opposite Murata Sacco", "official_name": "UON Thika Drop In Centre II (CHIVPR)", "owner": {"name": "Private Enterprise (Institution)"}, "keph_level": {"name": "Level 2"}, "ward": {"code": 565}, "number_of_cots": 0, "town": {"name": "thika"}, "name": "Uon Thika Drop In Centre Ii (Chivpr)", "created": "2012-01-10T11:53:54.893000+00:00", "regulatory_body": {"name": "Kenya MPDB - Institution"}, "facility_type": {"name": "Medical Clinic"}, "plot_number": "4953/5/iv", "operation_status": {"name": "Operational"}, "number_of_beds": 0}, {"code": 18346, "location_desc": "Near DO'S Office", "official_name": "Kamukuywa Dispensary", "owner": {"name": "Ministry of Health"}, "keph_level": {"name": "Level 2"}, "ward": {"code": 1114}, "number_of_cots": 0, "town": {"name": "kimilili"}, "name": "Kamukuywa Dispensary", "created": "2012-01-10T12:59:43.900000+00:00", "regulatory_body": {"name": "Ministry of Health"}, "facility_type": {"name": "Dispensary"}, "plot_number": "0", "operation_status": {"name": "Operational"}, "number_of_beds": 0}, {"code": 18347, "location_desc": "Inside KMTC Mombasa", "official_name": "KMTC Mombasa", "owner": {"name": "Ministry of Health"}, "keph_level": {"name": "Level 2"}, "ward": {"code": 28}, "number_of_cots": 0, "town": {"name": "coast provincial general hospital"}, "name": "Kmtc Mombasa Students Clinic", "created": "2012-01-10T15:01:34.243000+00:00", "regulatory_body": {"name": "Ministry of Health"}, "facility_type": {"name": "Medical Clinic"}, "plot_number": null, "operation_status": {"name": "Operational"}, "number_of_beds": 0}, {"code": 18348, "location_desc": "Along Waiyaki Way, next to Kabete Barracks", "official_name": "APDK (Nairobi)", "owner": {"name": "Non-Governmental Organizations"}, "keph_level": {"name": "Level 2"}, "ward": {"code": 1374}, "number_of_cots": 0, "town": {"name": "abc place"}, "name": "Association of Physically Disabled of Kenya", "created": "2012-01-10T15:55:42.730000+00:00", "regulatory_body": {"name": "Ministry of Health"}, "facility_type": {"name": "Health Project"}, "plot_number": null, "operation_status": {"name": "Operational"}, "number_of_beds": 0}, {"code": 18349, "location_desc": "About 20KM from Tarmac Makuyu Boys Junction", "official_name": "Mutithi Dispensary", "owner": {"name": "Ministry of Health"}, "keph_level": {"name": "Level 2"}, "ward": {"code": 534}, "number_of_cots": 0, "town": {"name": "mithini"}, "name": "Mutithi Dispensary", "created": "2012-01-10T20:39:31.580000+00:00", "regulatory_body": {"name": "Ministry of Health"}, "facility_type": {"name": "Dispensary"}, "plot_number": null, "operation_status": {"name": "Operational"}, "number_of_beds": 0}, {"code": 18350, "location_desc": "At Bakarani about 1km off Karisa Maitha Road", "official_name": "Mwangaza Medical Clinic", "owner": {"name": "Private Practice - Nurse / Midwife"}, "keph_level": {"name": "Level 2"}, "ward": {"code": 20}, "number_of_cots": 0, "town": {"name": "bakarani"}, "name": "Mwangaza Medical Clinic (Bakarani)", "created": "2012-01-11T15:36:00.863000+00:00", "regulatory_body": {"name": "Nursing Council of Kenya (Private Practice)"}, "facility_type": {"name": "Medical Clinic"}, "plot_number": "204/1/mn", "operation_status": {"name": "Operational"}, "number_of_beds": 2}, {"code": 18351, "location_desc": "Olemonana House,Ground Floor,Moi Avenue Next to Toyota Kenya ", "official_name": "Meridian Medical Centre", "owner": {"name": "Private Practice - General Practitioner"}, "keph_level": {"name": "Level 2"}, "ward": {"code": 29}, "number_of_cots": 0, "town": {"name": "railway station"}, "name": "Meridian Medical Centre", "created": "2012-01-13T10:10:29.200000+00:00", "regulatory_body": {"name": "Kenya MPDB - Private Practice"}, "facility_type": {"name": "Medical Clinic"}, "plot_number": "xix/28", "operation_status": {"name": "Operational"}, "number_of_beds": 0}, {"code": 18354, "location_desc": "At Leakey Area near Lorengelup trading Centre", "official_name": "Nakechichok Dispensary", "owner": {"name": "Ministry of Health"}, "keph_level": {"name": "Level 2"}, "ward": {"code": 630}, "number_of_cots": 0, "town": {"name": "lodwar"}, "name": "Nakechichok Dispensary", "created": "2012-01-16T17:47:26.597000+00:00", "regulatory_body": {"name": "Ministry of Health"}, "facility_type": {"name": "Dispensary"}, "plot_number": null, "operation_status": {"name": "Operational"}, "number_of_beds": 0}, {"code": 18355, "location_desc": "At Nasiger trading centre approx 35 kms from Lodwar along Lodwar - Kakuma Highway", "official_name": "Nasiger Dispensary", "owner": {"name": "Ministry of Health"}, "keph_level": {"name": "Level 2"}, "ward": {"code": 630}, "number_of_cots": 0, "town": {"name": "lodwar"}, "name": "Nasiger Dispensary", "created": "2012-01-16T17:53:30.187000+00:00", "regulatory_body": {"name": "Ministry of Health"}, "facility_type": {"name": "Dispensary"}, "plot_number": null, "operation_status": {"name": "Operational"}, "number_of_beds": 0}, {"code": 18356, "location_desc": "Bees Ness Park House Magadi Road Ongata Rongai", "official_name": "Totoo Medical Clinic", "owner": {"name": "Private Practice - Nurse / Midwife"}, "keph_level": {"name": "Level 2"}, "ward": {"code": 579}, "number_of_cots": 0, "town": {"name": "ongata ronga"}, "name": "Totoo Medical Clinic", "created": "2012-01-16T22:02:52.127000+00:00", "regulatory_body": {"name": "Nursing Council of Kenya (Private Practice)"}, "facility_type": {"name": "Medical Clinic"}, "plot_number": null, "operation_status": {"name": "Operational"}, "number_of_beds": 0}, {"code": 18357, "location_desc": "off Jogoo Road Enterprise Road Commercial Street Opposite Ministry Of Labour Offices", "official_name": "KEMSA Staff Clinic", "owner": {"name": "Ministry of Health"}, "keph_level": {"name": "Level 2"}, "ward": {"code": 1443}, "number_of_cots": 0, "town": {"name": "city stadium"}, "name": "Kemsa Staff Clinic", "created": "2012-01-17T12:20:54.540000+00:00", "regulatory_body": {"name": "Ministry of Health"}, "facility_type": {"name": "Dispensary"}, "plot_number": null, "operation_status": {"name": "Operational"}, "number_of_beds": 0}, {"code": 18358, "location_desc": "Next to Kahaaro Secondary School", "official_name": "Kahaaro Dispensary", "owner": {"name": "Ministry of Health"}, "keph_level": {"name": "Level 2"}, "ward": {"code": 487}, "number_of_cots": 0, "town": {"name": "kahaaro"}, "name": "Kahaaro Dispensary", "created": "2012-01-19T10:48:28.303000+00:00", "regulatory_body": {"name": "Ministry of Health"}, "facility_type": {"name": "Dispensary"}, "plot_number": "1021 gikondi/ thimu", "operation_status": {"name": "Operational"}, "number_of_beds": 0}, {"code": 18360, "location_desc": null, "official_name": "Ngiitakito Dispensary ", "owner": {"name": "Ministry of Health"}, "keph_level": {"name": "Level 2"}, "ward": {"code": 627}, "number_of_cots": 0, "town": {"name": "lodwar"}, "name": "Ngiitakito Dispensary", "created": "2012-01-21T13:25:41.613000+00:00", "regulatory_body": {"name": "Ministry of Health"}, "facility_type": {"name": "Dispensary"}, "plot_number": null, "operation_status": {"name": "Operational"}, "number_of_beds": 0}, {"code": 18361, "location_desc": null, "official_name": "Eluche Community  Dispencary", "owner": {"name": "Community"}, "keph_level": {"name": "Level 2"}, "ward": {"code": 1024}, "number_of_cots": 0, "town": {"name": "mumias"}, "name": "Eluche", "created": "2012-01-23T16:03:55.047000+00:00", "regulatory_body": {"name": "Ministry of Health"}, "facility_type": {"name": "Dispensary"}, "plot_number": "east wanga-eluche 206", "operation_status": {"name": "Operational"}, "number_of_beds": 0}, {"code": 18362, "location_desc": "Opposite Khalala", "official_name": "Khalala Dispensary", "owner": {"name": "Ministry of Health"}, "keph_level": {"name": "Level 2"}, "ward": {"code": 1108}, "number_of_cots": 0, "town": {"name": "webuye"}, "name": "Khalala Dispensary", "created": "2012-01-24T12:30:31.390000+00:00", "regulatory_body": {"name": "Ministry of Health"}, "facility_type": {"name": "Dispensary"}, "plot_number": null, "operation_status": {"name": "Operational"}, "number_of_beds": 0}, {"code": 18363, "location_desc": null, "official_name": "Moi Teachers College - Baringo ", "owner": {"name": "Other Public Institution"}, "keph_level": {"name": "Level 2"}, "ward": {"code": 796}, "number_of_cots": 0, "town": {"name": "kabarnet"}, "name": "Moi Teachers College - Baringo", "created": "2012-01-25T15:25:38.353000+00:00", "regulatory_body": {"name": "Kenya MPDB - Private Practice"}, "facility_type": {"name": "VCT Centre (Stand-Alone)"}, "plot_number": null, "operation_status": {"name": "Not-Operational"}, "number_of_beds": 0}, {"code": 18364, "location_desc": "Usiani Market", "official_name": "Usiani Dispensary", "owner": {"name": "Ministry of Health"}, "keph_level": {"name": "Level 2"}, "ward": {"code": 346}, "number_of_cots": 0, "town": {"name": "usiani"}, "name": "Usiani Dispensary", "created": "2012-01-25T16:07:17.930000+00:00", "regulatory_body": {"name": "Ministry of Health"}, "facility_type": {"name": "Dispensary"}, "plot_number": null, "operation_status": {"name": "Operational"}, "number_of_beds": 0}, {"code": 18367, "location_desc": "Molo town", "official_name": "Modaan Clinic", "owner": {"name": "Private Practice - Nurse / Midwife"}, "keph_level": {"name": "Level 2"}, "ward": {"code": 855}, "number_of_cots": 0, "town": {"name": "molo"}, "name": "Modaan Clinic", "created": "2012-01-30T11:28:20.520000+00:00", "regulatory_body": {"name": "Pharmacy & Poisons Board"}, "facility_type": {"name": "Medical Clinic"}, "plot_number": null, "operation_status": {"name": "Operational"}, "number_of_beds": 0}, {"code": 18370, "location_desc": "Between Kataboi and Lowarengak", "official_name": "Lomekwi Dispensary", "owner": {"name": "Ministry of Health"}, "keph_level": {"name": "Level 2"}, "ward": {"code": 612}, "number_of_cots": 0, "town": {"name": "kataboi"}, "name": "Lomekwi Dispensary", "created": "2012-01-31T14:06:23.233000+00:00", "regulatory_body": {"name": "Ministry of Health"}, "facility_type": {"name": "Dispensary"}, "plot_number": null, "operation_status": {"name": "Not-Operational"}, "number_of_beds": 0}, {"code": 18371, "location_desc": "At Commercial Bank of Africa Building first floor", "official_name": "Meridian Medical Centre Nakuru", "owner": {"name": "Private Enterprise (Institution)"}, "keph_level": {"name": "Level 2"}, "ward": {"code": 871}, "number_of_cots": 0, "town": {"name": "masaai market"}, "name": "Meridian Medical Centre Nakuru", "created": "2012-02-01T12:42:11.573000+00:00", "regulatory_body": {"name": "Kenya MPDB - Private Practice"}, "facility_type": {"name": "Medical Clinic"}, "plot_number": "l.r451/1914", "operation_status": {"name": "Operational"}, "number_of_beds": 0}, {"code": 18372, "location_desc": "Junction of Kenyatta avenue, Tom Mboya street", "official_name": "Advent Med & Dentist Care Centre", "owner": {"name": "Private Practice - General Practitioner"}, "keph_level": {"name": "Level 2"}, "ward": {"code": 871}, "number_of_cots": 0, "town": {"name": "nakuru cbd"}, "name": "Advent Med & Dentist Care Centre", "created": "2012-02-01T13:07:34.090000+00:00", "regulatory_body": {"name": "Kenya MPDB - Private Practice"}, "facility_type": {"name": "Medical Clinic"}, "plot_number": "4/29", "operation_status": {"name": "Operational"}, "number_of_beds": 0}, {"code": 18373, "location_desc": "Near ST Lukes Secondary School", "official_name": "Helpers of Mary Dispensary", "owner": {"name": "Kenya Episcopal Conference-Catholic Secretariat"}, "keph_level": {"name": "Level 2"}, "ward": {"code": 870}, "number_of_cots": 0, "town": {"name": "mwariki market"}, "name": "Helpers of Mary Dispensary", "created": "2012-02-01T13:31:55.157000+00:00", "regulatory_body": {"name": "Kenya MPDB - Institution"}, "facility_type": {"name": "Dispensary"}, "plot_number": "24/1855", "operation_status": {"name": "Operational"}, "number_of_beds": 0}, {"code": 18374, "location_desc": null, "official_name": "Ziani Dispensary", "owner": {"name": "Ministry of Health"}, "keph_level": {"name": "Level 2"}, "ward": {"code": 61}, "number_of_cots": 0, "town": {"name": "ziani"}, "name": "Ziani Dispensary", "created": "2012-02-01T16:59:51.420000+00:00", "regulatory_body": {"name": "Ministry of Health"}, "facility_type": {"name": "Dispensary"}, "plot_number": null, "operation_status": {"name": "Operational"}, "number_of_beds": 0}], "model": "facilities.Facility", "unique_fields": ["code"]}]