[{"records": [{"code": 20641, "location_desc": "kahawa west  in between kahawa farmers choice factory", "official_name": "Congo medical services", "owner": {"name": "Private Enterprise (Institution)"}, "keph_level": {"name": "Level 2"}, "ward": {"code": 1395}, "number_of_cots": 0, "town": {"name": "through by pass fromtown to kahawa west round about."}, "name": "Congo medical services", "created": "2015-01-21T12:28:22.797000+00:00", "regulatory_body": {"name": "Kenya Medical Laboratory, Tech & Technologists Board"}, "facility_type": {"name": "Medical Clinic"}, "plot_number": null, "operation_status": {"name": "Operational"}, "number_of_beds": 0}, {"code": 20643, "location_desc": "Off Nakuru highway from Mathore stage and next to PCEA Mathore church.", "official_name": "Gituamba Mathore Dispensary", "owner": {"name": "Ministry of Health"}, "keph_level": {"name": "Level 2"}, "ward": {"code": 461}, "number_of_cots": 0, "town": {"name": "mathore plots"}, "name": "Gituamba Mathore Dispensary", "created": "2015-01-21T15:34:14.660000+00:00", "regulatory_body": {"name": "Ministry of Health"}, "facility_type": {"name": "Dispensary"}, "plot_number": "1054", "operation_status": {"name": "Operational"}, "number_of_beds": 0}, {"code": 20644, "location_desc": "Next to Kamburu shopping centre.", "official_name": "Kamburu Dispensary", "owner": {"name": "Ministry of Health"}, "keph_level": {"name": "Level 2"}, "ward": {"code": 929}, "number_of_cots": 0, "town": {"name": "kamburu shopping centre"}, "name": "Kamburu Dispensary", "created": "2015-01-21T15:37:47.283000+00:00", "regulatory_body": {"name": "Ministry of Health"}, "facility_type": {"name": "Dispensary"}, "plot_number": null, "operation_status": {"name": "Operational"}, "number_of_beds": 0}, {"code": 20645, "location_desc": "Opposite Police station next to Law courts behind Tropical bar and Utubora building", "official_name": "Truecare Medical Clinic", "owner": {"name": "Private Practice - Clinical Officer"}, "keph_level": {"name": "Level 2"}, "ward": {"code": 453}, "number_of_cots": 0, "town": {"name": "engineer town"}, "name": "Truecare Medical Clinic", "created": "2015-01-26T17:10:35.740000+00:00", "regulatory_body": {"name": "Clinical Officers Council"}, "facility_type": {"name": "Medical Clinic"}, "plot_number": "nyandarua/eng/419", "operation_status": {"name": "Operational"}, "number_of_beds": 0}, {"code": 20646, "location_desc": null, "official_name": "Magiina Dispensary", "owner": {"name": "Ministry of Health"}, "keph_level": {"name": "Level 2"}, "ward": {"code": 928}, "number_of_cots": 0, "town": {"name": "magina shopping centre"}, "name": "Magiina Dispensary", "created": "2015-01-27T10:32:24.487000+00:00", "regulatory_body": {"name": "Ministry of Health"}, "facility_type": {"name": "Dispensary"}, "plot_number": null, "operation_status": {"name": "Operational"}, "number_of_beds": 0}, {"code": 20648, "location_desc": "Ground floor,Karumaindo Plaza", "official_name": "Hillcrest Medical Clinic", "owner": {"name": "Private Practice - Clinical Officer"}, "keph_level": {"name": "Level 2"}, "ward": {"code": 721}, "number_of_cots": 0, "town": {"name": "burnt forest"}, "name": "Hillcrest Medical Clinic", "created": "2015-02-03T10:05:56.430000+00:00", "regulatory_body": {"name": "Kenya MPDB - Private Practice"}, "facility_type": {"name": "Medical Clinic"}, "plot_number": "14285 burnt forest road", "operation_status": {"name": "Operational"}, "number_of_beds": 0}, {"code": 20649, "location_desc": null, "official_name": "Finlays Lemotit Farm Dispensary", "owner": {"name": "Non-Governmental Organizations"}, "keph_level": {"name": "Level 2"}, "ward": {"code": 853}, "number_of_cots": 0, "name": "Finlays Lemotit Farm Dispensary", "created": "2015-02-03T10:46:47.847000+00:00", "regulatory_body": {"name": "Kenya MPDB - Private Practice"}, "facility_type": {"name": "Dispensary"}, "plot_number": null, "operation_status": {"name": "Operational"}, "number_of_beds": 0}, {"code": 20650, "location_desc": "1km East of Musasa Market along Kapsabet Kaimosi road", "official_name": "Koibarak Dispensary", "owner": {"name": "Ministry of Health"}, "keph_level": {"name": "Level 2"}, "ward": {"code": 755}, "number_of_cots": 0, "town": {"name": "koibarak market"}, "name": "Koibarak Dispensary", "created": "2015-02-03T17:22:52.057000+00:00", "regulatory_body": {"name": "Ministry of Health"}, "facility_type": {"name": "Dispensary"}, "plot_number": "koibarak a", "operation_status": {"name": "Operational"}, "number_of_beds": 0}, {"code": 20651, "location_desc": "Kulamawe Water Road", "official_name": "Kulamawe Nursing Home", "owner": {"name": "Private Practice - Nurse / Midwife"}, "keph_level": {"name": "Level 3"}, "ward": {"code": 231}, "number_of_cots": 10, "town": {"name": "isiolo"}, "name": "Kulamawe Nursing Home", "created": "2015-02-03T23:19:00.477000+00:00", "regulatory_body": {"name": "Kenya MPDB - Private Practice"}, "facility_type": {"name": "Nursing Home"}, "plot_number": "89999999", "operation_status": {"name": "Operational"}, "number_of_beds": 8}, {"code": 18599, "location_desc": "Nakuru Eldoret highway", "official_name": "North Star Alliance VCT", "owner": {"name": "Non-Governmental Organizations"}, "keph_level": {"name": "Level 2"}, "ward": {"code": 863}, "number_of_cots": 0, "town": {"name": "at salgaa market"}, "name": "North Star Alliance VCT", "created": "2012-08-02T11:14:28.507000+00:00", "regulatory_body": {"name": "Kenya MPDB - Private Practice"}, "facility_type": {"name": "VCT Centre (Stand-Alone)"}, "plot_number": null, "operation_status": {"name": "Operational"}, "number_of_beds": 0}, {"code": 18600, "location_desc": null, "official_name": "Salgaa Intergrated VCT", "owner": {"name": "Non-Governmental Organizations"}, "keph_level": {"name": "Level 2"}, "ward": {"code": 863}, "number_of_cots": 0, "name": "Salgaa Intergrated VCT", "created": "2012-08-02T11:47:40.147000+00:00", "regulatory_body": {"name": "Kenya MPDB - Private Practice"}, "facility_type": {"name": "VCT Centre (Stand-Alone)"}, "plot_number": null, "operation_status": {"name": "Operational"}, "number_of_beds": 0}, {"code": 18601, "location_desc": "About  18 km from Taveta town. The facility is located at Chumvini market on your way to Njukini town", "official_name": "St Joseph Mission Dispensary Chumvini", "owner": {"name": "Kenya Episcopal Conference-Catholic Secretariat"}, "keph_level": {"name": "Level 2"}, "ward": {"code": 111}, "number_of_cots": 0, "town": {"name": "chumvini"}, "name": "St Joseph Mission Dispensary Chumvini", "created": "2012-08-02T11:51:45.817000+00:00", "regulatory_body": {"name": "Other"}, "facility_type": {"name": "Dispensary"}, "plot_number": null, "operation_status": {"name": "Operational"}, "number_of_beds": 0}, {"code": 18603, "location_desc": "Bishop Njenga Complex next to ACK Cathedral Church Kiambu", "official_name": "St Mary's Mother & Child Medical Services", "owner": {"name": "Private Practice - Clinical Officer"}, "keph_level": {"name": "Level 2"}, "ward": {"code": 585}, "number_of_cots": 0, "town": {"name": "kiambu town"}, "name": "St Mary's Mother & Child Medical Services", "created": "2012-08-02T13:40:38.453000+00:00", "regulatory_body": {"name": "Kenya MPDB - Private Practice"}, "facility_type": {"name": "Medical Clinic"}, "plot_number": "11/159", "operation_status": {"name": "Operational"}, "number_of_beds": 0}, {"code": 18604, "location_desc": "2Kms off  Nanyuki -meru Rd", "official_name": "Ngenia Dispesary", "owner": {"name": "Ministry of Health"}, "keph_level": {"name": "Level 2"}, "ward": {"code": 825}, "number_of_cots": 0, "town": {"name": "nanyuki  town"}, "name": "Ngenia Dispensary", "created": "2012-08-03T09:41:20.507000+00:00", "regulatory_body": {"name": "Ministry of Health"}, "facility_type": {"name": "Dispensary"}, "plot_number": null, "operation_status": {"name": "Operational"}, "number_of_beds": 1}, {"code": 18605, "location_desc": "At midways plazza Town centre", "official_name": "Mid-Town Youth friendly Centre", "owner": {"name": "Private Practice - Nurse / Midwife"}, "keph_level": {"name": "Level 2"}, "ward": {"code": 860}, "number_of_cots": 0, "town": {"name": "midways plaza !st floor room 11"}, "name": "Mid-Town Reoproductive Health and Youth Friendly", "created": "2012-08-03T11:34:35.610000+00:00", "regulatory_body": {"name": "Nursing Council of Kenya (Private Practice)"}, "facility_type": {"name": "Medical Clinic"}, "plot_number": null, "operation_status": {"name": "Operational"}, "number_of_beds": 0}, {"code": 18606, "location_desc": "Near racecourse estate", "official_name": "St Mark Medical Clinic", "owner": {"name": "Private Practice - Nurse / Midwife"}, "keph_level": {"name": "Level 2"}, "ward": {"code": 875}, "number_of_cots": 0, "town": {"name": "near racecourse estate"}, "name": "St Mark Medical Clinic", "created": "2012-08-03T11:55:17.963000+00:00", "regulatory_body": {"name": "Nursing Council of Kenya (Private Practice)"}, "facility_type": {"name": "Medical Clinic"}, "plot_number": "26/271 mwariki", "operation_status": {"name": "Operational"}, "number_of_beds": 0}, {"code": 18608, "location_desc": "Along Thika Nairobi superhighway, branching at Jomo-kenyatta university and neighbouring Gachororo primary school", "official_name": "Gachororo Health Centre", "owner": {"name": "Ministry of Health"}, "keph_level": {"name": "Level 2"}, "ward": {"code": 561}, "number_of_cots": 3, "town": {"name": "gachororo"}, "name": "Gachororo Health Centre", "created": "2012-08-03T21:20:29.693000+00:00", "regulatory_body": {"name": "Ministry of Health"}, "facility_type": {"name": "Health Centre"}, "plot_number": null, "operation_status": {"name": "Operational"}, "number_of_beds": 5}, {"code": 18610, "location_desc": "Along Kisii Kisumu road", "official_name": "Atela Dispensary", "owner": {"name": "Ministry of Health"}, "keph_level": {"name": "Level 2"}, "ward": {"code": 1359}, "number_of_cots": 6, "town": {"name": "near chabera market"}, "name": "Atela Dispensary", "created": "2012-08-06T11:26:06.220000+00:00", "regulatory_body": {"name": "Ministry of Health"}, "facility_type": {"name": "Dispensary"}, "plot_number": null, "operation_status": {"name": "Operational"}, "number_of_beds": 0}, {"code": 18611, "location_desc": "CALVARY TEMPLE (CHURCH)", "official_name": "Lithi Clinic", "owner": {"name": "Private Practice - Unspecified"}, "keph_level": {"name": "Level 2"}, "ward": {"code": 1436}, "number_of_cots": 0, "town": {"name": "calvary temple"}, "name": "Lithi Clinic", "created": "2012-08-07T13:37:44.090000+00:00", "regulatory_body": {"name": "Kenya MPDB - Private Practice"}, "facility_type": {"name": "Medical Clinic"}, "plot_number": null, "operation_status": {"name": "Operational"}, "number_of_beds": 0}, {"code": 18612, "location_desc": "Along Naivasha Road", "official_name": "Fremo Medical Centre", "owner": {"name": "Private Practice - Clinical Officer"}, "keph_level": {"name": "Level 3"}, "ward": {"code": 1378}, "number_of_cots": 0, "town": {"name": "kawangware"}, "name": "Fremo Medical Centre", "created": "2012-08-08T11:52:23.010000+00:00", "regulatory_body": {"name": "Clinical Officers Council"}, "facility_type": {"name": "Health Centre"}, "plot_number": null, "operation_status": {"name": "Operational"}, "number_of_beds": 10}, {"code": 18613, "location_desc": "Along Naivasha Road", "official_name": "Glory Health Clinic", "owner": {"name": "Private Practice - Nurse / Midwife"}, "keph_level": {"name": "Level 2"}, "ward": {"code": 1378}, "number_of_cots": 0, "town": {"name": "dagoretti corner"}, "name": "Glory Health Clinic", "created": "2012-08-08T12:15:24.623000+00:00", "regulatory_body": {"name": "Nursing Council of Kenya (Private Practice)"}, "facility_type": {"name": "Dispensary"}, "plot_number": null, "operation_status": {"name": "Operational"}, "number_of_beds": 0}, {"code": 18614, "location_desc": "Moi south lake kwa Muhia in Kongoni division", "official_name": "Sumba Medical Clinic", "owner": {"name": "Private Practice - Nurse / Midwife"}, "keph_level": {"name": "Level 2"}, "ward": {"code": 841}, "number_of_cots": 0, "town": {"name": "naivasha dck"}, "name": "Sumba Medical Clinic", "created": "2012-08-08T16:12:44.907000+00:00", "regulatory_body": {"name": "Nursing Council of Kenya (Private Practice)"}, "facility_type": {"name": "Medical Clinic"}, "plot_number": "27", "operation_status": {"name": "Operational"}, "number_of_beds": 0}, {"code": 18616, "location_desc": null, "official_name": "GK Prisons   Medium Dispensary", "owner": {"name": "Ministry of Health"}, "keph_level": {"name": "Level 2"}, "ward": {"code": 947}, "number_of_cots": 0, "town": {"name": "kericho"}, "name": "GK Prisons Medium Dispensary", "created": "2012-08-13T10:36:26.600000+00:00", "regulatory_body": {"name": "Ministry of Health"}, "facility_type": {"name": "Dispensary"}, "plot_number": null, "operation_status": {"name": "Operational"}, "number_of_beds": 0}, {"code": 18617, "location_desc": "Situated near sub-chief's office  Kahawa Wendani", "official_name": "Fathers Maternity and Health Services", "owner": {"name": "Private Practice - Nurse / Midwife"}, "keph_level": {"name": "Level 3"}, "ward": {"code": 573}, "number_of_cots": 4, "town": {"name": "githurai 45"}, "name": "Fathers Maternity and Health Services", "created": "2012-08-13T11:46:00.200000+00:00", "regulatory_body": {"name": "Nursing Council of Kenya (Private Practice)"}, "facility_type": {"name": "Nursing Home"}, "plot_number": "b1/711 kahawa wendani", "operation_status": {"name": "Operational"}, "number_of_beds": 6}, {"code": 18618, "location_desc": "Along Maua Kanunu road. Red Canteen junction", "official_name": "Antodevi Medical Clinic", "owner": {"name": "Private Enterprise (Institution)"}, "keph_level": {"name": "Level 2"}, "ward": {"code": 252}, "number_of_cots": 0, "town": {"name": "kimongoro"}, "name": "Antodevi Medical Clinic", "created": "2012-08-13T15:15:15.833000+00:00", "regulatory_body": {"name": "Nursing Council of Kenya (Private Practice)"}, "facility_type": {"name": "Medical Clinic"}, "plot_number": "32", "operation_status": {"name": "Operational"}, "number_of_beds": 0}, {"code": 18619, "location_desc": "Situated in Maua town near MInistry of Public Works", "official_name": "Vichabem Medical Clinic", "owner": {"name": "Private Enterprise (Institution)"}, "keph_level": {"name": "Level 2"}, "ward": {"code": 251}, "number_of_cots": 0, "town": {"name": "maua town"}, "name": "Vichabem Medical Clinic", "created": "2012-08-13T15:54:10.020000+00:00", "regulatory_body": {"name": "Nursing Council of Kenya (Private Practice)"}, "facility_type": {"name": "Medical Clinic"}, "plot_number": "3286", "operation_status": {"name": "Operational"}, "number_of_beds": 0}, {"code": 18620, "location_desc": "Situated along Kithetu Road near Basin Hotel", "official_name": "Kendi Medical Clinic", "owner": {"name": "Private Practice - Nurse / Midwife"}, "keph_level": {"name": "Level 2"}, "ward": {"code": 251}, "number_of_cots": 0, "town": {"name": "maua town"}, "name": "Kendi Medical Clinic", "created": "2012-08-13T16:16:42.370000+00:00", "regulatory_body": {"name": "Nursing Council of Kenya (Private Practice)"}, "facility_type": {"name": "Medical Clinic"}, "plot_number": "229", "operation_status": {"name": "Operational"}, "number_of_beds": 0}, {"code": 18621, "location_desc": "Along Maua Meru Road", "official_name": "Uzima Medicare Clinic", "owner": {"name": "Private Practice - Nurse / Midwife"}, "keph_level": {"name": "Level 2"}, "ward": {"code": 254}, "number_of_cots": 0, "town": {"name": "near  kiiji market"}, "name": "Uzima Medicare Clinic", "created": "2012-08-13T16:46:31.397000+00:00", "regulatory_body": {"name": "Clinical Officers Council"}, "facility_type": {"name": "Medical Clinic"}, "plot_number": "3", "operation_status": {"name": "Operational"}, "number_of_beds": 0}, {"code": 18622, "location_desc": null, "official_name": "SkyHill Medical Centre", "owner": {"name": "Private Practice - Medical Specialist"}, "keph_level": {"name": "Level 3"}, "ward": {"code": 1373}, "number_of_cots": 2, "town": {"name": "stage 2"}, "name": "Skyhill Medical Centre", "created": "2012-08-14T10:54:13.813000+00:00", "regulatory_body": {"name": "Pharmacy & Poisons Board"}, "facility_type": {"name": "Health Centre"}, "plot_number": null, "operation_status": {"name": "Operational"}, "number_of_beds": 10}, {"code": 18623, "location_desc": "Mmakutano-LowdorRoad", "official_name": "Premier Medical Clinic", "owner": {"name": "Private Practice - Clinical Officer"}, "keph_level": {"name": "Level 2"}, "ward": {"code": 622}, "number_of_cots": 0, "town": {"name": "kakuma"}, "name": "Premier Medical Clinic", "created": "2012-08-14T22:27:13.667000+00:00", "regulatory_body": {"name": "Ministry of Health"}, "facility_type": {"name": "Medical Clinic"}, "plot_number": null, "operation_status": {"name": "Operational"}, "number_of_beds": 0}, {"code": 18624, "location_desc": null, "official_name": "Lumino Dispensary", "owner": {"name": "Ministry of Health"}, "keph_level": {"name": "Level 2"}, "ward": {"code": 997}, "number_of_cots": 0, "town": {"name": "soy market"}, "name": "Lumino Dispensary", "created": "2012-08-20T10:18:10.803000+00:00", "regulatory_body": {"name": "Ministry of Health"}, "facility_type": {"name": "Dispensary"}, "plot_number": null, "operation_status": {"name": "Operational"}, "number_of_beds": 0}, {"code": 18625, "location_desc": null, "official_name": "Mlimani Dispensary", "owner": {"name": "Ministry of Health"}, "keph_level": {"name": "Level 2"}, "ward": {"code": 1001}, "number_of_cots": 0, "town": {"name": "moisbridge town"}, "name": "Mlimani Dispensary", "created": "2012-08-20T10:29:22.680000+00:00", "regulatory_body": {"name": "Ministry of Health"}, "facility_type": {"name": "Dispensary"}, "plot_number": null, "operation_status": {"name": "Operational"}, "number_of_beds": 0}, {"code": 18626, "location_desc": null, "official_name": "Beggs Clinic", "owner": {"name": "Private Practice - Nurse / Midwife"}, "keph_level": {"name": "Level 2"}, "ward": {"code": 1000}, "number_of_cots": 0, "town": {"name": "matunda"}, "name": "Beggs Clinic", "created": "2012-08-20T10:44:52.210000+00:00", "regulatory_body": {"name": "Kenya MPDB - Private Practice"}, "facility_type": {"name": "Medical Clinic"}, "plot_number": null, "operation_status": {"name": "Operational"}, "number_of_beds": 0}, {"code": 18627, "location_desc": "Kasarini-Thindigua off Kiambu Road", "official_name": "Angelic Medical Centre", "owner": {"name": "Private Practice - General Practitioner"}, "keph_level": {"name": "Level 2"}, "ward": {"code": 585}, "number_of_cots": 0, "town": {"name": "kasarini"}, "name": "Angelic Medical Centre", "created": "2012-08-28T12:03:13.957000+00:00", "regulatory_body": {"name": "Kenya MPDB - Private Practice"}, "facility_type": {"name": "Medical Clinic"}, "plot_number": "lrn 28361/2", "operation_status": {"name": "Not-Operational"}, "number_of_beds": 0}, {"code": 18628, "location_desc": null, "official_name": "Muthua Dispensary", "owner": {"name": "Ministry of Health"}, "keph_level": {"name": "Level 2"}, "ward": {"code": 1379}, "number_of_cots": 0, "town": {"name": "uthiru"}, "name": "Muthua Dispensary", "created": "2012-08-29T11:40:07.507000+00:00", "regulatory_body": {"name": "Ministry of Health"}, "facility_type": {"name": "Dispensary"}, "plot_number": null, "operation_status": {"name": "Operational"}, "number_of_beds": 0}, {"code": 18630, "location_desc": null, "official_name": "Gababa Dispensary", "owner": {"name": "Ministry of Health"}, "keph_level": {"name": "Level 2"}, "ward": {"code": 160}, "number_of_cots": 0, "town": {"name": "gababa town"}, "name": "Gababa Dispensary", "created": "2012-08-30T15:27:51.560000+00:00", "regulatory_body": {"name": "Ministry of Health"}, "facility_type": {"name": "Dispensary"}, "plot_number": null, "operation_status": {"name": "Operational"}, "number_of_beds": 0}, {"code": 18631, "location_desc": "At Hart Towers", "official_name": "Meridian M C (Meru)", "owner": {"name": "Private Practice - General Practitioner"}, "keph_level": {"name": "Level 2"}, "ward": {"code": 276}, "number_of_cots": 0, "town": {"name": "meru town"}, "name": "Meridian Medical Centre (Meru)", "created": "2012-08-30T15:48:33.490000+00:00", "regulatory_body": {"name": "Kenya MPDB - Private Practice"}, "facility_type": {"name": "Medical Clinic"}, "plot_number": "bii/83", "operation_status": {"name": "Operational"}, "number_of_beds": 0}, {"code": 18632, "location_desc": null, "official_name": "Eye Care Centre", "owner": {"name": "Private Practice - Medical Specialist"}, "keph_level": {"name": "Level 2"}, "ward": {"code": 276}, "number_of_cots": 0, "town": {"name": "meru town"}, "name": "Eye Care Centre", "created": "2012-08-30T16:21:25.727000+00:00", "regulatory_body": {"name": "Kenya MPDB - Private Practice"}, "facility_type": {"name": "Medical Clinic"}, "plot_number": "bii/80", "operation_status": {"name": "Operational"}, "number_of_beds": 0}, {"code": 18633, "location_desc": "Near to AAA Kenya Driving School", "official_name": "Dr Kiome Clinic", "owner": {"name": "Private Practice - Medical Specialist"}, "keph_level": {"name": "Level 2"}, "ward": {"code": 276}, "number_of_cots": 0, "town": {"name": "meru town"}, "name": "Dr Kiome Clinic", "created": "2012-08-31T11:42:33.407000+00:00", "regulatory_body": {"name": "Kenya MPDB - Private Practice"}, "facility_type": {"name": "Medical Clinic"}, "plot_number": "bii/29", "operation_status": {"name": "Operational"}, "number_of_beds": 0}, {"code": 18634, "location_desc": "Near AAA Kenya driving school", "official_name": "Soceno Pharmacy", "owner": {"name": "Private Enterprise (Institution)"}, "keph_level": {"name": "Level 2"}, "ward": {"code": 276}, "number_of_cots": 0, "town": {"name": "meru town"}, "name": "Soceno Pharmacy", "created": "2012-08-31T11:55:18.383000+00:00", "regulatory_body": {"name": "Kenya MPDB - Private Practice"}, "facility_type": {"name": "Medical Clinic"}, "plot_number": "bii/79", "operation_status": {"name": "Operational"}, "number_of_beds": 0}, {"code": 18635, "location_desc": null, "official_name": "Uzima Medical Services", "owner": {"name": "Private Practice - Unspecified"}, "keph_level": {"name": "Level 2"}, "ward": {"code": 276}, "number_of_cots": 0, "town": {"name": "meru town"}, "name": "Uzima Medical Services", "created": "2012-08-31T12:46:41.933000+00:00", "regulatory_body": {"name": "Kenya MPDB - Private Practice"}, "facility_type": {"name": "Medical Clinic"}, "plot_number": "b11/027", "operation_status": {"name": "Operational"}, "number_of_beds": 0}, {"code": 18643, "location_desc": null, "official_name": "Kithoka Chemist", "owner": {"name": "Private Practice - Unspecified"}, "keph_level": {"name": "Level 2"}, "ward": {"code": 277}, "number_of_cots": 0, "name": "Kithoka Chemist", "created": "2012-09-03T12:41:57.147000+00:00", "regulatory_body": {"name": "Other"}, "facility_type": {"name": "Not in List"}, "plot_number": "b 11/366", "operation_status": {"name": "Operational"}, "number_of_beds": 0}, {"code": 18644, "location_desc": null, "official_name": "Khaburu Chemit", "owner": {"name": "Private Practice - Unspecified"}, "keph_level": {"name": "Level 2"}, "ward": {"code": 277}, "number_of_cots": 0, "name": "Khaburu Chemist", "created": "2012-09-03T12:52:45.280000+00:00", "regulatory_body": {"name": "Other"}, "facility_type": {"name": "Not in List"}, "plot_number": "b  2674", "operation_status": {"name": "Operational"}, "number_of_beds": 0}, {"code": 18645, "location_desc": null, "official_name": "Friends Chemist", "owner": {"name": "Private Practice - Unspecified"}, "keph_level": {"name": "Level 2"}, "ward": {"code": 277}, "number_of_cots": 0, "name": "Friends Chemist", "created": "2012-09-03T12:59:06.153000+00:00", "regulatory_body": {"name": "Other"}, "facility_type": {"name": "Not in List"}, "plot_number": "b/5/16", "operation_status": {"name": "Operational"}, "number_of_beds": 0}, {"code": 18646, "location_desc": null, "official_name": "Thuura Health Care", "owner": {"name": "Private Practice - Unspecified"}, "keph_level": {"name": "Level 2"}, "ward": {"code": 277}, "number_of_cots": 0, "name": "Thuura Health Care", "created": "2012-09-03T13:09:09.440000+00:00", "regulatory_body": {"name": "Other"}, "facility_type": {"name": "Not in List"}, "plot_number": "bp/7/b", "operation_status": {"name": "Operational"}, "number_of_beds": 0}, {"code": 18647, "location_desc": null, "official_name": "Medicare Stores Chemist", "owner": {"name": "Private Practice - Unspecified"}, "keph_level": {"name": "Level 2"}, "ward": {"code": 276}, "number_of_cots": 0, "name": "Medicare Stores Chemist", "created": "2012-09-03T13:26:58.900000+00:00", "regulatory_body": {"name": "Other"}, "facility_type": {"name": "Medical Centre"}, "plot_number": "b 11/13", "operation_status": {"name": "Operational"}, "number_of_beds": 0}, {"code": 18648, "location_desc": null, "official_name": "Meru Lab Services", "owner": {"name": "Private Practice - Unspecified"}, "keph_level": {"name": "Level 2"}, "ward": {"code": 276}, "number_of_cots": 0, "name": "Meru Lab Services", "created": "2012-09-03T14:53:22.930000+00:00", "regulatory_body": {"name": "Other"}, "facility_type": {"name": "Laboratory (Stand-alone)"}, "plot_number": "b 11/19", "operation_status": {"name": "Operational"}, "number_of_beds": 0}, {"code": 18650, "location_desc": null, "official_name": "Gecy Chemist", "owner": {"name": "Private Practice - Unspecified"}, "keph_level": {"name": "Level 2"}, "ward": {"code": 276}, "number_of_cots": 0, "name": "Gecy Chemist", "created": "2012-09-03T15:53:24.367000+00:00", "regulatory_body": {"name": "Other"}, "facility_type": {"name": "Not in List"}, "plot_number": "1/27", "operation_status": {"name": "Operational"}, "number_of_beds": 0}, {"code": 18651, "location_desc": "Along Nairobi Wajir Highway, Opposite Rehabilitation Center and Next to Bulla Hodhan Primary School ", "official_name": "Wajir TB Manyatta Sub - District Hospital", "owner": {"name": "Ministry of Health"}, "keph_level": {"name": "Level 4"}, "ward": {"code": 169}, "number_of_cots": 0, "town": {"name": "wajir"}, "name": "Wajir Tb Manyatta Sub - District Hospital", "created": "2012-09-04T08:44:24.440000+00:00", "regulatory_body": {"name": "Ministry of Health"}, "facility_type": {"name": "Sub-District Hospital"}, "plot_number": null, "operation_status": {"name": "Operational"}, "number_of_beds": 84}, {"code": 18653, "location_desc": null, "official_name": "Meru Eye Care Services", "owner": {"name": "Private Practice - Unspecified"}, "keph_level": {"name": "Level 2"}, "ward": {"code": 276}, "number_of_cots": 0, "town": {"name": "meru town"}, "name": "Meru Eye Care Services", "created": "2012-09-05T15:58:30.320000+00:00", "regulatory_body": {"name": "Other"}, "facility_type": {"name": "Eye Clinic"}, "plot_number": "bp/11/40", "operation_status": {"name": "Operational"}, "number_of_beds": 0}, {"code": 18655, "location_desc": null, "official_name": "Philips Medical Clinic", "owner": {"name": "Private Practice - Unspecified"}, "keph_level": {"name": "Level 2"}, "ward": {"code": 284}, "number_of_cots": 0, "name": "Philips Medical Clinic", "created": "2012-09-05T16:19:10.567000+00:00", "regulatory_body": {"name": "Other"}, "facility_type": {"name": "Medical Centre"}, "plot_number": null, "operation_status": {"name": "Operational"}, "number_of_beds": 0}, {"code": 18657, "location_desc": "Near chogoria Girls High Schools", "official_name": "Village Hope Core International", "owner": {"name": "Non-Governmental Organizations"}, "keph_level": {"name": "Level 2"}, "ward": {"code": 300}, "number_of_cots": 0, "town": {"name": "chogoria town"}, "name": "Village Hope Core International", "created": "2012-09-05T22:33:32.750000+00:00", "regulatory_body": {"name": "Kenya MPDB - Institution"}, "facility_type": {"name": "Medical Clinic"}, "plot_number": null, "operation_status": {"name": "Operational"}, "number_of_beds": 0}, {"code": 18658, "location_desc": null, "official_name": "Mundoro Communty Dispensary", "owner": {"name": "Community Development Fund"}, "keph_level": {"name": "Level 2"}, "ward": {"code": 552}, "number_of_cots": 0, "town": {"name": "mundoro"}, "name": "Mundoro Community Dispensary", "created": "2012-09-06T09:13:29.880000+00:00", "regulatory_body": {"name": "Ministry of Health"}, "facility_type": {"name": "Dispensary"}, "plot_number": null, "operation_status": {"name": "Operational"}, "number_of_beds": 0}, {"code": 18659, "location_desc": "Near Pipeline", "official_name": "Florex Medical Clinic", "owner": {"name": "Private Practice - Nurse / Midwife"}, "keph_level": {"name": "Level 2"}, "ward": {"code": 880}, "number_of_cots": 0, "town": {"name": "near pipeline"}, "name": "Florex Medical Clinic", "created": "2012-09-06T10:11:05.380000+00:00", "regulatory_body": {"name": "Nursing Council of Kenya (Private Practice)"}, "facility_type": {"name": "Medical Clinic"}, "plot_number": null, "operation_status": {"name": "Operational"}, "number_of_beds": 1}, {"code": 18660, "location_desc": "Near Kalawani Market", "official_name": "Musoa SDA Dispensary", "owner": {"name": "Other Faith Based"}, "keph_level": {"name": "Level 2"}, "ward": {"code": 411}, "number_of_cots": 0, "town": {"name": "kalawani"}, "name": "Musoa SDA Dispensary", "created": "2012-09-06T15:22:28.580000+00:00", "regulatory_body": {"name": "Ministry of Health"}, "facility_type": {"name": "Dispensary"}, "plot_number": "n/a", "operation_status": {"name": "Operational"}, "number_of_beds": 0}, {"code": 18661, "location_desc": "Situated in Kikima Market", "official_name": "Assumption Sisters Mbooni Clinic", "owner": {"name": "Kenya Episcopal Conference-Catholic Secretariat"}, "keph_level": {"name": "Level 2"}, "ward": {"code": 412}, "number_of_cots": 0, "town": {"name": "kikima market"}, "name": "Assumption Sisters Mbooni Clinic", "created": "2012-09-06T15:30:24.570000+00:00", "regulatory_body": {"name": "Ministry of Health"}, "facility_type": {"name": "Medical Clinic"}, "plot_number": null, "operation_status": {"name": "Operational"}, "number_of_beds": 0}, {"code": 18663, "location_desc": "Habaswein trading centre along Wajir Modogashe Road", "official_name": "Mashaallah Nursing Home-Habaswein", "owner": {"name": "Private Practice - Clinical Officer"}, "keph_level": {"name": "Level 3"}, "ward": {"code": 178}, "number_of_cots": 0, "town": {"name": "habaswein trading centre"}, "name": "Mashaallah Nursing Home-Habaswein", "created": "2012-09-11T11:28:01.880000+00:00", "regulatory_body": {"name": "Kenya MPDB - Institution"}, "facility_type": {"name": "Nursing Home"}, "plot_number": null, "operation_status": {"name": "Operational"}, "number_of_beds": 15}, {"code": 18664, "location_desc": null, "official_name": "Koimiret Dispensary", "owner": {"name": "Ministry of Health"}, "keph_level": {"name": "Level 2"}, "ward": {"code": 971}, "number_of_cots": 0, "town": {"name": "makimeny"}, "name": "Koimiret Dispensary", "created": "2012-09-11T14:46:22.797000+00:00", "regulatory_body": {"name": "Ministry of Health"}, "facility_type": {"name": "Dispensary"}, "plot_number": null, "operation_status": {"name": "Operational"}, "number_of_beds": 0}, {"code": 18668, "location_desc": "At Githunguri shopping centre ", "official_name": "Reinha Rosary Medical Clinic", "owner": {"name": "Kenya Episcopal Conference-Catholic Secretariat"}, "keph_level": {"name": "Level 2"}, "ward": {"code": 396}, "number_of_cots": 0, "town": {"name": "githunguri"}, "name": "Reinha Rosary Medical Clinic (Githunguri)", "created": "2012-09-12T15:47:36.340000+00:00", "regulatory_body": {"name": "Kenya MPDB - Private Practice"}, "facility_type": {"name": "Medical Clinic"}, "plot_number": null, "operation_status": {"name": "Operational"}, "number_of_beds": 0}, {"code": 18669, "location_desc": "Next to Eldoret Deliverance Church,opposite GK Prisons", "official_name": "Eldoret Rapha Medical Centre", "owner": {"name": "Christian Health Association of Kenya"}, "keph_level": {"name": "Level 2"}, "ward": {"code": 718}, "number_of_cots": 0, "town": {"name": "eldoret"}, "name": "Eldoret Rapha Medical Centre", "created": "2012-09-13T10:29:55.550000+00:00", "regulatory_body": {"name": "Other"}, "facility_type": {"name": "Medical Clinic"}, "plot_number": null, "operation_status": {"name": "Operational"}, "number_of_beds": 0}, {"code": 18670, "location_desc": "Along Riakiania Kiburu Raod.", "official_name": "Karimaini Community Dispensary", "owner": {"name": "Ministry of Health"}, "keph_level": {"name": "Level 2"}, "ward": {"code": 509}, "number_of_cots": 0, "town": {"name": "riakiania"}, "name": "Karimaini Community Dispensary", "created": "2012-09-13T10:41:03.373000+00:00", "regulatory_body": {"name": "Ministry of Health"}, "facility_type": {"name": "Dispensary"}, "plot_number": null, "operation_status": {"name": "Operational"}, "number_of_beds": 0}, {"code": 18671, "location_desc": "Within Nanyuki Town", "official_name": "Aphia Disc 1 Nanyuki Transport", "owner": {"name": "Non-Governmental Organizations"}, "keph_level": {"name": "Level 2"}, "ward": {"code": 820}, "number_of_cots": 0, "town": {"name": "nanyuki  town"}, "name": "Aphia Disc 1 Nanyuki Transport", "created": "2012-09-13T10:52:17.950000+00:00", "regulatory_body": {"name": "Ministry of Health"}, "facility_type": {"name": "Medical Clinic"}, "plot_number": "l r no. 278/328", "operation_status": {"name": "Operational"}, "number_of_beds": 0}, {"code": 18673, "location_desc": "Muthungue Market", "official_name": "Muthungue Dispensary", "owner": {"name": "Ministry of Health"}, "keph_level": {"name": "Level 2"}, "ward": {"code": 362}, "number_of_cots": 0, "town": {"name": "muthungue market"}, "name": "Muthungue Dispensary", "created": "2012-09-14T08:52:32.097000+00:00", "regulatory_body": {"name": "Ministry of Health"}, "facility_type": {"name": "Dispensary"}, "plot_number": "n/a", "operation_status": {"name": "Operational"}, "number_of_beds": 1}, {"code": 18674, "location_desc": "Kyango Market", "official_name": "Kyango Dispensary", "owner": {"name": "Ministry of Health"}, "keph_level": {"name": "Level 2"}, "ward": {"code": 362}, "number_of_cots": 0, "town": {"name": "kyango market"}, "name": "Kyango Dispensary", "created": "2012-09-14T09:04:54.173000+00:00", "regulatory_body": {"name": "Ministry of Health"}, "facility_type": {"name": "Dispensary"}, "plot_number": "n/a", "operation_status": {"name": "Pending Opening"}, "number_of_beds": 0}, {"code": 18675, "location_desc": "3km south of Laikipia campus", "official_name": "Huhoini Dispensary", "owner": {"name": "Ministry of Health"}, "keph_level": {"name": "Level 2"}, "ward": {"code": 857}, "number_of_cots": 0, "town": {"name": "huhoini"}, "name": "Huhoini Dispensary", "created": "2012-09-14T09:19:06.933000+00:00", "regulatory_body": {"name": "Ministry of Health"}, "facility_type": {"name": "Dispensary"}, "plot_number": null, "operation_status": {"name": "Operational"}, "number_of_beds": 0}, {"code": 18676, "location_desc": "Situated 46km from Nyahururu town off Nyahururu - Nyeri RD & 7km from Pesi dispensary", "official_name": "Mastoo Dispensary", "owner": {"name": "Ministry of Health"}, "keph_level": {"name": "Level 2"}, "ward": {"code": 465}, "number_of_cots": 0, "town": {"name": "mastoo"}, "name": "Mastoo Dispensary", "created": "2012-09-14T09:33:03.047000+00:00", "regulatory_body": {"name": "Ministry of Health"}, "facility_type": {"name": "Dispensary"}, "plot_number": null, "operation_status": {"name": "Operational"}, "number_of_beds": 0}, {"code": 18677, "location_desc": "Musukini Market", "official_name": "Yoonye Dispensary", "owner": {"name": "Ministry of Health"}, "keph_level": {"name": "Level 2"}, "ward": {"code": 364}, "number_of_cots": 0, "town": {"name": "yoonye market"}, "name": "Yoonye Dispensary", "created": "2012-09-14T09:59:04.067000+00:00", "regulatory_body": {"name": "Ministry of Health"}, "facility_type": {"name": "Dispensary"}, "plot_number": null, "operation_status": {"name": "Pending Opening"}, "number_of_beds": 0}, {"code": 18678, "location_desc": "Kiongwe Primary school\r\n", "official_name": "Kiongwe Dispensary", "owner": {"name": "Ministry of Health"}, "keph_level": {"name": "Level 2"}, "ward": {"code": 361}, "number_of_cots": 0, "town": {"name": "kiongwe"}, "name": "Kiongwe Dispensary", "created": "2012-09-14T12:24:09.083000+00:00", "regulatory_body": {"name": "Ministry of Health"}, "facility_type": {"name": "Dispensary"}, "plot_number": "n/a", "operation_status": {"name": "Pending Opening"}, "number_of_beds": 0}, {"code": 18679, "location_desc": "Manyoeni Market", "official_name": "Manyoei Dispensar", "owner": {"name": "Ministry of Health"}, "keph_level": {"name": "Level 2"}, "ward": {"code": 364}, "number_of_cots": 0, "town": {"name": "manyoeni market"}, "name": "Manyoeni Dispensary", "created": "2012-09-14T12:32:24.400000+00:00", "regulatory_body": {"name": "Ministry of Health"}, "facility_type": {"name": "Dispensary"}, "plot_number": "n/a", "operation_status": {"name": "Pending Opening"}, "number_of_beds": 0}, {"code": 18680, "location_desc": "Itangani Market", "official_name": "Itangani Dispensary", "owner": {"name": "Ministry of Health"}, "keph_level": {"name": "Level 2"}, "ward": {"code": 364}, "number_of_cots": 0, "town": {"name": "itangani"}, "name": "Itangani Dispensary", "created": "2012-09-14T12:43:22.313000+00:00", "regulatory_body": {"name": "Ministry of Health"}, "facility_type": {"name": "Dispensary"}, "plot_number": "n/a", "operation_status": {"name": "Pending Opening"}, "number_of_beds": 0}, {"code": 18681, "location_desc": "Makongo Market", "official_name": "Makongo Dispensary", "owner": {"name": "Ministry of Health"}, "keph_level": {"name": "Level 2"}, "ward": {"code": 359}, "number_of_cots": 0, "town": {"name": "makongo market"}, "name": "Makongo Dispensary", "created": "2012-09-14T12:52:13.480000+00:00", "regulatory_body": {"name": "Ministry of Health"}, "facility_type": {"name": "Dispensary"}, "plot_number": "n/a", "operation_status": {"name": "Pending Opening"}, "number_of_beds": 0}, {"code": 18682, "location_desc": "Kwa-Amutei Primary School", "official_name": "Kwa-Amutei Dispensary", "owner": {"name": "Ministry of Health"}, "keph_level": {"name": "Level 2"}, "ward": {"code": 361}, "number_of_cots": 0, "town": {"name": "kwa-amutei primay school"}, "name": "Kwa-Amutei Dispensary", "created": "2012-09-14T13:02:09.947000+00:00", "regulatory_body": {"name": "Ministry of Health"}, "facility_type": {"name": "Dispensary"}, "plot_number": "n/a", "operation_status": {"name": "Pending Opening"}, "number_of_beds": 0}, {"code": 18683, "location_desc": "Kikuu Market", "official_name": "Kikuu Dispensar", "owner": {"name": "Ministry of Health"}, "keph_level": {"name": "Level 2"}, "ward": {"code": 359}, "number_of_cots": 0, "town": {"name": "kikuu market"}, "name": "Kikuu Dispensary", "created": "2012-09-14T13:09:48.010000+00:00", "regulatory_body": {"name": "Ministry of Health"}, "facility_type": {"name": "Dispensary"}, "plot_number": "n/a", "operation_status": {"name": "Pending Opening"}, "number_of_beds": 0}, {"code": 18684, "location_desc": "Itiko Primary School", "official_name": "Itiko Dispensary", "owner": {"name": "Ministry of Health"}, "keph_level": {"name": "Level 2"}, "ward": {"code": 364}, "number_of_cots": 0, "town": {"name": "itiko primary school"}, "name": "Itiko Dispensary", "created": "2012-09-14T13:16:20.880000+00:00", "regulatory_body": {"name": "Ministry of Health"}, "facility_type": {"name": "Dispensary"}, "plot_number": "n/a", "operation_status": {"name": "Pending Opening"}, "number_of_beds": 0}, {"code": 18686, "location_desc": "Ngelani Market", "official_name": "Ngelani Dispensary", "owner": {"name": "Ministry of Health"}, "keph_level": {"name": "Level 2"}, "ward": {"code": 359}, "number_of_cots": 0, "town": {"name": "ngelani"}, "name": "Ngelani Dispensary", "created": "2012-09-14T13:44:28.887000+00:00", "regulatory_body": {"name": "Ministry of Health"}, "facility_type": {"name": "Dispensary"}, "plot_number": "n/a", "operation_status": {"name": "Operational"}, "number_of_beds": 0}, {"code": 18687, "location_desc": "Kanzauwu Primary School", "official_name": "Kanzauwu Dispensary", "owner": {"name": "Ministry of Health"}, "keph_level": {"name": "Level 2"}, "ward": {"code": 361}, "number_of_cots": 0, "town": {"name": "kanzauwu market"}, "name": "Kanzauwu Dispensary", "created": "2012-09-14T13:54:22.433000+00:00", "regulatory_body": {"name": "Ministry of Health"}, "facility_type": {"name": "Dispensary"}, "plot_number": "n/a", "operation_status": {"name": "Pending Opening"}, "number_of_beds": 0}, {"code": 18689, "location_desc": null, "official_name": "Kikule Dispensary", "owner": {"name": "Ministry of Health"}, "keph_level": {"name": "Level 2"}, "ward": {"code": 399}, "number_of_cots": 1, "town": {"name": "kikule"}, "name": "Kikule Dispensary", "created": "2012-09-17T16:14:28.080000+00:00", "regulatory_body": {"name": "Ministry of Health"}, "facility_type": {"name": "Dispensary"}, "plot_number": null, "operation_status": {"name": "Operational"}, "number_of_beds": 0}, {"code": 18690, "location_desc": "It is off Mombasa road at Kiongwani on your left towards Mombasa from Nairobi", "official_name": "Maria Salus Infirmorum Dispensary", "owner": {"name": "Community"}, "keph_level": {"name": "Level 2"}, "ward": {"code": 418}, "number_of_cots": 0, "town": {"name": "kiongwani market"}, "name": "Maria Salus Infirmorum Dispensary", "created": "2012-09-18T15:40:19.973000+00:00", "regulatory_body": {"name": "Ministry of Health"}, "facility_type": {"name": "Dispensary"}, "plot_number": "48-kiongwani market", "operation_status": {"name": "Operational"}, "number_of_beds": 3}, {"code": 18691, "location_desc": "It is off Mombasa road at Kiongwani,left side from Nairobi to Mombasa", "official_name": "Mercy Mission Medical Dispensary", "owner": {"name": "Kenya Episcopal Conference-Catholic Secretariat"}, "keph_level": {"name": "Level 2"}, "ward": {"code": 418}, "number_of_cots": 0, "town": {"name": "kiongwani market"}, "name": "Mercy Mission Medical Dispensary", "created": "2012-09-18T16:13:30.630000+00:00", "regulatory_body": {"name": "Ministry of Health"}, "facility_type": {"name": "Dispensary"}, "plot_number": null, "operation_status": {"name": "Operational"}, "number_of_beds": 2}, {"code": 18695, "location_desc": null, "official_name": "Khaburu Chemit", "owner": {"name": "Private Practice - Unspecified"}, "keph_level": {"name": "Level 2"}, "ward": {"code": 277}, "number_of_cots": 0, "town": {"name": "meru town"}, "name": "Khaburu Chemist", "created": "2012-09-19T16:48:10.787000+00:00", "regulatory_body": {"name": "Kenya MPDB - Institution"}, "facility_type": {"name": "Not in List"}, "plot_number": "b 2674", "operation_status": {"name": "Operational"}, "number_of_beds": 0}, {"code": 18699, "location_desc": null, "official_name": "Thuura Health Care", "owner": {"name": "Private Practice - Unspecified"}, "keph_level": {"name": "Level 2"}, "ward": {"code": 277}, "number_of_cots": 0, "town": {"name": "meru town"}, "name": "Thuura Health Care", "created": "2012-09-20T09:24:16.740000+00:00", "regulatory_body": {"name": "Kenya MPDB - Private Practice"}, "facility_type": {"name": "Not in List"}, "plot_number": "bp/7/b", "operation_status": {"name": "Operational"}, "number_of_beds": 0}], "model": "facilities.Facility", "unique_fields": ["code"]}]