[{"records": [{"code": 19015, "location_desc": "It is in marich centre 1/2 km East from Sigor junction Road", "official_name": "Highway Medical Clinic (Pokot Central)", "owner": {"name": "Private Practice - Nurse / Midwife"}, "keph_level": {"name": "Level 2"}, "ward": {"code": 650}, "number_of_cots": 0, "town": {"name": "sigor"}, "name": "Highway Medical Clinic (Pokot Central)", "created": "2013-04-19T10:57:25.500000+00:00", "regulatory_body": {"name": "Clinical Officers Council"}, "facility_type": {"name": "Medical Clinic"}, "plot_number": null, "operation_status": {"name": "Operational"}, "number_of_beds": 0}, {"code": 19016, "location_desc": "Near Kibao Pry school", "official_name": "Blue Nile Medical Clinic", "owner": {"name": "Private Practice - Nurse / Midwife"}, "keph_level": {"name": "Level 2"}, "ward": {"code": 52}, "number_of_cots": 0, "town": {"name": "kilifi"}, "name": "Blue Nile Medical Clinic", "created": "2013-04-19T11:12:24.107000+00:00", "regulatory_body": {"name": "Nursing Council of Kenya (Private Practice)"}, "facility_type": {"name": "Medical Clinic"}, "plot_number": null, "operation_status": {"name": "Operational"}, "number_of_beds": 0}, {"code": 19017, "location_desc": "It is  in Lomut Centre100 metres off the main road Lomut- Chesegon road", "official_name": "Kamuskut Clinic", "owner": {"name": "Private Practice - Clinical Officer"}, "keph_level": {"name": "Level 2"}, "ward": {"code": 649}, "number_of_cots": 0, "town": {"name": "sigor"}, "name": "Kamuskut Clinic", "created": "2013-04-19T11:12:44.183000+00:00", "regulatory_body": {"name": "Clinical Officers Council"}, "facility_type": {"name": "Medical Clinic"}, "plot_number": "c3", "operation_status": {"name": "Operational"}, "number_of_beds": 0}, {"code": 19018, "location_desc": "It is in Sebit Centre 200 metres  North of the Kapenguria Lodwar Road", "official_name": "Kaplelach Clinic", "owner": {"name": "Private Practice - Nurse / Midwife"}, "keph_level": {"name": "Level 2"}, "ward": {"code": 658}, "number_of_cots": 0, "town": {"name": "ortum"}, "name": "Kaplelach Clinic", "created": "2013-04-19T11:23:02.040000+00:00", "regulatory_body": {"name": "Other"}, "facility_type": {"name": "Medical Clinic"}, "plot_number": null, "operation_status": {"name": "Operational"}, "number_of_beds": 0}, {"code": 19019, "location_desc": "Near Kibaoni Pry School", "official_name": "Mephi Medical Clinic", "owner": {"name": "Private Practice - Nurse / Midwife"}, "keph_level": {"name": "Level 2"}, "ward": {"code": 52}, "number_of_cots": 0, "town": {"name": "kibaoni"}, "name": "Mephi Medical Clinic", "created": "2013-04-19T11:33:15.997000+00:00", "regulatory_body": {"name": "Nursing Council of Kenya (Private Practice)"}, "facility_type": {"name": "Medical Clinic"}, "plot_number": null, "operation_status": {"name": "Operational"}, "number_of_beds": 0}, {"code": 19020, "location_desc": "Near Mtwapa health centre. Opposite chiefs office", "official_name": "Zahri Medical Clinic", "owner": {"name": "Private Practice - Clinical Officer"}, "keph_level": {"name": "Level 2"}, "ward": {"code": 60}, "number_of_cots": 0, "town": {"name": "mtwapa"}, "name": "Zahri Medical Clinic", "created": "2013-04-19T11:51:30.087000+00:00", "regulatory_body": {"name": "Clinical Officers Council"}, "facility_type": {"name": "Medical Clinic"}, "plot_number": null, "operation_status": {"name": "Operational"}, "number_of_beds": 0}, {"code": 19021, "location_desc": "It is situated in Mabroukie sublocation,Tigoni location and in Limuru district.It is along Limuru-Banana road,1KM off road in Karanjee area", "official_name": "St Trizah Medical Clinic", "owner": {"name": "Private Enterprise (Institution)"}, "keph_level": {"name": "Level 2"}, "ward": {"code": 605}, "number_of_cots": 0, "town": {"name": "limuru town"}, "name": "St Trizah Medical Clinic", "created": "2013-04-19T12:16:08.080000+00:00", "regulatory_body": {"name": "Kenya MPDB - Private Practice"}, "facility_type": {"name": "Medical Clinic"}, "plot_number": "tig/mab/1/1747", "operation_status": {"name": "Operational"}, "number_of_beds": 0}, {"code": 19023, "location_desc": "Near Post bank Mtwapa", "official_name": "Swiss Cottage Hospital", "owner": {"name": "Private Enterprise (Institution)"}, "keph_level": {"name": "Level 3"}, "ward": {"code": 60}, "number_of_cots": 0, "town": {"name": "mtwapa"}, "name": "Swiss Cottage Hospital", "created": "2013-04-19T12:35:34.027000+00:00", "regulatory_body": {"name": "Kenya MPDB - Private Practice"}, "facility_type": {"name": "Nursing Home"}, "plot_number": null, "operation_status": {"name": "Operational"}, "number_of_beds": 4}, {"code": 19024, "location_desc": "Near sub chiefs office", "official_name": "Dungicha Dispensary", "owner": {"name": "Ministry of Health"}, "keph_level": {"name": "Level 2"}, "ward": {"code": 71}, "number_of_cots": 0, "town": {"name": "dungicha"}, "name": "Dungicha Dispensary", "created": "2013-04-19T12:50:27.377000+00:00", "regulatory_body": {"name": "Ministry of Health"}, "facility_type": {"name": "Dispensary"}, "plot_number": null, "operation_status": {"name": "Operational"}, "number_of_beds": 0}, {"code": 19026, "location_desc": "Enterprise Corner", "official_name": "Salvage Medical Clinic", "owner": {"name": "Private Practice - General Practitioner"}, "keph_level": {"name": "Level 2"}, "ward": {"code": 917}, "number_of_cots": 0, "town": {"name": "namanga"}, "name": "Salvage Medical Clinic", "created": "2013-04-19T14:34:30.210000+00:00", "regulatory_body": {"name": "Ministry of Health"}, "facility_type": {"name": "Medical Clinic"}, "plot_number": null, "operation_status": {"name": "Not-Operational"}, "number_of_beds": 0}, {"code": 19029, "location_desc": "Opposite AP Camp Habaswein", "official_name": "Ndege Medical Clinic", "owner": {"name": "Private Practice - Clinical Officer"}, "keph_level": {"name": "Level 2"}, "ward": {"code": 187}, "number_of_cots": 0, "town": {"name": "habaswein trading centre"}, "name": "Ndege Medical Clinic", "created": "2013-04-19T15:14:09.260000+00:00", "regulatory_body": {"name": "Clinical Officers Council"}, "facility_type": {"name": "Medical Clinic"}, "plot_number": null, "operation_status": {"name": "Operational"}, "number_of_beds": 0}, {"code": 19030, "location_desc": "Along Wajir Garissa Road opposite Jamia Mosque and Habaswein Polytechnic", "official_name": "Miraj Medical Centre", "owner": {"name": "Private Practice - Clinical Officer"}, "keph_level": {"name": "Level 2"}, "ward": {"code": 178}, "number_of_cots": 0, "town": {"name": "habaswein trading centre"}, "name": "Miraj Medical Centre", "created": "2013-04-19T15:27:33.460000+00:00", "regulatory_body": {"name": "Clinical Officers Council"}, "facility_type": {"name": "Medical Clinic"}, "plot_number": null, "operation_status": {"name": "Operational"}, "number_of_beds": 0}, {"code": 19031, "location_desc": "Along Garissa Wajir Road at the Main Junction", "official_name": "Alhidaya Medical Clinic", "owner": {"name": "Private Practice - Clinical Officer"}, "keph_level": {"name": "Level 2"}, "ward": {"code": 178}, "number_of_cots": 0, "town": {"name": "habaswein trading centre"}, "name": "Alhidaya Medical Clinic", "created": "2013-04-19T17:03:02.360000+00:00", "regulatory_body": {"name": "Clinical Officers Council"}, "facility_type": {"name": "Medical Clinic"}, "plot_number": null, "operation_status": {"name": "Operational"}, "number_of_beds": 0}, {"code": 19032, "location_desc": null, "official_name": "Elele Dispensary", "owner": {"name": "Ministry of Health"}, "keph_level": {"name": "Level 2"}, "ward": {"code": 201}, "number_of_cots": 0, "town": {"name": "wargadud"}, "name": "Elele Dispensary", "created": "2013-04-19T17:28:33.807000+00:00", "regulatory_body": {"name": "Ministry of Health"}, "facility_type": {"name": "Dispensary"}, "plot_number": null, "operation_status": {"name": "Operational"}, "number_of_beds": 0}, {"code": 19033, "location_desc": null, "official_name": "St.James Medical Clinic Kibera", "owner": {"name": "Private Practice - Clinical Officer"}, "keph_level": {"name": "Level 2"}, "ward": {"code": 1383}, "number_of_cots": 0, "name": "St James Medical Clinic", "created": "2013-04-19T17:31:14.080000+00:00", "regulatory_body": {"name": "Clinical Officers Council"}, "facility_type": {"name": "Medical Clinic"}, "plot_number": null, "operation_status": {"name": "Operational"}, "number_of_beds": 0}, {"code": 19034, "location_desc": "Near Kibera D.Os Office", "official_name": "St.Angelas Community Health Organization", "owner": {"name": "Private Practice - Nurse / Midwife"}, "keph_level": {"name": "Level 2"}, "ward": {"code": 1388}, "number_of_cots": 0, "name": "St Angelas Clinic", "created": "2013-04-19T17:38:36.747000+00:00", "regulatory_body": {"name": "Nursing Council of Kenya (Private Practice)"}, "facility_type": {"name": "Medical Clinic"}, "plot_number": null, "operation_status": {"name": "Operational"}, "number_of_beds": 0}, {"code": 19035, "location_desc": "Near St.John School and Frepals Nursing Home", "official_name": "Christian Home Network Of Kenya Clinic", "owner": {"name": "Christian Health Association of Kenya"}, "keph_level": {"name": "Level 2"}, "ward": {"code": 1387}, "number_of_cots": 0, "town": {"name": "near st.john school"}, "name": "Chonesus Clinic", "created": "2013-04-19T17:51:39.573000+00:00", "regulatory_body": {"name": "Kenya MPDB - Institution"}, "facility_type": {"name": "Dispensary"}, "plot_number": "90", "operation_status": {"name": "Operational"}, "number_of_beds": 0}, {"code": 19036, "location_desc": null, "official_name": "Wema Medical Clinic B", "owner": {"name": "Private Practice - Nurse / Midwife"}, "keph_level": {"name": "Level 2"}, "ward": {"code": 1383}, "number_of_cots": 0, "name": "Wema Medical Clinic B", "created": "2013-04-19T18:16:54.990000+00:00", "regulatory_body": {"name": "Nursing Council of Kenya (Private Practice)"}, "facility_type": {"name": "Medical Clinic"}, "plot_number": null, "operation_status": {"name": "Operational"}, "number_of_beds": 0}, {"code": 19037, "location_desc": null, "official_name": "Medina Hospital", "owner": {"name": "Private Enterprise (Institution)"}, "keph_level": {"name": "Level 4"}, "ward": {"code": 134}, "number_of_cots": 10, "name": "Medina Hospital", "created": "2013-04-19T20:14:19.057000+00:00", "regulatory_body": {"name": "Kenya MPDB - Institution"}, "facility_type": {"name": "Other Hospital"}, "plot_number": null, "operation_status": {"name": "Operational"}, "number_of_beds": 30}, {"code": 19038, "location_desc": null, "official_name": "Mwananchi Clinic", "owner": {"name": "Private Practice - Clinical Officer"}, "keph_level": {"name": "Level 2"}, "ward": {"code": 134}, "number_of_cots": 0, "name": "Mwananchi Clinic", "created": "2013-04-19T20:18:01.920000+00:00", "regulatory_body": {"name": "Clinical Officers Council"}, "facility_type": {"name": "Medical Clinic"}, "plot_number": null, "operation_status": {"name": "Operational"}, "number_of_beds": 0}, {"code": 19039, "location_desc": null, "official_name": "Safa Medical Centre", "owner": {"name": "Private Practice - Nurse / Midwife"}, "keph_level": {"name": "Level 2"}, "ward": {"code": 134}, "number_of_cots": 0, "name": "Safa Medical Centre", "created": "2013-04-19T20:30:12.797000+00:00", "regulatory_body": {"name": "Nursing Council of Kenya (Private Practice)"}, "facility_type": {"name": "Medical Clinic"}, "plot_number": null, "operation_status": {"name": "Operational"}, "number_of_beds": 0}, {"code": 19040, "location_desc": "Mile Tisa Trading Centre", "official_name": "Alpha Medical Clinic", "owner": {"name": "Private Practice - General Practitioner"}, "keph_level": {"name": "Level 2"}, "ward": {"code": 920}, "number_of_cots": 0, "town": {"name": "mile tisa"}, "name": "Alpha Medical Clinic Mile Tisa", "created": "2013-04-19T20:32:42.870000+00:00", "regulatory_body": {"name": "Ministry of Health"}, "facility_type": {"name": "Medical Clinic"}, "plot_number": null, "operation_status": {"name": "Operational"}, "number_of_beds": 0}, {"code": 19041, "location_desc": null, "official_name": "Solution Medical Clinic", "owner": {"name": "Private Enterprise (Institution)"}, "keph_level": {"name": "Level 2"}, "ward": {"code": 133}, "number_of_cots": 0, "name": "Solution Medical Clinic", "created": "2013-04-19T20:34:01.740000+00:00", "regulatory_body": {"name": "Other"}, "facility_type": {"name": "Medical Clinic"}, "plot_number": null, "operation_status": {"name": "Operational"}, "number_of_beds": 0}, {"code": 19042, "location_desc": null, "official_name": "Tawakal Medical Clinic", "owner": {"name": "Private Practice - Clinical Officer"}, "keph_level": {"name": "Level 3"}, "ward": {"code": 134}, "number_of_cots": 1, "name": "Tawakal Medical Clinic", "created": "2013-04-19T20:39:44.570000+00:00", "regulatory_body": {"name": "Clinical Officers Council"}, "facility_type": {"name": "Medical Clinic"}, "plot_number": null, "operation_status": {"name": "Operational"}, "number_of_beds": 8}, {"code": 19043, "location_desc": null, "official_name": "Tawaheed Community Nursing Home", "owner": {"name": "Private Practice - Clinical Officer"}, "keph_level": {"name": "Level 3"}, "ward": {"code": 134}, "number_of_cots": 2, "name": "Tawaheed Community Nursing Home", "created": "2013-04-19T20:51:03.530000+00:00", "regulatory_body": {"name": "Clinical Officers Council"}, "facility_type": {"name": "Nursing Home"}, "plot_number": null, "operation_status": {"name": "Operational"}, "number_of_beds": 10}, {"code": 19044, "location_desc": null, "official_name": "Tawaheed Community Medical Clinic", "owner": {"name": "Private Practice - Clinical Officer"}, "keph_level": {"name": "Level 2"}, "ward": {"code": 131}, "number_of_cots": 0, "name": "Tawaheed Community Medical Clinic", "created": "2013-04-19T20:57:47.227000+00:00", "regulatory_body": {"name": "Clinical Officers Council"}, "facility_type": {"name": "Medical Clinic"}, "plot_number": null, "operation_status": {"name": "Operational"}, "number_of_beds": 0}, {"code": 19045, "location_desc": null, "official_name": "Towfiq Medical Clinic", "owner": {"name": "Private Practice - Clinical Officer"}, "keph_level": {"name": "Level 2"}, "ward": {"code": 132}, "number_of_cots": 0, "name": "Towfiq Medical Clinic", "created": "2013-04-19T21:02:42.863000+00:00", "regulatory_body": {"name": "Clinical Officers Council"}, "facility_type": {"name": "Medical Clinic"}, "plot_number": null, "operation_status": {"name": "Operational"}, "number_of_beds": 0}, {"code": 19046, "location_desc": "Enterance to Namanga Town from Nairobi.", "official_name": "Tulah Medical Services", "owner": {"name": "Private Practice - General Practitioner"}, "keph_level": {"name": "Level 2"}, "ward": {"code": 920}, "number_of_cots": 0, "town": {"name": "namanga"}, "name": "Tulah Medical Services", "created": "2013-04-19T21:06:25.930000+00:00", "regulatory_body": {"name": "Ministry of Health"}, "facility_type": {"name": "Medical Clinic"}, "plot_number": null, "operation_status": {"name": "Operational"}, "number_of_beds": 2}, {"code": 19047, "location_desc": null, "official_name": "Warsan Health Services", "owner": {"name": "Private Practice - Clinical Officer"}, "keph_level": {"name": "Level 2"}, "ward": {"code": 131}, "number_of_cots": 0, "name": "Warsan Health Services", "created": "2013-04-19T21:07:07.753000+00:00", "regulatory_body": {"name": "Clinical Officers Council"}, "facility_type": {"name": "Medical Clinic"}, "plot_number": null, "operation_status": {"name": "Operational"}, "number_of_beds": 0}, {"code": 19048, "location_desc": null, "official_name": "Women Initiative Health Services", "owner": {"name": "Private Practice - Clinical Officer"}, "keph_level": {"name": "Level 2"}, "ward": {"code": 134}, "number_of_cots": 0, "name": "Women Initiative Health Services", "created": "2013-04-19T21:11:51.693000+00:00", "regulatory_body": {"name": "Clinical Officers Council"}, "facility_type": {"name": "Medical Clinic"}, "plot_number": null, "operation_status": {"name": "Operational"}, "number_of_beds": 0}, {"code": 19050, "location_desc": "Near Mutamayo Chiefs Office", "official_name": "Mikeu PCEA Medical Centre", "owner": {"name": "Other Faith Based"}, "keph_level": {"name": "Level 2"}, "ward": {"code": 827}, "number_of_cots": 0, "town": {"name": "ndimu"}, "name": "Mikeu PCEA Medical Centre", "created": "2013-04-19T22:10:38.917000+00:00", "regulatory_body": {"name": "Kenya MPDB - Private Practice"}, "facility_type": {"name": "Dispensary"}, "plot_number": null, "operation_status": {"name": "Operational"}, "number_of_beds": 0}, {"code": 19053, "location_desc": "Njeri's Flat Embulbul Ngong Road", "official_name": "Beula's Clinic", "owner": {"name": "Private Practice - Nurse / Midwife"}, "keph_level": {"name": "Level 2"}, "ward": {"code": 914}, "number_of_cots": 0, "town": {"name": "embulbul"}, "name": "Beula's Clinic", "created": "2013-04-20T06:39:07.127000+00:00", "regulatory_body": {"name": "Nursing Council of Kenya (Private Practice)"}, "facility_type": {"name": "Medical Clinic"}, "plot_number": null, "operation_status": {"name": "Operational"}, "number_of_beds": 0}, {"code": 19054, "location_desc": "Gataka Road Ongata Rongai", "official_name": "Samaritan Soul Hospital", "owner": {"name": "Private Practice - Clinical Officer"}, "keph_level": {"name": "Level 2"}, "ward": {"code": 913}, "number_of_cots": 0, "town": {"name": "ongata rongai"}, "name": "Samaritan Soul Hospital", "created": "2013-04-20T06:52:31.183000+00:00", "regulatory_body": {"name": "Kenya MPDB - Institution"}, "facility_type": {"name": "Medical Clinic"}, "plot_number": null, "operation_status": {"name": "Operational"}, "number_of_beds": 0}, {"code": 19055, "location_desc": "Juanco Ngong Road", "official_name": "Melchizedek Hospital Ngong Clinic", "owner": {"name": "Private Enterprise (Institution)"}, "keph_level": {"name": "Level 2"}, "ward": {"code": 914}, "number_of_cots": 0, "town": {"name": "embulbul"}, "name": "Melchizedek Hospital Ngong Clinic", "created": "2013-04-20T07:10:54.850000+00:00", "regulatory_body": {"name": "Kenya MPDB - Institution"}, "facility_type": {"name": "Medical Clinic"}, "plot_number": null, "operation_status": {"name": "Operational"}, "number_of_beds": 0}, {"code": 19056, "location_desc": "Ngong Kiserian Road", "official_name": "Providence Health Clinic", "owner": {"name": "Private Enterprise (Institution)"}, "keph_level": {"name": "Level 2"}, "ward": {"code": 911}, "number_of_cots": 0, "town": {"name": "matasia"}, "name": "Providenve Health Clinic", "created": "2013-04-20T07:17:27.350000+00:00", "regulatory_body": {"name": "Kenya MPDB - Institution"}, "facility_type": {"name": "Medical Clinic"}, "plot_number": null, "operation_status": {"name": "Operational"}, "number_of_beds": 0}, {"code": 19057, "location_desc": "Kiserian Town Magadi Road", "official_name": "St. Anns Medical Clinic", "owner": {"name": "Private Practice - Nurse / Midwife"}, "keph_level": {"name": "Level 2"}, "ward": {"code": 911}, "number_of_cots": 0, "town": {"name": "kiserian"}, "name": "St Anns Medical Clinic", "created": "2013-04-20T07:32:05.443000+00:00", "regulatory_body": {"name": "Nursing Council of Kenya (Private Practice)"}, "facility_type": {"name": "Medical Clinic"}, "plot_number": null, "operation_status": {"name": "Operational"}, "number_of_beds": 4}, {"code": 19058, "location_desc": "Along Habaswein Abakore Road Behind DMOH's office Habaswein ", "official_name": "Frontier Medicare", "owner": {"name": "Private Practice - Nurse / Midwife"}, "keph_level": {"name": "Level 2"}, "ward": {"code": 187}, "number_of_cots": 0, "town": {"name": "habaswein trading centre"}, "name": "Frontier Medicare", "created": "2013-04-20T08:50:29.053000+00:00", "regulatory_body": {"name": "Kenya MPDB - Institution"}, "facility_type": {"name": "Medical Clinic"}, "plot_number": null, "operation_status": {"name": "Operational"}, "number_of_beds": 0}, {"code": 19059, "location_desc": "Praise House Ngong Raod", "official_name": "Miliki Afya", "owner": {"name": "Private Enterprise (Institution)"}, "keph_level": {"name": "Level 3"}, "ward": {"code": 915}, "number_of_cots": 0, "town": {"name": "ngong"}, "name": "Miliki Afya", "created": "2013-04-20T11:12:30.040000+00:00", "regulatory_body": {"name": "Kenya MPDB - Private Practice"}, "facility_type": {"name": "Medical Clinic"}, "plot_number": null, "operation_status": {"name": "Operational"}, "number_of_beds": 0}, {"code": 19060, "location_desc": "Ngong Town Oloolua Road", "official_name": "Ngong Medicare Clinic", "owner": {"name": "Private Practice - Clinical Officer"}, "keph_level": {"name": "Level 2"}, "ward": {"code": 915}, "number_of_cots": 0, "town": {"name": "ngong"}, "name": "Ngong Medicare Clinic", "created": "2013-04-20T11:19:03.910000+00:00", "regulatory_body": {"name": "Clinical Officers Council"}, "facility_type": {"name": "Medical Clinic"}, "plot_number": null, "operation_status": {"name": "Operational"}, "number_of_beds": 0}, {"code": 19061, "location_desc": null, "official_name": "Tawakal Medical Clinic", "owner": {"name": "Private Practice - Clinical Officer"}, "keph_level": {"name": "Level 2"}, "ward": {"code": 160}, "number_of_cots": 0, "town": {"name": "masalani town"}, "name": "Tawakal Medical Clinic and Laboratory Services", "created": "2013-04-20T12:04:18.127000+00:00", "regulatory_body": {"name": "Clinical Officers Council"}, "facility_type": {"name": "Medical Clinic"}, "plot_number": null, "operation_status": {"name": "Unknown"}, "number_of_beds": 0}, {"code": 19062, "location_desc": null, "official_name": "Dr Rajesh Gandhi Clinic", "owner": {"name": "Private Practice - General Practitioner"}, "keph_level": {"name": "Level 2"}, "ward": {"code": 276}, "number_of_cots": 0, "town": {"name": "meru"}, "name": "Dr Rajesh Gandhi Clinic", "created": "2013-04-20T15:40:04.637000+00:00", "regulatory_body": {"name": "Kenya MPDB - Private Practice"}, "facility_type": {"name": "Medical Clinic"}, "plot_number": null, "operation_status": {"name": "Operational"}, "number_of_beds": 0}, {"code": 19063, "location_desc": null, "official_name": "Meru X-Ray Services", "owner": {"name": "Private Practice - Unspecified"}, "keph_level": {"name": "Level 2"}, "ward": {"code": 276}, "number_of_cots": 0, "town": {"name": "meru"}, "name": "Meru X-Ray Services", "created": "2013-04-20T16:25:41.770000+00:00", "regulatory_body": {"name": "Kenya MPDB - Private Practice"}, "facility_type": {"name": "Radiology Unit"}, "plot_number": "bii/027", "operation_status": {"name": "Operational"}, "number_of_beds": 0}, {"code": 19064, "location_desc": "Magadi Road Ongat Rongai", "official_name": "Elim Dental Clinic", "owner": {"name": "Private Practice - Unspecified"}, "keph_level": {"name": "Level 2"}, "ward": {"code": 912}, "number_of_cots": 0, "town": {"name": "ongata rongai"}, "name": "Elim Dental Clinic", "created": "2013-04-20T17:09:50.640000+00:00", "regulatory_body": {"name": "Other"}, "facility_type": {"name": "Dental Clinic"}, "plot_number": null, "operation_status": {"name": "Operational"}, "number_of_beds": 0}, {"code": 19065, "location_desc": "Next to kingfisher stage and hotel", "official_name": "Nyali Children's Hospitak", "owner": {"name": "Private Practice - General Practitioner"}, "keph_level": {"name": "Level 3"}, "ward": {"code": 25}, "number_of_cots": 0, "town": {"name": "mombasa"}, "name": "Nyali Childrens Hospital", "created": "2013-04-20T20:29:12.380000+00:00", "regulatory_body": {"name": "Other"}, "facility_type": {"name": "Health Centre"}, "plot_number": null, "operation_status": {"name": "Operational"}, "number_of_beds": 4}, {"code": 19066, "location_desc": "From the main road,  just before Mikindani Medical Clinic turn right and move straight upto the end of the road", "official_name": "The Nyali Childrens Hospital (Mikindani)", "owner": {"name": "Private Practice - Medical Specialist"}, "keph_level": {"name": "Level 3"}, "ward": {"code": 8}, "number_of_cots": 2, "town": {"name": "mombasa"}, "name": "The Nyali Childrens Hospital (Mikindani)", "created": "2013-04-20T22:10:03.333000+00:00", "regulatory_body": {"name": "Kenya MPDB - Institution"}, "facility_type": {"name": "Other Hospital"}, "plot_number": null, "operation_status": {"name": "Operational"}, "number_of_beds": 8}, {"code": 19067, "location_desc": null, "official_name": "Word of Faith Church Dispensary", "owner": {"name": "Christian Health Association of Kenya"}, "keph_level": {"name": "Level 2"}, "ward": {"code": 6}, "number_of_cots": 0, "town": {"name": "mombasa"}, "name": "Word of Faith Church Dispensary", "created": "2013-04-20T22:19:44.840000+00:00", "regulatory_body": {"name": "Nursing Council of Kenya (Private Practice)"}, "facility_type": {"name": "Dispensary"}, "plot_number": null, "operation_status": {"name": "Operational"}, "number_of_beds": 0}, {"code": 19068, "location_desc": null, "official_name": "Dalsan Medical Clinic", "owner": {"name": "Private Practice - Clinical Officer"}, "keph_level": {"name": "Level 2"}, "ward": {"code": 695}, "number_of_cots": 0, "name": "Dalsan Medical Clinic", "created": "2013-04-20T22:30:09.840000+00:00", "regulatory_body": {"name": "Kenya MPDB - Private Practice"}, "facility_type": {"name": "Medical Clinic"}, "plot_number": null, "operation_status": {"name": "Operational"}, "number_of_beds": 0}, {"code": 19069, "location_desc": "close to Mikindani Medical Clinic", "official_name": "Tudor Healthcare Services (Mikindani", "owner": {"name": "Private Practice - Clinical Officer"}, "keph_level": {"name": "Level 2"}, "ward": {"code": 8}, "number_of_cots": 0, "town": {"name": "mombasa"}, "name": "Tudor Healthcare Services (Mikindani)", "created": "2013-04-20T22:34:11.690000+00:00", "regulatory_body": {"name": "Kenya MPDB - Institution"}, "facility_type": {"name": "Medical Clinic"}, "plot_number": null, "operation_status": {"name": "Operational"}, "number_of_beds": 0}, {"code": 19071, "location_desc": "Next to main stage", "official_name": "Clinix (Meru)", "owner": {"name": "Company Medical Service"}, "keph_level": {"name": "Level 2"}, "ward": {"code": 277}, "number_of_cots": 0, "town": {"name": "meru"}, "name": "Clinix Health Care Limited (Meru)", "created": "2013-04-21T08:52:46.400000+00:00", "regulatory_body": {"name": "Kenya MPDB - Institution"}, "facility_type": {"name": "Medical Clinic"}, "plot_number": null, "operation_status": {"name": "Operational"}, "number_of_beds": 0}, {"code": 19074, "location_desc": null, "official_name": "District Public Health Office (Meru)", "owner": {"name": "Ministry of Health"}, "keph_level": {"name": "Level 2"}, "ward": {"code": 276}, "number_of_cots": 0, "town": {"name": "meru"}, "name": "District Public Health Office (Meru)", "created": "2013-04-21T09:27:49.253000+00:00", "regulatory_body": {"name": "Ministry of Health"}, "facility_type": {"name": "District Health Office"}, "plot_number": "lr156t", "operation_status": {"name": "Operational"}, "number_of_beds": 0}, {"code": 19075, "location_desc": null, "official_name": "Amani Medical Clinic (Meru)", "owner": {"name": "Private Practice - Nurse / Midwife"}, "keph_level": {"name": "Level 2"}, "ward": {"code": 277}, "number_of_cots": 0, "town": {"name": "gakoromone market"}, "name": "Amani Medical Clinic (Meru)", "created": "2013-04-21T09:47:17.850000+00:00", "regulatory_body": {"name": "Kenya MPDB - Private Practice"}, "facility_type": {"name": "Medical Clinic"}, "plot_number": "t634", "operation_status": {"name": "Operational"}, "number_of_beds": 0}, {"code": 19076, "location_desc": "In Kawongo trading centre", "official_name": "Kawongo Medical Centre", "owner": {"name": "Private Enterprise (Institution)"}, "keph_level": {"name": "Level 2"}, "ward": {"code": 352}, "number_of_cots": 0, "town": {"name": "kawongo"}, "name": "Kawongo Medical Centre", "created": "2013-04-21T10:09:21.450000+00:00", "regulatory_body": {"name": "Kenya MPDB - Institution"}, "facility_type": {"name": "Medical Clinic"}, "plot_number": "isolated", "operation_status": {"name": "Operational"}, "number_of_beds": 0}, {"code": 19077, "location_desc": "Opposite Shelly Academy", "official_name": "New Age VCT", "owner": {"name": "Private Enterprise (Institution)"}, "keph_level": {"name": "Level 2"}, "ward": {"code": 25}, "number_of_cots": 0, "town": {"name": "mombasa"}, "name": "New Age VCT", "created": "2013-04-21T10:11:21.180000+00:00", "regulatory_body": {"name": "Nursing Council of Kenya (Private Practice)"}, "facility_type": {"name": "VCT Centre (Stand-Alone)"}, "plot_number": null, "operation_status": {"name": "Operational"}, "number_of_beds": 0}, {"code": 19078, "location_desc": "Magadi Road Ongata Rongai", "official_name": "Faith Health Clinic", "owner": {"name": "Private Practice - Nurse / Midwife"}, "keph_level": {"name": "Level 2"}, "ward": {"code": 912}, "number_of_cots": 0, "town": {"name": "ongata rongai"}, "name": "Faith Health Clinic", "created": "2013-04-21T11:48:42.880000+00:00", "regulatory_body": {"name": "Nursing Council of Kenya (Private Practice)"}, "facility_type": {"name": "Medical Clinic"}, "plot_number": null, "operation_status": {"name": "Operational"}, "number_of_beds": 0}, {"code": 19079, "location_desc": "Magadi Road Ongata Rongai", "official_name": "Garlands  Medical Center", "owner": {"name": "Private Practice - General Practitioner"}, "keph_level": {"name": "Level 2"}, "ward": {"code": 913}, "number_of_cots": 0, "town": {"name": "ongata rongai"}, "name": "Garlands Medical Centree", "created": "2013-04-21T12:43:18.633000+00:00", "regulatory_body": {"name": "Kenya MPDB - Institution"}, "facility_type": {"name": "Medical Clinic"}, "plot_number": null, "operation_status": {"name": "Operational"}, "number_of_beds": 0}, {"code": 19080, "location_desc": "Magadi Road Kiserian Town ", "official_name": "Oltukai Medical Clinic", "owner": {"name": "Private Practice - Nurse / Midwife"}, "keph_level": {"name": "Level 2"}, "ward": {"code": 911}, "number_of_cots": 0, "town": {"name": "kiserian"}, "name": "Oltukai Medical Clinic", "created": "2013-04-21T12:55:04.190000+00:00", "regulatory_body": {"name": "Kenya MPDB - Private Practice"}, "facility_type": {"name": "Medical Clinic"}, "plot_number": null, "operation_status": {"name": "Operational"}, "number_of_beds": 0}, {"code": 19081, "location_desc": "Magadi Road Kiserian Town", "official_name": "Maa Out Patient Center", "owner": {"name": "Private Practice - Nurse / Midwife"}, "keph_level": {"name": "Level 2"}, "ward": {"code": 911}, "number_of_cots": 0, "town": {"name": "kiserian"}, "name": "Maa Out Patient Centre", "created": "2013-04-21T13:24:54.280000+00:00", "regulatory_body": {"name": "Kenya MPDB - Private Practice"}, "facility_type": {"name": "Medical Clinic"}, "plot_number": null, "operation_status": {"name": "Operational"}, "number_of_beds": 0}, {"code": 19082, "location_desc": "Gataka Road Ongata Rongai", "official_name": "Afya Yetu Medical Center", "owner": {"name": "Private Practice - General Practitioner"}, "keph_level": {"name": "Level 2"}, "ward": {"code": 913}, "number_of_cots": 0, "town": {"name": "ongata rongai"}, "name": "Afya Yetu Medical Centre", "created": "2013-04-21T13:31:23.607000+00:00", "regulatory_body": {"name": "Nursing Council of Kenya (Private Practice)"}, "facility_type": {"name": "Medical Clinic"}, "plot_number": null, "operation_status": {"name": "Operational"}, "number_of_beds": 0}, {"code": 19083, "location_desc": "Magadi Road next to Uchumi Supermarket", "official_name": "Avenue Health Care Ongata Rongai", "owner": {"name": "Private Practice - General Practitioner"}, "keph_level": {"name": "Level 2"}, "ward": {"code": 912}, "number_of_cots": 0, "town": {"name": "ongata rongai"}, "name": "Avenue Health Care Ongata Rongai", "created": "2013-04-21T13:48:15.927000+00:00", "regulatory_body": {"name": "Kenya MPDB - Private Practice"}, "facility_type": {"name": "Medical Clinic"}, "plot_number": null, "operation_status": {"name": "Operational"}, "number_of_beds": 0}, {"code": 19084, "location_desc": "Magadi Road Nkoroi", "official_name": "Kemu Medical Clinic", "owner": {"name": "Private Practice - Clinical Officer"}, "keph_level": {"name": "Level 2"}, "ward": {"code": 912}, "number_of_cots": 0, "town": {"name": "ongata rongai"}, "name": "Kemu Medical Clinic", "created": "2013-04-21T13:55:20.463000+00:00", "regulatory_body": {"name": "Clinical Officers Council"}, "facility_type": {"name": "Medical Clinic"}, "plot_number": null, "operation_status": {"name": "Operational"}, "number_of_beds": 0}, {"code": 19085, "location_desc": "along Wundanyi Mbale route", "official_name": "Sere Clinic", "owner": {"name": "Private Practice - Nurse / Midwife"}, "keph_level": {"name": "Level 2"}, "ward": {"code": 116}, "number_of_cots": 0, "town": {"name": "wundanyi"}, "name": "Sere Clinic", "created": "2013-04-21T14:30:42.177000+00:00", "regulatory_body": {"name": "Nursing Council of Kenya (Private Practice)"}, "facility_type": {"name": "Medical Clinic"}, "plot_number": "0000", "operation_status": {"name": "Operational"}, "number_of_beds": 0}, {"code": 19086, "location_desc": "Near Wumingu Primary School", "official_name": "Vigombonyi SDA Clinic", "owner": {"name": "Christian Health Association of Kenya"}, "keph_level": {"name": "Level 2"}, "ward": {"code": 118}, "number_of_cots": 0, "town": {"name": "werugha"}, "name": "Vigombonyi SDA Clinic", "created": "2013-04-21T14:39:12.953000+00:00", "regulatory_body": {"name": "Nursing Council of Kenya (Private Practice)"}, "facility_type": {"name": "Medical Clinic"}, "plot_number": "0000", "operation_status": {"name": "Pending Opening"}, "number_of_beds": 0}, {"code": 19087, "location_desc": "Opposite Chelanga Park", "official_name": "Lilyon Clinical Services", "owner": {"name": "Private Practice - Clinical Officer"}, "keph_level": {"name": "Level 2"}, "ward": {"code": 642}, "number_of_cots": 0, "town": {"name": "makutano"}, "name": "Lilyon Clinical Services", "created": "2013-04-21T14:57:09.510000+00:00", "regulatory_body": {"name": "Clinical Officers Council"}, "facility_type": {"name": "Medical Clinic"}, "plot_number": null, "operation_status": {"name": "Operational"}, "number_of_beds": 0}, {"code": 19088, "location_desc": "Kapenguria-Makutano RD", "official_name": "Bahati Medical Clinic (West Pokot)", "owner": {"name": "Private Practice - Clinical Officer"}, "keph_level": {"name": "Level 2"}, "ward": {"code": 642}, "number_of_cots": 0, "town": {"name": "makutano"}, "name": "Bahati Medical Clinic (West Pokot)", "created": "2013-04-21T15:15:05.337000+00:00", "regulatory_body": {"name": "Clinical Officers Council"}, "facility_type": {"name": "Medical Clinic"}, "plot_number": null, "operation_status": {"name": "Operational"}, "number_of_beds": 0}, {"code": 19089, "location_desc": "Opposite Voi town loge", "official_name": "VOI Dental Clinix", "owner": {"name": "Private Practice - General Practitioner"}, "keph_level": {"name": "Level 2"}, "ward": {"code": 127}, "number_of_cots": 0, "town": {"name": "voi town"}, "name": "Voi Dental", "created": "2013-04-21T15:16:24.193000+00:00", "regulatory_body": {"name": "Pharmacy & Poisons Board"}, "facility_type": {"name": "Medical Clinic"}, "plot_number": "0000", "operation_status": {"name": "Operational"}, "number_of_beds": 0}, {"code": 19090, "location_desc": "opposite KCB  Voi branch", "official_name": "VOI Medical  Clinix", "owner": {"name": "Private Practice - General Practitioner"}, "keph_level": {"name": "Level 2"}, "ward": {"code": 127}, "number_of_cots": 0, "town": {"name": "voi town"}, "name": "Voi Medical Clinix", "created": "2013-04-21T15:23:46.673000+00:00", "regulatory_body": {"name": "Pharmacy & Poisons Board"}, "facility_type": {"name": "Medical Clinic"}, "plot_number": "0000", "operation_status": {"name": "Operational"}, "number_of_beds": 0}, {"code": 19091, "location_desc": "Magadi Road Ongata Rongai", "official_name": "Ongata Rongai X-Ray Services", "owner": {"name": "Private Practice - Unspecified"}, "keph_level": {"name": "Level 2"}, "ward": {"code": 912}, "number_of_cots": 0, "town": {"name": "ongata rongai"}, "name": "Ongata Rongai X-Ray Services", "created": "2013-04-21T15:27:14.153000+00:00", "regulatory_body": {"name": "Other"}, "facility_type": {"name": "Radiology Unit"}, "plot_number": null, "operation_status": {"name": "Operational"}, "number_of_beds": 0}, {"code": 19092, "location_desc": null, "official_name": "Tumaini Clinic VOI", "owner": {"name": "Ministry of Health"}, "keph_level": {"name": "Level 2"}, "ward": {"code": 127}, "number_of_cots": 0, "town": {"name": "voi town"}, "name": "Tumaini Clinic Voi", "created": "2013-04-21T15:30:58.670000+00:00", "regulatory_body": {"name": "Clinical Officers Council"}, "facility_type": {"name": "Medical Clinic"}, "plot_number": "000", "operation_status": {"name": "Operational"}, "number_of_beds": 0}, {"code": 19093, "location_desc": "Magadi Road Ongata Rongai", "official_name": "Kenyatta National Hospital Ongata Rongai", "owner": {"name": "Ministry of Health"}, "keph_level": {"name": "Level 4"}, "ward": {"code": 911}, "number_of_cots": 0, "town": {"name": "ongata rongai"}, "name": "Kenyatta National Hospital Ongata Rongai", "created": "2013-04-21T15:52:45.827000+00:00", "regulatory_body": {"name": "Ministry of Health"}, "facility_type": {"name": "Other Hospital"}, "plot_number": null, "operation_status": {"name": "Operational"}, "number_of_beds": 0}, {"code": 19094, "location_desc": "Magadi Road Ongata Rongai", "official_name": "Ongata Comprehensive Medical Center", "owner": {"name": "Private Practice - Nurse / Midwife"}, "keph_level": {"name": "Level 2"}, "ward": {"code": 912}, "number_of_cots": 0, "town": {"name": "ongata rongai"}, "name": "Ongata Comprehensive Medical Centre", "created": "2013-04-21T16:00:31.877000+00:00", "regulatory_body": {"name": "Kenya MPDB - Institution"}, "facility_type": {"name": "Medical Clinic"}, "plot_number": null, "operation_status": {"name": "Operational"}, "number_of_beds": 0}, {"code": 19095, "location_desc": "Lipha House", "official_name": "Dr Ndanya Medical Clinic", "owner": {"name": "Private Enterprise (Institution)"}, "keph_level": {"name": "Level 2"}, "ward": {"code": 820}, "number_of_cots": 0, "town": {"name": "within nanyuki town"}, "name": "Dr Ndanya Medical Clinic", "created": "2013-04-21T16:03:28.797000+00:00", "regulatory_body": {"name": "Ministry of Health"}, "facility_type": {"name": "Medical Clinic"}, "plot_number": null, "operation_status": {"name": "Operational"}, "number_of_beds": 0}, {"code": 19096, "location_desc": "Ongata Rongai Town", "official_name": "St. Annes Medical Clinic Ongata Rongai", "owner": {"name": "Private Enterprise (Institution)"}, "keph_level": {"name": "Level 2"}, "ward": {"code": 911}, "number_of_cots": 0, "town": {"name": "ongata rongai"}, "name": "St Annes Medical Clinic Ongata Rongai", "created": "2013-04-21T16:08:32.030000+00:00", "regulatory_body": {"name": "Nursing Council of Kenya (Private Practice)"}, "facility_type": {"name": "Medical Clinic"}, "plot_number": null, "operation_status": {"name": "Operational"}, "number_of_beds": 0}, {"code": 19097, "location_desc": "4 KM off Doldol RD", "official_name": "KHE Farm Dispensary", "owner": {"name": "Private Enterprise (Institution)"}, "keph_level": {"name": "Level 2"}, "ward": {"code": 823}, "number_of_cots": 0, "town": {"name": "naibor"}, "name": "KHE Farm Dispensary", "created": "2013-04-21T16:21:26.243000+00:00", "regulatory_body": {"name": "Ministry of Health"}, "facility_type": {"name": "Dispensary"}, "plot_number": null, "operation_status": {"name": "Operational"}, "number_of_beds": 0}, {"code": 19098, "location_desc": null, "official_name": "Qarsadamu Dispensary", "owner": {"name": "Ministry of Health"}, "keph_level": {"name": "Level 2"}, "ward": {"code": 207}, "number_of_cots": 0, "town": {"name": "elwak"}, "name": "Qarsadamu Dispensary", "created": "2013-04-21T17:11:30.140000+00:00", "regulatory_body": {"name": "Ministry of Health"}, "facility_type": {"name": "Dispensary"}, "plot_number": "0", "operation_status": {"name": "Operational"}, "number_of_beds": 0}, {"code": 19099, "location_desc": "Karen shopping centre opposite the Post Office", "official_name": "Medical And Dental Clinic", "owner": {"name": "Private Practice - Medical Specialist"}, "keph_level": {"name": "Level 2"}, "ward": {"code": 1381}, "number_of_cots": 0, "town": {"name": "karen sopping centre"}, "name": "Medical and Dental Clinic", "created": "2013-04-21T19:51:45.027000+00:00", "regulatory_body": {"name": "Kenya MPDB - Private Practice"}, "facility_type": {"name": "Medical Clinic"}, "plot_number": null, "operation_status": {"name": "Operational"}, "number_of_beds": 0}, {"code": 19100, "location_desc": "Towards Catholic University off Langata Road.", "official_name": "Karengata Community Medical Centre", "owner": {"name": "Private Practice - Clinical Officer"}, "keph_level": {"name": "Level 2"}, "ward": {"code": 1381}, "number_of_cots": 0, "name": "Karengata Community Medical Centre", "created": "2013-04-21T20:04:29.303000+00:00", "regulatory_body": {"name": "Kenya MPDB - Private Practice"}, "facility_type": {"name": "Medical Clinic"}, "plot_number": null, "operation_status": {"name": "Operational"}, "number_of_beds": 0}, {"code": 19101, "location_desc": "At The Galeria Shopping Mall Off Langata Road.", "official_name": "The Nairobi Hospital Out-patient Centre Galeria", "owner": {"name": "Private Enterprise (Institution)"}, "keph_level": {"name": "Level 2"}, "ward": {"code": 1383}, "number_of_cots": 0, "name": "The Nairobi Hospital Out-Patient Centre Galeria", "created": "2013-04-21T20:16:20.713000+00:00", "regulatory_body": {"name": "Kenya MPDB - Institution"}, "facility_type": {"name": "Medical Clinic"}, "plot_number": null, "operation_status": {"name": "Operational"}, "number_of_beds": 0}, {"code": 19102, "location_desc": "Situated at Murerwa Building", "official_name": "Meru Gynecologist Center", "owner": {"name": "Private Practice - Medical Specialist"}, "keph_level": {"name": "Level 2"}, "ward": {"code": 276}, "number_of_cots": 0, "town": {"name": "meru"}, "name": "Meru Gynecologist Centre", "created": "2013-04-21T21:09:46.957000+00:00", "regulatory_body": {"name": "Kenya MPDB - Private Practice"}, "facility_type": {"name": "Medical Clinic"}, "plot_number": "bii/168", "operation_status": {"name": "Operational"}, "number_of_beds": 0}, {"code": 19103, "location_desc": null, "official_name": "Minoptic Eye Clinic", "owner": {"name": "Private Practice - Clinical Officer"}, "keph_level": {"name": "Level 2"}, "ward": {"code": 276}, "number_of_cots": 0, "town": {"name": "meru"}, "name": "Minoptic Eye Clinic", "created": "2013-04-21T21:20:24.263000+00:00", "regulatory_body": {"name": "Clinical Officers Council"}, "facility_type": {"name": "Medical Clinic"}, "plot_number": "bii/117", "operation_status": {"name": "Operational"}, "number_of_beds": 0}, {"code": 19105, "location_desc": "Located at Hart Building", "official_name": "Dental Clinic Dr. Mwiti JM", "owner": {"name": "Private Practice - General Practitioner"}, "keph_level": {"name": "Level 2"}, "ward": {"code": 276}, "number_of_cots": 0, "town": {"name": "meru"}, "name": "Dental Clinic Dr Mwiti Jm", "created": "2013-04-21T22:06:32.177000+00:00", "regulatory_body": {"name": "Kenya MPDB - Private Practice"}, "facility_type": {"name": "Medical Clinic"}, "plot_number": null, "operation_status": {"name": "Operational"}, "number_of_beds": 0}, {"code": 19106, "location_desc": null, "official_name": "Royal Medical Clinic (Meru)", "owner": {"name": "Private Practice - Nurse / Midwife"}, "keph_level": {"name": "Level 2"}, "ward": {"code": 276}, "number_of_cots": 0, "town": {"name": "meru"}, "name": "Royal Medical Clinic (Meru)", "created": "2013-04-21T22:13:23.050000+00:00", "regulatory_body": {"name": "Nursing Council of Kenya (Private Practice)"}, "facility_type": {"name": "Medical Clinic"}, "plot_number": null, "operation_status": {"name": "Operational"}, "number_of_beds": 0}, {"code": 19107, "location_desc": "Located outside Mutomo town.", "official_name": "Makongoni Dispensary", "owner": {"name": "Ministry of Health"}, "keph_level": {"name": "Level 2"}, "ward": {"code": 366}, "number_of_cots": 0, "town": {"name": "mutomo"}, "name": "Makongoni Dispensary", "created": "2013-04-21T23:24:52.680000+00:00", "regulatory_body": {"name": "Ministry of Health"}, "facility_type": {"name": "Dispensary"}, "plot_number": "na", "operation_status": {"name": "Pending Opening"}, "number_of_beds": 0}, {"code": 19108, "location_desc": null, "official_name": "Imbirikani Dispensary", "owner": {"name": "Ministry of Health"}, "keph_level": {"name": "Level 2"}, "ward": {"code": 932}, "number_of_cots": 0, "town": {"name": "imbirikani market"}, "name": "Imbirikani Dispensary", "created": "2013-04-22T08:34:10.113000+00:00", "regulatory_body": {"name": "Ministry of Health"}, "facility_type": {"name": "Dispensary"}, "plot_number": null, "operation_status": {"name": "Pending Opening"}, "number_of_beds": 1}, {"code": 19110, "location_desc": "Community relies more on Farming", "official_name": "Kiatineni Dispensary", "owner": {"name": "Ministry of Health"}, "keph_level": {"name": "Level 2"}, "ward": {"code": 395}, "number_of_cots": 1, "town": {"name": "kiatineni"}, "name": "Kiatineni Dispensary", "created": "2013-04-22T10:11:53.133000+00:00", "regulatory_body": {"name": "Ministry of Health"}, "facility_type": {"name": "Dispensary"}, "plot_number": "n/a", "operation_status": {"name": "Operational"}, "number_of_beds": 0}, {"code": 19111, "location_desc": "Located along Meru Maua Road opposite Samrat", "official_name": "Precious Life Health Services", "owner": {"name": "Private Practice - General Practitioner"}, "keph_level": {"name": "Level 2"}, "ward": {"code": 251}, "number_of_cots": 0, "town": {"name": "maua town"}, "name": "Precious Life Health Services", "created": "2013-04-22T10:12:01.633000+00:00", "regulatory_body": {"name": "Kenya MPDB - Institution"}, "facility_type": {"name": "Medical Clinic"}, "plot_number": null, "operation_status": {"name": "Operational"}, "number_of_beds": 0}, {"code": 19112, "location_desc": null, "official_name": "Heshima Medical Clinic-Masinga", "owner": {"name": "Private Practice - Nurse / Midwife"}, "keph_level": {"name": "Level 2"}, "ward": {"code": 411}, "number_of_cots": 2, "town": {"name": "masinga"}, "name": "Heshima Medical Clinic-Masinga", "created": "2013-04-22T10:21:11.347000+00:00", "regulatory_body": {"name": "Kenya MPDB - Private Practice"}, "facility_type": {"name": "Medical Clinic"}, "plot_number": "n/a", "operation_status": {"name": "Operational"}, "number_of_beds": 0}, {"code": 19113, "location_desc": "Opposite Coca Cola Depot", "official_name": "Meru Funeral Home", "owner": {"name": "Private Practice - Medical Specialist"}, "keph_level": {"name": "Level 2"}, "ward": {"code": 278}, "number_of_cots": 0, "town": {"name": "meru town"}, "name": "Meru Funeral Home", "created": "2013-04-22T10:23:57.630000+00:00", "regulatory_body": {"name": "Kenya MPDB - Private Practice"}, "facility_type": {"name": "Funeral Home (Stand-alone)"}, "plot_number": "b1y148", "operation_status": {"name": "Operational"}, "number_of_beds": 0}], "model": "facilities.Facility", "unique_fields": ["code"]}]