[{"records": [{"code": 19326, "location_desc": "Along Kapsabet- Kobujoi road 10 km South of Kaptumo market", "official_name": "Ndurio-Sarma Dispensary", "owner": {"name": "Ministry of Health"}, "keph_level": {"name": "Level 2"}, "ward": {"code": 760}, "number_of_cots": 0, "town": {"name": "kaptumo market"}, "name": "Nduri-Sarma Dispensary", "created": "2013-04-30T07:04:17.770000+00:00", "regulatory_body": {"name": "Ministry of Health"}, "facility_type": {"name": "Dispensary"}, "plot_number": null, "operation_status": {"name": "Pending Opening"}, "number_of_beds": 0}, {"code": 19327, "location_desc": null, "official_name": "Imarba Dispensary", "owner": {"name": "Kenya Episcopal Conference-Catholic Secretariat"}, "keph_level": {"name": "Level 2"}, "ward": {"code": 919}, "number_of_cots": 0, "name": "Imarba Dispensary", "created": "2013-04-30T08:36:05.363000+00:00", "regulatory_body": {"name": "Ministry of Health"}, "facility_type": {"name": "Dispensary"}, "plot_number": null, "operation_status": {"name": "Operational"}, "number_of_beds": 0}, {"code": 19329, "location_desc": null, "official_name": "Elatiai Health Care Services Medical Clinic", "owner": {"name": "Private Practice - General Practitioner"}, "keph_level": {"name": "Level 2"}, "ward": {"code": 919}, "number_of_cots": 0, "town": {"name": "bisil town"}, "name": "Elatiai Health Ccare Services Medical Clinic", "created": "2013-04-30T08:53:51.983000+00:00", "regulatory_body": {"name": "Ministry of Health"}, "facility_type": {"name": "Medical Clinic"}, "plot_number": null, "operation_status": {"name": "Operational"}, "number_of_beds": 0}, {"code": 19331, "location_desc": null, "official_name": "SOIN Health Care", "owner": {"name": "Private Practice - General Practitioner"}, "keph_level": {"name": "Level 2"}, "ward": {"code": 1439}, "number_of_cots": 0, "town": {"name": "city market"}, "name": "Soin Health Care - Mfangano Street)", "created": "2013-04-30T09:13:52.940000+00:00", "regulatory_body": {"name": "Kenya MPDB - Private Practice"}, "facility_type": {"name": "Medical Clinic"}, "plot_number": null, "operation_status": {"name": "Operational"}, "number_of_beds": 0}, {"code": 19332, "location_desc": "Thika road off kamiti road Near kahawa west market bima road", "official_name": "St michael community nursing Home", "owner": {"name": "Private Practice - General Practitioner"}, "keph_level": {"name": "Level 2"}, "ward": {"code": 1395}, "number_of_cots": 2, "town": {"name": "near kahawa west market"}, "name": "St Michael Community Nursing Home", "created": "2013-04-30T10:01:58.083000+00:00", "regulatory_body": {"name": "Kenya MPDB - Private Practice"}, "facility_type": {"name": "Medical Clinic"}, "plot_number": null, "operation_status": {"name": "Operational"}, "number_of_beds": 6}, {"code": 19333, "location_desc": "Thika road off kamiti road success stage", "official_name": "Index medical services", "owner": {"name": "Private Practice - General Practitioner"}, "keph_level": {"name": "Level 2"}, "ward": {"code": 1393}, "number_of_cots": 0, "town": {"name": "success stage"}, "name": "Index Medical Services", "created": "2013-04-30T10:09:13.090000+00:00", "regulatory_body": {"name": "Kenya MPDB - Private Practice"}, "facility_type": {"name": "Medical Clinic"}, "plot_number": null, "operation_status": {"name": "Operational"}, "number_of_beds": 0}, {"code": 19334, "location_desc": "Located along Naivasha Kenyatta Avenue opposite Naivasha boys High school", "official_name": "Light Hospital", "owner": {"name": "Private Practice - General Practitioner"}, "keph_level": {"name": "Level 4"}, "ward": {"code": 838}, "number_of_cots": 0, "town": {"name": "naivasha town"}, "name": "Light Hospital", "created": "2013-04-30T11:25:53.043000+00:00", "regulatory_body": {"name": "Kenya MPDB - Private Practice"}, "facility_type": {"name": "Other Hospital"}, "plot_number": null, "operation_status": {"name": "Operational"}, "number_of_beds": 10}, {"code": 19335, "location_desc": "Situated at Eagle centre Buillding along Maria Kaniu Road Naivasha", "official_name": "Aga Khan University Hospital Clinic(Naivasha)", "owner": {"name": "Private Enterprise (Institution)"}, "keph_level": {"name": "Level 2"}, "ward": {"code": 838}, "number_of_cots": 0, "name": "Aga Khan University Hospital Clinic (Naivasha)", "created": "2013-04-30T12:09:59.213000+00:00", "regulatory_body": {"name": "Kenya MPDB - Institution"}, "facility_type": {"name": "Medical Clinic"}, "plot_number": null, "operation_status": {"name": "Operational"}, "number_of_beds": 0}, {"code": 19336, "location_desc": "Along Moi South lake road near DCK", "official_name": "Ndonyo Medical Clinic( Naivasha)", "owner": {"name": "Private Practice - General Practitioner"}, "keph_level": {"name": "Level 2"}, "ward": {"code": 838}, "number_of_cots": 0, "town": {"name": "naivasha town"}, "name": "Ndonyo Medical Clinic (Naivasha Kwa Muya)", "created": "2013-04-30T12:35:08.203000+00:00", "regulatory_body": {"name": "Kenya MPDB - Private Practice"}, "facility_type": {"name": "Medical Clinic"}, "plot_number": null, "operation_status": {"name": "Operational"}, "number_of_beds": 0}, {"code": 19337, "location_desc": null, "official_name": "PCEA Karero Dispensary", "owner": {"name": "Christian Health Association of Kenya"}, "keph_level": {"name": "Level 2"}, "ward": {"code": 920}, "number_of_cots": 0, "town": {"name": "namanga"}, "name": "PCEA Karero Dispensary", "created": "2013-04-30T13:24:07.097000+00:00", "regulatory_body": {"name": "Ministry of Health"}, "facility_type": {"name": "Dispensary"}, "plot_number": null, "operation_status": {"name": "Operational"}, "number_of_beds": 0}, {"code": 19338, "location_desc": null, "official_name": "Nasaruni Medical Clinic", "owner": {"name": "Private Practice - General Practitioner"}, "keph_level": {"name": "Level 2"}, "ward": {"code": 919}, "number_of_cots": 0, "name": "Nasaruni Medical Clinic", "created": "2013-04-30T13:55:59.800000+00:00", "regulatory_body": {"name": "Ministry of Health"}, "facility_type": {"name": "Dispensary"}, "plot_number": null, "operation_status": {"name": "Operational"}, "number_of_beds": 0}, {"code": 19339, "location_desc": "Chavakali/Kapsabet road, Mudete Market", "official_name": "Chamamo Medical Clinic", "owner": {"name": "Private Practice - Nurse / Midwife"}, "keph_level": {"name": "Level 2"}, "ward": {"code": 1058}, "number_of_cots": 0, "town": {"name": "mudete market"}, "name": "Chamamo Medical Clinic", "created": "2013-04-30T15:15:39.883000+00:00", "regulatory_body": {"name": "Other"}, "facility_type": {"name": "Medical Clinic"}, "plot_number": null, "operation_status": {"name": "Pending Opening"}, "number_of_beds": 0}, {"code": 19340, "location_desc": null, "official_name": "Kisangula Medical Clinic", "owner": {"name": "Private Practice - Unspecified"}, "keph_level": {"name": "Level 2"}, "ward": {"code": 1058}, "number_of_cots": 0, "name": "Kisangula Medical Clinic", "created": "2013-04-30T15:20:01.403000+00:00", "regulatory_body": {"name": "Other"}, "facility_type": {"name": "Medical Clinic"}, "plot_number": null, "operation_status": {"name": "Pending Opening"}, "number_of_beds": 0}, {"code": 19341, "location_desc": null, "official_name": "Majve Medical Clinic", "owner": {"name": "Private Practice - Unspecified"}, "keph_level": {"name": "Level 2"}, "ward": {"code": 1060}, "number_of_cots": 0, "name": "Majve Medical Clinic", "created": "2013-04-30T15:24:57.680000+00:00", "regulatory_body": {"name": "Other"}, "facility_type": {"name": "Medical Clinic"}, "plot_number": null, "operation_status": {"name": "Pending Opening"}, "number_of_beds": 0}, {"code": 19342, "location_desc": null, "official_name": "Snocx Medical  Clinic", "owner": {"name": "Private Practice - Unspecified"}, "keph_level": {"name": "Level 2"}, "ward": {"code": 1059}, "number_of_cots": 0, "name": "Snocx Medical Clinic", "created": "2013-04-30T15:29:14.457000+00:00", "regulatory_body": {"name": "Other"}, "facility_type": {"name": "Medical Clinic"}, "plot_number": null, "operation_status": {"name": "Pending Opening"}, "number_of_beds": 0}, {"code": 19343, "location_desc": "Kitengela Plaza Namanga Road", "official_name": "Dental Surgery Kitengela", "owner": {"name": "Private Practice - General Practitioner"}, "keph_level": {"name": "Level 2"}, "ward": {"code": 921}, "number_of_cots": 0, "town": {"name": "kitengela"}, "name": "Dental Surgery Kitengela", "created": "2013-04-30T16:15:07.910000+00:00", "regulatory_body": {"name": "Kenya MPDB - Private Practice"}, "facility_type": {"name": "Dental Clinic"}, "plot_number": null, "operation_status": {"name": "Operational"}, "number_of_beds": 0}, {"code": 19344, "location_desc": "Within Nandi Hills town behind Equity bank.", "official_name": "Aldai Medical Services", "owner": {"name": "Private Practice - Clinical Officer"}, "keph_level": {"name": "Level 2"}, "ward": {"code": 761}, "number_of_cots": 0, "town": {"name": "nandi hills"}, "name": "Aldai Medical Services", "created": "2013-04-30T16:18:14.420000+00:00", "regulatory_body": {"name": "Clinical Officers Council"}, "facility_type": {"name": "Medical Clinic"}, "plot_number": null, "operation_status": {"name": "Operational"}, "number_of_beds": 0}, {"code": 19345, "location_desc": "Isinya Town", "official_name": "Kisaju Health Care Isinya", "owner": {"name": "Private Enterprise (Institution)"}, "keph_level": {"name": "Level 2"}, "ward": {"code": 921}, "number_of_cots": 0, "town": {"name": "isinya"}, "name": "Kisaju Health Care Isinya", "created": "2013-04-30T16:24:48.090000+00:00", "regulatory_body": {"name": "Kenya MPDB - Private Practice"}, "facility_type": {"name": "Medical Clinic"}, "plot_number": null, "operation_status": {"name": "Operational"}, "number_of_beds": 3}, {"code": 19346, "location_desc": "Kisaju Trading Center Namanga Road", "official_name": "Kisaju Medical Clinic", "owner": {"name": "Private Practice - Nurse / Midwife"}, "keph_level": {"name": "Level 2"}, "ward": {"code": 926}, "number_of_cots": 0, "town": {"name": "isinya"}, "name": "Kisaju Medical Clinic", "created": "2013-04-30T16:29:38.903000+00:00", "regulatory_body": {"name": "Nursing Council of Kenya (Private Practice)"}, "facility_type": {"name": "Medical Clinic"}, "plot_number": null, "operation_status": {"name": "Operational"}, "number_of_beds": 0}, {"code": 19347, "location_desc": "Isinya Town", "official_name": "Manna Medical Clinic Isinya", "owner": {"name": "Private Practice - Nurse / Midwife"}, "keph_level": {"name": "Level 2"}, "ward": {"code": 921}, "number_of_cots": 0, "town": {"name": "isinya"}, "name": "Manna Medical Clinic Isinya", "created": "2013-04-30T16:40:40.190000+00:00", "regulatory_body": {"name": "Nursing Council of Kenya (Private Practice)"}, "facility_type": {"name": "Medical Clinic"}, "plot_number": null, "operation_status": {"name": "Operational"}, "number_of_beds": 0}, {"code": 19348, "location_desc": "Isinya Town", "official_name": "Isinya Medical Clinic", "owner": {"name": "Private Practice - Nurse / Midwife"}, "keph_level": {"name": "Level 2"}, "ward": {"code": 921}, "number_of_cots": 0, "town": {"name": "isinya"}, "name": "Isinya Medical Clinic", "created": "2013-04-30T16:45:17.010000+00:00", "regulatory_body": {"name": "Nursing Council of Kenya (Private Practice)"}, "facility_type": {"name": "Medical Clinic"}, "plot_number": null, "operation_status": {"name": "Operational"}, "number_of_beds": 0}, {"code": 19349, "location_desc": null, "official_name": "Kiboko Medical clinic", "owner": {"name": "Private Practice - Nurse / Midwife"}, "keph_level": {"name": "Level 2"}, "ward": {"code": 431}, "number_of_cots": 0, "name": "Kiboko Medical Clinic", "created": "2013-04-30T17:14:07.990000+00:00", "regulatory_body": {"name": "Nursing Council of Kenya (Private Practice)"}, "facility_type": {"name": "Medical Clinic"}, "plot_number": null, "operation_status": {"name": "Not-Operational"}, "number_of_beds": 0}, {"code": 19351, "location_desc": "Located next to Nairobi Water Co. Offices -Pangani  ", "official_name": "Sunshine Medical & Diagnostic Centre-Murang's Rd", "owner": {"name": "Private Practice - General Practitioner"}, "keph_level": {"name": "Level 2"}, "ward": {"code": 1441}, "number_of_cots": 0, "town": {"name": "pangani"}, "name": "Sunshine Medical & Diagnostic Centre (Nairobi)", "created": "2013-04-30T19:55:08.343000+00:00", "regulatory_body": {"name": "Kenya MPDB - Private Practice"}, "facility_type": {"name": "Medical Clinic"}, "plot_number": null, "operation_status": {"name": "Operational"}, "number_of_beds": 0}, {"code": 19352, "location_desc": "Near County Council Houses", "official_name": "Samburu Medical Centre(Outreach Services)", "owner": {"name": "Private Practice - Nurse / Midwife"}, "keph_level": {"name": "Level 2"}, "ward": {"code": 663}, "number_of_cots": 0, "town": {"name": "county council houses"}, "name": "Samburu Medical Centre (Outreach Services)", "created": "2013-04-30T19:55:22.197000+00:00", "regulatory_body": {"name": "Nursing Council of Kenya (Private Practice)"}, "facility_type": {"name": "Medical Clinic"}, "plot_number": null, "operation_status": {"name": "Pending Opening"}, "number_of_beds": 0}, {"code": 19353, "location_desc": "Situated at Re-Insurance Plaza-Nairobi", "official_name": "PLAZA X-ray Services", "owner": {"name": "Private Enterprise (Institution)"}, "keph_level": {"name": "Level 2"}, "ward": {"code": 1439}, "number_of_cots": 0, "town": {"name": "city market"}, "name": "Plaza X-Ray Services (Re-Insurance Plaza-Nairobi)", "created": "2013-04-30T20:05:17.010000+00:00", "regulatory_body": {"name": "Kenya MPDB - Institution"}, "facility_type": {"name": "Radiology Unit"}, "plot_number": null, "operation_status": {"name": "Operational"}, "number_of_beds": 0}, {"code": 19354, "location_desc": "Barclays Plaza Bldn(nairobi)", "official_name": "Dr.Abdallah Dental Clinic", "owner": {"name": "Private Practice - Unspecified"}, "keph_level": {"name": "Level 2"}, "ward": {"code": 1439}, "number_of_cots": 0, "town": {"name": "gpo"}, "name": "Abdallah Dental Clinic (Barclays Plaza-Nairobi)", "created": "2013-04-30T20:19:08.930000+00:00", "regulatory_body": {"name": "Kenya MPDB - Private Practice"}, "facility_type": {"name": "Dental Clinic"}, "plot_number": null, "operation_status": {"name": "Operational"}, "number_of_beds": 0}, {"code": 19355, "location_desc": "Situated along Ronald Ngara st.", "official_name": "Supreme Health Care(Ronald Ngara St-Nairobi)", "owner": {"name": "Private Practice - General Practitioner"}, "keph_level": {"name": "Level 2"}, "ward": {"code": 1439}, "number_of_cots": 0, "name": "Supreme Health Care (Ktda House-Nairobi)", "created": "2013-04-30T20:53:52.157000+00:00", "regulatory_body": {"name": "Kenya MPDB - Private Practice"}, "facility_type": {"name": "Medical Clinic"}, "plot_number": null, "operation_status": {"name": "Operational"}, "number_of_beds": 0}, {"code": 19356, "location_desc": "Located at KENCOM Hse(Nairobi)", "official_name": "Alphine Dental Centre", "owner": {"name": "Private Practice - Unspecified"}, "keph_level": {"name": "Level 2"}, "ward": {"code": 1439}, "number_of_cots": 0, "name": "Alphine Dental Centre (Kencom Hse)", "created": "2013-04-30T21:06:12.493000+00:00", "regulatory_body": {"name": "Kenya MPDB - Private Practice"}, "facility_type": {"name": "Dental Clinic"}, "plot_number": null, "operation_status": {"name": "Operational"}, "number_of_beds": 0}, {"code": 19357, "location_desc": "past jamidas on your way to mumias from kakamega town", "official_name": "Reddys Medical Clinic", "owner": {"name": "Private Practice - Nurse / Midwife"}, "keph_level": {"name": "Level 2"}, "ward": {"code": 1012}, "number_of_cots": 0, "town": {"name": "ikonyero"}, "name": "Reddys Medical Clinic", "created": "2013-04-30T23:05:43.123000+00:00", "regulatory_body": {"name": "Nursing Council of Kenya (Private Practice)"}, "facility_type": {"name": "Dispensary"}, "plot_number": "1587", "operation_status": {"name": "Operational"}, "number_of_beds": 0}, {"code": 19358, "location_desc": "Within Nandi Hills town.", "official_name": "Nandi Hills Medicare Clinic", "owner": {"name": "Private Practice - General Practitioner"}, "keph_level": {"name": "Level 2"}, "ward": {"code": 761}, "number_of_cots": 0, "town": {"name": "nandi hills"}, "name": "Nandi Hills Medicare Clinic", "created": "2013-04-30T23:11:08.477000+00:00", "regulatory_body": {"name": "Kenya MPDB - Institution"}, "facility_type": {"name": "Medical Clinic"}, "plot_number": null, "operation_status": {"name": "Operational"}, "number_of_beds": 0}, {"code": 19359, "location_desc": null, "official_name": "Boi Dispensary", "owner": {"name": "Ministry of Health"}, "keph_level": {"name": "Level 2"}, "ward": {"code": 753}, "number_of_cots": 0, "town": {"name": "kobujoi market"}, "name": "Boi Dispensary", "created": "2013-05-01T02:22:15.920000+00:00", "regulatory_body": {"name": "Ministry of Health"}, "facility_type": {"name": "Dispensary"}, "plot_number": null, "operation_status": {"name": "Not-Operational"}, "number_of_beds": 0}, {"code": 19360, "location_desc": "Along Kapsabet-Kobujoi road  11 km South of Kaptumo market", "official_name": "Enego Dispensary", "owner": {"name": "Ministry of Health"}, "keph_level": {"name": "Level 2"}, "ward": {"code": 760}, "number_of_cots": 0, "town": {"name": "kaptumo market"}, "name": "Enego Dispensary", "created": "2013-05-01T03:41:16.240000+00:00", "regulatory_body": {"name": "Ministry of Health"}, "facility_type": {"name": "Dispensary"}, "plot_number": null, "operation_status": {"name": "Not-Operational"}, "number_of_beds": 0}, {"code": 19361, "location_desc": "Along Kapsabet-Kobujoi road 8 km south west of Kaptumo", "official_name": "Kapsoiyo Dispensary", "owner": {"name": "Ministry of Health"}, "keph_level": {"name": "Level 2"}, "ward": {"code": 760}, "number_of_cots": 0, "town": {"name": "kaptumo market"}, "name": "Kapsoiyo Dispensary", "created": "2013-05-01T03:50:10.603000+00:00", "regulatory_body": {"name": "Ministry of Health"}, "facility_type": {"name": "Dispensary"}, "plot_number": null, "operation_status": {"name": "Not-Operational"}, "number_of_beds": 0}, {"code": 19362, "location_desc": "Along Kapsabet -Serem road 5 km NW of Serem Market", "official_name": "Kereri Dispensary", "owner": {"name": "Ministry of Health"}, "keph_level": {"name": "Level 2"}, "ward": {"code": 755}, "number_of_cots": 0, "town": {"name": "serem"}, "name": "Kereri Dispensary", "created": "2013-05-01T04:15:15.430000+00:00", "regulatory_body": {"name": "Ministry of Health"}, "facility_type": {"name": "Dispensary"}, "plot_number": null, "operation_status": {"name": "Not-Operational"}, "number_of_beds": 0}, {"code": 19363, "location_desc": "Along kapsabet-Kobujoi road 4 km East of Kobujoi Market", "official_name": "Kesogon Dispensary", "owner": {"name": "Ministry of Health"}, "keph_level": {"name": "Level 2"}, "ward": {"code": 758}, "number_of_cots": 0, "town": {"name": "kobujoi market"}, "name": "Kesogon Dispensary", "created": "2013-05-01T05:10:55.567000+00:00", "regulatory_body": {"name": "Ministry of Health"}, "facility_type": {"name": "Dispensary"}, "plot_number": null, "operation_status": {"name": "Not-Operational"}, "number_of_beds": 0}, {"code": 19364, "location_desc": "Along Kapsabet kobujoi road 17 km SW of Kaptumo market", "official_name": "Kibongwa Dispensary", "owner": {"name": "Ministry of Health"}, "keph_level": {"name": "Level 2"}, "ward": {"code": 760}, "number_of_cots": 0, "town": {"name": "kibgong"}, "name": "Kibongwa Dispensary", "created": "2013-05-01T05:30:04.137000+00:00", "regulatory_body": {"name": "Ministry of Health"}, "facility_type": {"name": "Dispensary"}, "plot_number": null, "operation_status": {"name": "Not-Operational"}, "number_of_beds": 0}, {"code": 19365, "location_desc": "Along Kapsabet-Kobujoi road 2.5 KM North East of Kaptumo market", "official_name": "Masomor Community Dispensary", "owner": {"name": "Ministry of Health"}, "keph_level": {"name": "Level 2"}, "ward": {"code": 759}, "number_of_cots": 0, "town": {"name": "kaptumo market"}, "name": "Masombor Community Dispensary", "created": "2013-05-01T07:30:25.703000+00:00", "regulatory_body": {"name": "Ministry of Health"}, "facility_type": {"name": "Dispensary"}, "plot_number": "kaptumo", "operation_status": {"name": "Not-Operational"}, "number_of_beds": 0}, {"code": 19366, "location_desc": "Along Miwani- kisumu road7 km North of Kibigori market", "official_name": "Kibisem Dispensary", "owner": {"name": "Ministry of Health"}, "keph_level": {"name": "Level 2"}, "ward": {"code": 760}, "number_of_cots": 0, "town": {"name": "kibigori"}, "name": "Kibisem Dispensary", "created": "2013-05-01T07:43:27.467000+00:00", "regulatory_body": {"name": "Ministry of Health"}, "facility_type": {"name": "Dispensary"}, "plot_number": null, "operation_status": {"name": "Operational"}, "number_of_beds": 0}, {"code": 19368, "location_desc": "Along Kapsabet-Kobujoi road 6km North of Kaptumo market", "official_name": "Siksik Dispensary", "owner": {"name": "Ministry of Health"}, "keph_level": {"name": "Level 2"}, "ward": {"code": 759}, "number_of_cots": 0, "town": {"name": "kaptumo market"}, "name": "Siksik Dispensary", "created": "2013-05-01T09:54:21.507000+00:00", "regulatory_body": {"name": "Ministry of Health"}, "facility_type": {"name": "Dispensary"}, "plot_number": null, "operation_status": {"name": "Not-Operational"}, "number_of_beds": 0}, {"code": 19369, "location_desc": "Thika road  off kamiti road  succes stage", "official_name": "Kamwitha medcal centre", "owner": {"name": "Private Practice - General Practitioner"}, "keph_level": {"name": "Level 2"}, "ward": {"code": 1393}, "number_of_cots": 0, "town": {"name": "next roysambu primary sch"}, "name": "Kamwitha Medcal Centre", "created": "2013-05-01T10:34:52.337000+00:00", "regulatory_body": {"name": "Clinical Officers Council"}, "facility_type": {"name": "Medical Clinic"}, "plot_number": null, "operation_status": {"name": "Operational"}, "number_of_beds": 0}, {"code": 19370, "location_desc": "Thika road off mwiki road Next to Equity bank kasarani", "official_name": "Radiant hosp Kasarani", "owner": {"name": "Private Practice - General Practitioner"}, "keph_level": {"name": "Level 2"}, "ward": {"code": 1398}, "number_of_cots": 0, "town": {"name": "next to equity bank kasarani"}, "name": "Radiant Hosp Kasarani", "created": "2013-05-01T10:45:19.363000+00:00", "regulatory_body": {"name": "Kenya MPDB - Private Practice"}, "facility_type": {"name": "Medical Clinic"}, "plot_number": null, "operation_status": {"name": "Operational"}, "number_of_beds": 0}, {"code": 19371, "location_desc": "Hunters near main stage hunters kasarani", "official_name": "Shiply medical centre & Lab", "owner": {"name": "Private Practice - General Practitioner"}, "keph_level": {"name": "Level 2"}, "ward": {"code": 1398}, "number_of_cots": 0, "town": {"name": "hunters"}, "name": "Shiply Medical Centre & Lab", "created": "2013-05-01T10:52:38.037000+00:00", "regulatory_body": {"name": "Kenya MPDB - Private Practice"}, "facility_type": {"name": "Medical Clinic"}, "plot_number": null, "operation_status": {"name": "Operational"}, "number_of_beds": 0}, {"code": 19372, "location_desc": "Next to Equity bank Hunters", "official_name": "Kwetu medical clinic", "owner": {"name": "Private Practice - General Practitioner"}, "keph_level": {"name": "Level 2"}, "ward": {"code": 1396}, "number_of_cots": 0, "town": {"name": "next to equity bank hunters"}, "name": "Kwetu Medical Clinic", "created": "2013-05-01T10:59:46.770000+00:00", "regulatory_body": {"name": "Kenya MPDB - Private Practice"}, "facility_type": {"name": "Medical Clinic"}, "plot_number": null, "operation_status": {"name": "Operational"}, "number_of_beds": 0}, {"code": 19373, "location_desc": "Next to Equity bank Hunters", "official_name": "Horeb medical clinic( hunters)", "owner": {"name": "Private Practice - General Practitioner"}, "keph_level": {"name": "Level 2"}, "ward": {"code": 1396}, "number_of_cots": 0, "town": {"name": "next to equity bank hunters"}, "name": "Horeb Medical Clinic ( Hunters)", "created": "2013-05-01T11:09:21.663000+00:00", "regulatory_body": {"name": "Kenya MPDB - Private Practice"}, "facility_type": {"name": "Medical Clinic"}, "plot_number": null, "operation_status": {"name": "Operational"}, "number_of_beds": 0}, {"code": 19374, "location_desc": "Roysambu petrol station off kamiti road", "official_name": "Manasco medical centre ( Roysambu)", "owner": {"name": "Private Practice - General Practitioner"}, "keph_level": {"name": "Level 2"}, "ward": {"code": 1398}, "number_of_cots": 0, "town": {"name": "roysambu petrol station off kamiti road"}, "name": "Manasco Medical Centre (Roysambu)", "created": "2013-05-01T11:15:37.623000+00:00", "regulatory_body": {"name": "Kenya MPDB - Private Practice"}, "facility_type": {"name": "Medical Clinic"}, "plot_number": null, "operation_status": {"name": "Operational"}, "number_of_beds": 0}, {"code": 19375, "location_desc": "just behind auncle sams bar", "official_name": "Upendo medical centre  (Githurai 44)", "owner": {"name": "Private Practice - General Practitioner"}, "keph_level": {"name": "Level 2"}, "ward": {"code": 1397}, "number_of_cots": 0, "town": {"name": "just behind auncle sams bar"}, "name": "Upendo Medical Centre (Githurai 44)", "created": "2013-05-01T11:23:33.350000+00:00", "regulatory_body": {"name": "Kenya MPDB - Private Practice"}, "facility_type": {"name": "Medical Clinic"}, "plot_number": null, "operation_status": {"name": "Operational"}, "number_of_beds": 0}, {"code": 19376, "location_desc": "Next to stage 29/30", "official_name": "The Arcade medical centre", "owner": {"name": "Private Practice - General Practitioner"}, "keph_level": {"name": "Level 2"}, "ward": {"code": 1403}, "number_of_cots": 0, "town": {"name": "next to stage 29/30"}, "name": "The Arcade Medical Centre", "created": "2013-05-01T11:29:53.020000+00:00", "regulatory_body": {"name": "Kenya MPDB - Private Practice"}, "facility_type": {"name": "Medical Clinic"}, "plot_number": null, "operation_status": {"name": "Operational"}, "number_of_beds": 0}, {"code": 19377, "location_desc": "Next to 29/30 stage", "official_name": "Delight chemist  & Lab", "owner": {"name": "Private Practice - General Practitioner"}, "keph_level": {"name": "Level 2"}, "ward": {"code": 1402}, "number_of_cots": 0, "town": {"name": "near social hall"}, "name": "Delight Chemist & Lab", "created": "2013-05-01T11:36:13.240000+00:00", "regulatory_body": {"name": "Kenya MPDB - Private Practice"}, "facility_type": {"name": "Medical Clinic"}, "plot_number": null, "operation_status": {"name": "Operational"}, "number_of_beds": 0}, {"code": 19378, "location_desc": "Next to index medical centre", "official_name": "Zimma Health Care ", "owner": {"name": "Private Practice - General Practitioner"}, "keph_level": {"name": "Level 2"}, "ward": {"code": 1393}, "number_of_cots": 0, "town": {"name": "next to index medical centre"}, "name": "Zimma Health Care", "created": "2013-05-01T11:42:08.797000+00:00", "regulatory_body": {"name": "Kenya MPDB - Private Practice"}, "facility_type": {"name": "Medical Clinic"}, "plot_number": null, "operation_status": {"name": "Operational"}, "number_of_beds": 0}, {"code": 19379, "location_desc": null, "official_name": "Sanitas Lotus medical centre", "owner": {"name": "Private Practice - General Practitioner"}, "keph_level": {"name": "Level 2"}, "ward": {"code": 1393}, "number_of_cots": 0, "town": {"name": "next to index medical centre"}, "name": "Sanitas Lotus Medical Centre", "created": "2013-05-01T11:47:33.573000+00:00", "regulatory_body": {"name": "Kenya MPDB - Private Practice"}, "facility_type": {"name": "Medical Clinic"}, "plot_number": null, "operation_status": {"name": "Operational"}, "number_of_beds": 0}, {"code": 19380, "location_desc": null, "official_name": "St Teresa medical clinic ( zimmerman)", "owner": {"name": "Private Practice - General Practitioner"}, "keph_level": {"name": "Level 2"}, "ward": {"code": 1393}, "number_of_cots": 0, "town": {"name": "next to index medical centre"}, "name": "St Teresa Medical Clinic ( Zimmerman)", "created": "2013-05-01T11:59:09.150000+00:00", "regulatory_body": {"name": "Kenya MPDB - Private Practice"}, "facility_type": {"name": "Medical Clinic"}, "plot_number": null, "operation_status": {"name": "Operational"}, "number_of_beds": 0}, {"code": 19381, "location_desc": "Next to index medical centre", "official_name": "Success medical services", "owner": {"name": "Private Practice - General Practitioner"}, "keph_level": {"name": "Level 2"}, "ward": {"code": 1393}, "number_of_cots": 0, "town": {"name": "next to index medical centre"}, "name": "Success Medical Services", "created": "2013-05-01T12:03:52.590000+00:00", "regulatory_body": {"name": "Kenya MPDB - Private Practice"}, "facility_type": {"name": "Medical Clinic"}, "plot_number": null, "operation_status": {"name": "Operational"}, "number_of_beds": 0}, {"code": 19382, "location_desc": "Next to index medical centre", "official_name": "Royolk Medical clinic", "owner": {"name": "Private Practice - General Practitioner"}, "keph_level": {"name": "Level 2"}, "ward": {"code": 1393}, "number_of_cots": 0, "town": {"name": "next to index medical centre"}, "name": "Royolk Medical Clinic", "created": "2013-05-01T12:12:16.543000+00:00", "regulatory_body": {"name": "Kenya MPDB - Private Practice"}, "facility_type": {"name": "Medical Clinic"}, "plot_number": null, "operation_status": {"name": "Operational"}, "number_of_beds": 0}, {"code": 19383, "location_desc": "Karen Roses Resource Center Near Taidys Hotel", "official_name": "Hillview Park Medical Clinic", "owner": {"name": "Private Practice - General Practitioner"}, "keph_level": {"name": "Level 2"}, "ward": {"code": 807}, "number_of_cots": 0, "town": {"name": "eldama ravine"}, "name": "Hillview Park Medical Clinic", "created": "2013-05-01T12:44:01.060000+00:00", "regulatory_body": {"name": "Ministry of Health"}, "facility_type": {"name": "Medical Clinic"}, "plot_number": null, "operation_status": {"name": "Operational"}, "number_of_beds": 0}, {"code": 19384, "location_desc": "Opposite the Town Mosque ", "official_name": "Ravine Medical and ENT Clinic", "owner": {"name": "Private Practice - Clinical Officer"}, "keph_level": {"name": "Level 2"}, "ward": {"code": 807}, "number_of_cots": 0, "town": {"name": "eldama ravine"}, "name": "Ravine Medical and ENT Clinic", "created": "2013-05-01T12:58:35.783000+00:00", "regulatory_body": {"name": "Ministry of Health"}, "facility_type": {"name": "Medical Clinic"}, "plot_number": null, "operation_status": {"name": "Operational"}, "number_of_beds": 0}, {"code": 19385, "location_desc": "near cheptais market", "official_name": "Mt Elgon CLINIC", "owner": {"name": "Private Practice - Nurse / Midwife"}, "keph_level": {"name": "Level 2"}, "ward": {"code": 1076}, "number_of_cots": 0, "town": {"name": "cheptais"}, "name": "Mt Elgon Clinic", "created": "2013-05-01T16:37:44.193000+00:00", "regulatory_body": {"name": "Nursing Council of Kenya (Private Practice)"}, "facility_type": {"name": "Medical Clinic"}, "plot_number": null, "operation_status": {"name": "Operational"}, "number_of_beds": 2}, {"code": 19386, "location_desc": "agricultural area", "official_name": "Mworoga Catholic  Dispensary", "owner": {"name": "Kenya Episcopal Conference-Catholic Secretariat"}, "keph_level": {"name": "Level 2"}, "ward": {"code": 298}, "number_of_cots": 0, "town": {"name": "kieni kia ndege"}, "name": "Mworoga Catholic Dispensary", "created": "2013-05-01T20:21:20.177000+00:00", "regulatory_body": {"name": "Ministry of Health"}, "facility_type": {"name": "Dispensary"}, "plot_number": null, "operation_status": {"name": "Operational"}, "number_of_beds": 0}, {"code": 19387, "location_desc": "Agricultural Area", "official_name": "Maraa catholic dispensary", "owner": {"name": "Kenya Episcopal Conference-Catholic Secretariat"}, "keph_level": {"name": "Level 2"}, "ward": {"code": 293}, "number_of_cots": 0, "town": {"name": "mitunguu"}, "name": "Maraa Catholic Dispensary", "created": "2013-05-01T20:36:59.800000+00:00", "regulatory_body": {"name": "Ministry of Health"}, "facility_type": {"name": "Dispensary"}, "plot_number": null, "operation_status": {"name": "Operational"}, "number_of_beds": 0}, {"code": 19388, "location_desc": null, "official_name": "Kapsokwony Medicare", "owner": {"name": "Private Practice - Unspecified"}, "keph_level": {"name": "Level 2"}, "ward": {"code": 1081}, "number_of_cots": 0, "town": {"name": "kapsokwony"}, "name": "Kapsokwony Medicare", "created": "2013-05-01T21:57:04.967000+00:00", "regulatory_body": {"name": "Clinical Officers Council"}, "facility_type": {"name": "Medical Clinic"}, "plot_number": null, "operation_status": {"name": "Operational"}, "number_of_beds": 0}, {"code": 19389, "location_desc": null, "official_name": "Sosio Medical Clinic", "owner": {"name": "Private Practice - Clinical Officer"}, "keph_level": {"name": "Level 2"}, "ward": {"code": 1080}, "number_of_cots": 0, "town": {"name": "kaptama"}, "name": "Sosio Medical Clinic", "created": "2013-05-01T22:04:05.153000+00:00", "regulatory_body": {"name": "Clinical Officers Council"}, "facility_type": {"name": "Medical Clinic"}, "plot_number": null, "operation_status": {"name": "Operational"}, "number_of_beds": 0}, {"code": 19390, "location_desc": "Along Kapsabet -Serem road 7kkm South of Serem market", "official_name": "Kibonze Dispensary", "owner": {"name": "Ministry of Health"}, "keph_level": {"name": "Level 2"}, "ward": {"code": 758}, "number_of_cots": 0, "town": {"name": "serem"}, "name": "Kibonze Dispenary", "created": "2013-05-02T06:15:43.240000+00:00", "regulatory_body": {"name": "Ministry of Health"}, "facility_type": {"name": "Dispensary"}, "plot_number": null, "operation_status": {"name": "Not-Operational"}, "number_of_beds": 0}, {"code": 19391, "location_desc": "Along Serem -Kambogi road 1 km West of Banja market", "official_name": "Kirongi Dispensary", "owner": {"name": "Ministry of Health"}, "keph_level": {"name": "Level 2"}, "ward": {"code": 1186}, "number_of_cots": 0, "town": {"name": "banja"}, "name": "Kirongoi Dispensary", "created": "2013-05-02T06:25:30.380000+00:00", "regulatory_body": {"name": "Ministry of Health"}, "facility_type": {"name": "Dispensary"}, "plot_number": null, "operation_status": {"name": "Not-Operational"}, "number_of_beds": 0}, {"code": 19392, "location_desc": "Located at Jamia Towers Bldg(CBD)", "official_name": "Crescent Medical Aid(Jamia Towers)", "owner": {"name": "Supreme Council for Kenya Muslims"}, "keph_level": {"name": "Level 2"}, "ward": {"code": 1439}, "number_of_cots": 0, "town": {"name": "city market"}, "name": "Crescent Medical Aid (Jamia Towers)", "created": "2013-05-02T07:36:44.087000+00:00", "regulatory_body": {"name": "Kenya MPDB - Institution"}, "facility_type": {"name": "Dispensary"}, "plot_number": null, "operation_status": {"name": "Operational"}, "number_of_beds": 0}, {"code": 19393, "location_desc": "Located Near Central Bus Station", "official_name": "Social Service League Health services", "owner": {"name": "Private Enterprise (Institution)"}, "keph_level": {"name": "Level 2"}, "ward": {"code": 1439}, "number_of_cots": 0, "town": {"name": "bus station"}, "name": "Social Service League (Nairobi )", "created": "2013-05-02T07:46:54.673000+00:00", "regulatory_body": {"name": "Kenya MPDB - Institution"}, "facility_type": {"name": "Dispensary"}, "plot_number": null, "operation_status": {"name": "Operational"}, "number_of_beds": 0}, {"code": 19394, "location_desc": "Located behind River Road", "official_name": "Sex Workers Clinic", "owner": {"name": "Non-Governmental Organizations"}, "keph_level": {"name": "Level 2"}, "ward": {"code": 1439}, "number_of_cots": 0, "name": "Swop Clinic", "created": "2013-05-02T07:57:59.780000+00:00", "regulatory_body": {"name": "Other"}, "facility_type": {"name": "Medical Clinic"}, "plot_number": null, "operation_status": {"name": "Operational"}, "number_of_beds": 0}, {"code": 19395, "location_desc": "Located along Loita street (Loita Hse)", "official_name": "Meridian Medical Centre", "owner": {"name": "Private Practice - General Practitioner"}, "keph_level": {"name": "Level 2"}, "ward": {"code": 1439}, "number_of_cots": 0, "town": {"name": "city market"}, "name": "Meridian Medical Centre (Loita Street)", "created": "2013-05-02T08:09:32.373000+00:00", "regulatory_body": {"name": "Kenya MPDB - Private Practice"}, "facility_type": {"name": "Medical Clinic"}, "plot_number": null, "operation_status": {"name": "Operational"}, "number_of_beds": 0}, {"code": 19396, "location_desc": "Near chief's camp", "official_name": "Tumaini mwangaza  ( korogocho)", "owner": {"name": "Private Practice - General Practitioner"}, "keph_level": {"name": "Level 2"}, "ward": {"code": 1412}, "number_of_cots": 2, "town": {"name": "near chief's camp"}, "name": "Tumaini Mwangaza ( Korogocho)", "created": "2013-05-02T09:01:12.867000+00:00", "regulatory_body": {"name": "Kenya MPDB - Private Practice"}, "facility_type": {"name": "Medical Clinic"}, "plot_number": null, "operation_status": {"name": "Operational"}, "number_of_beds": 12}, {"code": 19397, "location_desc": "Thika road off kamiti road next to success stage zimmerman ", "official_name": "Afyamax medical & centre dental", "owner": {"name": "Private Practice - General Practitioner"}, "keph_level": {"name": "Level 2"}, "ward": {"code": 1393}, "number_of_cots": 0, "town": {"name": "next to success stage zimmerman"}, "name": "Afyamax Medical & Centre Dental", "created": "2013-05-02T10:40:39.253000+00:00", "regulatory_body": {"name": "Kenya MPDB - Private Practice"}, "facility_type": {"name": "Medical Clinic"}, "plot_number": null, "operation_status": {"name": "Operational"}, "number_of_beds": 0}, {"code": 19398, "location_desc": "Thika road off kamiti road next to success stage zimmerman ", "official_name": "Jozi medical centre", "owner": {"name": "Private Practice - General Practitioner"}, "keph_level": {"name": "Level 2"}, "ward": {"code": 1393}, "number_of_cots": 0, "town": {"name": "next to success stage zimmerman next to success stage zimmerman"}, "name": "Jozi Medical Centre", "created": "2013-05-02T11:04:39.200000+00:00", "regulatory_body": {"name": "Kenya MPDB - Private Practice"}, "facility_type": {"name": "Medical Clinic"}, "plot_number": null, "operation_status": {"name": "Operational"}, "number_of_beds": 0}, {"code": 19406, "location_desc": "Loacated in Naivasha town net to oilybia Petrol Station", "official_name": "Quality Health Care Clinic", "owner": {"name": "Private Practice - Nurse / Midwife"}, "keph_level": {"name": "Level 2"}, "ward": {"code": 838}, "number_of_cots": 0, "town": {"name": "naivasha town"}, "name": "Quality Health Care Clinic (Naivasha)", "created": "2013-05-02T13:49:53.533000+00:00", "regulatory_body": {"name": "Nursing Council of Kenya (Private Practice)"}, "facility_type": {"name": "Medical Clinic"}, "plot_number": null, "operation_status": {"name": "Operational"}, "number_of_beds": 0}, {"code": 19408, "location_desc": "Ibado building along Isiolo- Marsabit high way", "official_name": "Iqra Medical Centre", "owner": {"name": "Private Practice - General Practitioner"}, "keph_level": {"name": "Level 2"}, "ward": {"code": 241}, "number_of_cots": 0, "town": {"name": "isiolo"}, "name": "Iqra Medical Centre", "created": "2013-05-02T15:08:41.593000+00:00", "regulatory_body": {"name": "Kenya MPDB - Institution"}, "facility_type": {"name": "Medical Clinic"}, "plot_number": "unknown", "operation_status": {"name": "Operational"}, "number_of_beds": 0}, {"code": 19409, "location_desc": null, "official_name": "Maua Diagnostic Centre", "owner": {"name": "Private Practice - Unspecified"}, "keph_level": {"name": "Level 2"}, "ward": {"code": 251}, "number_of_cots": 0, "town": {"name": "maua town"}, "name": "Maua Diagnostic Centre", "created": "2013-05-02T15:22:35.070000+00:00", "regulatory_body": {"name": "Kenya Medical Laboratory, Tech & Technologists Board"}, "facility_type": {"name": "Laboratory (Stand-alone)"}, "plot_number": null, "operation_status": {"name": "Operational"}, "number_of_beds": 0}, {"code": 19410, "location_desc": "Isiolo Township opposite Bomen Hotel", "official_name": "Isiolo Medical Centre", "owner": {"name": "Private Practice - General Practitioner"}, "keph_level": {"name": "Level 2"}, "ward": {"code": 241}, "number_of_cots": 0, "town": {"name": "isiolo"}, "name": "Isiolo Medical Centre", "created": "2013-05-02T15:25:58.913000+00:00", "regulatory_body": {"name": "Kenya MPDB - Institution"}, "facility_type": {"name": "Medical Clinic"}, "plot_number": "unknown", "operation_status": {"name": "Operational"}, "number_of_beds": 0}, {"code": 19411, "location_desc": null, "official_name": "Betta Health Care", "owner": {"name": "Private Enterprise (Institution)"}, "keph_level": {"name": "Level 2"}, "ward": {"code": 251}, "number_of_cots": 0, "town": {"name": "maua town"}, "name": "Betta Health Care", "created": "2013-05-02T16:42:48.540000+00:00", "regulatory_body": {"name": "Nursing Council of Kenya (Private Practice)"}, "facility_type": {"name": "Medical Clinic"}, "plot_number": null, "operation_status": {"name": "Operational"}, "number_of_beds": 0}, {"code": 19413, "location_desc": "Located at ICEA Bldg(Kenyatta Avenue)", "official_name": "Acacia Medical Centre(Nairobi)", "owner": {"name": "Private Practice - General Practitioner"}, "keph_level": {"name": "Level 2"}, "ward": {"code": 1439}, "number_of_cots": 0, "town": {"name": "city market"}, "name": "Acacia Medical Centre (Nairobi)", "created": "2013-05-02T17:44:21.503000+00:00", "regulatory_body": {"name": "Kenya MPDB - Private Practice"}, "facility_type": {"name": "Medical Clinic"}, "plot_number": null, "operation_status": {"name": "Operational"}, "number_of_beds": 0}, {"code": 19416, "location_desc": "Located at Afya Centre-Tom Mboya street", "official_name": "Dr Musili Clinic", "owner": {"name": "Private Practice - Medical Specialist"}, "keph_level": {"name": "Level 2"}, "ward": {"code": 1439}, "number_of_cots": 0, "town": {"name": "wakulima mkt"}, "name": "Dr Musili Clinic (Afya Centre-Nairobi)", "created": "2013-05-02T18:19:35.930000+00:00", "regulatory_body": {"name": "Kenya MPDB - Private Practice"}, "facility_type": {"name": "Medical Clinic"}, "plot_number": null, "operation_status": {"name": "Operational"}, "number_of_beds": 0}, {"code": 19418, "location_desc": "Located along Muranga Rd(opposite Meridian Hotel)", "official_name": "Dr Chaundry Dental Services", "owner": {"name": "Private Practice - Unspecified"}, "keph_level": {"name": "Level 2"}, "ward": {"code": 1439}, "number_of_cots": 0, "name": "Dr Chaundry Dental Services (Nairobi)", "created": "2013-05-02T18:30:37.920000+00:00", "regulatory_body": {"name": "Kenya MPDB - Private Practice"}, "facility_type": {"name": "Medical Clinic"}, "plot_number": null, "operation_status": {"name": "Operational"}, "number_of_beds": 0}, {"code": 19419, "location_desc": "Located near Post Office -Ngara", "official_name": "Dr Maina Skin Clinic", "owner": {"name": "Private Practice - Unspecified"}, "keph_level": {"name": "Level 2"}, "ward": {"code": 1440}, "number_of_cots": 0, "town": {"name": "ngara market"}, "name": "Dr Maina Skin Clinic (Ngara)", "created": "2013-05-02T18:38:52.893000+00:00", "regulatory_body": {"name": "Kenya MPDB - Private Practice"}, "facility_type": {"name": "Medical Clinic"}, "plot_number": null, "operation_status": {"name": "Operational"}, "number_of_beds": 0}, {"code": 19420, "location_desc": "Situated along Keekorok Rd (Behind River Rd)", "official_name": "Dr. M.S. Saroya Med Clinic", "owner": {"name": "Private Practice - General Practitioner"}, "keph_level": {"name": "Level 2"}, "ward": {"code": 1439}, "number_of_cots": 0, "name": "Dr M S Saroya Medical Clinic (Nairobi)", "created": "2013-05-02T18:47:29.520000+00:00", "regulatory_body": {"name": "Kenya MPDB - Private Practice"}, "facility_type": {"name": "Medical Clinic"}, "plot_number": null, "operation_status": {"name": "Operational"}, "number_of_beds": 0}, {"code": 19421, "location_desc": "Situated opposite Ngara Health Centre", "official_name": "Iran Medical Clinic", "owner": {"name": "Private Practice - Unspecified"}, "keph_level": {"name": "Level 2"}, "ward": {"code": 1440}, "number_of_cots": 0, "town": {"name": "ngara market"}, "name": "Iran Medical Clinic (Ngara)", "created": "2013-05-02T18:55:12.577000+00:00", "regulatory_body": {"name": "Kenya MPDB - Private Practice"}, "facility_type": {"name": "Medical Clinic"}, "plot_number": null, "operation_status": {"name": "Operational"}, "number_of_beds": 0}, {"code": 19422, "location_desc": "Located along General Waruingi St.", "official_name": "Starehe Boys Centre School Clinic", "owner": {"name": "Academic (if registered)"}, "keph_level": {"name": "Level 2"}, "ward": {"code": 1442}, "number_of_cots": 0, "town": {"name": "kariokor market"}, "name": "Starehe Boys Centre School Clinic", "created": "2013-05-02T19:20:59.490000+00:00", "regulatory_body": {"name": "Other"}, "facility_type": {"name": "Medical Clinic"}, "plot_number": null, "operation_status": {"name": "Operational"}, "number_of_beds": 0}, {"code": 19423, "location_desc": "Located at I.C.E.A. bldg-(Kenyatta Avenue)", "official_name": "Dr. Nzuki Paed. clinic", "owner": {"name": "Private Practice - Medical Specialist"}, "keph_level": {"name": "Level 2"}, "ward": {"code": 1439}, "number_of_cots": 0, "town": {"name": "city market"}, "name": "Dr Nzuki Hildapaed Clinic", "created": "2013-05-02T19:28:31.250000+00:00", "regulatory_body": {"name": "Kenya MPDB - Private Practice"}, "facility_type": {"name": "Medical Clinic"}, "plot_number": null, "operation_status": {"name": "Operational"}, "number_of_beds": 0}, {"code": 19424, "location_desc": "Located opposite Ngara H/centre,along Park Rd.", "official_name": "ParkRoad Dental Clinic", "owner": {"name": "Private Practice - Unspecified"}, "keph_level": {"name": "Level 2"}, "ward": {"code": 1440}, "number_of_cots": 0, "town": {"name": "ngara market"}, "name": "Parkroad Dental Clinic (Ngara)", "created": "2013-05-03T07:01:43.090000+00:00", "regulatory_body": {"name": "Kenya MPDB - Private Practice"}, "facility_type": {"name": "Medical Clinic"}, "plot_number": null, "operation_status": {"name": "Operational"}, "number_of_beds": 0}, {"code": 19425, "location_desc": "Located at Hazina Towers(1st Flr)", "official_name": "Dr. George Ngang'a", "owner": {"name": "Private Practice - General Practitioner"}, "keph_level": {"name": "Level 2"}, "ward": {"code": 1439}, "number_of_cots": 0, "town": {"name": "city market"}, "name": "Dr George Munene Medical Clinic", "created": "2013-05-03T07:13:24.780000+00:00", "regulatory_body": {"name": "Kenya MPDB - Private Practice"}, "facility_type": {"name": "Medical Clinic"}, "plot_number": null, "operation_status": {"name": "Operational"}, "number_of_beds": 0}, {"code": 19426, "location_desc": "Located along Biashara Street", "official_name": "Dr. Parmar", "owner": {"name": "Private Practice - General Practitioner"}, "keph_level": {"name": "Level 2"}, "ward": {"code": 1439}, "number_of_cots": 0, "town": {"name": "city market"}, "name": "Dr Parmar Clinic", "created": "2013-05-03T07:29:18.550000+00:00", "regulatory_body": {"name": "Kenya MPDB - Private Practice"}, "facility_type": {"name": "Medical Clinic"}, "plot_number": null, "operation_status": {"name": "Operational"}, "number_of_beds": 0}], "model": "facilities.Facility", "unique_fields": ["code"]}]