[{"records": [{"code": 19428, "location_desc": "Located at Twiga Towers", "official_name": "Bans Optical", "owner": {"name": "Private Practice - Unspecified"}, "keph_level": {"name": "Level 2"}, "ward": {"code": 1439}, "number_of_cots": 0, "town": {"name": "city market"}, "name": "Bans Optical (Nairobi)", "created": "2013-05-03T07:48:13.110000+00:00", "regulatory_body": {"name": "Pharmacy & Poisons Board"}, "facility_type": {"name": "Eye Centre"}, "plot_number": null, "operation_status": {"name": "Operational"}, "number_of_beds": 0}, {"code": 19429, "location_desc": "Near Donholm Catholic Church", "official_name": "SWOP Outreach Project Clinic", "owner": {"name": "Non-Governmental Organizations"}, "keph_level": {"name": "Level 2"}, "ward": {"code": 1421}, "number_of_cots": 2, "town": {"name": "donholm"}, "name": "Swop Outreach Project Clinic", "created": "2013-05-03T14:44:16.737000+00:00", "regulatory_body": {"name": "Clinical Officers Council"}, "facility_type": {"name": "Medical Clinic"}, "plot_number": null, "operation_status": {"name": "Operational"}, "number_of_beds": 4}, {"code": 19430, "location_desc": "Located 200m from Kianderi  Centre", "official_name": "Kianderi Dispensary", "owner": {"name": "Ministry of Health"}, "keph_level": {"name": "Level 2"}, "ward": {"code": 514}, "number_of_cots": 0, "town": {"name": "kianderi"}, "name": "Kianderi Dispensary", "created": "2013-05-03T16:39:09.877000+00:00", "regulatory_body": {"name": "Ministry of Health"}, "facility_type": {"name": "Dispensary"}, "plot_number": null, "operation_status": {"name": "Pending Opening"}, "number_of_beds": 0}, {"code": 19432, "location_desc": "Utawala Juction on Eastern Bypss Towards Kangundo road", "official_name": "Mariakani Cottage Utawala Clinic", "owner": {"name": "Private Practice - Medical Specialist"}, "keph_level": {"name": "Level 2"}, "ward": {"code": 1423}, "number_of_cots": 2, "town": {"name": "utawala"}, "name": "Mariakani Cottage Hospital Utawala Clinic", "created": "2013-05-03T19:31:21.980000+00:00", "regulatory_body": {"name": "Kenya MPDB - Institution"}, "facility_type": {"name": "Medical Clinic"}, "plot_number": "l/r 68/45/184/15", "operation_status": {"name": "Operational"}, "number_of_beds": 5}, {"code": 19433, "location_desc": "Eastern Bypass Utawala Juction", "official_name": "Jamii Yadah Medical Centre", "owner": {"name": "Private Practice - General Practitioner"}, "keph_level": {"name": "Level 2"}, "ward": {"code": 918}, "number_of_cots": 2, "town": {"name": "utawala"}, "name": "Jamii Yadah Medical Centre", "created": "2013-05-03T19:55:10.040000+00:00", "regulatory_body": {"name": "Kenya MPDB - Institution"}, "facility_type": {"name": "Health Centre"}, "plot_number": "l/r 6845/184/15/16", "operation_status": {"name": "Operational"}, "number_of_beds": 4}, {"code": 19434, "location_desc": "On Uchimii Tachmool 1st floor Next to eastern Flayover at Donholm Airport Juction ", "official_name": "The Mater Embakasi Clinic", "owner": {"name": "Kenya Episcopal Conference-Catholic Secretariat"}, "keph_level": {"name": "Level 2"}, "ward": {"code": 1423}, "number_of_cots": 2, "town": {"name": "donholm"}, "name": "The Mater Embakasi Clinic", "created": "2013-05-03T20:24:33.937000+00:00", "regulatory_body": {"name": "Kenya MPDB - Institution"}, "facility_type": {"name": "Medical Clinic"}, "plot_number": "20913938", "operation_status": {"name": "Operational"}, "number_of_beds": 4}, {"code": 19435, "location_desc": "Near Kayole Coperative  Bank", "official_name": "PCEA Kayole Parish Health Centre", "owner": {"name": "Christian Health Association of Kenya"}, "keph_level": {"name": "Level 2"}, "ward": {"code": 1419}, "number_of_cots": 2, "town": {"name": "kayole"}, "name": "PCEA Kayole Parish Health Centre", "created": "2013-05-03T20:59:15.090000+00:00", "regulatory_body": {"name": "Nursing Council of Kenya (Private Practice)"}, "facility_type": {"name": "Medical Clinic"}, "plot_number": "c1 - 184", "operation_status": {"name": "Operational"}, "number_of_beds": 3}, {"code": 19436, "location_desc": "Near Corner Kayole", "official_name": "Kings Cross Medical Clinic", "owner": {"name": "Private Practice - Nurse / Midwife"}, "keph_level": {"name": "Level 2"}, "ward": {"code": 1417}, "number_of_cots": 1, "town": {"name": "kayole market corner"}, "name": "Kings Cross Medical Clinic", "created": "2013-05-03T21:26:26.633000+00:00", "regulatory_body": {"name": "Clinical Officers Council"}, "facility_type": {"name": "Medical Clinic"}, "plot_number": "c5111", "operation_status": {"name": "Operational"}, "number_of_beds": 2}, {"code": 19437, "location_desc": "Kobil petrol Station Stage", "official_name": "Embakasi Medical Centre", "owner": {"name": "Private Practice - Clinical Officer"}, "keph_level": {"name": "Level 2"}, "ward": {"code": 1410}, "number_of_cots": 2, "town": {"name": "kobil petrol station"}, "name": "Embakasi Medical Centre", "created": "2013-05-03T21:51:41.687000+00:00", "regulatory_body": {"name": "Clinical Officers Council"}, "facility_type": {"name": "Health Centre"}, "plot_number": "64/65 airport north road", "operation_status": {"name": "Operational"}, "number_of_beds": 4}, {"code": 19438, "location_desc": "Between mama Lucy and Kayole Savanna Roundabout", "official_name": "St Maurice Medical Services", "owner": {"name": "Private Practice - Nurse / Midwife"}, "keph_level": {"name": "Level 2"}, "ward": {"code": 1422}, "number_of_cots": 1, "town": {"name": "umoja  market"}, "name": "St Maurice Medical Services", "created": "2013-05-03T22:20:30.287000+00:00", "regulatory_body": {"name": "Nursing Council of Kenya (Private Practice)"}, "facility_type": {"name": "Medical Clinic"}, "plot_number": "1397/3/r", "operation_status": {"name": "Operational"}, "number_of_beds": 2}, {"code": 19439, "location_desc": "Savannah", "official_name": "Corbon Health Care", "owner": {"name": "Private Practice - Nurse / Midwife"}, "keph_level": {"name": "Level 2"}, "ward": {"code": 1427}, "number_of_cots": 1, "town": {"name": "greenspan"}, "name": "Corban Health Care", "created": "2013-05-03T22:38:09.453000+00:00", "regulatory_body": {"name": "Nursing Council of Kenya (Private Practice)"}, "facility_type": {"name": "Health Centre"}, "plot_number": null, "operation_status": {"name": "Operational"}, "number_of_beds": 3}, {"code": 19440, "location_desc": null, "official_name": "Primed Medical Centre", "owner": {"name": "Private Practice - Clinical Officer"}, "keph_level": {"name": "Level 2"}, "ward": {"code": 1421}, "number_of_cots": 1, "town": {"name": "komarock"}, "name": "Primed Medical Centre", "created": "2013-05-03T22:47:14.750000+00:00", "regulatory_body": {"name": "Clinical Officers Council"}, "facility_type": {"name": "Medical Clinic"}, "plot_number": null, "operation_status": {"name": "Operational"}, "number_of_beds": 2}, {"code": 19441, "location_desc": "Near Greenspan  Savanna", "official_name": "ABRA Health Services", "owner": {"name": "Private Practice - Unspecified"}, "keph_level": {"name": "Level 2"}, "ward": {"code": 1421}, "number_of_cots": 1, "town": {"name": "donholm"}, "name": "Abra Health Services", "created": "2013-05-03T22:55:34.593000+00:00", "regulatory_body": {"name": "Kenya MPDB - Institution"}, "facility_type": {"name": "Medical Clinic"}, "plot_number": null, "operation_status": {"name": "Operational"}, "number_of_beds": 2}, {"code": 19442, "location_desc": "Near Kayole Two Sub District Hospital", "official_name": "Mwera Medical Clinic", "owner": {"name": "Private Practice - Unspecified"}, "keph_level": {"name": "Level 2"}, "ward": {"code": 1417}, "number_of_cots": 1, "name": "Mwera Medical Clinic", "created": "2013-05-03T23:09:40.317000+00:00", "regulatory_body": {"name": "Clinical Officers Council"}, "facility_type": {"name": "Medical Clinic"}, "plot_number": null, "operation_status": {"name": "Operational"}, "number_of_beds": 2}, {"code": 19443, "location_desc": null, "official_name": "Exodus Community Health Care", "owner": {"name": "Private Practice - Unspecified"}, "keph_level": {"name": "Level 2"}, "ward": {"code": 1417}, "number_of_cots": 2, "name": "Exodus Community Health Care", "created": "2013-05-03T23:17:26.070000+00:00", "regulatory_body": {"name": "Nursing Council of Kenya (Private Practice)"}, "facility_type": {"name": "Medical Clinic"}, "plot_number": null, "operation_status": {"name": "Operational"}, "number_of_beds": 1}, {"code": 19444, "location_desc": "Near Kayole One Way to Kangundo Road", "official_name": "Trocare Medical Clinic", "owner": {"name": "Private Practice - General Practitioner"}, "keph_level": {"name": "Level 2"}, "ward": {"code": 1416}, "number_of_cots": 2, "name": "Trocare Medical Clinic", "created": "2013-05-03T23:24:46.303000+00:00", "regulatory_body": {"name": "Clinical Officers Council"}, "facility_type": {"name": "Medical Clinic"}, "plot_number": null, "operation_status": {"name": "Operational"}, "number_of_beds": 1}, {"code": 19445, "location_desc": null, "official_name": "Santi Meridian Health Care", "owner": {"name": "Private Practice - General Practitioner"}, "keph_level": {"name": "Level 2"}, "ward": {"code": 1419}, "number_of_cots": 2, "name": "Santi Meridian Health Care", "created": "2013-05-03T23:31:09.957000+00:00", "regulatory_body": {"name": "Kenya MPDB - Private Practice"}, "facility_type": {"name": "Medical Clinic"}, "plot_number": null, "operation_status": {"name": "Operational"}, "number_of_beds": 1}, {"code": 19446, "location_desc": "Near kobil on way to Mother Ipolita Dispensary", "official_name": "Jamii Medical Clinic  Mukuru", "owner": {"name": "Private Practice - Unspecified"}, "keph_level": {"name": "Level 2"}, "ward": {"code": 1407}, "number_of_cots": 1, "town": {"name": "kobil mukuru"}, "name": "Jamii Medical Clinic Mukuru", "created": "2013-05-03T23:41:54.550000+00:00", "regulatory_body": {"name": "Clinical Officers Council"}, "facility_type": {"name": "Medical Clinic"}, "plot_number": null, "operation_status": {"name": "Operational"}, "number_of_beds": 2}, {"code": 19447, "location_desc": "near Uchumi Eastern  Bypass", "official_name": "Provide International Hospital  Mukuru", "owner": {"name": "Non-Governmental Organizations"}, "keph_level": {"name": "Level 3"}, "ward": {"code": 1423}, "number_of_cots": 1, "name": "Provide International Hospital Mukuru", "created": "2013-05-03T23:52:23.670000+00:00", "regulatory_body": {"name": "Nursing Council of Kenya (Private Practice)"}, "facility_type": {"name": "Health Centre"}, "plot_number": null, "operation_status": {"name": "Operational"}, "number_of_beds": 2}, {"code": 19448, "location_desc": null, "official_name": "St John Medical Centre", "owner": {"name": "Private Practice - Unspecified"}, "keph_level": {"name": "Level 2"}, "ward": {"code": 1417}, "number_of_cots": 1, "name": "St John Medical Centre", "created": "2013-05-04T06:43:39.847000+00:00", "regulatory_body": {"name": "Pharmacy & Poisons Board"}, "facility_type": {"name": "Medical Clinic"}, "plot_number": null, "operation_status": {"name": "Operational"}, "number_of_beds": 2}, {"code": 19449, "location_desc": null, "official_name": "Scion Healthcare Ltd Clinic", "owner": {"name": "Private Practice - Unspecified"}, "keph_level": {"name": "Level 2"}, "ward": {"code": 1423}, "number_of_cots": 1, "town": {"name": "kobil mukuru"}, "name": "Scion Healthcare Ltd Clinic", "created": "2013-05-04T07:01:04.473000+00:00", "regulatory_body": {"name": "Clinical Officers Council"}, "facility_type": {"name": "Medical Clinic"}, "plot_number": null, "operation_status": {"name": "Operational"}, "number_of_beds": 2}, {"code": 19450, "location_desc": "Near Tassia Entrance", "official_name": "Connections Medical Clinic", "owner": {"name": "Private Practice - Unspecified"}, "keph_level": {"name": "Level 2"}, "ward": {"code": 1423}, "number_of_cots": 1, "town": {"name": "pipeline"}, "name": "Connections Medical Clinic", "created": "2013-05-04T07:19:49.310000+00:00", "regulatory_body": {"name": "Nursing Council of Kenya (Private Practice)"}, "facility_type": {"name": "Medical Clinic"}, "plot_number": "9042/587", "operation_status": {"name": "Operational"}, "number_of_beds": 2}, {"code": 19451, "location_desc": null, "official_name": "Primed Medical Services Komarock", "owner": {"name": "Private Practice - Unspecified"}, "keph_level": {"name": "Level 2"}, "ward": {"code": 1419}, "number_of_cots": 1, "name": "Primed Medical Services Komarock", "created": "2013-05-04T07:42:05.953000+00:00", "regulatory_body": {"name": "Nursing Council of Kenya (Private Practice)"}, "facility_type": {"name": "Medical Clinic"}, "plot_number": null, "operation_status": {"name": "Operational"}, "number_of_beds": 2}, {"code": 19452, "location_desc": null, "official_name": "Eastern Medical Clinic", "owner": {"name": "Private Practice - Unspecified"}, "keph_level": {"name": "Level 2"}, "ward": {"code": 1416}, "number_of_cots": 1, "name": "Eastern Medical Clinic", "created": "2013-05-04T07:57:30.240000+00:00", "regulatory_body": {"name": "Nursing Council of Kenya (Private Practice)"}, "facility_type": {"name": "Medical Clinic"}, "plot_number": null, "operation_status": {"name": "Operational"}, "number_of_beds": 2}, {"code": 19453, "location_desc": "Behind kayole One", "official_name": "Afya Medical Services", "owner": {"name": "Private Practice - Unspecified"}, "keph_level": {"name": "Level 2"}, "ward": {"code": 1416}, "number_of_cots": 1, "town": {"name": "kayole market corner"}, "name": "Afya Medical Services", "created": "2013-05-04T08:10:00.870000+00:00", "regulatory_body": {"name": "Nursing Council of Kenya (Private Practice)"}, "facility_type": {"name": "Medical Clinic"}, "plot_number": "127/614", "operation_status": {"name": "Operational"}, "number_of_beds": 2}, {"code": 19454, "location_desc": "Near Tassia Juction", "official_name": "Mwatate Healthcare Centre", "owner": {"name": "Non-Governmental Organizations"}, "keph_level": {"name": "Level 2"}, "ward": {"code": 1383}, "number_of_cots": 2, "town": {"name": "tassia"}, "name": "Mwatate Healthcare Centre", "created": "2013-05-04T08:38:17.247000+00:00", "regulatory_body": {"name": "Nursing Council of Kenya (Private Practice)"}, "facility_type": {"name": "Medical Clinic"}, "plot_number": "411", "operation_status": {"name": "Operational"}, "number_of_beds": 3}, {"code": 19455, "location_desc": "Neae Tassia Catholic Church", "official_name": "Communal Oriented Service International Centre", "owner": {"name": "Private Practice - General Practitioner"}, "keph_level": {"name": "Level 3"}, "ward": {"code": 1424}, "number_of_cots": 4, "town": {"name": "tassia"}, "name": "Communal Oriented Service International Centre", "created": "2013-05-04T12:39:48.227000+00:00", "regulatory_body": {"name": "Nursing Council of Kenya (Private Practice)"}, "facility_type": {"name": "Health Centre"}, "plot_number": null, "operation_status": {"name": "Operational"}, "number_of_beds": 16}, {"code": 19456, "location_desc": "Near Tassia Catholic church", "official_name": "Romieva  Medical Centre Tassia", "owner": {"name": "Non-Governmental Organizations"}, "keph_level": {"name": "Level 2"}, "ward": {"code": 1424}, "number_of_cots": 1, "town": {"name": "tassia"}, "name": "Romieva Medical Centre Tassia", "created": "2013-05-04T13:03:11.060000+00:00", "regulatory_body": {"name": "Nursing Council of Kenya (Private Practice)"}, "facility_type": {"name": "Medical Clinic"}, "plot_number": null, "operation_status": {"name": "Operational"}, "number_of_beds": 2}, {"code": 19457, "location_desc": "Sited inside Greenspan Savanna", "official_name": "Aga Khan Greenspam Medical Centre", "owner": {"name": "Private Practice - Unspecified"}, "keph_level": {"name": "Level 2"}, "ward": {"code": 1424}, "number_of_cots": 1, "town": {"name": "donholm"}, "name": "Aga Khan Greenspam Medical Centre", "created": "2013-05-04T17:13:28.417000+00:00", "regulatory_body": {"name": "Kenya MPDB - Private Practice"}, "facility_type": {"name": "Medical Clinic"}, "plot_number": null, "operation_status": {"name": "Operational"}, "number_of_beds": 2}, {"code": 19458, "location_desc": "Opposite Umoja Health Centre", "official_name": "Innercore Medical Clinic", "owner": {"name": "Private Practice - Unspecified"}, "keph_level": {"name": "Level 2"}, "ward": {"code": 1426}, "number_of_cots": 1, "name": "Innercore Medical Clinic", "created": "2013-05-04T17:31:55.253000+00:00", "regulatory_body": {"name": "Clinical Officers Council"}, "facility_type": {"name": "Medical Clinic"}, "plot_number": null, "operation_status": {"name": "Operational"}, "number_of_beds": 2}, {"code": 19459, "location_desc": null, "official_name": " Iqlas Medical Clinic", "owner": {"name": "Private Practice - Clinical Officer"}, "keph_level": {"name": "Level 2"}, "ward": {"code": 132}, "number_of_cots": 0, "name": "Iqlas Medical Clinic", "created": "2013-05-05T08:08:42.093000+00:00", "regulatory_body": {"name": "Clinical Officers Council"}, "facility_type": {"name": "Medical Clinic"}, "plot_number": null, "operation_status": {"name": "Operational"}, "number_of_beds": 0}, {"code": 19460, "location_desc": null, "official_name": " Garissa Pride Healthcare", "owner": {"name": "Private Practice - Nurse / Midwife"}, "keph_level": {"name": "Level 2"}, "ward": {"code": 131}, "number_of_cots": 0, "name": "Garissa Pride Healthcare", "created": "2013-05-05T08:26:58.120000+00:00", "regulatory_body": {"name": "Nursing Council of Kenya (Private Practice)"}, "facility_type": {"name": "Medical Clinic"}, "plot_number": null, "operation_status": {"name": "Operational"}, "number_of_beds": 0}, {"code": 19461, "location_desc": null, "official_name": "Al-Ramah Healthcare", "owner": {"name": "Private Practice - Nurse / Midwife"}, "keph_level": {"name": "Level 2"}, "ward": {"code": 131}, "number_of_cots": 0, "name": "Al-Ramah Healthcare", "created": "2013-05-05T08:34:54.813000+00:00", "regulatory_body": {"name": "Nursing Council of Kenya (Private Practice)"}, "facility_type": {"name": "Medical Clinic"}, "plot_number": null, "operation_status": {"name": "Operational"}, "number_of_beds": 0}, {"code": 19462, "location_desc": null, "official_name": "Avenue Health Care (Makadara", "owner": {"name": "Private Practice - General Practitioner"}, "keph_level": {"name": "Level 2"}, "ward": {"code": 1431}, "number_of_cots": 0, "town": {"name": "lungalunga"}, "name": "Avenue Health Care (Makadara)", "created": "2013-05-05T12:10:30.733000+00:00", "regulatory_body": {"name": "Kenya MPDB - Private Practice"}, "facility_type": {"name": "Medical Clinic"}, "plot_number": null, "operation_status": {"name": "Operational"}, "number_of_beds": 0}, {"code": 19463, "location_desc": null, "official_name": "Metropolitan Dr Plaza", "owner": {"name": "Private Practice - General Practitioner"}, "keph_level": {"name": "Level 2"}, "ward": {"code": 1430}, "number_of_cots": 0, "town": {"name": "jericho market"}, "name": "Metropolitan Dr Plaza", "created": "2013-05-05T12:17:52.480000+00:00", "regulatory_body": {"name": "Kenya MPDB - Private Practice"}, "facility_type": {"name": "Medical Clinic"}, "plot_number": null, "operation_status": {"name": "Operational"}, "number_of_beds": 0}, {"code": 19464, "location_desc": "Located at Reinsurance Plaza", "official_name": "Aga Khan Reinsurance Plaza Lab", "owner": {"name": "Private Practice - Unspecified"}, "keph_level": {"name": "Level 2"}, "ward": {"code": 1439}, "number_of_cots": 0, "town": {"name": "city market"}, "name": "Aga Khan Reinsurance Plaza Lab", "created": "2013-05-05T12:18:12.293000+00:00", "regulatory_body": {"name": "Kenya Medical Laboratory, Tech & Technologists Board"}, "facility_type": {"name": "Laboratory (Stand-alone)"}, "plot_number": null, "operation_status": {"name": "Operational"}, "number_of_beds": 0}, {"code": 19465, "location_desc": "swamp", "official_name": "Orient Medical Care", "owner": {"name": "Private Practice - Nurse / Midwife"}, "keph_level": {"name": "Level 2"}, "ward": {"code": 1378}, "number_of_cots": 0, "town": {"name": "riruta shopping centre"}, "name": "Orient Medical Care", "created": "2013-05-05T12:18:28.457000+00:00", "regulatory_body": {"name": "Nursing Council of Kenya (Private Practice)"}, "facility_type": {"name": "Dispensary"}, "plot_number": null, "operation_status": {"name": "Operational"}, "number_of_beds": 0}, {"code": 19467, "location_desc": null, "official_name": "Access Afya", "owner": {"name": "Private Practice - General Practitioner"}, "keph_level": {"name": "Level 2"}, "ward": {"code": 1444}, "number_of_cots": 0, "town": {"name": "s.b shopping centre"}, "name": "Access Afya", "created": "2013-05-05T12:26:02.930000+00:00", "regulatory_body": {"name": "Kenya MPDB - Private Practice"}, "facility_type": {"name": "Medical Clinic"}, "plot_number": null, "operation_status": {"name": "Operational"}, "number_of_beds": 0}, {"code": 19468, "location_desc": "Located at Afya Centre", "official_name": "Dr Jemmah  & Nyawange Med Clinic", "owner": {"name": "Private Practice - General Practitioner"}, "keph_level": {"name": "Level 2"}, "ward": {"code": 1439}, "number_of_cots": 0, "name": "Dr Jemmah & Nyawange Med Clinic", "created": "2013-05-05T12:26:47.220000+00:00", "regulatory_body": {"name": "Kenya MPDB - Private Practice"}, "facility_type": {"name": "Medical Clinic"}, "plot_number": null, "operation_status": {"name": "Operational"}, "number_of_beds": 0}, {"code": 19469, "location_desc": "car wash", "official_name": "Imani Health Servises", "owner": {"name": "Private Practice - Nurse / Midwife"}, "keph_level": {"name": "Level 3"}, "ward": {"code": 1380}, "number_of_cots": 0, "town": {"name": "waithaka shoping centre"}, "name": "Imani Health Servises", "created": "2013-05-05T12:31:35.540000+00:00", "regulatory_body": {"name": "Clinical Officers Council"}, "facility_type": {"name": "Health Centre"}, "plot_number": null, "operation_status": {"name": "Operational"}, "number_of_beds": 4}, {"code": 19470, "location_desc": "Located at Corner hse", "official_name": "Corner Hse Med Lab", "owner": {"name": "Private Practice - Unspecified"}, "keph_level": {"name": "Level 2"}, "ward": {"code": 1439}, "number_of_cots": 0, "name": "Corner Hse Med Laboratory", "created": "2013-05-05T12:32:09.237000+00:00", "regulatory_body": {"name": "Kenya Medical Laboratory, Tech & Technologists Board"}, "facility_type": {"name": "Laboratory (Stand-alone)"}, "plot_number": null, "operation_status": {"name": "Operational"}, "number_of_beds": 0}, {"code": 19471, "location_desc": "NEAR EQUITY BANK EASTLEIGH", "official_name": "IOM WELLNESS CLINIC", "owner": {"name": "Non-Governmental Organizations"}, "keph_level": {"name": "Level 2"}, "ward": {"code": 1437}, "number_of_cots": 0, "town": {"name": "garissa lodge"}, "name": "Iom Wellness Clinic", "created": "2013-05-05T12:32:25.083000+00:00", "regulatory_body": {"name": "Kenya MPDB - Institution"}, "facility_type": {"name": "Medical Clinic"}, "plot_number": null, "operation_status": {"name": "Operational"}, "number_of_beds": 2}, {"code": 19472, "location_desc": null, "official_name": "Hamza Medical Centre", "owner": {"name": "Private Practice - Clinical Officer"}, "keph_level": {"name": "Level 2"}, "ward": {"code": 1431}, "number_of_cots": 0, "town": {"name": "hamza"}, "name": "Hamza Medical Centre", "created": "2013-05-05T12:35:34.360000+00:00", "regulatory_body": {"name": "Kenya MPDB - Private Practice"}, "facility_type": {"name": "Medical Clinic"}, "plot_number": null, "operation_status": {"name": "Operational"}, "number_of_beds": 0}, {"code": 19473, "location_desc": null, "official_name": "Maendereo Medical Clinic", "owner": {"name": "Private Practice - Nurse / Midwife"}, "keph_level": {"name": "Level 2"}, "ward": {"code": 1430}, "number_of_cots": 0, "name": "Maendereo Medical Clinic", "created": "2013-05-05T12:41:26.317000+00:00", "regulatory_body": {"name": "Kenya MPDB - Private Practice"}, "facility_type": {"name": "Medical Clinic"}, "plot_number": null, "operation_status": {"name": "Operational"}, "number_of_beds": 0}, {"code": 19474, "location_desc": "Near Bahati Health Center", "official_name": "Rapha Mission Clinic", "owner": {"name": "Christian Health Association of Kenya"}, "keph_level": {"name": "Level 2"}, "ward": {"code": 1430}, "number_of_cots": 1, "town": {"name": "bahati"}, "name": "Rapha Mission Clinic", "created": "2013-05-05T12:44:31.703000+00:00", "regulatory_body": {"name": "Kenya MPDB - Private Practice"}, "facility_type": {"name": "Medical Clinic"}, "plot_number": null, "operation_status": {"name": "Operational"}, "number_of_beds": 2}, {"code": 19475, "location_desc": "Central Busines District", "official_name": "Rinah Health Consultants", "owner": {"name": "Private Practice - Medical Specialist"}, "keph_level": {"name": "Level 2"}, "ward": {"code": 1439}, "number_of_cots": 0, "town": {"name": "cbd"}, "name": "Rinah Health Consultants", "created": "2013-05-05T12:46:29.983000+00:00", "regulatory_body": {"name": "Kenya MPDB - Private Practice"}, "facility_type": {"name": "Medical Clinic"}, "plot_number": null, "operation_status": {"name": "Operational"}, "number_of_beds": 0}, {"code": 19476, "location_desc": null, "official_name": "Upendo Clinic Makadara", "owner": {"name": "Private Practice - Nurse / Midwife"}, "keph_level": {"name": "Level 2"}, "ward": {"code": 1430}, "number_of_cots": 0, "town": {"name": "hamza"}, "name": "Upendo Clinic Makadara", "created": "2013-05-05T12:47:02.850000+00:00", "regulatory_body": {"name": "Kenya MPDB - Private Practice"}, "facility_type": {"name": "Medical Clinic"}, "plot_number": null, "operation_status": {"name": "Unknown"}, "number_of_beds": 0}, {"code": 19477, "location_desc": "Located in Drop In Centre(Ngara)", "official_name": "Nairobi Outreach Services Trust", "owner": {"name": "Private Practice - General Practitioner"}, "keph_level": {"name": "Level 2"}, "ward": {"code": 1440}, "number_of_cots": 0, "town": {"name": "cbd"}, "name": "Nairobi Outreach Services Trust", "created": "2013-05-05T12:51:16.493000+00:00", "regulatory_body": {"name": "Kenya MPDB - Private Practice"}, "facility_type": {"name": "Medical Clinic"}, "plot_number": null, "operation_status": {"name": "Operational"}, "number_of_beds": 0}, {"code": 19478, "location_desc": null, "official_name": "Millenium Dental Clinic", "owner": {"name": "Private Practice - General Practitioner"}, "keph_level": {"name": "Level 2"}, "ward": {"code": 1431}, "number_of_cots": 0, "town": {"name": "buruburu shopping centre"}, "name": "Millenium Dental Clinic", "created": "2013-05-05T12:53:44.287000+00:00", "regulatory_body": {"name": "Kenya MPDB - Private Practice"}, "facility_type": {"name": "Medical Clinic"}, "plot_number": null, "operation_status": {"name": "Operational"}, "number_of_beds": 0}, {"code": 19479, "location_desc": "opposite Equity Bank", "official_name": "Nile Medical Care", "owner": {"name": "Private Practice - Clinical Officer"}, "keph_level": {"name": "Level 2"}, "ward": {"code": 1376}, "number_of_cots": 0, "town": {"name": "dagoretti market"}, "name": "Nile Medical Care", "created": "2013-05-05T12:55:32.643000+00:00", "regulatory_body": {"name": "Clinical Officers Council"}, "facility_type": {"name": "Dispensary"}, "plot_number": null, "operation_status": {"name": "Operational"}, "number_of_beds": 0}, {"code": 19480, "location_desc": "Located in CBD-Tubman Road", "official_name": "Dr. Parmar Medical Clinic", "owner": {"name": "Private Practice - General Practitioner"}, "keph_level": {"name": "Level 2"}, "ward": {"code": 1439}, "number_of_cots": 0, "name": "Dr Parmar Medical Clinic (Nairobi)", "created": "2013-05-05T12:57:05.247000+00:00", "regulatory_body": {"name": "Kenya MPDB - Private Practice"}, "facility_type": {"name": "Medical Clinic"}, "plot_number": null, "operation_status": {"name": "Operational"}, "number_of_beds": 0}, {"code": 19481, "location_desc": null, "official_name": "Lumumba Medical clinic", "owner": {"name": "Private Practice - Clinical Officer"}, "keph_level": {"name": "Level 2"}, "ward": {"code": 1430}, "number_of_cots": 0, "town": {"name": "jericho shopping centre"}, "name": "Lumumba Medical Clinic", "created": "2013-05-05T12:59:16.223000+00:00", "regulatory_body": {"name": "Kenya MPDB - Private Practice"}, "facility_type": {"name": "Medical Clinic"}, "plot_number": null, "operation_status": {"name": "Operational"}, "number_of_beds": 0}, {"code": 19482, "location_desc": null, "official_name": "Medanta Africare", "owner": {"name": "Private Practice - General Practitioner"}, "keph_level": {"name": "Level 2"}, "ward": {"code": 1371}, "number_of_cots": 0, "name": "Medanta Africare", "created": "2013-05-05T13:01:41.087000+00:00", "regulatory_body": {"name": "Kenya MPDB - Institution"}, "facility_type": {"name": "Medical Centre"}, "plot_number": null, "operation_status": {"name": "Operational"}, "number_of_beds": 0}, {"code": 19483, "location_desc": "In CBD", "official_name": "Philis Medical Lab", "owner": {"name": "Private Practice - Unspecified"}, "keph_level": {"name": "Level 2"}, "ward": {"code": 1439}, "number_of_cots": 0, "name": "Philis Medical Laboratory", "created": "2013-05-05T13:01:58.230000+00:00", "regulatory_body": {"name": "Kenya Medical Laboratory, Tech & Technologists Board"}, "facility_type": {"name": "Laboratory (Stand-alone)"}, "plot_number": null, "operation_status": {"name": "Operational"}, "number_of_beds": 0}, {"code": 19484, "location_desc": null, "official_name": "Abby Clinic", "owner": {"name": "Private Enterprise (Institution)"}, "keph_level": {"name": "Level 2"}, "ward": {"code": 1369}, "number_of_cots": 1, "name": "Abby Clinic", "created": "2013-05-05T13:02:02.020000+00:00", "regulatory_body": {"name": "Kenya MPDB - Institution"}, "facility_type": {"name": "Medical Clinic"}, "plot_number": null, "operation_status": {"name": "Operational"}, "number_of_beds": 1}, {"code": 19485, "location_desc": "Near Nakumat Prestige", "official_name": "VIPS Health Servises", "owner": {"name": "Private Enterprise (Institution)"}, "keph_level": {"name": "Level 2"}, "ward": {"code": 1389}, "number_of_cots": 0, "town": {"name": "nakumatt prestige"}, "name": "Vips Health Servises", "created": "2013-05-05T13:03:25.747000+00:00", "regulatory_body": {"name": "Kenya MPDB - Private Practice"}, "facility_type": {"name": "Dispensary"}, "plot_number": null, "operation_status": {"name": "Operational"}, "number_of_beds": 0}, {"code": 19486, "location_desc": null, "official_name": "Credible Health centre", "owner": {"name": "Private Practice - General Practitioner"}, "keph_level": {"name": "Level 2"}, "ward": {"code": 1431}, "number_of_cots": 0, "name": "Credible Health Centre", "created": "2013-05-05T13:05:08.457000+00:00", "regulatory_body": {"name": "Kenya MPDB - Private Practice"}, "facility_type": {"name": "Medical Clinic"}, "plot_number": null, "operation_status": {"name": "Operational"}, "number_of_beds": 0}, {"code": 19487, "location_desc": null, "official_name": "Rafiki Medical Clinic", "owner": {"name": "Private Practice - Unspecified"}, "keph_level": {"name": "Level 2"}, "ward": {"code": 1370}, "number_of_cots": 0, "name": "Rafiki Medical Clinic (Westlands)", "created": "2013-05-05T13:07:26.923000+00:00", "regulatory_body": {"name": "Kenya MPDB - Institution"}, "facility_type": {"name": "Medical Clinic"}, "plot_number": null, "operation_status": {"name": "Operational"}, "number_of_beds": 0}, {"code": 19488, "location_desc": null, "official_name": "Kamili Organization", "owner": {"name": "Non-Governmental Organizations"}, "keph_level": {"name": "Level 2"}, "ward": {"code": 1366}, "number_of_cots": 0, "name": "Kamili Organization", "created": "2013-05-05T13:08:20.743000+00:00", "regulatory_body": {"name": "Kenya MPDB - Institution"}, "facility_type": {"name": "Medical Clinic"}, "plot_number": null, "operation_status": {"name": "Operational"}, "number_of_beds": 0}, {"code": 19490, "location_desc": "Near riruta h/c", "official_name": "Jellin Medical Clinic", "owner": {"name": "Private Practice - Nurse / Midwife"}, "keph_level": {"name": "Level 2"}, "ward": {"code": 1378}, "number_of_cots": 0, "name": "Jellin Medical Clinic", "created": "2013-05-05T13:10:47.713000+00:00", "regulatory_body": {"name": "Nursing Council of Kenya (Private Practice)"}, "facility_type": {"name": "Dispensary"}, "plot_number": null, "operation_status": {"name": "Operational"}, "number_of_beds": 0}, {"code": 19491, "location_desc": null, "official_name": "Victory Medicare", "owner": {"name": "Private Practice - Medical Specialist"}, "keph_level": {"name": "Level 2"}, "ward": {"code": 1369}, "number_of_cots": 0, "name": "Victory Medicare", "created": "2013-05-05T13:11:36.213000+00:00", "regulatory_body": {"name": "Other"}, "facility_type": {"name": "Medical Clinic"}, "plot_number": null, "operation_status": {"name": "Operational"}, "number_of_beds": 0}, {"code": 19492, "location_desc": "Located along Taveta Rd(Near Odeon Cinema) and opposite Shell Petrol station", "official_name": "Odeon Medical centre", "owner": {"name": "Private Practice - General Practitioner"}, "keph_level": {"name": "Level 2"}, "ward": {"code": 1439}, "number_of_cots": 0, "name": "Odeon Medical Centre (Nairobi)", "created": "2013-05-05T13:11:56.900000+00:00", "regulatory_body": {"name": "Kenya MPDB - Private Practice"}, "facility_type": {"name": "Medical Clinic"}, "plot_number": null, "operation_status": {"name": "Operational"}, "number_of_beds": 0}, {"code": 19493, "location_desc": null, "official_name": "Medical Link Integrated Health Program", "owner": {"name": "Non-Governmental Organizations"}, "keph_level": {"name": "Level 2"}, "ward": {"code": 1408}, "number_of_cots": 0, "name": "Medical Link Integrated Health Program", "created": "2013-05-05T13:12:00.237000+00:00", "regulatory_body": {"name": "Kenya MPDB - Private Practice"}, "facility_type": {"name": "Medical Clinic"}, "plot_number": null, "operation_status": {"name": "Pending Opening"}, "number_of_beds": 0}, {"code": 19494, "location_desc": null, "official_name": "Westlands Medical Centre", "owner": {"name": "Non-Governmental Organizations"}, "keph_level": {"name": "Level 2"}, "ward": {"code": 1367}, "number_of_cots": 2, "name": "Westlands Medical Centre", "created": "2013-05-05T13:13:10.580000+00:00", "regulatory_body": {"name": "Pharmacy & Poisons Board"}, "facility_type": {"name": "Medical Clinic"}, "plot_number": null, "operation_status": {"name": "Operational"}, "number_of_beds": 2}, {"code": 19495, "location_desc": null, "official_name": "Riverside Medical Centre", "owner": {"name": "Private Practice - Unspecified"}, "keph_level": {"name": "Level 2"}, "ward": {"code": 1371}, "number_of_cots": 0, "name": "Riverside Medical Centre", "created": "2013-05-05T13:14:52.443000+00:00", "regulatory_body": {"name": "Kenya MPDB - Institution"}, "facility_type": {"name": "Health Centre"}, "plot_number": null, "operation_status": {"name": "Operational"}, "number_of_beds": 0}, {"code": 19496, "location_desc": null, "official_name": "Medical Clinic", "owner": {"name": "Private Practice - Clinical Officer"}, "keph_level": {"name": "Level 2"}, "ward": {"code": 1370}, "number_of_cots": 0, "name": "Medical Clinic", "created": "2013-05-05T13:18:13.077000+00:00", "regulatory_body": {"name": "Kenya MPDB - Institution"}, "facility_type": {"name": "Medical Clinic"}, "plot_number": null, "operation_status": {"name": "Operational"}, "number_of_beds": 0}, {"code": 19497, "location_desc": null, "official_name": "Health Care Services", "owner": {"name": "Private Practice - General Practitioner"}, "keph_level": {"name": "Level 2"}, "ward": {"code": 1432}, "number_of_cots": 0, "name": "Health Care Services", "created": "2013-05-05T13:18:15.073000+00:00", "regulatory_body": {"name": "Kenya MPDB - Private Practice"}, "facility_type": {"name": "Medical Clinic"}, "plot_number": null, "operation_status": {"name": "Operational"}, "number_of_beds": 0}, {"code": 19498, "location_desc": "Located along River Road", "official_name": "Premier Laboratory", "owner": {"name": "Private Practice - Unspecified"}, "keph_level": {"name": "Level 2"}, "ward": {"code": 1439}, "number_of_cots": 0, "name": "Premier Laboratory (Nairobi)", "created": "2013-05-05T13:18:30.893000+00:00", "regulatory_body": {"name": "Kenya Medical Laboratory, Tech & Technologists Board"}, "facility_type": {"name": "Laboratory (Stand-alone)"}, "plot_number": null, "operation_status": {"name": "Operational"}, "number_of_beds": 0}, {"code": 19499, "location_desc": "stage 46", "official_name": "Nyalego Medical Clinic", "owner": {"name": "Private Practice - Nurse / Midwife"}, "keph_level": {"name": "Level 2"}, "ward": {"code": 1375}, "number_of_cots": 0, "town": {"name": "stage 46"}, "name": "Nyalego Medical Clinic", "created": "2013-05-05T13:19:33.387000+00:00", "regulatory_body": {"name": "Nursing Council of Kenya (Private Practice)"}, "facility_type": {"name": "Dispensary"}, "plot_number": null, "operation_status": {"name": "Operational"}, "number_of_beds": 0}, {"code": 19500, "location_desc": null, "official_name": "Mutathamia Medical Clinic", "owner": {"name": "Private Enterprise (Institution)"}, "keph_level": {"name": "Level 2"}, "ward": {"code": 1370}, "number_of_cots": 1, "name": "Mutathamia Medical Clinic", "created": "2013-05-05T13:19:38.597000+00:00", "regulatory_body": {"name": "Other"}, "facility_type": {"name": "Medical Clinic"}, "plot_number": null, "operation_status": {"name": "Operational"}, "number_of_beds": 2}, {"code": 19501, "location_desc": null, "official_name": "Dr Minesh Shah Dental Surgeon", "owner": {"name": "Company Medical Service"}, "keph_level": {"name": "Level 2"}, "ward": {"code": 1367}, "number_of_cots": 1, "name": "Dr Minesh Shah Dental Surgeon", "created": "2013-05-05T13:23:25.733000+00:00", "regulatory_body": {"name": "Kenya MPDB - Private Practice"}, "facility_type": {"name": "Medical Clinic"}, "plot_number": null, "operation_status": {"name": "Operational"}, "number_of_beds": 2}, {"code": 19502, "location_desc": null, "official_name": "X Press Medical Clinic", "owner": {"name": "Private Practice - Unspecified"}, "keph_level": {"name": "Level 2"}, "ward": {"code": 1369}, "number_of_cots": 1, "name": "X Press Medical Clinic", "created": "2013-05-05T13:23:46.700000+00:00", "regulatory_body": {"name": "Kenya MPDB - Institution"}, "facility_type": {"name": "Medical Clinic"}, "plot_number": null, "operation_status": {"name": "Operational"}, "number_of_beds": 2}, {"code": 19503, "location_desc": "Located along Latema Rd", "official_name": "Latema Medical Services", "owner": {"name": "Private Practice - Unspecified"}, "keph_level": {"name": "Level 2"}, "ward": {"code": 1439}, "number_of_cots": 0, "name": "Latema Medical Services (Nairobi)", "created": "2013-05-05T13:23:46.770000+00:00", "regulatory_body": {"name": "Kenya MPDB - Private Practice"}, "facility_type": {"name": "Medical Clinic"}, "plot_number": null, "operation_status": {"name": "Operational"}, "number_of_beds": 0}, {"code": 19504, "location_desc": "Mimosa", "official_name": "Child Doctor Kenya", "owner": {"name": "Private Enterprise (Institution)"}, "keph_level": {"name": "Level 2"}, "ward": {"code": 1389}, "number_of_cots": 0, "town": {"name": "mimosa"}, "name": "Child Doctor Kenya", "created": "2013-05-05T13:27:17.270000+00:00", "regulatory_body": {"name": "Kenya MPDB - Private Practice"}, "facility_type": {"name": "Dispensary"}, "plot_number": null, "operation_status": {"name": "Operational"}, "number_of_beds": 0}, {"code": 19505, "location_desc": "Along waiyaki way,  next to Desmon Tutu Conference centre, church road, around Toyota Kenya", "official_name": "Medanta Africare Medical Centre (Waiyaki way)", "owner": {"name": "Private Enterprise (Institution)"}, "keph_level": {"name": "Level 3"}, "ward": {"code": 1367}, "number_of_cots": 0, "town": {"name": "westlands sarit centre"}, "name": "Medanta Africare Medical Centre", "created": "2013-05-05T13:28:03.523000+00:00", "regulatory_body": {"name": "Kenya MPDB - Institution"}, "facility_type": {"name": "Medical Centre"}, "plot_number": null, "operation_status": {"name": "Operational"}, "number_of_beds": 13}, {"code": 19506, "location_desc": "Located at Tumaini House", "official_name": "Professional diagnostic Centre", "owner": {"name": "Private Practice - Unspecified"}, "keph_level": {"name": "Level 2"}, "ward": {"code": 1439}, "number_of_cots": 0, "town": {"name": "city market"}, "name": "Professional Diagnostic Centre (Nairobi)", "created": "2013-05-05T13:30:03.970000+00:00", "regulatory_body": {"name": "Kenya Medical Laboratory, Tech & Technologists Board"}, "facility_type": {"name": "Laboratory (Stand-alone)"}, "plot_number": null, "operation_status": {"name": "Operational"}, "number_of_beds": 0}, {"code": 19507, "location_desc": null, "official_name": "Upendo Medical Clinic", "owner": {"name": "Private Practice - Unspecified"}, "keph_level": {"name": "Level 2"}, "ward": {"code": 1369}, "number_of_cots": 0, "name": "Upendo Medical Clinic", "created": "2013-05-05T13:32:49.143000+00:00", "regulatory_body": {"name": "Kenya MPDB - Institution"}, "facility_type": {"name": "Medical Clinic"}, "plot_number": null, "operation_status": {"name": "Operational"}, "number_of_beds": 0}, {"code": 19508, "location_desc": "Ngando Chiefs Camp", "official_name": "Local Aid Organization", "owner": {"name": "Private Enterprise (Institution)"}, "keph_level": {"name": "Level 2"}, "ward": {"code": 1377}, "number_of_cots": 0, "name": "Local Aid Organization", "created": "2013-05-05T13:36:16.297000+00:00", "regulatory_body": {"name": "Nursing Council of Kenya (Private Practice)"}, "facility_type": {"name": "Dispensary"}, "plot_number": null, "operation_status": {"name": "Operational"}, "number_of_beds": 0}, {"code": 19509, "location_desc": "kawagware market", "official_name": "New Riruta Medical Clinic", "owner": {"name": "Private Enterprise (Institution)"}, "keph_level": {"name": "Level 2"}, "ward": {"code": 1366}, "number_of_cots": 0, "town": {"name": "kawagware market"}, "name": "New Riruta Medical Clinic", "created": "2013-05-05T13:43:12.863000+00:00", "regulatory_body": {"name": "Nursing Council of Kenya (Private Practice)"}, "facility_type": {"name": "Dispensary"}, "plot_number": null, "operation_status": {"name": "Operational"}, "number_of_beds": 0}, {"code": 19511, "location_desc": "After the railway line bridge crossing to lindi known as darajani.", "official_name": "Nakhayo Medical Clinic", "owner": {"name": "Private Enterprise (Institution)"}, "keph_level": {"name": "Level 2"}, "ward": {"code": 1387}, "number_of_cots": 0, "name": "Nakhayo Medical Clinic", "created": "2013-05-05T13:44:57.510000+00:00", "regulatory_body": {"name": "Kenya MPDB - Institution"}, "facility_type": {"name": "Medical Clinic"}, "plot_number": null, "operation_status": {"name": "Operational"}, "number_of_beds": 0}, {"code": 19512, "location_desc": null, "official_name": "Mafra Clinic", "owner": {"name": "Non-Governmental Organizations"}, "keph_level": {"name": "Level 2"}, "ward": {"code": 1369}, "number_of_cots": 0, "name": "Mafra Clinic", "created": "2013-05-05T13:45:56.353000+00:00", "regulatory_body": {"name": "Kenya MPDB - Institution"}, "facility_type": {"name": "Medical Clinic"}, "plot_number": null, "operation_status": {"name": "Operational"}, "number_of_beds": 5}, {"code": 19513, "location_desc": "Near good sherphed academy", "official_name": "Kawangware Health Centre", "owner": {"name": "Private Enterprise (Institution)"}, "keph_level": {"name": "Level 2"}, "ward": {"code": 1372}, "number_of_cots": 0, "name": "Kawangware Health Centre", "created": "2013-05-05T13:49:45.797000+00:00", "regulatory_body": {"name": "Nursing Council of Kenya (Private Practice)"}, "facility_type": {"name": "Dispensary"}, "plot_number": null, "operation_status": {"name": "Operational"}, "number_of_beds": 0}, {"code": 19514, "location_desc": null, "official_name": "Blessed Medical Clinic", "owner": {"name": "Private Enterprise (Institution)"}, "keph_level": {"name": "Level 2"}, "ward": {"code": 1387}, "number_of_cots": 0, "name": "Blessed Medical Clinic", "created": "2013-05-05T13:50:42.690000+00:00", "regulatory_body": {"name": "Kenya MPDB - Institution"}, "facility_type": {"name": "Medical Clinic"}, "plot_number": null, "operation_status": {"name": "Operational"}, "number_of_beds": 0}, {"code": 19515, "location_desc": null, "official_name": "Afya Bora Health Care", "owner": {"name": "Non-Governmental Organizations"}, "keph_level": {"name": "Level 2"}, "ward": {"code": 1369}, "number_of_cots": 1, "name": "Afya Bora Health Care", "created": "2013-05-05T13:52:14.780000+00:00", "regulatory_body": {"name": "Kenya MPDB - Institution"}, "facility_type": {"name": "Medical Clinic"}, "plot_number": null, "operation_status": {"name": "Operational"}, "number_of_beds": 12}, {"code": 19516, "location_desc": null, "official_name": "DHS Ghataura", "owner": {"name": "Private Practice - General Practitioner"}, "keph_level": {"name": "Level 2"}, "ward": {"code": 1367}, "number_of_cots": 0, "name": "Dhs Ghataura", "created": "2013-05-05T13:54:50.797000+00:00", "regulatory_body": {"name": "Kenya MPDB - Institution"}, "facility_type": {"name": "Medical Clinic"}, "plot_number": null, "operation_status": {"name": "Operational"}, "number_of_beds": 0}, {"code": 19517, "location_desc": "Ngando chiefs camp", "official_name": "Elimu Medical Clinic", "owner": {"name": "Private Enterprise (Institution)"}, "keph_level": {"name": "Level 2"}, "ward": {"code": 1377}, "number_of_cots": 0, "town": {"name": "ngando chiefs camp"}, "name": "Elimu Medical Clinic", "created": "2013-05-05T13:56:41.337000+00:00", "regulatory_body": {"name": "Nursing Council of Kenya (Private Practice)"}, "facility_type": {"name": "Dispensary"}, "plot_number": null, "operation_status": {"name": "Operational"}, "number_of_beds": 0}, {"code": 19519, "location_desc": "Mfangano Street", "official_name": "Medisafe Medical Labarotory", "owner": {"name": "Private Practice - General Practitioner"}, "keph_level": {"name": "Level 2"}, "ward": {"code": 1439}, "number_of_cots": 0, "town": {"name": "city market"}, "name": "Medisafe Medical Labaratoty", "created": "2013-05-05T13:58:21.393000+00:00", "regulatory_body": {"name": "Kenya MPDB - Private Practice"}, "facility_type": {"name": "Laboratory (Stand-alone)"}, "plot_number": null, "operation_status": {"name": "Operational"}, "number_of_beds": 0}, {"code": 19520, "location_desc": null, "official_name": "Aculaser Institute", "owner": {"name": "Private Enterprise (Institution)"}, "keph_level": {"name": "Level 3"}, "ward": {"code": 1368}, "number_of_cots": 1, "name": "Aculaser Institute", "created": "2013-05-05T14:00:11.017000+00:00", "regulatory_body": {"name": "Kenya MPDB - Institution"}, "facility_type": {"name": "Training Institution in Health (Stand-alone)"}, "plot_number": null, "operation_status": {"name": "Operational"}, "number_of_beds": 4}, {"code": 19521, "location_desc": "Ngando chiefs camp", "official_name": "Providence Whole Care", "owner": {"name": "Private Enterprise (Institution)"}, "keph_level": {"name": "Level 2"}, "ward": {"code": 1377}, "number_of_cots": 0, "town": {"name": "ngando chiefs camp"}, "name": "Providence Whole Care", "created": "2013-05-05T14:04:01.430000+00:00", "regulatory_body": {"name": "Nursing Council of Kenya (Private Practice)"}, "facility_type": {"name": "Dispensary"}, "plot_number": null, "operation_status": {"name": "Operational"}, "number_of_beds": 0}, {"code": 19522, "location_desc": "In CBD", "official_name": "Dr. J.L. Amugugaba Clinic", "owner": {"name": "Private Practice - General Practitioner"}, "keph_level": {"name": "Level 2"}, "ward": {"code": 1439}, "number_of_cots": 0, "town": {"name": "city market"}, "name": "Dr J L Amugugaba Clinic (Nairobi)", "created": "2013-05-05T14:06:32.360000+00:00", "regulatory_body": {"name": "Kenya MPDB - Private Practice"}, "facility_type": {"name": "Medical Clinic"}, "plot_number": null, "operation_status": {"name": "Operational"}, "number_of_beds": 0}, {"code": 19523, "location_desc": null, "official_name": "Psychological Health Services", "owner": {"name": "Ministry of Health"}, "keph_level": {"name": "Level 3"}, "ward": {"code": 1367}, "number_of_cots": 0, "name": "Psychological Health Services", "created": "2013-05-05T14:06:43.980000+00:00", "regulatory_body": {"name": "Ministry of Health"}, "facility_type": {"name": "Health Centre"}, "plot_number": null, "operation_status": {"name": "Operational"}, "number_of_beds": 0}, {"code": 19524, "location_desc": "CBD", "official_name": "Wide Medical Services", "owner": {"name": "Private Practice - General Practitioner"}, "keph_level": {"name": "Level 2"}, "ward": {"code": 1439}, "number_of_cots": 0, "town": {"name": "city market"}, "name": "Wide Medical Services", "created": "2013-05-05T14:08:03.090000+00:00", "regulatory_body": {"name": "Kenya MPDB - Private Practice"}, "facility_type": {"name": "Medical Clinic"}, "plot_number": null, "operation_status": {"name": "Operational"}, "number_of_beds": 0}, {"code": 19525, "location_desc": null, "official_name": "Medimark Health Care", "owner": {"name": "Private Practice - General Practitioner"}, "keph_level": {"name": "Level 2"}, "ward": {"code": 1367}, "number_of_cots": 0, "name": "Medimark Health Care", "created": "2013-05-05T14:08:37.080000+00:00", "regulatory_body": {"name": "Kenya MPDB - Institution"}, "facility_type": {"name": "Medical Clinic"}, "plot_number": null, "operation_status": {"name": "Operational"}, "number_of_beds": 0}, {"code": 19526, "location_desc": "Near kawangware market", "official_name": "Eastway Medical Centre", "owner": {"name": "Private Enterprise (Institution)"}, "keph_level": {"name": "Level 2"}, "ward": {"code": 1372}, "number_of_cots": 0, "name": "Eastway Medical Centre", "created": "2013-05-05T14:10:39.437000+00:00", "regulatory_body": {"name": "Nursing Council of Kenya (Private Practice)"}, "facility_type": {"name": "Dispensary"}, "plot_number": null, "operation_status": {"name": "Operational"}, "number_of_beds": 0}, {"code": 19527, "location_desc": null, "official_name": "University of Nairobi Health Services", "owner": {"name": "Other Public Institution"}, "keph_level": {"name": "Level 2"}, "ward": {"code": 1371}, "number_of_cots": 0, "name": "University of Nairobi Health Services", "created": "2013-05-05T14:12:44.233000+00:00", "regulatory_body": {"name": "Kenya MPDB - Institution"}, "facility_type": {"name": "Medical Clinic"}, "plot_number": null, "operation_status": {"name": "Operational"}, "number_of_beds": 0}, {"code": 19528, "location_desc": null, "official_name": "Green Cross Medical and Dental Clinic", "owner": {"name": "Private Enterprise (Institution)"}, "keph_level": {"name": "Level 2"}, "ward": {"code": 1374}, "number_of_cots": 2, "name": "Green Croos Medical and Dental Clinic", "created": "2013-05-05T14:12:50.423000+00:00", "regulatory_body": {"name": "Kenya MPDB - Institution"}, "facility_type": {"name": "Medical Clinic"}, "plot_number": null, "operation_status": {"name": "Operational"}, "number_of_beds": 1}, {"code": 19529, "location_desc": null, "official_name": "Baraka Medical Centre", "owner": {"name": "Private Practice - Medical Specialist"}, "keph_level": {"name": "Level 2"}, "ward": {"code": 1370}, "number_of_cots": 0, "name": "Baraka Medical Cenre", "created": "2013-05-05T14:17:05.953000+00:00", "regulatory_body": {"name": "Kenya MPDB - Institution"}, "facility_type": {"name": "Medical Clinic"}, "plot_number": null, "operation_status": {"name": "Operational"}, "number_of_beds": 0}], "model": "facilities.Facility", "unique_fields": ["code"]}]