[{"records": [{"facility": {"code": 20595}}, {"facility": {"code": 20594}}, {"facility": {"code": 20593}}, {"facility": {"code": 20591}}, {"facility": {"code": 20590}}, {"facility": {"code": 20589}}, {"facility": {"code": 20588}}, {"facility": {"code": 20586}}, {"facility": {"code": 20585}}, {"facility": {"code": 20584}}, {"facility": {"code": 20583}}, {"facility": {"code": 20582}}, {"facility": {"code": 20581}}, {"facility": {"code": 20580}}, {"facility": {"code": 20579}}, {"facility": {"code": 20578}}, {"facility": {"code": 20577}}, {"facility": {"code": 20576}}, {"facility": {"code": 20575}}, {"facility": {"code": 20574}}, {"facility": {"code": 20573}}, {"facility": {"code": 20572}}, {"facility": {"code": 20570}}, {"facility": {"code": 20569}}, {"facility": {"code": 20568}}, {"facility": {"code": 20567}}, {"facility": {"code": 20566}}, {"facility": {"code": 20565}}, {"facility": {"code": 20564}}, {"facility": {"code": 20562}}, {"facility": {"code": 20561}}, {"facility": {"code": 20560}}, {"facility": {"code": 20559}}, {"facility": {"code": 20558}}, {"facility": {"code": 20557}}, {"facility": {"code": 20556}}, {"facility": {"code": 20554}}, {"facility": {"code": 20553}}, {"facility": {"code": 18597}}, {"facility": {"code": 18596}}, {"facility": {"code": 18595}}, {"facility": {"code": 18593}}, {"facility": {"code": 18592}}, {"facility": {"code": 18591}}, {"facility": {"code": 18590}}, {"facility": {"code": 18589}}, {"facility": {"code": 18588}}, {"facility": {"code": 18587}}, {"facility": {"code": 18586}}, {"facility": {"code": 18584}}, {"facility": {"code": 18583}}, {"facility": {"code": 18582}}, {"facility": {"code": 18581}}, {"facility": {"code": 18579}}, {"facility": {"code": 18578}}, {"facility": {"code": 18575}}, {"facility": {"code": 18574}}, {"facility": {"code": 18573}}, {"facility": {"code": 18572}}, {"facility": {"code": 18571}}, {"facility": {"code": 18569}}, {"facility": {"code": 18568}}, {"facility": {"code": 18567}}, {"facility": {"code": 18566}}, {"facility": {"code": 18565}}, {"facility": {"code": 18564}}, {"facility": {"code": 18559}}, {"facility": {"code": 18557}}, {"facility": {"code": 18556}}, {"facility": {"code": 18555}}, {"facility": {"code": 18554}}, {"facility": {"code": 18553}}, {"facility": {"code": 18552}}, {"facility": {"code": 18551}}, {"facility": {"code": 18550}}, {"facility": {"code": 18549}}, {"facility": {"code": 18548}}, {"facility": {"code": 18547}}, {"facility": {"code": 18546}}, {"facility": {"code": 18545}}, {"facility": {"code": 18543}}, {"facility": {"code": 18542}}, {"facility": {"code": 18538}}, {"facility": {"code": 18536}}, {"facility": {"code": 18535}}, {"facility": {"code": 18534}}, {"facility": {"code": 18533}}, {"facility": {"code": 18532}}, {"facility": {"code": 18531}}, {"facility": {"code": 18530}}, {"facility": {"code": 18529}}, {"facility": {"code": 18528}}, {"facility": {"code": 18527}}, {"facility": {"code": 18525}}, {"facility": {"code": 18524}}, {"facility": {"code": 18523}}, {"facility": {"code": 18522}}, {"facility": {"code": 18521}}, {"facility": {"code": 18520}}], "unique_fields": ["facility"], "model": "facilities.FacilityApproval"}]