[{"records": [{"facility": {"code": 18110}}, {"facility": {"code": 18108}}, {"facility": {"code": 18104}}, {"facility": {"code": 18103}}, {"facility": {"code": 18102}}, {"facility": {"code": 18101}}, {"facility": {"code": 18100}}, {"facility": {"code": 18099}}, {"facility": {"code": 18098}}, {"facility": {"code": 18097}}, {"facility": {"code": 18095}}, {"facility": {"code": 18094}}, {"facility": {"code": 18091}}, {"facility": {"code": 18090}}, {"facility": {"code": 18089}}, {"facility": {"code": 18088}}, {"facility": {"code": 18087}}, {"facility": {"code": 18086}}, {"facility": {"code": 18085}}, {"facility": {"code": 18084}}, {"facility": {"code": 18083}}, {"facility": {"code": 18082}}, {"facility": {"code": 18081}}, {"facility": {"code": 18080}}, {"facility": {"code": 18079}}, {"facility": {"code": 18078}}, {"facility": {"code": 18077}}, {"facility": {"code": 18076}}, {"facility": {"code": 18075}}, {"facility": {"code": 18073}}, {"facility": {"code": 18070}}, {"facility": {"code": 18068}}, {"facility": {"code": 18067}}, {"facility": {"code": 18066}}, {"facility": {"code": 18065}}, {"facility": {"code": 18064}}, {"facility": {"code": 18063}}, {"facility": {"code": 18062}}, {"facility": {"code": 18061}}, {"facility": {"code": 18056}}, {"facility": {"code": 18055}}, {"facility": {"code": 18054}}, {"facility": {"code": 18053}}, {"facility": {"code": 18052}}, {"facility": {"code": 18051}}, {"facility": {"code": 18050}}, {"facility": {"code": 18048}}, {"facility": {"code": 18045}}, {"facility": {"code": 18044}}, {"facility": {"code": 18043}}, {"facility": {"code": 18042}}, {"facility": {"code": 18040}}, {"facility": {"code": 18039}}, {"facility": {"code": 18038}}, {"facility": {"code": 18037}}, {"facility": {"code": 18036}}, {"facility": {"code": 18035}}, {"facility": {"code": 18034}}, {"facility": {"code": 18033}}, {"facility": {"code": 18032}}, {"facility": {"code": 18031}}, {"facility": {"code": 18030}}, {"facility": {"code": 18029}}, {"facility": {"code": 18025}}, {"facility": {"code": 18023}}, {"facility": {"code": 18022}}, {"facility": {"code": 18021}}, {"facility": {"code": 18020}}, {"facility": {"code": 18019}}, {"facility": {"code": 18018}}, {"facility": {"code": 18017}}, {"facility": {"code": 18016}}, {"facility": {"code": 18015}}, {"facility": {"code": 18014}}, {"facility": {"code": 18013}}, {"facility": {"code": 18011}}, {"facility": {"code": 18010}}, {"facility": {"code": 18009}}, {"facility": {"code": 18008}}, {"facility": {"code": 18007}}, {"facility": {"code": 18006}}, {"facility": {"code": 18005}}, {"facility": {"code": 18004}}, {"facility": {"code": 18003}}, {"facility": {"code": 18002}}, {"facility": {"code": 18001}}, {"facility": {"code": 17999}}, {"facility": {"code": 17998}}, {"facility": {"code": 17997}}, {"facility": {"code": 17994}}, {"facility": {"code": 17993}}, {"facility": {"code": 17992}}, {"facility": {"code": 17990}}, {"facility": {"code": 17989}}, {"facility": {"code": 17988}}, {"facility": {"code": 17986}}, {"facility": {"code": 17985}}, {"facility": {"code": 17983}}, {"facility": {"code": 17981}}], "unique_fields": ["facility"], "model": "facilities.FacilityApproval"}]