[{"records": [{"facility": {"code": 17568}}, {"facility": {"code": 17566}}, {"facility": {"code": 17565}}, {"facility": {"code": 17564}}, {"facility": {"code": 17563}}, {"facility": {"code": 17561}}, {"facility": {"code": 17560}}, {"facility": {"code": 17559}}, {"facility": {"code": 17558}}, {"facility": {"code": 17557}}, {"facility": {"code": 17554}}, {"facility": {"code": 17553}}, {"facility": {"code": 17552}}, {"facility": {"code": 17551}}, {"facility": {"code": 17550}}, {"facility": {"code": 17548}}, {"facility": {"code": 17545}}, {"facility": {"code": 17539}}, {"facility": {"code": 17537}}, {"facility": {"code": 17536}}, {"facility": {"code": 17535}}, {"facility": {"code": 17534}}, {"facility": {"code": 17533}}, {"facility": {"code": 17532}}, {"facility": {"code": 17531}}, {"facility": {"code": 17529}}, {"facility": {"code": 17528}}, {"facility": {"code": 17527}}, {"facility": {"code": 17526}}, {"facility": {"code": 17524}}, {"facility": {"code": 17523}}, {"facility": {"code": 17522}}, {"facility": {"code": 17521}}, {"facility": {"code": 17520}}, {"facility": {"code": 17519}}, {"facility": {"code": 17517}}, {"facility": {"code": 17516}}, {"facility": {"code": 17515}}, {"facility": {"code": 17513}}, {"facility": {"code": 17512}}, {"facility": {"code": 17511}}, {"facility": {"code": 17510}}, {"facility": {"code": 17507}}, {"facility": {"code": 17505}}, {"facility": {"code": 17504}}, {"facility": {"code": 17503}}, {"facility": {"code": 17502}}, {"facility": {"code": 17501}}, {"facility": {"code": 17499}}, {"facility": {"code": 17494}}, {"facility": {"code": 17492}}, {"facility": {"code": 17491}}, {"facility": {"code": 17489}}, {"facility": {"code": 17488}}, {"facility": {"code": 17486}}, {"facility": {"code": 17484}}, {"facility": {"code": 17481}}, {"facility": {"code": 17480}}, {"facility": {"code": 17479}}, {"facility": {"code": 17478}}, {"facility": {"code": 17477}}, {"facility": {"code": 17476}}, {"facility": {"code": 17475}}, {"facility": {"code": 17474}}, {"facility": {"code": 17473}}, {"facility": {"code": 17472}}, {"facility": {"code": 17470}}, {"facility": {"code": 17469}}, {"facility": {"code": 17468}}, {"facility": {"code": 17467}}, {"facility": {"code": 17466}}, {"facility": {"code": 17465}}, {"facility": {"code": 17463}}, {"facility": {"code": 17462}}, {"facility": {"code": 17461}}, {"facility": {"code": 17460}}, {"facility": {"code": 17458}}, {"facility": {"code": 17455}}, {"facility": {"code": 17454}}, {"facility": {"code": 17451}}, {"facility": {"code": 17450}}, {"facility": {"code": 17449}}, {"facility": {"code": 17448}}, {"facility": {"code": 17447}}, {"facility": {"code": 17446}}, {"facility": {"code": 17445}}, {"facility": {"code": 17444}}, {"facility": {"code": 17443}}, {"facility": {"code": 17442}}, {"facility": {"code": 17441}}, {"facility": {"code": 17440}}, {"facility": {"code": 17439}}, {"facility": {"code": 17438}}, {"facility": {"code": 17437}}, {"facility": {"code": 17436}}, {"facility": {"code": 17435}}, {"facility": {"code": 17434}}, {"facility": {"code": 17433}}, {"facility": {"code": 17432}}], "unique_fields": ["facility"], "model": "facilities.FacilityApproval"}]