[{"records": [{"facility": {"code": 17022}}, {"facility": {"code": 17020}}, {"facility": {"code": 17019}}, {"facility": {"code": 17018}}, {"facility": {"code": 17017}}, {"facility": {"code": 17016}}, {"facility": {"code": 17015}}, {"facility": {"code": 17014}}, {"facility": {"code": 17013}}, {"facility": {"code": 17011}}, {"facility": {"code": 17010}}, {"facility": {"code": 17009}}, {"facility": {"code": 17008}}, {"facility": {"code": 17007}}, {"facility": {"code": 17005}}, {"facility": {"code": 17004}}, {"facility": {"code": 17003}}, {"facility": {"code": 17001}}, {"facility": {"code": 17000}}, {"facility": {"code": 16999}}, {"facility": {"code": 16998}}, {"facility": {"code": 16997}}, {"facility": {"code": 16996}}, {"facility": {"code": 16995}}, {"facility": {"code": 16994}}, {"facility": {"code": 16993}}, {"facility": {"code": 16992}}, {"facility": {"code": 16991}}, {"facility": {"code": 16990}}, {"facility": {"code": 16989}}, {"facility": {"code": 16987}}, {"facility": {"code": 16986}}, {"facility": {"code": 16985}}, {"facility": {"code": 16984}}, {"facility": {"code": 16983}}, {"facility": {"code": 16982}}, {"facility": {"code": 16981}}, {"facility": {"code": 16980}}, {"facility": {"code": 16979}}, {"facility": {"code": 16978}}, {"facility": {"code": 16976}}, {"facility": {"code": 16975}}, {"facility": {"code": 16974}}, {"facility": {"code": 16973}}, {"facility": {"code": 16972}}, {"facility": {"code": 16970}}, {"facility": {"code": 16968}}, {"facility": {"code": 16967}}, {"facility": {"code": 16965}}, {"facility": {"code": 16963}}, {"facility": {"code": 16962}}, {"facility": {"code": 16961}}, {"facility": {"code": 16960}}, {"facility": {"code": 16959}}, {"facility": {"code": 16958}}, {"facility": {"code": 16956}}, {"facility": {"code": 16955}}, {"facility": {"code": 16954}}, {"facility": {"code": 16953}}, {"facility": {"code": 16940}}, {"facility": {"code": 16938}}, {"facility": {"code": 16937}}, {"facility": {"code": 16936}}, {"facility": {"code": 16933}}, {"facility": {"code": 16932}}, {"facility": {"code": 16931}}, {"facility": {"code": 16930}}, {"facility": {"code": 16929}}, {"facility": {"code": 16928}}, {"facility": {"code": 16923}}, {"facility": {"code": 16922}}, {"facility": {"code": 16921}}, {"facility": {"code": 16870}}, {"facility": {"code": 16446}}, {"facility": {"code": 10515}}, {"facility": {"code": 16821}}, {"facility": {"code": 10929}}, {"facility": {"code": 15500}}, {"facility": {"code": 15176}}, {"facility": {"code": 13013}}, {"facility": {"code": 10824}}, {"facility": {"code": 13120}}, {"facility": {"code": 13131}}, {"facility": {"code": 12907}}, {"facility": {"code": 10514}}, {"facility": {"code": 10900}}, {"facility": {"code": 15720}}, {"facility": {"code": 16743}}, {"facility": {"code": 16739}}, {"facility": {"code": 16740}}, {"facility": {"code": 16741}}, {"facility": {"code": 16742}}, {"facility": {"code": 16857}}, {"facility": {"code": 12517}}, {"facility": {"code": 16238}}, {"facility": {"code": 10035}}, {"facility": {"code": 12909}}, {"facility": {"code": 10937}}, {"facility": {"code": 10174}}], "unique_fields": ["facility"], "model": "facilities.FacilityApproval"}]