[{"records": [{"facility": {"code": 10167}}, {"facility": {"code": 13141}}, {"facility": {"code": 11066}}, {"facility": {"code": 15160}}, {"facility": {"code": 10102}}, {"facility": {"code": 13613}}, {"facility": {"code": 12900}}, {"facility": {"code": 11987}}, {"facility": {"code": 13183}}, {"facility": {"code": 11239}}, {"facility": {"code": 13104}}, {"facility": {"code": 16749}}, {"facility": {"code": 16756}}, {"facility": {"code": 12843}}, {"facility": {"code": 12903}}, {"facility": {"code": 12989}}, {"facility": {"code": 11741}}, {"facility": {"code": 13782}}, {"facility": {"code": 13148}}, {"facility": {"code": 16243}}, {"facility": {"code": 12878}}, {"facility": {"code": 10659}}, {"facility": {"code": 16668}}, {"facility": {"code": 12889}}, {"facility": {"code": 13069}}, {"facility": {"code": 16755}}, {"facility": {"code": 16754}}, {"facility": {"code": 13633}}, {"facility": {"code": 16760}}, {"facility": {"code": 14115}}, {"facility": {"code": 13151}}, {"facility": {"code": 13236}}, {"facility": {"code": 11978}}, {"facility": {"code": 12278}}, {"facility": {"code": 11520}}, {"facility": {"code": 11569}}, {"facility": {"code": 11832}}, {"facility": {"code": 13060}}, {"facility": {"code": 13192}}, {"facility": {"code": 12021}}, {"facility": {"code": 13163}}, {"facility": {"code": 15334}}, {"facility": {"code": 11683}}, {"facility": {"code": 13007}}, {"facility": {"code": 11939}}, {"facility": {"code": 12969}}, {"facility": {"code": 13132}}, {"facility": {"code": 11123}}, {"facility": {"code": 12334}}, {"facility": {"code": 11679}}, {"facility": {"code": 13861}}, {"facility": {"code": 13124}}, {"facility": {"code": 12910}}, {"facility": {"code": 11396}}, {"facility": {"code": 16242}}, {"facility": {"code": 13207}}, {"facility": {"code": 10418}}, {"facility": {"code": 12897}}, {"facility": {"code": 10011}}, {"facility": {"code": 14127}}, {"facility": {"code": 10433}}, {"facility": {"code": 11446}}, {"facility": {"code": 11779}}, {"facility": {"code": 12904}}, {"facility": {"code": 12224}}, {"facility": {"code": 10246}}, {"facility": {"code": 13774}}, {"facility": {"code": 12982}}, {"facility": {"code": 12899}}, {"facility": {"code": 16662}}, {"facility": {"code": 12811}}, {"facility": {"code": 13184}}, {"facility": {"code": 14396}}, {"facility": {"code": 13081}}, {"facility": {"code": 12614}}, {"facility": {"code": 12629}}, {"facility": {"code": 13792}}, {"facility": {"code": 12917}}, {"facility": {"code": 11031}}, {"facility": {"code": 14108}}, {"facility": {"code": 12481}}, {"facility": {"code": 16307}}, {"facility": {"code": 13661}}, {"facility": {"code": 14065}}, {"facility": {"code": 16411}}, {"facility": {"code": 10006}}, {"facility": {"code": 11030}}, {"facility": {"code": 16257}}, {"facility": {"code": 10237}}, {"facility": {"code": 14132}}, {"facility": {"code": 12714}}, {"facility": {"code": 12471}}, {"facility": {"code": 12624}}, {"facility": {"code": 13553}}, {"facility": {"code": 12067}}, {"facility": {"code": 12243}}, {"facility": {"code": 11414}}, {"facility": {"code": 16534}}, {"facility": {"code": 16551}}], "unique_fields": ["facility"], "model": "facilities.FacilityApproval"}]