[{"records": [{"facility": {"code": 19499}}, {"facility": {"code": 19498}}, {"facility": {"code": 19497}}, {"facility": {"code": 19496}}, {"facility": {"code": 19495}}, {"facility": {"code": 19494}}, {"facility": {"code": 19493}}, {"facility": {"code": 19492}}, {"facility": {"code": 19491}}, {"facility": {"code": 19490}}, {"facility": {"code": 19488}}, {"facility": {"code": 19487}}, {"facility": {"code": 19486}}, {"facility": {"code": 19485}}, {"facility": {"code": 19484}}, {"facility": {"code": 19483}}, {"facility": {"code": 19482}}, {"facility": {"code": 19481}}, {"facility": {"code": 19480}}, {"facility": {"code": 19479}}, {"facility": {"code": 19478}}, {"facility": {"code": 19477}}, {"facility": {"code": 19476}}, {"facility": {"code": 19475}}, {"facility": {"code": 19474}}, {"facility": {"code": 19473}}, {"facility": {"code": 19472}}, {"facility": {"code": 19471}}, {"facility": {"code": 19470}}, {"facility": {"code": 19469}}, {"facility": {"code": 19468}}, {"facility": {"code": 19467}}, {"facility": {"code": 19465}}, {"facility": {"code": 19464}}, {"facility": {"code": 19463}}, {"facility": {"code": 19462}}, {"facility": {"code": 19461}}, {"facility": {"code": 19460}}, {"facility": {"code": 19459}}, {"facility": {"code": 19458}}, {"facility": {"code": 19457}}, {"facility": {"code": 19456}}, {"facility": {"code": 19455}}, {"facility": {"code": 19454}}, {"facility": {"code": 19453}}, {"facility": {"code": 19452}}, {"facility": {"code": 19451}}, {"facility": {"code": 19450}}, {"facility": {"code": 19449}}, {"facility": {"code": 19448}}, {"facility": {"code": 19447}}, {"facility": {"code": 19446}}, {"facility": {"code": 19445}}, {"facility": {"code": 19444}}, {"facility": {"code": 19443}}, {"facility": {"code": 19442}}, {"facility": {"code": 19441}}, {"facility": {"code": 19440}}, {"facility": {"code": 19439}}, {"facility": {"code": 19438}}, {"facility": {"code": 19437}}, {"facility": {"code": 19436}}, {"facility": {"code": 19435}}, {"facility": {"code": 19434}}, {"facility": {"code": 19433}}, {"facility": {"code": 19432}}, {"facility": {"code": 19430}}, {"facility": {"code": 19429}}, {"facility": {"code": 19428}}, {"facility": {"code": 19426}}, {"facility": {"code": 19425}}, {"facility": {"code": 19424}}, {"facility": {"code": 19423}}, {"facility": {"code": 19422}}, {"facility": {"code": 19421}}, {"facility": {"code": 19420}}, {"facility": {"code": 19419}}, {"facility": {"code": 19418}}, {"facility": {"code": 19416}}, {"facility": {"code": 19413}}, {"facility": {"code": 19411}}, {"facility": {"code": 19410}}, {"facility": {"code": 19409}}, {"facility": {"code": 19408}}, {"facility": {"code": 19406}}, {"facility": {"code": 19398}}, {"facility": {"code": 19397}}, {"facility": {"code": 19396}}, {"facility": {"code": 19395}}, {"facility": {"code": 19394}}, {"facility": {"code": 19393}}, {"facility": {"code": 19392}}, {"facility": {"code": 19391}}, {"facility": {"code": 19390}}, {"facility": {"code": 19389}}, {"facility": {"code": 19388}}, {"facility": {"code": 19387}}, {"facility": {"code": 19386}}, {"facility": {"code": 19385}}], "unique_fields": ["facility"], "model": "facilities.FacilityApproval"}]