[{"records": [{"facility": {"code": 11858}}, {"facility": {"code": 11816}}, {"facility": {"code": 11425}}, {"facility": {"code": 11424}}, {"facility": {"code": 10383}}, {"facility": {"code": 11807}}, {"facility": {"code": 16442}}, {"facility": {"code": 16524}}, {"facility": {"code": 11626}}, {"facility": {"code": 11825}}, {"facility": {"code": 12408}}, {"facility": {"code": 11721}}, {"facility": {"code": 12450}}, {"facility": {"code": 11870}}, {"facility": {"code": 12474}}, {"facility": {"code": 11428}}, {"facility": {"code": 11719}}, {"facility": {"code": 11935}}, {"facility": {"code": 16553}}, {"facility": {"code": 16541}}, {"facility": {"code": 12773}}, {"facility": {"code": 12260}}, {"facility": {"code": 11824}}, {"facility": {"code": 11314}}, {"facility": {"code": 11674}}, {"facility": {"code": 11632}}, {"facility": {"code": 11535}}, {"facility": {"code": 11528}}, {"facility": {"code": 11364}}, {"facility": {"code": 11696}}, {"facility": {"code": 11313}}, {"facility": {"code": 11921}}, {"facility": {"code": 16533}}, {"facility": {"code": 11388}}, {"facility": {"code": 12367}}, {"facility": {"code": 11766}}, {"facility": {"code": 11346}}, {"facility": {"code": 11791}}, {"facility": {"code": 12107}}, {"facility": {"code": 11776}}, {"facility": {"code": 11823}}, {"facility": {"code": 11358}}, {"facility": {"code": 12810}}, {"facility": {"code": 11727}}, {"facility": {"code": 11752}}, {"facility": {"code": 11347}}, {"facility": {"code": 11759}}, {"facility": {"code": 16526}}, {"facility": {"code": 11597}}, {"facility": {"code": 11855}}, {"facility": {"code": 16528}}, {"facility": {"code": 16529}}, {"facility": {"code": 11360}}, {"facility": {"code": 11736}}, {"facility": {"code": 14567}}, {"facility": {"code": 16525}}, {"facility": {"code": 11564}}, {"facility": {"code": 11751}}, {"facility": {"code": 11878}}, {"facility": {"code": 11362}}, {"facility": {"code": 11698}}, {"facility": {"code": 11556}}, {"facility": {"code": 11623}}, {"facility": {"code": 16521}}, {"facility": {"code": 11707}}, {"facility": {"code": 11226}}, {"facility": {"code": 12731}}, {"facility": {"code": 11232}}, {"facility": {"code": 11008}}, {"facility": {"code": 15297}}, {"facility": {"code": 12512}}, {"facility": {"code": 10827}}, {"facility": {"code": 10695}}, {"facility": {"code": 11731}}, {"facility": {"code": 10881}}, {"facility": {"code": 14201}}, {"facility": {"code": 11205}}, {"facility": {"code": 10660}}, {"facility": {"code": 15436}}, {"facility": {"code": 11272}}, {"facility": {"code": 11851}}, {"facility": {"code": 12522}}, {"facility": {"code": 14067}}, {"facility": {"code": 11813}}, {"facility": {"code": 14113}}, {"facility": {"code": 11793}}, {"facility": {"code": 12387}}, {"facility": {"code": 16320}}, {"facility": {"code": 14247}}, {"facility": {"code": 13270}}, {"facility": {"code": 13462}}, {"facility": {"code": 12581}}, {"facility": {"code": 11902}}, {"facility": {"code": 10157}}, {"facility": {"code": 11911}}, {"facility": {"code": 13185}}, {"facility": {"code": 11371}}, {"facility": {"code": 10161}}, {"facility": {"code": 11310}}], "unique_fields": ["facility"], "model": "facilities.FacilityApproval"}]