[{"records": [{"facility": {"code": 14187}}, {"facility": {"code": 16204}}, {"facility": {"code": 10127}}, {"facility": {"code": 10117}}, {"facility": {"code": 10151}}, {"facility": {"code": 10155}}, {"facility": {"code": 10141}}, {"facility": {"code": 10491}}, {"facility": {"code": 10147}}, {"facility": {"code": 10143}}, {"facility": {"code": 10132}}, {"facility": {"code": 10901}}, {"facility": {"code": 10136}}, {"facility": {"code": 10038}}, {"facility": {"code": 10150}}, {"facility": {"code": 10675}}, {"facility": {"code": 10122}}, {"facility": {"code": 10119}}, {"facility": {"code": 10153}}, {"facility": {"code": 10146}}, {"facility": {"code": 10906}}, {"facility": {"code": 10131}}, {"facility": {"code": 10053}}, {"facility": {"code": 10133}}, {"facility": {"code": 10148}}, {"facility": {"code": 10142}}, {"facility": {"code": 10144}}, {"facility": {"code": 10125}}, {"facility": {"code": 10139}}, {"facility": {"code": 10156}}, {"facility": {"code": 10138}}, {"facility": {"code": 10134}}, {"facility": {"code": 10128}}, {"facility": {"code": 10904}}, {"facility": {"code": 10121}}, {"facility": {"code": 10137}}, {"facility": {"code": 10876}}, {"facility": {"code": 10124}}, {"facility": {"code": 10130}}, {"facility": {"code": 10088}}, {"facility": {"code": 14006}}, {"facility": {"code": 12685}}, {"facility": {"code": 12606}}, {"facility": {"code": 12294}}, {"facility": {"code": 16761}}, {"facility": {"code": 11897}}, {"facility": {"code": 11557}}, {"facility": {"code": 12641}}, {"facility": {"code": 10399}}, {"facility": {"code": 13182}}, {"facility": {"code": 13034}}, {"facility": {"code": 12865}}, {"facility": {"code": 12869}}, {"facility": {"code": 10098}}, {"facility": {"code": 15153}}, {"facility": {"code": 15600}}, {"facility": {"code": 15767}}, {"facility": {"code": 10740}}, {"facility": {"code": 14955}}, {"facility": {"code": 11029}}, {"facility": {"code": 13510}}, {"facility": {"code": 13602}}, {"facility": {"code": 10879}}, {"facility": {"code": 13888}}, {"facility": {"code": 16724}}, {"facility": {"code": 14061}}, {"facility": {"code": 14494}}, {"facility": {"code": 10877}}, {"facility": {"code": 10604}}, {"facility": {"code": 10690}}, {"facility": {"code": 12527}}, {"facility": {"code": 14129}}, {"facility": {"code": 12491}}, {"facility": {"code": 13776}}, {"facility": {"code": 15787}}, {"facility": {"code": 14430}}, {"facility": {"code": 10488}}, {"facility": {"code": 14134}}, {"facility": {"code": 11912}}, {"facility": {"code": 11071}}, {"facility": {"code": 12427}}, {"facility": {"code": 10662}}, {"facility": {"code": 13973}}, {"facility": {"code": 11156}}, {"facility": {"code": 12745}}, {"facility": {"code": 15880}}, {"facility": {"code": 14098}}, {"facility": {"code": 13632}}, {"facility": {"code": 13789}}, {"facility": {"code": 15862}}, {"facility": {"code": 13513}}, {"facility": {"code": 13575}}, {"facility": {"code": 11436}}, {"facility": {"code": 16062}}, {"facility": {"code": 11891}}, {"facility": {"code": 15844}}, {"facility": {"code": 11515}}, {"facility": {"code": 11280}}, {"facility": {"code": 11775}}], "unique_fields": ["facility"], "model": "facilities.FacilityApproval"}]