[{"records": [{"facility": {"code": 16252}}, {"facility": {"code": 10448}}, {"facility": {"code": 12028}}, {"facility": {"code": 10599}}, {"facility": {"code": 13904}}, {"facility": {"code": 10081}}, {"facility": {"code": 10040}}, {"facility": {"code": 16232}}, {"facility": {"code": 12229}}, {"facility": {"code": 13918}}, {"facility": {"code": 13755}}, {"facility": {"code": 13736}}, {"facility": {"code": 12044}}, {"facility": {"code": 10274}}, {"facility": {"code": 12269}}, {"facility": {"code": 10093}}, {"facility": {"code": 10670}}, {"facility": {"code": 11035}}, {"facility": {"code": 13859}}, {"facility": {"code": 11968}}, {"facility": {"code": 16033}}, {"facility": {"code": 10567}}, {"facility": {"code": 13574}}, {"facility": {"code": 12069}}, {"facility": {"code": 13093}}, {"facility": {"code": 11785}}, {"facility": {"code": 13113}}, {"facility": {"code": 13154}}, {"facility": {"code": 13155}}, {"facility": {"code": 11541}}, {"facility": {"code": 11273}}, {"facility": {"code": 13193}}, {"facility": {"code": 11669}}, {"facility": {"code": 13138}}, {"facility": {"code": 11697}}, {"facility": {"code": 13259}}, {"facility": {"code": 13165}}, {"facility": {"code": 13052}}, {"facility": {"code": 12990}}, {"facility": {"code": 13099}}, {"facility": {"code": 12275}}, {"facility": {"code": 10288}}, {"facility": {"code": 10286}}, {"facility": {"code": 11410}}, {"facility": {"code": 15891}}, {"facility": {"code": 11499}}, {"facility": {"code": 13039}}, {"facility": {"code": 16664}}, {"facility": {"code": 13123}}, {"facility": {"code": 11582}}, {"facility": {"code": 11873}}, {"facility": {"code": 13122}}, {"facility": {"code": 12998}}, {"facility": {"code": 12974}}, {"facility": {"code": 13121}}, {"facility": {"code": 13609}}, {"facility": {"code": 11761}}, {"facility": {"code": 12645}}, {"facility": {"code": 11859}}, {"facility": {"code": 11685}}, {"facility": {"code": 14450}}, {"facility": {"code": 14023}}, {"facility": {"code": 13003}}, {"facility": {"code": 11587}}, {"facility": {"code": 10427}}, {"facility": {"code": 13576}}, {"facility": {"code": 12369}}, {"facility": {"code": 15509}}, {"facility": {"code": 15370}}, {"facility": {"code": 12744}}, {"facility": {"code": 12708}}, {"facility": {"code": 13851}}, {"facility": {"code": 13009}}, {"facility": {"code": 13231}}, {"facility": {"code": 14027}}, {"facility": {"code": 13591}}, {"facility": {"code": 14088}}, {"facility": {"code": 12022}}, {"facility": {"code": 15379}}, {"facility": {"code": 15361}}, {"facility": {"code": 10400}}, {"facility": {"code": 11122}}, {"facility": {"code": 13862}}, {"facility": {"code": 12240}}, {"facility": {"code": 13546}}, {"facility": {"code": 14053}}, {"facility": {"code": 12994}}, {"facility": {"code": 11676}}, {"facility": {"code": 16059}}, {"facility": {"code": 13161}}, {"facility": {"code": 12919}}, {"facility": {"code": 16807}}, {"facility": {"code": 16806}}, {"facility": {"code": 13239}}, {"facility": {"code": 12728}}, {"facility": {"code": 16786}}, {"facility": {"code": 10220}}, {"facility": {"code": 13024}}, {"facility": {"code": 13740}}], "unique_fields": ["facility"], "model": "facilities.FacilityApproval"}]