[{"records": [{"facility": {"code": 16115}}, {"facility": {"code": 10389}}, {"facility": {"code": 10096}}, {"facility": {"code": 15887}}, {"facility": {"code": 16147}}, {"facility": {"code": 12656}}, {"facility": {"code": 13438}}, {"facility": {"code": 14083}}, {"facility": {"code": 12053}}, {"facility": {"code": 14158}}, {"facility": {"code": 13405}}, {"facility": {"code": 13282}}, {"facility": {"code": 13404}}, {"facility": {"code": 13984}}, {"facility": {"code": 14163}}, {"facility": {"code": 11244}}, {"facility": {"code": 10279}}, {"facility": {"code": 13999}}, {"facility": {"code": 14047}}, {"facility": {"code": 12806}}, {"facility": {"code": 10883}}, {"facility": {"code": 10258}}, {"facility": {"code": 16216}}, {"facility": {"code": 16113}}, {"facility": {"code": 16241}}, {"facility": {"code": 13720}}, {"facility": {"code": 10892}}, {"facility": {"code": 12262}}, {"facility": {"code": 13748}}, {"facility": {"code": 10431}}, {"facility": {"code": 11536}}, {"facility": {"code": 12675}}, {"facility": {"code": 13817}}, {"facility": {"code": 12274}}, {"facility": {"code": 13804}}, {"facility": {"code": 11498}}, {"facility": {"code": 10261}}, {"facility": {"code": 12461}}, {"facility": {"code": 13463}}, {"facility": {"code": 14561}}, {"facility": {"code": 12800}}, {"facility": {"code": 13514}}, {"facility": {"code": 14916}}, {"facility": {"code": 10397}}, {"facility": {"code": 15296}}, {"facility": {"code": 13449}}, {"facility": {"code": 10786}}, {"facility": {"code": 12249}}, {"facility": {"code": 11186}}, {"facility": {"code": 13848}}, {"facility": {"code": 15079}}, {"facility": {"code": 16394}}, {"facility": {"code": 10871}}, {"facility": {"code": 16277}}, {"facility": {"code": 12326}}, {"facility": {"code": 11444}}, {"facility": {"code": 13685}}, {"facility": {"code": 13317}}, {"facility": {"code": 13593}}, {"facility": {"code": 13409}}, {"facility": {"code": 13467}}, {"facility": {"code": 11625}}, {"facility": {"code": 13899}}, {"facility": {"code": 14348}}, {"facility": {"code": 11447}}, {"facility": {"code": 12222}}, {"facility": {"code": 12804}}, {"facility": {"code": 12449}}, {"facility": {"code": 11183}}, {"facility": {"code": 12319}}, {"facility": {"code": 12428}}, {"facility": {"code": 14483}}, {"facility": {"code": 10580}}, {"facility": {"code": 13652}}, {"facility": {"code": 16268}}, {"facility": {"code": 14906}}, {"facility": {"code": 16205}}, {"facility": {"code": 10696}}, {"facility": {"code": 16218}}, {"facility": {"code": 11945}}, {"facility": {"code": 12139}}, {"facility": {"code": 13436}}, {"facility": {"code": 10208}}, {"facility": {"code": 13429}}, {"facility": {"code": 12722}}, {"facility": {"code": 13844}}, {"facility": {"code": 10509}}, {"facility": {"code": 12644}}, {"facility": {"code": 16436}}, {"facility": {"code": 13627}}, {"facility": {"code": 13503}}, {"facility": {"code": 12718}}, {"facility": {"code": 15909}}, {"facility": {"code": 12391}}, {"facility": {"code": 12038}}, {"facility": {"code": 13342}}, {"facility": {"code": 11404}}, {"facility": {"code": 10216}}, {"facility": {"code": 12405}}], "unique_fields": ["facility"], "model": "facilities.FacilityApproval"}]