[{"records": [{"facility": {"code": 19141}}, {"facility": {"code": 19140}}, {"facility": {"code": 19139}}, {"facility": {"code": 19138}}, {"facility": {"code": 19137}}, {"facility": {"code": 19136}}, {"facility": {"code": 19135}}, {"facility": {"code": 19134}}, {"facility": {"code": 19133}}, {"facility": {"code": 19132}}, {"facility": {"code": 19131}}, {"facility": {"code": 19130}}, {"facility": {"code": 19129}}, {"facility": {"code": 19128}}, {"facility": {"code": 19127}}, {"facility": {"code": 19126}}, {"facility": {"code": 19125}}, {"facility": {"code": 19123}}, {"facility": {"code": 19121}}, {"facility": {"code": 19120}}, {"facility": {"code": 19119}}, {"facility": {"code": 19118}}, {"facility": {"code": 19117}}, {"facility": {"code": 19113}}, {"facility": {"code": 19112}}, {"facility": {"code": 19111}}, {"facility": {"code": 19110}}, {"facility": {"code": 19108}}, {"facility": {"code": 19107}}, {"facility": {"code": 19106}}, {"facility": {"code": 19105}}, {"facility": {"code": 19103}}, {"facility": {"code": 19102}}, {"facility": {"code": 19101}}, {"facility": {"code": 19100}}, {"facility": {"code": 19099}}, {"facility": {"code": 19098}}, {"facility": {"code": 19097}}, {"facility": {"code": 19096}}, {"facility": {"code": 19095}}, {"facility": {"code": 19094}}, {"facility": {"code": 19093}}, {"facility": {"code": 19092}}, {"facility": {"code": 19091}}, {"facility": {"code": 19090}}, {"facility": {"code": 19089}}, {"facility": {"code": 19088}}, {"facility": {"code": 19087}}, {"facility": {"code": 19086}}, {"facility": {"code": 19085}}, {"facility": {"code": 19084}}, {"facility": {"code": 19083}}, {"facility": {"code": 19082}}, {"facility": {"code": 19081}}, {"facility": {"code": 19080}}, {"facility": {"code": 19079}}, {"facility": {"code": 19078}}, {"facility": {"code": 19077}}, {"facility": {"code": 19076}}, {"facility": {"code": 19075}}, {"facility": {"code": 19074}}, {"facility": {"code": 19071}}, {"facility": {"code": 19069}}, {"facility": {"code": 19068}}, {"facility": {"code": 19067}}, {"facility": {"code": 19066}}, {"facility": {"code": 19065}}, {"facility": {"code": 19064}}, {"facility": {"code": 19063}}, {"facility": {"code": 19062}}, {"facility": {"code": 19061}}, {"facility": {"code": 19060}}, {"facility": {"code": 19059}}, {"facility": {"code": 19058}}, {"facility": {"code": 19057}}, {"facility": {"code": 19056}}, {"facility": {"code": 19055}}, {"facility": {"code": 19054}}, {"facility": {"code": 19053}}, {"facility": {"code": 19050}}, {"facility": {"code": 19048}}, {"facility": {"code": 19047}}, {"facility": {"code": 19046}}, {"facility": {"code": 19045}}, {"facility": {"code": 19044}}, {"facility": {"code": 19043}}, {"facility": {"code": 19042}}, {"facility": {"code": 19041}}, {"facility": {"code": 19040}}, {"facility": {"code": 19039}}, {"facility": {"code": 19038}}, {"facility": {"code": 19037}}, {"facility": {"code": 19036}}, {"facility": {"code": 19035}}, {"facility": {"code": 19034}}, {"facility": {"code": 19033}}, {"facility": {"code": 19032}}, {"facility": {"code": 19031}}, {"facility": {"code": 19030}}], "unique_fields": ["facility"], "model": "facilities.FacilityApproval"}]