[{"records": [{"facility": {"code": 10571}}, {"facility": {"code": 12531}}, {"facility": {"code": 14200}}, {"facility": {"code": 12538}}, {"facility": {"code": 10832}}, {"facility": {"code": 12171}}, {"facility": {"code": 12333}}, {"facility": {"code": 12447}}, {"facility": {"code": 13721}}, {"facility": {"code": 14142}}, {"facility": {"code": 14213}}, {"facility": {"code": 13566}}, {"facility": {"code": 13905}}, {"facility": {"code": 13616}}, {"facility": {"code": 15856}}, {"facility": {"code": 12540}}, {"facility": {"code": 12613}}, {"facility": {"code": 13487}}, {"facility": {"code": 16653}}, {"facility": {"code": 13562}}, {"facility": {"code": 11306}}, {"facility": {"code": 13963}}, {"facility": {"code": 13684}}, {"facility": {"code": 13811}}, {"facility": {"code": 14151}}, {"facility": {"code": 12085}}, {"facility": {"code": 12083}}, {"facility": {"code": 15826}}, {"facility": {"code": 13994}}, {"facility": {"code": 11247}}, {"facility": {"code": 11967}}, {"facility": {"code": 16099}}, {"facility": {"code": 15922}}, {"facility": {"code": 13561}}, {"facility": {"code": 16081}}, {"facility": {"code": 15985}}, {"facility": {"code": 11303}}, {"facility": {"code": 10339}}, {"facility": {"code": 12687}}, {"facility": {"code": 12317}}, {"facility": {"code": 16391}}, {"facility": {"code": 13786}}, {"facility": {"code": 15840}}, {"facility": {"code": 12057}}, {"facility": {"code": 12412}}, {"facility": {"code": 13504}}, {"facility": {"code": 16276}}, {"facility": {"code": 16272}}, {"facility": {"code": 11984}}, {"facility": {"code": 12268}}, {"facility": {"code": 16270}}, {"facility": {"code": 13647}}, {"facility": {"code": 16271}}, {"facility": {"code": 12689}}, {"facility": {"code": 12214}}, {"facility": {"code": 12011}}, {"facility": {"code": 12573}}, {"facility": {"code": 12653}}, {"facility": {"code": 12666}}, {"facility": {"code": 10476}}, {"facility": {"code": 10217}}, {"facility": {"code": 11526}}, {"facility": {"code": 11714}}, {"facility": {"code": 12161}}, {"facility": {"code": 12153}}, {"facility": {"code": 12210}}, {"facility": {"code": 10647}}, {"facility": {"code": 12541}}, {"facility": {"code": 14068}}, {"facility": {"code": 16269}}, {"facility": {"code": 14778}}, {"facility": {"code": 12655}}, {"facility": {"code": 14165}}, {"facility": {"code": 14173}}, {"facility": {"code": 13729}}, {"facility": {"code": 16279}}, {"facility": {"code": 16275}}, {"facility": {"code": 16274}}, {"facility": {"code": 16273}}, {"facility": {"code": 10360}}, {"facility": {"code": 12353}}, {"facility": {"code": 14066}}, {"facility": {"code": 12095}}, {"facility": {"code": 12389}}, {"facility": {"code": 16434}}, {"facility": {"code": 13621}}, {"facility": {"code": 13525}}, {"facility": {"code": 12225}}, {"facility": {"code": 12211}}, {"facility": {"code": 13378}}, {"facility": {"code": 13295}}, {"facility": {"code": 13980}}, {"facility": {"code": 10526}}, {"facility": {"code": 14060}}, {"facility": {"code": 15910}}, {"facility": {"code": 13814}}, {"facility": {"code": 11799}}, {"facility": {"code": 11452}}, {"facility": {"code": 12469}}], "unique_fields": ["facility"], "model": "facilities.FacilityApproval"}]