[{"records": [{"facility": {"code": 12884}}, {"facility": {"code": 16744}}, {"facility": {"code": 10667}}, {"facility": {"code": 10517}}, {"facility": {"code": 12931}}, {"facility": {"code": 13730}}, {"facility": {"code": 13035}}, {"facility": {"code": 11529}}, {"facility": {"code": 12945}}, {"facility": {"code": 13596}}, {"facility": {"code": 15907}}, {"facility": {"code": 12953}}, {"facility": {"code": 14378}}, {"facility": {"code": 12937}}, {"facility": {"code": 12955}}, {"facility": {"code": 12980}}, {"facility": {"code": 13754}}, {"facility": {"code": 12956}}, {"facility": {"code": 16874}}, {"facility": {"code": 10853}}, {"facility": {"code": 12959}}, {"facility": {"code": 16868}}, {"facility": {"code": 10967}}, {"facility": {"code": 10424}}, {"facility": {"code": 14644}}, {"facility": {"code": 10945}}, {"facility": {"code": 12732}}, {"facility": {"code": 10516}}, {"facility": {"code": 16063}}, {"facility": {"code": 11027}}, {"facility": {"code": 10105}}, {"facility": {"code": 13145}}, {"facility": {"code": 13219}}, {"facility": {"code": 14925}}, {"facility": {"code": 13063}}, {"facility": {"code": 16718}}, {"facility": {"code": 16716}}, {"facility": {"code": 10480}}, {"facility": {"code": 14100}}, {"facility": {"code": 12003}}, {"facility": {"code": 13255}}, {"facility": {"code": 10637}}, {"facility": {"code": 12895}}, {"facility": {"code": 12966}}, {"facility": {"code": 13246}}, {"facility": {"code": 13261}}, {"facility": {"code": 12951}}, {"facility": {"code": 13085}}, {"facility": {"code": 13509}}, {"facility": {"code": 12979}}, {"facility": {"code": 12881}}, {"facility": {"code": 12090}}, {"facility": {"code": 13071}}, {"facility": {"code": 12898}}, {"facility": {"code": 10996}}, {"facility": {"code": 11621}}, {"facility": {"code": 13147}}, {"facility": {"code": 13237}}, {"facility": {"code": 10437}}, {"facility": {"code": 13107}}, {"facility": {"code": 14267}}, {"facility": {"code": 12960}}, {"facility": {"code": 12426}}, {"facility": {"code": 13022}}, {"facility": {"code": 16047}}, {"facility": {"code": 13008}}, {"facility": {"code": 13082}}, {"facility": {"code": 14212}}, {"facility": {"code": 14478}}, {"facility": {"code": 14500}}, {"facility": {"code": 14485}}, {"facility": {"code": 14960}}, {"facility": {"code": 14628}}, {"facility": {"code": 15057}}, {"facility": {"code": 12774}}, {"facility": {"code": 15623}}, {"facility": {"code": 14624}}, {"facility": {"code": 14721}}, {"facility": {"code": 15935}}, {"facility": {"code": 14642}}, {"facility": {"code": 14549}}, {"facility": {"code": 14822}}, {"facility": {"code": 15292}}, {"facility": {"code": 16720}}, {"facility": {"code": 10454}}, {"facility": {"code": 16350}}, {"facility": {"code": 10332}}, {"facility": {"code": 15353}}, {"facility": {"code": 15319}}, {"facility": {"code": 16145}}, {"facility": {"code": 15029}}, {"facility": {"code": 14386}}, {"facility": {"code": 15941}}, {"facility": {"code": 15881}}, {"facility": {"code": 15832}}, {"facility": {"code": 15232}}, {"facility": {"code": 14216}}, {"facility": {"code": 14398}}, {"facility": {"code": 14553}}], "unique_fields": ["facility"], "model": "facilities.FacilityApproval"}]