[{"records": [{"facility": {"code": 14033}}, {"facility": {"code": 12030}}, {"facility": {"code": 15838}}, {"facility": {"code": 13795}}, {"facility": {"code": 13628}}, {"facility": {"code": 10564}}, {"facility": {"code": 13738}}, {"facility": {"code": 16065}}, {"facility": {"code": 12716}}, {"facility": {"code": 15652}}, {"facility": {"code": 13488}}, {"facility": {"code": 13660}}, {"facility": {"code": 13570}}, {"facility": {"code": 14034}}, {"facility": {"code": 16144}}, {"facility": {"code": 15231}}, {"facility": {"code": 12748}}, {"facility": {"code": 13936}}, {"facility": {"code": 13985}}, {"facility": {"code": 13089}}, {"facility": {"code": 13832}}, {"facility": {"code": 13473}}, {"facility": {"code": 12176}}, {"facility": {"code": 13629}}, {"facility": {"code": 13719}}, {"facility": {"code": 14121}}, {"facility": {"code": 14039}}, {"facility": {"code": 14076}}, {"facility": {"code": 13852}}, {"facility": {"code": 13821}}, {"facility": {"code": 13797}}, {"facility": {"code": 15864}}, {"facility": {"code": 14052}}, {"facility": {"code": 16284}}, {"facility": {"code": 12575}}, {"facility": {"code": 14493}}, {"facility": {"code": 12789}}, {"facility": {"code": 15952}}, {"facility": {"code": 13489}}, {"facility": {"code": 13791}}, {"facility": {"code": 15833}}, {"facility": {"code": 12536}}, {"facility": {"code": 14021}}, {"facility": {"code": 16433}}, {"facility": {"code": 13887}}, {"facility": {"code": 12323}}, {"facility": {"code": 14168}}, {"facility": {"code": 13291}}, {"facility": {"code": 14161}}, {"facility": {"code": 12942}}, {"facility": {"code": 12995}}, {"facility": {"code": 12841}}, {"facility": {"code": 13028}}, {"facility": {"code": 13258}}, {"facility": {"code": 10615}}, {"facility": {"code": 11437}}, {"facility": {"code": 12537}}, {"facility": {"code": 13041}}, {"facility": {"code": 13954}}, {"facility": {"code": 10249}}, {"facility": {"code": 11969}}, {"facility": {"code": 10870}}, {"facility": {"code": 13249}}, {"facility": {"code": 11907}}, {"facility": {"code": 13894}}, {"facility": {"code": 13001}}, {"facility": {"code": 12519}}, {"facility": {"code": 10798}}, {"facility": {"code": 11729}}, {"facility": {"code": 13657}}, {"facility": {"code": 11034}}, {"facility": {"code": 10055}}, {"facility": {"code": 12796}}, {"facility": {"code": 10831}}, {"facility": {"code": 16283}}, {"facility": {"code": 13968}}, {"facility": {"code": 14002}}, {"facility": {"code": 10545}}, {"facility": {"code": 15925}}, {"facility": {"code": 10251}}, {"facility": {"code": 13709}}, {"facility": {"code": 12870}}, {"facility": {"code": 13779}}, {"facility": {"code": 11642}}, {"facility": {"code": 10781}}, {"facility": {"code": 11176}}, {"facility": {"code": 14368}}, {"facility": {"code": 13989}}, {"facility": {"code": 13662}}, {"facility": {"code": 13807}}, {"facility": {"code": 12287}}, {"facility": {"code": 13768}}, {"facility": {"code": 16466}}, {"facility": {"code": 10895}}, {"facility": {"code": 15975}}, {"facility": {"code": 13812}}, {"facility": {"code": 12876}}, {"facility": {"code": 14090}}, {"facility": {"code": 14013}}], "unique_fields": ["facility"], "model": "facilities.FacilityApproval"}]