[{"records": [{"facility": {"code": 19029}}, {"facility": {"code": 19026}}, {"facility": {"code": 19024}}, {"facility": {"code": 19023}}, {"facility": {"code": 19021}}, {"facility": {"code": 19020}}, {"facility": {"code": 19019}}, {"facility": {"code": 19018}}, {"facility": {"code": 19017}}, {"facility": {"code": 19016}}, {"facility": {"code": 19015}}, {"facility": {"code": 14498}}, {"facility": {"code": 15030}}, {"facility": {"code": 15028}}, {"facility": {"code": 15027}}, {"facility": {"code": 15026}}, {"facility": {"code": 15025}}, {"facility": {"code": 15100}}, {"facility": {"code": 15039}}, {"facility": {"code": 15093}}, {"facility": {"code": 15086}}, {"facility": {"code": 15061}}, {"facility": {"code": 15021}}, {"facility": {"code": 15078}}, {"facility": {"code": 14884}}, {"facility": {"code": 14882}}, {"facility": {"code": 14881}}, {"facility": {"code": 14879}}, {"facility": {"code": 14878}}, {"facility": {"code": 14889}}, {"facility": {"code": 15036}}, {"facility": {"code": 14954}}, {"facility": {"code": 15048}}, {"facility": {"code": 15045}}, {"facility": {"code": 15042}}, {"facility": {"code": 15038}}, {"facility": {"code": 14959}}, {"facility": {"code": 14976}}, {"facility": {"code": 15007}}, {"facility": {"code": 14838}}, {"facility": {"code": 14967}}, {"facility": {"code": 14969}}, {"facility": {"code": 15016}}, {"facility": {"code": 15014}}, {"facility": {"code": 14992}}, {"facility": {"code": 15022}}, {"facility": {"code": 15005}}, {"facility": {"code": 15020}}, {"facility": {"code": 14873}}, {"facility": {"code": 15073}}, {"facility": {"code": 15083}}, {"facility": {"code": 15023}}, {"facility": {"code": 14989}}, {"facility": {"code": 14984}}, {"facility": {"code": 14977}}, {"facility": {"code": 14993}}, {"facility": {"code": 14973}}, {"facility": {"code": 14990}}, {"facility": {"code": 14904}}, {"facility": {"code": 14918}}, {"facility": {"code": 14930}}, {"facility": {"code": 14914}}, {"facility": {"code": 14913}}, {"facility": {"code": 14910}}, {"facility": {"code": 14921}}, {"facility": {"code": 14907}}, {"facility": {"code": 14922}}, {"facility": {"code": 14919}}, {"facility": {"code": 14939}}, {"facility": {"code": 14732}}, {"facility": {"code": 14952}}, {"facility": {"code": 14946}}, {"facility": {"code": 14909}}, {"facility": {"code": 14575}}, {"facility": {"code": 15696}}, {"facility": {"code": 14434}}, {"facility": {"code": 14427}}, {"facility": {"code": 14928}}, {"facility": {"code": 14564}}, {"facility": {"code": 14927}}, {"facility": {"code": 14887}}, {"facility": {"code": 14945}}, {"facility": {"code": 14875}}, {"facility": {"code": 14851}}, {"facility": {"code": 14850}}, {"facility": {"code": 14849}}, {"facility": {"code": 14874}}, {"facility": {"code": 14856}}, {"facility": {"code": 14857}}, {"facility": {"code": 14902}}, {"facility": {"code": 14895}}, {"facility": {"code": 14892}}, {"facility": {"code": 14845}}, {"facility": {"code": 14888}}, {"facility": {"code": 14929}}, {"facility": {"code": 14938}}, {"facility": {"code": 14933}}, {"facility": {"code": 14932}}, {"facility": {"code": 14855}}], "unique_fields": ["facility"], "model": "facilities.FacilityApproval"}]