[{"records": [{"facility": {"code": 14156}}, {"facility": {"code": 13735}}, {"facility": {"code": 14259}}, {"facility": {"code": 12615}}, {"facility": {"code": 16104}}, {"facility": {"code": 15885}}, {"facility": {"code": 13044}}, {"facility": {"code": 12546}}, {"facility": {"code": 11768}}, {"facility": {"code": 11130}}, {"facility": {"code": 13991}}, {"facility": {"code": 14146}}, {"facility": {"code": 16079}}, {"facility": {"code": 10049}}, {"facility": {"code": 10822}}, {"facility": {"code": 11173}}, {"facility": {"code": 14045}}, {"facility": {"code": 13322}}, {"facility": {"code": 13924}}, {"facility": {"code": 16066}}, {"facility": {"code": 12831}}, {"facility": {"code": 12475}}, {"facility": {"code": 10994}}, {"facility": {"code": 13105}}, {"facility": {"code": 12691}}, {"facility": {"code": 12593}}, {"facility": {"code": 15820}}, {"facility": {"code": 13626}}, {"facility": {"code": 12642}}, {"facility": {"code": 12631}}, {"facility": {"code": 12232}}, {"facility": {"code": 16367}}, {"facility": {"code": 15358}}, {"facility": {"code": 10666}}, {"facility": {"code": 13611}}, {"facility": {"code": 12376}}, {"facility": {"code": 15824}}, {"facility": {"code": 12031}}, {"facility": {"code": 13623}}, {"facility": {"code": 12236}}, {"facility": {"code": 12477}}, {"facility": {"code": 16683}}, {"facility": {"code": 13548}}, {"facility": {"code": 16814}}, {"facility": {"code": 12530}}, {"facility": {"code": 11990}}, {"facility": {"code": 12102}}, {"facility": {"code": 16121}}, {"facility": {"code": 12257}}, {"facility": {"code": 10856}}, {"facility": {"code": 15183}}, {"facility": {"code": 13333}}, {"facility": {"code": 13355}}, {"facility": {"code": 12598}}, {"facility": {"code": 13751}}, {"facility": {"code": 15682}}, {"facility": {"code": 12174}}, {"facility": {"code": 15150}}, {"facility": {"code": 11883}}, {"facility": {"code": 13909}}, {"facility": {"code": 14003}}, {"facility": {"code": 12493}}, {"facility": {"code": 13893}}, {"facility": {"code": 12996}}, {"facility": {"code": 13127}}, {"facility": {"code": 12849}}, {"facility": {"code": 13523}}, {"facility": {"code": 12192}}, {"facility": {"code": 11395}}, {"facility": {"code": 12365}}, {"facility": {"code": 10170}}, {"facility": {"code": 12422}}, {"facility": {"code": 11923}}, {"facility": {"code": 10905}}, {"facility": {"code": 11522}}, {"facility": {"code": 12797}}, {"facility": {"code": 12690}}, {"facility": {"code": 14011}}, {"facility": {"code": 13160}}, {"facility": {"code": 16004}}, {"facility": {"code": 13428}}, {"facility": {"code": 12503}}, {"facility": {"code": 15994}}, {"facility": {"code": 15866}}, {"facility": {"code": 12654}}, {"facility": {"code": 14866}}, {"facility": {"code": 12805}}, {"facility": {"code": 15823}}, {"facility": {"code": 15904}}, {"facility": {"code": 10462}}, {"facility": {"code": 13370}}, {"facility": {"code": 12565}}, {"facility": {"code": 13770}}, {"facility": {"code": 12390}}, {"facility": {"code": 15911}}, {"facility": {"code": 12657}}, {"facility": {"code": 14868}}, {"facility": {"code": 12242}}, {"facility": {"code": 11881}}], "unique_fields": ["facility"], "model": "facilities.FacilityApproval"}]