[{"records": [{"facility": {"code": 14533}}, {"facility": {"code": 15469}}, {"facility": {"code": 14401}}, {"facility": {"code": 15625}}, {"facility": {"code": 14210}}, {"facility": {"code": 15775}}, {"facility": {"code": 15456}}, {"facility": {"code": 16376}}, {"facility": {"code": 10685}}, {"facility": {"code": 10651}}, {"facility": {"code": 10734}}, {"facility": {"code": 10714}}, {"facility": {"code": 10391}}, {"facility": {"code": 14482}}, {"facility": {"code": 15272}}, {"facility": {"code": 16514}}, {"facility": {"code": 15653}}, {"facility": {"code": 10272}}, {"facility": {"code": 16513}}, {"facility": {"code": 10264}}, {"facility": {"code": 16686}}, {"facility": {"code": 10324}}, {"facility": {"code": 14279}}, {"facility": {"code": 10684}}, {"facility": {"code": 10003}}, {"facility": {"code": 14936}}, {"facility": {"code": 14905}}, {"facility": {"code": 15687}}, {"facility": {"code": 10943}}, {"facility": {"code": 16164}}, {"facility": {"code": 10241}}, {"facility": {"code": 10169}}, {"facility": {"code": 15282}}, {"facility": {"code": 10204}}, {"facility": {"code": 14547}}, {"facility": {"code": 16071}}, {"facility": {"code": 15898}}, {"facility": {"code": 10176}}, {"facility": {"code": 10016}}, {"facility": {"code": 15659}}, {"facility": {"code": 16174}}, {"facility": {"code": 14509}}, {"facility": {"code": 15484}}, {"facility": {"code": 10926}}, {"facility": {"code": 11745}}, {"facility": {"code": 11115}}, {"facility": {"code": 11169}}, {"facility": {"code": 12338}}, {"facility": {"code": 10554}}, {"facility": {"code": 11841}}, {"facility": {"code": 15163}}, {"facility": {"code": 10270}}, {"facility": {"code": 15688}}, {"facility": {"code": 14861}}, {"facility": {"code": 14963}}, {"facility": {"code": 14280}}, {"facility": {"code": 10271}}, {"facility": {"code": 15760}}, {"facility": {"code": 15511}}, {"facility": {"code": 15871}}, {"facility": {"code": 16138}}, {"facility": {"code": 16337}}, {"facility": {"code": 14265}}, {"facility": {"code": 15004}}, {"facility": {"code": 15250}}, {"facility": {"code": 14537}}, {"facility": {"code": 14230}}, {"facility": {"code": 15306}}, {"facility": {"code": 15375}}, {"facility": {"code": 10058}}, {"facility": {"code": 10075}}, {"facility": {"code": 15772}}, {"facility": {"code": 15287}}, {"facility": {"code": 16162}}, {"facility": {"code": 15104}}, {"facility": {"code": 14316}}, {"facility": {"code": 15773}}, {"facility": {"code": 14968}}, {"facility": {"code": 10857}}, {"facility": {"code": 11635}}, {"facility": {"code": 14272}}, {"facility": {"code": 15151}}, {"facility": {"code": 16698}}, {"facility": {"code": 11127}}, {"facility": {"code": 10957}}, {"facility": {"code": 14622}}, {"facility": {"code": 12856}}, {"facility": {"code": 11804}}, {"facility": {"code": 16389}}, {"facility": {"code": 15615}}, {"facility": {"code": 15742}}, {"facility": {"code": 16126}}, {"facility": {"code": 11744}}, {"facility": {"code": 15733}}, {"facility": {"code": 15683}}, {"facility": {"code": 16016}}, {"facility": {"code": 16028}}, {"facility": {"code": 11285}}, {"facility": {"code": 11656}}], "unique_fields": ["facility"], "model": "facilities.FacilityApproval"}]