[{"records": [{"facility": {"code": 15586}}, {"facility": {"code": 14384}}, {"facility": {"code": 15589}}, {"facility": {"code": 15608}}, {"facility": {"code": 15168}}, {"facility": {"code": 15550}}, {"facility": {"code": 15598}}, {"facility": {"code": 14375}}, {"facility": {"code": 15602}}, {"facility": {"code": 15603}}, {"facility": {"code": 15604}}, {"facility": {"code": 15593}}, {"facility": {"code": 15267}}, {"facility": {"code": 15268}}, {"facility": {"code": 15270}}, {"facility": {"code": 15328}}, {"facility": {"code": 14306}}, {"facility": {"code": 15547}}, {"facility": {"code": 14351}}, {"facility": {"code": 15101}}, {"facility": {"code": 15279}}, {"facility": {"code": 14364}}, {"facility": {"code": 15193}}, {"facility": {"code": 14353}}, {"facility": {"code": 14354}}, {"facility": {"code": 15410}}, {"facility": {"code": 15417}}, {"facility": {"code": 15553}}, {"facility": {"code": 15554}}, {"facility": {"code": 15555}}, {"facility": {"code": 15556}}, {"facility": {"code": 15558}}, {"facility": {"code": 15172}}, {"facility": {"code": 15171}}, {"facility": {"code": 15266}}, {"facility": {"code": 15546}}, {"facility": {"code": 15196}}, {"facility": {"code": 15263}}, {"facility": {"code": 15264}}, {"facility": {"code": 15562}}, {"facility": {"code": 16014}}, {"facility": {"code": 16015}}, {"facility": {"code": 16064}}, {"facility": {"code": 15997}}, {"facility": {"code": 14264}}, {"facility": {"code": 14193}}, {"facility": {"code": 16075}}, {"facility": {"code": 14206}}, {"facility": {"code": 15912}}, {"facility": {"code": 15819}}, {"facility": {"code": 15165}}, {"facility": {"code": 14211}}, {"facility": {"code": 14242}}, {"facility": {"code": 15145}}, {"facility": {"code": 15144}}, {"facility": {"code": 16101}}, {"facility": {"code": 15105}}, {"facility": {"code": 14226}}, {"facility": {"code": 14262}}, {"facility": {"code": 15949}}, {"facility": {"code": 15959}}, {"facility": {"code": 14297}}, {"facility": {"code": 15976}}, {"facility": {"code": 15712}}, {"facility": {"code": 15960}}, {"facility": {"code": 16105}}, {"facility": {"code": 14185}}, {"facility": {"code": 16108}}, {"facility": {"code": 16109}}, {"facility": {"code": 14234}}, {"facility": {"code": 15947}}, {"facility": {"code": 14240}}, {"facility": {"code": 15112}}, {"facility": {"code": 15921}}, {"facility": {"code": 15111}}, {"facility": {"code": 15110}}, {"facility": {"code": 15821}}, {"facility": {"code": 15342}}, {"facility": {"code": 15343}}, {"facility": {"code": 15344}}, {"facility": {"code": 15345}}, {"facility": {"code": 15346}}, {"facility": {"code": 15349}}, {"facility": {"code": 15355}}, {"facility": {"code": 15140}}, {"facility": {"code": 15367}}, {"facility": {"code": 14246}}, {"facility": {"code": 15337}}, {"facility": {"code": 15869}}, {"facility": {"code": 15142}}, {"facility": {"code": 15415}}, {"facility": {"code": 15389}}, {"facility": {"code": 15585}}, {"facility": {"code": 15321}}, {"facility": {"code": 15364}}, {"facility": {"code": 15323}}, {"facility": {"code": 15216}}, {"facility": {"code": 15327}}, {"facility": {"code": 15465}}], "unique_fields": ["facility"], "model": "facilities.FacilityApproval"}]