[{"records": [{"facility": {"code": 15336}}, {"facility": {"code": 15149}}, {"facility": {"code": 15777}}, {"facility": {"code": 15783}}, {"facility": {"code": 15784}}, {"facility": {"code": 15785}}, {"facility": {"code": 15786}}, {"facility": {"code": 15412}}, {"facility": {"code": 15776}}, {"facility": {"code": 15119}}, {"facility": {"code": 14256}}, {"facility": {"code": 14241}}, {"facility": {"code": 15124}}, {"facility": {"code": 15102}}, {"facility": {"code": 14214}}, {"facility": {"code": 15118}}, {"facility": {"code": 15116}}, {"facility": {"code": 15121}}, {"facility": {"code": 16318}}, {"facility": {"code": 14320}}, {"facility": {"code": 16420}}, {"facility": {"code": 16140}}, {"facility": {"code": 16333}}, {"facility": {"code": 16203}}, {"facility": {"code": 16484}}, {"facility": {"code": 16379}}, {"facility": {"code": 16380}}, {"facility": {"code": 16483}}, {"facility": {"code": 14318}}, {"facility": {"code": 14341}}, {"facility": {"code": 16171}}, {"facility": {"code": 16117}}, {"facility": {"code": 15993}}, {"facility": {"code": 14327}}, {"facility": {"code": 14342}}, {"facility": {"code": 16335}}, {"facility": {"code": 16087}}, {"facility": {"code": 14340}}, {"facility": {"code": 16124}}, {"facility": {"code": 16122}}, {"facility": {"code": 16024}}, {"facility": {"code": 14373}}, {"facility": {"code": 15497}}, {"facility": {"code": 15470}}, {"facility": {"code": 15505}}, {"facility": {"code": 15491}}, {"facility": {"code": 15512}}, {"facility": {"code": 14363}}, {"facility": {"code": 15520}}, {"facility": {"code": 14377}}, {"facility": {"code": 15179}}, {"facility": {"code": 16704}}, {"facility": {"code": 16323}}, {"facility": {"code": 16702}}, {"facility": {"code": 16334}}, {"facility": {"code": 15506}}, {"facility": {"code": 15477}}, {"facility": {"code": 15485}}, {"facility": {"code": 15487}}, {"facility": {"code": 15489}}, {"facility": {"code": 15187}}, {"facility": {"code": 15449}}, {"facility": {"code": 15451}}, {"facility": {"code": 15461}}, {"facility": {"code": 15462}}, {"facility": {"code": 15706}}, {"facility": {"code": 15467}}, {"facility": {"code": 15901}}, {"facility": {"code": 15570}}, {"facility": {"code": 15575}}, {"facility": {"code": 15576}}, {"facility": {"code": 15577}}, {"facility": {"code": 15578}}, {"facility": {"code": 15695}}, {"facility": {"code": 15431}}, {"facility": {"code": 15439}}, {"facility": {"code": 15609}}, {"facility": {"code": 14381}}, {"facility": {"code": 14382}}, {"facility": {"code": 15428}}, {"facility": {"code": 15444}}, {"facility": {"code": 15430}}, {"facility": {"code": 15432}}, {"facility": {"code": 15188}}, {"facility": {"code": 15473}}, {"facility": {"code": 15437}}, {"facility": {"code": 15178}}, {"facility": {"code": 15796}}, {"facility": {"code": 15792}}, {"facility": {"code": 15789}}, {"facility": {"code": 14337}}, {"facility": {"code": 15853}}, {"facility": {"code": 15846}}, {"facility": {"code": 16421}}, {"facility": {"code": 15802}}, {"facility": {"code": 15580}}, {"facility": {"code": 16481}}, {"facility": {"code": 16317}}, {"facility": {"code": 14331}}], "unique_fields": ["facility"], "model": "facilities.FacilityApproval"}]