[{"records": [{"collection_date": "2015-08-19T15:04:15.336350+00:00", "source": {"name": "DHMT"}, "method": {"name": "Taken with GPS Device"}, "coordinates": "{\"type\": \"Point\", \"coordinates\": [37.06169, -0.00559]}", "facility": {"code": 18014}}, {"collection_date": "2015-08-19T15:04:15.324237+00:00", "source": {"name": "DHMT"}, "method": {"name": "Taken with GPS Device"}, "coordinates": "{\"type\": \"Point\", \"coordinates\": [37.66085, -0.0403]}", "facility": {"code": 12060}}, {"collection_date": "2015-08-19T15:04:15.308813+00:00", "source": {"name": "Sublocation Centroid Exercise of MOH/ICF Macro"}, "method": {"name": "Other"}, "coordinates": "{\"type\": \"Point\", \"coordinates\": [37.3029, -1.29281]}", "facility": {"code": 12760}}, {"collection_date": "2015-08-19T15:04:15.293406+00:00", "source": {"name": "DHMT"}, "method": {"name": "Taken with GPS Device"}, "coordinates": "{\"type\": \"Point\", \"coordinates\": [37.5127, -1.86643]}", "facility": {"code": 17431}}, {"collection_date": "2015-08-19T15:04:15.237512+00:00", "source": {"name": "Sublocation Centroid Exercise of MOH/ICF Macro"}, "method": {"name": "Other"}, "coordinates": "{\"type\": \"Point\", \"coordinates\": [36.9109, -0.552485]}", "facility": {"code": 11108}}, {"collection_date": "2015-08-19T15:04:15.214716+00:00", "source": {"name": "Sublocation Centroid Exercise of MOH/ICF Macro"}, "method": {"name": "Other"}, "coordinates": "{\"type\": \"Point\", \"coordinates\": [37.3309, -0.985005]}", "facility": {"code": 16746}}, {"collection_date": "2015-08-19T15:04:15.202697+00:00", "source": {"name": "DHMT"}, "method": {"name": "Taken with GPS Device"}, "coordinates": "{\"type\": \"Point\", \"coordinates\": [37.04805, -0.23147]}", "facility": {"code": 18013}}, {"collection_date": "2015-08-19T15:04:15.171739+00:00", "source": {"name": "DHMT"}, "method": {"name": "Taken with GPS Device"}, "coordinates": "{\"type\": \"Point\", \"coordinates\": [37.31462, -1.84136]}", "facility": {"code": 17430}}, {"collection_date": "2015-08-19T15:04:15.160008+00:00", "source": {"name": "Sublocation Centroid Exercise of MOH/ICF Macro"}, "method": {"name": "Taken with GPS Device"}, "coordinates": "{\"type\": \"Point\", \"coordinates\": [36.9336, -1.32065]}", "facility": {"code": 13002}}, {"collection_date": "2015-08-19T15:04:15.103331+00:00", "source": {"name": "Sublocation Centroid Exercise of MOH/ICF Macro"}, "method": {"name": "Other"}, "coordinates": "{\"type\": \"Point\", \"coordinates\": [37.3477, -0.61046]}", "facility": {"code": 11054}}, {"collection_date": "2015-08-19T15:04:15.080313+00:00", "source": {"name": "Sublocation Centroid Exercise of MOH/ICF Macro"}, "method": {"name": "Other"}, "coordinates": "{\"type\": \"Point\", \"coordinates\": [37.3995, -0.691765]}", "facility": {"code": 10964}}, {"collection_date": "2015-08-19T15:04:15.070061+00:00", "source": {"name": "SARAM 2013"}, "method": {"name": "Taken with GPS Device"}, "coordinates": "{\"type\": \"Point\", \"coordinates\": [35.8695, -0.17708]}", "facility": {"code": 18011}}, {"collection_date": "2015-08-19T15:04:15.024540+00:00", "source": {"name": "Taken by James K Saina DHRIO Laikipia West"}, "method": {"name": "Taken with GPS Device"}, "coordinates": "{\"type\": \"Point\", \"coordinates\": [36.37817, 0.17519]}", "facility": {"code": 17428}}, {"collection_date": "2015-08-19T15:04:14.995464+00:00", "source": {"name": "Cold Chain Inventory (MoH/PATH/WHO) - Feb 2011"}, "method": {"name": "Taken with GPS Device"}, "coordinates": "{\"type\": \"Point\", \"coordinates\": [38.51973, -1.31359]}", "facility": {"code": 12639}}, {"collection_date": "2015-08-19T15:04:14.983374+00:00", "source": {"name": "Sublocation Centroid Exercise of MOH/ICF Macro"}, "method": {"name": "Other"}, "coordinates": "{\"type\": \"Point\", \"coordinates\": [37.1345, -0.623166]}", "facility": {"code": 10854}}, {"collection_date": "2015-08-19T15:04:14.936005+00:00", "source": {"name": "Sublocation Centroid Exercise of MOH/ICF Macro"}, "method": {"name": "Other"}, "coordinates": "{\"type\": \"Point\", \"coordinates\": [37.0685, -1.02794]}", "facility": {"code": 11000}}, {"collection_date": "2015-08-19T15:04:14.927995+00:00", "source": {"name": "DHMT"}, "method": {"name": "Taken with GPS Device"}, "coordinates": "{\"type\": \"Point\", \"coordinates\": [36.19996, 0.06317]}", "facility": {"code": 18010}}, {"collection_date": "2015-08-19T15:04:14.902390+00:00", "source": {"name": "DHMT"}, "method": {"name": "Taken with GPS Device"}, "coordinates": "{\"type\": \"Point\", \"coordinates\": [37.35812, -0.68588]}", "facility": {"code": 17427}}, {"collection_date": "2015-08-19T15:04:14.858185+00:00", "source": {"name": "SARAM 2013"}, "method": {"name": "Taken with GPS Device"}, "coordinates": "{\"type\": \"Point\", \"coordinates\": [39.56565, -4.28475]}", "facility": {"code": 16552}}, {"collection_date": "2015-08-19T15:04:14.838719+00:00", "source": {"name": "DHMT"}, "method": {"name": "Taken with GPS Device"}, "coordinates": "{\"type\": \"Point\", \"coordinates\": [37.3664, -0.61968]}", "facility": {"code": 10608}}, {"collection_date": "2015-08-19T15:04:14.828269+00:00", "source": {"name": "Sublocation Centroid Exercise of MOH/ICF Macro"}, "method": {"name": "Taken with GPS Device"}, "coordinates": "{\"type\": \"Point\", \"coordinates\": [37.093, -1.07156]}", "facility": {"code": 10135}}, {"collection_date": "2015-08-19T15:04:14.790717+00:00", "source": {"name": "DHMT"}, "method": {"name": "Taken with GPS Device"}, "coordinates": "{\"type\": \"Point\", \"coordinates\": [36.06766, -0.29912]}", "facility": {"code": 18009}}, {"collection_date": "2015-08-19T15:04:14.777755+00:00", "source": {"name": "MOH"}, "method": {"name": "Taken with GPS Device"}, "coordinates": "{\"type\": \"Point\", \"coordinates\": [35.32586, 0.29156]}", "facility": {"code": 17426}}, {"collection_date": "2015-08-19T15:04:14.725973+00:00", "source": {"name": "DHMT"}, "method": {"name": "Taken with GPS Device"}, "coordinates": "{\"type\": \"Point\", \"coordinates\": [36.94028, -1.39374]}", "facility": {"code": 11922}}, {"collection_date": "2015-08-19T15:04:14.701574+00:00", "source": {"name": "Sublocation Centroid Exercise of MOH/ICF Macro"}, "method": {"name": "Other"}, "coordinates": "{\"type\": \"Point\", \"coordinates\": [36.9501, -1.08449]}", "facility": {"code": 16758}}, {"collection_date": "2015-08-19T15:04:14.690671+00:00", "source": {"name": "Sublocation Centroid Exercise of MOH/ICF Macro"}, "method": {"name": "Taken with GPS Device"}, "coordinates": "{\"type\": \"Point\", \"coordinates\": [37.35984, -0.68284]}", "facility": {"code": 10850}}, {"collection_date": "2015-08-19T15:04:14.669877+00:00", "source": {"name": "DHMT"}, "method": {"name": "Taken with GPS Device"}, "coordinates": "{\"type\": \"Point\", \"coordinates\": [37.5608, -1.86354]}", "facility": {"code": 18008}}, {"collection_date": "2015-08-19T15:04:14.658907+00:00", "source": {"name": "SARAM 2013"}, "method": {"name": "Taken with GPS Device"}, "coordinates": "{\"type\": \"Point\", \"coordinates\": [36.77462, -0.99172]}", "facility": {"code": 17424}}, {"collection_date": "2015-08-19T15:04:14.582533+00:00", "source": {"name": "Sublocation Centroid Exercise of MOH/ICF Macro"}, "method": {"name": "Taken with GPS Device"}, "coordinates": "{\"type\": \"Point\", \"coordinates\": [39.68441, -4.03037]}", "facility": {"code": 11429}}, {"collection_date": "2015-08-19T15:04:14.556474+00:00", "source": {"name": "Sublocation Centroid Exercise of MOH/ICF Macro"}, "method": {"name": "Taken with GPS Device"}, "coordinates": "{\"type\": \"Point\", \"coordinates\": [36.99964, -1.09107]}", "facility": {"code": 16757}}, {"collection_date": "2015-08-19T15:04:14.554785+00:00", "source": {"name": "DHMT"}, "method": {"name": "Taken with GPS Device"}, "coordinates": "{\"type\": \"Point\", \"coordinates\": [36.83446, -1.30434]}", "facility": {"code": 18007}}, {"collection_date": "2015-08-19T15:04:14.537160+00:00", "source": {"name": "DHMT"}, "method": {"name": "Taken with GPS Device"}, "coordinates": "{\"type\": \"Point\", \"coordinates\": [36.81142, -1.28803]}", "facility": {"code": 16169}}, {"collection_date": "2015-08-19T15:04:14.526280+00:00", "source": {"name": "SARAM 2013"}, "method": {"name": "Taken with GPS Device"}, "coordinates": "{\"type\": \"Point\", \"coordinates\": [36.9679, -0.96403]}", "facility": {"code": 17421}}, {"collection_date": "2015-08-19T15:04:14.479187+00:00", "source": {"name": "Sublocation Centroid Exercise of MOH/ICF Macro"}, "method": {"name": "Taken with GPS Device"}, "coordinates": "{\"type\": \"Point\", \"coordinates\": [39.69491, -4.01513]}", "facility": {"code": 16532}}, {"collection_date": "2015-08-19T15:04:14.442623+00:00", "source": {"name": "Sublocation Centroid Exercise of MOH/ICF Macro"}, "method": {"name": "Other"}, "coordinates": "{\"type\": \"Point\", \"coordinates\": [37.0979, -1.06743]}", "facility": {"code": 11188}}, {"collection_date": "2015-08-19T15:04:14.422683+00:00", "source": {"name": "DHRIO"}, "method": {"name": "Taken with GPS Device"}, "coordinates": "{\"type\": \"Point\", \"coordinates\": [36.72586, -1.18002]}", "facility": {"code": 18006}}, {"collection_date": "2015-08-19T15:04:14.390495+00:00", "source": {"name": "Sublocation Centroid Exercise of MOH/ICF Macro"}, "method": {"name": "Other"}, "coordinates": "{\"type\": \"Point\", \"coordinates\": [36.7559, -1.39607]}", "facility": {"code": 15482}}, {"collection_date": "2015-08-19T15:04:14.382990+00:00", "source": {"name": "SARAM 2013"}, "method": {"name": "Taken with GPS Device"}, "coordinates": "{\"type\": \"Point\", \"coordinates\": [36.81454, -0.81174]}", "facility": {"code": 17420}}, {"collection_date": "2015-08-19T15:04:14.369799+00:00", "source": {"name": "Sublocation Centroid Exercise of MOH/ICF Macro"}, "method": {"name": "Other"}, "coordinates": "{\"type\": \"Point\", \"coordinates\": [36.8499, -1.2956]}", "facility": {"code": 12992}}, {"collection_date": "2015-08-19T15:04:14.309424+00:00", "source": {"name": "DHMT"}, "method": {"name": "Taken with GPS Device"}, "coordinates": "{\"type\": \"Point\", \"coordinates\": [35.73365, -0.25003]}", "facility": {"code": 14402}}, {"collection_date": "2015-08-19T15:04:14.290588+00:00", "source": {"name": "DHMT"}, "method": {"name": "Taken with GPS Device"}, "coordinates": "{\"type\": \"Point\", \"coordinates\": [36.83669, -1.31225]}", "facility": {"code": 18005}}, {"collection_date": "2015-08-19T15:04:14.281858+00:00", "source": {"name": "MOH"}, "method": {"name": "Taken with GPS Device"}, "coordinates": "{\"type\": \"Point\", \"coordinates\": [35.3291, 0.39294]}", "facility": {"code": 17418}}, {"collection_date": "2015-08-19T15:04:14.258114+00:00", "source": {"name": "Sublocation Centroid Exercise of MOH/ICF Macro"}, "method": {"name": "Other"}, "coordinates": "{\"type\": \"Point\", \"coordinates\": [37.094, -0.00133164]}", "facility": {"code": 10120}}, {"collection_date": "2015-08-19T15:04:14.246145+00:00", "source": {"name": "Sublocation Centroid Exercise of MOH/ICF Macro"}, "method": {"name": "Other"}, "coordinates": "{\"type\": \"Point\", \"coordinates\": [34.6629, 0.293967]}", "facility": {"code": 15793}}, {"collection_date": "2015-08-19T15:04:14.172852+00:00", "source": {"name": "DHMT"}, "method": {"name": "Taken with GPS Device"}, "coordinates": "{\"type\": \"Point\", \"coordinates\": [36.9794, -1.15877]}", "facility": {"code": 10178}}, {"collection_date": "2015-08-19T15:04:14.159249+00:00", "source": {"name": "DHMT"}, "method": {"name": "Taken with GPS Device"}, "coordinates": "{\"type\": \"Point\", \"coordinates\": [37.63113, -1.9111]}", "facility": {"code": 18004}}, {"collection_date": "2015-08-19T15:04:14.144580+00:00", "source": {"name": "MOH"}, "method": {"name": "Taken with GPS Device"}, "coordinates": "{\"type\": \"Point\", \"coordinates\": [35.38087, 0.28907]}", "facility": {"code": 17417}}, {"collection_date": "2015-08-19T15:04:14.111307+00:00", "source": {"name": "SARAM 2013"}, "method": {"name": "Taken with GPS Device"}, "coordinates": "{\"type\": \"Point\", \"coordinates\": [39.522, -3.54347]}", "facility": {"code": 11238}}, {"collection_date": "2015-08-19T15:04:14.109431+00:00", "source": {"name": "SARAM 2013"}, "method": {"name": "Taken with GPS Device"}, "coordinates": "{\"type\": \"Point\", \"coordinates\": [37.00094, -0.13164]}", "facility": {"code": 10145}}, {"collection_date": "2015-08-19T15:04:13.976915+00:00", "source": {"name": "MFL"}, "method": {"name": "Taken with GPS Device"}, "coordinates": "{\"type\": \"Point\", \"coordinates\": [34.45688, -0.53032]}", "facility": {"code": 18003}}, {"collection_date": "2015-08-19T15:04:13.976628+00:00", "source": {"name": "SARAM 2013"}, "method": {"name": "Taken with GPS Device"}, "coordinates": "{\"type\": \"Point\", \"coordinates\": [36.91644, -1.14164]}", "facility": {"code": 10955}}, {"collection_date": "2015-08-19T15:04:13.973727+00:00", "source": {"name": "MOH"}, "method": {"name": "Taken with GPS Device"}, "coordinates": "{\"type\": \"Point\", \"coordinates\": [35.30279, 0.40555]}", "facility": {"code": 17416}}, {"collection_date": "2015-08-19T15:04:13.812173+00:00", "source": {"name": "Sublocation Centroid Exercise of MOH/ICF Macro"}, "method": {"name": "Other"}, "coordinates": "{\"type\": \"Point\", \"coordinates\": [37.5417, -0.638813]}", "facility": {"code": 11959}}, {"collection_date": "2015-08-19T15:04:13.812167+00:00", "source": {"name": "DHMT"}, "method": {"name": "Taken with GPS Device"}, "coordinates": "{\"type\": \"Point\", \"coordinates\": [37.28039, -0.5048]}", "facility": {"code": 10179}}, {"collection_date": "2015-08-19T15:04:13.713359+00:00", "source": {"name": "Cold Chain Inventory (MoH/PATH/WHO) - Feb 2011"}, "method": {"name": "Taken with GPS Device"}, "coordinates": "{\"type\": \"Point\", \"coordinates\": [34.27539, -0.0983]}", "facility": {"code": 13508}}, {"collection_date": "2015-08-19T15:04:13.713259+00:00", "source": {"name": "DHRIO"}, "method": {"name": "Taken with GPS Device"}, "coordinates": "{\"type\": \"Point\", \"coordinates\": [36.82139, -1.28594]}", "facility": {"code": 18002}}, {"collection_date": "2015-08-19T15:04:13.656042+00:00", "source": {"name": "MOH"}, "method": {"name": "Taken with GPS Device"}, "coordinates": "{\"type\": \"Point\", \"coordinates\": [35.25405, 0.47747]}", "facility": {"code": 17414}}, {"collection_date": "2015-08-19T15:04:13.553559+00:00", "source": {"name": "Sublocation Centroid Exercise of MOH/ICF Macro"}, "method": {"name": "Other"}, "coordinates": "{\"type\": \"Point\", \"coordinates\": [37.094, -0.00133164]}", "facility": {"code": 10897}}, {"collection_date": "2015-08-19T15:04:13.536608+00:00", "source": {"name": "MOH"}, "method": {"name": "Taken with GPS Device"}, "coordinates": "{\"type\": \"Point\", \"coordinates\": [40.10569, -3.2198]}", "facility": {"code": 16527}}, {"collection_date": "2015-08-19T15:04:13.482061+00:00", "source": {"name": "SARAM 2013"}, "method": {"name": "Taken with GPS Device"}, "coordinates": "{\"type\": \"Point\", \"coordinates\": [36.91174, -1.25736]}", "facility": {"code": 18001}}, {"collection_date": "2015-08-19T15:04:13.469182+00:00", "source": {"name": "MOH"}, "method": {"name": "Taken with GPS Device"}, "coordinates": "{\"type\": \"Point\", \"coordinates\": [35.25293, 0.47266]}", "facility": {"code": 17413}}, {"collection_date": "2015-08-19T15:04:13.455788+00:00", "source": {"name": "Sublocation Centroid Exercise of MOH/ICF Macro"}, "method": {"name": "Taken with GPS Device"}, "coordinates": "{\"type\": \"Point\", \"coordinates\": [35.80882, -0.30445]}", "facility": {"code": 16685}}, {"collection_date": "2015-08-19T15:04:13.422800+00:00", "source": {"name": "Sublocation Centroid Exercise of MOH/ICF Macro"}, "method": {"name": "Other"}, "coordinates": "{\"type\": \"Point\", \"coordinates\": [37.094, -0.00133164]}", "facility": {"code": 10115}}, {"collection_date": "2015-08-19T15:04:13.411017+00:00", "source": {"name": "Sublocation Centroid Exercise of MOH/ICF Macro"}, "method": {"name": "Other"}, "coordinates": "{\"type\": \"Point\", \"coordinates\": [36.8499, -1.2956]}", "facility": {"code": 12943}}, {"collection_date": "2015-08-19T15:04:13.348359+00:00", "source": {"name": "SARAM 2013"}, "method": {"name": "Taken with GPS Device"}, "coordinates": "{\"type\": \"Point\", \"coordinates\": [35.257, -0.53411]}", "facility": {"code": 17999}}, {"collection_date": "2015-08-19T15:04:13.335659+00:00", "source": {"name": "GPS"}, "method": {"name": "Taken with GPS Device"}, "coordinates": "{\"type\": \"Point\", \"coordinates\": [36.89843, -1.27416]}", "facility": {"code": 17411}}, {"collection_date": "2015-08-19T15:04:13.322205+00:00", "source": {"name": "Sublocation Centroid Exercise of MOH/ICF Macro"}, "method": {"name": "Other"}, "coordinates": "{\"type\": \"Point\", \"coordinates\": [41.8354, 3.94502]}", "facility": {"code": 16309}}, {"collection_date": "2015-08-19T15:04:13.288266+00:00", "source": {"name": "Sublocation Centroid Exercise of MOH/ICF Macro"}, "method": {"name": "Other"}, "coordinates": "{\"type\": \"Point\", \"coordinates\": [37.094, -0.00133164]}", "facility": {"code": 10183}}, {"collection_date": "2015-08-19T15:04:13.276776+00:00", "source": {"name": "MOH"}, "method": {"name": "Taken with GPS Device"}, "coordinates": "{\"type\": \"Point\", \"coordinates\": [40.11279, -3.18463]}", "facility": {"code": 11506}}, {"collection_date": "2015-08-19T15:04:13.214460+00:00", "source": {"name": "SARAM 2013"}, "method": {"name": "Taken with GPS Device"}, "coordinates": "{\"type\": \"Point\", \"coordinates\": [37.96182, 0.2222]}", "facility": {"code": 17408}}, {"collection_date": "2015-08-19T15:04:13.200185+00:00", "source": {"name": "Sublocation Centroid Exercise of MOH/ICF Macro"}, "method": {"name": "Other"}, "coordinates": "{\"type\": \"Point\", \"coordinates\": [41.8354, 3.94502]}", "facility": {"code": 16310}}, {"collection_date": "2015-08-19T15:04:13.200185+00:00", "source": {"name": "SARAM 2013"}, "method": {"name": "Taken with GPS Device"}, "coordinates": "{\"type\": \"Point\", \"coordinates\": [36.88161, -1.26584]}", "facility": {"code": 17998}}, {"collection_date": "2015-08-19T15:04:13.177981+00:00", "source": {"name": "SARAM 2013"}, "method": {"name": "Taken with GPS Device"}, "coordinates": "{\"type\": \"Point\", \"coordinates\": [36.94985, -0.42172]}", "facility": {"code": 16781}}, {"collection_date": "2015-08-19T15:04:12.985206+00:00", "source": {"name": "DHMT"}, "method": {"name": "Taken with GPS Device"}, "coordinates": "{\"type\": \"Point\", \"coordinates\": [39.87975, -3.53395]}", "facility": {"code": 16180}}, {"collection_date": "2015-08-19T15:04:12.870756+00:00", "source": {"name": "SARAM 2013"}, "method": {"name": "Taken with GPS Device"}, "coordinates": "{\"type\": \"Point\", \"coordinates\": [36.604, -0.85243]}", "facility": {"code": 17407}}, {"collection_date": "2015-08-19T15:04:12.757701+00:00", "source": {"name": "Sublocation Centroid Exercise of MOH/ICF Macro"}, "method": {"name": "Other"}, "coordinates": "{\"type\": \"Point\", \"coordinates\": [36.7523, -1.38778]}", "facility": {"code": 14266}}, {"collection_date": "2015-08-19T15:04:12.757529+00:00", "source": {"name": "SARAM 2013"}, "method": {"name": "Taken with GPS Device"}, "coordinates": "{\"type\": \"Point\", \"coordinates\": [36.9098, -1.24563]}", "facility": {"code": 17997}}, {"collection_date": "2015-08-19T15:04:12.013282+00:00", "source": {"name": "DHMT"}, "method": {"name": "Taken with GPS Device"}, "coordinates": "{\"type\": \"Point\", \"coordinates\": [37.66691, -0.06914]}", "facility": {"code": 11976}}, {"collection_date": "2015-08-19T15:04:11.710054+00:00", "source": {"name": "DHMT"}, "method": {"name": "Taken with GPS Device"}, "coordinates": "{\"type\": \"Point\", \"coordinates\": [37.26233, -1.53536]}", "facility": {"code": 12439}}, {"collection_date": "2015-08-19T15:04:11.709307+00:00", "source": {"name": "SARAM 2013"}, "method": {"name": "Taken with GPS Device"}, "coordinates": "{\"type\": \"Point\", \"coordinates\": [34.6972, 1.04427]}", "facility": {"code": 17994}}, {"collection_date": "2015-08-19T15:04:11.564438+00:00", "source": {"name": "MOH"}, "method": {"name": "Taken with GPS Device"}, "coordinates": "{\"type\": \"Point\", \"coordinates\": [35.34176, 0.25084]}", "facility": {"code": 17403}}, {"collection_date": "2015-08-19T15:04:11.445613+00:00", "source": {"name": "SARAM 2013"}, "method": {"name": "Taken with GPS Device"}, "coordinates": "{\"type\": \"Point\", \"coordinates\": [36.90299, -0.33025]}", "facility": {"code": 10180}}, {"collection_date": "2015-08-19T15:04:11.326278+00:00", "source": {"name": "DHMT"}, "method": {"name": "Taken with GPS Device"}, "coordinates": "{\"type\": \"Point\", \"coordinates\": [38.64136, 3.55549]}", "facility": {"code": 12739}}, {"collection_date": "2015-08-19T15:04:11.205750+00:00", "source": {"name": "ETREX GPRS"}, "method": {"name": "Taken with GPS Device"}, "coordinates": "{\"type\": \"Point\", \"coordinates\": [36.6976, -1.21935]}", "facility": {"code": 17402}}, {"collection_date": "2015-08-19T15:04:11.205750+00:00", "source": {"name": "SARAM 2013"}, "method": {"name": "Taken with GPS Device"}, "coordinates": "{\"type\": \"Point\", \"coordinates\": [34.8738, 0.72676]}", "facility": {"code": 17993}}, {"collection_date": "2015-08-19T15:04:11.204698+00:00", "source": {"name": "DHMT"}, "method": {"name": "Taken with GPS Device"}, "coordinates": "{\"type\": \"Point\", \"coordinates\": [39.6853, -4.00134]}", "facility": {"code": 16537}}, {"collection_date": "2015-08-19T15:04:11.091104+00:00", "source": {"name": "Sublocation Centroid Exercise of MOH/ICF Macro"}, "method": {"name": "Other"}, "coordinates": "{\"type\": \"Point\", \"coordinates\": [37.3477, -0.61046]}", "facility": {"code": 10065}}, {"collection_date": "2015-08-19T15:04:10.912885+00:00", "source": {"name": "Sublocation Centroid Exercise of MOH/ICF Macro"}, "method": {"name": "Taken with GPS Device"}, "coordinates": "{\"type\": \"Point\", \"coordinates\": [38.16726, -2.69432]}", "facility": {"code": 12018}}, {"collection_date": "2015-08-19T15:04:10.773152+00:00", "source": {"name": "Sublocation Centroid Exercise of MOH/ICF Macro"}, "method": {"name": "Taken with GPS Device"}, "coordinates": "{\"type\": \"Point\", \"coordinates\": [37.02038, -1.09173]}", "facility": {"code": 16750}}, {"collection_date": "2015-08-19T15:04:10.771761+00:00", "source": {"name": "GPS"}, "method": {"name": "Taken with GPS Device"}, "coordinates": "{\"type\": \"Point\", \"coordinates\": [36.74358, -1.00349]}", "facility": {"code": 17401}}, {"collection_date": "2015-08-19T15:04:10.499417+00:00", "source": {"name": "SARAM 2013"}, "method": {"name": "Taken with GPS Device"}, "coordinates": "{\"type\": \"Point\", \"coordinates\": [39.61755, -4.01484]}", "facility": {"code": 11616}}, {"collection_date": "2015-08-19T15:04:10.498614+00:00", "source": {"name": "Sublocation Centroid Exercise of MOH/ICF Macro"}, "method": {"name": "Taken with GPS Device"}, "coordinates": "{\"type\": \"Point\", \"coordinates\": [39.68701, -4.02832]}", "facility": {"code": 11774}}, {"collection_date": "2015-08-19T15:04:10.486324+00:00", "source": {"name": "GPS"}, "method": {"name": "Taken with GPS Device"}, "coordinates": "{\"type\": \"Point\", \"coordinates\": [36.9122, -0.745669]}", "facility": {"code": 17992}}, {"collection_date": "2015-08-19T15:04:10.331312+00:00", "source": {"name": "GPS"}, "method": {"name": "Taken with GPS Device"}, "coordinates": "{\"type\": \"Point\", \"coordinates\": [36.64015, -1.04004]}", "facility": {"code": 17398}}, {"collection_date": "2015-08-19T15:04:10.324246+00:00", "source": {"name": "Sublocation Centroid Exercise of MOH/ICF Macro"}, "method": {"name": "Other"}, "coordinates": "{\"type\": \"Point\", \"coordinates\": [37.6692, 0.124107]}", "facility": {"code": 16226}}, {"collection_date": "2015-08-19T15:04:10.200850+00:00", "source": {"name": "DHMT"}, "method": {"name": "Taken with GPS Device"}, "coordinates": "{\"type\": \"Point\", \"coordinates\": [34.66465, -0.40151]}", "facility": {"code": 13667}}, {"collection_date": "2015-08-19T15:04:10.187168+00:00", "source": {"name": "Sublocation Centroid Exercise of MOH/ICF Macro"}, "method": {"name": "Other"}, "coordinates": "{\"type\": \"Point\", \"coordinates\": [37.3392, -1.22738]}", "facility": {"code": 12497}}, {"collection_date": "2015-08-19T15:04:10.178181+00:00", "source": {"name": "SARAM 2013"}, "method": {"name": "Taken with GPS Device"}, "coordinates": "{\"type\": \"Point\", \"coordinates\": [34.89712, 0.72574]}", "facility": {"code": 17990}}, {"collection_date": "2015-08-19T15:04:10.030546+00:00", "source": {"name": "GPS"}, "method": {"name": "Taken with GPS Device"}, "coordinates": "{\"type\": \"Point\", \"coordinates\": [36.59443, -0.94684]}", "facility": {"code": 17397}}], "model": "mfl_gis.FacilityCoordinates", "unique_fields": ["facility"]}]