[{"records": [{"collection_date": "2015-08-19T15:04:09.865690+00:00", "source": {"name": "DHRIO Nyando"}, "method": {"name": "Taken with GPS Device"}, "coordinates": "{\"type\": \"Point\", \"coordinates\": [34.97848, -0.38168]}", "facility": {"code": 13864}}, {"collection_date": "2015-08-19T15:04:09.858346+00:00", "source": {"name": "GPS"}, "method": {"name": "Calc from proximity to school, village,markets"}, "coordinates": "{\"type\": \"Point\", \"coordinates\": [36.71544, -1.22061]}", "facility": {"code": 17989}}, {"collection_date": "2015-08-19T15:04:09.854428+00:00", "source": {"name": "SARAM 2013"}, "method": {"name": "Taken with GPS Device"}, "coordinates": "{\"type\": \"Point\", \"coordinates\": [39.67335, -4.06347]}", "facility": {"code": 11336}}, {"collection_date": "2015-08-19T15:04:09.690105+00:00", "source": {"name": "DHMT"}, "method": {"name": "Taken with GPS Device"}, "coordinates": "{\"type\": \"Point\", \"coordinates\": [36.8796, -1.28254]}", "facility": {"code": 12868}}, {"collection_date": "2015-08-19T15:04:09.678112+00:00", "source": {"name": "ETREX GPS"}, "method": {"name": "Taken with GPS Device"}, "coordinates": "{\"type\": \"Point\", \"coordinates\": [36.6556, -1.19893]}", "facility": {"code": 17396}}, {"collection_date": "2015-08-19T15:04:09.660022+00:00", "source": {"name": "Cold Chain Inventory (MoH/PATH/WHO) - Feb 2011"}, "method": {"name": "Taken with GPS Device"}, "coordinates": "{\"type\": \"Point\", \"coordinates\": [36.36546, -0.02929]}", "facility": {"code": 10891}}, {"collection_date": "2015-08-19T15:04:09.509443+00:00", "source": {"name": "SARAM 2013"}, "method": {"name": "Taken with GPS Device"}, "coordinates": "{\"type\": \"Point\", \"coordinates\": [36.24398, 0.07971]}", "facility": {"code": 17988}}, {"collection_date": "2015-08-19T15:04:09.499370+00:00", "source": {"name": "Cold Chain Inventory (MoH/PATH/WHO) - Feb 2011"}, "method": {"name": "Taken with GPS Device"}, "coordinates": "{\"type\": \"Point\", \"coordinates\": [37.32282, -1.27052]}", "facility": {"code": 12809}}, {"collection_date": "2015-08-19T15:04:09.483328+00:00", "source": {"name": "Sublocation Centroid Exercise of MOH/ICF Macro"}, "method": {"name": "Other"}, "coordinates": "{\"type\": \"Point\", \"coordinates\": [37.0979, -1.06743]}", "facility": {"code": 10966}}, {"collection_date": "2015-08-19T15:04:09.323642+00:00", "source": {"name": "DHMT"}, "method": {"name": "Taken with GPS Device"}, "coordinates": "{\"type\": \"Point\", \"coordinates\": [36.78169, -1.31444]}", "facility": {"code": 17394}}, {"collection_date": "2015-08-19T15:04:09.310765+00:00", "source": {"name": "SARAM 2013"}, "method": {"name": "Taken with GPS Device"}, "coordinates": "{\"type\": \"Point\", \"coordinates\": [37.39602, -1.80626]}", "facility": {"code": 12306}}, {"collection_date": "2015-08-19T15:04:09.305614+00:00", "source": {"name": "DHMT"}, "method": {"name": "Taken with GPS Device"}, "coordinates": "{\"type\": \"Point\", \"coordinates\": [34.91034, 0.83209]}", "facility": {"code": 17986}}, {"collection_date": "2015-08-19T15:04:09.176409+00:00", "source": {"name": "Sublocation Centroid Exercise of MOH/ICF Macro"}, "method": {"name": "Taken with GPS Device"}, "coordinates": "{\"type\": \"Point\", \"coordinates\": [39.68392, -4.04235]}", "facility": {"code": 11233}}, {"collection_date": "2015-08-19T15:04:09.124558+00:00", "source": {"name": "DHRIO"}, "method": {"name": "Taken with GPS Device"}, "coordinates": "{\"type\": \"Point\", \"coordinates\": [36.68672, -1.42876]}", "facility": {"code": 15313}}, {"collection_date": "2015-08-19T15:04:09.111747+00:00", "source": {"name": "MOH"}, "method": {"name": "Taken with GPS Device"}, "coordinates": "{\"type\": \"Point\", \"coordinates\": [40.11293, -3.22078]}", "facility": {"code": 11843}}, {"collection_date": "2015-08-19T15:04:08.963092+00:00", "source": {"name": "DHMT"}, "method": {"name": "Taken with GPS Device"}, "coordinates": "{\"type\": \"Point\", \"coordinates\": [36.04281, -0.17259]}", "facility": {"code": 17985}}, {"collection_date": "2015-08-19T15:04:08.920566+00:00", "source": {"name": "DHMT"}, "method": {"name": "Taken with GPS Device"}, "coordinates": "{\"type\": \"Point\", \"coordinates\": [36.77791, -1.31428]}", "facility": {"code": 17393}}, {"collection_date": "2015-08-19T15:04:08.920126+00:00", "source": {"name": "DHMT"}, "method": {"name": "Taken with GPS Device"}, "coordinates": "{\"type\": \"Point\", \"coordinates\": [39.6208, -4.01392]}", "facility": {"code": 11426}}, {"collection_date": "2015-08-19T15:04:08.907463+00:00", "source": {"name": "Sublocation Centroid Exercise of MOH/ICF Macro"}, "method": {"name": "Other"}, "coordinates": "{\"type\": \"Point\", \"coordinates\": [37.3477, -0.61046]}", "facility": {"code": 10607}}, {"collection_date": "2015-08-19T15:04:08.774528+00:00", "source": {"name": "ETREX GPS"}, "method": {"name": "Taken with GPS Device"}, "coordinates": "{\"type\": \"Point\", \"coordinates\": [36.42791, -1.15496]}", "facility": {"code": 17983}}, {"collection_date": "2015-08-19T15:04:08.732291+00:00", "source": {"name": "SARAM 2013"}, "method": {"name": "Taken with GPS Device"}, "coordinates": "{\"type\": \"Point\", \"coordinates\": [34.75328, -0.1217]}", "facility": {"code": 13808}}, {"collection_date": "2015-08-19T15:04:08.726265+00:00", "source": {"name": "Sublocation Centroid Exercise of MOH/ICF Macro"}, "method": {"name": "Other"}, "coordinates": "{\"type\": \"Point\", \"coordinates\": [37.0734, -1.52695]}", "facility": {"code": 12705}}, {"collection_date": "2015-08-19T15:04:08.720479+00:00", "source": {"name": "Sublocation Centroid Exercise of MOH/ICF Macro"}, "method": {"name": "Other"}, "coordinates": "{\"type\": \"Point\", \"coordinates\": [36.741, -1.217]}", "facility": {"code": 10064}}, {"collection_date": "2015-08-19T15:04:08.704983+00:00", "source": {"name": "DHMT"}, "method": {"name": "Taken with GPS Device"}, "coordinates": "{\"type\": \"Point\", \"coordinates\": [36.7979, -1.31198]}", "facility": {"code": 17391}}, {"collection_date": "2015-08-19T15:04:08.539086+00:00", "source": {"name": "DHRIO"}, "method": {"name": "Taken with GPS Device"}, "coordinates": "{\"type\": \"Point\", \"coordinates\": [36.84103, -1.17178]}", "facility": {"code": 17981}}, {"collection_date": "2015-08-19T15:04:08.465467+00:00", "source": {"name": "Cold Chain Inventory (MoH/PATH/WHO) - Feb 2011"}, "method": {"name": "Taken with GPS Device"}, "coordinates": "{\"type\": \"Point\", \"coordinates\": [34.76964, -0.67409]}", "facility": {"code": 13567}}, {"collection_date": "2015-08-19T15:04:08.344797+00:00", "source": {"name": "DHMT"}, "method": {"name": "Taken with GPS Device"}, "coordinates": "{\"type\": \"Point\", \"coordinates\": [36.82765, -1.31398]}", "facility": {"code": 17390}}, {"collection_date": "2015-08-19T15:04:08.344375+00:00", "source": {"name": "DHMT"}, "method": {"name": "Taken with GPS Device"}, "coordinates": "{\"type\": \"Point\", \"coordinates\": [34.80982, -0.48668]}", "facility": {"code": 16875}}, {"collection_date": "2015-08-19T15:04:08.327046+00:00", "source": {"name": "GPS"}, "method": {"name": "Taken with GPS Device"}, "coordinates": "{\"type\": \"Point\", \"coordinates\": [37.91606, -1.23536]}", "facility": {"code": 12826}}, {"collection_date": "2015-08-19T15:04:08.261573+00:00", "source": {"name": "DHMT"}, "method": {"name": "Taken with GPS Device"}, "coordinates": "{\"type\": \"Point\", \"coordinates\": [36.96594, -1.43588]}", "facility": {"code": 17979}}, {"collection_date": "2015-08-19T15:04:08.116966+00:00", "source": {"name": "Sublocation Centroid Exercise of MOH/ICF Macro"}, "method": {"name": "Other"}, "coordinates": "{\"type\": \"Point\", \"coordinates\": [36.9855, -1.07444]}", "facility": {"code": 10886}}, {"collection_date": "2015-08-19T15:04:08.112995+00:00", "source": {"name": "DHMT"}, "method": {"name": "Taken with GPS Device"}, "coordinates": "{\"type\": \"Point\", \"coordinates\": [36.82421, -1.3101]}", "facility": {"code": 17389}}, {"collection_date": "2015-08-19T15:04:08.098411+00:00", "source": {"name": "KEMRI GIS MERGE"}, "method": {"name": "Taken with GPS Device"}, "coordinates": "{\"type\": \"Point\", \"coordinates\": [34.77233, -0.68216]}", "facility": {"code": 13527}}, {"collection_date": "2015-08-19T15:04:08.089353+00:00", "source": {"name": "GPS"}, "method": {"name": "Taken with GPS Device"}, "coordinates": "{\"type\": \"Point\", \"coordinates\": [37.91605, -1.23303]}", "facility": {"code": 12464}}, {"collection_date": "2015-08-19T15:04:08.020060+00:00", "source": {"name": "SARAM 2013"}, "method": {"name": "Taken with GPS Device"}, "coordinates": "{\"type\": \"Point\", \"coordinates\": [39.68499, -4.00886]}", "facility": {"code": 17978}}, {"collection_date": "2015-08-19T15:04:07.998709+00:00", "source": {"name": "DHMT"}, "method": {"name": "Taken with GPS Device"}, "coordinates": "{\"type\": \"Point\", \"coordinates\": [37.51845, 0.09236]}", "facility": {"code": 16826}}, {"collection_date": "2015-08-19T15:04:07.874229+00:00", "source": {"name": "DHMT"}, "method": {"name": "Taken with GPS Device"}, "coordinates": "{\"type\": \"Point\", \"coordinates\": [36.82578, -1.30688]}", "facility": {"code": 17388}}, {"collection_date": "2015-08-19T15:04:07.860590+00:00", "source": {"name": "Sublocation Centroid Exercise of MOH/ICF Macro"}, "method": {"name": "Other"}, "coordinates": "{\"type\": \"Point\", \"coordinates\": [37.3392, -1.22738]}", "facility": {"code": 12702}}, {"collection_date": "2015-08-19T15:04:07.858093+00:00", "source": {"name": "KEMRI GIS MERGE"}, "method": {"name": "Taken with GPS Device"}, "coordinates": "{\"type\": \"Point\", \"coordinates\": [39.66154, -4.05305]}", "facility": {"code": 11600}}, {"collection_date": "2015-08-19T15:04:07.786727+00:00", "source": {"name": "GPS"}, "method": {"name": "Calc from proximity to school, village,markets"}, "coordinates": "{\"type\": \"Point\", \"coordinates\": [36.62803, -1.10928]}", "facility": {"code": 17977}}, {"collection_date": "2015-08-19T15:04:07.772791+00:00", "source": {"name": "Cold Chain Inventory (MoH/PATH/WHO) - Feb 2011"}, "method": {"name": "Taken with GPS Device"}, "coordinates": "{\"type\": \"Point\", \"coordinates\": [37.53688, -0.49822]}", "facility": {"code": 12168}}, {"collection_date": "2015-08-19T15:04:07.608001+00:00", "source": {"name": "DHMT"}, "method": {"name": "Taken with GPS Device"}, "coordinates": "{\"type\": \"Point\", \"coordinates\": [36.77314, -1.30878]}", "facility": {"code": 17385}}, {"collection_date": "2015-08-19T15:04:07.604727+00:00", "source": {"name": "MOPHS"}, "method": {"name": "Taken with GPS Device"}, "coordinates": "{\"type\": \"Point\", \"coordinates\": [37.56725, 0.12577]}", "facility": {"code": 12303}}, {"collection_date": "2015-08-19T15:04:07.602872+00:00", "source": {"name": "Sublocation Centroid Exercise of MOH/ICF Macro"}, "method": {"name": "Other"}, "coordinates": "{\"type\": \"Point\", \"coordinates\": [36.961, -0.686593]}", "facility": {"code": 10201}}, {"collection_date": "2015-08-19T15:04:07.532494+00:00", "source": {"name": "MFL RRI EEXERCISE by DHRIO"}, "method": {"name": "Taken with GPS Device"}, "coordinates": "{\"type\": \"Point\", \"coordinates\": [34.98993, -0.87103]}", "facility": {"code": 16267}}, {"collection_date": "2015-08-19T15:04:07.509374+00:00", "source": {"name": "DHMT Mombasa"}, "method": {"name": "Taken with GPS Device"}, "coordinates": "{\"type\": \"Point\", \"coordinates\": [39.68512, -4.04317]}", "facility": {"code": 17975}}, {"collection_date": "2015-08-19T15:04:07.383915+00:00", "source": {"name": "DHMT"}, "method": {"name": "Taken with GPS Device"}, "coordinates": "{\"type\": \"Point\", \"coordinates\": [34.61169, -0.00026]}", "facility": {"code": 13781}}, {"collection_date": "2015-08-19T15:04:07.371943+00:00", "source": {"name": "SARAM 2013"}, "method": {"name": "Taken with GPS Device"}, "coordinates": "{\"type\": \"Point\", \"coordinates\": [39.58328, -4.00235]}", "facility": {"code": 11270}}, {"collection_date": "2015-08-19T15:04:07.348865+00:00", "source": {"name": "DHMT"}, "method": {"name": "Taken with GPS Device"}, "coordinates": "{\"type\": \"Point\", \"coordinates\": [36.7896, -1.32689]}", "facility": {"code": 17384}}, {"collection_date": "2015-08-19T15:04:07.337999+00:00", "source": {"name": "MFL RRI"}, "method": {"name": "Taken with GPS Device"}, "coordinates": "{\"type\": \"Point\", \"coordinates\": [35.02643, -0.82872]}", "facility": {"code": 16256}}, {"collection_date": "2015-08-19T15:04:07.253935+00:00", "source": {"name": "Reception"}, "method": {"name": "Taken with GPS Device"}, "coordinates": "{\"type\": \"Point\", \"coordinates\": [38.04258, -1.41814]}", "facility": {"code": 12735}}, {"collection_date": "2015-08-19T15:04:07.253034+00:00", "source": {"name": "KEMRI GIS MERGE"}, "method": {"name": "Taken with GPS Device"}, "coordinates": "{\"type\": \"Point\", \"coordinates\": [34.76837, 0.21583]}", "facility": {"code": 16030}}, {"collection_date": "2015-08-19T15:04:07.250362+00:00", "source": {"name": "GPS"}, "method": {"name": "Taken with GPS Device"}, "coordinates": "{\"type\": \"Point\", \"coordinates\": [36.66193, -1.14445]}", "facility": {"code": 17974}}, {"collection_date": "2015-08-19T15:04:07.116782+00:00", "source": {"name": "SARAM 2013"}, "method": {"name": "Taken with GPS Device"}, "coordinates": "{\"type\": \"Point\", \"coordinates\": [34.92482, -0.72589]}", "facility": {"code": 13554}}, {"collection_date": "2015-08-19T15:04:07.102249+00:00", "source": {"name": "SARAM 2013"}, "method": {"name": "Taken with GPS Device"}, "coordinates": "{\"type\": \"Point\", \"coordinates\": [37.95789, 0.4053]}", "facility": {"code": 17383}}, {"collection_date": "2015-08-19T15:04:06.846476+00:00", "source": {"name": "DHMT"}, "method": {"name": "Taken with GPS Device"}, "coordinates": "{\"type\": \"Point\", \"coordinates\": [39.68971, -4.00513]}", "facility": {"code": 11245}}, {"collection_date": "2015-08-19T15:04:06.818409+00:00", "source": {"name": "DHMT"}, "method": {"name": "Taken with GPS Device"}, "coordinates": "{\"type\": \"Point\", \"coordinates\": [36.3781, -0.027492]}", "facility": {"code": 17972}}, {"collection_date": "2015-08-19T15:04:06.796720+00:00", "source": {"name": "Sublocation Centroid Exercise of MOH/ICF Macro"}, "method": {"name": "Other"}, "coordinates": "{\"type\": \"Point\", \"coordinates\": [37.1602, -0.713561]}", "facility": {"code": 10377}}, {"collection_date": "2015-08-19T15:04:06.796368+00:00", "source": {"name": "KEMRI GIS MERGE"}, "method": {"name": "Taken with GPS Device"}, "coordinates": "{\"type\": \"Point\", \"coordinates\": [36.9015, -0.95761]}", "facility": {"code": 10698}}, {"collection_date": "2015-08-19T15:04:06.738200+00:00", "source": {"name": "SARAM 2013"}, "method": {"name": "Taken with GPS Device"}, "coordinates": "{\"type\": \"Point\", \"coordinates\": [37.90476, 0.31292]}", "facility": {"code": 17382}}, {"collection_date": "2015-08-19T15:04:06.736509+00:00", "source": {"name": "Sublocation Centroid Exercise of MOH/ICF Macro"}, "method": {"name": "Taken with GPS Device"}, "coordinates": "{\"type\": \"Point\", \"coordinates\": [39.6885, -4.02824]}", "facility": {"code": 11786}}, {"collection_date": "2015-08-19T15:04:06.713890+00:00", "source": {"name": "Konde"}, "method": {"name": "Taken with GPS Device"}, "coordinates": "{\"type\": \"Point\", \"coordinates\": [40.14847, -2.86147]}", "facility": {"code": 17970}}, {"collection_date": "2015-08-19T15:04:06.581570+00:00", "source": {"name": "MFL RRI"}, "method": {"name": "Taken with GPS Device"}, "coordinates": "{\"type\": \"Point\", \"coordinates\": [35.0667, -0.69441]}", "facility": {"code": 16869}}, {"collection_date": "2015-08-19T15:04:06.572477+00:00", "source": {"name": "BOGITA"}, "method": {"name": "Taken with GPS Device"}, "coordinates": "{\"type\": \"Point\", \"coordinates\": [34.93544, -0.58083]}", "facility": {"code": 13913}}, {"collection_date": "2015-08-19T15:04:06.519526+00:00", "source": {"name": "SARAM 2013"}, "method": {"name": "Taken with GPS Device"}, "coordinates": "{\"type\": \"Point\", \"coordinates\": [37.94994, 0.35179]}", "facility": {"code": 17381}}, {"collection_date": "2015-08-19T15:04:06.494676+00:00", "source": {"name": "DHRIO"}, "method": {"name": "Taken with GPS Device"}, "coordinates": "{\"type\": \"Point\", \"coordinates\": [36.83135, -1.27455]}", "facility": {"code": 17969}}, {"collection_date": "2015-08-19T15:04:06.481901+00:00", "source": {"name": "Sublocation Centroid Exercise of MOH/ICF Macro"}, "method": {"name": "Other"}, "coordinates": "{\"type\": \"Point\", \"coordinates\": [34.7449, 0.329045]}", "facility": {"code": 16120}}, {"collection_date": "2015-08-19T15:04:06.460870+00:00", "source": {"name": "DHMT"}, "method": {"name": "Taken with GPS Device"}, "coordinates": "{\"type\": \"Point\", \"coordinates\": [37.51934, 0.09145]}", "facility": {"code": 16825}}, {"collection_date": "2015-08-19T15:04:06.430449+00:00", "source": {"name": "DHMT"}, "method": {"name": "Taken with GPS Device"}, "coordinates": "{\"type\": \"Point\", \"coordinates\": [36.87333, -1.28186]}", "facility": {"code": 12984}}, {"collection_date": "2015-08-19T15:04:06.281762+00:00", "source": {"name": "MDH"}, "method": {"name": "Taken with GPS Device"}, "coordinates": "{\"type\": \"Point\", \"coordinates\": [40.07071, -3.12891]}", "facility": {"code": 17967}}, {"collection_date": "2015-08-19T15:04:06.267110+00:00", "source": {"name": "Cold Chain Inventory (MoH/PATH/WHO) - Feb 2011"}, "method": {"name": "Taken with GPS Device"}, "coordinates": "{\"type\": \"Point\", \"coordinates\": [37.31849, -0.77024]}", "facility": {"code": 12335}}, {"collection_date": "2015-08-19T15:04:06.248074+00:00", "source": {"name": "Sublocation Centroid Exercise of MOH/ICF Macro"}, "method": {"name": "Other"}, "coordinates": "{\"type\": \"Point\", \"coordinates\": [36.8013, -0.291524]}", "facility": {"code": 10997}}, {"collection_date": "2015-08-19T15:04:06.235107+00:00", "source": {"name": "SARAM 2013"}, "method": {"name": "Taken with GPS Device"}, "coordinates": "{\"type\": \"Point\", \"coordinates\": [38.00938, 0.18237]}", "facility": {"code": 17380}}, {"collection_date": "2015-08-19T15:04:06.234449+00:00", "source": {"name": "KEMRI GIS MERGE"}, "method": {"name": "Taken with GPS Device"}, "coordinates": "{\"type\": \"Point\", \"coordinates\": [36.72546, -1.13613]}", "facility": {"code": 10825}}, {"collection_date": "2015-08-19T15:04:06.160981+00:00", "source": {"name": "MDH"}, "method": {"name": "Taken with GPS Device"}, "coordinates": "{\"type\": \"Point\", \"coordinates\": [40.07474, -3.13403]}", "facility": {"code": 17966}}, {"collection_date": "2015-08-19T15:04:06.127711+00:00", "source": {"name": "SARAM 2013"}, "method": {"name": "Taken with GPS Device"}, "coordinates": "{\"type\": \"Point\", \"coordinates\": [39.67359, -4.06385]}", "facility": {"code": 11329}}, {"collection_date": "2015-08-19T15:04:06.105270+00:00", "source": {"name": "Sublocation Centroid Exercise of MOH/ICF Macro"}, "method": {"name": "Taken with GPS Device"}, "coordinates": "{\"type\": \"Point\", \"coordinates\": [37.10793, -1.05859]}", "facility": {"code": 11145}}, {"collection_date": "2015-08-19T15:04:06.095131+00:00", "source": {"name": "SARAM 2013"}, "method": {"name": "Taken with GPS Device"}, "coordinates": "{\"type\": \"Point\", \"coordinates\": [37.93124, 0.16288]}", "facility": {"code": 17379}}, {"collection_date": "2015-08-19T15:04:06.091707+00:00", "source": {"name": "DHRIO"}, "method": {"name": "Taken with GPS Device"}, "coordinates": "{\"type\": \"Point\", \"coordinates\": [37.90028, -0.31621]}", "facility": {"code": 12769}}, {"collection_date": "2015-08-19T15:04:05.990792+00:00", "source": {"name": "DHMT Mombasa"}, "method": {"name": "Taken with GPS Device"}, "coordinates": "{\"type\": \"Point\", \"coordinates\": [39.68264, -4.04375]}", "facility": {"code": 16538}}, {"collection_date": "2015-08-19T15:04:05.989683+00:00", "source": {"name": "SARAM 2013"}, "method": {"name": "Taken with GPS Device"}, "coordinates": "{\"type\": \"Point\", \"coordinates\": [40.11603, -3.20755]}", "facility": {"code": 17964}}, {"collection_date": "2015-08-19T15:04:05.981582+00:00", "source": {"name": "SARAM 2013"}, "method": {"name": "Taken with GPS Device"}, "coordinates": "{\"type\": \"Point\", \"coordinates\": [36.64559, -1.12119]}", "facility": {"code": 17377}}, {"collection_date": "2015-08-19T15:04:05.980946+00:00", "source": {"name": "SARAM 2013"}, "method": {"name": "Taken with GPS Device"}, "coordinates": "{\"type\": \"Point\", \"coordinates\": [37.60469, 0.01087]}", "facility": {"code": 16847}}, {"collection_date": "2015-08-19T15:04:05.970554+00:00", "source": {"name": "DHMT"}, "method": {"name": "Taken with GPS Device"}, "coordinates": "{\"type\": \"Point\", \"coordinates\": [36.36194, 0.03783]}", "facility": {"code": 10890}}, {"collection_date": "2015-08-19T15:04:05.791292+00:00", "source": {"name": "Cold Chain Inventory (MoH/PATH/WHO) - Feb 2011"}, "method": {"name": "Taken with GPS Device"}, "coordinates": "{\"type\": \"Point\", \"coordinates\": [34.75107, -0.11147]}", "facility": {"code": 17376}}, {"collection_date": "2015-08-19T15:04:05.768554+00:00", "source": {"name": "DHMT"}, "method": {"name": "Taken with GPS Device"}, "coordinates": "{\"type\": \"Point\", \"coordinates\": [39.6986, -4.00329]}", "facility": {"code": 11240}}, {"collection_date": "2015-08-19T15:04:05.758384+00:00", "source": {"name": "Cold Chain Inventory (MoH/PATH/WHO) - Feb 2011"}, "method": {"name": "Taken with GPS Device"}, "coordinates": "{\"type\": \"Point\", \"coordinates\": [34.75305, -0.10143]}", "facility": {"code": 13835}}, {"collection_date": "2015-08-19T15:04:05.724768+00:00", "source": {"name": "DHMT"}, "method": {"name": "Taken with GPS Device"}, "coordinates": "{\"type\": \"Point\", \"coordinates\": [37.76659, -0.00245]}", "facility": {"code": 11977}}, {"collection_date": "2015-08-19T15:04:05.724393+00:00", "source": {"name": "DHMT"}, "method": {"name": "Taken with GPS Device"}, "coordinates": "{\"type\": \"Point\", \"coordinates\": [37.65603, -0.21201]}", "facility": {"code": 17962}}, {"collection_date": "2015-08-19T15:04:05.656809+00:00", "source": {"name": "Cold Chain Inventory (MoH/PATH/WHO) - Feb 2011"}, "method": {"name": "Taken with GPS Device"}, "coordinates": "{\"type\": \"Point\", \"coordinates\": [36.32205, -0.35812]}", "facility": {"code": 17375}}, {"collection_date": "2015-08-19T15:04:05.643205+00:00", "source": {"name": "Sublocation Centroid Exercise of MOH/ICF Macro"}, "method": {"name": "Other"}, "coordinates": "{\"type\": \"Point\", \"coordinates\": [37.0161, -1.32541]}", "facility": {"code": 12750}}, {"collection_date": "2015-08-19T15:04:05.636545+00:00", "source": {"name": "DHMT"}, "method": {"name": "Taken with GPS Device"}, "coordinates": "{\"type\": \"Point\", \"coordinates\": [34.7252, -0.127499]}", "facility": {"code": 13520}}, {"collection_date": "2015-08-19T15:04:05.592017+00:00", "source": {"name": "DHRIO (MOPHS)"}, "method": {"name": "Taken with GPS Device"}, "coordinates": "{\"type\": \"Point\", \"coordinates\": [34.6665, -0.74452]}", "facility": {"code": 14139}}, {"collection_date": "2015-08-19T15:04:05.568530+00:00", "source": {"name": "DHMT"}, "method": {"name": "Taken with GPS Device"}, "coordinates": "{\"type\": \"Point\", \"coordinates\": [37.63352, -0.17959]}", "facility": {"code": 17961}}, {"collection_date": "2015-08-19T15:04:05.557310+00:00", "source": {"name": "SARAM 2013"}, "method": {"name": "Taken with GPS Device"}, "coordinates": "{\"type\": \"Point\", \"coordinates\": [36.42464, -0.04224]}", "facility": {"code": 17374}}, {"collection_date": "2015-08-19T15:04:05.490257+00:00", "source": {"name": "Cold Chain Inventory (MoH/PATH/WHO) - Feb 2011"}, "method": {"name": "Taken with GPS Device"}, "coordinates": "{\"type\": \"Point\", \"coordinates\": [34.75323, -0.10463]}", "facility": {"code": 13490}}, {"collection_date": "2015-08-19T15:04:05.489284+00:00", "source": {"name": "Sublocation Centroid Exercise of MOH/ICF Macro"}, "method": {"name": "Taken with GPS Device"}, "coordinates": "{\"type\": \"Point\", \"coordinates\": [39.69071, -4.03561]}", "facility": {"code": 16544}}, {"collection_date": "2015-08-19T15:04:05.472881+00:00", "source": {"name": "Sublocation Centroid Exercise of MOH/ICF Macro"}, "method": {"name": "Taken with GPS Device"}, "coordinates": "{\"type\": \"Point\", \"coordinates\": [34.75456, -0.66426]}", "facility": {"code": 13515}}, {"collection_date": "2015-08-19T15:04:05.432270+00:00", "source": {"name": "DHMT"}, "method": {"name": "Taken with GPS Device"}, "coordinates": "{\"type\": \"Point\", \"coordinates\": [37.62528, -0.17857]}", "facility": {"code": 17960}}], "model": "mfl_gis.FacilityCoordinates", "unique_fields": ["facility"]}]