[{"records": [{"collection_date": "2015-08-19T15:03:47.209998+00:00", "source": {"name": "DHMT"}, "method": {"name": "Taken with GPS Device"}, "coordinates": "{\"type\": \"Point\", \"coordinates\": [39.68857, -4.02254]}", "facility": {"code": 11575}}, {"collection_date": "2015-08-19T15:03:47.209777+00:00", "source": {"name": "KEMRI GIS MERGE"}, "method": {"name": "Taken with GPS Device"}, "coordinates": "{\"type\": \"Point\", \"coordinates\": [39.39711, -4.42514]}", "facility": {"code": 11624}}, {"collection_date": "2015-08-19T15:03:47.199650+00:00", "source": {"name": "GPS"}, "method": {"name": "Taken with GPS Device"}, "coordinates": "{\"type\": \"Point\", \"coordinates\": [36.72808, -0.96624]}", "facility": {"code": 17264}}, {"collection_date": "2015-08-19T15:03:46.818661+00:00", "source": {"name": "DHRIO"}, "method": {"name": "Taken with GPS Device"}, "coordinates": "{\"type\": \"Point\", \"coordinates\": [36.95537, -1.48515]}", "facility": {"code": 17840}}, {"collection_date": "2015-08-19T15:03:46.791082+00:00", "source": {"name": "SARAM 2013"}, "method": {"name": "Taken with GPS Device"}, "coordinates": "{\"type\": \"Point\", \"coordinates\": [38.00372, 0.29189]}", "facility": {"code": 17262}}, {"collection_date": "2015-08-19T15:03:46.787153+00:00", "source": {"name": "KEMRI GIS MERGE"}, "method": {"name": "Taken with GPS Device"}, "coordinates": "{\"type\": \"Point\", \"coordinates\": [37.66036, -0.32092]}", "facility": {"code": 12758}}, {"collection_date": "2015-08-19T15:03:46.777111+00:00", "source": {"name": "DHMT"}, "method": {"name": "Taken with GPS Device"}, "coordinates": "{\"type\": \"Point\", \"coordinates\": [39.87941, -3.53496]}", "facility": {"code": 11848}}, {"collection_date": "2015-08-19T15:03:46.755177+00:00", "source": {"name": "Sublocation Centroid Exercise of MOH/ICF Macro"}, "method": {"name": "Taken with GPS Device"}, "coordinates": "{\"type\": \"Point\", \"coordinates\": [39.69408, -4.01138]}", "facility": {"code": 11439}}, {"collection_date": "2015-08-19T15:03:46.592735+00:00", "source": {"name": "GPS"}, "method": {"name": "Taken with GPS Device"}, "coordinates": "{\"type\": \"Point\", \"coordinates\": [36.78885, -1.02914]}", "facility": {"code": 17261}}, {"collection_date": "2015-08-19T15:03:46.590625+00:00", "source": {"name": "SARAM 2013"}, "method": {"name": "Taken with GPS Device"}, "coordinates": "{\"type\": \"Point\", \"coordinates\": [36.86095, -0.90646]}", "facility": {"code": 17837}}, {"collection_date": "2015-08-19T15:03:46.576141+00:00", "source": {"name": "Sublocation Centroid Exercise of MOH/ICF Macro"}, "method": {"name": "Other"}, "coordinates": "{\"type\": \"Point\", \"coordinates\": [36.8212, -1.26985]}", "facility": {"code": 12965}}, {"collection_date": "2015-08-19T15:03:46.567520+00:00", "source": {"name": "KEMRI GIS MERGE"}, "method": {"name": "Taken with GPS Device"}, "coordinates": "{\"type\": \"Point\", \"coordinates\": [39.24639, -4.49113]}", "facility": {"code": 11651}}, {"collection_date": "2015-08-19T15:03:46.412434+00:00", "source": {"name": "Sublocation Centroid Exercise of MOH/ICF Macro"}, "method": {"name": "Taken with GPS Device"}, "coordinates": "{\"type\": \"Point\", \"coordinates\": [39.68553, -4.04284]}", "facility": {"code": 11431}}, {"collection_date": "2015-08-19T15:03:46.385150+00:00", "source": {"name": "Sublocation Centroid Exercise of MOH/ICF Macro"}, "method": {"name": "Other"}, "coordinates": "{\"type\": \"Point\", \"coordinates\": [36.7609, -0.945628]}", "facility": {"code": 10767}}, {"collection_date": "2015-08-19T15:03:46.384758+00:00", "source": {"name": "GPS"}, "method": {"name": "Taken with GPS Device"}, "coordinates": "{\"type\": \"Point\", \"coordinates\": [36.61553, -0.96688]}", "facility": {"code": 17260}}, {"collection_date": "2015-08-19T15:03:46.373546+00:00", "source": {"name": "SARAM 2013"}, "method": {"name": "Taken with GPS Device"}, "coordinates": "{\"type\": \"Point\", \"coordinates\": [36.06681, -0.30431]}", "facility": {"code": 17836}}, {"collection_date": "2015-08-19T15:03:46.233498+00:00", "source": {"name": "Sublocation Centroid Exercise of MOH/ICF Macro"}, "method": {"name": "Other"}, "coordinates": "{\"type\": \"Point\", \"coordinates\": [36.9046, -1.22429]}", "facility": {"code": 13202}}, {"collection_date": "2015-08-19T15:03:46.219253+00:00", "source": {"name": "DHMT"}, "method": {"name": "Taken with GPS Device"}, "coordinates": "{\"type\": \"Point\", \"coordinates\": [39.68485, -4.01735]}", "facility": {"code": 11408}}, {"collection_date": "2015-08-19T15:03:46.171505+00:00", "source": {"name": "Sublocation Centroid Exercise of MOH/ICF Macro"}, "method": {"name": "Other"}, "coordinates": "{\"type\": \"Point\", \"coordinates\": [37.1033, -0.55595]}", "facility": {"code": 10600}}, {"collection_date": "2015-08-19T15:03:46.153120+00:00", "source": {"name": "SARAM 2013"}, "method": {"name": "Taken with GPS Device"}, "coordinates": "{\"type\": \"Point\", \"coordinates\": [36.6178, -1.05101]}", "facility": {"code": 17259}}, {"collection_date": "2015-08-19T15:03:46.144389+00:00", "source": {"name": "SARAM 2013"}, "method": {"name": "Taken with GPS Device"}, "coordinates": "{\"type\": \"Point\", \"coordinates\": [36.91963, -0.42605]}", "facility": {"code": 17831}}, {"collection_date": "2015-08-19T15:03:46.007261+00:00", "source": {"name": "DHMT"}, "method": {"name": "Taken with GPS Device"}, "coordinates": "{\"type\": \"Point\", \"coordinates\": [39.68749, -4.02509]}", "facility": {"code": 11370}}, {"collection_date": "2015-08-19T15:03:45.984298+00:00", "source": {"name": "Cold Chain Inventory (MoH/PATH/WHO) - Feb 2011"}, "method": {"name": "Taken with GPS Device"}, "coordinates": "{\"type\": \"Point\", \"coordinates\": [34.28735, 0.06702]}", "facility": {"code": 14081}}, {"collection_date": "2015-08-19T15:03:45.942211+00:00", "source": {"name": "DHMT"}, "method": {"name": "Taken with GPS Device"}, "coordinates": "{\"type\": \"Point\", \"coordinates\": [35.46656, 0.40821]}", "facility": {"code": 17830}}, {"collection_date": "2015-08-19T15:03:45.939780+00:00", "source": {"name": "DHMT"}, "method": {"name": "Taken with GPS Device"}, "coordinates": "{\"type\": \"Point\", \"coordinates\": [39.02958, -4.52498]}", "facility": {"code": 11400}}, {"collection_date": "2015-08-19T15:03:45.931907+00:00", "source": {"name": "SARAM 2013"}, "method": {"name": "Taken with GPS Device"}, "coordinates": "{\"type\": \"Point\", \"coordinates\": [37.9937, 0.12814]}", "facility": {"code": 17258}}, {"collection_date": "2015-08-19T15:03:45.771896+00:00", "source": {"name": "Sublocation Centroid Exercise of MOH/ICF Macro"}, "method": {"name": "Other"}, "coordinates": "{\"type\": \"Point\", \"coordinates\": [36.71731, -1.22182]}", "facility": {"code": 10527}}, {"collection_date": "2015-08-19T15:03:45.731265+00:00", "source": {"name": "DHMT"}, "method": {"name": "Taken with GPS Device"}, "coordinates": "{\"type\": \"Point\", \"coordinates\": [35.3623, 0.48189]}", "facility": {"code": 17829}}, {"collection_date": "2015-08-19T15:03:45.728445+00:00", "source": {"name": "Sublocation Centroid Exercise of MOH/ICF Macro"}, "method": {"name": "Other"}, "coordinates": "{\"type\": \"Point\", \"coordinates\": [36.8393, -1.26979]}", "facility": {"code": 13158}}, {"collection_date": "2015-08-19T15:03:45.717367+00:00", "source": {"name": "KEMRI GIS MERGE"}, "method": {"name": "Calc from proximity to school, village,markets"}, "coordinates": "{\"type\": \"Point\", \"coordinates\": [36.95515, -0.42228]}", "facility": {"code": 10896}}, {"collection_date": "2015-08-19T15:03:45.517120+00:00", "source": {"name": "DHMT"}, "method": {"name": "Taken with GPS Device"}, "coordinates": "{\"type\": \"Point\", \"coordinates\": [37.28143, -1.79044]}", "facility": {"code": 17256}}, {"collection_date": "2015-08-19T15:03:45.499507+00:00", "source": {"name": "Sublocation Centroid Exercise of MOH/ICF Macro"}, "method": {"name": "Taken with GPS Device"}, "coordinates": "{\"type\": \"Point\", \"coordinates\": [39.67991, -4.01207]}", "facility": {"code": 11747}}, {"collection_date": "2015-08-19T15:03:45.440986+00:00", "source": {"name": "DHMT"}, "method": {"name": "Taken with GPS Device"}, "coordinates": "{\"type\": \"Point\", \"coordinates\": [36.35774, 0.03023]}", "facility": {"code": 10089}}, {"collection_date": "2015-08-19T15:03:45.439761+00:00", "source": {"name": "SARAM 2013"}, "method": {"name": "Taken with GPS Device"}, "coordinates": "{\"type\": \"Point\", \"coordinates\": [39.41661, -4.36547]}", "facility": {"code": 17828}}, {"collection_date": "2015-08-19T15:03:45.429678+00:00", "source": {"name": "DHMT"}, "method": {"name": "Taken with GPS Device"}, "coordinates": "{\"type\": \"Point\", \"coordinates\": [37.99083, 2.33203]}", "facility": {"code": 12473}}, {"collection_date": "2015-08-19T15:03:45.418809+00:00", "source": {"name": "SARAM 2013"}, "method": {"name": "Taken with GPS Device"}, "coordinates": "{\"type\": \"Point\", \"coordinates\": [35.14124, 0.86429]}", "facility": {"code": 17255}}, {"collection_date": "2015-08-19T15:03:45.272525+00:00", "source": {"name": "Sublocation Centroid Exercise of MOH/ICF Macro"}, "method": {"name": "Other"}, "coordinates": "{\"type\": \"Point\", \"coordinates\": [36.95746, -0.65943]}", "facility": {"code": 10254}}, {"collection_date": "2015-08-19T15:03:45.220812+00:00", "source": {"name": "Cold Chain Inventory (MoH/PATH/WHO) - Feb 2011"}, "method": {"name": "Taken with GPS Device"}, "coordinates": "{\"type\": \"Point\", \"coordinates\": [34.74435, -0.13157]}", "facility": {"code": 16661}}, {"collection_date": "2015-08-19T15:03:45.194020+00:00", "source": {"name": "Cold Chain Inventory (MoH/PATH/WHO) - Feb 2011"}, "method": {"name": "Taken with GPS Device"}, "coordinates": "{\"type\": \"Point\", \"coordinates\": [36.36211, -0.04164]}", "facility": {"code": 10889}}, {"collection_date": "2015-08-19T15:03:45.174607+00:00", "source": {"name": "SARAM 2013"}, "method": {"name": "Taken with GPS Device"}, "coordinates": "{\"type\": \"Point\", \"coordinates\": [39.41546, -4.366]}", "facility": {"code": 17827}}, {"collection_date": "2015-08-19T15:03:45.174408+00:00", "source": {"name": "DHMT"}, "method": {"name": "Taken with GPS Device"}, "coordinates": "{\"type\": \"Point\", \"coordinates\": [35.57696, 0.95108]}", "facility": {"code": 17254}}, {"collection_date": "2015-08-19T15:03:45.154338+00:00", "source": {"name": "Cold Chain Inventory (MoH/PATH/WHO) - Feb 2011"}, "method": {"name": "Taken with GPS Device"}, "coordinates": "{\"type\": \"Point\", \"coordinates\": [37.46597, -0.54218]}", "facility": {"code": 12790}}, {"collection_date": "2015-08-19T15:03:45.010645+00:00", "source": {"name": "Sublocation Centroid Exercise of MOH/ICF Macro"}, "method": {"name": "Taken with GPS Device"}, "coordinates": "{\"type\": \"Point\", \"coordinates\": [39.66513, -4.04899]}", "facility": {"code": 11208}}, {"collection_date": "2015-08-19T15:03:44.994132+00:00", "source": {"name": "Sublocation Centroid Exercise of MOH/ICF Macro"}, "method": {"name": "Taken with GPS Device"}, "coordinates": "{\"type\": \"Point\", \"coordinates\": [39.0134, -4.40954]}", "facility": {"code": 11691}}, {"collection_date": "2015-08-19T15:03:44.928003+00:00", "source": {"name": "Sublocation Centroid Exercise of MOH/ICF Macro"}, "method": {"name": "Other"}, "coordinates": "{\"type\": \"Point\", \"coordinates\": [37.4963, -0.466194]}", "facility": {"code": 11943}}, {"collection_date": "2015-08-19T15:03:44.919751+00:00", "source": {"name": "SARAM 2013"}, "method": {"name": "Taken with GPS Device"}, "coordinates": "{\"type\": \"Point\", \"coordinates\": [39.58078, -4.23358]}", "facility": {"code": 17826}}, {"collection_date": "2015-08-19T15:03:44.907297+00:00", "source": {"name": "Sublocation Centroid Exercise of MOH/ICF Macro"}, "method": {"name": "Other"}, "coordinates": "{\"type\": \"Point\", \"coordinates\": [37.9616, -0.118924]}", "facility": {"code": 12555}}, {"collection_date": "2015-08-19T15:03:44.906404+00:00", "source": {"name": "SARAM 2013"}, "method": {"name": "Taken with GPS Device"}, "coordinates": "{\"type\": \"Point\", \"coordinates\": [36.88353, -0.71196]}", "facility": {"code": 17253}}, {"collection_date": "2015-08-19T15:03:44.901723+00:00", "source": {"name": "Sublocation Centroid Exercise of MOH/ICF Macro"}, "method": {"name": "Other"}, "coordinates": "{\"type\": \"Point\", \"coordinates\": [36.9038, -1.20244]}", "facility": {"code": 13205}}, {"collection_date": "2015-08-19T15:03:44.716467+00:00", "source": {"name": "SARAM 2013"}, "method": {"name": "Taken with GPS Device"}, "coordinates": "{\"type\": \"Point\", \"coordinates\": [34.75209, 0.26392]}", "facility": {"code": 17825}}, {"collection_date": "2015-08-19T15:03:44.707318+00:00", "source": {"name": "Cold Chain Inventory (MoH/PATH/WHO) - Feb 2011"}, "method": {"name": "Taken with GPS Device"}, "coordinates": "{\"type\": \"Point\", \"coordinates\": [37.56883, -0.41687]}", "facility": {"code": 12764}}, {"collection_date": "2015-08-19T15:03:44.649483+00:00", "source": {"name": "Sublocation Centroid Exercise of MOH/ICF Macro"}, "method": {"name": "Taken with GPS Device"}, "coordinates": "{\"type\": \"Point\", \"coordinates\": [36.85072, -1.28175]}", "facility": {"code": 13096}}, {"collection_date": "2015-08-19T15:03:44.641046+00:00", "source": {"name": "SARAM 2013"}, "method": {"name": "Taken with GPS Device"}, "coordinates": "{\"type\": \"Point\", \"coordinates\": [35.06113, 0.59946]}", "facility": {"code": 17252}}, {"collection_date": "2015-08-19T15:03:44.621947+00:00", "source": {"name": "Sublocation Centroid Exercise of MOH/ICF Macro"}, "method": {"name": "Taken with GPS Device"}, "coordinates": "{\"type\": \"Point\", \"coordinates\": [36.9319, -0.42753]}", "facility": {"code": 10442}}, {"collection_date": "2015-08-19T15:03:44.495464+00:00", "source": {"name": "SARAM 2013"}, "method": {"name": "Taken with GPS Device"}, "coordinates": "{\"type\": \"Point\", \"coordinates\": [39.63027, -4.0111]}", "facility": {"code": 17822}}, {"collection_date": "2015-08-19T15:03:44.485296+00:00", "source": {"name": "Sublocation Centroid Exercise of MOH/ICF Macro"}, "method": {"name": "Other"}, "coordinates": "{\"type\": \"Point\", \"coordinates\": [37.6602, 0.163037]}", "facility": {"code": 16575}}, {"collection_date": "2015-08-19T15:03:44.425003+00:00", "source": {"name": "GPS"}, "method": {"name": "Taken with GPS Device"}, "coordinates": "{\"type\": \"Point\", \"coordinates\": [35.13736, 0.12345]}", "facility": {"code": 17251}}, {"collection_date": "2015-08-19T15:03:44.418040+00:00", "source": {"name": "Cold Chain Inventory (MoH/PATH/WHO) - Feb 2011"}, "method": {"name": "Taken with GPS Device"}, "coordinates": "{\"type\": \"Point\", \"coordinates\": [36.91825, -1.27015]}", "facility": {"code": 13014}}, {"collection_date": "2015-08-19T15:03:44.392646+00:00", "source": {"name": "DHMT"}, "method": {"name": "Taken with GPS Device"}, "coordinates": "{\"type\": \"Point\", \"coordinates\": [37.98964, 2.33091]}", "facility": {"code": 16211}}, {"collection_date": "2015-08-19T15:03:44.359703+00:00", "source": {"name": "Moh-Naivasha"}, "method": {"name": "Taken with GPS Device"}, "coordinates": "{\"type\": \"Point\", \"coordinates\": [36.44527, -0.7836]}", "facility": {"code": 17821}}, {"collection_date": "2015-08-19T15:03:44.350135+00:00", "source": {"name": "DHMT"}, "method": {"name": "Taken with GPS Device"}, "coordinates": "{\"type\": \"Point\", \"coordinates\": [40.0359, 1.75384]}", "facility": {"code": 13418}}, {"collection_date": "2015-08-19T15:03:44.203622+00:00", "source": {"name": "Cold Chain Inventory (MoH/PATH/WHO) - Feb 2011"}, "method": {"name": "Taken with GPS Device"}, "coordinates": "{\"type\": \"Point\", \"coordinates\": [34.75621, -0.09937]}", "facility": {"code": 13465}}, {"collection_date": "2015-08-19T15:03:44.164375+00:00", "source": {"name": "DHMT"}, "method": {"name": "Taken with GPS Device"}, "coordinates": "{\"type\": \"Point\", \"coordinates\": [38.12479, -1.50099]}", "facility": {"code": 17819}}, {"collection_date": "2015-08-19T15:03:44.159850+00:00", "source": {"name": "GPS"}, "method": {"name": "Taken with GPS Device"}, "coordinates": "{\"type\": \"Point\", \"coordinates\": [36.58332, -1.12018]}", "facility": {"code": 17250}}, {"collection_date": "2015-08-19T15:03:44.150181+00:00", "source": {"name": "DHRIO"}, "method": {"name": "Taken with GPS Device"}, "coordinates": "{\"type\": \"Point\", \"coordinates\": [37.95838, -0.04684]}", "facility": {"code": 12113}}, {"collection_date": "2015-08-19T15:03:44.140047+00:00", "source": {"name": "Sublocation Centroid Exercise of MOH/ICF Macro"}, "method": {"name": "Taken with GPS Device"}, "coordinates": "{\"type\": \"Point\", \"coordinates\": [37.55921, 0.11998]}", "facility": {"code": 16574}}, {"collection_date": "2015-08-19T15:03:44.074518+00:00", "source": {"name": "DHMT"}, "method": {"name": "Taken with GPS Device"}, "coordinates": "{\"type\": \"Point\", \"coordinates\": [36.72589, -1.33687]}", "facility": {"code": 13004}}, {"collection_date": "2015-08-19T15:03:44.019436+00:00", "source": {"name": "DHMT"}, "method": {"name": "Taken with GPS Device"}, "coordinates": "{\"type\": \"Point\", \"coordinates\": [38.25108, -1.53362]}", "facility": {"code": 17817}}, {"collection_date": "2015-08-19T15:03:43.985696+00:00", "source": {"name": "DHMT"}, "method": {"name": "Taken with GPS Device"}, "coordinates": "{\"type\": \"Point\", \"coordinates\": [36.99196, -0.44877]}", "facility": {"code": 16776}}, {"collection_date": "2015-08-19T15:03:43.985386+00:00", "source": {"name": "Sublocation Centroid Exercise of MOH/ICF Macro"}, "method": {"name": "Taken with GPS Device"}, "coordinates": "{\"type\": \"Point\", \"coordinates\": [37.24148, 0.08624]}", "facility": {"code": 16638}}, {"collection_date": "2015-08-19T15:03:43.980673+00:00", "source": {"name": "GPS"}, "method": {"name": "Calc from proximity to school, village,markets"}, "coordinates": "{\"type\": \"Point\", \"coordinates\": [36.63686, -1.15355]}", "facility": {"code": 17248}}, {"collection_date": "2015-08-19T15:03:43.814399+00:00", "source": {"name": "Sublocation Centroid Exercise of MOH/ICF Macro"}, "method": {"name": "Other"}, "coordinates": "{\"type\": \"Point\", \"coordinates\": [39.7103, -4.02564]}", "facility": {"code": 11709}}, {"collection_date": "2015-08-19T15:03:43.703558+00:00", "source": {"name": "Sublocation Centroid Exercise of MOH/ICF Macro"}, "method": {"name": "Other"}, "coordinates": "{\"type\": \"Point\", \"coordinates\": [39.7103, -4.02564]}", "facility": {"code": 11781}}, {"collection_date": "2015-08-19T15:03:43.604791+00:00", "source": {"name": "HMIS"}, "method": {"name": "Taken with GPS Device"}, "coordinates": "{\"type\": \"Point\", \"coordinates\": [35.0949, 0.31555]}", "facility": {"code": 17247}}, {"collection_date": "2015-08-19T15:03:43.604250+00:00", "source": {"name": "Sublocation Centroid Exercise of MOH/ICF Macro"}, "method": {"name": "Other"}, "coordinates": "{\"type\": \"Point\", \"coordinates\": [39.7103, -4.02564]}", "facility": {"code": 11886}}, {"collection_date": "2015-08-19T15:03:43.594650+00:00", "source": {"name": "DHMT"}, "method": {"name": "Taken with GPS Device"}, "coordinates": "{\"type\": \"Point\", \"coordinates\": [38.0795, -2.07951]}", "facility": {"code": 17816}}, {"collection_date": "2015-08-19T15:03:43.574218+00:00", "source": {"name": "GPS"}, "method": {"name": "Taken with GPS Device"}, "coordinates": "{\"type\": \"Point\", \"coordinates\": [37.71759, 0.1284]}", "facility": {"code": 16236}}, {"collection_date": "2015-08-19T15:03:43.404530+00:00", "source": {"name": "Sublocation Centroid Exercise of MOH/ICF Macro"}, "method": {"name": "Taken with GPS Device"}, "coordinates": "{\"type\": \"Point\", \"coordinates\": [39.77823, -3.88085]}", "facility": {"code": 11471}}, {"collection_date": "2015-08-19T15:03:43.396274+00:00", "source": {"name": "DHMT"}, "method": {"name": "Taken with GPS Device"}, "coordinates": "{\"type\": \"Point\", \"coordinates\": [37.21144, -0.51956]}", "facility": {"code": 11192}}, {"collection_date": "2015-08-19T15:03:43.358595+00:00", "source": {"name": "SARAM 2013"}, "method": {"name": "Taken with GPS Device"}, "coordinates": "{\"type\": \"Point\", \"coordinates\": [35.83345, 2.33472]}", "facility": {"code": 17246}}, {"collection_date": "2015-08-19T15:03:43.336310+00:00", "source": {"name": "DHMT"}, "method": {"name": "Taken with GPS Device"}, "coordinates": "{\"type\": \"Point\", \"coordinates\": [38.00064, -1.4342]}", "facility": {"code": 17814}}, {"collection_date": "2015-08-19T15:03:43.317519+00:00", "source": {"name": "Sublocation Centroid Exercise of MOH/ICF Macro"}, "method": {"name": "Other"}, "coordinates": "{\"type\": \"Point\", \"coordinates\": [36.5764, -0.85503]}", "facility": {"code": 16384}}, {"collection_date": "2015-08-19T15:03:43.282695+00:00", "source": {"name": "Sublocation Centroid Exercise of MOH/ICF Macro"}, "method": {"name": "Other"}, "coordinates": "{\"type\": \"Point\", \"coordinates\": [36.847, -1.27085]}", "facility": {"code": 12933}}, {"collection_date": "2015-08-19T15:03:43.272991+00:00", "source": {"name": "Sublocation Centroid Exercise of MOH/ICF Macro"}, "method": {"name": "Other"}, "coordinates": "{\"type\": \"Point\", \"coordinates\": [37.4127, -0.447679]}", "facility": {"code": 10313}}, {"collection_date": "2015-08-19T15:03:43.247853+00:00", "source": {"name": "SARAM 2013"}, "method": {"name": "Taken with GPS Device"}, "coordinates": "{\"type\": \"Point\", \"coordinates\": [34.20855, 0.60872]}", "facility": {"code": 17245}}, {"collection_date": "2015-08-19T15:03:43.216559+00:00", "source": {"name": "GPS"}, "method": {"name": "Taken with GPS Device"}, "coordinates": "{\"type\": \"Point\", \"coordinates\": [37.24994, -2.71385]}", "facility": {"code": 17813}}, {"collection_date": "2015-08-19T15:03:43.184475+00:00", "source": {"name": "SARAM 2013"}, "method": {"name": "Taken with GPS Device"}, "coordinates": "{\"type\": \"Point\", \"coordinates\": [37.90478, 0.31292]}", "facility": {"code": 12228}}, {"collection_date": "2015-08-19T15:03:43.164385+00:00", "source": {"name": "SARAM 2013"}, "method": {"name": "Taken with GPS Device"}, "coordinates": "{\"type\": \"Point\", \"coordinates\": [37.94103, 0.23639]}", "facility": {"code": 12726}}, {"collection_date": "2015-08-19T15:03:43.146048+00:00", "source": {"name": "Cold Chain Inventory (MoH/PATH/WHO) - Feb 2011"}, "method": {"name": "Taken with GPS Device"}, "coordinates": "{\"type\": \"Point\", \"coordinates\": [36.27064, -0.08009]}", "facility": {"code": 10914}}, {"collection_date": "2015-08-19T15:03:43.114943+00:00", "source": {"name": "SARAM 2013"}, "method": {"name": "Taken with GPS Device"}, "coordinates": "{\"type\": \"Point\", \"coordinates\": [36.15003, -0.28505]}", "facility": {"code": 17812}}, {"collection_date": "2015-08-19T15:03:43.089287+00:00", "source": {"name": "GPS"}, "method": {"name": "Taken with GPS Device"}, "coordinates": "{\"type\": \"Point\", \"coordinates\": [36.67097, -1.173]}", "facility": {"code": 17244}}, {"collection_date": "2015-08-19T15:03:43.057897+00:00", "source": {"name": "DHRIO Nyando"}, "method": {"name": "Taken with GPS Device"}, "coordinates": "{\"type\": \"Point\", \"coordinates\": [34.8521, -0.33435]}", "facility": {"code": 13669}}, {"collection_date": "2015-08-19T15:03:43.026951+00:00", "source": {"name": "Cold Chain Inventory (MoH/PATH/WHO) - Feb 2011"}, "method": {"name": "Taken with GPS Device"}, "coordinates": "{\"type\": \"Point\", \"coordinates\": [37.88766, 0.27475]}", "facility": {"code": 12463}}, {"collection_date": "2015-08-19T15:03:43.002293+00:00", "source": {"name": "KEMRI GIS MERGE"}, "method": {"name": "Calc from proximity to school, village,markets"}, "coordinates": "{\"type\": \"Point\", \"coordinates\": [36.92207, -0.40586]}", "facility": {"code": 10899}}, {"collection_date": "2015-08-19T15:03:42.987156+00:00", "source": {"name": "DHRIO"}, "method": {"name": "Taken with GPS Device"}, "coordinates": "{\"type\": \"Point\", \"coordinates\": [37.27836, -2.53553]}", "facility": {"code": 17811}}, {"collection_date": "2015-08-19T15:03:42.967081+00:00", "source": {"name": "SARAM 2013"}, "method": {"name": "Taken with GPS Device"}, "coordinates": "{\"type\": \"Point\", \"coordinates\": [35.01365, 0.53421]}", "facility": {"code": 17243}}, {"collection_date": "2015-08-19T15:03:42.936103+00:00", "source": {"name": "DHMT"}, "method": {"name": "Taken with GPS Device"}, "coordinates": "{\"type\": \"Point\", \"coordinates\": [36.82726, -1.31425]}", "facility": {"code": 13181}}, {"collection_date": "2015-08-19T15:03:42.901542+00:00", "source": {"name": "SARAM 2013"}, "method": {"name": "Taken with GPS Device"}, "coordinates": "{\"type\": \"Point\", \"coordinates\": [39.60388, -4.01022]}", "facility": {"code": 11442}}, {"collection_date": "2015-08-19T15:03:42.861705+00:00", "source": {"name": "Sublocation Centroid Exercise of MOH/ICF Macro"}, "method": {"name": "Other"}, "coordinates": "{\"type\": \"Point\", \"coordinates\": [37.1871, -0.528115]}", "facility": {"code": 10380}}], "model": "mfl_gis.FacilityCoordinates", "unique_fields": ["facility"]}]