[{"records": [{"collection_date": "2015-08-19T15:03:37.480842+00:00", "source": {"name": "Sublocation Centroid Exercise of MOH/ICF Macro"}, "method": {"name": "Other"}, "coordinates": "{\"type\": \"Point\", \"coordinates\": [36.9098, -1.24064]}", "facility": {"code": 13148}}, {"collection_date": "2015-08-19T15:03:37.438709+00:00", "source": {"name": "Sublocation Centroid Exercise of MOH/ICF Macro"}, "method": {"name": "Other"}, "coordinates": "{\"type\": \"Point\", \"coordinates\": [37.222, -0.401615]}", "facility": {"code": 16500}}, {"collection_date": "2015-08-19T15:03:37.429192+00:00", "source": {"name": "DPHN/ MEDICAL ENGINEERING DEPARTMENT"}, "method": {"name": "Taken with GPS Device"}, "coordinates": "{\"type\": \"Point\", \"coordinates\": [37.26539, -1.02573]}", "facility": {"code": 17213}}, {"collection_date": "2015-08-19T15:03:37.407441+00:00", "source": {"name": "SARAM 2013"}, "method": {"name": "Taken with GPS Device"}, "coordinates": "{\"type\": \"Point\", \"coordinates\": [39.65362, -4.07765]}", "facility": {"code": 11221}}, {"collection_date": "2015-08-19T15:03:37.393805+00:00", "source": {"name": "DHRIO"}, "method": {"name": "Taken with GPS Device"}, "coordinates": "{\"type\": \"Point\", \"coordinates\": [37.57686, -2.91805]}", "facility": {"code": 17773}}, {"collection_date": "2015-08-19T15:03:37.360471+00:00", "source": {"name": "Cold Chain Inventory (MoH/PATH/WHO) - Feb 2011"}, "method": {"name": "Taken with GPS Device"}, "coordinates": "{\"type\": \"Point\", \"coordinates\": [37.45054, -0.5375]}", "facility": {"code": 16243}}, {"collection_date": "2015-08-19T15:03:37.307715+00:00", "source": {"name": "Cold Chain Inventory (MoH/PATH/WHO) - Feb 2011"}, "method": {"name": "Taken with GPS Device"}, "coordinates": "{\"type\": \"Point\", \"coordinates\": [34.58494, 0.02562]}", "facility": {"code": 15962}}, {"collection_date": "2015-08-19T15:03:37.297799+00:00", "source": {"name": "GPS"}, "method": {"name": "Taken with GPS Device"}, "coordinates": "{\"type\": \"Point\", \"coordinates\": [36.70117, -1.00855]}", "facility": {"code": 17212}}, {"collection_date": "2015-08-19T15:03:37.284022+00:00", "source": {"name": "DHMT"}, "method": {"name": "Taken with GPS Device"}, "coordinates": "{\"type\": \"Point\", \"coordinates\": [36.83733, -1.30366]}", "facility": {"code": 13040}}, {"collection_date": "2015-08-19T15:03:37.249068+00:00", "source": {"name": "SARAM 2013"}, "method": {"name": "Taken with GPS Device"}, "coordinates": "{\"type\": \"Point\", \"coordinates\": [35.34484, 0.03884]}", "facility": {"code": 17772}}, {"collection_date": "2015-08-19T15:03:37.227094+00:00", "source": {"name": "KEMRI GIS MERGE"}, "method": {"name": "Taken with GPS Device"}, "coordinates": "{\"type\": \"Point\", \"coordinates\": [36.8594, -1.29039]}", "facility": {"code": 12878}}, {"collection_date": "2015-08-19T15:03:37.160670+00:00", "source": {"name": "DHMT"}, "method": {"name": "Taken with GPS Device"}, "coordinates": "{\"type\": \"Point\", \"coordinates\": [35.22087, 0.10675]}", "facility": {"code": 17211}}, {"collection_date": "2015-08-19T15:03:37.156446+00:00", "source": {"name": "Cold Chain Inventory (MoH/PATH/WHO) - Feb 2011"}, "method": {"name": "Taken with GPS Device"}, "coordinates": "{\"type\": \"Point\", \"coordinates\": [36.91184, -1.2683]}", "facility": {"code": 12908}}, {"collection_date": "2015-08-19T15:03:37.141092+00:00", "source": {"name": "SARAM 2013"}, "method": {"name": "Taken with GPS Device"}, "coordinates": "{\"type\": \"Point\", \"coordinates\": [37.62725, -0.35826]}", "facility": {"code": 17771}}, {"collection_date": "2015-08-19T15:03:37.139892+00:00", "source": {"name": "DHMT"}, "method": {"name": "Taken with GPS Device"}, "coordinates": "{\"type\": \"Point\", \"coordinates\": [39.53951, -3.92117]}", "facility": {"code": 16186}}, {"collection_date": "2015-08-19T15:03:37.126401+00:00", "source": {"name": "Sublocation Centroid Exercise of MOH/ICF Macro"}, "method": {"name": "Taken with GPS Device"}, "coordinates": "{\"type\": \"Point\", \"coordinates\": [36.92932, -1.21375]}", "facility": {"code": 10659}}, {"collection_date": "2015-08-19T15:03:37.050868+00:00", "source": {"name": "DHMT"}, "method": {"name": "Taken with GPS Device"}, "coordinates": "{\"type\": \"Point\", \"coordinates\": [39.62078, -4.01996]}", "facility": {"code": 11269}}, {"collection_date": "2015-08-19T15:03:37.024528+00:00", "source": {"name": "Sublocation Centroid Exercise of MOH/ICF Macro"}, "method": {"name": "Other"}, "coordinates": "{\"type\": \"Point\", \"coordinates\": [34.5755, 0.173484]}", "facility": {"code": 16132}}, {"collection_date": "2015-08-19T15:03:37.023858+00:00", "source": {"name": "DVI-DHMT"}, "method": {"name": "Taken with GPS Device"}, "coordinates": "{\"type\": \"Point\", \"coordinates\": [35.24129, -0.29949]}", "facility": {"code": 17210}}, {"collection_date": "2015-08-19T15:03:37.004590+00:00", "source": {"name": "Sublocation Centroid Exercise of MOH/ICF Macro"}, "method": {"name": "Other"}, "coordinates": "{\"type\": \"Point\", \"coordinates\": [36.7523, -1.38778]}", "facility": {"code": 16668}}, {"collection_date": "2015-08-19T15:03:36.995764+00:00", "source": {"name": "SARAM 2013"}, "method": {"name": "Taken with GPS Device"}, "coordinates": "{\"type\": \"Point\", \"coordinates\": [39.65945, -4.08743]}", "facility": {"code": 17770}}, {"collection_date": "2015-08-19T15:03:36.838960+00:00", "source": {"name": "Sublocation Centroid Exercise of MOH/ICF Macro"}, "method": {"name": "Other"}, "coordinates": "{\"type\": \"Point\", \"coordinates\": [36.8865, -1.31699]}", "facility": {"code": 13079}}, {"collection_date": "2015-08-19T15:03:36.763645+00:00", "source": {"name": "DHMT"}, "method": {"name": "Taken with GPS Device"}, "coordinates": "{\"type\": \"Point\", \"coordinates\": [36.88053, -1.30907]}", "facility": {"code": 12889}}, {"collection_date": "2015-08-19T15:03:36.761720+00:00", "source": {"name": "Cold Chain Inventory (MoH/PATH/WHO) - Feb 2011"}, "method": {"name": "Taken with GPS Device"}, "coordinates": "{\"type\": \"Point\", \"coordinates\": [36.29163, -0.03794]}", "facility": {"code": 10803}}, {"collection_date": "2015-08-19T15:03:36.760992+00:00", "source": {"name": "DVI-DHMT"}, "method": {"name": "Taken with GPS Device"}, "coordinates": "{\"type\": \"Point\", \"coordinates\": [35.13417, -0.31149]}", "facility": {"code": 17209}}, {"collection_date": "2015-08-19T15:03:36.459788+00:00", "source": {"name": "DHMT"}, "method": {"name": "Taken with GPS Device"}, "coordinates": "{\"type\": \"Point\", \"coordinates\": [37.16342, -0.472079]}", "facility": {"code": 17768}}, {"collection_date": "2015-08-19T15:03:36.448474+00:00", "source": {"name": "DHMT"}, "method": {"name": "Taken with GPS Device"}, "coordinates": "{\"type\": \"Point\", \"coordinates\": [37.26932, -1.52024]}", "facility": {"code": 12440}}, {"collection_date": "2015-08-19T15:03:36.292583+00:00", "source": {"name": "DHMT"}, "method": {"name": "Taken with GPS Device"}, "coordinates": "{\"type\": \"Point\", \"coordinates\": [36.88002, -1.28351]}", "facility": {"code": 13069}}, {"collection_date": "2015-08-19T15:03:36.282996+00:00", "source": {"name": "Sublocation Centroid Exercise of MOH/ICF Macro"}, "method": {"name": "Other"}, "coordinates": "{\"type\": \"Point\", \"coordinates\": [40.6626, -2.34528]}", "facility": {"code": 11413}}, {"collection_date": "2015-08-19T15:03:36.271541+00:00", "source": {"name": "GPS"}, "method": {"name": "Taken with GPS Device"}, "coordinates": "{\"type\": \"Point\", \"coordinates\": [36.62139, -1.08362]}", "facility": {"code": 17203}}, {"collection_date": "2015-08-19T15:03:36.128763+00:00", "source": {"name": "GPS"}, "method": {"name": "Taken with GPS Device"}, "coordinates": "{\"type\": \"Point\", \"coordinates\": [37.50921, -2.92623]}", "facility": {"code": 17767}}, {"collection_date": "2015-08-19T15:03:36.126276+00:00", "source": {"name": "Cold Chain Inventory (MoH/PATH/WHO) - Feb 2011"}, "method": {"name": "Taken with GPS Device"}, "coordinates": "{\"type\": \"Point\", \"coordinates\": [36.90119, -1.24978]}", "facility": {"code": 13102}}, {"collection_date": "2015-08-19T15:03:35.960560+00:00", "source": {"name": "Sublocation Centroid Exercise of MOH/ICF Macro"}, "method": {"name": "Other"}, "coordinates": "{\"type\": \"Point\", \"coordinates\": [40.90326, -2.27312]}", "facility": {"code": 11511}}, {"collection_date": "2015-08-19T15:03:35.948806+00:00", "source": {"name": "Sublocation Centroid Exercise of MOH/ICF Macro"}, "method": {"name": "Other"}, "coordinates": "{\"type\": \"Point\", \"coordinates\": [37.0685, -1.02794]}", "facility": {"code": 16755}}, {"collection_date": "2015-08-19T15:03:35.938988+00:00", "source": {"name": "SARAM 2013"}, "method": {"name": "Taken with GPS Device"}, "coordinates": "{\"type\": \"Point\", \"coordinates\": [36.62803, -1.10928]}", "facility": {"code": 17202}}, {"collection_date": "2015-08-19T15:03:35.785917+00:00", "source": {"name": "Cold Chain Inventory (MoH/PATH/WHO) - Feb 2011"}, "method": {"name": "Taken with GPS Device"}, "coordinates": "{\"type\": \"Point\", \"coordinates\": [36.89026, -1.31397]}", "facility": {"code": 13106}}, {"collection_date": "2015-08-19T15:03:35.770898+00:00", "source": {"name": "GPS"}, "method": {"name": "Taken with GPS Device"}, "coordinates": "{\"type\": \"Point\", \"coordinates\": [37.77733, -0.40707]}", "facility": {"code": 17766}}, {"collection_date": "2015-08-19T15:03:35.603808+00:00", "source": {"name": "Sublocation Centroid Exercise of MOH/ICF Macro"}, "method": {"name": "Taken with GPS Device"}, "coordinates": "{\"type\": \"Point\", \"coordinates\": [37.07058, -1.03433]}", "facility": {"code": 16754}}, {"collection_date": "2015-08-19T15:03:35.594546+00:00", "source": {"name": "Sublocation Centroid Exercise of MOH/ICF Macro"}, "method": {"name": "Other"}, "coordinates": "{\"type\": \"Point\", \"coordinates\": [37.4667, -1.38557]}", "facility": {"code": 12770}}, {"collection_date": "2015-08-19T15:03:35.575260+00:00", "source": {"name": "Sublocation Centroid Exercise of MOH/ICF Macro"}, "method": {"name": "Other"}, "coordinates": "{\"type\": \"Point\", \"coordinates\": [36.9336, -1.32065]}", "facility": {"code": 13142}}, {"collection_date": "2015-08-19T15:03:35.448433+00:00", "source": {"name": "SARAM 2013"}, "method": {"name": "Taken with GPS Device"}, "coordinates": "{\"type\": \"Point\", \"coordinates\": [39.6546, -4.0835]}", "facility": {"code": 17765}}, {"collection_date": "2015-08-19T15:03:35.439185+00:00", "source": {"name": "Taken by DHRIO Laikipia West"}, "method": {"name": "Taken with GPS Device"}, "coordinates": "{\"type\": \"Point\", \"coordinates\": [36.37903, 0.40737]}", "facility": {"code": 17148}}, {"collection_date": "2015-08-19T15:03:35.280381+00:00", "source": {"name": "Sublocation Centroid Exercise of MOH/ICF Macro"}, "method": {"name": "Other"}, "coordinates": "{\"type\": \"Point\", \"coordinates\": [36.9999, -1.26068]}", "facility": {"code": 13170}}, {"collection_date": "2015-08-19T15:03:35.280304+00:00", "source": {"name": "GPS"}, "method": {"name": "Taken with GPS Device"}, "coordinates": "{\"type\": \"Point\", \"coordinates\": [40.41932, -2.23418]}", "facility": {"code": 11622}}, {"collection_date": "2015-08-19T15:03:35.277816+00:00", "source": {"name": "Cold Chain Inventory (MoH/PATH/WHO) - Feb 2011"}, "method": {"name": "Taken with GPS Device"}, "coordinates": "{\"type\": \"Point\", \"coordinates\": [34.89305, -0.44757]}", "facility": {"code": 13633}}, {"collection_date": "2015-08-19T15:03:35.257619+00:00", "source": {"name": "DHMT"}, "method": {"name": "Taken with GPS Device"}, "coordinates": "{\"type\": \"Point\", \"coordinates\": [39.60321, -4.06605]}", "facility": {"code": 17763}}, {"collection_date": "2015-08-19T15:03:35.253004+00:00", "source": {"name": "SARAM 2013"}, "method": {"name": "Taken with GPS Device"}, "coordinates": "{\"type\": \"Point\", \"coordinates\": [37.70635, -1.78697]}", "facility": {"code": 17147}}, {"collection_date": "2015-08-19T15:03:34.950637+00:00", "source": {"name": "Sublocation Centroid Exercise of MOH/ICF Macro"}, "method": {"name": "Other"}, "coordinates": "{\"type\": \"Point\", \"coordinates\": [37.0685, -1.02794]}", "facility": {"code": 16760}}, {"collection_date": "2015-08-19T15:03:34.949332+00:00", "source": {"name": "Sublocation Centroid Exercise of MOH/ICF Macro"}, "method": {"name": "Other"}, "coordinates": "{\"type\": \"Point\", \"coordinates\": [39.4514, -3.83283]}", "facility": {"code": 16516}}, {"collection_date": "2015-08-19T15:03:34.948798+00:00", "source": {"name": "SARAM 2013"}, "method": {"name": "Taken with GPS Device"}, "coordinates": "{\"type\": \"Point\", \"coordinates\": [40.21125, 0.00107]}", "facility": {"code": 17762}}, {"collection_date": "2015-08-19T15:03:34.935768+00:00", "source": {"name": "DHMT"}, "method": {"name": "Taken with GPS Device"}, "coordinates": "{\"type\": \"Point\", \"coordinates\": [36.69469, 1.04942]}", "facility": {"code": 17145}}, {"collection_date": "2015-08-19T15:03:34.929925+00:00", "source": {"name": "Cold Chain Inventory (MoH/PATH/WHO) - Feb 2011"}, "method": {"name": "Taken with GPS Device"}, "coordinates": "{\"type\": \"Point\", \"coordinates\": [36.912, -1.24241]}", "facility": {"code": 13176}}, {"collection_date": "2015-08-19T15:03:34.750690+00:00", "source": {"name": "KEMRI GIS MERGE"}, "method": {"name": "Taken with GPS Device"}, "coordinates": "{\"type\": \"Point\", \"coordinates\": [34.28555, 0.06048]}", "facility": {"code": 14115}}, {"collection_date": "2015-08-19T15:03:34.591539+00:00", "source": {"name": "Sublocation Centroid Exercise of MOH/ICF Macro"}, "method": {"name": "Other"}, "coordinates": "{\"type\": \"Point\", \"coordinates\": [36.9211, -1.26843]}", "facility": {"code": 13197}}, {"collection_date": "2015-08-19T15:03:34.569747+00:00", "source": {"name": "DVI-DHMT"}, "method": {"name": "Taken with GPS Device"}, "coordinates": "{\"type\": \"Point\", \"coordinates\": [35.17961, -0.33499]}", "facility": {"code": 17144}}, {"collection_date": "2015-08-19T15:03:34.569401+00:00", "source": {"name": "GPS"}, "method": {"name": "Taken with GPS Device"}, "coordinates": "{\"type\": \"Point\", \"coordinates\": [34.57765, 0.01913]}", "facility": {"code": 16039}}, {"collection_date": "2015-08-19T15:03:34.558742+00:00", "source": {"name": "SARAM 2013"}, "method": {"name": "Taken with GPS Device"}, "coordinates": "{\"type\": \"Point\", \"coordinates\": [39.64261, -4.10284]}", "facility": {"code": 17759}}, {"collection_date": "2015-08-19T15:03:34.381021+00:00", "source": {"name": "Cold Chain Inventory (MoH/PATH/WHO) - Feb 2011"}, "method": {"name": "Taken with GPS Device"}, "coordinates": "{\"type\": \"Point\", \"coordinates\": [36.91716, -1.26124]}", "facility": {"code": 13198}}, {"collection_date": "2015-08-19T15:03:34.380602+00:00", "source": {"name": "KEMRI GIS MERGE"}, "method": {"name": "Taken with GPS Device"}, "coordinates": "{\"type\": \"Point\", \"coordinates\": [36.9115, -1.26802]}", "facility": {"code": 13151}}, {"collection_date": "2015-08-19T15:03:34.371620+00:00", "source": {"name": "Cold Chain Inventory (MoH/PATH/WHO) - Feb 2011"}, "method": {"name": "Taken with GPS Device"}, "coordinates": "{\"type\": \"Point\", \"coordinates\": [34.60972, 0.07349]}", "facility": {"code": 16057}}, {"collection_date": "2015-08-19T15:03:34.361503+00:00", "source": {"name": "DVI-DHMT"}, "method": {"name": "Taken with GPS Device"}, "coordinates": "{\"type\": \"Point\", \"coordinates\": [35.17345, -0.30792]}", "facility": {"code": 17143}}, {"collection_date": "2015-08-19T15:03:34.352676+00:00", "source": {"name": "SARAM 2013"}, "method": {"name": "Taken with GPS Device"}, "coordinates": "{\"type\": \"Point\", \"coordinates\": [35.54801, 0.7903]}", "facility": {"code": 17758}}, {"collection_date": "2015-08-19T15:03:34.158944+00:00", "source": {"name": "Cold Chain Inventory (MoH/PATH/WHO) - Feb 2011"}, "method": {"name": "Taken with GPS Device"}, "coordinates": "{\"type\": \"Point\", \"coordinates\": [36.91027, -1.26595]}", "facility": {"code": 13211}}, {"collection_date": "2015-08-19T15:03:34.158888+00:00", "source": {"name": "Sublocation Centroid Exercise of MOH/ICF Macro"}, "method": {"name": "Other"}, "coordinates": "{\"type\": \"Point\", \"coordinates\": [37.4369, -1.22982]}", "facility": {"code": 12640}}, {"collection_date": "2015-08-19T15:03:34.146352+00:00", "source": {"name": "Cold Chain Inventory (MoH/PATH/WHO) - Feb 2011"}, "method": {"name": "Taken with GPS Device"}, "coordinates": "{\"type\": \"Point\", \"coordinates\": [36.88967, -1.29227]}", "facility": {"code": 13236}}, {"collection_date": "2015-08-19T15:03:34.008539+00:00", "source": {"name": "DHRIO"}, "method": {"name": "Taken with GPS Device"}, "coordinates": "{\"type\": \"Point\", \"coordinates\": [36.7453, -1.19268]}", "facility": {"code": 17142}}, {"collection_date": "2015-08-19T15:03:33.982276+00:00", "source": {"name": "SARAM 2013"}, "method": {"name": "Taken with GPS Device"}, "coordinates": "{\"type\": \"Point\", \"coordinates\": [35.49768, -0.17852]}", "facility": {"code": 17756}}, {"collection_date": "2015-08-19T15:03:33.947911+00:00", "source": {"name": "Cold Chain Inventory (MoH/PATH/WHO) - Feb 2011"}, "method": {"name": "Taken with GPS Device"}, "coordinates": "{\"type\": \"Point\", \"coordinates\": [36.45559, -0.11193]}", "facility": {"code": 11077}}, {"collection_date": "2015-08-19T15:03:33.935383+00:00", "source": {"name": "SARAM 2013"}, "method": {"name": "Taken with GPS Device"}, "coordinates": "{\"type\": \"Point\", \"coordinates\": [39.59928, -4.00448]}", "facility": {"code": 11611}}, {"collection_date": "2015-08-19T15:03:33.924820+00:00", "source": {"name": "Sublocation Centroid Exercise of MOH/ICF Macro"}, "method": {"name": "Other"}, "coordinates": "{\"type\": \"Point\", \"coordinates\": [36.9351, -1.36434]}", "facility": {"code": 11978}}, {"collection_date": "2015-08-19T15:03:33.762005+00:00", "source": {"name": "DVI-DHMT"}, "method": {"name": "Taken with GPS Device"}, "coordinates": "{\"type\": \"Point\", \"coordinates\": [35.2216, -0.3909]}", "facility": {"code": 17139}}, {"collection_date": "2015-08-19T15:03:33.749886+00:00", "source": {"name": "SARAM 2013"}, "method": {"name": "Taken with GPS Device"}, "coordinates": "{\"type\": \"Point\", \"coordinates\": [39.62155, -4.01807]}", "facility": {"code": 17755}}, {"collection_date": "2015-08-19T15:03:33.707910+00:00", "source": {"name": "KEMRI GIS MERGE"}, "method": {"name": "Taken with GPS Device"}, "coordinates": "{\"type\": \"Point\", \"coordinates\": [37.50293, -0.39995]}", "facility": {"code": 12278}}, {"collection_date": "2015-08-19T15:03:33.702404+00:00", "source": {"name": "MOH"}, "method": {"name": "Taken with GPS Device"}, "coordinates": "{\"type\": \"Point\", \"coordinates\": [40.09756, -3.23561]}", "facility": {"code": 11298}}, {"collection_date": "2015-08-19T15:03:33.690191+00:00", "source": {"name": "SARAM 2013"}, "method": {"name": "Taken with GPS Device"}, "coordinates": "{\"type\": \"Point\", \"coordinates\": [39.65088, -4.08961]}", "facility": {"code": 11218}}, {"collection_date": "2015-08-19T15:03:33.559234+00:00", "source": {"name": "DHMT"}, "method": {"name": "Taken with GPS Device"}, "coordinates": "{\"type\": \"Point\", \"coordinates\": [36.07735, -1.02762]}", "facility": {"code": 17750}}, {"collection_date": "2015-08-19T15:03:33.546120+00:00", "source": {"name": "DVI-DHMT"}, "method": {"name": "Taken with GPS Device"}, "coordinates": "{\"type\": \"Point\", \"coordinates\": [35.21256, -0.31991]}", "facility": {"code": 17138}}, {"collection_date": "2015-08-19T15:03:33.479239+00:00", "source": {"name": "DHMT"}, "method": {"name": "Taken with GPS Device"}, "coordinates": "{\"type\": \"Point\", \"coordinates\": [37.53689, -2.80114]}", "facility": {"code": 14489}}, {"collection_date": "2015-08-19T15:03:33.479159+00:00", "source": {"name": "DHMT"}, "method": {"name": "Taken with GPS Device"}, "coordinates": "{\"type\": \"Point\", \"coordinates\": [39.64575, -4.0992]}", "facility": {"code": 11520}}, {"collection_date": "2015-08-19T15:03:33.470330+00:00", "source": {"name": "Cold Chain Inventory (MoH/PATH/WHO) - Feb 2011"}, "method": {"name": "Taken with GPS Device"}, "coordinates": "{\"type\": \"Point\", \"coordinates\": [36.90634, -1.2695]}", "facility": {"code": 13038}}, {"collection_date": "2015-08-19T15:03:33.333647+00:00", "source": {"name": "SARAM 2013"}, "method": {"name": "Taken with GPS Device"}, "coordinates": "{\"type\": \"Point\", \"coordinates\": [36.95068, -0.99097]}", "facility": {"code": 17748}}, {"collection_date": "2015-08-19T15:03:33.328376+00:00", "source": {"name": "DVI-DHMT"}, "method": {"name": "Taken with GPS Device"}, "coordinates": "{\"type\": \"Point\", \"coordinates\": [35.16186, -0.42056]}", "facility": {"code": 17137}}, {"collection_date": "2015-08-19T15:03:33.250842+00:00", "source": {"name": "Sublocation Centroid Exercise of MOH/ICF Macro"}, "method": {"name": "Other"}, "coordinates": "{\"type\": \"Point\", \"coordinates\": [39.6941, -4.04624]}", "facility": {"code": 11569}}, {"collection_date": "2015-08-19T15:03:33.245992+00:00", "source": {"name": "Taken By DHRIO During MFL Update RRI"}, "method": {"name": "Taken with GPS Device"}, "coordinates": "{\"type\": \"Point\", \"coordinates\": [37.96771, -2.41031]}", "facility": {"code": 12056}}, {"collection_date": "2015-08-19T15:03:33.233155+00:00", "source": {"name": "Sublocation Centroid Exercise of MOH/ICF Macro"}, "method": {"name": "Other"}, "coordinates": "{\"type\": \"Point\", \"coordinates\": [36.9264, -0.558127]}", "facility": {"code": 10921}}, {"collection_date": "2015-08-19T15:03:33.067532+00:00", "source": {"name": "SARAM 2013"}, "method": {"name": "Taken with GPS Device"}, "coordinates": "{\"type\": \"Point\", \"coordinates\": [34.91074, -0.66989]}", "facility": {"code": 17136}}, {"collection_date": "2015-08-19T15:03:33.067403+00:00", "source": {"name": "SARAM 2013"}, "method": {"name": "Taken with GPS Device"}, "coordinates": "{\"type\": \"Point\", \"coordinates\": [35.4949, -1.25505]}", "facility": {"code": 17746}}, {"collection_date": "2015-08-19T15:03:33.057220+00:00", "source": {"name": "Sublocation Centroid Exercise of MOH/ICF Macro"}, "method": {"name": "Other"}, "coordinates": "{\"type\": \"Point\", \"coordinates\": [36.9098, -1.24064]}", "facility": {"code": 13214}}, {"collection_date": "2015-08-19T15:03:33.032512+00:00", "source": {"name": "DHMT"}, "method": {"name": "Taken with GPS Device"}, "coordinates": "{\"type\": \"Point\", \"coordinates\": [39.62411, -4.02951]}", "facility": {"code": 11832}}, {"collection_date": "2015-08-19T15:03:32.992082+00:00", "source": {"name": "Sublocation Centroid Exercise of MOH/ICF Macro"}, "method": {"name": "Other"}, "coordinates": "{\"type\": \"Point\", \"coordinates\": [34.1621, 0.354209]}", "facility": {"code": 16003}}, {"collection_date": "2015-08-19T15:03:32.845205+00:00", "source": {"name": "SARAM 2013"}, "method": {"name": "Taken with GPS Device"}, "coordinates": "{\"type\": \"Point\", \"coordinates\": [39.67121, -4.06498]}", "facility": {"code": 11338}}, {"collection_date": "2015-08-19T15:03:32.822425+00:00", "source": {"name": "SARAM 2013"}, "method": {"name": "Taken with GPS Device"}, "coordinates": "{\"type\": \"Point\", \"coordinates\": [36.89039, -1.04939]}", "facility": {"code": 17745}}, {"collection_date": "2015-08-19T15:03:32.810862+00:00", "source": {"name": "SARAM 2013"}, "method": {"name": "Taken with GPS Device"}, "coordinates": "{\"type\": \"Point\", \"coordinates\": [34.84291, -0.66495]}", "facility": {"code": 17135}}, {"collection_date": "2015-08-19T15:03:32.809198+00:00", "source": {"name": "KEMRI GIS MERGE"}, "method": {"name": "Taken with GPS Device"}, "coordinates": "{\"type\": \"Point\", \"coordinates\": [36.84754, -1.29394]}", "facility": {"code": 13060}}, {"collection_date": "2015-08-19T15:03:32.808420+00:00", "source": {"name": "SARAM 2013"}, "method": {"name": "Taken with GPS Device"}, "coordinates": "{\"type\": \"Point\", \"coordinates\": [39.72088, -3.69632]}", "facility": {"code": 11863}}, {"collection_date": "2015-08-19T15:03:32.732815+00:00", "source": {"name": "Sublocation Centroid Exercise of MOH/ICF Macro"}, "method": {"name": "Taken with GPS Device"}, "coordinates": "{\"type\": \"Point\", \"coordinates\": [39.74677, -3.94539]}", "facility": {"code": 11692}}, {"collection_date": "2015-08-19T15:03:32.724177+00:00", "source": {"name": "DHMT"}, "method": {"name": "Taken with GPS Device"}, "coordinates": "{\"type\": \"Point\", \"coordinates\": [40.0218, 1.76169]}", "facility": {"code": 17744}}, {"collection_date": "2015-08-19T15:03:32.578333+00:00", "source": {"name": "Cold Chain Inventory (MoH/PATH/WHO) - Feb 2011"}, "method": {"name": "Taken with GPS Device"}, "coordinates": "{\"type\": \"Point\", \"coordinates\": [36.89595, -1.27597]}", "facility": {"code": 13192}}, {"collection_date": "2015-08-19T15:03:32.557645+00:00", "source": {"name": "Cold Chain Inventory (MoH/PATH/WHO) - Feb 2011"}, "method": {"name": "Taken with GPS Device"}, "coordinates": "{\"type\": \"Point\", \"coordinates\": [34.63271, 0.11487]}", "facility": {"code": 16026}}], "model": "mfl_gis.FacilityCoordinates", "unique_fields": ["facility"]}]