[{"records": [{"collection_date": "2015-08-19T15:03:32.491423+00:00", "source": {"name": "Manual"}, "method": {"name": "Taken with GPS Device"}, "coordinates": "{\"type\": \"Point\", \"coordinates\": [40.0219, 1.45375]}", "facility": {"code": 17743}}, {"collection_date": "2015-08-19T15:03:32.472909+00:00", "source": {"name": "Sublocation Centroid Exercise of MOH/ICF Macro"}, "method": {"name": "Other"}, "coordinates": "{\"type\": \"Point\", \"coordinates\": [36.9999, -1.26068]}", "facility": {"code": 13229}}, {"collection_date": "2015-08-19T15:03:32.466232+00:00", "source": {"name": "Cold Chain Inventory (MoH/PATH/WHO) - Feb 2011"}, "method": {"name": "Taken with GPS Device"}, "coordinates": "{\"type\": \"Point\", \"coordinates\": [37.96568, 0.30707]}", "facility": {"code": 12021}}, {"collection_date": "2015-08-19T15:03:32.456420+00:00", "source": {"name": "Sublocation Centroid Exercise of MOH/ICF Macro"}, "method": {"name": "Other"}, "coordinates": "{\"type\": \"Point\", \"coordinates\": [36.977, -0.433513]}", "facility": {"code": 10985}}, {"collection_date": "2015-08-19T15:03:32.323880+00:00", "source": {"name": "GPS"}, "method": {"name": "Scanned from hand drawn maps"}, "coordinates": "{\"type\": \"Point\", \"coordinates\": [34.62122, 0.25437]}", "facility": {"code": 17133}}, {"collection_date": "2015-08-19T15:03:32.290260+00:00", "source": {"name": "SARAM 2013"}, "method": {"name": "Taken with GPS Device"}, "coordinates": "{\"type\": \"Point\", \"coordinates\": [36.10709, -0.26994]}", "facility": {"code": 17742}}, {"collection_date": "2015-08-19T15:03:32.250885+00:00", "source": {"name": "DHMT"}, "method": {"name": "Taken with GPS Device"}, "coordinates": "{\"type\": \"Point\", \"coordinates\": [36.88736, -1.26066]}", "facility": {"code": 13251}}, {"collection_date": "2015-08-19T15:03:32.244591+00:00", "source": {"name": "KEMRI GIS MERGE"}, "method": {"name": "Taken with GPS Device"}, "coordinates": "{\"type\": \"Point\", \"coordinates\": [36.82191, -1.28925]}", "facility": {"code": 13163}}, {"collection_date": "2015-08-19T15:03:32.222512+00:00", "source": {"name": "Sublocation Centroid Exercise of MOH/ICF Macro"}, "method": {"name": "Other"}, "coordinates": "{\"type\": \"Point\", \"coordinates\": [37.4441, -1.34535]}", "facility": {"code": 12771}}, {"collection_date": "2015-08-19T15:03:32.177052+00:00", "source": {"name": "DHMT"}, "method": {"name": "Taken with GPS Device"}, "coordinates": "{\"type\": \"Point\", \"coordinates\": [37.31855, -0.75016]}", "facility": {"code": 17132}}, {"collection_date": "2015-08-19T15:03:32.166704+00:00", "source": {"name": "DHRIO"}, "method": {"name": "Taken with GPS Device"}, "coordinates": "{\"type\": \"Point\", \"coordinates\": [37.4382, -1.46249]}", "facility": {"code": 17741}}, {"collection_date": "2015-08-19T15:03:32.030084+00:00", "source": {"name": "Sublocation Centroid Exercise of MOH/ICF Macro"}, "method": {"name": "Other"}, "coordinates": "{\"type\": \"Point\", \"coordinates\": [37.1575, -0.195261]}", "facility": {"code": 15334}}, {"collection_date": "2015-08-19T15:03:32.025093+00:00", "source": {"name": "Sublocation Centroid Exercise of MOH/ICF Macro"}, "method": {"name": "Other"}, "coordinates": "{\"type\": \"Point\", \"coordinates\": [36.9999, -1.26068]}", "facility": {"code": 13252}}, {"collection_date": "2015-08-19T15:03:31.990611+00:00", "source": {"name": "Sublocation Centroid Exercise of MOH/ICF Macro"}, "method": {"name": "Other"}, "coordinates": "{\"type\": \"Point\", \"coordinates\": [37.0411, -0.452833]}", "facility": {"code": 10958}}, {"collection_date": "2015-08-19T15:03:31.976513+00:00", "source": {"name": "SARAM 2013"}, "method": {"name": "Taken with GPS Device"}, "coordinates": "{\"type\": \"Point\", \"coordinates\": [34.95704, 0.05341]}", "facility": {"code": 17131}}, {"collection_date": "2015-08-19T15:03:31.955015+00:00", "source": {"name": "DHMT"}, "method": {"name": "Taken with GPS Device"}, "coordinates": "{\"type\": \"Point\", \"coordinates\": [35.43277, -0.93986]}", "facility": {"code": 17740}}, {"collection_date": "2015-08-19T15:03:31.910113+00:00", "source": {"name": "DHMT"}, "method": {"name": "Taken with GPS Device"}, "coordinates": "{\"type\": \"Point\", \"coordinates\": [39.66053, -4.03355]}", "facility": {"code": 11683}}, {"collection_date": "2015-08-19T15:03:31.886638+00:00", "source": {"name": "SARAM 2013"}, "method": {"name": "Taken with GPS Device"}, "coordinates": "{\"type\": \"Point\", \"coordinates\": [39.65436, -4.08521]}", "facility": {"code": 11890}}, {"collection_date": "2015-08-19T15:03:31.851301+00:00", "source": {"name": "DHMT"}, "method": {"name": "Taken with GPS Device"}, "coordinates": "{\"type\": \"Point\", \"coordinates\": [35.19355, 0.13532]}", "facility": {"code": 17130}}, {"collection_date": "2015-08-19T15:03:31.845584+00:00", "source": {"name": "Sublocation Centroid Exercise of MOH/ICF Macro"}, "method": {"name": "Other"}, "coordinates": "{\"type\": \"Point\", \"coordinates\": [37.094, -0.00133164]}", "facility": {"code": 10818}}, {"collection_date": "2015-08-19T15:03:31.830686+00:00", "source": {"name": "DHRIO"}, "method": {"name": "Taken with GPS Device"}, "coordinates": "{\"type\": \"Point\", \"coordinates\": [37.44308, -1.47246]}", "facility": {"code": 17739}}, {"collection_date": "2015-08-19T15:03:31.783543+00:00", "source": {"name": "DHRIO"}, "method": {"name": "Taken with GPS Device"}, "coordinates": "{\"type\": \"Point\", \"coordinates\": [36.83661, -1.2789]}", "facility": {"code": 13007}}, {"collection_date": "2015-08-19T15:03:31.666475+00:00", "source": {"name": "SARAM 2013"}, "method": {"name": "Taken with GPS Device"}, "coordinates": "{\"type\": \"Point\", \"coordinates\": [39.67359, -4.06385]}", "facility": {"code": 11333}}, {"collection_date": "2015-08-19T15:03:31.653699+00:00", "source": {"name": "DHMT"}, "method": {"name": "Taken with GPS Device"}, "coordinates": "{\"type\": \"Point\", \"coordinates\": [37.78561, -0.10637]}", "facility": {"code": 17129}}, {"collection_date": "2015-08-19T15:03:31.620668+00:00", "source": {"name": "DHMT"}, "method": {"name": "Taken with GPS Device"}, "coordinates": "{\"type\": \"Point\", \"coordinates\": [36.99929, -0.56593]}", "facility": {"code": 16779}}, {"collection_date": "2015-08-19T15:03:31.609310+00:00", "source": {"name": "SARAM 2013"}, "method": {"name": "Taken with GPS Device"}, "coordinates": "{\"type\": \"Point\", \"coordinates\": [34.47666, -1.06486]}", "facility": {"code": 17738}}, {"collection_date": "2015-08-19T15:03:31.542807+00:00", "source": {"name": "Cold Chain Inventory (MoH/PATH/WHO) - Feb 2011"}, "method": {"name": "Taken with GPS Device"}, "coordinates": "{\"type\": \"Point\", \"coordinates\": [37.46336, -0.5332]}", "facility": {"code": 11939}}, {"collection_date": "2015-08-19T15:03:31.510445+00:00", "source": {"name": "SARAM 2013"}, "method": {"name": "Taken with GPS Device"}, "coordinates": "{\"type\": \"Point\", \"coordinates\": [39.68036, -4.06498]}", "facility": {"code": 11334}}, {"collection_date": "2015-08-19T15:03:31.499774+00:00", "source": {"name": "HMIS"}, "method": {"name": "Taken with GPS Device"}, "coordinates": "{\"type\": \"Point\", \"coordinates\": [38.33253, -3.59492]}", "facility": {"code": 17127}}, {"collection_date": "2015-08-19T15:03:31.475140+00:00", "source": {"name": "Sublocation Centroid Exercise of MOH/ICF Macro"}, "method": {"name": "Other"}, "coordinates": "{\"type\": \"Point\", \"coordinates\": [37.0379, -0.466092]}", "facility": {"code": 10784}}, {"collection_date": "2015-08-19T15:03:31.443535+00:00", "source": {"name": "SARAM 2013"}, "method": {"name": "Taken with GPS Device"}, "coordinates": "{\"type\": \"Point\", \"coordinates\": [34.47318, -1.06339]}", "facility": {"code": 17737}}, {"collection_date": "2015-08-19T15:03:31.422262+00:00", "source": {"name": "DHMT"}, "method": {"name": "Taken with GPS Device"}, "coordinates": "{\"type\": \"Point\", \"coordinates\": [36.87106, -1.28675]}", "facility": {"code": 12969}}, {"collection_date": "2015-08-19T15:03:31.375411+00:00", "source": {"name": "SARAM 2013"}, "method": {"name": "Taken with GPS Device"}, "coordinates": "{\"type\": \"Point\", \"coordinates\": [39.67121, -4.06901]}", "facility": {"code": 11335}}, {"collection_date": "2015-08-19T15:03:31.349032+00:00", "source": {"name": "DHMT"}, "method": {"name": "Taken with GPS Device"}, "coordinates": "{\"type\": \"Point\", \"coordinates\": [36.5418, -0.36153]}", "facility": {"code": 16780}}, {"collection_date": "2015-08-19T15:03:31.348844+00:00", "source": {"name": "SARAM 2013"}, "method": {"name": "Taken with GPS Device"}, "coordinates": "{\"type\": \"Point\", \"coordinates\": [37.71496, -3.48746]}", "facility": {"code": 17126}}, {"collection_date": "2015-08-19T15:03:31.319441+00:00", "source": {"name": "DHMT"}, "method": {"name": "Taken with GPS Device"}, "coordinates": "{\"type\": \"Point\", \"coordinates\": [34.47072, -1.06252]}", "facility": {"code": 17736}}, {"collection_date": "2015-08-19T15:03:31.288663+00:00", "source": {"name": "DHMT"}, "method": {"name": "Taken with GPS Device"}, "coordinates": "{\"type\": \"Point\", \"coordinates\": [36.86623, -1.29587]}", "facility": {"code": 13132}}, {"collection_date": "2015-08-19T15:03:31.239172+00:00", "source": {"name": "DHRIO"}, "method": {"name": "Taken with GPS Device"}, "coordinates": "{\"type\": \"Point\", \"coordinates\": [36.82378, -1.28611]}", "facility": {"code": 13021}}, {"collection_date": "2015-08-19T15:03:31.209878+00:00", "source": {"name": "SARAM 2013"}, "method": {"name": "Taken with GPS Device"}, "coordinates": "{\"type\": \"Point\", \"coordinates\": [34.97658, 0.06114]}", "facility": {"code": 17125}}, {"collection_date": "2015-08-19T15:03:31.196514+00:00", "source": {"name": "Sublocation Centroid Exercise of MOH/ICF Macro"}, "method": {"name": "Other"}, "coordinates": "{\"type\": \"Point\", \"coordinates\": [37.0379, -0.466092]}", "facility": {"code": 10542}}, {"collection_date": "2015-08-19T15:03:31.179087+00:00", "source": {"name": "SARAM 2013"}, "method": {"name": "Taken with GPS Device"}, "coordinates": "{\"type\": \"Point\", \"coordinates\": [34.52534, -1.09443]}", "facility": {"code": 17735}}, {"collection_date": "2015-08-19T15:03:31.168684+00:00", "source": {"name": "DHMT"}, "method": {"name": "Taken with GPS Device"}, "coordinates": "{\"type\": \"Point\", \"coordinates\": [36.91928, -1.20537]}", "facility": {"code": 11123}}, {"collection_date": "2015-08-19T15:03:31.119050+00:00", "source": {"name": "Sublocation Centroid Exercise of MOH/ICF Macro"}, "method": {"name": "Other"}, "coordinates": "{\"type\": \"Point\", \"coordinates\": [39.7369, -3.38052]}", "facility": {"code": 11803}}, {"collection_date": "2015-08-19T15:03:31.073772+00:00", "source": {"name": "DHRIO"}, "method": {"name": "Taken with GPS Device"}, "coordinates": "{\"type\": \"Point\", \"coordinates\": [36.80402, -1.15487]}", "facility": {"code": 17124}}, {"collection_date": "2015-08-19T15:03:31.072118+00:00", "source": {"name": "Sublocation Centroid Exercise of MOH/ICF Macro"}, "method": {"name": "Other"}, "coordinates": "{\"type\": \"Point\", \"coordinates\": [37.094, -0.00133164]}", "facility": {"code": 10382}}, {"collection_date": "2015-08-19T15:03:31.052174+00:00", "source": {"name": "SARAM 2013"}, "method": {"name": "Taken with GPS Device"}, "coordinates": "{\"type\": \"Point\", \"coordinates\": [34.4704, -1.06588]}", "facility": {"code": 17734}}, {"collection_date": "2015-08-19T15:03:31.028392+00:00", "source": {"name": "Cold Chain Inventory (MoH/PATH/WHO) - Feb 2011"}, "method": {"name": "Taken with GPS Device"}, "coordinates": "{\"type\": \"Point\", \"coordinates\": [37.78084, -0.57953]}", "facility": {"code": 12334}}, {"collection_date": "2015-08-19T15:03:31.022050+00:00", "source": {"name": "DHMT"}, "method": {"name": "Taken with GPS Device"}, "coordinates": "{\"type\": \"Point\", \"coordinates\": [39.79516, -3.82222]}", "facility": {"code": 11755}}, {"collection_date": "2015-08-19T15:03:30.939181+00:00", "source": {"name": "SARAM 2013"}, "method": {"name": "Taken with GPS Device"}, "coordinates": "{\"type\": \"Point\", \"coordinates\": [38.06043, -0.93538]}", "facility": {"code": 17123}}, {"collection_date": "2015-08-19T15:03:30.939180+00:00", "source": {"name": "Sublocation Centroid Exercise of MOH/ICF Macro"}, "method": {"name": "Other"}, "coordinates": "{\"type\": \"Point\", \"coordinates\": [36.8913, -0.532616]}", "facility": {"code": 10352}}, {"collection_date": "2015-08-19T15:03:30.930317+00:00", "source": {"name": "SARAM 2013"}, "method": {"name": "Taken with GPS Device"}, "coordinates": "{\"type\": \"Point\", \"coordinates\": [34.46918, -1.0682]}", "facility": {"code": 17733}}, {"collection_date": "2015-08-19T15:03:30.918313+00:00", "source": {"name": "Sublocation Centroid Exercise of MOH/ICF Macro"}, "method": {"name": "Other"}, "coordinates": "{\"type\": \"Point\", \"coordinates\": [36.8291, -1.27334]}", "facility": {"code": 12983}}, {"collection_date": "2015-08-19T15:03:30.883214+00:00", "source": {"name": "SARAM 2013"}, "method": {"name": "Taken with GPS Device"}, "coordinates": "{\"type\": \"Point\", \"coordinates\": [39.65843, -4.05132]}", "facility": {"code": 11679}}, {"collection_date": "2015-08-19T15:03:30.827278+00:00", "source": {"name": "SARAM 2013"}, "method": {"name": "Taken with GPS Device"}, "coordinates": "{\"type\": \"Point\", \"coordinates\": [36.7537, -1.06013]}", "facility": {"code": 17122}}, {"collection_date": "2015-08-19T15:03:30.795456+00:00", "source": {"name": "MFL RRI"}, "method": {"name": "Taken with GPS Device"}, "coordinates": "{\"type\": \"Point\", \"coordinates\": [35.06829, -0.69472]}", "facility": {"code": 17732}}, {"collection_date": "2015-08-19T15:03:30.785875+00:00", "source": {"name": "Sublocation Centroid Exercise of MOH/ICF Macro"}, "method": {"name": "Other"}, "coordinates": "{\"type\": \"Point\", \"coordinates\": [36.8803, -0.501671]}", "facility": {"code": 10721}}, {"collection_date": "2015-08-19T15:03:30.773792+00:00", "source": {"name": "Sublocation Centroid Exercise of MOH/ICF Macro"}, "method": {"name": "Taken with GPS Device"}, "coordinates": "{\"type\": \"Point\", \"coordinates\": [39.74022, -3.94607]}", "facility": {"code": 11661}}, {"collection_date": "2015-08-19T15:03:30.761480+00:00", "source": {"name": "Sublocation Centroid Exercise of MOH/ICF Macro"}, "method": {"name": "Other"}, "coordinates": "{\"type\": \"Point\", \"coordinates\": [34.9168, -0.515649]}", "facility": {"code": 13861}}, {"collection_date": "2015-08-19T15:03:30.695031+00:00", "source": {"name": "DHRIO Nyando"}, "method": {"name": "Taken with GPS Device"}, "coordinates": "{\"type\": \"Point\", \"coordinates\": [34.96551, -0.12894]}", "facility": {"code": 17121}}, {"collection_date": "2015-08-19T15:03:30.685210+00:00", "source": {"name": "DHMT"}, "method": {"name": "Taken with GPS Device"}, "coordinates": "{\"type\": \"Point\", \"coordinates\": [34.45543, -1.10686]}", "facility": {"code": 17731}}, {"collection_date": "2015-08-19T15:03:30.662069+00:00", "source": {"name": "Sublocation Centroid Exercise of MOH/ICF Macro"}, "method": {"name": "Other"}, "coordinates": "{\"type\": \"Point\", \"coordinates\": [36.977, -0.433513]}", "facility": {"code": 10192}}, {"collection_date": "2015-08-19T15:03:30.584368+00:00", "source": {"name": "Sublocation Centroid Exercise of MOH/ICF Macro"}, "method": {"name": "Other"}, "coordinates": "{\"type\": \"Point\", \"coordinates\": [37.0582, -1.25247]}", "facility": {"code": 13124}}, {"collection_date": "2015-08-19T15:03:30.555521+00:00", "source": {"name": "DHMT"}, "method": {"name": "Taken with GPS Device"}, "coordinates": "{\"type\": \"Point\", \"coordinates\": [39.51033, -3.3973]}", "facility": {"code": 11475}}, {"collection_date": "2015-08-19T15:03:30.528556+00:00", "source": {"name": "HMIS) - Nov 2011"}, "method": {"name": "Taken with GPS Device"}, "coordinates": "{\"type\": \"Point\", \"coordinates\": [38.46534, -3.43143]}", "facility": {"code": 17120}}, {"collection_date": "2015-08-19T15:03:30.497025+00:00", "source": {"name": "MFL RRI"}, "method": {"name": "Taken with GPS Device"}, "coordinates": "{\"type\": \"Point\", \"coordinates\": [35.04326, -0.76956]}", "facility": {"code": 17730}}, {"collection_date": "2015-08-19T15:03:30.472434+00:00", "source": {"name": "Sublocation Centroid Exercise of MOH/ICF Macro"}, "method": {"name": "Other"}, "coordinates": "{\"type\": \"Point\", \"coordinates\": [37.98686, 2.33042]}", "facility": {"code": 16209}}, {"collection_date": "2015-08-19T15:03:30.461466+00:00", "source": {"name": "SARAM 2013"}, "method": {"name": "Taken with GPS Device"}, "coordinates": "{\"type\": \"Point\", \"coordinates\": [39.85725, -3.62957]}", "facility": {"code": 11458}}, {"collection_date": "2015-08-19T15:03:30.418825+00:00", "source": {"name": "Sublocation Centroid Exercise of MOH/ICF Macro"}, "method": {"name": "Other"}, "coordinates": "{\"type\": \"Point\", \"coordinates\": [36.8953, -1.25025]}", "facility": {"code": 12910}}, {"collection_date": "2015-08-19T15:03:30.396339+00:00", "source": {"name": "DHRIO Nyando"}, "method": {"name": "Taken with GPS Device"}, "coordinates": "{\"type\": \"Point\", \"coordinates\": [35.10123, -0.16982]}", "facility": {"code": 17118}}, {"collection_date": "2015-08-19T15:03:30.386052+00:00", "source": {"name": "SARAM 2013"}, "method": {"name": "Taken with GPS Device"}, "coordinates": "{\"type\": \"Point\", \"coordinates\": [34.16563, -0.06117]}", "facility": {"code": 17729}}, {"collection_date": "2015-08-19T15:03:30.341255+00:00", "source": {"name": "Sublocation Centroid Exercise of MOH/ICF Macro"}, "method": {"name": "Other"}, "coordinates": "{\"type\": \"Point\", \"coordinates\": [40.8875, 0.243082]}", "facility": {"code": 13397}}, {"collection_date": "2015-08-19T15:03:30.319734+00:00", "source": {"name": "Sublocation Centroid Exercise of MOH/ICF Macro"}, "method": {"name": "Taken with GPS Device"}, "coordinates": "{\"type\": \"Point\", \"coordinates\": [39.84783, -3.64157]}", "facility": {"code": 11217}}, {"collection_date": "2015-08-19T15:03:30.304142+00:00", "source": {"name": "MOH"}, "method": {"name": "Taken with GPS Device"}, "coordinates": "{\"type\": \"Point\", \"coordinates\": [40.05276, -3.11808]}", "facility": {"code": 11396}}, {"collection_date": "2015-08-19T15:03:30.274238+00:00", "source": {"name": "GPS"}, "method": {"name": "Taken with GPS Device"}, "coordinates": "{\"type\": \"Point\", \"coordinates\": [34.58842, 0.65533]}", "facility": {"code": 17117}}, {"collection_date": "2015-08-19T15:03:30.250989+00:00", "source": {"name": "SARAM 2013"}, "method": {"name": "Taken with GPS Device"}, "coordinates": "{\"type\": \"Point\", \"coordinates\": [34.47672, -1.06496]}", "facility": {"code": 17728}}, {"collection_date": "2015-08-19T15:03:30.214677+00:00", "source": {"name": "Sublocation Centroid Exercise of MOH/ICF Macro"}, "method": {"name": "Other"}, "coordinates": "{\"type\": \"Point\", \"coordinates\": [37.1949, -0.413289]}", "facility": {"code": 10362}}, {"collection_date": "2015-08-19T15:03:30.194452+00:00", "source": {"name": "DHMT"}, "method": {"name": "Taken with GPS Device"}, "coordinates": "{\"type\": \"Point\", \"coordinates\": [36.84623, -1.29553]}", "facility": {"code": 12999}}, {"collection_date": "2015-08-19T15:03:30.175681+00:00", "source": {"name": "Cold Chain Inventory (MoH/PATH/WHO) - Feb 2011"}, "method": {"name": "Taken with GPS Device"}, "coordinates": "{\"type\": \"Point\", \"coordinates\": [37.57032, -0.42098]}", "facility": {"code": 16242}}, {"collection_date": "2015-08-19T15:03:30.142244+00:00", "source": {"name": "GPS"}, "method": {"name": "Taken with GPS Device"}, "coordinates": "{\"type\": \"Point\", \"coordinates\": [34.63839, 0.65194]}", "facility": {"code": 17116}}, {"collection_date": "2015-08-19T15:03:30.126796+00:00", "source": {"name": "DHMT"}, "method": {"name": "Taken with GPS Device"}, "coordinates": "{\"type\": \"Point\", \"coordinates\": [36.888, -1.30175]}", "facility": {"code": 17727}}, {"collection_date": "2015-08-19T15:03:30.108021+00:00", "source": {"name": "Sublocation Centroid Exercise of MOH/ICF Macro"}, "method": {"name": "Other"}, "coordinates": "{\"type\": \"Point\", \"coordinates\": [37.0454, -0.491812]}", "facility": {"code": 10408}}, {"collection_date": "2015-08-19T15:03:30.060256+00:00", "source": {"name": "Cold Chain Inventory (MoH/PATH/WHO) - Feb 2011"}, "method": {"name": "Taken with GPS Device"}, "coordinates": "{\"type\": \"Point\", \"coordinates\": [37.64917, -0.77136]}", "facility": {"code": 12040}}, {"collection_date": "2015-08-19T15:03:30.040942+00:00", "source": {"name": "KEMRI GIS MERGE"}, "method": {"name": "Taken with GPS Device"}, "coordinates": "{\"type\": \"Point\", \"coordinates\": [36.84683, -1.29048]}", "facility": {"code": 13207}}, {"collection_date": "2015-08-19T15:03:30.025780+00:00", "source": {"name": "DHMT"}, "method": {"name": "Taken with GPS Device"}, "coordinates": "{\"type\": \"Point\", \"coordinates\": [35.81881, 0.77335]}", "facility": {"code": 17115}}, {"collection_date": "2015-08-19T15:03:30.005186+00:00", "source": {"name": "Sublocation Centroid Exercise of MOH/ICF Macro"}, "method": {"name": "Other"}, "coordinates": "{\"type\": \"Point\", \"coordinates\": [36.9485, -0.479493]}", "facility": {"code": 11162}}, {"collection_date": "2015-08-19T15:03:29.993501+00:00", "source": {"name": "SARAM 2013"}, "method": {"name": "Taken with GPS Device"}, "coordinates": "{\"type\": \"Point\", \"coordinates\": [34.3018, -0.8375]}", "facility": {"code": 17726}}, {"collection_date": "2015-08-19T15:03:29.916200+00:00", "source": {"name": "Sublocation Centroid Exercise of MOH/ICF Macro"}, "method": {"name": "Taken with GPS Device"}, "coordinates": "{\"type\": \"Point\", \"coordinates\": [38.07652, -2.59398]}", "facility": {"code": 11925}}, {"collection_date": "2015-08-19T15:03:29.905831+00:00", "source": {"name": "Sublocation Centroid Exercise of MOH/ICF Macro"}, "method": {"name": "Other"}, "coordinates": "{\"type\": \"Point\", \"coordinates\": [36.9033, -0.716275]}", "facility": {"code": 10418}}, {"collection_date": "2015-08-19T15:03:29.894101+00:00", "source": {"name": "DHMT"}, "method": {"name": "Taken with GPS Device"}, "coordinates": "{\"type\": \"Point\", \"coordinates\": [37.73319, -3.42811]}", "facility": {"code": 17114}}, {"collection_date": "2015-08-19T15:03:29.882265+00:00", "source": {"name": "Sublocation Centroid Exercise of MOH/ICF Macro"}, "method": {"name": "Other"}, "coordinates": "{\"type\": \"Point\", \"coordinates\": [37.1341, -0.576781]}", "facility": {"code": 11091}}, {"collection_date": "2015-08-19T15:03:29.827624+00:00", "source": {"name": "DHMT"}, "method": {"name": "Taken with GPS Device"}, "coordinates": "{\"type\": \"Point\", \"coordinates\": [36.98902, -1.32512]}", "facility": {"code": 17724}}, {"collection_date": "2015-08-19T15:03:29.793692+00:00", "source": {"name": "Cold Chain Inventory (MoH/PATH/WHO) - Feb 2011"}, "method": {"name": "Taken with GPS Device"}, "coordinates": "{\"type\": \"Point\", \"coordinates\": [36.89093, -1.31503]}", "facility": {"code": 12897}}, {"collection_date": "2015-08-19T15:03:29.781800+00:00", "source": {"name": "DHMT"}, "method": {"name": "Taken with GPS Device"}, "coordinates": "{\"type\": \"Point\", \"coordinates\": [37.32661, -1.27006]}", "facility": {"code": 12784}}, {"collection_date": "2015-08-19T15:03:29.766189+00:00", "source": {"name": "SARAM 2013"}, "method": {"name": "Taken with GPS Device"}, "coordinates": "{\"type\": \"Point\", \"coordinates\": [34.56275, 0.07013]}", "facility": {"code": 17113}}, {"collection_date": "2015-08-19T15:03:29.750805+00:00", "source": {"name": "DHMT"}, "method": {"name": "Taken with GPS Device"}, "coordinates": "{\"type\": \"Point\", \"coordinates\": [36.59732, -0.34126]}", "facility": {"code": 11061}}, {"collection_date": "2015-08-19T15:03:29.700429+00:00", "source": {"name": "SARAM 2013"}, "method": {"name": "Taken with GPS Device"}, "coordinates": "{\"type\": \"Point\", \"coordinates\": [36.97533, -1.2776]}", "facility": {"code": 17723}}, {"collection_date": "2015-08-19T15:03:29.657901+00:00", "source": {"name": "DHMT"}, "method": {"name": "Taken with GPS Device"}, "coordinates": "{\"type\": \"Point\", \"coordinates\": [37.13117, -1.53364]}", "facility": {"code": 12318}}, {"collection_date": "2015-08-19T15:03:29.644060+00:00", "source": {"name": "SARAM 2013"}, "method": {"name": "Taken with GPS Device"}, "coordinates": "{\"type\": \"Point\", \"coordinates\": [34.58465, 0.02825]}", "facility": {"code": 17112}}, {"collection_date": "2015-08-19T15:03:29.637786+00:00", "source": {"name": "Sublocation Centroid Exercise of MOH/ICF Macro"}, "method": {"name": "Other"}, "coordinates": "{\"type\": \"Point\", \"coordinates\": [37.2904, -0.681054]}", "facility": {"code": 10011}}], "model": "mfl_gis.FacilityCoordinates", "unique_fields": ["facility"]}]