[{"records": [{"collection_date": "2015-08-19T15:03:24.508280+00:00", "source": {"name": "GPS"}, "method": {"name": "Taken with GPS Device"}, "coordinates": "{\"type\": \"Point\", \"coordinates\": [40.81533, -2.17893]}", "facility": {"code": 17693}}, {"collection_date": "2015-08-19T15:03:24.500619+00:00", "source": {"name": "Sublocation Centroid Exercise of MOH/ICF Macro"}, "method": {"name": "Other"}, "coordinates": "{\"type\": \"Point\", \"coordinates\": [36.9351, -1.36434]}", "facility": {"code": 12788}}, {"collection_date": "2015-08-19T15:03:24.486398+00:00", "source": {"name": "SARAM 2013"}, "method": {"name": "Taken with GPS Device"}, "coordinates": "{\"type\": \"Point\", \"coordinates\": [35.78091, 0.10964]}", "facility": {"code": 17088}}, {"collection_date": "2015-08-19T15:03:24.480259+00:00", "source": {"name": "Sublocation Centroid Exercise of MOH/ICF Macro"}, "method": {"name": "Other"}, "coordinates": "{\"type\": \"Point\", \"coordinates\": [37.094, -0.00133164]}", "facility": {"code": 10087}}, {"collection_date": "2015-08-19T15:03:24.208919+00:00", "source": {"name": "DHMT"}, "method": {"name": "Taken with GPS Device"}, "coordinates": "{\"type\": \"Point\", \"coordinates\": [36.749278, -1.266482]}", "facility": {"code": 16798}}, {"collection_date": "2015-08-19T15:03:24.208263+00:00", "source": {"name": "DHRIO"}, "method": {"name": "Taken with GPS Device"}, "coordinates": "{\"type\": \"Point\", \"coordinates\": [37.812, -0.19102]}", "facility": {"code": 12481}}, {"collection_date": "2015-08-19T15:03:24.200768+00:00", "source": {"name": "GPS"}, "method": {"name": "Taken with GPS Device"}, "coordinates": "{\"type\": \"Point\", \"coordinates\": [40.42532, -2.21384]}", "facility": {"code": 17692}}, {"collection_date": "2015-08-19T15:03:24.186306+00:00", "source": {"name": "SARAM 2013"}, "method": {"name": "Taken with GPS Device"}, "coordinates": "{\"type\": \"Point\", \"coordinates\": [35.73072, 0.00145]}", "facility": {"code": 17087}}, {"collection_date": "2015-08-19T15:03:24.179067+00:00", "source": {"name": "DHMT"}, "method": {"name": "Taken with GPS Device"}, "coordinates": "{\"type\": \"Point\", \"coordinates\": [36.32012, -0.20724]}", "facility": {"code": 16808}}, {"collection_date": "2015-08-19T15:03:23.997602+00:00", "source": {"name": "DHMT"}, "method": {"name": "Taken with GPS Device"}, "coordinates": "{\"type\": \"Point\", \"coordinates\": [39.06, 3.52672]}", "facility": {"code": 11979}}, {"collection_date": "2015-08-19T15:03:23.990092+00:00", "source": {"name": "Sublocation Centroid Exercise of MOH/ICF Macro"}, "method": {"name": "Taken with GPS Device"}, "coordinates": "{\"type\": \"Point\", \"coordinates\": [41.86005, 3.93799]}", "facility": {"code": 16307}}, {"collection_date": "2015-08-19T15:03:23.824087+00:00", "source": {"name": "DHMT"}, "method": {"name": "Taken with GPS Device"}, "coordinates": "{\"type\": \"Point\", \"coordinates\": [34.2026, -0.41589]}", "facility": {"code": 17691}}, {"collection_date": "2015-08-19T15:03:23.819916+00:00", "source": {"name": "Sublocation Centroid Exercise of MOH/ICF Macro"}, "method": {"name": "Other"}, "coordinates": "{\"type\": \"Point\", \"coordinates\": [37.4116, -1.28848]}", "facility": {"code": 12371}}, {"collection_date": "2015-08-19T15:03:23.819659+00:00", "source": {"name": "SARAM 2013"}, "method": {"name": "Taken with GPS Device"}, "coordinates": "{\"type\": \"Point\", \"coordinates\": [35.56373, 0.04755]}", "facility": {"code": 17086}}, {"collection_date": "2015-08-19T15:03:23.647190+00:00", "source": {"name": "Sublocation Centroid Exercise of MOH/ICF Macro"}, "method": {"name": "Taken with GPS Device"}, "coordinates": "{\"type\": \"Point\", \"coordinates\": [39.68785, -4.02442]}", "facility": {"code": 11767}}, {"collection_date": "2015-08-19T15:03:23.642291+00:00", "source": {"name": "Sublocation Centroid Exercise of MOH/ICF Macro"}, "method": {"name": "Taken with GPS Device"}, "coordinates": "{\"type\": \"Point\", \"coordinates\": [34.82144, -0.71076]}", "facility": {"code": 13661}}, {"collection_date": "2015-08-19T15:03:23.630572+00:00", "source": {"name": "Sublocation Centroid Exercise of MOH/ICF Macro"}, "method": {"name": "Other"}, "coordinates": "{\"type\": \"Point\", \"coordinates\": [36.9444, -0.491403]}", "facility": {"code": 10593}}, {"collection_date": "2015-08-19T15:03:23.609562+00:00", "source": {"name": "DHMT"}, "method": {"name": "Taken with GPS Device"}, "coordinates": "{\"type\": \"Point\", \"coordinates\": [35.41447, -0.75311]}", "facility": {"code": 17085}}, {"collection_date": "2015-08-19T15:03:23.453478+00:00", "source": {"name": "DHMT"}, "method": {"name": "Taken with GPS Device"}, "coordinates": "{\"type\": \"Point\", \"coordinates\": [34.23853, -0.45363]}", "facility": {"code": 17690}}, {"collection_date": "2015-08-19T15:03:23.440851+00:00", "source": {"name": "John Monyancha"}, "method": {"name": "Taken with GPS Device"}, "coordinates": "{\"type\": \"Point\", \"coordinates\": [34.98774, -0.53112]}", "facility": {"code": 14065}}, {"collection_date": "2015-08-19T15:03:23.431318+00:00", "source": {"name": "Sublocation Centroid Exercise of MOH/ICF Macro"}, "method": {"name": "Taken with GPS Device"}, "coordinates": "{\"type\": \"Point\", \"coordinates\": [39.31505, -4.13672]}", "facility": {"code": 16519}}, {"collection_date": "2015-08-19T15:03:23.423732+00:00", "source": {"name": "Cold Chain Inventory (MoH/PATH/WHO) - Feb 2011"}, "method": {"name": "Taken with GPS Device"}, "coordinates": "{\"type\": \"Point\", \"coordinates\": [37.43436, -0.44499]}", "facility": {"code": 12062}}, {"collection_date": "2015-08-19T15:03:23.275657+00:00", "source": {"name": "SARAM 2013"}, "method": {"name": "Taken with GPS Device"}, "coordinates": "{\"type\": \"Point\", \"coordinates\": [35.84644, -0.08444]}", "facility": {"code": 17084}}, {"collection_date": "2015-08-19T15:03:23.231101+00:00", "source": {"name": "Sublocation Centroid Exercise of MOH/ICF Macro"}, "method": {"name": "Taken with GPS Device"}, "coordinates": "{\"type\": \"Point\", \"coordinates\": [36.05765, -0.34365]}", "facility": {"code": 16411}}, {"collection_date": "2015-08-19T15:03:23.221914+00:00", "source": {"name": "DHMT"}, "method": {"name": "Taken with GPS Device"}, "coordinates": "{\"type\": \"Point\", \"coordinates\": [36.91731, -1.26442]}", "facility": {"code": 17687}}, {"collection_date": "2015-08-19T15:03:23.210836+00:00", "source": {"name": "Sublocation Centroid Exercise of MOH/ICF Macro"}, "method": {"name": "Taken with GPS Device"}, "coordinates": "{\"type\": \"Point\", \"coordinates\": [39.26276, -3.79466]}", "facility": {"code": 16520}}, {"collection_date": "2015-08-19T15:03:23.088128+00:00", "source": {"name": "Sublocation Centroid Exercise of MOH/ICF Macro"}, "method": {"name": "Other"}, "coordinates": "{\"type\": \"Point\", \"coordinates\": [36.9264, -0.558127]}", "facility": {"code": 11109}}, {"collection_date": "2015-08-19T15:03:23.073668+00:00", "source": {"name": "DHMT"}, "method": {"name": "Taken with GPS Device"}, "coordinates": "{\"type\": \"Point\", \"coordinates\": [35.46411, -0.8645]}", "facility": {"code": 17083}}, {"collection_date": "2015-08-19T15:03:22.876909+00:00", "source": {"name": "DHMT"}, "method": {"name": "Taken with GPS Device"}, "coordinates": "{\"type\": \"Point\", \"coordinates\": [37.3581, -0.68405]}", "facility": {"code": 10006}}, {"collection_date": "2015-08-19T15:03:22.873356+00:00", "source": {"name": "SARAM 2013"}, "method": {"name": "Taken with GPS Device"}, "coordinates": "{\"type\": \"Point\", \"coordinates\": [36.924, -1.26349]}", "facility": {"code": 17686}}, {"collection_date": "2015-08-19T15:03:22.869852+00:00", "source": {"name": "DHMT"}, "method": {"name": "Taken with GPS Device"}, "coordinates": "{\"type\": \"Point\", \"coordinates\": [36.801, -1.2546]}", "facility": {"code": 12924}}, {"collection_date": "2015-08-19T15:03:22.867025+00:00", "source": {"name": "SARAM 2013"}, "method": {"name": "Taken with GPS Device"}, "coordinates": "{\"type\": \"Point\", \"coordinates\": [39.69659, -0.5928]}", "facility": {"code": 17081}}, {"collection_date": "2015-08-19T15:03:22.855479+00:00", "source": {"name": "Sublocation Centroid Exercise of MOH/ICF Macro"}, "method": {"name": "Other"}, "coordinates": "{\"type\": \"Point\", \"coordinates\": [36.9109, -0.552485]}", "facility": {"code": 11102}}, {"collection_date": "2015-08-19T15:03:22.607650+00:00", "source": {"name": "DHMT"}, "method": {"name": "Taken with GPS Device"}, "coordinates": "{\"type\": \"Point\", \"coordinates\": [36.88918, -1.32023]}", "facility": {"code": 17685}}, {"collection_date": "2015-08-19T15:03:22.599183+00:00", "source": {"name": "Sublocation Centroid Exercise of MOH/ICF Macro"}, "method": {"name": "Other"}, "coordinates": "{\"type\": \"Point\", \"coordinates\": [36.62635, -1.11859]}", "facility": {"code": 11030}}, {"collection_date": "2015-08-19T15:03:22.593040+00:00", "source": {"name": "SARAM 2013"}, "method": {"name": "Taken with GPS Device"}, "coordinates": "{\"type\": \"Point\", \"coordinates\": [39.08468, -1.64584]}", "facility": {"code": 17080}}, {"collection_date": "2015-08-19T15:03:22.576096+00:00", "source": {"name": "Sublocation Centroid Exercise of MOH/ICF Macro"}, "method": {"name": "Other"}, "coordinates": "{\"type\": \"Point\", \"coordinates\": [37.265, -0.36603]}", "facility": {"code": 11028}}, {"collection_date": "2015-08-19T15:03:22.569774+00:00", "source": {"name": "Sublocation Centroid Exercise of MOH/ICF Macro"}, "method": {"name": "Taken with GPS Device"}, "coordinates": "{\"type\": \"Point\", \"coordinates\": [39.31687, -4.14047]}", "facility": {"code": 16518}}, {"collection_date": "2015-08-19T15:03:22.375807+00:00", "source": {"name": "Cold Chain Inventory (MoH/PATH/WHO) - Feb 2011"}, "method": {"name": "Taken with GPS Device"}, "coordinates": "{\"type\": \"Point\", \"coordinates\": [34.72395, -0.79871]}", "facility": {"code": 16257}}, {"collection_date": "2015-08-19T15:03:22.373496+00:00", "source": {"name": "SARAM 2013"}, "method": {"name": "Taken with GPS Device"}, "coordinates": "{\"type\": \"Point\", \"coordinates\": [36.87128, -1.31417]}", "facility": {"code": 17684}}, {"collection_date": "2015-08-19T15:03:22.362254+00:00", "source": {"name": "SARAM 2013"}, "method": {"name": "Taken with GPS Device"}, "coordinates": "{\"type\": \"Point\", \"coordinates\": [39.64548, -1.62014]}", "facility": {"code": 17079}}, {"collection_date": "2015-08-19T15:03:22.361132+00:00", "source": {"name": "Sublocation Centroid Exercise of MOH/ICF Macro"}, "method": {"name": "Taken with GPS Device"}, "coordinates": "{\"type\": \"Point\", \"coordinates\": [39.92755, -3.3878]}", "facility": {"code": 11876}}, {"collection_date": "2015-08-19T15:03:22.187526+00:00", "source": {"name": "SARAM 2013"}, "method": {"name": "Taken with GPS Device"}, "coordinates": "{\"type\": \"Point\", \"coordinates\": [39.26382, -3.79608]}", "facility": {"code": 16884}}, {"collection_date": "2015-08-19T15:03:22.172776+00:00", "source": {"name": "SARAM 2013"}, "method": {"name": "Taken with GPS Device"}, "coordinates": "{\"type\": \"Point\", \"coordinates\": [36.94896, -1.27078]}", "facility": {"code": 17683}}, {"collection_date": "2015-08-19T15:03:22.132202+00:00", "source": {"name": "Cold Chain Inventory (MoH/PATH/WHO) - Feb 2011"}, "method": {"name": "Taken with GPS Device"}, "coordinates": "{\"type\": \"Point\", \"coordinates\": [34.60697, 0.08379]}", "facility": {"code": 16088}}, {"collection_date": "2015-08-19T15:03:22.128995+00:00", "source": {"name": "SARAM 2013"}, "method": {"name": "Taken with GPS Device"}, "coordinates": "{\"type\": \"Point\", \"coordinates\": [39.07239, -1.48638]}", "facility": {"code": 17078}}, {"collection_date": "2015-08-19T15:03:22.119975+00:00", "source": {"name": "Sublocation Centroid Exercise of MOH/ICF Macro"}, "method": {"name": "Other"}, "coordinates": "{\"type\": \"Point\", \"coordinates\": [37.0923, -0.634706]}", "facility": {"code": 10237}}, {"collection_date": "2015-08-19T15:03:21.973576+00:00", "source": {"name": "DHMT"}, "method": {"name": "Taken with GPS Device"}, "coordinates": "{\"type\": \"Point\", \"coordinates\": [36.81337, -1.27623]}", "facility": {"code": 12927}}, {"collection_date": "2015-08-19T15:03:21.960559+00:00", "source": {"name": "GPS"}, "method": {"name": "Taken with GPS Device"}, "coordinates": "{\"type\": \"Point\", \"coordinates\": [34.86275, 0.57174]}", "facility": {"code": 17681}}, {"collection_date": "2015-08-19T15:03:21.739180+00:00", "source": {"name": "DHMT"}, "method": {"name": "Taken with GPS Device"}, "coordinates": "{\"type\": \"Point\", \"coordinates\": [34.73679, -0.50635]}", "facility": {"code": 14132}}, {"collection_date": "2015-08-19T15:03:21.739126+00:00", "source": {"name": "SARAM 2013"}, "method": {"name": "Taken with GPS Device"}, "coordinates": "{\"type\": \"Point\", \"coordinates\": [39.96781, -1.2329]}", "facility": {"code": 17077}}, {"collection_date": "2015-08-19T15:03:21.730050+00:00", "source": {"name": "Sublocation Centroid Exercise of MOH/ICF Macro"}, "method": {"name": "Other"}, "coordinates": "{\"type\": \"Point\", \"coordinates\": [36.621, -0.060875]}", "facility": {"code": 10303}}, {"collection_date": "2015-08-19T15:03:21.651997+00:00", "source": {"name": "Reception"}, "method": {"name": "Taken with GPS Device"}, "coordinates": "{\"type\": \"Point\", \"coordinates\": [38.1893, -1.22547]}", "facility": {"code": 12310}}, {"collection_date": "2015-08-19T15:03:21.649367+00:00", "source": {"name": "SARAM 2013"}, "method": {"name": "Taken with GPS Device"}, "coordinates": "{\"type\": \"Point\", \"coordinates\": [34.75676, 0.71818]}", "facility": {"code": 17679}}, {"collection_date": "2015-08-19T15:03:21.502372+00:00", "source": {"name": "Cold Chain Inventory (MoH/PATH/WHO) - Feb 2011"}, "method": {"name": "Taken with GPS Device"}, "coordinates": "{\"type\": \"Point\", \"coordinates\": [37.92065, 0.17094]}", "facility": {"code": 12714}}, {"collection_date": "2015-08-19T15:03:21.484707+00:00", "source": {"name": "GPS"}, "method": {"name": "Taken with GPS Device"}, "coordinates": "{\"type\": \"Point\", \"coordinates\": [34.48336, 0.794]}", "facility": {"code": 17076}}, {"collection_date": "2015-08-19T15:03:21.472141+00:00", "source": {"name": "Sublocation Centroid Exercise of MOH/ICF Macro"}, "method": {"name": "Other"}, "coordinates": "{\"type\": \"Point\", \"coordinates\": [36.7233, -0.456636]}", "facility": {"code": 10342}}, {"collection_date": "2015-08-19T15:03:21.403232+00:00", "source": {"name": "MFL RRI BY DHRIO"}, "method": {"name": "Taken with GPS Device"}, "coordinates": "{\"type\": \"Point\", \"coordinates\": [34.94432, -0.74649]}", "facility": {"code": 17678}}, {"collection_date": "2015-08-19T15:03:21.396155+00:00", "source": {"name": "Sublocation Centroid Exercise of MOH/ICF Macro"}, "method": {"name": "Other"}, "coordinates": "{\"type\": \"Point\", \"coordinates\": [36.9351, -1.36434]}", "facility": {"code": 12785}}, {"collection_date": "2015-08-19T15:03:21.384113+00:00", "source": {"name": "MOPHS"}, "method": {"name": "Taken with GPS Device"}, "coordinates": "{\"type\": \"Point\", \"coordinates\": [37.64059, 0.05616]}", "facility": {"code": 12471}}, {"collection_date": "2015-08-19T15:03:21.383691+00:00", "source": {"name": "SARAM 2013"}, "method": {"name": "Taken with GPS Device"}, "coordinates": "{\"type\": \"Point\", \"coordinates\": [39.36442, -1.51436]}", "facility": {"code": 17075}}, {"collection_date": "2015-08-19T15:03:21.233998+00:00", "source": {"name": "Sublocation Centroid Exercise of MOH/ICF Macro"}, "method": {"name": "Other"}, "coordinates": "{\"type\": \"Point\", \"coordinates\": [36.8848, -0.489493]}", "facility": {"code": 10348}}, {"collection_date": "2015-08-19T15:03:21.183517+00:00", "source": {"name": "DHMT"}, "method": {"name": "Taken with GPS Device"}, "coordinates": "{\"type\": \"Point\", \"coordinates\": [37.17408, -1.53509]}", "facility": {"code": 16251}}, {"collection_date": "2015-08-19T15:03:21.150789+00:00", "source": {"name": "Sublocation Centroid Exercise of MOH/ICF Macro"}, "method": {"name": "Taken with GPS Device"}, "coordinates": "{\"type\": \"Point\", \"coordinates\": [37.74728, 0.16091]}", "facility": {"code": 12624}}, {"collection_date": "2015-08-19T15:03:21.136608+00:00", "source": {"name": "GPS"}, "method": {"name": "Taken with GPS Device"}, "coordinates": "{\"type\": \"Point\", \"coordinates\": [34.7867, -0.8865]}", "facility": {"code": 17677}}, {"collection_date": "2015-08-19T15:03:21.127677+00:00", "source": {"name": "SARAM 2013"}, "method": {"name": "Taken with GPS Device"}, "coordinates": "{\"type\": \"Point\", \"coordinates\": [39.01568, -1.7145]}", "facility": {"code": 17074}}, {"collection_date": "2015-08-19T15:03:21.117561+00:00", "source": {"name": "Sublocation Centroid Exercise of MOH/ICF Macro"}, "method": {"name": "Other"}, "coordinates": "{\"type\": \"Point\", \"coordinates\": [37.3995, -0.691765]}", "facility": {"code": 11116}}, {"collection_date": "2015-08-19T15:03:20.944083+00:00", "source": {"name": "Sublocation Centroid Exercise of MOH/ICF Macro"}, "method": {"name": "Other"}, "coordinates": "{\"type\": \"Point\", \"coordinates\": [37.2802, -1.29687]}", "facility": {"code": 11948}}, {"collection_date": "2015-08-19T15:03:20.928981+00:00", "source": {"name": "GPS"}, "method": {"name": "Calc from proximity to school, village,markets"}, "coordinates": "{\"type\": \"Point\", \"coordinates\": [36.66398, -1.14696]}", "facility": {"code": 17676}}, {"collection_date": "2015-08-19T15:03:20.916409+00:00", "source": {"name": "John Monyancha"}, "method": {"name": "Taken with GPS Device"}, "coordinates": "{\"type\": \"Point\", \"coordinates\": [35.02673, -0.53422]}", "facility": {"code": 13553}}, {"collection_date": "2015-08-19T15:03:20.848737+00:00", "source": {"name": "GPS"}, "method": {"name": "Taken with GPS Device"}, "coordinates": "{\"type\": \"Point\", \"coordinates\": [34.66057, 0.83895]}", "facility": {"code": 17073}}, {"collection_date": "2015-08-19T15:03:20.833294+00:00", "source": {"name": "Sublocation Centroid Exercise of MOH/ICF Macro"}, "method": {"name": "Other"}, "coordinates": "{\"type\": \"Point\", \"coordinates\": [39.1829, 0.614728]}", "facility": {"code": 13296}}, {"collection_date": "2015-08-19T15:03:20.715560+00:00", "source": {"name": "Sublocation Centroid Exercise of MOH/ICF Macro"}, "method": {"name": "Other"}, "coordinates": "{\"type\": \"Point\", \"coordinates\": [39.5638, -3.88917]}", "facility": {"code": 16193}}, {"collection_date": "2015-08-19T15:03:20.703196+00:00", "source": {"name": "SARAM 2013"}, "method": {"name": "Taken with GPS Device"}, "coordinates": "{\"type\": \"Point\", \"coordinates\": [36.69169, -1.25434]}", "facility": {"code": 17675}}, {"collection_date": "2015-08-19T15:03:20.702656+00:00", "source": {"name": "DHMT"}, "method": {"name": "Taken with GPS Device"}, "coordinates": "{\"type\": \"Point\", \"coordinates\": [37.59755, -0.11919]}", "facility": {"code": 12067}}, {"collection_date": "2015-08-19T15:03:20.669664+00:00", "source": {"name": "SARAM 2013"}, "method": {"name": "Taken with GPS Device"}, "coordinates": "{\"type\": \"Point\", \"coordinates\": [39.22718, -1.6618]}", "facility": {"code": 17072}}, {"collection_date": "2015-08-19T15:03:20.595402+00:00", "source": {"name": "SARAM 2013"}, "method": {"name": "Taken with GPS Device"}, "coordinates": "{\"type\": \"Point\", \"coordinates\": [39.68036, -4.06498]}", "facility": {"code": 11331}}, {"collection_date": "2015-08-19T15:03:20.585962+00:00", "source": {"name": "Sublocation Centroid Exercise of MOH/ICF Macro"}, "method": {"name": "Other"}, "coordinates": "{\"type\": \"Point\", \"coordinates\": [37.1949, -0.413289]}", "facility": {"code": 10314}}, {"collection_date": "2015-08-19T15:03:20.581090+00:00", "source": {"name": "HMIS"}, "method": {"name": "Taken with GPS Device"}, "coordinates": "{\"type\": \"Point\", \"coordinates\": [38.31014, -3.44355]}", "facility": {"code": 17672}}, {"collection_date": "2015-08-19T15:03:20.572946+00:00", "source": {"name": "HCT Mapping 2010"}, "method": {"name": "Taken with GPS Device"}, "coordinates": "{\"type\": \"Point\", \"coordinates\": [34.49941, 0.59384]}", "facility": {"code": 17070}}, {"collection_date": "2015-08-19T15:03:20.551510+00:00", "source": {"name": "SARAM 2013"}, "method": {"name": "Taken with GPS Device"}, "coordinates": "{\"type\": \"Point\", \"coordinates\": [37.98751, 0.33724]}", "facility": {"code": 11954}}, {"collection_date": "2015-08-19T15:03:20.357559+00:00", "source": {"name": "GPS"}, "method": {"name": "Taken with GPS Device"}, "coordinates": "{\"type\": \"Point\", \"coordinates\": [37.50696, -2.82445]}", "facility": {"code": 17671}}, {"collection_date": "2015-08-19T15:03:20.347219+00:00", "source": {"name": "DHMT"}, "method": {"name": "Taken with GPS Device"}, "coordinates": "{\"type\": \"Point\", \"coordinates\": [34.67163, -0.48879]}", "facility": {"code": 17069}}, {"collection_date": "2015-08-19T15:03:20.338810+00:00", "source": {"name": "Sublocation Centroid Exercise of MOH/ICF Macro"}, "method": {"name": "Taken with GPS Device"}, "coordinates": "{\"type\": \"Point\", \"coordinates\": [39.69856, -4.00269]}", "facility": {"code": 16441}}, {"collection_date": "2015-08-19T15:03:20.334560+00:00", "source": {"name": "DHMT"}, "method": {"name": "Taken with GPS Device"}, "coordinates": "{\"type\": \"Point\", \"coordinates\": [40.04821, 1.75234]}", "facility": {"code": 13363}}, {"collection_date": "2015-08-19T15:03:20.326284+00:00", "source": {"name": "DHMT"}, "method": {"name": "Taken with GPS Device"}, "coordinates": "{\"type\": \"Point\", \"coordinates\": [36.36197, 0.03465]}", "facility": {"code": 11181}}, {"collection_date": "2015-08-19T15:03:20.233743+00:00", "source": {"name": "SARAM 2013"}, "method": {"name": "Taken with GPS Device"}, "coordinates": "{\"type\": \"Point\", \"coordinates\": [37.95563, 0.2633]}", "facility": {"code": 17068}}, {"collection_date": "2015-08-19T15:03:20.225227+00:00", "source": {"name": "DHMT"}, "method": {"name": "Taken with GPS Device"}, "coordinates": "{\"type\": \"Point\", \"coordinates\": [36.98347, -1.45445]}", "facility": {"code": 17669}}, {"collection_date": "2015-08-19T15:03:20.215340+00:00", "source": {"name": "Sublocation Centroid Exercise of MOH/ICF Macro"}, "method": {"name": "Taken with GPS Device"}, "coordinates": "{\"type\": \"Point\", \"coordinates\": [39.73333, -3.96966]}", "facility": {"code": 11260}}, {"collection_date": "2015-08-19T15:03:20.203472+00:00", "source": {"name": "SARAM 2013"}, "method": {"name": "Taken with GPS Device"}, "coordinates": "{\"type\": \"Point\", \"coordinates\": [37.98097, 0.38413]}", "facility": {"code": 12725}}, {"collection_date": "2015-08-19T15:03:20.196424+00:00", "source": {"name": "SARAM 2013"}, "method": {"name": "Taken with GPS Device"}, "coordinates": "{\"type\": \"Point\", \"coordinates\": [36.95401, -0.60019]}", "facility": {"code": 10908}}, {"collection_date": "2015-08-19T15:03:19.989856+00:00", "source": {"name": "Cold Chain Inventory (MoH/PATH/WHO) - Feb 2011"}, "method": {"name": "Taken with GPS Device"}, "coordinates": "{\"type\": \"Point\", \"coordinates\": [34.66795, 0.39272]}", "facility": {"code": 16056}}, {"collection_date": "2015-08-19T15:03:19.969547+00:00", "source": {"name": "DHMT"}, "method": {"name": "Taken with GPS Device"}, "coordinates": "{\"type\": \"Point\", \"coordinates\": [37.94341, 0.21061]}", "facility": {"code": 17067}}, {"collection_date": "2015-08-19T15:03:19.959325+00:00", "source": {"name": "Sublocation Centroid Exercise of MOH/ICF Macro"}, "method": {"name": "Taken with GPS Device"}, "coordinates": "{\"type\": \"Point\", \"coordinates\": [36.01218, -0.60409]}", "facility": {"code": 16412}}, {"collection_date": "2015-08-19T15:03:19.936772+00:00", "source": {"name": "DHMT"}, "method": {"name": "Taken with GPS Device"}, "coordinates": "{\"type\": \"Point\", \"coordinates\": [37.02135, -0.17169]}", "facility": {"code": 16815}}, {"collection_date": "2015-08-19T15:03:19.935425+00:00", "source": {"name": "Health records & information office"}, "method": {"name": "Taken with GPS Device"}, "coordinates": "{\"type\": \"Point\", \"coordinates\": [38.9703, 3.44]}", "facility": {"code": 17668}}, {"collection_date": "2015-08-19T15:03:19.860338+00:00", "source": {"name": "Sublocation Centroid Exercise of MOH/ICF Macro"}, "method": {"name": "Other"}, "coordinates": "{\"type\": \"Point\", \"coordinates\": [37.2696, -1.18544]}", "facility": {"code": 12400}}, {"collection_date": "2015-08-19T15:03:19.822376+00:00", "source": {"name": "SARAM 2013"}, "method": {"name": "Taken with GPS Device"}, "coordinates": "{\"type\": \"Point\", \"coordinates\": [37.9413, 0.14231]}", "facility": {"code": 17066}}, {"collection_date": "2015-08-19T15:03:19.801055+00:00", "source": {"name": "Cold Chain Inventory (MoH/PATH/WHO) - Feb 2011"}, "method": {"name": "Taken with GPS Device"}, "coordinates": "{\"type\": \"Point\", \"coordinates\": [34.7605, -0.65878]}", "facility": {"code": 13819}}], "model": "mfl_gis.FacilityCoordinates", "unique_fields": ["facility"]}]