[{"records": [{"collection_date": "2015-08-19T15:02:21.378691+00:00", "source": {"name": "Sublocation Centroid Exercise of MOH/ICF Macro"}, "method": {"name": "Other"}, "coordinates": "{\"type\": \"Point\", \"coordinates\": [36.6553, -1.38423]}", "facility": {"code": 15600}}, {"collection_date": "2015-08-19T15:02:21.359344+00:00", "source": {"name": "Sublocation Centroid Exercise of MOH/ICF Macro"}, "method": {"name": "Other"}, "coordinates": "{\"type\": \"Point\", \"coordinates\": [35.7491, -0.298297]}", "facility": {"code": 16406}}, {"collection_date": "2015-08-19T15:02:21.303498+00:00", "source": {"name": "SARAM 2013"}, "method": {"name": "Taken with GPS Device"}, "coordinates": "{\"type\": \"Point\", \"coordinates\": [37.34024, -1.49047]}", "facility": {"code": 12370}}, {"collection_date": "2015-08-19T15:02:21.290821+00:00", "source": {"name": "KEMRI GIS MERGE"}, "method": {"name": "Taken with GPS Device"}, "coordinates": "{\"type\": \"Point\", \"coordinates\": [37.09145, -0.63969]}", "facility": {"code": 10744}}, {"collection_date": "2015-08-19T15:02:21.271044+00:00", "source": {"name": "Sublocation Centroid Exercise of MOH/ICF Macro"}, "method": {"name": "Other"}, "coordinates": "{\"type\": \"Point\", \"coordinates\": [37.9168, 2.33679]}", "facility": {"code": 16205}}, {"collection_date": "2015-08-19T15:02:21.261010+00:00", "source": {"name": "Cold Chain Inventory (MoH/PATH/WHO) - Feb 2011"}, "method": {"name": "Taken with GPS Device"}, "coordinates": "{\"type\": \"Point\", \"coordinates\": [36.4593, -1.23851]}", "facility": {"code": 15767}}, {"collection_date": "2015-08-19T15:02:21.202580+00:00", "source": {"name": "KEMRI GIS MERGE"}, "method": {"name": "Taken with GPS Device"}, "coordinates": "{\"type\": \"Point\", \"coordinates\": [39.4982, -3.90842]}", "facility": {"code": 11448}}, {"collection_date": "2015-08-19T15:02:21.181940+00:00", "source": {"name": "DHRIO"}, "method": {"name": "Taken with GPS Device"}, "coordinates": "{\"type\": \"Point\", \"coordinates\": [34.69538, -0.7049]}", "facility": {"code": 13502}}, {"collection_date": "2015-08-19T15:02:21.175621+00:00", "source": {"name": "KEMRI GIS MERGE"}, "method": {"name": "Taken with GPS Device"}, "coordinates": "{\"type\": \"Point\", \"coordinates\": [40.87104, 3.55206]}", "facility": {"code": 13294}}, {"collection_date": "2015-08-19T15:02:21.126679+00:00", "source": {"name": "DHMT"}, "method": {"name": "Taken with GPS Device"}, "coordinates": "{\"type\": \"Point\", \"coordinates\": [37.04515, -0.45493]}", "facility": {"code": 10696}}, {"collection_date": "2015-08-19T15:02:21.113374+00:00", "source": {"name": "Sublocation Centroid Exercise of MOH/ICF Macro"}, "method": {"name": "Taken with GPS Device"}, "coordinates": "{\"type\": \"Point\", \"coordinates\": [37.0983, -1.05229]}", "facility": {"code": 10740}}, {"collection_date": "2015-08-19T15:02:21.071037+00:00", "source": {"name": "KEMRI GIS MERGE"}, "method": {"name": "Taken with GPS Device"}, "coordinates": "{\"type\": \"Point\", \"coordinates\": [37.05516, -1.75695]}", "facility": {"code": 15041}}, {"collection_date": "2015-08-19T15:02:21.034532+00:00", "source": {"name": "SCHMT"}, "method": {"name": "Taken with GPS Device"}, "coordinates": "{\"type\": \"Point\", \"coordinates\": [38.09613, -1.21837]}", "facility": {"code": 12378}}, {"collection_date": "2015-08-19T15:02:21.018644+00:00", "source": {"name": "DHMT"}, "method": {"name": "Taken with GPS Device"}, "coordinates": "{\"type\": \"Point\", \"coordinates\": [39.11562, 3.50034]}", "facility": {"code": 16218}}, {"collection_date": "2015-08-19T15:02:21.015223+00:00", "source": {"name": "KEMRI GIS MERGE"}, "method": {"name": "Taken with GPS Device"}, "coordinates": "{\"type\": \"Point\", \"coordinates\": [40.91763, 2.71228]}", "facility": {"code": 13310}}, {"collection_date": "2015-08-19T15:02:21.002738+00:00", "source": {"name": "SARAM 2013"}, "method": {"name": "Taken with GPS Device"}, "coordinates": "{\"type\": \"Point\", \"coordinates\": [36.73252, -1.39533]}", "facility": {"code": 14955}}, {"collection_date": "2015-08-19T15:02:20.943746+00:00", "source": {"name": "DHMT"}, "method": {"name": "Taken with GPS Device"}, "coordinates": "{\"type\": \"Point\", \"coordinates\": [37.26481, -0.72451]}", "facility": {"code": 10975}}, {"collection_date": "2015-08-19T15:02:20.902246+00:00", "source": {"name": "Cold Chain Inventory (MoH/PATH/WHO) - Feb 2011"}, "method": {"name": "Taken with GPS Device"}, "coordinates": "{\"type\": \"Point\", \"coordinates\": [38.16055, 0.43648]}", "facility": {"code": 11945}}, {"collection_date": "2015-08-19T15:02:20.897354+00:00", "source": {"name": "HMIS"}, "method": {"name": "Taken with GPS Device"}, "coordinates": "{\"type\": \"Point\", \"coordinates\": [35.09212, 0.23963]}", "facility": {"code": 14324}}, {"collection_date": "2015-08-19T15:02:20.883417+00:00", "source": {"name": "DHMT"}, "method": {"name": "Taken with GPS Device"}, "coordinates": "{\"type\": \"Point\", \"coordinates\": [38.75968, 3.03433]}", "facility": {"code": 11927}}, {"collection_date": "2015-08-19T15:02:20.873078+00:00", "source": {"name": "DHMT"}, "method": {"name": "Taken with GPS Device"}, "coordinates": "{\"type\": \"Point\", \"coordinates\": [36.56689, -0.32964]}", "facility": {"code": 11029}}, {"collection_date": "2015-08-19T15:02:20.780011+00:00", "source": {"name": "KEMRI GIS MERGE"}, "method": {"name": "Taken with GPS Device"}, "coordinates": "{\"type\": \"Point\", \"coordinates\": [34.676922, 0.779342]}", "facility": {"code": 15942}}, {"collection_date": "2015-08-19T15:02:20.706734+00:00", "source": {"name": "KEMRI GIS MERGE"}, "method": {"name": "Taken with GPS Device"}, "coordinates": "{\"type\": \"Point\", \"coordinates\": [41.23921, 3.93688]}", "facility": {"code": 13348}}, {"collection_date": "2015-08-19T15:02:20.706624+00:00", "source": {"name": "DHMT - KWALE"}, "method": {"name": "Taken with GPS Device"}, "coordinates": "{\"type\": \"Point\", \"coordinates\": [39.248137, -4.366375]}", "facility": {"code": 11630}}, {"collection_date": "2015-08-19T15:02:20.690940+00:00", "source": {"name": "Cold Chain Inventory (MoH/PATH/WHO) - Feb 2011"}, "method": {"name": "Taken with GPS Device"}, "coordinates": "{\"type\": \"Point\", \"coordinates\": [37.93771, -1.45616]}", "facility": {"code": 12139}}, {"collection_date": "2015-08-19T15:02:20.643884+00:00", "source": {"name": "Cold Chain Inventory (MoH/PATH/WHO) - Feb 2011"}, "method": {"name": "Taken with GPS Device"}, "coordinates": "{\"type\": \"Point\", \"coordinates\": [35.0168, -0.75647]}", "facility": {"code": 13510}}, {"collection_date": "2015-08-19T15:02:20.624609+00:00", "source": {"name": "KEMRI GIS MERGE"}, "method": {"name": "Taken with GPS Device"}, "coordinates": "{\"type\": \"Point\", \"coordinates\": [39.71066, -4.04052]}", "facility": {"code": 11722}}, {"collection_date": "2015-08-19T15:02:20.501043+00:00", "source": {"name": "DHMT"}, "method": {"name": "Taken with GPS Device"}, "coordinates": "{\"type\": \"Point\", \"coordinates\": [39.95165, 2.54054]}", "facility": {"code": 13436}}, {"collection_date": "2015-08-19T15:02:20.501008+00:00", "source": {"name": "KEMRI GIS MERGE"}, "method": {"name": "Taken with GPS Device"}, "coordinates": "{\"type\": \"Point\", \"coordinates\": [35.09494, 2.09544]}", "facility": {"code": 14820}}, {"collection_date": "2015-08-19T15:02:20.491596+00:00", "source": {"name": "DHMT"}, "method": {"name": "Taken with GPS Device"}, "coordinates": "{\"type\": \"Point\", \"coordinates\": [37.1965, -0.498]}", "facility": {"code": 10566}}, {"collection_date": "2015-08-19T15:02:20.323832+00:00", "source": {"name": "Sublocation Centroid Exercise of MOH/ICF Macro"}, "method": {"name": "Other"}, "coordinates": "{\"type\": \"Point\", \"coordinates\": [34.9482, -0.763271]}", "facility": {"code": 13602}}, {"collection_date": "2015-08-19T15:02:20.312549+00:00", "source": {"name": "MANDERA WEST DHMT"}, "method": {"name": "Taken with GPS Device"}, "coordinates": "{\"type\": \"Point\", \"coordinates\": [40.10249, 3.54194]}", "facility": {"code": 16314}}, {"collection_date": "2015-08-19T15:02:20.155897+00:00", "source": {"name": "KEMRI GIS MERGE"}, "method": {"name": "Taken with GPS Device"}, "coordinates": "{\"type\": \"Point\", \"coordinates\": [41.06617, 4.01832]}", "facility": {"code": 13424}}, {"collection_date": "2015-08-19T15:02:20.144563+00:00", "source": {"name": "KEMRI GIS MERGE"}, "method": {"name": "Taken with GPS Device"}, "coordinates": "{\"type\": \"Point\", \"coordinates\": [39.2142, -4.48469]}", "facility": {"code": 11884}}, {"collection_date": "2015-08-19T15:02:20.129139+00:00", "source": {"name": "KEMRI GIS MERGE"}, "method": {"name": "Calc from proximity to school, village,markets"}, "coordinates": "{\"type\": \"Point\", \"coordinates\": [36.93, -0.7]}", "facility": {"code": 10208}}, {"collection_date": "2015-08-19T15:02:20.002032+00:00", "source": {"name": "DHMT"}, "method": {"name": "Taken with GPS Device"}, "coordinates": "{\"type\": \"Point\", \"coordinates\": [37.3995, -0.691765]}", "facility": {"code": 10879}}, {"collection_date": "2015-08-19T15:02:19.980195+00:00", "source": {"name": "Cold Chain Inventory (MoH/PATH/WHO) - Feb 2011"}, "method": {"name": "Taken with GPS Device"}, "coordinates": "{\"type\": \"Point\", \"coordinates\": [37.10904, -1.04532]}", "facility": {"code": 10227}}, {"collection_date": "2015-08-19T15:02:19.798988+00:00", "source": {"name": "KEMRI GIS MERGE"}, "method": {"name": "Taken with GPS Device"}, "coordinates": "{\"type\": \"Point\", \"coordinates\": [40.87078, 3.17698]}", "facility": {"code": 13455}}, {"collection_date": "2015-08-19T15:02:19.794797+00:00", "source": {"name": "DHMT"}, "method": {"name": "Taken with GPS Device"}, "coordinates": "{\"type\": \"Point\", \"coordinates\": [40.28349, 0.28349]}", "facility": {"code": 13429}}, {"collection_date": "2015-08-19T15:02:19.778597+00:00", "source": {"name": "Cold Chain Inventory (MoH/PATH/WHO) - Feb 2011"}, "method": {"name": "Taken with GPS Device"}, "coordinates": "{\"type\": \"Point\", \"coordinates\": [40.07671, -3.28859]}", "facility": {"code": 11293}}, {"collection_date": "2015-08-19T15:02:19.762747+00:00", "source": {"name": "Cold Chain Inventory (MoH/PATH/WHO) - Feb 2011"}, "method": {"name": "Taken with GPS Device"}, "coordinates": "{\"type\": \"Point\", \"coordinates\": [34.73448, -0.46587]}", "facility": {"code": 13888}}, {"collection_date": "2015-08-19T15:02:19.611260+00:00", "source": {"name": "DHMT"}, "method": {"name": "Taken with GPS Device"}, "coordinates": "{\"type\": \"Point\", \"coordinates\": [37.15393, -0.54987]}", "facility": {"code": 16387}}, {"collection_date": "2015-08-19T15:02:19.431197+00:00", "source": {"name": "DHRIO"}, "method": {"name": "Taken with GPS Device"}, "coordinates": "{\"type\": \"Point\", \"coordinates\": [36.4538, -1.23319]}", "facility": {"code": 16724}}, {"collection_date": "2015-08-19T15:02:19.422161+00:00", "source": {"name": "KEMRI GIS MERGE"}, "method": {"name": "Taken with GPS Device"}, "coordinates": "{\"type\": \"Point\", \"coordinates\": [35.89907, -0.39445]}", "facility": {"code": 15331}}, {"collection_date": "2015-08-19T15:02:19.411828+00:00", "source": {"name": "KEMRI GIS MERGE"}, "method": {"name": "Taken with GPS Device"}, "coordinates": "{\"type\": \"Point\", \"coordinates\": [41.16512, 3.93512]}", "facility": {"code": 13456}}, {"collection_date": "2015-08-19T15:02:19.405706+00:00", "source": {"name": "Cold Chain Inventory (MoH/PATH/WHO) - Feb 2011"}, "method": {"name": "Taken with GPS Device"}, "coordinates": "{\"type\": \"Point\", \"coordinates\": [37.50456, -0.6178]}", "facility": {"code": 12722}}, {"collection_date": "2015-08-19T15:02:19.403787+00:00", "source": {"name": "KEMRI GIS MERGE"}, "method": {"name": "Calc from proximity to school, village,markets"}, "coordinates": "{\"type\": \"Point\", \"coordinates\": [36.9522, -0.61908]}", "facility": {"code": 10472}}, {"collection_date": "2015-08-19T15:02:19.223799+00:00", "source": {"name": "Cold Chain Inventory (MoH/PATH/WHO) - Feb 2011"}, "method": {"name": "Taken with GPS Device"}, "coordinates": "{\"type\": \"Point\", \"coordinates\": [34.86165, -0.83844]}", "facility": {"code": 13671}}, {"collection_date": "2015-08-19T15:02:19.064630+00:00", "source": {"name": "Sublocation Centroid Exercise of MOH/ICF Macro"}, "method": {"name": "Taken with GPS Device"}, "coordinates": "{\"type\": \"Point\", \"coordinates\": [34.59881, -0.75951]}", "facility": {"code": 14061}}, {"collection_date": "2015-08-19T15:02:19.057117+00:00", "source": {"name": "SARAM 2013"}, "method": {"name": "Taken with GPS Device"}, "coordinates": "{\"type\": \"Point\", \"coordinates\": [35.5038, -0.38108]}", "facility": {"code": 16404}}, {"collection_date": "2015-08-19T15:02:19.055055+00:00", "source": {"name": "Cold Chain Inventory (MoH/PATH/WHO) - Feb 2011"}, "method": {"name": "Taken with GPS Device"}, "coordinates": "{\"type\": \"Point\", \"coordinates\": [34.2798, -0.88761]}", "facility": {"code": 13844}}, {"collection_date": "2015-08-19T15:02:19.044781+00:00", "source": {"name": "Sublocation Centroid Exercise of MOH/ICF Macro"}, "method": {"name": "Taken with GPS Device"}, "coordinates": "{\"type\": \"Point\", \"coordinates\": [40.86498, 3.24635]}", "facility": {"code": 16443}}, {"collection_date": "2015-08-19T15:02:18.867154+00:00", "source": {"name": "DHMT"}, "method": {"name": "Taken with GPS Device"}, "coordinates": "{\"type\": \"Point\", \"coordinates\": [36.37804, -0.13497]}", "facility": {"code": 10509}}, {"collection_date": "2015-08-19T15:02:18.867120+00:00", "source": {"name": "SCHMT"}, "method": {"name": "Taken with GPS Device"}, "coordinates": "{\"type\": \"Point\", \"coordinates\": [37.9875, -1.33397]}", "facility": {"code": 12781}}, {"collection_date": "2015-08-19T15:02:18.857016+00:00", "source": {"name": "Cold Chain Inventory (MoH/PATH/WHO) - Feb 2011"}, "method": {"name": "Taken with GPS Device"}, "coordinates": "{\"type\": \"Point\", \"coordinates\": [34.6252, -1.31831]}", "facility": {"code": 16665}}, {"collection_date": "2015-08-19T15:02:18.847615+00:00", "source": {"name": "KEMRI GIS MERGE"}, "method": {"name": "Taken with GPS Device"}, "coordinates": "{\"type\": \"Point\", \"coordinates\": [36.7445, -1.39545]}", "facility": {"code": 14494}}, {"collection_date": "2015-08-19T15:02:18.712506+00:00", "source": {"name": "Sublocation Centroid Exercise of MOH/ICF Macro"}, "method": {"name": "Taken with GPS Device"}, "coordinates": "{\"type\": \"Point\", \"coordinates\": [40.86729, 3.89405]}", "facility": {"code": 13414}}, {"collection_date": "2015-08-19T15:02:18.654726+00:00", "source": {"name": "GPS"}, "method": {"name": "Taken with GPS Device"}, "coordinates": "{\"type\": \"Point\", \"coordinates\": [36.99678, -0.45926]}", "facility": {"code": 10222}}, {"collection_date": "2015-08-19T15:02:18.643569+00:00", "source": {"name": "KEPI Inventory exercise"}, "method": {"name": "Taken with GPS Device"}, "coordinates": "{\"type\": \"Point\", \"coordinates\": [37.50103, -1.70775]}", "facility": {"code": 12644}}, {"collection_date": "2015-08-19T15:02:18.622943+00:00", "source": {"name": "DHMT"}, "method": {"name": "Taken with GPS Device"}, "coordinates": "{\"type\": \"Point\", \"coordinates\": [39.2822, -3.62041]}", "facility": {"code": 11794}}, {"collection_date": "2015-08-19T15:02:18.513420+00:00", "source": {"name": "Sublocation Centroid Exercise of MOH/ICF Macro"}, "method": {"name": "Taken with GPS Device"}, "coordinates": "{\"type\": \"Point\", \"coordinates\": [40.84805, 2.6053]}", "facility": {"code": 16444}}, {"collection_date": "2015-08-19T15:02:18.504539+00:00", "source": {"name": "GPS"}, "method": {"name": "Taken with GPS Device"}, "coordinates": "{\"type\": \"Point\", \"coordinates\": [36.65085, -0.72758]}", "facility": {"code": 10877}}, {"collection_date": "2015-08-19T15:02:18.452526+00:00", "source": {"name": "KEMRI GIS MERGE"}, "method": {"name": "Taken with GPS Device"}, "coordinates": "{\"type\": \"Point\", \"coordinates\": [39.4527, -4.34027]}", "facility": {"code": 11693}}, {"collection_date": "2015-08-19T15:02:18.434385+00:00", "source": {"name": "Cold Chain Inventory (MoH/PATH/WHO) - Feb 2011"}, "method": {"name": "Taken with GPS Device"}, "coordinates": "{\"type\": \"Point\", \"coordinates\": [37.24014, -1.21988]}", "facility": {"code": 16436}}, {"collection_date": "2015-08-19T15:02:18.291313+00:00", "source": {"name": "KEMRI GIS MERGE"}, "method": {"name": "Taken with GPS Device"}, "coordinates": "{\"type\": \"Point\", \"coordinates\": [37.0818, 2.59415]}", "facility": {"code": 12699}}, {"collection_date": "2015-08-19T15:02:18.279587+00:00", "source": {"name": "DHMT"}, "method": {"name": "Taken with GPS Device"}, "coordinates": "{\"type\": \"Point\", \"coordinates\": [37.40027, -0.69435]}", "facility": {"code": 10285}}, {"collection_date": "2015-08-19T15:02:18.265334+00:00", "source": {"name": "Sublocation Centroid Exercise of MOH/ICF Macro"}, "method": {"name": "Other"}, "coordinates": "{\"type\": \"Point\", \"coordinates\": [36.66343, -1.2486]}", "facility": {"code": 10604}}, {"collection_date": "2015-08-19T15:02:18.231213+00:00", "source": {"name": "DHMT TSEIKURU"}, "method": {"name": "Taken with GPS Device"}, "coordinates": "{\"type\": \"Point\", \"coordinates\": [38.36584, -0.40025]}", "facility": {"code": 12479}}, {"collection_date": "2015-08-19T15:02:18.192624+00:00", "source": {"name": "KEMRI GIS MERGE"}, "method": {"name": "Taken with GPS Device"}, "coordinates": "{\"type\": \"Point\", \"coordinates\": [34.740259, -0.754818]}", "facility": {"code": 13627}}, {"collection_date": "2015-08-19T15:02:18.048096+00:00", "source": {"name": "Sublocation Centroid Exercise of MOH/ICF Macro"}, "method": {"name": "Other"}, "coordinates": "{\"type\": \"Point\", \"coordinates\": [37.1306, -0.731465]}", "facility": {"code": 10690}}, {"collection_date": "2015-08-19T15:02:18.045745+00:00", "source": {"name": "Cold Chain Inventory (MoH/PATH/WHO) - Feb 2011"}, "method": {"name": "Taken with GPS Device"}, "coordinates": "{\"type\": \"Point\", \"coordinates\": [34.48563, -0.53761]}", "facility": {"code": 16766}}, {"collection_date": "2015-08-19T15:02:18.030856+00:00", "source": {"name": "Cold Chain Inventory (MoH/PATH/WHO) - Feb 2011"}, "method": {"name": "Taken with GPS Device"}, "coordinates": "{\"type\": \"Point\", \"coordinates\": [39.16936, 0.72496]}", "facility": {"code": 16476}}, {"collection_date": "2015-08-19T15:02:17.998764+00:00", "source": {"name": "KEMRI GIS MERGE"}, "method": {"name": "Taken with GPS Device"}, "coordinates": "{\"type\": \"Point\", \"coordinates\": [39.3968, -4.66227]}", "facility": {"code": 11633}}, {"collection_date": "2015-08-19T15:02:17.954692+00:00", "source": {"name": "DHMT"}, "method": {"name": "Taken with GPS Device"}, "coordinates": "{\"type\": \"Point\", \"coordinates\": [34.51242, -0.16328]}", "facility": {"code": 13503}}, {"collection_date": "2015-08-19T15:02:17.943739+00:00", "source": {"name": "MOPHS"}, "method": {"name": "Taken with GPS Device"}, "coordinates": "{\"type\": \"Point\", \"coordinates\": [37.64115, 0.04877]}", "facility": {"code": 12527}}, {"collection_date": "2015-08-19T15:02:17.777468+00:00", "source": {"name": "Cold Chain Inventory (MoH/PATH/WHO) - Feb 2011"}, "method": {"name": "Taken with GPS Device"}, "coordinates": "{\"type\": \"Point\", \"coordinates\": [34.71111, -0.35833]}", "facility": {"code": 13733}}, {"collection_date": "2015-08-19T15:02:17.776035+00:00", "source": {"name": "KEMRI GIS MERGE"}, "method": {"name": "Taken with GPS Device"}, "coordinates": "{\"type\": \"Point\", \"coordinates\": [36.95155, -0.59941]}", "facility": {"code": 10625}}, {"collection_date": "2015-08-19T15:02:17.769305+00:00", "source": {"name": "KEMRI GIS MERGE"}, "method": {"name": "Taken with GPS Device"}, "coordinates": "{\"type\": \"Point\", \"coordinates\": [34.75309, 0.27284]}", "facility": {"code": 15892}}, {"collection_date": "2015-08-19T15:02:17.709847+00:00", "source": {"name": "Cold Chain Inventory (MoH/PATH/WHO) - Feb 2011"}, "method": {"name": "Taken with GPS Device"}, "coordinates": "{\"type\": \"Point\", \"coordinates\": [34.75308, -0.12177]}", "facility": {"code": 14129}}, {"collection_date": "2015-08-19T15:02:17.699475+00:00", "source": {"name": "KEMRI GIS MERGE"}, "method": {"name": "Taken with GPS Device"}, "coordinates": "{\"type\": \"Point\", \"coordinates\": [37.54069, -0.48499]}", "facility": {"code": 12718}}, {"collection_date": "2015-08-19T15:02:17.553739+00:00", "source": {"name": "Cold Chain Inventory (MoH/PATH/WHO) - Feb 2011"}, "method": {"name": "Taken with GPS Device"}, "coordinates": "{\"type\": \"Point\", \"coordinates\": [37.15155, -0.40193]}", "facility": {"code": 10210}}, {"collection_date": "2015-08-19T15:02:17.544869+00:00", "source": {"name": "KEMRI GIS MERGE"}, "method": {"name": "Taken with GPS Device"}, "coordinates": "{\"type\": \"Point\", \"coordinates\": [39.3663, -4.22579]}", "facility": {"code": 11684}}, {"collection_date": "2015-08-19T15:02:17.532451+00:00", "source": {"name": "Cold Chain Inventory (MoH/PATH/WHO) - Feb 2011"}, "method": {"name": "Taken with GPS Device"}, "coordinates": "{\"type\": \"Point\", \"coordinates\": [37.46725, -0.55005]}", "facility": {"code": 12045}}, {"collection_date": "2015-08-19T15:02:17.509185+00:00", "source": {"name": "Cold Chain Inventory (MoH/PATH/WHO) - Feb 2011"}, "method": {"name": "Taken with GPS Device"}, "coordinates": "{\"type\": \"Point\", \"coordinates\": [37.93394, 0.23675]}", "facility": {"code": 12491}}, {"collection_date": "2015-08-19T15:02:17.433634+00:00", "source": {"name": "KEMRI GIS MERGE"}, "method": {"name": "Taken with GPS Device"}, "coordinates": "{\"type\": \"Point\", \"coordinates\": [39.45842, 3.33436]}", "facility": {"code": 13266}}, {"collection_date": "2015-08-19T15:02:17.422078+00:00", "source": {"name": "DHMT"}, "method": {"name": "Taken with GPS Device"}, "coordinates": "{\"type\": \"Point\", \"coordinates\": [39.3469, -4.41492]}", "facility": {"code": 11368}}, {"collection_date": "2015-08-19T15:02:17.421505+00:00", "source": {"name": "GPS"}, "method": {"name": "Taken with GPS Device"}, "coordinates": "{\"type\": \"Point\", \"coordinates\": [34.76319, 0.91243]}", "facility": {"code": 15909}}, {"collection_date": "2015-08-19T15:02:17.297127+00:00", "source": {"name": "KEMRI GIS MERGE"}, "method": {"name": "Calc from proximity to school, village,markets"}, "coordinates": "{\"type\": \"Point\", \"coordinates\": [37.0672, -0.76781]}", "facility": {"code": 10624}}, {"collection_date": "2015-08-19T15:02:17.280261+00:00", "source": {"name": "GPS"}, "method": {"name": "Taken with GPS Device"}, "coordinates": "{\"type\": \"Point\", \"coordinates\": [34.77025, -0.0878]}", "facility": {"code": 13776}}, {"collection_date": "2015-08-19T15:02:17.032428+00:00", "source": {"name": "DHMT"}, "method": {"name": "Taken with GPS Device"}, "coordinates": "{\"type\": \"Point\", \"coordinates\": [39.8504, 2.83471]}", "facility": {"code": 13304}}, {"collection_date": "2015-08-19T15:02:16.976071+00:00", "source": {"name": "KEMRI GIS MERGE"}, "method": {"name": "Taken with GPS Device"}, "coordinates": "{\"type\": \"Point\", \"coordinates\": [37.72872, 0.12382]}", "facility": {"code": 12391}}, {"collection_date": "2015-08-19T15:02:16.976033+00:00", "source": {"name": "DHMT"}, "method": {"name": "Taken with GPS Device"}, "coordinates": "{\"type\": \"Point\", \"coordinates\": [37.79707, -1.92718]}", "facility": {"code": 12191}}, {"collection_date": "2015-08-19T15:02:16.942312+00:00", "source": {"name": "DHMT"}, "method": {"name": "Taken with GPS Device"}, "coordinates": "{\"type\": \"Point\", \"coordinates\": [37.29463, -0.6658]}", "facility": {"code": 10461}}, {"collection_date": "2015-08-19T15:02:16.720686+00:00", "source": {"name": "KEMRI GIS MERGE"}, "method": {"name": "Calc from proximity to school, village,markets"}, "coordinates": "{\"type\": \"Point\", \"coordinates\": [39.47, 3.22]}", "facility": {"code": 13416}}, {"collection_date": "2015-08-19T15:02:16.720687+00:00", "source": {"name": "DHRIO"}, "method": {"name": "Taken with GPS Device"}, "coordinates": "{\"type\": \"Point\", \"coordinates\": [36.65633, -1.36383]}", "facility": {"code": 15787}}, {"collection_date": "2015-08-19T15:02:16.426042+00:00", "source": {"name": "Cold Chain Inventory (MoH/PATH/WHO) - Feb 2011"}, "method": {"name": "Taken with GPS Device"}, "coordinates": "{\"type\": \"Point\", \"coordinates\": [37.58755, -0.43858]}", "facility": {"code": 12038}}, {"collection_date": "2015-08-19T15:02:16.403954+00:00", "source": {"name": "KEMRI GIS MERGE"}, "method": {"name": "Taken with GPS Device"}, "coordinates": "{\"type\": \"Point\", \"coordinates\": [34.7763, -0.81407]}", "facility": {"code": 13697}}, {"collection_date": "2015-08-19T15:02:16.387241+00:00", "source": {"name": "SARAM 2013"}, "method": {"name": "Taken with GPS Device"}, "coordinates": "{\"type\": \"Point\", \"coordinates\": [39.60323, -4.03872]}", "facility": {"code": 11723}}, {"collection_date": "2015-08-19T15:02:16.378087+00:00", "source": {"name": "KEMRI GIS MERGE"}, "method": {"name": "Taken with GPS Device"}, "coordinates": "{\"type\": \"Point\", \"coordinates\": [39.41566, 2.69245]}", "facility": {"code": 13371}}], "model": "mfl_gis.FacilityCoordinates", "unique_fields": ["facility"]}]