[{"records": [{"collection_date": "2015-08-19T15:02:16.156345+00:00", "source": {"name": "Cold Chain Inventory (MoH/PATH/WHO) - Feb 2011"}, "method": {"name": "Taken with GPS Device"}, "coordinates": "{\"type\": \"Point\", \"coordinates\": [40.46075, -1.11707]}", "facility": {"code": 13342}}, {"collection_date": "2015-08-19T15:02:16.154033+00:00", "source": {"name": "KEMRI GIS MERGE"}, "method": {"name": "Taken with GPS Device"}, "coordinates": "{\"type\": \"Point\", \"coordinates\": [34.06874, -0.10144]}", "facility": {"code": 13948}}, {"collection_date": "2015-08-19T15:02:16.151745+00:00", "source": {"name": "Sublocation Centroid Exercise of MOH/ICF Macro"}, "method": {"name": "Other"}, "coordinates": "{\"type\": \"Point\", \"coordinates\": [36.9985, -0.745661]}", "facility": {"code": 10745}}, {"collection_date": "2015-08-19T15:02:16.111199+00:00", "source": {"name": "Cold Chain Inventory (MoH/PATH/WHO) - Feb 2011"}, "method": {"name": "Taken with GPS Device"}, "coordinates": "{\"type\": \"Point\", \"coordinates\": [38.51287, 3.45259]}", "facility": {"code": 12840}}, {"collection_date": "2015-08-19T15:02:16.104633+00:00", "source": {"name": "Cold Chain Inventory (MoH/PATH/WHO) - Feb 2011"}, "method": {"name": "Taken with GPS Device"}, "coordinates": "{\"type\": \"Point\", \"coordinates\": [37.12997, -0.45282]}", "facility": {"code": 10488}}, {"collection_date": "2015-08-19T15:02:15.894415+00:00", "source": {"name": "DHMT"}, "method": {"name": "Taken with GPS Device"}, "coordinates": "{\"type\": \"Point\", \"coordinates\": [39.54034, -3.7863]}", "facility": {"code": 11404}}, {"collection_date": "2015-08-19T15:02:15.874886+00:00", "source": {"name": "KEMRI GIS MERGE"}, "method": {"name": "Calc from proximity to school, village,markets"}, "coordinates": "{\"type\": \"Point\", \"coordinates\": [36.8387, -0.70447]}", "facility": {"code": 10335}}, {"collection_date": "2015-08-19T15:02:15.864375+00:00", "source": {"name": "KEMRI GIS MERGE"}, "method": {"name": "Calc from proximity to school, village,markets"}, "coordinates": "{\"type\": \"Point\", \"coordinates\": [37.15611, -0.71746]}", "facility": {"code": 11024}}, {"collection_date": "2015-08-19T15:02:15.810705+00:00", "source": {"name": "SARAM 2013"}, "method": {"name": "Taken with GPS Device"}, "coordinates": "{\"type\": \"Point\", \"coordinates\": [34.79694, 0.82135]}", "facility": {"code": 15990}}, {"collection_date": "2015-08-19T15:02:15.808096+00:00", "source": {"name": "Cold Chain Inventory (MoH/PATH/WHO) - Feb 2011"}, "method": {"name": "Taken with GPS Device"}, "coordinates": "{\"type\": \"Point\", \"coordinates\": [34.46621, -1.07079]}", "facility": {"code": 14134}}, {"collection_date": "2015-08-19T15:02:15.777905+00:00", "source": {"name": "KEMRI GIS MERGE"}, "method": {"name": "Taken with GPS Device"}, "coordinates": "{\"type\": \"Point\", \"coordinates\": [36.46369, -1.21692]}", "facility": {"code": 15283}}, {"collection_date": "2015-08-19T15:02:15.738418+00:00", "source": {"name": "KEMRI GIS MERGE"}, "method": {"name": "Taken with GPS Device"}, "coordinates": "{\"type\": \"Point\", \"coordinates\": [36.94304, -0.67264]}", "facility": {"code": 10528}}, {"collection_date": "2015-08-19T15:02:15.721000+00:00", "source": {"name": "KEMRI GIS MERGE"}, "method": {"name": "Calc from proximity to school, village,markets"}, "coordinates": "{\"type\": \"Point\", \"coordinates\": [37.0632, -0.72894]}", "facility": {"code": 10216}}, {"collection_date": "2015-08-19T15:02:15.639110+00:00", "source": {"name": "DHMT"}, "method": {"name": "Taken with GPS Device"}, "coordinates": "{\"type\": \"Point\", \"coordinates\": [39.74955, -3.93024]}", "facility": {"code": 11912}}, {"collection_date": "2015-08-19T15:02:15.636938+00:00", "source": {"name": "DHMT"}, "method": {"name": "Taken with GPS Device"}, "coordinates": "{\"type\": \"Point\", \"coordinates\": [37.60425, -1.85564]}", "facility": {"code": 12571}}, {"collection_date": "2015-08-19T15:02:15.631658+00:00", "source": {"name": "Cold Chain Inventory (MoH/PATH/WHO) - Feb 2011"}, "method": {"name": "Taken with GPS Device"}, "coordinates": "{\"type\": \"Point\", \"coordinates\": [38.9846, 1.11633]}", "facility": {"code": 16477}}, {"collection_date": "2015-08-19T15:02:15.627119+00:00", "source": {"name": "GPS MACHINE"}, "method": {"name": "Taken with GPS Device"}, "coordinates": "{\"type\": \"Point\", \"coordinates\": [37.96024, -1.43776]}", "facility": {"code": 12405}}, {"collection_date": "2015-08-19T15:02:15.564552+00:00", "source": {"name": "Cold Chain Inventory (MoH/PATH/WHO) - Feb 2011"}, "method": {"name": "Taken with GPS Device"}, "coordinates": "{\"type\": \"Point\", \"coordinates\": [36.49714, -0.06828]}", "facility": {"code": 10834}}, {"collection_date": "2015-08-19T15:02:15.442267+00:00", "source": {"name": "DMOH-CCI Activity"}, "method": {"name": "Taken with GPS Device"}, "coordinates": "{\"type\": \"Point\", \"coordinates\": [37.85828, -0.9123]}", "facility": {"code": 12421}}, {"collection_date": "2015-08-19T15:02:15.436461+00:00", "source": {"name": "KEMRI GIS MERGE"}, "method": {"name": "Taken with GPS Device"}, "coordinates": "{\"type\": \"Point\", \"coordinates\": [37.67238, -0.35005]}", "facility": {"code": 12162}}, {"collection_date": "2015-08-19T15:02:15.429829+00:00", "source": {"name": "DHRIO Nyando"}, "method": {"name": "Taken with GPS Device"}, "coordinates": "{\"type\": \"Point\", \"coordinates\": [34.8405, -0.3624]}", "facility": {"code": 13477}}, {"collection_date": "2015-08-19T15:02:15.429124+00:00", "source": {"name": "Sublocation Centroid Exercise of MOH/ICF Macro"}, "method": {"name": "Other"}, "coordinates": "{\"type\": \"Point\", \"coordinates\": [36.66474, -1.25124]}", "facility": {"code": 11071}}, {"collection_date": "2015-08-19T15:02:15.415777+00:00", "source": {"name": "KEMRI GIS MERGE"}, "method": {"name": "Calc from proximity to school, village,markets"}, "coordinates": "{\"type\": \"Point\", \"coordinates\": [37.06607, -0.67109]}", "facility": {"code": 10888}}, {"collection_date": "2015-08-19T15:02:15.153340+00:00", "source": {"name": "Cold Chain Inventory (MoH/PATH/WHO) - Feb 2011"}, "method": {"name": "Taken with GPS Device"}, "coordinates": "{\"type\": \"Point\", \"coordinates\": [37.45801, -0.52903]}", "facility": {"code": 12427}}, {"collection_date": "2015-08-19T15:02:15.152564+00:00", "source": {"name": "KEMRI GIS MERGE"}, "method": {"name": "Taken with GPS Device"}, "coordinates": "{\"type\": \"Point\", \"coordinates\": [37.18638, -1.04491]}", "facility": {"code": 10202}}, {"collection_date": "2015-08-19T15:02:15.143554+00:00", "source": {"name": "KEMRI GIS MERGE"}, "method": {"name": "Taken with GPS Device"}, "coordinates": "{\"type\": \"Point\", \"coordinates\": [40.6522, 2.44535]}", "facility": {"code": 13388}}, {"collection_date": "2015-08-19T15:02:15.143201+00:00", "source": {"name": "KEMRI GIS MERGE"}, "method": {"name": "Taken with GPS Device"}, "coordinates": "{\"type\": \"Point\", \"coordinates\": [34.86755, 0.2358]}", "facility": {"code": 15914}}, {"collection_date": "2015-08-19T15:02:15.128499+00:00", "source": {"name": "GPS"}, "method": {"name": "Taken with GPS Device"}, "coordinates": "{\"type\": \"Point\", \"coordinates\": [40.81085, -0.13131]}", "facility": {"code": 13320}}, {"collection_date": "2015-08-19T15:02:14.818340+00:00", "source": {"name": "MOPHS (DHRIO)"}, "method": {"name": "Taken with GPS Device"}, "coordinates": "{\"type\": \"Point\", \"coordinates\": [34.6315, -0.88662]}", "facility": {"code": 13825}}, {"collection_date": "2015-08-19T15:02:14.810570+00:00", "source": {"name": "DHMT"}, "method": {"name": "Taken with GPS Device"}, "coordinates": "{\"type\": \"Point\", \"coordinates\": [38.89443, 0.18284]}", "facility": {"code": 16288}}, {"collection_date": "2015-08-19T15:02:14.808514+00:00", "source": {"name": "DHMT"}, "method": {"name": "Taken with GPS Device"}, "coordinates": "{\"type\": \"Point\", \"coordinates\": [39.639, -0.46111]}", "facility": {"code": 13420}}, {"collection_date": "2015-08-19T15:02:14.808043+00:00", "source": {"name": "ETREX GPS"}, "method": {"name": "Taken with GPS Device"}, "coordinates": "{\"type\": \"Point\", \"coordinates\": [36.64083, -1.109]}", "facility": {"code": 10662}}, {"collection_date": "2015-08-19T15:02:14.803125+00:00", "source": {"name": "GPS"}, "method": {"name": "Taken with GPS Device"}, "coordinates": "{\"type\": \"Point\", \"coordinates\": [41.10109, -2.079]}", "facility": {"code": 11594}}, {"collection_date": "2015-08-19T15:02:14.502481+00:00", "source": {"name": "KEMRI GIS MERGE"}, "method": {"name": "Taken with GPS Device"}, "coordinates": "{\"type\": \"Point\", \"coordinates\": [38.20231, 3.19378]}", "facility": {"code": 12019}}, {"collection_date": "2015-08-19T15:02:14.486149+00:00", "source": {"name": "Cold Chain Inventory (MoH/PATH/WHO) - Feb 2011"}, "method": {"name": "Taken with GPS Device"}, "coordinates": "{\"type\": \"Point\", \"coordinates\": [36.54532, 0.85988]}", "facility": {"code": 15076}}, {"collection_date": "2015-08-19T15:02:14.485027+00:00", "source": {"name": "Cold Chain Inventory (MoH/PATH/WHO) - Feb 2011"}, "method": {"name": "Taken with GPS Device"}, "coordinates": "{\"type\": \"Point\", \"coordinates\": [34.89139, -0.4482]}", "facility": {"code": 13973}}, {"collection_date": "2015-08-19T15:02:14.472827+00:00", "source": {"name": "HMIS OFFICE"}, "method": {"name": "Taken with GPS Device"}, "coordinates": "{\"type\": \"Point\", \"coordinates\": [40.20191, -2.41199]}", "facility": {"code": 11637}}, {"collection_date": "2015-08-19T15:02:14.472290+00:00", "source": {"name": "SARAM 2013"}, "method": {"name": "Taken with GPS Device"}, "coordinates": "{\"type\": \"Point\", \"coordinates\": [37.2919, -1.42791]}", "facility": {"code": 12600}}, {"collection_date": "2015-08-19T15:02:14.182013+00:00", "source": {"name": "Cold Chain Inventory (MoH/PATH/WHO) - Feb 2011"}, "method": {"name": "Taken with GPS Device"}, "coordinates": "{\"type\": \"Point\", \"coordinates\": [37.72175, -0.62169]}", "facility": {"code": 12226}}, {"collection_date": "2015-08-19T15:02:14.170731+00:00", "source": {"name": "KEMRI GIS MERGE"}, "method": {"name": "Calc from proximity to school, village,markets"}, "coordinates": "{\"type\": \"Point\", \"coordinates\": [35.0529, 0.79072]}", "facility": {"code": 15992}}, {"collection_date": "2015-08-19T15:02:14.169397+00:00", "source": {"name": "Sublocation Centroid Exercise of MOH/ICF Macro"}, "method": {"name": "Other"}, "coordinates": "{\"type\": \"Point\", \"coordinates\": [39.7496, 3.55148]}", "facility": {"code": 13372}}, {"collection_date": "2015-08-19T15:02:14.149288+00:00", "source": {"name": "SARAM 2013"}, "method": {"name": "Taken with GPS Device"}, "coordinates": "{\"type\": \"Point\", \"coordinates\": [36.96911, -0.43437]}", "facility": {"code": 11156}}, {"collection_date": "2015-08-19T15:02:14.149203+00:00", "source": {"name": "KEMRI GIS MERGE"}, "method": {"name": "Calc from proximity to school, village,markets"}, "coordinates": "{\"type\": \"Point\", \"coordinates\": [36.66036, -1.21413]}", "facility": {"code": 10252}}, {"collection_date": "2015-08-19T15:02:13.974266+00:00", "source": {"name": "DHMT"}, "method": {"name": "Taken with GPS Device"}, "coordinates": "{\"type\": \"Point\", \"coordinates\": [40.19761, 2.40869]}", "facility": {"code": 13389}}, {"collection_date": "2015-08-19T15:02:13.963627+00:00", "source": {"name": "KEMRI GIS MERGE"}, "method": {"name": "Calc from 1:50,000 scale topographic maps"}, "coordinates": "{\"type\": \"Point\", \"coordinates\": [41.01185, -2.11956]}", "facility": {"code": 11735}}, {"collection_date": "2015-08-19T15:02:13.958364+00:00", "source": {"name": "DHRIO"}, "method": {"name": "Taken with GPS Device"}, "coordinates": "{\"type\": \"Point\", \"coordinates\": [38.22754, 3.18237]}", "facility": {"code": 12815}}, {"collection_date": "2015-08-19T15:02:13.956469+00:00", "source": {"name": "Sublocation Centroid Exercise of MOH/ICF Macro"}, "method": {"name": "Taken with GPS Device"}, "coordinates": "{\"type\": \"Point\", \"coordinates\": [34.75321, -0.69502]}", "facility": {"code": 13934}}, {"collection_date": "2015-08-19T15:02:13.953001+00:00", "source": {"name": "Sublocation Centroid Exercise of MOH/ICF Macro"}, "method": {"name": "Other"}, "coordinates": "{\"type\": \"Point\", \"coordinates\": [36.9351, -1.36434]}", "facility": {"code": 12745}}, {"collection_date": "2015-08-19T15:02:13.626521+00:00", "source": {"name": "SARAM 2013"}, "method": {"name": "Taken with GPS Device"}, "coordinates": "{\"type\": \"Point\", \"coordinates\": [35.65591, -0.67766]}", "facility": {"code": 14328}}, {"collection_date": "2015-08-19T15:02:13.622854+00:00", "source": {"name": "DHMT"}, "method": {"name": "Taken with GPS Device"}, "coordinates": "{\"type\": \"Point\", \"coordinates\": [40.11693, 2.20758]}", "facility": {"code": 13446}}, {"collection_date": "2015-08-19T15:02:13.618296+00:00", "source": {"name": "DHMT"}, "method": {"name": "Taken with GPS Device"}, "coordinates": "{\"type\": \"Point\", \"coordinates\": [38.11275, -0.61818]}", "facility": {"code": 16860}}, {"collection_date": "2015-08-19T15:02:13.603731+00:00", "source": {"name": "DHMT"}, "method": {"name": "Taken with GPS Device"}, "coordinates": "{\"type\": \"Point\", \"coordinates\": [34.74031, -0.37471]}", "facility": {"code": 13646}}, {"collection_date": "2015-08-19T15:02:13.597248+00:00", "source": {"name": "GPS"}, "method": {"name": "Taken with GPS Device"}, "coordinates": "{\"type\": \"Point\", \"coordinates\": [34.5926, 0.03427]}", "facility": {"code": 15880}}, {"collection_date": "2015-08-19T15:02:13.418517+00:00", "source": {"name": "KEMRI GIS MERGE"}, "method": {"name": "Taken with GPS Device"}, "coordinates": "{\"type\": \"Point\", \"coordinates\": [34.8078, -0.75938]}", "facility": {"code": 13886}}, {"collection_date": "2015-08-19T15:02:13.263520+00:00", "source": {"name": "Cold Chain Inventory (MoH/PATH/WHO) - Feb 2011"}, "method": {"name": "Taken with GPS Device"}, "coordinates": "{\"type\": \"Point\", \"coordinates\": [34.76677, -0.44663]}", "facility": {"code": 14092}}, {"collection_date": "2015-08-19T15:02:13.260964+00:00", "source": {"name": "Cold Chain Inventory (MoH/PATH/WHO) - Feb 2011"}, "method": {"name": "Taken with GPS Device"}, "coordinates": "{\"type\": \"Point\", \"coordinates\": [34.15471, -0.84103]}", "facility": {"code": 14098}}, {"collection_date": "2015-08-19T15:02:13.250352+00:00", "source": {"name": "SARAM 2013"}, "method": {"name": "Taken with GPS Device"}, "coordinates": "{\"type\": \"Point\", \"coordinates\": [37.31641, -1.74562]}", "facility": {"code": 12468}}, {"collection_date": "2015-08-19T15:02:13.248938+00:00", "source": {"name": "MFL RRI EEXERCISE by DHRIO"}, "method": {"name": "Taken with GPS Device"}, "coordinates": "{\"type\": \"Point\", \"coordinates\": [34.9211, -0.802632]}", "facility": {"code": 16265}}, {"collection_date": "2015-08-19T15:02:13.026694+00:00", "source": {"name": "MOH"}, "method": {"name": "Taken with GPS Device"}, "coordinates": "{\"type\": \"Point\", \"coordinates\": [40.00194, -3.22034]}", "facility": {"code": 11453}}, {"collection_date": "2015-08-19T15:02:13.015804+00:00", "source": {"name": "MOH"}, "method": {"name": "Taken with GPS Device"}, "coordinates": "{\"type\": \"Point\", \"coordinates\": [39.47874, -3.07925]}", "facility": {"code": 11256}}, {"collection_date": "2015-08-19T15:02:12.996065+00:00", "source": {"name": "SARAM 2013"}, "method": {"name": "Taken with GPS Device"}, "coordinates": "{\"type\": \"Point\", \"coordinates\": [34.76432, -0.09485]}", "facility": {"code": 13632}}, {"collection_date": "2015-08-19T15:02:12.864001+00:00", "source": {"name": "MOH"}, "method": {"name": "Taken with GPS Device"}, "coordinates": "{\"type\": \"Point\", \"coordinates\": [40.0951, -3.27017]}", "facility": {"code": 11380}}, {"collection_date": "2015-08-19T15:02:12.845736+00:00", "source": {"name": "KEMRI GIS MERGE"}, "method": {"name": "Taken with GPS Device"}, "coordinates": "{\"type\": \"Point\", \"coordinates\": [36.65522, -2.14664]}", "facility": {"code": 15087}}, {"collection_date": "2015-08-19T15:02:12.818962+00:00", "source": {"name": "DMOH"}, "method": {"name": "Taken with GPS Device"}, "coordinates": "{\"type\": \"Point\", \"coordinates\": [37.862, -0.82247]}", "facility": {"code": 12792}}, {"collection_date": "2015-08-19T15:02:12.794078+00:00", "source": {"name": "KEMRI GIS MERGE"}, "method": {"name": "Taken with GPS Device"}, "coordinates": "{\"type\": \"Point\", \"coordinates\": [41.52689, 3.82822]}", "facility": {"code": 13396}}, {"collection_date": "2015-08-19T15:02:12.659539+00:00", "source": {"name": "DHMT"}, "method": {"name": "Taken with GPS Device"}, "coordinates": "{\"type\": \"Point\", \"coordinates\": [39.77309, -3.77463]}", "facility": {"code": 11738}}, {"collection_date": "2015-08-19T15:02:12.635067+00:00", "source": {"name": "DHMT"}, "method": {"name": "Taken with GPS Device"}, "coordinates": "{\"type\": \"Point\", \"coordinates\": [34.73827, -0.50385]}", "facility": {"code": 13789}}, {"collection_date": "2015-08-19T15:02:12.628107+00:00", "source": {"name": "MFL RRI EEXERCISE by DHRIO"}, "method": {"name": "Taken with GPS Device"}, "coordinates": "{\"type\": \"Point\", \"coordinates\": [34.9723, -0.852338]}", "facility": {"code": 13942}}, {"collection_date": "2015-08-19T15:02:12.550492+00:00", "source": {"name": "DMOH-CCI Acitivty"}, "method": {"name": "Taken with GPS Device"}, "coordinates": "{\"type\": \"Point\", \"coordinates\": [38.3065, -0.70516]}", "facility": {"code": 12436}}, {"collection_date": "2015-08-19T15:02:12.425332+00:00", "source": {"name": "SCHMT"}, "method": {"name": "Taken with GPS Device"}, "coordinates": "{\"type\": \"Point\", \"coordinates\": [37.98204, -1.37158]}", "facility": {"code": 12812}}, {"collection_date": "2015-08-19T15:02:12.404628+00:00", "source": {"name": "DHMT"}, "method": {"name": "Taken with GPS Device"}, "coordinates": "{\"type\": \"Point\", \"coordinates\": [34.75813, -0.12409]}", "facility": {"code": 13464}}, {"collection_date": "2015-08-19T15:02:12.341727+00:00", "source": {"name": "SARAM 2013"}, "method": {"name": "Taken with GPS Device"}, "coordinates": "{\"type\": \"Point\", \"coordinates\": [34.90661, -0.86977]}", "facility": {"code": 13563}}, {"collection_date": "2015-08-19T15:02:12.337603+00:00", "source": {"name": "GPS"}, "method": {"name": "Taken with GPS Device"}, "coordinates": "{\"type\": \"Point\", \"coordinates\": [34.60541, 0.01081]}", "facility": {"code": 15862}}, {"collection_date": "2015-08-19T15:02:12.323883+00:00", "source": {"name": "KEMRI GIS MERGE"}, "method": {"name": "Calc from proximity to school, village,markets"}, "coordinates": "{\"type\": \"Point\", \"coordinates\": [37.6263, -1.45805]}", "facility": {"code": 12397}}, {"collection_date": "2015-08-19T15:02:12.192119+00:00", "source": {"name": "MOH"}, "method": {"name": "Taken with GPS Device"}, "coordinates": "{\"type\": \"Point\", \"coordinates\": [40.042289, -3.1423]}", "facility": {"code": 11689}}, {"collection_date": "2015-08-19T15:02:12.180543+00:00", "source": {"name": "DHMT"}, "method": {"name": "Taken with GPS Device"}, "coordinates": "{\"type\": \"Point\", \"coordinates\": [37.40271, -2.87405]}", "facility": {"code": 14573}}, {"collection_date": "2015-08-19T15:02:12.131337+00:00", "source": {"name": "Cold Chain Inventory (MoH/PATH/WHO) - Feb 2011"}, "method": {"name": "Taken with GPS Device"}, "coordinates": "{\"type\": \"Point\", \"coordinates\": [34.23423, 0.08843]}", "facility": {"code": 13513}}, {"collection_date": "2015-08-19T15:02:12.114118+00:00", "source": {"name": "GPS"}, "method": {"name": "Taken with GPS Device"}, "coordinates": "{\"type\": \"Point\", \"coordinates\": [39.16313, -4.04152]}", "facility": {"code": 11880}}, {"collection_date": "2015-08-19T15:02:12.106225+00:00", "source": {"name": "HMIS OFFICE"}, "method": {"name": "Taken with GPS Device"}, "coordinates": "{\"type\": \"Point\", \"coordinates\": [40.12462, -2.12826]}", "facility": {"code": 11780}}, {"collection_date": "2015-08-19T15:02:11.962053+00:00", "source": {"name": "DMOH_CCI Activity"}, "method": {"name": "Taken with GPS Device"}, "coordinates": "{\"type\": \"Point\", \"coordinates\": [37.87376, -0.95196]}", "facility": {"code": 12495}}, {"collection_date": "2015-08-19T15:02:11.936829+00:00", "source": {"name": "Reception"}, "method": {"name": "Taken with GPS Device"}, "coordinates": "{\"type\": \"Point\", \"coordinates\": [37.98291, -1.54532]}", "facility": {"code": 12509}}, {"collection_date": "2015-08-19T15:02:11.926248+00:00", "source": {"name": "GPS"}, "method": {"name": "Taken with GPS Device"}, "coordinates": "{\"type\": \"Point\", \"coordinates\": [41.26348, -2.01596]}", "facility": {"code": 11494}}, {"collection_date": "2015-08-19T15:02:11.904014+00:00", "source": {"name": "MFL RRI EEXERCISE by DHRIO"}, "method": {"name": "Taken with GPS Device"}, "coordinates": "{\"type\": \"Point\", \"coordinates\": [34.8673, -0.720127]}", "facility": {"code": 13575}}, {"collection_date": "2015-08-19T15:02:11.468096+00:00", "source": {"name": "SCHMT"}, "method": {"name": "Taken with GPS Device"}, "coordinates": "{\"type\": \"Point\", \"coordinates\": [38.09255, -1.17032]}", "facility": {"code": 12160}}, {"collection_date": "2015-08-19T15:02:11.455122+00:00", "source": {"name": "DMOH- CCI activity"}, "method": {"name": "Taken with GPS Device"}, "coordinates": "{\"type\": \"Point\", \"coordinates\": [37.9713, -0.86442]}", "facility": {"code": 12099}}, {"collection_date": "2015-08-19T15:02:11.437473+00:00", "source": {"name": "KEMRI GIS MERGE"}, "method": {"name": "Taken with GPS Device"}, "coordinates": "{\"type\": \"Point\", \"coordinates\": [34.39937, -0.28581]}", "facility": {"code": 13725}}, {"collection_date": "2015-08-19T15:02:11.363022+00:00", "source": {"name": "SARAM 2013"}, "method": {"name": "Taken with GPS Device"}, "coordinates": "{\"type\": \"Point\", \"coordinates\": [37.61845, -0.44744]}", "facility": {"code": 16856}}, {"collection_date": "2015-08-19T15:02:11.352243+00:00", "source": {"name": "SARAM 2013"}, "method": {"name": "Taken with GPS Device"}, "coordinates": "{\"type\": \"Point\", \"coordinates\": [39.59929, -4.00449]}", "facility": {"code": 11436}}, {"collection_date": "2015-08-19T15:02:11.349027+00:00", "source": {"name": "KEMRI GIS MERGE"}, "method": {"name": "Calc from proximity to school, village,markets"}, "coordinates": "{\"type\": \"Point\", \"coordinates\": [36.42123, 0.03212]}", "facility": {"code": 10189}}, {"collection_date": "2015-08-19T15:02:11.215597+00:00", "source": {"name": "DMOH_CCI Activity"}, "method": {"name": "Taken with GPS Device"}, "coordinates": "{\"type\": \"Point\", \"coordinates\": [37.97415, -1.10579]}", "facility": {"code": 12180}}, {"collection_date": "2015-08-19T15:02:11.178968+00:00", "source": {"name": "DHMT"}, "method": {"name": "Taken with GPS Device"}, "coordinates": "{\"type\": \"Point\", \"coordinates\": [40.1826, 2.30246]}", "facility": {"code": 13332}}, {"collection_date": "2015-08-19T15:02:11.155262+00:00", "source": {"name": "DHMT"}, "method": {"name": "Taken with GPS Device"}, "coordinates": "{\"type\": \"Point\", \"coordinates\": [39.3009, 0.90708]}", "facility": {"code": 16809}}, {"collection_date": "2015-08-19T15:02:11.101069+00:00", "source": {"name": "Cold Chain Inventory (MoH/PATH/WHO) - Feb 2011"}, "method": {"name": "Taken with GPS Device"}, "coordinates": "{\"type\": \"Point\", \"coordinates\": [34.74907, 0.28164]}", "facility": {"code": 16062}}, {"collection_date": "2015-08-19T15:02:11.089691+00:00", "source": {"name": "Reception"}, "method": {"name": "Taken with GPS Device"}, "coordinates": "{\"type\": \"Point\", \"coordinates\": [37.85411, -1.25993]}", "facility": {"code": 12346}}, {"collection_date": "2015-08-19T15:02:11.078505+00:00", "source": {"name": "MOPHS (DHRIO)"}, "method": {"name": "Taken with GPS Device"}, "coordinates": "{\"type\": \"Point\", \"coordinates\": [34.63857, -0.74203]}", "facility": {"code": 13945}}, {"collection_date": "2015-08-19T15:02:11.072299+00:00", "source": {"name": "KEMRI GIS MERGE"}, "method": {"name": "Taken with GPS Device"}, "coordinates": "{\"type\": \"Point\", \"coordinates\": [37.57572, -0.4446]}", "facility": {"code": 12298}}, {"collection_date": "2015-08-19T15:02:10.967602+00:00", "source": {"name": "DHRIO"}, "method": {"name": "Taken with GPS Device"}, "coordinates": "{\"type\": \"Point\", \"coordinates\": [37.52908, 3.8032]}", "facility": {"code": 11997}}, {"collection_date": "2015-08-19T15:02:10.901963+00:00", "source": {"name": "KEMRI GIS MERGE"}, "method": {"name": "Taken with GPS Device"}, "coordinates": "{\"type\": \"Point\", \"coordinates\": [34.17491, -0.08601]}", "facility": {"code": 13655}}, {"collection_date": "2015-08-19T15:02:10.890744+00:00", "source": {"name": "SARAM 2013"}, "method": {"name": "Taken with GPS Device"}, "coordinates": "{\"type\": \"Point\", \"coordinates\": [39.85083, -3.62446]}", "facility": {"code": 11891}}], "model": "mfl_gis.FacilityCoordinates", "unique_fields": ["facility"]}]