[{"records": [{"collection_date": "2015-08-19T15:02:10.845406+00:00", "source": {"name": "DHMT"}, "method": {"name": "Taken with GPS Device"}, "coordinates": "{\"type\": \"Point\", \"coordinates\": [37.82991, -1.38308]}", "facility": {"code": 12396}}, {"collection_date": "2015-08-19T15:02:10.834723+00:00", "source": {"name": "Sublocation Centroid Exercise of MOH/ICF Macro"}, "method": {"name": "Other"}, "coordinates": "{\"type\": \"Point\", \"coordinates\": [34.5457, 0.813562]}", "facility": {"code": 16487}}, {"collection_date": "2015-08-19T15:02:10.667105+00:00", "source": {"name": "Sublocation Centroid Exercise of MOH/ICF Macro"}, "method": {"name": "Other"}, "coordinates": "{\"type\": \"Point\", \"coordinates\": [34.4524, -1.06719]}", "facility": {"code": 13806}}, {"collection_date": "2015-08-19T15:02:10.658062+00:00", "source": {"name": "GPS"}, "method": {"name": "Taken with GPS Device"}, "coordinates": "{\"type\": \"Point\", \"coordinates\": [34.75186, 0.28361]}", "facility": {"code": 15844}}, {"collection_date": "2015-08-19T15:02:10.500414+00:00", "source": {"name": "KEMRI GIS MERGE"}, "method": {"name": "Taken with GPS Device"}, "coordinates": "{\"type\": \"Point\", \"coordinates\": [41.20961, -2.01143]}", "facility": {"code": 11700}}, {"collection_date": "2015-08-19T15:02:10.500193+00:00", "source": {"name": "KEMRI GIS MERGE"}, "method": {"name": "Taken with GPS Device"}, "coordinates": "{\"type\": \"Point\", \"coordinates\": [34.80737, -0.71996]}", "facility": {"code": 13931}}, {"collection_date": "2015-08-19T15:02:10.495335+00:00", "source": {"name": "GPS"}, "method": {"name": "Taken with GPS Device"}, "coordinates": "{\"type\": \"Point\", \"coordinates\": [37.14537, -0.52032]}", "facility": {"code": 10833}}, {"collection_date": "2015-08-19T15:02:10.323822+00:00", "source": {"name": "KEMRI GIS MERGE"}, "method": {"name": "Taken with GPS Device"}, "coordinates": "{\"type\": \"Point\", \"coordinates\": [35.61255, -0.4813]}", "facility": {"code": 15728}}, {"collection_date": "2015-08-19T15:02:10.312720+00:00", "source": {"name": "SARAM 2013"}, "method": {"name": "Taken with GPS Device"}, "coordinates": "{\"type\": \"Point\", \"coordinates\": [40.90263, -2.271]}", "facility": {"code": 11515}}, {"collection_date": "2015-08-19T15:02:10.140796+00:00", "source": {"name": "Sublocation Centroid Exercise of MOH/ICF Macro"}, "method": {"name": "Taken with GPS Device"}, "coordinates": "{\"type\": \"Point\", \"coordinates\": [34.94112, 1.46722]}", "facility": {"code": 16368}}, {"collection_date": "2015-08-19T15:02:10.132381+00:00", "source": {"name": "GPS"}, "method": {"name": "Taken with GPS Device"}, "coordinates": "{\"type\": \"Point\", \"coordinates\": [36.54394, -0.48346]}", "facility": {"code": 10731}}, {"collection_date": "2015-08-19T15:02:10.122705+00:00", "source": {"name": "KEMRI GIS MERGE"}, "method": {"name": "Taken with GPS Device"}, "coordinates": "{\"type\": \"Point\", \"coordinates\": [34.0994, -0.0568]}", "facility": {"code": 14164}}, {"collection_date": "2015-08-19T15:02:09.989507+00:00", "source": {"name": "SARAM 2013"}, "method": {"name": "Taken with GPS Device"}, "coordinates": "{\"type\": \"Point\", \"coordinates\": [39.61286, -4.02775]}", "facility": {"code": 11280}}, {"collection_date": "2015-08-19T15:02:09.946604+00:00", "source": {"name": "DHMT"}, "method": {"name": "Taken with GPS Device"}, "coordinates": "{\"type\": \"Point\", \"coordinates\": [37.41332, -0.47597]}", "facility": {"code": 10197}}, {"collection_date": "2015-08-19T15:02:09.766038+00:00", "source": {"name": "MOH"}, "method": {"name": "Taken with GPS Device"}, "coordinates": "{\"type\": \"Point\", \"coordinates\": [39.97451, -3.18333]}", "facility": {"code": 11534}}, {"collection_date": "2015-08-19T15:02:09.758251+00:00", "source": {"name": "DHMT"}, "method": {"name": "Taken with GPS Device"}, "coordinates": "{\"type\": \"Point\", \"coordinates\": [39.68419, -4.01782]}", "facility": {"code": 11775}}, {"collection_date": "2015-08-19T15:02:09.758175+00:00", "source": {"name": "GPS"}, "method": {"name": "Taken with GPS Device"}, "coordinates": "{\"type\": \"Point\", \"coordinates\": [40.48969, -2.16423]}", "facility": {"code": 11485}}, {"collection_date": "2015-08-19T15:02:09.739914+00:00", "source": {"name": "KEMRI GIS MERGE"}, "method": {"name": "Taken with GPS Device"}, "coordinates": "{\"type\": \"Point\", \"coordinates\": [34.52704, -1.00098]}", "facility": {"code": 13519}}, {"collection_date": "2015-08-19T15:02:09.593054+00:00", "source": {"name": "KEMRI GIS MERGE"}, "method": {"name": "Taken with GPS Device"}, "coordinates": "{\"type\": \"Point\", \"coordinates\": [37.66587, 0.04863]}", "facility": {"code": 12027}}, {"collection_date": "2015-08-19T15:02:09.567140+00:00", "source": {"name": "KEMRI GIS MERGE"}, "method": {"name": "Taken with GPS Device"}, "coordinates": "{\"type\": \"Point\", \"coordinates\": [37.38473, -1.20813]}", "facility": {"code": 12220}}, {"collection_date": "2015-08-19T15:02:09.430525+00:00", "source": {"name": "Sublocation Centroid Exercise of MOH/ICF Macro"}, "method": {"name": "Other"}, "coordinates": "{\"type\": \"Point\", \"coordinates\": [34.5234, 0.156095]}", "facility": {"code": 16045}}, {"collection_date": "2015-08-19T15:02:09.387672+00:00", "source": {"name": "MFL RRI"}, "method": {"name": "Taken with GPS Device"}, "coordinates": "{\"type\": \"Point\", \"coordinates\": [35.04953, -0.80903]}", "facility": {"code": 13695}}, {"collection_date": "2015-08-19T15:02:09.387407+00:00", "source": {"name": "DHMT"}, "method": {"name": "Taken with GPS Device"}, "coordinates": "{\"type\": \"Point\", \"coordinates\": [39.63157, -3.88517]}", "facility": {"code": 11756}}, {"collection_date": "2015-08-19T15:02:09.379114+00:00", "source": {"name": "KEMRI GIS MERGE"}, "method": {"name": "Taken with GPS Device"}, "coordinates": "{\"type\": \"Point\", \"coordinates\": [34.37752, -0.06975]}", "facility": {"code": 13845}}, {"collection_date": "2015-08-19T15:02:09.245585+00:00", "source": {"name": "DHMT"}, "method": {"name": "Taken with GPS Device"}, "coordinates": "{\"type\": \"Point\", \"coordinates\": [34.75957, -0.11741]}", "facility": {"code": 13586}}, {"collection_date": "2015-08-19T15:02:09.198336+00:00", "source": {"name": "DHMT"}, "method": {"name": "Taken with GPS Device"}, "coordinates": "{\"type\": \"Point\", \"coordinates\": [34.64551, -0.06627]}", "facility": {"code": 13971}}, {"collection_date": "2015-08-19T15:02:09.193698+00:00", "source": {"name": "KEMRI GIS MERGE"}, "method": {"name": "Taken with GPS Device"}, "coordinates": "{\"type\": \"Point\", \"coordinates\": [34.29273, -0.20811]}", "facility": {"code": 13780}}, {"collection_date": "2015-08-19T15:02:09.178544+00:00", "source": {"name": "MFL RRI"}, "method": {"name": "Taken with GPS Device"}, "coordinates": "{\"type\": \"Point\", \"coordinates\": [35.01653, -0.86198]}", "facility": {"code": 14049}}, {"collection_date": "2015-08-19T15:02:09.168577+00:00", "source": {"name": "KEMRI GIS MERGE"}, "method": {"name": "Taken with GPS Device"}, "coordinates": "{\"type\": \"Point\", \"coordinates\": [35.94902, -0.45407]}", "facility": {"code": 15721}}, {"collection_date": "2015-08-19T15:02:09.001207+00:00", "source": {"name": "DHMT"}, "method": {"name": "Taken with GPS Device"}, "coordinates": "{\"type\": \"Point\", \"coordinates\": [36.92596, -1.19498]}", "facility": {"code": 10308}}, {"collection_date": "2015-08-19T15:02:08.943986+00:00", "source": {"name": "DHMT"}, "method": {"name": "Taken with GPS Device"}, "coordinates": "{\"type\": \"Point\", \"coordinates\": [39.49775, -0.03054]}", "facility": {"code": 13443}}, {"collection_date": "2015-08-19T15:02:08.944354+00:00", "source": {"name": "DHMT"}, "method": {"name": "Taken with GPS Device"}, "coordinates": "{\"type\": \"Point\", \"coordinates\": [34.71608, -0.553]}", "facility": {"code": 13863}}, {"collection_date": "2015-08-19T15:02:08.932627+00:00", "source": {"name": "DHMT"}, "method": {"name": "Taken with GPS Device"}, "coordinates": "{\"type\": \"Point\", \"coordinates\": [37.57692, 0.01364]}", "facility": {"code": 12233}}, {"collection_date": "2015-08-19T15:02:08.926124+00:00", "source": {"name": "KEMRI GIS MERGE"}, "method": {"name": "Calc from proximity to school, village,markets"}, "coordinates": "{\"type\": \"Point\", \"coordinates\": [37.02838, -0.59685]}", "facility": {"code": 10354}}, {"collection_date": "2015-08-19T15:02:08.788917+00:00", "source": {"name": "Sublocation Centroid Exercise of MOH/ICF Macro"}, "method": {"name": "Other"}, "coordinates": "{\"type\": \"Point\", \"coordinates\": [36.847, -1.27085]}", "facility": {"code": 13059}}, {"collection_date": "2015-08-19T15:02:08.730898+00:00", "source": {"name": "SARAM 2013"}, "method": {"name": "Taken with GPS Device"}, "coordinates": "{\"type\": \"Point\", \"coordinates\": [36.86267, -0.1789]}", "facility": {"code": 10653}}, {"collection_date": "2015-08-19T15:02:08.721907+00:00", "source": {"name": "Cold Chain Inventory (MoH/PATH/WHO) - Feb 2011"}, "method": {"name": "Taken with GPS Device"}, "coordinates": "{\"type\": \"Point\", \"coordinates\": [36.59742, 1.13407]}", "facility": {"code": 15543}}, {"collection_date": "2015-08-19T15:02:08.712137+00:00", "source": {"name": "MFL RRI EEXERCISE by DHRIO"}, "method": {"name": "Taken with GPS Device"}, "coordinates": "{\"type\": \"Point\", \"coordinates\": [34.9737, -0.721077]}", "facility": {"code": 13818}}, {"collection_date": "2015-08-19T15:02:08.700048+00:00", "source": {"name": "KEMRI GIS MERGE"}, "method": {"name": "Taken with GPS Device"}, "coordinates": "{\"type\": \"Point\", \"coordinates\": [34.82809, -0.89926]}", "facility": {"code": 13558}}, {"collection_date": "2015-08-19T15:02:08.552181+00:00", "source": {"name": "MOH"}, "method": {"name": "Taken with GPS Device"}, "coordinates": "{\"type\": \"Point\", \"coordinates\": [40.01389, -3.34342]}", "facility": {"code": 11896}}, {"collection_date": "2015-08-19T15:02:08.515198+00:00", "source": {"name": "DHMT"}, "method": {"name": "Taken with GPS Device"}, "coordinates": "{\"type\": \"Point\", \"coordinates\": [38.66288, 0.50469]}", "facility": {"code": 13305}}, {"collection_date": "2015-08-19T15:02:08.514142+00:00", "source": {"name": "KEMRI GIS MERGE"}, "method": {"name": "Calc from proximity to school, village,markets"}, "coordinates": "{\"type\": \"Point\", \"coordinates\": [34.54, 0.15]}", "facility": {"code": 16055}}, {"collection_date": "2015-08-19T15:02:08.498272+00:00", "source": {"name": "SARAM 2013"}, "method": {"name": "Taken with GPS Device"}, "coordinates": "{\"type\": \"Point\", \"coordinates\": [34.89352, -0.78225]}", "facility": {"code": 13675}}, {"collection_date": "2015-08-19T15:02:08.479671+00:00", "source": {"name": "John Monyancha"}, "method": {"name": "Taken with GPS Device"}, "coordinates": "{\"type\": \"Point\", \"coordinates\": [35.03101, -0.45545]}", "facility": {"code": 13577}}, {"collection_date": "2015-08-19T15:02:08.354788+00:00", "source": {"name": "DHRIO"}, "method": {"name": "Taken with GPS Device"}, "coordinates": "{\"type\": \"Point\", \"coordinates\": [36.87538, -1.2581]}", "facility": {"code": 12976}}, {"collection_date": "2015-08-19T15:02:08.289239+00:00", "source": {"name": "Sublocation Centroid Exercise of MOH/ICF Macro"}, "method": {"name": "Other"}, "coordinates": "{\"type\": \"Point\", \"coordinates\": [36.0627, -0.20905]}", "facility": {"code": 16681}}, {"collection_date": "2015-08-19T15:02:08.278186+00:00", "source": {"name": "KEMRI GIS MERGE"}, "method": {"name": "Calc from proximity to school, village,markets"}, "coordinates": "{\"type\": \"Point\", \"coordinates\": [37.6536, -1.59588]}", "facility": {"code": 12807}}, {"collection_date": "2015-08-19T15:02:08.277495+00:00", "source": {"name": "Cold Chain Inventory (MoH/PATH/WHO) - Feb 2011"}, "method": {"name": "Taken with GPS Device"}, "coordinates": "{\"type\": \"Point\", \"coordinates\": [37.72055, -0.46412]}", "facility": {"code": 12185}}, {"collection_date": "2015-08-19T15:02:08.095499+00:00", "source": {"name": "DHMT"}, "method": {"name": "Taken with GPS Device"}, "coordinates": "{\"type\": \"Point\", \"coordinates\": [34.41908, -0.09656]}", "facility": {"code": 13990}}, {"collection_date": "2015-08-19T15:02:08.095154+00:00", "source": {"name": "DHMT"}, "method": {"name": "Taken with GPS Device"}, "coordinates": "{\"type\": \"Point\", \"coordinates\": [37.23822, -0.42733]}", "facility": {"code": 10404}}, {"collection_date": "2015-08-19T15:02:07.851135+00:00", "source": {"name": "DHMT"}, "method": {"name": "Taken with GPS Device"}, "coordinates": "{\"type\": \"Point\", \"coordinates\": [37.57329, -0.01617]}", "facility": {"code": 12125}}, {"collection_date": "2015-08-19T15:02:07.821820+00:00", "source": {"name": "Sublocation Centroid Exercise of MOH/ICF Macro"}, "method": {"name": "Other"}, "coordinates": "{\"type\": \"Point\", \"coordinates\": [34.8964, 0.80184]}", "facility": {"code": 15973}}, {"collection_date": "2015-08-19T15:02:07.821776+00:00", "source": {"name": "KEMRI GIS MERGE"}, "method": {"name": "Taken with GPS Device"}, "coordinates": "{\"type\": \"Point\", \"coordinates\": [36.84888, -0.42897]}", "facility": {"code": 11189}}, {"collection_date": "2015-08-19T15:02:07.575053+00:00", "source": {"name": "Sublocation Centroid Exercise of MOH/ICF Macro"}, "method": {"name": "Other"}, "coordinates": "{\"type\": \"Point\", \"coordinates\": [36.9501, -0.556082]}", "facility": {"code": 10596}}, {"collection_date": "2015-08-19T15:02:07.563438+00:00", "source": {"name": "GPS READING"}, "method": {"name": "Taken with GPS Device"}, "coordinates": "{\"type\": \"Point\", \"coordinates\": [34.70785, -0.74327]}", "facility": {"code": 13538}}, {"collection_date": "2015-08-19T15:02:07.552947+00:00", "source": {"name": "KEMRI GIS MERGE"}, "method": {"name": "Calc from 1:50,000 scale topographic maps"}, "coordinates": "{\"type\": \"Point\", \"coordinates\": [40.8584, -2.29451]}", "facility": {"code": 11579}}, {"collection_date": "2015-08-19T15:02:07.544581+00:00", "source": {"name": "DHMT"}, "method": {"name": "Taken with GPS Device"}, "coordinates": "{\"type\": \"Point\", \"coordinates\": [34.32138, -1.05855]}", "facility": {"code": 13583}}, {"collection_date": "2015-08-19T15:02:07.478583+00:00", "source": {"name": "SCHMT"}, "method": {"name": "Taken with GPS Device"}, "coordinates": "{\"type\": \"Point\", \"coordinates\": [37.85608, -1.29758]}", "facility": {"code": 12394}}, {"collection_date": "2015-08-19T15:02:07.466324+00:00", "source": {"name": "DHMT"}, "method": {"name": "Taken with GPS Device"}, "coordinates": "{\"type\": \"Point\", \"coordinates\": [39.05985, 3.52104]}", "facility": {"code": 12545}}, {"collection_date": "2015-08-19T15:02:07.330025+00:00", "source": {"name": "DHMT"}, "method": {"name": "Taken with GPS Device"}, "coordinates": "{\"type\": \"Point\", \"coordinates\": [39.579, -3.72962]}", "facility": {"code": 11481}}, {"collection_date": "2015-08-19T15:02:07.320741+00:00", "source": {"name": "KEMRI GIS MERGE"}, "method": {"name": "Calc from proximity to school, village,markets"}, "coordinates": "{\"type\": \"Point\", \"coordinates\": [36.9821, -0.62007]}", "facility": {"code": 10405}}, {"collection_date": "2015-08-19T15:02:07.295076+00:00", "source": {"name": "MOPHS (DHRIO)"}, "method": {"name": "Taken with GPS Device"}, "coordinates": "{\"type\": \"Point\", \"coordinates\": [34.6798, -0.8558]}", "facility": {"code": 13681}}, {"collection_date": "2015-08-19T15:02:07.285791+00:00", "source": {"name": "GPS"}, "method": {"name": "Taken with GPS Device"}, "coordinates": "{\"type\": \"Point\", \"coordinates\": [34.65593, 0.26474]}", "facility": {"code": 15882}}, {"collection_date": "2015-08-19T15:02:07.201997+00:00", "source": {"name": "KEMRI GIS MERGE"}, "method": {"name": "Calc from proximity to school, village,markets"}, "coordinates": "{\"type\": \"Point\", \"coordinates\": [37.41991, -1.39798]}", "facility": {"code": 12837}}, {"collection_date": "2015-08-19T15:02:07.199773+00:00", "source": {"name": "SARAM 2013"}, "method": {"name": "Taken with GPS Device"}, "coordinates": "{\"type\": \"Point\", \"coordinates\": [39.66537, -4.0516]}", "facility": {"code": 11235}}, {"collection_date": "2015-08-19T15:02:07.187102+00:00", "source": {"name": "MFL RRI"}, "method": {"name": "Taken with GPS Device"}, "coordinates": "{\"type\": \"Point\", \"coordinates\": [34.9809, -0.78646]}", "facility": {"code": 14145}}, {"collection_date": "2015-08-19T15:02:07.175908+00:00", "source": {"name": "KEMRI GIS MERGE"}, "method": {"name": "Taken with GPS Device"}, "coordinates": "{\"type\": \"Point\", \"coordinates\": [34.80708, -0.54442]}", "facility": {"code": 13876}}, {"collection_date": "2015-08-19T15:02:07.064915+00:00", "source": {"name": "Cold Chain Inventory (MoH/PATH/WHO) - Feb 2011"}, "method": {"name": "Taken with GPS Device"}, "coordinates": "{\"type\": \"Point\", \"coordinates\": [34.8234, -0.40412]}", "facility": {"code": 13658}}, {"collection_date": "2015-08-19T15:02:06.983430+00:00", "source": {"name": "DHRIO Nyando"}, "method": {"name": "Taken with GPS Device"}, "coordinates": "{\"type\": \"Point\", \"coordinates\": [34.94904, -0.16599]}", "facility": {"code": 13516}}, {"collection_date": "2015-08-19T15:02:06.951036+00:00", "source": {"name": "Sublocation Centroid Exercise of MOH/ICF Macro"}, "method": {"name": "Taken with GPS Device"}, "coordinates": "{\"type\": \"Point\", \"coordinates\": [39.99901, 1.8306]}", "facility": {"code": 13334}}, {"collection_date": "2015-08-19T15:02:06.947891+00:00", "source": {"name": "KEMRI GIS MERGE"}, "method": {"name": "Calc from proximity to school, village,markets"}, "coordinates": "{\"type\": \"Point\", \"coordinates\": [34.24527, -0.18844]}", "facility": {"code": 14005}}, {"collection_date": "2015-08-19T15:02:06.945331+00:00", "source": {"name": "HMIS OFFICE"}, "method": {"name": "Taken with GPS Device"}, "coordinates": "{\"type\": \"Point\", \"coordinates\": [40.12269, -2.29629]}", "facility": {"code": 11418}}, {"collection_date": "2015-08-19T15:02:06.927800+00:00", "source": {"name": "KEMRI GIS MERGE"}, "method": {"name": "Taken with GPS Device"}, "coordinates": "{\"type\": \"Point\", \"coordinates\": [39.71226, 0.63091]}", "facility": {"code": 13265}}, {"collection_date": "2015-08-19T15:02:06.472451+00:00", "source": {"name": "SARAM 2013"}, "method": {"name": "Taken with GPS Device"}, "coordinates": "{\"type\": \"Point\", \"coordinates\": [36.96118, -1.47483]}", "facility": {"code": 15657}}, {"collection_date": "2015-08-19T15:02:06.409844+00:00", "source": {"name": "Cold Chain Inventory (MoH/PATH/WHO) - Feb 2011"}, "method": {"name": "Taken with GPS Device"}, "coordinates": "{\"type\": \"Point\", \"coordinates\": [37.92689, 0.21133]}", "facility": {"code": 12231}}, {"collection_date": "2015-08-19T15:02:06.408817+00:00", "source": {"name": "KEMRI GIS MERGE"}, "method": {"name": "Calc from proximity to school, village,markets"}, "coordinates": "{\"type\": \"Point\", \"coordinates\": [41.12397, -2.08014]}", "facility": {"code": 11846}}, {"collection_date": "2015-08-19T15:02:06.398649+00:00", "source": {"name": "GPS"}, "method": {"name": "Taken with GPS Device"}, "coordinates": "{\"type\": \"Point\", \"coordinates\": [34.65628, 0.05669]}", "facility": {"code": 16052}}, {"collection_date": "2015-08-19T15:02:06.384669+00:00", "source": {"name": "DHMT"}, "method": {"name": "Taken with GPS Device"}, "coordinates": "{\"type\": \"Point\", \"coordinates\": [37.98018, -0.74759]}", "facility": {"code": 12819}}, {"collection_date": "2015-08-19T15:02:06.350569+00:00", "source": {"name": "MOPHS"}, "method": {"name": "Taken with GPS Device"}, "coordinates": "{\"type\": \"Point\", \"coordinates\": [37.65633, 0.03419]}", "facility": {"code": 12850}}, {"collection_date": "2015-08-19T15:02:06.183004+00:00", "source": {"name": "KEMRI GIS MERGE"}, "method": {"name": "Taken with GPS Device"}, "coordinates": "{\"type\": \"Point\", \"coordinates\": [34.63229, 0.11624]}", "facility": {"code": 15875}}, {"collection_date": "2015-08-19T15:02:06.173378+00:00", "source": {"name": "SARAM 2013"}, "method": {"name": "Taken with GPS Device"}, "coordinates": "{\"type\": \"Point\", \"coordinates\": [36.96321, -0.90231]}", "facility": {"code": 10761}}, {"collection_date": "2015-08-19T15:02:06.150602+00:00", "source": {"name": "Cold Chain Inventory (MoH/PATH/WHO) - Feb 2011"}, "method": {"name": "Taken with GPS Device"}, "coordinates": "{\"type\": \"Point\", \"coordinates\": [36.90937, -1.27926]}", "facility": {"code": 12977}}, {"collection_date": "2015-08-19T15:02:06.142077+00:00", "source": {"name": "SARAM 2013"}, "method": {"name": "Taken with GPS Device"}, "coordinates": "{\"type\": \"Point\", \"coordinates\": [36.88813, -0.53318]}", "facility": {"code": 10434}}, {"collection_date": "2015-08-19T15:02:06.140250+00:00", "source": {"name": "KEMRI GIS MERGE"}, "method": {"name": "Calc from 1:50,000 scale topographic maps"}, "coordinates": "{\"type\": \"Point\", \"coordinates\": [40.9492, -2.27788]}", "facility": {"code": 11784}}, {"collection_date": "2015-08-19T15:02:06.061361+00:00", "source": {"name": "MOH"}, "method": {"name": "Taken with GPS Device"}, "coordinates": "{\"type\": \"Point\", \"coordinates\": [40.18708, -2.99997]}", "facility": {"code": 11715}}, {"collection_date": "2015-08-19T15:02:06.053318+00:00", "source": {"name": "Cold Chain Inventory (MoH/PATH/WHO) - Feb 2011"}, "method": {"name": "Taken with GPS Device"}, "coordinates": "{\"type\": \"Point\", \"coordinates\": [35.01195, -0.72559]}", "facility": {"code": 13922}}, {"collection_date": "2015-08-19T15:02:06.028029+00:00", "source": {"name": "Sublocation Centroid Exercise of MOH/ICF Macro"}, "method": {"name": "Other"}, "coordinates": "{\"type\": \"Point\", \"coordinates\": [36.8865, -1.31699]}", "facility": {"code": 12978}}, {"collection_date": "2015-08-19T15:02:06.018023+00:00", "source": {"name": "KEMRI GIS MERGE"}, "method": {"name": "Taken with GPS Device"}, "coordinates": "{\"type\": \"Point\", \"coordinates\": [39.4883, -4.15284]}", "facility": {"code": 11887}}, {"collection_date": "2015-08-19T15:02:05.986813+00:00", "source": {"name": "Cold Chain Inventory (MoH/PATH/WHO) - Feb 2011"}, "method": {"name": "Taken with GPS Device"}, "coordinates": "{\"type\": \"Point\", \"coordinates\": [34.1703, -0.9241]}", "facility": {"code": 13639}}, {"collection_date": "2015-08-19T15:02:05.939410+00:00", "source": {"name": "HMIS, DHRIO"}, "method": {"name": "Taken with GPS Device"}, "coordinates": "{\"type\": \"Point\", \"coordinates\": [35.14624, 0.17952]}", "facility": {"code": 14934}}, {"collection_date": "2015-08-19T15:02:05.929326+00:00", "source": {"name": "DHMT"}, "method": {"name": "Taken with GPS Device"}, "coordinates": "{\"type\": \"Point\", \"coordinates\": [36.9909, -1.8971]}", "facility": {"code": 16429}}, {"collection_date": "2015-08-19T15:02:05.905963+00:00", "source": {"name": "Sublocation Centroid Exercise of MOH/ICF Macro"}, "method": {"name": "Taken with GPS Device"}, "coordinates": "{\"type\": \"Point\", \"coordinates\": [41.85256, 3.93507]}", "facility": {"code": 13287}}, {"collection_date": "2015-08-19T15:02:05.883039+00:00", "source": {"name": "DHRIO Nyando"}, "method": {"name": "Taken with GPS Device"}, "coordinates": "{\"type\": \"Point\", \"coordinates\": [35.01355, -0.20083]}", "facility": {"code": 13884}}, {"collection_date": "2015-08-19T15:02:05.847593+00:00", "source": {"name": "SCHMT"}, "method": {"name": "Taken with GPS Device"}, "coordinates": "{\"type\": \"Point\", \"coordinates\": [37.90672, -1.32613]}", "facility": {"code": 12393}}, {"collection_date": "2015-08-19T15:02:05.814426+00:00", "source": {"name": "KEMRI GIS MERGE"}, "method": {"name": "Calc from proximity to school, village,markets"}, "coordinates": "{\"type\": \"Point\", \"coordinates\": [40.6761, -2.29477]}", "facility": {"code": 11631}}, {"collection_date": "2015-08-19T15:02:05.812123+00:00", "source": {"name": "SARAM"}, "method": {"name": "Taken with GPS Device"}, "coordinates": "{\"type\": \"Point\", \"coordinates\": [36.61133, -1.78558]}", "facility": {"code": 16428}}, {"collection_date": "2015-08-19T15:02:05.783263+00:00", "source": {"name": "Sublocation Centroid Exercise of MOH/ICF Macro"}, "method": {"name": "Taken with GPS Device"}, "coordinates": "{\"type\": \"Point\", \"coordinates\": [34.62389, -1.18202]}", "facility": {"code": 13665}}, {"collection_date": "2015-08-19T15:02:05.749536+00:00", "source": {"name": "DHMT"}, "method": {"name": "Taken with GPS Device"}, "coordinates": "{\"type\": \"Point\", \"coordinates\": [39.92867, -3.4436]}", "facility": {"code": 11758}}, {"collection_date": "2015-08-19T15:02:05.729115+00:00", "source": {"name": "Cold Chain Inventory (MoH/PATH/WHO) - Feb 2011"}, "method": {"name": "Taken with GPS Device"}, "coordinates": "{\"type\": \"Point\", \"coordinates\": [37.51984, -0.450033]}", "facility": {"code": 12453}}], "model": "mfl_gis.FacilityCoordinates", "unique_fields": ["facility"]}]