[{"records": [{"collection_date": "2015-08-19T15:01:53.339487+00:00", "source": {"name": "KEMRI GIS MERGE"}, "method": {"name": "Taken with GPS Device"}, "coordinates": "{\"type\": \"Point\", \"coordinates\": [37.83906, -0.38057]}", "facility": {"code": 12159}}, {"collection_date": "2015-08-19T15:01:53.338993+00:00", "source": {"name": "DHMT"}, "method": {"name": "Taken with GPS Device"}, "coordinates": "{\"type\": \"Point\", \"coordinates\": [36.29032, -0.03864]}", "facility": {"code": 11009}}, {"collection_date": "2015-08-19T15:01:53.327261+00:00", "source": {"name": "DHMT"}, "method": {"name": "Taken with GPS Device"}, "coordinates": "{\"type\": \"Point\", \"coordinates\": [35.10501, 1.60268]}", "facility": {"code": 14378}}, {"collection_date": "2015-08-19T15:01:53.138726+00:00", "source": {"name": "MOH"}, "method": {"name": "Taken with GPS Device"}, "coordinates": "{\"type\": \"Point\", \"coordinates\": [40.0516, -3.26492]}", "facility": {"code": 11654}}, {"collection_date": "2015-08-19T15:01:53.137427+00:00", "source": {"name": "DHMT"}, "method": {"name": "Taken with GPS Device"}, "coordinates": "{\"type\": \"Point\", \"coordinates\": [41.86135, 3.94118]}", "facility": {"code": 13290}}, {"collection_date": "2015-08-19T15:01:53.114230+00:00", "source": {"name": "DHMT"}, "method": {"name": "Taken with GPS Device"}, "coordinates": "{\"type\": \"Point\", \"coordinates\": [39.60799, -0.36202]}", "facility": {"code": 13422}}, {"collection_date": "2015-08-19T15:01:53.009995+00:00", "source": {"name": "KEMRI GIS MERGE"}, "method": {"name": "Calc from proximity to school, village,markets"}, "coordinates": "{\"type\": \"Point\", \"coordinates\": [34.87824, -0.497]}", "facility": {"code": 13826}}, {"collection_date": "2015-08-19T15:01:52.991149+00:00", "source": {"name": "Sublocation Centroid Exercise of MOH/ICF Macro"}, "method": {"name": "Other"}, "coordinates": "{\"type\": \"Point\", \"coordinates\": [36.9038, -1.20244]}", "facility": {"code": 12937}}, {"collection_date": "2015-08-19T15:01:52.924679+00:00", "source": {"name": "DHMT"}, "method": {"name": "Taken with GPS Device"}, "coordinates": "{\"type\": \"Point\", \"coordinates\": [36.7892, -1.30785]}", "facility": {"code": 16167}}, {"collection_date": "2015-08-19T15:01:52.906988+00:00", "source": {"name": "Sublocation Centroid Exercise of MOH/ICF Macro"}, "method": {"name": "Taken with GPS Device"}, "coordinates": "{\"type\": \"Point\", \"coordinates\": [37.72891, -0.01787]}", "facility": {"code": 12202}}, {"collection_date": "2015-08-19T15:01:52.756341+00:00", "source": {"name": "GPS"}, "method": {"name": "Taken with GPS Device"}, "coordinates": "{\"type\": \"Point\", \"coordinates\": [39.51361, -4.06412]}", "facility": {"code": 11527}}, {"collection_date": "2015-08-19T15:01:52.755743+00:00", "source": {"name": "KEMRI GIS MERGE"}, "method": {"name": "Taken with GPS Device"}, "coordinates": "{\"type\": \"Point\", \"coordinates\": [36.97671, -0.71253]}", "facility": {"code": 11180}}, {"collection_date": "2015-08-19T15:01:52.755742+00:00", "source": {"name": "Sublocation Centroid Exercise of MOH/ICF Macro"}, "method": {"name": "Other"}, "coordinates": "{\"type\": \"Point\", \"coordinates\": [36.9038, -1.20244]}", "facility": {"code": 12955}}, {"collection_date": "2015-08-19T15:01:52.688544+00:00", "source": {"name": "KEMRI GIS MERGE"}, "method": {"name": "Taken with GPS Device"}, "coordinates": "{\"type\": \"Point\", \"coordinates\": [37.496, 2.06362]}", "facility": {"code": 12385}}, {"collection_date": "2015-08-19T15:01:52.664796+00:00", "source": {"name": "DHMT"}, "method": {"name": "Taken with GPS Device"}, "coordinates": "{\"type\": \"Point\", \"coordinates\": [37.67914, -0.04513]}", "facility": {"code": 12761}}, {"collection_date": "2015-08-19T15:01:52.545510+00:00", "source": {"name": "Sublocation Centroid Exercise of MOH/ICF Macro"}, "method": {"name": "Other"}, "coordinates": "{\"type\": \"Point\", \"coordinates\": [36.847, -1.27085]}", "facility": {"code": 12980}}, {"collection_date": "2015-08-19T15:01:52.525369+00:00", "source": {"name": "DHMT"}, "method": {"name": "Taken with GPS Device"}, "coordinates": "{\"type\": \"Point\", \"coordinates\": [40.18895, 2.2376]}", "facility": {"code": 16793}}, {"collection_date": "2015-08-19T15:01:52.515878+00:00", "source": {"name": "Cold Chain Inventory (MoH/PATH/WHO) - Feb 2011"}, "method": {"name": "Taken with GPS Device"}, "coordinates": "{\"type\": \"Point\", \"coordinates\": [34.2387, -0.190999]}", "facility": {"code": 14007}}, {"collection_date": "2015-08-19T15:01:52.459916+00:00", "source": {"name": "Cold Chain Inventory (MoH/PATH/WHO) - Feb 2011"}, "method": {"name": "Taken with GPS Device"}, "coordinates": "{\"type\": \"Point\", \"coordinates\": [34.75038, -0.10062]}", "facility": {"code": 14070}}, {"collection_date": "2015-08-19T15:01:52.447717+00:00", "source": {"name": "DHMT"}, "method": {"name": "Taken with GPS Device"}, "coordinates": "{\"type\": \"Point\", \"coordinates\": [37.0407, -1.6645]}", "facility": {"code": 12766}}, {"collection_date": "2015-08-19T15:01:52.428925+00:00", "source": {"name": "MFL RRI"}, "method": {"name": "Taken with GPS Device"}, "coordinates": "{\"type\": \"Point\", \"coordinates\": [35.03907, -0.60396]}", "facility": {"code": 13754}}, {"collection_date": "2015-08-19T15:01:52.280405+00:00", "source": {"name": "DHMT"}, "method": {"name": "Taken with GPS Device"}, "coordinates": "{\"type\": \"Point\", \"coordinates\": [40.05611, 1.73379]}", "facility": {"code": 13364}}, {"collection_date": "2015-08-19T15:01:52.259081+00:00", "source": {"name": "KEMRI GIS MERGE"}, "method": {"name": "Taken with GPS Device"}, "coordinates": "{\"type\": \"Point\", \"coordinates\": [39.2324, -3.86981]}", "facility": {"code": 11479}}, {"collection_date": "2015-08-19T15:01:52.248101+00:00", "source": {"name": "Sublocation Centroid Exercise of MOH/ICF Macro"}, "method": {"name": "Other"}, "coordinates": "{\"type\": \"Point\", \"coordinates\": [36.821, -1.2852]}", "facility": {"code": 13020}}, {"collection_date": "2015-08-19T15:01:52.190246+00:00", "source": {"name": "Sublocation Centroid Exercise of MOH/ICF Macro"}, "method": {"name": "Other"}, "coordinates": "{\"type\": \"Point\", \"coordinates\": [36.8937, -0.491107]}", "facility": {"code": 10063}}, {"collection_date": "2015-08-19T15:01:52.179366+00:00", "source": {"name": "Sublocation Centroid Exercise of MOH/ICF Macro"}, "method": {"name": "Other"}, "coordinates": "{\"type\": \"Point\", \"coordinates\": [36.9038, -1.20244]}", "facility": {"code": 12956}}, {"collection_date": "2015-08-19T15:01:52.168256+00:00", "source": {"name": "GPS MACHINE"}, "method": {"name": "Taken with GPS Device"}, "coordinates": "{\"type\": \"Point\", \"coordinates\": [38.01142, -1.47467]}", "facility": {"code": 12406}}, {"collection_date": "2015-08-19T15:01:52.024934+00:00", "source": {"name": "Sublocation Centroid Exercise of MOH/ICF Macro"}, "method": {"name": "Other"}, "coordinates": "{\"type\": \"Point\", \"coordinates\": [36.9652, -0.529353]}", "facility": {"code": 11062}}, {"collection_date": "2015-08-19T15:01:52.002806+00:00", "source": {"name": "DHMT"}, "method": {"name": "Taken with GPS Device"}, "coordinates": "{\"type\": \"Point\", \"coordinates\": [39.39798, -4.04451]}", "facility": {"code": 11464}}, {"collection_date": "2015-08-19T15:01:51.984120+00:00", "source": {"name": "MOPHS"}, "method": {"name": "Taken with GPS Device"}, "coordinates": "{\"type\": \"Point\", \"coordinates\": [34.64529, -0.76056]}", "facility": {"code": 16881}}, {"collection_date": "2015-08-19T15:01:51.927496+00:00", "source": {"name": "SARAM 2013"}, "method": {"name": "Taken with GPS Device"}, "coordinates": "{\"type\": \"Point\", \"coordinates\": [34.03299, -0.03974]}", "facility": {"code": 16874}}, {"collection_date": "2015-08-19T15:01:51.923173+00:00", "source": {"name": "KEMRI GIS MERGE"}, "method": {"name": "Taken with GPS Device"}, "coordinates": "{\"type\": \"Point\", \"coordinates\": [36.67618, -0.79401]}", "facility": {"code": 10951}}, {"collection_date": "2015-08-19T15:01:51.913060+00:00", "source": {"name": "DHRIO"}, "method": {"name": "Taken with GPS Device"}, "coordinates": "{\"type\": \"Point\", \"coordinates\": [37.9423, -0.29656]}", "facility": {"code": 12034}}, {"collection_date": "2015-08-19T15:01:51.894172+00:00", "source": {"name": "SARAM 2013"}, "method": {"name": "Taken with GPS Device"}, "coordinates": "{\"type\": \"Point\", \"coordinates\": [39.14233, -3.75404]}", "facility": {"code": 11838}}, {"collection_date": "2015-08-19T15:01:51.780776+00:00", "source": {"name": "KEMRI GIS MERGE"}, "method": {"name": "Taken with GPS Device"}, "coordinates": "{\"type\": \"Point\", \"coordinates\": [36.73778, -1.28418]}", "facility": {"code": 13135}}, {"collection_date": "2015-08-19T15:01:51.732964+00:00", "source": {"name": "Monyancha"}, "method": {"name": "Taken with GPS Device"}, "coordinates": "{\"type\": \"Point\", \"coordinates\": [34.91642, -0.63707]}", "facility": {"code": 13614}}, {"collection_date": "2015-08-19T15:01:51.713634+00:00", "source": {"name": "Sublocation Centroid Exercise of MOH/ICF Macro"}, "method": {"name": "Other"}, "coordinates": "{\"type\": \"Point\", \"coordinates\": [37.0856, -0.679142]}", "facility": {"code": 10853}}, {"collection_date": "2015-08-19T15:01:51.700590+00:00", "source": {"name": "DHMT"}, "method": {"name": "Taken with GPS Device"}, "coordinates": "{\"type\": \"Point\", \"coordinates\": [36.8171, -1.31645]}", "facility": {"code": 13033}}, {"collection_date": "2015-08-19T15:01:51.512343+00:00", "source": {"name": "DHMT"}, "method": {"name": "Taken with GPS Device"}, "coordinates": "{\"type\": \"Point\", \"coordinates\": [37.68144, -0.1904]}", "facility": {"code": 12296}}, {"collection_date": "2015-08-19T15:01:51.489603+00:00", "source": {"name": "DHMT"}, "method": {"name": "Taken with GPS Device"}, "coordinates": "{\"type\": \"Point\", \"coordinates\": [37.30891, -0.42916]}", "facility": {"code": 10746}}, {"collection_date": "2015-08-19T15:01:51.478727+00:00", "source": {"name": "Sublocation Centroid Exercise of MOH/ICF Macro"}, "method": {"name": "Other"}, "coordinates": "{\"type\": \"Point\", \"coordinates\": [36.8665, -1.2148]}", "facility": {"code": 12959}}, {"collection_date": "2015-08-19T15:01:51.478727+00:00", "source": {"name": "Sublocation Centroid Exercise of MOH/ICF Macro"}, "method": {"name": "Other"}, "coordinates": "{\"type\": \"Point\", \"coordinates\": [36.1281, -2.0999]}", "facility": {"code": 16430}}, {"collection_date": "2015-08-19T15:01:51.424907+00:00", "source": {"name": "DHMT"}, "method": {"name": "Taken with GPS Device"}, "coordinates": "{\"type\": \"Point\", \"coordinates\": [34.52025, -0.34955]}", "facility": {"code": 16876}}, {"collection_date": "2015-08-19T15:01:51.369592+00:00", "source": {"name": "DHMT"}, "method": {"name": "Taken with GPS Device"}, "coordinates": "{\"type\": \"Point\", \"coordinates\": [36.78804, -1.30692]}", "facility": {"code": 12894}}, {"collection_date": "2015-08-19T15:01:51.368027+00:00", "source": {"name": "DHMT"}, "method": {"name": "Taken with GPS Device"}, "coordinates": "{\"type\": \"Point\", \"coordinates\": [39.58088, 0.65177]}", "facility": {"code": 16289}}, {"collection_date": "2015-08-19T15:01:51.358676+00:00", "source": {"name": "MFL RRI"}, "method": {"name": "Taken with GPS Device"}, "coordinates": "{\"type\": \"Point\", \"coordinates\": [35.0398, -0.50845]}", "facility": {"code": 16868}}, {"collection_date": "2015-08-19T15:01:51.334148+00:00", "source": {"name": "DHMT"}, "method": {"name": "Taken with GPS Device"}, "coordinates": "{\"type\": \"Point\", \"coordinates\": [37.77528, -3.17078]}", "facility": {"code": 15359}}, {"collection_date": "2015-08-19T15:01:51.223274+00:00", "source": {"name": "DHMT"}, "method": {"name": "Taken with GPS Device"}, "coordinates": "{\"type\": \"Point\", \"coordinates\": [36.7802, -1.31611]}", "facility": {"code": 13234}}, {"collection_date": "2015-08-19T15:01:51.157855+00:00", "source": {"name": "Reception"}, "method": {"name": "Taken with GPS Device"}, "coordinates": "{\"type\": \"Point\", \"coordinates\": [38.34606, -1.56838]}", "facility": {"code": 12403}}, {"collection_date": "2015-08-19T15:01:51.147513+00:00", "source": {"name": "DHMT"}, "method": {"name": "Taken with GPS Device"}, "coordinates": "{\"type\": \"Point\", \"coordinates\": [36.95366, -1.0827]}", "facility": {"code": 10967}}, {"collection_date": "2015-08-19T15:01:51.138071+00:00", "source": {"name": "Cold Chain Inventory (MoH/PATH/WHO) - Feb 2011"}, "method": {"name": "Taken with GPS Device"}, "coordinates": "{\"type\": \"Point\", \"coordinates\": [37.4785, -0.53518]}", "facility": {"code": 12035}}, {"collection_date": "2015-08-19T15:01:51.101138+00:00", "source": {"name": "KEMRI GIS MERGE"}, "method": {"name": "Taken with GPS Device"}, "coordinates": "{\"type\": \"Point\", \"coordinates\": [39.4334, -3.88865]}", "facility": {"code": 11687}}, {"collection_date": "2015-08-19T15:01:51.081093+00:00", "source": {"name": "DHMT"}, "method": {"name": "Taken with GPS Device"}, "coordinates": "{\"type\": \"Point\", \"coordinates\": [36.789084, -1.315311]}", "facility": {"code": 13030}}, {"collection_date": "2015-08-19T15:01:51.027555+00:00", "source": {"name": "Sublocation Centroid Exercise of MOH/ICF Macro"}, "method": {"name": "Other"}, "coordinates": "{\"type\": \"Point\", \"coordinates\": [36.67467, -1.21191]}", "facility": {"code": 10424}}, {"collection_date": "2015-08-19T15:01:51.024434+00:00", "source": {"name": "DHMT"}, "method": {"name": "Taken with GPS Device"}, "coordinates": "{\"type\": \"Point\", \"coordinates\": [39.63966, -0.45389]}", "facility": {"code": 13350}}, {"collection_date": "2015-08-19T15:01:50.986930+00:00", "source": {"name": "DHMT"}, "method": {"name": "Taken with GPS Device"}, "coordinates": "{\"type\": \"Point\", \"coordinates\": [36.80599, -1.83119]}", "facility": {"code": 14650}}, {"collection_date": "2015-08-19T15:01:50.964466+00:00", "source": {"name": "DHMT"}, "method": {"name": "Taken with GPS Device"}, "coordinates": "{\"type\": \"Point\", \"coordinates\": [37.12527, -0.568]}", "facility": {"code": 11090}}, {"collection_date": "2015-08-19T15:01:50.931539+00:00", "source": {"name": "Sublocation Centroid Exercise of MOH/ICF Macro"}, "method": {"name": "Other"}, "coordinates": "{\"type\": \"Point\", \"coordinates\": [36.821, -1.2852]}", "facility": {"code": 12940}}, {"collection_date": "2015-08-19T15:01:50.900056+00:00", "source": {"name": "SARAM 2013"}, "method": {"name": "Taken with GPS Device"}, "coordinates": "{\"type\": \"Point\", \"coordinates\": [35.60652, -0.43614]}", "facility": {"code": 14312}}, {"collection_date": "2015-08-19T15:01:50.888325+00:00", "source": {"name": "HMIS, DHRIO"}, "method": {"name": "Taken with GPS Device"}, "coordinates": "{\"type\": \"Point\", \"coordinates\": [34.93193, 0.15719]}", "facility": {"code": 14644}}, {"collection_date": "2015-08-19T15:01:50.879221+00:00", "source": {"name": "SCHMT"}, "method": {"name": "Taken with GPS Device"}, "coordinates": "{\"type\": \"Point\", \"coordinates\": [38.12277, -1.3434]}", "facility": {"code": 12607}}, {"collection_date": "2015-08-19T15:01:50.831642+00:00", "source": {"name": "Sublocation Centroid Exercise of MOH/ICF Macro"}, "method": {"name": "Other"}, "coordinates": "{\"type\": \"Point\", \"coordinates\": [36.345, -1.74934]}", "facility": {"code": 16427}}, {"collection_date": "2015-08-19T15:01:50.797805+00:00", "source": {"name": "KEMRI GIS MERGE"}, "method": {"name": "Calc from proximity to school, village,markets"}, "coordinates": "{\"type\": \"Point\", \"coordinates\": [36.79112, -1.97727]}", "facility": {"code": 15000}}, {"collection_date": "2015-08-19T15:01:50.760282+00:00", "source": {"name": "Sublocation Centroid Exercise of MOH/ICF Macro"}, "method": {"name": "Other"}, "coordinates": "{\"type\": \"Point\", \"coordinates\": [37.0942, -1.13528]}", "facility": {"code": 10945}}, {"collection_date": "2015-08-19T15:01:50.754538+00:00", "source": {"name": "Cold Chain Inventory (MoH/PATH/WHO) - Feb 2011"}, "method": {"name": "Taken with GPS Device"}, "coordinates": "{\"type\": \"Point\", \"coordinates\": [34.24136, -0.13472]}", "facility": {"code": 13743}}, {"collection_date": "2015-08-19T15:01:50.733293+00:00", "source": {"name": "Cold Chain Inventory (MoH/PATH/WHO) - Feb 2011"}, "method": {"name": "Taken with GPS Device"}, "coordinates": "{\"type\": \"Point\", \"coordinates\": [34.5836, -0.59816]}", "facility": {"code": 14035}}, {"collection_date": "2015-08-19T15:01:50.721687+00:00", "source": {"name": "MFL RRI EEXERCISE by DHRIO"}, "method": {"name": "Taken with GPS Device"}, "coordinates": "{\"type\": \"Point\", \"coordinates\": [34.93203, -0.70034]}", "facility": {"code": 13746}}, {"collection_date": "2015-08-19T15:01:50.677203+00:00", "source": {"name": "DHMT"}, "method": {"name": "Taken with GPS Device"}, "coordinates": "{\"type\": \"Point\", \"coordinates\": [36.77879, -1.3142]}", "facility": {"code": 12891}}, {"collection_date": "2015-08-19T15:01:50.647257+00:00", "source": {"name": "SARAM 2013"}, "method": {"name": "Taken with GPS Device"}, "coordinates": "{\"type\": \"Point\", \"coordinates\": [37.24962, -1.37856]}", "facility": {"code": 12732}}, {"collection_date": "2015-08-19T15:01:50.520981+00:00", "source": {"name": "Cold Chain Inventory (MoH/PATH/WHO) - Feb 2011"}, "method": {"name": "Taken with GPS Device"}, "coordinates": "{\"type\": \"Point\", \"coordinates\": [34.81161, -0.51833]}", "facility": {"code": 13693}}, {"collection_date": "2015-08-19T15:01:50.512267+00:00", "source": {"name": "DHMT"}, "method": {"name": "Taken with GPS Device"}, "coordinates": "{\"type\": \"Point\", \"coordinates\": [37.22951, -0.48835]}", "facility": {"code": 10796}}, {"collection_date": "2015-08-19T15:01:50.476569+00:00", "source": {"name": "HMIS OFFICE"}, "method": {"name": "Taken with GPS Device"}, "coordinates": "{\"type\": \"Point\", \"coordinates\": [40.28561, -2.50869]}", "facility": {"code": 11778}}, {"collection_date": "2015-08-19T15:01:50.468314+00:00", "source": {"name": "DHMT"}, "method": {"name": "Taken with GPS Device"}, "coordinates": "{\"type\": \"Point\", \"coordinates\": [38.06136, 2.28624]}", "facility": {"code": 11986}}, {"collection_date": "2015-08-19T15:01:50.400672+00:00", "source": {"name": "Sublocation Centroid Exercise of MOH/ICF Macro"}, "method": {"name": "Other"}, "coordinates": "{\"type\": \"Point\", \"coordinates\": [37.0979, -1.06743]}", "facility": {"code": 10516}}, {"collection_date": "2015-08-19T15:01:50.390113+00:00", "source": {"name": "KEMRI GIS MERGE"}, "method": {"name": "Taken with GPS Device"}, "coordinates": "{\"type\": \"Point\", \"coordinates\": [34.53846, -1.26684]}", "facility": {"code": 13898}}, {"collection_date": "2015-08-19T15:01:50.381105+00:00", "source": {"name": "DHMT"}, "method": {"name": "Taken with GPS Device"}, "coordinates": "{\"type\": \"Point\", \"coordinates\": [37.38938, -0.44485]}", "facility": {"code": 11048}}, {"collection_date": "2015-08-19T15:01:50.333207+00:00", "source": {"name": "Sublocation Centroid Exercise of MOH/ICF Macro"}, "method": {"name": "Other"}, "coordinates": "{\"type\": \"Point\", \"coordinates\": [34.5604, 0.0]}", "facility": {"code": 16488}}, {"collection_date": "2015-08-19T15:01:50.322772+00:00", "source": {"name": "Cold Chain Inventory (MoH/PATH/WHO) - Feb 2011"}, "method": {"name": "Taken with GPS Device"}, "coordinates": "{\"type\": \"Point\", \"coordinates\": [37.44415, -0.43103]}", "facility": {"code": 12765}}, {"collection_date": "2015-08-19T15:01:50.270741+00:00", "source": {"name": "Sublocation Centroid Exercise of MOH/ICF Macro"}, "method": {"name": "Other"}, "coordinates": "{\"type\": \"Point\", \"coordinates\": [34.5641, 0.692948]}", "facility": {"code": 16063}}, {"collection_date": "2015-08-19T15:01:50.261949+00:00", "source": {"name": "Cold Chain Inventory (MoH/PATH/WHO) - Feb 2011"}, "method": {"name": "Taken with GPS Device"}, "coordinates": "{\"type\": \"Point\", \"coordinates\": [37.24224, -1.17559]}", "facility": {"code": 16437}}, {"collection_date": "2015-08-19T15:01:50.241885+00:00", "source": {"name": "KEMRI GIS MERGE"}, "method": {"name": "Taken with GPS Device"}, "coordinates": "{\"type\": \"Point\", \"coordinates\": [39.78116, -3.88999]}", "facility": {"code": 11470}}, {"collection_date": "2015-08-19T15:01:50.199717+00:00", "source": {"name": "SARAM 2013"}, "method": {"name": "Taken with GPS Device"}, "coordinates": "{\"type\": \"Point\", \"coordinates\": [37.69747, -0.49111]}", "facility": {"code": 16855}}, {"collection_date": "2015-08-19T15:01:50.175710+00:00", "source": {"name": "KEMRI GIS MERGE"}, "method": {"name": "Taken with GPS Device"}, "coordinates": "{\"type\": \"Point\", \"coordinates\": [34.75698, -0.11627]}", "facility": {"code": 14012}}, {"collection_date": "2015-08-19T15:01:50.142785+00:00", "source": {"name": "John Monyancha"}, "method": {"name": "Taken with GPS Device"}, "coordinates": "{\"type\": \"Point\", \"coordinates\": [35.02502, -0.61615]}", "facility": {"code": 13820}}, {"collection_date": "2015-08-19T15:01:50.121713+00:00", "source": {"name": "Sublocation Centroid Exercise of MOH/ICF Macro"}, "method": {"name": "Taken with GPS Device"}, "coordinates": "{\"type\": \"Point\", \"coordinates\": [37.01669, -1.09934]}", "facility": {"code": 11027}}, {"collection_date": "2015-08-19T15:01:50.111695+00:00", "source": {"name": "DHMT"}, "method": {"name": "Taken with GPS Device"}, "coordinates": "{\"type\": \"Point\", \"coordinates\": [37.76409, -0.01386]}", "facility": {"code": 12026}}, {"collection_date": "2015-08-19T15:01:50.077893+00:00", "source": {"name": "SARAM 2013"}, "method": {"name": "Taken with GPS Device"}, "coordinates": "{\"type\": \"Point\", \"coordinates\": [37.836, -0.01127]}", "facility": {"code": 16835}}, {"collection_date": "2015-08-19T15:01:50.054212+00:00", "source": {"name": "DHRIO"}, "method": {"name": "Taken with GPS Device"}, "coordinates": "{\"type\": \"Point\", \"coordinates\": [37.38139, 2.5574]}", "facility": {"code": 12446}}, {"collection_date": "2015-08-19T15:01:49.998397+00:00", "source": {"name": "Cold Chain Inventory (MoH/PATH/WHO) - Feb 2011"}, "method": {"name": "Taken with GPS Device"}, "coordinates": "{\"type\": \"Point\", \"coordinates\": [37.07066, -1.01834]}", "facility": {"code": 10105}}, {"collection_date": "2015-08-19T15:01:49.993427+00:00", "source": {"name": "DHMT"}, "method": {"name": "Taken with GPS Device"}, "coordinates": "{\"type\": \"Point\", \"coordinates\": [38.83669, 0.5955]}", "facility": {"code": 11998}}, {"collection_date": "2015-08-19T15:01:49.977746+00:00", "source": {"name": "KEMRI GIS MERGE"}, "method": {"name": "Taken with GPS Device"}, "coordinates": "{\"type\": \"Point\", \"coordinates\": [36.86611, -1.99158]}", "facility": {"code": 15443}}, {"collection_date": "2015-08-19T15:01:49.966940+00:00", "source": {"name": "MOPHS (DHRIO)"}, "method": {"name": "Taken with GPS Device"}, "coordinates": "{\"type\": \"Point\", \"coordinates\": [34.6321, -0.94902]}", "facility": {"code": 16880}}, {"collection_date": "2015-08-19T15:01:49.895345+00:00", "source": {"name": "DHMT"}, "method": {"name": "Taken with GPS Device"}, "coordinates": "{\"type\": \"Point\", \"coordinates\": [37.83387, -0.08101]}", "facility": {"code": 12451}}, {"collection_date": "2015-08-19T15:01:49.842101+00:00", "source": {"name": "MOPHS (DHRIO)"}, "method": {"name": "Taken with GPS Device"}, "coordinates": "{\"type\": \"Point\", \"coordinates\": [34.6649, -0.726023]}", "facility": {"code": 13573}}, {"collection_date": "2015-08-19T15:01:49.841939+00:00", "source": {"name": "Sublocation Centroid Exercise of MOH/ICF Macro"}, "method": {"name": "Other"}, "coordinates": "{\"type\": \"Point\", \"coordinates\": [36.9633, -1.23264]}", "facility": {"code": 13145}}, {"collection_date": "2015-08-19T15:01:49.747868+00:00", "source": {"name": "KEMRI GIS MERGE"}, "method": {"name": "Taken with GPS Device"}, "coordinates": "{\"type\": \"Point\", \"coordinates\": [36.70991, -0.98134]}", "facility": {"code": 10841}}, {"collection_date": "2015-08-19T15:01:49.747656+00:00", "source": {"name": "HMIS OFFICE"}, "method": {"name": "Taken with GPS Device"}, "coordinates": "{\"type\": \"Point\", \"coordinates\": [40.13482, -2.18442]}", "facility": {"code": 11586}}, {"collection_date": "2015-08-19T15:01:49.704375+00:00", "source": {"name": "DHMT"}, "method": {"name": "Taken with GPS Device"}, "coordinates": "{\"type\": \"Point\", \"coordinates\": [34.76096, -0.10086]}", "facility": {"code": 13552}}, {"collection_date": "2015-08-19T15:01:49.564531+00:00", "source": {"name": "DHMT"}, "method": {"name": "Taken with GPS Device"}, "coordinates": "{\"type\": \"Point\", \"coordinates\": [38.00329, 2.34008]}", "facility": {"code": 11983}}], "model": "mfl_gis.FacilityCoordinates", "unique_fields": ["facility"]}]