[{"records": [{"collection_date": "2015-08-19T15:01:40.852816+00:00", "source": {"name": "DHMT"}, "method": {"name": "Taken with GPS Device"}, "coordinates": "{\"type\": \"Point\", \"coordinates\": [36.803218, -1.295947]}", "facility": {"code": 12898}}, {"collection_date": "2015-08-19T15:01:40.801087+00:00", "source": {"name": "Cold Chain Inventory (MoH/PATH/WHO) - Feb 2011"}, "method": {"name": "Taken with GPS Device"}, "coordinates": "{\"type\": \"Point\", \"coordinates\": [37.4518, -0.4562]}", "facility": {"code": 12559}}, {"collection_date": "2015-08-19T15:01:40.789840+00:00", "source": {"name": "Cold Chain Inventory (MoH/PATH/WHO) - Feb 2011"}, "method": {"name": "Taken with GPS Device"}, "coordinates": "{\"type\": \"Point\", \"coordinates\": [34.13437, -0.15221]}", "facility": {"code": 14077}}, {"collection_date": "2015-08-19T15:01:40.788125+00:00", "source": {"name": "Sublocation Centroid Exercise of MOH/ICF Macro"}, "method": {"name": "Other"}, "coordinates": "{\"type\": \"Point\", \"coordinates\": [37.2898, -1.06287]}", "facility": {"code": 10816}}, {"collection_date": "2015-08-19T15:01:40.645379+00:00", "source": {"name": "Cold Chain Inventory (MoH/PATH/WHO) - Feb 2011"}, "method": {"name": "Taken with GPS Device"}, "coordinates": "{\"type\": \"Point\", \"coordinates\": [37.09516, -0.30762]}", "facility": {"code": 10996}}, {"collection_date": "2015-08-19T15:01:40.622919+00:00", "source": {"name": "Sublocation Centroid Exercise of MOH/ICF Macro"}, "method": {"name": "Taken with GPS Device"}, "coordinates": "{\"type\": \"Point\", \"coordinates\": [35.61511, -0.57171]}", "facility": {"code": 16682}}, {"collection_date": "2015-08-19T15:01:40.547334+00:00", "source": {"name": "DHMT"}, "method": {"name": "Taken with GPS Device"}, "coordinates": "{\"type\": \"Point\", \"coordinates\": [40.14583, -1.69614]}", "facility": {"code": 16659}}, {"collection_date": "2015-08-19T15:01:40.546008+00:00", "source": {"name": "Cold Chain Inventory (MoH/PATH/WHO) - Feb 2011"}, "method": {"name": "Taken with GPS Device"}, "coordinates": "{\"type\": \"Point\", \"coordinates\": [34.47174, -1.10536]}", "facility": {"code": 14136}}, {"collection_date": "2015-08-19T15:01:40.535233+00:00", "source": {"name": "KEMRI GIS MERGE"}, "method": {"name": "Taken with GPS Device"}, "coordinates": "{\"type\": \"Point\", \"coordinates\": [37.66579, -0.42056]}", "facility": {"code": 12443}}, {"collection_date": "2015-08-19T15:01:40.525081+00:00", "source": {"name": "Sublocation Centroid Exercise of MOH/ICF Macro"}, "method": {"name": "Taken with GPS Device"}, "coordinates": "{\"type\": \"Point\", \"coordinates\": [39.68344, -4.01894]}", "facility": {"code": 11621}}, {"collection_date": "2015-08-19T15:01:40.524525+00:00", "source": {"name": "KEMRI GIS MERGE"}, "method": {"name": "Taken with GPS Device"}, "coordinates": "{\"type\": \"Point\", \"coordinates\": [36.71383, -0.13863]}", "facility": {"code": 10750}}, {"collection_date": "2015-08-19T15:01:40.345338+00:00", "source": {"name": "DHMT"}, "method": {"name": "Taken with GPS Device"}, "coordinates": "{\"type\": \"Point\", \"coordinates\": [40.20611, -1.96993]}", "facility": {"code": 13385}}, {"collection_date": "2015-08-19T15:01:40.320164+00:00", "source": {"name": "DHMT"}, "method": {"name": "Taken with GPS Device"}, "coordinates": "{\"type\": \"Point\", \"coordinates\": [38.02626, 2.26571]}", "facility": {"code": 11940}}, {"collection_date": "2015-08-19T15:01:40.279031+00:00", "source": {"name": "KEMRI GIS MERGE"}, "method": {"name": "Taken with GPS Device"}, "coordinates": "{\"type\": \"Point\", \"coordinates\": [37.39063, -0.46692]}", "facility": {"code": 10868}}, {"collection_date": "2015-08-19T15:01:40.277418+00:00", "source": {"name": "Sublocation Centroid Exercise of MOH/ICF Macro"}, "method": {"name": "Taken with GPS Device"}, "coordinates": "{\"type\": \"Point\", \"coordinates\": [36.9099, -1.18157]}", "facility": {"code": 13147}}, {"collection_date": "2015-08-19T15:01:40.267309+00:00", "source": {"name": "DHMT"}, "method": {"name": "Taken with GPS Device"}, "coordinates": "{\"type\": \"Point\", \"coordinates\": [37.8937, 2.21177]}", "facility": {"code": 12197}}, {"collection_date": "2015-08-19T15:01:40.147355+00:00", "source": {"name": "DHMT"}, "method": {"name": "Taken with GPS Device"}, "coordinates": "{\"type\": \"Point\", \"coordinates\": [40.09892, 1.84418]}", "facility": {"code": 13391}}, {"collection_date": "2015-08-19T15:01:40.115136+00:00", "source": {"name": "Reception"}, "method": {"name": "Taken with GPS Device"}, "coordinates": "{\"type\": \"Point\", \"coordinates\": [38.5848, -1.2054]}", "facility": {"code": 12459}}, {"collection_date": "2015-08-19T15:01:40.093566+00:00", "source": {"name": "KEMRI GIS MERGE"}, "method": {"name": "Calc from proximity to school, village,markets"}, "coordinates": "{\"type\": \"Point\", \"coordinates\": [34.56562, -0.85845]}", "facility": {"code": 14032}}, {"collection_date": "2015-08-19T15:01:40.089503+00:00", "source": {"name": "Sublocation Centroid Exercise of MOH/ICF Macro"}, "method": {"name": "Other"}, "coordinates": "{\"type\": \"Point\", \"coordinates\": [36.821, -1.2852]}", "facility": {"code": 13237}}, {"collection_date": "2015-08-19T15:01:40.038496+00:00", "source": {"name": "KEMRI GIS MERGE"}, "method": {"name": "Taken with GPS Device"}, "coordinates": "{\"type\": \"Point\", \"coordinates\": [34.58561, -1.00703]}", "facility": {"code": 14157}}, {"collection_date": "2015-08-19T15:01:40.022738+00:00", "source": {"name": "KEMRI GIS MERGE"}, "method": {"name": "Taken with GPS Device"}, "coordinates": "{\"type\": \"Point\", \"coordinates\": [37.82409, 0.15389]}", "facility": {"code": 12354}}, {"collection_date": "2015-08-19T15:01:40.010850+00:00", "source": {"name": "DHMT"}, "method": {"name": "Taken with GPS Device"}, "coordinates": "{\"type\": \"Point\", \"coordinates\": [40.25347, -1.89815]}", "facility": {"code": 13383}}, {"collection_date": "2015-08-19T15:01:39.848353+00:00", "source": {"name": "Cold Chain Inventory (MoH/PATH/WHO) - Feb 2011"}, "method": {"name": "Taken with GPS Device"}, "coordinates": "{\"type\": \"Point\", \"coordinates\": [37.16755, -1.0214]}", "facility": {"code": 10437}}, {"collection_date": "2015-08-19T15:01:39.832118+00:00", "source": {"name": "Cold Chain Inventory (MoH/PATH/WHO) - Feb 2011"}, "method": {"name": "Taken with GPS Device"}, "coordinates": "{\"type\": \"Point\", \"coordinates\": [36.37867, -0.2747]}", "facility": {"code": 10915}}, {"collection_date": "2015-08-19T15:01:39.801496+00:00", "source": {"name": "KEMRI GIS MERGE"}, "method": {"name": "Taken with GPS Device"}, "coordinates": "{\"type\": \"Point\", \"coordinates\": [34.74475, -0.65515]}", "facility": {"code": 13866}}, {"collection_date": "2015-08-19T15:01:39.787603+00:00", "source": {"name": "KEMRI GIS MERGE"}, "method": {"name": "Calc from proximity to school, village,markets"}, "coordinates": "{\"type\": \"Point\", \"coordinates\": [34.4761, 0.12871]}", "facility": {"code": 16027}}, {"collection_date": "2015-08-19T15:01:39.769469+00:00", "source": {"name": "DHMT"}, "method": {"name": "Taken with GPS Device"}, "coordinates": "{\"type\": \"Point\", \"coordinates\": [40.50929, -1.69639]}", "facility": {"code": 13374}}, {"collection_date": "2015-08-19T15:01:39.710640+00:00", "source": {"name": "Cold Chain Inventory (MoH/PATH/WHO) - Feb 2011"}, "method": {"name": "Taken with GPS Device"}, "coordinates": "{\"type\": \"Point\", \"coordinates\": [36.37969, -0.19735]}", "facility": {"code": 10979}}, {"collection_date": "2015-08-19T15:01:39.702845+00:00", "source": {"name": "Sublocation Centroid Exercise of MOH/ICF Macro"}, "method": {"name": "Other"}, "coordinates": "{\"type\": \"Point\", \"coordinates\": [36.821, -1.2852]}", "facility": {"code": 13107}}, {"collection_date": "2015-08-19T15:01:39.682481+00:00", "source": {"name": "KEMRI GIS MERGE"}, "method": {"name": "Calc from proximity to school, village,markets"}, "coordinates": "{\"type\": \"Point\", \"coordinates\": [36.681826, -1.339507]}", "facility": {"code": 14445}}, {"collection_date": "2015-08-19T15:01:39.543880+00:00", "source": {"name": "Cold Chain Inventory (MoH/PATH/WHO) - Feb 2011"}, "method": {"name": "Taken with GPS Device"}, "coordinates": "{\"type\": \"Point\", \"coordinates\": [37.58844, -0.39569]}", "facility": {"code": 12550}}, {"collection_date": "2015-08-19T15:01:39.521499+00:00", "source": {"name": "DHMT"}, "method": {"name": "Taken with GPS Device"}, "coordinates": "{\"type\": \"Point\", \"coordinates\": [36.9903, -2.59761]}", "facility": {"code": 15402}}, {"collection_date": "2015-08-19T15:01:39.488588+00:00", "source": {"name": "Sublocation Centroid Exercise of MOH/ICF Macro"}, "method": {"name": "Other"}, "coordinates": "{\"type\": \"Point\", \"coordinates\": [37.28184, 0.22592]}", "facility": {"code": 14267}}, {"collection_date": "2015-08-19T15:01:39.464790+00:00", "source": {"name": "KEMRI GIS MERGE"}, "method": {"name": "Taken with GPS Device"}, "coordinates": "{\"type\": \"Point\", \"coordinates\": [37.2495, 1.92738]}", "facility": {"code": 12086}}, {"collection_date": "2015-08-19T15:01:39.455620+00:00", "source": {"name": "Sublocation Centroid Exercise of MOH/ICF Macro"}, "method": {"name": "Other"}, "coordinates": "{\"type\": \"Point\", \"coordinates\": [36.7349, -1.61761]}", "facility": {"code": 14204}}, {"collection_date": "2015-08-19T15:01:39.429214+00:00", "source": {"name": "DHMT"}, "method": {"name": "Taken with GPS Device"}, "coordinates": "{\"type\": \"Point\", \"coordinates\": [40.72971, -1.3132]}", "facility": {"code": 13431}}, {"collection_date": "2015-08-19T15:01:39.398934+00:00", "source": {"name": "DHMT"}, "method": {"name": "Taken with GPS Device"}, "coordinates": "{\"type\": \"Point\", \"coordinates\": [40.25548, 1.8794]}", "facility": {"code": 13325}}, {"collection_date": "2015-08-19T15:01:39.366119+00:00", "source": {"name": "Sublocation Centroid Exercise of MOH/ICF Macro"}, "method": {"name": "Taken with GPS Device"}, "coordinates": "{\"type\": \"Point\", \"coordinates\": [36.6873, -1.28837]}", "facility": {"code": 12960}}, {"collection_date": "2015-08-19T15:01:39.332661+00:00", "source": {"name": "Sublocation Centroid Exercise of MOH/ICF Macro"}, "method": {"name": "Taken with GPS Device"}, "coordinates": "{\"type\": \"Point\", \"coordinates\": [38.3139, 2.00724]}", "facility": {"code": 16213}}, {"collection_date": "2015-08-19T15:01:39.323128+00:00", "source": {"name": "Sublocation Centroid Exercise of MOH/ICF Macro"}, "method": {"name": "Other"}, "coordinates": "{\"type\": \"Point\", \"coordinates\": [37.3772, -0.734994]}", "facility": {"code": 11069}}, {"collection_date": "2015-08-19T15:01:39.300713+00:00", "source": {"name": "DHMT"}, "method": {"name": "Taken with GPS Device"}, "coordinates": "{\"type\": \"Point\", \"coordinates\": [40.65894, -1.45253]}", "facility": {"code": 13360}}, {"collection_date": "2015-08-19T15:01:39.275298+00:00", "source": {"name": "DHMT"}, "method": {"name": "Taken with GPS Device"}, "coordinates": "{\"type\": \"Point\", \"coordinates\": [37.56426, -0.03735]}", "facility": {"code": 12830}}, {"collection_date": "2015-08-19T15:01:39.237648+00:00", "source": {"name": "MOPHS"}, "method": {"name": "Taken with GPS Device"}, "coordinates": "{\"type\": \"Point\", \"coordinates\": [37.46417, 0.18852]}", "facility": {"code": 12426}}, {"collection_date": "2015-08-19T15:01:39.219991+00:00", "source": {"name": "Cold Chain Inventory (MoH/PATH/WHO) - Feb 2011"}, "method": {"name": "Taken with GPS Device"}, "coordinates": "{\"type\": \"Point\", \"coordinates\": [36.33236, -0.29098]}", "facility": {"code": 10423}}, {"collection_date": "2015-08-19T15:01:39.198993+00:00", "source": {"name": "GPS"}, "method": {"name": "Taken with GPS Device"}, "coordinates": "{\"type\": \"Point\", \"coordinates\": [34.75, -0.76236]}", "facility": {"code": 13933}}, {"collection_date": "2015-08-19T15:01:39.185094+00:00", "source": {"name": "Sublocation Centroid Exercise of MOH/ICF Macro"}, "method": {"name": "Other"}, "coordinates": "{\"type\": \"Point\", \"coordinates\": [37.4564, -1.45895]}", "facility": {"code": 16651}}, {"collection_date": "2015-08-19T15:01:39.154825+00:00", "source": {"name": "GPS"}, "method": {"name": "Taken with GPS Device"}, "coordinates": "{\"type\": \"Point\", \"coordinates\": [38.30107, -1.29244]}", "facility": {"code": 12151}}, {"collection_date": "2015-08-19T15:01:39.100150+00:00", "source": {"name": "Sublocation Centroid Exercise of MOH/ICF Macro"}, "method": {"name": "Other"}, "coordinates": "{\"type\": \"Point\", \"coordinates\": [36.8617, -1.25087]}", "facility": {"code": 13022}}, {"collection_date": "2015-08-19T15:01:39.095913+00:00", "source": {"name": "KEMRI GIS MERGE"}, "method": {"name": "Taken with GPS Device"}, "coordinates": "{\"type\": \"Point\", \"coordinates\": [37.85015, -0.31805]}", "facility": {"code": 12131}}, {"collection_date": "2015-08-19T15:01:39.077961+00:00", "source": {"name": "MOH"}, "method": {"name": "Taken with GPS Device"}, "coordinates": "{\"type\": \"Point\", \"coordinates\": [39.78219, -3.12989]}", "facility": {"code": 11514}}, {"collection_date": "2015-08-19T15:01:39.071447+00:00", "source": {"name": "HMIS OFFICE"}, "method": {"name": "Taken with GPS Device"}, "coordinates": "{\"type\": \"Point\", \"coordinates\": [40.17506, -2.06178]}", "facility": {"code": 16194}}, {"collection_date": "2015-08-19T15:01:38.940188+00:00", "source": {"name": "DHRIO"}, "method": {"name": "Taken with GPS Device"}, "coordinates": "{\"type\": \"Point\", \"coordinates\": [37.85778, -0.18568]}", "facility": {"code": 12813}}, {"collection_date": "2015-08-19T15:01:38.854172+00:00", "source": {"name": "KEMRI GIS MERGE"}, "method": {"name": "Taken with GPS Device"}, "coordinates": "{\"type\": \"Point\", \"coordinates\": [37.6219, -0.32099]}", "facility": {"code": 12277}}, {"collection_date": "2015-08-19T15:01:38.842743+00:00", "source": {"name": "SARAM 2013"}, "method": {"name": "Taken with GPS Device"}, "coordinates": "{\"type\": \"Point\", \"coordinates\": [34.79599, 0.26391]}", "facility": {"code": 16047}}, {"collection_date": "2015-08-19T15:01:38.831698+00:00", "source": {"name": "DHMT"}, "method": {"name": "Taken with GPS Device"}, "coordinates": "{\"type\": \"Point\", \"coordinates\": [36.861, -1.29105]}", "facility": {"code": 13057}}, {"collection_date": "2015-08-19T15:01:38.820293+00:00", "source": {"name": "Sublocation Centroid Exercise of MOH/ICF Macro"}, "method": {"name": "Other"}, "coordinates": "{\"type\": \"Point\", \"coordinates\": [34.8563, 0.69552]}", "facility": {"code": 15943}}, {"collection_date": "2015-08-19T15:01:38.809444+00:00", "source": {"name": "SCHMT"}, "method": {"name": "Taken with GPS Device"}, "coordinates": "{\"type\": \"Point\", \"coordinates\": [38.04077, -1.33307]}", "facility": {"code": 12695}}, {"collection_date": "2015-08-19T15:01:38.728348+00:00", "source": {"name": "KEMRI GIS MERGE"}, "method": {"name": "Taken with GPS Device"}, "coordinates": "{\"type\": \"Point\", \"coordinates\": [37.16005, -0.41459]}", "facility": {"code": 10669}}, {"collection_date": "2015-08-19T15:01:38.708761+00:00", "source": {"name": "Sublocation Centroid Exercise of MOH/ICF Macro"}, "method": {"name": "Other"}, "coordinates": "{\"type\": \"Point\", \"coordinates\": [36.8823, -1.25236]}", "facility": {"code": 13008}}, {"collection_date": "2015-08-19T15:01:38.698080+00:00", "source": {"name": "KEMRI GIS MERGE"}, "method": {"name": "Taken with GPS Device"}, "coordinates": "{\"type\": \"Point\", \"coordinates\": [34.62582, -1.31874]}", "facility": {"code": 13659}}, {"collection_date": "2015-08-19T15:01:38.676531+00:00", "source": {"name": "Sublocation Centroid Exercise of MOH/ICF Macro"}, "method": {"name": "Taken with GPS Device"}, "coordinates": "{\"type\": \"Point\", \"coordinates\": [37.8572, 0.14758]}", "facility": {"code": 16235}}, {"collection_date": "2015-08-19T15:01:38.663959+00:00", "source": {"name": "Cold Chain Inventory (MoH/PATH/WHO) - Feb 2011"}, "method": {"name": "Taken with GPS Device"}, "coordinates": "{\"type\": \"Point\", \"coordinates\": [37.42381, -0.74977]}", "facility": {"code": 12193}}, {"collection_date": "2015-08-19T15:01:38.594143+00:00", "source": {"name": "Cold Chain Inventory (MoH/PATH/WHO) - Feb 2011"}, "method": {"name": "Taken with GPS Device"}, "coordinates": "{\"type\": \"Point\", \"coordinates\": [37.94305, 0.23444]}", "facility": {"code": 11963}}, {"collection_date": "2015-08-19T15:01:38.553363+00:00", "source": {"name": "Sublocation Centroid Exercise of MOH/ICF Macro"}, "method": {"name": "Taken with GPS Device"}, "coordinates": "{\"type\": \"Point\", \"coordinates\": [37.66702, 0.12759]}", "facility": {"code": 12713}}, {"collection_date": "2015-08-19T15:01:38.545265+00:00", "source": {"name": "Sublocation Centroid Exercise of MOH/ICF Macro"}, "method": {"name": "Other"}, "coordinates": "{\"type\": \"Point\", \"coordinates\": [36.871, -1.24875]}", "facility": {"code": 13082}}, {"collection_date": "2015-08-19T15:01:38.512991+00:00", "source": {"name": "KEMRI GIS MERGE"}, "method": {"name": "Taken with GPS Device"}, "coordinates": "{\"type\": \"Point\", \"coordinates\": [34.63681, 0.44146]}", "facility": {"code": 15934}}, {"collection_date": "2015-08-19T15:01:38.467951+00:00", "source": {"name": "MFL RRI EEXERCISE by DHRIO"}, "method": {"name": "Taken with GPS Device"}, "coordinates": "{\"type\": \"Point\", \"coordinates\": [34.9435, -0.695329]}", "facility": {"code": 13895}}, {"collection_date": "2015-08-19T15:01:38.464843+00:00", "source": {"name": "Sublocation Centroid Exercise of MOH/ICF Macro"}, "method": {"name": "Other"}, "coordinates": "{\"type\": \"Point\", \"coordinates\": [37.6448, -1.47301]}", "facility": {"code": 12678}}, {"collection_date": "2015-08-19T15:01:38.441527+00:00", "source": {"name": "KEMRI GIS MERGE"}, "method": {"name": "Taken with GPS Device"}, "coordinates": "{\"type\": \"Point\", \"coordinates\": [36.885, -1.30472]}", "facility": {"code": 13101}}, {"collection_date": "2015-08-19T15:01:38.408024+00:00", "source": {"name": "DHMT"}, "method": {"name": "Taken with GPS Device"}, "coordinates": "{\"type\": \"Point\", \"coordinates\": [40.22877, -1.8508]}", "facility": {"code": 13361}}, {"collection_date": "2015-08-19T15:01:38.395178+00:00", "source": {"name": "Cold Chain Inventory (MoH/PATH/WHO) - Feb 2011"}, "method": {"name": "Taken with GPS Device"}, "coordinates": "{\"type\": \"Point\", \"coordinates\": [34.06152, -0.06349]}", "facility": {"code": 16872}}, {"collection_date": "2015-08-19T15:01:38.297370+00:00", "source": {"name": "MOH"}, "method": {"name": "Taken with GPS Device"}, "coordinates": "{\"type\": \"Point\", \"coordinates\": [40.02373, -2.89249]}", "facility": {"code": 11753}}, {"collection_date": "2015-08-19T15:01:38.289280+00:00", "source": {"name": "DHMT"}, "method": {"name": "Taken with GPS Device"}, "coordinates": "{\"type\": \"Point\", \"coordinates\": [39.72619, -3.96256]}", "facility": {"code": 11393}}, {"collection_date": "2015-08-19T15:01:38.276919+00:00", "source": {"name": "KEMRI GIS MERGE"}, "method": {"name": "Taken with GPS Device"}, "coordinates": "{\"type\": \"Point\", \"coordinates\": [37.72414, -0.32152]}", "facility": {"code": 12119}}, {"collection_date": "2015-08-19T15:01:38.265093+00:00", "source": {"name": "Cold Chain Inventory (MoH/PATH/WHO) - Feb 2011"}, "method": {"name": "Taken with GPS Device"}, "coordinates": "{\"type\": \"Point\", \"coordinates\": [34.3424, 0.03286]}", "facility": {"code": 16791}}, {"collection_date": "2015-08-19T15:01:38.218568+00:00", "source": {"name": "DHMT"}, "method": {"name": "Taken with GPS Device"}, "coordinates": "{\"type\": \"Point\", \"coordinates\": [39.64464, -0.45261]}", "facility": {"code": 13373}}, {"collection_date": "2015-08-19T15:01:38.174350+00:00", "source": {"name": "Cold Chain Inventory (MoH/PATH/WHO) - Feb 2011"}, "method": {"name": "Taken with GPS Device"}, "coordinates": "{\"type\": \"Point\", \"coordinates\": [37.96353, 0.19328]}", "facility": {"code": 11929}}, {"collection_date": "2015-08-19T15:01:38.160425+00:00", "source": {"name": "SARAM 2013"}, "method": {"name": "Taken with GPS Device"}, "coordinates": "{\"type\": \"Point\", \"coordinates\": [36.58497, -0.51181]}", "facility": {"code": 10820}}, {"collection_date": "2015-08-19T15:01:38.142872+00:00", "source": {"name": "DHMT"}, "method": {"name": "Taken with GPS Device"}, "coordinates": "{\"type\": \"Point\", \"coordinates\": [37.69676, -0.13758]}", "facility": {"code": 12351}}, {"collection_date": "2015-08-19T15:01:38.129038+00:00", "source": {"name": "HMIS"}, "method": {"name": "Taken with GPS Device"}, "coordinates": "{\"type\": \"Point\", \"coordinates\": [35.11249, 0.16925]}", "facility": {"code": 14307}}, {"collection_date": "2015-08-19T15:01:38.108875+00:00", "source": {"name": "KEMRI GIS MERGE"}, "method": {"name": "Taken with GPS Device"}, "coordinates": "{\"type\": \"Point\", \"coordinates\": [36.89201, -1.24921]}", "facility": {"code": 13149}}, {"collection_date": "2015-08-19T15:01:38.041170+00:00", "source": {"name": "MOH"}, "method": {"name": "Taken with GPS Device"}, "coordinates": "{\"type\": \"Point\", \"coordinates\": [39.50986, -3.05351]}", "facility": {"code": 11196}}, {"collection_date": "2015-08-19T15:01:38.031561+00:00", "source": {"name": "KEMRI GIS MERGE"}, "method": {"name": "Calc from proximity to school, village,markets"}, "coordinates": "{\"type\": \"Point\", \"coordinates\": [37.014, -0.67659]}", "facility": {"code": 10256}}, {"collection_date": "2015-08-19T15:01:38.024491+00:00", "source": {"name": "Cold Chain Inventory (MoH/PATH/WHO) - Feb 2011"}, "method": {"name": "Taken with GPS Device"}, "coordinates": "{\"type\": \"Point\", \"coordinates\": [34.41679, 0.05102]}", "facility": {"code": 16792}}, {"collection_date": "2015-08-19T15:01:37.965547+00:00", "source": {"name": "DHMT"}, "method": {"name": "Taken with GPS Device"}, "coordinates": "{\"type\": \"Point\", \"coordinates\": [37.62709, -0.11775]}", "facility": {"code": 12070}}, {"collection_date": "2015-08-19T15:01:37.850715+00:00", "source": {"name": "Sublocation Centroid Exercise of MOH/ICF Macro"}, "method": {"name": "Other"}, "coordinates": "{\"type\": \"Point\", \"coordinates\": [36.8864, -1.23916]}", "facility": {"code": 13223}}, {"collection_date": "2015-08-19T15:01:37.738074+00:00", "source": {"name": "Sublocation Centroid Exercise of MOH/ICF Macro"}, "method": {"name": "Other"}, "coordinates": "{\"type\": \"Point\", \"coordinates\": [37.0034, -0.533925]}", "facility": {"code": 11074}}, {"collection_date": "2015-08-19T15:01:37.695437+00:00", "source": {"name": "DHRIO Nyando"}, "method": {"name": "Taken with GPS Device"}, "coordinates": "{\"type\": \"Point\", \"coordinates\": [34.89962, -0.21854]}", "facility": {"code": 13518}}, {"collection_date": "2015-08-19T15:01:37.655908+00:00", "source": {"name": "Sublocation Centroid Exercise of MOH/ICF Macro"}, "method": {"name": "Taken with GPS Device"}, "coordinates": "{\"type\": \"Point\", \"coordinates\": [39.8393, -3.644]}", "facility": {"code": 11636}}, {"collection_date": "2015-08-19T15:01:37.605923+00:00", "source": {"name": "KEMRI GIS MERGE"}, "method": {"name": "Calc from proximity to school, village,markets"}, "coordinates": "{\"type\": \"Point\", \"coordinates\": [36.66735, -1.17044]}", "facility": {"code": 10862}}, {"collection_date": "2015-08-19T15:01:37.560651+00:00", "source": {"name": "Sublocation Centroid Exercise of MOH/ICF Macro"}, "method": {"name": "Other"}, "coordinates": "{\"type\": \"Point\", \"coordinates\": [36.9038, -1.20244]}", "facility": {"code": 13166}}, {"collection_date": "2015-08-19T15:01:37.461105+00:00", "source": {"name": "DHMT"}, "method": {"name": "Taken with GPS Device"}, "coordinates": "{\"type\": \"Point\", \"coordinates\": [36.9732, -1.12859]}", "facility": {"code": 10304}}, {"collection_date": "2015-08-19T15:01:37.460970+00:00", "source": {"name": "SARAM 2013"}, "method": {"name": "Taken with GPS Device"}, "coordinates": "{\"type\": \"Point\", \"coordinates\": [34.88781, 0.80807]}", "facility": {"code": 15989}}, {"collection_date": "2015-08-19T15:01:37.428403+00:00", "source": {"name": "Cold Chain Inventory (MoH/PATH/WHO) - Feb 2011"}, "method": {"name": "Taken with GPS Device"}, "coordinates": "{\"type\": \"Point\", \"coordinates\": [37.44877, -0.41107]}", "facility": {"code": 12223}}, {"collection_date": "2015-08-19T15:01:37.317095+00:00", "source": {"name": "KEMRI GIS MERGE"}, "method": {"name": "Calc from proximity to school, village,markets"}, "coordinates": "{\"type\": \"Point\", \"coordinates\": [37.3585, -0.43935]}", "facility": {"code": 11100}}, {"collection_date": "2015-08-19T15:01:37.295344+00:00", "source": {"name": "DHMT"}, "method": {"name": "Taken with GPS Device"}, "coordinates": "{\"type\": \"Point\", \"coordinates\": [39.79139, -3.89575]}", "facility": {"code": 11833}}, {"collection_date": "2015-08-19T15:01:37.238819+00:00", "source": {"name": "KEMRI GIS MERGE"}, "method": {"name": "Taken with GPS Device"}, "coordinates": "{\"type\": \"Point\", \"coordinates\": [34.4, 0.09503]}", "facility": {"code": 14093}}, {"collection_date": "2015-08-19T15:01:37.230234+00:00", "source": {"name": "Sublocation Centroid Exercise of MOH/ICF Macro"}, "method": {"name": "Other"}, "coordinates": "{\"type\": \"Point\", \"coordinates\": [36.8748, -1.27452]}", "facility": {"code": 13189}}], "model": "mfl_gis.FacilityCoordinates", "unique_fields": ["facility"]}]