[{"records": [{"collection_date": "2015-08-19T15:01:08.487836+00:00", "source": {"name": "DHMT"}, "method": {"name": "Taken with GPS Device"}, "coordinates": "{\"type\": \"Point\", \"coordinates\": [38.00373, 2.24362]}", "facility": {"code": 12741}}, {"collection_date": "2015-08-19T15:01:08.457477+00:00", "source": {"name": "DHMT"}, "method": {"name": "Taken with GPS Device"}, "coordinates": "{\"type\": \"Point\", \"coordinates\": [37.00865, -0.48451]}", "facility": {"code": 10251}}, {"collection_date": "2015-08-19T15:01:08.343094+00:00", "source": {"name": "SARAM 2013"}, "method": {"name": "Taken with GPS Device"}, "coordinates": "{\"type\": \"Point\", \"coordinates\": [37.28808, -1.39292]}", "facility": {"code": 12653}}, {"collection_date": "2015-08-19T15:01:08.335776+00:00", "source": {"name": "DHMT"}, "method": {"name": "Taken with GPS Device"}, "coordinates": "{\"type\": \"Point\", \"coordinates\": [37.46157, -0.60638]}", "facility": {"code": 10766}}, {"collection_date": "2015-08-19T15:01:08.326117+00:00", "source": {"name": "DHMT"}, "method": {"name": "Taken with GPS Device"}, "coordinates": "{\"type\": \"Point\", \"coordinates\": [37.55075, -2.94072]}", "facility": {"code": 15361}}, {"collection_date": "2015-08-19T15:01:08.288787+00:00", "source": {"name": "SARAM 2013"}, "method": {"name": "Taken with GPS Device"}, "coordinates": "{\"type\": \"Point\", \"coordinates\": [36.72799, -0.25854]}", "facility": {"code": 10166}}, {"collection_date": "2015-08-19T15:01:08.207493+00:00", "source": {"name": "DHMT"}, "method": {"name": "Taken with GPS Device"}, "coordinates": "{\"type\": \"Point\", \"coordinates\": [37.66202, -0.06787]}", "facility": {"code": 12666}}, {"collection_date": "2015-08-19T15:01:08.200127+00:00", "source": {"name": "Cold Chain Inventory (MoH/PATH/WHO) - Feb 2011"}, "method": {"name": "Taken with GPS Device"}, "coordinates": "{\"type\": \"Point\", \"coordinates\": [37.11925, -0.30132]}", "facility": {"code": 10830}}, {"collection_date": "2015-08-19T15:01:08.189320+00:00", "source": {"name": "SARAM 2013"}, "method": {"name": "Taken with GPS Device"}, "coordinates": "{\"type\": \"Point\", \"coordinates\": [36.91132, -0.52279]}", "facility": {"code": 10400}}, {"collection_date": "2015-08-19T15:01:08.184855+00:00", "source": {"name": "DHMT"}, "method": {"name": "Taken with GPS Device"}, "coordinates": "{\"type\": \"Point\", \"coordinates\": [34.70884, -0.06211]}", "facility": {"code": 13709}}, {"collection_date": "2015-08-19T15:01:08.176702+00:00", "source": {"name": "Cold Chain Inventory (MoH/PATH/WHO) - Feb 2011"}, "method": {"name": "Taken with GPS Device"}, "coordinates": "{\"type\": \"Point\", \"coordinates\": [34.70068, -1.35791]}", "facility": {"code": 13910}}, {"collection_date": "2015-08-19T15:01:08.089554+00:00", "source": {"name": "DHRIO office"}, "method": {"name": "Taken with GPS Device"}, "coordinates": "{\"type\": \"Point\", \"coordinates\": [35.12573, -0.14086]}", "facility": {"code": 13759}}, {"collection_date": "2015-08-19T15:01:08.086011+00:00", "source": {"name": "GPS"}, "method": {"name": "Taken with GPS Device"}, "coordinates": "{\"type\": \"Point\", \"coordinates\": [37.06404, -0.3763]}", "facility": {"code": 10476}}, {"collection_date": "2015-08-19T15:01:08.066611+00:00", "source": {"name": "KEMRI GIS MERGE"}, "method": {"name": "Calc from proximity to school, village,markets"}, "coordinates": "{\"type\": \"Point\", \"coordinates\": [36.269, -0.28371]}", "facility": {"code": 11122}}, {"collection_date": "2015-08-19T15:01:08.050660+00:00", "source": {"name": "DHMT"}, "method": {"name": "Taken with GPS Device"}, "coordinates": "{\"type\": \"Point\", \"coordinates\": [36.73778, -1.2658]}", "facility": {"code": 12870}}, {"collection_date": "2015-08-19T15:01:08.019111+00:00", "source": {"name": "SARAM"}, "method": {"name": "Taken with GPS Device"}, "coordinates": "{\"type\": \"Point\", \"coordinates\": [36.69185, -1.94335]}", "facility": {"code": 14957}}, {"collection_date": "2015-08-19T15:01:07.952827+00:00", "source": {"name": "DHMT"}, "method": {"name": "Taken with GPS Device"}, "coordinates": "{\"type\": \"Point\", \"coordinates\": [37.40495, -0.69317]}", "facility": {"code": 10217}}, {"collection_date": "2015-08-19T15:01:07.943056+00:00", "source": {"name": "Sublocation Centroid Exercise of MOH/ICF Macro"}, "method": {"name": "Taken with GPS Device"}, "coordinates": "{\"type\": \"Point\", \"coordinates\": [37.29749, 0.30832]}", "facility": {"code": 15065}}, {"collection_date": "2015-08-19T15:01:07.929268+00:00", "source": {"name": "KEMRI GIS MERGE"}, "method": {"name": "Taken with GPS Device"}, "coordinates": "{\"type\": \"Point\", \"coordinates\": [34.53995, -1.17217]}", "facility": {"code": 13862}}, {"collection_date": "2015-08-19T15:01:07.918802+00:00", "source": {"name": "KEMRI GIS MERGE"}, "method": {"name": "Taken with GPS Device"}, "coordinates": "{\"type\": \"Point\", \"coordinates\": [34.53263, -1.11711]}", "facility": {"code": 13779}}, {"collection_date": "2015-08-19T15:01:07.874583+00:00", "source": {"name": "KEMRI GIS MERGE"}, "method": {"name": "Taken with GPS Device"}, "coordinates": "{\"type\": \"Point\", \"coordinates\": [36.34281, -1.78269]}", "facility": {"code": 15393}}, {"collection_date": "2015-08-19T15:01:07.831573+00:00", "source": {"name": "KEMRI GIS MERGE"}, "method": {"name": "Taken with GPS Device"}, "coordinates": "{\"type\": \"Point\", \"coordinates\": [39.1206, -4.55366]}", "facility": {"code": 11526}}, {"collection_date": "2015-08-19T15:01:07.817450+00:00", "source": {"name": "Cold Chain Inventory (MoH/PATH/WHO) - Feb 2011"}, "method": {"name": "Taken with GPS Device"}, "coordinates": "{\"type\": \"Point\", \"coordinates\": [36.61527, -0.12733]}", "facility": {"code": 10634}}, {"collection_date": "2015-08-19T15:01:07.785513+00:00", "source": {"name": "Taken by DHRIO"}, "method": {"name": "Taken with GPS Device"}, "coordinates": "{\"type\": \"Point\", \"coordinates\": [37.99044, -2.26501]}", "facility": {"code": 12240}}, {"collection_date": "2015-08-19T15:01:07.783312+00:00", "source": {"name": "KEMRI GIS MERGE"}, "method": {"name": "Calc from proximity to school, village,markets"}, "coordinates": "{\"type\": \"Point\", \"coordinates\": [40.83062, -2.22691]}", "facility": {"code": 11642}}, {"collection_date": "2015-08-19T15:01:07.752595+00:00", "source": {"name": "DHRIO Nyando"}, "method": {"name": "Taken with GPS Device"}, "coordinates": "{\"type\": \"Point\", \"coordinates\": [34.95691, -0.2382]}", "facility": {"code": 14024}}, {"collection_date": "2015-08-19T15:01:07.697141+00:00", "source": {"name": "KEMRI GIS MERGE"}, "method": {"name": "Taken with GPS Device"}, "coordinates": "{\"type\": \"Point\", \"coordinates\": [39.6316, -4.12827]}", "facility": {"code": 11714}}, {"collection_date": "2015-08-19T15:01:07.686242+00:00", "source": {"name": "GPS"}, "method": {"name": "Taken with GPS Device"}, "coordinates": "{\"type\": \"Point\", \"coordinates\": [38.15532, -1.41856]}", "facility": {"code": 12091}}, {"collection_date": "2015-08-19T15:01:07.560546+00:00", "source": {"name": "DHMT"}, "method": {"name": "Taken with GPS Device"}, "coordinates": "{\"type\": \"Point\", \"coordinates\": [37.44161, -0.57543]}", "facility": {"code": 10781}}, {"collection_date": "2015-08-19T15:01:07.559206+00:00", "source": {"name": "KEMRI GIS MERGE"}, "method": {"name": "Taken with GPS Device"}, "coordinates": "{\"type\": \"Point\", \"coordinates\": [34.7811, -0.546938]}", "facility": {"code": 13546}}, {"collection_date": "2015-08-19T15:01:07.557865+00:00", "source": {"name": "Cold Chain Inventory (MoH/PATH/WHO) - Feb 2011"}, "method": {"name": "Taken with GPS Device"}, "coordinates": "{\"type\": \"Point\", \"coordinates\": [34.71026, -1.35283]}", "facility": {"code": 13556}}, {"collection_date": "2015-08-19T15:01:07.267597+00:00", "source": {"name": "DHRIO"}, "method": {"name": "Taken with GPS Device"}, "coordinates": "{\"type\": \"Point\", \"coordinates\": [37.98558, -0.32197]}", "facility": {"code": 12161}}, {"collection_date": "2015-08-19T15:01:07.220730+00:00", "source": {"name": "Cold Chain Inventory (MoH/PATH/WHO) - Feb 2011"}, "method": {"name": "Taken with GPS Device"}, "coordinates": "{\"type\": \"Point\", \"coordinates\": [39.8913, -3.13088]}", "facility": {"code": 11384}}, {"collection_date": "2015-08-19T15:01:06.438822+00:00", "source": {"name": "Sublocation Centroid Exercise of MOH/ICF Macro"}, "method": {"name": "Other"}, "coordinates": "{\"type\": \"Point\", \"coordinates\": [40.0899, -2.41364]}", "facility": {"code": 16200}}, {"collection_date": "2015-08-19T15:01:06.416781+00:00", "source": {"name": "Cold Chain Inventory (MoH/PATH/WHO) - Feb 2011"}, "method": {"name": "Taken with GPS Device"}, "coordinates": "{\"type\": \"Point\", \"coordinates\": [37.07235, -0.24587]}", "facility": {"code": 11176}}, {"collection_date": "2015-08-19T15:01:06.408855+00:00", "source": {"name": "SARAM"}, "method": {"name": "Taken with GPS Device"}, "coordinates": "{\"type\": \"Point\", \"coordinates\": [34.95718, -0.60653]}", "facility": {"code": 14053}}, {"collection_date": "2015-08-19T15:01:06.392045+00:00", "source": {"name": "SCHMT"}, "method": {"name": "Taken with GPS Device"}, "coordinates": "{\"type\": \"Point\", \"coordinates\": [37.94476, -1.33963]}", "facility": {"code": 12153}}, {"collection_date": "2015-08-19T15:01:06.261354+00:00", "source": {"name": "KEMRI GIS MERGE"}, "method": {"name": "Taken with GPS Device"}, "coordinates": "{\"type\": \"Point\", \"coordinates\": [34.50906, -0.78542]}", "facility": {"code": 13885}}, {"collection_date": "2015-08-19T15:01:06.219463+00:00", "source": {"name": "DHMT"}, "method": {"name": "Taken with GPS Device"}, "coordinates": "{\"type\": \"Point\", \"coordinates\": [37.33627, -0.734]}", "facility": {"code": 10980}}, {"collection_date": "2015-08-19T15:01:06.070079+00:00", "source": {"name": "Reception"}, "method": {"name": "Taken with GPS Device"}, "coordinates": "{\"type\": \"Point\", \"coordinates\": [38.24915, -1.52112]}", "facility": {"code": 12210}}, {"collection_date": "2015-08-19T15:01:06.063725+00:00", "source": {"name": "HMIS, DHRIO"}, "method": {"name": "Taken with GPS Device"}, "coordinates": "{\"type\": \"Point\", \"coordinates\": [35.1333, 0.23477]}", "facility": {"code": 14368}}, {"collection_date": "2015-08-19T15:01:06.053185+00:00", "source": {"name": "DHMT"}, "method": {"name": "Taken with GPS Device"}, "coordinates": "{\"type\": \"Point\", \"coordinates\": [36.7652, -1.25595]}", "facility": {"code": 12994}}, {"collection_date": "2015-08-19T15:01:06.038599+00:00", "source": {"name": "DHMT"}, "method": {"name": "Taken with GPS Device"}, "coordinates": "{\"type\": \"Point\", \"coordinates\": [37.34555, -0.61565]}", "facility": {"code": 10880}}, {"collection_date": "2015-08-19T15:01:05.863278+00:00", "source": {"name": "DHMT"}, "method": {"name": "Taken with GPS Device"}, "coordinates": "{\"type\": \"Point\", \"coordinates\": [38.025225, -0.31016]}", "facility": {"code": 12794}}, {"collection_date": "2015-08-19T15:01:05.810061+00:00", "source": {"name": "KEMRI GIS MERGE"}, "method": {"name": "Calc from 1:50,000 scale topographic maps"}, "coordinates": "{\"type\": \"Point\", \"coordinates\": [34.5712, -0.6623]}", "facility": {"code": 13989}}, {"collection_date": "2015-08-19T15:01:05.806814+00:00", "source": {"name": "KEMRI GIS MERGE"}, "method": {"name": "Taken with GPS Device"}, "coordinates": "{\"type\": \"Point\", \"coordinates\": [39.5141, -4.34114]}", "facility": {"code": 11676}}, {"collection_date": "2015-08-19T15:01:05.806618+00:00", "source": {"name": "DHMT"}, "method": {"name": "Taken with GPS Device"}, "coordinates": "{\"type\": \"Point\", \"coordinates\": [37.32502, -0.57294]}", "facility": {"code": 10647}}, {"collection_date": "2015-08-19T15:01:05.671593+00:00", "source": {"name": "DHMT"}, "method": {"name": "Taken with GPS Device"}, "coordinates": "{\"type\": \"Point\", \"coordinates\": [35.09854, 0.19649]}", "facility": {"code": 14518}}, {"collection_date": "2015-08-19T15:01:05.629191+00:00", "source": {"name": "KEMRI GIS MERGE"}, "method": {"name": "Taken with GPS Device"}, "coordinates": "{\"type\": \"Point\", \"coordinates\": [34.84187, -0.54476]}", "facility": {"code": 13662}}, {"collection_date": "2015-08-19T15:01:05.628286+00:00", "source": {"name": "KEMRI GIS MERGE"}, "method": {"name": "Taken with GPS Device"}, "coordinates": "{\"type\": \"Point\", \"coordinates\": [36.98856, -0.9292]}", "facility": {"code": 10598}}, {"collection_date": "2015-08-19T15:01:05.617854+00:00", "source": {"name": "GPS"}, "method": {"name": "Taken with GPS Device"}, "coordinates": "{\"type\": \"Point\", \"coordinates\": [34.74541, 0.28473]}", "facility": {"code": 16059}}, {"collection_date": "2015-08-19T15:01:05.472218+00:00", "source": {"name": "Reception"}, "method": {"name": "Taken with GPS Device"}, "coordinates": "{\"type\": \"Point\", \"coordinates\": [38.05285, -1.60408]}", "facility": {"code": 12541}}, {"collection_date": "2015-08-19T15:01:05.430098+00:00", "source": {"name": "DHMT"}, "method": {"name": "Taken with GPS Device"}, "coordinates": "{\"type\": \"Point\", \"coordinates\": [37.3267, -0.66503]}", "facility": {"code": 10873}}, {"collection_date": "2015-08-19T15:01:05.407008+00:00", "source": {"name": "DHMT"}, "method": {"name": "Taken with GPS Device"}, "coordinates": "{\"type\": \"Point\", \"coordinates\": [34.78327, -0.07607]}", "facility": {"code": 13807}}, {"collection_date": "2015-08-19T15:01:05.397816+00:00", "source": {"name": "DHMT"}, "method": {"name": "Taken with GPS Device"}, "coordinates": "{\"type\": \"Point\", \"coordinates\": [34.41549, -1.15724]}", "facility": {"code": 13619}}, {"collection_date": "2015-08-19T15:01:05.285615+00:00", "source": {"name": "DHMT"}, "method": {"name": "Taken with GPS Device"}, "coordinates": "{\"type\": \"Point\", \"coordinates\": [36.8373, -1.30359]}", "facility": {"code": 13161}}, {"collection_date": "2015-08-19T15:01:05.235601+00:00", "source": {"name": "KEMRI GIS MERGE"}, "method": {"name": "Taken with GPS Device"}, "coordinates": "{\"type\": \"Point\", \"coordinates\": [34.39692, -0.11288]}", "facility": {"code": 14068}}, {"collection_date": "2015-08-19T15:01:05.058909+00:00", "source": {"name": "DMOH-CCI Activity"}, "method": {"name": "Taken with GPS Device"}, "coordinates": "{\"type\": \"Point\", \"coordinates\": [38.0467, -1.06568]}", "facility": {"code": 12417}}, {"collection_date": "2015-08-19T15:01:05.039258+00:00", "source": {"name": "Cold Chain Inventory (MoH/PATH/WHO) - Feb 2011"}, "method": {"name": "Taken with GPS Device"}, "coordinates": "{\"type\": \"Point\", \"coordinates\": [37.43484, -0.44466]}", "facility": {"code": 12287}}, {"collection_date": "2015-08-19T15:01:05.031374+00:00", "source": {"name": "DHMT"}, "method": {"name": "Taken with GPS Device"}, "coordinates": "{\"type\": \"Point\", \"coordinates\": [36.77173, -1.32213]}", "facility": {"code": 12919}}, {"collection_date": "2015-08-19T15:01:05.030735+00:00", "source": {"name": "Sublocation Centroid Exercise of MOH/ICF Macro"}, "method": {"name": "Taken with GPS Device"}, "coordinates": "{\"type\": \"Point\", \"coordinates\": [40.2099, -2.3353]}", "facility": {"code": 16199}}, {"collection_date": "2015-08-19T15:01:05.016849+00:00", "source": {"name": "Sublocation Centroid Exercise of MOH/ICF Macro"}, "method": {"name": "Other"}, "coordinates": "{\"type\": \"Point\", \"coordinates\": [34.1449, -0.850218]}", "facility": {"code": 16269}}, {"collection_date": "2015-08-19T15:01:04.847517+00:00", "source": {"name": "DHMT"}, "method": {"name": "Taken with GPS Device"}, "coordinates": "{\"type\": \"Point\", \"coordinates\": [39.73365, -3.96818]}", "facility": {"code": 11397}}, {"collection_date": "2015-08-19T15:01:04.838504+00:00", "source": {"name": "DHMT"}, "method": {"name": "Taken with GPS Device"}, "coordinates": "{\"type\": \"Point\", \"coordinates\": [37.1911, -1.02545]}", "facility": {"code": 10248}}, {"collection_date": "2015-08-19T15:01:04.831513+00:00", "source": {"name": "SARAM 2013"}, "method": {"name": "Taken with GPS Device"}, "coordinates": "{\"type\": \"Point\", \"coordinates\": [36.6262, -0.68706]}", "facility": {"code": 16807}}, {"collection_date": "2015-08-19T15:01:04.826559+00:00", "source": {"name": "HMIS, DHRIO"}, "method": {"name": "Taken with GPS Device"}, "coordinates": "{\"type\": \"Point\", \"coordinates\": [35.04555, 0.29623]}", "facility": {"code": 14778}}, {"collection_date": "2015-08-19T15:01:04.812199+00:00", "source": {"name": "Cold Chain Inventory (MoH/PATH/WHO) - Feb 2011"}, "method": {"name": "Taken with GPS Device"}, "coordinates": "{\"type\": \"Point\", \"coordinates\": [34.70676, -0.55951]}", "facility": {"code": 13768}}, {"collection_date": "2015-08-19T15:01:04.627232+00:00", "source": {"name": "SARAM 2013"}, "method": {"name": "Taken with GPS Device"}, "coordinates": "{\"type\": \"Point\", \"coordinates\": [39.66123, -4.05077]}", "facility": {"code": 11592}}, {"collection_date": "2015-08-19T15:01:04.615540+00:00", "source": {"name": "Cold Chain Inventory (MoH/PATH/WHO) - Feb 2011"}, "method": {"name": "Taken with GPS Device"}, "coordinates": "{\"type\": \"Point\", \"coordinates\": [38.02695, -1.5454]}", "facility": {"code": 12340}}, {"collection_date": "2015-08-19T15:01:04.606769+00:00", "source": {"name": "SARAM 2013"}, "method": {"name": "Taken with GPS Device"}, "coordinates": "{\"type\": \"Point\", \"coordinates\": [36.3976, -0.46216]}", "facility": {"code": 16806}}, {"collection_date": "2015-08-19T15:01:04.597698+00:00", "source": {"name": "KEMRI GIS MERGE"}, "method": {"name": "Taken with GPS Device"}, "coordinates": "{\"type\": \"Point\", \"coordinates\": [37.91699, -1.07564]}", "facility": {"code": 12655}}, {"collection_date": "2015-08-19T15:01:04.584046+00:00", "source": {"name": "Cold Chain Inventory (MoH/PATH/WHO) - Feb 2011"}, "method": {"name": "Taken with GPS Device"}, "coordinates": "{\"type\": \"Point\", \"coordinates\": [37.77562, -0.78109]}", "facility": {"code": 16466}}, {"collection_date": "2015-08-19T15:01:04.416072+00:00", "source": {"name": "DHMT"}, "method": {"name": "Taken with GPS Device"}, "coordinates": "{\"type\": \"Point\", \"coordinates\": [36.81164, -1.31291]}", "facility": {"code": 13239}}, {"collection_date": "2015-08-19T15:01:04.415319+00:00", "source": {"name": "DHMT"}, "method": {"name": "Taken with GPS Device"}, "coordinates": "{\"type\": \"Point\", \"coordinates\": [34.69519, -0.07363]}", "facility": {"code": 14118}}, {"collection_date": "2015-08-19T15:01:04.403394+00:00", "source": {"name": "GPS"}, "method": {"name": "Taken with GPS Device"}, "coordinates": "{\"type\": \"Point\", \"coordinates\": [37.07869, -0.56478]}", "facility": {"code": 10729}}, {"collection_date": "2015-08-19T15:01:04.238689+00:00", "source": {"name": "KEMRI GIS MERGE"}, "method": {"name": "Taken with GPS Device"}, "coordinates": "{\"type\": \"Point\", \"coordinates\": [34.16597, -0.16139]}", "facility": {"code": 14165}}, {"collection_date": "2015-08-19T15:01:04.238689+00:00", "source": {"name": "KEMRI GIS MERGE"}, "method": {"name": "Calc from proximity to school, village,markets"}, "coordinates": "{\"type\": \"Point\", \"coordinates\": [36.68463, -1.18629]}", "facility": {"code": 10895}}, {"collection_date": "2015-08-19T15:01:04.164702+00:00", "source": {"name": "DHMT"}, "method": {"name": "Taken with GPS Device"}, "coordinates": "{\"type\": \"Point\", \"coordinates\": [37.23719, -0.4742]}", "facility": {"code": 10402}}, {"collection_date": "2015-08-19T15:01:04.162058+00:00", "source": {"name": "Cold Chain Inventory (MoH/PATH/WHO) - Feb 2011"}, "method": {"name": "Taken with GPS Device"}, "coordinates": "{\"type\": \"Point\", \"coordinates\": [34.656085, -1.33429]}", "facility": {"code": 13758}}, {"collection_date": "2015-08-19T15:01:04.049060+00:00", "source": {"name": "KEMRI GIS MERGE"}, "method": {"name": "Taken with GPS Device"}, "coordinates": "{\"type\": \"Point\", \"coordinates\": [37.26137, -1.5276]}", "facility": {"code": 12728}}, {"collection_date": "2015-08-19T15:01:03.993356+00:00", "source": {"name": "KEMRI GIS MERGE"}, "method": {"name": "Taken with GPS Device"}, "coordinates": "{\"type\": \"Point\", \"coordinates\": [34.35258, 0.57713]}", "facility": {"code": 15975}}, {"collection_date": "2015-08-19T15:01:03.983330+00:00", "source": {"name": "Cold Chain Inventory (MoH/PATH/WHO) - Feb 2011"}, "method": {"name": "Taken with GPS Device"}, "coordinates": "{\"type\": \"Point\", \"coordinates\": [34.1658, -1.04869]}", "facility": {"code": 14173}}, {"collection_date": "2015-08-19T15:01:03.960340+00:00", "source": {"name": "SARAM 2013"}, "method": {"name": "Taken with GPS Device"}, "coordinates": "{\"type\": \"Point\", \"coordinates\": [36.90757, -0.45406]}", "facility": {"code": 10552}}, {"collection_date": "2015-08-19T15:01:03.849283+00:00", "source": {"name": "DHMT"}, "method": {"name": "Taken with GPS Device"}, "coordinates": "{\"type\": \"Point\", \"coordinates\": [37.6198, -0.542293]}", "facility": {"code": 16468}}, {"collection_date": "2015-08-19T15:01:03.837830+00:00", "source": {"name": "Cold Chain Inventory (MoH/PATH/WHO) - Feb 2011"}, "method": {"name": "Taken with GPS Device"}, "coordinates": "{\"type\": \"Point\", \"coordinates\": [34.12491, 0.09518]}", "facility": {"code": 16786}}, {"collection_date": "2015-08-19T15:01:03.792315+00:00", "source": {"name": "KEMRI GIS MERGE"}, "method": {"name": "Taken with GPS Device"}, "coordinates": "{\"type\": \"Point\", \"coordinates\": [34.55948, -0.7673]}", "facility": {"code": 13729}}, {"collection_date": "2015-08-19T15:01:03.782223+00:00", "source": {"name": "Cold Chain Inventory (MoH/PATH/WHO) - Feb 2011"}, "method": {"name": "Taken with GPS Device"}, "coordinates": "{\"type\": \"Point\", \"coordinates\": [34.75608, -0.35494]}", "facility": {"code": 13812}}, {"collection_date": "2015-08-19T15:01:03.637758+00:00", "source": {"name": "DHMT"}, "method": {"name": "Taken with GPS Device"}, "coordinates": "{\"type\": \"Point\", \"coordinates\": [34.80916, -0.11746]}", "facility": {"code": 13890}}, {"collection_date": "2015-08-19T15:01:03.600272+00:00", "source": {"name": "GPS"}, "method": {"name": "Taken with GPS Device"}, "coordinates": "{\"type\": \"Point\", \"coordinates\": [36.60618, -0.57162]}", "facility": {"code": 10788}}, {"collection_date": "2015-08-19T15:01:03.597290+00:00", "source": {"name": "GPS"}, "method": {"name": "Taken with GPS Device"}, "coordinates": "{\"type\": \"Point\", \"coordinates\": [37.14537, -0.54653]}", "facility": {"code": 10220}}, {"collection_date": "2015-08-19T15:01:03.581981+00:00", "source": {"name": "Cold Chain Inventory (MoH/PATH/WHO) - Feb 2011"}, "method": {"name": "Taken with GPS Device"}, "coordinates": "{\"type\": \"Point\", \"coordinates\": [34.17899, -1.0566]}", "facility": {"code": 16279}}, {"collection_date": "2015-08-19T15:01:03.562237+00:00", "source": {"name": "KEMRI GIS MERGE"}, "method": {"name": "Taken with GPS Device"}, "coordinates": "{\"type\": \"Point\", \"coordinates\": [36.88416, -1.2441]}", "facility": {"code": 12876}}, {"collection_date": "2015-08-19T15:01:03.423811+00:00", "source": {"name": "DHMT"}, "method": {"name": "Taken with GPS Device"}, "coordinates": "{\"type\": \"Point\", \"coordinates\": [37.63116, -0.05979]}", "facility": {"code": 12670}}, {"collection_date": "2015-08-19T15:01:03.384216+00:00", "source": {"name": "Sublocation Centroid Exercise of MOH/ICF Macro"}, "method": {"name": "Other"}, "coordinates": "{\"type\": \"Point\", \"coordinates\": [34.1897, -1.03736]}", "facility": {"code": 16275}}, {"collection_date": "2015-08-19T15:01:03.383191+00:00", "source": {"name": "Cold Chain Inventory (MoH/PATH/WHO) - Feb 2011"}, "method": {"name": "Taken with GPS Device"}, "coordinates": "{\"type\": \"Point\", \"coordinates\": [34.51017, -0.49253]}", "facility": {"code": 13849}}, {"collection_date": "2015-08-19T15:01:03.369330+00:00", "source": {"name": "KEMRI GIS MERGE"}, "method": {"name": "Taken with GPS Device"}, "coordinates": "{\"type\": \"Point\", \"coordinates\": [36.93497, -1.1784]}", "facility": {"code": 13024}}, {"collection_date": "2015-08-19T15:01:03.226966+00:00", "source": {"name": "Cold Chain Inventory (MoH/PATH/WHO) - Feb 2011"}, "method": {"name": "Taken with GPS Device"}, "coordinates": "{\"type\": \"Point\", \"coordinates\": [34.70728, -0.42618]}", "facility": {"code": 14090}}, {"collection_date": "2015-08-19T15:01:03.205833+00:00", "source": {"name": "SARAM 2013"}, "method": {"name": "Taken with GPS Device"}, "coordinates": "{\"type\": \"Point\", \"coordinates\": [36.88065, -0.57691]}", "facility": {"code": 10494}}, {"collection_date": "2015-08-19T15:01:03.170554+00:00", "source": {"name": "Cold Chain Inventory (MoH/PATH/WHO) - Feb 2011"}, "method": {"name": "Taken with GPS Device"}, "coordinates": "{\"type\": \"Point\", \"coordinates\": [34.4521, -0.62408]}", "facility": {"code": 13902}}], "model": "mfl_gis.FacilityCoordinates", "unique_fields": ["facility"]}]