[{"records": [{"collection_date": "2015-08-19T15:00:58.329007+00:00", "source": {"name": "SARAM 2013"}, "method": {"name": "Taken with GPS Device"}, "coordinates": "{\"type\": \"Point\", \"coordinates\": [36.36804, -1.71642]}", "facility": {"code": 14541}}, {"collection_date": "2015-08-19T15:00:58.313064+00:00", "source": {"name": "KEMRI GIS MERGE"}, "method": {"name": "Calc from proximity to school, village,markets"}, "coordinates": "{\"type\": \"Point\", \"coordinates\": [37.4256, -1.39382]}", "facility": {"code": 12469}}, {"collection_date": "2015-08-19T15:00:58.297379+00:00", "source": {"name": "KEMRI GIS MERGE"}, "method": {"name": "Taken with GPS Device"}, "coordinates": "{\"type\": \"Point\", \"coordinates\": [36.95676, -1.28724]}", "facility": {"code": 12871}}, {"collection_date": "2015-08-19T15:00:58.260541+00:00", "source": {"name": "KEMRI GIS MERGE"}, "method": {"name": "Taken with GPS Device"}, "coordinates": "{\"type\": \"Point\", \"coordinates\": [35.99482, -0.52719]}", "facility": {"code": 15745}}, {"collection_date": "2015-08-19T15:00:58.238709+00:00", "source": {"name": "SARAM 2013"}, "method": {"name": "Taken with GPS Device"}, "coordinates": "{\"type\": \"Point\", \"coordinates\": [36.90597, -0.38406]}", "facility": {"code": 10601}}, {"collection_date": "2015-08-19T15:00:58.226943+00:00", "source": {"name": "Sublocation Centroid Exercise of MOH/ICF Macro"}, "method": {"name": "Taken with GPS Device"}, "coordinates": "{\"type\": \"Point\", \"coordinates\": [34.78242, -0.69166]}", "facility": {"code": 13702}}, {"collection_date": "2015-08-19T15:00:58.205451+00:00", "source": {"name": "DHMT"}, "method": {"name": "Taken with GPS Device"}, "coordinates": "{\"type\": \"Point\", \"coordinates\": [37.007366, -0.50551]}", "facility": {"code": 16819}}, {"collection_date": "2015-08-19T15:00:58.192442+00:00", "source": {"name": "DHMT"}, "method": {"name": "Taken with GPS Device"}, "coordinates": "{\"type\": \"Point\", \"coordinates\": [35.57793, -0.41322]}", "facility": {"code": 14559}}, {"collection_date": "2015-08-19T15:00:58.136991+00:00", "source": {"name": "Cold Chain Inventory (MoH/PATH/WHO) - Feb 2011"}, "method": {"name": "Taken with GPS Device"}, "coordinates": "{\"type\": \"Point\", \"coordinates\": [37.20622, -1.0359]}", "facility": {"code": 10277}}, {"collection_date": "2015-08-19T15:00:58.104720+00:00", "source": {"name": "DHMT"}, "method": {"name": "Taken with GPS Device"}, "coordinates": "{\"type\": \"Point\", \"coordinates\": [36.77079, -1.38183]}", "facility": {"code": 13018}}, {"collection_date": "2015-08-19T15:00:58.093158+00:00", "source": {"name": "DHRIO"}, "method": {"name": "Taken with GPS Device"}, "coordinates": "{\"type\": \"Point\", \"coordinates\": [36.82846, 3.06787]}", "facility": {"code": 12054}}, {"collection_date": "2015-08-19T15:00:58.070962+00:00", "source": {"name": "KEMRI GIS MERGE"}, "method": {"name": "Taken with GPS Device"}, "coordinates": "{\"type\": \"Point\", \"coordinates\": [39.5869, -4.24935]}", "facility": {"code": 11853}}, {"collection_date": "2015-08-19T15:00:58.060226+00:00", "source": {"name": "DHMT"}, "method": {"name": "Taken with GPS Device"}, "coordinates": "{\"type\": \"Point\", \"coordinates\": [37.9994, -0.66925]}", "facility": {"code": 16862}}, {"collection_date": "2015-08-19T15:00:58.024789+00:00", "source": {"name": "Sublocation Centroid Exercise of MOH/ICF Macro"}, "method": {"name": "Other"}, "coordinates": "{\"type\": \"Point\", \"coordinates\": [36.8476, -1.26038]}", "facility": {"code": 13243}}, {"collection_date": "2015-08-19T15:00:57.981153+00:00", "source": {"name": "DHRIO"}, "method": {"name": "Taken with GPS Device"}, "coordinates": "{\"type\": \"Point\", \"coordinates\": [34.73971, -0.70116]}", "facility": {"code": 16422}}, {"collection_date": "2015-08-19T15:00:57.970425+00:00", "source": {"name": "DHMT"}, "method": {"name": "Taken with GPS Device"}, "coordinates": "{\"type\": \"Point\", \"coordinates\": [40.27095, 1.11326]}", "facility": {"code": 13313}}, {"collection_date": "2015-08-19T15:00:57.935200+00:00", "source": {"name": "DHMT"}, "method": {"name": "Taken with GPS Device"}, "coordinates": "{\"type\": \"Point\", \"coordinates\": [36.88836, -1.2622]}", "facility": {"code": 12988}}, {"collection_date": "2015-08-19T15:00:57.894910+00:00", "source": {"name": "DHMT"}, "method": {"name": "Taken with GPS Device"}, "coordinates": "{\"type\": \"Point\", \"coordinates\": [37.92032, -0.52278]}", "facility": {"code": 16863}}, {"collection_date": "2015-08-19T15:00:57.892347+00:00", "source": {"name": "GPS"}, "method": {"name": "Taken with GPS Device"}, "coordinates": "{\"type\": \"Point\", \"coordinates\": [34.78189, -0.784453]}", "facility": {"code": 13674}}, {"collection_date": "2015-08-19T15:00:57.848546+00:00", "source": {"name": "KEMRI GIS MERGE"}, "method": {"name": "Taken with GPS Device"}, "coordinates": "{\"type\": \"Point\", \"coordinates\": [34.69385, 0.31418]}", "facility": {"code": 15883}}, {"collection_date": "2015-08-19T15:00:57.828101+00:00", "source": {"name": "KEMRI GIS MERGE"}, "method": {"name": "Taken with GPS Device"}, "coordinates": "{\"type\": \"Point\", \"coordinates\": [41.1464, -2.07302]}", "facility": {"code": 11496}}, {"collection_date": "2015-08-19T15:00:57.815079+00:00", "source": {"name": "DHMT"}, "method": {"name": "Taken with GPS Device"}, "coordinates": "{\"type\": \"Point\", \"coordinates\": [34.8299, -0.15333]}", "facility": {"code": 14020}}, {"collection_date": "2015-08-19T15:00:57.752992+00:00", "source": {"name": "DHMT"}, "method": {"name": "Taken with GPS Device"}, "coordinates": "{\"type\": \"Point\", \"coordinates\": [40.04766, 1.73461]}", "facility": {"code": 13281}}, {"collection_date": "2015-08-19T15:00:57.747526+00:00", "source": {"name": "DHMT"}, "method": {"name": "Taken with GPS Device"}, "coordinates": "{\"type\": \"Point\", \"coordinates\": [36.8101, -1.31869]}", "facility": {"code": 13116}}, {"collection_date": "2015-08-19T15:00:57.736205+00:00", "source": {"name": "KEMRI GIS MERGE"}, "method": {"name": "Calc from proximity to school, village,markets"}, "coordinates": "{\"type\": \"Point\", \"coordinates\": [34.62743, 0.69539]}", "facility": {"code": 15929}}, {"collection_date": "2015-08-19T15:00:57.718544+00:00", "source": {"name": "Cold Chain Inventory (MoH/PATH/WHO) - Feb 2011"}, "method": {"name": "Taken with GPS Device"}, "coordinates": "{\"type\": \"Point\", \"coordinates\": [34.36982, -0.99536]}", "facility": {"code": 13940}}, {"collection_date": "2015-08-19T15:00:57.548368+00:00", "source": {"name": "GPS"}, "method": {"name": "Taken with GPS Device"}, "coordinates": "{\"type\": \"Point\", \"coordinates\": [36.66101, -0.72492]}", "facility": {"code": 10878}}, {"collection_date": "2015-08-19T15:00:57.525375+00:00", "source": {"name": "KEMRI GIS MERGE"}, "method": {"name": "Taken with GPS Device"}, "coordinates": "{\"type\": \"Point\", \"coordinates\": [35.05103, 1.78654]}", "facility": {"code": 14988}}, {"collection_date": "2015-08-19T15:00:57.516221+00:00", "source": {"name": "Sublocation Centroid Exercise of MOH/ICF Macro"}, "method": {"name": "Taken with GPS Device"}, "coordinates": "{\"type\": \"Point\", \"coordinates\": [35.10501, 1.63925]}", "facility": {"code": 16366}}, {"collection_date": "2015-08-19T15:00:57.505191+00:00", "source": {"name": "Sublocation Centroid Exercise of MOH/ICF Macro"}, "method": {"name": "Taken with GPS Device"}, "coordinates": "{\"type\": \"Point\", \"coordinates\": [39.52724, -4.37555]}", "facility": {"code": 16547}}, {"collection_date": "2015-08-19T15:00:57.492237+00:00", "source": {"name": "Cold Chain Inventory (MoH/PATH/WHO) - Feb 2011"}, "method": {"name": "Taken with GPS Device"}, "coordinates": "{\"type\": \"Point\", \"coordinates\": [37.42475, 3.12688]}", "facility": {"code": 12142}}, {"collection_date": "2015-08-19T15:00:57.413390+00:00", "source": {"name": "DHMT"}, "method": {"name": "Taken with GPS Device"}, "coordinates": "{\"type\": \"Point\", \"coordinates\": [36.78351, -1.33192]}", "facility": {"code": 13043}}, {"collection_date": "2015-08-19T15:00:57.385386+00:00", "source": {"name": "MFL RRI EEXERCISE by DHRIO"}, "method": {"name": "Taken with GPS Device"}, "coordinates": "{\"type\": \"Point\", \"coordinates\": [34.877981, -0.782208]}", "facility": {"code": 13568}}, {"collection_date": "2015-08-19T15:00:57.380417+00:00", "source": {"name": "Cold Chain Inventory (MoH/PATH/WHO) - Feb 2011"}, "method": {"name": "Taken with GPS Device"}, "coordinates": "{\"type\": \"Point\", \"coordinates\": [34.3448, 0.00716]}", "facility": {"code": 13710}}, {"collection_date": "2015-08-19T15:00:57.374806+00:00", "source": {"name": "Sublocation Centroid Exercise of MOH/ICF Macro"}, "method": {"name": "Other"}, "coordinates": "{\"type\": \"Point\", \"coordinates\": [34.5939, 0.776444]}", "facility": {"code": 15966}}, {"collection_date": "2015-08-19T15:00:57.347985+00:00", "source": {"name": "DHMT"}, "method": {"name": "Taken with GPS Device"}, "coordinates": "{\"type\": \"Point\", \"coordinates\": [40.62823, 1.87798]}", "facility": {"code": 13425}}, {"collection_date": "2015-08-19T15:00:57.272482+00:00", "source": {"name": "KEMRI GIS MERGE"}, "method": {"name": "Taken with GPS Device"}, "coordinates": "{\"type\": \"Point\", \"coordinates\": [36.8669, -1.2531]}", "facility": {"code": 13136}}, {"collection_date": "2015-08-19T15:00:57.271595+00:00", "source": {"name": "KEMRI GIS MERGE"}, "method": {"name": "Taken with GPS Device"}, "coordinates": "{\"type\": \"Point\", \"coordinates\": [34.56746, -1.24648]}", "facility": {"code": 14149}}, {"collection_date": "2015-08-19T15:00:57.260461+00:00", "source": {"name": "Cold Chain Inventory (MoH/PATH/WHO) - Feb 2011"}, "method": {"name": "Taken with GPS Device"}, "coordinates": "{\"type\": \"Point\", \"coordinates\": [34.19299, 0.14334]}", "facility": {"code": 14018}}, {"collection_date": "2015-08-19T15:00:57.233879+00:00", "source": {"name": "MFL RRI"}, "method": {"name": "Taken with GPS Device"}, "coordinates": "{\"type\": \"Point\", \"coordinates\": [34.99954, -0.80516]}", "facility": {"code": 14050}}, {"collection_date": "2015-08-19T15:00:57.222286+00:00", "source": {"name": "Cold Chain Inventory (MoH/PATH/WHO) - Feb 2011"}, "method": {"name": "Taken with GPS Device"}, "coordinates": "{\"type\": \"Point\", \"coordinates\": [37.16582, -0.43271]}", "facility": {"code": 10224}}, {"collection_date": "2015-08-19T15:00:57.148115+00:00", "source": {"name": "DHMT Kuria West"}, "method": {"name": "Calc from proximity to school, village,markets"}, "coordinates": "{\"type\": \"Point\", \"coordinates\": [34.47696, -1.17244]}", "facility": {"code": 13927}}, {"collection_date": "2015-08-19T15:00:57.138969+00:00", "source": {"name": "DHMT"}, "method": {"name": "Taken with GPS Device"}, "coordinates": "{\"type\": \"Point\", \"coordinates\": [37.65402, -1.95395]}", "facility": {"code": 16253}}, {"collection_date": "2015-08-19T15:00:57.092572+00:00", "source": {"name": "MOPHS (DHRIO)"}, "method": {"name": "Taken with GPS Device"}, "coordinates": "{\"type\": \"Point\", \"coordinates\": [34.679, -0.898421]}", "facility": {"code": 13983}}, {"collection_date": "2015-08-19T15:00:57.090392+00:00", "source": {"name": "SARAM 2013"}, "method": {"name": "Taken with GPS Device"}, "coordinates": "{\"type\": \"Point\", \"coordinates\": [36.86432, -0.44817]}", "facility": {"code": 10331}}, {"collection_date": "2015-08-19T15:00:57.079397+00:00", "source": {"name": "SARAM 2013"}, "method": {"name": "Taken with GPS Device"}, "coordinates": "{\"type\": \"Point\", \"coordinates\": [34.36116, 0.0106]}", "facility": {"code": 16787}}, {"collection_date": "2015-08-19T15:00:56.647760+00:00", "source": {"name": "KEMRI GIS MERGE"}, "method": {"name": "Taken with GPS Device"}, "coordinates": "{\"type\": \"Point\", \"coordinates\": [36.95309, -1.29032]}", "facility": {"code": 12962}}, {"collection_date": "2015-08-19T15:00:56.647334+00:00", "source": {"name": "DHMT"}, "method": {"name": "Taken with GPS Device"}, "coordinates": "{\"type\": \"Point\", \"coordinates\": [36.80948, -1.279181]}", "facility": {"code": 13242}}, {"collection_date": "2015-08-19T15:00:55.990553+00:00", "source": {"name": "Cold Chain Inventory (MoH/PATH/WHO) - Feb 2011"}, "method": {"name": "Taken with GPS Device"}, "coordinates": "{\"type\": \"Point\", \"coordinates\": [36.96441, -2.05286]}", "facility": {"code": 16426}}, {"collection_date": "2015-08-19T15:00:55.989277+00:00", "source": {"name": "Sublocation Centroid Exercise of MOH/ICF Macro"}, "method": {"name": "Other"}, "coordinates": "{\"type\": \"Point\", \"coordinates\": [37.4292, -1.51623]}", "facility": {"code": 16650}}, {"collection_date": "2015-08-19T15:00:55.836531+00:00", "source": {"name": "Cold Chain Inventory (MoH/PATH/WHO) - Feb 2011"}, "method": {"name": "Taken with GPS Device"}, "coordinates": "{\"type\": \"Point\", \"coordinates\": [34.1864, 0.10804]}", "facility": {"code": 16788}}, {"collection_date": "2015-08-19T15:00:54.636514+00:00", "source": {"name": "Sublocation Centroid Exercise of MOH/ICF Macro"}, "method": {"name": "Other"}, "coordinates": "{\"type\": \"Point\", \"coordinates\": [34.8808, -0.532532]}", "facility": {"code": 13964}}, {"collection_date": "2015-08-19T15:00:54.624725+00:00", "source": {"name": "DHRIO"}, "method": {"name": "Taken with GPS Device"}, "coordinates": "{\"type\": \"Point\", \"coordinates\": [34.7196, -0.64629]}", "facility": {"code": 16425}}, {"collection_date": "2015-08-19T15:00:54.474151+00:00", "source": {"name": "DHMT"}, "method": {"name": "Taken with GPS Device"}, "coordinates": "{\"type\": \"Point\", \"coordinates\": [37.37967, -0.28066]}", "facility": {"code": 10555}}, {"collection_date": "2015-08-19T15:00:54.457828+00:00", "source": {"name": "DHMT"}, "method": {"name": "Taken with GPS Device"}, "coordinates": "{\"type\": \"Point\", \"coordinates\": [38.02284, 2.33375]}", "facility": {"code": 12723}}, {"collection_date": "2015-08-19T15:00:54.443935+00:00", "source": {"name": "MDH"}, "method": {"name": "Taken with GPS Device"}, "coordinates": "{\"type\": \"Point\", \"coordinates\": [40.14481, -2.86296]}", "facility": {"code": 11563}}, {"collection_date": "2015-08-19T15:00:54.300872+00:00", "source": {"name": "DHMT"}, "method": {"name": "Taken with GPS Device"}, "coordinates": "{\"type\": \"Point\", \"coordinates\": [36.76819, -1.3368]}", "facility": {"code": 12886}}, {"collection_date": "2015-08-19T15:00:54.277252+00:00", "source": {"name": "SARAM 2013"}, "method": {"name": "Taken with GPS Device"}, "coordinates": "{\"type\": \"Point\", \"coordinates\": [39.62725, -4.03181]}", "facility": {"code": 11274}}, {"collection_date": "2015-08-19T15:00:54.129815+00:00", "source": {"name": "Cold Chain Inventory (MoH/PATH/WHO) - Feb 2011"}, "method": {"name": "Taken with GPS Device"}, "coordinates": "{\"type\": \"Point\", \"coordinates\": [34.25485, -1.03669]}", "facility": {"code": 13919}}, {"collection_date": "2015-08-19T15:00:54.123039+00:00", "source": {"name": "MOPHS (DHRIO)"}, "method": {"name": "Taken with GPS Device"}, "coordinates": "{\"type\": \"Point\", \"coordinates\": [34.6488, -0.92291]}", "facility": {"code": 14131}}, {"collection_date": "2015-08-19T15:00:54.114922+00:00", "source": {"name": "SARAM 2013"}, "method": {"name": "Taken with GPS Device"}, "coordinates": "{\"type\": \"Point\", \"coordinates\": [36.94852, -0.506]}", "facility": {"code": 10396}}, {"collection_date": "2015-08-19T15:00:54.107334+00:00", "source": {"name": "GPS"}, "method": {"name": "Taken with GPS Device"}, "coordinates": "{\"type\": \"Point\", \"coordinates\": [34.76198, 0.29286]}", "facility": {"code": 16764}}, {"collection_date": "2015-08-19T15:00:53.940270+00:00", "source": {"name": "DHMT"}, "method": {"name": "Taken with GPS Device"}, "coordinates": "{\"type\": \"Point\", \"coordinates\": [36.086219, -1.31039]}", "facility": {"code": 13053}}, {"collection_date": "2015-08-19T15:00:53.925778+00:00", "source": {"name": "KEMRI GIS MERGE"}, "method": {"name": "Taken with GPS Device"}, "coordinates": "{\"type\": \"Point\", \"coordinates\": [34.29667, 0.40382]}", "facility": {"code": 15995}}, {"collection_date": "2015-08-19T15:00:53.786869+00:00", "source": {"name": "HMIS, DHRIO"}, "method": {"name": "Taken with GPS Device"}, "coordinates": "{\"type\": \"Point\", \"coordinates\": [35.0625, 0.31276]}", "facility": {"code": 14761}}, {"collection_date": "2015-08-19T15:00:53.773497+00:00", "source": {"name": "GPS MACHINE"}, "method": {"name": "Taken with GPS Device"}, "coordinates": "{\"type\": \"Point\", \"coordinates\": [37.91417, -1.59688]}", "facility": {"code": 12460}}, {"collection_date": "2015-08-19T15:00:53.755512+00:00", "source": {"name": "DHMT"}, "method": {"name": "Taken with GPS Device"}, "coordinates": "{\"type\": \"Point\", \"coordinates\": [39.66157, -0.44922]}", "facility": {"code": 16287}}, {"collection_date": "2015-08-19T15:00:53.747734+00:00", "source": {"name": "SARAM 2013"}, "method": {"name": "Taken with GPS Device"}, "coordinates": "{\"type\": \"Point\", \"coordinates\": [39.62816, -4.00509]}", "facility": {"code": 11613}}, {"collection_date": "2015-08-19T15:00:53.582969+00:00", "source": {"name": "SCHMT"}, "method": {"name": "Taken with GPS Device"}, "coordinates": "{\"type\": \"Point\", \"coordinates\": [37.97492, -1.242225]}", "facility": {"code": 12638}}, {"collection_date": "2015-08-19T15:00:53.574248+00:00", "source": {"name": "SARAM 2013"}, "method": {"name": "Taken with GPS Device"}, "coordinates": "{\"type\": \"Point\", \"coordinates\": [36.89429, -0.56775]}", "facility": {"code": 10983}}, {"collection_date": "2015-08-19T15:00:53.569185+00:00", "source": {"name": "Sublocation Centroid Exercise of MOH/ICF Macro"}, "method": {"name": "Other"}, "coordinates": "{\"type\": \"Point\", \"coordinates\": [37.0013, -0.45522]}", "facility": {"code": 10401}}, {"collection_date": "2015-08-19T15:00:53.556052+00:00", "source": {"name": "HMIS, DHRIO"}, "method": {"name": "Taken with GPS Device"}, "coordinates": "{\"type\": \"Point\", \"coordinates\": [35.19798, 0.23096]}", "facility": {"code": 14697}}, {"collection_date": "2015-08-19T15:00:53.537641+00:00", "source": {"name": "HMIS OFFICE"}, "method": {"name": "Taken with GPS Device"}, "coordinates": "{\"type\": \"Point\", \"coordinates\": [40.52787, -2.523]}", "facility": {"code": 11484}}, {"collection_date": "2015-08-19T15:00:53.366604+00:00", "source": {"name": "DHMT"}, "method": {"name": "Taken with GPS Device"}, "coordinates": "{\"type\": \"Point\", \"coordinates\": [38.18276, -0.4294]}", "facility": {"code": 12480}}, {"collection_date": "2015-08-19T15:00:53.356394+00:00", "source": {"name": "DHMT"}, "method": {"name": "Taken with GPS Device"}, "coordinates": "{\"type\": \"Point\", \"coordinates\": [36.83443, -1.31514]}", "facility": {"code": 13168}}, {"collection_date": "2015-08-19T15:00:53.336553+00:00", "source": {"name": "Cold Chain Inventory (MoH/PATH/WHO) - Feb 2011"}, "method": {"name": "Taken with GPS Device"}, "coordinates": "{\"type\": \"Point\", \"coordinates\": [34.70716, -0.53946]}", "facility": {"code": 13926}}, {"collection_date": "2015-08-19T15:00:53.225247+00:00", "source": {"name": "KEMRI GIS MERGE"}, "method": {"name": "Taken with GPS Device"}, "coordinates": "{\"type\": \"Point\", \"coordinates\": [34.21078, 0.015152]}", "facility": {"code": 13499}}, {"collection_date": "2015-08-19T15:00:53.225222+00:00", "source": {"name": "SARAM 2013"}, "method": {"name": "Taken with GPS Device"}, "coordinates": "{\"type\": \"Point\", \"coordinates\": [39.62493, -4.0246]}", "facility": {"code": 11538}}, {"collection_date": "2015-08-19T15:00:53.156083+00:00", "source": {"name": "KEMRI GIS MERGE"}, "method": {"name": "Calc from proximity to school, village,markets"}, "coordinates": "{\"type\": \"Point\", \"coordinates\": [36.64166, -0.9779]}", "facility": {"code": 10629}}, {"collection_date": "2015-08-19T15:00:53.144220+00:00", "source": {"name": "KEMRI GIS MERGE"}, "method": {"name": "Calc from proximity to school, village,markets"}, "coordinates": "{\"type\": \"Point\", \"coordinates\": [36.96112, -0.41253]}", "facility": {"code": 10942}}, {"collection_date": "2015-08-19T15:00:53.012669+00:00", "source": {"name": "DHMT"}, "method": {"name": "Taken with GPS Device"}, "coordinates": "{\"type\": \"Point\", \"coordinates\": [39.86228, -3.51368]}", "facility": {"code": 11713}}, {"collection_date": "2015-08-19T15:00:52.999450+00:00", "source": {"name": "KEMRI GIS MERGE"}, "method": {"name": "Taken with GPS Device"}, "coordinates": "{\"type\": \"Point\", \"coordinates\": [36.88918, -1.32023]}", "facility": {"code": 13240}}, {"collection_date": "2015-08-19T15:00:52.980548+00:00", "source": {"name": "KEMRI GIS MERGE"}, "method": {"name": "Calc from proximity to school, village,markets"}, "coordinates": "{\"type\": \"Point\", \"coordinates\": [36.8829, -0.68602]}", "facility": {"code": 10474}}, {"collection_date": "2015-08-19T15:00:52.924159+00:00", "source": {"name": "Sublocation Centroid Exercise of MOH/ICF Macro"}, "method": {"name": "Taken with GPS Device"}, "coordinates": "{\"type\": \"Point\", \"coordinates\": [37.726, 1.45781]}", "facility": {"code": 16217}}, {"collection_date": "2015-08-19T15:00:52.911960+00:00", "source": {"name": "DHMT"}, "method": {"name": "Taken with GPS Device"}, "coordinates": "{\"type\": \"Point\", \"coordinates\": [36.79943, -1.2921]}", "facility": {"code": 12918}}, {"collection_date": "2015-08-19T15:00:52.892037+00:00", "source": {"name": "Cold Chain Inventory (MoH/PATH/WHO) - Feb 2011"}, "method": {"name": "Taken with GPS Device"}, "coordinates": "{\"type\": \"Point\", \"coordinates\": [37.38676, -0.83418]}", "facility": {"code": 12712}}, {"collection_date": "2015-08-19T15:00:52.809368+00:00", "source": {"name": "Cold Chain Inventory (MoH/PATH/WHO) - Feb 2011"}, "method": {"name": "Taken with GPS Device"}, "coordinates": "{\"type\": \"Point\", \"coordinates\": [34.79431, -0.52323]}", "facility": {"code": 13584}}, {"collection_date": "2015-08-19T15:00:52.789172+00:00", "source": {"name": "KEMRI GIS MERGE"}, "method": {"name": "Taken with GPS Device"}, "coordinates": "{\"type\": \"Point\", \"coordinates\": [36.88775, -1.25761]}", "facility": {"code": 12912}}, {"collection_date": "2015-08-19T15:00:52.732086+00:00", "source": {"name": "Cold Chain Inventory (MoH/PATH/WHO) - Feb 2011"}, "method": {"name": "Taken with GPS Device"}, "coordinates": "{\"type\": \"Point\", \"coordinates\": [38.7499, 3.51002]}", "facility": {"code": 11985}}, {"collection_date": "2015-08-19T15:00:52.723036+00:00", "source": {"name": "Sublocation Centroid Exercise of MOH/ICF Macro"}, "method": {"name": "Taken with GPS Device"}, "coordinates": "{\"type\": \"Point\", \"coordinates\": [36.8865, -1.31699]}", "facility": {"code": 13143}}, {"collection_date": "2015-08-19T15:00:52.702421+00:00", "source": {"name": "DHMT"}, "method": {"name": "Taken with GPS Device"}, "coordinates": "{\"type\": \"Point\", \"coordinates\": [39.86112, -3.68301]}", "facility": {"code": 11836}}, {"collection_date": "2015-08-19T15:00:52.587853+00:00", "source": {"name": "KEMRI GIS MERGE"}, "method": {"name": "Taken with GPS Device"}, "coordinates": "{\"type\": \"Point\", \"coordinates\": [37.83123, -0.33542]}", "facility": {"code": 12132}}, {"collection_date": "2015-08-19T15:00:52.566456+00:00", "source": {"name": "KEMRI GIS MERGE"}, "method": {"name": "Calc from proximity to school, village,markets"}, "coordinates": "{\"type\": \"Point\", \"coordinates\": [36.8923, -0.74029]}", "facility": {"code": 10212}}, {"collection_date": "2015-08-19T15:00:52.532271+00:00", "source": {"name": "DHMT"}, "method": {"name": "Taken with GPS Device"}, "coordinates": "{\"type\": \"Point\", \"coordinates\": [40.20511, 2.74743]}", "facility": {"code": 16292}}, {"collection_date": "2015-08-19T15:00:52.465642+00:00", "source": {"name": "SARAM 2013"}, "method": {"name": "Taken with GPS Device"}, "coordinates": "{\"type\": \"Point\", \"coordinates\": [34.62109, -0.52814]}", "facility": {"code": 13587}}, {"collection_date": "2015-08-19T15:00:52.464409+00:00", "source": {"name": "MOH"}, "method": {"name": "Taken with GPS Device"}, "coordinates": "{\"type\": \"Point\", \"coordinates\": [40.00028, -3.09017]}", "facility": {"code": 11571}}, {"collection_date": "2015-08-19T15:00:52.457227+00:00", "source": {"name": "Cold Chain Inventory (MoH/PATH/WHO) - Feb 2011"}, "method": {"name": "Taken with GPS Device"}, "coordinates": "{\"type\": \"Point\", \"coordinates\": [36.78137, -1.22377]}", "facility": {"code": 13171}}, {"collection_date": "2015-08-19T15:00:52.309425+00:00", "source": {"name": "Sublocation Centroid Exercise of MOH/ICF Macro"}, "method": {"name": "Other"}, "coordinates": "{\"type\": \"Point\", \"coordinates\": [34.3637, 0.015644]}", "facility": {"code": 13846}}, {"collection_date": "2015-08-19T15:00:52.291191+00:00", "source": {"name": "SARAM 2013"}, "method": {"name": "Taken with GPS Device"}, "coordinates": "{\"type\": \"Point\", \"coordinates\": [39.26573, -4.43605]}", "facility": {"code": 16549}}], "model": "mfl_gis.FacilityCoordinates", "unique_fields": ["facility"]}]