[{"records": [{"collection_date": "2015-08-19T14:59:59.015440+00:00", "source": {"name": "SARAM 2013"}, "method": {"name": "Taken with GPS Device"}, "coordinates": "{\"type\": \"Point\", \"coordinates\": [35.95584, 0.13423]}", "facility": {"code": 15217}}, {"collection_date": "2015-08-19T14:59:58.970683+00:00", "source": {"name": "Cold Chain Inventory (MoH/PATH/WHO) - Feb 2011"}, "method": {"name": "Taken with GPS Device"}, "coordinates": "{\"type\": \"Point\", \"coordinates\": [35.07694, 1.09286]}", "facility": {"code": 14548}}, {"collection_date": "2015-08-19T14:59:58.949318+00:00", "source": {"name": "SARAM 2013"}, "method": {"name": "Taken with GPS Device"}, "coordinates": "{\"type\": \"Point\", \"coordinates\": [36.82669, -0.94502]}", "facility": {"code": 10489}}, {"collection_date": "2015-08-19T14:59:58.914500+00:00", "source": {"name": "MOH"}, "method": {"name": "Taken with GPS Device"}, "coordinates": "{\"type\": \"Point\", \"coordinates\": [35.50376, 0.10371]}", "facility": {"code": 15154}}, {"collection_date": "2015-08-19T14:59:58.902953+00:00", "source": {"name": "MOH - DHRIO"}, "method": {"name": "Taken with GPS Device"}, "coordinates": "{\"type\": \"Point\", \"coordinates\": [35.93006, 3.48958]}", "facility": {"code": 15301}}, {"collection_date": "2015-08-19T14:59:58.893230+00:00", "source": {"name": "MOH"}, "method": {"name": "Taken with GPS Device"}, "coordinates": "{\"type\": \"Point\", \"coordinates\": [35.28923, -0.54881]}", "facility": {"code": 14289}}, {"collection_date": "2015-08-19T14:59:58.735614+00:00", "source": {"name": "DHMT"}, "method": {"name": "Taken with GPS Device"}, "coordinates": "{\"type\": \"Point\", \"coordinates\": [35.13948, -0.67582]}", "facility": {"code": 14742}}, {"collection_date": "2015-08-19T14:59:58.727043+00:00", "source": {"name": "GPS"}, "method": {"name": "Taken with GPS Device"}, "coordinates": "{\"type\": \"Point\", \"coordinates\": [36.62671, -1.00873]}", "facility": {"code": 10655}}, {"collection_date": "2015-08-19T14:59:58.702756+00:00", "source": {"name": "DHMT"}, "method": {"name": "Taken with GPS Device"}, "coordinates": "{\"type\": \"Point\", \"coordinates\": [35.06395, -0.01376]}", "facility": {"code": 14315}}, {"collection_date": "2015-08-19T14:59:58.693320+00:00", "source": {"name": "Cold Chain Inventory (MoH/PATH/WHO) - Feb 2011"}, "method": {"name": "Taken with GPS Device"}, "coordinates": "{\"type\": \"Point\", \"coordinates\": [35.64437, 1.16066]}", "facility": {"code": 14612}}, {"collection_date": "2015-08-19T14:59:58.636068+00:00", "source": {"name": "DHMT"}, "method": {"name": "Taken with GPS Device"}, "coordinates": "{\"type\": \"Point\", \"coordinates\": [35.372112, -1.190488]}", "facility": {"code": 15408}}, {"collection_date": "2015-08-19T14:59:58.603770+00:00", "source": {"name": "SARAM 2013"}, "method": {"name": "Taken with GPS Device"}, "coordinates": "{\"type\": \"Point\", \"coordinates\": [34.91984, 0.8915]}", "facility": {"code": 14208}}, {"collection_date": "2015-08-19T14:59:58.592370+00:00", "source": {"name": "DHMT"}, "method": {"name": "Taken with GPS Device"}, "coordinates": "{\"type\": \"Point\", \"coordinates\": [39.61751, -4.02745]}", "facility": {"code": 11258}}, {"collection_date": "2015-08-19T14:59:58.576083+00:00", "source": {"name": "DVI-DHMT"}, "method": {"name": "Taken with GPS Device"}, "coordinates": "{\"type\": \"Point\", \"coordinates\": [35.0617, -0.27633]}", "facility": {"code": 14338}}, {"collection_date": "2015-08-19T14:59:58.558778+00:00", "source": {"name": "DHMT"}, "method": {"name": "Taken with GPS Device"}, "coordinates": "{\"type\": \"Point\", \"coordinates\": [35.7994, 0.42258]}", "facility": {"code": 15724}}, {"collection_date": "2015-08-19T14:59:58.494330+00:00", "source": {"name": "DHMT"}, "method": {"name": "Taken with GPS Device"}, "coordinates": "{\"type\": \"Point\", \"coordinates\": [35.78976, 0.68725]}", "facility": {"code": 15223}}, {"collection_date": "2015-08-19T14:59:58.486210+00:00", "source": {"name": "SARAM 2013"}, "method": {"name": "Taken with GPS Device"}, "coordinates": "{\"type\": \"Point\", \"coordinates\": [35.84816, -0.20643]}", "facility": {"code": 14188}}, {"collection_date": "2015-08-19T14:59:58.384904+00:00", "source": {"name": "DHMT"}, "method": {"name": "Taken with GPS Device"}, "coordinates": "{\"type\": \"Point\", \"coordinates\": [35.7867, 0.67729]}", "facility": {"code": 14270}}, {"collection_date": "2015-08-19T14:59:58.380508+00:00", "source": {"name": "SARAM 2013"}, "method": {"name": "Taken with GPS Device"}, "coordinates": "{\"type\": \"Point\", \"coordinates\": [39.58427, -4.00168]}", "facility": {"code": 11905}}, {"collection_date": "2015-08-19T14:59:58.373173+00:00", "source": {"name": "Cold Chain Inventory (MoH/PATH/WHO) - Feb 2011"}, "method": {"name": "Taken with GPS Device"}, "coordinates": "{\"type\": \"Point\", \"coordinates\": [35.22016, 0.97823]}", "facility": {"code": 14379}}, {"collection_date": "2015-08-19T14:59:58.293061+00:00", "source": {"name": "Cold Chain Inventory (MoH/PATH/WHO) - Feb 2011"}, "method": {"name": "Taken with GPS Device"}, "coordinates": "{\"type\": \"Point\", \"coordinates\": [35.15484, 0.99088]}", "facility": {"code": 15234}}, {"collection_date": "2015-08-19T14:59:58.291492+00:00", "source": {"name": "GOK"}, "method": {"name": "Taken with GPS Device"}, "coordinates": "{\"type\": \"Point\", \"coordinates\": [35.50582, -0.12211]}", "facility": {"code": 14665}}, {"collection_date": "2015-08-19T14:59:58.256465+00:00", "source": {"name": "Sublocation Centroid Exercise of MOH/ICF Macro"}, "method": {"name": "Taken with GPS Device"}, "coordinates": "{\"type\": \"Point\", \"coordinates\": [39.6956, -4.02609]}", "facility": {"code": 11489}}, {"collection_date": "2015-08-19T14:59:58.226641+00:00", "source": {"name": "Cold Chain Inventory (MoH/PATH/WHO) - Feb 2011"}, "method": {"name": "Taken with GPS Device"}, "coordinates": "{\"type\": \"Point\", \"coordinates\": [35.53656, 0.38539]}", "facility": {"code": 14346}}, {"collection_date": "2015-08-19T14:59:58.215320+00:00", "source": {"name": "Taken with GPS by DHRIO Laikipia West"}, "method": {"name": "Taken with GPS Device"}, "coordinates": "{\"type\": \"Point\", \"coordinates\": [36.55362, 0.58255]}", "facility": {"code": 15690}}, {"collection_date": "2015-08-19T14:59:58.106717+00:00", "source": {"name": "SARAM 2013"}, "method": {"name": "Taken with GPS Device"}, "coordinates": "{\"type\": \"Point\", \"coordinates\": [34.94209, 0.92239]}", "facility": {"code": 14594}}, {"collection_date": "2015-08-19T14:59:58.096000+00:00", "source": {"name": "GOK"}, "method": {"name": "Taken with GPS Device"}, "coordinates": "{\"type\": \"Point\", \"coordinates\": [35.42033, -0.1121]}", "facility": {"code": 15242}}, {"collection_date": "2015-08-19T14:59:58.080763+00:00", "source": {"name": "Sublocation Centroid Exercise of MOH/ICF Macro"}, "method": {"name": "Other"}, "coordinates": "{\"type\": \"Point\", \"coordinates\": [36.847, -1.27085]}", "facility": {"code": 13226}}, {"collection_date": "2015-08-19T14:59:57.922089+00:00", "source": {"name": "DHMT Transmara"}, "method": {"name": "Taken with GPS Device"}, "coordinates": "{\"type\": \"Point\", \"coordinates\": [34.77567, -1.37645]}", "facility": {"code": 14205}}, {"collection_date": "2015-08-19T14:59:57.902893+00:00", "source": {"name": "KEMRI GIS MERGE"}, "method": {"name": "Taken with GPS Device"}, "coordinates": "{\"type\": \"Point\", \"coordinates\": [35.36315, 0.01133]}", "facility": {"code": 15698}}, {"collection_date": "2015-08-19T14:59:57.765443+00:00", "source": {"name": "SARAM 2013"}, "method": {"name": "Taken with GPS Device"}, "coordinates": "{\"type\": \"Point\", \"coordinates\": [34.99414, 1.03424]}", "facility": {"code": 14603}}, {"collection_date": "2015-08-19T14:59:57.761803+00:00", "source": {"name": "Sublocation Centroid Exercise of MOH/ICF Macro"}, "method": {"name": "Other"}, "coordinates": "{\"type\": \"Point\", \"coordinates\": [36.75176, -1.28225]}", "facility": {"code": 13103}}, {"collection_date": "2015-08-19T14:59:57.745846+00:00", "source": {"name": "SARAM 2013"}, "method": {"name": "Taken with GPS Device"}, "coordinates": "{\"type\": \"Point\", \"coordinates\": [35.8589, -0.1184]}", "facility": {"code": 15256}}, {"collection_date": "2015-08-19T14:59:57.558334+00:00", "source": {"name": "DHMT"}, "method": {"name": "Taken with GPS Device"}, "coordinates": "{\"type\": \"Point\", \"coordinates\": [35.42559, 0.6165]}", "facility": {"code": 14317}}, {"collection_date": "2015-08-19T14:59:57.553394+00:00", "source": {"name": "Cold Chain Inventory (MoH/PATH/WHO) - Feb 2011"}, "method": {"name": "Taken with GPS Device"}, "coordinates": "{\"type\": \"Point\", \"coordinates\": [35.61454, 1.00501]}", "facility": {"code": 15752}}, {"collection_date": "2015-08-19T14:59:57.403767+00:00", "source": {"name": "Cold Chain Inventory (MoH/PATH/WHO) - Feb 2011"}, "method": {"name": "Taken with GPS Device"}, "coordinates": "{\"type\": \"Point\", \"coordinates\": [35.13323, 0.92467]}", "facility": {"code": 15381}}, {"collection_date": "2015-08-19T14:59:57.401128+00:00", "source": {"name": "MOH-Nakuru"}, "method": {"name": "Taken with GPS Device"}, "coordinates": "{\"type\": \"Point\", \"coordinates\": [36.04388, -0.23285]}", "facility": {"code": 14183}}, {"collection_date": "2015-08-19T14:59:57.397234+00:00", "source": {"name": "Sublocation Centroid Exercise of MOH/ICF Macro"}, "method": {"name": "Taken with GPS Device"}, "coordinates": "{\"type\": \"Point\", \"coordinates\": [36.74813, -1.29159]}", "facility": {"code": 13091}}, {"collection_date": "2015-08-19T14:59:57.220420+00:00", "source": {"name": "DHMT"}, "method": {"name": "Taken with GPS Device"}, "coordinates": "{\"type\": \"Point\", \"coordinates\": [35.76563, 0.64371]}", "facility": {"code": 15730}}, {"collection_date": "2015-08-19T14:59:57.202892+00:00", "source": {"name": "DHMT"}, "method": {"name": "Taken with GPS Device"}, "coordinates": "{\"type\": \"Point\", \"coordinates\": [35.33863, -0.78278]}", "facility": {"code": 14261}}, {"collection_date": "2015-08-19T14:59:57.060939+00:00", "source": {"name": "Moh-Naivasha"}, "method": {"name": "Taken with GPS Device"}, "coordinates": "{\"type\": \"Point\", \"coordinates\": [36.48932, -0.64876]}", "facility": {"code": 15380}}, {"collection_date": "2015-08-19T14:59:57.050657+00:00", "source": {"name": "Sublocation Centroid Exercise of MOH/ICF Macro"}, "method": {"name": "Other"}, "coordinates": "{\"type\": \"Point\", \"coordinates\": [36.9046, -1.22429]}", "facility": {"code": 13125}}, {"collection_date": "2015-08-19T14:59:57.036610+00:00", "source": {"name": "SARAM 2013"}, "method": {"name": "Taken with GPS Device"}, "coordinates": "{\"type\": \"Point\", \"coordinates\": [34.91903, 1.00345]}", "facility": {"code": 16363}}, {"collection_date": "2015-08-19T14:59:56.981105+00:00", "source": {"name": "MOH"}, "method": {"name": "Taken with GPS Device"}, "coordinates": "{\"type\": \"Point\", \"coordinates\": [35.17105, -0.50979]}", "facility": {"code": 14323}}, {"collection_date": "2015-08-19T14:59:56.855939+00:00", "source": {"name": "KEMRI GIS MERGE"}, "method": {"name": "Taken with GPS Device"}, "coordinates": "{\"type\": \"Point\", \"coordinates\": [36.9402, -0.05046]}", "facility": {"code": 15152}}, {"collection_date": "2015-08-19T14:59:56.657690+00:00", "source": {"name": "Cold Chain Inventory (MoH/PATH/WHO) - Feb 2011"}, "method": {"name": "Taken with GPS Device"}, "coordinates": "{\"type\": \"Point\", \"coordinates\": [35.66103, 0.31574]}", "facility": {"code": 15378}}, {"collection_date": "2015-08-19T14:59:56.648141+00:00", "source": {"name": "DHRIO"}, "method": {"name": "Taken with GPS Device"}, "coordinates": "{\"type\": \"Point\", \"coordinates\": [36.9633, -1.47115]}", "facility": {"code": 14951}}, {"collection_date": "2015-08-19T14:59:56.632014+00:00", "source": {"name": "SARAM 2013"}, "method": {"name": "Taken with GPS Device"}, "coordinates": "{\"type\": \"Point\", \"coordinates\": [36.07632, -0.28606]}", "facility": {"code": 15676}}, {"collection_date": "2015-08-19T14:59:56.401554+00:00", "source": {"name": "DHMT"}, "method": {"name": "Taken with GPS Device"}, "coordinates": "{\"type\": \"Point\", \"coordinates\": [35.16278, -0.90139]}", "facility": {"code": 14308}}, {"collection_date": "2015-08-19T14:59:56.392206+00:00", "source": {"name": "DHMT"}, "method": {"name": "Taken with GPS Device"}, "coordinates": "{\"type\": \"Point\", \"coordinates\": [35.69858, 0.70307]}", "facility": {"code": 14243}}, {"collection_date": "2015-08-19T14:59:56.381000+00:00", "source": {"name": "KEMRI GIS MERGE"}, "method": {"name": "Taken with GPS Device"}, "coordinates": "{\"type\": \"Point\", \"coordinates\": [34.53335, -0.89366]}", "facility": {"code": 14097}}, {"collection_date": "2015-08-19T14:59:56.261984+00:00", "source": {"name": "DHMT"}, "method": {"name": "Taken with GPS Device"}, "coordinates": "{\"type\": \"Point\", \"coordinates\": [35.75004, 0.28969]}", "facility": {"code": 14352}}, {"collection_date": "2015-08-19T14:59:56.209548+00:00", "source": {"name": "Cold Chain Inventory (MoH/PATH/WHO) - Feb 2011"}, "method": {"name": "Taken with GPS Device"}, "coordinates": "{\"type\": \"Point\", \"coordinates\": [34.65859, 0.71391]}", "facility": {"code": 16706}}, {"collection_date": "2015-08-19T14:59:56.200388+00:00", "source": {"name": "DHMT"}, "method": {"name": "Taken with GPS Device"}, "coordinates": "{\"type\": \"Point\", \"coordinates\": [35.48306, -0.80639]}", "facility": {"code": 14311}}, {"collection_date": "2015-08-19T14:59:56.188923+00:00", "source": {"name": "SARAM 2013"}, "method": {"name": "Taken with GPS Device"}, "coordinates": "{\"type\": \"Point\", \"coordinates\": [35.19926, 1.30047]}", "facility": {"code": 14330}}, {"collection_date": "2015-08-19T14:59:56.023589+00:00", "source": {"name": "DHRIO"}, "method": {"name": "Taken with GPS Device"}, "coordinates": "{\"type\": \"Point\", \"coordinates\": [34.70765, -0.67886]}", "facility": {"code": 13474}}, {"collection_date": "2015-08-19T14:59:56.019719+00:00", "source": {"name": "DHMT"}, "method": {"name": "Taken with GPS Device"}, "coordinates": "{\"type\": \"Point\", \"coordinates\": [35.10995, -0.83461]}", "facility": {"code": 15391}}, {"collection_date": "2015-08-19T14:59:55.961113+00:00", "source": {"name": "MOH"}, "method": {"name": "Taken with GPS Device"}, "coordinates": "{\"type\": \"Point\", \"coordinates\": [35.14351, -0.57824]}", "facility": {"code": 14300}}, {"collection_date": "2015-08-19T14:59:55.956681+00:00", "source": {"name": "Sublocation Centroid Exercise of MOH/ICF Macro"}, "method": {"name": "Other"}, "coordinates": "{\"type\": \"Point\", \"coordinates\": [35.2663, 0.492988]}", "facility": {"code": 15265}}, {"collection_date": "2015-08-19T14:59:55.946507+00:00", "source": {"name": "Cold Chain Inventory (MoH/PATH/WHO) - Feb 2011"}, "method": {"name": "Taken with GPS Device"}, "coordinates": "{\"type\": \"Point\", \"coordinates\": [35.39681, 0.68018]}", "facility": {"code": 15741}}, {"collection_date": "2015-08-19T14:59:55.813208+00:00", "source": {"name": "KEMRI GIS MERGE"}, "method": {"name": "Taken with GPS Device"}, "coordinates": "{\"type\": \"Point\", \"coordinates\": [36.31682, -0.47809]}", "facility": {"code": 15377}}, {"collection_date": "2015-08-19T14:59:55.801228+00:00", "source": {"name": "DHMT"}, "method": {"name": "Taken with GPS Device"}, "coordinates": "{\"type\": \"Point\", \"coordinates\": [36.78365, -1.31197]}", "facility": {"code": 13216}}, {"collection_date": "2015-08-19T14:59:55.733311+00:00", "source": {"name": "Cold Chain Inventory (MoH/PATH/WHO) - Feb 2011"}, "method": {"name": "Taken with GPS Device"}, "coordinates": "{\"type\": \"Point\", \"coordinates\": [35.39224, 0.94421]}", "facility": {"code": 14301}}, {"collection_date": "2015-08-19T14:59:55.724549+00:00", "source": {"name": "DHMT"}, "method": {"name": "Taken with GPS Device"}, "coordinates": "{\"type\": \"Point\", \"coordinates\": [36.01458, 0.15772]}", "facility": {"code": 15744}}, {"collection_date": "2015-08-19T14:59:55.724502+00:00", "source": {"name": "SARAM 2013"}, "method": {"name": "Taken with GPS Device"}, "coordinates": "{\"type\": \"Point\", \"coordinates\": [35.47834, -0.2561]}", "facility": {"code": 16469}}, {"collection_date": "2015-08-19T14:59:55.702464+00:00", "source": {"name": "DHMT Nakuru"}, "method": {"name": "Taken with GPS Device"}, "coordinates": "{\"type\": \"Point\", \"coordinates\": [36.13309, -0.06754]}", "facility": {"code": 15372}}, {"collection_date": "2015-08-19T14:59:55.568116+00:00", "source": {"name": "Sublocation Centroid Exercise of MOH/ICF Macro"}, "method": {"name": "Taken with GPS Device"}, "coordinates": "{\"type\": \"Point\", \"coordinates\": [36.7414, -1.27974]}", "facility": {"code": 13159}}, {"collection_date": "2015-08-19T14:59:55.513590+00:00", "source": {"name": "DHMT"}, "method": {"name": "Taken with GPS Device"}, "coordinates": "{\"type\": \"Point\", \"coordinates\": [35.81655, 0.65668]}", "facility": {"code": 15729}}, {"collection_date": "2015-08-19T14:59:55.499441+00:00", "source": {"name": "Cold Chain Inventory (MoH/PATH/WHO) - Feb 2011"}, "method": {"name": "Taken with GPS Device"}, "coordinates": "{\"type\": \"Point\", \"coordinates\": [35.27753, 0.51363]}", "facility": {"code": 16348}}, {"collection_date": "2015-08-19T14:59:55.488820+00:00", "source": {"name": "Moh-Naivasha"}, "method": {"name": "Taken with GPS Device"}, "coordinates": "{\"type\": \"Point\", \"coordinates\": [36.51243, -0.78064]}", "facility": {"code": 15373}}, {"collection_date": "2015-08-19T14:59:55.475736+00:00", "source": {"name": "SARAM 2013"}, "method": {"name": "Taken with GPS Device"}, "coordinates": "{\"type\": \"Point\", \"coordinates\": [36.07419, -0.23264]}", "facility": {"code": 15286}}, {"collection_date": "2015-08-19T14:59:54.970823+00:00", "source": {"name": "DHMT"}, "method": {"name": "Taken with GPS Device"}, "coordinates": "{\"type\": \"Point\", \"coordinates\": [36.7844, -1.31299]}", "facility": {"code": 13088}}, {"collection_date": "2015-08-19T14:59:54.792030+00:00", "source": {"name": "SARAM 2013"}, "method": {"name": "Taken with GPS Device"}, "coordinates": "{\"type\": \"Point\", \"coordinates\": [35.26359, -0.36461]}", "facility": {"code": 15136}}, {"collection_date": "2015-08-19T14:59:54.784961+00:00", "source": {"name": "MOH"}, "method": {"name": "Taken with GPS Device"}, "coordinates": "{\"type\": \"Point\", \"coordinates\": [35.18046, -0.54526]}", "facility": {"code": 14309}}, {"collection_date": "2015-08-19T14:59:54.713075+00:00", "source": {"name": "DHRIO"}, "method": {"name": "Taken with GPS Device"}, "coordinates": "{\"type\": \"Point\", \"coordinates\": [36.8185, -1.28052]}", "facility": {"code": 13111}}, {"collection_date": "2015-08-19T14:59:54.711958+00:00", "source": {"name": "Sublocation Centroid Exercise of MOH/ICF Macro"}, "method": {"name": "Other"}, "coordinates": "{\"type\": \"Point\", \"coordinates\": [34.9041, 0.569205]}", "facility": {"code": 15255}}, {"collection_date": "2015-08-19T14:59:54.700254+00:00", "source": {"name": "DHMT Nakuru"}, "method": {"name": "Taken with GPS Device"}, "coordinates": "{\"type\": \"Point\", \"coordinates\": [36.06868, -0.31441]}", "facility": {"code": 15671}}, {"collection_date": "2015-08-19T14:59:54.683208+00:00", "source": {"name": "DHMT Nakuru"}, "method": {"name": "Taken with GPS Device"}, "coordinates": "{\"type\": \"Point\", \"coordinates\": [36.03225, -0.16941]}", "facility": {"code": 14498}}, {"collection_date": "2015-08-19T14:59:54.682462+00:00", "source": {"name": "Moh-Naivasha"}, "method": {"name": "Taken with GPS Device"}, "coordinates": "{\"type\": \"Point\", \"coordinates\": [36.29867, -0.82552]}", "facility": {"code": 15447}}, {"collection_date": "2015-08-19T14:59:54.511228+00:00", "source": {"name": "DHMT"}, "method": {"name": "Taken with GPS Device"}, "coordinates": "{\"type\": \"Point\", \"coordinates\": [36.79913, -1.31178]}", "facility": {"code": 13178}}, {"collection_date": "2015-08-19T14:59:54.499712+00:00", "source": {"name": "KEMRI GIS MERGE"}, "method": {"name": "Taken with GPS Device"}, "coordinates": "{\"type\": \"Point\", \"coordinates\": [35.14953, 0.80972]}", "facility": {"code": 15191}}, {"collection_date": "2015-08-19T14:59:54.452538+00:00", "source": {"name": "Sublocation Centroid Exercise of MOH/ICF Macro"}, "method": {"name": "Other"}, "coordinates": "{\"type\": \"Point\", \"coordinates\": [35.2506, 0.559882]}", "facility": {"code": 16356}}, {"collection_date": "2015-08-19T14:59:54.444295+00:00", "source": {"name": "DHMT"}, "method": {"name": "Taken with GPS Device"}, "coordinates": "{\"type\": \"Point\", \"coordinates\": [35.27787, 0.15538]}", "facility": {"code": 15030}}, {"collection_date": "2015-08-19T14:59:54.433887+00:00", "source": {"name": "KEMRI GIS MERGE"}, "method": {"name": "Taken with GPS Device"}, "coordinates": "{\"type\": \"Point\", \"coordinates\": [37.41321, -1.24409]}", "facility": {"code": 12216}}, {"collection_date": "2015-08-19T14:59:54.277792+00:00", "source": {"name": "KEMRI GIS MERGE"}, "method": {"name": "Taken with GPS Device"}, "coordinates": "{\"type\": \"Point\", \"coordinates\": [37.15996, 0.06971]}", "facility": {"code": 15253}}, {"collection_date": "2015-08-19T14:59:54.277786+00:00", "source": {"name": "DHMT"}, "method": {"name": "Taken with GPS Device"}, "coordinates": "{\"type\": \"Point\", \"coordinates\": [36.748675, -1.266243]}", "facility": {"code": 13137}}, {"collection_date": "2015-08-19T14:59:54.231553+00:00", "source": {"name": "GOK"}, "method": {"name": "Taken with GPS Device"}, "coordinates": "{\"type\": \"Point\", \"coordinates\": [37.51932, 0.7829]}", "facility": {"code": 15028}}, {"collection_date": "2015-08-19T14:59:54.220148+00:00", "source": {"name": "DHMT Transmara"}, "method": {"name": "Taken with GPS Device"}, "coordinates": "{\"type\": \"Point\", \"coordinates\": [35.01188, -1.08661]}", "facility": {"code": 15668}}, {"collection_date": "2015-08-19T14:59:54.198237+00:00", "source": {"name": "SARAM 2013"}, "method": {"name": "Taken with GPS Device"}, "coordinates": "{\"type\": \"Point\", \"coordinates\": [35.26744, 0.52008]}", "facility": {"code": 15135}}, {"collection_date": "2015-08-19T14:59:54.144084+00:00", "source": {"name": "Taken by James K Saina DHRIO Laikipia West"}, "method": {"name": "Taken with GPS Device"}, "coordinates": "{\"type\": \"Point\", \"coordinates\": [36.3553, 0.2859]}", "facility": {"code": 15247}}, {"collection_date": "2015-08-19T14:59:54.132827+00:00", "source": {"name": "DHMT"}, "method": {"name": "Taken with GPS Device"}, "coordinates": "{\"type\": \"Point\", \"coordinates\": [36.75228, -1.266197]}", "facility": {"code": 13049}}, {"collection_date": "2015-08-19T14:59:54.113503+00:00", "source": {"name": "SARAM 2013"}, "method": {"name": "Taken with GPS Device"}, "coordinates": "{\"type\": \"Point\", \"coordinates\": [35.90544, -0.14051]}", "facility": {"code": 15027}}, {"collection_date": "2015-08-19T14:59:53.976585+00:00", "source": {"name": "Moh-Naivasha"}, "method": {"name": "Taken with GPS Device"}, "coordinates": "{\"type\": \"Point\", \"coordinates\": [36.49163, -0.88309]}", "facility": {"code": 14550}}, {"collection_date": "2015-08-19T14:59:53.957830+00:00", "source": {"name": "MOH"}, "method": {"name": "Taken with GPS Device"}, "coordinates": "{\"type\": \"Point\", \"coordinates\": [35.08364, 0.56149]}", "facility": {"code": 15254}}, {"collection_date": "2015-08-19T14:59:53.897841+00:00", "source": {"name": "Sublocation Centroid Exercise of MOH/ICF Macro"}, "method": {"name": "Other"}, "coordinates": "{\"type\": \"Point\", \"coordinates\": [36.9046, -1.22429]}", "facility": {"code": 13012}}, {"collection_date": "2015-08-19T14:59:53.892095+00:00", "source": {"name": "Cold Chain Inventory (MoH/PATH/WHO) - Feb 2011"}, "method": {"name": "Taken with GPS Device"}, "coordinates": "{\"type\": \"Point\", \"coordinates\": [36.02301, 0.05957]}", "facility": {"code": 15246}}, {"collection_date": "2015-08-19T14:59:53.839371+00:00", "source": {"name": "KEMRI GIS MERGE"}, "method": {"name": "Calc from proximity to school, village,markets"}, "coordinates": "{\"type\": \"Point\", \"coordinates\": [35.5203, -0.09137]}", "facility": {"code": 15026}}, {"collection_date": "2015-08-19T14:59:53.831070+00:00", "source": {"name": "DHMT"}, "method": {"name": "Taken with GPS Device"}, "coordinates": "{\"type\": \"Point\", \"coordinates\": [35.82776, -0.22105]}", "facility": {"code": 15672}}, {"collection_date": "2015-08-19T14:59:53.822306+00:00", "source": {"name": "Cold Chain Inventory (MoH/PATH/WHO) - Feb 2011"}, "method": {"name": "Taken with GPS Device"}, "coordinates": "{\"type\": \"Point\", \"coordinates\": [35.58999, 1.20794]}", "facility": {"code": 15658}}], "model": "mfl_gis.FacilityCoordinates", "unique_fields": ["facility"]}]