[{"records": [{"collection_date": "2015-08-19T14:59:53.645819+00:00", "source": {"name": "KEMRI GIS MERGE"}, "method": {"name": "Calc from proximity to school, village,markets"}, "coordinates": "{\"type\": \"Point\", \"coordinates\": [35.4778, -0.00123]}", "facility": {"code": 15245}}, {"collection_date": "2015-08-19T14:59:53.612174+00:00", "source": {"name": "KEMRI GIS MERGE"}, "method": {"name": "Taken with GPS Device"}, "coordinates": "{\"type\": \"Point\", \"coordinates\": [35.28865, 0.85363]}", "facility": {"code": 15025}}, {"collection_date": "2015-08-19T14:59:53.596837+00:00", "source": {"name": "Sublocation Centroid Exercise of MOH/ICF Macro"}, "method": {"name": "Taken with GPS Device"}, "coordinates": "{\"type\": \"Point\", \"coordinates\": [37.3175, 0.980778]}", "facility": {"code": 16670}}, {"collection_date": "2015-08-19T14:59:53.589729+00:00", "source": {"name": "Cold Chain Inventory (MoH/PATH/WHO) - Feb 2011"}, "method": {"name": "Taken with GPS Device"}, "coordinates": "{\"type\": \"Point\", \"coordinates\": [35.86744, 3.5297]}", "facility": {"code": 14663}}, {"collection_date": "2015-08-19T14:59:53.512183+00:00", "source": {"name": "DHMT"}, "method": {"name": "Taken with GPS Device"}, "coordinates": "{\"type\": \"Point\", \"coordinates\": [35.38284, -0.71884]}", "facility": {"code": 15244}}, {"collection_date": "2015-08-19T14:59:53.496981+00:00", "source": {"name": "Sublocation Centroid Exercise of MOH/ICF Macro"}, "method": {"name": "Taken with GPS Device"}, "coordinates": "{\"type\": \"Point\", \"coordinates\": [36.75265, -1.28321]}", "facility": {"code": 13200}}, {"collection_date": "2015-08-19T14:59:53.496622+00:00", "source": {"name": "KEMRI GIS MERGE"}, "method": {"name": "Calc from 1:50,000 scale topographic maps"}, "coordinates": "{\"type\": \"Point\", \"coordinates\": [35.29324, -0.99967]}", "facility": {"code": 15100}}, {"collection_date": "2015-08-19T14:59:53.487112+00:00", "source": {"name": "SARAM 2013"}, "method": {"name": "Taken with GPS Device"}, "coordinates": "{\"type\": \"Point\", \"coordinates\": [35.06519, 0.95363]}", "facility": {"code": 14535}}, {"collection_date": "2015-08-19T14:59:53.354046+00:00", "source": {"name": "DHMT"}, "method": {"name": "Taken with GPS Device"}, "coordinates": "{\"type\": \"Point\", \"coordinates\": [35.25075, -1.13315]}", "facility": {"code": 14394}}, {"collection_date": "2015-08-19T14:59:53.215518+00:00", "source": {"name": "DHMT"}, "method": {"name": "Taken with GPS Device"}, "coordinates": "{\"type\": \"Point\", \"coordinates\": [34.75811, -0.12409]}", "facility": {"code": 16882}}, {"collection_date": "2015-08-19T14:59:53.200151+00:00", "source": {"name": "DHMT Nakuru"}, "method": {"name": "Taken with GPS Device"}, "coordinates": "{\"type\": \"Point\", \"coordinates\": [36.03875, -0.17608]}", "facility": {"code": 14251}}, {"collection_date": "2015-08-19T14:59:53.198592+00:00", "source": {"name": "DHMT"}, "method": {"name": "Taken with GPS Device"}, "coordinates": "{\"type\": \"Point\", \"coordinates\": [35.66965, 0.59678]}", "facility": {"code": 15243}}, {"collection_date": "2015-08-19T14:59:53.185676+00:00", "source": {"name": "MOH"}, "method": {"name": "Taken with GPS Device"}, "coordinates": "{\"type\": \"Point\", \"coordinates\": [35.18905, -0.58307]}", "facility": {"code": 15039}}, {"collection_date": "2015-08-19T14:59:53.008611+00:00", "source": {"name": "KEMRI GIS MERGE"}, "method": {"name": "Taken with GPS Device"}, "coordinates": "{\"type\": \"Point\", \"coordinates\": [35.1221, 0.87599]}", "facility": {"code": 15209}}, {"collection_date": "2015-08-19T14:59:52.862856+00:00", "source": {"name": "DHMT"}, "method": {"name": "Taken with GPS Device"}, "coordinates": "{\"type\": \"Point\", \"coordinates\": [35.30549, 0.57713]}", "facility": {"code": 14343}}, {"collection_date": "2015-08-19T14:59:52.855280+00:00", "source": {"name": "Taken by DHRIO Laikipia West   http://www.panoramio.com/photo/41887428"}, "method": {"name": "Taken with GPS Device"}, "coordinates": "{\"type\": \"Point\", \"coordinates\": [36.29938, 0.04376]}", "facility": {"code": 15093}}, {"collection_date": "2015-08-19T14:59:52.854675+00:00", "source": {"name": "DHMT"}, "method": {"name": "Taken with GPS Device"}, "coordinates": "{\"type\": \"Point\", \"coordinates\": [36.77614, -1.3144]}", "facility": {"code": 13179}}, {"collection_date": "2015-08-19T14:59:52.841167+00:00", "source": {"name": "DHMT Transmara"}, "method": {"name": "Taken with GPS Device"}, "coordinates": "{\"type\": \"Point\", \"coordinates\": [34.9454, -0.97105]}", "facility": {"code": 14865}}, {"collection_date": "2015-08-19T14:59:52.670839+00:00", "source": {"name": "KEMRI GIS MERGE"}, "method": {"name": "Calc from proximity to school, village,markets"}, "coordinates": "{\"type\": \"Point\", \"coordinates\": [34.78, 0.02]}", "facility": {"code": 16082}}, {"collection_date": "2015-08-19T14:59:52.527467+00:00", "source": {"name": "Cold Chain Inventory (MoH/PATH/WHO) - Feb 2011"}, "method": {"name": "Taken with GPS Device"}, "coordinates": "{\"type\": \"Point\", \"coordinates\": [35.74446, -0.96611]}", "facility": {"code": 15363}}, {"collection_date": "2015-08-19T14:59:52.515438+00:00", "source": {"name": "Taken by DHRIO Laikipia West"}, "method": {"name": "Taken with GPS Device"}, "coordinates": "{\"type\": \"Point\", \"coordinates\": [36.48778, 0.19176]}", "facility": {"code": 15086}}, {"collection_date": "2015-08-19T14:59:52.516421+00:00", "source": {"name": "Sublocation Centroid Exercise of MOH/ICF Macro"}, "method": {"name": "Taken with GPS Device"}, "coordinates": "{\"type\": \"Point\", \"coordinates\": [36.69263, -1.42619]}", "facility": {"code": 15143}}, {"collection_date": "2015-08-19T14:59:52.513013+00:00", "source": {"name": "Cold Chain Inventory (MoH/PATH/WHO) - Feb 2011"}, "method": {"name": "Taken with GPS Device"}, "coordinates": "{\"type\": \"Point\", \"coordinates\": [35.12358, 1.0282]}", "facility": {"code": 16693}}, {"collection_date": "2015-08-19T14:59:52.377242+00:00", "source": {"name": "KEMRI GIS MERGE"}, "method": {"name": "Calc from proximity to school, village,markets"}, "coordinates": "{\"type\": \"Point\", \"coordinates\": [37.5921, 0.65141]}", "facility": {"code": 14212}}, {"collection_date": "2015-08-19T14:59:52.168416+00:00", "source": {"name": "Cold Chain Inventory (MoH/PATH/WHO) - Feb 2011"}, "method": {"name": "Taken with GPS Device"}, "coordinates": "{\"type\": \"Point\", \"coordinates\": [35.57769, 0.32648]}", "facility": {"code": 15374}}, {"collection_date": "2015-08-19T14:59:52.154012+00:00", "source": {"name": "Sublocation Centroid Exercise of MOH/ICF Macro"}, "method": {"name": "Other"}, "coordinates": "{\"type\": \"Point\", \"coordinates\": [36.7414, -1.27974]}", "facility": {"code": 13256}}, {"collection_date": "2015-08-19T14:59:52.146408+00:00", "source": {"name": "SARAM 2013"}, "method": {"name": "Taken with GPS Device"}, "coordinates": "{\"type\": \"Point\", \"coordinates\": [35.87965, 2.75586]}", "facility": {"code": 15061}}, {"collection_date": "2015-08-19T14:59:51.980653+00:00", "source": {"name": "DHMT Transmara"}, "method": {"name": "Taken with GPS Device"}, "coordinates": "{\"type\": \"Point\", \"coordinates\": [35.06037, -1.05862]}", "facility": {"code": 16691}}, {"collection_date": "2015-08-19T14:59:51.960379+00:00", "source": {"name": "Sublocation Centroid Exercise of MOH/ICF Macro"}, "method": {"name": "Taken with GPS Device"}, "coordinates": "{\"type\": \"Point\", \"coordinates\": [36.11773, -0.23076]}", "facility": {"code": 14478}}, {"collection_date": "2015-08-19T14:59:51.820746+00:00", "source": {"name": "Sublocation Centroid Exercise of MOH/ICF Macro"}, "method": {"name": "Other"}, "coordinates": "{\"type\": \"Point\", \"coordinates\": [36.7359, -1.2887]}", "facility": {"code": 13238}}, {"collection_date": "2015-08-19T14:59:51.806765+00:00", "source": {"name": "DHMT"}, "method": {"name": "Taken with GPS Device"}, "coordinates": "{\"type\": \"Point\", \"coordinates\": [35.5712, -1.75866]}", "facility": {"code": 15392}}, {"collection_date": "2015-08-19T14:59:51.795349+00:00", "source": {"name": "MOH"}, "method": {"name": "Taken with GPS Device"}, "coordinates": "{\"type\": \"Point\", \"coordinates\": [35.32573, 0.29428]}", "facility": {"code": 16341}}, {"collection_date": "2015-08-19T14:59:51.785056+00:00", "source": {"name": "SARAM 2013"}, "method": {"name": "Taken with GPS Device"}, "coordinates": "{\"type\": \"Point\", \"coordinates\": [35.82776, -0.22105]}", "facility": {"code": 15021}}, {"collection_date": "2015-08-19T14:59:51.610680+00:00", "source": {"name": "SARAM 2013"}, "method": {"name": "Taken with GPS Device"}, "coordinates": "{\"type\": \"Point\", \"coordinates\": [35.64258, 0.32281]}", "facility": {"code": 14500}}, {"collection_date": "2015-08-19T14:59:51.608611+00:00", "source": {"name": "SARAM 2013"}, "method": {"name": "Taken with GPS Device"}, "coordinates": "{\"type\": \"Point\", \"coordinates\": [35.95856, -0.29746]}", "facility": {"code": 15385}}, {"collection_date": "2015-08-19T14:59:51.597823+00:00", "source": {"name": "Sublocation Centroid Exercise of MOH/ICF Macro"}, "method": {"name": "Other"}, "coordinates": "{\"type\": \"Point\", \"coordinates\": [36.7414, -1.27974]}", "facility": {"code": 13227}}, {"collection_date": "2015-08-19T14:59:51.590364+00:00", "source": {"name": "MOH"}, "method": {"name": "Taken with GPS Device"}, "coordinates": "{\"type\": \"Point\", \"coordinates\": [35.4349, 0.209]}", "facility": {"code": 16342}}, {"collection_date": "2015-08-19T14:59:51.580565+00:00", "source": {"name": "Moh-Naivasha"}, "method": {"name": "Taken with GPS Device"}, "coordinates": "{\"type\": \"Point\", \"coordinates\": [36.49667, -0.88223]}", "facility": {"code": 15078}}, {"collection_date": "2015-08-19T14:59:51.396418+00:00", "source": {"name": "Sublocation Centroid Exercise of MOH/ICF Macro"}, "method": {"name": "Taken with GPS Device"}, "coordinates": "{\"type\": \"Point\", \"coordinates\": [36.7359, -1.2887]}", "facility": {"code": 13213}}, {"collection_date": "2015-08-19T14:59:51.388374+00:00", "source": {"name": "DHMT"}, "method": {"name": "Taken with GPS Device"}, "coordinates": "{\"type\": \"Point\", \"coordinates\": [35.76178, -1.15086]}", "facility": {"code": 14485}}, {"collection_date": "2015-08-19T14:59:51.379757+00:00", "source": {"name": "Cold Chain Inventory (MoH/PATH/WHO) - Feb 2011"}, "method": {"name": "Taken with GPS Device"}, "coordinates": "{\"type\": \"Point\", \"coordinates\": [35.62696, 0.40456]}", "facility": {"code": 15538}}, {"collection_date": "2015-08-19T14:59:51.252873+00:00", "source": {"name": "Cold Chain Inventory (MoH/PATH/WHO) - Feb 2011"}, "method": {"name": "Taken with GPS Device"}, "coordinates": "{\"type\": \"Point\", \"coordinates\": [35.59347, 1.08209]}", "facility": {"code": 14884}}, {"collection_date": "2015-08-19T14:59:51.238979+00:00", "source": {"name": "DHMT Transmara"}, "method": {"name": "Taken with GPS Device"}, "coordinates": "{\"type\": \"Point\", \"coordinates\": [35.03107, -0.9312]}", "facility": {"code": 16328}}, {"collection_date": "2015-08-19T14:59:51.190595+00:00", "source": {"name": "DHMT"}, "method": {"name": "Taken with GPS Device"}, "coordinates": "{\"type\": \"Point\", \"coordinates\": [36.8283, -1.31359]}", "facility": {"code": 13112}}, {"collection_date": "2015-08-19T14:59:51.166034+00:00", "source": {"name": "SARAM 2013"}, "method": {"name": "Taken with GPS Device"}, "coordinates": "{\"type\": \"Point\", \"coordinates\": [34.97592, 0.05668]}", "facility": {"code": 14960}}, {"collection_date": "2015-08-19T14:59:51.048444+00:00", "source": {"name": "KEMRI GIS MERGE"}, "method": {"name": "Taken with GPS Device"}, "coordinates": "{\"type\": \"Point\", \"coordinates\": [35.50264, -0.25114]}", "facility": {"code": 14882}}, {"collection_date": "2015-08-19T14:59:51.014806+00:00", "source": {"name": "Sublocation Centroid Exercise of MOH/ICF Macro"}, "method": {"name": "Other"}, "coordinates": "{\"type\": \"Point\", \"coordinates\": [35.2663, 0.492988]}", "facility": {"code": 16346}}, {"collection_date": "2015-08-19T14:59:51.008954+00:00", "source": {"name": "SARAM 2013"}, "method": {"name": "Taken with GPS Device"}, "coordinates": "{\"type\": \"Point\", \"coordinates\": [35.73347, 0.11946]}", "facility": {"code": 15566}}, {"collection_date": "2015-08-19T14:59:50.952097+00:00", "source": {"name": "Sublocation Centroid Exercise of MOH/ICF Macro"}, "method": {"name": "Other"}, "coordinates": "{\"type\": \"Point\", \"coordinates\": [36.75233, -1.29065]}", "facility": {"code": 13212}}, {"collection_date": "2015-08-19T14:59:50.830025+00:00", "source": {"name": "DHMT"}, "method": {"name": "Taken with GPS Device"}, "coordinates": "{\"type\": \"Point\", \"coordinates\": [35.81974, 0.71307]}", "facility": {"code": 14881}}, {"collection_date": "2015-08-19T14:59:50.817177+00:00", "source": {"name": "SARAM 2013"}, "method": {"name": "Taken with GPS Device"}, "coordinates": "{\"type\": \"Point\", \"coordinates\": [35.11772, 0.39772]}", "facility": {"code": 14344}}, {"collection_date": "2015-08-19T14:59:50.816884+00:00", "source": {"name": "DHMT"}, "method": {"name": "Taken with GPS Device"}, "coordinates": "{\"type\": \"Point\", \"coordinates\": [35.2314, -0.98822]}", "facility": {"code": 14628}}, {"collection_date": "2015-08-19T14:59:50.783371+00:00", "source": {"name": "MOH"}, "method": {"name": "Taken with GPS Device"}, "coordinates": "{\"type\": \"Point\", \"coordinates\": [35.32757, 0.29372]}", "facility": {"code": 16340}}, {"collection_date": "2015-08-19T14:59:50.717042+00:00", "source": {"name": "Sublocation Centroid Exercise of MOH/ICF Macro"}, "method": {"name": "Other"}, "coordinates": "{\"type\": \"Point\", \"coordinates\": [34.3911, 0.0925531]}", "facility": {"code": 14107}}, {"collection_date": "2015-08-19T14:59:50.710946+00:00", "source": {"name": "DHMT"}, "method": {"name": "Taken with GPS Device"}, "coordinates": "{\"type\": \"Point\", \"coordinates\": [35.43966, 0.57791]}", "facility": {"code": 14879}}, {"collection_date": "2015-08-19T14:59:50.605401+00:00", "source": {"name": "KEMRI GIS MERGE"}, "method": {"name": "Taken with GPS Device"}, "coordinates": "{\"type\": \"Point\", \"coordinates\": [35.0452, 0.36287]}", "facility": {"code": 15529}}, {"collection_date": "2015-08-19T14:59:50.561121+00:00", "source": {"name": "SARAM 2013"}, "method": {"name": "Taken with GPS Device"}, "coordinates": "{\"type\": \"Point\", \"coordinates\": [34.75923, 0.64248]}", "facility": {"code": 16709}}, {"collection_date": "2015-08-19T14:59:50.552613+00:00", "source": {"name": "KEMRI GIS MERGE"}, "method": {"name": "Taken with GPS Device"}, "coordinates": "{\"type\": \"Point\", \"coordinates\": [35.7151, 2.41696]}", "facility": {"code": 15057}}, {"collection_date": "2015-08-19T14:59:50.359783+00:00", "source": {"name": "KEMRI GIS MERGE"}, "method": {"name": "Calc from proximity to school, village,markets"}, "coordinates": "{\"type\": \"Point\", \"coordinates\": [35.02377, 0.44974]}", "facility": {"code": 14878}}, {"collection_date": "2015-08-19T14:59:50.338817+00:00", "source": {"name": "Sublocation Centroid Exercise of MOH/ICF Macro"}, "method": {"name": "Other"}, "coordinates": "{\"type\": \"Point\", \"coordinates\": [36.9038, -1.20244]}", "facility": {"code": 13196}}, {"collection_date": "2015-08-19T14:59:50.328824+00:00", "source": {"name": "Cold Chain Inventory (MoH/PATH/WHO) - Feb 2011"}, "method": {"name": "Taken with GPS Device"}, "coordinates": "{\"type\": \"Point\", \"coordinates\": [35.56853, 0.88]}", "facility": {"code": 15530}}, {"collection_date": "2015-08-19T14:59:50.315202+00:00", "source": {"name": "SARAM 2013"}, "method": {"name": "Taken with GPS Device"}, "coordinates": "{\"type\": \"Point\", \"coordinates\": [34.76817, 0.61103]}", "facility": {"code": 16708}}, {"collection_date": "2015-08-19T14:59:50.281572+00:00", "source": {"name": "KEMRI GIS MERGE"}, "method": {"name": "Calc from proximity to school, village,markets"}, "coordinates": "{\"type\": \"Point\", \"coordinates\": [37.47052, -1.00373]}", "facility": {"code": 12774}}, {"collection_date": "2015-08-19T14:59:50.237659+00:00", "source": {"name": "KEMRI GIS MERGE"}, "method": {"name": "Calc from proximity to school, village,markets"}, "coordinates": "{\"type\": \"Point\", \"coordinates\": [35.8585, 0.60405]}", "facility": {"code": 14889}}, {"collection_date": "2015-08-19T14:59:50.217921+00:00", "source": {"name": "Cold Chain Inventory (MoH/PATH/WHO) - Feb 2011"}, "method": {"name": "Taken with GPS Device"}, "coordinates": "{\"type\": \"Point\", \"coordinates\": [34.78869, -0.69035]}", "facility": {"code": 13622}}, {"collection_date": "2015-08-19T14:59:50.114068+00:00", "source": {"name": "SARAM 2013"}, "method": {"name": "Taken with GPS Device"}, "coordinates": "{\"type\": \"Point\", \"coordinates\": [34.75768, 0.70971]}", "facility": {"code": 16707}}, {"collection_date": "2015-08-19T14:59:50.106772+00:00", "source": {"name": "KEMRI GIS MERGE"}, "method": {"name": "Taken with GPS Device"}, "coordinates": "{\"type\": \"Point\", \"coordinates\": [35.32004, 0.72661]}", "facility": {"code": 15177}}, {"collection_date": "2015-08-19T14:59:50.070940+00:00", "source": {"name": "KEMRI GIS MERGE"}, "method": {"name": "Taken with GPS Device"}, "coordinates": "{\"type\": \"Point\", \"coordinates\": [35.17256, 0.67699]}", "facility": {"code": 15623}}, {"collection_date": "2015-08-19T14:59:50.015741+00:00", "source": {"name": "DHMT"}, "method": {"name": "Taken with GPS Device"}, "coordinates": "{\"type\": \"Point\", \"coordinates\": [35.706, 0.76302]}", "facility": {"code": 15036}}, {"collection_date": "2015-08-19T14:59:50.008187+00:00", "source": {"name": "Sublocation Centroid Exercise of MOH/ICF Macro"}, "method": {"name": "Taken with GPS Device"}, "coordinates": "{\"type\": \"Point\", \"coordinates\": [35.72911, -0.24423]}", "facility": {"code": 15213}}, {"collection_date": "2015-08-19T14:59:49.996165+00:00", "source": {"name": "SARAM 2013"}, "method": {"name": "Taken with GPS Device"}, "coordinates": "{\"type\": \"Point\", \"coordinates\": [34.93189, 0.96075]}", "facility": {"code": 14258}}, {"collection_date": "2015-08-19T14:59:49.974886+00:00", "source": {"name": "DHRIO"}, "method": {"name": "Taken with GPS Device"}, "coordinates": "{\"type\": \"Point\", \"coordinates\": [35.12091, -0.32797]}", "facility": {"code": 15607}}, {"collection_date": "2015-08-19T14:59:49.815891+00:00", "source": {"name": "KEMRI GIS MERGE"}, "method": {"name": "Calc from proximity to school, village,markets"}, "coordinates": "{\"type\": \"Point\", \"coordinates\": [35.2638, 0.7384]}", "facility": {"code": 14624}}, {"collection_date": "2015-08-19T14:59:49.748394+00:00", "source": {"name": "Sublocation Centroid Exercise of MOH/ICF Macro"}, "method": {"name": "Other"}, "coordinates": "{\"type\": \"Point\", \"coordinates\": [36.8823, -1.25236]}", "facility": {"code": 13224}}, {"collection_date": "2015-08-19T14:59:49.724329+00:00", "source": {"name": "SARAM 2013"}, "method": {"name": "Taken with GPS Device"}, "coordinates": "{\"type\": \"Point\", \"coordinates\": [36.16713, -0.23643]}", "facility": {"code": 14954}}, {"collection_date": "2015-08-19T14:59:49.678014+00:00", "source": {"name": "Cold Chain Inventory (MoH/PATH/WHO) - Feb 2011"}, "method": {"name": "Taken with GPS Device"}, "coordinates": "{\"type\": \"Point\", \"coordinates\": [35.12005, 1.02784]}", "facility": {"code": 16694}}, {"collection_date": "2015-08-19T14:59:49.548548+00:00", "source": {"name": "KEMRI GIS MERGE"}, "method": {"name": "Calc from proximity to school, village,markets"}, "coordinates": "{\"type\": \"Point\", \"coordinates\": [35.2573, 0.93077]}", "facility": {"code": 15537}}, {"collection_date": "2015-08-19T14:59:49.537313+00:00", "source": {"name": "Cold Chain Inventory (MoH/PATH/WHO) - Feb 2011"}, "method": {"name": "Taken with GPS Device"}, "coordinates": "{\"type\": \"Point\", \"coordinates\": [35.50735, 0.52489]}", "facility": {"code": 14721}}, {"collection_date": "2015-08-19T14:59:49.471717+00:00", "source": {"name": "Sublocation Centroid Exercise of MOH/ICF Macro"}, "method": {"name": "Other"}, "coordinates": "{\"type\": \"Point\", \"coordinates\": [36.8928, -1.24396]}", "facility": {"code": 13217}}, {"collection_date": "2015-08-19T14:59:49.439034+00:00", "source": {"name": "SARAM 2013"}, "method": {"name": "Taken with GPS Device"}, "coordinates": "{\"type\": \"Point\", \"coordinates\": [36.07365, -0.28523]}", "facility": {"code": 15132}}, {"collection_date": "2015-08-19T14:59:49.415596+00:00", "source": {"name": "SARAM 2013"}, "method": {"name": "Taken with GPS Device"}, "coordinates": "{\"type\": \"Point\", \"coordinates\": [35.75613, -0.00145]}", "facility": {"code": 15606}}, {"collection_date": "2015-08-19T14:59:49.414691+00:00", "source": {"name": "KEMRI GIS MERGE"}, "method": {"name": "Taken with GPS Device"}, "coordinates": "{\"type\": \"Point\", \"coordinates\": [34.40231, 0.48411]}", "facility": {"code": 15935}}, {"collection_date": "2015-08-19T14:59:49.404202+00:00", "source": {"name": "GOK"}, "method": {"name": "Taken with GPS Device"}, "coordinates": "{\"type\": \"Point\", \"coordinates\": [37.00815, 0.87017]}", "facility": {"code": 15048}}, {"collection_date": "2015-08-19T14:59:49.214330+00:00", "source": {"name": "SARAM 2013"}, "method": {"name": "Taken with GPS Device"}, "coordinates": "{\"type\": \"Point\", \"coordinates\": [35.00277, 1.0144]}", "facility": {"code": 14399}}, {"collection_date": "2015-08-19T14:59:49.214318+00:00", "source": {"name": "SARAM 2013"}, "method": {"name": "Taken with GPS Device"}, "coordinates": "{\"type\": \"Point\", \"coordinates\": [35.68945, -0.43073]}", "facility": {"code": 14839}}, {"collection_date": "2015-08-19T14:59:49.213525+00:00", "source": {"name": "Cold Chain Inventory (MoH/PATH/WHO) - Feb 2011"}, "method": {"name": "Taken with GPS Device"}, "coordinates": "{\"type\": \"Point\", \"coordinates\": [35.45583, 1.10587]}", "facility": {"code": 15539}}, {"collection_date": "2015-08-19T14:59:49.173332+00:00", "source": {"name": "KEMRI GIS MERGE"}, "method": {"name": "Calc from 1:50,000 scale topographic maps"}, "coordinates": "{\"type\": \"Point\", \"coordinates\": [35.64123, 2.79122]}", "facility": {"code": 15045}}, {"collection_date": "2015-08-19T14:59:49.122828+00:00", "source": {"name": "KEMRI GIS MERGE"}, "method": {"name": "Taken with GPS Device"}, "coordinates": "{\"type\": \"Point\", \"coordinates\": [35.10722, 0.49177]}", "facility": {"code": 14642}}, {"collection_date": "2015-08-19T14:59:48.747695+00:00", "source": {"name": "Sublocation Centroid Exercise of MOH/ICF Macro"}, "method": {"name": "Other"}, "coordinates": "{\"type\": \"Point\", \"coordinates\": [36.8864, -1.23916]}", "facility": {"code": 12877}}, {"collection_date": "2015-08-19T14:59:48.747328+00:00", "source": {"name": "Cold Chain Inventory (MoH/PATH/WHO) - Feb 2011"}, "method": {"name": "Taken with GPS Device"}, "coordinates": "{\"type\": \"Point\", \"coordinates\": [35.25675, -0.70346]}", "facility": {"code": 15540}}, {"collection_date": "2015-08-19T14:59:48.734103+00:00", "source": {"name": "KEMRI GIS MERGE"}, "method": {"name": "Taken with GPS Device"}, "coordinates": "{\"type\": \"Point\", \"coordinates\": [39.69671, -0.59172]}", "facility": {"code": 11449}}, {"collection_date": "2015-08-19T14:59:48.713501+00:00", "source": {"name": "DHMT"}, "method": {"name": "Taken with GPS Device"}, "coordinates": "{\"type\": \"Point\", \"coordinates\": [36.06683, 0.35236]}", "facility": {"code": 15042}}, {"collection_date": "2015-08-19T14:59:48.548670+00:00", "source": {"name": "Sublocation Centroid Exercise of MOH/ICF Macro"}, "method": {"name": "Taken with GPS Device"}, "coordinates": "{\"type\": \"Point\", \"coordinates\": [36.31971, -0.50161]}", "facility": {"code": 14549}}, {"collection_date": "2015-08-19T14:59:48.537782+00:00", "source": {"name": "Cold Chain Inventory (MoH/PATH/WHO) - Feb 2011"}, "method": {"name": "Taken with GPS Device"}, "coordinates": "{\"type\": \"Point\", \"coordinates\": [34.28883, 0.05291]}", "facility": {"code": 16419}}, {"collection_date": "2015-08-19T14:59:48.368979+00:00", "source": {"name": "HMIS"}, "method": {"name": "Taken with GPS Device"}, "coordinates": "{\"type\": \"Point\", \"coordinates\": [38.31328, -3.45336]}", "facility": {"code": 11265}}, {"collection_date": "2015-08-19T14:59:48.361994+00:00", "source": {"name": "MOH"}, "method": {"name": "Taken with GPS Device"}, "coordinates": "{\"type\": \"Point\", \"coordinates\": [35.41206, 0.21754]}", "facility": {"code": 15038}}, {"collection_date": "2015-08-19T14:59:48.349603+00:00", "source": {"name": "DHMT"}, "method": {"name": "Taken with GPS Device"}, "coordinates": "{\"type\": \"Point\", \"coordinates\": [35.393, -1.44312]}", "facility": {"code": 15541}}, {"collection_date": "2015-08-19T14:59:48.214417+00:00", "source": {"name": "DVI-DHMT"}, "method": {"name": "Taken with GPS Device"}, "coordinates": "{\"type\": \"Point\", \"coordinates\": [35.07874, -0.44635]}", "facility": {"code": 14822}}, {"collection_date": "2015-08-19T14:59:48.183675+00:00", "source": {"name": "KEMRI GIS MERGE"}, "method": {"name": "Taken with GPS Device"}, "coordinates": "{\"type\": \"Point\", \"coordinates\": [34.45262, 0.1604]}", "facility": {"code": 15999}}], "model": "mfl_gis.FacilityCoordinates", "unique_fields": ["facility"]}]