[{"records": [{"collection_date": "2015-08-19T14:59:28.506160+00:00", "source": {"name": "DHMT"}, "method": {"name": "Taken with GPS Device"}, "coordinates": "{\"type\": \"Point\", \"coordinates\": [35.6882, 0.46022]}", "facility": {"code": 14855}}, {"collection_date": "2015-08-19T14:59:28.444664+00:00", "source": {"name": "Sublocation Centroid Exercise of MOH/ICF Macro"}, "method": {"name": "Other"}, "coordinates": "{\"type\": \"Point\", \"coordinates\": [36.8073, -0.734086]}", "facility": {"code": 11149}}, {"collection_date": "2015-08-19T14:59:28.358653+00:00", "source": {"name": "DHRIO"}, "method": {"name": "Taken with GPS Device"}, "coordinates": "{\"type\": \"Point\", \"coordinates\": [37.45146, -1.34643]}", "facility": {"code": 12618}}, {"collection_date": "2015-08-19T14:59:28.357983+00:00", "source": {"name": "SARAM 2013"}, "method": {"name": "Taken with GPS Device"}, "coordinates": "{\"type\": \"Point\", \"coordinates\": [35.66081, 0.04383]}", "facility": {"code": 14211}}, {"collection_date": "2015-08-19T14:59:28.357311+00:00", "source": {"name": "DHMT"}, "method": {"name": "Taken with GPS Device"}, "coordinates": "{\"type\": \"Point\", \"coordinates\": [35.0763, 0.07027]}", "facility": {"code": 14792}}, {"collection_date": "2015-08-19T14:59:28.058726+00:00", "source": {"name": "Sublocation Centroid Exercise of MOH/ICF Macro"}, "method": {"name": "Taken with GPS Device"}, "coordinates": "{\"type\": \"Point\", \"coordinates\": [36.4328, -0.67489]}", "facility": {"code": 14255}}, {"collection_date": "2015-08-19T14:59:28.045667+00:00", "source": {"name": "KEMRI GIS MERGE"}, "method": {"name": "Calc from proximity to school, village,markets"}, "coordinates": "{\"type\": \"Point\", \"coordinates\": [35.5279, -0.16874]}", "facility": {"code": 14870}}, {"collection_date": "2015-08-19T14:59:27.991858+00:00", "source": {"name": "DHMT"}, "method": {"name": "Taken with GPS Device"}, "coordinates": "{\"type\": \"Point\", \"coordinates\": [35.81633, 0.68205]}", "facility": {"code": 14242}}, {"collection_date": "2015-08-19T14:59:27.991450+00:00", "source": {"name": "Cold Chain Inventory (MoH/PATH/WHO) - Feb 2011"}, "method": {"name": "Taken with GPS Device"}, "coordinates": "{\"type\": \"Point\", \"coordinates\": [37.78821, -0.45797]}", "facility": {"code": 16464}}, {"collection_date": "2015-08-19T14:59:27.990639+00:00", "source": {"name": "KEMRI GIS MERGE"}, "method": {"name": "Taken with GPS Device"}, "coordinates": "{\"type\": \"Point\", \"coordinates\": [36.12368, -0.17031]}", "facility": {"code": 14224}}, {"collection_date": "2015-08-19T14:59:27.821797+00:00", "source": {"name": "DHMT"}, "method": {"name": "Taken with GPS Device"}, "coordinates": "{\"type\": \"Point\", \"coordinates\": [35.25134, -0.73764]}", "facility": {"code": 14903}}, {"collection_date": "2015-08-19T14:59:27.778441+00:00", "source": {"name": "Sublocation Centroid Exercise of MOH/ICF Macro"}, "method": {"name": "Other"}, "coordinates": "{\"type\": \"Point\", \"coordinates\": [36.82933, -0.74997]}", "facility": {"code": 10618}}, {"collection_date": "2015-08-19T14:59:27.687863+00:00", "source": {"name": "Reception"}, "method": {"name": "Taken with GPS Device"}, "coordinates": "{\"type\": \"Point\", \"coordinates\": [38.17377, -1.22724]}", "facility": {"code": 12601}}, {"collection_date": "2015-08-19T14:59:27.611515+00:00", "source": {"name": "KEMRI GIS MERGE"}, "method": {"name": "Taken with GPS Device"}, "coordinates": "{\"type\": \"Point\", \"coordinates\": [36.94614, -0.00452]}", "facility": {"code": 15145}}, {"collection_date": "2015-08-19T14:59:27.611388+00:00", "source": {"name": "MOH"}, "method": {"name": "Taken with GPS Device"}, "coordinates": "{\"type\": \"Point\", \"coordinates\": [35.36067, -0.60177]}", "facility": {"code": 14366}}, {"collection_date": "2015-08-19T14:59:27.476468+00:00", "source": {"name": "KEMRI GIS MERGE"}, "method": {"name": "Taken with GPS Device"}, "coordinates": "{\"type\": \"Point\", \"coordinates\": [36.76481, -1.14853]}", "facility": {"code": 10573}}, {"collection_date": "2015-08-19T14:59:27.400279+00:00", "source": {"name": "HMIS"}, "method": {"name": "Taken with GPS Device"}, "coordinates": "{\"type\": \"Point\", \"coordinates\": [38.31392, -3.40138]}", "facility": {"code": 11602}}, {"collection_date": "2015-08-19T14:59:27.189896+00:00", "source": {"name": "GPS"}, "method": {"name": "Taken with GPS Device"}, "coordinates": "{\"type\": \"Point\", \"coordinates\": [40.6976, -2.39163]}", "facility": {"code": 11649}}, {"collection_date": "2015-08-19T14:59:27.111149+00:00", "source": {"name": "KEMRI GIS MERGE"}, "method": {"name": "Taken with GPS Device"}, "coordinates": "{\"type\": \"Point\", \"coordinates\": [34.85394, 0.44868]}", "facility": {"code": 15996}}, {"collection_date": "2015-08-19T14:59:27.033454+00:00", "source": {"name": "DHMT"}, "method": {"name": "Taken with GPS Device"}, "coordinates": "{\"type\": \"Point\", \"coordinates\": [37.76234, -3.26612]}", "facility": {"code": 11915}}, {"collection_date": "2015-08-19T14:59:27.033416+00:00", "source": {"name": "KEMRI GIS MERGE"}, "method": {"name": "Calc from proximity to school, village,markets"}, "coordinates": "{\"type\": \"Point\", \"coordinates\": [36.7446, 1.54775]}", "facility": {"code": 15144}}, {"collection_date": "2015-08-19T14:59:26.933357+00:00", "source": {"name": "Sublocation Centroid Exercise of MOH/ICF Macro"}, "method": {"name": "Taken with GPS Device"}, "coordinates": "{\"type\": \"Point\", \"coordinates\": [36.2726, -0.563306]}", "facility": {"code": 14278}}, {"collection_date": "2015-08-19T14:59:26.728704+00:00", "source": {"name": "GPS"}, "method": {"name": "Taken with GPS Device"}, "coordinates": "{\"type\": \"Point\", \"coordinates\": [34.71261, 0.78917]}", "facility": {"code": 15950}}, {"collection_date": "2015-08-19T14:59:26.658891+00:00", "source": {"name": "DHMT"}, "method": {"name": "Taken with GPS Device"}, "coordinates": "{\"type\": \"Point\", \"coordinates\": [35.86677, -1.08575]}", "facility": {"code": 15311}}, {"collection_date": "2015-08-19T14:59:26.644825+00:00", "source": {"name": "Moh-Naivasha"}, "method": {"name": "Taken with GPS Device"}, "coordinates": "{\"type\": \"Point\", \"coordinates\": [36.20376, -0.82184]}", "facility": {"code": 14253}}, {"collection_date": "2015-08-19T14:59:26.635492+00:00", "source": {"name": "KEMRI GIS MERGE"}, "method": {"name": "Taken with GPS Device"}, "coordinates": "{\"type\": \"Point\", \"coordinates\": [34.72382, 0.17]}", "facility": {"code": 16101}}, {"collection_date": "2015-08-19T14:59:26.627403+00:00", "source": {"name": "DHMT"}, "method": {"name": "Taken with GPS Device"}, "coordinates": "{\"type\": \"Point\", \"coordinates\": [35.18882, 0.09764]}", "facility": {"code": 15699}}, {"collection_date": "2015-08-19T14:59:26.625310+00:00", "source": {"name": "DHMT"}, "method": {"name": "Taken with GPS Device"}, "coordinates": "{\"type\": \"Point\", \"coordinates\": [39.42488, 3.37063]}", "facility": {"code": 13314}}, {"collection_date": "2015-08-19T14:59:26.444897+00:00", "source": {"name": "DHMT"}, "method": {"name": "Taken with GPS Device"}, "coordinates": "{\"type\": \"Point\", \"coordinates\": [35.18361, 0.10404]}", "facility": {"code": 14179}}, {"collection_date": "2015-08-19T14:59:26.412389+00:00", "source": {"name": "Moh-Naivasha"}, "method": {"name": "Taken with GPS Device"}, "coordinates": "{\"type\": \"Point\", \"coordinates\": [36.42858, -0.76827]}", "facility": {"code": 15407}}, {"collection_date": "2015-08-19T14:59:26.403338+00:00", "source": {"name": "MOH"}, "method": {"name": "Taken with GPS Device"}, "coordinates": "{\"type\": \"Point\", \"coordinates\": [35.07198, -0.50059]}", "facility": {"code": 15105}}, {"collection_date": "2015-08-19T14:59:26.377867+00:00", "source": {"name": "DHMT"}, "method": {"name": "Taken with GPS Device"}, "coordinates": "{\"type\": \"Point\", \"coordinates\": [35.18631, 0.08246]}", "facility": {"code": 14673}}, {"collection_date": "2015-08-19T14:59:26.348367+00:00", "source": {"name": "KEPI Inventory exercise"}, "method": {"name": "Taken with GPS Device"}, "coordinates": "{\"type\": \"Point\", \"coordinates\": [37.47221, -1.64501]}", "facility": {"code": 12508}}, {"collection_date": "2015-08-19T14:59:26.267313+00:00", "source": {"name": "MOH-Nakuru"}, "method": {"name": "Taken with GPS Device"}, "coordinates": "{\"type\": \"Point\", \"coordinates\": [36.07665, -0.07525]}", "facility": {"code": 14226}}, {"collection_date": "2015-08-19T14:59:26.266992+00:00", "source": {"name": "GOK"}, "method": {"name": "Taken with GPS Device"}, "coordinates": "{\"type\": \"Point\", \"coordinates\": [37.3295, 0.98068]}", "facility": {"code": 15768}}, {"collection_date": "2015-08-19T14:59:26.214628+00:00", "source": {"name": "DHMT"}, "method": {"name": "Taken with GPS Device"}, "coordinates": "{\"type\": \"Point\", \"coordinates\": [35.26437, 0.10051]}", "facility": {"code": 14966}}, {"collection_date": "2015-08-19T14:59:26.188370+00:00", "source": {"name": "Moh-Naivasha"}, "method": {"name": "Taken with GPS Device"}, "coordinates": "{\"type\": \"Point\", \"coordinates\": [36.34952, -0.83383]}", "facility": {"code": 14871}}, {"collection_date": "2015-08-19T14:59:26.188370+00:00", "source": {"name": "DHRIO Nyando"}, "method": {"name": "Taken with GPS Device"}, "coordinates": "{\"type\": \"Point\", \"coordinates\": [35.20573, -0.15112]}", "facility": {"code": 13831}}, {"collection_date": "2015-08-19T14:59:26.059280+00:00", "source": {"name": "KEMRI GIS MERGE"}, "method": {"name": "Taken with GPS Device"}, "coordinates": "{\"type\": \"Point\", \"coordinates\": [34.90362, 0.12129]}", "facility": {"code": 14262}}, {"collection_date": "2015-08-19T14:59:26.059244+00:00", "source": {"name": "MOH"}, "method": {"name": "Taken with GPS Device"}, "coordinates": "{\"type\": \"Point\", \"coordinates\": [35.25657, 0.84895]}", "facility": {"code": 15788}}, {"collection_date": "2015-08-19T14:59:26.009168+00:00", "source": {"name": "DHMT"}, "method": {"name": "Taken with GPS Device"}, "coordinates": "{\"type\": \"Point\", \"coordinates\": [35.19138, 0.1107]}", "facility": {"code": 14322}}, {"collection_date": "2015-08-19T14:59:25.944316+00:00", "source": {"name": "Sublocation Centroid Exercise of MOH/ICF Macro"}, "method": {"name": "Other"}, "coordinates": "{\"type\": \"Point\", \"coordinates\": [36.3067, -0.668697]}", "facility": {"code": 14806}}, {"collection_date": "2015-08-19T14:59:25.893309+00:00", "source": {"name": "KEMRI GIS MERGE"}, "method": {"name": "Taken with GPS Device"}, "coordinates": "{\"type\": \"Point\", \"coordinates\": [34.1045, 0.46041]}", "facility": {"code": 15834}}, {"collection_date": "2015-08-19T14:59:25.810772+00:00", "source": {"name": "KEMRI GIS MERGE"}, "method": {"name": "Taken with GPS Device"}, "coordinates": "{\"type\": \"Point\", \"coordinates\": [34.90868, 0.43404]}", "facility": {"code": 15949}}, {"collection_date": "2015-08-19T14:59:25.810433+00:00", "source": {"name": "GOK"}, "method": {"name": "Taken with GPS Device"}, "coordinates": "{\"type\": \"Point\", \"coordinates\": [35.36579, -0.32416]}", "facility": {"code": 15158}}, {"collection_date": "2015-08-19T14:59:25.757099+00:00", "source": {"name": "KEMRI GIS MERGE"}, "method": {"name": "Taken with GPS Device"}, "coordinates": "{\"type\": \"Point\", \"coordinates\": [35.52226, 0.59529]}", "facility": {"code": 15703}}, {"collection_date": "2015-08-19T14:59:25.703930+00:00", "source": {"name": "Moh-Naivasha"}, "method": {"name": "Taken with GPS Device"}, "coordinates": "{\"type\": \"Point\", \"coordinates\": [36.47437, -0.72074]}", "facility": {"code": 14533}}, {"collection_date": "2015-08-19T14:59:25.698751+00:00", "source": {"name": "SARAM 2013"}, "method": {"name": "Taken with GPS Device"}, "coordinates": "{\"type\": \"Point\", \"coordinates\": [36.94314, -0.92936]}", "facility": {"code": 10639}}, {"collection_date": "2015-08-19T14:59:25.485809+00:00", "source": {"name": "DHMT"}, "method": {"name": "Taken with GPS Device"}, "coordinates": "{\"type\": \"Point\", \"coordinates\": [35.2384, 0.12032]}", "facility": {"code": 14900}}, {"collection_date": "2015-08-19T14:59:25.485298+00:00", "source": {"name": "KEMRI GIS MERGE"}, "method": {"name": "Taken with GPS Device"}, "coordinates": "{\"type\": \"Point\", \"coordinates\": [34.94322, 0.42106]}", "facility": {"code": 15959}}, {"collection_date": "2015-08-19T14:59:25.485230+00:00", "source": {"name": "MOH"}, "method": {"name": "Taken with GPS Device"}, "coordinates": "{\"type\": \"Point\", \"coordinates\": [36.3029, -0.284252]}", "facility": {"code": 15469}}, {"collection_date": "2015-08-19T14:59:25.406500+00:00", "source": {"name": "DHMT Transmara"}, "method": {"name": "Taken with GPS Device"}, "coordinates": "{\"type\": \"Point\", \"coordinates\": [34.87946, -1.00471]}", "facility": {"code": 15739}}, {"collection_date": "2015-08-19T14:59:25.317611+00:00", "source": {"name": "GPS"}, "method": {"name": "Taken with GPS Device"}, "coordinates": "{\"type\": \"Point\", \"coordinates\": [40.54413, -2.16714]}", "facility": {"code": 11512}}, {"collection_date": "2015-08-19T14:59:24.386361+00:00", "source": {"name": "KEMRI GIS MERGE"}, "method": {"name": "Taken with GPS Device"}, "coordinates": "{\"type\": \"Point\", \"coordinates\": [35.34557, -0.03796]}", "facility": {"code": 15726}}, {"collection_date": "2015-08-19T14:59:24.385480+00:00", "source": {"name": "DHMT"}, "method": {"name": "Taken with GPS Device"}, "coordinates": "{\"type\": \"Point\", \"coordinates\": [35.24331, -0.65439]}", "facility": {"code": 14297}}, {"collection_date": "2015-08-19T14:59:24.385449+00:00", "source": {"name": "Sublocation Centroid Exercise of MOH/ICF Macro"}, "method": {"name": "Taken with GPS Device"}, "coordinates": "{\"type\": \"Point\", \"coordinates\": [36.1948, -0.46866]}", "facility": {"code": 14401}}, {"collection_date": "2015-08-19T14:59:24.333220+00:00", "source": {"name": "KEMRI GIS MERGE"}, "method": {"name": "Taken with GPS Device"}, "coordinates": "{\"type\": \"Point\", \"coordinates\": [34.72305, 0.20577]}", "facility": {"code": 16107}}, {"collection_date": "2015-08-19T14:59:24.162796+00:00", "source": {"name": "GIS"}, "method": {"name": "Taken with GPS Device"}, "coordinates": "{\"type\": \"Point\", \"coordinates\": [34.80643, -0.66674]}", "facility": {"code": 13766}}, {"collection_date": "2015-08-19T14:59:23.751982+00:00", "source": {"name": "Moh-Naivasha"}, "method": {"name": "Taken with GPS Device"}, "coordinates": "{\"type\": \"Point\", \"coordinates\": [36.58651, -0.98343]}", "facility": {"code": 15625}}, {"collection_date": "2015-08-19T14:59:23.751625+00:00", "source": {"name": "GOK"}, "method": {"name": "Taken with GPS Device"}, "coordinates": "{\"type\": \"Point\", \"coordinates\": [35.37531, -0.31507]}", "facility": {"code": 14647}}, {"collection_date": "2015-08-19T14:59:23.751426+00:00", "source": {"name": "KEMRI GIS MERGE"}, "method": {"name": "Calc from proximity to school, village,markets"}, "coordinates": "{\"type\": \"Point\", \"coordinates\": [34.64831, 0.7301]}", "facility": {"code": 15976}}, {"collection_date": "2015-08-19T14:59:23.586169+00:00", "source": {"name": "MOH-Nakuru"}, "method": {"name": "Taken with GPS Device"}, "coordinates": "{\"type\": \"Point\", \"coordinates\": [36.04868, -0.16938]}", "facility": {"code": 14207}}, {"collection_date": "2015-08-19T14:59:23.506517+00:00", "source": {"name": "DHMT"}, "method": {"name": "Taken with GPS Device"}, "coordinates": "{\"type\": \"Point\", \"coordinates\": [37.51362, 0.11012]}", "facility": {"code": 12282}}, {"collection_date": "2015-08-19T14:59:22.975858+00:00", "source": {"name": "DHMT"}, "method": {"name": "Taken with GPS Device"}, "coordinates": "{\"type\": \"Point\", \"coordinates\": [35.84004, 0.27284]}", "facility": {"code": 15712}}, {"collection_date": "2015-08-19T14:59:22.975181+00:00", "source": {"name": "SARAM 2013"}, "method": {"name": "Taken with GPS Device"}, "coordinates": "{\"type\": \"Point\", \"coordinates\": [36.25053, -0.74543]}", "facility": {"code": 14210}}, {"collection_date": "2015-08-19T14:59:22.973525+00:00", "source": {"name": "KEMRI GIS MERGE"}, "method": {"name": "Taken with GPS Device"}, "coordinates": "{\"type\": \"Point\", \"coordinates\": [36.78812, 1.78257]}", "facility": {"code": 14228}}, {"collection_date": "2015-08-19T14:59:22.959944+00:00", "source": {"name": "DHMT"}, "method": {"name": "Taken with GPS Device"}, "coordinates": "{\"type\": \"Point\", \"coordinates\": [35.11683, 0.07063]}", "facility": {"code": 15534}}, {"collection_date": "2015-08-19T14:59:22.918527+00:00", "source": {"name": "GPS"}, "method": {"name": "Taken with GPS Device"}, "coordinates": "{\"type\": \"Point\", \"coordinates\": [37.91488, -1.2462]}", "facility": {"code": 12255}}, {"collection_date": "2015-08-19T14:59:22.431519+00:00", "source": {"name": "DHRIO"}, "method": {"name": "Taken with GPS Device"}, "coordinates": "{\"type\": \"Point\", \"coordinates\": [35.04871, -0.39564]}", "facility": {"code": 15568}}, {"collection_date": "2015-08-19T14:59:22.431124+00:00", "source": {"name": "KEMRI GIS MERGE"}, "method": {"name": "Taken with GPS Device"}, "coordinates": "{\"type\": \"Point\", \"coordinates\": [34.6594, 0.01703]}", "facility": {"code": 15960}}, {"collection_date": "2015-08-19T14:59:22.428350+00:00", "source": {"name": "Moh-Naivasha"}, "method": {"name": "Taken with GPS Device"}, "coordinates": "{\"type\": \"Point\", \"coordinates\": [36.42839, -0.77768]}", "facility": {"code": 15775}}, {"collection_date": "2015-08-19T14:59:22.325599+00:00", "source": {"name": "KEMRI GIS MERGE"}, "method": {"name": "Taken with GPS Device"}, "coordinates": "{\"type\": \"Point\", \"coordinates\": [34.65321, 0.56803]}", "facility": {"code": 16085}}, {"collection_date": "2015-08-19T14:59:22.120992+00:00", "source": {"name": "KEMRI GIS MERGE"}, "method": {"name": "Taken with GPS Device"}, "coordinates": "{\"type\": \"Point\", \"coordinates\": [34.25793, 0.33769]}", "facility": {"code": 15939}}, {"collection_date": "2015-08-19T14:59:21.464464+00:00", "source": {"name": "KEMRI GIS MERGE"}, "method": {"name": "Calc from proximity to school, village,markets"}, "coordinates": "{\"type\": \"Point\", \"coordinates\": [34.835122, 0.373421]}", "facility": {"code": 16105}}, {"collection_date": "2015-08-19T14:59:21.464417+00:00", "source": {"name": "Moh-Naivasha"}, "method": {"name": "Taken with GPS Device"}, "coordinates": "{\"type\": \"Point\", \"coordinates\": [36.43281, -0.67466]}", "facility": {"code": 15456}}, {"collection_date": "2015-08-19T14:59:21.463059+00:00", "source": {"name": "DHMT"}, "method": {"name": "Taken with GPS Device"}, "coordinates": "{\"type\": \"Point\", \"coordinates\": [35.27707, 0.51799]}", "facility": {"code": 15758}}, {"collection_date": "2015-08-19T14:59:21.407242+00:00", "source": {"name": "DHMT"}, "method": {"name": "Taken with GPS Device"}, "coordinates": "{\"type\": \"Point\", \"coordinates\": [35.19498, 0.1337]}", "facility": {"code": 15211}}, {"collection_date": "2015-08-19T14:59:21.228713+00:00", "source": {"name": "Cold Chain Inventory (MoH/PATH/WHO) - Feb 2011"}, "method": {"name": "Taken with GPS Device"}, "coordinates": "{\"type\": \"Point\", \"coordinates\": [34.87435, -0.42077]}", "facility": {"code": 13638}}, {"collection_date": "2015-08-19T14:59:20.659488+00:00", "source": {"name": "DHMT"}, "method": {"name": "Taken with GPS Device"}, "coordinates": "{\"type\": \"Point\", \"coordinates\": [35.25655, 0.07912]}", "facility": {"code": 15591}}, {"collection_date": "2015-08-19T14:59:20.589054+00:00", "source": {"name": "Moh-Naivasha"}, "method": {"name": "Taken with GPS Device"}, "coordinates": "{\"type\": \"Point\", \"coordinates\": [36.40385, -0.80517]}", "facility": {"code": 16376}}, {"collection_date": "2015-08-19T14:59:20.585394+00:00", "source": {"name": "SARAM 2013"}, "method": {"name": "Taken with GPS Device"}, "coordinates": "{\"type\": \"Point\", \"coordinates\": [34.92782, 1.35742]}", "facility": {"code": 14185}}, {"collection_date": "2015-08-19T14:59:20.585358+00:00", "source": {"name": "DHMT"}, "method": {"name": "Taken with GPS Device"}, "coordinates": "{\"type\": \"Point\", \"coordinates\": [35.787, 0.61824]}", "facility": {"code": 14609}}, {"collection_date": "2015-08-19T14:59:20.447753+00:00", "source": {"name": "DHMT"}, "method": {"name": "Taken with GPS Device"}, "coordinates": "{\"type\": \"Point\", \"coordinates\": [37.62843, -1.78363]}", "facility": {"code": 12457}}, {"collection_date": "2015-08-19T14:59:20.391223+00:00", "source": {"name": "DHMT"}, "method": {"name": "Taken with GPS Device"}, "coordinates": "{\"type\": \"Point\", \"coordinates\": [35.18068, 0.0929]}", "facility": {"code": 15597}}, {"collection_date": "2015-08-19T14:59:20.363579+00:00", "source": {"name": "SARAM 2013"}, "method": {"name": "Taken with GPS Device"}, "coordinates": "{\"type\": \"Point\", \"coordinates\": [35.98265, 0.47083]}", "facility": {"code": 15138}}, {"collection_date": "2015-08-19T14:59:20.318134+00:00", "source": {"name": "Sublocation Centroid Exercise of MOH/ICF Macro"}, "method": {"name": "Other"}, "coordinates": "{\"type\": \"Point\", \"coordinates\": [37.1274, -0.776287]}", "facility": {"code": 10685}}, {"collection_date": "2015-08-19T14:59:20.316788+00:00", "source": {"name": "KEMRI GIS MERGE"}, "method": {"name": "Calc from proximity to school, village,markets"}, "coordinates": "{\"type\": \"Point\", \"coordinates\": [34.704223, 0.18853]}", "facility": {"code": 16108}}, {"collection_date": "2015-08-19T14:59:20.301834+00:00", "source": {"name": "KEMRI GIS MERGE"}, "method": {"name": "Calc from proximity to school, village,markets"}, "coordinates": "{\"type\": \"Point\", \"coordinates\": [37.5016, -0.39709]}", "facility": {"code": 12279}}, {"collection_date": "2015-08-19T14:59:20.162828+00:00", "source": {"name": "GIS"}, "method": {"name": "Taken with GPS Device"}, "coordinates": "{\"type\": \"Point\", \"coordinates\": [35.50677, 0.67587]}", "facility": {"code": 14586}}, {"collection_date": "2015-08-19T14:59:20.149898+00:00", "source": {"name": "DHRIO"}, "method": {"name": "Taken with GPS Device"}, "coordinates": "{\"type\": \"Point\", \"coordinates\": [35.32292, -0.33781]}", "facility": {"code": 14842}}, {"collection_date": "2015-08-19T14:59:20.115426+00:00", "source": {"name": "Sublocation Centroid Exercise of MOH/ICF Macro"}, "method": {"name": "Other"}, "coordinates": "{\"type\": \"Point\", \"coordinates\": [37.17964, -0.8415]}", "facility": {"code": 10651}}, {"collection_date": "2015-08-19T14:59:20.058704+00:00", "source": {"name": "KEMRI GIS MERGE"}, "method": {"name": "Taken with GPS Device"}, "coordinates": "{\"type\": \"Point\", \"coordinates\": [37.98086, 0.38287]}", "facility": {"code": 12605}}, {"collection_date": "2015-08-19T14:59:20.027887+00:00", "source": {"name": "MOH"}, "method": {"name": "Taken with GPS Device"}, "coordinates": "{\"type\": \"Point\", \"coordinates\": [35.74176, 0.48505]}", "facility": {"code": 14607}}, {"collection_date": "2015-08-19T14:59:20.027466+00:00", "source": {"name": "DHMT"}, "method": {"name": "Taken with GPS Device"}, "coordinates": "{\"type\": \"Point\", \"coordinates\": [35.25752, 0.11255]}", "facility": {"code": 15383}}, {"collection_date": "2015-08-19T14:59:20.018358+00:00", "source": {"name": "KEMRI GIS MERGE"}, "method": {"name": "Taken with GPS Device"}, "coordinates": "{\"type\": \"Point\", \"coordinates\": [34.79209, 0.39138]}", "facility": {"code": 16109}}, {"collection_date": "2015-08-19T14:59:19.998718+00:00", "source": {"name": "Sublocation Centroid Exercise of MOH/ICF Macro"}, "method": {"name": "Other"}, "coordinates": "{\"type\": \"Point\", \"coordinates\": [37.0441, -0.681688]}", "facility": {"code": 10734}}, {"collection_date": "2015-08-19T14:59:19.873428+00:00", "source": {"name": "KEMRI GIS MERGE"}, "method": {"name": "Taken with GPS Device"}, "coordinates": "{\"type\": \"Point\", \"coordinates\": [37.67557, -0.12923]}", "facility": {"code": 12181}}, {"collection_date": "2015-08-19T14:59:19.828674+00:00", "source": {"name": "KEMRI GIS MERGE"}, "method": {"name": "Calc from 1:50,000 scale topographic maps"}, "coordinates": "{\"type\": \"Point\", \"coordinates\": [35.58121, -0.15423]}", "facility": {"code": 14234}}, {"collection_date": "2015-08-19T14:59:19.815480+00:00", "source": {"name": "DHMT"}, "method": {"name": "Taken with GPS Device"}, "coordinates": "{\"type\": \"Point\", \"coordinates\": [35.28, 0.10114]}", "facility": {"code": 14696}}], "model": "mfl_gis.FacilityCoordinates", "unique_fields": ["facility"]}]