[{"records": [{"collection_date": "2015-08-19T14:59:16.700539+00:00", "source": {"name": "DVI-DHMT"}, "method": {"name": "Taken with GPS Device"}, "coordinates": "{\"type\": \"Point\", \"coordinates\": [35.30371, -0.41526]}", "facility": {"code": 14314}}, {"collection_date": "2015-08-19T14:59:16.689194+00:00", "source": {"name": "Sublocation Centroid Exercise of MOH/ICF Macro"}, "method": {"name": "Other"}, "coordinates": "{\"type\": \"Point\", \"coordinates\": [36.85284, -0.74131]}", "facility": {"code": 10169}}, {"collection_date": "2015-08-19T14:59:16.635295+00:00", "source": {"name": "DHMT"}, "method": {"name": "Taken with GPS Device"}, "coordinates": "{\"type\": \"Point\", \"coordinates\": [37.62503, -0.17948]}", "facility": {"code": 12325}}, {"collection_date": "2015-08-19T14:59:16.553196+00:00", "source": {"name": "Moh-Naivasha"}, "method": {"name": "Taken with GPS Device"}, "coordinates": "{\"type\": \"Point\", \"coordinates\": [36.44504, -0.76587]}", "facility": {"code": 15282}}, {"collection_date": "2015-08-19T14:59:16.542470+00:00", "source": {"name": "Cold Chain Inventory (MoH/PATH/WHO) - Feb 2011"}, "method": {"name": "Taken with GPS Device"}, "coordinates": "{\"type\": \"Point\", \"coordinates\": [35.58004, 1.2243]}", "facility": {"code": 15142}}, {"collection_date": "2015-08-19T14:59:16.523683+00:00", "source": {"name": "Cold Chain Inventory (MoH/PATH/WHO) - Feb 2011"}, "method": {"name": "Taken with GPS Device"}, "coordinates": "{\"type\": \"Point\", \"coordinates\": [35.74594, 0.49275]}", "facility": {"code": 14608}}, {"collection_date": "2015-08-19T14:59:16.520844+00:00", "source": {"name": "KEMRI GIS MERGE"}, "method": {"name": "Taken with GPS Device"}, "coordinates": "{\"type\": \"Point\", \"coordinates\": [35.73717, -0.24724]}", "facility": {"code": 15212}}, {"collection_date": "2015-08-19T14:59:16.508170+00:00", "source": {"name": "MOH"}, "method": {"name": "Taken with GPS Device"}, "coordinates": "{\"type\": \"Point\", \"coordinates\": [35.1865, -0.58621]}", "facility": {"code": 14178}}, {"collection_date": "2015-08-19T14:59:16.421548+00:00", "source": {"name": "Sublocation Centroid Exercise of MOH/ICF Macro"}, "method": {"name": "Other"}, "coordinates": "{\"type\": \"Point\", \"coordinates\": [37.1138, -0.834581]}", "facility": {"code": 10204}}, {"collection_date": "2015-08-19T14:59:16.416108+00:00", "source": {"name": "DHMT"}, "method": {"name": "Taken with GPS Device"}, "coordinates": "{\"type\": \"Point\", \"coordinates\": [35.6802, -1.9071]}", "facility": {"code": 15415}}, {"collection_date": "2015-08-19T14:59:16.400790+00:00", "source": {"name": "DHMT"}, "method": {"name": "Taken with GPS Device"}, "coordinates": "{\"type\": \"Point\", \"coordinates\": [34.65042, -0.37066]}", "facility": {"code": 13668}}, {"collection_date": "2015-08-19T14:59:16.387349+00:00", "source": {"name": "SARAM 2013"}, "method": {"name": "Taken with GPS Device"}, "coordinates": "{\"type\": \"Point\", \"coordinates\": [35.01012, 1.01603]}", "facility": {"code": 15239}}, {"collection_date": "2015-08-19T14:59:16.354141+00:00", "source": {"name": "DHRIO"}, "method": {"name": "Taken with GPS Device"}, "coordinates": "{\"type\": \"Point\", \"coordinates\": [35.23049, -0.40732]}", "facility": {"code": 14830}}, {"collection_date": "2015-08-19T14:59:16.275620+00:00", "source": {"name": "SARAM 2013"}, "method": {"name": "Taken with GPS Device"}, "coordinates": "{\"type\": \"Point\", \"coordinates\": [36.11338, -0.24221]}", "facility": {"code": 14547}}, {"collection_date": "2015-08-19T14:59:16.256864+00:00", "source": {"name": "KEMRI GIS MERGE"}, "method": {"name": "Taken with GPS Device"}, "coordinates": "{\"type\": \"Point\", \"coordinates\": [35.56081, 0.98108]}", "facility": {"code": 14767}}, {"collection_date": "2015-08-19T14:59:16.255614+00:00", "source": {"name": "Cold Chain Inventory (MoH/PATH/WHO) - Feb 2011"}, "method": {"name": "Taken with GPS Device"}, "coordinates": "{\"type\": \"Point\", \"coordinates\": [35.99792, -0.82943]}", "facility": {"code": 15389}}, {"collection_date": "2015-08-19T14:59:16.255562+00:00", "source": {"name": "KEMRI GIS MERGE"}, "method": {"name": "Taken with GPS Device"}, "coordinates": "{\"type\": \"Point\", \"coordinates\": [37.94524, 0.23382]}", "facility": {"code": 12684}}, {"collection_date": "2015-08-19T14:59:16.245446+00:00", "source": {"name": "DVI-DHMT"}, "method": {"name": "Taken with GPS Device"}, "coordinates": "{\"type\": \"Point\", \"coordinates\": [35.18607, -0.41415]}", "facility": {"code": 14596}}, {"collection_date": "2015-08-19T14:59:16.152112+00:00", "source": {"name": "Sublocation Centroid Exercise of MOH/ICF Macro"}, "method": {"name": "Other"}, "coordinates": "{\"type\": \"Point\", \"coordinates\": [34.7164, 0.711604]}", "facility": {"code": 16071}}, {"collection_date": "2015-08-19T14:59:16.102423+00:00", "source": {"name": "MOH"}, "method": {"name": "Taken with GPS Device"}, "coordinates": "{\"type\": \"Point\", \"coordinates\": [35.38235, -0.56171]}", "facility": {"code": 15585}}, {"collection_date": "2015-08-19T14:59:16.088233+00:00", "source": {"name": "DVI-DHMT"}, "method": {"name": "Taken with GPS Device"}, "coordinates": "{\"type\": \"Point\", \"coordinates\": [35.13104, -0.34802]}", "facility": {"code": 14899}}, {"collection_date": "2015-08-19T14:59:16.081539+00:00", "source": {"name": "KEMRI GIS MERGE"}, "method": {"name": "Taken with GPS Device"}, "coordinates": "{\"type\": \"Point\", \"coordinates\": [34.5375, 0.10102]}", "facility": {"code": 14175}}, {"collection_date": "2015-08-19T14:59:16.063699+00:00", "source": {"name": "Cold Chain Inventory (MoH/PATH/WHO) - Feb 2011"}, "method": {"name": "Taken with GPS Device"}, "coordinates": "{\"type\": \"Point\", \"coordinates\": [35.29529, 0.50764]}", "facility": {"code": 15167}}, {"collection_date": "2015-08-19T14:59:16.029380+00:00", "source": {"name": "Sublocation Centroid Exercise of MOH/ICF Macro"}, "method": {"name": "Other"}, "coordinates": "{\"type\": \"Point\", \"coordinates\": [34.8197, 0.400053]}", "facility": {"code": 15898}}, {"collection_date": "2015-08-19T14:59:15.956483+00:00", "source": {"name": "KEMRI GIS MERGE"}, "method": {"name": "Taken with GPS Device"}, "coordinates": "{\"type\": \"Point\", \"coordinates\": [35.19306, -0.80694]}", "facility": {"code": 15321}}, {"collection_date": "2015-08-19T14:59:15.853491+00:00", "source": {"name": "DHRIO Nyando"}, "method": {"name": "Taken with GPS Device"}, "coordinates": "{\"type\": \"Point\", \"coordinates\": [35.00522, -0.09843]}", "facility": {"code": 13785}}, {"collection_date": "2015-08-19T14:59:15.832032+00:00", "source": {"name": "Sublocation Centroid Exercise of MOH/ICF Macro"}, "method": {"name": "Other"}, "coordinates": "{\"type\": \"Point\", \"coordinates\": [36.9998, -0.800883]}", "facility": {"code": 10176}}, {"collection_date": "2015-08-19T14:59:15.831711+00:00", "source": {"name": "DHMT"}, "method": {"name": "Taken with GPS Device"}, "coordinates": "{\"type\": \"Point\", \"coordinates\": [35.35712, 1.43881]}", "facility": {"code": 14229}}, {"collection_date": "2015-08-19T14:59:15.829687+00:00", "source": {"name": "SARAM 2013"}, "method": {"name": "Taken with GPS Device"}, "coordinates": "{\"type\": \"Point\", \"coordinates\": [36.06978, -0.27805]}", "facility": {"code": 15288}}, {"collection_date": "2015-08-19T14:59:15.603698+00:00", "source": {"name": "DHMT"}, "method": {"name": "Taken with GPS Device"}, "coordinates": "{\"type\": \"Point\", \"coordinates\": [35.302203, -1.14444]}", "facility": {"code": 15364}}, {"collection_date": "2015-08-19T14:59:15.292498+00:00", "source": {"name": "KEMRI GIS MERGE"}, "method": {"name": "Taken with GPS Device"}, "coordinates": "{\"type\": \"Point\", \"coordinates\": [35.27916, 0.51464]}", "facility": {"code": 15204}}, {"collection_date": "2015-08-19T14:59:15.285464+00:00", "source": {"name": "DHMT"}, "method": {"name": "Taken with GPS Device"}, "coordinates": "{\"type\": \"Point\", \"coordinates\": [41.05997, -1.15184]}", "facility": {"code": 13365}}, {"collection_date": "2015-08-19T14:59:15.284788+00:00", "source": {"name": "Sublocation Centroid Exercise of MOH/ICF Macro"}, "method": {"name": "Other"}, "coordinates": "{\"type\": \"Point\", \"coordinates\": [36.917, -0.789993]}", "facility": {"code": 10016}}, {"collection_date": "2015-08-19T14:59:15.270475+00:00", "source": {"name": "DHMT"}, "method": {"name": "Taken with GPS Device"}, "coordinates": "{\"type\": \"Point\", \"coordinates\": [35.78515, 0.38626]}", "facility": {"code": 15510}}, {"collection_date": "2015-08-19T14:59:15.074732+00:00", "source": {"name": "SARAM 2013"}, "method": {"name": "Taken with GPS Device"}, "coordinates": "{\"type\": \"Point\", \"coordinates\": [35.22321, -0.40573]}", "facility": {"code": 15323}}, {"collection_date": "2015-08-19T14:59:14.908097+00:00", "source": {"name": "Sublocation Centroid Exercise of MOH/ICF Macro"}, "method": {"name": "Taken with GPS Device"}, "coordinates": "{\"type\": \"Point\", \"coordinates\": [36.1655, -0.28159]}", "facility": {"code": 15659}}, {"collection_date": "2015-08-19T14:59:14.907632+00:00", "source": {"name": "KEMRI GIS MERGE"}, "method": {"name": "Taken with GPS Device"}, "coordinates": "{\"type\": \"Point\", \"coordinates\": [37.15985, -0.71587]}", "facility": {"code": 10777}}, {"collection_date": "2015-08-19T14:59:14.906488+00:00", "source": {"name": "Sublocation Centroid Exercise of MOH/ICF Macro"}, "method": {"name": "Other"}, "coordinates": "{\"type\": \"Point\", \"coordinates\": [34.7902, 0.120517]}", "facility": {"code": 16097}}, {"collection_date": "2015-08-19T14:59:14.894582+00:00", "source": {"name": "KEMRI GIS MERGE"}, "method": {"name": "Taken with GPS Device"}, "coordinates": "{\"type\": \"Point\", \"coordinates\": [34.72056, 0.18303]}", "facility": {"code": 16110}}, {"collection_date": "2015-08-19T14:59:14.732449+00:00", "source": {"name": "Sublocation Centroid Exercise of MOH/ICF Macro"}, "method": {"name": "Taken with GPS Device"}, "coordinates": "{\"type\": \"Point\", \"coordinates\": [35.99825, 0.28087]}", "facility": {"code": 15216}}, {"collection_date": "2015-08-19T14:59:14.711297+00:00", "source": {"name": "KEMRI GIS MERGE"}, "method": {"name": "Taken with GPS Device"}, "coordinates": "{\"type\": \"Point\", \"coordinates\": [37.97501, -0.15802]}", "facility": {"code": 12795}}, {"collection_date": "2015-08-19T14:59:14.583578+00:00", "source": {"name": "Sublocation Centroid Exercise of MOH/ICF Macro"}, "method": {"name": "Other"}, "coordinates": "{\"type\": \"Point\", \"coordinates\": [34.7328, 0.115198]}", "facility": {"code": 16450}}, {"collection_date": "2015-08-19T14:59:14.579954+00:00", "source": {"name": "Sublocation Centroid Exercise of MOH/ICF Macro"}, "method": {"name": "Other"}, "coordinates": "{\"type\": \"Point\", \"coordinates\": [37.14252, -0.87547]}", "facility": {"code": 16174}}, {"collection_date": "2015-08-19T14:59:14.557949+00:00", "source": {"name": "HMIS"}, "method": {"name": "Taken with GPS Device"}, "coordinates": "{\"type\": \"Point\", \"coordinates\": [38.27077, -3.4912]}", "facility": {"code": 16554}}, {"collection_date": "2015-08-19T14:59:14.413576+00:00", "source": {"name": "GOK"}, "method": {"name": "Taken with GPS Device"}, "coordinates": "{\"type\": \"Point\", \"coordinates\": [37.43701, 1.3481]}", "facility": {"code": 15327}}, {"collection_date": "2015-08-19T14:59:14.383655+00:00", "source": {"name": "Sublocation Centroid Exercise of MOH/ICF Macro"}, "method": {"name": "Taken with GPS Device"}, "coordinates": "{\"type\": \"Point\", \"coordinates\": [36.32668, -0.49964]}", "facility": {"code": 14509}}, {"collection_date": "2015-08-19T14:59:14.380314+00:00", "source": {"name": "KEMRI GIS MERGE"}, "method": {"name": "Taken with GPS Device"}, "coordinates": "{\"type\": \"Point\", \"coordinates\": [36.66837, -1.12759]}", "facility": {"code": 11104}}, {"collection_date": "2015-08-19T14:59:14.239744+00:00", "source": {"name": "DHRIO"}, "method": {"name": "Taken with GPS Device"}, "coordinates": "{\"type\": \"Point\", \"coordinates\": [34.7192, 0.0795]}", "facility": {"code": 16448}}, {"collection_date": "2015-08-19T14:59:14.222368+00:00", "source": {"name": "Sublocation Centroid Exercise of MOH/ICF Macro"}, "method": {"name": "Other"}, "coordinates": "{\"type\": \"Point\", \"coordinates\": [35.3205, 0.516389]}", "facility": {"code": 15354}}, {"collection_date": "2015-08-19T14:59:14.206000+00:00", "source": {"name": "DHMT"}, "method": {"name": "Taken with GPS Device"}, "coordinates": "{\"type\": \"Point\", \"coordinates\": [35.81179, 0.74128]}", "facility": {"code": 15465}}, {"collection_date": "2015-08-19T14:59:14.039913+00:00", "source": {"name": "Moh-Naivasha"}, "method": {"name": "Taken with GPS Device"}, "coordinates": "{\"type\": \"Point\", \"coordinates\": [36.43924, -0.71977]}", "facility": {"code": 15484}}, {"collection_date": "2015-08-19T14:59:14.020157+00:00", "source": {"name": "KEMRI GIS MERGE"}, "method": {"name": "Taken with GPS Device"}, "coordinates": "{\"type\": \"Point\", \"coordinates\": [37.36057, -1.78639]}", "facility": {"code": 12314}}, {"collection_date": "2015-08-19T14:59:14.015426+00:00", "source": {"name": "Sublocation Centroid Exercise of MOH/ICF Macro"}, "method": {"name": "Other"}, "coordinates": "{\"type\": \"Point\", \"coordinates\": [34.711, 0.114128]}", "facility": {"code": 15842}}, {"collection_date": "2015-08-19T14:59:13.882543+00:00", "source": {"name": "Cold Chain Inventory (MoH/PATH/WHO) - Feb 2011"}, "method": {"name": "Taken with GPS Device"}, "coordinates": "{\"type\": \"Point\", \"coordinates\": [36.06092, 0.49339]}", "facility": {"code": 15336}}, {"collection_date": "2015-08-19T14:59:13.836307+00:00", "source": {"name": "Sublocation Centroid Exercise of MOH/ICF Macro"}, "method": {"name": "Other"}, "coordinates": "{\"type\": \"Point\", \"coordinates\": [35.3893, -0.354786]}", "facility": {"code": 15711}}, {"collection_date": "2015-08-19T14:59:13.836218+00:00", "source": {"name": "Sublocation Centroid Exercise of MOH/ICF Macro"}, "method": {"name": "Other"}, "coordinates": "{\"type\": \"Point\", \"coordinates\": [37.13074, -0.79166]}", "facility": {"code": 10926}}, {"collection_date": "2015-08-19T14:59:13.825803+00:00", "source": {"name": "GPS"}, "method": {"name": "Taken with GPS Device"}, "coordinates": "{\"type\": \"Point\", \"coordinates\": [34.73399, 0.11834]}", "facility": {"code": 15794}}, {"collection_date": "2015-08-19T14:59:13.667705+00:00", "source": {"name": "KEMRI GIS MERGE"}, "method": {"name": "Taken with GPS Device"}, "coordinates": "{\"type\": \"Point\", \"coordinates\": [34.2745, -0.09021]}", "facility": {"code": 13507}}, {"collection_date": "2015-08-19T14:59:13.658287+00:00", "source": {"name": "KEMRI GIS MERGE"}, "method": {"name": "Taken with GPS Device"}, "coordinates": "{\"type\": \"Point\", \"coordinates\": [35.57878, -0.13199]}", "facility": {"code": 15149}}, {"collection_date": "2015-08-19T14:59:13.619269+00:00", "source": {"name": "Sublocation Centroid Exercise of MOH/ICF Macro"}, "method": {"name": "Other"}, "coordinates": "{\"type\": \"Point\", \"coordinates\": [34.7555, 0.119691]}", "facility": {"code": 16159}}, {"collection_date": "2015-08-19T14:59:13.596368+00:00", "source": {"name": "Sublocation Centroid Exercise of MOH/ICF Macro"}, "method": {"name": "Other"}, "coordinates": "{\"type\": \"Point\", \"coordinates\": [35.17761, -0.221417]}", "facility": {"code": 14614}}, {"collection_date": "2015-08-19T14:59:13.594785+00:00", "source": {"name": "Sublocation Centroid Exercise of MOH/ICF Macro"}, "method": {"name": "Other"}, "coordinates": "{\"type\": \"Point\", \"coordinates\": [37.67502, -3.39249]}", "facility": {"code": 11745}}, {"collection_date": "2015-08-19T14:59:13.485097+00:00", "source": {"name": "KEMRI GIS MERGE"}, "method": {"name": "Taken with GPS Device"}, "coordinates": "{\"type\": \"Point\", \"coordinates\": [34.83231, 0.83884]}", "facility": {"code": 15777}}, {"collection_date": "2015-08-19T14:59:13.471610+00:00", "source": {"name": "DHMT"}, "method": {"name": "Taken with GPS Device"}, "coordinates": "{\"type\": \"Point\", \"coordinates\": [35.01068, 1.49008]}", "facility": {"code": 14634}}, {"collection_date": "2015-08-19T14:59:13.436950+00:00", "source": {"name": "Sublocation Centroid Exercise of MOH/ICF Macro"}, "method": {"name": "Other"}, "coordinates": "{\"type\": \"Point\", \"coordinates\": [34.7286, 0.0924172]}", "facility": {"code": 16017}}, {"collection_date": "2015-08-19T14:59:13.379172+00:00", "source": {"name": "SARAM 2013"}, "method": {"name": "Taken with GPS Device"}, "coordinates": "{\"type\": \"Point\", \"coordinates\": [35.28641, 1.19589]}", "facility": {"code": 14616}}, {"collection_date": "2015-08-19T14:59:13.271712+00:00", "source": {"name": "Sublocation Centroid Exercise of MOH/ICF Macro"}, "method": {"name": "Other"}, "coordinates": "{\"type\": \"Point\", \"coordinates\": [36.8247, -0.765141]}", "facility": {"code": 11115}}, {"collection_date": "2015-08-19T14:59:13.258815+00:00", "source": {"name": "DHRIO"}, "method": {"name": "Taken with GPS Device"}, "coordinates": "{\"type\": \"Point\", \"coordinates\": [34.72021, 0.07966]}", "facility": {"code": 16013}}, {"collection_date": "2015-08-19T14:59:13.248444+00:00", "source": {"name": "KEMRI GIS MERGE"}, "method": {"name": "Taken with GPS Device"}, "coordinates": "{\"type\": \"Point\", \"coordinates\": [39.50908, 1.02714]}", "facility": {"code": 13357}}, {"collection_date": "2015-08-19T14:59:13.235000+00:00", "source": {"name": "Cold Chain Inventory (MoH/PATH/WHO) - Feb 2011"}, "method": {"name": "Taken with GPS Device"}, "coordinates": "{\"type\": \"Point\", \"coordinates\": [35.12184, 1.12463]}", "facility": {"code": 15783}}, {"collection_date": "2015-08-19T14:59:13.050661+00:00", "source": {"name": "Sublocation Centroid Exercise of MOH/ICF Macro"}, "method": {"name": "Other"}, "coordinates": "{\"type\": \"Point\", \"coordinates\": [34.7286, 0.0924172]}", "facility": {"code": 16002}}, {"collection_date": "2015-08-19T14:59:13.035735+00:00", "source": {"name": "John Monyancha"}, "method": {"name": "Taken with GPS Device"}, "coordinates": "{\"type\": \"Point\", \"coordinates\": [34.98799, -0.52815]}", "facility": {"code": 13540}}, {"collection_date": "2015-08-19T14:59:13.026535+00:00", "source": {"name": "Sublocation Centroid Exercise of MOH/ICF Macro"}, "method": {"name": "Other"}, "coordinates": "{\"type\": \"Point\", \"coordinates\": [37.1274, -0.776287]}", "facility": {"code": 11169}}, {"collection_date": "2015-08-19T14:59:13.025879+00:00", "source": {"name": "MOH-DHRIO"}, "method": {"name": "Taken with GPS Device"}, "coordinates": "{\"type\": \"Point\", \"coordinates\": [35.21871, 2.44143]}", "facility": {"code": 14661}}, {"collection_date": "2015-08-19T14:59:13.024621+00:00", "source": {"name": "KEMRI GIS MERGE"}, "method": {"name": "Taken with GPS Device"}, "coordinates": "{\"type\": \"Point\", \"coordinates\": [36.577658, -0.077685]}", "facility": {"code": 15784}}, {"collection_date": "2015-08-19T14:59:12.553169+00:00", "source": {"name": "Sublocation Centroid Exercise of MOH/ICF Macro"}, "method": {"name": "Other"}, "coordinates": "{\"type\": \"Point\", \"coordinates\": [34.6735, -0.000603147]}", "facility": {"code": 16449}}, {"collection_date": "2015-08-19T14:59:12.534986+00:00", "source": {"name": "KEMRI GIS MERGE"}, "method": {"name": "Taken with GPS Device"}, "coordinates": "{\"type\": \"Point\", \"coordinates\": [34.62814, -0.80782]}", "facility": {"code": 13847}}, {"collection_date": "2015-08-19T14:59:12.452213+00:00", "source": {"name": "SARAM 2013"}, "method": {"name": "Taken with GPS Device"}, "coordinates": "{\"type\": \"Point\", \"coordinates\": [36.20473, -0.02996]}", "facility": {"code": 14638}}, {"collection_date": "2015-08-19T14:59:12.447206+00:00", "source": {"name": "KEMRI GIS MERGE"}, "method": {"name": "Taken with GPS Device"}, "coordinates": "{\"type\": \"Point\", \"coordinates\": [37.70911, -0.22141]}", "facility": {"code": 12338}}, {"collection_date": "2015-08-19T14:59:12.280547+00:00", "source": {"name": "DHMT"}, "method": {"name": "Taken with GPS Device"}, "coordinates": "{\"type\": \"Point\", \"coordinates\": [35.92368, 0.78863]}", "facility": {"code": 15785}}, {"collection_date": "2015-08-19T14:59:12.222078+00:00", "source": {"name": "DHRIO"}, "method": {"name": "Taken with GPS Device"}, "coordinates": "{\"type\": \"Point\", \"coordinates\": [34.71465, 0.06011]}", "facility": {"code": 15814}}, {"collection_date": "2015-08-19T14:59:11.994244+00:00", "source": {"name": "John Monyancha"}, "method": {"name": "Taken with GPS Device"}, "coordinates": "{\"type\": \"Point\", \"coordinates\": [34.97081, -0.47317]}", "facility": {"code": 13916}}, {"collection_date": "2015-08-19T14:59:11.791660+00:00", "source": {"name": "DHMT"}, "method": {"name": "Taken with GPS Device"}, "coordinates": "{\"type\": \"Point\", \"coordinates\": [35.61639, 1.28125]}", "facility": {"code": 15040}}, {"collection_date": "2015-08-19T14:59:11.759731+00:00", "source": {"name": "KEMRI GIS MERGE"}, "method": {"name": "Taken with GPS Device"}, "coordinates": "{\"type\": \"Point\", \"coordinates\": [35.25724, 1.31452]}", "facility": {"code": 15786}}, {"collection_date": "2015-08-19T14:59:11.758120+00:00", "source": {"name": "Sublocation Centroid Exercise of MOH/ICF Macro"}, "method": {"name": "Other"}, "coordinates": "{\"type\": \"Point\", \"coordinates\": [37.0103, -0.913834]}", "facility": {"code": 10554}}, {"collection_date": "2015-08-19T14:59:11.680069+00:00", "source": {"name": "DHRIO"}, "method": {"name": "Taken with GPS Device"}, "coordinates": "{\"type\": \"Point\", \"coordinates\": [34.69369, 0.07738]}", "facility": {"code": 15896}}, {"collection_date": "2015-08-19T14:59:11.679980+00:00", "source": {"name": "Taken by DHRIO"}, "method": {"name": "Taken with GPS Device"}, "coordinates": "{\"type\": \"Point\", \"coordinates\": [37.96723, -2.41197]}", "facility": {"code": 12291}}, {"collection_date": "2015-08-19T14:59:11.533670+00:00", "source": {"name": "DHMT"}, "method": {"name": "Taken with GPS Device"}, "coordinates": "{\"type\": \"Point\", \"coordinates\": [35.8302, 0.73753]}", "facility": {"code": 14912}}, {"collection_date": "2015-08-19T14:59:11.504018+00:00", "source": {"name": "DHMT"}, "method": {"name": "Taken with GPS Device"}, "coordinates": "{\"type\": \"Point\", \"coordinates\": [35.28417, 0.16787]}", "facility": {"code": 15412}}, {"collection_date": "2015-08-19T14:59:11.482050+00:00", "source": {"name": "Sublocation Centroid Exercise of MOH/ICF Macro"}, "method": {"name": "Other"}, "coordinates": "{\"type\": \"Point\", \"coordinates\": [37.67626, -3.3951]}", "facility": {"code": 11841}}, {"collection_date": "2015-08-19T14:59:11.440972+00:00", "source": {"name": "DHMT"}, "method": {"name": "Taken with GPS Device"}, "coordinates": "{\"type\": \"Point\", \"coordinates\": [39.05001, 3.52254]}", "facility": {"code": 12544}}, {"collection_date": "2015-08-19T14:59:11.434621+00:00", "source": {"name": "KEMRI GIS MERGE"}, "method": {"name": "Calc from proximity to school, village,markets"}, "coordinates": "{\"type\": \"Point\", \"coordinates\": [34.75611, 0.08883]}", "facility": {"code": 15903}}, {"collection_date": "2015-08-19T14:59:11.422175+00:00", "source": {"name": "KEMRI GIS MERGE"}, "method": {"name": "Taken with GPS Device"}, "coordinates": "{\"type\": \"Point\", \"coordinates\": [37.66602, -0.25845]}", "facility": {"code": 12649}}, {"collection_date": "2015-08-19T14:59:11.325667+00:00", "source": {"name": "KEMRI GIS MERGE"}, "method": {"name": "Taken with GPS Device"}, "coordinates": "{\"type\": \"Point\", \"coordinates\": [36.22146, 0.04796]}", "facility": {"code": 15776}}, {"collection_date": "2015-08-19T14:59:11.299720+00:00", "source": {"name": "Sublocation Centroid Exercise of MOH/ICF Macro"}, "method": {"name": "Other"}, "coordinates": "{\"type\": \"Point\", \"coordinates\": [36.2427, 0.140937]}", "facility": {"code": 15163}}, {"collection_date": "2015-08-19T14:59:11.278334+00:00", "source": {"name": "DHRIO"}, "method": {"name": "Taken with GPS Device"}, "coordinates": "{\"type\": \"Point\", \"coordinates\": [34.751059, 0.098079]}", "facility": {"code": 16044}}, {"collection_date": "2015-08-19T14:59:11.243110+00:00", "source": {"name": "DHMT"}, "method": {"name": "Taken with GPS Device"}, "coordinates": "{\"type\": \"Point\", \"coordinates\": [37.72055, -0.46412]}", "facility": {"code": 16467}}, {"collection_date": "2015-08-19T14:59:11.211673+00:00", "source": {"name": "DHMT Nakuru"}, "method": {"name": "Taken with GPS Device"}, "coordinates": "{\"type\": \"Point\", \"coordinates\": [35.95241, -0.22109]}", "facility": {"code": 15119}}, {"collection_date": "2015-08-19T14:59:11.199809+00:00", "source": {"name": "KEMRI GIS MERGE"}, "method": {"name": "Calc from proximity to school, village,markets"}, "coordinates": "{\"type\": \"Point\", \"coordinates\": [37.1973, -1.55932]}", "facility": {"code": 11981}}], "model": "mfl_gis.FacilityCoordinates", "unique_fields": ["facility"]}]