[{"records": [{"collection_date": "2015-08-19T14:59:03.051985+00:00", "source": {"name": "Cold Chain Inventory (MoH/PATH/WHO) - Feb 2011"}, "method": {"name": "Taken with GPS Device"}, "coordinates": "{\"type\": \"Point\", \"coordinates\": [34.6906, 0.65232]}", "facility": {"code": 16126}}, {"collection_date": "2015-08-19T14:59:03.018746+00:00", "source": {"name": "KEMRI GIS MERGE"}, "method": {"name": "Taken with GPS Device"}, "coordinates": "{\"type\": \"Point\", \"coordinates\": [35.14578, 0.60768]}", "facility": {"code": 14377}}, {"collection_date": "2015-08-19T14:59:02.986675+00:00", "source": {"name": "SARAM 2013"}, "method": {"name": "Taken with GPS Device"}, "coordinates": "{\"type\": \"Point\", \"coordinates\": [36.96314, -0.42631]}", "facility": {"code": 10903}}, {"collection_date": "2015-08-19T14:59:02.962039+00:00", "source": {"name": "Sublocation Centroid Exercise of MOH/ICF Macro"}, "method": {"name": "Other"}, "coordinates": "{\"type\": \"Point\", \"coordinates\": [34.6775, 0.14555]}", "facility": {"code": 16022}}, {"collection_date": "2015-08-19T14:59:02.929296+00:00", "source": {"name": "KEMRI GIS MERGE"}, "method": {"name": "Taken with GPS Device"}, "coordinates": "{\"type\": \"Point\", \"coordinates\": [40.06827, -1.6107]}", "facility": {"code": 11744}}, {"collection_date": "2015-08-19T14:59:02.896688+00:00", "source": {"name": "KEMRI GIS MERGE"}, "method": {"name": "Taken with GPS Device"}, "coordinates": "{\"type\": \"Point\", \"coordinates\": [37.07856, -0.85942]}", "facility": {"code": 10411}}, {"collection_date": "2015-08-19T14:59:02.887531+00:00", "source": {"name": "SARAM 2013"}, "method": {"name": "Taken with GPS Device"}, "coordinates": "{\"type\": \"Point\", \"coordinates\": [35.27159, -0.24043]}", "facility": {"code": 15179}}, {"collection_date": "2015-08-19T14:59:02.865054+00:00", "source": {"name": "GPS"}, "method": {"name": "Taken with GPS Device"}, "coordinates": "{\"type\": \"Point\", \"coordinates\": [34.7606, 0.27432]}", "facility": {"code": 15915}}, {"collection_date": "2015-08-19T14:59:02.857398+00:00", "source": {"name": "Cold Chain Inventory (MoH/PATH/WHO) - Feb 2011"}, "method": {"name": "Taken with GPS Device"}, "coordinates": "{\"type\": \"Point\", \"coordinates\": [35.1233, 0.82203]}", "facility": {"code": 16007}}, {"collection_date": "2015-08-19T14:59:02.789350+00:00", "source": {"name": "SARAM 2013"}, "method": {"name": "Taken with GPS Device"}, "coordinates": "{\"type\": \"Point\", \"coordinates\": [35.77282, 0.0714]}", "facility": {"code": 15733}}, {"collection_date": "2015-08-19T14:59:02.774523+00:00", "source": {"name": "DHMT"}, "method": {"name": "Taken with GPS Device"}, "coordinates": "{\"type\": \"Point\", \"coordinates\": [35.26115, 1.37937]}", "facility": {"code": 15542}}, {"collection_date": "2015-08-19T14:59:02.754550+00:00", "source": {"name": "Sublocation Centroid Exercise of MOH/ICF Macro"}, "method": {"name": "Taken with GPS Device"}, "coordinates": "{\"type\": \"Point\", \"coordinates\": [35.2206, 1.39087]}", "facility": {"code": 16704}}, {"collection_date": "2015-08-19T14:59:02.739247+00:00", "source": {"name": "DHMT"}, "method": {"name": "Taken with GPS Device"}, "coordinates": "{\"type\": \"Point\", \"coordinates\": [39.65238, -0.44831]}", "facility": {"code": 13346}}, {"collection_date": "2015-08-19T14:59:02.695526+00:00", "source": {"name": "Sublocation Centroid Exercise of MOH/ICF Macro"}, "method": {"name": "Other"}, "coordinates": "{\"type\": \"Point\", \"coordinates\": [34.4998, 0.347621]}", "facility": {"code": 16036}}, {"collection_date": "2015-08-19T14:59:02.653362+00:00", "source": {"name": "KEMRI GIS MERGE"}, "method": {"name": "Taken with GPS Device"}, "coordinates": "{\"type\": \"Point\", \"coordinates\": [34.83212, 0.49933]}", "facility": {"code": 15849}}, {"collection_date": "2015-08-19T14:59:02.619515+00:00", "source": {"name": "Cold Chain Inventory (MoH/PATH/WHO) - Feb 2011"}, "method": {"name": "Taken with GPS Device"}, "coordinates": "{\"type\": \"Point\", \"coordinates\": [35.46851, 0.92145]}", "facility": {"code": 15683}}, {"collection_date": "2015-08-19T14:59:02.608738+00:00", "source": {"name": "Sublocation Centroid Exercise of MOH/ICF Macro"}, "method": {"name": "Taken with GPS Device"}, "coordinates": "{\"type\": \"Point\", \"coordinates\": [35.60279, 1.32562]}", "facility": {"code": 16323}}, {"collection_date": "2015-08-19T14:59:02.595133+00:00", "source": {"name": "KEMRI GIS MERGE"}, "method": {"name": "Taken with GPS Device"}, "coordinates": "{\"type\": \"Point\", \"coordinates\": [34.77133, -0.67132]}", "facility": {"code": 13703}}, {"collection_date": "2015-08-19T14:59:02.586625+00:00", "source": {"name": "KEMRI GIS MERGE"}, "method": {"name": "Taken with GPS Device"}, "coordinates": "{\"type\": \"Point\", \"coordinates\": [35.04447, 0.867575]}", "facility": {"code": 16084}}, {"collection_date": "2015-08-19T14:59:02.542928+00:00", "source": {"name": "Cold Chain Inventory (MoH/PATH/WHO) - Feb 2011"}, "method": {"name": "Taken with GPS Device"}, "coordinates": "{\"type\": \"Point\", \"coordinates\": [36.23631, -1.07985]}", "facility": {"code": 15387}}, {"collection_date": "2015-08-19T14:59:02.493895+00:00", "source": {"name": "Cold Chain Inventory (MoH/PATH/WHO) - Feb 2011"}, "method": {"name": "Taken with GPS Device"}, "coordinates": "{\"type\": \"Point\", \"coordinates\": [34.76456, 0.61299]}", "facility": {"code": 16016}}, {"collection_date": "2015-08-19T14:59:02.477207+00:00", "source": {"name": "Sublocation Centroid Exercise of MOH/ICF Macro"}, "method": {"name": "Other"}, "coordinates": "{\"type\": \"Point\", \"coordinates\": [35.0221, 1.25053]}", "facility": {"code": 16702}}, {"collection_date": "2015-08-19T14:59:02.463140+00:00", "source": {"name": "DHMT"}, "method": {"name": "Taken with GPS Device"}, "coordinates": "{\"type\": \"Point\", \"coordinates\": [37.25619, -1.52321]}", "facility": {"code": 12438}}, {"collection_date": "2015-08-19T14:59:02.444556+00:00", "source": {"name": "KEMRI GIS MERGE"}, "method": {"name": "Taken with GPS Device"}, "coordinates": "{\"type\": \"Point\", \"coordinates\": [34.82932, 0.60574]}", "facility": {"code": 15981}}, {"collection_date": "2015-08-19T14:59:02.391709+00:00", "source": {"name": "Cold Chain Inventory (MoH/PATH/WHO) - Feb 2011"}, "method": {"name": "Taken with GPS Device"}, "coordinates": "{\"type\": \"Point\", \"coordinates\": [36.12037, 0.55011]}", "facility": {"code": 14941}}, {"collection_date": "2015-08-19T14:59:02.372406+00:00", "source": {"name": "KEMRI GIS MERGE"}, "method": {"name": "Taken with GPS Device"}, "coordinates": "{\"type\": \"Point\", \"coordinates\": [34.71429, 0.71387]}", "facility": {"code": 16028}}, {"collection_date": "2015-08-19T14:59:02.339048+00:00", "source": {"name": "Cold Chain Inventory (MoH/PATH/WHO) - Feb 2011"}, "method": {"name": "Taken with GPS Device"}, "coordinates": "{\"type\": \"Point\", \"coordinates\": [35.69568, 0.25108]}", "facility": {"code": 16334}}, {"collection_date": "2015-08-19T14:59:02.329228+00:00", "source": {"name": "KEMRI GIS MERGE"}, "method": {"name": "Calc from proximity to school, village,markets"}, "coordinates": "{\"type\": \"Point\", \"coordinates\": [34.99994, 0.7386]}", "facility": {"code": 16139}}, {"collection_date": "2015-08-19T14:59:02.308450+00:00", "source": {"name": "KEMRI GIS MERGE"}, "method": {"name": "Taken with GPS Device"}, "coordinates": "{\"type\": \"Point\", \"coordinates\": [37.4518, -0.53679]}", "facility": {"code": 12004}}, {"collection_date": "2015-08-19T14:59:02.250714+00:00", "source": {"name": "KEMRI GIS MERGE"}, "method": {"name": "Taken with GPS Device"}, "coordinates": "{\"type\": \"Point\", \"coordinates\": [39.70862, -1.29372]}", "facility": {"code": 11285}}, {"collection_date": "2015-08-19T14:59:02.240143+00:00", "source": {"name": "DHMT Transmara"}, "method": {"name": "Taken with GPS Device"}, "coordinates": "{\"type\": \"Point\", \"coordinates\": [35.02559, -1.40167]}", "facility": {"code": 15123}}, {"collection_date": "2015-08-19T14:59:02.196986+00:00", "source": {"name": "KEMRI GIS MERGE"}, "method": {"name": "Taken with GPS Device"}, "coordinates": "{\"type\": \"Point\", \"coordinates\": [34.88434, 0.62801]}", "facility": {"code": 15957}}, {"collection_date": "2015-08-19T14:59:02.185462+00:00", "source": {"name": "SARAM 2013"}, "method": {"name": "Taken with GPS Device"}, "coordinates": "{\"type\": \"Point\", \"coordinates\": [39.60313, -4.03883]}", "facility": {"code": 11740}}, {"collection_date": "2015-08-19T14:59:02.177362+00:00", "source": {"name": "Cold Chain Inventory (MoH/PATH/WHO) - Feb 2011"}, "method": {"name": "Taken with GPS Device"}, "coordinates": "{\"type\": \"Point\", \"coordinates\": [35.86396, 0.40884]}", "facility": {"code": 15506}}, {"collection_date": "2015-08-19T14:59:02.094557+00:00", "source": {"name": "HMIS"}, "method": {"name": "Taken with GPS Device"}, "coordinates": "{\"type\": \"Point\", \"coordinates\": [38.40845, -3.41394]}", "facility": {"code": 11656}}, {"collection_date": "2015-08-19T14:59:02.074280+00:00", "source": {"name": "KEMRI GIS MERGE"}, "method": {"name": "Taken with GPS Device"}, "coordinates": "{\"type\": \"Point\", \"coordinates\": [37.61466, -0.26937]}", "facility": {"code": 12092}}, {"collection_date": "2015-08-19T14:59:02.062204+00:00", "source": {"name": "DHMT"}, "method": {"name": "Taken with GPS Device"}, "coordinates": "{\"type\": \"Point\", \"coordinates\": [37.34567, -1.29883]}", "facility": {"code": 12177}}, {"collection_date": "2015-08-19T14:59:02.029721+00:00", "source": {"name": "KEMRI GIS MERGE"}, "method": {"name": "Taken with GPS Device"}, "coordinates": "{\"type\": \"Point\", \"coordinates\": [34.86937, 0.60774]}", "facility": {"code": 16009}}, {"collection_date": "2015-08-19T14:59:02.000818+00:00", "source": {"name": "SARAM 2013"}, "method": {"name": "Taken with GPS Device"}, "coordinates": "{\"type\": \"Point\", \"coordinates\": [35.92264, 0.29946]}", "facility": {"code": 15477}}, {"collection_date": "2015-08-19T14:59:01.976450+00:00", "source": {"name": "HMIS"}, "method": {"name": "Taken with GPS Device"}, "coordinates": "{\"type\": \"Point\", \"coordinates\": [38.29089, -3.43489]}", "facility": {"code": 11652}}, {"collection_date": "2015-08-19T14:59:01.939346+00:00", "source": {"name": "DHMT"}, "method": {"name": "Taken with GPS Device"}, "coordinates": "{\"type\": \"Point\", \"coordinates\": [35.55714, -1.6978]}", "facility": {"code": 15411}}, {"collection_date": "2015-08-19T14:59:01.929587+00:00", "source": {"name": "SARAM 2013"}, "method": {"name": "Taken with GPS Device"}, "coordinates": "{\"type\": \"Point\", \"coordinates\": [39.68619, -4.02796]}", "facility": {"code": 11289}}, {"collection_date": "2015-08-19T14:59:01.896590+00:00", "source": {"name": "KEMRI GIS MERGE"}, "method": {"name": "Taken with GPS Device"}, "coordinates": "{\"type\": \"Point\", \"coordinates\": [34.9983, 0.65113]}", "facility": {"code": 15988}}, {"collection_date": "2015-08-19T14:59:01.882568+00:00", "source": {"name": "Cold Chain Inventory (MoH/PATH/WHO) - Feb 2011"}, "method": {"name": "Taken with GPS Device"}, "coordinates": "{\"type\": \"Point\", \"coordinates\": [35.56927, 0.63014]}", "facility": {"code": 15485}}, {"collection_date": "2015-08-19T14:59:01.861760+00:00", "source": {"name": "HMIS"}, "method": {"name": "Taken with GPS Device"}, "coordinates": "{\"type\": \"Point\", \"coordinates\": [38.33356, -3.43289]}", "facility": {"code": 11763}}, {"collection_date": "2015-08-19T14:59:01.801016+00:00", "source": {"name": "HMIS"}, "method": {"name": "Taken with GPS Device"}, "coordinates": "{\"type\": \"Point\", \"coordinates\": [38.58219, -3.49341]}", "facility": {"code": 11760}}, {"collection_date": "2015-08-19T14:59:01.794370+00:00", "source": {"name": "Cold Chain Inventory (MoH/PATH/WHO) - Feb 2011"}, "method": {"name": "Taken with GPS Device"}, "coordinates": "{\"type\": \"Point\", \"coordinates\": [35.00997, 0.70791]}", "facility": {"code": 16086}}, {"collection_date": "2015-08-19T14:59:01.786850+00:00", "source": {"name": "KEMRI GIS MERGE"}, "method": {"name": "Taken with GPS Device"}, "coordinates": "{\"type\": \"Point\", \"coordinates\": [36.80734, -1.30088]}", "facility": {"code": 13023}}, {"collection_date": "2015-08-19T14:59:01.772462+00:00", "source": {"name": "DHMT"}, "method": {"name": "Taken with GPS Device"}, "coordinates": "{\"type\": \"Point\", \"coordinates\": [35.7721, 0.52067]}", "facility": {"code": 15487}}, {"collection_date": "2015-08-19T14:59:01.739587+00:00", "source": {"name": "KEMRI GIS MERGE"}, "method": {"name": "Taken with GPS Device"}, "coordinates": "{\"type\": \"Point\", \"coordinates\": [34.79794, 0.72903]}", "facility": {"code": 15933}}, {"collection_date": "2015-08-19T14:59:01.658858+00:00", "source": {"name": "KEMRI GIS MERGE"}, "method": {"name": "Taken with GPS Device"}, "coordinates": "{\"type\": \"Point\", \"coordinates\": [36.79339, -1.28567]}", "facility": {"code": 13194}}, {"collection_date": "2015-08-19T14:59:01.623426+00:00", "source": {"name": "Moh-Naivasha"}, "method": {"name": "Taken with GPS Device"}, "coordinates": "{\"type\": \"Point\", \"coordinates\": [36.28215, -0.72326]}", "facility": {"code": 15489}}, {"collection_date": "2015-08-19T14:59:01.617728+00:00", "source": {"name": "HMIS"}, "method": {"name": "Taken with GPS Device"}, "coordinates": "{\"type\": \"Point\", \"coordinates\": [38.30337, -3.34259]}", "facility": {"code": 11769}}, {"collection_date": "2015-08-19T14:59:01.617287+00:00", "source": {"name": "KEMRI GIS MERGE"}, "method": {"name": "Taken with GPS Device"}, "coordinates": "{\"type\": \"Point\", \"coordinates\": [35.0497, 0.64194]}", "facility": {"code": 16077}}, {"collection_date": "2015-08-19T14:59:01.604631+00:00", "source": {"name": "KEMRI GIS MERGE"}, "method": {"name": "Calc from proximity to school, village,markets"}, "coordinates": "{\"type\": \"Point\", \"coordinates\": [36.8648, -0.74231]}", "facility": {"code": 10770}}, {"collection_date": "2015-08-19T14:59:01.486444+00:00", "source": {"name": "DHMT"}, "method": {"name": "Taken with GPS Device"}, "coordinates": "{\"type\": \"Point\", \"coordinates\": [34.20715, -0.42642]}", "facility": {"code": 14154}}, {"collection_date": "2015-08-19T14:59:01.338048+00:00", "source": {"name": "Sublocation Centroid Exercise of MOH/ICF Macro"}, "method": {"name": "Taken with GPS Device"}, "coordinates": "{\"type\": \"Point\", \"coordinates\": [36.79877, -1.09918]}", "facility": {"code": 10322}}, {"collection_date": "2015-08-19T14:59:01.326422+00:00", "source": {"name": "Cold Chain Inventory (MoH/PATH/WHO) - Feb 2011"}, "method": {"name": "Taken with GPS Device"}, "coordinates": "{\"type\": \"Point\", \"coordinates\": [34.93003, 0.6192]}", "facility": {"code": 16051}}, {"collection_date": "2015-08-19T14:59:01.319530+00:00", "source": {"name": "Taken by DHRIO Laikipia West"}, "method": {"name": "Taken with GPS Device"}, "coordinates": "{\"type\": \"Point\", \"coordinates\": [36.4569, 0.43966]}", "facility": {"code": 15187}}, {"collection_date": "2015-08-19T14:59:01.309638+00:00", "source": {"name": "MOH"}, "method": {"name": "Taken with GPS Device"}, "coordinates": "{\"type\": \"Point\", \"coordinates\": [35.3668, -0.62831]}", "facility": {"code": 15533}}, {"collection_date": "2015-08-19T14:59:01.194939+00:00", "source": {"name": "Cold Chain Inventory (MoH/PATH/WHO) - Feb 2011"}, "method": {"name": "Taken with GPS Device"}, "coordinates": "{\"type\": \"Point\", \"coordinates\": [34.16841, -0.54087]}", "facility": {"code": 13764}}, {"collection_date": "2015-08-19T14:59:01.012943+00:00", "source": {"name": "DHMT"}, "method": {"name": "Taken with GPS Device"}, "coordinates": "{\"type\": \"Point\", \"coordinates\": [35.2244, -1.35782]}", "facility": {"code": 15702}}, {"collection_date": "2015-08-19T14:59:00.986268+00:00", "source": {"name": "KEMRI GIS MERGE"}, "method": {"name": "Calc from proximity to school, village,markets"}, "coordinates": "{\"type\": \"Point\", \"coordinates\": [34.973978, 0.596167]}", "facility": {"code": 15449}}, {"collection_date": "2015-08-19T14:59:00.982962+00:00", "source": {"name": "Cold Chain Inventory (MoH/PATH/WHO) - Feb 2011"}, "method": {"name": "Taken with GPS Device"}, "coordinates": "{\"type\": \"Point\", \"coordinates\": [34.93926, 0.63492]}", "facility": {"code": 16046}}, {"collection_date": "2015-08-19T14:59:00.971626+00:00", "source": {"name": "Cold Chain Inventory (MoH/PATH/WHO) - Feb 2011"}, "method": {"name": "Taken with GPS Device"}, "coordinates": "{\"type\": \"Point\", \"coordinates\": [34.03916, -0.43712]}", "facility": {"code": 14176}}, {"collection_date": "2015-08-19T14:59:00.961207+00:00", "source": {"name": "SARAM 2013"}, "method": {"name": "Taken with GPS Device"}, "coordinates": "{\"type\": \"Point\", \"coordinates\": [35.78285, 0.02522]}", "facility": {"code": 14619}}, {"collection_date": "2015-08-19T14:59:00.803267+00:00", "source": {"name": "Sublocation Centroid Exercise of MOH/ICF Macro"}, "method": {"name": "Taken with GPS Device"}, "coordinates": "{\"type\": \"Point\", \"coordinates\": [35.0897, 1.25176]}", "facility": {"code": 15743}}, {"collection_date": "2015-08-19T14:59:00.792337+00:00", "source": {"name": "KEMRI GIS MERGE"}, "method": {"name": "Calc from proximity to school, village,markets"}, "coordinates": "{\"type\": \"Point\", \"coordinates\": [34.95742, 0.73333]}", "facility": {"code": 16031}}, {"collection_date": "2015-08-19T14:59:00.778049+00:00", "source": {"name": "Cold Chain Inventory (MoH/PATH/WHO) - Feb 2011"}, "method": {"name": "Taken with GPS Device"}, "coordinates": "{\"type\": \"Point\", \"coordinates\": [34.19039, -0.35246]}", "facility": {"code": 13854}}, {"collection_date": "2015-08-19T14:59:00.768757+00:00", "source": {"name": "DHMT Transmara"}, "method": {"name": "Taken with GPS Device"}, "coordinates": "{\"type\": \"Point\", \"coordinates\": [34.91081, -0.93928]}", "facility": {"code": 15451}}, {"collection_date": "2015-08-19T14:59:00.636645+00:00", "source": {"name": "DHRIO"}, "method": {"name": "Taken with GPS Device"}, "coordinates": "{\"type\": \"Point\", \"coordinates\": [37.07758, 0.02416]}", "facility": {"code": 15035}}, {"collection_date": "2015-08-19T14:59:00.562090+00:00", "source": {"name": "Cold Chain Inventory (MoH/PATH/WHO) - Feb 2011"}, "method": {"name": "Taken with GPS Device"}, "coordinates": "{\"type\": \"Point\", \"coordinates\": [34.23837, -0.60605]}", "facility": {"code": 13870}}, {"collection_date": "2015-08-19T14:59:00.561677+00:00", "source": {"name": "KEMRI GIS MERGE"}, "method": {"name": "Taken with GPS Device"}, "coordinates": "{\"type\": \"Point\", \"coordinates\": [36.76598, -1.18784]}", "facility": {"code": 10988}}, {"collection_date": "2015-08-19T14:59:00.451168+00:00", "source": {"name": "KEMRI GIS MERGE"}, "method": {"name": "Taken with GPS Device"}, "coordinates": "{\"type\": \"Point\", \"coordinates\": [34.72177, 0.4904]}", "facility": {"code": 15970}}, {"collection_date": "2015-08-19T14:59:00.451111+00:00", "source": {"name": "Cold Chain Inventory (MoH/PATH/WHO) - Feb 2011"}, "method": {"name": "Taken with GPS Device"}, "coordinates": "{\"type\": \"Point\", \"coordinates\": [35.56875, 0.42684]}", "facility": {"code": 14931}}, {"collection_date": "2015-08-19T14:59:00.421405+00:00", "source": {"name": "Taken by DHRIO Laikipia West"}, "method": {"name": "Taken with GPS Device"}, "coordinates": "{\"type\": \"Point\", \"coordinates\": [36.57845, 0.08596]}", "facility": {"code": 15461}}, {"collection_date": "2015-08-19T14:58:59.305011+00:00", "source": {"name": "Cold Chain Inventory (MoH/PATH/WHO) - Feb 2011"}, "method": {"name": "Taken with GPS Device"}, "coordinates": "{\"type\": \"Point\", \"coordinates\": [34.21586, -0.39117]}", "facility": {"code": 14171}}, {"collection_date": "2015-08-19T14:58:59.304365+00:00", "source": {"name": "KEMRI GIS MERGE"}, "method": {"name": "Taken with GPS Device"}, "coordinates": "{\"type\": \"Point\", \"coordinates\": [35.114772, -0.616199]}", "facility": {"code": 14507}}, {"collection_date": "2015-08-19T14:58:59.294288+00:00", "source": {"name": "KEMRI GIS MERGE"}, "method": {"name": "Calc from proximity to school, village,markets"}, "coordinates": "{\"type\": \"Point\", \"coordinates\": [36.8083, -1.13366]}", "facility": {"code": 11107}}, {"collection_date": "2015-08-19T14:58:59.288390+00:00", "source": {"name": "Cold Chain Inventory (MoH/PATH/WHO) - Feb 2011"}, "method": {"name": "Taken with GPS Device"}, "coordinates": "{\"type\": \"Point\", \"coordinates\": [34.85997, 0.64823]}", "facility": {"code": 16000}}, {"collection_date": "2015-08-19T14:58:59.127417+00:00", "source": {"name": "DHMT Nakuru"}, "method": {"name": "Taken with GPS Device"}, "coordinates": "{\"type\": \"Point\", \"coordinates\": [35.99251, -0.34129]}", "facility": {"code": 15462}}, {"collection_date": "2015-08-19T14:58:58.988362+00:00", "source": {"name": "Cold Chain Inventory (MoH/PATH/WHO) - Feb 2011"}, "method": {"name": "Taken with GPS Device"}, "coordinates": "{\"type\": \"Point\", \"coordinates\": [35.59889, 1.12992]}", "facility": {"code": 14383}}, {"collection_date": "2015-08-19T14:58:58.983941+00:00", "source": {"name": "DHMT"}, "method": {"name": "Taken with GPS Device"}, "coordinates": "{\"type\": \"Point\", \"coordinates\": [37.68301, -3.4793]}", "facility": {"code": 11365}}, {"collection_date": "2015-08-19T14:58:58.971195+00:00", "source": {"name": "KEMRI GIS MERGE"}, "method": {"name": "Taken with GPS Device"}, "coordinates": "{\"type\": \"Point\", \"coordinates\": [34.85276, 0.6225]}", "facility": {"code": 15987}}, {"collection_date": "2015-08-19T14:58:58.970782+00:00", "source": {"name": "Cold Chain Inventory (MoH/PATH/WHO) - Feb 2011"}, "method": {"name": "Taken with GPS Device"}, "coordinates": "{\"type\": \"Point\", \"coordinates\": [34.27647, -0.45775]}", "facility": {"code": 13479}}, {"collection_date": "2015-08-19T14:58:58.792193+00:00", "source": {"name": "KEMRI GIS MERGE"}, "method": {"name": "Taken with GPS Device"}, "coordinates": "{\"type\": \"Point\", \"coordinates\": [35.45289, 0.84769]}", "facility": {"code": 15706}}, {"collection_date": "2015-08-19T14:58:58.781511+00:00", "source": {"name": "Cold Chain Inventory (MoH/PATH/WHO) - Feb 2011"}, "method": {"name": "Taken with GPS Device"}, "coordinates": "{\"type\": \"Point\", \"coordinates\": [35.00844, 0.72582]}", "facility": {"code": 16011}}, {"collection_date": "2015-08-19T14:58:58.633285+00:00", "source": {"name": "Cold Chain Inventory (MoH/PATH/WHO) - Feb 2011"}, "method": {"name": "Taken with GPS Device"}, "coordinates": "{\"type\": \"Point\", \"coordinates\": [34.38572, -0.47394]}", "facility": {"code": 14162}}, {"collection_date": "2015-08-19T14:58:58.622757+00:00", "source": {"name": "KEMRI GIS MERGE"}, "method": {"name": "Calc from proximity to school, village,markets"}, "coordinates": "{\"type\": \"Point\", \"coordinates\": [39.45, -1.57]}", "facility": {"code": 11296}}, {"collection_date": "2015-08-19T14:58:58.613551+00:00", "source": {"name": "MOH"}, "method": {"name": "Taken with GPS Device"}, "coordinates": "{\"type\": \"Point\", \"coordinates\": [35.111599, -0.52615]}", "facility": {"code": 14718}}, {"collection_date": "2015-08-19T14:58:58.466300+00:00", "source": {"name": "Cold Chain Inventory (MoH/PATH/WHO) - Feb 2011"}, "method": {"name": "Taken with GPS Device"}, "coordinates": "{\"type\": \"Point\", \"coordinates\": [34.9523, 0.69844]}", "facility": {"code": 16001}}, {"collection_date": "2015-08-19T14:58:58.444627+00:00", "source": {"name": "DHMT"}, "method": {"name": "Taken with GPS Device"}, "coordinates": "{\"type\": \"Point\", \"coordinates\": [35.03133, 1.40867]}", "facility": {"code": 15467}}, {"collection_date": "2015-08-19T14:58:58.429504+00:00", "source": {"name": "DHMT"}, "method": {"name": "Taken with GPS Device"}, "coordinates": "{\"type\": \"Point\", \"coordinates\": [34.20394, -0.4365]}", "facility": {"code": 14119}}, {"collection_date": "2015-08-19T14:58:58.429499+00:00", "source": {"name": "DHRIO"}, "method": {"name": "Taken with GPS Device"}, "coordinates": "{\"type\": \"Point\", \"coordinates\": [36.74285, -1.19475]}", "facility": {"code": 10506}}, {"collection_date": "2015-08-19T14:58:58.257245+00:00", "source": {"name": "Cold Chain Inventory (MoH/PATH/WHO) - Feb 2011"}, "method": {"name": "Taken with GPS Device"}, "coordinates": "{\"type\": \"Point\", \"coordinates\": [35.59928, 1.1602]}", "facility": {"code": 14691}}, {"collection_date": "2015-08-19T14:58:58.246570+00:00", "source": {"name": "KEMRI GIS MERGE"}, "method": {"name": "Taken with GPS Device"}, "coordinates": "{\"type\": \"Point\", \"coordinates\": [35.06033, 0.65858]}", "facility": {"code": 16154}}, {"collection_date": "2015-08-19T14:58:58.203217+00:00", "source": {"name": "KEMRI GIS MERGE"}, "method": {"name": "Taken with GPS Device"}, "coordinates": "{\"type\": \"Point\", \"coordinates\": [34.75233, 0.41007]}", "facility": {"code": 15901}}, {"collection_date": "2015-08-19T14:58:58.192661+00:00", "source": {"name": "KEMRI GIS MERGE"}, "method": {"name": "Taken with GPS Device"}, "coordinates": "{\"type\": \"Point\", \"coordinates\": [37.689, -0.22126]}", "facility": {"code": 12659}}, {"collection_date": "2015-08-19T14:58:58.172573+00:00", "source": {"name": "DHMT"}, "method": {"name": "Taken with GPS Device"}, "coordinates": "{\"type\": \"Point\", \"coordinates\": [34.14635, -0.42124]}", "facility": {"code": 13650}}], "model": "mfl_gis.FacilityCoordinates", "unique_fields": ["facility"]}]