[{"records": [{"collection_date": "2015-08-19T15:05:29.774162+00:00", "source": {"name": "DHMT"}, "method": {"name": "Taken with GPS Device"}, "coordinates": "{\"type\": \"Point\", \"coordinates\": [36.78265, -1.31441]}", "facility": {"code": 18991}}, {"collection_date": "2015-08-19T15:05:29.770483+00:00", "source": {"name": "DHMT"}, "method": {"name": "Taken with GPS Device"}, "coordinates": "{\"type\": \"Point\", \"coordinates\": [36.74564, -1.23996]}", "facility": {"code": 19488}}, {"collection_date": "2015-08-19T15:05:29.612919+00:00", "source": {"name": "his"}, "method": {"name": "Taken with GPS Device"}, "coordinates": "{\"type\": \"Point\", \"coordinates\": [37.64641, -0.33547]}", "facility": {"code": 19952}}, {"collection_date": "2015-08-19T15:05:29.596055+00:00", "source": {"name": "MOH"}, "method": {"name": "Taken with GPS Device"}, "coordinates": "{\"type\": \"Point\", \"coordinates\": [35.81452, 0.10688]}", "facility": {"code": 20434}}, {"collection_date": "2015-08-19T15:05:29.587191+00:00", "source": {"name": "SARAM 2013"}, "method": {"name": "Taken with GPS Device"}, "coordinates": "{\"type\": \"Point\", \"coordinates\": [39.64498, -4.09916]}", "facility": {"code": 18435}}, {"collection_date": "2015-08-19T15:05:29.426970+00:00", "source": {"name": "DHMT"}, "method": {"name": "Taken with GPS Device"}, "coordinates": "{\"type\": \"Point\", \"coordinates\": [36.7922, -1.31496]}", "facility": {"code": 18990}}, {"collection_date": "2015-08-19T15:05:29.409779+00:00", "source": {"name": "MOH"}, "method": {"name": "Taken with GPS Device"}, "coordinates": "{\"type\": \"Point\", \"coordinates\": [35.87063, 0.03091]}", "facility": {"code": 20433}}, {"collection_date": "2015-08-19T15:05:29.408198+00:00", "source": {"name": "DHRIO"}, "method": {"name": "Taken with GPS Device"}, "coordinates": "{\"type\": \"Point\", \"coordinates\": [36.95746, -1.48053]}", "facility": {"code": 19951}}, {"collection_date": "2015-08-19T15:05:29.398215+00:00", "source": {"name": "GPS"}, "method": {"name": "Taken with GPS Device"}, "coordinates": "{\"type\": \"Point\", \"coordinates\": [36.74506, -1.27168]}", "facility": {"code": 19487}}, {"collection_date": "2015-08-19T15:05:29.288810+00:00", "source": {"name": "GPS"}, "method": {"name": "Taken with GPS Device"}, "coordinates": "{\"type\": \"Point\", \"coordinates\": [36.84848, -1.27054]}", "facility": {"code": 18434}}, {"collection_date": "2015-08-19T15:05:29.231175+00:00", "source": {"name": "DHMT"}, "method": {"name": "Taken with GPS Device"}, "coordinates": "{\"type\": \"Point\", \"coordinates\": [36.79406, -1.31595]}", "facility": {"code": 18988}}, {"collection_date": "2015-08-19T15:05:29.107589+00:00", "source": {"name": "DHMT"}, "method": {"name": "Taken with GPS Device"}, "coordinates": "{\"type\": \"Point\", \"coordinates\": [36.8766, -1.29626]}", "facility": {"code": 19486}}, {"collection_date": "2015-08-19T15:05:29.085358+00:00", "source": {"name": "GPS"}, "method": {"name": "Taken with GPS Device"}, "coordinates": "{\"type\": \"Point\", \"coordinates\": [34.75677, 0.7182]}", "facility": {"code": 19950}}, {"collection_date": "2015-08-19T15:05:29.084886+00:00", "source": {"name": "GPS"}, "method": {"name": "Taken with GPS Device"}, "coordinates": "{\"type\": \"Point\", \"coordinates\": [34.86796, 0.84838]}", "facility": {"code": 20432}}, {"collection_date": "2015-08-19T15:05:29.072161+00:00", "source": {"name": "SARAM 2013"}, "method": {"name": "Taken with GPS Device"}, "coordinates": "{\"type\": \"Point\", \"coordinates\": [37.01251, -1.02221]}", "facility": {"code": 18433}}, {"collection_date": "2015-08-19T15:05:28.916153+00:00", "source": {"name": "SARAM 2013"}, "method": {"name": "Taken with GPS Device"}, "coordinates": "{\"type\": \"Point\", \"coordinates\": [36.78908, -1.30233]}", "facility": {"code": 19485}}, {"collection_date": "2015-08-19T15:05:28.887285+00:00", "source": {"name": "DHMT"}, "method": {"name": "Taken with GPS Device"}, "coordinates": "{\"type\": \"Point\", \"coordinates\": [36.78639, -1.30723]}", "facility": {"code": 18987}}, {"collection_date": "2015-08-19T15:05:28.875033+00:00", "source": {"name": "GPS"}, "method": {"name": "Taken with GPS Device"}, "coordinates": "{\"type\": \"Point\", \"coordinates\": [35.04271, 0.98226]}", "facility": {"code": 20431}}, {"collection_date": "2015-08-19T15:05:28.872219+00:00", "source": {"name": "DHMT"}, "method": {"name": "Taken with GPS Device"}, "coordinates": "{\"type\": \"Point\", \"coordinates\": [39.49029, 1.012056]}", "facility": {"code": 19949}}, {"collection_date": "2015-08-19T15:05:28.861665+00:00", "source": {"name": "SARAM 2013"}, "method": {"name": "Taken with GPS Device"}, "coordinates": "{\"type\": \"Point\", \"coordinates\": [37.10882, -1.06234]}", "facility": {"code": 18432}}, {"collection_date": "2015-08-19T15:05:28.652118+00:00", "source": {"name": "GPS"}, "method": {"name": "Taken with GPS Device"}, "coordinates": "{\"type\": \"Point\", \"coordinates\": [36.74795, -1.26379]}", "facility": {"code": 19484}}, {"collection_date": "2015-08-19T15:05:28.651796+00:00", "source": {"name": "DHMT"}, "method": {"name": "Taken with GPS Device"}, "coordinates": "{\"type\": \"Point\", \"coordinates\": [36.78947, -1.31286]}", "facility": {"code": 18985}}, {"collection_date": "2015-08-19T15:05:28.650445+00:00", "source": {"name": "DHMT"}, "method": {"name": "Taken with GPS Device"}, "coordinates": "{\"type\": \"Point\", \"coordinates\": [36.87986, -1.2182]}", "facility": {"code": 19948}}, {"collection_date": "2015-08-19T15:05:28.636412+00:00", "source": {"name": "Reception"}, "method": {"name": "Taken with GPS Device"}, "coordinates": "{\"type\": \"Point\", \"coordinates\": [38.22697, -1.49582]}", "facility": {"code": 20429}}, {"collection_date": "2015-08-19T15:05:28.497453+00:00", "source": {"name": "SARAM 2013"}, "method": {"name": "Taken with GPS Device"}, "coordinates": "{\"type\": \"Point\", \"coordinates\": [39.6696, -4.05467]}", "facility": {"code": 18429}}, {"collection_date": "2015-08-19T15:05:28.427603+00:00", "source": {"name": "DHMT"}, "method": {"name": "Taken with GPS Device"}, "coordinates": "{\"type\": \"Point\", \"coordinates\": [36.79119, -1.31374]}", "facility": {"code": 18984}}, {"collection_date": "2015-08-19T15:05:28.418514+00:00", "source": {"name": "DHRIO"}, "method": {"name": "Taken with GPS Device"}, "coordinates": "{\"type\": \"Point\", \"coordinates\": [36.82619, -1.28853]}", "facility": {"code": 19483}}, {"collection_date": "2015-08-19T15:05:28.416413+00:00", "source": {"name": "MOH"}, "method": {"name": "Taken with GPS Device"}, "coordinates": "{\"type\": \"Point\", \"coordinates\": [37.32233, 0.97817]}", "facility": {"code": 19947}}, {"collection_date": "2015-08-19T15:05:28.399973+00:00", "source": {"name": "Reception"}, "method": {"name": "Taken with GPS Device"}, "coordinates": "{\"type\": \"Point\", \"coordinates\": [38.26018, -1.23244]}", "facility": {"code": 20428}}, {"collection_date": "2015-08-19T15:05:28.272919+00:00", "source": {"name": "DHMT"}, "method": {"name": "Taken with GPS Device"}, "coordinates": "{\"type\": \"Point\", \"coordinates\": [39.0586, 3.52265]}", "facility": {"code": 18428}}, {"collection_date": "2015-08-19T15:05:27.081434+00:00", "source": {"name": "MOH"}, "method": {"name": "Taken with GPS Device"}, "coordinates": "{\"type\": \"Point\", \"coordinates\": [37.12179, 1.32685]}", "facility": {"code": 19946}}, {"collection_date": "2015-08-19T15:05:27.071209+00:00", "source": {"name": "DHMT"}, "method": {"name": "Taken with GPS Device"}, "coordinates": "{\"type\": \"Point\", \"coordinates\": [36.79359, -1.83899]}", "facility": {"code": 18979}}, {"collection_date": "2015-08-19T15:05:27.047551+00:00", "source": {"name": "DHMT"}, "method": {"name": "Taken with GPS Device"}, "coordinates": "{\"type\": \"Point\", \"coordinates\": [36.76482, -1.28965]}", "facility": {"code": 19482}}, {"collection_date": "2015-08-19T15:05:27.004127+00:00", "source": {"name": "DHMT"}, "method": {"name": "Taken with GPS Device"}, "coordinates": "{\"type\": \"Point\", \"coordinates\": [39.36713, 1.26202]}", "facility": {"code": 20427}}, {"collection_date": "2015-08-19T15:05:26.992369+00:00", "source": {"name": "SARAM 2013"}, "method": {"name": "Taken with GPS Device"}, "coordinates": "{\"type\": \"Point\", \"coordinates\": [39.66521, -4.06091]}", "facility": {"code": 18427}}, {"collection_date": "2015-08-19T15:05:26.834790+00:00", "source": {"name": "MOH"}, "method": {"name": "Taken with GPS Device"}, "coordinates": "{\"type\": \"Point\", \"coordinates\": [37.47515, 0.64411]}", "facility": {"code": 19945}}, {"collection_date": "2015-08-19T15:05:26.807603+00:00", "source": {"name": "DHMT"}, "method": {"name": "Taken with GPS Device"}, "coordinates": "{\"type\": \"Point\", \"coordinates\": [36.87041, -1.29209]}", "facility": {"code": 19481}}, {"collection_date": "2015-08-19T15:05:26.806186+00:00", "source": {"name": "DHMT"}, "method": {"name": "Taken with GPS Device"}, "coordinates": "{\"type\": \"Point\", \"coordinates\": [36.04563, -1.84231]}", "facility": {"code": 18977}}, {"collection_date": "2015-08-19T15:05:26.756249+00:00", "source": {"name": "DHMT"}, "method": {"name": "Taken with GPS Device"}, "coordinates": "{\"type\": \"Point\", \"coordinates\": [38.60546, 3.58279]}", "facility": {"code": 18425}}, {"collection_date": "2015-08-19T15:05:26.740808+00:00", "source": {"name": "4151ft"}, "method": {"name": "Taken with GPS Device"}, "coordinates": "{\"type\": \"Point\", \"coordinates\": [34.27522, 0.09862]}", "facility": {"code": 20426}}, {"collection_date": "2015-08-19T15:05:26.728451+00:00", "source": {"name": "DHMT"}, "method": {"name": "Taken with GPS Device"}, "coordinates": "{\"type\": \"Point\", \"coordinates\": [38.12594, -1.012016]}", "facility": {"code": 19944}}, {"collection_date": "2015-08-19T15:05:26.558779+00:00", "source": {"name": "DHRIO"}, "method": {"name": "Taken with GPS Device"}, "coordinates": "{\"type\": \"Point\", \"coordinates\": [36.81847, -1.28384]}", "facility": {"code": 19480}}, {"collection_date": "2015-08-19T15:05:26.550399+00:00", "source": {"name": "DHMT"}, "method": {"name": "Taken with GPS Device"}, "coordinates": "{\"type\": \"Point\", \"coordinates\": [36.04567, -1.84235]}", "facility": {"code": 18976}}, {"collection_date": "2015-08-19T15:05:26.513487+00:00", "source": {"name": "DHMT"}, "method": {"name": "Taken with GPS Device"}, "coordinates": "{\"type\": \"Point\", \"coordinates\": [38.47037, 3.34738]}", "facility": {"code": 18424}}, {"collection_date": "2015-08-19T15:05:26.492558+00:00", "source": {"name": "DHMT"}, "method": {"name": "Taken with GPS Device"}, "coordinates": "{\"type\": \"Point\", \"coordinates\": [37.43492, -1.06526]}", "facility": {"code": 20425}}, {"collection_date": "2015-08-19T15:05:26.481041+00:00", "source": {"name": "DHMT"}, "method": {"name": "Taken with GPS Device"}, "coordinates": "{\"type\": \"Point\", \"coordinates\": [38.07516, -1.30907]}", "facility": {"code": 19943}}, {"collection_date": "2015-08-19T15:05:26.315949+00:00", "source": {"name": "SARAM 2013"}, "method": {"name": "Taken with GPS Device"}, "coordinates": "{\"type\": \"Point\", \"coordinates\": [36.68909, -1.28363]}", "facility": {"code": 19479}}, {"collection_date": "2015-08-19T15:05:26.290064+00:00", "source": {"name": "GPRS"}, "method": {"name": "Taken with GPS Device"}, "coordinates": "{\"type\": \"Point\", \"coordinates\": [37.45858, -0.54659]}", "facility": {"code": 18975}}, {"collection_date": "2015-08-19T15:05:26.284326+00:00", "source": {"name": "DHMT"}, "method": {"name": "Taken with GPS Device"}, "coordinates": "{\"type\": \"Point\", \"coordinates\": [38.9009, 2.76014]}", "facility": {"code": 18423}}, {"collection_date": "2015-08-19T15:05:26.276539+00:00", "source": {"name": "Reception"}, "method": {"name": "Taken with GPS Device"}, "coordinates": "{\"type\": \"Point\", \"coordinates\": [38.05338, -1.39997]}", "facility": {"code": 20424}}, {"collection_date": "2015-08-19T15:05:26.256352+00:00", "source": {"name": "MOH Mapping"}, "method": {"name": "Taken with GPS Device"}, "coordinates": "{\"type\": \"Point\", \"coordinates\": [37.19308, 0.94392]}", "facility": {"code": 19942}}, {"collection_date": "2015-08-19T15:05:26.206880+00:00", "source": {"name": "DHMT"}, "method": {"name": "Taken with GPS Device"}, "coordinates": "{\"type\": \"Point\", \"coordinates\": [36.8815, -1.2978]}", "facility": {"code": 19478}}, {"collection_date": "2015-08-19T15:05:26.049666+00:00", "source": {"name": "DHMT"}, "method": {"name": "Taken with GPS Device"}, "coordinates": "{\"type\": \"Point\", \"coordinates\": [41.86458, 3.93842]}", "facility": {"code": 19941}}, {"collection_date": "2015-08-19T15:05:26.048905+00:00", "source": {"name": "DHMT"}, "method": {"name": "Taken with GPS Device"}, "coordinates": "{\"type\": \"Point\", \"coordinates\": [37.52525, -1.35865]}", "facility": {"code": 20423}}, {"collection_date": "2015-08-19T15:05:26.046271+00:00", "source": {"name": "DHMT"}, "method": {"name": "Taken with GPS Device"}, "coordinates": "{\"type\": \"Point\", \"coordinates\": [37.36825, -2.01825]}", "facility": {"code": 18972}}, {"collection_date": "2015-08-19T15:05:26.025078+00:00", "source": {"name": "DHMT"}, "method": {"name": "Taken with GPS Device"}, "coordinates": "{\"type\": \"Point\", \"coordinates\": [34.45264, -0.07289]}", "facility": {"code": 18422}}, {"collection_date": "2015-08-19T15:05:26.013746+00:00", "source": {"name": "DHRIO"}, "method": {"name": "Taken with GPS Device"}, "coordinates": "{\"type\": \"Point\", \"coordinates\": [36.82405, -1.2764]}", "facility": {"code": 19477}}, {"collection_date": "2015-08-19T15:05:25.937835+00:00", "source": {"name": "DHMT"}, "method": {"name": "Taken with GPS Device"}, "coordinates": "{\"type\": \"Point\", \"coordinates\": [37.41226, -0.42908]}", "facility": {"code": 19938}}, {"collection_date": "2015-08-19T15:05:25.925527+00:00", "source": {"name": "Reception"}, "method": {"name": "Taken with GPS Device"}, "coordinates": "{\"type\": \"Point\", \"coordinates\": [38.16677, -1.53529]}", "facility": {"code": 20422}}, {"collection_date": "2015-08-19T15:05:25.916294+00:00", "source": {"name": "DHMT"}, "method": {"name": "Taken with GPS Device"}, "coordinates": "{\"type\": \"Point\", \"coordinates\": [37.47717, -2.09175]}", "facility": {"code": 18971}}, {"collection_date": "2015-08-19T15:05:25.905567+00:00", "source": {"name": "DHRIO"}, "method": {"name": "Taken with GPS Device"}, "coordinates": "{\"type\": \"Point\", \"coordinates\": [34.96644, -0.22764]}", "facility": {"code": 18421}}, {"collection_date": "2015-08-19T15:05:25.770894+00:00", "source": {"name": "DHMT"}, "method": {"name": "Taken with GPS Device"}, "coordinates": "{\"type\": \"Point\", \"coordinates\": [36.87226, -1.29406]}", "facility": {"code": 19476}}, {"collection_date": "2015-08-19T15:05:25.713984+00:00", "source": {"name": "DHMT"}, "method": {"name": "Taken with GPS Device"}, "coordinates": "{\"type\": \"Point\", \"coordinates\": [37.2777, -0.49895]}", "facility": {"code": 19937}}, {"collection_date": "2015-08-19T15:05:25.713764+00:00", "source": {"name": "DHMT"}, "method": {"name": "Taken with GPS Device"}, "coordinates": "{\"type\": \"Point\", \"coordinates\": [37.51541, -1.44108]}", "facility": {"code": 20421}}, {"collection_date": "2015-08-19T15:05:25.649430+00:00", "source": {"name": "GPS"}, "method": {"name": "Taken with GPS Device"}, "coordinates": "{\"type\": \"Point\", \"coordinates\": [37.87584, 0.01414]}", "facility": {"code": 18970}}, {"collection_date": "2015-08-19T15:05:25.637671+00:00", "source": {"name": "DHRIO"}, "method": {"name": "Taken with GPS Device"}, "coordinates": "{\"type\": \"Point\", \"coordinates\": [36.82763, -1.28799]}", "facility": {"code": 19475}}, {"collection_date": "2015-08-19T15:05:25.637137+00:00", "source": {"name": "DHMT"}, "method": {"name": "Taken with GPS Device"}, "coordinates": "{\"type\": \"Point\", \"coordinates\": [39.88822, 0.93356]}", "facility": {"code": 18418}}, {"collection_date": "2015-08-19T15:05:25.471090+00:00", "source": {"name": "DHMT"}, "method": {"name": "Taken with GPS Device"}, "coordinates": "{\"type\": \"Point\", \"coordinates\": [38.07549, -0.8707]}", "facility": {"code": 19934}}, {"collection_date": "2015-08-19T15:05:25.448469+00:00", "source": {"name": "GPS MACHINE"}, "method": {"name": "Taken with GPS Device"}, "coordinates": "{\"type\": \"Point\", \"coordinates\": [37.8918, -1.4641]}", "facility": {"code": 20420}}, {"collection_date": "2015-08-19T15:05:25.434800+00:00", "source": {"name": "DHMT"}, "method": {"name": "Taken with GPS Device"}, "coordinates": "{\"type\": \"Point\", \"coordinates\": [34.786922, -0.116364]}", "facility": {"code": 18969}}, {"collection_date": "2015-08-19T15:05:25.414018+00:00", "source": {"name": "SARAM 2013"}, "method": {"name": "Taken with GPS Device"}, "coordinates": "{\"type\": \"Point\", \"coordinates\": [34.78539, -0.05816]}", "facility": {"code": 18417}}, {"collection_date": "2015-08-19T15:05:25.401451+00:00", "source": {"name": "GPS"}, "method": {"name": "Taken with GPS Device"}, "coordinates": "{\"type\": \"Point\", \"coordinates\": [36.86501, -1.2875]}", "facility": {"code": 19474}}, {"collection_date": "2015-08-19T15:05:25.347259+00:00", "source": {"name": "DHMT"}, "method": {"name": "Taken with GPS Device"}, "coordinates": "{\"type\": \"Point\", \"coordinates\": [38.17331, -0.87555]}", "facility": {"code": 19933}}, {"collection_date": "2015-08-19T15:05:25.316277+00:00", "source": {"name": "Reception"}, "method": {"name": "Taken with GPS Device"}, "coordinates": "{\"type\": \"Point\", \"coordinates\": [38.17087, -1.33401]}", "facility": {"code": 20419}}, {"collection_date": "2015-08-19T15:05:25.154911+00:00", "source": {"name": "DHMT"}, "method": {"name": "Taken with GPS Device"}, "coordinates": "{\"type\": \"Point\", \"coordinates\": [36.86552, -1.29371]}", "facility": {"code": 19473}}, {"collection_date": "2015-08-19T15:05:25.148284+00:00", "source": {"name": "MOH GPS"}, "method": {"name": "Taken with GPS Device"}, "coordinates": "{\"type\": \"Point\", \"coordinates\": [34.33526, -0.22119]}", "facility": {"code": 18416}}, {"collection_date": "2015-08-19T15:05:25.135908+00:00", "source": {"name": "GPS"}, "method": {"name": "Taken with GPS Device"}, "coordinates": "{\"type\": \"Point\", \"coordinates\": [37.82861, 0.24341]}", "facility": {"code": 18968}}, {"collection_date": "2015-08-19T15:05:25.123888+00:00", "source": {"name": "GPS"}, "method": {"name": "Taken with GPS Device"}, "coordinates": "{\"type\": \"Point\", \"coordinates\": [34.099981, -1.00022]}", "facility": {"code": 19930}}, {"collection_date": "2015-08-19T15:05:25.034561+00:00", "source": {"name": "DHMT"}, "method": {"name": "Taken with GPS Device"}, "coordinates": "{\"type\": \"Point\", \"coordinates\": [38.03319, -1.53073]}", "facility": {"code": 20418}}, {"collection_date": "2015-08-19T15:05:25.028564+00:00", "source": {"name": "DHRIO"}, "method": {"name": "Taken with GPS Device"}, "coordinates": "{\"type\": \"Point\", \"coordinates\": [35.07167, -0.16453]}", "facility": {"code": 18415}}, {"collection_date": "2015-08-19T15:05:25.024878+00:00", "source": {"name": "DHMT"}, "method": {"name": "Taken with GPS Device"}, "coordinates": "{\"type\": \"Point\", \"coordinates\": [36.87331, -1.296]}", "facility": {"code": 19472}}, {"collection_date": "2015-08-19T15:05:25.002760+00:00", "source": {"name": "GPS"}, "method": {"name": "Taken with GPS Device"}, "coordinates": "{\"type\": \"Point\", \"coordinates\": [37.1866, -0.9007]}", "facility": {"code": 18967}}, {"collection_date": "2015-08-19T15:05:24.988729+00:00", "source": {"name": "GPS"}, "method": {"name": "Taken with GPS Device"}, "coordinates": "{\"type\": \"Point\", \"coordinates\": [34.15523, -0.84504]}", "facility": {"code": 19929}}, {"collection_date": "2015-08-19T15:05:24.913651+00:00", "source": {"name": "DHMT"}, "method": {"name": "Taken with GPS Device"}, "coordinates": "{\"type\": \"Point\", \"coordinates\": [37.47338, -1.35114]}", "facility": {"code": 20417}}, {"collection_date": "2015-08-19T15:05:24.902177+00:00", "source": {"name": "SARAM 2013"}, "method": {"name": "Taken with GPS Device"}, "coordinates": "{\"type\": \"Point\", \"coordinates\": [36.85287, -1.27681]}", "facility": {"code": 19471}}, {"collection_date": "2015-08-19T15:05:24.889532+00:00", "source": {"name": "DHMT"}, "method": {"name": "Taken with GPS Device"}, "coordinates": "{\"type\": \"Point\", \"coordinates\": [34.62876, -0.03925]}", "facility": {"code": 18414}}, {"collection_date": "2015-08-19T15:05:24.880472+00:00", "source": {"name": "GPS"}, "method": {"name": "Taken with GPS Device"}, "coordinates": "{\"type\": \"Point\", \"coordinates\": [37.00312, -0.94418]}", "facility": {"code": 18966}}, {"collection_date": "2015-08-19T15:05:24.855574+00:00", "source": {"name": "GPS"}, "method": {"name": "Taken with GPS Device"}, "coordinates": "{\"type\": \"Point\", \"coordinates\": [34.4361, -0.91777]}", "facility": {"code": 19928}}, {"collection_date": "2015-08-19T15:05:24.800158+00:00", "source": {"name": "SCHRIO"}, "method": {"name": "Taken with GPS Device"}, "coordinates": "{\"type\": \"Point\", \"coordinates\": [38.12552, -1.55337]}", "facility": {"code": 20416}}, {"collection_date": "2015-08-19T15:05:24.778198+00:00", "source": {"name": "DHRIO"}, "method": {"name": "Taken with GPS Device"}, "coordinates": "{\"type\": \"Point\", \"coordinates\": [36.82424, -1.28503]}", "facility": {"code": 19470}}, {"collection_date": "2015-08-19T15:05:24.764332+00:00", "source": {"name": "DHMT"}, "method": {"name": "Taken with GPS Device"}, "coordinates": "{\"type\": \"Point\", \"coordinates\": [37.72627, -1.85327]}", "facility": {"code": 18413}}, {"collection_date": "2015-08-19T15:05:24.734505+00:00", "source": {"name": "DHMT"}, "method": {"name": "Taken with GPS Device"}, "coordinates": "{\"type\": \"Point\", \"coordinates\": [34.779426, -0.088292956]}", "facility": {"code": 19927}}, {"collection_date": "2015-08-19T15:05:24.734367+00:00", "source": {"name": "GPS"}, "method": {"name": "Taken with GPS Device"}, "coordinates": "{\"type\": \"Point\", \"coordinates\": [36.97599, -0.83403]}", "facility": {"code": 18965}}, {"collection_date": "2015-08-19T15:05:24.668753+00:00", "source": {"name": "GPS"}, "method": {"name": "Taken with GPS Device"}, "coordinates": "{\"type\": \"Point\", \"coordinates\": [37.89636, -1.54721]}", "facility": {"code": 20415}}, {"collection_date": "2015-08-19T15:05:24.646727+00:00", "source": {"name": "SARAM 2013"}, "method": {"name": "Taken with GPS Device"}, "coordinates": "{\"type\": \"Point\", \"coordinates\": [36.71024, -1.28016]}", "facility": {"code": 19469}}, {"collection_date": "2015-08-19T15:05:24.633169+00:00", "source": {"name": "DHRIO"}, "method": {"name": "Taken with GPS Device"}, "coordinates": "{\"type\": \"Point\", \"coordinates\": [36.77266, -1.39107]}", "facility": {"code": 18412}}, {"collection_date": "2015-08-19T15:05:24.598240+00:00", "source": {"name": "GPS"}, "method": {"name": "Taken with GPS Device"}, "coordinates": "{\"type\": \"Point\", \"coordinates\": [36.86445, -1.09035]}", "facility": {"code": 19926}}, {"collection_date": "2015-08-19T15:05:24.579128+00:00", "source": {"name": "GPS"}, "method": {"name": "Taken with GPS Device"}, "coordinates": "{\"type\": \"Point\", \"coordinates\": [37.00234, -0.711403]}", "facility": {"code": 18964}}, {"collection_date": "2015-08-19T15:05:24.546942+00:00", "source": {"name": "GPS"}, "method": {"name": "Taken with GPS Device"}, "coordinates": "{\"type\": \"Point\", \"coordinates\": [37.89133, -1.56076]}", "facility": {"code": 20414}}], "model": "mfl_gis.FacilityCoordinates", "unique_fields": ["facility"]}]