[{"records": [{"service": {"name": "Curative Services"}, "facility": {"code": 19392}}, {"service": {"name": "Basic Immunization"}, "facility": {"code": 19392}}, {"service": {"name": "Focused Antenatal Care"}, "facility": {"code": 19392}}, {"service": {"name": "Permanent FP"}, "facility": {"code": 19385}}, {"service": {"name": "Long Term FP"}, "facility": {"code": 19385}}, {"service": {"name": "Short Term FP"}, "facility": {"code": 19385}}, {"service": {"name": "PMTCT - Maternity"}, "facility": {"code": 19385}}, {"service": {"name": "PMTCT - ANC"}, "facility": {"code": 19385}}, {"service": {"name": "Diagnostic Counselling and Testing"}, "facility": {"code": 19385}}, {"service": {"name": "Provider Initiated Counselling and Testing"}, "facility": {"code": 19385}}, {"service": {"name": "Condom Promotion and Distribution"}, "facility": {"code": 19385}}, {"service": {"name": "Curative Services"}, "facility": {"code": 19384}}, {"service": {"name": "Curative Services"}, "facility": {"code": 19383}}, {"service": {"name": "Focused Antenatal Care"}, "facility": {"code": 19383}}, {"service": {"name": "Short Term FP"}, "facility": {"code": 19383}}, {"service": {"name": "Diagnostic Counselling and Testing"}, "facility": {"code": 19383}}, {"service": {"name": "Management of STIs"}, "facility": {"code": 19383}}, {"service": {"name": "Condom Promotion and Distribution"}, "facility": {"code": 19383}}, {"service": {"name": "Laboratory Services"}, "facility": {"code": 19382}}, {"service": {"name": "Curative Services"}, "facility": {"code": 19382}}, {"service": {"name": "Basic Immunization"}, "facility": {"code": 19382}}, {"service": {"name": "Short Term FP"}, "facility": {"code": 19382}}, {"service": {"name": "Condom Promotion and Distribution"}, "facility": {"code": 19382}}, {"service": {"name": "Laboratory Services"}, "facility": {"code": 19381}}, {"service": {"name": "Curative Services"}, "facility": {"code": 19381}}, {"service": {"name": "Short Term FP"}, "facility": {"code": 19381}}, {"service": {"name": "Condom Promotion and Distribution"}, "facility": {"code": 19381}}, {"service": {"name": "Laboratory Services"}, "facility": {"code": 19380}}, {"service": {"name": "Curative Services"}, "facility": {"code": 19380}}, {"service": {"name": "Short Term FP"}, "facility": {"code": 19380}}, {"service": {"name": "Condom Promotion and Distribution"}, "facility": {"code": 19380}}, {"service": {"name": "Curative Services"}, "facility": {"code": 19377}}, {"service": {"name": "Laboratory Services"}, "facility": {"code": 19379}}, {"service": {"name": "Curative Services"}, "facility": {"code": 19379}}, {"service": {"name": "Short Term FP"}, "facility": {"code": 19379}}, {"service": {"name": "Condom Promotion and Distribution"}, "facility": {"code": 19379}}, {"service": {"name": "Laboratory Services"}, "facility": {"code": 19378}}, {"service": {"name": "Curative Services"}, "facility": {"code": 19378}}, {"service": {"name": "Focused Antenatal Care"}, "facility": {"code": 19378}}, {"service": {"name": "Short Term FP"}, "facility": {"code": 19378}}, {"service": {"name": "Condom Promotion and Distribution"}, "facility": {"code": 19378}}, {"service": {"name": "Laboratory Services"}, "facility": {"code": 19377}}, {"service": {"name": "Short Term FP"}, "facility": {"code": 19377}}, {"service": {"name": "Condom Promotion and Distribution"}, "facility": {"code": 19377}}, {"service": {"name": "Curative Services"}, "facility": {"code": 19376}}, {"service": {"name": "Short Term FP"}, "facility": {"code": 19376}}, {"service": {"name": "Condom Promotion and Distribution"}, "facility": {"code": 19376}}, {"service": {"name": "Laboratory Services"}, "facility": {"code": 19375}}, {"service": {"name": "Curative Services"}, "facility": {"code": 19375}}, {"service": {"name": "Short Term FP"}, "facility": {"code": 19375}}, {"service": {"name": "Condom Promotion and Distribution"}, "facility": {"code": 19375}}, {"service": {"name": "Laboratory Services"}, "facility": {"code": 19374}}, {"service": {"name": "Curative Services"}, "facility": {"code": 19374}}, {"service": {"name": "Short Term FP"}, "facility": {"code": 19374}}, {"service": {"name": "Condom Promotion and Distribution"}, "facility": {"code": 19374}}, {"service": {"name": "Curative Services"}, "facility": {"code": 19373}}, {"service": {"name": "Short Term FP"}, "facility": {"code": 19373}}, {"service": {"name": "Condom Promotion and Distribution"}, "facility": {"code": 19373}}, {"service": {"name": "Curative Services"}, "facility": {"code": 19372}}, {"service": {"name": "Focused Antenatal Care"}, "facility": {"code": 19372}}, {"service": {"name": "Short Term FP"}, "facility": {"code": 19372}}, {"service": {"name": "Condom Promotion and Distribution"}, "facility": {"code": 19372}}, {"service": {"name": "Curative Services"}, "facility": {"code": 19371}}, {"service": {"name": "Laboratory Services"}, "facility": {"code": 19371}}, {"service": {"name": "Short Term FP"}, "facility": {"code": 19371}}, {"service": {"name": "Condom Promotion and Distribution"}, "facility": {"code": 19371}}, {"service": {"name": "Surgical Services"}, "facility": {"code": 19370}}, {"service": {"name": "Curative Services"}, "facility": {"code": 19370}}, {"service": {"name": "Laboratory Services"}, "facility": {"code": 19370}}, {"service": {"name": "Basic Immunization"}, "facility": {"code": 19370}}, {"service": {"name": "Short Term FP"}, "facility": {"code": 19370}}, {"service": {"name": "Condom Promotion and Distribution"}, "facility": {"code": 19370}}, {"service": {"name": "Laboratory Services"}, "facility": {"code": 19369}}, {"service": {"name": "Focused Antenatal Care"}, "facility": {"code": 19369}}, {"service": {"name": "Basic Immunization"}, "facility": {"code": 19369}}, {"service": {"name": "Short Term FP"}, "facility": {"code": 19369}}, {"service": {"name": "Condom Promotion and Distribution"}, "facility": {"code": 19369}}, {"service": {"name": "Emergency Preparedness"}, "facility": {"code": 19358}}, {"service": {"name": "Emergency Obstetric Care"}, "facility": {"code": 19358}}, {"service": {"name": "Services for Sexual Violence Survivors"}, "facility": {"code": 19358}}, {"service": {"name": "Integrated Management of Childhood Illnesses"}, "facility": {"code": 19358}}, {"service": {"name": "Laboratory Services"}, "facility": {"code": 19358}}, {"service": {"name": "Surgical Services"}, "facility": {"code": 19358}}, {"service": {"name": "Curative Services"}, "facility": {"code": 19358}}, {"service": {"name": "Basic Immunization"}, "facility": {"code": 19358}}, {"service": {"name": "Short Term FP"}, "facility": {"code": 19358}}, {"service": {"name": "Diagnostic Counselling and Testing"}, "facility": {"code": 19358}}, {"service": {"name": "Voluntary Counselling and Testing"}, "facility": {"code": 19358}}, {"service": {"name": "Management of STIs"}, "facility": {"code": 19358}}, {"service": {"name": "Condom Promotion and Distribution"}, "facility": {"code": 19358}}, {"service": {"name": "Nutrition Services"}, "facility": {"code": 19357}}, {"service": {"name": "Curative Services"}, "facility": {"code": 19357}}, {"service": {"name": "Basic Immunization"}, "facility": {"code": 19357}}, {"service": {"name": "Long Term FP"}, "facility": {"code": 19357}}, {"service": {"name": "Short Term FP"}, "facility": {"code": 19357}}, {"service": {"name": "PMTCT - ANC"}, "facility": {"code": 19357}}, {"service": {"name": "Provider Initiated Counselling and Testing"}, "facility": {"code": 19357}}, {"service": {"name": "Voluntary Counselling and Testing"}, "facility": {"code": 19357}}, {"service": {"name": "Management of STIs"}, "facility": {"code": 19357}}, {"service": {"name": "Condom Promotion and Distribution"}, "facility": {"code": 19357}}, {"service": {"name": "Dental Laboratory Services"}, "facility": {"code": 19356}}, {"service": {"name": "Oral Health Services (Dental Services)"}, "facility": {"code": 19356}}, {"service": {"name": "Curative Services"}, "facility": {"code": 19355}}, {"service": {"name": "Curative Services"}, "facility": {"code": 19354}}, {"service": {"name": "Oral Health Services (Dental Services)"}, "facility": {"code": 19354}}, {"service": {"name": "Radiology Services"}, "facility": {"code": 19353}}, {"service": {"name": "Laboratory Services"}, "facility": {"code": 19351}}, {"service": {"name": "Curative Services"}, "facility": {"code": 19351}}, {"service": {"name": "Basic Immunization"}, "facility": {"code": 19351}}, {"service": {"name": "Focused Antenatal Care"}, "facility": {"code": 19351}}, {"service": {"name": "Short Term FP"}, "facility": {"code": 19351}}, {"service": {"name": "Curative Services"}, "facility": {"code": 19352}}, {"service": {"name": "Management of STIs"}, "facility": {"code": 19351}}, {"service": {"name": "Management of STIs"}, "facility": {"code": 19311}}, {"service": {"name": "Curative Services"}, "facility": {"code": 19348}}, {"service": {"name": "Short Term FP"}, "facility": {"code": 19348}}, {"service": {"name": "Focused Antenatal Care"}, "facility": {"code": 19348}}, {"service": {"name": "Emergency Obstetric Care"}, "facility": {"code": 19347}}, {"service": {"name": "Laboratory Services"}, "facility": {"code": 19347}}, {"service": {"name": "Curative Services"}, "facility": {"code": 19347}}, {"service": {"name": "Focused Antenatal Care"}, "facility": {"code": 19347}}, {"service": {"name": "Short Term FP"}, "facility": {"code": 19347}}, {"service": {"name": "Management of STIs"}, "facility": {"code": 19347}}, {"service": {"name": "Short Term FP"}, "facility": {"code": 19346}}, {"service": {"name": "Curative Services"}, "facility": {"code": 19346}}, {"service": {"name": "Maternity Services"}, "facility": {"code": 19345}}, {"service": {"name": "Emergency Obstetric Care"}, "facility": {"code": 19345}}, {"service": {"name": "Laboratory Services"}, "facility": {"code": 19345}}, {"service": {"name": "Curative Services"}, "facility": {"code": 19345}}, {"service": {"name": "Focused Antenatal Care"}, "facility": {"code": 19345}}, {"service": {"name": "Short Term FP"}, "facility": {"code": 19345}}, {"service": {"name": "Management of STIs"}, "facility": {"code": 19345}}, {"service": {"name": "Emergency Preparedness"}, "facility": {"code": 19344}}, {"service": {"name": "Opthalmic Services"}, "facility": {"code": 19344}}, {"service": {"name": "Integrated Management of Childhood Illnesses"}, "facility": {"code": 19344}}, {"service": {"name": "Laboratory Services"}, "facility": {"code": 19344}}, {"service": {"name": "Surgical Services"}, "facility": {"code": 19344}}, {"service": {"name": "Curative Services"}, "facility": {"code": 19344}}, {"service": {"name": "Oral Health Services (Dental Services)"}, "facility": {"code": 19343}}, {"service": {"name": "Short Term FP"}, "facility": {"code": 19344}}, {"service": {"name": "Voluntary Male Circumcision"}, "facility": {"code": 19344}}, {"service": {"name": "Diagnostic Counselling and Testing"}, "facility": {"code": 19344}}, {"service": {"name": "Provider Initiated Counselling and Testing"}, "facility": {"code": 19344}}, {"service": {"name": "Management of STIs"}, "facility": {"code": 19344}}, {"service": {"name": "Condom Promotion and Distribution"}, "facility": {"code": 19339}}, {"service": {"name": "Emergency Preparedness"}, "facility": {"code": 19338}}, {"service": {"name": "Emergency Obstetric Care"}, "facility": {"code": 19338}}, {"service": {"name": "Curative Services"}, "facility": {"code": 19338}}, {"service": {"name": "Management of STIs"}, "facility": {"code": 19338}}, {"service": {"name": "Emergency Preparedness"}, "facility": {"code": 19337}}, {"service": {"name": "Emergency Obstetric Care"}, "facility": {"code": 19337}}, {"service": {"name": "Curative Services"}, "facility": {"code": 19337}}, {"service": {"name": "PMTCT - ANC"}, "facility": {"code": 19337}}, {"service": {"name": "Management of STIs"}, "facility": {"code": 19337}}, {"service": {"name": "Laboratory Services"}, "facility": {"code": 19336}}, {"service": {"name": "Curative Services"}, "facility": {"code": 19336}}, {"service": {"name": "Focused Antenatal Care"}, "facility": {"code": 19336}}, {"service": {"name": "Long Term FP"}, "facility": {"code": 19336}}, {"service": {"name": "Short Term FP"}, "facility": {"code": 19336}}, {"service": {"name": "PMTCT - ANC"}, "facility": {"code": 19336}}, {"service": {"name": "Diagnostic Counselling and Testing"}, "facility": {"code": 19336}}, {"service": {"name": "Provider Initiated Counselling and Testing"}, "facility": {"code": 19336}}, {"service": {"name": "Management of STIs"}, "facility": {"code": 19336}}, {"service": {"name": "Condom Promotion and Distribution"}, "facility": {"code": 19336}}, {"service": {"name": "Surgical Services"}, "facility": {"code": 19335}}, {"service": {"name": "Laboratory Services"}, "facility": {"code": 19335}}, {"service": {"name": "Curative Services"}, "facility": {"code": 19335}}, {"service": {"name": "Focused Antenatal Care"}, "facility": {"code": 19335}}, {"service": {"name": "Long Term FP"}, "facility": {"code": 19335}}, {"service": {"name": "Short Term FP"}, "facility": {"code": 19335}}, {"service": {"name": "PMTCT - ANC"}, "facility": {"code": 19335}}, {"service": {"name": "Management of STIs"}, "facility": {"code": 19335}}, {"service": {"name": "Emergency Obstetric Care"}, "facility": {"code": 19334}}, {"service": {"name": "Surgical Services"}, "facility": {"code": 19334}}, {"service": {"name": "Maternity Services"}, "facility": {"code": 19334}}, {"service": {"name": "Curative Services"}, "facility": {"code": 19334}}, {"service": {"name": "Focused Antenatal Care"}, "facility": {"code": 19334}}, {"service": {"name": "Long Term FP"}, "facility": {"code": 19334}}, {"service": {"name": "Short Term FP"}, "facility": {"code": 19334}}, {"service": {"name": "Management of STIs"}, "facility": {"code": 19334}}, {"service": {"name": "Laboratory Services"}, "facility": {"code": 19333}}, {"service": {"name": "Curative Services"}, "facility": {"code": 19333}}, {"service": {"name": "Short Term FP"}, "facility": {"code": 19333}}, {"service": {"name": "Condom Promotion and Distribution"}, "facility": {"code": 19333}}, {"service": {"name": "Curative Services"}, "facility": {"code": 19332}}, {"service": {"name": "Laboratory Services"}, "facility": {"code": 19332}}, {"service": {"name": "Focused Antenatal Care"}, "facility": {"code": 19332}}, {"service": {"name": "Short Term FP"}, "facility": {"code": 19332}}, {"service": {"name": "PMTCT - ANC"}, "facility": {"code": 19332}}, {"service": {"name": "Management of STIs"}, "facility": {"code": 19332}}, {"service": {"name": "Condom Promotion and Distribution"}, "facility": {"code": 19332}}, {"service": {"name": "Basic Immunization"}, "facility": {"code": 19331}}, {"service": {"name": "Management of STIs"}, "facility": {"code": 19331}}, {"service": {"name": "Laboratory Services"}, "facility": {"code": 19331}}, {"service": {"name": "Curative Services"}, "facility": {"code": 19331}}, {"service": {"name": "Emergency Preparedness"}, "facility": {"code": 19329}}, {"service": {"name": "Emergency Obstetric Care"}, "facility": {"code": 19329}}, {"service": {"name": "Curative Services"}, "facility": {"code": 19329}}, {"service": {"name": "Management of STIs"}, "facility": {"code": 19329}}, {"service": {"name": "Basic Immunization"}, "facility": {"code": 19327}}, {"service": {"name": "Emergency Preparedness"}, "facility": {"code": 19327}}, {"service": {"name": "Emergency Obstetric Care"}, "facility": {"code": 19327}}, {"service": {"name": "Curative Services"}, "facility": {"code": 19327}}, {"service": {"name": "Management of STIs"}, "facility": {"code": 19327}}, {"service": {"name": "Condom Promotion and Distribution"}, "facility": {"code": 19327}}, {"service": {"name": "Maternity Services"}, "facility": {"code": 19324}}, {"service": {"name": "Curative Services"}, "facility": {"code": 19324}}, {"service": {"name": "Basic Immunization"}, "facility": {"code": 19324}}, {"service": {"name": "Focused Antenatal Care"}, "facility": {"code": 19324}}, {"service": {"name": "Long Term FP"}, "facility": {"code": 19324}}, {"service": {"name": "Short Term FP"}, "facility": {"code": 19324}}, {"service": {"name": "Provider Initiated Counselling and Testing"}, "facility": {"code": 19324}}, {"service": {"name": "Management of STIs"}, "facility": {"code": 19324}}, {"service": {"name": "Condom Promotion and Distribution"}, "facility": {"code": 19324}}, {"service": {"name": "Curative Services"}, "facility": {"code": 19323}}, {"service": {"name": "Provider Initiated Counselling and Testing"}, "facility": {"code": 19323}}, {"service": {"name": "Management of STIs"}, "facility": {"code": 19323}}, {"service": {"name": "Condom Promotion and Distribution"}, "facility": {"code": 19323}}, {"service": {"name": "Provider Initiated Counselling and Testing"}, "facility": {"code": 19322}}, {"service": {"name": "Curative Services"}, "facility": {"code": 19322}}, {"service": {"name": "Curative Services"}, "facility": {"code": 19321}}, {"service": {"name": "Basic Immunization"}, "facility": {"code": 19321}}, {"service": {"name": "Focused Antenatal Care"}, "facility": {"code": 19321}}, {"service": {"name": "Long Term FP"}, "facility": {"code": 19321}}, {"service": {"name": "Short Term FP"}, "facility": {"code": 19321}}, {"service": {"name": "PMTCT - ANC"}, "facility": {"code": 19321}}, {"service": {"name": "Provider Initiated Counselling and Testing"}, "facility": {"code": 19321}}, {"service": {"name": "Management of STIs"}, "facility": {"code": 19321}}, {"service": {"name": "Condom Promotion and Distribution"}, "facility": {"code": 19321}}, {"service": {"name": "Laboratory Services"}, "facility": {"code": 19319}}, {"service": {"name": "Curative Services"}, "facility": {"code": 19319}}, {"service": {"name": "Basic Immunization"}, "facility": {"code": 19319}}, {"service": {"name": "Focused Antenatal Care"}, "facility": {"code": 19319}}, {"service": {"name": "Long Term FP"}, "facility": {"code": 19319}}, {"service": {"name": "Short Term FP"}, "facility": {"code": 19319}}, {"service": {"name": "PMTCT - ANC"}, "facility": {"code": 19319}}, {"service": {"name": "Management of STIs"}, "facility": {"code": 19319}}, {"service": {"name": "ENT Services"}, "facility": {"code": 19318}}, {"service": {"name": "Oral Health Services (Dental Services)"}, "facility": {"code": 19318}}, {"service": {"name": "Emergency Obstetric Care"}, "facility": {"code": 19318}}, {"service": {"name": "Opthalmic Services"}, "facility": {"code": 19318}}, {"service": {"name": "Nutrition Services"}, "facility": {"code": 19318}}, {"service": {"name": "Radiology Services"}, "facility": {"code": 19318}}, {"service": {"name": "Laboratory Services"}, "facility": {"code": 19318}}, {"service": {"name": "Maternity Services"}, "facility": {"code": 19318}}, {"service": {"name": "Curative Services"}, "facility": {"code": 19318}}, {"service": {"name": "Basic Immunization"}, "facility": {"code": 19318}}, {"service": {"name": "Focused Antenatal Care"}, "facility": {"code": 19318}}, {"service": {"name": "Short Term FP"}, "facility": {"code": 19318}}, {"service": {"name": "Voluntary Counselling and Testing"}, "facility": {"code": 19318}}, {"service": {"name": "Management of STIs"}, "facility": {"code": 19318}}, {"service": {"name": "Condom Promotion and Distribution"}, "facility": {"code": 19318}}, {"service": {"name": "ENT Services"}, "facility": {"code": 19316}}, {"service": {"name": "Oral Health Services (Dental Services)"}, "facility": {"code": 19316}}, {"service": {"name": "Emergency Obstetric Care"}, "facility": {"code": 19316}}, {"service": {"name": "Laboratory Services"}, "facility": {"code": 19316}}, {"service": {"name": "Radiology Services"}, "facility": {"code": 19316}}, {"service": {"name": "Surgical Services"}, "facility": {"code": 19316}}, {"service": {"name": "Maternity Services"}, "facility": {"code": 19316}}, {"service": {"name": "Curative Services"}, "facility": {"code": 19316}}, {"service": {"name": "Basic Immunization"}, "facility": {"code": 19316}}, {"service": {"name": "Focused Antenatal Care"}, "facility": {"code": 19316}}, {"service": {"name": "Short Term FP"}, "facility": {"code": 19316}}, {"service": {"name": "Post Exposure Prophylaxis"}, "facility": {"code": 19316}}, {"service": {"name": "PMTCT - Maternity"}, "facility": {"code": 19316}}, {"service": {"name": "PMTCT - ANC"}, "facility": {"code": 19316}}, {"service": {"name": "Voluntary Counselling and Testing"}, "facility": {"code": 19316}}, {"service": {"name": "Condom Promotion and Distribution"}, "facility": {"code": 19316}}, {"service": {"name": "Curative Services"}, "facility": {"code": 19315}}, {"service": {"name": "Provider Initiated Counselling and Testing"}, "facility": {"code": 19315}}, {"service": {"name": "ENT Services"}, "facility": {"code": 19314}}, {"service": {"name": "Oral Health Services (Dental Services)"}, "facility": {"code": 19314}}, {"service": {"name": "Laboratory Services"}, "facility": {"code": 19314}}, {"service": {"name": "Nutrition Services"}, "facility": {"code": 19314}}, {"service": {"name": "Integrated Management of Childhood Illnesses"}, "facility": {"code": 19314}}, {"service": {"name": "Curative Services"}, "facility": {"code": 19314}}, {"service": {"name": "Basic Immunization"}, "facility": {"code": 19314}}, {"service": {"name": "Dental Laboratory Services"}, "facility": {"code": 19313}}, {"service": {"name": "Laboratory Services"}, "facility": {"code": 19313}}, {"service": {"name": "Curative Services"}, "facility": {"code": 19313}}, {"service": {"name": "Management of STIs"}, "facility": {"code": 19313}}, {"service": {"name": "Voluntary Counselling and Testing"}, "facility": {"code": 19311}}, {"service": {"name": "Condom Promotion and Distribution"}, "facility": {"code": 19311}}, {"service": {"name": "Laboratory Services"}, "facility": {"code": 19310}}, {"service": {"name": "Maternity Services"}, "facility": {"code": 19310}}, {"service": {"name": "Curative Services"}, "facility": {"code": 19310}}, {"service": {"name": "Basic Immunization"}, "facility": {"code": 19310}}, {"service": {"name": "Focused Antenatal Care"}, "facility": {"code": 19310}}, {"service": {"name": "Short Term FP"}, "facility": {"code": 19310}}, {"service": {"name": "Voluntary Counselling and Testing"}, "facility": {"code": 19310}}, {"service": {"name": "Management of STIs"}, "facility": {"code": 19310}}, {"service": {"name": "Condom Promotion and Distribution"}, "facility": {"code": 19310}}, {"service": {"name": "Provider Initiated Counselling and Testing"}, "facility": {"code": 19308}}, {"service": {"name": "Post Exposure Prophylaxis"}, "facility": {"code": 19308}}, {"service": {"name": "Voluntary Counselling and Testing"}, "facility": {"code": 19308}}, {"service": {"name": "Management of STIs"}, "facility": {"code": 19308}}, {"service": {"name": "Condom Promotion and Distribution"}, "facility": {"code": 19308}}, {"service": {"name": "Emergency Preparedness"}, "facility": {"code": 19303}}, {"service": {"name": "Curative Services"}, "facility": {"code": 19303}}, {"service": {"name": "Short Term FP"}, "facility": {"code": 19303}}, {"service": {"name": "Management of STIs"}, "facility": {"code": 19303}}, {"service": {"name": "Condom Promotion and Distribution"}, "facility": {"code": 19303}}, {"service": {"name": "Curative Services"}, "facility": {"code": 19302}}, {"service": {"name": "Short Term FP"}, "facility": {"code": 19302}}, {"service": {"name": "Condom Promotion and Distribution"}, "facility": {"code": 19302}}, {"service": {"name": "Curative Services"}, "facility": {"code": 19301}}, {"service": {"name": "Short Term FP"}, "facility": {"code": 19301}}, {"service": {"name": "Condom Promotion and Distribution"}, "facility": {"code": 19301}}, {"service": {"name": "Laboratory Services"}, "facility": {"code": 19300}}, {"service": {"name": "Curative Services"}, "facility": {"code": 19300}}, {"service": {"name": "Short Term FP"}, "facility": {"code": 19300}}, {"service": {"name": "Condom Promotion and Distribution"}, "facility": {"code": 19300}}, {"service": {"name": "Curative Services"}, "facility": {"code": 19298}}, {"service": {"name": "Short Term FP"}, "facility": {"code": 19298}}, {"service": {"name": "Condom Promotion and Distribution"}, "facility": {"code": 19298}}, {"service": {"name": "Curative Services"}, "facility": {"code": 19296}}, {"service": {"name": "Short Term FP"}, "facility": {"code": 19296}}, {"service": {"name": "Condom Promotion and Distribution"}, "facility": {"code": 19296}}, {"service": {"name": "Curative Services"}, "facility": {"code": 19295}}, {"service": {"name": "Short Term FP"}, "facility": {"code": 19295}}, {"service": {"name": "Management of STIs"}, "facility": {"code": 19295}}, {"service": {"name": "Condom Promotion and Distribution"}, "facility": {"code": 19295}}, {"service": {"name": "Emergency Obstetric Care"}, "facility": {"code": 19294}}, {"service": {"name": "Environmental Health Services"}, "facility": {"code": 19294}}, {"service": {"name": "Nutrition Services"}, "facility": {"code": 19294}}, {"service": {"name": "Curative Services"}, "facility": {"code": 19294}}, {"service": {"name": "Basic Immunization"}, "facility": {"code": 19294}}, {"service": {"name": "Focused Antenatal Care"}, "facility": {"code": 19294}}, {"service": {"name": "Short Term FP"}, "facility": {"code": 19294}}, {"service": {"name": "PMTCT - ANC"}, "facility": {"code": 19294}}, {"service": {"name": "Voluntary Counselling and Testing"}, "facility": {"code": 19294}}, {"service": {"name": "Condom Promotion and Distribution"}, "facility": {"code": 19294}}, {"service": {"name": "Tuberculosis Culture"}, "facility": {"code": 19293}}, {"service": {"name": "Smear Microscopy"}, "facility": {"code": 19293}}, {"service": {"name": "Short Term FP"}, "facility": {"code": 19293}}, {"service": {"name": "Paediatric Antiretroviral Therapy"}, "facility": {"code": 19293}}, {"service": {"name": "Post Exposure Prophylaxis"}, "facility": {"code": 19293}}, {"service": {"name": "PMTCT - ANC"}, "facility": {"code": 19293}}, {"service": {"name": "Diagnostic Counselling and Testing"}, "facility": {"code": 19293}}, {"service": {"name": "Provider Initiated Counselling and Testing"}, "facility": {"code": 19293}}, {"service": {"name": "Management of STIs"}, "facility": {"code": 19293}}, {"service": {"name": "Condom Promotion and Distribution"}, "facility": {"code": 19293}}, {"service": {"name": "Short Term FP"}, "facility": {"code": 19292}}, {"service": {"name": "Curative Services"}, "facility": {"code": 19291}}, {"service": {"name": "Short Term FP"}, "facility": {"code": 19291}}, {"service": {"name": "Curative Services"}, "facility": {"code": 19290}}, {"service": {"name": "Short Term FP"}, "facility": {"code": 19290}}, {"service": {"name": "Condom Promotion and Distribution"}, "facility": {"code": 19290}}, {"service": {"name": "Curative Services"}, "facility": {"code": 19289}}, {"service": {"name": "Short Term FP"}, "facility": {"code": 19289}}, {"service": {"name": "Condom Promotion and Distribution"}, "facility": {"code": 19289}}, {"service": {"name": "Laboratory Services"}, "facility": {"code": 19288}}, {"service": {"name": "Basic Immunization"}, "facility": {"code": 19288}}, {"service": {"name": "Curative Services"}, "facility": {"code": 19288}}, {"service": {"name": "Short Term FP"}, "facility": {"code": 19288}}, {"service": {"name": "Condom Promotion and Distribution"}, "facility": {"code": 19288}}, {"service": {"name": "Laboratory Services"}, "facility": {"code": 19286}}, {"service": {"name": "Curative Services"}, "facility": {"code": 19286}}, {"service": {"name": "Short Term FP"}, "facility": {"code": 19286}}, {"service": {"name": "Condom Promotion and Distribution"}, "facility": {"code": 19286}}, {"service": {"name": "Laboratory Services"}, "facility": {"code": 19285}}, {"service": {"name": "Curative Services"}, "facility": {"code": 19285}}, {"service": {"name": "Short Term FP"}, "facility": {"code": 19285}}, {"service": {"name": "Condom Promotion and Distribution"}, "facility": {"code": 19285}}, {"service": {"name": "Dental Laboratory Services"}, "facility": {"code": 19284}}, {"service": {"name": "Laboratory Services"}, "facility": {"code": 19284}}, {"service": {"name": "Curative Services"}, "facility": {"code": 19284}}, {"service": {"name": "Short Term FP"}, "facility": {"code": 19284}}, {"service": {"name": "Condom Promotion and Distribution"}, "facility": {"code": 19284}}, {"service": {"name": "Dental Laboratory Services"}, "facility": {"code": 19283}}, {"service": {"name": "Short Term FP"}, "facility": {"code": 19283}}, {"service": {"name": "Condom Promotion and Distribution"}, "facility": {"code": 19283}}, {"service": {"name": "Curative Services"}, "facility": {"code": 19282}}, {"service": {"name": "Curative Services"}, "facility": {"code": 19281}}, {"service": {"name": "Management of STIs"}, "facility": {"code": 19281}}, {"service": {"name": "Curative Services"}, "facility": {"code": 19280}}, {"service": {"name": "Laboratory Services"}, "facility": {"code": 19280}}, {"service": {"name": "Short Term FP"}, "facility": {"code": 19280}}, {"service": {"name": "Condom Promotion and Distribution"}, "facility": {"code": 19280}}, {"service": {"name": "Laboratory Services"}, "facility": {"code": 19279}}, {"service": {"name": "Curative Services"}, "facility": {"code": 19279}}, {"service": {"name": "Condom Promotion and Distribution"}, "facility": {"code": 19279}}, {"service": {"name": "Short Term FP"}, "facility": {"code": 19279}}, {"service": {"name": "Curative Services"}, "facility": {"code": 19278}}, {"service": {"name": "Short Term FP"}, "facility": {"code": 19278}}, {"service": {"name": "Condom Promotion and Distribution"}, "facility": {"code": 19278}}, {"service": {"name": "Laboratory Services"}, "facility": {"code": 19277}}, {"service": {"name": "Curative Services"}, "facility": {"code": 19277}}, {"service": {"name": "Short Term FP"}, "facility": {"code": 19277}}, {"service": {"name": "Condom Promotion and Distribution"}, "facility": {"code": 19277}}, {"service": {"name": "Laboratory Services"}, "facility": {"code": 19276}}, {"service": {"name": "Curative Services"}, "facility": {"code": 19276}}, {"service": {"name": "Basic Immunization"}, "facility": {"code": 19276}}, {"service": {"name": "Short Term FP"}, "facility": {"code": 19276}}, {"service": {"name": "Laboratory Services"}, "facility": {"code": 19275}}, {"service": {"name": "Curative Services"}, "facility": {"code": 19275}}, {"service": {"name": "Condom Promotion and Distribution"}, "facility": {"code": 19275}}, {"service": {"name": "Curative Services"}, "facility": {"code": 19274}}, {"service": {"name": "Basic Immunization"}, "facility": {"code": 19274}}, {"service": {"name": "Short Term FP"}, "facility": {"code": 19274}}, {"service": {"name": "PMTCT - ANC"}, "facility": {"code": 19274}}, {"service": {"name": "Condom Promotion and Distribution"}, "facility": {"code": 19274}}, {"service": {"name": "Laboratory Services"}, "facility": {"code": 19273}}, {"service": {"name": "Curative Services"}, "facility": {"code": 19273}}, {"service": {"name": "Basic Immunization"}, "facility": {"code": 19273}}, {"service": {"name": "Short Term FP"}, "facility": {"code": 19273}}, {"service": {"name": "Condom Promotion and Distribution"}, "facility": {"code": 19273}}, {"service": {"name": "Curative Services"}, "facility": {"code": 19272}}, {"service": {"name": "Services for Sexual Violence Survivors"}, "facility": {"code": 19271}}, {"service": {"name": "Adult Antiretroviral Therapy"}, "facility": {"code": 19271}}, {"service": {"name": "Voluntary Counselling and Testing"}, "facility": {"code": 19271}}, {"service": {"name": "Condom Promotion and Distribution"}, "facility": {"code": 19271}}, {"service": {"name": "Emergency Preparedness"}, "facility": {"code": 15582}}, {"service": {"name": "Emergency Obstetric Care"}, "facility": {"code": 15582}}, {"service": {"name": "Curative Services"}, "facility": {"code": 15582}}, {"service": {"name": "Basic Immunization"}, "facility": {"code": 15582}}, {"service": {"name": "Focused Antenatal Care"}, "facility": {"code": 15582}}, {"service": {"name": "PMTCT - ANC"}, "facility": {"code": 15582}}, {"service": {"name": "Diagnostic Counselling and Testing"}, "facility": {"code": 15582}}, {"service": {"name": "Management of STIs"}, "facility": {"code": 15582}}, {"service": {"name": "Condom Promotion and Distribution"}, "facility": {"code": 15582}}, {"service": {"name": "Emergency Preparedness"}, "facility": {"code": 15122}}, {"service": {"name": "Emergency Obstetric Care"}, "facility": {"code": 15122}}, {"service": {"name": "Curative Services"}, "facility": {"code": 15122}}, {"service": {"name": "Basic Immunization"}, "facility": {"code": 15122}}, {"service": {"name": "Focused Antenatal Care"}, "facility": {"code": 15122}}, {"service": {"name": "PMTCT - ANC"}, "facility": {"code": 15122}}, {"service": {"name": "Management of STIs"}, "facility": {"code": 15122}}, {"service": {"name": "Condom Promotion and Distribution"}, "facility": {"code": 15122}}, {"service": {"name": "Basic Immunization"}, "facility": {"code": 19270}}, {"service": {"name": "Emergency Preparedness"}, "facility": {"code": 19270}}, {"service": {"name": "Emergency Obstetric Care"}, "facility": {"code": 19270}}, {"service": {"name": "Curative Services"}, "facility": {"code": 19270}}, {"service": {"name": "Management of STIs"}, "facility": {"code": 19270}}, {"service": {"name": "Emergency Preparedness"}, "facility": {"code": 19269}}, {"service": {"name": "Emergency Obstetric Care"}, "facility": {"code": 19269}}, {"service": {"name": "Curative Services"}, "facility": {"code": 19269}}, {"service": {"name": "Management of STIs"}, "facility": {"code": 19269}}, {"service": {"name": "Emergency Obstetric Care"}, "facility": {"code": 19268}}, {"service": {"name": "Curative Services"}, "facility": {"code": 19268}}, {"service": {"name": "Management of STIs"}, "facility": {"code": 19268}}, {"service": {"name": "Emergency Preparedness"}, "facility": {"code": 19267}}, {"service": {"name": "Emergency Obstetric Care"}, "facility": {"code": 19267}}, {"service": {"name": "Curative Services"}, "facility": {"code": 19267}}, {"service": {"name": "PMTCT - ANC"}, "facility": {"code": 19267}}, {"service": {"name": "Diagnostic Counselling and Testing"}, "facility": {"code": 19267}}, {"service": {"name": "Management of STIs"}, "facility": {"code": 19267}}, {"service": {"name": "Condom Promotion and Distribution"}, "facility": {"code": 19267}}, {"service": {"name": "Emergency Preparedness"}, "facility": {"code": 19266}}, {"service": {"name": "Emergency Obstetric Care"}, "facility": {"code": 19266}}, {"service": {"name": "Nutrition Services"}, "facility": {"code": 19266}}, {"service": {"name": "Surgical Services"}, "facility": {"code": 19266}}, {"service": {"name": "Maternity Services"}, "facility": {"code": 19266}}, {"service": {"name": "Curative Services"}, "facility": {"code": 19266}}, {"service": {"name": "Long Term FP"}, "facility": {"code": 19266}}, {"service": {"name": "Short Term FP"}, "facility": {"code": 19266}}, {"service": {"name": "Provider Initiated Counselling and Testing"}, "facility": {"code": 19266}}, {"service": {"name": "Condom Promotion and Distribution"}, "facility": {"code": 19266}}, {"service": {"name": "Oral Health Services (Dental Services)"}, "facility": {"code": 19264}}, {"service": {"name": "Nutrition Services"}, "facility": {"code": 19264}}, {"service": {"name": "Laboratory Services"}, "facility": {"code": 19264}}, {"service": {"name": "Curative Services"}, "facility": {"code": 19264}}, {"service": {"name": "Long Term FP"}, "facility": {"code": 19264}}, {"service": {"name": "Short Term FP"}, "facility": {"code": 19264}}, {"service": {"name": "Provider Initiated Counselling and Testing"}, "facility": {"code": 19264}}, {"service": {"name": "Management of STIs"}, "facility": {"code": 19264}}, {"service": {"name": "Condom Promotion and Distribution"}, "facility": {"code": 19264}}, {"service": {"name": "Laboratory Services"}, "facility": {"code": 19263}}, {"service": {"name": "Curative Services"}, "facility": {"code": 19263}}, {"service": {"name": "Opthalmic Services"}, "facility": {"code": 19262}}, {"service": {"name": "Curative Services"}, "facility": {"code": 19262}}, {"service": {"name": "Laboratory Services"}, "facility": {"code": 19261}}, {"service": {"name": "Curative Services"}, "facility": {"code": 19261}}, {"service": {"name": "Emergency Obstetric Care"}, "facility": {"code": 19260}}, {"service": {"name": "Maternity Services"}, "facility": {"code": 19260}}, {"service": {"name": "Curative Services"}, "facility": {"code": 19260}}, {"service": {"name": "Tuberculosis Culture"}, "facility": {"code": 19260}}, {"service": {"name": "Focused Antenatal Care"}, "facility": {"code": 19260}}, {"service": {"name": "Permanent FP"}, "facility": {"code": 19260}}, {"service": {"name": "Long Term FP"}, "facility": {"code": 19260}}, {"service": {"name": "Short Term FP"}, "facility": {"code": 19260}}, {"service": {"name": "Diagnostic Counselling and Testing"}, "facility": {"code": 19260}}, {"service": {"name": "Provider Initiated Counselling and Testing"}, "facility": {"code": 19260}}, {"service": {"name": "Management of STIs"}, "facility": {"code": 19260}}, {"service": {"name": "Condom Promotion and Distribution"}, "facility": {"code": 19260}}, {"service": {"name": "Curative Services"}, "facility": {"code": 19257}}, {"service": {"name": "Management of STIs"}, "facility": {"code": 19257}}, {"service": {"name": "Condom Promotion and Distribution"}, "facility": {"code": 19257}}, {"service": {"name": "Integrated Management of Childhood Illnesses"}, "facility": {"code": 19256}}, {"service": {"name": "Laboratory Services"}, "facility": {"code": 19256}}, {"service": {"name": "Curative Services"}, "facility": {"code": 19256}}, {"service": {"name": "Focused Antenatal Care"}, "facility": {"code": 19256}}, {"service": {"name": "Short Term FP"}, "facility": {"code": 19256}}, {"service": {"name": "Post Exposure Prophylaxis"}, "facility": {"code": 19256}}, {"service": {"name": "Voluntary Male Circumcision"}, "facility": {"code": 19256}}, {"service": {"name": "PMTCT - ANC"}, "facility": {"code": 19256}}, {"service": {"name": "Diagnostic Counselling and Testing"}, "facility": {"code": 19256}}, {"service": {"name": "Provider Initiated Counselling and Testing"}, "facility": {"code": 19256}}, {"service": {"name": "Voluntary Counselling and Testing"}, "facility": {"code": 19256}}, {"service": {"name": "Management of STIs"}, "facility": {"code": 19256}}, {"service": {"name": "Condom Promotion and Distribution"}, "facility": {"code": 19256}}, {"service": {"name": "Curative Services"}, "facility": {"code": 19255}}, {"service": {"name": "Short Term FP"}, "facility": {"code": 19255}}, {"service": {"name": "Management of STIs"}, "facility": {"code": 19255}}, {"service": {"name": "Laboratory Services"}, "facility": {"code": 19254}}, {"service": {"name": "Curative Services"}, "facility": {"code": 19254}}, {"service": {"name": "Curative Services"}, "facility": {"code": 19253}}, {"service": {"name": "Emergency Preparedness"}, "facility": {"code": 19252}}, {"service": {"name": "Curative Services"}, "facility": {"code": 19243}}, {"service": {"name": "Focused Antenatal Care"}, "facility": {"code": 19243}}, {"service": {"name": "Emergency Preparedness"}, "facility": {"code": 19242}}, {"service": {"name": "Curative Services"}, "facility": {"code": 19242}}, {"service": {"name": "Management of STIs"}, "facility": {"code": 19242}}, {"service": {"name": "Condom Promotion and Distribution"}, "facility": {"code": 19242}}, {"service": {"name": "Laboratory Services"}, "facility": {"code": 19241}}, {"service": {"name": "Curative Services"}, "facility": {"code": 19241}}, {"service": {"name": "Laboratory Services"}, "facility": {"code": 19240}}, {"service": {"name": "Curative Services"}, "facility": {"code": 19240}}, {"service": {"name": "Laboratory Services"}, "facility": {"code": 19239}}, {"service": {"name": "Curative Services"}, "facility": {"code": 19239}}, {"service": {"name": "Laboratory Services"}, "facility": {"code": 19238}}, {"service": {"name": "Curative Services"}, "facility": {"code": 19238}}, {"service": {"name": "Emergency Preparedness"}, "facility": {"code": 19237}}, {"service": {"name": "Emergency Obstetric Care"}, "facility": {"code": 19237}}, {"service": {"name": "Laboratory Services"}, "facility": {"code": 19237}}, {"service": {"name": "Maternity Services"}, "facility": {"code": 19237}}, {"service": {"name": "Curative Services"}, "facility": {"code": 19237}}, {"service": {"name": "PMTCT - Maternity"}, "facility": {"code": 19237}}, {"service": {"name": "PMTCT - ANC"}, "facility": {"code": 19237}}, {"service": {"name": "Voluntary Counselling and Testing"}, "facility": {"code": 19237}}, {"service": {"name": "Management of STIs"}, "facility": {"code": 19237}}, {"service": {"name": "Laboratory Services"}, "facility": {"code": 19236}}, {"service": {"name": "Surgical Services"}, "facility": {"code": 19236}}, {"service": {"name": "Maternity Services"}, "facility": {"code": 19236}}, {"service": {"name": "Curative Services"}, "facility": {"code": 19236}}, {"service": {"name": "Short Term FP"}, "facility": {"code": 19236}}, {"service": {"name": "Management of STIs"}, "facility": {"code": 19236}}, {"service": {"name": "Condom Promotion and Distribution"}, "facility": {"code": 19236}}, {"service": {"name": "Laboratory Services"}, "facility": {"code": 19234}}, {"service": {"name": "Curative Services"}, "facility": {"code": 19234}}, {"service": {"name": "Basic Immunization"}, "facility": {"code": 19234}}, {"service": {"name": "Short Term FP"}, "facility": {"code": 19234}}, {"service": {"name": "PMTCT - ANC"}, "facility": {"code": 19234}}, {"service": {"name": "Condom Promotion and Distribution"}, "facility": {"code": 19234}}, {"service": {"name": "Emergency Preparedness"}, "facility": {"code": 19232}}, {"service": {"name": "Emergency Obstetric Care"}, "facility": {"code": 19232}}, {"service": {"name": "Curative Services"}, "facility": {"code": 19232}}, {"service": {"name": "Paediatric Antiretroviral Therapy"}, "facility": {"code": 19229}}, {"service": {"name": "Management of STIs"}, "facility": {"code": 19229}}, {"service": {"name": "Mental Health Services"}, "facility": {"code": 13030}}, {"service": {"name": "Services for Female Genital Mutilation (FGM) Survivors"}, "facility": {"code": 13030}}, {"service": {"name": "Dental Laboratory Services"}, "facility": {"code": 19213}}, {"service": {"name": "Laboratory Services"}, "facility": {"code": 19213}}, {"service": {"name": "Curative Services"}, "facility": {"code": 19213}}, {"service": {"name": "Management of STIs"}, "facility": {"code": 19213}}, {"service": {"name": "Laboratory Services"}, "facility": {"code": 19211}}, {"service": {"name": "Maternity Services"}, "facility": {"code": 19210}}, {"service": {"name": "Curative Services"}, "facility": {"code": 19210}}, {"service": {"name": "Focused Antenatal Care"}, "facility": {"code": 19210}}, {"service": {"name": "Emergency Preparedness"}, "facility": {"code": 18284}}, {"service": {"name": "Emergency Obstetric Care"}, "facility": {"code": 18284}}, {"service": {"name": "Emergency Obstetric Care"}, "facility": {"code": 16429}}, {"service": {"name": "Curative Services"}, "facility": {"code": 16429}}, {"service": {"name": "PMTCT - ANC"}, "facility": {"code": 16429}}, {"service": {"name": "Diagnostic Counselling and Testing"}, "facility": {"code": 16429}}, {"service": {"name": "Provider Initiated Counselling and Testing"}, "facility": {"code": 16429}}, {"service": {"name": "Management of STIs"}, "facility": {"code": 16429}}, {"service": {"name": "Condom Promotion and Distribution"}, "facility": {"code": 16429}}, {"service": {"name": "Emergency Obstetric Care"}, "facility": {"code": 19208}}, {"service": {"name": "Curative Services"}, "facility": {"code": 19208}}, {"service": {"name": "Management of STIs"}, "facility": {"code": 19208}}, {"service": {"name": "Condom Promotion and Distribution"}, "facility": {"code": 19208}}, {"service": {"name": "Emergency Obstetric Care"}, "facility": {"code": 14565}}, {"service": {"name": "Environmental Health Services"}, "facility": {"code": 14565}}, {"service": {"name": "Diagnostic Counselling and Testing"}, "facility": {"code": 14565}}, {"service": {"name": "Provider Initiated Counselling and Testing"}, "facility": {"code": 14565}}, {"service": {"name": "Voluntary Counselling and Testing"}, "facility": {"code": 19206}}, {"service": {"name": "Management of STIs"}, "facility": {"code": 19206}}, {"service": {"name": "Condom Promotion and Distribution"}, "facility": {"code": 19206}}, {"service": {"name": "Surgical Services"}, "facility": {"code": 19205}}, {"service": {"name": "Maternity Services"}, "facility": {"code": 19205}}, {"service": {"name": "Curative Services"}, "facility": {"code": 19205}}, {"service": {"name": "Specialized ANC"}, "facility": {"code": 19205}}, {"service": {"name": "Permanent FP"}, "facility": {"code": 19205}}, {"service": {"name": "Long Term FP"}, "facility": {"code": 19205}}, {"service": {"name": "Short Term FP"}, "facility": {"code": 19205}}, {"service": {"name": "Condom Promotion and Distribution"}, "facility": {"code": 19205}}, {"service": {"name": "Opthalmic Services"}, "facility": {"code": 19204}}, {"service": {"name": "Nutrition Services"}, "facility": {"code": 19204}}, {"service": {"name": "Integrated Management of Childhood Illnesses"}, "facility": {"code": 19204}}, {"service": {"name": "Laboratory Services"}, "facility": {"code": 19204}}, {"service": {"name": "Surgical Services"}, "facility": {"code": 19204}}, {"service": {"name": "Curative Services"}, "facility": {"code": 19204}}, {"service": {"name": "Short Term FP"}, "facility": {"code": 19204}}, {"service": {"name": "Management of STIs"}, "facility": {"code": 19204}}, {"service": {"name": "Emergency Preparedness"}, "facility": {"code": 19203}}, {"service": {"name": "ENT Services"}, "facility": {"code": 19203}}, {"service": {"name": "Dental Laboratory Services"}, "facility": {"code": 19203}}, {"service": {"name": "Oral Health Services (Dental Services)"}, "facility": {"code": 19203}}, {"service": {"name": "Emergency Obstetric Care"}, "facility": {"code": 19203}}, {"service": {"name": "Integrated Management of Childhood Illnesses"}, "facility": {"code": 19203}}, {"service": {"name": "Maternity Services"}, "facility": {"code": 19203}}, {"service": {"name": "Laboratory Services"}, "facility": {"code": 19203}}, {"service": {"name": "Radiology Services"}, "facility": {"code": 19203}}, {"service": {"name": "Surgical Services"}, "facility": {"code": 19203}}, {"service": {"name": "Curative Services"}, "facility": {"code": 19203}}, {"service": {"name": "Facility Based Blood Transfusion Service"}, "facility": {"code": 19203}}, {"service": {"name": "Focused Antenatal Care"}, "facility": {"code": 19203}}, {"service": {"name": "Long Term FP"}, "facility": {"code": 19203}}, {"service": {"name": "Short Term FP"}, "facility": {"code": 19203}}, {"service": {"name": "Post Exposure Prophylaxis"}, "facility": {"code": 19203}}, {"service": {"name": "Diagnostic Counselling and Testing"}, "facility": {"code": 19203}}, {"service": {"name": "Voluntary Counselling and Testing"}, "facility": {"code": 19203}}, {"service": {"name": "Management of STIs"}, "facility": {"code": 19203}}, {"service": {"name": "Emergency Obstetric Care"}, "facility": {"code": 19199}}, {"service": {"name": "Services for Sexual Violence Survivors"}, "facility": {"code": 19199}}, {"service": {"name": "Integrated Management of Childhood Illnesses"}, "facility": {"code": 19199}}, {"service": {"name": "Laboratory Services"}, "facility": {"code": 19199}}, {"service": {"name": "Curative Services"}, "facility": {"code": 19199}}, {"service": {"name": "Services for Female Genital Mutilation (FGM) Survivors"}, "facility": {"code": 19199}}, {"service": {"name": "Specialized ANC"}, "facility": {"code": 19199}}, {"service": {"name": "Focused Antenatal Care"}, "facility": {"code": 19199}}, {"service": {"name": "Long Term FP"}, "facility": {"code": 19199}}, {"service": {"name": "Short Term FP"}, "facility": {"code": 19199}}, {"service": {"name": "Diagnostic Counselling and Testing"}, "facility": {"code": 19199}}, {"service": {"name": "Provider Initiated Counselling and Testing"}, "facility": {"code": 19199}}, {"service": {"name": "Management of STIs"}, "facility": {"code": 19199}}, {"service": {"name": "Curative Services"}, "facility": {"code": 19192}}, {"service": {"name": "Emergency Obstetric Care"}, "facility": {"code": 19192}}, {"service": {"name": "Emergency Preparedness"}, "facility": {"code": 19192}}, {"service": {"name": "Laboratory Services"}, "facility": {"code": 19192}}, {"service": {"name": "Maternity Services"}, "facility": {"code": 19192}}, {"service": {"name": "Short Term FP"}, "facility": {"code": 19192}}, {"service": {"name": "PMTCT - Maternity"}, "facility": {"code": 19192}}, {"service": {"name": "PMTCT - ANC"}, "facility": {"code": 19192}}, {"service": {"name": "Condom Promotion and Distribution"}, "facility": {"code": 19192}}, {"service": {"name": "Laboratory Services"}, "facility": {"code": 19191}}, {"service": {"name": "Curative Services"}, "facility": {"code": 19191}}, {"service": {"name": "Basic Immunization"}, "facility": {"code": 19191}}, {"service": {"name": "Emergency Preparedness"}, "facility": {"code": 19189}}, {"service": {"name": "ENT Services"}, "facility": {"code": 19189}}, {"service": {"name": "Dental Laboratory Services"}, "facility": {"code": 19189}}, {"service": {"name": "Oral Health Services (Dental Services)"}, "facility": {"code": 19189}}, {"service": {"name": "Emergency Obstetric Care"}, "facility": {"code": 19189}}, {"service": {"name": "Integrated Management of Childhood Illnesses"}, "facility": {"code": 19189}}, {"service": {"name": "Maternity Services"}, "facility": {"code": 19189}}, {"service": {"name": "Curative Services"}, "facility": {"code": 19189}}, {"service": {"name": "Focused Antenatal Care"}, "facility": {"code": 19189}}, {"service": {"name": "Long Term FP"}, "facility": {"code": 19189}}, {"service": {"name": "Short Term FP"}, "facility": {"code": 19189}}, {"service": {"name": "PMTCT - Maternity"}, "facility": {"code": 19189}}, {"service": {"name": "PMTCT - ANC"}, "facility": {"code": 19189}}, {"service": {"name": "Early Infant Diagnosis"}, "facility": {"code": 19189}}, {"service": {"name": "Diagnostic Counselling and Testing"}, "facility": {"code": 19189}}, {"service": {"name": "Provider Initiated Counselling and Testing"}, "facility": {"code": 19189}}, {"service": {"name": "Management of STIs"}, "facility": {"code": 19189}}, {"service": {"name": "Condom Promotion and Distribution"}, "facility": {"code": 19189}}, {"service": {"name": "PMTCT - ANC"}, "facility": {"code": 19188}}, {"service": {"name": "Emergency Preparedness"}, "facility": {"code": 19188}}, {"service": {"name": "Laboratory Services"}, "facility": {"code": 19188}}, {"service": {"name": "Curative Services"}, "facility": {"code": 19188}}, {"service": {"name": "Voluntary Counselling and Testing"}, "facility": {"code": 19188}}, {"service": {"name": "Management of STIs"}, "facility": {"code": 19188}}, {"service": {"name": "Condom Promotion and Distribution"}, "facility": {"code": 19188}}, {"service": {"name": "Integrated Management of Childhood Illnesses"}, "facility": {"code": 13407}}, {"service": {"name": "Nutrition Services"}, "facility": {"code": 13407}}, {"service": {"name": "Laboratory Services"}, "facility": {"code": 13407}}, {"service": {"name": "Laboratory Services"}, "facility": {"code": 19186}}, {"service": {"name": "Curative Services"}, "facility": {"code": 19186}}, {"service": {"name": "Emergency Preparedness"}, "facility": {"code": 19185}}, {"service": {"name": "Laboratory Services"}, "facility": {"code": 19185}}, {"service": {"name": "Curative Services"}, "facility": {"code": 19185}}, {"service": {"name": "Emergency Preparedness"}, "facility": {"code": 19155}}, {"service": {"name": "ENT Services"}, "facility": {"code": 19155}}, {"service": {"name": "Maternity Services"}, "facility": {"code": 19155}}, {"service": {"name": "Curative Services"}, "facility": {"code": 19155}}, {"service": {"name": "Dental Laboratory Services"}, "facility": {"code": 19155}}, {"service": {"name": "Oral Health Services (Dental Services)"}, "facility": {"code": 19155}}, {"service": {"name": "Emergency Obstetric Care"}, "facility": {"code": 19155}}, {"service": {"name": "Diagnostic Counselling and Testing"}, "facility": {"code": 19155}}, {"service": {"name": "Provider Initiated Counselling and Testing"}, "facility": {"code": 19155}}, {"service": {"name": "Opthalmic Services"}, "facility": {"code": 19181}}, {"service": {"name": "Voluntary Counselling and Testing"}, "facility": {"code": 19155}}, {"service": {"name": "Surgical Services"}, "facility": {"code": 19181}}, {"service": {"name": "Management of STIs"}, "facility": {"code": 19155}}, {"service": {"name": "Condom Promotion and Distribution"}, "facility": {"code": 19155}}, {"service": {"name": "Diagnostic Counselling and Testing"}, "facility": {"code": 19181}}, {"service": {"name": "Provider Initiated Counselling and Testing"}, "facility": {"code": 19181}}, {"service": {"name": "Condom Promotion and Distribution"}, "facility": {"code": 19181}}, {"service": {"name": "Curative Services"}, "facility": {"code": 19148}}, {"service": {"name": "Management of STIs"}, "facility": {"code": 19181}}, {"service": {"name": "Integrated Management of Childhood Illnesses"}, "facility": {"code": 19181}}, {"service": {"name": "Curative Services"}, "facility": {"code": 19181}}, {"service": {"name": "Short Term FP"}, "facility": {"code": 19180}}, {"service": {"name": "Curative Services"}, "facility": {"code": 19180}}, {"service": {"name": "Management of STIs"}, "facility": {"code": 19180}}, {"service": {"name": "Condom Promotion and Distribution"}, "facility": {"code": 19180}}, {"service": {"name": "Laboratory Services"}, "facility": {"code": 19179}}, {"service": {"name": "Curative Services"}, "facility": {"code": 19179}}, {"service": {"name": "Emergency Obstetric Care"}, "facility": {"code": 19178}}, {"service": {"name": "Laboratory Services"}, "facility": {"code": 19178}}, {"service": {"name": "Rehabilitative Health Services - Orthopaedic Technology"}, "facility": {"code": 19178}}, {"service": {"name": "Maternity Services"}, "facility": {"code": 19178}}, {"service": {"name": "Curative Services"}, "facility": {"code": 19178}}, {"service": {"name": "Basic Immunization"}, "facility": {"code": 19178}}, {"service": {"name": "Focused Antenatal Care"}, "facility": {"code": 19178}}, {"service": {"name": "Long Term FP"}, "facility": {"code": 19178}}, {"service": {"name": "Short Term FP"}, "facility": {"code": 19178}}, {"service": {"name": "PMTCT - Maternity"}, "facility": {"code": 19178}}, {"service": {"name": "PMTCT - ANC"}, "facility": {"code": 19178}}, {"service": {"name": "Diagnostic Counselling and Testing"}, "facility": {"code": 19178}}, {"service": {"name": "Provider Initiated Counselling and Testing"}, "facility": {"code": 19178}}, {"service": {"name": "Management of STIs"}, "facility": {"code": 19178}}, {"service": {"name": "Emergency Obstetric Care"}, "facility": {"code": 19177}}, {"service": {"name": "Laboratory Services"}, "facility": {"code": 19177}}, {"service": {"name": "Curative Services"}, "facility": {"code": 19177}}, {"service": {"name": "Laboratory Services"}, "facility": {"code": 19176}}, {"service": {"name": "Curative Services"}, "facility": {"code": 19176}}, {"service": {"name": "Curative Services"}, "facility": {"code": 19175}}, {"service": {"name": "Short Term FP"}, "facility": {"code": 19175}}, {"service": {"name": "Management of STIs"}, "facility": {"code": 19175}}, {"service": {"name": "Services for Sexual Violence Survivors"}, "facility": {"code": 19174}}, {"service": {"name": "Opthalmic Services"}, "facility": {"code": 19174}}, {"service": {"name": "Laboratory Services"}, "facility": {"code": 19174}}, {"service": {"name": "Surgical Services"}, "facility": {"code": 19174}}, {"service": {"name": "Curative Services"}, "facility": {"code": 19174}}, {"service": {"name": "Focused Antenatal Care"}, "facility": {"code": 19174}}, {"service": {"name": "Long Term FP"}, "facility": {"code": 19174}}, {"service": {"name": "Short Term FP"}, "facility": {"code": 19174}}, {"service": {"name": "Early Infant Diagnosis"}, "facility": {"code": 19174}}, {"service": {"name": "Diagnostic Counselling and Testing"}, "facility": {"code": 19174}}, {"service": {"name": "Provider Initiated Counselling and Testing"}, "facility": {"code": 19174}}, {"service": {"name": "Management of STIs"}, "facility": {"code": 19174}}, {"service": {"name": "Curative Services"}, "facility": {"code": 19173}}, {"service": {"name": "Oral Health Services (Dental Services)"}, "facility": {"code": 19173}}, {"service": {"name": "Curative Services"}, "facility": {"code": 19171}}, {"service": {"name": "Nutrition Services"}, "facility": {"code": 19172}}, {"service": {"name": "Laboratory Services"}, "facility": {"code": 19172}}, {"service": {"name": "Curative Services"}, "facility": {"code": 19172}}, {"service": {"name": "Management of STIs"}, "facility": {"code": 19172}}, {"service": {"name": "Integrated Management of Childhood Illnesses"}, "facility": {"code": 19170}}, {"service": {"name": "Surgical Services"}, "facility": {"code": 19170}}, {"service": {"name": "Curative Services"}, "facility": {"code": 19170}}, {"service": {"name": "Management of STIs"}, "facility": {"code": 19170}}, {"service": {"name": "Laboratory Services"}, "facility": {"code": 19161}}, {"service": {"name": "Curative Services"}, "facility": {"code": 19161}}, {"service": {"name": "Short Term FP"}, "facility": {"code": 19161}}, {"service": {"name": "Management of STIs"}, "facility": {"code": 19161}}, {"service": {"name": "Condom Promotion and Distribution"}, "facility": {"code": 19161}}, {"service": {"name": "Radiology Services"}, "facility": {"code": 19158}}, {"service": {"name": "Emergency Obstetric Care"}, "facility": {"code": 19157}}, {"service": {"name": "Maternity Services"}, "facility": {"code": 19157}}, {"service": {"name": "Curative Services"}, "facility": {"code": 19157}}, {"service": {"name": "Basic Immunization"}, "facility": {"code": 19157}}, {"service": {"name": "Focused Antenatal Care"}, "facility": {"code": 19157}}, {"service": {"name": "Short Term FP"}, "facility": {"code": 19157}}, {"service": {"name": "Provider Initiated Counselling and Testing"}, "facility": {"code": 19157}}, {"service": {"name": "Management of STIs"}, "facility": {"code": 19157}}, {"service": {"name": "Condom Promotion and Distribution"}, "facility": {"code": 19157}}, {"service": {"name": "Nutrition Services"}, "facility": {"code": 19156}}, {"service": {"name": "Integrated Management of Childhood Illnesses"}, "facility": {"code": 19156}}, {"service": {"name": "Laboratory Services"}, "facility": {"code": 19156}}, {"service": {"name": "Surgical Services"}, "facility": {"code": 19156}}, {"service": {"name": "Maternity Services"}, "facility": {"code": 19156}}, {"service": {"name": "Curative Services"}, "facility": {"code": 19156}}, {"service": {"name": "Long Term FP"}, "facility": {"code": 19156}}, {"service": {"name": "Short Term FP"}, "facility": {"code": 19156}}, {"service": {"name": "Provider Initiated Counselling and Testing"}, "facility": {"code": 19156}}, {"service": {"name": "Management of STIs"}, "facility": {"code": 19156}}, {"service": {"name": "Integrated Management of Childhood Illnesses"}, "facility": {"code": 19154}}, {"service": {"name": "Laboratory Services"}, "facility": {"code": 19154}}, {"service": {"name": "Surgical Services"}, "facility": {"code": 19154}}, {"service": {"name": "Curative Services"}, "facility": {"code": 19154}}, {"service": {"name": "Early Infant Diagnosis"}, "facility": {"code": 19154}}, {"service": {"name": "Management of STIs"}, "facility": {"code": 19154}}, {"service": {"name": "Surgical Services"}, "facility": {"code": 19153}}, {"service": {"name": "Laboratory Services"}, "facility": {"code": 19153}}, {"service": {"name": "Curative Services"}, "facility": {"code": 19153}}, {"service": {"name": "Management of STIs"}, "facility": {"code": 19153}}, {"service": {"name": "Integrated Management of Childhood Illnesses"}, "facility": {"code": 19152}}, {"service": {"name": "Laboratory Services"}, "facility": {"code": 19152}}, {"service": {"name": "Surgical Services"}, "facility": {"code": 19152}}, {"service": {"name": "Curative Services"}, "facility": {"code": 19152}}, {"service": {"name": "Management of STIs"}, "facility": {"code": 19152}}, {"service": {"name": "Integrated Management of Childhood Illnesses"}, "facility": {"code": 19151}}, {"service": {"name": "Laboratory Services"}, "facility": {"code": 19151}}, {"service": {"name": "Surgical Services"}, "facility": {"code": 19151}}, {"service": {"name": "Curative Services"}, "facility": {"code": 19151}}, {"service": {"name": "Nutrition Services"}, "facility": {"code": 19150}}, {"service": {"name": "Integrated Management of Childhood Illnesses"}, "facility": {"code": 19150}}, {"service": {"name": "Curative Services"}, "facility": {"code": 19150}}, {"service": {"name": "Focused Antenatal Care"}, "facility": {"code": 19150}}, {"service": {"name": "Short Term FP"}, "facility": {"code": 19150}}, {"service": {"name": "Diagnostic Counselling and Testing"}, "facility": {"code": 19150}}, {"service": {"name": "Early Infant Diagnosis"}, "facility": {"code": 19150}}, {"service": {"name": "Provider Initiated Counselling and Testing"}, "facility": {"code": 19150}}, {"service": {"name": "Management of STIs"}, "facility": {"code": 19150}}, {"service": {"name": "Nutrition Services"}, "facility": {"code": 19149}}, {"service": {"name": "Integrated Management of Childhood Illnesses"}, "facility": {"code": 19149}}, {"service": {"name": "Laboratory Services"}, "facility": {"code": 19149}}, {"service": {"name": "Surgical Services"}, "facility": {"code": 19149}}, {"service": {"name": "Maternity Services"}, "facility": {"code": 19149}}, {"service": {"name": "Curative Services"}, "facility": {"code": 19149}}, {"service": {"name": "Basic Immunization"}, "facility": {"code": 19149}}, {"service": {"name": "Focused Antenatal Care"}, "facility": {"code": 19149}}, {"service": {"name": "Permanent FP"}, "facility": {"code": 19149}}, {"service": {"name": "Long Term FP"}, "facility": {"code": 19149}}, {"service": {"name": "Short Term FP"}, "facility": {"code": 19149}}, {"service": {"name": "PMTCT - Maternity"}, "facility": {"code": 19149}}, {"service": {"name": "PMTCT - ANC"}, "facility": {"code": 19149}}, {"service": {"name": "Early Infant Diagnosis"}, "facility": {"code": 19149}}, {"service": {"name": "Provider Initiated Counselling and Testing"}, "facility": {"code": 19149}}, {"service": {"name": "Management of STIs"}, "facility": {"code": 19149}}, {"service": {"name": "Condom Promotion and Distribution"}, "facility": {"code": 19149}}, {"service": {"name": "Short Term FP"}, "facility": {"code": 19148}}, {"service": {"name": "Provider Initiated Counselling and Testing"}, "facility": {"code": 19148}}, {"service": {"name": "Management of STIs"}, "facility": {"code": 19148}}, {"service": {"name": "Condom Promotion and Distribution"}, "facility": {"code": 19148}}, {"service": {"name": "Short Term FP"}, "facility": {"code": 19147}}, {"service": {"name": "Provider Initiated Counselling and Testing"}, "facility": {"code": 19147}}, {"service": {"name": "Management of STIs"}, "facility": {"code": 19147}}, {"service": {"name": "Condom Promotion and Distribution"}, "facility": {"code": 19147}}, {"service": {"name": "Short Term FP"}, "facility": {"code": 19145}}, {"service": {"name": "Emergency Obstetric Care"}, "facility": {"code": 19144}}, {"service": {"name": "Curative Services"}, "facility": {"code": 19144}}, {"service": {"name": "Provider Initiated Counselling and Testing"}, "facility": {"code": 19145}}, {"service": {"name": "Management of STIs"}, "facility": {"code": 19145}}, {"service": {"name": "Condom Promotion and Distribution"}, "facility": {"code": 19145}}, {"service": {"name": "Emergency Obstetric Care"}, "facility": {"code": 19143}}, {"service": {"name": "Laboratory Services"}, "facility": {"code": 19143}}, {"service": {"name": "Curative Services"}, "facility": {"code": 19143}}, {"service": {"name": "Radiology Services"}, "facility": {"code": 19140}}, {"service": {"name": "Curative Services"}, "facility": {"code": 17244}}, {"service": {"name": "Focused Antenatal Care"}, "facility": {"code": 17244}}, {"service": {"name": "Long Term FP"}, "facility": {"code": 17244}}, {"service": {"name": "Short Term FP"}, "facility": {"code": 17244}}, {"service": {"name": "Diagnostic Counselling and Testing"}, "facility": {"code": 17244}}, {"service": {"name": "Provider Initiated Counselling and Testing"}, "facility": {"code": 17244}}, {"service": {"name": "Voluntary Counselling and Testing"}, "facility": {"code": 17244}}, {"service": {"name": "Management of STIs"}, "facility": {"code": 17244}}, {"service": {"name": "Condom Promotion and Distribution"}, "facility": {"code": 17244}}, {"service": {"name": "Laboratory Services"}, "facility": {"code": 19139}}, {"service": {"name": "Surgical Services"}, "facility": {"code": 19139}}, {"service": {"name": "Maternity Services"}, "facility": {"code": 19139}}, {"service": {"name": "Curative Services"}, "facility": {"code": 19139}}, {"service": {"name": "Focused Antenatal Care"}, "facility": {"code": 19139}}, {"service": {"name": "Long Term FP"}, "facility": {"code": 19139}}, {"service": {"name": "Short Term FP"}, "facility": {"code": 19139}}, {"service": {"name": "Diagnostic Counselling and Testing"}, "facility": {"code": 19139}}, {"service": {"name": "Provider Initiated Counselling and Testing"}, "facility": {"code": 19139}}, {"service": {"name": "Management of STIs"}, "facility": {"code": 19139}}, {"service": {"name": "Curative Services"}, "facility": {"code": 19138}}, {"service": {"name": "Diagnostic Counselling and Testing"}, "facility": {"code": 19138}}, {"service": {"name": "Provider Initiated Counselling and Testing"}, "facility": {"code": 19138}}, {"service": {"name": "Management of STIs"}, "facility": {"code": 19138}}, {"service": {"name": "Condom Promotion and Distribution"}, "facility": {"code": 19138}}, {"service": {"name": "Surgical Services"}, "facility": {"code": 19137}}, {"service": {"name": "Emergency Obstetric Care"}, "facility": {"code": 19137}}, {"service": {"name": "Surgical Services"}, "facility": {"code": 19136}}, {"service": {"name": "Opthalmic Services"}, "facility": {"code": 19136}}, {"service": {"name": "Curative Services"}, "facility": {"code": 19135}}, {"service": {"name": "Curative Services"}, "facility": {"code": 19134}}, {"service": {"name": "Laboratory Services"}, "facility": {"code": 19134}}, {"service": {"name": "Curative Services"}, "facility": {"code": 19133}}, {"service": {"name": "Focused Antenatal Care"}, "facility": {"code": 19100}}, {"service": {"name": "Short Term FP"}, "facility": {"code": 19100}}, {"service": {"name": "Voluntary Counselling and Testing"}, "facility": {"code": 19100}}, {"service": {"name": "Condom Promotion and Distribution"}, "facility": {"code": 19100}}, {"service": {"name": "Curative Services"}, "facility": {"code": 19132}}, {"service": {"name": "Laboratory Services"}, "facility": {"code": 19131}}, {"service": {"name": "Curative Services"}, "facility": {"code": 19130}}, {"service": {"name": "Curative Services"}, "facility": {"code": 19129}}, {"service": {"name": "Laboratory Services"}, "facility": {"code": 19128}}, {"service": {"name": "Oral Health Services (Dental Services)"}, "facility": {"code": 19127}}, {"service": {"name": "Curative Services"}, "facility": {"code": 19126}}, {"service": {"name": "Curative Services"}, "facility": {"code": 19125}}, {"service": {"name": "Curative Services"}, "facility": {"code": 19123}}, {"service": {"name": "Adult Antiretroviral Therapy"}, "facility": {"code": 19123}}, {"service": {"name": "Post Exposure Prophylaxis"}, "facility": {"code": 19123}}, {"service": {"name": "Provider Initiated Counselling and Testing"}, "facility": {"code": 19123}}, {"service": {"name": "Voluntary Counselling and Testing"}, "facility": {"code": 19123}}, {"service": {"name": "Management of STIs"}, "facility": {"code": 19123}}, {"service": {"name": "Condom Promotion and Distribution"}, "facility": {"code": 19123}}, {"service": {"name": "Emergency Preparedness"}, "facility": {"code": 19121}}, {"service": {"name": "Curative Services"}, "facility": {"code": 19121}}, {"service": {"name": "Short Term FP"}, "facility": {"code": 19121}}, {"service": {"name": "Management of STIs"}, "facility": {"code": 19121}}, {"service": {"name": "Condom Promotion and Distribution"}, "facility": {"code": 19121}}, {"service": {"name": "Emergency Preparedness"}, "facility": {"code": 19120}}, {"service": {"name": "Curative Services"}, "facility": {"code": 19120}}, {"service": {"name": "Management of STIs"}, "facility": {"code": 19120}}, {"service": {"name": "Condom Promotion and Distribution"}, "facility": {"code": 19120}}, {"service": {"name": "Laboratory Services"}, "facility": {"code": 19119}}, {"service": {"name": "Curative Services"}, "facility": {"code": 19119}}, {"service": {"name": "Management of STIs"}, "facility": {"code": 19119}}, {"service": {"name": "Condom Promotion and Distribution"}, "facility": {"code": 19119}}, {"service": {"name": "Emergency Preparedness"}, "facility": {"code": 19118}}, {"service": {"name": "Curative Services"}, "facility": {"code": 19118}}, {"service": {"name": "Short Term FP"}, "facility": {"code": 19118}}, {"service": {"name": "Management of STIs"}, "facility": {"code": 19118}}, {"service": {"name": "Condom Promotion and Distribution"}, "facility": {"code": 19118}}, {"service": {"name": "Emergency Preparedness"}, "facility": {"code": 19117}}, {"service": {"name": "Curative Services"}, "facility": {"code": 19117}}, {"service": {"name": "Long Term FP"}, "facility": {"code": 19117}}, {"service": {"name": "Short Term FP"}, "facility": {"code": 19117}}, {"service": {"name": "PMTCT - ANC"}, "facility": {"code": 19117}}, {"service": {"name": "Provider Initiated Counselling and Testing"}, "facility": {"code": 19117}}, {"service": {"name": "Management of STIs"}, "facility": {"code": 19117}}, {"service": {"name": "Condom Promotion and Distribution"}, "facility": {"code": 19117}}, {"service": {"name": "Integrated Management of Childhood Illnesses"}, "facility": {"code": 16285}}, {"service": {"name": "Curative Services"}, "facility": {"code": 16285}}, {"service": {"name": "Integrated Management of Childhood Illnesses"}, "facility": {"code": 13374}}, {"service": {"name": "Curative Services"}, "facility": {"code": 13374}}, {"service": {"name": "Basic Immunization"}, "facility": {"code": 13374}}, {"service": {"name": "Diagnostic Counselling and Testing"}, "facility": {"code": 13374}}, {"service": {"name": "Provider Initiated Counselling and Testing"}, "facility": {"code": 13374}}, {"service": {"name": "Condom Promotion and Distribution"}, "facility": {"code": 13374}}, {"service": {"name": "PMTCT - Maternity"}, "facility": {"code": 13374}}, {"service": {"name": "PMTCT - ANC"}, "facility": {"code": 13374}}, {"service": {"name": "Emergency Preparedness"}, "facility": {"code": 10006}}, {"service": {"name": "ENT Services"}, "facility": {"code": 10006}}, {"service": {"name": "Dental Laboratory Services"}, "facility": {"code": 10006}}, {"service": {"name": "Oral Health Services (Dental Services)"}, "facility": {"code": 10006}}, {"service": {"name": "Emergency Obstetric Care"}, "facility": {"code": 10006}}, {"service": {"name": "Environmental Health Services"}, "facility": {"code": 10006}}, {"service": {"name": "Services for Sexual Violence Survivors"}, "facility": {"code": 10006}}, {"service": {"name": "Opthalmic Services"}, "facility": {"code": 10006}}, {"service": {"name": "Laboratory Services"}, "facility": {"code": 10006}}, {"service": {"name": "Surgical Services"}, "facility": {"code": 10006}}, {"service": {"name": "Rehabilitative Health Services - Occupational Health"}, "facility": {"code": 10006}}, {"service": {"name": "Focused Antenatal Care"}, "facility": {"code": 10006}}, {"service": {"name": "Long Term FP"}, "facility": {"code": 10006}}, {"service": {"name": "Short Term FP"}, "facility": {"code": 10006}}, {"service": {"name": "Post Exposure Prophylaxis"}, "facility": {"code": 10006}}, {"service": {"name": "Voluntary Male Circumcision"}, "facility": {"code": 10006}}, {"service": {"name": "Early Infant Diagnosis"}, "facility": {"code": 10006}}, {"service": {"name": "Diagnostic Counselling and Testing"}, "facility": {"code": 10006}}, {"service": {"name": "Management of STIs"}, "facility": {"code": 10006}}, {"service": {"name": "Condom Promotion and Distribution"}, "facility": {"code": 10006}}, {"service": {"name": "Maternity Services"}, "facility": {"code": 18948}}, {"service": {"name": "Curative Services"}, "facility": {"code": 18948}}, {"service": {"name": "Maternity Services"}, "facility": {"code": 18946}}, {"service": {"name": "Curative Services"}, "facility": {"code": 18946}}, {"service": {"name": "Maternity Services"}, "facility": {"code": 18945}}, {"service": {"name": "Curative Services"}, "facility": {"code": 18945}}, {"service": {"name": "PMTCT - Maternity"}, "facility": {"code": 18170}}, {"service": {"name": "Mortuary Services"}, "facility": {"code": 19113}}, {"service": {"name": "Curative Services"}, "facility": {"code": 19112}}, {"service": {"name": "Focused Antenatal Care"}, "facility": {"code": 19112}}, {"service": {"name": "Integrated Services"}, "facility": {"code": 19112}}, {"service": {"name": "Stand Alone Services"}, "facility": {"code": 19112}}, {"service": {"name": "Long Term FP"}, "facility": {"code": 19112}}, {"service": {"name": "Short Term FP"}, "facility": {"code": 19112}}, {"service": {"name": "Adult Antiretroviral Therapy"}, "facility": {"code": 19112}}, {"service": {"name": "Home Based Care"}, "facility": {"code": 19112}}, {"service": {"name": "Post Exposure Prophylaxis"}, "facility": {"code": 19112}}, {"service": {"name": "PMTCT - Maternity"}, "facility": {"code": 19112}}, {"service": {"name": "PMTCT - ANC"}, "facility": {"code": 19112}}, {"service": {"name": "Early Infant Diagnosis"}, "facility": {"code": 19112}}, {"service": {"name": "Diagnostic Counselling and Testing"}, "facility": {"code": 19112}}, {"service": {"name": "Provider Initiated Counselling and Testing"}, "facility": {"code": 19112}}, {"service": {"name": "Voluntary Counselling and Testing"}, "facility": {"code": 19112}}, {"service": {"name": "Management of STIs"}, "facility": {"code": 19112}}, {"service": {"name": "Condom Promotion and Distribution"}, "facility": {"code": 19112}}, {"service": {"name": "Emergency Preparedness"}, "facility": {"code": 19111}}, {"service": {"name": "Laboratory Services"}, "facility": {"code": 19111}}, {"service": {"name": "Environmental Health Services"}, "facility": {"code": 19110}}, {"service": {"name": "Surgical Services"}, "facility": {"code": 19111}}, {"service": {"name": "Services for Sexual Violence Survivors"}, "facility": {"code": 19110}}, {"service": {"name": "Maternity Services"}, "facility": {"code": 19110}}, {"service": {"name": "Curative Services"}, "facility": {"code": 19111}}, {"service": {"name": "Curative Services"}, "facility": {"code": 19110}}, {"service": {"name": "MDRTB Treatment"}, "facility": {"code": 19110}}, {"service": {"name": "Smear Microscopy"}, "facility": {"code": 19110}}, {"service": {"name": "Focused Antenatal Care"}, "facility": {"code": 19110}}, {"service": {"name": "Long Term FP"}, "facility": {"code": 19110}}, {"service": {"name": "Short Term FP"}, "facility": {"code": 19110}}, {"service": {"name": "Adult Antiretroviral Therapy"}, "facility": {"code": 19110}}, {"service": {"name": "Post Exposure Prophylaxis"}, "facility": {"code": 19110}}, {"service": {"name": "PMTCT - Maternity"}, "facility": {"code": 19110}}, {"service": {"name": "PMTCT - ANC"}, "facility": {"code": 19110}}, {"service": {"name": "Early Infant Diagnosis"}, "facility": {"code": 19110}}, {"service": {"name": "Diagnostic Counselling and Testing"}, "facility": {"code": 19110}}, {"service": {"name": "Provider Initiated Counselling and Testing"}, "facility": {"code": 19110}}, {"service": {"name": "Voluntary Counselling and Testing"}, "facility": {"code": 19110}}, {"service": {"name": "Management of STIs"}, "facility": {"code": 19110}}, {"service": {"name": "Condom Promotion and Distribution"}, "facility": {"code": 19110}}, {"service": {"name": "Laboratory Services"}, "facility": {"code": 19106}}, {"service": {"name": "Curative Services"}, "facility": {"code": 19106}}, {"service": {"name": "Oral Health Services (Dental Services)"}, "facility": {"code": 19105}}, {"service": {"name": "Opthalmic Services"}, "facility": {"code": 19103}}, {"service": {"name": "Curative Services"}, "facility": {"code": 19102}}, {"service": {"name": "Emergency Obstetric Care"}, "facility": {"code": 19102}}, {"service": {"name": "Emergency Preparedness"}, "facility": {"code": 19101}}, {"service": {"name": "Rehabilitative Health Services - Physiotherapy"}, "facility": {"code": 19101}}, {"service": {"name": "Ambulance Sevices"}, "facility": {"code": 19101}}, {"service": {"name": "Laboratory Services"}, "facility": {"code": 19101}}, {"service": {"name": "Radiology Services"}, "facility": {"code": 19101}}, {"service": {"name": "Curative Services"}, "facility": {"code": 19101}}], "unique_fields": ["facility", "service"], "model": "facilities.FacilityService"}]