[{"records": [{"service": {"name": "Mental Health Services"}, "facility": {"code": 18885}}, {"service": {"name": "Opthalmic Services"}, "facility": {"code": 18885}}, {"service": {"name": "Nutrition Services"}, "facility": {"code": 18885}}, {"service": {"name": "Integrated Management of Childhood Illnesses"}, "facility": {"code": 18885}}, {"service": {"name": "Laboratory Services"}, "facility": {"code": 18885}}, {"service": {"name": "Radiology Services"}, "facility": {"code": 18885}}, {"service": {"name": "Surgical Services"}, "facility": {"code": 18885}}, {"service": {"name": "Maternity Services"}, "facility": {"code": 18885}}, {"service": {"name": "Curative Services"}, "facility": {"code": 18885}}, {"service": {"name": "Rehabilitative Health Services - Orthopaedic Technology"}, "facility": {"code": 18885}}, {"service": {"name": "Tuberculosis Culture"}, "facility": {"code": 18885}}, {"service": {"name": "Smear Microscopy"}, "facility": {"code": 18885}}, {"service": {"name": "Port Immunization Services"}, "facility": {"code": 18885}}, {"service": {"name": "Immunization with additional vaccines"}, "facility": {"code": 18885}}, {"service": {"name": "Basic Immunization"}, "facility": {"code": 18885}}, {"service": {"name": "Specialized ANC"}, "facility": {"code": 18885}}, {"service": {"name": "Focused Antenatal Care"}, "facility": {"code": 18885}}, {"service": {"name": "Permanent FP"}, "facility": {"code": 18885}}, {"service": {"name": "Long Term FP"}, "facility": {"code": 18885}}, {"service": {"name": "Short Term FP"}, "facility": {"code": 18885}}, {"service": {"name": "Home Based Care"}, "facility": {"code": 18885}}, {"service": {"name": "Voluntary Male Circumcision"}, "facility": {"code": 18885}}, {"service": {"name": "PMTCT - ANC"}, "facility": {"code": 18885}}, {"service": {"name": "Diagnostic Counselling and Testing"}, "facility": {"code": 18885}}, {"service": {"name": "Provider Initiated Counselling and Testing"}, "facility": {"code": 18885}}, {"service": {"name": "Voluntary Counselling and Testing"}, "facility": {"code": 18885}}, {"service": {"name": "Management of STIs"}, "facility": {"code": 18885}}, {"service": {"name": "Condom Promotion and Distribution"}, "facility": {"code": 18885}}, {"service": {"name": "Condom Promotion and Distribution"}, "facility": {"code": 18884}}, {"service": {"name": "Laboratory Services"}, "facility": {"code": 18883}}, {"service": {"name": "Curative Services"}, "facility": {"code": 18883}}, {"service": {"name": "Integrated Management of Childhood Illnesses"}, "facility": {"code": 16124}}, {"service": {"name": "Maternity Services"}, "facility": {"code": 16124}}, {"service": {"name": "Curative Services"}, "facility": {"code": 16124}}, {"service": {"name": "Long Term FP"}, "facility": {"code": 18883}}, {"service": {"name": "Short Term FP"}, "facility": {"code": 18883}}, {"service": {"name": "Condom Promotion and Distribution"}, "facility": {"code": 18883}}, {"service": {"name": "Long Term FP"}, "facility": {"code": 18882}}, {"service": {"name": "Short Term FP"}, "facility": {"code": 18882}}, {"service": {"name": "Condom Promotion and Distribution"}, "facility": {"code": 18882}}, {"service": {"name": "Emergency Preparedness"}, "facility": {"code": 18879}}, {"service": {"name": "Laboratory Services"}, "facility": {"code": 18879}}, {"service": {"name": "Curative Services"}, "facility": {"code": 18879}}, {"service": {"name": "Integrated Services"}, "facility": {"code": 18879}}, {"service": {"name": "Short Term FP"}, "facility": {"code": 18879}}, {"service": {"name": "PMTCT - ANC"}, "facility": {"code": 18879}}, {"service": {"name": "Provider Initiated Counselling and Testing"}, "facility": {"code": 18879}}, {"service": {"name": "Diagnostic Counselling and Testing"}, "facility": {"code": 18879}}, {"service": {"name": "Voluntary Counselling and Testing"}, "facility": {"code": 18879}}, {"service": {"name": "Management of STIs"}, "facility": {"code": 18879}}, {"service": {"name": "Condom Promotion and Distribution"}, "facility": {"code": 18879}}, {"service": {"name": "Emergency Preparedness"}, "facility": {"code": 18880}}, {"service": {"name": "Laboratory Services"}, "facility": {"code": 18880}}, {"service": {"name": "Surgical Services"}, "facility": {"code": 18880}}, {"service": {"name": "Curative Services"}, "facility": {"code": 18880}}, {"service": {"name": "Provider Initiated Counselling and Testing"}, "facility": {"code": 18880}}, {"service": {"name": "Voluntary Counselling and Testing"}, "facility": {"code": 18880}}, {"service": {"name": "Management of STIs"}, "facility": {"code": 18880}}, {"service": {"name": "Condom Promotion and Distribution"}, "facility": {"code": 18880}}, {"service": {"name": "Emergency Preparedness"}, "facility": {"code": 18878}}, {"service": {"name": "ENT Services"}, "facility": {"code": 18878}}, {"service": {"name": "Oral Health Services (Dental Services)"}, "facility": {"code": 18878}}, {"service": {"name": "Emergency Obstetric Care"}, "facility": {"code": 18878}}, {"service": {"name": "Environmental Health Services"}, "facility": {"code": 18878}}, {"service": {"name": "Services for Sexual Violence Survivors"}, "facility": {"code": 18878}}, {"service": {"name": "Opthalmic Services"}, "facility": {"code": 18878}}, {"service": {"name": "Mental Health Services"}, "facility": {"code": 18878}}, {"service": {"name": "Nutrition Services"}, "facility": {"code": 18878}}, {"service": {"name": "Integrated Management of Childhood Illnesses"}, "facility": {"code": 18878}}, {"service": {"name": "Laboratory Services"}, "facility": {"code": 18878}}, {"service": {"name": "Surgical Services"}, "facility": {"code": 18878}}, {"service": {"name": "Maternity Services"}, "facility": {"code": 18878}}, {"service": {"name": "Curative Services"}, "facility": {"code": 18878}}, {"service": {"name": "Smear Microscopy"}, "facility": {"code": 18878}}, {"service": {"name": "Basic Immunization"}, "facility": {"code": 18878}}, {"service": {"name": "Focused Antenatal Care"}, "facility": {"code": 18878}}, {"service": {"name": "Long Term FP"}, "facility": {"code": 18878}}, {"service": {"name": "Short Term FP"}, "facility": {"code": 18878}}, {"service": {"name": "PMTCT - ANC"}, "facility": {"code": 18878}}, {"service": {"name": "Diagnostic Counselling and Testing"}, "facility": {"code": 18878}}, {"service": {"name": "Provider Initiated Counselling and Testing"}, "facility": {"code": 18878}}, {"service": {"name": "Management of STIs"}, "facility": {"code": 18878}}, {"service": {"name": "Condom Promotion and Distribution"}, "facility": {"code": 18878}}, {"service": {"name": "Nutrition Services"}, "facility": {"code": 18877}}, {"service": {"name": "Environmental Health Services"}, "facility": {"code": 18877}}, {"service": {"name": "Curative Services"}, "facility": {"code": 18877}}, {"service": {"name": "Maternity Services"}, "facility": {"code": 18877}}, {"service": {"name": "Basic Immunization"}, "facility": {"code": 18877}}, {"service": {"name": "Focused Antenatal Care"}, "facility": {"code": 18877}}, {"service": {"name": "Short Term FP"}, "facility": {"code": 18877}}, {"service": {"name": "Adult Antiretroviral Therapy"}, "facility": {"code": 18877}}, {"service": {"name": "Paediatric Antiretroviral Therapy"}, "facility": {"code": 18877}}, {"service": {"name": "Post Exposure Prophylaxis"}, "facility": {"code": 18877}}, {"service": {"name": "PMTCT - Maternity"}, "facility": {"code": 18877}}, {"service": {"name": "PMTCT - ANC"}, "facility": {"code": 18877}}, {"service": {"name": "Early Infant Diagnosis"}, "facility": {"code": 18877}}, {"service": {"name": "Provider Initiated Counselling and Testing"}, "facility": {"code": 18877}}, {"service": {"name": "Management of STIs"}, "facility": {"code": 18877}}, {"service": {"name": "Condom Promotion and Distribution"}, "facility": {"code": 18877}}, {"service": {"name": "Services for Sexual Violence Survivors"}, "facility": {"code": 14940}}, {"service": {"name": "Rehabilitative Health Services - Physiotherapy"}, "facility": {"code": 18867}}, {"service": {"name": "Maternity Services"}, "facility": {"code": 18867}}, {"service": {"name": "Curative Services"}, "facility": {"code": 18867}}, {"service": {"name": "Nutrition Services"}, "facility": {"code": 18865}}, {"service": {"name": "Integrated Management of Childhood Illnesses"}, "facility": {"code": 18865}}, {"service": {"name": "Maternity Services"}, "facility": {"code": 18865}}, {"service": {"name": "Curative Services"}, "facility": {"code": 18865}}, {"service": {"name": "Maternity Services"}, "facility": {"code": 18866}}, {"service": {"name": "Curative Services"}, "facility": {"code": 18866}}, {"service": {"name": "Surgical Services"}, "facility": {"code": 13035}}, {"service": {"name": "Curative Services"}, "facility": {"code": 13035}}, {"service": {"name": "Short Term FP"}, "facility": {"code": 13035}}, {"service": {"name": "Provider Initiated Counselling and Testing"}, "facility": {"code": 13035}}, {"service": {"name": "Management of STIs"}, "facility": {"code": 13035}}, {"service": {"name": "Condom Promotion and Distribution"}, "facility": {"code": 13035}}, {"service": {"name": "Curative Services"}, "facility": {"code": 18875}}, {"service": {"name": "Integrated Services"}, "facility": {"code": 18875}}, {"service": {"name": "Short Term FP"}, "facility": {"code": 18875}}, {"service": {"name": "Post Exposure Prophylaxis"}, "facility": {"code": 18875}}, {"service": {"name": "Diagnostic Counselling and Testing"}, "facility": {"code": 18875}}, {"service": {"name": "Provider Initiated Counselling and Testing"}, "facility": {"code": 18875}}, {"service": {"name": "Voluntary Counselling and Testing"}, "facility": {"code": 18875}}, {"service": {"name": "Management of STIs"}, "facility": {"code": 18875}}, {"service": {"name": "Condom Promotion and Distribution"}, "facility": {"code": 18875}}, {"service": {"name": "Integrated Management of Childhood Illnesses"}, "facility": {"code": 18854}}, {"service": {"name": "Surgical Services"}, "facility": {"code": 12961}}, {"service": {"name": "Laboratory Services"}, "facility": {"code": 12961}}, {"service": {"name": "Curative Services"}, "facility": {"code": 12961}}, {"service": {"name": "Short Term FP"}, "facility": {"code": 12961}}, {"service": {"name": "Voluntary Male Circumcision"}, "facility": {"code": 12961}}, {"service": {"name": "Provider Initiated Counselling and Testing"}, "facility": {"code": 12961}}, {"service": {"name": "Voluntary Counselling and Testing"}, "facility": {"code": 12961}}, {"service": {"name": "Management of STIs"}, "facility": {"code": 12961}}, {"service": {"name": "Condom Promotion and Distribution"}, "facility": {"code": 12961}}, {"service": {"name": "PMTCT - ANC"}, "facility": {"code": 14211}}, {"service": {"name": "Diagnostic Counselling and Testing"}, "facility": {"code": 14211}}, {"service": {"name": "Provider Initiated Counselling and Testing"}, "facility": {"code": 14211}}, {"service": {"name": "Curative Services"}, "facility": {"code": 17640}}, {"service": {"name": "Basic Immunization"}, "facility": {"code": 17640}}, {"service": {"name": "Short Term FP"}, "facility": {"code": 17640}}, {"service": {"name": "Curative Services"}, "facility": {"code": 18874}}, {"service": {"name": "Focused Antenatal Care"}, "facility": {"code": 18874}}, {"service": {"name": "Short Term FP"}, "facility": {"code": 18874}}, {"service": {"name": "Provider Initiated Counselling and Testing"}, "facility": {"code": 18874}}, {"service": {"name": "Management of STIs"}, "facility": {"code": 18874}}, {"service": {"name": "Condom Promotion and Distribution"}, "facility": {"code": 18874}}, {"service": {"name": "Surgical Services"}, "facility": {"code": 18873}}, {"service": {"name": "Maternity Services"}, "facility": {"code": 18873}}, {"service": {"name": "Curative Services"}, "facility": {"code": 18873}}, {"service": {"name": "Focused Antenatal Care"}, "facility": {"code": 18873}}, {"service": {"name": "Basic Immunization"}, "facility": {"code": 18873}}, {"service": {"name": "Short Term FP"}, "facility": {"code": 18873}}, {"service": {"name": "PMTCT - ANC"}, "facility": {"code": 18873}}, {"service": {"name": "Provider Initiated Counselling and Testing"}, "facility": {"code": 18873}}, {"service": {"name": "Management of STIs"}, "facility": {"code": 18873}}, {"service": {"name": "Condom Promotion and Distribution"}, "facility": {"code": 18873}}, {"service": {"name": "Emergency Preparedness"}, "facility": {"code": 18871}}, {"service": {"name": "Emergency Obstetric Care"}, "facility": {"code": 18871}}, {"service": {"name": "Mental Health Services"}, "facility": {"code": 18871}}, {"service": {"name": "Services for Sexual Violence Survivors"}, "facility": {"code": 18871}}, {"service": {"name": "Environmental Health Services"}, "facility": {"code": 18871}}, {"service": {"name": "Nutrition Services"}, "facility": {"code": 18871}}, {"service": {"name": "Integrated Management of Childhood Illnesses"}, "facility": {"code": 18871}}, {"service": {"name": "Curative Services"}, "facility": {"code": 18871}}, {"service": {"name": "Focused Antenatal Care"}, "facility": {"code": 18871}}, {"service": {"name": "Short Term FP"}, "facility": {"code": 18871}}, {"service": {"name": "Post Exposure Prophylaxis"}, "facility": {"code": 18871}}, {"service": {"name": "Early Infant Diagnosis"}, "facility": {"code": 18871}}, {"service": {"name": "PMTCT - ANC"}, "facility": {"code": 18871}}, {"service": {"name": "Diagnostic Counselling and Testing"}, "facility": {"code": 18871}}, {"service": {"name": "Provider Initiated Counselling and Testing"}, "facility": {"code": 18871}}, {"service": {"name": "Voluntary Counselling and Testing"}, "facility": {"code": 18871}}, {"service": {"name": "Management of STIs"}, "facility": {"code": 18871}}, {"service": {"name": "Condom Promotion and Distribution"}, "facility": {"code": 18871}}, {"service": {"name": "Laboratory Services"}, "facility": {"code": 18870}}, {"service": {"name": "Curative Services"}, "facility": {"code": 18870}}, {"service": {"name": "Focused Antenatal Care"}, "facility": {"code": 18870}}, {"service": {"name": "Short Term FP"}, "facility": {"code": 18870}}, {"service": {"name": "Adult Antiretroviral Therapy"}, "facility": {"code": 18870}}, {"service": {"name": "Diagnostic Counselling and Testing"}, "facility": {"code": 18870}}, {"service": {"name": "Provider Initiated Counselling and Testing"}, "facility": {"code": 18870}}, {"service": {"name": "Management of STIs"}, "facility": {"code": 18870}}, {"service": {"name": "Condom Promotion and Distribution"}, "facility": {"code": 18870}}, {"service": {"name": "Emergency Preparedness"}, "facility": {"code": 18867}}, {"service": {"name": "Rehabilitative Health Services - Orthopaedic Technology"}, "facility": {"code": 18867}}, {"service": {"name": "Rehabilitative Health Services - Occupational Health"}, "facility": {"code": 18867}}, {"service": {"name": "Focused Antenatal Care"}, "facility": {"code": 18867}}, {"service": {"name": "Short Term FP"}, "facility": {"code": 18867}}, {"service": {"name": "Post Exposure Prophylaxis"}, "facility": {"code": 18867}}, {"service": {"name": "Diagnostic Counselling and Testing"}, "facility": {"code": 18867}}, {"service": {"name": "Provider Initiated Counselling and Testing"}, "facility": {"code": 18867}}, {"service": {"name": "Voluntary Counselling and Testing"}, "facility": {"code": 18867}}, {"service": {"name": "Management of STIs"}, "facility": {"code": 18867}}, {"service": {"name": "Condom Promotion and Distribution"}, "facility": {"code": 18867}}, {"service": {"name": "Emergency Preparedness"}, "facility": {"code": 18866}}, {"service": {"name": "Focused Antenatal Care"}, "facility": {"code": 18866}}, {"service": {"name": "Short Term FP"}, "facility": {"code": 18866}}, {"service": {"name": "Post Exposure Prophylaxis"}, "facility": {"code": 18866}}, {"service": {"name": "PMTCT - Maternity"}, "facility": {"code": 18866}}, {"service": {"name": "PMTCT - ANC"}, "facility": {"code": 18866}}, {"service": {"name": "Diagnostic Counselling and Testing"}, "facility": {"code": 18866}}, {"service": {"name": "Provider Initiated Counselling and Testing"}, "facility": {"code": 18866}}, {"service": {"name": "Voluntary Counselling and Testing"}, "facility": {"code": 18866}}, {"service": {"name": "Management of STIs"}, "facility": {"code": 18866}}, {"service": {"name": "Condom Promotion and Distribution"}, "facility": {"code": 18866}}, {"service": {"name": "Emergency Preparedness"}, "facility": {"code": 18865}}, {"service": {"name": "Immunization with additional vaccines"}, "facility": {"code": 18865}}, {"service": {"name": "Basic Immunization"}, "facility": {"code": 18865}}, {"service": {"name": "Focused Antenatal Care"}, "facility": {"code": 18865}}, {"service": {"name": "Short Term FP"}, "facility": {"code": 18865}}, {"service": {"name": "PMTCT - Maternity"}, "facility": {"code": 18865}}, {"service": {"name": "PMTCT - ANC"}, "facility": {"code": 18865}}, {"service": {"name": "Diagnostic Counselling and Testing"}, "facility": {"code": 18865}}, {"service": {"name": "Provider Initiated Counselling and Testing"}, "facility": {"code": 18865}}, {"service": {"name": "Voluntary Counselling and Testing"}, "facility": {"code": 18865}}, {"service": {"name": "Management of STIs"}, "facility": {"code": 18865}}, {"service": {"name": "Condom Promotion and Distribution"}, "facility": {"code": 18865}}, {"service": {"name": "Environmental Health Services"}, "facility": {"code": 17084}}, {"service": {"name": "Nutrition Services"}, "facility": {"code": 17084}}, {"service": {"name": "Curative Services"}, "facility": {"code": 17084}}, {"service": {"name": "Short Term FP"}, "facility": {"code": 17084}}, {"service": {"name": "Provider Initiated Counselling and Testing"}, "facility": {"code": 17084}}, {"service": {"name": "Management of STIs"}, "facility": {"code": 17084}}, {"service": {"name": "Condom Promotion and Distribution"}, "facility": {"code": 17084}}, {"service": {"name": "PMTCT - ANC"}, "facility": {"code": 18864}}, {"service": {"name": "Short Term FP"}, "facility": {"code": 18864}}, {"service": {"name": "Management of STIs"}, "facility": {"code": 18864}}, {"service": {"name": "Condom Promotion and Distribution"}, "facility": {"code": 18864}}, {"service": {"name": "Oral Health Services (Dental Services)"}, "facility": {"code": 18863}}, {"service": {"name": "Emergency Obstetric Care"}, "facility": {"code": 18863}}, {"service": {"name": "Integrated Management of Childhood Illnesses"}, "facility": {"code": 18863}}, {"service": {"name": "Curative Services"}, "facility": {"code": 18863}}, {"service": {"name": "Immunization with additional vaccines"}, "facility": {"code": 18863}}, {"service": {"name": "Basic Immunization"}, "facility": {"code": 18863}}, {"service": {"name": "Long Term FP"}, "facility": {"code": 18863}}, {"service": {"name": "Short Term FP"}, "facility": {"code": 18863}}, {"service": {"name": "Post Exposure Prophylaxis"}, "facility": {"code": 18863}}, {"service": {"name": "PMTCT - ANC"}, "facility": {"code": 18863}}, {"service": {"name": "Provider Initiated Counselling and Testing"}, "facility": {"code": 18863}}, {"service": {"name": "Voluntary Counselling and Testing"}, "facility": {"code": 18863}}, {"service": {"name": "Management of STIs"}, "facility": {"code": 18863}}, {"service": {"name": "Condom Promotion and Distribution"}, "facility": {"code": 18863}}, {"service": {"name": "Laboratory Services"}, "facility": {"code": 18861}}, {"service": {"name": "Basic Immunization"}, "facility": {"code": 18862}}, {"service": {"name": "Facility Based Blood Collection Service"}, "facility": {"code": 18861}}, {"service": {"name": "Focused Antenatal Care"}, "facility": {"code": 18862}}, {"service": {"name": "Short Term FP"}, "facility": {"code": 18862}}, {"service": {"name": "PMTCT - ANC"}, "facility": {"code": 18862}}, {"service": {"name": "Management of STIs"}, "facility": {"code": 18862}}, {"service": {"name": "Condom Promotion and Distribution"}, "facility": {"code": 18862}}, {"service": {"name": "Voluntary Counselling and Testing"}, "facility": {"code": 18860}}, {"service": {"name": "Condom Promotion and Distribution"}, "facility": {"code": 18860}}, {"service": {"name": "Emergency Preparedness"}, "facility": {"code": 18859}}, {"service": {"name": "Emergency Obstetric Care"}, "facility": {"code": 18859}}, {"service": {"name": "Nutrition Services"}, "facility": {"code": 18859}}, {"service": {"name": "Ambulance Sevices"}, "facility": {"code": 18859}}, {"service": {"name": "Laboratory Services"}, "facility": {"code": 18859}}, {"service": {"name": "Radiology Services"}, "facility": {"code": 18859}}, {"service": {"name": "Surgical Services"}, "facility": {"code": 18859}}, {"service": {"name": "Maternity Services"}, "facility": {"code": 18858}}, {"service": {"name": "Curative Services"}, "facility": {"code": 18858}}, {"service": {"name": "Curative Services"}, "facility": {"code": 18859}}, {"service": {"name": "Basic Immunization"}, "facility": {"code": 18858}}, {"service": {"name": "Focused Antenatal Care"}, "facility": {"code": 18858}}, {"service": {"name": "Integrated Services"}, "facility": {"code": 18858}}, {"service": {"name": "Long Term FP"}, "facility": {"code": 18858}}, {"service": {"name": "Short Term FP"}, "facility": {"code": 18858}}, {"service": {"name": "PMTCT - Maternity"}, "facility": {"code": 18858}}, {"service": {"name": "PMTCT - ANC"}, "facility": {"code": 18858}}, {"service": {"name": "Early Infant Diagnosis"}, "facility": {"code": 18858}}, {"service": {"name": "Diagnostic Counselling and Testing"}, "facility": {"code": 18858}}, {"service": {"name": "Provider Initiated Counselling and Testing"}, "facility": {"code": 18858}}, {"service": {"name": "Management of STIs"}, "facility": {"code": 18858}}, {"service": {"name": "Condom Promotion and Distribution"}, "facility": {"code": 18858}}, {"service": {"name": "Specialized ANC"}, "facility": {"code": 18859}}, {"service": {"name": "Focused Antenatal Care"}, "facility": {"code": 18859}}, {"service": {"name": "Long Term FP"}, "facility": {"code": 18859}}, {"service": {"name": "Short Term FP"}, "facility": {"code": 18859}}, {"service": {"name": "PMTCT - ANC"}, "facility": {"code": 18859}}, {"service": {"name": "Provider Initiated Counselling and Testing"}, "facility": {"code": 18859}}, {"service": {"name": "Voluntary Counselling and Testing"}, "facility": {"code": 18859}}, {"service": {"name": "Management of STIs"}, "facility": {"code": 18859}}, {"service": {"name": "Condom Promotion and Distribution"}, "facility": {"code": 18859}}, {"service": {"name": "Emergency Obstetric Care"}, "facility": {"code": 18854}}, {"service": {"name": "Nutrition Services"}, "facility": {"code": 18854}}, {"service": {"name": "Surgical Services"}, "facility": {"code": 18854}}, {"service": {"name": "Maternity Services"}, "facility": {"code": 18854}}, {"service": {"name": "Curative Services"}, "facility": {"code": 18854}}, {"service": {"name": "Basic Immunization"}, "facility": {"code": 18854}}, {"service": {"name": "Focused Antenatal Care"}, "facility": {"code": 18854}}, {"service": {"name": "Integrated Services"}, "facility": {"code": 18854}}, {"service": {"name": "Short Term FP"}, "facility": {"code": 18854}}, {"service": {"name": "PMTCT - Maternity"}, "facility": {"code": 18854}}, {"service": {"name": "PMTCT - ANC"}, "facility": {"code": 18854}}, {"service": {"name": "Diagnostic Counselling and Testing"}, "facility": {"code": 18854}}, {"service": {"name": "Provider Initiated Counselling and Testing"}, "facility": {"code": 18854}}, {"service": {"name": "Voluntary Counselling and Testing"}, "facility": {"code": 18854}}, {"service": {"name": "Management of STIs"}, "facility": {"code": 18854}}, {"service": {"name": "Condom Promotion and Distribution"}, "facility": {"code": 18854}}, {"service": {"name": "Emergency Preparedness"}, "facility": {"code": 18853}}, {"service": {"name": "Emergency Obstetric Care"}, "facility": {"code": 18853}}, {"service": {"name": "Nutrition Services"}, "facility": {"code": 18853}}, {"service": {"name": "Surgical Services"}, "facility": {"code": 18853}}, {"service": {"name": "Maternity Services"}, "facility": {"code": 18853}}, {"service": {"name": "Curative Services"}, "facility": {"code": 18853}}, {"service": {"name": "Services for Female Genital Mutilation (FGM) Survivors"}, "facility": {"code": 18853}}, {"service": {"name": "Immunization with additional vaccines"}, "facility": {"code": 18853}}, {"service": {"name": "Basic Immunization"}, "facility": {"code": 18853}}, {"service": {"name": "Focused Antenatal Care"}, "facility": {"code": 18853}}, {"service": {"name": "Integrated Services"}, "facility": {"code": 18853}}, {"service": {"name": "Long Term FP"}, "facility": {"code": 18853}}, {"service": {"name": "Short Term FP"}, "facility": {"code": 18853}}, {"service": {"name": "Post Exposure Prophylaxis"}, "facility": {"code": 18853}}, {"service": {"name": "PMTCT - Maternity"}, "facility": {"code": 18853}}, {"service": {"name": "PMTCT - ANC"}, "facility": {"code": 18853}}, {"service": {"name": "Diagnostic Counselling and Testing"}, "facility": {"code": 18853}}, {"service": {"name": "Provider Initiated Counselling and Testing"}, "facility": {"code": 18853}}, {"service": {"name": "Voluntary Counselling and Testing"}, "facility": {"code": 18853}}, {"service": {"name": "Management of STIs"}, "facility": {"code": 18853}}, {"service": {"name": "Condom Promotion and Distribution"}, "facility": {"code": 18853}}, {"service": {"name": "Curative Services"}, "facility": {"code": 17214}}, {"service": {"name": "Laboratory Services"}, "facility": {"code": 17216}}, {"service": {"name": "Curative Services"}, "facility": {"code": 17216}}, {"service": {"name": "Focused Antenatal Care"}, "facility": {"code": 17216}}, {"service": {"name": "Short Term FP"}, "facility": {"code": 17216}}, {"service": {"name": "Condom Promotion and Distribution"}, "facility": {"code": 17216}}, {"service": {"name": "Dental Laboratory Services"}, "facility": {"code": 18851}}, {"service": {"name": "Emergency Obstetric Care"}, "facility": {"code": 18851}}, {"service": {"name": "Nutrition Services"}, "facility": {"code": 18851}}, {"service": {"name": "Environmental Health Services"}, "facility": {"code": 18851}}, {"service": {"name": "Services for Sexual Violence Survivors"}, "facility": {"code": 18851}}, {"service": {"name": "Ambulance Sevices"}, "facility": {"code": 18851}}, {"service": {"name": "Laboratory Services"}, "facility": {"code": 18851}}, {"service": {"name": "Maternity Services"}, "facility": {"code": 18851}}, {"service": {"name": "Curative Services"}, "facility": {"code": 18851}}, {"service": {"name": "Facility Based Blood Transfusion Service"}, "facility": {"code": 18851}}, {"service": {"name": "Smear Microscopy"}, "facility": {"code": 18851}}, {"service": {"name": "Short Term FP"}, "facility": {"code": 18851}}, {"service": {"name": "Long Term FP"}, "facility": {"code": 18851}}, {"service": {"name": "PMTCT - Maternity"}, "facility": {"code": 18851}}, {"service": {"name": "PMTCT - ANC"}, "facility": {"code": 18851}}, {"service": {"name": "Diagnostic Counselling and Testing"}, "facility": {"code": 18851}}, {"service": {"name": "Provider Initiated Counselling and Testing"}, "facility": {"code": 18851}}, {"service": {"name": "Management of STIs"}, "facility": {"code": 18851}}, {"service": {"name": "Condom Promotion and Distribution"}, "facility": {"code": 18851}}, {"service": {"name": "Curative Services"}, "facility": {"code": 18850}}, {"service": {"name": "Basic Immunization"}, "facility": {"code": 18850}}, {"service": {"name": "Focused Antenatal Care"}, "facility": {"code": 18850}}, {"service": {"name": "Short Term FP"}, "facility": {"code": 18850}}, {"service": {"name": "PMTCT - ANC"}, "facility": {"code": 18850}}, {"service": {"name": "Provider Initiated Counselling and Testing"}, "facility": {"code": 18850}}, {"service": {"name": "Management of STIs"}, "facility": {"code": 18850}}, {"service": {"name": "Condom Promotion and Distribution"}, "facility": {"code": 18850}}, {"service": {"name": "Curative Services"}, "facility": {"code": 18849}}, {"service": {"name": "Basic Immunization"}, "facility": {"code": 18849}}, {"service": {"name": "Focused Antenatal Care"}, "facility": {"code": 18849}}, {"service": {"name": "PMTCT - ANC"}, "facility": {"code": 18849}}, {"service": {"name": "Provider Initiated Counselling and Testing"}, "facility": {"code": 18849}}, {"service": {"name": "Management of STIs"}, "facility": {"code": 18849}}, {"service": {"name": "Condom Promotion and Distribution"}, "facility": {"code": 18849}}, {"service": {"name": "Curative Services"}, "facility": {"code": 18848}}, {"service": {"name": "Basic Immunization"}, "facility": {"code": 18848}}, {"service": {"name": "Short Term FP"}, "facility": {"code": 18848}}, {"service": {"name": "PMTCT - ANC"}, "facility": {"code": 18848}}, {"service": {"name": "Provider Initiated Counselling and Testing"}, "facility": {"code": 18848}}, {"service": {"name": "Management of STIs"}, "facility": {"code": 18848}}, {"service": {"name": "Condom Promotion and Distribution"}, "facility": {"code": 18848}}, {"service": {"name": "Curative Services"}, "facility": {"code": 18847}}, {"service": {"name": "Basic Immunization"}, "facility": {"code": 18847}}, {"service": {"name": "Focused Antenatal Care"}, "facility": {"code": 18847}}, {"service": {"name": "Short Term FP"}, "facility": {"code": 18847}}, {"service": {"name": "PMTCT - ANC"}, "facility": {"code": 18847}}, {"service": {"name": "Diagnostic Counselling and Testing"}, "facility": {"code": 18847}}, {"service": {"name": "Provider Initiated Counselling and Testing"}, "facility": {"code": 18847}}, {"service": {"name": "Management of STIs"}, "facility": {"code": 18847}}, {"service": {"name": "Condom Promotion and Distribution"}, "facility": {"code": 18847}}, {"service": {"name": "Emergency Preparedness"}, "facility": {"code": 17130}}, {"service": {"name": "Emergency Obstetric Care"}, "facility": {"code": 17130}}, {"service": {"name": "Environmental Health Services"}, "facility": {"code": 17130}}, {"service": {"name": "Curative Services"}, "facility": {"code": 17130}}, {"service": {"name": "Short Term FP"}, "facility": {"code": 17130}}, {"service": {"name": "Provider Initiated Counselling and Testing"}, "facility": {"code": 17130}}, {"service": {"name": "Management of STIs"}, "facility": {"code": 17130}}, {"service": {"name": "Condom Promotion and Distribution"}, "facility": {"code": 17130}}, {"service": {"name": "Short Term FP"}, "facility": {"code": 18846}}, {"service": {"name": "Management of STIs"}, "facility": {"code": 18846}}, {"service": {"name": "Condom Promotion and Distribution"}, "facility": {"code": 18846}}, {"service": {"name": "Laboratory Services"}, "facility": {"code": 18845}}, {"service": {"name": "Curative Services"}, "facility": {"code": 18845}}, {"service": {"name": "Short Term FP"}, "facility": {"code": 18845}}, {"service": {"name": "Diagnostic Counselling and Testing"}, "facility": {"code": 18845}}, {"service": {"name": "Provider Initiated Counselling and Testing"}, "facility": {"code": 18845}}, {"service": {"name": "Voluntary Counselling and Testing"}, "facility": {"code": 18845}}, {"service": {"name": "Management of STIs"}, "facility": {"code": 18845}}, {"service": {"name": "Curative Services"}, "facility": {"code": 18844}}, {"service": {"name": "Focused Antenatal Care"}, "facility": {"code": 18844}}, {"service": {"name": "Long Term FP"}, "facility": {"code": 18844}}, {"service": {"name": "Short Term FP"}, "facility": {"code": 18844}}, {"service": {"name": "Diagnostic Counselling and Testing"}, "facility": {"code": 18844}}, {"service": {"name": "Provider Initiated Counselling and Testing"}, "facility": {"code": 18844}}, {"service": {"name": "Voluntary Counselling and Testing"}, "facility": {"code": 18844}}, {"service": {"name": "Management of STIs"}, "facility": {"code": 18844}}, {"service": {"name": "Condom Promotion and Distribution"}, "facility": {"code": 18844}}, {"service": {"name": "Emergency Obstetric Care"}, "facility": {"code": 18843}}, {"service": {"name": "Laboratory Services"}, "facility": {"code": 18843}}, {"service": {"name": "Maternity Services"}, "facility": {"code": 18843}}, {"service": {"name": "Curative Services"}, "facility": {"code": 18843}}, {"service": {"name": "Focused Antenatal Care"}, "facility": {"code": 18843}}, {"service": {"name": "Short Term FP"}, "facility": {"code": 18843}}, {"service": {"name": "Diagnostic Counselling and Testing"}, "facility": {"code": 18843}}, {"service": {"name": "Provider Initiated Counselling and Testing"}, "facility": {"code": 18843}}, {"service": {"name": "Voluntary Counselling and Testing"}, "facility": {"code": 18843}}, {"service": {"name": "Management of STIs"}, "facility": {"code": 18843}}, {"service": {"name": "Condom Promotion and Distribution"}, "facility": {"code": 18843}}, {"service": {"name": "Curative Services"}, "facility": {"code": 18842}}, {"service": {"name": "Focused Antenatal Care"}, "facility": {"code": 18842}}, {"service": {"name": "Short Term FP"}, "facility": {"code": 18842}}, {"service": {"name": "Management of STIs"}, "facility": {"code": 18842}}, {"service": {"name": "Condom Promotion and Distribution"}, "facility": {"code": 18842}}, {"service": {"name": "Emergency Obstetric Care"}, "facility": {"code": 18841}}, {"service": {"name": "Maternity Services"}, "facility": {"code": 18841}}, {"service": {"name": "Long Term FP"}, "facility": {"code": 18841}}, {"service": {"name": "Permanent FP"}, "facility": {"code": 18841}}, {"service": {"name": "Short Term FP"}, "facility": {"code": 18841}}, {"service": {"name": "Provider Initiated Counselling and Testing"}, "facility": {"code": 18841}}, {"service": {"name": "Voluntary Counselling and Testing"}, "facility": {"code": 18841}}, {"service": {"name": "Management of STIs"}, "facility": {"code": 18841}}, {"service": {"name": "Condom Promotion and Distribution"}, "facility": {"code": 18841}}, {"service": {"name": "Diagnostic Counselling and Testing"}, "facility": {"code": 18841}}, {"service": {"name": "Maternity Services"}, "facility": {"code": 18840}}, {"service": {"name": "Curative Services"}, "facility": {"code": 18840}}, {"service": {"name": "Basic Immunization"}, "facility": {"code": 18840}}, {"service": {"name": "Long Term FP"}, "facility": {"code": 18840}}, {"service": {"name": "Short Term FP"}, "facility": {"code": 18840}}, {"service": {"name": "PMTCT - Maternity"}, "facility": {"code": 18840}}, {"service": {"name": "PMTCT - ANC"}, "facility": {"code": 18840}}, {"service": {"name": "Diagnostic Counselling and Testing"}, "facility": {"code": 18840}}, {"service": {"name": "Provider Initiated Counselling and Testing"}, "facility": {"code": 18840}}, {"service": {"name": "Management of STIs"}, "facility": {"code": 18840}}, {"service": {"name": "Condom Promotion and Distribution"}, "facility": {"code": 18840}}, {"service": {"name": "Emergency Preparedness"}, "facility": {"code": 18839}}, {"service": {"name": "ENT Services"}, "facility": {"code": 18839}}, {"service": {"name": "Dental Laboratory Services"}, "facility": {"code": 18839}}, {"service": {"name": "Oral Health Services (Dental Services)"}, "facility": {"code": 18839}}, {"service": {"name": "Emergency Obstetric Care"}, "facility": {"code": 18839}}, {"service": {"name": "Nutrition Services"}, "facility": {"code": 18839}}, {"service": {"name": "Integrated Management of Childhood Illnesses"}, "facility": {"code": 18839}}, {"service": {"name": "Curative Services"}, "facility": {"code": 18839}}, {"service": {"name": "Integrated Services"}, "facility": {"code": 18839}}, {"service": {"name": "Long Term FP"}, "facility": {"code": 18839}}, {"service": {"name": "Short Term FP"}, "facility": {"code": 18839}}, {"service": {"name": "Home Based Care"}, "facility": {"code": 18839}}, {"service": {"name": "PMTCT - ANC"}, "facility": {"code": 18839}}, {"service": {"name": "Early Infant Diagnosis"}, "facility": {"code": 18839}}, {"service": {"name": "Diagnostic Counselling and Testing"}, "facility": {"code": 18839}}, {"service": {"name": "Provider Initiated Counselling and Testing"}, "facility": {"code": 18839}}, {"service": {"name": "Voluntary Counselling and Testing"}, "facility": {"code": 18839}}, {"service": {"name": "Management of STIs"}, "facility": {"code": 18839}}, {"service": {"name": "Condom Promotion and Distribution"}, "facility": {"code": 18839}}, {"service": {"name": "ENT Services"}, "facility": {"code": 18838}}, {"service": {"name": "Dental Laboratory Services"}, "facility": {"code": 18838}}, {"service": {"name": "Oral Health Services (Dental Services)"}, "facility": {"code": 18838}}, {"service": {"name": "Emergency Obstetric Care"}, "facility": {"code": 18838}}, {"service": {"name": "Nutrition Services"}, "facility": {"code": 18838}}, {"service": {"name": "Integrated Management of Childhood Illnesses"}, "facility": {"code": 18838}}, {"service": {"name": "Ambulance Sevices"}, "facility": {"code": 18838}}, {"service": {"name": "Laboratory Services"}, "facility": {"code": 18838}}, {"service": {"name": "Surgical Services"}, "facility": {"code": 18838}}, {"service": {"name": "Curative Services"}, "facility": {"code": 18838}}, {"service": {"name": "Port Immunization Services"}, "facility": {"code": 18838}}, {"service": {"name": "Immunization with additional vaccines"}, "facility": {"code": 18838}}, {"service": {"name": "Basic Immunization"}, "facility": {"code": 18838}}, {"service": {"name": "Permanent FP"}, "facility": {"code": 18838}}, {"service": {"name": "Long Term FP"}, "facility": {"code": 18838}}, {"service": {"name": "Short Term FP"}, "facility": {"code": 18838}}, {"service": {"name": "PMTCT - ANC"}, "facility": {"code": 18838}}, {"service": {"name": "Diagnostic Counselling and Testing"}, "facility": {"code": 18838}}, {"service": {"name": "Early Infant Diagnosis"}, "facility": {"code": 18838}}, {"service": {"name": "Provider Initiated Counselling and Testing"}, "facility": {"code": 18838}}, {"service": {"name": "Management of STIs"}, "facility": {"code": 18838}}, {"service": {"name": "Condom Promotion and Distribution"}, "facility": {"code": 18838}}, {"service": {"name": "ENT Services"}, "facility": {"code": 18837}}, {"service": {"name": "Dental Laboratory Services"}, "facility": {"code": 18837}}, {"service": {"name": "Oral Health Services (Dental Services)"}, "facility": {"code": 18837}}, {"service": {"name": "Emergency Obstetric Care"}, "facility": {"code": 18837}}, {"service": {"name": "Rehabilitative Health Services - Physiotherapy"}, "facility": {"code": 18837}}, {"service": {"name": "Services for Sexual Violence Survivors"}, "facility": {"code": 18837}}, {"service": {"name": "Mental Health Services"}, "facility": {"code": 18837}}, {"service": {"name": "Opthalmic Services"}, "facility": {"code": 18837}}, {"service": {"name": "Nutrition Services"}, "facility": {"code": 18837}}, {"service": {"name": "Laboratory Services"}, "facility": {"code": 18837}}, {"service": {"name": "Surgical Services"}, "facility": {"code": 18837}}, {"service": {"name": "Maternity Services"}, "facility": {"code": 18837}}, {"service": {"name": "Curative Services"}, "facility": {"code": 18837}}, {"service": {"name": "Immunization with additional vaccines"}, "facility": {"code": 18837}}, {"service": {"name": "Basic Immunization"}, "facility": {"code": 18837}}, {"service": {"name": "Long Term FP"}, "facility": {"code": 18837}}, {"service": {"name": "Short Term FP"}, "facility": {"code": 18837}}, {"service": {"name": "PMTCT - Maternity"}, "facility": {"code": 18837}}, {"service": {"name": "PMTCT - ANC"}, "facility": {"code": 18837}}, {"service": {"name": "Early Infant Diagnosis"}, "facility": {"code": 18837}}, {"service": {"name": "Provider Initiated Counselling and Testing"}, "facility": {"code": 18837}}, {"service": {"name": "Management of STIs"}, "facility": {"code": 18837}}, {"service": {"name": "Condom Promotion and Distribution"}, "facility": {"code": 18837}}, {"service": {"name": "Emergency Preparedness"}, "facility": {"code": 18836}}, {"service": {"name": "Emergency Obstetric Care"}, "facility": {"code": 18836}}, {"service": {"name": "Nutrition Services"}, "facility": {"code": 18836}}, {"service": {"name": "Integrated Management of Childhood Illnesses"}, "facility": {"code": 18836}}, {"service": {"name": "Laboratory Services"}, "facility": {"code": 18836}}, {"service": {"name": "Curative Services"}, "facility": {"code": 18836}}, {"service": {"name": "Focused Antenatal Care"}, "facility": {"code": 18836}}, {"service": {"name": "Long Term FP"}, "facility": {"code": 18836}}, {"service": {"name": "Short Term FP"}, "facility": {"code": 18836}}, {"service": {"name": "Early Infant Diagnosis"}, "facility": {"code": 18836}}, {"service": {"name": "Diagnostic Counselling and Testing"}, "facility": {"code": 18836}}, {"service": {"name": "Provider Initiated Counselling and Testing"}, "facility": {"code": 18836}}, {"service": {"name": "Voluntary Counselling and Testing"}, "facility": {"code": 18836}}, {"service": {"name": "Management of STIs"}, "facility": {"code": 18836}}, {"service": {"name": "Condom Promotion and Distribution"}, "facility": {"code": 18836}}, {"service": {"name": "Emergency Obstetric Care"}, "facility": {"code": 18835}}, {"service": {"name": "Environmental Health Services"}, "facility": {"code": 18835}}, {"service": {"name": "Laboratory Services"}, "facility": {"code": 18835}}, {"service": {"name": "Curative Services"}, "facility": {"code": 18835}}, {"service": {"name": "Long Term FP"}, "facility": {"code": 18835}}, {"service": {"name": "Short Term FP"}, "facility": {"code": 18835}}, {"service": {"name": "Provider Initiated Counselling and Testing"}, "facility": {"code": 18835}}, {"service": {"name": "Management of STIs"}, "facility": {"code": 18835}}, {"service": {"name": "Condom Promotion and Distribution"}, "facility": {"code": 18835}}, {"service": {"name": "Curative Services"}, "facility": {"code": 18834}}, {"service": {"name": "Short Term FP"}, "facility": {"code": 18834}}, {"service": {"name": "Management of STIs"}, "facility": {"code": 18834}}, {"service": {"name": "Condom Promotion and Distribution"}, "facility": {"code": 18834}}, {"service": {"name": "Emergency Preparedness"}, "facility": {"code": 12376}}, {"service": {"name": "Emergency Obstetric Care"}, "facility": {"code": 12376}}, {"service": {"name": "Maternity Services"}, "facility": {"code": 12376}}, {"service": {"name": "Curative Services"}, "facility": {"code": 12376}}, {"service": {"name": "First Line Treatment"}, "facility": {"code": 12376}}, {"service": {"name": "Smear Microscopy"}, "facility": {"code": 12376}}, {"service": {"name": "Basic Immunization"}, "facility": {"code": 12376}}, {"service": {"name": "Focused Antenatal Care"}, "facility": {"code": 12376}}, {"service": {"name": "Integrated Services"}, "facility": {"code": 12376}}, {"service": {"name": "Long Term FP"}, "facility": {"code": 12376}}, {"service": {"name": "Short Term FP"}, "facility": {"code": 12376}}, {"service": {"name": "Adult Antiretroviral Therapy"}, "facility": {"code": 12376}}, {"service": {"name": "Paediatric Antiretroviral Therapy"}, "facility": {"code": 12376}}, {"service": {"name": "Post Exposure Prophylaxis"}, "facility": {"code": 12376}}, {"service": {"name": "PMTCT - Maternity"}, "facility": {"code": 12376}}, {"service": {"name": "PMTCT - ANC"}, "facility": {"code": 12376}}, {"service": {"name": "Early Infant Diagnosis"}, "facility": {"code": 12376}}, {"service": {"name": "Diagnostic Counselling and Testing"}, "facility": {"code": 12376}}, {"service": {"name": "Provider Initiated Counselling and Testing"}, "facility": {"code": 12376}}, {"service": {"name": "Management of STIs"}, "facility": {"code": 12376}}, {"service": {"name": "Condom Promotion and Distribution"}, "facility": {"code": 12376}}, {"service": {"name": "Emergency Preparedness"}, "facility": {"code": 16922}}, {"service": {"name": "PMTCT - Maternity"}, "facility": {"code": 12529}}, {"service": {"name": "PMTCT - ANC"}, "facility": {"code": 12529}}, {"service": {"name": "Emergency Obstetric Care"}, "facility": {"code": 16435}}, {"service": {"name": "Maternity Services"}, "facility": {"code": 16435}}, {"service": {"name": "Curative Services"}, "facility": {"code": 16435}}, {"service": {"name": "First Line Treatment"}, "facility": {"code": 16435}}, {"service": {"name": "Smear Microscopy"}, "facility": {"code": 16435}}, {"service": {"name": "Basic Immunization"}, "facility": {"code": 16435}}, {"service": {"name": "Focused Antenatal Care"}, "facility": {"code": 16435}}, {"service": {"name": "Integrated Services"}, "facility": {"code": 16435}}, {"service": {"name": "Long Term FP"}, "facility": {"code": 16435}}, {"service": {"name": "Short Term FP"}, "facility": {"code": 16435}}, {"service": {"name": "Adult Antiretroviral Therapy"}, "facility": {"code": 16435}}, {"service": {"name": "Paediatric Antiretroviral Therapy"}, "facility": {"code": 16435}}, {"service": {"name": "Post Exposure Prophylaxis"}, "facility": {"code": 16435}}, {"service": {"name": "PMTCT - Maternity"}, "facility": {"code": 16435}}, {"service": {"name": "PMTCT - ANC"}, "facility": {"code": 16435}}, {"service": {"name": "Early Infant Diagnosis"}, "facility": {"code": 16435}}, {"service": {"name": "Diagnostic Counselling and Testing"}, "facility": {"code": 16435}}, {"service": {"name": "Provider Initiated Counselling and Testing"}, "facility": {"code": 16435}}, {"service": {"name": "Management of STIs"}, "facility": {"code": 16435}}, {"service": {"name": "Condom Promotion and Distribution"}, "facility": {"code": 16435}}, {"service": {"name": "Emergency Obstetric Care"}, "facility": {"code": 17855}}, {"service": {"name": "Nutrition Services"}, "facility": {"code": 17855}}, {"service": {"name": "Integrated Management of Childhood Illnesses"}, "facility": {"code": 17855}}, {"service": {"name": "Focused Antenatal Care"}, "facility": {"code": 17855}}, {"service": {"name": "Provider Initiated Counselling and Testing"}, "facility": {"code": 17613}}, {"service": {"name": "Management of STIs"}, "facility": {"code": 17613}}, {"service": {"name": "Condom Promotion and Distribution"}, "facility": {"code": 17613}}, {"service": {"name": "Emergency Preparedness"}, "facility": {"code": 12618}}, {"service": {"name": "Oral Health Services (Dental Services)"}, "facility": {"code": 12618}}, {"service": {"name": "Radiology Services"}, "facility": {"code": 12618}}, {"service": {"name": "MDRTB Treatment"}, "facility": {"code": 12618}}, {"service": {"name": "Curative Services"}, "facility": {"code": 18833}}, {"service": {"name": "Long Term FP"}, "facility": {"code": 18833}}, {"service": {"name": "Short Term FP"}, "facility": {"code": 18833}}, {"service": {"name": "Provider Initiated Counselling and Testing"}, "facility": {"code": 18833}}, {"service": {"name": "Management of STIs"}, "facility": {"code": 18833}}, {"service": {"name": "Condom Promotion and Distribution"}, "facility": {"code": 18833}}, {"service": {"name": "Emergency Obstetric Care"}, "facility": {"code": 18832}}, {"service": {"name": "Nutrition Services"}, "facility": {"code": 18832}}, {"service": {"name": "Laboratory Services"}, "facility": {"code": 18832}}, {"service": {"name": "Curative Services"}, "facility": {"code": 18832}}, {"service": {"name": "Focused Antenatal Care"}, "facility": {"code": 18832}}, {"service": {"name": "Long Term FP"}, "facility": {"code": 18832}}, {"service": {"name": "Short Term FP"}, "facility": {"code": 18832}}, {"service": {"name": "PMTCT - ANC"}, "facility": {"code": 18832}}, {"service": {"name": "Diagnostic Counselling and Testing"}, "facility": {"code": 18832}}, {"service": {"name": "Provider Initiated Counselling and Testing"}, "facility": {"code": 18832}}, {"service": {"name": "Management of STIs"}, "facility": {"code": 18832}}, {"service": {"name": "Condom Promotion and Distribution"}, "facility": {"code": 18832}}, {"service": {"name": "Early Infant Diagnosis"}, "facility": {"code": 14696}}, {"service": {"name": "Short Term FP"}, "facility": {"code": 17098}}, {"service": {"name": "Management of STIs"}, "facility": {"code": 17098}}, {"service": {"name": "Condom Promotion and Distribution"}, "facility": {"code": 17098}}, {"service": {"name": "Curative Services"}, "facility": {"code": 18829}}, {"service": {"name": "Focused Antenatal Care"}, "facility": {"code": 18829}}, {"service": {"name": "Short Term FP"}, "facility": {"code": 18829}}, {"service": {"name": "Post Exposure Prophylaxis"}, "facility": {"code": 18829}}, {"service": {"name": "PMTCT - ANC"}, "facility": {"code": 18829}}, {"service": {"name": "Provider Initiated Counselling and Testing"}, "facility": {"code": 18829}}, {"service": {"name": "Voluntary Counselling and Testing"}, "facility": {"code": 18829}}, {"service": {"name": "Management of STIs"}, "facility": {"code": 18829}}, {"service": {"name": "Condom Promotion and Distribution"}, "facility": {"code": 18829}}, {"service": {"name": "Early Infant Diagnosis"}, "facility": {"code": 13179}}, {"service": {"name": "Basic Immunization"}, "facility": {"code": 18323}}, {"service": {"name": "Short Term FP"}, "facility": {"code": 12919}}, {"service": {"name": "Adult Antiretroviral Therapy"}, "facility": {"code": 12919}}, {"service": {"name": "Focused Antenatal Care"}, "facility": {"code": 12919}}, {"service": {"name": "Basic Immunization"}, "facility": {"code": 12919}}, {"service": {"name": "Integrated Services"}, "facility": {"code": 18828}}, {"service": {"name": "Home Based Care"}, "facility": {"code": 18828}}, {"service": {"name": "Paediatric Antiretroviral Therapy"}, "facility": {"code": 18828}}, {"service": {"name": "Provider Initiated Counselling and Testing"}, "facility": {"code": 18828}}, {"service": {"name": "Voluntary Counselling and Testing"}, "facility": {"code": 18828}}, {"service": {"name": "Management of STIs"}, "facility": {"code": 18828}}, {"service": {"name": "Voluntary Counselling and Testing"}, "facility": {"code": 18827}}, {"service": {"name": "Condom Promotion and Distribution"}, "facility": {"code": 18827}}, {"service": {"name": "Stand Alone Services"}, "facility": {"code": 18826}}, {"service": {"name": "Voluntary Counselling and Testing"}, "facility": {"code": 18826}}, {"service": {"name": "Condom Promotion and Distribution"}, "facility": {"code": 18826}}, {"service": {"name": "Condom Promotion and Distribution"}, "facility": {"code": 18800}}, {"service": {"name": "Emergency Obstetric Care"}, "facility": {"code": 18825}}, {"service": {"name": "Maternity Services"}, "facility": {"code": 18825}}, {"service": {"name": "Curative Services"}, "facility": {"code": 18825}}, {"service": {"name": "Basic Immunization"}, "facility": {"code": 18825}}, {"service": {"name": "Long Term FP"}, "facility": {"code": 18825}}, {"service": {"name": "Short Term FP"}, "facility": {"code": 18825}}, {"service": {"name": "PMTCT - Maternity"}, "facility": {"code": 18825}}, {"service": {"name": "PMTCT - ANC"}, "facility": {"code": 18825}}, {"service": {"name": "Early Infant Diagnosis"}, "facility": {"code": 18825}}, {"service": {"name": "Voluntary Counselling and Testing"}, "facility": {"code": 18825}}, {"service": {"name": "Management of STIs"}, "facility": {"code": 18825}}, {"service": {"name": "Condom Promotion and Distribution"}, "facility": {"code": 18825}}, {"service": {"name": "Curative Services"}, "facility": {"code": 18824}}, {"service": {"name": "Basic Immunization"}, "facility": {"code": 18824}}, {"service": {"name": "Focused Antenatal Care"}, "facility": {"code": 18824}}, {"service": {"name": "Long Term FP"}, "facility": {"code": 18824}}, {"service": {"name": "Short Term FP"}, "facility": {"code": 18824}}, {"service": {"name": "Post Exposure Prophylaxis"}, "facility": {"code": 18824}}, {"service": {"name": "PMTCT - ANC"}, "facility": {"code": 18824}}, {"service": {"name": "Provider Initiated Counselling and Testing"}, "facility": {"code": 18824}}, {"service": {"name": "Management of STIs"}, "facility": {"code": 18824}}, {"service": {"name": "Condom Promotion and Distribution"}, "facility": {"code": 18824}}, {"service": {"name": "Voluntary Counselling and Testing"}, "facility": {"code": 18822}}, {"service": {"name": "Condom Promotion and Distribution"}, "facility": {"code": 18822}}, {"service": {"name": "Smear Microscopy"}, "facility": {"code": 16124}}, {"service": {"name": "Adult Antiretroviral Therapy"}, "facility": {"code": 16124}}, {"service": {"name": "Paediatric Antiretroviral Therapy"}, "facility": {"code": 16124}}, {"service": {"name": "PMTCT - Maternity"}, "facility": {"code": 16124}}, {"service": {"name": "Diagnostic Counselling and Testing"}, "facility": {"code": 16124}}, {"service": {"name": "Voluntary Counselling and Testing"}, "facility": {"code": 16124}}, {"service": {"name": "Long Term FP"}, "facility": {"code": 16075}}, {"service": {"name": "Adult Antiretroviral Therapy"}, "facility": {"code": 16075}}, {"service": {"name": "Paediatric Antiretroviral Therapy"}, "facility": {"code": 16075}}, {"service": {"name": "Long Term FP"}, "facility": {"code": 15984}}, {"service": {"name": "Post Exposure Prophylaxis"}, "facility": {"code": 15984}}, {"service": {"name": "PMTCT - ANC"}, "facility": {"code": 15984}}, {"service": {"name": "Diagnostic Counselling and Testing"}, "facility": {"code": 15984}}, {"service": {"name": "Nutrition Services"}, "facility": {"code": 15944}}, {"service": {"name": "Laboratory Services"}, "facility": {"code": 15944}}, {"service": {"name": "Maternity Services"}, "facility": {"code": 15944}}, {"service": {"name": "Long Term FP"}, "facility": {"code": 15944}}, {"service": {"name": "Post Exposure Prophylaxis"}, "facility": {"code": 15944}}, {"service": {"name": "PMTCT - Maternity"}, "facility": {"code": 15944}}, {"service": {"name": "Early Infant Diagnosis"}, "facility": {"code": 15944}}, {"service": {"name": "Diagnostic Counselling and Testing"}, "facility": {"code": 15944}}, {"service": {"name": "Early Infant Diagnosis"}, "facility": {"code": 15935}}, {"service": {"name": "Long Term FP"}, "facility": {"code": 15912}}, {"service": {"name": "PMTCT - Maternity"}, "facility": {"code": 15912}}, {"service": {"name": "Adult Antiretroviral Therapy"}, "facility": {"code": 15912}}, {"service": {"name": "Paediatric Antiretroviral Therapy"}, "facility": {"code": 15912}}, {"service": {"name": "Emergency Obstetric Care"}, "facility": {"code": 18782}}, {"service": {"name": "Long Term FP"}, "facility": {"code": 18782}}, {"service": {"name": "PMTCT - ANC"}, "facility": {"code": 18782}}, {"service": {"name": "Provider Initiated Counselling and Testing"}, "facility": {"code": 18782}}, {"service": {"name": "Voluntary Counselling and Testing"}, "facility": {"code": 18782}}, {"service": {"name": "Condom Promotion and Distribution"}, "facility": {"code": 18782}}, {"service": {"name": "Oral Health Services (Dental Services)"}, "facility": {"code": 18819}}, {"service": {"name": "Emergency Obstetric Care"}, "facility": {"code": 18819}}, {"service": {"name": "Surgical Services"}, "facility": {"code": 18819}}, {"service": {"name": "Maternity Services"}, "facility": {"code": 18819}}, {"service": {"name": "Curative Services"}, "facility": {"code": 18819}}, {"service": {"name": "Smear Microscopy"}, "facility": {"code": 18819}}, {"service": {"name": "Immunization with additional vaccines"}, "facility": {"code": 18819}}, {"service": {"name": "Specialized ANC"}, "facility": {"code": 18819}}, {"service": {"name": "Focused Antenatal Care"}, "facility": {"code": 18819}}, {"service": {"name": "Voluntary Male Circumcision"}, "facility": {"code": 18819}}, {"service": {"name": "PMTCT - Maternity"}, "facility": {"code": 18819}}, {"service": {"name": "PMTCT - ANC"}, "facility": {"code": 18819}}, {"service": {"name": "Early Infant Diagnosis"}, "facility": {"code": 18819}}, {"service": {"name": "Provider Initiated Counselling and Testing"}, "facility": {"code": 18819}}, {"service": {"name": "Voluntary Counselling and Testing"}, "facility": {"code": 18819}}, {"service": {"name": "Management of STIs"}, "facility": {"code": 18819}}, {"service": {"name": "Condom Promotion and Distribution"}, "facility": {"code": 18819}}, {"service": {"name": "ENT Services"}, "facility": {"code": 15910}}, {"service": {"name": "Oral Health Services (Dental Services)"}, "facility": {"code": 15910}}, {"service": {"name": "Emergency Obstetric Care"}, "facility": {"code": 15910}}, {"service": {"name": "Laboratory Services"}, "facility": {"code": 15910}}, {"service": {"name": "Adult Antiretroviral Therapy"}, "facility": {"code": 15910}}, {"service": {"name": "Paediatric Antiretroviral Therapy"}, "facility": {"code": 15910}}, {"service": {"name": "Curative Services"}, "facility": {"code": 18817}}, {"service": {"name": "Basic Immunization"}, "facility": {"code": 18817}}, {"service": {"name": "Management of STIs"}, "facility": {"code": 18817}}, {"service": {"name": "Condom Promotion and Distribution"}, "facility": {"code": 18817}}, {"service": {"name": "Laboratory Services"}, "facility": {"code": 18816}}, {"service": {"name": "Curative Services"}, "facility": {"code": 18816}}, {"service": {"name": "Short Term FP"}, "facility": {"code": 18816}}, {"service": {"name": "Provider Initiated Counselling and Testing"}, "facility": {"code": 18816}}, {"service": {"name": "Management of STIs"}, "facility": {"code": 18816}}, {"service": {"name": "Curative Services"}, "facility": {"code": 18815}}, {"service": {"name": "Short Term FP"}, "facility": {"code": 18815}}, {"service": {"name": "Diagnostic Counselling and Testing"}, "facility": {"code": 18815}}, {"service": {"name": "Provider Initiated Counselling and Testing"}, "facility": {"code": 18815}}, {"service": {"name": "Management of STIs"}, "facility": {"code": 18815}}, {"service": {"name": "Condom Promotion and Distribution"}, "facility": {"code": 18815}}, {"service": {"name": "Curative Services"}, "facility": {"code": 18813}}, {"service": {"name": "Condom Promotion and Distribution"}, "facility": {"code": 18813}}, {"service": {"name": "Management of STIs"}, "facility": {"code": 18813}}, {"service": {"name": "Emergency Preparedness"}, "facility": {"code": 18812}}, {"service": {"name": "Environmental Health Services"}, "facility": {"code": 18812}}, {"service": {"name": "Surgical Services"}, "facility": {"code": 18812}}, {"service": {"name": "Curative Services"}, "facility": {"code": 18812}}, {"service": {"name": "Emergency Obstetric Care"}, "facility": {"code": 18812}}, {"service": {"name": "Focused Antenatal Care"}, "facility": {"code": 18812}}, {"service": {"name": "Long Term FP"}, "facility": {"code": 18812}}, {"service": {"name": "Short Term FP"}, "facility": {"code": 18812}}, {"service": {"name": "PMTCT - ANC"}, "facility": {"code": 18812}}, {"service": {"name": "Provider Initiated Counselling and Testing"}, "facility": {"code": 18812}}, {"service": {"name": "Voluntary Counselling and Testing"}, "facility": {"code": 18812}}, {"service": {"name": "Management of STIs"}, "facility": {"code": 18812}}, {"service": {"name": "Condom Promotion and Distribution"}, "facility": {"code": 18812}}, {"service": {"name": "Maternity Services"}, "facility": {"code": 18811}}, {"service": {"name": "Basic Immunization"}, "facility": {"code": 18811}}, {"service": {"name": "Focused Antenatal Care"}, "facility": {"code": 18811}}, {"service": {"name": "Long Term FP"}, "facility": {"code": 18811}}, {"service": {"name": "Short Term FP"}, "facility": {"code": 18811}}, {"service": {"name": "Post Exposure Prophylaxis"}, "facility": {"code": 18811}}, {"service": {"name": "PMTCT - Maternity"}, "facility": {"code": 18811}}, {"service": {"name": "PMTCT - ANC"}, "facility": {"code": 18811}}, {"service": {"name": "Diagnostic Counselling and Testing"}, "facility": {"code": 18811}}, {"service": {"name": "Provider Initiated Counselling and Testing"}, "facility": {"code": 18811}}, {"service": {"name": "Voluntary Counselling and Testing"}, "facility": {"code": 18811}}, {"service": {"name": "Management of STIs"}, "facility": {"code": 18811}}, {"service": {"name": "Condom Promotion and Distribution"}, "facility": {"code": 18811}}, {"service": {"name": "Focused Antenatal Care"}, "facility": {"code": 18810}}, {"service": {"name": "Short Term FP"}, "facility": {"code": 18810}}, {"service": {"name": "PMTCT - Maternity"}, "facility": {"code": 18810}}, {"service": {"name": "PMTCT - ANC"}, "facility": {"code": 18810}}, {"service": {"name": "Diagnostic Counselling and Testing"}, "facility": {"code": 18810}}, {"service": {"name": "Provider Initiated Counselling and Testing"}, "facility": {"code": 18810}}, {"service": {"name": "Voluntary Counselling and Testing"}, "facility": {"code": 18810}}, {"service": {"name": "Management of STIs"}, "facility": {"code": 18810}}, {"service": {"name": "Condom Promotion and Distribution"}, "facility": {"code": 18810}}, {"service": {"name": "Emergency Preparedness"}, "facility": {"code": 16164}}, {"service": {"name": "Management of STIs"}, "facility": {"code": 16164}}, {"service": {"name": "Early Infant Diagnosis"}, "facility": {"code": 16105}}, {"service": {"name": "Emergency Preparedness"}, "facility": {"code": 18779}}, {"service": {"name": "PMTCT - Maternity"}, "facility": {"code": 18779}}, {"service": {"name": "Early Infant Diagnosis"}, "facility": {"code": 18779}}, {"service": {"name": "Emergency Preparedness"}, "facility": {"code": 17681}}, {"service": {"name": "Early Infant Diagnosis"}, "facility": {"code": 17681}}, {"service": {"name": "Emergency Preparedness"}, "facility": {"code": 15997}}, {"service": {"name": "Early Infant Diagnosis"}, "facility": {"code": 15997}}, {"service": {"name": "Provider Initiated Counselling and Testing"}, "facility": {"code": 15997}}, {"service": {"name": "Emergency Preparedness"}, "facility": {"code": 15949}}, {"service": {"name": "Management of STIs"}, "facility": {"code": 15949}}, {"service": {"name": "Early Infant Diagnosis"}, "facility": {"code": 15949}}, {"service": {"name": "Emergency Preparedness"}, "facility": {"code": 15901}}, {"service": {"name": "PMTCT - Maternity"}, "facility": {"code": 15901}}, {"service": {"name": "Early Infant Diagnosis"}, "facility": {"code": 15901}}, {"service": {"name": "PMTCT - Maternity"}, "facility": {"code": 15850}}, {"service": {"name": "Diagnostic Counselling and Testing"}, "facility": {"code": 15850}}, {"service": {"name": "Emergency Preparedness"}, "facility": {"code": 15857}}, {"service": {"name": "PMTCT - Maternity"}, "facility": {"code": 15857}}, {"service": {"name": "Emergency Preparedness"}, "facility": {"code": 15849}}, {"service": {"name": "PMTCT - Maternity"}, "facility": {"code": 15849}}, {"service": {"name": "Curative Services"}, "facility": {"code": 18809}}, {"service": {"name": "First Line Treatment"}, "facility": {"code": 18809}}, {"service": {"name": "Basic Immunization"}, "facility": {"code": 18809}}, {"service": {"name": "Specialized ANC"}, "facility": {"code": 18809}}, {"service": {"name": "Focused Antenatal Care"}, "facility": {"code": 18809}}, {"service": {"name": "Long Term FP"}, "facility": {"code": 18809}}, {"service": {"name": "Short Term FP"}, "facility": {"code": 18809}}, {"service": {"name": "PMTCT - ANC"}, "facility": {"code": 18809}}, {"service": {"name": "Early Infant Diagnosis"}, "facility": {"code": 18809}}, {"service": {"name": "Diagnostic Counselling and Testing"}, "facility": {"code": 18809}}, {"service": {"name": "Provider Initiated Counselling and Testing"}, "facility": {"code": 18809}}, {"service": {"name": "Management of STIs"}, "facility": {"code": 18809}}, {"service": {"name": "Voluntary Counselling and Testing"}, "facility": {"code": 18809}}, {"service": {"name": "Condom Promotion and Distribution"}, "facility": {"code": 18809}}, {"service": {"name": "Focused Antenatal Care"}, "facility": {"code": 10079}}, {"service": {"name": "Long Term FP"}, "facility": {"code": 10079}}, {"service": {"name": "Provider Initiated Counselling and Testing"}, "facility": {"code": 10079}}, {"service": {"name": "Management of STIs"}, "facility": {"code": 10079}}, {"service": {"name": "Condom Promotion and Distribution"}, "facility": {"code": 10079}}, {"service": {"name": "Curative Services"}, "facility": {"code": 18807}}, {"service": {"name": "First Line Treatment"}, "facility": {"code": 18807}}, {"service": {"name": "Tuberculosis Culture"}, "facility": {"code": 18807}}, {"service": {"name": "Smear Microscopy"}, "facility": {"code": 18807}}, {"service": {"name": "Nutrition Services"}, "facility": {"code": 18806}}, {"service": {"name": "Laboratory Services"}, "facility": {"code": 18806}}, {"service": {"name": "Curative Services"}, "facility": {"code": 18806}}, {"service": {"name": "Focused Antenatal Care"}, "facility": {"code": 18806}}, {"service": {"name": "Long Term FP"}, "facility": {"code": 18806}}, {"service": {"name": "Short Term FP"}, "facility": {"code": 18806}}, {"service": {"name": "PMTCT - ANC"}, "facility": {"code": 18806}}, {"service": {"name": "Diagnostic Counselling and Testing"}, "facility": {"code": 18806}}, {"service": {"name": "Provider Initiated Counselling and Testing"}, "facility": {"code": 18806}}, {"service": {"name": "Voluntary Counselling and Testing"}, "facility": {"code": 18806}}, {"service": {"name": "Management of STIs"}, "facility": {"code": 18806}}, {"service": {"name": "Condom Promotion and Distribution"}, "facility": {"code": 18806}}, {"service": {"name": "Maternity Services"}, "facility": {"code": 18805}}, {"service": {"name": "Curative Services"}, "facility": {"code": 18805}}, {"service": {"name": "Smear Microscopy"}, "facility": {"code": 18805}}, {"service": {"name": "Focused Antenatal Care"}, "facility": {"code": 18805}}, {"service": {"name": "Long Term FP"}, "facility": {"code": 18805}}, {"service": {"name": "Short Term FP"}, "facility": {"code": 18805}}, {"service": {"name": "PMTCT - ANC"}, "facility": {"code": 18805}}, {"service": {"name": "Provider Initiated Counselling and Testing"}, "facility": {"code": 18805}}, {"service": {"name": "Voluntary Counselling and Testing"}, "facility": {"code": 18805}}, {"service": {"name": "Management of STIs"}, "facility": {"code": 18805}}, {"service": {"name": "Condom Promotion and Distribution"}, "facility": {"code": 18805}}, {"service": {"name": "Curative Services"}, "facility": {"code": 13931}}, {"service": {"name": "Curative Services"}, "facility": {"code": 13620}}, {"service": {"name": "Curative Services"}, "facility": {"code": 13918}}, {"service": {"name": "Integrated Management of Childhood Illnesses"}, "facility": {"code": 18802}}, {"service": {"name": "Curative Services"}, "facility": {"code": 18802}}, {"service": {"name": "Basic Immunization"}, "facility": {"code": 18802}}, {"service": {"name": "Focused Antenatal Care"}, "facility": {"code": 18802}}, {"service": {"name": "Long Term FP"}, "facility": {"code": 18802}}, {"service": {"name": "Short Term FP"}, "facility": {"code": 18802}}, {"service": {"name": "Post Exposure Prophylaxis"}, "facility": {"code": 18802}}, {"service": {"name": "PMTCT - ANC"}, "facility": {"code": 18802}}, {"service": {"name": "Provider Initiated Counselling and Testing"}, "facility": {"code": 18802}}, {"service": {"name": "Management of STIs"}, "facility": {"code": 18802}}, {"service": {"name": "Condom Promotion and Distribution"}, "facility": {"code": 18802}}, {"service": {"name": "Basic Immunization"}, "facility": {"code": 18801}}, {"service": {"name": "Focused Antenatal Care"}, "facility": {"code": 18801}}, {"service": {"name": "PMTCT - ANC"}, "facility": {"code": 18801}}, {"service": {"name": "Diagnostic Counselling and Testing"}, "facility": {"code": 18801}}, {"service": {"name": "Provider Initiated Counselling and Testing"}, "facility": {"code": 18801}}, {"service": {"name": "Condom Promotion and Distribution"}, "facility": {"code": 18801}}, {"service": {"name": "Nutrition Services"}, "facility": {"code": 18799}}, {"service": {"name": "Integrated Management of Childhood Illnesses"}, "facility": {"code": 18799}}, {"service": {"name": "Ambulance Sevices"}, "facility": {"code": 18799}}, {"service": {"name": "Laboratory Services"}, "facility": {"code": 18799}}, {"service": {"name": "Maternity Services"}, "facility": {"code": 18799}}, {"service": {"name": "Curative Services"}, "facility": {"code": 18799}}, {"service": {"name": "Facility Based Blood Transfusion Service"}, "facility": {"code": 18799}}, {"service": {"name": "Tuberculosis Culture"}, "facility": {"code": 18799}}, {"service": {"name": "Basic Immunization"}, "facility": {"code": 18799}}, {"service": {"name": "Focused Antenatal Care"}, "facility": {"code": 18799}}, {"service": {"name": "Long Term FP"}, "facility": {"code": 18799}}, {"service": {"name": "Short Term FP"}, "facility": {"code": 18799}}, {"service": {"name": "Adult Antiretroviral Therapy"}, "facility": {"code": 18799}}, {"service": {"name": "Paediatric Antiretroviral Therapy"}, "facility": {"code": 18799}}, {"service": {"name": "Early Infant Diagnosis"}, "facility": {"code": 18799}}, {"service": {"name": "Post Exposure Prophylaxis"}, "facility": {"code": 18799}}, {"service": {"name": "PMTCT - Maternity"}, "facility": {"code": 18799}}, {"service": {"name": "PMTCT - ANC"}, "facility": {"code": 18799}}, {"service": {"name": "Diagnostic Counselling and Testing"}, "facility": {"code": 18799}}, {"service": {"name": "Provider Initiated Counselling and Testing"}, "facility": {"code": 18799}}, {"service": {"name": "Voluntary Counselling and Testing"}, "facility": {"code": 18799}}, {"service": {"name": "Condom Promotion and Distribution"}, "facility": {"code": 18799}}, {"service": {"name": "Emergency Preparedness"}, "facility": {"code": 18798}}, {"service": {"name": "Emergency Obstetric Care"}, "facility": {"code": 18798}}, {"service": {"name": "Curative Services"}, "facility": {"code": 18798}}, {"service": {"name": "Emergency Obstetric Care"}, "facility": {"code": 18797}}, {"service": {"name": "Laboratory Services"}, "facility": {"code": 18797}}, {"service": {"name": "Maternity Services"}, "facility": {"code": 18797}}, {"service": {"name": "Curative Services"}, "facility": {"code": 18797}}, {"service": {"name": "Focused Antenatal Care"}, "facility": {"code": 18797}}, {"service": {"name": "Long Term FP"}, "facility": {"code": 18797}}, {"service": {"name": "Short Term FP"}, "facility": {"code": 18797}}, {"service": {"name": "Voluntary Male Circumcision"}, "facility": {"code": 18797}}, {"service": {"name": "PMTCT - ANC"}, "facility": {"code": 18797}}, {"service": {"name": "PMTCT - Maternity"}, "facility": {"code": 18797}}, {"service": {"name": "Diagnostic Counselling and Testing"}, "facility": {"code": 18797}}, {"service": {"name": "Provider Initiated Counselling and Testing"}, "facility": {"code": 18797}}, {"service": {"name": "Management of STIs"}, "facility": {"code": 18797}}, {"service": {"name": "Condom Promotion and Distribution"}, "facility": {"code": 18797}}, {"service": {"name": "Short Term FP"}, "facility": {"code": 18796}}, {"service": {"name": "Provider Initiated Counselling and Testing"}, "facility": {"code": 18796}}, {"service": {"name": "Management of STIs"}, "facility": {"code": 18796}}, {"service": {"name": "Condom Promotion and Distribution"}, "facility": {"code": 18796}}, {"service": {"name": "Laboratory Services"}, "facility": {"code": 18795}}, {"service": {"name": "Curative Services"}, "facility": {"code": 18795}}, {"service": {"name": "Short Term FP"}, "facility": {"code": 18795}}, {"service": {"name": "Diagnostic Counselling and Testing"}, "facility": {"code": 18795}}, {"service": {"name": "Provider Initiated Counselling and Testing"}, "facility": {"code": 18795}}, {"service": {"name": "Voluntary Counselling and Testing"}, "facility": {"code": 18795}}, {"service": {"name": "Nutrition Services"}, "facility": {"code": 18794}}, {"service": {"name": "Laboratory Services"}, "facility": {"code": 18794}}, {"service": {"name": "Short Term FP"}, "facility": {"code": 18794}}, {"service": {"name": "Integrated Services"}, "facility": {"code": 18794}}, {"service": {"name": "Paediatric Antiretroviral Therapy"}, "facility": {"code": 18794}}, {"service": {"name": "Adult Antiretroviral Therapy"}, "facility": {"code": 18794}}, {"service": {"name": "Voluntary Counselling and Testing"}, "facility": {"code": 18794}}, {"service": {"name": "Condom Promotion and Distribution"}, "facility": {"code": 18794}}, {"service": {"name": "Emergency Preparedness"}, "facility": {"code": 18080}}, {"service": {"name": "Emergency Obstetric Care"}, "facility": {"code": 18080}}, {"service": {"name": "Integrated Management of Childhood Illnesses"}, "facility": {"code": 18080}}, {"service": {"name": "Laboratory Services"}, "facility": {"code": 18080}}, {"service": {"name": "Curative Services"}, "facility": {"code": 18080}}, {"service": {"name": "Basic Immunization"}, "facility": {"code": 18080}}, {"service": {"name": "Focused Antenatal Care"}, "facility": {"code": 18080}}, {"service": {"name": "Short Term FP"}, "facility": {"code": 18080}}, {"service": {"name": "PMTCT - ANC"}, "facility": {"code": 18080}}, {"service": {"name": "Early Infant Diagnosis"}, "facility": {"code": 18080}}, {"service": {"name": "Diagnostic Counselling and Testing"}, "facility": {"code": 18080}}, {"service": {"name": "Provider Initiated Counselling and Testing"}, "facility": {"code": 18080}}, {"service": {"name": "Management of STIs"}, "facility": {"code": 18080}}, {"service": {"name": "Condom Promotion and Distribution"}, "facility": {"code": 18080}}, {"service": {"name": "Surgical Services"}, "facility": {"code": 18732}}, {"service": {"name": "Curative Services"}, "facility": {"code": 18732}}, {"service": {"name": "Surgical Services"}, "facility": {"code": 16164}}, {"service": {"name": "Provider Initiated Counselling and Testing"}, "facility": {"code": 16164}}, {"service": {"name": "Post Exposure Prophylaxis"}, "facility": {"code": 16164}}, {"service": {"name": "Integrated Services"}, "facility": {"code": 16122}}, {"service": {"name": "Voluntary Counselling and Testing"}, "facility": {"code": 16122}}, {"service": {"name": "Post Exposure Prophylaxis"}, "facility": {"code": 16122}}, {"service": {"name": "Post Exposure Prophylaxis"}, "facility": {"code": 16109}}, {"service": {"name": "Post Exposure Prophylaxis"}, "facility": {"code": 16105}}, {"service": {"name": "First Line Treatment"}, "facility": {"code": 16064}}, {"service": {"name": "Smear Microscopy"}, "facility": {"code": 16064}}, {"service": {"name": "Laboratory Services"}, "facility": {"code": 16064}}, {"service": {"name": "Post Exposure Prophylaxis"}, "facility": {"code": 16064}}, {"service": {"name": "Laboratory Services"}, "facility": {"code": 16054}}, {"service": {"name": "Management of STIs"}, "facility": {"code": 16054}}, {"service": {"name": "Voluntary Counselling and Testing"}, "facility": {"code": 16054}}, {"service": {"name": "Provider Initiated Counselling and Testing"}, "facility": {"code": 16054}}, {"service": {"name": "Early Infant Diagnosis"}, "facility": {"code": 16054}}, {"service": {"name": "Post Exposure Prophylaxis"}, "facility": {"code": 16054}}, {"service": {"name": "Management of STIs"}, "facility": {"code": 18779}}, {"service": {"name": "Provider Initiated Counselling and Testing"}, "facility": {"code": 18779}}, {"service": {"name": "Post Exposure Prophylaxis"}, "facility": {"code": 18779}}, {"service": {"name": "Diagnostic Counselling and Testing"}, "facility": {"code": 17681}}, {"service": {"name": "PMTCT - ANC"}, "facility": {"code": 17681}}, {"service": {"name": "PMTCT - Maternity"}, "facility": {"code": 17681}}, {"service": {"name": "Post Exposure Prophylaxis"}, "facility": {"code": 17681}}, {"service": {"name": "Post Exposure Prophylaxis"}, "facility": {"code": 15997}}, {"service": {"name": "Post Exposure Prophylaxis"}, "facility": {"code": 15959}}, {"service": {"name": "Emergency Obstetric Care"}, "facility": {"code": 15949}}, {"service": {"name": "Maternity Services"}, "facility": {"code": 15949}}, {"service": {"name": "Surgical Services"}, "facility": {"code": 15949}}, {"service": {"name": "Curative Services"}, "facility": {"code": 15949}}, {"service": {"name": "Basic Immunization"}, "facility": {"code": 15949}}, {"service": {"name": "Focused Antenatal Care"}, "facility": {"code": 15949}}, {"service": {"name": "Integrated Services"}, "facility": {"code": 15949}}, {"service": {"name": "Short Term FP"}, "facility": {"code": 15949}}, {"service": {"name": "Voluntary Counselling and Testing"}, "facility": {"code": 15949}}, {"service": {"name": "Diagnostic Counselling and Testing"}, "facility": {"code": 15949}}, {"service": {"name": "Provider Initiated Counselling and Testing"}, "facility": {"code": 15949}}, {"service": {"name": "Post Exposure Prophylaxis"}, "facility": {"code": 15949}}, {"service": {"name": "PMTCT - Maternity"}, "facility": {"code": 15949}}, {"service": {"name": "PMTCT - ANC"}, "facility": {"code": 15949}}, {"service": {"name": "Condom Promotion and Distribution"}, "facility": {"code": 15949}}, {"service": {"name": "Post Exposure Prophylaxis"}, "facility": {"code": 15898}}, {"service": {"name": "Post Exposure Prophylaxis"}, "facility": {"code": 15901}}, {"service": {"name": "Post Exposure Prophylaxis"}, "facility": {"code": 15859}}, {"service": {"name": "Adult Antiretroviral Therapy"}, "facility": {"code": 15859}}, {"service": {"name": "Post Exposure Prophylaxis"}, "facility": {"code": 15857}}, {"service": {"name": "Post Exposure Prophylaxis"}, "facility": {"code": 15850}}, {"service": {"name": "Post Exposure Prophylaxis"}, "facility": {"code": 15849}}, {"service": {"name": "ENT Services"}, "facility": {"code": 13406}}, {"service": {"name": "Nutrition Services"}, "facility": {"code": 18793}}, {"service": {"name": "Curative Services"}, "facility": {"code": 18793}}, {"service": {"name": "Immunization with additional vaccines"}, "facility": {"code": 18793}}, {"service": {"name": "Basic Immunization"}, "facility": {"code": 18793}}, {"service": {"name": "Emergency Preparedness"}, "facility": {"code": 18792}}, {"service": {"name": "Services for Sexual Violence Survivors"}, "facility": {"code": 18792}}, {"service": {"name": "Mental Health Services"}, "facility": {"code": 18792}}, {"service": {"name": "Nutrition Services"}, "facility": {"code": 18792}}, {"service": {"name": "Maternity Services"}, "facility": {"code": 18792}}, {"service": {"name": "Curative Services"}, "facility": {"code": 18792}}, {"service": {"name": "Services for Female Genital Mutilation (FGM) Survivors"}, "facility": {"code": 18792}}, {"service": {"name": "Basic Immunization"}, "facility": {"code": 18792}}, {"service": {"name": "Focused Antenatal Care"}, "facility": {"code": 18792}}, {"service": {"name": "Short Term FP"}, "facility": {"code": 18792}}, {"service": {"name": "Adult Antiretroviral Therapy"}, "facility": {"code": 18792}}, {"service": {"name": "Paediatric Antiretroviral Therapy"}, "facility": {"code": 18792}}, {"service": {"name": "Post Exposure Prophylaxis"}, "facility": {"code": 18792}}, {"service": {"name": "PMTCT - Maternity"}, "facility": {"code": 18792}}, {"service": {"name": "PMTCT - ANC"}, "facility": {"code": 18792}}], "unique_fields": ["facility", "service"], "model": "facilities.FacilityService"}]