[{"records": [{"service": {"name": "Dental Laboratory Services"}, "facility": {"code": 17847}}, {"service": {"name": "Emergency Obstetric Care"}, "facility": {"code": 17847}}, {"service": {"name": "Services for Sexual Violence Survivors"}, "facility": {"code": 17847}}, {"service": {"name": "Rehabilitative Health Services - Physiotherapy"}, "facility": {"code": 17847}}, {"service": {"name": "Mental Health Services"}, "facility": {"code": 17847}}, {"service": {"name": "Opthalmic Services"}, "facility": {"code": 17847}}, {"service": {"name": "Nutrition Services"}, "facility": {"code": 17847}}, {"service": {"name": "Ambulance Sevices"}, "facility": {"code": 17847}}, {"service": {"name": "Radiology Services"}, "facility": {"code": 17847}}, {"service": {"name": "Surgical Services"}, "facility": {"code": 17847}}, {"service": {"name": "Maternity Services"}, "facility": {"code": 17847}}, {"service": {"name": "Curative Services"}, "facility": {"code": 17847}}, {"service": {"name": "Immunization with additional vaccines"}, "facility": {"code": 17847}}, {"service": {"name": "Permanent FP"}, "facility": {"code": 17847}}, {"service": {"name": "Voluntary Male Circumcision"}, "facility": {"code": 17847}}, {"service": {"name": "Emergency Preparedness"}, "facility": {"code": 12865}}, {"service": {"name": "ENT Services"}, "facility": {"code": 12865}}, {"service": {"name": "Emergency Obstetric Care"}, "facility": {"code": 12865}}, {"service": {"name": "Rehabilitative Health Services - Physiotherapy"}, "facility": {"code": 12865}}, {"service": {"name": "Mental Health Services"}, "facility": {"code": 12865}}, {"service": {"name": "Ambulance Sevices"}, "facility": {"code": 12865}}, {"service": {"name": "Radiology Services"}, "facility": {"code": 12865}}, {"service": {"name": "Surgical Services"}, "facility": {"code": 12865}}, {"service": {"name": "Facility Based Blood Transfusion Service"}, "facility": {"code": 12865}}, {"service": {"name": "Permanent FP"}, "facility": {"code": 12865}}, {"service": {"name": "Emergency Preparedness"}, "facility": {"code": 13260}}, {"service": {"name": "Oral Health Services (Dental Services)"}, "facility": {"code": 13260}}, {"service": {"name": "Integrated Management of Childhood Illnesses"}, "facility": {"code": 13260}}, {"service": {"name": "Laboratory Services"}, "facility": {"code": 13260}}, {"service": {"name": "Radiology Services"}, "facility": {"code": 13260}}, {"service": {"name": "Surgical Services"}, "facility": {"code": 13260}}, {"service": {"name": "Maternity Services"}, "facility": {"code": 13260}}, {"service": {"name": "Curative Services"}, "facility": {"code": 13260}}, {"service": {"name": "Basic Immunization"}, "facility": {"code": 13260}}, {"service": {"name": "Focused Antenatal Care"}, "facility": {"code": 13260}}, {"service": {"name": "Voluntary Male Circumcision"}, "facility": {"code": 13260}}, {"service": {"name": "Diagnostic Counselling and Testing"}, "facility": {"code": 13260}}, {"service": {"name": "Management of STIs"}, "facility": {"code": 13260}}, {"service": {"name": "First Line Treatment"}, "facility": {"code": 13184}}, {"service": {"name": "Focused Antenatal Care"}, "facility": {"code": 13184}}, {"service": {"name": "Voluntary Counselling and Testing"}, "facility": {"code": 13184}}, {"service": {"name": "Mental Health Services"}, "facility": {"code": 18746}}, {"service": {"name": "Nutrition Services"}, "facility": {"code": 18746}}, {"service": {"name": "Integrated Management of Childhood Illnesses"}, "facility": {"code": 18746}}, {"service": {"name": "Laboratory Services"}, "facility": {"code": 18746}}, {"service": {"name": "Surgical Services"}, "facility": {"code": 18746}}, {"service": {"name": "Curative Services"}, "facility": {"code": 18746}}, {"service": {"name": "Focused Antenatal Care"}, "facility": {"code": 18746}}, {"service": {"name": "Emergency Preparedness"}, "facility": {"code": 18434}}, {"service": {"name": "Emergency Obstetric Care"}, "facility": {"code": 18434}}, {"service": {"name": "Port Immunization Services"}, "facility": {"code": 18434}}, {"service": {"name": "Immunization with additional vaccines"}, "facility": {"code": 18434}}, {"service": {"name": "Long Term FP"}, "facility": {"code": 18746}}, {"service": {"name": "Short Term FP"}, "facility": {"code": 18746}}, {"service": {"name": "Specialized ANC"}, "facility": {"code": 18434}}, {"service": {"name": "Permanent FP"}, "facility": {"code": 18434}}, {"service": {"name": "Provider Initiated Counselling and Testing"}, "facility": {"code": 18434}}, {"service": {"name": "Voluntary Male Circumcision"}, "facility": {"code": 18746}}, {"service": {"name": "PMTCT - ANC"}, "facility": {"code": 18746}}, {"service": {"name": "Early Infant Diagnosis"}, "facility": {"code": 18746}}, {"service": {"name": "Diagnostic Counselling and Testing"}, "facility": {"code": 18746}}, {"service": {"name": "Provider Initiated Counselling and Testing"}, "facility": {"code": 18746}}, {"service": {"name": "Voluntary Counselling and Testing"}, "facility": {"code": 18746}}, {"service": {"name": "Management of STIs"}, "facility": {"code": 18746}}, {"service": {"name": "Condom Promotion and Distribution"}, "facility": {"code": 18746}}, {"service": {"name": "Emergency Preparedness"}, "facility": {"code": 12884}}, {"service": {"name": "ENT Services"}, "facility": {"code": 12884}}, {"service": {"name": "Oral Health Services (Dental Services)"}, "facility": {"code": 12884}}, {"service": {"name": "Emergency Obstetric Care"}, "facility": {"code": 12884}}, {"service": {"name": "Services for Sexual Violence Survivors"}, "facility": {"code": 12884}}, {"service": {"name": "Opthalmic Services"}, "facility": {"code": 12884}}, {"service": {"name": "Laboratory Services"}, "facility": {"code": 12884}}, {"service": {"name": "Surgical Services"}, "facility": {"code": 12884}}, {"service": {"name": "Curative Services"}, "facility": {"code": 12884}}, {"service": {"name": "Services for Female Genital Mutilation (FGM) Survivors"}, "facility": {"code": 12884}}, {"service": {"name": "Basic Immunization"}, "facility": {"code": 12884}}, {"service": {"name": "Focused Antenatal Care"}, "facility": {"code": 12884}}, {"service": {"name": "Long Term FP"}, "facility": {"code": 12884}}, {"service": {"name": "Short Term FP"}, "facility": {"code": 12884}}, {"service": {"name": "Voluntary Male Circumcision"}, "facility": {"code": 12884}}, {"service": {"name": "PMTCT - ANC"}, "facility": {"code": 12884}}, {"service": {"name": "Diagnostic Counselling and Testing"}, "facility": {"code": 12884}}, {"service": {"name": "Provider Initiated Counselling and Testing"}, "facility": {"code": 12884}}, {"service": {"name": "Voluntary Counselling and Testing"}, "facility": {"code": 12884}}, {"service": {"name": "Management of STIs"}, "facility": {"code": 12884}}, {"service": {"name": "Condom Promotion and Distribution"}, "facility": {"code": 12884}}, {"service": {"name": "Laboratory Services"}, "facility": {"code": 10533}}, {"service": {"name": "Curative Services"}, "facility": {"code": 10533}}, {"service": {"name": "Rehabilitative Health Services - Physiotherapy"}, "facility": {"code": 13465}}, {"service": {"name": "Integrated Services"}, "facility": {"code": 13465}}, {"service": {"name": "Environmental Health Services"}, "facility": {"code": 13465}}, {"service": {"name": "Services for Sexual Violence Survivors"}, "facility": {"code": 13465}}, {"service": {"name": "Mental Health Services"}, "facility": {"code": 13465}}, {"service": {"name": "Opthalmic Services"}, "facility": {"code": 13465}}, {"service": {"name": "Nutrition Services"}, "facility": {"code": 13465}}, {"service": {"name": "Integrated Management of Childhood Illnesses"}, "facility": {"code": 13465}}, {"service": {"name": "Ambulance Sevices"}, "facility": {"code": 13465}}, {"service": {"name": "Laboratory Services"}, "facility": {"code": 13465}}, {"service": {"name": "Radiology Services"}, "facility": {"code": 13465}}, {"service": {"name": "Surgical Services"}, "facility": {"code": 13465}}, {"service": {"name": "Maternity Services"}, "facility": {"code": 13465}}, {"service": {"name": "ENT Services"}, "facility": {"code": 13465}}, {"service": {"name": "Dental Laboratory Services"}, "facility": {"code": 13465}}, {"service": {"name": "Oral Health Services (Dental Services)"}, "facility": {"code": 13465}}, {"service": {"name": "Emergency Preparedness"}, "facility": {"code": 13465}}, {"service": {"name": "Emergency Obstetric Care"}, "facility": {"code": 13465}}, {"service": {"name": "Curative Services"}, "facility": {"code": 13465}}, {"service": {"name": "Mortuary Services"}, "facility": {"code": 13465}}, {"service": {"name": "Services for Female Genital Mutilation (FGM) Survivors"}, "facility": {"code": 13465}}, {"service": {"name": "Facility Based Blood Transfusion Service"}, "facility": {"code": 13465}}, {"service": {"name": "Facility Based Blood Collection Service"}, "facility": {"code": 13465}}, {"service": {"name": "Rehabilitative Health Services - Occupational Health"}, "facility": {"code": 13465}}, {"service": {"name": "First Line Treatment"}, "facility": {"code": 13465}}, {"service": {"name": "Smear Microscopy"}, "facility": {"code": 13465}}, {"service": {"name": "Immunization with additional vaccines"}, "facility": {"code": 13465}}, {"service": {"name": "Specialized ANC"}, "facility": {"code": 13465}}, {"service": {"name": "Focused Antenatal Care"}, "facility": {"code": 13465}}, {"service": {"name": "Basic Immunization"}, "facility": {"code": 13465}}, {"service": {"name": "Permanent FP"}, "facility": {"code": 13465}}, {"service": {"name": "Long Term FP"}, "facility": {"code": 13465}}, {"service": {"name": "Short Term FP"}, "facility": {"code": 13465}}, {"service": {"name": "Paediatric Antiretroviral Therapy"}, "facility": {"code": 13465}}, {"service": {"name": "Adult Antiretroviral Therapy"}, "facility": {"code": 13465}}, {"service": {"name": "Post Exposure Prophylaxis"}, "facility": {"code": 13465}}, {"service": {"name": "Voluntary Male Circumcision"}, "facility": {"code": 13465}}, {"service": {"name": "PMTCT - Maternity"}, "facility": {"code": 13465}}, {"service": {"name": "PMTCT - ANC"}, "facility": {"code": 13465}}, {"service": {"name": "Early Infant Diagnosis"}, "facility": {"code": 13465}}, {"service": {"name": "Diagnostic Counselling and Testing"}, "facility": {"code": 13465}}, {"service": {"name": "Provider Initiated Counselling and Testing"}, "facility": {"code": 13465}}, {"service": {"name": "Voluntary Counselling and Testing"}, "facility": {"code": 13465}}, {"service": {"name": "Management of STIs"}, "facility": {"code": 13465}}, {"service": {"name": "Condom Promotion and Distribution"}, "facility": {"code": 13465}}, {"service": {"name": "Nutrition Services"}, "facility": {"code": 18745}}, {"service": {"name": "First Line Treatment"}, "facility": {"code": 18745}}, {"service": {"name": "Home Based Care"}, "facility": {"code": 18745}}, {"service": {"name": "Adult Antiretroviral Therapy"}, "facility": {"code": 18745}}, {"service": {"name": "Paediatric Antiretroviral Therapy"}, "facility": {"code": 18745}}, {"service": {"name": "Early Infant Diagnosis"}, "facility": {"code": 18745}}, {"service": {"name": "Curative Services"}, "facility": {"code": 18744}}, {"service": {"name": "First Line Treatment"}, "facility": {"code": 18744}}, {"service": {"name": "Condom Promotion and Distribution"}, "facility": {"code": 18744}}, {"service": {"name": "Laboratory Services"}, "facility": {"code": 18743}}, {"service": {"name": "First Line Treatment"}, "facility": {"code": 18743}}, {"service": {"name": "Tuberculosis Culture"}, "facility": {"code": 18743}}, {"service": {"name": "Smear Microscopy"}, "facility": {"code": 18743}}, {"service": {"name": "Basic Immunization"}, "facility": {"code": 18743}}, {"service": {"name": "Focused Antenatal Care"}, "facility": {"code": 18743}}, {"service": {"name": "Voluntary Male Circumcision"}, "facility": {"code": 18743}}, {"service": {"name": "PMTCT - ANC"}, "facility": {"code": 18743}}, {"service": {"name": "Basic Immunization"}, "facility": {"code": 18742}}, {"service": {"name": "Long Term FP"}, "facility": {"code": 18742}}, {"service": {"name": "Short Term FP"}, "facility": {"code": 18742}}, {"service": {"name": "Post Exposure Prophylaxis"}, "facility": {"code": 18742}}, {"service": {"name": "PMTCT - Maternity"}, "facility": {"code": 18742}}, {"service": {"name": "PMTCT - ANC"}, "facility": {"code": 18742}}, {"service": {"name": "Early Infant Diagnosis"}, "facility": {"code": 18742}}, {"service": {"name": "Diagnostic Counselling and Testing"}, "facility": {"code": 18742}}, {"service": {"name": "Provider Initiated Counselling and Testing"}, "facility": {"code": 18742}}, {"service": {"name": "Voluntary Counselling and Testing"}, "facility": {"code": 18742}}, {"service": {"name": "Management of STIs"}, "facility": {"code": 18742}}, {"service": {"name": "Condom Promotion and Distribution"}, "facility": {"code": 18742}}, {"service": {"name": "Integrated Management of Childhood Illnesses"}, "facility": {"code": 18741}}, {"service": {"name": "Laboratory Services"}, "facility": {"code": 18741}}, {"service": {"name": "Surgical Services"}, "facility": {"code": 18741}}, {"service": {"name": "Curative Services"}, "facility": {"code": 18741}}, {"service": {"name": "Short Term FP"}, "facility": {"code": 18741}}, {"service": {"name": "Management of STIs"}, "facility": {"code": 18741}}, {"service": {"name": "Condom Promotion and Distribution"}, "facility": {"code": 18741}}, {"service": {"name": "Emergency Preparedness"}, "facility": {"code": 18546}}, {"service": {"name": "Dental Laboratory Services"}, "facility": {"code": 18546}}, {"service": {"name": "Emergency Obstetric Care"}, "facility": {"code": 18546}}, {"service": {"name": "Opthalmic Services"}, "facility": {"code": 18546}}, {"service": {"name": "Focused Antenatal Care"}, "facility": {"code": 18546}}, {"service": {"name": "Permanent FP"}, "facility": {"code": 18546}}, {"service": {"name": "Long Term FP"}, "facility": {"code": 18546}}, {"service": {"name": "Short Term FP"}, "facility": {"code": 18546}}, {"service": {"name": "Curative Services"}, "facility": {"code": 18740}}, {"service": {"name": "Focused Antenatal Care"}, "facility": {"code": 18740}}, {"service": {"name": "PMTCT - ANC"}, "facility": {"code": 18740}}, {"service": {"name": "Management of STIs"}, "facility": {"code": 18740}}, {"service": {"name": "Condom Promotion and Distribution"}, "facility": {"code": 18740}}, {"service": {"name": "Emergency Preparedness"}, "facility": {"code": 18739}}, {"service": {"name": "Rehabilitative Health Services - Physiotherapy"}, "facility": {"code": 18739}}, {"service": {"name": "Integrated Management of Childhood Illnesses"}, "facility": {"code": 18739}}, {"service": {"name": "Ambulance Sevices"}, "facility": {"code": 18739}}, {"service": {"name": "Laboratory Services"}, "facility": {"code": 18739}}, {"service": {"name": "Radiology Services"}, "facility": {"code": 18739}}, {"service": {"name": "Surgical Services"}, "facility": {"code": 18739}}, {"service": {"name": "Curative Services"}, "facility": {"code": 18739}}, {"service": {"name": "Short Term FP"}, "facility": {"code": 18739}}, {"service": {"name": "Diagnostic Counselling and Testing"}, "facility": {"code": 18739}}, {"service": {"name": "Management of STIs"}, "facility": {"code": 18739}}, {"service": {"name": "Condom Promotion and Distribution"}, "facility": {"code": 18739}}, {"service": {"name": "Emergency Preparedness"}, "facility": {"code": 18738}}, {"service": {"name": "Nutrition Services"}, "facility": {"code": 18738}}, {"service": {"name": "Laboratory Services"}, "facility": {"code": 18738}}, {"service": {"name": "Curative Services"}, "facility": {"code": 18738}}, {"service": {"name": "Post Exposure Prophylaxis"}, "facility": {"code": 18738}}, {"service": {"name": "Diagnostic Counselling and Testing"}, "facility": {"code": 18738}}, {"service": {"name": "Management of STIs"}, "facility": {"code": 18738}}, {"service": {"name": "Curative Services"}, "facility": {"code": 17510}}, {"service": {"name": "Ambulance Sevices"}, "facility": {"code": 10756}}, {"service": {"name": "Maternity Services"}, "facility": {"code": 13537}}, {"service": {"name": "Ambulance Sevices"}, "facility": {"code": 14117}}, {"service": {"name": "Surgical Services"}, "facility": {"code": 14117}}, {"service": {"name": "Maternity Services"}, "facility": {"code": 14117}}, {"service": {"name": "Focused Antenatal Care"}, "facility": {"code": 14117}}, {"service": {"name": "Specialized ANC"}, "facility": {"code": 14117}}, {"service": {"name": "PMTCT - ANC"}, "facility": {"code": 14117}}, {"service": {"name": "Paediatric Antiretroviral Therapy"}, "facility": {"code": 14117}}, {"service": {"name": "Permanent FP"}, "facility": {"code": 14117}}, {"service": {"name": "Long Term FP"}, "facility": {"code": 14117}}, {"service": {"name": "Short Term FP"}, "facility": {"code": 14117}}, {"service": {"name": "Curative Services"}, "facility": {"code": 14117}}, {"service": {"name": "Emergency Obstetric Care"}, "facility": {"code": 14117}}, {"service": {"name": "Voluntary Counselling and Testing"}, "facility": {"code": 14117}}, {"service": {"name": "Management of STIs"}, "facility": {"code": 14117}}, {"service": {"name": "Condom Promotion and Distribution"}, "facility": {"code": 14117}}, {"service": {"name": "Emergency Obstetric Care"}, "facility": {"code": 13995}}, {"service": {"name": "Maternity Services"}, "facility": {"code": 13995}}, {"service": {"name": "Curative Services"}, "facility": {"code": 13995}}, {"service": {"name": "Basic Immunization"}, "facility": {"code": 13995}}, {"service": {"name": "Focused Antenatal Care"}, "facility": {"code": 13995}}, {"service": {"name": "Short Term FP"}, "facility": {"code": 13995}}, {"service": {"name": "Condom Promotion and Distribution"}, "facility": {"code": 13995}}, {"service": {"name": "Maternity Services"}, "facility": {"code": 13670}}, {"service": {"name": "Emergency Obstetric Care"}, "facility": {"code": 13670}}, {"service": {"name": "Curative Services"}, "facility": {"code": 13670}}, {"service": {"name": "Emergency Preparedness"}, "facility": {"code": 18737}}, {"service": {"name": "Environmental Health Services"}, "facility": {"code": 18737}}, {"service": {"name": "Nutrition Services"}, "facility": {"code": 18737}}, {"service": {"name": "Integrated Management of Childhood Illnesses"}, "facility": {"code": 18737}}, {"service": {"name": "Maternity Services"}, "facility": {"code": 18737}}, {"service": {"name": "Curative Services"}, "facility": {"code": 18737}}, {"service": {"name": "Basic Immunization"}, "facility": {"code": 18737}}, {"service": {"name": "Focused Antenatal Care"}, "facility": {"code": 18737}}, {"service": {"name": "Long Term FP"}, "facility": {"code": 18737}}, {"service": {"name": "Short Term FP"}, "facility": {"code": 18737}}, {"service": {"name": "Early Infant Diagnosis"}, "facility": {"code": 18737}}, {"service": {"name": "Management of STIs"}, "facility": {"code": 18737}}, {"service": {"name": "Condom Promotion and Distribution"}, "facility": {"code": 18737}}, {"service": {"name": "Maternity Services"}, "facility": {"code": 15641}}, {"service": {"name": "Laboratory Services"}, "facility": {"code": 15641}}, {"service": {"name": "Curative Services"}, "facility": {"code": 15641}}, {"service": {"name": "Focused Antenatal Care"}, "facility": {"code": 15641}}, {"service": {"name": "Laboratory Services"}, "facility": {"code": 16562}}, {"service": {"name": "Curative Services"}, "facility": {"code": 16562}}, {"service": {"name": "Curative Services"}, "facility": {"code": 16541}}, {"service": {"name": "Mortuary Services"}, "facility": {"code": 16541}}, {"service": {"name": "Port Health Services"}, "facility": {"code": 16541}}, {"service": {"name": "Services for Female Genital Mutilation (FGM) Survivors"}, "facility": {"code": 16541}}, {"service": {"name": "Facility Based Blood Transfusion Service"}, "facility": {"code": 16541}}, {"service": {"name": "Facility Based Blood Collection Service"}, "facility": {"code": 16541}}, {"service": {"name": "Rehabilitative Health Services - Orthopaedic Technology"}, "facility": {"code": 16541}}, {"service": {"name": "Rehabilitative Health Services - Occupational Health"}, "facility": {"code": 16541}}, {"service": {"name": "MDRTB Treatment"}, "facility": {"code": 16541}}, {"service": {"name": "First Line Treatment"}, "facility": {"code": 16541}}, {"service": {"name": "Tuberculosis Culture"}, "facility": {"code": 16541}}, {"service": {"name": "Smear Microscopy"}, "facility": {"code": 16541}}, {"service": {"name": "Immunization with additional vaccines"}, "facility": {"code": 16541}}, {"service": {"name": "Port Immunization Services"}, "facility": {"code": 16541}}, {"service": {"name": "Specialized ANC"}, "facility": {"code": 16541}}, {"service": {"name": "Stand Alone Services"}, "facility": {"code": 16541}}, {"service": {"name": "Integrated Services"}, "facility": {"code": 16541}}, {"service": {"name": "Permanent FP"}, "facility": {"code": 16541}}, {"service": {"name": "Home Based Care"}, "facility": {"code": 16541}}, {"service": {"name": "Adult Antiretroviral Therapy"}, "facility": {"code": 16541}}, {"service": {"name": "Paediatric Antiretroviral Therapy"}, "facility": {"code": 16541}}, {"service": {"name": "Curative Services"}, "facility": {"code": 18735}}, {"service": {"name": "Long Term FP"}, "facility": {"code": 18735}}, {"service": {"name": "Short Term FP"}, "facility": {"code": 18735}}, {"service": {"name": "Curative Services"}, "facility": {"code": 18734}}, {"service": {"name": "PMTCT - ANC"}, "facility": {"code": 18733}}, {"service": {"name": "Long Term FP"}, "facility": {"code": 18733}}, {"service": {"name": "Short Term FP"}, "facility": {"code": 18733}}, {"service": {"name": "Curative Services"}, "facility": {"code": 18733}}, {"service": {"name": "Laboratory Services"}, "facility": {"code": 18732}}, {"service": {"name": "Laboratory Services"}, "facility": {"code": 18731}}, {"service": {"name": "Curative Services"}, "facility": {"code": 18731}}, {"service": {"name": "Curative Services"}, "facility": {"code": 18730}}, {"service": {"name": "PMTCT - ANC"}, "facility": {"code": 18730}}, {"service": {"name": "Curative Services"}, "facility": {"code": 18729}}, {"service": {"name": "Curative Services"}, "facility": {"code": 18728}}, {"service": {"name": "Curative Services"}, "facility": {"code": 18727}}, {"service": {"name": "Emergency Preparedness"}, "facility": {"code": 18725}}, {"service": {"name": "Services for Sexual Violence Survivors"}, "facility": {"code": 18725}}, {"service": {"name": "Rehabilitative Health Services - Physiotherapy"}, "facility": {"code": 18725}}, {"service": {"name": "Nutrition Services"}, "facility": {"code": 18725}}, {"service": {"name": "Integrated Management of Childhood Illnesses"}, "facility": {"code": 18725}}, {"service": {"name": "Surgical Services"}, "facility": {"code": 18725}}, {"service": {"name": "Maternity Services"}, "facility": {"code": 18725}}, {"service": {"name": "Curative Services"}, "facility": {"code": 18725}}, {"service": {"name": "Rehabilitative Health Services - Orthopaedic Technology"}, "facility": {"code": 18725}}, {"service": {"name": "Rehabilitative Health Services - Occupational Health"}, "facility": {"code": 18725}}, {"service": {"name": "Curative Services"}, "facility": {"code": 18724}}, {"service": {"name": "Immunization with additional vaccines"}, "facility": {"code": 18725}}, {"service": {"name": "Basic Immunization"}, "facility": {"code": 18725}}, {"service": {"name": "Focused Antenatal Care"}, "facility": {"code": 18725}}, {"service": {"name": "Short Term FP"}, "facility": {"code": 18725}}, {"service": {"name": "PMTCT - Maternity"}, "facility": {"code": 18725}}, {"service": {"name": "PMTCT - ANC"}, "facility": {"code": 18725}}, {"service": {"name": "Diagnostic Counselling and Testing"}, "facility": {"code": 18725}}, {"service": {"name": "Provider Initiated Counselling and Testing"}, "facility": {"code": 18725}}, {"service": {"name": "Voluntary Counselling and Testing"}, "facility": {"code": 18725}}, {"service": {"name": "Management of STIs"}, "facility": {"code": 18725}}, {"service": {"name": "Condom Promotion and Distribution"}, "facility": {"code": 18725}}, {"service": {"name": "Curative Services"}, "facility": {"code": 18723}}, {"service": {"name": "Emergency Preparedness"}, "facility": {"code": 18722}}, {"service": {"name": "Nutrition Services"}, "facility": {"code": 18722}}, {"service": {"name": "Integrated Management of Childhood Illnesses"}, "facility": {"code": 18722}}, {"service": {"name": "Maternity Services"}, "facility": {"code": 18722}}, {"service": {"name": "Curative Services"}, "facility": {"code": 18722}}, {"service": {"name": "Immunization with additional vaccines"}, "facility": {"code": 18722}}, {"service": {"name": "Basic Immunization"}, "facility": {"code": 18722}}, {"service": {"name": "Focused Antenatal Care"}, "facility": {"code": 18722}}, {"service": {"name": "Short Term FP"}, "facility": {"code": 18722}}, {"service": {"name": "PMTCT - Maternity"}, "facility": {"code": 18722}}, {"service": {"name": "PMTCT - ANC"}, "facility": {"code": 18722}}, {"service": {"name": "Diagnostic Counselling and Testing"}, "facility": {"code": 18722}}, {"service": {"name": "Provider Initiated Counselling and Testing"}, "facility": {"code": 18722}}, {"service": {"name": "Voluntary Counselling and Testing"}, "facility": {"code": 18722}}, {"service": {"name": "Management of STIs"}, "facility": {"code": 18722}}, {"service": {"name": "Condom Promotion and Distribution"}, "facility": {"code": 18722}}, {"service": {"name": "Emergency Preparedness"}, "facility": {"code": 18721}}, {"service": {"name": "Emergency Obstetric Care"}, "facility": {"code": 18721}}, {"service": {"name": "Integrated Management of Childhood Illnesses"}, "facility": {"code": 18721}}, {"service": {"name": "Surgical Services"}, "facility": {"code": 18721}}, {"service": {"name": "Maternity Services"}, "facility": {"code": 18721}}, {"service": {"name": "Curative Services"}, "facility": {"code": 18721}}, {"service": {"name": "Immunization with additional vaccines"}, "facility": {"code": 18721}}, {"service": {"name": "Basic Immunization"}, "facility": {"code": 18721}}, {"service": {"name": "Specialized ANC"}, "facility": {"code": 18721}}, {"service": {"name": "Focused Antenatal Care"}, "facility": {"code": 18721}}, {"service": {"name": "Integrated Services"}, "facility": {"code": 18721}}, {"service": {"name": "Home Based Care"}, "facility": {"code": 18721}}, {"service": {"name": "PMTCT - Maternity"}, "facility": {"code": 18721}}, {"service": {"name": "PMTCT - ANC"}, "facility": {"code": 18721}}, {"service": {"name": "Early Infant Diagnosis"}, "facility": {"code": 18721}}, {"service": {"name": "Diagnostic Counselling and Testing"}, "facility": {"code": 18721}}, {"service": {"name": "Provider Initiated Counselling and Testing"}, "facility": {"code": 18721}}, {"service": {"name": "Voluntary Counselling and Testing"}, "facility": {"code": 18721}}, {"service": {"name": "Management of STIs"}, "facility": {"code": 18721}}, {"service": {"name": "Condom Promotion and Distribution"}, "facility": {"code": 18721}}, {"service": {"name": "ENT Services"}, "facility": {"code": 18720}}, {"service": {"name": "Environmental Health Services"}, "facility": {"code": 18720}}, {"service": {"name": "Opthalmic Services"}, "facility": {"code": 18720}}, {"service": {"name": "Nutrition Services"}, "facility": {"code": 18720}}, {"service": {"name": "Integrated Management of Childhood Illnesses"}, "facility": {"code": 18720}}, {"service": {"name": "Laboratory Services"}, "facility": {"code": 18720}}, {"service": {"name": "Surgical Services"}, "facility": {"code": 18720}}, {"service": {"name": "Curative Services"}, "facility": {"code": 18720}}, {"service": {"name": "Short Term FP"}, "facility": {"code": 18720}}, {"service": {"name": "Early Infant Diagnosis"}, "facility": {"code": 18720}}, {"service": {"name": "Diagnostic Counselling and Testing"}, "facility": {"code": 18720}}, {"service": {"name": "Provider Initiated Counselling and Testing"}, "facility": {"code": 18720}}, {"service": {"name": "Voluntary Counselling and Testing"}, "facility": {"code": 18720}}, {"service": {"name": "Management of STIs"}, "facility": {"code": 18720}}, {"service": {"name": "Condom Promotion and Distribution"}, "facility": {"code": 18720}}, {"service": {"name": "Curative Services"}, "facility": {"code": 11376}}, {"service": {"name": "Curative Services"}, "facility": {"code": 11902}}, {"service": {"name": "Curative Services"}, "facility": {"code": 16544}}, {"service": {"name": "Curative Services"}, "facility": {"code": 11781}}, {"service": {"name": "Oral Health Services (Dental Services)"}, "facility": {"code": 18719}}, {"service": {"name": "Laboratory Services"}, "facility": {"code": 18718}}, {"service": {"name": "Curative Services"}, "facility": {"code": 18718}}, {"service": {"name": "Long Term FP"}, "facility": {"code": 18718}}, {"service": {"name": "Short Term FP"}, "facility": {"code": 18718}}, {"service": {"name": "Curative Services"}, "facility": {"code": 18717}}, {"service": {"name": "Long Term FP"}, "facility": {"code": 18717}}, {"service": {"name": "Short Term FP"}, "facility": {"code": 18717}}, {"service": {"name": "PMTCT - ANC"}, "facility": {"code": 18717}}, {"service": {"name": "Curative Services"}, "facility": {"code": 18716}}, {"service": {"name": "Dental Laboratory Services"}, "facility": {"code": 18715}}, {"service": {"name": "Laboratory Services"}, "facility": {"code": 18715}}, {"service": {"name": "Curative Services"}, "facility": {"code": 18715}}, {"service": {"name": "Short Term FP"}, "facility": {"code": 18715}}, {"service": {"name": "Long Term FP"}, "facility": {"code": 18715}}, {"service": {"name": "PMTCT - ANC"}, "facility": {"code": 18715}}, {"service": {"name": "Curative Services"}, "facility": {"code": 12786}}, {"service": {"name": "Maternity Services"}, "facility": {"code": 12757}}, {"service": {"name": "Curative Services"}, "facility": {"code": 12757}}, {"service": {"name": "PMTCT - ANC"}, "facility": {"code": 12757}}, {"service": {"name": "Environmental Health Services"}, "facility": {"code": 12686}}, {"service": {"name": "Curative Services"}, "facility": {"code": 12686}}, {"service": {"name": "Condom Promotion and Distribution"}, "facility": {"code": 12686}}, {"service": {"name": "Environmental Health Services"}, "facility": {"code": 12635}}, {"service": {"name": "Nutrition Services"}, "facility": {"code": 12635}}, {"service": {"name": "Maternity Services"}, "facility": {"code": 12635}}, {"service": {"name": "Curative Services"}, "facility": {"code": 12635}}, {"service": {"name": "Short Term FP"}, "facility": {"code": 12635}}, {"service": {"name": "PMTCT - ANC"}, "facility": {"code": 12635}}, {"service": {"name": "Condom Promotion and Distribution"}, "facility": {"code": 12635}}, {"service": {"name": "Maternity Services"}, "facility": {"code": 12585}}, {"service": {"name": "Curative Services"}, "facility": {"code": 12585}}, {"service": {"name": "Environmental Health Services"}, "facility": {"code": 17020}}, {"service": {"name": "Curative Services"}, "facility": {"code": 17020}}, {"service": {"name": "Basic Immunization"}, "facility": {"code": 17020}}, {"service": {"name": "Focused Antenatal Care"}, "facility": {"code": 17020}}, {"service": {"name": "Short Term FP"}, "facility": {"code": 17020}}, {"service": {"name": "PMTCT - ANC"}, "facility": {"code": 17020}}, {"service": {"name": "Early Infant Diagnosis"}, "facility": {"code": 17020}}, {"service": {"name": "Provider Initiated Counselling and Testing"}, "facility": {"code": 17020}}, {"service": {"name": "Management of STIs"}, "facility": {"code": 17020}}, {"service": {"name": "Condom Promotion and Distribution"}, "facility": {"code": 17020}}, {"service": {"name": "Curative Services"}, "facility": {"code": 18714}}, {"service": {"name": "Curative Services"}, "facility": {"code": 18713}}, {"service": {"name": "Laboratory Services"}, "facility": {"code": 18712}}, {"service": {"name": "Curative Services"}, "facility": {"code": 18712}}, {"service": {"name": "Maternity Services"}, "facility": {"code": 18710}}, {"service": {"name": "Curative Services"}, "facility": {"code": 18710}}, {"service": {"name": "Short Term FP"}, "facility": {"code": 18710}}, {"service": {"name": "Condom Promotion and Distribution"}, "facility": {"code": 18710}}, {"service": {"name": "Curative Services"}, "facility": {"code": 18709}}, {"service": {"name": "Long Term FP"}, "facility": {"code": 18709}}, {"service": {"name": "Short Term FP"}, "facility": {"code": 18709}}, {"service": {"name": "Curative Services"}, "facility": {"code": 18653}}, {"service": {"name": "Laboratory Services"}, "facility": {"code": 18707}}, {"service": {"name": "Curative Services"}, "facility": {"code": 18707}}, {"service": {"name": "Laboratory Services"}, "facility": {"code": 18706}}, {"service": {"name": "Long Term FP"}, "facility": {"code": 18703}}, {"service": {"name": "Short Term FP"}, "facility": {"code": 18703}}, {"service": {"name": "Curative Services"}, "facility": {"code": 18703}}, {"service": {"name": "Nutrition Services"}, "facility": {"code": 18397}}, {"service": {"name": "Curative Services"}, "facility": {"code": 18397}}, {"service": {"name": "Basic Immunization"}, "facility": {"code": 18397}}, {"service": {"name": "Focused Antenatal Care"}, "facility": {"code": 18397}}, {"service": {"name": "Long Term FP"}, "facility": {"code": 18397}}, {"service": {"name": "Short Term FP"}, "facility": {"code": 18397}}, {"service": {"name": "PMTCT - ANC"}, "facility": {"code": 18397}}, {"service": {"name": "Provider Initiated Counselling and Testing"}, "facility": {"code": 18397}}, {"service": {"name": "Management of STIs"}, "facility": {"code": 18397}}, {"service": {"name": "Condom Promotion and Distribution"}, "facility": {"code": 18397}}, {"service": {"name": "Long Term FP"}, "facility": {"code": 18702}}, {"service": {"name": "Short Term FP"}, "facility": {"code": 18702}}, {"service": {"name": "Laboratory Services"}, "facility": {"code": 18702}}, {"service": {"name": "Curative Services"}, "facility": {"code": 18702}}, {"service": {"name": "Surgical Services"}, "facility": {"code": 18701}}, {"service": {"name": "Emergency Obstetric Care"}, "facility": {"code": 12307}}, {"service": {"name": "Maternity Services"}, "facility": {"code": 12307}}, {"service": {"name": "Curative Services"}, "facility": {"code": 12307}}, {"service": {"name": "Focused Antenatal Care"}, "facility": {"code": 12307}}, {"service": {"name": "Short Term FP"}, "facility": {"code": 12307}}, {"service": {"name": "Condom Promotion and Distribution"}, "facility": {"code": 12307}}, {"service": {"name": "Oral Health Services (Dental Services)"}, "facility": {"code": 16602}}, {"service": {"name": "Surgical Services"}, "facility": {"code": 16636}}, {"service": {"name": "Curative Services"}, "facility": {"code": 16636}}, {"service": {"name": "Emergency Preparedness"}, "facility": {"code": 18691}}, {"service": {"name": "Oral Health Services (Dental Services)"}, "facility": {"code": 18691}}, {"service": {"name": "Emergency Obstetric Care"}, "facility": {"code": 18691}}, {"service": {"name": "Environmental Health Services"}, "facility": {"code": 18691}}, {"service": {"name": "Opthalmic Services"}, "facility": {"code": 18691}}, {"service": {"name": "Services for Sexual Violence Survivors"}, "facility": {"code": 18691}}, {"service": {"name": "Mental Health Services"}, "facility": {"code": 18691}}, {"service": {"name": "Nutrition Services"}, "facility": {"code": 18691}}, {"service": {"name": "Integrated Management of Childhood Illnesses"}, "facility": {"code": 18691}}, {"service": {"name": "Laboratory Services"}, "facility": {"code": 18691}}, {"service": {"name": "Surgical Services"}, "facility": {"code": 18691}}, {"service": {"name": "Maternity Services"}, "facility": {"code": 18691}}, {"service": {"name": "Curative Services"}, "facility": {"code": 18691}}, {"service": {"name": "Basic Immunization"}, "facility": {"code": 18691}}, {"service": {"name": "Integrated Services"}, "facility": {"code": 18691}}, {"service": {"name": "Early Infant Diagnosis"}, "facility": {"code": 18691}}, {"service": {"name": "Diagnostic Counselling and Testing"}, "facility": {"code": 18691}}, {"service": {"name": "Provider Initiated Counselling and Testing"}, "facility": {"code": 18691}}, {"service": {"name": "Voluntary Counselling and Testing"}, "facility": {"code": 18691}}, {"service": {"name": "Management of STIs"}, "facility": {"code": 18691}}, {"service": {"name": "Oral Health Services (Dental Services)"}, "facility": {"code": 18690}}, {"service": {"name": "Emergency Obstetric Care"}, "facility": {"code": 18690}}, {"service": {"name": "Environmental Health Services"}, "facility": {"code": 18690}}, {"service": {"name": "Rehabilitative Health Services - Physiotherapy"}, "facility": {"code": 18690}}, {"service": {"name": "Services for Sexual Violence Survivors"}, "facility": {"code": 18690}}, {"service": {"name": "Mental Health Services"}, "facility": {"code": 18690}}, {"service": {"name": "Opthalmic Services"}, "facility": {"code": 18690}}, {"service": {"name": "Nutrition Services"}, "facility": {"code": 18690}}, {"service": {"name": "Integrated Management of Childhood Illnesses"}, "facility": {"code": 18690}}, {"service": {"name": "Ambulance Sevices"}, "facility": {"code": 18690}}, {"service": {"name": "Surgical Services"}, "facility": {"code": 18690}}, {"service": {"name": "Maternity Services"}, "facility": {"code": 18690}}, {"service": {"name": "Curative Services"}, "facility": {"code": 18690}}, {"service": {"name": "Basic Immunization"}, "facility": {"code": 18690}}, {"service": {"name": "Focused Antenatal Care"}, "facility": {"code": 18690}}, {"service": {"name": "Integrated Services"}, "facility": {"code": 18690}}, {"service": {"name": "Long Term FP"}, "facility": {"code": 18690}}, {"service": {"name": "Short Term FP"}, "facility": {"code": 18690}}, {"service": {"name": "Post Exposure Prophylaxis"}, "facility": {"code": 18690}}, {"service": {"name": "PMTCT - Maternity"}, "facility": {"code": 18690}}, {"service": {"name": "PMTCT - ANC"}, "facility": {"code": 18690}}, {"service": {"name": "Early Infant Diagnosis"}, "facility": {"code": 18690}}, {"service": {"name": "Diagnostic Counselling and Testing"}, "facility": {"code": 18690}}, {"service": {"name": "Provider Initiated Counselling and Testing"}, "facility": {"code": 18690}}, {"service": {"name": "Voluntary Counselling and Testing"}, "facility": {"code": 18690}}, {"service": {"name": "Management of STIs"}, "facility": {"code": 18690}}, {"service": {"name": "Curative Services"}, "facility": {"code": 18687}}, {"service": {"name": "Long Term FP"}, "facility": {"code": 18687}}, {"service": {"name": "Short Term FP"}, "facility": {"code": 18687}}, {"service": {"name": "Voluntary Counselling and Testing"}, "facility": {"code": 18687}}, {"service": {"name": "Management of STIs"}, "facility": {"code": 18687}}, {"service": {"name": "Provider Initiated Counselling and Testing"}, "facility": {"code": 18687}}, {"service": {"name": "Condom Promotion and Distribution"}, "facility": {"code": 18687}}, {"service": {"name": "Curative Services"}, "facility": {"code": 18686}}, {"service": {"name": "Long Term FP"}, "facility": {"code": 18686}}, {"service": {"name": "Short Term FP"}, "facility": {"code": 18686}}, {"service": {"name": "Management of STIs"}, "facility": {"code": 18686}}, {"service": {"name": "PMTCT - ANC"}, "facility": {"code": 18686}}, {"service": {"name": "Early Infant Diagnosis"}, "facility": {"code": 18686}}, {"service": {"name": "Diagnostic Counselling and Testing"}, "facility": {"code": 18686}}, {"service": {"name": "Provider Initiated Counselling and Testing"}, "facility": {"code": 18686}}, {"service": {"name": "Voluntary Counselling and Testing"}, "facility": {"code": 18686}}, {"service": {"name": "Condom Promotion and Distribution"}, "facility": {"code": 18686}}, {"service": {"name": "Curative Services"}, "facility": {"code": 18683}}, {"service": {"name": "Long Term FP"}, "facility": {"code": 18683}}, {"service": {"name": "Short Term FP"}, "facility": {"code": 18683}}, {"service": {"name": "Voluntary Counselling and Testing"}, "facility": {"code": 18683}}, {"service": {"name": "Provider Initiated Counselling and Testing"}, "facility": {"code": 18683}}, {"service": {"name": "Management of STIs"}, "facility": {"code": 18683}}, {"service": {"name": "Condom Promotion and Distribution"}, "facility": {"code": 18683}}, {"service": {"name": "Nutrition Services"}, "facility": {"code": 18682}}, {"service": {"name": "Curative Services"}, "facility": {"code": 18682}}, {"service": {"name": "Long Term FP"}, "facility": {"code": 18682}}, {"service": {"name": "Short Term FP"}, "facility": {"code": 18682}}, {"service": {"name": "Provider Initiated Counselling and Testing"}, "facility": {"code": 18682}}, {"service": {"name": "Voluntary Counselling and Testing"}, "facility": {"code": 18682}}, {"service": {"name": "Management of STIs"}, "facility": {"code": 18682}}, {"service": {"name": "Condom Promotion and Distribution"}, "facility": {"code": 18682}}, {"service": {"name": "Curative Services"}, "facility": {"code": 18681}}, {"service": {"name": "Long Term FP"}, "facility": {"code": 18681}}, {"service": {"name": "Short Term FP"}, "facility": {"code": 18681}}, {"service": {"name": "Management of STIs"}, "facility": {"code": 18681}}, {"service": {"name": "Provider Initiated Counselling and Testing"}, "facility": {"code": 18681}}, {"service": {"name": "Voluntary Counselling and Testing"}, "facility": {"code": 18681}}, {"service": {"name": "Condom Promotion and Distribution"}, "facility": {"code": 18681}}, {"service": {"name": "Curative Services"}, "facility": {"code": 18680}}, {"service": {"name": "Long Term FP"}, "facility": {"code": 18680}}, {"service": {"name": "Short Term FP"}, "facility": {"code": 18680}}, {"service": {"name": "Voluntary Counselling and Testing"}, "facility": {"code": 18680}}, {"service": {"name": "Management of STIs"}, "facility": {"code": 18680}}, {"service": {"name": "Condom Promotion and Distribution"}, "facility": {"code": 18680}}, {"service": {"name": "Curative Services"}, "facility": {"code": 18679}}, {"service": {"name": "Long Term FP"}, "facility": {"code": 18679}}, {"service": {"name": "Short Term FP"}, "facility": {"code": 18679}}, {"service": {"name": "Voluntary Counselling and Testing"}, "facility": {"code": 18679}}, {"service": {"name": "Provider Initiated Counselling and Testing"}, "facility": {"code": 18679}}, {"service": {"name": "Management of STIs"}, "facility": {"code": 18679}}, {"service": {"name": "Condom Promotion and Distribution"}, "facility": {"code": 18679}}, {"service": {"name": "Nutrition Services"}, "facility": {"code": 18678}}, {"service": {"name": "Curative Services"}, "facility": {"code": 18678}}, {"service": {"name": "Long Term FP"}, "facility": {"code": 18678}}, {"service": {"name": "Short Term FP"}, "facility": {"code": 18678}}, {"service": {"name": "Provider Initiated Counselling and Testing"}, "facility": {"code": 18678}}, {"service": {"name": "Voluntary Counselling and Testing"}, "facility": {"code": 18678}}, {"service": {"name": "Condom Promotion and Distribution"}, "facility": {"code": 18678}}, {"service": {"name": "Emergency Preparedness"}, "facility": {"code": 18676}}, {"service": {"name": "Emergency Obstetric Care"}, "facility": {"code": 18676}}, {"service": {"name": "Environmental Health Services"}, "facility": {"code": 18676}}, {"service": {"name": "Maternity Services"}, "facility": {"code": 18676}}, {"service": {"name": "Curative Services"}, "facility": {"code": 18676}}, {"service": {"name": "Focused Antenatal Care"}, "facility": {"code": 18676}}, {"service": {"name": "Basic Immunization"}, "facility": {"code": 18676}}, {"service": {"name": "Short Term FP"}, "facility": {"code": 18676}}, {"service": {"name": "Condom Promotion and Distribution"}, "facility": {"code": 18676}}, {"service": {"name": "Emergency Preparedness"}, "facility": {"code": 18675}}, {"service": {"name": "Emergency Obstetric Care"}, "facility": {"code": 18675}}, {"service": {"name": "Maternity Services"}, "facility": {"code": 18675}}, {"service": {"name": "Curative Services"}, "facility": {"code": 18675}}, {"service": {"name": "Basic Immunization"}, "facility": {"code": 18675}}, {"service": {"name": "Focused Antenatal Care"}, "facility": {"code": 18675}}, {"service": {"name": "Short Term FP"}, "facility": {"code": 18675}}, {"service": {"name": "Condom Promotion and Distribution"}, "facility": {"code": 18675}}, {"service": {"name": "Curative Services"}, "facility": {"code": 18674}}, {"service": {"name": "Voluntary Counselling and Testing"}, "facility": {"code": 18674}}, {"service": {"name": "Management of STIs"}, "facility": {"code": 18674}}, {"service": {"name": "Condom Promotion and Distribution"}, "facility": {"code": 18674}}, {"service": {"name": "Curative Services"}, "facility": {"code": 18673}}, {"service": {"name": "Long Term FP"}, "facility": {"code": 18673}}, {"service": {"name": "Short Term FP"}, "facility": {"code": 18673}}, {"service": {"name": "Provider Initiated Counselling and Testing"}, "facility": {"code": 18673}}, {"service": {"name": "Voluntary Counselling and Testing"}, "facility": {"code": 18673}}, {"service": {"name": "Management of STIs"}, "facility": {"code": 18673}}, {"service": {"name": "Condom Promotion and Distribution"}, "facility": {"code": 18673}}, {"service": {"name": "Curative Services"}, "facility": {"code": 18671}}, {"service": {"name": "Stand Alone Services"}, "facility": {"code": 18671}}, {"service": {"name": "Short Term FP"}, "facility": {"code": 18671}}, {"service": {"name": "Post Exposure Prophylaxis"}, "facility": {"code": 18671}}, {"service": {"name": "PMTCT - ANC"}, "facility": {"code": 18671}}, {"service": {"name": "Diagnostic Counselling and Testing"}, "facility": {"code": 18671}}, {"service": {"name": "Provider Initiated Counselling and Testing"}, "facility": {"code": 18671}}, {"service": {"name": "Voluntary Counselling and Testing"}, "facility": {"code": 18671}}, {"service": {"name": "Management of STIs"}, "facility": {"code": 18671}}, {"service": {"name": "Condom Promotion and Distribution"}, "facility": {"code": 18671}}, {"service": {"name": "Curative Services"}, "facility": {"code": 18670}}, {"service": {"name": "Focused Antenatal Care"}, "facility": {"code": 18670}}, {"service": {"name": "Long Term FP"}, "facility": {"code": 18670}}, {"service": {"name": "Short Term FP"}, "facility": {"code": 18670}}, {"service": {"name": "Post Exposure Prophylaxis"}, "facility": {"code": 18670}}, {"service": {"name": "PMTCT - ANC"}, "facility": {"code": 18670}}, {"service": {"name": "Early Infant Diagnosis"}, "facility": {"code": 18670}}, {"service": {"name": "Diagnostic Counselling and Testing"}, "facility": {"code": 18670}}, {"service": {"name": "Provider Initiated Counselling and Testing"}, "facility": {"code": 18670}}, {"service": {"name": "Voluntary Counselling and Testing"}, "facility": {"code": 18670}}, {"service": {"name": "Management of STIs"}, "facility": {"code": 18670}}, {"service": {"name": "Condom Promotion and Distribution"}, "facility": {"code": 18670}}, {"service": {"name": "Environmental Health Services"}, "facility": {"code": 18669}}, {"service": {"name": "Laboratory Services"}, "facility": {"code": 18669}}, {"service": {"name": "Curative Services"}, "facility": {"code": 18669}}, {"service": {"name": "Focused Antenatal Care"}, "facility": {"code": 18669}}, {"service": {"name": "Short Term FP"}, "facility": {"code": 18669}}, {"service": {"name": "PMTCT - ANC"}, "facility": {"code": 18669}}, {"service": {"name": "Nutrition Services"}, "facility": {"code": 18668}}, {"service": {"name": "Laboratory Services"}, "facility": {"code": 18668}}, {"service": {"name": "Curative Services"}, "facility": {"code": 18668}}, {"service": {"name": "Basic Immunization"}, "facility": {"code": 18668}}, {"service": {"name": "Focused Antenatal Care"}, "facility": {"code": 18668}}, {"service": {"name": "Diagnostic Counselling and Testing"}, "facility": {"code": 18668}}, {"service": {"name": "Provider Initiated Counselling and Testing"}, "facility": {"code": 18668}}, {"service": {"name": "Early Infant Diagnosis"}, "facility": {"code": 16168}}, {"service": {"name": "Basic Immunization"}, "facility": {"code": 16168}}, {"service": {"name": "Focused Antenatal Care"}, "facility": {"code": 16168}}, {"service": {"name": "Curative Services"}, "facility": {"code": 18664}}, {"service": {"name": "Basic Immunization"}, "facility": {"code": 18664}}, {"service": {"name": "Focused Antenatal Care"}, "facility": {"code": 18664}}, {"service": {"name": "Short Term FP"}, "facility": {"code": 18664}}, {"service": {"name": "Post Exposure Prophylaxis"}, "facility": {"code": 18664}}, {"service": {"name": "PMTCT - ANC"}, "facility": {"code": 18664}}, {"service": {"name": "Management of STIs"}, "facility": {"code": 18664}}, {"service": {"name": "Condom Promotion and Distribution"}, "facility": {"code": 18664}}, {"service": {"name": "Dental Laboratory Services"}, "facility": {"code": 18663}}, {"service": {"name": "Oral Health Services (Dental Services)"}, "facility": {"code": 18663}}, {"service": {"name": "Emergency Obstetric Care"}, "facility": {"code": 18663}}, {"service": {"name": "Laboratory Services"}, "facility": {"code": 18663}}, {"service": {"name": "Maternity Services"}, "facility": {"code": 18663}}, {"service": {"name": "Curative Services"}, "facility": {"code": 18663}}, {"service": {"name": "Integrated Management of Childhood Illnesses"}, "facility": {"code": 15894}}, {"service": {"name": "ENT Services"}, "facility": {"code": 15894}}, {"service": {"name": "Environmental Health Services"}, "facility": {"code": 15894}}, {"service": {"name": "Surgical Services"}, "facility": {"code": 15894}}, {"service": {"name": "Laboratory Services"}, "facility": {"code": 15894}}, {"service": {"name": "Ambulance Sevices"}, "facility": {"code": 15894}}, {"service": {"name": "Maternity Services"}, "facility": {"code": 15894}}, {"service": {"name": "Curative Services"}, "facility": {"code": 15894}}, {"service": {"name": "Opthalmic Services"}, "facility": {"code": 18660}}, {"service": {"name": "Curative Services"}, "facility": {"code": 18660}}, {"service": {"name": "Curative Services"}, "facility": {"code": 18661}}, {"service": {"name": "Short Term FP"}, "facility": {"code": 18661}}, {"service": {"name": "Management of STIs"}, "facility": {"code": 18661}}, {"service": {"name": "Condom Promotion and Distribution"}, "facility": {"code": 18661}}, {"service": {"name": "PMTCT - ANC"}, "facility": {"code": 18660}}, {"service": {"name": "Diagnostic Counselling and Testing"}, "facility": {"code": 18660}}, {"service": {"name": "Provider Initiated Counselling and Testing"}, "facility": {"code": 18660}}, {"service": {"name": "Voluntary Counselling and Testing"}, "facility": {"code": 18660}}, {"service": {"name": "Condom Promotion and Distribution"}, "facility": {"code": 18660}}, {"service": {"name": "Curative Services"}, "facility": {"code": 18659}}, {"service": {"name": "Focused Antenatal Care"}, "facility": {"code": 18659}}, {"service": {"name": "Long Term FP"}, "facility": {"code": 18659}}, {"service": {"name": "Short Term FP"}, "facility": {"code": 18659}}, {"service": {"name": "PMTCT - ANC"}, "facility": {"code": 18659}}, {"service": {"name": "Provider Initiated Counselling and Testing"}, "facility": {"code": 18659}}, {"service": {"name": "Management of STIs"}, "facility": {"code": 18659}}, {"service": {"name": "Condom Promotion and Distribution"}, "facility": {"code": 18659}}, {"service": {"name": "Emergency Preparedness"}, "facility": {"code": 18658}}, {"service": {"name": "Emergency Obstetric Care"}, "facility": {"code": 18658}}, {"service": {"name": "Environmental Health Services"}, "facility": {"code": 18658}}, {"service": {"name": "Curative Services"}, "facility": {"code": 18655}}, {"service": {"name": "Integrated Management of Childhood Illnesses"}, "facility": {"code": 18658}}, {"service": {"name": "Laboratory Services"}, "facility": {"code": 18658}}, {"service": {"name": "Curative Services"}, "facility": {"code": 18658}}, {"service": {"name": "First Line Treatment"}, "facility": {"code": 18658}}, {"service": {"name": "Smear Microscopy"}, "facility": {"code": 18658}}, {"service": {"name": "Basic Immunization"}, "facility": {"code": 18658}}, {"service": {"name": "Long Term FP"}, "facility": {"code": 18658}}, {"service": {"name": "Short Term FP"}, "facility": {"code": 18658}}, {"service": {"name": "Post Exposure Prophylaxis"}, "facility": {"code": 18658}}, {"service": {"name": "PMTCT - ANC"}, "facility": {"code": 18658}}, {"service": {"name": "Management of STIs"}, "facility": {"code": 18658}}, {"service": {"name": "Diagnostic Counselling and Testing"}, "facility": {"code": 18658}}, {"service": {"name": "Provider Initiated Counselling and Testing"}, "facility": {"code": 18658}}, {"service": {"name": "Condom Promotion and Distribution"}, "facility": {"code": 18658}}, {"service": {"name": "ENT Services"}, "facility": {"code": 18657}}, {"service": {"name": "Oral Health Services (Dental Services)"}, "facility": {"code": 18657}}, {"service": {"name": "Environmental Health Services"}, "facility": {"code": 18657}}, {"service": {"name": "Rehabilitative Health Services - Physiotherapy"}, "facility": {"code": 18657}}, {"service": {"name": "Services for Sexual Violence Survivors"}, "facility": {"code": 18657}}, {"service": {"name": "Opthalmic Services"}, "facility": {"code": 18657}}, {"service": {"name": "Nutrition Services"}, "facility": {"code": 18657}}, {"service": {"name": "Integrated Management of Childhood Illnesses"}, "facility": {"code": 18657}}, {"service": {"name": "Ambulance Sevices"}, "facility": {"code": 18657}}, {"service": {"name": "Curative Services"}, "facility": {"code": 18657}}, {"service": {"name": "Short Term FP"}, "facility": {"code": 18657}}, {"service": {"name": "Condom Promotion and Distribution"}, "facility": {"code": 18657}}, {"service": {"name": "Laboratory Services"}, "facility": {"code": 18648}}, {"service": {"name": "PMTCT - Maternity"}, "facility": {"code": 13809}}, {"service": {"name": "MDRTB Treatment"}, "facility": {"code": 18651}}, {"service": {"name": "First Line Treatment"}, "facility": {"code": 18651}}, {"service": {"name": "Tuberculosis Culture"}, "facility": {"code": 18651}}, {"service": {"name": "Smear Microscopy"}, "facility": {"code": 18651}}, {"service": {"name": "Adult Antiretroviral Therapy"}, "facility": {"code": 18651}}, {"service": {"name": "Paediatric Antiretroviral Therapy"}, "facility": {"code": 18651}}, {"service": {"name": "Diagnostic Counselling and Testing"}, "facility": {"code": 18651}}, {"service": {"name": "Provider Initiated Counselling and Testing"}, "facility": {"code": 18651}}, {"service": {"name": "Voluntary Counselling and Testing"}, "facility": {"code": 18651}}, {"service": {"name": "Management of STIs"}, "facility": {"code": 18651}}, {"service": {"name": "Condom Promotion and Distribution"}, "facility": {"code": 18651}}, {"service": {"name": "Integrated Services"}, "facility": {"code": 17049}}, {"service": {"name": "Permanent FP"}, "facility": {"code": 17049}}, {"service": {"name": "Long Term FP"}, "facility": {"code": 17049}}, {"service": {"name": "Post Exposure Prophylaxis"}, "facility": {"code": 17049}}, {"service": {"name": "Curative Services"}, "facility": {"code": 18635}}, {"service": {"name": "Curative Services"}, "facility": {"code": 18634}}, {"service": {"name": "Laboratory Services"}, "facility": {"code": 18633}}, {"service": {"name": "Dental Laboratory Services"}, "facility": {"code": 18633}}, {"service": {"name": "Mental Health Services"}, "facility": {"code": 18633}}, {"service": {"name": "Surgical Services"}, "facility": {"code": 16618}}, {"service": {"name": "Curative Services"}, "facility": {"code": 16618}}, {"service": {"name": "Opthalmic Services"}, "facility": {"code": 18632}}, {"service": {"name": "Emergency Obstetric Care"}, "facility": {"code": 16641}}, {"service": {"name": "Laboratory Services"}, "facility": {"code": 16641}}, {"service": {"name": "Curative Services"}, "facility": {"code": 16641}}, {"service": {"name": "Permanent FP"}, "facility": {"code": 16641}}, {"service": {"name": "Short Term FP"}, "facility": {"code": 16641}}, {"service": {"name": "Laboratory Services"}, "facility": {"code": 18631}}, {"service": {"name": "Radiology Services"}, "facility": {"code": 18631}}, {"service": {"name": "Curative Services"}, "facility": {"code": 18631}}, {"service": {"name": "Emergency Obstetric Care"}, "facility": {"code": 18631}}, {"service": {"name": "Focused Antenatal Care"}, "facility": {"code": 18631}}, {"service": {"name": "Curative Services"}, "facility": {"code": 18628}}, {"service": {"name": "Basic Immunization"}, "facility": {"code": 18628}}, {"service": {"name": "Focused Antenatal Care"}, "facility": {"code": 18628}}, {"service": {"name": "Long Term FP"}, "facility": {"code": 18628}}, {"service": {"name": "Short Term FP"}, "facility": {"code": 18628}}, {"service": {"name": "PMTCT - ANC"}, "facility": {"code": 18628}}, {"service": {"name": "Provider Initiated Counselling and Testing"}, "facility": {"code": 18628}}, {"service": {"name": "Voluntary Counselling and Testing"}, "facility": {"code": 18628}}, {"service": {"name": "Management of STIs"}, "facility": {"code": 18628}}, {"service": {"name": "Condom Promotion and Distribution"}, "facility": {"code": 18628}}, {"service": {"name": "Emergency Preparedness"}, "facility": {"code": 18627}}, {"service": {"name": "ENT Services"}, "facility": {"code": 18627}}, {"service": {"name": "Dental Laboratory Services"}, "facility": {"code": 18627}}, {"service": {"name": "Oral Health Services (Dental Services)"}, "facility": {"code": 18627}}, {"service": {"name": "Emergency Obstetric Care"}, "facility": {"code": 18627}}, {"service": {"name": "Environmental Health Services"}, "facility": {"code": 18627}}, {"service": {"name": "Rehabilitative Health Services - Physiotherapy"}, "facility": {"code": 18627}}, {"service": {"name": "Services for Sexual Violence Survivors"}, "facility": {"code": 18627}}, {"service": {"name": "Mental Health Services"}, "facility": {"code": 18627}}, {"service": {"name": "Opthalmic Services"}, "facility": {"code": 18627}}, {"service": {"name": "Nutrition Services"}, "facility": {"code": 18627}}, {"service": {"name": "Integrated Management of Childhood Illnesses"}, "facility": {"code": 18627}}, {"service": {"name": "Laboratory Services"}, "facility": {"code": 18627}}, {"service": {"name": "Radiology Services"}, "facility": {"code": 18627}}, {"service": {"name": "Surgical Services"}, "facility": {"code": 18627}}, {"service": {"name": "Curative Services"}, "facility": {"code": 18627}}, {"service": {"name": "Focused Antenatal Care"}, "facility": {"code": 18627}}, {"service": {"name": "Integrated Services"}, "facility": {"code": 18627}}, {"service": {"name": "Post Exposure Prophylaxis"}, "facility": {"code": 18627}}, {"service": {"name": "PMTCT - ANC"}, "facility": {"code": 18627}}, {"service": {"name": "Diagnostic Counselling and Testing"}, "facility": {"code": 18627}}, {"service": {"name": "Provider Initiated Counselling and Testing"}, "facility": {"code": 18627}}, {"service": {"name": "Voluntary Counselling and Testing"}, "facility": {"code": 18627}}, {"service": {"name": "Management of STIs"}, "facility": {"code": 18627}}, {"service": {"name": "Condom Promotion and Distribution"}, "facility": {"code": 18627}}, {"service": {"name": "Curative Services"}, "facility": {"code": 17460}}, {"service": {"name": "Emergency Obstetric Care"}, "facility": {"code": 17250}}, {"service": {"name": "Environmental Health Services"}, "facility": {"code": 17250}}, {"service": {"name": "Mental Health Services"}, "facility": {"code": 17250}}, {"service": {"name": "Integrated Management of Childhood Illnesses"}, "facility": {"code": 17250}}, {"service": {"name": "Curative Services"}, "facility": {"code": 17250}}, {"service": {"name": "Immunization with additional vaccines"}, "facility": {"code": 17250}}, {"service": {"name": "Long Term FP"}, "facility": {"code": 17250}}, {"service": {"name": "Basic Immunization"}, "facility": {"code": 17250}}, {"service": {"name": "Focused Antenatal Care"}, "facility": {"code": 17250}}, {"service": {"name": "Post Exposure Prophylaxis"}, "facility": {"code": 17250}}, {"service": {"name": "Short Term FP"}, "facility": {"code": 17250}}, {"service": {"name": "PMTCT - ANC"}, "facility": {"code": 17250}}, {"service": {"name": "Early Infant Diagnosis"}, "facility": {"code": 17250}}, {"service": {"name": "Diagnostic Counselling and Testing"}, "facility": {"code": 17250}}, {"service": {"name": "Voluntary Counselling and Testing"}, "facility": {"code": 17250}}, {"service": {"name": "Provider Initiated Counselling and Testing"}, "facility": {"code": 17250}}, {"service": {"name": "Management of STIs"}, "facility": {"code": 17250}}, {"service": {"name": "Condom Promotion and Distribution"}, "facility": {"code": 17250}}, {"service": {"name": "Focused Antenatal Care"}, "facility": {"code": 18626}}, {"service": {"name": "Long Term FP"}, "facility": {"code": 18626}}, {"service": {"name": "Short Term FP"}, "facility": {"code": 18626}}, {"service": {"name": "Voluntary Male Circumcision"}, "facility": {"code": 18626}}, {"service": {"name": "PMTCT - Maternity"}, "facility": {"code": 18626}}, {"service": {"name": "PMTCT - ANC"}, "facility": {"code": 18626}}, {"service": {"name": "Early Infant Diagnosis"}, "facility": {"code": 18626}}, {"service": {"name": "Diagnostic Counselling and Testing"}, "facility": {"code": 18626}}, {"service": {"name": "Provider Initiated Counselling and Testing"}, "facility": {"code": 18626}}, {"service": {"name": "Management of STIs"}, "facility": {"code": 18626}}, {"service": {"name": "Condom Promotion and Distribution"}, "facility": {"code": 18626}}, {"service": {"name": "Maternity Services"}, "facility": {"code": 18625}}, {"service": {"name": "Curative Services"}, "facility": {"code": 18625}}, {"service": {"name": "Basic Immunization"}, "facility": {"code": 18625}}, {"service": {"name": "Focused Antenatal Care"}, "facility": {"code": 18625}}, {"service": {"name": "Long Term FP"}, "facility": {"code": 18625}}, {"service": {"name": "Short Term FP"}, "facility": {"code": 18625}}, {"service": {"name": "Post Exposure Prophylaxis"}, "facility": {"code": 18625}}, {"service": {"name": "Voluntary Male Circumcision"}, "facility": {"code": 18625}}, {"service": {"name": "PMTCT - Maternity"}, "facility": {"code": 18625}}, {"service": {"name": "PMTCT - ANC"}, "facility": {"code": 18625}}, {"service": {"name": "Early Infant Diagnosis"}, "facility": {"code": 18625}}, {"service": {"name": "Diagnostic Counselling and Testing"}, "facility": {"code": 18625}}, {"service": {"name": "Provider Initiated Counselling and Testing"}, "facility": {"code": 18625}}, {"service": {"name": "Management of STIs"}, "facility": {"code": 18625}}, {"service": {"name": "Condom Promotion and Distribution"}, "facility": {"code": 18625}}, {"service": {"name": "Maternity Services"}, "facility": {"code": 18624}}, {"service": {"name": "Curative Services"}, "facility": {"code": 18624}}, {"service": {"name": "Basic Immunization"}, "facility": {"code": 18624}}, {"service": {"name": "Focused Antenatal Care"}, "facility": {"code": 18624}}, {"service": {"name": "Short Term FP"}, "facility": {"code": 18624}}, {"service": {"name": "PMTCT - Maternity"}, "facility": {"code": 18624}}, {"service": {"name": "PMTCT - ANC"}, "facility": {"code": 18624}}, {"service": {"name": "Early Infant Diagnosis"}, "facility": {"code": 18624}}, {"service": {"name": "Diagnostic Counselling and Testing"}, "facility": {"code": 18624}}, {"service": {"name": "Provider Initiated Counselling and Testing"}, "facility": {"code": 18624}}, {"service": {"name": "Management of STIs"}, "facility": {"code": 18624}}, {"service": {"name": "Condom Promotion and Distribution"}, "facility": {"code": 18624}}, {"service": {"name": "Laboratory Services"}, "facility": {"code": 18623}}, {"service": {"name": "Curative Services"}, "facility": {"code": 18623}}, {"service": {"name": "Integrated Management of Childhood Illnesses"}, "facility": {"code": 18546}}, {"service": {"name": "Ambulance Sevices"}, "facility": {"code": 18546}}, {"service": {"name": "Laboratory Services"}, "facility": {"code": 18546}}, {"service": {"name": "Radiology Services"}, "facility": {"code": 18546}}, {"service": {"name": "Surgical Services"}, "facility": {"code": 18546}}, {"service": {"name": "Maternity Services"}, "facility": {"code": 18546}}, {"service": {"name": "Curative Services"}, "facility": {"code": 18546}}, {"service": {"name": "Facility Based Blood Transfusion Service"}, "facility": {"code": 18546}}, {"service": {"name": "Management of STIs"}, "facility": {"code": 18546}}, {"service": {"name": "Condom Promotion and Distribution"}, "facility": {"code": 18546}}, {"service": {"name": "Curative Services"}, "facility": {"code": 18618}}, {"service": {"name": "Curative Services"}, "facility": {"code": 18620}}, {"service": {"name": "Curative Services"}, "facility": {"code": 18621}}, {"service": {"name": "Curative Services"}, "facility": {"code": 18619}}, {"service": {"name": "Short Term FP"}, "facility": {"code": 18623}}, {"service": {"name": "Management of STIs"}, "facility": {"code": 18623}}, {"service": {"name": "Condom Promotion and Distribution"}, "facility": {"code": 18623}}, {"service": {"name": "PMTCT - ANC"}, "facility": {"code": 12919}}, {"service": {"name": "First Line Treatment"}, "facility": {"code": 17394}}, {"service": {"name": "First Line Treatment"}, "facility": {"code": 18304}}, {"service": {"name": "First Line Treatment"}, "facility": {"code": 13179}}, {"service": {"name": "Services for Sexual Violence Survivors"}, "facility": {"code": 17650}}, {"service": {"name": "Services for Female Genital Mutilation (FGM) Survivors"}, "facility": {"code": 17650}}, {"service": {"name": "First Line Treatment"}, "facility": {"code": 17650}}, {"service": {"name": "Adult Antiretroviral Therapy"}, "facility": {"code": 17650}}, {"service": {"name": "Paediatric Antiretroviral Therapy"}, "facility": {"code": 17650}}, {"service": {"name": "Post Exposure Prophylaxis"}, "facility": {"code": 17650}}, {"service": {"name": "Early Infant Diagnosis"}, "facility": {"code": 17650}}, {"service": {"name": "Oral Health Services (Dental Services)"}, "facility": {"code": 18622}}, {"service": {"name": "Maternity Services"}, "facility": {"code": 18622}}, {"service": {"name": "Surgical Services"}, "facility": {"code": 18622}}, {"service": {"name": "Nutrition Services"}, "facility": {"code": 18622}}, {"service": {"name": "Laboratory Services"}, "facility": {"code": 18622}}, {"service": {"name": "Curative Services"}, "facility": {"code": 18622}}, {"service": {"name": "Integrated Services"}, "facility": {"code": 18622}}, {"service": {"name": "Long Term FP"}, "facility": {"code": 18622}}, {"service": {"name": "Short Term FP"}, "facility": {"code": 18622}}, {"service": {"name": "Home Based Care"}, "facility": {"code": 18622}}, {"service": {"name": "PMTCT - ANC"}, "facility": {"code": 18622}}, {"service": {"name": "PMTCT - Maternity"}, "facility": {"code": 18622}}, {"service": {"name": "Early Infant Diagnosis"}, "facility": {"code": 18622}}, {"service": {"name": "Diagnostic Counselling and Testing"}, "facility": {"code": 18622}}, {"service": {"name": "Provider Initiated Counselling and Testing"}, "facility": {"code": 18622}}, {"service": {"name": "Voluntary Counselling and Testing"}, "facility": {"code": 18622}}, {"service": {"name": "Management of STIs"}, "facility": {"code": 18622}}, {"service": {"name": "Condom Promotion and Distribution"}, "facility": {"code": 18622}}, {"service": {"name": "Emergency Preparedness"}, "facility": {"code": 18621}}, {"service": {"name": "Emergency Obstetric Care"}, "facility": {"code": 18621}}, {"service": {"name": "Condom Promotion and Distribution"}, "facility": {"code": 18621}}, {"service": {"name": "Short Term FP"}, "facility": {"code": 18621}}, {"service": {"name": "Short Term FP"}, "facility": {"code": 18620}}, {"service": {"name": "Emergency Preparedness"}, "facility": {"code": 18620}}, {"service": {"name": "Emergency Obstetric Care"}, "facility": {"code": 18620}}, {"service": {"name": "Emergency Preparedness"}, "facility": {"code": 18619}}, {"service": {"name": "Emergency Obstetric Care"}, "facility": {"code": 18619}}, {"service": {"name": "Short Term FP"}, "facility": {"code": 18619}}, {"service": {"name": "Emergency Preparedness"}, "facility": {"code": 18618}}, {"service": {"name": "Emergency Obstetric Care"}, "facility": {"code": 18618}}, {"service": {"name": "Short Term FP"}, "facility": {"code": 18618}}, {"service": {"name": "Emergency Obstetric Care"}, "facility": {"code": 18617}}, {"service": {"name": "Laboratory Services"}, "facility": {"code": 18617}}, {"service": {"name": "Maternity Services"}, "facility": {"code": 18617}}, {"service": {"name": "Curative Services"}, "facility": {"code": 18617}}, {"service": {"name": "Focused Antenatal Care"}, "facility": {"code": 18617}}, {"service": {"name": "Long Term FP"}, "facility": {"code": 18617}}, {"service": {"name": "Short Term FP"}, "facility": {"code": 18617}}, {"service": {"name": "PMTCT - Maternity"}, "facility": {"code": 18617}}, {"service": {"name": "PMTCT - ANC"}, "facility": {"code": 18617}}, {"service": {"name": "Diagnostic Counselling and Testing"}, "facility": {"code": 18617}}, {"service": {"name": "Provider Initiated Counselling and Testing"}, "facility": {"code": 18617}}, {"service": {"name": "Voluntary Counselling and Testing"}, "facility": {"code": 18617}}, {"service": {"name": "Condom Promotion and Distribution"}, "facility": {"code": 18617}}, {"service": {"name": "Environmental Health Services"}, "facility": {"code": 18616}}, {"service": {"name": "Curative Services"}, "facility": {"code": 18616}}, {"service": {"name": "Basic Immunization"}, "facility": {"code": 18616}}, {"service": {"name": "Focused Antenatal Care"}, "facility": {"code": 18616}}, {"service": {"name": "Long Term FP"}, "facility": {"code": 18616}}, {"service": {"name": "Short Term FP"}, "facility": {"code": 18616}}, {"service": {"name": "Provider Initiated Counselling and Testing"}, "facility": {"code": 18616}}, {"service": {"name": "Voluntary Counselling and Testing"}, "facility": {"code": 18616}}, {"service": {"name": "Management of STIs"}, "facility": {"code": 18616}}, {"service": {"name": "Condom Promotion and Distribution"}, "facility": {"code": 18616}}, {"service": {"name": "Laboratory Services"}, "facility": {"code": 13213}}, {"service": {"name": "Maternity Services"}, "facility": {"code": 13213}}, {"service": {"name": "Curative Services"}, "facility": {"code": 13213}}, {"service": {"name": "Basic Immunization"}, "facility": {"code": 13213}}, {"service": {"name": "Focused Antenatal Care"}, "facility": {"code": 13213}}, {"service": {"name": "Short Term FP"}, "facility": {"code": 13213}}, {"service": {"name": "Diagnostic Counselling and Testing"}, "facility": {"code": 13213}}, {"service": {"name": "Voluntary Counselling and Testing"}, "facility": {"code": 13213}}, {"service": {"name": "Laboratory Services"}, "facility": {"code": 13159}}, {"service": {"name": "Maternity Services"}, "facility": {"code": 13159}}, {"service": {"name": "Curative Services"}, "facility": {"code": 13159}}, {"service": {"name": "Basic Immunization"}, "facility": {"code": 13159}}, {"service": {"name": "Focused Antenatal Care"}, "facility": {"code": 13159}}, {"service": {"name": "Short Term FP"}, "facility": {"code": 13159}}, {"service": {"name": "PMTCT - Maternity"}, "facility": {"code": 13159}}, {"service": {"name": "Diagnostic Counselling and Testing"}, "facility": {"code": 13159}}, {"service": {"name": "Voluntary Counselling and Testing"}, "facility": {"code": 13159}}, {"service": {"name": "Integrated Management of Childhood Illnesses"}, "facility": {"code": 18614}}, {"service": {"name": "Curative Services"}, "facility": {"code": 18614}}, {"service": {"name": "Short Term FP"}, "facility": {"code": 18614}}, {"service": {"name": "Management of STIs"}, "facility": {"code": 18614}}, {"service": {"name": "Condom Promotion and Distribution"}, "facility": {"code": 18614}}, {"service": {"name": "Curative Services"}, "facility": {"code": 12960}}, {"service": {"name": "Focused Antenatal Care"}, "facility": {"code": 12960}}, {"service": {"name": "Basic Immunization"}, "facility": {"code": 12960}}, {"service": {"name": "Short Term FP"}, "facility": {"code": 12960}}, {"service": {"name": "Voluntary Counselling and Testing"}, "facility": {"code": 12960}}, {"service": {"name": "Diagnostic Counselling and Testing"}, "facility": {"code": 12960}}, {"service": {"name": "Curative Services"}, "facility": {"code": 18613}}, {"service": {"name": "Focused Antenatal Care"}, "facility": {"code": 18613}}, {"service": {"name": "Voluntary Counselling and Testing"}, "facility": {"code": 18613}}, {"service": {"name": "Diagnostic Counselling and Testing"}, "facility": {"code": 18613}}, {"service": {"name": "Short Term FP"}, "facility": {"code": 18613}}, {"service": {"name": "Laboratory Services"}, "facility": {"code": 18612}}, {"service": {"name": "Maternity Services"}, "facility": {"code": 18612}}, {"service": {"name": "Curative Services"}, "facility": {"code": 18612}}, {"service": {"name": "Smear Microscopy"}, "facility": {"code": 18612}}, {"service": {"name": "First Line Treatment"}, "facility": {"code": 18612}}, {"service": {"name": "Long Term FP"}, "facility": {"code": 18612}}, {"service": {"name": "Short Term FP"}, "facility": {"code": 18612}}, {"service": {"name": "Adult Antiretroviral Therapy"}, "facility": {"code": 18612}}, {"service": {"name": "Early Infant Diagnosis"}, "facility": {"code": 18612}}, {"service": {"name": "Voluntary Counselling and Testing"}, "facility": {"code": 18612}}, {"service": {"name": "PMTCT - Maternity"}, "facility": {"code": 18612}}, {"service": {"name": "PMTCT - ANC"}, "facility": {"code": 18612}}, {"service": {"name": "Emergency Preparedness"}, "facility": {"code": 18611}}, {"service": {"name": "Laboratory Services"}, "facility": {"code": 18611}}, {"service": {"name": "Curative Services"}, "facility": {"code": 18611}}, {"service": {"name": "Basic Immunization"}, "facility": {"code": 18611}}, {"service": {"name": "Integrated Services"}, "facility": {"code": 18611}}, {"service": {"name": "Long Term FP"}, "facility": {"code": 18611}}, {"service": {"name": "Short Term FP"}, "facility": {"code": 18611}}, {"service": {"name": "PMTCT - ANC"}, "facility": {"code": 18611}}, {"service": {"name": "Diagnostic Counselling and Testing"}, "facility": {"code": 18611}}, {"service": {"name": "Provider Initiated Counselling and Testing"}, "facility": {"code": 18611}}, {"service": {"name": "Voluntary Counselling and Testing"}, "facility": {"code": 18611}}, {"service": {"name": "Management of STIs"}, "facility": {"code": 18611}}, {"service": {"name": "Condom Promotion and Distribution"}, "facility": {"code": 18611}}, {"service": {"name": "Diagnostic Counselling and Testing"}, "facility": {"code": 17391}}, {"service": {"name": "Basic Immunization"}, "facility": {"code": 17301}}, {"service": {"name": "Short Term FP"}, "facility": {"code": 17301}}, {"service": {"name": "Integrated Management of Childhood Illnesses"}, "facility": {"code": 18610}}, {"service": {"name": "Maternity Services"}, "facility": {"code": 18610}}, {"service": {"name": "Curative Services"}, "facility": {"code": 18610}}, {"service": {"name": "Focused Antenatal Care"}, "facility": {"code": 18610}}, {"service": {"name": "Short Term FP"}, "facility": {"code": 18610}}, {"service": {"name": "PMTCT - ANC"}, "facility": {"code": 18610}}, {"service": {"name": "Diagnostic Counselling and Testing"}, "facility": {"code": 18610}}, {"service": {"name": "Provider Initiated Counselling and Testing"}, "facility": {"code": 18610}}, {"service": {"name": "Management of STIs"}, "facility": {"code": 18610}}, {"service": {"name": "Condom Promotion and Distribution"}, "facility": {"code": 18610}}, {"service": {"name": "Emergency Preparedness"}, "facility": {"code": 18608}}, {"service": {"name": "ENT Services"}, "facility": {"code": 18608}}, {"service": {"name": "Emergency Obstetric Care"}, "facility": {"code": 18608}}, {"service": {"name": "Services for Sexual Violence Survivors"}, "facility": {"code": 18608}}, {"service": {"name": "Nutrition Services"}, "facility": {"code": 18608}}, {"service": {"name": "Opthalmic Services"}, "facility": {"code": 18608}}, {"service": {"name": "Mental Health Services"}, "facility": {"code": 18608}}, {"service": {"name": "Environmental Health Services"}, "facility": {"code": 18608}}, {"service": {"name": "Integrated Management of Childhood Illnesses"}, "facility": {"code": 18608}}, {"service": {"name": "Surgical Services"}, "facility": {"code": 18608}}, {"service": {"name": "Maternity Services"}, "facility": {"code": 18608}}, {"service": {"name": "Curative Services"}, "facility": {"code": 18608}}, {"service": {"name": "Basic Immunization"}, "facility": {"code": 18608}}, {"service": {"name": "Focused Antenatal Care"}, "facility": {"code": 18608}}, {"service": {"name": "Long Term FP"}, "facility": {"code": 18608}}, {"service": {"name": "Short Term FP"}, "facility": {"code": 18608}}, {"service": {"name": "Post Exposure Prophylaxis"}, "facility": {"code": 18608}}, {"service": {"name": "PMTCT - Maternity"}, "facility": {"code": 18608}}, {"service": {"name": "PMTCT - ANC"}, "facility": {"code": 18608}}, {"service": {"name": "Diagnostic Counselling and Testing"}, "facility": {"code": 18608}}, {"service": {"name": "Provider Initiated Counselling and Testing"}, "facility": {"code": 18608}}, {"service": {"name": "Voluntary Counselling and Testing"}, "facility": {"code": 18608}}, {"service": {"name": "Management of STIs"}, "facility": {"code": 18608}}, {"service": {"name": "Condom Promotion and Distribution"}, "facility": {"code": 18608}}, {"service": {"name": "Services for Sexual Violence Survivors"}, "facility": {"code": 11385}}, {"service": {"name": "Nutrition Services"}, "facility": {"code": 11385}}, {"service": {"name": "Nutrition Services"}, "facility": {"code": 11483}}, {"service": {"name": "Integrated Management of Childhood Illnesses"}, "facility": {"code": 11483}}], "unique_fields": ["facility", "service"], "model": "facilities.FacilityService"}]