[{"records": [{"service": {"name": "Management of STIs"}, "facility": {"code": 18433}}, {"service": {"name": "Condom Promotion and Distribution"}, "facility": {"code": 18433}}, {"service": {"name": "Emergency Preparedness"}, "facility": {"code": 18432}}, {"service": {"name": "ENT Services"}, "facility": {"code": 18432}}, {"service": {"name": "Emergency Obstetric Care"}, "facility": {"code": 18432}}, {"service": {"name": "Mental Health Services"}, "facility": {"code": 18432}}, {"service": {"name": "Nutrition Services"}, "facility": {"code": 18432}}, {"service": {"name": "Integrated Management of Childhood Illnesses"}, "facility": {"code": 18432}}, {"service": {"name": "Laboratory Services"}, "facility": {"code": 18432}}, {"service": {"name": "Surgical Services"}, "facility": {"code": 18432}}, {"service": {"name": "Maternity Services"}, "facility": {"code": 18432}}, {"service": {"name": "Curative Services"}, "facility": {"code": 18432}}, {"service": {"name": "Basic Immunization"}, "facility": {"code": 18432}}, {"service": {"name": "Focused Antenatal Care"}, "facility": {"code": 18432}}, {"service": {"name": "Long Term FP"}, "facility": {"code": 18432}}, {"service": {"name": "Short Term FP"}, "facility": {"code": 18432}}, {"service": {"name": "Post Exposure Prophylaxis"}, "facility": {"code": 18432}}, {"service": {"name": "PMTCT - Maternity"}, "facility": {"code": 18432}}, {"service": {"name": "Diagnostic Counselling and Testing"}, "facility": {"code": 18432}}, {"service": {"name": "Provider Initiated Counselling and Testing"}, "facility": {"code": 18432}}, {"service": {"name": "Voluntary Counselling and Testing"}, "facility": {"code": 18432}}, {"service": {"name": "Management of STIs"}, "facility": {"code": 18432}}, {"service": {"name": "Condom Promotion and Distribution"}, "facility": {"code": 18432}}, {"service": {"name": "Management of STIs"}, "facility": {"code": 14767}}, {"service": {"name": "Adult Antiretroviral Therapy"}, "facility": {"code": 15738}}, {"service": {"name": "Paediatric Antiretroviral Therapy"}, "facility": {"code": 15738}}, {"service": {"name": "Early Infant Diagnosis"}, "facility": {"code": 15738}}, {"service": {"name": "Post Exposure Prophylaxis"}, "facility": {"code": 15738}}, {"service": {"name": "PMTCT - Maternity"}, "facility": {"code": 15738}}, {"service": {"name": "Curative Services"}, "facility": {"code": 17831}}, {"service": {"name": "Integrated Management of Childhood Illnesses"}, "facility": {"code": 18111}}, {"service": {"name": "Immunization with additional vaccines"}, "facility": {"code": 18111}}, {"service": {"name": "Basic Immunization"}, "facility": {"code": 18111}}, {"service": {"name": "Condom Promotion and Distribution"}, "facility": {"code": 10522}}, {"service": {"name": "Curative Services"}, "facility": {"code": 15539}}, {"service": {"name": "Emergency Obstetric Care"}, "facility": {"code": 16721}}, {"service": {"name": "Laboratory Services"}, "facility": {"code": 16721}}, {"service": {"name": "Maternity Services"}, "facility": {"code": 16721}}, {"service": {"name": "Curative Services"}, "facility": {"code": 16721}}, {"service": {"name": "Voluntary Counselling and Testing"}, "facility": {"code": 16721}}, {"service": {"name": "Laboratory Services"}, "facility": {"code": 14774}}, {"service": {"name": "Maternity Services"}, "facility": {"code": 14774}}, {"service": {"name": "Curative Services"}, "facility": {"code": 14774}}, {"service": {"name": "Curative Services"}, "facility": {"code": 14798}}, {"service": {"name": "Curative Services"}, "facility": {"code": 14670}}, {"service": {"name": "Basic Immunization"}, "facility": {"code": 14612}}, {"service": {"name": "Basic Immunization"}, "facility": {"code": 14388}}, {"service": {"name": "Basic Immunization"}, "facility": {"code": 16335}}, {"service": {"name": "Focused Antenatal Care"}, "facility": {"code": 14303}}, {"service": {"name": "PMTCT - ANC"}, "facility": {"code": 14303}}, {"service": {"name": "Curative Services"}, "facility": {"code": 12993}}, {"service": {"name": "Emergency Obstetric Care"}, "facility": {"code": 13098}}, {"service": {"name": "Curative Services"}, "facility": {"code": 18429}}, {"service": {"name": "Focused Antenatal Care"}, "facility": {"code": 18429}}, {"service": {"name": "Short Term FP"}, "facility": {"code": 18429}}, {"service": {"name": "Diagnostic Counselling and Testing"}, "facility": {"code": 18429}}, {"service": {"name": "Provider Initiated Counselling and Testing"}, "facility": {"code": 18429}}, {"service": {"name": "Voluntary Counselling and Testing"}, "facility": {"code": 18429}}, {"service": {"name": "Management of STIs"}, "facility": {"code": 18429}}, {"service": {"name": "Emergency Preparedness"}, "facility": {"code": 18428}}, {"service": {"name": "ENT Services"}, "facility": {"code": 18428}}, {"service": {"name": "Dental Laboratory Services"}, "facility": {"code": 18428}}, {"service": {"name": "Oral Health Services (Dental Services)"}, "facility": {"code": 18428}}, {"service": {"name": "Emergency Obstetric Care"}, "facility": {"code": 18428}}, {"service": {"name": "Environmental Health Services"}, "facility": {"code": 18428}}, {"service": {"name": "Rehabilitative Health Services - Physiotherapy"}, "facility": {"code": 18428}}, {"service": {"name": "Services for Sexual Violence Survivors"}, "facility": {"code": 18428}}, {"service": {"name": "Mental Health Services"}, "facility": {"code": 18428}}, {"service": {"name": "Opthalmic Services"}, "facility": {"code": 18428}}, {"service": {"name": "Nutrition Services"}, "facility": {"code": 18428}}, {"service": {"name": "Integrated Management of Childhood Illnesses"}, "facility": {"code": 18428}}, {"service": {"name": "Ambulance Sevices"}, "facility": {"code": 18428}}, {"service": {"name": "Laboratory Services"}, "facility": {"code": 18428}}, {"service": {"name": "Radiology Services"}, "facility": {"code": 18428}}, {"service": {"name": "Surgical Services"}, "facility": {"code": 18428}}, {"service": {"name": "Maternity Services"}, "facility": {"code": 18428}}, {"service": {"name": "Curative Services"}, "facility": {"code": 18428}}, {"service": {"name": "Facility Based Blood Transfusion Service"}, "facility": {"code": 18428}}, {"service": {"name": "Facility Based Blood Collection Service"}, "facility": {"code": 18428}}, {"service": {"name": "First Line Treatment"}, "facility": {"code": 18428}}, {"service": {"name": "Smear Microscopy"}, "facility": {"code": 18428}}, {"service": {"name": "Immunization with additional vaccines"}, "facility": {"code": 18428}}, {"service": {"name": "Basic Immunization"}, "facility": {"code": 18428}}, {"service": {"name": "Focused Antenatal Care"}, "facility": {"code": 18428}}, {"service": {"name": "Short Term FP"}, "facility": {"code": 18428}}, {"service": {"name": "PMTCT - Maternity"}, "facility": {"code": 18428}}, {"service": {"name": "Management of STIs"}, "facility": {"code": 18428}}, {"service": {"name": "PMTCT - ANC"}, "facility": {"code": 18428}}, {"service": {"name": "Provider Initiated Counselling and Testing"}, "facility": {"code": 18428}}, {"service": {"name": "Condom Promotion and Distribution"}, "facility": {"code": 18428}}, {"service": {"name": "Curative Services"}, "facility": {"code": 18427}}, {"service": {"name": "Long Term FP"}, "facility": {"code": 18427}}, {"service": {"name": "Short Term FP"}, "facility": {"code": 18427}}, {"service": {"name": "Diagnostic Counselling and Testing"}, "facility": {"code": 18427}}, {"service": {"name": "Provider Initiated Counselling and Testing"}, "facility": {"code": 18427}}, {"service": {"name": "Voluntary Counselling and Testing"}, "facility": {"code": 18427}}, {"service": {"name": "Management of STIs"}, "facility": {"code": 18427}}, {"service": {"name": "Condom Promotion and Distribution"}, "facility": {"code": 18427}}, {"service": {"name": "Basic Immunization"}, "facility": {"code": 12979}}, {"service": {"name": "Short Term FP"}, "facility": {"code": 12979}}, {"service": {"name": "Emergency Obstetric Care"}, "facility": {"code": 18425}}, {"service": {"name": "Curative Services"}, "facility": {"code": 18425}}, {"service": {"name": "Basic Immunization"}, "facility": {"code": 18425}}, {"service": {"name": "Short Term FP"}, "facility": {"code": 18425}}, {"service": {"name": "PMTCT - ANC"}, "facility": {"code": 18425}}, {"service": {"name": "Condom Promotion and Distribution"}, "facility": {"code": 18425}}, {"service": {"name": "Curative Services"}, "facility": {"code": 18424}}, {"service": {"name": "Basic Immunization"}, "facility": {"code": 18424}}, {"service": {"name": "Short Term FP"}, "facility": {"code": 18424}}, {"service": {"name": "PMTCT - ANC"}, "facility": {"code": 18424}}, {"service": {"name": "Provider Initiated Counselling and Testing"}, "facility": {"code": 18424}}, {"service": {"name": "Condom Promotion and Distribution"}, "facility": {"code": 18424}}, {"service": {"name": "Curative Services"}, "facility": {"code": 18423}}, {"service": {"name": "Basic Immunization"}, "facility": {"code": 18423}}, {"service": {"name": "Short Term FP"}, "facility": {"code": 18423}}, {"service": {"name": "PMTCT - ANC"}, "facility": {"code": 18423}}, {"service": {"name": "Provider Initiated Counselling and Testing"}, "facility": {"code": 18423}}, {"service": {"name": "Condom Promotion and Distribution"}, "facility": {"code": 18423}}, {"service": {"name": "Curative Services"}, "facility": {"code": 17902}}, {"service": {"name": "Short Term FP"}, "facility": {"code": 17902}}, {"service": {"name": "PMTCT - ANC"}, "facility": {"code": 17902}}, {"service": {"name": "Diagnostic Counselling and Testing"}, "facility": {"code": 17902}}, {"service": {"name": "Condom Promotion and Distribution"}, "facility": {"code": 17902}}, {"service": {"name": "Curative Services"}, "facility": {"code": 18422}}, {"service": {"name": "Basic Immunization"}, "facility": {"code": 18422}}, {"service": {"name": "Focused Antenatal Care"}, "facility": {"code": 18422}}, {"service": {"name": "Short Term FP"}, "facility": {"code": 18422}}, {"service": {"name": "Provider Initiated Counselling and Testing"}, "facility": {"code": 18422}}, {"service": {"name": "Condom Promotion and Distribution"}, "facility": {"code": 18422}}, {"service": {"name": "Emergency Obstetric Care"}, "facility": {"code": 18421}}, {"service": {"name": "Surgical Services"}, "facility": {"code": 18421}}, {"service": {"name": "Maternity Services"}, "facility": {"code": 18421}}, {"service": {"name": "Curative Services"}, "facility": {"code": 18421}}, {"service": {"name": "Immunization with additional vaccines"}, "facility": {"code": 18421}}, {"service": {"name": "Basic Immunization"}, "facility": {"code": 18421}}, {"service": {"name": "Focused Antenatal Care"}, "facility": {"code": 18421}}, {"service": {"name": "Integrated Services"}, "facility": {"code": 18421}}, {"service": {"name": "Short Term FP"}, "facility": {"code": 18421}}, {"service": {"name": "PMTCT - Maternity"}, "facility": {"code": 18421}}, {"service": {"name": "PMTCT - ANC"}, "facility": {"code": 18421}}, {"service": {"name": "Early Infant Diagnosis"}, "facility": {"code": 18421}}, {"service": {"name": "Provider Initiated Counselling and Testing"}, "facility": {"code": 18421}}, {"service": {"name": "Management of STIs"}, "facility": {"code": 18421}}, {"service": {"name": "Condom Promotion and Distribution"}, "facility": {"code": 18421}}, {"service": {"name": "Nutrition Services"}, "facility": {"code": 16980}}, {"service": {"name": "Integrated Management of Childhood Illnesses"}, "facility": {"code": 16980}}, {"service": {"name": "ENT Services"}, "facility": {"code": 16980}}, {"service": {"name": "Environmental Health Services"}, "facility": {"code": 16980}}, {"service": {"name": "Mental Health Services"}, "facility": {"code": 16980}}, {"service": {"name": "Surgical Services"}, "facility": {"code": 16980}}, {"service": {"name": "Maternity Services"}, "facility": {"code": 16980}}, {"service": {"name": "Curative Services"}, "facility": {"code": 16980}}, {"service": {"name": "ENT Services"}, "facility": {"code": 13614}}, {"service": {"name": "Environmental Health Services"}, "facility": {"code": 13614}}, {"service": {"name": "Services for Sexual Violence Survivors"}, "facility": {"code": 13614}}, {"service": {"name": "Opthalmic Services"}, "facility": {"code": 13614}}, {"service": {"name": "Nutrition Services"}, "facility": {"code": 13614}}, {"service": {"name": "Surgical Services"}, "facility": {"code": 13614}}, {"service": {"name": "First Line Treatment"}, "facility": {"code": 13614}}, {"service": {"name": "ENT Services"}, "facility": {"code": 13572}}, {"service": {"name": "Environmental Health Services"}, "facility": {"code": 13572}}, {"service": {"name": "Services for Sexual Violence Survivors"}, "facility": {"code": 13572}}, {"service": {"name": "Mental Health Services"}, "facility": {"code": 13572}}, {"service": {"name": "Opthalmic Services"}, "facility": {"code": 13572}}, {"service": {"name": "Nutrition Services"}, "facility": {"code": 13572}}, {"service": {"name": "Surgical Services"}, "facility": {"code": 13572}}, {"service": {"name": "Maternity Services"}, "facility": {"code": 13572}}, {"service": {"name": "Curative Services"}, "facility": {"code": 13572}}, {"service": {"name": "First Line Treatment"}, "facility": {"code": 13572}}, {"service": {"name": "Basic Immunization"}, "facility": {"code": 13572}}, {"service": {"name": "Focused Antenatal Care"}, "facility": {"code": 13572}}, {"service": {"name": "Short Term FP"}, "facility": {"code": 13572}}, {"service": {"name": "Home Based Care"}, "facility": {"code": 13572}}, {"service": {"name": "Adult Antiretroviral Therapy"}, "facility": {"code": 13572}}, {"service": {"name": "Paediatric Antiretroviral Therapy"}, "facility": {"code": 13572}}, {"service": {"name": "Post Exposure Prophylaxis"}, "facility": {"code": 13572}}, {"service": {"name": "PMTCT - Maternity"}, "facility": {"code": 13572}}, {"service": {"name": "PMTCT - ANC"}, "facility": {"code": 13572}}, {"service": {"name": "Early Infant Diagnosis"}, "facility": {"code": 13572}}, {"service": {"name": "Diagnostic Counselling and Testing"}, "facility": {"code": 13572}}, {"service": {"name": "Provider Initiated Counselling and Testing"}, "facility": {"code": 13572}}, {"service": {"name": "Management of STIs"}, "facility": {"code": 13572}}, {"service": {"name": "Condom Promotion and Distribution"}, "facility": {"code": 13572}}, {"service": {"name": "Emergency Preparedness"}, "facility": {"code": 16281}}, {"service": {"name": "ENT Services"}, "facility": {"code": 16281}}, {"service": {"name": "Environmental Health Services"}, "facility": {"code": 16281}}, {"service": {"name": "Services for Sexual Violence Survivors"}, "facility": {"code": 16281}}, {"service": {"name": "Mental Health Services"}, "facility": {"code": 16281}}, {"service": {"name": "Opthalmic Services"}, "facility": {"code": 16281}}, {"service": {"name": "Nutrition Services"}, "facility": {"code": 16281}}, {"service": {"name": "Integrated Management of Childhood Illnesses"}, "facility": {"code": 16281}}, {"service": {"name": "Surgical Services"}, "facility": {"code": 16281}}, {"service": {"name": "Maternity Services"}, "facility": {"code": 16281}}, {"service": {"name": "Curative Services"}, "facility": {"code": 16281}}, {"service": {"name": "Basic Immunization"}, "facility": {"code": 16281}}, {"service": {"name": "Focused Antenatal Care"}, "facility": {"code": 16281}}, {"service": {"name": "Short Term FP"}, "facility": {"code": 16281}}, {"service": {"name": "Paediatric Antiretroviral Therapy"}, "facility": {"code": 16281}}, {"service": {"name": "Post Exposure Prophylaxis"}, "facility": {"code": 16281}}, {"service": {"name": "PMTCT - Maternity"}, "facility": {"code": 16281}}, {"service": {"name": "PMTCT - ANC"}, "facility": {"code": 16281}}, {"service": {"name": "Early Infant Diagnosis"}, "facility": {"code": 16281}}, {"service": {"name": "Diagnostic Counselling and Testing"}, "facility": {"code": 16281}}, {"service": {"name": "Provider Initiated Counselling and Testing"}, "facility": {"code": 16281}}, {"service": {"name": "Management of STIs"}, "facility": {"code": 16281}}, {"service": {"name": "Condom Promotion and Distribution"}, "facility": {"code": 16281}}, {"service": {"name": "ENT Services"}, "facility": {"code": 13514}}, {"service": {"name": "Oral Health Services (Dental Services)"}, "facility": {"code": 13514}}, {"service": {"name": "Environmental Health Services"}, "facility": {"code": 13514}}, {"service": {"name": "Services for Sexual Violence Survivors"}, "facility": {"code": 13514}}, {"service": {"name": "Mental Health Services"}, "facility": {"code": 13514}}, {"service": {"name": "Opthalmic Services"}, "facility": {"code": 13514}}, {"service": {"name": "Integrated Management of Childhood Illnesses"}, "facility": {"code": 13514}}, {"service": {"name": "Surgical Services"}, "facility": {"code": 13514}}, {"service": {"name": "Adult Antiretroviral Therapy"}, "facility": {"code": 13514}}, {"service": {"name": "ENT Services"}, "facility": {"code": 13543}}, {"service": {"name": "Oral Health Services (Dental Services)"}, "facility": {"code": 13543}}, {"service": {"name": "Environmental Health Services"}, "facility": {"code": 13543}}, {"service": {"name": "Services for Sexual Violence Survivors"}, "facility": {"code": 13543}}, {"service": {"name": "Mental Health Services"}, "facility": {"code": 13543}}, {"service": {"name": "Opthalmic Services"}, "facility": {"code": 13543}}, {"service": {"name": "Integrated Management of Childhood Illnesses"}, "facility": {"code": 13543}}, {"service": {"name": "Surgical Services"}, "facility": {"code": 13543}}, {"service": {"name": "Smear Microscopy"}, "facility": {"code": 13543}}, {"service": {"name": "Adult Antiretroviral Therapy"}, "facility": {"code": 13543}}, {"service": {"name": "Laboratory Services"}, "facility": {"code": 13018}}, {"service": {"name": "Short Term FP"}, "facility": {"code": 13018}}, {"service": {"name": "Diagnostic Counselling and Testing"}, "facility": {"code": 13018}}, {"service": {"name": "Provider Initiated Counselling and Testing"}, "facility": {"code": 13018}}, {"service": {"name": "Voluntary Counselling and Testing"}, "facility": {"code": 13018}}, {"service": {"name": "Laboratory Services"}, "facility": {"code": 13033}}, {"service": {"name": "Integrated Services"}, "facility": {"code": 13033}}, {"service": {"name": "Diagnostic Counselling and Testing"}, "facility": {"code": 13033}}, {"service": {"name": "Focused Antenatal Care"}, "facility": {"code": 18417}}, {"service": {"name": "Long Term FP"}, "facility": {"code": 18417}}, {"service": {"name": "Short Term FP"}, "facility": {"code": 18417}}, {"service": {"name": "PMTCT - ANC"}, "facility": {"code": 18417}}, {"service": {"name": "Provider Initiated Counselling and Testing"}, "facility": {"code": 18417}}, {"service": {"name": "Voluntary Counselling and Testing"}, "facility": {"code": 18417}}, {"service": {"name": "Management of STIs"}, "facility": {"code": 18417}}, {"service": {"name": "Condom Promotion and Distribution"}, "facility": {"code": 18417}}, {"service": {"name": "Voluntary Counselling and Testing"}, "facility": {"code": 18416}}, {"service": {"name": "Condom Promotion and Distribution"}, "facility": {"code": 18416}}, {"service": {"name": "Emergency Obstetric Care"}, "facility": {"code": 18415}}, {"service": {"name": "Environmental Health Services"}, "facility": {"code": 18415}}, {"service": {"name": "Nutrition Services"}, "facility": {"code": 18415}}, {"service": {"name": "Laboratory Services"}, "facility": {"code": 18415}}, {"service": {"name": "Surgical Services"}, "facility": {"code": 18415}}, {"service": {"name": "Maternity Services"}, "facility": {"code": 18415}}, {"service": {"name": "Curative Services"}, "facility": {"code": 18415}}, {"service": {"name": "Basic Immunization"}, "facility": {"code": 18415}}, {"service": {"name": "Short Term FP"}, "facility": {"code": 18415}}, {"service": {"name": "Long Term FP"}, "facility": {"code": 18415}}, {"service": {"name": "Permanent FP"}, "facility": {"code": 18415}}, {"service": {"name": "Voluntary Male Circumcision"}, "facility": {"code": 18415}}, {"service": {"name": "PMTCT - Maternity"}, "facility": {"code": 18415}}, {"service": {"name": "PMTCT - ANC"}, "facility": {"code": 18415}}, {"service": {"name": "Diagnostic Counselling and Testing"}, "facility": {"code": 18415}}, {"service": {"name": "Provider Initiated Counselling and Testing"}, "facility": {"code": 18415}}, {"service": {"name": "Management of STIs"}, "facility": {"code": 18415}}, {"service": {"name": "Condom Promotion and Distribution"}, "facility": {"code": 18415}}, {"service": {"name": "Emergency Obstetric Care"}, "facility": {"code": 18414}}, {"service": {"name": "Services for Sexual Violence Survivors"}, "facility": {"code": 18414}}, {"service": {"name": "Nutrition Services"}, "facility": {"code": 18414}}, {"service": {"name": "Integrated Management of Childhood Illnesses"}, "facility": {"code": 18414}}, {"service": {"name": "Laboratory Services"}, "facility": {"code": 18414}}, {"service": {"name": "Radiology Services"}, "facility": {"code": 18414}}, {"service": {"name": "Surgical Services"}, "facility": {"code": 18414}}, {"service": {"name": "Maternity Services"}, "facility": {"code": 18414}}, {"service": {"name": "Curative Services"}, "facility": {"code": 18414}}, {"service": {"name": "Tuberculosis Culture"}, "facility": {"code": 18414}}, {"service": {"name": "Smear Microscopy"}, "facility": {"code": 18414}}, {"service": {"name": "Focused Antenatal Care"}, "facility": {"code": 18414}}, {"service": {"name": "Long Term FP"}, "facility": {"code": 18414}}, {"service": {"name": "Short Term FP"}, "facility": {"code": 18414}}, {"service": {"name": "Voluntary Male Circumcision"}, "facility": {"code": 18414}}, {"service": {"name": "PMTCT - Maternity"}, "facility": {"code": 18414}}, {"service": {"name": "PMTCT - ANC"}, "facility": {"code": 18414}}, {"service": {"name": "Diagnostic Counselling and Testing"}, "facility": {"code": 18414}}, {"service": {"name": "Provider Initiated Counselling and Testing"}, "facility": {"code": 18414}}, {"service": {"name": "Management of STIs"}, "facility": {"code": 18414}}, {"service": {"name": "Condom Promotion and Distribution"}, "facility": {"code": 18414}}, {"service": {"name": "Curative Services"}, "facility": {"code": 18413}}, {"service": {"name": "Management of STIs"}, "facility": {"code": 18413}}, {"service": {"name": "Basic Immunization"}, "facility": {"code": 18413}}, {"service": {"name": "Short Term FP"}, "facility": {"code": 18413}}, {"service": {"name": "PMTCT - Maternity"}, "facility": {"code": 18413}}, {"service": {"name": "PMTCT - ANC"}, "facility": {"code": 18413}}, {"service": {"name": "Condom Promotion and Distribution"}, "facility": {"code": 18413}}, {"service": {"name": "ENT Services"}, "facility": {"code": 18334}}, {"service": {"name": "Environmental Health Services"}, "facility": {"code": 18334}}, {"service": {"name": "Services for Sexual Violence Survivors"}, "facility": {"code": 18334}}, {"service": {"name": "Maternity Services"}, "facility": {"code": 18334}}, {"service": {"name": "Smear Microscopy"}, "facility": {"code": 18334}}, {"service": {"name": "Voluntary Male Circumcision"}, "facility": {"code": 18334}}, {"service": {"name": "Diagnostic Counselling and Testing"}, "facility": {"code": 18334}}, {"service": {"name": "Adult Antiretroviral Therapy"}, "facility": {"code": 14951}}, {"service": {"name": "Paediatric Antiretroviral Therapy"}, "facility": {"code": 14951}}, {"service": {"name": "Early Infant Diagnosis"}, "facility": {"code": 14951}}, {"service": {"name": "Condom Promotion and Distribution"}, "facility": {"code": 14951}}, {"service": {"name": "Emergency Obstetric Care"}, "facility": {"code": 18412}}, {"service": {"name": "Maternity Services"}, "facility": {"code": 18412}}, {"service": {"name": "Curative Services"}, "facility": {"code": 18412}}, {"service": {"name": "Basic Immunization"}, "facility": {"code": 18412}}, {"service": {"name": "Focused Antenatal Care"}, "facility": {"code": 18412}}, {"service": {"name": "Short Term FP"}, "facility": {"code": 18412}}, {"service": {"name": "Voluntary Male Circumcision"}, "facility": {"code": 18412}}, {"service": {"name": "PMTCT - ANC"}, "facility": {"code": 18412}}, {"service": {"name": "Voluntary Counselling and Testing"}, "facility": {"code": 18412}}, {"service": {"name": "Management of STIs"}, "facility": {"code": 18412}}, {"service": {"name": "Condom Promotion and Distribution"}, "facility": {"code": 18412}}, {"service": {"name": "Emergency Obstetric Care"}, "facility": {"code": 18411}}, {"service": {"name": "Services for Sexual Violence Survivors"}, "facility": {"code": 18411}}, {"service": {"name": "Integrated Management of Childhood Illnesses"}, "facility": {"code": 18411}}, {"service": {"name": "Laboratory Services"}, "facility": {"code": 18411}}, {"service": {"name": "Surgical Services"}, "facility": {"code": 18411}}, {"service": {"name": "Maternity Services"}, "facility": {"code": 18411}}, {"service": {"name": "Curative Services"}, "facility": {"code": 18411}}, {"service": {"name": "Focused Antenatal Care"}, "facility": {"code": 18411}}, {"service": {"name": "Long Term FP"}, "facility": {"code": 18411}}, {"service": {"name": "Short Term FP"}, "facility": {"code": 18411}}, {"service": {"name": "Voluntary Male Circumcision"}, "facility": {"code": 18411}}, {"service": {"name": "PMTCT - Maternity"}, "facility": {"code": 18411}}, {"service": {"name": "PMTCT - ANC"}, "facility": {"code": 18411}}, {"service": {"name": "Diagnostic Counselling and Testing"}, "facility": {"code": 18411}}, {"service": {"name": "Provider Initiated Counselling and Testing"}, "facility": {"code": 18411}}, {"service": {"name": "Voluntary Counselling and Testing"}, "facility": {"code": 18411}}, {"service": {"name": "Management of STIs"}, "facility": {"code": 18411}}, {"service": {"name": "Condom Promotion and Distribution"}, "facility": {"code": 18411}}, {"service": {"name": "Nutrition Services"}, "facility": {"code": 18409}}, {"service": {"name": "Integrated Management of Childhood Illnesses"}, "facility": {"code": 18409}}, {"service": {"name": "Surgical Services"}, "facility": {"code": 18409}}, {"service": {"name": "Laboratory Services"}, "facility": {"code": 10286}}, {"service": {"name": "Smear Microscopy"}, "facility": {"code": 10286}}, {"service": {"name": "Short Term FP"}, "facility": {"code": 10286}}, {"service": {"name": "Condom Promotion and Distribution"}, "facility": {"code": 10286}}, {"service": {"name": "Curative Services"}, "facility": {"code": 18410}}, {"service": {"name": "Focused Antenatal Care"}, "facility": {"code": 18410}}, {"service": {"name": "Long Term FP"}, "facility": {"code": 18410}}, {"service": {"name": "Short Term FP"}, "facility": {"code": 18410}}, {"service": {"name": "PMTCT - ANC"}, "facility": {"code": 18410}}, {"service": {"name": "Provider Initiated Counselling and Testing"}, "facility": {"code": 18410}}, {"service": {"name": "Voluntary Counselling and Testing"}, "facility": {"code": 18410}}, {"service": {"name": "Management of STIs"}, "facility": {"code": 18410}}, {"service": {"name": "Condom Promotion and Distribution"}, "facility": {"code": 18410}}, {"service": {"name": "Environmental Health Services"}, "facility": {"code": 11400}}, {"service": {"name": "Nutrition Services"}, "facility": {"code": 11400}}, {"service": {"name": "Integrated Management of Childhood Illnesses"}, "facility": {"code": 11400}}, {"service": {"name": "Laboratory Services"}, "facility": {"code": 11400}}, {"service": {"name": "Surgical Services"}, "facility": {"code": 11400}}, {"service": {"name": "First Line Treatment"}, "facility": {"code": 11400}}, {"service": {"name": "Post Exposure Prophylaxis"}, "facility": {"code": 11400}}, {"service": {"name": "Emergency Preparedness"}, "facility": {"code": 11368}}, {"service": {"name": "Services for Sexual Violence Survivors"}, "facility": {"code": 11368}}, {"service": {"name": "Integrated Management of Childhood Illnesses"}, "facility": {"code": 11368}}, {"service": {"name": "Surgical Services"}, "facility": {"code": 11368}}, {"service": {"name": "Adult Antiretroviral Therapy"}, "facility": {"code": 11368}}, {"service": {"name": "Paediatric Antiretroviral Therapy"}, "facility": {"code": 11368}}, {"service": {"name": "Early Infant Diagnosis"}, "facility": {"code": 11368}}, {"service": {"name": "Oral Health Services (Dental Services)"}, "facility": {"code": 13176}}, {"service": {"name": "Laboratory Services"}, "facility": {"code": 13176}}, {"service": {"name": "Maternity Services"}, "facility": {"code": 13176}}, {"service": {"name": "Curative Services"}, "facility": {"code": 13176}}, {"service": {"name": "Basic Immunization"}, "facility": {"code": 13176}}, {"service": {"name": "Focused Antenatal Care"}, "facility": {"code": 13176}}, {"service": {"name": "Long Term FP"}, "facility": {"code": 13176}}, {"service": {"name": "Short Term FP"}, "facility": {"code": 13176}}, {"service": {"name": "Voluntary Male Circumcision"}, "facility": {"code": 13176}}, {"service": {"name": "Diagnostic Counselling and Testing"}, "facility": {"code": 13176}}, {"service": {"name": "Provider Initiated Counselling and Testing"}, "facility": {"code": 13176}}, {"service": {"name": "Voluntary Counselling and Testing"}, "facility": {"code": 13176}}, {"service": {"name": "Condom Promotion and Distribution"}, "facility": {"code": 13176}}, {"service": {"name": "Environmental Health Services"}, "facility": {"code": 18409}}, {"service": {"name": "Facility Based Blood Collection Service"}, "facility": {"code": 18409}}, {"service": {"name": "MDRTB Treatment"}, "facility": {"code": 18409}}, {"service": {"name": "First Line Treatment"}, "facility": {"code": 18409}}, {"service": {"name": "Tuberculosis Culture"}, "facility": {"code": 18409}}, {"service": {"name": "Smear Microscopy"}, "facility": {"code": 18409}}, {"service": {"name": "Basic Immunization"}, "facility": {"code": 18409}}, {"service": {"name": "Focused Antenatal Care"}, "facility": {"code": 18409}}, {"service": {"name": "Home Based Care"}, "facility": {"code": 18409}}, {"service": {"name": "Adult Antiretroviral Therapy"}, "facility": {"code": 18409}}, {"service": {"name": "Paediatric Antiretroviral Therapy"}, "facility": {"code": 18409}}, {"service": {"name": "Provider Initiated Counselling and Testing"}, "facility": {"code": 18409}}, {"service": {"name": "Diagnostic Counselling and Testing"}, "facility": {"code": 18409}}, {"service": {"name": "Early Infant Diagnosis"}, "facility": {"code": 18409}}, {"service": {"name": "Post Exposure Prophylaxis"}, "facility": {"code": 18409}}, {"service": {"name": "Voluntary Counselling and Testing"}, "facility": {"code": 18409}}, {"service": {"name": "Voluntary Male Circumcision"}, "facility": {"code": 18409}}, {"service": {"name": "PMTCT - ANC"}, "facility": {"code": 18409}}, {"service": {"name": "Management of STIs"}, "facility": {"code": 18409}}, {"service": {"name": "Services for Sexual Violence Survivors"}, "facility": {"code": 18408}}, {"service": {"name": "Nutrition Services"}, "facility": {"code": 18408}}, {"service": {"name": "Services for Female Genital Mutilation (FGM) Survivors"}, "facility": {"code": 18408}}, {"service": {"name": "Stand Alone Services"}, "facility": {"code": 18408}}, {"service": {"name": "Integrated Services"}, "facility": {"code": 18408}}, {"service": {"name": "Home Based Care"}, "facility": {"code": 18408}}, {"service": {"name": "Early Infant Diagnosis"}, "facility": {"code": 18408}}, {"service": {"name": "Provider Initiated Counselling and Testing"}, "facility": {"code": 18408}}, {"service": {"name": "Voluntary Counselling and Testing"}, "facility": {"code": 18408}}, {"service": {"name": "Opthalmic Services"}, "facility": {"code": 18407}}, {"service": {"name": "Emergency Obstetric Care"}, "facility": {"code": 18406}}, {"service": {"name": "Laboratory Services"}, "facility": {"code": 18406}}, {"service": {"name": "Curative Services"}, "facility": {"code": 18406}}, {"service": {"name": "Basic Immunization"}, "facility": {"code": 18406}}, {"service": {"name": "Focused Antenatal Care"}, "facility": {"code": 18406}}, {"service": {"name": "Short Term FP"}, "facility": {"code": 18406}}, {"service": {"name": "PMTCT - ANC"}, "facility": {"code": 18406}}, {"service": {"name": "Diagnostic Counselling and Testing"}, "facility": {"code": 18406}}, {"service": {"name": "Provider Initiated Counselling and Testing"}, "facility": {"code": 18406}}, {"service": {"name": "Management of STIs"}, "facility": {"code": 18406}}, {"service": {"name": "Condom Promotion and Distribution"}, "facility": {"code": 18406}}, {"service": {"name": "Laboratory Services"}, "facility": {"code": 18405}}, {"service": {"name": "Curative Services"}, "facility": {"code": 18405}}, {"service": {"name": "Basic Immunization"}, "facility": {"code": 18405}}, {"service": {"name": "Short Term FP"}, "facility": {"code": 18405}}, {"service": {"name": "Curative Services"}, "facility": {"code": 18401}}, {"service": {"name": "Short Term FP"}, "facility": {"code": 18401}}, {"service": {"name": "Emergency Obstetric Care"}, "facility": {"code": 18402}}, {"service": {"name": "Services for Sexual Violence Survivors"}, "facility": {"code": 18402}}, {"service": {"name": "Curative Services"}, "facility": {"code": 18402}}, {"service": {"name": "Permanent FP"}, "facility": {"code": 18402}}, {"service": {"name": "Long Term FP"}, "facility": {"code": 18402}}, {"service": {"name": "Short Term FP"}, "facility": {"code": 18402}}, {"service": {"name": "Management of STIs"}, "facility": {"code": 18402}}, {"service": {"name": "Condom Promotion and Distribution"}, "facility": {"code": 18402}}, {"service": {"name": "Voluntary Counselling and Testing"}, "facility": {"code": 18401}}, {"service": {"name": "Condom Promotion and Distribution"}, "facility": {"code": 18401}}, {"service": {"name": "Emergency Preparedness"}, "facility": {"code": 18400}}, {"service": {"name": "Emergency Obstetric Care"}, "facility": {"code": 18400}}, {"service": {"name": "Surgical Services"}, "facility": {"code": 18400}}, {"service": {"name": "Curative Services"}, "facility": {"code": 18400}}, {"service": {"name": "Basic Immunization"}, "facility": {"code": 18400}}, {"service": {"name": "Focused Antenatal Care"}, "facility": {"code": 18400}}, {"service": {"name": "Permanent FP"}, "facility": {"code": 18400}}, {"service": {"name": "Long Term FP"}, "facility": {"code": 18400}}, {"service": {"name": "Short Term FP"}, "facility": {"code": 18400}}, {"service": {"name": "Voluntary Male Circumcision"}, "facility": {"code": 18400}}, {"service": {"name": "PMTCT - ANC"}, "facility": {"code": 18400}}, {"service": {"name": "Provider Initiated Counselling and Testing"}, "facility": {"code": 18400}}, {"service": {"name": "Management of STIs"}, "facility": {"code": 18400}}, {"service": {"name": "Condom Promotion and Distribution"}, "facility": {"code": 18400}}, {"service": {"name": "Voluntary Counselling and Testing"}, "facility": {"code": 18398}}, {"service": {"name": "Condom Promotion and Distribution"}, "facility": {"code": 18398}}, {"service": {"name": "Laboratory Services"}, "facility": {"code": 15708}}, {"service": {"name": "Emergency Obstetric Care"}, "facility": {"code": 13610}}, {"service": {"name": "Integrated Management of Childhood Illnesses"}, "facility": {"code": 13610}}, {"service": {"name": "Laboratory Services"}, "facility": {"code": 13610}}, {"service": {"name": "Maternity Services"}, "facility": {"code": 13610}}, {"service": {"name": "Curative Services"}, "facility": {"code": 13610}}, {"service": {"name": "Basic Immunization"}, "facility": {"code": 13610}}, {"service": {"name": "Focused Antenatal Care"}, "facility": {"code": 13610}}, {"service": {"name": "Integrated Services"}, "facility": {"code": 13610}}, {"service": {"name": "Long Term FP"}, "facility": {"code": 13610}}, {"service": {"name": "Short Term FP"}, "facility": {"code": 13610}}, {"service": {"name": "Post Exposure Prophylaxis"}, "facility": {"code": 13610}}, {"service": {"name": "PMTCT - Maternity"}, "facility": {"code": 13610}}, {"service": {"name": "PMTCT - ANC"}, "facility": {"code": 13610}}, {"service": {"name": "Early Infant Diagnosis"}, "facility": {"code": 13610}}, {"service": {"name": "Diagnostic Counselling and Testing"}, "facility": {"code": 13610}}, {"service": {"name": "Provider Initiated Counselling and Testing"}, "facility": {"code": 13610}}, {"service": {"name": "Management of STIs"}, "facility": {"code": 13610}}, {"service": {"name": "Condom Promotion and Distribution"}, "facility": {"code": 13610}}, {"service": {"name": "Services for Sexual Violence Survivors"}, "facility": {"code": 14825}}, {"service": {"name": "Long Term FP"}, "facility": {"code": 14825}}, {"service": {"name": "Services for Sexual Violence Survivors"}, "facility": {"code": 17022}}, {"service": {"name": "Integrated Services"}, "facility": {"code": 17022}}, {"service": {"name": "Integrated Management of Childhood Illnesses"}, "facility": {"code": 18332}}, {"service": {"name": "Maternity Services"}, "facility": {"code": 18332}}, {"service": {"name": "Curative Services"}, "facility": {"code": 18332}}, {"service": {"name": "Basic Immunization"}, "facility": {"code": 18332}}, {"service": {"name": "Focused Antenatal Care"}, "facility": {"code": 18332}}, {"service": {"name": "Short Term FP"}, "facility": {"code": 18332}}, {"service": {"name": "Management of STIs"}, "facility": {"code": 18332}}, {"service": {"name": "PMTCT - Maternity"}, "facility": {"code": 18332}}, {"service": {"name": "PMTCT - ANC"}, "facility": {"code": 18332}}, {"service": {"name": "Home Based Care"}, "facility": {"code": 17394}}, {"service": {"name": "Voluntary Counselling and Testing"}, "facility": {"code": 17394}}, {"service": {"name": "Emergency Preparedness"}, "facility": {"code": 18396}}, {"service": {"name": "Emergency Obstetric Care"}, "facility": {"code": 18396}}, {"service": {"name": "Environmental Health Services"}, "facility": {"code": 18396}}, {"service": {"name": "Curative Services"}, "facility": {"code": 18396}}, {"service": {"name": "Basic Immunization"}, "facility": {"code": 18396}}, {"service": {"name": "Focused Antenatal Care"}, "facility": {"code": 18396}}, {"service": {"name": "Short Term FP"}, "facility": {"code": 18396}}, {"service": {"name": "Post Exposure Prophylaxis"}, "facility": {"code": 18396}}, {"service": {"name": "PMTCT - ANC"}, "facility": {"code": 18396}}, {"service": {"name": "Early Infant Diagnosis"}, "facility": {"code": 18396}}, {"service": {"name": "Diagnostic Counselling and Testing"}, "facility": {"code": 18396}}, {"service": {"name": "Provider Initiated Counselling and Testing"}, "facility": {"code": 18396}}, {"service": {"name": "Management of STIs"}, "facility": {"code": 18396}}, {"service": {"name": "Condom Promotion and Distribution"}, "facility": {"code": 18396}}, {"service": {"name": "Emergency Preparedness"}, "facility": {"code": 18395}}, {"service": {"name": "Nutrition Services"}, "facility": {"code": 18395}}, {"service": {"name": "Integrated Management of Childhood Illnesses"}, "facility": {"code": 18395}}, {"service": {"name": "Laboratory Services"}, "facility": {"code": 18395}}, {"service": {"name": "Curative Services"}, "facility": {"code": 18395}}, {"service": {"name": "Basic Immunization"}, "facility": {"code": 18395}}, {"service": {"name": "Early Infant Diagnosis"}, "facility": {"code": 18395}}, {"service": {"name": "Provider Initiated Counselling and Testing"}, "facility": {"code": 18395}}, {"service": {"name": "Management of STIs"}, "facility": {"code": 18395}}, {"service": {"name": "Environmental Health Services"}, "facility": {"code": 14914}}, {"service": {"name": "Emergency Obstetric Care"}, "facility": {"code": 18090}}, {"service": {"name": "Nutrition Services"}, "facility": {"code": 18090}}, {"service": {"name": "Ambulance Sevices"}, "facility": {"code": 18090}}, {"service": {"name": "Maternity Services"}, "facility": {"code": 18090}}, {"service": {"name": "Curative Services"}, "facility": {"code": 18090}}, {"service": {"name": "Basic Immunization"}, "facility": {"code": 18090}}, {"service": {"name": "Focused Antenatal Care"}, "facility": {"code": 18090}}, {"service": {"name": "Long Term FP"}, "facility": {"code": 18090}}, {"service": {"name": "Short Term FP"}, "facility": {"code": 18090}}, {"service": {"name": "PMTCT - Maternity"}, "facility": {"code": 18090}}, {"service": {"name": "PMTCT - ANC"}, "facility": {"code": 18090}}, {"service": {"name": "Diagnostic Counselling and Testing"}, "facility": {"code": 18090}}, {"service": {"name": "Provider Initiated Counselling and Testing"}, "facility": {"code": 18090}}, {"service": {"name": "Management of STIs"}, "facility": {"code": 18090}}, {"service": {"name": "Condom Promotion and Distribution"}, "facility": {"code": 18090}}, {"service": {"name": "Emergency Obstetric Care"}, "facility": {"code": 18393}}, {"service": {"name": "Services for Sexual Violence Survivors"}, "facility": {"code": 18393}}, {"service": {"name": "Laboratory Services"}, "facility": {"code": 18393}}, {"service": {"name": "Maternity Services"}, "facility": {"code": 18393}}, {"service": {"name": "Curative Services"}, "facility": {"code": 18393}}, {"service": {"name": "Basic Immunization"}, "facility": {"code": 18393}}, {"service": {"name": "Long Term FP"}, "facility": {"code": 18393}}, {"service": {"name": "Short Term FP"}, "facility": {"code": 18393}}, {"service": {"name": "Voluntary Male Circumcision"}, "facility": {"code": 18393}}, {"service": {"name": "PMTCT - Maternity"}, "facility": {"code": 18393}}, {"service": {"name": "PMTCT - ANC"}, "facility": {"code": 18393}}, {"service": {"name": "Diagnostic Counselling and Testing"}, "facility": {"code": 18393}}, {"service": {"name": "Provider Initiated Counselling and Testing"}, "facility": {"code": 18393}}, {"service": {"name": "Voluntary Counselling and Testing"}, "facility": {"code": 18393}}, {"service": {"name": "Management of STIs"}, "facility": {"code": 18393}}, {"service": {"name": "Condom Promotion and Distribution"}, "facility": {"code": 18393}}, {"service": {"name": "Rehabilitative Health Services - Physiotherapy"}, "facility": {"code": 18390}}, {"service": {"name": "Nutrition Services"}, "facility": {"code": 18390}}, {"service": {"name": "Laboratory Services"}, "facility": {"code": 18390}}, {"service": {"name": "Curative Services"}, "facility": {"code": 18390}}, {"service": {"name": "Basic Immunization"}, "facility": {"code": 18390}}, {"service": {"name": "Focused Antenatal Care"}, "facility": {"code": 18390}}, {"service": {"name": "Long Term FP"}, "facility": {"code": 18390}}, {"service": {"name": "Short Term FP"}, "facility": {"code": 18390}}, {"service": {"name": "Voluntary Male Circumcision"}, "facility": {"code": 18390}}, {"service": {"name": "Diagnostic Counselling and Testing"}, "facility": {"code": 18390}}, {"service": {"name": "Provider Initiated Counselling and Testing"}, "facility": {"code": 18390}}, {"service": {"name": "Management of STIs"}, "facility": {"code": 18390}}, {"service": {"name": "Condom Promotion and Distribution"}, "facility": {"code": 18390}}, {"service": {"name": "Maternity Services"}, "facility": {"code": 17337}}, {"service": {"name": "Curative Services"}, "facility": {"code": 17337}}, {"service": {"name": "Basic Immunization"}, "facility": {"code": 17337}}, {"service": {"name": "Short Term FP"}, "facility": {"code": 17337}}, {"service": {"name": "PMTCT - Maternity"}, "facility": {"code": 17337}}, {"service": {"name": "PMTCT - ANC"}, "facility": {"code": 17337}}, {"service": {"name": "Provider Initiated Counselling and Testing"}, "facility": {"code": 17337}}, {"service": {"name": "Management of STIs"}, "facility": {"code": 17337}}, {"service": {"name": "Condom Promotion and Distribution"}, "facility": {"code": 17337}}, {"service": {"name": "Maternity Services"}, "facility": {"code": 18039}}, {"service": {"name": "Smear Microscopy"}, "facility": {"code": 18039}}, {"service": {"name": "Focused Antenatal Care"}, "facility": {"code": 18039}}, {"service": {"name": "Short Term FP"}, "facility": {"code": 18039}}, {"service": {"name": "Post Exposure Prophylaxis"}, "facility": {"code": 18039}}, {"service": {"name": "PMTCT - Maternity"}, "facility": {"code": 18039}}, {"service": {"name": "PMTCT - ANC"}, "facility": {"code": 18039}}, {"service": {"name": "Provider Initiated Counselling and Testing"}, "facility": {"code": 18039}}, {"service": {"name": "Condom Promotion and Distribution"}, "facility": {"code": 18039}}, {"service": {"name": "Focused Antenatal Care"}, "facility": {"code": 18383}}, {"service": {"name": "Long Term FP"}, "facility": {"code": 18383}}, {"service": {"name": "Short Term FP"}, "facility": {"code": 18383}}, {"service": {"name": "PMTCT - ANC"}, "facility": {"code": 18383}}, {"service": {"name": "Diagnostic Counselling and Testing"}, "facility": {"code": 18383}}, {"service": {"name": "Provider Initiated Counselling and Testing"}, "facility": {"code": 18383}}, {"service": {"name": "Voluntary Counselling and Testing"}, "facility": {"code": 18383}}, {"service": {"name": "Management of STIs"}, "facility": {"code": 18383}}, {"service": {"name": "Condom Promotion and Distribution"}, "facility": {"code": 18383}}, {"service": {"name": "Emergency Preparedness"}, "facility": {"code": 18382}}, {"service": {"name": "Surgical Services"}, "facility": {"code": 18382}}, {"service": {"name": "Maternity Services"}, "facility": {"code": 18382}}, {"service": {"name": "Curative Services"}, "facility": {"code": 18382}}, {"service": {"name": "Emergency Obstetric Care"}, "facility": {"code": 18382}}, {"service": {"name": "Focused Antenatal Care"}, "facility": {"code": 18382}}, {"service": {"name": "Long Term FP"}, "facility": {"code": 18382}}, {"service": {"name": "Short Term FP"}, "facility": {"code": 18382}}, {"service": {"name": "PMTCT - Maternity"}, "facility": {"code": 18382}}, {"service": {"name": "PMTCT - ANC"}, "facility": {"code": 18382}}, {"service": {"name": "Provider Initiated Counselling and Testing"}, "facility": {"code": 18382}}, {"service": {"name": "Management of STIs"}, "facility": {"code": 18382}}, {"service": {"name": "Condom Promotion and Distribution"}, "facility": {"code": 18382}}, {"service": {"name": "Emergency Obstetric Care"}, "facility": {"code": 18381}}, {"service": {"name": "Laboratory Services"}, "facility": {"code": 18381}}, {"service": {"name": "Maternity Services"}, "facility": {"code": 18381}}, {"service": {"name": "Curative Services"}, "facility": {"code": 18381}}, {"service": {"name": "Basic Immunization"}, "facility": {"code": 18381}}, {"service": {"name": "Focused Antenatal Care"}, "facility": {"code": 18381}}, {"service": {"name": "Long Term FP"}, "facility": {"code": 18381}}, {"service": {"name": "Short Term FP"}, "facility": {"code": 18381}}, {"service": {"name": "PMTCT - Maternity"}, "facility": {"code": 18381}}, {"service": {"name": "Early Infant Diagnosis"}, "facility": {"code": 18381}}, {"service": {"name": "PMTCT - ANC"}, "facility": {"code": 18381}}, {"service": {"name": "Diagnostic Counselling and Testing"}, "facility": {"code": 18381}}, {"service": {"name": "Provider Initiated Counselling and Testing"}, "facility": {"code": 18381}}, {"service": {"name": "Management of STIs"}, "facility": {"code": 18381}}, {"service": {"name": "Condom Promotion and Distribution"}, "facility": {"code": 18381}}, {"service": {"name": "Emergency Obstetric Care"}, "facility": {"code": 18380}}, {"service": {"name": "Curative Services"}, "facility": {"code": 18380}}, {"service": {"name": "Basic Immunization"}, "facility": {"code": 18380}}, {"service": {"name": "Focused Antenatal Care"}, "facility": {"code": 18380}}, {"service": {"name": "PMTCT - ANC"}, "facility": {"code": 18380}}, {"service": {"name": "Diagnostic Counselling and Testing"}, "facility": {"code": 18380}}, {"service": {"name": "Provider Initiated Counselling and Testing"}, "facility": {"code": 18380}}, {"service": {"name": "Management of STIs"}, "facility": {"code": 18380}}, {"service": {"name": "Condom Promotion and Distribution"}, "facility": {"code": 18380}}, {"service": {"name": "Emergency Obstetric Care"}, "facility": {"code": 18379}}, {"service": {"name": "Curative Services"}, "facility": {"code": 18379}}, {"service": {"name": "Basic Immunization"}, "facility": {"code": 18379}}, {"service": {"name": "Focused Antenatal Care"}, "facility": {"code": 18379}}, {"service": {"name": "Long Term FP"}, "facility": {"code": 18379}}, {"service": {"name": "Short Term FP"}, "facility": {"code": 18379}}, {"service": {"name": "PMTCT - ANC"}, "facility": {"code": 18379}}, {"service": {"name": "Diagnostic Counselling and Testing"}, "facility": {"code": 18379}}, {"service": {"name": "Provider Initiated Counselling and Testing"}, "facility": {"code": 18379}}, {"service": {"name": "Management of STIs"}, "facility": {"code": 18379}}, {"service": {"name": "Condom Promotion and Distribution"}, "facility": {"code": 18379}}, {"service": {"name": "Condom Promotion and Distribution"}, "facility": {"code": 18378}}, {"service": {"name": "Voluntary Counselling and Testing"}, "facility": {"code": 18378}}, {"service": {"name": "Curative Services"}, "facility": {"code": 18377}}, {"service": {"name": "Basic Immunization"}, "facility": {"code": 18377}}, {"service": {"name": "Focused Antenatal Care"}, "facility": {"code": 18377}}, {"service": {"name": "Short Term FP"}, "facility": {"code": 18377}}, {"service": {"name": "PMTCT - ANC"}, "facility": {"code": 18377}}, {"service": {"name": "Provider Initiated Counselling and Testing"}, "facility": {"code": 18377}}, {"service": {"name": "Management of STIs"}, "facility": {"code": 18377}}, {"service": {"name": "Condom Promotion and Distribution"}, "facility": {"code": 18377}}, {"service": {"name": "Laboratory Services"}, "facility": {"code": 18376}}, {"service": {"name": "Maternity Services"}, "facility": {"code": 18376}}, {"service": {"name": "Curative Services"}, "facility": {"code": 18376}}, {"service": {"name": "Focused Antenatal Care"}, "facility": {"code": 18376}}, {"service": {"name": "Long Term FP"}, "facility": {"code": 18376}}, {"service": {"name": "Short Term FP"}, "facility": {"code": 18376}}, {"service": {"name": "Diagnostic Counselling and Testing"}, "facility": {"code": 18376}}, {"service": {"name": "Provider Initiated Counselling and Testing"}, "facility": {"code": 18376}}, {"service": {"name": "Management of STIs"}, "facility": {"code": 18376}}, {"service": {"name": "Condom Promotion and Distribution"}, "facility": {"code": 18376}}, {"service": {"name": "Emergency Preparedness"}, "facility": {"code": 17320}}, {"service": {"name": "Nutrition Services"}, "facility": {"code": 17320}}, {"service": {"name": "Oral Health Services (Dental Services)"}, "facility": {"code": 15558}}, {"service": {"name": "Oral Health Services (Dental Services)"}, "facility": {"code": 14465}}, {"service": {"name": "Integrated Services"}, "facility": {"code": 14465}}, {"service": {"name": "Permanent FP"}, "facility": {"code": 18251}}, {"service": {"name": "Long Term FP"}, "facility": {"code": 18251}}, {"service": {"name": "Short Term FP"}, "facility": {"code": 18251}}, {"service": {"name": "Diagnostic Counselling and Testing"}, "facility": {"code": 18251}}, {"service": {"name": "Provider Initiated Counselling and Testing"}, "facility": {"code": 18251}}, {"service": {"name": "Management of STIs"}, "facility": {"code": 18251}}, {"service": {"name": "Condom Promotion and Distribution"}, "facility": {"code": 18251}}, {"service": {"name": "Integrated Services"}, "facility": {"code": 17328}}, {"service": {"name": "Long Term FP"}, "facility": {"code": 17328}}, {"service": {"name": "Short Term FP"}, "facility": {"code": 17328}}, {"service": {"name": "Condom Promotion and Distribution"}, "facility": {"code": 17328}}, {"service": {"name": "Emergency Obstetric Care"}, "facility": {"code": 18374}}, {"service": {"name": "Environmental Health Services"}, "facility": {"code": 18374}}, {"service": {"name": "Nutrition Services"}, "facility": {"code": 18374}}, {"service": {"name": "Maternity Services"}, "facility": {"code": 18374}}, {"service": {"name": "Curative Services"}, "facility": {"code": 18374}}, {"service": {"name": "Focused Antenatal Care"}, "facility": {"code": 18374}}, {"service": {"name": "Short Term FP"}, "facility": {"code": 18374}}, {"service": {"name": "PMTCT - ANC"}, "facility": {"code": 18374}}, {"service": {"name": "Diagnostic Counselling and Testing"}, "facility": {"code": 18374}}, {"service": {"name": "Provider Initiated Counselling and Testing"}, "facility": {"code": 18374}}, {"service": {"name": "Management of STIs"}, "facility": {"code": 18374}}, {"service": {"name": "Condom Promotion and Distribution"}, "facility": {"code": 18374}}, {"service": {"name": "First Line Treatment"}, "facility": {"code": 16721}}, {"service": {"name": "Basic Immunization"}, "facility": {"code": 16721}}, {"service": {"name": "Focused Antenatal Care"}, "facility": {"code": 16721}}, {"service": {"name": "Integrated Services"}, "facility": {"code": 16721}}, {"service": {"name": "Short Term FP"}, "facility": {"code": 16721}}, {"service": {"name": "Post Exposure Prophylaxis"}, "facility": {"code": 16721}}, {"service": {"name": "PMTCT - Maternity"}, "facility": {"code": 16721}}, {"service": {"name": "PMTCT - ANC"}, "facility": {"code": 16721}}, {"service": {"name": "Diagnostic Counselling and Testing"}, "facility": {"code": 16721}}, {"service": {"name": "Provider Initiated Counselling and Testing"}, "facility": {"code": 16721}}, {"service": {"name": "Management of STIs"}, "facility": {"code": 16721}}, {"service": {"name": "Condom Promotion and Distribution"}, "facility": {"code": 16721}}, {"service": {"name": "Emergency Preparedness"}, "facility": {"code": 18373}}, {"service": {"name": "ENT Services"}, "facility": {"code": 18373}}, {"service": {"name": "Emergency Obstetric Care"}, "facility": {"code": 18373}}, {"service": {"name": "Curative Services"}, "facility": {"code": 18373}}, {"service": {"name": "Laboratory Services"}, "facility": {"code": 18373}}, {"service": {"name": "First Line Treatment"}, "facility": {"code": 18373}}, {"service": {"name": "Smear Microscopy"}, "facility": {"code": 18373}}, {"service": {"name": "Basic Immunization"}, "facility": {"code": 18373}}, {"service": {"name": "Focused Antenatal Care"}, "facility": {"code": 18373}}, {"service": {"name": "Integrated Services"}, "facility": {"code": 18373}}, {"service": {"name": "PMTCT - ANC"}, "facility": {"code": 18373}}, {"service": {"name": "Early Infant Diagnosis"}, "facility": {"code": 18373}}, {"service": {"name": "Diagnostic Counselling and Testing"}, "facility": {"code": 18373}}, {"service": {"name": "Provider Initiated Counselling and Testing"}, "facility": {"code": 18373}}, {"service": {"name": "Management of STIs"}, "facility": {"code": 18373}}, {"service": {"name": "Services for Sexual Violence Survivors"}, "facility": {"code": 18372}}, {"service": {"name": "Laboratory Services"}, "facility": {"code": 18372}}, {"service": {"name": "ENT Services"}, "facility": {"code": 18372}}, {"service": {"name": "Dental Laboratory Services"}, "facility": {"code": 18372}}, {"service": {"name": "Oral Health Services (Dental Services)"}, "facility": {"code": 18372}}, {"service": {"name": "Emergency Obstetric Care"}, "facility": {"code": 18372}}, {"service": {"name": "Curative Services"}, "facility": {"code": 18372}}, {"service": {"name": "Basic Immunization"}, "facility": {"code": 18372}}, {"service": {"name": "Focused Antenatal Care"}, "facility": {"code": 18372}}, {"service": {"name": "Integrated Services"}, "facility": {"code": 18372}}, {"service": {"name": "Permanent FP"}, "facility": {"code": 18372}}, {"service": {"name": "Short Term FP"}, "facility": {"code": 18372}}, {"service": {"name": "PMTCT - ANC"}, "facility": {"code": 18372}}, {"service": {"name": "Early Infant Diagnosis"}, "facility": {"code": 18372}}, {"service": {"name": "Diagnostic Counselling and Testing"}, "facility": {"code": 18372}}, {"service": {"name": "Provider Initiated Counselling and Testing"}, "facility": {"code": 18372}}, {"service": {"name": "Management of STIs"}, "facility": {"code": 18372}}, {"service": {"name": "Condom Promotion and Distribution"}, "facility": {"code": 18372}}, {"service": {"name": "Dental Laboratory Services"}, "facility": {"code": 18371}}, {"service": {"name": "Emergency Obstetric Care"}, "facility": {"code": 18371}}, {"service": {"name": "Oral Health Services (Dental Services)"}, "facility": {"code": 18371}}, {"service": {"name": "Nutrition Services"}, "facility": {"code": 18371}}, {"service": {"name": "Integrated Management of Childhood Illnesses"}, "facility": {"code": 18371}}, {"service": {"name": "Laboratory Services"}, "facility": {"code": 18371}}, {"service": {"name": "Radiology Services"}, "facility": {"code": 18371}}, {"service": {"name": "Surgical Services"}, "facility": {"code": 18371}}, {"service": {"name": "Curative Services"}, "facility": {"code": 18371}}, {"service": {"name": "MDRTB Treatment"}, "facility": {"code": 18371}}, {"service": {"name": "First Line Treatment"}, "facility": {"code": 18371}}, {"service": {"name": "Tuberculosis Culture"}, "facility": {"code": 18371}}, {"service": {"name": "Smear Microscopy"}, "facility": {"code": 18371}}, {"service": {"name": "Early Infant Diagnosis"}, "facility": {"code": 18371}}, {"service": {"name": "Basic Immunization"}, "facility": {"code": 18371}}, {"service": {"name": "Focused Antenatal Care"}, "facility": {"code": 18371}}, {"service": {"name": "Integrated Services"}, "facility": {"code": 18371}}, {"service": {"name": "Permanent FP"}, "facility": {"code": 18371}}, {"service": {"name": "Long Term FP"}, "facility": {"code": 18371}}, {"service": {"name": "Short Term FP"}, "facility": {"code": 18371}}, {"service": {"name": "Post Exposure Prophylaxis"}, "facility": {"code": 18371}}, {"service": {"name": "PMTCT - ANC"}, "facility": {"code": 18371}}, {"service": {"name": "Diagnostic Counselling and Testing"}, "facility": {"code": 18371}}, {"service": {"name": "Provider Initiated Counselling and Testing"}, "facility": {"code": 18371}}, {"service": {"name": "Management of STIs"}, "facility": {"code": 18371}}, {"service": {"name": "Condom Promotion and Distribution"}, "facility": {"code": 18371}}, {"service": {"name": "Short Term FP"}, "facility": {"code": 14107}}, {"service": {"name": "Condom Promotion and Distribution"}, "facility": {"code": 14107}}, {"service": {"name": "Focused Antenatal Care"}, "facility": {"code": 14107}}, {"service": {"name": "First Line Treatment"}, "facility": {"code": 12919}}, {"service": {"name": "Curative Services"}, "facility": {"code": 12208}}, {"service": {"name": "Curative Services"}, "facility": {"code": 18367}}, {"service": {"name": "Basic Immunization"}, "facility": {"code": 18367}}, {"service": {"name": "Long Term FP"}, "facility": {"code": 18367}}, {"service": {"name": "Short Term FP"}, "facility": {"code": 18367}}, {"service": {"name": "PMTCT - ANC"}, "facility": {"code": 18367}}, {"service": {"name": "Provider Initiated Counselling and Testing"}, "facility": {"code": 18367}}, {"service": {"name": "Voluntary Counselling and Testing"}, "facility": {"code": 18367}}, {"service": {"name": "Management of STIs"}, "facility": {"code": 18367}}, {"service": {"name": "Condom Promotion and Distribution"}, "facility": {"code": 18367}}, {"service": {"name": "Integrated Management of Childhood Illnesses"}, "facility": {"code": 14838}}, {"service": {"name": "Environmental Health Services"}, "facility": {"code": 14838}}, {"service": {"name": "Opthalmic Services"}, "facility": {"code": 14838}}, {"service": {"name": "Nutrition Services"}, "facility": {"code": 14838}}, {"service": {"name": "Ambulance Sevices"}, "facility": {"code": 14838}}, {"service": {"name": "Laboratory Services"}, "facility": {"code": 14838}}, {"service": {"name": "Surgical Services"}, "facility": {"code": 14838}}, {"service": {"name": "Maternity Services"}, "facility": {"code": 14838}}, {"service": {"name": "Curative Services"}, "facility": {"code": 14838}}, {"service": {"name": "Smear Microscopy"}, "facility": {"code": 14838}}, {"service": {"name": "First Line Treatment"}, "facility": {"code": 14838}}, {"service": {"name": "Post Exposure Prophylaxis"}, "facility": {"code": 14838}}, {"service": {"name": "PMTCT - Maternity"}, "facility": {"code": 14838}}, {"service": {"name": "Condom Promotion and Distribution"}, "facility": {"code": 13420}}, {"service": {"name": "Management of STIs"}, "facility": {"code": 13420}}, {"service": {"name": "Voluntary Counselling and Testing"}, "facility": {"code": 13420}}, {"service": {"name": "Maternity Services"}, "facility": {"code": 10473}}, {"service": {"name": "Short Term FP"}, "facility": {"code": 10473}}, {"service": {"name": "Curative Services"}, "facility": {"code": 16423}}, {"service": {"name": "Basic Immunization"}, "facility": {"code": 16423}}, {"service": {"name": "Long Term FP"}, "facility": {"code": 16423}}, {"service": {"name": "Short Term FP"}, "facility": {"code": 16423}}, {"service": {"name": "PMTCT - ANC"}, "facility": {"code": 16423}}, {"service": {"name": "Provider Initiated Counselling and Testing"}, "facility": {"code": 16423}}, {"service": {"name": "Voluntary Counselling and Testing"}, "facility": {"code": 16423}}, {"service": {"name": "Management of STIs"}, "facility": {"code": 16423}}, {"service": {"name": "Condom Promotion and Distribution"}, "facility": {"code": 16423}}, {"service": {"name": "Curative Services"}, "facility": {"code": 16878}}, {"service": {"name": "Basic Immunization"}, "facility": {"code": 16878}}, {"service": {"name": "Focused Antenatal Care"}, "facility": {"code": 16878}}, {"service": {"name": "Long Term FP"}, "facility": {"code": 16878}}, {"service": {"name": "Short Term FP"}, "facility": {"code": 16878}}, {"service": {"name": "PMTCT - ANC"}, "facility": {"code": 16878}}, {"service": {"name": "Provider Initiated Counselling and Testing"}, "facility": {"code": 16878}}, {"service": {"name": "Voluntary Counselling and Testing"}, "facility": {"code": 16878}}, {"service": {"name": "Management of STIs"}, "facility": {"code": 16878}}, {"service": {"name": "Condom Promotion and Distribution"}, "facility": {"code": 16878}}, {"service": {"name": "Curative Services"}, "facility": {"code": 16422}}, {"service": {"name": "Basic Immunization"}, "facility": {"code": 16422}}, {"service": {"name": "Focused Antenatal Care"}, "facility": {"code": 16422}}, {"service": {"name": "Long Term FP"}, "facility": {"code": 16422}}, {"service": {"name": "Short Term FP"}, "facility": {"code": 16422}}, {"service": {"name": "PMTCT - ANC"}, "facility": {"code": 16422}}, {"service": {"name": "Provider Initiated Counselling and Testing"}, "facility": {"code": 16422}}, {"service": {"name": "Voluntary Counselling and Testing"}, "facility": {"code": 16422}}, {"service": {"name": "Management of STIs"}, "facility": {"code": 16422}}, {"service": {"name": "Condom Promotion and Distribution"}, "facility": {"code": 16422}}, {"service": {"name": "Curative Services"}, "facility": {"code": 18364}}, {"service": {"name": "Short Term FP"}, "facility": {"code": 18364}}, {"service": {"name": "Management of STIs"}, "facility": {"code": 18364}}, {"service": {"name": "Condom Promotion and Distribution"}, "facility": {"code": 18364}}, {"service": {"name": "Voluntary Counselling and Testing"}, "facility": {"code": 18363}}, {"service": {"name": "Management of STIs"}, "facility": {"code": 18363}}, {"service": {"name": "Condom Promotion and Distribution"}, "facility": {"code": 18363}}, {"service": {"name": "Curative Services"}, "facility": {"code": 18362}}, {"service": {"name": "Basic Immunization"}, "facility": {"code": 18362}}, {"service": {"name": "Focused Antenatal Care"}, "facility": {"code": 18362}}, {"service": {"name": "Short Term FP"}, "facility": {"code": 18362}}, {"service": {"name": "PMTCT - ANC"}, "facility": {"code": 18362}}, {"service": {"name": "Provider Initiated Counselling and Testing"}, "facility": {"code": 18362}}, {"service": {"name": "Condom Promotion and Distribution"}, "facility": {"code": 18362}}, {"service": {"name": "Curative Services"}, "facility": {"code": 18361}}, {"service": {"name": "Environmental Health Services"}, "facility": {"code": 18360}}, {"service": {"name": "Nutrition Services"}, "facility": {"code": 18360}}, {"service": {"name": "Curative Services"}, "facility": {"code": 18360}}, {"service": {"name": "Short Term FP"}, "facility": {"code": 18360}}, {"service": {"name": "Management of STIs"}, "facility": {"code": 18360}}, {"service": {"name": "Condom Promotion and Distribution"}, "facility": {"code": 18360}}, {"service": {"name": "Environmental Health Services"}, "facility": {"code": 17478}}, {"service": {"name": "Nutrition Services"}, "facility": {"code": 17478}}, {"service": {"name": "Maternity Services"}, "facility": {"code": 17478}}, {"service": {"name": "Curative Services"}, "facility": {"code": 17478}}, {"service": {"name": "Short Term FP"}, "facility": {"code": 17478}}, {"service": {"name": "Management of STIs"}, "facility": {"code": 17478}}, {"service": {"name": "Condom Promotion and Distribution"}, "facility": {"code": 17478}}, {"service": {"name": "First Line Treatment"}, "facility": {"code": 10894}}, {"service": {"name": "Smear Microscopy"}, "facility": {"code": 10894}}, {"service": {"name": "Emergency Obstetric Care"}, "facility": {"code": 17473}}, {"service": {"name": "Services for Sexual Violence Survivors"}, "facility": {"code": 17473}}, {"service": {"name": "Nutrition Services"}, "facility": {"code": 17473}}, {"service": {"name": "Laboratory Services"}, "facility": {"code": 17473}}, {"service": {"name": "Curative Services"}, "facility": {"code": 17473}}, {"service": {"name": "First Line Treatment"}, "facility": {"code": 17473}}, {"service": {"name": "Smear Microscopy"}, "facility": {"code": 17473}}, {"service": {"name": "Focused Antenatal Care"}, "facility": {"code": 17473}}, {"service": {"name": "Integrated Services"}, "facility": {"code": 17473}}, {"service": {"name": "Long Term FP"}, "facility": {"code": 17473}}, {"service": {"name": "Short Term FP"}, "facility": {"code": 17473}}, {"service": {"name": "Home Based Care"}, "facility": {"code": 17473}}, {"service": {"name": "Diagnostic Counselling and Testing"}, "facility": {"code": 17473}}, {"service": {"name": "Provider Initiated Counselling and Testing"}, "facility": {"code": 17473}}, {"service": {"name": "Voluntary Counselling and Testing"}, "facility": {"code": 17473}}, {"service": {"name": "Management of STIs"}, "facility": {"code": 17473}}, {"service": {"name": "Condom Promotion and Distribution"}, "facility": {"code": 17473}}, {"service": {"name": "Curative Services"}, "facility": {"code": 10125}}, {"service": {"name": "Curative Services"}, "facility": {"code": 10904}}, {"service": {"name": "Focused Antenatal Care"}, "facility": {"code": 10904}}, {"service": {"name": "Permanent FP"}, "facility": {"code": 10904}}, {"service": {"name": "Long Term FP"}, "facility": {"code": 10904}}, {"service": {"name": "Short Term FP"}, "facility": {"code": 10904}}, {"service": {"name": "Diagnostic Counselling and Testing"}, "facility": {"code": 10904}}, {"service": {"name": "Voluntary Counselling and Testing"}, "facility": {"code": 10904}}, {"service": {"name": "Provider Initiated Counselling and Testing"}, "facility": {"code": 10904}}, {"service": {"name": "Management of STIs"}, "facility": {"code": 10904}}, {"service": {"name": "Curative Services"}, "facility": {"code": 18358}}, {"service": {"name": "Focused Antenatal Care"}, "facility": {"code": 18358}}, {"service": {"name": "Short Term FP"}, "facility": {"code": 18358}}, {"service": {"name": "Maternity Services"}, "facility": {"code": 10251}}, {"service": {"name": "Focused Antenatal Care"}, "facility": {"code": 10251}}, {"service": {"name": "Provider Initiated Counselling and Testing"}, "facility": {"code": 10251}}, {"service": {"name": "Post Exposure Prophylaxis"}, "facility": {"code": 11090}}, {"service": {"name": "PMTCT - ANC"}, "facility": {"code": 11090}}, {"service": {"name": "Provider Initiated Counselling and Testing"}, "facility": {"code": 11090}}, {"service": {"name": "Condom Promotion and Distribution"}, "facility": {"code": 11090}}, {"service": {"name": "Curative Services"}, "facility": {"code": 16998}}, {"service": {"name": "Short Term FP"}, "facility": {"code": 16998}}, {"service": {"name": "Condom Promotion and Distribution"}, "facility": {"code": 16998}}, {"service": {"name": "Laboratory Services"}, "facility": {"code": 18319}}, {"service": {"name": "Curative Services"}, "facility": {"code": 18319}}, {"service": {"name": "Curative Services"}, "facility": {"code": 18357}}, {"service": {"name": "Condom Promotion and Distribution"}, "facility": {"code": 18357}}, {"service": {"name": "Laboratory Services"}, "facility": {"code": 18018}}, {"service": {"name": "Voluntary Male Circumcision"}, "facility": {"code": 18018}}, {"service": {"name": "Focused Antenatal Care"}, "facility": {"code": 18018}}, {"service": {"name": "Short Term FP"}, "facility": {"code": 18018}}, {"service": {"name": "PMTCT - Maternity"}, "facility": {"code": 18018}}, {"service": {"name": "PMTCT - ANC"}, "facility": {"code": 18018}}, {"service": {"name": "Diagnostic Counselling and Testing"}, "facility": {"code": 18018}}, {"service": {"name": "Provider Initiated Counselling and Testing"}, "facility": {"code": 18018}}, {"service": {"name": "Voluntary Counselling and Testing"}, "facility": {"code": 18018}}, {"service": {"name": "Condom Promotion and Distribution"}, "facility": {"code": 18018}}, {"service": {"name": "Environmental Health Services"}, "facility": {"code": 18354}}, {"service": {"name": "Opthalmic Services"}, "facility": {"code": 18354}}, {"service": {"name": "Nutrition Services"}, "facility": {"code": 18354}}, {"service": {"name": "Ambulance Sevices"}, "facility": {"code": 18354}}, {"service": {"name": "Maternity Services"}, "facility": {"code": 18354}}, {"service": {"name": "Curative Services"}, "facility": {"code": 18354}}, {"service": {"name": "Basic Immunization"}, "facility": {"code": 18354}}, {"service": {"name": "Management of STIs"}, "facility": {"code": 18354}}, {"service": {"name": "Condom Promotion and Distribution"}, "facility": {"code": 18354}}, {"service": {"name": "Emergency Preparedness"}, "facility": {"code": 11123}}, {"service": {"name": "Laboratory Services"}, "facility": {"code": 11123}}, {"service": {"name": "Curative Services"}, "facility": {"code": 11123}}, {"service": {"name": "Focused Antenatal Care"}, "facility": {"code": 11123}}, {"service": {"name": "Long Term FP"}, "facility": {"code": 11123}}, {"service": {"name": "Short Term FP"}, "facility": {"code": 11123}}, {"service": {"name": "PMTCT - ANC"}, "facility": {"code": 11123}}, {"service": {"name": "Diagnostic Counselling and Testing"}, "facility": {"code": 11123}}, {"service": {"name": "Voluntary Counselling and Testing"}, "facility": {"code": 11123}}, {"service": {"name": "Condom Promotion and Distribution"}, "facility": {"code": 11123}}, {"service": {"name": "Emergency Preparedness"}, "facility": {"code": 18351}}, {"service": {"name": "ENT Services"}, "facility": {"code": 18351}}, {"service": {"name": "Integrated Management of Childhood Illnesses"}, "facility": {"code": 18351}}, {"service": {"name": "Laboratory Services"}, "facility": {"code": 18351}}, {"service": {"name": "Curative Services"}, "facility": {"code": 18351}}, {"service": {"name": "First Line Treatment"}, "facility": {"code": 18351}}, {"service": {"name": "Smear Microscopy"}, "facility": {"code": 18351}}, {"service": {"name": "Port Immunization Services"}, "facility": {"code": 18351}}, {"service": {"name": "Immunization with additional vaccines"}, "facility": {"code": 18351}}, {"service": {"name": "Focused Antenatal Care"}, "facility": {"code": 18351}}, {"service": {"name": "Long Term FP"}, "facility": {"code": 18351}}, {"service": {"name": "Short Term FP"}, "facility": {"code": 18351}}, {"service": {"name": "Adult Antiretroviral Therapy"}, "facility": {"code": 18351}}, {"service": {"name": "Post Exposure Prophylaxis"}, "facility": {"code": 18351}}, {"service": {"name": "Diagnostic Counselling and Testing"}, "facility": {"code": 18351}}, {"service": {"name": "Management of STIs"}, "facility": {"code": 18351}}, {"service": {"name": "Oral Health Services (Dental Services)"}, "facility": {"code": 16634}}, {"service": {"name": "Emergency Obstetric Care"}, "facility": {"code": 16634}}, {"service": {"name": "Laboratory Services"}, "facility": {"code": 16634}}, {"service": {"name": "Surgical Services"}, "facility": {"code": 16634}}, {"service": {"name": "Curative Services"}, "facility": {"code": 16634}}, {"service": {"name": "Focused Antenatal Care"}, "facility": {"code": 16634}}, {"service": {"name": "Long Term FP"}, "facility": {"code": 16634}}, {"service": {"name": "Short Term FP"}, "facility": {"code": 16634}}, {"service": {"name": "Voluntary Male Circumcision"}, "facility": {"code": 16634}}, {"service": {"name": "PMTCT - ANC"}, "facility": {"code": 16634}}, {"service": {"name": "Diagnostic Counselling and Testing"}, "facility": {"code": 16634}}, {"service": {"name": "Provider Initiated Counselling and Testing"}, "facility": {"code": 16634}}, {"service": {"name": "Voluntary Counselling and Testing"}, "facility": {"code": 16634}}, {"service": {"name": "Management of STIs"}, "facility": {"code": 16634}}, {"service": {"name": "Condom Promotion and Distribution"}, "facility": {"code": 16634}}, {"service": {"name": "Emergency Obstetric Care"}, "facility": {"code": 18350}}, {"service": {"name": "Laboratory Services"}, "facility": {"code": 18350}}, {"service": {"name": "Maternity Services"}, "facility": {"code": 18350}}, {"service": {"name": "Curative Services"}, "facility": {"code": 18350}}, {"service": {"name": "Focused Antenatal Care"}, "facility": {"code": 18350}}, {"service": {"name": "Long Term FP"}, "facility": {"code": 18350}}, {"service": {"name": "Short Term FP"}, "facility": {"code": 18350}}, {"service": {"name": "PMTCT - Maternity"}, "facility": {"code": 18350}}, {"service": {"name": "PMTCT - ANC"}, "facility": {"code": 18350}}, {"service": {"name": "Diagnostic Counselling and Testing"}, "facility": {"code": 18350}}, {"service": {"name": "Provider Initiated Counselling and Testing"}, "facility": {"code": 18350}}, {"service": {"name": "Voluntary Counselling and Testing"}, "facility": {"code": 18350}}, {"service": {"name": "Management of STIs"}, "facility": {"code": 18350}}, {"service": {"name": "Condom Promotion and Distribution"}, "facility": {"code": 18350}}, {"service": {"name": "Emergency Obstetric Care"}, "facility": {"code": 18349}}, {"service": {"name": "Environmental Health Services"}, "facility": {"code": 18349}}, {"service": {"name": "Services for Sexual Violence Survivors"}, "facility": {"code": 18349}}, {"service": {"name": "Maternity Services"}, "facility": {"code": 18349}}, {"service": {"name": "Curative Services"}, "facility": {"code": 18349}}, {"service": {"name": "Basic Immunization"}, "facility": {"code": 18349}}, {"service": {"name": "Focused Antenatal Care"}, "facility": {"code": 18349}}, {"service": {"name": "Short Term FP"}, "facility": {"code": 18349}}, {"service": {"name": "PMTCT - ANC"}, "facility": {"code": 18349}}, {"service": {"name": "Diagnostic Counselling and Testing"}, "facility": {"code": 18349}}, {"service": {"name": "Provider Initiated Counselling and Testing"}, "facility": {"code": 18349}}, {"service": {"name": "Management of STIs"}, "facility": {"code": 18349}}, {"service": {"name": "Condom Promotion and Distribution"}, "facility": {"code": 18349}}, {"service": {"name": "Rehabilitative Health Services - Physiotherapy"}, "facility": {"code": 18348}}, {"service": {"name": "Nutrition Services"}, "facility": {"code": 18348}}, {"service": {"name": "Rehabilitative Health Services - Orthopaedic Technology"}, "facility": {"code": 18348}}, {"service": {"name": "Rehabilitative Health Services - Occupational Health"}, "facility": {"code": 18348}}, {"service": {"name": "Laboratory Services"}, "facility": {"code": 18346}}, {"service": {"name": "Maternity Services"}, "facility": {"code": 18346}}, {"service": {"name": "Curative Services"}, "facility": {"code": 18346}}, {"service": {"name": "Basic Immunization"}, "facility": {"code": 18346}}, {"service": {"name": "Focused Antenatal Care"}, "facility": {"code": 18346}}, {"service": {"name": "Long Term FP"}, "facility": {"code": 18346}}, {"service": {"name": "Short Term FP"}, "facility": {"code": 18346}}, {"service": {"name": "Management of STIs"}, "facility": {"code": 18346}}, {"service": {"name": "Condom Promotion and Distribution"}, "facility": {"code": 18346}}, {"service": {"name": "Post Exposure Prophylaxis"}, "facility": {"code": 18346}}, {"service": {"name": "PMTCT - ANC"}, "facility": {"code": 18346}}, {"service": {"name": "Diagnostic Counselling and Testing"}, "facility": {"code": 18346}}, {"service": {"name": "Provider Initiated Counselling and Testing"}, "facility": {"code": 18346}}, {"service": {"name": "ENT Services"}, "facility": {"code": 18345}}, {"service": {"name": "Oral Health Services (Dental Services)"}, "facility": {"code": 18345}}, {"service": {"name": "Emergency Obstetric Care"}, "facility": {"code": 18345}}, {"service": {"name": "Rehabilitative Health Services - Physiotherapy"}, "facility": {"code": 18345}}, {"service": {"name": "Services for Sexual Violence Survivors"}, "facility": {"code": 18345}}, {"service": {"name": "Mental Health Services"}, "facility": {"code": 18345}}, {"service": {"name": "Opthalmic Services"}, "facility": {"code": 18345}}, {"service": {"name": "Nutrition Services"}, "facility": {"code": 18345}}, {"service": {"name": "Integrated Management of Childhood Illnesses"}, "facility": {"code": 18345}}, {"service": {"name": "Surgical Services"}, "facility": {"code": 18345}}, {"service": {"name": "Maternity Services"}, "facility": {"code": 18345}}, {"service": {"name": "Curative Services"}, "facility": {"code": 18345}}, {"service": {"name": "First Line Treatment"}, "facility": {"code": 18345}}, {"service": {"name": "Focused Antenatal Care"}, "facility": {"code": 18345}}, {"service": {"name": "Integrated Services"}, "facility": {"code": 18345}}, {"service": {"name": "Long Term FP"}, "facility": {"code": 18345}}, {"service": {"name": "Short Term FP"}, "facility": {"code": 18345}}, {"service": {"name": "Post Exposure Prophylaxis"}, "facility": {"code": 18345}}, {"service": {"name": "PMTCT - ANC"}, "facility": {"code": 18345}}, {"service": {"name": "Early Infant Diagnosis"}, "facility": {"code": 18345}}], "unique_fields": ["facility", "service"], "model": "facilities.FacilityService"}]