[{"records": [{"service": {"name": "Surgical Services"}, "facility": {"code": 20299}}, {"service": {"name": "Maternity Services"}, "facility": {"code": 20299}}, {"service": {"name": "Laboratory Services"}, "facility": {"code": 20299}}, {"service": {"name": "Curative Services"}, "facility": {"code": 20299}}, {"service": {"name": "Short Term FP"}, "facility": {"code": 20299}}, {"service": {"name": "Provider Initiated Counselling and Testing"}, "facility": {"code": 20299}}, {"service": {"name": "Management of STIs"}, "facility": {"code": 20299}}, {"service": {"name": "Condom Promotion and Distribution"}, "facility": {"code": 20299}}, {"service": {"name": "Emergency Obstetric Care"}, "facility": {"code": 20373}}, {"service": {"name": "Laboratory Services"}, "facility": {"code": 20373}}, {"service": {"name": "Maternity Services"}, "facility": {"code": 20373}}, {"service": {"name": "Curative Services"}, "facility": {"code": 20373}}, {"service": {"name": "Focused Antenatal Care"}, "facility": {"code": 20373}}, {"service": {"name": "Short Term FP"}, "facility": {"code": 20373}}, {"service": {"name": "Management of STIs"}, "facility": {"code": 20373}}, {"service": {"name": "Condom Promotion and Distribution"}, "facility": {"code": 20373}}, {"service": {"name": "Nutrition Services"}, "facility": {"code": 20372}}, {"service": {"name": "Integrated Management of Childhood Illnesses"}, "facility": {"code": 20372}}, {"service": {"name": "Surgical Services"}, "facility": {"code": 20372}}, {"service": {"name": "Curative Services"}, "facility": {"code": 20372}}, {"service": {"name": "Basic Immunization"}, "facility": {"code": 20372}}, {"service": {"name": "Focused Antenatal Care"}, "facility": {"code": 20372}}, {"service": {"name": "Integrated Services"}, "facility": {"code": 20372}}, {"service": {"name": "Long Term FP"}, "facility": {"code": 20372}}, {"service": {"name": "Short Term FP"}, "facility": {"code": 20372}}, {"service": {"name": "PMTCT - ANC"}, "facility": {"code": 20372}}, {"service": {"name": "Provider Initiated Counselling and Testing"}, "facility": {"code": 20372}}, {"service": {"name": "Management of STIs"}, "facility": {"code": 20372}}, {"service": {"name": "Condom Promotion and Distribution"}, "facility": {"code": 20372}}, {"service": {"name": "Emergency Obstetric Care"}, "facility": {"code": 20370}}, {"service": {"name": "Radiology Services"}, "facility": {"code": 20370}}, {"service": {"name": "Laboratory Services"}, "facility": {"code": 20370}}, {"service": {"name": "Curative Services"}, "facility": {"code": 20370}}, {"service": {"name": "Basic Immunization"}, "facility": {"code": 20370}}, {"service": {"name": "Focused Antenatal Care"}, "facility": {"code": 20370}}, {"service": {"name": "Short Term FP"}, "facility": {"code": 20370}}, {"service": {"name": "Voluntary Counselling and Testing"}, "facility": {"code": 20370}}, {"service": {"name": "Laboratory Services"}, "facility": {"code": 20369}}, {"service": {"name": "Surgical Services"}, "facility": {"code": 20369}}, {"service": {"name": "Curative Services"}, "facility": {"code": 20369}}, {"service": {"name": "Short Term FP"}, "facility": {"code": 20369}}, {"service": {"name": "Provider Initiated Counselling and Testing"}, "facility": {"code": 20369}}, {"service": {"name": "Voluntary Counselling and Testing"}, "facility": {"code": 20369}}, {"service": {"name": "Management of STIs"}, "facility": {"code": 20369}}, {"service": {"name": "Focused Antenatal Care"}, "facility": {"code": 13511}}, {"service": {"name": "Integrated Services"}, "facility": {"code": 13511}}, {"service": {"name": "Early Infant Diagnosis"}, "facility": {"code": 13511}}, {"service": {"name": "Emergency Obstetric Care"}, "facility": {"code": 20368}}, {"service": {"name": "Curative Services"}, "facility": {"code": 20368}}, {"service": {"name": "Focused Antenatal Care"}, "facility": {"code": 20368}}, {"service": {"name": "Short Term FP"}, "facility": {"code": 20368}}, {"service": {"name": "PMTCT - ANC"}, "facility": {"code": 20368}}, {"service": {"name": "Diagnostic Counselling and Testing"}, "facility": {"code": 20368}}, {"service": {"name": "Provider Initiated Counselling and Testing"}, "facility": {"code": 20368}}, {"service": {"name": "Management of STIs"}, "facility": {"code": 20368}}, {"service": {"name": "Condom Promotion and Distribution"}, "facility": {"code": 20368}}, {"service": {"name": "Post Exposure Prophylaxis"}, "facility": {"code": 19916}}, {"service": {"name": "Emergency Obstetric Care"}, "facility": {"code": 20367}}, {"service": {"name": "Curative Services"}, "facility": {"code": 20367}}, {"service": {"name": "Basic Immunization"}, "facility": {"code": 20367}}, {"service": {"name": "Focused Antenatal Care"}, "facility": {"code": 20367}}, {"service": {"name": "Short Term FP"}, "facility": {"code": 20367}}, {"service": {"name": "PMTCT - ANC"}, "facility": {"code": 20367}}, {"service": {"name": "Diagnostic Counselling and Testing"}, "facility": {"code": 20367}}, {"service": {"name": "Provider Initiated Counselling and Testing"}, "facility": {"code": 20367}}, {"service": {"name": "Management of STIs"}, "facility": {"code": 20367}}, {"service": {"name": "Condom Promotion and Distribution"}, "facility": {"code": 20367}}, {"service": {"name": "Emergency Obstetric Care"}, "facility": {"code": 20366}}, {"service": {"name": "Curative Services"}, "facility": {"code": 20366}}, {"service": {"name": "Basic Immunization"}, "facility": {"code": 20366}}, {"service": {"name": "Focused Antenatal Care"}, "facility": {"code": 20366}}, {"service": {"name": "Short Term FP"}, "facility": {"code": 20366}}, {"service": {"name": "PMTCT - ANC"}, "facility": {"code": 20366}}, {"service": {"name": "Diagnostic Counselling and Testing"}, "facility": {"code": 20366}}, {"service": {"name": "Provider Initiated Counselling and Testing"}, "facility": {"code": 20366}}, {"service": {"name": "Management of STIs"}, "facility": {"code": 20366}}, {"service": {"name": "Condom Promotion and Distribution"}, "facility": {"code": 20366}}, {"service": {"name": "Emergency Obstetric Care"}, "facility": {"code": 20365}}, {"service": {"name": "Curative Services"}, "facility": {"code": 20365}}, {"service": {"name": "Basic Immunization"}, "facility": {"code": 20365}}, {"service": {"name": "Focused Antenatal Care"}, "facility": {"code": 20365}}, {"service": {"name": "Short Term FP"}, "facility": {"code": 20365}}, {"service": {"name": "PMTCT - ANC"}, "facility": {"code": 20365}}, {"service": {"name": "Diagnostic Counselling and Testing"}, "facility": {"code": 20365}}, {"service": {"name": "Provider Initiated Counselling and Testing"}, "facility": {"code": 20365}}, {"service": {"name": "Management of STIs"}, "facility": {"code": 20365}}, {"service": {"name": "Condom Promotion and Distribution"}, "facility": {"code": 20365}}, {"service": {"name": "Nutrition Services"}, "facility": {"code": 20364}}, {"service": {"name": "Integrated Management of Childhood Illnesses"}, "facility": {"code": 20364}}, {"service": {"name": "Maternity Services"}, "facility": {"code": 20364}}, {"service": {"name": "Emergency Preparedness"}, "facility": {"code": 20364}}, {"service": {"name": "Laboratory Services"}, "facility": {"code": 20364}}, {"service": {"name": "Curative Services"}, "facility": {"code": 20364}}, {"service": {"name": "First Line Treatment"}, "facility": {"code": 20364}}, {"service": {"name": "Smear Microscopy"}, "facility": {"code": 20364}}, {"service": {"name": "Adult Antiretroviral Therapy"}, "facility": {"code": 20364}}, {"service": {"name": "Paediatric Antiretroviral Therapy"}, "facility": {"code": 20364}}, {"service": {"name": "Provider Initiated Counselling and Testing"}, "facility": {"code": 20364}}, {"service": {"name": "Early Infant Diagnosis"}, "facility": {"code": 20364}}, {"service": {"name": "PMTCT - ANC"}, "facility": {"code": 20364}}, {"service": {"name": "PMTCT - Maternity"}, "facility": {"code": 20364}}, {"service": {"name": "Post Exposure Prophylaxis"}, "facility": {"code": 20364}}, {"service": {"name": "Voluntary Counselling and Testing"}, "facility": {"code": 20364}}, {"service": {"name": "Management of STIs"}, "facility": {"code": 20364}}, {"service": {"name": "Ambulance Sevices"}, "facility": {"code": 12420}}, {"service": {"name": "Rehabilitative Health Services - Physiotherapy"}, "facility": {"code": 12420}}, {"service": {"name": "Mental Health Services"}, "facility": {"code": 12420}}, {"service": {"name": "Opthalmic Services"}, "facility": {"code": 12420}}, {"service": {"name": "Surgical Services"}, "facility": {"code": 12420}}, {"service": {"name": "Voluntary Counselling and Testing"}, "facility": {"code": 20335}}, {"service": {"name": "Environmental Health Services"}, "facility": {"code": 20363}}, {"service": {"name": "Mental Health Services"}, "facility": {"code": 20363}}, {"service": {"name": "Nutrition Services"}, "facility": {"code": 20363}}, {"service": {"name": "Maternity Services"}, "facility": {"code": 20363}}, {"service": {"name": "Curative Services"}, "facility": {"code": 20363}}, {"service": {"name": "Basic Immunization"}, "facility": {"code": 20363}}, {"service": {"name": "Focused Antenatal Care"}, "facility": {"code": 20363}}, {"service": {"name": "Short Term FP"}, "facility": {"code": 20363}}, {"service": {"name": "Post Exposure Prophylaxis"}, "facility": {"code": 20363}}, {"service": {"name": "PMTCT - Maternity"}, "facility": {"code": 20363}}, {"service": {"name": "PMTCT - ANC"}, "facility": {"code": 20363}}, {"service": {"name": "Diagnostic Counselling and Testing"}, "facility": {"code": 20363}}, {"service": {"name": "Provider Initiated Counselling and Testing"}, "facility": {"code": 20363}}, {"service": {"name": "Management of STIs"}, "facility": {"code": 20363}}, {"service": {"name": "Condom Promotion and Distribution"}, "facility": {"code": 20363}}, {"service": {"name": "Condom Promotion and Distribution"}, "facility": {"code": 10686}}, {"service": {"name": "Integrated Management of Childhood Illnesses"}, "facility": {"code": 20359}}, {"service": {"name": "Laboratory Services"}, "facility": {"code": 20359}}, {"service": {"name": "Curative Services"}, "facility": {"code": 20359}}, {"service": {"name": "Focused Antenatal Care"}, "facility": {"code": 20359}}, {"service": {"name": "Emergency Preparedness"}, "facility": {"code": 20357}}, {"service": {"name": "Environmental Health Services"}, "facility": {"code": 20357}}, {"service": {"name": "Nutrition Services"}, "facility": {"code": 20357}}, {"service": {"name": "Integrated Management of Childhood Illnesses"}, "facility": {"code": 20357}}, {"service": {"name": "Maternity Services"}, "facility": {"code": 20357}}, {"service": {"name": "Curative Services"}, "facility": {"code": 20357}}, {"service": {"name": "Basic Immunization"}, "facility": {"code": 20357}}, {"service": {"name": "Focused Antenatal Care"}, "facility": {"code": 20357}}, {"service": {"name": "Short Term FP"}, "facility": {"code": 20357}}, {"service": {"name": "Home Based Care"}, "facility": {"code": 20357}}, {"service": {"name": "Post Exposure Prophylaxis"}, "facility": {"code": 20357}}, {"service": {"name": "PMTCT - Maternity"}, "facility": {"code": 20357}}, {"service": {"name": "PMTCT - ANC"}, "facility": {"code": 20357}}, {"service": {"name": "Early Infant Diagnosis"}, "facility": {"code": 20357}}, {"service": {"name": "Diagnostic Counselling and Testing"}, "facility": {"code": 20357}}, {"service": {"name": "Provider Initiated Counselling and Testing"}, "facility": {"code": 20357}}, {"service": {"name": "Management of STIs"}, "facility": {"code": 20357}}, {"service": {"name": "Condom Promotion and Distribution"}, "facility": {"code": 20357}}, {"service": {"name": "Maternity Services"}, "facility": {"code": 20356}}, {"service": {"name": "Curative Services"}, "facility": {"code": 20356}}, {"service": {"name": "PMTCT - ANC"}, "facility": {"code": 20356}}, {"service": {"name": "Basic Immunization"}, "facility": {"code": 20356}}, {"service": {"name": "Short Term FP"}, "facility": {"code": 20356}}, {"service": {"name": "Condom Promotion and Distribution"}, "facility": {"code": 20356}}, {"service": {"name": "Integrated Management of Childhood Illnesses"}, "facility": {"code": 20353}}, {"service": {"name": "Maternity Services"}, "facility": {"code": 20353}}, {"service": {"name": "Curative Services"}, "facility": {"code": 20353}}, {"service": {"name": "Short Term FP"}, "facility": {"code": 20353}}, {"service": {"name": "Diagnostic Counselling and Testing"}, "facility": {"code": 20353}}, {"service": {"name": "Provider Initiated Counselling and Testing"}, "facility": {"code": 20353}}, {"service": {"name": "Management of STIs"}, "facility": {"code": 20353}}, {"service": {"name": "Condom Promotion and Distribution"}, "facility": {"code": 20353}}, {"service": {"name": "Emergency Obstetric Care"}, "facility": {"code": 20351}}, {"service": {"name": "Curative Services"}, "facility": {"code": 20351}}, {"service": {"name": "Basic Immunization"}, "facility": {"code": 20351}}, {"service": {"name": "Focused Antenatal Care"}, "facility": {"code": 20351}}, {"service": {"name": "Short Term FP"}, "facility": {"code": 20351}}, {"service": {"name": "Voluntary Counselling and Testing"}, "facility": {"code": 20351}}, {"service": {"name": "Emergency Obstetric Care"}, "facility": {"code": 20350}}, {"service": {"name": "Curative Services"}, "facility": {"code": 20350}}, {"service": {"name": "Basic Immunization"}, "facility": {"code": 20350}}, {"service": {"name": "Focused Antenatal Care"}, "facility": {"code": 20350}}, {"service": {"name": "Short Term FP"}, "facility": {"code": 20350}}, {"service": {"name": "Voluntary Counselling and Testing"}, "facility": {"code": 20350}}, {"service": {"name": "Mental Health Services"}, "facility": {"code": 20349}}, {"service": {"name": "Opthalmic Services"}, "facility": {"code": 20349}}, {"service": {"name": "Nutrition Services"}, "facility": {"code": 20349}}, {"service": {"name": "Surgical Services"}, "facility": {"code": 20349}}, {"service": {"name": "Curative Services"}, "facility": {"code": 20349}}, {"service": {"name": "Short Term FP"}, "facility": {"code": 20349}}, {"service": {"name": "Provider Initiated Counselling and Testing"}, "facility": {"code": 20349}}, {"service": {"name": "Condom Promotion and Distribution"}, "facility": {"code": 20349}}, {"service": {"name": "Voluntary Counselling and Testing"}, "facility": {"code": 20349}}, {"service": {"name": "Management of STIs"}, "facility": {"code": 20349}}, {"service": {"name": "Laboratory Services"}, "facility": {"code": 20348}}, {"service": {"name": "Curative Services"}, "facility": {"code": 20348}}, {"service": {"name": "Short Term FP"}, "facility": {"code": 20348}}, {"service": {"name": "Diagnostic Counselling and Testing"}, "facility": {"code": 20348}}, {"service": {"name": "Provider Initiated Counselling and Testing"}, "facility": {"code": 20348}}, {"service": {"name": "Voluntary Counselling and Testing"}, "facility": {"code": 20348}}, {"service": {"name": "Management of STIs"}, "facility": {"code": 20348}}, {"service": {"name": "Maternity Services"}, "facility": {"code": 20347}}, {"service": {"name": "Curative Services"}, "facility": {"code": 20347}}, {"service": {"name": "Basic Immunization"}, "facility": {"code": 20347}}, {"service": {"name": "Adult Antiretroviral Therapy"}, "facility": {"code": 20347}}, {"service": {"name": "Paediatric Antiretroviral Therapy"}, "facility": {"code": 20347}}, {"service": {"name": "Post Exposure Prophylaxis"}, "facility": {"code": 20347}}, {"service": {"name": "PMTCT - Maternity"}, "facility": {"code": 20347}}, {"service": {"name": "PMTCT - ANC"}, "facility": {"code": 20347}}, {"service": {"name": "Early Infant Diagnosis"}, "facility": {"code": 20347}}, {"service": {"name": "Diagnostic Counselling and Testing"}, "facility": {"code": 20347}}, {"service": {"name": "Provider Initiated Counselling and Testing"}, "facility": {"code": 20347}}, {"service": {"name": "Management of STIs"}, "facility": {"code": 20347}}, {"service": {"name": "Condom Promotion and Distribution"}, "facility": {"code": 20347}}, {"service": {"name": "Nutrition Services"}, "facility": {"code": 20346}}, {"service": {"name": "Laboratory Services"}, "facility": {"code": 20346}}, {"service": {"name": "Curative Services"}, "facility": {"code": 20346}}, {"service": {"name": "Basic Immunization"}, "facility": {"code": 20346}}, {"service": {"name": "Diagnostic Counselling and Testing"}, "facility": {"code": 20346}}, {"service": {"name": "Basic Immunization"}, "facility": {"code": 15578}}, {"service": {"name": "Short Term FP"}, "facility": {"code": 15578}}, {"service": {"name": "Adult Antiretroviral Therapy"}, "facility": {"code": 15578}}, {"service": {"name": "Paediatric Antiretroviral Therapy"}, "facility": {"code": 15578}}, {"service": {"name": "Post Exposure Prophylaxis"}, "facility": {"code": 15578}}, {"service": {"name": "PMTCT - Maternity"}, "facility": {"code": 15578}}, {"service": {"name": "PMTCT - ANC"}, "facility": {"code": 15578}}, {"service": {"name": "Early Infant Diagnosis"}, "facility": {"code": 15578}}, {"service": {"name": "Diagnostic Counselling and Testing"}, "facility": {"code": 15578}}, {"service": {"name": "Provider Initiated Counselling and Testing"}, "facility": {"code": 15578}}, {"service": {"name": "Management of STIs"}, "facility": {"code": 15578}}, {"service": {"name": "Condom Promotion and Distribution"}, "facility": {"code": 15578}}, {"service": {"name": "Basic Immunization"}, "facility": {"code": 14286}}, {"service": {"name": "Short Term FP"}, "facility": {"code": 14286}}, {"service": {"name": "Long Term FP"}, "facility": {"code": 20345}}, {"service": {"name": "Emergency Obstetric Care"}, "facility": {"code": 20345}}, {"service": {"name": "Nutrition Services"}, "facility": {"code": 20345}}, {"service": {"name": "Integrated Management of Childhood Illnesses"}, "facility": {"code": 20345}}, {"service": {"name": "Surgical Services"}, "facility": {"code": 20345}}, {"service": {"name": "Maternity Services"}, "facility": {"code": 20345}}, {"service": {"name": "Curative Services"}, "facility": {"code": 20345}}, {"service": {"name": "Basic Immunization"}, "facility": {"code": 20345}}, {"service": {"name": "Focused Antenatal Care"}, "facility": {"code": 20345}}, {"service": {"name": "Short Term FP"}, "facility": {"code": 20345}}, {"service": {"name": "PMTCT - Maternity"}, "facility": {"code": 20345}}, {"service": {"name": "PMTCT - ANC"}, "facility": {"code": 20345}}, {"service": {"name": "Early Infant Diagnosis"}, "facility": {"code": 20345}}, {"service": {"name": "Diagnostic Counselling and Testing"}, "facility": {"code": 20345}}, {"service": {"name": "Provider Initiated Counselling and Testing"}, "facility": {"code": 20345}}, {"service": {"name": "Voluntary Counselling and Testing"}, "facility": {"code": 20345}}, {"service": {"name": "Management of STIs"}, "facility": {"code": 20345}}, {"service": {"name": "Condom Promotion and Distribution"}, "facility": {"code": 20345}}, {"service": {"name": "Emergency Preparedness"}, "facility": {"code": 20344}}, {"service": {"name": "Oral Health Services (Dental Services)"}, "facility": {"code": 20344}}, {"service": {"name": "Emergency Obstetric Care"}, "facility": {"code": 20344}}, {"service": {"name": "Mental Health Services"}, "facility": {"code": 20344}}, {"service": {"name": "Nutrition Services"}, "facility": {"code": 20344}}, {"service": {"name": "Integrated Management of Childhood Illnesses"}, "facility": {"code": 20344}}, {"service": {"name": "Surgical Services"}, "facility": {"code": 20344}}, {"service": {"name": "Maternity Services"}, "facility": {"code": 20344}}, {"service": {"name": "Curative Services"}, "facility": {"code": 20344}}, {"service": {"name": "Basic Immunization"}, "facility": {"code": 20344}}, {"service": {"name": "Focused Antenatal Care"}, "facility": {"code": 20344}}, {"service": {"name": "Long Term FP"}, "facility": {"code": 20344}}, {"service": {"name": "Short Term FP"}, "facility": {"code": 20344}}, {"service": {"name": "PMTCT - Maternity"}, "facility": {"code": 20344}}, {"service": {"name": "PMTCT - ANC"}, "facility": {"code": 20344}}, {"service": {"name": "Early Infant Diagnosis"}, "facility": {"code": 20344}}, {"service": {"name": "Diagnostic Counselling and Testing"}, "facility": {"code": 20344}}, {"service": {"name": "Provider Initiated Counselling and Testing"}, "facility": {"code": 20344}}, {"service": {"name": "Voluntary Counselling and Testing"}, "facility": {"code": 20344}}, {"service": {"name": "Management of STIs"}, "facility": {"code": 20344}}, {"service": {"name": "Condom Promotion and Distribution"}, "facility": {"code": 20344}}, {"service": {"name": "Emergency Preparedness"}, "facility": {"code": 20342}}, {"service": {"name": "Emergency Obstetric Care"}, "facility": {"code": 20342}}, {"service": {"name": "Nutrition Services"}, "facility": {"code": 20342}}, {"service": {"name": "Integrated Management of Childhood Illnesses"}, "facility": {"code": 20342}}, {"service": {"name": "Maternity Services"}, "facility": {"code": 20342}}, {"service": {"name": "Curative Services"}, "facility": {"code": 20342}}, {"service": {"name": "First Line Treatment"}, "facility": {"code": 20342}}, {"service": {"name": "Smear Microscopy"}, "facility": {"code": 20342}}, {"service": {"name": "Basic Immunization"}, "facility": {"code": 20342}}, {"service": {"name": "Specialized ANC"}, "facility": {"code": 20342}}, {"service": {"name": "Focused Antenatal Care"}, "facility": {"code": 20342}}, {"service": {"name": "Integrated Services"}, "facility": {"code": 20342}}, {"service": {"name": "Long Term FP"}, "facility": {"code": 20342}}, {"service": {"name": "Short Term FP"}, "facility": {"code": 20342}}, {"service": {"name": "Home Based Care"}, "facility": {"code": 20342}}, {"service": {"name": "Adult Antiretroviral Therapy"}, "facility": {"code": 20342}}, {"service": {"name": "Paediatric Antiretroviral Therapy"}, "facility": {"code": 20342}}, {"service": {"name": "Post Exposure Prophylaxis"}, "facility": {"code": 20342}}, {"service": {"name": "PMTCT - Maternity"}, "facility": {"code": 20342}}, {"service": {"name": "PMTCT - ANC"}, "facility": {"code": 20342}}, {"service": {"name": "Early Infant Diagnosis"}, "facility": {"code": 20342}}, {"service": {"name": "Diagnostic Counselling and Testing"}, "facility": {"code": 20342}}, {"service": {"name": "Provider Initiated Counselling and Testing"}, "facility": {"code": 20342}}, {"service": {"name": "Voluntary Counselling and Testing"}, "facility": {"code": 20342}}, {"service": {"name": "Management of STIs"}, "facility": {"code": 20342}}, {"service": {"name": "Condom Promotion and Distribution"}, "facility": {"code": 20342}}, {"service": {"name": "Diagnostic Counselling and Testing"}, "facility": {"code": 10185}}, {"service": {"name": "Curative Services"}, "facility": {"code": 12410}}, {"service": {"name": "Long Term FP"}, "facility": {"code": 12410}}, {"service": {"name": "Laboratory Services"}, "facility": {"code": 20341}}, {"service": {"name": "Curative Services"}, "facility": {"code": 20341}}, {"service": {"name": "Long Term FP"}, "facility": {"code": 20341}}, {"service": {"name": "Short Term FP"}, "facility": {"code": 20341}}, {"service": {"name": "Diagnostic Counselling and Testing"}, "facility": {"code": 20341}}, {"service": {"name": "Provider Initiated Counselling and Testing"}, "facility": {"code": 20341}}, {"service": {"name": "Voluntary Counselling and Testing"}, "facility": {"code": 20341}}, {"service": {"name": "Curative Services"}, "facility": {"code": 20340}}, {"service": {"name": "Management of STIs"}, "facility": {"code": 20340}}, {"service": {"name": "Condom Promotion and Distribution"}, "facility": {"code": 20340}}, {"service": {"name": "Environmental Health Services"}, "facility": {"code": 15825}}, {"service": {"name": "Curative Services"}, "facility": {"code": 20339}}, {"service": {"name": "Short Term FP"}, "facility": {"code": 20339}}, {"service": {"name": "Condom Promotion and Distribution"}, "facility": {"code": 20339}}, {"service": {"name": "Emergency Obstetric Care"}, "facility": {"code": 20338}}, {"service": {"name": "Curative Services"}, "facility": {"code": 20338}}, {"service": {"name": "Basic Immunization"}, "facility": {"code": 20338}}, {"service": {"name": "Voluntary Counselling and Testing"}, "facility": {"code": 20338}}, {"service": {"name": "Condom Promotion and Distribution"}, "facility": {"code": 20338}}, {"service": {"name": "Surgical Services"}, "facility": {"code": 20337}}, {"service": {"name": "Curative Services"}, "facility": {"code": 20337}}, {"service": {"name": "Laboratory Services"}, "facility": {"code": 20337}}, {"service": {"name": "Maternity Services"}, "facility": {"code": 20337}}, {"service": {"name": "Voluntary Male Circumcision"}, "facility": {"code": 20337}}, {"service": {"name": "PMTCT - ANC"}, "facility": {"code": 20337}}, {"service": {"name": "Diagnostic Counselling and Testing"}, "facility": {"code": 20337}}, {"service": {"name": "Voluntary Counselling and Testing"}, "facility": {"code": 20337}}, {"service": {"name": "Management of STIs"}, "facility": {"code": 20337}}, {"service": {"name": "Condom Promotion and Distribution"}, "facility": {"code": 20337}}, {"service": {"name": "Emergency Obstetric Care"}, "facility": {"code": 20336}}, {"service": {"name": "Surgical Services"}, "facility": {"code": 20336}}, {"service": {"name": "Maternity Services"}, "facility": {"code": 20336}}, {"service": {"name": "Curative Services"}, "facility": {"code": 20336}}, {"service": {"name": "Basic Immunization"}, "facility": {"code": 20336}}, {"service": {"name": "Focused Antenatal Care"}, "facility": {"code": 20336}}, {"service": {"name": "Short Term FP"}, "facility": {"code": 20336}}, {"service": {"name": "Post Exposure Prophylaxis"}, "facility": {"code": 20336}}, {"service": {"name": "PMTCT - Maternity"}, "facility": {"code": 20336}}, {"service": {"name": "PMTCT - ANC"}, "facility": {"code": 20336}}, {"service": {"name": "Management of STIs"}, "facility": {"code": 20336}}, {"service": {"name": "Condom Promotion and Distribution"}, "facility": {"code": 20336}}, {"service": {"name": "Emergency Obstetric Care"}, "facility": {"code": 20335}}, {"service": {"name": "Surgical Services"}, "facility": {"code": 20335}}, {"service": {"name": "Maternity Services"}, "facility": {"code": 20335}}, {"service": {"name": "Curative Services"}, "facility": {"code": 20335}}, {"service": {"name": "Focused Antenatal Care"}, "facility": {"code": 20335}}, {"service": {"name": "Long Term FP"}, "facility": {"code": 20335}}, {"service": {"name": "Short Term FP"}, "facility": {"code": 20335}}, {"service": {"name": "Post Exposure Prophylaxis"}, "facility": {"code": 20335}}, {"service": {"name": "PMTCT - Maternity"}, "facility": {"code": 20335}}, {"service": {"name": "PMTCT - ANC"}, "facility": {"code": 20335}}, {"service": {"name": "Diagnostic Counselling and Testing"}, "facility": {"code": 20335}}, {"service": {"name": "Provider Initiated Counselling and Testing"}, "facility": {"code": 20335}}, {"service": {"name": "Management of STIs"}, "facility": {"code": 20335}}, {"service": {"name": "Condom Promotion and Distribution"}, "facility": {"code": 20335}}, {"service": {"name": "Environmental Health Services"}, "facility": {"code": 14194}}, {"service": {"name": "Radiology Services"}, "facility": {"code": 14194}}, {"service": {"name": "Integrated Services"}, "facility": {"code": 14194}}, {"service": {"name": "Post Exposure Prophylaxis"}, "facility": {"code": 14194}}, {"service": {"name": "Early Infant Diagnosis"}, "facility": {"code": 14194}}, {"service": {"name": "Provider Initiated Counselling and Testing"}, "facility": {"code": 14194}}, {"service": {"name": "Diagnostic Counselling and Testing"}, "facility": {"code": 14194}}, {"service": {"name": "PMTCT - Maternity"}, "facility": {"code": 20333}}, {"service": {"name": "PMTCT - ANC"}, "facility": {"code": 20333}}, {"service": {"name": "Provider Initiated Counselling and Testing"}, "facility": {"code": 20333}}, {"service": {"name": "Diagnostic Counselling and Testing"}, "facility": {"code": 20333}}, {"service": {"name": "Voluntary Counselling and Testing"}, "facility": {"code": 20333}}, {"service": {"name": "Condom Promotion and Distribution"}, "facility": {"code": 20333}}, {"service": {"name": "Basic Immunization"}, "facility": {"code": 14937}}, {"service": {"name": "PMTCT - Maternity"}, "facility": {"code": 14937}}, {"service": {"name": "PMTCT - ANC"}, "facility": {"code": 14937}}, {"service": {"name": "Provider Initiated Counselling and Testing"}, "facility": {"code": 14937}}, {"service": {"name": "Management of STIs"}, "facility": {"code": 14937}}, {"service": {"name": "Condom Promotion and Distribution"}, "facility": {"code": 14937}}, {"service": {"name": "Management of STIs"}, "facility": {"code": 17328}}, {"service": {"name": "ENT Services"}, "facility": {"code": 20329}}, {"service": {"name": "Emergency Preparedness"}, "facility": {"code": 20329}}, {"service": {"name": "Dental Laboratory Services"}, "facility": {"code": 20329}}, {"service": {"name": "Oral Health Services (Dental Services)"}, "facility": {"code": 20329}}, {"service": {"name": "Emergency Obstetric Care"}, "facility": {"code": 20329}}, {"service": {"name": "Nutrition Services"}, "facility": {"code": 20329}}, {"service": {"name": "Basic Immunization"}, "facility": {"code": 20329}}, {"service": {"name": "Curative Services"}, "facility": {"code": 20329}}, {"service": {"name": "Focused Antenatal Care"}, "facility": {"code": 20329}}, {"service": {"name": "PMTCT - ANC"}, "facility": {"code": 20329}}, {"service": {"name": "Diagnostic Counselling and Testing"}, "facility": {"code": 20329}}, {"service": {"name": "Provider Initiated Counselling and Testing"}, "facility": {"code": 20329}}, {"service": {"name": "Management of STIs"}, "facility": {"code": 20329}}, {"service": {"name": "Condom Promotion and Distribution"}, "facility": {"code": 20329}}, {"service": {"name": "Emergency Preparedness"}, "facility": {"code": 20328}}, {"service": {"name": "ENT Services"}, "facility": {"code": 20328}}, {"service": {"name": "Dental Laboratory Services"}, "facility": {"code": 20328}}, {"service": {"name": "Oral Health Services (Dental Services)"}, "facility": {"code": 20328}}, {"service": {"name": "Emergency Obstetric Care"}, "facility": {"code": 20328}}, {"service": {"name": "Curative Services"}, "facility": {"code": 20328}}, {"service": {"name": "Basic Immunization"}, "facility": {"code": 20328}}, {"service": {"name": "Short Term FP"}, "facility": {"code": 20328}}, {"service": {"name": "PMTCT - ANC"}, "facility": {"code": 20328}}, {"service": {"name": "Diagnostic Counselling and Testing"}, "facility": {"code": 20328}}, {"service": {"name": "Provider Initiated Counselling and Testing"}, "facility": {"code": 20328}}, {"service": {"name": "Management of STIs"}, "facility": {"code": 20328}}, {"service": {"name": "Condom Promotion and Distribution"}, "facility": {"code": 20328}}, {"service": {"name": "Emergency Preparedness"}, "facility": {"code": 20327}}, {"service": {"name": "ENT Services"}, "facility": {"code": 20327}}, {"service": {"name": "Dental Laboratory Services"}, "facility": {"code": 20327}}, {"service": {"name": "Oral Health Services (Dental Services)"}, "facility": {"code": 20327}}, {"service": {"name": "Emergency Obstetric Care"}, "facility": {"code": 20327}}, {"service": {"name": "Curative Services"}, "facility": {"code": 20327}}, {"service": {"name": "Focused Antenatal Care"}, "facility": {"code": 20327}}, {"service": {"name": "Short Term FP"}, "facility": {"code": 20327}}, {"service": {"name": "PMTCT - ANC"}, "facility": {"code": 20327}}, {"service": {"name": "Provider Initiated Counselling and Testing"}, "facility": {"code": 20327}}, {"service": {"name": "Diagnostic Counselling and Testing"}, "facility": {"code": 20327}}, {"service": {"name": "Management of STIs"}, "facility": {"code": 20327}}, {"service": {"name": "Condom Promotion and Distribution"}, "facility": {"code": 20327}}, {"service": {"name": "Laboratory Services"}, "facility": {"code": 20326}}, {"service": {"name": "Surgical Services"}, "facility": {"code": 20326}}, {"service": {"name": "Curative Services"}, "facility": {"code": 20326}}, {"service": {"name": "Short Term FP"}, "facility": {"code": 20326}}, {"service": {"name": "Management of STIs"}, "facility": {"code": 20326}}, {"service": {"name": "Condom Promotion and Distribution"}, "facility": {"code": 20326}}, {"service": {"name": "Laboratory Services"}, "facility": {"code": 20325}}, {"service": {"name": "Surgical Services"}, "facility": {"code": 20325}}, {"service": {"name": "Curative Services"}, "facility": {"code": 20325}}, {"service": {"name": "Short Term FP"}, "facility": {"code": 20325}}, {"service": {"name": "Management of STIs"}, "facility": {"code": 20325}}, {"service": {"name": "Condom Promotion and Distribution"}, "facility": {"code": 20325}}, {"service": {"name": "Nutrition Services"}, "facility": {"code": 20324}}, {"service": {"name": "Maternity Services"}, "facility": {"code": 20324}}, {"service": {"name": "Curative Services"}, "facility": {"code": 20324}}, {"service": {"name": "Basic Immunization"}, "facility": {"code": 20324}}, {"service": {"name": "Focused Antenatal Care"}, "facility": {"code": 20324}}, {"service": {"name": "Short Term FP"}, "facility": {"code": 20324}}, {"service": {"name": "PMTCT - ANC"}, "facility": {"code": 20324}}, {"service": {"name": "Early Infant Diagnosis"}, "facility": {"code": 20324}}, {"service": {"name": "Diagnostic Counselling and Testing"}, "facility": {"code": 20324}}, {"service": {"name": "Provider Initiated Counselling and Testing"}, "facility": {"code": 20324}}, {"service": {"name": "Management of STIs"}, "facility": {"code": 20324}}, {"service": {"name": "Condom Promotion and Distribution"}, "facility": {"code": 20324}}, {"service": {"name": "Emergency Preparedness"}, "facility": {"code": 10707}}, {"service": {"name": "ENT Services"}, "facility": {"code": 10707}}, {"service": {"name": "Dental Laboratory Services"}, "facility": {"code": 10707}}, {"service": {"name": "Oral Health Services (Dental Services)"}, "facility": {"code": 10707}}, {"service": {"name": "Emergency Obstetric Care"}, "facility": {"code": 10707}}, {"service": {"name": "Services for Sexual Violence Survivors"}, "facility": {"code": 10707}}, {"service": {"name": "Mental Health Services"}, "facility": {"code": 10707}}, {"service": {"name": "Nutrition Services"}, "facility": {"code": 10707}}, {"service": {"name": "Integrated Management of Childhood Illnesses"}, "facility": {"code": 10707}}, {"service": {"name": "Laboratory Services"}, "facility": {"code": 10707}}, {"service": {"name": "Radiology Services"}, "facility": {"code": 10707}}, {"service": {"name": "Curative Services"}, "facility": {"code": 10707}}, {"service": {"name": "Mortuary Services"}, "facility": {"code": 10686}}, {"service": {"name": "Post Exposure Prophylaxis"}, "facility": {"code": 10044}}, {"service": {"name": "Early Infant Diagnosis"}, "facility": {"code": 10044}}, {"service": {"name": "Diagnostic Counselling and Testing"}, "facility": {"code": 10044}}, {"service": {"name": "Long Term FP"}, "facility": {"code": 10044}}, {"service": {"name": "Emergency Preparedness"}, "facility": {"code": 17047}}, {"service": {"name": "ENT Services"}, "facility": {"code": 17047}}, {"service": {"name": "Dental Laboratory Services"}, "facility": {"code": 17047}}, {"service": {"name": "Oral Health Services (Dental Services)"}, "facility": {"code": 17047}}, {"service": {"name": "Emergency Obstetric Care"}, "facility": {"code": 17047}}, {"service": {"name": "Environmental Health Services"}, "facility": {"code": 17047}}, {"service": {"name": "Curative Services"}, "facility": {"code": 17047}}, {"service": {"name": "Focused Antenatal Care"}, "facility": {"code": 17047}}, {"service": {"name": "Short Term FP"}, "facility": {"code": 17047}}, {"service": {"name": "PMTCT - ANC"}, "facility": {"code": 17047}}, {"service": {"name": "Provider Initiated Counselling and Testing"}, "facility": {"code": 17047}}, {"service": {"name": "Management of STIs"}, "facility": {"code": 17047}}, {"service": {"name": "Condom Promotion and Distribution"}, "facility": {"code": 17047}}, {"service": {"name": "Emergency Obstetric Care"}, "facility": {"code": 20322}}, {"service": {"name": "Integrated Management of Childhood Illnesses"}, "facility": {"code": 20322}}, {"service": {"name": "Maternity Services"}, "facility": {"code": 20322}}, {"service": {"name": "Curative Services"}, "facility": {"code": 20322}}, {"service": {"name": "Basic Immunization"}, "facility": {"code": 20322}}, {"service": {"name": "Short Term FP"}, "facility": {"code": 20322}}, {"service": {"name": "PMTCT - Maternity"}, "facility": {"code": 20322}}, {"service": {"name": "PMTCT - ANC"}, "facility": {"code": 20322}}, {"service": {"name": "Early Infant Diagnosis"}, "facility": {"code": 20322}}, {"service": {"name": "Diagnostic Counselling and Testing"}, "facility": {"code": 20322}}, {"service": {"name": "Provider Initiated Counselling and Testing"}, "facility": {"code": 20322}}, {"service": {"name": "Management of STIs"}, "facility": {"code": 20322}}, {"service": {"name": "Voluntary Counselling and Testing"}, "facility": {"code": 20322}}, {"service": {"name": "Condom Promotion and Distribution"}, "facility": {"code": 20322}}, {"service": {"name": "Emergency Preparedness"}, "facility": {"code": 20321}}, {"service": {"name": "ENT Services"}, "facility": {"code": 20321}}, {"service": {"name": "Dental Laboratory Services"}, "facility": {"code": 20321}}, {"service": {"name": "Oral Health Services (Dental Services)"}, "facility": {"code": 20321}}, {"service": {"name": "Emergency Obstetric Care"}, "facility": {"code": 20321}}, {"service": {"name": "Laboratory Services"}, "facility": {"code": 20321}}, {"service": {"name": "Radiology Services"}, "facility": {"code": 20321}}, {"service": {"name": "Maternity Services"}, "facility": {"code": 20321}}, {"service": {"name": "Curative Services"}, "facility": {"code": 20321}}, {"service": {"name": "Focused Antenatal Care"}, "facility": {"code": 20321}}, {"service": {"name": "Long Term FP"}, "facility": {"code": 20321}}, {"service": {"name": "Short Term FP"}, "facility": {"code": 20321}}, {"service": {"name": "Post Exposure Prophylaxis"}, "facility": {"code": 20321}}, {"service": {"name": "Voluntary Male Circumcision"}, "facility": {"code": 20321}}, {"service": {"name": "PMTCT - Maternity"}, "facility": {"code": 20321}}, {"service": {"name": "PMTCT - ANC"}, "facility": {"code": 20321}}, {"service": {"name": "Early Infant Diagnosis"}, "facility": {"code": 20321}}, {"service": {"name": "Diagnostic Counselling and Testing"}, "facility": {"code": 20321}}, {"service": {"name": "Provider Initiated Counselling and Testing"}, "facility": {"code": 20321}}, {"service": {"name": "Voluntary Counselling and Testing"}, "facility": {"code": 20321}}, {"service": {"name": "Management of STIs"}, "facility": {"code": 20321}}, {"service": {"name": "Emergency Preparedness"}, "facility": {"code": 20320}}, {"service": {"name": "Environmental Health Services"}, "facility": {"code": 20320}}, {"service": {"name": "Laboratory Services"}, "facility": {"code": 20320}}, {"service": {"name": "Surgical Services"}, "facility": {"code": 20320}}, {"service": {"name": "Curative Services"}, "facility": {"code": 20320}}, {"service": {"name": "Focused Antenatal Care"}, "facility": {"code": 20320}}, {"service": {"name": "Short Term FP"}, "facility": {"code": 20320}}, {"service": {"name": "Voluntary Male Circumcision"}, "facility": {"code": 20320}}, {"service": {"name": "PMTCT - Maternity"}, "facility": {"code": 20320}}, {"service": {"name": "Provider Initiated Counselling and Testing"}, "facility": {"code": 20320}}, {"service": {"name": "Voluntary Counselling and Testing"}, "facility": {"code": 20320}}, {"service": {"name": "Management of STIs"}, "facility": {"code": 20320}}, {"service": {"name": "ENT Services"}, "facility": {"code": 20319}}, {"service": {"name": "Emergency Obstetric Care"}, "facility": {"code": 20319}}, {"service": {"name": "Services for Sexual Violence Survivors"}, "facility": {"code": 20319}}, {"service": {"name": "Nutrition Services"}, "facility": {"code": 20319}}, {"service": {"name": "Integrated Management of Childhood Illnesses"}, "facility": {"code": 20319}}, {"service": {"name": "Laboratory Services"}, "facility": {"code": 20319}}, {"service": {"name": "Surgical Services"}, "facility": {"code": 20319}}, {"service": {"name": "Maternity Services"}, "facility": {"code": 20319}}, {"service": {"name": "Curative Services"}, "facility": {"code": 20319}}, {"service": {"name": "First Line Treatment"}, "facility": {"code": 20319}}, {"service": {"name": "Smear Microscopy"}, "facility": {"code": 20319}}, {"service": {"name": "Basic Immunization"}, "facility": {"code": 20319}}, {"service": {"name": "Focused Antenatal Care"}, "facility": {"code": 20319}}, {"service": {"name": "Integrated Services"}, "facility": {"code": 20319}}, {"service": {"name": "Long Term FP"}, "facility": {"code": 20319}}, {"service": {"name": "Short Term FP"}, "facility": {"code": 20319}}, {"service": {"name": "Home Based Care"}, "facility": {"code": 20319}}, {"service": {"name": "Post Exposure Prophylaxis"}, "facility": {"code": 20319}}, {"service": {"name": "Voluntary Male Circumcision"}, "facility": {"code": 20319}}, {"service": {"name": "PMTCT - Maternity"}, "facility": {"code": 20319}}, {"service": {"name": "PMTCT - ANC"}, "facility": {"code": 20319}}, {"service": {"name": "Early Infant Diagnosis"}, "facility": {"code": 20319}}, {"service": {"name": "Diagnostic Counselling and Testing"}, "facility": {"code": 20319}}, {"service": {"name": "Provider Initiated Counselling and Testing"}, "facility": {"code": 20319}}, {"service": {"name": "Voluntary Counselling and Testing"}, "facility": {"code": 20319}}, {"service": {"name": "Management of STIs"}, "facility": {"code": 20319}}, {"service": {"name": "Condom Promotion and Distribution"}, "facility": {"code": 20319}}, {"service": {"name": "Nutrition Services"}, "facility": {"code": 12085}}, {"service": {"name": "Maternity Services"}, "facility": {"code": 12085}}, {"service": {"name": "Long Term FP"}, "facility": {"code": 12085}}, {"service": {"name": "PMTCT - Maternity"}, "facility": {"code": 12085}}, {"service": {"name": "PMTCT - ANC"}, "facility": {"code": 12085}}, {"service": {"name": "Early Infant Diagnosis"}, "facility": {"code": 12085}}, {"service": {"name": "Nutrition Services"}, "facility": {"code": 12677}}, {"service": {"name": "Laboratory Services"}, "facility": {"code": 12677}}, {"service": {"name": "Maternity Services"}, "facility": {"code": 12677}}, {"service": {"name": "Focused Antenatal Care"}, "facility": {"code": 12677}}, {"service": {"name": "Adult Antiretroviral Therapy"}, "facility": {"code": 12677}}, {"service": {"name": "Paediatric Antiretroviral Therapy"}, "facility": {"code": 12677}}, {"service": {"name": "Post Exposure Prophylaxis"}, "facility": {"code": 12677}}, {"service": {"name": "PMTCT - Maternity"}, "facility": {"code": 12677}}, {"service": {"name": "Early Infant Diagnosis"}, "facility": {"code": 12677}}, {"service": {"name": "Nutrition Services"}, "facility": {"code": 18514}}, {"service": {"name": "Maternity Services"}, "facility": {"code": 18514}}, {"service": {"name": "Focused Antenatal Care"}, "facility": {"code": 18514}}, {"service": {"name": "PMTCT - Maternity"}, "facility": {"code": 18514}}, {"service": {"name": "PMTCT - ANC"}, "facility": {"code": 18514}}, {"service": {"name": "Nutrition Services"}, "facility": {"code": 12344}}, {"service": {"name": "Maternity Services"}, "facility": {"code": 12344}}, {"service": {"name": "Basic Immunization"}, "facility": {"code": 12344}}, {"service": {"name": "PMTCT - Maternity"}, "facility": {"code": 12344}}, {"service": {"name": "Early Infant Diagnosis"}, "facility": {"code": 12344}}, {"service": {"name": "Nutrition Services"}, "facility": {"code": 18507}}, {"service": {"name": "Basic Immunization"}, "facility": {"code": 18507}}, {"service": {"name": "Focused Antenatal Care"}, "facility": {"code": 18507}}, {"service": {"name": "Long Term FP"}, "facility": {"code": 18507}}, {"service": {"name": "Short Term FP"}, "facility": {"code": 18507}}, {"service": {"name": "PMTCT - Maternity"}, "facility": {"code": 18507}}, {"service": {"name": "PMTCT - ANC"}, "facility": {"code": 18507}}, {"service": {"name": "Adult Antiretroviral Therapy"}, "facility": {"code": 18610}}, {"service": {"name": "Paediatric Antiretroviral Therapy"}, "facility": {"code": 18610}}, {"service": {"name": "Post Exposure Prophylaxis"}, "facility": {"code": 18610}}, {"service": {"name": "PMTCT - Maternity"}, "facility": {"code": 18610}}, {"service": {"name": "Voluntary Male Circumcision"}, "facility": {"code": 18610}}, {"service": {"name": "Nutrition Services"}, "facility": {"code": 12184}}, {"service": {"name": "Laboratory Services"}, "facility": {"code": 12184}}, {"service": {"name": "Maternity Services"}, "facility": {"code": 12184}}, {"service": {"name": "Curative Services"}, "facility": {"code": 12184}}, {"service": {"name": "Smear Microscopy"}, "facility": {"code": 12184}}, {"service": {"name": "Adult Antiretroviral Therapy"}, "facility": {"code": 12184}}, {"service": {"name": "Paediatric Antiretroviral Therapy"}, "facility": {"code": 12184}}, {"service": {"name": "Post Exposure Prophylaxis"}, "facility": {"code": 12184}}, {"service": {"name": "PMTCT - Maternity"}, "facility": {"code": 12184}}, {"service": {"name": "Emergency Obstetric Care"}, "facility": {"code": 20314}}, {"service": {"name": "Laboratory Services"}, "facility": {"code": 20314}}, {"service": {"name": "Curative Services"}, "facility": {"code": 20314}}, {"service": {"name": "Basic Immunization"}, "facility": {"code": 20314}}, {"service": {"name": "Focused Antenatal Care"}, "facility": {"code": 20314}}, {"service": {"name": "Short Term FP"}, "facility": {"code": 20314}}, {"service": {"name": "Voluntary Counselling and Testing"}, "facility": {"code": 20314}}, {"service": {"name": "Condom Promotion and Distribution"}, "facility": {"code": 20314}}, {"service": {"name": "Emergency Obstetric Care"}, "facility": {"code": 18997}}, {"service": {"name": "Integrated Management of Childhood Illnesses"}, "facility": {"code": 18997}}, {"service": {"name": "Laboratory Services"}, "facility": {"code": 18997}}, {"service": {"name": "Maternity Services"}, "facility": {"code": 18997}}, {"service": {"name": "Curative Services"}, "facility": {"code": 18997}}, {"service": {"name": "Focused Antenatal Care"}, "facility": {"code": 18997}}, {"service": {"name": "Short Term FP"}, "facility": {"code": 18997}}, {"service": {"name": "PMTCT - Maternity"}, "facility": {"code": 18997}}, {"service": {"name": "PMTCT - ANC"}, "facility": {"code": 18997}}, {"service": {"name": "Management of STIs"}, "facility": {"code": 18997}}, {"service": {"name": "Condom Promotion and Distribution"}, "facility": {"code": 18997}}, {"service": {"name": "Immunization with additional vaccines"}, "facility": {"code": 14699}}, {"service": {"name": "Basic Immunization"}, "facility": {"code": 14699}}, {"service": {"name": "Short Term FP"}, "facility": {"code": 14699}}, {"service": {"name": "Post Exposure Prophylaxis"}, "facility": {"code": 14699}}, {"service": {"name": "Voluntary Male Circumcision"}, "facility": {"code": 14699}}, {"service": {"name": "PMTCT - Maternity"}, "facility": {"code": 14699}}, {"service": {"name": "PMTCT - ANC"}, "facility": {"code": 14699}}, {"service": {"name": "Voluntary Counselling and Testing"}, "facility": {"code": 14699}}, {"service": {"name": "Management of STIs"}, "facility": {"code": 14699}}, {"service": {"name": "Emergency Obstetric Care"}, "facility": {"code": 14699}}, {"service": {"name": "Environmental Health Services"}, "facility": {"code": 14699}}, {"service": {"name": "Nutrition Services"}, "facility": {"code": 14699}}, {"service": {"name": "Integrated Management of Childhood Illnesses"}, "facility": {"code": 14699}}, {"service": {"name": "Ambulance Sevices"}, "facility": {"code": 14699}}, {"service": {"name": "Maternity Services"}, "facility": {"code": 14699}}, {"service": {"name": "Curative Services"}, "facility": {"code": 14699}}, {"service": {"name": "Emergency Preparedness"}, "facility": {"code": 20313}}, {"service": {"name": "Emergency Obstetric Care"}, "facility": {"code": 20313}}, {"service": {"name": "Integrated Management of Childhood Illnesses"}, "facility": {"code": 20313}}, {"service": {"name": "Laboratory Services"}, "facility": {"code": 20313}}, {"service": {"name": "Maternity Services"}, "facility": {"code": 20313}}, {"service": {"name": "Curative Services"}, "facility": {"code": 20313}}, {"service": {"name": "Focused Antenatal Care"}, "facility": {"code": 20313}}, {"service": {"name": "Long Term FP"}, "facility": {"code": 20313}}, {"service": {"name": "Short Term FP"}, "facility": {"code": 20313}}, {"service": {"name": "PMTCT - Maternity"}, "facility": {"code": 20313}}, {"service": {"name": "PMTCT - ANC"}, "facility": {"code": 20313}}, {"service": {"name": "Provider Initiated Counselling and Testing"}, "facility": {"code": 20313}}, {"service": {"name": "Voluntary Counselling and Testing"}, "facility": {"code": 20313}}, {"service": {"name": "Management of STIs"}, "facility": {"code": 20313}}, {"service": {"name": "Focused Antenatal Care"}, "facility": {"code": 18516}}, {"service": {"name": "Early Infant Diagnosis"}, "facility": {"code": 18516}}, {"service": {"name": "Environmental Health Services"}, "facility": {"code": 12008}}, {"service": {"name": "PMTCT - Maternity"}, "facility": {"code": 18516}}, {"service": {"name": "Emergency Preparedness"}, "facility": {"code": 16997}}, {"service": {"name": "Integrated Management of Childhood Illnesses"}, "facility": {"code": 16997}}, {"service": {"name": "Laboratory Services"}, "facility": {"code": 16997}}, {"service": {"name": "Basic Immunization"}, "facility": {"code": 16997}}, {"service": {"name": "Focused Antenatal Care"}, "facility": {"code": 16997}}, {"service": {"name": "Nutrition Services"}, "facility": {"code": 12853}}, {"service": {"name": "PMTCT - Maternity"}, "facility": {"code": 16997}}, {"service": {"name": "Early Infant Diagnosis"}, "facility": {"code": 16997}}, {"service": {"name": "Diagnostic Counselling and Testing"}, "facility": {"code": 16997}}, {"service": {"name": "Integrated Management of Childhood Illnesses"}, "facility": {"code": 12853}}, {"service": {"name": "Voluntary Counselling and Testing"}, "facility": {"code": 16997}}, {"service": {"name": "Ambulance Sevices"}, "facility": {"code": 12853}}, {"service": {"name": "Laboratory Services"}, "facility": {"code": 12853}}, {"service": {"name": "Maternity Services"}, "facility": {"code": 12853}}, {"service": {"name": "Curative Services"}, "facility": {"code": 12853}}, {"service": {"name": "MDRTB Treatment"}, "facility": {"code": 12853}}, {"service": {"name": "Smear Microscopy"}, "facility": {"code": 12853}}, {"service": {"name": "Post Exposure Prophylaxis"}, "facility": {"code": 12853}}, {"service": {"name": "Emergency Obstetric Care"}, "facility": {"code": 12860}}, {"service": {"name": "Environmental Health Services"}, "facility": {"code": 12860}}, {"service": {"name": "MDRTB Treatment"}, "facility": {"code": 12860}}, {"service": {"name": "First Line Treatment"}, "facility": {"code": 12860}}, {"service": {"name": "Smear Microscopy"}, "facility": {"code": 12860}}, {"service": {"name": "Adult Antiretroviral Therapy"}, "facility": {"code": 12860}}, {"service": {"name": "Paediatric Antiretroviral Therapy"}, "facility": {"code": 12860}}, {"service": {"name": "Post Exposure Prophylaxis"}, "facility": {"code": 12860}}, {"service": {"name": "Early Infant Diagnosis"}, "facility": {"code": 12860}}, {"service": {"name": "Diagnostic Counselling and Testing"}, "facility": {"code": 12860}}, {"service": {"name": "Voluntary Counselling and Testing"}, "facility": {"code": 12860}}, {"service": {"name": "Emergency Preparedness"}, "facility": {"code": 18686}}, {"service": {"name": "Emergency Obstetric Care"}, "facility": {"code": 18686}}, {"service": {"name": "Integrated Management of Childhood Illnesses"}, "facility": {"code": 18686}}, {"service": {"name": "Basic Immunization"}, "facility": {"code": 18686}}, {"service": {"name": "Focused Antenatal Care"}, "facility": {"code": 18686}}, {"service": {"name": "PMTCT - Maternity"}, "facility": {"code": 18686}}, {"service": {"name": "Emergency Obstetric Care"}, "facility": {"code": 12628}}, {"service": {"name": "Environmental Health Services"}, "facility": {"code": 12628}}, {"service": {"name": "Maternity Services"}, "facility": {"code": 12628}}, {"service": {"name": "Smear Microscopy"}, "facility": {"code": 12628}}, {"service": {"name": "Long Term FP"}, "facility": {"code": 12628}}, {"service": {"name": "Adult Antiretroviral Therapy"}, "facility": {"code": 12628}}, {"service": {"name": "Paediatric Antiretroviral Therapy"}, "facility": {"code": 12628}}, {"service": {"name": "Post Exposure Prophylaxis"}, "facility": {"code": 12628}}, {"service": {"name": "Early Infant Diagnosis"}, "facility": {"code": 12628}}, {"service": {"name": "Diagnostic Counselling and Testing"}, "facility": {"code": 12628}}, {"service": {"name": "Voluntary Counselling and Testing"}, "facility": {"code": 12628}}, {"service": {"name": "PMTCT - Maternity"}, "facility": {"code": 12628}}, {"service": {"name": "Emergency Obstetric Care"}, "facility": {"code": 12601}}, {"service": {"name": "Nutrition Services"}, "facility": {"code": 12601}}, {"service": {"name": "Basic Immunization"}, "facility": {"code": 12601}}, {"service": {"name": "Emergency Preparedness"}, "facility": {"code": 12599}}, {"service": {"name": "Emergency Obstetric Care"}, "facility": {"code": 12599}}, {"service": {"name": "Nutrition Services"}, "facility": {"code": 12599}}, {"service": {"name": "Integrated Management of Childhood Illnesses"}, "facility": {"code": 12599}}, {"service": {"name": "Laboratory Services"}, "facility": {"code": 12599}}, {"service": {"name": "First Line Treatment"}, "facility": {"code": 12599}}, {"service": {"name": "Smear Microscopy"}, "facility": {"code": 12599}}, {"service": {"name": "Adult Antiretroviral Therapy"}, "facility": {"code": 12599}}, {"service": {"name": "Paediatric Antiretroviral Therapy"}, "facility": {"code": 12599}}, {"service": {"name": "Post Exposure Prophylaxis"}, "facility": {"code": 12599}}, {"service": {"name": "PMTCT - Maternity"}, "facility": {"code": 12599}}, {"service": {"name": "Early Infant Diagnosis"}, "facility": {"code": 12599}}, {"service": {"name": "Diagnostic Counselling and Testing"}, "facility": {"code": 12599}}, {"service": {"name": "Voluntary Counselling and Testing"}, "facility": {"code": 12599}}, {"service": {"name": "Emergency Obstetric Care"}, "facility": {"code": 18673}}, {"service": {"name": "Integrated Management of Childhood Illnesses"}, "facility": {"code": 18673}}, {"service": {"name": "Maternity Services"}, "facility": {"code": 18673}}, {"service": {"name": "Basic Immunization"}, "facility": {"code": 18673}}, {"service": {"name": "Focused Antenatal Care"}, "facility": {"code": 18673}}, {"service": {"name": "PMTCT - Maternity"}, "facility": {"code": 18673}}, {"service": {"name": "PMTCT - ANC"}, "facility": {"code": 18673}}, {"service": {"name": "Diagnostic Counselling and Testing"}, "facility": {"code": 18673}}, {"service": {"name": "Long Term FP"}, "facility": {"code": 12577}}, {"service": {"name": "Emergency Obstetric Care"}, "facility": {"code": 12459}}, {"service": {"name": "Environmental Health Services"}, "facility": {"code": 12459}}, {"service": {"name": "Integrated Management of Childhood Illnesses"}, "facility": {"code": 12459}}, {"service": {"name": "Maternity Services"}, "facility": {"code": 12459}}, {"service": {"name": "Long Term FP"}, "facility": {"code": 12459}}, {"service": {"name": "Adult Antiretroviral Therapy"}, "facility": {"code": 12459}}, {"service": {"name": "Paediatric Antiretroviral Therapy"}, "facility": {"code": 12459}}, {"service": {"name": "Post Exposure Prophylaxis"}, "facility": {"code": 12459}}, {"service": {"name": "PMTCT - Maternity"}, "facility": {"code": 12459}}, {"service": {"name": "Early Infant Diagnosis"}, "facility": {"code": 12459}}, {"service": {"name": "Diagnostic Counselling and Testing"}, "facility": {"code": 12459}}, {"service": {"name": "Voluntary Counselling and Testing"}, "facility": {"code": 12459}}, {"service": {"name": "Maternity Services"}, "facility": {"code": 12403}}, {"service": {"name": "Adult Antiretroviral Therapy"}, "facility": {"code": 12403}}, {"service": {"name": "Paediatric Antiretroviral Therapy"}, "facility": {"code": 12403}}, {"service": {"name": "Post Exposure Prophylaxis"}, "facility": {"code": 12403}}, {"service": {"name": "PMTCT - Maternity"}, "facility": {"code": 12403}}, {"service": {"name": "Early Infant Diagnosis"}, "facility": {"code": 12403}}, {"service": {"name": "Diagnostic Counselling and Testing"}, "facility": {"code": 12403}}, {"service": {"name": "Voluntary Counselling and Testing"}, "facility": {"code": 12403}}, {"service": {"name": "Emergency Obstetric Care"}, "facility": {"code": 12151}}, {"service": {"name": "Nutrition Services"}, "facility": {"code": 12151}}, {"service": {"name": "Integrated Management of Childhood Illnesses"}, "facility": {"code": 12151}}, {"service": {"name": "Maternity Services"}, "facility": {"code": 12151}}, {"service": {"name": "Focused Antenatal Care"}, "facility": {"code": 12151}}, {"service": {"name": "Adult Antiretroviral Therapy"}, "facility": {"code": 12151}}, {"service": {"name": "Paediatric Antiretroviral Therapy"}, "facility": {"code": 12151}}, {"service": {"name": "Post Exposure Prophylaxis"}, "facility": {"code": 12151}}, {"service": {"name": "PMTCT - Maternity"}, "facility": {"code": 12151}}, {"service": {"name": "PMTCT - ANC"}, "facility": {"code": 12151}}, {"service": {"name": "Early Infant Diagnosis"}, "facility": {"code": 12151}}, {"service": {"name": "Voluntary Counselling and Testing"}, "facility": {"code": 12151}}, {"service": {"name": "Condom Promotion and Distribution"}, "facility": {"code": 12151}}, {"service": {"name": "Emergency Obstetric Care"}, "facility": {"code": 12091}}, {"service": {"name": "Nutrition Services"}, "facility": {"code": 12091}}, {"service": {"name": "Integrated Management of Childhood Illnesses"}, "facility": {"code": 12091}}, {"service": {"name": "Laboratory Services"}, "facility": {"code": 12091}}, {"service": {"name": "Maternity Services"}, "facility": {"code": 12091}}, {"service": {"name": "First Line Treatment"}, "facility": {"code": 12091}}, {"service": {"name": "Smear Microscopy"}, "facility": {"code": 12091}}, {"service": {"name": "Long Term FP"}, "facility": {"code": 12091}}, {"service": {"name": "Adult Antiretroviral Therapy"}, "facility": {"code": 12091}}, {"service": {"name": "Paediatric Antiretroviral Therapy"}, "facility": {"code": 12091}}, {"service": {"name": "Post Exposure Prophylaxis"}, "facility": {"code": 12091}}, {"service": {"name": "PMTCT - Maternity"}, "facility": {"code": 12091}}, {"service": {"name": "Early Infant Diagnosis"}, "facility": {"code": 12091}}, {"service": {"name": "Voluntary Counselling and Testing"}, "facility": {"code": 12091}}, {"service": {"name": "Curative Services"}, "facility": {"code": 20306}}, {"service": {"name": "Emergency Obstetric Care"}, "facility": {"code": 12008}}, {"service": {"name": "Nutrition Services"}, "facility": {"code": 12008}}, {"service": {"name": "Integrated Management of Childhood Illnesses"}, "facility": {"code": 12008}}, {"service": {"name": "Maternity Services"}, "facility": {"code": 12008}}, {"service": {"name": "Short Term FP"}, "facility": {"code": 12008}}, {"service": {"name": "Adult Antiretroviral Therapy"}, "facility": {"code": 12008}}, {"service": {"name": "Paediatric Antiretroviral Therapy"}, "facility": {"code": 12008}}, {"service": {"name": "Post Exposure Prophylaxis"}, "facility": {"code": 12008}}, {"service": {"name": "PMTCT - Maternity"}, "facility": {"code": 12008}}, {"service": {"name": "Condom Promotion and Distribution"}, "facility": {"code": 12008}}, {"service": {"name": "Early Infant Diagnosis"}, "facility": {"code": 12008}}, {"service": {"name": "Diagnostic Counselling and Testing"}, "facility": {"code": 12008}}, {"service": {"name": "Management of STIs"}, "facility": {"code": 12008}}, {"service": {"name": "Emergency Obstetric Care"}, "facility": {"code": 20305}}, {"service": {"name": "Laboratory Services"}, "facility": {"code": 20305}}, {"service": {"name": "Curative Services"}, "facility": {"code": 20305}}, {"service": {"name": "Focused Antenatal Care"}, "facility": {"code": 20305}}, {"service": {"name": "Short Term FP"}, "facility": {"code": 20305}}, {"service": {"name": "Environmental Health Services"}, "facility": {"code": 20303}}, {"service": {"name": "Curative Services"}, "facility": {"code": 20303}}, {"service": {"name": "Short Term FP"}, "facility": {"code": 20303}}, {"service": {"name": "Voluntary Counselling and Testing"}, "facility": {"code": 20303}}, {"service": {"name": "Management of STIs"}, "facility": {"code": 20303}}, {"service": {"name": "Condom Promotion and Distribution"}, "facility": {"code": 20303}}, {"service": {"name": "Provider Initiated Counselling and Testing"}, "facility": {"code": 20302}}, {"service": {"name": "Short Term FP"}, "facility": {"code": 20302}}, {"service": {"name": "Curative Services"}, "facility": {"code": 20302}}, {"service": {"name": "Condom Promotion and Distribution"}, "facility": {"code": 20302}}, {"service": {"name": "Emergency Obstetric Care"}, "facility": {"code": 20301}}, {"service": {"name": "Laboratory Services"}, "facility": {"code": 20301}}, {"service": {"name": "Maternity Services"}, "facility": {"code": 20301}}, {"service": {"name": "Curative Services"}, "facility": {"code": 20301}}, {"service": {"name": "Basic Immunization"}, "facility": {"code": 20301}}, {"service": {"name": "Short Term FP"}, "facility": {"code": 20301}}, {"service": {"name": "PMTCT - ANC"}, "facility": {"code": 20301}}, {"service": {"name": "Diagnostic Counselling and Testing"}, "facility": {"code": 20301}}, {"service": {"name": "Provider Initiated Counselling and Testing"}, "facility": {"code": 20301}}, {"service": {"name": "Management of STIs"}, "facility": {"code": 20301}}, {"service": {"name": "Condom Promotion and Distribution"}, "facility": {"code": 20301}}, {"service": {"name": "Oral Health Services (Dental Services)"}, "facility": {"code": 20300}}, {"service": {"name": "Emergency Obstetric Care"}, "facility": {"code": 20300}}, {"service": {"name": "Surgical Services"}, "facility": {"code": 20300}}, {"service": {"name": "Maternity Services"}, "facility": {"code": 20300}}, {"service": {"name": "Curative Services"}, "facility": {"code": 20300}}, {"service": {"name": "Basic Immunization"}, "facility": {"code": 20300}}, {"service": {"name": "Focused Antenatal Care"}, "facility": {"code": 20300}}, {"service": {"name": "Long Term FP"}, "facility": {"code": 20300}}, {"service": {"name": "Short Term FP"}, "facility": {"code": 20300}}, {"service": {"name": "PMTCT - Maternity"}, "facility": {"code": 20300}}, {"service": {"name": "PMTCT - ANC"}, "facility": {"code": 20300}}, {"service": {"name": "Diagnostic Counselling and Testing"}, "facility": {"code": 20300}}, {"service": {"name": "Provider Initiated Counselling and Testing"}, "facility": {"code": 20300}}, {"service": {"name": "Voluntary Counselling and Testing"}, "facility": {"code": 20300}}, {"service": {"name": "Management of STIs"}, "facility": {"code": 20300}}, {"service": {"name": "Condom Promotion and Distribution"}, "facility": {"code": 20300}}, {"service": {"name": "Emergency Obstetric Care"}, "facility": {"code": 20042}}, {"service": {"name": "Nutrition Services"}, "facility": {"code": 20042}}, {"service": {"name": "Integrated Management of Childhood Illnesses"}, "facility": {"code": 20042}}, {"service": {"name": "Maternity Services"}, "facility": {"code": 20042}}, {"service": {"name": "Environmental Health Services"}, "facility": {"code": 12479}}, {"service": {"name": "Services for Sexual Violence Survivors"}, "facility": {"code": 12479}}, {"service": {"name": "Opthalmic Services"}, "facility": {"code": 12479}}, {"service": {"name": "Nutrition Services"}, "facility": {"code": 12479}}, {"service": {"name": "Integrated Management of Childhood Illnesses"}, "facility": {"code": 12479}}, {"service": {"name": "Laboratory Services"}, "facility": {"code": 12479}}, {"service": {"name": "Maternity Services"}, "facility": {"code": 12479}}, {"service": {"name": "Curative Services"}, "facility": {"code": 12479}}, {"service": {"name": "Laboratory Services"}, "facility": {"code": 12178}}, {"service": {"name": "Integrated Services"}, "facility": {"code": 18083}}, {"service": {"name": "Long Term FP"}, "facility": {"code": 18083}}, {"service": {"name": "Short Term FP"}, "facility": {"code": 18083}}, {"service": {"name": "PMTCT - ANC"}, "facility": {"code": 18083}}, {"service": {"name": "Management of STIs"}, "facility": {"code": 18083}}, {"service": {"name": "Nutrition Services"}, "facility": {"code": 16995}}, {"service": {"name": "Laboratory Services"}, "facility": {"code": 16995}}, {"service": {"name": "Maternity Services"}, "facility": {"code": 16995}}, {"service": {"name": "First Line Treatment"}, "facility": {"code": 16995}}, {"service": {"name": "Immunization with additional vaccines"}, "facility": {"code": 16995}}, {"service": {"name": "Basic Immunization"}, "facility": {"code": 16995}}, {"service": {"name": "Adult Antiretroviral Therapy"}, "facility": {"code": 16995}}, {"service": {"name": "Early Infant Diagnosis"}, "facility": {"code": 16995}}, {"service": {"name": "PMTCT - Maternity"}, "facility": {"code": 16995}}, {"service": {"name": "Condom Promotion and Distribution"}, "facility": {"code": 16995}}, {"service": {"name": "Integrated Management of Childhood Illnesses"}, "facility": {"code": 12406}}, {"service": {"name": "Immunization with additional vaccines"}, "facility": {"code": 12406}}, {"service": {"name": "Basic Immunization"}, "facility": {"code": 12406}}, {"service": {"name": "Integrated Services"}, "facility": {"code": 12406}}, {"service": {"name": "Integrated Management of Childhood Illnesses"}, "facility": {"code": 12846}}, {"service": {"name": "Integrated Services"}, "facility": {"code": 12846}}, {"service": {"name": "Long Term FP"}, "facility": {"code": 12846}}, {"service": {"name": "MDRTB Treatment"}, "facility": {"code": 16991}}, {"service": {"name": "Integrated Services"}, "facility": {"code": 16991}}, {"service": {"name": "Basic Immunization"}, "facility": {"code": 12259}}, {"service": {"name": "Focused Antenatal Care"}, "facility": {"code": 12259}}, {"service": {"name": "Integrated Services"}, "facility": {"code": 12259}}, {"service": {"name": "Long Term FP"}, "facility": {"code": 12259}}, {"service": {"name": "PMTCT - ANC"}, "facility": {"code": 12259}}, {"service": {"name": "Focused Antenatal Care"}, "facility": {"code": 12260}}, {"service": {"name": "Integrated Services"}, "facility": {"code": 12260}}, {"service": {"name": "Management of STIs"}, "facility": {"code": 12260}}, {"service": {"name": "Emergency Preparedness"}, "facility": {"code": 12460}}, {"service": {"name": "First Line Treatment"}, "facility": {"code": 12460}}, {"service": {"name": "Immunization with additional vaccines"}, "facility": {"code": 12460}}, {"service": {"name": "Basic Immunization"}, "facility": {"code": 12460}}, {"service": {"name": "Integrated Services"}, "facility": {"code": 12460}}, {"service": {"name": "Focused Antenatal Care"}, "facility": {"code": 12171}}, {"service": {"name": "Integrated Services"}, "facility": {"code": 12171}}, {"service": {"name": "Long Term FP"}, "facility": {"code": 12171}}, {"service": {"name": "Integrated Management of Childhood Illnesses"}, "facility": {"code": 12152}}, {"service": {"name": "Basic Immunization"}, "facility": {"code": 12152}}, {"service": {"name": "Integrated Services"}, "facility": {"code": 12152}}, {"service": {"name": "Long Term FP"}, "facility": {"code": 12152}}, {"service": {"name": "PMTCT - ANC"}, "facility": {"code": 12152}}, {"service": {"name": "Nutrition Services"}, "facility": {"code": 12262}}, {"service": {"name": "Integrated Management of Childhood Illnesses"}, "facility": {"code": 12262}}, {"service": {"name": "Laboratory Services"}, "facility": {"code": 12262}}, {"service": {"name": "Maternity Services"}, "facility": {"code": 12262}}, {"service": {"name": "First Line Treatment"}, "facility": {"code": 12262}}, {"service": {"name": "Immunization with additional vaccines"}, "facility": {"code": 12262}}, {"service": {"name": "Integrated Services"}, "facility": {"code": 12262}}, {"service": {"name": "Adult Antiretroviral Therapy"}, "facility": {"code": 12262}}, {"service": {"name": "Paediatric Antiretroviral Therapy"}, "facility": {"code": 12262}}, {"service": {"name": "PMTCT - Maternity"}, "facility": {"code": 12262}}, {"service": {"name": "Early Infant Diagnosis"}, "facility": {"code": 12262}}, {"service": {"name": "Curative Services"}, "facility": {"code": 19147}}, {"service": {"name": "Focused Antenatal Care"}, "facility": {"code": 19147}}, {"service": {"name": "Integrated Services"}, "facility": {"code": 19147}}, {"service": {"name": "Long Term FP"}, "facility": {"code": 19147}}, {"service": {"name": "PMTCT - ANC"}, "facility": {"code": 19147}}, {"service": {"name": "Focused Antenatal Care"}, "facility": {"code": 19148}}, {"service": {"name": "Integrated Services"}, "facility": {"code": 19148}}, {"service": {"name": "PMTCT - ANC"}, "facility": {"code": 19148}}, {"service": {"name": "Integrated Services"}, "facility": {"code": 12851}}, {"service": {"name": "Long Term FP"}, "facility": {"code": 12851}}, {"service": {"name": "Curative Services"}, "facility": {"code": 19145}}, {"service": {"name": "Integrated Services"}, "facility": {"code": 19145}}, {"service": {"name": "PMTCT - ANC"}, "facility": {"code": 19145}}, {"service": {"name": "Integrated Services"}, "facility": {"code": 12405}}, {"service": {"name": "Immunization with additional vaccines"}, "facility": {"code": 12139}}, {"service": {"name": "Basic Immunization"}, "facility": {"code": 12139}}, {"service": {"name": "Focused Antenatal Care"}, "facility": {"code": 12139}}, {"service": {"name": "Long Term FP"}, "facility": {"code": 12139}}, {"service": {"name": "Integrated Services"}, "facility": {"code": 12139}}, {"service": {"name": "Integrated Management of Childhood Illnesses"}, "facility": {"code": 12098}}, {"service": {"name": "Immunization with additional vaccines"}, "facility": {"code": 12098}}, {"service": {"name": "Basic Immunization"}, "facility": {"code": 12098}}, {"service": {"name": "Integrated Services"}, "facility": {"code": 12098}}, {"service": {"name": "Long Term FP"}, "facility": {"code": 12098}}, {"service": {"name": "Short Term FP"}, "facility": {"code": 12098}}, {"service": {"name": "Integrated Management of Childhood Illnesses"}, "facility": {"code": 20298}}, {"service": {"name": "Laboratory Services"}, "facility": {"code": 20298}}, {"service": {"name": "Curative Services"}, "facility": {"code": 20298}}, {"service": {"name": "Focused Antenatal Care"}, "facility": {"code": 20298}}, {"service": {"name": "Short Term FP"}, "facility": {"code": 20298}}, {"service": {"name": "Management of STIs"}, "facility": {"code": 20298}}, {"service": {"name": "Laboratory Services"}, "facility": {"code": 20297}}, {"service": {"name": "Curative Services"}, "facility": {"code": 20297}}, {"service": {"name": "Provider Initiated Counselling and Testing"}, "facility": {"code": 20297}}, {"service": {"name": "Management of STIs"}, "facility": {"code": 20297}}, {"service": {"name": "Condom Promotion and Distribution"}, "facility": {"code": 20297}}, {"service": {"name": "Emergency Obstetric Care"}, "facility": {"code": 20296}}, {"service": {"name": "Laboratory Services"}, "facility": {"code": 20296}}, {"service": {"name": "Curative Services"}, "facility": {"code": 20296}}, {"service": {"name": "Basic Immunization"}, "facility": {"code": 20296}}, {"service": {"name": "Focused Antenatal Care"}, "facility": {"code": 20296}}, {"service": {"name": "Short Term FP"}, "facility": {"code": 20296}}, {"service": {"name": "Post Exposure Prophylaxis"}, "facility": {"code": 20296}}, {"service": {"name": "PMTCT - ANC"}, "facility": {"code": 20296}}, {"service": {"name": "Provider Initiated Counselling and Testing"}, "facility": {"code": 20296}}, {"service": {"name": "Management of STIs"}, "facility": {"code": 20296}}, {"service": {"name": "Condom Promotion and Distribution"}, "facility": {"code": 20296}}, {"service": {"name": "Emergency Preparedness"}, "facility": {"code": 20295}}, {"service": {"name": "ENT Services"}, "facility": {"code": 20295}}, {"service": {"name": "Oral Health Services (Dental Services)"}, "facility": {"code": 20295}}, {"service": {"name": "Emergency Obstetric Care"}, "facility": {"code": 20295}}, {"service": {"name": "Rehabilitative Health Services - Physiotherapy"}, "facility": {"code": 20295}}, {"service": {"name": "Laboratory Services"}, "facility": {"code": 20295}}, {"service": {"name": "Maternity Services"}, "facility": {"code": 20295}}, {"service": {"name": "Curative Services"}, "facility": {"code": 20295}}, {"service": {"name": "Facility Based Blood Transfusion Service"}, "facility": {"code": 20295}}, {"service": {"name": "Basic Immunization"}, "facility": {"code": 20295}}, {"service": {"name": "Focused Antenatal Care"}, "facility": {"code": 20295}}, {"service": {"name": "Permanent FP"}, "facility": {"code": 20295}}, {"service": {"name": "Long Term FP"}, "facility": {"code": 20295}}, {"service": {"name": "Short Term FP"}, "facility": {"code": 20295}}, {"service": {"name": "PMTCT - Maternity"}, "facility": {"code": 20295}}, {"service": {"name": "PMTCT - ANC"}, "facility": {"code": 20295}}, {"service": {"name": "Diagnostic Counselling and Testing"}, "facility": {"code": 20295}}, {"service": {"name": "Provider Initiated Counselling and Testing"}, "facility": {"code": 20295}}, {"service": {"name": "Voluntary Counselling and Testing"}, "facility": {"code": 20295}}, {"service": {"name": "Management of STIs"}, "facility": {"code": 20295}}, {"service": {"name": "Condom Promotion and Distribution"}, "facility": {"code": 20295}}, {"service": {"name": "Nutrition Services"}, "facility": {"code": 20294}}, {"service": {"name": "Maternity Services"}, "facility": {"code": 20294}}, {"service": {"name": "Curative Services"}, "facility": {"code": 20294}}, {"service": {"name": "Basic Immunization"}, "facility": {"code": 20294}}, {"service": {"name": "Focused Antenatal Care"}, "facility": {"code": 20294}}, {"service": {"name": "Short Term FP"}, "facility": {"code": 20294}}, {"service": {"name": "Adult Antiretroviral Therapy"}, "facility": {"code": 20294}}, {"service": {"name": "Paediatric Antiretroviral Therapy"}, "facility": {"code": 20294}}, {"service": {"name": "Post Exposure Prophylaxis"}, "facility": {"code": 20294}}, {"service": {"name": "PMTCT - Maternity"}, "facility": {"code": 20294}}, {"service": {"name": "PMTCT - ANC"}, "facility": {"code": 20294}}, {"service": {"name": "Early Infant Diagnosis"}, "facility": {"code": 20294}}, {"service": {"name": "Diagnostic Counselling and Testing"}, "facility": {"code": 20294}}, {"service": {"name": "Provider Initiated Counselling and Testing"}, "facility": {"code": 20294}}, {"service": {"name": "Management of STIs"}, "facility": {"code": 20294}}, {"service": {"name": "Condom Promotion and Distribution"}, "facility": {"code": 20294}}, {"service": {"name": "Nutrition Services"}, "facility": {"code": 20293}}, {"service": {"name": "Maternity Services"}, "facility": {"code": 20293}}, {"service": {"name": "Curative Services"}, "facility": {"code": 20293}}, {"service": {"name": "Basic Immunization"}, "facility": {"code": 20293}}, {"service": {"name": "Focused Antenatal Care"}, "facility": {"code": 20293}}, {"service": {"name": "Short Term FP"}, "facility": {"code": 20293}}, {"service": {"name": "Adult Antiretroviral Therapy"}, "facility": {"code": 20293}}, {"service": {"name": "Paediatric Antiretroviral Therapy"}, "facility": {"code": 20293}}, {"service": {"name": "Post Exposure Prophylaxis"}, "facility": {"code": 20293}}, {"service": {"name": "PMTCT - Maternity"}, "facility": {"code": 20293}}, {"service": {"name": "PMTCT - ANC"}, "facility": {"code": 20293}}, {"service": {"name": "Early Infant Diagnosis"}, "facility": {"code": 20293}}, {"service": {"name": "Diagnostic Counselling and Testing"}, "facility": {"code": 20293}}, {"service": {"name": "Provider Initiated Counselling and Testing"}, "facility": {"code": 20293}}, {"service": {"name": "Management of STIs"}, "facility": {"code": 20293}}, {"service": {"name": "Condom Promotion and Distribution"}, "facility": {"code": 20293}}, {"service": {"name": "Nutrition Services"}, "facility": {"code": 20292}}, {"service": {"name": "Maternity Services"}, "facility": {"code": 20292}}, {"service": {"name": "Curative Services"}, "facility": {"code": 20292}}, {"service": {"name": "Basic Immunization"}, "facility": {"code": 20292}}, {"service": {"name": "Focused Antenatal Care"}, "facility": {"code": 20292}}, {"service": {"name": "Short Term FP"}, "facility": {"code": 20292}}, {"service": {"name": "Adult Antiretroviral Therapy"}, "facility": {"code": 20292}}, {"service": {"name": "Paediatric Antiretroviral Therapy"}, "facility": {"code": 20292}}, {"service": {"name": "Post Exposure Prophylaxis"}, "facility": {"code": 20292}}, {"service": {"name": "PMTCT - Maternity"}, "facility": {"code": 20292}}, {"service": {"name": "PMTCT - ANC"}, "facility": {"code": 20292}}, {"service": {"name": "Early Infant Diagnosis"}, "facility": {"code": 20292}}, {"service": {"name": "Diagnostic Counselling and Testing"}, "facility": {"code": 20292}}, {"service": {"name": "Provider Initiated Counselling and Testing"}, "facility": {"code": 20292}}, {"service": {"name": "Management of STIs"}, "facility": {"code": 20292}}, {"service": {"name": "Condom Promotion and Distribution"}, "facility": {"code": 20292}}, {"service": {"name": "Nutrition Services"}, "facility": {"code": 20291}}, {"service": {"name": "Maternity Services"}, "facility": {"code": 20291}}, {"service": {"name": "Curative Services"}, "facility": {"code": 20291}}, {"service": {"name": "Basic Immunization"}, "facility": {"code": 20291}}, {"service": {"name": "Focused Antenatal Care"}, "facility": {"code": 20291}}], "unique_fields": ["facility", "service"], "model": "facilities.FacilityService"}]