[{"records": [{"service": {"name": "Management of STIs"}, "facility": {"code": 17371}}, {"service": {"name": "Long Term FP"}, "facility": {"code": 10952}}, {"service": {"name": "Condom Promotion and Distribution"}, "facility": {"code": 10952}}, {"service": {"name": "Emergency Obstetric Care"}, "facility": {"code": 10666}}, {"service": {"name": "Rehabilitative Health Services - Orthopaedic Technology"}, "facility": {"code": 11071}}, {"service": {"name": "Rehabilitative Health Services - Occupational Health"}, "facility": {"code": 11071}}, {"service": {"name": "Permanent FP"}, "facility": {"code": 11071}}, {"service": {"name": "Long Term FP"}, "facility": {"code": 11071}}, {"service": {"name": "Early Infant Diagnosis"}, "facility": {"code": 11071}}, {"service": {"name": "Emergency Obstetric Care"}, "facility": {"code": 17983}}, {"service": {"name": "Integrated Management of Childhood Illnesses"}, "facility": {"code": 17983}}, {"service": {"name": "Curative Services"}, "facility": {"code": 17983}}, {"service": {"name": "Basic Immunization"}, "facility": {"code": 17983}}, {"service": {"name": "Focused Antenatal Care"}, "facility": {"code": 17983}}, {"service": {"name": "Long Term FP"}, "facility": {"code": 17983}}, {"service": {"name": "Short Term FP"}, "facility": {"code": 17983}}, {"service": {"name": "PMTCT - ANC"}, "facility": {"code": 17983}}, {"service": {"name": "Early Infant Diagnosis"}, "facility": {"code": 17983}}, {"service": {"name": "Diagnostic Counselling and Testing"}, "facility": {"code": 17983}}, {"service": {"name": "Provider Initiated Counselling and Testing"}, "facility": {"code": 17983}}, {"service": {"name": "Voluntary Counselling and Testing"}, "facility": {"code": 17983}}, {"service": {"name": "Management of STIs"}, "facility": {"code": 17983}}, {"service": {"name": "Condom Promotion and Distribution"}, "facility": {"code": 17983}}, {"service": {"name": "Long Term FP"}, "facility": {"code": 17372}}, {"service": {"name": "Emergency Preparedness"}, "facility": {"code": 14600}}, {"service": {"name": "Services for Sexual Violence Survivors"}, "facility": {"code": 14600}}, {"service": {"name": "Nutrition Services"}, "facility": {"code": 14600}}, {"service": {"name": "Focused Antenatal Care"}, "facility": {"code": 14600}}, {"service": {"name": "PMTCT - ANC"}, "facility": {"code": 14600}}, {"service": {"name": "Long Term FP"}, "facility": {"code": 14600}}, {"service": {"name": "Emergency Preparedness"}, "facility": {"code": 14530}}, {"service": {"name": "Basic Immunization"}, "facility": {"code": 14675}}, {"service": {"name": "Curative Services"}, "facility": {"code": 15110}}, {"service": {"name": "Basic Immunization"}, "facility": {"code": 15110}}, {"service": {"name": "Basic Immunization"}, "facility": {"code": 15595}}, {"service": {"name": "Management of STIs"}, "facility": {"code": 15595}}, {"service": {"name": "Basic Immunization"}, "facility": {"code": 14884}}, {"service": {"name": "First Line Treatment"}, "facility": {"code": 14761}}, {"service": {"name": "Adult Antiretroviral Therapy"}, "facility": {"code": 14761}}, {"service": {"name": "Paediatric Antiretroviral Therapy"}, "facility": {"code": 14761}}, {"service": {"name": "Early Infant Diagnosis"}, "facility": {"code": 14761}}, {"service": {"name": "Management of STIs"}, "facility": {"code": 14761}}, {"service": {"name": "Basic Immunization"}, "facility": {"code": 14691}}, {"service": {"name": "Laboratory Services"}, "facility": {"code": 17981}}, {"service": {"name": "Surgical Services"}, "facility": {"code": 17981}}, {"service": {"name": "Curative Services"}, "facility": {"code": 17981}}, {"service": {"name": "Focused Antenatal Care"}, "facility": {"code": 17981}}, {"service": {"name": "Short Term FP"}, "facility": {"code": 17981}}, {"service": {"name": "Provider Initiated Counselling and Testing"}, "facility": {"code": 17981}}, {"service": {"name": "Voluntary Counselling and Testing"}, "facility": {"code": 17981}}, {"service": {"name": "Management of STIs"}, "facility": {"code": 17981}}, {"service": {"name": "Condom Promotion and Distribution"}, "facility": {"code": 17981}}, {"service": {"name": "Integrated Management of Childhood Illnesses"}, "facility": {"code": 17402}}, {"service": {"name": "Long Term FP"}, "facility": {"code": 17402}}, {"service": {"name": "Condom Promotion and Distribution"}, "facility": {"code": 17402}}, {"service": {"name": "Management of STIs"}, "facility": {"code": 14778}}, {"service": {"name": "Integrated Management of Childhood Illnesses"}, "facility": {"code": 17369}}, {"service": {"name": "Voluntary Counselling and Testing"}, "facility": {"code": 17369}}, {"service": {"name": "PMTCT - ANC"}, "facility": {"code": 17032}}, {"service": {"name": "Integrated Management of Childhood Illnesses"}, "facility": {"code": 10604}}, {"service": {"name": "Long Term FP"}, "facility": {"code": 10604}}, {"service": {"name": "PMTCT - Maternity"}, "facility": {"code": 10604}}, {"service": {"name": "Diagnostic Counselling and Testing"}, "facility": {"code": 10604}}, {"service": {"name": "Provider Initiated Counselling and Testing"}, "facility": {"code": 10604}}, {"service": {"name": "Focused Antenatal Care"}, "facility": {"code": 17909}}, {"service": {"name": "Management of STIs"}, "facility": {"code": 10604}}, {"service": {"name": "Condom Promotion and Distribution"}, "facility": {"code": 10604}}, {"service": {"name": "Environmental Health Services"}, "facility": {"code": 15690}}, {"service": {"name": "Environmental Health Services"}, "facility": {"code": 15614}}, {"service": {"name": "First Line Treatment"}, "facility": {"code": 14644}}, {"service": {"name": "Basic Immunization"}, "facility": {"code": 13623}}, {"service": {"name": "Management of STIs"}, "facility": {"code": 14644}}, {"service": {"name": "Focused Antenatal Care"}, "facility": {"code": 13623}}, {"service": {"name": "Short Term FP"}, "facility": {"code": 13623}}, {"service": {"name": "Post Exposure Prophylaxis"}, "facility": {"code": 13623}}, {"service": {"name": "PMTCT - Maternity"}, "facility": {"code": 13623}}, {"service": {"name": "Diagnostic Counselling and Testing"}, "facility": {"code": 13623}}, {"service": {"name": "PMTCT - ANC"}, "facility": {"code": 13623}}, {"service": {"name": "Early Infant Diagnosis"}, "facility": {"code": 13623}}, {"service": {"name": "Provider Initiated Counselling and Testing"}, "facility": {"code": 13623}}, {"service": {"name": "Voluntary Counselling and Testing"}, "facility": {"code": 13623}}, {"service": {"name": "Management of STIs"}, "facility": {"code": 13623}}, {"service": {"name": "Condom Promotion and Distribution"}, "facility": {"code": 13623}}, {"service": {"name": "Provider Initiated Counselling and Testing"}, "facility": {"code": 14613}}, {"service": {"name": "Management of STIs"}, "facility": {"code": 14613}}, {"service": {"name": "Condom Promotion and Distribution"}, "facility": {"code": 14613}}, {"service": {"name": "Management of STIs"}, "facility": {"code": 14833}}, {"service": {"name": "Laboratory Services"}, "facility": {"code": 17569}}, {"service": {"name": "Emergency Obstetric Care"}, "facility": {"code": 10102}}, {"service": {"name": "Integrated Management of Childhood Illnesses"}, "facility": {"code": 10102}}, {"service": {"name": "Curative Services"}, "facility": {"code": 10102}}, {"service": {"name": "Basic Immunization"}, "facility": {"code": 10102}}, {"service": {"name": "Focused Antenatal Care"}, "facility": {"code": 10102}}, {"service": {"name": "Short Term FP"}, "facility": {"code": 10102}}, {"service": {"name": "PMTCT - ANC"}, "facility": {"code": 10102}}, {"service": {"name": "Early Infant Diagnosis"}, "facility": {"code": 10102}}, {"service": {"name": "Diagnostic Counselling and Testing"}, "facility": {"code": 10102}}, {"service": {"name": "Provider Initiated Counselling and Testing"}, "facility": {"code": 10102}}, {"service": {"name": "Management of STIs"}, "facility": {"code": 10102}}, {"service": {"name": "Condom Promotion and Distribution"}, "facility": {"code": 10102}}, {"service": {"name": "Emergency Obstetric Care"}, "facility": {"code": 14830}}, {"service": {"name": "Focused Antenatal Care"}, "facility": {"code": 14577}}, {"service": {"name": "Emergency Preparedness"}, "facility": {"code": 14538}}, {"service": {"name": "Emergency Obstetric Care"}, "facility": {"code": 14538}}, {"service": {"name": "Voluntary Counselling and Testing"}, "facility": {"code": 17370}}, {"service": {"name": "Opthalmic Services"}, "facility": {"code": 14538}}, {"service": {"name": "Mental Health Services"}, "facility": {"code": 14538}}, {"service": {"name": "Services for Sexual Violence Survivors"}, "facility": {"code": 14538}}, {"service": {"name": "Management of STIs"}, "facility": {"code": 14577}}, {"service": {"name": "Nutrition Services"}, "facility": {"code": 14538}}, {"service": {"name": "Integrated Management of Childhood Illnesses"}, "facility": {"code": 14538}}, {"service": {"name": "Laboratory Services"}, "facility": {"code": 14538}}, {"service": {"name": "Surgical Services"}, "facility": {"code": 14538}}, {"service": {"name": "Maternity Services"}, "facility": {"code": 14538}}, {"service": {"name": "Curative Services"}, "facility": {"code": 14538}}, {"service": {"name": "Smear Microscopy"}, "facility": {"code": 14538}}, {"service": {"name": "Basic Immunization"}, "facility": {"code": 14538}}, {"service": {"name": "Specialized ANC"}, "facility": {"code": 14538}}, {"service": {"name": "Focused Antenatal Care"}, "facility": {"code": 14538}}, {"service": {"name": "Long Term FP"}, "facility": {"code": 14538}}, {"service": {"name": "Permanent FP"}, "facility": {"code": 14538}}, {"service": {"name": "Short Term FP"}, "facility": {"code": 14538}}, {"service": {"name": "PMTCT - Maternity"}, "facility": {"code": 14538}}, {"service": {"name": "PMTCT - ANC"}, "facility": {"code": 14538}}, {"service": {"name": "Provider Initiated Counselling and Testing"}, "facility": {"code": 14538}}, {"service": {"name": "Management of STIs"}, "facility": {"code": 14538}}, {"service": {"name": "Condom Promotion and Distribution"}, "facility": {"code": 14538}}, {"service": {"name": "Emergency Obstetric Care"}, "facility": {"code": 17373}}, {"service": {"name": "Short Term FP"}, "facility": {"code": 17373}}, {"service": {"name": "Condom Promotion and Distribution"}, "facility": {"code": 17373}}, {"service": {"name": "Emergency Obstetric Care"}, "facility": {"code": 17979}}, {"service": {"name": "Rehabilitative Health Services - Physiotherapy"}, "facility": {"code": 17979}}, {"service": {"name": "Mental Health Services"}, "facility": {"code": 17979}}, {"service": {"name": "Nutrition Services"}, "facility": {"code": 17979}}, {"service": {"name": "Integrated Management of Childhood Illnesses"}, "facility": {"code": 17979}}, {"service": {"name": "Ambulance Sevices"}, "facility": {"code": 17979}}, {"service": {"name": "Laboratory Services"}, "facility": {"code": 17979}}, {"service": {"name": "Radiology Services"}, "facility": {"code": 17979}}, {"service": {"name": "Surgical Services"}, "facility": {"code": 17979}}, {"service": {"name": "Maternity Services"}, "facility": {"code": 17979}}, {"service": {"name": "Curative Services"}, "facility": {"code": 17979}}, {"service": {"name": "Smear Microscopy"}, "facility": {"code": 17979}}, {"service": {"name": "Immunization with additional vaccines"}, "facility": {"code": 17979}}, {"service": {"name": "Basic Immunization"}, "facility": {"code": 17979}}, {"service": {"name": "Specialized ANC"}, "facility": {"code": 17979}}, {"service": {"name": "Focused Antenatal Care"}, "facility": {"code": 17979}}, {"service": {"name": "Permanent FP"}, "facility": {"code": 17979}}, {"service": {"name": "Long Term FP"}, "facility": {"code": 17979}}, {"service": {"name": "Short Term FP"}, "facility": {"code": 17979}}, {"service": {"name": "Post Exposure Prophylaxis"}, "facility": {"code": 17979}}, {"service": {"name": "Adult Antiretroviral Therapy"}, "facility": {"code": 17979}}, {"service": {"name": "Paediatric Antiretroviral Therapy"}, "facility": {"code": 17979}}, {"service": {"name": "PMTCT - Maternity"}, "facility": {"code": 17979}}, {"service": {"name": "Early Infant Diagnosis"}, "facility": {"code": 17979}}, {"service": {"name": "PMTCT - ANC"}, "facility": {"code": 17979}}, {"service": {"name": "Diagnostic Counselling and Testing"}, "facility": {"code": 17979}}, {"service": {"name": "Voluntary Counselling and Testing"}, "facility": {"code": 17979}}, {"service": {"name": "Provider Initiated Counselling and Testing"}, "facility": {"code": 17979}}, {"service": {"name": "Management of STIs"}, "facility": {"code": 17979}}, {"service": {"name": "Condom Promotion and Distribution"}, "facility": {"code": 17979}}, {"service": {"name": "Emergency Preparedness"}, "facility": {"code": 14842}}, {"service": {"name": "Emergency Obstetric Care"}, "facility": {"code": 14842}}, {"service": {"name": "Integrated Management of Childhood Illnesses"}, "facility": {"code": 17454}}, {"service": {"name": "Laboratory Services"}, "facility": {"code": 17454}}, {"service": {"name": "Maternity Services"}, "facility": {"code": 17454}}, {"service": {"name": "Curative Services"}, "facility": {"code": 17454}}, {"service": {"name": "Basic Immunization"}, "facility": {"code": 17454}}, {"service": {"name": "Diagnostic Counselling and Testing"}, "facility": {"code": 17454}}, {"service": {"name": "Voluntary Counselling and Testing"}, "facility": {"code": 17454}}, {"service": {"name": "Integrated Management of Childhood Illnesses"}, "facility": {"code": 16250}}, {"service": {"name": "Laboratory Services"}, "facility": {"code": 16250}}, {"service": {"name": "Surgical Services"}, "facility": {"code": 16250}}, {"service": {"name": "Maternity Services"}, "facility": {"code": 16250}}, {"service": {"name": "Curative Services"}, "facility": {"code": 16250}}, {"service": {"name": "Basic Immunization"}, "facility": {"code": 16250}}, {"service": {"name": "Focused Antenatal Care"}, "facility": {"code": 16250}}, {"service": {"name": "Short Term FP"}, "facility": {"code": 16250}}, {"service": {"name": "PMTCT - Maternity"}, "facility": {"code": 16250}}, {"service": {"name": "PMTCT - ANC"}, "facility": {"code": 16250}}, {"service": {"name": "Diagnostic Counselling and Testing"}, "facility": {"code": 16250}}, {"service": {"name": "Provider Initiated Counselling and Testing"}, "facility": {"code": 16250}}, {"service": {"name": "Management of STIs"}, "facility": {"code": 16250}}, {"service": {"name": "Condom Promotion and Distribution"}, "facility": {"code": 16250}}, {"service": {"name": "Emergency Preparedness"}, "facility": {"code": 15243}}, {"service": {"name": "Emergency Obstetric Care"}, "facility": {"code": 15243}}, {"service": {"name": "Surgical Services"}, "facility": {"code": 15243}}, {"service": {"name": "Nutrition Services"}, "facility": {"code": 11922}}, {"service": {"name": "Integrated Management of Childhood Illnesses"}, "facility": {"code": 11922}}, {"service": {"name": "Laboratory Services"}, "facility": {"code": 11922}}, {"service": {"name": "Surgical Services"}, "facility": {"code": 11922}}, {"service": {"name": "Maternity Services"}, "facility": {"code": 11922}}, {"service": {"name": "Maternity Services"}, "facility": {"code": 15243}}, {"service": {"name": "Curative Services"}, "facility": {"code": 11922}}, {"service": {"name": "Basic Immunization"}, "facility": {"code": 11922}}, {"service": {"name": "Focused Antenatal Care"}, "facility": {"code": 11922}}, {"service": {"name": "Focused Antenatal Care"}, "facility": {"code": 15243}}, {"service": {"name": "Long Term FP"}, "facility": {"code": 11922}}, {"service": {"name": "Short Term FP"}, "facility": {"code": 11922}}, {"service": {"name": "PMTCT - Maternity"}, "facility": {"code": 11922}}, {"service": {"name": "PMTCT - ANC"}, "facility": {"code": 11922}}, {"service": {"name": "Diagnostic Counselling and Testing"}, "facility": {"code": 11922}}, {"service": {"name": "Provider Initiated Counselling and Testing"}, "facility": {"code": 11922}}, {"service": {"name": "Management of STIs"}, "facility": {"code": 11922}}, {"service": {"name": "Condom Promotion and Distribution"}, "facility": {"code": 11922}}, {"service": {"name": "Management of STIs"}, "facility": {"code": 15243}}, {"service": {"name": "Dental Laboratory Services"}, "facility": {"code": 11937}}, {"service": {"name": "Oral Health Services (Dental Services)"}, "facility": {"code": 11937}}, {"service": {"name": "Emergency Obstetric Care"}, "facility": {"code": 11937}}, {"service": {"name": "Integrated Management of Childhood Illnesses"}, "facility": {"code": 11937}}, {"service": {"name": "Emergency Obstetric Care"}, "facility": {"code": 14334}}, {"service": {"name": "Laboratory Services"}, "facility": {"code": 11937}}, {"service": {"name": "Radiology Services"}, "facility": {"code": 11937}}, {"service": {"name": "Surgical Services"}, "facility": {"code": 11937}}, {"service": {"name": "Emergency Preparedness"}, "facility": {"code": 15223}}, {"service": {"name": "Emergency Obstetric Care"}, "facility": {"code": 15223}}, {"service": {"name": "Environmental Health Services"}, "facility": {"code": 15223}}, {"service": {"name": "Nutrition Services"}, "facility": {"code": 15223}}, {"service": {"name": "Surgical Services"}, "facility": {"code": 15223}}, {"service": {"name": "Maternity Services"}, "facility": {"code": 15223}}, {"service": {"name": "Curative Services"}, "facility": {"code": 15223}}, {"service": {"name": "Focused Antenatal Care"}, "facility": {"code": 15223}}, {"service": {"name": "Short Term FP"}, "facility": {"code": 15223}}, {"service": {"name": "Management of STIs"}, "facility": {"code": 15223}}, {"service": {"name": "Condom Promotion and Distribution"}, "facility": {"code": 15223}}, {"service": {"name": "Integrated Management of Childhood Illnesses"}, "facility": {"code": 11935}}, {"service": {"name": "Ambulance Sevices"}, "facility": {"code": 11935}}, {"service": {"name": "Laboratory Services"}, "facility": {"code": 11935}}, {"service": {"name": "Surgical Services"}, "facility": {"code": 11935}}, {"service": {"name": "Maternity Services"}, "facility": {"code": 11935}}, {"service": {"name": "Curative Services"}, "facility": {"code": 11935}}, {"service": {"name": "Basic Immunization"}, "facility": {"code": 11935}}, {"service": {"name": "Focused Antenatal Care"}, "facility": {"code": 11935}}, {"service": {"name": "Long Term FP"}, "facility": {"code": 11935}}, {"service": {"name": "Short Term FP"}, "facility": {"code": 11935}}, {"service": {"name": "PMTCT - Maternity"}, "facility": {"code": 11935}}, {"service": {"name": "PMTCT - ANC"}, "facility": {"code": 11935}}, {"service": {"name": "Diagnostic Counselling and Testing"}, "facility": {"code": 11935}}, {"service": {"name": "Provider Initiated Counselling and Testing"}, "facility": {"code": 11935}}, {"service": {"name": "Management of STIs"}, "facility": {"code": 11935}}, {"service": {"name": "Condom Promotion and Distribution"}, "facility": {"code": 11935}}, {"service": {"name": "Emergency Preparedness"}, "facility": {"code": 14671}}, {"service": {"name": "Emergency Preparedness"}, "facility": {"code": 17115}}, {"service": {"name": "Emergency Obstetric Care"}, "facility": {"code": 17115}}, {"service": {"name": "Environmental Health Services"}, "facility": {"code": 17115}}, {"service": {"name": "Surgical Services"}, "facility": {"code": 17115}}, {"service": {"name": "Integrated Management of Childhood Illnesses"}, "facility": {"code": 17669}}, {"service": {"name": "Surgical Services"}, "facility": {"code": 17669}}, {"service": {"name": "Maternity Services"}, "facility": {"code": 17115}}, {"service": {"name": "Laboratory Services"}, "facility": {"code": 17669}}, {"service": {"name": "Curative Services"}, "facility": {"code": 17669}}, {"service": {"name": "Diagnostic Counselling and Testing"}, "facility": {"code": 17669}}, {"service": {"name": "Emergency Preparedness"}, "facility": {"code": 14823}}, {"service": {"name": "Emergency Preparedness"}, "facility": {"code": 15036}}, {"service": {"name": "Emergency Obstetric Care"}, "facility": {"code": 15036}}, {"service": {"name": "Nutrition Services"}, "facility": {"code": 15036}}, {"service": {"name": "Environmental Health Services"}, "facility": {"code": 15036}}, {"service": {"name": "Surgical Services"}, "facility": {"code": 15036}}, {"service": {"name": "Maternity Services"}, "facility": {"code": 15036}}, {"service": {"name": "Emergency Preparedness"}, "facility": {"code": 17978}}, {"service": {"name": "Emergency Obstetric Care"}, "facility": {"code": 17978}}, {"service": {"name": "Curative Services"}, "facility": {"code": 15036}}, {"service": {"name": "ENT Services"}, "facility": {"code": 10825}}, {"service": {"name": "Integrated Management of Childhood Illnesses"}, "facility": {"code": 17978}}, {"service": {"name": "Laboratory Services"}, "facility": {"code": 17978}}, {"service": {"name": "Oral Health Services (Dental Services)"}, "facility": {"code": 10825}}, {"service": {"name": "Surgical Services"}, "facility": {"code": 17978}}, {"service": {"name": "Focused Antenatal Care"}, "facility": {"code": 15036}}, {"service": {"name": "Maternity Services"}, "facility": {"code": 17978}}, {"service": {"name": "Emergency Obstetric Care"}, "facility": {"code": 10825}}, {"service": {"name": "Short Term FP"}, "facility": {"code": 15036}}, {"service": {"name": "Ambulance Sevices"}, "facility": {"code": 10825}}, {"service": {"name": "Curative Services"}, "facility": {"code": 17978}}, {"service": {"name": "Integrated Management of Childhood Illnesses"}, "facility": {"code": 10825}}, {"service": {"name": "Nutrition Services"}, "facility": {"code": 10825}}, {"service": {"name": "Management of STIs"}, "facility": {"code": 15036}}, {"service": {"name": "Rehabilitative Health Services - Physiotherapy"}, "facility": {"code": 10825}}, {"service": {"name": "First Line Treatment"}, "facility": {"code": 17978}}, {"service": {"name": "Laboratory Services"}, "facility": {"code": 10825}}, {"service": {"name": "Condom Promotion and Distribution"}, "facility": {"code": 15036}}, {"service": {"name": "Radiology Services"}, "facility": {"code": 10825}}, {"service": {"name": "Surgical Services"}, "facility": {"code": 10825}}, {"service": {"name": "Maternity Services"}, "facility": {"code": 10825}}, {"service": {"name": "Basic Immunization"}, "facility": {"code": 17978}}, {"service": {"name": "Curative Services"}, "facility": {"code": 10825}}, {"service": {"name": "Mortuary Services"}, "facility": {"code": 10825}}, {"service": {"name": "Facility Based Blood Transfusion Service"}, "facility": {"code": 10825}}, {"service": {"name": "Facility Based Blood Collection Service"}, "facility": {"code": 10825}}, {"service": {"name": "Rehabilitative Health Services - Orthopaedic Technology"}, "facility": {"code": 10825}}, {"service": {"name": "Focused Antenatal Care"}, "facility": {"code": 17978}}, {"service": {"name": "First Line Treatment"}, "facility": {"code": 10825}}, {"service": {"name": "Tuberculosis Culture"}, "facility": {"code": 10825}}, {"service": {"name": "Short Term FP"}, "facility": {"code": 17978}}, {"service": {"name": "Smear Microscopy"}, "facility": {"code": 10825}}, {"service": {"name": "Specialized ANC"}, "facility": {"code": 10825}}, {"service": {"name": "Home Based Care"}, "facility": {"code": 17978}}, {"service": {"name": "Focused Antenatal Care"}, "facility": {"code": 10825}}, {"service": {"name": "Voluntary Male Circumcision"}, "facility": {"code": 17978}}, {"service": {"name": "Adult Antiretroviral Therapy"}, "facility": {"code": 10825}}, {"service": {"name": "PMTCT - Maternity"}, "facility": {"code": 17978}}, {"service": {"name": "PMTCT - ANC"}, "facility": {"code": 17978}}, {"service": {"name": "Paediatric Antiretroviral Therapy"}, "facility": {"code": 10825}}, {"service": {"name": "Post Exposure Prophylaxis"}, "facility": {"code": 10825}}, {"service": {"name": "Diagnostic Counselling and Testing"}, "facility": {"code": 17978}}, {"service": {"name": "PMTCT - Maternity"}, "facility": {"code": 10825}}, {"service": {"name": "Provider Initiated Counselling and Testing"}, "facility": {"code": 17978}}, {"service": {"name": "PMTCT - ANC"}, "facility": {"code": 10825}}, {"service": {"name": "Voluntary Counselling and Testing"}, "facility": {"code": 17978}}, {"service": {"name": "Early Infant Diagnosis"}, "facility": {"code": 10825}}, {"service": {"name": "Management of STIs"}, "facility": {"code": 17978}}, {"service": {"name": "Diagnostic Counselling and Testing"}, "facility": {"code": 10825}}, {"service": {"name": "Condom Promotion and Distribution"}, "facility": {"code": 17978}}, {"service": {"name": "Provider Initiated Counselling and Testing"}, "facility": {"code": 10825}}, {"service": {"name": "Voluntary Counselling and Testing"}, "facility": {"code": 10825}}, {"service": {"name": "Management of STIs"}, "facility": {"code": 10825}}, {"service": {"name": "Early Infant Diagnosis"}, "facility": {"code": 11569}}, {"service": {"name": "Basic Immunization"}, "facility": {"code": 11093}}, {"service": {"name": "Emergency Preparedness"}, "facility": {"code": 16537}}, {"service": {"name": "Focused Antenatal Care"}, "facility": {"code": 15417}}, {"service": {"name": "Integrated Management of Childhood Illnesses"}, "facility": {"code": 17676}}, {"service": {"name": "Basic Immunization"}, "facility": {"code": 17676}}, {"service": {"name": "Provider Initiated Counselling and Testing"}, "facility": {"code": 17676}}, {"service": {"name": "Emergency Obstetric Care"}, "facility": {"code": 10321}}, {"service": {"name": "Rehabilitative Health Services - Occupational Health"}, "facility": {"code": 10321}}, {"service": {"name": "Basic Immunization"}, "facility": {"code": 10321}}, {"service": {"name": "Focused Antenatal Care"}, "facility": {"code": 10321}}, {"service": {"name": "Emergency Obstetric Care"}, "facility": {"code": 11813}}, {"service": {"name": "PMTCT - ANC"}, "facility": {"code": 10321}}, {"service": {"name": "Early Infant Diagnosis"}, "facility": {"code": 10321}}, {"service": {"name": "Laboratory Services"}, "facility": {"code": 11813}}, {"service": {"name": "Curative Services"}, "facility": {"code": 11813}}, {"service": {"name": "Maternity Services"}, "facility": {"code": 11813}}, {"service": {"name": "Basic Immunization"}, "facility": {"code": 11813}}, {"service": {"name": "Focused Antenatal Care"}, "facility": {"code": 11813}}, {"service": {"name": "Short Term FP"}, "facility": {"code": 11813}}, {"service": {"name": "PMTCT - Maternity"}, "facility": {"code": 11813}}, {"service": {"name": "PMTCT - ANC"}, "facility": {"code": 11813}}, {"service": {"name": "Diagnostic Counselling and Testing"}, "facility": {"code": 11813}}, {"service": {"name": "Early Infant Diagnosis"}, "facility": {"code": 11813}}, {"service": {"name": "Voluntary Counselling and Testing"}, "facility": {"code": 11813}}, {"service": {"name": "Provider Initiated Counselling and Testing"}, "facility": {"code": 11813}}, {"service": {"name": "Condom Promotion and Distribution"}, "facility": {"code": 11813}}, {"service": {"name": "Management of STIs"}, "facility": {"code": 11813}}, {"service": {"name": "Curative Services"}, "facility": {"code": 15404}}, {"service": {"name": "Maternity Services"}, "facility": {"code": 15404}}, {"service": {"name": "Environmental Health Services"}, "facility": {"code": 15404}}, {"service": {"name": "PMTCT - ANC"}, "facility": {"code": 15338}}, {"service": {"name": "Focused Antenatal Care"}, "facility": {"code": 17267}}, {"service": {"name": "Basic Immunization"}, "facility": {"code": 17267}}, {"service": {"name": "Diagnostic Counselling and Testing"}, "facility": {"code": 17267}}, {"service": {"name": "Oral Health Services (Dental Services)"}, "facility": {"code": 14646}}, {"service": {"name": "ENT Services"}, "facility": {"code": 14646}}, {"service": {"name": "Emergency Preparedness"}, "facility": {"code": 14646}}, {"service": {"name": "Dental Laboratory Services"}, "facility": {"code": 11104}}, {"service": {"name": "Emergency Obstetric Care"}, "facility": {"code": 14646}}, {"service": {"name": "Oral Health Services (Dental Services)"}, "facility": {"code": 11104}}, {"service": {"name": "Environmental Health Services"}, "facility": {"code": 14646}}, {"service": {"name": "Emergency Obstetric Care"}, "facility": {"code": 11104}}, {"service": {"name": "Integrated Management of Childhood Illnesses"}, "facility": {"code": 14646}}, {"service": {"name": "Laboratory Services"}, "facility": {"code": 14646}}, {"service": {"name": "Environmental Health Services"}, "facility": {"code": 11104}}, {"service": {"name": "Rehabilitative Health Services - Physiotherapy"}, "facility": {"code": 11104}}, {"service": {"name": "Surgical Services"}, "facility": {"code": 14646}}, {"service": {"name": "Mental Health Services"}, "facility": {"code": 11104}}, {"service": {"name": "Maternity Services"}, "facility": {"code": 14646}}, {"service": {"name": "Nutrition Services"}, "facility": {"code": 11104}}, {"service": {"name": "Curative Services"}, "facility": {"code": 14646}}, {"service": {"name": "Integrated Management of Childhood Illnesses"}, "facility": {"code": 11104}}, {"service": {"name": "Ambulance Sevices"}, "facility": {"code": 11104}}, {"service": {"name": "Laboratory Services"}, "facility": {"code": 11104}}, {"service": {"name": "Radiology Services"}, "facility": {"code": 11104}}, {"service": {"name": "First Line Treatment"}, "facility": {"code": 14646}}, {"service": {"name": "Surgical Services"}, "facility": {"code": 11104}}, {"service": {"name": "Maternity Services"}, "facility": {"code": 11104}}, {"service": {"name": "Curative Services"}, "facility": {"code": 11104}}, {"service": {"name": "Smear Microscopy"}, "facility": {"code": 14646}}, {"service": {"name": "Facility Based Blood Transfusion Service"}, "facility": {"code": 11104}}, {"service": {"name": "Basic Immunization"}, "facility": {"code": 14646}}, {"service": {"name": "Facility Based Blood Collection Service"}, "facility": {"code": 11104}}, {"service": {"name": "Focused Antenatal Care"}, "facility": {"code": 14646}}, {"service": {"name": "Short Term FP"}, "facility": {"code": 14646}}, {"service": {"name": "Rehabilitative Health Services - Occupational Health"}, "facility": {"code": 11104}}, {"service": {"name": "PMTCT - ANC"}, "facility": {"code": 14646}}, {"service": {"name": "First Line Treatment"}, "facility": {"code": 11104}}, {"service": {"name": "Tuberculosis Culture"}, "facility": {"code": 11104}}, {"service": {"name": "Diagnostic Counselling and Testing"}, "facility": {"code": 14646}}, {"service": {"name": "Provider Initiated Counselling and Testing"}, "facility": {"code": 14646}}, {"service": {"name": "Management of STIs"}, "facility": {"code": 14646}}, {"service": {"name": "Condom Promotion and Distribution"}, "facility": {"code": 14646}}, {"service": {"name": "Diagnostic Counselling and Testing"}, "facility": {"code": 12326}}, {"service": {"name": "Post Exposure Prophylaxis"}, "facility": {"code": 12326}}, {"service": {"name": "Emergency Obstetric Care"}, "facility": {"code": 10662}}, {"service": {"name": "Rehabilitative Health Services - Physiotherapy"}, "facility": {"code": 10662}}, {"service": {"name": "Integrated Management of Childhood Illnesses"}, "facility": {"code": 10662}}, {"service": {"name": "Ambulance Sevices"}, "facility": {"code": 10662}}, {"service": {"name": "Laboratory Services"}, "facility": {"code": 10662}}, {"service": {"name": "Radiology Services"}, "facility": {"code": 10662}}, {"service": {"name": "Surgical Services"}, "facility": {"code": 10662}}, {"service": {"name": "Maternity Services"}, "facility": {"code": 10662}}, {"service": {"name": "Curative Services"}, "facility": {"code": 10662}}, {"service": {"name": "Rehabilitative Health Services - Occupational Health"}, "facility": {"code": 10662}}, {"service": {"name": "Smear Microscopy"}, "facility": {"code": 10662}}, {"service": {"name": "Basic Immunization"}, "facility": {"code": 10662}}, {"service": {"name": "Focused Antenatal Care"}, "facility": {"code": 10662}}, {"service": {"name": "Permanent FP"}, "facility": {"code": 10662}}, {"service": {"name": "Long Term FP"}, "facility": {"code": 10662}}, {"service": {"name": "Short Term FP"}, "facility": {"code": 10662}}, {"service": {"name": "Adult Antiretroviral Therapy"}, "facility": {"code": 10662}}, {"service": {"name": "Paediatric Antiretroviral Therapy"}, "facility": {"code": 10662}}, {"service": {"name": "Post Exposure Prophylaxis"}, "facility": {"code": 10662}}, {"service": {"name": "PMTCT - Maternity"}, "facility": {"code": 10662}}, {"service": {"name": "PMTCT - ANC"}, "facility": {"code": 10662}}, {"service": {"name": "Diagnostic Counselling and Testing"}, "facility": {"code": 10662}}, {"service": {"name": "Provider Initiated Counselling and Testing"}, "facility": {"code": 10662}}, {"service": {"name": "Voluntary Counselling and Testing"}, "facility": {"code": 10662}}, {"service": {"name": "Management of STIs"}, "facility": {"code": 10662}}, {"service": {"name": "Condom Promotion and Distribution"}, "facility": {"code": 10662}}, {"service": {"name": "Services for Sexual Violence Survivors"}, "facility": {"code": 16538}}, {"service": {"name": "Laboratory Services"}, "facility": {"code": 16538}}, {"service": {"name": "Maternity Services"}, "facility": {"code": 16538}}, {"service": {"name": "Services for Female Genital Mutilation (FGM) Survivors"}, "facility": {"code": 16538}}, {"service": {"name": "Facility Based Blood Transfusion Service"}, "facility": {"code": 16538}}, {"service": {"name": "Focused Antenatal Care"}, "facility": {"code": 16538}}, {"service": {"name": "Permanent FP"}, "facility": {"code": 16538}}, {"service": {"name": "Long Term FP"}, "facility": {"code": 16538}}, {"service": {"name": "Post Exposure Prophylaxis"}, "facility": {"code": 16538}}, {"service": {"name": "Voluntary Male Circumcision"}, "facility": {"code": 16538}}, {"service": {"name": "PMTCT - Maternity"}, "facility": {"code": 16538}}, {"service": {"name": "Diagnostic Counselling and Testing"}, "facility": {"code": 16538}}, {"service": {"name": "Laboratory Services"}, "facility": {"code": 10862}}, {"service": {"name": "Basic Immunization"}, "facility": {"code": 10862}}, {"service": {"name": "Focused Antenatal Care"}, "facility": {"code": 10862}}, {"service": {"name": "Early Infant Diagnosis"}, "facility": {"code": 10862}}, {"service": {"name": "Diagnostic Counselling and Testing"}, "facility": {"code": 10862}}, {"service": {"name": "Provider Initiated Counselling and Testing"}, "facility": {"code": 10862}}, {"service": {"name": "Emergency Obstetric Care"}, "facility": {"code": 17977}}, {"service": {"name": "Mental Health Services"}, "facility": {"code": 17977}}, {"service": {"name": "Integrated Management of Childhood Illnesses"}, "facility": {"code": 17977}}, {"service": {"name": "Laboratory Services"}, "facility": {"code": 17977}}, {"service": {"name": "Curative Services"}, "facility": {"code": 17977}}, {"service": {"name": "Basic Immunization"}, "facility": {"code": 17977}}, {"service": {"name": "Focused Antenatal Care"}, "facility": {"code": 17977}}, {"service": {"name": "Short Term FP"}, "facility": {"code": 17977}}, {"service": {"name": "PMTCT - ANC"}, "facility": {"code": 17977}}, {"service": {"name": "Early Infant Diagnosis"}, "facility": {"code": 17977}}, {"service": {"name": "Diagnostic Counselling and Testing"}, "facility": {"code": 17977}}, {"service": {"name": "Provider Initiated Counselling and Testing"}, "facility": {"code": 17977}}, {"service": {"name": "Voluntary Counselling and Testing"}, "facility": {"code": 17977}}, {"service": {"name": "Management of STIs"}, "facility": {"code": 17977}}, {"service": {"name": "Condom Promotion and Distribution"}, "facility": {"code": 17977}}, {"service": {"name": "Emergency Obstetric Care"}, "facility": {"code": 10667}}, {"service": {"name": "Integrated Management of Childhood Illnesses"}, "facility": {"code": 10667}}, {"service": {"name": "Curative Services"}, "facility": {"code": 10667}}, {"service": {"name": "Basic Immunization"}, "facility": {"code": 10667}}, {"service": {"name": "Long Term FP"}, "facility": {"code": 10667}}, {"service": {"name": "Short Term FP"}, "facility": {"code": 10667}}, {"service": {"name": "PMTCT - ANC"}, "facility": {"code": 10667}}, {"service": {"name": "Diagnostic Counselling and Testing"}, "facility": {"code": 10667}}, {"service": {"name": "Provider Initiated Counselling and Testing"}, "facility": {"code": 10667}}, {"service": {"name": "Voluntary Counselling and Testing"}, "facility": {"code": 10667}}, {"service": {"name": "Management of STIs"}, "facility": {"code": 10667}}, {"service": {"name": "Condom Promotion and Distribution"}, "facility": {"code": 10667}}, {"service": {"name": "Smear Microscopy"}, "facility": {"code": 13946}}, {"service": {"name": "Laboratory Services"}, "facility": {"code": 13946}}, {"service": {"name": "Long Term FP"}, "facility": {"code": 13946}}, {"service": {"name": "Short Term FP"}, "facility": {"code": 13946}}, {"service": {"name": "Focused Antenatal Care"}, "facility": {"code": 15266}}, {"service": {"name": "Integrated Management of Childhood Illnesses"}, "facility": {"code": 17446}}, {"service": {"name": "Immunization with additional vaccines"}, "facility": {"code": 13946}}, {"service": {"name": "First Line Treatment"}, "facility": {"code": 13946}}, {"service": {"name": "Basic Immunization"}, "facility": {"code": 17446}}, {"service": {"name": "Focused Antenatal Care"}, "facility": {"code": 17446}}, {"service": {"name": "PMTCT - ANC"}, "facility": {"code": 15266}}, {"service": {"name": "First Line Treatment"}, "facility": {"code": 13915}}, {"service": {"name": "Immunization with additional vaccines"}, "facility": {"code": 13915}}, {"service": {"name": "Focused Antenatal Care"}, "facility": {"code": 13915}}, {"service": {"name": "Long Term FP"}, "facility": {"code": 13915}}, {"service": {"name": "Focused Antenatal Care"}, "facility": {"code": 15263}}, {"service": {"name": "Oral Health Services (Dental Services)"}, "facility": {"code": 17975}}, {"service": {"name": "PMTCT - ANC"}, "facility": {"code": 15263}}, {"service": {"name": "Emergency Obstetric Care"}, "facility": {"code": 17975}}, {"service": {"name": "Laboratory Services"}, "facility": {"code": 17975}}, {"service": {"name": "Curative Services"}, "facility": {"code": 17975}}, {"service": {"name": "Short Term FP"}, "facility": {"code": 17975}}, {"service": {"name": "Diagnostic Counselling and Testing"}, "facility": {"code": 17975}}, {"service": {"name": "Provider Initiated Counselling and Testing"}, "facility": {"code": 17975}}, {"service": {"name": "Management of STIs"}, "facility": {"code": 17975}}, {"service": {"name": "Emergency Obstetric Care"}, "facility": {"code": 17203}}, {"service": {"name": "Laboratory Services"}, "facility": {"code": 17203}}, {"service": {"name": "Basic Immunization"}, "facility": {"code": 17203}}, {"service": {"name": "Focused Antenatal Care"}, "facility": {"code": 17203}}, {"service": {"name": "PMTCT - ANC"}, "facility": {"code": 17203}}, {"service": {"name": "Early Infant Diagnosis"}, "facility": {"code": 17203}}, {"service": {"name": "Diagnostic Counselling and Testing"}, "facility": {"code": 17203}}, {"service": {"name": "Emergency Obstetric Care"}, "facility": {"code": 17974}}, {"service": {"name": "Integrated Management of Childhood Illnesses"}, "facility": {"code": 17974}}, {"service": {"name": "Curative Services"}, "facility": {"code": 17974}}, {"service": {"name": "Focused Antenatal Care"}, "facility": {"code": 17974}}, {"service": {"name": "PMTCT - ANC"}, "facility": {"code": 17974}}, {"service": {"name": "Provider Initiated Counselling and Testing"}, "facility": {"code": 17974}}, {"service": {"name": "Voluntary Counselling and Testing"}, "facility": {"code": 17974}}, {"service": {"name": "Management of STIs"}, "facility": {"code": 17974}}, {"service": {"name": "Emergency Preparedness"}, "facility": {"code": 14998}}, {"service": {"name": "Emergency Obstetric Care"}, "facility": {"code": 14998}}, {"service": {"name": "Voluntary Counselling and Testing"}, "facility": {"code": 14167}}, {"service": {"name": "Environmental Health Services"}, "facility": {"code": 14998}}, {"service": {"name": "Nutrition Services"}, "facility": {"code": 14998}}, {"service": {"name": "Laboratory Services"}, "facility": {"code": 14998}}, {"service": {"name": "Surgical Services"}, "facility": {"code": 14998}}, {"service": {"name": "Maternity Services"}, "facility": {"code": 14998}}, {"service": {"name": "Curative Services"}, "facility": {"code": 14998}}, {"service": {"name": "Immunization with additional vaccines"}, "facility": {"code": 14998}}, {"service": {"name": "Basic Immunization"}, "facility": {"code": 14998}}, {"service": {"name": "Focused Antenatal Care"}, "facility": {"code": 14998}}, {"service": {"name": "Long Term FP"}, "facility": {"code": 14998}}, {"service": {"name": "Short Term FP"}, "facility": {"code": 14998}}, {"service": {"name": "PMTCT - Maternity"}, "facility": {"code": 14998}}, {"service": {"name": "PMTCT - ANC"}, "facility": {"code": 14998}}, {"service": {"name": "Management of STIs"}, "facility": {"code": 14998}}, {"service": {"name": "Condom Promotion and Distribution"}, "facility": {"code": 14998}}, {"service": {"name": "Emergency Obstetric Care"}, "facility": {"code": 17972}}, {"service": {"name": "Curative Services"}, "facility": {"code": 17972}}, {"service": {"name": "Diagnostic Counselling and Testing"}, "facility": {"code": 15247}}, {"service": {"name": "Voluntary Counselling and Testing"}, "facility": {"code": 15247}}, {"service": {"name": "Basic Immunization"}, "facility": {"code": 17972}}, {"service": {"name": "Focused Antenatal Care"}, "facility": {"code": 17972}}, {"service": {"name": "Emergency Preparedness"}, "facility": {"code": 14993}}, {"service": {"name": "Emergency Obstetric Care"}, "facility": {"code": 14993}}, {"service": {"name": "Environmental Health Services"}, "facility": {"code": 14993}}, {"service": {"name": "Short Term FP"}, "facility": {"code": 17972}}, {"service": {"name": "Nutrition Services"}, "facility": {"code": 14993}}, {"service": {"name": "Diagnostic Counselling and Testing"}, "facility": {"code": 13731}}, {"service": {"name": "Surgical Services"}, "facility": {"code": 14993}}, {"service": {"name": "Post Exposure Prophylaxis"}, "facility": {"code": 13731}}, {"service": {"name": "Maternity Services"}, "facility": {"code": 14993}}, {"service": {"name": "Curative Services"}, "facility": {"code": 14993}}, {"service": {"name": "Emergency Preparedness"}, "facility": {"code": 10615}}, {"service": {"name": "Immunization with additional vaccines"}, "facility": {"code": 14993}}, {"service": {"name": "Environmental Health Services"}, "facility": {"code": 10615}}, {"service": {"name": "Basic Immunization"}, "facility": {"code": 14993}}, {"service": {"name": "Focused Antenatal Care"}, "facility": {"code": 14993}}, {"service": {"name": "Mental Health Services"}, "facility": {"code": 10615}}, {"service": {"name": "Voluntary Counselling and Testing"}, "facility": {"code": 17972}}, {"service": {"name": "Long Term FP"}, "facility": {"code": 14993}}, {"service": {"name": "Nutrition Services"}, "facility": {"code": 10615}}, {"service": {"name": "Short Term FP"}, "facility": {"code": 14993}}, {"service": {"name": "Immunization with additional vaccines"}, "facility": {"code": 13731}}, {"service": {"name": "Surgical Services"}, "facility": {"code": 10615}}, {"service": {"name": "PMTCT - ANC"}, "facility": {"code": 14993}}, {"service": {"name": "Condom Promotion and Distribution"}, "facility": {"code": 17972}}, {"service": {"name": "Management of STIs"}, "facility": {"code": 14993}}, {"service": {"name": "Condom Promotion and Distribution"}, "facility": {"code": 14993}}, {"service": {"name": "First Line Treatment"}, "facility": {"code": 10615}}, {"service": {"name": "Tuberculosis Culture"}, "facility": {"code": 10615}}, {"service": {"name": "Smear Microscopy"}, "facility": {"code": 10615}}, {"service": {"name": "Specialized ANC"}, "facility": {"code": 10615}}, {"service": {"name": "Integrated Services"}, "facility": {"code": 10615}}, {"service": {"name": "Permanent FP"}, "facility": {"code": 10615}}, {"service": {"name": "Long Term FP"}, "facility": {"code": 10615}}, {"service": {"name": "Diagnostic Counselling and Testing"}, "facility": {"code": 10615}}, {"service": {"name": "Voluntary Counselling and Testing"}, "facility": {"code": 10615}}, {"service": {"name": "Early Infant Diagnosis"}, "facility": {"code": 11030}}, {"service": {"name": "Basic Immunization"}, "facility": {"code": 16796}}, {"service": {"name": "Condom Promotion and Distribution"}, "facility": {"code": 11030}}, {"service": {"name": "Post Exposure Prophylaxis"}, "facility": {"code": 14912}}, {"service": {"name": "Emergency Preparedness"}, "facility": {"code": 14912}}, {"service": {"name": "Integrated Management of Childhood Illnesses"}, "facility": {"code": 14912}}, {"service": {"name": "Emergency Obstetric Care"}, "facility": {"code": 14912}}, {"service": {"name": "Environmental Health Services"}, "facility": {"code": 14912}}, {"service": {"name": "Laboratory Services"}, "facility": {"code": 14912}}, {"service": {"name": "Nutrition Services"}, "facility": {"code": 14912}}, {"service": {"name": "Surgical Services"}, "facility": {"code": 14912}}, {"service": {"name": "Maternity Services"}, "facility": {"code": 14912}}, {"service": {"name": "Curative Services"}, "facility": {"code": 14912}}, {"service": {"name": "First Line Treatment"}, "facility": {"code": 14912}}, {"service": {"name": "Immunization with additional vaccines"}, "facility": {"code": 14912}}, {"service": {"name": "Basic Immunization"}, "facility": {"code": 14912}}, {"service": {"name": "Home Based Care"}, "facility": {"code": 14912}}, {"service": {"name": "Adult Antiretroviral Therapy"}, "facility": {"code": 14912}}, {"service": {"name": "Paediatric Antiretroviral Therapy"}, "facility": {"code": 14912}}, {"service": {"name": "Focused Antenatal Care"}, "facility": {"code": 14912}}, {"service": {"name": "PMTCT - Maternity"}, "facility": {"code": 14912}}, {"service": {"name": "PMTCT - ANC"}, "facility": {"code": 14912}}, {"service": {"name": "Early Infant Diagnosis"}, "facility": {"code": 14912}}, {"service": {"name": "Diagnostic Counselling and Testing"}, "facility": {"code": 14912}}, {"service": {"name": "Provider Initiated Counselling and Testing"}, "facility": {"code": 14912}}, {"service": {"name": "Management of STIs"}, "facility": {"code": 14912}}, {"service": {"name": "PMTCT - ANC"}, "facility": {"code": 17909}}, {"service": {"name": "Nutrition Services"}, "facility": {"code": 16543}}, {"service": {"name": "Integrated Management of Childhood Illnesses"}, "facility": {"code": 16543}}, {"service": {"name": "Laboratory Services"}, "facility": {"code": 16543}}, {"service": {"name": "Surgical Services"}, "facility": {"code": 16543}}, {"service": {"name": "Curative Services"}, "facility": {"code": 16543}}, {"service": {"name": "Facility Based Blood Transfusion Service"}, "facility": {"code": 16543}}, {"service": {"name": "Adult Antiretroviral Therapy"}, "facility": {"code": 10831}}, {"service": {"name": "Paediatric Antiretroviral Therapy"}, "facility": {"code": 10831}}, {"service": {"name": "Immunization with additional vaccines"}, "facility": {"code": 16543}}, {"service": {"name": "Basic Immunization"}, "facility": {"code": 16543}}, {"service": {"name": "Early Infant Diagnosis"}, "facility": {"code": 16543}}, {"service": {"name": "PMTCT - ANC"}, "facility": {"code": 15102}}, {"service": {"name": "Emergency Preparedness"}, "facility": {"code": 14888}}, {"service": {"name": "Emergency Obstetric Care"}, "facility": {"code": 14888}}, {"service": {"name": "Nutrition Services"}, "facility": {"code": 14888}}, {"service": {"name": "Surgical Services"}, "facility": {"code": 14888}}, {"service": {"name": "Maternity Services"}, "facility": {"code": 14888}}, {"service": {"name": "Curative Services"}, "facility": {"code": 14888}}, {"service": {"name": "Immunization with additional vaccines"}, "facility": {"code": 14888}}, {"service": {"name": "Basic Immunization"}, "facility": {"code": 14888}}, {"service": {"name": "Focused Antenatal Care"}, "facility": {"code": 14888}}, {"service": {"name": "Long Term FP"}, "facility": {"code": 14888}}, {"service": {"name": "Short Term FP"}, "facility": {"code": 14888}}, {"service": {"name": "PMTCT - ANC"}, "facility": {"code": 14888}}, {"service": {"name": "Environmental Health Services"}, "facility": {"code": 15093}}, {"service": {"name": "Management of STIs"}, "facility": {"code": 14888}}, {"service": {"name": "Condom Promotion and Distribution"}, "facility": {"code": 14888}}, {"service": {"name": "Focused Antenatal Care"}, "facility": {"code": 15086}}, {"service": {"name": "PMTCT - ANC"}, "facility": {"code": 15086}}, {"service": {"name": "Emergency Preparedness"}, "facility": {"code": 14881}}, {"service": {"name": "Emergency Obstetric Care"}, "facility": {"code": 14881}}, {"service": {"name": "Rehabilitative Health Services - Physiotherapy"}, "facility": {"code": 14881}}, {"service": {"name": "Environmental Health Services"}, "facility": {"code": 14881}}, {"service": {"name": "Nutrition Services"}, "facility": {"code": 14881}}, {"service": {"name": "Surgical Services"}, "facility": {"code": 14881}}, {"service": {"name": "Maternity Services"}, "facility": {"code": 14881}}, {"service": {"name": "Curative Services"}, "facility": {"code": 14881}}, {"service": {"name": "Immunization with additional vaccines"}, "facility": {"code": 14881}}, {"service": {"name": "Basic Immunization"}, "facility": {"code": 14881}}, {"service": {"name": "Focused Antenatal Care"}, "facility": {"code": 14881}}, {"service": {"name": "Long Term FP"}, "facility": {"code": 14881}}, {"service": {"name": "Short Term FP"}, "facility": {"code": 14881}}, {"service": {"name": "PMTCT - ANC"}, "facility": {"code": 14881}}, {"service": {"name": "Management of STIs"}, "facility": {"code": 14881}}, {"service": {"name": "Condom Promotion and Distribution"}, "facility": {"code": 14881}}, {"service": {"name": "Emergency Preparedness"}, "facility": {"code": 17102}}, {"service": {"name": "PMTCT - Maternity"}, "facility": {"code": 14800}}, {"service": {"name": "Emergency Obstetric Care"}, "facility": {"code": 17102}}, {"service": {"name": "PMTCT - ANC"}, "facility": {"code": 14800}}, {"service": {"name": "Surgical Services"}, "facility": {"code": 17102}}, {"service": {"name": "Maternity Services"}, "facility": {"code": 17102}}, {"service": {"name": "Environmental Health Services"}, "facility": {"code": 14801}}, {"service": {"name": "Voluntary Counselling and Testing"}, "facility": {"code": 14800}}, {"service": {"name": "Surgical Services"}, "facility": {"code": 15272}}, {"service": {"name": "Curative Services"}, "facility": {"code": 13173}}, {"service": {"name": "Early Infant Diagnosis"}, "facility": {"code": 15030}}, {"service": {"name": "Smear Microscopy"}, "facility": {"code": 15598}}, {"service": {"name": "Nutrition Services"}, "facility": {"code": 13130}}, {"service": {"name": "Integrated Management of Childhood Illnesses"}, "facility": {"code": 13130}}, {"service": {"name": "Laboratory Services"}, "facility": {"code": 13130}}, {"service": {"name": "Curative Services"}, "facility": {"code": 13130}}, {"service": {"name": "First Line Treatment"}, "facility": {"code": 13130}}, {"service": {"name": "Smear Microscopy"}, "facility": {"code": 13130}}, {"service": {"name": "Basic Immunization"}, "facility": {"code": 13130}}, {"service": {"name": "Specialized ANC"}, "facility": {"code": 13130}}, {"service": {"name": "Focused Antenatal Care"}, "facility": {"code": 13130}}, {"service": {"name": "Integrated Services"}, "facility": {"code": 13130}}, {"service": {"name": "Long Term FP"}, "facility": {"code": 13130}}, {"service": {"name": "Short Term FP"}, "facility": {"code": 13130}}, {"service": {"name": "Home Based Care"}, "facility": {"code": 13130}}, {"service": {"name": "Adult Antiretroviral Therapy"}, "facility": {"code": 13130}}, {"service": {"name": "Post Exposure Prophylaxis"}, "facility": {"code": 13130}}, {"service": {"name": "PMTCT - ANC"}, "facility": {"code": 13130}}, {"service": {"name": "Diagnostic Counselling and Testing"}, "facility": {"code": 13130}}, {"service": {"name": "Provider Initiated Counselling and Testing"}, "facility": {"code": 13130}}, {"service": {"name": "Voluntary Counselling and Testing"}, "facility": {"code": 13130}}, {"service": {"name": "Management of STIs"}, "facility": {"code": 13130}}, {"service": {"name": "Condom Promotion and Distribution"}, "facility": {"code": 13130}}, {"service": {"name": "Laboratory Services"}, "facility": {"code": 11820}}, {"service": {"name": "Surgical Services"}, "facility": {"code": 11820}}, {"service": {"name": "Curative Services"}, "facility": {"code": 11820}}, {"service": {"name": "Management of STIs"}, "facility": {"code": 11820}}, {"service": {"name": "Long Term FP"}, "facility": {"code": 17970}}, {"service": {"name": "Short Term FP"}, "facility": {"code": 17970}}, {"service": {"name": "Adult Antiretroviral Therapy"}, "facility": {"code": 17970}}, {"service": {"name": "Management of STIs"}, "facility": {"code": 17970}}, {"service": {"name": "Integrated Management of Childhood Illnesses"}, "facility": {"code": 11707}}, {"service": {"name": "Surgical Services"}, "facility": {"code": 11707}}, {"service": {"name": "Curative Services"}, "facility": {"code": 11707}}, {"service": {"name": "Long Term FP"}, "facility": {"code": 11707}}, {"service": {"name": "Short Term FP"}, "facility": {"code": 11707}}, {"service": {"name": "Voluntary Male Circumcision"}, "facility": {"code": 11707}}, {"service": {"name": "Management of STIs"}, "facility": {"code": 11707}}, {"service": {"name": "Condom Promotion and Distribution"}, "facility": {"code": 11707}}, {"service": {"name": "Surgical Services"}, "facility": {"code": 11564}}, {"service": {"name": "Curative Services"}, "facility": {"code": 11564}}, {"service": {"name": "Short Term FP"}, "facility": {"code": 11564}}, {"service": {"name": "Long Term FP"}, "facility": {"code": 11564}}, {"service": {"name": "Voluntary Male Circumcision"}, "facility": {"code": 11564}}, {"service": {"name": "Management of STIs"}, "facility": {"code": 11564}}, {"service": {"name": "Home Based Care"}, "facility": {"code": 14178}}, {"service": {"name": "Dental Laboratory Services"}, "facility": {"code": 11402}}, {"service": {"name": "Laboratory Services"}, "facility": {"code": 11402}}, {"service": {"name": "Surgical Services"}, "facility": {"code": 11402}}, {"service": {"name": "Curative Services"}, "facility": {"code": 11402}}, {"service": {"name": "Focused Antenatal Care"}, "facility": {"code": 11402}}, {"service": {"name": "Long Term FP"}, "facility": {"code": 11402}}, {"service": {"name": "Short Term FP"}, "facility": {"code": 11402}}, {"service": {"name": "Post Exposure Prophylaxis"}, "facility": {"code": 11402}}, {"service": {"name": "PMTCT - Maternity"}, "facility": {"code": 11402}}, {"service": {"name": "PMTCT - ANC"}, "facility": {"code": 11402}}, {"service": {"name": "Early Infant Diagnosis"}, "facility": {"code": 11402}}, {"service": {"name": "Maternity Services"}, "facility": {"code": 11937}}, {"service": {"name": "Diagnostic Counselling and Testing"}, "facility": {"code": 11402}}, {"service": {"name": "Provider Initiated Counselling and Testing"}, "facility": {"code": 11402}}, {"service": {"name": "Voluntary Counselling and Testing"}, "facility": {"code": 11402}}, {"service": {"name": "Management of STIs"}, "facility": {"code": 11402}}, {"service": {"name": "Condom Promotion and Distribution"}, "facility": {"code": 11402}}, {"service": {"name": "Curative Services"}, "facility": {"code": 11937}}, {"service": {"name": "Management of STIs"}, "facility": {"code": 11937}}, {"service": {"name": "Basic Immunization"}, "facility": {"code": 11937}}, {"service": {"name": "Environmental Health Services"}, "facility": {"code": 13950}}, {"service": {"name": "Focused Antenatal Care"}, "facility": {"code": 11937}}, {"service": {"name": "Permanent FP"}, "facility": {"code": 11937}}, {"service": {"name": "Long Term FP"}, "facility": {"code": 11937}}, {"service": {"name": "Short Term FP"}, "facility": {"code": 11937}}, {"service": {"name": "PMTCT - Maternity"}, "facility": {"code": 11937}}, {"service": {"name": "PMTCT - ANC"}, "facility": {"code": 11937}}, {"service": {"name": "First Line Treatment"}, "facility": {"code": 13950}}, {"service": {"name": "Diagnostic Counselling and Testing"}, "facility": {"code": 11937}}, {"service": {"name": "Provider Initiated Counselling and Testing"}, "facility": {"code": 11937}}, {"service": {"name": "Condom Promotion and Distribution"}, "facility": {"code": 11937}}, {"service": {"name": "Post Exposure Prophylaxis"}, "facility": {"code": 13950}}, {"service": {"name": "Home Based Care"}, "facility": {"code": 13950}}, {"service": {"name": "Focused Antenatal Care"}, "facility": {"code": 11921}}, {"service": {"name": "Diagnostic Counselling and Testing"}, "facility": {"code": 11921}}, {"service": {"name": "Provider Initiated Counselling and Testing"}, "facility": {"code": 11921}}, {"service": {"name": "Laboratory Services"}, "facility": {"code": 11921}}, {"service": {"name": "Curative Services"}, "facility": {"code": 11921}}, {"service": {"name": "Emergency Preparedness"}, "facility": {"code": 14843}}, {"service": {"name": "Emergency Obstetric Care"}, "facility": {"code": 14843}}, {"service": {"name": "Environmental Health Services"}, "facility": {"code": 14843}}, {"service": {"name": "Nutrition Services"}, "facility": {"code": 14843}}, {"service": {"name": "Integrated Management of Childhood Illnesses"}, "facility": {"code": 14843}}, {"service": {"name": "Surgical Services"}, "facility": {"code": 14843}}, {"service": {"name": "Maternity Services"}, "facility": {"code": 14843}}, {"service": {"name": "Curative Services"}, "facility": {"code": 14843}}, {"service": {"name": "Immunization with additional vaccines"}, "facility": {"code": 14843}}, {"service": {"name": "Focused Antenatal Care"}, "facility": {"code": 14843}}, {"service": {"name": "Basic Immunization"}, "facility": {"code": 14843}}, {"service": {"name": "Short Term FP"}, "facility": {"code": 14843}}, {"service": {"name": "PMTCT - ANC"}, "facility": {"code": 14843}}, {"service": {"name": "Management of STIs"}, "facility": {"code": 14843}}, {"service": {"name": "Condom Promotion and Distribution"}, "facility": {"code": 14843}}, {"service": {"name": "Emergency Preparedness"}, "facility": {"code": 14817}}, {"service": {"name": "Emergency Obstetric Care"}, "facility": {"code": 14817}}, {"service": {"name": "Nutrition Services"}, "facility": {"code": 14817}}, {"service": {"name": "Surgical Services"}, "facility": {"code": 14817}}, {"service": {"name": "Maternity Services"}, "facility": {"code": 14817}}, {"service": {"name": "Curative Services"}, "facility": {"code": 14817}}, {"service": {"name": "Focused Antenatal Care"}, "facility": {"code": 14817}}, {"service": {"name": "Short Term FP"}, "facility": {"code": 14817}}, {"service": {"name": "Management of STIs"}, "facility": {"code": 14817}}, {"service": {"name": "Condom Promotion and Distribution"}, "facility": {"code": 14817}}, {"service": {"name": "Basic Immunization"}, "facility": {"code": 10056}}, {"service": {"name": "Laboratory Services"}, "facility": {"code": 10056}}, {"service": {"name": "Curative Services"}, "facility": {"code": 10056}}, {"service": {"name": "Emergency Preparedness"}, "facility": {"code": 14812}}, {"service": {"name": "Emergency Obstetric Care"}, "facility": {"code": 14812}}, {"service": {"name": "Nutrition Services"}, "facility": {"code": 14812}}, {"service": {"name": "Surgical Services"}, "facility": {"code": 14812}}, {"service": {"name": "Maternity Services"}, "facility": {"code": 14812}}, {"service": {"name": "Curative Services"}, "facility": {"code": 14812}}, {"service": {"name": "Short Term FP"}, "facility": {"code": 14812}}, {"service": {"name": "Management of STIs"}, "facility": {"code": 14812}}, {"service": {"name": "Condom Promotion and Distribution"}, "facility": {"code": 14812}}, {"service": {"name": "Emergency Preparedness"}, "facility": {"code": 14609}}, {"service": {"name": "Emergency Obstetric Care"}, "facility": {"code": 14609}}, {"service": {"name": "Environmental Health Services"}, "facility": {"code": 14609}}, {"service": {"name": "Nutrition Services"}, "facility": {"code": 14609}}, {"service": {"name": "Integrated Management of Childhood Illnesses"}, "facility": {"code": 14609}}, {"service": {"name": "Ambulance Sevices"}, "facility": {"code": 14609}}, {"service": {"name": "Laboratory Services"}, "facility": {"code": 14609}}, {"service": {"name": "Surgical Services"}, "facility": {"code": 14609}}, {"service": {"name": "Maternity Services"}, "facility": {"code": 14609}}, {"service": {"name": "Curative Services"}, "facility": {"code": 14609}}, {"service": {"name": "First Line Treatment"}, "facility": {"code": 14609}}, {"service": {"name": "Tuberculosis Culture"}, "facility": {"code": 14609}}, {"service": {"name": "Smear Microscopy"}, "facility": {"code": 14609}}, {"service": {"name": "Immunization with additional vaccines"}, "facility": {"code": 14609}}, {"service": {"name": "Basic Immunization"}, "facility": {"code": 14609}}, {"service": {"name": "Focused Antenatal Care"}, "facility": {"code": 14609}}, {"service": {"name": "Long Term FP"}, "facility": {"code": 14609}}, {"service": {"name": "Short Term FP"}, "facility": {"code": 14609}}, {"service": {"name": "Home Based Care"}, "facility": {"code": 14609}}, {"service": {"name": "Adult Antiretroviral Therapy"}, "facility": {"code": 14609}}, {"service": {"name": "Curative Services"}, "facility": {"code": 14378}}, {"service": {"name": "Paediatric Antiretroviral Therapy"}, "facility": {"code": 14609}}, {"service": {"name": "Post Exposure Prophylaxis"}, "facility": {"code": 14609}}, {"service": {"name": "PMTCT - Maternity"}, "facility": {"code": 14609}}, {"service": {"name": "PMTCT - ANC"}, "facility": {"code": 14609}}, {"service": {"name": "Early Infant Diagnosis"}, "facility": {"code": 14609}}, {"service": {"name": "Diagnostic Counselling and Testing"}, "facility": {"code": 14609}}, {"service": {"name": "Provider Initiated Counselling and Testing"}, "facility": {"code": 14609}}, {"service": {"name": "Voluntary Counselling and Testing"}, "facility": {"code": 14609}}, {"service": {"name": "Management of STIs"}, "facility": {"code": 14609}}, {"service": {"name": "Condom Promotion and Distribution"}, "facility": {"code": 14609}}, {"service": {"name": "Integrated Management of Childhood Illnesses"}, "facility": {"code": 14198}}, {"service": {"name": "Laboratory Services"}, "facility": {"code": 14198}}, {"service": {"name": "Maternity Services"}, "facility": {"code": 14198}}, {"service": {"name": "Curative Services"}, "facility": {"code": 14198}}, {"service": {"name": "First Line Treatment"}, "facility": {"code": 14198}}, {"service": {"name": "Smear Microscopy"}, "facility": {"code": 14198}}, {"service": {"name": "Basic Immunization"}, "facility": {"code": 14198}}, {"service": {"name": "Focused Antenatal Care"}, "facility": {"code": 14198}}, {"service": {"name": "Adult Antiretroviral Therapy"}, "facility": {"code": 14198}}, {"service": {"name": "Paediatric Antiretroviral Therapy"}, "facility": {"code": 14198}}, {"service": {"name": "Post Exposure Prophylaxis"}, "facility": {"code": 14198}}, {"service": {"name": "PMTCT - Maternity"}, "facility": {"code": 14198}}, {"service": {"name": "PMTCT - ANC"}, "facility": {"code": 14198}}, {"service": {"name": "Early Infant Diagnosis"}, "facility": {"code": 14198}}, {"service": {"name": "Diagnostic Counselling and Testing"}, "facility": {"code": 14198}}, {"service": {"name": "Provider Initiated Counselling and Testing"}, "facility": {"code": 14198}}, {"service": {"name": "Voluntary Counselling and Testing"}, "facility": {"code": 14198}}, {"service": {"name": "Management of STIs"}, "facility": {"code": 14198}}, {"service": {"name": "Laboratory Services"}, "facility": {"code": 11808}}, {"service": {"name": "Curative Services"}, "facility": {"code": 11808}}, {"service": {"name": "Focused Antenatal Care"}, "facility": {"code": 11808}}, {"service": {"name": "Short Term FP"}, "facility": {"code": 11808}}, {"service": {"name": "Voluntary Male Circumcision"}, "facility": {"code": 11808}}, {"service": {"name": "PMTCT - Maternity"}, "facility": {"code": 11808}}, {"service": {"name": "PMTCT - ANC"}, "facility": {"code": 11808}}, {"service": {"name": "Provider Initiated Counselling and Testing"}, "facility": {"code": 11808}}, {"service": {"name": "Diagnostic Counselling and Testing"}, "facility": {"code": 11808}}, {"service": {"name": "Voluntary Counselling and Testing"}, "facility": {"code": 11808}}, {"service": {"name": "Management of STIs"}, "facility": {"code": 11808}}, {"service": {"name": "Condom Promotion and Distribution"}, "facility": {"code": 11808}}, {"service": {"name": "Laboratory Services"}, "facility": {"code": 11412}}, {"service": {"name": "Curative Services"}, "facility": {"code": 11412}}, {"service": {"name": "Smear Microscopy"}, "facility": {"code": 11412}}, {"service": {"name": "Immunization with additional vaccines"}, "facility": {"code": 11412}}, {"service": {"name": "Basic Immunization"}, "facility": {"code": 11412}}, {"service": {"name": "Focused Antenatal Care"}, "facility": {"code": 11412}}, {"service": {"name": "PMTCT - ANC"}, "facility": {"code": 11412}}, {"service": {"name": "Early Infant Diagnosis"}, "facility": {"code": 11412}}, {"service": {"name": "Diagnostic Counselling and Testing"}, "facility": {"code": 11412}}, {"service": {"name": "Provider Initiated Counselling and Testing"}, "facility": {"code": 11412}}, {"service": {"name": "Management of STIs"}, "facility": {"code": 11412}}, {"service": {"name": "Emergency Preparedness"}, "facility": {"code": 11897}}, {"service": {"name": "Maternity Services"}, "facility": {"code": 11897}}, {"service": {"name": "Laboratory Services"}, "facility": {"code": 11897}}, {"service": {"name": "Surgical Services"}, "facility": {"code": 11897}}, {"service": {"name": "Curative Services"}, "facility": {"code": 11897}}, {"service": {"name": "First Line Treatment"}, "facility": {"code": 11897}}, {"service": {"name": "Smear Microscopy"}, "facility": {"code": 11897}}, {"service": {"name": "Immunization with additional vaccines"}, "facility": {"code": 11897}}, {"service": {"name": "Basic Immunization"}, "facility": {"code": 11897}}, {"service": {"name": "Focused Antenatal Care"}, "facility": {"code": 11897}}, {"service": {"name": "Long Term FP"}, "facility": {"code": 11897}}, {"service": {"name": "Short Term FP"}, "facility": {"code": 11897}}, {"service": {"name": "Adult Antiretroviral Therapy"}, "facility": {"code": 11897}}, {"service": {"name": "Paediatric Antiretroviral Therapy"}, "facility": {"code": 11897}}, {"service": {"name": "Post Exposure Prophylaxis"}, "facility": {"code": 11897}}, {"service": {"name": "Voluntary Male Circumcision"}, "facility": {"code": 11897}}, {"service": {"name": "PMTCT - Maternity"}, "facility": {"code": 11897}}, {"service": {"name": "PMTCT - ANC"}, "facility": {"code": 11897}}, {"service": {"name": "Early Infant Diagnosis"}, "facility": {"code": 11897}}, {"service": {"name": "Diagnostic Counselling and Testing"}, "facility": {"code": 11897}}, {"service": {"name": "Provider Initiated Counselling and Testing"}, "facility": {"code": 11897}}, {"service": {"name": "Management of STIs"}, "facility": {"code": 11897}}, {"service": {"name": "Condom Promotion and Distribution"}, "facility": {"code": 11897}}, {"service": {"name": "Maternity Services"}, "facility": {"code": 16367}}, {"service": {"name": "Curative Services"}, "facility": {"code": 16367}}, {"service": {"name": "Basic Immunization"}, "facility": {"code": 16367}}, {"service": {"name": "Focused Antenatal Care"}, "facility": {"code": 16367}}, {"service": {"name": "Long Term FP"}, "facility": {"code": 16367}}, {"service": {"name": "Short Term FP"}, "facility": {"code": 16367}}, {"service": {"name": "Adult Antiretroviral Therapy"}, "facility": {"code": 16367}}, {"service": {"name": "Paediatric Antiretroviral Therapy"}, "facility": {"code": 16367}}, {"service": {"name": "Post Exposure Prophylaxis"}, "facility": {"code": 16367}}, {"service": {"name": "Long Term FP"}, "facility": {"code": 17693}}, {"service": {"name": "PMTCT - Maternity"}, "facility": {"code": 16367}}, {"service": {"name": "Short Term FP"}, "facility": {"code": 17693}}, {"service": {"name": "PMTCT - ANC"}, "facility": {"code": 16367}}, {"service": {"name": "Provider Initiated Counselling and Testing"}, "facility": {"code": 16367}}, {"service": {"name": "Voluntary Counselling and Testing"}, "facility": {"code": 16367}}, {"service": {"name": "Condom Promotion and Distribution"}, "facility": {"code": 16367}}, {"service": {"name": "Diagnostic Counselling and Testing"}, "facility": {"code": 17693}}, {"service": {"name": "Provider Initiated Counselling and Testing"}, "facility": {"code": 17693}}, {"service": {"name": "Integrated Management of Childhood Illnesses"}, "facility": {"code": 11409}}, {"service": {"name": "Maternity Services"}, "facility": {"code": 11409}}, {"service": {"name": "Curative Services"}, "facility": {"code": 11409}}, {"service": {"name": "Immunization with additional vaccines"}, "facility": {"code": 11409}}, {"service": {"name": "Basic Immunization"}, "facility": {"code": 11409}}, {"service": {"name": "Focused Antenatal Care"}, "facility": {"code": 11409}}, {"service": {"name": "Long Term FP"}, "facility": {"code": 11409}}, {"service": {"name": "Short Term FP"}, "facility": {"code": 11409}}, {"service": {"name": "Adult Antiretroviral Therapy"}, "facility": {"code": 11409}}, {"service": {"name": "Paediatric Antiretroviral Therapy"}, "facility": {"code": 11409}}, {"service": {"name": "Post Exposure Prophylaxis"}, "facility": {"code": 11409}}, {"service": {"name": "PMTCT - Maternity"}, "facility": {"code": 11409}}, {"service": {"name": "PMTCT - ANC"}, "facility": {"code": 11409}}, {"service": {"name": "Early Infant Diagnosis"}, "facility": {"code": 11409}}, {"service": {"name": "Diagnostic Counselling and Testing"}, "facility": {"code": 11409}}, {"service": {"name": "Provider Initiated Counselling and Testing"}, "facility": {"code": 11409}}, {"service": {"name": "Voluntary Counselling and Testing"}, "facility": {"code": 11409}}, {"service": {"name": "Management of STIs"}, "facility": {"code": 11409}}, {"service": {"name": "Condom Promotion and Distribution"}, "facility": {"code": 11409}}, {"service": {"name": "Condom Promotion and Distribution"}, "facility": {"code": 17455}}, {"service": {"name": "Facility Based Blood Transfusion Service"}, "facility": {"code": 13004}}, {"service": {"name": "Facility Based Blood Collection Service"}, "facility": {"code": 13004}}, {"service": {"name": "Rehabilitative Health Services - Orthopaedic Technology"}, "facility": {"code": 13004}}, {"service": {"name": "First Line Treatment"}, "facility": {"code": 13004}}, {"service": {"name": "Tuberculosis Culture"}, "facility": {"code": 13004}}, {"service": {"name": "Smear Microscopy"}, "facility": {"code": 13004}}, {"service": {"name": "Port Immunization Services"}, "facility": {"code": 13004}}, {"service": {"name": "Immunization with additional vaccines"}, "facility": {"code": 13004}}, {"service": {"name": "Basic Immunization"}, "facility": {"code": 13004}}, {"service": {"name": "Mental Health Services"}, "facility": {"code": 15568}}, {"service": {"name": "Specialized ANC"}, "facility": {"code": 13004}}, {"service": {"name": "Services for Sexual Violence Survivors"}, "facility": {"code": 15568}}, {"service": {"name": "Focused Antenatal Care"}, "facility": {"code": 13004}}, {"service": {"name": "Opthalmic Services"}, "facility": {"code": 15568}}, {"service": {"name": "Permanent FP"}, "facility": {"code": 13004}}, {"service": {"name": "Integrated Management of Childhood Illnesses"}, "facility": {"code": 15568}}, {"service": {"name": "Condom Promotion and Distribution"}, "facility": {"code": 13004}}, {"service": {"name": "Surgical Services"}, "facility": {"code": 15568}}, {"service": {"name": "Paediatric Antiretroviral Therapy"}, "facility": {"code": 15568}}, {"service": {"name": "Early Infant Diagnosis"}, "facility": {"code": 15568}}, {"service": {"name": "Post Exposure Prophylaxis"}, "facility": {"code": 15568}}, {"service": {"name": "PMTCT - Maternity"}, "facility": {"code": 15568}}, {"service": {"name": "Voluntary Counselling and Testing"}, "facility": {"code": 15568}}, {"service": {"name": "Emergency Obstetric Care"}, "facility": {"code": 17969}}, {"service": {"name": "Opthalmic Services"}, "facility": {"code": 17969}}, {"service": {"name": "Nutrition Services"}, "facility": {"code": 17969}}, {"service": {"name": "Laboratory Services"}, "facility": {"code": 17969}}, {"service": {"name": "Surgical Services"}, "facility": {"code": 17969}}, {"service": {"name": "Maternity Services"}, "facility": {"code": 17969}}, {"service": {"name": "Curative Services"}, "facility": {"code": 17969}}, {"service": {"name": "Environmental Health Services"}, "facility": {"code": 17317}}, {"service": {"name": "Nutrition Services"}, "facility": {"code": 17317}}, {"service": {"name": "Focused Antenatal Care"}, "facility": {"code": 17317}}, {"service": {"name": "Short Term FP"}, "facility": {"code": 17317}}, {"service": {"name": "Management of STIs"}, "facility": {"code": 17317}}, {"service": {"name": "Condom Promotion and Distribution"}, "facility": {"code": 17317}}, {"service": {"name": "Curative Services"}, "facility": {"code": 11594}}, {"service": {"name": "Long Term FP"}, "facility": {"code": 11594}}, {"service": {"name": "Short Term FP"}, "facility": {"code": 11594}}, {"service": {"name": "Condom Promotion and Distribution"}, "facility": {"code": 11594}}, {"service": {"name": "Management of STIs"}, "facility": {"code": 11594}}, {"service": {"name": "Surgical Services"}, "facility": {"code": 14523}}, {"service": {"name": "Short Term FP"}, "facility": {"code": 14523}}, {"service": {"name": "Maternity Services"}, "facility": {"code": 14562}}, {"service": {"name": "Long Term FP"}, "facility": {"code": 14562}}, {"service": {"name": "PMTCT - ANC"}, "facility": {"code": 14562}}, {"service": {"name": "Laboratory Services"}, "facility": {"code": 13140}}, {"service": {"name": "Curative Services"}, "facility": {"code": 13140}}, {"service": {"name": "Nutrition Services"}, "facility": {"code": 13193}}, {"service": {"name": "Integrated Management of Childhood Illnesses"}, "facility": {"code": 13193}}, {"service": {"name": "Laboratory Services"}, "facility": {"code": 13193}}, {"service": {"name": "Curative Services"}, "facility": {"code": 13193}}, {"service": {"name": "Paediatric Antiretroviral Therapy"}, "facility": {"code": 13193}}, {"service": {"name": "Nutrition Services"}, "facility": {"code": 13121}}, {"service": {"name": "Laboratory Services"}, "facility": {"code": 13121}}, {"service": {"name": "Radiology Services"}, "facility": {"code": 13121}}, {"service": {"name": "Curative Services"}, "facility": {"code": 13121}}, {"service": {"name": "Emergency Preparedness"}, "facility": {"code": 10072}}, {"service": {"name": "Oral Health Services (Dental Services)"}, "facility": {"code": 10072}}, {"service": {"name": "Emergency Obstetric Care"}, "facility": {"code": 10072}}, {"service": {"name": "Nutrition Services"}, "facility": {"code": 10072}}, {"service": {"name": "Integrated Management of Childhood Illnesses"}, "facility": {"code": 10072}}, {"service": {"name": "Ambulance Sevices"}, "facility": {"code": 10072}}, {"service": {"name": "Laboratory Services"}, "facility": {"code": 10072}}, {"service": {"name": "Radiology Services"}, "facility": {"code": 10072}}, {"service": {"name": "Maternity Services"}, "facility": {"code": 10072}}, {"service": {"name": "Curative Services"}, "facility": {"code": 10072}}, {"service": {"name": "Smear Microscopy"}, "facility": {"code": 10072}}, {"service": {"name": "Immunization with additional vaccines"}, "facility": {"code": 10072}}, {"service": {"name": "Basic Immunization"}, "facility": {"code": 10072}}, {"service": {"name": "Stand Alone Services"}, "facility": {"code": 10072}}, {"service": {"name": "Integrated Services"}, "facility": {"code": 10072}}, {"service": {"name": "Post Exposure Prophylaxis"}, "facility": {"code": 10072}}, {"service": {"name": "Voluntary Male Circumcision"}, "facility": {"code": 10072}}, {"service": {"name": "PMTCT - Maternity"}, "facility": {"code": 10072}}, {"service": {"name": "PMTCT - ANC"}, "facility": {"code": 10072}}, {"service": {"name": "Early Infant Diagnosis"}, "facility": {"code": 10072}}, {"service": {"name": "Diagnostic Counselling and Testing"}, "facility": {"code": 10072}}, {"service": {"name": "Provider Initiated Counselling and Testing"}, "facility": {"code": 10072}}, {"service": {"name": "Management of STIs"}, "facility": {"code": 10072}}, {"service": {"name": "Management of STIs"}, "facility": {"code": 11759}}, {"service": {"name": "Surgical Services"}, "facility": {"code": 17967}}, {"service": {"name": "Maternity Services"}, "facility": {"code": 17967}}, {"service": {"name": "Curative Services"}, "facility": {"code": 17967}}, {"service": {"name": "Smear Microscopy"}, "facility": {"code": 17967}}, {"service": {"name": "Focused Antenatal Care"}, "facility": {"code": 17967}}, {"service": {"name": "Integrated Services"}, "facility": {"code": 17967}}, {"service": {"name": "Permanent FP"}, "facility": {"code": 17967}}, {"service": {"name": "Long Term FP"}, "facility": {"code": 17967}}, {"service": {"name": "Short Term FP"}, "facility": {"code": 17967}}, {"service": {"name": "Management of STIs"}, "facility": {"code": 17967}}, {"service": {"name": "Post Exposure Prophylaxis"}, "facility": {"code": 17967}}, {"service": {"name": "PMTCT - Maternity"}, "facility": {"code": 17967}}, {"service": {"name": "PMTCT - ANC"}, "facility": {"code": 17967}}, {"service": {"name": "Early Infant Diagnosis"}, "facility": {"code": 17967}}, {"service": {"name": "Diagnostic Counselling and Testing"}, "facility": {"code": 17967}}, {"service": {"name": "Provider Initiated Counselling and Testing"}, "facility": {"code": 17967}}, {"service": {"name": "Voluntary Counselling and Testing"}, "facility": {"code": 17967}}, {"service": {"name": "Condom Promotion and Distribution"}, "facility": {"code": 17967}}, {"service": {"name": "Nutrition Services"}, "facility": {"code": 13091}}, {"service": {"name": "Laboratory Services"}, "facility": {"code": 13091}}, {"service": {"name": "Maternity Services"}, "facility": {"code": 13091}}, {"service": {"name": "Curative Services"}, "facility": {"code": 13091}}], "unique_fields": ["facility", "service"], "model": "facilities.FacilityService"}]