[{"records": [{"service": {"name": "Short Term FP"}, "facility": {"code": 20291}}, {"service": {"name": "Adult Antiretroviral Therapy"}, "facility": {"code": 20291}}, {"service": {"name": "Paediatric Antiretroviral Therapy"}, "facility": {"code": 20291}}, {"service": {"name": "Post Exposure Prophylaxis"}, "facility": {"code": 20291}}, {"service": {"name": "PMTCT - Maternity"}, "facility": {"code": 20291}}, {"service": {"name": "PMTCT - ANC"}, "facility": {"code": 20291}}, {"service": {"name": "Early Infant Diagnosis"}, "facility": {"code": 20291}}, {"service": {"name": "Diagnostic Counselling and Testing"}, "facility": {"code": 20291}}, {"service": {"name": "Provider Initiated Counselling and Testing"}, "facility": {"code": 20291}}, {"service": {"name": "Management of STIs"}, "facility": {"code": 20291}}, {"service": {"name": "Condom Promotion and Distribution"}, "facility": {"code": 20291}}, {"service": {"name": "Nutrition Services"}, "facility": {"code": 20290}}, {"service": {"name": "Maternity Services"}, "facility": {"code": 20290}}, {"service": {"name": "Curative Services"}, "facility": {"code": 20290}}, {"service": {"name": "Basic Immunization"}, "facility": {"code": 20290}}, {"service": {"name": "Focused Antenatal Care"}, "facility": {"code": 20290}}, {"service": {"name": "Short Term FP"}, "facility": {"code": 20290}}, {"service": {"name": "Adult Antiretroviral Therapy"}, "facility": {"code": 20290}}, {"service": {"name": "Paediatric Antiretroviral Therapy"}, "facility": {"code": 20290}}, {"service": {"name": "Post Exposure Prophylaxis"}, "facility": {"code": 20290}}, {"service": {"name": "PMTCT - Maternity"}, "facility": {"code": 20290}}, {"service": {"name": "PMTCT - ANC"}, "facility": {"code": 20290}}, {"service": {"name": "Early Infant Diagnosis"}, "facility": {"code": 20290}}, {"service": {"name": "Diagnostic Counselling and Testing"}, "facility": {"code": 20290}}, {"service": {"name": "Provider Initiated Counselling and Testing"}, "facility": {"code": 20290}}, {"service": {"name": "Management of STIs"}, "facility": {"code": 20290}}, {"service": {"name": "Condom Promotion and Distribution"}, "facility": {"code": 20290}}, {"service": {"name": "Services for Sexual Violence Survivors"}, "facility": {"code": 20289}}, {"service": {"name": "Mental Health Services"}, "facility": {"code": 20289}}, {"service": {"name": "Nutrition Services"}, "facility": {"code": 20289}}, {"service": {"name": "Maternity Services"}, "facility": {"code": 20289}}, {"service": {"name": "Curative Services"}, "facility": {"code": 20289}}, {"service": {"name": "Basic Immunization"}, "facility": {"code": 20289}}, {"service": {"name": "Focused Antenatal Care"}, "facility": {"code": 20289}}, {"service": {"name": "Short Term FP"}, "facility": {"code": 20289}}, {"service": {"name": "Post Exposure Prophylaxis"}, "facility": {"code": 20289}}, {"service": {"name": "PMTCT - Maternity"}, "facility": {"code": 20289}}, {"service": {"name": "PMTCT - ANC"}, "facility": {"code": 20289}}, {"service": {"name": "Early Infant Diagnosis"}, "facility": {"code": 20289}}, {"service": {"name": "Diagnostic Counselling and Testing"}, "facility": {"code": 20289}}, {"service": {"name": "Provider Initiated Counselling and Testing"}, "facility": {"code": 20289}}, {"service": {"name": "Management of STIs"}, "facility": {"code": 20289}}, {"service": {"name": "Condom Promotion and Distribution"}, "facility": {"code": 20289}}, {"service": {"name": "Home Based Care"}, "facility": {"code": 20289}}, {"service": {"name": "Emergency Obstetric Care"}, "facility": {"code": 20288}}, {"service": {"name": "Curative Services"}, "facility": {"code": 20288}}, {"service": {"name": "Short Term FP"}, "facility": {"code": 20288}}, {"service": {"name": "PMTCT - ANC"}, "facility": {"code": 20288}}, {"service": {"name": "Management of STIs"}, "facility": {"code": 20288}}, {"service": {"name": "Condom Promotion and Distribution"}, "facility": {"code": 20288}}, {"service": {"name": "Emergency Obstetric Care"}, "facility": {"code": 20287}}, {"service": {"name": "Laboratory Services"}, "facility": {"code": 20287}}, {"service": {"name": "Curative Services"}, "facility": {"code": 20287}}, {"service": {"name": "Smear Microscopy"}, "facility": {"code": 20287}}, {"service": {"name": "Basic Immunization"}, "facility": {"code": 20287}}, {"service": {"name": "Short Term FP"}, "facility": {"code": 20287}}, {"service": {"name": "PMTCT - ANC"}, "facility": {"code": 20287}}, {"service": {"name": "Provider Initiated Counselling and Testing"}, "facility": {"code": 20287}}, {"service": {"name": "Management of STIs"}, "facility": {"code": 20287}}, {"service": {"name": "Condom Promotion and Distribution"}, "facility": {"code": 20287}}, {"service": {"name": "Emergency Obstetric Care"}, "facility": {"code": 20286}}, {"service": {"name": "Curative Services"}, "facility": {"code": 20286}}, {"service": {"name": "Basic Immunization"}, "facility": {"code": 20286}}, {"service": {"name": "Short Term FP"}, "facility": {"code": 20286}}, {"service": {"name": "Post Exposure Prophylaxis"}, "facility": {"code": 20286}}, {"service": {"name": "PMTCT - ANC"}, "facility": {"code": 20286}}, {"service": {"name": "Provider Initiated Counselling and Testing"}, "facility": {"code": 20286}}, {"service": {"name": "Management of STIs"}, "facility": {"code": 20286}}, {"service": {"name": "Condom Promotion and Distribution"}, "facility": {"code": 20286}}, {"service": {"name": "Environmental Health Services"}, "facility": {"code": 20285}}, {"service": {"name": "Maternity Services"}, "facility": {"code": 20285}}, {"service": {"name": "Curative Services"}, "facility": {"code": 20285}}, {"service": {"name": "Basic Immunization"}, "facility": {"code": 20285}}, {"service": {"name": "Focused Antenatal Care"}, "facility": {"code": 20285}}, {"service": {"name": "Integrated Services"}, "facility": {"code": 20285}}, {"service": {"name": "Home Based Care"}, "facility": {"code": 20285}}, {"service": {"name": "Adult Antiretroviral Therapy"}, "facility": {"code": 20285}}, {"service": {"name": "Paediatric Antiretroviral Therapy"}, "facility": {"code": 20285}}, {"service": {"name": "Short Term FP"}, "facility": {"code": 20285}}, {"service": {"name": "Post Exposure Prophylaxis"}, "facility": {"code": 20285}}, {"service": {"name": "Voluntary Male Circumcision"}, "facility": {"code": 20285}}, {"service": {"name": "PMTCT - Maternity"}, "facility": {"code": 20285}}, {"service": {"name": "PMTCT - ANC"}, "facility": {"code": 20285}}, {"service": {"name": "Early Infant Diagnosis"}, "facility": {"code": 20285}}, {"service": {"name": "Diagnostic Counselling and Testing"}, "facility": {"code": 20285}}, {"service": {"name": "Provider Initiated Counselling and Testing"}, "facility": {"code": 20285}}, {"service": {"name": "Voluntary Counselling and Testing"}, "facility": {"code": 20285}}, {"service": {"name": "Management of STIs"}, "facility": {"code": 20285}}, {"service": {"name": "Condom Promotion and Distribution"}, "facility": {"code": 20285}}, {"service": {"name": "Immunization with additional vaccines"}, "facility": {"code": 20285}}, {"service": {"name": "Facility Based Blood Transfusion Service"}, "facility": {"code": 20285}}, {"service": {"name": "Facility Based Blood Collection Service"}, "facility": {"code": 20285}}, {"service": {"name": "Rehabilitative Health Services - Occupational Health"}, "facility": {"code": 20285}}, {"service": {"name": "Integrated Management of Childhood Illnesses"}, "facility": {"code": 20283}}, {"service": {"name": "Laboratory Services"}, "facility": {"code": 20283}}, {"service": {"name": "Curative Services"}, "facility": {"code": 20283}}, {"service": {"name": "Focused Antenatal Care"}, "facility": {"code": 20283}}, {"service": {"name": "Short Term FP"}, "facility": {"code": 20283}}, {"service": {"name": "PMTCT - ANC"}, "facility": {"code": 20283}}, {"service": {"name": "Provider Initiated Counselling and Testing"}, "facility": {"code": 20283}}, {"service": {"name": "Management of STIs"}, "facility": {"code": 20283}}, {"service": {"name": "ENT Services"}, "facility": {"code": 20282}}, {"service": {"name": "Dental Laboratory Services"}, "facility": {"code": 20282}}, {"service": {"name": "Emergency Obstetric Care"}, "facility": {"code": 20282}}, {"service": {"name": "Curative Services"}, "facility": {"code": 20282}}, {"service": {"name": "Focused Antenatal Care"}, "facility": {"code": 20282}}, {"service": {"name": "Long Term FP"}, "facility": {"code": 20282}}, {"service": {"name": "Short Term FP"}, "facility": {"code": 20282}}, {"service": {"name": "PMTCT - ANC"}, "facility": {"code": 20282}}, {"service": {"name": "Diagnostic Counselling and Testing"}, "facility": {"code": 20282}}, {"service": {"name": "Condom Promotion and Distribution"}, "facility": {"code": 20282}}, {"service": {"name": "Mental Health Services"}, "facility": {"code": 20281}}, {"service": {"name": "Curative Services"}, "facility": {"code": 20281}}, {"service": {"name": "Short Term FP"}, "facility": {"code": 20281}}, {"service": {"name": "Diagnostic Counselling and Testing"}, "facility": {"code": 20281}}, {"service": {"name": "Provider Initiated Counselling and Testing"}, "facility": {"code": 20281}}, {"service": {"name": "Management of STIs"}, "facility": {"code": 20281}}, {"service": {"name": "Condom Promotion and Distribution"}, "facility": {"code": 20281}}, {"service": {"name": "Curative Services"}, "facility": {"code": 20279}}, {"service": {"name": "Focused Antenatal Care"}, "facility": {"code": 20279}}, {"service": {"name": "Short Term FP"}, "facility": {"code": 20279}}, {"service": {"name": "Management of STIs"}, "facility": {"code": 20279}}, {"service": {"name": "Laboratory Services"}, "facility": {"code": 20278}}, {"service": {"name": "Maternity Services"}, "facility": {"code": 20278}}, {"service": {"name": "Curative Services"}, "facility": {"code": 20278}}, {"service": {"name": "Focused Antenatal Care"}, "facility": {"code": 20278}}, {"service": {"name": "Long Term FP"}, "facility": {"code": 20278}}, {"service": {"name": "Short Term FP"}, "facility": {"code": 20278}}, {"service": {"name": "PMTCT - Maternity"}, "facility": {"code": 20278}}, {"service": {"name": "PMTCT - ANC"}, "facility": {"code": 20278}}, {"service": {"name": "Provider Initiated Counselling and Testing"}, "facility": {"code": 20278}}, {"service": {"name": "Management of STIs"}, "facility": {"code": 20278}}, {"service": {"name": "Condom Promotion and Distribution"}, "facility": {"code": 20278}}, {"service": {"name": "Integrated Management of Childhood Illnesses"}, "facility": {"code": 20277}}, {"service": {"name": "Curative Services"}, "facility": {"code": 20277}}, {"service": {"name": "Focused Antenatal Care"}, "facility": {"code": 20277}}, {"service": {"name": "Long Term FP"}, "facility": {"code": 20277}}, {"service": {"name": "Short Term FP"}, "facility": {"code": 20277}}, {"service": {"name": "PMTCT - ANC"}, "facility": {"code": 20277}}, {"service": {"name": "Provider Initiated Counselling and Testing"}, "facility": {"code": 20277}}, {"service": {"name": "Management of STIs"}, "facility": {"code": 20277}}, {"service": {"name": "Condom Promotion and Distribution"}, "facility": {"code": 20277}}, {"service": {"name": "Curative Services"}, "facility": {"code": 20276}}, {"service": {"name": "Condom Promotion and Distribution"}, "facility": {"code": 20276}}, {"service": {"name": "Emergency Preparedness"}, "facility": {"code": 20236}}, {"service": {"name": "Emergency Obstetric Care"}, "facility": {"code": 20236}}, {"service": {"name": "Laboratory Services"}, "facility": {"code": 20236}}, {"service": {"name": "Focused Antenatal Care"}, "facility": {"code": 20236}}, {"service": {"name": "Post Exposure Prophylaxis"}, "facility": {"code": 20236}}, {"service": {"name": "PMTCT - ANC"}, "facility": {"code": 20236}}, {"service": {"name": "Emergency Preparedness"}, "facility": {"code": 20273}}, {"service": {"name": "Curative Services"}, "facility": {"code": 20273}}, {"service": {"name": "Short Term FP"}, "facility": {"code": 20273}}, {"service": {"name": "Condom Promotion and Distribution"}, "facility": {"code": 20273}}, {"service": {"name": "Emergency Preparedness"}, "facility": {"code": 20272}}, {"service": {"name": "Curative Services"}, "facility": {"code": 20272}}, {"service": {"name": "Condom Promotion and Distribution"}, "facility": {"code": 20272}}, {"service": {"name": "Services for Sexual Violence Survivors"}, "facility": {"code": 20271}}, {"service": {"name": "Integrated Management of Childhood Illnesses"}, "facility": {"code": 20271}}, {"service": {"name": "Nutrition Services"}, "facility": {"code": 20271}}, {"service": {"name": "Laboratory Services"}, "facility": {"code": 20271}}, {"service": {"name": "Maternity Services"}, "facility": {"code": 20271}}, {"service": {"name": "Curative Services"}, "facility": {"code": 20271}}, {"service": {"name": "Immunization with additional vaccines"}, "facility": {"code": 20271}}, {"service": {"name": "Basic Immunization"}, "facility": {"code": 20271}}, {"service": {"name": "Focused Antenatal Care"}, "facility": {"code": 20271}}, {"service": {"name": "Integrated Services"}, "facility": {"code": 20271}}, {"service": {"name": "Permanent FP"}, "facility": {"code": 20271}}, {"service": {"name": "Long Term FP"}, "facility": {"code": 20271}}, {"service": {"name": "Short Term FP"}, "facility": {"code": 20271}}, {"service": {"name": "Adult Antiretroviral Therapy"}, "facility": {"code": 20271}}, {"service": {"name": "Paediatric Antiretroviral Therapy"}, "facility": {"code": 20271}}, {"service": {"name": "Post Exposure Prophylaxis"}, "facility": {"code": 20271}}, {"service": {"name": "Voluntary Male Circumcision"}, "facility": {"code": 20271}}, {"service": {"name": "PMTCT - Maternity"}, "facility": {"code": 20271}}, {"service": {"name": "PMTCT - ANC"}, "facility": {"code": 20271}}, {"service": {"name": "Early Infant Diagnosis"}, "facility": {"code": 20271}}, {"service": {"name": "Diagnostic Counselling and Testing"}, "facility": {"code": 20271}}, {"service": {"name": "Provider Initiated Counselling and Testing"}, "facility": {"code": 20271}}, {"service": {"name": "Voluntary Counselling and Testing"}, "facility": {"code": 20271}}, {"service": {"name": "Management of STIs"}, "facility": {"code": 20271}}, {"service": {"name": "Condom Promotion and Distribution"}, "facility": {"code": 20271}}, {"service": {"name": "Nutrition Services"}, "facility": {"code": 20270}}, {"service": {"name": "Laboratory Services"}, "facility": {"code": 20270}}, {"service": {"name": "Maternity Services"}, "facility": {"code": 20270}}, {"service": {"name": "Curative Services"}, "facility": {"code": 20270}}, {"service": {"name": "Immunization with additional vaccines"}, "facility": {"code": 20270}}, {"service": {"name": "Basic Immunization"}, "facility": {"code": 20270}}, {"service": {"name": "Specialized ANC"}, "facility": {"code": 20270}}, {"service": {"name": "Focused Antenatal Care"}, "facility": {"code": 20270}}, {"service": {"name": "Permanent FP"}, "facility": {"code": 20270}}, {"service": {"name": "Long Term FP"}, "facility": {"code": 20270}}, {"service": {"name": "Short Term FP"}, "facility": {"code": 20270}}, {"service": {"name": "Post Exposure Prophylaxis"}, "facility": {"code": 20270}}, {"service": {"name": "PMTCT - Maternity"}, "facility": {"code": 20270}}, {"service": {"name": "PMTCT - ANC"}, "facility": {"code": 20270}}, {"service": {"name": "Early Infant Diagnosis"}, "facility": {"code": 20270}}, {"service": {"name": "Diagnostic Counselling and Testing"}, "facility": {"code": 20270}}, {"service": {"name": "Provider Initiated Counselling and Testing"}, "facility": {"code": 20270}}, {"service": {"name": "Voluntary Counselling and Testing"}, "facility": {"code": 20270}}, {"service": {"name": "Management of STIs"}, "facility": {"code": 20270}}, {"service": {"name": "Condom Promotion and Distribution"}, "facility": {"code": 20270}}, {"service": {"name": "Nutrition Services"}, "facility": {"code": 20269}}, {"service": {"name": "Maternity Services"}, "facility": {"code": 20269}}, {"service": {"name": "Curative Services"}, "facility": {"code": 20269}}, {"service": {"name": "Basic Immunization"}, "facility": {"code": 20269}}, {"service": {"name": "Specialized ANC"}, "facility": {"code": 20269}}, {"service": {"name": "Focused Antenatal Care"}, "facility": {"code": 20269}}, {"service": {"name": "Long Term FP"}, "facility": {"code": 20269}}, {"service": {"name": "Short Term FP"}, "facility": {"code": 20269}}, {"service": {"name": "Voluntary Male Circumcision"}, "facility": {"code": 20269}}, {"service": {"name": "PMTCT - Maternity"}, "facility": {"code": 20269}}, {"service": {"name": "PMTCT - ANC"}, "facility": {"code": 20269}}, {"service": {"name": "Early Infant Diagnosis"}, "facility": {"code": 20269}}, {"service": {"name": "Diagnostic Counselling and Testing"}, "facility": {"code": 20269}}, {"service": {"name": "Provider Initiated Counselling and Testing"}, "facility": {"code": 20269}}, {"service": {"name": "Voluntary Counselling and Testing"}, "facility": {"code": 20269}}, {"service": {"name": "Management of STIs"}, "facility": {"code": 20269}}, {"service": {"name": "Condom Promotion and Distribution"}, "facility": {"code": 20269}}, {"service": {"name": "Emergency Obstetric Care"}, "facility": {"code": 20265}}, {"service": {"name": "Curative Services"}, "facility": {"code": 20265}}, {"service": {"name": "Smear Microscopy"}, "facility": {"code": 20265}}, {"service": {"name": "Basic Immunization"}, "facility": {"code": 20265}}, {"service": {"name": "Focused Antenatal Care"}, "facility": {"code": 20265}}, {"service": {"name": "Short Term FP"}, "facility": {"code": 20265}}, {"service": {"name": "Adult Antiretroviral Therapy"}, "facility": {"code": 20265}}, {"service": {"name": "Paediatric Antiretroviral Therapy"}, "facility": {"code": 20265}}, {"service": {"name": "Post Exposure Prophylaxis"}, "facility": {"code": 20265}}, {"service": {"name": "PMTCT - ANC"}, "facility": {"code": 20265}}, {"service": {"name": "Provider Initiated Counselling and Testing"}, "facility": {"code": 20265}}, {"service": {"name": "Management of STIs"}, "facility": {"code": 20265}}, {"service": {"name": "Condom Promotion and Distribution"}, "facility": {"code": 20265}}, {"service": {"name": "Emergency Preparedness"}, "facility": {"code": 20264}}, {"service": {"name": "Dental Laboratory Services"}, "facility": {"code": 20264}}, {"service": {"name": "Oral Health Services (Dental Services)"}, "facility": {"code": 20264}}, {"service": {"name": "Emergency Obstetric Care"}, "facility": {"code": 20264}}, {"service": {"name": "Rehabilitative Health Services - Physiotherapy"}, "facility": {"code": 20264}}, {"service": {"name": "Opthalmic Services"}, "facility": {"code": 20264}}, {"service": {"name": "Integrated Management of Childhood Illnesses"}, "facility": {"code": 20264}}, {"service": {"name": "Ambulance Sevices"}, "facility": {"code": 20264}}, {"service": {"name": "Laboratory Services"}, "facility": {"code": 20264}}, {"service": {"name": "Radiology Services"}, "facility": {"code": 20264}}, {"service": {"name": "Surgical Services"}, "facility": {"code": 20264}}, {"service": {"name": "Maternity Services"}, "facility": {"code": 20264}}, {"service": {"name": "Curative Services"}, "facility": {"code": 20264}}, {"service": {"name": "Rehabilitative Health Services - Orthopaedic Technology"}, "facility": {"code": 20264}}, {"service": {"name": "Immunization with additional vaccines"}, "facility": {"code": 20264}}, {"service": {"name": "Basic Immunization"}, "facility": {"code": 20264}}, {"service": {"name": "Specialized ANC"}, "facility": {"code": 20264}}, {"service": {"name": "Focused Antenatal Care"}, "facility": {"code": 20264}}, {"service": {"name": "Permanent FP"}, "facility": {"code": 20264}}, {"service": {"name": "Long Term FP"}, "facility": {"code": 20264}}, {"service": {"name": "Short Term FP"}, "facility": {"code": 20264}}, {"service": {"name": "Post Exposure Prophylaxis"}, "facility": {"code": 20264}}, {"service": {"name": "Voluntary Male Circumcision"}, "facility": {"code": 20264}}, {"service": {"name": "PMTCT - Maternity"}, "facility": {"code": 20264}}, {"service": {"name": "PMTCT - ANC"}, "facility": {"code": 20264}}, {"service": {"name": "Early Infant Diagnosis"}, "facility": {"code": 20264}}, {"service": {"name": "Diagnostic Counselling and Testing"}, "facility": {"code": 20264}}, {"service": {"name": "Provider Initiated Counselling and Testing"}, "facility": {"code": 20264}}, {"service": {"name": "Management of STIs"}, "facility": {"code": 20264}}, {"service": {"name": "Condom Promotion and Distribution"}, "facility": {"code": 20264}}, {"service": {"name": "Emergency Obstetric Care"}, "facility": {"code": 20263}}, {"service": {"name": "Curative Services"}, "facility": {"code": 20263}}, {"service": {"name": "Specialized ANC"}, "facility": {"code": 20263}}, {"service": {"name": "Focused Antenatal Care"}, "facility": {"code": 20263}}, {"service": {"name": "Long Term FP"}, "facility": {"code": 20263}}, {"service": {"name": "Short Term FP"}, "facility": {"code": 20263}}, {"service": {"name": "Management of STIs"}, "facility": {"code": 20263}}, {"service": {"name": "Condom Promotion and Distribution"}, "facility": {"code": 20263}}, {"service": {"name": "Curative Services"}, "facility": {"code": 20260}}, {"service": {"name": "Nutrition Services"}, "facility": {"code": 20262}}, {"service": {"name": "Laboratory Services"}, "facility": {"code": 20262}}, {"service": {"name": "Curative Services"}, "facility": {"code": 20262}}, {"service": {"name": "Focused Antenatal Care"}, "facility": {"code": 20262}}, {"service": {"name": "Basic Immunization"}, "facility": {"code": 20262}}, {"service": {"name": "Curative Services"}, "facility": {"code": 20261}}, {"service": {"name": "Short Term FP"}, "facility": {"code": 20261}}, {"service": {"name": "Management of STIs"}, "facility": {"code": 20261}}, {"service": {"name": "Condom Promotion and Distribution"}, "facility": {"code": 20261}}, {"service": {"name": "Focused Antenatal Care"}, "facility": {"code": 20260}}, {"service": {"name": "Curative Services"}, "facility": {"code": 20259}}, {"service": {"name": "Oral Health Services (Dental Services)"}, "facility": {"code": 19887}}, {"service": {"name": "Emergency Obstetric Care"}, "facility": {"code": 19887}}, {"service": {"name": "Management of STIs"}, "facility": {"code": 19887}}, {"service": {"name": "Condom Promotion and Distribution"}, "facility": {"code": 19887}}, {"service": {"name": "Ambulance Sevices"}, "facility": {"code": 16449}}, {"service": {"name": "Emergency Preparedness"}, "facility": {"code": 16449}}, {"service": {"name": "Oral Health Services (Dental Services)"}, "facility": {"code": 16449}}, {"service": {"name": "Emergency Obstetric Care"}, "facility": {"code": 16449}}, {"service": {"name": "Environmental Health Services"}, "facility": {"code": 16449}}, {"service": {"name": "Rehabilitative Health Services - Physiotherapy"}, "facility": {"code": 16449}}, {"service": {"name": "Services for Sexual Violence Survivors"}, "facility": {"code": 16449}}, {"service": {"name": "Mental Health Services"}, "facility": {"code": 16449}}, {"service": {"name": "Opthalmic Services"}, "facility": {"code": 16449}}, {"service": {"name": "Nutrition Services"}, "facility": {"code": 16449}}, {"service": {"name": "Integrated Management of Childhood Illnesses"}, "facility": {"code": 16449}}, {"service": {"name": "Surgical Services"}, "facility": {"code": 16449}}, {"service": {"name": "Maternity Services"}, "facility": {"code": 16449}}, {"service": {"name": "Curative Services"}, "facility": {"code": 16449}}, {"service": {"name": "Services for Female Genital Mutilation (FGM) Survivors"}, "facility": {"code": 16449}}, {"service": {"name": "Focused Antenatal Care"}, "facility": {"code": 16449}}, {"service": {"name": "Integrated Services"}, "facility": {"code": 16449}}, {"service": {"name": "Short Term FP"}, "facility": {"code": 16449}}, {"service": {"name": "PMTCT - Maternity"}, "facility": {"code": 16449}}, {"service": {"name": "PMTCT - ANC"}, "facility": {"code": 16449}}, {"service": {"name": "Management of STIs"}, "facility": {"code": 16449}}, {"service": {"name": "Condom Promotion and Distribution"}, "facility": {"code": 16449}}, {"service": {"name": "Emergency Obstetric Care"}, "facility": {"code": 20254}}, {"service": {"name": "Integrated Management of Childhood Illnesses"}, "facility": {"code": 20254}}, {"service": {"name": "Laboratory Services"}, "facility": {"code": 20254}}, {"service": {"name": "Curative Services"}, "facility": {"code": 20254}}, {"service": {"name": "Basic Immunization"}, "facility": {"code": 20254}}, {"service": {"name": "Focused Antenatal Care"}, "facility": {"code": 20254}}, {"service": {"name": "Integrated Services"}, "facility": {"code": 20254}}, {"service": {"name": "Long Term FP"}, "facility": {"code": 20254}}, {"service": {"name": "Short Term FP"}, "facility": {"code": 20254}}, {"service": {"name": "Post Exposure Prophylaxis"}, "facility": {"code": 20254}}, {"service": {"name": "PMTCT - ANC"}, "facility": {"code": 20254}}, {"service": {"name": "Management of STIs"}, "facility": {"code": 20254}}, {"service": {"name": "Provider Initiated Counselling and Testing"}, "facility": {"code": 20254}}, {"service": {"name": "Condom Promotion and Distribution"}, "facility": {"code": 20254}}, {"service": {"name": "Emergency Obstetric Care"}, "facility": {"code": 20253}}, {"service": {"name": "Integrated Management of Childhood Illnesses"}, "facility": {"code": 20253}}, {"service": {"name": "Laboratory Services"}, "facility": {"code": 20253}}, {"service": {"name": "Curative Services"}, "facility": {"code": 20253}}, {"service": {"name": "Focused Antenatal Care"}, "facility": {"code": 20253}}, {"service": {"name": "Long Term FP"}, "facility": {"code": 20253}}, {"service": {"name": "Short Term FP"}, "facility": {"code": 20253}}, {"service": {"name": "PMTCT - ANC"}, "facility": {"code": 20253}}, {"service": {"name": "Early Infant Diagnosis"}, "facility": {"code": 20253}}, {"service": {"name": "Diagnostic Counselling and Testing"}, "facility": {"code": 20253}}, {"service": {"name": "Provider Initiated Counselling and Testing"}, "facility": {"code": 20253}}, {"service": {"name": "Voluntary Counselling and Testing"}, "facility": {"code": 20253}}, {"service": {"name": "Management of STIs"}, "facility": {"code": 20253}}, {"service": {"name": "Condom Promotion and Distribution"}, "facility": {"code": 20253}}, {"service": {"name": "Emergency Obstetric Care"}, "facility": {"code": 20252}}, {"service": {"name": "Integrated Management of Childhood Illnesses"}, "facility": {"code": 20252}}, {"service": {"name": "Laboratory Services"}, "facility": {"code": 20252}}, {"service": {"name": "Curative Services"}, "facility": {"code": 20252}}, {"service": {"name": "Management of STIs"}, "facility": {"code": 20252}}, {"service": {"name": "Nutrition Services"}, "facility": {"code": 20251}}, {"service": {"name": "Surgical Services"}, "facility": {"code": 20251}}, {"service": {"name": "Curative Services"}, "facility": {"code": 20251}}, {"service": {"name": "Basic Immunization"}, "facility": {"code": 20251}}, {"service": {"name": "Focused Antenatal Care"}, "facility": {"code": 20251}}, {"service": {"name": "Long Term FP"}, "facility": {"code": 20251}}, {"service": {"name": "Short Term FP"}, "facility": {"code": 20251}}, {"service": {"name": "Mental Health Services"}, "facility": {"code": 20250}}, {"service": {"name": "PMTCT - ANC"}, "facility": {"code": 20251}}, {"service": {"name": "Laboratory Services"}, "facility": {"code": 20250}}, {"service": {"name": "Diagnostic Counselling and Testing"}, "facility": {"code": 20251}}, {"service": {"name": "Curative Services"}, "facility": {"code": 20250}}, {"service": {"name": "Provider Initiated Counselling and Testing"}, "facility": {"code": 20251}}, {"service": {"name": "Voluntary Counselling and Testing"}, "facility": {"code": 20251}}, {"service": {"name": "Management of STIs"}, "facility": {"code": 20251}}, {"service": {"name": "Condom Promotion and Distribution"}, "facility": {"code": 20251}}, {"service": {"name": "Voluntary Counselling and Testing"}, "facility": {"code": 20250}}, {"service": {"name": "Management of STIs"}, "facility": {"code": 20250}}, {"service": {"name": "Condom Promotion and Distribution"}, "facility": {"code": 20250}}, {"service": {"name": "Emergency Obstetric Care"}, "facility": {"code": 14079}}, {"service": {"name": "Emergency Preparedness"}, "facility": {"code": 14079}}, {"service": {"name": "Environmental Health Services"}, "facility": {"code": 14079}}, {"service": {"name": "Nutrition Services"}, "facility": {"code": 14079}}, {"service": {"name": "Maternity Services"}, "facility": {"code": 14079}}, {"service": {"name": "Curative Services"}, "facility": {"code": 14079}}, {"service": {"name": "Basic Immunization"}, "facility": {"code": 14079}}, {"service": {"name": "Focused Antenatal Care"}, "facility": {"code": 14079}}, {"service": {"name": "Long Term FP"}, "facility": {"code": 14079}}, {"service": {"name": "Short Term FP"}, "facility": {"code": 14079}}, {"service": {"name": "Adult Antiretroviral Therapy"}, "facility": {"code": 14079}}, {"service": {"name": "Post Exposure Prophylaxis"}, "facility": {"code": 14079}}, {"service": {"name": "Voluntary Male Circumcision"}, "facility": {"code": 14079}}, {"service": {"name": "PMTCT - Maternity"}, "facility": {"code": 14079}}, {"service": {"name": "PMTCT - ANC"}, "facility": {"code": 14079}}, {"service": {"name": "Provider Initiated Counselling and Testing"}, "facility": {"code": 14079}}, {"service": {"name": "Management of STIs"}, "facility": {"code": 14079}}, {"service": {"name": "Condom Promotion and Distribution"}, "facility": {"code": 14079}}, {"service": {"name": "Emergency Obstetric Care"}, "facility": {"code": 13717}}, {"service": {"name": "Emergency Preparedness"}, "facility": {"code": 13717}}, {"service": {"name": "Laboratory Services"}, "facility": {"code": 13717}}, {"service": {"name": "Maternity Services"}, "facility": {"code": 13717}}, {"service": {"name": "Curative Services"}, "facility": {"code": 13717}}, {"service": {"name": "Focused Antenatal Care"}, "facility": {"code": 13717}}, {"service": {"name": "Post Exposure Prophylaxis"}, "facility": {"code": 13717}}, {"service": {"name": "Voluntary Counselling and Testing"}, "facility": {"code": 13717}}, {"service": {"name": "Provider Initiated Counselling and Testing"}, "facility": {"code": 13717}}, {"service": {"name": "PMTCT - Maternity"}, "facility": {"code": 13717}}, {"service": {"name": "PMTCT - ANC"}, "facility": {"code": 13717}}, {"service": {"name": "Immunization with additional vaccines"}, "facility": {"code": 16421}}, {"service": {"name": "Basic Immunization"}, "facility": {"code": 16421}}, {"service": {"name": "Focused Antenatal Care"}, "facility": {"code": 16421}}, {"service": {"name": "Nutrition Services"}, "facility": {"code": 16021}}, {"service": {"name": "Laboratory Services"}, "facility": {"code": 16021}}, {"service": {"name": "Immunization with additional vaccines"}, "facility": {"code": 16021}}, {"service": {"name": "Basic Immunization"}, "facility": {"code": 16021}}, {"service": {"name": "Adult Antiretroviral Therapy"}, "facility": {"code": 16021}}, {"service": {"name": "Paediatric Antiretroviral Therapy"}, "facility": {"code": 16021}}, {"service": {"name": "Immunization with additional vaccines"}, "facility": {"code": 16140}}, {"service": {"name": "Basic Immunization"}, "facility": {"code": 16140}}, {"service": {"name": "Adult Antiretroviral Therapy"}, "facility": {"code": 17242}}, {"service": {"name": "Paediatric Antiretroviral Therapy"}, "facility": {"code": 17242}}, {"service": {"name": "Emergency Preparedness"}, "facility": {"code": 14143}}, {"service": {"name": "Emergency Obstetric Care"}, "facility": {"code": 14143}}, {"service": {"name": "Integrated Management of Childhood Illnesses"}, "facility": {"code": 14143}}, {"service": {"name": "Maternity Services"}, "facility": {"code": 14143}}, {"service": {"name": "Curative Services"}, "facility": {"code": 14143}}, {"service": {"name": "Basic Immunization"}, "facility": {"code": 14143}}, {"service": {"name": "Long Term FP"}, "facility": {"code": 14143}}, {"service": {"name": "Short Term FP"}, "facility": {"code": 14143}}, {"service": {"name": "Post Exposure Prophylaxis"}, "facility": {"code": 14143}}, {"service": {"name": "PMTCT - Maternity"}, "facility": {"code": 14143}}, {"service": {"name": "PMTCT - ANC"}, "facility": {"code": 14143}}, {"service": {"name": "Provider Initiated Counselling and Testing"}, "facility": {"code": 14143}}, {"service": {"name": "Voluntary Counselling and Testing"}, "facility": {"code": 14143}}, {"service": {"name": "Management of STIs"}, "facility": {"code": 14143}}, {"service": {"name": "Condom Promotion and Distribution"}, "facility": {"code": 14143}}, {"service": {"name": "Emergency Preparedness"}, "facility": {"code": 13910}}, {"service": {"name": "Emergency Obstetric Care"}, "facility": {"code": 13910}}, {"service": {"name": "Integrated Management of Childhood Illnesses"}, "facility": {"code": 13910}}, {"service": {"name": "Maternity Services"}, "facility": {"code": 13910}}, {"service": {"name": "Curative Services"}, "facility": {"code": 13910}}, {"service": {"name": "Basic Immunization"}, "facility": {"code": 13910}}, {"service": {"name": "Long Term FP"}, "facility": {"code": 13910}}, {"service": {"name": "Short Term FP"}, "facility": {"code": 13910}}, {"service": {"name": "Post Exposure Prophylaxis"}, "facility": {"code": 13910}}, {"service": {"name": "PMTCT - Maternity"}, "facility": {"code": 13910}}, {"service": {"name": "PMTCT - ANC"}, "facility": {"code": 13910}}, {"service": {"name": "Provider Initiated Counselling and Testing"}, "facility": {"code": 13910}}, {"service": {"name": "Voluntary Counselling and Testing"}, "facility": {"code": 13910}}, {"service": {"name": "Management of STIs"}, "facility": {"code": 13910}}, {"service": {"name": "Condom Promotion and Distribution"}, "facility": {"code": 13910}}, {"service": {"name": "Emergency Preparedness"}, "facility": {"code": 13758}}, {"service": {"name": "Emergency Obstetric Care"}, "facility": {"code": 13758}}, {"service": {"name": "Integrated Management of Childhood Illnesses"}, "facility": {"code": 13758}}, {"service": {"name": "Curative Services"}, "facility": {"code": 13758}}, {"service": {"name": "Maternity Services"}, "facility": {"code": 13758}}, {"service": {"name": "Basic Immunization"}, "facility": {"code": 13758}}, {"service": {"name": "Focused Antenatal Care"}, "facility": {"code": 13758}}, {"service": {"name": "Long Term FP"}, "facility": {"code": 13758}}, {"service": {"name": "Short Term FP"}, "facility": {"code": 13758}}, {"service": {"name": "Post Exposure Prophylaxis"}, "facility": {"code": 13758}}, {"service": {"name": "PMTCT - Maternity"}, "facility": {"code": 13758}}, {"service": {"name": "PMTCT - ANC"}, "facility": {"code": 13758}}, {"service": {"name": "Provider Initiated Counselling and Testing"}, "facility": {"code": 13758}}, {"service": {"name": "Voluntary Counselling and Testing"}, "facility": {"code": 13758}}, {"service": {"name": "Management of STIs"}, "facility": {"code": 13758}}, {"service": {"name": "Condom Promotion and Distribution"}, "facility": {"code": 13758}}, {"service": {"name": "Emergency Preparedness"}, "facility": {"code": 13659}}, {"service": {"name": "Emergency Obstetric Care"}, "facility": {"code": 13659}}, {"service": {"name": "Integrated Management of Childhood Illnesses"}, "facility": {"code": 13659}}, {"service": {"name": "Laboratory Services"}, "facility": {"code": 13659}}, {"service": {"name": "Maternity Services"}, "facility": {"code": 13659}}, {"service": {"name": "Curative Services"}, "facility": {"code": 13659}}, {"service": {"name": "Basic Immunization"}, "facility": {"code": 13659}}, {"service": {"name": "Focused Antenatal Care"}, "facility": {"code": 13659}}, {"service": {"name": "Long Term FP"}, "facility": {"code": 13659}}, {"service": {"name": "Short Term FP"}, "facility": {"code": 13659}}, {"service": {"name": "Post Exposure Prophylaxis"}, "facility": {"code": 13659}}, {"service": {"name": "PMTCT - Maternity"}, "facility": {"code": 13659}}, {"service": {"name": "PMTCT - ANC"}, "facility": {"code": 13659}}, {"service": {"name": "Provider Initiated Counselling and Testing"}, "facility": {"code": 13659}}, {"service": {"name": "Voluntary Counselling and Testing"}, "facility": {"code": 13659}}, {"service": {"name": "Management of STIs"}, "facility": {"code": 13659}}, {"service": {"name": "Condom Promotion and Distribution"}, "facility": {"code": 13659}}, {"service": {"name": "Emergency Preparedness"}, "facility": {"code": 13570}}, {"service": {"name": "Emergency Obstetric Care"}, "facility": {"code": 13570}}, {"service": {"name": "Integrated Management of Childhood Illnesses"}, "facility": {"code": 13570}}, {"service": {"name": "Maternity Services"}, "facility": {"code": 13570}}, {"service": {"name": "Curative Services"}, "facility": {"code": 13570}}, {"service": {"name": "Basic Immunization"}, "facility": {"code": 13570}}, {"service": {"name": "Focused Antenatal Care"}, "facility": {"code": 13570}}, {"service": {"name": "Long Term FP"}, "facility": {"code": 13570}}, {"service": {"name": "Short Term FP"}, "facility": {"code": 13570}}, {"service": {"name": "Post Exposure Prophylaxis"}, "facility": {"code": 13570}}, {"service": {"name": "PMTCT - Maternity"}, "facility": {"code": 13570}}, {"service": {"name": "PMTCT - ANC"}, "facility": {"code": 13570}}, {"service": {"name": "Provider Initiated Counselling and Testing"}, "facility": {"code": 13570}}, {"service": {"name": "Voluntary Counselling and Testing"}, "facility": {"code": 13570}}, {"service": {"name": "Management of STIs"}, "facility": {"code": 13570}}, {"service": {"name": "Condom Promotion and Distribution"}, "facility": {"code": 13570}}, {"service": {"name": "Emergency Preparedness"}, "facility": {"code": 13788}}, {"service": {"name": "Emergency Obstetric Care"}, "facility": {"code": 13788}}, {"service": {"name": "Integrated Management of Childhood Illnesses"}, "facility": {"code": 13788}}, {"service": {"name": "Laboratory Services"}, "facility": {"code": 13788}}, {"service": {"name": "Maternity Services"}, "facility": {"code": 13788}}, {"service": {"name": "Curative Services"}, "facility": {"code": 13788}}, {"service": {"name": "Basic Immunization"}, "facility": {"code": 13788}}, {"service": {"name": "Focused Antenatal Care"}, "facility": {"code": 13788}}, {"service": {"name": "Long Term FP"}, "facility": {"code": 13788}}, {"service": {"name": "Post Exposure Prophylaxis"}, "facility": {"code": 13788}}, {"service": {"name": "PMTCT - Maternity"}, "facility": {"code": 13788}}, {"service": {"name": "PMTCT - ANC"}, "facility": {"code": 13788}}, {"service": {"name": "Provider Initiated Counselling and Testing"}, "facility": {"code": 13788}}, {"service": {"name": "Voluntary Counselling and Testing"}, "facility": {"code": 13788}}, {"service": {"name": "Management of STIs"}, "facility": {"code": 13788}}, {"service": {"name": "Condom Promotion and Distribution"}, "facility": {"code": 13788}}, {"service": {"name": "Emergency Preparedness"}, "facility": {"code": 16665}}, {"service": {"name": "Emergency Obstetric Care"}, "facility": {"code": 16665}}, {"service": {"name": "Integrated Management of Childhood Illnesses"}, "facility": {"code": 16665}}, {"service": {"name": "Maternity Services"}, "facility": {"code": 16665}}, {"service": {"name": "Curative Services"}, "facility": {"code": 16665}}, {"service": {"name": "Basic Immunization"}, "facility": {"code": 16665}}, {"service": {"name": "Focused Antenatal Care"}, "facility": {"code": 16665}}, {"service": {"name": "Long Term FP"}, "facility": {"code": 16665}}, {"service": {"name": "Short Term FP"}, "facility": {"code": 16665}}, {"service": {"name": "Post Exposure Prophylaxis"}, "facility": {"code": 16665}}, {"service": {"name": "PMTCT - Maternity"}, "facility": {"code": 16665}}, {"service": {"name": "PMTCT - ANC"}, "facility": {"code": 16665}}, {"service": {"name": "Provider Initiated Counselling and Testing"}, "facility": {"code": 16665}}, {"service": {"name": "Voluntary Counselling and Testing"}, "facility": {"code": 16665}}, {"service": {"name": "Management of STIs"}, "facility": {"code": 16665}}, {"service": {"name": "Condom Promotion and Distribution"}, "facility": {"code": 16665}}, {"service": {"name": "Emergency Preparedness"}, "facility": {"code": 16666}}, {"service": {"name": "Emergency Obstetric Care"}, "facility": {"code": 16666}}, {"service": {"name": "Integrated Management of Childhood Illnesses"}, "facility": {"code": 16666}}, {"service": {"name": "Maternity Services"}, "facility": {"code": 16666}}, {"service": {"name": "Curative Services"}, "facility": {"code": 16666}}, {"service": {"name": "Basic Immunization"}, "facility": {"code": 16666}}, {"service": {"name": "Focused Antenatal Care"}, "facility": {"code": 16666}}, {"service": {"name": "Long Term FP"}, "facility": {"code": 16666}}, {"service": {"name": "Short Term FP"}, "facility": {"code": 16666}}, {"service": {"name": "Post Exposure Prophylaxis"}, "facility": {"code": 16666}}, {"service": {"name": "PMTCT - Maternity"}, "facility": {"code": 16666}}, {"service": {"name": "Provider Initiated Counselling and Testing"}, "facility": {"code": 16666}}, {"service": {"name": "Voluntary Counselling and Testing"}, "facility": {"code": 16666}}, {"service": {"name": "Management of STIs"}, "facility": {"code": 16666}}, {"service": {"name": "Condom Promotion and Distribution"}, "facility": {"code": 16666}}, {"service": {"name": "Emergency Preparedness"}, "facility": {"code": 13723}}, {"service": {"name": "Emergency Obstetric Care"}, "facility": {"code": 13723}}, {"service": {"name": "Nutrition Services"}, "facility": {"code": 13723}}, {"service": {"name": "Integrated Management of Childhood Illnesses"}, "facility": {"code": 13723}}, {"service": {"name": "Laboratory Services"}, "facility": {"code": 13723}}, {"service": {"name": "Surgical Services"}, "facility": {"code": 13723}}, {"service": {"name": "Maternity Services"}, "facility": {"code": 13723}}, {"service": {"name": "Curative Services"}, "facility": {"code": 13723}}, {"service": {"name": "Basic Immunization"}, "facility": {"code": 13723}}, {"service": {"name": "Focused Antenatal Care"}, "facility": {"code": 13723}}, {"service": {"name": "Long Term FP"}, "facility": {"code": 13723}}, {"service": {"name": "Short Term FP"}, "facility": {"code": 13723}}, {"service": {"name": "Adult Antiretroviral Therapy"}, "facility": {"code": 13723}}, {"service": {"name": "Paediatric Antiretroviral Therapy"}, "facility": {"code": 13723}}, {"service": {"name": "Post Exposure Prophylaxis"}, "facility": {"code": 13723}}, {"service": {"name": "PMTCT - Maternity"}, "facility": {"code": 13723}}, {"service": {"name": "PMTCT - ANC"}, "facility": {"code": 13723}}, {"service": {"name": "Early Infant Diagnosis"}, "facility": {"code": 13723}}, {"service": {"name": "Voluntary Counselling and Testing"}, "facility": {"code": 13723}}, {"service": {"name": "Management of STIs"}, "facility": {"code": 13723}}, {"service": {"name": "Condom Promotion and Distribution"}, "facility": {"code": 13723}}, {"service": {"name": "Emergency Preparedness"}, "facility": {"code": 13597}}, {"service": {"name": "Emergency Obstetric Care"}, "facility": {"code": 13597}}, {"service": {"name": "Environmental Health Services"}, "facility": {"code": 13597}}, {"service": {"name": "Nutrition Services"}, "facility": {"code": 13597}}, {"service": {"name": "Laboratory Services"}, "facility": {"code": 13597}}, {"service": {"name": "Maternity Services"}, "facility": {"code": 13597}}, {"service": {"name": "Curative Services"}, "facility": {"code": 13597}}, {"service": {"name": "Focused Antenatal Care"}, "facility": {"code": 13597}}, {"service": {"name": "Basic Immunization"}, "facility": {"code": 13597}}, {"service": {"name": "Long Term FP"}, "facility": {"code": 13597}}, {"service": {"name": "Short Term FP"}, "facility": {"code": 13597}}, {"service": {"name": "Adult Antiretroviral Therapy"}, "facility": {"code": 13597}}, {"service": {"name": "Paediatric Antiretroviral Therapy"}, "facility": {"code": 13597}}, {"service": {"name": "Post Exposure Prophylaxis"}, "facility": {"code": 13597}}, {"service": {"name": "PMTCT - Maternity"}, "facility": {"code": 13597}}, {"service": {"name": "PMTCT - ANC"}, "facility": {"code": 13597}}, {"service": {"name": "Early Infant Diagnosis"}, "facility": {"code": 13597}}, {"service": {"name": "Provider Initiated Counselling and Testing"}, "facility": {"code": 13597}}, {"service": {"name": "Voluntary Counselling and Testing"}, "facility": {"code": 13597}}, {"service": {"name": "Management of STIs"}, "facility": {"code": 13597}}, {"service": {"name": "Condom Promotion and Distribution"}, "facility": {"code": 13597}}, {"service": {"name": "Laboratory Services"}, "facility": {"code": 13526}}, {"service": {"name": "Emergency Preparedness"}, "facility": {"code": 13526}}, {"service": {"name": "Emergency Obstetric Care"}, "facility": {"code": 13526}}, {"service": {"name": "Environmental Health Services"}, "facility": {"code": 13526}}, {"service": {"name": "Nutrition Services"}, "facility": {"code": 13526}}, {"service": {"name": "Integrated Management of Childhood Illnesses"}, "facility": {"code": 13526}}, {"service": {"name": "Maternity Services"}, "facility": {"code": 13526}}, {"service": {"name": "Curative Services"}, "facility": {"code": 13526}}, {"service": {"name": "Basic Immunization"}, "facility": {"code": 13526}}, {"service": {"name": "Focused Antenatal Care"}, "facility": {"code": 13526}}, {"service": {"name": "Adult Antiretroviral Therapy"}, "facility": {"code": 13526}}, {"service": {"name": "Short Term FP"}, "facility": {"code": 13526}}, {"service": {"name": "Long Term FP"}, "facility": {"code": 13526}}, {"service": {"name": "Paediatric Antiretroviral Therapy"}, "facility": {"code": 13526}}, {"service": {"name": "Post Exposure Prophylaxis"}, "facility": {"code": 13526}}, {"service": {"name": "PMTCT - Maternity"}, "facility": {"code": 13526}}, {"service": {"name": "Provider Initiated Counselling and Testing"}, "facility": {"code": 13526}}, {"service": {"name": "Voluntary Counselling and Testing"}, "facility": {"code": 13526}}, {"service": {"name": "Management of STIs"}, "facility": {"code": 13526}}, {"service": {"name": "Condom Promotion and Distribution"}, "facility": {"code": 13526}}, {"service": {"name": "Emergency Preparedness"}, "facility": {"code": 13857}}, {"service": {"name": "Emergency Obstetric Care"}, "facility": {"code": 13857}}, {"service": {"name": "Integrated Management of Childhood Illnesses"}, "facility": {"code": 13857}}, {"service": {"name": "Maternity Services"}, "facility": {"code": 13857}}, {"service": {"name": "Curative Services"}, "facility": {"code": 13857}}, {"service": {"name": "Basic Immunization"}, "facility": {"code": 13857}}, {"service": {"name": "Focused Antenatal Care"}, "facility": {"code": 13857}}, {"service": {"name": "Short Term FP"}, "facility": {"code": 13857}}, {"service": {"name": "Post Exposure Prophylaxis"}, "facility": {"code": 13857}}, {"service": {"name": "PMTCT - Maternity"}, "facility": {"code": 13857}}, {"service": {"name": "PMTCT - ANC"}, "facility": {"code": 13857}}, {"service": {"name": "Provider Initiated Counselling and Testing"}, "facility": {"code": 13857}}, {"service": {"name": "Voluntary Counselling and Testing"}, "facility": {"code": 13857}}, {"service": {"name": "Condom Promotion and Distribution"}, "facility": {"code": 13857}}, {"service": {"name": "Emergency Preparedness"}, "facility": {"code": 13663}}, {"service": {"name": "Emergency Obstetric Care"}, "facility": {"code": 13663}}, {"service": {"name": "Environmental Health Services"}, "facility": {"code": 13663}}, {"service": {"name": "Services for Sexual Violence Survivors"}, "facility": {"code": 13663}}, {"service": {"name": "Integrated Management of Childhood Illnesses"}, "facility": {"code": 13663}}, {"service": {"name": "Nutrition Services"}, "facility": {"code": 13663}}, {"service": {"name": "Laboratory Services"}, "facility": {"code": 13663}}, {"service": {"name": "Maternity Services"}, "facility": {"code": 13663}}, {"service": {"name": "Curative Services"}, "facility": {"code": 13663}}, {"service": {"name": "MDRTB Treatment"}, "facility": {"code": 13663}}, {"service": {"name": "First Line Treatment"}, "facility": {"code": 13663}}, {"service": {"name": "Smear Microscopy"}, "facility": {"code": 13663}}, {"service": {"name": "Focused Antenatal Care"}, "facility": {"code": 13663}}, {"service": {"name": "Basic Immunization"}, "facility": {"code": 13663}}, {"service": {"name": "Short Term FP"}, "facility": {"code": 13663}}, {"service": {"name": "Long Term FP"}, "facility": {"code": 13663}}, {"service": {"name": "Adult Antiretroviral Therapy"}, "facility": {"code": 13663}}, {"service": {"name": "Paediatric Antiretroviral Therapy"}, "facility": {"code": 13663}}, {"service": {"name": "Post Exposure Prophylaxis"}, "facility": {"code": 13663}}, {"service": {"name": "PMTCT - Maternity"}, "facility": {"code": 13663}}, {"service": {"name": "Early Infant Diagnosis"}, "facility": {"code": 13663}}, {"service": {"name": "Provider Initiated Counselling and Testing"}, "facility": {"code": 13663}}, {"service": {"name": "Voluntary Counselling and Testing"}, "facility": {"code": 13663}}, {"service": {"name": "Management of STIs"}, "facility": {"code": 13663}}, {"service": {"name": "Condom Promotion and Distribution"}, "facility": {"code": 13663}}, {"service": {"name": "Curative Services"}, "facility": {"code": 20246}}, {"service": {"name": "Adult Antiretroviral Therapy"}, "facility": {"code": 12654}}, {"service": {"name": "Paediatric Antiretroviral Therapy"}, "facility": {"code": 12654}}, {"service": {"name": "Post Exposure Prophylaxis"}, "facility": {"code": 12654}}, {"service": {"name": "Curative Services"}, "facility": {"code": 20245}}, {"service": {"name": "Voluntary Counselling and Testing"}, "facility": {"code": 20090}}, {"service": {"name": "Emergency Preparedness"}, "facility": {"code": 11558}}, {"service": {"name": "Services for Sexual Violence Survivors"}, "facility": {"code": 11558}}, {"service": {"name": "Laboratory Services"}, "facility": {"code": 11558}}, {"service": {"name": "Surgical Services"}, "facility": {"code": 11558}}, {"service": {"name": "MDRTB Treatment"}, "facility": {"code": 11558}}, {"service": {"name": "First Line Treatment"}, "facility": {"code": 11558}}, {"service": {"name": "Integrated Services"}, "facility": {"code": 11558}}, {"service": {"name": "Emergency Preparedness"}, "facility": {"code": 16549}}, {"service": {"name": "Environmental Health Services"}, "facility": {"code": 16549}}, {"service": {"name": "Nutrition Services"}, "facility": {"code": 16549}}, {"service": {"name": "Integrated Management of Childhood Illnesses"}, "facility": {"code": 16549}}, {"service": {"name": "Laboratory Services"}, "facility": {"code": 16549}}, {"service": {"name": "Surgical Services"}, "facility": {"code": 16549}}, {"service": {"name": "First Line Treatment"}, "facility": {"code": 16549}}, {"service": {"name": "Long Term FP"}, "facility": {"code": 16549}}, {"service": {"name": "Home Based Care"}, "facility": {"code": 16549}}, {"service": {"name": "Curative Services"}, "facility": {"code": 20240}}, {"service": {"name": "Provider Initiated Counselling and Testing"}, "facility": {"code": 16549}}, {"service": {"name": "Emergency Preparedness"}, "facility": {"code": 11543}}, {"service": {"name": "Environmental Health Services"}, "facility": {"code": 11543}}, {"service": {"name": "Integrated Management of Childhood Illnesses"}, "facility": {"code": 11543}}, {"service": {"name": "Laboratory Services"}, "facility": {"code": 11543}}, {"service": {"name": "Surgical Services"}, "facility": {"code": 11543}}, {"service": {"name": "First Line Treatment"}, "facility": {"code": 11543}}, {"service": {"name": "Services for Sexual Violence Survivors"}, "facility": {"code": 11472}}, {"service": {"name": "Surgical Services"}, "facility": {"code": 11472}}, {"service": {"name": "Services for Female Genital Mutilation (FGM) Survivors"}, "facility": {"code": 11472}}, {"service": {"name": "First Line Treatment"}, "facility": {"code": 11368}}, {"service": {"name": "Long Term FP"}, "facility": {"code": 11368}}, {"service": {"name": "Post Exposure Prophylaxis"}, "facility": {"code": 11368}}, {"service": {"name": "Emergency Preparedness"}, "facility": {"code": 11624}}, {"service": {"name": "Nutrition Services"}, "facility": {"code": 11624}}, {"service": {"name": "Surgical Services"}, "facility": {"code": 11624}}, {"service": {"name": "Maternity Services"}, "facility": {"code": 11624}}, {"service": {"name": "Curative Services"}, "facility": {"code": 11624}}, {"service": {"name": "First Line Treatment"}, "facility": {"code": 11624}}, {"service": {"name": "Smear Microscopy"}, "facility": {"code": 11624}}, {"service": {"name": "Integrated Management of Childhood Illnesses"}, "facility": {"code": 11536}}, {"service": {"name": "Surgical Services"}, "facility": {"code": 11536}}, {"service": {"name": "First Line Treatment"}, "facility": {"code": 11536}}, {"service": {"name": "Integrated Management of Childhood Illnesses"}, "facility": {"code": 20240}}, {"service": {"name": "Basic Immunization"}, "facility": {"code": 20240}}, {"service": {"name": "Focused Antenatal Care"}, "facility": {"code": 20240}}, {"service": {"name": "Integrated Services"}, "facility": {"code": 20240}}, {"service": {"name": "Long Term FP"}, "facility": {"code": 20240}}, {"service": {"name": "Short Term FP"}, "facility": {"code": 20240}}, {"service": {"name": "PMTCT - ANC"}, "facility": {"code": 20240}}, {"service": {"name": "Provider Initiated Counselling and Testing"}, "facility": {"code": 20240}}, {"service": {"name": "Voluntary Counselling and Testing"}, "facility": {"code": 20240}}, {"service": {"name": "Condom Promotion and Distribution"}, "facility": {"code": 20240}}, {"service": {"name": "Management of STIs"}, "facility": {"code": 20240}}, {"service": {"name": "Emergency Obstetric Care"}, "facility": {"code": 20239}}, {"service": {"name": "Nutrition Services"}, "facility": {"code": 20239}}, {"service": {"name": "Integrated Management of Childhood Illnesses"}, "facility": {"code": 20239}}, {"service": {"name": "Laboratory Services"}, "facility": {"code": 20239}}, {"service": {"name": "Surgical Services"}, "facility": {"code": 20239}}, {"service": {"name": "Curative Services"}, "facility": {"code": 20239}}, {"service": {"name": "Focused Antenatal Care"}, "facility": {"code": 20239}}, {"service": {"name": "Long Term FP"}, "facility": {"code": 20239}}, {"service": {"name": "Short Term FP"}, "facility": {"code": 20239}}, {"service": {"name": "PMTCT - ANC"}, "facility": {"code": 20239}}, {"service": {"name": "Provider Initiated Counselling and Testing"}, "facility": {"code": 20239}}, {"service": {"name": "Voluntary Counselling and Testing"}, "facility": {"code": 20239}}, {"service": {"name": "Management of STIs"}, "facility": {"code": 20239}}, {"service": {"name": "Condom Promotion and Distribution"}, "facility": {"code": 20239}}, {"service": {"name": "Nutrition Services"}, "facility": {"code": 14991}}, {"service": {"name": "Maternity Services"}, "facility": {"code": 14991}}, {"service": {"name": "Curative Services"}, "facility": {"code": 14991}}, {"service": {"name": "Basic Immunization"}, "facility": {"code": 14991}}, {"service": {"name": "Focused Antenatal Care"}, "facility": {"code": 14991}}, {"service": {"name": "Short Term FP"}, "facility": {"code": 14991}}, {"service": {"name": "PMTCT - Maternity"}, "facility": {"code": 14991}}, {"service": {"name": "PMTCT - ANC"}, "facility": {"code": 14991}}, {"service": {"name": "Provider Initiated Counselling and Testing"}, "facility": {"code": 14991}}, {"service": {"name": "Voluntary Counselling and Testing"}, "facility": {"code": 14991}}, {"service": {"name": "Management of STIs"}, "facility": {"code": 14991}}, {"service": {"name": "Condom Promotion and Distribution"}, "facility": {"code": 14991}}, {"service": {"name": "Maternity Services"}, "facility": {"code": 20238}}, {"service": {"name": "Curative Services"}, "facility": {"code": 20238}}, {"service": {"name": "Focused Antenatal Care"}, "facility": {"code": 20238}}, {"service": {"name": "Long Term FP"}, "facility": {"code": 20238}}, {"service": {"name": "Short Term FP"}, "facility": {"code": 20238}}, {"service": {"name": "PMTCT - Maternity"}, "facility": {"code": 20238}}, {"service": {"name": "PMTCT - ANC"}, "facility": {"code": 20238}}, {"service": {"name": "Provider Initiated Counselling and Testing"}, "facility": {"code": 20238}}, {"service": {"name": "Voluntary Counselling and Testing"}, "facility": {"code": 20238}}, {"service": {"name": "Management of STIs"}, "facility": {"code": 20238}}, {"service": {"name": "Condom Promotion and Distribution"}, "facility": {"code": 20238}}, {"service": {"name": "Emergency Preparedness"}, "facility": {"code": 20237}}, {"service": {"name": "Emergency Obstetric Care"}, "facility": {"code": 20237}}, {"service": {"name": "Mental Health Services"}, "facility": {"code": 20237}}, {"service": {"name": "Opthalmic Services"}, "facility": {"code": 20237}}, {"service": {"name": "Maternity Services"}, "facility": {"code": 20237}}, {"service": {"name": "Laboratory Services"}, "facility": {"code": 20237}}, {"service": {"name": "Curative Services"}, "facility": {"code": 20237}}, {"service": {"name": "Management of STIs"}, "facility": {"code": 20237}}, {"service": {"name": "Maternity Services"}, "facility": {"code": 20236}}, {"service": {"name": "Curative Services"}, "facility": {"code": 20236}}, {"service": {"name": "Laboratory Services"}, "facility": {"code": 20235}}, {"service": {"name": "Curative Services"}, "facility": {"code": 20235}}, {"service": {"name": "Short Term FP"}, "facility": {"code": 20235}}, {"service": {"name": "Management of STIs"}, "facility": {"code": 20235}}, {"service": {"name": "Condom Promotion and Distribution"}, "facility": {"code": 20235}}, {"service": {"name": "Laboratory Services"}, "facility": {"code": 20234}}, {"service": {"name": "Surgical Services"}, "facility": {"code": 20234}}, {"service": {"name": "Curative Services"}, "facility": {"code": 20234}}, {"service": {"name": "Short Term FP"}, "facility": {"code": 20234}}, {"service": {"name": "Laboratory Services"}, "facility": {"code": 20233}}, {"service": {"name": "Curative Services"}, "facility": {"code": 20233}}, {"service": {"name": "Smear Microscopy"}, "facility": {"code": 20233}}, {"service": {"name": "Short Term FP"}, "facility": {"code": 20233}}, {"service": {"name": "Provider Initiated Counselling and Testing"}, "facility": {"code": 20233}}, {"service": {"name": "Voluntary Counselling and Testing"}, "facility": {"code": 20233}}, {"service": {"name": "Management of STIs"}, "facility": {"code": 20233}}, {"service": {"name": "Condom Promotion and Distribution"}, "facility": {"code": 20233}}, {"service": {"name": "Curative Services"}, "facility": {"code": 20232}}, {"service": {"name": "Short Term FP"}, "facility": {"code": 20232}}, {"service": {"name": "Post Exposure Prophylaxis"}, "facility": {"code": 20232}}, {"service": {"name": "Diagnostic Counselling and Testing"}, "facility": {"code": 20232}}, {"service": {"name": "Provider Initiated Counselling and Testing"}, "facility": {"code": 20232}}, {"service": {"name": "Voluntary Counselling and Testing"}, "facility": {"code": 20232}}, {"service": {"name": "Condom Promotion and Distribution"}, "facility": {"code": 20232}}, {"service": {"name": "Services for Sexual Violence Survivors"}, "facility": {"code": 20229}}, {"service": {"name": "Nutrition Services"}, "facility": {"code": 20229}}, {"service": {"name": "Integrated Management of Childhood Illnesses"}, "facility": {"code": 20229}}, {"service": {"name": "Voluntary Counselling and Testing"}, "facility": {"code": 20231}}, {"service": {"name": "Condom Promotion and Distribution"}, "facility": {"code": 20231}}, {"service": {"name": "Laboratory Services"}, "facility": {"code": 20230}}, {"service": {"name": "Voluntary Counselling and Testing"}, "facility": {"code": 20230}}, {"service": {"name": "Condom Promotion and Distribution"}, "facility": {"code": 20230}}, {"service": {"name": "Oral Health Services (Dental Services)"}, "facility": {"code": 20229}}, {"service": {"name": "Curative Services"}, "facility": {"code": 20229}}, {"service": {"name": "Integrated Services"}, "facility": {"code": 20229}}, {"service": {"name": "Short Term FP"}, "facility": {"code": 20229}}, {"service": {"name": "Post Exposure Prophylaxis"}, "facility": {"code": 20229}}, {"service": {"name": "Voluntary Male Circumcision"}, "facility": {"code": 20229}}, {"service": {"name": "PMTCT - Maternity"}, "facility": {"code": 20229}}, {"service": {"name": "Early Infant Diagnosis"}, "facility": {"code": 20229}}, {"service": {"name": "Diagnostic Counselling and Testing"}, "facility": {"code": 20229}}, {"service": {"name": "Provider Initiated Counselling and Testing"}, "facility": {"code": 20229}}, {"service": {"name": "Voluntary Counselling and Testing"}, "facility": {"code": 20229}}, {"service": {"name": "Management of STIs"}, "facility": {"code": 20229}}, {"service": {"name": "Condom Promotion and Distribution"}, "facility": {"code": 20229}}, {"service": {"name": "ENT Services"}, "facility": {"code": 20227}}, {"service": {"name": "Oral Health Services (Dental Services)"}, "facility": {"code": 20227}}, {"service": {"name": "Laboratory Services"}, "facility": {"code": 20227}}, {"service": {"name": "Surgical Services"}, "facility": {"code": 20227}}, {"service": {"name": "Curative Services"}, "facility": {"code": 20227}}, {"service": {"name": "Tuberculosis Culture"}, "facility": {"code": 20227}}, {"service": {"name": "Smear Microscopy"}, "facility": {"code": 20227}}, {"service": {"name": "Basic Immunization"}, "facility": {"code": 20227}}, {"service": {"name": "Focused Antenatal Care"}, "facility": {"code": 20227}}, {"service": {"name": "Short Term FP"}, "facility": {"code": 20227}}, {"service": {"name": "PMTCT - ANC"}, "facility": {"code": 20227}}, {"service": {"name": "Voluntary Counselling and Testing"}, "facility": {"code": 20227}}, {"service": {"name": "Condom Promotion and Distribution"}, "facility": {"code": 20227}}, {"service": {"name": "Services for Sexual Violence Survivors"}, "facility": {"code": 20226}}, {"service": {"name": "Integrated Management of Childhood Illnesses"}, "facility": {"code": 20226}}, {"service": {"name": "Oral Health Services (Dental Services)"}, "facility": {"code": 20226}}, {"service": {"name": "Emergency Preparedness"}, "facility": {"code": 20226}}, {"service": {"name": "Emergency Obstetric Care"}, "facility": {"code": 20226}}, {"service": {"name": "Curative Services"}, "facility": {"code": 20226}}, {"service": {"name": "Services for Female Genital Mutilation (FGM) Survivors"}, "facility": {"code": 20226}}, {"service": {"name": "Basic Immunization"}, "facility": {"code": 20226}}, {"service": {"name": "Post Exposure Prophylaxis"}, "facility": {"code": 20226}}, {"service": {"name": "Provider Initiated Counselling and Testing"}, "facility": {"code": 20226}}, {"service": {"name": "Emergency Preparedness"}, "facility": {"code": 20225}}, {"service": {"name": "Integrated Management of Childhood Illnesses"}, "facility": {"code": 20225}}, {"service": {"name": "Radiology Services"}, "facility": {"code": 20225}}, {"service": {"name": "Surgical Services"}, "facility": {"code": 20225}}, {"service": {"name": "Curative Services"}, "facility": {"code": 20225}}, {"service": {"name": "Diagnostic Counselling and Testing"}, "facility": {"code": 20225}}, {"service": {"name": "Provider Initiated Counselling and Testing"}, "facility": {"code": 20225}}, {"service": {"name": "Management of STIs"}, "facility": {"code": 20225}}, {"service": {"name": "Short Term FP"}, "facility": {"code": 20223}}, {"service": {"name": "Condom Promotion and Distribution"}, "facility": {"code": 20223}}, {"service": {"name": "Management of STIs"}, "facility": {"code": 20223}}, {"service": {"name": "Emergency Preparedness"}, "facility": {"code": 16548}}, {"service": {"name": "Nutrition Services"}, "facility": {"code": 16548}}, {"service": {"name": "Surgical Services"}, "facility": {"code": 16548}}, {"service": {"name": "Curative Services"}, "facility": {"code": 16548}}, {"service": {"name": "First Line Treatment"}, "facility": {"code": 16548}}, {"service": {"name": "Focused Antenatal Care"}, "facility": {"code": 16548}}, {"service": {"name": "Long Term FP"}, "facility": {"code": 16548}}, {"service": {"name": "Short Term FP"}, "facility": {"code": 16548}}, {"service": {"name": "Post Exposure Prophylaxis"}, "facility": {"code": 16548}}, {"service": {"name": "PMTCT - ANC"}, "facility": {"code": 16548}}, {"service": {"name": "Diagnostic Counselling and Testing"}, "facility": {"code": 16548}}, {"service": {"name": "Provider Initiated Counselling and Testing"}, "facility": {"code": 16548}}, {"service": {"name": "Management of STIs"}, "facility": {"code": 16548}}, {"service": {"name": "Condom Promotion and Distribution"}, "facility": {"code": 16548}}, {"service": {"name": "Emergency Preparedness"}, "facility": {"code": 20222}}, {"service": {"name": "Environmental Health Services"}, "facility": {"code": 20222}}, {"service": {"name": "Integrated Management of Childhood Illnesses"}, "facility": {"code": 20222}}, {"service": {"name": "Ambulance Sevices"}, "facility": {"code": 20222}}, {"service": {"name": "Maternity Services"}, "facility": {"code": 20222}}, {"service": {"name": "Curative Services"}, "facility": {"code": 20222}}, {"service": {"name": "Short Term FP"}, "facility": {"code": 20222}}, {"service": {"name": "PMTCT - ANC"}, "facility": {"code": 20222}}, {"service": {"name": "Management of STIs"}, "facility": {"code": 20222}}, {"service": {"name": "Condom Promotion and Distribution"}, "facility": {"code": 20222}}, {"service": {"name": "Laboratory Services"}, "facility": {"code": 20221}}, {"service": {"name": "Curative Services"}, "facility": {"code": 20221}}, {"service": {"name": "Smear Microscopy"}, "facility": {"code": 20221}}, {"service": {"name": "Short Term FP"}, "facility": {"code": 20221}}, {"service": {"name": "Voluntary Counselling and Testing"}, "facility": {"code": 20221}}, {"service": {"name": "Management of STIs"}, "facility": {"code": 20221}}, {"service": {"name": "Condom Promotion and Distribution"}, "facility": {"code": 20221}}, {"service": {"name": "Emergency Preparedness"}, "facility": {"code": 18496}}, {"service": {"name": "Emergency Obstetric Care"}, "facility": {"code": 18496}}, {"service": {"name": "Opthalmic Services"}, "facility": {"code": 18496}}, {"service": {"name": "Maternity Services"}, "facility": {"code": 18496}}, {"service": {"name": "Adult Antiretroviral Therapy"}, "facility": {"code": 18496}}, {"service": {"name": "Paediatric Antiretroviral Therapy"}, "facility": {"code": 18496}}, {"service": {"name": "Post Exposure Prophylaxis"}, "facility": {"code": 18496}}, {"service": {"name": "Oral Health Services (Dental Services)"}, "facility": {"code": 20220}}, {"service": {"name": "Integrated Management of Childhood Illnesses"}, "facility": {"code": 20220}}, {"service": {"name": "Laboratory Services"}, "facility": {"code": 20220}}, {"service": {"name": "Curative Services"}, "facility": {"code": 20220}}, {"service": {"name": "First Line Treatment"}, "facility": {"code": 20220}}, {"service": {"name": "Smear Microscopy"}, "facility": {"code": 20220}}, {"service": {"name": "Long Term FP"}, "facility": {"code": 20220}}, {"service": {"name": "Short Term FP"}, "facility": {"code": 20220}}, {"service": {"name": "Diagnostic Counselling and Testing"}, "facility": {"code": 20220}}, {"service": {"name": "Provider Initiated Counselling and Testing"}, "facility": {"code": 20220}}, {"service": {"name": "Voluntary Counselling and Testing"}, "facility": {"code": 20220}}, {"service": {"name": "Management of STIs"}, "facility": {"code": 20220}}, {"service": {"name": "Condom Promotion and Distribution"}, "facility": {"code": 20220}}, {"service": {"name": "Integrated Management of Childhood Illnesses"}, "facility": {"code": 18568}}, {"service": {"name": "Surgical Services"}, "facility": {"code": 18568}}, {"service": {"name": "Long Term FP"}, "facility": {"code": 18568}}, {"service": {"name": "PMTCT - Maternity"}, "facility": {"code": 18568}}, {"service": {"name": "Voluntary Counselling and Testing"}, "facility": {"code": 18568}}, {"service": {"name": "Condom Promotion and Distribution"}, "facility": {"code": 18568}}, {"service": {"name": "Curative Services"}, "facility": {"code": 20217}}, {"service": {"name": "Focused Antenatal Care"}, "facility": {"code": 20217}}, {"service": {"name": "Integrated Services"}, "facility": {"code": 20217}}, {"service": {"name": "Short Term FP"}, "facility": {"code": 20217}}, {"service": {"name": "Diagnostic Counselling and Testing"}, "facility": {"code": 20217}}, {"service": {"name": "Management of STIs"}, "facility": {"code": 20217}}, {"service": {"name": "Condom Promotion and Distribution"}, "facility": {"code": 20217}}, {"service": {"name": "Emergency Preparedness"}, "facility": {"code": 11867}}, {"service": {"name": "Opthalmic Services"}, "facility": {"code": 11867}}, {"service": {"name": "Integrated Management of Childhood Illnesses"}, "facility": {"code": 11867}}, {"service": {"name": "Laboratory Services"}, "facility": {"code": 11867}}, {"service": {"name": "Surgical Services"}, "facility": {"code": 11867}}, {"service": {"name": "First Line Treatment"}, "facility": {"code": 11867}}, {"service": {"name": "Immunization with additional vaccines"}, "facility": {"code": 11867}}, {"service": {"name": "Adult Antiretroviral Therapy"}, "facility": {"code": 11867}}, {"service": {"name": "Paediatric Antiretroviral Therapy"}, "facility": {"code": 11867}}, {"service": {"name": "Post Exposure Prophylaxis"}, "facility": {"code": 11867}}, {"service": {"name": "Early Infant Diagnosis"}, "facility": {"code": 11867}}, {"service": {"name": "Diagnostic Counselling and Testing"}, "facility": {"code": 11867}}, {"service": {"name": "Provider Initiated Counselling and Testing"}, "facility": {"code": 11867}}, {"service": {"name": "Opthalmic Services"}, "facility": {"code": 16546}}, {"service": {"name": "Integrated Management of Childhood Illnesses"}, "facility": {"code": 16546}}, {"service": {"name": "Laboratory Services"}, "facility": {"code": 16546}}, {"service": {"name": "Surgical Services"}, "facility": {"code": 16546}}, {"service": {"name": "First Line Treatment"}, "facility": {"code": 16546}}, {"service": {"name": "Home Based Care"}, "facility": {"code": 16546}}, {"service": {"name": "Post Exposure Prophylaxis"}, "facility": {"code": 16546}}, {"service": {"name": "Early Infant Diagnosis"}, "facility": {"code": 16546}}, {"service": {"name": "Voluntary Counselling and Testing"}, "facility": {"code": 20216}}, {"service": {"name": "Services for Sexual Violence Survivors"}, "facility": {"code": 19862}}, {"service": {"name": "Surgical Services"}, "facility": {"code": 19862}}, {"service": {"name": "First Line Treatment"}, "facility": {"code": 19862}}, {"service": {"name": "Focused Antenatal Care"}, "facility": {"code": 19862}}, {"service": {"name": "Integrated Services"}, "facility": {"code": 19862}}, {"service": {"name": "Long Term FP"}, "facility": {"code": 19862}}, {"service": {"name": "Adult Antiretroviral Therapy"}, "facility": {"code": 19862}}, {"service": {"name": "Paediatric Antiretroviral Therapy"}, "facility": {"code": 19862}}, {"service": {"name": "Post Exposure Prophylaxis"}, "facility": {"code": 19862}}, {"service": {"name": "PMTCT - ANC"}, "facility": {"code": 19862}}, {"service": {"name": "Early Infant Diagnosis"}, "facility": {"code": 19862}}, {"service": {"name": "Diagnostic Counselling and Testing"}, "facility": {"code": 19862}}, {"service": {"name": "Curative Services"}, "facility": {"code": 16032}}, {"service": {"name": "Maternity Services"}, "facility": {"code": 20215}}, {"service": {"name": "Basic Immunization"}, "facility": {"code": 20215}}, {"service": {"name": "PMTCT - ANC"}, "facility": {"code": 20215}}, {"service": {"name": "Management of STIs"}, "facility": {"code": 20215}}, {"service": {"name": "Services for Sexual Violence Survivors"}, "facility": {"code": 11593}}, {"service": {"name": "Mental Health Services"}, "facility": {"code": 11593}}, {"service": {"name": "Integrated Management of Childhood Illnesses"}, "facility": {"code": 11593}}, {"service": {"name": "Laboratory Services"}, "facility": {"code": 11593}}, {"service": {"name": "Surgical Services"}, "facility": {"code": 11593}}, {"service": {"name": "First Line Treatment"}, "facility": {"code": 11593}}, {"service": {"name": "Post Exposure Prophylaxis"}, "facility": {"code": 11593}}, {"service": {"name": "Integrated Management of Childhood Illnesses"}, "facility": {"code": 20209}}, {"service": {"name": "Maternity Services"}, "facility": {"code": 20209}}, {"service": {"name": "Focused Antenatal Care"}, "facility": {"code": 20215}}, {"service": {"name": "Short Term FP"}, "facility": {"code": 20215}}, {"service": {"name": "Condom Promotion and Distribution"}, "facility": {"code": 20215}}, {"service": {"name": "Curative Services"}, "facility": {"code": 20215}}, {"service": {"name": "Emergency Obstetric Care"}, "facility": {"code": 20214}}, {"service": {"name": "Mental Health Services"}, "facility": {"code": 20214}}, {"service": {"name": "Opthalmic Services"}, "facility": {"code": 20214}}, {"service": {"name": "Nutrition Services"}, "facility": {"code": 20214}}, {"service": {"name": "Integrated Management of Childhood Illnesses"}, "facility": {"code": 20214}}, {"service": {"name": "Maternity Services"}, "facility": {"code": 20214}}, {"service": {"name": "Curative Services"}, "facility": {"code": 20214}}, {"service": {"name": "Home Based Care"}, "facility": {"code": 20214}}, {"service": {"name": "Adult Antiretroviral Therapy"}, "facility": {"code": 20214}}, {"service": {"name": "Paediatric Antiretroviral Therapy"}, "facility": {"code": 20214}}, {"service": {"name": "Mortuary Services"}, "facility": {"code": 20214}}, {"service": {"name": "Port Health Services"}, "facility": {"code": 20214}}, {"service": {"name": "Services for Female Genital Mutilation (FGM) Survivors"}, "facility": {"code": 20214}}, {"service": {"name": "Facility Based Blood Transfusion Service"}, "facility": {"code": 20214}}, {"service": {"name": "Facility Based Blood Collection Service"}, "facility": {"code": 20214}}, {"service": {"name": "Rehabilitative Health Services - Orthopaedic Technology"}, "facility": {"code": 20214}}, {"service": {"name": "Rehabilitative Health Services - Occupational Health"}, "facility": {"code": 20214}}, {"service": {"name": "Tuberculosis Culture"}, "facility": {"code": 20214}}, {"service": {"name": "Smear Microscopy"}, "facility": {"code": 20214}}, {"service": {"name": "Port Immunization Services"}, "facility": {"code": 20214}}, {"service": {"name": "Stand Alone Services"}, "facility": {"code": 20214}}, {"service": {"name": "Integrated Services"}, "facility": {"code": 20214}}, {"service": {"name": "Permanent FP"}, "facility": {"code": 20214}}, {"service": {"name": "Environmental Health Services"}, "facility": {"code": 11676}}, {"service": {"name": "Mental Health Services"}, "facility": {"code": 11676}}, {"service": {"name": "Opthalmic Services"}, "facility": {"code": 11676}}, {"service": {"name": "Laboratory Services"}, "facility": {"code": 11676}}, {"service": {"name": "Surgical Services"}, "facility": {"code": 11676}}, {"service": {"name": "First Line Treatment"}, "facility": {"code": 11676}}, {"service": {"name": "Smear Microscopy"}, "facility": {"code": 11676}}, {"service": {"name": "Post Exposure Prophylaxis"}, "facility": {"code": 11676}}, {"service": {"name": "Diagnostic Counselling and Testing"}, "facility": {"code": 11676}}, {"service": {"name": "Emergency Preparedness"}, "facility": {"code": 17892}}, {"service": {"name": "Laboratory Services"}, "facility": {"code": 17892}}, {"service": {"name": "Surgical Services"}, "facility": {"code": 17892}}, {"service": {"name": "First Line Treatment"}, "facility": {"code": 17892}}, {"service": {"name": "Smear Microscopy"}, "facility": {"code": 17892}}, {"service": {"name": "Post Exposure Prophylaxis"}, "facility": {"code": 17892}}, {"service": {"name": "ENT Services"}, "facility": {"code": 16157}}, {"service": {"name": "Emergency Obstetric Care"}, "facility": {"code": 16547}}, {"service": {"name": "Oral Health Services (Dental Services)"}, "facility": {"code": 15982}}, {"service": {"name": "Laboratory Services"}, "facility": {"code": 15982}}, {"service": {"name": "Nutrition Services"}, "facility": {"code": 16547}}, {"service": {"name": "Integrated Management of Childhood Illnesses"}, "facility": {"code": 16547}}, {"service": {"name": "Ambulance Sevices"}, "facility": {"code": 16547}}, {"service": {"name": "Laboratory Services"}, "facility": {"code": 16547}}, {"service": {"name": "First Line Treatment"}, "facility": {"code": 15982}}, {"service": {"name": "Surgical Services"}, "facility": {"code": 16547}}, {"service": {"name": "Smear Microscopy"}, "facility": {"code": 15982}}, {"service": {"name": "First Line Treatment"}, "facility": {"code": 16547}}, {"service": {"name": "Smear Microscopy"}, "facility": {"code": 16547}}, {"service": {"name": "Long Term FP"}, "facility": {"code": 16547}}, {"service": {"name": "Home Based Care"}, "facility": {"code": 16547}}, {"service": {"name": "Adult Antiretroviral Therapy"}, "facility": {"code": 16547}}, {"service": {"name": "Paediatric Antiretroviral Therapy"}, "facility": {"code": 16547}}, {"service": {"name": "Post Exposure Prophylaxis"}, "facility": {"code": 16547}}, {"service": {"name": "Early Infant Diagnosis"}, "facility": {"code": 16547}}, {"service": {"name": "Curative Services"}, "facility": {"code": 20213}}, {"service": {"name": "Short Term FP"}, "facility": {"code": 20213}}, {"service": {"name": "Emergency Obstetric Care"}, "facility": {"code": 20212}}, {"service": {"name": "Focused Antenatal Care"}, "facility": {"code": 20212}}, {"service": {"name": "PMTCT - Maternity"}, "facility": {"code": 20212}}, {"service": {"name": "PMTCT - ANC"}, "facility": {"code": 20212}}, {"service": {"name": "Voluntary Counselling and Testing"}, "facility": {"code": 20212}}, {"service": {"name": "Management of STIs"}, "facility": {"code": 20212}}, {"service": {"name": "Curative Services"}, "facility": {"code": 20211}}, {"service": {"name": "Short Term FP"}, "facility": {"code": 20211}}, {"service": {"name": "Laboratory Services"}, "facility": {"code": 17932}}, {"service": {"name": "Surgical Services"}, "facility": {"code": 17932}}, {"service": {"name": "First Line Treatment"}, "facility": {"code": 17932}}, {"service": {"name": "Oral Health Services (Dental Services)"}, "facility": {"code": 20210}}], "unique_fields": ["facility", "service"], "model": "facilities.FacilityService"}]