[{"records": [{"service": {"name": "Curative Services"}, "facility": {"code": 16695}}, {"service": {"name": "First Line Treatment"}, "facility": {"code": 16695}}, {"service": {"name": "Focused Antenatal Care"}, "facility": {"code": 16695}}, {"service": {"name": "Short Term FP"}, "facility": {"code": 16695}}, {"service": {"name": "PMTCT - ANC"}, "facility": {"code": 16695}}, {"service": {"name": "Provider Initiated Counselling and Testing"}, "facility": {"code": 16695}}, {"service": {"name": "Management of STIs"}, "facility": {"code": 16695}}, {"service": {"name": "Condom Promotion and Distribution"}, "facility": {"code": 16695}}, {"service": {"name": "Emergency Obstetric Care"}, "facility": {"code": 15381}}, {"service": {"name": "Environmental Health Services"}, "facility": {"code": 15381}}, {"service": {"name": "Nutrition Services"}, "facility": {"code": 15381}}, {"service": {"name": "Laboratory Services"}, "facility": {"code": 15381}}, {"service": {"name": "Curative Services"}, "facility": {"code": 15381}}, {"service": {"name": "First Line Treatment"}, "facility": {"code": 15381}}, {"service": {"name": "Basic Immunization"}, "facility": {"code": 15381}}, {"service": {"name": "Focused Antenatal Care"}, "facility": {"code": 15381}}, {"service": {"name": "Long Term FP"}, "facility": {"code": 15381}}, {"service": {"name": "Short Term FP"}, "facility": {"code": 15381}}, {"service": {"name": "PMTCT - ANC"}, "facility": {"code": 15381}}, {"service": {"name": "Provider Initiated Counselling and Testing"}, "facility": {"code": 15381}}, {"service": {"name": "Management of STIs"}, "facility": {"code": 15381}}, {"service": {"name": "Condom Promotion and Distribution"}, "facility": {"code": 15381}}, {"service": {"name": "Nutrition Services"}, "facility": {"code": 15234}}, {"service": {"name": "Emergency Obstetric Care"}, "facility": {"code": 15234}}, {"service": {"name": "Environmental Health Services"}, "facility": {"code": 15234}}, {"service": {"name": "Laboratory Services"}, "facility": {"code": 15234}}, {"service": {"name": "Curative Services"}, "facility": {"code": 15234}}, {"service": {"name": "First Line Treatment"}, "facility": {"code": 15234}}, {"service": {"name": "Basic Immunization"}, "facility": {"code": 15234}}, {"service": {"name": "Focused Antenatal Care"}, "facility": {"code": 15234}}, {"service": {"name": "Short Term FP"}, "facility": {"code": 15234}}, {"service": {"name": "PMTCT - ANC"}, "facility": {"code": 15234}}, {"service": {"name": "Provider Initiated Counselling and Testing"}, "facility": {"code": 15234}}, {"service": {"name": "Management of STIs"}, "facility": {"code": 15234}}, {"service": {"name": "Condom Promotion and Distribution"}, "facility": {"code": 15234}}, {"service": {"name": "Laboratory Services"}, "facility": {"code": 16537}}, {"service": {"name": "Long Term FP"}, "facility": {"code": 16537}}, {"service": {"name": "Voluntary Male Circumcision"}, "facility": {"code": 16537}}, {"service": {"name": "PMTCT - Maternity"}, "facility": {"code": 16537}}, {"service": {"name": "PMTCT - ANC"}, "facility": {"code": 16537}}, {"service": {"name": "Diagnostic Counselling and Testing"}, "facility": {"code": 16537}}, {"service": {"name": "Emergency Obstetric Care"}, "facility": {"code": 16694}}, {"service": {"name": "Curative Services"}, "facility": {"code": 16694}}, {"service": {"name": "Short Term FP"}, "facility": {"code": 16694}}, {"service": {"name": "Management of STIs"}, "facility": {"code": 16694}}, {"service": {"name": "Condom Promotion and Distribution"}, "facility": {"code": 16694}}, {"service": {"name": "Emergency Obstetric Care"}, "facility": {"code": 15458}}, {"service": {"name": "Laboratory Services"}, "facility": {"code": 15458}}, {"service": {"name": "Curative Services"}, "facility": {"code": 15458}}, {"service": {"name": "First Line Treatment"}, "facility": {"code": 15458}}, {"service": {"name": "Basic Immunization"}, "facility": {"code": 15458}}, {"service": {"name": "Short Term FP"}, "facility": {"code": 15458}}, {"service": {"name": "PMTCT - ANC"}, "facility": {"code": 15458}}, {"service": {"name": "Provider Initiated Counselling and Testing"}, "facility": {"code": 15458}}, {"service": {"name": "Management of STIs"}, "facility": {"code": 15458}}, {"service": {"name": "Condom Promotion and Distribution"}, "facility": {"code": 15458}}, {"service": {"name": "Maternity Services"}, "facility": {"code": 11245}}, {"service": {"name": "Emergency Obstetric Care"}, "facility": {"code": 11245}}, {"service": {"name": "Provider Initiated Counselling and Testing"}, "facility": {"code": 11245}}, {"service": {"name": "Laboratory Services"}, "facility": {"code": 15115}}, {"service": {"name": "Laboratory Services"}, "facility": {"code": 11245}}, {"service": {"name": "Emergency Obstetric Care"}, "facility": {"code": 15115}}, {"service": {"name": "Maternity Services"}, "facility": {"code": 15115}}, {"service": {"name": "Curative Services"}, "facility": {"code": 15115}}, {"service": {"name": "First Line Treatment"}, "facility": {"code": 15115}}, {"service": {"name": "Basic Immunization"}, "facility": {"code": 15115}}, {"service": {"name": "Short Term FP"}, "facility": {"code": 15115}}, {"service": {"name": "PMTCT - Maternity"}, "facility": {"code": 15115}}, {"service": {"name": "PMTCT - ANC"}, "facility": {"code": 15115}}, {"service": {"name": "Provider Initiated Counselling and Testing"}, "facility": {"code": 15115}}, {"service": {"name": "Management of STIs"}, "facility": {"code": 15115}}, {"service": {"name": "Condom Promotion and Distribution"}, "facility": {"code": 15115}}, {"service": {"name": "Emergency Obstetric Care"}, "facility": {"code": 17028}}, {"service": {"name": "Nutrition Services"}, "facility": {"code": 17028}}, {"service": {"name": "Curative Services"}, "facility": {"code": 17028}}, {"service": {"name": "First Line Treatment"}, "facility": {"code": 17028}}, {"service": {"name": "Basic Immunization"}, "facility": {"code": 17028}}, {"service": {"name": "Focused Antenatal Care"}, "facility": {"code": 17028}}, {"service": {"name": "Short Term FP"}, "facility": {"code": 17028}}, {"service": {"name": "PMTCT - ANC"}, "facility": {"code": 17028}}, {"service": {"name": "Provider Initiated Counselling and Testing"}, "facility": {"code": 17028}}, {"service": {"name": "Management of STIs"}, "facility": {"code": 17028}}, {"service": {"name": "Condom Promotion and Distribution"}, "facility": {"code": 17028}}, {"service": {"name": "Environmental Health Services"}, "facility": {"code": 14753}}, {"service": {"name": "Rehabilitative Health Services - Physiotherapy"}, "facility": {"code": 14753}}, {"service": {"name": "Mental Health Services"}, "facility": {"code": 14753}}, {"service": {"name": "Opthalmic Services"}, "facility": {"code": 14753}}, {"service": {"name": "Nutrition Services"}, "facility": {"code": 14753}}, {"service": {"name": "Ambulance Sevices"}, "facility": {"code": 14753}}, {"service": {"name": "Laboratory Services"}, "facility": {"code": 14753}}, {"service": {"name": "Maternity Services"}, "facility": {"code": 14753}}, {"service": {"name": "Curative Services"}, "facility": {"code": 14753}}, {"service": {"name": "Emergency Preparedness"}, "facility": {"code": 13002}}, {"service": {"name": "First Line Treatment"}, "facility": {"code": 13002}}, {"service": {"name": "Integrated Services"}, "facility": {"code": 13002}}, {"service": {"name": "Diagnostic Counselling and Testing"}, "facility": {"code": 13002}}, {"service": {"name": "Provider Initiated Counselling and Testing"}, "facility": {"code": 13002}}, {"service": {"name": "Nutrition Services"}, "facility": {"code": 14734}}, {"service": {"name": "Emergency Obstetric Care"}, "facility": {"code": 14548}}, {"service": {"name": "Laboratory Services"}, "facility": {"code": 14548}}, {"service": {"name": "Curative Services"}, "facility": {"code": 14548}}, {"service": {"name": "First Line Treatment"}, "facility": {"code": 14548}}, {"service": {"name": "Basic Immunization"}, "facility": {"code": 14548}}, {"service": {"name": "Focused Antenatal Care"}, "facility": {"code": 14548}}, {"service": {"name": "Long Term FP"}, "facility": {"code": 14548}}, {"service": {"name": "Short Term FP"}, "facility": {"code": 14548}}, {"service": {"name": "PMTCT - ANC"}, "facility": {"code": 14548}}, {"service": {"name": "Provider Initiated Counselling and Testing"}, "facility": {"code": 14548}}, {"service": {"name": "Management of STIs"}, "facility": {"code": 14548}}, {"service": {"name": "Condom Promotion and Distribution"}, "facility": {"code": 14548}}, {"service": {"name": "Environmental Health Services"}, "facility": {"code": 13002}}, {"service": {"name": "Voluntary Counselling and Testing"}, "facility": {"code": 13002}}, {"service": {"name": "Condom Promotion and Distribution"}, "facility": {"code": 13002}}, {"service": {"name": "Emergency Obstetric Care"}, "facility": {"code": 14542}}, {"service": {"name": "Curative Services"}, "facility": {"code": 14542}}, {"service": {"name": "Short Term FP"}, "facility": {"code": 14542}}, {"service": {"name": "Management of STIs"}, "facility": {"code": 14542}}, {"service": {"name": "Condom Promotion and Distribution"}, "facility": {"code": 14542}}, {"service": {"name": "Emergency Obstetric Care"}, "facility": {"code": 14506}}, {"service": {"name": "Environmental Health Services"}, "facility": {"code": 14506}}, {"service": {"name": "Nutrition Services"}, "facility": {"code": 14506}}, {"service": {"name": "Curative Services"}, "facility": {"code": 14506}}, {"service": {"name": "First Line Treatment"}, "facility": {"code": 14506}}, {"service": {"name": "Basic Immunization"}, "facility": {"code": 14506}}, {"service": {"name": "Focused Antenatal Care"}, "facility": {"code": 14506}}, {"service": {"name": "Long Term FP"}, "facility": {"code": 14506}}, {"service": {"name": "Short Term FP"}, "facility": {"code": 14506}}, {"service": {"name": "PMTCT - ANC"}, "facility": {"code": 14506}}, {"service": {"name": "Provider Initiated Counselling and Testing"}, "facility": {"code": 14506}}, {"service": {"name": "Management of STIs"}, "facility": {"code": 14506}}, {"service": {"name": "Condom Promotion and Distribution"}, "facility": {"code": 14506}}, {"service": {"name": "Emergency Obstetric Care"}, "facility": {"code": 15584}}, {"service": {"name": "Emergency Preparedness"}, "facility": {"code": 12873}}, {"service": {"name": "Environmental Health Services"}, "facility": {"code": 12873}}, {"service": {"name": "Nutrition Services"}, "facility": {"code": 12873}}, {"service": {"name": "Curative Services"}, "facility": {"code": 12873}}, {"service": {"name": "Basic Immunization"}, "facility": {"code": 12873}}, {"service": {"name": "Integrated Services"}, "facility": {"code": 12873}}, {"service": {"name": "Long Term FP"}, "facility": {"code": 12873}}, {"service": {"name": "Short Term FP"}, "facility": {"code": 12873}}, {"service": {"name": "Diagnostic Counselling and Testing"}, "facility": {"code": 12873}}, {"service": {"name": "Provider Initiated Counselling and Testing"}, "facility": {"code": 12873}}, {"service": {"name": "Voluntary Counselling and Testing"}, "facility": {"code": 12873}}, {"service": {"name": "Condom Promotion and Distribution"}, "facility": {"code": 12873}}, {"service": {"name": "Management of STIs"}, "facility": {"code": 12873}}, {"service": {"name": "Focused Antenatal Care"}, "facility": {"code": 16693}}, {"service": {"name": "Emergency Preparedness"}, "facility": {"code": 12952}}, {"service": {"name": "Nutrition Services"}, "facility": {"code": 12952}}, {"service": {"name": "Environmental Health Services"}, "facility": {"code": 12952}}, {"service": {"name": "Integrated Management of Childhood Illnesses"}, "facility": {"code": 12952}}, {"service": {"name": "Laboratory Services"}, "facility": {"code": 12952}}, {"service": {"name": "Curative Services"}, "facility": {"code": 12952}}, {"service": {"name": "Smear Microscopy"}, "facility": {"code": 12952}}, {"service": {"name": "Basic Immunization"}, "facility": {"code": 12952}}, {"service": {"name": "Provider Initiated Counselling and Testing"}, "facility": {"code": 12952}}, {"service": {"name": "Diagnostic Counselling and Testing"}, "facility": {"code": 12952}}, {"service": {"name": "Voluntary Counselling and Testing"}, "facility": {"code": 12952}}, {"service": {"name": "Management of STIs"}, "facility": {"code": 12952}}, {"service": {"name": "Emergency Preparedness"}, "facility": {"code": 13192}}, {"service": {"name": "Environmental Health Services"}, "facility": {"code": 13192}}, {"service": {"name": "Services for Sexual Violence Survivors"}, "facility": {"code": 13192}}, {"service": {"name": "Nutrition Services"}, "facility": {"code": 13192}}, {"service": {"name": "Laboratory Services"}, "facility": {"code": 13192}}, {"service": {"name": "Curative Services"}, "facility": {"code": 13192}}, {"service": {"name": "Basic Immunization"}, "facility": {"code": 13192}}, {"service": {"name": "Integrated Services"}, "facility": {"code": 13192}}, {"service": {"name": "Long Term FP"}, "facility": {"code": 13192}}, {"service": {"name": "Short Term FP"}, "facility": {"code": 13192}}, {"service": {"name": "Voluntary Counselling and Testing"}, "facility": {"code": 13192}}, {"service": {"name": "Management of STIs"}, "facility": {"code": 13192}}, {"service": {"name": "Condom Promotion and Distribution"}, "facility": {"code": 13192}}, {"service": {"name": "Laboratory Services"}, "facility": {"code": 11427}}, {"service": {"name": "Curative Services"}, "facility": {"code": 11427}}, {"service": {"name": "Smear Microscopy"}, "facility": {"code": 11427}}, {"service": {"name": "Long Term FP"}, "facility": {"code": 11427}}, {"service": {"name": "Short Term FP"}, "facility": {"code": 11427}}, {"service": {"name": "Diagnostic Counselling and Testing"}, "facility": {"code": 11427}}, {"service": {"name": "Provider Initiated Counselling and Testing"}, "facility": {"code": 11427}}, {"service": {"name": "Management of STIs"}, "facility": {"code": 11427}}, {"service": {"name": "Condom Promotion and Distribution"}, "facility": {"code": 11427}}, {"service": {"name": "Emergency Preparedness"}, "facility": {"code": 11848}}, {"service": {"name": "Laboratory Services"}, "facility": {"code": 11848}}, {"service": {"name": "Surgical Services"}, "facility": {"code": 11848}}, {"service": {"name": "Curative Services"}, "facility": {"code": 11848}}, {"service": {"name": "Basic Immunization"}, "facility": {"code": 11848}}, {"service": {"name": "Focused Antenatal Care"}, "facility": {"code": 11848}}, {"service": {"name": "Short Term FP"}, "facility": {"code": 11848}}, {"service": {"name": "PMTCT - ANC"}, "facility": {"code": 11848}}, {"service": {"name": "Diagnostic Counselling and Testing"}, "facility": {"code": 11848}}, {"service": {"name": "Provider Initiated Counselling and Testing"}, "facility": {"code": 11848}}, {"service": {"name": "Management of STIs"}, "facility": {"code": 11848}}, {"service": {"name": "Condom Promotion and Distribution"}, "facility": {"code": 11848}}, {"service": {"name": "Nutrition Services"}, "facility": {"code": 13125}}, {"service": {"name": "Curative Services"}, "facility": {"code": 13125}}, {"service": {"name": "Maternity Services"}, "facility": {"code": 13125}}, {"service": {"name": "First Line Treatment"}, "facility": {"code": 13125}}, {"service": {"name": "Immunization with additional vaccines"}, "facility": {"code": 13125}}, {"service": {"name": "Basic Immunization"}, "facility": {"code": 13125}}, {"service": {"name": "Specialized ANC"}, "facility": {"code": 13125}}, {"service": {"name": "Focused Antenatal Care"}, "facility": {"code": 13125}}, {"service": {"name": "Long Term FP"}, "facility": {"code": 13125}}, {"service": {"name": "Short Term FP"}, "facility": {"code": 13125}}, {"service": {"name": "Post Exposure Prophylaxis"}, "facility": {"code": 13125}}, {"service": {"name": "Voluntary Male Circumcision"}, "facility": {"code": 13125}}, {"service": {"name": "PMTCT - Maternity"}, "facility": {"code": 13125}}, {"service": {"name": "PMTCT - ANC"}, "facility": {"code": 13125}}, {"service": {"name": "Provider Initiated Counselling and Testing"}, "facility": {"code": 13125}}, {"service": {"name": "Voluntary Counselling and Testing"}, "facility": {"code": 13125}}, {"service": {"name": "Management of STIs"}, "facility": {"code": 13125}}, {"service": {"name": "Condom Promotion and Distribution"}, "facility": {"code": 13125}}, {"service": {"name": "Emergency Preparedness"}, "facility": {"code": 13208}}, {"service": {"name": "Oral Health Services (Dental Services)"}, "facility": {"code": 13208}}, {"service": {"name": "Integrated Management of Childhood Illnesses"}, "facility": {"code": 13208}}, {"service": {"name": "Laboratory Services"}, "facility": {"code": 13208}}, {"service": {"name": "Radiology Services"}, "facility": {"code": 13208}}, {"service": {"name": "Surgical Services"}, "facility": {"code": 13208}}, {"service": {"name": "Curative Services"}, "facility": {"code": 13208}}, {"service": {"name": "First Line Treatment"}, "facility": {"code": 13208}}, {"service": {"name": "Smear Microscopy"}, "facility": {"code": 13208}}, {"service": {"name": "Basic Immunization"}, "facility": {"code": 13208}}, {"service": {"name": "Specialized ANC"}, "facility": {"code": 13208}}, {"service": {"name": "Focused Antenatal Care"}, "facility": {"code": 13208}}, {"service": {"name": "Home Based Care"}, "facility": {"code": 13208}}, {"service": {"name": "Adult Antiretroviral Therapy"}, "facility": {"code": 13208}}, {"service": {"name": "Paediatric Antiretroviral Therapy"}, "facility": {"code": 13208}}, {"service": {"name": "Post Exposure Prophylaxis"}, "facility": {"code": 13208}}, {"service": {"name": "Provider Initiated Counselling and Testing"}, "facility": {"code": 13208}}, {"service": {"name": "PMTCT - ANC"}, "facility": {"code": 13208}}, {"service": {"name": "Early Infant Diagnosis"}, "facility": {"code": 13208}}, {"service": {"name": "Voluntary Counselling and Testing"}, "facility": {"code": 13208}}, {"service": {"name": "Diagnostic Counselling and Testing"}, "facility": {"code": 13208}}, {"service": {"name": "Management of STIs"}, "facility": {"code": 13208}}, {"service": {"name": "Long Term FP"}, "facility": {"code": 12998}}, {"service": {"name": "Rehabilitative Health Services - Physiotherapy"}, "facility": {"code": 13070}}, {"service": {"name": "Nutrition Services"}, "facility": {"code": 13070}}, {"service": {"name": "Ambulance Sevices"}, "facility": {"code": 13070}}, {"service": {"name": "Laboratory Services"}, "facility": {"code": 13070}}, {"service": {"name": "Surgical Services"}, "facility": {"code": 13070}}, {"service": {"name": "Maternity Services"}, "facility": {"code": 13070}}, {"service": {"name": "Curative Services"}, "facility": {"code": 13070}}, {"service": {"name": "First Line Treatment"}, "facility": {"code": 13070}}, {"service": {"name": "Smear Microscopy"}, "facility": {"code": 13070}}, {"service": {"name": "Basic Immunization"}, "facility": {"code": 13070}}, {"service": {"name": "Focused Antenatal Care"}, "facility": {"code": 13070}}, {"service": {"name": "Long Term FP"}, "facility": {"code": 13070}}, {"service": {"name": "Short Term FP"}, "facility": {"code": 13070}}, {"service": {"name": "Post Exposure Prophylaxis"}, "facility": {"code": 13070}}, {"service": {"name": "Voluntary Male Circumcision"}, "facility": {"code": 13070}}, {"service": {"name": "PMTCT - Maternity"}, "facility": {"code": 13070}}, {"service": {"name": "PMTCT - ANC"}, "facility": {"code": 13070}}, {"service": {"name": "Diagnostic Counselling and Testing"}, "facility": {"code": 13070}}, {"service": {"name": "Provider Initiated Counselling and Testing"}, "facility": {"code": 13070}}, {"service": {"name": "Voluntary Counselling and Testing"}, "facility": {"code": 13070}}, {"service": {"name": "Condom Promotion and Distribution"}, "facility": {"code": 13070}}, {"service": {"name": "PMTCT - ANC"}, "facility": {"code": 13185}}, {"service": {"name": "Diagnostic Counselling and Testing"}, "facility": {"code": 13185}}, {"service": {"name": "Provider Initiated Counselling and Testing"}, "facility": {"code": 13185}}, {"service": {"name": "Emergency Preparedness"}, "facility": {"code": 13011}}, {"service": {"name": "Dental Laboratory Services"}, "facility": {"code": 13011}}, {"service": {"name": "Condom Promotion and Distribution"}, "facility": {"code": 12889}}, {"service": {"name": "Oral Health Services (Dental Services)"}, "facility": {"code": 13011}}, {"service": {"name": "Emergency Obstetric Care"}, "facility": {"code": 13011}}, {"service": {"name": "Rehabilitative Health Services - Physiotherapy"}, "facility": {"code": 13011}}, {"service": {"name": "Services for Sexual Violence Survivors"}, "facility": {"code": 13011}}, {"service": {"name": "Mental Health Services"}, "facility": {"code": 13011}}, {"service": {"name": "Opthalmic Services"}, "facility": {"code": 13011}}, {"service": {"name": "Nutrition Services"}, "facility": {"code": 13011}}, {"service": {"name": "Laboratory Services"}, "facility": {"code": 13011}}, {"service": {"name": "Ambulance Sevices"}, "facility": {"code": 13011}}, {"service": {"name": "Radiology Services"}, "facility": {"code": 13011}}, {"service": {"name": "Surgical Services"}, "facility": {"code": 13011}}, {"service": {"name": "Maternity Services"}, "facility": {"code": 13011}}, {"service": {"name": "Curative Services"}, "facility": {"code": 13011}}, {"service": {"name": "Rehabilitative Health Services - Orthopaedic Technology"}, "facility": {"code": 13011}}, {"service": {"name": "Rehabilitative Health Services - Occupational Health"}, "facility": {"code": 13011}}, {"service": {"name": "PMTCT - ANC"}, "facility": {"code": 17063}}, {"service": {"name": "Basic Immunization"}, "facility": {"code": 13011}}, {"service": {"name": "Specialized ANC"}, "facility": {"code": 13011}}, {"service": {"name": "Focused Antenatal Care"}, "facility": {"code": 13011}}, {"service": {"name": "Integrated Services"}, "facility": {"code": 13011}}, {"service": {"name": "Long Term FP"}, "facility": {"code": 13011}}, {"service": {"name": "Short Term FP"}, "facility": {"code": 13011}}, {"service": {"name": "Post Exposure Prophylaxis"}, "facility": {"code": 13011}}, {"service": {"name": "Voluntary Male Circumcision"}, "facility": {"code": 13011}}, {"service": {"name": "PMTCT - ANC"}, "facility": {"code": 13011}}, {"service": {"name": "Diagnostic Counselling and Testing"}, "facility": {"code": 13011}}, {"service": {"name": "Provider Initiated Counselling and Testing"}, "facility": {"code": 13011}}, {"service": {"name": "Voluntary Counselling and Testing"}, "facility": {"code": 13011}}, {"service": {"name": "Management of STIs"}, "facility": {"code": 13011}}, {"service": {"name": "Condom Promotion and Distribution"}, "facility": {"code": 13011}}, {"service": {"name": "Curative Services"}, "facility": {"code": 12925}}, {"service": {"name": "Basic Immunization"}, "facility": {"code": 12925}}, {"service": {"name": "Focused Antenatal Care"}, "facility": {"code": 12925}}, {"service": {"name": "Short Term FP"}, "facility": {"code": 12925}}, {"service": {"name": "Environmental Health Services"}, "facility": {"code": 13010}}, {"service": {"name": "Services for Sexual Violence Survivors"}, "facility": {"code": 13010}}, {"service": {"name": "Integrated Management of Childhood Illnesses"}, "facility": {"code": 13010}}, {"service": {"name": "Laboratory Services"}, "facility": {"code": 13010}}, {"service": {"name": "Curative Services"}, "facility": {"code": 13010}}, {"service": {"name": "First Line Treatment"}, "facility": {"code": 13010}}, {"service": {"name": "Smear Microscopy"}, "facility": {"code": 13010}}, {"service": {"name": "Basic Immunization"}, "facility": {"code": 13010}}, {"service": {"name": "Focused Antenatal Care"}, "facility": {"code": 13010}}, {"service": {"name": "Integrated Services"}, "facility": {"code": 13010}}, {"service": {"name": "Short Term FP"}, "facility": {"code": 13010}}, {"service": {"name": "Home Based Care"}, "facility": {"code": 13010}}, {"service": {"name": "Adult Antiretroviral Therapy"}, "facility": {"code": 13010}}, {"service": {"name": "Paediatric Antiretroviral Therapy"}, "facility": {"code": 13010}}, {"service": {"name": "Post Exposure Prophylaxis"}, "facility": {"code": 13010}}, {"service": {"name": "PMTCT - ANC"}, "facility": {"code": 13010}}, {"service": {"name": "Early Infant Diagnosis"}, "facility": {"code": 13010}}, {"service": {"name": "Diagnostic Counselling and Testing"}, "facility": {"code": 13010}}, {"service": {"name": "Provider Initiated Counselling and Testing"}, "facility": {"code": 13010}}, {"service": {"name": "Management of STIs"}, "facility": {"code": 13010}}, {"service": {"name": "Condom Promotion and Distribution"}, "facility": {"code": 13010}}, {"service": {"name": "Nutrition Services"}, "facility": {"code": 13103}}, {"service": {"name": "Laboratory Services"}, "facility": {"code": 13103}}, {"service": {"name": "Maternity Services"}, "facility": {"code": 13103}}, {"service": {"name": "Curative Services"}, "facility": {"code": 13103}}, {"service": {"name": "Basic Immunization"}, "facility": {"code": 13103}}, {"service": {"name": "Focused Antenatal Care"}, "facility": {"code": 13103}}, {"service": {"name": "Short Term FP"}, "facility": {"code": 13103}}, {"service": {"name": "PMTCT - Maternity"}, "facility": {"code": 13103}}, {"service": {"name": "PMTCT - ANC"}, "facility": {"code": 13103}}, {"service": {"name": "Diagnostic Counselling and Testing"}, "facility": {"code": 13103}}, {"service": {"name": "Voluntary Counselling and Testing"}, "facility": {"code": 13103}}, {"service": {"name": "Management of STIs"}, "facility": {"code": 13103}}, {"service": {"name": "Condom Promotion and Distribution"}, "facility": {"code": 13103}}, {"service": {"name": "ENT Services"}, "facility": {"code": 12984}}, {"service": {"name": "Emergency Obstetric Care"}, "facility": {"code": 12984}}, {"service": {"name": "Nutrition Services"}, "facility": {"code": 12984}}, {"service": {"name": "Ambulance Sevices"}, "facility": {"code": 12984}}, {"service": {"name": "Laboratory Services"}, "facility": {"code": 12984}}, {"service": {"name": "Radiology Services"}, "facility": {"code": 12984}}, {"service": {"name": "Surgical Services"}, "facility": {"code": 12984}}, {"service": {"name": "Maternity Services"}, "facility": {"code": 12984}}, {"service": {"name": "Curative Services"}, "facility": {"code": 12984}}, {"service": {"name": "Facility Based Blood Transfusion Service"}, "facility": {"code": 12984}}, {"service": {"name": "First Line Treatment"}, "facility": {"code": 12984}}, {"service": {"name": "Smear Microscopy"}, "facility": {"code": 12984}}, {"service": {"name": "Basic Immunization"}, "facility": {"code": 12984}}, {"service": {"name": "Specialized ANC"}, "facility": {"code": 12984}}, {"service": {"name": "Focused Antenatal Care"}, "facility": {"code": 12984}}, {"service": {"name": "Adult Antiretroviral Therapy"}, "facility": {"code": 12984}}, {"service": {"name": "Paediatric Antiretroviral Therapy"}, "facility": {"code": 12984}}, {"service": {"name": "PMTCT - Maternity"}, "facility": {"code": 12984}}, {"service": {"name": "PMTCT - ANC"}, "facility": {"code": 12984}}, {"service": {"name": "Early Infant Diagnosis"}, "facility": {"code": 12984}}, {"service": {"name": "Diagnostic Counselling and Testing"}, "facility": {"code": 12984}}, {"service": {"name": "Provider Initiated Counselling and Testing"}, "facility": {"code": 12984}}, {"service": {"name": "Voluntary Counselling and Testing"}, "facility": {"code": 12984}}, {"service": {"name": "Management of STIs"}, "facility": {"code": 12984}}, {"service": {"name": "Nutrition Services"}, "facility": {"code": 13212}}, {"service": {"name": "Laboratory Services"}, "facility": {"code": 13212}}, {"service": {"name": "Maternity Services"}, "facility": {"code": 13212}}, {"service": {"name": "Curative Services"}, "facility": {"code": 13212}}, {"service": {"name": "Basic Immunization"}, "facility": {"code": 13212}}, {"service": {"name": "Focused Antenatal Care"}, "facility": {"code": 13212}}, {"service": {"name": "Short Term FP"}, "facility": {"code": 13212}}, {"service": {"name": "PMTCT - ANC"}, "facility": {"code": 13212}}, {"service": {"name": "Diagnostic Counselling and Testing"}, "facility": {"code": 13212}}, {"service": {"name": "Voluntary Counselling and Testing"}, "facility": {"code": 13212}}, {"service": {"name": "Laboratory Services"}, "facility": {"code": 17945}}, {"service": {"name": "Basic Immunization"}, "facility": {"code": 17945}}, {"service": {"name": "Curative Services"}, "facility": {"code": 17945}}, {"service": {"name": "Condom Promotion and Distribution"}, "facility": {"code": 13212}}, {"service": {"name": "Laboratory Services"}, "facility": {"code": 17944}}, {"service": {"name": "Curative Services"}, "facility": {"code": 17944}}, {"service": {"name": "Voluntary Counselling and Testing"}, "facility": {"code": 17944}}, {"service": {"name": "Nutrition Services"}, "facility": {"code": 13129}}, {"service": {"name": "Laboratory Services"}, "facility": {"code": 13129}}, {"service": {"name": "Curative Services"}, "facility": {"code": 13129}}, {"service": {"name": "Basic Immunization"}, "facility": {"code": 13129}}, {"service": {"name": "Focused Antenatal Care"}, "facility": {"code": 13129}}, {"service": {"name": "PMTCT - ANC"}, "facility": {"code": 13129}}, {"service": {"name": "Voluntary Counselling and Testing"}, "facility": {"code": 13129}}, {"service": {"name": "Environmental Health Services"}, "facility": {"code": 16349}}, {"service": {"name": "Laboratory Services"}, "facility": {"code": 16349}}, {"service": {"name": "Maternity Services"}, "facility": {"code": 16349}}, {"service": {"name": "Curative Services"}, "facility": {"code": 16349}}, {"service": {"name": "Immunization with additional vaccines"}, "facility": {"code": 16349}}, {"service": {"name": "Basic Immunization"}, "facility": {"code": 16349}}, {"service": {"name": "Focused Antenatal Care"}, "facility": {"code": 16349}}, {"service": {"name": "PMTCT - ANC"}, "facility": {"code": 16349}}, {"service": {"name": "Provider Initiated Counselling and Testing"}, "facility": {"code": 16349}}, {"service": {"name": "Voluntary Counselling and Testing"}, "facility": {"code": 16349}}, {"service": {"name": "Condom Promotion and Distribution"}, "facility": {"code": 16349}}, {"service": {"name": "Curative Services"}, "facility": {"code": 13124}}, {"service": {"name": "Basic Immunization"}, "facility": {"code": 13124}}, {"service": {"name": "Focused Antenatal Care"}, "facility": {"code": 13124}}, {"service": {"name": "Short Term FP"}, "facility": {"code": 13124}}, {"service": {"name": "Diagnostic Counselling and Testing"}, "facility": {"code": 13124}}, {"service": {"name": "Condom Promotion and Distribution"}, "facility": {"code": 13124}}, {"service": {"name": "Emergency Preparedness"}, "facility": {"code": 12978}}, {"service": {"name": "Emergency Obstetric Care"}, "facility": {"code": 12978}}, {"service": {"name": "Environmental Health Services"}, "facility": {"code": 12978}}, {"service": {"name": "Nutrition Services"}, "facility": {"code": 12978}}, {"service": {"name": "Integrated Management of Childhood Illnesses"}, "facility": {"code": 12978}}, {"service": {"name": "Curative Services"}, "facility": {"code": 12978}}, {"service": {"name": "Curative Services"}, "facility": {"code": 13102}}, {"service": {"name": "Basic Immunization"}, "facility": {"code": 13102}}, {"service": {"name": "Focused Antenatal Care"}, "facility": {"code": 13102}}, {"service": {"name": "Short Term FP"}, "facility": {"code": 13102}}, {"service": {"name": "PMTCT - ANC"}, "facility": {"code": 13102}}, {"service": {"name": "Diagnostic Counselling and Testing"}, "facility": {"code": 13102}}, {"service": {"name": "Provider Initiated Counselling and Testing"}, "facility": {"code": 13102}}, {"service": {"name": "Basic Immunization"}, "facility": {"code": 12978}}, {"service": {"name": "Condom Promotion and Distribution"}, "facility": {"code": 13102}}, {"service": {"name": "Focused Antenatal Care"}, "facility": {"code": 12978}}, {"service": {"name": "Integrated Services"}, "facility": {"code": 12978}}, {"service": {"name": "Long Term FP"}, "facility": {"code": 12978}}, {"service": {"name": "Short Term FP"}, "facility": {"code": 12978}}, {"service": {"name": "Diagnostic Counselling and Testing"}, "facility": {"code": 12978}}, {"service": {"name": "Provider Initiated Counselling and Testing"}, "facility": {"code": 12978}}, {"service": {"name": "Voluntary Counselling and Testing"}, "facility": {"code": 12978}}, {"service": {"name": "Management of STIs"}, "facility": {"code": 12978}}, {"service": {"name": "Condom Promotion and Distribution"}, "facility": {"code": 12978}}, {"service": {"name": "Emergency Preparedness"}, "facility": {"code": 12872}}, {"service": {"name": "Dental Laboratory Services"}, "facility": {"code": 12872}}, {"service": {"name": "Oral Health Services (Dental Services)"}, "facility": {"code": 12872}}, {"service": {"name": "Emergency Obstetric Care"}, "facility": {"code": 12872}}, {"service": {"name": "Services for Sexual Violence Survivors"}, "facility": {"code": 12872}}, {"service": {"name": "Nutrition Services"}, "facility": {"code": 12872}}, {"service": {"name": "Integrated Management of Childhood Illnesses"}, "facility": {"code": 12872}}, {"service": {"name": "Laboratory Services"}, "facility": {"code": 12872}}, {"service": {"name": "Maternity Services"}, "facility": {"code": 12872}}, {"service": {"name": "Curative Services"}, "facility": {"code": 12872}}, {"service": {"name": "Long Term FP"}, "facility": {"code": 12872}}, {"service": {"name": "Basic Immunization"}, "facility": {"code": 12872}}, {"service": {"name": "Focused Antenatal Care"}, "facility": {"code": 12872}}, {"service": {"name": "Short Term FP"}, "facility": {"code": 12872}}, {"service": {"name": "Home Based Care"}, "facility": {"code": 12872}}, {"service": {"name": "PMTCT - Maternity"}, "facility": {"code": 12872}}, {"service": {"name": "PMTCT - ANC"}, "facility": {"code": 12872}}, {"service": {"name": "Early Infant Diagnosis"}, "facility": {"code": 12872}}, {"service": {"name": "Diagnostic Counselling and Testing"}, "facility": {"code": 12872}}, {"service": {"name": "Provider Initiated Counselling and Testing"}, "facility": {"code": 12872}}, {"service": {"name": "Voluntary Counselling and Testing"}, "facility": {"code": 12872}}, {"service": {"name": "Management of STIs"}, "facility": {"code": 12872}}, {"service": {"name": "Condom Promotion and Distribution"}, "facility": {"code": 12872}}, {"service": {"name": "Emergency Preparedness"}, "facility": {"code": 13151}}, {"service": {"name": "Oral Health Services (Dental Services)"}, "facility": {"code": 13151}}, {"service": {"name": "Emergency Obstetric Care"}, "facility": {"code": 13151}}, {"service": {"name": "Environmental Health Services"}, "facility": {"code": 13151}}, {"service": {"name": "Services for Sexual Violence Survivors"}, "facility": {"code": 13151}}, {"service": {"name": "Nutrition Services"}, "facility": {"code": 13151}}, {"service": {"name": "Integrated Management of Childhood Illnesses"}, "facility": {"code": 13151}}, {"service": {"name": "Ambulance Sevices"}, "facility": {"code": 13151}}, {"service": {"name": "Laboratory Services"}, "facility": {"code": 13151}}, {"service": {"name": "Maternity Services"}, "facility": {"code": 13151}}, {"service": {"name": "Curative Services"}, "facility": {"code": 13151}}, {"service": {"name": "Permanent FP"}, "facility": {"code": 13151}}, {"service": {"name": "Long Term FP"}, "facility": {"code": 13151}}, {"service": {"name": "Short Term FP"}, "facility": {"code": 13151}}, {"service": {"name": "Condom Promotion and Distribution"}, "facility": {"code": 13151}}, {"service": {"name": "First Line Treatment"}, "facility": {"code": 13151}}, {"service": {"name": "Smear Microscopy"}, "facility": {"code": 13151}}, {"service": {"name": "Basic Immunization"}, "facility": {"code": 13151}}, {"service": {"name": "Focused Antenatal Care"}, "facility": {"code": 13151}}, {"service": {"name": "PMTCT - ANC"}, "facility": {"code": 13151}}, {"service": {"name": "Early Infant Diagnosis"}, "facility": {"code": 13151}}, {"service": {"name": "Diagnostic Counselling and Testing"}, "facility": {"code": 13151}}, {"service": {"name": "Provider Initiated Counselling and Testing"}, "facility": {"code": 13151}}, {"service": {"name": "Voluntary Counselling and Testing"}, "facility": {"code": 13151}}, {"service": {"name": "Management of STIs"}, "facility": {"code": 13151}}, {"service": {"name": "Emergency Preparedness"}, "facility": {"code": 13220}}, {"service": {"name": "Nutrition Services"}, "facility": {"code": 13220}}, {"service": {"name": "Integrated Management of Childhood Illnesses"}, "facility": {"code": 13220}}, {"service": {"name": "Laboratory Services"}, "facility": {"code": 13220}}, {"service": {"name": "Radiology Services"}, "facility": {"code": 13220}}, {"service": {"name": "Curative Services"}, "facility": {"code": 13220}}, {"service": {"name": "MDRTB Treatment"}, "facility": {"code": 13220}}, {"service": {"name": "First Line Treatment"}, "facility": {"code": 13220}}, {"service": {"name": "Tuberculosis Culture"}, "facility": {"code": 13220}}, {"service": {"name": "Smear Microscopy"}, "facility": {"code": 13220}}, {"service": {"name": "Basic Immunization"}, "facility": {"code": 13220}}, {"service": {"name": "Integrated Services"}, "facility": {"code": 13220}}, {"service": {"name": "Post Exposure Prophylaxis"}, "facility": {"code": 13220}}, {"service": {"name": "Focused Antenatal Care"}, "facility": {"code": 13220}}, {"service": {"name": "Adult Antiretroviral Therapy"}, "facility": {"code": 13220}}, {"service": {"name": "Home Based Care"}, "facility": {"code": 13220}}, {"service": {"name": "Paediatric Antiretroviral Therapy"}, "facility": {"code": 13220}}, {"service": {"name": "Early Infant Diagnosis"}, "facility": {"code": 13220}}, {"service": {"name": "Diagnostic Counselling and Testing"}, "facility": {"code": 13220}}, {"service": {"name": "Provider Initiated Counselling and Testing"}, "facility": {"code": 13220}}, {"service": {"name": "Emergency Preparedness"}, "facility": {"code": 17719}}, {"service": {"name": "Nutrition Services"}, "facility": {"code": 17719}}, {"service": {"name": "Integrated Management of Childhood Illnesses"}, "facility": {"code": 17719}}, {"service": {"name": "Emergency Preparedness"}, "facility": {"code": 17685}}, {"service": {"name": "Emergency Obstetric Care"}, "facility": {"code": 17685}}, {"service": {"name": "Long Term FP"}, "facility": {"code": 17685}}, {"service": {"name": "Short Term FP"}, "facility": {"code": 17685}}, {"service": {"name": "Post Exposure Prophylaxis"}, "facility": {"code": 17685}}, {"service": {"name": "Voluntary Male Circumcision"}, "facility": {"code": 17685}}, {"service": {"name": "PMTCT - Maternity"}, "facility": {"code": 17685}}, {"service": {"name": "PMTCT - ANC"}, "facility": {"code": 17685}}, {"service": {"name": "Diagnostic Counselling and Testing"}, "facility": {"code": 17685}}, {"service": {"name": "Provider Initiated Counselling and Testing"}, "facility": {"code": 17685}}, {"service": {"name": "Voluntary Counselling and Testing"}, "facility": {"code": 17685}}, {"service": {"name": "Management of STIs"}, "facility": {"code": 17685}}, {"service": {"name": "Condom Promotion and Distribution"}, "facility": {"code": 17685}}, {"service": {"name": "Focused Antenatal Care"}, "facility": {"code": 17939}}, {"service": {"name": "Basic Immunization"}, "facility": {"code": 17939}}, {"service": {"name": "First Line Treatment"}, "facility": {"code": 17939}}, {"service": {"name": "Integrated Services"}, "facility": {"code": 17939}}, {"service": {"name": "Long Term FP"}, "facility": {"code": 17939}}, {"service": {"name": "Short Term FP"}, "facility": {"code": 17939}}, {"service": {"name": "PMTCT - ANC"}, "facility": {"code": 17939}}, {"service": {"name": "Early Infant Diagnosis"}, "facility": {"code": 17939}}, {"service": {"name": "Provider Initiated Counselling and Testing"}, "facility": {"code": 17939}}, {"service": {"name": "Condom Promotion and Distribution"}, "facility": {"code": 17939}}, {"service": {"name": "ENT Services"}, "facility": {"code": 13014}}, {"service": {"name": "Emergency Preparedness"}, "facility": {"code": 13014}}, {"service": {"name": "Emergency Obstetric Care"}, "facility": {"code": 13014}}, {"service": {"name": "Services for Sexual Violence Survivors"}, "facility": {"code": 13014}}, {"service": {"name": "Mental Health Services"}, "facility": {"code": 13014}}, {"service": {"name": "Opthalmic Services"}, "facility": {"code": 13014}}, {"service": {"name": "Nutrition Services"}, "facility": {"code": 13014}}, {"service": {"name": "Integrated Management of Childhood Illnesses"}, "facility": {"code": 13014}}, {"service": {"name": "Laboratory Services"}, "facility": {"code": 13014}}, {"service": {"name": "Radiology Services"}, "facility": {"code": 13014}}, {"service": {"name": "Surgical Services"}, "facility": {"code": 13014}}, {"service": {"name": "Maternity Services"}, "facility": {"code": 13014}}, {"service": {"name": "Curative Services"}, "facility": {"code": 13014}}, {"service": {"name": "Rehabilitative Health Services - Orthopaedic Technology"}, "facility": {"code": 13014}}, {"service": {"name": "Basic Immunization"}, "facility": {"code": 13014}}, {"service": {"name": "Focused Antenatal Care"}, "facility": {"code": 13014}}, {"service": {"name": "Long Term FP"}, "facility": {"code": 13014}}, {"service": {"name": "Short Term FP"}, "facility": {"code": 13014}}, {"service": {"name": "Adult Antiretroviral Therapy"}, "facility": {"code": 13014}}, {"service": {"name": "Paediatric Antiretroviral Therapy"}, "facility": {"code": 13014}}, {"service": {"name": "Post Exposure Prophylaxis"}, "facility": {"code": 13014}}, {"service": {"name": "Voluntary Male Circumcision"}, "facility": {"code": 13014}}, {"service": {"name": "PMTCT - Maternity"}, "facility": {"code": 13014}}, {"service": {"name": "PMTCT - ANC"}, "facility": {"code": 13014}}, {"service": {"name": "Early Infant Diagnosis"}, "facility": {"code": 13014}}, {"service": {"name": "Diagnostic Counselling and Testing"}, "facility": {"code": 13014}}, {"service": {"name": "Provider Initiated Counselling and Testing"}, "facility": {"code": 13014}}, {"service": {"name": "Voluntary Counselling and Testing"}, "facility": {"code": 13014}}, {"service": {"name": "Management of STIs"}, "facility": {"code": 13014}}, {"service": {"name": "Condom Promotion and Distribution"}, "facility": {"code": 13014}}, {"service": {"name": "Curative Services"}, "facility": {"code": 17935}}, {"service": {"name": "Smear Microscopy"}, "facility": {"code": 17935}}, {"service": {"name": "First Line Treatment"}, "facility": {"code": 17935}}, {"service": {"name": "Focused Antenatal Care"}, "facility": {"code": 17935}}, {"service": {"name": "Emergency Preparedness"}, "facility": {"code": 13101}}, {"service": {"name": "Basic Immunization"}, "facility": {"code": 17935}}, {"service": {"name": "Environmental Health Services"}, "facility": {"code": 13101}}, {"service": {"name": "Integrated Services"}, "facility": {"code": 17935}}, {"service": {"name": "Long Term FP"}, "facility": {"code": 17935}}, {"service": {"name": "Short Term FP"}, "facility": {"code": 17935}}, {"service": {"name": "Post Exposure Prophylaxis"}, "facility": {"code": 17935}}, {"service": {"name": "Nutrition Services"}, "facility": {"code": 13101}}, {"service": {"name": "PMTCT - ANC"}, "facility": {"code": 17935}}, {"service": {"name": "Laboratory Services"}, "facility": {"code": 13101}}, {"service": {"name": "Curative Services"}, "facility": {"code": 13101}}, {"service": {"name": "Provider Initiated Counselling and Testing"}, "facility": {"code": 17935}}, {"service": {"name": "Management of STIs"}, "facility": {"code": 17935}}, {"service": {"name": "Condom Promotion and Distribution"}, "facility": {"code": 17935}}, {"service": {"name": "Rehabilitative Health Services - Occupational Health"}, "facility": {"code": 13101}}, {"service": {"name": "Smear Microscopy"}, "facility": {"code": 13101}}, {"service": {"name": "Basic Immunization"}, "facility": {"code": 13101}}, {"service": {"name": "Focused Antenatal Care"}, "facility": {"code": 13101}}, {"service": {"name": "Home Based Care"}, "facility": {"code": 13101}}, {"service": {"name": "Adult Antiretroviral Therapy"}, "facility": {"code": 13101}}, {"service": {"name": "Paediatric Antiretroviral Therapy"}, "facility": {"code": 13101}}, {"service": {"name": "PMTCT - ANC"}, "facility": {"code": 13101}}, {"service": {"name": "Early Infant Diagnosis"}, "facility": {"code": 13101}}, {"service": {"name": "Diagnostic Counselling and Testing"}, "facility": {"code": 13101}}, {"service": {"name": "Provider Initiated Counselling and Testing"}, "facility": {"code": 13101}}, {"service": {"name": "Voluntary Counselling and Testing"}, "facility": {"code": 13101}}, {"service": {"name": "Management of STIs"}, "facility": {"code": 13101}}, {"service": {"name": "Emergency Obstetric Care"}, "facility": {"code": 12977}}, {"service": {"name": "Emergency Preparedness"}, "facility": {"code": 12977}}, {"service": {"name": "Nutrition Services"}, "facility": {"code": 12977}}, {"service": {"name": "Laboratory Services"}, "facility": {"code": 12977}}, {"service": {"name": "Maternity Services"}, "facility": {"code": 12977}}, {"service": {"name": "Curative Services"}, "facility": {"code": 12977}}, {"service": {"name": "Smear Microscopy"}, "facility": {"code": 12977}}, {"service": {"name": "Basic Immunization"}, "facility": {"code": 12977}}, {"service": {"name": "Focused Antenatal Care"}, "facility": {"code": 12977}}, {"service": {"name": "Long Term FP"}, "facility": {"code": 12977}}, {"service": {"name": "Short Term FP"}, "facility": {"code": 12977}}, {"service": {"name": "Post Exposure Prophylaxis"}, "facility": {"code": 12977}}, {"service": {"name": "PMTCT - Maternity"}, "facility": {"code": 12977}}, {"service": {"name": "PMTCT - ANC"}, "facility": {"code": 12977}}, {"service": {"name": "Diagnostic Counselling and Testing"}, "facility": {"code": 12977}}, {"service": {"name": "Provider Initiated Counselling and Testing"}, "facility": {"code": 12977}}, {"service": {"name": "Voluntary Counselling and Testing"}, "facility": {"code": 12977}}, {"service": {"name": "Management of STIs"}, "facility": {"code": 12977}}, {"service": {"name": "Condom Promotion and Distribution"}, "facility": {"code": 12977}}, {"service": {"name": "Laboratory Services"}, "facility": {"code": 13094}}, {"service": {"name": "PMTCT - Maternity"}, "facility": {"code": 13094}}, {"service": {"name": "PMTCT - ANC"}, "facility": {"code": 13094}}, {"service": {"name": "Long Term FP"}, "facility": {"code": 13094}}, {"service": {"name": "Short Term FP"}, "facility": {"code": 13094}}, {"service": {"name": "Emergency Obstetric Care"}, "facility": {"code": 13094}}, {"service": {"name": "Nutrition Services"}, "facility": {"code": 13094}}, {"service": {"name": "Maternity Services"}, "facility": {"code": 13094}}, {"service": {"name": "Curative Services"}, "facility": {"code": 13094}}, {"service": {"name": "Basic Immunization"}, "facility": {"code": 13094}}, {"service": {"name": "Focused Antenatal Care"}, "facility": {"code": 13094}}, {"service": {"name": "Post Exposure Prophylaxis"}, "facility": {"code": 13094}}, {"service": {"name": "Diagnostic Counselling and Testing"}, "facility": {"code": 13094}}, {"service": {"name": "Provider Initiated Counselling and Testing"}, "facility": {"code": 13094}}, {"service": {"name": "Management of STIs"}, "facility": {"code": 13094}}, {"service": {"name": "Condom Promotion and Distribution"}, "facility": {"code": 13094}}, {"service": {"name": "Nutrition Services"}, "facility": {"code": 13047}}, {"service": {"name": "Paediatric Antiretroviral Therapy"}, "facility": {"code": 13047}}, {"service": {"name": "Early Infant Diagnosis"}, "facility": {"code": 13047}}, {"service": {"name": "Condom Promotion and Distribution"}, "facility": {"code": 13047}}, {"service": {"name": "Nutrition Services"}, "facility": {"code": 12915}}, {"service": {"name": "Curative Services"}, "facility": {"code": 12915}}, {"service": {"name": "Basic Immunization"}, "facility": {"code": 12915}}, {"service": {"name": "Focused Antenatal Care"}, "facility": {"code": 12915}}, {"service": {"name": "Short Term FP"}, "facility": {"code": 12915}}, {"service": {"name": "Provider Initiated Counselling and Testing"}, "facility": {"code": 12915}}, {"service": {"name": "Condom Promotion and Distribution"}, "facility": {"code": 12915}}, {"service": {"name": "Oral Health Services (Dental Services)"}, "facility": {"code": 12912}}, {"service": {"name": "Rehabilitative Health Services - Orthopaedic Technology"}, "facility": {"code": 12912}}, {"service": {"name": "Smear Microscopy"}, "facility": {"code": 12912}}, {"service": {"name": "Basic Immunization"}, "facility": {"code": 12912}}, {"service": {"name": "Integrated Services"}, "facility": {"code": 12912}}, {"service": {"name": "Focused Antenatal Care"}, "facility": {"code": 12912}}, {"service": {"name": "Short Term FP"}, "facility": {"code": 12912}}, {"service": {"name": "Home Based Care"}, "facility": {"code": 12912}}, {"service": {"name": "Adult Antiretroviral Therapy"}, "facility": {"code": 12912}}, {"service": {"name": "Paediatric Antiretroviral Therapy"}, "facility": {"code": 12912}}, {"service": {"name": "Post Exposure Prophylaxis"}, "facility": {"code": 12912}}, {"service": {"name": "PMTCT - ANC"}, "facility": {"code": 12912}}, {"service": {"name": "Early Infant Diagnosis"}, "facility": {"code": 12912}}, {"service": {"name": "Diagnostic Counselling and Testing"}, "facility": {"code": 12912}}, {"service": {"name": "Provider Initiated Counselling and Testing"}, "facility": {"code": 12912}}, {"service": {"name": "Voluntary Counselling and Testing"}, "facility": {"code": 12912}}, {"service": {"name": "Management of STIs"}, "facility": {"code": 12912}}, {"service": {"name": "Condom Promotion and Distribution"}, "facility": {"code": 12912}}, {"service": {"name": "Home Based Care"}, "facility": {"code": 12913}}, {"service": {"name": "Provider Initiated Counselling and Testing"}, "facility": {"code": 12913}}, {"service": {"name": "Nutrition Services"}, "facility": {"code": 12910}}, {"service": {"name": "Curative Services"}, "facility": {"code": 12910}}, {"service": {"name": "Basic Immunization"}, "facility": {"code": 12910}}, {"service": {"name": "Short Term FP"}, "facility": {"code": 12910}}, {"service": {"name": "Provider Initiated Counselling and Testing"}, "facility": {"code": 12910}}, {"service": {"name": "Emergency Obstetric Care"}, "facility": {"code": 11541}}, {"service": {"name": "Condom Promotion and Distribution"}, "facility": {"code": 12910}}, {"service": {"name": "Short Term FP"}, "facility": {"code": 11541}}, {"service": {"name": "Nutrition Services"}, "facility": {"code": 12911}}, {"service": {"name": "Laboratory Services"}, "facility": {"code": 12911}}, {"service": {"name": "Curative Services"}, "facility": {"code": 12911}}, {"service": {"name": "Smear Microscopy"}, "facility": {"code": 12911}}, {"service": {"name": "Basic Immunization"}, "facility": {"code": 12911}}, {"service": {"name": "Focused Antenatal Care"}, "facility": {"code": 12911}}, {"service": {"name": "Integrated Services"}, "facility": {"code": 12911}}, {"service": {"name": "Adult Antiretroviral Therapy"}, "facility": {"code": 12911}}, {"service": {"name": "Home Based Care"}, "facility": {"code": 12911}}, {"service": {"name": "Paediatric Antiretroviral Therapy"}, "facility": {"code": 12911}}, {"service": {"name": "Voluntary Male Circumcision"}, "facility": {"code": 12911}}, {"service": {"name": "Management of STIs"}, "facility": {"code": 12911}}, {"service": {"name": "Diagnostic Counselling and Testing"}, "facility": {"code": 12911}}, {"service": {"name": "Early Infant Diagnosis"}, "facility": {"code": 12911}}, {"service": {"name": "Provider Initiated Counselling and Testing"}, "facility": {"code": 12911}}, {"service": {"name": "PMTCT - ANC"}, "facility": {"code": 12911}}, {"service": {"name": "Voluntary Counselling and Testing"}, "facility": {"code": 12911}}, {"service": {"name": "Nutrition Services"}, "facility": {"code": 12887}}, {"service": {"name": "Curative Services"}, "facility": {"code": 12887}}, {"service": {"name": "Focused Antenatal Care"}, "facility": {"code": 12887}}, {"service": {"name": "Basic Immunization"}, "facility": {"code": 12887}}, {"service": {"name": "Home Based Care"}, "facility": {"code": 12887}}, {"service": {"name": "PMTCT - ANC"}, "facility": {"code": 12887}}, {"service": {"name": "Diagnostic Counselling and Testing"}, "facility": {"code": 12887}}, {"service": {"name": "Provider Initiated Counselling and Testing"}, "facility": {"code": 12887}}, {"service": {"name": "Nutrition Services"}, "facility": {"code": 12903}}, {"service": {"name": "Home Based Care"}, "facility": {"code": 13104}}, {"service": {"name": "Curative Services"}, "facility": {"code": 12903}}, {"service": {"name": "Basic Immunization"}, "facility": {"code": 12903}}, {"service": {"name": "Focused Antenatal Care"}, "facility": {"code": 12903}}, {"service": {"name": "Short Term FP"}, "facility": {"code": 12903}}, {"service": {"name": "PMTCT - ANC"}, "facility": {"code": 12903}}, {"service": {"name": "Early Infant Diagnosis"}, "facility": {"code": 12903}}, {"service": {"name": "Diagnostic Counselling and Testing"}, "facility": {"code": 12903}}, {"service": {"name": "Provider Initiated Counselling and Testing"}, "facility": {"code": 12903}}, {"service": {"name": "Voluntary Counselling and Testing"}, "facility": {"code": 12903}}, {"service": {"name": "Condom Promotion and Distribution"}, "facility": {"code": 12903}}, {"service": {"name": "Opthalmic Services"}, "facility": {"code": 13207}}, {"service": {"name": "Integrated Management of Childhood Illnesses"}, "facility": {"code": 13207}}, {"service": {"name": "Laboratory Services"}, "facility": {"code": 13207}}, {"service": {"name": "Radiology Services"}, "facility": {"code": 13207}}, {"service": {"name": "Curative Services"}, "facility": {"code": 13207}}, {"service": {"name": "MDRTB Treatment"}, "facility": {"code": 13207}}, {"service": {"name": "First Line Treatment"}, "facility": {"code": 13207}}, {"service": {"name": "Tuberculosis Culture"}, "facility": {"code": 13207}}, {"service": {"name": "Smear Microscopy"}, "facility": {"code": 13207}}, {"service": {"name": "Basic Immunization"}, "facility": {"code": 13207}}, {"service": {"name": "Focused Antenatal Care"}, "facility": {"code": 13207}}, {"service": {"name": "Integrated Services"}, "facility": {"code": 13207}}, {"service": {"name": "PMTCT - ANC"}, "facility": {"code": 13207}}, {"service": {"name": "Early Infant Diagnosis"}, "facility": {"code": 13207}}, {"service": {"name": "Diagnostic Counselling and Testing"}, "facility": {"code": 13207}}, {"service": {"name": "Provider Initiated Counselling and Testing"}, "facility": {"code": 13207}}, {"service": {"name": "Voluntary Counselling and Testing"}, "facility": {"code": 13207}}, {"service": {"name": "Management of STIs"}, "facility": {"code": 13207}}, {"service": {"name": "Nutrition Services"}, "facility": {"code": 13184}}, {"service": {"name": "Curative Services"}, "facility": {"code": 13184}}, {"service": {"name": "Basic Immunization"}, "facility": {"code": 13184}}, {"service": {"name": "Long Term FP"}, "facility": {"code": 13184}}, {"service": {"name": "Short Term FP"}, "facility": {"code": 13184}}, {"service": {"name": "Adult Antiretroviral Therapy"}, "facility": {"code": 13184}}, {"service": {"name": "PMTCT - ANC"}, "facility": {"code": 13184}}, {"service": {"name": "ENT Services"}, "facility": {"code": 13225}}, {"service": {"name": "Basic Immunization"}, "facility": {"code": 13225}}, {"service": {"name": "Focused Antenatal Care"}, "facility": {"code": 13225}}, {"service": {"name": "PMTCT - ANC"}, "facility": {"code": 13225}}, {"service": {"name": "Diagnostic Counselling and Testing"}, "facility": {"code": 13225}}, {"service": {"name": "Provider Initiated Counselling and Testing"}, "facility": {"code": 13225}}, {"service": {"name": "Laboratory Services"}, "facility": {"code": 12067}}, {"service": {"name": "Curative Services"}, "facility": {"code": 12067}}, {"service": {"name": "Nutrition Services"}, "facility": {"code": 13036}}, {"service": {"name": "Laboratory Services"}, "facility": {"code": 13036}}, {"service": {"name": "Curative Services"}, "facility": {"code": 13036}}, {"service": {"name": "First Line Treatment"}, "facility": {"code": 13036}}, {"service": {"name": "Smear Microscopy"}, "facility": {"code": 13036}}, {"service": {"name": "Immunization with additional vaccines"}, "facility": {"code": 13036}}, {"service": {"name": "Basic Immunization"}, "facility": {"code": 13036}}, {"service": {"name": "Focused Antenatal Care"}, "facility": {"code": 13036}}, {"service": {"name": "Home Based Care"}, "facility": {"code": 13036}}, {"service": {"name": "Adult Antiretroviral Therapy"}, "facility": {"code": 13036}}, {"service": {"name": "Paediatric Antiretroviral Therapy"}, "facility": {"code": 13036}}, {"service": {"name": "PMTCT - ANC"}, "facility": {"code": 13036}}, {"service": {"name": "Voluntary Counselling and Testing"}, "facility": {"code": 13036}}, {"service": {"name": "Laboratory Services"}, "facility": {"code": 13210}}, {"service": {"name": "Nutrition Services"}, "facility": {"code": 13210}}, {"service": {"name": "Curative Services"}, "facility": {"code": 13210}}, {"service": {"name": "Basic Immunization"}, "facility": {"code": 13210}}, {"service": {"name": "Focused Antenatal Care"}, "facility": {"code": 13210}}, {"service": {"name": "Short Term FP"}, "facility": {"code": 13210}}, {"service": {"name": "PMTCT - ANC"}, "facility": {"code": 13210}}, {"service": {"name": "Voluntary Counselling and Testing"}, "facility": {"code": 13210}}, {"service": {"name": "Provider Initiated Counselling and Testing"}, "facility": {"code": 13210}}, {"service": {"name": "Condom Promotion and Distribution"}, "facility": {"code": 13210}}, {"service": {"name": "Oral Health Services (Dental Services)"}, "facility": {"code": 13135}}, {"service": {"name": "Nutrition Services"}, "facility": {"code": 13135}}, {"service": {"name": "Curative Services"}, "facility": {"code": 13135}}, {"service": {"name": "First Line Treatment"}, "facility": {"code": 13135}}, {"service": {"name": "Smear Microscopy"}, "facility": {"code": 13135}}, {"service": {"name": "Immunization with additional vaccines"}, "facility": {"code": 13135}}, {"service": {"name": "Basic Immunization"}, "facility": {"code": 13135}}, {"service": {"name": "Focused Antenatal Care"}, "facility": {"code": 13135}}, {"service": {"name": "PMTCT - ANC"}, "facility": {"code": 13135}}, {"service": {"name": "Provider Initiated Counselling and Testing"}, "facility": {"code": 13135}}, {"service": {"name": "Home Based Care"}, "facility": {"code": 13019}}, {"service": {"name": "Adult Antiretroviral Therapy"}, "facility": {"code": 13019}}, {"service": {"name": "Paediatric Antiretroviral Therapy"}, "facility": {"code": 13019}}, {"service": {"name": "Provider Initiated Counselling and Testing"}, "facility": {"code": 13019}}, {"service": {"name": "Voluntary Counselling and Testing"}, "facility": {"code": 13019}}, {"service": {"name": "Condom Promotion and Distribution"}, "facility": {"code": 13019}}, {"service": {"name": "Nutrition Services"}, "facility": {"code": 17932}}, {"service": {"name": "Curative Services"}, "facility": {"code": 17932}}, {"service": {"name": "Basic Immunization"}, "facility": {"code": 17932}}, {"service": {"name": "Focused Antenatal Care"}, "facility": {"code": 17932}}, {"service": {"name": "Short Term FP"}, "facility": {"code": 17932}}, {"service": {"name": "Management of STIs"}, "facility": {"code": 17932}}, {"service": {"name": "Condom Promotion and Distribution"}, "facility": {"code": 17932}}, {"service": {"name": "First Line Treatment"}, "facility": {"code": 12879}}, {"service": {"name": "Tuberculosis Culture"}, "facility": {"code": 12879}}, {"service": {"name": "Emergency Preparedness"}, "facility": {"code": 13096}}, {"service": {"name": "Oral Health Services (Dental Services)"}, "facility": {"code": 13096}}, {"service": {"name": "Emergency Obstetric Care"}, "facility": {"code": 13096}}, {"service": {"name": "Rehabilitative Health Services - Physiotherapy"}, "facility": {"code": 13096}}, {"service": {"name": "Facility Based Blood Transfusion Service"}, "facility": {"code": 13096}}, {"service": {"name": "Facility Based Blood Collection Service"}, "facility": {"code": 13096}}, {"service": {"name": "Specialized ANC"}, "facility": {"code": 13096}}, {"service": {"name": "Focused Antenatal Care"}, "facility": {"code": 13096}}, {"service": {"name": "Nutrition Services"}, "facility": {"code": 12864}}, {"service": {"name": "Curative Services"}, "facility": {"code": 12864}}, {"service": {"name": "Basic Immunization"}, "facility": {"code": 12864}}, {"service": {"name": "Immunization with additional vaccines"}, "facility": {"code": 13096}}, {"service": {"name": "Basic Immunization"}, "facility": {"code": 13096}}, {"service": {"name": "Permanent FP"}, "facility": {"code": 13096}}, {"service": {"name": "Long Term FP"}, "facility": {"code": 13096}}, {"service": {"name": "Short Term FP"}, "facility": {"code": 13096}}, {"service": {"name": "PMTCT - Maternity"}, "facility": {"code": 13096}}, {"service": {"name": "PMTCT - ANC"}, "facility": {"code": 13096}}, {"service": {"name": "Diagnostic Counselling and Testing"}, "facility": {"code": 13096}}, {"service": {"name": "Provider Initiated Counselling and Testing"}, "facility": {"code": 13096}}, {"service": {"name": "Emergency Preparedness"}, "facility": {"code": 13123}}, {"service": {"name": "Nutrition Services"}, "facility": {"code": 13123}}, {"service": {"name": "Ambulance Sevices"}, "facility": {"code": 13123}}, {"service": {"name": "Curative Services"}, "facility": {"code": 13123}}, {"service": {"name": "Basic Immunization"}, "facility": {"code": 13123}}, {"service": {"name": "Focused Antenatal Care"}, "facility": {"code": 13123}}, {"service": {"name": "Short Term FP"}, "facility": {"code": 13123}}, {"service": {"name": "Post Exposure Prophylaxis"}, "facility": {"code": 13123}}, {"service": {"name": "PMTCT - ANC"}, "facility": {"code": 13123}}, {"service": {"name": "Provider Initiated Counselling and Testing"}, "facility": {"code": 13123}}, {"service": {"name": "Voluntary Counselling and Testing"}, "facility": {"code": 13123}}, {"service": {"name": "Condom Promotion and Distribution"}, "facility": {"code": 13123}}, {"service": {"name": "Emergency Preparedness"}, "facility": {"code": 13086}}, {"service": {"name": "Dental Laboratory Services"}, "facility": {"code": 13086}}, {"service": {"name": "ENT Services"}, "facility": {"code": 13086}}, {"service": {"name": "Emergency Obstetric Care"}, "facility": {"code": 13086}}, {"service": {"name": "Nutrition Services"}, "facility": {"code": 13086}}, {"service": {"name": "Integrated Management of Childhood Illnesses"}, "facility": {"code": 13086}}, {"service": {"name": "Ambulance Sevices"}, "facility": {"code": 13086}}, {"service": {"name": "Laboratory Services"}, "facility": {"code": 13086}}, {"service": {"name": "Radiology Services"}, "facility": {"code": 13086}}, {"service": {"name": "Surgical Services"}, "facility": {"code": 13086}}, {"service": {"name": "Maternity Services"}, "facility": {"code": 13086}}, {"service": {"name": "Curative Services"}, "facility": {"code": 13086}}, {"service": {"name": "Facility Based Blood Transfusion Service"}, "facility": {"code": 13086}}, {"service": {"name": "First Line Treatment"}, "facility": {"code": 13086}}, {"service": {"name": "Tuberculosis Culture"}, "facility": {"code": 13086}}, {"service": {"name": "Smear Microscopy"}, "facility": {"code": 13086}}, {"service": {"name": "Immunization with additional vaccines"}, "facility": {"code": 13086}}, {"service": {"name": "Basic Immunization"}, "facility": {"code": 13086}}, {"service": {"name": "Focused Antenatal Care"}, "facility": {"code": 13086}}, {"service": {"name": "Permanent FP"}, "facility": {"code": 13086}}, {"service": {"name": "Long Term FP"}, "facility": {"code": 13086}}, {"service": {"name": "Short Term FP"}, "facility": {"code": 13086}}, {"service": {"name": "Home Based Care"}, "facility": {"code": 13086}}, {"service": {"name": "Adult Antiretroviral Therapy"}, "facility": {"code": 13086}}, {"service": {"name": "Paediatric Antiretroviral Therapy"}, "facility": {"code": 13086}}, {"service": {"name": "Post Exposure Prophylaxis"}, "facility": {"code": 13086}}, {"service": {"name": "PMTCT - Maternity"}, "facility": {"code": 13086}}, {"service": {"name": "PMTCT - ANC"}, "facility": {"code": 13086}}, {"service": {"name": "Early Infant Diagnosis"}, "facility": {"code": 13086}}, {"service": {"name": "Diagnostic Counselling and Testing"}, "facility": {"code": 13086}}, {"service": {"name": "Provider Initiated Counselling and Testing"}, "facility": {"code": 13086}}, {"service": {"name": "Voluntary Counselling and Testing"}, "facility": {"code": 13086}}, {"service": {"name": "Management of STIs"}, "facility": {"code": 13086}}, {"service": {"name": "Condom Promotion and Distribution"}, "facility": {"code": 13086}}, {"service": {"name": "Emergency Preparedness"}, "facility": {"code": 13080}}, {"service": {"name": "ENT Services"}, "facility": {"code": 13080}}, {"service": {"name": "Dental Laboratory Services"}, "facility": {"code": 13080}}, {"service": {"name": "Oral Health Services (Dental Services)"}, "facility": {"code": 13080}}, {"service": {"name": "Emergency Obstetric Care"}, "facility": {"code": 13080}}, {"service": {"name": "Rehabilitative Health Services - Physiotherapy"}, "facility": {"code": 13080}}, {"service": {"name": "Services for Sexual Violence Survivors"}, "facility": {"code": 13080}}, {"service": {"name": "Opthalmic Services"}, "facility": {"code": 13080}}, {"service": {"name": "Nutrition Services"}, "facility": {"code": 13080}}, {"service": {"name": "Integrated Management of Childhood Illnesses"}, "facility": {"code": 13080}}, {"service": {"name": "Ambulance Sevices"}, "facility": {"code": 13080}}, {"service": {"name": "Laboratory Services"}, "facility": {"code": 13080}}, {"service": {"name": "Radiology Services"}, "facility": {"code": 13080}}, {"service": {"name": "Surgical Services"}, "facility": {"code": 13080}}, {"service": {"name": "Maternity Services"}, "facility": {"code": 13080}}, {"service": {"name": "Curative Services"}, "facility": {"code": 13080}}, {"service": {"name": "Facility Based Blood Transfusion Service"}, "facility": {"code": 13080}}, {"service": {"name": "Rehabilitative Health Services - Orthopaedic Technology"}, "facility": {"code": 13080}}, {"service": {"name": "Rehabilitative Health Services - Occupational Health"}, "facility": {"code": 13080}}, {"service": {"name": "First Line Treatment"}, "facility": {"code": 13080}}, {"service": {"name": "Tuberculosis Culture"}, "facility": {"code": 13080}}, {"service": {"name": "Smear Microscopy"}, "facility": {"code": 13080}}, {"service": {"name": "Immunization with additional vaccines"}, "facility": {"code": 13080}}, {"service": {"name": "Basic Immunization"}, "facility": {"code": 13080}}, {"service": {"name": "Focused Antenatal Care"}, "facility": {"code": 13080}}, {"service": {"name": "Permanent FP"}, "facility": {"code": 13080}}, {"service": {"name": "Long Term FP"}, "facility": {"code": 13080}}, {"service": {"name": "Short Term FP"}, "facility": {"code": 13080}}, {"service": {"name": "Home Based Care"}, "facility": {"code": 13080}}, {"service": {"name": "Adult Antiretroviral Therapy"}, "facility": {"code": 13080}}, {"service": {"name": "Paediatric Antiretroviral Therapy"}, "facility": {"code": 13080}}, {"service": {"name": "Post Exposure Prophylaxis"}, "facility": {"code": 13080}}, {"service": {"name": "PMTCT - Maternity"}, "facility": {"code": 13080}}, {"service": {"name": "PMTCT - ANC"}, "facility": {"code": 13080}}, {"service": {"name": "Early Infant Diagnosis"}, "facility": {"code": 13080}}, {"service": {"name": "Diagnostic Counselling and Testing"}, "facility": {"code": 13080}}, {"service": {"name": "Provider Initiated Counselling and Testing"}, "facility": {"code": 13080}}, {"service": {"name": "Management of STIs"}, "facility": {"code": 13080}}, {"service": {"name": "Condom Promotion and Distribution"}, "facility": {"code": 13080}}, {"service": {"name": "Dental Laboratory Services"}, "facility": {"code": 13023}}, {"service": {"name": "Oral Health Services (Dental Services)"}, "facility": {"code": 13023}}, {"service": {"name": "Emergency Obstetric Care"}, "facility": {"code": 13023}}, {"service": {"name": "Rehabilitative Health Services - Physiotherapy"}, "facility": {"code": 13023}}, {"service": {"name": "Services for Sexual Violence Survivors"}, "facility": {"code": 13023}}, {"service": {"name": "Opthalmic Services"}, "facility": {"code": 13023}}, {"service": {"name": "Nutrition Services"}, "facility": {"code": 13023}}, {"service": {"name": "Integrated Management of Childhood Illnesses"}, "facility": {"code": 13023}}, {"service": {"name": "Ambulance Sevices"}, "facility": {"code": 13023}}, {"service": {"name": "Laboratory Services"}, "facility": {"code": 13023}}, {"service": {"name": "Radiology Services"}, "facility": {"code": 13023}}, {"service": {"name": "Surgical Services"}, "facility": {"code": 13023}}, {"service": {"name": "Maternity Services"}, "facility": {"code": 13023}}, {"service": {"name": "Curative Services"}, "facility": {"code": 13023}}, {"service": {"name": "Mortuary Services"}, "facility": {"code": 13023}}, {"service": {"name": "Facility Based Blood Transfusion Service"}, "facility": {"code": 13023}}, {"service": {"name": "Facility Based Blood Collection Service"}, "facility": {"code": 13023}}, {"service": {"name": "Rehabilitative Health Services - Orthopaedic Technology"}, "facility": {"code": 13023}}, {"service": {"name": "Rehabilitative Health Services - Occupational Health"}, "facility": {"code": 13023}}, {"service": {"name": "MDRTB Treatment"}, "facility": {"code": 13023}}, {"service": {"name": "First Line Treatment"}, "facility": {"code": 13023}}, {"service": {"name": "Tuberculosis Culture"}, "facility": {"code": 13023}}, {"service": {"name": "Smear Microscopy"}, "facility": {"code": 13023}}, {"service": {"name": "Immunization with additional vaccines"}, "facility": {"code": 13023}}, {"service": {"name": "Basic Immunization"}, "facility": {"code": 13023}}, {"service": {"name": "Specialized ANC"}, "facility": {"code": 13023}}, {"service": {"name": "Focused Antenatal Care"}, "facility": {"code": 13023}}, {"service": {"name": "Permanent FP"}, "facility": {"code": 13023}}, {"service": {"name": "Long Term FP"}, "facility": {"code": 13023}}, {"service": {"name": "Short Term FP"}, "facility": {"code": 13023}}, {"service": {"name": "Home Based Care"}, "facility": {"code": 13023}}, {"service": {"name": "Adult Antiretroviral Therapy"}, "facility": {"code": 13023}}, {"service": {"name": "Paediatric Antiretroviral Therapy"}, "facility": {"code": 13023}}, {"service": {"name": "Post Exposure Prophylaxis"}, "facility": {"code": 13023}}, {"service": {"name": "PMTCT - Maternity"}, "facility": {"code": 13023}}, {"service": {"name": "PMTCT - ANC"}, "facility": {"code": 13023}}, {"service": {"name": "Early Infant Diagnosis"}, "facility": {"code": 13023}}, {"service": {"name": "Diagnostic Counselling and Testing"}, "facility": {"code": 13023}}, {"service": {"name": "Provider Initiated Counselling and Testing"}, "facility": {"code": 13023}}, {"service": {"name": "Voluntary Counselling and Testing"}, "facility": {"code": 13023}}, {"service": {"name": "Management of STIs"}, "facility": {"code": 13023}}, {"service": {"name": "Mental Health Services"}, "facility": {"code": 13259}}, {"service": {"name": "Nutrition Services"}, "facility": {"code": 13259}}, {"service": {"name": "Curative Services"}, "facility": {"code": 13259}}, {"service": {"name": "Immunization with additional vaccines"}, "facility": {"code": 13259}}, {"service": {"name": "Basic Immunization"}, "facility": {"code": 13259}}, {"service": {"name": "Focused Antenatal Care"}, "facility": {"code": 13259}}, {"service": {"name": "Short Term FP"}, "facility": {"code": 13259}}, {"service": {"name": "PMTCT - ANC"}, "facility": {"code": 13259}}, {"service": {"name": "Provider Initiated Counselling and Testing"}, "facility": {"code": 13259}}, {"service": {"name": "Condom Promotion and Distribution"}, "facility": {"code": 13259}}, {"service": {"name": "Nutrition Services"}, "facility": {"code": 12909}}, {"service": {"name": "Curative Services"}, "facility": {"code": 12909}}, {"service": {"name": "PMTCT - ANC"}, "facility": {"code": 12909}}, {"service": {"name": "Short Term FP"}, "facility": {"code": 12909}}, {"service": {"name": "Provider Initiated Counselling and Testing"}, "facility": {"code": 12909}}, {"service": {"name": "Condom Promotion and Distribution"}, "facility": {"code": 12909}}, {"service": {"name": "First Line Treatment"}, "facility": {"code": 12893}}, {"service": {"name": "Tuberculosis Culture"}, "facility": {"code": 12893}}, {"service": {"name": "Smear Microscopy"}, "facility": {"code": 12893}}, {"service": {"name": "Basic Immunization"}, "facility": {"code": 12893}}, {"service": {"name": "Focused Antenatal Care"}, "facility": {"code": 12893}}, {"service": {"name": "Short Term FP"}, "facility": {"code": 12893}}, {"service": {"name": "PMTCT - ANC"}, "facility": {"code": 12893}}, {"service": {"name": "Provider Initiated Counselling and Testing"}, "facility": {"code": 12893}}, {"service": {"name": "Voluntary Counselling and Testing"}, "facility": {"code": 12893}}, {"service": {"name": "Management of STIs"}, "facility": {"code": 12893}}, {"service": {"name": "Condom Promotion and Distribution"}, "facility": {"code": 12893}}, {"service": {"name": "Emergency Obstetric Care"}, "facility": {"code": 17494}}, {"service": {"name": "Curative Services"}, "facility": {"code": 13144}}, {"service": {"name": "Diagnostic Counselling and Testing"}, "facility": {"code": 13144}}, {"service": {"name": "Provider Initiated Counselling and Testing"}, "facility": {"code": 13144}}, {"service": {"name": "Voluntary Counselling and Testing"}, "facility": {"code": 13144}}, {"service": {"name": "Management of STIs"}, "facility": {"code": 13144}}, {"service": {"name": "Condom Promotion and Distribution"}, "facility": {"code": 13144}}, {"service": {"name": "Emergency Preparedness"}, "facility": {"code": 17931}}, {"service": {"name": "Emergency Obstetric Care"}, "facility": {"code": 17931}}, {"service": {"name": "Environmental Health Services"}, "facility": {"code": 17931}}, {"service": {"name": "Maternity Services"}, "facility": {"code": 17931}}, {"service": {"name": "Curative Services"}, "facility": {"code": 17931}}, {"service": {"name": "Basic Immunization"}, "facility": {"code": 17931}}, {"service": {"name": "Focused Antenatal Care"}, "facility": {"code": 17931}}, {"service": {"name": "Short Term FP"}, "facility": {"code": 17931}}, {"service": {"name": "Post Exposure Prophylaxis"}, "facility": {"code": 17931}}, {"service": {"name": "PMTCT - Maternity"}, "facility": {"code": 17931}}, {"service": {"name": "PMTCT - ANC"}, "facility": {"code": 17931}}, {"service": {"name": "Early Infant Diagnosis"}, "facility": {"code": 17931}}, {"service": {"name": "Provider Initiated Counselling and Testing"}, "facility": {"code": 17931}}, {"service": {"name": "Management of STIs"}, "facility": {"code": 17931}}, {"service": {"name": "Condom Promotion and Distribution"}, "facility": {"code": 17931}}, {"service": {"name": "Emergency Obstetric Care"}, "facility": {"code": 17930}}, {"service": {"name": "Environmental Health Services"}, "facility": {"code": 17930}}, {"service": {"name": "Integrated Management of Childhood Illnesses"}, "facility": {"code": 17930}}, {"service": {"name": "Maternity Services"}, "facility": {"code": 17930}}, {"service": {"name": "Curative Services"}, "facility": {"code": 17930}}, {"service": {"name": "Basic Immunization"}, "facility": {"code": 17930}}, {"service": {"name": "Post Exposure Prophylaxis"}, "facility": {"code": 17930}}, {"service": {"name": "Provider Initiated Counselling and Testing"}, "facility": {"code": 17930}}, {"service": {"name": "Management of STIs"}, "facility": {"code": 17930}}, {"service": {"name": "Emergency Preparedness"}, "facility": {"code": 17929}}, {"service": {"name": "Emergency Obstetric Care"}, "facility": {"code": 17929}}, {"service": {"name": "Environmental Health Services"}, "facility": {"code": 17929}}, {"service": {"name": "Integrated Management of Childhood Illnesses"}, "facility": {"code": 17929}}, {"service": {"name": "Maternity Services"}, "facility": {"code": 17929}}, {"service": {"name": "Curative Services"}, "facility": {"code": 17929}}, {"service": {"name": "Basic Immunization"}, "facility": {"code": 17929}}, {"service": {"name": "Specialized ANC"}, "facility": {"code": 17929}}, {"service": {"name": "Focused Antenatal Care"}, "facility": {"code": 17929}}, {"service": {"name": "Short Term FP"}, "facility": {"code": 17929}}, {"service": {"name": "Home Based Care"}, "facility": {"code": 17929}}, {"service": {"name": "Post Exposure Prophylaxis"}, "facility": {"code": 17929}}, {"service": {"name": "PMTCT - Maternity"}, "facility": {"code": 17929}}, {"service": {"name": "PMTCT - ANC"}, "facility": {"code": 17929}}, {"service": {"name": "Early Infant Diagnosis"}, "facility": {"code": 17929}}, {"service": {"name": "Diagnostic Counselling and Testing"}, "facility": {"code": 17929}}, {"service": {"name": "Provider Initiated Counselling and Testing"}, "facility": {"code": 17929}}, {"service": {"name": "Condom Promotion and Distribution"}, "facility": {"code": 17929}}, {"service": {"name": "Curative Services"}, "facility": {"code": 12899}}, {"service": {"name": "Focused Antenatal Care"}, "facility": {"code": 17049}}, {"service": {"name": "Curative Services"}, "facility": {"code": 12858}}, {"service": {"name": "Nutrition Services"}, "facility": {"code": 15825}}, {"service": {"name": "Integrated Management of Childhood Illnesses"}, "facility": {"code": 15825}}, {"service": {"name": "Ambulance Sevices"}, "facility": {"code": 15825}}, {"service": {"name": "Laboratory Services"}, "facility": {"code": 15825}}, {"service": {"name": "Curative Services"}, "facility": {"code": 15825}}, {"service": {"name": "Smear Microscopy"}, "facility": {"code": 15825}}, {"service": {"name": "Immunization with additional vaccines"}, "facility": {"code": 15825}}, {"service": {"name": "Integrated Services"}, "facility": {"code": 15825}}, {"service": {"name": "Permanent FP"}, "facility": {"code": 15825}}, {"service": {"name": "Services for Sexual Violence Survivors"}, "facility": {"code": 16970}}], "unique_fields": ["facility", "service"], "model": "facilities.FacilityService"}]