[{"records": [{"service": {"name": "Laboratory Services"}, "facility": {"code": 16970}}, {"service": {"name": "First Line Treatment"}, "facility": {"code": 16970}}, {"service": {"name": "Smear Microscopy"}, "facility": {"code": 16970}}, {"service": {"name": "Post Exposure Prophylaxis"}, "facility": {"code": 16970}}, {"service": {"name": "Emergency Preparedness"}, "facility": {"code": 15003}}, {"service": {"name": "PMTCT - ANC"}, "facility": {"code": 16970}}, {"service": {"name": "Early Infant Diagnosis"}, "facility": {"code": 16970}}, {"service": {"name": "Oral Health Services (Dental Services)"}, "facility": {"code": 15003}}, {"service": {"name": "Emergency Obstetric Care"}, "facility": {"code": 15003}}, {"service": {"name": "Nutrition Services"}, "facility": {"code": 15003}}, {"service": {"name": "Environmental Health Services"}, "facility": {"code": 15003}}, {"service": {"name": "Integrated Management of Childhood Illnesses"}, "facility": {"code": 15003}}, {"service": {"name": "Laboratory Services"}, "facility": {"code": 15003}}, {"service": {"name": "Maternity Services"}, "facility": {"code": 15003}}, {"service": {"name": "Curative Services"}, "facility": {"code": 15003}}, {"service": {"name": "First Line Treatment"}, "facility": {"code": 15003}}, {"service": {"name": "Smear Microscopy"}, "facility": {"code": 15003}}, {"service": {"name": "Basic Immunization"}, "facility": {"code": 15003}}, {"service": {"name": "Focused Antenatal Care"}, "facility": {"code": 15003}}, {"service": {"name": "Short Term FP"}, "facility": {"code": 15003}}, {"service": {"name": "Adult Antiretroviral Therapy"}, "facility": {"code": 15003}}, {"service": {"name": "Paediatric Antiretroviral Therapy"}, "facility": {"code": 15003}}, {"service": {"name": "Post Exposure Prophylaxis"}, "facility": {"code": 15003}}, {"service": {"name": "PMTCT - Maternity"}, "facility": {"code": 15003}}, {"service": {"name": "PMTCT - ANC"}, "facility": {"code": 15003}}, {"service": {"name": "Diagnostic Counselling and Testing"}, "facility": {"code": 15003}}, {"service": {"name": "Provider Initiated Counselling and Testing"}, "facility": {"code": 15003}}, {"service": {"name": "Management of STIs"}, "facility": {"code": 15003}}, {"service": {"name": "Condom Promotion and Distribution"}, "facility": {"code": 15003}}, {"service": {"name": "Emergency Obstetric Care"}, "facility": {"code": 10987}}, {"service": {"name": "Environmental Health Services"}, "facility": {"code": 10987}}, {"service": {"name": "Services for Sexual Violence Survivors"}, "facility": {"code": 10987}}, {"service": {"name": "Integrated Management of Childhood Illnesses"}, "facility": {"code": 10987}}, {"service": {"name": "Laboratory Services"}, "facility": {"code": 10987}}, {"service": {"name": "Radiology Services"}, "facility": {"code": 10987}}, {"service": {"name": "Maternity Services"}, "facility": {"code": 10987}}, {"service": {"name": "Curative Services"}, "facility": {"code": 10987}}, {"service": {"name": "First Line Treatment"}, "facility": {"code": 10987}}, {"service": {"name": "Smear Microscopy"}, "facility": {"code": 10987}}, {"service": {"name": "Basic Immunization"}, "facility": {"code": 10987}}, {"service": {"name": "Focused Antenatal Care"}, "facility": {"code": 10987}}, {"service": {"name": "Integrated Services"}, "facility": {"code": 10987}}, {"service": {"name": "Long Term FP"}, "facility": {"code": 10987}}, {"service": {"name": "Short Term FP"}, "facility": {"code": 10987}}, {"service": {"name": "Home Based Care"}, "facility": {"code": 10987}}, {"service": {"name": "Adult Antiretroviral Therapy"}, "facility": {"code": 10987}}, {"service": {"name": "Post Exposure Prophylaxis"}, "facility": {"code": 10987}}, {"service": {"name": "PMTCT - Maternity"}, "facility": {"code": 10987}}, {"service": {"name": "PMTCT - ANC"}, "facility": {"code": 10987}}, {"service": {"name": "Early Infant Diagnosis"}, "facility": {"code": 10987}}, {"service": {"name": "Diagnostic Counselling and Testing"}, "facility": {"code": 10987}}, {"service": {"name": "Provider Initiated Counselling and Testing"}, "facility": {"code": 10987}}, {"service": {"name": "Voluntary Counselling and Testing"}, "facility": {"code": 10987}}, {"service": {"name": "Management of STIs"}, "facility": {"code": 10987}}, {"service": {"name": "Condom Promotion and Distribution"}, "facility": {"code": 10987}}, {"service": {"name": "Emergency Preparedness"}, "facility": {"code": 15240}}, {"service": {"name": "Smear Microscopy"}, "facility": {"code": 15240}}, {"service": {"name": "Basic Immunization"}, "facility": {"code": 15240}}, {"service": {"name": "Short Term FP"}, "facility": {"code": 15240}}, {"service": {"name": "Rehabilitative Health Services - Occupational Health"}, "facility": {"code": 10686}}, {"service": {"name": "Immunization with additional vaccines"}, "facility": {"code": 10686}}, {"service": {"name": "Emergency Preparedness"}, "facility": {"code": 14455}}, {"service": {"name": "ENT Services"}, "facility": {"code": 14455}}, {"service": {"name": "Dental Laboratory Services"}, "facility": {"code": 14455}}, {"service": {"name": "Oral Health Services (Dental Services)"}, "facility": {"code": 14455}}, {"service": {"name": "Emergency Obstetric Care"}, "facility": {"code": 14455}}, {"service": {"name": "Environmental Health Services"}, "facility": {"code": 14455}}, {"service": {"name": "Nutrition Services"}, "facility": {"code": 14455}}, {"service": {"name": "Integrated Management of Childhood Illnesses"}, "facility": {"code": 14455}}, {"service": {"name": "Ambulance Sevices"}, "facility": {"code": 14455}}, {"service": {"name": "Surgical Services"}, "facility": {"code": 14455}}, {"service": {"name": "Curative Services"}, "facility": {"code": 14455}}, {"service": {"name": "MDRTB Treatment"}, "facility": {"code": 14455}}, {"service": {"name": "Tuberculosis Culture"}, "facility": {"code": 14455}}, {"service": {"name": "First Line Treatment"}, "facility": {"code": 14455}}, {"service": {"name": "Smear Microscopy"}, "facility": {"code": 14455}}, {"service": {"name": "Immunization with additional vaccines"}, "facility": {"code": 14455}}, {"service": {"name": "Basic Immunization"}, "facility": {"code": 14455}}, {"service": {"name": "Focused Antenatal Care"}, "facility": {"code": 14455}}, {"service": {"name": "Permanent FP"}, "facility": {"code": 14455}}, {"service": {"name": "Long Term FP"}, "facility": {"code": 14455}}, {"service": {"name": "Short Term FP"}, "facility": {"code": 14455}}, {"service": {"name": "Home Based Care"}, "facility": {"code": 14455}}, {"service": {"name": "Adult Antiretroviral Therapy"}, "facility": {"code": 14455}}, {"service": {"name": "Paediatric Antiretroviral Therapy"}, "facility": {"code": 14455}}, {"service": {"name": "Post Exposure Prophylaxis"}, "facility": {"code": 14455}}, {"service": {"name": "PMTCT - Maternity"}, "facility": {"code": 14455}}, {"service": {"name": "PMTCT - ANC"}, "facility": {"code": 14455}}, {"service": {"name": "Early Infant Diagnosis"}, "facility": {"code": 14455}}, {"service": {"name": "Diagnostic Counselling and Testing"}, "facility": {"code": 14455}}, {"service": {"name": "Provider Initiated Counselling and Testing"}, "facility": {"code": 14455}}, {"service": {"name": "Voluntary Counselling and Testing"}, "facility": {"code": 14455}}, {"service": {"name": "Management of STIs"}, "facility": {"code": 14455}}, {"service": {"name": "Condom Promotion and Distribution"}, "facility": {"code": 14455}}, {"service": {"name": "Emergency Obstetric Care"}, "facility": {"code": 14769}}, {"service": {"name": "Environmental Health Services"}, "facility": {"code": 14769}}, {"service": {"name": "Laboratory Services"}, "facility": {"code": 14769}}, {"service": {"name": "Maternity Services"}, "facility": {"code": 14769}}, {"service": {"name": "Curative Services"}, "facility": {"code": 14769}}, {"service": {"name": "Smear Microscopy"}, "facility": {"code": 14769}}, {"service": {"name": "Immunization with additional vaccines"}, "facility": {"code": 14769}}, {"service": {"name": "Basic Immunization"}, "facility": {"code": 14769}}, {"service": {"name": "Focused Antenatal Care"}, "facility": {"code": 14769}}, {"service": {"name": "Long Term FP"}, "facility": {"code": 14769}}, {"service": {"name": "Short Term FP"}, "facility": {"code": 14769}}, {"service": {"name": "PMTCT - ANC"}, "facility": {"code": 14769}}, {"service": {"name": "Voluntary Counselling and Testing"}, "facility": {"code": 14769}}, {"service": {"name": "Management of STIs"}, "facility": {"code": 14769}}, {"service": {"name": "Condom Promotion and Distribution"}, "facility": {"code": 14769}}, {"service": {"name": "Emergency Obstetric Care"}, "facility": {"code": 14804}}, {"service": {"name": "Maternity Services"}, "facility": {"code": 14804}}, {"service": {"name": "Curative Services"}, "facility": {"code": 14804}}, {"service": {"name": "Focused Antenatal Care"}, "facility": {"code": 14804}}, {"service": {"name": "Long Term FP"}, "facility": {"code": 14804}}, {"service": {"name": "Short Term FP"}, "facility": {"code": 14804}}, {"service": {"name": "PMTCT - ANC"}, "facility": {"code": 14804}}, {"service": {"name": "Provider Initiated Counselling and Testing"}, "facility": {"code": 14804}}, {"service": {"name": "Voluntary Counselling and Testing"}, "facility": {"code": 14804}}, {"service": {"name": "Condom Promotion and Distribution"}, "facility": {"code": 14804}}, {"service": {"name": "Maternity Services"}, "facility": {"code": 15169}}, {"service": {"name": "Curative Services"}, "facility": {"code": 15169}}, {"service": {"name": "Basic Immunization"}, "facility": {"code": 15169}}, {"service": {"name": "Focused Antenatal Care"}, "facility": {"code": 15169}}, {"service": {"name": "Long Term FP"}, "facility": {"code": 15169}}, {"service": {"name": "Short Term FP"}, "facility": {"code": 15169}}, {"service": {"name": "PMTCT - ANC"}, "facility": {"code": 15169}}, {"service": {"name": "Provider Initiated Counselling and Testing"}, "facility": {"code": 15169}}, {"service": {"name": "Voluntary Counselling and Testing"}, "facility": {"code": 15169}}, {"service": {"name": "Condom Promotion and Distribution"}, "facility": {"code": 15169}}, {"service": {"name": "Mental Health Services"}, "facility": {"code": 14519}}, {"service": {"name": "Laboratory Services"}, "facility": {"code": 14519}}, {"service": {"name": "Curative Services"}, "facility": {"code": 14519}}, {"service": {"name": "First Line Treatment"}, "facility": {"code": 14519}}, {"service": {"name": "Smear Microscopy"}, "facility": {"code": 14519}}, {"service": {"name": "Focused Antenatal Care"}, "facility": {"code": 14519}}, {"service": {"name": "Long Term FP"}, "facility": {"code": 14519}}, {"service": {"name": "Short Term FP"}, "facility": {"code": 14519}}, {"service": {"name": "Paediatric Antiretroviral Therapy"}, "facility": {"code": 14519}}, {"service": {"name": "Adult Antiretroviral Therapy"}, "facility": {"code": 14519}}, {"service": {"name": "Post Exposure Prophylaxis"}, "facility": {"code": 14519}}, {"service": {"name": "Voluntary Male Circumcision"}, "facility": {"code": 14519}}, {"service": {"name": "PMTCT - ANC"}, "facility": {"code": 14519}}, {"service": {"name": "Diagnostic Counselling and Testing"}, "facility": {"code": 14519}}, {"service": {"name": "Provider Initiated Counselling and Testing"}, "facility": {"code": 14519}}, {"service": {"name": "Voluntary Counselling and Testing"}, "facility": {"code": 14519}}, {"service": {"name": "Management of STIs"}, "facility": {"code": 14519}}, {"service": {"name": "Condom Promotion and Distribution"}, "facility": {"code": 14519}}, {"service": {"name": "Emergency Preparedness"}, "facility": {"code": 13165}}, {"service": {"name": "Nutrition Services"}, "facility": {"code": 13165}}, {"service": {"name": "Curative Services"}, "facility": {"code": 13165}}, {"service": {"name": "MDRTB Treatment"}, "facility": {"code": 13165}}, {"service": {"name": "First Line Treatment"}, "facility": {"code": 13165}}, {"service": {"name": "Tuberculosis Culture"}, "facility": {"code": 13165}}, {"service": {"name": "Smear Microscopy"}, "facility": {"code": 13165}}, {"service": {"name": "Immunization with additional vaccines"}, "facility": {"code": 13165}}, {"service": {"name": "Basic Immunization"}, "facility": {"code": 13165}}, {"service": {"name": "Focused Antenatal Care"}, "facility": {"code": 13165}}, {"service": {"name": "Short Term FP"}, "facility": {"code": 13165}}, {"service": {"name": "Home Based Care"}, "facility": {"code": 13165}}, {"service": {"name": "Adult Antiretroviral Therapy"}, "facility": {"code": 13165}}, {"service": {"name": "Paediatric Antiretroviral Therapy"}, "facility": {"code": 13165}}, {"service": {"name": "Post Exposure Prophylaxis"}, "facility": {"code": 13165}}, {"service": {"name": "PMTCT - ANC"}, "facility": {"code": 13165}}, {"service": {"name": "Early Infant Diagnosis"}, "facility": {"code": 13165}}, {"service": {"name": "Diagnostic Counselling and Testing"}, "facility": {"code": 13165}}, {"service": {"name": "Provider Initiated Counselling and Testing"}, "facility": {"code": 13165}}, {"service": {"name": "Voluntary Counselling and Testing"}, "facility": {"code": 13165}}, {"service": {"name": "Management of STIs"}, "facility": {"code": 13165}}, {"service": {"name": "Condom Promotion and Distribution"}, "facility": {"code": 13165}}, {"service": {"name": "Emergency Preparedness"}, "facility": {"code": 13249}}, {"service": {"name": "Emergency Obstetric Care"}, "facility": {"code": 13249}}, {"service": {"name": "Nutrition Services"}, "facility": {"code": 13249}}, {"service": {"name": "Ambulance Sevices"}, "facility": {"code": 13249}}, {"service": {"name": "Laboratory Services"}, "facility": {"code": 13249}}, {"service": {"name": "Maternity Services"}, "facility": {"code": 13249}}, {"service": {"name": "Curative Services"}, "facility": {"code": 13249}}, {"service": {"name": "MDRTB Treatment"}, "facility": {"code": 13249}}, {"service": {"name": "First Line Treatment"}, "facility": {"code": 13249}}, {"service": {"name": "Tuberculosis Culture"}, "facility": {"code": 13249}}, {"service": {"name": "Smear Microscopy"}, "facility": {"code": 13249}}, {"service": {"name": "Immunization with additional vaccines"}, "facility": {"code": 13249}}, {"service": {"name": "Basic Immunization"}, "facility": {"code": 13249}}, {"service": {"name": "Focused Antenatal Care"}, "facility": {"code": 13249}}, {"service": {"name": "Long Term FP"}, "facility": {"code": 13249}}, {"service": {"name": "Short Term FP"}, "facility": {"code": 13249}}, {"service": {"name": "Home Based Care"}, "facility": {"code": 13249}}, {"service": {"name": "Adult Antiretroviral Therapy"}, "facility": {"code": 13249}}, {"service": {"name": "Paediatric Antiretroviral Therapy"}, "facility": {"code": 13249}}, {"service": {"name": "Post Exposure Prophylaxis"}, "facility": {"code": 13249}}, {"service": {"name": "PMTCT - Maternity"}, "facility": {"code": 13249}}, {"service": {"name": "PMTCT - ANC"}, "facility": {"code": 13249}}, {"service": {"name": "Early Infant Diagnosis"}, "facility": {"code": 13249}}, {"service": {"name": "Diagnostic Counselling and Testing"}, "facility": {"code": 13249}}, {"service": {"name": "Provider Initiated Counselling and Testing"}, "facility": {"code": 13249}}, {"service": {"name": "Voluntary Counselling and Testing"}, "facility": {"code": 13249}}, {"service": {"name": "Management of STIs"}, "facility": {"code": 13249}}, {"service": {"name": "Condom Promotion and Distribution"}, "facility": {"code": 13249}}, {"service": {"name": "Nutrition Services"}, "facility": {"code": 13105}}, {"service": {"name": "Curative Services"}, "facility": {"code": 13105}}, {"service": {"name": "MDRTB Treatment"}, "facility": {"code": 13105}}, {"service": {"name": "First Line Treatment"}, "facility": {"code": 13105}}, {"service": {"name": "Immunization with additional vaccines"}, "facility": {"code": 13105}}, {"service": {"name": "Basic Immunization"}, "facility": {"code": 13105}}, {"service": {"name": "Focused Antenatal Care"}, "facility": {"code": 13105}}, {"service": {"name": "Long Term FP"}, "facility": {"code": 13105}}, {"service": {"name": "Short Term FP"}, "facility": {"code": 13105}}, {"service": {"name": "Post Exposure Prophylaxis"}, "facility": {"code": 13105}}, {"service": {"name": "Early Infant Diagnosis"}, "facility": {"code": 13105}}, {"service": {"name": "PMTCT - ANC"}, "facility": {"code": 13105}}, {"service": {"name": "Diagnostic Counselling and Testing"}, "facility": {"code": 13105}}, {"service": {"name": "Provider Initiated Counselling and Testing"}, "facility": {"code": 13105}}, {"service": {"name": "Voluntary Counselling and Testing"}, "facility": {"code": 13105}}, {"service": {"name": "Management of STIs"}, "facility": {"code": 13105}}, {"service": {"name": "Condom Promotion and Distribution"}, "facility": {"code": 13105}}, {"service": {"name": "Focused Antenatal Care"}, "facility": {"code": 16077}}, {"service": {"name": "Management of STIs"}, "facility": {"code": 16077}}, {"service": {"name": "Curative Services"}, "facility": {"code": 14367}}, {"service": {"name": "Basic Immunization"}, "facility": {"code": 14367}}, {"service": {"name": "Focused Antenatal Care"}, "facility": {"code": 14367}}, {"service": {"name": "PMTCT - ANC"}, "facility": {"code": 14367}}, {"service": {"name": "Provider Initiated Counselling and Testing"}, "facility": {"code": 14367}}, {"service": {"name": "Diagnostic Counselling and Testing"}, "facility": {"code": 14367}}, {"service": {"name": "Management of STIs"}, "facility": {"code": 14367}}, {"service": {"name": "Condom Promotion and Distribution"}, "facility": {"code": 14367}}, {"service": {"name": "Emergency Preparedness"}, "facility": {"code": 14346}}, {"service": {"name": "Emergency Obstetric Care"}, "facility": {"code": 14346}}, {"service": {"name": "Opthalmic Services"}, "facility": {"code": 14346}}, {"service": {"name": "Nutrition Services"}, "facility": {"code": 14346}}, {"service": {"name": "Maternity Services"}, "facility": {"code": 14346}}, {"service": {"name": "Curative Services"}, "facility": {"code": 14346}}, {"service": {"name": "Basic Immunization"}, "facility": {"code": 14346}}, {"service": {"name": "Focused Antenatal Care"}, "facility": {"code": 14346}}, {"service": {"name": "Adult Antiretroviral Therapy"}, "facility": {"code": 14346}}, {"service": {"name": "Paediatric Antiretroviral Therapy"}, "facility": {"code": 14346}}, {"service": {"name": "Short Term FP"}, "facility": {"code": 14346}}, {"service": {"name": "Post Exposure Prophylaxis"}, "facility": {"code": 14346}}, {"service": {"name": "PMTCT - Maternity"}, "facility": {"code": 14346}}, {"service": {"name": "PMTCT - ANC"}, "facility": {"code": 14346}}, {"service": {"name": "Voluntary Counselling and Testing"}, "facility": {"code": 14346}}, {"service": {"name": "Management of STIs"}, "facility": {"code": 14346}}, {"service": {"name": "Condom Promotion and Distribution"}, "facility": {"code": 14346}}, {"service": {"name": "Curative Services"}, "facility": {"code": 14306}}, {"service": {"name": "Voluntary Counselling and Testing"}, "facility": {"code": 14306}}, {"service": {"name": "Management of STIs"}, "facility": {"code": 14306}}, {"service": {"name": "Condom Promotion and Distribution"}, "facility": {"code": 14306}}, {"service": {"name": "Curative Services"}, "facility": {"code": 14286}}, {"service": {"name": "Management of STIs"}, "facility": {"code": 14286}}, {"service": {"name": "Condom Promotion and Distribution"}, "facility": {"code": 14286}}, {"service": {"name": "Curative Services"}, "facility": {"code": 17928}}, {"service": {"name": "Short Term FP"}, "facility": {"code": 17928}}, {"service": {"name": "Management of STIs"}, "facility": {"code": 17928}}, {"service": {"name": "Condom Promotion and Distribution"}, "facility": {"code": 17928}}, {"service": {"name": "Emergency Obstetric Care"}, "facility": {"code": 12187}}, {"service": {"name": "Integrated Management of Childhood Illnesses"}, "facility": {"code": 12187}}, {"service": {"name": "Curative Services"}, "facility": {"code": 12187}}, {"service": {"name": "First Line Treatment"}, "facility": {"code": 12187}}, {"service": {"name": "Basic Immunization"}, "facility": {"code": 12187}}, {"service": {"name": "Focused Antenatal Care"}, "facility": {"code": 12187}}, {"service": {"name": "Short Term FP"}, "facility": {"code": 12187}}, {"service": {"name": "PMTCT - ANC"}, "facility": {"code": 12187}}, {"service": {"name": "Provider Initiated Counselling and Testing"}, "facility": {"code": 12187}}, {"service": {"name": "Management of STIs"}, "facility": {"code": 12187}}, {"service": {"name": "Condom Promotion and Distribution"}, "facility": {"code": 12187}}, {"service": {"name": "Short Term FP"}, "facility": {"code": 13752}}, {"service": {"name": "Home Based Care"}, "facility": {"code": 13752}}, {"service": {"name": "Adult Antiretroviral Therapy"}, "facility": {"code": 13752}}, {"service": {"name": "Paediatric Antiretroviral Therapy"}, "facility": {"code": 13752}}, {"service": {"name": "Post Exposure Prophylaxis"}, "facility": {"code": 13752}}, {"service": {"name": "PMTCT - Maternity"}, "facility": {"code": 13752}}, {"service": {"name": "PMTCT - ANC"}, "facility": {"code": 13752}}, {"service": {"name": "Early Infant Diagnosis"}, "facility": {"code": 13752}}, {"service": {"name": "Diagnostic Counselling and Testing"}, "facility": {"code": 13752}}, {"service": {"name": "Provider Initiated Counselling and Testing"}, "facility": {"code": 13752}}, {"service": {"name": "Management of STIs"}, "facility": {"code": 13752}}, {"service": {"name": "Voluntary Counselling and Testing"}, "facility": {"code": 13752}}, {"service": {"name": "Condom Promotion and Distribution"}, "facility": {"code": 13752}}, {"service": {"name": "Emergency Preparedness"}, "facility": {"code": 17927}}, {"service": {"name": "ENT Services"}, "facility": {"code": 17927}}, {"service": {"name": "Oral Health Services (Dental Services)"}, "facility": {"code": 17927}}, {"service": {"name": "Emergency Obstetric Care"}, "facility": {"code": 17927}}, {"service": {"name": "Environmental Health Services"}, "facility": {"code": 17927}}, {"service": {"name": "Rehabilitative Health Services - Physiotherapy"}, "facility": {"code": 17927}}, {"service": {"name": "Services for Sexual Violence Survivors"}, "facility": {"code": 17927}}, {"service": {"name": "Mental Health Services"}, "facility": {"code": 17927}}, {"service": {"name": "Opthalmic Services"}, "facility": {"code": 17927}}, {"service": {"name": "Nutrition Services"}, "facility": {"code": 17927}}, {"service": {"name": "Ambulance Sevices"}, "facility": {"code": 17927}}, {"service": {"name": "Laboratory Services"}, "facility": {"code": 17927}}, {"service": {"name": "Surgical Services"}, "facility": {"code": 17927}}, {"service": {"name": "Maternity Services"}, "facility": {"code": 17927}}, {"service": {"name": "Curative Services"}, "facility": {"code": 17927}}, {"service": {"name": "Immunization with additional vaccines"}, "facility": {"code": 17927}}, {"service": {"name": "Focused Antenatal Care"}, "facility": {"code": 17927}}, {"service": {"name": "Short Term FP"}, "facility": {"code": 17927}}, {"service": {"name": "Diagnostic Counselling and Testing"}, "facility": {"code": 17927}}, {"service": {"name": "Provider Initiated Counselling and Testing"}, "facility": {"code": 17927}}, {"service": {"name": "Voluntary Counselling and Testing"}, "facility": {"code": 17927}}, {"service": {"name": "Management of STIs"}, "facility": {"code": 17927}}, {"service": {"name": "Condom Promotion and Distribution"}, "facility": {"code": 17927}}, {"service": {"name": "Maternity Services"}, "facility": {"code": 12905}}, {"service": {"name": "Curative Services"}, "facility": {"code": 12905}}, {"service": {"name": "Nutrition Services"}, "facility": {"code": 13258}}, {"service": {"name": "Laboratory Services"}, "facility": {"code": 13258}}, {"service": {"name": "First Line Treatment"}, "facility": {"code": 13258}}, {"service": {"name": "Immunization with additional vaccines"}, "facility": {"code": 13258}}, {"service": {"name": "Long Term FP"}, "facility": {"code": 13258}}, {"service": {"name": "Paediatric Antiretroviral Therapy"}, "facility": {"code": 13258}}, {"service": {"name": "Early Infant Diagnosis"}, "facility": {"code": 13258}}, {"service": {"name": "Curative Services"}, "facility": {"code": 17926}}, {"service": {"name": "Long Term FP"}, "facility": {"code": 17926}}, {"service": {"name": "Short Term FP"}, "facility": {"code": 17926}}, {"service": {"name": "Post Exposure Prophylaxis"}, "facility": {"code": 17926}}, {"service": {"name": "Diagnostic Counselling and Testing"}, "facility": {"code": 17926}}, {"service": {"name": "Provider Initiated Counselling and Testing"}, "facility": {"code": 17926}}, {"service": {"name": "Voluntary Counselling and Testing"}, "facility": {"code": 17926}}, {"service": {"name": "Management of STIs"}, "facility": {"code": 17926}}, {"service": {"name": "Condom Promotion and Distribution"}, "facility": {"code": 17926}}, {"service": {"name": "Nutrition Services"}, "facility": {"code": 17923}}, {"service": {"name": "Ambulance Sevices"}, "facility": {"code": 17923}}, {"service": {"name": "Curative Services"}, "facility": {"code": 17923}}, {"service": {"name": "Basic Immunization"}, "facility": {"code": 17923}}, {"service": {"name": "Focused Antenatal Care"}, "facility": {"code": 17923}}, {"service": {"name": "Short Term FP"}, "facility": {"code": 17923}}, {"service": {"name": "PMTCT - ANC"}, "facility": {"code": 17923}}, {"service": {"name": "Provider Initiated Counselling and Testing"}, "facility": {"code": 17923}}, {"service": {"name": "Management of STIs"}, "facility": {"code": 17923}}, {"service": {"name": "Condom Promotion and Distribution"}, "facility": {"code": 17923}}, {"service": {"name": "Curative Services"}, "facility": {"code": 13822}}, {"service": {"name": "First Line Treatment"}, "facility": {"code": 13822}}, {"service": {"name": "Basic Immunization"}, "facility": {"code": 13822}}, {"service": {"name": "Focused Antenatal Care"}, "facility": {"code": 13822}}, {"service": {"name": "PMTCT - ANC"}, "facility": {"code": 13822}}, {"service": {"name": "Early Infant Diagnosis"}, "facility": {"code": 13822}}, {"service": {"name": "Diagnostic Counselling and Testing"}, "facility": {"code": 13822}}, {"service": {"name": "Provider Initiated Counselling and Testing"}, "facility": {"code": 13822}}, {"service": {"name": "Management of STIs"}, "facility": {"code": 13822}}, {"service": {"name": "Surgical Services"}, "facility": {"code": 17922}}, {"service": {"name": "Curative Services"}, "facility": {"code": 17922}}, {"service": {"name": "Basic Immunization"}, "facility": {"code": 17922}}, {"service": {"name": "Focused Antenatal Care"}, "facility": {"code": 17922}}, {"service": {"name": "Provider Initiated Counselling and Testing"}, "facility": {"code": 17922}}, {"service": {"name": "Emergency Preparedness"}, "facility": {"code": 12230}}, {"service": {"name": "Focused Antenatal Care"}, "facility": {"code": 12230}}, {"service": {"name": "Integrated Services"}, "facility": {"code": 12230}}, {"service": {"name": "Focused Antenatal Care"}, "facility": {"code": 12538}}, {"service": {"name": "Integrated Management of Childhood Illnesses"}, "facility": {"code": 17920}}, {"service": {"name": "Emergency Obstetric Care"}, "facility": {"code": 17920}}, {"service": {"name": "Curative Services"}, "facility": {"code": 17920}}, {"service": {"name": "Basic Immunization"}, "facility": {"code": 17920}}, {"service": {"name": "Focused Antenatal Care"}, "facility": {"code": 17920}}, {"service": {"name": "Short Term FP"}, "facility": {"code": 17920}}, {"service": {"name": "PMTCT - ANC"}, "facility": {"code": 17920}}, {"service": {"name": "Provider Initiated Counselling and Testing"}, "facility": {"code": 17920}}, {"service": {"name": "Management of STIs"}, "facility": {"code": 17920}}, {"service": {"name": "Condom Promotion and Distribution"}, "facility": {"code": 17920}}, {"service": {"name": "PMTCT - ANC"}, "facility": {"code": 17918}}, {"service": {"name": "Diagnostic Counselling and Testing"}, "facility": {"code": 17918}}, {"service": {"name": "Provider Initiated Counselling and Testing"}, "facility": {"code": 17918}}, {"service": {"name": "Management of STIs"}, "facility": {"code": 17918}}, {"service": {"name": "Condom Promotion and Distribution"}, "facility": {"code": 17918}}, {"service": {"name": "Focused Antenatal Care"}, "facility": {"code": 17918}}, {"service": {"name": "Basic Immunization"}, "facility": {"code": 17918}}, {"service": {"name": "Curative Services"}, "facility": {"code": 17918}}, {"service": {"name": "Short Term FP"}, "facility": {"code": 17918}}, {"service": {"name": "Emergency Preparedness"}, "facility": {"code": 12063}}, {"service": {"name": "Rehabilitative Health Services - Physiotherapy"}, "facility": {"code": 12063}}, {"service": {"name": "Nutrition Services"}, "facility": {"code": 12063}}, {"service": {"name": "Laboratory Services"}, "facility": {"code": 12063}}, {"service": {"name": "Surgical Services"}, "facility": {"code": 12063}}, {"service": {"name": "Curative Services"}, "facility": {"code": 12063}}, {"service": {"name": "Rehabilitative Health Services - Orthopaedic Technology"}, "facility": {"code": 12063}}, {"service": {"name": "Rehabilitative Health Services - Occupational Health"}, "facility": {"code": 12063}}, {"service": {"name": "Focused Antenatal Care"}, "facility": {"code": 12063}}, {"service": {"name": "Long Term FP"}, "facility": {"code": 12063}}, {"service": {"name": "Short Term FP"}, "facility": {"code": 12063}}, {"service": {"name": "Voluntary Male Circumcision"}, "facility": {"code": 12063}}, {"service": {"name": "Diagnostic Counselling and Testing"}, "facility": {"code": 12063}}, {"service": {"name": "Provider Initiated Counselling and Testing"}, "facility": {"code": 12063}}, {"service": {"name": "Management of STIs"}, "facility": {"code": 12063}}, {"service": {"name": "Condom Promotion and Distribution"}, "facility": {"code": 12063}}, {"service": {"name": "Emergency Preparedness"}, "facility": {"code": 17917}}, {"service": {"name": "ENT Services"}, "facility": {"code": 17917}}, {"service": {"name": "Emergency Obstetric Care"}, "facility": {"code": 17917}}, {"service": {"name": "Opthalmic Services"}, "facility": {"code": 17917}}, {"service": {"name": "Nutrition Services"}, "facility": {"code": 17917}}, {"service": {"name": "Integrated Management of Childhood Illnesses"}, "facility": {"code": 17917}}, {"service": {"name": "Laboratory Services"}, "facility": {"code": 17917}}, {"service": {"name": "Maternity Services"}, "facility": {"code": 17917}}, {"service": {"name": "Curative Services"}, "facility": {"code": 17917}}, {"service": {"name": "Smear Microscopy"}, "facility": {"code": 17917}}, {"service": {"name": "Immunization with additional vaccines"}, "facility": {"code": 17917}}, {"service": {"name": "Basic Immunization"}, "facility": {"code": 17917}}, {"service": {"name": "Long Term FP"}, "facility": {"code": 17917}}, {"service": {"name": "Voluntary Male Circumcision"}, "facility": {"code": 17917}}, {"service": {"name": "Short Term FP"}, "facility": {"code": 17917}}, {"service": {"name": "Provider Initiated Counselling and Testing"}, "facility": {"code": 17917}}, {"service": {"name": "Voluntary Counselling and Testing"}, "facility": {"code": 17917}}, {"service": {"name": "Condom Promotion and Distribution"}, "facility": {"code": 17917}}, {"service": {"name": "Emergency Preparedness"}, "facility": {"code": 17916}}, {"service": {"name": "Emergency Obstetric Care"}, "facility": {"code": 17916}}, {"service": {"name": "Opthalmic Services"}, "facility": {"code": 17916}}, {"service": {"name": "Nutrition Services"}, "facility": {"code": 17916}}, {"service": {"name": "Integrated Management of Childhood Illnesses"}, "facility": {"code": 17916}}, {"service": {"name": "Laboratory Services"}, "facility": {"code": 17916}}, {"service": {"name": "Surgical Services"}, "facility": {"code": 17916}}, {"service": {"name": "Curative Services"}, "facility": {"code": 17916}}, {"service": {"name": "Short Term FP"}, "facility": {"code": 17916}}, {"service": {"name": "Diagnostic Counselling and Testing"}, "facility": {"code": 17916}}, {"service": {"name": "Provider Initiated Counselling and Testing"}, "facility": {"code": 17916}}, {"service": {"name": "Voluntary Counselling and Testing"}, "facility": {"code": 17916}}, {"service": {"name": "Management of STIs"}, "facility": {"code": 17916}}, {"service": {"name": "Condom Promotion and Distribution"}, "facility": {"code": 17916}}, {"service": {"name": "Short Term FP"}, "facility": {"code": 17915}}, {"service": {"name": "ENT Services"}, "facility": {"code": 17915}}, {"service": {"name": "Integrated Management of Childhood Illnesses"}, "facility": {"code": 17915}}, {"service": {"name": "Laboratory Services"}, "facility": {"code": 17915}}, {"service": {"name": "Curative Services"}, "facility": {"code": 17915}}, {"service": {"name": "Management of STIs"}, "facility": {"code": 17915}}, {"service": {"name": "Emergency Preparedness"}, "facility": {"code": 13090}}, {"service": {"name": "ENT Services"}, "facility": {"code": 13090}}, {"service": {"name": "Oral Health Services (Dental Services)"}, "facility": {"code": 13090}}, {"service": {"name": "Emergency Obstetric Care"}, "facility": {"code": 13090}}, {"service": {"name": "Rehabilitative Health Services - Physiotherapy"}, "facility": {"code": 13090}}, {"service": {"name": "Services for Sexual Violence Survivors"}, "facility": {"code": 13090}}, {"service": {"name": "Mental Health Services"}, "facility": {"code": 13090}}, {"service": {"name": "Nutrition Services"}, "facility": {"code": 13090}}, {"service": {"name": "Integrated Management of Childhood Illnesses"}, "facility": {"code": 13090}}, {"service": {"name": "Ambulance Sevices"}, "facility": {"code": 13090}}, {"service": {"name": "Laboratory Services"}, "facility": {"code": 13090}}, {"service": {"name": "Radiology Services"}, "facility": {"code": 13090}}, {"service": {"name": "Surgical Services"}, "facility": {"code": 13090}}, {"service": {"name": "Maternity Services"}, "facility": {"code": 13090}}, {"service": {"name": "Curative Services"}, "facility": {"code": 13090}}, {"service": {"name": "Facility Based Blood Transfusion Service"}, "facility": {"code": 13090}}, {"service": {"name": "Facility Based Blood Collection Service"}, "facility": {"code": 13090}}, {"service": {"name": "Rehabilitative Health Services - Orthopaedic Technology"}, "facility": {"code": 13090}}, {"service": {"name": "Rehabilitative Health Services - Occupational Health"}, "facility": {"code": 13090}}, {"service": {"name": "Immunization with additional vaccines"}, "facility": {"code": 13090}}, {"service": {"name": "Basic Immunization"}, "facility": {"code": 13090}}, {"service": {"name": "Specialized ANC"}, "facility": {"code": 13090}}, {"service": {"name": "Smear Microscopy"}, "facility": {"code": 13090}}, {"service": {"name": "First Line Treatment"}, "facility": {"code": 13090}}, {"service": {"name": "Tuberculosis Culture"}, "facility": {"code": 13090}}, {"service": {"name": "Focused Antenatal Care"}, "facility": {"code": 13090}}, {"service": {"name": "Permanent FP"}, "facility": {"code": 13090}}, {"service": {"name": "Long Term FP"}, "facility": {"code": 13090}}, {"service": {"name": "Short Term FP"}, "facility": {"code": 13090}}, {"service": {"name": "Post Exposure Prophylaxis"}, "facility": {"code": 13090}}, {"service": {"name": "Voluntary Male Circumcision"}, "facility": {"code": 13090}}, {"service": {"name": "Provider Initiated Counselling and Testing"}, "facility": {"code": 13090}}, {"service": {"name": "Adult Antiretroviral Therapy"}, "facility": {"code": 13090}}, {"service": {"name": "Paediatric Antiretroviral Therapy"}, "facility": {"code": 13090}}, {"service": {"name": "PMTCT - Maternity"}, "facility": {"code": 13090}}, {"service": {"name": "PMTCT - ANC"}, "facility": {"code": 13090}}, {"service": {"name": "Early Infant Diagnosis"}, "facility": {"code": 13090}}, {"service": {"name": "Diagnostic Counselling and Testing"}, "facility": {"code": 13090}}, {"service": {"name": "Management of STIs"}, "facility": {"code": 13090}}, {"service": {"name": "Condom Promotion and Distribution"}, "facility": {"code": 13090}}, {"service": {"name": "Post Exposure Prophylaxis"}, "facility": {"code": 13057}}, {"service": {"name": "Management of STIs"}, "facility": {"code": 13057}}, {"service": {"name": "Emergency Preparedness"}, "facility": {"code": 10029}}, {"service": {"name": "Oral Health Services (Dental Services)"}, "facility": {"code": 10029}}, {"service": {"name": "Emergency Obstetric Care"}, "facility": {"code": 10029}}, {"service": {"name": "Environmental Health Services"}, "facility": {"code": 10029}}, {"service": {"name": "Opthalmic Services"}, "facility": {"code": 10029}}, {"service": {"name": "Nutrition Services"}, "facility": {"code": 10029}}, {"service": {"name": "Integrated Management of Childhood Illnesses"}, "facility": {"code": 10029}}, {"service": {"name": "Surgical Services"}, "facility": {"code": 10029}}, {"service": {"name": "Maternity Services"}, "facility": {"code": 10029}}, {"service": {"name": "Curative Services"}, "facility": {"code": 10029}}, {"service": {"name": "Immunization with additional vaccines"}, "facility": {"code": 10029}}, {"service": {"name": "Basic Immunization"}, "facility": {"code": 10029}}, {"service": {"name": "Focused Antenatal Care"}, "facility": {"code": 10029}}, {"service": {"name": "Integrated Services"}, "facility": {"code": 10029}}, {"service": {"name": "Long Term FP"}, "facility": {"code": 10029}}, {"service": {"name": "Short Term FP"}, "facility": {"code": 10029}}, {"service": {"name": "Paediatric Antiretroviral Therapy"}, "facility": {"code": 10029}}, {"service": {"name": "Adult Antiretroviral Therapy"}, "facility": {"code": 10029}}, {"service": {"name": "PMTCT - ANC"}, "facility": {"code": 10029}}, {"service": {"name": "Provider Initiated Counselling and Testing"}, "facility": {"code": 10029}}, {"service": {"name": "Voluntary Counselling and Testing"}, "facility": {"code": 10029}}, {"service": {"name": "Management of STIs"}, "facility": {"code": 10029}}, {"service": {"name": "Condom Promotion and Distribution"}, "facility": {"code": 10029}}, {"service": {"name": "Emergency Preparedness"}, "facility": {"code": 10214}}, {"service": {"name": "Oral Health Services (Dental Services)"}, "facility": {"code": 10214}}, {"service": {"name": "Emergency Obstetric Care"}, "facility": {"code": 10214}}, {"service": {"name": "Basic Immunization"}, "facility": {"code": 13104}}, {"service": {"name": "Focused Antenatal Care"}, "facility": {"code": 13104}}, {"service": {"name": "Short Term FP"}, "facility": {"code": 13104}}, {"service": {"name": "PMTCT - ANC"}, "facility": {"code": 13104}}, {"service": {"name": "Environmental Health Services"}, "facility": {"code": 10214}}, {"service": {"name": "Diagnostic Counselling and Testing"}, "facility": {"code": 13104}}, {"service": {"name": "Nutrition Services"}, "facility": {"code": 10214}}, {"service": {"name": "Condom Promotion and Distribution"}, "facility": {"code": 13104}}, {"service": {"name": "Integrated Management of Childhood Illnesses"}, "facility": {"code": 10214}}, {"service": {"name": "Laboratory Services"}, "facility": {"code": 10214}}, {"service": {"name": "Maternity Services"}, "facility": {"code": 10214}}, {"service": {"name": "Curative Services"}, "facility": {"code": 10214}}, {"service": {"name": "First Line Treatment"}, "facility": {"code": 10214}}, {"service": {"name": "Basic Immunization"}, "facility": {"code": 10214}}, {"service": {"name": "Focused Antenatal Care"}, "facility": {"code": 10214}}, {"service": {"name": "Integrated Services"}, "facility": {"code": 10214}}, {"service": {"name": "Long Term FP"}, "facility": {"code": 10214}}, {"service": {"name": "Short Term FP"}, "facility": {"code": 10214}}, {"service": {"name": "Post Exposure Prophylaxis"}, "facility": {"code": 10214}}, {"service": {"name": "PMTCT - ANC"}, "facility": {"code": 10214}}, {"service": {"name": "Early Infant Diagnosis"}, "facility": {"code": 10214}}, {"service": {"name": "Diagnostic Counselling and Testing"}, "facility": {"code": 10214}}, {"service": {"name": "Provider Initiated Counselling and Testing"}, "facility": {"code": 10214}}, {"service": {"name": "Voluntary Counselling and Testing"}, "facility": {"code": 10214}}, {"service": {"name": "Management of STIs"}, "facility": {"code": 10214}}, {"service": {"name": "Condom Promotion and Distribution"}, "facility": {"code": 10214}}, {"service": {"name": "Immunization with additional vaccines"}, "facility": {"code": 12989}}, {"service": {"name": "Basic Immunization"}, "facility": {"code": 12989}}, {"service": {"name": "Focused Antenatal Care"}, "facility": {"code": 12989}}, {"service": {"name": "Short Term FP"}, "facility": {"code": 12989}}, {"service": {"name": "PMTCT - ANC"}, "facility": {"code": 12989}}, {"service": {"name": "Condom Promotion and Distribution"}, "facility": {"code": 12989}}, {"service": {"name": "Emergency Preparedness"}, "facility": {"code": 13156}}, {"service": {"name": "Emergency Obstetric Care"}, "facility": {"code": 13156}}, {"service": {"name": "Rehabilitative Health Services - Physiotherapy"}, "facility": {"code": 13156}}, {"service": {"name": "Nutrition Services"}, "facility": {"code": 13156}}, {"service": {"name": "Integrated Management of Childhood Illnesses"}, "facility": {"code": 13156}}, {"service": {"name": "Ambulance Sevices"}, "facility": {"code": 13156}}, {"service": {"name": "Laboratory Services"}, "facility": {"code": 13156}}, {"service": {"name": "Radiology Services"}, "facility": {"code": 13156}}, {"service": {"name": "Immunization with additional vaccines"}, "facility": {"code": 13156}}, {"service": {"name": "Stand Alone Services"}, "facility": {"code": 13156}}, {"service": {"name": "Permanent FP"}, "facility": {"code": 13156}}, {"service": {"name": "Long Term FP"}, "facility": {"code": 13156}}, {"service": {"name": "Short Term FP"}, "facility": {"code": 13156}}, {"service": {"name": "Adult Antiretroviral Therapy"}, "facility": {"code": 13156}}, {"service": {"name": "Paediatric Antiretroviral Therapy"}, "facility": {"code": 13156}}, {"service": {"name": "Post Exposure Prophylaxis"}, "facility": {"code": 13156}}, {"service": {"name": "Voluntary Male Circumcision"}, "facility": {"code": 13156}}, {"service": {"name": "PMTCT - Maternity"}, "facility": {"code": 13156}}, {"service": {"name": "PMTCT - ANC"}, "facility": {"code": 13156}}, {"service": {"name": "Early Infant Diagnosis"}, "facility": {"code": 13156}}, {"service": {"name": "Diagnostic Counselling and Testing"}, "facility": {"code": 13156}}, {"service": {"name": "Provider Initiated Counselling and Testing"}, "facility": {"code": 13156}}, {"service": {"name": "Voluntary Counselling and Testing"}, "facility": {"code": 13156}}, {"service": {"name": "Management of STIs"}, "facility": {"code": 13156}}, {"service": {"name": "Condom Promotion and Distribution"}, "facility": {"code": 13156}}, {"service": {"name": "Nutrition Services"}, "facility": {"code": 12878}}, {"service": {"name": "Integrated Management of Childhood Illnesses"}, "facility": {"code": 12878}}, {"service": {"name": "Curative Services"}, "facility": {"code": 12878}}, {"service": {"name": "Immunization with additional vaccines"}, "facility": {"code": 12878}}, {"service": {"name": "Basic Immunization"}, "facility": {"code": 12878}}, {"service": {"name": "Focused Antenatal Care"}, "facility": {"code": 12878}}, {"service": {"name": "Integrated Services"}, "facility": {"code": 12878}}, {"service": {"name": "Long Term FP"}, "facility": {"code": 12878}}, {"service": {"name": "Short Term FP"}, "facility": {"code": 12878}}, {"service": {"name": "Early Infant Diagnosis"}, "facility": {"code": 12878}}, {"service": {"name": "PMTCT - ANC"}, "facility": {"code": 12878}}, {"service": {"name": "Provider Initiated Counselling and Testing"}, "facility": {"code": 12878}}, {"service": {"name": "Condom Promotion and Distribution"}, "facility": {"code": 12878}}, {"service": {"name": "Emergency Preparedness"}, "facility": {"code": 14076}}, {"service": {"name": "Environmental Health Services"}, "facility": {"code": 14076}}, {"service": {"name": "Laboratory Services"}, "facility": {"code": 14076}}, {"service": {"name": "Maternity Services"}, "facility": {"code": 14076}}, {"service": {"name": "Curative Services"}, "facility": {"code": 14076}}, {"service": {"name": "Rehabilitative Health Services - Occupational Health"}, "facility": {"code": 14076}}, {"service": {"name": "First Line Treatment"}, "facility": {"code": 14076}}, {"service": {"name": "Basic Immunization"}, "facility": {"code": 14076}}, {"service": {"name": "Post Exposure Prophylaxis"}, "facility": {"code": 14076}}, {"service": {"name": "PMTCT - ANC"}, "facility": {"code": 14076}}, {"service": {"name": "Diagnostic Counselling and Testing"}, "facility": {"code": 14076}}, {"service": {"name": "Provider Initiated Counselling and Testing"}, "facility": {"code": 14076}}, {"service": {"name": "Management of STIs"}, "facility": {"code": 14076}}, {"service": {"name": "Emergency Preparedness"}, "facility": {"code": 12930}}, {"service": {"name": "Rehabilitative Health Services - Physiotherapy"}, "facility": {"code": 12930}}, {"service": {"name": "Mental Health Services"}, "facility": {"code": 12930}}, {"service": {"name": "Nutrition Services"}, "facility": {"code": 12930}}, {"service": {"name": "Integrated Management of Childhood Illnesses"}, "facility": {"code": 12930}}, {"service": {"name": "Laboratory Services"}, "facility": {"code": 12930}}, {"service": {"name": "Surgical Services"}, "facility": {"code": 12930}}, {"service": {"name": "Maternity Services"}, "facility": {"code": 12930}}, {"service": {"name": "Curative Services"}, "facility": {"code": 12930}}, {"service": {"name": "Facility Based Blood Collection Service"}, "facility": {"code": 12930}}, {"service": {"name": "Rehabilitative Health Services - Orthopaedic Technology"}, "facility": {"code": 12930}}, {"service": {"name": "First Line Treatment"}, "facility": {"code": 12930}}, {"service": {"name": "Tuberculosis Culture"}, "facility": {"code": 12930}}, {"service": {"name": "Smear Microscopy"}, "facility": {"code": 12930}}, {"service": {"name": "Immunization with additional vaccines"}, "facility": {"code": 12930}}, {"service": {"name": "Basic Immunization"}, "facility": {"code": 12930}}, {"service": {"name": "Focused Antenatal Care"}, "facility": {"code": 12930}}, {"service": {"name": "Integrated Services"}, "facility": {"code": 12930}}, {"service": {"name": "Long Term FP"}, "facility": {"code": 12930}}, {"service": {"name": "Short Term FP"}, "facility": {"code": 12930}}, {"service": {"name": "Home Based Care"}, "facility": {"code": 12930}}, {"service": {"name": "Adult Antiretroviral Therapy"}, "facility": {"code": 12930}}, {"service": {"name": "Paediatric Antiretroviral Therapy"}, "facility": {"code": 12930}}, {"service": {"name": "Voluntary Male Circumcision"}, "facility": {"code": 12930}}, {"service": {"name": "PMTCT - Maternity"}, "facility": {"code": 12930}}, {"service": {"name": "PMTCT - ANC"}, "facility": {"code": 12930}}, {"service": {"name": "Early Infant Diagnosis"}, "facility": {"code": 12930}}, {"service": {"name": "Provider Initiated Counselling and Testing"}, "facility": {"code": 12930}}, {"service": {"name": "Diagnostic Counselling and Testing"}, "facility": {"code": 12930}}, {"service": {"name": "Voluntary Counselling and Testing"}, "facility": {"code": 12930}}, {"service": {"name": "Management of STIs"}, "facility": {"code": 12930}}, {"service": {"name": "Condom Promotion and Distribution"}, "facility": {"code": 12930}}, {"service": {"name": "Emergency Preparedness"}, "facility": {"code": 13985}}, {"service": {"name": "Integrated Management of Childhood Illnesses"}, "facility": {"code": 13985}}, {"service": {"name": "Environmental Health Services"}, "facility": {"code": 13985}}, {"service": {"name": "Laboratory Services"}, "facility": {"code": 13985}}, {"service": {"name": "Maternity Services"}, "facility": {"code": 13985}}, {"service": {"name": "Curative Services"}, "facility": {"code": 13985}}, {"service": {"name": "Rehabilitative Health Services - Occupational Health"}, "facility": {"code": 13985}}, {"service": {"name": "First Line Treatment"}, "facility": {"code": 13985}}, {"service": {"name": "Smear Microscopy"}, "facility": {"code": 13985}}, {"service": {"name": "Basic Immunization"}, "facility": {"code": 13985}}, {"service": {"name": "Post Exposure Prophylaxis"}, "facility": {"code": 13985}}, {"service": {"name": "PMTCT - Maternity"}, "facility": {"code": 13985}}, {"service": {"name": "PMTCT - ANC"}, "facility": {"code": 13985}}, {"service": {"name": "Diagnostic Counselling and Testing"}, "facility": {"code": 13985}}, {"service": {"name": "Provider Initiated Counselling and Testing"}, "facility": {"code": 13985}}, {"service": {"name": "Voluntary Counselling and Testing"}, "facility": {"code": 13985}}, {"service": {"name": "Management of STIs"}, "facility": {"code": 13985}}, {"service": {"name": "Nutrition Services"}, "facility": {"code": 13155}}, {"service": {"name": "Integrated Management of Childhood Illnesses"}, "facility": {"code": 13155}}, {"service": {"name": "Laboratory Services"}, "facility": {"code": 13155}}, {"service": {"name": "Curative Services"}, "facility": {"code": 13155}}, {"service": {"name": "First Line Treatment"}, "facility": {"code": 13155}}, {"service": {"name": "Smear Microscopy"}, "facility": {"code": 13155}}, {"service": {"name": "Basic Immunization"}, "facility": {"code": 13155}}, {"service": {"name": "Focused Antenatal Care"}, "facility": {"code": 13155}}, {"service": {"name": "Long Term FP"}, "facility": {"code": 13155}}, {"service": {"name": "Short Term FP"}, "facility": {"code": 13155}}, {"service": {"name": "Home Based Care"}, "facility": {"code": 13155}}, {"service": {"name": "Adult Antiretroviral Therapy"}, "facility": {"code": 13155}}, {"service": {"name": "Post Exposure Prophylaxis"}, "facility": {"code": 13155}}, {"service": {"name": "PMTCT - ANC"}, "facility": {"code": 13155}}, {"service": {"name": "Early Infant Diagnosis"}, "facility": {"code": 13155}}, {"service": {"name": "Diagnostic Counselling and Testing"}, "facility": {"code": 13155}}, {"service": {"name": "Provider Initiated Counselling and Testing"}, "facility": {"code": 13155}}, {"service": {"name": "Voluntary Counselling and Testing"}, "facility": {"code": 13155}}, {"service": {"name": "Management of STIs"}, "facility": {"code": 13155}}, {"service": {"name": "Condom Promotion and Distribution"}, "facility": {"code": 13155}}, {"service": {"name": "Emergency Preparedness"}, "facility": {"code": 12879}}, {"service": {"name": "Emergency Obstetric Care"}, "facility": {"code": 12879}}, {"service": {"name": "Services for Sexual Violence Survivors"}, "facility": {"code": 12879}}, {"service": {"name": "Nutrition Services"}, "facility": {"code": 12879}}, {"service": {"name": "Integrated Management of Childhood Illnesses"}, "facility": {"code": 12879}}, {"service": {"name": "Laboratory Services"}, "facility": {"code": 12879}}, {"service": {"name": "Maternity Services"}, "facility": {"code": 12879}}, {"service": {"name": "Curative Services"}, "facility": {"code": 12879}}, {"service": {"name": "Facility Based Blood Collection Service"}, "facility": {"code": 12879}}, {"service": {"name": "MDRTB Treatment"}, "facility": {"code": 12879}}, {"service": {"name": "Smear Microscopy"}, "facility": {"code": 12879}}, {"service": {"name": "Immunization with additional vaccines"}, "facility": {"code": 12879}}, {"service": {"name": "Basic Immunization"}, "facility": {"code": 12879}}, {"service": {"name": "Specialized ANC"}, "facility": {"code": 12879}}, {"service": {"name": "Focused Antenatal Care"}, "facility": {"code": 12879}}, {"service": {"name": "Integrated Services"}, "facility": {"code": 12879}}, {"service": {"name": "Long Term FP"}, "facility": {"code": 12879}}, {"service": {"name": "Short Term FP"}, "facility": {"code": 12879}}, {"service": {"name": "Adult Antiretroviral Therapy"}, "facility": {"code": 12879}}, {"service": {"name": "Paediatric Antiretroviral Therapy"}, "facility": {"code": 12879}}, {"service": {"name": "Post Exposure Prophylaxis"}, "facility": {"code": 12879}}, {"service": {"name": "PMTCT - Maternity"}, "facility": {"code": 12879}}, {"service": {"name": "PMTCT - ANC"}, "facility": {"code": 12879}}, {"service": {"name": "Early Infant Diagnosis"}, "facility": {"code": 12879}}, {"service": {"name": "Diagnostic Counselling and Testing"}, "facility": {"code": 12879}}, {"service": {"name": "Provider Initiated Counselling and Testing"}, "facility": {"code": 12879}}, {"service": {"name": "Voluntary Counselling and Testing"}, "facility": {"code": 12879}}, {"service": {"name": "Management of STIs"}, "facility": {"code": 12879}}, {"service": {"name": "Condom Promotion and Distribution"}, "facility": {"code": 12879}}, {"service": {"name": "Laboratory Services"}, "facility": {"code": 16244}}, {"service": {"name": "Curative Services"}, "facility": {"code": 16244}}, {"service": {"name": "Management of STIs"}, "facility": {"code": 16244}}, {"service": {"name": "Oral Health Services (Dental Services)"}, "facility": {"code": 14435}}, {"service": {"name": "Emergency Obstetric Care"}, "facility": {"code": 14435}}, {"service": {"name": "Environmental Health Services"}, "facility": {"code": 14435}}, {"service": {"name": "Opthalmic Services"}, "facility": {"code": 14435}}, {"service": {"name": "Nutrition Services"}, "facility": {"code": 14435}}, {"service": {"name": "Laboratory Services"}, "facility": {"code": 14435}}, {"service": {"name": "Radiology Services"}, "facility": {"code": 14435}}, {"service": {"name": "Surgical Services"}, "facility": {"code": 14435}}, {"service": {"name": "Maternity Services"}, "facility": {"code": 14435}}, {"service": {"name": "Curative Services"}, "facility": {"code": 14435}}, {"service": {"name": "Facility Based Blood Transfusion Service"}, "facility": {"code": 14435}}, {"service": {"name": "Rehabilitative Health Services - Orthopaedic Technology"}, "facility": {"code": 14435}}, {"service": {"name": "Tuberculosis Culture"}, "facility": {"code": 14435}}, {"service": {"name": "Smear Microscopy"}, "facility": {"code": 14435}}, {"service": {"name": "Basic Immunization"}, "facility": {"code": 14435}}, {"service": {"name": "Specialized ANC"}, "facility": {"code": 14435}}, {"service": {"name": "Focused Antenatal Care"}, "facility": {"code": 14435}}, {"service": {"name": "Permanent FP"}, "facility": {"code": 14435}}, {"service": {"name": "Long Term FP"}, "facility": {"code": 14435}}, {"service": {"name": "Short Term FP"}, "facility": {"code": 14435}}, {"service": {"name": "Voluntary Male Circumcision"}, "facility": {"code": 14435}}, {"service": {"name": "PMTCT - Maternity"}, "facility": {"code": 14435}}, {"service": {"name": "PMTCT - ANC"}, "facility": {"code": 14435}}, {"service": {"name": "Provider Initiated Counselling and Testing"}, "facility": {"code": 14435}}, {"service": {"name": "Voluntary Counselling and Testing"}, "facility": {"code": 14435}}, {"service": {"name": "Management of STIs"}, "facility": {"code": 14435}}, {"service": {"name": "Condom Promotion and Distribution"}, "facility": {"code": 14435}}, {"service": {"name": "Emergency Obstetric Care"}, "facility": {"code": 17913}}, {"service": {"name": "Curative Services"}, "facility": {"code": 17913}}, {"service": {"name": "Basic Immunization"}, "facility": {"code": 17913}}, {"service": {"name": "Focused Antenatal Care"}, "facility": {"code": 17913}}, {"service": {"name": "Integrated Services"}, "facility": {"code": 17913}}, {"service": {"name": "Short Term FP"}, "facility": {"code": 17913}}, {"service": {"name": "PMTCT - ANC"}, "facility": {"code": 17913}}, {"service": {"name": "Diagnostic Counselling and Testing"}, "facility": {"code": 17913}}, {"service": {"name": "Provider Initiated Counselling and Testing"}, "facility": {"code": 17913}}, {"service": {"name": "Voluntary Counselling and Testing"}, "facility": {"code": 17913}}, {"service": {"name": "Management of STIs"}, "facility": {"code": 17913}}, {"service": {"name": "Condom Promotion and Distribution"}, "facility": {"code": 17913}}, {"service": {"name": "Curative Services"}, "facility": {"code": 13934}}, {"service": {"name": "Basic Immunization"}, "facility": {"code": 13934}}, {"service": {"name": "Focused Antenatal Care"}, "facility": {"code": 13934}}, {"service": {"name": "Short Term FP"}, "facility": {"code": 13934}}, {"service": {"name": "PMTCT - ANC"}, "facility": {"code": 13934}}, {"service": {"name": "Early Infant Diagnosis"}, "facility": {"code": 13934}}, {"service": {"name": "Diagnostic Counselling and Testing"}, "facility": {"code": 13934}}, {"service": {"name": "Provider Initiated Counselling and Testing"}, "facility": {"code": 13934}}, {"service": {"name": "Management of STIs"}, "facility": {"code": 13934}}, {"service": {"name": "Condom Promotion and Distribution"}, "facility": {"code": 13934}}, {"service": {"name": "Emergency Obstetric Care"}, "facility": {"code": 17912}}, {"service": {"name": "Curative Services"}, "facility": {"code": 17912}}, {"service": {"name": "Basic Immunization"}, "facility": {"code": 17912}}, {"service": {"name": "Focused Antenatal Care"}, "facility": {"code": 17912}}, {"service": {"name": "Integrated Services"}, "facility": {"code": 17912}}, {"service": {"name": "Short Term FP"}, "facility": {"code": 17912}}, {"service": {"name": "PMTCT - ANC"}, "facility": {"code": 17912}}, {"service": {"name": "Diagnostic Counselling and Testing"}, "facility": {"code": 17912}}, {"service": {"name": "Provider Initiated Counselling and Testing"}, "facility": {"code": 17912}}, {"service": {"name": "Voluntary Counselling and Testing"}, "facility": {"code": 17912}}, {"service": {"name": "Management of STIs"}, "facility": {"code": 17912}}, {"service": {"name": "Condom Promotion and Distribution"}, "facility": {"code": 17912}}, {"service": {"name": "Emergency Preparedness"}, "facility": {"code": 14004}}, {"service": {"name": "Environmental Health Services"}, "facility": {"code": 14004}}, {"service": {"name": "Laboratory Services"}, "facility": {"code": 14004}}, {"service": {"name": "Curative Services"}, "facility": {"code": 14004}}, {"service": {"name": "Maternity Services"}, "facility": {"code": 14004}}, {"service": {"name": "Rehabilitative Health Services - Occupational Health"}, "facility": {"code": 14004}}, {"service": {"name": "Smear Microscopy"}, "facility": {"code": 14004}}, {"service": {"name": "Basic Immunization"}, "facility": {"code": 14004}}, {"service": {"name": "Post Exposure Prophylaxis"}, "facility": {"code": 14004}}, {"service": {"name": "PMTCT - Maternity"}, "facility": {"code": 14004}}, {"service": {"name": "PMTCT - ANC"}, "facility": {"code": 14004}}, {"service": {"name": "Diagnostic Counselling and Testing"}, "facility": {"code": 14004}}, {"service": {"name": "Provider Initiated Counselling and Testing"}, "facility": {"code": 14004}}, {"service": {"name": "Management of STIs"}, "facility": {"code": 14004}}, {"service": {"name": "Environmental Health Services"}, "facility": {"code": 15007}}, {"service": {"name": "Emergency Obstetric Care"}, "facility": {"code": 15007}}, {"service": {"name": "Nutrition Services"}, "facility": {"code": 15007}}, {"service": {"name": "Maternity Services"}, "facility": {"code": 15007}}, {"service": {"name": "Laboratory Services"}, "facility": {"code": 15007}}, {"service": {"name": "Curative Services"}, "facility": {"code": 15007}}, {"service": {"name": "First Line Treatment"}, "facility": {"code": 15007}}, {"service": {"name": "Basic Immunization"}, "facility": {"code": 15007}}, {"service": {"name": "Focused Antenatal Care"}, "facility": {"code": 15007}}, {"service": {"name": "Home Based Care"}, "facility": {"code": 15007}}, {"service": {"name": "Long Term FP"}, "facility": {"code": 15007}}, {"service": {"name": "Short Term FP"}, "facility": {"code": 15007}}, {"service": {"name": "Post Exposure Prophylaxis"}, "facility": {"code": 15007}}, {"service": {"name": "Voluntary Male Circumcision"}, "facility": {"code": 15007}}, {"service": {"name": "PMTCT - ANC"}, "facility": {"code": 15007}}, {"service": {"name": "PMTCT - Maternity"}, "facility": {"code": 15007}}, {"service": {"name": "Diagnostic Counselling and Testing"}, "facility": {"code": 15007}}, {"service": {"name": "Dental Laboratory Services"}, "facility": {"code": 15646}}, {"service": {"name": "Environmental Health Services"}, "facility": {"code": 15646}}, {"service": {"name": "Nutrition Services"}, "facility": {"code": 15646}}, {"service": {"name": "Laboratory Services"}, "facility": {"code": 15646}}, {"service": {"name": "First Line Treatment"}, "facility": {"code": 15646}}, {"service": {"name": "Tuberculosis Culture"}, "facility": {"code": 15646}}, {"service": {"name": "Smear Microscopy"}, "facility": {"code": 15646}}, {"service": {"name": "Basic Immunization"}, "facility": {"code": 15646}}, {"service": {"name": "Focused Antenatal Care"}, "facility": {"code": 15646}}, {"service": {"name": "Home Based Care"}, "facility": {"code": 15646}}, {"service": {"name": "Adult Antiretroviral Therapy"}, "facility": {"code": 15646}}, {"service": {"name": "Paediatric Antiretroviral Therapy"}, "facility": {"code": 15646}}, {"service": {"name": "Post Exposure Prophylaxis"}, "facility": {"code": 15646}}, {"service": {"name": "PMTCT - ANC"}, "facility": {"code": 15646}}, {"service": {"name": "Diagnostic Counselling and Testing"}, "facility": {"code": 15646}}, {"service": {"name": "Provider Initiated Counselling and Testing"}, "facility": {"code": 15646}}, {"service": {"name": "Voluntary Counselling and Testing"}, "facility": {"code": 15646}}, {"service": {"name": "Management of STIs"}, "facility": {"code": 15646}}, {"service": {"name": "Condom Promotion and Distribution"}, "facility": {"code": 15646}}, {"service": {"name": "Curative Services"}, "facility": {"code": 11783}}, {"service": {"name": "Management of STIs"}, "facility": {"code": 11783}}, {"service": {"name": "Condom Promotion and Distribution"}, "facility": {"code": 11783}}, {"service": {"name": "Nutrition Services"}, "facility": {"code": 12701}}, {"service": {"name": "Ambulance Sevices"}, "facility": {"code": 12701}}, {"service": {"name": "Integrated Management of Childhood Illnesses"}, "facility": {"code": 12701}}, {"service": {"name": "Laboratory Services"}, "facility": {"code": 12701}}, {"service": {"name": "Curative Services"}, "facility": {"code": 12701}}, {"service": {"name": "Smear Microscopy"}, "facility": {"code": 12701}}, {"service": {"name": "Basic Immunization"}, "facility": {"code": 12701}}, {"service": {"name": "Focused Antenatal Care"}, "facility": {"code": 12701}}, {"service": {"name": "Short Term FP"}, "facility": {"code": 12701}}, {"service": {"name": "Post Exposure Prophylaxis"}, "facility": {"code": 12701}}, {"service": {"name": "PMTCT - Maternity"}, "facility": {"code": 12701}}, {"service": {"name": "PMTCT - ANC"}, "facility": {"code": 12701}}, {"service": {"name": "Diagnostic Counselling and Testing"}, "facility": {"code": 12701}}, {"service": {"name": "Provider Initiated Counselling and Testing"}, "facility": {"code": 12701}}, {"service": {"name": "Management of STIs"}, "facility": {"code": 12701}}, {"service": {"name": "Condom Promotion and Distribution"}, "facility": {"code": 12701}}, {"service": {"name": "Curative Services"}, "facility": {"code": 11429}}, {"service": {"name": "Management of STIs"}, "facility": {"code": 11429}}, {"service": {"name": "Emergency Obstetric Care"}, "facility": {"code": 16532}}, {"service": {"name": "Laboratory Services"}, "facility": {"code": 16532}}, {"service": {"name": "Emergency Obstetric Care"}, "facility": {"code": 17628}}, {"service": {"name": "Laboratory Services"}, "facility": {"code": 17628}}, {"service": {"name": "Focused Antenatal Care"}, "facility": {"code": 17628}}, {"service": {"name": "Short Term FP"}, "facility": {"code": 17628}}, {"service": {"name": "Diagnostic Counselling and Testing"}, "facility": {"code": 17628}}, {"service": {"name": "Provider Initiated Counselling and Testing"}, "facility": {"code": 17628}}, {"service": {"name": "Laboratory Services"}, "facility": {"code": 11626}}, {"service": {"name": "Curative Services"}, "facility": {"code": 11626}}, {"service": {"name": "First Line Treatment"}, "facility": {"code": 11626}}, {"service": {"name": "Smear Microscopy"}, "facility": {"code": 11626}}, {"service": {"name": "Basic Immunization"}, "facility": {"code": 11626}}, {"service": {"name": "Focused Antenatal Care"}, "facility": {"code": 11626}}, {"service": {"name": "Long Term FP"}, "facility": {"code": 11626}}, {"service": {"name": "Short Term FP"}, "facility": {"code": 11626}}, {"service": {"name": "Post Exposure Prophylaxis"}, "facility": {"code": 11626}}, {"service": {"name": "Voluntary Male Circumcision"}, "facility": {"code": 11626}}, {"service": {"name": "PMTCT - ANC"}, "facility": {"code": 11626}}, {"service": {"name": "Diagnostic Counselling and Testing"}, "facility": {"code": 11626}}, {"service": {"name": "Provider Initiated Counselling and Testing"}, "facility": {"code": 11626}}, {"service": {"name": "Voluntary Counselling and Testing"}, "facility": {"code": 11626}}, {"service": {"name": "Management of STIs"}, "facility": {"code": 11626}}, {"service": {"name": "Condom Promotion and Distribution"}, "facility": {"code": 11626}}, {"service": {"name": "Laboratory Services"}, "facility": {"code": 17911}}, {"service": {"name": "Curative Services"}, "facility": {"code": 17911}}, {"service": {"name": "First Line Treatment"}, "facility": {"code": 17911}}, {"service": {"name": "Smear Microscopy"}, "facility": {"code": 17911}}, {"service": {"name": "Basic Immunization"}, "facility": {"code": 17911}}, {"service": {"name": "Focused Antenatal Care"}, "facility": {"code": 17911}}, {"service": {"name": "Long Term FP"}, "facility": {"code": 17911}}, {"service": {"name": "Short Term FP"}, "facility": {"code": 17911}}, {"service": {"name": "Adult Antiretroviral Therapy"}, "facility": {"code": 17911}}, {"service": {"name": "Paediatric Antiretroviral Therapy"}, "facility": {"code": 17911}}, {"service": {"name": "PMTCT - ANC"}, "facility": {"code": 17911}}, {"service": {"name": "Post Exposure Prophylaxis"}, "facility": {"code": 17911}}, {"service": {"name": "Early Infant Diagnosis"}, "facility": {"code": 17911}}, {"service": {"name": "Diagnostic Counselling and Testing"}, "facility": {"code": 17911}}, {"service": {"name": "Provider Initiated Counselling and Testing"}, "facility": {"code": 17911}}, {"service": {"name": "Voluntary Counselling and Testing"}, "facility": {"code": 17911}}, {"service": {"name": "Management of STIs"}, "facility": {"code": 17911}}, {"service": {"name": "Condom Promotion and Distribution"}, "facility": {"code": 17911}}, {"service": {"name": "ENT Services"}, "facility": {"code": 17630}}, {"service": {"name": "Emergency Preparedness"}, "facility": {"code": 17630}}, {"service": {"name": "Emergency Obstetric Care"}, "facility": {"code": 17630}}, {"service": {"name": "Rehabilitative Health Services - Physiotherapy"}, "facility": {"code": 17630}}, {"service": {"name": "Integrated Management of Childhood Illnesses"}, "facility": {"code": 17630}}, {"service": {"name": "Radiology Services"}, "facility": {"code": 17630}}, {"service": {"name": "Facility Based Blood Transfusion Service"}, "facility": {"code": 17630}}, {"service": {"name": "Immunization with additional vaccines"}, "facility": {"code": 17630}}, {"service": {"name": "Specialized ANC"}, "facility": {"code": 17630}}, {"service": {"name": "Focused Antenatal Care"}, "facility": {"code": 17630}}, {"service": {"name": "Permanent FP"}, "facility": {"code": 17630}}, {"service": {"name": "Long Term FP"}, "facility": {"code": 17630}}, {"service": {"name": "Short Term FP"}, "facility": {"code": 17630}}, {"service": {"name": "Post Exposure Prophylaxis"}, "facility": {"code": 17630}}, {"service": {"name": "Voluntary Male Circumcision"}, "facility": {"code": 17630}}, {"service": {"name": "Early Infant Diagnosis"}, "facility": {"code": 17630}}, {"service": {"name": "Provider Initiated Counselling and Testing"}, "facility": {"code": 17630}}, {"service": {"name": "Management of STIs"}, "facility": {"code": 17630}}, {"service": {"name": "Condom Promotion and Distribution"}, "facility": {"code": 17630}}, {"service": {"name": "Emergency Preparedness"}, "facility": {"code": 11289}}, {"service": {"name": "ENT Services"}, "facility": {"code": 11289}}, {"service": {"name": "Oral Health Services (Dental Services)"}, "facility": {"code": 11289}}, {"service": {"name": "Emergency Obstetric Care"}, "facility": {"code": 11289}}, {"service": {"name": "Environmental Health Services"}, "facility": {"code": 11289}}, {"service": {"name": "Rehabilitative Health Services - Physiotherapy"}, "facility": {"code": 11289}}, {"service": {"name": "Services for Sexual Violence Survivors"}, "facility": {"code": 11289}}, {"service": {"name": "Opthalmic Services"}, "facility": {"code": 11289}}, {"service": {"name": "Nutrition Services"}, "facility": {"code": 11289}}, {"service": {"name": "Integrated Management of Childhood Illnesses"}, "facility": {"code": 11289}}, {"service": {"name": "Ambulance Sevices"}, "facility": {"code": 11289}}, {"service": {"name": "Laboratory Services"}, "facility": {"code": 11289}}, {"service": {"name": "Radiology Services"}, "facility": {"code": 11289}}, {"service": {"name": "Surgical Services"}, "facility": {"code": 11289}}, {"service": {"name": "Maternity Services"}, "facility": {"code": 11289}}, {"service": {"name": "Curative Services"}, "facility": {"code": 11289}}, {"service": {"name": "MDRTB Treatment"}, "facility": {"code": 11289}}, {"service": {"name": "Facility Based Blood Transfusion Service"}, "facility": {"code": 11289}}, {"service": {"name": "Facility Based Blood Collection Service"}, "facility": {"code": 11289}}, {"service": {"name": "Rehabilitative Health Services - Orthopaedic Technology"}, "facility": {"code": 11289}}, {"service": {"name": "Rehabilitative Health Services - Occupational Health"}, "facility": {"code": 11289}}, {"service": {"name": "First Line Treatment"}, "facility": {"code": 11289}}, {"service": {"name": "Tuberculosis Culture"}, "facility": {"code": 11289}}, {"service": {"name": "Smear Microscopy"}, "facility": {"code": 11289}}, {"service": {"name": "Basic Immunization"}, "facility": {"code": 11289}}, {"service": {"name": "Focused Antenatal Care"}, "facility": {"code": 11289}}, {"service": {"name": "Permanent FP"}, "facility": {"code": 11289}}, {"service": {"name": "Long Term FP"}, "facility": {"code": 11289}}, {"service": {"name": "Short Term FP"}, "facility": {"code": 11289}}, {"service": {"name": "Home Based Care"}, "facility": {"code": 11289}}, {"service": {"name": "Adult Antiretroviral Therapy"}, "facility": {"code": 11289}}, {"service": {"name": "Paediatric Antiretroviral Therapy"}, "facility": {"code": 11289}}, {"service": {"name": "Post Exposure Prophylaxis"}, "facility": {"code": 11289}}, {"service": {"name": "Voluntary Male Circumcision"}, "facility": {"code": 11289}}, {"service": {"name": "PMTCT - Maternity"}, "facility": {"code": 11289}}, {"service": {"name": "PMTCT - ANC"}, "facility": {"code": 11289}}, {"service": {"name": "Early Infant Diagnosis"}, "facility": {"code": 11289}}, {"service": {"name": "Diagnostic Counselling and Testing"}, "facility": {"code": 11289}}, {"service": {"name": "Provider Initiated Counselling and Testing"}, "facility": {"code": 11289}}, {"service": {"name": "Voluntary Counselling and Testing"}, "facility": {"code": 11289}}, {"service": {"name": "Management of STIs"}, "facility": {"code": 11289}}, {"service": {"name": "Condom Promotion and Distribution"}, "facility": {"code": 11289}}, {"service": {"name": "Nutrition Services"}, "facility": {"code": 15151}}, {"service": {"name": "Emergency Preparedness"}, "facility": {"code": 15151}}, {"service": {"name": "Environmental Health Services"}, "facility": {"code": 15151}}, {"service": {"name": "Surgical Services"}, "facility": {"code": 15151}}, {"service": {"name": "Maternity Services"}, "facility": {"code": 15151}}, {"service": {"name": "Emergency Preparedness"}, "facility": {"code": 14985}}, {"service": {"name": "Environmental Health Services"}, "facility": {"code": 14985}}, {"service": {"name": "Long Term FP"}, "facility": {"code": 14985}}, {"service": {"name": "Nutrition Services"}, "facility": {"code": 15337}}, {"service": {"name": "Emergency Preparedness"}, "facility": {"code": 15337}}, {"service": {"name": "Emergency Preparedness"}, "facility": {"code": 14835}}, {"service": {"name": "Nutrition Services"}, "facility": {"code": 14835}}, {"service": {"name": "Environmental Health Services"}, "facility": {"code": 14835}}, {"service": {"name": "Surgical Services"}, "facility": {"code": 14873}}, {"service": {"name": "Post Exposure Prophylaxis"}, "facility": {"code": 14873}}, {"service": {"name": "Nutrition Services"}, "facility": {"code": 16691}}, {"service": {"name": "Emergency Preparedness"}, "facility": {"code": 17910}}, {"service": {"name": "Dental Laboratory Services"}, "facility": {"code": 17910}}, {"service": {"name": "Emergency Obstetric Care"}, "facility": {"code": 17910}}, {"service": {"name": "Environmental Health Services"}, "facility": {"code": 17910}}, {"service": {"name": "Nutrition Services"}, "facility": {"code": 17910}}, {"service": {"name": "Ambulance Sevices"}, "facility": {"code": 13232}}, {"service": {"name": "Laboratory Services"}, "facility": {"code": 17910}}, {"service": {"name": "Curative Services"}, "facility": {"code": 13232}}, {"service": {"name": "Surgical Services"}, "facility": {"code": 17910}}, {"service": {"name": "Diagnostic Counselling and Testing"}, "facility": {"code": 13232}}, {"service": {"name": "Provider Initiated Counselling and Testing"}, "facility": {"code": 13232}}, {"service": {"name": "Voluntary Counselling and Testing"}, "facility": {"code": 13232}}, {"service": {"name": "Management of STIs"}, "facility": {"code": 13232}}, {"service": {"name": "Condom Promotion and Distribution"}, "facility": {"code": 13232}}, {"service": {"name": "Maternity Services"}, "facility": {"code": 17910}}, {"service": {"name": "Curative Services"}, "facility": {"code": 17910}}, {"service": {"name": "Services for Female Genital Mutilation (FGM) Survivors"}, "facility": {"code": 17910}}, {"service": {"name": "Rehabilitative Health Services - Orthopaedic Technology"}, "facility": {"code": 17910}}, {"service": {"name": "Immunization with additional vaccines"}, "facility": {"code": 17910}}, {"service": {"name": "Basic Immunization"}, "facility": {"code": 17910}}, {"service": {"name": "Focused Antenatal Care"}, "facility": {"code": 17910}}, {"service": {"name": "Integrated Services"}, "facility": {"code": 17910}}, {"service": {"name": "Long Term FP"}, "facility": {"code": 17910}}, {"service": {"name": "Short Term FP"}, "facility": {"code": 17910}}, {"service": {"name": "PMTCT - Maternity"}, "facility": {"code": 17910}}, {"service": {"name": "PMTCT - ANC"}, "facility": {"code": 17910}}, {"service": {"name": "Diagnostic Counselling and Testing"}, "facility": {"code": 17910}}, {"service": {"name": "Provider Initiated Counselling and Testing"}, "facility": {"code": 17910}}, {"service": {"name": "Voluntary Counselling and Testing"}, "facility": {"code": 17910}}, {"service": {"name": "Management of STIs"}, "facility": {"code": 17910}}, {"service": {"name": "Condom Promotion and Distribution"}, "facility": {"code": 17910}}, {"service": {"name": "Integrated Management of Childhood Illnesses"}, "facility": {"code": 11556}}, {"service": {"name": "Curative Services"}, "facility": {"code": 11556}}, {"service": {"name": "Basic Immunization"}, "facility": {"code": 11556}}, {"service": {"name": "Oral Health Services (Dental Services)"}, "facility": {"code": 11677}}, {"service": {"name": "Emergency Obstetric Care"}, "facility": {"code": 11677}}, {"service": {"name": "Integrated Management of Childhood Illnesses"}, "facility": {"code": 11677}}, {"service": {"name": "Laboratory Services"}, "facility": {"code": 11677}}, {"service": {"name": "Surgical Services"}, "facility": {"code": 11677}}, {"service": {"name": "Maternity Services"}, "facility": {"code": 11677}}, {"service": {"name": "Curative Services"}, "facility": {"code": 11677}}, {"service": {"name": "First Line Treatment"}, "facility": {"code": 11677}}, {"service": {"name": "Smear Microscopy"}, "facility": {"code": 11677}}, {"service": {"name": "Focused Antenatal Care"}, "facility": {"code": 11677}}, {"service": {"name": "Basic Immunization"}, "facility": {"code": 11677}}, {"service": {"name": "Long Term FP"}, "facility": {"code": 11677}}, {"service": {"name": "Short Term FP"}, "facility": {"code": 11677}}, {"service": {"name": "Adult Antiretroviral Therapy"}, "facility": {"code": 11677}}, {"service": {"name": "Paediatric Antiretroviral Therapy"}, "facility": {"code": 11677}}, {"service": {"name": "Post Exposure Prophylaxis"}, "facility": {"code": 11677}}, {"service": {"name": "Voluntary Male Circumcision"}, "facility": {"code": 11677}}, {"service": {"name": "PMTCT - Maternity"}, "facility": {"code": 11677}}, {"service": {"name": "PMTCT - ANC"}, "facility": {"code": 11677}}, {"service": {"name": "Early Infant Diagnosis"}, "facility": {"code": 11677}}, {"service": {"name": "Diagnostic Counselling and Testing"}, "facility": {"code": 11677}}, {"service": {"name": "Provider Initiated Counselling and Testing"}, "facility": {"code": 11677}}, {"service": {"name": "Voluntary Counselling and Testing"}, "facility": {"code": 11677}}, {"service": {"name": "Management of STIs"}, "facility": {"code": 11677}}, {"service": {"name": "Condom Promotion and Distribution"}, "facility": {"code": 11677}}, {"service": {"name": "Integrated Management of Childhood Illnesses"}, "facility": {"code": 11973}}, {"service": {"name": "Immunization with additional vaccines"}, "facility": {"code": 11973}}, {"service": {"name": "Specialized ANC"}, "facility": {"code": 11973}}, {"service": {"name": "Diagnostic Counselling and Testing"}, "facility": {"code": 17909}}, {"service": {"name": "Emergency Obstetric Care"}, "facility": {"code": 17909}}, {"service": {"name": "Laboratory Services"}, "facility": {"code": 17909}}, {"service": {"name": "Maternity Services"}, "facility": {"code": 17909}}, {"service": {"name": "Curative Services"}, "facility": {"code": 17909}}, {"service": {"name": "Basic Immunization"}, "facility": {"code": 17909}}, {"service": {"name": "Provider Initiated Counselling and Testing"}, "facility": {"code": 17909}}, {"service": {"name": "Voluntary Counselling and Testing"}, "facility": {"code": 17909}}, {"service": {"name": "Management of STIs"}, "facility": {"code": 17909}}, {"service": {"name": "Emergency Preparedness"}, "facility": {"code": 13613}}, {"service": {"name": "Environmental Health Services"}, "facility": {"code": 13613}}, {"service": {"name": "Laboratory Services"}, "facility": {"code": 13613}}, {"service": {"name": "Maternity Services"}, "facility": {"code": 13613}}, {"service": {"name": "Curative Services"}, "facility": {"code": 13613}}, {"service": {"name": "Rehabilitative Health Services - Occupational Health"}, "facility": {"code": 13613}}, {"service": {"name": "First Line Treatment"}, "facility": {"code": 13613}}], "unique_fields": ["facility", "service"], "model": "facilities.FacilityService"}]