[{"records": [{"service": {"name": "ENT Services"}, "facility": {"code": 14261}}, {"service": {"name": "Emergency Preparedness"}, "facility": {"code": 14261}}, {"service": {"name": "Emergency Preparedness"}, "facility": {"code": 15751}}, {"service": {"name": "Emergency Preparedness"}, "facility": {"code": 15432}}, {"service": {"name": "Oral Health Services (Dental Services)"}, "facility": {"code": 15751}}, {"service": {"name": "Emergency Obstetric Care"}, "facility": {"code": 15751}}, {"service": {"name": "Emergency Obstetric Care"}, "facility": {"code": 15432}}, {"service": {"name": "Environmental Health Services"}, "facility": {"code": 15751}}, {"service": {"name": "Environmental Health Services"}, "facility": {"code": 15432}}, {"service": {"name": "Integrated Management of Childhood Illnesses"}, "facility": {"code": 15432}}, {"service": {"name": "Mental Health Services"}, "facility": {"code": 15751}}, {"service": {"name": "Curative Services"}, "facility": {"code": 15432}}, {"service": {"name": "Opthalmic Services"}, "facility": {"code": 15751}}, {"service": {"name": "Nutrition Services"}, "facility": {"code": 15751}}, {"service": {"name": "Basic Immunization"}, "facility": {"code": 15432}}, {"service": {"name": "Surgical Services"}, "facility": {"code": 15751}}, {"service": {"name": "Maternity Services"}, "facility": {"code": 15751}}, {"service": {"name": "Curative Services"}, "facility": {"code": 15751}}, {"service": {"name": "Focused Antenatal Care"}, "facility": {"code": 15432}}, {"service": {"name": "Basic Immunization"}, "facility": {"code": 15751}}, {"service": {"name": "Long Term FP"}, "facility": {"code": 15432}}, {"service": {"name": "Short Term FP"}, "facility": {"code": 15432}}, {"service": {"name": "PMTCT - ANC"}, "facility": {"code": 15432}}, {"service": {"name": "Provider Initiated Counselling and Testing"}, "facility": {"code": 15432}}, {"service": {"name": "ENT Services"}, "facility": {"code": 15568}}, {"service": {"name": "Voluntary Counselling and Testing"}, "facility": {"code": 15432}}, {"service": {"name": "Management of STIs"}, "facility": {"code": 15432}}, {"service": {"name": "Emergency Preparedness"}, "facility": {"code": 15568}}, {"service": {"name": "Condom Promotion and Distribution"}, "facility": {"code": 15432}}, {"service": {"name": "Emergency Obstetric Care"}, "facility": {"code": 15568}}, {"service": {"name": "Nutrition Services"}, "facility": {"code": 15568}}, {"service": {"name": "Environmental Health Services"}, "facility": {"code": 15568}}, {"service": {"name": "Ambulance Sevices"}, "facility": {"code": 15568}}, {"service": {"name": "Laboratory Services"}, "facility": {"code": 15568}}, {"service": {"name": "Maternity Services"}, "facility": {"code": 15568}}, {"service": {"name": "Curative Services"}, "facility": {"code": 15568}}, {"service": {"name": "First Line Treatment"}, "facility": {"code": 15568}}, {"service": {"name": "Smear Microscopy"}, "facility": {"code": 15568}}, {"service": {"name": "Basic Immunization"}, "facility": {"code": 15568}}, {"service": {"name": "Focused Antenatal Care"}, "facility": {"code": 15568}}, {"service": {"name": "Adult Antiretroviral Therapy"}, "facility": {"code": 15568}}, {"service": {"name": "Provider Initiated Counselling and Testing"}, "facility": {"code": 15568}}, {"service": {"name": "Diagnostic Counselling and Testing"}, "facility": {"code": 15568}}, {"service": {"name": "Long Term FP"}, "facility": {"code": 15568}}, {"service": {"name": "Short Term FP"}, "facility": {"code": 15568}}, {"service": {"name": "PMTCT - ANC"}, "facility": {"code": 15568}}, {"service": {"name": "Management of STIs"}, "facility": {"code": 15568}}, {"service": {"name": "Condom Promotion and Distribution"}, "facility": {"code": 15568}}, {"service": {"name": "Emergency Preparedness"}, "facility": {"code": 15719}}, {"service": {"name": "Dental Laboratory Services"}, "facility": {"code": 15719}}, {"service": {"name": "Environmental Health Services"}, "facility": {"code": 15719}}, {"service": {"name": "Rehabilitative Health Services - Physiotherapy"}, "facility": {"code": 15719}}, {"service": {"name": "Services for Sexual Violence Survivors"}, "facility": {"code": 15719}}, {"service": {"name": "Mental Health Services"}, "facility": {"code": 15719}}, {"service": {"name": "Opthalmic Services"}, "facility": {"code": 15719}}, {"service": {"name": "Nutrition Services"}, "facility": {"code": 15719}}, {"service": {"name": "Integrated Management of Childhood Illnesses"}, "facility": {"code": 15719}}, {"service": {"name": "Ambulance Sevices"}, "facility": {"code": 15719}}, {"service": {"name": "Laboratory Services"}, "facility": {"code": 15719}}, {"service": {"name": "Radiology Services"}, "facility": {"code": 15719}}, {"service": {"name": "Surgical Services"}, "facility": {"code": 15719}}, {"service": {"name": "Maternity Services"}, "facility": {"code": 15719}}, {"service": {"name": "Curative Services"}, "facility": {"code": 15719}}, {"service": {"name": "Services for Female Genital Mutilation (FGM) Survivors"}, "facility": {"code": 15719}}, {"service": {"name": "Emergency Preparedness"}, "facility": {"code": 15385}}, {"service": {"name": "Emergency Obstetric Care"}, "facility": {"code": 15385}}, {"service": {"name": "Facility Based Blood Transfusion Service"}, "facility": {"code": 15719}}, {"service": {"name": "Facility Based Blood Collection Service"}, "facility": {"code": 15719}}, {"service": {"name": "Rehabilitative Health Services - Orthopaedic Technology"}, "facility": {"code": 15719}}, {"service": {"name": "Environmental Health Services"}, "facility": {"code": 15385}}, {"service": {"name": "Laboratory Services"}, "facility": {"code": 15385}}, {"service": {"name": "Home Based Care"}, "facility": {"code": 15719}}, {"service": {"name": "Long Term FP"}, "facility": {"code": 15719}}, {"service": {"name": "Curative Services"}, "facility": {"code": 15385}}, {"service": {"name": "Permanent FP"}, "facility": {"code": 15719}}, {"service": {"name": "Specialized ANC"}, "facility": {"code": 15719}}, {"service": {"name": "First Line Treatment"}, "facility": {"code": 15385}}, {"service": {"name": "Stand Alone Services"}, "facility": {"code": 15719}}, {"service": {"name": "Tuberculosis Culture"}, "facility": {"code": 15385}}, {"service": {"name": "Smear Microscopy"}, "facility": {"code": 15385}}, {"service": {"name": "Voluntary Male Circumcision"}, "facility": {"code": 15719}}, {"service": {"name": "Basic Immunization"}, "facility": {"code": 15385}}, {"service": {"name": "Focused Antenatal Care"}, "facility": {"code": 15385}}, {"service": {"name": "Long Term FP"}, "facility": {"code": 15385}}, {"service": {"name": "Short Term FP"}, "facility": {"code": 15385}}, {"service": {"name": "Diagnostic Counselling and Testing"}, "facility": {"code": 15385}}, {"service": {"name": "PMTCT - ANC"}, "facility": {"code": 15385}}, {"service": {"name": "Provider Initiated Counselling and Testing"}, "facility": {"code": 15385}}, {"service": {"name": "Management of STIs"}, "facility": {"code": 15385}}, {"service": {"name": "Condom Promotion and Distribution"}, "facility": {"code": 15385}}, {"service": {"name": "Emergency Preparedness"}, "facility": {"code": 15372}}, {"service": {"name": "Environmental Health Services"}, "facility": {"code": 15372}}, {"service": {"name": "Emergency Obstetric Care"}, "facility": {"code": 15372}}, {"service": {"name": "Integrated Management of Childhood Illnesses"}, "facility": {"code": 15372}}, {"service": {"name": "ENT Services"}, "facility": {"code": 15714}}, {"service": {"name": "Laboratory Services"}, "facility": {"code": 15372}}, {"service": {"name": "Oral Health Services (Dental Services)"}, "facility": {"code": 15714}}, {"service": {"name": "Emergency Obstetric Care"}, "facility": {"code": 15714}}, {"service": {"name": "Curative Services"}, "facility": {"code": 15372}}, {"service": {"name": "Environmental Health Services"}, "facility": {"code": 15714}}, {"service": {"name": "Mental Health Services"}, "facility": {"code": 15714}}, {"service": {"name": "First Line Treatment"}, "facility": {"code": 15372}}, {"service": {"name": "Opthalmic Services"}, "facility": {"code": 15714}}, {"service": {"name": "Nutrition Services"}, "facility": {"code": 15714}}, {"service": {"name": "Tuberculosis Culture"}, "facility": {"code": 15372}}, {"service": {"name": "Integrated Management of Childhood Illnesses"}, "facility": {"code": 15714}}, {"service": {"name": "Smear Microscopy"}, "facility": {"code": 15372}}, {"service": {"name": "Basic Immunization"}, "facility": {"code": 15372}}, {"service": {"name": "Surgical Services"}, "facility": {"code": 15714}}, {"service": {"name": "Focused Antenatal Care"}, "facility": {"code": 15372}}, {"service": {"name": "Maternity Services"}, "facility": {"code": 15714}}, {"service": {"name": "Short Term FP"}, "facility": {"code": 15372}}, {"service": {"name": "Curative Services"}, "facility": {"code": 15714}}, {"service": {"name": "PMTCT - ANC"}, "facility": {"code": 15372}}, {"service": {"name": "Diagnostic Counselling and Testing"}, "facility": {"code": 15372}}, {"service": {"name": "Provider Initiated Counselling and Testing"}, "facility": {"code": 15372}}, {"service": {"name": "Management of STIs"}, "facility": {"code": 15372}}, {"service": {"name": "Condom Promotion and Distribution"}, "facility": {"code": 15372}}, {"service": {"name": "Emergency Preparedness"}, "facility": {"code": 15770}}, {"service": {"name": "Emergency Obstetric Care"}, "facility": {"code": 15770}}, {"service": {"name": "Nutrition Services"}, "facility": {"code": 15770}}, {"service": {"name": "Laboratory Services"}, "facility": {"code": 15770}}, {"service": {"name": "Dental Laboratory Services"}, "facility": {"code": 14178}}, {"service": {"name": "Maternity Services"}, "facility": {"code": 15770}}, {"service": {"name": "Curative Services"}, "facility": {"code": 15770}}, {"service": {"name": "Basic Immunization"}, "facility": {"code": 15770}}, {"service": {"name": "Focused Antenatal Care"}, "facility": {"code": 15770}}, {"service": {"name": "Short Term FP"}, "facility": {"code": 15770}}, {"service": {"name": "Post Exposure Prophylaxis"}, "facility": {"code": 15770}}, {"service": {"name": "PMTCT - Maternity"}, "facility": {"code": 15770}}, {"service": {"name": "PMTCT - ANC"}, "facility": {"code": 15770}}, {"service": {"name": "Provider Initiated Counselling and Testing"}, "facility": {"code": 15770}}, {"service": {"name": "Voluntary Counselling and Testing"}, "facility": {"code": 15770}}, {"service": {"name": "Mortuary Services"}, "facility": {"code": 14178}}, {"service": {"name": "Management of STIs"}, "facility": {"code": 15770}}, {"service": {"name": "Condom Promotion and Distribution"}, "facility": {"code": 15770}}, {"service": {"name": "Services for Female Genital Mutilation (FGM) Survivors"}, "facility": {"code": 14178}}, {"service": {"name": "Emergency Obstetric Care"}, "facility": {"code": 14633}}, {"service": {"name": "Environmental Health Services"}, "facility": {"code": 14633}}, {"service": {"name": "Nutrition Services"}, "facility": {"code": 14633}}, {"service": {"name": "Curative Services"}, "facility": {"code": 14633}}, {"service": {"name": "First Line Treatment"}, "facility": {"code": 14633}}, {"service": {"name": "Smear Microscopy"}, "facility": {"code": 14633}}, {"service": {"name": "Specialized ANC"}, "facility": {"code": 14178}}, {"service": {"name": "ENT Services"}, "facility": {"code": 17093}}, {"service": {"name": "Dental Laboratory Services"}, "facility": {"code": 17093}}, {"service": {"name": "Emergency Preparedness"}, "facility": {"code": 17093}}, {"service": {"name": "Oral Health Services (Dental Services)"}, "facility": {"code": 17093}}, {"service": {"name": "Emergency Obstetric Care"}, "facility": {"code": 17093}}, {"service": {"name": "Environmental Health Services"}, "facility": {"code": 17093}}, {"service": {"name": "Mental Health Services"}, "facility": {"code": 17093}}, {"service": {"name": "Opthalmic Services"}, "facility": {"code": 17093}}, {"service": {"name": "Nutrition Services"}, "facility": {"code": 17093}}, {"service": {"name": "Basic Immunization"}, "facility": {"code": 14633}}, {"service": {"name": "Surgical Services"}, "facility": {"code": 17093}}, {"service": {"name": "Focused Antenatal Care"}, "facility": {"code": 14633}}, {"service": {"name": "Maternity Services"}, "facility": {"code": 17093}}, {"service": {"name": "Short Term FP"}, "facility": {"code": 14633}}, {"service": {"name": "Curative Services"}, "facility": {"code": 17093}}, {"service": {"name": "Basic Immunization"}, "facility": {"code": 17093}}, {"service": {"name": "Focused Antenatal Care"}, "facility": {"code": 17093}}, {"service": {"name": "Adult Antiretroviral Therapy"}, "facility": {"code": 14633}}, {"service": {"name": "PMTCT - Maternity"}, "facility": {"code": 17093}}, {"service": {"name": "PMTCT - ANC"}, "facility": {"code": 17093}}, {"service": {"name": "PMTCT - ANC"}, "facility": {"code": 14633}}, {"service": {"name": "Management of STIs"}, "facility": {"code": 17093}}, {"service": {"name": "Provider Initiated Counselling and Testing"}, "facility": {"code": 14633}}, {"service": {"name": "Condom Promotion and Distribution"}, "facility": {"code": 17093}}, {"service": {"name": "Management of STIs"}, "facility": {"code": 14633}}, {"service": {"name": "Condom Promotion and Distribution"}, "facility": {"code": 14633}}, {"service": {"name": "Emergency Preparedness"}, "facility": {"code": 15256}}, {"service": {"name": "Environmental Health Services"}, "facility": {"code": 15256}}, {"service": {"name": "Curative Services"}, "facility": {"code": 15256}}, {"service": {"name": "Short Term FP"}, "facility": {"code": 15256}}, {"service": {"name": "PMTCT - ANC"}, "facility": {"code": 15256}}, {"service": {"name": "Management of STIs"}, "facility": {"code": 15256}}, {"service": {"name": "Condom Promotion and Distribution"}, "facility": {"code": 15256}}, {"service": {"name": "Emergency Preparedness"}, "facility": {"code": 15787}}, {"service": {"name": "Emergency Obstetric Care"}, "facility": {"code": 15787}}, {"service": {"name": "Nutrition Services"}, "facility": {"code": 15787}}, {"service": {"name": "Laboratory Services"}, "facility": {"code": 15787}}, {"service": {"name": "Maternity Services"}, "facility": {"code": 15787}}, {"service": {"name": "Curative Services"}, "facility": {"code": 15787}}, {"service": {"name": "Basic Immunization"}, "facility": {"code": 15787}}, {"service": {"name": "Focused Antenatal Care"}, "facility": {"code": 15787}}, {"service": {"name": "Long Term FP"}, "facility": {"code": 15787}}, {"service": {"name": "Short Term FP"}, "facility": {"code": 15787}}, {"service": {"name": "Post Exposure Prophylaxis"}, "facility": {"code": 15787}}, {"service": {"name": "PMTCT - Maternity"}, "facility": {"code": 15787}}, {"service": {"name": "PMTCT - ANC"}, "facility": {"code": 15787}}, {"service": {"name": "Provider Initiated Counselling and Testing"}, "facility": {"code": 15787}}, {"service": {"name": "Voluntary Counselling and Testing"}, "facility": {"code": 15787}}, {"service": {"name": "Management of STIs"}, "facility": {"code": 15787}}, {"service": {"name": "Condom Promotion and Distribution"}, "facility": {"code": 15787}}, {"service": {"name": "Emergency Preparedness"}, "facility": {"code": 15587}}, {"service": {"name": "Oral Health Services (Dental Services)"}, "facility": {"code": 15587}}, {"service": {"name": "Emergency Obstetric Care"}, "facility": {"code": 15587}}, {"service": {"name": "Environmental Health Services"}, "facility": {"code": 15587}}, {"service": {"name": "Mental Health Services"}, "facility": {"code": 15587}}, {"service": {"name": "Opthalmic Services"}, "facility": {"code": 15587}}, {"service": {"name": "Nutrition Services"}, "facility": {"code": 15587}}, {"service": {"name": "Integrated Management of Childhood Illnesses"}, "facility": {"code": 15587}}, {"service": {"name": "Ambulance Sevices"}, "facility": {"code": 15587}}, {"service": {"name": "Laboratory Services"}, "facility": {"code": 15587}}, {"service": {"name": "Surgical Services"}, "facility": {"code": 15587}}, {"service": {"name": "Maternity Services"}, "facility": {"code": 15587}}, {"service": {"name": "Curative Services"}, "facility": {"code": 15587}}, {"service": {"name": "First Line Treatment"}, "facility": {"code": 15587}}, {"service": {"name": "Smear Microscopy"}, "facility": {"code": 15587}}, {"service": {"name": "Port Immunization Services"}, "facility": {"code": 15587}}, {"service": {"name": "Adult Antiretroviral Therapy"}, "facility": {"code": 15587}}, {"service": {"name": "Paediatric Antiretroviral Therapy"}, "facility": {"code": 15587}}, {"service": {"name": "Emergency Preparedness"}, "facility": {"code": 14831}}, {"service": {"name": "ENT Services"}, "facility": {"code": 14831}}, {"service": {"name": "Oral Health Services (Dental Services)"}, "facility": {"code": 14831}}, {"service": {"name": "Dental Laboratory Services"}, "facility": {"code": 14831}}, {"service": {"name": "Emergency Obstetric Care"}, "facility": {"code": 14831}}, {"service": {"name": "Environmental Health Services"}, "facility": {"code": 14831}}, {"service": {"name": "Rehabilitative Health Services - Physiotherapy"}, "facility": {"code": 14831}}, {"service": {"name": "Services for Sexual Violence Survivors"}, "facility": {"code": 14831}}, {"service": {"name": "Mental Health Services"}, "facility": {"code": 14831}}, {"service": {"name": "Opthalmic Services"}, "facility": {"code": 14831}}, {"service": {"name": "Nutrition Services"}, "facility": {"code": 14831}}, {"service": {"name": "Integrated Management of Childhood Illnesses"}, "facility": {"code": 14831}}, {"service": {"name": "Ambulance Sevices"}, "facility": {"code": 14831}}, {"service": {"name": "Emergency Preparedness"}, "facility": {"code": 15652}}, {"service": {"name": "Laboratory Services"}, "facility": {"code": 14831}}, {"service": {"name": "Radiology Services"}, "facility": {"code": 14831}}, {"service": {"name": "Surgical Services"}, "facility": {"code": 14831}}, {"service": {"name": "Emergency Obstetric Care"}, "facility": {"code": 15652}}, {"service": {"name": "Maternity Services"}, "facility": {"code": 14831}}, {"service": {"name": "Nutrition Services"}, "facility": {"code": 15652}}, {"service": {"name": "Curative Services"}, "facility": {"code": 14831}}, {"service": {"name": "Integrated Management of Childhood Illnesses"}, "facility": {"code": 15652}}, {"service": {"name": "Laboratory Services"}, "facility": {"code": 15652}}, {"service": {"name": "Maternity Services"}, "facility": {"code": 15652}}, {"service": {"name": "Curative Services"}, "facility": {"code": 15652}}, {"service": {"name": "Mortuary Services"}, "facility": {"code": 14831}}, {"service": {"name": "Basic Immunization"}, "facility": {"code": 15652}}, {"service": {"name": "Focused Antenatal Care"}, "facility": {"code": 15652}}, {"service": {"name": "Facility Based Blood Transfusion Service"}, "facility": {"code": 14831}}, {"service": {"name": "Facility Based Blood Collection Service"}, "facility": {"code": 14831}}, {"service": {"name": "Post Exposure Prophylaxis"}, "facility": {"code": 15652}}, {"service": {"name": "Early Infant Diagnosis"}, "facility": {"code": 15652}}, {"service": {"name": "Rehabilitative Health Services - Occupational Health"}, "facility": {"code": 14831}}, {"service": {"name": "PMTCT - ANC"}, "facility": {"code": 15652}}, {"service": {"name": "Rehabilitative Health Services - Orthopaedic Technology"}, "facility": {"code": 14831}}, {"service": {"name": "Diagnostic Counselling and Testing"}, "facility": {"code": 15652}}, {"service": {"name": "Provider Initiated Counselling and Testing"}, "facility": {"code": 15652}}, {"service": {"name": "Voluntary Counselling and Testing"}, "facility": {"code": 15652}}, {"service": {"name": "Management of STIs"}, "facility": {"code": 15652}}, {"service": {"name": "Emergency Preparedness"}, "facility": {"code": 15200}}, {"service": {"name": "Emergency Obstetric Care"}, "facility": {"code": 15200}}, {"service": {"name": "Immunization with additional vaccines"}, "facility": {"code": 14831}}, {"service": {"name": "Basic Immunization"}, "facility": {"code": 14831}}, {"service": {"name": "First Line Treatment"}, "facility": {"code": 15200}}, {"service": {"name": "Tuberculosis Culture"}, "facility": {"code": 15200}}, {"service": {"name": "Smear Microscopy"}, "facility": {"code": 15200}}, {"service": {"name": "Focused Antenatal Care"}, "facility": {"code": 14831}}, {"service": {"name": "Basic Immunization"}, "facility": {"code": 15200}}, {"service": {"name": "Focused Antenatal Care"}, "facility": {"code": 15200}}, {"service": {"name": "Specialized ANC"}, "facility": {"code": 14831}}, {"service": {"name": "Integrated Services"}, "facility": {"code": 15200}}, {"service": {"name": "Long Term FP"}, "facility": {"code": 15200}}, {"service": {"name": "Long Term FP"}, "facility": {"code": 14831}}, {"service": {"name": "Short Term FP"}, "facility": {"code": 15200}}, {"service": {"name": "Home Based Care"}, "facility": {"code": 15200}}, {"service": {"name": "Adult Antiretroviral Therapy"}, "facility": {"code": 15200}}, {"service": {"name": "Paediatric Antiretroviral Therapy"}, "facility": {"code": 14831}}, {"service": {"name": "Paediatric Antiretroviral Therapy"}, "facility": {"code": 15200}}, {"service": {"name": "Provider Initiated Counselling and Testing"}, "facility": {"code": 14831}}, {"service": {"name": "Post Exposure Prophylaxis"}, "facility": {"code": 15200}}, {"service": {"name": "PMTCT - Maternity"}, "facility": {"code": 15200}}, {"service": {"name": "Integrated Services"}, "facility": {"code": 14831}}, {"service": {"name": "First Line Treatment"}, "facility": {"code": 14831}}, {"service": {"name": "PMTCT - ANC"}, "facility": {"code": 15200}}, {"service": {"name": "Early Infant Diagnosis"}, "facility": {"code": 15200}}, {"service": {"name": "Diagnostic Counselling and Testing"}, "facility": {"code": 15200}}, {"service": {"name": "MDRTB Treatment"}, "facility": {"code": 14831}}, {"service": {"name": "Provider Initiated Counselling and Testing"}, "facility": {"code": 15200}}, {"service": {"name": "Tuberculosis Culture"}, "facility": {"code": 14831}}, {"service": {"name": "Smear Microscopy"}, "facility": {"code": 14831}}, {"service": {"name": "Voluntary Counselling and Testing"}, "facility": {"code": 15200}}, {"service": {"name": "Port Immunization Services"}, "facility": {"code": 14831}}, {"service": {"name": "Permanent FP"}, "facility": {"code": 14831}}, {"service": {"name": "Management of STIs"}, "facility": {"code": 15200}}, {"service": {"name": "Short Term FP"}, "facility": {"code": 14831}}, {"service": {"name": "Condom Promotion and Distribution"}, "facility": {"code": 15200}}, {"service": {"name": "Home Based Care"}, "facility": {"code": 14831}}, {"service": {"name": "Adult Antiretroviral Therapy"}, "facility": {"code": 14831}}, {"service": {"name": "Post Exposure Prophylaxis"}, "facility": {"code": 14831}}, {"service": {"name": "Voluntary Male Circumcision"}, "facility": {"code": 14831}}, {"service": {"name": "PMTCT - Maternity"}, "facility": {"code": 14831}}, {"service": {"name": "PMTCT - ANC"}, "facility": {"code": 14831}}, {"service": {"name": "Early Infant Diagnosis"}, "facility": {"code": 14831}}, {"service": {"name": "PMTCT - Maternity"}, "facility": {"code": 15583}}, {"service": {"name": "Diagnostic Counselling and Testing"}, "facility": {"code": 14831}}, {"service": {"name": "Voluntary Counselling and Testing"}, "facility": {"code": 14831}}, {"service": {"name": "Management of STIs"}, "facility": {"code": 14831}}, {"service": {"name": "Condom Promotion and Distribution"}, "facility": {"code": 14831}}, {"service": {"name": "Environmental Health Services"}, "facility": {"code": 15199}}, {"service": {"name": "Emergency Obstetric Care"}, "facility": {"code": 15199}}, {"service": {"name": "Integrated Management of Childhood Illnesses"}, "facility": {"code": 15199}}, {"service": {"name": "Curative Services"}, "facility": {"code": 15199}}, {"service": {"name": "Basic Immunization"}, "facility": {"code": 15199}}, {"service": {"name": "Focused Antenatal Care"}, "facility": {"code": 15199}}, {"service": {"name": "Short Term FP"}, "facility": {"code": 15199}}, {"service": {"name": "PMTCT - ANC"}, "facility": {"code": 15199}}, {"service": {"name": "Voluntary Counselling and Testing"}, "facility": {"code": 15199}}, {"service": {"name": "Provider Initiated Counselling and Testing"}, "facility": {"code": 15199}}, {"service": {"name": "Management of STIs"}, "facility": {"code": 15199}}, {"service": {"name": "Condom Promotion and Distribution"}, "facility": {"code": 15199}}, {"service": {"name": "Emergency Preparedness"}, "facility": {"code": 15572}}, {"service": {"name": "Emergency Obstetric Care"}, "facility": {"code": 15572}}, {"service": {"name": "Nutrition Services"}, "facility": {"code": 15572}}, {"service": {"name": "Curative Services"}, "facility": {"code": 15572}}, {"service": {"name": "Basic Immunization"}, "facility": {"code": 15572}}, {"service": {"name": "Focused Antenatal Care"}, "facility": {"code": 15572}}, {"service": {"name": "Short Term FP"}, "facility": {"code": 15572}}, {"service": {"name": "Post Exposure Prophylaxis"}, "facility": {"code": 15572}}, {"service": {"name": "PMTCT - ANC"}, "facility": {"code": 15572}}, {"service": {"name": "Voluntary Counselling and Testing"}, "facility": {"code": 15572}}, {"service": {"name": "Management of STIs"}, "facility": {"code": 15572}}, {"service": {"name": "Condom Promotion and Distribution"}, "facility": {"code": 15572}}, {"service": {"name": "Maternity Services"}, "facility": {"code": 15713}}, {"service": {"name": "Environmental Health Services"}, "facility": {"code": 15165}}, {"service": {"name": "Integrated Management of Childhood Illnesses"}, "facility": {"code": 15165}}, {"service": {"name": "Curative Services"}, "facility": {"code": 15165}}, {"service": {"name": "First Line Treatment"}, "facility": {"code": 15165}}, {"service": {"name": "Curative Services"}, "facility": {"code": 14396}}, {"service": {"name": "Tuberculosis Culture"}, "facility": {"code": 15165}}, {"service": {"name": "Smear Microscopy"}, "facility": {"code": 15165}}, {"service": {"name": "Basic Immunization"}, "facility": {"code": 15165}}, {"service": {"name": "Focused Antenatal Care"}, "facility": {"code": 15165}}, {"service": {"name": "Short Term FP"}, "facility": {"code": 15165}}, {"service": {"name": "PMTCT - ANC"}, "facility": {"code": 15165}}, {"service": {"name": "Provider Initiated Counselling and Testing"}, "facility": {"code": 15165}}, {"service": {"name": "Management of STIs"}, "facility": {"code": 15165}}, {"service": {"name": "Condom Promotion and Distribution"}, "facility": {"code": 15165}}, {"service": {"name": "Emergency Obstetric Care"}, "facility": {"code": 15550}}, {"service": {"name": "Environmental Health Services"}, "facility": {"code": 15550}}, {"service": {"name": "Nutrition Services"}, "facility": {"code": 15550}}, {"service": {"name": "Curative Services"}, "facility": {"code": 15550}}, {"service": {"name": "Basic Immunization"}, "facility": {"code": 15550}}, {"service": {"name": "Emergency Preparedness"}, "facility": {"code": 15441}}, {"service": {"name": "Short Term FP"}, "facility": {"code": 15550}}, {"service": {"name": "Emergency Obstetric Care"}, "facility": {"code": 15441}}, {"service": {"name": "Nutrition Services"}, "facility": {"code": 15441}}, {"service": {"name": "Laboratory Services"}, "facility": {"code": 15441}}, {"service": {"name": "Maternity Services"}, "facility": {"code": 15441}}, {"service": {"name": "PMTCT - ANC"}, "facility": {"code": 15550}}, {"service": {"name": "Curative Services"}, "facility": {"code": 15441}}, {"service": {"name": "Focused Antenatal Care"}, "facility": {"code": 15441}}, {"service": {"name": "Basic Immunization"}, "facility": {"code": 15441}}, {"service": {"name": "Short Term FP"}, "facility": {"code": 15441}}, {"service": {"name": "Post Exposure Prophylaxis"}, "facility": {"code": 15441}}, {"service": {"name": "PMTCT - ANC"}, "facility": {"code": 15441}}, {"service": {"name": "Provider Initiated Counselling and Testing"}, "facility": {"code": 15550}}, {"service": {"name": "Provider Initiated Counselling and Testing"}, "facility": {"code": 15441}}, {"service": {"name": "Voluntary Counselling and Testing"}, "facility": {"code": 15441}}, {"service": {"name": "Management of STIs"}, "facility": {"code": 15441}}, {"service": {"name": "Condom Promotion and Distribution"}, "facility": {"code": 15441}}, {"service": {"name": "Management of STIs"}, "facility": {"code": 15550}}, {"service": {"name": "Condom Promotion and Distribution"}, "facility": {"code": 15550}}, {"service": {"name": "Emergency Preparedness"}, "facility": {"code": 15119}}, {"service": {"name": "Surgical Services"}, "facility": {"code": 14396}}, {"service": {"name": "Emergency Obstetric Care"}, "facility": {"code": 15119}}, {"service": {"name": "Environmental Health Services"}, "facility": {"code": 15119}}, {"service": {"name": "Curative Services"}, "facility": {"code": 15119}}, {"service": {"name": "Integrated Management of Childhood Illnesses"}, "facility": {"code": 15119}}, {"service": {"name": "First Line Treatment"}, "facility": {"code": 15119}}, {"service": {"name": "Tuberculosis Culture"}, "facility": {"code": 15119}}, {"service": {"name": "Smear Microscopy"}, "facility": {"code": 15119}}, {"service": {"name": "Basic Immunization"}, "facility": {"code": 15119}}, {"service": {"name": "Focused Antenatal Care"}, "facility": {"code": 15119}}, {"service": {"name": "Long Term FP"}, "facility": {"code": 15119}}, {"service": {"name": "Short Term FP"}, "facility": {"code": 15119}}, {"service": {"name": "PMTCT - ANC"}, "facility": {"code": 15119}}, {"service": {"name": "Provider Initiated Counselling and Testing"}, "facility": {"code": 15119}}, {"service": {"name": "Management of STIs"}, "facility": {"code": 15119}}, {"service": {"name": "Condom Promotion and Distribution"}, "facility": {"code": 15119}}, {"service": {"name": "Emergency Preparedness"}, "facility": {"code": 15210}}, {"service": {"name": "Emergency Obstetric Care"}, "facility": {"code": 15210}}, {"service": {"name": "Management of STIs"}, "facility": {"code": 12204}}, {"service": {"name": "Condom Promotion and Distribution"}, "facility": {"code": 12204}}, {"service": {"name": "Curative Services"}, "facility": {"code": 15210}}, {"service": {"name": "Short Term FP"}, "facility": {"code": 15210}}, {"service": {"name": "Post Exposure Prophylaxis"}, "facility": {"code": 15210}}, {"service": {"name": "Voluntary Counselling and Testing"}, "facility": {"code": 15210}}, {"service": {"name": "Management of STIs"}, "facility": {"code": 15210}}, {"service": {"name": "Condom Promotion and Distribution"}, "facility": {"code": 15210}}, {"service": {"name": "Emergency Preparedness"}, "facility": {"code": 15114}}, {"service": {"name": "Emergency Obstetric Care"}, "facility": {"code": 15114}}, {"service": {"name": "Environmental Health Services"}, "facility": {"code": 15114}}, {"service": {"name": "Integrated Management of Childhood Illnesses"}, "facility": {"code": 15114}}, {"service": {"name": "Curative Services"}, "facility": {"code": 15114}}, {"service": {"name": "Basic Immunization"}, "facility": {"code": 15114}}, {"service": {"name": "ENT Services"}, "facility": {"code": 15583}}, {"service": {"name": "Focused Antenatal Care"}, "facility": {"code": 15114}}, {"service": {"name": "Emergency Preparedness"}, "facility": {"code": 15583}}, {"service": {"name": "Oral Health Services (Dental Services)"}, "facility": {"code": 15583}}, {"service": {"name": "Emergency Obstetric Care"}, "facility": {"code": 15583}}, {"service": {"name": "Long Term FP"}, "facility": {"code": 15114}}, {"service": {"name": "Short Term FP"}, "facility": {"code": 15114}}, {"service": {"name": "Environmental Health Services"}, "facility": {"code": 15583}}, {"service": {"name": "Opthalmic Services"}, "facility": {"code": 15583}}, {"service": {"name": "PMTCT - ANC"}, "facility": {"code": 15114}}, {"service": {"name": "Mental Health Services"}, "facility": {"code": 15583}}, {"service": {"name": "Provider Initiated Counselling and Testing"}, "facility": {"code": 15114}}, {"service": {"name": "Management of STIs"}, "facility": {"code": 15114}}, {"service": {"name": "Condom Promotion and Distribution"}, "facility": {"code": 15114}}, {"service": {"name": "Nutrition Services"}, "facility": {"code": 15583}}, {"service": {"name": "Emergency Obstetric Care"}, "facility": {"code": 14396}}, {"service": {"name": "Surgical Services"}, "facility": {"code": 15583}}, {"service": {"name": "Mental Health Services"}, "facility": {"code": 14396}}, {"service": {"name": "Maternity Services"}, "facility": {"code": 15583}}, {"service": {"name": "Integrated Management of Childhood Illnesses"}, "facility": {"code": 14396}}, {"service": {"name": "Curative Services"}, "facility": {"code": 15583}}, {"service": {"name": "Nutrition Services"}, "facility": {"code": 14396}}, {"service": {"name": "Focused Antenatal Care"}, "facility": {"code": 16286}}, {"service": {"name": "Short Term FP"}, "facility": {"code": 16286}}, {"service": {"name": "Basic Immunization"}, "facility": {"code": 15583}}, {"service": {"name": "Focused Antenatal Care"}, "facility": {"code": 15583}}, {"service": {"name": "Short Term FP"}, "facility": {"code": 15583}}, {"service": {"name": "Basic Immunization"}, "facility": {"code": 14396}}, {"service": {"name": "Short Term FP"}, "facility": {"code": 14396}}, {"service": {"name": "PMTCT - ANC"}, "facility": {"code": 15583}}, {"service": {"name": "Condom Promotion and Distribution"}, "facility": {"code": 15583}}, {"service": {"name": "PMTCT - ANC"}, "facility": {"code": 14396}}, {"service": {"name": "Early Infant Diagnosis"}, "facility": {"code": 14396}}, {"service": {"name": "Diagnostic Counselling and Testing"}, "facility": {"code": 14396}}, {"service": {"name": "Provider Initiated Counselling and Testing"}, "facility": {"code": 14396}}, {"service": {"name": "Management of STIs"}, "facility": {"code": 14396}}, {"service": {"name": "Condom Promotion and Distribution"}, "facility": {"code": 14396}}, {"service": {"name": "Laboratory Services"}, "facility": {"code": 17821}}, {"service": {"name": "Curative Services"}, "facility": {"code": 17821}}, {"service": {"name": "Immunization with additional vaccines"}, "facility": {"code": 17821}}, {"service": {"name": "Basic Immunization"}, "facility": {"code": 17821}}, {"service": {"name": "Focused Antenatal Care"}, "facility": {"code": 17821}}, {"service": {"name": "Long Term FP"}, "facility": {"code": 17821}}, {"service": {"name": "Short Term FP"}, "facility": {"code": 17821}}, {"service": {"name": "Curative Services"}, "facility": {"code": 15184}}, {"service": {"name": "Home Based Care"}, "facility": {"code": 17821}}, {"service": {"name": "PMTCT - ANC"}, "facility": {"code": 17821}}, {"service": {"name": "Provider Initiated Counselling and Testing"}, "facility": {"code": 17821}}, {"service": {"name": "Emergency Preparedness"}, "facility": {"code": 15027}}, {"service": {"name": "Emergency Obstetric Care"}, "facility": {"code": 15027}}, {"service": {"name": "Management of STIs"}, "facility": {"code": 17821}}, {"service": {"name": "Environmental Health Services"}, "facility": {"code": 15027}}, {"service": {"name": "Integrated Management of Childhood Illnesses"}, "facility": {"code": 15027}}, {"service": {"name": "Condom Promotion and Distribution"}, "facility": {"code": 17821}}, {"service": {"name": "Curative Services"}, "facility": {"code": 15027}}, {"service": {"name": "Basic Immunization"}, "facility": {"code": 15027}}, {"service": {"name": "Long Term FP"}, "facility": {"code": 15027}}, {"service": {"name": "Short Term FP"}, "facility": {"code": 15027}}, {"service": {"name": "PMTCT - ANC"}, "facility": {"code": 15027}}, {"service": {"name": "Provider Initiated Counselling and Testing"}, "facility": {"code": 15027}}, {"service": {"name": "Emergency Preparedness"}, "facility": {"code": 15570}}, {"service": {"name": "Management of STIs"}, "facility": {"code": 15027}}, {"service": {"name": "Oral Health Services (Dental Services)"}, "facility": {"code": 15570}}, {"service": {"name": "Condom Promotion and Distribution"}, "facility": {"code": 15027}}, {"service": {"name": "Emergency Obstetric Care"}, "facility": {"code": 15570}}, {"service": {"name": "Environmental Health Services"}, "facility": {"code": 15570}}, {"service": {"name": "Mental Health Services"}, "facility": {"code": 15570}}, {"service": {"name": "Nutrition Services"}, "facility": {"code": 15570}}, {"service": {"name": "Emergency Obstetric Care"}, "facility": {"code": 12603}}, {"service": {"name": "Surgical Services"}, "facility": {"code": 15570}}, {"service": {"name": "Maternity Services"}, "facility": {"code": 15570}}, {"service": {"name": "Emergency Preparedness"}, "facility": {"code": 15474}}, {"service": {"name": "Curative Services"}, "facility": {"code": 15570}}, {"service": {"name": "Curative Services"}, "facility": {"code": 12603}}, {"service": {"name": "Emergency Obstetric Care"}, "facility": {"code": 15474}}, {"service": {"name": "Environmental Health Services"}, "facility": {"code": 15474}}, {"service": {"name": "First Line Treatment"}, "facility": {"code": 12603}}, {"service": {"name": "Laboratory Services"}, "facility": {"code": 15474}}, {"service": {"name": "Smear Microscopy"}, "facility": {"code": 12603}}, {"service": {"name": "Focused Antenatal Care"}, "facility": {"code": 12603}}, {"service": {"name": "Integrated Management of Childhood Illnesses"}, "facility": {"code": 15474}}, {"service": {"name": "Surgical Services"}, "facility": {"code": 15474}}, {"service": {"name": "Post Exposure Prophylaxis"}, "facility": {"code": 12603}}, {"service": {"name": "Maternity Services"}, "facility": {"code": 15474}}, {"service": {"name": "PMTCT - ANC"}, "facility": {"code": 12603}}, {"service": {"name": "Curative Services"}, "facility": {"code": 15474}}, {"service": {"name": "Condom Promotion and Distribution"}, "facility": {"code": 12603}}, {"service": {"name": "Emergency Preparedness"}, "facility": {"code": 15021}}, {"service": {"name": "Emergency Obstetric Care"}, "facility": {"code": 15021}}, {"service": {"name": "Environmental Health Services"}, "facility": {"code": 15021}}, {"service": {"name": "Basic Immunization"}, "facility": {"code": 15474}}, {"service": {"name": "Integrated Management of Childhood Illnesses"}, "facility": {"code": 15021}}, {"service": {"name": "Focused Antenatal Care"}, "facility": {"code": 15474}}, {"service": {"name": "Maternity Services"}, "facility": {"code": 15021}}, {"service": {"name": "Short Term FP"}, "facility": {"code": 15474}}, {"service": {"name": "Curative Services"}, "facility": {"code": 15021}}, {"service": {"name": "Post Exposure Prophylaxis"}, "facility": {"code": 15474}}, {"service": {"name": "Basic Immunization"}, "facility": {"code": 15021}}, {"service": {"name": "PMTCT - ANC"}, "facility": {"code": 15474}}, {"service": {"name": "Focused Antenatal Care"}, "facility": {"code": 15021}}, {"service": {"name": "Diagnostic Counselling and Testing"}, "facility": {"code": 15474}}, {"service": {"name": "Early Infant Diagnosis"}, "facility": {"code": 15474}}, {"service": {"name": "Long Term FP"}, "facility": {"code": 15021}}, {"service": {"name": "Provider Initiated Counselling and Testing"}, "facility": {"code": 15474}}, {"service": {"name": "Short Term FP"}, "facility": {"code": 15021}}, {"service": {"name": "Management of STIs"}, "facility": {"code": 15474}}, {"service": {"name": "Condom Promotion and Distribution"}, "facility": {"code": 15474}}, {"service": {"name": "PMTCT - ANC"}, "facility": {"code": 15021}}, {"service": {"name": "Provider Initiated Counselling and Testing"}, "facility": {"code": 15021}}, {"service": {"name": "Management of STIs"}, "facility": {"code": 15021}}, {"service": {"name": "Condom Promotion and Distribution"}, "facility": {"code": 15021}}, {"service": {"name": "First Line Treatment"}, "facility": {"code": 14293}}, {"service": {"name": "Emergency Preparedness"}, "facility": {"code": 15565}}, {"service": {"name": "Emergency Preparedness"}, "facility": {"code": 15184}}, {"service": {"name": "ENT Services"}, "facility": {"code": 15565}}, {"service": {"name": "Dental Laboratory Services"}, "facility": {"code": 15565}}, {"service": {"name": "Oral Health Services (Dental Services)"}, "facility": {"code": 15565}}, {"service": {"name": "Emergency Obstetric Care"}, "facility": {"code": 15565}}, {"service": {"name": "Environmental Health Services"}, "facility": {"code": 15565}}, {"service": {"name": "Mental Health Services"}, "facility": {"code": 15565}}, {"service": {"name": "Emergency Obstetric Care"}, "facility": {"code": 15184}}, {"service": {"name": "Opthalmic Services"}, "facility": {"code": 15565}}, {"service": {"name": "Nutrition Services"}, "facility": {"code": 15565}}, {"service": {"name": "Integrated Management of Childhood Illnesses"}, "facility": {"code": 15565}}, {"service": {"name": "Ambulance Sevices"}, "facility": {"code": 15565}}, {"service": {"name": "Integrated Management of Childhood Illnesses"}, "facility": {"code": 15184}}, {"service": {"name": "Laboratory Services"}, "facility": {"code": 15565}}, {"service": {"name": "Radiology Services"}, "facility": {"code": 15565}}, {"service": {"name": "Surgical Services"}, "facility": {"code": 15565}}, {"service": {"name": "Maternity Services"}, "facility": {"code": 15565}}, {"service": {"name": "Curative Services"}, "facility": {"code": 15565}}, {"service": {"name": "Emergency Obstetric Care"}, "facility": {"code": 17143}}, {"service": {"name": "Nutrition Services"}, "facility": {"code": 17143}}, {"service": {"name": "Emergency Obstetric Care"}, "facility": {"code": 14922}}, {"service": {"name": "First Line Treatment"}, "facility": {"code": 15149}}, {"service": {"name": "Environmental Health Services"}, "facility": {"code": 14447}}, {"service": {"name": "Integrated Management of Childhood Illnesses"}, "facility": {"code": 14922}}, {"service": {"name": "Curative Services"}, "facility": {"code": 14922}}, {"service": {"name": "Surgical Services"}, "facility": {"code": 14447}}, {"service": {"name": "Nutrition Services"}, "facility": {"code": 14447}}, {"service": {"name": "Basic Immunization"}, "facility": {"code": 14922}}, {"service": {"name": "Focused Antenatal Care"}, "facility": {"code": 14922}}, {"service": {"name": "Long Term FP"}, "facility": {"code": 14922}}, {"service": {"name": "Basic Immunization"}, "facility": {"code": 15184}}, {"service": {"name": "Short Term FP"}, "facility": {"code": 14922}}, {"service": {"name": "Focused Antenatal Care"}, "facility": {"code": 15184}}, {"service": {"name": "PMTCT - ANC"}, "facility": {"code": 14922}}, {"service": {"name": "Ambulance Sevices"}, "facility": {"code": 12604}}, {"service": {"name": "Integrated Management of Childhood Illnesses"}, "facility": {"code": 12604}}, {"service": {"name": "Environmental Health Services"}, "facility": {"code": 17143}}, {"service": {"name": "Management of STIs"}, "facility": {"code": 14922}}, {"service": {"name": "Short Term FP"}, "facility": {"code": 15184}}, {"service": {"name": "Condom Promotion and Distribution"}, "facility": {"code": 14922}}, {"service": {"name": "ENT Services"}, "facility": {"code": 12604}}, {"service": {"name": "Dental Laboratory Services"}, "facility": {"code": 12604}}, {"service": {"name": "Emergency Obstetric Care"}, "facility": {"code": 12604}}, {"service": {"name": "Tuberculosis Culture"}, "facility": {"code": 15565}}, {"service": {"name": "PMTCT - ANC"}, "facility": {"code": 17143}}, {"service": {"name": "Smear Microscopy"}, "facility": {"code": 15565}}, {"service": {"name": "Provider Initiated Counselling and Testing"}, "facility": {"code": 17143}}, {"service": {"name": "Basic Immunization"}, "facility": {"code": 15565}}, {"service": {"name": "Management of STIs"}, "facility": {"code": 17143}}, {"service": {"name": "Condom Promotion and Distribution"}, "facility": {"code": 17143}}, {"service": {"name": "Focused Antenatal Care"}, "facility": {"code": 15565}}, {"service": {"name": "Services for Sexual Violence Survivors"}, "facility": {"code": 12604}}, {"service": {"name": "Opthalmic Services"}, "facility": {"code": 12604}}, {"service": {"name": "Nutrition Services"}, "facility": {"code": 12604}}, {"service": {"name": "Short Term FP"}, "facility": {"code": 15565}}, {"service": {"name": "Laboratory Services"}, "facility": {"code": 12604}}, {"service": {"name": "Adult Antiretroviral Therapy"}, "facility": {"code": 15565}}, {"service": {"name": "Paediatric Antiretroviral Therapy"}, "facility": {"code": 15565}}, {"service": {"name": "Post Exposure Prophylaxis"}, "facility": {"code": 15184}}, {"service": {"name": "Maternity Services"}, "facility": {"code": 12604}}, {"service": {"name": "Post Exposure Prophylaxis"}, "facility": {"code": 15565}}, {"service": {"name": "Voluntary Male Circumcision"}, "facility": {"code": 15565}}, {"service": {"name": "PMTCT - Maternity"}, "facility": {"code": 15565}}, {"service": {"name": "Facility Based Blood Collection Service"}, "facility": {"code": 12604}}, {"service": {"name": "PMTCT - ANC"}, "facility": {"code": 15565}}, {"service": {"name": "Early Infant Diagnosis"}, "facility": {"code": 15565}}, {"service": {"name": "Diagnostic Counselling and Testing"}, "facility": {"code": 15565}}, {"service": {"name": "Provider Initiated Counselling and Testing"}, "facility": {"code": 15565}}, {"service": {"name": "Management of STIs"}, "facility": {"code": 15565}}, {"service": {"name": "Curative Services"}, "facility": {"code": 12604}}, {"service": {"name": "Facility Based Blood Transfusion Service"}, "facility": {"code": 12604}}, {"service": {"name": "Voluntary Counselling and Testing"}, "facility": {"code": 15565}}, {"service": {"name": "PMTCT - ANC"}, "facility": {"code": 15184}}, {"service": {"name": "Provider Initiated Counselling and Testing"}, "facility": {"code": 15184}}, {"service": {"name": "Basic Immunization"}, "facility": {"code": 12604}}, {"service": {"name": "Focused Antenatal Care"}, "facility": {"code": 12604}}, {"service": {"name": "Voluntary Counselling and Testing"}, "facility": {"code": 15184}}, {"service": {"name": "First Line Treatment"}, "facility": {"code": 14679}}, {"service": {"name": "Management of STIs"}, "facility": {"code": 15184}}, {"service": {"name": "Condom Promotion and Distribution"}, "facility": {"code": 15565}}, {"service": {"name": "Condom Promotion and Distribution"}, "facility": {"code": 15184}}, {"service": {"name": "Focused Antenatal Care"}, "facility": {"code": 14679}}, {"service": {"name": "MDRTB Treatment"}, "facility": {"code": 12604}}, {"service": {"name": "First Line Treatment"}, "facility": {"code": 12604}}, {"service": {"name": "Smear Microscopy"}, "facility": {"code": 12604}}, {"service": {"name": "Stand Alone Services"}, "facility": {"code": 12604}}, {"service": {"name": "Home Based Care"}, "facility": {"code": 12604}}, {"service": {"name": "Post Exposure Prophylaxis"}, "facility": {"code": 12604}}, {"service": {"name": "PMTCT - Maternity"}, "facility": {"code": 12604}}, {"service": {"name": "Early Infant Diagnosis"}, "facility": {"code": 12604}}, {"service": {"name": "Diagnostic Counselling and Testing"}, "facility": {"code": 12604}}, {"service": {"name": "Voluntary Counselling and Testing"}, "facility": {"code": 12604}}, {"service": {"name": "Condom Promotion and Distribution"}, "facility": {"code": 12604}}, {"service": {"name": "Laboratory Services"}, "facility": {"code": 15618}}, {"service": {"name": "Surgical Services"}, "facility": {"code": 15775}}, {"service": {"name": "First Line Treatment"}, "facility": {"code": 15618}}, {"service": {"name": "Smear Microscopy"}, "facility": {"code": 15618}}, {"service": {"name": "Laboratory Services"}, "facility": {"code": 15775}}, {"service": {"name": "Maternity Services"}, "facility": {"code": 15775}}, {"service": {"name": "Curative Services"}, "facility": {"code": 15775}}, {"service": {"name": "Immunization with additional vaccines"}, "facility": {"code": 15775}}, {"service": {"name": "Basic Immunization"}, "facility": {"code": 15775}}, {"service": {"name": "Focused Antenatal Care"}, "facility": {"code": 15775}}, {"service": {"name": "Long Term FP"}, "facility": {"code": 15775}}, {"service": {"name": "Short Term FP"}, "facility": {"code": 15775}}, {"service": {"name": "Post Exposure Prophylaxis"}, "facility": {"code": 15775}}, {"service": {"name": "PMTCT - Maternity"}, "facility": {"code": 15775}}, {"service": {"name": "PMTCT - ANC"}, "facility": {"code": 15775}}, {"service": {"name": "Diagnostic Counselling and Testing"}, "facility": {"code": 15775}}, {"service": {"name": "Provider Initiated Counselling and Testing"}, "facility": {"code": 15775}}, {"service": {"name": "Management of STIs"}, "facility": {"code": 15775}}, {"service": {"name": "Condom Promotion and Distribution"}, "facility": {"code": 15775}}, {"service": {"name": "Emergency Preparedness"}, "facility": {"code": 14447}}, {"service": {"name": "Emergency Obstetric Care"}, "facility": {"code": 14447}}, {"service": {"name": "Integrated Management of Childhood Illnesses"}, "facility": {"code": 14447}}, {"service": {"name": "Curative Services"}, "facility": {"code": 14447}}, {"service": {"name": "Basic Immunization"}, "facility": {"code": 14447}}, {"service": {"name": "Short Term FP"}, "facility": {"code": 14447}}, {"service": {"name": "PMTCT - ANC"}, "facility": {"code": 14447}}, {"service": {"name": "Provider Initiated Counselling and Testing"}, "facility": {"code": 14447}}, {"service": {"name": "Management of STIs"}, "facility": {"code": 14447}}, {"service": {"name": "Condom Promotion and Distribution"}, "facility": {"code": 14447}}, {"service": {"name": "Emergency Preparedness"}, "facility": {"code": 15540}}, {"service": {"name": "Oral Health Services (Dental Services)"}, "facility": {"code": 15540}}, {"service": {"name": "Emergency Obstetric Care"}, "facility": {"code": 15540}}, {"service": {"name": "Environmental Health Services"}, "facility": {"code": 15540}}, {"service": {"name": "Emergency Preparedness"}, "facility": {"code": 15334}}, {"service": {"name": "Emergency Obstetric Care"}, "facility": {"code": 15334}}, {"service": {"name": "Laboratory Services"}, "facility": {"code": 15334}}, {"service": {"name": "Curative Services"}, "facility": {"code": 15334}}, {"service": {"name": "Basic Immunization"}, "facility": {"code": 15334}}, {"service": {"name": "Focused Antenatal Care"}, "facility": {"code": 15334}}, {"service": {"name": "Mental Health Services"}, "facility": {"code": 15540}}, {"service": {"name": "Short Term FP"}, "facility": {"code": 15334}}, {"service": {"name": "Nutrition Services"}, "facility": {"code": 15540}}, {"service": {"name": "Post Exposure Prophylaxis"}, "facility": {"code": 15334}}, {"service": {"name": "Surgical Services"}, "facility": {"code": 15540}}, {"service": {"name": "PMTCT - ANC"}, "facility": {"code": 15334}}, {"service": {"name": "Maternity Services"}, "facility": {"code": 15540}}, {"service": {"name": "Voluntary Counselling and Testing"}, "facility": {"code": 15334}}, {"service": {"name": "Emergency Preparedness"}, "facility": {"code": 14758}}, {"service": {"name": "Curative Services"}, "facility": {"code": 15540}}, {"service": {"name": "Emergency Obstetric Care"}, "facility": {"code": 14758}}, {"service": {"name": "Condom Promotion and Distribution"}, "facility": {"code": 15334}}, {"service": {"name": "Management of STIs"}, "facility": {"code": 15334}}, {"service": {"name": "Integrated Management of Childhood Illnesses"}, "facility": {"code": 14758}}, {"service": {"name": "Curative Services"}, "facility": {"code": 14758}}, {"service": {"name": "First Line Treatment"}, "facility": {"code": 14758}}, {"service": {"name": "Tuberculosis Culture"}, "facility": {"code": 14758}}, {"service": {"name": "Smear Microscopy"}, "facility": {"code": 14758}}, {"service": {"name": "Basic Immunization"}, "facility": {"code": 14758}}, {"service": {"name": "Focused Antenatal Care"}, "facility": {"code": 14758}}, {"service": {"name": "Long Term FP"}, "facility": {"code": 14758}}, {"service": {"name": "Emergency Obstetric Care"}, "facility": {"code": 17137}}, {"service": {"name": "Short Term FP"}, "facility": {"code": 14758}}, {"service": {"name": "Environmental Health Services"}, "facility": {"code": 17137}}, {"service": {"name": "PMTCT - ANC"}, "facility": {"code": 14758}}, {"service": {"name": "Nutrition Services"}, "facility": {"code": 17137}}, {"service": {"name": "Provider Initiated Counselling and Testing"}, "facility": {"code": 14758}}, {"service": {"name": "Management of STIs"}, "facility": {"code": 14758}}, {"service": {"name": "Condom Promotion and Distribution"}, "facility": {"code": 14758}}, {"service": {"name": "Focused Antenatal Care"}, "facility": {"code": 17137}}, {"service": {"name": "Short Term FP"}, "facility": {"code": 17137}}, {"service": {"name": "PMTCT - ANC"}, "facility": {"code": 17137}}, {"service": {"name": "Provider Initiated Counselling and Testing"}, "facility": {"code": 17137}}, {"service": {"name": "Management of STIs"}, "facility": {"code": 17137}}, {"service": {"name": "Condom Promotion and Distribution"}, "facility": {"code": 17137}}, {"service": {"name": "Curative Services"}, "facility": {"code": 17819}}, {"service": {"name": "Basic Immunization"}, "facility": {"code": 17819}}, {"service": {"name": "Focused Antenatal Care"}, "facility": {"code": 17819}}, {"service": {"name": "Integrated Services"}, "facility": {"code": 17819}}, {"service": {"name": "Long Term FP"}, "facility": {"code": 17819}}, {"service": {"name": "Short Term FP"}, "facility": {"code": 17819}}, {"service": {"name": "PMTCT - ANC"}, "facility": {"code": 17819}}, {"service": {"name": "Provider Initiated Counselling and Testing"}, "facility": {"code": 17819}}, {"service": {"name": "Management of STIs"}, "facility": {"code": 17819}}, {"service": {"name": "Condom Promotion and Distribution"}, "facility": {"code": 17819}}, {"service": {"name": "Emergency Preparedness"}, "facility": {"code": 17092}}, {"service": {"name": "Oral Health Services (Dental Services)"}, "facility": {"code": 17092}}, {"service": {"name": "Emergency Obstetric Care"}, "facility": {"code": 17092}}, {"service": {"name": "Mental Health Services"}, "facility": {"code": 17092}}, {"service": {"name": "Environmental Health Services"}, "facility": {"code": 17092}}, {"service": {"name": "Nutrition Services"}, "facility": {"code": 17092}}, {"service": {"name": "Emergency Obstetric Care"}, "facility": {"code": 15313}}, {"service": {"name": "Maternity Services"}, "facility": {"code": 17092}}, {"service": {"name": "Nutrition Services"}, "facility": {"code": 15313}}, {"service": {"name": "Curative Services"}, "facility": {"code": 17092}}, {"service": {"name": "Curative Services"}, "facility": {"code": 15313}}, {"service": {"name": "Short Term FP"}, "facility": {"code": 17092}}, {"service": {"name": "Post Exposure Prophylaxis"}, "facility": {"code": 15313}}, {"service": {"name": "Basic Immunization"}, "facility": {"code": 17092}}, {"service": {"name": "Management of STIs"}, "facility": {"code": 15313}}, {"service": {"name": "Condom Promotion and Distribution"}, "facility": {"code": 15313}}, {"service": {"name": "Early Infant Diagnosis"}, "facility": {"code": 17092}}, {"service": {"name": "PMTCT - Maternity"}, "facility": {"code": 17092}}, {"service": {"name": "PMTCT - ANC"}, "facility": {"code": 17092}}, {"service": {"name": "Condom Promotion and Distribution"}, "facility": {"code": 17092}}, {"service": {"name": "First Line Treatment"}, "facility": {"code": 14870}}, {"service": {"name": "Emergency Obstetric Care"}, "facility": {"code": 13447}}, {"service": {"name": "Management of STIs"}, "facility": {"code": 15772}}, {"service": {"name": "Immunization with additional vaccines"}, "facility": {"code": 15772}}, {"service": {"name": "Emergency Preparedness"}, "facility": {"code": 14684}}, {"service": {"name": "Emergency Obstetric Care"}, "facility": {"code": 14684}}, {"service": {"name": "Basic Immunization"}, "facility": {"code": 15772}}, {"service": {"name": "Environmental Health Services"}, "facility": {"code": 14684}}, {"service": {"name": "Laboratory Services"}, "facility": {"code": 14684}}, {"service": {"name": "Curative Services"}, "facility": {"code": 14684}}, {"service": {"name": "Maternity Services"}, "facility": {"code": 15772}}, {"service": {"name": "Curative Services"}, "facility": {"code": 15772}}, {"service": {"name": "Basic Immunization"}, "facility": {"code": 14684}}, {"service": {"name": "Emergency Preparedness"}, "facility": {"code": 15421}}, {"service": {"name": "Focused Antenatal Care"}, "facility": {"code": 14684}}, {"service": {"name": "Oral Health Services (Dental Services)"}, "facility": {"code": 15421}}, {"service": {"name": "Emergency Obstetric Care"}, "facility": {"code": 15421}}, {"service": {"name": "Emergency Obstetric Care"}, "facility": {"code": 13437}}, {"service": {"name": "Long Term FP"}, "facility": {"code": 14684}}, {"service": {"name": "Environmental Health Services"}, "facility": {"code": 15421}}, {"service": {"name": "Short Term FP"}, "facility": {"code": 14684}}, {"service": {"name": "Emergency Preparedness"}, "facility": {"code": 14668}}, {"service": {"name": "Nutrition Services"}, "facility": {"code": 13437}}, {"service": {"name": "Emergency Obstetric Care"}, "facility": {"code": 14668}}, {"service": {"name": "Integrated Management of Childhood Illnesses"}, "facility": {"code": 13437}}, {"service": {"name": "Mental Health Services"}, "facility": {"code": 15421}}, {"service": {"name": "PMTCT - ANC"}, "facility": {"code": 14684}}, {"service": {"name": "Maternity Services"}, "facility": {"code": 13437}}, {"service": {"name": "Environmental Health Services"}, "facility": {"code": 14668}}, {"service": {"name": "Focused Antenatal Care"}, "facility": {"code": 15772}}, {"service": {"name": "Diagnostic Counselling and Testing"}, "facility": {"code": 14684}}, {"service": {"name": "Nutrition Services"}, "facility": {"code": 15421}}, {"service": {"name": "Curative Services"}, "facility": {"code": 13437}}, {"service": {"name": "Provider Initiated Counselling and Testing"}, "facility": {"code": 14684}}, {"service": {"name": "Nutrition Services"}, "facility": {"code": 14668}}, {"service": {"name": "Long Term FP"}, "facility": {"code": 15772}}, {"service": {"name": "Laboratory Services"}, "facility": {"code": 14668}}, {"service": {"name": "Management of STIs"}, "facility": {"code": 14684}}, {"service": {"name": "Integrated Management of Childhood Illnesses"}, "facility": {"code": 14668}}, {"service": {"name": "Condom Promotion and Distribution"}, "facility": {"code": 14684}}, {"service": {"name": "Short Term FP"}, "facility": {"code": 15772}}, {"service": {"name": "Laboratory Services"}, "facility": {"code": 15421}}, {"service": {"name": "Surgical Services"}, "facility": {"code": 14668}}, {"service": {"name": "Surgical Services"}, "facility": {"code": 15421}}, {"service": {"name": "Curative Services"}, "facility": {"code": 14668}}, {"service": {"name": "Basic Immunization"}, "facility": {"code": 13437}}, {"service": {"name": "Maternity Services"}, "facility": {"code": 15421}}, {"service": {"name": "Curative Services"}, "facility": {"code": 15421}}, {"service": {"name": "Focused Antenatal Care"}, "facility": {"code": 13437}}, {"service": {"name": "Focused Antenatal Care"}, "facility": {"code": 14668}}, {"service": {"name": "First Line Treatment"}, "facility": {"code": 15421}}, {"service": {"name": "Smear Microscopy"}, "facility": {"code": 15421}}, {"service": {"name": "Short Term FP"}, "facility": {"code": 13437}}, {"service": {"name": "Short Term FP"}, "facility": {"code": 14668}}, {"service": {"name": "Post Exposure Prophylaxis"}, "facility": {"code": 13437}}, {"service": {"name": "PMTCT - Maternity"}, "facility": {"code": 13437}}, {"service": {"name": "PMTCT - ANC"}, "facility": {"code": 14668}}, {"service": {"name": "PMTCT - ANC"}, "facility": {"code": 13437}}, {"service": {"name": "Diagnostic Counselling and Testing"}, "facility": {"code": 14668}}, {"service": {"name": "Diagnostic Counselling and Testing"}, "facility": {"code": 15421}}, {"service": {"name": "Provider Initiated Counselling and Testing"}, "facility": {"code": 14668}}, {"service": {"name": "Provider Initiated Counselling and Testing"}, "facility": {"code": 13437}}, {"service": {"name": "Management of STIs"}, "facility": {"code": 14668}}, {"service": {"name": "Condom Promotion and Distribution"}, "facility": {"code": 14668}}, {"service": {"name": "Voluntary Counselling and Testing"}, "facility": {"code": 13437}}, {"service": {"name": "Emergency Obstetric Care"}, "facility": {"code": 15179}}, {"service": {"name": "Condom Promotion and Distribution"}, "facility": {"code": 13437}}, {"service": {"name": "Environmental Health Services"}, "facility": {"code": 15179}}, {"service": {"name": "Nutrition Services"}, "facility": {"code": 15179}}, {"service": {"name": "Curative Services"}, "facility": {"code": 15179}}, {"service": {"name": "Focused Antenatal Care"}, "facility": {"code": 15179}}, {"service": {"name": "Short Term FP"}, "facility": {"code": 15179}}, {"service": {"name": "PMTCT - ANC"}, "facility": {"code": 15179}}, {"service": {"name": "Provider Initiated Counselling and Testing"}, "facility": {"code": 15179}}, {"service": {"name": "Condom Promotion and Distribution"}, "facility": {"code": 15179}}, {"service": {"name": "Management of STIs"}, "facility": {"code": 15179}}, {"service": {"name": "First Line Treatment"}, "facility": {"code": 15245}}, {"service": {"name": "Emergency Preparedness"}, "facility": {"code": 14606}}, {"service": {"name": "Oral Health Services (Dental Services)"}, "facility": {"code": 14606}}, {"service": {"name": "Emergency Obstetric Care"}, "facility": {"code": 14606}}, {"service": {"name": "Nutrition Services"}, "facility": {"code": 14606}}, {"service": {"name": "Integrated Management of Childhood Illnesses"}, "facility": {"code": 14606}}, {"service": {"name": "Laboratory Services"}, "facility": {"code": 14606}}, {"service": {"name": "Curative Services"}, "facility": {"code": 14606}}, {"service": {"name": "First Line Treatment"}, "facility": {"code": 14606}}, {"service": {"name": "Tuberculosis Culture"}, "facility": {"code": 14606}}, {"service": {"name": "Smear Microscopy"}, "facility": {"code": 14606}}, {"service": {"name": "Basic Immunization"}, "facility": {"code": 14606}}, {"service": {"name": "Focused Antenatal Care"}, "facility": {"code": 14606}}, {"service": {"name": "Integrated Services"}, "facility": {"code": 14606}}, {"service": {"name": "Long Term FP"}, "facility": {"code": 14606}}, {"service": {"name": "Short Term FP"}, "facility": {"code": 14606}}, {"service": {"name": "Adult Antiretroviral Therapy"}, "facility": {"code": 14606}}, {"service": {"name": "Paediatric Antiretroviral Therapy"}, "facility": {"code": 14606}}, {"service": {"name": "PMTCT - ANC"}, "facility": {"code": 14606}}, {"service": {"name": "Early Infant Diagnosis"}, "facility": {"code": 14606}}, {"service": {"name": "Diagnostic Counselling and Testing"}, "facility": {"code": 14606}}, {"service": {"name": "Provider Initiated Counselling and Testing"}, "facility": {"code": 14606}}, {"service": {"name": "Voluntary Counselling and Testing"}, "facility": {"code": 14606}}, {"service": {"name": "Management of STIs"}, "facility": {"code": 14606}}, {"service": {"name": "Condom Promotion and Distribution"}, "facility": {"code": 14606}}, {"service": {"name": "Emergency Preparedness"}, "facility": {"code": 15388}}, {"service": {"name": "Oral Health Services (Dental Services)"}, "facility": {"code": 15388}}, {"service": {"name": "Emergency Obstetric Care"}, "facility": {"code": 15388}}, {"service": {"name": "Emergency Obstetric Care"}, "facility": {"code": 13358}}, {"service": {"name": "Environmental Health Services"}, "facility": {"code": 15388}}, {"service": {"name": "Mental Health Services"}, "facility": {"code": 15388}}, {"service": {"name": "Integrated Management of Childhood Illnesses"}, "facility": {"code": 13358}}, {"service": {"name": "Nutrition Services"}, "facility": {"code": 15388}}, {"service": {"name": "Integrated Management of Childhood Illnesses"}, "facility": {"code": 15388}}, {"service": {"name": "Maternity Services"}, "facility": {"code": 13358}}, {"service": {"name": "Laboratory Services"}, "facility": {"code": 15388}}, {"service": {"name": "Curative Services"}, "facility": {"code": 13358}}, {"service": {"name": "Basic Immunization"}, "facility": {"code": 13358}}, {"service": {"name": "Focused Antenatal Care"}, "facility": {"code": 13358}}, {"service": {"name": "Short Term FP"}, "facility": {"code": 13358}}, {"service": {"name": "Emergency Preparedness"}, "facility": {"code": 15159}}, {"service": {"name": "Post Exposure Prophylaxis"}, "facility": {"code": 13358}}, {"service": {"name": "Surgical Services"}, "facility": {"code": 15388}}, {"service": {"name": "Emergency Obstetric Care"}, "facility": {"code": 15159}}, {"service": {"name": "Environmental Health Services"}, "facility": {"code": 15159}}, {"service": {"name": "PMTCT - Maternity"}, "facility": {"code": 13358}}, {"service": {"name": "PMTCT - ANC"}, "facility": {"code": 13358}}, {"service": {"name": "Emergency Preparedness"}, "facility": {"code": 15300}}, {"service": {"name": "Nutrition Services"}, "facility": {"code": 15159}}, {"service": {"name": "Emergency Obstetric Care"}, "facility": {"code": 15300}}, {"service": {"name": "Integrated Management of Childhood Illnesses"}, "facility": {"code": 15159}}, {"service": {"name": "Environmental Health Services"}, "facility": {"code": 15300}}, {"service": {"name": "Provider Initiated Counselling and Testing"}, "facility": {"code": 13358}}, {"service": {"name": "Nutrition Services"}, "facility": {"code": 15300}}, {"service": {"name": "Integrated Management of Childhood Illnesses"}, "facility": {"code": 15300}}, {"service": {"name": "Voluntary Counselling and Testing"}, "facility": {"code": 13358}}, {"service": {"name": "Surgical Services"}, "facility": {"code": 15159}}, {"service": {"name": "Condom Promotion and Distribution"}, "facility": {"code": 13358}}, {"service": {"name": "Curative Services"}, "facility": {"code": 15159}}, {"service": {"name": "Curative Services"}, "facility": {"code": 15300}}, {"service": {"name": "Basic Immunization"}, "facility": {"code": 15300}}, {"service": {"name": "Focused Antenatal Care"}, "facility": {"code": 15300}}, {"service": {"name": "Integrated Services"}, "facility": {"code": 15300}}, {"service": {"name": "Short Term FP"}, "facility": {"code": 15300}}, {"service": {"name": "Emergency Obstetric Care"}, "facility": {"code": 15139}}, {"service": {"name": "Post Exposure Prophylaxis"}, "facility": {"code": 15300}}, {"service": {"name": "Environmental Health Services"}, "facility": {"code": 15139}}, {"service": {"name": "PMTCT - ANC"}, "facility": {"code": 15300}}, {"service": {"name": "Provider Initiated Counselling and Testing"}, "facility": {"code": 15300}}, {"service": {"name": "Nutrition Services"}, "facility": {"code": 15139}}, {"service": {"name": "Voluntary Counselling and Testing"}, "facility": {"code": 15300}}, {"service": {"name": "Management of STIs"}, "facility": {"code": 15300}}, {"service": {"name": "Curative Services"}, "facility": {"code": 15139}}, {"service": {"name": "Condom Promotion and Distribution"}, "facility": {"code": 15300}}, {"service": {"name": "Basic Immunization"}, "facility": {"code": 15139}}, {"service": {"name": "Focused Antenatal Care"}, "facility": {"code": 15139}}, {"service": {"name": "Basic Immunization"}, "facility": {"code": 15159}}, {"service": {"name": "Short Term FP"}, "facility": {"code": 15139}}, {"service": {"name": "Provider Initiated Counselling and Testing"}, "facility": {"code": 15139}}, {"service": {"name": "Focused Antenatal Care"}, "facility": {"code": 15159}}, {"service": {"name": "PMTCT - ANC"}, "facility": {"code": 15139}}, {"service": {"name": "Maternity Services"}, "facility": {"code": 15388}}, {"service": {"name": "Management of STIs"}, "facility": {"code": 15139}}, {"service": {"name": "Condom Promotion and Distribution"}, "facility": {"code": 15139}}, {"service": {"name": "Short Term FP"}, "facility": {"code": 15159}}, {"service": {"name": "Post Exposure Prophylaxis"}, "facility": {"code": 15159}}, {"service": {"name": "Emergency Preparedness"}, "facility": {"code": 15763}}, {"service": {"name": "Emergency Obstetric Care"}, "facility": {"code": 15763}}, {"service": {"name": "PMTCT - ANC"}, "facility": {"code": 15159}}, {"service": {"name": "Early Infant Diagnosis"}, "facility": {"code": 15159}}, {"service": {"name": "Environmental Health Services"}, "facility": {"code": 15763}}, {"service": {"name": "Diagnostic Counselling and Testing"}, "facility": {"code": 15159}}, {"service": {"name": "Integrated Management of Childhood Illnesses"}, "facility": {"code": 15763}}, {"service": {"name": "Maternity Services"}, "facility": {"code": 15763}}, {"service": {"name": "Management of STIs"}, "facility": {"code": 15159}}, {"service": {"name": "Condom Promotion and Distribution"}, "facility": {"code": 15159}}, {"service": {"name": "Curative Services"}, "facility": {"code": 15763}}, {"service": {"name": "Curative Services"}, "facility": {"code": 17817}}, {"service": {"name": "Basic Immunization"}, "facility": {"code": 17817}}, {"service": {"name": "Integrated Services"}, "facility": {"code": 17817}}, {"service": {"name": "Long Term FP"}, "facility": {"code": 17817}}, {"service": {"name": "Short Term FP"}, "facility": {"code": 17817}}, {"service": {"name": "Curative Services"}, "facility": {"code": 15388}}, {"service": {"name": "PMTCT - ANC"}, "facility": {"code": 17817}}, {"service": {"name": "Provider Initiated Counselling and Testing"}, "facility": {"code": 17817}}, {"service": {"name": "Management of STIs"}, "facility": {"code": 17817}}, {"service": {"name": "Condom Promotion and Distribution"}, "facility": {"code": 17817}}, {"service": {"name": "First Line Treatment"}, "facility": {"code": 15388}}, {"service": {"name": "First Line Treatment"}, "facility": {"code": 15763}}, {"service": {"name": "Tuberculosis Culture"}, "facility": {"code": 15763}}, {"service": {"name": "Smear Microscopy"}, "facility": {"code": 15388}}, {"service": {"name": "Smear Microscopy"}, "facility": {"code": 15763}}, {"service": {"name": "Basic Immunization"}, "facility": {"code": 15763}}, {"service": {"name": "Immunization with additional vaccines"}, "facility": {"code": 15388}}, {"service": {"name": "Basic Immunization"}, "facility": {"code": 15388}}, {"service": {"name": "Focused Antenatal Care"}, "facility": {"code": 15763}}, {"service": {"name": "Integrated Services"}, "facility": {"code": 15763}}, {"service": {"name": "Long Term FP"}, "facility": {"code": 15763}}, {"service": {"name": "Short Term FP"}, "facility": {"code": 15763}}, {"service": {"name": "Adult Antiretroviral Therapy"}, "facility": {"code": 15763}}, {"service": {"name": "Focused Antenatal Care"}, "facility": {"code": 15388}}, {"service": {"name": "Paediatric Antiretroviral Therapy"}, "facility": {"code": 15763}}, {"service": {"name": "PMTCT - Maternity"}, "facility": {"code": 15763}}, {"service": {"name": "PMTCT - ANC"}, "facility": {"code": 15763}}, {"service": {"name": "Short Term FP"}, "facility": {"code": 15388}}, {"service": {"name": "Provider Initiated Counselling and Testing"}, "facility": {"code": 15763}}, {"service": {"name": "Adult Antiretroviral Therapy"}, "facility": {"code": 15388}}, {"service": {"name": "Management of STIs"}, "facility": {"code": 15763}}, {"service": {"name": "Condom Promotion and Distribution"}, "facility": {"code": 15763}}, {"service": {"name": "Paediatric Antiretroviral Therapy"}, "facility": {"code": 15388}}, {"service": {"name": "Nutrition Services"}, "facility": {"code": 15742}}, {"service": {"name": "Integrated Management of Childhood Illnesses"}, "facility": {"code": 15742}}, {"service": {"name": "Surgical Services"}, "facility": {"code": 15742}}, {"service": {"name": "Curative Services"}, "facility": {"code": 15742}}, {"service": {"name": "Immunization with additional vaccines"}, "facility": {"code": 15742}}, {"service": {"name": "Basic Immunization"}, "facility": {"code": 15742}}, {"service": {"name": "Focused Antenatal Care"}, "facility": {"code": 15742}}, {"service": {"name": "Short Term FP"}, "facility": {"code": 15742}}, {"service": {"name": "PMTCT - ANC"}, "facility": {"code": 15742}}, {"service": {"name": "Diagnostic Counselling and Testing"}, "facility": {"code": 15742}}, {"service": {"name": "Provider Initiated Counselling and Testing"}, "facility": {"code": 15742}}, {"service": {"name": "Management of STIs"}, "facility": {"code": 15742}}, {"service": {"name": "Condom Promotion and Distribution"}, "facility": {"code": 15742}}, {"service": {"name": "Nutrition Services"}, "facility": {"code": 13343}}, {"service": {"name": "PMTCT - Maternity"}, "facility": {"code": 13343}}, {"service": {"name": "Curative Services"}, "facility": {"code": 14374}}, {"service": {"name": "Management of STIs"}, "facility": {"code": 14374}}, {"service": {"name": "Condom Promotion and Distribution"}, "facility": {"code": 14374}}, {"service": {"name": "Emergency Obstetric Care"}, "facility": {"code": 15121}}, {"service": {"name": "Emergency Obstetric Care"}, "facility": {"code": 13334}}, {"service": {"name": "Nutrition Services"}, "facility": {"code": 13334}}, {"service": {"name": "Integrated Management of Childhood Illnesses"}, "facility": {"code": 13334}}, {"service": {"name": "Emergency Preparedness"}, "facility": {"code": 15764}}, {"service": {"name": "Environmental Health Services"}, "facility": {"code": 15121}}, {"service": {"name": "ENT Services"}, "facility": {"code": 15764}}, {"service": {"name": "Maternity Services"}, "facility": {"code": 13334}}, {"service": {"name": "Emergency Obstetric Care"}, "facility": {"code": 15764}}, {"service": {"name": "Environmental Health Services"}, "facility": {"code": 15764}}, {"service": {"name": "Nutrition Services"}, "facility": {"code": 15121}}, {"service": {"name": "Focused Antenatal Care"}, "facility": {"code": 17816}}, {"service": {"name": "Basic Immunization"}, "facility": {"code": 13334}}, {"service": {"name": "Basic Immunization"}, "facility": {"code": 17816}}, {"service": {"name": "Nutrition Services"}, "facility": {"code": 15764}}, {"service": {"name": "Integrated Services"}, "facility": {"code": 17816}}, {"service": {"name": "Curative Services"}, "facility": {"code": 15121}}, {"service": {"name": "Integrated Management of Childhood Illnesses"}, "facility": {"code": 15764}}, {"service": {"name": "Short Term FP"}, "facility": {"code": 17816}}, {"service": {"name": "Emergency Preparedness"}, "facility": {"code": 15323}}, {"service": {"name": "Early Infant Diagnosis"}, "facility": {"code": 13334}}, {"service": {"name": "Ambulance Sevices"}, "facility": {"code": 15764}}, {"service": {"name": "Oral Health Services (Dental Services)"}, "facility": {"code": 15323}}, {"service": {"name": "Basic Immunization"}, "facility": {"code": 15121}}, {"service": {"name": "PMTCT - ANC"}, "facility": {"code": 17816}}, {"service": {"name": "Radiology Services"}, "facility": {"code": 15764}}, {"service": {"name": "Provider Initiated Counselling and Testing"}, "facility": {"code": 17816}}, {"service": {"name": "Laboratory Services"}, "facility": {"code": 15764}}, {"service": {"name": "Short Term FP"}, "facility": {"code": 15121}}, {"service": {"name": "Condom Promotion and Distribution"}, "facility": {"code": 17816}}, {"service": {"name": "Surgical Services"}, "facility": {"code": 15764}}, {"service": {"name": "PMTCT - ANC"}, "facility": {"code": 15121}}, {"service": {"name": "Maternity Services"}, "facility": {"code": 15764}}, {"service": {"name": "Voluntary Counselling and Testing"}, "facility": {"code": 15121}}, {"service": {"name": "Curative Services"}, "facility": {"code": 15764}}, {"service": {"name": "Provider Initiated Counselling and Testing"}, "facility": {"code": 15121}}, {"service": {"name": "Management of STIs"}, "facility": {"code": 15121}}, {"service": {"name": "Condom Promotion and Distribution"}, "facility": {"code": 15121}}, {"service": {"name": "Facility Based Blood Transfusion Service"}, "facility": {"code": 15764}}, {"service": {"name": "Basic Immunization"}, "facility": {"code": 15764}}, {"service": {"name": "Emergency Obstetric Care"}, "facility": {"code": 15735}}, {"service": {"name": "Focused Antenatal Care"}, "facility": {"code": 15764}}, {"service": {"name": "Long Term FP"}, "facility": {"code": 15764}}, {"service": {"name": "Short Term FP"}, "facility": {"code": 15764}}, {"service": {"name": "Environmental Health Services"}, "facility": {"code": 15735}}, {"service": {"name": "PMTCT - ANC"}, "facility": {"code": 15764}}, {"service": {"name": "Provider Initiated Counselling and Testing"}, "facility": {"code": 15764}}, {"service": {"name": "Management of STIs"}, "facility": {"code": 15764}}, {"service": {"name": "Nutrition Services"}, "facility": {"code": 15735}}, {"service": {"name": "Condom Promotion and Distribution"}, "facility": {"code": 15764}}, {"service": {"name": "Emergency Obstetric Care"}, "facility": {"code": 15323}}, {"service": {"name": "Integrated Management of Childhood Illnesses"}, "facility": {"code": 15735}}, {"service": {"name": "Environmental Health Services"}, "facility": {"code": 15323}}, {"service": {"name": "Nutrition Services"}, "facility": {"code": 15323}}, {"service": {"name": "Mental Health Services"}, "facility": {"code": 15323}}, {"service": {"name": "Laboratory Services"}, "facility": {"code": 15735}}, {"service": {"name": "Integrated Management of Childhood Illnesses"}, "facility": {"code": 15323}}, {"service": {"name": "Ambulance Sevices"}, "facility": {"code": 15323}}, {"service": {"name": "Surgical Services"}, "facility": {"code": 15735}}, {"service": {"name": "Maternity Services"}, "facility": {"code": 15735}}, {"service": {"name": "Surgical Services"}, "facility": {"code": 15323}}, {"service": {"name": "Curative Services"}, "facility": {"code": 15735}}, {"service": {"name": "Maternity Services"}, "facility": {"code": 15323}}, {"service": {"name": "Curative Services"}, "facility": {"code": 15323}}, {"service": {"name": "Basic Immunization"}, "facility": {"code": 15323}}, {"service": {"name": "First Line Treatment"}, "facility": {"code": 15735}}, {"service": {"name": "Smear Microscopy"}, "facility": {"code": 15735}}, {"service": {"name": "Immunization with additional vaccines"}, "facility": {"code": 15323}}], "unique_fields": ["facility", "service"], "model": "facilities.FacilityService"}]