[{"records": [{"service": {"name": "Rehabilitative Health Services - Occupational Health"}, "facility": {"code": 15077}}, {"service": {"name": "Management of STIs"}, "facility": {"code": 14356}}, {"service": {"name": "First Line Treatment"}, "facility": {"code": 15077}}, {"service": {"name": "Tuberculosis Culture"}, "facility": {"code": 15077}}, {"service": {"name": "Long Term FP"}, "facility": {"code": 15181}}, {"service": {"name": "Smear Microscopy"}, "facility": {"code": 15077}}, {"service": {"name": "Short Term FP"}, "facility": {"code": 15181}}, {"service": {"name": "Specialized ANC"}, "facility": {"code": 15077}}, {"service": {"name": "Focused Antenatal Care"}, "facility": {"code": 15077}}, {"service": {"name": "Stand Alone Services"}, "facility": {"code": 15077}}, {"service": {"name": "Integrated Services"}, "facility": {"code": 15077}}, {"service": {"name": "Home Based Care"}, "facility": {"code": 15181}}, {"service": {"name": "Adult Antiretroviral Therapy"}, "facility": {"code": 15181}}, {"service": {"name": "Paediatric Antiretroviral Therapy"}, "facility": {"code": 15181}}, {"service": {"name": "Permanent FP"}, "facility": {"code": 15077}}, {"service": {"name": "Long Term FP"}, "facility": {"code": 15077}}, {"service": {"name": "Home Based Care"}, "facility": {"code": 15077}}, {"service": {"name": "Adult Antiretroviral Therapy"}, "facility": {"code": 15077}}, {"service": {"name": "Paediatric Antiretroviral Therapy"}, "facility": {"code": 15077}}, {"service": {"name": "Voluntary Male Circumcision"}, "facility": {"code": 15077}}, {"service": {"name": "Emergency Preparedness"}, "facility": {"code": 14952}}, {"service": {"name": "Oral Health Services (Dental Services)"}, "facility": {"code": 14952}}, {"service": {"name": "Emergency Obstetric Care"}, "facility": {"code": 14952}}, {"service": {"name": "Environmental Health Services"}, "facility": {"code": 14952}}, {"service": {"name": "Mental Health Services"}, "facility": {"code": 14952}}, {"service": {"name": "Opthalmic Services"}, "facility": {"code": 14952}}, {"service": {"name": "Nutrition Services"}, "facility": {"code": 14952}}, {"service": {"name": "Surgical Services"}, "facility": {"code": 14952}}, {"service": {"name": "Maternity Services"}, "facility": {"code": 14952}}, {"service": {"name": "Curative Services"}, "facility": {"code": 14952}}, {"service": {"name": "Emergency Obstetric Care"}, "facility": {"code": 14336}}, {"service": {"name": "Curative Services"}, "facility": {"code": 17801}}, {"service": {"name": "Basic Immunization"}, "facility": {"code": 17801}}, {"service": {"name": "Focused Antenatal Care"}, "facility": {"code": 17801}}, {"service": {"name": "Short Term FP"}, "facility": {"code": 17801}}, {"service": {"name": "PMTCT - ANC"}, "facility": {"code": 17801}}, {"service": {"name": "Management of STIs"}, "facility": {"code": 17801}}, {"service": {"name": "Nutrition Services"}, "facility": {"code": 14221}}, {"service": {"name": "Emergency Preparedness"}, "facility": {"code": 15161}}, {"service": {"name": "Emergency Obstetric Care"}, "facility": {"code": 15161}}, {"service": {"name": "Nutrition Services"}, "facility": {"code": 15161}}, {"service": {"name": "Laboratory Services"}, "facility": {"code": 15161}}, {"service": {"name": "Curative Services"}, "facility": {"code": 15161}}, {"service": {"name": "Basic Immunization"}, "facility": {"code": 15161}}, {"service": {"name": "Focused Antenatal Care"}, "facility": {"code": 15161}}, {"service": {"name": "Short Term FP"}, "facility": {"code": 15161}}, {"service": {"name": "Post Exposure Prophylaxis"}, "facility": {"code": 15161}}, {"service": {"name": "PMTCT - ANC"}, "facility": {"code": 15161}}, {"service": {"name": "Provider Initiated Counselling and Testing"}, "facility": {"code": 15161}}, {"service": {"name": "Voluntary Counselling and Testing"}, "facility": {"code": 15161}}, {"service": {"name": "Management of STIs"}, "facility": {"code": 15161}}, {"service": {"name": "Condom Promotion and Distribution"}, "facility": {"code": 15161}}, {"service": {"name": "PMTCT - Maternity"}, "facility": {"code": 14826}}, {"service": {"name": "Maternity Services"}, "facility": {"code": 14826}}, {"service": {"name": "Emergency Preparedness"}, "facility": {"code": 14826}}, {"service": {"name": "Emergency Obstetric Care"}, "facility": {"code": 14826}}, {"service": {"name": "Emergency Preparedness"}, "facility": {"code": 15120}}, {"service": {"name": "Emergency Obstetric Care"}, "facility": {"code": 15120}}, {"service": {"name": "Environmental Health Services"}, "facility": {"code": 14826}}, {"service": {"name": "Nutrition Services"}, "facility": {"code": 14826}}, {"service": {"name": "Laboratory Services"}, "facility": {"code": 15120}}, {"service": {"name": "Laboratory Services"}, "facility": {"code": 14826}}, {"service": {"name": "Curative Services"}, "facility": {"code": 15120}}, {"service": {"name": "Curative Services"}, "facility": {"code": 14826}}, {"service": {"name": "Short Term FP"}, "facility": {"code": 15120}}, {"service": {"name": "First Line Treatment"}, "facility": {"code": 14826}}, {"service": {"name": "Smear Microscopy"}, "facility": {"code": 14826}}, {"service": {"name": "Basic Immunization"}, "facility": {"code": 14826}}, {"service": {"name": "Management of STIs"}, "facility": {"code": 15120}}, {"service": {"name": "Focused Antenatal Care"}, "facility": {"code": 14826}}, {"service": {"name": "Condom Promotion and Distribution"}, "facility": {"code": 15120}}, {"service": {"name": "Short Term FP"}, "facility": {"code": 14826}}, {"service": {"name": "PMTCT - ANC"}, "facility": {"code": 14826}}, {"service": {"name": "Provider Initiated Counselling and Testing"}, "facility": {"code": 14826}}, {"service": {"name": "Voluntary Counselling and Testing"}, "facility": {"code": 14826}}, {"service": {"name": "Management of STIs"}, "facility": {"code": 14826}}, {"service": {"name": "Condom Promotion and Distribution"}, "facility": {"code": 14826}}, {"service": {"name": "Emergency Preparedness"}, "facility": {"code": 14534}}, {"service": {"name": "Emergency Obstetric Care"}, "facility": {"code": 14534}}, {"service": {"name": "Nutrition Services"}, "facility": {"code": 14534}}, {"service": {"name": "Laboratory Services"}, "facility": {"code": 14534}}, {"service": {"name": "Curative Services"}, "facility": {"code": 14534}}, {"service": {"name": "Basic Immunization"}, "facility": {"code": 14534}}, {"service": {"name": "Focused Antenatal Care"}, "facility": {"code": 14534}}, {"service": {"name": "Short Term FP"}, "facility": {"code": 14534}}, {"service": {"name": "Post Exposure Prophylaxis"}, "facility": {"code": 14534}}, {"service": {"name": "PMTCT - ANC"}, "facility": {"code": 14534}}, {"service": {"name": "Voluntary Counselling and Testing"}, "facility": {"code": 14534}}, {"service": {"name": "Management of STIs"}, "facility": {"code": 14534}}, {"service": {"name": "Condom Promotion and Distribution"}, "facility": {"code": 14534}}, {"service": {"name": "Environmental Health Services"}, "facility": {"code": 14823}}, {"service": {"name": "Nutrition Services"}, "facility": {"code": 14823}}, {"service": {"name": "Curative Services"}, "facility": {"code": 14823}}, {"service": {"name": "Basic Immunization"}, "facility": {"code": 14823}}, {"service": {"name": "Focused Antenatal Care"}, "facility": {"code": 14823}}, {"service": {"name": "Short Term FP"}, "facility": {"code": 14823}}, {"service": {"name": "PMTCT - ANC"}, "facility": {"code": 14823}}, {"service": {"name": "Provider Initiated Counselling and Testing"}, "facility": {"code": 14823}}, {"service": {"name": "Management of STIs"}, "facility": {"code": 14823}}, {"service": {"name": "Condom Promotion and Distribution"}, "facility": {"code": 14823}}, {"service": {"name": "Laboratory Services"}, "facility": {"code": 14245}}, {"service": {"name": "Curative Services"}, "facility": {"code": 14245}}, {"service": {"name": "Short Term FP"}, "facility": {"code": 14245}}, {"service": {"name": "Provider Initiated Counselling and Testing"}, "facility": {"code": 14245}}, {"service": {"name": "Post Exposure Prophylaxis"}, "facility": {"code": 14245}}, {"service": {"name": "Management of STIs"}, "facility": {"code": 14245}}, {"service": {"name": "Condom Promotion and Distribution"}, "facility": {"code": 14245}}, {"service": {"name": "Emergency Obstetric Care"}, "facility": {"code": 14822}}, {"service": {"name": "Emergency Preparedness"}, "facility": {"code": 14822}}, {"service": {"name": "Environmental Health Services"}, "facility": {"code": 14822}}, {"service": {"name": "Nutrition Services"}, "facility": {"code": 14822}}, {"service": {"name": "Laboratory Services"}, "facility": {"code": 14822}}, {"service": {"name": "Curative Services"}, "facility": {"code": 14822}}, {"service": {"name": "First Line Treatment"}, "facility": {"code": 14822}}, {"service": {"name": "Smear Microscopy"}, "facility": {"code": 14822}}, {"service": {"name": "Focused Antenatal Care"}, "facility": {"code": 14822}}, {"service": {"name": "Short Term FP"}, "facility": {"code": 14822}}, {"service": {"name": "PMTCT - ANC"}, "facility": {"code": 14822}}, {"service": {"name": "Provider Initiated Counselling and Testing"}, "facility": {"code": 14822}}, {"service": {"name": "Voluntary Counselling and Testing"}, "facility": {"code": 14822}}, {"service": {"name": "Management of STIs"}, "facility": {"code": 14822}}, {"service": {"name": "Condom Promotion and Distribution"}, "facility": {"code": 14822}}, {"service": {"name": "Emergency Preparedness"}, "facility": {"code": 15782}}, {"service": {"name": "Emergency Obstetric Care"}, "facility": {"code": 15782}}, {"service": {"name": "Nutrition Services"}, "facility": {"code": 15782}}, {"service": {"name": "Laboratory Services"}, "facility": {"code": 15782}}, {"service": {"name": "Maternity Services"}, "facility": {"code": 15782}}, {"service": {"name": "Curative Services"}, "facility": {"code": 15782}}, {"service": {"name": "Focused Antenatal Care"}, "facility": {"code": 15782}}, {"service": {"name": "Short Term FP"}, "facility": {"code": 15782}}, {"service": {"name": "Post Exposure Prophylaxis"}, "facility": {"code": 15782}}, {"service": {"name": "PMTCT - ANC"}, "facility": {"code": 15782}}, {"service": {"name": "Voluntary Counselling and Testing"}, "facility": {"code": 15782}}, {"service": {"name": "Management of STIs"}, "facility": {"code": 15782}}, {"service": {"name": "Condom Promotion and Distribution"}, "facility": {"code": 15782}}, {"service": {"name": "Environmental Health Services"}, "facility": {"code": 17139}}, {"service": {"name": "Nutrition Services"}, "facility": {"code": 17139}}, {"service": {"name": "Focused Antenatal Care"}, "facility": {"code": 17139}}, {"service": {"name": "PMTCT - ANC"}, "facility": {"code": 17139}}, {"service": {"name": "Provider Initiated Counselling and Testing"}, "facility": {"code": 17139}}, {"service": {"name": "Condom Promotion and Distribution"}, "facility": {"code": 17139}}, {"service": {"name": "Management of STIs"}, "facility": {"code": 17139}}, {"service": {"name": "Environmental Health Services"}, "facility": {"code": 17138}}, {"service": {"name": "Nutrition Services"}, "facility": {"code": 17138}}, {"service": {"name": "Focused Antenatal Care"}, "facility": {"code": 17138}}, {"service": {"name": "PMTCT - ANC"}, "facility": {"code": 17138}}, {"service": {"name": "Provider Initiated Counselling and Testing"}, "facility": {"code": 17138}}, {"service": {"name": "Management of STIs"}, "facility": {"code": 17138}}, {"service": {"name": "Condom Promotion and Distribution"}, "facility": {"code": 17138}}, {"service": {"name": "Emergency Preparedness"}, "facility": {"code": 14766}}, {"service": {"name": "Emergency Obstetric Care"}, "facility": {"code": 14766}}, {"service": {"name": "Environmental Health Services"}, "facility": {"code": 14766}}, {"service": {"name": "Nutrition Services"}, "facility": {"code": 14766}}, {"service": {"name": "Laboratory Services"}, "facility": {"code": 14766}}, {"service": {"name": "Curative Services"}, "facility": {"code": 14766}}, {"service": {"name": "First Line Treatment"}, "facility": {"code": 14766}}, {"service": {"name": "Smear Microscopy"}, "facility": {"code": 14766}}, {"service": {"name": "Basic Immunization"}, "facility": {"code": 14766}}, {"service": {"name": "Focused Antenatal Care"}, "facility": {"code": 14766}}, {"service": {"name": "Short Term FP"}, "facility": {"code": 14766}}, {"service": {"name": "PMTCT - ANC"}, "facility": {"code": 14766}}, {"service": {"name": "Provider Initiated Counselling and Testing"}, "facility": {"code": 14766}}, {"service": {"name": "Management of STIs"}, "facility": {"code": 14766}}, {"service": {"name": "Condom Promotion and Distribution"}, "facility": {"code": 14766}}, {"service": {"name": "Environmental Health Services"}, "facility": {"code": 14765}}, {"service": {"name": "Nutrition Services"}, "facility": {"code": 14765}}, {"service": {"name": "Basic Immunization"}, "facility": {"code": 14765}}, {"service": {"name": "Focused Antenatal Care"}, "facility": {"code": 14765}}, {"service": {"name": "Short Term FP"}, "facility": {"code": 14765}}, {"service": {"name": "PMTCT - ANC"}, "facility": {"code": 14765}}, {"service": {"name": "Provider Initiated Counselling and Testing"}, "facility": {"code": 14765}}, {"service": {"name": "Management of STIs"}, "facility": {"code": 14765}}, {"service": {"name": "Condom Promotion and Distribution"}, "facility": {"code": 14765}}, {"service": {"name": "Environmental Health Services"}, "facility": {"code": 17313}}, {"service": {"name": "Nutrition Services"}, "facility": {"code": 17313}}, {"service": {"name": "Basic Immunization"}, "facility": {"code": 17313}}, {"service": {"name": "Focused Antenatal Care"}, "facility": {"code": 17313}}, {"service": {"name": "Short Term FP"}, "facility": {"code": 17313}}, {"service": {"name": "PMTCT - ANC"}, "facility": {"code": 17313}}, {"service": {"name": "Provider Initiated Counselling and Testing"}, "facility": {"code": 17313}}, {"service": {"name": "Management of STIs"}, "facility": {"code": 17313}}, {"service": {"name": "Condom Promotion and Distribution"}, "facility": {"code": 17313}}, {"service": {"name": "Environmental Health Services"}, "facility": {"code": 14738}}, {"service": {"name": "Nutrition Services"}, "facility": {"code": 14738}}, {"service": {"name": "Curative Services"}, "facility": {"code": 14738}}, {"service": {"name": "Basic Immunization"}, "facility": {"code": 14738}}, {"service": {"name": "Focused Antenatal Care"}, "facility": {"code": 14738}}, {"service": {"name": "Short Term FP"}, "facility": {"code": 14738}}, {"service": {"name": "PMTCT - ANC"}, "facility": {"code": 14738}}, {"service": {"name": "Management of STIs"}, "facility": {"code": 14738}}, {"service": {"name": "Provider Initiated Counselling and Testing"}, "facility": {"code": 14738}}, {"service": {"name": "Condom Promotion and Distribution"}, "facility": {"code": 14738}}, {"service": {"name": "Environmental Health Services"}, "facility": {"code": 17318}}, {"service": {"name": "Nutrition Services"}, "facility": {"code": 17318}}, {"service": {"name": "Basic Immunization"}, "facility": {"code": 17318}}, {"service": {"name": "Focused Antenatal Care"}, "facility": {"code": 17318}}, {"service": {"name": "Short Term FP"}, "facility": {"code": 17318}}, {"service": {"name": "PMTCT - ANC"}, "facility": {"code": 17318}}, {"service": {"name": "Provider Initiated Counselling and Testing"}, "facility": {"code": 17318}}, {"service": {"name": "Management of STIs"}, "facility": {"code": 17318}}, {"service": {"name": "Condom Promotion and Distribution"}, "facility": {"code": 17318}}, {"service": {"name": "Emergency Preparedness"}, "facility": {"code": 14715}}, {"service": {"name": "Emergency Obstetric Care"}, "facility": {"code": 14715}}, {"service": {"name": "Environmental Health Services"}, "facility": {"code": 14715}}, {"service": {"name": "Nutrition Services"}, "facility": {"code": 14715}}, {"service": {"name": "Laboratory Services"}, "facility": {"code": 14715}}, {"service": {"name": "Curative Services"}, "facility": {"code": 14715}}, {"service": {"name": "First Line Treatment"}, "facility": {"code": 14715}}, {"service": {"name": "Smear Microscopy"}, "facility": {"code": 14715}}, {"service": {"name": "Basic Immunization"}, "facility": {"code": 14715}}, {"service": {"name": "Focused Antenatal Care"}, "facility": {"code": 14715}}, {"service": {"name": "Short Term FP"}, "facility": {"code": 14715}}, {"service": {"name": "PMTCT - ANC"}, "facility": {"code": 14715}}, {"service": {"name": "Provider Initiated Counselling and Testing"}, "facility": {"code": 14715}}, {"service": {"name": "Voluntary Counselling and Testing"}, "facility": {"code": 14715}}, {"service": {"name": "Management of STIs"}, "facility": {"code": 14715}}, {"service": {"name": "Condom Promotion and Distribution"}, "facility": {"code": 14715}}, {"service": {"name": "Environmental Health Services"}, "facility": {"code": 14671}}, {"service": {"name": "Nutrition Services"}, "facility": {"code": 14671}}, {"service": {"name": "Curative Services"}, "facility": {"code": 14671}}, {"service": {"name": "Basic Immunization"}, "facility": {"code": 14671}}, {"service": {"name": "Focused Antenatal Care"}, "facility": {"code": 14671}}, {"service": {"name": "Short Term FP"}, "facility": {"code": 14671}}, {"service": {"name": "PMTCT - ANC"}, "facility": {"code": 14671}}, {"service": {"name": "Provider Initiated Counselling and Testing"}, "facility": {"code": 14671}}, {"service": {"name": "Voluntary Counselling and Testing"}, "facility": {"code": 14671}}, {"service": {"name": "Management of STIs"}, "facility": {"code": 14671}}, {"service": {"name": "Condom Promotion and Distribution"}, "facility": {"code": 14671}}, {"service": {"name": "Environmental Health Services"}, "facility": {"code": 17209}}, {"service": {"name": "Nutrition Services"}, "facility": {"code": 17209}}, {"service": {"name": "Basic Immunization"}, "facility": {"code": 17209}}, {"service": {"name": "Focused Antenatal Care"}, "facility": {"code": 17209}}, {"service": {"name": "Short Term FP"}, "facility": {"code": 17209}}, {"service": {"name": "PMTCT - ANC"}, "facility": {"code": 17209}}, {"service": {"name": "Provider Initiated Counselling and Testing"}, "facility": {"code": 17209}}, {"service": {"name": "Management of STIs"}, "facility": {"code": 17209}}, {"service": {"name": "Condom Promotion and Distribution"}, "facility": {"code": 17209}}, {"service": {"name": "Emergency Preparedness"}, "facility": {"code": 14873}}, {"service": {"name": "Emergency Obstetric Care"}, "facility": {"code": 14873}}, {"service": {"name": "Environmental Health Services"}, "facility": {"code": 14873}}, {"service": {"name": "Maternity Services"}, "facility": {"code": 14873}}, {"service": {"name": "Curative Services"}, "facility": {"code": 14873}}, {"service": {"name": "Immunization with additional vaccines"}, "facility": {"code": 14873}}, {"service": {"name": "Basic Immunization"}, "facility": {"code": 14873}}, {"service": {"name": "Focused Antenatal Care"}, "facility": {"code": 14873}}, {"service": {"name": "Long Term FP"}, "facility": {"code": 14873}}, {"service": {"name": "Short Term FP"}, "facility": {"code": 14873}}, {"service": {"name": "PMTCT - Maternity"}, "facility": {"code": 14873}}, {"service": {"name": "PMTCT - ANC"}, "facility": {"code": 14873}}, {"service": {"name": "Early Infant Diagnosis"}, "facility": {"code": 14873}}, {"service": {"name": "Diagnostic Counselling and Testing"}, "facility": {"code": 14873}}, {"service": {"name": "Provider Initiated Counselling and Testing"}, "facility": {"code": 14873}}, {"service": {"name": "Voluntary Counselling and Testing"}, "facility": {"code": 14873}}, {"service": {"name": "Management of STIs"}, "facility": {"code": 14873}}, {"service": {"name": "Condom Promotion and Distribution"}, "facility": {"code": 14873}}, {"service": {"name": "Emergency Preparedness"}, "facility": {"code": 14859}}, {"service": {"name": "Curative Services"}, "facility": {"code": 14859}}, {"service": {"name": "Long Term FP"}, "facility": {"code": 14859}}, {"service": {"name": "Short Term FP"}, "facility": {"code": 14859}}, {"service": {"name": "Management of STIs"}, "facility": {"code": 14859}}, {"service": {"name": "Condom Promotion and Distribution"}, "facility": {"code": 14859}}, {"service": {"name": "Emergency Preparedness"}, "facility": {"code": 15740}}, {"service": {"name": "Emergency Obstetric Care"}, "facility": {"code": 15740}}, {"service": {"name": "Laboratory Services"}, "facility": {"code": 15740}}, {"service": {"name": "Radiology Services"}, "facility": {"code": 15740}}, {"service": {"name": "Surgical Services"}, "facility": {"code": 15740}}, {"service": {"name": "Curative Services"}, "facility": {"code": 15740}}, {"service": {"name": "Permanent FP"}, "facility": {"code": 15740}}, {"service": {"name": "Long Term FP"}, "facility": {"code": 15740}}, {"service": {"name": "Short Term FP"}, "facility": {"code": 15740}}, {"service": {"name": "Management of STIs"}, "facility": {"code": 15740}}, {"service": {"name": "Condom Promotion and Distribution"}, "facility": {"code": 15740}}, {"service": {"name": "Emergency Obstetric Care"}, "facility": {"code": 15739}}, {"service": {"name": "Rehabilitative Health Services - Physiotherapy"}, "facility": {"code": 15739}}, {"service": {"name": "Curative Services"}, "facility": {"code": 15739}}, {"service": {"name": "Facility Based Blood Transfusion Service"}, "facility": {"code": 15739}}, {"service": {"name": "Rehabilitative Health Services - Orthopaedic Technology"}, "facility": {"code": 15739}}, {"service": {"name": "Rehabilitative Health Services - Occupational Health"}, "facility": {"code": 15739}}, {"service": {"name": "First Line Treatment"}, "facility": {"code": 15739}}, {"service": {"name": "Smear Microscopy"}, "facility": {"code": 15739}}, {"service": {"name": "Immunization with additional vaccines"}, "facility": {"code": 15739}}, {"service": {"name": "Basic Immunization"}, "facility": {"code": 15739}}, {"service": {"name": "Focused Antenatal Care"}, "facility": {"code": 15739}}, {"service": {"name": "Permanent FP"}, "facility": {"code": 15739}}, {"service": {"name": "Long Term FP"}, "facility": {"code": 15739}}, {"service": {"name": "Short Term FP"}, "facility": {"code": 15739}}, {"service": {"name": "Adult Antiretroviral Therapy"}, "facility": {"code": 15739}}, {"service": {"name": "Paediatric Antiretroviral Therapy"}, "facility": {"code": 15739}}, {"service": {"name": "Post Exposure Prophylaxis"}, "facility": {"code": 15739}}, {"service": {"name": "PMTCT - Maternity"}, "facility": {"code": 15739}}, {"service": {"name": "PMTCT - ANC"}, "facility": {"code": 15739}}, {"service": {"name": "Early Infant Diagnosis"}, "facility": {"code": 15739}}, {"service": {"name": "Diagnostic Counselling and Testing"}, "facility": {"code": 15739}}, {"service": {"name": "Provider Initiated Counselling and Testing"}, "facility": {"code": 15739}}, {"service": {"name": "Voluntary Counselling and Testing"}, "facility": {"code": 15739}}, {"service": {"name": "Management of STIs"}, "facility": {"code": 15739}}, {"service": {"name": "Condom Promotion and Distribution"}, "facility": {"code": 15739}}, {"service": {"name": "Emergency Preparedness"}, "facility": {"code": 15647}}, {"service": {"name": "Environmental Health Services"}, "facility": {"code": 15647}}, {"service": {"name": "Emergency Obstetric Care"}, "facility": {"code": 15647}}, {"service": {"name": "Laboratory Services"}, "facility": {"code": 15647}}, {"service": {"name": "Radiology Services"}, "facility": {"code": 15647}}, {"service": {"name": "Surgical Services"}, "facility": {"code": 15647}}, {"service": {"name": "Maternity Services"}, "facility": {"code": 15647}}, {"service": {"name": "Curative Services"}, "facility": {"code": 15647}}, {"service": {"name": "Mortuary Services"}, "facility": {"code": 15647}}, {"service": {"name": "Facility Based Blood Transfusion Service"}, "facility": {"code": 15647}}, {"service": {"name": "First Line Treatment"}, "facility": {"code": 15647}}, {"service": {"name": "Smear Microscopy"}, "facility": {"code": 15647}}, {"service": {"name": "Immunization with additional vaccines"}, "facility": {"code": 15647}}, {"service": {"name": "Basic Immunization"}, "facility": {"code": 15647}}, {"service": {"name": "Focused Antenatal Care"}, "facility": {"code": 15647}}, {"service": {"name": "PMTCT - Maternity"}, "facility": {"code": 15647}}, {"service": {"name": "PMTCT - ANC"}, "facility": {"code": 15647}}, {"service": {"name": "Early Infant Diagnosis"}, "facility": {"code": 15647}}, {"service": {"name": "Management of STIs"}, "facility": {"code": 15647}}, {"service": {"name": "Emergency Obstetric Care"}, "facility": {"code": 15558}}, {"service": {"name": "Environmental Health Services"}, "facility": {"code": 15558}}, {"service": {"name": "Maternity Services"}, "facility": {"code": 15558}}, {"service": {"name": "Curative Services"}, "facility": {"code": 15558}}, {"service": {"name": "Immunization with additional vaccines"}, "facility": {"code": 15558}}, {"service": {"name": "Basic Immunization"}, "facility": {"code": 15558}}, {"service": {"name": "Focused Antenatal Care"}, "facility": {"code": 15558}}, {"service": {"name": "Long Term FP"}, "facility": {"code": 15558}}, {"service": {"name": "Short Term FP"}, "facility": {"code": 15558}}, {"service": {"name": "PMTCT - Maternity"}, "facility": {"code": 15558}}, {"service": {"name": "PMTCT - ANC"}, "facility": {"code": 15558}}, {"service": {"name": "Early Infant Diagnosis"}, "facility": {"code": 15558}}, {"service": {"name": "Management of STIs"}, "facility": {"code": 15558}}, {"service": {"name": "Condom Promotion and Distribution"}, "facility": {"code": 15558}}, {"service": {"name": "Voluntary Counselling and Testing"}, "facility": {"code": 16469}}, {"service": {"name": "Curative Services"}, "facility": {"code": 14361}}, {"service": {"name": "Short Term FP"}, "facility": {"code": 14361}}, {"service": {"name": "Management of STIs"}, "facility": {"code": 14361}}, {"service": {"name": "Condom Promotion and Distribution"}, "facility": {"code": 14361}}, {"service": {"name": "Emergency Obstetric Care"}, "facility": {"code": 14360}}, {"service": {"name": "Surgical Services"}, "facility": {"code": 14360}}, {"service": {"name": "Maternity Services"}, "facility": {"code": 14360}}, {"service": {"name": "Curative Services"}, "facility": {"code": 14360}}, {"service": {"name": "Focused Antenatal Care"}, "facility": {"code": 14360}}, {"service": {"name": "Short Term FP"}, "facility": {"code": 14360}}, {"service": {"name": "PMTCT - ANC"}, "facility": {"code": 14360}}, {"service": {"name": "Management of STIs"}, "facility": {"code": 14360}}, {"service": {"name": "Condom Promotion and Distribution"}, "facility": {"code": 14360}}, {"service": {"name": "Emergency Obstetric Care"}, "facility": {"code": 14882}}, {"service": {"name": "Environmental Health Services"}, "facility": {"code": 14882}}, {"service": {"name": "Surgical Services"}, "facility": {"code": 14882}}, {"service": {"name": "Maternity Services"}, "facility": {"code": 14882}}, {"service": {"name": "Curative Services"}, "facility": {"code": 14882}}, {"service": {"name": "Basic Immunization"}, "facility": {"code": 14882}}, {"service": {"name": "Focused Antenatal Care"}, "facility": {"code": 14882}}, {"service": {"name": "Short Term FP"}, "facility": {"code": 14882}}, {"service": {"name": "PMTCT - ANC"}, "facility": {"code": 14882}}, {"service": {"name": "Early Infant Diagnosis"}, "facility": {"code": 14882}}, {"service": {"name": "Provider Initiated Counselling and Testing"}, "facility": {"code": 14882}}, {"service": {"name": "Management of STIs"}, "facility": {"code": 14882}}, {"service": {"name": "Condom Promotion and Distribution"}, "facility": {"code": 14882}}, {"service": {"name": "Emergency Preparedness"}, "facility": {"code": 16175}}, {"service": {"name": "Emergency Obstetric Care"}, "facility": {"code": 16175}}, {"service": {"name": "Mental Health Services"}, "facility": {"code": 16175}}, {"service": {"name": "Curative Services"}, "facility": {"code": 16175}}, {"service": {"name": "Focused Antenatal Care"}, "facility": {"code": 16175}}, {"service": {"name": "Integrated Services"}, "facility": {"code": 16175}}, {"service": {"name": "Long Term FP"}, "facility": {"code": 16175}}, {"service": {"name": "Short Term FP"}, "facility": {"code": 16175}}, {"service": {"name": "Diagnostic Counselling and Testing"}, "facility": {"code": 16175}}, {"service": {"name": "Provider Initiated Counselling and Testing"}, "facility": {"code": 16175}}, {"service": {"name": "Management of STIs"}, "facility": {"code": 16175}}, {"service": {"name": "Condom Promotion and Distribution"}, "facility": {"code": 16175}}, {"service": {"name": "Emergency Obstetric Care"}, "facility": {"code": 14333}}, {"service": {"name": "Environmental Health Services"}, "facility": {"code": 14333}}, {"service": {"name": "Surgical Services"}, "facility": {"code": 14333}}, {"service": {"name": "Maternity Services"}, "facility": {"code": 14333}}, {"service": {"name": "Curative Services"}, "facility": {"code": 14333}}, {"service": {"name": "Focused Antenatal Care"}, "facility": {"code": 14333}}, {"service": {"name": "Short Term FP"}, "facility": {"code": 14333}}, {"service": {"name": "PMTCT - ANC"}, "facility": {"code": 14333}}, {"service": {"name": "Early Infant Diagnosis"}, "facility": {"code": 14333}}, {"service": {"name": "Provider Initiated Counselling and Testing"}, "facility": {"code": 14333}}, {"service": {"name": "Management of STIs"}, "facility": {"code": 14333}}, {"service": {"name": "Condom Promotion and Distribution"}, "facility": {"code": 14333}}, {"service": {"name": "Emergency Preparedness"}, "facility": {"code": 10793}}, {"service": {"name": "Services for Sexual Violence Survivors"}, "facility": {"code": 10793}}, {"service": {"name": "Mental Health Services"}, "facility": {"code": 10793}}, {"service": {"name": "Emergency Obstetric Care"}, "facility": {"code": 10793}}, {"service": {"name": "Environmental Health Services"}, "facility": {"code": 10793}}, {"service": {"name": "Integrated Management of Childhood Illnesses"}, "facility": {"code": 10793}}, {"service": {"name": "Laboratory Services"}, "facility": {"code": 10793}}, {"service": {"name": "Maternity Services"}, "facility": {"code": 10793}}, {"service": {"name": "Curative Services"}, "facility": {"code": 10793}}, {"service": {"name": "Emergency Obstetric Care"}, "facility": {"code": 15158}}, {"service": {"name": "Smear Microscopy"}, "facility": {"code": 10793}}, {"service": {"name": "Basic Immunization"}, "facility": {"code": 10793}}, {"service": {"name": "Surgical Services"}, "facility": {"code": 15158}}, {"service": {"name": "Maternity Services"}, "facility": {"code": 15158}}, {"service": {"name": "Curative Services"}, "facility": {"code": 15158}}, {"service": {"name": "Focused Antenatal Care"}, "facility": {"code": 10793}}, {"service": {"name": "Integrated Services"}, "facility": {"code": 10793}}, {"service": {"name": "Long Term FP"}, "facility": {"code": 10793}}, {"service": {"name": "Short Term FP"}, "facility": {"code": 10793}}, {"service": {"name": "Basic Immunization"}, "facility": {"code": 15158}}, {"service": {"name": "Post Exposure Prophylaxis"}, "facility": {"code": 10793}}, {"service": {"name": "Focused Antenatal Care"}, "facility": {"code": 15158}}, {"service": {"name": "PMTCT - ANC"}, "facility": {"code": 10793}}, {"service": {"name": "Early Infant Diagnosis"}, "facility": {"code": 10793}}, {"service": {"name": "Short Term FP"}, "facility": {"code": 15158}}, {"service": {"name": "Provider Initiated Counselling and Testing"}, "facility": {"code": 10793}}, {"service": {"name": "PMTCT - ANC"}, "facility": {"code": 15158}}, {"service": {"name": "Management of STIs"}, "facility": {"code": 10793}}, {"service": {"name": "Condom Promotion and Distribution"}, "facility": {"code": 10793}}, {"service": {"name": "Early Infant Diagnosis"}, "facility": {"code": 15158}}, {"service": {"name": "Provider Initiated Counselling and Testing"}, "facility": {"code": 15158}}, {"service": {"name": "Management of STIs"}, "facility": {"code": 15158}}, {"service": {"name": "Condom Promotion and Distribution"}, "facility": {"code": 15158}}, {"service": {"name": "Emergency Preparedness"}, "facility": {"code": 10791}}, {"service": {"name": "Emergency Obstetric Care"}, "facility": {"code": 10791}}, {"service": {"name": "Environmental Health Services"}, "facility": {"code": 10791}}, {"service": {"name": "Services for Sexual Violence Survivors"}, "facility": {"code": 10791}}, {"service": {"name": "Mental Health Services"}, "facility": {"code": 10791}}, {"service": {"name": "Nutrition Services"}, "facility": {"code": 10791}}, {"service": {"name": "Maternity Services"}, "facility": {"code": 10791}}, {"service": {"name": "Curative Services"}, "facility": {"code": 10791}}, {"service": {"name": "Basic Immunization"}, "facility": {"code": 10791}}, {"service": {"name": "Focused Antenatal Care"}, "facility": {"code": 10791}}, {"service": {"name": "Emergency Obstetric Care"}, "facility": {"code": 14832}}, {"service": {"name": "Integrated Services"}, "facility": {"code": 10791}}, {"service": {"name": "Long Term FP"}, "facility": {"code": 10791}}, {"service": {"name": "Environmental Health Services"}, "facility": {"code": 14832}}, {"service": {"name": "Short Term FP"}, "facility": {"code": 10791}}, {"service": {"name": "Surgical Services"}, "facility": {"code": 14832}}, {"service": {"name": "Maternity Services"}, "facility": {"code": 14832}}, {"service": {"name": "Curative Services"}, "facility": {"code": 14832}}, {"service": {"name": "PMTCT - ANC"}, "facility": {"code": 10791}}, {"service": {"name": "Diagnostic Counselling and Testing"}, "facility": {"code": 10791}}, {"service": {"name": "Condom Promotion and Distribution"}, "facility": {"code": 10791}}, {"service": {"name": "Basic Immunization"}, "facility": {"code": 14832}}, {"service": {"name": "Focused Antenatal Care"}, "facility": {"code": 14832}}, {"service": {"name": "Short Term FP"}, "facility": {"code": 14832}}, {"service": {"name": "PMTCT - ANC"}, "facility": {"code": 14832}}, {"service": {"name": "Early Infant Diagnosis"}, "facility": {"code": 14832}}, {"service": {"name": "Provider Initiated Counselling and Testing"}, "facility": {"code": 14832}}, {"service": {"name": "Voluntary Counselling and Testing"}, "facility": {"code": 14832}}, {"service": {"name": "Management of STIs"}, "facility": {"code": 14832}}, {"service": {"name": "Condom Promotion and Distribution"}, "facility": {"code": 14832}}, {"service": {"name": "Emergency Obstetric Care"}, "facility": {"code": 14755}}, {"service": {"name": "Environmental Health Services"}, "facility": {"code": 14755}}, {"service": {"name": "Laboratory Services"}, "facility": {"code": 14755}}, {"service": {"name": "Surgical Services"}, "facility": {"code": 14755}}, {"service": {"name": "Maternity Services"}, "facility": {"code": 14755}}, {"service": {"name": "Curative Services"}, "facility": {"code": 14755}}, {"service": {"name": "Basic Immunization"}, "facility": {"code": 14755}}, {"service": {"name": "Focused Antenatal Care"}, "facility": {"code": 14755}}, {"service": {"name": "Short Term FP"}, "facility": {"code": 14755}}, {"service": {"name": "PMTCT - ANC"}, "facility": {"code": 14755}}, {"service": {"name": "Smear Microscopy"}, "facility": {"code": 10785}}, {"service": {"name": "Early Infant Diagnosis"}, "facility": {"code": 14755}}, {"service": {"name": "Provider Initiated Counselling and Testing"}, "facility": {"code": 14755}}, {"service": {"name": "Management of STIs"}, "facility": {"code": 14755}}, {"service": {"name": "Condom Promotion and Distribution"}, "facility": {"code": 14755}}, {"service": {"name": "Emergency Preparedness"}, "facility": {"code": 10785}}, {"service": {"name": "Emergency Obstetric Care"}, "facility": {"code": 14647}}, {"service": {"name": "Emergency Obstetric Care"}, "facility": {"code": 10785}}, {"service": {"name": "Mental Health Services"}, "facility": {"code": 10785}}, {"service": {"name": "Surgical Services"}, "facility": {"code": 14647}}, {"service": {"name": "Maternity Services"}, "facility": {"code": 14647}}, {"service": {"name": "Curative Services"}, "facility": {"code": 14647}}, {"service": {"name": "Environmental Health Services"}, "facility": {"code": 10785}}, {"service": {"name": "Basic Immunization"}, "facility": {"code": 14647}}, {"service": {"name": "Nutrition Services"}, "facility": {"code": 10785}}, {"service": {"name": "Integrated Management of Childhood Illnesses"}, "facility": {"code": 10785}}, {"service": {"name": "Curative Services"}, "facility": {"code": 10785}}, {"service": {"name": "Focused Antenatal Care"}, "facility": {"code": 14647}}, {"service": {"name": "Short Term FP"}, "facility": {"code": 14647}}, {"service": {"name": "Basic Immunization"}, "facility": {"code": 10785}}, {"service": {"name": "Focused Antenatal Care"}, "facility": {"code": 10785}}, {"service": {"name": "PMTCT - ANC"}, "facility": {"code": 14647}}, {"service": {"name": "Early Infant Diagnosis"}, "facility": {"code": 14647}}, {"service": {"name": "Provider Initiated Counselling and Testing"}, "facility": {"code": 14647}}, {"service": {"name": "Integrated Services"}, "facility": {"code": 10785}}, {"service": {"name": "Management of STIs"}, "facility": {"code": 14647}}, {"service": {"name": "Long Term FP"}, "facility": {"code": 10785}}, {"service": {"name": "Condom Promotion and Distribution"}, "facility": {"code": 14647}}, {"service": {"name": "Short Term FP"}, "facility": {"code": 10785}}, {"service": {"name": "PMTCT - Maternity"}, "facility": {"code": 10785}}, {"service": {"name": "PMTCT - ANC"}, "facility": {"code": 10785}}, {"service": {"name": "Diagnostic Counselling and Testing"}, "facility": {"code": 10785}}, {"service": {"name": "Provider Initiated Counselling and Testing"}, "facility": {"code": 10785}}, {"service": {"name": "Management of STIs"}, "facility": {"code": 10785}}, {"service": {"name": "Condom Promotion and Distribution"}, "facility": {"code": 10785}}, {"service": {"name": "Emergency Preparedness"}, "facility": {"code": 15657}}, {"service": {"name": "Emergency Obstetric Care"}, "facility": {"code": 15657}}, {"service": {"name": "Laboratory Services"}, "facility": {"code": 15657}}, {"service": {"name": "Maternity Services"}, "facility": {"code": 15657}}, {"service": {"name": "Curative Services"}, "facility": {"code": 15657}}, {"service": {"name": "Focused Antenatal Care"}, "facility": {"code": 15657}}, {"service": {"name": "Short Term FP"}, "facility": {"code": 15657}}, {"service": {"name": "Post Exposure Prophylaxis"}, "facility": {"code": 15657}}, {"service": {"name": "PMTCT - ANC"}, "facility": {"code": 15657}}, {"service": {"name": "PMTCT - Maternity"}, "facility": {"code": 15657}}, {"service": {"name": "Voluntary Counselling and Testing"}, "facility": {"code": 15657}}, {"service": {"name": "Management of STIs"}, "facility": {"code": 15657}}, {"service": {"name": "Condom Promotion and Distribution"}, "facility": {"code": 15657}}, {"service": {"name": "Environmental Health Services"}, "facility": {"code": 14362}}, {"service": {"name": "Emergency Obstetric Care"}, "facility": {"code": 14362}}, {"service": {"name": "Nutrition Services"}, "facility": {"code": 14362}}, {"service": {"name": "Laboratory Services"}, "facility": {"code": 14362}}, {"service": {"name": "Smear Microscopy"}, "facility": {"code": 14362}}, {"service": {"name": "Emergency Obstetric Care"}, "facility": {"code": 10771}}, {"service": {"name": "Emergency Preparedness"}, "facility": {"code": 15667}}, {"service": {"name": "Emergency Obstetric Care"}, "facility": {"code": 15667}}, {"service": {"name": "Maternity Services"}, "facility": {"code": 10771}}, {"service": {"name": "Curative Services"}, "facility": {"code": 10771}}, {"service": {"name": "Nutrition Services"}, "facility": {"code": 15667}}, {"service": {"name": "Integrated Management of Childhood Illnesses"}, "facility": {"code": 15667}}, {"service": {"name": "Laboratory Services"}, "facility": {"code": 15667}}, {"service": {"name": "Curative Services"}, "facility": {"code": 15667}}, {"service": {"name": "Basic Immunization"}, "facility": {"code": 15667}}, {"service": {"name": "Focused Antenatal Care"}, "facility": {"code": 15667}}, {"service": {"name": "Surgical Services"}, "facility": {"code": 14362}}, {"service": {"name": "PMTCT - ANC"}, "facility": {"code": 15667}}, {"service": {"name": "Basic Immunization"}, "facility": {"code": 10771}}, {"service": {"name": "Maternity Services"}, "facility": {"code": 14362}}, {"service": {"name": "Provider Initiated Counselling and Testing"}, "facility": {"code": 15667}}, {"service": {"name": "Curative Services"}, "facility": {"code": 14362}}, {"service": {"name": "Focused Antenatal Care"}, "facility": {"code": 10771}}, {"service": {"name": "Voluntary Counselling and Testing"}, "facility": {"code": 15667}}, {"service": {"name": "Integrated Services"}, "facility": {"code": 10771}}, {"service": {"name": "Long Term FP"}, "facility": {"code": 10771}}, {"service": {"name": "Short Term FP"}, "facility": {"code": 10771}}, {"service": {"name": "PMTCT - ANC"}, "facility": {"code": 10771}}, {"service": {"name": "Provider Initiated Counselling and Testing"}, "facility": {"code": 10771}}, {"service": {"name": "Management of STIs"}, "facility": {"code": 10771}}, {"service": {"name": "Condom Promotion and Distribution"}, "facility": {"code": 10771}}, {"service": {"name": "First Line Treatment"}, "facility": {"code": 14362}}, {"service": {"name": "Basic Immunization"}, "facility": {"code": 14362}}, {"service": {"name": "Focused Antenatal Care"}, "facility": {"code": 14362}}, {"service": {"name": "Short Term FP"}, "facility": {"code": 14362}}, {"service": {"name": "Adult Antiretroviral Therapy"}, "facility": {"code": 14362}}, {"service": {"name": "Paediatric Antiretroviral Therapy"}, "facility": {"code": 14362}}, {"service": {"name": "PMTCT - ANC"}, "facility": {"code": 14362}}, {"service": {"name": "Early Infant Diagnosis"}, "facility": {"code": 14362}}, {"service": {"name": "Provider Initiated Counselling and Testing"}, "facility": {"code": 14362}}, {"service": {"name": "Voluntary Counselling and Testing"}, "facility": {"code": 14362}}, {"service": {"name": "Management of STIs"}, "facility": {"code": 14362}}, {"service": {"name": "Condom Promotion and Distribution"}, "facility": {"code": 14362}}, {"service": {"name": "Emergency Obstetric Care"}, "facility": {"code": 14600}}, {"service": {"name": "Laboratory Services"}, "facility": {"code": 14600}}, {"service": {"name": "Curative Services"}, "facility": {"code": 14600}}, {"service": {"name": "Short Term FP"}, "facility": {"code": 14600}}, {"service": {"name": "Voluntary Counselling and Testing"}, "facility": {"code": 14600}}, {"service": {"name": "Management of STIs"}, "facility": {"code": 14600}}, {"service": {"name": "Condom Promotion and Distribution"}, "facility": {"code": 14600}}, {"service": {"name": "Basic Immunization"}, "facility": {"code": 10759}}, {"service": {"name": "Curative Services"}, "facility": {"code": 10759}}, {"service": {"name": "Integrated Management of Childhood Illnesses"}, "facility": {"code": 10759}}, {"service": {"name": "Nutrition Services"}, "facility": {"code": 10759}}, {"service": {"name": "Environmental Health Services"}, "facility": {"code": 10759}}, {"service": {"name": "Emergency Preparedness"}, "facility": {"code": 10759}}, {"service": {"name": "Emergency Obstetric Care"}, "facility": {"code": 10759}}, {"service": {"name": "Integrated Services"}, "facility": {"code": 10759}}, {"service": {"name": "Focused Antenatal Care"}, "facility": {"code": 10759}}, {"service": {"name": "Long Term FP"}, "facility": {"code": 10759}}, {"service": {"name": "Short Term FP"}, "facility": {"code": 10759}}, {"service": {"name": "Provider Initiated Counselling and Testing"}, "facility": {"code": 10759}}, {"service": {"name": "Management of STIs"}, "facility": {"code": 10759}}, {"service": {"name": "Diagnostic Counselling and Testing"}, "facility": {"code": 10759}}, {"service": {"name": "Condom Promotion and Distribution"}, "facility": {"code": 10759}}, {"service": {"name": "Emergency Preparedness"}, "facility": {"code": 14836}}, {"service": {"name": "Emergency Obstetric Care"}, "facility": {"code": 14836}}, {"service": {"name": "Environmental Health Services"}, "facility": {"code": 14836}}, {"service": {"name": "Emergency Preparedness"}, "facility": {"code": 14939}}, {"service": {"name": "Nutrition Services"}, "facility": {"code": 14836}}, {"service": {"name": "Integrated Management of Childhood Illnesses"}, "facility": {"code": 14836}}, {"service": {"name": "Oral Health Services (Dental Services)"}, "facility": {"code": 14939}}, {"service": {"name": "Laboratory Services"}, "facility": {"code": 14836}}, {"service": {"name": "Emergency Obstetric Care"}, "facility": {"code": 14939}}, {"service": {"name": "Surgical Services"}, "facility": {"code": 14836}}, {"service": {"name": "Environmental Health Services"}, "facility": {"code": 14939}}, {"service": {"name": "Mental Health Services"}, "facility": {"code": 14939}}, {"service": {"name": "Maternity Services"}, "facility": {"code": 14836}}, {"service": {"name": "Curative Services"}, "facility": {"code": 14836}}, {"service": {"name": "Nutrition Services"}, "facility": {"code": 14939}}, {"service": {"name": "Focused Antenatal Care"}, "facility": {"code": 14836}}, {"service": {"name": "Surgical Services"}, "facility": {"code": 14939}}, {"service": {"name": "Basic Immunization"}, "facility": {"code": 14836}}, {"service": {"name": "Maternity Services"}, "facility": {"code": 14939}}, {"service": {"name": "Curative Services"}, "facility": {"code": 14939}}, {"service": {"name": "Long Term FP"}, "facility": {"code": 14836}}, {"service": {"name": "Short Term FP"}, "facility": {"code": 14836}}, {"service": {"name": "Emergency Obstetric Care"}, "facility": {"code": 15103}}, {"service": {"name": "Post Exposure Prophylaxis"}, "facility": {"code": 14836}}, {"service": {"name": "PMTCT - Maternity"}, "facility": {"code": 14836}}, {"service": {"name": "PMTCT - ANC"}, "facility": {"code": 14836}}, {"service": {"name": "Early Infant Diagnosis"}, "facility": {"code": 14836}}, {"service": {"name": "Curative Services"}, "facility": {"code": 15103}}, {"service": {"name": "Diagnostic Counselling and Testing"}, "facility": {"code": 14836}}, {"service": {"name": "Provider Initiated Counselling and Testing"}, "facility": {"code": 14836}}, {"service": {"name": "Voluntary Counselling and Testing"}, "facility": {"code": 14836}}, {"service": {"name": "Management of STIs"}, "facility": {"code": 14836}}, {"service": {"name": "Condom Promotion and Distribution"}, "facility": {"code": 14836}}, {"service": {"name": "Short Term FP"}, "facility": {"code": 15103}}, {"service": {"name": "Provider Initiated Counselling and Testing"}, "facility": {"code": 15103}}, {"service": {"name": "Post Exposure Prophylaxis"}, "facility": {"code": 15103}}, {"service": {"name": "Management of STIs"}, "facility": {"code": 15103}}, {"service": {"name": "Condom Promotion and Distribution"}, "facility": {"code": 15103}}, {"service": {"name": "Emergency Obstetric Care"}, "facility": {"code": 14359}}, {"service": {"name": "Environmental Health Services"}, "facility": {"code": 14359}}, {"service": {"name": "Surgical Services"}, "facility": {"code": 14359}}, {"service": {"name": "Maternity Services"}, "facility": {"code": 14359}}, {"service": {"name": "Curative Services"}, "facility": {"code": 14359}}, {"service": {"name": "Emergency Preparedness"}, "facility": {"code": 14583}}, {"service": {"name": "Emergency Obstetric Care"}, "facility": {"code": 14583}}, {"service": {"name": "Emergency Preparedness"}, "facility": {"code": 14921}}, {"service": {"name": "Laboratory Services"}, "facility": {"code": 14583}}, {"service": {"name": "Basic Immunization"}, "facility": {"code": 14359}}, {"service": {"name": "Focused Antenatal Care"}, "facility": {"code": 14359}}, {"service": {"name": "Curative Services"}, "facility": {"code": 14583}}, {"service": {"name": "Short Term FP"}, "facility": {"code": 14359}}, {"service": {"name": "Oral Health Services (Dental Services)"}, "facility": {"code": 14921}}, {"service": {"name": "Basic Immunization"}, "facility": {"code": 14583}}, {"service": {"name": "Emergency Obstetric Care"}, "facility": {"code": 14921}}, {"service": {"name": "Focused Antenatal Care"}, "facility": {"code": 14583}}, {"service": {"name": "Environmental Health Services"}, "facility": {"code": 14921}}, {"service": {"name": "Mental Health Services"}, "facility": {"code": 14921}}, {"service": {"name": "Short Term FP"}, "facility": {"code": 14583}}, {"service": {"name": "PMTCT - ANC"}, "facility": {"code": 14359}}, {"service": {"name": "Opthalmic Services"}, "facility": {"code": 14921}}, {"service": {"name": "Early Infant Diagnosis"}, "facility": {"code": 14359}}, {"service": {"name": "Nutrition Services"}, "facility": {"code": 14921}}, {"service": {"name": "Post Exposure Prophylaxis"}, "facility": {"code": 14583}}, {"service": {"name": "PMTCT - ANC"}, "facility": {"code": 14583}}, {"service": {"name": "Surgical Services"}, "facility": {"code": 14921}}, {"service": {"name": "Provider Initiated Counselling and Testing"}, "facility": {"code": 14359}}, {"service": {"name": "Maternity Services"}, "facility": {"code": 14921}}, {"service": {"name": "Voluntary Counselling and Testing"}, "facility": {"code": 14583}}, {"service": {"name": "Management of STIs"}, "facility": {"code": 14583}}, {"service": {"name": "Management of STIs"}, "facility": {"code": 14359}}, {"service": {"name": "Curative Services"}, "facility": {"code": 14921}}, {"service": {"name": "Condom Promotion and Distribution"}, "facility": {"code": 14583}}, {"service": {"name": "Condom Promotion and Distribution"}, "facility": {"code": 14359}}, {"service": {"name": "First Line Treatment"}, "facility": {"code": 14921}}, {"service": {"name": "Tuberculosis Culture"}, "facility": {"code": 14921}}, {"service": {"name": "Smear Microscopy"}, "facility": {"code": 14921}}, {"service": {"name": "Immunization with additional vaccines"}, "facility": {"code": 14921}}, {"service": {"name": "Basic Immunization"}, "facility": {"code": 14921}}, {"service": {"name": "Emergency Preparedness"}, "facility": {"code": 14426}}, {"service": {"name": "Emergency Obstetric Care"}, "facility": {"code": 14426}}, {"service": {"name": "Environmental Health Services"}, "facility": {"code": 14426}}, {"service": {"name": "Nutrition Services"}, "facility": {"code": 14426}}, {"service": {"name": "Integrated Management of Childhood Illnesses"}, "facility": {"code": 14426}}, {"service": {"name": "Surgical Services"}, "facility": {"code": 14426}}, {"service": {"name": "Maternity Services"}, "facility": {"code": 14426}}, {"service": {"name": "Curative Services"}, "facility": {"code": 14426}}, {"service": {"name": "Emergency Preparedness"}, "facility": {"code": 14903}}, {"service": {"name": "Oral Health Services (Dental Services)"}, "facility": {"code": 14903}}, {"service": {"name": "Emergency Obstetric Care"}, "facility": {"code": 14903}}, {"service": {"name": "Tuberculosis Culture"}, "facility": {"code": 14426}}, {"service": {"name": "First Line Treatment"}, "facility": {"code": 14426}}, {"service": {"name": "Smear Microscopy"}, "facility": {"code": 14426}}, {"service": {"name": "Environmental Health Services"}, "facility": {"code": 14903}}, {"service": {"name": "Basic Immunization"}, "facility": {"code": 14426}}, {"service": {"name": "Mental Health Services"}, "facility": {"code": 14903}}, {"service": {"name": "Opthalmic Services"}, "facility": {"code": 14903}}, {"service": {"name": "Nutrition Services"}, "facility": {"code": 14903}}, {"service": {"name": "Focused Antenatal Care"}, "facility": {"code": 14426}}, {"service": {"name": "Emergency Preparedness"}, "facility": {"code": 14204}}, {"service": {"name": "Surgical Services"}, "facility": {"code": 14903}}, {"service": {"name": "Long Term FP"}, "facility": {"code": 14426}}, {"service": {"name": "Emergency Obstetric Care"}, "facility": {"code": 14204}}, {"service": {"name": "Maternity Services"}, "facility": {"code": 14903}}, {"service": {"name": "Curative Services"}, "facility": {"code": 14903}}, {"service": {"name": "Short Term FP"}, "facility": {"code": 14426}}, {"service": {"name": "Services for Sexual Violence Survivors"}, "facility": {"code": 10692}}, {"service": {"name": "Mental Health Services"}, "facility": {"code": 10692}}, {"service": {"name": "Nutrition Services"}, "facility": {"code": 14204}}, {"service": {"name": "Post Exposure Prophylaxis"}, "facility": {"code": 14426}}, {"service": {"name": "PMTCT - Maternity"}, "facility": {"code": 14426}}, {"service": {"name": "PMTCT - ANC"}, "facility": {"code": 14426}}, {"service": {"name": "Early Infant Diagnosis"}, "facility": {"code": 14426}}, {"service": {"name": "Emergency Preparedness"}, "facility": {"code": 10692}}, {"service": {"name": "Laboratory Services"}, "facility": {"code": 14204}}, {"service": {"name": "Diagnostic Counselling and Testing"}, "facility": {"code": 14426}}, {"service": {"name": "Provider Initiated Counselling and Testing"}, "facility": {"code": 14426}}, {"service": {"name": "Voluntary Counselling and Testing"}, "facility": {"code": 14426}}, {"service": {"name": "Surgical Services"}, "facility": {"code": 14204}}, {"service": {"name": "Environmental Health Services"}, "facility": {"code": 10692}}, {"service": {"name": "Management of STIs"}, "facility": {"code": 14426}}, {"service": {"name": "Condom Promotion and Distribution"}, "facility": {"code": 14426}}, {"service": {"name": "Maternity Services"}, "facility": {"code": 14204}}, {"service": {"name": "Laboratory Services"}, "facility": {"code": 10692}}, {"service": {"name": "Curative Services"}, "facility": {"code": 14204}}, {"service": {"name": "Facility Based Blood Collection Service"}, "facility": {"code": 14204}}, {"service": {"name": "Curative Services"}, "facility": {"code": 10692}}, {"service": {"name": "Basic Immunization"}, "facility": {"code": 14204}}, {"service": {"name": "Focused Antenatal Care"}, "facility": {"code": 14204}}, {"service": {"name": "Focused Antenatal Care"}, "facility": {"code": 10692}}, {"service": {"name": "Permanent FP"}, "facility": {"code": 14204}}, {"service": {"name": "Long Term FP"}, "facility": {"code": 14204}}, {"service": {"name": "Short Term FP"}, "facility": {"code": 14204}}, {"service": {"name": "Post Exposure Prophylaxis"}, "facility": {"code": 14204}}, {"service": {"name": "Basic Immunization"}, "facility": {"code": 10692}}, {"service": {"name": "PMTCT - Maternity"}, "facility": {"code": 14204}}, {"service": {"name": "PMTCT - ANC"}, "facility": {"code": 14204}}, {"service": {"name": "Emergency Obstetric Care"}, "facility": {"code": 15219}}, {"service": {"name": "Diagnostic Counselling and Testing"}, "facility": {"code": 14204}}, {"service": {"name": "Integrated Services"}, "facility": {"code": 10692}}, {"service": {"name": "Provider Initiated Counselling and Testing"}, "facility": {"code": 14204}}, {"service": {"name": "Voluntary Counselling and Testing"}, "facility": {"code": 14204}}, {"service": {"name": "Management of STIs"}, "facility": {"code": 14204}}, {"service": {"name": "Condom Promotion and Distribution"}, "facility": {"code": 14204}}, {"service": {"name": "Nutrition Services"}, "facility": {"code": 15219}}, {"service": {"name": "PMTCT - ANC"}, "facility": {"code": 10692}}, {"service": {"name": "Provider Initiated Counselling and Testing"}, "facility": {"code": 10692}}, {"service": {"name": "Laboratory Services"}, "facility": {"code": 15219}}, {"service": {"name": "Surgical Services"}, "facility": {"code": 15219}}, {"service": {"name": "Management of STIs"}, "facility": {"code": 10692}}, {"service": {"name": "First Line Treatment"}, "facility": {"code": 15219}}, {"service": {"name": "Basic Immunization"}, "facility": {"code": 15219}}, {"service": {"name": "Focused Antenatal Care"}, "facility": {"code": 15219}}, {"service": {"name": "Short Term FP"}, "facility": {"code": 15219}}, {"service": {"name": "Adult Antiretroviral Therapy"}, "facility": {"code": 15219}}, {"service": {"name": "Paediatric Antiretroviral Therapy"}, "facility": {"code": 15219}}, {"service": {"name": "PMTCT - ANC"}, "facility": {"code": 15219}}, {"service": {"name": "Early Infant Diagnosis"}, "facility": {"code": 15219}}, {"service": {"name": "Provider Initiated Counselling and Testing"}, "facility": {"code": 15219}}, {"service": {"name": "Voluntary Counselling and Testing"}, "facility": {"code": 15219}}, {"service": {"name": "Management of STIs"}, "facility": {"code": 15219}}, {"service": {"name": "Condom Promotion and Distribution"}, "facility": {"code": 15219}}, {"service": {"name": "Emergency Preparedness"}, "facility": {"code": 17083}}, {"service": {"name": "Oral Health Services (Dental Services)"}, "facility": {"code": 17083}}, {"service": {"name": "Emergency Obstetric Care"}, "facility": {"code": 17083}}, {"service": {"name": "Environmental Health Services"}, "facility": {"code": 17083}}, {"service": {"name": "Mental Health Services"}, "facility": {"code": 17083}}, {"service": {"name": "Opthalmic Services"}, "facility": {"code": 17083}}, {"service": {"name": "Nutrition Services"}, "facility": {"code": 17083}}, {"service": {"name": "Surgical Services"}, "facility": {"code": 17083}}, {"service": {"name": "Maternity Services"}, "facility": {"code": 17083}}, {"service": {"name": "Curative Services"}, "facility": {"code": 17083}}, {"service": {"name": "Short Term FP"}, "facility": {"code": 17083}}, {"service": {"name": "Provider Initiated Counselling and Testing"}, "facility": {"code": 17083}}, {"service": {"name": "Voluntary Counselling and Testing"}, "facility": {"code": 17083}}, {"service": {"name": "Emergency Preparedness"}, "facility": {"code": 15357}}, {"service": {"name": "Emergency Obstetric Care"}, "facility": {"code": 15357}}, {"service": {"name": "Environmental Health Services"}, "facility": {"code": 15357}}, {"service": {"name": "Nutrition Services"}, "facility": {"code": 15357}}, {"service": {"name": "Integrated Management of Childhood Illnesses"}, "facility": {"code": 15357}}, {"service": {"name": "Laboratory Services"}, "facility": {"code": 15357}}, {"service": {"name": "Surgical Services"}, "facility": {"code": 15357}}, {"service": {"name": "Maternity Services"}, "facility": {"code": 15357}}, {"service": {"name": "Curative Services"}, "facility": {"code": 15357}}, {"service": {"name": "Emergency Obstetric Care"}, "facility": {"code": 16668}}, {"service": {"name": "Basic Immunization"}, "facility": {"code": 15357}}, {"service": {"name": "Laboratory Services"}, "facility": {"code": 16668}}, {"service": {"name": "Curative Services"}, "facility": {"code": 16668}}, {"service": {"name": "Short Term FP"}, "facility": {"code": 15357}}, {"service": {"name": "Basic Immunization"}, "facility": {"code": 16668}}, {"service": {"name": "Focused Antenatal Care"}, "facility": {"code": 16668}}, {"service": {"name": "Early Infant Diagnosis"}, "facility": {"code": 15357}}, {"service": {"name": "Post Exposure Prophylaxis"}, "facility": {"code": 15357}}, {"service": {"name": "PMTCT - ANC"}, "facility": {"code": 15357}}, {"service": {"name": "Stand Alone Services"}, "facility": {"code": 16668}}, {"service": {"name": "Diagnostic Counselling and Testing"}, "facility": {"code": 15357}}, {"service": {"name": "Short Term FP"}, "facility": {"code": 16668}}, {"service": {"name": "Provider Initiated Counselling and Testing"}, "facility": {"code": 15357}}, {"service": {"name": "Management of STIs"}, "facility": {"code": 15357}}, {"service": {"name": "Post Exposure Prophylaxis"}, "facility": {"code": 16668}}, {"service": {"name": "Condom Promotion and Distribution"}, "facility": {"code": 15357}}, {"service": {"name": "Provider Initiated Counselling and Testing"}, "facility": {"code": 16668}}, {"service": {"name": "Voluntary Counselling and Testing"}, "facility": {"code": 16668}}, {"service": {"name": "Management of STIs"}, "facility": {"code": 16668}}, {"service": {"name": "Condom Promotion and Distribution"}, "facility": {"code": 16668}}, {"service": {"name": "Nutrition Services"}, "facility": {"code": 14752}}, {"service": {"name": "Environmental Health Services"}, "facility": {"code": 14752}}, {"service": {"name": "Emergency Obstetric Care"}, "facility": {"code": 15118}}, {"service": {"name": "Environmental Health Services"}, "facility": {"code": 15118}}, {"service": {"name": "Emergency Preparedness"}, "facility": {"code": 14951}}, {"service": {"name": "Surgical Services"}, "facility": {"code": 15118}}, {"service": {"name": "Maternity Services"}, "facility": {"code": 15118}}, {"service": {"name": "Emergency Obstetric Care"}, "facility": {"code": 14951}}, {"service": {"name": "Curative Services"}, "facility": {"code": 15118}}, {"service": {"name": "Nutrition Services"}, "facility": {"code": 14951}}, {"service": {"name": "Integrated Management of Childhood Illnesses"}, "facility": {"code": 14951}}, {"service": {"name": "Laboratory Services"}, "facility": {"code": 14951}}, {"service": {"name": "Radiology Services"}, "facility": {"code": 14951}}, {"service": {"name": "Basic Immunization"}, "facility": {"code": 15118}}, {"service": {"name": "Surgical Services"}, "facility": {"code": 14951}}, {"service": {"name": "Basic Immunization"}, "facility": {"code": 14951}}, {"service": {"name": "Focused Antenatal Care"}, "facility": {"code": 15118}}, {"service": {"name": "Maternity Services"}, "facility": {"code": 14951}}, {"service": {"name": "Curative Services"}, "facility": {"code": 14951}}, {"service": {"name": "Focused Antenatal Care"}, "facility": {"code": 14951}}, {"service": {"name": "Specialized ANC"}, "facility": {"code": 14951}}, {"service": {"name": "Long Term FP"}, "facility": {"code": 14951}}, {"service": {"name": "PMTCT - ANC"}, "facility": {"code": 14951}}, {"service": {"name": "Voluntary Counselling and Testing"}, "facility": {"code": 14951}}, {"service": {"name": "Short Term FP"}, "facility": {"code": 14951}}, {"service": {"name": "Diagnostic Counselling and Testing"}, "facility": {"code": 14951}}, {"service": {"name": "PMTCT - Maternity"}, "facility": {"code": 14951}}, {"service": {"name": "Post Exposure Prophylaxis"}, "facility": {"code": 14951}}, {"service": {"name": "Provider Initiated Counselling and Testing"}, "facility": {"code": 14951}}, {"service": {"name": "Short Term FP"}, "facility": {"code": 15118}}, {"service": {"name": "Management of STIs"}, "facility": {"code": 14951}}, {"service": {"name": "PMTCT - ANC"}, "facility": {"code": 15118}}, {"service": {"name": "Emergency Obstetric Care"}, "facility": {"code": 16393}}, {"service": {"name": "Emergency Preparedness"}, "facility": {"code": 16393}}, {"service": {"name": "Early Infant Diagnosis"}, "facility": {"code": 15118}}, {"service": {"name": "Integrated Management of Childhood Illnesses"}, "facility": {"code": 16393}}, {"service": {"name": "Environmental Health Services"}, "facility": {"code": 16393}}, {"service": {"name": "Provider Initiated Counselling and Testing"}, "facility": {"code": 15118}}, {"service": {"name": "Surgical Services"}, "facility": {"code": 16393}}, {"service": {"name": "Voluntary Counselling and Testing"}, "facility": {"code": 15118}}, {"service": {"name": "Emergency Preparedness"}, "facility": {"code": 14815}}, {"service": {"name": "Oral Health Services (Dental Services)"}, "facility": {"code": 14815}}, {"service": {"name": "Curative Services"}, "facility": {"code": 16393}}, {"service": {"name": "Management of STIs"}, "facility": {"code": 15118}}, {"service": {"name": "Emergency Obstetric Care"}, "facility": {"code": 14815}}, {"service": {"name": "Condom Promotion and Distribution"}, "facility": {"code": 15118}}, {"service": {"name": "Environmental Health Services"}, "facility": {"code": 14815}}, {"service": {"name": "Basic Immunization"}, "facility": {"code": 16393}}, {"service": {"name": "Mental Health Services"}, "facility": {"code": 14815}}, {"service": {"name": "Short Term FP"}, "facility": {"code": 16393}}, {"service": {"name": "Opthalmic Services"}, "facility": {"code": 14815}}, {"service": {"name": "Diagnostic Counselling and Testing"}, "facility": {"code": 16393}}, {"service": {"name": "Nutrition Services"}, "facility": {"code": 14815}}, {"service": {"name": "Provider Initiated Counselling and Testing"}, "facility": {"code": 16393}}, {"service": {"name": "Condom Promotion and Distribution"}, "facility": {"code": 16393}}, {"service": {"name": "Surgical Services"}, "facility": {"code": 14815}}, {"service": {"name": "Maternity Services"}, "facility": {"code": 14815}}, {"service": {"name": "Curative Services"}, "facility": {"code": 14815}}, {"service": {"name": "Focused Antenatal Care"}, "facility": {"code": 14815}}, {"service": {"name": "Management of STIs"}, "facility": {"code": 14815}}, {"service": {"name": "Emergency Preparedness"}, "facility": {"code": 14517}}, {"service": {"name": "Environmental Health Services"}, "facility": {"code": 14517}}, {"service": {"name": "Nutrition Services"}, "facility": {"code": 14517}}, {"service": {"name": "Curative Services"}, "facility": {"code": 14517}}, {"service": {"name": "Provider Initiated Counselling and Testing"}, "facility": {"code": 14517}}, {"service": {"name": "Voluntary Counselling and Testing"}, "facility": {"code": 14517}}, {"service": {"name": "Management of STIs"}, "facility": {"code": 14517}}, {"service": {"name": "Condom Promotion and Distribution"}, "facility": {"code": 14517}}, {"service": {"name": "Emergency Obstetric Care"}, "facility": {"code": 15546}}, {"service": {"name": "Environmental Health Services"}, "facility": {"code": 15546}}, {"service": {"name": "Surgical Services"}, "facility": {"code": 15546}}, {"service": {"name": "Maternity Services"}, "facility": {"code": 15546}}, {"service": {"name": "Curative Services"}, "facility": {"code": 15546}}, {"service": {"name": "Basic Immunization"}, "facility": {"code": 15546}}, {"service": {"name": "Focused Antenatal Care"}, "facility": {"code": 15546}}, {"service": {"name": "Short Term FP"}, "facility": {"code": 15546}}, {"service": {"name": "PMTCT - ANC"}, "facility": {"code": 15546}}, {"service": {"name": "Early Infant Diagnosis"}, "facility": {"code": 15546}}, {"service": {"name": "Provider Initiated Counselling and Testing"}, "facility": {"code": 15546}}, {"service": {"name": "Management of STIs"}, "facility": {"code": 15546}}, {"service": {"name": "Condom Promotion and Distribution"}, "facility": {"code": 15546}}, {"service": {"name": "Environmental Health Services"}, "facility": {"code": 15451}}, {"service": {"name": "Emergency Obstetric Care"}, "facility": {"code": 15451}}, {"service": {"name": "Maternity Services"}, "facility": {"code": 15451}}, {"service": {"name": "Curative Services"}, "facility": {"code": 15451}}, {"service": {"name": "Emergency Preparedness"}, "facility": {"code": 14189}}, {"service": {"name": "Emergency Obstetric Care"}, "facility": {"code": 14189}}, {"service": {"name": "First Line Treatment"}, "facility": {"code": 15451}}, {"service": {"name": "Nutrition Services"}, "facility": {"code": 14189}}, {"service": {"name": "Laboratory Services"}, "facility": {"code": 14189}}, {"service": {"name": "Immunization with additional vaccines"}, "facility": {"code": 15451}}, {"service": {"name": "Curative Services"}, "facility": {"code": 14189}}, {"service": {"name": "Basic Immunization"}, "facility": {"code": 15451}}, {"service": {"name": "Focused Antenatal Care"}, "facility": {"code": 15451}}, {"service": {"name": "Emergency Obstetric Care"}, "facility": {"code": 14751}}, {"service": {"name": "Focused Antenatal Care"}, "facility": {"code": 14189}}, {"service": {"name": "Short Term FP"}, "facility": {"code": 14189}}, {"service": {"name": "Long Term FP"}, "facility": {"code": 15451}}, {"service": {"name": "Environmental Health Services"}, "facility": {"code": 14751}}, {"service": {"name": "Provider Initiated Counselling and Testing"}, "facility": {"code": 14189}}, {"service": {"name": "Short Term FP"}, "facility": {"code": 15451}}, {"service": {"name": "Post Exposure Prophylaxis"}, "facility": {"code": 14189}}, {"service": {"name": "Services for Sexual Violence Survivors"}, "facility": {"code": 14751}}, {"service": {"name": "Voluntary Counselling and Testing"}, "facility": {"code": 14189}}, {"service": {"name": "Management of STIs"}, "facility": {"code": 14189}}, {"service": {"name": "PMTCT - Maternity"}, "facility": {"code": 15451}}, {"service": {"name": "Condom Promotion and Distribution"}, "facility": {"code": 14189}}, {"service": {"name": "PMTCT - ANC"}, "facility": {"code": 15451}}, {"service": {"name": "Nutrition Services"}, "facility": {"code": 14751}}, {"service": {"name": "Early Infant Diagnosis"}, "facility": {"code": 15451}}, {"service": {"name": "Curative Services"}, "facility": {"code": 14751}}, {"service": {"name": "Management of STIs"}, "facility": {"code": 15451}}, {"service": {"name": "Condom Promotion and Distribution"}, "facility": {"code": 15451}}, {"service": {"name": "Basic Immunization"}, "facility": {"code": 14751}}, {"service": {"name": "Focused Antenatal Care"}, "facility": {"code": 14751}}, {"service": {"name": "Short Term FP"}, "facility": {"code": 14751}}, {"service": {"name": "Post Exposure Prophylaxis"}, "facility": {"code": 14751}}, {"service": {"name": "PMTCT - ANC"}, "facility": {"code": 14751}}, {"service": {"name": "Early Infant Diagnosis"}, "facility": {"code": 14751}}, {"service": {"name": "Diagnostic Counselling and Testing"}, "facility": {"code": 14751}}, {"service": {"name": "Emergency Preparedness"}, "facility": {"code": 14747}}, {"service": {"name": "Provider Initiated Counselling and Testing"}, "facility": {"code": 14751}}, {"service": {"name": "Voluntary Counselling and Testing"}, "facility": {"code": 14751}}, {"service": {"name": "Oral Health Services (Dental Services)"}, "facility": {"code": 14747}}, {"service": {"name": "Management of STIs"}, "facility": {"code": 14751}}, {"service": {"name": "Emergency Obstetric Care"}, "facility": {"code": 14747}}, {"service": {"name": "Environmental Health Services"}, "facility": {"code": 14747}}, {"service": {"name": "Mental Health Services"}, "facility": {"code": 14747}}, {"service": {"name": "Emergency Obstetric Care"}, "facility": {"code": 14529}}, {"service": {"name": "Condom Promotion and Distribution"}, "facility": {"code": 14751}}, {"service": {"name": "Nutrition Services"}, "facility": {"code": 14747}}, {"service": {"name": "Nutrition Services"}, "facility": {"code": 14529}}, {"service": {"name": "Curative Services"}, "facility": {"code": 14529}}, {"service": {"name": "Surgical Services"}, "facility": {"code": 14747}}, {"service": {"name": "Maternity Services"}, "facility": {"code": 14747}}, {"service": {"name": "Management of STIs"}, "facility": {"code": 14529}}, {"service": {"name": "Curative Services"}, "facility": {"code": 14747}}, {"service": {"name": "Condom Promotion and Distribution"}, "facility": {"code": 14529}}, {"service": {"name": "Basic Immunization"}, "facility": {"code": 14747}}, {"service": {"name": "Emergency Obstetric Care"}, "facility": {"code": 14381}}, {"service": {"name": "Environmental Health Services"}, "facility": {"code": 14381}}, {"service": {"name": "Surgical Services"}, "facility": {"code": 14381}}, {"service": {"name": "Maternity Services"}, "facility": {"code": 14381}}, {"service": {"name": "Curative Services"}, "facility": {"code": 14381}}, {"service": {"name": "Basic Immunization"}, "facility": {"code": 14381}}, {"service": {"name": "Focused Antenatal Care"}, "facility": {"code": 14381}}, {"service": {"name": "Short Term FP"}, "facility": {"code": 14381}}, {"service": {"name": "PMTCT - ANC"}, "facility": {"code": 14381}}, {"service": {"name": "Early Infant Diagnosis"}, "facility": {"code": 14381}}, {"service": {"name": "Provider Initiated Counselling and Testing"}, "facility": {"code": 14381}}, {"service": {"name": "Management of STIs"}, "facility": {"code": 14381}}, {"service": {"name": "Condom Promotion and Distribution"}, "facility": {"code": 14381}}, {"service": {"name": "Emergency Preparedness"}, "facility": {"code": 14312}}, {"service": {"name": "Emergency Obstetric Care"}, "facility": {"code": 14312}}, {"service": {"name": "Environmental Health Services"}, "facility": {"code": 14312}}, {"service": {"name": "Integrated Management of Childhood Illnesses"}, "facility": {"code": 14312}}, {"service": {"name": "Emergency Preparedness"}, "facility": {"code": 16667}}, {"service": {"name": "Surgical Services"}, "facility": {"code": 14312}}, {"service": {"name": "Curative Services"}, "facility": {"code": 14312}}, {"service": {"name": "Emergency Obstetric Care"}, "facility": {"code": 16667}}, {"service": {"name": "Integrated Management of Childhood Illnesses"}, "facility": {"code": 16667}}, {"service": {"name": "Basic Immunization"}, "facility": {"code": 14312}}, {"service": {"name": "Laboratory Services"}, "facility": {"code": 16667}}, {"service": {"name": "Short Term FP"}, "facility": {"code": 14312}}, {"service": {"name": "Curative Services"}, "facility": {"code": 16667}}, {"service": {"name": "PMTCT - ANC"}, "facility": {"code": 14312}}, {"service": {"name": "Nutrition Services"}, "facility": {"code": 15000}}, {"service": {"name": "Provider Initiated Counselling and Testing"}, "facility": {"code": 14312}}, {"service": {"name": "Integrated Management of Childhood Illnesses"}, "facility": {"code": 15000}}, {"service": {"name": "First Line Treatment"}, "facility": {"code": 16667}}, {"service": {"name": "Tuberculosis Culture"}, "facility": {"code": 16667}}, {"service": {"name": "Management of STIs"}, "facility": {"code": 14312}}, {"service": {"name": "Emergency Preparedness"}, "facility": {"code": 14728}}, {"service": {"name": "Condom Promotion and Distribution"}, "facility": {"code": 14312}}, {"service": {"name": "Smear Microscopy"}, "facility": {"code": 16667}}, {"service": {"name": "Oral Health Services (Dental Services)"}, "facility": {"code": 14728}}, {"service": {"name": "Basic Immunization"}, "facility": {"code": 16667}}, {"service": {"name": "Focused Antenatal Care"}, "facility": {"code": 16667}}, {"service": {"name": "Emergency Obstetric Care"}, "facility": {"code": 14728}}, {"service": {"name": "Integrated Services"}, "facility": {"code": 16667}}, {"service": {"name": "Environmental Health Services"}, "facility": {"code": 14728}}, {"service": {"name": "Permanent FP"}, "facility": {"code": 16667}}, {"service": {"name": "Long Term FP"}, "facility": {"code": 16667}}, {"service": {"name": "Short Term FP"}, "facility": {"code": 16667}}, {"service": {"name": "Mental Health Services"}, "facility": {"code": 14728}}, {"service": {"name": "Home Based Care"}, "facility": {"code": 16667}}, {"service": {"name": "Opthalmic Services"}, "facility": {"code": 14728}}, {"service": {"name": "Adult Antiretroviral Therapy"}, "facility": {"code": 16667}}, {"service": {"name": "Nutrition Services"}, "facility": {"code": 14728}}, {"service": {"name": "Paediatric Antiretroviral Therapy"}, "facility": {"code": 16667}}, {"service": {"name": "Integrated Management of Childhood Illnesses"}, "facility": {"code": 14728}}, {"service": {"name": "Ambulance Sevices"}, "facility": {"code": 14728}}, {"service": {"name": "Post Exposure Prophylaxis"}, "facility": {"code": 16667}}, {"service": {"name": "Laboratory Services"}, "facility": {"code": 14728}}, {"service": {"name": "Surgical Services"}, "facility": {"code": 14728}}, {"service": {"name": "Basic Immunization"}, "facility": {"code": 15000}}, {"service": {"name": "Maternity Services"}, "facility": {"code": 14728}}, {"service": {"name": "PMTCT - ANC"}, "facility": {"code": 16667}}, {"service": {"name": "Curative Services"}, "facility": {"code": 14728}}, {"service": {"name": "Early Infant Diagnosis"}, "facility": {"code": 16667}}, {"service": {"name": "Diagnostic Counselling and Testing"}, "facility": {"code": 16667}}, {"service": {"name": "Provider Initiated Counselling and Testing"}, "facility": {"code": 16667}}, {"service": {"name": "Voluntary Counselling and Testing"}, "facility": {"code": 16667}}, {"service": {"name": "Management of STIs"}, "facility": {"code": 16667}}, {"service": {"name": "First Line Treatment"}, "facility": {"code": 14728}}, {"service": {"name": "Condom Promotion and Distribution"}, "facility": {"code": 16667}}, {"service": {"name": "Smear Microscopy"}, "facility": {"code": 14728}}, {"service": {"name": "Tuberculosis Culture"}, "facility": {"code": 14728}}, {"service": {"name": "Short Term FP"}, "facility": {"code": 15000}}, {"service": {"name": "Focused Antenatal Care"}, "facility": {"code": 14728}}, {"service": {"name": "PMTCT - ANC"}, "facility": {"code": 15000}}, {"service": {"name": "Adult Antiretroviral Therapy"}, "facility": {"code": 14728}}, {"service": {"name": "Paediatric Antiretroviral Therapy"}, "facility": {"code": 14728}}, {"service": {"name": "Voluntary Counselling and Testing"}, "facility": {"code": 15000}}, {"service": {"name": "Management of STIs"}, "facility": {"code": 15000}}, {"service": {"name": "Condom Promotion and Distribution"}, "facility": {"code": 15000}}, {"service": {"name": "Curative Services"}, "facility": {"code": 14852}}, {"service": {"name": "Management of STIs"}, "facility": {"code": 14852}}, {"service": {"name": "Emergency Obstetric Care"}, "facility": {"code": 16669}}, {"service": {"name": "Laboratory Services"}, "facility": {"code": 16669}}, {"service": {"name": "Surgical Services"}, "facility": {"code": 16669}}, {"service": {"name": "Maternity Services"}, "facility": {"code": 16669}}, {"service": {"name": "Curative Services"}, "facility": {"code": 16669}}, {"service": {"name": "Emergency Preparedness"}, "facility": {"code": 14717}}, {"service": {"name": "Emergency Preparedness"}, "facility": {"code": 14445}}, {"service": {"name": "Oral Health Services (Dental Services)"}, "facility": {"code": 14717}}, {"service": {"name": "Emergency Obstetric Care"}, "facility": {"code": 14445}}, {"service": {"name": "Basic Immunization"}, "facility": {"code": 16669}}], "unique_fields": ["facility", "service"], "model": "facilities.FacilityService"}]