[{"records": [{"service": {"name": "Management of STIs"}, "facility": {"code": 15168}}, {"service": {"name": "Environmental Health Services"}, "facility": {"code": 15418}}, {"service": {"name": "Curative Services"}, "facility": {"code": 15214}}, {"service": {"name": "Mental Health Services"}, "facility": {"code": 15697}}, {"service": {"name": "Nutrition Services"}, "facility": {"code": 15418}}, {"service": {"name": "Condom Promotion and Distribution"}, "facility": {"code": 15168}}, {"service": {"name": "Integrated Management of Childhood Illnesses"}, "facility": {"code": 15418}}, {"service": {"name": "Long Term FP"}, "facility": {"code": 15009}}, {"service": {"name": "Short Term FP"}, "facility": {"code": 15009}}, {"service": {"name": "Curative Services"}, "facility": {"code": 15418}}, {"service": {"name": "Opthalmic Services"}, "facility": {"code": 15697}}, {"service": {"name": "ENT Services"}, "facility": {"code": 15327}}, {"service": {"name": "Home Based Care"}, "facility": {"code": 15009}}, {"service": {"name": "Nutrition Services"}, "facility": {"code": 15697}}, {"service": {"name": "Adult Antiretroviral Therapy"}, "facility": {"code": 15009}}, {"service": {"name": "Emergency Preparedness"}, "facility": {"code": 15327}}, {"service": {"name": "Basic Immunization"}, "facility": {"code": 15418}}, {"service": {"name": "Focused Antenatal Care"}, "facility": {"code": 15418}}, {"service": {"name": "Paediatric Antiretroviral Therapy"}, "facility": {"code": 15009}}, {"service": {"name": "Emergency Obstetric Care"}, "facility": {"code": 15327}}, {"service": {"name": "Basic Immunization"}, "facility": {"code": 15214}}, {"service": {"name": "Post Exposure Prophylaxis"}, "facility": {"code": 15009}}, {"service": {"name": "Integrated Management of Childhood Illnesses"}, "facility": {"code": 15697}}, {"service": {"name": "Integrated Services"}, "facility": {"code": 15418}}, {"service": {"name": "Short Term FP"}, "facility": {"code": 15418}}, {"service": {"name": "PMTCT - ANC"}, "facility": {"code": 15009}}, {"service": {"name": "Early Infant Diagnosis"}, "facility": {"code": 15009}}, {"service": {"name": "Short Term FP"}, "facility": {"code": 15214}}, {"service": {"name": "Post Exposure Prophylaxis"}, "facility": {"code": 15418}}, {"service": {"name": "Surgical Services"}, "facility": {"code": 15697}}, {"service": {"name": "Diagnostic Counselling and Testing"}, "facility": {"code": 15009}}, {"service": {"name": "PMTCT - ANC"}, "facility": {"code": 15418}}, {"service": {"name": "Provider Initiated Counselling and Testing"}, "facility": {"code": 15009}}, {"service": {"name": "Curative Services"}, "facility": {"code": 15697}}, {"service": {"name": "Provider Initiated Counselling and Testing"}, "facility": {"code": 15418}}, {"service": {"name": "Voluntary Counselling and Testing"}, "facility": {"code": 15009}}, {"service": {"name": "PMTCT - ANC"}, "facility": {"code": 15214}}, {"service": {"name": "Voluntary Counselling and Testing"}, "facility": {"code": 15418}}, {"service": {"name": "Management of STIs"}, "facility": {"code": 15418}}, {"service": {"name": "Management of STIs"}, "facility": {"code": 15009}}, {"service": {"name": "Services for Sexual Violence Survivors"}, "facility": {"code": 15327}}, {"service": {"name": "Condom Promotion and Distribution"}, "facility": {"code": 15418}}, {"service": {"name": "Diagnostic Counselling and Testing"}, "facility": {"code": 15214}}, {"service": {"name": "Condom Promotion and Distribution"}, "facility": {"code": 15009}}, {"service": {"name": "Long Term FP"}, "facility": {"code": 15697}}, {"service": {"name": "Dental Laboratory Services"}, "facility": {"code": 14218}}, {"service": {"name": "Provider Initiated Counselling and Testing"}, "facility": {"code": 15214}}, {"service": {"name": "Management of STIs"}, "facility": {"code": 15214}}, {"service": {"name": "Mental Health Services"}, "facility": {"code": 15327}}, {"service": {"name": "Condom Promotion and Distribution"}, "facility": {"code": 15214}}, {"service": {"name": "Short Term FP"}, "facility": {"code": 15697}}, {"service": {"name": "Emergency Obstetric Care"}, "facility": {"code": 14218}}, {"service": {"name": "Opthalmic Services"}, "facility": {"code": 15327}}, {"service": {"name": "Nutrition Services"}, "facility": {"code": 15327}}, {"service": {"name": "Nutrition Services"}, "facility": {"code": 14218}}, {"service": {"name": "Provider Initiated Counselling and Testing"}, "facility": {"code": 15697}}, {"service": {"name": "Management of STIs"}, "facility": {"code": 15697}}, {"service": {"name": "Curative Services"}, "facility": {"code": 14218}}, {"service": {"name": "Condom Promotion and Distribution"}, "facility": {"code": 15697}}, {"service": {"name": "Surgical Services"}, "facility": {"code": 15327}}, {"service": {"name": "Basic Immunization"}, "facility": {"code": 14218}}, {"service": {"name": "Focused Antenatal Care"}, "facility": {"code": 14218}}, {"service": {"name": "PMTCT - ANC"}, "facility": {"code": 14218}}, {"service": {"name": "Diagnostic Counselling and Testing"}, "facility": {"code": 14218}}, {"service": {"name": "Provider Initiated Counselling and Testing"}, "facility": {"code": 14218}}, {"service": {"name": "Voluntary Counselling and Testing"}, "facility": {"code": 14218}}, {"service": {"name": "Maternity Services"}, "facility": {"code": 15327}}, {"service": {"name": "Curative Services"}, "facility": {"code": 15327}}, {"service": {"name": "Basic Immunization"}, "facility": {"code": 15327}}, {"service": {"name": "Focused Antenatal Care"}, "facility": {"code": 15327}}, {"service": {"name": "Short Term FP"}, "facility": {"code": 15327}}, {"service": {"name": "Post Exposure Prophylaxis"}, "facility": {"code": 15327}}, {"service": {"name": "PMTCT - ANC"}, "facility": {"code": 15327}}, {"service": {"name": "Diagnostic Counselling and Testing"}, "facility": {"code": 15327}}, {"service": {"name": "Management of STIs"}, "facility": {"code": 15327}}, {"service": {"name": "Condom Promotion and Distribution"}, "facility": {"code": 15327}}, {"service": {"name": "Mental Health Services"}, "facility": {"code": 15688}}, {"service": {"name": "Opthalmic Services"}, "facility": {"code": 15688}}, {"service": {"name": "Nutrition Services"}, "facility": {"code": 15688}}, {"service": {"name": "Integrated Management of Childhood Illnesses"}, "facility": {"code": 15688}}, {"service": {"name": "Emergency Preparedness"}, "facility": {"code": 15314}}, {"service": {"name": "ENT Services"}, "facility": {"code": 15314}}, {"service": {"name": "Surgical Services"}, "facility": {"code": 15688}}, {"service": {"name": "Dental Laboratory Services"}, "facility": {"code": 15314}}, {"service": {"name": "Emergency Preparedness"}, "facility": {"code": 15425}}, {"service": {"name": "Emergency Obstetric Care"}, "facility": {"code": 15425}}, {"service": {"name": "Oral Health Services (Dental Services)"}, "facility": {"code": 15314}}, {"service": {"name": "Environmental Health Services"}, "facility": {"code": 15425}}, {"service": {"name": "Emergency Obstetric Care"}, "facility": {"code": 15314}}, {"service": {"name": "Emergency Preparedness"}, "facility": {"code": 14268}}, {"service": {"name": "Nutrition Services"}, "facility": {"code": 15425}}, {"service": {"name": "Integrated Management of Childhood Illnesses"}, "facility": {"code": 15425}}, {"service": {"name": "Environmental Health Services"}, "facility": {"code": 15314}}, {"service": {"name": "Curative Services"}, "facility": {"code": 15688}}, {"service": {"name": "Curative Services"}, "facility": {"code": 15425}}, {"service": {"name": "Emergency Obstetric Care"}, "facility": {"code": 14268}}, {"service": {"name": "Nutrition Services"}, "facility": {"code": 15314}}, {"service": {"name": "Basic Immunization"}, "facility": {"code": 15425}}, {"service": {"name": "Focused Antenatal Care"}, "facility": {"code": 15425}}, {"service": {"name": "Long Term FP"}, "facility": {"code": 15688}}, {"service": {"name": "Integrated Services"}, "facility": {"code": 15425}}, {"service": {"name": "Integrated Management of Childhood Illnesses"}, "facility": {"code": 15314}}, {"service": {"name": "Short Term FP"}, "facility": {"code": 15425}}, {"service": {"name": "Post Exposure Prophylaxis"}, "facility": {"code": 15425}}, {"service": {"name": "Curative Services"}, "facility": {"code": 15314}}, {"service": {"name": "Short Term FP"}, "facility": {"code": 15688}}, {"service": {"name": "PMTCT - ANC"}, "facility": {"code": 15425}}, {"service": {"name": "Provider Initiated Counselling and Testing"}, "facility": {"code": 15425}}, {"service": {"name": "Voluntary Counselling and Testing"}, "facility": {"code": 15425}}, {"service": {"name": "Management of STIs"}, "facility": {"code": 15425}}, {"service": {"name": "Condom Promotion and Distribution"}, "facility": {"code": 15425}}, {"service": {"name": "Focused Antenatal Care"}, "facility": {"code": 15314}}, {"service": {"name": "Short Term FP"}, "facility": {"code": 15314}}, {"service": {"name": "Oral Health Services (Dental Services)"}, "facility": {"code": 14330}}, {"service": {"name": "Emergency Obstetric Care"}, "facility": {"code": 14350}}, {"service": {"name": "Environmental Health Services"}, "facility": {"code": 14350}}, {"service": {"name": "Laboratory Services"}, "facility": {"code": 14268}}, {"service": {"name": "PMTCT - ANC"}, "facility": {"code": 15314}}, {"service": {"name": "Diagnostic Counselling and Testing"}, "facility": {"code": 15314}}, {"service": {"name": "Environmental Health Services"}, "facility": {"code": 14330}}, {"service": {"name": "Surgical Services"}, "facility": {"code": 14350}}, {"service": {"name": "Emergency Obstetric Care"}, "facility": {"code": 15241}}, {"service": {"name": "Maternity Services"}, "facility": {"code": 14350}}, {"service": {"name": "Provider Initiated Counselling and Testing"}, "facility": {"code": 15314}}, {"service": {"name": "Curative Services"}, "facility": {"code": 14350}}, {"service": {"name": "Management of STIs"}, "facility": {"code": 15314}}, {"service": {"name": "Condom Promotion and Distribution"}, "facility": {"code": 15314}}, {"service": {"name": "Curative Services"}, "facility": {"code": 14268}}, {"service": {"name": "Basic Immunization"}, "facility": {"code": 14350}}, {"service": {"name": "Emergency Preparedness"}, "facility": {"code": 15008}}, {"service": {"name": "Focused Antenatal Care"}, "facility": {"code": 14350}}, {"service": {"name": "ENT Services"}, "facility": {"code": 15008}}, {"service": {"name": "Short Term FP"}, "facility": {"code": 14350}}, {"service": {"name": "Emergency Obstetric Care"}, "facility": {"code": 15008}}, {"service": {"name": "Environmental Health Services"}, "facility": {"code": 15008}}, {"service": {"name": "Nutrition Services"}, "facility": {"code": 15008}}, {"service": {"name": "PMTCT - ANC"}, "facility": {"code": 14350}}, {"service": {"name": "Integrated Management of Childhood Illnesses"}, "facility": {"code": 15008}}, {"service": {"name": "Early Infant Diagnosis"}, "facility": {"code": 14350}}, {"service": {"name": "Laboratory Services"}, "facility": {"code": 15008}}, {"service": {"name": "Provider Initiated Counselling and Testing"}, "facility": {"code": 14350}}, {"service": {"name": "Maternity Services"}, "facility": {"code": 15008}}, {"service": {"name": "Management of STIs"}, "facility": {"code": 14350}}, {"service": {"name": "Curative Services"}, "facility": {"code": 15008}}, {"service": {"name": "Nutrition Services"}, "facility": {"code": 14330}}, {"service": {"name": "Provider Initiated Counselling and Testing"}, "facility": {"code": 15688}}, {"service": {"name": "Integrated Management of Childhood Illnesses"}, "facility": {"code": 14330}}, {"service": {"name": "Long Term FP"}, "facility": {"code": 14268}}, {"service": {"name": "Short Term FP"}, "facility": {"code": 14268}}, {"service": {"name": "Condom Promotion and Distribution"}, "facility": {"code": 14350}}, {"service": {"name": "Ambulance Sevices"}, "facility": {"code": 15241}}, {"service": {"name": "Management of STIs"}, "facility": {"code": 15688}}, {"service": {"name": "First Line Treatment"}, "facility": {"code": 15008}}, {"service": {"name": "Condom Promotion and Distribution"}, "facility": {"code": 15688}}, {"service": {"name": "Tuberculosis Culture"}, "facility": {"code": 15008}}, {"service": {"name": "Laboratory Services"}, "facility": {"code": 14330}}, {"service": {"name": "Laboratory Services"}, "facility": {"code": 15241}}, {"service": {"name": "Voluntary Male Circumcision"}, "facility": {"code": 14268}}, {"service": {"name": "Smear Microscopy"}, "facility": {"code": 15008}}, {"service": {"name": "Basic Immunization"}, "facility": {"code": 15008}}, {"service": {"name": "Surgical Services"}, "facility": {"code": 15241}}, {"service": {"name": "Maternity Services"}, "facility": {"code": 14330}}, {"service": {"name": "Focused Antenatal Care"}, "facility": {"code": 15008}}, {"service": {"name": "Voluntary Counselling and Testing"}, "facility": {"code": 14268}}, {"service": {"name": "Management of STIs"}, "facility": {"code": 14268}}, {"service": {"name": "Curative Services"}, "facility": {"code": 14330}}, {"service": {"name": "Long Term FP"}, "facility": {"code": 15008}}, {"service": {"name": "Short Term FP"}, "facility": {"code": 15008}}, {"service": {"name": "Maternity Services"}, "facility": {"code": 15241}}, {"service": {"name": "Post Exposure Prophylaxis"}, "facility": {"code": 15008}}, {"service": {"name": "PMTCT - Maternity"}, "facility": {"code": 15008}}, {"service": {"name": "PMTCT - ANC"}, "facility": {"code": 15008}}, {"service": {"name": "Early Infant Diagnosis"}, "facility": {"code": 15008}}, {"service": {"name": "Diagnostic Counselling and Testing"}, "facility": {"code": 15008}}, {"service": {"name": "Provider Initiated Counselling and Testing"}, "facility": {"code": 15008}}, {"service": {"name": "Curative Services"}, "facility": {"code": 15241}}, {"service": {"name": "Voluntary Counselling and Testing"}, "facility": {"code": 15008}}, {"service": {"name": "Management of STIs"}, "facility": {"code": 15008}}, {"service": {"name": "Condom Promotion and Distribution"}, "facility": {"code": 15008}}, {"service": {"name": "Tuberculosis Culture"}, "facility": {"code": 14330}}, {"service": {"name": "Emergency Preparedness"}, "facility": {"code": 14891}}, {"service": {"name": "Emergency Obstetric Care"}, "facility": {"code": 14891}}, {"service": {"name": "Environmental Health Services"}, "facility": {"code": 14891}}, {"service": {"name": "Nutrition Services"}, "facility": {"code": 14891}}, {"service": {"name": "Integrated Management of Childhood Illnesses"}, "facility": {"code": 14891}}, {"service": {"name": "Curative Services"}, "facility": {"code": 14891}}, {"service": {"name": "Basic Immunization"}, "facility": {"code": 14891}}, {"service": {"name": "Focused Antenatal Care"}, "facility": {"code": 14891}}, {"service": {"name": "Integrated Services"}, "facility": {"code": 14891}}, {"service": {"name": "PMTCT - Maternity"}, "facility": {"code": 15241}}, {"service": {"name": "Short Term FP"}, "facility": {"code": 14891}}, {"service": {"name": "Post Exposure Prophylaxis"}, "facility": {"code": 14891}}, {"service": {"name": "PMTCT - ANC"}, "facility": {"code": 14891}}, {"service": {"name": "Provider Initiated Counselling and Testing"}, "facility": {"code": 14891}}, {"service": {"name": "Voluntary Counselling and Testing"}, "facility": {"code": 14891}}, {"service": {"name": "Management of STIs"}, "facility": {"code": 14891}}, {"service": {"name": "Early Infant Diagnosis"}, "facility": {"code": 14764}}, {"service": {"name": "Condom Promotion and Distribution"}, "facility": {"code": 14891}}, {"service": {"name": "Voluntary Counselling and Testing"}, "facility": {"code": 15001}}, {"service": {"name": "Mental Health Services"}, "facility": {"code": 15687}}, {"service": {"name": "Emergency Obstetric Care"}, "facility": {"code": 15001}}, {"service": {"name": "Opthalmic Services"}, "facility": {"code": 15687}}, {"service": {"name": "Environmental Health Services"}, "facility": {"code": 15001}}, {"service": {"name": "Tuberculosis Culture"}, "facility": {"code": 12905}}, {"service": {"name": "Nutrition Services"}, "facility": {"code": 15687}}, {"service": {"name": "Smear Microscopy"}, "facility": {"code": 12905}}, {"service": {"name": "Surgical Services"}, "facility": {"code": 15001}}, {"service": {"name": "Maternity Services"}, "facility": {"code": 15001}}, {"service": {"name": "First Line Treatment"}, "facility": {"code": 15001}}, {"service": {"name": "Integrated Management of Childhood Illnesses"}, "facility": {"code": 15687}}, {"service": {"name": "Immunization with additional vaccines"}, "facility": {"code": 15241}}, {"service": {"name": "Laboratory Services"}, "facility": {"code": 15687}}, {"service": {"name": "Curative Services"}, "facility": {"code": 15001}}, {"service": {"name": "Surgical Services"}, "facility": {"code": 15687}}, {"service": {"name": "Curative Services"}, "facility": {"code": 15687}}, {"service": {"name": "Basic Immunization"}, "facility": {"code": 15001}}, {"service": {"name": "Focused Antenatal Care"}, "facility": {"code": 15001}}, {"service": {"name": "Adult Antiretroviral Therapy"}, "facility": {"code": 12905}}, {"service": {"name": "Short Term FP"}, "facility": {"code": 15001}}, {"service": {"name": "Basic Immunization"}, "facility": {"code": 15241}}, {"service": {"name": "Emergency Preparedness"}, "facility": {"code": 17108}}, {"service": {"name": "ENT Services"}, "facility": {"code": 17108}}, {"service": {"name": "PMTCT - ANC"}, "facility": {"code": 15001}}, {"service": {"name": "Early Infant Diagnosis"}, "facility": {"code": 15001}}, {"service": {"name": "Post Exposure Prophylaxis"}, "facility": {"code": 12905}}, {"service": {"name": "Provider Initiated Counselling and Testing"}, "facility": {"code": 15001}}, {"service": {"name": "Dental Laboratory Services"}, "facility": {"code": 17108}}, {"service": {"name": "Paediatric Antiretroviral Therapy"}, "facility": {"code": 15013}}, {"service": {"name": "Adult Antiretroviral Therapy"}, "facility": {"code": 15013}}, {"service": {"name": "Management of STIs"}, "facility": {"code": 15001}}, {"service": {"name": "Oral Health Services (Dental Services)"}, "facility": {"code": 17108}}, {"service": {"name": "Condom Promotion and Distribution"}, "facility": {"code": 15001}}, {"service": {"name": "Emergency Obstetric Care"}, "facility": {"code": 17108}}, {"service": {"name": "Permanent FP"}, "facility": {"code": 15241}}, {"service": {"name": "Focused Antenatal Care"}, "facility": {"code": 15241}}, {"service": {"name": "Emergency Preparedness"}, "facility": {"code": 15013}}, {"service": {"name": "Emergency Preparedness"}, "facility": {"code": 15424}}, {"service": {"name": "Emergency Obstetric Care"}, "facility": {"code": 15424}}, {"service": {"name": "Nutrition Services"}, "facility": {"code": 15013}}, {"service": {"name": "Integrated Management of Childhood Illnesses"}, "facility": {"code": 15013}}, {"service": {"name": "Environmental Health Services"}, "facility": {"code": 15424}}, {"service": {"name": "Laboratory Services"}, "facility": {"code": 15013}}, {"service": {"name": "Nutrition Services"}, "facility": {"code": 15424}}, {"service": {"name": "Surgical Services"}, "facility": {"code": 15013}}, {"service": {"name": "Maternity Services"}, "facility": {"code": 15013}}, {"service": {"name": "Curative Services"}, "facility": {"code": 15013}}, {"service": {"name": "Maternity Services"}, "facility": {"code": 14329}}, {"service": {"name": "Integrated Management of Childhood Illnesses"}, "facility": {"code": 15424}}, {"service": {"name": "Curative Services"}, "facility": {"code": 15424}}, {"service": {"name": "First Line Treatment"}, "facility": {"code": 15013}}, {"service": {"name": "PMTCT - Maternity"}, "facility": {"code": 12905}}, {"service": {"name": "PMTCT - ANC"}, "facility": {"code": 12905}}, {"service": {"name": "Smear Microscopy"}, "facility": {"code": 15013}}, {"service": {"name": "Early Infant Diagnosis"}, "facility": {"code": 12905}}, {"service": {"name": "Diagnostic Counselling and Testing"}, "facility": {"code": 12905}}, {"service": {"name": "Basic Immunization"}, "facility": {"code": 15424}}, {"service": {"name": "Voluntary Counselling and Testing"}, "facility": {"code": 12905}}, {"service": {"name": "Focused Antenatal Care"}, "facility": {"code": 15424}}, {"service": {"name": "Basic Immunization"}, "facility": {"code": 15013}}, {"service": {"name": "Integrated Services"}, "facility": {"code": 15424}}, {"service": {"name": "Provider Initiated Counselling and Testing"}, "facility": {"code": 12905}}, {"service": {"name": "Management of STIs"}, "facility": {"code": 12905}}, {"service": {"name": "Focused Antenatal Care"}, "facility": {"code": 15013}}, {"service": {"name": "Condom Promotion and Distribution"}, "facility": {"code": 12905}}, {"service": {"name": "Short Term FP"}, "facility": {"code": 15424}}, {"service": {"name": "Long Term FP"}, "facility": {"code": 15241}}, {"service": {"name": "Long Term FP"}, "facility": {"code": 15013}}, {"service": {"name": "Short Term FP"}, "facility": {"code": 15013}}, {"service": {"name": "Post Exposure Prophylaxis"}, "facility": {"code": 15424}}, {"service": {"name": "Post Exposure Prophylaxis"}, "facility": {"code": 15013}}, {"service": {"name": "PMTCT - ANC"}, "facility": {"code": 15424}}, {"service": {"name": "PMTCT - ANC"}, "facility": {"code": 15013}}, {"service": {"name": "Provider Initiated Counselling and Testing"}, "facility": {"code": 15424}}, {"service": {"name": "Early Infant Diagnosis"}, "facility": {"code": 15013}}, {"service": {"name": "Diagnostic Counselling and Testing"}, "facility": {"code": 15013}}, {"service": {"name": "Voluntary Counselling and Testing"}, "facility": {"code": 15013}}, {"service": {"name": "Voluntary Counselling and Testing"}, "facility": {"code": 15424}}, {"service": {"name": "Short Term FP"}, "facility": {"code": 15241}}, {"service": {"name": "Condom Promotion and Distribution"}, "facility": {"code": 15424}}, {"service": {"name": "Provider Initiated Counselling and Testing"}, "facility": {"code": 15013}}, {"service": {"name": "Management of STIs"}, "facility": {"code": 15013}}, {"service": {"name": "Condom Promotion and Distribution"}, "facility": {"code": 15013}}, {"service": {"name": "Post Exposure Prophylaxis"}, "facility": {"code": 15241}}, {"service": {"name": "PMTCT - ANC"}, "facility": {"code": 15241}}, {"service": {"name": "Diagnostic Counselling and Testing"}, "facility": {"code": 15241}}, {"service": {"name": "Focused Antenatal Care"}, "facility": {"code": 15687}}, {"service": {"name": "Long Term FP"}, "facility": {"code": 15687}}, {"service": {"name": "Early Infant Diagnosis"}, "facility": {"code": 14760}}, {"service": {"name": "Short Term FP"}, "facility": {"code": 15687}}, {"service": {"name": "PMTCT - ANC"}, "facility": {"code": 15687}}, {"service": {"name": "Provider Initiated Counselling and Testing"}, "facility": {"code": 15687}}, {"service": {"name": "Management of STIs"}, "facility": {"code": 15687}}, {"service": {"name": "Provider Initiated Counselling and Testing"}, "facility": {"code": 15241}}, {"service": {"name": "Condom Promotion and Distribution"}, "facility": {"code": 15687}}, {"service": {"name": "Management of STIs"}, "facility": {"code": 15241}}, {"service": {"name": "Condom Promotion and Distribution"}, "facility": {"code": 15241}}, {"service": {"name": "Emergency Preparedness"}, "facility": {"code": 15434}}, {"service": {"name": "Emergency Obstetric Care"}, "facility": {"code": 15434}}, {"service": {"name": "Environmental Health Services"}, "facility": {"code": 15434}}, {"service": {"name": "Emergency Obstetric Care"}, "facility": {"code": 15020}}, {"service": {"name": "Environmental Health Services"}, "facility": {"code": 15020}}, {"service": {"name": "Nutrition Services"}, "facility": {"code": 15434}}, {"service": {"name": "Integrated Management of Childhood Illnesses"}, "facility": {"code": 15434}}, {"service": {"name": "Surgical Services"}, "facility": {"code": 15020}}, {"service": {"name": "Curative Services"}, "facility": {"code": 15434}}, {"service": {"name": "Maternity Services"}, "facility": {"code": 15020}}, {"service": {"name": "Curative Services"}, "facility": {"code": 15020}}, {"service": {"name": "Basic Immunization"}, "facility": {"code": 15434}}, {"service": {"name": "Emergency Preparedness"}, "facility": {"code": 15547}}, {"service": {"name": "Focused Antenatal Care"}, "facility": {"code": 15434}}, {"service": {"name": "ENT Services"}, "facility": {"code": 15547}}, {"service": {"name": "Integrated Services"}, "facility": {"code": 15434}}, {"service": {"name": "Basic Immunization"}, "facility": {"code": 15020}}, {"service": {"name": "Emergency Obstetric Care"}, "facility": {"code": 15547}}, {"service": {"name": "Focused Antenatal Care"}, "facility": {"code": 15020}}, {"service": {"name": "Short Term FP"}, "facility": {"code": 15434}}, {"service": {"name": "Emergency Preparedness"}, "facility": {"code": 14886}}, {"service": {"name": "Short Term FP"}, "facility": {"code": 15020}}, {"service": {"name": "Environmental Health Services"}, "facility": {"code": 15547}}, {"service": {"name": "PMTCT - ANC"}, "facility": {"code": 15434}}, {"service": {"name": "Services for Sexual Violence Survivors"}, "facility": {"code": 15547}}, {"service": {"name": "Provider Initiated Counselling and Testing"}, "facility": {"code": 15434}}, {"service": {"name": "PMTCT - ANC"}, "facility": {"code": 15020}}, {"service": {"name": "Laboratory Services"}, "facility": {"code": 14886}}, {"service": {"name": "Emergency Preparedness"}, "facility": {"code": 17048}}, {"service": {"name": "Mental Health Services"}, "facility": {"code": 15547}}, {"service": {"name": "Voluntary Counselling and Testing"}, "facility": {"code": 15434}}, {"service": {"name": "Early Infant Diagnosis"}, "facility": {"code": 15020}}, {"service": {"name": "Management of STIs"}, "facility": {"code": 15434}}, {"service": {"name": "Condom Promotion and Distribution"}, "facility": {"code": 15434}}, {"service": {"name": "Nutrition Services"}, "facility": {"code": 15547}}, {"service": {"name": "Provider Initiated Counselling and Testing"}, "facility": {"code": 15020}}, {"service": {"name": "Curative Services"}, "facility": {"code": 14886}}, {"service": {"name": "ENT Services"}, "facility": {"code": 17048}}, {"service": {"name": "Management of STIs"}, "facility": {"code": 15020}}, {"service": {"name": "Condom Promotion and Distribution"}, "facility": {"code": 15020}}, {"service": {"name": "Dental Laboratory Services"}, "facility": {"code": 17048}}, {"service": {"name": "Surgical Services"}, "facility": {"code": 15547}}, {"service": {"name": "Oral Health Services (Dental Services)"}, "facility": {"code": 17048}}, {"service": {"name": "Tuberculosis Culture"}, "facility": {"code": 14886}}, {"service": {"name": "Maternity Services"}, "facility": {"code": 15547}}, {"service": {"name": "Environmental Health Services"}, "facility": {"code": 17048}}, {"service": {"name": "Smear Microscopy"}, "facility": {"code": 14886}}, {"service": {"name": "Curative Services"}, "facility": {"code": 15547}}, {"service": {"name": "Integrated Management of Childhood Illnesses"}, "facility": {"code": 17048}}, {"service": {"name": "Basic Immunization"}, "facility": {"code": 14886}}, {"service": {"name": "Long Term FP"}, "facility": {"code": 15547}}, {"service": {"name": "Focused Antenatal Care"}, "facility": {"code": 14886}}, {"service": {"name": "Short Term FP"}, "facility": {"code": 14886}}, {"service": {"name": "Short Term FP"}, "facility": {"code": 15547}}, {"service": {"name": "PMTCT - ANC"}, "facility": {"code": 14886}}, {"service": {"name": "Adult Antiretroviral Therapy"}, "facility": {"code": 15547}}, {"service": {"name": "Diagnostic Counselling and Testing"}, "facility": {"code": 14886}}, {"service": {"name": "Paediatric Antiretroviral Therapy"}, "facility": {"code": 15547}}, {"service": {"name": "Provider Initiated Counselling and Testing"}, "facility": {"code": 14886}}, {"service": {"name": "Post Exposure Prophylaxis"}, "facility": {"code": 15547}}, {"service": {"name": "Management of STIs"}, "facility": {"code": 14886}}, {"service": {"name": "Condom Promotion and Distribution"}, "facility": {"code": 14886}}, {"service": {"name": "PMTCT - Maternity"}, "facility": {"code": 15547}}, {"service": {"name": "PMTCT - ANC"}, "facility": {"code": 15547}}, {"service": {"name": "Diagnostic Counselling and Testing"}, "facility": {"code": 15547}}, {"service": {"name": "Management of STIs"}, "facility": {"code": 17048}}, {"service": {"name": "Environmental Health Services"}, "facility": {"code": 15678}}, {"service": {"name": "Emergency Obstetric Care"}, "facility": {"code": 15678}}, {"service": {"name": "Provider Initiated Counselling and Testing"}, "facility": {"code": 15547}}, {"service": {"name": "Mental Health Services"}, "facility": {"code": 15678}}, {"service": {"name": "Management of STIs"}, "facility": {"code": 15547}}, {"service": {"name": "Condom Promotion and Distribution"}, "facility": {"code": 15547}}, {"service": {"name": "Opthalmic Services"}, "facility": {"code": 15678}}, {"service": {"name": "Nutrition Services"}, "facility": {"code": 15678}}, {"service": {"name": "Integrated Management of Childhood Illnesses"}, "facility": {"code": 15678}}, {"service": {"name": "Laboratory Services"}, "facility": {"code": 15678}}, {"service": {"name": "Surgical Services"}, "facility": {"code": 15678}}, {"service": {"name": "Maternity Services"}, "facility": {"code": 15678}}, {"service": {"name": "Curative Services"}, "facility": {"code": 15678}}, {"service": {"name": "First Line Treatment"}, "facility": {"code": 15678}}, {"service": {"name": "Smear Microscopy"}, "facility": {"code": 15678}}, {"service": {"name": "Basic Immunization"}, "facility": {"code": 15678}}, {"service": {"name": "Integrated Services"}, "facility": {"code": 15678}}, {"service": {"name": "Focused Antenatal Care"}, "facility": {"code": 15678}}, {"service": {"name": "Permanent FP"}, "facility": {"code": 15678}}, {"service": {"name": "Long Term FP"}, "facility": {"code": 15678}}, {"service": {"name": "Short Term FP"}, "facility": {"code": 15678}}, {"service": {"name": "Home Based Care"}, "facility": {"code": 15678}}, {"service": {"name": "Adult Antiretroviral Therapy"}, "facility": {"code": 15678}}, {"service": {"name": "Paediatric Antiretroviral Therapy"}, "facility": {"code": 15678}}, {"service": {"name": "Emergency Preparedness"}, "facility": {"code": 14222}}, {"service": {"name": "Post Exposure Prophylaxis"}, "facility": {"code": 15678}}, {"service": {"name": "Emergency Obstetric Care"}, "facility": {"code": 14222}}, {"service": {"name": "PMTCT - Maternity"}, "facility": {"code": 15678}}, {"service": {"name": "Environmental Health Services"}, "facility": {"code": 14222}}, {"service": {"name": "Integrated Management of Childhood Illnesses"}, "facility": {"code": 14222}}, {"service": {"name": "PMTCT - ANC"}, "facility": {"code": 15678}}, {"service": {"name": "Surgical Services"}, "facility": {"code": 14222}}, {"service": {"name": "Curative Services"}, "facility": {"code": 14222}}, {"service": {"name": "Early Infant Diagnosis"}, "facility": {"code": 15678}}, {"service": {"name": "Diagnostic Counselling and Testing"}, "facility": {"code": 15678}}, {"service": {"name": "Provider Initiated Counselling and Testing"}, "facility": {"code": 15678}}, {"service": {"name": "Voluntary Counselling and Testing"}, "facility": {"code": 15678}}, {"service": {"name": "Basic Immunization"}, "facility": {"code": 14222}}, {"service": {"name": "Management of STIs"}, "facility": {"code": 15678}}, {"service": {"name": "Focused Antenatal Care"}, "facility": {"code": 14222}}, {"service": {"name": "Condom Promotion and Distribution"}, "facility": {"code": 15678}}, {"service": {"name": "Short Term FP"}, "facility": {"code": 14222}}, {"service": {"name": "Post Exposure Prophylaxis"}, "facility": {"code": 14222}}, {"service": {"name": "Emergency Obstetric Care"}, "facility": {"code": 15640}}, {"service": {"name": "PMTCT - ANC"}, "facility": {"code": 14222}}, {"service": {"name": "Early Infant Diagnosis"}, "facility": {"code": 14222}}, {"service": {"name": "Diagnostic Counselling and Testing"}, "facility": {"code": 14222}}, {"service": {"name": "Provider Initiated Counselling and Testing"}, "facility": {"code": 14222}}, {"service": {"name": "Management of STIs"}, "facility": {"code": 14222}}, {"service": {"name": "Condom Promotion and Distribution"}, "facility": {"code": 14222}}, {"service": {"name": "Laboratory Services"}, "facility": {"code": 15640}}, {"service": {"name": "Surgical Services"}, "facility": {"code": 15640}}, {"service": {"name": "Maternity Services"}, "facility": {"code": 15640}}, {"service": {"name": "Curative Services"}, "facility": {"code": 15640}}, {"service": {"name": "Environmental Health Services"}, "facility": {"code": 15217}}, {"service": {"name": "Basic Immunization"}, "facility": {"code": 15640}}, {"service": {"name": "Nutrition Services"}, "facility": {"code": 15217}}, {"service": {"name": "Focused Antenatal Care"}, "facility": {"code": 15640}}, {"service": {"name": "Integrated Management of Childhood Illnesses"}, "facility": {"code": 15217}}, {"service": {"name": "Surgical Services"}, "facility": {"code": 15217}}, {"service": {"name": "Curative Services"}, "facility": {"code": 15217}}, {"service": {"name": "Emergency Preparedness"}, "facility": {"code": 15409}}, {"service": {"name": "PMTCT - ANC"}, "facility": {"code": 15640}}, {"service": {"name": "Environmental Health Services"}, "facility": {"code": 15409}}, {"service": {"name": "Early Infant Diagnosis"}, "facility": {"code": 15640}}, {"service": {"name": "Immunization with additional vaccines"}, "facility": {"code": 15217}}, {"service": {"name": "Basic Immunization"}, "facility": {"code": 15217}}, {"service": {"name": "Provider Initiated Counselling and Testing"}, "facility": {"code": 15640}}, {"service": {"name": "Focused Antenatal Care"}, "facility": {"code": 15217}}, {"service": {"name": "Management of STIs"}, "facility": {"code": 15640}}, {"service": {"name": "Long Term FP"}, "facility": {"code": 15217}}, {"service": {"name": "Short Term FP"}, "facility": {"code": 15217}}, {"service": {"name": "PMTCT - ANC"}, "facility": {"code": 15217}}, {"service": {"name": "ENT Services"}, "facility": {"code": 14880}}, {"service": {"name": "Diagnostic Counselling and Testing"}, "facility": {"code": 15217}}, {"service": {"name": "Emergency Preparedness"}, "facility": {"code": 14880}}, {"service": {"name": "Provider Initiated Counselling and Testing"}, "facility": {"code": 15217}}, {"service": {"name": "Emergency Obstetric Care"}, "facility": {"code": 14880}}, {"service": {"name": "Management of STIs"}, "facility": {"code": 15217}}, {"service": {"name": "Condom Promotion and Distribution"}, "facility": {"code": 15217}}, {"service": {"name": "Environmental Health Services"}, "facility": {"code": 14880}}, {"service": {"name": "Integrated Management of Childhood Illnesses"}, "facility": {"code": 14880}}, {"service": {"name": "Laboratory Services"}, "facility": {"code": 14880}}, {"service": {"name": "Maternity Services"}, "facility": {"code": 14880}}, {"service": {"name": "Mental Health Services"}, "facility": {"code": 15659}}, {"service": {"name": "Opthalmic Services"}, "facility": {"code": 15659}}, {"service": {"name": "Curative Services"}, "facility": {"code": 14880}}, {"service": {"name": "Nutrition Services"}, "facility": {"code": 15659}}, {"service": {"name": "Emergency Preparedness"}, "facility": {"code": 14277}}, {"service": {"name": "Integrated Management of Childhood Illnesses"}, "facility": {"code": 15659}}, {"service": {"name": "Dental Laboratory Services"}, "facility": {"code": 14277}}, {"service": {"name": "Laboratory Services"}, "facility": {"code": 15659}}, {"service": {"name": "Surgical Services"}, "facility": {"code": 15659}}, {"service": {"name": "ENT Services"}, "facility": {"code": 14217}}, {"service": {"name": "Basic Immunization"}, "facility": {"code": 14880}}, {"service": {"name": "Curative Services"}, "facility": {"code": 15659}}, {"service": {"name": "Dental Laboratory Services"}, "facility": {"code": 14217}}, {"service": {"name": "Oral Health Services (Dental Services)"}, "facility": {"code": 14217}}, {"service": {"name": "Basic Immunization"}, "facility": {"code": 15659}}, {"service": {"name": "Focused Antenatal Care"}, "facility": {"code": 15659}}, {"service": {"name": "Emergency Obstetric Care"}, "facility": {"code": 14277}}, {"service": {"name": "Integrated Services"}, "facility": {"code": 15659}}, {"service": {"name": "Focused Antenatal Care"}, "facility": {"code": 14880}}, {"service": {"name": "Long Term FP"}, "facility": {"code": 15659}}, {"service": {"name": "Short Term FP"}, "facility": {"code": 15659}}, {"service": {"name": "Long Term FP"}, "facility": {"code": 14880}}, {"service": {"name": "Short Term FP"}, "facility": {"code": 14880}}, {"service": {"name": "PMTCT - ANC"}, "facility": {"code": 15659}}, {"service": {"name": "Provider Initiated Counselling and Testing"}, "facility": {"code": 15659}}, {"service": {"name": "Post Exposure Prophylaxis"}, "facility": {"code": 14880}}, {"service": {"name": "Management of STIs"}, "facility": {"code": 15659}}, {"service": {"name": "PMTCT - Maternity"}, "facility": {"code": 14880}}, {"service": {"name": "PMTCT - ANC"}, "facility": {"code": 14880}}, {"service": {"name": "Condom Promotion and Distribution"}, "facility": {"code": 15659}}, {"service": {"name": "Early Infant Diagnosis"}, "facility": {"code": 14880}}, {"service": {"name": "Diagnostic Counselling and Testing"}, "facility": {"code": 14880}}, {"service": {"name": "Voluntary Counselling and Testing"}, "facility": {"code": 14880}}, {"service": {"name": "Provider Initiated Counselling and Testing"}, "facility": {"code": 14880}}, {"service": {"name": "Management of STIs"}, "facility": {"code": 14880}}, {"service": {"name": "Condom Promotion and Distribution"}, "facility": {"code": 14880}}, {"service": {"name": "Radiology Services"}, "facility": {"code": 14217}}, {"service": {"name": "Post Exposure Prophylaxis"}, "facility": {"code": 14503}}, {"service": {"name": "PMTCT - Maternity"}, "facility": {"code": 14503}}, {"service": {"name": "Mental Health Services"}, "facility": {"code": 14217}}, {"service": {"name": "Emergency Preparedness"}, "facility": {"code": 14212}}, {"service": {"name": "PMTCT - ANC"}, "facility": {"code": 14503}}, {"service": {"name": "Diagnostic Counselling and Testing"}, "facility": {"code": 14503}}, {"service": {"name": "Emergency Obstetric Care"}, "facility": {"code": 14212}}, {"service": {"name": "Provider Initiated Counselling and Testing"}, "facility": {"code": 14503}}, {"service": {"name": "Environmental Health Services"}, "facility": {"code": 14212}}, {"service": {"name": "Voluntary Counselling and Testing"}, "facility": {"code": 14503}}, {"service": {"name": "Management of STIs"}, "facility": {"code": 14503}}, {"service": {"name": "Services for Sexual Violence Survivors"}, "facility": {"code": 14212}}, {"service": {"name": "Nutrition Services"}, "facility": {"code": 14277}}, {"service": {"name": "Laboratory Services"}, "facility": {"code": 14277}}, {"service": {"name": "Nutrition Services"}, "facility": {"code": 14212}}, {"service": {"name": "Mental Health Services"}, "facility": {"code": 14212}}, {"service": {"name": "Curative Services"}, "facility": {"code": 14277}}, {"service": {"name": "Surgical Services"}, "facility": {"code": 14212}}, {"service": {"name": "Maternity Services"}, "facility": {"code": 14212}}, {"service": {"name": "Curative Services"}, "facility": {"code": 14212}}, {"service": {"name": "Environmental Health Services"}, "facility": {"code": 14217}}, {"service": {"name": "Emergency Obstetric Care"}, "facility": {"code": 15023}}, {"service": {"name": "Environmental Health Services"}, "facility": {"code": 15023}}, {"service": {"name": "Integrated Management of Childhood Illnesses"}, "facility": {"code": 14217}}, {"service": {"name": "Surgical Services"}, "facility": {"code": 15023}}, {"service": {"name": "Nutrition Services"}, "facility": {"code": 14217}}, {"service": {"name": "Environmental Health Services"}, "facility": {"code": 15216}}, {"service": {"name": "Maternity Services"}, "facility": {"code": 15023}}, {"service": {"name": "Opthalmic Services"}, "facility": {"code": 14217}}, {"service": {"name": "Curative Services"}, "facility": {"code": 15023}}, {"service": {"name": "Ambulance Sevices"}, "facility": {"code": 14217}}, {"service": {"name": "Nutrition Services"}, "facility": {"code": 15216}}, {"service": {"name": "Integrated Management of Childhood Illnesses"}, "facility": {"code": 15216}}, {"service": {"name": "Emergency Obstetric Care"}, "facility": {"code": 14217}}, {"service": {"name": "Curative Services"}, "facility": {"code": 15216}}, {"service": {"name": "Surgical Services"}, "facility": {"code": 14217}}, {"service": {"name": "Immunization with additional vaccines"}, "facility": {"code": 15216}}, {"service": {"name": "Basic Immunization"}, "facility": {"code": 15023}}, {"service": {"name": "Basic Immunization"}, "facility": {"code": 15216}}, {"service": {"name": "Focused Antenatal Care"}, "facility": {"code": 15023}}, {"service": {"name": "Laboratory Services"}, "facility": {"code": 14217}}, {"service": {"name": "Focused Antenatal Care"}, "facility": {"code": 15216}}, {"service": {"name": "Short Term FP"}, "facility": {"code": 15216}}, {"service": {"name": "First Line Treatment"}, "facility": {"code": 14277}}, {"service": {"name": "First Line Treatment"}, "facility": {"code": 14212}}, {"service": {"name": "Maternity Services"}, "facility": {"code": 14217}}, {"service": {"name": "PMTCT - ANC"}, "facility": {"code": 15216}}, {"service": {"name": "Diagnostic Counselling and Testing"}, "facility": {"code": 15216}}, {"service": {"name": "Short Term FP"}, "facility": {"code": 15023}}, {"service": {"name": "Tuberculosis Culture"}, "facility": {"code": 14277}}, {"service": {"name": "Provider Initiated Counselling and Testing"}, "facility": {"code": 15216}}, {"service": {"name": "Management of STIs"}, "facility": {"code": 15216}}, {"service": {"name": "PMTCT - ANC"}, "facility": {"code": 15023}}, {"service": {"name": "Condom Promotion and Distribution"}, "facility": {"code": 15216}}, {"service": {"name": "Early Infant Diagnosis"}, "facility": {"code": 15023}}, {"service": {"name": "Smear Microscopy"}, "facility": {"code": 14277}}, {"service": {"name": "Provider Initiated Counselling and Testing"}, "facility": {"code": 15023}}, {"service": {"name": "Smear Microscopy"}, "facility": {"code": 14212}}, {"service": {"name": "Management of STIs"}, "facility": {"code": 15023}}, {"service": {"name": "Condom Promotion and Distribution"}, "facility": {"code": 15023}}, {"service": {"name": "Basic Immunization"}, "facility": {"code": 14212}}, {"service": {"name": "Curative Services"}, "facility": {"code": 14217}}, {"service": {"name": "Focused Antenatal Care"}, "facility": {"code": 14212}}, {"service": {"name": "Adult Antiretroviral Therapy"}, "facility": {"code": 14212}}, {"service": {"name": "Basic Immunization"}, "facility": {"code": 14277}}, {"service": {"name": "Paediatric Antiretroviral Therapy"}, "facility": {"code": 14212}}, {"service": {"name": "Environmental Health Services"}, "facility": {"code": 15130}}, {"service": {"name": "PMTCT - Maternity"}, "facility": {"code": 14212}}, {"service": {"name": "Short Term FP"}, "facility": {"code": 14277}}, {"service": {"name": "Nutrition Services"}, "facility": {"code": 15130}}, {"service": {"name": "PMTCT - ANC"}, "facility": {"code": 14212}}, {"service": {"name": "Laboratory Services"}, "facility": {"code": 15130}}, {"service": {"name": "First Line Treatment"}, "facility": {"code": 14217}}, {"service": {"name": "Integrated Management of Childhood Illnesses"}, "facility": {"code": 15130}}, {"service": {"name": "Smear Microscopy"}, "facility": {"code": 14217}}, {"service": {"name": "PMTCT - ANC"}, "facility": {"code": 14277}}, {"service": {"name": "Curative Services"}, "facility": {"code": 15130}}, {"service": {"name": "Early Infant Diagnosis"}, "facility": {"code": 14277}}, {"service": {"name": "Diagnostic Counselling and Testing"}, "facility": {"code": 14212}}, {"service": {"name": "Provider Initiated Counselling and Testing"}, "facility": {"code": 14212}}, {"service": {"name": "Diagnostic Counselling and Testing"}, "facility": {"code": 14277}}, {"service": {"name": "Basic Immunization"}, "facility": {"code": 14217}}, {"service": {"name": "Provider Initiated Counselling and Testing"}, "facility": {"code": 14277}}, {"service": {"name": "Voluntary Counselling and Testing"}, "facility": {"code": 14212}}, {"service": {"name": "Management of STIs"}, "facility": {"code": 14212}}, {"service": {"name": "Focused Antenatal Care"}, "facility": {"code": 14217}}, {"service": {"name": "Condom Promotion and Distribution"}, "facility": {"code": 14277}}, {"service": {"name": "Management of STIs"}, "facility": {"code": 14277}}, {"service": {"name": "Emergency Preparedness"}, "facility": {"code": 14558}}, {"service": {"name": "Emergency Obstetric Care"}, "facility": {"code": 14558}}, {"service": {"name": "Environmental Health Services"}, "facility": {"code": 14558}}, {"service": {"name": "Integrated Management of Childhood Illnesses"}, "facility": {"code": 14558}}, {"service": {"name": "Curative Services"}, "facility": {"code": 14558}}, {"service": {"name": "Basic Immunization"}, "facility": {"code": 14558}}, {"service": {"name": "Focused Antenatal Care"}, "facility": {"code": 14558}}, {"service": {"name": "Short Term FP"}, "facility": {"code": 14558}}, {"service": {"name": "Nutrition Services"}, "facility": {"code": 16953}}, {"service": {"name": "Curative Services"}, "facility": {"code": 16953}}, {"service": {"name": "Emergency Obstetric Care"}, "facility": {"code": 15144}}, {"service": {"name": "Nutrition Services"}, "facility": {"code": 15144}}, {"service": {"name": "PMTCT - ANC"}, "facility": {"code": 14558}}, {"service": {"name": "Surgical Services"}, "facility": {"code": 15144}}, {"service": {"name": "Provider Initiated Counselling and Testing"}, "facility": {"code": 14558}}, {"service": {"name": "Curative Services"}, "facility": {"code": 15144}}, {"service": {"name": "Management of STIs"}, "facility": {"code": 14558}}, {"service": {"name": "Condom Promotion and Distribution"}, "facility": {"code": 14558}}, {"service": {"name": "Basic Immunization"}, "facility": {"code": 15144}}, {"service": {"name": "Focused Antenatal Care"}, "facility": {"code": 15144}}, {"service": {"name": "Long Term FP"}, "facility": {"code": 15144}}, {"service": {"name": "Short Term FP"}, "facility": {"code": 15144}}, {"service": {"name": "Paediatric Antiretroviral Therapy"}, "facility": {"code": 15144}}, {"service": {"name": "Adult Antiretroviral Therapy"}, "facility": {"code": 15144}}, {"service": {"name": "PMTCT - ANC"}, "facility": {"code": 15144}}, {"service": {"name": "Diagnostic Counselling and Testing"}, "facility": {"code": 15144}}, {"service": {"name": "Provider Initiated Counselling and Testing"}, "facility": {"code": 15144}}, {"service": {"name": "Management of STIs"}, "facility": {"code": 15144}}, {"service": {"name": "Condom Promotion and Distribution"}, "facility": {"code": 15144}}, {"service": {"name": "Emergency Preparedness"}, "facility": {"code": 15693}}, {"service": {"name": "Emergency Obstetric Care"}, "facility": {"code": 15693}}, {"service": {"name": "Nutrition Services"}, "facility": {"code": 15215}}, {"service": {"name": "Integrated Management of Childhood Illnesses"}, "facility": {"code": 15215}}, {"service": {"name": "Surgical Services"}, "facility": {"code": 15693}}, {"service": {"name": "Surgical Services"}, "facility": {"code": 15215}}, {"service": {"name": "Curative Services"}, "facility": {"code": 15215}}, {"service": {"name": "Maternity Services"}, "facility": {"code": 15693}}, {"service": {"name": "Curative Services"}, "facility": {"code": 15693}}, {"service": {"name": "Immunization with additional vaccines"}, "facility": {"code": 15215}}, {"service": {"name": "Basic Immunization"}, "facility": {"code": 15215}}, {"service": {"name": "Focused Antenatal Care"}, "facility": {"code": 15215}}, {"service": {"name": "Basic Immunization"}, "facility": {"code": 15693}}, {"service": {"name": "Short Term FP"}, "facility": {"code": 15215}}, {"service": {"name": "PMTCT - ANC"}, "facility": {"code": 15215}}, {"service": {"name": "Short Term FP"}, "facility": {"code": 15693}}, {"service": {"name": "Diagnostic Counselling and Testing"}, "facility": {"code": 15215}}, {"service": {"name": "Provider Initiated Counselling and Testing"}, "facility": {"code": 15215}}, {"service": {"name": "Management of STIs"}, "facility": {"code": 15215}}, {"service": {"name": "Condom Promotion and Distribution"}, "facility": {"code": 15215}}, {"service": {"name": "PMTCT - ANC"}, "facility": {"code": 15693}}, {"service": {"name": "Provider Initiated Counselling and Testing"}, "facility": {"code": 15693}}, {"service": {"name": "Management of STIs"}, "facility": {"code": 15693}}, {"service": {"name": "Condom Promotion and Distribution"}, "facility": {"code": 15693}}, {"service": {"name": "Emergency Preparedness"}, "facility": {"code": 14575}}, {"service": {"name": "Emergency Obstetric Care"}, "facility": {"code": 14575}}, {"service": {"name": "Environmental Health Services"}, "facility": {"code": 14575}}, {"service": {"name": "Curative Services"}, "facility": {"code": 14575}}, {"service": {"name": "Emergency Obstetric Care"}, "facility": {"code": 15270}}, {"service": {"name": "Basic Immunization"}, "facility": {"code": 14575}}, {"service": {"name": "Nutrition Services"}, "facility": {"code": 15270}}, {"service": {"name": "Focused Antenatal Care"}, "facility": {"code": 14575}}, {"service": {"name": "Surgical Services"}, "facility": {"code": 15270}}, {"service": {"name": "Curative Services"}, "facility": {"code": 15270}}, {"service": {"name": "Short Term FP"}, "facility": {"code": 14575}}, {"service": {"name": "Short Term FP"}, "facility": {"code": 15270}}, {"service": {"name": "Early Infant Diagnosis"}, "facility": {"code": 14575}}, {"service": {"name": "PMTCT - ANC"}, "facility": {"code": 14575}}, {"service": {"name": "Provider Initiated Counselling and Testing"}, "facility": {"code": 14575}}, {"service": {"name": "Diagnostic Counselling and Testing"}, "facility": {"code": 15270}}, {"service": {"name": "Voluntary Counselling and Testing"}, "facility": {"code": 14575}}, {"service": {"name": "Management of STIs"}, "facility": {"code": 14575}}, {"service": {"name": "Condom Promotion and Distribution"}, "facility": {"code": 14575}}, {"service": {"name": "Provider Initiated Counselling and Testing"}, "facility": {"code": 15270}}, {"service": {"name": "Management of STIs"}, "facility": {"code": 15270}}, {"service": {"name": "Condom Promotion and Distribution"}, "facility": {"code": 15270}}, {"service": {"name": "Emergency Obstetric Care"}, "facility": {"code": 15242}}, {"service": {"name": "Environmental Health Services"}, "facility": {"code": 15609}}, {"service": {"name": "Integrated Management of Childhood Illnesses"}, "facility": {"code": 15609}}, {"service": {"name": "Nutrition Services"}, "facility": {"code": 15609}}, {"service": {"name": "Nutrition Services"}, "facility": {"code": 15242}}, {"service": {"name": "Nutrition Services"}, "facility": {"code": 14957}}, {"service": {"name": "Integrated Management of Childhood Illnesses"}, "facility": {"code": 14957}}, {"service": {"name": "Laboratory Services"}, "facility": {"code": 15242}}, {"service": {"name": "Surgical Services"}, "facility": {"code": 14957}}, {"service": {"name": "Curative Services"}, "facility": {"code": 14957}}, {"service": {"name": "Provider Initiated Counselling and Testing"}, "facility": {"code": 15609}}, {"service": {"name": "First Line Treatment"}, "facility": {"code": 15242}}, {"service": {"name": "Management of STIs"}, "facility": {"code": 15609}}, {"service": {"name": "Immunization with additional vaccines"}, "facility": {"code": 14957}}, {"service": {"name": "Basic Immunization"}, "facility": {"code": 14957}}, {"service": {"name": "Basic Immunization"}, "facility": {"code": 15242}}, {"service": {"name": "Nutrition Services"}, "facility": {"code": 15757}}, {"service": {"name": "Focused Antenatal Care"}, "facility": {"code": 15242}}, {"service": {"name": "Focused Antenatal Care"}, "facility": {"code": 14957}}, {"service": {"name": "Curative Services"}, "facility": {"code": 15757}}, {"service": {"name": "Integrated Services"}, "facility": {"code": 14957}}, {"service": {"name": "Immunization with additional vaccines"}, "facility": {"code": 14185}}, {"service": {"name": "Basic Immunization"}, "facility": {"code": 15757}}, {"service": {"name": "Short Term FP"}, "facility": {"code": 15242}}, {"service": {"name": "Long Term FP"}, "facility": {"code": 14957}}, {"service": {"name": "Short Term FP"}, "facility": {"code": 14957}}, {"service": {"name": "Focused Antenatal Care"}, "facility": {"code": 15757}}, {"service": {"name": "Emergency Preparedness"}, "facility": {"code": 15444}}, {"service": {"name": "Short Term FP"}, "facility": {"code": 15757}}, {"service": {"name": "PMTCT - ANC"}, "facility": {"code": 15757}}, {"service": {"name": "PMTCT - ANC"}, "facility": {"code": 15242}}, {"service": {"name": "Early Infant Diagnosis"}, "facility": {"code": 15242}}, {"service": {"name": "Provider Initiated Counselling and Testing"}, "facility": {"code": 15757}}, {"service": {"name": "Provider Initiated Counselling and Testing"}, "facility": {"code": 15242}}, {"service": {"name": "Management of STIs"}, "facility": {"code": 15757}}, {"service": {"name": "Emergency Obstetric Care"}, "facility": {"code": 15444}}, {"service": {"name": "Voluntary Counselling and Testing"}, "facility": {"code": 15242}}, {"service": {"name": "Condom Promotion and Distribution"}, "facility": {"code": 15757}}, {"service": {"name": "Management of STIs"}, "facility": {"code": 15242}}, {"service": {"name": "Post Exposure Prophylaxis"}, "facility": {"code": 14957}}, {"service": {"name": "Condom Promotion and Distribution"}, "facility": {"code": 15242}}, {"service": {"name": "Nutrition Services"}, "facility": {"code": 15444}}, {"service": {"name": "Voluntary Male Circumcision"}, "facility": {"code": 14957}}, {"service": {"name": "PMTCT - Maternity"}, "facility": {"code": 14957}}, {"service": {"name": "PMTCT - ANC"}, "facility": {"code": 14957}}, {"service": {"name": "Surgical Services"}, "facility": {"code": 15444}}, {"service": {"name": "Maternity Services"}, "facility": {"code": 15444}}, {"service": {"name": "Provider Initiated Counselling and Testing"}, "facility": {"code": 14957}}, {"service": {"name": "Curative Services"}, "facility": {"code": 15444}}, {"service": {"name": "Voluntary Counselling and Testing"}, "facility": {"code": 14957}}, {"service": {"name": "Management of STIs"}, "facility": {"code": 14957}}, {"service": {"name": "Condom Promotion and Distribution"}, "facility": {"code": 14957}}, {"service": {"name": "Focused Antenatal Care"}, "facility": {"code": 15444}}, {"service": {"name": "Short Term FP"}, "facility": {"code": 15444}}, {"service": {"name": "Post Exposure Prophylaxis"}, "facility": {"code": 15444}}, {"service": {"name": "PMTCT - ANC"}, "facility": {"code": 15444}}, {"service": {"name": "Diagnostic Counselling and Testing"}, "facility": {"code": 15444}}, {"service": {"name": "Provider Initiated Counselling and Testing"}, "facility": {"code": 15444}}, {"service": {"name": "Management of STIs"}, "facility": {"code": 15444}}, {"service": {"name": "Condom Promotion and Distribution"}, "facility": {"code": 15444}}, {"service": {"name": "Emergency Preparedness"}, "facility": {"code": 14539}}, {"service": {"name": "Emergency Obstetric Care"}, "facility": {"code": 14539}}, {"service": {"name": "Environmental Health Services"}, "facility": {"code": 14539}}, {"service": {"name": "Integrated Management of Childhood Illnesses"}, "facility": {"code": 14539}}, {"service": {"name": "Curative Services"}, "facility": {"code": 14539}}, {"service": {"name": "Nutrition Services"}, "facility": {"code": 15113}}, {"service": {"name": "Curative Services"}, "facility": {"code": 15113}}, {"service": {"name": "Basic Immunization"}, "facility": {"code": 14539}}, {"service": {"name": "Focused Antenatal Care"}, "facility": {"code": 14539}}, {"service": {"name": "Immunization with additional vaccines"}, "facility": {"code": 15113}}, {"service": {"name": "Basic Immunization"}, "facility": {"code": 15113}}, {"service": {"name": "Short Term FP"}, "facility": {"code": 14539}}, {"service": {"name": "Focused Antenatal Care"}, "facility": {"code": 15113}}, {"service": {"name": "Integrated Services"}, "facility": {"code": 15113}}, {"service": {"name": "PMTCT - ANC"}, "facility": {"code": 14539}}, {"service": {"name": "Short Term FP"}, "facility": {"code": 15113}}, {"service": {"name": "Provider Initiated Counselling and Testing"}, "facility": {"code": 14539}}, {"service": {"name": "Management of STIs"}, "facility": {"code": 14539}}, {"service": {"name": "Condom Promotion and Distribution"}, "facility": {"code": 14539}}, {"service": {"name": "PMTCT - ANC"}, "facility": {"code": 15113}}, {"service": {"name": "Provider Initiated Counselling and Testing"}, "facility": {"code": 15113}}, {"service": {"name": "Management of STIs"}, "facility": {"code": 15113}}, {"service": {"name": "Condom Promotion and Distribution"}, "facility": {"code": 15113}}, {"service": {"name": "Nutrition Services"}, "facility": {"code": 15073}}, {"service": {"name": "Provider Initiated Counselling and Testing"}, "facility": {"code": 15073}}, {"service": {"name": "Emergency Preparedness"}, "facility": {"code": 14463}}, {"service": {"name": "Emergency Obstetric Care"}, "facility": {"code": 14463}}, {"service": {"name": "Emergency Preparedness"}, "facility": {"code": 15599}}, {"service": {"name": "Emergency Obstetric Care"}, "facility": {"code": 15599}}, {"service": {"name": "Environmental Health Services"}, "facility": {"code": 14463}}, {"service": {"name": "Environmental Health Services"}, "facility": {"code": 15599}}, {"service": {"name": "Nutrition Services"}, "facility": {"code": 14463}}, {"service": {"name": "Nutrition Services"}, "facility": {"code": 15599}}, {"service": {"name": "Integrated Management of Childhood Illnesses"}, "facility": {"code": 15599}}, {"service": {"name": "Maternity Services"}, "facility": {"code": 15599}}, {"service": {"name": "Surgical Services"}, "facility": {"code": 15599}}, {"service": {"name": "Integrated Management of Childhood Illnesses"}, "facility": {"code": 14463}}, {"service": {"name": "Curative Services"}, "facility": {"code": 15599}}, {"service": {"name": "Focused Antenatal Care"}, "facility": {"code": 14918}}, {"service": {"name": "Basic Immunization"}, "facility": {"code": 15599}}, {"service": {"name": "Curative Services"}, "facility": {"code": 14463}}, {"service": {"name": "Focused Antenatal Care"}, "facility": {"code": 15599}}, {"service": {"name": "Long Term FP"}, "facility": {"code": 15599}}, {"service": {"name": "Short Term FP"}, "facility": {"code": 15599}}, {"service": {"name": "PMTCT - Maternity"}, "facility": {"code": 15599}}, {"service": {"name": "PMTCT - ANC"}, "facility": {"code": 15599}}, {"service": {"name": "Diagnostic Counselling and Testing"}, "facility": {"code": 15599}}, {"service": {"name": "Provider Initiated Counselling and Testing"}, "facility": {"code": 15599}}, {"service": {"name": "Management of STIs"}, "facility": {"code": 15599}}, {"service": {"name": "Condom Promotion and Distribution"}, "facility": {"code": 15599}}, {"service": {"name": "Curative Services"}, "facility": {"code": 14497}}, {"service": {"name": "Emergency Obstetric Care"}, "facility": {"code": 15128}}, {"service": {"name": "Nutrition Services"}, "facility": {"code": 15128}}, {"service": {"name": "Nutrition Services"}, "facility": {"code": 15622}}, {"service": {"name": "Maternity Services"}, "facility": {"code": 15622}}, {"service": {"name": "Curative Services"}, "facility": {"code": 15622}}, {"service": {"name": "Immunization with additional vaccines"}, "facility": {"code": 14463}}, {"service": {"name": "Basic Immunization"}, "facility": {"code": 15622}}, {"service": {"name": "Diagnostic Counselling and Testing"}, "facility": {"code": 12907}}, {"service": {"name": "PMTCT - Maternity"}, "facility": {"code": 15622}}, {"service": {"name": "PMTCT - ANC"}, "facility": {"code": 15622}}, {"service": {"name": "Provider Initiated Counselling and Testing"}, "facility": {"code": 15622}}, {"service": {"name": "Management of STIs"}, "facility": {"code": 15622}}, {"service": {"name": "Early Infant Diagnosis"}, "facility": {"code": 12907}}, {"service": {"name": "Curative Services"}, "facility": {"code": 15128}}, {"service": {"name": "Opthalmic Services"}, "facility": {"code": 13417}}, {"service": {"name": "Surgical Services"}, "facility": {"code": 13417}}, {"service": {"name": "Curative Services"}, "facility": {"code": 13417}}, {"service": {"name": "Emergency Obstetric Care"}, "facility": {"code": 14497}}, {"service": {"name": "Environmental Health Services"}, "facility": {"code": 14497}}, {"service": {"name": "Immunization with additional vaccines"}, "facility": {"code": 15128}}, {"service": {"name": "Nutrition Services"}, "facility": {"code": 14497}}, {"service": {"name": "Basic Immunization"}, "facility": {"code": 14463}}, {"service": {"name": "Basic Immunization"}, "facility": {"code": 15128}}, {"service": {"name": "Focused Antenatal Care"}, "facility": {"code": 15128}}, {"service": {"name": "Services for Sexual Violence Survivors"}, "facility": {"code": 15358}}, {"service": {"name": "Focused Antenatal Care"}, "facility": {"code": 14497}}, {"service": {"name": "Focused Antenatal Care"}, "facility": {"code": 14463}}, {"service": {"name": "Basic Immunization"}, "facility": {"code": 14497}}, {"service": {"name": "Integrated Services"}, "facility": {"code": 15128}}, {"service": {"name": "PMTCT - ANC"}, "facility": {"code": 14497}}, {"service": {"name": "Integrated Services"}, "facility": {"code": 14463}}, {"service": {"name": "Environmental Health Services"}, "facility": {"code": 15358}}, {"service": {"name": "Short Term FP"}, "facility": {"code": 15128}}, {"service": {"name": "Provider Initiated Counselling and Testing"}, "facility": {"code": 14497}}, {"service": {"name": "Management of STIs"}, "facility": {"code": 14497}}, {"service": {"name": "Emergency Obstetric Care"}, "facility": {"code": 15358}}, {"service": {"name": "PMTCT - ANC"}, "facility": {"code": 15128}}, {"service": {"name": "Condom Promotion and Distribution"}, "facility": {"code": 14497}}, {"service": {"name": "Provider Initiated Counselling and Testing"}, "facility": {"code": 15128}}, {"service": {"name": "Nutrition Services"}, "facility": {"code": 15358}}, {"service": {"name": "Integrated Management of Childhood Illnesses"}, "facility": {"code": 15358}}, {"service": {"name": "Laboratory Services"}, "facility": {"code": 15358}}, {"service": {"name": "Management of STIs"}, "facility": {"code": 15128}}, {"service": {"name": "Services for Female Genital Mutilation (FGM) Survivors"}, "facility": {"code": 15358}}, {"service": {"name": "Condom Promotion and Distribution"}, "facility": {"code": 15128}}, {"service": {"name": "Surgical Services"}, "facility": {"code": 15358}}, {"service": {"name": "Laboratory Services"}, "facility": {"code": 15133}}, {"service": {"name": "First Line Treatment"}, "facility": {"code": 15358}}, {"service": {"name": "Tuberculosis Culture"}, "facility": {"code": 15358}}, {"service": {"name": "Surgical Services"}, "facility": {"code": 15133}}, {"service": {"name": "Smear Microscopy"}, "facility": {"code": 15358}}, {"service": {"name": "Emergency Obstetric Care"}, "facility": {"code": 14234}}, {"service": {"name": "Long Term FP"}, "facility": {"code": 14463}}, {"service": {"name": "Short Term FP"}, "facility": {"code": 14463}}, {"service": {"name": "Basic Immunization"}, "facility": {"code": 15358}}, {"service": {"name": "Focused Antenatal Care"}, "facility": {"code": 15358}}, {"service": {"name": "Laboratory Services"}, "facility": {"code": 14234}}, {"service": {"name": "Integrated Services"}, "facility": {"code": 15358}}, {"service": {"name": "Surgical Services"}, "facility": {"code": 14234}}, {"service": {"name": "Emergency Obstetric Care"}, "facility": {"code": 15516}}, {"service": {"name": "Maternity Services"}, "facility": {"code": 14234}}, {"service": {"name": "Nutrition Services"}, "facility": {"code": 15516}}, {"service": {"name": "Curative Services"}, "facility": {"code": 15133}}, {"service": {"name": "Curative Services"}, "facility": {"code": 14234}}, {"service": {"name": "Maternity Services"}, "facility": {"code": 15358}}, {"service": {"name": "Integrated Management of Childhood Illnesses"}, "facility": {"code": 15516}}, {"service": {"name": "Curative Services"}, "facility": {"code": 15358}}, {"service": {"name": "Surgical Services"}, "facility": {"code": 15516}}, {"service": {"name": "Maternity Services"}, "facility": {"code": 15516}}, {"service": {"name": "Curative Services"}, "facility": {"code": 15516}}, {"service": {"name": "Immunization with additional vaccines"}, "facility": {"code": 15133}}, {"service": {"name": "Long Term FP"}, "facility": {"code": 15358}}, {"service": {"name": "Basic Immunization"}, "facility": {"code": 14234}}, {"service": {"name": "Short Term FP"}, "facility": {"code": 15358}}, {"service": {"name": "Focused Antenatal Care"}, "facility": {"code": 14234}}, {"service": {"name": "Condom Promotion and Distribution"}, "facility": {"code": 14463}}, {"service": {"name": "Voluntary Male Circumcision"}, "facility": {"code": 15358}}, {"service": {"name": "Long Term FP"}, "facility": {"code": 15516}}, {"service": {"name": "Basic Immunization"}, "facility": {"code": 15133}}, {"service": {"name": "Paediatric Antiretroviral Therapy"}, "facility": {"code": 15516}}, {"service": {"name": "Short Term FP"}, "facility": {"code": 14234}}, {"service": {"name": "Management of STIs"}, "facility": {"code": 14463}}, {"service": {"name": "Post Exposure Prophylaxis"}, "facility": {"code": 15358}}, {"service": {"name": "PMTCT - Maternity"}, "facility": {"code": 15358}}, {"service": {"name": "PMTCT - ANC"}, "facility": {"code": 15358}}, {"service": {"name": "PMTCT - ANC"}, "facility": {"code": 14234}}, {"service": {"name": "Early Infant Diagnosis"}, "facility": {"code": 15358}}, {"service": {"name": "Diagnostic Counselling and Testing"}, "facility": {"code": 15358}}, {"service": {"name": "Provider Initiated Counselling and Testing"}, "facility": {"code": 15358}}, {"service": {"name": "Provider Initiated Counselling and Testing"}, "facility": {"code": 14234}}, {"service": {"name": "Management of STIs"}, "facility": {"code": 14234}}, {"service": {"name": "Management of STIs"}, "facility": {"code": 15358}}, {"service": {"name": "Condom Promotion and Distribution"}, "facility": {"code": 14234}}, {"service": {"name": "Condom Promotion and Distribution"}, "facility": {"code": 15358}}, {"service": {"name": "Focused Antenatal Care"}, "facility": {"code": 15133}}, {"service": {"name": "Permanent FP"}, "facility": {"code": 15133}}, {"service": {"name": "Diagnostic Counselling and Testing"}, "facility": {"code": 14308}}, {"service": {"name": "Provider Initiated Counselling and Testing"}, "facility": {"code": 14308}}, {"service": {"name": "Long Term FP"}, "facility": {"code": 15133}}, {"service": {"name": "Emergency Obstetric Care"}, "facility": {"code": 15337}}, {"service": {"name": "Environmental Health Services"}, "facility": {"code": 15337}}, {"service": {"name": "Maternity Services"}, "facility": {"code": 15337}}, {"service": {"name": "Short Term FP"}, "facility": {"code": 15133}}, {"service": {"name": "Oral Health Services (Dental Services)"}, "facility": {"code": 15174}}, {"service": {"name": "Curative Services"}, "facility": {"code": 15337}}, {"service": {"name": "Immunization with additional vaccines"}, "facility": {"code": 15337}}, {"service": {"name": "Emergency Obstetric Care"}, "facility": {"code": 15174}}, {"service": {"name": "Basic Immunization"}, "facility": {"code": 15337}}, {"service": {"name": "Focused Antenatal Care"}, "facility": {"code": 15337}}, {"service": {"name": "Environmental Health Services"}, "facility": {"code": 15174}}, {"service": {"name": "Rehabilitative Health Services - Physiotherapy"}, "facility": {"code": 15174}}, {"service": {"name": "Environmental Health Services"}, "facility": {"code": 17144}}, {"service": {"name": "Nutrition Services"}, "facility": {"code": 17144}}, {"service": {"name": "Long Term FP"}, "facility": {"code": 15337}}, {"service": {"name": "Short Term FP"}, "facility": {"code": 15337}}, {"service": {"name": "Post Exposure Prophylaxis"}, "facility": {"code": 15133}}, {"service": {"name": "Basic Immunization"}, "facility": {"code": 17144}}, {"service": {"name": "PMTCT - Maternity"}, "facility": {"code": 15337}}, {"service": {"name": "Short Term FP"}, "facility": {"code": 17144}}, {"service": {"name": "PMTCT - ANC"}, "facility": {"code": 15337}}, {"service": {"name": "PMTCT - ANC"}, "facility": {"code": 17144}}, {"service": {"name": "Provider Initiated Counselling and Testing"}, "facility": {"code": 17144}}, {"service": {"name": "Management of STIs"}, "facility": {"code": 15337}}, {"service": {"name": "Condom Promotion and Distribution"}, "facility": {"code": 15337}}, {"service": {"name": "Management of STIs"}, "facility": {"code": 17144}}, {"service": {"name": "Condom Promotion and Distribution"}, "facility": {"code": 17144}}, {"service": {"name": "Nutrition Services"}, "facility": {"code": 15174}}, {"service": {"name": "Integrated Management of Childhood Illnesses"}, "facility": {"code": 15174}}, {"service": {"name": "PMTCT - ANC"}, "facility": {"code": 15133}}, {"service": {"name": "Laboratory Services"}, "facility": {"code": 15174}}, {"service": {"name": "Diagnostic Counselling and Testing"}, "facility": {"code": 15133}}, {"service": {"name": "Radiology Services"}, "facility": {"code": 15174}}, {"service": {"name": "Surgical Services"}, "facility": {"code": 15174}}, {"service": {"name": "Provider Initiated Counselling and Testing"}, "facility": {"code": 15133}}, {"service": {"name": "Maternity Services"}, "facility": {"code": 15174}}, {"service": {"name": "Curative Services"}, "facility": {"code": 15174}}, {"service": {"name": "Management of STIs"}, "facility": {"code": 15133}}, {"service": {"name": "Early Infant Diagnosis"}, "facility": {"code": 12886}}, {"service": {"name": "Condom Promotion and Distribution"}, "facility": {"code": 15133}}, {"service": {"name": "Emergency Preparedness"}, "facility": {"code": 15048}}, {"service": {"name": "Emergency Obstetric Care"}, "facility": {"code": 15048}}, {"service": {"name": "Services for Sexual Violence Survivors"}, "facility": {"code": 15048}}, {"service": {"name": "Nutrition Services"}, "facility": {"code": 15048}}, {"service": {"name": "Surgical Services"}, "facility": {"code": 15048}}, {"service": {"name": "Maternity Services"}, "facility": {"code": 15048}}, {"service": {"name": "Curative Services"}, "facility": {"code": 15048}}, {"service": {"name": "Basic Immunization"}, "facility": {"code": 15048}}, {"service": {"name": "Focused Antenatal Care"}, "facility": {"code": 15048}}, {"service": {"name": "Long Term FP"}, "facility": {"code": 15048}}, {"service": {"name": "Short Term FP"}, "facility": {"code": 15048}}, {"service": {"name": "Emergency Obstetric Care"}, "facility": {"code": 15677}}, {"service": {"name": "Post Exposure Prophylaxis"}, "facility": {"code": 15048}}, {"service": {"name": "Emergency Obstetric Care"}, "facility": {"code": 14563}}, {"service": {"name": "Environmental Health Services"}, "facility": {"code": 15677}}, {"service": {"name": "Surgical Services"}, "facility": {"code": 15677}}, {"service": {"name": "PMTCT - ANC"}, "facility": {"code": 15048}}, {"service": {"name": "Maternity Services"}, "facility": {"code": 15677}}, {"service": {"name": "Nutrition Services"}, "facility": {"code": 14563}}, {"service": {"name": "Diagnostic Counselling and Testing"}, "facility": {"code": 15048}}, {"service": {"name": "Curative Services"}, "facility": {"code": 15677}}, {"service": {"name": "Emergency Preparedness"}, "facility": {"code": 16412}}, {"service": {"name": "Provider Initiated Counselling and Testing"}, "facility": {"code": 15048}}, {"service": {"name": "Integrated Management of Childhood Illnesses"}, "facility": {"code": 14563}}, {"service": {"name": "Emergency Obstetric Care"}, "facility": {"code": 16412}}, {"service": {"name": "Management of STIs"}, "facility": {"code": 15048}}, {"service": {"name": "Curative Services"}, "facility": {"code": 14563}}, {"service": {"name": "Environmental Health Services"}, "facility": {"code": 16412}}, {"service": {"name": "Basic Immunization"}, "facility": {"code": 15677}}, {"service": {"name": "Focused Antenatal Care"}, "facility": {"code": 15677}}, {"service": {"name": "Condom Promotion and Distribution"}, "facility": {"code": 15048}}, {"service": {"name": "Nutrition Services"}, "facility": {"code": 16412}}, {"service": {"name": "Integrated Management of Childhood Illnesses"}, "facility": {"code": 16412}}, {"service": {"name": "Short Term FP"}, "facility": {"code": 15677}}, {"service": {"name": "Laboratory Services"}, "facility": {"code": 16412}}, {"service": {"name": "Emergency Obstetric Care"}, "facility": {"code": 15409}}, {"service": {"name": "Surgical Services"}, "facility": {"code": 16412}}, {"service": {"name": "Mortuary Services"}, "facility": {"code": 15174}}, {"service": {"name": "Immunization with additional vaccines"}, "facility": {"code": 14563}}, {"service": {"name": "PMTCT - ANC"}, "facility": {"code": 15677}}, {"service": {"name": "Nutrition Services"}, "facility": {"code": 15409}}, {"service": {"name": "Facility Based Blood Transfusion Service"}, "facility": {"code": 15174}}, {"service": {"name": "Curative Services"}, "facility": {"code": 16412}}, {"service": {"name": "Integrated Management of Childhood Illnesses"}, "facility": {"code": 15409}}, {"service": {"name": "Early Infant Diagnosis"}, "facility": {"code": 15677}}, {"service": {"name": "Basic Immunization"}, "facility": {"code": 14563}}, {"service": {"name": "Curative Services"}, "facility": {"code": 15409}}, {"service": {"name": "Provider Initiated Counselling and Testing"}, "facility": {"code": 15677}}, {"service": {"name": "Long Term FP"}, "facility": {"code": 16412}}, {"service": {"name": "First Line Treatment"}, "facility": {"code": 15174}}, {"service": {"name": "Short Term FP"}, "facility": {"code": 16412}}, {"service": {"name": "Voluntary Counselling and Testing"}, "facility": {"code": 15677}}, {"service": {"name": "Smear Microscopy"}, "facility": {"code": 15174}}, {"service": {"name": "Immunization with additional vaccines"}, "facility": {"code": 15174}}, {"service": {"name": "Post Exposure Prophylaxis"}, "facility": {"code": 16412}}, {"service": {"name": "Management of STIs"}, "facility": {"code": 15677}}, {"service": {"name": "Focused Antenatal Care"}, "facility": {"code": 14563}}, {"service": {"name": "PMTCT - ANC"}, "facility": {"code": 16412}}, {"service": {"name": "Basic Immunization"}, "facility": {"code": 15409}}, {"service": {"name": "Basic Immunization"}, "facility": {"code": 15174}}, {"service": {"name": "Condom Promotion and Distribution"}, "facility": {"code": 15677}}, {"service": {"name": "Early Infant Diagnosis"}, "facility": {"code": 16412}}, {"service": {"name": "Focused Antenatal Care"}, "facility": {"code": 15409}}, {"service": {"name": "Integrated Services"}, "facility": {"code": 14563}}, {"service": {"name": "Provider Initiated Counselling and Testing"}, "facility": {"code": 16412}}, {"service": {"name": "Integrated Services"}, "facility": {"code": 15409}}, {"service": {"name": "Management of STIs"}, "facility": {"code": 16412}}, {"service": {"name": "Short Term FP"}, "facility": {"code": 15409}}, {"service": {"name": "Condom Promotion and Distribution"}, "facility": {"code": 16412}}, {"service": {"name": "Emergency Obstetric Care"}, "facility": {"code": 14485}}, {"service": {"name": "Post Exposure Prophylaxis"}, "facility": {"code": 15409}}, {"service": {"name": "Adult Antiretroviral Therapy"}, "facility": {"code": 15174}}, {"service": {"name": "Short Term FP"}, "facility": {"code": 14563}}, {"service": {"name": "Provider Initiated Counselling and Testing"}, "facility": {"code": 15409}}, {"service": {"name": "Paediatric Antiretroviral Therapy"}, "facility": {"code": 15174}}, {"service": {"name": "PMTCT - ANC"}, "facility": {"code": 15409}}, {"service": {"name": "Voluntary Counselling and Testing"}, "facility": {"code": 15409}}, {"service": {"name": "Nutrition Services"}, "facility": {"code": 14485}}, {"service": {"name": "Management of STIs"}, "facility": {"code": 15409}}, {"service": {"name": "Post Exposure Prophylaxis"}, "facility": {"code": 15174}}, {"service": {"name": "Condom Promotion and Distribution"}, "facility": {"code": 15409}}, {"service": {"name": "PMTCT - Maternity"}, "facility": {"code": 15174}}, {"service": {"name": "PMTCT - ANC"}, "facility": {"code": 14563}}, {"service": {"name": "Integrated Management of Childhood Illnesses"}, "facility": {"code": 14485}}, {"service": {"name": "PMTCT - ANC"}, "facility": {"code": 15174}}, {"service": {"name": "Early Infant Diagnosis"}, "facility": {"code": 15174}}, {"service": {"name": "Diagnostic Counselling and Testing"}, "facility": {"code": 15174}}, {"service": {"name": "Provider Initiated Counselling and Testing"}, "facility": {"code": 14563}}, {"service": {"name": "Laboratory Services"}, "facility": {"code": 14485}}, {"service": {"name": "Management of STIs"}, "facility": {"code": 14563}}, {"service": {"name": "Emergency Obstetric Care"}, "facility": {"code": 13043}}, {"service": {"name": "Surgical Services"}, "facility": {"code": 14485}}, {"service": {"name": "Voluntary Counselling and Testing"}, "facility": {"code": 15174}}, {"service": {"name": "Curative Services"}, "facility": {"code": 14485}}, {"service": {"name": "First Line Treatment"}, "facility": {"code": 14485}}, {"service": {"name": "Condom Promotion and Distribution"}, "facility": {"code": 14563}}, {"service": {"name": "Emergency Preparedness"}, "facility": {"code": 15439}}, {"service": {"name": "Emergency Obstetric Care"}, "facility": {"code": 15439}}, {"service": {"name": "Smear Microscopy"}, "facility": {"code": 14485}}, {"service": {"name": "Provider Initiated Counselling and Testing"}, "facility": {"code": 15174}}, {"service": {"name": "Nutrition Services"}, "facility": {"code": 15439}}, {"service": {"name": "Opthalmic Services"}, "facility": {"code": 15439}}, {"service": {"name": "Immunization with additional vaccines"}, "facility": {"code": 14485}}], "unique_fields": ["facility", "service"], "model": "facilities.FacilityService"}]