[{"records": [{"service": {"name": "Diagnostic Counselling and Testing"}, "facility": {"code": 20080}}, {"service": {"name": "Provider Initiated Counselling and Testing"}, "facility": {"code": 20080}}, {"service": {"name": "Management of STIs"}, "facility": {"code": 20080}}, {"service": {"name": "Condom Promotion and Distribution"}, "facility": {"code": 20080}}, {"service": {"name": "Condom Promotion and Distribution"}, "facility": {"code": 20079}}, {"service": {"name": "Maternity Services"}, "facility": {"code": 16786}}, {"service": {"name": "Curative Services"}, "facility": {"code": 16786}}, {"service": {"name": "Basic Immunization"}, "facility": {"code": 16786}}, {"service": {"name": "Focused Antenatal Care"}, "facility": {"code": 16786}}, {"service": {"name": "Long Term FP"}, "facility": {"code": 16786}}, {"service": {"name": "Short Term FP"}, "facility": {"code": 16786}}, {"service": {"name": "Adult Antiretroviral Therapy"}, "facility": {"code": 16786}}, {"service": {"name": "Paediatric Antiretroviral Therapy"}, "facility": {"code": 16786}}, {"service": {"name": "Post Exposure Prophylaxis"}, "facility": {"code": 16786}}, {"service": {"name": "PMTCT - Maternity"}, "facility": {"code": 16786}}, {"service": {"name": "PMTCT - ANC"}, "facility": {"code": 16786}}, {"service": {"name": "Early Infant Diagnosis"}, "facility": {"code": 16786}}, {"service": {"name": "Provider Initiated Counselling and Testing"}, "facility": {"code": 16786}}, {"service": {"name": "Management of STIs"}, "facility": {"code": 16786}}, {"service": {"name": "Condom Promotion and Distribution"}, "facility": {"code": 16786}}, {"service": {"name": "Curative Services"}, "facility": {"code": 20078}}, {"service": {"name": "First Line Treatment"}, "facility": {"code": 20078}}, {"service": {"name": "Short Term FP"}, "facility": {"code": 20078}}, {"service": {"name": "Adult Antiretroviral Therapy"}, "facility": {"code": 20078}}, {"service": {"name": "Diagnostic Counselling and Testing"}, "facility": {"code": 20078}}, {"service": {"name": "Provider Initiated Counselling and Testing"}, "facility": {"code": 20078}}, {"service": {"name": "Management of STIs"}, "facility": {"code": 20078}}, {"service": {"name": "Condom Promotion and Distribution"}, "facility": {"code": 20078}}, {"service": {"name": "Emergency Preparedness"}, "facility": {"code": 20077}}, {"service": {"name": "ENT Services"}, "facility": {"code": 20077}}, {"service": {"name": "Emergency Obstetric Care"}, "facility": {"code": 20077}}, {"service": {"name": "Environmental Health Services"}, "facility": {"code": 20077}}, {"service": {"name": "Nutrition Services"}, "facility": {"code": 20077}}, {"service": {"name": "Integrated Management of Childhood Illnesses"}, "facility": {"code": 20077}}, {"service": {"name": "Laboratory Services"}, "facility": {"code": 20077}}, {"service": {"name": "Maternity Services"}, "facility": {"code": 20077}}, {"service": {"name": "Curative Services"}, "facility": {"code": 20077}}, {"service": {"name": "Focused Antenatal Care"}, "facility": {"code": 20077}}, {"service": {"name": "Permanent FP"}, "facility": {"code": 20077}}, {"service": {"name": "Long Term FP"}, "facility": {"code": 20077}}, {"service": {"name": "Short Term FP"}, "facility": {"code": 20077}}, {"service": {"name": "Provider Initiated Counselling and Testing"}, "facility": {"code": 20077}}, {"service": {"name": "Voluntary Counselling and Testing"}, "facility": {"code": 20077}}, {"service": {"name": "Condom Promotion and Distribution"}, "facility": {"code": 20077}}, {"service": {"name": "Management of STIs"}, "facility": {"code": 20077}}, {"service": {"name": "Maternity Services"}, "facility": {"code": 16234}}, {"service": {"name": "Laboratory Services"}, "facility": {"code": 16234}}, {"service": {"name": "Environmental Health Services"}, "facility": {"code": 16234}}, {"service": {"name": "Emergency Obstetric Care"}, "facility": {"code": 10171}}, {"service": {"name": "Nutrition Services"}, "facility": {"code": 10171}}, {"service": {"name": "Laboratory Services"}, "facility": {"code": 10171}}, {"service": {"name": "Surgical Services"}, "facility": {"code": 10171}}, {"service": {"name": "Maternity Services"}, "facility": {"code": 10171}}, {"service": {"name": "Curative Services"}, "facility": {"code": 10171}}, {"service": {"name": "First Line Treatment"}, "facility": {"code": 10171}}, {"service": {"name": "Smear Microscopy"}, "facility": {"code": 10171}}, {"service": {"name": "Basic Immunization"}, "facility": {"code": 10171}}, {"service": {"name": "Focused Antenatal Care"}, "facility": {"code": 10171}}, {"service": {"name": "Short Term FP"}, "facility": {"code": 10171}}, {"service": {"name": "PMTCT - Maternity"}, "facility": {"code": 10171}}, {"service": {"name": "PMTCT - ANC"}, "facility": {"code": 10171}}, {"service": {"name": "Early Infant Diagnosis"}, "facility": {"code": 10171}}, {"service": {"name": "Diagnostic Counselling and Testing"}, "facility": {"code": 10171}}, {"service": {"name": "Provider Initiated Counselling and Testing"}, "facility": {"code": 10171}}, {"service": {"name": "Voluntary Counselling and Testing"}, "facility": {"code": 10171}}, {"service": {"name": "Management of STIs"}, "facility": {"code": 10171}}, {"service": {"name": "Condom Promotion and Distribution"}, "facility": {"code": 10171}}, {"service": {"name": "Emergency Obstetric Care"}, "facility": {"code": 13095}}, {"service": {"name": "Environmental Health Services"}, "facility": {"code": 13095}}, {"service": {"name": "Opthalmic Services"}, "facility": {"code": 13095}}, {"service": {"name": "Ambulance Sevices"}, "facility": {"code": 13095}}, {"service": {"name": "Laboratory Services"}, "facility": {"code": 13095}}, {"service": {"name": "Surgical Services"}, "facility": {"code": 13095}}, {"service": {"name": "Maternity Services"}, "facility": {"code": 13095}}, {"service": {"name": "Curative Services"}, "facility": {"code": 13095}}, {"service": {"name": "Provider Initiated Counselling and Testing"}, "facility": {"code": 17247}}, {"service": {"name": "Diagnostic Counselling and Testing"}, "facility": {"code": 17247}}, {"service": {"name": "Condom Promotion and Distribution"}, "facility": {"code": 17247}}, {"service": {"name": "Laboratory Services"}, "facility": {"code": 17631}}, {"service": {"name": "Basic Immunization"}, "facility": {"code": 17631}}, {"service": {"name": "Post Exposure Prophylaxis"}, "facility": {"code": 17631}}, {"service": {"name": "PMTCT - ANC"}, "facility": {"code": 17631}}, {"service": {"name": "Diagnostic Counselling and Testing"}, "facility": {"code": 17631}}, {"service": {"name": "Provider Initiated Counselling and Testing"}, "facility": {"code": 17631}}, {"service": {"name": "Condom Promotion and Distribution"}, "facility": {"code": 17631}}, {"service": {"name": "Laboratory Services"}, "facility": {"code": 17632}}, {"service": {"name": "PMTCT - ANC"}, "facility": {"code": 17626}}, {"service": {"name": "Diagnostic Counselling and Testing"}, "facility": {"code": 17626}}, {"service": {"name": "Provider Initiated Counselling and Testing"}, "facility": {"code": 17626}}, {"service": {"name": "Management of STIs"}, "facility": {"code": 14368}}, {"service": {"name": "Nutrition Services"}, "facility": {"code": 12261}}, {"service": {"name": "Maternity Services"}, "facility": {"code": 12261}}, {"service": {"name": "Curative Services"}, "facility": {"code": 12261}}, {"service": {"name": "Laboratory Services"}, "facility": {"code": 20073}}, {"service": {"name": "Curative Services"}, "facility": {"code": 20073}}, {"service": {"name": "Basic Immunization"}, "facility": {"code": 20073}}, {"service": {"name": "Focused Antenatal Care"}, "facility": {"code": 20073}}, {"service": {"name": "Short Term FP"}, "facility": {"code": 20073}}, {"service": {"name": "Condom Promotion and Distribution"}, "facility": {"code": 20073}}, {"service": {"name": "Curative Services"}, "facility": {"code": 20074}}, {"service": {"name": "Short Term FP"}, "facility": {"code": 20074}}, {"service": {"name": "Condom Promotion and Distribution"}, "facility": {"code": 20074}}, {"service": {"name": "Curative Services"}, "facility": {"code": 20075}}, {"service": {"name": "Short Term FP"}, "facility": {"code": 20075}}, {"service": {"name": "Condom Promotion and Distribution"}, "facility": {"code": 20075}}, {"service": {"name": "Integrated Management of Childhood Illnesses"}, "facility": {"code": 19598}}, {"service": {"name": "Focused Antenatal Care"}, "facility": {"code": 19598}}, {"service": {"name": "PMTCT - ANC"}, "facility": {"code": 19598}}, {"service": {"name": "Curative Services"}, "facility": {"code": 10445}}, {"service": {"name": "Oral Health Services (Dental Services)"}, "facility": {"code": 20072}}, {"service": {"name": "Emergency Obstetric Care"}, "facility": {"code": 20072}}, {"service": {"name": "Ambulance Sevices"}, "facility": {"code": 20072}}, {"service": {"name": "Laboratory Services"}, "facility": {"code": 20072}}, {"service": {"name": "Surgical Services"}, "facility": {"code": 20072}}, {"service": {"name": "Curative Services"}, "facility": {"code": 20072}}, {"service": {"name": "Basic Immunization"}, "facility": {"code": 20072}}, {"service": {"name": "Focused Antenatal Care"}, "facility": {"code": 20072}}, {"service": {"name": "Short Term FP"}, "facility": {"code": 20072}}, {"service": {"name": "PMTCT - ANC"}, "facility": {"code": 20072}}, {"service": {"name": "Diagnostic Counselling and Testing"}, "facility": {"code": 20072}}, {"service": {"name": "Management of STIs"}, "facility": {"code": 20072}}, {"service": {"name": "Condom Promotion and Distribution"}, "facility": {"code": 20072}}, {"service": {"name": "Nutrition Services"}, "facility": {"code": 20071}}, {"service": {"name": "Laboratory Services"}, "facility": {"code": 20071}}, {"service": {"name": "Basic Immunization"}, "facility": {"code": 20071}}, {"service": {"name": "Focused Antenatal Care"}, "facility": {"code": 20071}}, {"service": {"name": "Permanent FP"}, "facility": {"code": 20071}}, {"service": {"name": "Long Term FP"}, "facility": {"code": 20071}}, {"service": {"name": "Condom Promotion and Distribution"}, "facility": {"code": 14887}}, {"service": {"name": "Curative Services"}, "facility": {"code": 20071}}, {"service": {"name": "Focused Antenatal Care"}, "facility": {"code": 14887}}, {"service": {"name": "Emergency Preparedness"}, "facility": {"code": 14887}}, {"service": {"name": "Curative Services"}, "facility": {"code": 14887}}, {"service": {"name": "Short Term FP"}, "facility": {"code": 14887}}, {"service": {"name": "Short Term FP"}, "facility": {"code": 20071}}, {"service": {"name": "Diagnostic Counselling and Testing"}, "facility": {"code": 20071}}, {"service": {"name": "Provider Initiated Counselling and Testing"}, "facility": {"code": 20071}}, {"service": {"name": "Condom Promotion and Distribution"}, "facility": {"code": 20071}}, {"service": {"name": "Environmental Health Services"}, "facility": {"code": 14916}}, {"service": {"name": "Environmental Health Services"}, "facility": {"code": 14906}}, {"service": {"name": "Environmental Health Services"}, "facility": {"code": 14934}}, {"service": {"name": "Environmental Health Services"}, "facility": {"code": 14778}}, {"service": {"name": "Environmental Health Services"}, "facility": {"code": 14761}}, {"service": {"name": "Environmental Health Services"}, "facility": {"code": 14746}}, {"service": {"name": "Environmental Health Services"}, "facility": {"code": 14630}}, {"service": {"name": "Environmental Health Services"}, "facility": {"code": 14368}}, {"service": {"name": "Environmental Health Services"}, "facility": {"code": 14644}}, {"service": {"name": "Environmental Health Services"}, "facility": {"code": 14704}}, {"service": {"name": "Environmental Health Services"}, "facility": {"code": 14876}}, {"service": {"name": "Environmental Health Services"}, "facility": {"code": 14697}}, {"service": {"name": "Environmental Health Services"}, "facility": {"code": 14348}}, {"service": {"name": "Environmental Health Services"}, "facility": {"code": 14324}}, {"service": {"name": "Environmental Health Services"}, "facility": {"code": 14982}}, {"service": {"name": "Environmental Health Services"}, "facility": {"code": 14307}}, {"service": {"name": "Environmental Health Services"}, "facility": {"code": 15070}}, {"service": {"name": "Emergency Preparedness"}, "facility": {"code": 20070}}, {"service": {"name": "ENT Services"}, "facility": {"code": 20070}}, {"service": {"name": "Emergency Obstetric Care"}, "facility": {"code": 20070}}, {"service": {"name": "Environmental Health Services"}, "facility": {"code": 20070}}, {"service": {"name": "Services for Sexual Violence Survivors"}, "facility": {"code": 20070}}, {"service": {"name": "Integrated Management of Childhood Illnesses"}, "facility": {"code": 20070}}, {"service": {"name": "Laboratory Services"}, "facility": {"code": 20070}}, {"service": {"name": "Surgical Services"}, "facility": {"code": 20070}}, {"service": {"name": "Maternity Services"}, "facility": {"code": 20070}}, {"service": {"name": "Curative Services"}, "facility": {"code": 20070}}, {"service": {"name": "Basic Immunization"}, "facility": {"code": 20070}}, {"service": {"name": "Focused Antenatal Care"}, "facility": {"code": 20070}}, {"service": {"name": "Long Term FP"}, "facility": {"code": 20070}}, {"service": {"name": "Short Term FP"}, "facility": {"code": 20070}}, {"service": {"name": "PMTCT - Maternity"}, "facility": {"code": 20070}}, {"service": {"name": "PMTCT - ANC"}, "facility": {"code": 20070}}, {"service": {"name": "Early Infant Diagnosis"}, "facility": {"code": 20070}}, {"service": {"name": "Post Exposure Prophylaxis"}, "facility": {"code": 20070}}, {"service": {"name": "Diagnostic Counselling and Testing"}, "facility": {"code": 20070}}, {"service": {"name": "Provider Initiated Counselling and Testing"}, "facility": {"code": 20070}}, {"service": {"name": "Voluntary Counselling and Testing"}, "facility": {"code": 20070}}, {"service": {"name": "Management of STIs"}, "facility": {"code": 20070}}, {"service": {"name": "Condom Promotion and Distribution"}, "facility": {"code": 20070}}, {"service": {"name": "Curative Services"}, "facility": {"code": 20069}}, {"service": {"name": "Diagnostic Counselling and Testing"}, "facility": {"code": 20069}}, {"service": {"name": "Provider Initiated Counselling and Testing"}, "facility": {"code": 20069}}, {"service": {"name": "Condom Promotion and Distribution"}, "facility": {"code": 20069}}, {"service": {"name": "Emergency Obstetric Care"}, "facility": {"code": 15070}}, {"service": {"name": "Smear Microscopy"}, "facility": {"code": 15070}}, {"service": {"name": "Post Exposure Prophylaxis"}, "facility": {"code": 15070}}, {"service": {"name": "Management of STIs"}, "facility": {"code": 15070}}, {"service": {"name": "Smear Microscopy"}, "facility": {"code": 14982}}, {"service": {"name": "Management of STIs"}, "facility": {"code": 14982}}, {"service": {"name": "Smear Microscopy"}, "facility": {"code": 14348}}, {"service": {"name": "Curative Services"}, "facility": {"code": 14326}}, {"service": {"name": "Basic Immunization"}, "facility": {"code": 14326}}, {"service": {"name": "Focused Antenatal Care"}, "facility": {"code": 14326}}, {"service": {"name": "Short Term FP"}, "facility": {"code": 14326}}, {"service": {"name": "Post Exposure Prophylaxis"}, "facility": {"code": 14326}}, {"service": {"name": "PMTCT - ANC"}, "facility": {"code": 14326}}, {"service": {"name": "Early Infant Diagnosis"}, "facility": {"code": 14326}}, {"service": {"name": "Diagnostic Counselling and Testing"}, "facility": {"code": 14326}}, {"service": {"name": "Provider Initiated Counselling and Testing"}, "facility": {"code": 14326}}, {"service": {"name": "Voluntary Counselling and Testing"}, "facility": {"code": 14326}}, {"service": {"name": "Management of STIs"}, "facility": {"code": 14326}}, {"service": {"name": "Condom Promotion and Distribution"}, "facility": {"code": 14326}}, {"service": {"name": "Post Exposure Prophylaxis"}, "facility": {"code": 14324}}, {"service": {"name": "Early Infant Diagnosis"}, "facility": {"code": 14324}}, {"service": {"name": "Diagnostic Counselling and Testing"}, "facility": {"code": 14324}}, {"service": {"name": "Management of STIs"}, "facility": {"code": 14324}}, {"service": {"name": "Post Exposure Prophylaxis"}, "facility": {"code": 14307}}, {"service": {"name": "Emergency Obstetric Care"}, "facility": {"code": 20068}}, {"service": {"name": "Focused Antenatal Care"}, "facility": {"code": 20068}}, {"service": {"name": "Integrated Services"}, "facility": {"code": 20068}}, {"service": {"name": "Home Based Care"}, "facility": {"code": 20068}}, {"service": {"name": "Short Term FP"}, "facility": {"code": 20068}}, {"service": {"name": "Curative Services"}, "facility": {"code": 20068}}, {"service": {"name": "Services for Female Genital Mutilation (FGM) Survivors"}, "facility": {"code": 20068}}, {"service": {"name": "Voluntary Male Circumcision"}, "facility": {"code": 20068}}, {"service": {"name": "PMTCT - ANC"}, "facility": {"code": 20068}}, {"service": {"name": "Diagnostic Counselling and Testing"}, "facility": {"code": 20068}}, {"service": {"name": "Provider Initiated Counselling and Testing"}, "facility": {"code": 20068}}, {"service": {"name": "Management of STIs"}, "facility": {"code": 20068}}, {"service": {"name": "Condom Promotion and Distribution"}, "facility": {"code": 20068}}, {"service": {"name": "Curative Services"}, "facility": {"code": 20067}}, {"service": {"name": "Basic Immunization"}, "facility": {"code": 20067}}, {"service": {"name": "Focused Antenatal Care"}, "facility": {"code": 20067}}, {"service": {"name": "Short Term FP"}, "facility": {"code": 20067}}, {"service": {"name": "Post Exposure Prophylaxis"}, "facility": {"code": 20067}}, {"service": {"name": "PMTCT - ANC"}, "facility": {"code": 20067}}, {"service": {"name": "Management of STIs"}, "facility": {"code": 20067}}, {"service": {"name": "Condom Promotion and Distribution"}, "facility": {"code": 20067}}, {"service": {"name": "Laboratory Services"}, "facility": {"code": 20065}}, {"service": {"name": "Curative Services"}, "facility": {"code": 20065}}, {"service": {"name": "Emergency Obstetric Care"}, "facility": {"code": 20066}}, {"service": {"name": "Laboratory Services"}, "facility": {"code": 20066}}, {"service": {"name": "Curative Services"}, "facility": {"code": 20066}}, {"service": {"name": "Short Term FP"}, "facility": {"code": 20066}}, {"service": {"name": "Voluntary Male Circumcision"}, "facility": {"code": 20066}}, {"service": {"name": "Management of STIs"}, "facility": {"code": 20066}}, {"service": {"name": "Condom Promotion and Distribution"}, "facility": {"code": 20066}}, {"service": {"name": "Basic Immunization"}, "facility": {"code": 20065}}, {"service": {"name": "Focused Antenatal Care"}, "facility": {"code": 20065}}, {"service": {"name": "Permanent FP"}, "facility": {"code": 20065}}, {"service": {"name": "Long Term FP"}, "facility": {"code": 20065}}, {"service": {"name": "Short Term FP"}, "facility": {"code": 20065}}, {"service": {"name": "Management of STIs"}, "facility": {"code": 20065}}, {"service": {"name": "Condom Promotion and Distribution"}, "facility": {"code": 20065}}, {"service": {"name": "Laboratory Services"}, "facility": {"code": 20064}}, {"service": {"name": "Curative Services"}, "facility": {"code": 20064}}, {"service": {"name": "Smear Microscopy"}, "facility": {"code": 20064}}, {"service": {"name": "Basic Immunization"}, "facility": {"code": 20064}}, {"service": {"name": "Focused Antenatal Care"}, "facility": {"code": 20064}}, {"service": {"name": "Long Term FP"}, "facility": {"code": 20064}}, {"service": {"name": "Short Term FP"}, "facility": {"code": 20064}}, {"service": {"name": "Diagnostic Counselling and Testing"}, "facility": {"code": 20064}}, {"service": {"name": "Voluntary Counselling and Testing"}, "facility": {"code": 20064}}, {"service": {"name": "Condom Promotion and Distribution"}, "facility": {"code": 20064}}, {"service": {"name": "ENT Services"}, "facility": {"code": 13138}}, {"service": {"name": "Emergency Preparedness"}, "facility": {"code": 13138}}, {"service": {"name": "Emergency Obstetric Care"}, "facility": {"code": 13138}}, {"service": {"name": "Curative Services"}, "facility": {"code": 13138}}, {"service": {"name": "Basic Immunization"}, "facility": {"code": 13138}}, {"service": {"name": "Focused Antenatal Care"}, "facility": {"code": 13138}}, {"service": {"name": "Short Term FP"}, "facility": {"code": 13138}}, {"service": {"name": "Voluntary Counselling and Testing"}, "facility": {"code": 13138}}, {"service": {"name": "Management of STIs"}, "facility": {"code": 13138}}, {"service": {"name": "Condom Promotion and Distribution"}, "facility": {"code": 13138}}, {"service": {"name": "Voluntary Counselling and Testing"}, "facility": {"code": 20063}}, {"service": {"name": "Condom Promotion and Distribution"}, "facility": {"code": 20063}}, {"service": {"name": "Maternity Services"}, "facility": {"code": 20062}}, {"service": {"name": "Curative Services"}, "facility": {"code": 20062}}, {"service": {"name": "Basic Immunization"}, "facility": {"code": 20062}}, {"service": {"name": "Focused Antenatal Care"}, "facility": {"code": 20062}}, {"service": {"name": "Short Term FP"}, "facility": {"code": 20062}}, {"service": {"name": "PMTCT - Maternity"}, "facility": {"code": 20062}}, {"service": {"name": "PMTCT - ANC"}, "facility": {"code": 20062}}, {"service": {"name": "Emergency Preparedness"}, "facility": {"code": 20061}}, {"service": {"name": "Emergency Obstetric Care"}, "facility": {"code": 20061}}, {"service": {"name": "Services for Sexual Violence Survivors"}, "facility": {"code": 20061}}, {"service": {"name": "Nutrition Services"}, "facility": {"code": 20061}}, {"service": {"name": "Integrated Management of Childhood Illnesses"}, "facility": {"code": 20061}}, {"service": {"name": "Laboratory Services"}, "facility": {"code": 20061}}, {"service": {"name": "Radiology Services"}, "facility": {"code": 20061}}, {"service": {"name": "Surgical Services"}, "facility": {"code": 20061}}, {"service": {"name": "Maternity Services"}, "facility": {"code": 20061}}, {"service": {"name": "Curative Services"}, "facility": {"code": 20061}}, {"service": {"name": "Services for Female Genital Mutilation (FGM) Survivors"}, "facility": {"code": 20061}}, {"service": {"name": "Facility Based Blood Transfusion Service"}, "facility": {"code": 20061}}, {"service": {"name": "Facility Based Blood Collection Service"}, "facility": {"code": 20061}}, {"service": {"name": "First Line Treatment"}, "facility": {"code": 20061}}, {"service": {"name": "Tuberculosis Culture"}, "facility": {"code": 20061}}, {"service": {"name": "Smear Microscopy"}, "facility": {"code": 20061}}, {"service": {"name": "Basic Immunization"}, "facility": {"code": 20061}}, {"service": {"name": "Specialized ANC"}, "facility": {"code": 20061}}, {"service": {"name": "Focused Antenatal Care"}, "facility": {"code": 20061}}, {"service": {"name": "Permanent FP"}, "facility": {"code": 20061}}, {"service": {"name": "Long Term FP"}, "facility": {"code": 20061}}, {"service": {"name": "Short Term FP"}, "facility": {"code": 20061}}, {"service": {"name": "Adult Antiretroviral Therapy"}, "facility": {"code": 20061}}, {"service": {"name": "Paediatric Antiretroviral Therapy"}, "facility": {"code": 20061}}, {"service": {"name": "Post Exposure Prophylaxis"}, "facility": {"code": 20061}}, {"service": {"name": "Voluntary Male Circumcision"}, "facility": {"code": 20061}}, {"service": {"name": "PMTCT - Maternity"}, "facility": {"code": 20061}}, {"service": {"name": "PMTCT - ANC"}, "facility": {"code": 20061}}, {"service": {"name": "Early Infant Diagnosis"}, "facility": {"code": 20061}}, {"service": {"name": "Diagnostic Counselling and Testing"}, "facility": {"code": 20061}}, {"service": {"name": "Provider Initiated Counselling and Testing"}, "facility": {"code": 20061}}, {"service": {"name": "Management of STIs"}, "facility": {"code": 20061}}, {"service": {"name": "Condom Promotion and Distribution"}, "facility": {"code": 20061}}, {"service": {"name": "Environmental Health Services"}, "facility": {"code": 20060}}, {"service": {"name": "Curative Services"}, "facility": {"code": 20060}}, {"service": {"name": "Basic Immunization"}, "facility": {"code": 20060}}, {"service": {"name": "Focused Antenatal Care"}, "facility": {"code": 20060}}, {"service": {"name": "Short Term FP"}, "facility": {"code": 20060}}, {"service": {"name": "Condom Promotion and Distribution"}, "facility": {"code": 20060}}, {"service": {"name": "Services for Sexual Violence Survivors"}, "facility": {"code": 20059}}, {"service": {"name": "Curative Services"}, "facility": {"code": 20059}}, {"service": {"name": "Integrated Services"}, "facility": {"code": 20059}}, {"service": {"name": "Long Term FP"}, "facility": {"code": 20059}}, {"service": {"name": "Short Term FP"}, "facility": {"code": 20059}}, {"service": {"name": "Provider Initiated Counselling and Testing"}, "facility": {"code": 20059}}, {"service": {"name": "Voluntary Counselling and Testing"}, "facility": {"code": 20059}}, {"service": {"name": "Condom Promotion and Distribution"}, "facility": {"code": 20059}}, {"service": {"name": "Management of STIs"}, "facility": {"code": 20059}}, {"service": {"name": "Emergency Obstetric Care"}, "facility": {"code": 20058}}, {"service": {"name": "Nutrition Services"}, "facility": {"code": 20058}}, {"service": {"name": "Integrated Management of Childhood Illnesses"}, "facility": {"code": 20058}}, {"service": {"name": "Curative Services"}, "facility": {"code": 20058}}, {"service": {"name": "Long Term FP"}, "facility": {"code": 20058}}, {"service": {"name": "Early Infant Diagnosis"}, "facility": {"code": 20058}}, {"service": {"name": "Diagnostic Counselling and Testing"}, "facility": {"code": 20058}}, {"service": {"name": "Provider Initiated Counselling and Testing"}, "facility": {"code": 20058}}, {"service": {"name": "Management of STIs"}, "facility": {"code": 20058}}, {"service": {"name": "Condom Promotion and Distribution"}, "facility": {"code": 20058}}, {"service": {"name": "Emergency Preparedness"}, "facility": {"code": 20057}}, {"service": {"name": "ENT Services"}, "facility": {"code": 20057}}, {"service": {"name": "Oral Health Services (Dental Services)"}, "facility": {"code": 20057}}, {"service": {"name": "Emergency Obstetric Care"}, "facility": {"code": 20057}}, {"service": {"name": "Environmental Health Services"}, "facility": {"code": 20057}}, {"service": {"name": "Opthalmic Services"}, "facility": {"code": 20057}}, {"service": {"name": "Integrated Management of Childhood Illnesses"}, "facility": {"code": 20057}}, {"service": {"name": "Laboratory Services"}, "facility": {"code": 20057}}, {"service": {"name": "Surgical Services"}, "facility": {"code": 20057}}, {"service": {"name": "Curative Services"}, "facility": {"code": 20057}}, {"service": {"name": "Basic Immunization"}, "facility": {"code": 20057}}, {"service": {"name": "Specialized ANC"}, "facility": {"code": 20057}}, {"service": {"name": "Focused Antenatal Care"}, "facility": {"code": 20057}}, {"service": {"name": "Long Term FP"}, "facility": {"code": 20057}}, {"service": {"name": "Short Term FP"}, "facility": {"code": 20057}}, {"service": {"name": "Post Exposure Prophylaxis"}, "facility": {"code": 20057}}, {"service": {"name": "PMTCT - ANC"}, "facility": {"code": 20057}}, {"service": {"name": "Diagnostic Counselling and Testing"}, "facility": {"code": 20057}}, {"service": {"name": "Provider Initiated Counselling and Testing"}, "facility": {"code": 20057}}, {"service": {"name": "Management of STIs"}, "facility": {"code": 20057}}, {"service": {"name": "Condom Promotion and Distribution"}, "facility": {"code": 20057}}, {"service": {"name": "Nutrition Services"}, "facility": {"code": 20056}}, {"service": {"name": "Integrated Management of Childhood Illnesses"}, "facility": {"code": 20056}}, {"service": {"name": "Laboratory Services"}, "facility": {"code": 20056}}, {"service": {"name": "Surgical Services"}, "facility": {"code": 20056}}, {"service": {"name": "Curative Services"}, "facility": {"code": 20056}}, {"service": {"name": "Smear Microscopy"}, "facility": {"code": 20056}}, {"service": {"name": "Long Term FP"}, "facility": {"code": 20056}}, {"service": {"name": "Short Term FP"}, "facility": {"code": 20056}}, {"service": {"name": "PMTCT - ANC"}, "facility": {"code": 20056}}, {"service": {"name": "Diagnostic Counselling and Testing"}, "facility": {"code": 20056}}, {"service": {"name": "Provider Initiated Counselling and Testing"}, "facility": {"code": 20056}}, {"service": {"name": "Management of STIs"}, "facility": {"code": 20056}}, {"service": {"name": "Condom Promotion and Distribution"}, "facility": {"code": 20056}}, {"service": {"name": "Opthalmic Services"}, "facility": {"code": 20054}}, {"service": {"name": "Surgical Services"}, "facility": {"code": 20054}}, {"service": {"name": "Short Term FP"}, "facility": {"code": 20054}}, {"service": {"name": "Management of STIs"}, "facility": {"code": 20054}}, {"service": {"name": "Emergency Obstetric Care"}, "facility": {"code": 20055}}, {"service": {"name": "Curative Services"}, "facility": {"code": 20055}}, {"service": {"name": "Specialized ANC"}, "facility": {"code": 20055}}, {"service": {"name": "Long Term FP"}, "facility": {"code": 20055}}, {"service": {"name": "PMTCT - ANC"}, "facility": {"code": 20055}}, {"service": {"name": "Early Infant Diagnosis"}, "facility": {"code": 20055}}, {"service": {"name": "Diagnostic Counselling and Testing"}, "facility": {"code": 20055}}, {"service": {"name": "Provider Initiated Counselling and Testing"}, "facility": {"code": 20055}}, {"service": {"name": "Management of STIs"}, "facility": {"code": 20055}}, {"service": {"name": "Condom Promotion and Distribution"}, "facility": {"code": 20055}}, {"service": {"name": "Curative Services"}, "facility": {"code": 20054}}, {"service": {"name": "Laboratory Services"}, "facility": {"code": 20053}}, {"service": {"name": "Curative Services"}, "facility": {"code": 20053}}, {"service": {"name": "Diagnostic Counselling and Testing"}, "facility": {"code": 20053}}, {"service": {"name": "Provider Initiated Counselling and Testing"}, "facility": {"code": 20053}}, {"service": {"name": "Management of STIs"}, "facility": {"code": 20053}}, {"service": {"name": "Emergency Obstetric Care"}, "facility": {"code": 20051}}, {"service": {"name": "Environmental Health Services"}, "facility": {"code": 20051}}, {"service": {"name": "Services for Sexual Violence Survivors"}, "facility": {"code": 20051}}, {"service": {"name": "Mental Health Services"}, "facility": {"code": 20051}}, {"service": {"name": "Opthalmic Services"}, "facility": {"code": 20051}}, {"service": {"name": "Nutrition Services"}, "facility": {"code": 20051}}, {"service": {"name": "Integrated Management of Childhood Illnesses"}, "facility": {"code": 20051}}, {"service": {"name": "Laboratory Services"}, "facility": {"code": 20051}}, {"service": {"name": "Surgical Services"}, "facility": {"code": 20051}}, {"service": {"name": "Maternity Services"}, "facility": {"code": 20051}}, {"service": {"name": "Curative Services"}, "facility": {"code": 20051}}, {"service": {"name": "Curative Services"}, "facility": {"code": 20052}}, {"service": {"name": "Short Term FP"}, "facility": {"code": 20052}}, {"service": {"name": "Diagnostic Counselling and Testing"}, "facility": {"code": 20052}}, {"service": {"name": "Provider Initiated Counselling and Testing"}, "facility": {"code": 20052}}, {"service": {"name": "Voluntary Counselling and Testing"}, "facility": {"code": 20052}}, {"service": {"name": "Management of STIs"}, "facility": {"code": 20052}}, {"service": {"name": "Condom Promotion and Distribution"}, "facility": {"code": 20052}}, {"service": {"name": "Oral Health Services (Dental Services)"}, "facility": {"code": 20051}}, {"service": {"name": "Rehabilitative Health Services - Physiotherapy"}, "facility": {"code": 20051}}, {"service": {"name": "Ambulance Sevices"}, "facility": {"code": 20051}}, {"service": {"name": "Radiology Services"}, "facility": {"code": 20051}}, {"service": {"name": "Services for Female Genital Mutilation (FGM) Survivors"}, "facility": {"code": 20051}}, {"service": {"name": "Facility Based Blood Transfusion Service"}, "facility": {"code": 20051}}, {"service": {"name": "Rehabilitative Health Services - Orthopaedic Technology"}, "facility": {"code": 20051}}, {"service": {"name": "MDRTB Treatment"}, "facility": {"code": 20051}}, {"service": {"name": "First Line Treatment"}, "facility": {"code": 20051}}, {"service": {"name": "Immunization with additional vaccines"}, "facility": {"code": 20051}}, {"service": {"name": "Basic Immunization"}, "facility": {"code": 20051}}, {"service": {"name": "Specialized ANC"}, "facility": {"code": 20051}}, {"service": {"name": "Focused Antenatal Care"}, "facility": {"code": 20051}}, {"service": {"name": "Integrated Services"}, "facility": {"code": 20051}}, {"service": {"name": "Permanent FP"}, "facility": {"code": 20051}}, {"service": {"name": "Long Term FP"}, "facility": {"code": 20051}}, {"service": {"name": "Short Term FP"}, "facility": {"code": 20051}}, {"service": {"name": "Home Based Care"}, "facility": {"code": 20051}}, {"service": {"name": "Adult Antiretroviral Therapy"}, "facility": {"code": 20051}}, {"service": {"name": "Paediatric Antiretroviral Therapy"}, "facility": {"code": 20051}}, {"service": {"name": "Post Exposure Prophylaxis"}, "facility": {"code": 20051}}, {"service": {"name": "Voluntary Male Circumcision"}, "facility": {"code": 20051}}, {"service": {"name": "PMTCT - ANC"}, "facility": {"code": 20051}}, {"service": {"name": "Early Infant Diagnosis"}, "facility": {"code": 20051}}, {"service": {"name": "Diagnostic Counselling and Testing"}, "facility": {"code": 20051}}, {"service": {"name": "Provider Initiated Counselling and Testing"}, "facility": {"code": 20051}}, {"service": {"name": "Voluntary Counselling and Testing"}, "facility": {"code": 20051}}, {"service": {"name": "Management of STIs"}, "facility": {"code": 20051}}, {"service": {"name": "Condom Promotion and Distribution"}, "facility": {"code": 20051}}, {"service": {"name": "Emergency Preparedness"}, "facility": {"code": 11126}}, {"service": {"name": "Emergency Obstetric Care"}, "facility": {"code": 11126}}, {"service": {"name": "Integrated Management of Childhood Illnesses"}, "facility": {"code": 11126}}, {"service": {"name": "Laboratory Services"}, "facility": {"code": 11126}}, {"service": {"name": "Maternity Services"}, "facility": {"code": 11126}}, {"service": {"name": "Curative Services"}, "facility": {"code": 11126}}, {"service": {"name": "Focused Antenatal Care"}, "facility": {"code": 11126}}, {"service": {"name": "Long Term FP"}, "facility": {"code": 11126}}, {"service": {"name": "Short Term FP"}, "facility": {"code": 11126}}, {"service": {"name": "Post Exposure Prophylaxis"}, "facility": {"code": 11126}}, {"service": {"name": "PMTCT - Maternity"}, "facility": {"code": 11126}}, {"service": {"name": "PMTCT - ANC"}, "facility": {"code": 11126}}, {"service": {"name": "Early Infant Diagnosis"}, "facility": {"code": 11126}}, {"service": {"name": "Diagnostic Counselling and Testing"}, "facility": {"code": 11126}}, {"service": {"name": "Provider Initiated Counselling and Testing"}, "facility": {"code": 11126}}, {"service": {"name": "Management of STIs"}, "facility": {"code": 11126}}, {"service": {"name": "Voluntary Counselling and Testing"}, "facility": {"code": 11126}}, {"service": {"name": "Condom Promotion and Distribution"}, "facility": {"code": 11126}}, {"service": {"name": "Emergency Preparedness"}, "facility": {"code": 17561}}, {"service": {"name": "Diagnostic Counselling and Testing"}, "facility": {"code": 17561}}, {"service": {"name": "Voluntary Counselling and Testing"}, "facility": {"code": 17561}}, {"service": {"name": "Emergency Preparedness"}, "facility": {"code": 16806}}, {"service": {"name": "Emergency Obstetric Care"}, "facility": {"code": 16806}}, {"service": {"name": "Basic Immunization"}, "facility": {"code": 16806}}, {"service": {"name": "Post Exposure Prophylaxis"}, "facility": {"code": 16806}}, {"service": {"name": "PMTCT - Maternity"}, "facility": {"code": 16806}}, {"service": {"name": "PMTCT - ANC"}, "facility": {"code": 16806}}, {"service": {"name": "Early Infant Diagnosis"}, "facility": {"code": 16806}}, {"service": {"name": "Diagnostic Counselling and Testing"}, "facility": {"code": 16806}}, {"service": {"name": "Provider Initiated Counselling and Testing"}, "facility": {"code": 16806}}, {"service": {"name": "Voluntary Counselling and Testing"}, "facility": {"code": 16806}}, {"service": {"name": "Management of STIs"}, "facility": {"code": 16806}}, {"service": {"name": "Condom Promotion and Distribution"}, "facility": {"code": 16806}}, {"service": {"name": "Emergency Preparedness"}, "facility": {"code": 10786}}, {"service": {"name": "Emergency Obstetric Care"}, "facility": {"code": 10786}}, {"service": {"name": "Environmental Health Services"}, "facility": {"code": 10786}}, {"service": {"name": "Services for Sexual Violence Survivors"}, "facility": {"code": 10786}}, {"service": {"name": "Integrated Management of Childhood Illnesses"}, "facility": {"code": 10786}}, {"service": {"name": "Laboratory Services"}, "facility": {"code": 10786}}, {"service": {"name": "Curative Services"}, "facility": {"code": 10786}}, {"service": {"name": "Basic Immunization"}, "facility": {"code": 10786}}, {"service": {"name": "Adult Antiretroviral Therapy"}, "facility": {"code": 10786}}, {"service": {"name": "Paediatric Antiretroviral Therapy"}, "facility": {"code": 10786}}, {"service": {"name": "Post Exposure Prophylaxis"}, "facility": {"code": 10786}}, {"service": {"name": "PMTCT - Maternity"}, "facility": {"code": 10786}}, {"service": {"name": "PMTCT - ANC"}, "facility": {"code": 10786}}, {"service": {"name": "Early Infant Diagnosis"}, "facility": {"code": 10786}}, {"service": {"name": "Diagnostic Counselling and Testing"}, "facility": {"code": 10786}}, {"service": {"name": "Voluntary Counselling and Testing"}, "facility": {"code": 10786}}, {"service": {"name": "Provider Initiated Counselling and Testing"}, "facility": {"code": 10786}}, {"service": {"name": "Management of STIs"}, "facility": {"code": 10786}}, {"service": {"name": "Condom Promotion and Distribution"}, "facility": {"code": 10786}}, {"service": {"name": "Emergency Preparedness"}, "facility": {"code": 10537}}, {"service": {"name": "Emergency Obstetric Care"}, "facility": {"code": 10537}}, {"service": {"name": "Laboratory Services"}, "facility": {"code": 10537}}, {"service": {"name": "Maternity Services"}, "facility": {"code": 10537}}, {"service": {"name": "Curative Services"}, "facility": {"code": 10537}}, {"service": {"name": "Focused Antenatal Care"}, "facility": {"code": 10537}}, {"service": {"name": "Long Term FP"}, "facility": {"code": 10537}}, {"service": {"name": "Post Exposure Prophylaxis"}, "facility": {"code": 10537}}, {"service": {"name": "PMTCT - Maternity"}, "facility": {"code": 10537}}, {"service": {"name": "PMTCT - ANC"}, "facility": {"code": 10537}}, {"service": {"name": "Early Infant Diagnosis"}, "facility": {"code": 10537}}, {"service": {"name": "Diagnostic Counselling and Testing"}, "facility": {"code": 10537}}, {"service": {"name": "Provider Initiated Counselling and Testing"}, "facility": {"code": 10537}}, {"service": {"name": "Voluntary Counselling and Testing"}, "facility": {"code": 10537}}, {"service": {"name": "Management of STIs"}, "facility": {"code": 10537}}, {"service": {"name": "Condom Promotion and Distribution"}, "facility": {"code": 10537}}, {"service": {"name": "Emergency Preparedness"}, "facility": {"code": 10788}}, {"service": {"name": "Emergency Obstetric Care"}, "facility": {"code": 10788}}, {"service": {"name": "Emergency Preparedness"}, "facility": {"code": 10244}}, {"service": {"name": "Emergency Obstetric Care"}, "facility": {"code": 10244}}, {"service": {"name": "Environmental Health Services"}, "facility": {"code": 10244}}, {"service": {"name": "Services for Sexual Violence Survivors"}, "facility": {"code": 10244}}, {"service": {"name": "Nutrition Services"}, "facility": {"code": 10244}}, {"service": {"name": "Integrated Management of Childhood Illnesses"}, "facility": {"code": 10244}}, {"service": {"name": "Laboratory Services"}, "facility": {"code": 10244}}, {"service": {"name": "Maternity Services"}, "facility": {"code": 10244}}, {"service": {"name": "Curative Services"}, "facility": {"code": 10244}}, {"service": {"name": "Basic Immunization"}, "facility": {"code": 10244}}, {"service": {"name": "Focused Antenatal Care"}, "facility": {"code": 10244}}, {"service": {"name": "Long Term FP"}, "facility": {"code": 10244}}, {"service": {"name": "Short Term FP"}, "facility": {"code": 10244}}, {"service": {"name": "Adult Antiretroviral Therapy"}, "facility": {"code": 10244}}, {"service": {"name": "Paediatric Antiretroviral Therapy"}, "facility": {"code": 10244}}, {"service": {"name": "Post Exposure Prophylaxis"}, "facility": {"code": 10244}}, {"service": {"name": "PMTCT - Maternity"}, "facility": {"code": 10244}}, {"service": {"name": "PMTCT - ANC"}, "facility": {"code": 10244}}, {"service": {"name": "Early Infant Diagnosis"}, "facility": {"code": 10244}}, {"service": {"name": "Diagnostic Counselling and Testing"}, "facility": {"code": 10244}}, {"service": {"name": "Provider Initiated Counselling and Testing"}, "facility": {"code": 10244}}, {"service": {"name": "Voluntary Counselling and Testing"}, "facility": {"code": 10244}}, {"service": {"name": "Management of STIs"}, "facility": {"code": 10244}}, {"service": {"name": "Condom Promotion and Distribution"}, "facility": {"code": 10244}}, {"service": {"name": "Emergency Preparedness"}, "facility": {"code": 17563}}, {"service": {"name": "Emergency Preparedness"}, "facility": {"code": 10245}}, {"service": {"name": "Emergency Obstetric Care"}, "facility": {"code": 10245}}, {"service": {"name": "Integrated Management of Childhood Illnesses"}, "facility": {"code": 10245}}, {"service": {"name": "Maternity Services"}, "facility": {"code": 10245}}, {"service": {"name": "Curative Services"}, "facility": {"code": 10245}}, {"service": {"name": "Basic Immunization"}, "facility": {"code": 10245}}, {"service": {"name": "Focused Antenatal Care"}, "facility": {"code": 10245}}, {"service": {"name": "Long Term FP"}, "facility": {"code": 10245}}, {"service": {"name": "Short Term FP"}, "facility": {"code": 10245}}, {"service": {"name": "Post Exposure Prophylaxis"}, "facility": {"code": 10245}}, {"service": {"name": "PMTCT - Maternity"}, "facility": {"code": 10245}}, {"service": {"name": "PMTCT - ANC"}, "facility": {"code": 10245}}, {"service": {"name": "Early Infant Diagnosis"}, "facility": {"code": 10245}}, {"service": {"name": "Diagnostic Counselling and Testing"}, "facility": {"code": 10245}}, {"service": {"name": "Provider Initiated Counselling and Testing"}, "facility": {"code": 10245}}, {"service": {"name": "Voluntary Counselling and Testing"}, "facility": {"code": 10245}}, {"service": {"name": "Management of STIs"}, "facility": {"code": 10245}}, {"service": {"name": "Condom Promotion and Distribution"}, "facility": {"code": 10245}}, {"service": {"name": "Emergency Preparedness"}, "facility": {"code": 17499}}, {"service": {"name": "Emergency Obstetric Care"}, "facility": {"code": 10820}}, {"service": {"name": "Emergency Preparedness"}, "facility": {"code": 10820}}, {"service": {"name": "Maternity Services"}, "facility": {"code": 10820}}, {"service": {"name": "Curative Services"}, "facility": {"code": 10820}}, {"service": {"name": "Focused Antenatal Care"}, "facility": {"code": 10820}}, {"service": {"name": "Long Term FP"}, "facility": {"code": 10820}}, {"service": {"name": "Short Term FP"}, "facility": {"code": 10820}}, {"service": {"name": "Post Exposure Prophylaxis"}, "facility": {"code": 10820}}, {"service": {"name": "PMTCT - Maternity"}, "facility": {"code": 10820}}, {"service": {"name": "PMTCT - ANC"}, "facility": {"code": 10820}}, {"service": {"name": "Early Infant Diagnosis"}, "facility": {"code": 10820}}, {"service": {"name": "Diagnostic Counselling and Testing"}, "facility": {"code": 10820}}, {"service": {"name": "Provider Initiated Counselling and Testing"}, "facility": {"code": 10820}}, {"service": {"name": "Voluntary Counselling and Testing"}, "facility": {"code": 10820}}, {"service": {"name": "Management of STIs"}, "facility": {"code": 10820}}, {"service": {"name": "Condom Promotion and Distribution"}, "facility": {"code": 10820}}, {"service": {"name": "Nutrition Services"}, "facility": {"code": 20050}}, {"service": {"name": "Long Term FP"}, "facility": {"code": 20050}}, {"service": {"name": "Short Term FP"}, "facility": {"code": 20050}}, {"service": {"name": "Post Exposure Prophylaxis"}, "facility": {"code": 20050}}, {"service": {"name": "Management of STIs"}, "facility": {"code": 20050}}, {"service": {"name": "Voluntary Counselling and Testing"}, "facility": {"code": 20050}}, {"service": {"name": "Condom Promotion and Distribution"}, "facility": {"code": 20050}}, {"service": {"name": "Emergency Preparedness"}, "facility": {"code": 10832}}, {"service": {"name": "Emergency Obstetric Care"}, "facility": {"code": 10832}}, {"service": {"name": "Environmental Health Services"}, "facility": {"code": 10832}}, {"service": {"name": "Integrated Management of Childhood Illnesses"}, "facility": {"code": 10832}}, {"service": {"name": "Laboratory Services"}, "facility": {"code": 10832}}, {"service": {"name": "Maternity Services"}, "facility": {"code": 10832}}, {"service": {"name": "Curative Services"}, "facility": {"code": 10832}}, {"service": {"name": "Smear Microscopy"}, "facility": {"code": 10832}}, {"service": {"name": "First Line Treatment"}, "facility": {"code": 10832}}, {"service": {"name": "Long Term FP"}, "facility": {"code": 10832}}, {"service": {"name": "Short Term FP"}, "facility": {"code": 10832}}, {"service": {"name": "Adult Antiretroviral Therapy"}, "facility": {"code": 10832}}, {"service": {"name": "Paediatric Antiretroviral Therapy"}, "facility": {"code": 10832}}, {"service": {"name": "Post Exposure Prophylaxis"}, "facility": {"code": 10832}}, {"service": {"name": "PMTCT - Maternity"}, "facility": {"code": 10832}}, {"service": {"name": "PMTCT - ANC"}, "facility": {"code": 10832}}, {"service": {"name": "Early Infant Diagnosis"}, "facility": {"code": 10832}}, {"service": {"name": "Diagnostic Counselling and Testing"}, "facility": {"code": 10832}}, {"service": {"name": "Provider Initiated Counselling and Testing"}, "facility": {"code": 10832}}, {"service": {"name": "Voluntary Counselling and Testing"}, "facility": {"code": 10832}}, {"service": {"name": "Management of STIs"}, "facility": {"code": 10832}}, {"service": {"name": "Condom Promotion and Distribution"}, "facility": {"code": 10832}}, {"service": {"name": "Nutrition Services"}, "facility": {"code": 20049}}, {"service": {"name": "MDRTB Treatment"}, "facility": {"code": 20049}}, {"service": {"name": "First Line Treatment"}, "facility": {"code": 20049}}, {"service": {"name": "Tuberculosis Culture"}, "facility": {"code": 20049}}, {"service": {"name": "Smear Microscopy"}, "facility": {"code": 20049}}, {"service": {"name": "Short Term FP"}, "facility": {"code": 20049}}, {"service": {"name": "Diagnostic Counselling and Testing"}, "facility": {"code": 20049}}, {"service": {"name": "Early Infant Diagnosis"}, "facility": {"code": 20049}}, {"service": {"name": "Post Exposure Prophylaxis"}, "facility": {"code": 20049}}, {"service": {"name": "PMTCT - ANC"}, "facility": {"code": 20049}}, {"service": {"name": "Provider Initiated Counselling and Testing"}, "facility": {"code": 20049}}, {"service": {"name": "Voluntary Counselling and Testing"}, "facility": {"code": 20049}}, {"service": {"name": "Management of STIs"}, "facility": {"code": 20049}}, {"service": {"name": "Condom Promotion and Distribution"}, "facility": {"code": 20049}}, {"service": {"name": "Emergency Obstetric Care"}, "facility": {"code": 11173}}, {"service": {"name": "Emergency Preparedness"}, "facility": {"code": 11173}}, {"service": {"name": "Rehabilitative Health Services - Physiotherapy"}, "facility": {"code": 11173}}, {"service": {"name": "Services for Sexual Violence Survivors"}, "facility": {"code": 11173}}, {"service": {"name": "Environmental Health Services"}, "facility": {"code": 11173}}, {"service": {"name": "Integrated Management of Childhood Illnesses"}, "facility": {"code": 11173}}, {"service": {"name": "Laboratory Services"}, "facility": {"code": 11173}}, {"service": {"name": "Maternity Services"}, "facility": {"code": 11173}}, {"service": {"name": "Curative Services"}, "facility": {"code": 11173}}, {"service": {"name": "Smear Microscopy"}, "facility": {"code": 11173}}, {"service": {"name": "First Line Treatment"}, "facility": {"code": 11173}}, {"service": {"name": "Basic Immunization"}, "facility": {"code": 11173}}, {"service": {"name": "Focused Antenatal Care"}, "facility": {"code": 11173}}, {"service": {"name": "Long Term FP"}, "facility": {"code": 11173}}, {"service": {"name": "Short Term FP"}, "facility": {"code": 11173}}, {"service": {"name": "Adult Antiretroviral Therapy"}, "facility": {"code": 11173}}, {"service": {"name": "Paediatric Antiretroviral Therapy"}, "facility": {"code": 11173}}, {"service": {"name": "Post Exposure Prophylaxis"}, "facility": {"code": 11173}}, {"service": {"name": "PMTCT - Maternity"}, "facility": {"code": 11173}}, {"service": {"name": "PMTCT - ANC"}, "facility": {"code": 11173}}, {"service": {"name": "Early Infant Diagnosis"}, "facility": {"code": 11173}}, {"service": {"name": "Diagnostic Counselling and Testing"}, "facility": {"code": 11173}}, {"service": {"name": "Provider Initiated Counselling and Testing"}, "facility": {"code": 11173}}, {"service": {"name": "Voluntary Counselling and Testing"}, "facility": {"code": 11173}}, {"service": {"name": "Management of STIs"}, "facility": {"code": 11173}}, {"service": {"name": "Condom Promotion and Distribution"}, "facility": {"code": 11173}}, {"service": {"name": "Laboratory Services"}, "facility": {"code": 11031}}, {"service": {"name": "Maternity Services"}, "facility": {"code": 11031}}, {"service": {"name": "Curative Services"}, "facility": {"code": 11031}}, {"service": {"name": "Basic Immunization"}, "facility": {"code": 11031}}, {"service": {"name": "Focused Antenatal Care"}, "facility": {"code": 11031}}, {"service": {"name": "Long Term FP"}, "facility": {"code": 11031}}, {"service": {"name": "Short Term FP"}, "facility": {"code": 11031}}, {"service": {"name": "Post Exposure Prophylaxis"}, "facility": {"code": 11031}}, {"service": {"name": "PMTCT - Maternity"}, "facility": {"code": 11031}}, {"service": {"name": "PMTCT - ANC"}, "facility": {"code": 11031}}, {"service": {"name": "Early Infant Diagnosis"}, "facility": {"code": 11031}}, {"service": {"name": "Diagnostic Counselling and Testing"}, "facility": {"code": 11031}}, {"service": {"name": "Provider Initiated Counselling and Testing"}, "facility": {"code": 11031}}, {"service": {"name": "Voluntary Counselling and Testing"}, "facility": {"code": 11031}}, {"service": {"name": "Management of STIs"}, "facility": {"code": 11031}}, {"service": {"name": "Condom Promotion and Distribution"}, "facility": {"code": 11031}}, {"service": {"name": "Integrated Management of Childhood Illnesses"}, "facility": {"code": 10223}}, {"service": {"name": "Laboratory Services"}, "facility": {"code": 10223}}, {"service": {"name": "Maternity Services"}, "facility": {"code": 10223}}, {"service": {"name": "Curative Services"}, "facility": {"code": 10223}}, {"service": {"name": "Basic Immunization"}, "facility": {"code": 10223}}, {"service": {"name": "Long Term FP"}, "facility": {"code": 10223}}, {"service": {"name": "Short Term FP"}, "facility": {"code": 10223}}, {"service": {"name": "Post Exposure Prophylaxis"}, "facility": {"code": 10223}}, {"service": {"name": "PMTCT - Maternity"}, "facility": {"code": 10223}}, {"service": {"name": "PMTCT - ANC"}, "facility": {"code": 10223}}, {"service": {"name": "Early Infant Diagnosis"}, "facility": {"code": 10223}}, {"service": {"name": "Diagnostic Counselling and Testing"}, "facility": {"code": 10223}}, {"service": {"name": "Provider Initiated Counselling and Testing"}, "facility": {"code": 10223}}, {"service": {"name": "Voluntary Counselling and Testing"}, "facility": {"code": 10223}}, {"service": {"name": "Management of STIs"}, "facility": {"code": 10223}}, {"service": {"name": "Condom Promotion and Distribution"}, "facility": {"code": 10223}}, {"service": {"name": "Emergency Preparedness"}, "facility": {"code": 10681}}, {"service": {"name": "Emergency Obstetric Care"}, "facility": {"code": 10681}}, {"service": {"name": "Environmental Health Services"}, "facility": {"code": 10681}}, {"service": {"name": "Services for Sexual Violence Survivors"}, "facility": {"code": 10681}}, {"service": {"name": "Nutrition Services"}, "facility": {"code": 10681}}, {"service": {"name": "Integrated Management of Childhood Illnesses"}, "facility": {"code": 10681}}, {"service": {"name": "Laboratory Services"}, "facility": {"code": 10681}}, {"service": {"name": "Maternity Services"}, "facility": {"code": 10681}}, {"service": {"name": "Curative Services"}, "facility": {"code": 10681}}, {"service": {"name": "First Line Treatment"}, "facility": {"code": 10681}}, {"service": {"name": "Smear Microscopy"}, "facility": {"code": 10681}}, {"service": {"name": "Basic Immunization"}, "facility": {"code": 10681}}, {"service": {"name": "Focused Antenatal Care"}, "facility": {"code": 10681}}, {"service": {"name": "Long Term FP"}, "facility": {"code": 10681}}, {"service": {"name": "Short Term FP"}, "facility": {"code": 10681}}, {"service": {"name": "Adult Antiretroviral Therapy"}, "facility": {"code": 10681}}, {"service": {"name": "Paediatric Antiretroviral Therapy"}, "facility": {"code": 10681}}, {"service": {"name": "Post Exposure Prophylaxis"}, "facility": {"code": 10681}}, {"service": {"name": "PMTCT - Maternity"}, "facility": {"code": 10681}}, {"service": {"name": "PMTCT - ANC"}, "facility": {"code": 10681}}, {"service": {"name": "Early Infant Diagnosis"}, "facility": {"code": 10681}}, {"service": {"name": "Diagnostic Counselling and Testing"}, "facility": {"code": 10681}}, {"service": {"name": "Provider Initiated Counselling and Testing"}, "facility": {"code": 10681}}, {"service": {"name": "Voluntary Counselling and Testing"}, "facility": {"code": 10681}}, {"service": {"name": "Management of STIs"}, "facility": {"code": 10681}}, {"service": {"name": "Condom Promotion and Distribution"}, "facility": {"code": 10681}}, {"service": {"name": "Emergency Obstetric Care"}, "facility": {"code": 10912}}, {"service": {"name": "Environmental Health Services"}, "facility": {"code": 10912}}, {"service": {"name": "Integrated Management of Childhood Illnesses"}, "facility": {"code": 10912}}, {"service": {"name": "Laboratory Services"}, "facility": {"code": 10912}}, {"service": {"name": "Maternity Services"}, "facility": {"code": 10912}}, {"service": {"name": "Curative Services"}, "facility": {"code": 10912}}, {"service": {"name": "Basic Immunization"}, "facility": {"code": 10912}}, {"service": {"name": "Focused Antenatal Care"}, "facility": {"code": 10912}}, {"service": {"name": "Long Term FP"}, "facility": {"code": 10912}}, {"service": {"name": "Short Term FP"}, "facility": {"code": 10912}}, {"service": {"name": "Adult Antiretroviral Therapy"}, "facility": {"code": 10912}}, {"service": {"name": "Paediatric Antiretroviral Therapy"}, "facility": {"code": 10912}}, {"service": {"name": "Post Exposure Prophylaxis"}, "facility": {"code": 10912}}, {"service": {"name": "PMTCT - Maternity"}, "facility": {"code": 10912}}, {"service": {"name": "PMTCT - ANC"}, "facility": {"code": 10912}}, {"service": {"name": "Early Infant Diagnosis"}, "facility": {"code": 10912}}, {"service": {"name": "Diagnostic Counselling and Testing"}, "facility": {"code": 10912}}, {"service": {"name": "Provider Initiated Counselling and Testing"}, "facility": {"code": 10912}}, {"service": {"name": "Voluntary Counselling and Testing"}, "facility": {"code": 10912}}, {"service": {"name": "Management of STIs"}, "facility": {"code": 10912}}, {"service": {"name": "Condom Promotion and Distribution"}, "facility": {"code": 10912}}, {"service": {"name": "Emergency Preparedness"}, "facility": {"code": 10887}}, {"service": {"name": "ENT Services"}, "facility": {"code": 10887}}, {"service": {"name": "Dental Laboratory Services"}, "facility": {"code": 10887}}, {"service": {"name": "Oral Health Services (Dental Services)"}, "facility": {"code": 10887}}, {"service": {"name": "Emergency Obstetric Care"}, "facility": {"code": 10887}}, {"service": {"name": "Environmental Health Services"}, "facility": {"code": 10887}}, {"service": {"name": "Rehabilitative Health Services - Physiotherapy"}, "facility": {"code": 10887}}, {"service": {"name": "Services for Sexual Violence Survivors"}, "facility": {"code": 10887}}, {"service": {"name": "Mental Health Services"}, "facility": {"code": 10887}}, {"service": {"name": "Opthalmic Services"}, "facility": {"code": 10887}}, {"service": {"name": "Nutrition Services"}, "facility": {"code": 10887}}, {"service": {"name": "Integrated Management of Childhood Illnesses"}, "facility": {"code": 10887}}, {"service": {"name": "Ambulance Sevices"}, "facility": {"code": 10887}}, {"service": {"name": "Laboratory Services"}, "facility": {"code": 10887}}, {"service": {"name": "Radiology Services"}, "facility": {"code": 10887}}, {"service": {"name": "Surgical Services"}, "facility": {"code": 10887}}, {"service": {"name": "Maternity Services"}, "facility": {"code": 10887}}, {"service": {"name": "Curative Services"}, "facility": {"code": 10887}}, {"service": {"name": "Nutrition Services"}, "facility": {"code": 20048}}, {"service": {"name": "Curative Services"}, "facility": {"code": 20048}}, {"service": {"name": "Condom Promotion and Distribution"}, "facility": {"code": 20048}}, {"service": {"name": "Nutrition Services"}, "facility": {"code": 20047}}, {"service": {"name": "Curative Services"}, "facility": {"code": 20047}}, {"service": {"name": "Short Term FP"}, "facility": {"code": 20047}}, {"service": {"name": "Condom Promotion and Distribution"}, "facility": {"code": 20047}}, {"service": {"name": "Opthalmic Services"}, "facility": {"code": 14204}}, {"service": {"name": "Ambulance Sevices"}, "facility": {"code": 14204}}, {"service": {"name": "Radiology Services"}, "facility": {"code": 14204}}, {"service": {"name": "Voluntary Male Circumcision"}, "facility": {"code": 14204}}, {"service": {"name": "Rehabilitative Health Services - Occupational Health"}, "facility": {"code": 12894}}, {"service": {"name": "Emergency Obstetric Care"}, "facility": {"code": 20046}}, {"service": {"name": "Curative Services"}, "facility": {"code": 20046}}, {"service": {"name": "Emergency Obstetric Care"}, "facility": {"code": 20045}}, {"service": {"name": "Curative Services"}, "facility": {"code": 20045}}, {"service": {"name": "Emergency Obstetric Care"}, "facility": {"code": 20043}}, {"service": {"name": "Curative Services"}, "facility": {"code": 20043}}, {"service": {"name": "Emergency Obstetric Care"}, "facility": {"code": 20041}}, {"service": {"name": "Curative Services"}, "facility": {"code": 20041}}, {"service": {"name": "Short Term FP"}, "facility": {"code": 20046}}, {"service": {"name": "Diagnostic Counselling and Testing"}, "facility": {"code": 20046}}, {"service": {"name": "Provider Initiated Counselling and Testing"}, "facility": {"code": 20046}}, {"service": {"name": "Voluntary Counselling and Testing"}, "facility": {"code": 20046}}, {"service": {"name": "Management of STIs"}, "facility": {"code": 20046}}, {"service": {"name": "Condom Promotion and Distribution"}, "facility": {"code": 20046}}, {"service": {"name": "Post Exposure Prophylaxis"}, "facility": {"code": 20045}}, {"service": {"name": "PMTCT - ANC"}, "facility": {"code": 20045}}, {"service": {"name": "Early Infant Diagnosis"}, "facility": {"code": 20045}}, {"service": {"name": "Diagnostic Counselling and Testing"}, "facility": {"code": 20045}}, {"service": {"name": "Provider Initiated Counselling and Testing"}, "facility": {"code": 20045}}, {"service": {"name": "Voluntary Counselling and Testing"}, "facility": {"code": 20045}}, {"service": {"name": "Condom Promotion and Distribution"}, "facility": {"code": 20045}}, {"service": {"name": "Post Exposure Prophylaxis"}, "facility": {"code": 20044}}, {"service": {"name": "PMTCT - Maternity"}, "facility": {"code": 20044}}, {"service": {"name": "PMTCT - ANC"}, "facility": {"code": 20044}}, {"service": {"name": "Early Infant Diagnosis"}, "facility": {"code": 20044}}, {"service": {"name": "Diagnostic Counselling and Testing"}, "facility": {"code": 20044}}, {"service": {"name": "Provider Initiated Counselling and Testing"}, "facility": {"code": 20044}}, {"service": {"name": "Voluntary Counselling and Testing"}, "facility": {"code": 20044}}, {"service": {"name": "Management of STIs"}, "facility": {"code": 20044}}, {"service": {"name": "Condom Promotion and Distribution"}, "facility": {"code": 20044}}, {"service": {"name": "Immunization with additional vaccines"}, "facility": {"code": 20043}}, {"service": {"name": "Basic Immunization"}, "facility": {"code": 20043}}, {"service": {"name": "Focused Antenatal Care"}, "facility": {"code": 20043}}, {"service": {"name": "Long Term FP"}, "facility": {"code": 20043}}, {"service": {"name": "Short Term FP"}, "facility": {"code": 20043}}, {"service": {"name": "Post Exposure Prophylaxis"}, "facility": {"code": 20043}}, {"service": {"name": "PMTCT - Maternity"}, "facility": {"code": 20043}}, {"service": {"name": "PMTCT - ANC"}, "facility": {"code": 20043}}, {"service": {"name": "Early Infant Diagnosis"}, "facility": {"code": 20043}}, {"service": {"name": "Diagnostic Counselling and Testing"}, "facility": {"code": 20043}}, {"service": {"name": "Provider Initiated Counselling and Testing"}, "facility": {"code": 20043}}, {"service": {"name": "Voluntary Counselling and Testing"}, "facility": {"code": 20043}}, {"service": {"name": "Management of STIs"}, "facility": {"code": 20043}}, {"service": {"name": "Condom Promotion and Distribution"}, "facility": {"code": 20043}}, {"service": {"name": "Curative Services"}, "facility": {"code": 20042}}, {"service": {"name": "Basic Immunization"}, "facility": {"code": 20042}}, {"service": {"name": "Immunization with additional vaccines"}, "facility": {"code": 20041}}, {"service": {"name": "Focused Antenatal Care"}, "facility": {"code": 20042}}, {"service": {"name": "Basic Immunization"}, "facility": {"code": 20041}}, {"service": {"name": "Short Term FP"}, "facility": {"code": 20041}}, {"service": {"name": "Long Term FP"}, "facility": {"code": 20042}}, {"service": {"name": "Paediatric Antiretroviral Therapy"}, "facility": {"code": 20041}}, {"service": {"name": "Short Term FP"}, "facility": {"code": 20042}}, {"service": {"name": "Post Exposure Prophylaxis"}, "facility": {"code": 20041}}, {"service": {"name": "PMTCT - Maternity"}, "facility": {"code": 20041}}, {"service": {"name": "PMTCT - ANC"}, "facility": {"code": 20041}}, {"service": {"name": "Early Infant Diagnosis"}, "facility": {"code": 20041}}, {"service": {"name": "Diagnostic Counselling and Testing"}, "facility": {"code": 20041}}, {"service": {"name": "Post Exposure Prophylaxis"}, "facility": {"code": 20042}}, {"service": {"name": "Provider Initiated Counselling and Testing"}, "facility": {"code": 20041}}, {"service": {"name": "Voluntary Counselling and Testing"}, "facility": {"code": 20041}}, {"service": {"name": "Management of STIs"}, "facility": {"code": 20041}}, {"service": {"name": "Condom Promotion and Distribution"}, "facility": {"code": 20041}}, {"service": {"name": "PMTCT - ANC"}, "facility": {"code": 20042}}, {"service": {"name": "Provider Initiated Counselling and Testing"}, "facility": {"code": 20042}}, {"service": {"name": "Voluntary Counselling and Testing"}, "facility": {"code": 20042}}, {"service": {"name": "Management of STIs"}, "facility": {"code": 20042}}, {"service": {"name": "Condom Promotion and Distribution"}, "facility": {"code": 20042}}, {"service": {"name": "Services for Sexual Violence Survivors"}, "facility": {"code": 20039}}, {"service": {"name": "Nutrition Services"}, "facility": {"code": 20039}}, {"service": {"name": "Integrated Management of Childhood Illnesses"}, "facility": {"code": 20039}}, {"service": {"name": "Maternity Services"}, "facility": {"code": 20039}}, {"service": {"name": "Curative Services"}, "facility": {"code": 20039}}, {"service": {"name": "Services for Female Genital Mutilation (FGM) Survivors"}, "facility": {"code": 20039}}, {"service": {"name": "Basic Immunization"}, "facility": {"code": 20039}}, {"service": {"name": "Focused Antenatal Care"}, "facility": {"code": 20039}}, {"service": {"name": "Long Term FP"}, "facility": {"code": 20039}}, {"service": {"name": "Short Term FP"}, "facility": {"code": 20039}}, {"service": {"name": "Home Based Care"}, "facility": {"code": 20039}}, {"service": {"name": "PMTCT - Maternity"}, "facility": {"code": 20039}}, {"service": {"name": "Early Infant Diagnosis"}, "facility": {"code": 20039}}, {"service": {"name": "PMTCT - ANC"}, "facility": {"code": 20039}}, {"service": {"name": "Provider Initiated Counselling and Testing"}, "facility": {"code": 20039}}, {"service": {"name": "Management of STIs"}, "facility": {"code": 20039}}, {"service": {"name": "Condom Promotion and Distribution"}, "facility": {"code": 20039}}, {"service": {"name": "Curative Services"}, "facility": {"code": 20038}}, {"service": {"name": "Immunization with additional vaccines"}, "facility": {"code": 20038}}, {"service": {"name": "Basic Immunization"}, "facility": {"code": 20038}}, {"service": {"name": "Focused Antenatal Care"}, "facility": {"code": 20038}}, {"service": {"name": "Short Term FP"}, "facility": {"code": 20038}}, {"service": {"name": "Post Exposure Prophylaxis"}, "facility": {"code": 20038}}, {"service": {"name": "PMTCT - ANC"}, "facility": {"code": 20038}}, {"service": {"name": "Early Infant Diagnosis"}, "facility": {"code": 20038}}, {"service": {"name": "Provider Initiated Counselling and Testing"}, "facility": {"code": 20038}}, {"service": {"name": "Management of STIs"}, "facility": {"code": 20038}}, {"service": {"name": "Condom Promotion and Distribution"}, "facility": {"code": 20038}}, {"service": {"name": "Curative Services"}, "facility": {"code": 20037}}, {"service": {"name": "Immunization with additional vaccines"}, "facility": {"code": 20037}}, {"service": {"name": "Basic Immunization"}, "facility": {"code": 20037}}, {"service": {"name": "Focused Antenatal Care"}, "facility": {"code": 20037}}, {"service": {"name": "Short Term FP"}, "facility": {"code": 20037}}, {"service": {"name": "Post Exposure Prophylaxis"}, "facility": {"code": 20037}}, {"service": {"name": "PMTCT - Maternity"}, "facility": {"code": 20037}}, {"service": {"name": "PMTCT - ANC"}, "facility": {"code": 20037}}, {"service": {"name": "Early Infant Diagnosis"}, "facility": {"code": 20037}}, {"service": {"name": "Provider Initiated Counselling and Testing"}, "facility": {"code": 20037}}, {"service": {"name": "Management of STIs"}, "facility": {"code": 20037}}, {"service": {"name": "Condom Promotion and Distribution"}, "facility": {"code": 20037}}, {"service": {"name": "Emergency Preparedness"}, "facility": {"code": 20036}}, {"service": {"name": "Emergency Obstetric Care"}, "facility": {"code": 20036}}, {"service": {"name": "Environmental Health Services"}, "facility": {"code": 20036}}, {"service": {"name": "Mental Health Services"}, "facility": {"code": 20036}}, {"service": {"name": "Nutrition Services"}, "facility": {"code": 20036}}, {"service": {"name": "Integrated Management of Childhood Illnesses"}, "facility": {"code": 20036}}, {"service": {"name": "Surgical Services"}, "facility": {"code": 20036}}, {"service": {"name": "Maternity Services"}, "facility": {"code": 20036}}, {"service": {"name": "Curative Services"}, "facility": {"code": 20036}}, {"service": {"name": "Basic Immunization"}, "facility": {"code": 20036}}, {"service": {"name": "Focused Antenatal Care"}, "facility": {"code": 20036}}, {"service": {"name": "Long Term FP"}, "facility": {"code": 20036}}, {"service": {"name": "Short Term FP"}, "facility": {"code": 20036}}, {"service": {"name": "PMTCT - Maternity"}, "facility": {"code": 20036}}, {"service": {"name": "PMTCT - ANC"}, "facility": {"code": 20036}}, {"service": {"name": "Early Infant Diagnosis"}, "facility": {"code": 20036}}, {"service": {"name": "Diagnostic Counselling and Testing"}, "facility": {"code": 20036}}, {"service": {"name": "Provider Initiated Counselling and Testing"}, "facility": {"code": 20036}}, {"service": {"name": "Voluntary Counselling and Testing"}, "facility": {"code": 20036}}, {"service": {"name": "Management of STIs"}, "facility": {"code": 20036}}, {"service": {"name": "Condom Promotion and Distribution"}, "facility": {"code": 20036}}, {"service": {"name": "Voluntary Counselling and Testing"}, "facility": {"code": 20035}}, {"service": {"name": "Condom Promotion and Distribution"}, "facility": {"code": 20035}}, {"service": {"name": "Curative Services"}, "facility": {"code": 20034}}, {"service": {"name": "Focused Antenatal Care"}, "facility": {"code": 20034}}, {"service": {"name": "Diagnostic Counselling and Testing"}, "facility": {"code": 20034}}, {"service": {"name": "Provider Initiated Counselling and Testing"}, "facility": {"code": 20034}}, {"service": {"name": "Management of STIs"}, "facility": {"code": 20034}}, {"service": {"name": "Condom Promotion and Distribution"}, "facility": {"code": 20034}}, {"service": {"name": "Nutrition Services"}, "facility": {"code": 20033}}, {"service": {"name": "Integrated Management of Childhood Illnesses"}, "facility": {"code": 20033}}, {"service": {"name": "Curative Services"}, "facility": {"code": 20033}}, {"service": {"name": "Immunization with additional vaccines"}, "facility": {"code": 20033}}, {"service": {"name": "Basic Immunization"}, "facility": {"code": 20033}}, {"service": {"name": "Long Term FP"}, "facility": {"code": 20033}}, {"service": {"name": "Short Term FP"}, "facility": {"code": 20033}}, {"service": {"name": "PMTCT - ANC"}, "facility": {"code": 20033}}, {"service": {"name": "Early Infant Diagnosis"}, "facility": {"code": 20033}}, {"service": {"name": "Diagnostic Counselling and Testing"}, "facility": {"code": 20033}}, {"service": {"name": "Provider Initiated Counselling and Testing"}, "facility": {"code": 20033}}, {"service": {"name": "Voluntary Counselling and Testing"}, "facility": {"code": 20033}}, {"service": {"name": "Management of STIs"}, "facility": {"code": 20033}}, {"service": {"name": "Condom Promotion and Distribution"}, "facility": {"code": 20033}}, {"service": {"name": "Integrated Management of Childhood Illnesses"}, "facility": {"code": 20032}}, {"service": {"name": "Nutrition Services"}, "facility": {"code": 20032}}, {"service": {"name": "Curative Services"}, "facility": {"code": 20032}}, {"service": {"name": "Immunization with additional vaccines"}, "facility": {"code": 20032}}, {"service": {"name": "Basic Immunization"}, "facility": {"code": 20032}}, {"service": {"name": "Long Term FP"}, "facility": {"code": 20032}}, {"service": {"name": "Short Term FP"}, "facility": {"code": 20032}}, {"service": {"name": "PMTCT - ANC"}, "facility": {"code": 20032}}, {"service": {"name": "Early Infant Diagnosis"}, "facility": {"code": 20032}}, {"service": {"name": "Diagnostic Counselling and Testing"}, "facility": {"code": 20032}}, {"service": {"name": "Provider Initiated Counselling and Testing"}, "facility": {"code": 20032}}, {"service": {"name": "Voluntary Counselling and Testing"}, "facility": {"code": 20032}}, {"service": {"name": "Management of STIs"}, "facility": {"code": 20032}}, {"service": {"name": "Condom Promotion and Distribution"}, "facility": {"code": 20032}}, {"service": {"name": "Integrated Management of Childhood Illnesses"}, "facility": {"code": 20031}}, {"service": {"name": "Nutrition Services"}, "facility": {"code": 20031}}, {"service": {"name": "Curative Services"}, "facility": {"code": 20031}}, {"service": {"name": "Immunization with additional vaccines"}, "facility": {"code": 20031}}, {"service": {"name": "Basic Immunization"}, "facility": {"code": 20031}}, {"service": {"name": "Long Term FP"}, "facility": {"code": 20031}}, {"service": {"name": "Short Term FP"}, "facility": {"code": 20031}}, {"service": {"name": "PMTCT - ANC"}, "facility": {"code": 20031}}, {"service": {"name": "Early Infant Diagnosis"}, "facility": {"code": 20031}}, {"service": {"name": "Diagnostic Counselling and Testing"}, "facility": {"code": 20031}}, {"service": {"name": "Provider Initiated Counselling and Testing"}, "facility": {"code": 20031}}, {"service": {"name": "Voluntary Counselling and Testing"}, "facility": {"code": 20031}}, {"service": {"name": "Management of STIs"}, "facility": {"code": 20031}}, {"service": {"name": "Condom Promotion and Distribution"}, "facility": {"code": 20031}}, {"service": {"name": "Condom Promotion and Distribution"}, "facility": {"code": 11279}}, {"service": {"name": "Emergency Obstetric Care"}, "facility": {"code": 11279}}, {"service": {"name": "Curative Services"}, "facility": {"code": 11279}}, {"service": {"name": "Focused Antenatal Care"}, "facility": {"code": 11279}}, {"service": {"name": "Short Term FP"}, "facility": {"code": 11279}}, {"service": {"name": "Provider Initiated Counselling and Testing"}, "facility": {"code": 11279}}, {"service": {"name": "Management of STIs"}, "facility": {"code": 11279}}, {"service": {"name": "Emergency Obstetric Care"}, "facility": {"code": 20029}}, {"service": {"name": "Maternity Services"}, "facility": {"code": 20029}}, {"service": {"name": "Curative Services"}, "facility": {"code": 16236}}, {"service": {"name": "Laboratory Services"}, "facility": {"code": 16236}}, {"service": {"name": "Ambulance Sevices"}, "facility": {"code": 16236}}, {"service": {"name": "Voluntary Counselling and Testing"}, "facility": {"code": 16236}}, {"service": {"name": "Management of STIs"}, "facility": {"code": 16236}}, {"service": {"name": "Condom Promotion and Distribution"}, "facility": {"code": 16236}}, {"service": {"name": "Laboratory Services"}, "facility": {"code": 20030}}, {"service": {"name": "Curative Services"}, "facility": {"code": 20030}}, {"service": {"name": "Voluntary Counselling and Testing"}, "facility": {"code": 20030}}, {"service": {"name": "Management of STIs"}, "facility": {"code": 20030}}, {"service": {"name": "Condom Promotion and Distribution"}, "facility": {"code": 20030}}, {"service": {"name": "Curative Services"}, "facility": {"code": 20029}}, {"service": {"name": "Integrated Services"}, "facility": {"code": 20029}}, {"service": {"name": "Long Term FP"}, "facility": {"code": 20029}}, {"service": {"name": "Short Term FP"}, "facility": {"code": 20029}}, {"service": {"name": "Adult Antiretroviral Therapy"}, "facility": {"code": 20029}}, {"service": {"name": "Paediatric Antiretroviral Therapy"}, "facility": {"code": 20029}}, {"service": {"name": "Post Exposure Prophylaxis"}, "facility": {"code": 20029}}, {"service": {"name": "PMTCT - Maternity"}, "facility": {"code": 20029}}, {"service": {"name": "PMTCT - ANC"}, "facility": {"code": 20029}}, {"service": {"name": "Early Infant Diagnosis"}, "facility": {"code": 20029}}, {"service": {"name": "Diagnostic Counselling and Testing"}, "facility": {"code": 20029}}, {"service": {"name": "Provider Initiated Counselling and Testing"}, "facility": {"code": 20029}}, {"service": {"name": "Voluntary Counselling and Testing"}, "facility": {"code": 20029}}, {"service": {"name": "Management of STIs"}, "facility": {"code": 20029}}, {"service": {"name": "Condom Promotion and Distribution"}, "facility": {"code": 20029}}, {"service": {"name": "Curative Services"}, "facility": {"code": 20028}}, {"service": {"name": "Long Term FP"}, "facility": {"code": 20028}}, {"service": {"name": "Short Term FP"}, "facility": {"code": 20028}}, {"service": {"name": "Provider Initiated Counselling and Testing"}, "facility": {"code": 20028}}, {"service": {"name": "Condom Promotion and Distribution"}, "facility": {"code": 20028}}, {"service": {"name": "Laboratory Services"}, "facility": {"code": 20027}}, {"service": {"name": "Curative Services"}, "facility": {"code": 20027}}, {"service": {"name": "Short Term FP"}, "facility": {"code": 20027}}, {"service": {"name": "Management of STIs"}, "facility": {"code": 20027}}, {"service": {"name": "PMTCT - ANC"}, "facility": {"code": 18050}}, {"service": {"name": "Basic Immunization"}, "facility": {"code": 18050}}, {"service": {"name": "Focused Antenatal Care"}, "facility": {"code": 18050}}, {"service": {"name": "Short Term FP"}, "facility": {"code": 18050}}, {"service": {"name": "Provider Initiated Counselling and Testing"}, "facility": {"code": 18050}}, {"service": {"name": "Management of STIs"}, "facility": {"code": 18050}}, {"service": {"name": "Condom Promotion and Distribution"}, "facility": {"code": 18050}}, {"service": {"name": "Curative Services"}, "facility": {"code": 20024}}, {"service": {"name": "Basic Immunization"}, "facility": {"code": 20024}}, {"service": {"name": "Focused Antenatal Care"}, "facility": {"code": 20024}}, {"service": {"name": "Curative Services"}, "facility": {"code": 20023}}, {"service": {"name": "Basic Immunization"}, "facility": {"code": 20023}}, {"service": {"name": "Focused Antenatal Care"}, "facility": {"code": 20023}}, {"service": {"name": "Management of STIs"}, "facility": {"code": 20023}}, {"service": {"name": "Condom Promotion and Distribution"}, "facility": {"code": 20023}}, {"service": {"name": "Curative Services"}, "facility": {"code": 20022}}, {"service": {"name": "Long Term FP"}, "facility": {"code": 20022}}, {"service": {"name": "Short Term FP"}, "facility": {"code": 20022}}, {"service": {"name": "Post Exposure Prophylaxis"}, "facility": {"code": 20022}}, {"service": {"name": "Diagnostic Counselling and Testing"}, "facility": {"code": 20022}}, {"service": {"name": "Provider Initiated Counselling and Testing"}, "facility": {"code": 20022}}, {"service": {"name": "Voluntary Counselling and Testing"}, "facility": {"code": 20022}}, {"service": {"name": "Management of STIs"}, "facility": {"code": 20022}}, {"service": {"name": "Condom Promotion and Distribution"}, "facility": {"code": 20022}}, {"service": {"name": "Emergency Preparedness"}, "facility": {"code": 20021}}, {"service": {"name": "Laboratory Services"}, "facility": {"code": 20021}}, {"service": {"name": "Maternity Services"}, "facility": {"code": 20021}}, {"service": {"name": "Curative Services"}, "facility": {"code": 20021}}, {"service": {"name": "Emergency Obstetric Care"}, "facility": {"code": 20021}}, {"service": {"name": "Focused Antenatal Care"}, "facility": {"code": 20021}}, {"service": {"name": "Short Term FP"}, "facility": {"code": 20021}}, {"service": {"name": "Long Term FP"}, "facility": {"code": 20021}}, {"service": {"name": "PMTCT - Maternity"}, "facility": {"code": 20021}}, {"service": {"name": "PMTCT - ANC"}, "facility": {"code": 20021}}, {"service": {"name": "Diagnostic Counselling and Testing"}, "facility": {"code": 20021}}, {"service": {"name": "Provider Initiated Counselling and Testing"}, "facility": {"code": 20021}}, {"service": {"name": "Management of STIs"}, "facility": {"code": 20021}}], "unique_fields": ["facility", "service"], "model": "facilities.FacilityService"}]