[{"records": [{"service": {"name": "Basic Immunization"}, "facility": {"code": 10396}}, {"service": {"name": "Focused Antenatal Care"}, "facility": {"code": 10396}}, {"service": {"name": "Short Term FP"}, "facility": {"code": 10396}}, {"service": {"name": "PMTCT - ANC"}, "facility": {"code": 10396}}, {"service": {"name": "Management of STIs"}, "facility": {"code": 10396}}, {"service": {"name": "Condom Promotion and Distribution"}, "facility": {"code": 10396}}, {"service": {"name": "Laboratory Services"}, "facility": {"code": 10340}}, {"service": {"name": "Curative Services"}, "facility": {"code": 10340}}, {"service": {"name": "Smear Microscopy"}, "facility": {"code": 10340}}, {"service": {"name": "Basic Immunization"}, "facility": {"code": 10340}}, {"service": {"name": "Focused Antenatal Care"}, "facility": {"code": 10340}}, {"service": {"name": "Integrated Services"}, "facility": {"code": 10340}}, {"service": {"name": "Short Term FP"}, "facility": {"code": 10340}}, {"service": {"name": "PMTCT - ANC"}, "facility": {"code": 10340}}, {"service": {"name": "Diagnostic Counselling and Testing"}, "facility": {"code": 10340}}, {"service": {"name": "Provider Initiated Counselling and Testing"}, "facility": {"code": 10340}}, {"service": {"name": "Voluntary Counselling and Testing"}, "facility": {"code": 10340}}, {"service": {"name": "Management of STIs"}, "facility": {"code": 10340}}, {"service": {"name": "Condom Promotion and Distribution"}, "facility": {"code": 10340}}, {"service": {"name": "Curative Services"}, "facility": {"code": 10339}}, {"service": {"name": "Basic Immunization"}, "facility": {"code": 10339}}, {"service": {"name": "Focused Antenatal Care"}, "facility": {"code": 10339}}, {"service": {"name": "Integrated Services"}, "facility": {"code": 10339}}, {"service": {"name": "Short Term FP"}, "facility": {"code": 10339}}, {"service": {"name": "PMTCT - ANC"}, "facility": {"code": 10339}}, {"service": {"name": "Condom Promotion and Distribution"}, "facility": {"code": 10339}}, {"service": {"name": "Short Term FP"}, "facility": {"code": 10337}}, {"service": {"name": "Curative Services"}, "facility": {"code": 10337}}, {"service": {"name": "Focused Antenatal Care"}, "facility": {"code": 10337}}, {"service": {"name": "PMTCT - ANC"}, "facility": {"code": 10337}}, {"service": {"name": "Diagnostic Counselling and Testing"}, "facility": {"code": 10337}}, {"service": {"name": "Condom Promotion and Distribution"}, "facility": {"code": 10337}}, {"service": {"name": "Curative Services"}, "facility": {"code": 10331}}, {"service": {"name": "Integrated Services"}, "facility": {"code": 10331}}, {"service": {"name": "Short Term FP"}, "facility": {"code": 10331}}, {"service": {"name": "PMTCT - ANC"}, "facility": {"code": 10331}}, {"service": {"name": "Condom Promotion and Distribution"}, "facility": {"code": 10331}}, {"service": {"name": "Curative Services"}, "facility": {"code": 10280}}, {"service": {"name": "Focused Antenatal Care"}, "facility": {"code": 10280}}, {"service": {"name": "Short Term FP"}, "facility": {"code": 10280}}, {"service": {"name": "Diagnostic Counselling and Testing"}, "facility": {"code": 10280}}, {"service": {"name": "PMTCT - ANC"}, "facility": {"code": 10280}}, {"service": {"name": "Condom Promotion and Distribution"}, "facility": {"code": 10280}}, {"service": {"name": "Curative Services"}, "facility": {"code": 10251}}, {"service": {"name": "Laboratory Services"}, "facility": {"code": 10251}}, {"service": {"name": "Smear Microscopy"}, "facility": {"code": 10251}}, {"service": {"name": "Basic Immunization"}, "facility": {"code": 10251}}, {"service": {"name": "Adult Antiretroviral Therapy"}, "facility": {"code": 10251}}, {"service": {"name": "Paediatric Antiretroviral Therapy"}, "facility": {"code": 10251}}, {"service": {"name": "Short Term FP"}, "facility": {"code": 10251}}, {"service": {"name": "PMTCT - Maternity"}, "facility": {"code": 10251}}, {"service": {"name": "PMTCT - ANC"}, "facility": {"code": 10251}}, {"service": {"name": "Early Infant Diagnosis"}, "facility": {"code": 10251}}, {"service": {"name": "Diagnostic Counselling and Testing"}, "facility": {"code": 10251}}, {"service": {"name": "Management of STIs"}, "facility": {"code": 10251}}, {"service": {"name": "Condom Promotion and Distribution"}, "facility": {"code": 10251}}, {"service": {"name": "Curative Services"}, "facility": {"code": 10222}}, {"service": {"name": "Basic Immunization"}, "facility": {"code": 10222}}, {"service": {"name": "Short Term FP"}, "facility": {"code": 10222}}, {"service": {"name": "Post Exposure Prophylaxis"}, "facility": {"code": 10222}}, {"service": {"name": "PMTCT - ANC"}, "facility": {"code": 10222}}, {"service": {"name": "Diagnostic Counselling and Testing"}, "facility": {"code": 10222}}, {"service": {"name": "Condom Promotion and Distribution"}, "facility": {"code": 10222}}, {"service": {"name": "Curative Services"}, "facility": {"code": 10017}}, {"service": {"name": "Basic Immunization"}, "facility": {"code": 10017}}, {"service": {"name": "Short Term FP"}, "facility": {"code": 10017}}, {"service": {"name": "Provider Initiated Counselling and Testing"}, "facility": {"code": 10017}}, {"service": {"name": "Diagnostic Counselling and Testing"}, "facility": {"code": 10017}}, {"service": {"name": "Condom Promotion and Distribution"}, "facility": {"code": 10017}}, {"service": {"name": "Curative Services"}, "facility": {"code": 16999}}, {"service": {"name": "Post Exposure Prophylaxis"}, "facility": {"code": 16999}}, {"service": {"name": "Short Term FP"}, "facility": {"code": 16999}}, {"service": {"name": "Diagnostic Counselling and Testing"}, "facility": {"code": 16999}}, {"service": {"name": "Condom Promotion and Distribution"}, "facility": {"code": 16999}}, {"service": {"name": "Post Exposure Prophylaxis"}, "facility": {"code": 10421}}, {"service": {"name": "Focused Antenatal Care"}, "facility": {"code": 10421}}, {"service": {"name": "Short Term FP"}, "facility": {"code": 10421}}, {"service": {"name": "PMTCT - ANC"}, "facility": {"code": 10421}}, {"service": {"name": "Provider Initiated Counselling and Testing"}, "facility": {"code": 10421}}, {"service": {"name": "Diagnostic Counselling and Testing"}, "facility": {"code": 10421}}, {"service": {"name": "Condom Promotion and Distribution"}, "facility": {"code": 10421}}, {"service": {"name": "Maternity Services"}, "facility": {"code": 17678}}, {"service": {"name": "Curative Services"}, "facility": {"code": 17678}}, {"service": {"name": "Basic Immunization"}, "facility": {"code": 17678}}, {"service": {"name": "Long Term FP"}, "facility": {"code": 17678}}, {"service": {"name": "Short Term FP"}, "facility": {"code": 17678}}, {"service": {"name": "PMTCT - Maternity"}, "facility": {"code": 17678}}, {"service": {"name": "PMTCT - ANC"}, "facility": {"code": 17678}}, {"service": {"name": "Diagnostic Counselling and Testing"}, "facility": {"code": 17678}}, {"service": {"name": "Provider Initiated Counselling and Testing"}, "facility": {"code": 17678}}, {"service": {"name": "Management of STIs"}, "facility": {"code": 17678}}, {"service": {"name": "Condom Promotion and Distribution"}, "facility": {"code": 17678}}, {"service": {"name": "Laboratory Services"}, "facility": {"code": 17677}}, {"service": {"name": "Maternity Services"}, "facility": {"code": 17677}}, {"service": {"name": "Curative Services"}, "facility": {"code": 17677}}, {"service": {"name": "Permanent FP"}, "facility": {"code": 17677}}, {"service": {"name": "Long Term FP"}, "facility": {"code": 17677}}, {"service": {"name": "Short Term FP"}, "facility": {"code": 17677}}, {"service": {"name": "Post Exposure Prophylaxis"}, "facility": {"code": 17677}}, {"service": {"name": "PMTCT - Maternity"}, "facility": {"code": 17677}}, {"service": {"name": "PMTCT - ANC"}, "facility": {"code": 17677}}, {"service": {"name": "Diagnostic Counselling and Testing"}, "facility": {"code": 17677}}, {"service": {"name": "Provider Initiated Counselling and Testing"}, "facility": {"code": 17677}}, {"service": {"name": "Condom Promotion and Distribution"}, "facility": {"code": 17677}}, {"service": {"name": "Emergency Obstetric Care"}, "facility": {"code": 17676}}, {"service": {"name": "Curative Services"}, "facility": {"code": 17676}}, {"service": {"name": "Focused Antenatal Care"}, "facility": {"code": 17676}}, {"service": {"name": "Long Term FP"}, "facility": {"code": 17676}}, {"service": {"name": "Short Term FP"}, "facility": {"code": 17676}}, {"service": {"name": "Post Exposure Prophylaxis"}, "facility": {"code": 17676}}, {"service": {"name": "Voluntary Counselling and Testing"}, "facility": {"code": 17676}}, {"service": {"name": "Management of STIs"}, "facility": {"code": 17676}}, {"service": {"name": "Condom Promotion and Distribution"}, "facility": {"code": 17676}}, {"service": {"name": "Integrated Management of Childhood Illnesses"}, "facility": {"code": 17675}}, {"service": {"name": "Curative Services"}, "facility": {"code": 17675}}, {"service": {"name": "Laboratory Services"}, "facility": {"code": 17675}}, {"service": {"name": "Emergency Obstetric Care"}, "facility": {"code": 17675}}, {"service": {"name": "Basic Immunization"}, "facility": {"code": 17675}}, {"service": {"name": "Focused Antenatal Care"}, "facility": {"code": 17675}}, {"service": {"name": "Long Term FP"}, "facility": {"code": 17675}}, {"service": {"name": "Short Term FP"}, "facility": {"code": 17675}}, {"service": {"name": "Management of STIs"}, "facility": {"code": 17675}}, {"service": {"name": "Condom Promotion and Distribution"}, "facility": {"code": 17675}}, {"service": {"name": "Emergency Preparedness"}, "facility": {"code": 15359}}, {"service": {"name": "Emergency Obstetric Care"}, "facility": {"code": 15359}}, {"service": {"name": "Nutrition Services"}, "facility": {"code": 15359}}, {"service": {"name": "Surgical Services"}, "facility": {"code": 15359}}, {"service": {"name": "Curative Services"}, "facility": {"code": 15359}}, {"service": {"name": "Basic Immunization"}, "facility": {"code": 15359}}, {"service": {"name": "Focused Antenatal Care"}, "facility": {"code": 15359}}, {"service": {"name": "Short Term FP"}, "facility": {"code": 15359}}, {"service": {"name": "PMTCT - ANC"}, "facility": {"code": 15359}}, {"service": {"name": "Diagnostic Counselling and Testing"}, "facility": {"code": 15359}}, {"service": {"name": "Provider Initiated Counselling and Testing"}, "facility": {"code": 15359}}, {"service": {"name": "Management of STIs"}, "facility": {"code": 15359}}, {"service": {"name": "Condom Promotion and Distribution"}, "facility": {"code": 15359}}, {"service": {"name": "Nutrition Services"}, "facility": {"code": 17672}}, {"service": {"name": "Integrated Management of Childhood Illnesses"}, "facility": {"code": 17672}}, {"service": {"name": "Maternity Services"}, "facility": {"code": 17672}}, {"service": {"name": "Curative Services"}, "facility": {"code": 17672}}, {"service": {"name": "Basic Immunization"}, "facility": {"code": 17672}}, {"service": {"name": "Focused Antenatal Care"}, "facility": {"code": 17672}}, {"service": {"name": "Permanent FP"}, "facility": {"code": 17672}}, {"service": {"name": "Long Term FP"}, "facility": {"code": 17672}}, {"service": {"name": "Short Term FP"}, "facility": {"code": 17672}}, {"service": {"name": "Post Exposure Prophylaxis"}, "facility": {"code": 17672}}, {"service": {"name": "Voluntary Male Circumcision"}, "facility": {"code": 17672}}, {"service": {"name": "PMTCT - Maternity"}, "facility": {"code": 17672}}, {"service": {"name": "PMTCT - ANC"}, "facility": {"code": 17672}}, {"service": {"name": "Early Infant Diagnosis"}, "facility": {"code": 17672}}, {"service": {"name": "Diagnostic Counselling and Testing"}, "facility": {"code": 17672}}, {"service": {"name": "Provider Initiated Counselling and Testing"}, "facility": {"code": 17672}}, {"service": {"name": "Voluntary Counselling and Testing"}, "facility": {"code": 17672}}, {"service": {"name": "Management of STIs"}, "facility": {"code": 17672}}, {"service": {"name": "Condom Promotion and Distribution"}, "facility": {"code": 17672}}, {"service": {"name": "Nutrition Services"}, "facility": {"code": 17438}}, {"service": {"name": "Integrated Management of Childhood Illnesses"}, "facility": {"code": 17438}}, {"service": {"name": "Maternity Services"}, "facility": {"code": 17438}}, {"service": {"name": "Immunization with additional vaccines"}, "facility": {"code": 17438}}, {"service": {"name": "Environmental Health Services"}, "facility": {"code": 14126}}, {"service": {"name": "Nutrition Services"}, "facility": {"code": 14126}}, {"service": {"name": "Integrated Management of Childhood Illnesses"}, "facility": {"code": 14126}}, {"service": {"name": "Maternity Services"}, "facility": {"code": 14126}}, {"service": {"name": "Curative Services"}, "facility": {"code": 14126}}, {"service": {"name": "First Line Treatment"}, "facility": {"code": 14126}}, {"service": {"name": "Focused Antenatal Care"}, "facility": {"code": 14126}}, {"service": {"name": "Short Term FP"}, "facility": {"code": 14126}}, {"service": {"name": "Post Exposure Prophylaxis"}, "facility": {"code": 14126}}, {"service": {"name": "PMTCT - Maternity"}, "facility": {"code": 14126}}, {"service": {"name": "PMTCT - ANC"}, "facility": {"code": 14126}}, {"service": {"name": "Early Infant Diagnosis"}, "facility": {"code": 14126}}, {"service": {"name": "Diagnostic Counselling and Testing"}, "facility": {"code": 14126}}, {"service": {"name": "Provider Initiated Counselling and Testing"}, "facility": {"code": 14126}}, {"service": {"name": "Management of STIs"}, "facility": {"code": 14126}}, {"service": {"name": "Condom Promotion and Distribution"}, "facility": {"code": 14126}}, {"service": {"name": "Environmental Health Services"}, "facility": {"code": 14111}}, {"service": {"name": "Nutrition Services"}, "facility": {"code": 14111}}, {"service": {"name": "Integrated Management of Childhood Illnesses"}, "facility": {"code": 14111}}, {"service": {"name": "Maternity Services"}, "facility": {"code": 14111}}, {"service": {"name": "Curative Services"}, "facility": {"code": 14111}}, {"service": {"name": "First Line Treatment"}, "facility": {"code": 14111}}, {"service": {"name": "Immunization with additional vaccines"}, "facility": {"code": 14111}}, {"service": {"name": "Basic Immunization"}, "facility": {"code": 14111}}, {"service": {"name": "Focused Antenatal Care"}, "facility": {"code": 14111}}, {"service": {"name": "Short Term FP"}, "facility": {"code": 14111}}, {"service": {"name": "Post Exposure Prophylaxis"}, "facility": {"code": 14111}}, {"service": {"name": "PMTCT - Maternity"}, "facility": {"code": 14111}}, {"service": {"name": "PMTCT - ANC"}, "facility": {"code": 14111}}, {"service": {"name": "Early Infant Diagnosis"}, "facility": {"code": 14111}}, {"service": {"name": "Diagnostic Counselling and Testing"}, "facility": {"code": 14111}}, {"service": {"name": "Provider Initiated Counselling and Testing"}, "facility": {"code": 14111}}, {"service": {"name": "Management of STIs"}, "facility": {"code": 14111}}, {"service": {"name": "Condom Promotion and Distribution"}, "facility": {"code": 14111}}, {"service": {"name": "Nutrition Services"}, "facility": {"code": 17437}}, {"service": {"name": "Integrated Management of Childhood Illnesses"}, "facility": {"code": 17437}}, {"service": {"name": "Immunization with additional vaccines"}, "facility": {"code": 17437}}, {"service": {"name": "Maternity Services"}, "facility": {"code": 14026}}, {"service": {"name": "Environmental Health Services"}, "facility": {"code": 14026}}, {"service": {"name": "Nutrition Services"}, "facility": {"code": 14026}}, {"service": {"name": "Integrated Management of Childhood Illnesses"}, "facility": {"code": 14026}}, {"service": {"name": "Curative Services"}, "facility": {"code": 14026}}, {"service": {"name": "First Line Treatment"}, "facility": {"code": 14026}}, {"service": {"name": "Immunization with additional vaccines"}, "facility": {"code": 14026}}, {"service": {"name": "Basic Immunization"}, "facility": {"code": 14026}}, {"service": {"name": "Short Term FP"}, "facility": {"code": 14026}}, {"service": {"name": "Post Exposure Prophylaxis"}, "facility": {"code": 14026}}, {"service": {"name": "PMTCT - ANC"}, "facility": {"code": 14026}}, {"service": {"name": "Early Infant Diagnosis"}, "facility": {"code": 14026}}, {"service": {"name": "Diagnostic Counselling and Testing"}, "facility": {"code": 14026}}, {"service": {"name": "Provider Initiated Counselling and Testing"}, "facility": {"code": 14026}}, {"service": {"name": "Management of STIs"}, "facility": {"code": 14026}}, {"service": {"name": "Condom Promotion and Distribution"}, "facility": {"code": 14026}}, {"service": {"name": "Environmental Health Services"}, "facility": {"code": 14013}}, {"service": {"name": "Nutrition Services"}, "facility": {"code": 14013}}, {"service": {"name": "Integrated Management of Childhood Illnesses"}, "facility": {"code": 14013}}, {"service": {"name": "Laboratory Services"}, "facility": {"code": 14013}}, {"service": {"name": "Maternity Services"}, "facility": {"code": 14013}}, {"service": {"name": "Curative Services"}, "facility": {"code": 14013}}, {"service": {"name": "First Line Treatment"}, "facility": {"code": 14013}}, {"service": {"name": "Smear Microscopy"}, "facility": {"code": 14013}}, {"service": {"name": "Immunization with additional vaccines"}, "facility": {"code": 14013}}, {"service": {"name": "Basic Immunization"}, "facility": {"code": 14013}}, {"service": {"name": "Focused Antenatal Care"}, "facility": {"code": 14013}}, {"service": {"name": "Short Term FP"}, "facility": {"code": 14013}}, {"service": {"name": "Adult Antiretroviral Therapy"}, "facility": {"code": 14013}}, {"service": {"name": "Paediatric Antiretroviral Therapy"}, "facility": {"code": 14013}}, {"service": {"name": "Post Exposure Prophylaxis"}, "facility": {"code": 14013}}, {"service": {"name": "PMTCT - Maternity"}, "facility": {"code": 14013}}, {"service": {"name": "PMTCT - ANC"}, "facility": {"code": 14013}}, {"service": {"name": "Early Infant Diagnosis"}, "facility": {"code": 14013}}, {"service": {"name": "Diagnostic Counselling and Testing"}, "facility": {"code": 14013}}, {"service": {"name": "Provider Initiated Counselling and Testing"}, "facility": {"code": 14013}}, {"service": {"name": "Voluntary Counselling and Testing"}, "facility": {"code": 14013}}, {"service": {"name": "Management of STIs"}, "facility": {"code": 14013}}, {"service": {"name": "Condom Promotion and Distribution"}, "facility": {"code": 14013}}, {"service": {"name": "First Line Treatment"}, "facility": {"code": 13987}}, {"service": {"name": "Immunization with additional vaccines"}, "facility": {"code": 13987}}, {"service": {"name": "Basic Immunization"}, "facility": {"code": 13987}}, {"service": {"name": "Focused Antenatal Care"}, "facility": {"code": 13987}}, {"service": {"name": "Long Term FP"}, "facility": {"code": 13987}}, {"service": {"name": "Short Term FP"}, "facility": {"code": 13987}}, {"service": {"name": "Adult Antiretroviral Therapy"}, "facility": {"code": 13987}}, {"service": {"name": "Paediatric Antiretroviral Therapy"}, "facility": {"code": 13987}}, {"service": {"name": "Post Exposure Prophylaxis"}, "facility": {"code": 13987}}, {"service": {"name": "Voluntary Male Circumcision"}, "facility": {"code": 13987}}, {"service": {"name": "PMTCT - Maternity"}, "facility": {"code": 13987}}, {"service": {"name": "PMTCT - ANC"}, "facility": {"code": 13987}}, {"service": {"name": "Early Infant Diagnosis"}, "facility": {"code": 13987}}, {"service": {"name": "Diagnostic Counselling and Testing"}, "facility": {"code": 13987}}, {"service": {"name": "Provider Initiated Counselling and Testing"}, "facility": {"code": 13987}}, {"service": {"name": "Management of STIs"}, "facility": {"code": 13987}}, {"service": {"name": "Condom Promotion and Distribution"}, "facility": {"code": 13987}}, {"service": {"name": "Environmental Health Services"}, "facility": {"code": 13874}}, {"service": {"name": "Integrated Management of Childhood Illnesses"}, "facility": {"code": 13874}}, {"service": {"name": "Nutrition Services"}, "facility": {"code": 13874}}, {"service": {"name": "Maternity Services"}, "facility": {"code": 13874}}, {"service": {"name": "Curative Services"}, "facility": {"code": 13874}}, {"service": {"name": "First Line Treatment"}, "facility": {"code": 13874}}, {"service": {"name": "Immunization with additional vaccines"}, "facility": {"code": 13874}}, {"service": {"name": "Basic Immunization"}, "facility": {"code": 13874}}, {"service": {"name": "Focused Antenatal Care"}, "facility": {"code": 13874}}, {"service": {"name": "Short Term FP"}, "facility": {"code": 13874}}, {"service": {"name": "Adult Antiretroviral Therapy"}, "facility": {"code": 13874}}, {"service": {"name": "Paediatric Antiretroviral Therapy"}, "facility": {"code": 13874}}, {"service": {"name": "Post Exposure Prophylaxis"}, "facility": {"code": 13874}}, {"service": {"name": "PMTCT - Maternity"}, "facility": {"code": 13874}}, {"service": {"name": "PMTCT - ANC"}, "facility": {"code": 13874}}, {"service": {"name": "Early Infant Diagnosis"}, "facility": {"code": 13874}}, {"service": {"name": "Diagnostic Counselling and Testing"}, "facility": {"code": 13874}}, {"service": {"name": "Provider Initiated Counselling and Testing"}, "facility": {"code": 13874}}, {"service": {"name": "Management of STIs"}, "facility": {"code": 13874}}, {"service": {"name": "Condom Promotion and Distribution"}, "facility": {"code": 13874}}, {"service": {"name": "Diagnostic Counselling and Testing"}, "facility": {"code": 13845}}, {"service": {"name": "First Line Treatment"}, "facility": {"code": 13845}}, {"service": {"name": "Immunization with additional vaccines"}, "facility": {"code": 13845}}, {"service": {"name": "Basic Immunization"}, "facility": {"code": 13845}}, {"service": {"name": "Focused Antenatal Care"}, "facility": {"code": 13845}}, {"service": {"name": "Long Term FP"}, "facility": {"code": 13845}}, {"service": {"name": "Short Term FP"}, "facility": {"code": 13845}}, {"service": {"name": "Adult Antiretroviral Therapy"}, "facility": {"code": 13845}}, {"service": {"name": "Paediatric Antiretroviral Therapy"}, "facility": {"code": 13845}}, {"service": {"name": "Post Exposure Prophylaxis"}, "facility": {"code": 13845}}, {"service": {"name": "Voluntary Male Circumcision"}, "facility": {"code": 13845}}, {"service": {"name": "PMTCT - Maternity"}, "facility": {"code": 13845}}, {"service": {"name": "PMTCT - ANC"}, "facility": {"code": 13845}}, {"service": {"name": "Early Infant Diagnosis"}, "facility": {"code": 13845}}, {"service": {"name": "Provider Initiated Counselling and Testing"}, "facility": {"code": 13845}}, {"service": {"name": "Management of STIs"}, "facility": {"code": 13845}}, {"service": {"name": "Condom Promotion and Distribution"}, "facility": {"code": 13845}}, {"service": {"name": "Emergency Preparedness"}, "facility": {"code": 17671}}, {"service": {"name": "Emergency Obstetric Care"}, "facility": {"code": 17671}}, {"service": {"name": "Environmental Health Services"}, "facility": {"code": 17671}}, {"service": {"name": "Services for Sexual Violence Survivors"}, "facility": {"code": 17671}}, {"service": {"name": "Mental Health Services"}, "facility": {"code": 17671}}, {"service": {"name": "Nutrition Services"}, "facility": {"code": 17671}}, {"service": {"name": "Surgical Services"}, "facility": {"code": 17671}}, {"service": {"name": "Maternity Services"}, "facility": {"code": 17671}}, {"service": {"name": "Curative Services"}, "facility": {"code": 17671}}, {"service": {"name": "Basic Immunization"}, "facility": {"code": 17671}}, {"service": {"name": "Focused Antenatal Care"}, "facility": {"code": 17671}}, {"service": {"name": "Short Term FP"}, "facility": {"code": 17671}}, {"service": {"name": "PMTCT - Maternity"}, "facility": {"code": 17671}}, {"service": {"name": "PMTCT - ANC"}, "facility": {"code": 17671}}, {"service": {"name": "Early Infant Diagnosis"}, "facility": {"code": 17671}}, {"service": {"name": "Diagnostic Counselling and Testing"}, "facility": {"code": 17671}}, {"service": {"name": "Provider Initiated Counselling and Testing"}, "facility": {"code": 17671}}, {"service": {"name": "Management of STIs"}, "facility": {"code": 17671}}, {"service": {"name": "Condom Promotion and Distribution"}, "facility": {"code": 17671}}, {"service": {"name": "Curative Services"}, "facility": {"code": 17336}}, {"service": {"name": "Basic Immunization"}, "facility": {"code": 17336}}, {"service": {"name": "PMTCT - ANC"}, "facility": {"code": 17336}}, {"service": {"name": "Diagnostic Counselling and Testing"}, "facility": {"code": 17336}}, {"service": {"name": "Focused Antenatal Care"}, "facility": {"code": 17336}}, {"service": {"name": "Post Exposure Prophylaxis"}, "facility": {"code": 17336}}, {"service": {"name": "Condom Promotion and Distribution"}, "facility": {"code": 17336}}, {"service": {"name": "Integrated Management of Childhood Illnesses"}, "facility": {"code": 16289}}, {"service": {"name": "Curative Services"}, "facility": {"code": 16289}}, {"service": {"name": "Basic Immunization"}, "facility": {"code": 16289}}, {"service": {"name": "Focused Antenatal Care"}, "facility": {"code": 16289}}, {"service": {"name": "PMTCT - ANC"}, "facility": {"code": 16289}}, {"service": {"name": "Condom Promotion and Distribution"}, "facility": {"code": 16289}}, {"service": {"name": "Basic Immunization"}, "facility": {"code": 12538}}, {"service": {"name": "Focused Antenatal Care"}, "facility": {"code": 12530}}, {"service": {"name": "Curative Services"}, "facility": {"code": 12653}}, {"service": {"name": "Basic Immunization"}, "facility": {"code": 12600}}, {"service": {"name": "Curative Services"}, "facility": {"code": 12600}}, {"service": {"name": "Long Term FP"}, "facility": {"code": 12600}}, {"service": {"name": "Short Term FP"}, "facility": {"code": 12600}}, {"service": {"name": "Post Exposure Prophylaxis"}, "facility": {"code": 12600}}, {"service": {"name": "PMTCT - ANC"}, "facility": {"code": 12600}}, {"service": {"name": "Diagnostic Counselling and Testing"}, "facility": {"code": 12600}}, {"service": {"name": "Provider Initiated Counselling and Testing"}, "facility": {"code": 12600}}, {"service": {"name": "Management of STIs"}, "facility": {"code": 12600}}, {"service": {"name": "Condom Promotion and Distribution"}, "facility": {"code": 12600}}, {"service": {"name": "Basic Immunization"}, "facility": {"code": 16252}}, {"service": {"name": "Curative Services"}, "facility": {"code": 16252}}, {"service": {"name": "Laboratory Services"}, "facility": {"code": 16252}}, {"service": {"name": "Oral Health Services (Dental Services)"}, "facility": {"code": 12230}}, {"service": {"name": "Emergency Obstetric Care"}, "facility": {"code": 12230}}, {"service": {"name": "Dental Laboratory Services"}, "facility": {"code": 17669}}, {"service": {"name": "Oral Health Services (Dental Services)"}, "facility": {"code": 17669}}, {"service": {"name": "Emergency Obstetric Care"}, "facility": {"code": 17669}}, {"service": {"name": "Basic Immunization"}, "facility": {"code": 17669}}, {"service": {"name": "Focused Antenatal Care"}, "facility": {"code": 17669}}, {"service": {"name": "Long Term FP"}, "facility": {"code": 17669}}, {"service": {"name": "Short Term FP"}, "facility": {"code": 17669}}, {"service": {"name": "PMTCT - ANC"}, "facility": {"code": 17669}}, {"service": {"name": "Provider Initiated Counselling and Testing"}, "facility": {"code": 17669}}, {"service": {"name": "Voluntary Counselling and Testing"}, "facility": {"code": 17669}}, {"service": {"name": "Management of STIs"}, "facility": {"code": 17669}}, {"service": {"name": "Condom Promotion and Distribution"}, "facility": {"code": 17669}}, {"service": {"name": "Emergency Obstetric Care"}, "facility": {"code": 17667}}, {"service": {"name": "Curative Services"}, "facility": {"code": 17667}}, {"service": {"name": "Basic Immunization"}, "facility": {"code": 17667}}, {"service": {"name": "Focused Antenatal Care"}, "facility": {"code": 17667}}, {"service": {"name": "Short Term FP"}, "facility": {"code": 17667}}, {"service": {"name": "PMTCT - ANC"}, "facility": {"code": 17667}}, {"service": {"name": "Diagnostic Counselling and Testing"}, "facility": {"code": 17667}}, {"service": {"name": "Provider Initiated Counselling and Testing"}, "facility": {"code": 17667}}, {"service": {"name": "Condom Promotion and Distribution"}, "facility": {"code": 17667}}, {"service": {"name": "Emergency Obstetric Care"}, "facility": {"code": 17666}}, {"service": {"name": "Maternity Services"}, "facility": {"code": 17666}}, {"service": {"name": "Curative Services"}, "facility": {"code": 17666}}, {"service": {"name": "Basic Immunization"}, "facility": {"code": 17666}}, {"service": {"name": "Focused Antenatal Care"}, "facility": {"code": 17666}}, {"service": {"name": "Short Term FP"}, "facility": {"code": 17666}}, {"service": {"name": "PMTCT - Maternity"}, "facility": {"code": 17666}}, {"service": {"name": "PMTCT - ANC"}, "facility": {"code": 17666}}, {"service": {"name": "Diagnostic Counselling and Testing"}, "facility": {"code": 17666}}, {"service": {"name": "Provider Initiated Counselling and Testing"}, "facility": {"code": 17666}}, {"service": {"name": "Voluntary Counselling and Testing"}, "facility": {"code": 17666}}, {"service": {"name": "Condom Promotion and Distribution"}, "facility": {"code": 17666}}, {"service": {"name": "First Line Treatment"}, "facility": {"code": 13837}}, {"service": {"name": "Condom Promotion and Distribution"}, "facility": {"code": 13837}}, {"service": {"name": "Smear Microscopy"}, "facility": {"code": 13837}}, {"service": {"name": "Immunization with additional vaccines"}, "facility": {"code": 13837}}, {"service": {"name": "Basic Immunization"}, "facility": {"code": 13837}}, {"service": {"name": "Focused Antenatal Care"}, "facility": {"code": 13837}}, {"service": {"name": "Short Term FP"}, "facility": {"code": 13837}}, {"service": {"name": "Adult Antiretroviral Therapy"}, "facility": {"code": 13837}}, {"service": {"name": "Paediatric Antiretroviral Therapy"}, "facility": {"code": 13837}}, {"service": {"name": "Post Exposure Prophylaxis"}, "facility": {"code": 13837}}, {"service": {"name": "Voluntary Male Circumcision"}, "facility": {"code": 13837}}, {"service": {"name": "PMTCT - Maternity"}, "facility": {"code": 13837}}, {"service": {"name": "PMTCT - ANC"}, "facility": {"code": 13837}}, {"service": {"name": "Early Infant Diagnosis"}, "facility": {"code": 13837}}, {"service": {"name": "Diagnostic Counselling and Testing"}, "facility": {"code": 13837}}, {"service": {"name": "Provider Initiated Counselling and Testing"}, "facility": {"code": 13837}}, {"service": {"name": "Management of STIs"}, "facility": {"code": 13837}}, {"service": {"name": "Environmental Health Services"}, "facility": {"code": 13815}}, {"service": {"name": "Nutrition Services"}, "facility": {"code": 13815}}, {"service": {"name": "Integrated Management of Childhood Illnesses"}, "facility": {"code": 13815}}, {"service": {"name": "Laboratory Services"}, "facility": {"code": 13815}}, {"service": {"name": "Maternity Services"}, "facility": {"code": 13815}}, {"service": {"name": "Curative Services"}, "facility": {"code": 13815}}, {"service": {"name": "First Line Treatment"}, "facility": {"code": 13815}}, {"service": {"name": "Immunization with additional vaccines"}, "facility": {"code": 13815}}, {"service": {"name": "Basic Immunization"}, "facility": {"code": 13815}}, {"service": {"name": "Focused Antenatal Care"}, "facility": {"code": 13815}}, {"service": {"name": "Short Term FP"}, "facility": {"code": 13815}}, {"service": {"name": "Adult Antiretroviral Therapy"}, "facility": {"code": 13815}}, {"service": {"name": "Paediatric Antiretroviral Therapy"}, "facility": {"code": 13815}}, {"service": {"name": "Post Exposure Prophylaxis"}, "facility": {"code": 13815}}, {"service": {"name": "Voluntary Male Circumcision"}, "facility": {"code": 13815}}, {"service": {"name": "PMTCT - Maternity"}, "facility": {"code": 13815}}, {"service": {"name": "PMTCT - ANC"}, "facility": {"code": 13815}}, {"service": {"name": "Early Infant Diagnosis"}, "facility": {"code": 13815}}, {"service": {"name": "Diagnostic Counselling and Testing"}, "facility": {"code": 13815}}, {"service": {"name": "Provider Initiated Counselling and Testing"}, "facility": {"code": 13815}}, {"service": {"name": "Management of STIs"}, "facility": {"code": 13815}}, {"service": {"name": "Condom Promotion and Distribution"}, "facility": {"code": 13815}}, {"service": {"name": "Environmental Health Services"}, "facility": {"code": 13780}}, {"service": {"name": "Nutrition Services"}, "facility": {"code": 13780}}, {"service": {"name": "Maternity Services"}, "facility": {"code": 13780}}, {"service": {"name": "Curative Services"}, "facility": {"code": 13780}}, {"service": {"name": "First Line Treatment"}, "facility": {"code": 13780}}, {"service": {"name": "Immunization with additional vaccines"}, "facility": {"code": 13780}}, {"service": {"name": "Basic Immunization"}, "facility": {"code": 13780}}, {"service": {"name": "Short Term FP"}, "facility": {"code": 13780}}, {"service": {"name": "Post Exposure Prophylaxis"}, "facility": {"code": 13780}}, {"service": {"name": "Voluntary Male Circumcision"}, "facility": {"code": 13780}}, {"service": {"name": "PMTCT - Maternity"}, "facility": {"code": 13780}}, {"service": {"name": "PMTCT - ANC"}, "facility": {"code": 13780}}, {"service": {"name": "Early Infant Diagnosis"}, "facility": {"code": 13780}}, {"service": {"name": "Provider Initiated Counselling and Testing"}, "facility": {"code": 13780}}, {"service": {"name": "Management of STIs"}, "facility": {"code": 13780}}, {"service": {"name": "Condom Promotion and Distribution"}, "facility": {"code": 13780}}, {"service": {"name": "Environmental Health Services"}, "facility": {"code": 13771}}, {"service": {"name": "Nutrition Services"}, "facility": {"code": 13771}}, {"service": {"name": "Integrated Management of Childhood Illnesses"}, "facility": {"code": 13771}}, {"service": {"name": "Laboratory Services"}, "facility": {"code": 13771}}, {"service": {"name": "Maternity Services"}, "facility": {"code": 13771}}, {"service": {"name": "Curative Services"}, "facility": {"code": 13771}}, {"service": {"name": "First Line Treatment"}, "facility": {"code": 13771}}, {"service": {"name": "Smear Microscopy"}, "facility": {"code": 13771}}, {"service": {"name": "Immunization with additional vaccines"}, "facility": {"code": 13771}}, {"service": {"name": "Basic Immunization"}, "facility": {"code": 13771}}, {"service": {"name": "Focused Antenatal Care"}, "facility": {"code": 13771}}, {"service": {"name": "Long Term FP"}, "facility": {"code": 13771}}, {"service": {"name": "Short Term FP"}, "facility": {"code": 13771}}, {"service": {"name": "Adult Antiretroviral Therapy"}, "facility": {"code": 13771}}, {"service": {"name": "Paediatric Antiretroviral Therapy"}, "facility": {"code": 13771}}, {"service": {"name": "Post Exposure Prophylaxis"}, "facility": {"code": 13771}}, {"service": {"name": "Voluntary Male Circumcision"}, "facility": {"code": 13771}}, {"service": {"name": "PMTCT - Maternity"}, "facility": {"code": 13771}}, {"service": {"name": "PMTCT - ANC"}, "facility": {"code": 13771}}, {"service": {"name": "Early Infant Diagnosis"}, "facility": {"code": 13771}}, {"service": {"name": "Diagnostic Counselling and Testing"}, "facility": {"code": 13771}}, {"service": {"name": "Provider Initiated Counselling and Testing"}, "facility": {"code": 13771}}, {"service": {"name": "Voluntary Counselling and Testing"}, "facility": {"code": 13771}}, {"service": {"name": "Management of STIs"}, "facility": {"code": 13771}}, {"service": {"name": "Condom Promotion and Distribution"}, "facility": {"code": 13771}}, {"service": {"name": "First Line Treatment"}, "facility": {"code": 13757}}, {"service": {"name": "Immunization with additional vaccines"}, "facility": {"code": 13757}}, {"service": {"name": "Basic Immunization"}, "facility": {"code": 13757}}, {"service": {"name": "Focused Antenatal Care"}, "facility": {"code": 13757}}, {"service": {"name": "Short Term FP"}, "facility": {"code": 13757}}, {"service": {"name": "Adult Antiretroviral Therapy"}, "facility": {"code": 13757}}, {"service": {"name": "Paediatric Antiretroviral Therapy"}, "facility": {"code": 13757}}, {"service": {"name": "Post Exposure Prophylaxis"}, "facility": {"code": 13757}}, {"service": {"name": "Voluntary Male Circumcision"}, "facility": {"code": 13757}}, {"service": {"name": "PMTCT - Maternity"}, "facility": {"code": 13757}}, {"service": {"name": "PMTCT - ANC"}, "facility": {"code": 13757}}, {"service": {"name": "Early Infant Diagnosis"}, "facility": {"code": 13757}}, {"service": {"name": "Provider Initiated Counselling and Testing"}, "facility": {"code": 13757}}, {"service": {"name": "Management of STIs"}, "facility": {"code": 13757}}, {"service": {"name": "Condom Promotion and Distribution"}, "facility": {"code": 13757}}, {"service": {"name": "Dental Laboratory Services"}, "facility": {"code": 13739}}, {"service": {"name": "Environmental Health Services"}, "facility": {"code": 13739}}, {"service": {"name": "Nutrition Services"}, "facility": {"code": 13739}}, {"service": {"name": "Integrated Management of Childhood Illnesses"}, "facility": {"code": 13739}}, {"service": {"name": "Ambulance Sevices"}, "facility": {"code": 13739}}, {"service": {"name": "Laboratory Services"}, "facility": {"code": 13739}}, {"service": {"name": "Radiology Services"}, "facility": {"code": 13739}}, {"service": {"name": "Maternity Services"}, "facility": {"code": 13739}}, {"service": {"name": "Curative Services"}, "facility": {"code": 13739}}, {"service": {"name": "First Line Treatment"}, "facility": {"code": 13739}}, {"service": {"name": "Smear Microscopy"}, "facility": {"code": 13739}}, {"service": {"name": "Immunization with additional vaccines"}, "facility": {"code": 13739}}, {"service": {"name": "Basic Immunization"}, "facility": {"code": 13739}}, {"service": {"name": "Focused Antenatal Care"}, "facility": {"code": 13739}}, {"service": {"name": "Adult Antiretroviral Therapy"}, "facility": {"code": 13739}}, {"service": {"name": "Paediatric Antiretroviral Therapy"}, "facility": {"code": 13739}}, {"service": {"name": "Post Exposure Prophylaxis"}, "facility": {"code": 13739}}, {"service": {"name": "Voluntary Male Circumcision"}, "facility": {"code": 13739}}, {"service": {"name": "PMTCT - Maternity"}, "facility": {"code": 13739}}, {"service": {"name": "PMTCT - ANC"}, "facility": {"code": 13739}}, {"service": {"name": "Early Infant Diagnosis"}, "facility": {"code": 13739}}, {"service": {"name": "Diagnostic Counselling and Testing"}, "facility": {"code": 13739}}, {"service": {"name": "Provider Initiated Counselling and Testing"}, "facility": {"code": 13739}}, {"service": {"name": "Management of STIs"}, "facility": {"code": 13739}}, {"service": {"name": "Immunization with additional vaccines"}, "facility": {"code": 17439}}, {"service": {"name": "Environmental Health Services"}, "facility": {"code": 13725}}, {"service": {"name": "Integrated Management of Childhood Illnesses"}, "facility": {"code": 13725}}, {"service": {"name": "Curative Services"}, "facility": {"code": 13725}}, {"service": {"name": "First Line Treatment"}, "facility": {"code": 13725}}, {"service": {"name": "Post Exposure Prophylaxis"}, "facility": {"code": 13725}}, {"service": {"name": "Voluntary Male Circumcision"}, "facility": {"code": 13725}}, {"service": {"name": "Management of STIs"}, "facility": {"code": 13725}}, {"service": {"name": "First Line Treatment"}, "facility": {"code": 13644}}, {"service": {"name": "Early Infant Diagnosis"}, "facility": {"code": 13644}}, {"service": {"name": "Post Exposure Prophylaxis"}, "facility": {"code": 13644}}, {"service": {"name": "Voluntary Male Circumcision"}, "facility": {"code": 13644}}, {"service": {"name": "Provider Initiated Counselling and Testing"}, "facility": {"code": 13644}}, {"service": {"name": "Management of STIs"}, "facility": {"code": 13644}}, {"service": {"name": "Curative Services"}, "facility": {"code": 13497}}, {"service": {"name": "Post Exposure Prophylaxis"}, "facility": {"code": 13497}}, {"service": {"name": "Integrated Management of Childhood Illnesses"}, "facility": {"code": 13461}}, {"service": {"name": "Environmental Health Services"}, "facility": {"code": 13461}}, {"service": {"name": "Maternity Services"}, "facility": {"code": 13461}}, {"service": {"name": "Curative Services"}, "facility": {"code": 13461}}, {"service": {"name": "Voluntary Counselling and Testing"}, "facility": {"code": 17664}}, {"service": {"name": "Condom Promotion and Distribution"}, "facility": {"code": 17664}}, {"service": {"name": "Home Based Care"}, "facility": {"code": 17663}}, {"service": {"name": "Voluntary Counselling and Testing"}, "facility": {"code": 17663}}, {"service": {"name": "Condom Promotion and Distribution"}, "facility": {"code": 17663}}, {"service": {"name": "Curative Services"}, "facility": {"code": 17662}}, {"service": {"name": "Management of STIs"}, "facility": {"code": 17662}}, {"service": {"name": "Condom Promotion and Distribution"}, "facility": {"code": 17662}}, {"service": {"name": "Short Term FP"}, "facility": {"code": 17374}}, {"service": {"name": "Emergency Preparedness"}, "facility": {"code": 17661}}, {"service": {"name": "Emergency Obstetric Care"}, "facility": {"code": 17661}}, {"service": {"name": "Integrated Management of Childhood Illnesses"}, "facility": {"code": 17661}}, {"service": {"name": "Radiology Services"}, "facility": {"code": 17661}}, {"service": {"name": "Curative Services"}, "facility": {"code": 17661}}, {"service": {"name": "Basic Immunization"}, "facility": {"code": 17661}}, {"service": {"name": "Focused Antenatal Care"}, "facility": {"code": 17661}}, {"service": {"name": "Short Term FP"}, "facility": {"code": 17661}}, {"service": {"name": "Voluntary Male Circumcision"}, "facility": {"code": 17661}}, {"service": {"name": "Management of STIs"}, "facility": {"code": 17661}}, {"service": {"name": "Condom Promotion and Distribution"}, "facility": {"code": 17661}}, {"service": {"name": "Basic Immunization"}, "facility": {"code": 17374}}, {"service": {"name": "Curative Services"}, "facility": {"code": 17374}}, {"service": {"name": "Condom Promotion and Distribution"}, "facility": {"code": 17374}}, {"service": {"name": "Basic Immunization"}, "facility": {"code": 17660}}, {"service": {"name": "Short Term FP"}, "facility": {"code": 17660}}, {"service": {"name": "Voluntary Male Circumcision"}, "facility": {"code": 17660}}, {"service": {"name": "Condom Promotion and Distribution"}, "facility": {"code": 17660}}, {"service": {"name": "Laboratory Services"}, "facility": {"code": 17660}}, {"service": {"name": "Emergency Preparedness"}, "facility": {"code": 17660}}, {"service": {"name": "Emergency Obstetric Care"}, "facility": {"code": 17660}}, {"service": {"name": "Nutrition Services"}, "facility": {"code": 17660}}, {"service": {"name": "Curative Services"}, "facility": {"code": 17660}}, {"service": {"name": "Management of STIs"}, "facility": {"code": 17660}}, {"service": {"name": "Early Infant Diagnosis"}, "facility": {"code": 13725}}, {"service": {"name": "Condom Promotion and Distribution"}, "facility": {"code": 13725}}, {"service": {"name": "Provider Initiated Counselling and Testing"}, "facility": {"code": 13725}}, {"service": {"name": "PMTCT - ANC"}, "facility": {"code": 13725}}, {"service": {"name": "Immunization with additional vaccines"}, "facility": {"code": 13725}}, {"service": {"name": "Basic Immunization"}, "facility": {"code": 13725}}, {"service": {"name": "Short Term FP"}, "facility": {"code": 13725}}, {"service": {"name": "Adult Antiretroviral Therapy"}, "facility": {"code": 13725}}, {"service": {"name": "Focused Antenatal Care"}, "facility": {"code": 13725}}, {"service": {"name": "Laboratory Services"}, "facility": {"code": 13461}}, {"service": {"name": "Immunization with additional vaccines"}, "facility": {"code": 13644}}, {"service": {"name": "Basic Immunization"}, "facility": {"code": 13644}}, {"service": {"name": "Short Term FP"}, "facility": {"code": 13644}}, {"service": {"name": "PMTCT - ANC"}, "facility": {"code": 13644}}, {"service": {"name": "Condom Promotion and Distribution"}, "facility": {"code": 13644}}, {"service": {"name": "Focused Antenatal Care"}, "facility": {"code": 13644}}, {"service": {"name": "Immunization with additional vaccines"}, "facility": {"code": 13497}}, {"service": {"name": "Immunization with additional vaccines"}, "facility": {"code": 13461}}, {"service": {"name": "Smear Microscopy"}, "facility": {"code": 13461}}, {"service": {"name": "Environmental Health Services"}, "facility": {"code": 14845}}, {"service": {"name": "Laboratory Services"}, "facility": {"code": 14845}}, {"service": {"name": "Maternity Services"}, "facility": {"code": 14845}}, {"service": {"name": "Curative Services"}, "facility": {"code": 14845}}, {"service": {"name": "First Line Treatment"}, "facility": {"code": 14845}}, {"service": {"name": "Immunization with additional vaccines"}, "facility": {"code": 14845}}, {"service": {"name": "Basic Immunization"}, "facility": {"code": 14845}}, {"service": {"name": "Focused Antenatal Care"}, "facility": {"code": 14845}}, {"service": {"name": "Long Term FP"}, "facility": {"code": 14845}}, {"service": {"name": "Short Term FP"}, "facility": {"code": 14845}}, {"service": {"name": "Adult Antiretroviral Therapy"}, "facility": {"code": 14845}}, {"service": {"name": "Paediatric Antiretroviral Therapy"}, "facility": {"code": 14845}}, {"service": {"name": "Post Exposure Prophylaxis"}, "facility": {"code": 14845}}, {"service": {"name": "PMTCT - Maternity"}, "facility": {"code": 14845}}, {"service": {"name": "PMTCT - ANC"}, "facility": {"code": 14845}}, {"service": {"name": "Diagnostic Counselling and Testing"}, "facility": {"code": 14845}}, {"service": {"name": "Provider Initiated Counselling and Testing"}, "facility": {"code": 14845}}, {"service": {"name": "Management of STIs"}, "facility": {"code": 14845}}, {"service": {"name": "Condom Promotion and Distribution"}, "facility": {"code": 14845}}, {"service": {"name": "ENT Services"}, "facility": {"code": 15654}}, {"service": {"name": "Oral Health Services (Dental Services)"}, "facility": {"code": 15654}}, {"service": {"name": "Emergency Obstetric Care"}, "facility": {"code": 15654}}, {"service": {"name": "Environmental Health Services"}, "facility": {"code": 15654}}, {"service": {"name": "Rehabilitative Health Services - Physiotherapy"}, "facility": {"code": 15654}}, {"service": {"name": "Opthalmic Services"}, "facility": {"code": 15654}}, {"service": {"name": "Nutrition Services"}, "facility": {"code": 15654}}, {"service": {"name": "Integrated Management of Childhood Illnesses"}, "facility": {"code": 15654}}, {"service": {"name": "Ambulance Sevices"}, "facility": {"code": 15654}}, {"service": {"name": "Laboratory Services"}, "facility": {"code": 15654}}, {"service": {"name": "Radiology Services"}, "facility": {"code": 15654}}, {"service": {"name": "Surgical Services"}, "facility": {"code": 15654}}, {"service": {"name": "Maternity Services"}, "facility": {"code": 15654}}, {"service": {"name": "Curative Services"}, "facility": {"code": 15654}}, {"service": {"name": "Mortuary Services"}, "facility": {"code": 15654}}, {"service": {"name": "Facility Based Blood Transfusion Service"}, "facility": {"code": 15654}}, {"service": {"name": "Facility Based Blood Collection Service"}, "facility": {"code": 15654}}, {"service": {"name": "Rehabilitative Health Services - Occupational Health"}, "facility": {"code": 15654}}, {"service": {"name": "First Line Treatment"}, "facility": {"code": 15654}}, {"service": {"name": "Tuberculosis Culture"}, "facility": {"code": 15654}}, {"service": {"name": "Smear Microscopy"}, "facility": {"code": 15654}}, {"service": {"name": "Immunization with additional vaccines"}, "facility": {"code": 15654}}, {"service": {"name": "Basic Immunization"}, "facility": {"code": 15654}}, {"service": {"name": "Specialized ANC"}, "facility": {"code": 15654}}, {"service": {"name": "Focused Antenatal Care"}, "facility": {"code": 15654}}, {"service": {"name": "Adult Antiretroviral Therapy"}, "facility": {"code": 15654}}, {"service": {"name": "Paediatric Antiretroviral Therapy"}, "facility": {"code": 15654}}, {"service": {"name": "Post Exposure Prophylaxis"}, "facility": {"code": 15654}}, {"service": {"name": "PMTCT - Maternity"}, "facility": {"code": 15654}}, {"service": {"name": "PMTCT - ANC"}, "facility": {"code": 15654}}, {"service": {"name": "Early Infant Diagnosis"}, "facility": {"code": 15654}}, {"service": {"name": "Diagnostic Counselling and Testing"}, "facility": {"code": 15654}}, {"service": {"name": "Voluntary Counselling and Testing"}, "facility": {"code": 15654}}, {"service": {"name": "Provider Initiated Counselling and Testing"}, "facility": {"code": 15654}}, {"service": {"name": "Management of STIs"}, "facility": {"code": 15654}}, {"service": {"name": "Curative Services"}, "facility": {"code": 15483}}, {"service": {"name": "Surgical Services"}, "facility": {"code": 15483}}, {"service": {"name": "First Line Treatment"}, "facility": {"code": 15483}}, {"service": {"name": "Tuberculosis Culture"}, "facility": {"code": 15483}}, {"service": {"name": "Smear Microscopy"}, "facility": {"code": 15483}}, {"service": {"name": "Immunization with additional vaccines"}, "facility": {"code": 15483}}, {"service": {"name": "Basic Immunization"}, "facility": {"code": 15483}}, {"service": {"name": "Focused Antenatal Care"}, "facility": {"code": 15483}}, {"service": {"name": "Long Term FP"}, "facility": {"code": 15483}}, {"service": {"name": "Short Term FP"}, "facility": {"code": 15483}}, {"service": {"name": "Adult Antiretroviral Therapy"}, "facility": {"code": 15483}}, {"service": {"name": "Paediatric Antiretroviral Therapy"}, "facility": {"code": 15483}}, {"service": {"name": "Post Exposure Prophylaxis"}, "facility": {"code": 15483}}, {"service": {"name": "Early Infant Diagnosis"}, "facility": {"code": 15483}}, {"service": {"name": "PMTCT - Maternity"}, "facility": {"code": 15483}}, {"service": {"name": "Diagnostic Counselling and Testing"}, "facility": {"code": 15483}}, {"service": {"name": "PMTCT - ANC"}, "facility": {"code": 15483}}, {"service": {"name": "Provider Initiated Counselling and Testing"}, "facility": {"code": 15483}}, {"service": {"name": "Management of STIs"}, "facility": {"code": 15483}}, {"service": {"name": "Condom Promotion and Distribution"}, "facility": {"code": 15483}}, {"service": {"name": "Integrated Management of Childhood Illnesses"}, "facility": {"code": 15377}}, {"service": {"name": "Laboratory Services"}, "facility": {"code": 15377}}, {"service": {"name": "Curative Services"}, "facility": {"code": 15377}}, {"service": {"name": "Immunization with additional vaccines"}, "facility": {"code": 15377}}, {"service": {"name": "Basic Immunization"}, "facility": {"code": 15377}}, {"service": {"name": "Focused Antenatal Care"}, "facility": {"code": 15377}}, {"service": {"name": "Long Term FP"}, "facility": {"code": 15377}}, {"service": {"name": "Short Term FP"}, "facility": {"code": 15377}}, {"service": {"name": "PMTCT - ANC"}, "facility": {"code": 15377}}, {"service": {"name": "Provider Initiated Counselling and Testing"}, "facility": {"code": 15377}}, {"service": {"name": "Voluntary Counselling and Testing"}, "facility": {"code": 15377}}, {"service": {"name": "Management of STIs"}, "facility": {"code": 15377}}, {"service": {"name": "Condom Promotion and Distribution"}, "facility": {"code": 15377}}, {"service": {"name": "Laboratory Services"}, "facility": {"code": 14549}}, {"service": {"name": "Emergency Obstetric Care"}, "facility": {"code": 14549}}, {"service": {"name": "Surgical Services"}, "facility": {"code": 14549}}, {"service": {"name": "Maternity Services"}, "facility": {"code": 14549}}, {"service": {"name": "Curative Services"}, "facility": {"code": 14549}}, {"service": {"name": "Immunization with additional vaccines"}, "facility": {"code": 14549}}, {"service": {"name": "Basic Immunization"}, "facility": {"code": 14549}}, {"service": {"name": "Focused Antenatal Care"}, "facility": {"code": 14549}}, {"service": {"name": "Home Based Care"}, "facility": {"code": 14549}}, {"service": {"name": "PMTCT - Maternity"}, "facility": {"code": 14549}}, {"service": {"name": "PMTCT - ANC"}, "facility": {"code": 14549}}, {"service": {"name": "Diagnostic Counselling and Testing"}, "facility": {"code": 14549}}, {"service": {"name": "Provider Initiated Counselling and Testing"}, "facility": {"code": 14549}}, {"service": {"name": "Management of STIs"}, "facility": {"code": 14549}}, {"service": {"name": "Integrated Management of Childhood Illnesses"}, "facility": {"code": 14510}}, {"service": {"name": "Immunization with additional vaccines"}, "facility": {"code": 14510}}, {"service": {"name": "Stand Alone Services"}, "facility": {"code": 14510}}, {"service": {"name": "Rehabilitative Health Services - Physiotherapy"}, "facility": {"code": 14511}}, {"service": {"name": "Nutrition Services"}, "facility": {"code": 14511}}, {"service": {"name": "Ambulance Sevices"}, "facility": {"code": 14511}}, {"service": {"name": "Laboratory Services"}, "facility": {"code": 14511}}, {"service": {"name": "Maternity Services"}, "facility": {"code": 14511}}, {"service": {"name": "Curative Services"}, "facility": {"code": 14511}}, {"service": {"name": "Facility Based Blood Transfusion Service"}, "facility": {"code": 14511}}, {"service": {"name": "Tuberculosis Culture"}, "facility": {"code": 14511}}, {"service": {"name": "Smear Microscopy"}, "facility": {"code": 14511}}, {"service": {"name": "Immunization with additional vaccines"}, "facility": {"code": 14511}}, {"service": {"name": "Basic Immunization"}, "facility": {"code": 14511}}, {"service": {"name": "Focused Antenatal Care"}, "facility": {"code": 14511}}, {"service": {"name": "Long Term FP"}, "facility": {"code": 14511}}, {"service": {"name": "Short Term FP"}, "facility": {"code": 14511}}, {"service": {"name": "Adult Antiretroviral Therapy"}, "facility": {"code": 14511}}, {"service": {"name": "Post Exposure Prophylaxis"}, "facility": {"code": 14511}}, {"service": {"name": "PMTCT - Maternity"}, "facility": {"code": 14511}}, {"service": {"name": "PMTCT - ANC"}, "facility": {"code": 14511}}, {"service": {"name": "Diagnostic Counselling and Testing"}, "facility": {"code": 14511}}, {"service": {"name": "Provider Initiated Counselling and Testing"}, "facility": {"code": 14511}}, {"service": {"name": "Voluntary Counselling and Testing"}, "facility": {"code": 14511}}, {"service": {"name": "Management of STIs"}, "facility": {"code": 14511}}, {"service": {"name": "Condom Promotion and Distribution"}, "facility": {"code": 14511}}, {"service": {"name": "Curative Services"}, "facility": {"code": 14509}}, {"service": {"name": "Long Term FP"}, "facility": {"code": 14509}}, {"service": {"name": "Short Term FP"}, "facility": {"code": 14509}}, {"service": {"name": "Provider Initiated Counselling and Testing"}, "facility": {"code": 14509}}, {"service": {"name": "Condom Promotion and Distribution"}, "facility": {"code": 14509}}, {"service": {"name": "Maternity Services"}, "facility": {"code": 14425}}, {"service": {"name": "Curative Services"}, "facility": {"code": 14425}}, {"service": {"name": "Immunization with additional vaccines"}, "facility": {"code": 14425}}, {"service": {"name": "Basic Immunization"}, "facility": {"code": 14425}}, {"service": {"name": "Focused Antenatal Care"}, "facility": {"code": 14425}}, {"service": {"name": "Long Term FP"}, "facility": {"code": 14425}}, {"service": {"name": "Short Term FP"}, "facility": {"code": 14425}}, {"service": {"name": "PMTCT - ANC"}, "facility": {"code": 14425}}, {"service": {"name": "Provider Initiated Counselling and Testing"}, "facility": {"code": 14425}}, {"service": {"name": "Management of STIs"}, "facility": {"code": 14425}}, {"service": {"name": "Condom Promotion and Distribution"}, "facility": {"code": 14425}}, {"service": {"name": "Nutrition Services"}, "facility": {"code": 12904}}, {"service": {"name": "Laboratory Services"}, "facility": {"code": 12904}}, {"service": {"name": "Curative Services"}, "facility": {"code": 12904}}, {"service": {"name": "First Line Treatment"}, "facility": {"code": 12904}}, {"service": {"name": "Smear Microscopy"}, "facility": {"code": 12904}}, {"service": {"name": "Home Based Care"}, "facility": {"code": 12904}}, {"service": {"name": "Adult Antiretroviral Therapy"}, "facility": {"code": 12904}}, {"service": {"name": "Paediatric Antiretroviral Therapy"}, "facility": {"code": 12904}}, {"service": {"name": "Post Exposure Prophylaxis"}, "facility": {"code": 12904}}, {"service": {"name": "PMTCT - ANC"}, "facility": {"code": 12904}}, {"service": {"name": "Early Infant Diagnosis"}, "facility": {"code": 12904}}, {"service": {"name": "Diagnostic Counselling and Testing"}, "facility": {"code": 12904}}, {"service": {"name": "Provider Initiated Counselling and Testing"}, "facility": {"code": 12904}}, {"service": {"name": "Voluntary Counselling and Testing"}, "facility": {"code": 12904}}, {"service": {"name": "Ambulance Sevices"}, "facility": {"code": 13057}}, {"service": {"name": "Laboratory Services"}, "facility": {"code": 13057}}, {"service": {"name": "Curative Services"}, "facility": {"code": 13057}}, {"service": {"name": "First Line Treatment"}, "facility": {"code": 13057}}, {"service": {"name": "Smear Microscopy"}, "facility": {"code": 13057}}, {"service": {"name": "Basic Immunization"}, "facility": {"code": 13057}}, {"service": {"name": "Focused Antenatal Care"}, "facility": {"code": 13057}}, {"service": {"name": "PMTCT - ANC"}, "facility": {"code": 13057}}, {"service": {"name": "Provider Initiated Counselling and Testing"}, "facility": {"code": 13057}}, {"service": {"name": "Voluntary Counselling and Testing"}, "facility": {"code": 13057}}, {"service": {"name": "Curative Services"}, "facility": {"code": 13097}}, {"service": {"name": "Short Term FP"}, "facility": {"code": 13097}}, {"service": {"name": "Diagnostic Counselling and Testing"}, "facility": {"code": 13097}}, {"service": {"name": "Provider Initiated Counselling and Testing"}, "facility": {"code": 13097}}, {"service": {"name": "Management of STIs"}, "facility": {"code": 13097}}, {"service": {"name": "Nutrition Services"}, "facility": {"code": 13051}}, {"service": {"name": "Laboratory Services"}, "facility": {"code": 13051}}, {"service": {"name": "Curative Services"}, "facility": {"code": 13051}}, {"service": {"name": "First Line Treatment"}, "facility": {"code": 13051}}, {"service": {"name": "Smear Microscopy"}, "facility": {"code": 13051}}, {"service": {"name": "Basic Immunization"}, "facility": {"code": 13051}}, {"service": {"name": "Focused Antenatal Care"}, "facility": {"code": 13051}}, {"service": {"name": "Short Term FP"}, "facility": {"code": 13051}}, {"service": {"name": "Adult Antiretroviral Therapy"}, "facility": {"code": 13051}}, {"service": {"name": "Paediatric Antiretroviral Therapy"}, "facility": {"code": 13051}}, {"service": {"name": "Post Exposure Prophylaxis"}, "facility": {"code": 13051}}, {"service": {"name": "PMTCT - ANC"}, "facility": {"code": 13051}}, {"service": {"name": "Early Infant Diagnosis"}, "facility": {"code": 13051}}, {"service": {"name": "Diagnostic Counselling and Testing"}, "facility": {"code": 13051}}, {"service": {"name": "Provider Initiated Counselling and Testing"}, "facility": {"code": 13051}}, {"service": {"name": "Voluntary Counselling and Testing"}, "facility": {"code": 13051}}, {"service": {"name": "Condom Promotion and Distribution"}, "facility": {"code": 13051}}, {"service": {"name": "Maternity Services"}, "facility": {"code": 13683}}, {"service": {"name": "First Line Treatment"}, "facility": {"code": 13683}}, {"service": {"name": "PMTCT - Maternity"}, "facility": {"code": 13683}}, {"service": {"name": "Laboratory Services"}, "facility": {"code": 14278}}, {"service": {"name": "Maternity Services"}, "facility": {"code": 14278}}, {"service": {"name": "Curative Services"}, "facility": {"code": 14278}}, {"service": {"name": "Basic Immunization"}, "facility": {"code": 14278}}, {"service": {"name": "Focused Antenatal Care"}, "facility": {"code": 14278}}, {"service": {"name": "Long Term FP"}, "facility": {"code": 14278}}, {"service": {"name": "Short Term FP"}, "facility": {"code": 14278}}, {"service": {"name": "PMTCT - ANC"}, "facility": {"code": 14278}}, {"service": {"name": "Provider Initiated Counselling and Testing"}, "facility": {"code": 14278}}, {"service": {"name": "Management of STIs"}, "facility": {"code": 14278}}, {"service": {"name": "Condom Promotion and Distribution"}, "facility": {"code": 14278}}, {"service": {"name": "Curative Services"}, "facility": {"code": 14255}}, {"service": {"name": "Long Term FP"}, "facility": {"code": 14255}}, {"service": {"name": "Short Term FP"}, "facility": {"code": 14255}}, {"service": {"name": "PMTCT - ANC"}, "facility": {"code": 14255}}, {"service": {"name": "Provider Initiated Counselling and Testing"}, "facility": {"code": 14255}}, {"service": {"name": "Condom Promotion and Distribution"}, "facility": {"code": 14255}}, {"service": {"name": "Laboratory Services"}, "facility": {"code": 14253}}, {"service": {"name": "Maternity Services"}, "facility": {"code": 14253}}, {"service": {"name": "Curative Services"}, "facility": {"code": 14253}}, {"service": {"name": "Immunization with additional vaccines"}, "facility": {"code": 14253}}, {"service": {"name": "Basic Immunization"}, "facility": {"code": 14253}}, {"service": {"name": "Focused Antenatal Care"}, "facility": {"code": 14253}}, {"service": {"name": "Long Term FP"}, "facility": {"code": 14253}}, {"service": {"name": "Short Term FP"}, "facility": {"code": 14253}}, {"service": {"name": "PMTCT - ANC"}, "facility": {"code": 14253}}, {"service": {"name": "Provider Initiated Counselling and Testing"}, "facility": {"code": 14253}}, {"service": {"name": "Management of STIs"}, "facility": {"code": 14253}}, {"service": {"name": "Condom Promotion and Distribution"}, "facility": {"code": 14253}}, {"service": {"name": "Laboratory Services"}, "facility": {"code": 17658}}, {"service": {"name": "Curative Services"}, "facility": {"code": 17658}}, {"service": {"name": "Short Term FP"}, "facility": {"code": 17658}}, {"service": {"name": "Provider Initiated Counselling and Testing"}, "facility": {"code": 17658}}, {"service": {"name": "Condom Promotion and Distribution"}, "facility": {"code": 17658}}, {"service": {"name": "Basic Immunization"}, "facility": {"code": 17657}}, {"service": {"name": "Focused Antenatal Care"}, "facility": {"code": 17657}}, {"service": {"name": "Short Term FP"}, "facility": {"code": 17657}}, {"service": {"name": "Diagnostic Counselling and Testing"}, "facility": {"code": 17657}}, {"service": {"name": "Management of STIs"}, "facility": {"code": 17657}}, {"service": {"name": "Emergency Preparedness"}, "facility": {"code": 13847}}, {"service": {"name": "Environmental Health Services"}, "facility": {"code": 13847}}, {"service": {"name": "Integrated Management of Childhood Illnesses"}, "facility": {"code": 13847}}, {"service": {"name": "Ambulance Sevices"}, "facility": {"code": 13847}}, {"service": {"name": "Maternity Services"}, "facility": {"code": 13847}}, {"service": {"name": "Curative Services"}, "facility": {"code": 13847}}, {"service": {"name": "Voluntary Counselling and Testing"}, "facility": {"code": 17656}}, {"service": {"name": "Condom Promotion and Distribution"}, "facility": {"code": 17656}}, {"service": {"name": "Voluntary Counselling and Testing"}, "facility": {"code": 17655}}, {"service": {"name": "Condom Promotion and Distribution"}, "facility": {"code": 17655}}, {"service": {"name": "Curative Services"}, "facility": {"code": 17654}}, {"service": {"name": "Curative Services"}, "facility": {"code": 17653}}, {"service": {"name": "Laboratory Services"}, "facility": {"code": 17653}}, {"service": {"name": "Management of STIs"}, "facility": {"code": 17653}}, {"service": {"name": "Curative Services"}, "facility": {"code": 17652}}, {"service": {"name": "Focused Antenatal Care"}, "facility": {"code": 17652}}, {"service": {"name": "Provider Initiated Counselling and Testing"}, "facility": {"code": 17652}}, {"service": {"name": "Management of STIs"}, "facility": {"code": 17652}}, {"service": {"name": "Services for Sexual Violence Survivors"}, "facility": {"code": 17651}}, {"service": {"name": "Provider Initiated Counselling and Testing"}, "facility": {"code": 17651}}, {"service": {"name": "Post Exposure Prophylaxis"}, "facility": {"code": 17651}}, {"service": {"name": "Curative Services"}, "facility": {"code": 13018}}, {"service": {"name": "Focused Antenatal Care"}, "facility": {"code": 13018}}, {"service": {"name": "Management of STIs"}, "facility": {"code": 13018}}, {"service": {"name": "Condom Promotion and Distribution"}, "facility": {"code": 13018}}, {"service": {"name": "Nutrition Services"}, "facility": {"code": 13048}}, {"service": {"name": "Integrated Management of Childhood Illnesses"}, "facility": {"code": 13048}}, {"service": {"name": "Surgical Services"}, "facility": {"code": 13048}}, {"service": {"name": "Curative Services"}, "facility": {"code": 13048}}, {"service": {"name": "First Line Treatment"}, "facility": {"code": 13048}}, {"service": {"name": "Home Based Care"}, "facility": {"code": 13048}}, {"service": {"name": "Paediatric Antiretroviral Therapy"}, "facility": {"code": 13048}}, {"service": {"name": "Early Infant Diagnosis"}, "facility": {"code": 13048}}, {"service": {"name": "Diagnostic Counselling and Testing"}, "facility": {"code": 13048}}, {"service": {"name": "Voluntary Counselling and Testing"}, "facility": {"code": 13048}}, {"service": {"name": "Management of STIs"}, "facility": {"code": 13048}}, {"service": {"name": "Laboratory Services"}, "facility": {"code": 17650}}, {"service": {"name": "Curative Services"}, "facility": {"code": 17650}}, {"service": {"name": "Basic Immunization"}, "facility": {"code": 17650}}, {"service": {"name": "Focused Antenatal Care"}, "facility": {"code": 17650}}, {"service": {"name": "Long Term FP"}, "facility": {"code": 17650}}, {"service": {"name": "Short Term FP"}, "facility": {"code": 17650}}, {"service": {"name": "Home Based Care"}, "facility": {"code": 17650}}, {"service": {"name": "PMTCT - ANC"}, "facility": {"code": 17650}}, {"service": {"name": "Diagnostic Counselling and Testing"}, "facility": {"code": 17650}}, {"service": {"name": "Provider Initiated Counselling and Testing"}, "facility": {"code": 17650}}, {"service": {"name": "Voluntary Counselling and Testing"}, "facility": {"code": 17650}}, {"service": {"name": "Management of STIs"}, "facility": {"code": 17650}}, {"service": {"name": "Condom Promotion and Distribution"}, "facility": {"code": 17650}}, {"service": {"name": "Curative Services"}, "facility": {"code": 17648}}, {"service": {"name": "Basic Immunization"}, "facility": {"code": 17648}}, {"service": {"name": "Focused Antenatal Care"}, "facility": {"code": 17648}}, {"service": {"name": "Short Term FP"}, "facility": {"code": 17648}}, {"service": {"name": "PMTCT - ANC"}, "facility": {"code": 17648}}, {"service": {"name": "Management of STIs"}, "facility": {"code": 17648}}, {"service": {"name": "Basic Immunization"}, "facility": {"code": 17647}}, {"service": {"name": "Focused Antenatal Care"}, "facility": {"code": 17647}}, {"service": {"name": "Long Term FP"}, "facility": {"code": 17647}}, {"service": {"name": "Short Term FP"}, "facility": {"code": 17647}}, {"service": {"name": "PMTCT - ANC"}, "facility": {"code": 17647}}, {"service": {"name": "Diagnostic Counselling and Testing"}, "facility": {"code": 17647}}, {"service": {"name": "Provider Initiated Counselling and Testing"}, "facility": {"code": 17647}}, {"service": {"name": "Management of STIs"}, "facility": {"code": 17647}}, {"service": {"name": "Condom Promotion and Distribution"}, "facility": {"code": 17647}}, {"service": {"name": "Long Term FP"}, "facility": {"code": 14366}}, {"service": {"name": "ENT Services"}, "facility": {"code": 14289}}, {"service": {"name": "Oral Health Services (Dental Services)"}, "facility": {"code": 14289}}, {"service": {"name": "Emergency Obstetric Care"}, "facility": {"code": 14289}}, {"service": {"name": "Environmental Health Services"}, "facility": {"code": 14289}}, {"service": {"name": "Services for Sexual Violence Survivors"}, "facility": {"code": 14289}}, {"service": {"name": "Mental Health Services"}, "facility": {"code": 14289}}, {"service": {"name": "Opthalmic Services"}, "facility": {"code": 14289}}, {"service": {"name": "Nutrition Services"}, "facility": {"code": 14289}}, {"service": {"name": "Ambulance Sevices"}, "facility": {"code": 14289}}, {"service": {"name": "Laboratory Services"}, "facility": {"code": 14289}}, {"service": {"name": "Surgical Services"}, "facility": {"code": 14289}}, {"service": {"name": "Maternity Services"}, "facility": {"code": 14289}}, {"service": {"name": "Curative Services"}, "facility": {"code": 14289}}, {"service": {"name": "First Line Treatment"}, "facility": {"code": 14289}}, {"service": {"name": "Smear Microscopy"}, "facility": {"code": 14289}}, {"service": {"name": "Immunization with additional vaccines"}, "facility": {"code": 14289}}, {"service": {"name": "Basic Immunization"}, "facility": {"code": 14289}}, {"service": {"name": "Focused Antenatal Care"}, "facility": {"code": 14289}}, {"service": {"name": "Long Term FP"}, "facility": {"code": 14289}}, {"service": {"name": "Short Term FP"}, "facility": {"code": 14289}}, {"service": {"name": "Adult Antiretroviral Therapy"}, "facility": {"code": 14289}}, {"service": {"name": "Paediatric Antiretroviral Therapy"}, "facility": {"code": 14289}}, {"service": {"name": "Post Exposure Prophylaxis"}, "facility": {"code": 14289}}, {"service": {"name": "PMTCT - Maternity"}, "facility": {"code": 14289}}, {"service": {"name": "PMTCT - ANC"}, "facility": {"code": 14289}}, {"service": {"name": "Early Infant Diagnosis"}, "facility": {"code": 14289}}, {"service": {"name": "Diagnostic Counselling and Testing"}, "facility": {"code": 14289}}, {"service": {"name": "Provider Initiated Counselling and Testing"}, "facility": {"code": 14289}}, {"service": {"name": "Management of STIs"}, "facility": {"code": 14289}}, {"service": {"name": "Condom Promotion and Distribution"}, "facility": {"code": 14289}}, {"service": {"name": "Emergency Preparedness"}, "facility": {"code": 14718}}, {"service": {"name": "ENT Services"}, "facility": {"code": 14718}}, {"service": {"name": "Oral Health Services (Dental Services)"}, "facility": {"code": 14718}}, {"service": {"name": "Emergency Obstetric Care"}, "facility": {"code": 14718}}, {"service": {"name": "Environmental Health Services"}, "facility": {"code": 14718}}, {"service": {"name": "Mental Health Services"}, "facility": {"code": 14718}}, {"service": {"name": "Opthalmic Services"}, "facility": {"code": 14718}}, {"service": {"name": "Nutrition Services"}, "facility": {"code": 14718}}, {"service": {"name": "Surgical Services"}, "facility": {"code": 14718}}, {"service": {"name": "Maternity Services"}, "facility": {"code": 14718}}, {"service": {"name": "Curative Services"}, "facility": {"code": 14718}}, {"service": {"name": "Basic Immunization"}, "facility": {"code": 14718}}, {"service": {"name": "Focused Antenatal Care"}, "facility": {"code": 14718}}, {"service": {"name": "Short Term FP"}, "facility": {"code": 14718}}, {"service": {"name": "Management of STIs"}, "facility": {"code": 14718}}, {"service": {"name": "Condom Promotion and Distribution"}, "facility": {"code": 14718}}, {"service": {"name": "Emergency Preparedness"}, "facility": {"code": 14507}}, {"service": {"name": "ENT Services"}, "facility": {"code": 14507}}, {"service": {"name": "Oral Health Services (Dental Services)"}, "facility": {"code": 14507}}, {"service": {"name": "Emergency Obstetric Care"}, "facility": {"code": 14507}}, {"service": {"name": "Environmental Health Services"}, "facility": {"code": 14507}}, {"service": {"name": "Mental Health Services"}, "facility": {"code": 14507}}, {"service": {"name": "Opthalmic Services"}, "facility": {"code": 14507}}, {"service": {"name": "Nutrition Services"}, "facility": {"code": 14507}}, {"service": {"name": "Surgical Services"}, "facility": {"code": 14507}}, {"service": {"name": "Maternity Services"}, "facility": {"code": 14507}}, {"service": {"name": "Curative Services"}, "facility": {"code": 14507}}, {"service": {"name": "Short Term FP"}, "facility": {"code": 14507}}, {"service": {"name": "Emergency Obstetric Care"}, "facility": {"code": 17013}}, {"service": {"name": "Environmental Health Services"}, "facility": {"code": 17013}}, {"service": {"name": "Nutrition Services"}, "facility": {"code": 17013}}, {"service": {"name": "Curative Services"}, "facility": {"code": 17013}}, {"service": {"name": "Immunization with additional vaccines"}, "facility": {"code": 17013}}, {"service": {"name": "Basic Immunization"}, "facility": {"code": 17013}}, {"service": {"name": "Short Term FP"}, "facility": {"code": 17013}}, {"service": {"name": "Management of STIs"}, "facility": {"code": 17013}}, {"service": {"name": "Condom Promotion and Distribution"}, "facility": {"code": 17013}}, {"service": {"name": "Environmental Health Services"}, "facility": {"code": 15598}}, {"service": {"name": "Nutrition Services"}, "facility": {"code": 15598}}, {"service": {"name": "Laboratory Services"}, "facility": {"code": 15598}}, {"service": {"name": "Early Infant Diagnosis"}, "facility": {"code": 15598}}, {"service": {"name": "Diagnostic Counselling and Testing"}, "facility": {"code": 15598}}, {"service": {"name": "Environmental Health Services"}, "facility": {"code": 15597}}, {"service": {"name": "Nutrition Services"}, "facility": {"code": 15597}}, {"service": {"name": "Provider Initiated Counselling and Testing"}, "facility": {"code": 15597}}, {"service": {"name": "Environmental Health Services"}, "facility": {"code": 15591}}, {"service": {"name": "Environmental Health Services"}, "facility": {"code": 15030}}, {"service": {"name": "Nutrition Services"}, "facility": {"code": 14858}}, {"service": {"name": "Environmental Health Services"}, "facility": {"code": 14858}}, {"service": {"name": "Environmental Health Services"}, "facility": {"code": 14847}}, {"service": {"name": "Integrated Management of Childhood Illnesses"}, "facility": {"code": 14847}}, {"service": {"name": "Nutrition Services"}, "facility": {"code": 14844}}, {"service": {"name": "Environmental Health Services"}, "facility": {"code": 14917}}, {"service": {"name": "Nutrition Services"}, "facility": {"code": 14917}}, {"service": {"name": "Integrated Management of Childhood Illnesses"}, "facility": {"code": 14673}}, {"service": {"name": "Environmental Health Services"}, "facility": {"code": 14673}}, {"service": {"name": "Curative Services"}, "facility": {"code": 12391}}, {"service": {"name": "Basic Immunization"}, "facility": {"code": 12391}}, {"service": {"name": "Short Term FP"}, "facility": {"code": 12391}}, {"service": {"name": "PMTCT - ANC"}, "facility": {"code": 12391}}, {"service": {"name": "Diagnostic Counselling and Testing"}, "facility": {"code": 12391}}, {"service": {"name": "Management of STIs"}, "facility": {"code": 12391}}, {"service": {"name": "Condom Promotion and Distribution"}, "facility": {"code": 12391}}, {"service": {"name": "Curative Services"}, "facility": {"code": 17645}}, {"service": {"name": "Immunization with additional vaccines"}, "facility": {"code": 17645}}, {"service": {"name": "Basic Immunization"}, "facility": {"code": 17645}}, {"service": {"name": "Short Term FP"}, "facility": {"code": 17645}}, {"service": {"name": "PMTCT - ANC"}, "facility": {"code": 17645}}, {"service": {"name": "Diagnostic Counselling and Testing"}, "facility": {"code": 17645}}, {"service": {"name": "Provider Initiated Counselling and Testing"}, "facility": {"code": 17645}}, {"service": {"name": "Management of STIs"}, "facility": {"code": 17645}}, {"service": {"name": "Condom Promotion and Distribution"}, "facility": {"code": 17645}}, {"service": {"name": "Curative Services"}, "facility": {"code": 17644}}, {"service": {"name": "Short Term FP"}, "facility": {"code": 17644}}, {"service": {"name": "PMTCT - ANC"}, "facility": {"code": 17644}}, {"service": {"name": "Diagnostic Counselling and Testing"}, "facility": {"code": 17644}}, {"service": {"name": "Provider Initiated Counselling and Testing"}, "facility": {"code": 17644}}, {"service": {"name": "Management of STIs"}, "facility": {"code": 17644}}, {"service": {"name": "Condom Promotion and Distribution"}, "facility": {"code": 17644}}, {"service": {"name": "Oral Health Services (Dental Services)"}, "facility": {"code": 15559}}, {"service": {"name": "Emergency Obstetric Care"}, "facility": {"code": 15559}}, {"service": {"name": "Nutrition Services"}, "facility": {"code": 15559}}, {"service": {"name": "Integrated Management of Childhood Illnesses"}, "facility": {"code": 15559}}, {"service": {"name": "Ambulance Sevices"}, "facility": {"code": 15559}}, {"service": {"name": "Laboratory Services"}, "facility": {"code": 15559}}, {"service": {"name": "Surgical Services"}, "facility": {"code": 15559}}, {"service": {"name": "Maternity Services"}, "facility": {"code": 15559}}, {"service": {"name": "Curative Services"}, "facility": {"code": 15559}}, {"service": {"name": "Mortuary Services"}, "facility": {"code": 15559}}, {"service": {"name": "Facility Based Blood Transfusion Service"}, "facility": {"code": 15559}}, {"service": {"name": "First Line Treatment"}, "facility": {"code": 15559}}, {"service": {"name": "Tuberculosis Culture"}, "facility": {"code": 15559}}, {"service": {"name": "Smear Microscopy"}, "facility": {"code": 15559}}, {"service": {"name": "Immunization with additional vaccines"}, "facility": {"code": 15559}}, {"service": {"name": "Basic Immunization"}, "facility": {"code": 15559}}, {"service": {"name": "Focused Antenatal Care"}, "facility": {"code": 15559}}, {"service": {"name": "Permanent FP"}, "facility": {"code": 15559}}, {"service": {"name": "Long Term FP"}, "facility": {"code": 15559}}, {"service": {"name": "Short Term FP"}, "facility": {"code": 15559}}, {"service": {"name": "Home Based Care"}, "facility": {"code": 15559}}, {"service": {"name": "Adult Antiretroviral Therapy"}, "facility": {"code": 15559}}, {"service": {"name": "Paediatric Antiretroviral Therapy"}, "facility": {"code": 15559}}, {"service": {"name": "Post Exposure Prophylaxis"}, "facility": {"code": 15559}}, {"service": {"name": "PMTCT - Maternity"}, "facility": {"code": 15559}}, {"service": {"name": "PMTCT - ANC"}, "facility": {"code": 15559}}, {"service": {"name": "Early Infant Diagnosis"}, "facility": {"code": 15559}}, {"service": {"name": "Diagnostic Counselling and Testing"}, "facility": {"code": 15559}}, {"service": {"name": "Provider Initiated Counselling and Testing"}, "facility": {"code": 15559}}, {"service": {"name": "Voluntary Counselling and Testing"}, "facility": {"code": 15559}}, {"service": {"name": "Management of STIs"}, "facility": {"code": 15559}}], "unique_fields": ["facility", "service"], "model": "facilities.FacilityService"}]