[{"records": [{"service": {"name": "PMTCT - Maternity"}, "facility": {"code": 10829}}, {"service": {"name": "Voluntary Male Circumcision"}, "facility": {"code": 10829}}, {"service": {"name": "Post Exposure Prophylaxis"}, "facility": {"code": 10829}}, {"service": {"name": "PMTCT - ANC"}, "facility": {"code": 10829}}, {"service": {"name": "Early Infant Diagnosis"}, "facility": {"code": 10829}}, {"service": {"name": "Diagnostic Counselling and Testing"}, "facility": {"code": 10829}}, {"service": {"name": "Provider Initiated Counselling and Testing"}, "facility": {"code": 10829}}, {"service": {"name": "Voluntary Counselling and Testing"}, "facility": {"code": 10829}}, {"service": {"name": "Management of STIs"}, "facility": {"code": 10829}}, {"service": {"name": "Basic Immunization"}, "facility": {"code": 10829}}, {"service": {"name": "Condom Promotion and Distribution"}, "facility": {"code": 10829}}, {"service": {"name": "Long Term FP"}, "facility": {"code": 10829}}, {"service": {"name": "Short Term FP"}, "facility": {"code": 10829}}, {"service": {"name": "Focused Antenatal Care"}, "facility": {"code": 10829}}, {"service": {"name": "Nutrition Services"}, "facility": {"code": 10829}}, {"service": {"name": "Integrated Management of Childhood Illnesses"}, "facility": {"code": 10829}}, {"service": {"name": "Laboratory Services"}, "facility": {"code": 10829}}, {"service": {"name": "Maternity Services"}, "facility": {"code": 10829}}, {"service": {"name": "Curative Services"}, "facility": {"code": 10829}}, {"service": {"name": "Oral Health Services (Dental Services)"}, "facility": {"code": 17523}}, {"service": {"name": "Emergency Obstetric Care"}, "facility": {"code": 17523}}, {"service": {"name": "Curative Services"}, "facility": {"code": 17523}}, {"service": {"name": "Basic Immunization"}, "facility": {"code": 17523}}, {"service": {"name": "Paediatric Antiretroviral Therapy"}, "facility": {"code": 17523}}, {"service": {"name": "Post Exposure Prophylaxis"}, "facility": {"code": 17523}}, {"service": {"name": "Diagnostic Counselling and Testing"}, "facility": {"code": 17523}}, {"service": {"name": "Early Infant Diagnosis"}, "facility": {"code": 17523}}, {"service": {"name": "Management of STIs"}, "facility": {"code": 17523}}, {"service": {"name": "Condom Promotion and Distribution"}, "facility": {"code": 17523}}, {"service": {"name": "Oral Health Services (Dental Services)"}, "facility": {"code": 17521}}, {"service": {"name": "Emergency Obstetric Care"}, "facility": {"code": 17521}}, {"service": {"name": "Environmental Health Services"}, "facility": {"code": 17521}}, {"service": {"name": "Maternity Services"}, "facility": {"code": 17521}}, {"service": {"name": "Curative Services"}, "facility": {"code": 17521}}, {"service": {"name": "Basic Immunization"}, "facility": {"code": 17521}}, {"service": {"name": "Focused Antenatal Care"}, "facility": {"code": 17521}}, {"service": {"name": "Post Exposure Prophylaxis"}, "facility": {"code": 17521}}, {"service": {"name": "PMTCT - ANC"}, "facility": {"code": 17521}}, {"service": {"name": "Early Infant Diagnosis"}, "facility": {"code": 17521}}, {"service": {"name": "Provider Initiated Counselling and Testing"}, "facility": {"code": 17521}}, {"service": {"name": "Management of STIs"}, "facility": {"code": 17521}}, {"service": {"name": "Condom Promotion and Distribution"}, "facility": {"code": 17521}}, {"service": {"name": "Emergency Obstetric Care"}, "facility": {"code": 17519}}, {"service": {"name": "Condom Promotion and Distribution"}, "facility": {"code": 17519}}, {"service": {"name": "PMTCT - ANC"}, "facility": {"code": 17519}}, {"service": {"name": "Provider Initiated Counselling and Testing"}, "facility": {"code": 17519}}, {"service": {"name": "Emergency Obstetric Care"}, "facility": {"code": 16108}}, {"service": {"name": "Environmental Health Services"}, "facility": {"code": 16108}}, {"service": {"name": "Curative Services"}, "facility": {"code": 16108}}, {"service": {"name": "Basic Immunization"}, "facility": {"code": 16108}}, {"service": {"name": "Long Term FP"}, "facility": {"code": 16108}}, {"service": {"name": "Short Term FP"}, "facility": {"code": 16108}}, {"service": {"name": "Emergency Obstetric Care"}, "facility": {"code": 17517}}, {"service": {"name": "Early Infant Diagnosis"}, "facility": {"code": 16108}}, {"service": {"name": "Provider Initiated Counselling and Testing"}, "facility": {"code": 16108}}, {"service": {"name": "Management of STIs"}, "facility": {"code": 16108}}, {"service": {"name": "Laboratory Services"}, "facility": {"code": 17517}}, {"service": {"name": "Maternity Services"}, "facility": {"code": 17517}}, {"service": {"name": "Curative Services"}, "facility": {"code": 17517}}, {"service": {"name": "Basic Immunization"}, "facility": {"code": 17517}}, {"service": {"name": "Focused Antenatal Care"}, "facility": {"code": 17517}}, {"service": {"name": "PMTCT - ANC"}, "facility": {"code": 17517}}, {"service": {"name": "Diagnostic Counselling and Testing"}, "facility": {"code": 17517}}, {"service": {"name": "Provider Initiated Counselling and Testing"}, "facility": {"code": 17517}}, {"service": {"name": "Management of STIs"}, "facility": {"code": 17517}}, {"service": {"name": "Voluntary Counselling and Testing"}, "facility": {"code": 17512}}, {"service": {"name": "Integrated Management of Childhood Illnesses"}, "facility": {"code": 17516}}, {"service": {"name": "Condom Promotion and Distribution"}, "facility": {"code": 16108}}, {"service": {"name": "Ambulance Sevices"}, "facility": {"code": 17516}}, {"service": {"name": "Laboratory Services"}, "facility": {"code": 17516}}, {"service": {"name": "Maternity Services"}, "facility": {"code": 17516}}, {"service": {"name": "Surgical Services"}, "facility": {"code": 17516}}, {"service": {"name": "Curative Services"}, "facility": {"code": 17516}}, {"service": {"name": "First Line Treatment"}, "facility": {"code": 17516}}, {"service": {"name": "Smear Microscopy"}, "facility": {"code": 17516}}, {"service": {"name": "Focused Antenatal Care"}, "facility": {"code": 17516}}, {"service": {"name": "Adult Antiretroviral Therapy"}, "facility": {"code": 17516}}, {"service": {"name": "Paediatric Antiretroviral Therapy"}, "facility": {"code": 17516}}, {"service": {"name": "Early Infant Diagnosis"}, "facility": {"code": 17516}}, {"service": {"name": "Post Exposure Prophylaxis"}, "facility": {"code": 17516}}, {"service": {"name": "Voluntary Male Circumcision"}, "facility": {"code": 17516}}, {"service": {"name": "Diagnostic Counselling and Testing"}, "facility": {"code": 17516}}, {"service": {"name": "Provider Initiated Counselling and Testing"}, "facility": {"code": 17516}}, {"service": {"name": "Voluntary Counselling and Testing"}, "facility": {"code": 17516}}, {"service": {"name": "Management of STIs"}, "facility": {"code": 17516}}, {"service": {"name": "Oral Health Services (Dental Services)"}, "facility": {"code": 17516}}, {"service": {"name": "Emergency Obstetric Care"}, "facility": {"code": 17516}}, {"service": {"name": "Short Term FP"}, "facility": {"code": 17516}}, {"service": {"name": "PMTCT - Maternity"}, "facility": {"code": 17516}}, {"service": {"name": "PMTCT - ANC"}, "facility": {"code": 17516}}, {"service": {"name": "Condom Promotion and Distribution"}, "facility": {"code": 17516}}, {"service": {"name": "Oral Health Services (Dental Services)"}, "facility": {"code": 17515}}, {"service": {"name": "Emergency Obstetric Care"}, "facility": {"code": 17515}}, {"service": {"name": "Basic Immunization"}, "facility": {"code": 17515}}, {"service": {"name": "PMTCT - Maternity"}, "facility": {"code": 17515}}, {"service": {"name": "PMTCT - ANC"}, "facility": {"code": 17515}}, {"service": {"name": "Provider Initiated Counselling and Testing"}, "facility": {"code": 17515}}, {"service": {"name": "Condom Promotion and Distribution"}, "facility": {"code": 17515}}, {"service": {"name": "PMTCT - ANC"}, "facility": {"code": 17513}}, {"service": {"name": "Emergency Obstetric Care"}, "facility": {"code": 17513}}, {"service": {"name": "Oral Health Services (Dental Services)"}, "facility": {"code": 17512}}, {"service": {"name": "Emergency Obstetric Care"}, "facility": {"code": 17512}}, {"service": {"name": "Maternity Services"}, "facility": {"code": 17512}}, {"service": {"name": "Curative Services"}, "facility": {"code": 17512}}, {"service": {"name": "Basic Immunization"}, "facility": {"code": 17512}}, {"service": {"name": "Short Term FP"}, "facility": {"code": 17512}}, {"service": {"name": "Adult Antiretroviral Therapy"}, "facility": {"code": 17512}}, {"service": {"name": "Paediatric Antiretroviral Therapy"}, "facility": {"code": 17512}}, {"service": {"name": "PMTCT - Maternity"}, "facility": {"code": 17512}}, {"service": {"name": "PMTCT - ANC"}, "facility": {"code": 17512}}, {"service": {"name": "Provider Initiated Counselling and Testing"}, "facility": {"code": 17512}}, {"service": {"name": "Management of STIs"}, "facility": {"code": 17512}}, {"service": {"name": "Condom Promotion and Distribution"}, "facility": {"code": 17512}}, {"service": {"name": "Emergency Preparedness"}, "facility": {"code": 17511}}, {"service": {"name": "Emergency Obstetric Care"}, "facility": {"code": 17511}}, {"service": {"name": "Surgical Services"}, "facility": {"code": 17511}}, {"service": {"name": "Curative Services"}, "facility": {"code": 17511}}, {"service": {"name": "Integrated Services"}, "facility": {"code": 17511}}, {"service": {"name": "Diagnostic Counselling and Testing"}, "facility": {"code": 17511}}, {"service": {"name": "Provider Initiated Counselling and Testing"}, "facility": {"code": 17511}}, {"service": {"name": "Condom Promotion and Distribution"}, "facility": {"code": 17511}}, {"service": {"name": "Management of STIs"}, "facility": {"code": 17511}}, {"service": {"name": "Short Term FP"}, "facility": {"code": 17510}}, {"service": {"name": "Emergency Preparedness"}, "facility": {"code": 17507}}, {"service": {"name": "Nutrition Services"}, "facility": {"code": 17507}}, {"service": {"name": "Integrated Management of Childhood Illnesses"}, "facility": {"code": 17507}}, {"service": {"name": "Surgical Services"}, "facility": {"code": 17507}}, {"service": {"name": "Curative Services"}, "facility": {"code": 17507}}, {"service": {"name": "Focused Antenatal Care"}, "facility": {"code": 17507}}, {"service": {"name": "Basic Immunization"}, "facility": {"code": 17507}}, {"service": {"name": "Integrated Services"}, "facility": {"code": 17507}}, {"service": {"name": "Long Term FP"}, "facility": {"code": 17507}}, {"service": {"name": "Short Term FP"}, "facility": {"code": 17507}}, {"service": {"name": "Voluntary Male Circumcision"}, "facility": {"code": 17507}}, {"service": {"name": "PMTCT - ANC"}, "facility": {"code": 17507}}, {"service": {"name": "PMTCT - Maternity"}, "facility": {"code": 17507}}, {"service": {"name": "Early Infant Diagnosis"}, "facility": {"code": 17507}}, {"service": {"name": "Diagnostic Counselling and Testing"}, "facility": {"code": 17507}}, {"service": {"name": "Provider Initiated Counselling and Testing"}, "facility": {"code": 17507}}, {"service": {"name": "Voluntary Counselling and Testing"}, "facility": {"code": 17507}}, {"service": {"name": "Management of STIs"}, "facility": {"code": 17507}}, {"service": {"name": "Condom Promotion and Distribution"}, "facility": {"code": 17507}}, {"service": {"name": "Provider Initiated Counselling and Testing"}, "facility": {"code": 15383}}, {"service": {"name": "Provider Initiated Counselling and Testing"}, "facility": {"code": 17504}}, {"service": {"name": "Emergency Obstetric Care"}, "facility": {"code": 17503}}, {"service": {"name": "Provider Initiated Counselling and Testing"}, "facility": {"code": 17503}}, {"service": {"name": "Emergency Obstetric Care"}, "facility": {"code": 17502}}, {"service": {"name": "Provider Initiated Counselling and Testing"}, "facility": {"code": 17502}}, {"service": {"name": "Provider Initiated Counselling and Testing"}, "facility": {"code": 17501}}, {"service": {"name": "Provider Initiated Counselling and Testing"}, "facility": {"code": 14318}}, {"service": {"name": "Emergency Obstetric Care"}, "facility": {"code": 14313}}, {"service": {"name": "Emergency Obstetric Care"}, "facility": {"code": 17499}}, {"service": {"name": "Surgical Services"}, "facility": {"code": 17499}}, {"service": {"name": "Maternity Services"}, "facility": {"code": 17499}}, {"service": {"name": "Curative Services"}, "facility": {"code": 17499}}, {"service": {"name": "Basic Immunization"}, "facility": {"code": 17499}}, {"service": {"name": "Focused Antenatal Care"}, "facility": {"code": 17499}}, {"service": {"name": "Short Term FP"}, "facility": {"code": 17499}}, {"service": {"name": "Post Exposure Prophylaxis"}, "facility": {"code": 17499}}, {"service": {"name": "PMTCT - Maternity"}, "facility": {"code": 17499}}, {"service": {"name": "PMTCT - ANC"}, "facility": {"code": 17499}}, {"service": {"name": "Early Infant Diagnosis"}, "facility": {"code": 17499}}, {"service": {"name": "Diagnostic Counselling and Testing"}, "facility": {"code": 17499}}, {"service": {"name": "Provider Initiated Counselling and Testing"}, "facility": {"code": 17499}}, {"service": {"name": "Voluntary Counselling and Testing"}, "facility": {"code": 17499}}, {"service": {"name": "Management of STIs"}, "facility": {"code": 17499}}, {"service": {"name": "Condom Promotion and Distribution"}, "facility": {"code": 17499}}, {"service": {"name": "Emergency Obstetric Care"}, "facility": {"code": 13473}}, {"service": {"name": "Basic Immunization"}, "facility": {"code": 13473}}, {"service": {"name": "Focused Antenatal Care"}, "facility": {"code": 13473}}, {"service": {"name": "Adult Antiretroviral Therapy"}, "facility": {"code": 13473}}, {"service": {"name": "Paediatric Antiretroviral Therapy"}, "facility": {"code": 13473}}, {"service": {"name": "PMTCT - Maternity"}, "facility": {"code": 13473}}, {"service": {"name": "PMTCT - ANC"}, "facility": {"code": 13473}}, {"service": {"name": "Early Infant Diagnosis"}, "facility": {"code": 13473}}, {"service": {"name": "Provider Initiated Counselling and Testing"}, "facility": {"code": 13473}}, {"service": {"name": "Management of STIs"}, "facility": {"code": 13473}}, {"service": {"name": "Dental Laboratory Services"}, "facility": {"code": 14080}}, {"service": {"name": "Oral Health Services (Dental Services)"}, "facility": {"code": 14080}}, {"service": {"name": "Emergency Obstetric Care"}, "facility": {"code": 14080}}, {"service": {"name": "Rehabilitative Health Services - Physiotherapy"}, "facility": {"code": 14080}}, {"service": {"name": "Services for Sexual Violence Survivors"}, "facility": {"code": 14080}}, {"service": {"name": "Opthalmic Services"}, "facility": {"code": 14080}}, {"service": {"name": "Nutrition Services"}, "facility": {"code": 14080}}, {"service": {"name": "Integrated Management of Childhood Illnesses"}, "facility": {"code": 14080}}, {"service": {"name": "Ambulance Sevices"}, "facility": {"code": 14080}}, {"service": {"name": "Laboratory Services"}, "facility": {"code": 14080}}, {"service": {"name": "Radiology Services"}, "facility": {"code": 14080}}, {"service": {"name": "Surgical Services"}, "facility": {"code": 14080}}, {"service": {"name": "Maternity Services"}, "facility": {"code": 14080}}, {"service": {"name": "Curative Services"}, "facility": {"code": 14080}}, {"service": {"name": "First Line Treatment"}, "facility": {"code": 14080}}, {"service": {"name": "Smear Microscopy"}, "facility": {"code": 14080}}, {"service": {"name": "Tuberculosis Culture"}, "facility": {"code": 14080}}, {"service": {"name": "Immunization with additional vaccines"}, "facility": {"code": 14080}}, {"service": {"name": "Basic Immunization"}, "facility": {"code": 14080}}, {"service": {"name": "Focused Antenatal Care"}, "facility": {"code": 14080}}, {"service": {"name": "Long Term FP"}, "facility": {"code": 14080}}, {"service": {"name": "Short Term FP"}, "facility": {"code": 14080}}, {"service": {"name": "Home Based Care"}, "facility": {"code": 14080}}, {"service": {"name": "Adult Antiretroviral Therapy"}, "facility": {"code": 14080}}, {"service": {"name": "Paediatric Antiretroviral Therapy"}, "facility": {"code": 14080}}, {"service": {"name": "Post Exposure Prophylaxis"}, "facility": {"code": 14080}}, {"service": {"name": "Voluntary Male Circumcision"}, "facility": {"code": 14080}}, {"service": {"name": "PMTCT - Maternity"}, "facility": {"code": 14080}}, {"service": {"name": "Voluntary Counselling and Testing"}, "facility": {"code": 14080}}, {"service": {"name": "Management of STIs"}, "facility": {"code": 14080}}, {"service": {"name": "PMTCT - ANC"}, "facility": {"code": 14080}}, {"service": {"name": "Early Infant Diagnosis"}, "facility": {"code": 14080}}, {"service": {"name": "Provider Initiated Counselling and Testing"}, "facility": {"code": 14080}}, {"service": {"name": "Condom Promotion and Distribution"}, "facility": {"code": 14080}}, {"service": {"name": "Integrated Management of Childhood Illnesses"}, "facility": {"code": 13600}}, {"service": {"name": "Maternity Services"}, "facility": {"code": 13600}}, {"service": {"name": "Curative Services"}, "facility": {"code": 13600}}, {"service": {"name": "First Line Treatment"}, "facility": {"code": 13600}}, {"service": {"name": "Basic Immunization"}, "facility": {"code": 13600}}, {"service": {"name": "Focused Antenatal Care"}, "facility": {"code": 13600}}, {"service": {"name": "Short Term FP"}, "facility": {"code": 13600}}, {"service": {"name": "Adult Antiretroviral Therapy"}, "facility": {"code": 13600}}, {"service": {"name": "Paediatric Antiretroviral Therapy"}, "facility": {"code": 13600}}, {"service": {"name": "Post Exposure Prophylaxis"}, "facility": {"code": 13600}}, {"service": {"name": "Voluntary Male Circumcision"}, "facility": {"code": 13600}}, {"service": {"name": "PMTCT - ANC"}, "facility": {"code": 13600}}, {"service": {"name": "PMTCT - Maternity"}, "facility": {"code": 13600}}, {"service": {"name": "Early Infant Diagnosis"}, "facility": {"code": 13600}}, {"service": {"name": "Provider Initiated Counselling and Testing"}, "facility": {"code": 13600}}, {"service": {"name": "Voluntary Counselling and Testing"}, "facility": {"code": 13600}}, {"service": {"name": "Management of STIs"}, "facility": {"code": 13600}}, {"service": {"name": "Condom Promotion and Distribution"}, "facility": {"code": 13600}}, {"service": {"name": "Emergency Obstetric Care"}, "facility": {"code": 13056}}, {"service": {"name": "Nutrition Services"}, "facility": {"code": 13056}}, {"service": {"name": "Ambulance Sevices"}, "facility": {"code": 13056}}, {"service": {"name": "Curative Services"}, "facility": {"code": 13056}}, {"service": {"name": "Immunization with additional vaccines"}, "facility": {"code": 13056}}, {"service": {"name": "Basic Immunization"}, "facility": {"code": 13056}}, {"service": {"name": "Focused Antenatal Care"}, "facility": {"code": 13056}}, {"service": {"name": "Long Term FP"}, "facility": {"code": 13056}}, {"service": {"name": "Short Term FP"}, "facility": {"code": 13056}}, {"service": {"name": "Adult Antiretroviral Therapy"}, "facility": {"code": 13056}}, {"service": {"name": "Paediatric Antiretroviral Therapy"}, "facility": {"code": 13056}}, {"service": {"name": "Voluntary Male Circumcision"}, "facility": {"code": 13056}}, {"service": {"name": "PMTCT - Maternity"}, "facility": {"code": 13056}}, {"service": {"name": "PMTCT - ANC"}, "facility": {"code": 13056}}, {"service": {"name": "Early Infant Diagnosis"}, "facility": {"code": 13056}}, {"service": {"name": "Diagnostic Counselling and Testing"}, "facility": {"code": 13056}}, {"service": {"name": "Provider Initiated Counselling and Testing"}, "facility": {"code": 13056}}, {"service": {"name": "Voluntary Counselling and Testing"}, "facility": {"code": 13056}}, {"service": {"name": "Condom Promotion and Distribution"}, "facility": {"code": 13056}}, {"service": {"name": "Nutrition Services"}, "facility": {"code": 17494}}, {"service": {"name": "Laboratory Services"}, "facility": {"code": 17494}}, {"service": {"name": "Curative Services"}, "facility": {"code": 17494}}, {"service": {"name": "First Line Treatment"}, "facility": {"code": 17494}}, {"service": {"name": "Smear Microscopy"}, "facility": {"code": 17494}}, {"service": {"name": "Basic Immunization"}, "facility": {"code": 17494}}, {"service": {"name": "Focused Antenatal Care"}, "facility": {"code": 17494}}, {"service": {"name": "Stand Alone Services"}, "facility": {"code": 17494}}, {"service": {"name": "Integrated Services"}, "facility": {"code": 17494}}, {"service": {"name": "Long Term FP"}, "facility": {"code": 17494}}, {"service": {"name": "Short Term FP"}, "facility": {"code": 17494}}, {"service": {"name": "Adult Antiretroviral Therapy"}, "facility": {"code": 17494}}, {"service": {"name": "Paediatric Antiretroviral Therapy"}, "facility": {"code": 17494}}, {"service": {"name": "Post Exposure Prophylaxis"}, "facility": {"code": 17494}}, {"service": {"name": "PMTCT - ANC"}, "facility": {"code": 17494}}, {"service": {"name": "Early Infant Diagnosis"}, "facility": {"code": 17494}}, {"service": {"name": "Diagnostic Counselling and Testing"}, "facility": {"code": 17494}}, {"service": {"name": "Provider Initiated Counselling and Testing"}, "facility": {"code": 17494}}, {"service": {"name": "Management of STIs"}, "facility": {"code": 17494}}, {"service": {"name": "Voluntary Counselling and Testing"}, "facility": {"code": 17494}}, {"service": {"name": "Condom Promotion and Distribution"}, "facility": {"code": 17494}}, {"service": {"name": "Emergency Preparedness"}, "facility": {"code": 14966}}, {"service": {"name": "Emergency Obstetric Care"}, "facility": {"code": 14966}}, {"service": {"name": "Curative Services"}, "facility": {"code": 14966}}, {"service": {"name": "Focused Antenatal Care"}, "facility": {"code": 14966}}, {"service": {"name": "Short Term FP"}, "facility": {"code": 14966}}, {"service": {"name": "Management of STIs"}, "facility": {"code": 14966}}, {"service": {"name": "Condom Promotion and Distribution"}, "facility": {"code": 14966}}, {"service": {"name": "Emergency Obstetric Care"}, "facility": {"code": 17492}}, {"service": {"name": "Laboratory Services"}, "facility": {"code": 17492}}, {"service": {"name": "Curative Services"}, "facility": {"code": 17492}}, {"service": {"name": "Short Term FP"}, "facility": {"code": 17492}}, {"service": {"name": "Diagnostic Counselling and Testing"}, "facility": {"code": 17492}}, {"service": {"name": "Provider Initiated Counselling and Testing"}, "facility": {"code": 17492}}, {"service": {"name": "Management of STIs"}, "facility": {"code": 17492}}, {"service": {"name": "Condom Promotion and Distribution"}, "facility": {"code": 17492}}, {"service": {"name": "Voluntary Counselling and Testing"}, "facility": {"code": 17489}}, {"service": {"name": "Environmental Health Services"}, "facility": {"code": 17488}}, {"service": {"name": "Curative Services"}, "facility": {"code": 17488}}, {"service": {"name": "PMTCT - Maternity"}, "facility": {"code": 17488}}, {"service": {"name": "Diagnostic Counselling and Testing"}, "facility": {"code": 17488}}, {"service": {"name": "Provider Initiated Counselling and Testing"}, "facility": {"code": 17488}}, {"service": {"name": "Management of STIs"}, "facility": {"code": 17488}}, {"service": {"name": "Condom Promotion and Distribution"}, "facility": {"code": 17488}}, {"service": {"name": "MDRTB Treatment"}, "facility": {"code": 15894}}, {"service": {"name": "Emergency Preparedness"}, "facility": {"code": 15839}}, {"service": {"name": "Emergency Obstetric Care"}, "facility": {"code": 15839}}, {"service": {"name": "Integrated Management of Childhood Illnesses"}, "facility": {"code": 15839}}, {"service": {"name": "Maternity Services"}, "facility": {"code": 15839}}, {"service": {"name": "Curative Services"}, "facility": {"code": 15839}}, {"service": {"name": "First Line Treatment"}, "facility": {"code": 15839}}, {"service": {"name": "Basic Immunization"}, "facility": {"code": 15839}}, {"service": {"name": "Focused Antenatal Care"}, "facility": {"code": 15839}}, {"service": {"name": "Integrated Services"}, "facility": {"code": 15839}}, {"service": {"name": "PMTCT - Maternity"}, "facility": {"code": 15839}}, {"service": {"name": "PMTCT - ANC"}, "facility": {"code": 15839}}, {"service": {"name": "Early Infant Diagnosis"}, "facility": {"code": 15839}}, {"service": {"name": "Diagnostic Counselling and Testing"}, "facility": {"code": 15839}}, {"service": {"name": "Provider Initiated Counselling and Testing"}, "facility": {"code": 15839}}, {"service": {"name": "Management of STIs"}, "facility": {"code": 15839}}, {"service": {"name": "Emergency Obstetric Care"}, "facility": {"code": 17481}}, {"service": {"name": "Maternity Services"}, "facility": {"code": 17481}}, {"service": {"name": "Curative Services"}, "facility": {"code": 17481}}, {"service": {"name": "Basic Immunization"}, "facility": {"code": 17481}}, {"service": {"name": "Focused Antenatal Care"}, "facility": {"code": 17481}}, {"service": {"name": "Short Term FP"}, "facility": {"code": 17481}}, {"service": {"name": "Post Exposure Prophylaxis"}, "facility": {"code": 17481}}, {"service": {"name": "PMTCT - ANC"}, "facility": {"code": 17481}}, {"service": {"name": "Diagnostic Counselling and Testing"}, "facility": {"code": 17481}}, {"service": {"name": "Provider Initiated Counselling and Testing"}, "facility": {"code": 17481}}, {"service": {"name": "Management of STIs"}, "facility": {"code": 17481}}, {"service": {"name": "Condom Promotion and Distribution"}, "facility": {"code": 17481}}, {"service": {"name": "ENT Services"}, "facility": {"code": 17476}}, {"service": {"name": "Emergency Preparedness"}, "facility": {"code": 17476}}, {"service": {"name": "Environmental Health Services"}, "facility": {"code": 17476}}, {"service": {"name": "Nutrition Services"}, "facility": {"code": 17476}}, {"service": {"name": "Curative Services"}, "facility": {"code": 17476}}, {"service": {"name": "Short Term FP"}, "facility": {"code": 17476}}, {"service": {"name": "Voluntary Counselling and Testing"}, "facility": {"code": 16461}}, {"service": {"name": "Condom Promotion and Distribution"}, "facility": {"code": 16461}}, {"service": {"name": "Stand Alone Services"}, "facility": {"code": 16461}}, {"service": {"name": "Emergency Obstetric Care"}, "facility": {"code": 16453}}, {"service": {"name": "First Line Treatment"}, "facility": {"code": 16453}}, {"service": {"name": "Early Infant Diagnosis"}, "facility": {"code": 16453}}, {"service": {"name": "Diagnostic Counselling and Testing"}, "facility": {"code": 16453}}, {"service": {"name": "Management of STIs"}, "facility": {"code": 16453}}, {"service": {"name": "Condom Promotion and Distribution"}, "facility": {"code": 16453}}, {"service": {"name": "Integrated Management of Childhood Illnesses"}, "facility": {"code": 16455}}, {"service": {"name": "Diagnostic Counselling and Testing"}, "facility": {"code": 16455}}, {"service": {"name": "Provider Initiated Counselling and Testing"}, "facility": {"code": 16455}}, {"service": {"name": "Management of STIs"}, "facility": {"code": 16455}}, {"service": {"name": "Voluntary Counselling and Testing"}, "facility": {"code": 17474}}, {"service": {"name": "Emergency Preparedness"}, "facility": {"code": 15921}}, {"service": {"name": "Emergency Obstetric Care"}, "facility": {"code": 15921}}, {"service": {"name": "Environmental Health Services"}, "facility": {"code": 15921}}, {"service": {"name": "Integrated Management of Childhood Illnesses"}, "facility": {"code": 15921}}, {"service": {"name": "Maternity Services"}, "facility": {"code": 15921}}, {"service": {"name": "Curative Services"}, "facility": {"code": 15921}}, {"service": {"name": "First Line Treatment"}, "facility": {"code": 15921}}, {"service": {"name": "Basic Immunization"}, "facility": {"code": 15921}}, {"service": {"name": "Focused Antenatal Care"}, "facility": {"code": 15921}}, {"service": {"name": "Integrated Services"}, "facility": {"code": 15921}}, {"service": {"name": "Short Term FP"}, "facility": {"code": 15921}}, {"service": {"name": "PMTCT - Maternity"}, "facility": {"code": 15921}}, {"service": {"name": "PMTCT - ANC"}, "facility": {"code": 15921}}, {"service": {"name": "Early Infant Diagnosis"}, "facility": {"code": 15921}}, {"service": {"name": "Diagnostic Counselling and Testing"}, "facility": {"code": 15921}}, {"service": {"name": "Provider Initiated Counselling and Testing"}, "facility": {"code": 15921}}, {"service": {"name": "Management of STIs"}, "facility": {"code": 15921}}, {"service": {"name": "Condom Promotion and Distribution"}, "facility": {"code": 15921}}, {"service": {"name": "First Line Treatment"}, "facility": {"code": 15809}}, {"service": {"name": "Emergency Preparedness"}, "facility": {"code": 15809}}, {"service": {"name": "Emergency Obstetric Care"}, "facility": {"code": 15809}}, {"service": {"name": "Integrated Management of Childhood Illnesses"}, "facility": {"code": 15809}}, {"service": {"name": "Laboratory Services"}, "facility": {"code": 15809}}, {"service": {"name": "Curative Services"}, "facility": {"code": 15809}}, {"service": {"name": "Smear Microscopy"}, "facility": {"code": 15809}}, {"service": {"name": "Focused Antenatal Care"}, "facility": {"code": 15809}}, {"service": {"name": "Integrated Services"}, "facility": {"code": 15809}}, {"service": {"name": "Short Term FP"}, "facility": {"code": 15809}}, {"service": {"name": "PMTCT - ANC"}, "facility": {"code": 15809}}, {"service": {"name": "Early Infant Diagnosis"}, "facility": {"code": 15809}}, {"service": {"name": "Diagnostic Counselling and Testing"}, "facility": {"code": 15809}}, {"service": {"name": "Provider Initiated Counselling and Testing"}, "facility": {"code": 15809}}, {"service": {"name": "Management of STIs"}, "facility": {"code": 15809}}, {"service": {"name": "Condom Promotion and Distribution"}, "facility": {"code": 15809}}, {"service": {"name": "Emergency Obstetric Care"}, "facility": {"code": 16117}}, {"service": {"name": "First Line Treatment"}, "facility": {"code": 16117}}, {"service": {"name": "Smear Microscopy"}, "facility": {"code": 16117}}, {"service": {"name": "Basic Immunization"}, "facility": {"code": 16117}}, {"service": {"name": "Focused Antenatal Care"}, "facility": {"code": 16117}}, {"service": {"name": "Integrated Services"}, "facility": {"code": 16117}}, {"service": {"name": "Short Term FP"}, "facility": {"code": 16117}}, {"service": {"name": "PMTCT - Maternity"}, "facility": {"code": 16117}}, {"service": {"name": "PMTCT - ANC"}, "facility": {"code": 16117}}, {"service": {"name": "Early Infant Diagnosis"}, "facility": {"code": 16117}}, {"service": {"name": "Diagnostic Counselling and Testing"}, "facility": {"code": 16117}}, {"service": {"name": "Provider Initiated Counselling and Testing"}, "facility": {"code": 16117}}, {"service": {"name": "Management of STIs"}, "facility": {"code": 16117}}, {"service": {"name": "Condom Promotion and Distribution"}, "facility": {"code": 16117}}, {"service": {"name": "Emergency Obstetric Care"}, "facility": {"code": 15913}}, {"service": {"name": "Mortuary Services"}, "facility": {"code": 15913}}, {"service": {"name": "Facility Based Blood Collection Service"}, "facility": {"code": 15913}}, {"service": {"name": "Emergency Preparedness"}, "facility": {"code": 15960}}, {"service": {"name": "Emergency Obstetric Care"}, "facility": {"code": 15960}}, {"service": {"name": "Environmental Health Services"}, "facility": {"code": 15960}}, {"service": {"name": "Laboratory Services"}, "facility": {"code": 15960}}, {"service": {"name": "Integrated Management of Childhood Illnesses"}, "facility": {"code": 15960}}, {"service": {"name": "Maternity Services"}, "facility": {"code": 15960}}, {"service": {"name": "Curative Services"}, "facility": {"code": 15960}}, {"service": {"name": "First Line Treatment"}, "facility": {"code": 15960}}, {"service": {"name": "Smear Microscopy"}, "facility": {"code": 15960}}, {"service": {"name": "Focused Antenatal Care"}, "facility": {"code": 15960}}, {"service": {"name": "Integrated Services"}, "facility": {"code": 15960}}, {"service": {"name": "Short Term FP"}, "facility": {"code": 15960}}, {"service": {"name": "PMTCT - Maternity"}, "facility": {"code": 15960}}, {"service": {"name": "PMTCT - ANC"}, "facility": {"code": 15960}}, {"service": {"name": "Early Infant Diagnosis"}, "facility": {"code": 15960}}, {"service": {"name": "Diagnostic Counselling and Testing"}, "facility": {"code": 15960}}, {"service": {"name": "Provider Initiated Counselling and Testing"}, "facility": {"code": 15960}}, {"service": {"name": "Management of STIs"}, "facility": {"code": 15960}}, {"service": {"name": "Condom Promotion and Distribution"}, "facility": {"code": 15960}}, {"service": {"name": "Emergency Preparedness"}, "facility": {"code": 15913}}, {"service": {"name": "ENT Services"}, "facility": {"code": 15913}}, {"service": {"name": "Oral Health Services (Dental Services)"}, "facility": {"code": 15913}}, {"service": {"name": "Environmental Health Services"}, "facility": {"code": 15913}}, {"service": {"name": "Integrated Management of Childhood Illnesses"}, "facility": {"code": 15913}}, {"service": {"name": "Ambulance Sevices"}, "facility": {"code": 15913}}, {"service": {"name": "Laboratory Services"}, "facility": {"code": 15913}}, {"service": {"name": "Radiology Services"}, "facility": {"code": 15913}}, {"service": {"name": "Surgical Services"}, "facility": {"code": 15913}}, {"service": {"name": "Maternity Services"}, "facility": {"code": 15913}}, {"service": {"name": "Curative Services"}, "facility": {"code": 15913}}, {"service": {"name": "First Line Treatment"}, "facility": {"code": 15913}}, {"service": {"name": "Home Based Care"}, "facility": {"code": 15913}}, {"service": {"name": "Post Exposure Prophylaxis"}, "facility": {"code": 15913}}, {"service": {"name": "Emergency Preparedness"}, "facility": {"code": 15894}}, {"service": {"name": "Emergency Obstetric Care"}, "facility": {"code": 15894}}, {"service": {"name": "First Line Treatment"}, "facility": {"code": 15894}}, {"service": {"name": "Smear Microscopy"}, "facility": {"code": 15894}}, {"service": {"name": "Basic Immunization"}, "facility": {"code": 15894}}, {"service": {"name": "Focused Antenatal Care"}, "facility": {"code": 15894}}, {"service": {"name": "Integrated Services"}, "facility": {"code": 15894}}, {"service": {"name": "Short Term FP"}, "facility": {"code": 15894}}, {"service": {"name": "Home Based Care"}, "facility": {"code": 15894}}, {"service": {"name": "Adult Antiretroviral Therapy"}, "facility": {"code": 15894}}, {"service": {"name": "Paediatric Antiretroviral Therapy"}, "facility": {"code": 15894}}, {"service": {"name": "Post Exposure Prophylaxis"}, "facility": {"code": 15894}}, {"service": {"name": "PMTCT - Maternity"}, "facility": {"code": 15894}}, {"service": {"name": "PMTCT - ANC"}, "facility": {"code": 15894}}, {"service": {"name": "Early Infant Diagnosis"}, "facility": {"code": 15894}}, {"service": {"name": "Diagnostic Counselling and Testing"}, "facility": {"code": 15894}}, {"service": {"name": "Provider Initiated Counselling and Testing"}, "facility": {"code": 15894}}, {"service": {"name": "Voluntary Counselling and Testing"}, "facility": {"code": 15894}}, {"service": {"name": "Management of STIs"}, "facility": {"code": 15894}}, {"service": {"name": "Condom Promotion and Distribution"}, "facility": {"code": 15894}}, {"service": {"name": "Emergency Obstetric Care"}, "facility": {"code": 16151}}, {"service": {"name": "Environmental Health Services"}, "facility": {"code": 16151}}, {"service": {"name": "Integrated Management of Childhood Illnesses"}, "facility": {"code": 16151}}, {"service": {"name": "Laboratory Services"}, "facility": {"code": 16151}}, {"service": {"name": "Maternity Services"}, "facility": {"code": 16151}}, {"service": {"name": "Curative Services"}, "facility": {"code": 16151}}, {"service": {"name": "First Line Treatment"}, "facility": {"code": 16151}}, {"service": {"name": "Smear Microscopy"}, "facility": {"code": 16151}}, {"service": {"name": "Basic Immunization"}, "facility": {"code": 16151}}, {"service": {"name": "Focused Antenatal Care"}, "facility": {"code": 16151}}, {"service": {"name": "Integrated Services"}, "facility": {"code": 16151}}, {"service": {"name": "Short Term FP"}, "facility": {"code": 16151}}, {"service": {"name": "Home Based Care"}, "facility": {"code": 16151}}, {"service": {"name": "Adult Antiretroviral Therapy"}, "facility": {"code": 16151}}, {"service": {"name": "Paediatric Antiretroviral Therapy"}, "facility": {"code": 16151}}, {"service": {"name": "Post Exposure Prophylaxis"}, "facility": {"code": 16151}}, {"service": {"name": "PMTCT - Maternity"}, "facility": {"code": 16151}}, {"service": {"name": "PMTCT - ANC"}, "facility": {"code": 16151}}, {"service": {"name": "Early Infant Diagnosis"}, "facility": {"code": 16151}}, {"service": {"name": "Diagnostic Counselling and Testing"}, "facility": {"code": 16151}}, {"service": {"name": "Provider Initiated Counselling and Testing"}, "facility": {"code": 16151}}, {"service": {"name": "Voluntary Counselling and Testing"}, "facility": {"code": 16151}}, {"service": {"name": "Management of STIs"}, "facility": {"code": 16151}}, {"service": {"name": "Condom Promotion and Distribution"}, "facility": {"code": 16151}}, {"service": {"name": "Emergency Preparedness"}, "facility": {"code": 16103}}, {"service": {"name": "Emergency Obstetric Care"}, "facility": {"code": 16103}}, {"service": {"name": "Environmental Health Services"}, "facility": {"code": 16103}}, {"service": {"name": "Nutrition Services"}, "facility": {"code": 16103}}, {"service": {"name": "Laboratory Services"}, "facility": {"code": 16103}}, {"service": {"name": "Maternity Services"}, "facility": {"code": 16103}}, {"service": {"name": "Curative Services"}, "facility": {"code": 16103}}, {"service": {"name": "First Line Treatment"}, "facility": {"code": 16103}}, {"service": {"name": "Smear Microscopy"}, "facility": {"code": 16103}}, {"service": {"name": "Basic Immunization"}, "facility": {"code": 16103}}, {"service": {"name": "Focused Antenatal Care"}, "facility": {"code": 16103}}, {"service": {"name": "Integrated Services"}, "facility": {"code": 16103}}, {"service": {"name": "Short Term FP"}, "facility": {"code": 16103}}, {"service": {"name": "Adult Antiretroviral Therapy"}, "facility": {"code": 16103}}, {"service": {"name": "Paediatric Antiretroviral Therapy"}, "facility": {"code": 16103}}, {"service": {"name": "Post Exposure Prophylaxis"}, "facility": {"code": 16103}}, {"service": {"name": "PMTCT - Maternity"}, "facility": {"code": 16103}}, {"service": {"name": "PMTCT - ANC"}, "facility": {"code": 16103}}, {"service": {"name": "Diagnostic Counselling and Testing"}, "facility": {"code": 16103}}, {"service": {"name": "Early Infant Diagnosis"}, "facility": {"code": 16103}}, {"service": {"name": "Provider Initiated Counselling and Testing"}, "facility": {"code": 16103}}, {"service": {"name": "Voluntary Counselling and Testing"}, "facility": {"code": 16103}}, {"service": {"name": "Management of STIs"}, "facility": {"code": 16103}}, {"service": {"name": "Condom Promotion and Distribution"}, "facility": {"code": 16103}}, {"service": {"name": "Emergency Preparedness"}, "facility": {"code": 17472}}, {"service": {"name": "ENT Services"}, "facility": {"code": 17472}}, {"service": {"name": "Oral Health Services (Dental Services)"}, "facility": {"code": 17472}}, {"service": {"name": "Surgical Services"}, "facility": {"code": 17472}}, {"service": {"name": "Curative Services"}, "facility": {"code": 17472}}, {"service": {"name": "Short Term FP"}, "facility": {"code": 17472}}, {"service": {"name": "Voluntary Male Circumcision"}, "facility": {"code": 17472}}, {"service": {"name": "Management of STIs"}, "facility": {"code": 17472}}, {"service": {"name": "Provider Initiated Counselling and Testing"}, "facility": {"code": 17472}}, {"service": {"name": "Early Infant Diagnosis"}, "facility": {"code": 15423}}, {"service": {"name": "Emergency Preparedness"}, "facility": {"code": 15423}}, {"service": {"name": "Emergency Obstetric Care"}, "facility": {"code": 15423}}, {"service": {"name": "Environmental Health Services"}, "facility": {"code": 15423}}, {"service": {"name": "Nutrition Services"}, "facility": {"code": 15423}}, {"service": {"name": "Ambulance Sevices"}, "facility": {"code": 15423}}, {"service": {"name": "Laboratory Services"}, "facility": {"code": 15423}}, {"service": {"name": "Surgical Services"}, "facility": {"code": 15423}}, {"service": {"name": "Maternity Services"}, "facility": {"code": 15423}}, {"service": {"name": "Curative Services"}, "facility": {"code": 15423}}, {"service": {"name": "Basic Immunization"}, "facility": {"code": 15423}}, {"service": {"name": "Focused Antenatal Care"}, "facility": {"code": 15423}}, {"service": {"name": "Short Term FP"}, "facility": {"code": 15423}}, {"service": {"name": "Post Exposure Prophylaxis"}, "facility": {"code": 15423}}, {"service": {"name": "PMTCT - Maternity"}, "facility": {"code": 15423}}, {"service": {"name": "PMTCT - ANC"}, "facility": {"code": 15423}}, {"service": {"name": "Diagnostic Counselling and Testing"}, "facility": {"code": 15423}}, {"service": {"name": "Provider Initiated Counselling and Testing"}, "facility": {"code": 15423}}, {"service": {"name": "Voluntary Counselling and Testing"}, "facility": {"code": 15423}}, {"service": {"name": "Management of STIs"}, "facility": {"code": 15423}}, {"service": {"name": "Condom Promotion and Distribution"}, "facility": {"code": 15423}}, {"service": {"name": "Emergency Preparedness"}, "facility": {"code": 17470}}, {"service": {"name": "Laboratory Services"}, "facility": {"code": 17470}}, {"service": {"name": "Surgical Services"}, "facility": {"code": 17470}}, {"service": {"name": "Curative Services"}, "facility": {"code": 17470}}, {"service": {"name": "Short Term FP"}, "facility": {"code": 17470}}, {"service": {"name": "Voluntary Male Circumcision"}, "facility": {"code": 17470}}, {"service": {"name": "Management of STIs"}, "facility": {"code": 17470}}, {"service": {"name": "Environmental Health Services"}, "facility": {"code": 15805}}, {"service": {"name": "Emergency Preparedness"}, "facility": {"code": 15805}}, {"service": {"name": "Integrated Management of Childhood Illnesses"}, "facility": {"code": 15805}}, {"service": {"name": "Laboratory Services"}, "facility": {"code": 15805}}, {"service": {"name": "Emergency Obstetric Care"}, "facility": {"code": 15805}}, {"service": {"name": "Maternity Services"}, "facility": {"code": 15805}}, {"service": {"name": "Curative Services"}, "facility": {"code": 15805}}, {"service": {"name": "Focused Antenatal Care"}, "facility": {"code": 15805}}, {"service": {"name": "Adult Antiretroviral Therapy"}, "facility": {"code": 15805}}, {"service": {"name": "Basic Immunization"}, "facility": {"code": 15805}}, {"service": {"name": "Stand Alone Services"}, "facility": {"code": 15805}}, {"service": {"name": "Integrated Services"}, "facility": {"code": 15805}}, {"service": {"name": "Smear Microscopy"}, "facility": {"code": 15805}}, {"service": {"name": "Long Term FP"}, "facility": {"code": 15805}}, {"service": {"name": "Short Term FP"}, "facility": {"code": 15805}}, {"service": {"name": "Home Based Care"}, "facility": {"code": 15805}}, {"service": {"name": "Paediatric Antiretroviral Therapy"}, "facility": {"code": 15805}}, {"service": {"name": "Post Exposure Prophylaxis"}, "facility": {"code": 15805}}, {"service": {"name": "PMTCT - Maternity"}, "facility": {"code": 15805}}, {"service": {"name": "PMTCT - ANC"}, "facility": {"code": 15805}}, {"service": {"name": "Early Infant Diagnosis"}, "facility": {"code": 15805}}, {"service": {"name": "Provider Initiated Counselling and Testing"}, "facility": {"code": 15805}}, {"service": {"name": "Management of STIs"}, "facility": {"code": 15805}}, {"service": {"name": "Condom Promotion and Distribution"}, "facility": {"code": 15805}}, {"service": {"name": "Emergency Preparedness"}, "facility": {"code": 17469}}, {"service": {"name": "ENT Services"}, "facility": {"code": 17469}}, {"service": {"name": "Emergency Obstetric Care"}, "facility": {"code": 17469}}, {"service": {"name": "Maternity Services"}, "facility": {"code": 17469}}, {"service": {"name": "Curative Services"}, "facility": {"code": 17469}}, {"service": {"name": "First Line Treatment"}, "facility": {"code": 17469}}, {"service": {"name": "Immunization with additional vaccines"}, "facility": {"code": 17469}}, {"service": {"name": "Basic Immunization"}, "facility": {"code": 17469}}, {"service": {"name": "Focused Antenatal Care"}, "facility": {"code": 17469}}, {"service": {"name": "Integrated Services"}, "facility": {"code": 17469}}, {"service": {"name": "Long Term FP"}, "facility": {"code": 17469}}, {"service": {"name": "Short Term FP"}, "facility": {"code": 17469}}, {"service": {"name": "Post Exposure Prophylaxis"}, "facility": {"code": 17469}}, {"service": {"name": "PMTCT - Maternity"}, "facility": {"code": 17469}}, {"service": {"name": "PMTCT - ANC"}, "facility": {"code": 17469}}, {"service": {"name": "Diagnostic Counselling and Testing"}, "facility": {"code": 17469}}, {"service": {"name": "Provider Initiated Counselling and Testing"}, "facility": {"code": 17469}}, {"service": {"name": "Management of STIs"}, "facility": {"code": 17469}}, {"service": {"name": "Condom Promotion and Distribution"}, "facility": {"code": 17469}}, {"service": {"name": "Emergency Obstetric Care"}, "facility": {"code": 12044}}, {"service": {"name": "Environmental Health Services"}, "facility": {"code": 12044}}, {"service": {"name": "Laboratory Services"}, "facility": {"code": 12044}}, {"service": {"name": "Curative Services"}, "facility": {"code": 12044}}, {"service": {"name": "First Line Treatment"}, "facility": {"code": 12044}}, {"service": {"name": "Smear Microscopy"}, "facility": {"code": 12044}}, {"service": {"name": "Provider Initiated Counselling and Testing"}, "facility": {"code": 12044}}, {"service": {"name": "Voluntary Counselling and Testing"}, "facility": {"code": 12044}}, {"service": {"name": "Management of STIs"}, "facility": {"code": 12044}}, {"service": {"name": "Focused Antenatal Care"}, "facility": {"code": 12290}}, {"service": {"name": "Emergency Obstetric Care"}, "facility": {"code": 12071}}, {"service": {"name": "Environmental Health Services"}, "facility": {"code": 12071}}, {"service": {"name": "Curative Services"}, "facility": {"code": 12071}}, {"service": {"name": "First Line Treatment"}, "facility": {"code": 12071}}, {"service": {"name": "Smear Microscopy"}, "facility": {"code": 12071}}, {"service": {"name": "Basic Immunization"}, "facility": {"code": 12071}}, {"service": {"name": "Focused Antenatal Care"}, "facility": {"code": 12071}}, {"service": {"name": "Long Term FP"}, "facility": {"code": 12071}}, {"service": {"name": "Short Term FP"}, "facility": {"code": 12071}}, {"service": {"name": "PMTCT - ANC"}, "facility": {"code": 12071}}, {"service": {"name": "Provider Initiated Counselling and Testing"}, "facility": {"code": 12071}}, {"service": {"name": "Management of STIs"}, "facility": {"code": 12071}}, {"service": {"name": "Condom Promotion and Distribution"}, "facility": {"code": 12071}}, {"service": {"name": "Emergency Obstetric Care"}, "facility": {"code": 12049}}, {"service": {"name": "Environmental Health Services"}, "facility": {"code": 12049}}, {"service": {"name": "Laboratory Services"}, "facility": {"code": 12049}}, {"service": {"name": "Curative Services"}, "facility": {"code": 12049}}, {"service": {"name": "First Line Treatment"}, "facility": {"code": 12049}}, {"service": {"name": "Smear Microscopy"}, "facility": {"code": 12049}}, {"service": {"name": "Adult Antiretroviral Therapy"}, "facility": {"code": 12049}}, {"service": {"name": "Paediatric Antiretroviral Therapy"}, "facility": {"code": 12049}}, {"service": {"name": "Post Exposure Prophylaxis"}, "facility": {"code": 12049}}, {"service": {"name": "Provider Initiated Counselling and Testing"}, "facility": {"code": 12049}}, {"service": {"name": "Voluntary Counselling and Testing"}, "facility": {"code": 12049}}, {"service": {"name": "Management of STIs"}, "facility": {"code": 12049}}, {"service": {"name": "Condom Promotion and Distribution"}, "facility": {"code": 12049}}, {"service": {"name": "Emergency Obstetric Care"}, "facility": {"code": 12326}}, {"service": {"name": "Environmental Health Services"}, "facility": {"code": 12326}}, {"service": {"name": "Integrated Management of Childhood Illnesses"}, "facility": {"code": 12326}}, {"service": {"name": "Laboratory Services"}, "facility": {"code": 12326}}, {"service": {"name": "Surgical Services"}, "facility": {"code": 12326}}, {"service": {"name": "Curative Services"}, "facility": {"code": 12326}}, {"service": {"name": "First Line Treatment"}, "facility": {"code": 12326}}, {"service": {"name": "Smear Microscopy"}, "facility": {"code": 12326}}, {"service": {"name": "Basic Immunization"}, "facility": {"code": 12326}}, {"service": {"name": "Focused Antenatal Care"}, "facility": {"code": 12326}}, {"service": {"name": "Integrated Services"}, "facility": {"code": 12326}}, {"service": {"name": "Long Term FP"}, "facility": {"code": 12326}}, {"service": {"name": "Short Term FP"}, "facility": {"code": 12326}}, {"service": {"name": "Adult Antiretroviral Therapy"}, "facility": {"code": 12326}}, {"service": {"name": "Early Infant Diagnosis"}, "facility": {"code": 12326}}, {"service": {"name": "PMTCT - ANC"}, "facility": {"code": 12326}}, {"service": {"name": "Provider Initiated Counselling and Testing"}, "facility": {"code": 12326}}, {"service": {"name": "Voluntary Counselling and Testing"}, "facility": {"code": 12326}}, {"service": {"name": "Management of STIs"}, "facility": {"code": 12326}}, {"service": {"name": "Condom Promotion and Distribution"}, "facility": {"code": 12326}}, {"service": {"name": "Emergency Obstetric Care"}, "facility": {"code": 17468}}, {"service": {"name": "Curative Services"}, "facility": {"code": 17468}}, {"service": {"name": "Integrated Services"}, "facility": {"code": 17468}}, {"service": {"name": "Provider Initiated Counselling and Testing"}, "facility": {"code": 17468}}, {"service": {"name": "Management of STIs"}, "facility": {"code": 17468}}, {"service": {"name": "Condom Promotion and Distribution"}, "facility": {"code": 17468}}, {"service": {"name": "Emergency Preparedness"}, "facility": {"code": 11756}}, {"service": {"name": "Emergency Preparedness"}, "facility": {"code": 11818}}, {"service": {"name": "Emergency Preparedness"}, "facility": {"code": 11601}}, {"service": {"name": "Emergency Obstetric Care"}, "facility": {"code": 11601}}, {"service": {"name": "Nutrition Services"}, "facility": {"code": 11601}}, {"service": {"name": "Integrated Management of Childhood Illnesses"}, "facility": {"code": 11601}}, {"service": {"name": "Maternity Services"}, "facility": {"code": 11601}}, {"service": {"name": "Curative Services"}, "facility": {"code": 11601}}, {"service": {"name": "First Line Treatment"}, "facility": {"code": 11601}}, {"service": {"name": "Immunization with additional vaccines"}, "facility": {"code": 11601}}, {"service": {"name": "Basic Immunization"}, "facility": {"code": 11601}}, {"service": {"name": "Focused Antenatal Care"}, "facility": {"code": 11601}}, {"service": {"name": "Long Term FP"}, "facility": {"code": 11601}}, {"service": {"name": "Short Term FP"}, "facility": {"code": 11601}}, {"service": {"name": "Adult Antiretroviral Therapy"}, "facility": {"code": 11601}}, {"service": {"name": "Paediatric Antiretroviral Therapy"}, "facility": {"code": 11601}}, {"service": {"name": "PMTCT - Maternity"}, "facility": {"code": 11601}}, {"service": {"name": "PMTCT - ANC"}, "facility": {"code": 11601}}, {"service": {"name": "Provider Initiated Counselling and Testing"}, "facility": {"code": 11601}}, {"service": {"name": "Management of STIs"}, "facility": {"code": 11601}}, {"service": {"name": "Condom Promotion and Distribution"}, "facility": {"code": 11601}}, {"service": {"name": "Emergency Preparedness"}, "facility": {"code": 11517}}, {"service": {"name": "Emergency Obstetric Care"}, "facility": {"code": 11517}}, {"service": {"name": "Nutrition Services"}, "facility": {"code": 11517}}, {"service": {"name": "Integrated Management of Childhood Illnesses"}, "facility": {"code": 11517}}, {"service": {"name": "Surgical Services"}, "facility": {"code": 11517}}, {"service": {"name": "Maternity Services"}, "facility": {"code": 11517}}, {"service": {"name": "Curative Services"}, "facility": {"code": 11517}}, {"service": {"name": "First Line Treatment"}, "facility": {"code": 11517}}, {"service": {"name": "Immunization with additional vaccines"}, "facility": {"code": 11517}}, {"service": {"name": "Basic Immunization"}, "facility": {"code": 11517}}, {"service": {"name": "Focused Antenatal Care"}, "facility": {"code": 11517}}, {"service": {"name": "Long Term FP"}, "facility": {"code": 11517}}, {"service": {"name": "Short Term FP"}, "facility": {"code": 11517}}, {"service": {"name": "PMTCT - ANC"}, "facility": {"code": 11517}}, {"service": {"name": "Provider Initiated Counselling and Testing"}, "facility": {"code": 11517}}, {"service": {"name": "Diagnostic Counselling and Testing"}, "facility": {"code": 11517}}, {"service": {"name": "Management of STIs"}, "facility": {"code": 11517}}, {"service": {"name": "Condom Promotion and Distribution"}, "facility": {"code": 11517}}, {"service": {"name": "Basic Immunization"}, "facility": {"code": 12290}}, {"service": {"name": "Emergency Obstetric Care"}, "facility": {"code": 12290}}, {"service": {"name": "Environmental Health Services"}, "facility": {"code": 12290}}, {"service": {"name": "Laboratory Services"}, "facility": {"code": 12290}}, {"service": {"name": "Surgical Services"}, "facility": {"code": 12290}}, {"service": {"name": "Curative Services"}, "facility": {"code": 12290}}, {"service": {"name": "First Line Treatment"}, "facility": {"code": 12290}}, {"service": {"name": "Smear Microscopy"}, "facility": {"code": 12290}}, {"service": {"name": "Integrated Services"}, "facility": {"code": 12290}}, {"service": {"name": "Long Term FP"}, "facility": {"code": 12290}}, {"service": {"name": "Short Term FP"}, "facility": {"code": 12290}}, {"service": {"name": "PMTCT - ANC"}, "facility": {"code": 12290}}, {"service": {"name": "Adult Antiretroviral Therapy"}, "facility": {"code": 12290}}, {"service": {"name": "Diagnostic Counselling and Testing"}, "facility": {"code": 12290}}, {"service": {"name": "Provider Initiated Counselling and Testing"}, "facility": {"code": 12290}}, {"service": {"name": "Management of STIs"}, "facility": {"code": 12290}}, {"service": {"name": "Condom Promotion and Distribution"}, "facility": {"code": 12290}}, {"service": {"name": "Oral Health Services (Dental Services)"}, "facility": {"code": 11740}}, {"service": {"name": "Environmental Health Services"}, "facility": {"code": 11740}}, {"service": {"name": "Rehabilitative Health Services - Physiotherapy"}, "facility": {"code": 11740}}, {"service": {"name": "Mental Health Services"}, "facility": {"code": 11740}}, {"service": {"name": "Radiology Services"}, "facility": {"code": 11740}}, {"service": {"name": "Nutrition Services"}, "facility": {"code": 11740}}, {"service": {"name": "Integrated Management of Childhood Illnesses"}, "facility": {"code": 11740}}, {"service": {"name": "Ambulance Sevices"}, "facility": {"code": 11740}}, {"service": {"name": "Laboratory Services"}, "facility": {"code": 11740}}, {"service": {"name": "Surgical Services"}, "facility": {"code": 11740}}, {"service": {"name": "Maternity Services"}, "facility": {"code": 11740}}, {"service": {"name": "Curative Services"}, "facility": {"code": 11740}}, {"service": {"name": "Mortuary Services"}, "facility": {"code": 11740}}, {"service": {"name": "Facility Based Blood Transfusion Service"}, "facility": {"code": 11740}}, {"service": {"name": "Smear Microscopy"}, "facility": {"code": 11740}}, {"service": {"name": "Rehabilitative Health Services - Occupational Health"}, "facility": {"code": 11740}}, {"service": {"name": "MDRTB Treatment"}, "facility": {"code": 11740}}, {"service": {"name": "First Line Treatment"}, "facility": {"code": 11740}}, {"service": {"name": "Immunization with additional vaccines"}, "facility": {"code": 11740}}, {"service": {"name": "Tuberculosis Culture"}, "facility": {"code": 11740}}, {"service": {"name": "Basic Immunization"}, "facility": {"code": 11740}}, {"service": {"name": "Post Exposure Prophylaxis"}, "facility": {"code": 11740}}, {"service": {"name": "Voluntary Male Circumcision"}, "facility": {"code": 11740}}, {"service": {"name": "PMTCT - Maternity"}, "facility": {"code": 11740}}, {"service": {"name": "Focused Antenatal Care"}, "facility": {"code": 11740}}, {"service": {"name": "Stand Alone Services"}, "facility": {"code": 11740}}, {"service": {"name": "Integrated Services"}, "facility": {"code": 11740}}, {"service": {"name": "Paediatric Antiretroviral Therapy"}, "facility": {"code": 11740}}, {"service": {"name": "PMTCT - ANC"}, "facility": {"code": 11740}}, {"service": {"name": "Early Infant Diagnosis"}, "facility": {"code": 11740}}, {"service": {"name": "Permanent FP"}, "facility": {"code": 11740}}, {"service": {"name": "Long Term FP"}, "facility": {"code": 11740}}, {"service": {"name": "Short Term FP"}, "facility": {"code": 11740}}, {"service": {"name": "Home Based Care"}, "facility": {"code": 11740}}, {"service": {"name": "Adult Antiretroviral Therapy"}, "facility": {"code": 11740}}, {"service": {"name": "Diagnostic Counselling and Testing"}, "facility": {"code": 11740}}, {"service": {"name": "Provider Initiated Counselling and Testing"}, "facility": {"code": 11740}}, {"service": {"name": "Voluntary Counselling and Testing"}, "facility": {"code": 11740}}, {"service": {"name": "Management of STIs"}, "facility": {"code": 11740}}, {"service": {"name": "Condom Promotion and Distribution"}, "facility": {"code": 11740}}, {"service": {"name": "First Line Treatment"}, "facility": {"code": 14997}}, {"service": {"name": "Smear Microscopy"}, "facility": {"code": 14997}}, {"service": {"name": "Post Exposure Prophylaxis"}, "facility": {"code": 14997}}, {"service": {"name": "Integrated Management of Childhood Illnesses"}, "facility": {"code": 17467}}, {"service": {"name": "Laboratory Services"}, "facility": {"code": 17467}}, {"service": {"name": "Maternity Services"}, "facility": {"code": 17467}}, {"service": {"name": "Curative Services"}, "facility": {"code": 17467}}, {"service": {"name": "Long Term FP"}, "facility": {"code": 17467}}, {"service": {"name": "Short Term FP"}, "facility": {"code": 17467}}, {"service": {"name": "Voluntary Male Circumcision"}, "facility": {"code": 17467}}, {"service": {"name": "PMTCT - Maternity"}, "facility": {"code": 17467}}, {"service": {"name": "PMTCT - ANC"}, "facility": {"code": 17467}}, {"service": {"name": "Diagnostic Counselling and Testing"}, "facility": {"code": 17467}}, {"service": {"name": "Provider Initiated Counselling and Testing"}, "facility": {"code": 17467}}, {"service": {"name": "Management of STIs"}, "facility": {"code": 17467}}, {"service": {"name": "Condom Promotion and Distribution"}, "facility": {"code": 17467}}, {"service": {"name": "Emergency Obstetric Care"}, "facility": {"code": 17024}}, {"service": {"name": "Basic Immunization"}, "facility": {"code": 17024}}, {"service": {"name": "Early Infant Diagnosis"}, "facility": {"code": 17024}}, {"service": {"name": "Diagnostic Counselling and Testing"}, "facility": {"code": 17024}}, {"service": {"name": "Provider Initiated Counselling and Testing"}, "facility": {"code": 17024}}, {"service": {"name": "Immunization with additional vaccines"}, "facility": {"code": 16190}}, {"service": {"name": "Basic Immunization"}, "facility": {"code": 16190}}, {"service": {"name": "Emergency Preparedness"}, "facility": {"code": 16357}}, {"service": {"name": "Emergency Obstetric Care"}, "facility": {"code": 16357}}, {"service": {"name": "Environmental Health Services"}, "facility": {"code": 16357}}, {"service": {"name": "Nutrition Services"}, "facility": {"code": 16357}}, {"service": {"name": "Laboratory Services"}, "facility": {"code": 16357}}, {"service": {"name": "Curative Services"}, "facility": {"code": 16357}}, {"service": {"name": "Maternity Services"}, "facility": {"code": 16357}}, {"service": {"name": "Basic Immunization"}, "facility": {"code": 16357}}, {"service": {"name": "Focused Antenatal Care"}, "facility": {"code": 16357}}, {"service": {"name": "Long Term FP"}, "facility": {"code": 16357}}, {"service": {"name": "Short Term FP"}, "facility": {"code": 16357}}, {"service": {"name": "PMTCT - Maternity"}, "facility": {"code": 16357}}, {"service": {"name": "PMTCT - ANC"}, "facility": {"code": 16357}}, {"service": {"name": "Provider Initiated Counselling and Testing"}, "facility": {"code": 16357}}, {"service": {"name": "Voluntary Counselling and Testing"}, "facility": {"code": 16357}}, {"service": {"name": "Management of STIs"}, "facility": {"code": 16357}}, {"service": {"name": "Emergency Preparedness"}, "facility": {"code": 17466}}, {"service": {"name": "Emergency Obstetric Care"}, "facility": {"code": 17466}}, {"service": {"name": "Environmental Health Services"}, "facility": {"code": 17466}}, {"service": {"name": "Nutrition Services"}, "facility": {"code": 17466}}, {"service": {"name": "Laboratory Services"}, "facility": {"code": 17466}}, {"service": {"name": "Curative Services"}, "facility": {"code": 17466}}, {"service": {"name": "Basic Immunization"}, "facility": {"code": 17466}}, {"service": {"name": "Focused Antenatal Care"}, "facility": {"code": 17466}}, {"service": {"name": "Long Term FP"}, "facility": {"code": 17466}}, {"service": {"name": "Short Term FP"}, "facility": {"code": 17466}}, {"service": {"name": "PMTCT - ANC"}, "facility": {"code": 17466}}, {"service": {"name": "Diagnostic Counselling and Testing"}, "facility": {"code": 17466}}, {"service": {"name": "Provider Initiated Counselling and Testing"}, "facility": {"code": 17466}}, {"service": {"name": "Voluntary Counselling and Testing"}, "facility": {"code": 17466}}, {"service": {"name": "Management of STIs"}, "facility": {"code": 17466}}, {"service": {"name": "Condom Promotion and Distribution"}, "facility": {"code": 17466}}, {"service": {"name": "Nutrition Services"}, "facility": {"code": 13369}}, {"service": {"name": "Ambulance Sevices"}, "facility": {"code": 13369}}, {"service": {"name": "Curative Services"}, "facility": {"code": 16680}}, {"service": {"name": "Short Term FP"}, "facility": {"code": 16680}}, {"service": {"name": "Management of STIs"}, "facility": {"code": 16680}}, {"service": {"name": "Condom Promotion and Distribution"}, "facility": {"code": 16680}}, {"service": {"name": "Integrated Management of Childhood Illnesses"}, "facility": {"code": 14456}}, {"service": {"name": "Laboratory Services"}, "facility": {"code": 14456}}, {"service": {"name": "Maternity Services"}, "facility": {"code": 14456}}, {"service": {"name": "Curative Services"}, "facility": {"code": 14456}}, {"service": {"name": "First Line Treatment"}, "facility": {"code": 14456}}, {"service": {"name": "Smear Microscopy"}, "facility": {"code": 14456}}, {"service": {"name": "Immunization with additional vaccines"}, "facility": {"code": 14456}}, {"service": {"name": "Basic Immunization"}, "facility": {"code": 14456}}, {"service": {"name": "Focused Antenatal Care"}, "facility": {"code": 14456}}, {"service": {"name": "PMTCT - Maternity"}, "facility": {"code": 14456}}, {"service": {"name": "PMTCT - ANC"}, "facility": {"code": 14456}}, {"service": {"name": "Diagnostic Counselling and Testing"}, "facility": {"code": 14456}}, {"service": {"name": "Provider Initiated Counselling and Testing"}, "facility": {"code": 14456}}, {"service": {"name": "Voluntary Counselling and Testing"}, "facility": {"code": 14456}}, {"service": {"name": "Management of STIs"}, "facility": {"code": 14456}}, {"service": {"name": "Curative Services"}, "facility": {"code": 15756}}, {"service": {"name": "Focused Antenatal Care"}, "facility": {"code": 15756}}, {"service": {"name": "Basic Immunization"}, "facility": {"code": 15756}}, {"service": {"name": "Short Term FP"}, "facility": {"code": 15756}}, {"service": {"name": "Provider Initiated Counselling and Testing"}, "facility": {"code": 15756}}, {"service": {"name": "Management of STIs"}, "facility": {"code": 15756}}, {"service": {"name": "Condom Promotion and Distribution"}, "facility": {"code": 15756}}, {"service": {"name": "Curative Services"}, "facility": {"code": 14884}}, {"service": {"name": "Short Term FP"}, "facility": {"code": 14884}}, {"service": {"name": "Diagnostic Counselling and Testing"}, "facility": {"code": 14884}}, {"service": {"name": "Provider Initiated Counselling and Testing"}, "facility": {"code": 14884}}, {"service": {"name": "Management of STIs"}, "facility": {"code": 14884}}, {"service": {"name": "Condom Promotion and Distribution"}, "facility": {"code": 14884}}, {"service": {"name": "Curative Services"}, "facility": {"code": 14383}}, {"service": {"name": "Short Term FP"}, "facility": {"code": 14383}}, {"service": {"name": "Provider Initiated Counselling and Testing"}, "facility": {"code": 14383}}, {"service": {"name": "Management of STIs"}, "facility": {"code": 14383}}, {"service": {"name": "Condom Promotion and Distribution"}, "facility": {"code": 14383}}, {"service": {"name": "Curative Services"}, "facility": {"code": 15716}}, {"service": {"name": "Short Term FP"}, "facility": {"code": 15716}}, {"service": {"name": "Provider Initiated Counselling and Testing"}, "facility": {"code": 15716}}, {"service": {"name": "Diagnostic Counselling and Testing"}, "facility": {"code": 15716}}, {"service": {"name": "Management of STIs"}, "facility": {"code": 15716}}, {"service": {"name": "Condom Promotion and Distribution"}, "facility": {"code": 15716}}, {"service": {"name": "Curative Services"}, "facility": {"code": 14992}}, {"service": {"name": "Short Term FP"}, "facility": {"code": 14992}}, {"service": {"name": "Diagnostic Counselling and Testing"}, "facility": {"code": 14992}}, {"service": {"name": "Provider Initiated Counselling and Testing"}, "facility": {"code": 14992}}, {"service": {"name": "Management of STIs"}, "facility": {"code": 14992}}, {"service": {"name": "Condom Promotion and Distribution"}, "facility": {"code": 14992}}, {"service": {"name": "Curative Services"}, "facility": {"code": 14750}}, {"service": {"name": "Management of STIs"}, "facility": {"code": 14750}}, {"service": {"name": "Diagnostic Counselling and Testing"}, "facility": {"code": 14750}}, {"service": {"name": "Provider Initiated Counselling and Testing"}, "facility": {"code": 14750}}, {"service": {"name": "Condom Promotion and Distribution"}, "facility": {"code": 14750}}, {"service": {"name": "Curative Services"}, "facility": {"code": 15683}}, {"service": {"name": "Short Term FP"}, "facility": {"code": 15683}}, {"service": {"name": "Diagnostic Counselling and Testing"}, "facility": {"code": 15683}}, {"service": {"name": "Provider Initiated Counselling and Testing"}, "facility": {"code": 15683}}, {"service": {"name": "Management of STIs"}, "facility": {"code": 15683}}, {"service": {"name": "Condom Promotion and Distribution"}, "facility": {"code": 15683}}, {"service": {"name": "Curative Services"}, "facility": {"code": 17299}}, {"service": {"name": "Maternity Services"}, "facility": {"code": 15819}}, {"service": {"name": "Integrated Management of Childhood Illnesses"}, "facility": {"code": 15193}}, {"service": {"name": "Ambulance Sevices"}, "facility": {"code": 15193}}, {"service": {"name": "Laboratory Services"}, "facility": {"code": 15193}}, {"service": {"name": "Maternity Services"}, "facility": {"code": 15193}}, {"service": {"name": "Curative Services"}, "facility": {"code": 15193}}, {"service": {"name": "Curative Services"}, "facility": {"code": 15752}}, {"service": {"name": "Short Term FP"}, "facility": {"code": 15752}}, {"service": {"name": "Management of STIs"}, "facility": {"code": 15752}}, {"service": {"name": "Diagnostic Counselling and Testing"}, "facility": {"code": 15752}}, {"service": {"name": "Provider Initiated Counselling and Testing"}, "facility": {"code": 15752}}, {"service": {"name": "Condom Promotion and Distribution"}, "facility": {"code": 15752}}, {"service": {"name": "Curative Services"}, "facility": {"code": 15252}}, {"service": {"name": "Short Term FP"}, "facility": {"code": 15252}}, {"service": {"name": "Diagnostic Counselling and Testing"}, "facility": {"code": 15252}}, {"service": {"name": "Provider Initiated Counselling and Testing"}, "facility": {"code": 15252}}, {"service": {"name": "Management of STIs"}, "facility": {"code": 15252}}, {"service": {"name": "Condom Promotion and Distribution"}, "facility": {"code": 15252}}, {"service": {"name": "Curative Services"}, "facility": {"code": 14305}}, {"service": {"name": "Short Term FP"}, "facility": {"code": 14305}}, {"service": {"name": "Diagnostic Counselling and Testing"}, "facility": {"code": 14305}}, {"service": {"name": "Provider Initiated Counselling and Testing"}, "facility": {"code": 14305}}, {"service": {"name": "Management of STIs"}, "facility": {"code": 14305}}, {"service": {"name": "Condom Promotion and Distribution"}, "facility": {"code": 14305}}, {"service": {"name": "Curative Services"}, "facility": {"code": 14612}}, {"service": {"name": "Short Term FP"}, "facility": {"code": 14612}}, {"service": {"name": "Provider Initiated Counselling and Testing"}, "facility": {"code": 14612}}, {"service": {"name": "Diagnostic Counselling and Testing"}, "facility": {"code": 14612}}, {"service": {"name": "Management of STIs"}, "facility": {"code": 14612}}, {"service": {"name": "Condom Promotion and Distribution"}, "facility": {"code": 14612}}, {"service": {"name": "Environmental Health Services"}, "facility": {"code": 15738}}, {"service": {"name": "Integrated Management of Childhood Illnesses"}, "facility": {"code": 15738}}, {"service": {"name": "Ambulance Sevices"}, "facility": {"code": 15738}}, {"service": {"name": "Laboratory Services"}, "facility": {"code": 15738}}, {"service": {"name": "Maternity Services"}, "facility": {"code": 15738}}, {"service": {"name": "Curative Services"}, "facility": {"code": 15738}}, {"service": {"name": "First Line Treatment"}, "facility": {"code": 14386}}, {"service": {"name": "Smear Microscopy"}, "facility": {"code": 14386}}, {"service": {"name": "Focused Antenatal Care"}, "facility": {"code": 14386}}, {"service": {"name": "Basic Immunization"}, "facility": {"code": 14386}}, {"service": {"name": "Post Exposure Prophylaxis"}, "facility": {"code": 14386}}, {"service": {"name": "PMTCT - Maternity"}, "facility": {"code": 14386}}, {"service": {"name": "PMTCT - ANC"}, "facility": {"code": 14386}}, {"service": {"name": "Provider Initiated Counselling and Testing"}, "facility": {"code": 14386}}, {"service": {"name": "Diagnostic Counselling and Testing"}, "facility": {"code": 14386}}, {"service": {"name": "Voluntary Counselling and Testing"}, "facility": {"code": 14386}}, {"service": {"name": "Management of STIs"}, "facility": {"code": 14386}}, {"service": {"name": "Curative Services"}, "facility": {"code": 15040}}, {"service": {"name": "Short Term FP"}, "facility": {"code": 15040}}, {"service": {"name": "Diagnostic Counselling and Testing"}, "facility": {"code": 15040}}, {"service": {"name": "Provider Initiated Counselling and Testing"}, "facility": {"code": 15040}}, {"service": {"name": "Management of STIs"}, "facility": {"code": 15040}}, {"service": {"name": "Curative Services"}, "facility": {"code": 15658}}, {"service": {"name": "Basic Immunization"}, "facility": {"code": 15658}}, {"service": {"name": "Diagnostic Counselling and Testing"}, "facility": {"code": 15658}}, {"service": {"name": "Provider Initiated Counselling and Testing"}, "facility": {"code": 15658}}, {"service": {"name": "Management of STIs"}, "facility": {"code": 15658}}, {"service": {"name": "Curative Services"}, "facility": {"code": 14674}}, {"service": {"name": "Basic Immunization"}, "facility": {"code": 14674}}, {"service": {"name": "Focused Antenatal Care"}, "facility": {"code": 14674}}, {"service": {"name": "Short Term FP"}, "facility": {"code": 14674}}, {"service": {"name": "PMTCT - ANC"}, "facility": {"code": 14674}}, {"service": {"name": "Diagnostic Counselling and Testing"}, "facility": {"code": 14674}}, {"service": {"name": "Condom Promotion and Distribution"}, "facility": {"code": 14674}}, {"service": {"name": "Curative Services"}, "facility": {"code": 16336}}, {"service": {"name": "Short Term FP"}, "facility": {"code": 16336}}, {"service": {"name": "Diagnostic Counselling and Testing"}, "facility": {"code": 16336}}, {"service": {"name": "Provider Initiated Counselling and Testing"}, "facility": {"code": 16336}}, {"service": {"name": "Management of STIs"}, "facility": {"code": 16336}}, {"service": {"name": "Condom Promotion and Distribution"}, "facility": {"code": 16336}}, {"service": {"name": "Integrated Management of Childhood Illnesses"}, "facility": {"code": 14385}}, {"service": {"name": "Ambulance Sevices"}, "facility": {"code": 14385}}, {"service": {"name": "Laboratory Services"}, "facility": {"code": 14385}}, {"service": {"name": "Maternity Services"}, "facility": {"code": 14385}}, {"service": {"name": "Curative Services"}, "facility": {"code": 14385}}, {"service": {"name": "Basic Immunization"}, "facility": {"code": 14385}}, {"service": {"name": "Focused Antenatal Care"}, "facility": {"code": 14385}}, {"service": {"name": "PMTCT - Maternity"}, "facility": {"code": 14385}}, {"service": {"name": "PMTCT - ANC"}, "facility": {"code": 14385}}, {"service": {"name": "Management of STIs"}, "facility": {"code": 14385}}, {"service": {"name": "Diagnostic Counselling and Testing"}, "facility": {"code": 14385}}, {"service": {"name": "Provider Initiated Counselling and Testing"}, "facility": {"code": 14385}}, {"service": {"name": "Voluntary Counselling and Testing"}, "facility": {"code": 14385}}, {"service": {"name": "Curative Services"}, "facility": {"code": 14327}}, {"service": {"name": "Short Term FP"}, "facility": {"code": 14327}}, {"service": {"name": "Management of STIs"}, "facility": {"code": 14327}}, {"service": {"name": "Diagnostic Counselling and Testing"}, "facility": {"code": 14327}}, {"service": {"name": "Provider Initiated Counselling and Testing"}, "facility": {"code": 14327}}, {"service": {"name": "Condom Promotion and Distribution"}, "facility": {"code": 14327}}, {"service": {"name": "Curative Services"}, "facility": {"code": 14909}}, {"service": {"name": "Basic Immunization"}, "facility": {"code": 14909}}, {"service": {"name": "Short Term FP"}, "facility": {"code": 14909}}, {"service": {"name": "PMTCT - ANC"}, "facility": {"code": 14909}}, {"service": {"name": "Management of STIs"}, "facility": {"code": 14909}}, {"service": {"name": "Diagnostic Counselling and Testing"}, "facility": {"code": 14909}}, {"service": {"name": "Provider Initiated Counselling and Testing"}, "facility": {"code": 14909}}, {"service": {"name": "Voluntary Counselling and Testing"}, "facility": {"code": 14909}}, {"service": {"name": "Condom Promotion and Distribution"}, "facility": {"code": 14909}}, {"service": {"name": "Curative Services"}, "facility": {"code": 15595}}, {"service": {"name": "Short Term FP"}, "facility": {"code": 15595}}, {"service": {"name": "Diagnostic Counselling and Testing"}, "facility": {"code": 15595}}, {"service": {"name": "Provider Initiated Counselling and Testing"}, "facility": {"code": 15595}}, {"service": {"name": "Condom Promotion and Distribution"}, "facility": {"code": 15595}}, {"service": {"name": "Oral Health Services (Dental Services)"}, "facility": {"code": 14767}}, {"service": {"name": "Environmental Health Services"}, "facility": {"code": 14767}}, {"service": {"name": "Rehabilitative Health Services - Physiotherapy"}, "facility": {"code": 14767}}, {"service": {"name": "Services for Sexual Violence Survivors"}, "facility": {"code": 14767}}, {"service": {"name": "Opthalmic Services"}, "facility": {"code": 14767}}, {"service": {"name": "Nutrition Services"}, "facility": {"code": 14767}}, {"service": {"name": "Integrated Management of Childhood Illnesses"}, "facility": {"code": 14767}}, {"service": {"name": "Ambulance Sevices"}, "facility": {"code": 14767}}, {"service": {"name": "Laboratory Services"}, "facility": {"code": 14767}}, {"service": {"name": "Radiology Services"}, "facility": {"code": 14767}}, {"service": {"name": "Surgical Services"}, "facility": {"code": 14767}}, {"service": {"name": "Maternity Services"}, "facility": {"code": 14767}}, {"service": {"name": "Curative Services"}, "facility": {"code": 14767}}, {"service": {"name": "Curative Services"}, "facility": {"code": 14771}}, {"service": {"name": "Short Term FP"}, "facility": {"code": 14771}}, {"service": {"name": "Provider Initiated Counselling and Testing"}, "facility": {"code": 14771}}, {"service": {"name": "Diagnostic Counselling and Testing"}, "facility": {"code": 14771}}, {"service": {"name": "Management of STIs"}, "facility": {"code": 14771}}, {"service": {"name": "Condom Promotion and Distribution"}, "facility": {"code": 14771}}, {"service": {"name": "Curative Services"}, "facility": {"code": 17254}}, {"service": {"name": "Diagnostic Counselling and Testing"}, "facility": {"code": 17254}}, {"service": {"name": "Provider Initiated Counselling and Testing"}, "facility": {"code": 17254}}, {"service": {"name": "Management of STIs"}, "facility": {"code": 17254}}, {"service": {"name": "Condom Promotion and Distribution"}, "facility": {"code": 17254}}, {"service": {"name": "Curative Services"}, "facility": {"code": 15530}}, {"service": {"name": "Basic Immunization"}, "facility": {"code": 15530}}, {"service": {"name": "Focused Antenatal Care"}, "facility": {"code": 15530}}, {"service": {"name": "Short Term FP"}, "facility": {"code": 15530}}, {"service": {"name": "PMTCT - ANC"}, "facility": {"code": 15530}}, {"service": {"name": "Diagnostic Counselling and Testing"}, "facility": {"code": 15530}}, {"service": {"name": "Provider Initiated Counselling and Testing"}, "facility": {"code": 15530}}, {"service": {"name": "Management of STIs"}, "facility": {"code": 15530}}, {"service": {"name": "Condom Promotion and Distribution"}, "facility": {"code": 15530}}, {"service": {"name": "Curative Services"}, "facility": {"code": 14303}}, {"service": {"name": "Basic Immunization"}, "facility": {"code": 14303}}, {"service": {"name": "Short Term FP"}, "facility": {"code": 14303}}, {"service": {"name": "Diagnostic Counselling and Testing"}, "facility": {"code": 14303}}, {"service": {"name": "Provider Initiated Counselling and Testing"}, "facility": {"code": 14303}}, {"service": {"name": "Management of STIs"}, "facility": {"code": 14303}}, {"service": {"name": "Condom Promotion and Distribution"}, "facility": {"code": 14303}}, {"service": {"name": "Basic Immunization"}, "facility": {"code": 14294}}, {"service": {"name": "Integrated Management of Childhood Illnesses"}, "facility": {"code": 14695}}, {"service": {"name": "Ambulance Sevices"}, "facility": {"code": 14695}}, {"service": {"name": "Laboratory Services"}, "facility": {"code": 14695}}, {"service": {"name": "Maternity Services"}, "facility": {"code": 14695}}, {"service": {"name": "Curative Services"}, "facility": {"code": 14695}}, {"service": {"name": "Basic Immunization"}, "facility": {"code": 14695}}, {"service": {"name": "Focused Antenatal Care"}, "facility": {"code": 14695}}], "unique_fields": ["facility", "service"], "model": "facilities.FacilityService"}]