[{"records": [{"service": {"name": "Voluntary Counselling and Testing"}, "facility": {"code": 10841}}, {"service": {"name": "Management of STIs"}, "facility": {"code": 10841}}, {"service": {"name": "Condom Promotion and Distribution"}, "facility": {"code": 10841}}, {"service": {"name": "Emergency Obstetric Care"}, "facility": {"code": 10527}}, {"service": {"name": "Integrated Management of Childhood Illnesses"}, "facility": {"code": 10527}}, {"service": {"name": "Laboratory Services"}, "facility": {"code": 10527}}, {"service": {"name": "Maternity Services"}, "facility": {"code": 10527}}, {"service": {"name": "Curative Services"}, "facility": {"code": 10527}}, {"service": {"name": "Basic Immunization"}, "facility": {"code": 10527}}, {"service": {"name": "Focused Antenatal Care"}, "facility": {"code": 10527}}, {"service": {"name": "Long Term FP"}, "facility": {"code": 10527}}, {"service": {"name": "Short Term FP"}, "facility": {"code": 10527}}, {"service": {"name": "Emergency Preparedness"}, "facility": {"code": 14740}}, {"service": {"name": "PMTCT - Maternity"}, "facility": {"code": 10527}}, {"service": {"name": "PMTCT - ANC"}, "facility": {"code": 10527}}, {"service": {"name": "Early Infant Diagnosis"}, "facility": {"code": 10527}}, {"service": {"name": "Diagnostic Counselling and Testing"}, "facility": {"code": 10527}}, {"service": {"name": "Provider Initiated Counselling and Testing"}, "facility": {"code": 10527}}, {"service": {"name": "Voluntary Counselling and Testing"}, "facility": {"code": 10527}}, {"service": {"name": "Management of STIs"}, "facility": {"code": 10527}}, {"service": {"name": "Condom Promotion and Distribution"}, "facility": {"code": 10527}}, {"service": {"name": "ENT Services"}, "facility": {"code": 14740}}, {"service": {"name": "Emergency Obstetric Care"}, "facility": {"code": 14740}}, {"service": {"name": "Environmental Health Services"}, "facility": {"code": 14740}}, {"service": {"name": "Mental Health Services"}, "facility": {"code": 14740}}, {"service": {"name": "Opthalmic Services"}, "facility": {"code": 14740}}, {"service": {"name": "Nutrition Services"}, "facility": {"code": 14740}}, {"service": {"name": "Laboratory Services"}, "facility": {"code": 14740}}, {"service": {"name": "Surgical Services"}, "facility": {"code": 14740}}, {"service": {"name": "Maternity Services"}, "facility": {"code": 14740}}, {"service": {"name": "Curative Services"}, "facility": {"code": 14740}}, {"service": {"name": "PMTCT - Maternity"}, "facility": {"code": 14740}}, {"service": {"name": "PMTCT - ANC"}, "facility": {"code": 14740}}, {"service": {"name": "Basic Immunization"}, "facility": {"code": 14740}}, {"service": {"name": "Emergency Obstetric Care"}, "facility": {"code": 10158}}, {"service": {"name": "Maternity Services"}, "facility": {"code": 10158}}, {"service": {"name": "Curative Services"}, "facility": {"code": 10158}}, {"service": {"name": "Basic Immunization"}, "facility": {"code": 10158}}, {"service": {"name": "Long Term FP"}, "facility": {"code": 10158}}, {"service": {"name": "Short Term FP"}, "facility": {"code": 10158}}, {"service": {"name": "PMTCT - Maternity"}, "facility": {"code": 10158}}, {"service": {"name": "PMTCT - ANC"}, "facility": {"code": 10158}}, {"service": {"name": "Provider Initiated Counselling and Testing"}, "facility": {"code": 10158}}, {"service": {"name": "Voluntary Counselling and Testing"}, "facility": {"code": 10158}}, {"service": {"name": "Management of STIs"}, "facility": {"code": 10158}}, {"service": {"name": "Mental Health Services"}, "facility": {"code": 10666}}, {"service": {"name": "Nutrition Services"}, "facility": {"code": 10666}}, {"service": {"name": "Integrated Management of Childhood Illnesses"}, "facility": {"code": 10666}}, {"service": {"name": "Laboratory Services"}, "facility": {"code": 10666}}, {"service": {"name": "Maternity Services"}, "facility": {"code": 10666}}, {"service": {"name": "Curative Services"}, "facility": {"code": 10666}}, {"service": {"name": "MDRTB Treatment"}, "facility": {"code": 10666}}, {"service": {"name": "First Line Treatment"}, "facility": {"code": 10666}}, {"service": {"name": "Smear Microscopy"}, "facility": {"code": 10666}}, {"service": {"name": "Basic Immunization"}, "facility": {"code": 10666}}, {"service": {"name": "Focused Antenatal Care"}, "facility": {"code": 10666}}, {"service": {"name": "Permanent FP"}, "facility": {"code": 10666}}, {"service": {"name": "Long Term FP"}, "facility": {"code": 10666}}, {"service": {"name": "Short Term FP"}, "facility": {"code": 10666}}, {"service": {"name": "Post Exposure Prophylaxis"}, "facility": {"code": 10666}}, {"service": {"name": "PMTCT - ANC"}, "facility": {"code": 10666}}, {"service": {"name": "Diagnostic Counselling and Testing"}, "facility": {"code": 10666}}, {"service": {"name": "Provider Initiated Counselling and Testing"}, "facility": {"code": 10666}}, {"service": {"name": "Management of STIs"}, "facility": {"code": 10666}}, {"service": {"name": "Condom Promotion and Distribution"}, "facility": {"code": 10666}}, {"service": {"name": "ENT Services"}, "facility": {"code": 14742}}, {"service": {"name": "Emergency Obstetric Care"}, "facility": {"code": 14742}}, {"service": {"name": "Mental Health Services"}, "facility": {"code": 14742}}, {"service": {"name": "Opthalmic Services"}, "facility": {"code": 14742}}, {"service": {"name": "Surgical Services"}, "facility": {"code": 14742}}, {"service": {"name": "Nutrition Services"}, "facility": {"code": 14742}}, {"service": {"name": "Curative Services"}, "facility": {"code": 14742}}, {"service": {"name": "Short Term FP"}, "facility": {"code": 14742}}, {"service": {"name": "Condom Promotion and Distribution"}, "facility": {"code": 14742}}, {"service": {"name": "Smear Microscopy"}, "facility": {"code": 13181}}, {"service": {"name": "Immunization with additional vaccines"}, "facility": {"code": 13181}}, {"service": {"name": "Short Term FP"}, "facility": {"code": 13181}}, {"service": {"name": "Voluntary Counselling and Testing"}, "facility": {"code": 13181}}, {"service": {"name": "Condom Promotion and Distribution"}, "facility": {"code": 13181}}, {"service": {"name": "Integrated Management of Childhood Illnesses"}, "facility": {"code": 12990}}, {"service": {"name": "Curative Services"}, "facility": {"code": 12990}}, {"service": {"name": "Basic Immunization"}, "facility": {"code": 12990}}, {"service": {"name": "Focused Antenatal Care"}, "facility": {"code": 12990}}, {"service": {"name": "Long Term FP"}, "facility": {"code": 12990}}, {"service": {"name": "Short Term FP"}, "facility": {"code": 12990}}, {"service": {"name": "Home Based Care"}, "facility": {"code": 12990}}, {"service": {"name": "PMTCT - ANC"}, "facility": {"code": 12990}}, {"service": {"name": "Early Infant Diagnosis"}, "facility": {"code": 12990}}, {"service": {"name": "Condom Promotion and Distribution"}, "facility": {"code": 12990}}, {"service": {"name": "Emergency Preparedness"}, "facility": {"code": 13115}}, {"service": {"name": "ENT Services"}, "facility": {"code": 13115}}, {"service": {"name": "Dental Laboratory Services"}, "facility": {"code": 13115}}, {"service": {"name": "Oral Health Services (Dental Services)"}, "facility": {"code": 13115}}, {"service": {"name": "Emergency Obstetric Care"}, "facility": {"code": 13115}}, {"service": {"name": "Rehabilitative Health Services - Physiotherapy"}, "facility": {"code": 13115}}, {"service": {"name": "Services for Sexual Violence Survivors"}, "facility": {"code": 13115}}, {"service": {"name": "Mental Health Services"}, "facility": {"code": 13115}}, {"service": {"name": "Opthalmic Services"}, "facility": {"code": 13115}}, {"service": {"name": "Nutrition Services"}, "facility": {"code": 13115}}, {"service": {"name": "Integrated Management of Childhood Illnesses"}, "facility": {"code": 13115}}, {"service": {"name": "Ambulance Sevices"}, "facility": {"code": 13115}}, {"service": {"name": "Laboratory Services"}, "facility": {"code": 13115}}, {"service": {"name": "Radiology Services"}, "facility": {"code": 13115}}, {"service": {"name": "Surgical Services"}, "facility": {"code": 13115}}, {"service": {"name": "Maternity Services"}, "facility": {"code": 13115}}, {"service": {"name": "Curative Services"}, "facility": {"code": 13115}}, {"service": {"name": "Mortuary Services"}, "facility": {"code": 13115}}, {"service": {"name": "Facility Based Blood Transfusion Service"}, "facility": {"code": 13115}}, {"service": {"name": "Facility Based Blood Collection Service"}, "facility": {"code": 13115}}, {"service": {"name": "Rehabilitative Health Services - Orthopaedic Technology"}, "facility": {"code": 13115}}, {"service": {"name": "Rehabilitative Health Services - Occupational Health"}, "facility": {"code": 13115}}, {"service": {"name": "First Line Treatment"}, "facility": {"code": 13115}}, {"service": {"name": "Tuberculosis Culture"}, "facility": {"code": 13115}}, {"service": {"name": "Smear Microscopy"}, "facility": {"code": 13115}}, {"service": {"name": "Immunization with additional vaccines"}, "facility": {"code": 13115}}, {"service": {"name": "Basic Immunization"}, "facility": {"code": 13115}}, {"service": {"name": "Specialized ANC"}, "facility": {"code": 13115}}, {"service": {"name": "Focused Antenatal Care"}, "facility": {"code": 13115}}, {"service": {"name": "Permanent FP"}, "facility": {"code": 13115}}, {"service": {"name": "Long Term FP"}, "facility": {"code": 13115}}, {"service": {"name": "Short Term FP"}, "facility": {"code": 13115}}, {"service": {"name": "Adult Antiretroviral Therapy"}, "facility": {"code": 13115}}, {"service": {"name": "Paediatric Antiretroviral Therapy"}, "facility": {"code": 13115}}, {"service": {"name": "Post Exposure Prophylaxis"}, "facility": {"code": 13115}}, {"service": {"name": "Voluntary Male Circumcision"}, "facility": {"code": 13115}}, {"service": {"name": "PMTCT - Maternity"}, "facility": {"code": 13115}}, {"service": {"name": "PMTCT - ANC"}, "facility": {"code": 13115}}, {"service": {"name": "Early Infant Diagnosis"}, "facility": {"code": 13115}}, {"service": {"name": "Diagnostic Counselling and Testing"}, "facility": {"code": 13115}}, {"service": {"name": "Provider Initiated Counselling and Testing"}, "facility": {"code": 13115}}, {"service": {"name": "Voluntary Counselling and Testing"}, "facility": {"code": 13115}}, {"service": {"name": "Management of STIs"}, "facility": {"code": 13115}}, {"service": {"name": "Condom Promotion and Distribution"}, "facility": {"code": 13115}}, {"service": {"name": "Emergency Obstetric Care"}, "facility": {"code": 13109}}, {"service": {"name": "Rehabilitative Health Services - Physiotherapy"}, "facility": {"code": 13109}}, {"service": {"name": "Mental Health Services"}, "facility": {"code": 13109}}, {"service": {"name": "Ambulance Sevices"}, "facility": {"code": 13109}}, {"service": {"name": "Laboratory Services"}, "facility": {"code": 13109}}, {"service": {"name": "Radiology Services"}, "facility": {"code": 13109}}, {"service": {"name": "Surgical Services"}, "facility": {"code": 13109}}, {"service": {"name": "Maternity Services"}, "facility": {"code": 13109}}, {"service": {"name": "Curative Services"}, "facility": {"code": 13109}}, {"service": {"name": "Facility Based Blood Transfusion Service"}, "facility": {"code": 13109}}, {"service": {"name": "Facility Based Blood Collection Service"}, "facility": {"code": 13109}}, {"service": {"name": "Rehabilitative Health Services - Orthopaedic Technology"}, "facility": {"code": 13109}}, {"service": {"name": "First Line Treatment"}, "facility": {"code": 13109}}, {"service": {"name": "Tuberculosis Culture"}, "facility": {"code": 13109}}, {"service": {"name": "Smear Microscopy"}, "facility": {"code": 13109}}, {"service": {"name": "Port Immunization Services"}, "facility": {"code": 13109}}, {"service": {"name": "Immunization with additional vaccines"}, "facility": {"code": 13109}}, {"service": {"name": "Basic Immunization"}, "facility": {"code": 13109}}, {"service": {"name": "Specialized ANC"}, "facility": {"code": 13109}}, {"service": {"name": "Focused Antenatal Care"}, "facility": {"code": 13109}}, {"service": {"name": "Long Term FP"}, "facility": {"code": 13109}}, {"service": {"name": "Short Term FP"}, "facility": {"code": 13109}}, {"service": {"name": "Home Based Care"}, "facility": {"code": 13109}}, {"service": {"name": "Adult Antiretroviral Therapy"}, "facility": {"code": 13109}}, {"service": {"name": "Paediatric Antiretroviral Therapy"}, "facility": {"code": 13109}}, {"service": {"name": "Post Exposure Prophylaxis"}, "facility": {"code": 13109}}, {"service": {"name": "Voluntary Male Circumcision"}, "facility": {"code": 13109}}, {"service": {"name": "PMTCT - Maternity"}, "facility": {"code": 13109}}, {"service": {"name": "PMTCT - ANC"}, "facility": {"code": 13109}}, {"service": {"name": "Diagnostic Counselling and Testing"}, "facility": {"code": 13109}}, {"service": {"name": "Provider Initiated Counselling and Testing"}, "facility": {"code": 13109}}, {"service": {"name": "Voluntary Counselling and Testing"}, "facility": {"code": 13109}}, {"service": {"name": "Management of STIs"}, "facility": {"code": 13109}}, {"service": {"name": "Condom Promotion and Distribution"}, "facility": {"code": 13109}}, {"service": {"name": "Laboratory Services"}, "facility": {"code": 13114}}, {"service": {"name": "Surgical Services"}, "facility": {"code": 13114}}, {"service": {"name": "Curative Services"}, "facility": {"code": 13114}}, {"service": {"name": "Immunization with additional vaccines"}, "facility": {"code": 13114}}, {"service": {"name": "Basic Immunization"}, "facility": {"code": 13114}}, {"service": {"name": "Long Term FP"}, "facility": {"code": 13114}}, {"service": {"name": "Short Term FP"}, "facility": {"code": 13114}}, {"service": {"name": "Voluntary Male Circumcision"}, "facility": {"code": 13114}}, {"service": {"name": "Condom Promotion and Distribution"}, "facility": {"code": 13114}}, {"service": {"name": "ENT Services"}, "facility": {"code": 12942}}, {"service": {"name": "Oral Health Services (Dental Services)"}, "facility": {"code": 12942}}, {"service": {"name": "Emergency Obstetric Care"}, "facility": {"code": 12942}}, {"service": {"name": "Rehabilitative Health Services - Physiotherapy"}, "facility": {"code": 12942}}, {"service": {"name": "Opthalmic Services"}, "facility": {"code": 12942}}, {"service": {"name": "Ambulance Sevices"}, "facility": {"code": 12942}}, {"service": {"name": "Laboratory Services"}, "facility": {"code": 12942}}, {"service": {"name": "Radiology Services"}, "facility": {"code": 12942}}, {"service": {"name": "Curative Services"}, "facility": {"code": 12942}}, {"service": {"name": "Surgical Services"}, "facility": {"code": 12942}}, {"service": {"name": "Maternity Services"}, "facility": {"code": 12942}}, {"service": {"name": "Facility Based Blood Transfusion Service"}, "facility": {"code": 12942}}, {"service": {"name": "Facility Based Blood Collection Service"}, "facility": {"code": 12942}}, {"service": {"name": "First Line Treatment"}, "facility": {"code": 12942}}, {"service": {"name": "Smear Microscopy"}, "facility": {"code": 12942}}, {"service": {"name": "Immunization with additional vaccines"}, "facility": {"code": 12942}}, {"service": {"name": "Basic Immunization"}, "facility": {"code": 12942}}, {"service": {"name": "Specialized ANC"}, "facility": {"code": 12942}}, {"service": {"name": "Focused Antenatal Care"}, "facility": {"code": 12942}}, {"service": {"name": "Permanent FP"}, "facility": {"code": 12942}}, {"service": {"name": "Long Term FP"}, "facility": {"code": 12942}}, {"service": {"name": "Short Term FP"}, "facility": {"code": 12942}}, {"service": {"name": "Adult Antiretroviral Therapy"}, "facility": {"code": 12942}}, {"service": {"name": "Paediatric Antiretroviral Therapy"}, "facility": {"code": 12942}}, {"service": {"name": "Post Exposure Prophylaxis"}, "facility": {"code": 12942}}, {"service": {"name": "Voluntary Male Circumcision"}, "facility": {"code": 12942}}, {"service": {"name": "PMTCT - Maternity"}, "facility": {"code": 12942}}, {"service": {"name": "PMTCT - ANC"}, "facility": {"code": 12942}}, {"service": {"name": "Early Infant Diagnosis"}, "facility": {"code": 12942}}, {"service": {"name": "Diagnostic Counselling and Testing"}, "facility": {"code": 12942}}, {"service": {"name": "Provider Initiated Counselling and Testing"}, "facility": {"code": 12942}}, {"service": {"name": "Voluntary Counselling and Testing"}, "facility": {"code": 12942}}, {"service": {"name": "Management of STIs"}, "facility": {"code": 12942}}, {"service": {"name": "Condom Promotion and Distribution"}, "facility": {"code": 12942}}, {"service": {"name": "Integrated Management of Childhood Illnesses"}, "facility": {"code": 13234}}, {"service": {"name": "Laboratory Services"}, "facility": {"code": 13234}}, {"service": {"name": "Curative Services"}, "facility": {"code": 13234}}, {"service": {"name": "First Line Treatment"}, "facility": {"code": 13234}}, {"service": {"name": "Immunization with additional vaccines"}, "facility": {"code": 13234}}, {"service": {"name": "Basic Immunization"}, "facility": {"code": 13234}}, {"service": {"name": "Focused Antenatal Care"}, "facility": {"code": 13234}}, {"service": {"name": "Stand Alone Services"}, "facility": {"code": 13234}}, {"service": {"name": "Integrated Services"}, "facility": {"code": 13234}}, {"service": {"name": "Short Term FP"}, "facility": {"code": 13234}}, {"service": {"name": "Home Based Care"}, "facility": {"code": 13234}}, {"service": {"name": "Adult Antiretroviral Therapy"}, "facility": {"code": 13234}}, {"service": {"name": "Paediatric Antiretroviral Therapy"}, "facility": {"code": 13234}}, {"service": {"name": "Post Exposure Prophylaxis"}, "facility": {"code": 13234}}, {"service": {"name": "PMTCT - ANC"}, "facility": {"code": 13234}}, {"service": {"name": "Early Infant Diagnosis"}, "facility": {"code": 13234}}, {"service": {"name": "Diagnostic Counselling and Testing"}, "facility": {"code": 13234}}, {"service": {"name": "Provider Initiated Counselling and Testing"}, "facility": {"code": 13234}}, {"service": {"name": "Voluntary Counselling and Testing"}, "facility": {"code": 13234}}, {"service": {"name": "Management of STIs"}, "facility": {"code": 13234}}, {"service": {"name": "Condom Promotion and Distribution"}, "facility": {"code": 13234}}, {"service": {"name": "Services for Sexual Violence Survivors"}, "facility": {"code": 12891}}, {"service": {"name": "Stand Alone Services"}, "facility": {"code": 12891}}, {"service": {"name": "Integrated Services"}, "facility": {"code": 12891}}, {"service": {"name": "Short Term FP"}, "facility": {"code": 12891}}, {"service": {"name": "Voluntary Counselling and Testing"}, "facility": {"code": 12891}}, {"service": {"name": "Condom Promotion and Distribution"}, "facility": {"code": 12891}}, {"service": {"name": "Emergency Obstetric Care"}, "facility": {"code": 13179}}, {"service": {"name": "Laboratory Services"}, "facility": {"code": 13179}}, {"service": {"name": "Maternity Services"}, "facility": {"code": 13179}}, {"service": {"name": "Surgical Services"}, "facility": {"code": 13179}}, {"service": {"name": "Curative Services"}, "facility": {"code": 13179}}, {"service": {"name": "Basic Immunization"}, "facility": {"code": 13179}}, {"service": {"name": "Focused Antenatal Care"}, "facility": {"code": 13179}}, {"service": {"name": "Long Term FP"}, "facility": {"code": 13179}}, {"service": {"name": "Short Term FP"}, "facility": {"code": 13179}}, {"service": {"name": "PMTCT - Maternity"}, "facility": {"code": 13179}}, {"service": {"name": "PMTCT - ANC"}, "facility": {"code": 13179}}, {"service": {"name": "Diagnostic Counselling and Testing"}, "facility": {"code": 13179}}, {"service": {"name": "Provider Initiated Counselling and Testing"}, "facility": {"code": 13179}}, {"service": {"name": "Voluntary Counselling and Testing"}, "facility": {"code": 13179}}, {"service": {"name": "Management of STIs"}, "facility": {"code": 13179}}, {"service": {"name": "Condom Promotion and Distribution"}, "facility": {"code": 13179}}, {"service": {"name": "Emergency Obstetric Care"}, "facility": {"code": 13880}}, {"service": {"name": "Nutrition Services"}, "facility": {"code": 13880}}, {"service": {"name": "Integrated Management of Childhood Illnesses"}, "facility": {"code": 13880}}, {"service": {"name": "Laboratory Services"}, "facility": {"code": 13880}}, {"service": {"name": "Maternity Services"}, "facility": {"code": 13880}}, {"service": {"name": "Curative Services"}, "facility": {"code": 13880}}, {"service": {"name": "First Line Treatment"}, "facility": {"code": 13880}}, {"service": {"name": "Smear Microscopy"}, "facility": {"code": 13880}}, {"service": {"name": "Basic Immunization"}, "facility": {"code": 13880}}, {"service": {"name": "Focused Antenatal Care"}, "facility": {"code": 13880}}, {"service": {"name": "Integrated Services"}, "facility": {"code": 13880}}, {"service": {"name": "Short Term FP"}, "facility": {"code": 13880}}, {"service": {"name": "Adult Antiretroviral Therapy"}, "facility": {"code": 13880}}, {"service": {"name": "Paediatric Antiretroviral Therapy"}, "facility": {"code": 13880}}, {"service": {"name": "Post Exposure Prophylaxis"}, "facility": {"code": 13880}}, {"service": {"name": "Voluntary Male Circumcision"}, "facility": {"code": 13880}}, {"service": {"name": "PMTCT - Maternity"}, "facility": {"code": 13880}}, {"service": {"name": "PMTCT - ANC"}, "facility": {"code": 13880}}, {"service": {"name": "Early Infant Diagnosis"}, "facility": {"code": 13880}}, {"service": {"name": "Diagnostic Counselling and Testing"}, "facility": {"code": 13880}}, {"service": {"name": "Provider Initiated Counselling and Testing"}, "facility": {"code": 13880}}, {"service": {"name": "Voluntary Counselling and Testing"}, "facility": {"code": 13880}}, {"service": {"name": "Management of STIs"}, "facility": {"code": 13880}}, {"service": {"name": "Condom Promotion and Distribution"}, "facility": {"code": 13880}}, {"service": {"name": "Emergency Preparedness"}, "facility": {"code": 14741}}, {"service": {"name": "ENT Services"}, "facility": {"code": 14741}}, {"service": {"name": "Dental Laboratory Services"}, "facility": {"code": 14741}}, {"service": {"name": "Oral Health Services (Dental Services)"}, "facility": {"code": 14741}}, {"service": {"name": "Emergency Obstetric Care"}, "facility": {"code": 14741}}, {"service": {"name": "Environmental Health Services"}, "facility": {"code": 14741}}, {"service": {"name": "Rehabilitative Health Services - Physiotherapy"}, "facility": {"code": 14741}}, {"service": {"name": "Services for Sexual Violence Survivors"}, "facility": {"code": 14741}}, {"service": {"name": "Mental Health Services"}, "facility": {"code": 14741}}, {"service": {"name": "Opthalmic Services"}, "facility": {"code": 14741}}, {"service": {"name": "Nutrition Services"}, "facility": {"code": 14741}}, {"service": {"name": "Integrated Management of Childhood Illnesses"}, "facility": {"code": 14741}}, {"service": {"name": "Ambulance Sevices"}, "facility": {"code": 14741}}, {"service": {"name": "Laboratory Services"}, "facility": {"code": 14741}}, {"service": {"name": "Radiology Services"}, "facility": {"code": 14741}}, {"service": {"name": "Surgical Services"}, "facility": {"code": 14741}}, {"service": {"name": "Mortuary Services"}, "facility": {"code": 14741}}, {"service": {"name": "Maternity Services"}, "facility": {"code": 14741}}, {"service": {"name": "Curative Services"}, "facility": {"code": 14741}}, {"service": {"name": "First Line Treatment"}, "facility": {"code": 14741}}, {"service": {"name": "Tuberculosis Culture"}, "facility": {"code": 14741}}, {"service": {"name": "Smear Microscopy"}, "facility": {"code": 14741}}, {"service": {"name": "Immunization with additional vaccines"}, "facility": {"code": 14741}}, {"service": {"name": "Basic Immunization"}, "facility": {"code": 14741}}, {"service": {"name": "Adult Antiretroviral Therapy"}, "facility": {"code": 14741}}, {"service": {"name": "Paediatric Antiretroviral Therapy"}, "facility": {"code": 14741}}, {"service": {"name": "Post Exposure Prophylaxis"}, "facility": {"code": 14741}}, {"service": {"name": "PMTCT - Maternity"}, "facility": {"code": 14741}}, {"service": {"name": "PMTCT - ANC"}, "facility": {"code": 14741}}, {"service": {"name": "Early Infant Diagnosis"}, "facility": {"code": 14741}}, {"service": {"name": "Diagnostic Counselling and Testing"}, "facility": {"code": 14741}}, {"service": {"name": "Provider Initiated Counselling and Testing"}, "facility": {"code": 14741}}, {"service": {"name": "Oral Health Services (Dental Services)"}, "facility": {"code": 15322}}, {"service": {"name": "Emergency Preparedness"}, "facility": {"code": 15322}}, {"service": {"name": "ENT Services"}, "facility": {"code": 15322}}, {"service": {"name": "Dental Laboratory Services"}, "facility": {"code": 15322}}, {"service": {"name": "Emergency Obstetric Care"}, "facility": {"code": 15322}}, {"service": {"name": "Services for Sexual Violence Survivors"}, "facility": {"code": 15322}}, {"service": {"name": "Environmental Health Services"}, "facility": {"code": 15322}}, {"service": {"name": "Mental Health Services"}, "facility": {"code": 15322}}, {"service": {"name": "Opthalmic Services"}, "facility": {"code": 15322}}, {"service": {"name": "Nutrition Services"}, "facility": {"code": 15322}}, {"service": {"name": "Integrated Management of Childhood Illnesses"}, "facility": {"code": 15322}}, {"service": {"name": "Laboratory Services"}, "facility": {"code": 15322}}, {"service": {"name": "Surgical Services"}, "facility": {"code": 15322}}, {"service": {"name": "Maternity Services"}, "facility": {"code": 15322}}, {"service": {"name": "Curative Services"}, "facility": {"code": 15322}}, {"service": {"name": "First Line Treatment"}, "facility": {"code": 15322}}, {"service": {"name": "Tuberculosis Culture"}, "facility": {"code": 15322}}, {"service": {"name": "Smear Microscopy"}, "facility": {"code": 15322}}, {"service": {"name": "Immunization with additional vaccines"}, "facility": {"code": 15322}}, {"service": {"name": "Basic Immunization"}, "facility": {"code": 15322}}, {"service": {"name": "Focused Antenatal Care"}, "facility": {"code": 15322}}, {"service": {"name": "Long Term FP"}, "facility": {"code": 15322}}, {"service": {"name": "Short Term FP"}, "facility": {"code": 15322}}, {"service": {"name": "Adult Antiretroviral Therapy"}, "facility": {"code": 15322}}, {"service": {"name": "Paediatric Antiretroviral Therapy"}, "facility": {"code": 15322}}, {"service": {"name": "Post Exposure Prophylaxis"}, "facility": {"code": 15322}}, {"service": {"name": "PMTCT - Maternity"}, "facility": {"code": 15322}}, {"service": {"name": "PMTCT - ANC"}, "facility": {"code": 15322}}, {"service": {"name": "Early Infant Diagnosis"}, "facility": {"code": 15322}}, {"service": {"name": "Diagnostic Counselling and Testing"}, "facility": {"code": 15322}}, {"service": {"name": "Provider Initiated Counselling and Testing"}, "facility": {"code": 15322}}, {"service": {"name": "Voluntary Counselling and Testing"}, "facility": {"code": 15322}}, {"service": {"name": "Management of STIs"}, "facility": {"code": 15322}}, {"service": {"name": "Condom Promotion and Distribution"}, "facility": {"code": 15322}}, {"service": {"name": "ENT Services"}, "facility": {"code": 15619}}, {"service": {"name": "Oral Health Services (Dental Services)"}, "facility": {"code": 15619}}, {"service": {"name": "Emergency Obstetric Care"}, "facility": {"code": 15619}}, {"service": {"name": "Environmental Health Services"}, "facility": {"code": 15619}}, {"service": {"name": "Rehabilitative Health Services - Physiotherapy"}, "facility": {"code": 15619}}, {"service": {"name": "Services for Sexual Violence Survivors"}, "facility": {"code": 15619}}, {"service": {"name": "Mental Health Services"}, "facility": {"code": 15619}}, {"service": {"name": "Opthalmic Services"}, "facility": {"code": 15619}}, {"service": {"name": "Nutrition Services"}, "facility": {"code": 15619}}, {"service": {"name": "Integrated Management of Childhood Illnesses"}, "facility": {"code": 15619}}, {"service": {"name": "Laboratory Services"}, "facility": {"code": 15619}}, {"service": {"name": "Surgical Services"}, "facility": {"code": 15619}}, {"service": {"name": "Maternity Services"}, "facility": {"code": 15619}}, {"service": {"name": "Curative Services"}, "facility": {"code": 15619}}, {"service": {"name": "First Line Treatment"}, "facility": {"code": 15619}}, {"service": {"name": "Tuberculosis Culture"}, "facility": {"code": 15619}}, {"service": {"name": "Smear Microscopy"}, "facility": {"code": 15619}}, {"service": {"name": "Immunization with additional vaccines"}, "facility": {"code": 15619}}, {"service": {"name": "Basic Immunization"}, "facility": {"code": 15619}}, {"service": {"name": "Focused Antenatal Care"}, "facility": {"code": 15619}}, {"service": {"name": "Permanent FP"}, "facility": {"code": 15619}}, {"service": {"name": "Long Term FP"}, "facility": {"code": 15619}}, {"service": {"name": "Short Term FP"}, "facility": {"code": 15619}}, {"service": {"name": "Home Based Care"}, "facility": {"code": 15619}}, {"service": {"name": "Adult Antiretroviral Therapy"}, "facility": {"code": 15619}}, {"service": {"name": "Paediatric Antiretroviral Therapy"}, "facility": {"code": 15619}}, {"service": {"name": "Post Exposure Prophylaxis"}, "facility": {"code": 15619}}, {"service": {"name": "PMTCT - Maternity"}, "facility": {"code": 15619}}, {"service": {"name": "PMTCT - ANC"}, "facility": {"code": 15619}}, {"service": {"name": "Early Infant Diagnosis"}, "facility": {"code": 15619}}, {"service": {"name": "Diagnostic Counselling and Testing"}, "facility": {"code": 15619}}, {"service": {"name": "Provider Initiated Counselling and Testing"}, "facility": {"code": 15619}}, {"service": {"name": "Voluntary Counselling and Testing"}, "facility": {"code": 15619}}, {"service": {"name": "Management of STIs"}, "facility": {"code": 15619}}, {"service": {"name": "Condom Promotion and Distribution"}, "facility": {"code": 15619}}, {"service": {"name": "Curative Services"}, "facility": {"code": 13255}}, {"service": {"name": "Focused Antenatal Care"}, "facility": {"code": 13255}}, {"service": {"name": "Long Term FP"}, "facility": {"code": 13255}}, {"service": {"name": "Short Term FP"}, "facility": {"code": 13255}}, {"service": {"name": "PMTCT - ANC"}, "facility": {"code": 13255}}, {"service": {"name": "Management of STIs"}, "facility": {"code": 13255}}, {"service": {"name": "Condom Promotion and Distribution"}, "facility": {"code": 13255}}, {"service": {"name": "Emergency Obstetric Care"}, "facility": {"code": 14283}}, {"service": {"name": "Focused Antenatal Care"}, "facility": {"code": 14283}}, {"service": {"name": "Voluntary Counselling and Testing"}, "facility": {"code": 14283}}, {"service": {"name": "Short Term FP"}, "facility": {"code": 14283}}, {"service": {"name": "Emergency Preparedness"}, "facility": {"code": 14283}}, {"service": {"name": "Environmental Health Services"}, "facility": {"code": 14283}}, {"service": {"name": "Nutrition Services"}, "facility": {"code": 14283}}, {"service": {"name": "Curative Services"}, "facility": {"code": 14283}}, {"service": {"name": "Basic Immunization"}, "facility": {"code": 14283}}, {"service": {"name": "Specialized ANC"}, "facility": {"code": 14283}}, {"service": {"name": "Long Term FP"}, "facility": {"code": 14283}}, {"service": {"name": "Post Exposure Prophylaxis"}, "facility": {"code": 14283}}, {"service": {"name": "PMTCT - ANC"}, "facility": {"code": 14283}}, {"service": {"name": "Diagnostic Counselling and Testing"}, "facility": {"code": 14283}}, {"service": {"name": "Provider Initiated Counselling and Testing"}, "facility": {"code": 14283}}, {"service": {"name": "Management of STIs"}, "facility": {"code": 14283}}, {"service": {"name": "Condom Promotion and Distribution"}, "facility": {"code": 14283}}, {"service": {"name": "Short Term FP"}, "facility": {"code": 14389}}, {"service": {"name": "Emergency Preparedness"}, "facility": {"code": 14389}}, {"service": {"name": "Environmental Health Services"}, "facility": {"code": 14389}}, {"service": {"name": "Emergency Obstetric Care"}, "facility": {"code": 14389}}, {"service": {"name": "Integrated Management of Childhood Illnesses"}, "facility": {"code": 14389}}, {"service": {"name": "Curative Services"}, "facility": {"code": 14389}}, {"service": {"name": "Long Term FP"}, "facility": {"code": 14389}}, {"service": {"name": "Basic Immunization"}, "facility": {"code": 14389}}, {"service": {"name": "Specialized ANC"}, "facility": {"code": 14389}}, {"service": {"name": "Focused Antenatal Care"}, "facility": {"code": 14389}}, {"service": {"name": "PMTCT - ANC"}, "facility": {"code": 14389}}, {"service": {"name": "Management of STIs"}, "facility": {"code": 14389}}, {"service": {"name": "Condom Promotion and Distribution"}, "facility": {"code": 14389}}, {"service": {"name": "Emergency Obstetric Care"}, "facility": {"code": 14737}}, {"service": {"name": "Emergency Preparedness"}, "facility": {"code": 14737}}, {"service": {"name": "Integrated Management of Childhood Illnesses"}, "facility": {"code": 14737}}, {"service": {"name": "Curative Services"}, "facility": {"code": 14737}}, {"service": {"name": "Basic Immunization"}, "facility": {"code": 14737}}, {"service": {"name": "Specialized ANC"}, "facility": {"code": 14737}}, {"service": {"name": "Focused Antenatal Care"}, "facility": {"code": 14737}}, {"service": {"name": "Long Term FP"}, "facility": {"code": 14737}}, {"service": {"name": "Short Term FP"}, "facility": {"code": 14737}}, {"service": {"name": "PMTCT - ANC"}, "facility": {"code": 14737}}, {"service": {"name": "Diagnostic Counselling and Testing"}, "facility": {"code": 14737}}, {"service": {"name": "Provider Initiated Counselling and Testing"}, "facility": {"code": 14737}}, {"service": {"name": "Management of STIs"}, "facility": {"code": 14737}}, {"service": {"name": "Condom Promotion and Distribution"}, "facility": {"code": 14737}}, {"service": {"name": "PMTCT - ANC"}, "facility": {"code": 16337}}, {"service": {"name": "Provider Initiated Counselling and Testing"}, "facility": {"code": 16337}}, {"service": {"name": "Emergency Preparedness"}, "facility": {"code": 16337}}, {"service": {"name": "Emergency Obstetric Care"}, "facility": {"code": 16337}}, {"service": {"name": "Environmental Health Services"}, "facility": {"code": 16337}}, {"service": {"name": "Integrated Management of Childhood Illnesses"}, "facility": {"code": 16337}}, {"service": {"name": "Curative Services"}, "facility": {"code": 16337}}, {"service": {"name": "Basic Immunization"}, "facility": {"code": 16337}}, {"service": {"name": "Specialized ANC"}, "facility": {"code": 16337}}, {"service": {"name": "Focused Antenatal Care"}, "facility": {"code": 16337}}, {"service": {"name": "Long Term FP"}, "facility": {"code": 16337}}, {"service": {"name": "Short Term FP"}, "facility": {"code": 16337}}, {"service": {"name": "Post Exposure Prophylaxis"}, "facility": {"code": 16337}}, {"service": {"name": "Diagnostic Counselling and Testing"}, "facility": {"code": 16337}}, {"service": {"name": "Voluntary Counselling and Testing"}, "facility": {"code": 16337}}, {"service": {"name": "Management of STIs"}, "facility": {"code": 16337}}, {"service": {"name": "Nutrition Services"}, "facility": {"code": 13302}}, {"service": {"name": "Curative Services"}, "facility": {"code": 13302}}, {"service": {"name": "Emergency Preparedness"}, "facility": {"code": 14841}}, {"service": {"name": "Emergency Obstetric Care"}, "facility": {"code": 14841}}, {"service": {"name": "Environmental Health Services"}, "facility": {"code": 14841}}, {"service": {"name": "Nutrition Services"}, "facility": {"code": 14841}}, {"service": {"name": "Basic Immunization"}, "facility": {"code": 13302}}, {"service": {"name": "Short Term FP"}, "facility": {"code": 13302}}, {"service": {"name": "Integrated Management of Childhood Illnesses"}, "facility": {"code": 14841}}, {"service": {"name": "Ambulance Sevices"}, "facility": {"code": 14841}}, {"service": {"name": "Laboratory Services"}, "facility": {"code": 14841}}, {"service": {"name": "Provider Initiated Counselling and Testing"}, "facility": {"code": 13302}}, {"service": {"name": "Management of STIs"}, "facility": {"code": 13302}}, {"service": {"name": "Condom Promotion and Distribution"}, "facility": {"code": 13302}}, {"service": {"name": "Curative Services"}, "facility": {"code": 14841}}, {"service": {"name": "MDRTB Treatment"}, "facility": {"code": 14841}}, {"service": {"name": "First Line Treatment"}, "facility": {"code": 14841}}, {"service": {"name": "Smear Microscopy"}, "facility": {"code": 14841}}, {"service": {"name": "Basic Immunization"}, "facility": {"code": 14841}}, {"service": {"name": "Long Term FP"}, "facility": {"code": 14841}}, {"service": {"name": "Post Exposure Prophylaxis"}, "facility": {"code": 14841}}, {"service": {"name": "PMTCT - ANC"}, "facility": {"code": 14841}}, {"service": {"name": "Provider Initiated Counselling and Testing"}, "facility": {"code": 14841}}, {"service": {"name": "Management of STIs"}, "facility": {"code": 14841}}, {"service": {"name": "Condom Promotion and Distribution"}, "facility": {"code": 14841}}, {"service": {"name": "Nutrition Services"}, "facility": {"code": 13281}}, {"service": {"name": "Maternity Services"}, "facility": {"code": 13281}}, {"service": {"name": "Curative Services"}, "facility": {"code": 13281}}, {"service": {"name": "Basic Immunization"}, "facility": {"code": 13281}}, {"service": {"name": "Short Term FP"}, "facility": {"code": 13281}}, {"service": {"name": "Adult Antiretroviral Therapy"}, "facility": {"code": 13281}}, {"service": {"name": "Paediatric Antiretroviral Therapy"}, "facility": {"code": 13281}}, {"service": {"name": "Post Exposure Prophylaxis"}, "facility": {"code": 13281}}, {"service": {"name": "PMTCT - Maternity"}, "facility": {"code": 13281}}, {"service": {"name": "Provider Initiated Counselling and Testing"}, "facility": {"code": 13281}}, {"service": {"name": "Management of STIs"}, "facility": {"code": 13281}}, {"service": {"name": "Condom Promotion and Distribution"}, "facility": {"code": 13281}}, {"service": {"name": "Nutrition Services"}, "facility": {"code": 13268}}, {"service": {"name": "Laboratory Services"}, "facility": {"code": 13268}}, {"service": {"name": "Curative Services"}, "facility": {"code": 13268}}, {"service": {"name": "First Line Treatment"}, "facility": {"code": 13268}}, {"service": {"name": "Smear Microscopy"}, "facility": {"code": 13268}}, {"service": {"name": "Basic Immunization"}, "facility": {"code": 13268}}, {"service": {"name": "Short Term FP"}, "facility": {"code": 13268}}, {"service": {"name": "PMTCT - ANC"}, "facility": {"code": 13268}}, {"service": {"name": "Management of STIs"}, "facility": {"code": 13268}}, {"service": {"name": "Condom Promotion and Distribution"}, "facility": {"code": 13268}}, {"service": {"name": "Emergency Preparedness"}, "facility": {"code": 15345}}, {"service": {"name": "Emergency Obstetric Care"}, "facility": {"code": 15345}}, {"service": {"name": "Environmental Health Services"}, "facility": {"code": 15345}}, {"service": {"name": "Nutrition Services"}, "facility": {"code": 15345}}, {"service": {"name": "Curative Services"}, "facility": {"code": 15345}}, {"service": {"name": "Basic Immunization"}, "facility": {"code": 15345}}, {"service": {"name": "Specialized ANC"}, "facility": {"code": 15345}}, {"service": {"name": "Focused Antenatal Care"}, "facility": {"code": 15345}}, {"service": {"name": "Long Term FP"}, "facility": {"code": 15345}}, {"service": {"name": "Short Term FP"}, "facility": {"code": 15345}}, {"service": {"name": "PMTCT - ANC"}, "facility": {"code": 15345}}, {"service": {"name": "Management of STIs"}, "facility": {"code": 15345}}, {"service": {"name": "Condom Promotion and Distribution"}, "facility": {"code": 15345}}, {"service": {"name": "Emergency Preparedness"}, "facility": {"code": 14524}}, {"service": {"name": "Emergency Obstetric Care"}, "facility": {"code": 14524}}, {"service": {"name": "Environmental Health Services"}, "facility": {"code": 14524}}, {"service": {"name": "Nutrition Services"}, "facility": {"code": 14524}}, {"service": {"name": "Laboratory Services"}, "facility": {"code": 14524}}, {"service": {"name": "Curative Services"}, "facility": {"code": 14524}}, {"service": {"name": "MDRTB Treatment"}, "facility": {"code": 14524}}, {"service": {"name": "Smear Microscopy"}, "facility": {"code": 14524}}, {"service": {"name": "Basic Immunization"}, "facility": {"code": 14524}}, {"service": {"name": "Specialized ANC"}, "facility": {"code": 14524}}, {"service": {"name": "Focused Antenatal Care"}, "facility": {"code": 14524}}, {"service": {"name": "Long Term FP"}, "facility": {"code": 14524}}, {"service": {"name": "Short Term FP"}, "facility": {"code": 14524}}, {"service": {"name": "Post Exposure Prophylaxis"}, "facility": {"code": 14524}}, {"service": {"name": "PMTCT - ANC"}, "facility": {"code": 14524}}, {"service": {"name": "Diagnostic Counselling and Testing"}, "facility": {"code": 14524}}, {"service": {"name": "Provider Initiated Counselling and Testing"}, "facility": {"code": 14524}}, {"service": {"name": "Voluntary Counselling and Testing"}, "facility": {"code": 14524}}, {"service": {"name": "Management of STIs"}, "facility": {"code": 14524}}, {"service": {"name": "Condom Promotion and Distribution"}, "facility": {"code": 14524}}, {"service": {"name": "Curative Services"}, "facility": {"code": 13364}}, {"service": {"name": "Surgical Services"}, "facility": {"code": 13364}}, {"service": {"name": "Short Term FP"}, "facility": {"code": 13364}}, {"service": {"name": "PMTCT - ANC"}, "facility": {"code": 13364}}, {"service": {"name": "Condom Promotion and Distribution"}, "facility": {"code": 13364}}, {"service": {"name": "Maternity Services"}, "facility": {"code": 13450}}, {"service": {"name": "Curative Services"}, "facility": {"code": 13450}}, {"service": {"name": "Short Term FP"}, "facility": {"code": 13450}}, {"service": {"name": "Management of STIs"}, "facility": {"code": 13450}}, {"service": {"name": "Condom Promotion and Distribution"}, "facility": {"code": 13450}}, {"service": {"name": "Maternity Services"}, "facility": {"code": 13391}}, {"service": {"name": "Curative Services"}, "facility": {"code": 13391}}, {"service": {"name": "Short Term FP"}, "facility": {"code": 13391}}, {"service": {"name": "PMTCT - Maternity"}, "facility": {"code": 13391}}, {"service": {"name": "PMTCT - ANC"}, "facility": {"code": 13391}}, {"service": {"name": "Management of STIs"}, "facility": {"code": 13391}}, {"service": {"name": "Condom Promotion and Distribution"}, "facility": {"code": 13391}}, {"service": {"name": "Nutrition Services"}, "facility": {"code": 13321}}, {"service": {"name": "Laboratory Services"}, "facility": {"code": 13321}}, {"service": {"name": "Curative Services"}, "facility": {"code": 13321}}, {"service": {"name": "First Line Treatment"}, "facility": {"code": 13321}}, {"service": {"name": "Smear Microscopy"}, "facility": {"code": 13321}}, {"service": {"name": "Basic Immunization"}, "facility": {"code": 13321}}, {"service": {"name": "Short Term FP"}, "facility": {"code": 13321}}, {"service": {"name": "PMTCT - Maternity"}, "facility": {"code": 13321}}, {"service": {"name": "Diagnostic Counselling and Testing"}, "facility": {"code": 13321}}, {"service": {"name": "Provider Initiated Counselling and Testing"}, "facility": {"code": 13321}}, {"service": {"name": "Condom Promotion and Distribution"}, "facility": {"code": 13321}}, {"service": {"name": "Nutrition Services"}, "facility": {"code": 13436}}, {"service": {"name": "Maternity Services"}, "facility": {"code": 13436}}, {"service": {"name": "Curative Services"}, "facility": {"code": 13436}}, {"service": {"name": "Basic Immunization"}, "facility": {"code": 13436}}, {"service": {"name": "Short Term FP"}, "facility": {"code": 13436}}, {"service": {"name": "PMTCT - Maternity"}, "facility": {"code": 13436}}, {"service": {"name": "PMTCT - ANC"}, "facility": {"code": 13436}}, {"service": {"name": "Provider Initiated Counselling and Testing"}, "facility": {"code": 13436}}, {"service": {"name": "Management of STIs"}, "facility": {"code": 13436}}, {"service": {"name": "Condom Promotion and Distribution"}, "facility": {"code": 13436}}, {"service": {"name": "Nutrition Services"}, "facility": {"code": 13404}}, {"service": {"name": "Maternity Services"}, "facility": {"code": 13404}}, {"service": {"name": "Curative Services"}, "facility": {"code": 13404}}, {"service": {"name": "Short Term FP"}, "facility": {"code": 13404}}, {"service": {"name": "PMTCT - ANC"}, "facility": {"code": 13404}}, {"service": {"name": "PMTCT - Maternity"}, "facility": {"code": 13404}}, {"service": {"name": "Provider Initiated Counselling and Testing"}, "facility": {"code": 13404}}, {"service": {"name": "Management of STIs"}, "facility": {"code": 13404}}, {"service": {"name": "Condom Promotion and Distribution"}, "facility": {"code": 13404}}, {"service": {"name": "Nutrition Services"}, "facility": {"code": 13446}}, {"service": {"name": "Maternity Services"}, "facility": {"code": 13446}}, {"service": {"name": "Curative Services"}, "facility": {"code": 13446}}, {"service": {"name": "Basic Immunization"}, "facility": {"code": 13446}}, {"service": {"name": "Short Term FP"}, "facility": {"code": 13446}}, {"service": {"name": "PMTCT - Maternity"}, "facility": {"code": 13446}}, {"service": {"name": "Management of STIs"}, "facility": {"code": 13446}}, {"service": {"name": "Condom Promotion and Distribution"}, "facility": {"code": 13446}}, {"service": {"name": "Nutrition Services"}, "facility": {"code": 13332}}, {"service": {"name": "Maternity Services"}, "facility": {"code": 13332}}, {"service": {"name": "Curative Services"}, "facility": {"code": 13332}}, {"service": {"name": "Basic Immunization"}, "facility": {"code": 13332}}, {"service": {"name": "Short Term FP"}, "facility": {"code": 13332}}, {"service": {"name": "PMTCT - Maternity"}, "facility": {"code": 13332}}, {"service": {"name": "PMTCT - ANC"}, "facility": {"code": 13332}}, {"service": {"name": "Condom Promotion and Distribution"}, "facility": {"code": 13332}}, {"service": {"name": "Nutrition Services"}, "facility": {"code": 13425}}, {"service": {"name": "Maternity Services"}, "facility": {"code": 13425}}, {"service": {"name": "Curative Services"}, "facility": {"code": 13425}}, {"service": {"name": "Basic Immunization"}, "facility": {"code": 13425}}, {"service": {"name": "Short Term FP"}, "facility": {"code": 13425}}, {"service": {"name": "Provider Initiated Counselling and Testing"}, "facility": {"code": 13425}}, {"service": {"name": "Condom Promotion and Distribution"}, "facility": {"code": 13425}}, {"service": {"name": "Nutrition Services"}, "facility": {"code": 13451}}, {"service": {"name": "Maternity Services"}, "facility": {"code": 13451}}, {"service": {"name": "Curative Services"}, "facility": {"code": 13451}}, {"service": {"name": "Basic Immunization"}, "facility": {"code": 13451}}, {"service": {"name": "Short Term FP"}, "facility": {"code": 13451}}, {"service": {"name": "PMTCT - Maternity"}, "facility": {"code": 13451}}, {"service": {"name": "PMTCT - ANC"}, "facility": {"code": 13451}}, {"service": {"name": "Provider Initiated Counselling and Testing"}, "facility": {"code": 13451}}, {"service": {"name": "Condom Promotion and Distribution"}, "facility": {"code": 13451}}, {"service": {"name": "Emergency Obstetric Care"}, "facility": {"code": 13178}}, {"service": {"name": "Services for Sexual Violence Survivors"}, "facility": {"code": 13178}}, {"service": {"name": "Integrated Management of Childhood Illnesses"}, "facility": {"code": 13178}}, {"service": {"name": "Laboratory Services"}, "facility": {"code": 13178}}, {"service": {"name": "Maternity Services"}, "facility": {"code": 13178}}, {"service": {"name": "Surgical Services"}, "facility": {"code": 13178}}, {"service": {"name": "Curative Services"}, "facility": {"code": 13178}}, {"service": {"name": "Basic Immunization"}, "facility": {"code": 13178}}, {"service": {"name": "Focused Antenatal Care"}, "facility": {"code": 13178}}, {"service": {"name": "Short Term FP"}, "facility": {"code": 13178}}, {"service": {"name": "Voluntary Male Circumcision"}, "facility": {"code": 13178}}, {"service": {"name": "PMTCT - Maternity"}, "facility": {"code": 13178}}, {"service": {"name": "PMTCT - ANC"}, "facility": {"code": 13178}}, {"service": {"name": "Provider Initiated Counselling and Testing"}, "facility": {"code": 13178}}, {"service": {"name": "Voluntary Counselling and Testing"}, "facility": {"code": 13178}}, {"service": {"name": "Management of STIs"}, "facility": {"code": 13178}}, {"service": {"name": "Condom Promotion and Distribution"}, "facility": {"code": 13178}}, {"service": {"name": "First Line Treatment"}, "facility": {"code": 13028}}, {"service": {"name": "Smear Microscopy"}, "facility": {"code": 13028}}, {"service": {"name": "Basic Immunization"}, "facility": {"code": 13028}}, {"service": {"name": "Focused Antenatal Care"}, "facility": {"code": 13028}}, {"service": {"name": "Long Term FP"}, "facility": {"code": 13028}}, {"service": {"name": "Short Term FP"}, "facility": {"code": 13028}}, {"service": {"name": "Home Based Care"}, "facility": {"code": 13028}}, {"service": {"name": "Adult Antiretroviral Therapy"}, "facility": {"code": 13028}}, {"service": {"name": "Paediatric Antiretroviral Therapy"}, "facility": {"code": 13028}}, {"service": {"name": "Post Exposure Prophylaxis"}, "facility": {"code": 13028}}, {"service": {"name": "Voluntary Male Circumcision"}, "facility": {"code": 13028}}, {"service": {"name": "PMTCT - Maternity"}, "facility": {"code": 13028}}, {"service": {"name": "PMTCT - ANC"}, "facility": {"code": 13028}}, {"service": {"name": "Early Infant Diagnosis"}, "facility": {"code": 13028}}, {"service": {"name": "Diagnostic Counselling and Testing"}, "facility": {"code": 13028}}, {"service": {"name": "Provider Initiated Counselling and Testing"}, "facility": {"code": 13028}}, {"service": {"name": "Voluntary Counselling and Testing"}, "facility": {"code": 13028}}, {"service": {"name": "Emergency Preparedness"}, "facility": {"code": 13030}}, {"service": {"name": "MDRTB Treatment"}, "facility": {"code": 13030}}, {"service": {"name": "First Line Treatment"}, "facility": {"code": 13030}}, {"service": {"name": "Smear Microscopy"}, "facility": {"code": 13030}}, {"service": {"name": "Immunization with additional vaccines"}, "facility": {"code": 13030}}, {"service": {"name": "Basic Immunization"}, "facility": {"code": 13030}}, {"service": {"name": "Specialized ANC"}, "facility": {"code": 13030}}, {"service": {"name": "Focused Antenatal Care"}, "facility": {"code": 13030}}, {"service": {"name": "Long Term FP"}, "facility": {"code": 13030}}, {"service": {"name": "Short Term FP"}, "facility": {"code": 13030}}, {"service": {"name": "Adult Antiretroviral Therapy"}, "facility": {"code": 13030}}, {"service": {"name": "Paediatric Antiretroviral Therapy"}, "facility": {"code": 13030}}, {"service": {"name": "Post Exposure Prophylaxis"}, "facility": {"code": 13030}}, {"service": {"name": "PMTCT - ANC"}, "facility": {"code": 13030}}, {"service": {"name": "Early Infant Diagnosis"}, "facility": {"code": 13030}}, {"service": {"name": "Diagnostic Counselling and Testing"}, "facility": {"code": 13030}}, {"service": {"name": "Provider Initiated Counselling and Testing"}, "facility": {"code": 13030}}, {"service": {"name": "Management of STIs"}, "facility": {"code": 13030}}, {"service": {"name": "Condom Promotion and Distribution"}, "facility": {"code": 13030}}, {"service": {"name": "Services for Sexual Violence Survivors"}, "facility": {"code": 13186}}, {"service": {"name": "Nutrition Services"}, "facility": {"code": 13186}}, {"service": {"name": "Laboratory Services"}, "facility": {"code": 13186}}, {"service": {"name": "Surgical Services"}, "facility": {"code": 13186}}, {"service": {"name": "Curative Services"}, "facility": {"code": 13186}}, {"service": {"name": "MDRTB Treatment"}, "facility": {"code": 13186}}, {"service": {"name": "First Line Treatment"}, "facility": {"code": 13186}}, {"service": {"name": "Smear Microscopy"}, "facility": {"code": 13186}}, {"service": {"name": "Immunization with additional vaccines"}, "facility": {"code": 13186}}, {"service": {"name": "Basic Immunization"}, "facility": {"code": 13186}}, {"service": {"name": "Focused Antenatal Care"}, "facility": {"code": 13186}}, {"service": {"name": "Long Term FP"}, "facility": {"code": 13186}}, {"service": {"name": "Short Term FP"}, "facility": {"code": 13186}}, {"service": {"name": "Post Exposure Prophylaxis"}, "facility": {"code": 13186}}, {"service": {"name": "PMTCT - ANC"}, "facility": {"code": 13186}}, {"service": {"name": "Early Infant Diagnosis"}, "facility": {"code": 13186}}, {"service": {"name": "Diagnostic Counselling and Testing"}, "facility": {"code": 13186}}, {"service": {"name": "Provider Initiated Counselling and Testing"}, "facility": {"code": 13186}}, {"service": {"name": "Management of STIs"}, "facility": {"code": 13186}}, {"service": {"name": "Condom Promotion and Distribution"}, "facility": {"code": 13186}}, {"service": {"name": "Oral Health Services (Dental Services)"}, "facility": {"code": 12894}}, {"service": {"name": "Laboratory Services"}, "facility": {"code": 12894}}, {"service": {"name": "Surgical Services"}, "facility": {"code": 12894}}, {"service": {"name": "Curative Services"}, "facility": {"code": 12894}}, {"service": {"name": "Immunization with additional vaccines"}, "facility": {"code": 12894}}, {"service": {"name": "Basic Immunization"}, "facility": {"code": 12894}}, {"service": {"name": "Focused Antenatal Care"}, "facility": {"code": 12894}}, {"service": {"name": "Integrated Services"}, "facility": {"code": 12894}}, {"service": {"name": "Short Term FP"}, "facility": {"code": 12894}}, {"service": {"name": "PMTCT - ANC"}, "facility": {"code": 12894}}, {"service": {"name": "Provider Initiated Counselling and Testing"}, "facility": {"code": 12894}}, {"service": {"name": "Voluntary Counselling and Testing"}, "facility": {"code": 12894}}, {"service": {"name": "Management of STIs"}, "facility": {"code": 12894}}, {"service": {"name": "Condom Promotion and Distribution"}, "facility": {"code": 12894}}, {"service": {"name": "Integrated Management of Childhood Illnesses"}, "facility": {"code": 13058}}, {"service": {"name": "Laboratory Services"}, "facility": {"code": 13058}}, {"service": {"name": "Surgical Services"}, "facility": {"code": 13058}}, {"service": {"name": "Curative Services"}, "facility": {"code": 13058}}, {"service": {"name": "Focused Antenatal Care"}, "facility": {"code": 13058}}, {"service": {"name": "Basic Immunization"}, "facility": {"code": 13058}}, {"service": {"name": "Short Term FP"}, "facility": {"code": 13058}}, {"service": {"name": "Voluntary Male Circumcision"}, "facility": {"code": 13058}}, {"service": {"name": "PMTCT - ANC"}, "facility": {"code": 13058}}, {"service": {"name": "Diagnostic Counselling and Testing"}, "facility": {"code": 13058}}, {"service": {"name": "Provider Initiated Counselling and Testing"}, "facility": {"code": 13058}}, {"service": {"name": "Management of STIs"}, "facility": {"code": 13058}}, {"service": {"name": "Condom Promotion and Distribution"}, "facility": {"code": 13058}}, {"service": {"name": "Nutrition Services"}, "facility": {"code": 13029}}, {"service": {"name": "Laboratory Services"}, "facility": {"code": 13029}}, {"service": {"name": "Curative Services"}, "facility": {"code": 13029}}, {"service": {"name": "First Line Treatment"}, "facility": {"code": 13029}}, {"service": {"name": "Tuberculosis Culture"}, "facility": {"code": 13029}}, {"service": {"name": "Smear Microscopy"}, "facility": {"code": 13029}}, {"service": {"name": "Basic Immunization"}, "facility": {"code": 13029}}, {"service": {"name": "Focused Antenatal Care"}, "facility": {"code": 13029}}, {"service": {"name": "Short Term FP"}, "facility": {"code": 13029}}, {"service": {"name": "Home Based Care"}, "facility": {"code": 13029}}, {"service": {"name": "Voluntary Male Circumcision"}, "facility": {"code": 13029}}, {"service": {"name": "PMTCT - ANC"}, "facility": {"code": 13029}}, {"service": {"name": "Diagnostic Counselling and Testing"}, "facility": {"code": 13029}}, {"service": {"name": "Provider Initiated Counselling and Testing"}, "facility": {"code": 13029}}, {"service": {"name": "Voluntary Counselling and Testing"}, "facility": {"code": 13029}}, {"service": {"name": "Management of STIs"}, "facility": {"code": 13029}}, {"service": {"name": "Condom Promotion and Distribution"}, "facility": {"code": 13029}}, {"service": {"name": "Emergency Obstetric Care"}, "facility": {"code": 12743}}, {"service": {"name": "Ambulance Sevices"}, "facility": {"code": 12743}}, {"service": {"name": "Laboratory Services"}, "facility": {"code": 12743}}, {"service": {"name": "First Line Treatment"}, "facility": {"code": 12743}}, {"service": {"name": "Smear Microscopy"}, "facility": {"code": 12743}}, {"service": {"name": "Basic Immunization"}, "facility": {"code": 12743}}, {"service": {"name": "Focused Antenatal Care"}, "facility": {"code": 12743}}, {"service": {"name": "Post Exposure Prophylaxis"}, "facility": {"code": 12743}}, {"service": {"name": "PMTCT - Maternity"}, "facility": {"code": 12743}}, {"service": {"name": "PMTCT - ANC"}, "facility": {"code": 12743}}, {"service": {"name": "Early Infant Diagnosis"}, "facility": {"code": 12743}}, {"service": {"name": "Provider Initiated Counselling and Testing"}, "facility": {"code": 12743}}, {"service": {"name": "Management of STIs"}, "facility": {"code": 12743}}, {"service": {"name": "Laboratory Services"}, "facility": {"code": 12283}}, {"service": {"name": "Curative Services"}, "facility": {"code": 12283}}, {"service": {"name": "First Line Treatment"}, "facility": {"code": 12283}}, {"service": {"name": "Short Term FP"}, "facility": {"code": 12283}}, {"service": {"name": "Laboratory Services"}, "facility": {"code": 15710}}, {"service": {"name": "First Line Treatment"}, "facility": {"code": 15710}}, {"service": {"name": "PMTCT - ANC"}, "facility": {"code": 12283}}, {"service": {"name": "Smear Microscopy"}, "facility": {"code": 15710}}, {"service": {"name": "Provider Initiated Counselling and Testing"}, "facility": {"code": 12283}}, {"service": {"name": "PMTCT - Maternity"}, "facility": {"code": 15710}}, {"service": {"name": "Early Infant Diagnosis"}, "facility": {"code": 15710}}, {"service": {"name": "Post Exposure Prophylaxis"}, "facility": {"code": 15710}}, {"service": {"name": "Adult Antiretroviral Therapy"}, "facility": {"code": 15710}}, {"service": {"name": "Paediatric Antiretroviral Therapy"}, "facility": {"code": 15710}}, {"service": {"name": "Curative Services"}, "facility": {"code": 12615}}, {"service": {"name": "First Line Treatment"}, "facility": {"code": 12615}}, {"service": {"name": "Basic Immunization"}, "facility": {"code": 12615}}, {"service": {"name": "Short Term FP"}, "facility": {"code": 12615}}, {"service": {"name": "PMTCT - ANC"}, "facility": {"code": 12615}}, {"service": {"name": "Emergency Preparedness"}, "facility": {"code": 15710}}, {"service": {"name": "ENT Services"}, "facility": {"code": 15710}}, {"service": {"name": "Oral Health Services (Dental Services)"}, "facility": {"code": 15710}}, {"service": {"name": "Provider Initiated Counselling and Testing"}, "facility": {"code": 12615}}, {"service": {"name": "Management of STIs"}, "facility": {"code": 12615}}, {"service": {"name": "Emergency Obstetric Care"}, "facility": {"code": 15710}}, {"service": {"name": "Condom Promotion and Distribution"}, "facility": {"code": 12615}}, {"service": {"name": "Environmental Health Services"}, "facility": {"code": 15710}}, {"service": {"name": "Mental Health Services"}, "facility": {"code": 15710}}, {"service": {"name": "Opthalmic Services"}, "facility": {"code": 15710}}, {"service": {"name": "Nutrition Services"}, "facility": {"code": 15710}}, {"service": {"name": "Integrated Management of Childhood Illnesses"}, "facility": {"code": 15710}}, {"service": {"name": "Surgical Services"}, "facility": {"code": 15710}}, {"service": {"name": "Maternity Services"}, "facility": {"code": 15710}}, {"service": {"name": "Curative Services"}, "facility": {"code": 15710}}, {"service": {"name": "Basic Immunization"}, "facility": {"code": 15710}}, {"service": {"name": "Short Term FP"}, "facility": {"code": 15710}}, {"service": {"name": "Laboratory Services"}, "facility": {"code": 12232}}, {"service": {"name": "Curative Services"}, "facility": {"code": 12232}}, {"service": {"name": "First Line Treatment"}, "facility": {"code": 12232}}, {"service": {"name": "PMTCT - ANC"}, "facility": {"code": 15710}}, {"service": {"name": "Basic Immunization"}, "facility": {"code": 12232}}, {"service": {"name": "Diagnostic Counselling and Testing"}, "facility": {"code": 15710}}, {"service": {"name": "Voluntary Counselling and Testing"}, "facility": {"code": 15710}}, {"service": {"name": "Focused Antenatal Care"}, "facility": {"code": 12232}}, {"service": {"name": "Provider Initiated Counselling and Testing"}, "facility": {"code": 15710}}, {"service": {"name": "Management of STIs"}, "facility": {"code": 15710}}, {"service": {"name": "Condom Promotion and Distribution"}, "facility": {"code": 15710}}, {"service": {"name": "Short Term FP"}, "facility": {"code": 12232}}, {"service": {"name": "Post Exposure Prophylaxis"}, "facility": {"code": 12232}}, {"service": {"name": "PMTCT - ANC"}, "facility": {"code": 12232}}, {"service": {"name": "Provider Initiated Counselling and Testing"}, "facility": {"code": 12232}}, {"service": {"name": "Management of STIs"}, "facility": {"code": 12232}}, {"service": {"name": "Condom Promotion and Distribution"}, "facility": {"code": 12232}}, {"service": {"name": "Emergency Preparedness"}, "facility": {"code": 15624}}, {"service": {"name": "ENT Services"}, "facility": {"code": 15624}}, {"service": {"name": "Oral Health Services (Dental Services)"}, "facility": {"code": 15624}}, {"service": {"name": "Emergency Obstetric Care"}, "facility": {"code": 15624}}, {"service": {"name": "Environmental Health Services"}, "facility": {"code": 15624}}, {"service": {"name": "Mental Health Services"}, "facility": {"code": 15624}}, {"service": {"name": "Opthalmic Services"}, "facility": {"code": 15624}}, {"service": {"name": "Nutrition Services"}, "facility": {"code": 15624}}, {"service": {"name": "Surgical Services"}, "facility": {"code": 15624}}, {"service": {"name": "Maternity Services"}, "facility": {"code": 15624}}, {"service": {"name": "Curative Services"}, "facility": {"code": 15624}}, {"service": {"name": "Basic Immunization"}, "facility": {"code": 15624}}, {"service": {"name": "Short Term FP"}, "facility": {"code": 15624}}, {"service": {"name": "PMTCT - ANC"}, "facility": {"code": 15624}}, {"service": {"name": "Diagnostic Counselling and Testing"}, "facility": {"code": 15624}}, {"service": {"name": "Provider Initiated Counselling and Testing"}, "facility": {"code": 15624}}, {"service": {"name": "Management of STIs"}, "facility": {"code": 15624}}, {"service": {"name": "Condom Promotion and Distribution"}, "facility": {"code": 15624}}, {"service": {"name": "Emergency Preparedness"}, "facility": {"code": 11976}}, {"service": {"name": "Oral Health Services (Dental Services)"}, "facility": {"code": 11976}}, {"service": {"name": "Emergency Obstetric Care"}, "facility": {"code": 11976}}, {"service": {"name": "Integrated Management of Childhood Illnesses"}, "facility": {"code": 11976}}, {"service": {"name": "Ambulance Sevices"}, "facility": {"code": 11976}}, {"service": {"name": "Laboratory Services"}, "facility": {"code": 11976}}, {"service": {"name": "Radiology Services"}, "facility": {"code": 11976}}, {"service": {"name": "Surgical Services"}, "facility": {"code": 11976}}, {"service": {"name": "Maternity Services"}, "facility": {"code": 11976}}, {"service": {"name": "Curative Services"}, "facility": {"code": 11976}}, {"service": {"name": "Facility Based Blood Transfusion Service"}, "facility": {"code": 11976}}, {"service": {"name": "First Line Treatment"}, "facility": {"code": 11976}}, {"service": {"name": "Smear Microscopy"}, "facility": {"code": 11976}}, {"service": {"name": "Basic Immunization"}, "facility": {"code": 11976}}, {"service": {"name": "Focused Antenatal Care"}, "facility": {"code": 11976}}, {"service": {"name": "Adult Antiretroviral Therapy"}, "facility": {"code": 11976}}, {"service": {"name": "Paediatric Antiretroviral Therapy"}, "facility": {"code": 11976}}, {"service": {"name": "Post Exposure Prophylaxis"}, "facility": {"code": 11976}}, {"service": {"name": "PMTCT - Maternity"}, "facility": {"code": 11976}}, {"service": {"name": "PMTCT - ANC"}, "facility": {"code": 11976}}, {"service": {"name": "Early Infant Diagnosis"}, "facility": {"code": 11976}}, {"service": {"name": "Provider Initiated Counselling and Testing"}, "facility": {"code": 11976}}, {"service": {"name": "Voluntary Counselling and Testing"}, "facility": {"code": 11976}}, {"service": {"name": "Management of STIs"}, "facility": {"code": 11976}}, {"service": {"name": "Emergency Obstetric Care"}, "facility": {"code": 12181}}, {"service": {"name": "Oral Health Services (Dental Services)"}, "facility": {"code": 12181}}, {"service": {"name": "Rehabilitative Health Services - Physiotherapy"}, "facility": {"code": 12181}}, {"service": {"name": "Nutrition Services"}, "facility": {"code": 12181}}, {"service": {"name": "Laboratory Services"}, "facility": {"code": 12181}}, {"service": {"name": "Maternity Services"}, "facility": {"code": 12181}}, {"service": {"name": "Emergency Preparedness"}, "facility": {"code": 15608}}, {"service": {"name": "Curative Services"}, "facility": {"code": 12181}}, {"service": {"name": "ENT Services"}, "facility": {"code": 15608}}, {"service": {"name": "Oral Health Services (Dental Services)"}, "facility": {"code": 15608}}, {"service": {"name": "Emergency Obstetric Care"}, "facility": {"code": 15608}}, {"service": {"name": "Facility Based Blood Transfusion Service"}, "facility": {"code": 12181}}, {"service": {"name": "Rehabilitative Health Services - Occupational Health"}, "facility": {"code": 12181}}, {"service": {"name": "First Line Treatment"}, "facility": {"code": 12181}}, {"service": {"name": "MDRTB Treatment"}, "facility": {"code": 12181}}, {"service": {"name": "Environmental Health Services"}, "facility": {"code": 15608}}, {"service": {"name": "Mental Health Services"}, "facility": {"code": 15608}}, {"service": {"name": "Smear Microscopy"}, "facility": {"code": 12181}}, {"service": {"name": "Basic Immunization"}, "facility": {"code": 12181}}, {"service": {"name": "Focused Antenatal Care"}, "facility": {"code": 12181}}, {"service": {"name": "Opthalmic Services"}, "facility": {"code": 15608}}, {"service": {"name": "Integrated Services"}, "facility": {"code": 12181}}, {"service": {"name": "Nutrition Services"}, "facility": {"code": 15608}}, {"service": {"name": "Surgical Services"}, "facility": {"code": 15608}}, {"service": {"name": "Long Term FP"}, "facility": {"code": 12181}}, {"service": {"name": "Maternity Services"}, "facility": {"code": 15608}}, {"service": {"name": "Short Term FP"}, "facility": {"code": 12181}}, {"service": {"name": "Adult Antiretroviral Therapy"}, "facility": {"code": 12181}}, {"service": {"name": "Curative Services"}, "facility": {"code": 15608}}, {"service": {"name": "Paediatric Antiretroviral Therapy"}, "facility": {"code": 12181}}, {"service": {"name": "Voluntary Male Circumcision"}, "facility": {"code": 12181}}, {"service": {"name": "PMTCT - Maternity"}, "facility": {"code": 12181}}, {"service": {"name": "PMTCT - ANC"}, "facility": {"code": 12181}}, {"service": {"name": "Early Infant Diagnosis"}, "facility": {"code": 12181}}, {"service": {"name": "Provider Initiated Counselling and Testing"}, "facility": {"code": 12181}}, {"service": {"name": "Voluntary Counselling and Testing"}, "facility": {"code": 12181}}, {"service": {"name": "Management of STIs"}, "facility": {"code": 12181}}, {"service": {"name": "Condom Promotion and Distribution"}, "facility": {"code": 12181}}, {"service": {"name": "Basic Immunization"}, "facility": {"code": 15608}}, {"service": {"name": "Short Term FP"}, "facility": {"code": 15608}}, {"service": {"name": "PMTCT - ANC"}, "facility": {"code": 15608}}, {"service": {"name": "Diagnostic Counselling and Testing"}, "facility": {"code": 15608}}, {"service": {"name": "Provider Initiated Counselling and Testing"}, "facility": {"code": 15608}}, {"service": {"name": "Management of STIs"}, "facility": {"code": 15608}}, {"service": {"name": "Condom Promotion and Distribution"}, "facility": {"code": 15608}}, {"service": {"name": "Emergency Preparedness"}, "facility": {"code": 15575}}, {"service": {"name": "ENT Services"}, "facility": {"code": 15575}}, {"service": {"name": "Oral Health Services (Dental Services)"}, "facility": {"code": 15575}}, {"service": {"name": "Emergency Obstetric Care"}, "facility": {"code": 15575}}, {"service": {"name": "Environmental Health Services"}, "facility": {"code": 15575}}, {"service": {"name": "Mental Health Services"}, "facility": {"code": 15575}}, {"service": {"name": "Opthalmic Services"}, "facility": {"code": 15575}}, {"service": {"name": "Nutrition Services"}, "facility": {"code": 15575}}, {"service": {"name": "Surgical Services"}, "facility": {"code": 15575}}, {"service": {"name": "Maternity Services"}, "facility": {"code": 15575}}, {"service": {"name": "Curative Services"}, "facility": {"code": 15575}}, {"service": {"name": "Basic Immunization"}, "facility": {"code": 15575}}, {"service": {"name": "Short Term FP"}, "facility": {"code": 15575}}, {"service": {"name": "PMTCT - ANC"}, "facility": {"code": 15575}}, {"service": {"name": "Diagnostic Counselling and Testing"}, "facility": {"code": 15575}}, {"service": {"name": "Provider Initiated Counselling and Testing"}, "facility": {"code": 15575}}, {"service": {"name": "Management of STIs"}, "facility": {"code": 15575}}, {"service": {"name": "Condom Promotion and Distribution"}, "facility": {"code": 15575}}, {"service": {"name": "Emergency Preparedness"}, "facility": {"code": 15532}}, {"service": {"name": "ENT Services"}, "facility": {"code": 15532}}, {"service": {"name": "Oral Health Services (Dental Services)"}, "facility": {"code": 15532}}, {"service": {"name": "Emergency Obstetric Care"}, "facility": {"code": 15532}}, {"service": {"name": "Environmental Health Services"}, "facility": {"code": 15532}}, {"service": {"name": "Mental Health Services"}, "facility": {"code": 15532}}, {"service": {"name": "Opthalmic Services"}, "facility": {"code": 15532}}, {"service": {"name": "Nutrition Services"}, "facility": {"code": 15532}}, {"service": {"name": "Surgical Services"}, "facility": {"code": 15532}}, {"service": {"name": "Maternity Services"}, "facility": {"code": 15532}}, {"service": {"name": "Curative Services"}, "facility": {"code": 15532}}, {"service": {"name": "Basic Immunization"}, "facility": {"code": 15532}}, {"service": {"name": "Short Term FP"}, "facility": {"code": 15532}}, {"service": {"name": "PMTCT - ANC"}, "facility": {"code": 15532}}, {"service": {"name": "Diagnostic Counselling and Testing"}, "facility": {"code": 15532}}, {"service": {"name": "Provider Initiated Counselling and Testing"}, "facility": {"code": 15532}}, {"service": {"name": "Management of STIs"}, "facility": {"code": 15532}}, {"service": {"name": "Condom Promotion and Distribution"}, "facility": {"code": 15532}}, {"service": {"name": "Emergency Preparedness"}, "facility": {"code": 15497}}, {"service": {"name": "ENT Services"}, "facility": {"code": 15497}}, {"service": {"name": "Oral Health Services (Dental Services)"}, "facility": {"code": 15497}}, {"service": {"name": "Emergency Obstetric Care"}, "facility": {"code": 15497}}, {"service": {"name": "Environmental Health Services"}, "facility": {"code": 15497}}, {"service": {"name": "Mental Health Services"}, "facility": {"code": 15497}}, {"service": {"name": "Opthalmic Services"}, "facility": {"code": 15497}}, {"service": {"name": "Nutrition Services"}, "facility": {"code": 15497}}, {"service": {"name": "Surgical Services"}, "facility": {"code": 15497}}, {"service": {"name": "Maternity Services"}, "facility": {"code": 15497}}, {"service": {"name": "Curative Services"}, "facility": {"code": 15497}}, {"service": {"name": "Basic Immunization"}, "facility": {"code": 15497}}, {"service": {"name": "Short Term FP"}, "facility": {"code": 15497}}, {"service": {"name": "PMTCT - ANC"}, "facility": {"code": 15497}}, {"service": {"name": "Diagnostic Counselling and Testing"}, "facility": {"code": 15497}}, {"service": {"name": "Provider Initiated Counselling and Testing"}, "facility": {"code": 15497}}, {"service": {"name": "Management of STIs"}, "facility": {"code": 15497}}, {"service": {"name": "Condom Promotion and Distribution"}, "facility": {"code": 15497}}, {"service": {"name": "Emergency Preparedness"}, "facility": {"code": 15391}}, {"service": {"name": "ENT Services"}, "facility": {"code": 15391}}, {"service": {"name": "Oral Health Services (Dental Services)"}, "facility": {"code": 15391}}, {"service": {"name": "Emergency Obstetric Care"}, "facility": {"code": 15391}}, {"service": {"name": "Environmental Health Services"}, "facility": {"code": 15391}}, {"service": {"name": "Mental Health Services"}, "facility": {"code": 15391}}, {"service": {"name": "Opthalmic Services"}, "facility": {"code": 15391}}, {"service": {"name": "Nutrition Services"}, "facility": {"code": 15391}}, {"service": {"name": "Surgical Services"}, "facility": {"code": 15391}}, {"service": {"name": "Maternity Services"}, "facility": {"code": 15391}}, {"service": {"name": "Curative Services"}, "facility": {"code": 15391}}, {"service": {"name": "Basic Immunization"}, "facility": {"code": 15391}}, {"service": {"name": "Short Term FP"}, "facility": {"code": 15391}}, {"service": {"name": "Curative Services"}, "facility": {"code": 15353}}, {"service": {"name": "Basic Immunization"}, "facility": {"code": 15353}}, {"service": {"name": "Focused Antenatal Care"}, "facility": {"code": 15353}}, {"service": {"name": "Short Term FP"}, "facility": {"code": 15353}}, {"service": {"name": "PMTCT - ANC"}, "facility": {"code": 15391}}, {"service": {"name": "PMTCT - Maternity"}, "facility": {"code": 15353}}, {"service": {"name": "PMTCT - ANC"}, "facility": {"code": 15353}}, {"service": {"name": "Diagnostic Counselling and Testing"}, "facility": {"code": 15391}}, {"service": {"name": "Diagnostic Counselling and Testing"}, "facility": {"code": 15353}}, {"service": {"name": "Provider Initiated Counselling and Testing"}, "facility": {"code": 15391}}, {"service": {"name": "Management of STIs"}, "facility": {"code": 15353}}, {"service": {"name": "Voluntary Counselling and Testing"}, "facility": {"code": 15353}}, {"service": {"name": "Condom Promotion and Distribution"}, "facility": {"code": 15353}}, {"service": {"name": "Management of STIs"}, "facility": {"code": 15391}}, {"service": {"name": "Condom Promotion and Distribution"}, "facility": {"code": 15391}}, {"service": {"name": "Curative Services"}, "facility": {"code": 15613}}, {"service": {"name": "Basic Immunization"}, "facility": {"code": 15613}}, {"service": {"name": "Short Term FP"}, "facility": {"code": 15613}}, {"service": {"name": "Condom Promotion and Distribution"}, "facility": {"code": 15613}}, {"service": {"name": "Curative Services"}, "facility": {"code": 14709}}, {"service": {"name": "Basic Immunization"}, "facility": {"code": 14709}}, {"service": {"name": "Short Term FP"}, "facility": {"code": 14709}}, {"service": {"name": "Emergency Preparedness"}, "facility": {"code": 15233}}, {"service": {"name": "Condom Promotion and Distribution"}, "facility": {"code": 14709}}, {"service": {"name": "ENT Services"}, "facility": {"code": 15233}}, {"service": {"name": "Emergency Obstetric Care"}, "facility": {"code": 15233}}, {"service": {"name": "Environmental Health Services"}, "facility": {"code": 15233}}, {"service": {"name": "Mental Health Services"}, "facility": {"code": 15233}}, {"service": {"name": "Opthalmic Services"}, "facility": {"code": 15233}}, {"service": {"name": "Nutrition Services"}, "facility": {"code": 15233}}, {"service": {"name": "Surgical Services"}, "facility": {"code": 15233}}, {"service": {"name": "Curative Services"}, "facility": {"code": 15233}}, {"service": {"name": "Basic Immunization"}, "facility": {"code": 15233}}, {"service": {"name": "Short Term FP"}, "facility": {"code": 15233}}, {"service": {"name": "Provider Initiated Counselling and Testing"}, "facility": {"code": 15233}}, {"service": {"name": "Diagnostic Counselling and Testing"}, "facility": {"code": 15233}}, {"service": {"name": "Management of STIs"}, "facility": {"code": 15233}}, {"service": {"name": "Condom Promotion and Distribution"}, "facility": {"code": 15233}}, {"service": {"name": "Emergency Preparedness"}, "facility": {"code": 14938}}, {"service": {"name": "ENT Services"}, "facility": {"code": 14938}}, {"service": {"name": "Oral Health Services (Dental Services)"}, "facility": {"code": 14938}}, {"service": {"name": "Emergency Obstetric Care"}, "facility": {"code": 14938}}, {"service": {"name": "Environmental Health Services"}, "facility": {"code": 14938}}, {"service": {"name": "Mental Health Services"}, "facility": {"code": 14938}}, {"service": {"name": "Opthalmic Services"}, "facility": {"code": 14938}}, {"service": {"name": "Nutrition Services"}, "facility": {"code": 14938}}, {"service": {"name": "Surgical Services"}, "facility": {"code": 14938}}, {"service": {"name": "Maternity Services"}, "facility": {"code": 14938}}, {"service": {"name": "Curative Services"}, "facility": {"code": 14938}}, {"service": {"name": "Basic Immunization"}, "facility": {"code": 14938}}, {"service": {"name": "Short Term FP"}, "facility": {"code": 14938}}, {"service": {"name": "PMTCT - ANC"}, "facility": {"code": 14938}}, {"service": {"name": "Diagnostic Counselling and Testing"}, "facility": {"code": 14938}}, {"service": {"name": "Provider Initiated Counselling and Testing"}, "facility": {"code": 14938}}, {"service": {"name": "Management of STIs"}, "facility": {"code": 14938}}, {"service": {"name": "Condom Promotion and Distribution"}, "facility": {"code": 14938}}, {"service": {"name": "Environmental Health Services"}, "facility": {"code": 14968}}, {"service": {"name": "Curative Services"}, "facility": {"code": 14968}}], "unique_fields": ["facility", "service"], "model": "facilities.FacilityService"}]