[{"records": [{"service": {"name": "Emergency Obstetric Care"}, "facility": {"code": 11711}}, {"service": {"name": "Mental Health Services"}, "facility": {"code": 11711}}, {"service": {"name": "Services for Sexual Violence Survivors"}, "facility": {"code": 11711}}, {"service": {"name": "Environmental Health Services"}, "facility": {"code": 11711}}, {"service": {"name": "Rehabilitative Health Services - Physiotherapy"}, "facility": {"code": 11711}}, {"service": {"name": "Nutrition Services"}, "facility": {"code": 11711}}, {"service": {"name": "Integrated Management of Childhood Illnesses"}, "facility": {"code": 11711}}, {"service": {"name": "Ambulance Sevices"}, "facility": {"code": 11711}}, {"service": {"name": "Laboratory Services"}, "facility": {"code": 11711}}, {"service": {"name": "Surgical Services"}, "facility": {"code": 11711}}, {"service": {"name": "Maternity Services"}, "facility": {"code": 11711}}, {"service": {"name": "Curative Services"}, "facility": {"code": 11711}}, {"service": {"name": "Emergency Obstetric Care"}, "facility": {"code": 11725}}, {"service": {"name": "First Line Treatment"}, "facility": {"code": 12281}}, {"service": {"name": "Early Infant Diagnosis"}, "facility": {"code": 12281}}, {"service": {"name": "PMTCT - ANC"}, "facility": {"code": 12281}}, {"service": {"name": "Nutrition Services"}, "facility": {"code": 12281}}, {"service": {"name": "Integrated Management of Childhood Illnesses"}, "facility": {"code": 12281}}, {"service": {"name": "Curative Services"}, "facility": {"code": 12281}}, {"service": {"name": "Short Term FP"}, "facility": {"code": 12281}}, {"service": {"name": "Provider Initiated Counselling and Testing"}, "facility": {"code": 12281}}, {"service": {"name": "Condom Promotion and Distribution"}, "facility": {"code": 12281}}, {"service": {"name": "Emergency Preparedness"}, "facility": {"code": 14285}}, {"service": {"name": "ENT Services"}, "facility": {"code": 14285}}, {"service": {"name": "Oral Health Services (Dental Services)"}, "facility": {"code": 14285}}, {"service": {"name": "Mental Health Services"}, "facility": {"code": 14285}}, {"service": {"name": "Opthalmic Services"}, "facility": {"code": 14285}}, {"service": {"name": "Emergency Preparedness"}, "facility": {"code": 14276}}, {"service": {"name": "ENT Services"}, "facility": {"code": 14276}}, {"service": {"name": "Oral Health Services (Dental Services)"}, "facility": {"code": 14276}}, {"service": {"name": "Emergency Obstetric Care"}, "facility": {"code": 14276}}, {"service": {"name": "Environmental Health Services"}, "facility": {"code": 14276}}, {"service": {"name": "Mental Health Services"}, "facility": {"code": 14276}}, {"service": {"name": "Opthalmic Services"}, "facility": {"code": 14276}}, {"service": {"name": "Nutrition Services"}, "facility": {"code": 14276}}, {"service": {"name": "Surgical Services"}, "facility": {"code": 14276}}, {"service": {"name": "PMTCT - Maternity"}, "facility": {"code": 14276}}, {"service": {"name": "Emergency Preparedness"}, "facility": {"code": 15717}}, {"service": {"name": "ENT Services"}, "facility": {"code": 15717}}, {"service": {"name": "Oral Health Services (Dental Services)"}, "facility": {"code": 15717}}, {"service": {"name": "Emergency Obstetric Care"}, "facility": {"code": 15717}}, {"service": {"name": "Environmental Health Services"}, "facility": {"code": 15717}}, {"service": {"name": "Mental Health Services"}, "facility": {"code": 15717}}, {"service": {"name": "Opthalmic Services"}, "facility": {"code": 15717}}, {"service": {"name": "Nutrition Services"}, "facility": {"code": 15717}}, {"service": {"name": "Surgical Services"}, "facility": {"code": 15717}}, {"service": {"name": "Maternity Services"}, "facility": {"code": 15717}}, {"service": {"name": "Curative Services"}, "facility": {"code": 15717}}, {"service": {"name": "Basic Immunization"}, "facility": {"code": 15717}}, {"service": {"name": "Focused Antenatal Care"}, "facility": {"code": 15717}}, {"service": {"name": "Short Term FP"}, "facility": {"code": 15717}}, {"service": {"name": "PMTCT - Maternity"}, "facility": {"code": 15717}}, {"service": {"name": "PMTCT - ANC"}, "facility": {"code": 15717}}, {"service": {"name": "Early Infant Diagnosis"}, "facility": {"code": 15717}}, {"service": {"name": "Diagnostic Counselling and Testing"}, "facility": {"code": 15717}}, {"service": {"name": "Provider Initiated Counselling and Testing"}, "facility": {"code": 15717}}, {"service": {"name": "Management of STIs"}, "facility": {"code": 15717}}, {"service": {"name": "Condom Promotion and Distribution"}, "facility": {"code": 15717}}, {"service": {"name": "Emergency Preparedness"}, "facility": {"code": 16764}}, {"service": {"name": "Ambulance Sevices"}, "facility": {"code": 16764}}, {"service": {"name": "ENT Services"}, "facility": {"code": 16764}}, {"service": {"name": "Oral Health Services (Dental Services)"}, "facility": {"code": 16764}}, {"service": {"name": "Services for Sexual Violence Survivors"}, "facility": {"code": 16764}}, {"service": {"name": "Environmental Health Services"}, "facility": {"code": 16764}}, {"service": {"name": "Mental Health Services"}, "facility": {"code": 16764}}, {"service": {"name": "Opthalmic Services"}, "facility": {"code": 16764}}, {"service": {"name": "Nutrition Services"}, "facility": {"code": 16764}}, {"service": {"name": "Curative Services"}, "facility": {"code": 16764}}, {"service": {"name": "Basic Immunization"}, "facility": {"code": 16764}}, {"service": {"name": "Focused Antenatal Care"}, "facility": {"code": 16764}}, {"service": {"name": "Integrated Services"}, "facility": {"code": 16764}}, {"service": {"name": "Short Term FP"}, "facility": {"code": 16764}}, {"service": {"name": "Provider Initiated Counselling and Testing"}, "facility": {"code": 16764}}, {"service": {"name": "Voluntary Counselling and Testing"}, "facility": {"code": 16764}}, {"service": {"name": "Management of STIs"}, "facility": {"code": 16764}}, {"service": {"name": "Condom Promotion and Distribution"}, "facility": {"code": 16764}}, {"service": {"name": "Dental Laboratory Services"}, "facility": {"code": 15844}}, {"service": {"name": "Emergency Preparedness"}, "facility": {"code": 15888}}, {"service": {"name": "ENT Services"}, "facility": {"code": 15888}}, {"service": {"name": "Oral Health Services (Dental Services)"}, "facility": {"code": 15888}}, {"service": {"name": "Emergency Obstetric Care"}, "facility": {"code": 15888}}, {"service": {"name": "Environmental Health Services"}, "facility": {"code": 15888}}, {"service": {"name": "Mental Health Services"}, "facility": {"code": 15888}}, {"service": {"name": "Nutrition Services"}, "facility": {"code": 15888}}, {"service": {"name": "Laboratory Services"}, "facility": {"code": 15888}}, {"service": {"name": "Curative Services"}, "facility": {"code": 15888}}, {"service": {"name": "Basic Immunization"}, "facility": {"code": 15888}}, {"service": {"name": "Integrated Services"}, "facility": {"code": 15888}}, {"service": {"name": "Focused Antenatal Care"}, "facility": {"code": 15888}}, {"service": {"name": "Short Term FP"}, "facility": {"code": 15888}}, {"service": {"name": "Management of STIs"}, "facility": {"code": 15888}}, {"service": {"name": "Condom Promotion and Distribution"}, "facility": {"code": 15888}}, {"service": {"name": "Emergency Preparedness"}, "facility": {"code": 15705}}, {"service": {"name": "Emergency Obstetric Care"}, "facility": {"code": 15705}}, {"service": {"name": "Environmental Health Services"}, "facility": {"code": 15705}}, {"service": {"name": "Nutrition Services"}, "facility": {"code": 15705}}, {"service": {"name": "Laboratory Services"}, "facility": {"code": 15705}}, {"service": {"name": "Curative Services"}, "facility": {"code": 15705}}, {"service": {"name": "Basic Immunization"}, "facility": {"code": 15705}}, {"service": {"name": "Focused Antenatal Care"}, "facility": {"code": 15705}}, {"service": {"name": "Integrated Services"}, "facility": {"code": 15705}}, {"service": {"name": "Short Term FP"}, "facility": {"code": 15705}}, {"service": {"name": "Post Exposure Prophylaxis"}, "facility": {"code": 15705}}, {"service": {"name": "PMTCT - Maternity"}, "facility": {"code": 15705}}, {"service": {"name": "PMTCT - ANC"}, "facility": {"code": 15705}}, {"service": {"name": "Diagnostic Counselling and Testing"}, "facility": {"code": 15705}}, {"service": {"name": "Provider Initiated Counselling and Testing"}, "facility": {"code": 15705}}, {"service": {"name": "Management of STIs"}, "facility": {"code": 15705}}, {"service": {"name": "Condom Promotion and Distribution"}, "facility": {"code": 15705}}, {"service": {"name": "Emergency Obstetric Care"}, "facility": {"code": 12489}}, {"service": {"name": "Environmental Health Services"}, "facility": {"code": 12489}}, {"service": {"name": "Nutrition Services"}, "facility": {"code": 12489}}, {"service": {"name": "Integrated Management of Childhood Illnesses"}, "facility": {"code": 12489}}, {"service": {"name": "Ambulance Sevices"}, "facility": {"code": 12489}}, {"service": {"name": "Laboratory Services"}, "facility": {"code": 12489}}, {"service": {"name": "Maternity Services"}, "facility": {"code": 12489}}, {"service": {"name": "Curative Services"}, "facility": {"code": 12489}}, {"service": {"name": "Smear Microscopy"}, "facility": {"code": 12489}}, {"service": {"name": "First Line Treatment"}, "facility": {"code": 12489}}, {"service": {"name": "Immunization with additional vaccines"}, "facility": {"code": 12489}}, {"service": {"name": "Basic Immunization"}, "facility": {"code": 12489}}, {"service": {"name": "Focused Antenatal Care"}, "facility": {"code": 12489}}, {"service": {"name": "Integrated Services"}, "facility": {"code": 12489}}, {"service": {"name": "Voluntary Male Circumcision"}, "facility": {"code": 12489}}, {"service": {"name": "PMTCT - Maternity"}, "facility": {"code": 12489}}, {"service": {"name": "PMTCT - ANC"}, "facility": {"code": 12489}}, {"service": {"name": "Early Infant Diagnosis"}, "facility": {"code": 12489}}, {"service": {"name": "Diagnostic Counselling and Testing"}, "facility": {"code": 12489}}, {"service": {"name": "Provider Initiated Counselling and Testing"}, "facility": {"code": 12489}}, {"service": {"name": "Management of STIs"}, "facility": {"code": 12489}}, {"service": {"name": "Emergency Preparedness"}, "facility": {"code": 15713}}, {"service": {"name": "ENT Services"}, "facility": {"code": 15713}}, {"service": {"name": "Oral Health Services (Dental Services)"}, "facility": {"code": 15713}}, {"service": {"name": "Emergency Obstetric Care"}, "facility": {"code": 15713}}, {"service": {"name": "Environmental Health Services"}, "facility": {"code": 15713}}, {"service": {"name": "Mental Health Services"}, "facility": {"code": 15713}}, {"service": {"name": "Opthalmic Services"}, "facility": {"code": 15713}}, {"service": {"name": "Nutrition Services"}, "facility": {"code": 15713}}, {"service": {"name": "Laboratory Services"}, "facility": {"code": 15713}}, {"service": {"name": "Surgical Services"}, "facility": {"code": 15713}}, {"service": {"name": "Curative Services"}, "facility": {"code": 15713}}, {"service": {"name": "Smear Microscopy"}, "facility": {"code": 15713}}, {"service": {"name": "Basic Immunization"}, "facility": {"code": 15713}}, {"service": {"name": "Focused Antenatal Care"}, "facility": {"code": 15713}}, {"service": {"name": "Long Term FP"}, "facility": {"code": 15713}}, {"service": {"name": "Short Term FP"}, "facility": {"code": 15713}}, {"service": {"name": "PMTCT - Maternity"}, "facility": {"code": 15713}}, {"service": {"name": "PMTCT - ANC"}, "facility": {"code": 15713}}, {"service": {"name": "Early Infant Diagnosis"}, "facility": {"code": 15713}}, {"service": {"name": "Diagnostic Counselling and Testing"}, "facility": {"code": 15713}}, {"service": {"name": "Provider Initiated Counselling and Testing"}, "facility": {"code": 15713}}, {"service": {"name": "Management of STIs"}, "facility": {"code": 15713}}, {"service": {"name": "Condom Promotion and Distribution"}, "facility": {"code": 15713}}, {"service": {"name": "Emergency Preparedness"}, "facility": {"code": 15618}}, {"service": {"name": "ENT Services"}, "facility": {"code": 15618}}, {"service": {"name": "Oral Health Services (Dental Services)"}, "facility": {"code": 15618}}, {"service": {"name": "Emergency Obstetric Care"}, "facility": {"code": 15618}}, {"service": {"name": "Environmental Health Services"}, "facility": {"code": 15618}}, {"service": {"name": "Mental Health Services"}, "facility": {"code": 15618}}, {"service": {"name": "Opthalmic Services"}, "facility": {"code": 15618}}, {"service": {"name": "Nutrition Services"}, "facility": {"code": 15618}}, {"service": {"name": "Ambulance Sevices"}, "facility": {"code": 15618}}, {"service": {"name": "Surgical Services"}, "facility": {"code": 15618}}, {"service": {"name": "Maternity Services"}, "facility": {"code": 15618}}, {"service": {"name": "Curative Services"}, "facility": {"code": 15618}}, {"service": {"name": "Nutrition Services"}, "facility": {"code": 13267}}, {"service": {"name": "Maternity Services"}, "facility": {"code": 13267}}, {"service": {"name": "Basic Immunization"}, "facility": {"code": 15618}}, {"service": {"name": "Curative Services"}, "facility": {"code": 13267}}, {"service": {"name": "Focused Antenatal Care"}, "facility": {"code": 15618}}, {"service": {"name": "Short Term FP"}, "facility": {"code": 15618}}, {"service": {"name": "Management of STIs"}, "facility": {"code": 15618}}, {"service": {"name": "Condom Promotion and Distribution"}, "facility": {"code": 15618}}, {"service": {"name": "Curative Services"}, "facility": {"code": 13334}}, {"service": {"name": "Short Term FP"}, "facility": {"code": 13334}}, {"service": {"name": "Post Exposure Prophylaxis"}, "facility": {"code": 13334}}, {"service": {"name": "PMTCT - ANC"}, "facility": {"code": 13334}}, {"service": {"name": "Provider Initiated Counselling and Testing"}, "facility": {"code": 13334}}, {"service": {"name": "Voluntary Counselling and Testing"}, "facility": {"code": 13334}}, {"service": {"name": "Condom Promotion and Distribution"}, "facility": {"code": 13334}}, {"service": {"name": "Emergency Preparedness"}, "facility": {"code": 15586}}, {"service": {"name": "ENT Services"}, "facility": {"code": 15586}}, {"service": {"name": "Oral Health Services (Dental Services)"}, "facility": {"code": 15586}}, {"service": {"name": "Emergency Obstetric Care"}, "facility": {"code": 15586}}, {"service": {"name": "Environmental Health Services"}, "facility": {"code": 15586}}, {"service": {"name": "Mental Health Services"}, "facility": {"code": 15586}}, {"service": {"name": "Opthalmic Services"}, "facility": {"code": 15586}}, {"service": {"name": "Nutrition Services"}, "facility": {"code": 15586}}, {"service": {"name": "Surgical Services"}, "facility": {"code": 15586}}, {"service": {"name": "Maternity Services"}, "facility": {"code": 15586}}, {"service": {"name": "Curative Services"}, "facility": {"code": 15586}}, {"service": {"name": "Basic Immunization"}, "facility": {"code": 15586}}, {"service": {"name": "Focused Antenatal Care"}, "facility": {"code": 15586}}, {"service": {"name": "Short Term FP"}, "facility": {"code": 15586}}, {"service": {"name": "PMTCT - Maternity"}, "facility": {"code": 15586}}, {"service": {"name": "PMTCT - ANC"}, "facility": {"code": 15586}}, {"service": {"name": "Early Infant Diagnosis"}, "facility": {"code": 15586}}, {"service": {"name": "Diagnostic Counselling and Testing"}, "facility": {"code": 15586}}, {"service": {"name": "Provider Initiated Counselling and Testing"}, "facility": {"code": 15586}}, {"service": {"name": "Management of STIs"}, "facility": {"code": 15586}}, {"service": {"name": "Condom Promotion and Distribution"}, "facility": {"code": 15586}}, {"service": {"name": "Emergency Preparedness"}, "facility": {"code": 15585}}, {"service": {"name": "ENT Services"}, "facility": {"code": 15585}}, {"service": {"name": "Oral Health Services (Dental Services)"}, "facility": {"code": 15585}}, {"service": {"name": "Emergency Obstetric Care"}, "facility": {"code": 15585}}, {"service": {"name": "Environmental Health Services"}, "facility": {"code": 15585}}, {"service": {"name": "Mental Health Services"}, "facility": {"code": 15585}}, {"service": {"name": "Opthalmic Services"}, "facility": {"code": 15585}}, {"service": {"name": "Nutrition Services"}, "facility": {"code": 15585}}, {"service": {"name": "Surgical Services"}, "facility": {"code": 15585}}, {"service": {"name": "Maternity Services"}, "facility": {"code": 15585}}, {"service": {"name": "Curative Services"}, "facility": {"code": 15585}}, {"service": {"name": "Basic Immunization"}, "facility": {"code": 15585}}, {"service": {"name": "Focused Antenatal Care"}, "facility": {"code": 15585}}, {"service": {"name": "Short Term FP"}, "facility": {"code": 15585}}, {"service": {"name": "PMTCT - Maternity"}, "facility": {"code": 15585}}, {"service": {"name": "PMTCT - ANC"}, "facility": {"code": 15585}}, {"service": {"name": "Early Infant Diagnosis"}, "facility": {"code": 15585}}, {"service": {"name": "Diagnostic Counselling and Testing"}, "facility": {"code": 15585}}, {"service": {"name": "Provider Initiated Counselling and Testing"}, "facility": {"code": 15585}}, {"service": {"name": "Management of STIs"}, "facility": {"code": 15585}}, {"service": {"name": "Condom Promotion and Distribution"}, "facility": {"code": 15585}}, {"service": {"name": "Emergency Preparedness"}, "facility": {"code": 15576}}, {"service": {"name": "ENT Services"}, "facility": {"code": 15576}}, {"service": {"name": "Oral Health Services (Dental Services)"}, "facility": {"code": 15576}}, {"service": {"name": "Emergency Obstetric Care"}, "facility": {"code": 15576}}, {"service": {"name": "Environmental Health Services"}, "facility": {"code": 15576}}, {"service": {"name": "Mental Health Services"}, "facility": {"code": 15576}}, {"service": {"name": "Opthalmic Services"}, "facility": {"code": 15576}}, {"service": {"name": "Nutrition Services"}, "facility": {"code": 15576}}, {"service": {"name": "Surgical Services"}, "facility": {"code": 15576}}, {"service": {"name": "Maternity Services"}, "facility": {"code": 15576}}, {"service": {"name": "Curative Services"}, "facility": {"code": 15576}}, {"service": {"name": "Basic Immunization"}, "facility": {"code": 15576}}, {"service": {"name": "Focused Antenatal Care"}, "facility": {"code": 15576}}, {"service": {"name": "Short Term FP"}, "facility": {"code": 15576}}, {"service": {"name": "PMTCT - ANC"}, "facility": {"code": 15576}}, {"service": {"name": "Early Infant Diagnosis"}, "facility": {"code": 15576}}, {"service": {"name": "Diagnostic Counselling and Testing"}, "facility": {"code": 15576}}, {"service": {"name": "Provider Initiated Counselling and Testing"}, "facility": {"code": 15576}}, {"service": {"name": "Management of STIs"}, "facility": {"code": 15576}}, {"service": {"name": "Condom Promotion and Distribution"}, "facility": {"code": 15576}}, {"service": {"name": "Emergency Preparedness"}, "facility": {"code": 15533}}, {"service": {"name": "ENT Services"}, "facility": {"code": 15533}}, {"service": {"name": "Oral Health Services (Dental Services)"}, "facility": {"code": 15533}}, {"service": {"name": "Emergency Obstetric Care"}, "facility": {"code": 15533}}, {"service": {"name": "Environmental Health Services"}, "facility": {"code": 15533}}, {"service": {"name": "Mental Health Services"}, "facility": {"code": 15533}}, {"service": {"name": "Opthalmic Services"}, "facility": {"code": 15533}}, {"service": {"name": "Nutrition Services"}, "facility": {"code": 15533}}, {"service": {"name": "Radiology Services"}, "facility": {"code": 15533}}, {"service": {"name": "Surgical Services"}, "facility": {"code": 15533}}, {"service": {"name": "Maternity Services"}, "facility": {"code": 15533}}, {"service": {"name": "Curative Services"}, "facility": {"code": 15533}}, {"service": {"name": "Focused Antenatal Care"}, "facility": {"code": 15533}}, {"service": {"name": "Short Term FP"}, "facility": {"code": 15533}}, {"service": {"name": "Management of STIs"}, "facility": {"code": 15533}}, {"service": {"name": "Condom Promotion and Distribution"}, "facility": {"code": 15533}}, {"service": {"name": "Emergency Preparedness"}, "facility": {"code": 15499}}, {"service": {"name": "ENT Services"}, "facility": {"code": 15499}}, {"service": {"name": "Oral Health Services (Dental Services)"}, "facility": {"code": 15499}}, {"service": {"name": "Emergency Obstetric Care"}, "facility": {"code": 15499}}, {"service": {"name": "Environmental Health Services"}, "facility": {"code": 15499}}, {"service": {"name": "Mental Health Services"}, "facility": {"code": 15499}}, {"service": {"name": "Opthalmic Services"}, "facility": {"code": 15499}}, {"service": {"name": "Nutrition Services"}, "facility": {"code": 15499}}, {"service": {"name": "Surgical Services"}, "facility": {"code": 15499}}, {"service": {"name": "Maternity Services"}, "facility": {"code": 15499}}, {"service": {"name": "Curative Services"}, "facility": {"code": 15499}}, {"service": {"name": "Focused Antenatal Care"}, "facility": {"code": 15499}}, {"service": {"name": "Short Term FP"}, "facility": {"code": 15499}}, {"service": {"name": "Management of STIs"}, "facility": {"code": 15499}}, {"service": {"name": "Condom Promotion and Distribution"}, "facility": {"code": 15499}}, {"service": {"name": "Emergency Preparedness"}, "facility": {"code": 15498}}, {"service": {"name": "ENT Services"}, "facility": {"code": 15498}}, {"service": {"name": "Oral Health Services (Dental Services)"}, "facility": {"code": 15498}}, {"service": {"name": "Emergency Obstetric Care"}, "facility": {"code": 15498}}, {"service": {"name": "Environmental Health Services"}, "facility": {"code": 15498}}, {"service": {"name": "Services for Sexual Violence Survivors"}, "facility": {"code": 15498}}, {"service": {"name": "Mental Health Services"}, "facility": {"code": 15498}}, {"service": {"name": "Opthalmic Services"}, "facility": {"code": 15498}}, {"service": {"name": "Nutrition Services"}, "facility": {"code": 15498}}, {"service": {"name": "Surgical Services"}, "facility": {"code": 15498}}, {"service": {"name": "Maternity Services"}, "facility": {"code": 15498}}, {"service": {"name": "First Line Treatment"}, "facility": {"code": 15498}}, {"service": {"name": "Smear Microscopy"}, "facility": {"code": 15498}}, {"service": {"name": "Basic Immunization"}, "facility": {"code": 15498}}, {"service": {"name": "Focused Antenatal Care"}, "facility": {"code": 15498}}, {"service": {"name": "Long Term FP"}, "facility": {"code": 15498}}, {"service": {"name": "Short Term FP"}, "facility": {"code": 15498}}, {"service": {"name": "Paediatric Antiretroviral Therapy"}, "facility": {"code": 15498}}, {"service": {"name": "Adult Antiretroviral Therapy"}, "facility": {"code": 15498}}, {"service": {"name": "Post Exposure Prophylaxis"}, "facility": {"code": 15498}}, {"service": {"name": "Voluntary Male Circumcision"}, "facility": {"code": 15498}}, {"service": {"name": "PMTCT - Maternity"}, "facility": {"code": 15498}}, {"service": {"name": "PMTCT - ANC"}, "facility": {"code": 15498}}, {"service": {"name": "Early Infant Diagnosis"}, "facility": {"code": 15498}}, {"service": {"name": "Diagnostic Counselling and Testing"}, "facility": {"code": 15498}}, {"service": {"name": "Provider Initiated Counselling and Testing"}, "facility": {"code": 15498}}, {"service": {"name": "Management of STIs"}, "facility": {"code": 15498}}, {"service": {"name": "Condom Promotion and Distribution"}, "facility": {"code": 15498}}, {"service": {"name": "Basic Immunization"}, "facility": {"code": 13497}}, {"service": {"name": "Focused Antenatal Care"}, "facility": {"code": 13497}}, {"service": {"name": "Short Term FP"}, "facility": {"code": 13497}}, {"service": {"name": "PMTCT - ANC"}, "facility": {"code": 13497}}, {"service": {"name": "Early Infant Diagnosis"}, "facility": {"code": 13497}}, {"service": {"name": "Diagnostic Counselling and Testing"}, "facility": {"code": 13497}}, {"service": {"name": "Provider Initiated Counselling and Testing"}, "facility": {"code": 13497}}, {"service": {"name": "Management of STIs"}, "facility": {"code": 13497}}, {"service": {"name": "Condom Promotion and Distribution"}, "facility": {"code": 13497}}, {"service": {"name": "Laboratory Services"}, "facility": {"code": 17287}}, {"service": {"name": "Curative Services"}, "facility": {"code": 17287}}, {"service": {"name": "Condom Promotion and Distribution"}, "facility": {"code": 17287}}, {"service": {"name": "Emergency Preparedness"}, "facility": {"code": 17284}}, {"service": {"name": "Emergency Obstetric Care"}, "facility": {"code": 17284}}, {"service": {"name": "Mental Health Services"}, "facility": {"code": 17284}}, {"service": {"name": "Laboratory Services"}, "facility": {"code": 17284}}, {"service": {"name": "Surgical Services"}, "facility": {"code": 17284}}, {"service": {"name": "Curative Services"}, "facility": {"code": 17284}}, {"service": {"name": "Environmental Health Services"}, "facility": {"code": 17283}}, {"service": {"name": "Opthalmic Services"}, "facility": {"code": 17283}}, {"service": {"name": "Integrated Management of Childhood Illnesses"}, "facility": {"code": 17283}}, {"service": {"name": "Ambulance Sevices"}, "facility": {"code": 17283}}, {"service": {"name": "Maternity Services"}, "facility": {"code": 17283}}, {"service": {"name": "Emergency Preparedness"}, "facility": {"code": 17283}}, {"service": {"name": "Emergency Obstetric Care"}, "facility": {"code": 17283}}, {"service": {"name": "Emergency Obstetric Care"}, "facility": {"code": 17282}}, {"service": {"name": "Emergency Preparedness"}, "facility": {"code": 12558}}, {"service": {"name": "Emergency Obstetric Care"}, "facility": {"code": 12558}}, {"service": {"name": "Environmental Health Services"}, "facility": {"code": 12558}}, {"service": {"name": "Services for Sexual Violence Survivors"}, "facility": {"code": 12558}}, {"service": {"name": "Nutrition Services"}, "facility": {"code": 12558}}, {"service": {"name": "Integrated Management of Childhood Illnesses"}, "facility": {"code": 12558}}, {"service": {"name": "Laboratory Services"}, "facility": {"code": 12558}}, {"service": {"name": "Surgical Services"}, "facility": {"code": 12558}}, {"service": {"name": "Maternity Services"}, "facility": {"code": 12558}}, {"service": {"name": "Curative Services"}, "facility": {"code": 12558}}, {"service": {"name": "First Line Treatment"}, "facility": {"code": 12558}}, {"service": {"name": "Immunization with additional vaccines"}, "facility": {"code": 12558}}, {"service": {"name": "Basic Immunization"}, "facility": {"code": 12558}}, {"service": {"name": "Focused Antenatal Care"}, "facility": {"code": 12558}}, {"service": {"name": "Long Term FP"}, "facility": {"code": 12558}}, {"service": {"name": "Short Term FP"}, "facility": {"code": 12558}}, {"service": {"name": "Post Exposure Prophylaxis"}, "facility": {"code": 12558}}, {"service": {"name": "Voluntary Male Circumcision"}, "facility": {"code": 12558}}, {"service": {"name": "PMTCT - Maternity"}, "facility": {"code": 12558}}, {"service": {"name": "PMTCT - ANC"}, "facility": {"code": 12558}}, {"service": {"name": "Early Infant Diagnosis"}, "facility": {"code": 12558}}, {"service": {"name": "Diagnostic Counselling and Testing"}, "facility": {"code": 12558}}, {"service": {"name": "Provider Initiated Counselling and Testing"}, "facility": {"code": 12558}}, {"service": {"name": "Voluntary Counselling and Testing"}, "facility": {"code": 12558}}, {"service": {"name": "Management of STIs"}, "facility": {"code": 12558}}, {"service": {"name": "Condom Promotion and Distribution"}, "facility": {"code": 12558}}, {"service": {"name": "Emergency Preparedness"}, "facility": {"code": 12610}}, {"service": {"name": "Services for Sexual Violence Survivors"}, "facility": {"code": 12610}}, {"service": {"name": "Nutrition Services"}, "facility": {"code": 12610}}, {"service": {"name": "Integrated Management of Childhood Illnesses"}, "facility": {"code": 12610}}, {"service": {"name": "Surgical Services"}, "facility": {"code": 12610}}, {"service": {"name": "Curative Services"}, "facility": {"code": 12610}}, {"service": {"name": "First Line Treatment"}, "facility": {"code": 12610}}, {"service": {"name": "Immunization with additional vaccines"}, "facility": {"code": 12610}}, {"service": {"name": "Basic Immunization"}, "facility": {"code": 12610}}, {"service": {"name": "Focused Antenatal Care"}, "facility": {"code": 12610}}, {"service": {"name": "Short Term FP"}, "facility": {"code": 12610}}, {"service": {"name": "PMTCT - Maternity"}, "facility": {"code": 12610}}, {"service": {"name": "Post Exposure Prophylaxis"}, "facility": {"code": 12610}}, {"service": {"name": "Early Infant Diagnosis"}, "facility": {"code": 12610}}, {"service": {"name": "Diagnostic Counselling and Testing"}, "facility": {"code": 12610}}, {"service": {"name": "Provider Initiated Counselling and Testing"}, "facility": {"code": 12610}}, {"service": {"name": "Voluntary Counselling and Testing"}, "facility": {"code": 12610}}, {"service": {"name": "Management of STIs"}, "facility": {"code": 12610}}, {"service": {"name": "PMTCT - ANC"}, "facility": {"code": 12610}}, {"service": {"name": "Condom Promotion and Distribution"}, "facility": {"code": 12610}}, {"service": {"name": "Ambulance Sevices"}, "facility": {"code": 12002}}, {"service": {"name": "Laboratory Services"}, "facility": {"code": 12002}}, {"service": {"name": "Surgical Services"}, "facility": {"code": 12002}}, {"service": {"name": "Maternity Services"}, "facility": {"code": 12002}}, {"service": {"name": "Curative Services"}, "facility": {"code": 12002}}, {"service": {"name": "Facility Based Blood Transfusion Service"}, "facility": {"code": 12002}}, {"service": {"name": "Rehabilitative Health Services - Orthopaedic Technology"}, "facility": {"code": 12002}}, {"service": {"name": "First Line Treatment"}, "facility": {"code": 12002}}, {"service": {"name": "Smear Microscopy"}, "facility": {"code": 12002}}, {"service": {"name": "Basic Immunization"}, "facility": {"code": 12002}}, {"service": {"name": "Specialized ANC"}, "facility": {"code": 12002}}, {"service": {"name": "Focused Antenatal Care"}, "facility": {"code": 12002}}, {"service": {"name": "Long Term FP"}, "facility": {"code": 12002}}, {"service": {"name": "Short Term FP"}, "facility": {"code": 12002}}, {"service": {"name": "Voluntary Male Circumcision"}, "facility": {"code": 12002}}, {"service": {"name": "Diagnostic Counselling and Testing"}, "facility": {"code": 12002}}, {"service": {"name": "Management of STIs"}, "facility": {"code": 12002}}, {"service": {"name": "Condom Promotion and Distribution"}, "facility": {"code": 12002}}, {"service": {"name": "Emergency Preparedness"}, "facility": {"code": 12263}}, {"service": {"name": "Emergency Obstetric Care"}, "facility": {"code": 12263}}, {"service": {"name": "Nutrition Services"}, "facility": {"code": 12263}}, {"service": {"name": "Integrated Management of Childhood Illnesses"}, "facility": {"code": 12263}}, {"service": {"name": "Curative Services"}, "facility": {"code": 12263}}, {"service": {"name": "First Line Treatment"}, "facility": {"code": 12263}}, {"service": {"name": "Specialized ANC"}, "facility": {"code": 12263}}, {"service": {"name": "Focused Antenatal Care"}, "facility": {"code": 12263}}, {"service": {"name": "Basic Immunization"}, "facility": {"code": 12263}}, {"service": {"name": "Nutrition Services"}, "facility": {"code": 14590}}, {"service": {"name": "Long Term FP"}, "facility": {"code": 12263}}, {"service": {"name": "Short Term FP"}, "facility": {"code": 12263}}, {"service": {"name": "Laboratory Services"}, "facility": {"code": 14590}}, {"service": {"name": "Home Based Care"}, "facility": {"code": 12263}}, {"service": {"name": "Adult Antiretroviral Therapy"}, "facility": {"code": 12263}}, {"service": {"name": "Post Exposure Prophylaxis"}, "facility": {"code": 12263}}, {"service": {"name": "Curative Services"}, "facility": {"code": 14590}}, {"service": {"name": "Voluntary Male Circumcision"}, "facility": {"code": 12263}}, {"service": {"name": "Basic Immunization"}, "facility": {"code": 14590}}, {"service": {"name": "PMTCT - ANC"}, "facility": {"code": 12263}}, {"service": {"name": "Early Infant Diagnosis"}, "facility": {"code": 12263}}, {"service": {"name": "Diagnostic Counselling and Testing"}, "facility": {"code": 12263}}, {"service": {"name": "Provider Initiated Counselling and Testing"}, "facility": {"code": 12263}}, {"service": {"name": "Focused Antenatal Care"}, "facility": {"code": 14590}}, {"service": {"name": "Management of STIs"}, "facility": {"code": 12263}}, {"service": {"name": "Condom Promotion and Distribution"}, "facility": {"code": 12263}}, {"service": {"name": "PMTCT - ANC"}, "facility": {"code": 14590}}, {"service": {"name": "Management of STIs"}, "facility": {"code": 14590}}, {"service": {"name": "Condom Promotion and Distribution"}, "facility": {"code": 14590}}, {"service": {"name": "Emergency Preparedness"}, "facility": {"code": 12374}}, {"service": {"name": "Emergency Obstetric Care"}, "facility": {"code": 12374}}, {"service": {"name": "Services for Sexual Violence Survivors"}, "facility": {"code": 12374}}, {"service": {"name": "Nutrition Services"}, "facility": {"code": 12374}}, {"service": {"name": "Integrated Management of Childhood Illnesses"}, "facility": {"code": 12374}}, {"service": {"name": "Laboratory Services"}, "facility": {"code": 12374}}, {"service": {"name": "Maternity Services"}, "facility": {"code": 12374}}, {"service": {"name": "Curative Services"}, "facility": {"code": 12374}}, {"service": {"name": "First Line Treatment"}, "facility": {"code": 12374}}, {"service": {"name": "Immunization with additional vaccines"}, "facility": {"code": 12374}}, {"service": {"name": "Focused Antenatal Care"}, "facility": {"code": 12374}}, {"service": {"name": "Basic Immunization"}, "facility": {"code": 12374}}, {"service": {"name": "Short Term FP"}, "facility": {"code": 12374}}, {"service": {"name": "Adult Antiretroviral Therapy"}, "facility": {"code": 12374}}, {"service": {"name": "Paediatric Antiretroviral Therapy"}, "facility": {"code": 12374}}, {"service": {"name": "Post Exposure Prophylaxis"}, "facility": {"code": 12374}}, {"service": {"name": "PMTCT - Maternity"}, "facility": {"code": 12374}}, {"service": {"name": "PMTCT - ANC"}, "facility": {"code": 12374}}, {"service": {"name": "Diagnostic Counselling and Testing"}, "facility": {"code": 12374}}, {"service": {"name": "Voluntary Counselling and Testing"}, "facility": {"code": 12374}}, {"service": {"name": "Provider Initiated Counselling and Testing"}, "facility": {"code": 12374}}, {"service": {"name": "Management of STIs"}, "facility": {"code": 12374}}, {"service": {"name": "Condom Promotion and Distribution"}, "facility": {"code": 12374}}, {"service": {"name": "Curative Services"}, "facility": {"code": 16701}}, {"service": {"name": "Short Term FP"}, "facility": {"code": 16701}}, {"service": {"name": "Management of STIs"}, "facility": {"code": 16701}}, {"service": {"name": "Condom Promotion and Distribution"}, "facility": {"code": 16701}}, {"service": {"name": "Curative Services"}, "facility": {"code": 14221}}, {"service": {"name": "Short Term FP"}, "facility": {"code": 14221}}, {"service": {"name": "Management of STIs"}, "facility": {"code": 14221}}, {"service": {"name": "Condom Promotion and Distribution"}, "facility": {"code": 14221}}, {"service": {"name": "Management of STIs"}, "facility": {"code": 14444}}, {"service": {"name": "Nutrition Services"}, "facility": {"code": 14336}}, {"service": {"name": "Curative Services"}, "facility": {"code": 14336}}, {"service": {"name": "Basic Immunization"}, "facility": {"code": 14336}}, {"service": {"name": "Focused Antenatal Care"}, "facility": {"code": 14336}}, {"service": {"name": "Short Term FP"}, "facility": {"code": 14336}}, {"service": {"name": "PMTCT - ANC"}, "facility": {"code": 14336}}, {"service": {"name": "Diagnostic Counselling and Testing"}, "facility": {"code": 14336}}, {"service": {"name": "Provider Initiated Counselling and Testing"}, "facility": {"code": 14336}}, {"service": {"name": "Management of STIs"}, "facility": {"code": 14336}}, {"service": {"name": "Condom Promotion and Distribution"}, "facility": {"code": 14336}}, {"service": {"name": "Emergency Preparedness"}, "facility": {"code": 14342}}, {"service": {"name": "Emergency Obstetric Care"}, "facility": {"code": 14342}}, {"service": {"name": "Environmental Health Services"}, "facility": {"code": 14342}}, {"service": {"name": "Nutrition Services"}, "facility": {"code": 14342}}, {"service": {"name": "Laboratory Services"}, "facility": {"code": 14342}}, {"service": {"name": "Curative Services"}, "facility": {"code": 14342}}, {"service": {"name": "Basic Immunization"}, "facility": {"code": 14342}}, {"service": {"name": "Focused Antenatal Care"}, "facility": {"code": 14342}}, {"service": {"name": "Short Term FP"}, "facility": {"code": 14342}}, {"service": {"name": "PMTCT - ANC"}, "facility": {"code": 14342}}, {"service": {"name": "Diagnostic Counselling and Testing"}, "facility": {"code": 14342}}, {"service": {"name": "Provider Initiated Counselling and Testing"}, "facility": {"code": 14342}}, {"service": {"name": "Management of STIs"}, "facility": {"code": 14342}}, {"service": {"name": "Condom Promotion and Distribution"}, "facility": {"code": 14342}}, {"service": {"name": "Emergency Preparedness"}, "facility": {"code": 12485}}, {"service": {"name": "Emergency Obstetric Care"}, "facility": {"code": 12485}}, {"service": {"name": "Rehabilitative Health Services - Physiotherapy"}, "facility": {"code": 12485}}, {"service": {"name": "Nutrition Services"}, "facility": {"code": 12485}}, {"service": {"name": "Integrated Management of Childhood Illnesses"}, "facility": {"code": 12485}}, {"service": {"name": "Ambulance Sevices"}, "facility": {"code": 12485}}, {"service": {"name": "Laboratory Services"}, "facility": {"code": 12485}}, {"service": {"name": "Surgical Services"}, "facility": {"code": 12485}}, {"service": {"name": "First Line Treatment"}, "facility": {"code": 12485}}, {"service": {"name": "Smear Microscopy"}, "facility": {"code": 12485}}, {"service": {"name": "Immunization with additional vaccines"}, "facility": {"code": 12485}}, {"service": {"name": "Basic Immunization"}, "facility": {"code": 12485}}, {"service": {"name": "Focused Antenatal Care"}, "facility": {"code": 12485}}, {"service": {"name": "Long Term FP"}, "facility": {"code": 12485}}, {"service": {"name": "Permanent FP"}, "facility": {"code": 12485}}, {"service": {"name": "Short Term FP"}, "facility": {"code": 12485}}, {"service": {"name": "Adult Antiretroviral Therapy"}, "facility": {"code": 12485}}, {"service": {"name": "Paediatric Antiretroviral Therapy"}, "facility": {"code": 12485}}, {"service": {"name": "PMTCT - Maternity"}, "facility": {"code": 12485}}, {"service": {"name": "Early Infant Diagnosis"}, "facility": {"code": 12485}}, {"service": {"name": "Diagnostic Counselling and Testing"}, "facility": {"code": 12485}}, {"service": {"name": "Provider Initiated Counselling and Testing"}, "facility": {"code": 12485}}, {"service": {"name": "Voluntary Counselling and Testing"}, "facility": {"code": 12485}}, {"service": {"name": "Post Exposure Prophylaxis"}, "facility": {"code": 12485}}, {"service": {"name": "Voluntary Male Circumcision"}, "facility": {"code": 12485}}, {"service": {"name": "PMTCT - ANC"}, "facility": {"code": 12485}}, {"service": {"name": "Management of STIs"}, "facility": {"code": 12485}}, {"service": {"name": "Condom Promotion and Distribution"}, "facility": {"code": 12485}}, {"service": {"name": "Emergency Obstetric Care"}, "facility": {"code": 12018}}, {"service": {"name": "Environmental Health Services"}, "facility": {"code": 12018}}, {"service": {"name": "Rehabilitative Health Services - Physiotherapy"}, "facility": {"code": 12018}}, {"service": {"name": "Services for Sexual Violence Survivors"}, "facility": {"code": 12018}}, {"service": {"name": "Mental Health Services"}, "facility": {"code": 12018}}, {"service": {"name": "Opthalmic Services"}, "facility": {"code": 12018}}, {"service": {"name": "Nutrition Services"}, "facility": {"code": 12018}}, {"service": {"name": "Integrated Management of Childhood Illnesses"}, "facility": {"code": 12018}}, {"service": {"name": "Ambulance Sevices"}, "facility": {"code": 12018}}, {"service": {"name": "Laboratory Services"}, "facility": {"code": 12018}}, {"service": {"name": "Radiology Services"}, "facility": {"code": 12018}}, {"service": {"name": "Surgical Services"}, "facility": {"code": 12018}}, {"service": {"name": "Maternity Services"}, "facility": {"code": 12018}}, {"service": {"name": "Curative Services"}, "facility": {"code": 12018}}, {"service": {"name": "Emergency Preparedness"}, "facility": {"code": 12499}}, {"service": {"name": "Emergency Obstetric Care"}, "facility": {"code": 12499}}, {"service": {"name": "Services for Sexual Violence Survivors"}, "facility": {"code": 12499}}, {"service": {"name": "Nutrition Services"}, "facility": {"code": 12499}}, {"service": {"name": "Integrated Management of Childhood Illnesses"}, "facility": {"code": 12499}}, {"service": {"name": "Maternity Services"}, "facility": {"code": 12499}}, {"service": {"name": "Curative Services"}, "facility": {"code": 12499}}, {"service": {"name": "First Line Treatment"}, "facility": {"code": 12499}}, {"service": {"name": "Immunization with additional vaccines"}, "facility": {"code": 12499}}, {"service": {"name": "Basic Immunization"}, "facility": {"code": 12499}}, {"service": {"name": "Focused Antenatal Care"}, "facility": {"code": 12499}}, {"service": {"name": "Long Term FP"}, "facility": {"code": 12499}}, {"service": {"name": "Short Term FP"}, "facility": {"code": 12499}}, {"service": {"name": "Post Exposure Prophylaxis"}, "facility": {"code": 12499}}, {"service": {"name": "PMTCT - Maternity"}, "facility": {"code": 12499}}, {"service": {"name": "Early Infant Diagnosis"}, "facility": {"code": 12499}}, {"service": {"name": "Diagnostic Counselling and Testing"}, "facility": {"code": 12499}}, {"service": {"name": "Provider Initiated Counselling and Testing"}, "facility": {"code": 12499}}, {"service": {"name": "Management of STIs"}, "facility": {"code": 12499}}, {"service": {"name": "Condom Promotion and Distribution"}, "facility": {"code": 12499}}, {"service": {"name": "Emergency Preparedness"}, "facility": {"code": 12724}}, {"service": {"name": "ENT Services"}, "facility": {"code": 12724}}, {"service": {"name": "Oral Health Services (Dental Services)"}, "facility": {"code": 12724}}, {"service": {"name": "Environmental Health Services"}, "facility": {"code": 12724}}, {"service": {"name": "Services for Sexual Violence Survivors"}, "facility": {"code": 12724}}, {"service": {"name": "Integrated Management of Childhood Illnesses"}, "facility": {"code": 12724}}, {"service": {"name": "Laboratory Services"}, "facility": {"code": 12724}}, {"service": {"name": "Maternity Services"}, "facility": {"code": 12724}}, {"service": {"name": "Curative Services"}, "facility": {"code": 12724}}, {"service": {"name": "Immunization with additional vaccines"}, "facility": {"code": 12724}}, {"service": {"name": "Basic Immunization"}, "facility": {"code": 12724}}, {"service": {"name": "Focused Antenatal Care"}, "facility": {"code": 12724}}, {"service": {"name": "Permanent FP"}, "facility": {"code": 12724}}, {"service": {"name": "Short Term FP"}, "facility": {"code": 12724}}, {"service": {"name": "Adult Antiretroviral Therapy"}, "facility": {"code": 12724}}, {"service": {"name": "Post Exposure Prophylaxis"}, "facility": {"code": 12724}}, {"service": {"name": "PMTCT - Maternity"}, "facility": {"code": 12724}}, {"service": {"name": "Early Infant Diagnosis"}, "facility": {"code": 12724}}, {"service": {"name": "Diagnostic Counselling and Testing"}, "facility": {"code": 12724}}, {"service": {"name": "Provider Initiated Counselling and Testing"}, "facility": {"code": 12724}}, {"service": {"name": "Voluntary Counselling and Testing"}, "facility": {"code": 12724}}, {"service": {"name": "PMTCT - ANC"}, "facility": {"code": 12724}}, {"service": {"name": "Management of STIs"}, "facility": {"code": 12724}}, {"service": {"name": "Emergency Obstetric Care"}, "facility": {"code": 12467}}, {"service": {"name": "Nutrition Services"}, "facility": {"code": 12467}}, {"service": {"name": "Integrated Management of Childhood Illnesses"}, "facility": {"code": 12467}}, {"service": {"name": "Surgical Services"}, "facility": {"code": 12467}}, {"service": {"name": "Curative Services"}, "facility": {"code": 12467}}, {"service": {"name": "Basic Immunization"}, "facility": {"code": 12467}}, {"service": {"name": "Focused Antenatal Care"}, "facility": {"code": 12467}}, {"service": {"name": "Integrated Services"}, "facility": {"code": 12467}}, {"service": {"name": "Long Term FP"}, "facility": {"code": 12467}}, {"service": {"name": "Short Term FP"}, "facility": {"code": 12467}}, {"service": {"name": "Voluntary Male Circumcision"}, "facility": {"code": 12467}}, {"service": {"name": "Early Infant Diagnosis"}, "facility": {"code": 12467}}, {"service": {"name": "Provider Initiated Counselling and Testing"}, "facility": {"code": 12467}}, {"service": {"name": "Management of STIs"}, "facility": {"code": 12467}}, {"service": {"name": "Condom Promotion and Distribution"}, "facility": {"code": 12467}}, {"service": {"name": "Emergency Obstetric Care"}, "facility": {"code": 12777}}, {"service": {"name": "Emergency Preparedness"}, "facility": {"code": 12777}}, {"service": {"name": "Environmental Health Services"}, "facility": {"code": 12777}}, {"service": {"name": "Services for Sexual Violence Survivors"}, "facility": {"code": 12777}}, {"service": {"name": "Integrated Management of Childhood Illnesses"}, "facility": {"code": 12777}}, {"service": {"name": "Laboratory Services"}, "facility": {"code": 12777}}, {"service": {"name": "Maternity Services"}, "facility": {"code": 12777}}, {"service": {"name": "Curative Services"}, "facility": {"code": 12777}}, {"service": {"name": "First Line Treatment"}, "facility": {"code": 12777}}, {"service": {"name": "Smear Microscopy"}, "facility": {"code": 12777}}, {"service": {"name": "Basic Immunization"}, "facility": {"code": 12777}}, {"service": {"name": "Focused Antenatal Care"}, "facility": {"code": 12777}}, {"service": {"name": "Integrated Services"}, "facility": {"code": 12777}}, {"service": {"name": "Long Term FP"}, "facility": {"code": 12777}}, {"service": {"name": "Short Term FP"}, "facility": {"code": 12777}}, {"service": {"name": "Adult Antiretroviral Therapy"}, "facility": {"code": 12777}}, {"service": {"name": "Paediatric Antiretroviral Therapy"}, "facility": {"code": 12777}}, {"service": {"name": "Post Exposure Prophylaxis"}, "facility": {"code": 12777}}, {"service": {"name": "Voluntary Male Circumcision"}, "facility": {"code": 12777}}, {"service": {"name": "PMTCT - Maternity"}, "facility": {"code": 12777}}, {"service": {"name": "PMTCT - ANC"}, "facility": {"code": 12777}}, {"service": {"name": "Early Infant Diagnosis"}, "facility": {"code": 12777}}, {"service": {"name": "Provider Initiated Counselling and Testing"}, "facility": {"code": 12777}}, {"service": {"name": "Voluntary Counselling and Testing"}, "facility": {"code": 12777}}, {"service": {"name": "Condom Promotion and Distribution"}, "facility": {"code": 12777}}, {"service": {"name": "Emergency Obstetric Care"}, "facility": {"code": 12419}}, {"service": {"name": "Services for Sexual Violence Survivors"}, "facility": {"code": 12419}}, {"service": {"name": "Nutrition Services"}, "facility": {"code": 12419}}, {"service": {"name": "Integrated Management of Childhood Illnesses"}, "facility": {"code": 12419}}, {"service": {"name": "Ambulance Sevices"}, "facility": {"code": 12419}}, {"service": {"name": "Laboratory Services"}, "facility": {"code": 12419}}, {"service": {"name": "Surgical Services"}, "facility": {"code": 12419}}, {"service": {"name": "Maternity Services"}, "facility": {"code": 12419}}, {"service": {"name": "Curative Services"}, "facility": {"code": 12419}}, {"service": {"name": "Immunization with additional vaccines"}, "facility": {"code": 12419}}, {"service": {"name": "Basic Immunization"}, "facility": {"code": 12419}}, {"service": {"name": "Focused Antenatal Care"}, "facility": {"code": 12419}}, {"service": {"name": "Permanent FP"}, "facility": {"code": 12419}}, {"service": {"name": "Short Term FP"}, "facility": {"code": 12419}}, {"service": {"name": "Post Exposure Prophylaxis"}, "facility": {"code": 12419}}, {"service": {"name": "PMTCT - Maternity"}, "facility": {"code": 12419}}, {"service": {"name": "PMTCT - ANC"}, "facility": {"code": 12419}}, {"service": {"name": "Early Infant Diagnosis"}, "facility": {"code": 12419}}, {"service": {"name": "Diagnostic Counselling and Testing"}, "facility": {"code": 12419}}, {"service": {"name": "Management of STIs"}, "facility": {"code": 12419}}, {"service": {"name": "Condom Promotion and Distribution"}, "facility": {"code": 12419}}, {"service": {"name": "Emergency Preparedness"}, "facility": {"code": 12313}}, {"service": {"name": "Oral Health Services (Dental Services)"}, "facility": {"code": 12313}}, {"service": {"name": "Emergency Obstetric Care"}, "facility": {"code": 12313}}, {"service": {"name": "Rehabilitative Health Services - Physiotherapy"}, "facility": {"code": 12313}}, {"service": {"name": "Services for Sexual Violence Survivors"}, "facility": {"code": 12313}}, {"service": {"name": "Integrated Management of Childhood Illnesses"}, "facility": {"code": 12313}}, {"service": {"name": "Laboratory Services"}, "facility": {"code": 12313}}, {"service": {"name": "Surgical Services"}, "facility": {"code": 12313}}, {"service": {"name": "Maternity Services"}, "facility": {"code": 12313}}, {"service": {"name": "Curative Services"}, "facility": {"code": 12313}}, {"service": {"name": "Rehabilitative Health Services - Orthopaedic Technology"}, "facility": {"code": 12313}}, {"service": {"name": "First Line Treatment"}, "facility": {"code": 12313}}, {"service": {"name": "Tuberculosis Culture"}, "facility": {"code": 12313}}, {"service": {"name": "Smear Microscopy"}, "facility": {"code": 12313}}, {"service": {"name": "Basic Immunization"}, "facility": {"code": 12313}}, {"service": {"name": "Focused Antenatal Care"}, "facility": {"code": 12313}}, {"service": {"name": "Integrated Services"}, "facility": {"code": 12313}}, {"service": {"name": "Short Term FP"}, "facility": {"code": 12313}}, {"service": {"name": "Home Based Care"}, "facility": {"code": 12313}}, {"service": {"name": "Adult Antiretroviral Therapy"}, "facility": {"code": 12313}}, {"service": {"name": "Paediatric Antiretroviral Therapy"}, "facility": {"code": 12313}}, {"service": {"name": "PMTCT - Maternity"}, "facility": {"code": 12313}}, {"service": {"name": "Early Infant Diagnosis"}, "facility": {"code": 12313}}, {"service": {"name": "Diagnostic Counselling and Testing"}, "facility": {"code": 12313}}, {"service": {"name": "Provider Initiated Counselling and Testing"}, "facility": {"code": 12313}}, {"service": {"name": "Voluntary Counselling and Testing"}, "facility": {"code": 12313}}, {"service": {"name": "Management of STIs"}, "facility": {"code": 12313}}, {"service": {"name": "Nutrition Services"}, "facility": {"code": 17277}}, {"service": {"name": "Curative Services"}, "facility": {"code": 17277}}, {"service": {"name": "Basic Immunization"}, "facility": {"code": 17277}}, {"service": {"name": "Focused Antenatal Care"}, "facility": {"code": 17277}}, {"service": {"name": "Short Term FP"}, "facility": {"code": 17277}}, {"service": {"name": "Management of STIs"}, "facility": {"code": 17277}}, {"service": {"name": "Nutrition Services"}, "facility": {"code": 17273}}, {"service": {"name": "Curative Services"}, "facility": {"code": 17273}}, {"service": {"name": "Basic Immunization"}, "facility": {"code": 17273}}, {"service": {"name": "Focused Antenatal Care"}, "facility": {"code": 17273}}, {"service": {"name": "Short Term FP"}, "facility": {"code": 17273}}, {"service": {"name": "PMTCT - ANC"}, "facility": {"code": 17273}}, {"service": {"name": "Provider Initiated Counselling and Testing"}, "facility": {"code": 17273}}, {"service": {"name": "Management of STIs"}, "facility": {"code": 17273}}, {"service": {"name": "Emergency Preparedness"}, "facility": {"code": 15475}}, {"service": {"name": "ENT Services"}, "facility": {"code": 15475}}, {"service": {"name": "Oral Health Services (Dental Services)"}, "facility": {"code": 15475}}, {"service": {"name": "Emergency Obstetric Care"}, "facility": {"code": 15475}}, {"service": {"name": "Environmental Health Services"}, "facility": {"code": 15475}}, {"service": {"name": "Mental Health Services"}, "facility": {"code": 15475}}, {"service": {"name": "Opthalmic Services"}, "facility": {"code": 15475}}, {"service": {"name": "Nutrition Services"}, "facility": {"code": 15475}}, {"service": {"name": "Laboratory Services"}, "facility": {"code": 15475}}, {"service": {"name": "Surgical Services"}, "facility": {"code": 15475}}, {"service": {"name": "Maternity Services"}, "facility": {"code": 15475}}, {"service": {"name": "Curative Services"}, "facility": {"code": 15475}}, {"service": {"name": "First Line Treatment"}, "facility": {"code": 15475}}, {"service": {"name": "Smear Microscopy"}, "facility": {"code": 15475}}, {"service": {"name": "Basic Immunization"}, "facility": {"code": 15475}}, {"service": {"name": "Focused Antenatal Care"}, "facility": {"code": 15475}}, {"service": {"name": "PMTCT - Maternity"}, "facility": {"code": 15475}}, {"service": {"name": "PMTCT - ANC"}, "facility": {"code": 15475}}, {"service": {"name": "Early Infant Diagnosis"}, "facility": {"code": 15475}}, {"service": {"name": "Diagnostic Counselling and Testing"}, "facility": {"code": 15475}}, {"service": {"name": "Provider Initiated Counselling and Testing"}, "facility": {"code": 15475}}, {"service": {"name": "Management of STIs"}, "facility": {"code": 15475}}, {"service": {"name": "Condom Promotion and Distribution"}, "facility": {"code": 15475}}, {"service": {"name": "Emergency Preparedness"}, "facility": {"code": 15228}}, {"service": {"name": "ENT Services"}, "facility": {"code": 15228}}, {"service": {"name": "Oral Health Services (Dental Services)"}, "facility": {"code": 15228}}, {"service": {"name": "Emergency Obstetric Care"}, "facility": {"code": 15228}}, {"service": {"name": "Environmental Health Services"}, "facility": {"code": 15228}}, {"service": {"name": "Mental Health Services"}, "facility": {"code": 15228}}, {"service": {"name": "Opthalmic Services"}, "facility": {"code": 15228}}, {"service": {"name": "Nutrition Services"}, "facility": {"code": 15228}}, {"service": {"name": "Surgical Services"}, "facility": {"code": 15228}}, {"service": {"name": "Maternity Services"}, "facility": {"code": 15228}}, {"service": {"name": "Curative Services"}, "facility": {"code": 15228}}, {"service": {"name": "Basic Immunization"}, "facility": {"code": 15228}}, {"service": {"name": "Focused Antenatal Care"}, "facility": {"code": 15228}}, {"service": {"name": "Short Term FP"}, "facility": {"code": 15228}}, {"service": {"name": "Management of STIs"}, "facility": {"code": 15228}}, {"service": {"name": "Condom Promotion and Distribution"}, "facility": {"code": 15228}}, {"service": {"name": "Emergency Preparedness"}, "facility": {"code": 15195}}, {"service": {"name": "ENT Services"}, "facility": {"code": 15195}}, {"service": {"name": "Oral Health Services (Dental Services)"}, "facility": {"code": 15195}}, {"service": {"name": "Emergency Obstetric Care"}, "facility": {"code": 15195}}, {"service": {"name": "Environmental Health Services"}, "facility": {"code": 15195}}, {"service": {"name": "Services for Sexual Violence Survivors"}, "facility": {"code": 15195}}, {"service": {"name": "Mental Health Services"}, "facility": {"code": 15195}}, {"service": {"name": "Opthalmic Services"}, "facility": {"code": 15195}}, {"service": {"name": "Nutrition Services"}, "facility": {"code": 15195}}, {"service": {"name": "Laboratory Services"}, "facility": {"code": 15195}}, {"service": {"name": "Surgical Services"}, "facility": {"code": 15195}}, {"service": {"name": "Maternity Services"}, "facility": {"code": 15195}}, {"service": {"name": "Curative Services"}, "facility": {"code": 15195}}, {"service": {"name": "First Line Treatment"}, "facility": {"code": 15195}}, {"service": {"name": "Smear Microscopy"}, "facility": {"code": 15195}}, {"service": {"name": "Immunization with additional vaccines"}, "facility": {"code": 15195}}, {"service": {"name": "Basic Immunization"}, "facility": {"code": 15195}}, {"service": {"name": "Focused Antenatal Care"}, "facility": {"code": 15195}}, {"service": {"name": "Long Term FP"}, "facility": {"code": 15195}}, {"service": {"name": "Short Term FP"}, "facility": {"code": 15195}}, {"service": {"name": "Adult Antiretroviral Therapy"}, "facility": {"code": 15195}}, {"service": {"name": "Paediatric Antiretroviral Therapy"}, "facility": {"code": 15195}}, {"service": {"name": "Post Exposure Prophylaxis"}, "facility": {"code": 15195}}, {"service": {"name": "PMTCT - Maternity"}, "facility": {"code": 15195}}, {"service": {"name": "PMTCT - ANC"}, "facility": {"code": 15195}}, {"service": {"name": "Early Infant Diagnosis"}, "facility": {"code": 15195}}, {"service": {"name": "Diagnostic Counselling and Testing"}, "facility": {"code": 15195}}, {"service": {"name": "Provider Initiated Counselling and Testing"}, "facility": {"code": 15195}}, {"service": {"name": "Voluntary Counselling and Testing"}, "facility": {"code": 15195}}, {"service": {"name": "Management of STIs"}, "facility": {"code": 15195}}, {"service": {"name": "Condom Promotion and Distribution"}, "facility": {"code": 15195}}, {"service": {"name": "Emergency Preparedness"}, "facility": {"code": 15105}}, {"service": {"name": "ENT Services"}, "facility": {"code": 15105}}, {"service": {"name": "Oral Health Services (Dental Services)"}, "facility": {"code": 15105}}, {"service": {"name": "Emergency Obstetric Care"}, "facility": {"code": 15105}}, {"service": {"name": "Environmental Health Services"}, "facility": {"code": 15105}}, {"service": {"name": "Mental Health Services"}, "facility": {"code": 15105}}, {"service": {"name": "Opthalmic Services"}, "facility": {"code": 15105}}, {"service": {"name": "Nutrition Services"}, "facility": {"code": 15105}}, {"service": {"name": "Surgical Services"}, "facility": {"code": 15105}}, {"service": {"name": "Maternity Services"}, "facility": {"code": 15105}}, {"service": {"name": "Curative Services"}, "facility": {"code": 15105}}, {"service": {"name": "Basic Immunization"}, "facility": {"code": 15105}}, {"service": {"name": "Focused Antenatal Care"}, "facility": {"code": 15105}}, {"service": {"name": "Short Term FP"}, "facility": {"code": 15105}}, {"service": {"name": "Management of STIs"}, "facility": {"code": 15105}}, {"service": {"name": "Condom Promotion and Distribution"}, "facility": {"code": 15105}}, {"service": {"name": "Maternity Services"}, "facility": {"code": 17272}}, {"service": {"name": "Curative Services"}, "facility": {"code": 17272}}, {"service": {"name": "Basic Immunization"}, "facility": {"code": 17272}}, {"service": {"name": "Focused Antenatal Care"}, "facility": {"code": 17272}}, {"service": {"name": "Short Term FP"}, "facility": {"code": 17272}}, {"service": {"name": "PMTCT - Maternity"}, "facility": {"code": 17272}}, {"service": {"name": "PMTCT - ANC"}, "facility": {"code": 17272}}, {"service": {"name": "Early Infant Diagnosis"}, "facility": {"code": 17272}}, {"service": {"name": "Diagnostic Counselling and Testing"}, "facility": {"code": 17272}}, {"service": {"name": "Provider Initiated Counselling and Testing"}, "facility": {"code": 17272}}, {"service": {"name": "Management of STIs"}, "facility": {"code": 17272}}, {"service": {"name": "Condom Promotion and Distribution"}, "facility": {"code": 17272}}, {"service": {"name": "Emergency Preparedness"}, "facility": {"code": 15039}}, {"service": {"name": "ENT Services"}, "facility": {"code": 15039}}, {"service": {"name": "Oral Health Services (Dental Services)"}, "facility": {"code": 15039}}, {"service": {"name": "Emergency Obstetric Care"}, "facility": {"code": 15039}}, {"service": {"name": "Environmental Health Services"}, "facility": {"code": 15039}}, {"service": {"name": "Mental Health Services"}, "facility": {"code": 15039}}, {"service": {"name": "Opthalmic Services"}, "facility": {"code": 15039}}, {"service": {"name": "Nutrition Services"}, "facility": {"code": 15039}}, {"service": {"name": "Laboratory Services"}, "facility": {"code": 15039}}, {"service": {"name": "Surgical Services"}, "facility": {"code": 15039}}, {"service": {"name": "Maternity Services"}, "facility": {"code": 15039}}, {"service": {"name": "Curative Services"}, "facility": {"code": 15039}}, {"service": {"name": "Basic Immunization"}, "facility": {"code": 15039}}, {"service": {"name": "Focused Antenatal Care"}, "facility": {"code": 15039}}, {"service": {"name": "Short Term FP"}, "facility": {"code": 15039}}, {"service": {"name": "PMTCT - Maternity"}, "facility": {"code": 15039}}, {"service": {"name": "PMTCT - ANC"}, "facility": {"code": 15039}}, {"service": {"name": "Early Infant Diagnosis"}, "facility": {"code": 15039}}, {"service": {"name": "Diagnostic Counselling and Testing"}, "facility": {"code": 15039}}, {"service": {"name": "Provider Initiated Counselling and Testing"}, "facility": {"code": 15039}}, {"service": {"name": "Management of STIs"}, "facility": {"code": 15039}}, {"service": {"name": "Condom Promotion and Distribution"}, "facility": {"code": 15039}}, {"service": {"name": "Emergency Preparedness"}, "facility": {"code": 14178}}, {"service": {"name": "ENT Services"}, "facility": {"code": 14178}}, {"service": {"name": "Oral Health Services (Dental Services)"}, "facility": {"code": 14178}}, {"service": {"name": "Emergency Obstetric Care"}, "facility": {"code": 14178}}, {"service": {"name": "Environmental Health Services"}, "facility": {"code": 14178}}, {"service": {"name": "Rehabilitative Health Services - Physiotherapy"}, "facility": {"code": 14178}}, {"service": {"name": "Services for Sexual Violence Survivors"}, "facility": {"code": 14178}}, {"service": {"name": "Mental Health Services"}, "facility": {"code": 14178}}, {"service": {"name": "Opthalmic Services"}, "facility": {"code": 14178}}, {"service": {"name": "Nutrition Services"}, "facility": {"code": 14178}}, {"service": {"name": "Ambulance Sevices"}, "facility": {"code": 14178}}, {"service": {"name": "Laboratory Services"}, "facility": {"code": 14178}}, {"service": {"name": "Radiology Services"}, "facility": {"code": 14178}}, {"service": {"name": "Surgical Services"}, "facility": {"code": 14178}}, {"service": {"name": "Maternity Services"}, "facility": {"code": 14178}}, {"service": {"name": "Curative Services"}, "facility": {"code": 14178}}, {"service": {"name": "Facility Based Blood Transfusion Service"}, "facility": {"code": 14178}}, {"service": {"name": "Rehabilitative Health Services - Orthopaedic Technology"}, "facility": {"code": 14178}}, {"service": {"name": "Rehabilitative Health Services - Occupational Health"}, "facility": {"code": 14178}}, {"service": {"name": "MDRTB Treatment"}, "facility": {"code": 14178}}, {"service": {"name": "First Line Treatment"}, "facility": {"code": 14178}}, {"service": {"name": "Smear Microscopy"}, "facility": {"code": 14178}}, {"service": {"name": "Immunization with additional vaccines"}, "facility": {"code": 14178}}, {"service": {"name": "Basic Immunization"}, "facility": {"code": 14178}}, {"service": {"name": "Focused Antenatal Care"}, "facility": {"code": 14178}}, {"service": {"name": "Permanent FP"}, "facility": {"code": 14178}}, {"service": {"name": "Long Term FP"}, "facility": {"code": 14178}}, {"service": {"name": "Short Term FP"}, "facility": {"code": 14178}}, {"service": {"name": "Adult Antiretroviral Therapy"}, "facility": {"code": 14178}}, {"service": {"name": "Paediatric Antiretroviral Therapy"}, "facility": {"code": 14178}}, {"service": {"name": "Post Exposure Prophylaxis"}, "facility": {"code": 14178}}, {"service": {"name": "Voluntary Male Circumcision"}, "facility": {"code": 14178}}, {"service": {"name": "PMTCT - Maternity"}, "facility": {"code": 14178}}, {"service": {"name": "PMTCT - ANC"}, "facility": {"code": 14178}}, {"service": {"name": "Early Infant Diagnosis"}, "facility": {"code": 14178}}, {"service": {"name": "Diagnostic Counselling and Testing"}, "facility": {"code": 14178}}, {"service": {"name": "Provider Initiated Counselling and Testing"}, "facility": {"code": 14178}}, {"service": {"name": "Voluntary Counselling and Testing"}, "facility": {"code": 14178}}, {"service": {"name": "Management of STIs"}, "facility": {"code": 14178}}, {"service": {"name": "Condom Promotion and Distribution"}, "facility": {"code": 14178}}, {"service": {"name": "Environmental Health Services"}, "facility": {"code": 15243}}, {"service": {"name": "Nutrition Services"}, "facility": {"code": 15243}}, {"service": {"name": "Curative Services"}, "facility": {"code": 15243}}, {"service": {"name": "Short Term FP"}, "facility": {"code": 15243}}, {"service": {"name": "Condom Promotion and Distribution"}, "facility": {"code": 15243}}, {"service": {"name": "Laboratory Services"}, "facility": {"code": 12502}}, {"service": {"name": "Surgical Services"}, "facility": {"code": 12502}}, {"service": {"name": "Maternity Services"}, "facility": {"code": 12502}}, {"service": {"name": "Curative Services"}, "facility": {"code": 12502}}, {"service": {"name": "First Line Treatment"}, "facility": {"code": 12502}}, {"service": {"name": "Smear Microscopy"}, "facility": {"code": 12502}}, {"service": {"name": "Immunization with additional vaccines"}, "facility": {"code": 12502}}, {"service": {"name": "Basic Immunization"}, "facility": {"code": 12502}}, {"service": {"name": "Focused Antenatal Care"}, "facility": {"code": 12502}}, {"service": {"name": "Adult Antiretroviral Therapy"}, "facility": {"code": 12502}}, {"service": {"name": "Paediatric Antiretroviral Therapy"}, "facility": {"code": 12502}}, {"service": {"name": "Post Exposure Prophylaxis"}, "facility": {"code": 12502}}, {"service": {"name": "PMTCT - Maternity"}, "facility": {"code": 12502}}, {"service": {"name": "PMTCT - ANC"}, "facility": {"code": 12502}}, {"service": {"name": "Early Infant Diagnosis"}, "facility": {"code": 12502}}, {"service": {"name": "Diagnostic Counselling and Testing"}, "facility": {"code": 12502}}, {"service": {"name": "Provider Initiated Counselling and Testing"}, "facility": {"code": 12502}}, {"service": {"name": "Voluntary Counselling and Testing"}, "facility": {"code": 12502}}, {"service": {"name": "Management of STIs"}, "facility": {"code": 12502}}, {"service": {"name": "Short Term FP"}, "facility": {"code": 14210}}, {"service": {"name": "Provider Initiated Counselling and Testing"}, "facility": {"code": 14210}}, {"service": {"name": "Condom Promotion and Distribution"}, "facility": {"code": 14210}}, {"service": {"name": "Curative Services"}, "facility": {"code": 14210}}, {"service": {"name": "Emergency Preparedness"}, "facility": {"code": 14970}}, {"service": {"name": "ENT Services"}, "facility": {"code": 14970}}, {"service": {"name": "Oral Health Services (Dental Services)"}, "facility": {"code": 14970}}, {"service": {"name": "Emergency Obstetric Care"}, "facility": {"code": 14970}}, {"service": {"name": "Environmental Health Services"}, "facility": {"code": 14970}}, {"service": {"name": "Services for Sexual Violence Survivors"}, "facility": {"code": 14970}}, {"service": {"name": "Mental Health Services"}, "facility": {"code": 14970}}, {"service": {"name": "Opthalmic Services"}, "facility": {"code": 14970}}, {"service": {"name": "Nutrition Services"}, "facility": {"code": 14970}}, {"service": {"name": "Laboratory Services"}, "facility": {"code": 14970}}, {"service": {"name": "Surgical Services"}, "facility": {"code": 14970}}, {"service": {"name": "Maternity Services"}, "facility": {"code": 14970}}, {"service": {"name": "Curative Services"}, "facility": {"code": 14970}}, {"service": {"name": "First Line Treatment"}, "facility": {"code": 14970}}, {"service": {"name": "Smear Microscopy"}, "facility": {"code": 14970}}, {"service": {"name": "Immunization with additional vaccines"}, "facility": {"code": 14970}}, {"service": {"name": "Basic Immunization"}, "facility": {"code": 14970}}, {"service": {"name": "Focused Antenatal Care"}, "facility": {"code": 14970}}, {"service": {"name": "Long Term FP"}, "facility": {"code": 14970}}, {"service": {"name": "Short Term FP"}, "facility": {"code": 14970}}, {"service": {"name": "Adult Antiretroviral Therapy"}, "facility": {"code": 14970}}, {"service": {"name": "Paediatric Antiretroviral Therapy"}, "facility": {"code": 14970}}, {"service": {"name": "Post Exposure Prophylaxis"}, "facility": {"code": 14970}}, {"service": {"name": "PMTCT - Maternity"}, "facility": {"code": 14970}}, {"service": {"name": "PMTCT - ANC"}, "facility": {"code": 14970}}, {"service": {"name": "Early Infant Diagnosis"}, "facility": {"code": 14970}}, {"service": {"name": "Diagnostic Counselling and Testing"}, "facility": {"code": 14970}}, {"service": {"name": "Provider Initiated Counselling and Testing"}, "facility": {"code": 14970}}, {"service": {"name": "Management of STIs"}, "facility": {"code": 14970}}, {"service": {"name": "Condom Promotion and Distribution"}, "facility": {"code": 14970}}, {"service": {"name": "Basic Immunization"}, "facility": {"code": 15986}}, {"service": {"name": "Focused Antenatal Care"}, "facility": {"code": 15986}}, {"service": {"name": "Short Term FP"}, "facility": {"code": 15986}}, {"service": {"name": "Integrated Management of Childhood Illnesses"}, "facility": {"code": 15986}}, {"service": {"name": "Maternity Services"}, "facility": {"code": 15986}}, {"service": {"name": "Curative Services"}, "facility": {"code": 15986}}, {"service": {"name": "Curative Services"}, "facility": {"code": 17271}}, {"service": {"name": "Short Term FP"}, "facility": {"code": 17271}}, {"service": {"name": "Emergency Obstetric Care"}, "facility": {"code": 16059}}, {"service": {"name": "Emergency Preparedness"}, "facility": {"code": 16059}}, {"service": {"name": "ENT Services"}, "facility": {"code": 16059}}, {"service": {"name": "Oral Health Services (Dental Services)"}, "facility": {"code": 16059}}, {"service": {"name": "Environmental Health Services"}, "facility": {"code": 16059}}, {"service": {"name": "Opthalmic Services"}, "facility": {"code": 16059}}, {"service": {"name": "Nutrition Services"}, "facility": {"code": 16059}}, {"service": {"name": "Curative Services"}, "facility": {"code": 16059}}, {"service": {"name": "First Line Treatment"}, "facility": {"code": 16059}}, {"service": {"name": "Focused Antenatal Care"}, "facility": {"code": 16059}}, {"service": {"name": "Short Term FP"}, "facility": {"code": 16059}}, {"service": {"name": "Management of STIs"}, "facility": {"code": 16059}}, {"service": {"name": "Condom Promotion and Distribution"}, "facility": {"code": 16059}}, {"service": {"name": "Emergency Preparedness"}, "facility": {"code": 14930}}, {"service": {"name": "ENT Services"}, "facility": {"code": 14930}}, {"service": {"name": "Oral Health Services (Dental Services)"}, "facility": {"code": 14930}}, {"service": {"name": "Emergency Obstetric Care"}, "facility": {"code": 14930}}, {"service": {"name": "Environmental Health Services"}, "facility": {"code": 14930}}, {"service": {"name": "Mental Health Services"}, "facility": {"code": 14930}}, {"service": {"name": "Opthalmic Services"}, "facility": {"code": 14930}}, {"service": {"name": "Nutrition Services"}, "facility": {"code": 14930}}, {"service": {"name": "Surgical Services"}, "facility": {"code": 14930}}, {"service": {"name": "Maternity Services"}, "facility": {"code": 14930}}, {"service": {"name": "Curative Services"}, "facility": {"code": 14930}}, {"service": {"name": "Basic Immunization"}, "facility": {"code": 14930}}, {"service": {"name": "Focused Antenatal Care"}, "facility": {"code": 14930}}, {"service": {"name": "Short Term FP"}, "facility": {"code": 14930}}, {"service": {"name": "PMTCT - Maternity"}, "facility": {"code": 14930}}, {"service": {"name": "PMTCT - ANC"}, "facility": {"code": 14930}}, {"service": {"name": "Early Infant Diagnosis"}, "facility": {"code": 14930}}, {"service": {"name": "Diagnostic Counselling and Testing"}, "facility": {"code": 14930}}, {"service": {"name": "Provider Initiated Counselling and Testing"}, "facility": {"code": 14930}}, {"service": {"name": "Management of STIs"}, "facility": {"code": 14930}}, {"service": {"name": "Condom Promotion and Distribution"}, "facility": {"code": 14930}}, {"service": {"name": "Curative Services"}, "facility": {"code": 17270}}, {"service": {"name": "Voluntary Counselling and Testing"}, "facility": {"code": 17270}}, {"service": {"name": "Laboratory Services"}, "facility": {"code": 17270}}, {"service": {"name": "Short Term FP"}, "facility": {"code": 17270}}, {"service": {"name": "Voluntary Male Circumcision"}, "facility": {"code": 17270}}, {"service": {"name": "Condom Promotion and Distribution"}, "facility": {"code": 17270}}, {"service": {"name": "Emergency Obstetric Care"}, "facility": {"code": 10655}}, {"service": {"name": "Environmental Health Services"}, "facility": {"code": 10655}}, {"service": {"name": "Mental Health Services"}, "facility": {"code": 10655}}, {"service": {"name": "Nutrition Services"}, "facility": {"code": 10655}}, {"service": {"name": "Integrated Management of Childhood Illnesses"}, "facility": {"code": 10655}}, {"service": {"name": "Laboratory Services"}, "facility": {"code": 10655}}, {"service": {"name": "Maternity Services"}, "facility": {"code": 10655}}, {"service": {"name": "Curative Services"}, "facility": {"code": 10655}}, {"service": {"name": "First Line Treatment"}, "facility": {"code": 10655}}, {"service": {"name": "Smear Microscopy"}, "facility": {"code": 10655}}, {"service": {"name": "Immunization with additional vaccines"}, "facility": {"code": 10655}}, {"service": {"name": "Basic Immunization"}, "facility": {"code": 10655}}, {"service": {"name": "Nutrition Services"}, "facility": {"code": 17269}}, {"service": {"name": "Long Term FP"}, "facility": {"code": 10655}}, {"service": {"name": "Focused Antenatal Care"}, "facility": {"code": 10655}}, {"service": {"name": "Integrated Management of Childhood Illnesses"}, "facility": {"code": 17269}}, {"service": {"name": "Basic Immunization"}, "facility": {"code": 17269}}, {"service": {"name": "Focused Antenatal Care"}, "facility": {"code": 17269}}, {"service": {"name": "Integrated Services"}, "facility": {"code": 17269}}, {"service": {"name": "Long Term FP"}, "facility": {"code": 17269}}, {"service": {"name": "Short Term FP"}, "facility": {"code": 17269}}, {"service": {"name": "Voluntary Male Circumcision"}, "facility": {"code": 17269}}, {"service": {"name": "PMTCT - ANC"}, "facility": {"code": 17269}}, {"service": {"name": "PMTCT - Maternity"}, "facility": {"code": 17269}}, {"service": {"name": "Early Infant Diagnosis"}, "facility": {"code": 17269}}, {"service": {"name": "Diagnostic Counselling and Testing"}, "facility": {"code": 17269}}, {"service": {"name": "Provider Initiated Counselling and Testing"}, "facility": {"code": 17269}}, {"service": {"name": "Management of STIs"}, "facility": {"code": 17269}}, {"service": {"name": "Condom Promotion and Distribution"}, "facility": {"code": 17269}}, {"service": {"name": "Short Term FP"}, "facility": {"code": 10655}}, {"service": {"name": "Home Based Care"}, "facility": {"code": 10655}}, {"service": {"name": "Adult Antiretroviral Therapy"}, "facility": {"code": 10655}}, {"service": {"name": "Paediatric Antiretroviral Therapy"}, "facility": {"code": 10655}}, {"service": {"name": "Post Exposure Prophylaxis"}, "facility": {"code": 10655}}, {"service": {"name": "PMTCT - Maternity"}, "facility": {"code": 10655}}, {"service": {"name": "PMTCT - ANC"}, "facility": {"code": 10655}}, {"service": {"name": "Early Infant Diagnosis"}, "facility": {"code": 10655}}, {"service": {"name": "Diagnostic Counselling and Testing"}, "facility": {"code": 10655}}, {"service": {"name": "Provider Initiated Counselling and Testing"}, "facility": {"code": 10655}}, {"service": {"name": "Voluntary Counselling and Testing"}, "facility": {"code": 10655}}, {"service": {"name": "Management of STIs"}, "facility": {"code": 10655}}, {"service": {"name": "Condom Promotion and Distribution"}, "facility": {"code": 10655}}, {"service": {"name": "Emergency Obstetric Care"}, "facility": {"code": 10351}}, {"service": {"name": "Integrated Management of Childhood Illnesses"}, "facility": {"code": 10351}}, {"service": {"name": "Curative Services"}, "facility": {"code": 10351}}, {"service": {"name": "Basic Immunization"}, "facility": {"code": 10351}}, {"service": {"name": "Focused Antenatal Care"}, "facility": {"code": 10351}}, {"service": {"name": "Long Term FP"}, "facility": {"code": 10351}}, {"service": {"name": "Short Term FP"}, "facility": {"code": 10351}}, {"service": {"name": "PMTCT - ANC"}, "facility": {"code": 10351}}, {"service": {"name": "Management of STIs"}, "facility": {"code": 10351}}, {"service": {"name": "Condom Promotion and Distribution"}, "facility": {"code": 10351}}, {"service": {"name": "Emergency Obstetric Care"}, "facility": {"code": 10951}}, {"service": {"name": "Curative Services"}, "facility": {"code": 10951}}, {"service": {"name": "Basic Immunization"}, "facility": {"code": 10951}}, {"service": {"name": "Focused Antenatal Care"}, "facility": {"code": 10951}}, {"service": {"name": "Short Term FP"}, "facility": {"code": 10951}}, {"service": {"name": "Voluntary Male Circumcision"}, "facility": {"code": 10951}}, {"service": {"name": "Management of STIs"}, "facility": {"code": 10951}}, {"service": {"name": "Condom Promotion and Distribution"}, "facility": {"code": 10951}}, {"service": {"name": "Emergency Preparedness"}, "facility": {"code": 17268}}, {"service": {"name": "Services for Sexual Violence Survivors"}, "facility": {"code": 17268}}, {"service": {"name": "Nutrition Services"}, "facility": {"code": 17268}}, {"service": {"name": "Integrated Management of Childhood Illnesses"}, "facility": {"code": 17268}}, {"service": {"name": "Surgical Services"}, "facility": {"code": 17268}}, {"service": {"name": "Curative Services"}, "facility": {"code": 17268}}, {"service": {"name": "First Line Treatment"}, "facility": {"code": 17268}}, {"service": {"name": "Emergency Obstetric Care"}, "facility": {"code": 17267}}, {"service": {"name": "Focused Antenatal Care"}, "facility": {"code": 17268}}, {"service": {"name": "Integrated Management of Childhood Illnesses"}, "facility": {"code": 17267}}], "unique_fields": ["facility", "service"], "model": "facilities.FacilityService"}]