[{"records": [{"service": {"name": "Laboratory Services"}, "facility": {"code": 17267}}, {"service": {"name": "Short Term FP"}, "facility": {"code": 17268}}, {"service": {"name": "Post Exposure Prophylaxis"}, "facility": {"code": 17268}}, {"service": {"name": "Curative Services"}, "facility": {"code": 17267}}, {"service": {"name": "Long Term FP"}, "facility": {"code": 17267}}, {"service": {"name": "PMTCT - Maternity"}, "facility": {"code": 17268}}, {"service": {"name": "Short Term FP"}, "facility": {"code": 17267}}, {"service": {"name": "Diagnostic Counselling and Testing"}, "facility": {"code": 17268}}, {"service": {"name": "Provider Initiated Counselling and Testing"}, "facility": {"code": 17267}}, {"service": {"name": "Provider Initiated Counselling and Testing"}, "facility": {"code": 17268}}, {"service": {"name": "Voluntary Counselling and Testing"}, "facility": {"code": 17268}}, {"service": {"name": "Management of STIs"}, "facility": {"code": 17267}}, {"service": {"name": "Management of STIs"}, "facility": {"code": 17268}}, {"service": {"name": "Condom Promotion and Distribution"}, "facility": {"code": 17267}}, {"service": {"name": "Condom Promotion and Distribution"}, "facility": {"code": 17268}}, {"service": {"name": "Emergency Obstetric Care"}, "facility": {"code": 17266}}, {"service": {"name": "Curative Services"}, "facility": {"code": 17266}}, {"service": {"name": "Management of STIs"}, "facility": {"code": 17266}}, {"service": {"name": "Rehabilitative Health Services - Occupational Health"}, "facility": {"code": 14294}}, {"service": {"name": "First Line Treatment"}, "facility": {"code": 14294}}, {"service": {"name": "Smear Microscopy"}, "facility": {"code": 14294}}, {"service": {"name": "Focused Antenatal Care"}, "facility": {"code": 14294}}, {"service": {"name": "Long Term FP"}, "facility": {"code": 14294}}, {"service": {"name": "Short Term FP"}, "facility": {"code": 14294}}, {"service": {"name": "Home Based Care"}, "facility": {"code": 14294}}, {"service": {"name": "Adult Antiretroviral Therapy"}, "facility": {"code": 14294}}, {"service": {"name": "Paediatric Antiretroviral Therapy"}, "facility": {"code": 14294}}, {"service": {"name": "Post Exposure Prophylaxis"}, "facility": {"code": 14294}}, {"service": {"name": "PMTCT - Maternity"}, "facility": {"code": 14294}}, {"service": {"name": "PMTCT - ANC"}, "facility": {"code": 14294}}, {"service": {"name": "Early Infant Diagnosis"}, "facility": {"code": 14294}}, {"service": {"name": "Diagnostic Counselling and Testing"}, "facility": {"code": 14294}}, {"service": {"name": "Provider Initiated Counselling and Testing"}, "facility": {"code": 14294}}, {"service": {"name": "Voluntary Counselling and Testing"}, "facility": {"code": 14294}}, {"service": {"name": "Management of STIs"}, "facility": {"code": 14294}}, {"service": {"name": "Condom Promotion and Distribution"}, "facility": {"code": 14294}}, {"service": {"name": "Basic Immunization"}, "facility": {"code": 14969}}, {"service": {"name": "Basic Immunization"}, "facility": {"code": 14705}}, {"service": {"name": "Emergency Obstetric Care"}, "facility": {"code": 14767}}, {"service": {"name": "Basic Immunization"}, "facility": {"code": 14767}}, {"service": {"name": "Mortuary Services"}, "facility": {"code": 14767}}, {"service": {"name": "Facility Based Blood Transfusion Service"}, "facility": {"code": 14767}}, {"service": {"name": "Rehabilitative Health Services - Orthopaedic Technology"}, "facility": {"code": 14767}}, {"service": {"name": "Rehabilitative Health Services - Occupational Health"}, "facility": {"code": 14767}}, {"service": {"name": "First Line Treatment"}, "facility": {"code": 14767}}, {"service": {"name": "Smear Microscopy"}, "facility": {"code": 14767}}, {"service": {"name": "Specialized ANC"}, "facility": {"code": 14767}}, {"service": {"name": "Focused Antenatal Care"}, "facility": {"code": 14767}}, {"service": {"name": "Permanent FP"}, "facility": {"code": 14767}}, {"service": {"name": "Long Term FP"}, "facility": {"code": 14767}}, {"service": {"name": "Short Term FP"}, "facility": {"code": 14767}}, {"service": {"name": "Home Based Care"}, "facility": {"code": 14767}}, {"service": {"name": "Adult Antiretroviral Therapy"}, "facility": {"code": 14767}}, {"service": {"name": "Early Infant Diagnosis"}, "facility": {"code": 14767}}, {"service": {"name": "Paediatric Antiretroviral Therapy"}, "facility": {"code": 14767}}, {"service": {"name": "Post Exposure Prophylaxis"}, "facility": {"code": 14767}}, {"service": {"name": "Voluntary Male Circumcision"}, "facility": {"code": 14767}}, {"service": {"name": "PMTCT - Maternity"}, "facility": {"code": 14767}}, {"service": {"name": "PMTCT - ANC"}, "facility": {"code": 14767}}, {"service": {"name": "Diagnostic Counselling and Testing"}, "facility": {"code": 14767}}, {"service": {"name": "Provider Initiated Counselling and Testing"}, "facility": {"code": 14767}}, {"service": {"name": "Voluntary Counselling and Testing"}, "facility": {"code": 14767}}, {"service": {"name": "Condom Promotion and Distribution"}, "facility": {"code": 14767}}, {"service": {"name": "Emergency Preparedness"}, "facility": {"code": 12596}}, {"service": {"name": "Emergency Obstetric Care"}, "facility": {"code": 12596}}, {"service": {"name": "Environmental Health Services"}, "facility": {"code": 12596}}, {"service": {"name": "Services for Sexual Violence Survivors"}, "facility": {"code": 12596}}, {"service": {"name": "Nutrition Services"}, "facility": {"code": 12596}}, {"service": {"name": "Integrated Management of Childhood Illnesses"}, "facility": {"code": 12596}}, {"service": {"name": "Surgical Services"}, "facility": {"code": 12596}}, {"service": {"name": "Maternity Services"}, "facility": {"code": 12596}}, {"service": {"name": "Curative Services"}, "facility": {"code": 12596}}, {"service": {"name": "First Line Treatment"}, "facility": {"code": 12596}}, {"service": {"name": "Immunization with additional vaccines"}, "facility": {"code": 12596}}, {"service": {"name": "Basic Immunization"}, "facility": {"code": 12596}}, {"service": {"name": "Focused Antenatal Care"}, "facility": {"code": 12596}}, {"service": {"name": "Long Term FP"}, "facility": {"code": 12596}}, {"service": {"name": "Short Term FP"}, "facility": {"code": 12596}}, {"service": {"name": "Post Exposure Prophylaxis"}, "facility": {"code": 12596}}, {"service": {"name": "Voluntary Male Circumcision"}, "facility": {"code": 12596}}, {"service": {"name": "PMTCT - Maternity"}, "facility": {"code": 12596}}, {"service": {"name": "PMTCT - ANC"}, "facility": {"code": 12596}}, {"service": {"name": "Early Infant Diagnosis"}, "facility": {"code": 12596}}, {"service": {"name": "Diagnostic Counselling and Testing"}, "facility": {"code": 12596}}, {"service": {"name": "Provider Initiated Counselling and Testing"}, "facility": {"code": 12596}}, {"service": {"name": "Voluntary Counselling and Testing"}, "facility": {"code": 12596}}, {"service": {"name": "Management of STIs"}, "facility": {"code": 12596}}, {"service": {"name": "Condom Promotion and Distribution"}, "facility": {"code": 12596}}, {"service": {"name": "Emergency Preparedness"}, "facility": {"code": 17256}}, {"service": {"name": "Emergency Obstetric Care"}, "facility": {"code": 17256}}, {"service": {"name": "Environmental Health Services"}, "facility": {"code": 17256}}, {"service": {"name": "Integrated Management of Childhood Illnesses"}, "facility": {"code": 17256}}, {"service": {"name": "Curative Services"}, "facility": {"code": 17256}}, {"service": {"name": "First Line Treatment"}, "facility": {"code": 17256}}, {"service": {"name": "Immunization with additional vaccines"}, "facility": {"code": 17256}}, {"service": {"name": "Basic Immunization"}, "facility": {"code": 17256}}, {"service": {"name": "Focused Antenatal Care"}, "facility": {"code": 17256}}, {"service": {"name": "Long Term FP"}, "facility": {"code": 17256}}, {"service": {"name": "Short Term FP"}, "facility": {"code": 17256}}, {"service": {"name": "Post Exposure Prophylaxis"}, "facility": {"code": 17256}}, {"service": {"name": "Voluntary Male Circumcision"}, "facility": {"code": 17256}}, {"service": {"name": "PMTCT - ANC"}, "facility": {"code": 17256}}, {"service": {"name": "Diagnostic Counselling and Testing"}, "facility": {"code": 17256}}, {"service": {"name": "Provider Initiated Counselling and Testing"}, "facility": {"code": 17256}}, {"service": {"name": "Voluntary Counselling and Testing"}, "facility": {"code": 17256}}, {"service": {"name": "Management of STIs"}, "facility": {"code": 17256}}, {"service": {"name": "Condom Promotion and Distribution"}, "facility": {"code": 17256}}, {"service": {"name": "Short Term FP"}, "facility": {"code": 14969}}, {"service": {"name": "PMTCT - ANC"}, "facility": {"code": 14969}}, {"service": {"name": "Diagnostic Counselling and Testing"}, "facility": {"code": 14969}}, {"service": {"name": "Provider Initiated Counselling and Testing"}, "facility": {"code": 14969}}, {"service": {"name": "Management of STIs"}, "facility": {"code": 14969}}, {"service": {"name": "Condom Promotion and Distribution"}, "facility": {"code": 14969}}, {"service": {"name": "Emergency Obstetric Care"}, "facility": {"code": 15680}}, {"service": {"name": "Short Term FP"}, "facility": {"code": 15680}}, {"service": {"name": "Environmental Health Services"}, "facility": {"code": 15680}}, {"service": {"name": "Emergency Preparedness"}, "facility": {"code": 15680}}, {"service": {"name": "Nutrition Services"}, "facility": {"code": 15680}}, {"service": {"name": "Integrated Management of Childhood Illnesses"}, "facility": {"code": 15680}}, {"service": {"name": "Curative Services"}, "facility": {"code": 15680}}, {"service": {"name": "Basic Immunization"}, "facility": {"code": 15680}}, {"service": {"name": "Specialized ANC"}, "facility": {"code": 15680}}, {"service": {"name": "Focused Antenatal Care"}, "facility": {"code": 15680}}, {"service": {"name": "PMTCT - ANC"}, "facility": {"code": 15680}}, {"service": {"name": "Diagnostic Counselling and Testing"}, "facility": {"code": 15680}}, {"service": {"name": "Provider Initiated Counselling and Testing"}, "facility": {"code": 15680}}, {"service": {"name": "Management of STIs"}, "facility": {"code": 15680}}, {"service": {"name": "Condom Promotion and Distribution"}, "facility": {"code": 15680}}, {"service": {"name": "Nutrition Services"}, "facility": {"code": 14377}}, {"service": {"name": "Emergency Obstetric Care"}, "facility": {"code": 14377}}, {"service": {"name": "Emergency Preparedness"}, "facility": {"code": 14377}}, {"service": {"name": "Environmental Health Services"}, "facility": {"code": 14377}}, {"service": {"name": "Curative Services"}, "facility": {"code": 14377}}, {"service": {"name": "Basic Immunization"}, "facility": {"code": 14377}}, {"service": {"name": "Specialized ANC"}, "facility": {"code": 14377}}, {"service": {"name": "Short Term FP"}, "facility": {"code": 14377}}, {"service": {"name": "PMTCT - ANC"}, "facility": {"code": 14377}}, {"service": {"name": "Diagnostic Counselling and Testing"}, "facility": {"code": 14377}}, {"service": {"name": "Voluntary Counselling and Testing"}, "facility": {"code": 14377}}, {"service": {"name": "Condom Promotion and Distribution"}, "facility": {"code": 14377}}, {"service": {"name": "Short Term FP"}, "facility": {"code": 14705}}, {"service": {"name": "PMTCT - ANC"}, "facility": {"code": 14705}}, {"service": {"name": "Diagnostic Counselling and Testing"}, "facility": {"code": 14705}}, {"service": {"name": "Provider Initiated Counselling and Testing"}, "facility": {"code": 14705}}, {"service": {"name": "Management of STIs"}, "facility": {"code": 14705}}, {"service": {"name": "Condom Promotion and Distribution"}, "facility": {"code": 14705}}, {"service": {"name": "Emergency Preparedness"}, "facility": {"code": 14239}}, {"service": {"name": "Emergency Obstetric Care"}, "facility": {"code": 14239}}, {"service": {"name": "Nutrition Services"}, "facility": {"code": 14239}}, {"service": {"name": "Integrated Management of Childhood Illnesses"}, "facility": {"code": 14239}}, {"service": {"name": "Curative Services"}, "facility": {"code": 14239}}, {"service": {"name": "Basic Immunization"}, "facility": {"code": 14239}}, {"service": {"name": "Specialized ANC"}, "facility": {"code": 14239}}, {"service": {"name": "Short Term FP"}, "facility": {"code": 14239}}, {"service": {"name": "Management of STIs"}, "facility": {"code": 14239}}, {"service": {"name": "Condom Promotion and Distribution"}, "facility": {"code": 14239}}, {"service": {"name": "Short Term FP"}, "facility": {"code": 17254}}, {"service": {"name": "Emergency Preparedness"}, "facility": {"code": 17255}}, {"service": {"name": "Emergency Obstetric Care"}, "facility": {"code": 17255}}, {"service": {"name": "Curative Services"}, "facility": {"code": 17255}}, {"service": {"name": "Basic Immunization"}, "facility": {"code": 17255}}, {"service": {"name": "Specialized ANC"}, "facility": {"code": 17255}}, {"service": {"name": "Focused Antenatal Care"}, "facility": {"code": 17255}}, {"service": {"name": "Short Term FP"}, "facility": {"code": 17255}}, {"service": {"name": "PMTCT - ANC"}, "facility": {"code": 17255}}, {"service": {"name": "Diagnostic Counselling and Testing"}, "facility": {"code": 17255}}, {"service": {"name": "Voluntary Counselling and Testing"}, "facility": {"code": 17255}}, {"service": {"name": "Management of STIs"}, "facility": {"code": 17255}}, {"service": {"name": "Condom Promotion and Distribution"}, "facility": {"code": 17255}}, {"service": {"name": "Curative Services"}, "facility": {"code": 17253}}, {"service": {"name": "Condom Promotion and Distribution"}, "facility": {"code": 17253}}, {"service": {"name": "Emergency Preparedness"}, "facility": {"code": 10864}}, {"service": {"name": "ENT Services"}, "facility": {"code": 10864}}, {"service": {"name": "Oral Health Services (Dental Services)"}, "facility": {"code": 10864}}, {"service": {"name": "Emergency Obstetric Care"}, "facility": {"code": 10864}}, {"service": {"name": "Environmental Health Services"}, "facility": {"code": 10864}}, {"service": {"name": "Services for Sexual Violence Survivors"}, "facility": {"code": 10864}}, {"service": {"name": "Mental Health Services"}, "facility": {"code": 10864}}, {"service": {"name": "Opthalmic Services"}, "facility": {"code": 10864}}, {"service": {"name": "Nutrition Services"}, "facility": {"code": 10864}}, {"service": {"name": "Integrated Management of Childhood Illnesses"}, "facility": {"code": 10864}}, {"service": {"name": "Laboratory Services"}, "facility": {"code": 10864}}, {"service": {"name": "Surgical Services"}, "facility": {"code": 10864}}, {"service": {"name": "Maternity Services"}, "facility": {"code": 10864}}, {"service": {"name": "Curative Services"}, "facility": {"code": 10864}}, {"service": {"name": "MDRTB Treatment"}, "facility": {"code": 10864}}, {"service": {"name": "First Line Treatment"}, "facility": {"code": 10864}}, {"service": {"name": "Smear Microscopy"}, "facility": {"code": 10864}}, {"service": {"name": "Focused Antenatal Care"}, "facility": {"code": 10864}}, {"service": {"name": "Immunization with additional vaccines"}, "facility": {"code": 10864}}, {"service": {"name": "Basic Immunization"}, "facility": {"code": 10864}}, {"service": {"name": "Long Term FP"}, "facility": {"code": 10864}}, {"service": {"name": "Short Term FP"}, "facility": {"code": 10864}}, {"service": {"name": "Adult Antiretroviral Therapy"}, "facility": {"code": 10864}}, {"service": {"name": "Paediatric Antiretroviral Therapy"}, "facility": {"code": 10864}}, {"service": {"name": "Post Exposure Prophylaxis"}, "facility": {"code": 10864}}, {"service": {"name": "Voluntary Male Circumcision"}, "facility": {"code": 10864}}, {"service": {"name": "PMTCT - Maternity"}, "facility": {"code": 10864}}, {"service": {"name": "PMTCT - ANC"}, "facility": {"code": 10864}}, {"service": {"name": "Early Infant Diagnosis"}, "facility": {"code": 10864}}, {"service": {"name": "Diagnostic Counselling and Testing"}, "facility": {"code": 10864}}, {"service": {"name": "Provider Initiated Counselling and Testing"}, "facility": {"code": 10864}}, {"service": {"name": "Voluntary Counselling and Testing"}, "facility": {"code": 10864}}, {"service": {"name": "Management of STIs"}, "facility": {"code": 10864}}, {"service": {"name": "Condom Promotion and Distribution"}, "facility": {"code": 10864}}, {"service": {"name": "Nutrition Services"}, "facility": {"code": 14915}}, {"service": {"name": "Integrated Management of Childhood Illnesses"}, "facility": {"code": 14915}}, {"service": {"name": "Emergency Preparedness"}, "facility": {"code": 14915}}, {"service": {"name": "Emergency Obstetric Care"}, "facility": {"code": 14915}}, {"service": {"name": "Environmental Health Services"}, "facility": {"code": 14915}}, {"service": {"name": "Curative Services"}, "facility": {"code": 14915}}, {"service": {"name": "Basic Immunization"}, "facility": {"code": 14915}}, {"service": {"name": "Focused Antenatal Care"}, "facility": {"code": 14915}}, {"service": {"name": "Short Term FP"}, "facility": {"code": 14915}}, {"service": {"name": "PMTCT - ANC"}, "facility": {"code": 14915}}, {"service": {"name": "Diagnostic Counselling and Testing"}, "facility": {"code": 14915}}, {"service": {"name": "Provider Initiated Counselling and Testing"}, "facility": {"code": 14915}}, {"service": {"name": "Condom Promotion and Distribution"}, "facility": {"code": 14915}}, {"service": {"name": "Emergency Obstetric Care"}, "facility": {"code": 10208}}, {"service": {"name": "Curative Services"}, "facility": {"code": 10208}}, {"service": {"name": "First Line Treatment"}, "facility": {"code": 10208}}, {"service": {"name": "Emergency Preparedness"}, "facility": {"code": 17252}}, {"service": {"name": "Emergency Obstetric Care"}, "facility": {"code": 17252}}, {"service": {"name": "Smear Microscopy"}, "facility": {"code": 10208}}, {"service": {"name": "Nutrition Services"}, "facility": {"code": 17252}}, {"service": {"name": "Integrated Management of Childhood Illnesses"}, "facility": {"code": 17252}}, {"service": {"name": "Basic Immunization"}, "facility": {"code": 10208}}, {"service": {"name": "Maternity Services"}, "facility": {"code": 17252}}, {"service": {"name": "Curative Services"}, "facility": {"code": 17252}}, {"service": {"name": "Focused Antenatal Care"}, "facility": {"code": 10208}}, {"service": {"name": "Basic Immunization"}, "facility": {"code": 17252}}, {"service": {"name": "Integrated Services"}, "facility": {"code": 10208}}, {"service": {"name": "Specialized ANC"}, "facility": {"code": 17252}}, {"service": {"name": "Focused Antenatal Care"}, "facility": {"code": 17252}}, {"service": {"name": "Short Term FP"}, "facility": {"code": 10208}}, {"service": {"name": "Short Term FP"}, "facility": {"code": 17252}}, {"service": {"name": "PMTCT - Maternity"}, "facility": {"code": 17252}}, {"service": {"name": "PMTCT - ANC"}, "facility": {"code": 17252}}, {"service": {"name": "Diagnostic Counselling and Testing"}, "facility": {"code": 17252}}, {"service": {"name": "Provider Initiated Counselling and Testing"}, "facility": {"code": 17252}}, {"service": {"name": "PMTCT - ANC"}, "facility": {"code": 10208}}, {"service": {"name": "Management of STIs"}, "facility": {"code": 17252}}, {"service": {"name": "Early Infant Diagnosis"}, "facility": {"code": 10208}}, {"service": {"name": "Diagnostic Counselling and Testing"}, "facility": {"code": 10208}}, {"service": {"name": "Provider Initiated Counselling and Testing"}, "facility": {"code": 10208}}, {"service": {"name": "Management of STIs"}, "facility": {"code": 10208}}, {"service": {"name": "Condom Promotion and Distribution"}, "facility": {"code": 10208}}, {"service": {"name": "Environmental Health Services"}, "facility": {"code": 10257}}, {"service": {"name": "Emergency Preparedness"}, "facility": {"code": 10257}}, {"service": {"name": "ENT Services"}, "facility": {"code": 10257}}, {"service": {"name": "Oral Health Services (Dental Services)"}, "facility": {"code": 10257}}, {"service": {"name": "Emergency Obstetric Care"}, "facility": {"code": 10257}}, {"service": {"name": "Mental Health Services"}, "facility": {"code": 10257}}, {"service": {"name": "Opthalmic Services"}, "facility": {"code": 10257}}, {"service": {"name": "Nutrition Services"}, "facility": {"code": 10257}}, {"service": {"name": "Laboratory Services"}, "facility": {"code": 10257}}, {"service": {"name": "Surgical Services"}, "facility": {"code": 10257}}, {"service": {"name": "Curative Services"}, "facility": {"code": 10257}}, {"service": {"name": "MDRTB Treatment"}, "facility": {"code": 10257}}, {"service": {"name": "First Line Treatment"}, "facility": {"code": 10257}}, {"service": {"name": "Tuberculosis Culture"}, "facility": {"code": 10257}}, {"service": {"name": "Smear Microscopy"}, "facility": {"code": 10257}}, {"service": {"name": "Immunization with additional vaccines"}, "facility": {"code": 10257}}, {"service": {"name": "Focused Antenatal Care"}, "facility": {"code": 10257}}, {"service": {"name": "Long Term FP"}, "facility": {"code": 10257}}, {"service": {"name": "Short Term FP"}, "facility": {"code": 10257}}, {"service": {"name": "Home Based Care"}, "facility": {"code": 10257}}, {"service": {"name": "Adult Antiretroviral Therapy"}, "facility": {"code": 10257}}, {"service": {"name": "Paediatric Antiretroviral Therapy"}, "facility": {"code": 10257}}, {"service": {"name": "Post Exposure Prophylaxis"}, "facility": {"code": 10257}}, {"service": {"name": "PMTCT - Maternity"}, "facility": {"code": 10257}}, {"service": {"name": "PMTCT - ANC"}, "facility": {"code": 10257}}, {"service": {"name": "Early Infant Diagnosis"}, "facility": {"code": 10257}}, {"service": {"name": "Diagnostic Counselling and Testing"}, "facility": {"code": 10257}}, {"service": {"name": "Provider Initiated Counselling and Testing"}, "facility": {"code": 10257}}, {"service": {"name": "Voluntary Counselling and Testing"}, "facility": {"code": 10257}}, {"service": {"name": "Condom Promotion and Distribution"}, "facility": {"code": 10257}}, {"service": {"name": "Curative Services"}, "facility": {"code": 17251}}, {"service": {"name": "Focused Antenatal Care"}, "facility": {"code": 17251}}, {"service": {"name": "Short Term FP"}, "facility": {"code": 17251}}, {"service": {"name": "PMTCT - ANC"}, "facility": {"code": 17251}}, {"service": {"name": "Condom Promotion and Distribution"}, "facility": {"code": 17251}}, {"service": {"name": "Services for Sexual Violence Survivors"}, "facility": {"code": 10195}}, {"service": {"name": "Emergency Preparedness"}, "facility": {"code": 10195}}, {"service": {"name": "ENT Services"}, "facility": {"code": 10195}}, {"service": {"name": "Emergency Obstetric Care"}, "facility": {"code": 10195}}, {"service": {"name": "Emergency Obstetric Care"}, "facility": {"code": 10744}}, {"service": {"name": "Curative Services"}, "facility": {"code": 10744}}, {"service": {"name": "Focused Antenatal Care"}, "facility": {"code": 14999}}, {"service": {"name": "Environmental Health Services"}, "facility": {"code": 10195}}, {"service": {"name": "Emergency Preparedness"}, "facility": {"code": 14999}}, {"service": {"name": "Emergency Obstetric Care"}, "facility": {"code": 14999}}, {"service": {"name": "Environmental Health Services"}, "facility": {"code": 14999}}, {"service": {"name": "Integrated Management of Childhood Illnesses"}, "facility": {"code": 10195}}, {"service": {"name": "Nutrition Services"}, "facility": {"code": 14999}}, {"service": {"name": "Integrated Management of Childhood Illnesses"}, "facility": {"code": 14999}}, {"service": {"name": "Laboratory Services"}, "facility": {"code": 10195}}, {"service": {"name": "Curative Services"}, "facility": {"code": 14999}}, {"service": {"name": "Surgical Services"}, "facility": {"code": 10195}}, {"service": {"name": "Curative Services"}, "facility": {"code": 10195}}, {"service": {"name": "First Line Treatment"}, "facility": {"code": 10744}}, {"service": {"name": "Basic Immunization"}, "facility": {"code": 14999}}, {"service": {"name": "Specialized ANC"}, "facility": {"code": 14999}}, {"service": {"name": "Smear Microscopy"}, "facility": {"code": 10744}}, {"service": {"name": "Short Term FP"}, "facility": {"code": 14999}}, {"service": {"name": "Basic Immunization"}, "facility": {"code": 10744}}, {"service": {"name": "PMTCT - ANC"}, "facility": {"code": 14999}}, {"service": {"name": "Diagnostic Counselling and Testing"}, "facility": {"code": 14999}}, {"service": {"name": "Focused Antenatal Care"}, "facility": {"code": 10744}}, {"service": {"name": "First Line Treatment"}, "facility": {"code": 10195}}, {"service": {"name": "Condom Promotion and Distribution"}, "facility": {"code": 14999}}, {"service": {"name": "Tuberculosis Culture"}, "facility": {"code": 10195}}, {"service": {"name": "Integrated Services"}, "facility": {"code": 10744}}, {"service": {"name": "Long Term FP"}, "facility": {"code": 10744}}, {"service": {"name": "Smear Microscopy"}, "facility": {"code": 10195}}, {"service": {"name": "Short Term FP"}, "facility": {"code": 10744}}, {"service": {"name": "Basic Immunization"}, "facility": {"code": 10195}}, {"service": {"name": "Immunization with additional vaccines"}, "facility": {"code": 10195}}, {"service": {"name": "Adult Antiretroviral Therapy"}, "facility": {"code": 10744}}, {"service": {"name": "Focused Antenatal Care"}, "facility": {"code": 10195}}, {"service": {"name": "Paediatric Antiretroviral Therapy"}, "facility": {"code": 10744}}, {"service": {"name": "Post Exposure Prophylaxis"}, "facility": {"code": 10744}}, {"service": {"name": "PMTCT - ANC"}, "facility": {"code": 10744}}, {"service": {"name": "Long Term FP"}, "facility": {"code": 10195}}, {"service": {"name": "Early Infant Diagnosis"}, "facility": {"code": 10744}}, {"service": {"name": "Short Term FP"}, "facility": {"code": 10195}}, {"service": {"name": "Diagnostic Counselling and Testing"}, "facility": {"code": 10744}}, {"service": {"name": "Provider Initiated Counselling and Testing"}, "facility": {"code": 10744}}, {"service": {"name": "Voluntary Counselling and Testing"}, "facility": {"code": 10744}}, {"service": {"name": "Management of STIs"}, "facility": {"code": 10744}}, {"service": {"name": "Condom Promotion and Distribution"}, "facility": {"code": 10744}}, {"service": {"name": "Paediatric Antiretroviral Therapy"}, "facility": {"code": 10195}}, {"service": {"name": "Adult Antiretroviral Therapy"}, "facility": {"code": 10195}}, {"service": {"name": "Provider Initiated Counselling and Testing"}, "facility": {"code": 10195}}, {"service": {"name": "Diagnostic Counselling and Testing"}, "facility": {"code": 10195}}, {"service": {"name": "Voluntary Counselling and Testing"}, "facility": {"code": 10195}}, {"service": {"name": "Post Exposure Prophylaxis"}, "facility": {"code": 10195}}, {"service": {"name": "PMTCT - ANC"}, "facility": {"code": 10195}}, {"service": {"name": "Early Infant Diagnosis"}, "facility": {"code": 10195}}, {"service": {"name": "Management of STIs"}, "facility": {"code": 10195}}, {"service": {"name": "Condom Promotion and Distribution"}, "facility": {"code": 10195}}, {"service": {"name": "Emergency Preparedness"}, "facility": {"code": 16359}}, {"service": {"name": "Emergency Obstetric Care"}, "facility": {"code": 16359}}, {"service": {"name": "Environmental Health Services"}, "facility": {"code": 16359}}, {"service": {"name": "Nutrition Services"}, "facility": {"code": 16359}}, {"service": {"name": "Integrated Management of Childhood Illnesses"}, "facility": {"code": 16359}}, {"service": {"name": "Curative Services"}, "facility": {"code": 16359}}, {"service": {"name": "Basic Immunization"}, "facility": {"code": 16359}}, {"service": {"name": "Specialized ANC"}, "facility": {"code": 16359}}, {"service": {"name": "Focused Antenatal Care"}, "facility": {"code": 16359}}, {"service": {"name": "PMTCT - ANC"}, "facility": {"code": 16359}}, {"service": {"name": "Diagnostic Counselling and Testing"}, "facility": {"code": 16359}}, {"service": {"name": "Provider Initiated Counselling and Testing"}, "facility": {"code": 16359}}, {"service": {"name": "Management of STIs"}, "facility": {"code": 16359}}, {"service": {"name": "Curative Services"}, "facility": {"code": 17247}}, {"service": {"name": "Basic Immunization"}, "facility": {"code": 17247}}, {"service": {"name": "Focused Antenatal Care"}, "facility": {"code": 17247}}, {"service": {"name": "Short Term FP"}, "facility": {"code": 17247}}, {"service": {"name": "Ambulance Sevices"}, "facility": {"code": 17246}}, {"service": {"name": "Curative Services"}, "facility": {"code": 17246}}, {"service": {"name": "Management of STIs"}, "facility": {"code": 17246}}, {"service": {"name": "Condom Promotion and Distribution"}, "facility": {"code": 17246}}, {"service": {"name": "Basic Immunization"}, "facility": {"code": 17245}}, {"service": {"name": "Focused Antenatal Care"}, "facility": {"code": 17245}}, {"service": {"name": "Long Term FP"}, "facility": {"code": 17245}}, {"service": {"name": "Short Term FP"}, "facility": {"code": 17245}}, {"service": {"name": "PMTCT - ANC"}, "facility": {"code": 17245}}, {"service": {"name": "Early Infant Diagnosis"}, "facility": {"code": 17245}}, {"service": {"name": "Provider Initiated Counselling and Testing"}, "facility": {"code": 17245}}, {"service": {"name": "Voluntary Counselling and Testing"}, "facility": {"code": 17245}}, {"service": {"name": "Management of STIs"}, "facility": {"code": 17245}}, {"service": {"name": "Condom Promotion and Distribution"}, "facility": {"code": 17245}}, {"service": {"name": "Emergency Preparedness"}, "facility": {"code": 15788}}, {"service": {"name": "Emergency Obstetric Care"}, "facility": {"code": 15788}}, {"service": {"name": "Environmental Health Services"}, "facility": {"code": 15788}}, {"service": {"name": "Nutrition Services"}, "facility": {"code": 15788}}, {"service": {"name": "Integrated Management of Childhood Illnesses"}, "facility": {"code": 15788}}, {"service": {"name": "Ambulance Sevices"}, "facility": {"code": 15788}}, {"service": {"name": "Laboratory Services"}, "facility": {"code": 15788}}, {"service": {"name": "Radiology Services"}, "facility": {"code": 15788}}, {"service": {"name": "Maternity Services"}, "facility": {"code": 15788}}, {"service": {"name": "Curative Services"}, "facility": {"code": 15788}}, {"service": {"name": "First Line Treatment"}, "facility": {"code": 15788}}, {"service": {"name": "MDRTB Treatment"}, "facility": {"code": 15788}}, {"service": {"name": "Smear Microscopy"}, "facility": {"code": 15788}}, {"service": {"name": "Basic Immunization"}, "facility": {"code": 15788}}, {"service": {"name": "Short Term FP"}, "facility": {"code": 15788}}, {"service": {"name": "Home Based Care"}, "facility": {"code": 15788}}, {"service": {"name": "Adult Antiretroviral Therapy"}, "facility": {"code": 15788}}, {"service": {"name": "Paediatric Antiretroviral Therapy"}, "facility": {"code": 15788}}, {"service": {"name": "PMTCT - Maternity"}, "facility": {"code": 15788}}, {"service": {"name": "PMTCT - ANC"}, "facility": {"code": 15788}}, {"service": {"name": "Early Infant Diagnosis"}, "facility": {"code": 15788}}, {"service": {"name": "Diagnostic Counselling and Testing"}, "facility": {"code": 15788}}, {"service": {"name": "Provider Initiated Counselling and Testing"}, "facility": {"code": 15788}}, {"service": {"name": "Management of STIs"}, "facility": {"code": 15788}}, {"service": {"name": "Condom Promotion and Distribution"}, "facility": {"code": 15788}}, {"service": {"name": "Curative Services"}, "facility": {"code": 10262}}, {"service": {"name": "Short Term FP"}, "facility": {"code": 10262}}, {"service": {"name": "Voluntary Male Circumcision"}, "facility": {"code": 10262}}, {"service": {"name": "Provider Initiated Counselling and Testing"}, "facility": {"code": 10262}}, {"service": {"name": "Diagnostic Counselling and Testing"}, "facility": {"code": 10262}}, {"service": {"name": "Voluntary Counselling and Testing"}, "facility": {"code": 10262}}, {"service": {"name": "Management of STIs"}, "facility": {"code": 10262}}, {"service": {"name": "Condom Promotion and Distribution"}, "facility": {"code": 10262}}, {"service": {"name": "Emergency Preparedness"}, "facility": {"code": 15254}}, {"service": {"name": "Emergency Obstetric Care"}, "facility": {"code": 15254}}, {"service": {"name": "Environmental Health Services"}, "facility": {"code": 15254}}, {"service": {"name": "Nutrition Services"}, "facility": {"code": 15254}}, {"service": {"name": "Integrated Management of Childhood Illnesses"}, "facility": {"code": 15254}}, {"service": {"name": "Curative Services"}, "facility": {"code": 15254}}, {"service": {"name": "Basic Immunization"}, "facility": {"code": 15254}}, {"service": {"name": "Short Term FP"}, "facility": {"code": 15254}}, {"service": {"name": "PMTCT - ANC"}, "facility": {"code": 15254}}, {"service": {"name": "Diagnostic Counselling and Testing"}, "facility": {"code": 15254}}, {"service": {"name": "Condom Promotion and Distribution"}, "facility": {"code": 15254}}, {"service": {"name": "Emergency Preparedness"}, "facility": {"code": 17243}}, {"service": {"name": "Emergency Obstetric Care"}, "facility": {"code": 17243}}, {"service": {"name": "Environmental Health Services"}, "facility": {"code": 17243}}, {"service": {"name": "Nutrition Services"}, "facility": {"code": 17243}}, {"service": {"name": "Integrated Management of Childhood Illnesses"}, "facility": {"code": 17243}}, {"service": {"name": "Laboratory Services"}, "facility": {"code": 17243}}, {"service": {"name": "Maternity Services"}, "facility": {"code": 17243}}, {"service": {"name": "Curative Services"}, "facility": {"code": 17243}}, {"service": {"name": "First Line Treatment"}, "facility": {"code": 17243}}, {"service": {"name": "Smear Microscopy"}, "facility": {"code": 17243}}, {"service": {"name": "Basic Immunization"}, "facility": {"code": 17243}}, {"service": {"name": "Specialized ANC"}, "facility": {"code": 17243}}, {"service": {"name": "Focused Antenatal Care"}, "facility": {"code": 17243}}, {"service": {"name": "Short Term FP"}, "facility": {"code": 17243}}, {"service": {"name": "PMTCT - Maternity"}, "facility": {"code": 17243}}, {"service": {"name": "Diagnostic Counselling and Testing"}, "facility": {"code": 17243}}, {"service": {"name": "Provider Initiated Counselling and Testing"}, "facility": {"code": 17243}}, {"service": {"name": "Voluntary Counselling and Testing"}, "facility": {"code": 17243}}, {"service": {"name": "Management of STIs"}, "facility": {"code": 17243}}, {"service": {"name": "Condom Promotion and Distribution"}, "facility": {"code": 17243}}, {"service": {"name": "Basic Immunization"}, "facility": {"code": 17242}}, {"service": {"name": "Focused Antenatal Care"}, "facility": {"code": 17242}}, {"service": {"name": "Short Term FP"}, "facility": {"code": 17242}}, {"service": {"name": "Home Based Care"}, "facility": {"code": 17242}}, {"service": {"name": "Post Exposure Prophylaxis"}, "facility": {"code": 17242}}, {"service": {"name": "Voluntary Male Circumcision"}, "facility": {"code": 17242}}, {"service": {"name": "PMTCT - Maternity"}, "facility": {"code": 17242}}, {"service": {"name": "PMTCT - ANC"}, "facility": {"code": 17242}}, {"service": {"name": "Provider Initiated Counselling and Testing"}, "facility": {"code": 17242}}, {"service": {"name": "Voluntary Counselling and Testing"}, "facility": {"code": 17242}}, {"service": {"name": "Management of STIs"}, "facility": {"code": 17242}}, {"service": {"name": "Condom Promotion and Distribution"}, "facility": {"code": 17242}}, {"service": {"name": "Emergency Preparedness"}, "facility": {"code": 17241}}, {"service": {"name": "Emergency Obstetric Care"}, "facility": {"code": 17241}}, {"service": {"name": "Environmental Health Services"}, "facility": {"code": 17241}}, {"service": {"name": "Nutrition Services"}, "facility": {"code": 17241}}, {"service": {"name": "Integrated Management of Childhood Illnesses"}, "facility": {"code": 17241}}, {"service": {"name": "Curative Services"}, "facility": {"code": 17241}}, {"service": {"name": "First Line Treatment"}, "facility": {"code": 17241}}, {"service": {"name": "Basic Immunization"}, "facility": {"code": 17241}}, {"service": {"name": "Focused Antenatal Care"}, "facility": {"code": 17241}}, {"service": {"name": "Short Term FP"}, "facility": {"code": 17241}}, {"service": {"name": "PMTCT - ANC"}, "facility": {"code": 17241}}, {"service": {"name": "Diagnostic Counselling and Testing"}, "facility": {"code": 17241}}, {"service": {"name": "Provider Initiated Counselling and Testing"}, "facility": {"code": 17241}}, {"service": {"name": "Voluntary Counselling and Testing"}, "facility": {"code": 17241}}, {"service": {"name": "Management of STIs"}, "facility": {"code": 17241}}, {"service": {"name": "Condom Promotion and Distribution"}, "facility": {"code": 17241}}, {"service": {"name": "Emergency Obstetric Care"}, "facility": {"code": 11152}}, {"service": {"name": "Curative Services"}, "facility": {"code": 11152}}, {"service": {"name": "Basic Immunization"}, "facility": {"code": 11152}}, {"service": {"name": "Focused Antenatal Care"}, "facility": {"code": 11152}}, {"service": {"name": "Integrated Services"}, "facility": {"code": 11152}}, {"service": {"name": "Long Term FP"}, "facility": {"code": 11152}}, {"service": {"name": "Short Term FP"}, "facility": {"code": 11152}}, {"service": {"name": "PMTCT - ANC"}, "facility": {"code": 11152}}, {"service": {"name": "Diagnostic Counselling and Testing"}, "facility": {"code": 11152}}, {"service": {"name": "Provider Initiated Counselling and Testing"}, "facility": {"code": 11152}}, {"service": {"name": "Management of STIs"}, "facility": {"code": 11152}}, {"service": {"name": "Condom Promotion and Distribution"}, "facility": {"code": 11152}}, {"service": {"name": "Curative Services"}, "facility": {"code": 10534}}, {"service": {"name": "Focused Antenatal Care"}, "facility": {"code": 10534}}, {"service": {"name": "Short Term FP"}, "facility": {"code": 10534}}, {"service": {"name": "Voluntary Counselling and Testing"}, "facility": {"code": 10534}}, {"service": {"name": "Management of STIs"}, "facility": {"code": 10534}}, {"service": {"name": "Condom Promotion and Distribution"}, "facility": {"code": 10534}}, {"service": {"name": "Nutrition Services"}, "facility": {"code": 12073}}, {"service": {"name": "Integrated Management of Childhood Illnesses"}, "facility": {"code": 12073}}, {"service": {"name": "Laboratory Services"}, "facility": {"code": 12073}}, {"service": {"name": "Maternity Services"}, "facility": {"code": 12073}}, {"service": {"name": "Curative Services"}, "facility": {"code": 12073}}, {"service": {"name": "Basic Immunization"}, "facility": {"code": 12073}}, {"service": {"name": "Post Exposure Prophylaxis"}, "facility": {"code": 12073}}, {"service": {"name": "PMTCT - ANC"}, "facility": {"code": 12073}}, {"service": {"name": "PMTCT - Maternity"}, "facility": {"code": 12073}}, {"service": {"name": "Provider Initiated Counselling and Testing"}, "facility": {"code": 12073}}, {"service": {"name": "Diagnostic Counselling and Testing"}, "facility": {"code": 12073}}, {"service": {"name": "Voluntary Counselling and Testing"}, "facility": {"code": 12073}}, {"service": {"name": "Management of STIs"}, "facility": {"code": 12073}}, {"service": {"name": "Emergency Preparedness"}, "facility": {"code": 12806}}, {"service": {"name": "Integrated Management of Childhood Illnesses"}, "facility": {"code": 12806}}, {"service": {"name": "Maternity Services"}, "facility": {"code": 12806}}, {"service": {"name": "Curative Services"}, "facility": {"code": 12806}}, {"service": {"name": "Basic Immunization"}, "facility": {"code": 12806}}, {"service": {"name": "Focused Antenatal Care"}, "facility": {"code": 12806}}, {"service": {"name": "Long Term FP"}, "facility": {"code": 12806}}, {"service": {"name": "Short Term FP"}, "facility": {"code": 12806}}, {"service": {"name": "PMTCT - Maternity"}, "facility": {"code": 12806}}, {"service": {"name": "PMTCT - ANC"}, "facility": {"code": 12806}}, {"service": {"name": "Early Infant Diagnosis"}, "facility": {"code": 12806}}, {"service": {"name": "Diagnostic Counselling and Testing"}, "facility": {"code": 12806}}, {"service": {"name": "Management of STIs"}, "facility": {"code": 12806}}, {"service": {"name": "Condom Promotion and Distribution"}, "facility": {"code": 12806}}, {"service": {"name": "Oral Health Services (Dental Services)"}, "facility": {"code": 17236}}, {"service": {"name": "Long Term FP"}, "facility": {"code": 17236}}, {"service": {"name": "Short Term FP"}, "facility": {"code": 17236}}, {"service": {"name": "Laboratory Services"}, "facility": {"code": 17236}}, {"service": {"name": "Curative Services"}, "facility": {"code": 17236}}, {"service": {"name": "Emergency Preparedness"}, "facility": {"code": 12249}}, {"service": {"name": "Environmental Health Services"}, "facility": {"code": 12249}}, {"service": {"name": "Nutrition Services"}, "facility": {"code": 12249}}, {"service": {"name": "Integrated Management of Childhood Illnesses"}, "facility": {"code": 12249}}, {"service": {"name": "Curative Services"}, "facility": {"code": 12249}}, {"service": {"name": "Basic Immunization"}, "facility": {"code": 12249}}, {"service": {"name": "Focused Antenatal Care"}, "facility": {"code": 12249}}, {"service": {"name": "Integrated Services"}, "facility": {"code": 12249}}, {"service": {"name": "Long Term FP"}, "facility": {"code": 12249}}, {"service": {"name": "Short Term FP"}, "facility": {"code": 12249}}, {"service": {"name": "Paediatric Antiretroviral Therapy"}, "facility": {"code": 12249}}, {"service": {"name": "Post Exposure Prophylaxis"}, "facility": {"code": 12249}}, {"service": {"name": "Early Infant Diagnosis"}, "facility": {"code": 12249}}, {"service": {"name": "Provider Initiated Counselling and Testing"}, "facility": {"code": 12249}}, {"service": {"name": "Voluntary Counselling and Testing"}, "facility": {"code": 12249}}, {"service": {"name": "Management of STIs"}, "facility": {"code": 12249}}, {"service": {"name": "Condom Promotion and Distribution"}, "facility": {"code": 12249}}, {"service": {"name": "Emergency Preparedness"}, "facility": {"code": 12134}}, {"service": {"name": "ENT Services"}, "facility": {"code": 12134}}, {"service": {"name": "Emergency Obstetric Care"}, "facility": {"code": 12134}}, {"service": {"name": "Services for Sexual Violence Survivors"}, "facility": {"code": 12134}}, {"service": {"name": "Integrated Management of Childhood Illnesses"}, "facility": {"code": 12134}}, {"service": {"name": "Surgical Services"}, "facility": {"code": 12134}}, {"service": {"name": "Maternity Services"}, "facility": {"code": 12134}}, {"service": {"name": "Curative Services"}, "facility": {"code": 12134}}, {"service": {"name": "First Line Treatment"}, "facility": {"code": 12134}}, {"service": {"name": "Basic Immunization"}, "facility": {"code": 12134}}, {"service": {"name": "Focused Antenatal Care"}, "facility": {"code": 12134}}, {"service": {"name": "Long Term FP"}, "facility": {"code": 12134}}, {"service": {"name": "Short Term FP"}, "facility": {"code": 12134}}, {"service": {"name": "Voluntary Male Circumcision"}, "facility": {"code": 12134}}, {"service": {"name": "Provider Initiated Counselling and Testing"}, "facility": {"code": 12134}}, {"service": {"name": "Post Exposure Prophylaxis"}, "facility": {"code": 12134}}, {"service": {"name": "PMTCT - Maternity"}, "facility": {"code": 12134}}, {"service": {"name": "PMTCT - ANC"}, "facility": {"code": 12134}}, {"service": {"name": "Early Infant Diagnosis"}, "facility": {"code": 12134}}, {"service": {"name": "Diagnostic Counselling and Testing"}, "facility": {"code": 12134}}, {"service": {"name": "Voluntary Counselling and Testing"}, "facility": {"code": 12134}}, {"service": {"name": "Management of STIs"}, "facility": {"code": 12134}}, {"service": {"name": "Condom Promotion and Distribution"}, "facility": {"code": 12134}}, {"service": {"name": "Emergency Obstetric Care"}, "facility": {"code": 12343}}, {"service": {"name": "Nutrition Services"}, "facility": {"code": 12343}}, {"service": {"name": "Integrated Management of Childhood Illnesses"}, "facility": {"code": 12343}}, {"service": {"name": "Curative Services"}, "facility": {"code": 12343}}, {"service": {"name": "Maternity Services"}, "facility": {"code": 12343}}, {"service": {"name": "Immunization with additional vaccines"}, "facility": {"code": 12343}}, {"service": {"name": "Basic Immunization"}, "facility": {"code": 12343}}, {"service": {"name": "Focused Antenatal Care"}, "facility": {"code": 12343}}, {"service": {"name": "Integrated Services"}, "facility": {"code": 12343}}, {"service": {"name": "Early Infant Diagnosis"}, "facility": {"code": 12343}}, {"service": {"name": "Long Term FP"}, "facility": {"code": 12343}}, {"service": {"name": "Short Term FP"}, "facility": {"code": 12343}}, {"service": {"name": "PMTCT - ANC"}, "facility": {"code": 12343}}, {"service": {"name": "Management of STIs"}, "facility": {"code": 12343}}, {"service": {"name": "Voluntary Male Circumcision"}, "facility": {"code": 12343}}, {"service": {"name": "PMTCT - Maternity"}, "facility": {"code": 12343}}, {"service": {"name": "Diagnostic Counselling and Testing"}, "facility": {"code": 12343}}, {"service": {"name": "Provider Initiated Counselling and Testing"}, "facility": {"code": 12343}}, {"service": {"name": "Condom Promotion and Distribution"}, "facility": {"code": 12343}}, {"service": {"name": "Emergency Obstetric Care"}, "facility": {"code": 12466}}, {"service": {"name": "Environmental Health Services"}, "facility": {"code": 12466}}, {"service": {"name": "Nutrition Services"}, "facility": {"code": 12466}}, {"service": {"name": "Integrated Management of Childhood Illnesses"}, "facility": {"code": 12466}}, {"service": {"name": "Ambulance Sevices"}, "facility": {"code": 12466}}, {"service": {"name": "Laboratory Services"}, "facility": {"code": 12466}}, {"service": {"name": "Maternity Services"}, "facility": {"code": 12466}}, {"service": {"name": "Curative Services"}, "facility": {"code": 12466}}, {"service": {"name": "First Line Treatment"}, "facility": {"code": 12466}}, {"service": {"name": "Basic Immunization"}, "facility": {"code": 12466}}, {"service": {"name": "Immunization with additional vaccines"}, "facility": {"code": 12466}}, {"service": {"name": "Focused Antenatal Care"}, "facility": {"code": 12466}}, {"service": {"name": "Short Term FP"}, "facility": {"code": 12466}}, {"service": {"name": "Integrated Services"}, "facility": {"code": 12466}}, {"service": {"name": "Long Term FP"}, "facility": {"code": 12466}}, {"service": {"name": "Provider Initiated Counselling and Testing"}, "facility": {"code": 12466}}, {"service": {"name": "Voluntary Male Circumcision"}, "facility": {"code": 12466}}, {"service": {"name": "PMTCT - Maternity"}, "facility": {"code": 12466}}, {"service": {"name": "PMTCT - ANC"}, "facility": {"code": 12466}}, {"service": {"name": "Early Infant Diagnosis"}, "facility": {"code": 12466}}, {"service": {"name": "Diagnostic Counselling and Testing"}, "facility": {"code": 12466}}, {"service": {"name": "Management of STIs"}, "facility": {"code": 12466}}, {"service": {"name": "Condom Promotion and Distribution"}, "facility": {"code": 12466}}, {"service": {"name": "Emergency Preparedness"}, "facility": {"code": 14929}}, {"service": {"name": "ENT Services"}, "facility": {"code": 14929}}, {"service": {"name": "Oral Health Services (Dental Services)"}, "facility": {"code": 14929}}, {"service": {"name": "Emergency Obstetric Care"}, "facility": {"code": 14929}}, {"service": {"name": "Environmental Health Services"}, "facility": {"code": 14929}}, {"service": {"name": "Mental Health Services"}, "facility": {"code": 14929}}, {"service": {"name": "Opthalmic Services"}, "facility": {"code": 14929}}, {"service": {"name": "Nutrition Services"}, "facility": {"code": 14929}}, {"service": {"name": "Surgical Services"}, "facility": {"code": 14929}}, {"service": {"name": "Maternity Services"}, "facility": {"code": 14929}}, {"service": {"name": "Curative Services"}, "facility": {"code": 14929}}, {"service": {"name": "Basic Immunization"}, "facility": {"code": 14929}}, {"service": {"name": "Focused Antenatal Care"}, "facility": {"code": 14929}}, {"service": {"name": "Short Term FP"}, "facility": {"code": 14929}}, {"service": {"name": "PMTCT - ANC"}, "facility": {"code": 14929}}, {"service": {"name": "Diagnostic Counselling and Testing"}, "facility": {"code": 14929}}, {"service": {"name": "Provider Initiated Counselling and Testing"}, "facility": {"code": 14929}}, {"service": {"name": "Management of STIs"}, "facility": {"code": 14929}}, {"service": {"name": "Condom Promotion and Distribution"}, "facility": {"code": 14929}}, {"service": {"name": "Emergency Preparedness"}, "facility": {"code": 14927}}, {"service": {"name": "ENT Services"}, "facility": {"code": 14927}}, {"service": {"name": "Oral Health Services (Dental Services)"}, "facility": {"code": 14927}}, {"service": {"name": "Emergency Obstetric Care"}, "facility": {"code": 14927}}, {"service": {"name": "Environmental Health Services"}, "facility": {"code": 14927}}, {"service": {"name": "Mental Health Services"}, "facility": {"code": 14927}}, {"service": {"name": "Opthalmic Services"}, "facility": {"code": 14927}}, {"service": {"name": "Nutrition Services"}, "facility": {"code": 14927}}, {"service": {"name": "Surgical Services"}, "facility": {"code": 14927}}, {"service": {"name": "Maternity Services"}, "facility": {"code": 14927}}, {"service": {"name": "Curative Services"}, "facility": {"code": 14927}}, {"service": {"name": "Basic Immunization"}, "facility": {"code": 14927}}, {"service": {"name": "Focused Antenatal Care"}, "facility": {"code": 14927}}, {"service": {"name": "Short Term FP"}, "facility": {"code": 14927}}, {"service": {"name": "Management of STIs"}, "facility": {"code": 14927}}, {"service": {"name": "Condom Promotion and Distribution"}, "facility": {"code": 14927}}, {"service": {"name": "Emergency Preparedness"}, "facility": {"code": 14856}}, {"service": {"name": "ENT Services"}, "facility": {"code": 14856}}, {"service": {"name": "Oral Health Services (Dental Services)"}, "facility": {"code": 14856}}, {"service": {"name": "Emergency Obstetric Care"}, "facility": {"code": 14856}}, {"service": {"name": "Environmental Health Services"}, "facility": {"code": 14856}}, {"service": {"name": "Mental Health Services"}, "facility": {"code": 14856}}, {"service": {"name": "Opthalmic Services"}, "facility": {"code": 14856}}, {"service": {"name": "Nutrition Services"}, "facility": {"code": 14856}}, {"service": {"name": "Surgical Services"}, "facility": {"code": 14856}}, {"service": {"name": "Maternity Services"}, "facility": {"code": 14856}}, {"service": {"name": "Curative Services"}, "facility": {"code": 14856}}, {"service": {"name": "Basic Immunization"}, "facility": {"code": 14856}}, {"service": {"name": "Focused Antenatal Care"}, "facility": {"code": 14856}}, {"service": {"name": "Short Term FP"}, "facility": {"code": 14856}}, {"service": {"name": "PMTCT - ANC"}, "facility": {"code": 14856}}, {"service": {"name": "Diagnostic Counselling and Testing"}, "facility": {"code": 14856}}, {"service": {"name": "Provider Initiated Counselling and Testing"}, "facility": {"code": 14856}}, {"service": {"name": "Management of STIs"}, "facility": {"code": 14856}}, {"service": {"name": "Condom Promotion and Distribution"}, "facility": {"code": 14856}}, {"service": {"name": "Emergency Preparedness"}, "facility": {"code": 14840}}, {"service": {"name": "ENT Services"}, "facility": {"code": 14840}}, {"service": {"name": "Oral Health Services (Dental Services)"}, "facility": {"code": 14840}}, {"service": {"name": "Emergency Obstetric Care"}, "facility": {"code": 14840}}, {"service": {"name": "Environmental Health Services"}, "facility": {"code": 14840}}, {"service": {"name": "Mental Health Services"}, "facility": {"code": 14840}}, {"service": {"name": "Opthalmic Services"}, "facility": {"code": 14840}}, {"service": {"name": "Nutrition Services"}, "facility": {"code": 14840}}, {"service": {"name": "Laboratory Services"}, "facility": {"code": 14840}}, {"service": {"name": "Surgical Services"}, "facility": {"code": 14840}}, {"service": {"name": "Curative Services"}, "facility": {"code": 14840}}, {"service": {"name": "Focused Antenatal Care"}, "facility": {"code": 14840}}, {"service": {"name": "Short Term FP"}, "facility": {"code": 14840}}, {"service": {"name": "PMTCT - ANC"}, "facility": {"code": 14840}}, {"service": {"name": "Diagnostic Counselling and Testing"}, "facility": {"code": 14840}}, {"service": {"name": "Provider Initiated Counselling and Testing"}, "facility": {"code": 14840}}, {"service": {"name": "Management of STIs"}, "facility": {"code": 14840}}, {"service": {"name": "Condom Promotion and Distribution"}, "facility": {"code": 14840}}, {"service": {"name": "Curative Services"}, "facility": {"code": 12845}}, {"service": {"name": "Focused Antenatal Care"}, "facility": {"code": 12845}}, {"service": {"name": "Short Term FP"}, "facility": {"code": 12845}}, {"service": {"name": "Condom Promotion and Distribution"}, "facility": {"code": 12845}}, {"service": {"name": "Emergency Preparedness"}, "facility": {"code": 14827}}, {"service": {"name": "ENT Services"}, "facility": {"code": 14827}}, {"service": {"name": "Oral Health Services (Dental Services)"}, "facility": {"code": 14827}}, {"service": {"name": "Emergency Obstetric Care"}, "facility": {"code": 14827}}, {"service": {"name": "Environmental Health Services"}, "facility": {"code": 14827}}, {"service": {"name": "Emergency Obstetric Care"}, "facility": {"code": 12758}}, {"service": {"name": "Mental Health Services"}, "facility": {"code": 14827}}, {"service": {"name": "Laboratory Services"}, "facility": {"code": 12758}}, {"service": {"name": "Opthalmic Services"}, "facility": {"code": 14827}}, {"service": {"name": "Nutrition Services"}, "facility": {"code": 14827}}, {"service": {"name": "Surgical Services"}, "facility": {"code": 14827}}, {"service": {"name": "Maternity Services"}, "facility": {"code": 14827}}, {"service": {"name": "Curative Services"}, "facility": {"code": 14827}}, {"service": {"name": "Basic Immunization"}, "facility": {"code": 12758}}, {"service": {"name": "Focused Antenatal Care"}, "facility": {"code": 12758}}, {"service": {"name": "Basic Immunization"}, "facility": {"code": 14827}}, {"service": {"name": "Focused Antenatal Care"}, "facility": {"code": 14827}}, {"service": {"name": "Long Term FP"}, "facility": {"code": 12758}}, {"service": {"name": "Short Term FP"}, "facility": {"code": 12758}}, {"service": {"name": "PMTCT - ANC"}, "facility": {"code": 12758}}, {"service": {"name": "Short Term FP"}, "facility": {"code": 14827}}, {"service": {"name": "Provider Initiated Counselling and Testing"}, "facility": {"code": 12758}}, {"service": {"name": "Condom Promotion and Distribution"}, "facility": {"code": 12758}}, {"service": {"name": "PMTCT - ANC"}, "facility": {"code": 14827}}, {"service": {"name": "Provider Initiated Counselling and Testing"}, "facility": {"code": 14827}}, {"service": {"name": "Management of STIs"}, "facility": {"code": 14827}}, {"service": {"name": "Condom Promotion and Distribution"}, "facility": {"code": 14827}}, {"service": {"name": "Emergency Preparedness"}, "facility": {"code": 14780}}, {"service": {"name": "ENT Services"}, "facility": {"code": 14780}}, {"service": {"name": "Oral Health Services (Dental Services)"}, "facility": {"code": 14780}}, {"service": {"name": "Emergency Obstetric Care"}, "facility": {"code": 14780}}, {"service": {"name": "Environmental Health Services"}, "facility": {"code": 14780}}, {"service": {"name": "Mental Health Services"}, "facility": {"code": 14780}}, {"service": {"name": "Opthalmic Services"}, "facility": {"code": 14780}}, {"service": {"name": "Nutrition Services"}, "facility": {"code": 14780}}, {"service": {"name": "Surgical Services"}, "facility": {"code": 14780}}, {"service": {"name": "Maternity Services"}, "facility": {"code": 14780}}, {"service": {"name": "Curative Services"}, "facility": {"code": 14780}}, {"service": {"name": "Basic Immunization"}, "facility": {"code": 14780}}, {"service": {"name": "Focused Antenatal Care"}, "facility": {"code": 14780}}, {"service": {"name": "Emergency Obstetric Care"}, "facility": {"code": 16233}}, {"service": {"name": "Short Term FP"}, "facility": {"code": 14780}}, {"service": {"name": "Diagnostic Counselling and Testing"}, "facility": {"code": 14780}}, {"service": {"name": "Provider Initiated Counselling and Testing"}, "facility": {"code": 14780}}, {"service": {"name": "Management of STIs"}, "facility": {"code": 14780}}, {"service": {"name": "Condom Promotion and Distribution"}, "facility": {"code": 14780}}, {"service": {"name": "Laboratory Services"}, "facility": {"code": 16233}}, {"service": {"name": "Curative Services"}, "facility": {"code": 16233}}, {"service": {"name": "Basic Immunization"}, "facility": {"code": 16233}}, {"service": {"name": "Focused Antenatal Care"}, "facility": {"code": 16233}}, {"service": {"name": "Long Term FP"}, "facility": {"code": 16233}}, {"service": {"name": "Short Term FP"}, "facility": {"code": 16233}}, {"service": {"name": "PMTCT - ANC"}, "facility": {"code": 16233}}, {"service": {"name": "Provider Initiated Counselling and Testing"}, "facility": {"code": 16233}}, {"service": {"name": "Condom Promotion and Distribution"}, "facility": {"code": 16233}}, {"service": {"name": "Condom Promotion and Distribution"}, "facility": {"code": 17232}}, {"service": {"name": "Management of STIs"}, "facility": {"code": 17232}}, {"service": {"name": "Provider Initiated Counselling and Testing"}, "facility": {"code": 17232}}, {"service": {"name": "Early Infant Diagnosis"}, "facility": {"code": 17232}}, {"service": {"name": "PMTCT - ANC"}, "facility": {"code": 17232}}, {"service": {"name": "PMTCT - Maternity"}, "facility": {"code": 17232}}, {"service": {"name": "Short Term FP"}, "facility": {"code": 17232}}, {"service": {"name": "Focused Antenatal Care"}, "facility": {"code": 17232}}, {"service": {"name": "Emergency Preparedness"}, "facility": {"code": 14764}}, {"service": {"name": "Basic Immunization"}, "facility": {"code": 17232}}, {"service": {"name": "ENT Services"}, "facility": {"code": 14764}}, {"service": {"name": "Oral Health Services (Dental Services)"}, "facility": {"code": 14764}}, {"service": {"name": "Emergency Obstetric Care"}, "facility": {"code": 14764}}, {"service": {"name": "Environmental Health Services"}, "facility": {"code": 14764}}, {"service": {"name": "Mental Health Services"}, "facility": {"code": 14764}}, {"service": {"name": "Opthalmic Services"}, "facility": {"code": 14764}}, {"service": {"name": "Maternity Services"}, "facility": {"code": 17232}}, {"service": {"name": "Nutrition Services"}, "facility": {"code": 14764}}, {"service": {"name": "Curative Services"}, "facility": {"code": 17232}}, {"service": {"name": "Surgical Services"}, "facility": {"code": 14764}}, {"service": {"name": "Maternity Services"}, "facility": {"code": 14764}}, {"service": {"name": "Curative Services"}, "facility": {"code": 14764}}, {"service": {"name": "Basic Immunization"}, "facility": {"code": 14764}}, {"service": {"name": "Focused Antenatal Care"}, "facility": {"code": 14764}}, {"service": {"name": "Short Term FP"}, "facility": {"code": 14764}}, {"service": {"name": "PMTCT - ANC"}, "facility": {"code": 14764}}, {"service": {"name": "Diagnostic Counselling and Testing"}, "facility": {"code": 14764}}, {"service": {"name": "Provider Initiated Counselling and Testing"}, "facility": {"code": 14764}}, {"service": {"name": "Management of STIs"}, "facility": {"code": 14764}}, {"service": {"name": "Condom Promotion and Distribution"}, "facility": {"code": 14764}}, {"service": {"name": "Curative Services"}, "facility": {"code": 12672}}, {"service": {"name": "Emergency Preparedness"}, "facility": {"code": 14760}}, {"service": {"name": "ENT Services"}, "facility": {"code": 14760}}, {"service": {"name": "Oral Health Services (Dental Services)"}, "facility": {"code": 14760}}, {"service": {"name": "Emergency Obstetric Care"}, "facility": {"code": 14760}}, {"service": {"name": "Environmental Health Services"}, "facility": {"code": 14760}}, {"service": {"name": "Mental Health Services"}, "facility": {"code": 14760}}, {"service": {"name": "Long Term FP"}, "facility": {"code": 12672}}, {"service": {"name": "Short Term FP"}, "facility": {"code": 12672}}, {"service": {"name": "Opthalmic Services"}, "facility": {"code": 14760}}, {"service": {"name": "PMTCT - ANC"}, "facility": {"code": 12672}}, {"service": {"name": "Nutrition Services"}, "facility": {"code": 14760}}, {"service": {"name": "Surgical Services"}, "facility": {"code": 14760}}, {"service": {"name": "Condom Promotion and Distribution"}, "facility": {"code": 12672}}, {"service": {"name": "Maternity Services"}, "facility": {"code": 14760}}, {"service": {"name": "Curative Services"}, "facility": {"code": 14760}}, {"service": {"name": "Basic Immunization"}, "facility": {"code": 14760}}, {"service": {"name": "Focused Antenatal Care"}, "facility": {"code": 14760}}, {"service": {"name": "Short Term FP"}, "facility": {"code": 14760}}, {"service": {"name": "PMTCT - ANC"}, "facility": {"code": 14760}}, {"service": {"name": "Diagnostic Counselling and Testing"}, "facility": {"code": 14760}}, {"service": {"name": "Provider Initiated Counselling and Testing"}, "facility": {"code": 14760}}, {"service": {"name": "Management of STIs"}, "facility": {"code": 14760}}, {"service": {"name": "Condom Promotion and Distribution"}, "facility": {"code": 14760}}, {"service": {"name": "Emergency Preparedness"}, "facility": {"code": 14757}}, {"service": {"name": "ENT Services"}, "facility": {"code": 14757}}, {"service": {"name": "Oral Health Services (Dental Services)"}, "facility": {"code": 14757}}, {"service": {"name": "Emergency Obstetric Care"}, "facility": {"code": 14757}}, {"service": {"name": "Environmental Health Services"}, "facility": {"code": 14757}}, {"service": {"name": "Mental Health Services"}, "facility": {"code": 14757}}, {"service": {"name": "Opthalmic Services"}, "facility": {"code": 14757}}, {"service": {"name": "Nutrition Services"}, "facility": {"code": 14757}}, {"service": {"name": "Surgical Services"}, "facility": {"code": 14757}}, {"service": {"name": "Maternity Services"}, "facility": {"code": 14757}}, {"service": {"name": "Curative Services"}, "facility": {"code": 14757}}, {"service": {"name": "Basic Immunization"}, "facility": {"code": 14757}}, {"service": {"name": "Focused Antenatal Care"}, "facility": {"code": 14757}}, {"service": {"name": "Short Term FP"}, "facility": {"code": 14757}}, {"service": {"name": "PMTCT - ANC"}, "facility": {"code": 14757}}, {"service": {"name": "Diagnostic Counselling and Testing"}, "facility": {"code": 14757}}, {"service": {"name": "Provider Initiated Counselling and Testing"}, "facility": {"code": 14757}}, {"service": {"name": "Management of STIs"}, "facility": {"code": 14757}}, {"service": {"name": "Condom Promotion and Distribution"}, "facility": {"code": 14757}}, {"service": {"name": "Emergency Preparedness"}, "facility": {"code": 14625}}, {"service": {"name": "ENT Services"}, "facility": {"code": 14625}}, {"service": {"name": "Oral Health Services (Dental Services)"}, "facility": {"code": 14625}}, {"service": {"name": "Emergency Obstetric Care"}, "facility": {"code": 14625}}, {"service": {"name": "Environmental Health Services"}, "facility": {"code": 14625}}, {"service": {"name": "Mental Health Services"}, "facility": {"code": 14625}}, {"service": {"name": "Opthalmic Services"}, "facility": {"code": 14625}}, {"service": {"name": "Nutrition Services"}, "facility": {"code": 14625}}, {"service": {"name": "Surgical Services"}, "facility": {"code": 14625}}, {"service": {"name": "Maternity Services"}, "facility": {"code": 14625}}, {"service": {"name": "Curative Services"}, "facility": {"code": 14625}}, {"service": {"name": "Basic Immunization"}, "facility": {"code": 14625}}, {"service": {"name": "Focused Antenatal Care"}, "facility": {"code": 14625}}, {"service": {"name": "Short Term FP"}, "facility": {"code": 14625}}, {"service": {"name": "Management of STIs"}, "facility": {"code": 14625}}, {"service": {"name": "Condom Promotion and Distribution"}, "facility": {"code": 14625}}, {"service": {"name": "Emergency Preparedness"}, "facility": {"code": 14622}}, {"service": {"name": "ENT Services"}, "facility": {"code": 14622}}, {"service": {"name": "Oral Health Services (Dental Services)"}, "facility": {"code": 14622}}, {"service": {"name": "Emergency Obstetric Care"}, "facility": {"code": 14622}}, {"service": {"name": "Mental Health Services"}, "facility": {"code": 14622}}, {"service": {"name": "Opthalmic Services"}, "facility": {"code": 14622}}, {"service": {"name": "Nutrition Services"}, "facility": {"code": 14622}}, {"service": {"name": "Surgical Services"}, "facility": {"code": 14622}}, {"service": {"name": "Maternity Services"}, "facility": {"code": 14622}}, {"service": {"name": "Curative Services"}, "facility": {"code": 14622}}, {"service": {"name": "Basic Immunization"}, "facility": {"code": 14622}}, {"service": {"name": "Focused Antenatal Care"}, "facility": {"code": 14622}}, {"service": {"name": "Short Term FP"}, "facility": {"code": 14622}}, {"service": {"name": "PMTCT - ANC"}, "facility": {"code": 14622}}, {"service": {"name": "Diagnostic Counselling and Testing"}, "facility": {"code": 14622}}, {"service": {"name": "Provider Initiated Counselling and Testing"}, "facility": {"code": 14622}}, {"service": {"name": "Management of STIs"}, "facility": {"code": 14622}}, {"service": {"name": "Condom Promotion and Distribution"}, "facility": {"code": 14622}}, {"service": {"name": "Emergency Preparedness"}, "facility": {"code": 14331}}, {"service": {"name": "ENT Services"}, "facility": {"code": 14331}}, {"service": {"name": "Oral Health Services (Dental Services)"}, "facility": {"code": 14331}}, {"service": {"name": "Emergency Obstetric Care"}, "facility": {"code": 14331}}, {"service": {"name": "Environmental Health Services"}, "facility": {"code": 14331}}, {"service": {"name": "Mental Health Services"}, "facility": {"code": 14331}}, {"service": {"name": "Opthalmic Services"}, "facility": {"code": 14331}}, {"service": {"name": "Nutrition Services"}, "facility": {"code": 14331}}, {"service": {"name": "Surgical Services"}, "facility": {"code": 14331}}, {"service": {"name": "Maternity Services"}, "facility": {"code": 14331}}, {"service": {"name": "Curative Services"}, "facility": {"code": 14331}}, {"service": {"name": "Basic Immunization"}, "facility": {"code": 14331}}, {"service": {"name": "Focused Antenatal Care"}, "facility": {"code": 14331}}, {"service": {"name": "Short Term FP"}, "facility": {"code": 14331}}, {"service": {"name": "PMTCT - Maternity"}, "facility": {"code": 14331}}, {"service": {"name": "PMTCT - ANC"}, "facility": {"code": 14331}}, {"service": {"name": "Diagnostic Counselling and Testing"}, "facility": {"code": 14331}}, {"service": {"name": "Provider Initiated Counselling and Testing"}, "facility": {"code": 14331}}, {"service": {"name": "Management of STIs"}, "facility": {"code": 14331}}, {"service": {"name": "Condom Promotion and Distribution"}, "facility": {"code": 14331}}, {"service": {"name": "Emergency Preparedness"}, "facility": {"code": 14320}}, {"service": {"name": "ENT Services"}, "facility": {"code": 14320}}, {"service": {"name": "Oral Health Services (Dental Services)"}, "facility": {"code": 14320}}, {"service": {"name": "Emergency Obstetric Care"}, "facility": {"code": 14320}}, {"service": {"name": "Environmental Health Services"}, "facility": {"code": 14320}}, {"service": {"name": "Opthalmic Services"}, "facility": {"code": 14320}}, {"service": {"name": "Nutrition Services"}, "facility": {"code": 14320}}, {"service": {"name": "Surgical Services"}, "facility": {"code": 14320}}, {"service": {"name": "Maternity Services"}, "facility": {"code": 14320}}, {"service": {"name": "Curative Services"}, "facility": {"code": 14320}}, {"service": {"name": "Basic Immunization"}, "facility": {"code": 14320}}, {"service": {"name": "Focused Antenatal Care"}, "facility": {"code": 14320}}, {"service": {"name": "Short Term FP"}, "facility": {"code": 14320}}, {"service": {"name": "Diagnostic Counselling and Testing"}, "facility": {"code": 14320}}, {"service": {"name": "Provider Initiated Counselling and Testing"}, "facility": {"code": 14320}}, {"service": {"name": "Management of STIs"}, "facility": {"code": 14320}}, {"service": {"name": "Condom Promotion and Distribution"}, "facility": {"code": 14320}}, {"service": {"name": "Emergency Preparedness"}, "facility": {"code": 14310}}, {"service": {"name": "ENT Services"}, "facility": {"code": 14310}}, {"service": {"name": "Oral Health Services (Dental Services)"}, "facility": {"code": 14310}}, {"service": {"name": "Emergency Obstetric Care"}, "facility": {"code": 14310}}, {"service": {"name": "Environmental Health Services"}, "facility": {"code": 14310}}, {"service": {"name": "Opthalmic Services"}, "facility": {"code": 14310}}, {"service": {"name": "Nutrition Services"}, "facility": {"code": 14310}}, {"service": {"name": "Surgical Services"}, "facility": {"code": 14310}}, {"service": {"name": "Maternity Services"}, "facility": {"code": 14310}}, {"service": {"name": "Curative Services"}, "facility": {"code": 14310}}, {"service": {"name": "Basic Immunization"}, "facility": {"code": 14310}}, {"service": {"name": "Focused Antenatal Care"}, "facility": {"code": 14310}}, {"service": {"name": "Short Term FP"}, "facility": {"code": 14310}}, {"service": {"name": "PMTCT - ANC"}, "facility": {"code": 14310}}, {"service": {"name": "Early Infant Diagnosis"}, "facility": {"code": 14310}}, {"service": {"name": "Diagnostic Counselling and Testing"}, "facility": {"code": 14310}}, {"service": {"name": "Provider Initiated Counselling and Testing"}, "facility": {"code": 14310}}, {"service": {"name": "Management of STIs"}, "facility": {"code": 14310}}, {"service": {"name": "Condom Promotion and Distribution"}, "facility": {"code": 14310}}, {"service": {"name": "Emergency Preparedness"}, "facility": {"code": 14300}}, {"service": {"name": "ENT Services"}, "facility": {"code": 14300}}, {"service": {"name": "Oral Health Services (Dental Services)"}, "facility": {"code": 14300}}, {"service": {"name": "Emergency Obstetric Care"}, "facility": {"code": 14300}}, {"service": {"name": "Environmental Health Services"}, "facility": {"code": 14300}}, {"service": {"name": "Services for Sexual Violence Survivors"}, "facility": {"code": 14300}}, {"service": {"name": "Mental Health Services"}, "facility": {"code": 14300}}, {"service": {"name": "Opthalmic Services"}, "facility": {"code": 14300}}, {"service": {"name": "Nutrition Services"}, "facility": {"code": 14300}}, {"service": {"name": "Laboratory Services"}, "facility": {"code": 14300}}, {"service": {"name": "Surgical Services"}, "facility": {"code": 14300}}, {"service": {"name": "Maternity Services"}, "facility": {"code": 14300}}, {"service": {"name": "Curative Services"}, "facility": {"code": 14300}}, {"service": {"name": "First Line Treatment"}, "facility": {"code": 14300}}, {"service": {"name": "Smear Microscopy"}, "facility": {"code": 14300}}, {"service": {"name": "Immunization with additional vaccines"}, "facility": {"code": 14300}}, {"service": {"name": "Basic Immunization"}, "facility": {"code": 14300}}, {"service": {"name": "Focused Antenatal Care"}, "facility": {"code": 14300}}, {"service": {"name": "Short Term FP"}, "facility": {"code": 14300}}, {"service": {"name": "Adult Antiretroviral Therapy"}, "facility": {"code": 14300}}, {"service": {"name": "Paediatric Antiretroviral Therapy"}, "facility": {"code": 14300}}, {"service": {"name": "Post Exposure Prophylaxis"}, "facility": {"code": 14300}}, {"service": {"name": "PMTCT - Maternity"}, "facility": {"code": 14300}}, {"service": {"name": "PMTCT - ANC"}, "facility": {"code": 14300}}, {"service": {"name": "Early Infant Diagnosis"}, "facility": {"code": 14300}}, {"service": {"name": "Diagnostic Counselling and Testing"}, "facility": {"code": 14300}}, {"service": {"name": "Provider Initiated Counselling and Testing"}, "facility": {"code": 14300}}, {"service": {"name": "Management of STIs"}, "facility": {"code": 14300}}, {"service": {"name": "Condom Promotion and Distribution"}, "facility": {"code": 14300}}, {"service": {"name": "Focused Antenatal Care"}, "facility": {"code": 12107}}, {"service": {"name": "Laboratory Services"}, "facility": {"code": 12107}}, {"service": {"name": "Curative Services"}, "facility": {"code": 12107}}, {"service": {"name": "Short Term FP"}, "facility": {"code": 12107}}, {"service": {"name": "Post Exposure Prophylaxis"}, "facility": {"code": 12107}}, {"service": {"name": "Voluntary Male Circumcision"}, "facility": {"code": 12107}}, {"service": {"name": "Management of STIs"}, "facility": {"code": 12107}}, {"service": {"name": "Emergency Obstetric Care"}, "facility": {"code": 17226}}, {"service": {"name": "Curative Services"}, "facility": {"code": 17226}}, {"service": {"name": "Laboratory Services"}, "facility": {"code": 15748}}, {"service": {"name": "Surgical Services"}, "facility": {"code": 15748}}, {"service": {"name": "Curative Services"}, "facility": {"code": 15748}}, {"service": {"name": "Smear Microscopy"}, "facility": {"code": 15748}}, {"service": {"name": "Short Term FP"}, "facility": {"code": 15748}}, {"service": {"name": "Diagnostic Counselling and Testing"}, "facility": {"code": 15748}}, {"service": {"name": "Provider Initiated Counselling and Testing"}, "facility": {"code": 15748}}, {"service": {"name": "Management of STIs"}, "facility": {"code": 15748}}, {"service": {"name": "Condom Promotion and Distribution"}, "facility": {"code": 15748}}, {"service": {"name": "Emergency Preparedness"}, "facility": {"code": 14489}}, {"service": {"name": "Emergency Obstetric Care"}, "facility": {"code": 14489}}, {"service": {"name": "Nutrition Services"}, "facility": {"code": 14489}}, {"service": {"name": "Maternity Services"}, "facility": {"code": 14489}}, {"service": {"name": "Curative Services"}, "facility": {"code": 14489}}, {"service": {"name": "Focused Antenatal Care"}, "facility": {"code": 14489}}, {"service": {"name": "Short Term FP"}, "facility": {"code": 14489}}, {"service": {"name": "PMTCT - ANC"}, "facility": {"code": 14489}}, {"service": {"name": "Diagnostic Counselling and Testing"}, "facility": {"code": 14489}}, {"service": {"name": "Provider Initiated Counselling and Testing"}, "facility": {"code": 14489}}, {"service": {"name": "Management of STIs"}, "facility": {"code": 14489}}, {"service": {"name": "Condom Promotion and Distribution"}, "facility": {"code": 14489}}, {"service": {"name": "Emergency Preparedness"}, "facility": {"code": 15490}}, {"service": {"name": "Emergency Obstetric Care"}, "facility": {"code": 15490}}, {"service": {"name": "Environmental Health Services"}, "facility": {"code": 15490}}, {"service": {"name": "Services for Sexual Violence Survivors"}, "facility": {"code": 15490}}, {"service": {"name": "Mental Health Services"}, "facility": {"code": 15490}}, {"service": {"name": "Opthalmic Services"}, "facility": {"code": 15490}}, {"service": {"name": "Nutrition Services"}, "facility": {"code": 15490}}, {"service": {"name": "Integrated Management of Childhood Illnesses"}, "facility": {"code": 15490}}, {"service": {"name": "Ambulance Sevices"}, "facility": {"code": 15490}}, {"service": {"name": "Laboratory Services"}, "facility": {"code": 15490}}, {"service": {"name": "Surgical Services"}, "facility": {"code": 15490}}, {"service": {"name": "Maternity Services"}, "facility": {"code": 15490}}, {"service": {"name": "Curative Services"}, "facility": {"code": 15490}}, {"service": {"name": "First Line Treatment"}, "facility": {"code": 15490}}, {"service": {"name": "Smear Microscopy"}, "facility": {"code": 15490}}, {"service": {"name": "Basic Immunization"}, "facility": {"code": 15490}}, {"service": {"name": "Focused Antenatal Care"}, "facility": {"code": 15490}}, {"service": {"name": "Adult Antiretroviral Therapy"}, "facility": {"code": 15490}}, {"service": {"name": "Paediatric Antiretroviral Therapy"}, "facility": {"code": 15490}}, {"service": {"name": "Post Exposure Prophylaxis"}, "facility": {"code": 15490}}, {"service": {"name": "PMTCT - Maternity"}, "facility": {"code": 15490}}, {"service": {"name": "PMTCT - ANC"}, "facility": {"code": 15490}}, {"service": {"name": "Early Infant Diagnosis"}, "facility": {"code": 15490}}, {"service": {"name": "Diagnostic Counselling and Testing"}, "facility": {"code": 15490}}, {"service": {"name": "Provider Initiated Counselling and Testing"}, "facility": {"code": 15490}}, {"service": {"name": "Voluntary Counselling and Testing"}, "facility": {"code": 15490}}, {"service": {"name": "Management of STIs"}, "facility": {"code": 15490}}, {"service": {"name": "Emergency Preparedness"}, "facility": {"code": 15436}}, {"service": {"name": "Mental Health Services"}, "facility": {"code": 15436}}, {"service": {"name": "Opthalmic Services"}, "facility": {"code": 15436}}, {"service": {"name": "Nutrition Services"}, "facility": {"code": 15436}}, {"service": {"name": "Surgical Services"}, "facility": {"code": 15436}}, {"service": {"name": "Curative Services"}, "facility": {"code": 15436}}, {"service": {"name": "Focused Antenatal Care"}, "facility": {"code": 15436}}, {"service": {"name": "Short Term FP"}, "facility": {"code": 15436}}, {"service": {"name": "PMTCT - ANC"}, "facility": {"code": 15436}}, {"service": {"name": "Diagnostic Counselling and Testing"}, "facility": {"code": 15436}}, {"service": {"name": "Provider Initiated Counselling and Testing"}, "facility": {"code": 15436}}, {"service": {"name": "Management of STIs"}, "facility": {"code": 15436}}, {"service": {"name": "Condom Promotion and Distribution"}, "facility": {"code": 15436}}, {"service": {"name": "Emergency Preparedness"}, "facility": {"code": 15435}}, {"service": {"name": "Emergency Obstetric Care"}, "facility": {"code": 15435}}, {"service": {"name": "Environmental Health Services"}, "facility": {"code": 15435}}, {"service": {"name": "Services for Sexual Violence Survivors"}, "facility": {"code": 15435}}, {"service": {"name": "Mental Health Services"}, "facility": {"code": 15435}}, {"service": {"name": "Opthalmic Services"}, "facility": {"code": 15435}}, {"service": {"name": "Nutrition Services"}, "facility": {"code": 15435}}, {"service": {"name": "Surgical Services"}, "facility": {"code": 15435}}, {"service": {"name": "Maternity Services"}, "facility": {"code": 15435}}, {"service": {"name": "Curative Services"}, "facility": {"code": 15435}}], "unique_fields": ["facility", "service"], "model": "facilities.FacilityService"}]