[{"records": [{"service": {"name": "Integrated Management of Childhood Illnesses"}, "facility": {"code": 13928}}, {"service": {"name": "Curative Services"}, "facility": {"code": 13928}}, {"service": {"name": "Focused Antenatal Care"}, "facility": {"code": 13928}}, {"service": {"name": "Long Term FP"}, "facility": {"code": 13928}}, {"service": {"name": "Short Term FP"}, "facility": {"code": 13928}}, {"service": {"name": "Home Based Care"}, "facility": {"code": 13928}}, {"service": {"name": "Adult Antiretroviral Therapy"}, "facility": {"code": 13928}}, {"service": {"name": "Paediatric Antiretroviral Therapy"}, "facility": {"code": 13928}}, {"service": {"name": "Post Exposure Prophylaxis"}, "facility": {"code": 13928}}, {"service": {"name": "Voluntary Male Circumcision"}, "facility": {"code": 13928}}, {"service": {"name": "PMTCT - Maternity"}, "facility": {"code": 13928}}, {"service": {"name": "PMTCT - ANC"}, "facility": {"code": 13928}}, {"service": {"name": "Early Infant Diagnosis"}, "facility": {"code": 13928}}, {"service": {"name": "Provider Initiated Counselling and Testing"}, "facility": {"code": 13928}}, {"service": {"name": "Management of STIs"}, "facility": {"code": 13928}}, {"service": {"name": "Condom Promotion and Distribution"}, "facility": {"code": 13928}}, {"service": {"name": "Emergency Obstetric Care"}, "facility": {"code": 13785}}, {"service": {"name": "Integrated Management of Childhood Illnesses"}, "facility": {"code": 13785}}, {"service": {"name": "Environmental Health Services"}, "facility": {"code": 15776}}, {"service": {"name": "Radiology Services"}, "facility": {"code": 13785}}, {"service": {"name": "Mental Health Services"}, "facility": {"code": 15776}}, {"service": {"name": "Curative Services"}, "facility": {"code": 13785}}, {"service": {"name": "Nutrition Services"}, "facility": {"code": 15776}}, {"service": {"name": "First Line Treatment"}, "facility": {"code": 13785}}, {"service": {"name": "Integrated Management of Childhood Illnesses"}, "facility": {"code": 15776}}, {"service": {"name": "Tuberculosis Culture"}, "facility": {"code": 13785}}, {"service": {"name": "Surgical Services"}, "facility": {"code": 15776}}, {"service": {"name": "Immunization with additional vaccines"}, "facility": {"code": 13785}}, {"service": {"name": "Basic Immunization"}, "facility": {"code": 13785}}, {"service": {"name": "Focused Antenatal Care"}, "facility": {"code": 13785}}, {"service": {"name": "Curative Services"}, "facility": {"code": 15776}}, {"service": {"name": "Long Term FP"}, "facility": {"code": 13785}}, {"service": {"name": "Home Based Care"}, "facility": {"code": 13785}}, {"service": {"name": "Adult Antiretroviral Therapy"}, "facility": {"code": 13785}}, {"service": {"name": "Post Exposure Prophylaxis"}, "facility": {"code": 13785}}, {"service": {"name": "PMTCT - Maternity"}, "facility": {"code": 13785}}, {"service": {"name": "PMTCT - ANC"}, "facility": {"code": 13785}}, {"service": {"name": "Early Infant Diagnosis"}, "facility": {"code": 13785}}, {"service": {"name": "Provider Initiated Counselling and Testing"}, "facility": {"code": 13785}}, {"service": {"name": "First Line Treatment"}, "facility": {"code": 15776}}, {"service": {"name": "Basic Immunization"}, "facility": {"code": 15776}}, {"service": {"name": "Focused Antenatal Care"}, "facility": {"code": 15776}}, {"service": {"name": "Integrated Services"}, "facility": {"code": 15776}}, {"service": {"name": "Long Term FP"}, "facility": {"code": 15776}}, {"service": {"name": "Short Term FP"}, "facility": {"code": 15776}}, {"service": {"name": "PMTCT - ANC"}, "facility": {"code": 15776}}, {"service": {"name": "Diagnostic Counselling and Testing"}, "facility": {"code": 15776}}, {"service": {"name": "Provider Initiated Counselling and Testing"}, "facility": {"code": 15776}}, {"service": {"name": "Management of STIs"}, "facility": {"code": 15776}}, {"service": {"name": "Condom Promotion and Distribution"}, "facility": {"code": 15776}}, {"service": {"name": "Environmental Health Services"}, "facility": {"code": 14895}}, {"service": {"name": "Nutrition Services"}, "facility": {"code": 14895}}, {"service": {"name": "Curative Services"}, "facility": {"code": 14895}}, {"service": {"name": "Basic Immunization"}, "facility": {"code": 14895}}, {"service": {"name": "Long Term FP"}, "facility": {"code": 14895}}, {"service": {"name": "Short Term FP"}, "facility": {"code": 14895}}, {"service": {"name": "PMTCT - ANC"}, "facility": {"code": 14895}}, {"service": {"name": "Laboratory Services"}, "facility": {"code": 17120}}, {"service": {"name": "Maternity Services"}, "facility": {"code": 17120}}, {"service": {"name": "Curative Services"}, "facility": {"code": 17120}}, {"service": {"name": "First Line Treatment"}, "facility": {"code": 17120}}, {"service": {"name": "Tuberculosis Culture"}, "facility": {"code": 17120}}, {"service": {"name": "Smear Microscopy"}, "facility": {"code": 17120}}, {"service": {"name": "Basic Immunization"}, "facility": {"code": 17120}}, {"service": {"name": "Focused Antenatal Care"}, "facility": {"code": 17120}}, {"service": {"name": "Integrated Services"}, "facility": {"code": 17120}}, {"service": {"name": "Permanent FP"}, "facility": {"code": 17120}}, {"service": {"name": "Long Term FP"}, "facility": {"code": 17120}}, {"service": {"name": "Short Term FP"}, "facility": {"code": 17120}}, {"service": {"name": "Post Exposure Prophylaxis"}, "facility": {"code": 17120}}, {"service": {"name": "Voluntary Male Circumcision"}, "facility": {"code": 17120}}, {"service": {"name": "PMTCT - Maternity"}, "facility": {"code": 17120}}, {"service": {"name": "PMTCT - ANC"}, "facility": {"code": 17120}}, {"service": {"name": "Provider Initiated Counselling and Testing"}, "facility": {"code": 17120}}, {"service": {"name": "Voluntary Counselling and Testing"}, "facility": {"code": 17120}}, {"service": {"name": "Management of STIs"}, "facility": {"code": 17120}}, {"service": {"name": "Condom Promotion and Distribution"}, "facility": {"code": 17120}}, {"service": {"name": "Emergency Preparedness"}, "facility": {"code": 14458}}, {"service": {"name": "ENT Services"}, "facility": {"code": 14458}}, {"service": {"name": "Dental Laboratory Services"}, "facility": {"code": 14458}}, {"service": {"name": "Environmental Health Services"}, "facility": {"code": 14458}}, {"service": {"name": "Opthalmic Services"}, "facility": {"code": 14458}}, {"service": {"name": "Nutrition Services"}, "facility": {"code": 14458}}, {"service": {"name": "Integrated Management of Childhood Illnesses"}, "facility": {"code": 14458}}, {"service": {"name": "Surgical Services"}, "facility": {"code": 14458}}, {"service": {"name": "Maternity Services"}, "facility": {"code": 14458}}, {"service": {"name": "Curative Services"}, "facility": {"code": 14458}}, {"service": {"name": "First Line Treatment"}, "facility": {"code": 14458}}, {"service": {"name": "Basic Immunization"}, "facility": {"code": 14458}}, {"service": {"name": "Focused Antenatal Care"}, "facility": {"code": 14458}}, {"service": {"name": "Integrated Services"}, "facility": {"code": 14458}}, {"service": {"name": "Permanent FP"}, "facility": {"code": 14458}}, {"service": {"name": "Long Term FP"}, "facility": {"code": 14458}}, {"service": {"name": "Short Term FP"}, "facility": {"code": 14458}}, {"service": {"name": "Home Based Care"}, "facility": {"code": 14458}}, {"service": {"name": "Adult Antiretroviral Therapy"}, "facility": {"code": 14458}}, {"service": {"name": "Post Exposure Prophylaxis"}, "facility": {"code": 14458}}, {"service": {"name": "Voluntary Male Circumcision"}, "facility": {"code": 14458}}, {"service": {"name": "PMTCT - ANC"}, "facility": {"code": 14458}}, {"service": {"name": "Early Infant Diagnosis"}, "facility": {"code": 14458}}, {"service": {"name": "Diagnostic Counselling and Testing"}, "facility": {"code": 14458}}, {"service": {"name": "Provider Initiated Counselling and Testing"}, "facility": {"code": 14458}}, {"service": {"name": "Management of STIs"}, "facility": {"code": 14458}}, {"service": {"name": "Condom Promotion and Distribution"}, "facility": {"code": 14458}}, {"service": {"name": "Emergency Obstetric Care"}, "facility": {"code": 14510}}, {"service": {"name": "Environmental Health Services"}, "facility": {"code": 14510}}, {"service": {"name": "Rehabilitative Health Services - Physiotherapy"}, "facility": {"code": 14510}}, {"service": {"name": "Mental Health Services"}, "facility": {"code": 14510}}, {"service": {"name": "Nutrition Services"}, "facility": {"code": 14510}}, {"service": {"name": "Ambulance Sevices"}, "facility": {"code": 14510}}, {"service": {"name": "Laboratory Services"}, "facility": {"code": 14510}}, {"service": {"name": "Radiology Services"}, "facility": {"code": 14510}}, {"service": {"name": "Surgical Services"}, "facility": {"code": 14510}}, {"service": {"name": "Maternity Services"}, "facility": {"code": 14510}}, {"service": {"name": "Curative Services"}, "facility": {"code": 14510}}, {"service": {"name": "Mortuary Services"}, "facility": {"code": 14510}}, {"service": {"name": "Rehabilitative Health Services - Occupational Health"}, "facility": {"code": 14510}}, {"service": {"name": "First Line Treatment"}, "facility": {"code": 14510}}, {"service": {"name": "Tuberculosis Culture"}, "facility": {"code": 14510}}, {"service": {"name": "Smear Microscopy"}, "facility": {"code": 14510}}, {"service": {"name": "Basic Immunization"}, "facility": {"code": 14510}}, {"service": {"name": "Focused Antenatal Care"}, "facility": {"code": 14510}}, {"service": {"name": "PMTCT - ANC"}, "facility": {"code": 14404}}, {"service": {"name": "Opthalmic Services"}, "facility": {"code": 15311}}, {"service": {"name": "Nutrition Services"}, "facility": {"code": 15311}}, {"service": {"name": "Ambulance Sevices"}, "facility": {"code": 15311}}, {"service": {"name": "Laboratory Services"}, "facility": {"code": 15311}}, {"service": {"name": "Radiology Services"}, "facility": {"code": 15311}}, {"service": {"name": "Surgical Services"}, "facility": {"code": 15311}}, {"service": {"name": "Maternity Services"}, "facility": {"code": 15311}}, {"service": {"name": "Diagnostic Counselling and Testing"}, "facility": {"code": 14404}}, {"service": {"name": "Curative Services"}, "facility": {"code": 15311}}, {"service": {"name": "Mental Health Services"}, "facility": {"code": 15311}}, {"service": {"name": "Management of STIs"}, "facility": {"code": 16323}}, {"service": {"name": "Services for Sexual Violence Survivors"}, "facility": {"code": 15311}}, {"service": {"name": "Rehabilitative Health Services - Physiotherapy"}, "facility": {"code": 15311}}, {"service": {"name": "Environmental Health Services"}, "facility": {"code": 15311}}, {"service": {"name": "Condom Promotion and Distribution"}, "facility": {"code": 16323}}, {"service": {"name": "Diagnostic Counselling and Testing"}, "facility": {"code": 15763}}, {"service": {"name": "Dental Laboratory Services"}, "facility": {"code": 15311}}, {"service": {"name": "Mortuary Services"}, "facility": {"code": 15311}}, {"service": {"name": "Facility Based Blood Transfusion Service"}, "facility": {"code": 15311}}, {"service": {"name": "Rehabilitative Health Services - Occupational Health"}, "facility": {"code": 15311}}, {"service": {"name": "First Line Treatment"}, "facility": {"code": 15311}}, {"service": {"name": "Long Term FP"}, "facility": {"code": 14510}}, {"service": {"name": "Tuberculosis Culture"}, "facility": {"code": 15311}}, {"service": {"name": "Short Term FP"}, "facility": {"code": 14510}}, {"service": {"name": "Early Infant Diagnosis"}, "facility": {"code": 14404}}, {"service": {"name": "Smear Microscopy"}, "facility": {"code": 15311}}, {"service": {"name": "Home Based Care"}, "facility": {"code": 14510}}, {"service": {"name": "Basic Immunization"}, "facility": {"code": 15311}}, {"service": {"name": "Adult Antiretroviral Therapy"}, "facility": {"code": 14510}}, {"service": {"name": "Paediatric Antiretroviral Therapy"}, "facility": {"code": 14510}}, {"service": {"name": "Focused Antenatal Care"}, "facility": {"code": 15311}}, {"service": {"name": "Post Exposure Prophylaxis"}, "facility": {"code": 14510}}, {"service": {"name": "PMTCT - Maternity"}, "facility": {"code": 14510}}, {"service": {"name": "Integrated Services"}, "facility": {"code": 15311}}, {"service": {"name": "PMTCT - ANC"}, "facility": {"code": 14510}}, {"service": {"name": "Early Infant Diagnosis"}, "facility": {"code": 14510}}, {"service": {"name": "Long Term FP"}, "facility": {"code": 15311}}, {"service": {"name": "Permanent FP"}, "facility": {"code": 15311}}, {"service": {"name": "Diagnostic Counselling and Testing"}, "facility": {"code": 14510}}, {"service": {"name": "Provider Initiated Counselling and Testing"}, "facility": {"code": 14510}}, {"service": {"name": "Provider Initiated Counselling and Testing"}, "facility": {"code": 14404}}, {"service": {"name": "Voluntary Counselling and Testing"}, "facility": {"code": 14510}}, {"service": {"name": "Management of STIs"}, "facility": {"code": 14510}}, {"service": {"name": "Voluntary Counselling and Testing"}, "facility": {"code": 14404}}, {"service": {"name": "Short Term FP"}, "facility": {"code": 15311}}, {"service": {"name": "Condom Promotion and Distribution"}, "facility": {"code": 14510}}, {"service": {"name": "Management of STIs"}, "facility": {"code": 14404}}, {"service": {"name": "Adult Antiretroviral Therapy"}, "facility": {"code": 15311}}, {"service": {"name": "Condom Promotion and Distribution"}, "facility": {"code": 14404}}, {"service": {"name": "Paediatric Antiretroviral Therapy"}, "facility": {"code": 15311}}, {"service": {"name": "Post Exposure Prophylaxis"}, "facility": {"code": 15311}}, {"service": {"name": "PMTCT - Maternity"}, "facility": {"code": 15311}}, {"service": {"name": "PMTCT - ANC"}, "facility": {"code": 15311}}, {"service": {"name": "Early Infant Diagnosis"}, "facility": {"code": 15311}}, {"service": {"name": "Diagnostic Counselling and Testing"}, "facility": {"code": 15311}}, {"service": {"name": "Provider Initiated Counselling and Testing"}, "facility": {"code": 15311}}, {"service": {"name": "Voluntary Counselling and Testing"}, "facility": {"code": 15311}}, {"service": {"name": "Management of STIs"}, "facility": {"code": 15311}}, {"service": {"name": "Condom Promotion and Distribution"}, "facility": {"code": 15311}}, {"service": {"name": "Environmental Health Services"}, "facility": {"code": 15516}}, {"service": {"name": "Emergency Preparedness"}, "facility": {"code": 15516}}, {"service": {"name": "Basic Immunization"}, "facility": {"code": 15516}}, {"service": {"name": "Focused Antenatal Care"}, "facility": {"code": 15516}}, {"service": {"name": "Short Term FP"}, "facility": {"code": 15516}}, {"service": {"name": "Adult Antiretroviral Therapy"}, "facility": {"code": 15516}}, {"service": {"name": "Post Exposure Prophylaxis"}, "facility": {"code": 15516}}, {"service": {"name": "PMTCT - Maternity"}, "facility": {"code": 15516}}, {"service": {"name": "PMTCT - ANC"}, "facility": {"code": 15516}}, {"service": {"name": "Early Infant Diagnosis"}, "facility": {"code": 15516}}, {"service": {"name": "Diagnostic Counselling and Testing"}, "facility": {"code": 15516}}, {"service": {"name": "Provider Initiated Counselling and Testing"}, "facility": {"code": 15516}}, {"service": {"name": "Management of STIs"}, "facility": {"code": 15516}}, {"service": {"name": "Condom Promotion and Distribution"}, "facility": {"code": 15516}}, {"service": {"name": "Integrated Management of Childhood Illnesses"}, "facility": {"code": 11955}}, {"service": {"name": "Ambulance Sevices"}, "facility": {"code": 11955}}, {"service": {"name": "Laboratory Services"}, "facility": {"code": 11955}}, {"service": {"name": "Radiology Services"}, "facility": {"code": 11955}}, {"service": {"name": "Surgical Services"}, "facility": {"code": 11955}}, {"service": {"name": "Maternity Services"}, "facility": {"code": 11955}}, {"service": {"name": "Curative Services"}, "facility": {"code": 11955}}, {"service": {"name": "Emergency Preparedness"}, "facility": {"code": 11955}}, {"service": {"name": "Facility Based Blood Transfusion Service"}, "facility": {"code": 11955}}, {"service": {"name": "First Line Treatment"}, "facility": {"code": 11955}}, {"service": {"name": "Smear Microscopy"}, "facility": {"code": 11955}}, {"service": {"name": "Immunization with additional vaccines"}, "facility": {"code": 11955}}, {"service": {"name": "Basic Immunization"}, "facility": {"code": 11955}}, {"service": {"name": "Adult Antiretroviral Therapy"}, "facility": {"code": 11955}}, {"service": {"name": "Paediatric Antiretroviral Therapy"}, "facility": {"code": 11955}}, {"service": {"name": "Post Exposure Prophylaxis"}, "facility": {"code": 11955}}, {"service": {"name": "PMTCT - Maternity"}, "facility": {"code": 11955}}, {"service": {"name": "PMTCT - ANC"}, "facility": {"code": 11955}}, {"service": {"name": "Early Infant Diagnosis"}, "facility": {"code": 11955}}, {"service": {"name": "Diagnostic Counselling and Testing"}, "facility": {"code": 11955}}, {"service": {"name": "Provider Initiated Counselling and Testing"}, "facility": {"code": 11955}}, {"service": {"name": "Voluntary Counselling and Testing"}, "facility": {"code": 11955}}, {"service": {"name": "Basic Immunization"}, "facility": {"code": 12381}}, {"service": {"name": "Nutrition Services"}, "facility": {"code": 12381}}, {"service": {"name": "Curative Services"}, "facility": {"code": 12381}}, {"service": {"name": "Short Term FP"}, "facility": {"code": 12381}}, {"service": {"name": "PMTCT - ANC"}, "facility": {"code": 12381}}, {"service": {"name": "Provider Initiated Counselling and Testing"}, "facility": {"code": 12381}}, {"service": {"name": "Management of STIs"}, "facility": {"code": 12381}}, {"service": {"name": "Condom Promotion and Distribution"}, "facility": {"code": 12381}}, {"service": {"name": "Maternity Services"}, "facility": {"code": 14453}}, {"service": {"name": "Curative Services"}, "facility": {"code": 14453}}, {"service": {"name": "Smear Microscopy"}, "facility": {"code": 14453}}, {"service": {"name": "Basic Immunization"}, "facility": {"code": 14453}}, {"service": {"name": "Focused Antenatal Care"}, "facility": {"code": 14453}}, {"service": {"name": "Short Term FP"}, "facility": {"code": 14453}}, {"service": {"name": "Adult Antiretroviral Therapy"}, "facility": {"code": 14453}}, {"service": {"name": "PMTCT - Maternity"}, "facility": {"code": 14453}}, {"service": {"name": "Diagnostic Counselling and Testing"}, "facility": {"code": 14453}}, {"service": {"name": "Provider Initiated Counselling and Testing"}, "facility": {"code": 14453}}, {"service": {"name": "Voluntary Counselling and Testing"}, "facility": {"code": 14453}}, {"service": {"name": "Management of STIs"}, "facility": {"code": 14453}}, {"service": {"name": "Condom Promotion and Distribution"}, "facility": {"code": 14453}}, {"service": {"name": "PMTCT - ANC"}, "facility": {"code": 14453}}, {"service": {"name": "Integrated Management of Childhood Illnesses"}, "facility": {"code": 17118}}, {"service": {"name": "Curative Services"}, "facility": {"code": 17118}}, {"service": {"name": "Basic Immunization"}, "facility": {"code": 17118}}, {"service": {"name": "Focused Antenatal Care"}, "facility": {"code": 17118}}, {"service": {"name": "Long Term FP"}, "facility": {"code": 17118}}, {"service": {"name": "Management of STIs"}, "facility": {"code": 17118}}, {"service": {"name": "Condom Promotion and Distribution"}, "facility": {"code": 17118}}, {"service": {"name": "Environmental Health Services"}, "facility": {"code": 15502}}, {"service": {"name": "Nutrition Services"}, "facility": {"code": 15502}}, {"service": {"name": "Laboratory Services"}, "facility": {"code": 15502}}, {"service": {"name": "Nutrition Services"}, "facility": {"code": 17117}}, {"service": {"name": "Condom Promotion and Distribution"}, "facility": {"code": 15502}}, {"service": {"name": "Curative Services"}, "facility": {"code": 17117}}, {"service": {"name": "Basic Immunization"}, "facility": {"code": 17117}}, {"service": {"name": "Focused Antenatal Care"}, "facility": {"code": 17117}}, {"service": {"name": "Short Term FP"}, "facility": {"code": 17117}}, {"service": {"name": "PMTCT - ANC"}, "facility": {"code": 17117}}, {"service": {"name": "Diagnostic Counselling and Testing"}, "facility": {"code": 17117}}, {"service": {"name": "Provider Initiated Counselling and Testing"}, "facility": {"code": 17117}}, {"service": {"name": "Management of STIs"}, "facility": {"code": 17117}}, {"service": {"name": "Condom Promotion and Distribution"}, "facility": {"code": 17117}}, {"service": {"name": "Curative Services"}, "facility": {"code": 17116}}, {"service": {"name": "Focused Antenatal Care"}, "facility": {"code": 17116}}, {"service": {"name": "Long Term FP"}, "facility": {"code": 17116}}, {"service": {"name": "Short Term FP"}, "facility": {"code": 17116}}, {"service": {"name": "Home Based Care"}, "facility": {"code": 17116}}, {"service": {"name": "Voluntary Male Circumcision"}, "facility": {"code": 17116}}, {"service": {"name": "PMTCT - ANC"}, "facility": {"code": 17116}}, {"service": {"name": "Provider Initiated Counselling and Testing"}, "facility": {"code": 17116}}, {"service": {"name": "Voluntary Counselling and Testing"}, "facility": {"code": 17116}}, {"service": {"name": "Management of STIs"}, "facility": {"code": 17116}}, {"service": {"name": "Condom Promotion and Distribution"}, "facility": {"code": 17116}}, {"service": {"name": "Emergency Obstetric Care"}, "facility": {"code": 12849}}, {"service": {"name": "Nutrition Services"}, "facility": {"code": 12849}}, {"service": {"name": "Integrated Management of Childhood Illnesses"}, "facility": {"code": 12849}}, {"service": {"name": "Maternity Services"}, "facility": {"code": 12849}}, {"service": {"name": "Curative Services"}, "facility": {"code": 12849}}, {"service": {"name": "Basic Immunization"}, "facility": {"code": 12849}}, {"service": {"name": "Focused Antenatal Care"}, "facility": {"code": 12849}}, {"service": {"name": "Short Term FP"}, "facility": {"code": 12849}}, {"service": {"name": "PMTCT - Maternity"}, "facility": {"code": 12849}}, {"service": {"name": "PMTCT - ANC"}, "facility": {"code": 12849}}, {"service": {"name": "Provider Initiated Counselling and Testing"}, "facility": {"code": 12849}}, {"service": {"name": "Management of STIs"}, "facility": {"code": 12849}}, {"service": {"name": "Condom Promotion and Distribution"}, "facility": {"code": 12849}}, {"service": {"name": "Emergency Obstetric Care"}, "facility": {"code": 12797}}, {"service": {"name": "Nutrition Services"}, "facility": {"code": 12797}}, {"service": {"name": "Maternity Services"}, "facility": {"code": 12797}}, {"service": {"name": "Curative Services"}, "facility": {"code": 12797}}, {"service": {"name": "Basic Immunization"}, "facility": {"code": 12797}}, {"service": {"name": "Focused Antenatal Care"}, "facility": {"code": 12797}}, {"service": {"name": "Short Term FP"}, "facility": {"code": 12797}}, {"service": {"name": "PMTCT - Maternity"}, "facility": {"code": 12797}}, {"service": {"name": "PMTCT - ANC"}, "facility": {"code": 12797}}, {"service": {"name": "Provider Initiated Counselling and Testing"}, "facility": {"code": 12797}}, {"service": {"name": "Management of STIs"}, "facility": {"code": 12797}}, {"service": {"name": "Condom Promotion and Distribution"}, "facility": {"code": 12797}}, {"service": {"name": "Emergency Obstetric Care"}, "facility": {"code": 12690}}, {"service": {"name": "Integrated Management of Childhood Illnesses"}, "facility": {"code": 12690}}, {"service": {"name": "Maternity Services"}, "facility": {"code": 12690}}, {"service": {"name": "Curative Services"}, "facility": {"code": 12690}}, {"service": {"name": "Basic Immunization"}, "facility": {"code": 12690}}, {"service": {"name": "Focused Antenatal Care"}, "facility": {"code": 12690}}, {"service": {"name": "Short Term FP"}, "facility": {"code": 12690}}, {"service": {"name": "PMTCT - Maternity"}, "facility": {"code": 12690}}, {"service": {"name": "PMTCT - ANC"}, "facility": {"code": 12690}}, {"service": {"name": "Provider Initiated Counselling and Testing"}, "facility": {"code": 12690}}, {"service": {"name": "Management of STIs"}, "facility": {"code": 12690}}, {"service": {"name": "Condom Promotion and Distribution"}, "facility": {"code": 12690}}, {"service": {"name": "Emergency Obstetric Care"}, "facility": {"code": 12523}}, {"service": {"name": "Environmental Health Services"}, "facility": {"code": 12523}}, {"service": {"name": "Nutrition Services"}, "facility": {"code": 12523}}, {"service": {"name": "Ambulance Sevices"}, "facility": {"code": 12523}}, {"service": {"name": "Laboratory Services"}, "facility": {"code": 12523}}, {"service": {"name": "Maternity Services"}, "facility": {"code": 12523}}, {"service": {"name": "Curative Services"}, "facility": {"code": 12523}}, {"service": {"name": "Mortuary Services"}, "facility": {"code": 12523}}, {"service": {"name": "First Line Treatment"}, "facility": {"code": 12523}}, {"service": {"name": "Smear Microscopy"}, "facility": {"code": 12523}}, {"service": {"name": "Basic Immunization"}, "facility": {"code": 12523}}, {"service": {"name": "Focused Antenatal Care"}, "facility": {"code": 12523}}, {"service": {"name": "Integrated Services"}, "facility": {"code": 12523}}, {"service": {"name": "Long Term FP"}, "facility": {"code": 12523}}, {"service": {"name": "Short Term FP"}, "facility": {"code": 12523}}, {"service": {"name": "Adult Antiretroviral Therapy"}, "facility": {"code": 12523}}, {"service": {"name": "Paediatric Antiretroviral Therapy"}, "facility": {"code": 12523}}, {"service": {"name": "Post Exposure Prophylaxis"}, "facility": {"code": 12523}}, {"service": {"name": "Voluntary Male Circumcision"}, "facility": {"code": 12523}}, {"service": {"name": "PMTCT - Maternity"}, "facility": {"code": 12523}}, {"service": {"name": "PMTCT - ANC"}, "facility": {"code": 12523}}, {"service": {"name": "Early Infant Diagnosis"}, "facility": {"code": 12523}}, {"service": {"name": "Diagnostic Counselling and Testing"}, "facility": {"code": 12523}}, {"service": {"name": "Provider Initiated Counselling and Testing"}, "facility": {"code": 12523}}, {"service": {"name": "Voluntary Counselling and Testing"}, "facility": {"code": 12523}}, {"service": {"name": "Management of STIs"}, "facility": {"code": 12523}}, {"service": {"name": "Condom Promotion and Distribution"}, "facility": {"code": 12523}}, {"service": {"name": "Environmental Health Services"}, "facility": {"code": 14976}}, {"service": {"name": "Nutrition Services"}, "facility": {"code": 16653}}, {"service": {"name": "Curative Services"}, "facility": {"code": 16653}}, {"service": {"name": "Focused Antenatal Care"}, "facility": {"code": 16653}}, {"service": {"name": "Short Term FP"}, "facility": {"code": 16653}}, {"service": {"name": "Condom Promotion and Distribution"}, "facility": {"code": 16653}}, {"service": {"name": "Curative Services"}, "facility": {"code": 13759}}, {"service": {"name": "First Line Treatment"}, "facility": {"code": 13759}}, {"service": {"name": "Basic Immunization"}, "facility": {"code": 13759}}, {"service": {"name": "Focused Antenatal Care"}, "facility": {"code": 13759}}, {"service": {"name": "Short Term FP"}, "facility": {"code": 13759}}, {"service": {"name": "Adult Antiretroviral Therapy"}, "facility": {"code": 13759}}, {"service": {"name": "Paediatric Antiretroviral Therapy"}, "facility": {"code": 13759}}, {"service": {"name": "Voluntary Male Circumcision"}, "facility": {"code": 13759}}, {"service": {"name": "PMTCT - Maternity"}, "facility": {"code": 13759}}, {"service": {"name": "PMTCT - ANC"}, "facility": {"code": 13759}}, {"service": {"name": "Early Infant Diagnosis"}, "facility": {"code": 13759}}, {"service": {"name": "Provider Initiated Counselling and Testing"}, "facility": {"code": 13759}}, {"service": {"name": "Management of STIs"}, "facility": {"code": 13759}}, {"service": {"name": "Condom Promotion and Distribution"}, "facility": {"code": 13759}}, {"service": {"name": "Curative Services"}, "facility": {"code": 16282}}, {"service": {"name": "Basic Immunization"}, "facility": {"code": 16282}}, {"service": {"name": "Focused Antenatal Care"}, "facility": {"code": 16282}}, {"service": {"name": "Short Term FP"}, "facility": {"code": 16282}}, {"service": {"name": "Adult Antiretroviral Therapy"}, "facility": {"code": 16282}}, {"service": {"name": "Paediatric Antiretroviral Therapy"}, "facility": {"code": 16282}}, {"service": {"name": "PMTCT - Maternity"}, "facility": {"code": 16282}}, {"service": {"name": "Management of STIs"}, "facility": {"code": 16282}}, {"service": {"name": "Condom Promotion and Distribution"}, "facility": {"code": 16282}}, {"service": {"name": "Curative Services"}, "facility": {"code": 13521}}, {"service": {"name": "First Line Treatment"}, "facility": {"code": 13521}}, {"service": {"name": "Focused Antenatal Care"}, "facility": {"code": 13521}}, {"service": {"name": "Long Term FP"}, "facility": {"code": 13521}}, {"service": {"name": "Management of STIs"}, "facility": {"code": 13521}}, {"service": {"name": "Curative Services"}, "facility": {"code": 14024}}, {"service": {"name": "Basic Immunization"}, "facility": {"code": 14024}}, {"service": {"name": "Focused Antenatal Care"}, "facility": {"code": 14024}}, {"service": {"name": "Adult Antiretroviral Therapy"}, "facility": {"code": 14024}}, {"service": {"name": "Paediatric Antiretroviral Therapy"}, "facility": {"code": 14024}}, {"service": {"name": "Post Exposure Prophylaxis"}, "facility": {"code": 14024}}, {"service": {"name": "Provider Initiated Counselling and Testing"}, "facility": {"code": 14024}}, {"service": {"name": "Management of STIs"}, "facility": {"code": 14024}}, {"service": {"name": "Condom Promotion and Distribution"}, "facility": {"code": 14024}}, {"service": {"name": "Environmental Health Services"}, "facility": {"code": 13921}}, {"service": {"name": "Ambulance Sevices"}, "facility": {"code": 13921}}, {"service": {"name": "Laboratory Services"}, "facility": {"code": 13921}}, {"service": {"name": "Maternity Services"}, "facility": {"code": 13921}}, {"service": {"name": "Curative Services"}, "facility": {"code": 13921}}, {"service": {"name": "First Line Treatment"}, "facility": {"code": 13921}}, {"service": {"name": "Tuberculosis Culture"}, "facility": {"code": 13921}}, {"service": {"name": "Basic Immunization"}, "facility": {"code": 13921}}, {"service": {"name": "Focused Antenatal Care"}, "facility": {"code": 13921}}, {"service": {"name": "Long Term FP"}, "facility": {"code": 13921}}, {"service": {"name": "Short Term FP"}, "facility": {"code": 13921}}, {"service": {"name": "Home Based Care"}, "facility": {"code": 13921}}, {"service": {"name": "Adult Antiretroviral Therapy"}, "facility": {"code": 13921}}, {"service": {"name": "Paediatric Antiretroviral Therapy"}, "facility": {"code": 13921}}, {"service": {"name": "Post Exposure Prophylaxis"}, "facility": {"code": 13921}}, {"service": {"name": "PMTCT - Maternity"}, "facility": {"code": 13921}}, {"service": {"name": "PMTCT - ANC"}, "facility": {"code": 13921}}, {"service": {"name": "Early Infant Diagnosis"}, "facility": {"code": 13921}}, {"service": {"name": "Provider Initiated Counselling and Testing"}, "facility": {"code": 13921}}, {"service": {"name": "Voluntary Counselling and Testing"}, "facility": {"code": 13921}}, {"service": {"name": "Diagnostic Counselling and Testing"}, "facility": {"code": 13921}}, {"service": {"name": "Management of STIs"}, "facility": {"code": 13921}}, {"service": {"name": "Condom Promotion and Distribution"}, "facility": {"code": 13921}}, {"service": {"name": "Integrated Management of Childhood Illnesses"}, "facility": {"code": 13688}}, {"service": {"name": "Curative Services"}, "facility": {"code": 13688}}, {"service": {"name": "Basic Immunization"}, "facility": {"code": 13688}}, {"service": {"name": "Focused Antenatal Care"}, "facility": {"code": 13688}}, {"service": {"name": "Long Term FP"}, "facility": {"code": 13688}}, {"service": {"name": "Short Term FP"}, "facility": {"code": 13688}}, {"service": {"name": "Paediatric Antiretroviral Therapy"}, "facility": {"code": 13688}}, {"service": {"name": "Voluntary Male Circumcision"}, "facility": {"code": 13688}}, {"service": {"name": "PMTCT - Maternity"}, "facility": {"code": 13688}}, {"service": {"name": "PMTCT - ANC"}, "facility": {"code": 13688}}, {"service": {"name": "Early Infant Diagnosis"}, "facility": {"code": 13688}}, {"service": {"name": "Provider Initiated Counselling and Testing"}, "facility": {"code": 13688}}, {"service": {"name": "Management of STIs"}, "facility": {"code": 13688}}, {"service": {"name": "Condom Promotion and Distribution"}, "facility": {"code": 13688}}, {"service": {"name": "Environmental Health Services"}, "facility": {"code": 13657}}, {"service": {"name": "Services for Sexual Violence Survivors"}, "facility": {"code": 13657}}, {"service": {"name": "Nutrition Services"}, "facility": {"code": 13657}}, {"service": {"name": "Integrated Management of Childhood Illnesses"}, "facility": {"code": 13657}}, {"service": {"name": "Laboratory Services"}, "facility": {"code": 13657}}, {"service": {"name": "Maternity Services"}, "facility": {"code": 13657}}, {"service": {"name": "Curative Services"}, "facility": {"code": 13657}}, {"service": {"name": "First Line Treatment"}, "facility": {"code": 13657}}, {"service": {"name": "Tuberculosis Culture"}, "facility": {"code": 13657}}, {"service": {"name": "Basic Immunization"}, "facility": {"code": 13657}}, {"service": {"name": "Integrated Services"}, "facility": {"code": 13657}}, {"service": {"name": "Long Term FP"}, "facility": {"code": 13657}}, {"service": {"name": "Short Term FP"}, "facility": {"code": 13657}}, {"service": {"name": "Paediatric Antiretroviral Therapy"}, "facility": {"code": 13657}}, {"service": {"name": "Post Exposure Prophylaxis"}, "facility": {"code": 13657}}, {"service": {"name": "Voluntary Male Circumcision"}, "facility": {"code": 13657}}, {"service": {"name": "PMTCT - Maternity"}, "facility": {"code": 13657}}, {"service": {"name": "PMTCT - ANC"}, "facility": {"code": 13657}}, {"service": {"name": "Early Infant Diagnosis"}, "facility": {"code": 13657}}, {"service": {"name": "Provider Initiated Counselling and Testing"}, "facility": {"code": 13657}}, {"service": {"name": "Management of STIs"}, "facility": {"code": 13657}}, {"service": {"name": "Condom Promotion and Distribution"}, "facility": {"code": 13657}}, {"service": {"name": "Curative Services"}, "facility": {"code": 13506}}, {"service": {"name": "First Line Treatment"}, "facility": {"code": 13506}}, {"service": {"name": "Basic Immunization"}, "facility": {"code": 13506}}, {"service": {"name": "Long Term FP"}, "facility": {"code": 13506}}, {"service": {"name": "Short Term FP"}, "facility": {"code": 13506}}, {"service": {"name": "Home Based Care"}, "facility": {"code": 13506}}, {"service": {"name": "Adult Antiretroviral Therapy"}, "facility": {"code": 13506}}, {"service": {"name": "Paediatric Antiretroviral Therapy"}, "facility": {"code": 13506}}, {"service": {"name": "Post Exposure Prophylaxis"}, "facility": {"code": 13506}}, {"service": {"name": "PMTCT - Maternity"}, "facility": {"code": 13506}}, {"service": {"name": "PMTCT - ANC"}, "facility": {"code": 13506}}, {"service": {"name": "Early Infant Diagnosis"}, "facility": {"code": 13506}}, {"service": {"name": "Provider Initiated Counselling and Testing"}, "facility": {"code": 13506}}, {"service": {"name": "Management of STIs"}, "facility": {"code": 13506}}, {"service": {"name": "Condom Promotion and Distribution"}, "facility": {"code": 13506}}, {"service": {"name": "Dental Laboratory Services"}, "facility": {"code": 13468}}, {"service": {"name": "Nutrition Services"}, "facility": {"code": 13468}}, {"service": {"name": "Integrated Management of Childhood Illnesses"}, "facility": {"code": 13468}}, {"service": {"name": "Ambulance Sevices"}, "facility": {"code": 13468}}, {"service": {"name": "Laboratory Services"}, "facility": {"code": 13468}}, {"service": {"name": "Maternity Services"}, "facility": {"code": 13468}}, {"service": {"name": "Curative Services"}, "facility": {"code": 13468}}, {"service": {"name": "Emergency Preparedness"}, "facility": {"code": 14387}}, {"service": {"name": "ENT Services"}, "facility": {"code": 14387}}, {"service": {"name": "Dental Laboratory Services"}, "facility": {"code": 14387}}, {"service": {"name": "Oral Health Services (Dental Services)"}, "facility": {"code": 14387}}, {"service": {"name": "Emergency Obstetric Care"}, "facility": {"code": 14387}}, {"service": {"name": "Nutrition Services"}, "facility": {"code": 14387}}, {"service": {"name": "Curative Services"}, "facility": {"code": 14387}}, {"service": {"name": "Port Immunization Services"}, "facility": {"code": 14387}}, {"service": {"name": "Basic Immunization"}, "facility": {"code": 14387}}, {"service": {"name": "Focused Antenatal Care"}, "facility": {"code": 14387}}, {"service": {"name": "Short Term FP"}, "facility": {"code": 14387}}, {"service": {"name": "PMTCT - ANC"}, "facility": {"code": 14387}}, {"service": {"name": "Diagnostic Counselling and Testing"}, "facility": {"code": 14387}}, {"service": {"name": "Provider Initiated Counselling and Testing"}, "facility": {"code": 14387}}, {"service": {"name": "Management of STIs"}, "facility": {"code": 14387}}, {"service": {"name": "Condom Promotion and Distribution"}, "facility": {"code": 14387}}, {"service": {"name": "Nutrition Services"}, "facility": {"code": 17115}}, {"service": {"name": "Integrated Management of Childhood Illnesses"}, "facility": {"code": 17115}}, {"service": {"name": "Curative Services"}, "facility": {"code": 17115}}, {"service": {"name": "Long Term FP"}, "facility": {"code": 17115}}, {"service": {"name": "Short Term FP"}, "facility": {"code": 17115}}, {"service": {"name": "Diagnostic Counselling and Testing"}, "facility": {"code": 17115}}, {"service": {"name": "Provider Initiated Counselling and Testing"}, "facility": {"code": 17115}}, {"service": {"name": "Management of STIs"}, "facility": {"code": 17115}}, {"service": {"name": "Condom Promotion and Distribution"}, "facility": {"code": 17115}}, {"service": {"name": "Emergency Preparedness"}, "facility": {"code": 12004}}, {"service": {"name": "ENT Services"}, "facility": {"code": 12004}}, {"service": {"name": "Dental Laboratory Services"}, "facility": {"code": 12004}}, {"service": {"name": "Oral Health Services (Dental Services)"}, "facility": {"code": 12004}}, {"service": {"name": "Emergency Obstetric Care"}, "facility": {"code": 12004}}, {"service": {"name": "Environmental Health Services"}, "facility": {"code": 12004}}, {"service": {"name": "Rehabilitative Health Services - Physiotherapy"}, "facility": {"code": 12004}}, {"service": {"name": "Services for Sexual Violence Survivors"}, "facility": {"code": 12004}}, {"service": {"name": "Mental Health Services"}, "facility": {"code": 12004}}, {"service": {"name": "Opthalmic Services"}, "facility": {"code": 12004}}, {"service": {"name": "Nutrition Services"}, "facility": {"code": 12004}}, {"service": {"name": "Integrated Management of Childhood Illnesses"}, "facility": {"code": 12004}}, {"service": {"name": "Ambulance Sevices"}, "facility": {"code": 12004}}, {"service": {"name": "Laboratory Services"}, "facility": {"code": 12004}}, {"service": {"name": "Radiology Services"}, "facility": {"code": 12004}}, {"service": {"name": "Surgical Services"}, "facility": {"code": 12004}}, {"service": {"name": "Maternity Services"}, "facility": {"code": 12004}}, {"service": {"name": "Curative Services"}, "facility": {"code": 12004}}, {"service": {"name": "Mortuary Services"}, "facility": {"code": 12004}}, {"service": {"name": "Facility Based Blood Transfusion Service"}, "facility": {"code": 12004}}, {"service": {"name": "Facility Based Blood Collection Service"}, "facility": {"code": 12004}}, {"service": {"name": "Rehabilitative Health Services - Orthopaedic Technology"}, "facility": {"code": 12004}}, {"service": {"name": "Rehabilitative Health Services - Occupational Health"}, "facility": {"code": 12004}}, {"service": {"name": "First Line Treatment"}, "facility": {"code": 12004}}, {"service": {"name": "Tuberculosis Culture"}, "facility": {"code": 12004}}, {"service": {"name": "Smear Microscopy"}, "facility": {"code": 12004}}, {"service": {"name": "Immunization with additional vaccines"}, "facility": {"code": 12004}}, {"service": {"name": "Basic Immunization"}, "facility": {"code": 12004}}, {"service": {"name": "Focused Antenatal Care"}, "facility": {"code": 12004}}, {"service": {"name": "Integrated Services"}, "facility": {"code": 12004}}, {"service": {"name": "Permanent FP"}, "facility": {"code": 12004}}, {"service": {"name": "Long Term FP"}, "facility": {"code": 12004}}, {"service": {"name": "Short Term FP"}, "facility": {"code": 12004}}, {"service": {"name": "Adult Antiretroviral Therapy"}, "facility": {"code": 12004}}, {"service": {"name": "Paediatric Antiretroviral Therapy"}, "facility": {"code": 12004}}, {"service": {"name": "Post Exposure Prophylaxis"}, "facility": {"code": 12004}}, {"service": {"name": "PMTCT - Maternity"}, "facility": {"code": 12004}}, {"service": {"name": "PMTCT - ANC"}, "facility": {"code": 12004}}, {"service": {"name": "Early Infant Diagnosis"}, "facility": {"code": 12004}}, {"service": {"name": "Diagnostic Counselling and Testing"}, "facility": {"code": 12004}}, {"service": {"name": "Provider Initiated Counselling and Testing"}, "facility": {"code": 12004}}, {"service": {"name": "Voluntary Counselling and Testing"}, "facility": {"code": 12004}}, {"service": {"name": "Management of STIs"}, "facility": {"code": 12004}}, {"service": {"name": "Condom Promotion and Distribution"}, "facility": {"code": 12004}}, {"service": {"name": "Emergency Preparedness"}, "facility": {"code": 12198}}, {"service": {"name": "Emergency Obstetric Care"}, "facility": {"code": 12198}}, {"service": {"name": "Environmental Health Services"}, "facility": {"code": 12198}}, {"service": {"name": "Nutrition Services"}, "facility": {"code": 12198}}, {"service": {"name": "Integrated Management of Childhood Illnesses"}, "facility": {"code": 12198}}, {"service": {"name": "Laboratory Services"}, "facility": {"code": 12198}}, {"service": {"name": "Maternity Services"}, "facility": {"code": 12198}}, {"service": {"name": "Curative Services"}, "facility": {"code": 12198}}, {"service": {"name": "First Line Treatment"}, "facility": {"code": 12198}}, {"service": {"name": "Smear Microscopy"}, "facility": {"code": 12198}}, {"service": {"name": "Immunization with additional vaccines"}, "facility": {"code": 12198}}, {"service": {"name": "Basic Immunization"}, "facility": {"code": 12198}}, {"service": {"name": "Focused Antenatal Care"}, "facility": {"code": 12198}}, {"service": {"name": "Integrated Services"}, "facility": {"code": 12198}}, {"service": {"name": "Long Term FP"}, "facility": {"code": 12198}}, {"service": {"name": "Short Term FP"}, "facility": {"code": 12198}}, {"service": {"name": "Adult Antiretroviral Therapy"}, "facility": {"code": 12198}}, {"service": {"name": "Paediatric Antiretroviral Therapy"}, "facility": {"code": 12198}}, {"service": {"name": "Post Exposure Prophylaxis"}, "facility": {"code": 12198}}, {"service": {"name": "Voluntary Male Circumcision"}, "facility": {"code": 12198}}, {"service": {"name": "PMTCT - Maternity"}, "facility": {"code": 12198}}, {"service": {"name": "PMTCT - ANC"}, "facility": {"code": 12198}}, {"service": {"name": "Early Infant Diagnosis"}, "facility": {"code": 12198}}, {"service": {"name": "Diagnostic Counselling and Testing"}, "facility": {"code": 12198}}, {"service": {"name": "Provider Initiated Counselling and Testing"}, "facility": {"code": 12198}}, {"service": {"name": "Voluntary Counselling and Testing"}, "facility": {"code": 12198}}, {"service": {"name": "Management of STIs"}, "facility": {"code": 12198}}, {"service": {"name": "Condom Promotion and Distribution"}, "facility": {"code": 12198}}, {"service": {"name": "Emergency Preparedness"}, "facility": {"code": 12223}}, {"service": {"name": "Emergency Obstetric Care"}, "facility": {"code": 12223}}, {"service": {"name": "Environmental Health Services"}, "facility": {"code": 12223}}, {"service": {"name": "Nutrition Services"}, "facility": {"code": 12223}}, {"service": {"name": "Integrated Management of Childhood Illnesses"}, "facility": {"code": 12223}}, {"service": {"name": "Curative Services"}, "facility": {"code": 12223}}, {"service": {"name": "First Line Treatment"}, "facility": {"code": 12223}}, {"service": {"name": "Basic Immunization"}, "facility": {"code": 12223}}, {"service": {"name": "Focused Antenatal Care"}, "facility": {"code": 12223}}, {"service": {"name": "Integrated Services"}, "facility": {"code": 12223}}, {"service": {"name": "Long Term FP"}, "facility": {"code": 12223}}, {"service": {"name": "Short Term FP"}, "facility": {"code": 12223}}, {"service": {"name": "PMTCT - ANC"}, "facility": {"code": 12223}}, {"service": {"name": "Diagnostic Counselling and Testing"}, "facility": {"code": 12223}}, {"service": {"name": "Provider Initiated Counselling and Testing"}, "facility": {"code": 12223}}, {"service": {"name": "Management of STIs"}, "facility": {"code": 12223}}, {"service": {"name": "Condom Promotion and Distribution"}, "facility": {"code": 12223}}, {"service": {"name": "Emergency Preparedness"}, "facility": {"code": 12642}}, {"service": {"name": "Emergency Obstetric Care"}, "facility": {"code": 12642}}, {"service": {"name": "Environmental Health Services"}, "facility": {"code": 12642}}, {"service": {"name": "Nutrition Services"}, "facility": {"code": 12642}}, {"service": {"name": "Integrated Management of Childhood Illnesses"}, "facility": {"code": 12642}}, {"service": {"name": "Laboratory Services"}, "facility": {"code": 12642}}, {"service": {"name": "Provider Initiated Counselling and Testing"}, "facility": {"code": 17114}}, {"service": {"name": "Curative Services"}, "facility": {"code": 12642}}, {"service": {"name": "Management of STIs"}, "facility": {"code": 17114}}, {"service": {"name": "Condom Promotion and Distribution"}, "facility": {"code": 17114}}, {"service": {"name": "First Line Treatment"}, "facility": {"code": 12642}}, {"service": {"name": "Smear Microscopy"}, "facility": {"code": 12642}}, {"service": {"name": "Basic Immunization"}, "facility": {"code": 12642}}, {"service": {"name": "Focused Antenatal Care"}, "facility": {"code": 12642}}, {"service": {"name": "Integrated Services"}, "facility": {"code": 12642}}, {"service": {"name": "Long Term FP"}, "facility": {"code": 12642}}, {"service": {"name": "Short Term FP"}, "facility": {"code": 12642}}, {"service": {"name": "Adult Antiretroviral Therapy"}, "facility": {"code": 12642}}, {"service": {"name": "Paediatric Antiretroviral Therapy"}, "facility": {"code": 12642}}, {"service": {"name": "Post Exposure Prophylaxis"}, "facility": {"code": 12642}}, {"service": {"name": "Voluntary Male Circumcision"}, "facility": {"code": 12642}}, {"service": {"name": "PMTCT - ANC"}, "facility": {"code": 12642}}, {"service": {"name": "Diagnostic Counselling and Testing"}, "facility": {"code": 12642}}, {"service": {"name": "Provider Initiated Counselling and Testing"}, "facility": {"code": 12642}}, {"service": {"name": "Management of STIs"}, "facility": {"code": 12642}}, {"service": {"name": "Condom Promotion and Distribution"}, "facility": {"code": 12642}}, {"service": {"name": "Environmental Health Services"}, "facility": {"code": 12239}}, {"service": {"name": "Nutrition Services"}, "facility": {"code": 12239}}, {"service": {"name": "Integrated Management of Childhood Illnesses"}, "facility": {"code": 12239}}, {"service": {"name": "Laboratory Services"}, "facility": {"code": 12239}}, {"service": {"name": "Curative Services"}, "facility": {"code": 12239}}, {"service": {"name": "First Line Treatment"}, "facility": {"code": 12239}}, {"service": {"name": "Basic Immunization"}, "facility": {"code": 12239}}, {"service": {"name": "Focused Antenatal Care"}, "facility": {"code": 12239}}, {"service": {"name": "Integrated Services"}, "facility": {"code": 12239}}, {"service": {"name": "Long Term FP"}, "facility": {"code": 12239}}, {"service": {"name": "Short Term FP"}, "facility": {"code": 12239}}, {"service": {"name": "PMTCT - ANC"}, "facility": {"code": 12239}}, {"service": {"name": "Diagnostic Counselling and Testing"}, "facility": {"code": 12239}}, {"service": {"name": "Provider Initiated Counselling and Testing"}, "facility": {"code": 12239}}, {"service": {"name": "Management of STIs"}, "facility": {"code": 12239}}, {"service": {"name": "Condom Promotion and Distribution"}, "facility": {"code": 12239}}, {"service": {"name": "Emergency Preparedness"}, "facility": {"code": 12033}}, {"service": {"name": "Emergency Obstetric Care"}, "facility": {"code": 12033}}, {"service": {"name": "Environmental Health Services"}, "facility": {"code": 12033}}, {"service": {"name": "Nutrition Services"}, "facility": {"code": 12033}}, {"service": {"name": "Integrated Management of Childhood Illnesses"}, "facility": {"code": 12033}}, {"service": {"name": "Radiology Services"}, "facility": {"code": 12033}}, {"service": {"name": "Curative Services"}, "facility": {"code": 12033}}, {"service": {"name": "First Line Treatment"}, "facility": {"code": 12033}}, {"service": {"name": "Basic Immunization"}, "facility": {"code": 12033}}, {"service": {"name": "Focused Antenatal Care"}, "facility": {"code": 12033}}, {"service": {"name": "Integrated Services"}, "facility": {"code": 12033}}, {"service": {"name": "Long Term FP"}, "facility": {"code": 12033}}, {"service": {"name": "Short Term FP"}, "facility": {"code": 12033}}, {"service": {"name": "PMTCT - ANC"}, "facility": {"code": 12033}}, {"service": {"name": "Diagnostic Counselling and Testing"}, "facility": {"code": 12033}}, {"service": {"name": "Provider Initiated Counselling and Testing"}, "facility": {"code": 12033}}, {"service": {"name": "Management of STIs"}, "facility": {"code": 12033}}, {"service": {"name": "Condom Promotion and Distribution"}, "facility": {"code": 12033}}, {"service": {"name": "Environmental Health Services"}, "facility": {"code": 12130}}, {"service": {"name": "Mental Health Services"}, "facility": {"code": 12130}}, {"service": {"name": "Nutrition Services"}, "facility": {"code": 12130}}, {"service": {"name": "Integrated Management of Childhood Illnesses"}, "facility": {"code": 12130}}, {"service": {"name": "Laboratory Services"}, "facility": {"code": 12130}}, {"service": {"name": "Curative Services"}, "facility": {"code": 12130}}, {"service": {"name": "First Line Treatment"}, "facility": {"code": 12130}}, {"service": {"name": "Smear Microscopy"}, "facility": {"code": 12130}}, {"service": {"name": "Focused Antenatal Care"}, "facility": {"code": 12130}}, {"service": {"name": "Integrated Services"}, "facility": {"code": 12130}}, {"service": {"name": "Long Term FP"}, "facility": {"code": 12130}}, {"service": {"name": "Short Term FP"}, "facility": {"code": 12130}}, {"service": {"name": "Post Exposure Prophylaxis"}, "facility": {"code": 12130}}, {"service": {"name": "PMTCT - ANC"}, "facility": {"code": 12130}}, {"service": {"name": "Diagnostic Counselling and Testing"}, "facility": {"code": 12130}}, {"service": {"name": "Management of STIs"}, "facility": {"code": 12130}}, {"service": {"name": "Condom Promotion and Distribution"}, "facility": {"code": 12130}}, {"service": {"name": "Emergency Preparedness"}, "facility": {"code": 12453}}, {"service": {"name": "Emergency Obstetric Care"}, "facility": {"code": 12453}}, {"service": {"name": "Environmental Health Services"}, "facility": {"code": 12453}}, {"service": {"name": "Mental Health Services"}, "facility": {"code": 12453}}, {"service": {"name": "Nutrition Services"}, "facility": {"code": 12453}}, {"service": {"name": "Integrated Management of Childhood Illnesses"}, "facility": {"code": 12453}}, {"service": {"name": "Radiology Services"}, "facility": {"code": 12453}}, {"service": {"name": "Curative Services"}, "facility": {"code": 12453}}, {"service": {"name": "First Line Treatment"}, "facility": {"code": 12453}}, {"service": {"name": "Basic Immunization"}, "facility": {"code": 12453}}, {"service": {"name": "Focused Antenatal Care"}, "facility": {"code": 12453}}, {"service": {"name": "Integrated Services"}, "facility": {"code": 12453}}, {"service": {"name": "Long Term FP"}, "facility": {"code": 12453}}, {"service": {"name": "Short Term FP"}, "facility": {"code": 12453}}, {"service": {"name": "Voluntary Male Circumcision"}, "facility": {"code": 12453}}, {"service": {"name": "PMTCT - ANC"}, "facility": {"code": 12453}}, {"service": {"name": "Early Infant Diagnosis"}, "facility": {"code": 12453}}, {"service": {"name": "Diagnostic Counselling and Testing"}, "facility": {"code": 12453}}, {"service": {"name": "Provider Initiated Counselling and Testing"}, "facility": {"code": 12453}}, {"service": {"name": "Management of STIs"}, "facility": {"code": 12453}}, {"service": {"name": "Condom Promotion and Distribution"}, "facility": {"code": 12453}}, {"service": {"name": "Emergency Preparedness"}, "facility": {"code": 12549}}, {"service": {"name": "Environmental Health Services"}, "facility": {"code": 12549}}, {"service": {"name": "Nutrition Services"}, "facility": {"code": 12549}}, {"service": {"name": "Integrated Management of Childhood Illnesses"}, "facility": {"code": 12549}}, {"service": {"name": "Laboratory Services"}, "facility": {"code": 12549}}, {"service": {"name": "Curative Services"}, "facility": {"code": 12549}}, {"service": {"name": "First Line Treatment"}, "facility": {"code": 12549}}, {"service": {"name": "Basic Immunization"}, "facility": {"code": 12549}}, {"service": {"name": "Focused Antenatal Care"}, "facility": {"code": 12549}}, {"service": {"name": "Integrated Services"}, "facility": {"code": 12549}}, {"service": {"name": "Long Term FP"}, "facility": {"code": 12549}}, {"service": {"name": "Short Term FP"}, "facility": {"code": 12549}}, {"service": {"name": "Post Exposure Prophylaxis"}, "facility": {"code": 12549}}, {"service": {"name": "Diagnostic Counselling and Testing"}, "facility": {"code": 12549}}, {"service": {"name": "PMTCT - ANC"}, "facility": {"code": 12549}}, {"service": {"name": "Provider Initiated Counselling and Testing"}, "facility": {"code": 12549}}, {"service": {"name": "Management of STIs"}, "facility": {"code": 12549}}, {"service": {"name": "Condom Promotion and Distribution"}, "facility": {"code": 12549}}, {"service": {"name": "ENT Services"}, "facility": {"code": 17085}}, {"service": {"name": "Short Term FP"}, "facility": {"code": 17085}}, {"service": {"name": "Condom Promotion and Distribution"}, "facility": {"code": 17085}}, {"service": {"name": "ENT Services"}, "facility": {"code": 15244}}, {"service": {"name": "Short Term FP"}, "facility": {"code": 15244}}, {"service": {"name": "Early Infant Diagnosis"}, "facility": {"code": 15244}}, {"service": {"name": "PMTCT - ANC"}, "facility": {"code": 15244}}, {"service": {"name": "Condom Promotion and Distribution"}, "facility": {"code": 15244}}, {"service": {"name": "Immunization with additional vaccines"}, "facility": {"code": 15719}}, {"service": {"name": "Mortuary Services"}, "facility": {"code": 15077}}, {"service": {"name": "Immunization with additional vaccines"}, "facility": {"code": 15077}}, {"service": {"name": "Basic Immunization"}, "facility": {"code": 15077}}, {"service": {"name": "Short Term FP"}, "facility": {"code": 15077}}, {"service": {"name": "Post Exposure Prophylaxis"}, "facility": {"code": 15077}}, {"service": {"name": "PMTCT - Maternity"}, "facility": {"code": 15077}}, {"service": {"name": "PMTCT - ANC"}, "facility": {"code": 15077}}, {"service": {"name": "Early Infant Diagnosis"}, "facility": {"code": 15077}}, {"service": {"name": "Diagnostic Counselling and Testing"}, "facility": {"code": 15077}}, {"service": {"name": "Provider Initiated Counselling and Testing"}, "facility": {"code": 15077}}, {"service": {"name": "Voluntary Counselling and Testing"}, "facility": {"code": 15077}}, {"service": {"name": "Management of STIs"}, "facility": {"code": 15077}}, {"service": {"name": "Condom Promotion and Distribution"}, "facility": {"code": 15077}}, {"service": {"name": "ENT Services"}, "facility": {"code": 14921}}, {"service": {"name": "Short Term FP"}, "facility": {"code": 14921}}, {"service": {"name": "Post Exposure Prophylaxis"}, "facility": {"code": 14921}}, {"service": {"name": "PMTCT - Maternity"}, "facility": {"code": 14921}}, {"service": {"name": "PMTCT - ANC"}, "facility": {"code": 14921}}, {"service": {"name": "Early Infant Diagnosis"}, "facility": {"code": 14921}}, {"service": {"name": "Management of STIs"}, "facility": {"code": 14921}}, {"service": {"name": "Condom Promotion and Distribution"}, "facility": {"code": 14921}}, {"service": {"name": "Immunization with additional vaccines"}, "facility": {"code": 14302}}, {"service": {"name": "Basic Immunization"}, "facility": {"code": 14302}}, {"service": {"name": "Environmental Health Services"}, "facility": {"code": 15867}}, {"service": {"name": "Opthalmic Services"}, "facility": {"code": 15867}}, {"service": {"name": "Nutrition Services"}, "facility": {"code": 15867}}, {"service": {"name": "Integrated Management of Childhood Illnesses"}, "facility": {"code": 15867}}, {"service": {"name": "Curative Services"}, "facility": {"code": 15867}}, {"service": {"name": "Basic Immunization"}, "facility": {"code": 15867}}, {"service": {"name": "Focused Antenatal Care"}, "facility": {"code": 15867}}, {"service": {"name": "Long Term FP"}, "facility": {"code": 15867}}, {"service": {"name": "PMTCT - ANC"}, "facility": {"code": 15867}}, {"service": {"name": "Diagnostic Counselling and Testing"}, "facility": {"code": 15867}}, {"service": {"name": "Voluntary Counselling and Testing"}, "facility": {"code": 15867}}, {"service": {"name": "Condom Promotion and Distribution"}, "facility": {"code": 15867}}, {"service": {"name": "Environmental Health Services"}, "facility": {"code": 15887}}, {"service": {"name": "Nutrition Services"}, "facility": {"code": 15887}}, {"service": {"name": "Curative Services"}, "facility": {"code": 15887}}, {"service": {"name": "Basic Immunization"}, "facility": {"code": 15887}}, {"service": {"name": "Short Term FP"}, "facility": {"code": 15887}}, {"service": {"name": "Paediatric Antiretroviral Therapy"}, "facility": {"code": 15887}}, {"service": {"name": "Post Exposure Prophylaxis"}, "facility": {"code": 15887}}, {"service": {"name": "PMTCT - Maternity"}, "facility": {"code": 15887}}, {"service": {"name": "PMTCT - ANC"}, "facility": {"code": 15887}}, {"service": {"name": "Diagnostic Counselling and Testing"}, "facility": {"code": 15887}}, {"service": {"name": "Provider Initiated Counselling and Testing"}, "facility": {"code": 15887}}, {"service": {"name": "Voluntary Counselling and Testing"}, "facility": {"code": 15887}}, {"service": {"name": "Condom Promotion and Distribution"}, "facility": {"code": 15887}}, {"service": {"name": "Curative Services"}, "facility": {"code": 17112}}, {"service": {"name": "Long Term FP"}, "facility": {"code": 17112}}, {"service": {"name": "Voluntary Male Circumcision"}, "facility": {"code": 17112}}, {"service": {"name": "Diagnostic Counselling and Testing"}, "facility": {"code": 17112}}, {"service": {"name": "Provider Initiated Counselling and Testing"}, "facility": {"code": 17112}}, {"service": {"name": "Voluntary Counselling and Testing"}, "facility": {"code": 17112}}, {"service": {"name": "Management of STIs"}, "facility": {"code": 17112}}, {"service": {"name": "Condom Promotion and Distribution"}, "facility": {"code": 17112}}, {"service": {"name": "Immunization with additional vaccines"}, "facility": {"code": 13456}}, {"service": {"name": "Basic Immunization"}, "facility": {"code": 13456}}, {"service": {"name": "Focused Antenatal Care"}, "facility": {"code": 13456}}, {"service": {"name": "Condom Promotion and Distribution"}, "facility": {"code": 13456}}, {"service": {"name": "Management of STIs"}, "facility": {"code": 13456}}, {"service": {"name": "Provider Initiated Counselling and Testing"}, "facility": {"code": 13456}}, {"service": {"name": "Long Term FP"}, "facility": {"code": 13456}}, {"service": {"name": "Short Term FP"}, "facility": {"code": 13456}}, {"service": {"name": "Home Based Care"}, "facility": {"code": 13456}}, {"service": {"name": "PMTCT - Maternity"}, "facility": {"code": 13456}}, {"service": {"name": "PMTCT - ANC"}, "facility": {"code": 13456}}, {"service": {"name": "Diagnostic Counselling and Testing"}, "facility": {"code": 13456}}, {"service": {"name": "Facility Based Blood Transfusion Service"}, "facility": {"code": 13423}}, {"service": {"name": "Facility Based Blood Collection Service"}, "facility": {"code": 13423}}, {"service": {"name": "Specialized ANC"}, "facility": {"code": 13423}}, {"service": {"name": "Basic Immunization"}, "facility": {"code": 13423}}, {"service": {"name": "First Line Treatment"}, "facility": {"code": 13423}}, {"service": {"name": "Tuberculosis Culture"}, "facility": {"code": 13423}}, {"service": {"name": "Smear Microscopy"}, "facility": {"code": 13423}}, {"service": {"name": "Focused Antenatal Care"}, "facility": {"code": 13423}}, {"service": {"name": "Long Term FP"}, "facility": {"code": 13423}}, {"service": {"name": "Short Term FP"}, "facility": {"code": 13423}}, {"service": {"name": "Adult Antiretroviral Therapy"}, "facility": {"code": 13423}}, {"service": {"name": "Paediatric Antiretroviral Therapy"}, "facility": {"code": 13423}}, {"service": {"name": "Condom Promotion and Distribution"}, "facility": {"code": 13423}}, {"service": {"name": "Management of STIs"}, "facility": {"code": 13423}}, {"service": {"name": "Post Exposure Prophylaxis"}, "facility": {"code": 13423}}, {"service": {"name": "PMTCT - Maternity"}, "facility": {"code": 13423}}, {"service": {"name": "PMTCT - ANC"}, "facility": {"code": 13423}}, {"service": {"name": "Diagnostic Counselling and Testing"}, "facility": {"code": 13423}}, {"service": {"name": "Provider Initiated Counselling and Testing"}, "facility": {"code": 13423}}, {"service": {"name": "Voluntary Counselling and Testing"}, "facility": {"code": 13423}}, {"service": {"name": "Basic Immunization"}, "facility": {"code": 13294}}, {"service": {"name": "Focused Antenatal Care"}, "facility": {"code": 13294}}, {"service": {"name": "Post Exposure Prophylaxis"}, "facility": {"code": 13294}}, {"service": {"name": "PMTCT - Maternity"}, "facility": {"code": 13294}}, {"service": {"name": "PMTCT - ANC"}, "facility": {"code": 13294}}, {"service": {"name": "Diagnostic Counselling and Testing"}, "facility": {"code": 13294}}, {"service": {"name": "Provider Initiated Counselling and Testing"}, "facility": {"code": 13294}}, {"service": {"name": "Management of STIs"}, "facility": {"code": 13294}}, {"service": {"name": "Condom Promotion and Distribution"}, "facility": {"code": 13294}}, {"service": {"name": "Emergency Preparedness"}, "facility": {"code": 13455}}, {"service": {"name": "Emergency Obstetric Care"}, "facility": {"code": 13455}}, {"service": {"name": "Maternity Services"}, "facility": {"code": 13455}}, {"service": {"name": "Curative Services"}, "facility": {"code": 13455}}, {"service": {"name": "Basic Immunization"}, "facility": {"code": 13455}}, {"service": {"name": "Focused Antenatal Care"}, "facility": {"code": 13455}}, {"service": {"name": "Long Term FP"}, "facility": {"code": 13455}}, {"service": {"name": "Short Term FP"}, "facility": {"code": 13455}}, {"service": {"name": "PMTCT - Maternity"}, "facility": {"code": 13455}}, {"service": {"name": "Diagnostic Counselling and Testing"}, "facility": {"code": 13455}}, {"service": {"name": "Provider Initiated Counselling and Testing"}, "facility": {"code": 13455}}, {"service": {"name": "Management of STIs"}, "facility": {"code": 13455}}, {"service": {"name": "Condom Promotion and Distribution"}, "facility": {"code": 13455}}, {"service": {"name": "Curative Services"}, "facility": {"code": 10297}}, {"service": {"name": "Maternity Services"}, "facility": {"code": 16444}}, {"service": {"name": "Curative Services"}, "facility": {"code": 16444}}, {"service": {"name": "Focused Antenatal Care"}, "facility": {"code": 16444}}, {"service": {"name": "Short Term FP"}, "facility": {"code": 16444}}, {"service": {"name": "PMTCT - Maternity"}, "facility": {"code": 16444}}, {"service": {"name": "PMTCT - ANC"}, "facility": {"code": 16444}}, {"service": {"name": "Diagnostic Counselling and Testing"}, "facility": {"code": 16444}}, {"service": {"name": "Provider Initiated Counselling and Testing"}, "facility": {"code": 16444}}, {"service": {"name": "Management of STIs"}, "facility": {"code": 16444}}, {"service": {"name": "Condom Promotion and Distribution"}, "facility": {"code": 16444}}, {"service": {"name": "Emergency Obstetric Care"}, "facility": {"code": 13388}}, {"service": {"name": "Basic Immunization"}, "facility": {"code": 13388}}, {"service": {"name": "Focused Antenatal Care"}, "facility": {"code": 13388}}, {"service": {"name": "Long Term FP"}, "facility": {"code": 13388}}, {"service": {"name": "Short Term FP"}, "facility": {"code": 13388}}, {"service": {"name": "PMTCT - Maternity"}, "facility": {"code": 13388}}, {"service": {"name": "PMTCT - ANC"}, "facility": {"code": 13388}}, {"service": {"name": "Diagnostic Counselling and Testing"}, "facility": {"code": 13388}}, {"service": {"name": "Provider Initiated Counselling and Testing"}, "facility": {"code": 13388}}, {"service": {"name": "Management of STIs"}, "facility": {"code": 13388}}, {"service": {"name": "Condom Promotion and Distribution"}, "facility": {"code": 13388}}, {"service": {"name": "Emergency Preparedness"}, "facility": {"code": 15925}}, {"service": {"name": "ENT Services"}, "facility": {"code": 15925}}, {"service": {"name": "Oral Health Services (Dental Services)"}, "facility": {"code": 15925}}, {"service": {"name": "Emergency Obstetric Care"}, "facility": {"code": 15925}}, {"service": {"name": "Environmental Health Services"}, "facility": {"code": 15925}}, {"service": {"name": "Mental Health Services"}, "facility": {"code": 15925}}, {"service": {"name": "Opthalmic Services"}, "facility": {"code": 15925}}, {"service": {"name": "Nutrition Services"}, "facility": {"code": 15925}}, {"service": {"name": "Integrated Management of Childhood Illnesses"}, "facility": {"code": 15925}}, {"service": {"name": "Laboratory Services"}, "facility": {"code": 15925}}, {"service": {"name": "Surgical Services"}, "facility": {"code": 15925}}, {"service": {"name": "Maternity Services"}, "facility": {"code": 15925}}, {"service": {"name": "Curative Services"}, "facility": {"code": 15925}}, {"service": {"name": "First Line Treatment"}, "facility": {"code": 15925}}, {"service": {"name": "Smear Microscopy"}, "facility": {"code": 15925}}, {"service": {"name": "Basic Immunization"}, "facility": {"code": 15925}}, {"service": {"name": "Focused Antenatal Care"}, "facility": {"code": 15925}}, {"service": {"name": "Integrated Services"}, "facility": {"code": 15925}}, {"service": {"name": "Long Term FP"}, "facility": {"code": 15925}}, {"service": {"name": "Short Term FP"}, "facility": {"code": 15925}}, {"service": {"name": "Home Based Care"}, "facility": {"code": 15925}}, {"service": {"name": "Adult Antiretroviral Therapy"}, "facility": {"code": 15925}}, {"service": {"name": "Paediatric Antiretroviral Therapy"}, "facility": {"code": 15925}}, {"service": {"name": "PMTCT - Maternity"}, "facility": {"code": 15925}}, {"service": {"name": "Provider Initiated Counselling and Testing"}, "facility": {"code": 15925}}, {"service": {"name": "Voluntary Counselling and Testing"}, "facility": {"code": 15925}}, {"service": {"name": "Voluntary Male Circumcision"}, "facility": {"code": 15925}}, {"service": {"name": "Early Infant Diagnosis"}, "facility": {"code": 15925}}, {"service": {"name": "Diagnostic Counselling and Testing"}, "facility": {"code": 15925}}, {"service": {"name": "Management of STIs"}, "facility": {"code": 15925}}, {"service": {"name": "Post Exposure Prophylaxis"}, "facility": {"code": 15925}}, {"service": {"name": "PMTCT - ANC"}, "facility": {"code": 15925}}, {"service": {"name": "Condom Promotion and Distribution"}, "facility": {"code": 15925}}, {"service": {"name": "Emergency Preparedness"}, "facility": {"code": 13335}}, {"service": {"name": "Emergency Obstetric Care"}, "facility": {"code": 13335}}, {"service": {"name": "Smear Microscopy"}, "facility": {"code": 13335}}, {"service": {"name": "Immunization with additional vaccines"}, "facility": {"code": 13335}}, {"service": {"name": "Specialized ANC"}, "facility": {"code": 13335}}, {"service": {"name": "Focused Antenatal Care"}, "facility": {"code": 13335}}, {"service": {"name": "Short Term FP"}, "facility": {"code": 13335}}, {"service": {"name": "Management of STIs"}, "facility": {"code": 13335}}, {"service": {"name": "Provider Initiated Counselling and Testing"}, "facility": {"code": 13335}}, {"service": {"name": "Emergency Obstetric Care"}, "facility": {"code": 13310}}, {"service": {"name": "Focused Antenatal Care"}, "facility": {"code": 13310}}, {"service": {"name": "Long Term FP"}, "facility": {"code": 13310}}, {"service": {"name": "Short Term FP"}, "facility": {"code": 13310}}, {"service": {"name": "PMTCT - Maternity"}, "facility": {"code": 13310}}, {"service": {"name": "Diagnostic Counselling and Testing"}, "facility": {"code": 13310}}, {"service": {"name": "Provider Initiated Counselling and Testing"}, "facility": {"code": 13310}}, {"service": {"name": "Management of STIs"}, "facility": {"code": 13310}}, {"service": {"name": "Condom Promotion and Distribution"}, "facility": {"code": 13310}}, {"service": {"name": "PMTCT - ANC"}, "facility": {"code": 13310}}, {"service": {"name": "Basic Immunization"}, "facility": {"code": 13310}}, {"service": {"name": "Maternity Services"}, "facility": {"code": 13310}}, {"service": {"name": "Curative Services"}, "facility": {"code": 13310}}, {"service": {"name": "Emergency Preparedness"}, "facility": {"code": 15924}}, {"service": {"name": "Services for Sexual Violence Survivors"}, "facility": {"code": 15924}}, {"service": {"name": "Integrated Management of Childhood Illnesses"}, "facility": {"code": 15924}}, {"service": {"name": "Laboratory Services"}, "facility": {"code": 15924}}, {"service": {"name": "Maternity Services"}, "facility": {"code": 15924}}, {"service": {"name": "Environmental Health Services"}, "facility": {"code": 15924}}, {"service": {"name": "Mental Health Services"}, "facility": {"code": 15924}}, {"service": {"name": "Opthalmic Services"}, "facility": {"code": 15924}}, {"service": {"name": "Surgical Services"}, "facility": {"code": 15924}}, {"service": {"name": "Curative Services"}, "facility": {"code": 15924}}, {"service": {"name": "Basic Immunization"}, "facility": {"code": 15924}}, {"service": {"name": "Focused Antenatal Care"}, "facility": {"code": 15924}}, {"service": {"name": "Long Term FP"}, "facility": {"code": 15924}}, {"service": {"name": "Short Term FP"}, "facility": {"code": 15924}}, {"service": {"name": "Management of STIs"}, "facility": {"code": 15924}}, {"service": {"name": "Diagnostic Counselling and Testing"}, "facility": {"code": 15924}}, {"service": {"name": "PMTCT - Maternity"}, "facility": {"code": 15924}}, {"service": {"name": "PMTCT - ANC"}, "facility": {"code": 15924}}, {"service": {"name": "Early Infant Diagnosis"}, "facility": {"code": 15924}}, {"service": {"name": "Provider Initiated Counselling and Testing"}, "facility": {"code": 15924}}, {"service": {"name": "Condom Promotion and Distribution"}, "facility": {"code": 15924}}, {"service": {"name": "Emergency Preparedness"}, "facility": {"code": 15923}}, {"service": {"name": "ENT Services"}, "facility": {"code": 15923}}, {"service": {"name": "Oral Health Services (Dental Services)"}, "facility": {"code": 15923}}, {"service": {"name": "Emergency Obstetric Care"}, "facility": {"code": 15923}}, {"service": {"name": "Maternity Services"}, "facility": {"code": 15923}}, {"service": {"name": "Environmental Health Services"}, "facility": {"code": 15923}}, {"service": {"name": "Mental Health Services"}, "facility": {"code": 15923}}, {"service": {"name": "Opthalmic Services"}, "facility": {"code": 15923}}, {"service": {"name": "Nutrition Services"}, "facility": {"code": 15923}}, {"service": {"name": "Integrated Management of Childhood Illnesses"}, "facility": {"code": 15923}}, {"service": {"name": "Laboratory Services"}, "facility": {"code": 15923}}, {"service": {"name": "Surgical Services"}, "facility": {"code": 15923}}, {"service": {"name": "Curative Services"}, "facility": {"code": 15923}}, {"service": {"name": "First Line Treatment"}, "facility": {"code": 15923}}, {"service": {"name": "Smear Microscopy"}, "facility": {"code": 15923}}, {"service": {"name": "Basic Immunization"}, "facility": {"code": 15923}}, {"service": {"name": "Focused Antenatal Care"}, "facility": {"code": 15923}}, {"service": {"name": "Integrated Services"}, "facility": {"code": 15923}}, {"service": {"name": "Long Term FP"}, "facility": {"code": 15923}}, {"service": {"name": "Short Term FP"}, "facility": {"code": 15923}}, {"service": {"name": "Home Based Care"}, "facility": {"code": 15923}}, {"service": {"name": "PMTCT - Maternity"}, "facility": {"code": 15923}}, {"service": {"name": "Post Exposure Prophylaxis"}, "facility": {"code": 15923}}, {"service": {"name": "Voluntary Male Circumcision"}, "facility": {"code": 15923}}, {"service": {"name": "PMTCT - ANC"}, "facility": {"code": 15923}}, {"service": {"name": "Early Infant Diagnosis"}, "facility": {"code": 15923}}, {"service": {"name": "Diagnostic Counselling and Testing"}, "facility": {"code": 15923}}, {"service": {"name": "Provider Initiated Counselling and Testing"}, "facility": {"code": 15923}}, {"service": {"name": "Voluntary Counselling and Testing"}, "facility": {"code": 15923}}, {"service": {"name": "Management of STIs"}, "facility": {"code": 15923}}, {"service": {"name": "Condom Promotion and Distribution"}, "facility": {"code": 15923}}, {"service": {"name": "Curative Services"}, "facility": {"code": 17111}}, {"service": {"name": "Focused Antenatal Care"}, "facility": {"code": 17111}}, {"service": {"name": "Condom Promotion and Distribution"}, "facility": {"code": 17111}}, {"service": {"name": "Curative Services"}, "facility": {"code": 17110}}, {"service": {"name": "Focused Antenatal Care"}, "facility": {"code": 17110}}, {"service": {"name": "Short Term FP"}, "facility": {"code": 17110}}, {"service": {"name": "Condom Promotion and Distribution"}, "facility": {"code": 17110}}, {"service": {"name": "Emergency Obstetric Care"}, "facility": {"code": 14106}}, {"service": {"name": "Laboratory Services"}, "facility": {"code": 14106}}, {"service": {"name": "Surgical Services"}, "facility": {"code": 14106}}, {"service": {"name": "Maternity Services"}, "facility": {"code": 14106}}, {"service": {"name": "Curative Services"}, "facility": {"code": 14106}}, {"service": {"name": "First Line Treatment"}, "facility": {"code": 15922}}, {"service": {"name": "Smear Microscopy"}, "facility": {"code": 15922}}, {"service": {"name": "First Line Treatment"}, "facility": {"code": 14106}}, {"service": {"name": "Smear Microscopy"}, "facility": {"code": 14106}}, {"service": {"name": "Basic Immunization"}, "facility": {"code": 15922}}, {"service": {"name": "Basic Immunization"}, "facility": {"code": 14106}}, {"service": {"name": "Focused Antenatal Care"}, "facility": {"code": 15922}}, {"service": {"name": "Focused Antenatal Care"}, "facility": {"code": 14106}}, {"service": {"name": "Integrated Services"}, "facility": {"code": 14106}}, {"service": {"name": "Integrated Services"}, "facility": {"code": 15922}}, {"service": {"name": "Long Term FP"}, "facility": {"code": 15922}}, {"service": {"name": "Short Term FP"}, "facility": {"code": 15922}}, {"service": {"name": "Adult Antiretroviral Therapy"}, "facility": {"code": 14106}}, {"service": {"name": "Home Based Care"}, "facility": {"code": 15922}}, {"service": {"name": "Paediatric Antiretroviral Therapy"}, "facility": {"code": 14106}}, {"service": {"name": "PMTCT - Maternity"}, "facility": {"code": 14106}}, {"service": {"name": "PMTCT - ANC"}, "facility": {"code": 14106}}, {"service": {"name": "Diagnostic Counselling and Testing"}, "facility": {"code": 15922}}, {"service": {"name": "Provider Initiated Counselling and Testing"}, "facility": {"code": 15922}}, {"service": {"name": "PMTCT - Maternity"}, "facility": {"code": 15922}}, {"service": {"name": "PMTCT - ANC"}, "facility": {"code": 15922}}, {"service": {"name": "Early Infant Diagnosis"}, "facility": {"code": 15922}}, {"service": {"name": "Voluntary Counselling and Testing"}, "facility": {"code": 15922}}, {"service": {"name": "Early Infant Diagnosis"}, "facility": {"code": 14106}}, {"service": {"name": "Post Exposure Prophylaxis"}, "facility": {"code": 15922}}, {"service": {"name": "Voluntary Male Circumcision"}, "facility": {"code": 15922}}, {"service": {"name": "Provider Initiated Counselling and Testing"}, "facility": {"code": 14106}}, {"service": {"name": "Management of STIs"}, "facility": {"code": 15922}}, {"service": {"name": "Voluntary Counselling and Testing"}, "facility": {"code": 14106}}, {"service": {"name": "Management of STIs"}, "facility": {"code": 14106}}, {"service": {"name": "Condom Promotion and Distribution"}, "facility": {"code": 15922}}, {"service": {"name": "Emergency Preparedness"}, "facility": {"code": 15922}}, {"service": {"name": "ENT Services"}, "facility": {"code": 15922}}, {"service": {"name": "Oral Health Services (Dental Services)"}, "facility": {"code": 15922}}, {"service": {"name": "Emergency Obstetric Care"}, "facility": {"code": 15922}}, {"service": {"name": "Integrated Management of Childhood Illnesses"}, "facility": {"code": 15922}}, {"service": {"name": "Environmental Health Services"}, "facility": {"code": 15922}}, {"service": {"name": "Mental Health Services"}, "facility": {"code": 15922}}, {"service": {"name": "Opthalmic Services"}, "facility": {"code": 15922}}, {"service": {"name": "Nutrition Services"}, "facility": {"code": 15922}}, {"service": {"name": "Laboratory Services"}, "facility": {"code": 15922}}, {"service": {"name": "Surgical Services"}, "facility": {"code": 15922}}, {"service": {"name": "Maternity Services"}, "facility": {"code": 15922}}, {"service": {"name": "Curative Services"}, "facility": {"code": 15922}}, {"service": {"name": "Curative Services"}, "facility": {"code": 13654}}, {"service": {"name": "Basic Immunization"}, "facility": {"code": 13654}}, {"service": {"name": "Focused Antenatal Care"}, "facility": {"code": 13654}}, {"service": {"name": "Short Term FP"}, "facility": {"code": 13654}}, {"service": {"name": "PMTCT - ANC"}, "facility": {"code": 13654}}], "unique_fields": ["facility", "service"], "model": "facilities.FacilityService"}]