[{"records": [{"service": {"name": "Provider Initiated Counselling and Testing"}, "facility": {"code": 13654}}, {"service": {"name": "Management of STIs"}, "facility": {"code": 13654}}, {"service": {"name": "Condom Promotion and Distribution"}, "facility": {"code": 13654}}, {"service": {"name": "Laboratory Services"}, "facility": {"code": 13637}}, {"service": {"name": "Curative Services"}, "facility": {"code": 13637}}, {"service": {"name": "Basic Immunization"}, "facility": {"code": 13637}}, {"service": {"name": "Focused Antenatal Care"}, "facility": {"code": 13637}}, {"service": {"name": "Short Term FP"}, "facility": {"code": 13637}}, {"service": {"name": "PMTCT - ANC"}, "facility": {"code": 13637}}, {"service": {"name": "Voluntary Counselling and Testing"}, "facility": {"code": 13637}}, {"service": {"name": "Management of STIs"}, "facility": {"code": 13637}}, {"service": {"name": "Condom Promotion and Distribution"}, "facility": {"code": 13637}}, {"service": {"name": "Maternity Services"}, "facility": {"code": 13923}}, {"service": {"name": "Curative Services"}, "facility": {"code": 13923}}, {"service": {"name": "First Line Treatment"}, "facility": {"code": 13923}}, {"service": {"name": "Smear Microscopy"}, "facility": {"code": 13923}}, {"service": {"name": "Basic Immunization"}, "facility": {"code": 13923}}, {"service": {"name": "Focused Antenatal Care"}, "facility": {"code": 13923}}, {"service": {"name": "Integrated Services"}, "facility": {"code": 13923}}, {"service": {"name": "Short Term FP"}, "facility": {"code": 13923}}, {"service": {"name": "Adult Antiretroviral Therapy"}, "facility": {"code": 13923}}, {"service": {"name": "PMTCT - ANC"}, "facility": {"code": 13923}}, {"service": {"name": "Provider Initiated Counselling and Testing"}, "facility": {"code": 13923}}, {"service": {"name": "Management of STIs"}, "facility": {"code": 13923}}, {"service": {"name": "Condom Promotion and Distribution"}, "facility": {"code": 13923}}, {"service": {"name": "PMTCT - Maternity"}, "facility": {"code": 14105}}, {"service": {"name": "Maternity Services"}, "facility": {"code": 14105}}, {"service": {"name": "Laboratory Services"}, "facility": {"code": 14105}}, {"service": {"name": "Curative Services"}, "facility": {"code": 14105}}, {"service": {"name": "Basic Immunization"}, "facility": {"code": 14105}}, {"service": {"name": "Integrated Services"}, "facility": {"code": 14105}}, {"service": {"name": "Focused Antenatal Care"}, "facility": {"code": 14105}}, {"service": {"name": "ENT Services"}, "facility": {"code": 15920}}, {"service": {"name": "Oral Health Services (Dental Services)"}, "facility": {"code": 15920}}, {"service": {"name": "Short Term FP"}, "facility": {"code": 14105}}, {"service": {"name": "Emergency Obstetric Care"}, "facility": {"code": 15920}}, {"service": {"name": "PMTCT - ANC"}, "facility": {"code": 14105}}, {"service": {"name": "Mental Health Services"}, "facility": {"code": 15920}}, {"service": {"name": "Integrated Management of Childhood Illnesses"}, "facility": {"code": 15920}}, {"service": {"name": "Maternity Services"}, "facility": {"code": 15920}}, {"service": {"name": "Provider Initiated Counselling and Testing"}, "facility": {"code": 14105}}, {"service": {"name": "Environmental Health Services"}, "facility": {"code": 15920}}, {"service": {"name": "Management of STIs"}, "facility": {"code": 14105}}, {"service": {"name": "Opthalmic Services"}, "facility": {"code": 15920}}, {"service": {"name": "Nutrition Services"}, "facility": {"code": 15920}}, {"service": {"name": "Laboratory Services"}, "facility": {"code": 15920}}, {"service": {"name": "Condom Promotion and Distribution"}, "facility": {"code": 14105}}, {"service": {"name": "Surgical Services"}, "facility": {"code": 15920}}, {"service": {"name": "Curative Services"}, "facility": {"code": 15920}}, {"service": {"name": "First Line Treatment"}, "facility": {"code": 15920}}, {"service": {"name": "Smear Microscopy"}, "facility": {"code": 15920}}, {"service": {"name": "Immunization with additional vaccines"}, "facility": {"code": 15920}}, {"service": {"name": "Basic Immunization"}, "facility": {"code": 15920}}, {"service": {"name": "Focused Antenatal Care"}, "facility": {"code": 15920}}, {"service": {"name": "Integrated Services"}, "facility": {"code": 15920}}, {"service": {"name": "Long Term FP"}, "facility": {"code": 15920}}, {"service": {"name": "Short Term FP"}, "facility": {"code": 15920}}, {"service": {"name": "Home Based Care"}, "facility": {"code": 15920}}, {"service": {"name": "Adult Antiretroviral Therapy"}, "facility": {"code": 15920}}, {"service": {"name": "Paediatric Antiretroviral Therapy"}, "facility": {"code": 15920}}, {"service": {"name": "Post Exposure Prophylaxis"}, "facility": {"code": 15920}}, {"service": {"name": "Voluntary Male Circumcision"}, "facility": {"code": 15920}}, {"service": {"name": "PMTCT - Maternity"}, "facility": {"code": 15920}}, {"service": {"name": "PMTCT - ANC"}, "facility": {"code": 15920}}, {"service": {"name": "Early Infant Diagnosis"}, "facility": {"code": 15920}}, {"service": {"name": "Diagnostic Counselling and Testing"}, "facility": {"code": 15920}}, {"service": {"name": "Provider Initiated Counselling and Testing"}, "facility": {"code": 15920}}, {"service": {"name": "Voluntary Counselling and Testing"}, "facility": {"code": 15920}}, {"service": {"name": "Management of STIs"}, "facility": {"code": 15920}}, {"service": {"name": "Condom Promotion and Distribution"}, "facility": {"code": 15920}}, {"service": {"name": "Curative Services"}, "facility": {"code": 13730}}, {"service": {"name": "Curative Services"}, "facility": {"code": 14027}}, {"service": {"name": "First Line Treatment"}, "facility": {"code": 15919}}, {"service": {"name": "Basic Immunization"}, "facility": {"code": 14027}}, {"service": {"name": "Smear Microscopy"}, "facility": {"code": 15919}}, {"service": {"name": "Focused Antenatal Care"}, "facility": {"code": 14027}}, {"service": {"name": "Integrated Services"}, "facility": {"code": 14027}}, {"service": {"name": "Short Term FP"}, "facility": {"code": 14027}}, {"service": {"name": "PMTCT - ANC"}, "facility": {"code": 14027}}, {"service": {"name": "Basic Immunization"}, "facility": {"code": 15919}}, {"service": {"name": "Provider Initiated Counselling and Testing"}, "facility": {"code": 14027}}, {"service": {"name": "Focused Antenatal Care"}, "facility": {"code": 15919}}, {"service": {"name": "Management of STIs"}, "facility": {"code": 14027}}, {"service": {"name": "Condom Promotion and Distribution"}, "facility": {"code": 14027}}, {"service": {"name": "Long Term FP"}, "facility": {"code": 15919}}, {"service": {"name": "Short Term FP"}, "facility": {"code": 15919}}, {"service": {"name": "Early Infant Diagnosis"}, "facility": {"code": 15919}}, {"service": {"name": "PMTCT - Maternity"}, "facility": {"code": 15919}}, {"service": {"name": "Provider Initiated Counselling and Testing"}, "facility": {"code": 15919}}, {"service": {"name": "Condom Promotion and Distribution"}, "facility": {"code": 15919}}, {"service": {"name": "PMTCT - ANC"}, "facility": {"code": 15919}}, {"service": {"name": "Diagnostic Counselling and Testing"}, "facility": {"code": 15919}}, {"service": {"name": "Management of STIs"}, "facility": {"code": 15919}}, {"service": {"name": "Integrated Management of Childhood Illnesses"}, "facility": {"code": 15919}}, {"service": {"name": "Environmental Health Services"}, "facility": {"code": 15919}}, {"service": {"name": "Laboratory Services"}, "facility": {"code": 15919}}, {"service": {"name": "Surgical Services"}, "facility": {"code": 15919}}, {"service": {"name": "Curative Services"}, "facility": {"code": 15919}}, {"service": {"name": "Laboratory Services"}, "facility": {"code": 13807}}, {"service": {"name": "Curative Services"}, "facility": {"code": 13807}}, {"service": {"name": "First Line Treatment"}, "facility": {"code": 13807}}, {"service": {"name": "Smear Microscopy"}, "facility": {"code": 13807}}, {"service": {"name": "Basic Immunization"}, "facility": {"code": 13807}}, {"service": {"name": "Focused Antenatal Care"}, "facility": {"code": 13807}}, {"service": {"name": "Integrated Services"}, "facility": {"code": 13807}}, {"service": {"name": "Short Term FP"}, "facility": {"code": 13807}}, {"service": {"name": "Adult Antiretroviral Therapy"}, "facility": {"code": 13807}}, {"service": {"name": "Paediatric Antiretroviral Therapy"}, "facility": {"code": 13807}}, {"service": {"name": "PMTCT - ANC"}, "facility": {"code": 13807}}, {"service": {"name": "Provider Initiated Counselling and Testing"}, "facility": {"code": 13807}}, {"service": {"name": "Management of STIs"}, "facility": {"code": 13807}}, {"service": {"name": "Condom Promotion and Distribution"}, "facility": {"code": 13807}}, {"service": {"name": "Emergency Preparedness"}, "facility": {"code": 12730}}, {"service": {"name": "Dental Laboratory Services"}, "facility": {"code": 12730}}, {"service": {"name": "Oral Health Services (Dental Services)"}, "facility": {"code": 12730}}, {"service": {"name": "Emergency Obstetric Care"}, "facility": {"code": 12730}}, {"service": {"name": "Opthalmic Services"}, "facility": {"code": 12730}}, {"service": {"name": "Environmental Health Services"}, "facility": {"code": 12730}}, {"service": {"name": "Rehabilitative Health Services - Physiotherapy"}, "facility": {"code": 12730}}, {"service": {"name": "Services for Sexual Violence Survivors"}, "facility": {"code": 12730}}, {"service": {"name": "Mental Health Services"}, "facility": {"code": 12730}}, {"service": {"name": "Nutrition Services"}, "facility": {"code": 12730}}, {"service": {"name": "Integrated Management of Childhood Illnesses"}, "facility": {"code": 12730}}, {"service": {"name": "Ambulance Sevices"}, "facility": {"code": 12730}}, {"service": {"name": "Laboratory Services"}, "facility": {"code": 12730}}, {"service": {"name": "Radiology Services"}, "facility": {"code": 12730}}, {"service": {"name": "Surgical Services"}, "facility": {"code": 12730}}, {"service": {"name": "Maternity Services"}, "facility": {"code": 12730}}, {"service": {"name": "Curative Services"}, "facility": {"code": 12730}}, {"service": {"name": "Laboratory Services"}, "facility": {"code": 14020}}, {"service": {"name": "Curative Services"}, "facility": {"code": 14020}}, {"service": {"name": "First Line Treatment"}, "facility": {"code": 14020}}, {"service": {"name": "Smear Microscopy"}, "facility": {"code": 14020}}, {"service": {"name": "Basic Immunization"}, "facility": {"code": 14020}}, {"service": {"name": "Focused Antenatal Care"}, "facility": {"code": 14020}}, {"service": {"name": "Integrated Services"}, "facility": {"code": 14020}}, {"service": {"name": "Short Term FP"}, "facility": {"code": 14020}}, {"service": {"name": "Adult Antiretroviral Therapy"}, "facility": {"code": 14020}}, {"service": {"name": "Permanent FP"}, "facility": {"code": 12730}}, {"service": {"name": "Short Term FP"}, "facility": {"code": 12730}}, {"service": {"name": "PMTCT - ANC"}, "facility": {"code": 14020}}, {"service": {"name": "Provider Initiated Counselling and Testing"}, "facility": {"code": 14020}}, {"service": {"name": "Post Exposure Prophylaxis"}, "facility": {"code": 12730}}, {"service": {"name": "PMTCT - Maternity"}, "facility": {"code": 12730}}, {"service": {"name": "PMTCT - ANC"}, "facility": {"code": 12730}}, {"service": {"name": "Management of STIs"}, "facility": {"code": 14020}}, {"service": {"name": "Condom Promotion and Distribution"}, "facility": {"code": 14020}}, {"service": {"name": "Diagnostic Counselling and Testing"}, "facility": {"code": 12730}}, {"service": {"name": "Provider Initiated Counselling and Testing"}, "facility": {"code": 12730}}, {"service": {"name": "Management of STIs"}, "facility": {"code": 12730}}, {"service": {"name": "Condom Promotion and Distribution"}, "facility": {"code": 12730}}, {"service": {"name": "Curative Services"}, "facility": {"code": 13689}}, {"service": {"name": "Focused Antenatal Care"}, "facility": {"code": 13689}}, {"service": {"name": "Basic Immunization"}, "facility": {"code": 13689}}, {"service": {"name": "Short Term FP"}, "facility": {"code": 13689}}, {"service": {"name": "PMTCT - ANC"}, "facility": {"code": 13689}}, {"service": {"name": "Provider Initiated Counselling and Testing"}, "facility": {"code": 13689}}, {"service": {"name": "Management of STIs"}, "facility": {"code": 13689}}, {"service": {"name": "Condom Promotion and Distribution"}, "facility": {"code": 13689}}, {"service": {"name": "Emergency Obstetric Care"}, "facility": {"code": 13808}}, {"service": {"name": "Laboratory Services"}, "facility": {"code": 13808}}, {"service": {"name": "Maternity Services"}, "facility": {"code": 13808}}, {"service": {"name": "Curative Services"}, "facility": {"code": 13808}}, {"service": {"name": "Basic Immunization"}, "facility": {"code": 13808}}, {"service": {"name": "Focused Antenatal Care"}, "facility": {"code": 13808}}, {"service": {"name": "Integrated Services"}, "facility": {"code": 13808}}, {"service": {"name": "Adult Antiretroviral Therapy"}, "facility": {"code": 13808}}, {"service": {"name": "PMTCT - ANC"}, "facility": {"code": 13808}}, {"service": {"name": "Provider Initiated Counselling and Testing"}, "facility": {"code": 13808}}, {"service": {"name": "Management of STIs"}, "facility": {"code": 13808}}, {"service": {"name": "Condom Promotion and Distribution"}, "facility": {"code": 13808}}, {"service": {"name": "Radiology Services"}, "facility": {"code": 13887}}, {"service": {"name": "Curative Services"}, "facility": {"code": 13887}}, {"service": {"name": "First Line Treatment"}, "facility": {"code": 13887}}, {"service": {"name": "Smear Microscopy"}, "facility": {"code": 13887}}, {"service": {"name": "Basic Immunization"}, "facility": {"code": 13887}}, {"service": {"name": "Integrated Services"}, "facility": {"code": 13887}}, {"service": {"name": "Short Term FP"}, "facility": {"code": 13887}}, {"service": {"name": "Adult Antiretroviral Therapy"}, "facility": {"code": 13887}}, {"service": {"name": "PMTCT - ANC"}, "facility": {"code": 13887}}, {"service": {"name": "Provider Initiated Counselling and Testing"}, "facility": {"code": 13887}}, {"service": {"name": "Management of STIs"}, "facility": {"code": 13887}}, {"service": {"name": "Condom Promotion and Distribution"}, "facility": {"code": 13887}}, {"service": {"name": "Laboratory Services"}, "facility": {"code": 13816}}, {"service": {"name": "Curative Services"}, "facility": {"code": 13816}}, {"service": {"name": "First Line Treatment"}, "facility": {"code": 13816}}, {"service": {"name": "Smear Microscopy"}, "facility": {"code": 13816}}, {"service": {"name": "Basic Immunization"}, "facility": {"code": 13816}}, {"service": {"name": "Focused Antenatal Care"}, "facility": {"code": 13816}}, {"service": {"name": "Integrated Services"}, "facility": {"code": 13816}}, {"service": {"name": "Short Term FP"}, "facility": {"code": 13816}}, {"service": {"name": "PMTCT - ANC"}, "facility": {"code": 13816}}, {"service": {"name": "Provider Initiated Counselling and Testing"}, "facility": {"code": 13816}}, {"service": {"name": "Management of STIs"}, "facility": {"code": 13816}}, {"service": {"name": "Condom Promotion and Distribution"}, "facility": {"code": 13816}}, {"service": {"name": "Curative Services"}, "facility": {"code": 14088}}, {"service": {"name": "Basic Immunization"}, "facility": {"code": 14088}}, {"service": {"name": "Focused Antenatal Care"}, "facility": {"code": 14088}}, {"service": {"name": "Integrated Services"}, "facility": {"code": 14088}}, {"service": {"name": "Short Term FP"}, "facility": {"code": 14088}}, {"service": {"name": "PMTCT - ANC"}, "facility": {"code": 14088}}, {"service": {"name": "Provider Initiated Counselling and Testing"}, "facility": {"code": 14088}}, {"service": {"name": "Short Term FP"}, "facility": {"code": 12121}}, {"service": {"name": "Management of STIs"}, "facility": {"code": 14088}}, {"service": {"name": "Condom Promotion and Distribution"}, "facility": {"code": 14088}}, {"service": {"name": "PMTCT - ANC"}, "facility": {"code": 12121}}, {"service": {"name": "Diagnostic Counselling and Testing"}, "facility": {"code": 12121}}, {"service": {"name": "Provider Initiated Counselling and Testing"}, "facility": {"code": 12121}}, {"service": {"name": "Management of STIs"}, "facility": {"code": 12121}}, {"service": {"name": "Voluntary Counselling and Testing"}, "facility": {"code": 12121}}, {"service": {"name": "Condom Promotion and Distribution"}, "facility": {"code": 12121}}, {"service": {"name": "Curative Services"}, "facility": {"code": 13524}}, {"service": {"name": "Basic Immunization"}, "facility": {"code": 13524}}, {"service": {"name": "Focused Antenatal Care"}, "facility": {"code": 13524}}, {"service": {"name": "Integrated Services"}, "facility": {"code": 13524}}, {"service": {"name": "Short Term FP"}, "facility": {"code": 13524}}, {"service": {"name": "PMTCT - ANC"}, "facility": {"code": 13524}}, {"service": {"name": "Provider Initiated Counselling and Testing"}, "facility": {"code": 13524}}, {"service": {"name": "Management of STIs"}, "facility": {"code": 13524}}, {"service": {"name": "Condom Promotion and Distribution"}, "facility": {"code": 13524}}, {"service": {"name": "Laboratory Services"}, "facility": {"code": 13647}}, {"service": {"name": "Curative Services"}, "facility": {"code": 13647}}, {"service": {"name": "First Line Treatment"}, "facility": {"code": 13647}}, {"service": {"name": "Smear Microscopy"}, "facility": {"code": 13647}}, {"service": {"name": "Basic Immunization"}, "facility": {"code": 13647}}, {"service": {"name": "Focused Antenatal Care"}, "facility": {"code": 13647}}, {"service": {"name": "Integrated Services"}, "facility": {"code": 13647}}, {"service": {"name": "Short Term FP"}, "facility": {"code": 13647}}, {"service": {"name": "Adult Antiretroviral Therapy"}, "facility": {"code": 13647}}, {"service": {"name": "PMTCT - ANC"}, "facility": {"code": 13647}}, {"service": {"name": "Provider Initiated Counselling and Testing"}, "facility": {"code": 13647}}, {"service": {"name": "Management of STIs"}, "facility": {"code": 13647}}, {"service": {"name": "Condom Promotion and Distribution"}, "facility": {"code": 13647}}, {"service": {"name": "Emergency Obstetric Care"}, "facility": {"code": 13738}}, {"service": {"name": "Maternity Services"}, "facility": {"code": 13738}}, {"service": {"name": "Laboratory Services"}, "facility": {"code": 13738}}, {"service": {"name": "Curative Services"}, "facility": {"code": 13738}}, {"service": {"name": "First Line Treatment"}, "facility": {"code": 13738}}, {"service": {"name": "Smear Microscopy"}, "facility": {"code": 13738}}, {"service": {"name": "Basic Immunization"}, "facility": {"code": 13738}}, {"service": {"name": "Focused Antenatal Care"}, "facility": {"code": 13738}}, {"service": {"name": "Integrated Services"}, "facility": {"code": 13738}}, {"service": {"name": "Short Term FP"}, "facility": {"code": 13738}}, {"service": {"name": "Adult Antiretroviral Therapy"}, "facility": {"code": 13738}}, {"service": {"name": "PMTCT - Maternity"}, "facility": {"code": 13738}}, {"service": {"name": "PMTCT - ANC"}, "facility": {"code": 13738}}, {"service": {"name": "Early Infant Diagnosis"}, "facility": {"code": 13738}}, {"service": {"name": "Provider Initiated Counselling and Testing"}, "facility": {"code": 13738}}, {"service": {"name": "Management of STIs"}, "facility": {"code": 13738}}, {"service": {"name": "Condom Promotion and Distribution"}, "facility": {"code": 13738}}, {"service": {"name": "Curative Services"}, "facility": {"code": 13609}}, {"service": {"name": "First Line Treatment"}, "facility": {"code": 13609}}, {"service": {"name": "Smear Microscopy"}, "facility": {"code": 13609}}, {"service": {"name": "Basic Immunization"}, "facility": {"code": 13609}}, {"service": {"name": "Focused Antenatal Care"}, "facility": {"code": 13609}}, {"service": {"name": "Integrated Services"}, "facility": {"code": 13609}}, {"service": {"name": "Short Term FP"}, "facility": {"code": 13609}}, {"service": {"name": "Adult Antiretroviral Therapy"}, "facility": {"code": 13609}}, {"service": {"name": "Provider Initiated Counselling and Testing"}, "facility": {"code": 13609}}, {"service": {"name": "Management of STIs"}, "facility": {"code": 13609}}, {"service": {"name": "Condom Promotion and Distribution"}, "facility": {"code": 13609}}, {"service": {"name": "Laboratory Services"}, "facility": {"code": 13954}}, {"service": {"name": "Curative Services"}, "facility": {"code": 13954}}, {"service": {"name": "Basic Immunization"}, "facility": {"code": 13954}}, {"service": {"name": "Focused Antenatal Care"}, "facility": {"code": 13954}}, {"service": {"name": "Integrated Services"}, "facility": {"code": 13954}}, {"service": {"name": "Short Term FP"}, "facility": {"code": 13954}}, {"service": {"name": "Provider Initiated Counselling and Testing"}, "facility": {"code": 13954}}, {"service": {"name": "Management of STIs"}, "facility": {"code": 13954}}, {"service": {"name": "Condom Promotion and Distribution"}, "facility": {"code": 13954}}, {"service": {"name": "Curative Services"}, "facility": {"code": 14060}}, {"service": {"name": "Basic Immunization"}, "facility": {"code": 14060}}, {"service": {"name": "Focused Antenatal Care"}, "facility": {"code": 14060}}, {"service": {"name": "Integrated Services"}, "facility": {"code": 14060}}, {"service": {"name": "Short Term FP"}, "facility": {"code": 14060}}, {"service": {"name": "Provider Initiated Counselling and Testing"}, "facility": {"code": 14060}}, {"service": {"name": "Management of STIs"}, "facility": {"code": 14060}}, {"service": {"name": "Condom Promotion and Distribution"}, "facility": {"code": 14060}}, {"service": {"name": "Focused Antenatal Care"}, "facility": {"code": 13977}}, {"service": {"name": "Curative Services"}, "facility": {"code": 13977}}, {"service": {"name": "Basic Immunization"}, "facility": {"code": 13977}}, {"service": {"name": "Integrated Services"}, "facility": {"code": 13977}}, {"service": {"name": "Environmental Health Services"}, "facility": {"code": 15917}}, {"service": {"name": "Integrated Management of Childhood Illnesses"}, "facility": {"code": 15917}}, {"service": {"name": "Adult Antiretroviral Therapy"}, "facility": {"code": 13977}}, {"service": {"name": "Curative Services"}, "facility": {"code": 15917}}, {"service": {"name": "Provider Initiated Counselling and Testing"}, "facility": {"code": 13977}}, {"service": {"name": "Voluntary Counselling and Testing"}, "facility": {"code": 13977}}, {"service": {"name": "Curative Services"}, "facility": {"code": 13722}}, {"service": {"name": "Basic Immunization"}, "facility": {"code": 13722}}, {"service": {"name": "Focused Antenatal Care"}, "facility": {"code": 13722}}, {"service": {"name": "Short Term FP"}, "facility": {"code": 13722}}, {"service": {"name": "Provider Initiated Counselling and Testing"}, "facility": {"code": 13722}}, {"service": {"name": "Condom Promotion and Distribution"}, "facility": {"code": 13722}}, {"service": {"name": "Environmental Health Services"}, "facility": {"code": 15909}}, {"service": {"name": "Integrated Management of Childhood Illnesses"}, "facility": {"code": 15909}}, {"service": {"name": "Laboratory Services"}, "facility": {"code": 15909}}, {"service": {"name": "Maternity Services"}, "facility": {"code": 15909}}, {"service": {"name": "Curative Services"}, "facility": {"code": 15909}}, {"service": {"name": "Curative Services"}, "facility": {"code": 13890}}, {"service": {"name": "Basic Immunization"}, "facility": {"code": 13890}}, {"service": {"name": "Focused Antenatal Care"}, "facility": {"code": 13890}}, {"service": {"name": "Integrated Services"}, "facility": {"code": 13890}}, {"service": {"name": "Short Term FP"}, "facility": {"code": 13890}}, {"service": {"name": "Provider Initiated Counselling and Testing"}, "facility": {"code": 13890}}, {"service": {"name": "Management of STIs"}, "facility": {"code": 13890}}, {"service": {"name": "Condom Promotion and Distribution"}, "facility": {"code": 13890}}, {"service": {"name": "Laboratory Services"}, "facility": {"code": 13709}}, {"service": {"name": "Emergency Obstetric Care"}, "facility": {"code": 13709}}, {"service": {"name": "Curative Services"}, "facility": {"code": 13709}}, {"service": {"name": "Surgical Services"}, "facility": {"code": 15910}}, {"service": {"name": "First Line Treatment"}, "facility": {"code": 13709}}, {"service": {"name": "Maternity Services"}, "facility": {"code": 15910}}, {"service": {"name": "Smear Microscopy"}, "facility": {"code": 13709}}, {"service": {"name": "Basic Immunization"}, "facility": {"code": 13709}}, {"service": {"name": "Focused Antenatal Care"}, "facility": {"code": 13709}}, {"service": {"name": "Short Term FP"}, "facility": {"code": 13709}}, {"service": {"name": "Home Based Care"}, "facility": {"code": 13709}}, {"service": {"name": "Opthalmic Services"}, "facility": {"code": 15910}}, {"service": {"name": "Adult Antiretroviral Therapy"}, "facility": {"code": 13709}}, {"service": {"name": "Environmental Health Services"}, "facility": {"code": 15910}}, {"service": {"name": "Nutrition Services"}, "facility": {"code": 15910}}, {"service": {"name": "Integrated Management of Childhood Illnesses"}, "facility": {"code": 15910}}, {"service": {"name": "Voluntary Male Circumcision"}, "facility": {"code": 13709}}, {"service": {"name": "Curative Services"}, "facility": {"code": 15910}}, {"service": {"name": "PMTCT - ANC"}, "facility": {"code": 13709}}, {"service": {"name": "Provider Initiated Counselling and Testing"}, "facility": {"code": 13709}}, {"service": {"name": "Voluntary Counselling and Testing"}, "facility": {"code": 13709}}, {"service": {"name": "Management of STIs"}, "facility": {"code": 13709}}, {"service": {"name": "Condom Promotion and Distribution"}, "facility": {"code": 13709}}, {"service": {"name": "Emergency Preparedness"}, "facility": {"code": 15856}}, {"service": {"name": "ENT Services"}, "facility": {"code": 15856}}, {"service": {"name": "Oral Health Services (Dental Services)"}, "facility": {"code": 15856}}, {"service": {"name": "Emergency Obstetric Care"}, "facility": {"code": 15856}}, {"service": {"name": "Radiology Services"}, "facility": {"code": 15856}}, {"service": {"name": "Ambulance Sevices"}, "facility": {"code": 15856}}, {"service": {"name": "Environmental Health Services"}, "facility": {"code": 15856}}, {"service": {"name": "Curative Services"}, "facility": {"code": 15856}}, {"service": {"name": "Services for Female Genital Mutilation (FGM) Survivors"}, "facility": {"code": 15856}}, {"service": {"name": "Rehabilitative Health Services - Orthopaedic Technology"}, "facility": {"code": 15856}}, {"service": {"name": "MDRTB Treatment"}, "facility": {"code": 15856}}, {"service": {"name": "Tuberculosis Culture"}, "facility": {"code": 15856}}, {"service": {"name": "Port Immunization Services"}, "facility": {"code": 15856}}, {"service": {"name": "Specialized ANC"}, "facility": {"code": 15856}}, {"service": {"name": "Stand Alone Services"}, "facility": {"code": 15856}}, {"service": {"name": "ENT Services"}, "facility": {"code": 15855}}, {"service": {"name": "Dental Laboratory Services"}, "facility": {"code": 15855}}, {"service": {"name": "Oral Health Services (Dental Services)"}, "facility": {"code": 15855}}, {"service": {"name": "Emergency Preparedness"}, "facility": {"code": 15855}}, {"service": {"name": "Emergency Obstetric Care"}, "facility": {"code": 15855}}, {"service": {"name": "Environmental Health Services"}, "facility": {"code": 15855}}, {"service": {"name": "Rehabilitative Health Services - Physiotherapy"}, "facility": {"code": 15855}}, {"service": {"name": "Services for Sexual Violence Survivors"}, "facility": {"code": 15855}}, {"service": {"name": "Mental Health Services"}, "facility": {"code": 15855}}, {"service": {"name": "Opthalmic Services"}, "facility": {"code": 15855}}, {"service": {"name": "Nutrition Services"}, "facility": {"code": 15855}}, {"service": {"name": "Environmental Health Services"}, "facility": {"code": 17108}}, {"service": {"name": "Integrated Management of Childhood Illnesses"}, "facility": {"code": 15855}}, {"service": {"name": "Ambulance Sevices"}, "facility": {"code": 15855}}, {"service": {"name": "Laboratory Services"}, "facility": {"code": 15855}}, {"service": {"name": "Radiology Services"}, "facility": {"code": 15855}}, {"service": {"name": "Surgical Services"}, "facility": {"code": 15855}}, {"service": {"name": "Maternity Services"}, "facility": {"code": 15855}}, {"service": {"name": "Curative Services"}, "facility": {"code": 15855}}, {"service": {"name": "Port Health Services"}, "facility": {"code": 15855}}, {"service": {"name": "Port Immunization Services"}, "facility": {"code": 15855}}, {"service": {"name": "Specialized ANC"}, "facility": {"code": 15855}}, {"service": {"name": "Nutrition Services"}, "facility": {"code": 17108}}, {"service": {"name": "Integrated Management of Childhood Illnesses"}, "facility": {"code": 17108}}, {"service": {"name": "Curative Services"}, "facility": {"code": 17108}}, {"service": {"name": "Basic Immunization"}, "facility": {"code": 17108}}, {"service": {"name": "Focused Antenatal Care"}, "facility": {"code": 17108}}, {"service": {"name": "Short Term FP"}, "facility": {"code": 17108}}, {"service": {"name": "PMTCT - ANC"}, "facility": {"code": 17108}}, {"service": {"name": "Diagnostic Counselling and Testing"}, "facility": {"code": 17108}}, {"service": {"name": "Provider Initiated Counselling and Testing"}, "facility": {"code": 17108}}, {"service": {"name": "Management of STIs"}, "facility": {"code": 17108}}, {"service": {"name": "Condom Promotion and Distribution"}, "facility": {"code": 17108}}, {"service": {"name": "Emergency Preparedness"}, "facility": {"code": 15854}}, {"service": {"name": "ENT Services"}, "facility": {"code": 15854}}, {"service": {"name": "Oral Health Services (Dental Services)"}, "facility": {"code": 15854}}, {"service": {"name": "Emergency Obstetric Care"}, "facility": {"code": 15854}}, {"service": {"name": "Integrated Management of Childhood Illnesses"}, "facility": {"code": 15854}}, {"service": {"name": "Mental Health Services"}, "facility": {"code": 15854}}, {"service": {"name": "Environmental Health Services"}, "facility": {"code": 15854}}, {"service": {"name": "Services for Sexual Violence Survivors"}, "facility": {"code": 15854}}, {"service": {"name": "Opthalmic Services"}, "facility": {"code": 15854}}, {"service": {"name": "Nutrition Services"}, "facility": {"code": 15854}}, {"service": {"name": "Surgical Services"}, "facility": {"code": 15854}}, {"service": {"name": "Maternity Services"}, "facility": {"code": 15854}}, {"service": {"name": "Curative Services"}, "facility": {"code": 15854}}, {"service": {"name": "Port Health Services"}, "facility": {"code": 15854}}, {"service": {"name": "MDRTB Treatment"}, "facility": {"code": 15854}}, {"service": {"name": "Tuberculosis Culture"}, "facility": {"code": 15854}}, {"service": {"name": "Immunization with additional vaccines"}, "facility": {"code": 15854}}, {"service": {"name": "Port Immunization Services"}, "facility": {"code": 15854}}, {"service": {"name": "Specialized ANC"}, "facility": {"code": 15854}}, {"service": {"name": "Stand Alone Services"}, "facility": {"code": 15854}}, {"service": {"name": "Curative Services"}, "facility": {"code": 13586}}, {"service": {"name": "Short Term FP"}, "facility": {"code": 13586}}, {"service": {"name": "Voluntary Counselling and Testing"}, "facility": {"code": 13586}}, {"service": {"name": "Management of STIs"}, "facility": {"code": 15007}}, {"service": {"name": "Provider Initiated Counselling and Testing"}, "facility": {"code": 15007}}, {"service": {"name": "Voluntary Counselling and Testing"}, "facility": {"code": 15007}}, {"service": {"name": "Condom Promotion and Distribution"}, "facility": {"code": 15007}}, {"service": {"name": "ENT Services"}, "facility": {"code": 14815}}, {"service": {"name": "Immunization with additional vaccines"}, "facility": {"code": 14815}}, {"service": {"name": "Basic Immunization"}, "facility": {"code": 14815}}, {"service": {"name": "Short Term FP"}, "facility": {"code": 14815}}, {"service": {"name": "Post Exposure Prophylaxis"}, "facility": {"code": 14815}}, {"service": {"name": "PMTCT - Maternity"}, "facility": {"code": 14815}}, {"service": {"name": "PMTCT - ANC"}, "facility": {"code": 14815}}, {"service": {"name": "Early Infant Diagnosis"}, "facility": {"code": 14815}}, {"service": {"name": "Condom Promotion and Distribution"}, "facility": {"code": 14815}}, {"service": {"name": "ENT Services"}, "facility": {"code": 14304}}, {"service": {"name": "Immunization with additional vaccines"}, "facility": {"code": 14304}}, {"service": {"name": "Basic Immunization"}, "facility": {"code": 14304}}, {"service": {"name": "Short Term FP"}, "facility": {"code": 14304}}, {"service": {"name": "Post Exposure Prophylaxis"}, "facility": {"code": 14304}}, {"service": {"name": "PMTCT - Maternity"}, "facility": {"code": 14304}}, {"service": {"name": "PMTCT - ANC"}, "facility": {"code": 14304}}, {"service": {"name": "Early Infant Diagnosis"}, "facility": {"code": 14304}}, {"service": {"name": "Voluntary Counselling and Testing"}, "facility": {"code": 14304}}, {"service": {"name": "Management of STIs"}, "facility": {"code": 14304}}, {"service": {"name": "Condom Promotion and Distribution"}, "facility": {"code": 14304}}, {"service": {"name": "ENT Services"}, "facility": {"code": 14302}}, {"service": {"name": "Short Term FP"}, "facility": {"code": 14302}}, {"service": {"name": "Post Exposure Prophylaxis"}, "facility": {"code": 14302}}, {"service": {"name": "PMTCT - Maternity"}, "facility": {"code": 14302}}, {"service": {"name": "PMTCT - ANC"}, "facility": {"code": 14302}}, {"service": {"name": "Early Infant Diagnosis"}, "facility": {"code": 14302}}, {"service": {"name": "Management of STIs"}, "facility": {"code": 14302}}, {"service": {"name": "Condom Promotion and Distribution"}, "facility": {"code": 14302}}, {"service": {"name": "ENT Services"}, "facility": {"code": 14628}}, {"service": {"name": "Immunization with additional vaccines"}, "facility": {"code": 14628}}, {"service": {"name": "Basic Immunization"}, "facility": {"code": 14628}}, {"service": {"name": "Short Term FP"}, "facility": {"code": 14628}}, {"service": {"name": "Post Exposure Prophylaxis"}, "facility": {"code": 14628}}, {"service": {"name": "PMTCT - Maternity"}, "facility": {"code": 14628}}, {"service": {"name": "PMTCT - ANC"}, "facility": {"code": 14628}}, {"service": {"name": "Early Infant Diagnosis"}, "facility": {"code": 14628}}, {"service": {"name": "Voluntary Counselling and Testing"}, "facility": {"code": 14628}}, {"service": {"name": "Management of STIs"}, "facility": {"code": 14628}}, {"service": {"name": "Condom Promotion and Distribution"}, "facility": {"code": 14628}}, {"service": {"name": "ENT Services"}, "facility": {"code": 14311}}, {"service": {"name": "Emergency Obstetric Care"}, "facility": {"code": 13435}}, {"service": {"name": "Maternity Services"}, "facility": {"code": 13435}}, {"service": {"name": "Curative Services"}, "facility": {"code": 13435}}, {"service": {"name": "Basic Immunization"}, "facility": {"code": 13435}}, {"service": {"name": "Focused Antenatal Care"}, "facility": {"code": 13435}}, {"service": {"name": "Short Term FP"}, "facility": {"code": 13435}}, {"service": {"name": "PMTCT - Maternity"}, "facility": {"code": 13435}}, {"service": {"name": "PMTCT - ANC"}, "facility": {"code": 13435}}, {"service": {"name": "Diagnostic Counselling and Testing"}, "facility": {"code": 13435}}, {"service": {"name": "Provider Initiated Counselling and Testing"}, "facility": {"code": 13435}}, {"service": {"name": "Integrated Management of Childhood Illnesses"}, "facility": {"code": 13429}}, {"service": {"name": "Curative Services"}, "facility": {"code": 13429}}, {"service": {"name": "Basic Immunization"}, "facility": {"code": 13429}}, {"service": {"name": "PMTCT - ANC"}, "facility": {"code": 13429}}, {"service": {"name": "Diagnostic Counselling and Testing"}, "facility": {"code": 13429}}, {"service": {"name": "Provider Initiated Counselling and Testing"}, "facility": {"code": 13429}}, {"service": {"name": "Emergency Obstetric Care"}, "facility": {"code": 13428}}, {"service": {"name": "Facility Based Blood Transfusion Service"}, "facility": {"code": 13428}}, {"service": {"name": "Facility Based Blood Collection Service"}, "facility": {"code": 13428}}, {"service": {"name": "First Line Treatment"}, "facility": {"code": 13428}}, {"service": {"name": "Smear Microscopy"}, "facility": {"code": 13428}}, {"service": {"name": "Basic Immunization"}, "facility": {"code": 13428}}, {"service": {"name": "Focused Antenatal Care"}, "facility": {"code": 13428}}, {"service": {"name": "Short Term FP"}, "facility": {"code": 13428}}, {"service": {"name": "PMTCT - Maternity"}, "facility": {"code": 13428}}, {"service": {"name": "PMTCT - ANC"}, "facility": {"code": 13428}}, {"service": {"name": "Diagnostic Counselling and Testing"}, "facility": {"code": 13428}}, {"service": {"name": "Provider Initiated Counselling and Testing"}, "facility": {"code": 13428}}, {"service": {"name": "Integrated Management of Childhood Illnesses"}, "facility": {"code": 13409}}, {"service": {"name": "Curative Services"}, "facility": {"code": 13409}}, {"service": {"name": "Basic Immunization"}, "facility": {"code": 13409}}, {"service": {"name": "Focused Antenatal Care"}, "facility": {"code": 13409}}, {"service": {"name": "Short Term FP"}, "facility": {"code": 13409}}, {"service": {"name": "PMTCT - Maternity"}, "facility": {"code": 13409}}, {"service": {"name": "PMTCT - ANC"}, "facility": {"code": 13409}}, {"service": {"name": "Diagnostic Counselling and Testing"}, "facility": {"code": 13409}}, {"service": {"name": "Provider Initiated Counselling and Testing"}, "facility": {"code": 13409}}, {"service": {"name": "Emergency Obstetric Care"}, "facility": {"code": 13394}}, {"service": {"name": "Integrated Management of Childhood Illnesses"}, "facility": {"code": 13394}}, {"service": {"name": "Maternity Services"}, "facility": {"code": 13394}}, {"service": {"name": "Curative Services"}, "facility": {"code": 13394}}, {"service": {"name": "Basic Immunization"}, "facility": {"code": 13394}}, {"service": {"name": "Focused Antenatal Care"}, "facility": {"code": 13394}}, {"service": {"name": "Short Term FP"}, "facility": {"code": 13394}}, {"service": {"name": "PMTCT - Maternity"}, "facility": {"code": 13394}}, {"service": {"name": "PMTCT - ANC"}, "facility": {"code": 13394}}, {"service": {"name": "Diagnostic Counselling and Testing"}, "facility": {"code": 13394}}, {"service": {"name": "Provider Initiated Counselling and Testing"}, "facility": {"code": 13394}}, {"service": {"name": "Ambulance Sevices"}, "facility": {"code": 13329}}, {"service": {"name": "Curative Services"}, "facility": {"code": 13329}}, {"service": {"name": "Basic Immunization"}, "facility": {"code": 13329}}, {"service": {"name": "Focused Antenatal Care"}, "facility": {"code": 13329}}, {"service": {"name": "Short Term FP"}, "facility": {"code": 13329}}, {"service": {"name": "PMTCT - Maternity"}, "facility": {"code": 13329}}, {"service": {"name": "PMTCT - ANC"}, "facility": {"code": 13329}}, {"service": {"name": "Provider Initiated Counselling and Testing"}, "facility": {"code": 13329}}, {"service": {"name": "Emergency Obstetric Care"}, "facility": {"code": 13328}}, {"service": {"name": "Ambulance Sevices"}, "facility": {"code": 13328}}, {"service": {"name": "Maternity Services"}, "facility": {"code": 13328}}, {"service": {"name": "Curative Services"}, "facility": {"code": 13328}}, {"service": {"name": "Basic Immunization"}, "facility": {"code": 13328}}, {"service": {"name": "Focused Antenatal Care"}, "facility": {"code": 13328}}, {"service": {"name": "Short Term FP"}, "facility": {"code": 13328}}, {"service": {"name": "PMTCT - Maternity"}, "facility": {"code": 13328}}, {"service": {"name": "PMTCT - ANC"}, "facility": {"code": 13328}}, {"service": {"name": "Diagnostic Counselling and Testing"}, "facility": {"code": 13328}}, {"service": {"name": "Provider Initiated Counselling and Testing"}, "facility": {"code": 13328}}, {"service": {"name": "Ambulance Sevices"}, "facility": {"code": 13317}}, {"service": {"name": "Curative Services"}, "facility": {"code": 13317}}, {"service": {"name": "Basic Immunization"}, "facility": {"code": 13317}}, {"service": {"name": "Focused Antenatal Care"}, "facility": {"code": 13317}}, {"service": {"name": "Short Term FP"}, "facility": {"code": 13317}}, {"service": {"name": "PMTCT - Maternity"}, "facility": {"code": 13317}}, {"service": {"name": "PMTCT - ANC"}, "facility": {"code": 13317}}, {"service": {"name": "Diagnostic Counselling and Testing"}, "facility": {"code": 13317}}, {"service": {"name": "Provider Initiated Counselling and Testing"}, "facility": {"code": 13317}}, {"service": {"name": "Curative Services"}, "facility": {"code": 13313}}, {"service": {"name": "Basic Immunization"}, "facility": {"code": 13313}}, {"service": {"name": "Short Term FP"}, "facility": {"code": 13313}}, {"service": {"name": "PMTCT - Maternity"}, "facility": {"code": 13313}}, {"service": {"name": "PMTCT - ANC"}, "facility": {"code": 13313}}, {"service": {"name": "Diagnostic Counselling and Testing"}, "facility": {"code": 13313}}, {"service": {"name": "Provider Initiated Counselling and Testing"}, "facility": {"code": 13313}}, {"service": {"name": "Integrated Management of Childhood Illnesses"}, "facility": {"code": 13306}}, {"service": {"name": "Maternity Services"}, "facility": {"code": 13306}}, {"service": {"name": "Curative Services"}, "facility": {"code": 13306}}, {"service": {"name": "Basic Immunization"}, "facility": {"code": 13306}}, {"service": {"name": "Focused Antenatal Care"}, "facility": {"code": 13306}}, {"service": {"name": "Short Term FP"}, "facility": {"code": 13306}}, {"service": {"name": "PMTCT - Maternity"}, "facility": {"code": 13306}}, {"service": {"name": "PMTCT - ANC"}, "facility": {"code": 13306}}, {"service": {"name": "Diagnostic Counselling and Testing"}, "facility": {"code": 13306}}, {"service": {"name": "Provider Initiated Counselling and Testing"}, "facility": {"code": 13306}}, {"service": {"name": "Integrated Management of Childhood Illnesses"}, "facility": {"code": 13293}}, {"service": {"name": "Integrated Services"}, "facility": {"code": 13293}}, {"service": {"name": "Maternity Services"}, "facility": {"code": 13265}}, {"service": {"name": "Curative Services"}, "facility": {"code": 13265}}, {"service": {"name": "First Line Treatment"}, "facility": {"code": 13265}}, {"service": {"name": "Smear Microscopy"}, "facility": {"code": 13265}}, {"service": {"name": "Basic Immunization"}, "facility": {"code": 13265}}, {"service": {"name": "Focused Antenatal Care"}, "facility": {"code": 13265}}, {"service": {"name": "Short Term FP"}, "facility": {"code": 13265}}, {"service": {"name": "PMTCT - ANC"}, "facility": {"code": 13265}}, {"service": {"name": "Diagnostic Counselling and Testing"}, "facility": {"code": 13265}}, {"service": {"name": "Provider Initiated Counselling and Testing"}, "facility": {"code": 13265}}, {"service": {"name": "ENT Services"}, "facility": {"code": 14676}}, {"service": {"name": "Immunization with additional vaccines"}, "facility": {"code": 14676}}, {"service": {"name": "Basic Immunization"}, "facility": {"code": 14676}}, {"service": {"name": "Short Term FP"}, "facility": {"code": 14676}}, {"service": {"name": "Post Exposure Prophylaxis"}, "facility": {"code": 14676}}, {"service": {"name": "PMTCT - Maternity"}, "facility": {"code": 14676}}, {"service": {"name": "PMTCT - ANC"}, "facility": {"code": 14676}}, {"service": {"name": "Early Infant Diagnosis"}, "facility": {"code": 14676}}, {"service": {"name": "Condom Promotion and Distribution"}, "facility": {"code": 14676}}, {"service": {"name": "ENT Services"}, "facility": {"code": 14728}}, {"service": {"name": "Immunization with additional vaccines"}, "facility": {"code": 14728}}, {"service": {"name": "Basic Immunization"}, "facility": {"code": 14728}}, {"service": {"name": "Short Term FP"}, "facility": {"code": 14728}}, {"service": {"name": "Post Exposure Prophylaxis"}, "facility": {"code": 14728}}, {"service": {"name": "PMTCT - Maternity"}, "facility": {"code": 14728}}, {"service": {"name": "PMTCT - ANC"}, "facility": {"code": 14728}}, {"service": {"name": "Early Infant Diagnosis"}, "facility": {"code": 14728}}, {"service": {"name": "Diagnostic Counselling and Testing"}, "facility": {"code": 14728}}, {"service": {"name": "Provider Initiated Counselling and Testing"}, "facility": {"code": 14728}}, {"service": {"name": "Voluntary Counselling and Testing"}, "facility": {"code": 14728}}, {"service": {"name": "Management of STIs"}, "facility": {"code": 14728}}, {"service": {"name": "Condom Promotion and Distribution"}, "facility": {"code": 14728}}, {"service": {"name": "Laboratory Services"}, "facility": {"code": 12347}}, {"service": {"name": "First Line Treatment"}, "facility": {"code": 12347}}, {"service": {"name": "Smear Microscopy"}, "facility": {"code": 12347}}, {"service": {"name": "Management of STIs"}, "facility": {"code": 12347}}, {"service": {"name": "Emergency Obstetric Care"}, "facility": {"code": 12347}}, {"service": {"name": "Environmental Health Services"}, "facility": {"code": 12347}}, {"service": {"name": "Integrated Management of Childhood Illnesses"}, "facility": {"code": 12347}}, {"service": {"name": "Nutrition Services"}, "facility": {"code": 12347}}, {"service": {"name": "Maternity Services"}, "facility": {"code": 12347}}, {"service": {"name": "Curative Services"}, "facility": {"code": 12347}}, {"service": {"name": "Focused Antenatal Care"}, "facility": {"code": 12347}}, {"service": {"name": "Integrated Services"}, "facility": {"code": 12347}}, {"service": {"name": "Immunization with additional vaccines"}, "facility": {"code": 12347}}, {"service": {"name": "Basic Immunization"}, "facility": {"code": 12347}}, {"service": {"name": "Long Term FP"}, "facility": {"code": 12347}}, {"service": {"name": "Short Term FP"}, "facility": {"code": 12347}}, {"service": {"name": "Early Infant Diagnosis"}, "facility": {"code": 12347}}, {"service": {"name": "Diagnostic Counselling and Testing"}, "facility": {"code": 12347}}, {"service": {"name": "Provider Initiated Counselling and Testing"}, "facility": {"code": 12347}}, {"service": {"name": "Voluntary Male Circumcision"}, "facility": {"code": 12347}}, {"service": {"name": "PMTCT - Maternity"}, "facility": {"code": 12347}}, {"service": {"name": "PMTCT - ANC"}, "facility": {"code": 12347}}, {"service": {"name": "Condom Promotion and Distribution"}, "facility": {"code": 12347}}, {"service": {"name": "Emergency Obstetric Care"}, "facility": {"code": 12009}}, {"service": {"name": "Environmental Health Services"}, "facility": {"code": 12009}}, {"service": {"name": "Nutrition Services"}, "facility": {"code": 12009}}, {"service": {"name": "Curative Services"}, "facility": {"code": 12009}}, {"service": {"name": "First Line Treatment"}, "facility": {"code": 12009}}, {"service": {"name": "Integrated Services"}, "facility": {"code": 12009}}, {"service": {"name": "Basic Immunization"}, "facility": {"code": 12009}}, {"service": {"name": "Immunization with additional vaccines"}, "facility": {"code": 12009}}, {"service": {"name": "Focused Antenatal Care"}, "facility": {"code": 12009}}, {"service": {"name": "Long Term FP"}, "facility": {"code": 12009}}, {"service": {"name": "Short Term FP"}, "facility": {"code": 12009}}, {"service": {"name": "Early Infant Diagnosis"}, "facility": {"code": 12009}}, {"service": {"name": "Voluntary Male Circumcision"}, "facility": {"code": 12009}}, {"service": {"name": "PMTCT - Maternity"}, "facility": {"code": 12009}}, {"service": {"name": "PMTCT - ANC"}, "facility": {"code": 12009}}, {"service": {"name": "Management of STIs"}, "facility": {"code": 12009}}, {"service": {"name": "Diagnostic Counselling and Testing"}, "facility": {"code": 12009}}, {"service": {"name": "Provider Initiated Counselling and Testing"}, "facility": {"code": 12009}}, {"service": {"name": "Emergency Obstetric Care"}, "facility": {"code": 17105}}, {"service": {"name": "Environmental Health Services"}, "facility": {"code": 17105}}, {"service": {"name": "Nutrition Services"}, "facility": {"code": 17105}}, {"service": {"name": "Maternity Services"}, "facility": {"code": 17105}}, {"service": {"name": "Curative Services"}, "facility": {"code": 17105}}, {"service": {"name": "Immunization with additional vaccines"}, "facility": {"code": 17105}}, {"service": {"name": "Basic Immunization"}, "facility": {"code": 17105}}, {"service": {"name": "Focused Antenatal Care"}, "facility": {"code": 17105}}, {"service": {"name": "Integrated Services"}, "facility": {"code": 17105}}, {"service": {"name": "Long Term FP"}, "facility": {"code": 17105}}, {"service": {"name": "Diagnostic Counselling and Testing"}, "facility": {"code": 17105}}, {"service": {"name": "Short Term FP"}, "facility": {"code": 17105}}, {"service": {"name": "PMTCT - Maternity"}, "facility": {"code": 17105}}, {"service": {"name": "Early Infant Diagnosis"}, "facility": {"code": 17105}}, {"service": {"name": "Voluntary Male Circumcision"}, "facility": {"code": 17105}}, {"service": {"name": "PMTCT - ANC"}, "facility": {"code": 17105}}, {"service": {"name": "Provider Initiated Counselling and Testing"}, "facility": {"code": 17105}}, {"service": {"name": "Management of STIs"}, "facility": {"code": 17105}}, {"service": {"name": "Condom Promotion and Distribution"}, "facility": {"code": 17105}}, {"service": {"name": "Focused Antenatal Care"}, "facility": {"code": 12490}}, {"service": {"name": "Integrated Services"}, "facility": {"code": 12490}}, {"service": {"name": "Long Term FP"}, "facility": {"code": 12490}}, {"service": {"name": "Short Term FP"}, "facility": {"code": 12490}}, {"service": {"name": "PMTCT - ANC"}, "facility": {"code": 12490}}, {"service": {"name": "Early Infant Diagnosis"}, "facility": {"code": 12490}}, {"service": {"name": "Diagnostic Counselling and Testing"}, "facility": {"code": 12490}}, {"service": {"name": "Provider Initiated Counselling and Testing"}, "facility": {"code": 12490}}, {"service": {"name": "Voluntary Counselling and Testing"}, "facility": {"code": 12490}}, {"service": {"name": "Management of STIs"}, "facility": {"code": 12490}}, {"service": {"name": "Condom Promotion and Distribution"}, "facility": {"code": 12490}}, {"service": {"name": "Environmental Health Services"}, "facility": {"code": 17104}}, {"service": {"name": "Nutrition Services"}, "facility": {"code": 17104}}, {"service": {"name": "Curative Services"}, "facility": {"code": 17104}}, {"service": {"name": "Basic Immunization"}, "facility": {"code": 17104}}, {"service": {"name": "Immunization with additional vaccines"}, "facility": {"code": 17104}}, {"service": {"name": "Focused Antenatal Care"}, "facility": {"code": 17104}}, {"service": {"name": "Integrated Services"}, "facility": {"code": 17104}}, {"service": {"name": "Long Term FP"}, "facility": {"code": 17104}}, {"service": {"name": "Short Term FP"}, "facility": {"code": 17104}}, {"service": {"name": "Voluntary Male Circumcision"}, "facility": {"code": 17104}}, {"service": {"name": "PMTCT - Maternity"}, "facility": {"code": 17104}}, {"service": {"name": "PMTCT - ANC"}, "facility": {"code": 17104}}, {"service": {"name": "Early Infant Diagnosis"}, "facility": {"code": 17104}}, {"service": {"name": "Diagnostic Counselling and Testing"}, "facility": {"code": 17104}}, {"service": {"name": "Provider Initiated Counselling and Testing"}, "facility": {"code": 17104}}, {"service": {"name": "Management of STIs"}, "facility": {"code": 17104}}, {"service": {"name": "Condom Promotion and Distribution"}, "facility": {"code": 17104}}, {"service": {"name": "Emergency Obstetric Care"}, "facility": {"code": 12592}}, {"service": {"name": "Environmental Health Services"}, "facility": {"code": 12592}}, {"service": {"name": "Nutrition Services"}, "facility": {"code": 12592}}, {"service": {"name": "Maternity Services"}, "facility": {"code": 12592}}, {"service": {"name": "Curative Services"}, "facility": {"code": 12592}}, {"service": {"name": "First Line Treatment"}, "facility": {"code": 12592}}, {"service": {"name": "Long Term FP"}, "facility": {"code": 12592}}, {"service": {"name": "Short Term FP"}, "facility": {"code": 12592}}, {"service": {"name": "PMTCT - Maternity"}, "facility": {"code": 12592}}, {"service": {"name": "PMTCT - ANC"}, "facility": {"code": 12592}}, {"service": {"name": "Voluntary Male Circumcision"}, "facility": {"code": 12592}}, {"service": {"name": "Early Infant Diagnosis"}, "facility": {"code": 12592}}, {"service": {"name": "Diagnostic Counselling and Testing"}, "facility": {"code": 12592}}, {"service": {"name": "Provider Initiated Counselling and Testing"}, "facility": {"code": 12592}}, {"service": {"name": "Immunization with additional vaccines"}, "facility": {"code": 12592}}, {"service": {"name": "Basic Immunization"}, "facility": {"code": 12592}}, {"service": {"name": "Focused Antenatal Care"}, "facility": {"code": 12592}}, {"service": {"name": "Integrated Services"}, "facility": {"code": 12592}}, {"service": {"name": "Management of STIs"}, "facility": {"code": 12592}}, {"service": {"name": "Condom Promotion and Distribution"}, "facility": {"code": 12592}}, {"service": {"name": "Emergency Obstetric Care"}, "facility": {"code": 12305}}, {"service": {"name": "Environmental Health Services"}, "facility": {"code": 12305}}, {"service": {"name": "Nutrition Services"}, "facility": {"code": 12305}}, {"service": {"name": "Integrated Management of Childhood Illnesses"}, "facility": {"code": 12305}}, {"service": {"name": "Maternity Services"}, "facility": {"code": 12305}}, {"service": {"name": "Curative Services"}, "facility": {"code": 12305}}, {"service": {"name": "First Line Treatment"}, "facility": {"code": 12305}}, {"service": {"name": "Smear Microscopy"}, "facility": {"code": 12305}}, {"service": {"name": "Immunization with additional vaccines"}, "facility": {"code": 12305}}, {"service": {"name": "Basic Immunization"}, "facility": {"code": 12305}}, {"service": {"name": "Integrated Services"}, "facility": {"code": 12305}}, {"service": {"name": "Voluntary Male Circumcision"}, "facility": {"code": 12305}}, {"service": {"name": "PMTCT - Maternity"}, "facility": {"code": 12305}}, {"service": {"name": "PMTCT - ANC"}, "facility": {"code": 12305}}, {"service": {"name": "Diagnostic Counselling and Testing"}, "facility": {"code": 12305}}, {"service": {"name": "Provider Initiated Counselling and Testing"}, "facility": {"code": 12305}}, {"service": {"name": "Management of STIs"}, "facility": {"code": 12305}}, {"service": {"name": "Condom Promotion and Distribution"}, "facility": {"code": 12305}}, {"service": {"name": "Nutrition Services"}, "facility": {"code": 17102}}, {"service": {"name": "Curative Services"}, "facility": {"code": 17102}}, {"service": {"name": "Focused Antenatal Care"}, "facility": {"code": 17102}}, {"service": {"name": "Long Term FP"}, "facility": {"code": 17102}}, {"service": {"name": "Short Term FP"}, "facility": {"code": 17102}}, {"service": {"name": "Management of STIs"}, "facility": {"code": 17102}}, {"service": {"name": "Condom Promotion and Distribution"}, "facility": {"code": 17102}}, {"service": {"name": "Nutrition Services"}, "facility": {"code": 17101}}, {"service": {"name": "Integrated Management of Childhood Illnesses"}, "facility": {"code": 17101}}, {"service": {"name": "Curative Services"}, "facility": {"code": 17101}}, {"service": {"name": "Basic Immunization"}, "facility": {"code": 17101}}, {"service": {"name": "Focused Antenatal Care"}, "facility": {"code": 17101}}, {"service": {"name": "Long Term FP"}, "facility": {"code": 17101}}, {"service": {"name": "Short Term FP"}, "facility": {"code": 17101}}, {"service": {"name": "Diagnostic Counselling and Testing"}, "facility": {"code": 17101}}, {"service": {"name": "Provider Initiated Counselling and Testing"}, "facility": {"code": 17101}}, {"service": {"name": "Management of STIs"}, "facility": {"code": 17101}}, {"service": {"name": "Condom Promotion and Distribution"}, "facility": {"code": 17101}}, {"service": {"name": "Long Term FP"}, "facility": {"code": 17100}}, {"service": {"name": "Short Term FP"}, "facility": {"code": 17100}}, {"service": {"name": "Curative Services"}, "facility": {"code": 17100}}, {"service": {"name": "Diagnostic Counselling and Testing"}, "facility": {"code": 17100}}, {"service": {"name": "Provider Initiated Counselling and Testing"}, "facility": {"code": 17100}}, {"service": {"name": "Management of STIs"}, "facility": {"code": 17100}}, {"service": {"name": "Condom Promotion and Distribution"}, "facility": {"code": 17100}}, {"service": {"name": "ENT Services"}, "facility": {"code": 15323}}, {"service": {"name": "Environmental Health Services"}, "facility": {"code": 12101}}, {"service": {"name": "Short Term FP"}, "facility": {"code": 15323}}, {"service": {"name": "PMTCT - Maternity"}, "facility": {"code": 15323}}, {"service": {"name": "Nutrition Services"}, "facility": {"code": 12101}}, {"service": {"name": "Maternity Services"}, "facility": {"code": 12101}}, {"service": {"name": "PMTCT - ANC"}, "facility": {"code": 15323}}, {"service": {"name": "Early Infant Diagnosis"}, "facility": {"code": 15323}}, {"service": {"name": "Voluntary Counselling and Testing"}, "facility": {"code": 15323}}, {"service": {"name": "Management of STIs"}, "facility": {"code": 15323}}, {"service": {"name": "Condom Promotion and Distribution"}, "facility": {"code": 15323}}, {"service": {"name": "Emergency Obstetric Care"}, "facility": {"code": 12101}}, {"service": {"name": "Focused Antenatal Care"}, "facility": {"code": 12101}}, {"service": {"name": "Integrated Services"}, "facility": {"code": 12101}}, {"service": {"name": "Short Term FP"}, "facility": {"code": 12101}}, {"service": {"name": "PMTCT - ANC"}, "facility": {"code": 12101}}, {"service": {"name": "Diagnostic Counselling and Testing"}, "facility": {"code": 12101}}, {"service": {"name": "Management of STIs"}, "facility": {"code": 12101}}, {"service": {"name": "PMTCT - Maternity"}, "facility": {"code": 12101}}, {"service": {"name": "Condom Promotion and Distribution"}, "facility": {"code": 12101}}, {"service": {"name": "ENT Services"}, "facility": {"code": 15540}}, {"service": {"name": "Basic Immunization"}, "facility": {"code": 12101}}, {"service": {"name": "Early Infant Diagnosis"}, "facility": {"code": 12101}}, {"service": {"name": "Immunization with additional vaccines"}, "facility": {"code": 15540}}, {"service": {"name": "Provider Initiated Counselling and Testing"}, "facility": {"code": 12101}}, {"service": {"name": "Basic Immunization"}, "facility": {"code": 15540}}, {"service": {"name": "Short Term FP"}, "facility": {"code": 15540}}, {"service": {"name": "Post Exposure Prophylaxis"}, "facility": {"code": 15540}}, {"service": {"name": "PMTCT - Maternity"}, "facility": {"code": 15540}}, {"service": {"name": "PMTCT - ANC"}, "facility": {"code": 15540}}, {"service": {"name": "First Line Treatment"}, "facility": {"code": 12101}}, {"service": {"name": "Immunization with additional vaccines"}, "facility": {"code": 12101}}, {"service": {"name": "Long Term FP"}, "facility": {"code": 12101}}, {"service": {"name": "Voluntary Male Circumcision"}, "facility": {"code": 12101}}, {"service": {"name": "Early Infant Diagnosis"}, "facility": {"code": 15540}}, {"service": {"name": "Voluntary Counselling and Testing"}, "facility": {"code": 15540}}, {"service": {"name": "Management of STIs"}, "facility": {"code": 15540}}, {"service": {"name": "Emergency Obstetric Care"}, "facility": {"code": 12327}}, {"service": {"name": "Environmental Health Services"}, "facility": {"code": 12327}}, {"service": {"name": "Condom Promotion and Distribution"}, "facility": {"code": 15540}}, {"service": {"name": "Nutrition Services"}, "facility": {"code": 12327}}, {"service": {"name": "Integrated Management of Childhood Illnesses"}, "facility": {"code": 12327}}, {"service": {"name": "Maternity Services"}, "facility": {"code": 12327}}, {"service": {"name": "Curative Services"}, "facility": {"code": 12327}}, {"service": {"name": "First Line Treatment"}, "facility": {"code": 12327}}, {"service": {"name": "Immunization with additional vaccines"}, "facility": {"code": 12327}}, {"service": {"name": "Focused Antenatal Care"}, "facility": {"code": 12327}}, {"service": {"name": "Integrated Services"}, "facility": {"code": 12327}}, {"service": {"name": "Diagnostic Counselling and Testing"}, "facility": {"code": 12327}}, {"service": {"name": "Long Term FP"}, "facility": {"code": 12327}}, {"service": {"name": "Short Term FP"}, "facility": {"code": 12327}}, {"service": {"name": "Early Infant Diagnosis"}, "facility": {"code": 12327}}, {"service": {"name": "Management of STIs"}, "facility": {"code": 12327}}, {"service": {"name": "Voluntary Male Circumcision"}, "facility": {"code": 12327}}, {"service": {"name": "PMTCT - Maternity"}, "facility": {"code": 12327}}, {"service": {"name": "PMTCT - ANC"}, "facility": {"code": 12327}}, {"service": {"name": "Provider Initiated Counselling and Testing"}, "facility": {"code": 12327}}, {"service": {"name": "Condom Promotion and Distribution"}, "facility": {"code": 12327}}, {"service": {"name": "PMTCT - ANC"}, "facility": {"code": 13335}}, {"service": {"name": "Nutrition Services"}, "facility": {"code": 13335}}, {"service": {"name": "Integrated Management of Childhood Illnesses"}, "facility": {"code": 13335}}, {"service": {"name": "Laboratory Services"}, "facility": {"code": 13335}}, {"service": {"name": "Maternity Services"}, "facility": {"code": 13335}}, {"service": {"name": "Curative Services"}, "facility": {"code": 13335}}, {"service": {"name": "Facility Based Blood Transfusion Service"}, "facility": {"code": 13335}}, {"service": {"name": "First Line Treatment"}, "facility": {"code": 13335}}, {"service": {"name": "Tuberculosis Culture"}, "facility": {"code": 13335}}, {"service": {"name": "Basic Immunization"}, "facility": {"code": 13335}}, {"service": {"name": "Long Term FP"}, "facility": {"code": 13335}}, {"service": {"name": "Paediatric Antiretroviral Therapy"}, "facility": {"code": 13335}}, {"service": {"name": "Adult Antiretroviral Therapy"}, "facility": {"code": 13335}}, {"service": {"name": "Post Exposure Prophylaxis"}, "facility": {"code": 13335}}, {"service": {"name": "PMTCT - Maternity"}, "facility": {"code": 13335}}, {"service": {"name": "Diagnostic Counselling and Testing"}, "facility": {"code": 13335}}, {"service": {"name": "Voluntary Counselling and Testing"}, "facility": {"code": 13335}}, {"service": {"name": "Condom Promotion and Distribution"}, "facility": {"code": 13335}}, {"service": {"name": "ENT Services"}, "facility": {"code": 15421}}, {"service": {"name": "Immunization with additional vaccines"}, "facility": {"code": 15421}}, {"service": {"name": "Basic Immunization"}, "facility": {"code": 15421}}, {"service": {"name": "Short Term FP"}, "facility": {"code": 15421}}, {"service": {"name": "Post Exposure Prophylaxis"}, "facility": {"code": 15421}}, {"service": {"name": "PMTCT - Maternity"}, "facility": {"code": 15421}}, {"service": {"name": "PMTCT - ANC"}, "facility": {"code": 15421}}, {"service": {"name": "Early Infant Diagnosis"}, "facility": {"code": 15421}}, {"service": {"name": "Provider Initiated Counselling and Testing"}, "facility": {"code": 15421}}, {"service": {"name": "Voluntary Counselling and Testing"}, "facility": {"code": 15421}}, {"service": {"name": "Management of STIs"}, "facility": {"code": 15421}}, {"service": {"name": "Condom Promotion and Distribution"}, "facility": {"code": 15421}}, {"service": {"name": "Emergency Obstetric Care"}, "facility": {"code": 12103}}, {"service": {"name": "Environmental Health Services"}, "facility": {"code": 12103}}, {"service": {"name": "Nutrition Services"}, "facility": {"code": 12103}}, {"service": {"name": "Immunization with additional vaccines"}, "facility": {"code": 14261}}, {"service": {"name": "Maternity Services"}, "facility": {"code": 12103}}, {"service": {"name": "Curative Services"}, "facility": {"code": 12103}}, {"service": {"name": "Immunization with additional vaccines"}, "facility": {"code": 12103}}, {"service": {"name": "Basic Immunization"}, "facility": {"code": 12103}}, {"service": {"name": "Focused Antenatal Care"}, "facility": {"code": 12103}}, {"service": {"name": "Integrated Services"}, "facility": {"code": 12103}}, {"service": {"name": "Management of STIs"}, "facility": {"code": 12103}}, {"service": {"name": "Voluntary Male Circumcision"}, "facility": {"code": 12103}}, {"service": {"name": "PMTCT - ANC"}, "facility": {"code": 12103}}, {"service": {"name": "Early Infant Diagnosis"}, "facility": {"code": 12103}}, {"service": {"name": "Condom Promotion and Distribution"}, "facility": {"code": 12103}}, {"service": {"name": "Long Term FP"}, "facility": {"code": 12103}}, {"service": {"name": "Short Term FP"}, "facility": {"code": 12103}}, {"service": {"name": "PMTCT - Maternity"}, "facility": {"code": 12103}}, {"service": {"name": "Diagnostic Counselling and Testing"}, "facility": {"code": 12103}}, {"service": {"name": "Provider Initiated Counselling and Testing"}, "facility": {"code": 12103}}, {"service": {"name": "Basic Immunization"}, "facility": {"code": 14261}}, {"service": {"name": "Short Term FP"}, "facility": {"code": 14261}}, {"service": {"name": "Post Exposure Prophylaxis"}, "facility": {"code": 14261}}, {"service": {"name": "PMTCT - Maternity"}, "facility": {"code": 14261}}, {"service": {"name": "PMTCT - ANC"}, "facility": {"code": 14261}}, {"service": {"name": "Early Infant Diagnosis"}, "facility": {"code": 14261}}, {"service": {"name": "Diagnostic Counselling and Testing"}, "facility": {"code": 14261}}, {"service": {"name": "Provider Initiated Counselling and Testing"}, "facility": {"code": 14261}}, {"service": {"name": "Voluntary Counselling and Testing"}, "facility": {"code": 14261}}, {"service": {"name": "Management of STIs"}, "facility": {"code": 14261}}, {"service": {"name": "Condom Promotion and Distribution"}, "facility": {"code": 14261}}, {"service": {"name": "Emergency Obstetric Care"}, "facility": {"code": 12418}}, {"service": {"name": "Environmental Health Services"}, "facility": {"code": 12418}}, {"service": {"name": "Nutrition Services"}, "facility": {"code": 12418}}, {"service": {"name": "Integrated Management of Childhood Illnesses"}, "facility": {"code": 12418}}, {"service": {"name": "Maternity Services"}, "facility": {"code": 12418}}, {"service": {"name": "Curative Services"}, "facility": {"code": 12418}}, {"service": {"name": "Immunization with additional vaccines"}, "facility": {"code": 12418}}, {"service": {"name": "Basic Immunization"}, "facility": {"code": 12418}}, {"service": {"name": "Focused Antenatal Care"}, "facility": {"code": 12418}}, {"service": {"name": "Integrated Services"}, "facility": {"code": 12418}}, {"service": {"name": "Long Term FP"}, "facility": {"code": 12418}}, {"service": {"name": "Short Term FP"}, "facility": {"code": 12418}}, {"service": {"name": "PMTCT - Maternity"}, "facility": {"code": 12418}}, {"service": {"name": "Early Infant Diagnosis"}, "facility": {"code": 12418}}, {"service": {"name": "Provider Initiated Counselling and Testing"}, "facility": {"code": 12418}}, {"service": {"name": "Curative Services"}, "facility": {"code": 17094}}, {"service": {"name": "Voluntary Male Circumcision"}, "facility": {"code": 12418}}, {"service": {"name": "First Line Treatment"}, "facility": {"code": 17094}}, {"service": {"name": "PMTCT - ANC"}, "facility": {"code": 12418}}, {"service": {"name": "Diagnostic Counselling and Testing"}, "facility": {"code": 12418}}, {"service": {"name": "Smear Microscopy"}, "facility": {"code": 17094}}, {"service": {"name": "Management of STIs"}, "facility": {"code": 12418}}, {"service": {"name": "Condom Promotion and Distribution"}, "facility": {"code": 12418}}, {"service": {"name": "Basic Immunization"}, "facility": {"code": 17094}}, {"service": {"name": "PMTCT - ANC"}, "facility": {"code": 17094}}, {"service": {"name": "Diagnostic Counselling and Testing"}, "facility": {"code": 17094}}, {"service": {"name": "Provider Initiated Counselling and Testing"}, "facility": {"code": 17094}}, {"service": {"name": "Voluntary Counselling and Testing"}, "facility": {"code": 17094}}, {"service": {"name": "Management of STIs"}, "facility": {"code": 17094}}, {"service": {"name": "Emergency Obstetric Care"}, "facility": {"code": 12362}}, {"service": {"name": "Smear Microscopy"}, "facility": {"code": 12362}}, {"service": {"name": "First Line Treatment"}, "facility": {"code": 12362}}, {"service": {"name": "Environmental Health Services"}, "facility": {"code": 12362}}, {"service": {"name": "Laboratory Services"}, "facility": {"code": 12362}}, {"service": {"name": "Maternity Services"}, "facility": {"code": 12362}}, {"service": {"name": "Nutrition Services"}, "facility": {"code": 12362}}, {"service": {"name": "Integrated Management of Childhood Illnesses"}, "facility": {"code": 12362}}, {"service": {"name": "Curative Services"}, "facility": {"code": 12362}}, {"service": {"name": "Basic Immunization"}, "facility": {"code": 12362}}, {"service": {"name": "Focused Antenatal Care"}, "facility": {"code": 12362}}, {"service": {"name": "Immunization with additional vaccines"}, "facility": {"code": 12362}}, {"service": {"name": "Integrated Services"}, "facility": {"code": 12362}}, {"service": {"name": "Long Term FP"}, "facility": {"code": 12362}}, {"service": {"name": "Short Term FP"}, "facility": {"code": 12362}}, {"service": {"name": "Voluntary Counselling and Testing"}, "facility": {"code": 12362}}, {"service": {"name": "Management of STIs"}, "facility": {"code": 12362}}, {"service": {"name": "Voluntary Male Circumcision"}, "facility": {"code": 12362}}, {"service": {"name": "PMTCT - Maternity"}, "facility": {"code": 12362}}, {"service": {"name": "PMTCT - ANC"}, "facility": {"code": 12362}}, {"service": {"name": "Early Infant Diagnosis"}, "facility": {"code": 12362}}, {"service": {"name": "Diagnostic Counselling and Testing"}, "facility": {"code": 12362}}, {"service": {"name": "Provider Initiated Counselling and Testing"}, "facility": {"code": 12362}}, {"service": {"name": "Condom Promotion and Distribution"}, "facility": {"code": 12362}}, {"service": {"name": "Nutrition Services"}, "facility": {"code": 12498}}, {"service": {"name": "Emergency Obstetric Care"}, "facility": {"code": 12498}}, {"service": {"name": "Environmental Health Services"}, "facility": {"code": 12498}}, {"service": {"name": "Maternity Services"}, "facility": {"code": 12498}}, {"service": {"name": "Curative Services"}, "facility": {"code": 12498}}, {"service": {"name": "First Line Treatment"}, "facility": {"code": 12498}}, {"service": {"name": "Immunization with additional vaccines"}, "facility": {"code": 12498}}, {"service": {"name": "Basic Immunization"}, "facility": {"code": 12498}}, {"service": {"name": "Focused Antenatal Care"}, "facility": {"code": 12498}}, {"service": {"name": "Integrated Services"}, "facility": {"code": 12498}}, {"service": {"name": "Short Term FP"}, "facility": {"code": 12498}}, {"service": {"name": "Long Term FP"}, "facility": {"code": 12498}}, {"service": {"name": "PMTCT - Maternity"}, "facility": {"code": 12498}}, {"service": {"name": "PMTCT - ANC"}, "facility": {"code": 12498}}, {"service": {"name": "Management of STIs"}, "facility": {"code": 12498}}, {"service": {"name": "Provider Initiated Counselling and Testing"}, "facility": {"code": 12498}}, {"service": {"name": "Voluntary Male Circumcision"}, "facility": {"code": 12498}}, {"service": {"name": "Early Infant Diagnosis"}, "facility": {"code": 12498}}, {"service": {"name": "Diagnostic Counselling and Testing"}, "facility": {"code": 12498}}, {"service": {"name": "Condom Promotion and Distribution"}, "facility": {"code": 12498}}, {"service": {"name": "Emergency Obstetric Care"}, "facility": {"code": 12562}}, {"service": {"name": "Environmental Health Services"}, "facility": {"code": 12562}}, {"service": {"name": "Nutrition Services"}, "facility": {"code": 12562}}, {"service": {"name": "Maternity Services"}, "facility": {"code": 12562}}, {"service": {"name": "Curative Services"}, "facility": {"code": 12562}}, {"service": {"name": "Immunization with additional vaccines"}, "facility": {"code": 12562}}, {"service": {"name": "Focused Antenatal Care"}, "facility": {"code": 12562}}, {"service": {"name": "Integrated Services"}, "facility": {"code": 12562}}, {"service": {"name": "Long Term FP"}, "facility": {"code": 12562}}, {"service": {"name": "Short Term FP"}, "facility": {"code": 12562}}, {"service": {"name": "Voluntary Male Circumcision"}, "facility": {"code": 12562}}, {"service": {"name": "Provider Initiated Counselling and Testing"}, "facility": {"code": 12562}}, {"service": {"name": "Management of STIs"}, "facility": {"code": 12562}}, {"service": {"name": "Diagnostic Counselling and Testing"}, "facility": {"code": 12562}}, {"service": {"name": "Condom Promotion and Distribution"}, "facility": {"code": 12562}}, {"service": {"name": "Curative Services"}, "facility": {"code": 10717}}, {"service": {"name": "Short Term FP"}, "facility": {"code": 14747}}, {"service": {"name": "Post Exposure Prophylaxis"}, "facility": {"code": 14747}}, {"service": {"name": "PMTCT - Maternity"}, "facility": {"code": 14747}}, {"service": {"name": "PMTCT - ANC"}, "facility": {"code": 14747}}, {"service": {"name": "Early Infant Diagnosis"}, "facility": {"code": 14747}}, {"service": {"name": "Condom Promotion and Distribution"}, "facility": {"code": 14747}}, {"service": {"name": "ENT Services"}, "facility": {"code": 14903}}, {"service": {"name": "Short Term FP"}, "facility": {"code": 14903}}, {"service": {"name": "Post Exposure Prophylaxis"}, "facility": {"code": 14903}}, {"service": {"name": "PMTCT - Maternity"}, "facility": {"code": 14903}}, {"service": {"name": "PMTCT - ANC"}, "facility": {"code": 14903}}, {"service": {"name": "Early Infant Diagnosis"}, "facility": {"code": 14903}}, {"service": {"name": "Condom Promotion and Distribution"}, "facility": {"code": 14903}}, {"service": {"name": "ENT Services"}, "facility": {"code": 15388}}, {"service": {"name": "Post Exposure Prophylaxis"}, "facility": {"code": 15388}}, {"service": {"name": "PMTCT - Maternity"}, "facility": {"code": 15388}}, {"service": {"name": "PMTCT - ANC"}, "facility": {"code": 15388}}, {"service": {"name": "Early Infant Diagnosis"}, "facility": {"code": 15388}}, {"service": {"name": "Diagnostic Counselling and Testing"}, "facility": {"code": 15388}}, {"service": {"name": "Provider Initiated Counselling and Testing"}, "facility": {"code": 15388}}, {"service": {"name": "Voluntary Counselling and Testing"}, "facility": {"code": 15388}}, {"service": {"name": "Management of STIs"}, "facility": {"code": 15388}}, {"service": {"name": "Condom Promotion and Distribution"}, "facility": {"code": 15388}}, {"service": {"name": "ENT Services"}, "facility": {"code": 15587}}, {"service": {"name": "Immunization with additional vaccines"}, "facility": {"code": 15587}}, {"service": {"name": "Basic Immunization"}, "facility": {"code": 15587}}, {"service": {"name": "Short Term FP"}, "facility": {"code": 15587}}, {"service": {"name": "Post Exposure Prophylaxis"}, "facility": {"code": 15587}}, {"service": {"name": "PMTCT - Maternity"}, "facility": {"code": 15587}}, {"service": {"name": "PMTCT - ANC"}, "facility": {"code": 15587}}, {"service": {"name": "Early Infant Diagnosis"}, "facility": {"code": 15587}}, {"service": {"name": "Diagnostic Counselling and Testing"}, "facility": {"code": 15587}}, {"service": {"name": "Provider Initiated Counselling and Testing"}, "facility": {"code": 15587}}, {"service": {"name": "Voluntary Counselling and Testing"}, "facility": {"code": 15587}}, {"service": {"name": "Management of STIs"}, "facility": {"code": 15587}}, {"service": {"name": "Condom Promotion and Distribution"}, "facility": {"code": 15587}}, {"service": {"name": "ENT Services"}, "facility": {"code": 14952}}, {"service": {"name": "Basic Immunization"}, "facility": {"code": 14952}}, {"service": {"name": "Short Term FP"}, "facility": {"code": 14952}}, {"service": {"name": "PMTCT - Maternity"}, "facility": {"code": 14952}}, {"service": {"name": "PMTCT - ANC"}, "facility": {"code": 14952}}, {"service": {"name": "Early Infant Diagnosis"}, "facility": {"code": 14952}}, {"service": {"name": "Management of STIs"}, "facility": {"code": 14952}}, {"service": {"name": "Condom Promotion and Distribution"}, "facility": {"code": 14952}}, {"service": {"name": "Short Term FP"}, "facility": {"code": 14585}}, {"service": {"name": "Post Exposure Prophylaxis"}, "facility": {"code": 14585}}, {"service": {"name": "PMTCT - Maternity"}, "facility": {"code": 14585}}, {"service": {"name": "PMTCT - ANC"}, "facility": {"code": 14585}}, {"service": {"name": "Early Infant Diagnosis"}, "facility": {"code": 14585}}, {"service": {"name": "Diagnostic Counselling and Testing"}, "facility": {"code": 14585}}, {"service": {"name": "Provider Initiated Counselling and Testing"}, "facility": {"code": 14585}}, {"service": {"name": "Voluntary Counselling and Testing"}, "facility": {"code": 14585}}, {"service": {"name": "Management of STIs"}, "facility": {"code": 14585}}, {"service": {"name": "Condom Promotion and Distribution"}, "facility": {"code": 14585}}, {"service": {"name": "ENT Services"}, "facility": {"code": 15116}}, {"service": {"name": "Short Term FP"}, "facility": {"code": 15116}}, {"service": {"name": "Post Exposure Prophylaxis"}, "facility": {"code": 15116}}, {"service": {"name": "PMTCT - Maternity"}, "facility": {"code": 15116}}, {"service": {"name": "PMTCT - ANC"}, "facility": {"code": 15116}}, {"service": {"name": "Early Infant Diagnosis"}, "facility": {"code": 15116}}, {"service": {"name": "Diagnostic Counselling and Testing"}, "facility": {"code": 15116}}, {"service": {"name": "Provider Initiated Counselling and Testing"}, "facility": {"code": 15116}}, {"service": {"name": "Voluntary Counselling and Testing"}, "facility": {"code": 15116}}, {"service": {"name": "Management of STIs"}, "facility": {"code": 15116}}, {"service": {"name": "Condom Promotion and Distribution"}, "facility": {"code": 15116}}, {"service": {"name": "ENT Services"}, "facility": {"code": 14580}}, {"service": {"name": "Immunization with additional vaccines"}, "facility": {"code": 14580}}, {"service": {"name": "Basic Immunization"}, "facility": {"code": 14580}}], "unique_fields": ["facility", "service"], "model": "facilities.FacilityService"}]