[{"records": [{"service": {"name": "Diagnostic Counselling and Testing"}, "facility": {"code": 16004}}, {"service": {"name": "Provider Initiated Counselling and Testing"}, "facility": {"code": 16004}}, {"service": {"name": "Voluntary Counselling and Testing"}, "facility": {"code": 16004}}, {"service": {"name": "Management of STIs"}, "facility": {"code": 16004}}, {"service": {"name": "Condom Promotion and Distribution"}, "facility": {"code": 16004}}, {"service": {"name": "Integrated Management of Childhood Illnesses"}, "facility": {"code": 16003}}, {"service": {"name": "Curative Services"}, "facility": {"code": 16003}}, {"service": {"name": "Basic Immunization"}, "facility": {"code": 16003}}, {"service": {"name": "Short Term FP"}, "facility": {"code": 16003}}, {"service": {"name": "Management of STIs"}, "facility": {"code": 16003}}, {"service": {"name": "Condom Promotion and Distribution"}, "facility": {"code": 16003}}, {"service": {"name": "Environmental Health Services"}, "facility": {"code": 15995}}, {"service": {"name": "Nutrition Services"}, "facility": {"code": 15995}}, {"service": {"name": "Integrated Management of Childhood Illnesses"}, "facility": {"code": 15995}}, {"service": {"name": "Curative Services"}, "facility": {"code": 15995}}, {"service": {"name": "Basic Immunization"}, "facility": {"code": 15995}}, {"service": {"name": "Short Term FP"}, "facility": {"code": 15995}}, {"service": {"name": "Provider Initiated Counselling and Testing"}, "facility": {"code": 15995}}, {"service": {"name": "Voluntary Counselling and Testing"}, "facility": {"code": 15995}}, {"service": {"name": "Management of STIs"}, "facility": {"code": 15995}}, {"service": {"name": "Condom Promotion and Distribution"}, "facility": {"code": 15995}}, {"service": {"name": "Emergency Obstetric Care"}, "facility": {"code": 15985}}, {"service": {"name": "Environmental Health Services"}, "facility": {"code": 15985}}, {"service": {"name": "Nutrition Services"}, "facility": {"code": 15985}}, {"service": {"name": "Integrated Management of Childhood Illnesses"}, "facility": {"code": 15985}}, {"service": {"name": "Maternity Services"}, "facility": {"code": 15985}}, {"service": {"name": "Curative Services"}, "facility": {"code": 15985}}, {"service": {"name": "Basic Immunization"}, "facility": {"code": 15985}}, {"service": {"name": "Focused Antenatal Care"}, "facility": {"code": 15985}}, {"service": {"name": "Short Term FP"}, "facility": {"code": 15985}}, {"service": {"name": "Post Exposure Prophylaxis"}, "facility": {"code": 15985}}, {"service": {"name": "PMTCT - Maternity"}, "facility": {"code": 15985}}, {"service": {"name": "PMTCT - ANC"}, "facility": {"code": 15985}}, {"service": {"name": "Diagnostic Counselling and Testing"}, "facility": {"code": 15985}}, {"service": {"name": "Provider Initiated Counselling and Testing"}, "facility": {"code": 15985}}, {"service": {"name": "Voluntary Counselling and Testing"}, "facility": {"code": 15985}}, {"service": {"name": "Management of STIs"}, "facility": {"code": 15985}}, {"service": {"name": "Condom Promotion and Distribution"}, "facility": {"code": 15985}}, {"service": {"name": "Emergency Obstetric Care"}, "facility": {"code": 15975}}, {"service": {"name": "Environmental Health Services"}, "facility": {"code": 15975}}, {"service": {"name": "Nutrition Services"}, "facility": {"code": 15975}}, {"service": {"name": "Integrated Management of Childhood Illnesses"}, "facility": {"code": 15975}}, {"service": {"name": "Laboratory Services"}, "facility": {"code": 15975}}, {"service": {"name": "Curative Services"}, "facility": {"code": 15975}}, {"service": {"name": "Smear Microscopy"}, "facility": {"code": 15975}}, {"service": {"name": "Basic Immunization"}, "facility": {"code": 15975}}, {"service": {"name": "Focused Antenatal Care"}, "facility": {"code": 15975}}, {"service": {"name": "Short Term FP"}, "facility": {"code": 15975}}, {"service": {"name": "PMTCT - ANC"}, "facility": {"code": 15975}}, {"service": {"name": "Provider Initiated Counselling and Testing"}, "facility": {"code": 15975}}, {"service": {"name": "Voluntary Counselling and Testing"}, "facility": {"code": 15975}}, {"service": {"name": "Management of STIs"}, "facility": {"code": 15975}}, {"service": {"name": "Condom Promotion and Distribution"}, "facility": {"code": 15975}}, {"service": {"name": "Environmental Health Services"}, "facility": {"code": 15937}}, {"service": {"name": "Nutrition Services"}, "facility": {"code": 15937}}, {"service": {"name": "Integrated Management of Childhood Illnesses"}, "facility": {"code": 15937}}, {"service": {"name": "Basic Immunization"}, "facility": {"code": 15937}}, {"service": {"name": "Curative Services"}, "facility": {"code": 15937}}, {"service": {"name": "Short Term FP"}, "facility": {"code": 15937}}, {"service": {"name": "PMTCT - ANC"}, "facility": {"code": 15937}}, {"service": {"name": "Provider Initiated Counselling and Testing"}, "facility": {"code": 15937}}, {"service": {"name": "Voluntary Counselling and Testing"}, "facility": {"code": 15937}}, {"service": {"name": "Management of STIs"}, "facility": {"code": 15937}}, {"service": {"name": "Condom Promotion and Distribution"}, "facility": {"code": 15937}}, {"service": {"name": "Emergency Obstetric Care"}, "facility": {"code": 15897}}, {"service": {"name": "Environmental Health Services"}, "facility": {"code": 15897}}, {"service": {"name": "Mental Health Services"}, "facility": {"code": 15897}}, {"service": {"name": "Nutrition Services"}, "facility": {"code": 15897}}, {"service": {"name": "Integrated Management of Childhood Illnesses"}, "facility": {"code": 15897}}, {"service": {"name": "Maternity Services"}, "facility": {"code": 15897}}, {"service": {"name": "Curative Services"}, "facility": {"code": 15897}}, {"service": {"name": "Short Term FP"}, "facility": {"code": 15897}}, {"service": {"name": "Basic Immunization"}, "facility": {"code": 15897}}, {"service": {"name": "PMTCT - ANC"}, "facility": {"code": 15897}}, {"service": {"name": "Provider Initiated Counselling and Testing"}, "facility": {"code": 15897}}, {"service": {"name": "Voluntary Counselling and Testing"}, "facility": {"code": 15897}}, {"service": {"name": "Management of STIs"}, "facility": {"code": 15897}}, {"service": {"name": "Condom Promotion and Distribution"}, "facility": {"code": 15897}}, {"service": {"name": "Curative Services"}, "facility": {"code": 15891}}, {"service": {"name": "Basic Immunization"}, "facility": {"code": 15891}}, {"service": {"name": "Short Term FP"}, "facility": {"code": 15891}}, {"service": {"name": "PMTCT - ANC"}, "facility": {"code": 15891}}, {"service": {"name": "Voluntary Male Circumcision"}, "facility": {"code": 15891}}, {"service": {"name": "Provider Initiated Counselling and Testing"}, "facility": {"code": 15891}}, {"service": {"name": "Voluntary Counselling and Testing"}, "facility": {"code": 15891}}, {"service": {"name": "Management of STIs"}, "facility": {"code": 15891}}, {"service": {"name": "Condom Promotion and Distribution"}, "facility": {"code": 15891}}, {"service": {"name": "Environmental Health Services"}, "facility": {"code": 15834}}, {"service": {"name": "Rehabilitative Health Services - Physiotherapy"}, "facility": {"code": 15834}}, {"service": {"name": "Services for Sexual Violence Survivors"}, "facility": {"code": 15834}}, {"service": {"name": "Mental Health Services"}, "facility": {"code": 15834}}, {"service": {"name": "Opthalmic Services"}, "facility": {"code": 15834}}, {"service": {"name": "Nutrition Services"}, "facility": {"code": 15834}}, {"service": {"name": "Integrated Management of Childhood Illnesses"}, "facility": {"code": 15834}}, {"service": {"name": "Ambulance Sevices"}, "facility": {"code": 15834}}, {"service": {"name": "Laboratory Services"}, "facility": {"code": 15834}}, {"service": {"name": "Radiology Services"}, "facility": {"code": 15834}}, {"service": {"name": "Surgical Services"}, "facility": {"code": 15834}}, {"service": {"name": "Maternity Services"}, "facility": {"code": 15834}}, {"service": {"name": "Curative Services"}, "facility": {"code": 15834}}, {"service": {"name": "Emergency Obstetric Care"}, "facility": {"code": 15835}}, {"service": {"name": "Maternity Services"}, "facility": {"code": 15835}}, {"service": {"name": "Curative Services"}, "facility": {"code": 15835}}, {"service": {"name": "Basic Immunization"}, "facility": {"code": 15835}}, {"service": {"name": "Short Term FP"}, "facility": {"code": 15835}}, {"service": {"name": "Management of STIs"}, "facility": {"code": 15835}}, {"service": {"name": "Condom Promotion and Distribution"}, "facility": {"code": 15835}}, {"service": {"name": "Emergency Preparedness"}, "facility": {"code": 15834}}, {"service": {"name": "ENT Services"}, "facility": {"code": 15834}}, {"service": {"name": "Dental Laboratory Services"}, "facility": {"code": 15834}}, {"service": {"name": "Oral Health Services (Dental Services)"}, "facility": {"code": 15834}}, {"service": {"name": "Emergency Obstetric Care"}, "facility": {"code": 15834}}, {"service": {"name": "Mortuary Services"}, "facility": {"code": 15834}}, {"service": {"name": "Services for Female Genital Mutilation (FGM) Survivors"}, "facility": {"code": 15834}}, {"service": {"name": "Facility Based Blood Transfusion Service"}, "facility": {"code": 15834}}, {"service": {"name": "Facility Based Blood Collection Service"}, "facility": {"code": 15834}}, {"service": {"name": "Rehabilitative Health Services - Orthopaedic Technology"}, "facility": {"code": 15834}}, {"service": {"name": "Rehabilitative Health Services - Occupational Health"}, "facility": {"code": 15834}}, {"service": {"name": "MDRTB Treatment"}, "facility": {"code": 15834}}, {"service": {"name": "First Line Treatment"}, "facility": {"code": 15834}}, {"service": {"name": "Tuberculosis Culture"}, "facility": {"code": 15834}}, {"service": {"name": "Smear Microscopy"}, "facility": {"code": 15834}}, {"service": {"name": "Immunization with additional vaccines"}, "facility": {"code": 15834}}, {"service": {"name": "Basic Immunization"}, "facility": {"code": 15834}}, {"service": {"name": "Focused Antenatal Care"}, "facility": {"code": 15834}}, {"service": {"name": "Integrated Services"}, "facility": {"code": 15834}}, {"service": {"name": "Adult Antiretroviral Therapy"}, "facility": {"code": 15834}}, {"service": {"name": "PMTCT - ANC"}, "facility": {"code": 15834}}, {"service": {"name": "Permanent FP"}, "facility": {"code": 15834}}, {"service": {"name": "Long Term FP"}, "facility": {"code": 15834}}, {"service": {"name": "Short Term FP"}, "facility": {"code": 15834}}, {"service": {"name": "Home Based Care"}, "facility": {"code": 15834}}, {"service": {"name": "Paediatric Antiretroviral Therapy"}, "facility": {"code": 15834}}, {"service": {"name": "Post Exposure Prophylaxis"}, "facility": {"code": 15834}}, {"service": {"name": "Voluntary Male Circumcision"}, "facility": {"code": 15834}}, {"service": {"name": "PMTCT - Maternity"}, "facility": {"code": 15834}}, {"service": {"name": "Early Infant Diagnosis"}, "facility": {"code": 15834}}, {"service": {"name": "Diagnostic Counselling and Testing"}, "facility": {"code": 15834}}, {"service": {"name": "Provider Initiated Counselling and Testing"}, "facility": {"code": 15834}}, {"service": {"name": "Voluntary Counselling and Testing"}, "facility": {"code": 15834}}, {"service": {"name": "Management of STIs"}, "facility": {"code": 15834}}, {"service": {"name": "Condom Promotion and Distribution"}, "facility": {"code": 15834}}, {"service": {"name": "Emergency Obstetric Care"}, "facility": {"code": 17048}}, {"service": {"name": "Nutrition Services"}, "facility": {"code": 17048}}, {"service": {"name": "Curative Services"}, "facility": {"code": 17048}}, {"service": {"name": "Opthalmic Services"}, "facility": {"code": 15375}}, {"service": {"name": "Nutrition Services"}, "facility": {"code": 15375}}, {"service": {"name": "Surgical Services"}, "facility": {"code": 15375}}, {"service": {"name": "Maternity Services"}, "facility": {"code": 15375}}, {"service": {"name": "Curative Services"}, "facility": {"code": 15375}}, {"service": {"name": "Focused Antenatal Care"}, "facility": {"code": 15375}}, {"service": {"name": "Long Term FP"}, "facility": {"code": 15375}}, {"service": {"name": "Short Term FP"}, "facility": {"code": 15375}}, {"service": {"name": "PMTCT - Maternity"}, "facility": {"code": 15375}}, {"service": {"name": "PMTCT - ANC"}, "facility": {"code": 15375}}, {"service": {"name": "Provider Initiated Counselling and Testing"}, "facility": {"code": 15375}}, {"service": {"name": "Management of STIs"}, "facility": {"code": 15375}}, {"service": {"name": "Condom Promotion and Distribution"}, "facility": {"code": 15375}}, {"service": {"name": "Surgical Services"}, "facility": {"code": 17046}}, {"service": {"name": "Curative Services"}, "facility": {"code": 17046}}, {"service": {"name": "Focused Antenatal Care"}, "facility": {"code": 17046}}, {"service": {"name": "Long Term FP"}, "facility": {"code": 17046}}, {"service": {"name": "Short Term FP"}, "facility": {"code": 17046}}, {"service": {"name": "Voluntary Male Circumcision"}, "facility": {"code": 17046}}, {"service": {"name": "PMTCT - ANC"}, "facility": {"code": 17046}}, {"service": {"name": "Diagnostic Counselling and Testing"}, "facility": {"code": 17046}}, {"service": {"name": "Provider Initiated Counselling and Testing"}, "facility": {"code": 17046}}, {"service": {"name": "Management of STIs"}, "facility": {"code": 17046}}, {"service": {"name": "Condom Promotion and Distribution"}, "facility": {"code": 17046}}, {"service": {"name": "Environmental Health Services"}, "facility": {"code": 15487}}, {"service": {"name": "Nutrition Services"}, "facility": {"code": 15487}}, {"service": {"name": "Curative Services"}, "facility": {"code": 15487}}, {"service": {"name": "Provider Initiated Counselling and Testing"}, "facility": {"code": 15487}}, {"service": {"name": "Voluntary Counselling and Testing"}, "facility": {"code": 15487}}, {"service": {"name": "Condom Promotion and Distribution"}, "facility": {"code": 15487}}, {"service": {"name": "Emergency Obstetric Care"}, "facility": {"code": 15616}}, {"service": {"name": "Environmental Health Services"}, "facility": {"code": 15616}}, {"service": {"name": "Nutrition Services"}, "facility": {"code": 15616}}, {"service": {"name": "Integrated Management of Childhood Illnesses"}, "facility": {"code": 15616}}, {"service": {"name": "Laboratory Services"}, "facility": {"code": 15616}}, {"service": {"name": "Curative Services"}, "facility": {"code": 15616}}, {"service": {"name": "Nutrition Services"}, "facility": {"code": 14907}}, {"service": {"name": "First Line Treatment"}, "facility": {"code": 15616}}, {"service": {"name": "Curative Services"}, "facility": {"code": 14907}}, {"service": {"name": "MDRTB Treatment"}, "facility": {"code": 15616}}, {"service": {"name": "Smear Microscopy"}, "facility": {"code": 15616}}, {"service": {"name": "Focused Antenatal Care"}, "facility": {"code": 14907}}, {"service": {"name": "Basic Immunization"}, "facility": {"code": 15616}}, {"service": {"name": "Focused Antenatal Care"}, "facility": {"code": 15616}}, {"service": {"name": "Provider Initiated Counselling and Testing"}, "facility": {"code": 14907}}, {"service": {"name": "Short Term FP"}, "facility": {"code": 15616}}, {"service": {"name": "Voluntary Counselling and Testing"}, "facility": {"code": 14907}}, {"service": {"name": "Condom Promotion and Distribution"}, "facility": {"code": 14907}}, {"service": {"name": "PMTCT - ANC"}, "facility": {"code": 15616}}, {"service": {"name": "Provider Initiated Counselling and Testing"}, "facility": {"code": 15616}}, {"service": {"name": "Diagnostic Counselling and Testing"}, "facility": {"code": 15616}}, {"service": {"name": "Management of STIs"}, "facility": {"code": 15616}}, {"service": {"name": "Condom Promotion and Distribution"}, "facility": {"code": 15616}}, {"service": {"name": "Emergency Obstetric Care"}, "facility": {"code": 15753}}, {"service": {"name": "Environmental Health Services"}, "facility": {"code": 15753}}, {"service": {"name": "Nutrition Services"}, "facility": {"code": 15753}}, {"service": {"name": "Integrated Management of Childhood Illnesses"}, "facility": {"code": 15753}}, {"service": {"name": "Maternity Services"}, "facility": {"code": 15753}}, {"service": {"name": "Laboratory Services"}, "facility": {"code": 15753}}, {"service": {"name": "Radiology Services"}, "facility": {"code": 15753}}, {"service": {"name": "Curative Services"}, "facility": {"code": 15753}}, {"service": {"name": "MDRTB Treatment"}, "facility": {"code": 15753}}, {"service": {"name": "First Line Treatment"}, "facility": {"code": 15753}}, {"service": {"name": "Smear Microscopy"}, "facility": {"code": 15753}}, {"service": {"name": "Basic Immunization"}, "facility": {"code": 15753}}, {"service": {"name": "Specialized ANC"}, "facility": {"code": 15753}}, {"service": {"name": "Focused Antenatal Care"}, "facility": {"code": 15753}}, {"service": {"name": "Integrated Services"}, "facility": {"code": 15753}}, {"service": {"name": "Short Term FP"}, "facility": {"code": 15753}}, {"service": {"name": "Adult Antiretroviral Therapy"}, "facility": {"code": 15753}}, {"service": {"name": "Long Term FP"}, "facility": {"code": 15753}}, {"service": {"name": "Paediatric Antiretroviral Therapy"}, "facility": {"code": 15753}}, {"service": {"name": "Early Infant Diagnosis"}, "facility": {"code": 15753}}, {"service": {"name": "Diagnostic Counselling and Testing"}, "facility": {"code": 15753}}, {"service": {"name": "PMTCT - ANC"}, "facility": {"code": 15753}}, {"service": {"name": "Post Exposure Prophylaxis"}, "facility": {"code": 15753}}, {"service": {"name": "PMTCT - Maternity"}, "facility": {"code": 15753}}, {"service": {"name": "Provider Initiated Counselling and Testing"}, "facility": {"code": 15753}}, {"service": {"name": "Voluntary Counselling and Testing"}, "facility": {"code": 15753}}, {"service": {"name": "Management of STIs"}, "facility": {"code": 15753}}, {"service": {"name": "Condom Promotion and Distribution"}, "facility": {"code": 15753}}, {"service": {"name": "Emergency Preparedness"}, "facility": {"code": 11941}}, {"service": {"name": "Emergency Obstetric Care"}, "facility": {"code": 11941}}, {"service": {"name": "Port Health Services"}, "facility": {"code": 11941}}, {"service": {"name": "Basic Immunization"}, "facility": {"code": 11941}}, {"service": {"name": "Specialized ANC"}, "facility": {"code": 11941}}, {"service": {"name": "Focused Antenatal Care"}, "facility": {"code": 11941}}, {"service": {"name": "Stand Alone Services"}, "facility": {"code": 11941}}, {"service": {"name": "Integrated Services"}, "facility": {"code": 11941}}, {"service": {"name": "Permanent FP"}, "facility": {"code": 11941}}, {"service": {"name": "Short Term FP"}, "facility": {"code": 11941}}, {"service": {"name": "Post Exposure Prophylaxis"}, "facility": {"code": 11941}}, {"service": {"name": "Voluntary Male Circumcision"}, "facility": {"code": 11941}}, {"service": {"name": "PMTCT - Maternity"}, "facility": {"code": 11941}}, {"service": {"name": "PMTCT - ANC"}, "facility": {"code": 11941}}, {"service": {"name": "Early Infant Diagnosis"}, "facility": {"code": 11941}}, {"service": {"name": "Diagnostic Counselling and Testing"}, "facility": {"code": 11941}}, {"service": {"name": "Provider Initiated Counselling and Testing"}, "facility": {"code": 11941}}, {"service": {"name": "Voluntary Counselling and Testing"}, "facility": {"code": 11941}}, {"service": {"name": "Management of STIs"}, "facility": {"code": 11941}}, {"service": {"name": "Condom Promotion and Distribution"}, "facility": {"code": 11941}}, {"service": {"name": "Emergency Obstetric Care"}, "facility": {"code": 15692}}, {"service": {"name": "Environmental Health Services"}, "facility": {"code": 15692}}, {"service": {"name": "Nutrition Services"}, "facility": {"code": 15692}}, {"service": {"name": "Maternity Services"}, "facility": {"code": 15692}}, {"service": {"name": "Curative Services"}, "facility": {"code": 15692}}, {"service": {"name": "First Line Treatment"}, "facility": {"code": 15692}}, {"service": {"name": "Smear Microscopy"}, "facility": {"code": 15692}}, {"service": {"name": "Basic Immunization"}, "facility": {"code": 15692}}, {"service": {"name": "Focused Antenatal Care"}, "facility": {"code": 15692}}, {"service": {"name": "Long Term FP"}, "facility": {"code": 15692}}, {"service": {"name": "Short Term FP"}, "facility": {"code": 15692}}, {"service": {"name": "PMTCT - Maternity"}, "facility": {"code": 15692}}, {"service": {"name": "PMTCT - ANC"}, "facility": {"code": 15692}}, {"service": {"name": "Provider Initiated Counselling and Testing"}, "facility": {"code": 15692}}, {"service": {"name": "Management of STIs"}, "facility": {"code": 15692}}, {"service": {"name": "Condom Promotion and Distribution"}, "facility": {"code": 15692}}, {"service": {"name": "Emergency Obstetric Care"}, "facility": {"code": 14734}}, {"service": {"name": "Environmental Health Services"}, "facility": {"code": 14734}}, {"service": {"name": "Laboratory Services"}, "facility": {"code": 14734}}, {"service": {"name": "Maternity Services"}, "facility": {"code": 14734}}, {"service": {"name": "Curative Services"}, "facility": {"code": 14734}}, {"service": {"name": "First Line Treatment"}, "facility": {"code": 14734}}, {"service": {"name": "Smear Microscopy"}, "facility": {"code": 14734}}, {"service": {"name": "Basic Immunization"}, "facility": {"code": 14734}}, {"service": {"name": "Focused Antenatal Care"}, "facility": {"code": 14734}}, {"service": {"name": "Permanent FP"}, "facility": {"code": 14734}}, {"service": {"name": "Long Term FP"}, "facility": {"code": 14734}}, {"service": {"name": "Short Term FP"}, "facility": {"code": 14734}}, {"service": {"name": "Home Based Care"}, "facility": {"code": 14734}}, {"service": {"name": "Post Exposure Prophylaxis"}, "facility": {"code": 14734}}, {"service": {"name": "PMTCT - Maternity"}, "facility": {"code": 14734}}, {"service": {"name": "PMTCT - ANC"}, "facility": {"code": 14734}}, {"service": {"name": "Provider Initiated Counselling and Testing"}, "facility": {"code": 14734}}, {"service": {"name": "Management of STIs"}, "facility": {"code": 14734}}, {"service": {"name": "Condom Promotion and Distribution"}, "facility": {"code": 14734}}, {"service": {"name": "Emergency Obstetric Care"}, "facility": {"code": 14753}}, {"service": {"name": "Rehabilitative Health Services - Occupational Health"}, "facility": {"code": 14753}}, {"service": {"name": "MDRTB Treatment"}, "facility": {"code": 14753}}, {"service": {"name": "First Line Treatment"}, "facility": {"code": 14753}}, {"service": {"name": "Tuberculosis Culture"}, "facility": {"code": 14753}}, {"service": {"name": "Smear Microscopy"}, "facility": {"code": 14753}}, {"service": {"name": "Immunization with additional vaccines"}, "facility": {"code": 14753}}, {"service": {"name": "Basic Immunization"}, "facility": {"code": 14753}}, {"service": {"name": "Focused Antenatal Care"}, "facility": {"code": 14753}}, {"service": {"name": "Permanent FP"}, "facility": {"code": 14753}}, {"service": {"name": "Long Term FP"}, "facility": {"code": 14753}}, {"service": {"name": "Short Term FP"}, "facility": {"code": 14753}}, {"service": {"name": "Home Based Care"}, "facility": {"code": 14753}}, {"service": {"name": "Adult Antiretroviral Therapy"}, "facility": {"code": 14753}}, {"service": {"name": "Paediatric Antiretroviral Therapy"}, "facility": {"code": 14753}}, {"service": {"name": "Post Exposure Prophylaxis"}, "facility": {"code": 14753}}, {"service": {"name": "PMTCT - Maternity"}, "facility": {"code": 14753}}, {"service": {"name": "PMTCT - ANC"}, "facility": {"code": 14753}}, {"service": {"name": "Early Infant Diagnosis"}, "facility": {"code": 14753}}, {"service": {"name": "Diagnostic Counselling and Testing"}, "facility": {"code": 14753}}, {"service": {"name": "Provider Initiated Counselling and Testing"}, "facility": {"code": 14753}}, {"service": {"name": "Voluntary Counselling and Testing"}, "facility": {"code": 14753}}, {"service": {"name": "Management of STIs"}, "facility": {"code": 14753}}, {"service": {"name": "Condom Promotion and Distribution"}, "facility": {"code": 14753}}, {"service": {"name": "MDRTB Treatment"}, "facility": {"code": 15229}}, {"service": {"name": "First Line Treatment"}, "facility": {"code": 15229}}, {"service": {"name": "Smear Microscopy"}, "facility": {"code": 15229}}, {"service": {"name": "Immunization with additional vaccines"}, "facility": {"code": 15229}}, {"service": {"name": "Basic Immunization"}, "facility": {"code": 15229}}, {"service": {"name": "Focused Antenatal Care"}, "facility": {"code": 15229}}, {"service": {"name": "Integrated Services"}, "facility": {"code": 15229}}, {"service": {"name": "Short Term FP"}, "facility": {"code": 15229}}, {"service": {"name": "Adult Antiretroviral Therapy"}, "facility": {"code": 15229}}, {"service": {"name": "Permanent FP"}, "facility": {"code": 15229}}, {"service": {"name": "Long Term FP"}, "facility": {"code": 15229}}, {"service": {"name": "Home Based Care"}, "facility": {"code": 15229}}, {"service": {"name": "Paediatric Antiretroviral Therapy"}, "facility": {"code": 15229}}, {"service": {"name": "Post Exposure Prophylaxis"}, "facility": {"code": 15229}}, {"service": {"name": "Early Infant Diagnosis"}, "facility": {"code": 15229}}, {"service": {"name": "Diagnostic Counselling and Testing"}, "facility": {"code": 15229}}, {"service": {"name": "Provider Initiated Counselling and Testing"}, "facility": {"code": 15229}}, {"service": {"name": "Voluntary Counselling and Testing"}, "facility": {"code": 15229}}, {"service": {"name": "PMTCT - Maternity"}, "facility": {"code": 15229}}, {"service": {"name": "PMTCT - ANC"}, "facility": {"code": 15229}}, {"service": {"name": "Management of STIs"}, "facility": {"code": 15229}}, {"service": {"name": "Condom Promotion and Distribution"}, "facility": {"code": 15229}}, {"service": {"name": "Emergency Obstetric Care"}, "facility": {"code": 14379}}, {"service": {"name": "Environmental Health Services"}, "facility": {"code": 14379}}, {"service": {"name": "Integrated Management of Childhood Illnesses"}, "facility": {"code": 14379}}, {"service": {"name": "Laboratory Services"}, "facility": {"code": 14379}}, {"service": {"name": "Radiology Services"}, "facility": {"code": 14379}}, {"service": {"name": "Maternity Services"}, "facility": {"code": 14379}}, {"service": {"name": "Curative Services"}, "facility": {"code": 14379}}, {"service": {"name": "First Line Treatment"}, "facility": {"code": 14379}}, {"service": {"name": "Tuberculosis Culture"}, "facility": {"code": 14379}}, {"service": {"name": "Smear Microscopy"}, "facility": {"code": 14379}}, {"service": {"name": "Immunization with additional vaccines"}, "facility": {"code": 14379}}, {"service": {"name": "Basic Immunization"}, "facility": {"code": 14379}}, {"service": {"name": "Permanent FP"}, "facility": {"code": 14379}}, {"service": {"name": "Long Term FP"}, "facility": {"code": 14379}}, {"service": {"name": "Short Term FP"}, "facility": {"code": 14379}}, {"service": {"name": "Home Based Care"}, "facility": {"code": 14379}}, {"service": {"name": "Post Exposure Prophylaxis"}, "facility": {"code": 14379}}, {"service": {"name": "PMTCT - Maternity"}, "facility": {"code": 14379}}, {"service": {"name": "PMTCT - ANC"}, "facility": {"code": 14379}}, {"service": {"name": "Provider Initiated Counselling and Testing"}, "facility": {"code": 14379}}, {"service": {"name": "Management of STIs"}, "facility": {"code": 14379}}, {"service": {"name": "Condom Promotion and Distribution"}, "facility": {"code": 14379}}, {"service": {"name": "Emergency Obstetric Care"}, "facility": {"code": 14363}}, {"service": {"name": "Environmental Health Services"}, "facility": {"code": 14363}}, {"service": {"name": "Nutrition Services"}, "facility": {"code": 14363}}, {"service": {"name": "Curative Services"}, "facility": {"code": 14363}}, {"service": {"name": "First Line Treatment"}, "facility": {"code": 14363}}, {"service": {"name": "Immunization with additional vaccines"}, "facility": {"code": 14363}}, {"service": {"name": "Basic Immunization"}, "facility": {"code": 14363}}, {"service": {"name": "Long Term FP"}, "facility": {"code": 14363}}, {"service": {"name": "Focused Antenatal Care"}, "facility": {"code": 14363}}, {"service": {"name": "Short Term FP"}, "facility": {"code": 14363}}, {"service": {"name": "PMTCT - Maternity"}, "facility": {"code": 14363}}, {"service": {"name": "PMTCT - ANC"}, "facility": {"code": 14363}}, {"service": {"name": "Provider Initiated Counselling and Testing"}, "facility": {"code": 14363}}, {"service": {"name": "Management of STIs"}, "facility": {"code": 14363}}, {"service": {"name": "Condom Promotion and Distribution"}, "facility": {"code": 14363}}, {"service": {"name": "Basic Immunization"}, "facility": {"code": 14838}}, {"service": {"name": "Focused Antenatal Care"}, "facility": {"code": 14838}}, {"service": {"name": "Short Term FP"}, "facility": {"code": 14838}}, {"service": {"name": "PMTCT - ANC"}, "facility": {"code": 14838}}, {"service": {"name": "Condom Promotion and Distribution"}, "facility": {"code": 14838}}, {"service": {"name": "Management of STIs"}, "facility": {"code": 14838}}, {"service": {"name": "Emergency Obstetric Care"}, "facility": {"code": 14838}}, {"service": {"name": "Emergency Preparedness"}, "facility": {"code": 14838}}, {"service": {"name": "ENT Services"}, "facility": {"code": 14838}}, {"service": {"name": "Oral Health Services (Dental Services)"}, "facility": {"code": 14838}}, {"service": {"name": "Nutrition Services"}, "facility": {"code": 10489}}, {"service": {"name": "Emergency Preparedness"}, "facility": {"code": 10489}}, {"service": {"name": "Laboratory Services"}, "facility": {"code": 10489}}, {"service": {"name": "Surgical Services"}, "facility": {"code": 10489}}, {"service": {"name": "Curative Services"}, "facility": {"code": 10489}}, {"service": {"name": "First Line Treatment"}, "facility": {"code": 10489}}, {"service": {"name": "MDRTB Treatment"}, "facility": {"code": 10489}}, {"service": {"name": "Immunization with additional vaccines"}, "facility": {"code": 10489}}, {"service": {"name": "Basic Immunization"}, "facility": {"code": 10489}}, {"service": {"name": "Focused Antenatal Care"}, "facility": {"code": 10489}}, {"service": {"name": "Long Term FP"}, "facility": {"code": 10489}}, {"service": {"name": "Short Term FP"}, "facility": {"code": 10489}}, {"service": {"name": "Adult Antiretroviral Therapy"}, "facility": {"code": 10489}}, {"service": {"name": "Paediatric Antiretroviral Therapy"}, "facility": {"code": 10489}}, {"service": {"name": "Post Exposure Prophylaxis"}, "facility": {"code": 10489}}, {"service": {"name": "PMTCT - Maternity"}, "facility": {"code": 10489}}, {"service": {"name": "PMTCT - ANC"}, "facility": {"code": 10489}}, {"service": {"name": "Early Infant Diagnosis"}, "facility": {"code": 10489}}, {"service": {"name": "Diagnostic Counselling and Testing"}, "facility": {"code": 10489}}, {"service": {"name": "Provider Initiated Counselling and Testing"}, "facility": {"code": 10489}}, {"service": {"name": "Management of STIs"}, "facility": {"code": 10489}}, {"service": {"name": "Condom Promotion and Distribution"}, "facility": {"code": 10489}}, {"service": {"name": "Emergency Obstetric Care"}, "facility": {"code": 15589}}, {"service": {"name": "Immunization with additional vaccines"}, "facility": {"code": 15589}}, {"service": {"name": "Basic Immunization"}, "facility": {"code": 17039}}, {"service": {"name": "Condom Promotion and Distribution"}, "facility": {"code": 17039}}, {"service": {"name": "Basic Immunization"}, "facility": {"code": 17038}}, {"service": {"name": "Focused Antenatal Care"}, "facility": {"code": 17038}}, {"service": {"name": "Condom Promotion and Distribution"}, "facility": {"code": 17038}}, {"service": {"name": "Services for Sexual Violence Survivors"}, "facility": {"code": 14936}}, {"service": {"name": "Mental Health Services"}, "facility": {"code": 14936}}, {"service": {"name": "Opthalmic Services"}, "facility": {"code": 14936}}, {"service": {"name": "Nutrition Services"}, "facility": {"code": 14936}}, {"service": {"name": "Integrated Management of Childhood Illnesses"}, "facility": {"code": 14936}}, {"service": {"name": "Surgical Services"}, "facility": {"code": 14936}}, {"service": {"name": "Curative Services"}, "facility": {"code": 14936}}, {"service": {"name": "Basic Immunization"}, "facility": {"code": 14936}}, {"service": {"name": "Focused Antenatal Care"}, "facility": {"code": 14936}}, {"service": {"name": "Long Term FP"}, "facility": {"code": 14936}}, {"service": {"name": "Short Term FP"}, "facility": {"code": 14936}}, {"service": {"name": "PMTCT - Maternity"}, "facility": {"code": 14936}}, {"service": {"name": "Early Infant Diagnosis"}, "facility": {"code": 14936}}, {"service": {"name": "PMTCT - ANC"}, "facility": {"code": 14936}}, {"service": {"name": "Diagnostic Counselling and Testing"}, "facility": {"code": 14936}}, {"service": {"name": "Provider Initiated Counselling and Testing"}, "facility": {"code": 14936}}, {"service": {"name": "Management of STIs"}, "facility": {"code": 14936}}, {"service": {"name": "Condom Promotion and Distribution"}, "facility": {"code": 14936}}, {"service": {"name": "Services for Sexual Violence Survivors"}, "facility": {"code": 17037}}, {"service": {"name": "Mental Health Services"}, "facility": {"code": 17037}}, {"service": {"name": "Opthalmic Services"}, "facility": {"code": 17037}}, {"service": {"name": "Nutrition Services"}, "facility": {"code": 17037}}, {"service": {"name": "Integrated Management of Childhood Illnesses"}, "facility": {"code": 17037}}, {"service": {"name": "Surgical Services"}, "facility": {"code": 17037}}, {"service": {"name": "Maternity Services"}, "facility": {"code": 17037}}, {"service": {"name": "Curative Services"}, "facility": {"code": 17037}}, {"service": {"name": "Basic Immunization"}, "facility": {"code": 17037}}, {"service": {"name": "Focused Antenatal Care"}, "facility": {"code": 17037}}, {"service": {"name": "Short Term FP"}, "facility": {"code": 17037}}, {"service": {"name": "PMTCT - Maternity"}, "facility": {"code": 17037}}, {"service": {"name": "PMTCT - ANC"}, "facility": {"code": 17037}}, {"service": {"name": "Diagnostic Counselling and Testing"}, "facility": {"code": 17037}}, {"service": {"name": "Provider Initiated Counselling and Testing"}, "facility": {"code": 17037}}, {"service": {"name": "Management of STIs"}, "facility": {"code": 17037}}, {"service": {"name": "Condom Promotion and Distribution"}, "facility": {"code": 17037}}, {"service": {"name": "Laboratory Services"}, "facility": {"code": 17034}}, {"service": {"name": "Rehabilitative Health Services - Physiotherapy"}, "facility": {"code": 13726}}, {"service": {"name": "Services for Sexual Violence Survivors"}, "facility": {"code": 13726}}, {"service": {"name": "Ambulance Sevices"}, "facility": {"code": 13726}}, {"service": {"name": "Laboratory Services"}, "facility": {"code": 13726}}, {"service": {"name": "Surgical Services"}, "facility": {"code": 13726}}, {"service": {"name": "Maternity Services"}, "facility": {"code": 13726}}, {"service": {"name": "Curative Services"}, "facility": {"code": 13726}}, {"service": {"name": "Mortuary Services"}, "facility": {"code": 13726}}, {"service": {"name": "Facility Based Blood Collection Service"}, "facility": {"code": 13726}}, {"service": {"name": "Rehabilitative Health Services - Orthopaedic Technology"}, "facility": {"code": 13726}}, {"service": {"name": "Rehabilitative Health Services - Occupational Health"}, "facility": {"code": 13726}}, {"service": {"name": "MDRTB Treatment"}, "facility": {"code": 13726}}, {"service": {"name": "Tuberculosis Culture"}, "facility": {"code": 13726}}, {"service": {"name": "Port Immunization Services"}, "facility": {"code": 13726}}, {"service": {"name": "Emergency Obstetric Care"}, "facility": {"code": 10256}}, {"service": {"name": "Curative Services"}, "facility": {"code": 10256}}, {"service": {"name": "Basic Immunization"}, "facility": {"code": 10256}}, {"service": {"name": "Focused Antenatal Care"}, "facility": {"code": 10256}}, {"service": {"name": "Long Term FP"}, "facility": {"code": 10256}}, {"service": {"name": "Short Term FP"}, "facility": {"code": 10256}}, {"service": {"name": "Post Exposure Prophylaxis"}, "facility": {"code": 10256}}, {"service": {"name": "PMTCT - ANC"}, "facility": {"code": 10256}}, {"service": {"name": "Diagnostic Counselling and Testing"}, "facility": {"code": 10256}}, {"service": {"name": "Provider Initiated Counselling and Testing"}, "facility": {"code": 10256}}, {"service": {"name": "Management of STIs"}, "facility": {"code": 10256}}, {"service": {"name": "Condom Promotion and Distribution"}, "facility": {"code": 10256}}, {"service": {"name": "Emergency Obstetric Care"}, "facility": {"code": 10432}}, {"service": {"name": "Environmental Health Services"}, "facility": {"code": 10432}}, {"service": {"name": "Nutrition Services"}, "facility": {"code": 10432}}, {"service": {"name": "Curative Services"}, "facility": {"code": 10432}}, {"service": {"name": "First Line Treatment"}, "facility": {"code": 10432}}, {"service": {"name": "Basic Immunization"}, "facility": {"code": 10432}}, {"service": {"name": "Focused Antenatal Care"}, "facility": {"code": 10432}}, {"service": {"name": "Short Term FP"}, "facility": {"code": 10432}}, {"service": {"name": "PMTCT - ANC"}, "facility": {"code": 10432}}, {"service": {"name": "Provider Initiated Counselling and Testing"}, "facility": {"code": 10432}}, {"service": {"name": "Management of STIs"}, "facility": {"code": 10432}}, {"service": {"name": "Condom Promotion and Distribution"}, "facility": {"code": 10432}}, {"service": {"name": "Curative Services"}, "facility": {"code": 17036}}, {"service": {"name": "Focused Antenatal Care"}, "facility": {"code": 17036}}, {"service": {"name": "Short Term FP"}, "facility": {"code": 17036}}, {"service": {"name": "Management of STIs"}, "facility": {"code": 17036}}, {"service": {"name": "Immunization with additional vaccines"}, "facility": {"code": 15247}}, {"service": {"name": "Laboratory Services"}, "facility": {"code": 15263}}, {"service": {"name": "Environmental Health Services"}, "facility": {"code": 15170}}, {"service": {"name": "ENT Services"}, "facility": {"code": 15719}}, {"service": {"name": "Oral Health Services (Dental Services)"}, "facility": {"code": 15719}}, {"service": {"name": "Emergency Obstetric Care"}, "facility": {"code": 15719}}, {"service": {"name": "Mortuary Services"}, "facility": {"code": 15719}}, {"service": {"name": "Rehabilitative Health Services - Occupational Health"}, "facility": {"code": 15719}}, {"service": {"name": "First Line Treatment"}, "facility": {"code": 15719}}, {"service": {"name": "Tuberculosis Culture"}, "facility": {"code": 15719}}, {"service": {"name": "Smear Microscopy"}, "facility": {"code": 15719}}, {"service": {"name": "Basic Immunization"}, "facility": {"code": 15719}}, {"service": {"name": "Focused Antenatal Care"}, "facility": {"code": 15719}}, {"service": {"name": "Integrated Services"}, "facility": {"code": 15719}}, {"service": {"name": "Short Term FP"}, "facility": {"code": 15719}}, {"service": {"name": "Adult Antiretroviral Therapy"}, "facility": {"code": 15719}}, {"service": {"name": "Paediatric Antiretroviral Therapy"}, "facility": {"code": 15719}}, {"service": {"name": "Post Exposure Prophylaxis"}, "facility": {"code": 15719}}, {"service": {"name": "PMTCT - Maternity"}, "facility": {"code": 15719}}, {"service": {"name": "PMTCT - ANC"}, "facility": {"code": 15719}}, {"service": {"name": "Early Infant Diagnosis"}, "facility": {"code": 15719}}, {"service": {"name": "Diagnostic Counselling and Testing"}, "facility": {"code": 15719}}, {"service": {"name": "Provider Initiated Counselling and Testing"}, "facility": {"code": 15719}}, {"service": {"name": "Voluntary Counselling and Testing"}, "facility": {"code": 15719}}, {"service": {"name": "Management of STIs"}, "facility": {"code": 15719}}, {"service": {"name": "Condom Promotion and Distribution"}, "facility": {"code": 15719}}, {"service": {"name": "Emergency Obstetric Care"}, "facility": {"code": 17034}}, {"service": {"name": "Curative Services"}, "facility": {"code": 17034}}, {"service": {"name": "Focused Antenatal Care"}, "facility": {"code": 17034}}, {"service": {"name": "Short Term FP"}, "facility": {"code": 17034}}, {"service": {"name": "Management of STIs"}, "facility": {"code": 17034}}, {"service": {"name": "Condom Promotion and Distribution"}, "facility": {"code": 17034}}, {"service": {"name": "Emergency Obstetric Care"}, "facility": {"code": 15325}}, {"service": {"name": "Environmental Health Services"}, "facility": {"code": 15325}}, {"service": {"name": "Integrated Management of Childhood Illnesses"}, "facility": {"code": 15325}}, {"service": {"name": "Laboratory Services"}, "facility": {"code": 15325}}, {"service": {"name": "Maternity Services"}, "facility": {"code": 15325}}, {"service": {"name": "Curative Services"}, "facility": {"code": 15325}}, {"service": {"name": "First Line Treatment"}, "facility": {"code": 15325}}, {"service": {"name": "Smear Microscopy"}, "facility": {"code": 15325}}, {"service": {"name": "Immunization with additional vaccines"}, "facility": {"code": 15325}}, {"service": {"name": "Basic Immunization"}, "facility": {"code": 15325}}, {"service": {"name": "Focused Antenatal Care"}, "facility": {"code": 15325}}, {"service": {"name": "Integrated Services"}, "facility": {"code": 15325}}, {"service": {"name": "Long Term FP"}, "facility": {"code": 15325}}, {"service": {"name": "Short Term FP"}, "facility": {"code": 15325}}, {"service": {"name": "Adult Antiretroviral Therapy"}, "facility": {"code": 15325}}, {"service": {"name": "Paediatric Antiretroviral Therapy"}, "facility": {"code": 15325}}, {"service": {"name": "Post Exposure Prophylaxis"}, "facility": {"code": 15325}}, {"service": {"name": "PMTCT - Maternity"}, "facility": {"code": 15325}}, {"service": {"name": "PMTCT - ANC"}, "facility": {"code": 15325}}, {"service": {"name": "Early Infant Diagnosis"}, "facility": {"code": 15325}}, {"service": {"name": "Diagnostic Counselling and Testing"}, "facility": {"code": 15325}}, {"service": {"name": "Provider Initiated Counselling and Testing"}, "facility": {"code": 15325}}, {"service": {"name": "Voluntary Counselling and Testing"}, "facility": {"code": 15325}}, {"service": {"name": "Management of STIs"}, "facility": {"code": 15325}}, {"service": {"name": "Condom Promotion and Distribution"}, "facility": {"code": 15325}}, {"service": {"name": "Emergency Obstetric Care"}, "facility": {"code": 15723}}, {"service": {"name": "Curative Services"}, "facility": {"code": 15723}}, {"service": {"name": "Basic Immunization"}, "facility": {"code": 15723}}, {"service": {"name": "Focused Antenatal Care"}, "facility": {"code": 15723}}, {"service": {"name": "Short Term FP"}, "facility": {"code": 15723}}, {"service": {"name": "Early Infant Diagnosis"}, "facility": {"code": 15723}}, {"service": {"name": "PMTCT - ANC"}, "facility": {"code": 15723}}, {"service": {"name": "Post Exposure Prophylaxis"}, "facility": {"code": 15723}}, {"service": {"name": "Diagnostic Counselling and Testing"}, "facility": {"code": 15723}}, {"service": {"name": "Provider Initiated Counselling and Testing"}, "facility": {"code": 15723}}, {"service": {"name": "Voluntary Counselling and Testing"}, "facility": {"code": 15723}}, {"service": {"name": "Management of STIs"}, "facility": {"code": 15723}}, {"service": {"name": "Condom Promotion and Distribution"}, "facility": {"code": 15723}}, {"service": {"name": "First Line Treatment"}, "facility": {"code": 15263}}, {"service": {"name": "Environmental Health Services"}, "facility": {"code": 15263}}, {"service": {"name": "Emergency Obstetric Care"}, "facility": {"code": 15263}}, {"service": {"name": "Curative Services"}, "facility": {"code": 15263}}, {"service": {"name": "Smear Microscopy"}, "facility": {"code": 15263}}, {"service": {"name": "Short Term FP"}, "facility": {"code": 15263}}, {"service": {"name": "Post Exposure Prophylaxis"}, "facility": {"code": 15263}}, {"service": {"name": "Diagnostic Counselling and Testing"}, "facility": {"code": 15263}}, {"service": {"name": "Provider Initiated Counselling and Testing"}, "facility": {"code": 15263}}, {"service": {"name": "Voluntary Counselling and Testing"}, "facility": {"code": 15263}}, {"service": {"name": "Management of STIs"}, "facility": {"code": 15263}}, {"service": {"name": "Condom Promotion and Distribution"}, "facility": {"code": 15263}}, {"service": {"name": "Emergency Obstetric Care"}, "facility": {"code": 17033}}, {"service": {"name": "Curative Services"}, "facility": {"code": 17033}}, {"service": {"name": "Short Term FP"}, "facility": {"code": 17033}}, {"service": {"name": "Post Exposure Prophylaxis"}, "facility": {"code": 17033}}, {"service": {"name": "Early Infant Diagnosis"}, "facility": {"code": 17033}}, {"service": {"name": "Diagnostic Counselling and Testing"}, "facility": {"code": 17033}}, {"service": {"name": "Provider Initiated Counselling and Testing"}, "facility": {"code": 17033}}, {"service": {"name": "Voluntary Counselling and Testing"}, "facility": {"code": 17033}}, {"service": {"name": "Management of STIs"}, "facility": {"code": 17033}}, {"service": {"name": "Condom Promotion and Distribution"}, "facility": {"code": 17033}}, {"service": {"name": "Emergency Obstetric Care"}, "facility": {"code": 15328}}, {"service": {"name": "Environmental Health Services"}, "facility": {"code": 15328}}, {"service": {"name": "Curative Services"}, "facility": {"code": 15328}}, {"service": {"name": "Basic Immunization"}, "facility": {"code": 15328}}, {"service": {"name": "Focused Antenatal Care"}, "facility": {"code": 15328}}, {"service": {"name": "Short Term FP"}, "facility": {"code": 15328}}, {"service": {"name": "PMTCT - ANC"}, "facility": {"code": 15328}}, {"service": {"name": "Post Exposure Prophylaxis"}, "facility": {"code": 15328}}, {"service": {"name": "Diagnostic Counselling and Testing"}, "facility": {"code": 15328}}, {"service": {"name": "Provider Initiated Counselling and Testing"}, "facility": {"code": 15328}}, {"service": {"name": "Voluntary Counselling and Testing"}, "facility": {"code": 15328}}, {"service": {"name": "Management of STIs"}, "facility": {"code": 15328}}, {"service": {"name": "Condom Promotion and Distribution"}, "facility": {"code": 15328}}, {"service": {"name": "Focused Antenatal Care"}, "facility": {"code": 15404}}, {"service": {"name": "Immunization with additional vaccines"}, "facility": {"code": 15404}}, {"service": {"name": "Basic Immunization"}, "facility": {"code": 15404}}, {"service": {"name": "Emergency Obstetric Care"}, "facility": {"code": 15404}}, {"service": {"name": "Short Term FP"}, "facility": {"code": 15404}}, {"service": {"name": "Post Exposure Prophylaxis"}, "facility": {"code": 15404}}, {"service": {"name": "PMTCT - Maternity"}, "facility": {"code": 15404}}, {"service": {"name": "PMTCT - ANC"}, "facility": {"code": 15404}}, {"service": {"name": "Early Infant Diagnosis"}, "facility": {"code": 15404}}, {"service": {"name": "Diagnostic Counselling and Testing"}, "facility": {"code": 15404}}, {"service": {"name": "Provider Initiated Counselling and Testing"}, "facility": {"code": 15404}}, {"service": {"name": "Voluntary Counselling and Testing"}, "facility": {"code": 15404}}, {"service": {"name": "Management of STIs"}, "facility": {"code": 15404}}, {"service": {"name": "Condom Promotion and Distribution"}, "facility": {"code": 15404}}, {"service": {"name": "Curative Services"}, "facility": {"code": 16677}}, {"service": {"name": "Emergency Obstetric Care"}, "facility": {"code": 16677}}, {"service": {"name": "Basic Immunization"}, "facility": {"code": 16677}}, {"service": {"name": "Short Term FP"}, "facility": {"code": 16677}}, {"service": {"name": "Post Exposure Prophylaxis"}, "facility": {"code": 16677}}, {"service": {"name": "Diagnostic Counselling and Testing"}, "facility": {"code": 16677}}, {"service": {"name": "Provider Initiated Counselling and Testing"}, "facility": {"code": 16677}}, {"service": {"name": "Voluntary Counselling and Testing"}, "facility": {"code": 16677}}, {"service": {"name": "Management of STIs"}, "facility": {"code": 16677}}, {"service": {"name": "Condom Promotion and Distribution"}, "facility": {"code": 16677}}, {"service": {"name": "Emergency Obstetric Care"}, "facility": {"code": 17032}}, {"service": {"name": "Emergency Obstetric Care"}, "facility": {"code": 15102}}, {"service": {"name": "Basic Immunization"}, "facility": {"code": 15102}}, {"service": {"name": "Focused Antenatal Care"}, "facility": {"code": 15102}}, {"service": {"name": "Curative Services"}, "facility": {"code": 15102}}, {"service": {"name": "Short Term FP"}, "facility": {"code": 15102}}, {"service": {"name": "Post Exposure Prophylaxis"}, "facility": {"code": 15102}}, {"service": {"name": "Diagnostic Counselling and Testing"}, "facility": {"code": 15102}}, {"service": {"name": "Provider Initiated Counselling and Testing"}, "facility": {"code": 15102}}, {"service": {"name": "Voluntary Counselling and Testing"}, "facility": {"code": 15102}}, {"service": {"name": "Management of STIs"}, "facility": {"code": 15102}}, {"service": {"name": "Condom Promotion and Distribution"}, "facility": {"code": 15102}}, {"service": {"name": "Emergency Obstetric Care"}, "facility": {"code": 16678}}, {"service": {"name": "Curative Services"}, "facility": {"code": 16678}}, {"service": {"name": "Short Term FP"}, "facility": {"code": 16678}}, {"service": {"name": "Post Exposure Prophylaxis"}, "facility": {"code": 16678}}, {"service": {"name": "Diagnostic Counselling and Testing"}, "facility": {"code": 16678}}, {"service": {"name": "Provider Initiated Counselling and Testing"}, "facility": {"code": 16678}}, {"service": {"name": "Voluntary Counselling and Testing"}, "facility": {"code": 16678}}, {"service": {"name": "Management of STIs"}, "facility": {"code": 16678}}, {"service": {"name": "Condom Promotion and Distribution"}, "facility": {"code": 16678}}, {"service": {"name": "Emergency Obstetric Care"}, "facility": {"code": 15266}}, {"service": {"name": "Curative Services"}, "facility": {"code": 15266}}, {"service": {"name": "Basic Immunization"}, "facility": {"code": 15266}}, {"service": {"name": "Post Exposure Prophylaxis"}, "facility": {"code": 15266}}, {"service": {"name": "Diagnostic Counselling and Testing"}, "facility": {"code": 15266}}, {"service": {"name": "Provider Initiated Counselling and Testing"}, "facility": {"code": 15266}}, {"service": {"name": "Voluntary Counselling and Testing"}, "facility": {"code": 15266}}, {"service": {"name": "Management of STIs"}, "facility": {"code": 15266}}, {"service": {"name": "Condom Promotion and Distribution"}, "facility": {"code": 15266}}, {"service": {"name": "Emergency Obstetric Care"}, "facility": {"code": 15502}}, {"service": {"name": "Maternity Services"}, "facility": {"code": 15502}}, {"service": {"name": "Curative Services"}, "facility": {"code": 15502}}, {"service": {"name": "First Line Treatment"}, "facility": {"code": 15502}}, {"service": {"name": "Smear Microscopy"}, "facility": {"code": 15502}}, {"service": {"name": "Immunization with additional vaccines"}, "facility": {"code": 15502}}, {"service": {"name": "Basic Immunization"}, "facility": {"code": 15502}}, {"service": {"name": "Specialized ANC"}, "facility": {"code": 15502}}, {"service": {"name": "Focused Antenatal Care"}, "facility": {"code": 15502}}, {"service": {"name": "Long Term FP"}, "facility": {"code": 15502}}, {"service": {"name": "Short Term FP"}, "facility": {"code": 15502}}, {"service": {"name": "Adult Antiretroviral Therapy"}, "facility": {"code": 15502}}, {"service": {"name": "Paediatric Antiretroviral Therapy"}, "facility": {"code": 15502}}, {"service": {"name": "Post Exposure Prophylaxis"}, "facility": {"code": 15502}}, {"service": {"name": "Voluntary Male Circumcision"}, "facility": {"code": 15502}}, {"service": {"name": "PMTCT - Maternity"}, "facility": {"code": 15502}}, {"service": {"name": "PMTCT - ANC"}, "facility": {"code": 15502}}, {"service": {"name": "Early Infant Diagnosis"}, "facility": {"code": 15502}}, {"service": {"name": "Diagnostic Counselling and Testing"}, "facility": {"code": 15502}}, {"service": {"name": "Provider Initiated Counselling and Testing"}, "facility": {"code": 15502}}, {"service": {"name": "Voluntary Counselling and Testing"}, "facility": {"code": 15502}}, {"service": {"name": "Management of STIs"}, "facility": {"code": 15502}}, {"service": {"name": "Curative Services"}, "facility": {"code": 15461}}, {"service": {"name": "Emergency Obstetric Care"}, "facility": {"code": 15461}}, {"service": {"name": "Basic Immunization"}, "facility": {"code": 15461}}, {"service": {"name": "Focused Antenatal Care"}, "facility": {"code": 15461}}, {"service": {"name": "Short Term FP"}, "facility": {"code": 15461}}, {"service": {"name": "PMTCT - ANC"}, "facility": {"code": 15461}}, {"service": {"name": "Post Exposure Prophylaxis"}, "facility": {"code": 15461}}, {"service": {"name": "Diagnostic Counselling and Testing"}, "facility": {"code": 15461}}, {"service": {"name": "Provider Initiated Counselling and Testing"}, "facility": {"code": 15461}}, {"service": {"name": "Voluntary Counselling and Testing"}, "facility": {"code": 15461}}, {"service": {"name": "Management of STIs"}, "facility": {"code": 15461}}, {"service": {"name": "Condom Promotion and Distribution"}, "facility": {"code": 15461}}, {"service": {"name": "Emergency Obstetric Care"}, "facility": {"code": 15501}}, {"service": {"name": "Curative Services"}, "facility": {"code": 15501}}, {"service": {"name": "Post Exposure Prophylaxis"}, "facility": {"code": 15501}}, {"service": {"name": "Diagnostic Counselling and Testing"}, "facility": {"code": 15501}}, {"service": {"name": "Provider Initiated Counselling and Testing"}, "facility": {"code": 15501}}, {"service": {"name": "Voluntary Counselling and Testing"}, "facility": {"code": 15501}}, {"service": {"name": "Management of STIs"}, "facility": {"code": 15501}}, {"service": {"name": "Emergency Obstetric Care"}, "facility": {"code": 15417}}, {"service": {"name": "Maternity Services"}, "facility": {"code": 15417}}, {"service": {"name": "Curative Services"}, "facility": {"code": 15417}}, {"service": {"name": "First Line Treatment"}, "facility": {"code": 15417}}, {"service": {"name": "Basic Immunization"}, "facility": {"code": 15417}}, {"service": {"name": "Smear Microscopy"}, "facility": {"code": 15417}}, {"service": {"name": "Short Term FP"}, "facility": {"code": 15417}}, {"service": {"name": "Post Exposure Prophylaxis"}, "facility": {"code": 15417}}, {"service": {"name": "PMTCT - Maternity"}, "facility": {"code": 15417}}, {"service": {"name": "PMTCT - ANC"}, "facility": {"code": 15417}}, {"service": {"name": "Early Infant Diagnosis"}, "facility": {"code": 15417}}, {"service": {"name": "Diagnostic Counselling and Testing"}, "facility": {"code": 15417}}, {"service": {"name": "Provider Initiated Counselling and Testing"}, "facility": {"code": 15417}}, {"service": {"name": "Voluntary Counselling and Testing"}, "facility": {"code": 15417}}, {"service": {"name": "Management of STIs"}, "facility": {"code": 15417}}, {"service": {"name": "Condom Promotion and Distribution"}, "facility": {"code": 15417}}, {"service": {"name": "Emergency Obstetric Care"}, "facility": {"code": 15588}}, {"service": {"name": "Provider Initiated Counselling and Testing"}, "facility": {"code": 15588}}, {"service": {"name": "Voluntary Counselling and Testing"}, "facility": {"code": 15588}}, {"service": {"name": "Management of STIs"}, "facility": {"code": 15588}}, {"service": {"name": "Emergency Obstetric Care"}, "facility": {"code": 16679}}, {"service": {"name": "Curative Services"}, "facility": {"code": 16679}}, {"service": {"name": "Short Term FP"}, "facility": {"code": 16679}}, {"service": {"name": "Post Exposure Prophylaxis"}, "facility": {"code": 16679}}, {"service": {"name": "Diagnostic Counselling and Testing"}, "facility": {"code": 16679}}, {"service": {"name": "Provider Initiated Counselling and Testing"}, "facility": {"code": 16679}}, {"service": {"name": "Voluntary Counselling and Testing"}, "facility": {"code": 16679}}, {"service": {"name": "Management of STIs"}, "facility": {"code": 16679}}, {"service": {"name": "Condom Promotion and Distribution"}, "facility": {"code": 16679}}, {"service": {"name": "Emergency Obstetric Care"}, "facility": {"code": 15614}}, {"service": {"name": "Curative Services"}, "facility": {"code": 15614}}, {"service": {"name": "Focused Antenatal Care"}, "facility": {"code": 15614}}, {"service": {"name": "Short Term FP"}, "facility": {"code": 15614}}, {"service": {"name": "PMTCT - ANC"}, "facility": {"code": 15614}}, {"service": {"name": "Post Exposure Prophylaxis"}, "facility": {"code": 15614}}, {"service": {"name": "Diagnostic Counselling and Testing"}, "facility": {"code": 15614}}, {"service": {"name": "Provider Initiated Counselling and Testing"}, "facility": {"code": 15614}}, {"service": {"name": "Voluntary Counselling and Testing"}, "facility": {"code": 15614}}, {"service": {"name": "Management of STIs"}, "facility": {"code": 15614}}, {"service": {"name": "Condom Promotion and Distribution"}, "facility": {"code": 15614}}, {"service": {"name": "Emergency Obstetric Care"}, "facility": {"code": 15416}}, {"service": {"name": "Curative Services"}, "facility": {"code": 15416}}, {"service": {"name": "Post Exposure Prophylaxis"}, "facility": {"code": 15416}}, {"service": {"name": "Early Infant Diagnosis"}, "facility": {"code": 15416}}, {"service": {"name": "Diagnostic Counselling and Testing"}, "facility": {"code": 15416}}, {"service": {"name": "Provider Initiated Counselling and Testing"}, "facility": {"code": 15416}}, {"service": {"name": "Voluntary Counselling and Testing"}, "facility": {"code": 15416}}, {"service": {"name": "Management of STIs"}, "facility": {"code": 15416}}, {"service": {"name": "Emergency Obstetric Care"}, "facility": {"code": 15093}}, {"service": {"name": "Curative Services"}, "facility": {"code": 15093}}, {"service": {"name": "Basic Immunization"}, "facility": {"code": 15093}}, {"service": {"name": "Focused Antenatal Care"}, "facility": {"code": 15093}}, {"service": {"name": "Short Term FP"}, "facility": {"code": 15093}}, {"service": {"name": "Post Exposure Prophylaxis"}, "facility": {"code": 15093}}, {"service": {"name": "PMTCT - ANC"}, "facility": {"code": 15093}}, {"service": {"name": "Early Infant Diagnosis"}, "facility": {"code": 15093}}, {"service": {"name": "Diagnostic Counselling and Testing"}, "facility": {"code": 15093}}, {"service": {"name": "Provider Initiated Counselling and Testing"}, "facility": {"code": 15093}}, {"service": {"name": "Voluntary Counselling and Testing"}, "facility": {"code": 15093}}, {"service": {"name": "Management of STIs"}, "facility": {"code": 15093}}, {"service": {"name": "Condom Promotion and Distribution"}, "facility": {"code": 15093}}, {"service": {"name": "Emergency Obstetric Care"}, "facility": {"code": 15520}}, {"service": {"name": "Maternity Services"}, "facility": {"code": 15520}}, {"service": {"name": "Curative Services"}, "facility": {"code": 15520}}, {"service": {"name": "First Line Treatment"}, "facility": {"code": 15520}}, {"service": {"name": "Smear Microscopy"}, "facility": {"code": 15520}}, {"service": {"name": "Immunization with additional vaccines"}, "facility": {"code": 15520}}, {"service": {"name": "Basic Immunization"}, "facility": {"code": 15520}}, {"service": {"name": "Long Term FP"}, "facility": {"code": 15520}}, {"service": {"name": "Short Term FP"}, "facility": {"code": 15520}}, {"service": {"name": "PMTCT - Maternity"}, "facility": {"code": 15520}}, {"service": {"name": "Post Exposure Prophylaxis"}, "facility": {"code": 15520}}, {"service": {"name": "PMTCT - ANC"}, "facility": {"code": 15520}}, {"service": {"name": "Early Infant Diagnosis"}, "facility": {"code": 15520}}, {"service": {"name": "Diagnostic Counselling and Testing"}, "facility": {"code": 15520}}, {"service": {"name": "Provider Initiated Counselling and Testing"}, "facility": {"code": 15520}}, {"service": {"name": "Voluntary Counselling and Testing"}, "facility": {"code": 15520}}, {"service": {"name": "Management of STIs"}, "facility": {"code": 15520}}, {"service": {"name": "Condom Promotion and Distribution"}, "facility": {"code": 15520}}, {"service": {"name": "Emergency Obstetric Care"}, "facility": {"code": 15261}}, {"service": {"name": "Curative Services"}, "facility": {"code": 15261}}, {"service": {"name": "Focused Antenatal Care"}, "facility": {"code": 15261}}, {"service": {"name": "Short Term FP"}, "facility": {"code": 15261}}, {"service": {"name": "Voluntary Counselling and Testing"}, "facility": {"code": 15261}}, {"service": {"name": "PMTCT - ANC"}, "facility": {"code": 15261}}, {"service": {"name": "Early Infant Diagnosis"}, "facility": {"code": 15261}}, {"service": {"name": "Diagnostic Counselling and Testing"}, "facility": {"code": 15261}}, {"service": {"name": "Provider Initiated Counselling and Testing"}, "facility": {"code": 15261}}, {"service": {"name": "Management of STIs"}, "facility": {"code": 15261}}, {"service": {"name": "Condom Promotion and Distribution"}, "facility": {"code": 15261}}, {"service": {"name": "Emergency Obstetric Care"}, "facility": {"code": 15170}}, {"service": {"name": "Curative Services"}, "facility": {"code": 15170}}, {"service": {"name": "Immunization with additional vaccines"}, "facility": {"code": 15170}}, {"service": {"name": "Basic Immunization"}, "facility": {"code": 15170}}, {"service": {"name": "Long Term FP"}, "facility": {"code": 15170}}, {"service": {"name": "Short Term FP"}, "facility": {"code": 15170}}, {"service": {"name": "Focused Antenatal Care"}, "facility": {"code": 15170}}, {"service": {"name": "Post Exposure Prophylaxis"}, "facility": {"code": 15170}}, {"service": {"name": "PMTCT - ANC"}, "facility": {"code": 15170}}, {"service": {"name": "Early Infant Diagnosis"}, "facility": {"code": 15170}}, {"service": {"name": "Diagnostic Counselling and Testing"}, "facility": {"code": 15170}}, {"service": {"name": "Provider Initiated Counselling and Testing"}, "facility": {"code": 15170}}, {"service": {"name": "Voluntary Counselling and Testing"}, "facility": {"code": 15170}}, {"service": {"name": "Management of STIs"}, "facility": {"code": 15170}}, {"service": {"name": "Condom Promotion and Distribution"}, "facility": {"code": 15170}}, {"service": {"name": "Curative Services"}, "facility": {"code": 15086}}, {"service": {"name": "Emergency Obstetric Care"}, "facility": {"code": 15086}}, {"service": {"name": "Short Term FP"}, "facility": {"code": 15086}}, {"service": {"name": "Diagnostic Counselling and Testing"}, "facility": {"code": 15086}}, {"service": {"name": "Provider Initiated Counselling and Testing"}, "facility": {"code": 15086}}, {"service": {"name": "Voluntary Counselling and Testing"}, "facility": {"code": 15086}}, {"service": {"name": "Management of STIs"}, "facility": {"code": 15086}}, {"service": {"name": "Condom Promotion and Distribution"}, "facility": {"code": 15086}}, {"service": {"name": "Emergency Obstetric Care"}, "facility": {"code": 15187}}, {"service": {"name": "Curative Services"}, "facility": {"code": 15187}}, {"service": {"name": "Short Term FP"}, "facility": {"code": 15187}}, {"service": {"name": "PMTCT - ANC"}, "facility": {"code": 15187}}, {"service": {"name": "Early Infant Diagnosis"}, "facility": {"code": 15187}}, {"service": {"name": "Diagnostic Counselling and Testing"}, "facility": {"code": 15187}}, {"service": {"name": "Provider Initiated Counselling and Testing"}, "facility": {"code": 15187}}, {"service": {"name": "Voluntary Counselling and Testing"}, "facility": {"code": 15187}}, {"service": {"name": "Management of STIs"}, "facility": {"code": 15187}}, {"service": {"name": "Condom Promotion and Distribution"}, "facility": {"code": 15187}}, {"service": {"name": "Environmental Health Services"}, "facility": {"code": 15247}}, {"service": {"name": "Curative Services"}, "facility": {"code": 15247}}, {"service": {"name": "Emergency Obstetric Care"}, "facility": {"code": 15247}}, {"service": {"name": "Basic Immunization"}, "facility": {"code": 15247}}, {"service": {"name": "Focused Antenatal Care"}, "facility": {"code": 15247}}, {"service": {"name": "Short Term FP"}, "facility": {"code": 15247}}, {"service": {"name": "Early Infant Diagnosis"}, "facility": {"code": 15247}}, {"service": {"name": "PMTCT - ANC"}, "facility": {"code": 15247}}, {"service": {"name": "Management of STIs"}, "facility": {"code": 15247}}, {"service": {"name": "Provider Initiated Counselling and Testing"}, "facility": {"code": 15247}}, {"service": {"name": "Condom Promotion and Distribution"}, "facility": {"code": 15247}}, {"service": {"name": "Emergency Obstetric Care"}, "facility": {"code": 14800}}, {"service": {"name": "Curative Services"}, "facility": {"code": 14800}}, {"service": {"name": "Basic Immunization"}, "facility": {"code": 14800}}, {"service": {"name": "Short Term FP"}, "facility": {"code": 14800}}, {"service": {"name": "Diagnostic Counselling and Testing"}, "facility": {"code": 14800}}, {"service": {"name": "Provider Initiated Counselling and Testing"}, "facility": {"code": 14800}}, {"service": {"name": "Management of STIs"}, "facility": {"code": 14800}}, {"service": {"name": "Condom Promotion and Distribution"}, "facility": {"code": 14800}}, {"service": {"name": "Emergency Obstetric Care"}, "facility": {"code": 15690}}, {"service": {"name": "Maternity Services"}, "facility": {"code": 15690}}, {"service": {"name": "Curative Services"}, "facility": {"code": 15690}}, {"service": {"name": "Basic Immunization"}, "facility": {"code": 15690}}, {"service": {"name": "Focused Antenatal Care"}, "facility": {"code": 15690}}, {"service": {"name": "Short Term FP"}, "facility": {"code": 15690}}, {"service": {"name": "PMTCT - ANC"}, "facility": {"code": 15690}}, {"service": {"name": "Diagnostic Counselling and Testing"}, "facility": {"code": 15690}}, {"service": {"name": "Provider Initiated Counselling and Testing"}, "facility": {"code": 15690}}, {"service": {"name": "Management of STIs"}, "facility": {"code": 15690}}, {"service": {"name": "Condom Promotion and Distribution"}, "facility": {"code": 15690}}, {"service": {"name": "Environmental Health Services"}, "facility": {"code": 15589}}, {"service": {"name": "Maternity Services"}, "facility": {"code": 15589}}, {"service": {"name": "Curative Services"}, "facility": {"code": 15589}}, {"service": {"name": "Basic Immunization"}, "facility": {"code": 15589}}, {"service": {"name": "Focused Antenatal Care"}, "facility": {"code": 15589}}, {"service": {"name": "Long Term FP"}, "facility": {"code": 15589}}, {"service": {"name": "Short Term FP"}, "facility": {"code": 15589}}, {"service": {"name": "Post Exposure Prophylaxis"}, "facility": {"code": 15589}}, {"service": {"name": "PMTCT - ANC"}, "facility": {"code": 15589}}, {"service": {"name": "Early Infant Diagnosis"}, "facility": {"code": 15589}}, {"service": {"name": "Diagnostic Counselling and Testing"}, "facility": {"code": 15589}}, {"service": {"name": "Provider Initiated Counselling and Testing"}, "facility": {"code": 15589}}, {"service": {"name": "Management of STIs"}, "facility": {"code": 15589}}, {"service": {"name": "Condom Promotion and Distribution"}, "facility": {"code": 15589}}, {"service": {"name": "Laboratory Services"}, "facility": {"code": 17032}}, {"service": {"name": "Curative Services"}, "facility": {"code": 17032}}, {"service": {"name": "Focused Antenatal Care"}, "facility": {"code": 17032}}, {"service": {"name": "Short Term FP"}, "facility": {"code": 17032}}, {"service": {"name": "Management of STIs"}, "facility": {"code": 17032}}, {"service": {"name": "Services for Sexual Violence Survivors"}, "facility": {"code": 14572}}, {"service": {"name": "Mental Health Services"}, "facility": {"code": 14572}}, {"service": {"name": "Opthalmic Services"}, "facility": {"code": 14572}}, {"service": {"name": "Nutrition Services"}, "facility": {"code": 14572}}, {"service": {"name": "Integrated Management of Childhood Illnesses"}, "facility": {"code": 14572}}, {"service": {"name": "Laboratory Services"}, "facility": {"code": 14572}}, {"service": {"name": "Surgical Services"}, "facility": {"code": 14572}}, {"service": {"name": "Curative Services"}, "facility": {"code": 14572}}, {"service": {"name": "Basic Immunization"}, "facility": {"code": 14572}}, {"service": {"name": "Focused Antenatal Care"}, "facility": {"code": 14572}}, {"service": {"name": "Long Term FP"}, "facility": {"code": 14572}}, {"service": {"name": "Short Term FP"}, "facility": {"code": 14572}}, {"service": {"name": "PMTCT - ANC"}, "facility": {"code": 14572}}, {"service": {"name": "Diagnostic Counselling and Testing"}, "facility": {"code": 14572}}, {"service": {"name": "Provider Initiated Counselling and Testing"}, "facility": {"code": 14572}}, {"service": {"name": "Management of STIs"}, "facility": {"code": 14572}}, {"service": {"name": "Condom Promotion and Distribution"}, "facility": {"code": 14572}}, {"service": {"name": "Nutrition Services"}, "facility": {"code": 14547}}, {"service": {"name": "Laboratory Services"}, "facility": {"code": 14547}}, {"service": {"name": "Surgical Services"}, "facility": {"code": 14547}}, {"service": {"name": "Curative Services"}, "facility": {"code": 14547}}, {"service": {"name": "Long Term FP"}, "facility": {"code": 14547}}, {"service": {"name": "Short Term FP"}, "facility": {"code": 14547}}, {"service": {"name": "Voluntary Male Circumcision"}, "facility": {"code": 14547}}, {"service": {"name": "PMTCT - ANC"}, "facility": {"code": 14547}}, {"service": {"name": "Early Infant Diagnosis"}, "facility": {"code": 14547}}, {"service": {"name": "Diagnostic Counselling and Testing"}, "facility": {"code": 14547}}, {"service": {"name": "Provider Initiated Counselling and Testing"}, "facility": {"code": 14547}}, {"service": {"name": "Management of STIs"}, "facility": {"code": 14547}}, {"service": {"name": "Condom Promotion and Distribution"}, "facility": {"code": 14547}}, {"service": {"name": "Oral Health Services (Dental Services)"}, "facility": {"code": 13726}}, {"service": {"name": "Emergency Obstetric Care"}, "facility": {"code": 13726}}, {"service": {"name": "Maternity Services"}, "facility": {"code": 13338}}, {"service": {"name": "Curative Services"}, "facility": {"code": 13338}}, {"service": {"name": "Basic Immunization"}, "facility": {"code": 13338}}, {"service": {"name": "Short Term FP"}, "facility": {"code": 13338}}, {"service": {"name": "Maternity Services"}, "facility": {"code": 13459}}, {"service": {"name": "Curative Services"}, "facility": {"code": 13459}}, {"service": {"name": "Basic Immunization"}, "facility": {"code": 13459}}, {"service": {"name": "Focused Antenatal Care"}, "facility": {"code": 13459}}, {"service": {"name": "Long Term FP"}, "facility": {"code": 13459}}, {"service": {"name": "Short Term FP"}, "facility": {"code": 13459}}, {"service": {"name": "PMTCT - ANC"}, "facility": {"code": 13459}}, {"service": {"name": "Condom Promotion and Distribution"}, "facility": {"code": 13459}}, {"service": {"name": "Maternity Services"}, "facility": {"code": 13288}}, {"service": {"name": "Curative Services"}, "facility": {"code": 13288}}, {"service": {"name": "Basic Immunization"}, "facility": {"code": 13288}}, {"service": {"name": "Focused Antenatal Care"}, "facility": {"code": 13288}}, {"service": {"name": "Long Term FP"}, "facility": {"code": 13288}}, {"service": {"name": "Short Term FP"}, "facility": {"code": 13288}}, {"service": {"name": "PMTCT - Maternity"}, "facility": {"code": 13288}}, {"service": {"name": "PMTCT - ANC"}, "facility": {"code": 13288}}, {"service": {"name": "Condom Promotion and Distribution"}, "facility": {"code": 13288}}, {"service": {"name": "Emergency Obstetric Care"}, "facility": {"code": 13314}}, {"service": {"name": "Laboratory Services"}, "facility": {"code": 13314}}, {"service": {"name": "Surgical Services"}, "facility": {"code": 13314}}, {"service": {"name": "Maternity Services"}, "facility": {"code": 13378}}, {"service": {"name": "Curative Services"}, "facility": {"code": 13314}}, {"service": {"name": "Curative Services"}, "facility": {"code": 13378}}, {"service": {"name": "Facility Based Blood Transfusion Service"}, "facility": {"code": 13314}}, {"service": {"name": "Basic Immunization"}, "facility": {"code": 13378}}, {"service": {"name": "Long Term FP"}, "facility": {"code": 13378}}, {"service": {"name": "Short Term FP"}, "facility": {"code": 13378}}, {"service": {"name": "Facility Based Blood Collection Service"}, "facility": {"code": 13314}}, {"service": {"name": "PMTCT - ANC"}, "facility": {"code": 13378}}, {"service": {"name": "Smear Microscopy"}, "facility": {"code": 13314}}, {"service": {"name": "Condom Promotion and Distribution"}, "facility": {"code": 13378}}, {"service": {"name": "First Line Treatment"}, "facility": {"code": 13314}}, {"service": {"name": "Basic Immunization"}, "facility": {"code": 13314}}, {"service": {"name": "Maternity Services"}, "facility": {"code": 13405}}, {"service": {"name": "Curative Services"}, "facility": {"code": 13405}}, {"service": {"name": "Focused Antenatal Care"}, "facility": {"code": 13314}}, {"service": {"name": "Integrated Services"}, "facility": {"code": 13314}}, {"service": {"name": "Basic Immunization"}, "facility": {"code": 13405}}, {"service": {"name": "Long Term FP"}, "facility": {"code": 13405}}, {"service": {"name": "Short Term FP"}, "facility": {"code": 13314}}, {"service": {"name": "Short Term FP"}, "facility": {"code": 13405}}, {"service": {"name": "Adult Antiretroviral Therapy"}, "facility": {"code": 13314}}, {"service": {"name": "Paediatric Antiretroviral Therapy"}, "facility": {"code": 13314}}, {"service": {"name": "PMTCT - ANC"}, "facility": {"code": 13405}}, {"service": {"name": "Condom Promotion and Distribution"}, "facility": {"code": 13405}}, {"service": {"name": "Post Exposure Prophylaxis"}, "facility": {"code": 13314}}, {"service": {"name": "Voluntary Male Circumcision"}, "facility": {"code": 13314}}, {"service": {"name": "PMTCT - Maternity"}, "facility": {"code": 13314}}, {"service": {"name": "PMTCT - ANC"}, "facility": {"code": 13314}}, {"service": {"name": "Diagnostic Counselling and Testing"}, "facility": {"code": 13314}}, {"service": {"name": "Provider Initiated Counselling and Testing"}, "facility": {"code": 13314}}, {"service": {"name": "Voluntary Counselling and Testing"}, "facility": {"code": 13314}}, {"service": {"name": "Management of STIs"}, "facility": {"code": 13314}}, {"service": {"name": "Condom Promotion and Distribution"}, "facility": {"code": 13314}}, {"service": {"name": "Maternity Services"}, "facility": {"code": 13282}}, {"service": {"name": "Curative Services"}, "facility": {"code": 13282}}, {"service": {"name": "Basic Immunization"}, "facility": {"code": 13282}}, {"service": {"name": "Focused Antenatal Care"}, "facility": {"code": 13282}}, {"service": {"name": "Long Term FP"}, "facility": {"code": 13282}}, {"service": {"name": "Short Term FP"}, "facility": {"code": 13282}}, {"service": {"name": "PMTCT - Maternity"}, "facility": {"code": 13282}}, {"service": {"name": "PMTCT - ANC"}, "facility": {"code": 13282}}, {"service": {"name": "Condom Promotion and Distribution"}, "facility": {"code": 13282}}, {"service": {"name": "Nutrition Services"}, "facility": {"code": 13339}}, {"service": {"name": "Laboratory Services"}, "facility": {"code": 13339}}, {"service": {"name": "Maternity Services"}, "facility": {"code": 13339}}, {"service": {"name": "Curative Services"}, "facility": {"code": 13339}}, {"service": {"name": "Basic Immunization"}, "facility": {"code": 13339}}, {"service": {"name": "Focused Antenatal Care"}, "facility": {"code": 13339}}, {"service": {"name": "Short Term FP"}, "facility": {"code": 13339}}, {"service": {"name": "Management of STIs"}, "facility": {"code": 13339}}, {"service": {"name": "Voluntary Counselling and Testing"}, "facility": {"code": 13339}}, {"service": {"name": "PMTCT - ANC"}, "facility": {"code": 13339}}, {"service": {"name": "Condom Promotion and Distribution"}, "facility": {"code": 13339}}, {"service": {"name": "Maternity Services"}, "facility": {"code": 13413}}, {"service": {"name": "Curative Services"}, "facility": {"code": 13413}}, {"service": {"name": "Basic Immunization"}, "facility": {"code": 13413}}, {"service": {"name": "Focused Antenatal Care"}, "facility": {"code": 13413}}, {"service": {"name": "Long Term FP"}, "facility": {"code": 13413}}, {"service": {"name": "Short Term FP"}, "facility": {"code": 13413}}, {"service": {"name": "PMTCT - ANC"}, "facility": {"code": 13413}}, {"service": {"name": "Condom Promotion and Distribution"}, "facility": {"code": 13413}}, {"service": {"name": "Condom Promotion and Distribution"}, "facility": {"code": 13342}}, {"service": {"name": "Maternity Services"}, "facility": {"code": 13342}}, {"service": {"name": "Curative Services"}, "facility": {"code": 13342}}, {"service": {"name": "Basic Immunization"}, "facility": {"code": 13342}}, {"service": {"name": "Focused Antenatal Care"}, "facility": {"code": 13342}}, {"service": {"name": "Short Term FP"}, "facility": {"code": 13342}}, {"service": {"name": "PMTCT - Maternity"}, "facility": {"code": 13342}}, {"service": {"name": "Condom Promotion and Distribution"}, "facility": {"code": 13330}}, {"service": {"name": "PMTCT - ANC"}, "facility": {"code": 13342}}, {"service": {"name": "Curative Services"}, "facility": {"code": 11931}}, {"service": {"name": "Emergency Obstetric Care"}, "facility": {"code": 14857}}, {"service": {"name": "Maternity Services"}, "facility": {"code": 14857}}, {"service": {"name": "Curative Services"}, "facility": {"code": 14857}}, {"service": {"name": "Basic Immunization"}, "facility": {"code": 14857}}, {"service": {"name": "Focused Antenatal Care"}, "facility": {"code": 14857}}, {"service": {"name": "Short Term FP"}, "facility": {"code": 14857}}, {"service": {"name": "PMTCT - Maternity"}, "facility": {"code": 14857}}, {"service": {"name": "PMTCT - ANC"}, "facility": {"code": 14857}}, {"service": {"name": "Diagnostic Counselling and Testing"}, "facility": {"code": 14857}}, {"service": {"name": "Provider Initiated Counselling and Testing"}, "facility": {"code": 14857}}, {"service": {"name": "Voluntary Counselling and Testing"}, "facility": {"code": 14857}}, {"service": {"name": "Management of STIs"}, "facility": {"code": 14857}}, {"service": {"name": "Condom Promotion and Distribution"}, "facility": {"code": 14857}}, {"service": {"name": "Emergency Obstetric Care"}, "facility": {"code": 14960}}, {"service": {"name": "Ambulance Sevices"}, "facility": {"code": 14960}}, {"service": {"name": "Laboratory Services"}, "facility": {"code": 14960}}, {"service": {"name": "Maternity Services"}, "facility": {"code": 14960}}, {"service": {"name": "Curative Services"}, "facility": {"code": 14960}}], "unique_fields": ["facility", "service"], "model": "facilities.FacilityService"}]