[{"records": [{"service": {"name": "Voluntary Counselling and Testing"}, "facility": {"code": 15150}}, {"service": {"name": "Management of STIs"}, "facility": {"code": 15150}}, {"service": {"name": "Condom Promotion and Distribution"}, "facility": {"code": 15150}}, {"service": {"name": "Maternity Services"}, "facility": {"code": 19808}}, {"service": {"name": "Curative Services"}, "facility": {"code": 19808}}, {"service": {"name": "Short Term FP"}, "facility": {"code": 19808}}, {"service": {"name": "PMTCT - Maternity"}, "facility": {"code": 19808}}, {"service": {"name": "PMTCT - ANC"}, "facility": {"code": 19808}}, {"service": {"name": "Diagnostic Counselling and Testing"}, "facility": {"code": 19808}}, {"service": {"name": "Provider Initiated Counselling and Testing"}, "facility": {"code": 19808}}, {"service": {"name": "Voluntary Counselling and Testing"}, "facility": {"code": 19808}}, {"service": {"name": "Management of STIs"}, "facility": {"code": 19808}}, {"service": {"name": "Condom Promotion and Distribution"}, "facility": {"code": 19808}}, {"service": {"name": "Maternity Services"}, "facility": {"code": 19807}}, {"service": {"name": "Curative Services"}, "facility": {"code": 19807}}, {"service": {"name": "Short Term FP"}, "facility": {"code": 19807}}, {"service": {"name": "PMTCT - Maternity"}, "facility": {"code": 19807}}, {"service": {"name": "PMTCT - ANC"}, "facility": {"code": 19807}}, {"service": {"name": "Diagnostic Counselling and Testing"}, "facility": {"code": 19807}}, {"service": {"name": "Provider Initiated Counselling and Testing"}, "facility": {"code": 19807}}, {"service": {"name": "Voluntary Counselling and Testing"}, "facility": {"code": 19807}}, {"service": {"name": "Management of STIs"}, "facility": {"code": 19807}}, {"service": {"name": "Condom Promotion and Distribution"}, "facility": {"code": 19807}}, {"service": {"name": "Maternity Services"}, "facility": {"code": 19806}}, {"service": {"name": "Curative Services"}, "facility": {"code": 19806}}, {"service": {"name": "Short Term FP"}, "facility": {"code": 19806}}, {"service": {"name": "PMTCT - Maternity"}, "facility": {"code": 19806}}, {"service": {"name": "PMTCT - ANC"}, "facility": {"code": 19806}}, {"service": {"name": "Diagnostic Counselling and Testing"}, "facility": {"code": 19806}}, {"service": {"name": "Provider Initiated Counselling and Testing"}, "facility": {"code": 19806}}, {"service": {"name": "Voluntary Counselling and Testing"}, "facility": {"code": 19806}}, {"service": {"name": "Management of STIs"}, "facility": {"code": 19806}}, {"service": {"name": "Condom Promotion and Distribution"}, "facility": {"code": 19806}}, {"service": {"name": "Maternity Services"}, "facility": {"code": 19804}}, {"service": {"name": "Curative Services"}, "facility": {"code": 19804}}, {"service": {"name": "PMTCT - Maternity"}, "facility": {"code": 19804}}, {"service": {"name": "PMTCT - ANC"}, "facility": {"code": 19804}}, {"service": {"name": "Diagnostic Counselling and Testing"}, "facility": {"code": 19804}}, {"service": {"name": "Provider Initiated Counselling and Testing"}, "facility": {"code": 19804}}, {"service": {"name": "Voluntary Counselling and Testing"}, "facility": {"code": 19804}}, {"service": {"name": "Management of STIs"}, "facility": {"code": 19804}}, {"service": {"name": "Condom Promotion and Distribution"}, "facility": {"code": 19804}}, {"service": {"name": "Maternity Services"}, "facility": {"code": 19803}}, {"service": {"name": "Curative Services"}, "facility": {"code": 19803}}, {"service": {"name": "Short Term FP"}, "facility": {"code": 19803}}, {"service": {"name": "PMTCT - Maternity"}, "facility": {"code": 19803}}, {"service": {"name": "PMTCT - ANC"}, "facility": {"code": 19803}}, {"service": {"name": "Diagnostic Counselling and Testing"}, "facility": {"code": 19803}}, {"service": {"name": "Provider Initiated Counselling and Testing"}, "facility": {"code": 19803}}, {"service": {"name": "Voluntary Counselling and Testing"}, "facility": {"code": 19803}}, {"service": {"name": "Management of STIs"}, "facility": {"code": 19803}}, {"service": {"name": "Condom Promotion and Distribution"}, "facility": {"code": 19803}}, {"service": {"name": "Curative Services"}, "facility": {"code": 19802}}, {"service": {"name": "Condom Promotion and Distribution"}, "facility": {"code": 19802}}, {"service": {"name": "Curative Services"}, "facility": {"code": 19801}}, {"service": {"name": "Management of STIs"}, "facility": {"code": 19801}}, {"service": {"name": "Condom Promotion and Distribution"}, "facility": {"code": 19801}}, {"service": {"name": "Curative Services"}, "facility": {"code": 19800}}, {"service": {"name": "Focused Antenatal Care"}, "facility": {"code": 19800}}, {"service": {"name": "Management of STIs"}, "facility": {"code": 19800}}, {"service": {"name": "Condom Promotion and Distribution"}, "facility": {"code": 19800}}, {"service": {"name": "Maternity Services"}, "facility": {"code": 19798}}, {"service": {"name": "Curative Services"}, "facility": {"code": 19798}}, {"service": {"name": "Voluntary Male Circumcision"}, "facility": {"code": 19798}}, {"service": {"name": "PMTCT - Maternity"}, "facility": {"code": 19798}}, {"service": {"name": "Management of STIs"}, "facility": {"code": 19798}}, {"service": {"name": "Condom Promotion and Distribution"}, "facility": {"code": 19798}}, {"service": {"name": "Curative Services"}, "facility": {"code": 19796}}, {"service": {"name": "Management of STIs"}, "facility": {"code": 19796}}, {"service": {"name": "Condom Promotion and Distribution"}, "facility": {"code": 19796}}, {"service": {"name": "Curative Services"}, "facility": {"code": 19794}}, {"service": {"name": "Short Term FP"}, "facility": {"code": 19794}}, {"service": {"name": "Early Infant Diagnosis"}, "facility": {"code": 19794}}, {"service": {"name": "Management of STIs"}, "facility": {"code": 19794}}, {"service": {"name": "Condom Promotion and Distribution"}, "facility": {"code": 19794}}, {"service": {"name": "Maternity Services"}, "facility": {"code": 19791}}, {"service": {"name": "Curative Services"}, "facility": {"code": 19792}}, {"service": {"name": "Management of STIs"}, "facility": {"code": 19792}}, {"service": {"name": "Condom Promotion and Distribution"}, "facility": {"code": 19792}}, {"service": {"name": "Curative Services"}, "facility": {"code": 19791}}, {"service": {"name": "Diagnostic Counselling and Testing"}, "facility": {"code": 19791}}, {"service": {"name": "Voluntary Counselling and Testing"}, "facility": {"code": 19791}}, {"service": {"name": "Maternity Services"}, "facility": {"code": 19790}}, {"service": {"name": "Curative Services"}, "facility": {"code": 19790}}, {"service": {"name": "Short Term FP"}, "facility": {"code": 19790}}, {"service": {"name": "Post Exposure Prophylaxis"}, "facility": {"code": 19790}}, {"service": {"name": "PMTCT - Maternity"}, "facility": {"code": 19790}}, {"service": {"name": "PMTCT - ANC"}, "facility": {"code": 19790}}, {"service": {"name": "Diagnostic Counselling and Testing"}, "facility": {"code": 19790}}, {"service": {"name": "Voluntary Counselling and Testing"}, "facility": {"code": 19790}}, {"service": {"name": "Condom Promotion and Distribution"}, "facility": {"code": 19790}}, {"service": {"name": "Curative Services"}, "facility": {"code": 19789}}, {"service": {"name": "Focused Antenatal Care"}, "facility": {"code": 19789}}, {"service": {"name": "Short Term FP"}, "facility": {"code": 19788}}, {"service": {"name": "Laboratory Services"}, "facility": {"code": 19787}}, {"service": {"name": "Maternity Services"}, "facility": {"code": 19787}}, {"service": {"name": "Curative Services"}, "facility": {"code": 19787}}, {"service": {"name": "Short Term FP"}, "facility": {"code": 19787}}, {"service": {"name": "PMTCT - ANC"}, "facility": {"code": 19787}}, {"service": {"name": "Condom Promotion and Distribution"}, "facility": {"code": 19787}}, {"service": {"name": "Laboratory Services"}, "facility": {"code": 19786}}, {"service": {"name": "Maternity Services"}, "facility": {"code": 19786}}, {"service": {"name": "Curative Services"}, "facility": {"code": 19786}}, {"service": {"name": "Focused Antenatal Care"}, "facility": {"code": 19786}}, {"service": {"name": "Short Term FP"}, "facility": {"code": 19786}}, {"service": {"name": "PMTCT - Maternity"}, "facility": {"code": 19786}}, {"service": {"name": "PMTCT - ANC"}, "facility": {"code": 19786}}, {"service": {"name": "ENT Services"}, "facility": {"code": 19777}}, {"service": {"name": "Condom Promotion and Distribution"}, "facility": {"code": 19780}}, {"service": {"name": "ENT Services"}, "facility": {"code": 19779}}, {"service": {"name": "Diagnostic Counselling and Testing"}, "facility": {"code": 19775}}, {"service": {"name": "Condom Promotion and Distribution"}, "facility": {"code": 19775}}, {"service": {"name": "Curative Services"}, "facility": {"code": 19774}}, {"service": {"name": "Diagnostic Counselling and Testing"}, "facility": {"code": 19774}}, {"service": {"name": "Condom Promotion and Distribution"}, "facility": {"code": 19774}}, {"service": {"name": "Radiology Services"}, "facility": {"code": 19773}}, {"service": {"name": "Diagnostic Counselling and Testing"}, "facility": {"code": 19769}}, {"service": {"name": "Condom Promotion and Distribution"}, "facility": {"code": 19769}}, {"service": {"name": "Curative Services"}, "facility": {"code": 19768}}, {"service": {"name": "Curative Services"}, "facility": {"code": 19767}}, {"service": {"name": "Curative Services"}, "facility": {"code": 19766}}, {"service": {"name": "Curative Services"}, "facility": {"code": 19765}}, {"service": {"name": "Curative Services"}, "facility": {"code": 19764}}, {"service": {"name": "Condom Promotion and Distribution"}, "facility": {"code": 19764}}, {"service": {"name": "Curative Services"}, "facility": {"code": 19763}}, {"service": {"name": "Diagnostic Counselling and Testing"}, "facility": {"code": 19763}}, {"service": {"name": "Condom Promotion and Distribution"}, "facility": {"code": 19763}}, {"service": {"name": "Curative Services"}, "facility": {"code": 19762}}, {"service": {"name": "Short Term FP"}, "facility": {"code": 19762}}, {"service": {"name": "Condom Promotion and Distribution"}, "facility": {"code": 19762}}, {"service": {"name": "ENT Services"}, "facility": {"code": 19761}}, {"service": {"name": "Surgical Services"}, "facility": {"code": 19761}}, {"service": {"name": "Curative Services"}, "facility": {"code": 19761}}, {"service": {"name": "Management of STIs"}, "facility": {"code": 19761}}, {"service": {"name": "Opthalmic Services"}, "facility": {"code": 19760}}, {"service": {"name": "Laboratory Services"}, "facility": {"code": 19760}}, {"service": {"name": "Surgical Services"}, "facility": {"code": 19760}}, {"service": {"name": "Curative Services"}, "facility": {"code": 19760}}, {"service": {"name": "Focused Antenatal Care"}, "facility": {"code": 19760}}, {"service": {"name": "Long Term FP"}, "facility": {"code": 19760}}, {"service": {"name": "Short Term FP"}, "facility": {"code": 19760}}, {"service": {"name": "PMTCT - ANC"}, "facility": {"code": 19760}}, {"service": {"name": "Diagnostic Counselling and Testing"}, "facility": {"code": 19760}}, {"service": {"name": "Provider Initiated Counselling and Testing"}, "facility": {"code": 19760}}, {"service": {"name": "Management of STIs"}, "facility": {"code": 19760}}, {"service": {"name": "Condom Promotion and Distribution"}, "facility": {"code": 19760}}, {"service": {"name": "Surgical Services"}, "facility": {"code": 19759}}, {"service": {"name": "Curative Services"}, "facility": {"code": 19759}}, {"service": {"name": "PMTCT - ANC"}, "facility": {"code": 19759}}, {"service": {"name": "Diagnostic Counselling and Testing"}, "facility": {"code": 19759}}, {"service": {"name": "Provider Initiated Counselling and Testing"}, "facility": {"code": 19759}}, {"service": {"name": "Management of STIs"}, "facility": {"code": 19759}}, {"service": {"name": "Condom Promotion and Distribution"}, "facility": {"code": 19759}}, {"service": {"name": "Services for Sexual Violence Survivors"}, "facility": {"code": 14455}}, {"service": {"name": "Laboratory Services"}, "facility": {"code": 14455}}, {"service": {"name": "Maternity Services"}, "facility": {"code": 14455}}, {"service": {"name": "Laboratory Services"}, "facility": {"code": 19757}}, {"service": {"name": "Curative Services"}, "facility": {"code": 19757}}, {"service": {"name": "Diagnostic Counselling and Testing"}, "facility": {"code": 19757}}, {"service": {"name": "Provider Initiated Counselling and Testing"}, "facility": {"code": 19757}}, {"service": {"name": "Condom Promotion and Distribution"}, "facility": {"code": 19757}}, {"service": {"name": "Management of STIs"}, "facility": {"code": 19757}}, {"service": {"name": "Integrated Management of Childhood Illnesses"}, "facility": {"code": 19756}}, {"service": {"name": "Services for Sexual Violence Survivors"}, "facility": {"code": 19756}}, {"service": {"name": "Environmental Health Services"}, "facility": {"code": 19756}}, {"service": {"name": "Curative Services"}, "facility": {"code": 19756}}, {"service": {"name": "Basic Immunization"}, "facility": {"code": 19756}}, {"service": {"name": "Focused Antenatal Care"}, "facility": {"code": 19756}}, {"service": {"name": "Long Term FP"}, "facility": {"code": 19756}}, {"service": {"name": "Short Term FP"}, "facility": {"code": 19756}}, {"service": {"name": "Post Exposure Prophylaxis"}, "facility": {"code": 19756}}, {"service": {"name": "PMTCT - Maternity"}, "facility": {"code": 19756}}, {"service": {"name": "PMTCT - ANC"}, "facility": {"code": 19756}}, {"service": {"name": "Early Infant Diagnosis"}, "facility": {"code": 19756}}, {"service": {"name": "Diagnostic Counselling and Testing"}, "facility": {"code": 19756}}, {"service": {"name": "Provider Initiated Counselling and Testing"}, "facility": {"code": 19756}}, {"service": {"name": "Management of STIs"}, "facility": {"code": 19756}}, {"service": {"name": "Condom Promotion and Distribution"}, "facility": {"code": 19756}}, {"service": {"name": "Laboratory Services"}, "facility": {"code": 19755}}, {"service": {"name": "Surgical Services"}, "facility": {"code": 19755}}, {"service": {"name": "Curative Services"}, "facility": {"code": 19755}}, {"service": {"name": "Focused Antenatal Care"}, "facility": {"code": 19755}}, {"service": {"name": "Diagnostic Counselling and Testing"}, "facility": {"code": 19755}}, {"service": {"name": "Provider Initiated Counselling and Testing"}, "facility": {"code": 19755}}, {"service": {"name": "Management of STIs"}, "facility": {"code": 19755}}, {"service": {"name": "Condom Promotion and Distribution"}, "facility": {"code": 19755}}, {"service": {"name": "Short Term FP"}, "facility": {"code": 19754}}, {"service": {"name": "Opthalmic Services"}, "facility": {"code": 19754}}, {"service": {"name": "Curative Services"}, "facility": {"code": 19754}}, {"service": {"name": "Management of STIs"}, "facility": {"code": 19754}}, {"service": {"name": "Radiology Services"}, "facility": {"code": 19753}}, {"service": {"name": "Environmental Health Services"}, "facility": {"code": 19752}}, {"service": {"name": "Services for Sexual Violence Survivors"}, "facility": {"code": 19752}}, {"service": {"name": "Integrated Management of Childhood Illnesses"}, "facility": {"code": 19752}}, {"service": {"name": "Curative Services"}, "facility": {"code": 19752}}, {"service": {"name": "Long Term FP"}, "facility": {"code": 19752}}, {"service": {"name": "Short Term FP"}, "facility": {"code": 19752}}, {"service": {"name": "Post Exposure Prophylaxis"}, "facility": {"code": 19752}}, {"service": {"name": "PMTCT - ANC"}, "facility": {"code": 19752}}, {"service": {"name": "Early Infant Diagnosis"}, "facility": {"code": 19752}}, {"service": {"name": "Diagnostic Counselling and Testing"}, "facility": {"code": 19752}}, {"service": {"name": "Provider Initiated Counselling and Testing"}, "facility": {"code": 19752}}, {"service": {"name": "Management of STIs"}, "facility": {"code": 19752}}, {"service": {"name": "Condom Promotion and Distribution"}, "facility": {"code": 19752}}, {"service": {"name": "Environmental Health Services"}, "facility": {"code": 19751}}, {"service": {"name": "Services for Sexual Violence Survivors"}, "facility": {"code": 19751}}, {"service": {"name": "Integrated Management of Childhood Illnesses"}, "facility": {"code": 19751}}, {"service": {"name": "Curative Services"}, "facility": {"code": 19751}}, {"service": {"name": "Basic Immunization"}, "facility": {"code": 19751}}, {"service": {"name": "Focused Antenatal Care"}, "facility": {"code": 19751}}, {"service": {"name": "Long Term FP"}, "facility": {"code": 19751}}, {"service": {"name": "Short Term FP"}, "facility": {"code": 19751}}, {"service": {"name": "Post Exposure Prophylaxis"}, "facility": {"code": 19751}}, {"service": {"name": "PMTCT - ANC"}, "facility": {"code": 19751}}, {"service": {"name": "Early Infant Diagnosis"}, "facility": {"code": 19751}}, {"service": {"name": "Diagnostic Counselling and Testing"}, "facility": {"code": 19751}}, {"service": {"name": "Provider Initiated Counselling and Testing"}, "facility": {"code": 19751}}, {"service": {"name": "Management of STIs"}, "facility": {"code": 19751}}, {"service": {"name": "Condom Promotion and Distribution"}, "facility": {"code": 19751}}, {"service": {"name": "Services for Sexual Violence Survivors"}, "facility": {"code": 19750}}, {"service": {"name": "Integrated Management of Childhood Illnesses"}, "facility": {"code": 19750}}, {"service": {"name": "Curative Services"}, "facility": {"code": 19750}}, {"service": {"name": "Services for Female Genital Mutilation (FGM) Survivors"}, "facility": {"code": 19750}}, {"service": {"name": "Basic Immunization"}, "facility": {"code": 19750}}, {"service": {"name": "Long Term FP"}, "facility": {"code": 19750}}, {"service": {"name": "Oral Health Services (Dental Services)"}, "facility": {"code": 19749}}, {"service": {"name": "Short Term FP"}, "facility": {"code": 19750}}, {"service": {"name": "Post Exposure Prophylaxis"}, "facility": {"code": 19750}}, {"service": {"name": "Management of STIs"}, "facility": {"code": 19749}}, {"service": {"name": "PMTCT - ANC"}, "facility": {"code": 19750}}, {"service": {"name": "Condom Promotion and Distribution"}, "facility": {"code": 19749}}, {"service": {"name": "Provider Initiated Counselling and Testing"}, "facility": {"code": 19750}}, {"service": {"name": "Management of STIs"}, "facility": {"code": 19750}}, {"service": {"name": "Condom Promotion and Distribution"}, "facility": {"code": 19750}}, {"service": {"name": "Dental Laboratory Services"}, "facility": {"code": 19748}}, {"service": {"name": "Management of STIs"}, "facility": {"code": 19748}}, {"service": {"name": "Curative Services"}, "facility": {"code": 19747}}, {"service": {"name": "Management of STIs"}, "facility": {"code": 19747}}, {"service": {"name": "Condom Promotion and Distribution"}, "facility": {"code": 19747}}, {"service": {"name": "Environmental Health Services"}, "facility": {"code": 19746}}, {"service": {"name": "Integrated Management of Childhood Illnesses"}, "facility": {"code": 19746}}, {"service": {"name": "Oral Health Services (Dental Services)"}, "facility": {"code": 19745}}, {"service": {"name": "Curative Services"}, "facility": {"code": 19745}}, {"service": {"name": "Maternity Services"}, "facility": {"code": 19746}}, {"service": {"name": "Curative Services"}, "facility": {"code": 19746}}, {"service": {"name": "Focused Antenatal Care"}, "facility": {"code": 19746}}, {"service": {"name": "Integrated Services"}, "facility": {"code": 19746}}, {"service": {"name": "Short Term FP"}, "facility": {"code": 19746}}, {"service": {"name": "Voluntary Male Circumcision"}, "facility": {"code": 19746}}, {"service": {"name": "PMTCT - Maternity"}, "facility": {"code": 19746}}, {"service": {"name": "PMTCT - ANC"}, "facility": {"code": 19746}}, {"service": {"name": "Early Infant Diagnosis"}, "facility": {"code": 19746}}, {"service": {"name": "Diagnostic Counselling and Testing"}, "facility": {"code": 19746}}, {"service": {"name": "Provider Initiated Counselling and Testing"}, "facility": {"code": 19746}}, {"service": {"name": "Voluntary Counselling and Testing"}, "facility": {"code": 19746}}, {"service": {"name": "Management of STIs"}, "facility": {"code": 19746}}, {"service": {"name": "Condom Promotion and Distribution"}, "facility": {"code": 19746}}, {"service": {"name": "Curative Services"}, "facility": {"code": 19744}}, {"service": {"name": "Condom Promotion and Distribution"}, "facility": {"code": 19744}}, {"service": {"name": "Radiology Services"}, "facility": {"code": 19743}}, {"service": {"name": "Laboratory Services"}, "facility": {"code": 19743}}, {"service": {"name": "Curative Services"}, "facility": {"code": 19743}}, {"service": {"name": "Focused Antenatal Care"}, "facility": {"code": 19743}}, {"service": {"name": "PMTCT - ANC"}, "facility": {"code": 19743}}, {"service": {"name": "Diagnostic Counselling and Testing"}, "facility": {"code": 19743}}, {"service": {"name": "Provider Initiated Counselling and Testing"}, "facility": {"code": 19743}}, {"service": {"name": "Management of STIs"}, "facility": {"code": 19743}}, {"service": {"name": "Condom Promotion and Distribution"}, "facility": {"code": 19743}}, {"service": {"name": "Emergency Obstetric Care"}, "facility": {"code": 19742}}, {"service": {"name": "Surgical Services"}, "facility": {"code": 19742}}, {"service": {"name": "Curative Services"}, "facility": {"code": 19742}}, {"service": {"name": "Permanent FP"}, "facility": {"code": 19742}}, {"service": {"name": "Long Term FP"}, "facility": {"code": 19742}}, {"service": {"name": "Short Term FP"}, "facility": {"code": 19742}}, {"service": {"name": "Specialized ANC"}, "facility": {"code": 19742}}, {"service": {"name": "Focused Antenatal Care"}, "facility": {"code": 19742}}, {"service": {"name": "PMTCT - ANC"}, "facility": {"code": 19742}}, {"service": {"name": "Diagnostic Counselling and Testing"}, "facility": {"code": 19742}}, {"service": {"name": "Provider Initiated Counselling and Testing"}, "facility": {"code": 19742}}, {"service": {"name": "Management of STIs"}, "facility": {"code": 19742}}, {"service": {"name": "Condom Promotion and Distribution"}, "facility": {"code": 19742}}, {"service": {"name": "Laboratory Services"}, "facility": {"code": 19741}}, {"service": {"name": "Curative Services"}, "facility": {"code": 19741}}, {"service": {"name": "Focused Antenatal Care"}, "facility": {"code": 19741}}, {"service": {"name": "Management of STIs"}, "facility": {"code": 19741}}, {"service": {"name": "Condom Promotion and Distribution"}, "facility": {"code": 19741}}, {"service": {"name": "Emergency Preparedness"}, "facility": {"code": 19739}}, {"service": {"name": "Oral Health Services (Dental Services)"}, "facility": {"code": 19739}}, {"service": {"name": "Emergency Obstetric Care"}, "facility": {"code": 19739}}, {"service": {"name": "Nutrition Services"}, "facility": {"code": 19739}}, {"service": {"name": "Laboratory Services"}, "facility": {"code": 19739}}, {"service": {"name": "Maternity Services"}, "facility": {"code": 19739}}, {"service": {"name": "Curative Services"}, "facility": {"code": 19739}}, {"service": {"name": "Focused Antenatal Care"}, "facility": {"code": 19739}}, {"service": {"name": "Integrated Services"}, "facility": {"code": 19739}}, {"service": {"name": "Short Term FP"}, "facility": {"code": 19739}}, {"service": {"name": "PMTCT - Maternity"}, "facility": {"code": 19739}}, {"service": {"name": "PMTCT - ANC"}, "facility": {"code": 19739}}, {"service": {"name": "Provider Initiated Counselling and Testing"}, "facility": {"code": 19739}}, {"service": {"name": "Voluntary Counselling and Testing"}, "facility": {"code": 19739}}, {"service": {"name": "Management of STIs"}, "facility": {"code": 19739}}, {"service": {"name": "Voluntary Counselling and Testing"}, "facility": {"code": 19737}}, {"service": {"name": "Focused Antenatal Care"}, "facility": {"code": 17094}}, {"service": {"name": "Integrated Services"}, "facility": {"code": 17094}}, {"service": {"name": "Adult Antiretroviral Therapy"}, "facility": {"code": 17094}}, {"service": {"name": "Post Exposure Prophylaxis"}, "facility": {"code": 17094}}, {"service": {"name": "Paediatric Antiretroviral Therapy"}, "facility": {"code": 17094}}, {"service": {"name": "Environmental Health Services"}, "facility": {"code": 19736}}, {"service": {"name": "Opthalmic Services"}, "facility": {"code": 19736}}, {"service": {"name": "Integrated Management of Childhood Illnesses"}, "facility": {"code": 19736}}, {"service": {"name": "Ambulance Sevices"}, "facility": {"code": 19736}}, {"service": {"name": "Laboratory Services"}, "facility": {"code": 19736}}, {"service": {"name": "Curative Services"}, "facility": {"code": 19736}}, {"service": {"name": "Basic Immunization"}, "facility": {"code": 19736}}, {"service": {"name": "Focused Antenatal Care"}, "facility": {"code": 19736}}, {"service": {"name": "Short Term FP"}, "facility": {"code": 19736}}, {"service": {"name": "PMTCT - ANC"}, "facility": {"code": 19736}}, {"service": {"name": "Diagnostic Counselling and Testing"}, "facility": {"code": 19736}}, {"service": {"name": "Provider Initiated Counselling and Testing"}, "facility": {"code": 19736}}, {"service": {"name": "Management of STIs"}, "facility": {"code": 19736}}, {"service": {"name": "Condom Promotion and Distribution"}, "facility": {"code": 19736}}, {"service": {"name": "Nutrition Services"}, "facility": {"code": 17094}}, {"service": {"name": "Environmental Health Services"}, "facility": {"code": 17094}}, {"service": {"name": "Emergency Preparedness"}, "facility": {"code": 17094}}, {"service": {"name": "Emergency Obstetric Care"}, "facility": {"code": 17094}}, {"service": {"name": "Surgical Services"}, "facility": {"code": 17094}}, {"service": {"name": "Emergency Preparedness"}, "facility": {"code": 19655}}, {"service": {"name": "Integrated Services"}, "facility": {"code": 19655}}, {"service": {"name": "Integrated Management of Childhood Illnesses"}, "facility": {"code": 19655}}, {"service": {"name": "Emergency Obstetric Care"}, "facility": {"code": 19657}}, {"service": {"name": "Emergency Preparedness"}, "facility": {"code": 19657}}, {"service": {"name": "Emergency Preparedness"}, "facility": {"code": 10988}}, {"service": {"name": "Laboratory Services"}, "facility": {"code": 10988}}, {"service": {"name": "Curative Services"}, "facility": {"code": 10988}}, {"service": {"name": "Basic Immunization"}, "facility": {"code": 10988}}, {"service": {"name": "Focused Antenatal Care"}, "facility": {"code": 10988}}, {"service": {"name": "Integrated Services"}, "facility": {"code": 10988}}, {"service": {"name": "PMTCT - ANC"}, "facility": {"code": 10988}}, {"service": {"name": "Early Infant Diagnosis"}, "facility": {"code": 10988}}, {"service": {"name": "Diagnostic Counselling and Testing"}, "facility": {"code": 10988}}, {"service": {"name": "Provider Initiated Counselling and Testing"}, "facility": {"code": 10988}}, {"service": {"name": "Management of STIs"}, "facility": {"code": 10988}}, {"service": {"name": "Curative Services"}, "facility": {"code": 19735}}, {"service": {"name": "Diagnostic Counselling and Testing"}, "facility": {"code": 19735}}, {"service": {"name": "Provider Initiated Counselling and Testing"}, "facility": {"code": 19735}}, {"service": {"name": "Management of STIs"}, "facility": {"code": 19735}}, {"service": {"name": "Condom Promotion and Distribution"}, "facility": {"code": 19735}}, {"service": {"name": "Basic Immunization"}, "facility": {"code": 10980}}, {"service": {"name": "Basic Immunization"}, "facility": {"code": 10991}}, {"service": {"name": "Basic Immunization"}, "facility": {"code": 10796}}, {"service": {"name": "Basic Immunization"}, "facility": {"code": 10564}}, {"service": {"name": "Basic Immunization"}, "facility": {"code": 10471}}, {"service": {"name": "Basic Immunization"}, "facility": {"code": 10048}}, {"service": {"name": "Basic Immunization"}, "facility": {"code": 10551}}, {"service": {"name": "Basic Immunization"}, "facility": {"code": 16445}}, {"service": {"name": "Provider Initiated Counselling and Testing"}, "facility": {"code": 19733}}, {"service": {"name": "Management of STIs"}, "facility": {"code": 19733}}, {"service": {"name": "Short Term FP"}, "facility": {"code": 19733}}, {"service": {"name": "Curative Services"}, "facility": {"code": 19733}}, {"service": {"name": "Oral Health Services (Dental Services)"}, "facility": {"code": 19730}}, {"service": {"name": "Laboratory Services"}, "facility": {"code": 19730}}, {"service": {"name": "Curative Services"}, "facility": {"code": 19730}}, {"service": {"name": "Short Term FP"}, "facility": {"code": 19730}}, {"service": {"name": "Early Infant Diagnosis"}, "facility": {"code": 19730}}, {"service": {"name": "Diagnostic Counselling and Testing"}, "facility": {"code": 19730}}, {"service": {"name": "Provider Initiated Counselling and Testing"}, "facility": {"code": 19730}}, {"service": {"name": "Management of STIs"}, "facility": {"code": 19730}}, {"service": {"name": "Condom Promotion and Distribution"}, "facility": {"code": 19730}}, {"service": {"name": "Laboratory Services"}, "facility": {"code": 19728}}, {"service": {"name": "Curative Services"}, "facility": {"code": 19728}}, {"service": {"name": "Short Term FP"}, "facility": {"code": 19728}}, {"service": {"name": "Management of STIs"}, "facility": {"code": 19728}}, {"service": {"name": "Condom Promotion and Distribution"}, "facility": {"code": 19728}}, {"service": {"name": "Laboratory Services"}, "facility": {"code": 19725}}, {"service": {"name": "Curative Services"}, "facility": {"code": 19725}}, {"service": {"name": "Short Term FP"}, "facility": {"code": 19725}}, {"service": {"name": "Emergency Obstetric Care"}, "facility": {"code": 19724}}, {"service": {"name": "Nutrition Services"}, "facility": {"code": 19724}}, {"service": {"name": "Curative Services"}, "facility": {"code": 19724}}, {"service": {"name": "Basic Immunization"}, "facility": {"code": 19724}}, {"service": {"name": "Focused Antenatal Care"}, "facility": {"code": 19724}}, {"service": {"name": "Short Term FP"}, "facility": {"code": 19724}}, {"service": {"name": "PMTCT - ANC"}, "facility": {"code": 19724}}, {"service": {"name": "Voluntary Counselling and Testing"}, "facility": {"code": 19724}}, {"service": {"name": "Management of STIs"}, "facility": {"code": 19724}}, {"service": {"name": "Condom Promotion and Distribution"}, "facility": {"code": 19724}}, {"service": {"name": "Condom Promotion and Distribution"}, "facility": {"code": 10573}}, {"service": {"name": "Curative Services"}, "facility": {"code": 10573}}, {"service": {"name": "Provider Initiated Counselling and Testing"}, "facility": {"code": 10573}}, {"service": {"name": "Management of STIs"}, "facility": {"code": 10573}}, {"service": {"name": "ENT Services"}, "facility": {"code": 19723}}, {"service": {"name": "Oral Health Services (Dental Services)"}, "facility": {"code": 19723}}, {"service": {"name": "Emergency Obstetric Care"}, "facility": {"code": 19723}}, {"service": {"name": "Nutrition Services"}, "facility": {"code": 19723}}, {"service": {"name": "Integrated Management of Childhood Illnesses"}, "facility": {"code": 19723}}, {"service": {"name": "Ambulance Sevices"}, "facility": {"code": 19723}}, {"service": {"name": "Laboratory Services"}, "facility": {"code": 19723}}, {"service": {"name": "Radiology Services"}, "facility": {"code": 19723}}, {"service": {"name": "Surgical Services"}, "facility": {"code": 19723}}, {"service": {"name": "Maternity Services"}, "facility": {"code": 19723}}, {"service": {"name": "Curative Services"}, "facility": {"code": 19723}}, {"service": {"name": "Focused Antenatal Care"}, "facility": {"code": 19723}}, {"service": {"name": "Long Term FP"}, "facility": {"code": 19723}}, {"service": {"name": "Short Term FP"}, "facility": {"code": 19723}}, {"service": {"name": "Management of STIs"}, "facility": {"code": 19723}}, {"service": {"name": "Condom Promotion and Distribution"}, "facility": {"code": 19723}}, {"service": {"name": "Laboratory Services"}, "facility": {"code": 19721}}, {"service": {"name": "Curative Services"}, "facility": {"code": 19721}}, {"service": {"name": "Short Term FP"}, "facility": {"code": 19721}}, {"service": {"name": "Management of STIs"}, "facility": {"code": 19721}}, {"service": {"name": "Condom Promotion and Distribution"}, "facility": {"code": 19721}}, {"service": {"name": "Laboratory Services"}, "facility": {"code": 16806}}, {"service": {"name": "Maternity Services"}, "facility": {"code": 16806}}, {"service": {"name": "Curative Services"}, "facility": {"code": 16806}}, {"service": {"name": "Laboratory Services"}, "facility": {"code": 19718}}, {"service": {"name": "Curative Services"}, "facility": {"code": 19718}}, {"service": {"name": "Emergency Preparedness"}, "facility": {"code": 19718}}, {"service": {"name": "ENT Services"}, "facility": {"code": 19718}}, {"service": {"name": "Oral Health Services (Dental Services)"}, "facility": {"code": 19718}}, {"service": {"name": "Emergency Obstetric Care"}, "facility": {"code": 19718}}, {"service": {"name": "Immunization with additional vaccines"}, "facility": {"code": 19718}}, {"service": {"name": "Basic Immunization"}, "facility": {"code": 19718}}, {"service": {"name": "Integrated Services"}, "facility": {"code": 19718}}, {"service": {"name": "Long Term FP"}, "facility": {"code": 19718}}, {"service": {"name": "Short Term FP"}, "facility": {"code": 19718}}, {"service": {"name": "PMTCT - ANC"}, "facility": {"code": 19718}}, {"service": {"name": "Early Infant Diagnosis"}, "facility": {"code": 19718}}, {"service": {"name": "Provider Initiated Counselling and Testing"}, "facility": {"code": 19718}}, {"service": {"name": "Management of STIs"}, "facility": {"code": 19718}}, {"service": {"name": "Condom Promotion and Distribution"}, "facility": {"code": 19718}}, {"service": {"name": "Emergency Obstetric Care"}, "facility": {"code": 19717}}, {"service": {"name": "Short Term FP"}, "facility": {"code": 19717}}, {"service": {"name": "Laboratory Services"}, "facility": {"code": 19717}}, {"service": {"name": "Mental Health Services"}, "facility": {"code": 19717}}, {"service": {"name": "Curative Services"}, "facility": {"code": 19717}}, {"service": {"name": "Short Term FP"}, "facility": {"code": 19716}}, {"service": {"name": "Post Exposure Prophylaxis"}, "facility": {"code": 19716}}, {"service": {"name": "PMTCT - ANC"}, "facility": {"code": 19716}}, {"service": {"name": "Diagnostic Counselling and Testing"}, "facility": {"code": 19716}}, {"service": {"name": "Provider Initiated Counselling and Testing"}, "facility": {"code": 19716}}, {"service": {"name": "Voluntary Counselling and Testing"}, "facility": {"code": 19716}}, {"service": {"name": "Management of STIs"}, "facility": {"code": 19716}}, {"service": {"name": "Condom Promotion and Distribution"}, "facility": {"code": 19716}}, {"service": {"name": "Nutrition Services"}, "facility": {"code": 17458}}, {"service": {"name": "Provider Initiated Counselling and Testing"}, "facility": {"code": 17458}}, {"service": {"name": "Oral Health Services (Dental Services)"}, "facility": {"code": 10591}}, {"service": {"name": "Emergency Obstetric Care"}, "facility": {"code": 10591}}, {"service": {"name": "Mental Health Services"}, "facility": {"code": 10591}}, {"service": {"name": "Environmental Health Services"}, "facility": {"code": 10591}}, {"service": {"name": "Opthalmic Services"}, "facility": {"code": 10591}}, {"service": {"name": "Nutrition Services"}, "facility": {"code": 10591}}, {"service": {"name": "Laboratory Services"}, "facility": {"code": 10591}}, {"service": {"name": "Surgical Services"}, "facility": {"code": 10591}}, {"service": {"name": "Maternity Services"}, "facility": {"code": 10591}}, {"service": {"name": "Curative Services"}, "facility": {"code": 10591}}, {"service": {"name": "Mortuary Services"}, "facility": {"code": 10591}}, {"service": {"name": "Rehabilitative Health Services - Occupational Health"}, "facility": {"code": 10591}}, {"service": {"name": "First Line Treatment"}, "facility": {"code": 10591}}, {"service": {"name": "Tuberculosis Culture"}, "facility": {"code": 10591}}, {"service": {"name": "Smear Microscopy"}, "facility": {"code": 10591}}, {"service": {"name": "Basic Immunization"}, "facility": {"code": 10591}}, {"service": {"name": "Focused Antenatal Care"}, "facility": {"code": 10591}}, {"service": {"name": "Integrated Services"}, "facility": {"code": 10591}}, {"service": {"name": "Permanent FP"}, "facility": {"code": 10591}}, {"service": {"name": "Long Term FP"}, "facility": {"code": 10591}}, {"service": {"name": "Short Term FP"}, "facility": {"code": 10591}}, {"service": {"name": "Adult Antiretroviral Therapy"}, "facility": {"code": 10591}}, {"service": {"name": "Paediatric Antiretroviral Therapy"}, "facility": {"code": 10591}}, {"service": {"name": "Post Exposure Prophylaxis"}, "facility": {"code": 10591}}, {"service": {"name": "PMTCT - Maternity"}, "facility": {"code": 10591}}, {"service": {"name": "PMTCT - ANC"}, "facility": {"code": 10591}}, {"service": {"name": "Early Infant Diagnosis"}, "facility": {"code": 10591}}, {"service": {"name": "Diagnostic Counselling and Testing"}, "facility": {"code": 10591}}, {"service": {"name": "Provider Initiated Counselling and Testing"}, "facility": {"code": 10591}}, {"service": {"name": "Management of STIs"}, "facility": {"code": 10591}}, {"service": {"name": "Condom Promotion and Distribution"}, "facility": {"code": 10591}}, {"service": {"name": "Long Term FP"}, "facility": {"code": 10540}}, {"service": {"name": "Short Term FP"}, "facility": {"code": 10540}}, {"service": {"name": "Opthalmic Services"}, "facility": {"code": 10540}}, {"service": {"name": "Curative Services"}, "facility": {"code": 10540}}, {"service": {"name": "Provider Initiated Counselling and Testing"}, "facility": {"code": 10540}}, {"service": {"name": "Curative Services"}, "facility": {"code": 19715}}, {"service": {"name": "Voluntary Counselling and Testing"}, "facility": {"code": 19715}}, {"service": {"name": "Management of STIs"}, "facility": {"code": 19715}}, {"service": {"name": "Condom Promotion and Distribution"}, "facility": {"code": 19715}}, {"service": {"name": "Curative Services"}, "facility": {"code": 10290}}, {"service": {"name": "Provider Initiated Counselling and Testing"}, "facility": {"code": 10290}}, {"service": {"name": "Management of STIs"}, "facility": {"code": 10290}}, {"service": {"name": "Condom Promotion and Distribution"}, "facility": {"code": 10290}}, {"service": {"name": "Surgical Services"}, "facility": {"code": 10214}}, {"service": {"name": "Adult Antiretroviral Therapy"}, "facility": {"code": 10214}}, {"service": {"name": "Paediatric Antiretroviral Therapy"}, "facility": {"code": 10214}}, {"service": {"name": "Adult Antiretroviral Therapy"}, "facility": {"code": 10097}}, {"service": {"name": "Paediatric Antiretroviral Therapy"}, "facility": {"code": 10097}}, {"service": {"name": "ENT Services"}, "facility": {"code": 19714}}, {"service": {"name": "Laboratory Services"}, "facility": {"code": 19714}}, {"service": {"name": "Curative Services"}, "facility": {"code": 19714}}, {"service": {"name": "Long Term FP"}, "facility": {"code": 19714}}, {"service": {"name": "Short Term FP"}, "facility": {"code": 19714}}, {"service": {"name": "Diagnostic Counselling and Testing"}, "facility": {"code": 19714}}, {"service": {"name": "PMTCT - ANC"}, "facility": {"code": 19714}}, {"service": {"name": "Management of STIs"}, "facility": {"code": 19714}}, {"service": {"name": "Condom Promotion and Distribution"}, "facility": {"code": 19714}}, {"service": {"name": "Integrated Management of Childhood Illnesses"}, "facility": {"code": 10506}}, {"service": {"name": "Laboratory Services"}, "facility": {"code": 10506}}, {"service": {"name": "Curative Services"}, "facility": {"code": 10506}}, {"service": {"name": "First Line Treatment"}, "facility": {"code": 10506}}, {"service": {"name": "Basic Immunization"}, "facility": {"code": 10506}}, {"service": {"name": "Focused Antenatal Care"}, "facility": {"code": 10506}}, {"service": {"name": "Integrated Services"}, "facility": {"code": 10506}}, {"service": {"name": "Long Term FP"}, "facility": {"code": 10506}}, {"service": {"name": "Short Term FP"}, "facility": {"code": 10506}}, {"service": {"name": "Paediatric Antiretroviral Therapy"}, "facility": {"code": 10506}}, {"service": {"name": "Adult Antiretroviral Therapy"}, "facility": {"code": 10506}}, {"service": {"name": "Post Exposure Prophylaxis"}, "facility": {"code": 10506}}, {"service": {"name": "Diagnostic Counselling and Testing"}, "facility": {"code": 10506}}, {"service": {"name": "Provider Initiated Counselling and Testing"}, "facility": {"code": 10506}}, {"service": {"name": "Voluntary Counselling and Testing"}, "facility": {"code": 10506}}, {"service": {"name": "Management of STIs"}, "facility": {"code": 10506}}, {"service": {"name": "Condom Promotion and Distribution"}, "facility": {"code": 10506}}, {"service": {"name": "Curative Services"}, "facility": {"code": 19713}}, {"service": {"name": "Management of STIs"}, "facility": {"code": 19713}}, {"service": {"name": "Condom Promotion and Distribution"}, "facility": {"code": 19713}}, {"service": {"name": "Curative Services"}, "facility": {"code": 19712}}, {"service": {"name": "Management of STIs"}, "facility": {"code": 19712}}, {"service": {"name": "Condom Promotion and Distribution"}, "facility": {"code": 19712}}, {"service": {"name": "Curative Services"}, "facility": {"code": 19711}}, {"service": {"name": "Condom Promotion and Distribution"}, "facility": {"code": 19711}}, {"service": {"name": "Management of STIs"}, "facility": {"code": 19711}}, {"service": {"name": "Curative Services"}, "facility": {"code": 19710}}, {"service": {"name": "Management of STIs"}, "facility": {"code": 19710}}, {"service": {"name": "Condom Promotion and Distribution"}, "facility": {"code": 19710}}, {"service": {"name": "Curative Services"}, "facility": {"code": 19709}}, {"service": {"name": "Laboratory Services"}, "facility": {"code": 19709}}, {"service": {"name": "Short Term FP"}, "facility": {"code": 19709}}, {"service": {"name": "Management of STIs"}, "facility": {"code": 19709}}, {"service": {"name": "Condom Promotion and Distribution"}, "facility": {"code": 19709}}, {"service": {"name": "Curative Services"}, "facility": {"code": 19708}}, {"service": {"name": "Short Term FP"}, "facility": {"code": 19708}}, {"service": {"name": "Condom Promotion and Distribution"}, "facility": {"code": 19708}}, {"service": {"name": "Management of STIs"}, "facility": {"code": 19708}}, {"service": {"name": "Laboratory Services"}, "facility": {"code": 19707}}, {"service": {"name": "Curative Services"}, "facility": {"code": 19707}}, {"service": {"name": "Long Term FP"}, "facility": {"code": 19707}}, {"service": {"name": "Short Term FP"}, "facility": {"code": 19707}}, {"service": {"name": "PMTCT - ANC"}, "facility": {"code": 19707}}, {"service": {"name": "Provider Initiated Counselling and Testing"}, "facility": {"code": 19707}}, {"service": {"name": "Voluntary Counselling and Testing"}, "facility": {"code": 19707}}, {"service": {"name": "Management of STIs"}, "facility": {"code": 19707}}, {"service": {"name": "Condom Promotion and Distribution"}, "facility": {"code": 19707}}, {"service": {"name": "Short Term FP"}, "facility": {"code": 19706}}, {"service": {"name": "Diagnostic Counselling and Testing"}, "facility": {"code": 19706}}, {"service": {"name": "Provider Initiated Counselling and Testing"}, "facility": {"code": 19706}}, {"service": {"name": "Management of STIs"}, "facility": {"code": 19706}}, {"service": {"name": "Condom Promotion and Distribution"}, "facility": {"code": 19706}}, {"service": {"name": "Curative Services"}, "facility": {"code": 19705}}, {"service": {"name": "Short Term FP"}, "facility": {"code": 19705}}, {"service": {"name": "Management of STIs"}, "facility": {"code": 19705}}, {"service": {"name": "Condom Promotion and Distribution"}, "facility": {"code": 19705}}, {"service": {"name": "Emergency Obstetric Care"}, "facility": {"code": 19704}}, {"service": {"name": "Curative Services"}, "facility": {"code": 19704}}, {"service": {"name": "Long Term FP"}, "facility": {"code": 19704}}, {"service": {"name": "Short Term FP"}, "facility": {"code": 19704}}, {"service": {"name": "PMTCT - ANC"}, "facility": {"code": 19704}}, {"service": {"name": "Voluntary Counselling and Testing"}, "facility": {"code": 19704}}, {"service": {"name": "Management of STIs"}, "facility": {"code": 19704}}, {"service": {"name": "Condom Promotion and Distribution"}, "facility": {"code": 19704}}, {"service": {"name": "Emergency Preparedness"}, "facility": {"code": 19703}}, {"service": {"name": "Nutrition Services"}, "facility": {"code": 19703}}, {"service": {"name": "Integrated Management of Childhood Illnesses"}, "facility": {"code": 19703}}, {"service": {"name": "Laboratory Services"}, "facility": {"code": 19703}}, {"service": {"name": "Curative Services"}, "facility": {"code": 19703}}, {"service": {"name": "Integrated Services"}, "facility": {"code": 19703}}, {"service": {"name": "Short Term FP"}, "facility": {"code": 19703}}, {"service": {"name": "Voluntary Counselling and Testing"}, "facility": {"code": 19703}}, {"service": {"name": "Management of STIs"}, "facility": {"code": 19703}}, {"service": {"name": "Condom Promotion and Distribution"}, "facility": {"code": 19703}}, {"service": {"name": "Curative Services"}, "facility": {"code": 19702}}, {"service": {"name": "Short Term FP"}, "facility": {"code": 19702}}, {"service": {"name": "Management of STIs"}, "facility": {"code": 19702}}, {"service": {"name": "Emergency Obstetric Care"}, "facility": {"code": 19701}}, {"service": {"name": "Curative Services"}, "facility": {"code": 19701}}, {"service": {"name": "Focused Antenatal Care"}, "facility": {"code": 19701}}, {"service": {"name": "Short Term FP"}, "facility": {"code": 19701}}, {"service": {"name": "Management of STIs"}, "facility": {"code": 19701}}, {"service": {"name": "Emergency Preparedness"}, "facility": {"code": 19700}}, {"service": {"name": "Nutrition Services"}, "facility": {"code": 19700}}, {"service": {"name": "Laboratory Services"}, "facility": {"code": 19700}}, {"service": {"name": "Integrated Management of Childhood Illnesses"}, "facility": {"code": 19700}}, {"service": {"name": "Curative Services"}, "facility": {"code": 19700}}, {"service": {"name": "Short Term FP"}, "facility": {"code": 19700}}, {"service": {"name": "Provider Initiated Counselling and Testing"}, "facility": {"code": 19700}}, {"service": {"name": "Voluntary Counselling and Testing"}, "facility": {"code": 19700}}, {"service": {"name": "Management of STIs"}, "facility": {"code": 19700}}, {"service": {"name": "Condom Promotion and Distribution"}, "facility": {"code": 19700}}, {"service": {"name": "Management of STIs"}, "facility": {"code": 19698}}, {"service": {"name": "Dental Laboratory Services"}, "facility": {"code": 19698}}, {"service": {"name": "Emergency Obstetric Care"}, "facility": {"code": 19697}}, {"service": {"name": "Emergency Obstetric Care"}, "facility": {"code": 19699}}, {"service": {"name": "Curative Services"}, "facility": {"code": 19699}}, {"service": {"name": "Long Term FP"}, "facility": {"code": 19699}}, {"service": {"name": "Short Term FP"}, "facility": {"code": 19699}}, {"service": {"name": "Curative Services"}, "facility": {"code": 19697}}, {"service": {"name": "Focused Antenatal Care"}, "facility": {"code": 19697}}, {"service": {"name": "Short Term FP"}, "facility": {"code": 19697}}, {"service": {"name": "Management of STIs"}, "facility": {"code": 19697}}, {"service": {"name": "Emergency Obstetric Care"}, "facility": {"code": 19696}}, {"service": {"name": "Curative Services"}, "facility": {"code": 19696}}, {"service": {"name": "Basic Immunization"}, "facility": {"code": 19696}}, {"service": {"name": "Short Term FP"}, "facility": {"code": 19696}}, {"service": {"name": "Management of STIs"}, "facility": {"code": 19696}}, {"service": {"name": "Integrated Services"}, "facility": {"code": 19695}}, {"service": {"name": "Emergency Obstetric Care"}, "facility": {"code": 19695}}, {"service": {"name": "Surgical Services"}, "facility": {"code": 19695}}, {"service": {"name": "Curative Services"}, "facility": {"code": 19695}}, {"service": {"name": "Focused Antenatal Care"}, "facility": {"code": 19695}}, {"service": {"name": "Short Term FP"}, "facility": {"code": 19695}}, {"service": {"name": "Management of STIs"}, "facility": {"code": 19695}}, {"service": {"name": "Dental Laboratory Services"}, "facility": {"code": 19694}}, {"service": {"name": "Voluntary Counselling and Testing"}, "facility": {"code": 19693}}, {"service": {"name": "Condom Promotion and Distribution"}, "facility": {"code": 19693}}, {"service": {"name": "Curative Services"}, "facility": {"code": 19692}}, {"service": {"name": "Diagnostic Counselling and Testing"}, "facility": {"code": 19692}}, {"service": {"name": "Management of STIs"}, "facility": {"code": 19692}}, {"service": {"name": "Condom Promotion and Distribution"}, "facility": {"code": 19692}}, {"service": {"name": "Curative Services"}, "facility": {"code": 19691}}, {"service": {"name": "Diagnostic Counselling and Testing"}, "facility": {"code": 19691}}, {"service": {"name": "Provider Initiated Counselling and Testing"}, "facility": {"code": 19691}}, {"service": {"name": "Management of STIs"}, "facility": {"code": 19691}}, {"service": {"name": "Condom Promotion and Distribution"}, "facility": {"code": 19691}}, {"service": {"name": "Laboratory Services"}, "facility": {"code": 19690}}, {"service": {"name": "Curative Services"}, "facility": {"code": 19690}}, {"service": {"name": "Diagnostic Counselling and Testing"}, "facility": {"code": 19690}}, {"service": {"name": "Provider Initiated Counselling and Testing"}, "facility": {"code": 19690}}, {"service": {"name": "Management of STIs"}, "facility": {"code": 19690}}, {"service": {"name": "Condom Promotion and Distribution"}, "facility": {"code": 19690}}, {"service": {"name": "Laboratory Services"}, "facility": {"code": 19688}}, {"service": {"name": "Diagnostic Counselling and Testing"}, "facility": {"code": 19688}}, {"service": {"name": "Provider Initiated Counselling and Testing"}, "facility": {"code": 19688}}, {"service": {"name": "Management of STIs"}, "facility": {"code": 19688}}, {"service": {"name": "Condom Promotion and Distribution"}, "facility": {"code": 19688}}, {"service": {"name": "Surgical Services"}, "facility": {"code": 19687}}, {"service": {"name": "Curative Services"}, "facility": {"code": 19687}}, {"service": {"name": "Management of STIs"}, "facility": {"code": 19687}}, {"service": {"name": "Condom Promotion and Distribution"}, "facility": {"code": 19687}}, {"service": {"name": "Laboratory Services"}, "facility": {"code": 19686}}, {"service": {"name": "Laboratory Services"}, "facility": {"code": 19685}}, {"service": {"name": "Curative Services"}, "facility": {"code": 19685}}, {"service": {"name": "Diagnostic Counselling and Testing"}, "facility": {"code": 19685}}, {"service": {"name": "Provider Initiated Counselling and Testing"}, "facility": {"code": 19685}}, {"service": {"name": "Management of STIs"}, "facility": {"code": 19685}}, {"service": {"name": "Condom Promotion and Distribution"}, "facility": {"code": 19685}}, {"service": {"name": "Environmental Health Services"}, "facility": {"code": 19684}}, {"service": {"name": "Surgical Services"}, "facility": {"code": 19684}}, {"service": {"name": "Curative Services"}, "facility": {"code": 19684}}, {"service": {"name": "Management of STIs"}, "facility": {"code": 19684}}, {"service": {"name": "Environmental Health Services"}, "facility": {"code": 19683}}, {"service": {"name": "Surgical Services"}, "facility": {"code": 19683}}, {"service": {"name": "Curative Services"}, "facility": {"code": 19683}}, {"service": {"name": "Management of STIs"}, "facility": {"code": 19683}}, {"service": {"name": "Curative Services"}, "facility": {"code": 19682}}, {"service": {"name": "Management of STIs"}, "facility": {"code": 19682}}, {"service": {"name": "Laboratory Services"}, "facility": {"code": 19681}}, {"service": {"name": "Surgical Services"}, "facility": {"code": 19681}}, {"service": {"name": "Curative Services"}, "facility": {"code": 19681}}, {"service": {"name": "Focused Antenatal Care"}, "facility": {"code": 19681}}, {"service": {"name": "Long Term FP"}, "facility": {"code": 19681}}, {"service": {"name": "Short Term FP"}, "facility": {"code": 19681}}, {"service": {"name": "Diagnostic Counselling and Testing"}, "facility": {"code": 19681}}, {"service": {"name": "Provider Initiated Counselling and Testing"}, "facility": {"code": 19681}}, {"service": {"name": "Condom Promotion and Distribution"}, "facility": {"code": 19681}}, {"service": {"name": "Management of STIs"}, "facility": {"code": 19681}}, {"service": {"name": "Voluntary Counselling and Testing"}, "facility": {"code": 19680}}, {"service": {"name": "Condom Promotion and Distribution"}, "facility": {"code": 19680}}, {"service": {"name": "ENT Services"}, "facility": {"code": 19677}}, {"service": {"name": "Curative Services"}, "facility": {"code": 19677}}, {"service": {"name": "Short Term FP"}, "facility": {"code": 19677}}, {"service": {"name": "Emergency Obstetric Care"}, "facility": {"code": 19676}}, {"service": {"name": "Curative Services"}, "facility": {"code": 19676}}, {"service": {"name": "Basic Immunization"}, "facility": {"code": 19676}}, {"service": {"name": "Focused Antenatal Care"}, "facility": {"code": 19676}}, {"service": {"name": "Short Term FP"}, "facility": {"code": 19676}}, {"service": {"name": "Laboratory Services"}, "facility": {"code": 19675}}, {"service": {"name": "Surgical Services"}, "facility": {"code": 19675}}, {"service": {"name": "Curative Services"}, "facility": {"code": 19675}}, {"service": {"name": "Focused Antenatal Care"}, "facility": {"code": 19675}}, {"service": {"name": "PMTCT - ANC"}, "facility": {"code": 19675}}, {"service": {"name": "Diagnostic Counselling and Testing"}, "facility": {"code": 19675}}, {"service": {"name": "Provider Initiated Counselling and Testing"}, "facility": {"code": 19675}}, {"service": {"name": "Management of STIs"}, "facility": {"code": 19675}}, {"service": {"name": "Condom Promotion and Distribution"}, "facility": {"code": 19675}}, {"service": {"name": "ENT Services"}, "facility": {"code": 19674}}, {"service": {"name": "Laboratory Services"}, "facility": {"code": 19674}}, {"service": {"name": "Surgical Services"}, "facility": {"code": 19674}}, {"service": {"name": "Curative Services"}, "facility": {"code": 19674}}, {"service": {"name": "Laboratory Services"}, "facility": {"code": 19673}}, {"service": {"name": "Curative Services"}, "facility": {"code": 19673}}, {"service": {"name": "Long Term FP"}, "facility": {"code": 19673}}, {"service": {"name": "Short Term FP"}, "facility": {"code": 19673}}, {"service": {"name": "Diagnostic Counselling and Testing"}, "facility": {"code": 19673}}, {"service": {"name": "Provider Initiated Counselling and Testing"}, "facility": {"code": 19673}}, {"service": {"name": "Management of STIs"}, "facility": {"code": 19673}}, {"service": {"name": "Condom Promotion and Distribution"}, "facility": {"code": 19673}}, {"service": {"name": "Laboratory Services"}, "facility": {"code": 19672}}, {"service": {"name": "Surgical Services"}, "facility": {"code": 19672}}, {"service": {"name": "Curative Services"}, "facility": {"code": 19672}}, {"service": {"name": "Focused Antenatal Care"}, "facility": {"code": 19672}}, {"service": {"name": "Diagnostic Counselling and Testing"}, "facility": {"code": 19672}}, {"service": {"name": "Provider Initiated Counselling and Testing"}, "facility": {"code": 19672}}, {"service": {"name": "Management of STIs"}, "facility": {"code": 19672}}, {"service": {"name": "Condom Promotion and Distribution"}, "facility": {"code": 19672}}, {"service": {"name": "Laboratory Services"}, "facility": {"code": 19671}}, {"service": {"name": "Surgical Services"}, "facility": {"code": 19671}}, {"service": {"name": "Curative Services"}, "facility": {"code": 19671}}, {"service": {"name": "Focused Antenatal Care"}, "facility": {"code": 19671}}, {"service": {"name": "Long Term FP"}, "facility": {"code": 19671}}, {"service": {"name": "Short Term FP"}, "facility": {"code": 19671}}, {"service": {"name": "PMTCT - ANC"}, "facility": {"code": 19671}}, {"service": {"name": "Management of STIs"}, "facility": {"code": 19671}}, {"service": {"name": "Condom Promotion and Distribution"}, "facility": {"code": 19671}}, {"service": {"name": "Opthalmic Services"}, "facility": {"code": 19670}}, {"service": {"name": "Curative Services"}, "facility": {"code": 19670}}, {"service": {"name": "Curative Services"}, "facility": {"code": 19669}}, {"service": {"name": "Basic Immunization"}, "facility": {"code": 19669}}, {"service": {"name": "Long Term FP"}, "facility": {"code": 19669}}, {"service": {"name": "Short Term FP"}, "facility": {"code": 19669}}, {"service": {"name": "PMTCT - ANC"}, "facility": {"code": 19669}}, {"service": {"name": "Diagnostic Counselling and Testing"}, "facility": {"code": 19669}}, {"service": {"name": "Provider Initiated Counselling and Testing"}, "facility": {"code": 19669}}, {"service": {"name": "Management of STIs"}, "facility": {"code": 19669}}, {"service": {"name": "Condom Promotion and Distribution"}, "facility": {"code": 19669}}, {"service": {"name": "Rehabilitative Health Services - Physiotherapy"}, "facility": {"code": 19668}}, {"service": {"name": "Rehabilitative Health Services - Occupational Health"}, "facility": {"code": 19668}}, {"service": {"name": "Condom Promotion and Distribution"}, "facility": {"code": 19668}}, {"service": {"name": "Laboratory Services"}, "facility": {"code": 19668}}, {"service": {"name": "Curative Services"}, "facility": {"code": 19668}}, {"service": {"name": "Diagnostic Counselling and Testing"}, "facility": {"code": 19668}}, {"service": {"name": "Provider Initiated Counselling and Testing"}, "facility": {"code": 19668}}, {"service": {"name": "Laboratory Services"}, "facility": {"code": 19667}}, {"service": {"name": "Surgical Services"}, "facility": {"code": 19667}}, {"service": {"name": "Curative Services"}, "facility": {"code": 19667}}, {"service": {"name": "PMTCT - ANC"}, "facility": {"code": 19667}}, {"service": {"name": "Diagnostic Counselling and Testing"}, "facility": {"code": 19667}}, {"service": {"name": "Provider Initiated Counselling and Testing"}, "facility": {"code": 19667}}, {"service": {"name": "Management of STIs"}, "facility": {"code": 19667}}, {"service": {"name": "Condom Promotion and Distribution"}, "facility": {"code": 19667}}, {"service": {"name": "Laboratory Services"}, "facility": {"code": 19666}}, {"service": {"name": "Surgical Services"}, "facility": {"code": 19666}}, {"service": {"name": "Curative Services"}, "facility": {"code": 19666}}, {"service": {"name": "Focused Antenatal Care"}, "facility": {"code": 19666}}, {"service": {"name": "Long Term FP"}, "facility": {"code": 19666}}, {"service": {"name": "Short Term FP"}, "facility": {"code": 19666}}, {"service": {"name": "PMTCT - ANC"}, "facility": {"code": 19666}}, {"service": {"name": "Diagnostic Counselling and Testing"}, "facility": {"code": 19666}}, {"service": {"name": "Provider Initiated Counselling and Testing"}, "facility": {"code": 19666}}, {"service": {"name": "Management of STIs"}, "facility": {"code": 19666}}, {"service": {"name": "Condom Promotion and Distribution"}, "facility": {"code": 19666}}, {"service": {"name": "Integrated Services"}, "facility": {"code": 19665}}, {"service": {"name": "Short Term FP"}, "facility": {"code": 19665}}, {"service": {"name": "Voluntary Male Circumcision"}, "facility": {"code": 19665}}, {"service": {"name": "Voluntary Counselling and Testing"}, "facility": {"code": 19665}}, {"service": {"name": "Management of STIs"}, "facility": {"code": 19665}}, {"service": {"name": "Condom Promotion and Distribution"}, "facility": {"code": 19665}}, {"service": {"name": "Surgical Services"}, "facility": {"code": 19664}}, {"service": {"name": "Curative Services"}, "facility": {"code": 19664}}, {"service": {"name": "Focused Antenatal Care"}, "facility": {"code": 19664}}, {"service": {"name": "Long Term FP"}, "facility": {"code": 19664}}, {"service": {"name": "Short Term FP"}, "facility": {"code": 19664}}, {"service": {"name": "PMTCT - ANC"}, "facility": {"code": 19664}}, {"service": {"name": "Provider Initiated Counselling and Testing"}, "facility": {"code": 19664}}, {"service": {"name": "Management of STIs"}, "facility": {"code": 19664}}, {"service": {"name": "Condom Promotion and Distribution"}, "facility": {"code": 19664}}, {"service": {"name": "Surgical Services"}, "facility": {"code": 19662}}, {"service": {"name": "Curative Services"}, "facility": {"code": 19662}}, {"service": {"name": "Basic Immunization"}, "facility": {"code": 19662}}, {"service": {"name": "Focused Antenatal Care"}, "facility": {"code": 19662}}, {"service": {"name": "Long Term FP"}, "facility": {"code": 19662}}, {"service": {"name": "Short Term FP"}, "facility": {"code": 19662}}, {"service": {"name": "PMTCT - ANC"}, "facility": {"code": 19662}}, {"service": {"name": "Diagnostic Counselling and Testing"}, "facility": {"code": 19662}}, {"service": {"name": "Provider Initiated Counselling and Testing"}, "facility": {"code": 19662}}, {"service": {"name": "Management of STIs"}, "facility": {"code": 19662}}, {"service": {"name": "Condom Promotion and Distribution"}, "facility": {"code": 19662}}, {"service": {"name": "Integrated Management of Childhood Illnesses"}, "facility": {"code": 14839}}, {"service": {"name": "Basic Immunization"}, "facility": {"code": 14839}}, {"service": {"name": "Focused Antenatal Care"}, "facility": {"code": 14839}}, {"service": {"name": "PMTCT - ANC"}, "facility": {"code": 14839}}, {"service": {"name": "Provider Initiated Counselling and Testing"}, "facility": {"code": 14839}}, {"service": {"name": "Focused Antenatal Care"}, "facility": {"code": 16391}}, {"service": {"name": "Laboratory Services"}, "facility": {"code": 18882}}, {"service": {"name": "Curative Services"}, "facility": {"code": 18882}}, {"service": {"name": "Emergency Preparedness"}, "facility": {"code": 16403}}, {"service": {"name": "Emergency Obstetric Care"}, "facility": {"code": 16403}}, {"service": {"name": "Integrated Management of Childhood Illnesses"}, "facility": {"code": 16403}}, {"service": {"name": "Surgical Services"}, "facility": {"code": 16403}}, {"service": {"name": "Curative Services"}, "facility": {"code": 16403}}, {"service": {"name": "Laboratory Services"}, "facility": {"code": 19661}}, {"service": {"name": "Surgical Services"}, "facility": {"code": 19661}}, {"service": {"name": "Basic Immunization"}, "facility": {"code": 16403}}, {"service": {"name": "Focused Antenatal Care"}, "facility": {"code": 16403}}, {"service": {"name": "Short Term FP"}, "facility": {"code": 16403}}, {"service": {"name": "Condom Promotion and Distribution"}, "facility": {"code": 16403}}, {"service": {"name": "Curative Services"}, "facility": {"code": 19661}}, {"service": {"name": "Integrated Management of Childhood Illnesses"}, "facility": {"code": 17302}}, {"service": {"name": "Surgical Services"}, "facility": {"code": 17302}}, {"service": {"name": "Short Term FP"}, "facility": {"code": 17302}}, {"service": {"name": "Provider Initiated Counselling and Testing"}, "facility": {"code": 17302}}, {"service": {"name": "ENT Services"}, "facility": {"code": 19660}}, {"service": {"name": "Curative Services"}, "facility": {"code": 19660}}, {"service": {"name": "Stand Alone Services"}, "facility": {"code": 19660}}, {"service": {"name": "Emergency Obstetric Care"}, "facility": {"code": 16395}}, {"service": {"name": "Integrated Management of Childhood Illnesses"}, "facility": {"code": 16395}}, {"service": {"name": "Surgical Services"}, "facility": {"code": 16395}}, {"service": {"name": "Basic Immunization"}, "facility": {"code": 16395}}, {"service": {"name": "Focused Antenatal Care"}, "facility": {"code": 16395}}, {"service": {"name": "Short Term FP"}, "facility": {"code": 16395}}, {"service": {"name": "PMTCT - ANC"}, "facility": {"code": 16395}}, {"service": {"name": "Provider Initiated Counselling and Testing"}, "facility": {"code": 16395}}, {"service": {"name": "Emergency Obstetric Care"}, "facility": {"code": 19659}}, {"service": {"name": "Curative Services"}, "facility": {"code": 19659}}, {"service": {"name": "Focused Antenatal Care"}, "facility": {"code": 19659}}, {"service": {"name": "Long Term FP"}, "facility": {"code": 19659}}, {"service": {"name": "Short Term FP"}, "facility": {"code": 19659}}, {"service": {"name": "PMTCT - ANC"}, "facility": {"code": 19659}}, {"service": {"name": "Emergency Preparedness"}, "facility": {"code": 17301}}, {"service": {"name": "Environmental Health Services"}, "facility": {"code": 17301}}, {"service": {"name": "Provider Initiated Counselling and Testing"}, "facility": {"code": 19659}}, {"service": {"name": "Integrated Management of Childhood Illnesses"}, "facility": {"code": 17301}}, {"service": {"name": "Surgical Services"}, "facility": {"code": 17301}}, {"service": {"name": "Management of STIs"}, "facility": {"code": 19659}}, {"service": {"name": "PMTCT - ANC"}, "facility": {"code": 17301}}, {"service": {"name": "Condom Promotion and Distribution"}, "facility": {"code": 19659}}, {"service": {"name": "Provider Initiated Counselling and Testing"}, "facility": {"code": 17301}}, {"service": {"name": "Focused Antenatal Care"}, "facility": {"code": 19658}}, {"service": {"name": "Long Term FP"}, "facility": {"code": 19658}}, {"service": {"name": "Short Term FP"}, "facility": {"code": 19658}}, {"service": {"name": "PMTCT - ANC"}, "facility": {"code": 19658}}, {"service": {"name": "Provider Initiated Counselling and Testing"}, "facility": {"code": 19658}}, {"service": {"name": "Management of STIs"}, "facility": {"code": 19658}}, {"service": {"name": "Condom Promotion and Distribution"}, "facility": {"code": 19658}}, {"service": {"name": "Focused Antenatal Care"}, "facility": {"code": 16393}}, {"service": {"name": "Curative Services"}, "facility": {"code": 19657}}, {"service": {"name": "Long Term FP"}, "facility": {"code": 19657}}, {"service": {"name": "Short Term FP"}, "facility": {"code": 19657}}, {"service": {"name": "Early Infant Diagnosis"}, "facility": {"code": 19657}}, {"service": {"name": "Management of STIs"}, "facility": {"code": 19657}}, {"service": {"name": "Curative Services"}, "facility": {"code": 19640}}, {"service": {"name": "Laboratory Services"}, "facility": {"code": 15326}}, {"service": {"name": "Integrated Management of Childhood Illnesses"}, "facility": {"code": 15326}}, {"service": {"name": "Maternity Services"}, "facility": {"code": 15326}}, {"service": {"name": "Focused Antenatal Care"}, "facility": {"code": 15326}}, {"service": {"name": "PMTCT - Maternity"}, "facility": {"code": 15326}}, {"service": {"name": "Curative Services"}, "facility": {"code": 19639}}, {"service": {"name": "Curative Services"}, "facility": {"code": 19642}}, {"service": {"name": "Curative Services"}, "facility": {"code": 19643}}, {"service": {"name": "Curative Services"}, "facility": {"code": 19641}}, {"service": {"name": "Curative Services"}, "facility": {"code": 19637}}, {"service": {"name": "Emergency Obstetric Care"}, "facility": {"code": 19656}}, {"service": {"name": "Curative Services"}, "facility": {"code": 19656}}, {"service": {"name": "Short Term FP"}, "facility": {"code": 19656}}, {"service": {"name": "Management of STIs"}, "facility": {"code": 19656}}, {"service": {"name": "Nutrition Services"}, "facility": {"code": 19655}}, {"service": {"name": "Emergency Obstetric Care"}, "facility": {"code": 19655}}, {"service": {"name": "Surgical Services"}, "facility": {"code": 19655}}, {"service": {"name": "Maternity Services"}, "facility": {"code": 19655}}, {"service": {"name": "Curative Services"}, "facility": {"code": 19655}}, {"service": {"name": "Basic Immunization"}, "facility": {"code": 19655}}, {"service": {"name": "Permanent FP"}, "facility": {"code": 19655}}, {"service": {"name": "Long Term FP"}, "facility": {"code": 19655}}, {"service": {"name": "Short Term FP"}, "facility": {"code": 19655}}, {"service": {"name": "Early Infant Diagnosis"}, "facility": {"code": 19655}}, {"service": {"name": "Provider Initiated Counselling and Testing"}, "facility": {"code": 19655}}, {"service": {"name": "Management of STIs"}, "facility": {"code": 19655}}, {"service": {"name": "Condom Promotion and Distribution"}, "facility": {"code": 19655}}, {"service": {"name": "Emergency Preparedness"}, "facility": {"code": 15398}}, {"service": {"name": "Emergency Obstetric Care"}, "facility": {"code": 15398}}, {"service": {"name": "Rehabilitative Health Services - Physiotherapy"}, "facility": {"code": 15398}}, {"service": {"name": "Mental Health Services"}, "facility": {"code": 15398}}, {"service": {"name": "Ambulance Sevices"}, "facility": {"code": 15398}}, {"service": {"name": "Facility Based Blood Transfusion Service"}, "facility": {"code": 15398}}, {"service": {"name": "Tuberculosis Culture"}, "facility": {"code": 15398}}, {"service": {"name": "Permanent FP"}, "facility": {"code": 15398}}, {"service": {"name": "Management of STIs"}, "facility": {"code": 15398}}, {"service": {"name": "Emergency Preparedness"}, "facility": {"code": 16394}}, {"service": {"name": "Emergency Obstetric Care"}, "facility": {"code": 16394}}, {"service": {"name": "Emergency Obstetric Care"}, "facility": {"code": 14374}}, {"service": {"name": "Integrated Management of Childhood Illnesses"}, "facility": {"code": 14374}}, {"service": {"name": "Basic Immunization"}, "facility": {"code": 14374}}, {"service": {"name": "Focused Antenatal Care"}, "facility": {"code": 14374}}, {"service": {"name": "Short Term FP"}, "facility": {"code": 14374}}, {"service": {"name": "Emergency Preparedness"}, "facility": {"code": 16404}}, {"service": {"name": "Integrated Management of Childhood Illnesses"}, "facility": {"code": 16404}}, {"service": {"name": "Condom Promotion and Distribution"}, "facility": {"code": 19654}}, {"service": {"name": "Curative Services"}, "facility": {"code": 17895}}, {"service": {"name": "ENT Services"}, "facility": {"code": 16645}}, {"service": {"name": "Oral Health Services (Dental Services)"}, "facility": {"code": 16645}}, {"service": {"name": "Environmental Health Services"}, "facility": {"code": 16645}}, {"service": {"name": "Mental Health Services"}, "facility": {"code": 16645}}, {"service": {"name": "Nutrition Services"}, "facility": {"code": 16645}}, {"service": {"name": "Opthalmic Services"}, "facility": {"code": 16645}}, {"service": {"name": "Curative Services"}, "facility": {"code": 16645}}, {"service": {"name": "Focused Antenatal Care"}, "facility": {"code": 16645}}, {"service": {"name": "PMTCT - ANC"}, "facility": {"code": 16645}}, {"service": {"name": "Short Term FP"}, "facility": {"code": 16645}}, {"service": {"name": "Provider Initiated Counselling and Testing"}, "facility": {"code": 16645}}, {"service": {"name": "Condom Promotion and Distribution"}, "facility": {"code": 16645}}, {"service": {"name": "Opthalmic Services"}, "facility": {"code": 19653}}, {"service": {"name": "Curative Services"}, "facility": {"code": 19653}}, {"service": {"name": "Management of STIs"}, "facility": {"code": 19653}}, {"service": {"name": "Curative Services"}, "facility": {"code": 19650}}, {"service": {"name": "Short Term FP"}, "facility": {"code": 19650}}, {"service": {"name": "Provider Initiated Counselling and Testing"}, "facility": {"code": 19650}}, {"service": {"name": "Management of STIs"}, "facility": {"code": 19650}}, {"service": {"name": "Condom Promotion and Distribution"}, "facility": {"code": 19650}}, {"service": {"name": "Curative Services"}, "facility": {"code": 19648}}, {"service": {"name": "Short Term FP"}, "facility": {"code": 19648}}, {"service": {"name": "Provider Initiated Counselling and Testing"}, "facility": {"code": 19648}}, {"service": {"name": "Management of STIs"}, "facility": {"code": 19648}}, {"service": {"name": "Condom Promotion and Distribution"}, "facility": {"code": 19648}}, {"service": {"name": "Curative Services"}, "facility": {"code": 19647}}, {"service": {"name": "Short Term FP"}, "facility": {"code": 19647}}, {"service": {"name": "Provider Initiated Counselling and Testing"}, "facility": {"code": 19647}}, {"service": {"name": "Management of STIs"}, "facility": {"code": 19647}}, {"service": {"name": "Condom Promotion and Distribution"}, "facility": {"code": 19647}}, {"service": {"name": "Curative Services"}, "facility": {"code": 19644}}, {"service": {"name": "Provider Initiated Counselling and Testing"}, "facility": {"code": 19644}}, {"service": {"name": "Management of STIs"}, "facility": {"code": 19644}}, {"service": {"name": "Condom Promotion and Distribution"}, "facility": {"code": 19644}}, {"service": {"name": "Management of STIs"}, "facility": {"code": 19643}}, {"service": {"name": "Management of STIs"}, "facility": {"code": 19642}}, {"service": {"name": "Management of STIs"}, "facility": {"code": 19641}}, {"service": {"name": "Management of STIs"}, "facility": {"code": 19640}}, {"service": {"name": "Management of STIs"}, "facility": {"code": 19639}}, {"service": {"name": "Emergency Preparedness"}, "facility": {"code": 19638}}, {"service": {"name": "ENT Services"}, "facility": {"code": 19638}}, {"service": {"name": "Dental Laboratory Services"}, "facility": {"code": 19638}}, {"service": {"name": "Oral Health Services (Dental Services)"}, "facility": {"code": 19638}}, {"service": {"name": "Emergency Obstetric Care"}, "facility": {"code": 19638}}, {"service": {"name": "Curative Services"}, "facility": {"code": 19638}}, {"service": {"name": "Management of STIs"}, "facility": {"code": 19638}}, {"service": {"name": "Condom Promotion and Distribution"}, "facility": {"code": 19638}}, {"service": {"name": "Management of STIs"}, "facility": {"code": 19637}}, {"service": {"name": "Curative Services"}, "facility": {"code": 19632}}, {"service": {"name": "Short Term FP"}, "facility": {"code": 19632}}, {"service": {"name": "Management of STIs"}, "facility": {"code": 19632}}, {"service": {"name": "Condom Promotion and Distribution"}, "facility": {"code": 19632}}, {"service": {"name": "Laboratory Services"}, "facility": {"code": 19630}}, {"service": {"name": "Curative Services"}, "facility": {"code": 19630}}, {"service": {"name": "Tuberculosis Culture"}, "facility": {"code": 19630}}, {"service": {"name": "Smear Microscopy"}, "facility": {"code": 19630}}, {"service": {"name": "Focused Antenatal Care"}, "facility": {"code": 19630}}, {"service": {"name": "Long Term FP"}, "facility": {"code": 19630}}, {"service": {"name": "Short Term FP"}, "facility": {"code": 19630}}, {"service": {"name": "Post Exposure Prophylaxis"}, "facility": {"code": 19630}}, {"service": {"name": "PMTCT - ANC"}, "facility": {"code": 19630}}, {"service": {"name": "Diagnostic Counselling and Testing"}, "facility": {"code": 19630}}, {"service": {"name": "Provider Initiated Counselling and Testing"}, "facility": {"code": 19630}}, {"service": {"name": "Voluntary Counselling and Testing"}, "facility": {"code": 19630}}, {"service": {"name": "Management of STIs"}, "facility": {"code": 19630}}, {"service": {"name": "Condom Promotion and Distribution"}, "facility": {"code": 19630}}, {"service": {"name": "Emergency Obstetric Care"}, "facility": {"code": 19629}}, {"service": {"name": "Laboratory Services"}, "facility": {"code": 19629}}, {"service": {"name": "Maternity Services"}, "facility": {"code": 19629}}, {"service": {"name": "Curative Services"}, "facility": {"code": 19629}}, {"service": {"name": "Focused Antenatal Care"}, "facility": {"code": 19629}}, {"service": {"name": "Short Term FP"}, "facility": {"code": 19629}}, {"service": {"name": "Adult Antiretroviral Therapy"}, "facility": {"code": 19629}}, {"service": {"name": "Diagnostic Counselling and Testing"}, "facility": {"code": 19629}}, {"service": {"name": "Provider Initiated Counselling and Testing"}, "facility": {"code": 19629}}, {"service": {"name": "Voluntary Counselling and Testing"}, "facility": {"code": 19629}}, {"service": {"name": "Management of STIs"}, "facility": {"code": 19629}}, {"service": {"name": "Condom Promotion and Distribution"}, "facility": {"code": 19629}}, {"service": {"name": "Voluntary Counselling and Testing"}, "facility": {"code": 19628}}, {"service": {"name": "Condom Promotion and Distribution"}, "facility": {"code": 19628}}, {"service": {"name": "Curative Services"}, "facility": {"code": 19627}}, {"service": {"name": "Focused Antenatal Care"}, "facility": {"code": 19627}}, {"service": {"name": "Diagnostic Counselling and Testing"}, "facility": {"code": 19627}}, {"service": {"name": "Provider Initiated Counselling and Testing"}, "facility": {"code": 19627}}, {"service": {"name": "Voluntary Counselling and Testing"}, "facility": {"code": 19627}}, {"service": {"name": "Management of STIs"}, "facility": {"code": 19627}}, {"service": {"name": "Condom Promotion and Distribution"}, "facility": {"code": 19627}}, {"service": {"name": "Curative Services"}, "facility": {"code": 19625}}, {"service": {"name": "Short Term FP"}, "facility": {"code": 19625}}, {"service": {"name": "Provider Initiated Counselling and Testing"}, "facility": {"code": 19625}}, {"service": {"name": "Condom Promotion and Distribution"}, "facility": {"code": 19625}}, {"service": {"name": "Laboratory Services"}, "facility": {"code": 19624}}, {"service": {"name": "Curative Services"}, "facility": {"code": 19624}}, {"service": {"name": "Short Term FP"}, "facility": {"code": 19624}}, {"service": {"name": "Condom Promotion and Distribution"}, "facility": {"code": 19624}}, {"service": {"name": "Curative Services"}, "facility": {"code": 19623}}, {"service": {"name": "Provider Initiated Counselling and Testing"}, "facility": {"code": 19623}}, {"service": {"name": "Condom Promotion and Distribution"}, "facility": {"code": 19623}}, {"service": {"name": "Integrated Management of Childhood Illnesses"}, "facility": {"code": 19622}}, {"service": {"name": "Laboratory Services"}, "facility": {"code": 19622}}, {"service": {"name": "Maternity Services"}, "facility": {"code": 19622}}, {"service": {"name": "Curative Services"}, "facility": {"code": 19622}}, {"service": {"name": "Basic Immunization"}, "facility": {"code": 19622}}, {"service": {"name": "Focused Antenatal Care"}, "facility": {"code": 19622}}, {"service": {"name": "Short Term FP"}, "facility": {"code": 19622}}], "unique_fields": ["facility", "service"], "model": "facilities.FacilityService"}]