[
    {   "unique_fields": ["name"],
        "model": "common.Town",
        "records": [{"name": "kakunga"}, {"name": "emali  market"},{"name": "hulugho town"}, {"name": "opapo market center"}, {"name": "usenge"}, {"name": "kimilili"}, {"name": "butere"}, {"name": "migosi market"}, {"name": "king'ong'o"}, {"name": "niru shoping centre"}, {"name": "wichlum beach market"}, {"name": "gatundu town"}, {"name": "karangi"}, {"name": "kabuchai"}, {"name": "gababa town"}, {"name": "salama mkt"}, {"name": "maua"}, {"name": "khachonge market"}, {"name": "kiangwachi"}, {"name": "off outering rd next to equity bank kariobangi"}, {"name": "kongasis shopping centre"}, {"name": "kavuvwani"}, {"name": "kandwia"}, {"name": "kyome"}, {"name": "iftin trading centre"}, {"name": "regea"}, {"name": "naitiri"}, {"name": "boro market"}, {"name": "gpo"}, {"name": "chepkinonyo trading centre"}, {"name": "naroosura market"}, {"name": "werugha"}, {"name": "ivihiga"}, {"name": "nyaani"}, {"name": "gesima"}, {"name": "bangladesh village, park place"}, {"name": "kinji market"}, {"name": "nkutuk elmuget market"}, {"name": "mutunduri"}, {"name": "south horr market"}, {"name": "nyangusu"}, {"name": "kanyaa"}, {"name": "ngurunit centre"}, {"name": "kea"}, {"name": "cheptais market"}, {"name": "mathima"}, {"name": "kibunga"}, {"name": "mavindini"}, {"name": "rabuor"}, {"name": "sagam shopping centre"}, {"name": "wargadud"}, {"name": "kiang'ombe"}, {"name": "kongoni center"}, {"name": "kalawa"}, {"name": "kihara market"}, {"name": "kongelai"}, {"name": "kiamabara"}, {"name": "bomas (galleria mall)"}, {"name": "olturoto"}, {"name": "ngeta market"}, {"name": "gate house mburu gichua road"}, {"name": "kabartonjo"}, {"name": "mikae market"}, {"name": "ukunda"}, {"name": "bushiri mkt"}, {"name": "midoti"}, {"name": "facility located in migori total estate"}, {"name": "donyo sabuk market"}, {"name": "ganze"}, {"name": "fafi"}, {"name": "kisima shopping centre"}, {"name": "kaisugu"}, {"name": "ntimaru"}, {"name": "mikaru"}, {"name": "mtaa"}, {"name": "kamariki"}, {"name": "gatukuyu"}, {"name": "bute town at makutano"}, {"name": "namboboto"}, {"name": "kibuye market-kisumu kakamega road"}, {"name": "sauri school"}, {"name": "burder trading centre"}, {"name": "nambacha mkt"}, {"name": "donholm caltex"}, {"name": "matete"}, {"name": "mrughua"}, {"name": "ombeyi"}, {"name": "barwaqo village"}, {"name": "fort ternan"}, {"name": "highridge nakumatt"}, {"name": "ikaatini"}, {"name": "near sarit centre"}, {"name": "mau-sammit"}, {"name": "yaya centre"}, {"name": "mugene market"}, {"name": "kikuu market"}, {"name": "kenya israel"}, {"name": "masogo"}, {"name": "faza"}, {"name": "karemeno"}, {"name": "kwa ndomo trading centre"}, {"name": "chepkorio"}, {"name": "isulu mkt"}, {"name": "othoro market"}, {"name": "sega township"}, {"name": "chiefs office"}, {"name": "ngiiri"}, {"name": "nduyu njeru"}, {"name": "kanzauwu market"}, {"name": "wakulima market"}, {"name": "engashura"}, {"name": "loruth"}, {"name": "masangora"}, {"name": "riat market, sukari sugar industry"}, {"name": "kaikor"}, {"name": "bamba"}, {"name": "thange"}, {"name": "maringo shopping centre"}, {"name": "muruku"}, {"name": "koyole"}, {"name": "khorof harar"}, {"name": "kyatune"}, {"name": "molo"}, {"name": "mtito andei"}, {"name": "nyamasenge"}, {"name": "garissa"}, {"name": "palakumi village"}, {"name": "sio port"}, {"name": "nkararo market"}, {"name": "ngilai"}, {"name": "nearest nnpgh on kisumu kakamega road"}, {"name": "nanyuki town"}, {"name": "kapenguria, losam centre"}, {"name": "bamburi mtamboni"}, {"name": "kawethei"}, {"name": "jerusalem shopping center"}, {"name": "ekengeleni - mombasa"}, {"name": "makimeny"}, {"name": "kapedo"}, {"name": "kikima market"}, {"name": "mawego market"}, {"name": "ruiru town"}, {"name": "chaka"}, {"name": "katheri"}, {"name": "next to kibera primary school"}, {"name": "ng'iya township"}, {"name": "kiegoi mkt"}, {"name": "ngomeni town"}, {"name": "machengene market"}, {"name": "muhoroni township market"}, {"name": "timber market"}, {"name": "kisovo"}, {"name": "danaba"}, {"name": "korao"}, {"name": "tii"}, {"name": "rianyoka"}, {"name": "near lower kabete market"}, {"name": "eldama ravine town"}, {"name": "near city retail mkt"}, {"name": "kambe"}, {"name": "donholm"}, {"name": "kapset"}, {"name": "matinyani"}, {"name": "mwembe tayari"}, {"name": "umaja one market"}, {"name": "wamunyu market"}, {"name": "kambaa"}, {"name": "esageri centre"}, {"name": "muhoroni market"}, {"name": "serem market"}, {"name": "luanda market"}, {"name": "mijomboni market"}, {"name": "weru"}, {"name": "ngatataek"}, {"name": "kyevaluki"}, {"name": "masumba market"}, {"name": "roret"}, {"name": "lamuria"}, {"name": "momoniat"}, {"name": "olenguruone"}, {"name": "rukuma"}, {"name": "kakuuni"}, {"name": "kawongo"}, {"name": "within kitale town"}, {"name": "ragumo"}, {"name": "juja town"}, {"name": "nambengele"}, {"name": "limuru town,"}, {"name": "nadapal"}, {"name": "new gatiruri market"}, {"name": "wagai market"}, {"name": "matondoni"}, {"name": "vikwatani"}, {"name": "nembu"}, {"name": "kariobangi jua kali"}, {"name": "near sec 58"}, {"name": "mai mahiu shopping centre"}, {"name": "nyandema"}, {"name": "kacheliba"}, {"name": "anding' opanga"}, {"name": "bula mpya centre"}, {"name": "kipanga market"}, {"name": "churo"}, {"name": "takawiri beach"}, {"name": "funanteso"}, {"name": "kidir  market"}, {"name": "oruba estate migori town"}, {"name": "limuru town"}, {"name": "game rock"}, {"name": "shiv plaza"}, {"name": "soy"}, {"name": "lorugum"}, {"name": "bamba market"}, {"name": "mt kulal centre"}, {"name": "mataka"}, {"name": "gacibine market"}, {"name": "mutituni market"}, {"name": "biafra mosque"}, {"name": "shianda"}, {"name": "kathanjuri"}, {"name": "chebukaka"}, {"name": "kigwandi"}, {"name": "randago market"}, {"name": "kamito market"}, {"name": "hara trading centre"}, {"name": "kalandini"}, {"name": "soko ngombe"}, {"name": "dck center"}, {"name": "malindi complex"}, {"name": "nyikendo migori"}, {"name": "simba town centre"}, {"name": "kangema town"}, {"name": "kabuto"}, {"name": "chakama"}, {"name": "kayata"}, {"name": "kariko"}, {"name": "mwingi town"}, {"name": "milaani"}, {"name": "naivasha"}, {"name": "igare"}, {"name": "ruai market"}, {"name": "ikutha town"}, {"name": "dandora phase iv"}, {"name": "busia town"}, {"name": "kapsowar"}, {"name": "cheptulu"}, {"name": "magunga"}, {"name": "madiany market"}, {"name": "riokindo"}, {"name": "nyambari - uplands"}, {"name": "njipiship"}, {"name": "kirere"}, {"name": "kangundo market"}, {"name": "ruaka"}, {"name": "talek market"}, {"name": "flourspar"}, {"name": "kakuma"}, {"name": "mabundu"}, {"name": "loosuk"}, {"name": "kigetuini"}, {"name": "mukangu"}, {"name": "manyoeni market"}, {"name": "kutus market"}, {"name": "migwani"}, {"name": "dadaab"}, {"name": "mokomoni"}, {"name": "mogonga"}, {"name": "malka-daka"}, {"name": "tinganga market"}, {"name": "oyuma"}, {"name": "gatunga town"}, {"name": "gitimbine market"}, {"name": "sotik town"}, {"name": "etago mkt"}, {"name": "nyansiongo"}, {"name": "mwer shopping centre"}, {"name": "komaarock estate"}, {"name": "ikutha"}, {"name": "dambas"}, {"name": "tudor primary school"}, {"name": "kanzokea"}, {"name": "kangemi market"}, {"name": "brooke bond"}, {"name": "isoge"}, {"name": "kalavati"}, {"name": "kirimukuyu"}, {"name": "turi"}, {"name": "tabaka town"}, {"name": "near works lanet"}, {"name": "nyangweso market"}, {"name": "magwagwa"}, {"name": "mua"}, {"name": "gathuthuma"}, {"name": "mariwa market center"}, {"name": "prisons"}, {"name": "muhuru town centre along the beach"}, {"name": "shinda"}, {"name": "soy sambu"}, {"name": "kegonga"}, {"name": "masalani town"}, {"name": "riat"}, {"name": "mwongori"}, {"name": "kinyui"}, {"name": "naibor"}, {"name": "emurua dikir market"}, {"name": "kisumu"}, {"name": "mokowe"}, {"name": "mbuvo"}, {"name": "rironi"}, {"name": "kapkota"}, {"name": "tala town"}, {"name": "gilgil town"}, {"name": "migori town"}, {"name": "kebirigo market"}, {"name": "near afraha stadium"}, {"name": "nambacha"}, {"name": "kurangurik market"}, {"name": "mitimingi shopping centre"}, {"name": "manyuanda market"}, {"name": "kathonzweni"}, {"name": "benga market"}, {"name": "kiti"}, {"name": "mulala mkt"}, {"name": "siakago"}, {"name": "nyacheki"}, {"name": "modogashe"}, {"name": "n.y.s hq institute"}, {"name": "lwanda kotieno"}, {"name": "gwitembe"}, {"name": "mukuru"}, {"name": "ngumba estate"}, {"name": "salama market"}, {"name": "lodungokwe"}, {"name": "chepkopegh"}, {"name": "mandera"}, {"name": "eastleigh"}, {"name": "kodula market"}, {"name": "kako market"}, {"name": "olando market"}, {"name": "kongowea"}, {"name": "kiambaa market"}, {"name": "mitunguu"}, {"name": "kalaacha"}, {"name": "nyadorera market"}, {"name": "buchangu mrkt"}, {"name": "luanda  (town) ebuyangu market"}, {"name": "athi river town"}, {"name": "sekenani market"}, {"name": "masii"}, {"name": "karaba"}, {"name": "lwandanyi"}, {"name": "kiamara shopping cemtre"}, {"name": "napeitom"}, {"name": "athi market"}, {"name": "matumbi"}, {"name": "south c shopping cetre"}, {"name": "warazo"}, {"name": "mukameni"}, {"name": "bungoma"}, {"name": "chumani"}, {"name": "njabini town"}, {"name": "gachua market"}, {"name": "mlimani"}, {"name": "mwaktau"}, {"name": "kaaleng"}, {"name": "gihurai 45"}, {"name": "gakindu"}, {"name": "malindi old market,behind in kwa jiwa area near mlimawa"}, {"name": "nyangena"}, {"name": "kako"}, {"name": "near chabera market"}, {"name": "kyango market"}, {"name": "survey  centre"}, {"name": "kibirichia market"}, {"name": "kimana mkt"}, {"name": "nduguto market"}, {"name": "mombasa/ chaani market"}, {"name": "chesoen market"}, {"name": "nyamarimba"}, {"name": "nairobi,eastleigh town"}, {"name": "bukura"}, {"name": "near evans hospital"}, {"name": "miluki market"}, {"name": "kasikeu mkt"}, {"name": "kalawani market"}, {"name": "v.o.k stage"}, {"name": "matutu"}, {"name": "kamurugu"}, {"name": "mithini"}, {"name": "kinyambu"}, {"name": "near water tank"}, {"name": "just next to breweries industry"}, {"name": "nunguni"}, {"name": "isecha"}, {"name": "nairobi west shopping center"}, {"name": "miriri"}, {"name": "kagwe"}, {"name": "apida market"}, {"name": "luanda shop mkt"}, {"name": "kasarani next to barclays bank"}, {"name": "kamburu shopping centre"}, {"name": "chogoria"}, {"name": "godjope"}, {"name": "gacabari"}, {"name": "near social hall"}, {"name": "mukinduri"}, {"name": "rombo"}, {"name": "sameta"}, {"name": "takaungu"}, {"name": "apa arcade"}, {"name": "tiribe market"}, {"name": "ortum"}, {"name": "makengi"}, {"name": "kyangala"}, {"name": "kavisuni"}, {"name": "mutito market"}, {"name": "rapogi market center"}, {"name": "kondik market"}, {"name": "rongai"}, {"name": "kaptabuk"}, {"name": "kharanda mkt"}, {"name": "kilome market"}, {"name": "makyau"}, {"name": "kicheko"}, {"name": "njukini"}, {"name": "latakweny"}, {"name": "butiik"}, {"name": "garbatulla"}, {"name": "dilmanyale trading centre"}, {"name": "eastleigh air base"}, {"name": "next to stage 29/30"}, {"name": "ziwa"}, {"name": "olmoran centre"}, {"name": "kugitimo"}, {"name": "itiati"}, {"name": "mureru"}, {"name": "lodokejek"}, {"name": "kathonzweni town"}, {"name": "just next to land mark house kariobangi"}, {"name": "kapsinendet"}, {"name": "namoruputh"}, {"name": "kandiege market"}, {"name": "mabera"}, {"name": "kaonyweni"}, {"name": "kolowa"}, {"name": "muhuru"}, {"name": "kasaala"}, {"name": "mbita"}, {"name": "malindi old market"}, {"name": "port victoria"}, {"name": "busembe market"}, {"name": "rambula market"}, {"name": "kakuku"}, {"name": "gaichanjiru"}, {"name": "mathari"}, {"name": "otiende shopping center"}, {"name": "mosocho"}, {"name": "nyilima"}, {"name": "nyamatoki"}, {"name": "kimanjo"}, {"name": "manyoro market"}, {"name": "chumvini"}, {"name": "umoja ii stage market"}, {"name": "achego"}, {"name": "kenlands"}, {"name": "dundori"}, {"name": "ngandu"}, {"name": "kandondgu"}, {"name": "near kahawa west market"}, {"name": "ngoleni market"}, {"name": "chiefs camp,mow staff quarters"}, {"name": "in ali nasha building"}, {"name": "voo market"}, {"name": "karen sopping centre"}, {"name": "lomut"}, {"name": "kahawa west"}, {"name": "oboch"}, {"name": "wikithuki"}, {"name": "loitokitok town"}, {"name": "kanunga"}, {"name": "endebess"}, {"name": "sigomere"}, {"name": "youth enpowerment centre building"}, {"name": "burubru"}, {"name": "musukini"}, {"name": "ngaie"}, {"name": "opapo"}, {"name": "gongoni"}, {"name": "facility located in opasi market centre near suna rabuor"}, {"name": "sipili town"}, {"name": "tenduet"}, {"name": "makenji"}, {"name": "chulaimbo market"}, {"name": "tchundwa"}, {"name": "kanyangi"}, {"name": "oneno"}, {"name": "mal okash"}, {"name": "kapsoit"}, {"name": "ainamoi"}, {"name": "kaplong"}, {"name": "chwele market"}, {"name": "kalawa market"}, {"name": "miriu market"}, {"name": "itibo rianyabaro mkt"}, {"name": "eburi market"}, {"name": "nyangweso"}, {"name": "mutanda market"}, {"name": "bondo town area"}, {"name": "ndodi market"}, {"name": "kitise market"}, {"name": "near keratina centre"}, {"name": "kisumu town"}, {"name": "miambani market"}, {"name": "saika"}, {"name": "nyamokenye"}, {"name": "amukura"}, {"name": "shimanyiro mkt"}, {"name": "chemalal"}, {"name": "kiangachinyi"}, {"name": "marsabit"}, {"name": "shella"}, {"name": "kyusyani"}, {"name": "oriang'  market"}, {"name": "vigurungani"}, {"name": "mavui"}, {"name": "geta"}, {"name": "kamae"}, {"name": "kihingo"}, {"name": "dzifae"}, {"name": "katangi"}, {"name": "chemosot"}, {"name": "kinyata"}, {"name": "kariua"}, {"name": "makina"}, {"name": "matoi market"}, {"name": "kambaa trading center"}, {"name": "olbutyo market"}, {"name": "dck centre"}, {"name": "enziu"}, {"name": "soko mjinga market"}, {"name": "at ck plaza langa langa"}, {"name": "wang'apala secondary school"}, {"name": "turbo"}, {"name": "mlamba"}, {"name": "kathanje"}, {"name": "tuvilani market"}, {"name": "mulwanda"}, {"name": "gachoire"}, {"name": "kapsuser"}, {"name": "rwarera village"}, {"name": "kerina market"}, {"name": "next to dcs residence"}, {"name": "thananzau"}, {"name": "hullo"}, {"name": "birika"}, {"name": "giribe"}, {"name": "ruringu"}, {"name": "chabera market"}, {"name": "rironi market"}, {"name": "hazina"}, {"name": "lusiola-off majengo-luanda road"}, {"name": "musoli mkt"}, {"name": "amuma"}, {"name": "ematiha mkt"}, {"name": "kihumbuini  shopping centre"}, {"name": "thogoto"}, {"name": "katulani market"}, {"name": "ndalu market"}, {"name": "tinga"}, {"name": "sangorota"}, {"name": "athi river"}, {"name": "wath onger"}, {"name": "pandanguo"}, {"name": "kyau mkt"}, {"name": "stima plaza, parklands"}, {"name": "city market"}, {"name": "located in thika town centre"}, {"name": "sotit"}, {"name": "vitengeni"}, {"name": "lwakhakha"}, {"name": "kihuti"}, {"name": "barisheba - mombasa"}, {"name": "osieko"}, {"name": "jkia"}, {"name": "marafa"}, {"name": "gakinduini"}, {"name": "jera market"}, {"name": "chuka town/ kiereni market"}, {"name": "thumaita"}, {"name": "naikara"}, {"name": "mandoi mkt"}, {"name": "wamboo"}, {"name": "kilingili"}, {"name": "cbd nbi"}, {"name": "kwakalui"}, {"name": "meru"}, {"name": "dugo"}, {"name": "maai"}, {"name": "kianjege"}, {"name": "elbargon"}, {"name": "kwa kinyai shopping centre"}, {"name": "mwenbe tayari  market"}, {"name": "maeta"}, {"name": "zambezi"}, {"name": "athi"}, {"name": "osuoume"}, {"name": "bulla guled"}, {"name": "keringet"}, {"name": "rodi kopany"}, {"name": "boiman"}, {"name": "lutaso mrkt"}, {"name": "dandora phase 1"}, {"name": "masii market"}, {"name": "kedowa"}, {"name": "luanda dudi"}, {"name": "kamacharia shoping centre"}, {"name": "hawinga market"}, {"name": "malanga shopping centre"}, {"name": "kamuneru"}, {"name": "ramasha"}, {"name": "upper matasia"}, {"name": "kaseve"}, {"name": "mtito andei town"}, {"name": "wote"}, {"name": "nyanko"}, {"name": "ledero village"}, {"name": "athiru market"}, {"name": "miu market"}, {"name": "birongo/etangi"}, {"name": "juja rd off kamunde rd sanoda hse 3rd floor"}, {"name": "near st.john school"}, {"name": "lutaso"}, {"name": "through by pass fromtown to kahawa west round about."}, {"name": "misikhu"}, {"name": "maili tatu"}, {"name": "nakurio"}, {"name": "kahawa wendani"}, {"name": "cheboet"}, {"name": "bura"}, {"name": "nyanturago"}, {"name": "kyethani"}, {"name": "muruangai village"}, {"name": "mukangavillage"}, {"name": "gimu market"}, {"name": "likuyani"}, {"name": "matuu"}, {"name": "dandu"}, {"name": "ihururu"}, {"name": "kianda market"}, {"name": "umoja"}, {"name": "olbutyo"}, {"name": "debwa"}, {"name": "kinango"}, {"name": "magina"}, {"name": "kadenge ratuoro"}, {"name": "kieni kia ndege market"}, {"name": "kiria"}, {"name": "olympic shopping center"}, {"name": "ndela"}, {"name": "majengo town"}, {"name": "kendu"}, {"name": "ilkerin"}, {"name": "sondu"}, {"name": "a/bentue kiongo"}, {"name": "gatitu"}, {"name": "nyagondo shopping centre"}, {"name": "komomange"}, {"name": "jaribuni"}, {"name": "bangali town"}, {"name": "next to success stage zimmerman next to success stage zimmerman"}, {"name": "stella"}, {"name": "ilengi"}, {"name": "malindi"}, {"name": "porro"}, {"name": "lodwar town behind the lodwar district hospital"}, {"name": "ngarendare market"}, {"name": "marimanti town"}, {"name": "pala"}, {"name": "nairobi south b shopping centre"}, {"name": "enoosaen"}, {"name": "bukembe market"}, {"name": "kangala market"}, {"name": "nyaramba"}, {"name": "asat beach"}, {"name": "mungaria"}, {"name": "nyabola"}, {"name": "kajuki"}, {"name": "kiptenden"}, {"name": "nyadenda"}, {"name": "kiritiri"}, {"name": "tipis"}, {"name": "kathaana market"}, {"name": "ikanga town"}, {"name": "ongata ronga"}, {"name": "chebunyo"}, {"name": "gamba"}, {"name": "nyawara market"}, {"name": "kimongoro"}, {"name": "kimachia"}, {"name": "rakwaro"}, {"name": "bondo"}, {"name": "nguni"}, {"name": "tunyai"}, {"name": "lida  market"}, {"name": "kavingo market"}, {"name": "kivaani market"}, {"name": "jusr behind babadogo catholic church"}, {"name": "within kasarani shopping centre"}, {"name": "kaulune market"}, {"name": "karia"}, {"name": "lwanda market"}, {"name": "makongo market"}, {"name": "itiko primary school"}, {"name": "entarara market"}, {"name": "kilifi"}, {"name": "motemorabu"}, {"name": "near avenue"}, {"name": "salama centre"}, {"name": "navakholo mkt"}, {"name": "nyamaiya mkt"}, {"name": "garsen town"}, {"name": "lchogori"}, {"name": "mlanjo"}, {"name": "oriang market"}, {"name": "githambo market"}, {"name": "karuga"}, {"name": "manyani"}, {"name": "near kongoli market"}, {"name": "kabitungu"}, {"name": "ibacho"}, {"name": "miruka"}, {"name": "mukothima"}, {"name": "riakanau"}, {"name": "magana"}, {"name": "ndiwa"}, {"name": "shariani"}, {"name": "kiengu market"}, {"name": "ruaraka"}, {"name": "kenene"}, {"name": "near kilimani police station"}, {"name": "nyanchwa"}, {"name": "kinisa"}, {"name": "shimba hills"}, {"name": "kapsambu"}, {"name": "kakoneni market"}, {"name": "kaningo"}, {"name": "huhoini"}, {"name": "ndumberi market"}, {"name": "marikiti"}, {"name": "behind auncle sams bar"}, {"name": "kiamu town"}, {"name": "along juja road"}, {"name": "moi airbase-juja road"}, {"name": "kitheuni"}, {"name": "masurura market"}, {"name": "kamumu"}, {"name": "magombo mkt"}, {"name": "olympi estate"}, {"name": "karindi"}, {"name": "salamaa(yoani)"}, {"name": "arsim"}, {"name": "gamba market"}, {"name": "mulot"}, {"name": "karerema"}, {"name": "mangu"}, {"name": "kanyua market"}, {"name": "cheptabes"}, {"name": "ngoina estate"}, {"name": "kamahuha"}, {"name": "msambweni"}, {"name": "eldas"}, {"name": "ebiosi market"}, {"name": "kikuyu"}, {"name": "kangaita"}, {"name": "kenol town,karugia market"}, {"name": "kionyo market"}, {"name": "mutwangombe"}, {"name": "wangige"}, {"name": "muono"}, {"name": "mutyangome"}, {"name": "kigoro"}, {"name": "tindireti"}, {"name": "chepkono"}, {"name": "witeithie"}, {"name": "miasenyi"}, {"name": "rusinga"}, {"name": "loitokitok"}, {"name": "kionyo mkt"}, {"name": "atuya"}, {"name": "kiongwe"}, {"name": "kasang'u"}, {"name": "kenyenya market"}, {"name": "sena"}, {"name": "magunga town"}, {"name": "kibwezi"}, {"name": "riana mkt"}, {"name": "gai"}, {"name": "murarania market"}, {"name": "south c shopping center"}, {"name": "kavalula shopping center"}, {"name": "yatwa"}, {"name": "corner kayole market"}, {"name": "njoro centre"}, {"name": "soy market"}, {"name": "athiru gaiti market"}, {"name": "ekerorano market"}, {"name": "likia"}, {"name": "mukarara"}, {"name": "godo market"}, {"name": "antubochiu market"}, {"name": "mtopanag"}, {"name": "cbd"}, {"name": "kangui"}, {"name": "kinale shopping centre"}, {"name": "mairo inya"}, {"name": "nead god nyango primry"}, {"name": "syomakanda market"}, {"name": "daba"}, {"name": "kutulo town"}, {"name": "ndori"}, {"name": "kairini"}, {"name": "kathiranga market"}, {"name": "mogotio"}, {"name": "kobujoi market"}, {"name": "rukanga market"}, {"name": "mbembani"}, {"name": "mariakani"}, {"name": "sarman trading centre"}, {"name": "muchorwe"}, {"name": "kariobangi south market"}, {"name": "bamburi stage"}, {"name": "matunda"}, {"name": "chebangang"}, {"name": "kibugat"}, {"name": "biafra alrahma mosque"}, {"name": "mailo inya"}, {"name": "kiandegwa"}, {"name": "thika  town"}, {"name": "tinganga"}, {"name": "kikumini"}, {"name": "kanderendu"}, {"name": "sarif trading centre"}, {"name": "langobaya"}, {"name": "boroti thigio"}, {"name": "karunga  shoping centre"}, {"name": "kapkatet"}, {"name": "chebitet"}, {"name": "mgange nyika"}, {"name": "itheng'eli"}, {"name": "gitithia shopping centre"}, {"name": "gitaru"}, {"name": "kandebe"}, {"name": "ndaraweta"}, {"name": "tuskys lungalunga"}, {"name": "kplc"}, {"name": "capital centre"}, {"name": "embakasi"}, {"name": "gongoni market"}, {"name": "tala"}, {"name": "nakumatt nyali"}, {"name": "awasi market"}, {"name": "kulaaley town"}, {"name": "tamough"}, {"name": "kalitini"}, {"name": "chuka town/ kibugua market"}, {"name": "miwani"}, {"name": "maringo"}, {"name": "chumvi"}, {"name": "off outering rd then korogocho slum near daniel comboni pri school"}, {"name": "within nanyuki town"}, {"name": "ndonyo warsin"}, {"name": "yumbu"}, {"name": "onguo"}, {"name": "kawangware"}, {"name": "regen"}, {"name": "sabasaba"}, {"name": "maji moto market"}, {"name": "kambiti"}, {"name": "mariene market"}, {"name": "lanet chiefs camp"}, {"name": "karuri market"}, {"name": "mweiga"}, {"name": "lango baya"}, {"name": "nyagesese"}, {"name": "isebania marker"}, {"name": "ndanai"}, {"name": "kikesa"}, {"name": "eberege"}, {"name": "gerille town"}, {"name": "kiandiu market"}, {"name": "ngege"}, {"name": "kamirithu"}, {"name": "mugango market"}, {"name": "rang'ala shopping centre"}, {"name": "kaani"}, {"name": "patte"}, {"name": "nzaikoni"}, {"name": "lari scheme"}, {"name": "bungoma town - along g4s offices"}, {"name": "babadogo h/c"}, {"name": "near chief's camp"}, {"name": "charidende"}, {"name": "mwala"}, {"name": "near hurlingham"}, {"name": "buyangu market"}, {"name": "femiplex house"}, {"name": "kaswanga"}, {"name": "timau"}, {"name": "mambrui shopping centre"}, {"name": "bamba town"}, {"name": "lwanda kawuor"}, {"name": "kochwa"}, {"name": "sotik"}, {"name": "isiolo"}, {"name": "mansabubu"}, {"name": "nzangathi market"}, {"name": "kapcherop"}, {"name": "woodstreet nursing home"}, {"name": "icipe or kasarani police station"}, {"name": "sigomere market"}, {"name": "iltilal market"}, {"name": "kimana"}, {"name": "muthungue market"}, {"name": "mutuombare"}, {"name": "lela market"}, {"name": "kathome market"}, {"name": "kiawakara village"}, {"name": "wajir town"}, {"name": "homa-bay"}, {"name": "kenyenya"}, {"name": "mutarakwa"}, {"name": "boyani"}, {"name": "koyo market"}, {"name": "itibo rianyabaro"}, {"name": "hardy shopping center"}, {"name": "dzitsoni"}, {"name": "maasai estate"}, {"name": "nyayo"}, {"name": "namarei"}, {"name": "kiangochi"}, {"name": "mithikwani market"}, {"name": "nyache"}, {"name": "oloolaimutia"}, {"name": "kulele"}, {"name": "karen shopping center"}, {"name": "mbonzuki"}, {"name": "burburu shopping centre"}, {"name": "ugunja market"}, {"name": "mur malanga market"}, {"name": "ziani"}, {"name": "khwisero market"}, {"name": "ndagai"}, {"name": "kiamumbi"}, {"name": "muhotetu"}, {"name": "muchonoke"}, {"name": "kamanyi market"}, {"name": "chekalini"}, {"name": "kerio"}, {"name": "chebiemit"}, {"name": "matunda town"}, {"name": "ntugi market"}, {"name": "fly over market"}, {"name": "shiru"}, {"name": "keumbu"}, {"name": "manyulia"}, {"name": "malaha market"}, {"name": "kesot"}, {"name": "murindoku"}, {"name": "kanyakine market"}, {"name": "at the kenya wildlife service headquarters lang'ata"}, {"name": "at centre market"}, {"name": "lunza"}, {"name": "bamburi - mombasa"}, {"name": "chaka market"}, {"name": "kimana township"}, {"name": "gaturia"}, {"name": "mutindwa"}, {"name": "kaanwa"}, {"name": "got kachola"}, {"name": "nakuru"}, {"name": "captain"}, {"name": "mihuti"}, {"name": "tendwet shopping centre"}, {"name": "bamburi"}, {"name": "3rd avenue melawa"}, {"name": "gesusu"}, {"name": "silanga village"}, {"name": "sokoke"}, {"name": "joska town"}, {"name": "lodwar town central business district"}, {"name": "kyaani market"}, {"name": "mungatsi"}, {"name": "karugia shopping centre"}, {"name": "hono market"}, {"name": "mbwinjeru"}, {"name": "tsunza"}, {"name": "laisamis town"}, {"name": "chuka town/ kambandi market"}, {"name": "chemelili market"}, {"name": "ruiri"}, {"name": "mudete market"}, {"name": "kosele market"}, {"name": "ranen"}, {"name": "ngongoni"}, {"name": "logologo"}, {"name": "racecourse"}, {"name": "near mukuru chiefs office opposit jaharis supermarket"}, {"name": "near omboga market"}, {"name": "sigor"}, {"name": "kambu"}, {"name": "gititu"}, {"name": "komarock"}, {"name": "behind safari park hotel"}, {"name": "kwakilui market"}, {"name": "mungetho"}, {"name": "igoji mkt"}, {"name": "mukuyuni"}, {"name": "bondo nyironge"}, {"name": "mwambiu"}, {"name": "thome"}, {"name": "mung'etho"}, {"name": "cheplanget"}, {"name": "heshima"}, {"name": "buna"}, {"name": "karurumo"}, {"name": "shanzu"}, {"name": "agenga"}, {"name": "ogorji"}, {"name": "kolenyo"}, {"name": "katwanyaa"}, {"name": "police central workshop"}, {"name": "kiriari"}, {"name": "marua"}, {"name": "buxton"}, {"name": "kaai"}, {"name": "sisokhe"}, {"name": "musavani market"}, {"name": "chamari"}, {"name": "malakisi"}, {"name": "ndaragwa"}, {"name": "rabar shopping centre"}, {"name": "burma market"}, {"name": "lungalunga"}, {"name": "gatundu"}, {"name": "near rongo markert"}, {"name": "zombe town"}, {"name": "rabuor market"}, {"name": "kandara"}, {"name": "namanga"}, {"name": "sori beach"}, {"name": "timboni market"}, {"name": "ntugi"}, {"name": "tarbaj"}, {"name": "lugari"}, {"name": "barsiele market"}, {"name": "moyale"}, {"name": "nthambiro mkt"}, {"name": "kaguma market"}, {"name": "gafarsa"}, {"name": "maremba stage"}, {"name": "kamasengre"}, {"name": "gatina"}, {"name": "kalulu shopping center"}, {"name": "along shariff centre complex"}, {"name": "kitale"}, {"name": "kabichbich"}, {"name": "lwak"}, {"name": "kimunye"}, {"name": "misambi market"}, {"name": "mutini market"}, {"name": "limuru market"}, {"name": "gituuru"}, {"name": "kagwe shopping center"}, {"name": "sirisia"}, {"name": "matayos"}, {"name": "ligega market"}, {"name": "uran"}, {"name": "kamwana"}, {"name": "gitaru dam"}, {"name": "kigumo town"}, {"name": "busia bus stage"}, {"name": "ndivisi market"}, {"name": "muthanthara"}, {"name": "giakanja"}, {"name": "imara shops"}, {"name": "gitugi shopping centre"}, {"name": "near nyamamithi centre"}, {"name": "gacharage market"}, {"name": "near seasons stage behind clay city medical centre"}, {"name": "forttenan"}, {"name": "runyenjes"}, {"name": "kombewa"}, {"name": "lundi"}, {"name": "kutus"}, {"name": "kaguku"}, {"name": "mai mahiu"}, {"name": "muthuthiini"}, {"name": "mshomoroni"}, {"name": "dnnholm"}, {"name": "imara daima"}, {"name": "voi town"}, {"name": "mois bridge"}, {"name": "kiomo"}, {"name": "mtondia town"}, {"name": "kiangwenyi"}, {"name": "ziwani market"}, {"name": "tausa"}, {"name": "siana boarding primary school"}, {"name": "itunduimuni"}, {"name": "kiruri market"}, {"name": "mangai"}, {"name": "mwembe"}, {"name": "kamuchege shopping centre"}, {"name": "kawiru market"}, {"name": "makutano market"}, {"name": "lusiola mkt"}, {"name": "koru"}, {"name": "mailikumi"}, {"name": "maili-kumi"}, {"name": "katangini market"}, {"name": "gachuba"}, {"name": "laini saba market"}, {"name": "kendu bay town"}, {"name": "munyetani market"}, {"name": "marindi"}, {"name": "awendo market center / siruti village"}, {"name": "nakwijit"}, {"name": "muthengera town"}, {"name": "kiptagich"}, {"name": "nyamasisbi"}, {"name": "a/ruujine"}, {"name": "kalamba"}, {"name": "murhanda"}, {"name": "migori town market"}, {"name": "madaraka market"}, {"name": "maili kumi"}, {"name": "kwavonza"}, {"name": "chuka town/ mukuuni market"}, {"name": "rapedhi"}, {"name": "kianjoya"}, {"name": "muutine mkt"}, {"name": "ting'a market"}, {"name": "kiganjo market"}, {"name": "msabaha"}, {"name": "kona mbaya"}, {"name": "nys"}, {"name": "nyamusi"}, {"name": "mosa"}, {"name": "ndarasa town"}, {"name": "kilulu market"}, {"name": "mayanja market"}, {"name": "kabarnet town"}, {"name": "kvda"}, {"name": "maili nne"}, {"name": "gakui"}, {"name": "chelilde"}, {"name": "gesusu mkt"}, {"name": "maunguja village"}, {"name": "kajiado townsip"}, {"name": "mavoko"}, {"name": "north horr"}, {"name": "magombo"}, {"name": "kabiranduni"}, {"name": "mutaga"}, {"name": "tezo"}, {"name": "mogogosiek"}, {"name": "tulwet"}, {"name": "mutindwa market"}, {"name": "ngumba estate oop safari park hotel"}, {"name": "mashimoni village"}, {"name": "nabuganda village"}, {"name": "ramula shoping c"}, {"name": "kanyenyaini"}, {"name": "kevote"}, {"name": "kopanga"}, {"name": "dc office"}, {"name": "near ouru market"}, {"name": "narok"}, {"name": "kinungi shopping centre"}, {"name": "asembo bay"}, {"name": "elukhambi church of god"}, {"name": "olima market"}, {"name": "muselele township"}, {"name": "mathore"}, {"name": "roysambu petrol station off kamiti road"}, {"name": "sina"}, {"name": "mutheru"}, {"name": "kisii municipal mkt"}, {"name": "naishi"}, {"name": "nguluni market"}, {"name": "kaheti"}, {"name": "just behind kahawa west market"}, {"name": "kokotoni"}, {"name": "kamatira"}, {"name": "shantabak"}, {"name": "located near marima stage"}, {"name": "kieni kia ndege"}, {"name": "bus stage"}, {"name": "teremi"}, {"name": "gachoka"}, {"name": "omoya"}, {"name": "nairobi west shopping centre"}, {"name": "chepseon"}, {"name": "kagumoini"}, {"name": "vipingo"}, {"name": "riochungo mkt"}, {"name": "mile 46"}, {"name": "rikiania"}, {"name": "kisui"}, {"name": "kalatine"}, {"name": "griftu stage"}, {"name": "next to equity bank hunters"}, {"name": "ugina beach"}, {"name": "ndunyu njeru market"}, {"name": "dandora 41"}, {"name": "mukuyu market"}, {"name": "mulot market"}, {"name": "nyaguta"}, {"name": "keringet market"}, {"name": "kisama"}, {"name": "near gilgil police station"}, {"name": "chavakali"}, {"name": "mata"}, {"name": "kalimani"}, {"name": "kiamokama"}, {"name": "bomas of kenya"}, {"name": "nyamemiso"}, {"name": "shangia"}, {"name": "kizingitini"}, {"name": "muthurua"}, {"name": "shelemba"}, {"name": "kavete"}, {"name": "chuka town ikuu market"}, {"name": "kanga shoping ceenter"}, {"name": "oljor orok"}, {"name": "bondo town"}, {"name": "bissil town centre"}, {"name": "githunguri market"}, {"name": "gachocho"}, {"name": "archers post"}, {"name": "kowuor market"}, {"name": "lida market"}, {"name": "kibigori"}, {"name": "next to success stage zimmerman"}, {"name": "leheley trading centre"}, {"name": "iiani"}, {"name": "karangia"}, {"name": "makutano trading center"}, {"name": "moita"}, {"name": "shaburb"}, {"name": "nambilima"}, {"name": "nyahera"}, {"name": "orembe market"}, {"name": "hola"}, {"name": "kibendera"}, {"name": "kamelil"}, {"name": "ekalakala"}, {"name": "mbuvori"}, {"name": "gikuuri market"}, {"name": "awendo market center"}, {"name": "awendo market center-"}, {"name": "sagana"}, {"name": "kayole"}, {"name": "muyuni"}, {"name": "modagashe"}, {"name": "mutitu"}, {"name": "garfarsa"}, {"name": "manyatta"}, {"name": "jericho market"}, {"name": "shabaab market"}, {"name": "kipwastuiyo"}, {"name": "endonyokopit market"}, {"name": "kamutei"}, {"name": "kabaru"}, {"name": "hoama bay"}, {"name": "nyonjoro"}, {"name": "oldonyiro"}, {"name": "kitui"}, {"name": "manyuanda"}, {"name": "taracha"}, {"name": "kyamatu market"}, {"name": "kimutwa"}, {"name": "kikimbala market"}, {"name": "westlands sarit centre"}, {"name": "sino town"}, {"name": "masaani market"}, {"name": "mbumbuni"}, {"name": "kuresoi"}, {"name": "kakuyuni"}, {"name": "gacharageini"}, {"name": "nthongoni"}, {"name": "malaha mkt"}, {"name": "tala market"}, {"name": "kambu market"}, {"name": "kerer"}, {"name": "kairi"}, {"name": "near nalondo market"}, {"name": "top perfomance academy"}, {"name": "miharate towm"}, {"name": "kagunduini"}, {"name": "lango baya market"}, {"name": "nyabondo market"}, {"name": "hamza"}, {"name": "mathore plots"}, {"name": "mombasa"}, {"name": "kianjokoma"}, {"name": "mashimoni"}, {"name": "makobeni"}, {"name": "mansa village"}, {"name": "mecheo"}, {"name": "borangi s.d.a"}, {"name": "katumbu shopping centre"}, {"name": "kiambogo"}, {"name": "endoinyo narasha"}, {"name": "marigat"}, {"name": "kakongo"}, {"name": "kahawa west estate- cemtek building"}, {"name": "ngisiru"}, {"name": "olympic estate"}, {"name": "landi market"}, {"name": "uraga market"}, {"name": "githuraii 45"}, {"name": "muthaiga police station"}, {"name": "kwa vonza market"}, {"name": "kithyoko"}, {"name": "olkaria goethermal power"}, {"name": "ikuyuni shopping centre"}, {"name": "laare"}, {"name": "omuonyo le market"}, {"name": "githuya market centre"}, {"name": "sereolipi"}, {"name": "kagicha"}, {"name": "ithanga"}, {"name": "maralal"}, {"name": "mogotio town"}, {"name": "kabebero shopping centre"}, {"name": "lunakwe market"}, {"name": "kilonzo shopping centre"}, {"name": "kavangua market,ena market"}, {"name": "elelea"}, {"name": "abossi market"}, {"name": "kapkoros market"}, {"name": "nkubu  town"}, {"name": "entanda"}, {"name": "near soko mjinga kaptembwa"}, {"name": "at shianda mkt"}, {"name": "in kaseve market"}, {"name": "ndimu"}, {"name": "3km off kawanjara-ishiara highway from ugweri market."}, {"name": "kinamba"}, {"name": "mukuria"}, {"name": "lokichoggio"}, {"name": "garissa town"}, {"name": "korondille"}, {"name": "matongo"}, {"name": "ruirii"}, {"name": "bochari"}, {"name": "ngurubani town"}, {"name": "kiratina shopping centre"}, {"name": "ngosuani market"}, {"name": "iriguini"}, {"name": "illeret town"}, {"name": "kamukuywa"}, {"name": "buruburu shopping centre"}, {"name": "mau- narok"}, {"name": "near ndarawetta"}, {"name": "kiamwathi"}, {"name": "ikonyero"}, {"name": "wa"}, {"name": "butula market"}, {"name": "city stadium"}, {"name": "kichinjio village"}, {"name": "inside mbale gk prison"}, {"name": "emali town"}, {"name": "matungulu"}, {"name": "makararangwe"}, {"name": "chanagande"}, {"name": "sangailu town"}, {"name": "chuka town/ weru market"}, {"name": "nairagie enkare"}, {"name": "near sunton"}, {"name": "ngoron"}, {"name": "gakuyu"}, {"name": "katutu"}, {"name": "sosera"}, {"name": "westlands"}, {"name": "nearer to kahawa west market"}, {"name": "marmanet"}, {"name": "kanakurudio"}, {"name": "ratanga"}, {"name": "ilpolei"}, {"name": "kanfarm"}, {"name": "lanet machine ndege"}, {"name": "malanga"}, {"name": "kibgong"}, {"name": "bus station"}, {"name": "nguni town"}, {"name": "nyamonye"}, {"name": "banja"}, {"name": "buyofu"}, {"name": "macknnon road"}, {"name": "nyabohanse"}, {"name": "mwaani market"}, {"name": "mitunguu market"}, {"name": "kapsongoi"}, {"name": "just next to 44 stage"}, {"name": "masinga"}, {"name": "kiromwok secondary school"}, {"name": "mwiyogo"}, {"name": "dagoretti centre"}, {"name": "oljabet"}, {"name": "kamere shopping centre"}, {"name": "kabuku"}, {"name": "kiongwani market"}, {"name": "umoja  market"}, {"name": "chebukwabi"}, {"name": "njiru centre"}, {"name": "lolgorian"}, {"name": "angata market"}, {"name": "khwisero"}, {"name": "kamusiliu"}, {"name": "nyansancha"}, {"name": "south b shopping centre"}, {"name": "ngelelya"}, {"name": "ikombe"}, {"name": "garissa ndogo"}, {"name": "athi kiaoni"}, {"name": "kaelo market"}, {"name": "kopiata beach"}, {"name": "mile tisa"}, {"name": "nyangweta market"}, {"name": "kabaa market"}, {"name": "kainuk"}, {"name": "donyo"}, {"name": "elben village"}, {"name": "dandora phase iii market"}, {"name": "hulugho"}, {"name": "shimanjiro mkt"}, {"name": "sigoti"}, {"name": "mokubo"}, {"name": "kaptalelio"}, {"name": "nyangiela market"}, {"name": "kiutine market"}, {"name": "county council houses"}, {"name": "moisbridge"}, {"name": "kitundu village"}, {"name": "kabiyet"}, {"name": "just opp catholic church zimerman (base stage)"}, {"name": "gachui"}, {"name": "titila"}, {"name": "gatarakwa"}, {"name": "kinunga"}, {"name": "matunwa"}, {"name": "kavumbu market"}, {"name": "ugunja  township"}, {"name": "sachangwan"}, {"name": "abc place"}, {"name": "kisii municipality market"}, {"name": "mairo-inya"}, {"name": "kipkoibet"}, {"name": "nambale"}, {"name": "kinarani"}, {"name": "wajir"}, {"name": "junction- centre"}, {"name": "near wangige town"}, {"name": "kahaaro"}, {"name": "kagunduini market"}, {"name": "nyagwethe"}, {"name": "gesonso"}, {"name": "nchiru"}, {"name": "boka"}, {"name": "kabianga"}, {"name": "migori town centre"}, {"name": "kwa mwaura market"}, {"name": "yoonye market"}, {"name": "mayungu"}, {"name": "kiboswa"}, {"name": "potopoto market"}, {"name": "junda"}, {"name": "nyambambo"}, {"name": "nthongoni market"}, {"name": "turasha"}, {"name": "gumba"}, {"name": "wanyaga"}, {"name": "pipeline airport road"}, {"name": "wajir cereal board"}, {"name": "kavuko market"}, {"name": "yala market"}, {"name": "kiboko"}, {"name": "near flamingo nursery school"}, {"name": "kianderi"}, {"name": "rumuruti town"}, {"name": "taveta"}, {"name": "kanyakine mkt"}, {"name": "isinet market"}, {"name": "kalemunyang"}, {"name": "kiltamany"}, {"name": "kanjuri"}, {"name": "amagoro town"}, {"name": "hazina shopping complex"}, {"name": "kahuro"}, {"name": "suguta marmar"}, {"name": "bargoni"}, {"name": "kiija"}, {"name": "naivasha dck"}, {"name": "rodi makket"}, {"name": "shinyalu"}, {"name": "esageri center"}, {"name": "mukangu village"}, {"name": "boito"}, {"name": "mwembr tayari"}, {"name": "kaw'ongo market"}, {"name": "tuvaani"}, {"name": "nzatani"}, {"name": "gatheru market"}, {"name": "kirichu"}, {"name": "nairobi  embakasi"}, {"name": "ngiiri market"}, {"name": "nguuku"}, {"name": "kali market"}, {"name": "sikri market"}, {"name": "st teresa parish"}, {"name": "ncunga market"}, {"name": "funyula town"}, {"name": "muranga"}, {"name": "mathunzini"}, {"name": "kisii"}, {"name": "kiamariga"}, {"name": "kavatanzou"}, {"name": "near soko mjinga"}, {"name": "wamunyu"}, {"name": "njuthine"}, {"name": "wote town"}, {"name": "at salgaa market"}, {"name": "near pipeline"}, {"name": "mutithi market"}, {"name": "chuka town/ kibugua"}, {"name": "chemamit market"}, {"name": "kakamega town"}, {"name": "mbitini"}, {"name": "kianda"}, {"name": "ciampiu"}, {"name": "gaitu market"}, {"name": "4 a mathare"}, {"name": "nyandusi village"}, {"name": "nzambia market"}, {"name": "nairobi,eastleigh"}, {"name": "kathangeri"}, {"name": "rwamburi"}, {"name": "maseki"}, {"name": "khn hospital"}, {"name": "mache plaza"}, {"name": "angurai"}, {"name": "chaaria market"}, {"name": "cheptuya"}, {"name": "at zakayos"}, {"name": "mamboleo"}, {"name": "lesirikan"}, {"name": "kinamba  shopping centre"}, {"name": "kimbimbi"}, {"name": "itoleka"}, {"name": "taranganya"}, {"name": "kaheho"}, {"name": "near  kiiji market"}, {"name": "tezo trading centre"}, {"name": "near marurui heath centre"}, {"name": "mulangoni"}, {"name": "kanyamurori"}, {"name": "narumoru"}, {"name": "behind the nyanza provincial head quarters"}, {"name": "kapsang'ar"}, {"name": "emarti market"}, {"name": "kijauri"}, {"name": "manga"}, {"name": "kithumula"}, {"name": "gachie"}, {"name": "situated within nairobi business district"}, {"name": "chemamul"}, {"name": "adadijolle"}, {"name": "kola market"}, {"name": "maragua"}, {"name": "aram market"}, {"name": "maili sita"}, {"name": "ndiriti"}, {"name": "mururi"}, {"name": "mogusii"}, {"name": "wakiangata"}, {"name": "nakuru town"}, {"name": "silibwet market"}, {"name": "ruiru"}, {"name": "kamoro"}, {"name": "nyanchabo"}, {"name": "kihumbuini"}, {"name": "shafshafey center"}, {"name": "igarii/mulika/mikinduri"}, {"name": "near pipeline or barnabas"}, {"name": "olare"}, {"name": "kenyatta national hospital"}, {"name": "gwakung'u"}, {"name": "gwakungu"}, {"name": "balambala"}, {"name": "sabuli trading centre"}, {"name": "zombe"}, {"name": "miagayuini"}, {"name": "engineer"}, {"name": "thika town bus station"}, {"name": "gilgil"}, {"name": "ngadenyi"}, {"name": "nyatoto"}, {"name": "kiogoro"}, {"name": "kaiani"}, {"name": "karogo market"}, {"name": "marereni"}, {"name": "lpartuk village"}, {"name": "tipis centre"}, {"name": "olympic"}, {"name": "ekerenyo"}, {"name": "kawangware 56"}, {"name": "kapkateny"}, {"name": "dagoretti corner"}, {"name": "loikumkum village"}, {"name": "kanziku market"}, {"name": "near subukia town"}, {"name": "fly over"}, {"name": "kerwa trading centre"}, {"name": "masasini mkt"}, {"name": "kiminini centre"}, {"name": "mukurweini town"}, {"name": "muumandu"}, {"name": "chepkube"}, {"name": "matolani market"}, {"name": "aram"}, {"name": "facility located in giribe market along nyamaraga -ochuna road"}, {"name": "kee market"}, {"name": "kombewa market"}, {"name": "kibugua"}, {"name": "nyanduma shopping center"}, {"name": "kericho town"}, {"name": "lamu"}, {"name": "ikuu"}, {"name": "kasaran centre in naivasha"}, {"name": "kangundo"}, {"name": "isinya"}, {"name": "kilala"}, {"name": "njiru market"}, {"name": "toy market,makina"}, {"name": "alwala market"}, {"name": "rwathia market"}, {"name": "dandora phase ii market"}, {"name": "illasit market"}, {"name": "watamu"}, {"name": "mbiuni"}, {"name": "gatunyu market"}, {"name": "katheri market"}, {"name": "one kilometre from kaweru market"}, {"name": "kathangari"}, {"name": "wangu'ru town"}, {"name": "marti"}, {"name": "hurlingham"}, {"name": "gatura"}, {"name": "mbui nzau"}, {"name": "thika rd, icpe rd opp kasarani police station"}, {"name": "kiairia"}, {"name": "isebania township"}, {"name": "nyahururu"}, {"name": "kanuni market"}, {"name": "kibugu"}, {"name": "mbaga shopping centre"}, {"name": "kisasi"}, {"name": "sirembe market"}, {"name": "moisbridge town"}, {"name": "mutati"}, {"name": "kilingili mkt"}, {"name": "karagita shopping centre"}, {"name": "njipship"}, {"name": "ngarariga"}, {"name": "gatangara"}, {"name": "kathangacini"}, {"name": "bulla medina"}, {"name": "karingari market"}, {"name": "pumwanii maternity hospital"}, {"name": "makina market"}, {"name": "shartuka market"}, {"name": "mandera east"}, {"name": "bumala"}, {"name": "rakwaro market"}, {"name": "masiro market"}, {"name": "mugunda"}, {"name": "kutulo"}, {"name": "maua town"}, {"name": "kitamwiki"}, {"name": "mwariki market"}, {"name": "matungu"}, {"name": "nairobi- mukuru"}, {"name": "kalyongwet"}, {"name": "near chemaner market"}, {"name": "kongoni"}, {"name": "chemelil"}, {"name": "olasi"}, {"name": "ugweri"}, {"name": "bomas"}, {"name": "kabururu"}, {"name": "ongatta rongai"}, {"name": "simotwet"}, {"name": "kongotik secondary school"}, {"name": "rombo market"}, {"name": "mairi"}, {"name": "kilili market"}, {"name": "mirangine"}, {"name": "naitiri market"}, {"name": "kathemboni market"}, {"name": "nzoia"}, {"name": "longonot shopping centre"}, {"name": "mutha"}, {"name": "waithaka shopping centre"}, {"name": "kenyoro"}, {"name": "kambusu"}, {"name": "kimangao"}, {"name": "migori"}, {"name": "komarock phase 11"}, {"name": "katani market"}, {"name": "maiela shopping centre"}, {"name": "butali"}, {"name": "jua kali"}, {"name": "ndhiwa"}, {"name": "lunga lunga"}, {"name": "ithare"}, {"name": "thwake market"}, {"name": "mkwambani"}, {"name": "pesi centre"}, {"name": "satiet"}, {"name": "ringa market"}, {"name": "wandumbi"}, {"name": "ithekahuno"}, {"name": "kibirigwi market"}, {"name": "kamweti"}, {"name": "itibo"}, {"name": "kathiani"}, {"name": "kiganjo town"}, {"name": "eldoret town"}, {"name": "antubetwe market"}, {"name": "inyuu market"}, {"name": "muhoroni"}, {"name": "kilome mkt"}, {"name": "marimanti market"}, {"name": "uriri"}, {"name": "soghor"}, {"name": "kalacha"}, {"name": "near maji mazuri open ground before the bridge to mwiki"}, {"name": "chuthber market"}, {"name": "nairobi,near uhuru market"}, {"name": "cheera"}, {"name": "kanyongonyo"}, {"name": "nyamasaria market"}, {"name": "longisa market"}, {"name": "sondany"}, {"name": "gategi market"}, {"name": "ilalambyu"}, {"name": "kambogo"}, {"name": "kiamaiko"}, {"name": "next ngendaptich primary school next solai lake"}, {"name": "nyaikuro"}, {"name": "kobil mukuru"}, {"name": "nanyuki"}, {"name": "kinamba ( sosian)"}, {"name": "ogembo town"}, {"name": "yala township"}, {"name": "majengo market"}, {"name": "silibwet"}, {"name": "lumakanda"}, {"name": "iten"}, {"name": "swari"}, {"name": "sombo"}, {"name": "awelo market"}, {"name": "wangige market"}, {"name": "corner market"}, {"name": "nairobi west t mall"}, {"name": "logologo centre"}, {"name": "township primary school"}, {"name": "kodiaga market"}, {"name": "kanzaw'u shopping centre"}, {"name": "kangeta market"}, {"name": "nairobi,jerusalem shopping centre"}, {"name": "nyamarambe"}, {"name": "machang'a"}, {"name": "bar korwa"}, {"name": "nakuru nakumatt"}, {"name": "kairungu"}, {"name": "arbajhan"}, {"name": "kamasielo"}, {"name": "nyabikongori"}, {"name": "kangutu market"}, {"name": "mbagara"}, {"name": "kaptumo market"}, {"name": "tapach"}, {"name": "lpus leluai"}, {"name": "nguungani"}, {"name": "toll town"}, {"name": "off kamiti rd ,githurai 44 behind uncle sam near kimsa supermarket  opp genesis flats"}, {"name": "lusigetti"}, {"name": "shiatsala"}, {"name": "near china centre."}, {"name": "ashabito"}, {"name": "kasikeu"}, {"name": "ithumbi"}, {"name": "near gilanis supermarket"}, {"name": "namba. located along migori-kehancha road"}, {"name": "nacelica hotel"}, {"name": "muthesya"}, {"name": "oyugis town"}, {"name": "raganga"}, {"name": "katoloni market"}, {"name": "rhamu"}, {"name": "miangeni village"}, {"name": "uviluni market"}, {"name": "knh"}, {"name": "maili-tisa"}, {"name": "hungai"}, {"name": "kemera"}, {"name": "do's office riruta"}, {"name": "egerton"}, {"name": "kentatta  market"}, {"name": "kasarini"}, {"name": "just behind co-operative bank zimerman"}, {"name": "makutano meru"}, {"name": "nachola"}, {"name": "chepngombe"}, {"name": "gwikonge"}, {"name": "garashi trading center"}, {"name": "keroka"}, {"name": "chuka town/ kambandi mrket"}, {"name": "at the pc's office"}, {"name": "sunton"}, {"name": "loosuk shopping centre"}, {"name": "near gitinduti market"}, {"name": "kilgoris"}, {"name": "bungoma prison"}, {"name": "kaviani"}, {"name": "sacha"}, {"name": "kwakilui"}, {"name": "kimbo town"}, {"name": "mwata mkt"}, {"name": "chepchabas"}, {"name": "anyuongi"}, {"name": "sifuyo shopping centre"}, {"name": "madaraka shopping center"}, {"name": "timau market"}, {"name": "barding"}, {"name": "reru market centre"}, {"name": "longonot centre"}, {"name": "kiondo village"}, {"name": "kiisyoka shopping centre"}, {"name": "nduru market"}, {"name": "kanyonyoo market"}, {"name": "itundu"}, {"name": "kajionee market"}, {"name": "migori municipal compound"}, {"name": "gituamba"}, {"name": "ngelani"}, {"name": "maungu town along mombasa nairobi highway"}, {"name": "mosoriot"}, {"name": "kalisasi"}, {"name": "mugeka shopping centre"}, {"name": "kathiani market"}, {"name": "jericho shopping centre"}, {"name": "igonga sec./mkt"}, {"name": "gathoge"}, {"name": "dunto village"}, {"name": "kyatune market"}, {"name": "kimulot"}, {"name": "midways plaza !st floor room 11"}, {"name": "chuka"}, {"name": "challa"}, {"name": "nyamache"}, {"name": "makadara"}, {"name": "ochuna"}, {"name": "kinoo market"}, {"name": "kariobangi south"}, {"name": "matinga town"}, {"name": "kiangwaci"}, {"name": "maraba"}, {"name": "maramara"}, {"name": "endarasha"}, {"name": "thinu"}, {"name": "kinna"}, {"name": "liunda beach"}, {"name": "maranda"}, {"name": "gikondi"}, {"name": "kariobangi lite industries"}, {"name": "macalder"}, {"name": "tongaren"}, {"name": "mbarakachembe"}, {"name": "wagai(ondisore)shopping centre"}, {"name": "railway training institute"}, {"name": "kiifi"}, {"name": "nakumatt prestige"}, {"name": "chewani"}, {"name": "kianyaga"}, {"name": "ngiluni"}, {"name": "nyansira"}, {"name": "jujafarm"}, {"name": "banana"}, {"name": "chewele"}, {"name": "kaharo"}, {"name": "kipini"}, {"name": "kahuho"}, {"name": "ndemi"}, {"name": "dede"}, {"name": "thaita"}, {"name": "muthiigini"}, {"name": "athi mkt"}, {"name": "magutuni"}, {"name": "gazi"}, {"name": "migori town centre  opposite kcb bank migori branch"}, {"name": "mazeras"}, {"name": "msabaha village"}, {"name": "garissa lodge market"}, {"name": "lwanda konyango"}, {"name": "mwatate"}, {"name": "kipasi"}, {"name": "kanja"}, {"name": "ngomeni"}, {"name": "wajir police line"}, {"name": "bissil"}, {"name": "mutomo town"}, {"name": "kababu youth polytechnic"}, {"name": "a long malaba high way"}, {"name": "kayanda"}, {"name": "kiserian"}, {"name": "kegogi"}, {"name": "bar olengo market"}, {"name": "munyu"}, {"name": "murungaru shopping centre"}, {"name": "kalundu"}, {"name": "katoloka market"}, {"name": "kionyo"}, {"name": "riba village"}, {"name": "nderi"}, {"name": "funyula"}, {"name": "isibania"}, {"name": "kanyangi market"}, {"name": "kihoya"}, {"name": "kirwara"}, {"name": "gurar"}, {"name": "kerugoya town"}, {"name": "engineer town"}, {"name": "kiambu town"}, {"name": "karen"}, {"name": "meguara market"}, {"name": "githongo market"}, {"name": "south horr"}, {"name": "karama"}, {"name": "mukhonje"}, {"name": "maraigushu shopping centre"}, {"name": "kenol"}, {"name": "khushiasa"}, {"name": "kiomoncha"}, {"name": "ngomoni"}, {"name": "near longisa"}, {"name": "lodwar"}, {"name": "thigio"}, {"name": "itumbe"}, {"name": "east kitutu"}, {"name": "machaka market"}, {"name": "pangani"}, {"name": "murungaru town"}, {"name": "kasei"}, {"name": "near chief\"s office umoja ii"}, {"name": "sabane mkt"}, {"name": "kityhoko"}, {"name": "kabati town"}, {"name": "lang'ata shopping center"}, {"name": "rigena"}, {"name": "osingo"}, {"name": "gachatha"}, {"name": "siaya market"}, {"name": "hindi town"}, {"name": "s.b shopping centre"}, {"name": "kimongo"}, {"name": "opposite gilgil co-operative bank"}, {"name": "namoruputh trading centre"}, {"name": "mujwa market"}, {"name": "hunters"}, {"name": "sikata"}, {"name": "naroktown"}, {"name": "mahanga mkt"}, {"name": "irwaga market"}, {"name": "winzyei"}, {"name": "olkalou"}, {"name": "kyeleni"}, {"name": "kondele"}, {"name": "kariokor market"}, {"name": "emining centre"}, {"name": "ndauni market"}, {"name": "muruguru"}, {"name": "lolmolog market"}, {"name": "londiani"}, {"name": "lemek market"}, {"name": "ndiru"}, {"name": "ogwedhi"}, {"name": "matasia"}, {"name": "mashambani"}, {"name": "maiani market"}, {"name": "tarasaa"}, {"name": "kitengela"}, {"name": "kitise"}, {"name": "harambee"}, {"name": "bar agulu market"}, {"name": "matongo mkt"}, {"name": "tononokasocialhall"}, {"name": "mpuri market"}, {"name": "mitini aic"}, {"name": "itangi"}, {"name": "kithimu"}, {"name": "kitundu"}, {"name": "bubisa town"}, {"name": "ombo market rapogi oria juction of othoro"}, {"name": "elwak town"}, {"name": "kyevaluki market"}, {"name": "mayoni centre"}, {"name": "dagoretti market"}, {"name": "ndunyuchege"}, {"name": "githurai 44"}, {"name": "shibuli market"}, {"name": "lolgorian market"}, {"name": "success stage"}, {"name": "kimintet"}, {"name": "aluor market"}, {"name": "kolenyo market"}, {"name": "kianyaga town"}, {"name": "mahigaini"}, {"name": "lugari railway station"}, {"name": "serem"}, {"name": "voi"}, {"name": "kiptere"}, {"name": "ngong"}, {"name": "kiseuni market"}, {"name": "kisian"}, {"name": "just behind kca university"}, {"name": "malaha"}, {"name": "ndumbuini"}, {"name": "wundanyi"}, {"name": "muthithi"}, {"name": "khayega"}, {"name": "bodi market"}, {"name": "adiedo market"}, {"name": "nguka"}, {"name": "nyachogochogo"}, {"name": "umoja i"}, {"name": "mariwa market center / ngo'nga"}, {"name": "makomboki"}, {"name": "oldonyorok market"}, {"name": "karingari"}, {"name": "nyangoge market"}, {"name": "kwamutonga"}, {"name": "ruruguti"}, {"name": "sega market - mombasa"}, {"name": "opp. equity bank kasarani"}, {"name": "tseikuru"}, {"name": "karangatha"}, {"name": "kiaragana"}, {"name": "nango"}, {"name": "near ramba market"}, {"name": "railway station"}, {"name": "riat market"}, {"name": "kalanga"}, {"name": "kamangu"}, {"name": "manyala shoping centre"}, {"name": "utawala"}, {"name": "uchumi ngong road"}, {"name": "kawangware 46"}, {"name": "difathas"}, {"name": "chuka town/ cheera market"}, {"name": "medina"}, {"name": "kapsogut"}, {"name": "machakos"}, {"name": "kathuri"}, {"name": "off waldena road"}, {"name": "magumu market"}, {"name": "wakor centre"}, {"name": "kambi ya mawe"}, {"name": "naromoru"}, {"name": "suneka mkt"}, {"name": "mukuyu"}, {"name": "maikona town"}, {"name": "daraja mbili"}, {"name": "kikule"}, {"name": "lite industries behind faulu"}, {"name": "murengeti"}, {"name": "masokani market"}, {"name": "muiu market"}, {"name": "kiusyani"}, {"name": "nzewani shopping center"}, {"name": "igoji"}, {"name": "muthinga"}, {"name": "kambiri"}, {"name": "githirioni"}, {"name": "bagaria"}, {"name": "makima"}, {"name": "samutet"}, {"name": "sirikwa"}, {"name": "chesinende market"}, {"name": "at kiondoo market"}, {"name": "near nakumatt junction ,dagoretti corner"}, {"name": "aligalo traders"}, {"name": "near mt kenya university"}, {"name": "rwika"}, {"name": "amoyo"}, {"name": "kalandin"}, {"name": "leysanyu"}, {"name": "njiru"}, {"name": "langas"}, {"name": "nalondo market"}, {"name": "mabanga"}, {"name": "musosya"}, {"name": "namboboto market"}, {"name": "athi town"}, {"name": "kaborom"}, {"name": "suguta mkt"}, {"name": "kihuyo"}, {"name": "bituyu"}, {"name": "kapchikar"}, {"name": "bakarani"}, {"name": "namanga town(within)"}, {"name": "opp kahawa west baptist church"}, {"name": "olkinyei"}, {"name": "kangaita a"}, {"name": "wanjohi"}, {"name": "eshu village"}, {"name": "nzeveni"}, {"name": "tuum market"}, {"name": "soweto west"}, {"name": "mukurweini"}, {"name": "karau shopping centre"}, {"name": "bamburi-kiembeni"}, {"name": "bp1"}, {"name": "endau market"}, {"name": "namuduru market"}, {"name": "kanyumba market"}, {"name": "kiangai"}, {"name": "njipiship market"}, {"name": "riana market"}, {"name": "kiguchwa"}, {"name": "at kanu street"}, {"name": "kalokol"}, {"name": "bangali"}, {"name": "kiminini/kitale"}, {"name": "maongoa"}, {"name": "embu"}, {"name": "ijara town"}, {"name": "thim lich"}, {"name": "kagaa"}, {"name": "sagam"}, {"name": "kanguu"}, {"name": "ewuaso"}, {"name": "chwele"}, {"name": "kochola market"}, {"name": "epke"}, {"name": "mundoro"}, {"name": "police line"}, {"name": "mailitatu"}, {"name": "gathiru-ini"}, {"name": "gatehouse"}, {"name": "kamaembe shopping centre"}, {"name": "githumu"}, {"name": "amagoro"}, {"name": "chebunyo market"}, {"name": "kiptangwanyi shopping centre"}, {"name": "griftu"}, {"name": "mitamisyi"}, {"name": "bissoi"}, {"name": "tuthu"}, {"name": "uhuru shopping centre"}, {"name": "kinondo"}, {"name": "kitere market"}, {"name": "kahawa market (city council market)"}, {"name": "ikonge"}, {"name": "lafaley village"}, {"name": "eshisiru mkt"}, {"name": " "}, {"name": "gesero market"}, {"name": "kasambara shopping centre near lady anne secondary school"}, {"name": "ngerenya"}, {"name": "kisii town"}, {"name": "salama"}, {"name": "migosi a"}, {"name": "kondele market"}, {"name": "adungosi"}, {"name": "ilotii"}, {"name": "kiikumini mkt"}, {"name": "ligingo"}, {"name": "thika town"}, {"name": "ganjoni primary school, mansoni hotel"}, {"name": "masaai market"}, {"name": "mikuyuni"}, {"name": "kitangani"}, {"name": "nguluni"}, {"name": "munyaka"}, {"name": "kiambaa"}, {"name": "karogoto"}, {"name": "iiani markret"}, {"name": "kirimun"}, {"name": "kangai"}, {"name": "bara ober"}, {"name": "rongo town"}, {"name": "gakoromone market"}, {"name": "ngewa"}, {"name": "kavisu"}, {"name": "luanda town"}, {"name": "kasarani shopping centre"}, {"name": "mauche"}, {"name": "god kwer legio maria headquarters"}, {"name": "loltulelei village"}, {"name": "dandora phase i market"}, {"name": "awendo"}, {"name": "mutuati market"}, {"name": "othaya town"}, {"name": "rigoma"}, {"name": "misori beach"}, {"name": "rodi market"}, {"name": "burnt forest"}, {"name": "treasury square - centrall bank of kenya"}, {"name": "chianda market"}, {"name": "nanyuki  town"}, {"name": "kimintet market"}, {"name": "khorof harar village"}, {"name": "bande"}, {"name": "turbi"}, {"name": "kihoya market"}, {"name": "musoli"}, {"name": "rongo"}, {"name": "kabuguri"}, {"name": "chifiri"}, {"name": "gichira"}, {"name": "gikomba market"}, {"name": "kamaget market"}, {"name": "kocholwo"}, {"name": "takaba"}, {"name": "katito"}, {"name": "kairuthi"}, {"name": "nchiru market"}, {"name": "tudor market"}, {"name": "nyabondo"}, {"name": "iriwa"}, {"name": "kanziku"}, {"name": "ongata rongai"}, {"name": "ishiara"}, {"name": "sericho"}, {"name": "ingotse mkt"}, {"name": "tarbaj trading centre"}, {"name": "butiye"}, {"name": "moiben"}, {"name": "mananja"}, {"name": "iranda"}, {"name": "hindi"}, {"name": "kiamuya"}, {"name": "gachororo"}, {"name": "muchatha market"}, {"name": "kasarani"}, {"name": "garashi"}, {"name": "menzamwenye"}, {"name": "mukuyuni mkt"}, {"name": "sirata oirobi."}, {"name": "kinoro market"}, {"name": "kyumbi"}, {"name": "rapogi"}, {"name": "wagberi village"}, {"name": "gatunga"}, {"name": "gotichaki sch."}, {"name": "kathyaka"}, {"name": "iriaini"}, {"name": "uthiru"}, {"name": "otiende estate"}, {"name": "kipkenyo"}, {"name": "likoni"}, {"name": "chepkalacha"}, {"name": "ratta market"}, {"name": "ivuusya"}, {"name": "kikambala town"}, {"name": "mariwenyi village"}, {"name": "knh hospital"}, {"name": "orahey market"}, {"name": "githunguri"}, {"name": "kiptewit"}, {"name": "ndalani market"}, {"name": "oyude market"}, {"name": "total market"}, {"name": "mutuobare"}, {"name": "pingilikani shopping centre"}, {"name": "mbwajumwali"}, {"name": "kikambala"}, {"name": "wakala"}, {"name": "ombek market"}, {"name": "k k market"}, {"name": "kavisuni market"}, {"name": "gatua"}, {"name": "kipsaraman"}, {"name": "mamboleo shoping centre"}, {"name": "kagumo"}, {"name": "muthuaini"}, {"name": "near tawakali bus booking office"}, {"name": "kiraone market"}, {"name": "near sori centre"}, {"name": "metipso"}, {"name": "mbumbuni market"}, {"name": "sidindi shopping centre"}, {"name": "gatuto"}, {"name": "karura"}, {"name": "etago market"}, {"name": "ndumoni"}, {"name": "within nanyuki  town"}, {"name": "ngara market"}, {"name": "kodumba"}, {"name": "syomunyu market"}, {"name": "sindo"}, {"name": "konyu"}, {"name": "bisil"}, {"name": "kanduyi"}, {"name": "near cathedral catholic church"}, {"name": "kwale township market"}, {"name": "karen shopping centre"}, {"name": "malinya mkt"}, {"name": "kaplomboi"}, {"name": "ukasi"}, {"name": "nyakongo"}, {"name": "kiuu"}, {"name": "kitandi market"}, {"name": "burabor"}, {"name": "ayany estate"}, {"name": "near outering roundabout"}, {"name": "lake bogoria"}, {"name": "riga"}, {"name": "ngurweini"}, {"name": "kokwet"}, {"name": "giagatika"}, {"name": "mumbuni"}, {"name": "mwitika"}, {"name": "kakeani"}, {"name": "nyasese"}, {"name": "machakos town"}, {"name": "karati shopping centre"}, {"name": "ogembo"}, {"name": "kiawara"}, {"name": "kibuye market"}, {"name": "lpusi"}, {"name": "kadui"}, {"name": "muchatha"}, {"name": "leldaet"}, {"name": "umoja 2"}, {"name": "boro market market"}, {"name": "muranga town"}, {"name": "near mosque"}, {"name": "hill school"}, {"name": "mbiini market"}, {"name": "off kamiti rd and the behind eden supermarket"}, {"name": "murgan"}, {"name": "kobare market"}, {"name": "chavakali market"}, {"name": "cheberen"}, {"name": "malioni"}, {"name": "kirimiri"}, {"name": "ajawa"}, {"name": "yumbis"}, {"name": "anjego"}, {"name": "chuka town /cheera market"}, {"name": "koru market"}, {"name": "within awendo town"}, {"name": "madogo"}, {"name": "rumbiye market"}, {"name": "masongo"}, {"name": "seretut"}, {"name": "along market road"}, {"name": "itangani"}, {"name": "itugururu"}, {"name": "loktaung"}, {"name": "elwak"}, {"name": "kisian market"}, {"name": "pangani shopping centre"}, {"name": "nzeluni"}, {"name": "arbaqueranso village"}, {"name": "kamakwa"}, {"name": "nakuru cbd"}, {"name": "shauri moyo"}, {"name": "marich centre"}, {"name": "makuyu"}, {"name": "karatina"}, {"name": "sengera market"}, {"name": "kasuku"}, {"name": "ruaka shopping centre"}, {"name": "ndenderu"}, {"name": "tigoni"}, {"name": "ntulele markert"}, {"name": "kivaani"}, {"name": "next to kamiti  maximum prison"}, {"name": "kasarani near dc offiices"}, {"name": "dandora  41"}, {"name": "gesima market"}, {"name": "kyanganda village"}, {"name": "nzikani"}, {"name": "nuu"}, {"name": "laare market"}, {"name": "kwamwaura"}, {"name": "toi market"}, {"name": "lesidai village"}, {"name": "undugu grounds"}, {"name": "limuru market near slaughter house"}, {"name": "kanyuambora"}, {"name": "githurai"}, {"name": "kingeero"}, {"name": "wanjengi"}, {"name": "rabuor shopping centre"}, {"name": "marsabit town"}, {"name": "at shabaab"}, {"name": "kapkwen market"}, {"name": "aitong market"}, {"name": "lanyiru"}, {"name": "nzukini"}, {"name": "kathukini"}, {"name": "maungu"}, {"name": "maendeleo"}, {"name": "ndunguni"}, {"name": "ranje market"}, {"name": "kilifi town"}, {"name": "kamwaura"}, {"name": "mathyakani"}, {"name": "abdisamad"}, {"name": "kamirithu village"}, {"name": "kimngorom centre"}, {"name": "tenwek"}, {"name": "kithimani"}, {"name": "homa bay"}, {"name": "kabunde"}, {"name": "ololulunga"}, {"name": "ichagaki"}, {"name": "adunogsi"}, {"name": "matieko market"}, {"name": "kisima town"}, {"name": "shanzu - mombasa"}, {"name": "karandini"}, {"name": "near 4 w stage"}, {"name": "wesu mkt"}, {"name": "kabolecho market"}, {"name": "health centre"}, {"name": "sinonin"}, {"name": "changoi estate"}, {"name": "lerrata"}, {"name": "odiado market"}, {"name": "kaewa"}, {"name": "katito market"}, {"name": "naivasha town"}, {"name": "ikanga"}, {"name": "wilson airport"}, {"name": "marafa shopping centre"}, {"name": "banana town"}, {"name": "in mbaruk shopping centre"}, {"name": "mitheru"}, {"name": "makhokho mkt"}, {"name": "kabare"}, {"name": "itongolani"}, {"name": "pwani"}, {"name": "masikita village"}, {"name": "litein town"}, {"name": "usiani"}, {"name": "siomo"}, {"name": "mpeketoni"}, {"name": "mukonga"}, {"name": "katheka"}, {"name": "nduga  market"}, {"name": "ikalyoni market"}, {"name": "katwii market"}, {"name": "near nyakiya primary school"}, {"name": "emakakha market"}, {"name": "siyoi"}, {"name": "thika"}, {"name": "masongaleni"}, {"name": "usigu"}, {"name": "katulye"}, {"name": "kalama"}, {"name": "chuka town/ kajuki market-barrier"}, {"name": "kanunga market"}, {"name": "kiamuthambi"}, {"name": "doldol"}, {"name": "kijabe"}, {"name": "escarpment shopping centre"}, {"name": "in oyugis town along oyugis kisumu highway"}, {"name": "utuneni market"}, {"name": "karuri"}, {"name": "musembe"}, {"name": "malava"}, {"name": "olkalau"}, {"name": "kola"}, {"name": "igana"}, {"name": "sichirai mkt"}, {"name": "gateway paradise hotel"}, {"name": "yikivumba"}, {"name": "mbuvo mkt"}, {"name": "meru town center"}, {"name": "ngando chiefs camp"}, {"name": "toll"}, {"name": "cheborgei"}, {"name": "kiriaini"}, {"name": "mau-narok"}, {"name": "samburu"}, {"name": "magenche"}, {"name": "kwanjagi"}, {"name": "kahuro market"}, {"name": "ndeffo"}, {"name": "wich lum beach"}, {"name": "light industries, inside kariobangi ,catholic church"}, {"name": "kigumo"}, {"name": "mbara"}, {"name": "oyani"}, {"name": "thonzweni"}, {"name": "chuka town/ kaanwa mkt"}, {"name": "miharati"}, {"name": "kiandere"}, {"name": "karandi town"}, {"name": "kangari"}, {"name": "kangema"}, {"name": "mitaboni"}, {"name": "witu"}, {"name": "kebirigo"}, {"name": "matsangoni"}, {"name": "kahiga"}, {"name": "kariene market"}, {"name": "opp catholic church (base stage)"}, {"name": "kongoni centre"}, {"name": "kyua"}, {"name": "usueni"}, {"name": "kandebene"}, {"name": "mangina shopping centre"}, {"name": "ndumbi market"}, {"name": "chemaner market"}, {"name": "egetonto/botire"}, {"name": "karumande"}, {"name": "nandungoro"}, {"name": "kembu market"}, {"name": "awendo town"}, {"name": "ndiru market"}, {"name": "didewaride"}, {"name": "mweru"}, {"name": "githunguri town"}, {"name": "mikinduni"}, {"name": "esani"}, {"name": "ukwala shopping centre"}, {"name": "raila village next to otiende estate"}, {"name": "maram"}, {"name": "kangemi"}, {"name": "great jubilee shopping  center"}, {"name": "jokoini"}, {"name": "nyamwetureko"}, {"name": "next to family bank"}, {"name": "sango"}, {"name": "nandi hills"}, {"name": "kiganjo"}, {"name": "asumbi"}, {"name": "ichichi market"}, {"name": "town centre"}, {"name": "kimende"}, {"name": "pala market"}, {"name": "misyani"}, {"name": "beyond nyankoba tea factory"}, {"name": "muusini"}, {"name": "kapenguria, kacheliba, kacheliba"}, {"name": "ilatu"}, {"name": "mwachawaza"}, {"name": "turuturu"}, {"name": "jogoo mkt"}, {"name": "chuka town/ karandini market"}, {"name": "kegati"}, {"name": "nakwamoru"}, {"name": "karundu"}, {"name": "kanyungu"}, {"name": "muserechi"}, {"name": "shimoni"}, {"name": "maondo"}, {"name": "chebole"}, {"name": "mutito"}, {"name": "kerugoya"}, {"name": "twimyua"}, {"name": "matathia"}, {"name": "community"}, {"name": "ntirimiti market"}, {"name": "sosiot"}, {"name": "nyamarambe mkt"}, {"name": "wanguru"}, {"name": "nyagesenda primary school"}, {"name": "dandora phase ii estate"}, {"name": "emali"}, {"name": "ting'wangi market"}, {"name": "wiyumiririe"}, {"name": "otiende"}, {"name": "romosha market"}, {"name": "bombolulu"}, {"name": "kapkesosio market"}, {"name": "homabay town"}, {"name": "mlolongo market"}, {"name": "katilini"}, {"name": "ngecha"}, {"name": "tabaka mkt"}, {"name": "angata nanyokie village"}, {"name": "gatana"}, {"name": "pombo centre"}, {"name": "nyahururu town"}, {"name": "olderkesi market"}, {"name": "mawanga"}, {"name": "chemolingot"}, {"name": "eastleigh town"}, {"name": "karagita centre"}, {"name": "kampi ya moto"}, {"name": "mai mahiu centre"}, {"name": "shiru /sirwa"}, {"name": "sori"}, {"name": "kanyunga"}, {"name": "precious  blood riruta"}, {"name": "getengereiri"}, {"name": "tegat"}, {"name": "chemworemwo market"}, {"name": "imbirikani market"}, {"name": "next roysambu primary sch"}, {"name": "kapsabet"}, {"name": "gede"}, {"name": "heni"}, {"name": "miangeni"}, {"name": "khumusalaba"}, {"name": "kangondi mkt"}, {"name": "mtangani"}, {"name": "gorgor"}, {"name": "muangeni"}, {"name": "maihianyu"}, {"name": "nyamira"}, {"name": "masimba"}, {"name": "lwanda beach"}, {"name": "bibirioni"}, {"name": "south c"}, {"name": "near tuskeys"}, {"name": "chepareria"}, {"name": "bute"}, {"name": "kamuthanga"}, {"name": "kamuthe"}, {"name": "ihwa"}, {"name": "mwambui"}, {"name": "kitoben secondary school"}, {"name": "thangathi"}, {"name": "near do's office mvita"}, {"name": "githabai"}, {"name": "egetuki mkt"}, {"name": "eldama ravine"}, {"name": "matiliku mkt"}, {"name": "kolunga beach"}, {"name": "kishushe"}, {"name": "township"}, {"name": "masara"}, {"name": "gatugura"}, {"name": "igare mrkt"}, {"name": "mikuyuni market"}, {"name": "calvary temple"}, {"name": "asing'e"}, {"name": "mumias"}, {"name": "kabazi"}, {"name": "kiplelji secondary school"}, {"name": "naaro"}, {"name": "obambo"}, {"name": "lindi"}, {"name": "nyabite"}, {"name": "opp kahawa west market"}, {"name": "soweto"}, {"name": "gatundia"}, {"name": "lokichogio"}, {"name": "mochenwa"}, {"name": "badana"}, {"name": "bandani"}, {"name": "kakululo"}, {"name": "kiawaithanji"}, {"name": "kamorow"}, {"name": "kanjuu"}, {"name": "greenspan"}, {"name": "kabatini"}, {"name": "boji"}, {"name": "gachika"}, {"name": "timboroa centre"}, {"name": "luuya market"}, {"name": "kishaunet"}, {"name": "near rongai town"}, {"name": "cheborora"}, {"name": "shamata"}, {"name": "kisumu bus stage"}, {"name": "maralal town"}, {"name": "kamburu"}, {"name": "luanda/emusire/mwichio"}, {"name": "kayole market corner"}, {"name": "njegas"}, {"name": "thika rd off kamiti rd base stage 44 zimerman"}, {"name": "rangwe market"}, {"name": "bute town"}, {"name": "subukia"}, {"name": "kisiiki"}, {"name": "madiany"}, {"name": "irondi"}, {"name": "githure"}, {"name": "kiamuiru"}, {"name": "mawingo"}, {"name": "coast provincial general hospital"}, {"name": "mundika"}, {"name": "gigil"}, {"name": "giathenge"}, {"name": "moa"}, {"name": "waso rongai market"}, {"name": "njoune market"}, {"name": "gatwekera"}, {"name": "karai gwa kungu"}, {"name": "magina shopping centre"}, {"name": "lwandeti"}, {"name": "koromaiti"}, {"name": "bukuga mkt"}, {"name": "nambuku market"}, {"name": "lubao"}, {"name": "nziu mkt"}, {"name": "mkunumbi"}, {"name": "meru town"}, {"name": "kwakotoe"}, {"name": "malikini"}, {"name": "ogongo"}, {"name": "kipkelion"}, {"name": "dandora"}, {"name": "kobujoi  market"}, {"name": "kiamuringa a"}, {"name": "mnarani"}, {"name": "madunguni"}, {"name": "markiti"}, {"name": "mutomo"}, {"name": "gatimbi market"}, {"name": "yalla primary school"}, {"name": "kericho"}, {"name": "gambogi"}, {"name": "daranja mbili market"}, {"name": "kapenguria, kacheliba, karon"}, {"name": "ichamara"}, {"name": "mathare area 3"}, {"name": "mamba"}, {"name": "kakamege town"}, {"name": "wingemi"}, {"name": "otonglo"}, {"name": "mlolongo"}, {"name": "ngundune"}, {"name": "masoka shopping centre"}, {"name": "mburi"}, {"name": "hongwe"}, {"name": "siongiroi"}, {"name": "nduga"}, {"name": "kkyuso market"}, {"name": "suneka  town"}, {"name": "kiambere new site"}, {"name": "kanjinji"}, {"name": "nyakoe"}, {"name": "eastleigh  garissa lodge market"}, {"name": "pipeline"}, {"name": "rwanyabo"}, {"name": "sondu market"}, {"name": "ruguru"}, {"name": "sinai"}, {"name": "naroosura"}, {"name": "kadongo market"}, {"name": "njoro"}, {"name": "gesieka mkt"}, {"name": "kanjama"}, {"name": "ndathi"}, {"name": "nuu town"}, {"name": "thindugua"}, {"name": "koibarak market"}, {"name": "highridge shopping centre"}, {"name": "ngunguni"}, {"name": "sabatia"}, {"name": "mararianta market"}, {"name": "cheplat"}, {"name": "oyuma market"}, {"name": "nyabisawa"}, {"name": "mundika market"}, {"name": "nzinia village"}, {"name": "kinyona"}, {"name": "nyeri town"}, {"name": "oljororok"}, {"name": "muryachakwe"}, {"name": "ichuga"}, {"name": "mwiso wa lami centre"}, {"name": "kobil petro station"}, {"name": "lokichar"}, {"name": "lokori"}, {"name": "kiumbu"}, {"name": "emasatsi"}, {"name": "uplands"}, {"name": "akala"}, {"name": "kenyatta market"}, {"name": "kisukioni"}, {"name": "makadara -athi river"}, {"name": "karurina market"}, {"name": "pan paper"}, {"name": "wamba"}, {"name": "enoosaen market"}, {"name": "gatwe"}, {"name": "sidundo market"}, {"name": "sun city building  (kamos stage ) eastleigh section iii"}, {"name": "kwa-amutei primay school"}, {"name": "miambani"}, {"name": "kipkaren"}, {"name": "mui"}, {"name": "bate"}, {"name": "ikerege"}, {"name": "ndere market"}, {"name": "riruta shopping centre"}, {"name": "wakor"}, {"name": "gunduni"}, {"name": "ewaso"}, {"name": "majengo"}, {"name": "mwachabo"}, {"name": "kiunga"}, {"name": "awasi"}, {"name": "kopsiro"}, {"name": "siu"}, {"name": "masimba market"}, {"name": "ukwala market"}, {"name": "lang'ata shopping mall"}, {"name": "kiminini township"}, {"name": "ghazi"}, {"name": "makindu"}, {"name": "magumu"}, {"name": "kiagware mkt"}, {"name": "rong'e"}, {"name": "kibish"}, {"name": "masaba"}, {"name": "kirie"}, {"name": "hodhan village"}, {"name": "longewan"}, {"name": "ihithe"}, {"name": "mutito town"}, {"name": "masai estate"}, {"name": "katothya"}, {"name": "maritati market"}, {"name": "at karen shopping centre"}, {"name": "kapenguria"}, {"name": "mkokoni"}, {"name": "nairobi west"}, {"name": "katakani"}, {"name": "within  pangani shopping centre"}, {"name": "saos"}, {"name": "nakuru/ndege /ndimu"}, {"name": "mwingi"}, {"name": "mochongoi"}, {"name": "tamuyotta shooping centre"}, {"name": "bukiri market"}, {"name": "mariwa"}, {"name": "kibirigwi"}, {"name": "mtwapa"}, {"name": "dagahley refugee camp"}, {"name": "ndagani"}, {"name": "near mathare north primary school"}, {"name": "kacheliba centre"}, {"name": "ngungi mkt"}, {"name": "kyuso"}, {"name": "kaongo market"}, {"name": "kobodo"}, {"name": "mawingu"}, {"name": "makoror village"}, {"name": "mastoo"}, {"name": "garisa town"}, {"name": "thitani"}, {"name": "ragengni"}, {"name": "kotieno market"}, {"name": "gatara shopping centre"}, {"name": "shauri moyo market"}, {"name": "rageng'ni"}, {"name": "nanighi"}, {"name": "rangwe"}, {"name": "lusigetti shopping centre"}, {"name": "chesikaki"}, {"name": "korwenje market"}, {"name": "rapsu"}, {"name": "keria mkt"}, {"name": "kinamba town"}, {"name": "kateiko"}, {"name": "waita"}, {"name": "baharini"}, {"name": "gesonso mkt"}, {"name": "maliku market"}, {"name": "nymagagana mkt"}, {"name": "emurua dikir"}, {"name": "laza"}, {"name": "kamunyaka"}, {"name": "kombola"}, {"name": "garrisa market"}, {"name": "utawala shopping centre"}, {"name": "ruai"}, {"name": "chemoge market"}, {"name": "kehancha township"}, {"name": "mburu gichua road pinkam"}, {"name": "gacharage"}, {"name": "lokitaung"}, {"name": "mirogi"}, {"name": "near frere town primary school"}, {"name": "barwaqo"}, {"name": "wanjenga"}, {"name": "githima"}, {"name": "olchobosei market"}, {"name": "mulukhoni market"}, {"name": "shitsitswi"}, {"name": "nyaronde"}, {"name": "next to index medical centre"}, {"name": "near catholic church kahawa west"}, {"name": "kawagware market"}, {"name": "kendu-bay town"}, {"name": "kwale"}, {"name": "doho market"}, {"name": "kwandomo trading centre"}, {"name": "godoma"}, {"name": "kirurumi"}, {"name": "muchagara"}, {"name": "mitaboni market"}, {"name": "chavakali mkt"}, {"name": "kiengu mkt"}, {"name": "kithangathini market"}, {"name": "nduma"}, {"name": "located at the highway towers"}, {"name": "bahati"}, {"name": "makutano, nakwijit centre"}, {"name": "total trading centre"}, {"name": "barsaloi market"}, {"name": "mau-summit trading centre."}, {"name": "matiliku"}, {"name": "tawa market"}, {"name": "paw akuche market"}, {"name": "kaptama"}, {"name": "markebuni"}, {"name": "thitha"}, {"name": "omboga market"}, {"name": "nadarasi"}, {"name": "makutano"}, {"name": "kinyanjui road"}, {"name": "chasimba"}, {"name": "nairimirimo village"}, {"name": "garsen"}, {"name": "kalemungorok"}, {"name": "kamwangi"}, {"name": "gachuriri"}, {"name": "maseno town"}, {"name": "aros market"}, {"name": "near kiti institute"}, {"name": "sooma shopping centre"}, {"name": "gakira market"}, {"name": "nyakariang'a"}, {"name": "webuye"}, {"name": "kanganga"}, {"name": "kalulini market"}, {"name": "kwavonza market"}, {"name": "mugumoini"}, {"name": "kaguthi"}, {"name": "endei"}, {"name": "sofia"}, {"name": "wamagana"}, {"name": "kambajo"}, {"name": "magena"}, {"name": "mathare  area 4"}, {"name": "muthale"}, {"name": "sori town"}, {"name": "pan paper market (lugari)"}, {"name": "oromodei"}, {"name": "ndabibi shopping centre"}, {"name": "kehancha"}, {"name": "mtwapa town"}, {"name": "migori town posta"}, {"name": "mosobeti"}, {"name": "near racecourse estate"}, {"name": "near former kbs general waruige street"}, {"name": "kimorigho"}, {"name": "kithirune market"}, {"name": "gathambi"}, {"name": "ngorano"}, {"name": "njukiini"}, {"name": "just behind auncle sams bar"}, {"name": "njabini"}, {"name": "khumutibo"}, {"name": "mugeka"}, {"name": "ogallo market"}, {"name": "mashuru"}, {"name": "chesinende"}, {"name": "meri trading centre"}, {"name": "katyethoka market"}, {"name": "tassia"}, {"name": "nyandiwa"}, {"name": "muhuru bay"}, {"name": "mbondoni"}, {"name": "kiburu"}, {"name": "imanga"}, {"name": "shisejeri mkt"}, {"name": "makutano town along thika garissa highway"}, {"name": "wrigt centre"}, {"name": "muthurwa market"}, {"name": "kabiyet center"}, {"name": "makutano town"}, {"name": "kiwayuu island"}, {"name": "kantafu"}, {"name": "murgan market"}, {"name": "kawangware bp"}, {"name": "nairobi"}, {"name": "wenje"}, {"name": "nyamaiya"}, {"name": "ewuaso shopping centre"}, {"name": "sokobe"}, {"name": "morijo market"}, {"name": "kathungi shopping centre"}, {"name": "kaboson market"}, {"name": "muruka"}, {"name": "marani mkt"}, {"name": "tamu"}, {"name": "kiandu"}, {"name": "utangwa"}, {"name": "ankamia market"}, {"name": "litein"}, {"name": "kamwosor"}, {"name": "kiribwet market"}, {"name": "limuru"}, {"name": "kaloleni"}, {"name": "mutembuku market"}, {"name": "musengo market"}, {"name": "makunga"}, {"name": "suswa centre"}, {"name": "near gilgil railway station"}, {"name": "waldena"}, {"name": "kaptien"}, {"name": "tambaya"}, {"name": "katalwa"}, {"name": "galmagalla"}, {"name": "krangatha"}, {"name": "sigowet"}, {"name": "tebesonik"}, {"name": "kisumu city"}, {"name": "tuikut"}, {"name": "kigogoini"}, {"name": "kongowea maweni"}, {"name": "central town"}, {"name": "lugari station"}, {"name": "kasuku centre"}, {"name": "entasekera market"}, {"name": "lowarengak"}, {"name": "siaya town"}, {"name": "chuka town/ itugururu market"}, {"name": "barsaloi"}, {"name": "muthue"}, {"name": "alsops"}, {"name": "yaya center"}, {"name": "kiriari -market"}, {"name": "muigai inn"}, {"name": "nguutani"}, {"name": "unoa"}, {"name": "kakamega"}, {"name": "ngutuk-engiron"}, {"name": "kitare"}, {"name": "nairobi remand prison"}, {"name": "nyamataro"}, {"name": "migori town-namba"}, {"name": "seabreeze"}, {"name": "rimu"}, {"name": "kapkoros"}, {"name": "habaswein trading centre"}, {"name": "near ong'amo market"}, {"name": "amwathi"}, {"name": "chepterit"}, {"name": "hunters behind nimoli med  centre"}, {"name": "kivaa"}, {"name": "ugunja township"}, {"name": "mutithi"}, {"name": "eldera"}, {"name": "kahatia market"}, {"name": "kombe"}, {"name": "lanet"}, {"name": "kamulu"}, {"name": "guba location"}, {"name": "stage 2"}, {"name": "waithaka shoping centre"}, {"name": "timboroa trading center"}, {"name": "ngumo and golf course estates"}, {"name": "kogari village"}, {"name": "along kanu street"}, {"name": "total towards wuoth ogik eastate"}, {"name": "southc"}, {"name": "mbale"}, {"name": "burambate"}, {"name": "kibingoti"}, {"name": "next to nyalkinyi primary school"}, {"name": "kwa vonza"}, {"name": "nyang'oma"}, {"name": "chuka town ituguru market"}, {"name": "musikoma"}, {"name": "near eastleigh market"}, {"name": "twins"}, {"name": "irongo centre"}, {"name": "khumailo"}, {"name": "maragwa market"}, {"name": "next to lower kabete primary school"}, {"name": "gathwariga"}, {"name": "buruburu market"}, {"name": "barsheba - mombasa"}, {"name": "wakulima mkt"}, {"name": "busia (k)"}, {"name": "tarakwa"}, {"name": "bukura mkt"}, {"name": "mashuuru"}, {"name": "bungoma town"}, {"name": "kalawani"}, {"name": "kipkaren river"}, {"name": "mimosa"}, {"name": "busia"}, {"name": "bomet"}, {"name": "msau mkt"}, {"name": "elburgon"}, {"name": "osogo"}, {"name": "githiga town"}, {"name": "juja"}, {"name": "vitenegeni"}, {"name": "kipungani"}, {"name": "joska shopping centre"}, {"name": "dungicha"}, {"name": "eldoret"}, {"name": "sololo"}, {"name": "ndau"}, {"name": "kikuyu township"}, {"name": "kutus mjini"}, {"name": "riruta"}, {"name": "hardy"}, {"name": "gatheri"}, {"name": "village market"}, {"name": "banisa"}, {"name": "shakahola"}, {"name": "ndugamano"}, {"name": "makutano-kyumbi"}, {"name": "githiga shopping centre"}, {"name": "ruiri market"}, {"name": "nomad hotel"}, {"name": "ndalani"}, {"name": "gichiche"}, {"name": "centre"}, {"name": "seketet village"}, {"name": "murungaru"}, {"name": "ngamwa"}, {"name": "mwangwei"}, {"name": "kwa buro"}, {"name": "nganduri"}, {"name": "kituluni market"}, {"name": "itetani market"}, {"name": "kisima"}, {"name": "mapenya"}, {"name": "near olive - in"}, {"name": "stage 46"}, {"name": "malomani market"}, {"name": "siongiroi market"}, {"name": "karinga"}, {"name": "kisumu ndogo"}, {"name": "lari"}, {"name": "sipili"}, {"name": "ewaso ngiro"}, {"name": "oloosirkon"}, {"name": "kachibora"}, {"name": "along taveta road at salt lick lodges"}, {"name": "hagadera"}, {"name": "dandora 41 market"}, {"name": "taru"}, {"name": "opiroi town"}, {"name": "mulika"}, {"name": "giakaibei"}, {"name": "kapkoi"}, {"name": "near katito market"}, {"name": "kianjai"}, {"name": "kamara"}, {"name": "mogumo"}, {"name": "lwak market"}, {"name": "kisanana centre"}, {"name": "kwa mwatu"}, {"name": "kakuyuni market"}, {"name": "mariira"}, {"name": "gakawa"}, {"name": "nkondi"}, {"name": "githurai 45"}, {"name": "kibaoni"}, {"name": "kongowea market"}, {"name": "pap onditi"}, {"name": "dienya (apuoyo) market"}, {"name": "akala market"}, {"name": "muchagori"}, {"name": "kwakimae market"}, {"name": "wariruta"}, {"name": "ajigo market"}, {"name": "mwambingu village"}, {"name": "itare"}, {"name": "malaba"}, {"name": "ndithini"}, {"name": "chuka town"}, {"name": "kamuwongo"}, {"name": "makimeny market"}, {"name": "esaba"}, {"name": "othoch rakuom"}, {"name": "kagio"}, {"name": "tuvilani"}, {"name": "musuani"}, {"name": "kyasioni"}, {"name": "kiirua market"}, {"name": "just behind babadogo catholic church"}, {"name": "at flamingo estate"}, {"name": "sultan hamud"}, {"name": "kaloleni shopping centre"}, {"name": "kiandai"}, {"name": "mutha town"}, {"name": "winyumiririe"}, {"name": "chogoria town"}, {"name": "konyao"}, {"name": "kisekini i shopping centre"}, {"name": "kavindu"}, {"name": "kikoneni"}, {"name": "matoso"}, {"name": "kapsait"}, {"name": "turkwel"}, {"name": "kajiado town"}, {"name": "bondeni"}, {"name": "mabera market"}, {"name": "kiambu"}, {"name": "ahero"}, {"name": "egetuki"}, {"name": "mitunguu mkt"}, {"name": "endau"}, {"name": "karaini"}, {"name": "riakiania"}, {"name": "kobil petrol station"}, {"name": "samburu town"}, {"name": "maraba market"}, {"name": "hola mission"}, {"name": "mogenda"}, {"name": "murera gate"}, {"name": "kandongu"}, {"name": "mihang'o"}, {"name": "ngararia"}, {"name": "katse"}, {"name": "katulani"}, {"name": "ndalu"}, {"name": "chuka town/ kathwana market"}, {"name": "uhuru market"}, {"name": "kathelwa mkt"}, {"name": "two kms from bomet town towards narok"}, {"name": "namanga town"}, {"name": "adams"}, {"name": "nkubu town"}, {"name": "kapsokwony"}, {"name": "chuka town/ ikuu market"}, {"name": "tyaa kamuthale"}, {"name": "tulia"}, {"name": "riruta satellite"}, {"name": "mambrui"}, {"name": "ihwagi"}, {"name": "nyakongo market"}, {"name": "near nakuru stadium"}, {"name": "garissa lodge"}, {"name": "kcc"}, {"name": "manza"}, {"name": "nkorinkori market"}, {"name": "kiamathaga"}, {"name": "aneko"}, {"name": "oyani - kamin olewe market or uriri"}, {"name": "kataboi"}, {"name": "magaoni"}, {"name": "leshau karai"}, {"name": "mwakirunge dumping site"}, {"name": "burntforest"}, {"name": "mutuabare- kiritiri"}, {"name": "khusikuti"}, {"name": "koiwo"}, {"name": "siongiroi girls secondary school"}, {"name": "bisil town"}, {"name": "pi"}, {"name": "kamacharia market"}, {"name": "nguguini"}, {"name": "near riat market, approximately 3 kms from kisumu bondo"}, {"name": "vet"}, {"name": "muchorwe shopping centre"}, {"name": "ogembo town/bokemweri villg./igare mrkt."}, {"name": "gikuuri"}, {"name": "shimbirfatuma"}, {"name": "kanzui town"}, {"name": "kaare market"}, {"name": "katilu"}, {"name": "ndatani"}, {"name": "kajiado"}, {"name": "nzoia market"}, {"name": "mukuku market"}, {"name": "kipsitet"}, {"name": "magadi"}, {"name": "gatundutown"}, {"name": "opoya"}, {"name": "lulis"}, {"name": "namirama market"}, {"name": "nduuri"}, {"name": "kabarnet"}, {"name": "kabati market."}, {"name": "luanda"}, {"name": "nyamoe centre"}, {"name": "ganda"}, {"name": "roysambu round about next to aar thika road health service"}, {"name": "katoloni"}, {"name": "central"}, {"name": "siaya"}, {"name": "butula"}, {"name": "ngumo estate"}, {"name": "kipsigon"}, {"name": "sikri"}, {"name": "opposite show ground kanduyi bungoma."}, {"name": "ibrahim ure trading centre"}, {"name": "kariobangi market"}, {"name": "riakithiga shopping centre"}, {"name": "ngurubani"}, {"name": "mivukoni"}, {"name": "chiakariga"}, {"name": "diani"}, {"name": "magutu"}, {"name": "baragoi"}, {"name": "getarwet"}, {"name": "oropoi"}, {"name": "dadajabula borehole"}, {"name": "jilore"}, {"name": "kithaku market"}, {"name": "kibokoni"}, {"name": "dandora phase v"}, {"name": "manyatta market"}, {"name": "reru market"}, {"name": "kinyambu market"}, {"name": "kenyagoro"}, {"name": "kiangini"}, {"name": "commercial"}, {"name": "ranen market"}, {"name": "murumba"}, {"name": "kiatineni"}, {"name": "rosters"}, {"name": "kitobo"}, {"name": "tombe"}, {"name": "baricho"}, {"name": "cheptais"}, {"name": "ciagini"}, {"name": "nomorio"}, {"name": "bungoma -slaugter house"}, {"name": "embulbul"}, {"name": "majendo"}, {"name": "kitor"}, {"name": "merti"}, {"name": "ngaremara"}, {"name": "kolwenyi"}, {"name": "mutituni"}, {"name": "kimana market"}, {"name": "kauthulini"}, {"name": "narok town"}, {"name": "kibichoi"}, {"name": "malimili"}, {"name": "kabati"}, {"name": "ngiya market"}, {"name": "dzanikeni village"}, {"name": "kitawi beach"}, {"name": "ng'iya market"}, {"name": "mtango"}, {"name": "chelilis"}, {"name": "habaswein"}, {"name": "nzawa"}, {"name": "sibuoche"}, {"name": "machinery"}, {"name": "homa bay town"}, {"name": "kam pharm center"}, {"name": "wagberi"}, {"name": "next to equity bank kasarani"}, {"name": "kiamutugu"}, {"name": "ena"}, {"name": "kimahuri"}, {"name": "near precious twins primary school - mombasa"}, {"name": "kiamuri market"}, {"name": "Nakuru"}, {"name": "Naivasha"}, {"name": "Molo"}, {"name": "Gilgil"}, {"name": "Njoro"}, {"name": "Mai Mahiu"}, {"name": "Subukia"}, {"name": "Dundori"}, {"name": "Salgaa"}, {"name": "Mau Narok"}, {"name": "Bahati"}, {"name": "Rongai"}, {"name": "Olenguruone"}]

    }
]
