[
    {
            "model":"facilities.OptionGroup",
      "unique_fields":["name"],
      "records":[
            {
                "name": "Yes /No Options"
            },
            {
                "name": "Basic Comprehensive Options"
            },
            {
                "name": "Keph Level based options"
            }
      ]

    },

   {
      "model":"facilities.Option",
      "unique_fields":["value","display_text"],
      "records":[
            {
                "value": "Yes",
                "display_text": "Yes",
                "option_type": "BOOLEAN",
                "group": {
                        "name": "Yes /No Options"
                }
            },

            {
                "value": "No",
                "display_text": "No",
                "option_type": "BOOLEAN",
                "group": {
                        "name": "Yes /No Options"
                }
            },
            {
                "value": "Basic",
                "display_text": "Basic",
                "option_type": "BOOLEAN",
                "group": {
                        "name": "Basic Comprehensive Options"
                }
            },
            {
                "value": "Comprehensive",
                "display_text": "Comprehensive",
                "option_type": "BOOLEAN",
                "group": {
                        "name": "Basic Comprehensive Options"
                }
            },
            {
                "value": "1",
                "display_text": "Level 1",
                "option_type": "INTEGER",
                "group": {
                        "name": "Keph Level based options"
                }
            },
            {
                "value": "2",
                "display_text": "Level 2",
                "option_type": "INTEGER",
                "group": {
                        "name": "Keph Level based options"
                }
            },
            {
                "value": "3",
                "display_text": "Level 3",
                "option_type": "INTEGER",
                "group": {
                        "name": "Keph Level based options"
                }
            },
            {
                "value": "4",
                "display_text": "Level 4",
                "option_type": "INTEGER",
                "group": {
                        "name": "Keph Level based options"
                }
            },
            {
                "value": "5",
                "display_text": "Level 5",
                "option_type": "INTEGER",
                "group": {
                        "name": "Keph Level based options"
                }
            },
            {
                "value": "6",
                "display_text": "Level 6",
                "option_type": "INTEGER",
                "group": {
                        "name": "Keph Level based options"
                }
            }
        ]
    }

]
