[
   {
      "model":"facilities.Service",
      "unique_fields":[
         "name"
      ],
      "records":[
         {
            "name":"HIV Prevention Services",
            "abbreviation":"HIVPS",
            "description":"HIV Prevention Services",
            "has_options": false,
            "category":{
               "name":"HIV/AIDS Prevention Services"
            },
            "group": {
                        "name": "Yes /No Options"
                }
         },
         {
            "name":"Condom Promotion and Distribution",
            "abbreviation":"CONDOM",
            "description":"Condom Promotion and Distribution",
            "has_options": false,
            "category":{
               "name":"HIV/AIDS Prevention Services"
            },
            "group": {
                        "name": "Yes /No Options"
                }
         },
         {
            "name":"Management of STIs",
            "abbreviation":"STI",
            "description":"Management of STIs",
            "has_options": false,
            "category":{
               "name":"HIV/AIDS Prevention Services"
            },
            "group": {
                        "name": "Yes /No Options"
            }
         },
         {
            "name":"Voluntary Counselling and Testing",
            "abbreviation":"VCT",
            "description":"Voluntary Counselling and Testing",
            "category":{
               "name":"HIV/AIDS Prevention Services"
            },
            "group": {
                        "name": "Yes /No Options"
                }
         },
         {
            "name":"Early Infant Diagnosis",
            "abbreviation":"EID",
            "description":"Early Infant Diagnosis",
            "has_options": false,
            "category":{
               "name":"HIV/AIDS Prevention Services"
            },
            "group": {
                        "name": "Yes /No Options"
                }
         },
         {
            "name":"PMTCT - ANC",
            "abbreviation":"ANC PMTCT",
            "description":"PMTCT - ANC",
            "has_options": false,
            "category":{
               "name":"HIV/AIDS Prevention Services"
            },
            "group": {
                        "name": "Yes /No Options"
                }
         },
         {
            "name":"PMTCT - Maternity",
            "abbreviation":"MAT PMTCT",
            "description":"PMTCT - Maternity",
            "has_options": false,
            "category":{
               "name":"HIV/AIDS Prevention Services"
            },
            "group": {
                        "name": "Yes /No Options"
                }
         },
         {
            "name":"Post Exposure Prophylaxis",
            "abbreviation":"PEP",
            "description":"Post Exposure Prophylaxis",
            "has_options": false,
            "category":{
               "name":"HIV/AIDS Prevention Services"
            },
            "group": {
                        "name": "Yes /No Options"
                }
         },
         {
            "name":"Diagnostic Counselling and Testing",
            "abbreviation":"DCT",
            "description":"Diagnostic Counselling and Testing",
            "has_options": false,
            "category":{
               "name":"HIV/AIDS Prevention Services"
            },
            "group": {
                        "name": "Yes /No Options"
                }
         },
         {
            "name":"Paediatric Antiretroviral Therapy",
            "abbreviation":"Paed ART",
            "description":"Paediatric Antiretroviral Therapy",
            "has_options": false,
            "category":{
               "name":"HIV/AIDS Services - Treatment and Care"
            },
            "group": {
                        "name": "Yes /No Options"
                }
         },
         {
            "name":"Adult Antiretroviral Therapy",
            "abbreviation":"Adult ART",
            "description":"Adult Antiretroviral Therapy",
            "has_options": false,
            "category":{
               "name":"HIV/AIDS Services - Treatment and Care"
            },
            "group": {
                        "name": "Yes /No Options"
                }
         },
         {
            "name":"Home Based Care",
            "abbreviation":"HBC",
            "description":"Home Based Care",
            "has_options": false,
            "category":{
               "name":"HIV/AIDS Services - Treatment and Care"
            },
            "group": {
                        "name": "Yes /No Options"
               }
         },
         {
            "name":"Short Term FP",
            "abbreviation":"STFP",
            "description":"Short Term FP",
            "has_options": false,
            "category":{
               "name":"Family Planning"
            },
            "group": {
                     "name": "Basic Comprehensive Options"
               }

         },
         {
            "name":"Long Term FP",
            "abbreviation":"LTFP",
            "description":"Long Term FP (LTFP)",
            "has_options": false,
            "category":{
               "name":"Family Planning"
            },
             "group": {
                     "name": "Basic Comprehensive Options"
               }
         },
         {
            "name":"Integrated Services",
            "abbreviation":"YOUTH-Int",
            "description":"Integrated Services",
            "has_options": false,
            "category":{
               "name":"Comprehensive Youth Friendly Services"
            },
             "group": {
                     "name": "Basic Comprehensive Options"
               }
         },
         {
            "name":"Stand Alone Services",
            "abbreviation":"YOUTH-StandAlone",
            "description":"Stand Alone services",
            "category":{
               "name":"Comprehensive Youth Friendly Services"
            },
             "group": {
                     "name": "Basic Comprehensive Options"
               }
         },
         {
            "name":"Focused Antenatal Care",
            "abbreviation":"FANC",
            "description":"Focused Antenatal Care",
            "has_options": false,
            "category":{
               "name":"Antenatal"
            },
             "group": {
                     "name": "Basic Comprehensive Options"
               }
         },
         {
            "name":"Specialized ANC",
            "abbreviation":"SP-ANC",
            "description":"Specialized ANC",
            "category":{
               "name":"Antenatal"
            },
             "group": {
                     "name": "Basic Comprehensive Options"
               }
         },
         {
            "name":"Basic Immunization",
            "abbreviation":"IMM-BASIC",
            "description":"Basic Immunization",
            "has_options": false,
            "category":{
               "name":"Immunization"
            },
             "group": {
                     "name": "Basic Comprehensive Options"
               }
         },
         {
            "name":"Immunization with additional vaccines",
            "abbreviation":"IMM-ADD",
            "description":"Immunization with additional vaccines",
            "has_options": false,
            "category":{
               "name":"Immunization"
            },
             "group": {
                     "name": "Basic Comprehensive Options"
               }
         },
         {
            "name":"Port Immunization Services",
            "abbreviation":"IMM-PORT",
            "description":"Port Immunization Services",
            "has_options": false,
            "category":{
               "name":"Immunization"
            },
             "group": {
                     "name": "Basic Comprehensive Options"
               }
         },
         {
            "name":"Smear Microscopy",
            "abbreviation":"TB-SMEAR",
            "description":"Smear Microscopy",
            "category":{
               "name":"Tuberculosis Diagnosis and Treatments"
            },
             "group": {
                     "name": "Keph Level based options"
               }

         },
         {
            "name":"Tuberculosis Culture",
            "abbreviation":"TB_CULTURE",
            "description":"Tuberculosis Culture",
            "category":{
               "name":"Tuberculosis Diagnosis and Treatments"
            },
            "group": {
                     "name": "Keph Level based options"
               }
         },
         {
            "name":"First Line Treatment",
            "abbreviation":"TB-1st Line",
            "description":"First Line Treatment",
            "has_options": false,
            "category":{
               "name":"Tuberculosis Diagnosis and Treatments"
            },
            "group": {
                     "name": "Keph Level based options"
               }
         },
         {
            "name":"MDRTB Treatment",
            "abbreviation":"TB-MDRTB",
            "description":"MDRTB Treatment",
            "has_options": false,
            "category":{
               "name":"Tuberculosis Diagnosis and Treatments"
            },
            "group": {
                     "name": "Keph Level based options"
               }
         },
         {
            "name":"Rehabilitative Health Services - Occupational Health",
            "abbreviation":"RHS-OCC",
            "description":"Rehabilitative Health Services - Occupational Health",
            "category":{
               "name":"Rehabilitative Health Services - Occupational Health"
            },
            "group": {
                     "name": "Keph Level based options"
               }
         },
         {
            "name":"Facility Based Blood Collection Service",
            "abbreviation":"FBBCS",
            "description":"Facility Based Blood Collection Service",
            "category":{
               "name":"Blood Transfusion"
            },
            "group": {
                     "name": "Keph Level based options"
               }
         },
         {
            "name":"Facility Based Blood Transfusion Service",
            "abbreviation":"FBBTS",
            "description":"Facility Based Blood Transfusion Service",
            "category":{
               "name":"Blood Transfusion"
            },
            "group": {
                     "name": "Keph Level based options"
               }
         },
         {
            "name":"Services for Female Genital Mutilation (FGM) Survivors",
            "abbreviation":"FGM",
            "description":"Services for Female Genital Mutilation (FGM) Survivors",
            "category":{
               "name":"Services for Gender Based Violence Survivors"
            },
            "group": {
                     "name": "Keph Level based options"
               }
         },
         {
            "name":"Port Health Services",
            "abbreviation":"PORT",
            "description":"Port Health Services",
            "category":{
               "name":"Other Services"
            },
            "group": {
                     "name": "Keph Level based options"
               }
         },
         {
            "name":"Mortuary Services",
            "abbreviation":"MS",
            "description":"Mortuary Services",
            "category":{
               "name":"Other Services"
            },
            "group": {
                     "name": "Keph Level based options"
               }
         },
         {
            "name":"Services for Sexual Violence Survivors",
            "abbreviation":"SSVS",
            "description":"Services for Sexual Violence Survivors",
            "category":{
               "name":"Services - Maximum Level of Service 1 - 6"
            },
            "group": {
                     "name": "Keph Level based options"
               }
         },
         {
            "name":"Maternity Services",
            "abbreviation":"MS2",
            "description":"Maternity Services",
            "category":{
               "name":"Services - Maximum Level of Service 1 - 6"
            },
            "group": {
                     "name": "Keph Level based options"
               }
         },
         {
            "name":"Integrated Management of Childhood Illnesses",
            "abbreviation":"IMCI",
            "description":"Integrated Management of Childhood Illnesses",
            "category":{
               "name":"Services - Maximum Level of Service 1 - 6"
            },
            "group": {
                     "name": "Keph Level based options"
               }
         },
         {
            "name":"Nutrition Services",
            "abbreviation":"NS",
            "description":"Nutrition Services",
            "category":{
               "name":"Services - Maximum Level of Service 1 - 6"
            },
            "group": {
                     "name": "Keph Level based options"
               }
         },
         {
            "name":"Radiology Services",
            "abbreviation":"RS",
            "description":"Radiology Services",
            "category":{
               "name":"Services - Maximum Level of Service 1 - 6"
            },
            "group": {
                     "name": "Keph Level based options"
               }
         },
         {
            "name":"Surgical Services",
            "abbreviation":"SS",
            "description":"Surgical Services",
            "category":{
               "name":"Services - Maximum Level of Service 1 - 6"
            },
            "group": {
                     "name": "Keph Level based options"
               }
         },
         {
            "name":"Ambulance Sevices",
            "abbreviation":"AS",
            "description":"Ambulance Sevices",
            "category":{
               "name":"Services - Maximum Level of Service 1 - 6"
            },
            "group": {
                     "name": "Keph Level based options"
               }
         },
         {
            "name":"Opthalmic Services",
            "abbreviation":"OS",
            "description":"Opthalmic Services",
            "category":{
               "name":"Services - Maximum Level of Service 1 - 6"
            },
            "group": {
                     "name": "Keph Level based options"
               }
         },
         {
            "name":"Mental Health Services",
            "abbreviation":"MHS",
            "description":"Mental Health Services",
            "category":{
               "name":"Services - Maximum Level of Service 1 - 6"
            },
            "group": {
                     "name": "Keph Level based options"
               }
         },
         {
            "name":"Laboratory Services",
            "abbreviation":"LS",
            "description":"Laboratory Services",
            "category":{
               "name":"Services - Maximum Level of Service 1 - 6"
            },
            "group": {
                     "name": "Keph Level based options"
               }
         },
         {
            "name":"Rehabilitative Health Services - Physiotherapy",
            "abbreviation":"RHSP",
            "description":"Rehabilitative Health Services - Physiotherapy",
            "category":{
               "name":"Services - Maximum Level of Service 1 - 6"
            },
            "group": {
                     "name": "Keph Level based options"
               }
         },
         {
            "name":"Environmental Health Services",
            "abbreviation":"EHS",
            "description":"Environmental Health Services",
            "category":{
               "name":"Services - Maximum Level of Service 1 - 6"
            },
            "group": {
                     "name": "Keph Level based options"
               }
         },
         {
            "name":"Emergency Obstetric Care",
            "abbreviation":"BOC",
            "description":"Emergency Obstetric Care",
            "category":{
               "name":"Services - Choose Basic or Comprehensive"
            },
            "group": {
                     "name": "Keph Level based options"
               }
         },
         {
            "name":"Oral Health Services (Dental Services)",
            "abbreviation":"OHS",
            "description":"Oral Health Services (Dental Services)",
            "category":{
               "name":"Services - Choose Basic or Comprehensive"
            },
            "group": {
                     "name": "Keph Level based options"
               }
         },
         {
            "name":"Dental Laboratory Services",
            "abbreviation":"DLS",
            "description":"Dental Laboratory Services",
            "category":{
               "name":"Services - Choose Basic or Comprehensive"
            },
            "group": {
                     "name": "Keph Level based options"
               }
         },
         {
            "name":"ENT Services",
            "abbreviation":"ENT",
            "description":"ENT Services",
            "category":{
               "name":"Services - Choose Basic or Comprehensive"
            },
            "group": {
                     "name": "Keph Level based options"
               }
         },
         {
            "name":"Emergency Preparedness",
            "abbreviation":"EP",
            "description":"Emergency Preparedness",
            "category":{
               "name":"Services - Choose Basic or Comprehensive"
            },
            "group": {
                     "name": "Keph Level based options"
               }
         },
         {
            "name":"Provider Initiated Counselling and Testing",
            "abbreviation":"PICT",
            "description":"Provider Initiated Counselling and Testing",
            "category":{
               "name":"HIV/AIDS Prevention Services"
            },
            "group": {
                     "name": "Keph Level based options"
               }
         },
         {
            "name":"Voluntary Male Circumcision",
            "abbreviation":"VMC",
            "description":"Voluntary Male Circumcision",
            "category":{
               "name":"HIV/AIDS Prevention Services"
            },
            "group": {
                     "name": "Keph Level based options"
               }
         },
         {
            "name":"Rehabilitative Health Services - Orthopaedic Technology",
            "abbreviation":"RHS-ORTH",
            "description":"Rehabilitative Health Services - Orthopaedic Technology",
            "category":{
               "name":"Rehabilitative Health Services - Occupational Health"
            },
            "group": {
                     "name": "Keph Level based options"
               }
         },
         {
            "name":"Permanent FP",
            "abbreviation":"PERM-FP",
            "description":"Permanent FP",
            "category":{
               "name":"Family Planning"
            },
            "group": {
                     "name": "Keph Level based options"
               }
         },
         {
            "name": "Curative Services",
            "description":"Permanent FP",
           "category":{
               "name":"Services - Maximum Level of Service 1 - 6"
            },
            "group": {
                     "name": "Keph Level based options"
               }
        }
      ]
   }
]
