[{"records": [{"collection_date": "2015-08-19T15:06:06.745308+00:00", "source": {"name": "DHRIO"}, "method": {"name": "Taken with GPS Device"}, "coordinates": "{\"type\": \"Point\", \"coordinates\": [36.95533, -1.4883]}", "facility": {"code": 19178}}, {"collection_date": "2015-08-19T15:06:06.728251+00:00", "source": {"name": "GPS"}, "method": {"name": "Taken with GPS Device"}, "coordinates": "{\"type\": \"Point\", \"coordinates\": [37.65269, 0.0465]}", "facility": {"code": 18631}}, {"collection_date": "2015-08-19T15:06:06.548347+00:00", "source": {"name": "GPS"}, "method": {"name": "Taken with GPS Device"}, "coordinates": "{\"type\": \"Point\", \"coordinates\": [35.67, 4.048]}", "facility": {"code": 20639}}, {"collection_date": "2015-08-19T15:06:06.537402+00:00", "source": {"name": "GPS"}, "method": {"name": "Taken with GPS Device"}, "coordinates": "{\"type\": \"Point\", \"coordinates\": [35.00753, 1.01411]}", "facility": {"code": 19666}}, {"collection_date": "2015-08-19T15:06:06.525713+00:00", "source": {"name": "MOH Naivasha"}, "method": {"name": "Taken with GPS Device"}, "coordinates": "{\"type\": \"Point\", \"coordinates\": [36.47285, 0.72311]}", "facility": {"code": 20132}}, {"collection_date": "2015-08-19T15:06:06.514222+00:00", "source": {"name": "DHMT"}, "method": {"name": "Taken with GPS Device"}, "coordinates": "{\"type\": \"Point\", \"coordinates\": [40.15947, -1.54492]}", "facility": {"code": 18630}}, {"collection_date": "2015-08-19T15:06:06.500336+00:00", "source": {"name": "DHRIO"}, "method": {"name": "Taken with GPS Device"}, "coordinates": "{\"type\": \"Point\", \"coordinates\": [36.95927, -1.47626]}", "facility": {"code": 19177}}, {"collection_date": "2015-08-19T15:06:06.391270+00:00", "source": {"name": "GPS"}, "method": {"name": "Taken with GPS Device"}, "coordinates": "{\"type\": \"Point\", \"coordinates\": [35.283, 4.675]}", "facility": {"code": 20638}}, {"collection_date": "2015-08-19T15:06:06.384139+00:00", "source": {"name": "DHMT"}, "method": {"name": "Taken with GPS Device"}, "coordinates": "{\"type\": \"Point\", \"coordinates\": [36.49169, 0.01416]}", "facility": {"code": 19665}}, {"collection_date": "2015-08-19T15:06:06.381895+00:00", "source": {"name": "DHRIO"}, "method": {"name": "Taken with GPS Device"}, "coordinates": "{\"type\": \"Point\", \"coordinates\": [36.76394, -1.39574]}", "facility": {"code": 19176}}, {"collection_date": "2015-08-19T15:06:06.381856+00:00", "source": {"name": "SARAM 2013"}, "method": {"name": "Taken with GPS Device"}, "coordinates": "{\"type\": \"Point\", \"coordinates\": [36.71831, -1.2687]}", "facility": {"code": 18628}}, {"collection_date": "2015-08-19T15:06:06.366644+00:00", "source": {"name": "MOH Naivasha"}, "method": {"name": "Taken with GPS Device"}, "coordinates": "{\"type\": \"Point\", \"coordinates\": [36.46618, 0.75019]}", "facility": {"code": 20131}}, {"collection_date": "2015-08-19T15:06:06.134305+00:00", "source": {"name": "GPS"}, "method": {"name": "Taken with GPS Device"}, "coordinates": "{\"type\": \"Point\", \"coordinates\": [35.7, 4.998]}", "facility": {"code": 20637}}, {"collection_date": "2015-08-19T15:06:06.114193+00:00", "source": {"name": "GPS"}, "method": {"name": "Taken with GPS Device"}, "coordinates": "{\"type\": \"Point\", \"coordinates\": [34.99728, 1.02765]}", "facility": {"code": 19664}}, {"collection_date": "2015-08-19T15:06:06.103200+00:00", "source": {"name": "DHRIO"}, "method": {"name": "Taken with GPS Device"}, "coordinates": "{\"type\": \"Point\", \"coordinates\": [36.497, -1.14753]}", "facility": {"code": 19175}}, {"collection_date": "2015-08-19T15:06:06.102139+00:00", "source": {"name": "DHRIO"}, "method": {"name": "Taken with GPS Device"}, "coordinates": "{\"type\": \"Point\", \"coordinates\": [36.83379, -1.20449]}", "facility": {"code": 18627}}, {"collection_date": "2015-08-19T15:06:06.067835+00:00", "source": {"name": "GPS"}, "method": {"name": "Taken with GPS Device"}, "coordinates": "{\"type\": \"Point\", \"coordinates\": [37.7391, -1.6939]}", "facility": {"code": 20130}}, {"collection_date": "2015-08-19T15:06:06.008017+00:00", "source": {"name": "GPS"}, "method": {"name": "Taken with GPS Device"}, "coordinates": "{\"type\": \"Point\", \"coordinates\": [36.70736, -1.3234]}", "facility": {"code": 20636}}, {"collection_date": "2015-08-19T15:06:05.992496+00:00", "source": {"name": "DHMT"}, "method": {"name": "Taken with GPS Device"}, "coordinates": "{\"type\": \"Point\", \"coordinates\": [36.81593, -1.26931]}", "facility": {"code": 19663}}, {"collection_date": "2015-08-19T15:06:05.980583+00:00", "source": {"name": "DHMT"}, "method": {"name": "Taken with GPS Device"}, "coordinates": "{\"type\": \"Point\", \"coordinates\": [40.0578, 1.74546]}", "facility": {"code": 19174}}, {"collection_date": "2015-08-19T15:06:05.947485+00:00", "source": {"name": "GPS"}, "method": {"name": "Taken with GPS Device"}, "coordinates": "{\"type\": \"Point\", \"coordinates\": [37.61742, -1.58716]}", "facility": {"code": 20129}}, {"collection_date": "2015-08-19T15:06:05.933750+00:00", "source": {"name": "SARAM 2013"}, "method": {"name": "Taken with GPS Device"}, "coordinates": "{\"type\": \"Point\", \"coordinates\": [35.12129, 0.82902]}", "facility": {"code": 18626}}, {"collection_date": "2015-08-19T15:06:05.878900+00:00", "source": {"name": "GPS"}, "method": {"name": "Taken with GPS Device"}, "coordinates": "{\"type\": \"Point\", \"coordinates\": [35.42365, 0.00467]}", "facility": {"code": 20635}}, {"collection_date": "2015-08-19T15:06:05.866732+00:00", "source": {"name": "GPS"}, "method": {"name": "Taken with GPS Device"}, "coordinates": "{\"type\": \"Point\", \"coordinates\": [34.98641, 1.01331]}", "facility": {"code": 19662}}, {"collection_date": "2015-08-19T15:06:05.857289+00:00", "source": {"name": "DHMT"}, "method": {"name": "Taken with GPS Device"}, "coordinates": "{\"type\": \"Point\", \"coordinates\": [35.28773, 0.50927]}", "facility": {"code": 19173}}, {"collection_date": "2015-08-19T15:06:05.845898+00:00", "source": {"name": "GPS"}, "method": {"name": "Taken with GPS Device"}, "coordinates": "{\"type\": \"Point\", \"coordinates\": [37.57943, -1.69107]}", "facility": {"code": 20128}}, {"collection_date": "2015-08-19T15:06:05.811241+00:00", "source": {"name": "SARAM 2013"}, "method": {"name": "Taken with GPS Device"}, "coordinates": "{\"type\": \"Point\", \"coordinates\": [35.01574, 0.86396]}", "facility": {"code": 18625}}, {"collection_date": "2015-08-19T15:06:05.734833+00:00", "source": {"name": "DHMT"}, "method": {"name": "Taken with GPS Device"}, "coordinates": "{\"type\": \"Point\", \"coordinates\": [40.05802, 1.74956]}", "facility": {"code": 19172}}, {"collection_date": "2015-08-19T15:06:05.734833+00:00", "source": {"name": "DHMT"}, "method": {"name": "Taken with GPS Device"}, "coordinates": "{\"type\": \"Point\", \"coordinates\": [39.67699, -4.02514]}", "facility": {"code": 20634}}, {"collection_date": "2015-08-19T15:06:05.724357+00:00", "source": {"name": "GPS"}, "method": {"name": "Taken with GPS Device"}, "coordinates": "{\"type\": \"Point\", \"coordinates\": [35.00234, 1.01413]}", "facility": {"code": 19661}}, {"collection_date": "2015-08-19T15:06:05.713984+00:00", "source": {"name": "GPS"}, "method": {"name": "Taken with GPS Device"}, "coordinates": "{\"type\": \"Point\", \"coordinates\": [37.73645, -1.71141]}", "facility": {"code": 20127}}, {"collection_date": "2015-08-19T15:06:05.698390+00:00", "source": {"name": "SARAM 2013"}, "method": {"name": "Taken with GPS Device"}, "coordinates": "{\"type\": \"Point\", \"coordinates\": [35.15068, 0.71054]}", "facility": {"code": 18624}}, {"collection_date": "2015-08-19T15:06:05.633545+00:00", "source": {"name": "SARAM"}, "method": {"name": "Taken with GPS Device"}, "coordinates": "{\"type\": \"Point\", \"coordinates\": [37.63776, 0.05715]}", "facility": {"code": 19171}}, {"collection_date": "2015-08-19T15:06:05.612073+00:00", "source": {"name": "GPS"}, "method": {"name": "Taken with GPS Device"}, "coordinates": "{\"type\": \"Point\", \"coordinates\": [35.00208, 1.01555]}", "facility": {"code": 19660}}, {"collection_date": "2015-08-19T15:06:05.597639+00:00", "source": {"name": "NA"}, "method": {"name": "Taken with GPS Device"}, "coordinates": "{\"type\": \"Point\", \"coordinates\": [37.57058, -0.480414]}", "facility": {"code": 20633}}, {"collection_date": "2015-08-19T15:06:05.567072+00:00", "source": {"name": "GPS"}, "method": {"name": "Taken with GPS Device"}, "coordinates": "{\"type\": \"Point\", \"coordinates\": [37.69534, -1.71768]}", "facility": {"code": 20126}}, {"collection_date": "2015-08-19T15:06:05.546850+00:00", "source": {"name": "DHRIO"}, "method": {"name": "Taken with GPS Device"}, "coordinates": "{\"type\": \"Point\", \"coordinates\": [34.3472, 4.20614]}", "facility": {"code": 18623}}, {"collection_date": "2015-08-19T15:06:05.511596+00:00", "source": {"name": "DHMT"}, "method": {"name": "Taken with GPS Device"}, "coordinates": "{\"type\": \"Point\", \"coordinates\": [40.05689, 1.75057]}", "facility": {"code": 19170}}, {"collection_date": "2015-08-19T15:06:05.489923+00:00", "source": {"name": "GPS"}, "method": {"name": "Taken with GPS Device"}, "coordinates": "{\"type\": \"Point\", \"coordinates\": [34.94941, 0.90143]}", "facility": {"code": 19659}}, {"collection_date": "2015-08-19T15:06:05.478314+00:00", "source": {"name": "SCHMT"}, "method": {"name": "Taken with GPS Device"}, "coordinates": "{\"type\": \"Point\", \"coordinates\": [39.70926, -4.0126]}", "facility": {"code": 20632}}, {"collection_date": "2015-08-19T15:06:05.434247+00:00", "source": {"name": "GPS"}, "method": {"name": "Taken with GPS Device"}, "coordinates": "{\"type\": \"Point\", \"coordinates\": [37.42724, -1.66687]}", "facility": {"code": 20125}}, {"collection_date": "2015-08-19T15:06:05.410804+00:00", "source": {"name": "DHMT"}, "method": {"name": "Taken with GPS Device"}, "coordinates": "{\"type\": \"Point\", \"coordinates\": [39.64873, -0.44489]}", "facility": {"code": 19169}}, {"collection_date": "2015-08-19T15:06:05.404752+00:00", "source": {"name": "SARAM 2013"}, "method": {"name": "Taken with GPS Device"}, "coordinates": "{\"type\": \"Point\", \"coordinates\": [36.75728, -1.27951]}", "facility": {"code": 18622}}, {"collection_date": "2015-08-19T15:06:05.347073+00:00", "source": {"name": "DHMT"}, "method": {"name": "Taken with GPS Device"}, "coordinates": "{\"type\": \"Point\", \"coordinates\": [36.34492, 0.36151]}", "facility": {"code": 20631}}, {"collection_date": "2015-08-19T15:06:05.343798+00:00", "source": {"name": "DHMT"}, "method": {"name": "Taken with GPS Device"}, "coordinates": "{\"type\": \"Point\", \"coordinates\": [36.24559, -0.17504]}", "facility": {"code": 19658}}, {"collection_date": "2015-08-19T15:06:05.322277+00:00", "source": {"name": "DHRIO"}, "method": {"name": "Taken with GPS Device"}, "coordinates": "{\"type\": \"Point\", \"coordinates\": [36.65985, -1.36585]}", "facility": {"code": 20124}}, {"collection_date": "2015-08-19T15:06:05.288039+00:00", "source": {"name": "DHMT"}, "method": {"name": "Taken with GPS Device"}, "coordinates": "{\"type\": \"Point\", \"coordinates\": [39.64983, -0.42791]}", "facility": {"code": 19168}}, {"collection_date": "2015-08-19T15:06:05.259894+00:00", "source": {"name": "SARAM 2013"}, "method": {"name": "Taken with GPS Device"}, "coordinates": "{\"type\": \"Point\", \"coordinates\": [37.92644, 0.19513]}", "facility": {"code": 18621}}, {"collection_date": "2015-08-19T15:06:05.143741+00:00", "source": {"name": "DHMT"}, "method": {"name": "Taken with GPS Device"}, "coordinates": "{\"type\": \"Point\", \"coordinates\": [36.34562, 0.3634]}", "facility": {"code": 20630}}, {"collection_date": "2015-08-19T15:06:05.127726+00:00", "source": {"name": "DHMT"}, "method": {"name": "Taken with GPS Device"}, "coordinates": "{\"type\": \"Point\", \"coordinates\": [36.82702, -1.1701]}", "facility": {"code": 19657}}, {"collection_date": "2015-08-19T15:06:05.123973+00:00", "source": {"name": "DHMT"}, "method": {"name": "Taken with GPS Device"}, "coordinates": "{\"type\": \"Point\", \"coordinates\": [34.7703874, -0.08862555]}", "facility": {"code": 20123}}, {"collection_date": "2015-08-19T15:06:05.110060+00:00", "source": {"name": "DHMT"}, "method": {"name": "Taken with GPS Device"}, "coordinates": "{\"type\": \"Point\", \"coordinates\": [39.64025, -0.44958]}", "facility": {"code": 19167}}, {"collection_date": "2015-08-19T15:06:05.076506+00:00", "source": {"name": "SARAM 2013"}, "method": {"name": "Taken with GPS Device"}, "coordinates": "{\"type\": \"Point\", \"coordinates\": [37.94101, 0.2379]}", "facility": {"code": 18620}}, {"collection_date": "2015-08-19T15:06:05.020947+00:00", "source": {"name": "DHMT"}, "method": {"name": "Taken with GPS Device"}, "coordinates": "{\"type\": \"Point\", \"coordinates\": [36.34562, -0.36344]}", "facility": {"code": 20629}}, {"collection_date": "2015-08-19T15:06:04.994476+00:00", "source": {"name": "SARAM 2013"}, "method": {"name": "Taken with GPS Device"}, "coordinates": "{\"type\": \"Point\", \"coordinates\": [36.34941, -0.13143]}", "facility": {"code": 19656}}, {"collection_date": "2015-08-19T15:06:04.989409+00:00", "source": {"name": "DHMT"}, "method": {"name": "Taken with GPS Device"}, "coordinates": "{\"type\": \"Point\", \"coordinates\": [39.63887, -0.44635]}", "facility": {"code": 19166}}, {"collection_date": "2015-08-19T15:06:04.978487+00:00", "source": {"name": "DHMT"}, "method": {"name": "Taken with GPS Device"}, "coordinates": "{\"type\": \"Point\", \"coordinates\": [36.07401, 0.28276]}", "facility": {"code": 20122}}, {"collection_date": "2015-08-19T15:06:04.964931+00:00", "source": {"name": "SARAM 2013"}, "method": {"name": "Taken with GPS Device"}, "coordinates": "{\"type\": \"Point\", \"coordinates\": [37.94458, 0.23122]}", "facility": {"code": 18619}}, {"collection_date": "2015-08-19T15:06:04.891975+00:00", "source": {"name": "DHMT"}, "method": {"name": "Taken with GPS Device"}, "coordinates": "{\"type\": \"Point\", \"coordinates\": [37.07748, -1.03879]}", "facility": {"code": 20628}}, {"collection_date": "2015-08-19T15:06:04.890456+00:00", "source": {"name": "DHMT"}, "method": {"name": "Taken with GPS Device"}, "coordinates": "{\"type\": \"Point\", \"coordinates\": [36.89501, -1.18759]}", "facility": {"code": 19655}}, {"collection_date": "2015-08-19T15:06:04.879002+00:00", "source": {"name": "DHMT"}, "method": {"name": "Taken with GPS Device"}, "coordinates": "{\"type\": \"Point\", \"coordinates\": [39.65069, -0.42807]}", "facility": {"code": 19165}}, {"collection_date": "2015-08-19T15:06:04.832386+00:00", "source": {"name": "SARAM 2013"}, "method": {"name": "Taken with GPS Device"}, "coordinates": "{\"type\": \"Point\", \"coordinates\": [37.94756, 0.20056]}", "facility": {"code": 18618}}, {"collection_date": "2015-08-19T15:06:04.813325+00:00", "source": {"name": "DHMT"}, "method": {"name": "Taken with GPS Device"}, "coordinates": "{\"type\": \"Point\", \"coordinates\": [39.27013, 0.55359]}", "facility": {"code": 20121}}, {"collection_date": "2015-08-19T15:06:04.693542+00:00", "source": {"name": "DHMT"}, "method": {"name": "Taken with GPS Device"}, "coordinates": "{\"type\": \"Point\", \"coordinates\": [39.65269, -0.43407]}", "facility": {"code": 19162}}, {"collection_date": "2015-08-19T15:06:04.691148+00:00", "source": {"name": "GPS"}, "method": {"name": "Taken with GPS Device"}, "coordinates": "{\"type\": \"Point\", \"coordinates\": [36.83659, -1.27875]}", "facility": {"code": 19654}}, {"collection_date": "2015-08-19T15:06:04.675018+00:00", "source": {"name": "DHMT"}, "method": {"name": "Taken with GPS Device"}, "coordinates": "{\"type\": \"Point\", \"coordinates\": [36.77604, -1.31633]}", "facility": {"code": 20627}}, {"collection_date": "2015-08-19T15:06:04.539658+00:00", "source": {"name": "SARAM 2013"}, "method": {"name": "Taken with GPS Device"}, "coordinates": "{\"type\": \"Point\", \"coordinates\": [36.92534, -1.2013]}", "facility": {"code": 18617}}, {"collection_date": "2015-08-19T15:06:04.524782+00:00", "source": {"name": "GPS"}, "method": {"name": "Taken with GPS Device"}, "coordinates": "{\"type\": \"Point\", \"coordinates\": [34.1234, -0.24158]}", "facility": {"code": 20120}}, {"collection_date": "2015-08-19T15:06:04.387261+00:00", "source": {"name": "DHMT"}, "method": {"name": "Taken with GPS Device"}, "coordinates": "{\"type\": \"Point\", \"coordinates\": [36.79053, -1.31352]}", "facility": {"code": 19161}}, {"collection_date": "2015-08-19T15:06:04.377001+00:00", "source": {"name": "DHMT"}, "method": {"name": "Taken with GPS Device"}, "coordinates": "{\"type\": \"Point\", \"coordinates\": [39.65704, -4.03733]}", "facility": {"code": 19653}}, {"collection_date": "2015-08-19T15:06:04.356587+00:00", "source": {"name": "DHMT"}, "method": {"name": "Taken with GPS Device"}, "coordinates": "{\"type\": \"Point\", \"coordinates\": [36.77853, -1.3141]}", "facility": {"code": 20626}}, {"collection_date": "2015-08-19T15:06:04.196555+00:00", "source": {"name": "SARAM 2013"}, "method": {"name": "Taken with GPS Device"}, "coordinates": "{\"type\": \"Point\", \"coordinates\": [35.26465, -0.36673]}", "facility": {"code": 18616}}, {"collection_date": "2015-08-19T15:06:04.189255+00:00", "source": {"name": "phone"}, "method": {"name": "Taken with GPS Device"}, "coordinates": "{\"type\": \"Point\", \"coordinates\": [37.23, -1.276]}", "facility": {"code": 20119}}, {"collection_date": "2015-08-19T15:06:04.041916+00:00", "source": {"name": "GPS"}, "method": {"name": "Taken with GPS Device"}, "coordinates": "{\"type\": \"Point\", \"coordinates\": [37.07449, -0.24532]}", "facility": {"code": 19650}}, {"collection_date": "2015-08-19T15:06:04.031371+00:00", "source": {"name": "SARAM KENYA"}, "method": {"name": "Taken with GPS Device"}, "coordinates": "{\"type\": \"Point\", \"coordinates\": [37.65273, 0.0465]}", "facility": {"code": 19158}}, {"collection_date": "2015-08-19T15:06:04.022321+00:00", "source": {"name": "DHMT"}, "method": {"name": "Taken with GPS Device"}, "coordinates": "{\"type\": \"Point\", \"coordinates\": [36.7822, -1.31126]}", "facility": {"code": 20625}}, {"collection_date": "2015-08-19T15:06:03.853141+00:00", "source": {"name": "MOH Naivasha"}, "method": {"name": "Taken with GPS Device"}, "coordinates": "{\"type\": \"Point\", \"coordinates\": [36.33855, -0.83073]}", "facility": {"code": 18614}}, {"collection_date": "2015-08-19T15:06:03.843347+00:00", "source": {"name": "MOH"}, "method": {"name": "Taken with GPS Device"}, "coordinates": "{\"type\": \"Point\", \"coordinates\": [40.12517, -3.22482]}", "facility": {"code": 20116}}, {"collection_date": "2015-08-19T15:06:03.824442+00:00", "source": {"name": "GPS"}, "method": {"name": "Taken with GPS Device"}, "coordinates": "{\"type\": \"Point\", \"coordinates\": [37.11487, -0.52723]}", "facility": {"code": 19648}}, {"collection_date": "2015-08-19T15:06:03.700982+00:00", "source": {"name": "SARAM 2013"}, "method": {"name": "Taken with GPS Device"}, "coordinates": "{\"type\": \"Point\", \"coordinates\": [35.26881, -0.40806]}", "facility": {"code": 19157}}, {"collection_date": "2015-08-19T15:06:03.689600+00:00", "source": {"name": "DHMT"}, "method": {"name": "Taken with GPS Device"}, "coordinates": "{\"type\": \"Point\", \"coordinates\": [36.78255, -1.30706]}", "facility": {"code": 20624}}, {"collection_date": "2015-08-19T15:06:03.633355+00:00", "source": {"name": "GPS"}, "method": {"name": "Taken with GPS Device"}, "coordinates": "{\"type\": \"Point\", \"coordinates\": [36.74829, -1.29192]}", "facility": {"code": 18613}}, {"collection_date": "2015-08-19T15:06:03.633312+00:00", "source": {"name": "DHMT"}, "method": {"name": "Taken with GPS Device"}, "coordinates": "{\"type\": \"Point\", \"coordinates\": [36.07761, -0.30209]}", "facility": {"code": 20115}}, {"collection_date": "2015-08-19T15:06:03.456412+00:00", "source": {"name": "GPS"}, "method": {"name": "Taken with GPS Device"}, "coordinates": "{\"type\": \"Point\", \"coordinates\": [36.79552, -0.30896]}", "facility": {"code": 19647}}, {"collection_date": "2015-08-19T15:06:03.455164+00:00", "source": {"name": "DHMT"}, "method": {"name": "Taken with GPS Device"}, "coordinates": "{\"type\": \"Point\", \"coordinates\": [40.05636, 1.74976]}", "facility": {"code": 19156}}, {"collection_date": "2015-08-19T15:06:03.446195+00:00", "source": {"name": "DHMT"}, "method": {"name": "Taken with GPS Device"}, "coordinates": "{\"type\": \"Point\", \"coordinates\": [36.79096, -1.31331]}", "facility": {"code": 20623}}, {"collection_date": "2015-08-19T15:06:03.307765+00:00", "source": {"name": "GPS"}, "method": {"name": "Taken with GPS Device"}, "coordinates": "{\"type\": \"Point\", \"coordinates\": [37.55135, -1.70966]}", "facility": {"code": 20111}}, {"collection_date": "2015-08-19T15:06:03.273994+00:00", "source": {"name": "GPRS"}, "method": {"name": "Taken with GPS Device"}, "coordinates": "{\"type\": \"Point\", \"coordinates\": [36.74428, -1.28993]}", "facility": {"code": 18612}}, {"collection_date": "2015-08-19T15:06:02.211994+00:00", "source": {"name": "GPS"}, "method": {"name": "Taken with GPS Device"}, "coordinates": "{\"type\": \"Point\", \"coordinates\": [37.15629, -0.41908]}", "facility": {"code": 19644}}, {"collection_date": "2015-08-19T15:06:02.211335+00:00", "source": {"name": "GPS"}, "method": {"name": "Taken with GPS Device"}, "coordinates": "{\"type\": \"Point\", \"coordinates\": [34.71382, 0.84112]}", "facility": {"code": 19155}}, {"collection_date": "2015-08-19T15:06:02.174799+00:00", "source": {"name": "DHMT"}, "method": {"name": "Taken with GPS Device"}, "coordinates": "{\"type\": \"Point\", \"coordinates\": [36.7994, -1.31766]}", "facility": {"code": 20622}}, {"collection_date": "2015-08-19T15:06:02.174717+00:00", "source": {"name": "GPS"}, "method": {"name": "Taken with GPS Device"}, "coordinates": "{\"type\": \"Point\", \"coordinates\": [37.50191, -1.59435]}", "facility": {"code": 20110}}, {"collection_date": "2015-08-19T15:06:02.150774+00:00", "source": {"name": "GPS"}, "method": {"name": "Taken with GPS Device"}, "coordinates": "{\"type\": \"Point\", \"coordinates\": [36.87081, -1.27433]}", "facility": {"code": 18611}}, {"collection_date": "2015-08-19T15:06:01.996572+00:00", "source": {"name": "GPS"}, "method": {"name": "Taken with GPS Device"}, "coordinates": "{\"type\": \"Point\", \"coordinates\": [36.85059, -1.27461]}", "facility": {"code": 19643}}, {"collection_date": "2015-08-19T15:06:01.976740+00:00", "source": {"name": "DHMT"}, "method": {"name": "Taken with GPS Device"}, "coordinates": "{\"type\": \"Point\", \"coordinates\": [40.06809, 1.75741]}", "facility": {"code": 19154}}, {"collection_date": "2015-08-19T15:06:01.918338+00:00", "source": {"name": "DHMT"}, "method": {"name": "Taken with GPS Device"}, "coordinates": "{\"type\": \"Point\", \"coordinates\": [36.7719, -1.30764]}", "facility": {"code": 20621}}, {"collection_date": "2015-08-19T15:06:01.910802+00:00", "source": {"name": "DHMT"}, "method": {"name": "Taken with GPS Device"}, "coordinates": "{\"type\": \"Point\", \"coordinates\": [36.31022, -1.07577]}", "facility": {"code": 20109}}, {"collection_date": "2015-08-19T15:06:01.909393+00:00", "source": {"name": "SARAM 2013"}, "method": {"name": "Taken with GPS Device"}, "coordinates": "{\"type\": \"Point\", \"coordinates\": [34.99704, -0.42457]}", "facility": {"code": 18610}}, {"collection_date": "2015-08-19T15:06:01.744079+00:00", "source": {"name": "GPS"}, "method": {"name": "Taken with GPS Device"}, "coordinates": "{\"type\": \"Point\", \"coordinates\": [36.85048, -1.27465]}", "facility": {"code": 19642}}], "model": "mfl_gis.FacilityCoordinates", "unique_fields": ["facility"]}]