[{"records": [{"collection_date": "2015-08-19T15:05:17.054838+00:00", "source": {"name": "GPS"}, "method": {"name": "Taken with GPS Device"}, "coordinates": "{\"type\": \"Point\", \"coordinates\": [35.50582, 0.669142]}", "facility": {"code": 19876}}, {"collection_date": "2015-08-19T15:05:17.040885+00:00", "source": {"name": "SARAM 2013"}, "method": {"name": "Taken with GPS Device"}, "coordinates": "{\"type\": \"Point\", \"coordinates\": [35.43788, 3.36157]}", "facility": {"code": 18355}}, {"collection_date": "2015-08-19T15:05:17.024488+00:00", "source": {"name": "DHRIO"}, "method": {"name": "Taken with GPS Device"}, "coordinates": "{\"type\": \"Point\", \"coordinates\": [36.82113, -1.28443]}", "facility": {"code": 19423}}, {"collection_date": "2015-08-19T15:05:17.015644+00:00", "source": {"name": "DHMT"}, "method": {"name": "Taken with GPS Device"}, "coordinates": "{\"type\": \"Point\", \"coordinates\": [36.72553, -1.35914]}", "facility": {"code": 20369}}, {"collection_date": "2015-08-19T15:05:16.858787+00:00", "source": {"name": "SARAMA"}, "method": {"name": "Taken with GPS Device"}, "coordinates": "{\"type\": \"Point\", \"coordinates\": [37.76118, -0.00264]}", "facility": {"code": 18908}}, {"collection_date": "2015-08-19T15:05:16.844487+00:00", "source": {"name": "MOH"}, "method": {"name": "Taken with GPS Device"}, "coordinates": "{\"type\": \"Point\", \"coordinates\": [34.5, -0.54]}", "facility": {"code": 19875}}, {"collection_date": "2015-08-19T15:05:16.818062+00:00", "source": {"name": "SARAM 2013"}, "method": {"name": "Taken with GPS Device"}, "coordinates": "{\"type\": \"Point\", \"coordinates\": [35.51226, 3.08043]}", "facility": {"code": 18354}}, {"collection_date": "2015-08-19T15:05:16.765149+00:00", "source": {"name": "DHRIO"}, "method": {"name": "Taken with GPS Device"}, "coordinates": "{\"type\": \"Point\", \"coordinates\": [36.83936, -1.28038]}", "facility": {"code": 19422}}, {"collection_date": "2015-08-19T15:05:16.751650+00:00", "source": {"name": "DHMT"}, "method": {"name": "Taken with GPS Device"}, "coordinates": "{\"type\": \"Point\", \"coordinates\": [34.99651, 1.44674]}", "facility": {"code": 20368}}, {"collection_date": "2015-08-19T15:05:16.742785+00:00", "source": {"name": "DHMT"}, "method": {"name": "Taken with GPS Device"}, "coordinates": "{\"type\": \"Point\", \"coordinates\": [35.10696, -0.69405]}", "facility": {"code": 19874}}, {"collection_date": "2015-08-19T15:05:16.688519+00:00", "source": {"name": "DHMT"}, "method": {"name": "Taken with GPS Device"}, "coordinates": "{\"type\": \"Point\", \"coordinates\": [38.00867, -1.36304]}", "facility": {"code": 18905}}, {"collection_date": "2015-08-19T15:05:16.675471+00:00", "source": {"name": "SARAM 2013"}, "method": {"name": "Taken with GPS Device"}, "coordinates": "{\"type\": \"Point\", \"coordinates\": [39.6605, -4.06083]}", "facility": {"code": 18351}}, {"collection_date": "2015-08-19T15:05:16.542141+00:00", "source": {"name": "GPS"}, "method": {"name": "Taken with GPS Device"}, "coordinates": "{\"type\": \"Point\", \"coordinates\": [35.26107, 0.48397]}", "facility": {"code": 19873}}, {"collection_date": "2015-08-19T15:05:16.508738+00:00", "source": {"name": "DHRIO"}, "method": {"name": "Taken with GPS Device"}, "coordinates": "{\"type\": \"Point\", \"coordinates\": [36.8322, -1.27378]}", "facility": {"code": 19421}}, {"collection_date": "2015-08-19T15:05:16.503149+00:00", "source": {"name": "DHMT"}, "method": {"name": "Taken with GPS Device"}, "coordinates": "{\"type\": \"Point\", \"coordinates\": [35.21066, 1.25811]}", "facility": {"code": 20367}}, {"collection_date": "2015-08-19T15:05:16.471458+00:00", "source": {"name": "SARAM 2013"}, "method": {"name": "Taken with GPS Device"}, "coordinates": "{\"type\": \"Point\", \"coordinates\": [39.69644, -4.0149]}", "facility": {"code": 18350}}, {"collection_date": "2015-08-19T15:05:16.469512+00:00", "source": {"name": "DHMT"}, "method": {"name": "Taken with GPS Device"}, "coordinates": "{\"type\": \"Point\", \"coordinates\": [38.01011, -1.36541]}", "facility": {"code": 18904}}, {"collection_date": "2015-08-19T15:05:16.443803+00:00", "source": {"name": "GPS"}, "method": {"name": "Taken with GPS Device"}, "coordinates": "{\"type\": \"Point\", \"coordinates\": [35.21737, 0.45398]}", "facility": {"code": 19872}}, {"collection_date": "2015-08-19T15:05:16.376432+00:00", "source": {"name": "DHRIO"}, "method": {"name": "Taken with GPS Device"}, "coordinates": "{\"type\": \"Point\", \"coordinates\": [36.82318, -1.28086]}", "facility": {"code": 19420}}, {"collection_date": "2015-08-19T15:05:16.213822+00:00", "source": {"name": "DHMT"}, "method": {"name": "Taken with GPS Device"}, "coordinates": "{\"type\": \"Point\", \"coordinates\": [35.28196, 1.6059]}", "facility": {"code": 20366}}, {"collection_date": "2015-08-19T15:05:16.152934+00:00", "source": {"name": "GPS"}, "method": {"name": "Taken with GPS Device"}, "coordinates": "{\"type\": \"Point\", \"coordinates\": [37.2822, -0.94403]}", "facility": {"code": 18349}}, {"collection_date": "2015-08-19T15:05:16.152723+00:00", "source": {"name": "SCHMT"}, "method": {"name": "Taken with GPS Device"}, "coordinates": "{\"type\": \"Point\", \"coordinates\": [38.0935, -1.36747]}", "facility": {"code": 18903}}, {"collection_date": "2015-08-19T15:05:16.126708+00:00", "source": {"name": "GPS"}, "method": {"name": "Taken with GPS Device"}, "coordinates": "{\"type\": \"Point\", \"coordinates\": [35.27706, 0.49331]}", "facility": {"code": 19871}}, {"collection_date": "2015-08-19T15:05:16.060828+00:00", "source": {"name": "DHRIO"}, "method": {"name": "Taken with GPS Device"}, "coordinates": "{\"type\": \"Point\", \"coordinates\": [36.82817, -1.27692]}", "facility": {"code": 19419}}, {"collection_date": "2015-08-19T15:05:15.928952+00:00", "source": {"name": "DHMT"}, "method": {"name": "Taken with GPS Device"}, "coordinates": "{\"type\": \"Point\", \"coordinates\": [36.7786, -1.258096]}", "facility": {"code": 18348}}, {"collection_date": "2015-08-19T15:05:15.905868+00:00", "source": {"name": "GPS"}, "method": {"name": "Taken with GPS Device"}, "coordinates": "{\"type\": \"Point\", \"coordinates\": [34.96367, 1.44532]}", "facility": {"code": 20365}}, {"collection_date": "2015-08-19T15:05:15.892727+00:00", "source": {"name": "DHRIO"}, "method": {"name": "Taken with GPS Device"}, "coordinates": "{\"type\": \"Point\", \"coordinates\": [36.69259, -1.42632]}", "facility": {"code": 18901}}, {"collection_date": "2015-08-19T15:05:15.822795+00:00", "source": {"name": "SARAM 2013"}, "method": {"name": "Taken with GPS Device"}, "coordinates": "{\"type\": \"Point\", \"coordinates\": [39.67279, -4.04768]}", "facility": {"code": 18347}}, {"collection_date": "2015-08-19T15:05:15.808052+00:00", "source": {"name": "DHRIO"}, "method": {"name": "Taken with GPS Device"}, "coordinates": "{\"type\": \"Point\", \"coordinates\": [36.82241, -1.28091]}", "facility": {"code": 19418}}, {"collection_date": "2015-08-19T15:05:15.806074+00:00", "source": {"name": "DHMT"}, "method": {"name": "Taken with GPS Device"}, "coordinates": "{\"type\": \"Point\", \"coordinates\": [34.7609521, -0.100856423]}", "facility": {"code": 19869}}, {"collection_date": "2015-08-19T15:05:15.800472+00:00", "source": {"name": "MOH"}, "method": {"name": "Taken with GPS Device"}, "coordinates": "{\"type\": \"Point\", \"coordinates\": [34.8515, -0.47464]}", "facility": {"code": 20364}}, {"collection_date": "2015-08-19T15:05:15.739530+00:00", "source": {"name": "DHMT"}, "method": {"name": "Taken with GPS Device"}, "coordinates": "{\"type\": \"Point\", \"coordinates\": [38.00938, -1.3658]}", "facility": {"code": 18900}}, {"collection_date": "2015-08-19T15:05:15.528531+00:00", "source": {"name": "DHRIO"}, "method": {"name": "Taken with GPS Device"}, "coordinates": "{\"type\": \"Point\", \"coordinates\": [36.82763, -1.28799]}", "facility": {"code": 19416}}, {"collection_date": "2015-08-19T15:05:15.526845+00:00", "source": {"name": "Geo codes"}, "method": {"name": "Taken with GPS Device"}, "coordinates": "{\"type\": \"Point\", \"coordinates\": [34.79005, 0.78026]}", "facility": {"code": 18346}}, {"collection_date": "2015-08-19T15:05:15.515327+00:00", "source": {"name": "MOH"}, "method": {"name": "Taken with GPS Device"}, "coordinates": "{\"type\": \"Point\", \"coordinates\": [34.6, -0.58]}", "facility": {"code": 19868}}, {"collection_date": "2015-08-19T15:05:15.504031+00:00", "source": {"name": "DHMT"}, "method": {"name": "Taken with GPS Device"}, "coordinates": "{\"type\": \"Point\", \"coordinates\": [38.00942, -1.36575]}", "facility": {"code": 18899}}, {"collection_date": "2015-08-19T15:05:15.451214+00:00", "source": {"name": "DHMT"}, "method": {"name": "Taken with GPS Device"}, "coordinates": "{\"type\": \"Point\", \"coordinates\": [39.69568, 2.14659]}", "facility": {"code": 20363}}, {"collection_date": "2015-08-19T15:05:15.336728+00:00", "source": {"name": "DHRIO"}, "method": {"name": "Taken with GPS Device"}, "coordinates": "{\"type\": \"Point\", \"coordinates\": [36.82113, -1.28443]}", "facility": {"code": 19413}}, {"collection_date": "2015-08-19T15:05:15.326576+00:00", "source": {"name": "GPS"}, "method": {"name": "Taken with GPS Device"}, "coordinates": "{\"type\": \"Point\", \"coordinates\": [34.46935, -1.07003]}", "facility": {"code": 18898}}, {"collection_date": "2015-08-19T15:05:15.325563+00:00", "source": {"name": "MOH"}, "method": {"name": "Taken with GPS Device"}, "coordinates": "{\"type\": \"Point\", \"coordinates\": [34.6, -0.56]}", "facility": {"code": 19867}}, {"collection_date": "2015-08-19T15:05:15.313360+00:00", "source": {"name": "SARAM 2013"}, "method": {"name": "Taken with GPS Device"}, "coordinates": "{\"type\": \"Point\", \"coordinates\": [37.07469, -1.03451]}", "facility": {"code": 18345}}, {"collection_date": "2015-08-19T15:05:15.147942+00:00", "source": {"name": "DHMT"}, "method": {"name": "Taken with GPS Device"}, "coordinates": "{\"type\": \"Point\", \"coordinates\": [35.69309, 1.37527]}", "facility": {"code": 20362}}, {"collection_date": "2015-08-19T15:05:15.131458+00:00", "source": {"name": "MOH"}, "method": {"name": "Taken with GPS Device"}, "coordinates": "{\"type\": \"Point\", \"coordinates\": [34.6, -0.53]}", "facility": {"code": 19866}}, {"collection_date": "2015-08-19T15:05:14.985485+00:00", "source": {"name": "SARAM 2013"}, "method": {"name": "Taken with GPS Device"}, "coordinates": "{\"type\": \"Point\", \"coordinates\": [36.81502, -1.29107]}", "facility": {"code": 18344}}, {"collection_date": "2015-08-19T15:05:14.971059+00:00", "source": {"name": "SARAM 2013"}, "method": {"name": "Taken with GPS Device"}, "coordinates": "{\"type\": \"Point\", \"coordinates\": [34.47687, -1.06028]}", "facility": {"code": 18897}}, {"collection_date": "2015-08-19T15:05:14.964116+00:00", "source": {"name": "DHMT"}, "method": {"name": "Taken with GPS Device"}, "coordinates": "{\"type\": \"Point\", \"coordinates\": [37.94144, 0.22917]}", "facility": {"code": 19411}}, {"collection_date": "2015-08-19T15:05:14.953823+00:00", "source": {"name": "DHMT"}, "method": {"name": "Taken with GPS Device"}, "coordinates": "{\"type\": \"Point\", \"coordinates\": [39.64578, -0.45006]}", "facility": {"code": 20359}}, {"collection_date": "2015-08-19T15:05:14.803021+00:00", "source": {"name": "MOH"}, "method": {"name": "Taken with GPS Device"}, "coordinates": "{\"type\": \"Point\", \"coordinates\": [34.6, -0.57]}", "facility": {"code": 19864}}, {"collection_date": "2015-08-19T15:05:14.604937+00:00", "source": {"name": "SARAM 2013"}, "method": {"name": "Taken with GPS Device"}, "coordinates": "{\"type\": \"Point\", \"coordinates\": [39.66779, -4.04794]}", "facility": {"code": 18343}}, {"collection_date": "2015-08-19T15:05:14.425311+00:00", "source": {"name": "MOH"}, "method": {"name": "Taken with GPS Device"}, "coordinates": "{\"type\": \"Point\", \"coordinates\": [37.58475, 0.351127]}", "facility": {"code": 19410}}, {"collection_date": "2015-08-19T15:05:14.425311+00:00", "source": {"name": "DHMT"}, "method": {"name": "Taken with GPS Device"}, "coordinates": "{\"type\": \"Point\", \"coordinates\": [36.87224, -1.23409]}", "facility": {"code": 18896}}, {"collection_date": "2015-08-19T15:05:14.425202+00:00", "source": {"name": "DHMT"}, "method": {"name": "Taken with GPS Device"}, "coordinates": "{\"type\": \"Point\", \"coordinates\": [39.70071, 2.49546]}", "facility": {"code": 20358}}, {"collection_date": "2015-08-19T15:05:14.081828+00:00", "source": {"name": "MOH"}, "method": {"name": "Taken with GPS Device"}, "coordinates": "{\"type\": \"Point\", \"coordinates\": [34.6, -0.65]}", "facility": {"code": 19863}}, {"collection_date": "2015-08-19T15:05:13.850647+00:00", "source": {"name": "SARAM 2013"}, "method": {"name": "Taken with GPS Device"}, "coordinates": "{\"type\": \"Point\", \"coordinates\": [34.98761, -0.52837]}", "facility": {"code": 18342}}, {"collection_date": "2015-08-19T15:05:13.681739+00:00", "source": {"name": "DHMT"}, "method": {"name": "Taken with GPS Device"}, "coordinates": "{\"type\": \"Point\", \"coordinates\": [39.29617, 2.1403]}", "facility": {"code": 20357}}, {"collection_date": "2015-08-19T15:05:13.672705+00:00", "source": {"name": "DHMT"}, "method": {"name": "Taken with GPS Device"}, "coordinates": "{\"type\": \"Point\", \"coordinates\": [37.94096, 0.23228]}", "facility": {"code": 19409}}, {"collection_date": "2015-08-19T15:05:13.659322+00:00", "source": {"name": "DHMT"}, "method": {"name": "Taken with GPS Device"}, "coordinates": "{\"type\": \"Point\", \"coordinates\": [36.87222, -1.23404]}", "facility": {"code": 18895}}, {"collection_date": "2015-08-19T15:05:13.513097+00:00", "source": {"name": "SARAM"}, "method": {"name": "Taken with GPS Device"}, "coordinates": "{\"type\": \"Point\", \"coordinates\": [39.50596, -4.42556]}", "facility": {"code": 19862}}, {"collection_date": "2015-08-19T15:05:13.502950+00:00", "source": {"name": "DHMT"}, "method": {"name": "Taken with GPS Device"}, "coordinates": "{\"type\": \"Point\", \"coordinates\": [35.07806, 1.55614]}", "facility": {"code": 20356}}, {"collection_date": "2015-08-19T15:05:13.352212+00:00", "source": {"name": "SARAM 2013"}, "method": {"name": "Taken with GPS Device"}, "coordinates": "{\"type\": \"Point\", \"coordinates\": [34.79625, -0.90836]}", "facility": {"code": 18340}}, {"collection_date": "2015-08-19T15:05:13.340820+00:00", "source": {"name": "MOH"}, "method": {"name": "Taken with GPS Device"}, "coordinates": "{\"type\": \"Point\", \"coordinates\": [37.58317, 0.35106]}", "facility": {"code": 19408}}, {"collection_date": "2015-08-19T15:05:13.337898+00:00", "source": {"name": "Taken by GPS"}, "method": {"name": "Taken with GPS Device"}, "coordinates": "{\"type\": \"Point\", \"coordinates\": [34.66247, -0.49503]}", "facility": {"code": 18892}}, {"collection_date": "2015-08-19T15:05:13.323658+00:00", "source": {"name": "MOH"}, "method": {"name": "Taken with GPS Device"}, "coordinates": "{\"type\": \"Point\", \"coordinates\": [34.4, -0.57]}", "facility": {"code": 19861}}, {"collection_date": "2015-08-19T15:05:13.160549+00:00", "source": {"name": "DHMT"}, "method": {"name": "Taken with GPS Device"}, "coordinates": "{\"type\": \"Point\", \"coordinates\": [39.63586, -0.44064]}", "facility": {"code": 20354}}, {"collection_date": "2015-08-19T15:05:13.142487+00:00", "source": {"name": "SARAM 2013"}, "method": {"name": "Taken with GPS Device"}, "coordinates": "{\"type\": \"Point\", \"coordinates\": [34.46274, 0.8073]}", "facility": {"code": 18891}}, {"collection_date": "2015-08-19T15:05:13.139989+00:00", "source": {"name": "DHMT"}, "method": {"name": "Taken with GPS Device"}, "coordinates": "{\"type\": \"Point\", \"coordinates\": [36.43351, -0.72014]}", "facility": {"code": 19406}}, {"collection_date": "2015-08-19T15:05:12.982254+00:00", "source": {"name": "SARAM 2013"}, "method": {"name": "Taken with GPS Device"}, "coordinates": "{\"type\": \"Point\", \"coordinates\": [37.83243, 0.00088]}", "facility": {"code": 18339}}, {"collection_date": "2015-08-19T15:05:12.970938+00:00", "source": {"name": "MOH"}, "method": {"name": "Taken with GPS Device"}, "coordinates": "{\"type\": \"Point\", \"coordinates\": [34.5, -0.47]}", "facility": {"code": 19860}}, {"collection_date": "2015-08-19T15:05:12.957093+00:00", "source": {"name": "DHMT"}, "method": {"name": "Taken with GPS Device"}, "coordinates": "{\"type\": \"Point\", \"coordinates\": [35.77766, 0.7171]}", "facility": {"code": 20353}}, {"collection_date": "2015-08-19T15:05:12.801943+00:00", "source": {"name": "SARAM 2013"}, "method": {"name": "Taken with GPS Device"}, "coordinates": "{\"type\": \"Point\", \"coordinates\": [34.46388, 0.80606]}", "facility": {"code": 18890}}, {"collection_date": "2015-08-19T15:05:12.791720+00:00", "source": {"name": "SARAM"}, "method": {"name": "Taken with GPS Device"}, "coordinates": "{\"type\": \"Point\", \"coordinates\": [36.89423, -1.2039]}", "facility": {"code": 19398}}, {"collection_date": "2015-08-19T15:05:12.781840+00:00", "source": {"name": "SARAM 2013"}, "method": {"name": "Taken with GPS Device"}, "coordinates": "{\"type\": \"Point\", \"coordinates\": [34.90291, -0.04807]}", "facility": {"code": 18338}}, {"collection_date": "2015-08-19T15:05:12.781448+00:00", "source": {"name": "MOH"}, "method": {"name": "Taken with GPS Device"}, "coordinates": "{\"type\": \"Point\", \"coordinates\": [34.5, -0.64]}", "facility": {"code": 19859}}, {"collection_date": "2015-08-19T15:05:12.613922+00:00", "source": {"name": "SCHMT"}, "method": {"name": "Taken with GPS Device"}, "coordinates": "{\"type\": \"Point\", \"coordinates\": [39.06323, 0.04445]}", "facility": {"code": 20352}}, {"collection_date": "2015-08-19T15:05:12.604674+00:00", "source": {"name": "SARAM"}, "method": {"name": "Taken with GPS Device"}, "coordinates": "{\"type\": \"Point\", \"coordinates\": [36.89414, -1.20694]}", "facility": {"code": 19397}}, {"collection_date": "2015-08-19T15:05:12.591308+00:00", "source": {"name": "SARAM 2013"}, "method": {"name": "Taken with GPS Device"}, "coordinates": "{\"type\": \"Point\", \"coordinates\": [34.46322, 0.80974]}", "facility": {"code": 18889}}, {"collection_date": "2015-08-19T15:05:12.437969+00:00", "source": {"name": "MOH"}, "method": {"name": "Taken with GPS Device"}, "coordinates": "{\"type\": \"Point\", \"coordinates\": [34.5, -0.53]}", "facility": {"code": 19858}}, {"collection_date": "2015-08-19T15:05:12.424173+00:00", "source": {"name": "SARAM 2013"}, "method": {"name": "Taken with GPS Device"}, "coordinates": "{\"type\": \"Point\", \"coordinates\": [34.75244, -0.84389]}", "facility": {"code": 18336}}, {"collection_date": "2015-08-19T15:05:12.415379+00:00", "source": {"name": "DHRIO"}, "method": {"name": "Taken with GPS Device"}, "coordinates": "{\"type\": \"Point\", \"coordinates\": [36.67308, -1.33497]}", "facility": {"code": 20351}}, {"collection_date": "2015-08-19T15:05:12.414094+00:00", "source": {"name": "chirchir"}, "method": {"name": "Taken with GPS Device"}, "coordinates": "{\"type\": \"Point\", \"coordinates\": [36.8918, -1.25113]}", "facility": {"code": 19396}}, {"collection_date": "2015-08-19T15:05:12.203749+00:00", "source": {"name": "DHMT"}, "method": {"name": "Taken with GPS Device"}, "coordinates": "{\"type\": \"Point\", \"coordinates\": [36.82215, -1.21603]}", "facility": {"code": 18888}}, {"collection_date": "2015-08-19T15:05:12.067690+00:00", "source": {"name": "GPS"}, "method": {"name": "Taken with GPS Device"}, "coordinates": "{\"type\": \"Point\", \"coordinates\": [35.01089, 1.01599]}", "facility": {"code": 19857}}, {"collection_date": "2015-08-19T15:05:12.057764+00:00", "source": {"name": "DHRIO"}, "method": {"name": "Taken with GPS Device"}, "coordinates": "{\"type\": \"Point\", \"coordinates\": [36.92261, -1.26631]}", "facility": {"code": 18335}}, {"collection_date": "2015-08-19T15:05:12.036539+00:00", "source": {"name": "DHRIO"}, "method": {"name": "Taken with GPS Device"}, "coordinates": "{\"type\": \"Point\", \"coordinates\": [36.81762, -1.28362]}", "facility": {"code": 19395}}, {"collection_date": "2015-08-19T15:05:11.884553+00:00", "source": {"name": "DHRIO"}, "method": {"name": "Taken with GPS Device"}, "coordinates": "{\"type\": \"Point\", \"coordinates\": [36.95885, -1.47838]}", "facility": {"code": 20350}}, {"collection_date": "2015-08-19T15:05:11.859837+00:00", "source": {"name": "DHMT"}, "method": {"name": "Taken with GPS Device"}, "coordinates": "{\"type\": \"Point\", \"coordinates\": [36.99488, -0.49793]}", "facility": {"code": 19856}}, {"collection_date": "2015-08-19T15:05:11.859627+00:00", "source": {"name": "DHMT"}, "method": {"name": "Taken with GPS Device"}, "coordinates": "{\"type\": \"Point\", \"coordinates\": [36.82214, -1.21602]}", "facility": {"code": 18887}}, {"collection_date": "2015-08-19T15:05:11.734542+00:00", "source": {"name": "SARAM 2013"}, "method": {"name": "Taken with GPS Device"}, "coordinates": "{\"type\": \"Point\", \"coordinates\": [36.89866, -1.28063]}", "facility": {"code": 18334}}, {"collection_date": "2015-08-19T15:05:11.675931+00:00", "source": {"name": "DHRIO"}, "method": {"name": "Taken with GPS Device"}, "coordinates": "{\"type\": \"Point\", \"coordinates\": [36.82379, -1.28086]}", "facility": {"code": 19394}}, {"collection_date": "2015-08-19T15:05:11.545973+00:00", "source": {"name": "DHMT"}, "method": {"name": "Taken with GPS Device"}, "coordinates": "{\"type\": \"Point\", \"coordinates\": [37.72449, -0.30491]}", "facility": {"code": 20349}}, {"collection_date": "2015-08-19T15:05:11.491892+00:00", "source": {"name": "GPS"}, "method": {"name": "Taken with GPS Device"}, "coordinates": "{\"type\": \"Point\", \"coordinates\": [37.72013, -0.32203]}", "facility": {"code": 18886}}, {"collection_date": "2015-08-19T15:05:11.489253+00:00", "source": {"name": "DHMT"}, "method": {"name": "Taken with GPS Device"}, "coordinates": "{\"type\": \"Point\", \"coordinates\": [36.95611, -0.42514]}", "facility": {"code": 19855}}, {"collection_date": "2015-08-19T15:05:11.389828+00:00", "source": {"name": "SARAM 2013"}, "method": {"name": "Taken with GPS Device"}, "coordinates": "{\"type\": \"Point\", \"coordinates\": [40.53124, -1.13572]}", "facility": {"code": 18332}}, {"collection_date": "2015-08-19T15:05:11.366451+00:00", "source": {"name": "SCHMT"}, "method": {"name": "Taken with GPS Device"}, "coordinates": "{\"type\": \"Point\", \"coordinates\": [39.54862, -3.96107]}", "facility": {"code": 20348}}, {"collection_date": "2015-08-19T15:05:11.345323+00:00", "source": {"name": "DHRIO"}, "method": {"name": "Taken with GPS Device"}, "coordinates": "{\"type\": \"Point\", \"coordinates\": [36.82878, -1.28575]}", "facility": {"code": 19393}}, {"collection_date": "2015-08-19T15:05:11.191213+00:00", "source": {"name": "DHMT"}, "method": {"name": "Taken with GPS Device"}, "coordinates": "{\"type\": \"Point\", \"coordinates\": [36.94884, -0.42083]}", "facility": {"code": 19854}}, {"collection_date": "2015-08-19T15:05:11.191105+00:00", "source": {"name": "GPS"}, "method": {"name": "Taken with GPS Device"}, "coordinates": "{\"type\": \"Point\", \"coordinates\": [37.15901, -0.71522]}", "facility": {"code": 18885}}, {"collection_date": "2015-08-19T15:05:11.176102+00:00", "source": {"name": "DHMT"}, "method": {"name": "Taken with GPS Device"}, "coordinates": "{\"type\": \"Point\", \"coordinates\": [39.7002, -3.99842]}", "facility": {"code": 18331}}, {"collection_date": "2015-08-19T15:05:10.997890+00:00", "source": {"name": "DHRIO"}, "method": {"name": "Taken with GPS Device"}, "coordinates": "{\"type\": \"Point\", \"coordinates\": [36.82069, -1.283]}", "facility": {"code": 19392}}], "model": "mfl_gis.FacilityCoordinates", "unique_fields": ["facility"]}]