[{"records": [{"collection_date": "2015-08-19T15:05:10.979930+00:00", "source": {"name": "DHMT"}, "method": {"name": "Taken with GPS Device"}, "coordinates": "{\"type\": \"Point\", \"coordinates\": [36.98711, -0.48197]}", "facility": {"code": 19853}}, {"collection_date": "2015-08-19T15:05:10.843015+00:00", "source": {"name": "SARAM 2013"}, "method": {"name": "Taken with GPS Device"}, "coordinates": "{\"type\": \"Point\", \"coordinates\": [37.25027, -1.37462]}", "facility": {"code": 18884}}, {"collection_date": "2015-08-19T15:05:10.813252+00:00", "source": {"name": "SARAM 2013"}, "method": {"name": "Taken with GPS Device"}, "coordinates": "{\"type\": \"Point\", \"coordinates\": [37.41486, -1.61731]}", "facility": {"code": 18330}}, {"collection_date": "2015-08-19T15:05:10.789359+00:00", "source": {"name": "DHMT"}, "method": {"name": "Taken with GPS Device"}, "coordinates": "{\"type\": \"Point\", \"coordinates\": [34.82625, 0.02575]}", "facility": {"code": 19391}}, {"collection_date": "2015-08-19T15:05:10.630987+00:00", "source": {"name": "GPS"}, "method": {"name": "Taken with GPS Device"}, "coordinates": "{\"type\": \"Point\", \"coordinates\": [37.65282, -0.3721]}", "facility": {"code": 18883}}, {"collection_date": "2015-08-19T15:05:10.623787+00:00", "source": {"name": "DHMT"}, "method": {"name": "Taken with GPS Device"}, "coordinates": "{\"type\": \"Point\", \"coordinates\": [37.10631, -0.62709]}", "facility": {"code": 19852}}, {"collection_date": "2015-08-19T15:05:10.617248+00:00", "source": {"name": "GPS"}, "method": {"name": "Taken with GPS Device"}, "coordinates": "{\"type\": \"Point\", \"coordinates\": [34.67416, 0.10508]}", "facility": {"code": 18329}}, {"collection_date": "2015-08-19T15:05:10.610486+00:00", "source": {"name": "GPS"}, "method": {"name": "Taken with GPS Device"}, "coordinates": "{\"type\": \"Point\", \"coordinates\": [36.73162, -1.30047]}", "facility": {"code": 20346}}, {"collection_date": "2015-08-19T15:05:10.442736+00:00", "source": {"name": "00"}, "method": {"name": "Taken with GPS Device"}, "coordinates": "{\"type\": \"Point\", \"coordinates\": [37.0, -0.0]}", "facility": {"code": 18882}}, {"collection_date": "2015-08-19T15:05:10.442064+00:00", "source": {"name": "DHMT"}, "method": {"name": "Taken with GPS Device"}, "coordinates": "{\"type\": \"Point\", \"coordinates\": [34.92982, 0.05156]}", "facility": {"code": 19390}}, {"collection_date": "2015-08-19T15:05:10.430667+00:00", "source": {"name": "MOPHS-DHMT"}, "method": {"name": "Taken with GPS Device"}, "coordinates": "{\"type\": \"Point\", \"coordinates\": [37.65269, 0.04647]}", "facility": {"code": 18328}}, {"collection_date": "2015-08-19T15:05:10.409960+00:00", "source": {"name": "DHMT"}, "method": {"name": "Taken with GPS Device"}, "coordinates": "{\"type\": \"Point\", \"coordinates\": [36.95046, -0.42196]}", "facility": {"code": 19851}}, {"collection_date": "2015-08-19T15:05:10.290100+00:00", "source": {"name": "MOH"}, "method": {"name": "Taken with GPS Device"}, "coordinates": "{\"type\": \"Point\", \"coordinates\": [40.14216, -3.07631]}", "facility": {"code": 20345}}, {"collection_date": "2015-08-19T15:05:10.231190+00:00", "source": {"name": "SARAM 2013"}, "method": {"name": "Taken with GPS Device"}, "coordinates": "{\"type\": \"Point\", \"coordinates\": [37.80472, -1.00591]}", "facility": {"code": 18880}}, {"collection_date": "2015-08-19T15:05:10.230208+00:00", "source": {"name": "MOPHS-DHMT"}, "method": {"name": "Taken with GPS Device"}, "coordinates": "{\"type\": \"Point\", \"coordinates\": [37.65272, 0.04642]}", "facility": {"code": 18327}}, {"collection_date": "2015-08-19T15:05:10.221763+00:00", "source": {"name": "GPS"}, "method": {"name": "Taken with GPS Device"}, "coordinates": "{\"type\": \"Point\", \"coordinates\": [34.77702, 0.87918]}", "facility": {"code": 19389}}, {"collection_date": "2015-08-19T15:05:10.096348+00:00", "source": {"name": "MOH"}, "method": {"name": "Taken with GPS Device"}, "coordinates": "{\"type\": \"Point\", \"coordinates\": [39.99351, -3.09586]}", "facility": {"code": 20344}}, {"collection_date": "2015-08-19T15:05:10.073660+00:00", "source": {"name": "DHMT"}, "method": {"name": "Taken with GPS Device"}, "coordinates": "{\"type\": \"Point\", \"coordinates\": [36.95522, -0.42628]}", "facility": {"code": 19850}}, {"collection_date": "2015-08-19T15:05:10.026637+00:00", "source": {"name": "GPS"}, "method": {"name": "Taken with GPS Device"}, "coordinates": "{\"type\": \"Point\", \"coordinates\": [36.64386, -1.23107]}", "facility": {"code": 18326}}, {"collection_date": "2015-08-19T15:05:10.011720+00:00", "source": {"name": "DHMT"}, "method": {"name": "Taken with GPS Device"}, "coordinates": "{\"type\": \"Point\", \"coordinates\": [37.82497, -1.36368]}", "facility": {"code": 18879}}, {"collection_date": "2015-08-19T15:05:09.999787+00:00", "source": {"name": "GPS"}, "method": {"name": "Taken with GPS Device"}, "coordinates": "{\"type\": \"Point\", \"coordinates\": [34.71671, 0.83965]}", "facility": {"code": 19388}}, {"collection_date": "2015-08-19T15:05:09.887569+00:00", "source": {"name": "DHMT"}, "method": {"name": "Taken with GPS Device"}, "coordinates": "{\"type\": \"Point\", \"coordinates\": [39.79043, -3.28176]}", "facility": {"code": 20342}}, {"collection_date": "2015-08-19T15:05:09.876879+00:00", "source": {"name": "DHMT"}, "method": {"name": "Taken with GPS Device"}, "coordinates": "{\"type\": \"Point\", \"coordinates\": [35.17704, -0.77649]}", "facility": {"code": 19849}}, {"collection_date": "2015-08-19T15:05:09.809478+00:00", "source": {"name": "DHMT"}, "method": {"name": "Taken with GPS Device"}, "coordinates": "{\"type\": \"Point\", \"coordinates\": [39.74094, -3.9482]}", "facility": {"code": 18325}}, {"collection_date": "2015-08-19T15:05:09.789529+00:00", "source": {"name": "GPS"}, "method": {"name": "Taken with GPS Device"}, "coordinates": "{\"type\": \"Point\", \"coordinates\": [37.05826, -1.04417]}", "facility": {"code": 18878}}, {"collection_date": "2015-08-19T15:05:09.662659+00:00", "source": {"name": "DHMT"}, "method": {"name": "Taken with GPS Device"}, "coordinates": "{\"type\": \"Point\", \"coordinates\": [38.20785, -1.84988]}", "facility": {"code": 20341}}, {"collection_date": "2015-08-19T15:05:09.653506+00:00", "source": {"name": "DHMT"}, "method": {"name": "Taken with GPS Device"}, "coordinates": "{\"type\": \"Point\", \"coordinates\": [35.2846, -0.74909]}", "facility": {"code": 19848}}, {"collection_date": "2015-08-19T15:05:09.644192+00:00", "source": {"name": "GPS"}, "method": {"name": "Taken with GPS Device"}, "coordinates": "{\"type\": \"Point\", \"coordinates\": [37.77147, -0.13784]}", "facility": {"code": 19387}}, {"collection_date": "2015-08-19T15:05:09.574381+00:00", "source": {"name": "DHMT"}, "method": {"name": "Taken with GPS Device"}, "coordinates": "{\"type\": \"Point\", \"coordinates\": [39.74316, -3.95112]}", "facility": {"code": 18324}}, {"collection_date": "2015-08-19T15:05:09.557619+00:00", "source": {"name": "SARAM 2013"}, "method": {"name": "Taken with GPS Device"}, "coordinates": "{\"type\": \"Point\", \"coordinates\": [34.37872, -0.81805]}", "facility": {"code": 18877}}, {"collection_date": "2015-08-19T15:05:09.441357+00:00", "source": {"name": "DHMT"}, "method": {"name": "Taken with GPS Device"}, "coordinates": "{\"type\": \"Point\", \"coordinates\": [36.71683, -1.33004]}", "facility": {"code": 20340}}, {"collection_date": "2015-08-19T15:05:09.419881+00:00", "source": {"name": "GPS"}, "method": {"name": "Taken with GPS Device"}, "coordinates": "{\"type\": \"Point\", \"coordinates\": [37.76018, -0.16747]}", "facility": {"code": 19386}}, {"collection_date": "2015-08-19T15:05:09.407742+00:00", "source": {"name": "GPS"}, "method": {"name": "Taken with GPS Device"}, "coordinates": "{\"type\": \"Point\", \"coordinates\": [35.0075, 1.01662]}", "facility": {"code": 19847}}, {"collection_date": "2015-08-19T15:05:09.347038+00:00", "source": {"name": "DHMT"}, "method": {"name": "Taken with GPS Device"}, "coordinates": "{\"type\": \"Point\", \"coordinates\": [36.78105, -1.30775]}", "facility": {"code": 18323}}, {"collection_date": "2015-08-19T15:05:09.332919+00:00", "source": {"name": "DHMT"}, "method": {"name": "Taken with GPS Device"}, "coordinates": "{\"type\": \"Point\", \"coordinates\": [36.07516, -0.30012]}", "facility": {"code": 18875}}, {"collection_date": "2015-08-19T15:05:09.321440+00:00", "source": {"name": "GPS"}, "method": {"name": "Taken with GPS Device"}, "coordinates": "{\"type\": \"Point\", \"coordinates\": [34.21159, 0.23757]}", "facility": {"code": 20339}}, {"collection_date": "2015-08-19T15:05:09.173246+00:00", "source": {"name": "SARAM 2013"}, "method": {"name": "Taken with GPS Device"}, "coordinates": "{\"type\": \"Point\", \"coordinates\": [34.46479, 0.80688]}", "facility": {"code": 19385}}, {"collection_date": "2015-08-19T15:05:09.162482+00:00", "source": {"name": "GPS"}, "method": {"name": "Taken with GPS Device"}, "coordinates": "{\"type\": \"Point\", \"coordinates\": [35.00407, 1.01365]}", "facility": {"code": 19846}}, {"collection_date": "2015-08-19T15:05:09.099739+00:00", "source": {"name": "Taken by GPS"}, "method": {"name": "Other"}, "coordinates": "{\"type\": \"Point\", \"coordinates\": [34.91194, -0.42111]}", "facility": {"code": 18874}}, {"collection_date": "2015-08-19T15:05:09.098151+00:00", "source": {"name": "SARAM 2013"}, "method": {"name": "Taken with GPS Device"}, "coordinates": "{\"type\": \"Point\", \"coordinates\": [35.29094, 0.50865]}", "facility": {"code": 18322}}, {"collection_date": "2015-08-19T15:05:09.084472+00:00", "source": {"name": "GPS"}, "method": {"name": "Taken with GPS Device"}, "coordinates": "{\"type\": \"Point\", \"coordinates\": [37.96435, -0.38644]}", "facility": {"code": 20338}}, {"collection_date": "2015-08-19T15:05:09.064192+00:00", "source": {"name": "MOH"}, "method": {"name": "Taken with GPS Device"}, "coordinates": "{\"type\": \"Point\", \"coordinates\": [35.72479, 0.04998]}", "facility": {"code": 19384}}, {"collection_date": "2015-08-19T15:05:08.951871+00:00", "source": {"name": "DHMT"}, "method": {"name": "Taken with GPS Device"}, "coordinates": "{\"type\": \"Point\", \"coordinates\": [37.20723, -0.6682]}", "facility": {"code": 19845}}, {"collection_date": "2015-08-19T15:05:08.896160+00:00", "source": {"name": "SARAM 2013"}, "method": {"name": "Taken with GPS Device"}, "coordinates": "{\"type\": \"Point\", \"coordinates\": [37.31614, -1.52264]}", "facility": {"code": 18873}}, {"collection_date": "2015-08-19T15:05:08.885596+00:00", "source": {"name": "SARAM 2013"}, "method": {"name": "Taken with GPS Device"}, "coordinates": "{\"type\": \"Point\", \"coordinates\": [37.45099, -0.53512]}", "facility": {"code": 18319}}, {"collection_date": "2015-08-19T15:05:08.863888+00:00", "source": {"name": "GIS"}, "method": {"name": "Taken with GPS Device"}, "coordinates": "{\"type\": \"Point\", \"coordinates\": [37.11191, -0.82038]}", "facility": {"code": 20337}}, {"collection_date": "2015-08-19T15:05:08.811007+00:00", "source": {"name": "DHMT"}, "method": {"name": "Taken with GPS Device"}, "coordinates": "{\"type\": \"Point\", \"coordinates\": [37.25764, -0.6226]}", "facility": {"code": 19844}}, {"collection_date": "2015-08-19T15:05:08.808971+00:00", "source": {"name": "MOH"}, "method": {"name": "Taken with GPS Device"}, "coordinates": "{\"type\": \"Point\", \"coordinates\": [35.73451, 0.05849]}", "facility": {"code": 19383}}, {"collection_date": "2015-08-19T15:05:08.684893+00:00", "source": {"name": "GPS"}, "method": {"name": "Taken with GPS Device"}, "coordinates": "{\"type\": \"Point\", \"coordinates\": [37.83746, 0.17254]}", "facility": {"code": 18872}}, {"collection_date": "2015-08-19T15:05:08.673128+00:00", "source": {"name": "SARAM 2013"}, "method": {"name": "Taken with GPS Device"}, "coordinates": "{\"type\": \"Point\", \"coordinates\": [39.3465, -4.5234]}", "facility": {"code": 20336}}, {"collection_date": "2015-08-19T15:05:08.663994+00:00", "source": {"name": "SARAM 2013"}, "method": {"name": "Taken with GPS Device"}, "coordinates": "{\"type\": \"Point\", \"coordinates\": [35.21994, 0.98043]}", "facility": {"code": 18318}}, {"collection_date": "2015-08-19T15:05:08.567232+00:00", "source": {"name": "DHMT"}, "method": {"name": "Taken with GPS Device"}, "coordinates": "{\"type\": \"Point\", \"coordinates\": [37.29841, -0.62383]}", "facility": {"code": 19843}}, {"collection_date": "2015-08-19T15:05:08.559052+00:00", "source": {"name": "chirchir"}, "method": {"name": "Taken with GPS Device"}, "coordinates": "{\"type\": \"Point\", \"coordinates\": [36.89435, -1.20752]}", "facility": {"code": 19382}}, {"collection_date": "2015-08-19T15:05:08.555508+00:00", "source": {"name": "GPS"}, "method": {"name": "Taken with GPS Device"}, "coordinates": "{\"type\": \"Point\", \"coordinates\": [37.87908, 0.12588]}", "facility": {"code": 18871}}, {"collection_date": "2015-08-19T15:05:08.553644+00:00", "source": {"name": "SARAM 2013"}, "method": {"name": "Taken with GPS Device"}, "coordinates": "{\"type\": \"Point\", \"coordinates\": [39.4234, -4.5234]}", "facility": {"code": 20335}}, {"collection_date": "2015-08-19T15:05:08.540214+00:00", "source": {"name": "DHMT"}, "method": {"name": "Taken with GPS Device"}, "coordinates": "{\"type\": \"Point\", \"coordinates\": [40.05535, 1.74128]}", "facility": {"code": 18317}}, {"collection_date": "2015-08-19T15:05:08.352315+00:00", "source": {"name": "GPS"}, "method": {"name": "Taken with GPS Device"}, "coordinates": "{\"type\": \"Point\", \"coordinates\": [34.934123, 0.56694]}", "facility": {"code": 20333}}, {"collection_date": "2015-08-19T15:05:08.339193+00:00", "source": {"name": "DHMT"}, "method": {"name": "Taken with GPS Device"}, "coordinates": "{\"type\": \"Point\", \"coordinates\": [37.35489, -0.68278]}", "facility": {"code": 19842}}, {"collection_date": "2015-08-19T15:05:08.329435+00:00", "source": {"name": "DHMT"}, "method": {"name": "Taken with GPS Device"}, "coordinates": "{\"type\": \"Point\", \"coordinates\": [39.67165, -4.06535]}", "facility": {"code": 18870}}, {"collection_date": "2015-08-19T15:05:08.317128+00:00", "source": {"name": "SARAM 2013"}, "method": {"name": "Taken with GPS Device"}, "coordinates": "{\"type\": \"Point\", \"coordinates\": [37.86735, -2.40076]}", "facility": {"code": 18316}}, {"collection_date": "2015-08-19T15:05:08.309388+00:00", "source": {"name": "chirchir"}, "method": {"name": "Taken with GPS Device"}, "coordinates": "{\"type\": \"Point\", \"coordinates\": [36.89637, -1.20584]}", "facility": {"code": 19381}}, {"collection_date": "2015-08-19T15:05:08.117486+00:00", "source": {"name": "GPS"}, "method": {"name": "Taken with GPS Device"}, "coordinates": "{\"type\": \"Point\", \"coordinates\": [37.66695, 0.30433]}", "facility": {"code": 18869}}, {"collection_date": "2015-08-19T15:05:08.117440+00:00", "source": {"name": "DHMT"}, "method": {"name": "Taken with GPS Device"}, "coordinates": "{\"type\": \"Point\", \"coordinates\": [35.24521, 1.25108]}", "facility": {"code": 20330}}, {"collection_date": "2015-08-19T15:05:08.106874+00:00", "source": {"name": "DHRIO"}, "method": {"name": "Taken with GPS Device"}, "coordinates": "{\"type\": \"Point\", \"coordinates\": [36.76334, -1.39619]}", "facility": {"code": 18314}}, {"collection_date": "2015-08-19T15:05:08.095536+00:00", "source": {"name": "chirchir"}, "method": {"name": "Taken with GPS Device"}, "coordinates": "{\"type\": \"Point\", \"coordinates\": [36.89528, -1.20599]}", "facility": {"code": 19380}}, {"collection_date": "2015-08-19T15:05:08.085962+00:00", "source": {"name": "DHMT"}, "method": {"name": "Taken with GPS Device"}, "coordinates": "{\"type\": \"Point\", \"coordinates\": [37.35626, -0.6854]}", "facility": {"code": 19841}}, {"collection_date": "2015-08-19T15:05:07.993710+00:00", "source": {"name": "GPS"}, "method": {"name": "Taken with GPS Device"}, "coordinates": "{\"type\": \"Point\", \"coordinates\": [37.63261, 0.35899]}", "facility": {"code": 18868}}, {"collection_date": "2015-08-19T15:05:07.984660+00:00", "source": {"name": "HMIS"}, "method": {"name": "Taken with GPS Device"}, "coordinates": "{\"type\": \"Point\", \"coordinates\": [38.56269, -3.39118]}", "facility": {"code": 18313}}, {"collection_date": "2015-08-19T15:05:07.978360+00:00", "source": {"name": "DHMT"}, "method": {"name": "Taken with GPS Device"}, "coordinates": "{\"type\": \"Point\", \"coordinates\": [35.24494, 1.41479]}", "facility": {"code": 20329}}, {"collection_date": "2015-08-19T15:05:07.960169+00:00", "source": {"name": "DHMT"}, "method": {"name": "Taken with GPS Device"}, "coordinates": "{\"type\": \"Point\", \"coordinates\": [37.32264, -0.72136]}", "facility": {"code": 19840}}, {"collection_date": "2015-08-19T15:05:07.949974+00:00", "source": {"name": "chirchir"}, "method": {"name": "Taken with GPS Device"}, "coordinates": "{\"type\": \"Point\", \"coordinates\": [36.89432, -1.20859]}", "facility": {"code": 19379}}, {"collection_date": "2015-08-19T15:05:07.860963+00:00", "source": {"name": "SARAM 2013"}, "method": {"name": "Taken with GPS Device"}, "coordinates": "{\"type\": \"Point\", \"coordinates\": [34.97882, -0.38172]}", "facility": {"code": 18867}}, {"collection_date": "2015-08-19T15:05:07.849344+00:00", "source": {"name": "DHMT"}, "method": {"name": "Taken with GPS Device"}, "coordinates": "{\"type\": \"Point\", \"coordinates\": [35.32265, 1.50507]}", "facility": {"code": 20328}}, {"collection_date": "2015-08-19T15:05:07.841703+00:00", "source": {"name": "GPS"}, "method": {"name": "Taken with GPS Device"}, "coordinates": "{\"type\": \"Point\", \"coordinates\": [35.00407, 1.01365]}", "facility": {"code": 19839}}, {"collection_date": "2015-08-19T15:05:07.839855+00:00", "source": {"name": "HMIS"}, "method": {"name": "Taken with GPS Device"}, "coordinates": "{\"type\": \"Point\", \"coordinates\": [38.31577, -3.50014]}", "facility": {"code": 18312}}, {"collection_date": "2015-08-19T15:05:07.832107+00:00", "source": {"name": "chirchir"}, "method": {"name": "Taken with GPS Device"}, "coordinates": "{\"type\": \"Point\", \"coordinates\": [36.89414, -1.20694]}", "facility": {"code": 19378}}, {"collection_date": "2015-08-19T15:05:07.738134+00:00", "source": {"name": "SARAM 2013"}, "method": {"name": "Taken with GPS Device"}, "coordinates": "{\"type\": \"Point\", \"coordinates\": [34.91391, -0.38029]}", "facility": {"code": 18866}}, {"collection_date": "2015-08-19T15:05:07.726668+00:00", "source": {"name": "GPS"}, "method": {"name": "Taken with GPS Device"}, "coordinates": "{\"type\": \"Point\", \"coordinates\": [36.50896, -0.47165]}", "facility": {"code": 19837}}, {"collection_date": "2015-08-19T15:05:07.718778+00:00", "source": {"name": "DHMT"}, "method": {"name": "Taken with GPS Device"}, "coordinates": "{\"type\": \"Point\", \"coordinates\": [35.31326, 1.36266]}", "facility": {"code": 20327}}, {"collection_date": "2015-08-19T15:05:07.704544+00:00", "source": {"name": "SARAM 2013"}, "method": {"name": "Taken with GPS Device"}, "coordinates": "{\"type\": \"Point\", \"coordinates\": [39.64023, -4.07537]}", "facility": {"code": 18311}}, {"collection_date": "2015-08-19T15:05:07.695469+00:00", "source": {"name": "chirchir"}, "method": {"name": "Taken with GPS Device"}, "coordinates": "{\"type\": \"Point\", \"coordinates\": [36.86616, -1.25304]}", "facility": {"code": 19377}}, {"collection_date": "2015-08-19T15:05:07.619703+00:00", "source": {"name": "GPS"}, "method": {"name": "Taken with GPS Device"}, "coordinates": "{\"type\": \"Point\", \"coordinates\": [34.90544, -0.33879]}", "facility": {"code": 18865}}, {"collection_date": "2015-08-19T15:05:07.605246+00:00", "source": {"name": "GPS"}, "method": {"name": "Taken with GPS Device"}, "coordinates": "{\"type\": \"Point\", \"coordinates\": [36.57782, -0.60808]}", "facility": {"code": 19836}}, {"collection_date": "2015-08-19T15:05:07.571379+00:00", "source": {"name": "DHMT"}, "method": {"name": "Taken with GPS Device"}, "coordinates": "{\"type\": \"Point\", \"coordinates\": [36.77726, -1.31192]}", "facility": {"code": 20326}}, {"collection_date": "2015-08-19T15:05:07.550380+00:00", "source": {"name": "chirchir"}, "method": {"name": "Taken with GPS Device"}, "coordinates": "{\"type\": \"Point\", \"coordinates\": [36.86714, -1.25303]}", "facility": {"code": 19376}}, {"collection_date": "2015-08-19T15:05:07.549532+00:00", "source": {"name": "SARAM 2013"}, "method": {"name": "Taken with GPS Device"}, "coordinates": "{\"type\": \"Point\", \"coordinates\": [40.15056, -2.86116]}", "facility": {"code": 18309}}, {"collection_date": "2015-08-19T15:05:07.493737+00:00", "source": {"name": "GPS"}, "method": {"name": "Taken with GPS Device"}, "coordinates": "{\"type\": \"Point\", \"coordinates\": [37.89612, 0.01813]}", "facility": {"code": 18864}}, {"collection_date": "2015-08-19T15:05:07.465130+00:00", "source": {"name": "DHMT"}, "method": {"name": "Taken with GPS Device"}, "coordinates": "{\"type\": \"Point\", \"coordinates\": [36.77858, -1.313201]}", "facility": {"code": 20325}}, {"collection_date": "2015-08-19T15:05:07.464443+00:00", "source": {"name": "DHMT"}, "method": {"name": "Taken with GPS Device"}, "coordinates": "{\"type\": \"Point\", \"coordinates\": [37.35755, -0.68439]}", "facility": {"code": 19835}}, {"collection_date": "2015-08-19T15:05:07.350031+00:00", "source": {"name": "MOH"}, "method": {"name": "Taken with GPS Device"}, "coordinates": "{\"type\": \"Point\", \"coordinates\": [40.05168, -3.11752]}", "facility": {"code": 18308}}, {"collection_date": "2015-08-19T15:05:07.323691+00:00", "source": {"name": "chirchir"}, "method": {"name": "Taken with GPS Device"}, "coordinates": "{\"type\": \"Point\", \"coordinates\": [36.93402, -1.23512]}", "facility": {"code": 19375}}, {"collection_date": "2015-08-19T15:05:07.114639+00:00", "source": {"name": "GPS"}, "method": {"name": "Taken with GPS Device"}, "coordinates": "{\"type\": \"Point\", \"coordinates\": [37.85944, 0.04117]}", "facility": {"code": 18863}}, {"collection_date": "2015-08-19T15:05:07.073214+00:00", "source": {"name": "DHRIO"}, "method": {"name": "Taken with GPS Device"}, "coordinates": "{\"type\": \"Point\", \"coordinates\": [36.75833, -1.17446]}", "facility": {"code": 19834}}, {"collection_date": "2015-08-19T15:05:07.061533+00:00", "source": {"name": "GPS Mapping"}, "method": {"name": "Taken with GPS Device"}, "coordinates": "{\"type\": \"Point\", \"coordinates\": [37.65612, -1.99368]}", "facility": {"code": 20324}}, {"collection_date": "2015-08-19T15:05:07.036968+00:00", "source": {"name": "chirchir"}, "method": {"name": "Taken with GPS Device"}, "coordinates": "{\"type\": \"Point\", \"coordinates\": [36.8912, -1.21669]}", "facility": {"code": 19374}}, {"collection_date": "2015-08-19T15:05:07.014169+00:00", "source": {"name": "SARAM 2013"}, "method": {"name": "Taken with GPS Device"}, "coordinates": "{\"type\": \"Point\", \"coordinates\": [35.94384, -0.12594]}", "facility": {"code": 18307}}, {"collection_date": "2015-08-19T15:05:06.981169+00:00", "source": {"name": "GPS"}, "method": {"name": "Taken with GPS Device"}, "coordinates": "{\"type\": \"Point\", \"coordinates\": [36.68581, -1.08321]}", "facility": {"code": 18862}}, {"collection_date": "2015-08-19T15:05:06.976500+00:00", "source": {"name": "DHRIO"}, "method": {"name": "Taken with GPS Device"}, "coordinates": "{\"type\": \"Point\", \"coordinates\": [36.74285, -1.19475]}", "facility": {"code": 19833}}, {"collection_date": "2015-08-19T15:05:06.948603+00:00", "source": {"name": "GPS"}, "method": {"name": "Taken with GPS Device"}, "coordinates": "{\"type\": \"Point\", \"coordinates\": [34.94353, 0.84866]}", "facility": {"code": 20322}}], "model": "mfl_gis.FacilityCoordinates", "unique_fields": ["facility"]}]