[{"records": [{"collection_date": "2015-08-19T15:05:02.063257+00:00", "source": {"name": "GPS"}, "method": {"name": "Taken with GPS Device"}, "coordinates": "{\"type\": \"Point\", \"coordinates\": [36.69919, 1.10075]}", "facility": {"code": 19352}}, {"collection_date": "2015-08-19T15:05:02.051711+00:00", "source": {"name": "Aska Basweti"}, "method": {"name": "Taken with GPS Device"}, "coordinates": "{\"type\": \"Point\", \"coordinates\": [34.99952, 0.46382]}", "facility": {"code": 20293}}, {"collection_date": "2015-08-19T15:05:02.045223+00:00", "source": {"name": "DHMT"}, "method": {"name": "Taken with GPS Device"}, "coordinates": "{\"type\": \"Point\", \"coordinates\": [36.75034, -1.265889]}", "facility": {"code": 18281}}, {"collection_date": "2015-08-19T15:05:02.042481+00:00", "source": {"name": "DHMT"}, "method": {"name": "Taken with GPS Device"}, "coordinates": "{\"type\": \"Point\", \"coordinates\": [37.2368, -0.47598]}", "facility": {"code": 19811}}, {"collection_date": "2015-08-19T15:05:02.030905+00:00", "source": {"name": "mobile"}, "method": {"name": "Taken with GPS Device"}, "coordinates": "{\"type\": \"Point\", \"coordinates\": [36.94073, -1.38964]}", "facility": {"code": 18838}}, {"collection_date": "2015-08-19T15:05:01.942299+00:00", "source": {"name": "DHRIO"}, "method": {"name": "Taken with GPS Device"}, "coordinates": "{\"type\": \"Point\", \"coordinates\": [36.83439, -1.26728]}", "facility": {"code": 19351}}, {"collection_date": "2015-08-19T15:05:01.806623+00:00", "source": {"name": "Aska Basweti"}, "method": {"name": "Taken with GPS Device"}, "coordinates": "{\"type\": \"Point\", \"coordinates\": [34.96962, 0.45577]}", "facility": {"code": 20292}}, {"collection_date": "2015-08-19T15:05:01.796601+00:00", "source": {"name": "MOH"}, "method": {"name": "Taken with GPS Device"}, "coordinates": "{\"type\": \"Point\", \"coordinates\": [35.2346, -0.59717]}", "facility": {"code": 18280}}, {"collection_date": "2015-08-19T15:05:01.786446+00:00", "source": {"name": "DHMT"}, "method": {"name": "Taken with GPS Device"}, "coordinates": "{\"type\": \"Point\", \"coordinates\": [37.273, -0.47534]}", "facility": {"code": 19810}}, {"collection_date": "2015-08-19T15:05:01.784653+00:00", "source": {"name": "mobile"}, "method": {"name": "Taken with GPS Device"}, "coordinates": "{\"type\": \"Point\", \"coordinates\": [36.94023, -1.3897]}", "facility": {"code": 18837}}, {"collection_date": "2015-08-19T15:05:01.706983+00:00", "source": {"name": "Taken By DHRIO SARAM Project"}, "method": {"name": "Taken with GPS Device"}, "coordinates": "{\"type\": \"Point\", \"coordinates\": [37.72018, -2.21035]}", "facility": {"code": 19349}}, {"collection_date": "2015-08-19T15:05:01.701576+00:00", "source": {"name": "Aska Basweti"}, "method": {"name": "Taken with GPS Device"}, "coordinates": "{\"type\": \"Point\", \"coordinates\": [34.96354, 0.49196]}", "facility": {"code": 20291}}, {"collection_date": "2015-08-19T15:05:01.574989+00:00", "source": {"name": "others"}, "method": {"name": "Taken with GPS Device"}, "coordinates": "{\"type\": \"Point\", \"coordinates\": [36.61171, -1.11425]}", "facility": {"code": 18836}}, {"collection_date": "2015-08-19T15:05:01.565800+00:00", "source": {"name": "DHMT"}, "method": {"name": "Taken with GPS Device"}, "coordinates": "{\"type\": \"Point\", \"coordinates\": [35.74255, 0.494998]}", "facility": {"code": 18279}}, {"collection_date": "2015-08-19T15:05:01.529488+00:00", "source": {"name": "DHMT"}, "method": {"name": "Taken with GPS Device"}, "coordinates": "{\"type\": \"Point\", \"coordinates\": [37.28039, -0.5048]}", "facility": {"code": 19809}}, {"collection_date": "2015-08-19T15:05:01.519185+00:00", "source": {"name": "DHRIO"}, "method": {"name": "Taken with GPS Device"}, "coordinates": "{\"type\": \"Point\", \"coordinates\": [36.85065, -1.68942]}", "facility": {"code": 19348}}, {"collection_date": "2015-08-19T15:05:01.455406+00:00", "source": {"name": "Aska Basweti"}, "method": {"name": "Taken with GPS Device"}, "coordinates": "{\"type\": \"Point\", \"coordinates\": [34.98751, 0.55286]}", "facility": {"code": 20290}}, {"collection_date": "2015-08-19T15:05:01.443441+00:00", "source": {"name": "GPS"}, "method": {"name": "Taken with GPS Device"}, "coordinates": "{\"type\": \"Point\", \"coordinates\": [35.16853, 1.02893]}", "facility": {"code": 18835}}, {"collection_date": "2015-08-19T15:05:01.441465+00:00", "source": {"name": "DHMT"}, "method": {"name": "Taken with GPS Device"}, "coordinates": "{\"type\": \"Point\", \"coordinates\": [36.82851, -1.31598]}", "facility": {"code": 18278}}, {"collection_date": "2015-08-19T15:05:01.303794+00:00", "source": {"name": "GPS"}, "method": {"name": "Taken with GPS Device"}, "coordinates": "{\"type\": \"Point\", \"coordinates\": [36.61804, -0.81471]}", "facility": {"code": 19808}}, {"collection_date": "2015-08-19T15:05:01.283536+00:00", "source": {"name": "DHRIO"}, "method": {"name": "Taken with GPS Device"}, "coordinates": "{\"type\": \"Point\", \"coordinates\": [36.8482, -1.68846]}", "facility": {"code": 19347}}, {"collection_date": "2015-08-19T15:05:01.261787+00:00", "source": {"name": "Aska Basweti"}, "method": {"name": "Taken with GPS Device"}, "coordinates": "{\"type\": \"Point\", \"coordinates\": [34.95731, 0.52996]}", "facility": {"code": 20289}}, {"collection_date": "2015-08-19T15:05:01.194385+00:00", "source": {"name": "DHMT"}, "method": {"name": "Taken with GPS Device"}, "coordinates": "{\"type\": \"Point\", \"coordinates\": [36.85656, -1.30535]}", "facility": {"code": 18277}}, {"collection_date": "2015-08-19T15:05:01.194385+00:00", "source": {"name": "DHMT"}, "method": {"name": "Taken with GPS Device"}, "coordinates": "{\"type\": \"Point\", \"coordinates\": [34.81519, -0.06392]}", "facility": {"code": 18834}}, {"collection_date": "2015-08-19T15:05:01.187179+00:00", "source": {"name": "DHRIO"}, "method": {"name": "Taken with GPS Device"}, "coordinates": "{\"type\": \"Point\", \"coordinates\": [36.37399, -1.64272]}", "facility": {"code": 19346}}, {"collection_date": "2015-08-19T15:05:01.165861+00:00", "source": {"name": "GPS"}, "method": {"name": "Taken with GPS Device"}, "coordinates": "{\"type\": \"Point\", \"coordinates\": [36.57119, -0.87824]}", "facility": {"code": 19807}}, {"collection_date": "2015-08-19T15:05:01.049838+00:00", "source": {"name": "Ministry of Health"}, "method": {"name": "Taken with GPS Device"}, "coordinates": "{\"type\": \"Point\", \"coordinates\": [36.32373, -0.49987]}", "facility": {"code": 20288}}, {"collection_date": "2015-08-19T15:05:00.973348+00:00", "source": {"name": "SARAM 2013"}, "method": {"name": "Taken with GPS Device"}, "coordinates": "{\"type\": \"Point\", \"coordinates\": [36.89202, -1.27798]}", "facility": {"code": 18276}}, {"collection_date": "2015-08-19T15:05:00.964085+00:00", "source": {"name": "DHRIO"}, "method": {"name": "Taken with GPS Device"}, "coordinates": "{\"type\": \"Point\", \"coordinates\": [36.84864, -1.68761]}", "facility": {"code": 19345}}, {"collection_date": "2015-08-19T15:05:00.952804+00:00", "source": {"name": "DHMT"}, "method": {"name": "Taken with GPS Device"}, "coordinates": "{\"type\": \"Point\", \"coordinates\": [37.21525, -0.41296]}", "facility": {"code": 18833}}, {"collection_date": "2015-08-19T15:05:00.913586+00:00", "source": {"name": "GPS"}, "method": {"name": "Taken with GPS Device"}, "coordinates": "{\"type\": \"Point\", \"coordinates\": [36.56389, -0.87768]}", "facility": {"code": 19806}}, {"collection_date": "2015-08-19T15:05:00.895950+00:00", "source": {"name": "Ministry of Health"}, "method": {"name": "Taken with GPS Device"}, "coordinates": "{\"type\": \"Point\", \"coordinates\": [36.32462, 0.50086]}", "facility": {"code": 20287}}, {"collection_date": "2015-08-19T15:05:00.749572+00:00", "source": {"name": "DHMT"}, "method": {"name": "Taken with GPS Device"}, "coordinates": "{\"type\": \"Point\", \"coordinates\": [35.18089, 0.10507]}", "facility": {"code": 19344}}, {"collection_date": "2015-08-19T15:05:00.741339+00:00", "source": {"name": "SARAM 2013"}, "method": {"name": "Taken with GPS Device"}, "coordinates": "{\"type\": \"Point\", \"coordinates\": [34.73582, 0.12105]}", "facility": {"code": 18270}}, {"collection_date": "2015-08-19T15:05:00.727912+00:00", "source": {"name": "DHMT"}, "method": {"name": "Taken with GPS Device"}, "coordinates": "{\"type\": \"Point\", \"coordinates\": [37.2797, -0.50157]}", "facility": {"code": 18832}}, {"collection_date": "2015-08-19T15:05:00.693858+00:00", "source": {"name": "DHMT"}, "method": {"name": "Taken with GPS Device"}, "coordinates": "{\"type\": \"Point\", \"coordinates\": [36.94853, -0.42216]}", "facility": {"code": 19805}}, {"collection_date": "2015-08-19T15:05:00.660803+00:00", "source": {"name": "Ministry of Health"}, "method": {"name": "Taken with GPS Device"}, "coordinates": "{\"type\": \"Point\", \"coordinates\": [36.32534, 0.49861]}", "facility": {"code": 20286}}, {"collection_date": "2015-08-19T15:05:00.624722+00:00", "source": {"name": "DHRIO"}, "method": {"name": "Taken with GPS Device"}, "coordinates": "{\"type\": \"Point\", \"coordinates\": [36.95917, -1.47252]}", "facility": {"code": 19343}}, {"collection_date": "2015-08-19T15:05:00.597473+00:00", "source": {"name": "DHMT"}, "method": {"name": "Taken with GPS Device"}, "coordinates": "{\"type\": \"Point\", \"coordinates\": [37.81411, -0.54105]}", "facility": {"code": 18269}}, {"collection_date": "2015-08-19T15:05:00.588123+00:00", "source": {"name": "DHRIO"}, "method": {"name": "Taken with GPS Device"}, "coordinates": "{\"type\": \"Point\", \"coordinates\": [37.088572, 3.1835]}", "facility": {"code": 18831}}, {"collection_date": "2015-08-19T15:05:00.367799+00:00", "source": {"name": "GPS"}, "method": {"name": "Taken with GPS Device"}, "coordinates": "{\"type\": \"Point\", \"coordinates\": [36.56927, -0.73329]}", "facility": {"code": 19804}}, {"collection_date": "2015-08-19T15:05:00.253941+00:00", "source": {"name": "GPS"}, "method": {"name": "Taken with GPS Device"}, "coordinates": "{\"type\": \"Point\", \"coordinates\": [34.3, -0.423]}", "facility": {"code": 20285}}, {"collection_date": "2015-08-19T15:05:00.033763+00:00", "source": {"name": "DHMT"}, "method": {"name": "Taken with GPS Device"}, "coordinates": "{\"type\": \"Point\", \"coordinates\": [39.48301, -3.87523]}", "facility": {"code": 18267}}, {"collection_date": "2015-08-19T15:05:00.033588+00:00", "source": {"name": "SARAM 2013"}, "method": {"name": "Taken with GPS Device"}, "coordinates": "{\"type\": \"Point\", \"coordinates\": [34.77104, 0.11684]}", "facility": {"code": 19342}}, {"collection_date": "2015-08-19T15:04:59.920876+00:00", "source": {"name": "GPS"}, "method": {"name": "Taken with GPS Device"}, "coordinates": "{\"type\": \"Point\", \"coordinates\": [36.45191, -0.32544]}", "facility": {"code": 19803}}, {"collection_date": "2015-08-19T15:04:59.812084+00:00", "source": {"name": "DHRIO"}, "method": {"name": "Taken with GPS Device"}, "coordinates": "{\"type\": \"Point\", \"coordinates\": [38.09409, 3.10698]}", "facility": {"code": 18830}}, {"collection_date": "2015-08-19T15:04:59.562614+00:00", "source": {"name": "MOH"}, "method": {"name": "Taken with GPS Device"}, "coordinates": "{\"type\": \"Point\", \"coordinates\": [38.34205, -0.9197]}", "facility": {"code": 20284}}, {"collection_date": "2015-08-19T15:04:59.113280+00:00", "source": {"name": "SARAM 2013"}, "method": {"name": "Taken with GPS Device"}, "coordinates": "{\"type\": \"Point\", \"coordinates\": [36.10782, -0.28593]}", "facility": {"code": 18266}}, {"collection_date": "2015-08-19T15:04:59.111152+00:00", "source": {"name": "SARAM 2013"}, "method": {"name": "Taken with GPS Device"}, "coordinates": "{\"type\": \"Point\", \"coordinates\": [34.7962, 0.14272]}", "facility": {"code": 19341}}, {"collection_date": "2015-08-19T15:04:58.998604+00:00", "source": {"name": "DHMT"}, "method": {"name": "Taken with GPS Device"}, "coordinates": "{\"type\": \"Point\", \"coordinates\": [36.49255, 0.0165]}", "facility": {"code": 19802}}, {"collection_date": "2015-08-19T15:04:58.864695+00:00", "source": {"name": "SARAM 2013"}, "method": {"name": "Taken with GPS Device"}, "coordinates": "{\"type\": \"Point\", \"coordinates\": [36.3256, -0.50101]}", "facility": {"code": 18829}}, {"collection_date": "2015-08-19T15:04:58.730225+00:00", "source": {"name": "MOH"}, "method": {"name": "Taken with GPS Device"}, "coordinates": "{\"type\": \"Point\", \"coordinates\": [38.22925, -0.0851]}", "facility": {"code": 20283}}, {"collection_date": "2015-08-19T15:04:58.594662+00:00", "source": {"name": "GPS"}, "method": {"name": "Taken with GPS Device"}, "coordinates": "{\"type\": \"Point\", \"coordinates\": [36.60007, -0.77157]}", "facility": {"code": 19801}}, {"collection_date": "2015-08-19T15:04:58.594366+00:00", "source": {"name": "SARAM 2013"}, "method": {"name": "Taken with GPS Device"}, "coordinates": "{\"type\": \"Point\", \"coordinates\": [35.51324, -1.61362]}", "facility": {"code": 18265}}, {"collection_date": "2015-08-19T15:04:58.585719+00:00", "source": {"name": "SARAM 2013"}, "method": {"name": "Taken with GPS Device"}, "coordinates": "{\"type\": \"Point\", \"coordinates\": [34.76703, 0.08126]}", "facility": {"code": 19340}}, {"collection_date": "2015-08-19T15:04:58.462265+00:00", "source": {"name": "MOH"}, "method": {"name": "Taken with GPS Device"}, "coordinates": "{\"type\": \"Point\", \"coordinates\": [36.89465, -1.20876]}", "facility": {"code": 18828}}, {"collection_date": "2015-08-19T15:04:58.330393+00:00", "source": {"name": "DHMT"}, "method": {"name": "Taken with GPS Device"}, "coordinates": "{\"type\": \"Point\", \"coordinates\": [36.06348, -0.28312]}", "facility": {"code": 20282}}, {"collection_date": "2015-08-19T15:04:58.215279+00:00", "source": {"name": "SARAM 2013"}, "method": {"name": "Taken with GPS Device"}, "coordinates": "{\"type\": \"Point\", \"coordinates\": [34.28706, 0.05147]}", "facility": {"code": 18264}}, {"collection_date": "2015-08-19T15:04:58.196039+00:00", "source": {"name": "DHMT"}, "method": {"name": "Taken with GPS Device"}, "coordinates": "{\"type\": \"Point\", \"coordinates\": [36.29082, -0.03999]}", "facility": {"code": 19800}}, {"collection_date": "2015-08-19T15:04:58.195729+00:00", "source": {"name": "SARAM 2013"}, "method": {"name": "Taken with GPS Device"}, "coordinates": "{\"type\": \"Point\", \"coordinates\": [34.76868, 0.11642]}", "facility": {"code": 19339}}, {"collection_date": "2015-08-19T15:04:58.085191+00:00", "source": {"name": "MOH"}, "method": {"name": "Taken with GPS Device"}, "coordinates": "{\"type\": \"Point\", \"coordinates\": [36.88275, -1.25649]}", "facility": {"code": 18827}}, {"collection_date": "2015-08-19T15:04:57.931651+00:00", "source": {"name": "SCHMT"}, "method": {"name": "Taken with GPS Device"}, "coordinates": "{\"type\": \"Point\", \"coordinates\": [39.72427, -4.01352]}", "facility": {"code": 20281}}, {"collection_date": "2015-08-19T15:04:57.923897+00:00", "source": {"name": "DHMT"}, "method": {"name": "Taken with GPS Device"}, "coordinates": "{\"type\": \"Point\", \"coordinates\": [39.60708, -3.85514]}", "facility": {"code": 18263}}, {"collection_date": "2015-08-19T15:04:57.803481+00:00", "source": {"name": "DHMT"}, "method": {"name": "Taken with GPS Device"}, "coordinates": "{\"type\": \"Point\", \"coordinates\": [36.95241, -0.42417]}", "facility": {"code": 19799}}, {"collection_date": "2015-08-19T15:04:57.797002+00:00", "source": {"name": "SARAM"}, "method": {"name": "Taken with GPS Device"}, "coordinates": "{\"type\": \"Point\", \"coordinates\": [36.79447, -2.09957]}", "facility": {"code": 19338}}, {"collection_date": "2015-08-19T15:04:57.791687+00:00", "source": {"name": "SARAM 2013"}, "method": {"name": "Taken with GPS Device"}, "coordinates": "{\"type\": \"Point\", \"coordinates\": [34.59612, 0.17092]}", "facility": {"code": 18826}}, {"collection_date": "2015-08-19T15:04:57.654019+00:00", "source": {"name": "MOH"}, "method": {"name": "Taken with GPS Device"}, "coordinates": "{\"type\": \"Point\", \"coordinates\": [38.35623, -0.99936]}", "facility": {"code": 20279}}, {"collection_date": "2015-08-19T15:04:57.637082+00:00", "source": {"name": "GPS"}, "method": {"name": "Taken with GPS Device"}, "coordinates": "{\"type\": \"Point\", \"coordinates\": [37.46138, -2.07437]}", "facility": {"code": 18260}}, {"collection_date": "2015-08-19T15:04:57.626276+00:00", "source": {"name": "GPRS"}, "method": {"name": "Taken with GPS Device"}, "coordinates": "{\"type\": \"Point\", \"coordinates\": [34.4888, 0.3789]}", "facility": {"code": 18825}}, {"collection_date": "2015-08-19T15:04:57.621734+00:00", "source": {"name": "GPS"}, "method": {"name": "Taken with GPS Device"}, "coordinates": "{\"type\": \"Point\", \"coordinates\": [36.62788, -0.73379]}", "facility": {"code": 19798}}, {"collection_date": "2015-08-19T15:04:57.470096+00:00", "source": {"name": "SARAM"}, "method": {"name": "Taken with GPS Device"}, "coordinates": "{\"type\": \"Point\", \"coordinates\": [36.79734, -2.55055]}", "facility": {"code": 19337}}, {"collection_date": "2015-08-19T15:04:57.458614+00:00", "source": {"name": "MOH"}, "method": {"name": "Taken with GPS Device"}, "coordinates": "{\"type\": \"Point\", \"coordinates\": [38.364411, -1.05282]}", "facility": {"code": 20278}}, {"collection_date": "2015-08-19T15:04:57.330515+00:00", "source": {"name": "SARAM 2013"}, "method": {"name": "Taken with GPS Device"}, "coordinates": "{\"type\": \"Point\", \"coordinates\": [34.18606, 0.21003]}", "facility": {"code": 18259}}, {"collection_date": "2015-08-19T15:04:57.128437+00:00", "source": {"name": "DHMT"}, "method": {"name": "Taken with GPS Device"}, "coordinates": "{\"type\": \"Point\", \"coordinates\": [36.95882, -0.42172]}", "facility": {"code": 19797}}, {"collection_date": "2015-08-19T15:04:57.113047+00:00", "source": {"name": "MOH Gilgi"}, "method": {"name": "Taken with GPS Device"}, "coordinates": "{\"type\": \"Point\", \"coordinates\": [36.22425, -0.34838]}", "facility": {"code": 18824}}, {"collection_date": "2015-08-19T15:04:57.080227+00:00", "source": {"name": "DHMT"}, "method": {"name": "Taken with GPS Device"}, "coordinates": "{\"type\": \"Point\", \"coordinates\": [36.43354, -0.71459]}", "facility": {"code": 19336}}, {"collection_date": "2015-08-19T15:04:57.063222+00:00", "source": {"name": "MOH"}, "method": {"name": "Taken with GPS Device"}, "coordinates": "{\"type\": \"Point\", \"coordinates\": [38.36379, -1.05364]}", "facility": {"code": 20277}}, {"collection_date": "2015-08-19T15:04:56.900606+00:00", "source": {"name": "00"}, "method": {"name": "Taken with GPS Device"}, "coordinates": "{\"type\": \"Point\", \"coordinates\": [37.65416, -0.33059]}", "facility": {"code": 18822}}, {"collection_date": "2015-08-19T15:04:56.894301+00:00", "source": {"name": "DHRIO"}, "method": {"name": "Taken with GPS Device"}, "coordinates": "{\"type\": \"Point\", \"coordinates\": [36.67954, -1.38622]}", "facility": {"code": 18258}}, {"collection_date": "2015-08-19T15:04:56.893172+00:00", "source": {"name": "DHMT"}, "method": {"name": "Taken with GPS Device"}, "coordinates": "{\"type\": \"Point\", \"coordinates\": [36.37509, -0.27367]}", "facility": {"code": 19796}}, {"collection_date": "2015-08-19T15:04:56.883250+00:00", "source": {"name": "DMHT"}, "method": {"name": "Taken with GPS Device"}, "coordinates": "{\"type\": \"Point\", \"coordinates\": [36.43354, -0.71459]}", "facility": {"code": 19335}}, {"collection_date": "2015-08-19T15:04:56.704216+00:00", "source": {"name": "DHMT"}, "method": {"name": "Taken with GPS Device"}, "coordinates": "{\"type\": \"Point\", \"coordinates\": [36.92525, -1.26319]}", "facility": {"code": 20276}}, {"collection_date": "2015-08-19T15:04:56.697904+00:00", "source": {"name": "DHMT"}, "method": {"name": "Taken with GPS Device"}, "coordinates": "{\"type\": \"Point\", \"coordinates\": [36.95882, -0.42592]}", "facility": {"code": 19795}}, {"collection_date": "2015-08-19T15:04:56.684963+00:00", "source": {"name": "SARAM 2013"}, "method": {"name": "Taken with GPS Device"}, "coordinates": "{\"type\": \"Point\", \"coordinates\": [36.94334, -1.3993]}", "facility": {"code": 18257}}, {"collection_date": "2015-08-19T15:04:56.681704+00:00", "source": {"name": "GIS"}, "method": {"name": "Taken with GPS Device"}, "coordinates": "{\"type\": \"Point\", \"coordinates\": [38.05986, 2.3181]}", "facility": {"code": 18820}}, {"collection_date": "2015-08-19T15:04:56.661145+00:00", "source": {"name": "DHMT"}, "method": {"name": "Taken with GPS Device"}, "coordinates": "{\"type\": \"Point\", \"coordinates\": [36.44558, -0.72609]}", "facility": {"code": 19334}}, {"collection_date": "2015-08-19T15:04:56.523996+00:00", "source": {"name": "DHMT"}, "method": {"name": "Taken with GPS Device"}, "coordinates": "{\"type\": \"Point\", \"coordinates\": [36.37921, -0.13267]}", "facility": {"code": 19794}}, {"collection_date": "2015-08-19T15:04:56.516309+00:00", "source": {"name": "MOH"}, "method": {"name": "Taken with GPS Device"}, "coordinates": "{\"type\": \"Point\", \"coordinates\": [38.36255, -0.85576]}", "facility": {"code": 20275}}, {"collection_date": "2015-08-19T15:04:56.502595+00:00", "source": {"name": "mobile"}, "method": {"name": "Taken with GPS Device"}, "coordinates": "{\"type\": \"Point\", \"coordinates\": [36.946, -1.39869]}", "facility": {"code": 18819}}, {"collection_date": "2015-08-19T15:04:56.502158+00:00", "source": {"name": "SARAM 2013"}, "method": {"name": "Taken with GPS Device"}, "coordinates": "{\"type\": \"Point\", \"coordinates\": [36.93695, -1.38893]}", "facility": {"code": 18256}}, {"collection_date": "2015-08-19T15:04:56.315344+00:00", "source": {"name": "GPS"}, "method": {"name": "Taken with GPS Device"}, "coordinates": "{\"type\": \"Point\", \"coordinates\": [36.50786, -0.4713]}", "facility": {"code": 19792}}, {"collection_date": "2015-08-19T15:04:56.313454+00:00", "source": {"name": "chirchir"}, "method": {"name": "Taken with GPS Device"}, "coordinates": "{\"type\": \"Point\", \"coordinates\": [36.89472, -1.20683]}", "facility": {"code": 19333}}, {"collection_date": "2015-08-19T15:04:56.304995+00:00", "source": {"name": "SARAM 2013"}, "method": {"name": "Taken with GPS Device"}, "coordinates": "{\"type\": \"Point\", \"coordinates\": [36.9378, -1.39303]}", "facility": {"code": 18255}}, {"collection_date": "2015-08-19T15:04:56.304741+00:00", "source": {"name": "SCHMT"}, "method": {"name": "Taken with GPS Device"}, "coordinates": "{\"type\": \"Point\", \"coordinates\": [37.97725, -1.31142]}", "facility": {"code": 20274}}, {"collection_date": "2015-08-19T15:04:56.293170+00:00", "source": {"name": "DHMT"}, "method": {"name": "Taken with GPS Device"}, "coordinates": "{\"type\": \"Point\", \"coordinates\": [36.06528, -0.28633]}", "facility": {"code": 18817}}, {"collection_date": "2015-08-19T15:04:56.090646+00:00", "source": {"name": "chirchir"}, "method": {"name": "Taken with GPS Device"}, "coordinates": "{\"type\": \"Point\", \"coordinates\": [36.90372, -1.18332]}", "facility": {"code": 19332}}, {"collection_date": "2015-08-19T15:04:56.072205+00:00", "source": {"name": "SARAM 2013"}, "method": {"name": "Taken with GPS Device"}, "coordinates": "{\"type\": \"Point\", \"coordinates\": [36.97398, -1.4582]}", "facility": {"code": 18254}}, {"collection_date": "2015-08-19T15:04:56.071357+00:00", "source": {"name": "SCHMT"}, "method": {"name": "Taken with GPS Device"}, "coordinates": "{\"type\": \"Point\", \"coordinates\": [37.00693, -1.12847]}", "facility": {"code": 20273}}, {"collection_date": "2015-08-19T15:04:56.057805+00:00", "source": {"name": "GPS"}, "method": {"name": "Taken with GPS Device"}, "coordinates": "{\"type\": \"Point\", \"coordinates\": [36.492, -0.39978]}", "facility": {"code": 19791}}], "model": "mfl_gis.FacilityCoordinates", "unique_fields": ["facility"]}]