[{"records": [{"collection_date": "2015-08-19T15:04:55.882469+00:00", "source": {"name": "DHRIO"}, "method": {"name": "Taken with GPS Device"}, "coordinates": "{\"type\": \"Point\", \"coordinates\": [36.82707, -1.28514]}", "facility": {"code": 19331}}, {"collection_date": "2015-08-19T15:04:55.869106+00:00", "source": {"name": "SCHMT"}, "method": {"name": "Taken with GPS Device"}, "coordinates": "{\"type\": \"Point\", \"coordinates\": [36.97006, -1.04966]}", "facility": {"code": 20272}}, {"collection_date": "2015-08-19T15:04:55.836907+00:00", "source": {"name": "SARAM 2013"}, "method": {"name": "Taken with GPS Device"}, "coordinates": "{\"type\": \"Point\", \"coordinates\": [36.62804, -0.73414]}", "facility": {"code": 19790}}, {"collection_date": "2015-08-19T15:04:55.823847+00:00", "source": {"name": "SARAM 2013"}, "method": {"name": "Taken with GPS Device"}, "coordinates": "{\"type\": \"Point\", \"coordinates\": [36.97468, -1.45542]}", "facility": {"code": 18253}}, {"collection_date": "2015-08-19T15:04:55.809940+00:00", "source": {"name": "GPS"}, "method": {"name": "Taken with GPS Device"}, "coordinates": "{\"type\": \"Point\", \"coordinates\": [34.50601, 0.29934]}", "facility": {"code": 18815}}, {"collection_date": "2015-08-19T15:04:55.640612+00:00", "source": {"name": "DHRIO"}, "method": {"name": "Taken with GPS Device"}, "coordinates": "{\"type\": \"Point\", \"coordinates\": [37.76967, -2.07199]}", "facility": {"code": 20271}}, {"collection_date": "2015-08-19T15:04:55.601729+00:00", "source": {"name": "GPS"}, "method": {"name": "Taken with GPS Device"}, "coordinates": "{\"type\": \"Point\", \"coordinates\": [36.6322, -0.78388]}", "facility": {"code": 19789}}, {"collection_date": "2015-08-19T15:04:55.591202+00:00", "source": {"name": "DHMT"}, "method": {"name": "Taken with GPS Device"}, "coordinates": "{\"type\": \"Point\", \"coordinates\": [37.2674, -1.7544]}", "facility": {"code": 18252}}, {"collection_date": "2015-08-19T15:04:55.580673+00:00", "source": {"name": "1556"}, "method": {"name": "Taken with GPS Device"}, "coordinates": "{\"type\": \"Point\", \"coordinates\": [36.79125, -2.09585]}", "facility": {"code": 19329}}, {"collection_date": "2015-08-19T15:04:55.446620+00:00", "source": {"name": "DHRIO"}, "method": {"name": "Taken with GPS Device"}, "coordinates": "{\"type\": \"Point\", \"coordinates\": [37.82541, -1.99084]}", "facility": {"code": 20270}}, {"collection_date": "2015-08-19T15:04:55.416656+00:00", "source": {"name": "GPS"}, "method": {"name": "Taken with GPS Device"}, "coordinates": "{\"type\": \"Point\", \"coordinates\": [35.51874, 3.32005]}", "facility": {"code": 18813}}, {"collection_date": "2015-08-19T15:04:55.363593+00:00", "source": {"name": "SARAM 2013"}, "method": {"name": "Taken with GPS Device"}, "coordinates": "{\"type\": \"Point\", \"coordinates\": [34.87885, -1.00974]}", "facility": {"code": 18251}}, {"collection_date": "2015-08-19T15:04:55.349647+00:00", "source": {"name": "GPS"}, "method": {"name": "Taken with GPS Device"}, "coordinates": "{\"type\": \"Point\", \"coordinates\": [36.58766, 1.02566]}", "facility": {"code": 19788}}, {"collection_date": "2015-08-19T15:04:55.346841+00:00", "source": {"name": "SARAM"}, "method": {"name": "Taken with GPS Device"}, "coordinates": "{\"type\": \"Point\", \"coordinates\": [36.66874, -2.23784]}", "facility": {"code": 19327}}, {"collection_date": "2015-08-19T15:04:55.333756+00:00", "source": {"name": "DHRIO"}, "method": {"name": "Taken with GPS Device"}, "coordinates": "{\"type\": \"Point\", \"coordinates\": [37.82723, -2.10633]}", "facility": {"code": 20269}}, {"collection_date": "2015-08-19T15:04:55.180083+00:00", "source": {"name": "GPS"}, "method": {"name": "Taken with GPS Device"}, "coordinates": "{\"type\": \"Point\", \"coordinates\": [36.69625, 1.0973]}", "facility": {"code": 18812}}, {"collection_date": "2015-08-19T15:04:55.155583+00:00", "source": {"name": "DHMT"}, "method": {"name": "Taken with GPS Device"}, "coordinates": "{\"type\": \"Point\", \"coordinates\": [35.02598, 0.02552]}", "facility": {"code": 19326}}, {"collection_date": "2015-08-19T15:04:55.148689+00:00", "source": {"name": "DHMT"}, "method": {"name": "Taken with GPS Device"}, "coordinates": "{\"type\": \"Point\", \"coordinates\": [34.57652, -0.10116]}", "facility": {"code": 18250}}, {"collection_date": "2015-08-19T15:04:55.089584+00:00", "source": {"name": "GPS"}, "method": {"name": "Taken with GPS Device"}, "coordinates": "{\"type\": \"Point\", \"coordinates\": [36.57848, -0.60867]}", "facility": {"code": 19787}}, {"collection_date": "2015-08-19T15:04:55.081018+00:00", "source": {"name": "DHMT"}, "method": {"name": "Taken with GPS Device"}, "coordinates": "{\"type\": \"Point\", \"coordinates\": [38.155, -0.73978]}", "facility": {"code": 20268}}, {"collection_date": "2015-08-19T15:04:55.056307+00:00", "source": {"name": "DHRIO-NZAUI"}, "method": {"name": "Taken with GPS Device"}, "coordinates": "{\"type\": \"Point\", \"coordinates\": [37.59554, -1.98491]}", "facility": {"code": 18811}}, {"collection_date": "2015-08-19T15:04:54.944584+00:00", "source": {"name": "MOH"}, "method": {"name": "Taken with GPS Device"}, "coordinates": "{\"type\": \"Point\", \"coordinates\": [35.71884, 0.04973]}", "facility": {"code": 19324}}, {"collection_date": "2015-08-19T15:04:54.935126+00:00", "source": {"name": "GPS"}, "method": {"name": "Taken with GPS Device"}, "coordinates": "{\"type\": \"Point\", \"coordinates\": [37.36264, -0.858839]}", "facility": {"code": 18248}}, {"collection_date": "2015-08-19T15:04:54.910530+00:00", "source": {"name": "DHMT"}, "method": {"name": "Taken with GPS Device"}, "coordinates": "{\"type\": \"Point\", \"coordinates\": [38.13526, -0.83837]}", "facility": {"code": 20267}}, {"collection_date": "2015-08-19T15:04:54.881371+00:00", "source": {"name": "GPS"}, "method": {"name": "Taken with GPS Device"}, "coordinates": "{\"type\": \"Point\", \"coordinates\": [36.56478, -0.54273]}", "facility": {"code": 19786}}, {"collection_date": "2015-08-19T15:04:54.834665+00:00", "source": {"name": "DHMT"}, "method": {"name": "Taken with GPS Device"}, "coordinates": "{\"type\": \"Point\", \"coordinates\": [39.68699, -4.01619]}", "facility": {"code": 18810}}, {"collection_date": "2015-08-19T15:04:54.831187+00:00", "source": {"name": "MOH"}, "method": {"name": "Taken with GPS Device"}, "coordinates": "{\"type\": \"Point\", \"coordinates\": [35.72615, 0.0485]}", "facility": {"code": 19323}}, {"collection_date": "2015-08-19T15:04:54.688316+00:00", "source": {"name": "SARAM"}, "method": {"name": "Taken with GPS Device"}, "coordinates": "{\"type\": \"Point\", \"coordinates\": [37.2339, -1.53598]}", "facility": {"code": 18247}}, {"collection_date": "2015-08-19T15:04:54.668129+00:00", "source": {"name": "DHMT"}, "method": {"name": "Taken with GPS Device"}, "coordinates": "{\"type\": \"Point\", \"coordinates\": [36.94935, -0.42115]}", "facility": {"code": 19785}}, {"collection_date": "2015-08-19T15:04:54.654206+00:00", "source": {"name": "DHMT"}, "method": {"name": "Taken with GPS Device"}, "coordinates": "{\"type\": \"Point\", \"coordinates\": [38.05235, -0.7478]}", "facility": {"code": 20266}}, {"collection_date": "2015-08-19T15:04:54.622595+00:00", "source": {"name": "MOH"}, "method": {"name": "Taken with GPS Device"}, "coordinates": "{\"type\": \"Point\", \"coordinates\": [35.73211, 0.05549]}", "facility": {"code": 19322}}, {"collection_date": "2015-08-19T15:04:54.564592+00:00", "source": {"name": "SARAM"}, "method": {"name": "Taken with GPS Device"}, "coordinates": "{\"type\": \"Point\", \"coordinates\": [37.358442, -1.54873]}", "facility": {"code": 18246}}, {"collection_date": "2015-08-19T15:04:54.563093+00:00", "source": {"name": "DHRIO-NZAUI"}, "method": {"name": "Taken with GPS Device"}, "coordinates": "{\"type\": \"Point\", \"coordinates\": [37.54018, -2.05578]}", "facility": {"code": 18809}}, {"collection_date": "2015-08-19T15:04:54.545360+00:00", "source": {"name": "DHMT"}, "method": {"name": "Taken with GPS Device"}, "coordinates": "{\"type\": \"Point\", \"coordinates\": [36.9562, -0.41103]}", "facility": {"code": 19784}}, {"collection_date": "2015-08-19T15:04:54.538954+00:00", "source": {"name": "Ministry of Health"}, "method": {"name": "Taken with GPS Device"}, "coordinates": "{\"type\": \"Point\", \"coordinates\": [36.21398, -0.35429]}", "facility": {"code": 20265}}, {"collection_date": "2015-08-19T15:04:54.375302+00:00", "source": {"name": "MOH"}, "method": {"name": "Taken with GPS Device"}, "coordinates": "{\"type\": \"Point\", \"coordinates\": [35.72456, 0.04847]}", "facility": {"code": 19321}}, {"collection_date": "2015-08-19T15:04:54.360059+00:00", "source": {"name": "SARAM"}, "method": {"name": "Taken with GPS Device"}, "coordinates": "{\"type\": \"Point\", \"coordinates\": [37.16304, -0.50622]}", "facility": {"code": 18245}}, {"collection_date": "2015-08-19T15:04:54.314348+00:00", "source": {"name": "DHMT"}, "method": {"name": "Taken with GPS Device"}, "coordinates": "{\"type\": \"Point\", \"coordinates\": [36.95192, -0.42179]}", "facility": {"code": 19783}}, {"collection_date": "2015-08-19T15:04:54.300003+00:00", "source": {"name": "GPS"}, "method": {"name": "Taken with GPS Device"}, "coordinates": "{\"type\": \"Point\", \"coordinates\": [36.8478, -1.27978]}", "facility": {"code": 20264}}, {"collection_date": "2015-08-19T15:04:54.299817+00:00", "source": {"name": "DHMT"}, "method": {"name": "Taken with GPS Device"}, "coordinates": "{\"type\": \"Point\", \"coordinates\": [40.61069, 1.58154]}", "facility": {"code": 18808}}, {"collection_date": "2015-08-19T15:04:54.106144+00:00", "source": {"name": "Taken By DHRIO SARAM Project"}, "method": {"name": "Taken with GPS Device"}, "coordinates": "{\"type\": \"Point\", \"coordinates\": [37.82754, -2.27788]}", "facility": {"code": 19320}}, {"collection_date": "2015-08-19T15:04:54.090147+00:00", "source": {"name": "SARAM"}, "method": {"name": "Taken with GPS Device"}, "coordinates": "{\"type\": \"Point\", \"coordinates\": [37.40467, -1.56021]}", "facility": {"code": 18244}}, {"collection_date": "2015-08-19T15:04:54.078467+00:00", "source": {"name": "DHMT"}, "method": {"name": "Taken with GPS Device"}, "coordinates": "{\"type\": \"Point\", \"coordinates\": [36.95478, -0.42758]}", "facility": {"code": 19782}}, {"collection_date": "2015-08-19T15:04:54.030985+00:00", "source": {"name": "GPS"}, "method": {"name": "Taken with GPS Device"}, "coordinates": "{\"type\": \"Point\", \"coordinates\": [36.79911, -1.29467]}", "facility": {"code": 18807}}, {"collection_date": "2015-08-19T15:04:54.013982+00:00", "source": {"name": "DHMT"}, "method": {"name": "Taken with GPS Device"}, "coordinates": "{\"type\": \"Point\", \"coordinates\": [38.06256, -0.94122]}", "facility": {"code": 20263}}, {"collection_date": "2015-08-19T15:04:53.996414+00:00", "source": {"name": "DHRIO"}, "method": {"name": "Taken with GPS Device"}, "coordinates": "{\"type\": \"Point\", \"coordinates\": [36.82198, -1.28562]}", "facility": {"code": 19319}}, {"collection_date": "2015-08-19T15:04:53.953980+00:00", "source": {"name": "SARAM 2013"}, "method": {"name": "Taken with GPS Device"}, "coordinates": "{\"type\": \"Point\", \"coordinates\": [34.95079, 0.18967]}", "facility": {"code": 18243}}, {"collection_date": "2015-08-19T15:04:53.946495+00:00", "source": {"name": "DHMT"}, "method": {"name": "Taken with GPS Device"}, "coordinates": "{\"type\": \"Point\", \"coordinates\": [36.95046, -0.42196]}", "facility": {"code": 19781}}, {"collection_date": "2015-08-19T15:04:53.791914+00:00", "source": {"name": "GPS gatchet"}, "method": {"name": "Taken with GPS Device"}, "coordinates": "{\"type\": \"Point\", \"coordinates\": [37.26762, -1.52252]}", "facility": {"code": 20262}}, {"collection_date": "2015-08-19T15:04:53.778767+00:00", "source": {"name": "DHMT"}, "method": {"name": "Taken with GPS Device"}, "coordinates": "{\"type\": \"Point\", \"coordinates\": [36.55621, -1.11864]}", "facility": {"code": 18806}}, {"collection_date": "2015-08-19T15:04:53.766299+00:00", "source": {"name": "DHRIO"}, "method": {"name": "Taken with GPS Device"}, "coordinates": "{\"type\": \"Point\", \"coordinates\": [36.84026, -1.27205]}", "facility": {"code": 19318}}, {"collection_date": "2015-08-19T15:04:53.742330+00:00", "source": {"name": "SARAM 2013"}, "method": {"name": "Taken with GPS Device"}, "coordinates": "{\"type\": \"Point\", \"coordinates\": [34.75344, 0.247]}", "facility": {"code": 18240}}, {"collection_date": "2015-08-19T15:04:53.732655+00:00", "source": {"name": "DHMT"}, "method": {"name": "Taken with GPS Device"}, "coordinates": "{\"type\": \"Point\", \"coordinates\": [36.94874, -0.42112]}", "facility": {"code": 19780}}, {"collection_date": "2015-08-19T15:04:53.653045+00:00", "source": {"name": "GPS"}, "method": {"name": "Taken with GPS Device"}, "coordinates": "{\"type\": \"Point\", \"coordinates\": [36.7558, -1.27617]}", "facility": {"code": 18805}}, {"collection_date": "2015-08-19T15:04:53.648774+00:00", "source": {"name": "GP 60"}, "method": {"name": "Taken with GPS Device"}, "coordinates": "{\"type\": \"Point\", \"coordinates\": [37.94775, -1.49497]}", "facility": {"code": 20261}}, {"collection_date": "2015-08-19T15:04:53.645726+00:00", "source": {"name": "DHRIO"}, "method": {"name": "Taken with GPS Device"}, "coordinates": "{\"type\": \"Point\", \"coordinates\": [36.84082, -1.26986]}", "facility": {"code": 19316}}, {"collection_date": "2015-08-19T15:04:53.632282+00:00", "source": {"name": "SARAM 2013"}, "method": {"name": "Taken with GPS Device"}, "coordinates": "{\"type\": \"Point\", \"coordinates\": [37.45203, -0.53439]}", "facility": {"code": 18239}}, {"collection_date": "2015-08-19T15:04:53.476388+00:00", "source": {"name": "DHMT"}, "method": {"name": "Taken with GPS Device"}, "coordinates": "{\"type\": \"Point\", \"coordinates\": [36.95522, -0.42628]}", "facility": {"code": 19779}}, {"collection_date": "2015-08-19T15:04:53.442348+00:00", "source": {"name": "Reception"}, "method": {"name": "Taken with GPS Device"}, "coordinates": "{\"type\": \"Point\", \"coordinates\": [38.11635, -1.59188]}", "facility": {"code": 20260}}, {"collection_date": "2015-08-19T15:04:53.431849+00:00", "source": {"name": "GPRS"}, "method": {"name": "Taken with GPS Device"}, "coordinates": "{\"type\": \"Point\", \"coordinates\": [35.706, 0.04204]}", "facility": {"code": 19315}}, {"collection_date": "2015-08-19T15:04:53.409455+00:00", "source": {"name": "GPS"}, "method": {"name": "Taken with GPS Device"}, "coordinates": "{\"type\": \"Point\", \"coordinates\": [34.50681, 0.29334]}", "facility": {"code": 18802}}, {"collection_date": "2015-08-19T15:04:53.398807+00:00", "source": {"name": "DHRIO"}, "method": {"name": "Taken with GPS Device"}, "coordinates": "{\"type\": \"Point\", \"coordinates\": [36.66262, -1.35895]}", "facility": {"code": 18238}}, {"collection_date": "2015-08-19T15:04:53.336522+00:00", "source": {"name": "DHMT"}, "method": {"name": "Taken with GPS Device"}, "coordinates": "{\"type\": \"Point\", \"coordinates\": [37.01458, -0.40493]}", "facility": {"code": 19778}}, {"collection_date": "2015-08-19T15:04:53.320716+00:00", "source": {"name": "DHMT"}, "method": {"name": "Taken with GPS Device"}, "coordinates": "{\"type\": \"Point\", \"coordinates\": [36.07517, -0.28312]}", "facility": {"code": 20259}}, {"collection_date": "2015-08-19T15:04:53.173951+00:00", "source": {"name": "DHMT"}, "method": {"name": "Taken with GPS Device"}, "coordinates": "{\"type\": \"Point\", \"coordinates\": [39.21363, 0.0]}", "facility": {"code": 18801}}, {"collection_date": "2015-08-19T15:04:53.153705+00:00", "source": {"name": "SARAM 2013"}, "method": {"name": "Taken with GPS Device"}, "coordinates": "{\"type\": \"Point\", \"coordinates\": [37.5064, -0.4697]}", "facility": {"code": 18237}}, {"collection_date": "2015-08-19T15:04:53.144602+00:00", "source": {"name": "DHRIO"}, "method": {"name": "Taken with GPS Device"}, "coordinates": "{\"type\": \"Point\", \"coordinates\": [36.83989, -1.26966]}", "facility": {"code": 19314}}, {"collection_date": "2015-08-19T15:04:53.121274+00:00", "source": {"name": "DHMT"}, "method": {"name": "Taken with GPS Device"}, "coordinates": "{\"type\": \"Point\", \"coordinates\": [36.9164, -0.40083]}", "facility": {"code": 19777}}, {"collection_date": "2015-08-19T15:04:53.055829+00:00", "source": {"name": "MOH"}, "method": {"name": "Taken with GPS Device"}, "coordinates": "{\"type\": \"Point\", \"coordinates\": [38.15654, -1.07955]}", "facility": {"code": 20258}}, {"collection_date": "2015-08-19T15:04:53.016606+00:00", "source": {"name": "DHRIO"}, "method": {"name": "Taken with GPS Device"}, "coordinates": "{\"type\": \"Point\", \"coordinates\": [35.07167, -0.18689]}", "facility": {"code": 18800}}, {"collection_date": "2015-08-19T15:04:53.003577+00:00", "source": {"name": "SARAM 2013"}, "method": {"name": "Taken with GPS Device"}, "coordinates": "{\"type\": \"Point\", \"coordinates\": [35.12874, -0.52765]}", "facility": {"code": 18236}}, {"collection_date": "2015-08-19T15:04:53.002974+00:00", "source": {"name": "DHRIO"}, "method": {"name": "Taken with GPS Device"}, "coordinates": "{\"type\": \"Point\", \"coordinates\": [36.82356, -1.28447]}", "facility": {"code": 19313}}, {"collection_date": "2015-08-19T15:04:52.875999+00:00", "source": {"name": "DHMT"}, "method": {"name": "Taken with GPS Device"}, "coordinates": "{\"type\": \"Point\", \"coordinates\": [36.95616, -0.42556]}", "facility": {"code": 19776}}, {"collection_date": "2015-08-19T15:04:52.841990+00:00", "source": {"name": "MOH"}, "method": {"name": "Taken with GPS Device"}, "coordinates": "{\"type\": \"Point\", \"coordinates\": [38.30145, -1.05619]}", "facility": {"code": 20257}}, {"collection_date": "2015-08-19T15:04:52.821869+00:00", "source": {"name": "GPS"}, "method": {"name": "Taken with GPS Device"}, "coordinates": "{\"type\": \"Point\", \"coordinates\": [39.901, -0.1]}", "facility": {"code": 18799}}, {"collection_date": "2015-08-19T15:04:52.763317+00:00", "source": {"name": "DHRIO"}, "method": {"name": "Taken with GPS Device"}, "coordinates": "{\"type\": \"Point\", \"coordinates\": [36.82356, -1.28447]}", "facility": {"code": 19312}}, {"collection_date": "2015-08-19T15:04:52.758049+00:00", "source": {"name": "DHMT"}, "method": {"name": "Taken with GPS Device"}, "coordinates": "{\"type\": \"Point\", \"coordinates\": [39.16675, 2.52341]}", "facility": {"code": 18235}}, {"collection_date": "2015-08-19T15:04:52.747500+00:00", "source": {"name": "DHMT"}, "method": {"name": "Taken with GPS Device"}, "coordinates": "{\"type\": \"Point\", \"coordinates\": [36.99947, -0.46755]}", "facility": {"code": 19775}}, {"collection_date": "2015-08-19T15:04:52.726564+00:00", "source": {"name": "MOH"}, "method": {"name": "Taken with GPS Device"}, "coordinates": "{\"type\": \"Point\", \"coordinates\": [38.52808, -1.02259]}", "facility": {"code": 20256}}, {"collection_date": "2015-08-19T15:04:52.092538+00:00", "source": {"name": "DHMT"}, "method": {"name": "Taken with GPS Device"}, "coordinates": "{\"type\": \"Point\", \"coordinates\": [36.35914, -0.02727]}", "facility": {"code": 18798}}, {"collection_date": "2015-08-19T15:04:52.000070+00:00", "source": {"name": "DHMT"}, "method": {"name": "Taken with GPS Device"}, "coordinates": "{\"type\": \"Point\", \"coordinates\": [36.92743, -1.19809]}", "facility": {"code": 18234}}, {"collection_date": "2015-08-19T15:04:51.988209+00:00", "source": {"name": "DHRIO"}, "method": {"name": "Taken with GPS Device"}, "coordinates": "{\"type\": \"Point\", \"coordinates\": [36.82817, -1.27692]}", "facility": {"code": 19311}}, {"collection_date": "2015-08-19T15:04:51.870035+00:00", "source": {"name": "DHRIO"}, "method": {"name": "Taken with GPS Device"}, "coordinates": "{\"type\": \"Point\", \"coordinates\": [34.72208, 0.07981]}", "facility": {"code": 20255}}, {"collection_date": "2015-08-19T15:04:51.856024+00:00", "source": {"name": "DHMT"}, "method": {"name": "Taken with GPS Device"}, "coordinates": "{\"type\": \"Point\", \"coordinates\": [37.01108, -0.48441]}", "facility": {"code": 19774}}, {"collection_date": "2015-08-19T15:04:51.719755+00:00", "source": {"name": "DHMT"}, "method": {"name": "Taken with GPS Device"}, "coordinates": "{\"type\": \"Point\", \"coordinates\": [36.88053, -1.30907]}", "facility": {"code": 18797}}, {"collection_date": "2015-08-19T15:04:51.608328+00:00", "source": {"name": "DHRIO"}, "method": {"name": "Taken with GPS Device"}, "coordinates": "{\"type\": \"Point\", \"coordinates\": [36.87765, -1.26174]}", "facility": {"code": 19310}}, {"collection_date": "2015-08-19T15:04:51.607549+00:00", "source": {"name": "DHRIO"}, "method": {"name": "Taken with GPS Device"}, "coordinates": "{\"type\": \"Point\", \"coordinates\": [36.89632, -1.28142]}", "facility": {"code": 18233}}, {"collection_date": "2015-08-19T15:04:51.419870+00:00", "source": {"name": "DHMT"}, "method": {"name": "Taken with GPS Device"}, "coordinates": "{\"type\": \"Point\", \"coordinates\": [36.95666, -0.42502]}", "facility": {"code": 19773}}, {"collection_date": "2015-08-19T15:04:51.309788+00:00", "source": {"name": "GPRS"}, "method": {"name": "Taken with GPS Device"}, "coordinates": "{\"type\": \"Point\", \"coordinates\": [36.66211, -1.24577]}", "facility": {"code": 20254}}, {"collection_date": "2015-08-19T15:04:51.152447+00:00", "source": {"name": "DHRIO"}, "method": {"name": "Taken with GPS Device"}, "coordinates": "{\"type\": \"Point\", \"coordinates\": [34.10305, 0.46407]}", "facility": {"code": 18232}}, {"collection_date": "2015-08-19T15:04:51.151892+00:00", "source": {"name": "DHRIO"}, "method": {"name": "Taken with GPS Device"}, "coordinates": "{\"type\": \"Point\", \"coordinates\": [36.82405, -1.2764]}", "facility": {"code": 19308}}, {"collection_date": "2015-08-19T15:04:51.139444+00:00", "source": {"name": "DHMT"}, "method": {"name": "Taken with GPS Device"}, "coordinates": "{\"type\": \"Point\", \"coordinates\": [36.83446, -1.30434]}", "facility": {"code": 18796}}, {"collection_date": "2015-08-19T15:04:50.985628+00:00", "source": {"name": "GPRS"}, "method": {"name": "Taken with GPS Device"}, "coordinates": "{\"type\": \"Point\", \"coordinates\": [36.67203, -1.27425]}", "facility": {"code": 20253}}, {"collection_date": "2015-08-19T15:04:50.974082+00:00", "source": {"name": "DHMT"}, "method": {"name": "Taken with GPS Device"}, "coordinates": "{\"type\": \"Point\", \"coordinates\": [36.95666, -0.42502]}", "facility": {"code": 19772}}, {"collection_date": "2015-08-19T15:04:50.824214+00:00", "source": {"name": "Taken by DHRIO with GPS machine"}, "method": {"name": "Taken with GPS Device"}, "coordinates": "{\"type\": \"Point\", \"coordinates\": [37.8189, -2.27855]}", "facility": {"code": 19306}}, {"collection_date": "2015-08-19T15:04:50.811340+00:00", "source": {"name": "DHMT"}, "method": {"name": "Taken with GPS Device"}, "coordinates": "{\"type\": \"Point\", \"coordinates\": [36.85477, -1.2946]}", "facility": {"code": 18795}}, {"collection_date": "2015-08-19T15:04:50.797783+00:00", "source": {"name": "SARAM 2013"}, "method": {"name": "Taken with GPS Device"}, "coordinates": "{\"type\": \"Point\", \"coordinates\": [37.28487, -1.10039]}", "facility": {"code": 18230}}, {"collection_date": "2015-08-19T15:04:50.640268+00:00", "source": {"name": "GPRS"}, "method": {"name": "Taken with GPS Device"}, "coordinates": "{\"type\": \"Point\", \"coordinates\": [36.61321, -1.27946]}", "facility": {"code": 20252}}, {"collection_date": "2015-08-19T15:04:50.632551+00:00", "source": {"name": "DHMT"}, "method": {"name": "Taken with GPS Device"}, "coordinates": "{\"type\": \"Point\", \"coordinates\": [37.02831, -0.48974]}", "facility": {"code": 19771}}], "model": "mfl_gis.FacilityCoordinates", "unique_fields": ["facility"]}]