[{"records": [{"collection_date": "2015-08-19T15:04:39.605865+00:00", "source": {"name": "SARAM"}, "method": {"name": "Taken with GPS Device"}, "coordinates": "{\"type\": \"Point\", \"coordinates\": [37.18699, 4.17562]}", "facility": {"code": 19259}}, {"collection_date": "2015-08-19T15:04:39.545902+00:00", "source": {"name": "DHMT"}, "method": {"name": "Taken with GPS Device"}, "coordinates": "{\"type\": \"Point\", \"coordinates\": [37.55629, -1.48292]}", "facility": {"code": 19725}}, {"collection_date": "2015-08-19T15:04:39.532444+00:00", "source": {"name": "DHMT"}, "method": {"name": "Taken with GPS Device"}, "coordinates": "{\"type\": \"Point\", \"coordinates\": [37.56218, -2.14277]}", "facility": {"code": 18171}}, {"collection_date": "2015-08-19T15:04:39.527543+00:00", "source": {"name": "DHMT"}, "method": {"name": "Taken with GPS Device"}, "coordinates": "{\"type\": \"Point\", \"coordinates\": [37.30953, -1.30784]}", "facility": {"code": 20202}}, {"collection_date": "2015-08-19T15:04:39.518136+00:00", "source": {"name": "GPS"}, "method": {"name": "Taken with GPS Device"}, "coordinates": "{\"type\": \"Point\", \"coordinates\": [34.92769, 0.99543]}", "facility": {"code": 18750}}, {"collection_date": "2015-08-19T15:04:39.470746+00:00", "source": {"name": "GPS"}, "method": {"name": "Taken with GPS Device"}, "coordinates": "{\"type\": \"Point\", \"coordinates\": [35.42118, 1.13826]}", "facility": {"code": 19257}}, {"collection_date": "2015-08-19T15:04:39.327101+00:00", "source": {"name": "DHRIO"}, "method": {"name": "Taken with GPS Device"}, "coordinates": "{\"type\": \"Point\", \"coordinates\": [36.31172, -1.88774]}", "facility": {"code": 19724}}, {"collection_date": "2015-08-19T15:04:39.318545+00:00", "source": {"name": "DHMT"}, "method": {"name": "Taken with GPS Device"}, "coordinates": "{\"type\": \"Point\", \"coordinates\": [37.0749, -1.03448]}", "facility": {"code": 20201}}, {"collection_date": "2015-08-19T15:04:39.291997+00:00", "source": {"name": "SARAM 2013"}, "method": {"name": "Taken with GPS Device"}, "coordinates": "{\"type\": \"Point\", \"coordinates\": [40.91776, -1.20528]}", "facility": {"code": 18170}}, {"collection_date": "2015-08-19T15:04:39.285497+00:00", "source": {"name": "DHMT"}, "method": {"name": "Taken with GPS Device"}, "coordinates": "{\"type\": \"Point\", \"coordinates\": [39.7502, -3.97185]}", "facility": {"code": 18749}}, {"collection_date": "2015-08-19T15:04:39.253657+00:00", "source": {"name": "SARAM"}, "method": {"name": "Taken with GPS Device"}, "coordinates": "{\"type\": \"Point\", \"coordinates\": [37.07265, 3.32018]}", "facility": {"code": 19256}}, {"collection_date": "2015-08-19T15:04:39.195697+00:00", "source": {"name": "DHMT"}, "method": {"name": "Taken with GPS Device"}, "coordinates": "{\"type\": \"Point\", \"coordinates\": [34.61576, -1.19111]}", "facility": {"code": 20200}}, {"collection_date": "2015-08-19T15:04:39.181919+00:00", "source": {"name": "DHRIO"}, "method": {"name": "Taken with GPS Device"}, "coordinates": "{\"type\": \"Point\", \"coordinates\": [36.82511, -1.16676]}", "facility": {"code": 19723}}, {"collection_date": "2015-08-19T15:04:39.171953+00:00", "source": {"name": "DHMT"}, "method": {"name": "Taken with GPS Device"}, "coordinates": "{\"type\": \"Point\", \"coordinates\": [36.9768, -1.4452]}", "facility": {"code": 18169}}, {"collection_date": "2015-08-19T15:04:39.165225+00:00", "source": {"name": "MOH"}, "method": {"name": "Taken with GPS Device"}, "coordinates": "{\"type\": \"Point\", \"coordinates\": [36.58256, -0.97945]}", "facility": {"code": 18748}}, {"collection_date": "2015-08-19T15:04:39.003041+00:00", "source": {"name": "SARAM"}, "method": {"name": "Taken with GPS Device"}, "coordinates": "{\"type\": \"Point\", \"coordinates\": [39.60765, -4.02042]}", "facility": {"code": 19255}}, {"collection_date": "2015-08-19T15:04:38.985913+00:00", "source": {"name": "DHMT"}, "method": {"name": "Taken with GPS Device"}, "coordinates": "{\"type\": \"Point\", \"coordinates\": [36.93658, -1.21589]}", "facility": {"code": 19722}}, {"collection_date": "2015-08-19T15:04:38.936525+00:00", "source": {"name": "DHMT"}, "method": {"name": "Taken with GPS Device"}, "coordinates": "{\"type\": \"Point\", \"coordinates\": [34.63468, -0.01469]}", "facility": {"code": 20199}}, {"collection_date": "2015-08-19T15:04:38.923476+00:00", "source": {"name": "MOH"}, "method": {"name": "Taken with GPS Device"}, "coordinates": "{\"type\": \"Point\", \"coordinates\": [36.43157, -0.694]}", "facility": {"code": 18747}}, {"collection_date": "2015-08-19T15:04:38.914479+00:00", "source": {"name": "Records Department"}, "method": {"name": "Taken with GPS Device"}, "coordinates": "{\"type\": \"Point\", \"coordinates\": [37.2648, -1.10681]}", "facility": {"code": 18168}}, {"collection_date": "2015-08-19T15:04:38.789161+00:00", "source": {"name": "DHMT"}, "method": {"name": "Taken with GPS Device"}, "coordinates": "{\"type\": \"Point\", \"coordinates\": [36.96587, -1.14112]}", "facility": {"code": 19721}}, {"collection_date": "2015-08-19T15:04:38.757518+00:00", "source": {"name": "DHMT"}, "method": {"name": "Taken with GPS Device"}, "coordinates": "{\"type\": \"Point\", \"coordinates\": [37.51043, -2.92608]}", "facility": {"code": 19254}}, {"collection_date": "2015-08-19T15:04:38.748847+00:00", "source": {"name": "DHMT"}, "method": {"name": "Taken with GPS Device"}, "coordinates": "{\"type\": \"Point\", \"coordinates\": [34.61968, -1.19284]}", "facility": {"code": 20198}}, {"collection_date": "2015-08-19T15:04:38.722913+00:00", "source": {"name": "MOH"}, "method": {"name": "Taken with GPS Device"}, "coordinates": "{\"type\": \"Point\", \"coordinates\": [35.73362, 0.49665]}", "facility": {"code": 18746}}, {"collection_date": "2015-08-19T15:04:38.680019+00:00", "source": {"name": "DHMT"}, "method": {"name": "Taken with GPS Device"}, "coordinates": "{\"type\": \"Point\", \"coordinates\": [36.87474, -1.28756]}", "facility": {"code": 18167}}, {"collection_date": "2015-08-19T15:04:38.659342+00:00", "source": {"name": "DHMT"}, "method": {"name": "Taken with GPS Device"}, "coordinates": "{\"type\": \"Point\", \"coordinates\": [36.92568, -1.23114]}", "facility": {"code": 19720}}, {"collection_date": "2015-08-19T15:04:38.623773+00:00", "source": {"name": "DHMT"}, "method": {"name": "Taken with GPS Device"}, "coordinates": "{\"type\": \"Point\", \"coordinates\": [37.51106, -2.92814]}", "facility": {"code": 19253}}, {"collection_date": "2015-08-19T15:04:38.593530+00:00", "source": {"name": "GPS gatchet"}, "method": {"name": "Taken with GPS Device"}, "coordinates": "{\"type\": \"Point\", \"coordinates\": [37.13206, -1.53421]}", "facility": {"code": 20197}}, {"collection_date": "2015-08-19T15:04:38.580356+00:00", "source": {"name": "chirchir"}, "method": {"name": "Taken with GPS Device"}, "coordinates": "{\"type\": \"Point\", \"coordinates\": [36.87917, -1.25854]}", "facility": {"code": 18745}}, {"collection_date": "2015-08-19T15:04:38.547075+00:00", "source": {"name": "SARAM 2013"}, "method": {"name": "Taken with GPS Device"}, "coordinates": "{\"type\": \"Point\", \"coordinates\": [39.60101, 3.16005]}", "facility": {"code": 18166}}, {"collection_date": "2015-08-19T15:04:38.524220+00:00", "source": {"name": "DHRIO"}, "method": {"name": "Taken with GPS Device"}, "coordinates": "{\"type\": \"Point\", \"coordinates\": [36.77456, -1.20414]}", "facility": {"code": 19718}}, {"collection_date": "2015-08-19T15:04:38.504489+00:00", "source": {"name": "SARAM"}, "method": {"name": "Taken with GPS Device"}, "coordinates": "{\"type\": \"Point\", \"coordinates\": [36.88762, -1.32496]}", "facility": {"code": 19252}}, {"collection_date": "2015-08-19T15:04:38.456313+00:00", "source": {"name": "chirchir"}, "method": {"name": "Taken with GPS Device"}, "coordinates": "{\"type\": \"Point\", \"coordinates\": [36.87917, -1.25852]}", "facility": {"code": 18744}}, {"collection_date": "2015-08-19T15:04:38.434235+00:00", "source": {"name": "GPRS MACHINE"}, "method": {"name": "Taken with GPS Device"}, "coordinates": "{\"type\": \"Point\", \"coordinates\": [37.42359, 1.30916]}", "facility": {"code": 20196}}, {"collection_date": "2015-08-19T15:04:38.422535+00:00", "source": {"name": "SARAM 2013"}, "method": {"name": "Taken with GPS Device"}, "coordinates": "{\"type\": \"Point\", \"coordinates\": [34.59451, 0.17298]}", "facility": {"code": 18165}}, {"collection_date": "2015-08-19T15:04:38.392524+00:00", "source": {"name": "GPS"}, "method": {"name": "Taken with GPS Device"}, "coordinates": "{\"type\": \"Point\", \"coordinates\": [37.62985, -0.17917]}", "facility": {"code": 19717}}, {"collection_date": "2015-08-19T15:04:38.379105+00:00", "source": {"name": "DHMT"}, "method": {"name": "Taken with GPS Device"}, "coordinates": "{\"type\": \"Point\", \"coordinates\": [35.06165, 0.01334]}", "facility": {"code": 19251}}, {"collection_date": "2015-08-19T15:04:38.336449+00:00", "source": {"name": "chirchir"}, "method": {"name": "Taken with GPS Device"}, "coordinates": "{\"type\": \"Point\", \"coordinates\": [36.87954, -1.259226]}", "facility": {"code": 18743}}, {"collection_date": "2015-08-19T15:04:38.311842+00:00", "source": {"name": "GPS"}, "method": {"name": "Taken with GPS Device"}, "coordinates": "{\"type\": \"Point\", \"coordinates\": [36.85532, -1.29165]}", "facility": {"code": 20195}}, {"collection_date": "2015-08-19T15:04:38.303610+00:00", "source": {"name": "SARAM 2013"}, "method": {"name": "Taken with GPS Device"}, "coordinates": "{\"type\": \"Point\", \"coordinates\": [35.27838, -0.3702]}", "facility": {"code": 18163}}, {"collection_date": "2015-08-19T15:04:38.245311+00:00", "source": {"name": "MOH Gilgi"}, "method": {"name": "Taken with GPS Device"}, "coordinates": "{\"type\": \"Point\", \"coordinates\": [36.3266, -0.49964]}", "facility": {"code": 19716}}, {"collection_date": "2015-08-19T15:04:38.234829+00:00", "source": {"name": "DHMT"}, "method": {"name": "Taken with GPS Device"}, "coordinates": "{\"type\": \"Point\", \"coordinates\": [40.90239, 4.08136]}", "facility": {"code": 19243}}, {"collection_date": "2015-08-19T15:04:38.222423+00:00", "source": {"name": "SARAM 2013"}, "method": {"name": "Taken with GPS Device"}, "coordinates": "{\"type\": \"Point\", \"coordinates\": [35.12715, -0.4017]}", "facility": {"code": 18742}}, {"collection_date": "2015-08-19T15:04:38.166416+00:00", "source": {"name": "13777"}, "method": {"name": "Taken with GPS Device"}, "coordinates": "{\"type\": \"Point\", \"coordinates\": [34.57247, 0.3222]}", "facility": {"code": 20194}}, {"collection_date": "2015-08-19T15:04:38.133375+00:00", "source": {"name": "SARAM 2013"}, "method": {"name": "Taken with GPS Device"}, "coordinates": "{\"type\": \"Point\", \"coordinates\": [34.9643, 0.65402]}", "facility": {"code": 18161}}, {"collection_date": "2015-08-19T15:04:38.105595+00:00", "source": {"name": "DHMT"}, "method": {"name": "Taken with GPS Device"}, "coordinates": "{\"type\": \"Point\", \"coordinates\": [34.7013, 0.09256]}", "facility": {"code": 19715}}, {"collection_date": "2015-08-19T15:04:38.069464+00:00", "source": {"name": "DHMT"}, "method": {"name": "Taken with GPS Device"}, "coordinates": "{\"type\": \"Point\", \"coordinates\": [36.78503, -1.31122]}", "facility": {"code": 18741}}, {"collection_date": "2015-08-19T15:04:38.056236+00:00", "source": {"name": "DHMT"}, "method": {"name": "Taken with GPS Device"}, "coordinates": "{\"type\": \"Point\", \"coordinates\": [37.7967, -1.53035]}", "facility": {"code": 19242}}, {"collection_date": "2015-08-19T15:04:38.054294+00:00", "source": {"name": "DHMT"}, "method": {"name": "Taken with GPS Device"}, "coordinates": "{\"type\": \"Point\", \"coordinates\": [37.27116, -1.22458]}", "facility": {"code": 20193}}, {"collection_date": "2015-08-19T15:04:37.955776+00:00", "source": {"name": "GPS"}, "method": {"name": "Taken with GPS Device"}, "coordinates": "{\"type\": \"Point\", \"coordinates\": [37.12586, -0.48159]}", "facility": {"code": 19714}}, {"collection_date": "2015-08-19T15:04:37.955736+00:00", "source": {"name": "DHMT"}, "method": {"name": "Taken with GPS Device"}, "coordinates": "{\"type\": \"Point\", \"coordinates\": [37.36256, -1.78699]}", "facility": {"code": 18160}}, {"collection_date": "2015-08-19T15:04:37.572773+00:00", "source": {"name": "GPS"}, "method": {"name": "Taken with GPS Device"}, "coordinates": "{\"type\": \"Point\", \"coordinates\": [34.5803, 0.05]}", "facility": {"code": 18740}}, {"collection_date": "2015-08-19T15:04:37.148105+00:00", "source": {"name": "DHMT"}, "method": {"name": "Taken with GPS Device"}, "coordinates": "{\"type\": \"Point\", \"coordinates\": [37.982, 0.38554]}", "facility": {"code": 19241}}, {"collection_date": "2015-08-19T15:04:37.023845+00:00", "source": {"name": "GPS"}, "method": {"name": "Taken with GPS Device"}, "coordinates": "{\"type\": \"Point\", \"coordinates\": [35.66337, 4.74961]}", "facility": {"code": 20192}}, {"collection_date": "2015-08-19T15:04:36.878797+00:00", "source": {"name": "DHMT"}, "method": {"name": "Taken with GPS Device"}, "coordinates": "{\"type\": \"Point\", \"coordinates\": [37.36265, -1.79451]}", "facility": {"code": 18159}}, {"collection_date": "2015-08-19T15:04:36.866415+00:00", "source": {"name": "GPS"}, "method": {"name": "Taken with GPS Device"}, "coordinates": "{\"type\": \"Point\", \"coordinates\": [37.06186, -0.02687]}", "facility": {"code": 19713}}, {"collection_date": "2015-08-19T15:04:36.725633+00:00", "source": {"name": "DHMT"}, "method": {"name": "Taken with GPS Device"}, "coordinates": "{\"type\": \"Point\", \"coordinates\": [37.98198, 0.38552]}", "facility": {"code": 19240}}, {"collection_date": "2015-08-19T15:04:36.712115+00:00", "source": {"name": "DHMT"}, "method": {"name": "Taken with GPS Device"}, "coordinates": "{\"type\": \"Point\", \"coordinates\": [36.7896, -1.32689]}", "facility": {"code": 18739}}, {"collection_date": "2015-08-19T15:04:36.704175+00:00", "source": {"name": "GPS"}, "method": {"name": "Taken with GPS Device"}, "coordinates": "{\"type\": \"Point\", \"coordinates\": [37.16563, 0.39168]}", "facility": {"code": 20191}}, {"collection_date": "2015-08-19T15:04:36.555653+00:00", "source": {"name": "GPS"}, "method": {"name": "Taken with GPS Device"}, "coordinates": "{\"type\": \"Point\", \"coordinates\": [37.81896, -0.224569]}", "facility": {"code": 19712}}, {"collection_date": "2015-08-19T15:04:36.548436+00:00", "source": {"name": "DHMT"}, "method": {"name": "Taken with GPS Device"}, "coordinates": "{\"type\": \"Point\", \"coordinates\": [37.3623, -1.79441]}", "facility": {"code": 18158}}, {"collection_date": "2015-08-19T15:04:36.392633+00:00", "source": {"name": "DHMT"}, "method": {"name": "Taken with GPS Device"}, "coordinates": "{\"type\": \"Point\", \"coordinates\": [37.9815, 0.38537]}", "facility": {"code": 19239}}, {"collection_date": "2015-08-19T15:04:36.392338+00:00", "source": {"name": "GPS"}, "method": {"name": "Taken with GPS Device"}, "coordinates": "{\"type\": \"Point\", \"coordinates\": [36.4141, -1.16518]}", "facility": {"code": 20190}}, {"collection_date": "2015-08-19T15:04:36.382942+00:00", "source": {"name": "DHMT"}, "method": {"name": "Taken with GPS Device"}, "coordinates": "{\"type\": \"Point\", \"coordinates\": [37.26969, -1.51993]}", "facility": {"code": 18738}}, {"collection_date": "2015-08-19T15:04:36.243834+00:00", "source": {"name": "GPS"}, "method": {"name": "Taken with GPS Device"}, "coordinates": "{\"type\": \"Point\", \"coordinates\": [37.11085, -0.26458]}", "facility": {"code": 19711}}, {"collection_date": "2015-08-19T15:04:36.232714+00:00", "source": {"name": "SARAM 2013"}, "method": {"name": "Taken with GPS Device"}, "coordinates": "{\"type\": \"Point\", \"coordinates\": [36.93616, -1.3715]}", "facility": {"code": 18156}}, {"collection_date": "2015-08-19T15:04:36.080787+00:00", "source": {"name": "GPS"}, "method": {"name": "Taken with GPS Device"}, "coordinates": "{\"type\": \"Point\", \"coordinates\": [36.7534, -1.30019]}", "facility": {"code": 20189}}, {"collection_date": "2015-08-19T15:04:36.080720+00:00", "source": {"name": "DHMT"}, "method": {"name": "Taken with GPS Device"}, "coordinates": "{\"type\": \"Point\", \"coordinates\": [37.9804, 0.38406]}", "facility": {"code": 19238}}, {"collection_date": "2015-08-19T15:04:36.066315+00:00", "source": {"name": "DHRIO"}, "method": {"name": "Taken with GPS Device"}, "coordinates": "{\"type\": \"Point\", \"coordinates\": [35.06823, 2.43601]}", "facility": {"code": 18737}}, {"collection_date": "2015-08-19T15:04:35.898840+00:00", "source": {"name": "GPS"}, "method": {"name": "Taken with GPS Device"}, "coordinates": "{\"type\": \"Point\", \"coordinates\": [37.08035, -0.15531]}", "facility": {"code": 19710}}, {"collection_date": "2015-08-19T15:04:35.888581+00:00", "source": {"name": "SARAM 2013"}, "method": {"name": "Taken with GPS Device"}, "coordinates": "{\"type\": \"Point\", \"coordinates\": [36.9667, -1.45003]}", "facility": {"code": 18152}}, {"collection_date": "2015-08-19T15:04:35.741025+00:00", "source": {"name": "MOH Mapping"}, "method": {"name": "Taken with GPS Device"}, "coordinates": "{\"type\": \"Point\", \"coordinates\": [37.23156, 0.07867]}", "facility": {"code": 18736}}, {"collection_date": "2015-08-19T15:04:35.712543+00:00", "source": {"name": "GPS"}, "method": {"name": "Taken with GPS Device"}, "coordinates": "{\"type\": \"Point\", \"coordinates\": [34.40298, 0.11875]}", "facility": {"code": 20188}}, {"collection_date": "2015-08-19T15:04:35.700687+00:00", "source": {"name": "DHMT"}, "method": {"name": "Taken with GPS Device"}, "coordinates": "{\"type\": \"Point\", \"coordinates\": [37.98042, 0.3813]}", "facility": {"code": 19237}}, {"collection_date": "2015-08-19T15:04:35.531450+00:00", "source": {"name": "SARAM 2013"}, "method": {"name": "Taken with GPS Device"}, "coordinates": "{\"type\": \"Point\", \"coordinates\": [35.40095, 1.19677]}", "facility": {"code": 18148}}, {"collection_date": "2015-08-19T15:04:35.523848+00:00", "source": {"name": "GPS"}, "method": {"name": "Taken with GPS Device"}, "coordinates": "{\"type\": \"Point\", \"coordinates\": [37.12576, -0.47988]}", "facility": {"code": 19709}}, {"collection_date": "2015-08-19T15:04:35.523182+00:00", "source": {"name": "MOH Mapping"}, "method": {"name": "Taken with GPS Device"}, "coordinates": "{\"type\": \"Point\", \"coordinates\": [37.64216, 0.05817]}", "facility": {"code": 18735}}, {"collection_date": "2015-08-19T15:04:35.386406+00:00", "source": {"name": "DHMT"}, "method": {"name": "Taken with GPS Device"}, "coordinates": "{\"type\": \"Point\", \"coordinates\": [36.8895, -1.27424]}", "facility": {"code": 20187}}, {"collection_date": "2015-08-19T15:04:35.348881+00:00", "source": {"name": "chirchir"}, "method": {"name": "Taken with GPS Device"}, "coordinates": "{\"type\": \"Point\", \"coordinates\": [36.88339, -1.23462]}", "facility": {"code": 19236}}, {"collection_date": "2015-08-19T15:04:35.197924+00:00", "source": {"name": "SARAM 2013"}, "method": {"name": "Taken with GPS Device"}, "coordinates": "{\"type\": \"Point\", \"coordinates\": [37.65735, -0.27399]}", "facility": {"code": 18146}}, {"collection_date": "2015-08-19T15:04:35.175188+00:00", "source": {"name": "GPS"}, "method": {"name": "Taken with GPS Device"}, "coordinates": "{\"type\": \"Point\", \"coordinates\": [37.09781, -0.50593]}", "facility": {"code": 19708}}, {"collection_date": "2015-08-19T15:04:35.169439+00:00", "source": {"name": "MOH Mapping"}, "method": {"name": "Taken with GPS Device"}, "coordinates": "{\"type\": \"Point\", \"coordinates\": [37.64292, 0.05729]}", "facility": {"code": 18734}}, {"collection_date": "2015-08-19T15:04:35.154191+00:00", "source": {"name": "GPS"}, "method": {"name": "Taken with GPS Device"}, "coordinates": "{\"type\": \"Point\", \"coordinates\": [34.92567, 0.75295]}", "facility": {"code": 20186}}, {"collection_date": "2015-08-19T15:04:35.144220+00:00", "source": {"name": "DHRIO-Nzuia"}, "method": {"name": "Taken with GPS Device"}, "coordinates": "{\"type\": \"Point\", \"coordinates\": [37.4763, -2.04235]}", "facility": {"code": 19235}}, {"collection_date": "2015-08-19T15:04:34.966679+00:00", "source": {"name": "GPS"}, "method": {"name": "Taken with GPS Device"}, "coordinates": "{\"type\": \"Point\", \"coordinates\": [34.55788, 0.6934]}", "facility": {"code": 18145}}, {"collection_date": "2015-08-19T15:04:34.954022+00:00", "source": {"name": "GPS"}, "method": {"name": "Taken with GPS Device"}, "coordinates": "{\"type\": \"Point\", \"coordinates\": [37.14306, -0.38798]}", "facility": {"code": 19707}}, {"collection_date": "2015-08-19T15:04:34.954000+00:00", "source": {"name": "MOH Mapping"}, "method": {"name": "Taken with GPS Device"}, "coordinates": "{\"type\": \"Point\", \"coordinates\": [37.64295, 0.05652]}", "facility": {"code": 18733}}, {"collection_date": "2015-08-19T15:04:34.948881+00:00", "source": {"name": "GPS"}, "method": {"name": "Taken with GPS Device"}, "coordinates": "{\"type\": \"Point\", \"coordinates\": [36.16631, 0.27285]}", "facility": {"code": 20185}}, {"collection_date": "2015-08-19T15:04:34.945384+00:00", "source": {"name": "chirchir"}, "method": {"name": "Taken with GPS Device"}, "coordinates": "{\"type\": \"Point\", \"coordinates\": [36.88563, -1.24781]}", "facility": {"code": 19234}}, {"collection_date": "2015-08-19T15:04:34.732241+00:00", "source": {"name": "mohtaita"}, "method": {"name": "Taken with GPS Device"}, "coordinates": "{\"type\": \"Point\", \"coordinates\": [38.25158, -3.51137]}", "facility": {"code": 19706}}, {"collection_date": "2015-08-19T15:04:34.731238+00:00", "source": {"name": "DHMT"}, "method": {"name": "Taken with GPS Device"}, "coordinates": "{\"type\": \"Point\", \"coordinates\": [37.62457, -1.7823]}", "facility": {"code": 18144}}, {"collection_date": "2015-08-19T15:04:34.718890+00:00", "source": {"name": "MOH Mapping"}, "method": {"name": "Taken with GPS Device"}, "coordinates": "{\"type\": \"Point\", \"coordinates\": [37.64639, 0.04442]}", "facility": {"code": 18732}}, {"collection_date": "2015-08-19T15:04:34.701754+00:00", "source": {"name": "GPS"}, "method": {"name": "Taken with GPS Device"}, "coordinates": "{\"type\": \"Point\", \"coordinates\": [35.67673, 4.32244]}", "facility": {"code": 20184}}, {"collection_date": "2015-08-19T15:04:34.541808+00:00", "source": {"name": "DHMT"}, "method": {"name": "Taken with GPS Device"}, "coordinates": "{\"type\": \"Point\", \"coordinates\": [37.25822, -1.82657]}", "facility": {"code": 19233}}, {"collection_date": "2015-08-19T15:04:34.500170+00:00", "source": {"name": "MOH Mapping"}, "method": {"name": "Taken with GPS Device"}, "coordinates": "{\"type\": \"Point\", \"coordinates\": [37.65484, 0.04758]}", "facility": {"code": 18731}}, {"collection_date": "2015-08-19T15:04:34.498674+00:00", "source": {"name": "GPS"}, "method": {"name": "Taken with GPS Device"}, "coordinates": "{\"type\": \"Point\", \"coordinates\": [37.12344, -0.4809]}", "facility": {"code": 19705}}, {"collection_date": "2015-08-19T15:04:34.488721+00:00", "source": {"name": "DHMT"}, "method": {"name": "Taken with GPS Device"}, "coordinates": "{\"type\": \"Point\", \"coordinates\": [37.36237, -1.38912]}", "facility": {"code": 20182}}, {"collection_date": "2015-08-19T15:04:34.479949+00:00", "source": {"name": "DHMT"}, "method": {"name": "Taken with GPS Device"}, "coordinates": "{\"type\": \"Point\", \"coordinates\": [37.7317, -1.91446]}", "facility": {"code": 18143}}, {"collection_date": "2015-08-19T15:04:34.385909+00:00", "source": {"name": "SARAM"}, "method": {"name": "Taken with GPS Device"}, "coordinates": "{\"type\": \"Point\", \"coordinates\": [37.59294, -2.15835]}", "facility": {"code": 19232}}], "model": "mfl_gis.FacilityCoordinates", "unique_fields": ["facility"]}]