[{"records": [{"collection_date": "2015-08-19T15:04:30.298765+00:00", "source": {"name": "GPS"}, "method": {"name": "Taken with GPS Device"}, "coordinates": "{\"type\": \"Point\", \"coordinates\": [35.00301, 0.99675]}", "facility": {"code": 19684}}, {"collection_date": "2015-08-19T15:04:30.259012+00:00", "source": {"name": "DHMT"}, "method": {"name": "Taken with GPS Device"}, "coordinates": "{\"type\": \"Point\", \"coordinates\": [35.4326, 0.21609]}", "facility": {"code": 19206}}, {"collection_date": "2015-08-19T15:04:30.215324+00:00", "source": {"name": "SARAM 2013"}, "method": {"name": "Taken with GPS Device"}, "coordinates": "{\"type\": \"Point\", \"coordinates\": [35.64005, 1.24751]}", "facility": {"code": 18118}}, {"collection_date": "2015-08-19T15:04:30.205266+00:00", "source": {"name": "SARAM 2013"}, "method": {"name": "Taken with GPS Device"}, "coordinates": "{\"type\": \"Point\", \"coordinates\": [38.32101, -0.48134]}", "facility": {"code": 18090}}, {"collection_date": "2015-08-19T15:04:30.196515+00:00", "source": {"name": "MOH Mapping"}, "method": {"name": "Taken with GPS Device"}, "coordinates": "{\"type\": \"Point\", \"coordinates\": [37.65449, 0.04551]}", "facility": {"code": 18707}}, {"collection_date": "2015-08-19T15:04:30.196468+00:00", "source": {"name": "Cold Chain Inventory (MoH/PATH/WHO) - Feb 2011"}, "method": {"name": "Taken with GPS Device"}, "coordinates": "{\"type\": \"Point\", \"coordinates\": [37.45486, -0.52322]}", "facility": {"code": 16238}}, {"collection_date": "2015-08-19T15:04:30.079674+00:00", "source": {"name": "DHMT"}, "method": {"name": "Taken with GPS Device"}, "coordinates": "{\"type\": \"Point\", \"coordinates\": [35.2791, 0.51502]}", "facility": {"code": 19205}}, {"collection_date": "2015-08-19T15:04:30.048174+00:00", "source": {"name": "MOH Mapping"}, "method": {"name": "Taken with GPS Device"}, "coordinates": "{\"type\": \"Point\", \"coordinates\": [37.65473, 0.0455]}", "facility": {"code": 18706}}, {"collection_date": "2015-08-19T15:04:30.041439+00:00", "source": {"name": "SARAM 2013"}, "method": {"name": "Taken with GPS Device"}, "coordinates": "{\"type\": \"Point\", \"coordinates\": [36.4795, -1.44678]}", "facility": {"code": 18089}}, {"collection_date": "2015-08-19T15:04:30.024431+00:00", "source": {"name": "DHRIO"}, "method": {"name": "Taken with GPS Device"}, "coordinates": "{\"type\": \"Point\", \"coordinates\": [36.76747, -1.40606]}", "facility": {"code": 18116}}, {"collection_date": "2015-08-19T15:04:29.991184+00:00", "source": {"name": "KEMRI GIS MERGE"}, "method": {"name": "Taken with GPS Device"}, "coordinates": "{\"type\": \"Point\", \"coordinates\": [37.13305, -1.05914]}", "facility": {"code": 10035}}, {"collection_date": "2015-08-19T15:04:29.946408+00:00", "source": {"name": "DHMT"}, "method": {"name": "Taken with GPS Device"}, "coordinates": "{\"type\": \"Point\", \"coordinates\": [40.05675, 1.74395]}", "facility": {"code": 19204}}, {"collection_date": "2015-08-19T15:04:29.936585+00:00", "source": {"name": "MOH Mapping"}, "method": {"name": "Taken with GPS Device"}, "coordinates": "{\"type\": \"Point\", \"coordinates\": [37.65953, 0.04637]}", "facility": {"code": 18703}}, {"collection_date": "2015-08-19T15:04:29.913737+00:00", "source": {"name": "SARAM 2013"}, "method": {"name": "Taken with GPS Device"}, "coordinates": "{\"type\": \"Point\", \"coordinates\": [37.46802, -0.38588]}", "facility": {"code": 18115}}, {"collection_date": "2015-08-19T15:04:29.901344+00:00", "source": {"name": "SARAM 2013"}, "method": {"name": "Taken with GPS Device"}, "coordinates": "{\"type\": \"Point\", \"coordinates\": [36.80453, -1.40493]}", "facility": {"code": 18088}}, {"collection_date": "2015-08-19T15:04:29.879087+00:00", "source": {"name": "KEMRI GIS MERGE"}, "method": {"name": "Taken with GPS Device"}, "coordinates": "{\"type\": \"Point\", \"coordinates\": [36.69788, -1.27409]}", "facility": {"code": 12909}}, {"collection_date": "2015-08-19T15:04:29.834045+00:00", "source": {"name": "MOH Mapping"}, "method": {"name": "Taken with GPS Device"}, "coordinates": "{\"type\": \"Point\", \"coordinates\": [37.66083, 0.04645]}", "facility": {"code": 18702}}, {"collection_date": "2015-08-19T15:04:29.822113+00:00", "source": {"name": "SARAM 2013"}, "method": {"name": "Taken with GPS Device"}, "coordinates": "{\"type\": \"Point\", \"coordinates\": [37.43777, -0.44278]}", "facility": {"code": 18114}}, {"collection_date": "2015-08-19T15:04:29.800442+00:00", "source": {"name": "DHMT"}, "method": {"name": "Taken with GPS Device"}, "coordinates": "{\"type\": \"Point\", \"coordinates\": [40.05192, 1.7517]}", "facility": {"code": 19203}}, {"collection_date": "2015-08-19T15:04:29.799661+00:00", "source": {"name": "SARAM 2013"}, "method": {"name": "Taken with GPS Device"}, "coordinates": "{\"type\": \"Point\", \"coordinates\": [36.67657, -1.36587]}", "facility": {"code": 18087}}, {"collection_date": "2015-08-19T15:04:29.745293+00:00", "source": {"name": "Sublocation Centroid Exercise of MOH/ICF Macro"}, "method": {"name": "Other"}, "coordinates": "{\"type\": \"Point\", \"coordinates\": [37.1638, -0.471308]}", "facility": {"code": 10937}}, {"collection_date": "2015-08-19T15:04:29.722304+00:00", "source": {"name": "MOH Mapping"}, "method": {"name": "Taken with GPS Device"}, "coordinates": "{\"type\": \"Point\", \"coordinates\": [37.65292, 0.04764]}", "facility": {"code": 18701}}, {"collection_date": "2015-08-19T15:04:29.716602+00:00", "source": {"name": "SARAM 2013"}, "method": {"name": "Taken with GPS Device"}, "coordinates": "{\"type\": \"Point\", \"coordinates\": [37.4502, -0.41151]}", "facility": {"code": 18113}}, {"collection_date": "2015-08-19T15:04:29.664868+00:00", "source": {"name": "DHMT"}, "method": {"name": "Taken with GPS Device"}, "coordinates": "{\"type\": \"Point\", \"coordinates\": [34.48159, -0.14491]}", "facility": {"code": 18086}}, {"collection_date": "2015-08-19T15:04:29.624604+00:00", "source": {"name": "DHMT"}, "method": {"name": "Taken with GPS Device"}, "coordinates": "{\"type\": \"Point\", \"coordinates\": [40.05026, 1.74428]}", "facility": {"code": 19199}}, {"collection_date": "2015-08-19T15:04:29.621839+00:00", "source": {"name": "Sublocation Centroid Exercise of MOH/ICF Macro"}, "method": {"name": "Other"}, "coordinates": "{\"type\": \"Point\", \"coordinates\": [37.094, -0.00133164]}", "facility": {"code": 10174}}, {"collection_date": "2015-08-19T15:04:29.601459+00:00", "source": {"name": "MOH Mapping"}, "method": {"name": "Taken with GPS Device"}, "coordinates": "{\"type\": \"Point\", \"coordinates\": [37.65643, 0.0462]}", "facility": {"code": 18699}}, {"collection_date": "2015-08-19T15:04:29.587446+00:00", "source": {"name": "RRI EXERCISE"}, "method": {"name": "Taken with GPS Device"}, "coordinates": "{\"type\": \"Point\", \"coordinates\": [34.55124, 0.59245]}", "facility": {"code": 18112}}, {"collection_date": "2015-08-19T15:04:29.554673+00:00", "source": {"name": "DHRIO"}, "method": {"name": "Taken with GPS Device"}, "coordinates": "{\"type\": \"Point\", \"coordinates\": [36.7533, -1.3963]}", "facility": {"code": 18085}}, {"collection_date": "2015-08-19T15:04:29.487846+00:00", "source": {"name": "Sublocation Centroid Exercise of MOH/ICF Macro"}, "method": {"name": "Other"}, "coordinates": "{\"type\": \"Point\", \"coordinates\": [37.094, -0.00133164]}", "facility": {"code": 10051}}, {"collection_date": "2015-08-19T15:04:29.477075+00:00", "source": {"name": "DHMT"}, "method": {"name": "Taken with GPS Device"}, "coordinates": "{\"type\": \"Point\", \"coordinates\": [37.32224, -1.35037]}", "facility": {"code": 19195}}, {"collection_date": "2015-08-19T15:04:29.465367+00:00", "source": {"name": "MOH Mapping"}, "method": {"name": "Taken with GPS Device"}, "coordinates": "{\"type\": \"Point\", \"coordinates\": [37.65689, 0.04562]}", "facility": {"code": 18695}}, {"collection_date": "2015-08-19T15:04:29.454909+00:00", "source": {"name": "RRI EXERCISE"}, "method": {"name": "Taken with GPS Device"}, "coordinates": "{\"type\": \"Point\", \"coordinates\": [34.65132, 0.57167]}", "facility": {"code": 18111}}, {"collection_date": "2015-08-19T15:04:29.444223+00:00", "source": {"name": "DHRIO"}, "method": {"name": "Taken with GPS Device"}, "coordinates": "{\"type\": \"Point\", \"coordinates\": [36.75833, -1.39688]}", "facility": {"code": 18084}}, {"collection_date": "2015-08-19T15:04:29.366140+00:00", "source": {"name": "Sublocation Centroid Exercise of MOH/ICF Macro"}, "method": {"name": "Other"}, "coordinates": "{\"type\": \"Point\", \"coordinates\": [37.15427, -0.37668]}", "facility": {"code": 11014}}, {"collection_date": "2015-08-19T15:04:29.352627+00:00", "source": {"name": "DHMT"}, "method": {"name": "Taken with GPS Device"}, "coordinates": "{\"type\": \"Point\", \"coordinates\": [37.34573, -1.30243]}", "facility": {"code": 19194}}, {"collection_date": "2015-08-19T15:04:29.245253+00:00", "source": {"name": "SARAM 2013"}, "method": {"name": "Taken with GPS Device"}, "coordinates": "{\"type\": \"Point\", \"coordinates\": [36.39103, -0.05736]}", "facility": {"code": 18110}}, {"collection_date": "2015-08-19T15:04:29.244732+00:00", "source": {"name": "GPS MACHINE"}, "method": {"name": "Taken with GPS Device"}, "coordinates": "{\"type\": \"Point\", \"coordinates\": [38.0289, -1.44258]}", "facility": {"code": 18083}}, {"collection_date": "2015-08-19T15:04:29.232898+00:00", "source": {"name": "DHMT"}, "method": {"name": "Taken with GPS Device"}, "coordinates": "{\"type\": \"Point\", \"coordinates\": [37.30029, -1.90984]}", "facility": {"code": 18691}}, {"collection_date": "2015-08-19T15:04:29.101517+00:00", "source": {"name": "Sublocation Centroid Exercise of MOH/ICF Macro"}, "method": {"name": "Other"}, "coordinates": "{\"type\": \"Point\", \"coordinates\": [36.8823, -1.25236]}", "facility": {"code": 13045}}, {"collection_date": "2015-08-19T15:04:28.990841+00:00", "source": {"name": "DHMT"}, "method": {"name": "Taken with GPS Device"}, "coordinates": "{\"type\": \"Point\", \"coordinates\": [37.93614, 0.33858]}", "facility": {"code": 19192}}, {"collection_date": "2015-08-19T15:04:28.817906+00:00", "source": {"name": "DHRIO"}, "method": {"name": "Taken with GPS Device"}, "coordinates": "{\"type\": \"Point\", \"coordinates\": [34.47401, -0.90966]}", "facility": {"code": 18082}}, {"collection_date": "2015-08-19T15:04:28.808049+00:00", "source": {"name": "DHMT"}, "method": {"name": "Taken with GPS Device"}, "coordinates": "{\"type\": \"Point\", \"coordinates\": [37.29757, -1.90648]}", "facility": {"code": 18690}}, {"collection_date": "2015-08-19T15:04:28.789917+00:00", "source": {"name": "RRI EXERCISE"}, "method": {"name": "Taken with GPS Device"}, "coordinates": "{\"type\": \"Point\", \"coordinates\": [34.55291, 0.59258]}", "facility": {"code": 18108}}, {"collection_date": "2015-08-19T15:04:28.664242+00:00", "source": {"name": "SARAM 2013"}, "method": {"name": "Taken with GPS Device"}, "coordinates": "{\"type\": \"Point\", \"coordinates\": [37.65204, 0.04762]}", "facility": {"code": 16568}}, {"collection_date": "2015-08-19T15:04:28.646877+00:00", "source": {"name": "Sublocation Centroid Exercise of MOH/ICF Macro"}, "method": {"name": "Other"}, "coordinates": "{\"type\": \"Point\", \"coordinates\": [36.821, -1.2852]}", "facility": {"code": 13108}}, {"collection_date": "2015-08-19T15:04:28.512748+00:00", "source": {"name": "DHMT"}, "method": {"name": "Taken with GPS Device"}, "coordinates": "{\"type\": \"Point\", \"coordinates\": [36.86219, -1.31039]}", "facility": {"code": 17494}}, {"collection_date": "2015-08-19T15:04:28.499135+00:00", "source": {"name": "DHRIO"}, "method": {"name": "Taken with GPS Device"}, "coordinates": "{\"type\": \"Point\", \"coordinates\": [34.52885, -0.90578]}", "facility": {"code": 18081}}, {"collection_date": "2015-08-19T15:04:28.336855+00:00", "source": {"name": "DHMT"}, "method": {"name": "Taken with GPS Device"}, "coordinates": "{\"type\": \"Point\", \"coordinates\": [36.77979, -1.31434]}", "facility": {"code": 13048}}, {"collection_date": "2015-08-19T15:04:28.331305+00:00", "source": {"name": "DHMT"}, "method": {"name": "Taken with GPS Device"}, "coordinates": "{\"type\": \"Point\", \"coordinates\": [35.99763, -0.63213]}", "facility": {"code": 18104}}, {"collection_date": "2015-08-19T15:04:28.322160+00:00", "source": {"name": "SARAM 2013"}, "method": {"name": "Taken with GPS Device"}, "coordinates": "{\"type\": \"Point\", \"coordinates\": [37.65204, 0.04762]}", "facility": {"code": 16567}}, {"collection_date": "2015-08-19T15:04:28.143061+00:00", "source": {"name": "DHRIO"}, "method": {"name": "Taken with GPS Device"}, "coordinates": "{\"type\": \"Point\", \"coordinates\": [38.01565, -0.10257]}", "facility": {"code": 18080}}, {"collection_date": "2015-08-19T15:04:28.131730+00:00", "source": {"name": "DHMT"}, "method": {"name": "Taken with GPS Device"}, "coordinates": "{\"type\": \"Point\", \"coordinates\": [35.74056, 0.49404]}", "facility": {"code": 17492}}, {"collection_date": "2015-08-19T15:04:27.975760+00:00", "source": {"name": "DHMT"}, "method": {"name": "Taken with GPS Device"}, "coordinates": "{\"type\": \"Point\", \"coordinates\": [37.50805, -2.92876]}", "facility": {"code": 14260}}, {"collection_date": "2015-08-19T15:04:27.964080+00:00", "source": {"name": "SARAM 2013"}, "method": {"name": "Taken with GPS Device"}, "coordinates": "{\"type\": \"Point\", \"coordinates\": [37.65438, 0.04827]}", "facility": {"code": 16565}}, {"collection_date": "2015-08-19T15:04:27.960634+00:00", "source": {"name": "DHMT"}, "method": {"name": "Taken with GPS Device"}, "coordinates": "{\"type\": \"Point\", \"coordinates\": [35.75812, -0.28596]}", "facility": {"code": 18103}}, {"collection_date": "2015-08-19T15:04:27.797200+00:00", "source": {"name": "DHMT"}, "method": {"name": "Taken with GPS Device"}, "coordinates": "{\"type\": \"Point\", \"coordinates\": [36.97426, -1.21946]}", "facility": {"code": 17491}}, {"collection_date": "2015-08-19T15:04:27.787236+00:00", "source": {"name": "Reception"}, "method": {"name": "Taken with GPS Device"}, "coordinates": "{\"type\": \"Point\", \"coordinates\": [37.91232, -1.42109]}", "facility": {"code": 18079}}, {"collection_date": "2015-08-19T15:04:27.625587+00:00", "source": {"name": "Sublocation Centroid Exercise of MOH/ICF Macro"}, "method": {"name": "Other"}, "coordinates": "{\"type\": \"Point\", \"coordinates\": [36.7359, -1.2887]}", "facility": {"code": 13046}}, {"collection_date": "2015-08-19T15:04:27.625556+00:00", "source": {"name": "Sublocation Centroid Exercise of MOH/ICF Macro"}, "method": {"name": "Other"}, "coordinates": "{\"type\": \"Point\", \"coordinates\": [37.65323, 0.04623]}", "facility": {"code": 16564}}, {"collection_date": "2015-08-19T15:04:27.449447+00:00", "source": {"name": "SARAM 2013"}, "method": {"name": "Taken with GPS Device"}, "coordinates": "{\"type\": \"Point\", \"coordinates\": [35.97248, -0.43953]}", "facility": {"code": 18102}}, {"collection_date": "2015-08-19T15:04:27.419082+00:00", "source": {"name": "DHMT"}, "method": {"name": "Taken with GPS Device"}, "coordinates": "{\"type\": \"Point\", \"coordinates\": [34.33293, -0.5997]}", "facility": {"code": 18078}}, {"collection_date": "2015-08-19T15:04:27.408897+00:00", "source": {"name": "SARAM 2013"}, "method": {"name": "Taken with GPS Device"}, "coordinates": "{\"type\": \"Point\", \"coordinates\": [37.07659, -1.07659]}", "facility": {"code": 17489}}, {"collection_date": "2015-08-19T15:04:27.395199+00:00", "source": {"name": "Sublocation Centroid Exercise of MOH/ICF Macro"}, "method": {"name": "Other"}, "coordinates": "{\"type\": \"Point\", \"coordinates\": [36.7414, -1.27974]}", "facility": {"code": 13188}}, {"collection_date": "2015-08-19T15:04:27.064396+00:00", "source": {"name": "Sublocation Centroid Exercise of MOH/ICF Macro"}, "method": {"name": "Other"}, "coordinates": "{\"type\": \"Point\", \"coordinates\": [41.8686, 3.93029]}", "facility": {"code": 16563}}, {"collection_date": "2015-08-19T15:04:27.021632+00:00", "source": {"name": "Khonde"}, "method": {"name": "Taken with GPS Device"}, "coordinates": "{\"type\": \"Point\", \"coordinates\": [40.14839, -2.86353]}", "facility": {"code": 11564}}, {"collection_date": "2015-08-19T15:04:26.862084+00:00", "source": {"name": "DHMT"}, "method": {"name": "Taken with GPS Device"}, "coordinates": "{\"type\": \"Point\", \"coordinates\": [34.13381, -0.65355]}", "facility": {"code": 18077}}, {"collection_date": "2015-08-19T15:04:26.830787+00:00", "source": {"name": "SARAM 2013"}, "method": {"name": "Taken with GPS Device"}, "coordinates": "{\"type\": \"Point\", \"coordinates\": [35.20806, 0.65356]}", "facility": {"code": 17488}}, {"collection_date": "2015-08-19T15:04:26.830741+00:00", "source": {"name": "MOH"}, "method": {"name": "Taken with GPS Device"}, "coordinates": "{\"type\": \"Point\", \"coordinates\": [40.11512, -3.18099]}", "facility": {"code": 11751}}, {"collection_date": "2015-08-19T15:04:26.819980+00:00", "source": {"name": "SARAM 2013"}, "method": {"name": "Taken with GPS Device"}, "coordinates": "{\"type\": \"Point\", \"coordinates\": [37.65489, 0.04822]}", "facility": {"code": 16562}}, {"collection_date": "2015-08-19T15:04:26.809442+00:00", "source": {"name": "Cold Chain Inventory (MoH/PATH/WHO) - Feb 2011"}, "method": {"name": "Taken with GPS Device"}, "coordinates": "{\"type\": \"Point\", \"coordinates\": [37.45185, -0.53452]}", "facility": {"code": 12430}}, {"collection_date": "2015-08-19T15:04:26.640297+00:00", "source": {"name": "DHMT"}, "method": {"name": "Taken with GPS Device"}, "coordinates": "{\"type\": \"Point\", \"coordinates\": [34.36375, -0.49377]}", "facility": {"code": 18076}}, {"collection_date": "2015-08-19T15:04:26.626264+00:00", "source": {"name": "MOH"}, "method": {"name": "Taken with GPS Device"}, "coordinates": "{\"type\": \"Point\", \"coordinates\": [39.468478, -3.07835]}", "facility": {"code": 11878}}, {"collection_date": "2015-08-19T15:04:26.625336+00:00", "source": {"name": "SARAM 2013"}, "method": {"name": "Taken with GPS Device"}, "coordinates": "{\"type\": \"Point\", \"coordinates\": [37.14413, -1.07354]}", "facility": {"code": 17486}}, {"collection_date": "2015-08-19T15:04:26.597240+00:00", "source": {"name": "SARAM 2013"}, "method": {"name": "Taken with GPS Device"}, "coordinates": "{\"type\": \"Point\", \"coordinates\": [37.65477, 0.0475]}", "facility": {"code": 16595}}, {"collection_date": "2015-08-19T15:04:26.464501+00:00", "source": {"name": "Sublocation Centroid Exercise of MOH/ICF Macro"}, "method": {"name": "Other"}, "coordinates": "{\"type\": \"Point\", \"coordinates\": [36.821, -1.2852]}", "facility": {"code": 13206}}, {"collection_date": "2015-08-19T15:04:26.404358+00:00", "source": {"name": "DHMT"}, "method": {"name": "Taken with GPS Device"}, "coordinates": "{\"type\": \"Point\", \"coordinates\": [34.2372, -0.50545]}", "facility": {"code": 18075}}, {"collection_date": "2015-08-19T15:04:26.386819+00:00", "source": {"name": "MOH"}, "method": {"name": "Taken with GPS Device"}, "coordinates": "{\"type\": \"Point\", \"coordinates\": [40.1053, -3.21881]}", "facility": {"code": 11362}}, {"collection_date": "2015-08-19T15:04:26.375463+00:00", "source": {"name": "SARAM 2013"}, "method": {"name": "Taken with GPS Device"}, "coordinates": "{\"type\": \"Point\", \"coordinates\": [37.07519, -1.03576]}", "facility": {"code": 17484}}, {"collection_date": "2015-08-19T15:04:26.242689+00:00", "source": {"name": "Sublocation Centroid Exercise of MOH/ICF Macro"}, "method": {"name": "Other"}, "coordinates": "{\"type\": \"Point\", \"coordinates\": [36.821, -1.2852]}", "facility": {"code": 13233}}, {"collection_date": "2015-08-19T15:04:26.230748+00:00", "source": {"name": "Sublocation Centroid Exercise of MOH/ICF Macro"}, "method": {"name": "Taken with GPS Device"}, "coordinates": "{\"type\": \"Point\", \"coordinates\": [37.6595, 0.04636]}", "facility": {"code": 16570}}, {"collection_date": "2015-08-19T15:04:26.162993+00:00", "source": {"name": "SARAM 2013"}, "method": {"name": "Taken with GPS Device"}, "coordinates": "{\"type\": \"Point\", \"coordinates\": [35.36196, -0.5361]}", "facility": {"code": 18073}}, {"collection_date": "2015-08-19T15:04:26.159163+00:00", "source": {"name": "SARAM 2013"}, "method": {"name": "Taken with GPS Device"}, "coordinates": "{\"type\": \"Point\", \"coordinates\": [34.90231, 0.11731]}", "facility": {"code": 17481}}, {"collection_date": "2015-08-19T15:04:26.019057+00:00", "source": {"name": "MOH"}, "method": {"name": "Taken with GPS Device"}, "coordinates": "{\"type\": \"Point\", \"coordinates\": [40.06484, -3.13161]}", "facility": {"code": 11698}}, {"collection_date": "2015-08-19T15:04:26.009719+00:00", "source": {"name": "SARAM 2013"}, "method": {"name": "Taken with GPS Device"}, "coordinates": "{\"type\": \"Point\", \"coordinates\": [37.53345, 0.14007]}", "facility": {"code": 16556}}, {"collection_date": "2015-08-19T15:04:26.008094+00:00", "source": {"name": "SARAM 2013"}, "method": {"name": "Taken with GPS Device"}, "coordinates": "{\"type\": \"Point\", \"coordinates\": [37.4085, -1.25252]}", "facility": {"code": 12504}}, {"collection_date": "2015-08-19T15:04:25.930973+00:00", "source": {"name": "MOH"}, "method": {"name": "Taken with GPS Device"}, "coordinates": "{\"type\": \"Point\", \"coordinates\": [35.30202, 3.00461]}", "facility": {"code": 18070}}, {"collection_date": "2015-08-19T15:04:25.907692+00:00", "source": {"name": "MOH"}, "method": {"name": "Taken with GPS Device"}, "coordinates": "{\"type\": \"Point\", \"coordinates\": [40.12387, -3.22654]}", "facility": {"code": 11556}}, {"collection_date": "2015-08-19T15:04:25.907651+00:00", "source": {"name": "SARAM 2013"}, "method": {"name": "Taken with GPS Device"}, "coordinates": "{\"type\": \"Point\", \"coordinates\": [35.1835, 2.86632]}", "facility": {"code": 17480}}, {"collection_date": "2015-08-19T15:04:25.796899+00:00", "source": {"name": "HMIS,DHRIO"}, "method": {"name": "Taken with GPS Device"}, "coordinates": "{\"type\": \"Point\", \"coordinates\": [35.10533, 0.20325]}", "facility": {"code": 15396}}, {"collection_date": "2015-08-19T15:04:25.773633+00:00", "source": {"name": "SARAM 2013"}, "method": {"name": "Taken with GPS Device"}, "coordinates": "{\"type\": \"Point\", \"coordinates\": [37.65459, 0.04751]}", "facility": {"code": 16626}}, {"collection_date": "2015-08-19T15:04:25.699785+00:00", "source": {"name": "DHMT"}, "method": {"name": "Taken with GPS Device"}, "coordinates": "{\"type\": \"Point\", \"coordinates\": [34.60917, -0.76264]}", "facility": {"code": 18068}}, {"collection_date": "2015-08-19T15:04:25.697884+00:00", "source": {"name": "SARAM 2013"}, "method": {"name": "Taken with GPS Device"}, "coordinates": "{\"type\": \"Point\", \"coordinates\": [39.85135, -3.63115]}", "facility": {"code": 11623}}, {"collection_date": "2015-08-19T15:04:25.684731+00:00", "source": {"name": "MOH-DHRIO"}, "method": {"name": "Taken with GPS Device"}, "coordinates": "{\"type\": \"Point\", \"coordinates\": [35.93006, 3.439545]}", "facility": {"code": 17479}}, {"collection_date": "2015-08-19T15:04:25.678985+00:00", "source": {"name": "DHMT"}, "method": {"name": "Taken with GPS Device"}, "coordinates": "{\"type\": \"Point\", \"coordinates\": [36.79262, -1.29435]}", "facility": {"code": 13050}}, {"collection_date": "2015-08-19T15:04:25.504520+00:00", "source": {"name": "SARAM 2013"}, "method": {"name": "Taken with GPS Device"}, "coordinates": "{\"type\": \"Point\", \"coordinates\": [37.6595, 0.04636]}", "facility": {"code": 16629}}, {"collection_date": "2015-08-19T15:04:25.488748+00:00", "source": {"name": "MOH"}, "method": {"name": "Taken with GPS Device"}, "coordinates": "{\"type\": \"Point\", \"coordinates\": [40.0175, -3.13593]}", "facility": {"code": 16521}}, {"collection_date": "2015-08-19T15:04:25.474082+00:00", "source": {"name": "DHMT"}, "method": {"name": "Taken with GPS Device"}, "coordinates": "{\"type\": \"Point\", \"coordinates\": [34.46355, -1.06888]}", "facility": {"code": 18067}}, {"collection_date": "2015-08-19T15:04:25.428648+00:00", "source": {"name": "Sublocation Centroid Exercise of MOH/ICF Macro"}, "method": {"name": "Other"}, "coordinates": "{\"type\": \"Point\", \"coordinates\": [36.821, -1.2852]}", "facility": {"code": 13187}}], "model": "mfl_gis.FacilityCoordinates", "unique_fields": ["facility"]}]