[{"records": [{"collection_date": "2015-08-19T15:04:05.350014+00:00", "source": {"name": "DHMT"}, "method": {"name": "Taken with GPS Device"}, "coordinates": "{\"type\": \"Point\", \"coordinates\": [36.95878, -1.21291]}", "facility": {"code": 16751}}, {"collection_date": "2015-08-19T15:04:05.340030+00:00", "source": {"name": "DHMT"}, "method": {"name": "Taken with GPS Device"}, "coordinates": "{\"type\": \"Point\", \"coordinates\": [36.84989, -1.31243]}", "facility": {"code": 13100}}, {"collection_date": "2015-08-19T15:04:05.325534+00:00", "source": {"name": "GPS"}, "method": {"name": "Taken with GPS Device"}, "coordinates": "{\"type\": \"Point\", \"coordinates\": [36.55346, -0.55535]}", "facility": {"code": 10887}}, {"collection_date": "2015-08-19T15:04:05.323597+00:00", "source": {"name": "DHMT"}, "method": {"name": "Taken with GPS Device"}, "coordinates": "{\"type\": \"Point\", \"coordinates\": [37.65672, -0.07129]}", "facility": {"code": 17959}}, {"collection_date": "2015-08-19T15:04:05.289895+00:00", "source": {"name": "SARAM 2013"}, "method": {"name": "Taken with GPS Device"}, "coordinates": "{\"type\": \"Point\", \"coordinates\": [36.71486, -1.22146]}", "facility": {"code": 17372}}, {"collection_date": "2015-08-19T15:04:05.235374+00:00", "source": {"name": "SARAM 2013"}, "method": {"name": "Taken with GPS Device"}, "coordinates": "{\"type\": \"Point\", \"coordinates\": [37.60254, 0.01093]}", "facility": {"code": 16838}}, {"collection_date": "2015-08-19T15:04:05.217650+00:00", "source": {"name": "Sublocation Centroid Exercise of MOH/ICF Macro"}, "method": {"name": "Taken with GPS Device"}, "coordinates": "{\"type\": \"Point\", \"coordinates\": [39.67372, -4.05228]}", "facility": {"code": 16530}}, {"collection_date": "2015-08-19T15:04:05.204933+00:00", "source": {"name": "SARAM 2013"}, "method": {"name": "Taken with GPS Device"}, "coordinates": "{\"type\": \"Point\", \"coordinates\": [37.67414, -0.12636]}", "facility": {"code": 17958}}, {"collection_date": "2015-08-19T15:04:05.163813+00:00", "source": {"name": "KEMRI GIS MERGE"}, "method": {"name": "Taken with GPS Device"}, "coordinates": "{\"type\": \"Point\", \"coordinates\": [36.59506, -0.94611]}", "facility": {"code": 10602}}, {"collection_date": "2015-08-19T15:04:05.143341+00:00", "source": {"name": "ETREX GPS"}, "method": {"name": "Taken with GPS Device"}, "coordinates": "{\"type\": \"Point\", \"coordinates\": [36.65513, -1.19913]}", "facility": {"code": 17371}}, {"collection_date": "2015-08-19T15:04:05.112777+00:00", "source": {"name": "Sublocation Centroid Exercise of MOH/ICF Macro"}, "method": {"name": "Other"}, "coordinates": "{\"type\": \"Point\", \"coordinates\": [36.9033, -0.716275]}", "facility": {"code": 11078}}, {"collection_date": "2015-08-19T15:04:05.080066+00:00", "source": {"name": "SARAM 2013"}, "method": {"name": "Taken with GPS Device"}, "coordinates": "{\"type\": \"Point\", \"coordinates\": [37.67354, -0.12553]}", "facility": {"code": 17957}}, {"collection_date": "2015-08-19T15:04:05.079641+00:00", "source": {"name": "Cold Chain Inventory (MoH/PATH/WHO) - Feb 2011"}, "method": {"name": "Taken with GPS Device"}, "coordinates": "{\"type\": \"Point\", \"coordinates\": [37.6418, -0.58005]}", "facility": {"code": 12733}}, {"collection_date": "2015-08-19T15:04:05.022576+00:00", "source": {"name": "Sublocation Centroid Exercise of MOH/ICF Macro"}, "method": {"name": "Taken with GPS Device"}, "coordinates": "{\"type\": \"Point\", \"coordinates\": [34.77007, -0.67496]}", "facility": {"code": 13603}}, {"collection_date": "2015-08-19T15:04:05.014729+00:00", "source": {"name": "ETREX GPS"}, "method": {"name": "Taken with GPS Device"}, "coordinates": "{\"type\": \"Point\", \"coordinates\": [36.65886, -1.21091]}", "facility": {"code": 17370}}, {"collection_date": "2015-08-19T15:04:04.952559+00:00", "source": {"name": "Sublocation Centroid Exercise of MOH/ICF Macro"}, "method": {"name": "Other"}, "coordinates": "{\"type\": \"Point\", \"coordinates\": [37.0472, -0.631256]}", "facility": {"code": 10511}}, {"collection_date": "2015-08-19T15:04:04.948579+00:00", "source": {"name": "Sublocation Centroid Exercise of MOH/ICF Macro"}, "method": {"name": "Other"}, "coordinates": "{\"type\": \"Point\", \"coordinates\": [39.66094, -4.03316]}", "facility": {"code": 11318}}, {"collection_date": "2015-08-19T15:04:04.946408+00:00", "source": {"name": "SARAM 2013"}, "method": {"name": "Taken with GPS Device"}, "coordinates": "{\"type\": \"Point\", \"coordinates\": [36.78641, -1.10796]}", "facility": {"code": 17953}}, {"collection_date": "2015-08-19T15:04:04.877613+00:00", "source": {"name": "ETREX GPRS"}, "method": {"name": "Taken with GPS Device"}, "coordinates": "{\"type\": \"Point\", \"coordinates\": [36.40522, -1.12826]}", "facility": {"code": 17369}}, {"collection_date": "2015-08-19T15:04:04.867050+00:00", "source": {"name": "KEMRI GIS MERGE"}, "method": {"name": "Taken with GPS Device"}, "coordinates": "{\"type\": \"Point\", \"coordinates\": [36.66959, -1.26526]}", "facility": {"code": 10603}}, {"collection_date": "2015-08-19T15:04:04.726356+00:00", "source": {"name": "Sublocation Centroid Exercise of MOH/ICF Macro"}, "method": {"name": "Other"}, "coordinates": "{\"type\": \"Point\", \"coordinates\": [37.0979, -1.06743]}", "facility": {"code": 10466}}, {"collection_date": "2015-08-19T15:04:04.722330+00:00", "source": {"name": "chirchir"}, "method": {"name": "Taken with GPS Device"}, "coordinates": "{\"type\": \"Point\", \"coordinates\": [36.90143, -1.21862]}", "facility": {"code": 17951}}, {"collection_date": "2015-08-19T15:04:04.698503+00:00", "source": {"name": "Reception"}, "method": {"name": "Taken with GPS Device"}, "coordinates": "{\"type\": \"Point\", \"coordinates\": [38.18951, -1.22478]}", "facility": {"code": 12577}}, {"collection_date": "2015-08-19T15:04:04.666520+00:00", "source": {"name": "ETREX GPS"}, "method": {"name": "Taken with GPS Device"}, "coordinates": "{\"type\": \"Point\", \"coordinates\": [36.69546, -1.2403]}", "facility": {"code": 17368}}, {"collection_date": "2015-08-19T15:04:04.656089+00:00", "source": {"name": "DHMT"}, "method": {"name": "Taken with GPS Device"}, "coordinates": "{\"type\": \"Point\", \"coordinates\": [36.37512, -0.25627]}", "facility": {"code": 10916}}, {"collection_date": "2015-08-19T15:04:04.602352+00:00", "source": {"name": "SARAM 2013"}, "method": {"name": "Taken with GPS Device"}, "coordinates": "{\"type\": \"Point\", \"coordinates\": [36.88434, -1.23384]}", "facility": {"code": 17949}}, {"collection_date": "2015-08-19T15:04:04.567228+00:00", "source": {"name": "Sublocation Centroid Exercise of MOH/ICF Macro"}, "method": {"name": "Other"}, "coordinates": "{\"type\": \"Point\", \"coordinates\": [36.9855, -1.07444]}", "facility": {"code": 11049}}, {"collection_date": "2015-08-19T15:04:04.556237+00:00", "source": {"name": "SARAM 2013"}, "method": {"name": "Taken with GPS Device"}, "coordinates": "{\"type\": \"Point\", \"coordinates\": [37.56854, -0.39042]}", "facility": {"code": 17367}}, {"collection_date": "2015-08-19T15:04:04.549396+00:00", "source": {"name": "Sublocation Centroid Exercise of MOH/ICF Macro"}, "method": {"name": "Taken with GPS Device"}, "coordinates": "{\"type\": \"Point\", \"coordinates\": [39.52339, -3.47943]}", "facility": {"code": 16179}}, {"collection_date": "2015-08-19T15:04:04.535357+00:00", "source": {"name": "Cold Chain Inventory (MoH/PATH/WHO) - Feb 2011"}, "method": {"name": "Taken with GPS Device"}, "coordinates": "{\"type\": \"Point\", \"coordinates\": [34.5611, 0.04515]}", "facility": {"code": 13535}}, {"collection_date": "2015-08-19T15:04:04.477525+00:00", "source": {"name": "chirchir"}, "method": {"name": "Taken with GPS Device"}, "coordinates": "{\"type\": \"Point\", \"coordinates\": [36.90214, -1.21867]}", "facility": {"code": 17947}}, {"collection_date": "2015-08-19T15:04:04.442013+00:00", "source": {"name": "DHMT"}, "method": {"name": "Taken with GPS Device"}, "coordinates": "{\"type\": \"Point\", \"coordinates\": [36.93248, -1.20928]}", "facility": {"code": 10920}}, {"collection_date": "2015-08-19T15:04:04.421973+00:00", "source": {"name": "DHMT"}, "method": {"name": "Taken with GPS Device"}, "coordinates": "{\"type\": \"Point\", \"coordinates\": [36.84552, -1.31524]}", "facility": {"code": 13084}}, {"collection_date": "2015-08-19T15:04:04.410925+00:00", "source": {"name": "SARAM 2013"}, "method": {"name": "Taken with GPS Device"}, "coordinates": "{\"type\": \"Point\", \"coordinates\": [35.26655, 0.51867]}", "facility": {"code": 17366}}, {"collection_date": "2015-08-19T15:04:04.401069+00:00", "source": {"name": "KEMRI GIS MERGE"}, "method": {"name": "Taken with GPS Device"}, "coordinates": "{\"type\": \"Point\", \"coordinates\": [37.94188, 0.231]}", "facility": {"code": 12492}}, {"collection_date": "2015-08-19T15:04:04.344515+00:00", "source": {"name": "DHMT"}, "method": {"name": "Taken with GPS Device"}, "coordinates": "{\"type\": \"Point\", \"coordinates\": [39.68426, -4.01607]}", "facility": {"code": 17946}}, {"collection_date": "2015-08-19T15:04:04.321677+00:00", "source": {"name": "Sublocation Centroid Exercise of MOH/ICF Macro"}, "method": {"name": "Other"}, "coordinates": "{\"type\": \"Point\", \"coordinates\": [37.3477, -0.61046]}", "facility": {"code": 10885}}, {"collection_date": "2015-08-19T15:04:04.310245+00:00", "source": {"name": "SARAM 2013"}, "method": {"name": "Taken with GPS Device"}, "coordinates": "{\"type\": \"Point\", \"coordinates\": [39.67359, -4.06385]}", "facility": {"code": 11316}}, {"collection_date": "2015-08-19T15:04:04.277083+00:00", "source": {"name": "ETREX GPS"}, "method": {"name": "Taken with GPS Device"}, "coordinates": "{\"type\": \"Point\", \"coordinates\": [36.65497, -1.19994]}", "facility": {"code": 17364}}, {"collection_date": "2015-08-19T15:04:04.259289+00:00", "source": {"name": "DHMT"}, "method": {"name": "Taken with GPS Device"}, "coordinates": "{\"type\": \"Point\", \"coordinates\": [36.79893, -1.30096]}", "facility": {"code": 12905}}, {"collection_date": "2015-08-19T15:04:04.242649+00:00", "source": {"name": "SARAM 2013"}, "method": {"name": "Taken with GPS Device"}, "coordinates": "{\"type\": \"Point\", \"coordinates\": [35.30426, 0.51049]}", "facility": {"code": 17945}}, {"collection_date": "2015-08-19T15:04:04.193432+00:00", "source": {"name": "Sublocation Centroid Exercise of MOH/ICF Macro"}, "method": {"name": "Other"}, "coordinates": "{\"type\": \"Point\", \"coordinates\": [37.3954, -0.652397]}", "facility": {"code": 10364}}, {"collection_date": "2015-08-19T15:04:04.185834+00:00", "source": {"name": "Sublocation Centroid Exercise of MOH/ICF Macro"}, "method": {"name": "Other"}, "coordinates": "{\"type\": \"Point\", \"coordinates\": [40.05686, 1.75129]}", "facility": {"code": 13285}}, {"collection_date": "2015-08-19T15:04:04.167708+00:00", "source": {"name": "ETREX GPS"}, "method": {"name": "Taken with GPS Device"}, "coordinates": "{\"type\": \"Point\", \"coordinates\": [36.65859, -1.19816]}", "facility": {"code": 17363}}, {"collection_date": "2015-08-19T15:04:04.155414+00:00", "source": {"name": "Sublocation Centroid Exercise of MOH/ICF Macro"}, "method": {"name": "Taken with GPS Device"}, "coordinates": "{\"type\": \"Point\", \"coordinates\": [37.66709, -0.19313]}", "facility": {"code": 12743}}, {"collection_date": "2015-08-19T15:04:04.122774+00:00", "source": {"name": "DHMT"}, "method": {"name": "Taken with GPS Device"}, "coordinates": "{\"type\": \"Point\", \"coordinates\": [35.39015, 0.69257]}", "facility": {"code": 17944}}, {"collection_date": "2015-08-19T15:04:04.066127+00:00", "source": {"name": "Sublocation Centroid Exercise of MOH/ICF Macro"}, "method": {"name": "Other"}, "coordinates": "{\"type\": \"Point\", \"coordinates\": [36.7761, -0.770206]}", "facility": {"code": 10606}}, {"collection_date": "2015-08-19T15:04:04.053854+00:00", "source": {"name": "SARAM 2013"}, "method": {"name": "Taken with GPS Device"}, "coordinates": "{\"type\": \"Point\", \"coordinates\": [39.67717, -4.0607]}", "facility": {"code": 11465}}, {"collection_date": "2015-08-19T15:04:04.043581+00:00", "source": {"name": "ETREX GPS"}, "method": {"name": "Taken with GPS Device"}, "coordinates": "{\"type\": \"Point\", \"coordinates\": [36.70614, -1.22872]}", "facility": {"code": 17362}}, {"collection_date": "2015-08-19T15:04:04.030238+00:00", "source": {"name": "Sublocation Centroid Exercise of MOH/ICF Macro"}, "method": {"name": "Taken with GPS Device"}, "coordinates": "{\"type\": \"Point\", \"coordinates\": [39.66324, -4.06057]}", "facility": {"code": 11570}}, {"collection_date": "2015-08-19T15:04:03.998576+00:00", "source": {"name": "SARAM 2013"}, "method": {"name": "Taken with GPS Device"}, "coordinates": "{\"type\": \"Point\", \"coordinates\": [38.12483, -1.3906]}", "facility": {"code": 17939}}, {"collection_date": "2015-08-19T15:04:03.942297+00:00", "source": {"name": "DHMT"}, "method": {"name": "Taken with GPS Device"}, "coordinates": "{\"type\": \"Point\", \"coordinates\": [36.92446, -1.21078]}", "facility": {"code": 10036}}, {"collection_date": "2015-08-19T15:04:03.933829+00:00", "source": {"name": "DHMT"}, "method": {"name": "Taken with GPS Device"}, "coordinates": "{\"type\": \"Point\", \"coordinates\": [36.6993, 1.0997]}", "facility": {"code": 16321}}, {"collection_date": "2015-08-19T15:04:03.899146+00:00", "source": {"name": "MOH"}, "method": {"name": "Taken with GPS Device"}, "coordinates": "{\"type\": \"Point\", \"coordinates\": [35.19624, 0.41318]}", "facility": {"code": 17361}}, {"collection_date": "2015-08-19T15:04:03.887552+00:00", "source": {"name": "DHMT"}, "method": {"name": "Taken with GPS Device"}, "coordinates": "{\"type\": \"Point\", \"coordinates\": [37.26279, -1.52639]}", "facility": {"code": 11955}}, {"collection_date": "2015-08-19T15:04:03.866807+00:00", "source": {"name": "SARAM 2013"}, "method": {"name": "Taken with GPS Device"}, "coordinates": "{\"type\": \"Point\", \"coordinates\": [38.25313, -1.53427]}", "facility": {"code": 17935}}, {"collection_date": "2015-08-19T15:04:03.797933+00:00", "source": {"name": "SARAM 2013"}, "method": {"name": "Taken with GPS Device"}, "coordinates": "{\"type\": \"Point\", \"coordinates\": [37.59294, -2.15835]}", "facility": {"code": 14591}}, {"collection_date": "2015-08-19T15:04:03.778284+00:00", "source": {"name": "Sublocation Centroid Exercise of MOH/ICF Macro"}, "method": {"name": "Other"}, "coordinates": "{\"type\": \"Point\", \"coordinates\": [36.988, -0.701925]}", "facility": {"code": 10644}}, {"collection_date": "2015-08-19T15:04:03.778014+00:00", "source": {"name": "MOH"}, "method": {"name": "Taken with GPS Device"}, "coordinates": "{\"type\": \"Point\", \"coordinates\": [35.36798, 0.20126]}", "facility": {"code": 17360}}, {"collection_date": "2015-08-19T15:04:03.764349+00:00", "source": {"name": "KEMRI GIS MERGE"}, "method": {"name": "Taken with GPS Device"}, "coordinates": "{\"type\": \"Point\", \"coordinates\": [34.474722, -1.070833]}", "facility": {"code": 14110}}, {"collection_date": "2015-08-19T15:04:03.732614+00:00", "source": {"name": "SARAM 2013"}, "method": {"name": "Taken with GPS Device"}, "coordinates": "{\"type\": \"Point\", \"coordinates\": [39.52247, -4.39993]}", "facility": {"code": 17932}}, {"collection_date": "2015-08-19T15:04:03.582964+00:00", "source": {"name": "Sublocation Centroid Exercise of MOH/ICF Macro"}, "method": {"name": "Other"}, "coordinates": "{\"type\": \"Point\", \"coordinates\": [37.0979, -1.06743]}", "facility": {"code": 10385}}, {"collection_date": "2015-08-19T15:04:03.565682+00:00", "source": {"name": "DHMT"}, "method": {"name": "Taken with GPS Device"}, "coordinates": "{\"type\": \"Point\", \"coordinates\": [37.66278, -0.0643]}", "facility": {"code": 12667}}, {"collection_date": "2015-08-19T15:04:03.555280+00:00", "source": {"name": "GPS"}, "method": {"name": "Taken with GPS Device"}, "coordinates": "{\"type\": \"Point\", \"coordinates\": [37.0329, -0.53074]}", "facility": {"code": 17357}}, {"collection_date": "2015-08-19T15:04:03.543223+00:00", "source": {"name": "Cold Chain Inventory (MoH/PATH/WHO) - Feb 2011"}, "method": {"name": "Taken with GPS Device"}, "coordinates": "{\"type\": \"Point\", \"coordinates\": [37.45493, -0.53934]}", "facility": {"code": 12696}}, {"collection_date": "2015-08-19T15:04:03.519862+00:00", "source": {"name": "GPS"}, "method": {"name": "Taken with GPS Device"}, "coordinates": "{\"type\": \"Point\", \"coordinates\": [34.42738, 0.45476]}", "facility": {"code": 17931}}, {"collection_date": "2015-08-19T15:04:03.456503+00:00", "source": {"name": "Sublocation Centroid Exercise of MOH/ICF Macro"}, "method": {"name": "Other"}, "coordinates": "{\"type\": \"Point\", \"coordinates\": [36.9211, -1.26843]}", "facility": {"code": 12872}}, {"collection_date": "2015-08-19T15:04:03.433204+00:00", "source": {"name": "Sublocation Centroid Exercise of MOH/ICF Macro"}, "method": {"name": "Taken with GPS Device"}, "coordinates": "{\"type\": \"Point\", \"coordinates\": [34.47171, -1.20823]}", "facility": {"code": 16261}}, {"collection_date": "2015-08-19T15:04:03.422677+00:00", "source": {"name": "DHMT"}, "method": {"name": "Taken with GPS Device"}, "coordinates": "{\"type\": \"Point\", \"coordinates\": [40.00996, 1.90153]}", "facility": {"code": 17356}}, {"collection_date": "2015-08-19T15:04:03.409650+00:00", "source": {"name": "KEMRI GIS MERGE"}, "method": {"name": "Taken with GPS Device"}, "coordinates": "{\"type\": \"Point\", \"coordinates\": [34.76971, -0.0422]}", "facility": {"code": 14120}}, {"collection_date": "2015-08-19T15:04:03.398726+00:00", "source": {"name": "GPS"}, "method": {"name": "Taken with GPS Device"}, "coordinates": "{\"type\": \"Point\", \"coordinates\": [34.44805, 0.40245]}", "facility": {"code": 17930}}, {"collection_date": "2015-08-19T15:04:03.312143+00:00", "source": {"name": "SARAM"}, "method": {"name": "Taken with GPS Device"}, "coordinates": "{\"type\": \"Point\", \"coordinates\": [36.78987, -1.84189]}", "facility": {"code": 14268}}, {"collection_date": "2015-08-19T15:04:03.295699+00:00", "source": {"name": "DHMT"}, "method": {"name": "Taken with GPS Device"}, "coordinates": "{\"type\": \"Point\", \"coordinates\": [40.10293, 1.78466]}", "facility": {"code": 17355}}, {"collection_date": "2015-08-19T15:04:03.295699+00:00", "source": {"name": "SARAM 2013"}, "method": {"name": "Taken with GPS Device"}, "coordinates": "{\"type\": \"Point\", \"coordinates\": [39.6749, -4.02795]}", "facility": {"code": 11353}}, {"collection_date": "2015-08-19T15:04:03.263794+00:00", "source": {"name": "GPS"}, "method": {"name": "Taken with GPS Device"}, "coordinates": "{\"type\": \"Point\", \"coordinates\": [34.39497, 0.31675]}", "facility": {"code": 17929}}, {"collection_date": "2015-08-19T15:04:03.255839+00:00", "source": {"name": "GPS"}, "method": {"name": "Taken with GPS Device"}, "coordinates": "{\"type\": \"Point\", \"coordinates\": [38.00028, -1.19241]}", "facility": {"code": 12587}}, {"collection_date": "2015-08-19T15:04:03.197019+00:00", "source": {"name": "Sublocation Centroid Exercise of MOH/ICF Macro"}, "method": {"name": "Other"}, "coordinates": "{\"type\": \"Point\", \"coordinates\": [37.0685, -1.02794]}", "facility": {"code": 10524}}, {"collection_date": "2015-08-19T15:04:03.177181+00:00", "source": {"name": "DHMT"}, "method": {"name": "Taken with GPS Device"}, "coordinates": "{\"type\": \"Point\", \"coordinates\": [39.88106, 2.36309]}", "facility": {"code": 17354}}, {"collection_date": "2015-08-19T15:04:03.164669+00:00", "source": {"name": "Sublocation Centroid Exercise of MOH/ICF Macro"}, "method": {"name": "Other"}, "coordinates": "{\"type\": \"Point\", \"coordinates\": [37.1306, -0.731465]}", "facility": {"code": 10683}}, {"collection_date": "2015-08-19T15:04:03.132618+00:00", "source": {"name": "Cold Chain Inventory (MoH/PATH/WHO) - Feb 2011"}, "method": {"name": "Taken with GPS Device"}, "coordinates": "{\"type\": \"Point\", \"coordinates\": [37.58781, -0.41331]}", "facility": {"code": 12413}}, {"collection_date": "2015-08-19T15:04:03.126824+00:00", "source": {"name": "SARAM 2013"}, "method": {"name": "Taken with GPS Device"}, "coordinates": "{\"type\": \"Point\", \"coordinates\": [39.18909, -4.51809]}", "facility": {"code": 17928}}, {"collection_date": "2015-08-19T15:04:03.068541+00:00", "source": {"name": "Sublocation Centroid Exercise of MOH/ICF Macro"}, "method": {"name": "Other"}, "coordinates": "{\"type\": \"Point\", \"coordinates\": [36.9855, -1.07444]}", "facility": {"code": 10664}}, {"collection_date": "2015-08-19T15:04:03.060112+00:00", "source": {"name": "DHMT"}, "method": {"name": "Taken with GPS Device"}, "coordinates": "{\"type\": \"Point\", \"coordinates\": [39.98646, 2.71032]}", "facility": {"code": 17353}}, {"collection_date": "2015-08-19T15:04:03.040985+00:00", "source": {"name": "DHMT"}, "method": {"name": "Taken with GPS Device"}, "coordinates": "{\"type\": \"Point\", \"coordinates\": [40.0581, 1.76201]}", "facility": {"code": 13407}}, {"collection_date": "2015-08-19T15:04:03.007137+00:00", "source": {"name": "Sublocation Centroid Exercise of MOH/ICF Macro"}, "method": {"name": "Taken with GPS Device"}, "coordinates": "{\"type\": \"Point\", \"coordinates\": [39.44444, -3.80708]}", "facility": {"code": 11225}}, {"collection_date": "2015-08-19T15:04:02.999066+00:00", "source": {"name": "SARAM 2013"}, "method": {"name": "Taken with GPS Device"}, "coordinates": "{\"type\": \"Point\", \"coordinates\": [37.65248, -0.29458]}", "facility": {"code": 17927}}, {"collection_date": "2015-08-19T15:04:02.918804+00:00", "source": {"name": "Sublocation Centroid Exercise of MOH/ICF Macro"}, "method": {"name": "Taken with GPS Device"}, "coordinates": "{\"type\": \"Point\", \"coordinates\": [37.10517, -1.05841]}", "facility": {"code": 10769}}, {"collection_date": "2015-08-19T15:04:02.918202+00:00", "source": {"name": "Cold Chain Inventory (MoH/PATH/WHO) - Feb 2011"}, "method": {"name": "Taken with GPS Device"}, "coordinates": "{\"type\": \"Point\", \"coordinates\": [35.74169, 0.49418]}", "facility": {"code": 17352}}, {"collection_date": "2015-08-19T15:04:02.899217+00:00", "source": {"name": "Sublocation Centroid Exercise of MOH/ICF Macro"}, "method": {"name": "Taken with GPS Device"}, "coordinates": "{\"type\": \"Point\", \"coordinates\": [41.85759, 3.93944]}", "facility": {"code": 16311}}, {"collection_date": "2015-08-19T15:04:02.886036+00:00", "source": {"name": "DHMT"}, "method": {"name": "Taken with GPS Device"}, "coordinates": "{\"type\": \"Point\", \"coordinates\": [34.70296, -0.07429]}", "facility": {"code": 14017}}, {"collection_date": "2015-08-19T15:04:02.852814+00:00", "source": {"name": "MFL"}, "method": {"name": "Taken with GPS Device"}, "coordinates": "{\"type\": \"Point\", \"coordinates\": [34.45572, -0.53058]}", "facility": {"code": 17926}}, {"collection_date": "2015-08-19T15:04:02.803007+00:00", "source": {"name": "Sublocation Centroid Exercise of MOH/ICF Macro"}, "method": {"name": "Other"}, "coordinates": "{\"type\": \"Point\", \"coordinates\": [37.0979, -1.06743]}", "facility": {"code": 10804}}, {"collection_date": "2015-08-19T15:04:02.783051+00:00", "source": {"name": "ETREX GPS"}, "method": {"name": "Taken with GPS Device"}, "coordinates": "{\"type\": \"Point\", \"coordinates\": [36.64229, -1.11337]}", "facility": {"code": 10345}}, {"collection_date": "2015-08-19T15:04:02.764504+00:00", "source": {"name": "KEMRI GIS MERGE"}, "method": {"name": "Taken with GPS Device"}, "coordinates": "{\"type\": \"Point\", \"coordinates\": [36.87151, -1.24976]}", "facility": {"code": 13150}}, {"collection_date": "2015-08-19T15:04:02.749986+00:00", "source": {"name": "DHMT"}, "method": {"name": "Taken with GPS Device"}, "coordinates": "{\"type\": \"Point\", \"coordinates\": [36.00203, 0.43464]}", "facility": {"code": 17351}}, {"collection_date": "2015-08-19T15:04:02.718319+00:00", "source": {"name": "SARAM 2013"}, "method": {"name": "Taken with GPS Device"}, "coordinates": "{\"type\": \"Point\", \"coordinates\": [35.50136, -1.57335]}", "facility": {"code": 17923}}, {"collection_date": "2015-08-19T15:04:02.662123+00:00", "source": {"name": "Sublocation Centroid Exercise of MOH/ICF Macro"}, "method": {"name": "Other"}, "coordinates": "{\"type\": \"Point\", \"coordinates\": [37.1575, -1.95261]}", "facility": {"code": 14546}}, {"collection_date": "2015-08-19T15:04:02.652159+00:00", "source": {"name": "Cold Chain Inventory (MoH/PATH/WHO) - Feb 2011"}, "method": {"name": "Taken with GPS Device"}, "coordinates": "{\"type\": \"Point\", \"coordinates\": [37.45496, -0.54496]}", "facility": {"code": 12109}}, {"collection_date": "2015-08-19T15:04:02.643273+00:00", "source": {"name": "KEMRI GIS MERGE"}, "method": {"name": "Calc from proximity to school, village,markets"}, "coordinates": "{\"type\": \"Point\", \"coordinates\": [34.1983, -0.8123]}", "facility": {"code": 14103}}], "model": "mfl_gis.FacilityCoordinates", "unique_fields": ["facility"]}]