[{"records": [{"collection_date": "2015-08-19T15:04:02.497846+00:00", "source": {"name": "DHMT"}, "method": {"name": "Taken with GPS Device"}, "coordinates": "{\"type\": \"Point\", \"coordinates\": [40.05375, 1.73769]}", "facility": {"code": 17922}}, {"collection_date": "2015-08-19T15:04:02.490616+00:00", "source": {"name": "Sublocation Centroid Exercise of MOH/ICF Macro"}, "method": {"name": "Other"}, "coordinates": "{\"type\": \"Point\", \"coordinates\": [35.982, -0.456638]}", "facility": {"code": 14487}}, {"collection_date": "2015-08-19T15:04:02.447085+00:00", "source": {"name": "Sublocation Centroid Exercise of MOH/ICF Macro"}, "method": {"name": "Taken with GPS Device"}, "coordinates": "{\"type\": \"Point\", \"coordinates\": [35.69458, -0.16094]}", "facility": {"code": 15157}}, {"collection_date": "2015-08-19T15:04:02.431414+00:00", "source": {"name": "DHMT"}, "method": {"name": "Taken with GPS Device"}, "coordinates": "{\"type\": \"Point\", \"coordinates\": [34.7728, -0.08317]}", "facility": {"code": 13856}}, {"collection_date": "2015-08-19T15:04:02.429090+00:00", "source": {"name": "DHMT"}, "method": {"name": "Taken with GPS Device"}, "coordinates": "{\"type\": \"Point\", \"coordinates\": [36.24574, 0.34118]}", "facility": {"code": 17348}}, {"collection_date": "2015-08-19T15:04:01.846985+00:00", "source": {"name": "Taken by DHRIO"}, "method": {"name": "Taken with GPS Device"}, "coordinates": "{\"type\": \"Point\", \"coordinates\": [37.72678, -2.25621]}", "facility": {"code": 17920}}, {"collection_date": "2015-08-19T15:04:01.831050+00:00", "source": {"name": "SARAM 2013"}, "method": {"name": "Taken with GPS Device"}, "coordinates": "{\"type\": \"Point\", \"coordinates\": [36.84845, -1.68764]}", "facility": {"code": 15460}}, {"collection_date": "2015-08-19T15:04:01.830990+00:00", "source": {"name": "Sublocation Centroid Exercise of MOH/ICF Macro"}, "method": {"name": "Taken with GPS Device"}, "coordinates": "{\"type\": \"Point\", \"coordinates\": [34.61912, -1.19417]}", "facility": {"code": 16262}}, {"collection_date": "2015-08-19T15:04:01.700781+00:00", "source": {"name": "SARAM 2013"}, "method": {"name": "Taken with GPS Device"}, "coordinates": "{\"type\": \"Point\", \"coordinates\": [39.65629, -4.04075]}", "facility": {"code": 17346}}, {"collection_date": "2015-08-19T15:04:01.688330+00:00", "source": {"name": "KEMRI GIS MERGE"}, "method": {"name": "Taken with GPS Device"}, "coordinates": "{\"type\": \"Point\", \"coordinates\": [36.84552, -1.28028]}", "facility": {"code": 13156}}, {"collection_date": "2015-08-19T15:04:01.395907+00:00", "source": {"name": "SARAM 2013"}, "method": {"name": "Taken with GPS Device"}, "coordinates": "{\"type\": \"Point\", \"coordinates\": [34.59122, -0.68782]}", "facility": {"code": 17345}}, {"collection_date": "2015-08-19T15:04:01.394723+00:00", "source": {"name": "SARAM"}, "method": {"name": "Taken with GPS Device"}, "coordinates": "{\"type\": \"Point\", \"coordinates\": [38.02712, -2.6436]}", "facility": {"code": 17918}}, {"collection_date": "2015-08-19T15:04:01.386673+00:00", "source": {"name": "Sublocation Centroid Exercise of MOH/ICF Macro"}, "method": {"name": "Taken with GPS Device"}, "coordinates": "{\"type\": \"Point\", \"coordinates\": [37.65858, 0.15303]}", "facility": {"code": 16612}}, {"collection_date": "2015-08-19T15:04:01.381544+00:00", "source": {"name": "Cold Chain Inventory (MoH/PATH/WHO) - Feb 2011"}, "method": {"name": "Taken with GPS Device"}, "coordinates": "{\"type\": \"Point\", \"coordinates\": [36.88777, -1.29524]}", "facility": {"code": 12952}}, {"collection_date": "2015-08-19T15:04:01.106184+00:00", "source": {"name": "KEMRI GIS MERGE"}, "method": {"name": "Taken with GPS Device"}, "coordinates": "{\"type\": \"Point\", \"coordinates\": [34.84724, -0.73371]}", "facility": {"code": 13680}}, {"collection_date": "2015-08-19T15:04:01.096691+00:00", "source": {"name": "Sublocation Centroid Exercise of MOH/ICF Macro"}, "method": {"name": "Taken with GPS Device"}, "coordinates": "{\"type\": \"Point\", \"coordinates\": [34.4717, -1.13186]}", "facility": {"code": 13763}}, {"collection_date": "2015-08-19T15:04:00.939022+00:00", "source": {"name": "Taken with GPS Device"}, "method": {"name": "Taken with GPS Device"}, "coordinates": "{\"type\": \"Point\", \"coordinates\": [37.96664, -2.41888]}", "facility": {"code": 17917}}, {"collection_date": "2015-08-19T15:04:00.932808+00:00", "source": {"name": "Sublocation Centroid Exercise of MOH/ICF Macro"}, "method": {"name": "Taken with GPS Device"}, "coordinates": "{\"type\": \"Point\", \"coordinates\": [37.24623, -1.03607]}", "facility": {"code": 10172}}, {"collection_date": "2015-08-19T15:04:00.931747+00:00", "source": {"name": "DHRIO"}, "method": {"name": "Taken with GPS Device"}, "coordinates": "{\"type\": \"Point\", \"coordinates\": [34.50659, -0.9873]}", "facility": {"code": 17344}}, {"collection_date": "2015-08-19T15:04:00.761619+00:00", "source": {"name": "Sublocation Centroid Exercise of MOH/ICF Macro"}, "method": {"name": "Taken with GPS Device"}, "coordinates": "{\"type\": \"Point\", \"coordinates\": [34.74911, -0.66243]}", "facility": {"code": 13925}}, {"collection_date": "2015-08-19T15:04:00.750743+00:00", "source": {"name": "SARAM 2013"}, "method": {"name": "Taken with GPS Device"}, "coordinates": "{\"type\": \"Point\", \"coordinates\": [39.68036, -4.06498]}", "facility": {"code": 11357}}, {"collection_date": "2015-08-19T15:04:00.589329+00:00", "source": {"name": "Taken By DHRIO During MFL Update RRI"}, "method": {"name": "Taken with GPS Device"}, "coordinates": "{\"type\": \"Point\", \"coordinates\": [37.96626, -2.41279]}", "facility": {"code": 17916}}, {"collection_date": "2015-08-19T15:04:00.584972+00:00", "source": {"name": "Sublocation Centroid Exercise of MOH/ICF Macro"}, "method": {"name": "Other"}, "coordinates": "{\"type\": \"Point\", \"coordinates\": [36.9041, -0.904477]}", "facility": {"code": 10113}}, {"collection_date": "2015-08-19T15:04:00.569665+00:00", "source": {"name": "SARAM 2013"}, "method": {"name": "Taken with GPS Device"}, "coordinates": "{\"type\": \"Point\", \"coordinates\": [34.45989, -0.92619]}", "facility": {"code": 17343}}, {"collection_date": "2015-08-19T15:04:00.427378+00:00", "source": {"name": "KEMRI GIS MERGE"}, "method": {"name": "Taken with GPS Device"}, "coordinates": "{\"type\": \"Point\", \"coordinates\": [36.80334, -1.30948]}", "facility": {"code": 13087}}, {"collection_date": "2015-08-19T15:04:00.403148+00:00", "source": {"name": "SARAM 2013"}, "method": {"name": "Taken with GPS Device"}, "coordinates": "{\"type\": \"Point\", \"coordinates\": [36.9117, -0.87293]}", "facility": {"code": 10523}}, {"collection_date": "2015-08-19T15:04:00.262057+00:00", "source": {"name": "Taken with GPS Device"}, "method": {"name": "Taken with GPS Device"}, "coordinates": "{\"type\": \"Point\", \"coordinates\": [37.96691, -2.41136]}", "facility": {"code": 17915}}, {"collection_date": "2015-08-19T15:04:00.252488+00:00", "source": {"name": "DHRIO"}, "method": {"name": "Taken with GPS Device"}, "coordinates": "{\"type\": \"Point\", \"coordinates\": [34.36881, -0.92791]}", "facility": {"code": 17342}}, {"collection_date": "2015-08-19T15:04:00.232182+00:00", "source": {"name": "SARAM 2013"}, "method": {"name": "Taken with GPS Device"}, "coordinates": "{\"type\": \"Point\", \"coordinates\": [36.80417, -1.40342]}", "facility": {"code": 14956}}, {"collection_date": "2015-08-19T15:04:00.080890+00:00", "source": {"name": "Cold Chain Inventory (MoH/PATH/WHO) - Feb 2011"}, "method": {"name": "Taken with GPS Device"}, "coordinates": "{\"type\": \"Point\", \"coordinates\": [37.94064, 0.29474]}", "facility": {"code": 12117}}, {"collection_date": "2015-08-19T15:04:00.072119+00:00", "source": {"name": "Sublocation Centroid Exercise of MOH/ICF Macro"}, "method": {"name": "Taken with GPS Device"}, "coordinates": "{\"type\": \"Point\", \"coordinates\": [34.77374, -0.6743]}", "facility": {"code": 14028}}, {"collection_date": "2015-08-19T15:04:00.059444+00:00", "source": {"name": "SARAM 2013"}, "method": {"name": "Taken with GPS Device"}, "coordinates": "{\"type\": \"Point\", \"coordinates\": [37.55977, -0.70909]}", "facility": {"code": 17913}}, {"collection_date": "2015-08-19T15:04:00.050451+00:00", "source": {"name": "GPS"}, "method": {"name": "Taken with GPS Device"}, "coordinates": "{\"type\": \"Point\", \"coordinates\": [37.00236, -0.215]}", "facility": {"code": 17340}}, {"collection_date": "2015-08-19T15:03:59.883741+00:00", "source": {"name": "DHMT"}, "method": {"name": "Taken with GPS Device"}, "coordinates": "{\"type\": \"Point\", \"coordinates\": [37.66818, -0.18612]}", "facility": {"code": 12835}}, {"collection_date": "2015-08-19T15:03:59.747497+00:00", "source": {"name": "DHMT"}, "method": {"name": "Taken with GPS Device"}, "coordinates": "{\"type\": \"Point\", \"coordinates\": [37.28039, -0.5048]}", "facility": {"code": 11140}}, {"collection_date": "2015-08-19T15:03:59.716531+00:00", "source": {"name": "DHMT"}, "method": {"name": "Taken with GPS Device"}, "coordinates": "{\"type\": \"Point\", \"coordinates\": [37.85816, -0.06174]}", "facility": {"code": 12759}}, {"collection_date": "2015-08-19T15:03:59.707054+00:00", "source": {"name": "SARAM 2013"}, "method": {"name": "Taken with GPS Device"}, "coordinates": "{\"type\": \"Point\", \"coordinates\": [37.70441, -0.68113]}", "facility": {"code": 17912}}, {"collection_date": "2015-08-19T15:03:59.706369+00:00", "source": {"name": "DHMT"}, "method": {"name": "Taken with GPS Device"}, "coordinates": "{\"type\": \"Point\", \"coordinates\": [39.34435, 0.38751]}", "facility": {"code": 17339}}, {"collection_date": "2015-08-19T15:03:59.690154+00:00", "source": {"name": "SARAM 2013"}, "method": {"name": "Taken with GPS Device"}, "coordinates": "{\"type\": \"Point\", \"coordinates\": [37.2408, 0.08585]}", "facility": {"code": 16634}}, {"collection_date": "2015-08-19T15:03:59.513346+00:00", "source": {"name": "DHMT"}, "method": {"name": "Taken with GPS Device"}, "coordinates": "{\"type\": \"Point\", \"coordinates\": [36.91915, -1.20569]}", "facility": {"code": 10938}}, {"collection_date": "2015-08-19T15:03:59.507762+00:00", "source": {"name": "KEMRI GIS MERGE"}, "method": {"name": "Taken with GPS Device"}, "coordinates": "{\"type\": \"Point\", \"coordinates\": [39.66333, -4.0461]}", "facility": {"code": 11573}}, {"collection_date": "2015-08-19T15:03:59.489720+00:00", "source": {"name": "DHMT"}, "method": {"name": "Taken with GPS Device"}, "coordinates": "{\"type\": \"Point\", \"coordinates\": [39.3096, 0.76403]}", "facility": {"code": 17337}}, {"collection_date": "2015-08-19T15:03:59.486365+00:00", "source": {"name": "SARAM 2013"}, "method": {"name": "Taken with GPS Device"}, "coordinates": "{\"type\": \"Point\", \"coordinates\": [39.69393, -4.02601]}", "facility": {"code": 17911}}, {"collection_date": "2015-08-19T15:03:59.471839+00:00", "source": {"name": "Sublocation Centroid Exercise of MOH/ICF Macro"}, "method": {"name": "Other"}, "coordinates": "{\"type\": \"Point\", \"coordinates\": [36.9855, -1.07444]}", "facility": {"code": 10306}}, {"collection_date": "2015-08-19T15:03:59.302288+00:00", "source": {"name": "DHMT Transmara"}, "method": {"name": "Taken with GPS Device"}, "coordinates": "{\"type\": \"Point\", \"coordinates\": [34.91971, -1.27168]}", "facility": {"code": 17910}}, {"collection_date": "2015-08-19T15:03:59.291167+00:00", "source": {"name": "Sublocation Centroid Exercise of MOH/ICF Macro"}, "method": {"name": "Other"}, "coordinates": "{\"type\": \"Point\", \"coordinates\": [37.1602, -0.713561]}", "facility": {"code": 11153}}, {"collection_date": "2015-08-19T15:03:59.286157+00:00", "source": {"name": "DHMT"}, "method": {"name": "Taken with GPS Device"}, "coordinates": "{\"type\": \"Point\", \"coordinates\": [37.36255, -0.68873]}", "facility": {"code": 10806}}, {"collection_date": "2015-08-19T15:03:59.284348+00:00", "source": {"name": "SARAM 2013"}, "method": {"name": "Taken with GPS Device"}, "coordinates": "{\"type\": \"Point\", \"coordinates\": [39.98564, -0.09702]}", "facility": {"code": 17336}}, {"collection_date": "2015-08-19T15:03:59.146217+00:00", "source": {"name": "Sublocation Centroid Exercise of MOH/ICF Macro"}, "method": {"name": "Other"}, "coordinates": "{\"type\": \"Point\", \"coordinates\": [36.9336, -1.32065]}", "facility": {"code": 12967}}, {"collection_date": "2015-08-19T15:03:59.082506+00:00", "source": {"name": "Taken by James K Saina DHRIO Laikipia West"}, "method": {"name": "Taken with GPS Device"}, "coordinates": "{\"type\": \"Point\", \"coordinates\": [36.60386, 0.30103]}", "facility": {"code": 17909}}, {"collection_date": "2015-08-19T15:03:59.069910+00:00", "source": {"name": "Sublocation Centroid Exercise of MOH/ICF Macro"}, "method": {"name": "Taken with GPS Device"}, "coordinates": "{\"type\": \"Point\", \"coordinates\": [37.65748, 0.15416]}", "facility": {"code": 16632}}, {"collection_date": "2015-08-19T15:03:59.061422+00:00", "source": {"name": "DHMT"}, "method": {"name": "Taken with GPS Device"}, "coordinates": "{\"type\": \"Point\", \"coordinates\": [36.77411, -1.32193]}", "facility": {"code": 13218}}, {"collection_date": "2015-08-19T15:03:58.948086+00:00", "source": {"name": "Cold Chain Inventory (MoH/PATH/WHO) - Feb 2011"}, "method": {"name": "Taken with GPS Device"}, "coordinates": "{\"type\": \"Point\", \"coordinates\": [36.91372, -1.27049]}", "facility": {"code": 12958}}, {"collection_date": "2015-08-19T15:03:58.924970+00:00", "source": {"name": "DHMT"}, "method": {"name": "Taken with GPS Device"}, "coordinates": "{\"type\": \"Point\", \"coordinates\": [39.35608, 0.35346]}", "facility": {"code": 17335}}, {"collection_date": "2015-08-19T15:03:58.857146+00:00", "source": {"name": "DHMT"}, "method": {"name": "Taken with GPS Device"}, "coordinates": "{\"type\": \"Point\", \"coordinates\": [36.97863, -1.45807]}", "facility": {"code": 17908}}, {"collection_date": "2015-08-19T15:03:58.848631+00:00", "source": {"name": "Sublocation Centroid Exercise of MOH/ICF Macro"}, "method": {"name": "Taken with GPS Device"}, "coordinates": "{\"type\": \"Point\", \"coordinates\": [34.61963, -1.19453]}", "facility": {"code": 13664}}, {"collection_date": "2015-08-19T15:03:58.836590+00:00", "source": {"name": "DHMT"}, "method": {"name": "Taken with GPS Device"}, "coordinates": "{\"type\": \"Point\", \"coordinates\": [36.83427, -1.30672]}", "facility": {"code": 13074}}, {"collection_date": "2015-08-19T15:03:58.698607+00:00", "source": {"name": "Cold Chain Inventory (MoH/PATH/WHO) - Feb 2011"}, "method": {"name": "Taken with GPS Device"}, "coordinates": "{\"type\": \"Point\", \"coordinates\": [36.894, -1.29748]}", "facility": {"code": 12949}}, {"collection_date": "2015-08-19T15:03:58.692951+00:00", "source": {"name": "DHMT"}, "method": {"name": "Taken with GPS Device"}, "coordinates": "{\"type\": \"Point\", \"coordinates\": [35.19034, -0.6576]}", "facility": {"code": 17334}}, {"collection_date": "2015-08-19T15:03:58.669396+00:00", "source": {"name": "DHMT"}, "method": {"name": "Taken with GPS Device"}, "coordinates": "{\"type\": \"Point\", \"coordinates\": [36.98972, -1.44456]}", "facility": {"code": 17904}}, {"collection_date": "2015-08-19T15:03:58.612322+00:00", "source": {"name": "Sublocation Centroid Exercise of MOH/ICF Macro"}, "method": {"name": "Other"}, "coordinates": "{\"type\": \"Point\", \"coordinates\": [37.0685, -1.02794]}", "facility": {"code": 11106}}, {"collection_date": "2015-08-19T15:03:58.602865+00:00", "source": {"name": "KEMRI GIS MERGE"}, "method": {"name": "Taken with GPS Device"}, "coordinates": "{\"type\": \"Point\", \"coordinates\": [37.01437, -1.10176]}", "facility": {"code": 10378}}, {"collection_date": "2015-08-19T15:03:58.502926+00:00", "source": {"name": "DHMT GIS"}, "method": {"name": "Taken with GPS Device"}, "coordinates": "{\"type\": \"Point\", \"coordinates\": [36.77498, -1.18474]}", "facility": {"code": 17333}}, {"collection_date": "2015-08-19T15:03:58.490773+00:00", "source": {"name": "SARAM 2013"}, "method": {"name": "Taken with GPS Device"}, "coordinates": "{\"type\": \"Point\", \"coordinates\": [36.9287, -1.44757]}", "facility": {"code": 17903}}, {"collection_date": "2015-08-19T15:03:58.470189+00:00", "source": {"name": "Sublocation Centroid Exercise of MOH/ICF Macro"}, "method": {"name": "Other"}, "coordinates": "{\"type\": \"Point\", \"coordinates\": [36.9098, -1.24064]}", "facility": {"code": 12915}}, {"collection_date": "2015-08-19T15:03:58.411772+00:00", "source": {"name": "KEMRI GIS MERGE"}, "method": {"name": "Taken with GPS Device"}, "coordinates": "{\"type\": \"Point\", \"coordinates\": [36.89343, -1.17611]}", "facility": {"code": 13000}}, {"collection_date": "2015-08-19T15:03:58.402612+00:00", "source": {"name": "Cold Chain Inventory (MoH/PATH/WHO) - Feb 2011"}, "method": {"name": "Taken with GPS Device"}, "coordinates": "{\"type\": \"Point\", \"coordinates\": [37.10968, -1.06018]}", "facility": {"code": 11095}}, {"collection_date": "2015-08-19T15:03:58.392951+00:00", "source": {"name": "DHMT"}, "method": {"name": "Taken with GPS Device"}, "coordinates": "{\"type\": \"Point\", \"coordinates\": [38.69323, 3.57863]}", "facility": {"code": 17902}}, {"collection_date": "2015-08-19T15:03:58.381157+00:00", "source": {"name": "MOH"}, "method": {"name": "Taken with GPS Device"}, "coordinates": "{\"type\": \"Point\", \"coordinates\": [35.09734, 0.58778]}", "facility": {"code": 17331}}, {"collection_date": "2015-08-19T15:03:58.281666+00:00", "source": {"name": "Sublocation Centroid Exercise of MOH/ICF Macro"}, "method": {"name": "Taken with GPS Device"}, "coordinates": "{\"type\": \"Point\", \"coordinates\": [37.07855, -1.03824]}", "facility": {"code": 10154}}, {"collection_date": "2015-08-19T15:03:58.235708+00:00", "source": {"name": "DHMT"}, "method": {"name": "Taken with GPS Device"}, "coordinates": "{\"type\": \"Point\", \"coordinates\": [39.68587, -3.83116]}", "facility": {"code": 11432}}, {"collection_date": "2015-08-19T15:03:58.213755+00:00", "source": {"name": "Sublocation Centroid Exercise of MOH/ICF Macro"}, "method": {"name": "Taken with GPS Device"}, "coordinates": "{\"type\": \"Point\", \"coordinates\": [37.01793, -1.10524]}", "facility": {"code": 11047}}, {"collection_date": "2015-08-19T15:03:58.203510+00:00", "source": {"name": "DHMT"}, "method": {"name": "Taken with GPS Device"}, "coordinates": "{\"type\": \"Point\", \"coordinates\": [39.0581, 3.5225]}", "facility": {"code": 17901}}, {"collection_date": "2015-08-19T15:03:58.154002+00:00", "source": {"name": "DHMT Transmara"}, "method": {"name": "Taken with GPS Device"}, "coordinates": "{\"type\": \"Point\", \"coordinates\": [35.10445, -0.96569]}", "facility": {"code": 17328}}, {"collection_date": "2015-08-19T15:03:58.134840+00:00", "source": {"name": "Sublocation Centroid Exercise of MOH/ICF Macro"}, "method": {"name": "Other"}, "coordinates": "{\"type\": \"Point\", \"coordinates\": [37.0942, -1.13528]}", "facility": {"code": 10291}}, {"collection_date": "2015-08-19T15:03:58.130026+00:00", "source": {"name": "KEMRI GIS MERGE"}, "method": {"name": "Taken with GPS Device"}, "coordinates": "{\"type\": \"Point\", \"coordinates\": [34.27269, 0.17689]}", "facility": {"code": 13476}}, {"collection_date": "2015-08-19T15:03:57.989878+00:00", "source": {"name": "DHMT"}, "method": {"name": "Taken with GPS Device"}, "coordinates": "{\"type\": \"Point\", \"coordinates\": [39.0584, 3.5234]}", "facility": {"code": 17900}}, {"collection_date": "2015-08-19T15:03:57.969598+00:00", "source": {"name": "Sublocation Centroid Exercise of MOH/ICF Macro"}, "method": {"name": "Other"}, "coordinates": "{\"type\": \"Point\", \"coordinates\": [37.0942, -1.13528]}", "facility": {"code": 11036}}, {"collection_date": "2015-08-19T15:03:57.933122+00:00", "source": {"name": "KEMRI GIS MERGE"}, "method": {"name": "Calc from proximity to school, village,markets"}, "coordinates": "{\"type\": \"Point\", \"coordinates\": [39.65735, -4.06313]}", "facility": {"code": 11510}}, {"collection_date": "2015-08-19T15:03:57.910267+00:00", "source": {"name": "Cold Chain Inventory (MoH/PATH/WHO) - Feb 2011"}, "method": {"name": "Taken with GPS Device"}, "coordinates": "{\"type\": \"Point\", \"coordinates\": [36.92215, -1.26552]}", "facility": {"code": 12873}}, {"collection_date": "2015-08-19T15:03:57.904934+00:00", "source": {"name": "DHMT Transmara"}, "method": {"name": "Taken with GPS Device"}, "coordinates": "{\"type\": \"Point\", \"coordinates\": [34.68664, -0.99476]}", "facility": {"code": 17327}}, {"collection_date": "2015-08-19T15:03:57.844193+00:00", "source": {"name": "Sublocation Centroid Exercise of MOH/ICF Macro"}, "method": {"name": "Other"}, "coordinates": "{\"type\": \"Point\", \"coordinates\": [36.9855, -1.07444]}", "facility": {"code": 11050}}, {"collection_date": "2015-08-19T15:03:57.833012+00:00", "source": {"name": "DHMT"}, "method": {"name": "Taken with GPS Device"}, "coordinates": "{\"type\": \"Point\", \"coordinates\": [39.0584, 3.5254]}", "facility": {"code": 17899}}, {"collection_date": "2015-08-19T15:03:57.828379+00:00", "source": {"name": "KEMRI GIS MERGE"}, "method": {"name": "Taken with GPS Device"}, "coordinates": "{\"type\": \"Point\", \"coordinates\": [36.5919, -0.61053]}", "facility": {"code": 10171}}, {"collection_date": "2015-08-19T15:03:57.690058+00:00", "source": {"name": "DHMT Transmara"}, "method": {"name": "Taken with GPS Device"}, "coordinates": "{\"type\": \"Point\", \"coordinates\": [34.67278, -1.1478]}", "facility": {"code": 17326}}, {"collection_date": "2015-08-19T15:03:57.676548+00:00", "source": {"name": "Sublocation Centroid Exercise of MOH/ICF Macro"}, "method": {"name": "Other"}, "coordinates": "{\"type\": \"Point\", \"coordinates\": [37.1871, -0.528115]}", "facility": {"code": 10724}}, {"collection_date": "2015-08-19T15:03:57.607845+00:00", "source": {"name": "Sublocation Centroid Exercise of MOH/ICF Macro"}, "method": {"name": "Other"}, "coordinates": "{\"type\": \"Point\", \"coordinates\": [36.25, -0.137926]}", "facility": {"code": 11032}}, {"collection_date": "2015-08-19T15:03:57.601779+00:00", "source": {"name": "DHMT"}, "method": {"name": "Taken with GPS Device"}, "coordinates": "{\"type\": \"Point\", \"coordinates\": [39.0593, 3.5254]}", "facility": {"code": 17898}}, {"collection_date": "2015-08-19T15:03:57.600767+00:00", "source": {"name": "DHMT"}, "method": {"name": "Taken with GPS Device"}, "coordinates": "{\"type\": \"Point\", \"coordinates\": [39.664, -4.03993]}", "facility": {"code": 11861}}, {"collection_date": "2015-08-19T15:03:57.543880+00:00", "source": {"name": "KEMRI GIS MERGE"}, "method": {"name": "Calc from proximity to school, village,markets"}, "coordinates": "{\"type\": \"Point\", \"coordinates\": [36.91892, -0.6982]}", "facility": {"code": 10578}}, {"collection_date": "2015-08-19T15:03:57.533634+00:00", "source": {"name": "DHMT Transmara"}, "method": {"name": "Taken with GPS Device"}, "coordinates": "{\"type\": \"Point\", \"coordinates\": [35.02258, -0.91676]}", "facility": {"code": 17325}}, {"collection_date": "2015-08-19T15:03:57.400598+00:00", "source": {"name": "Sublocation Centroid Exercise of MOH/ICF Macro"}, "method": {"name": "Other"}, "coordinates": "{\"type\": \"Point\", \"coordinates\": [37.0312, -1.19951]}", "facility": {"code": 11018}}, {"collection_date": "2015-08-19T15:03:57.377010+00:00", "source": {"name": "DHMT"}, "method": {"name": "Taken with GPS Device"}, "coordinates": "{\"type\": \"Point\", \"coordinates\": [36.84912, -1.26097]}", "facility": {"code": 13076}}, {"collection_date": "2015-08-19T15:03:57.371309+00:00", "source": {"name": "DHMT"}, "method": {"name": "Taken with GPS Device"}, "coordinates": "{\"type\": \"Point\", \"coordinates\": [39.0601, 3.524]}", "facility": {"code": 17895}}, {"collection_date": "2015-08-19T15:03:57.311223+00:00", "source": {"name": "DHMT Transmara"}, "method": {"name": "Taken with GPS Device"}, "coordinates": "{\"type\": \"Point\", \"coordinates\": [34.94777, -0.96859]}", "facility": {"code": 17324}}, {"collection_date": "2015-08-19T15:03:57.300885+00:00", "source": {"name": "Sublocation Centroid Exercise of MOH/ICF Macro"}, "method": {"name": "Other"}, "coordinates": "{\"type\": \"Point\", \"coordinates\": [36.1313, -0.528165]}", "facility": {"code": 15642}}, {"collection_date": "2015-08-19T15:03:57.289462+00:00", "source": {"name": "Sublocation Centroid Exercise of MOH/ICF Macro"}, "method": {"name": "Taken with GPS Device"}, "coordinates": "{\"type\": \"Point\", \"coordinates\": [37.55969, 0.12074]}", "facility": {"code": 16630}}, {"collection_date": "2015-08-19T15:03:57.243793+00:00", "source": {"name": "DHMT"}, "method": {"name": "Taken with GPS Device"}, "coordinates": "{\"type\": \"Point\", \"coordinates\": [39.3496, -4.60703]}", "facility": {"code": 17893}}, {"collection_date": "2015-08-19T15:03:57.235369+00:00", "source": {"name": "KEMRI GIS MERGE"}, "method": {"name": "Taken with GPS Device"}, "coordinates": "{\"type\": \"Point\", \"coordinates\": [36.85073, -1.28988]}", "facility": {"code": 13095}}], "model": "mfl_gis.FacilityCoordinates", "unique_fields": ["facility"]}]