[{"records": [{"collection_date": "2015-08-19T15:03:53.062901+00:00", "source": {"name": "DHMT"}, "method": {"name": "Taken with GPS Device"}, "coordinates": "{\"type\": \"Point\", \"coordinates\": [37.20748, -0.66791]}", "facility": {"code": 16509}}, {"collection_date": "2015-08-19T15:03:53.050714+00:00", "source": {"name": "DHMT"}, "method": {"name": "Taken with GPS Device"}, "coordinates": "{\"type\": \"Point\", \"coordinates\": [37.28039, -0.5048]}", "facility": {"code": 17292}}, {"collection_date": "2015-08-19T15:03:53.006130+00:00", "source": {"name": "DHMT"}, "method": {"name": "Taken with GPS Device"}, "coordinates": "{\"type\": \"Point\", \"coordinates\": [36.817897, -1.264508]}", "facility": {"code": 12874}}, {"collection_date": "2015-08-19T15:03:52.994417+00:00", "source": {"name": "SARAM 2013"}, "method": {"name": "Taken with GPS Device"}, "coordinates": "{\"type\": \"Point\", \"coordinates\": [41.71316, 3.97119]}", "facility": {"code": 17870}}, {"collection_date": "2015-08-19T15:03:52.826649+00:00", "source": {"name": "Sublocation Centroid Exercise of MOH/ICF Macro"}, "method": {"name": "Taken with GPS Device"}, "coordinates": "{\"type\": \"Point\", \"coordinates\": [36.81861, -0.20138]}", "facility": {"code": 11105}}, {"collection_date": "2015-08-19T15:03:52.818681+00:00", "source": {"name": "DHMT"}, "method": {"name": "Taken with GPS Device"}, "coordinates": "{\"type\": \"Point\", \"coordinates\": [37.53389, 0.14149]}", "facility": {"code": 17287}}, {"collection_date": "2015-08-19T15:03:52.816911+00:00", "source": {"name": "Sublocation Centroid Exercise of MOH/ICF Macro"}, "method": {"name": "Other"}, "coordinates": "{\"type\": \"Point\", \"coordinates\": [36.8943, -0.688393]}", "facility": {"code": 10475}}, {"collection_date": "2015-08-19T15:03:52.783829+00:00", "source": {"name": "DHMT"}, "method": {"name": "Taken with GPS Device"}, "coordinates": "{\"type\": \"Point\", \"coordinates\": [39.47307, -3.86167]}", "facility": {"code": 17869}}, {"collection_date": "2015-08-19T15:03:52.772349+00:00", "source": {"name": "DHMT"}, "method": {"name": "Taken with GPS Device"}, "coordinates": "{\"type\": \"Point\", \"coordinates\": [36.817897, -1.262231]}", "facility": {"code": 12867}}, {"collection_date": "2015-08-19T15:03:52.681954+00:00", "source": {"name": "Cold Chain Inventory (MoH/PATH/WHO) - Feb 2011"}, "method": {"name": "Taken with GPS Device"}, "coordinates": "{\"type\": \"Point\", \"coordinates\": [35.47156, 0.68534]}", "facility": {"code": 17284}}, {"collection_date": "2015-08-19T15:03:52.681787+00:00", "source": {"name": "Sublocation Centroid Exercise of MOH/ICF Macro"}, "method": {"name": "Other"}, "coordinates": "{\"type\": \"Point\", \"coordinates\": [37.0285, -0.43184]}", "facility": {"code": 10196}}, {"collection_date": "2015-08-19T15:03:52.672372+00:00", "source": {"name": "DHMT"}, "method": {"name": "Taken with GPS Device"}, "coordinates": "{\"type\": \"Point\", \"coordinates\": [36.79631, -1.29391]}", "facility": {"code": 13117}}, {"collection_date": "2015-08-19T15:03:52.672372+00:00", "source": {"name": "DHMT"}, "method": {"name": "Taken with GPS Device"}, "coordinates": "{\"type\": \"Point\", \"coordinates\": [37.3544, -0.6844]}", "facility": {"code": 10099}}, {"collection_date": "2015-08-19T15:03:52.652596+00:00", "source": {"name": "SARAM 2013"}, "method": {"name": "Taken with GPS Device"}, "coordinates": "{\"type\": \"Point\", \"coordinates\": [39.6543, -4.08511]}", "facility": {"code": 17863}}, {"collection_date": "2015-08-19T15:03:52.494101+00:00", "source": {"name": "DHMT"}, "method": {"name": "Taken with GPS Device"}, "coordinates": "{\"type\": \"Point\", \"coordinates\": [37.98984, 2.33193]}", "facility": {"code": 16206}}, {"collection_date": "2015-08-19T15:03:52.492296+00:00", "source": {"name": "DHMT"}, "method": {"name": "Taken with GPS Device"}, "coordinates": "{\"type\": \"Point\", \"coordinates\": [36.803995, -1.296139]}", "facility": {"code": 13110}}, {"collection_date": "2015-08-19T15:03:52.458218+00:00", "source": {"name": "Cold Chain Inventory (MoH/PATH/WHO) - Feb 2011"}, "method": {"name": "Taken with GPS Device"}, "coordinates": "{\"type\": \"Point\", \"coordinates\": [35.48331, 0.6246]}", "facility": {"code": 17283}}, {"collection_date": "2015-08-19T15:03:52.449873+00:00", "source": {"name": "Sublocation Centroid Exercise of MOH/ICF Macro"}, "method": {"name": "Taken with GPS Device"}, "coordinates": "{\"type\": \"Point\", \"coordinates\": [37.65732, 0.154]}", "facility": {"code": 16569}}, {"collection_date": "2015-08-19T15:03:52.426180+00:00", "source": {"name": "SARAM 2013"}, "method": {"name": "Taken with GPS Device"}, "coordinates": "{\"type\": \"Point\", \"coordinates\": [39.62078, -4.03523]}", "facility": {"code": 17862}}, {"collection_date": "2015-08-19T15:03:52.370932+00:00", "source": {"name": "DHMT"}, "method": {"name": "Taken with GPS Device"}, "coordinates": "{\"type\": \"Point\", \"coordinates\": [36.96921, -0.49026]}", "facility": {"code": 10553}}, {"collection_date": "2015-08-19T15:03:52.366203+00:00", "source": {"name": "DHMT"}, "method": {"name": "Taken with GPS Device"}, "coordinates": "{\"type\": \"Point\", \"coordinates\": [36.831973, -1.25546]}", "facility": {"code": 12950}}, {"collection_date": "2015-08-19T15:03:52.215463+00:00", "source": {"name": "Cold Chain Inventory (MoH/PATH/WHO) - Feb 2011"}, "method": {"name": "Taken with GPS Device"}, "coordinates": "{\"type\": \"Point\", \"coordinates\": [35.58305, 0.39454]}", "facility": {"code": 17282}}, {"collection_date": "2015-08-19T15:03:52.201956+00:00", "source": {"name": "Sublocation Centroid Exercise of MOH/ICF Macro"}, "method": {"name": "Taken with GPS Device"}, "coordinates": "{\"type\": \"Point\", \"coordinates\": [35.94965, -0.66937]}", "facility": {"code": 15162}}, {"collection_date": "2015-08-19T15:03:52.188402+00:00", "source": {"name": "GPS"}, "method": {"name": "Taken with GPS Device"}, "coordinates": "{\"type\": \"Point\", \"coordinates\": [36.97227, -1.28843]}", "facility": {"code": 17861}}, {"collection_date": "2015-08-19T15:03:52.168560+00:00", "source": {"name": "DHRIO"}, "method": {"name": "Taken with GPS Device"}, "coordinates": "{\"type\": \"Point\", \"coordinates\": [38.011, -0.09977]}", "facility": {"code": 12552}}, {"collection_date": "2015-08-19T15:03:52.114028+00:00", "source": {"name": "Cold Chain Inventory (MoH/PATH/WHO) - Feb 2011"}, "method": {"name": "Taken with GPS Device"}, "coordinates": "{\"type\": \"Point\", \"coordinates\": [34.54176, 0.05607]}", "facility": {"code": 14064}}, {"collection_date": "2015-08-19T15:03:51.920101+00:00", "source": {"name": "SARAM 2013"}, "method": {"name": "Taken with GPS Device"}, "coordinates": "{\"type\": \"Point\", \"coordinates\": [35.71791, -0.51394]}", "facility": {"code": 17860}}, {"collection_date": "2015-08-19T15:03:51.795972+00:00", "source": {"name": "Sublocation Centroid Exercise of MOH/ICF Macro"}, "method": {"name": "Other"}, "coordinates": "{\"type\": \"Point\", \"coordinates\": [36.9652, -0.529353]}", "facility": {"code": 10228}}, {"collection_date": "2015-08-19T15:03:51.795628+00:00", "source": {"name": "SARAM 2013"}, "method": {"name": "Taken with GPS Device"}, "coordinates": "{\"type\": \"Point\", \"coordinates\": [36.8823, -0.84296]}", "facility": {"code": 10529}}, {"collection_date": "2015-08-19T15:03:51.786201+00:00", "source": {"name": "SARAM 2013"}, "method": {"name": "Taken with GPS Device"}, "coordinates": "{\"type\": \"Point\", \"coordinates\": [37.00717, 1.09738]}", "facility": {"code": 17280}}, {"collection_date": "2015-08-19T15:03:51.648679+00:00", "source": {"name": "DHMT"}, "method": {"name": "Taken with GPS Device"}, "coordinates": "{\"type\": \"Point\", \"coordinates\": [39.67127, -4.06744]}", "facility": {"code": 11734}}, {"collection_date": "2015-08-19T15:03:51.518576+00:00", "source": {"name": "SARAM 2013"}, "method": {"name": "Taken with GPS Device"}, "coordinates": "{\"type\": \"Point\", \"coordinates\": [35.69732, -0.50411]}", "facility": {"code": 17859}}, {"collection_date": "2015-08-19T15:03:51.382256+00:00", "source": {"name": "Sublocation Centroid Exercise of MOH/ICF Macro"}, "method": {"name": "Other"}, "coordinates": "{\"type\": \"Point\", \"coordinates\": [37.0472, -0.631256]}", "facility": {"code": 10956}}, {"collection_date": "2015-08-19T15:03:51.382231+00:00", "source": {"name": "Sublocation Centroid Exercise of MOH/ICF Macro"}, "method": {"name": "Other"}, "coordinates": "{\"type\": \"Point\", \"coordinates\": [37.0472, -0.631256]}", "facility": {"code": 11134}}, {"collection_date": "2015-08-19T15:03:51.371308+00:00", "source": {"name": "SARAM 2013"}, "method": {"name": "Taken with GPS Device"}, "coordinates": "{\"type\": \"Point\", \"coordinates\": [37.10274, 1.54729]}", "facility": {"code": 17279}}, {"collection_date": "2015-08-19T15:03:51.250663+00:00", "source": {"name": "Cold Chain Inventory (MoH/PATH/WHO) - Feb 2011"}, "method": {"name": "Taken with GPS Device"}, "coordinates": "{\"type\": \"Point\", \"coordinates\": [34.451, -1.16889]}", "facility": {"code": 14101}}, {"collection_date": "2015-08-19T15:03:51.116333+00:00", "source": {"name": "SARAM 2013"}, "method": {"name": "Taken with GPS Device"}, "coordinates": "{\"type\": \"Point\", \"coordinates\": [35.66689, -0.25942]}", "facility": {"code": 17858}}, {"collection_date": "2015-08-19T15:03:50.992093+00:00", "source": {"name": "SARAM 2013"}, "method": {"name": "Taken with GPS Device"}, "coordinates": "{\"type\": \"Point\", \"coordinates\": [37.1096, 1.65009]}", "facility": {"code": 17278}}, {"collection_date": "2015-08-19T15:03:50.970946+00:00", "source": {"name": "DHMT"}, "method": {"name": "Taken with GPS Device"}, "coordinates": "{\"type\": \"Point\", \"coordinates\": [37.23489, -0.47746]}", "facility": {"code": 10678}}, {"collection_date": "2015-08-19T15:03:50.970848+00:00", "source": {"name": "SARAM 2013"}, "method": {"name": "Taken with GPS Device"}, "coordinates": "{\"type\": \"Point\", \"coordinates\": [36.80429, -0.88699]}", "facility": {"code": 10370}}, {"collection_date": "2015-08-19T15:03:50.856713+00:00", "source": {"name": "Sublocation Centroid Exercise of MOH/ICF Macro"}, "method": {"name": "Other"}, "coordinates": "{\"type\": \"Point\", \"coordinates\": [36.8912, -1.28031]}", "facility": {"code": 13241}}, {"collection_date": "2015-08-19T15:03:50.690585+00:00", "source": {"name": "DHMT"}, "method": {"name": "Taken with GPS Device"}, "coordinates": "{\"type\": \"Point\", \"coordinates\": [39.66193, -0.46334]}", "facility": {"code": 17855}}, {"collection_date": "2015-08-19T15:03:50.678234+00:00", "source": {"name": "SARAM 2013"}, "method": {"name": "Taken with GPS Device"}, "coordinates": "{\"type\": \"Point\", \"coordinates\": [36.96377, 1.11112]}", "facility": {"code": 17277}}, {"collection_date": "2015-08-19T15:03:50.535265+00:00", "source": {"name": "Sublocation Centroid Exercise of MOH/ICF Macro"}, "method": {"name": "Other"}, "coordinates": "{\"type\": \"Point\", \"coordinates\": [39.6651, -4.0566]}", "facility": {"code": 11882}}, {"collection_date": "2015-08-19T15:03:50.534423+00:00", "source": {"name": "DHMT"}, "method": {"name": "Taken with GPS Device"}, "coordinates": "{\"type\": \"Point\", \"coordinates\": [36.36618, 0.03553]}", "facility": {"code": 10294}}, {"collection_date": "2015-08-19T15:03:50.511019+00:00", "source": {"name": "DHMT"}, "method": {"name": "Taken with GPS Device"}, "coordinates": "{\"type\": \"Point\", \"coordinates\": [37.35455, -0.68528]}", "facility": {"code": 10054}}, {"collection_date": "2015-08-19T15:03:50.358213+00:00", "source": {"name": "GPS"}, "method": {"name": "Taken with GPS Device"}, "coordinates": "{\"type\": \"Point\", \"coordinates\": [36.65468, 1.10804]}", "facility": {"code": 17276}}, {"collection_date": "2015-08-19T15:03:50.346614+00:00", "source": {"name": "DHRIO"}, "method": {"name": "Taken with GPS Device"}, "coordinates": "{\"type\": \"Point\", \"coordinates\": [36.9591, -1.47335]}", "facility": {"code": 17854}}, {"collection_date": "2015-08-19T15:03:50.198814+00:00", "source": {"name": "SARAM 2013"}, "method": {"name": "Taken with GPS Device"}, "coordinates": "{\"type\": \"Point\", \"coordinates\": [36.94947, -0.41971]}", "facility": {"code": 10296}}, {"collection_date": "2015-08-19T15:03:50.189137+00:00", "source": {"name": "Cold Chain Inventory (MoH/PATH/WHO) - Feb 2011"}, "method": {"name": "Taken with GPS Device"}, "coordinates": "{\"type\": \"Point\", \"coordinates\": [37.88671, 0.27559]}", "facility": {"code": 12715}}, {"collection_date": "2015-08-19T15:03:50.178298+00:00", "source": {"name": "Cold Chain Inventory (MoH/PATH/WHO) - Feb 2011"}, "method": {"name": "Taken with GPS Device"}, "coordinates": "{\"type\": \"Point\", \"coordinates\": [34.46163, -1.08713]}", "facility": {"code": 14014}}, {"collection_date": "2015-08-19T15:03:50.024524+00:00", "source": {"name": "SARAM 2013"}, "method": {"name": "Taken with GPS Device"}, "coordinates": "{\"type\": \"Point\", \"coordinates\": [34.52447, 0.22944]}", "facility": {"code": 17853}}, {"collection_date": "2015-08-19T15:03:50.011253+00:00", "source": {"name": "SARAM 2013"}, "method": {"name": "Taken with GPS Device"}, "coordinates": "{\"type\": \"Point\", \"coordinates\": [36.55857, 1.12694]}", "facility": {"code": 17275}}, {"collection_date": "2015-08-19T15:03:49.858738+00:00", "source": {"name": "DHMT"}, "method": {"name": "Taken with GPS Device"}, "coordinates": "{\"type\": \"Point\", \"coordinates\": [37.04541, -0.45345]}", "facility": {"code": 10697}}, {"collection_date": "2015-08-19T15:03:49.844380+00:00", "source": {"name": "Sublocation Centroid Exercise of MOH/ICF Macro"}, "method": {"name": "Other"}, "coordinates": "{\"type\": \"Point\", \"coordinates\": [36.9033, -0.716275]}", "facility": {"code": 10619}}, {"collection_date": "2015-08-19T15:03:49.836970+00:00", "source": {"name": "DHMT"}, "method": {"name": "Taken with GPS Device"}, "coordinates": "{\"type\": \"Point\", \"coordinates\": [36.93137, -1.20396]}", "facility": {"code": 11013}}, {"collection_date": "2015-08-19T15:03:49.689165+00:00", "source": {"name": "DHMT"}, "method": {"name": "Taken with GPS Device"}, "coordinates": "{\"type\": \"Point\", \"coordinates\": [34.61512, -0.36542]}", "facility": {"code": 17852}}, {"collection_date": "2015-08-19T15:03:49.679146+00:00", "source": {"name": "SARAM 2013"}, "method": {"name": "Taken with GPS Device"}, "coordinates": "{\"type\": \"Point\", \"coordinates\": [36.67378, 1.3181]}", "facility": {"code": 17274}}, {"collection_date": "2015-08-19T15:03:49.520962+00:00", "source": {"name": "SARAM 2013"}, "method": {"name": "Taken with GPS Device"}, "coordinates": "{\"type\": \"Point\", \"coordinates\": [39.13672, -4.61782]}", "facility": {"code": 11712}}, {"collection_date": "2015-08-19T15:03:49.512066+00:00", "source": {"name": "Sublocation Centroid Exercise of MOH/ICF Macro"}, "method": {"name": "Other"}, "coordinates": "{\"type\": \"Point\", \"coordinates\": [39.6684, -4.04562]}", "facility": {"code": 11519}}, {"collection_date": "2015-08-19T15:03:49.499897+00:00", "source": {"name": "Sublocation Centroid Exercise of MOH/ICF Macro"}, "method": {"name": "Taken with GPS Device"}, "coordinates": "{\"type\": \"Point\", \"coordinates\": [39.68086, -4.02331]}", "facility": {"code": 11772}}, {"collection_date": "2015-08-19T15:03:49.497412+00:00", "source": {"name": "SARAM 2013"}, "method": {"name": "Taken with GPS Device"}, "coordinates": "{\"type\": \"Point\", \"coordinates\": [36.7816, 1.01035]}", "facility": {"code": 17273}}, {"collection_date": "2015-08-19T15:03:49.483990+00:00", "source": {"name": "SARAM 2013"}, "method": {"name": "Taken with GPS Device"}, "coordinates": "{\"type\": \"Point\", \"coordinates\": [34.49015, 0.20588]}", "facility": {"code": 17851}}, {"collection_date": "2015-08-19T15:03:49.302535+00:00", "source": {"name": "DHRIO"}, "method": {"name": "Taken with GPS Device"}, "coordinates": "{\"type\": \"Point\", \"coordinates\": [36.83193, -1.27342]}", "facility": {"code": 13139}}, {"collection_date": "2015-08-19T15:03:49.280138+00:00", "source": {"name": "Sublocation Centroid Exercise of MOH/ICF Macro"}, "method": {"name": "Other"}, "coordinates": "{\"type\": \"Point\", \"coordinates\": [37.3477, -0.61046]}", "facility": {"code": 10631}}, {"collection_date": "2015-08-19T15:03:49.176085+00:00", "source": {"name": "SARAM 2013"}, "method": {"name": "Taken with GPS Device"}, "coordinates": "{\"type\": \"Point\", \"coordinates\": [34.90503, -0.80833]}", "facility": {"code": 17272}}, {"collection_date": "2015-08-19T15:03:49.169578+00:00", "source": {"name": "SARAM 2013"}, "method": {"name": "Taken with GPS Device"}, "coordinates": "{\"type\": \"Point\", \"coordinates\": [34.61344, 0.22285]}", "facility": {"code": 17850}}, {"collection_date": "2015-08-19T15:03:49.168616+00:00", "source": {"name": "Sublocation Centroid Exercise of MOH/ICF Macro"}, "method": {"name": "Other"}, "coordinates": "{\"type\": \"Point\", \"coordinates\": [36.5791, -0.575259]}", "facility": {"code": 10965}}, {"collection_date": "2015-08-19T15:03:49.085802+00:00", "source": {"name": "Cold Chain Inventory (MoH/PATH/WHO) - Feb 2011"}, "method": {"name": "Taken with GPS Device"}, "coordinates": "{\"type\": \"Point\", \"coordinates\": [34.76167, -0.10616]}", "facility": {"code": 14117}}, {"collection_date": "2015-08-19T15:03:48.931438+00:00", "source": {"name": "DHMT"}, "method": {"name": "Taken with GPS Device"}, "coordinates": "{\"type\": \"Point\", \"coordinates\": [37.28039, -0.5048]}", "facility": {"code": 17271}}, {"collection_date": "2015-08-19T15:03:48.921835+00:00", "source": {"name": "SARAM 2013"}, "method": {"name": "Taken with GPS Device"}, "coordinates": "{\"type\": \"Point\", \"coordinates\": [34.5602, 0.23572]}", "facility": {"code": 17849}}, {"collection_date": "2015-08-19T15:03:48.913807+00:00", "source": {"name": "DHMT"}, "method": {"name": "Taken with GPS Device"}, "coordinates": "{\"type\": \"Point\", \"coordinates\": [37.03285, -0.13619]}", "facility": {"code": 11150}}, {"collection_date": "2015-08-19T15:03:48.900052+00:00", "source": {"name": "Sublocation Centroid Exercise of MOH/ICF Macro"}, "method": {"name": "Other"}, "coordinates": "{\"type\": \"Point\", \"coordinates\": [37.3029, -1.29281]}", "facility": {"code": 12753}}, {"collection_date": "2015-08-19T15:03:48.800962+00:00", "source": {"name": "DHMT"}, "method": {"name": "Taken with GPS Device"}, "coordinates": "{\"type\": \"Point\", \"coordinates\": [37.27727, -0.50147]}", "facility": {"code": 10522}}, {"collection_date": "2015-08-19T15:03:48.738274+00:00", "source": {"name": "SARAM 2013"}, "method": {"name": "Taken with GPS Device"}, "coordinates": "{\"type\": \"Point\", \"coordinates\": [37.94295, 0.23298]}", "facility": {"code": 17270}}, {"collection_date": "2015-08-19T15:03:48.714192+00:00", "source": {"name": "SARAM 2013"}, "method": {"name": "Taken with GPS Device"}, "coordinates": "{\"type\": \"Point\", \"coordinates\": [34.61198, 0.22354]}", "facility": {"code": 17848}}, {"collection_date": "2015-08-19T15:03:48.599354+00:00", "source": {"name": "SARAM 2013"}, "method": {"name": "Taken with GPS Device"}, "coordinates": "{\"type\": \"Point\", \"coordinates\": [34.76348, -0.66604]}", "facility": {"code": 13531}}, {"collection_date": "2015-08-19T15:03:48.585591+00:00", "source": {"name": "DHMT"}, "method": {"name": "Taken with GPS Device"}, "coordinates": "{\"type\": \"Point\", \"coordinates\": [37.98924, 2.33011]}", "facility": {"code": 12066}}, {"collection_date": "2015-08-19T15:03:48.565002+00:00", "source": {"name": "Sublocation Centroid Exercise of MOH/ICF Macro"}, "method": {"name": "Taken with GPS Device"}, "coordinates": "{\"type\": \"Point\", \"coordinates\": [34.65822, -1.21052]}", "facility": {"code": 13601}}, {"collection_date": "2015-08-19T15:03:48.511491+00:00", "source": {"name": "DHMT"}, "method": {"name": "Taken with GPS Device"}, "coordinates": "{\"type\": \"Point\", \"coordinates\": [37.4745, -2.08021]}", "facility": {"code": 17269}}, {"collection_date": "2015-08-19T15:03:48.490459+00:00", "source": {"name": "GPS"}, "method": {"name": "Taken with GPS Device"}, "coordinates": "{\"type\": \"Point\", \"coordinates\": [36.85035, -1.27943]}", "facility": {"code": 17847}}, {"collection_date": "2015-08-19T15:03:48.411150+00:00", "source": {"name": "SARAM 2013"}, "method": {"name": "Taken with GPS Device"}, "coordinates": "{\"type\": \"Point\", \"coordinates\": [37.98912, 2.33023]}", "facility": {"code": 16208}}, {"collection_date": "2015-08-19T15:03:48.410896+00:00", "source": {"name": "Sublocation Centroid Exercise of MOH/ICF Macro"}, "method": {"name": "Other"}, "coordinates": "{\"type\": \"Point\", \"coordinates\": [36.9369, -0.722125]}", "facility": {"code": 10779}}, {"collection_date": "2015-08-19T15:03:48.375185+00:00", "source": {"name": "Cold Chain Inventory (MoH/PATH/WHO) - Feb 2011"}, "method": {"name": "Taken with GPS Device"}, "coordinates": "{\"type\": \"Point\", \"coordinates\": [34.46109, -1.09793]}", "facility": {"code": 13970}}, {"collection_date": "2015-08-19T15:03:48.202117+00:00", "source": {"name": "DHMT"}, "method": {"name": "Taken with GPS Device"}, "coordinates": "{\"type\": \"Point\", \"coordinates\": [37.3561, -0.68305]}", "facility": {"code": 10677}}, {"collection_date": "2015-08-19T15:03:48.200990+00:00", "source": {"name": "DHMT"}, "method": {"name": "Taken with GPS Device"}, "coordinates": "{\"type\": \"Point\", \"coordinates\": [34.20608, -0.43307]}", "facility": {"code": 17846}}, {"collection_date": "2015-08-19T15:03:48.191022+00:00", "source": {"name": "DHMT"}, "method": {"name": "Taken with GPS Device"}, "coordinates": "{\"type\": \"Point\", \"coordinates\": [37.46834, -1.92508]}", "facility": {"code": 17268}}, {"collection_date": "2015-08-19T15:03:48.190420+00:00", "source": {"name": "Sublocation Centroid Exercise of MOH/ICF Macro"}, "method": {"name": "Taken with GPS Device"}, "coordinates": "{\"type\": \"Point\", \"coordinates\": [37.64403, -0.33367]}", "facility": {"code": 11919}}, {"collection_date": "2015-08-19T15:03:48.173185+00:00", "source": {"name": "Sublocation Centroid Exercise of MOH/ICF Macro"}, "method": {"name": "Other"}, "coordinates": "{\"type\": \"Point\", \"coordinates\": [36.8912, -1.28031]}", "facility": {"code": 13247}}, {"collection_date": "2015-08-19T15:03:47.868297+00:00", "source": {"name": "ETREX GPS"}, "method": {"name": "Taken with GPS Device"}, "coordinates": "{\"type\": \"Point\", \"coordinates\": [36.64437, -1.11061]}", "facility": {"code": 17267}}, {"collection_date": "2015-08-19T15:03:47.866713+00:00", "source": {"name": "Sublocation Centroid Exercise of MOH/ICF Macro"}, "method": {"name": "Taken with GPS Device"}, "coordinates": "{\"type\": \"Point\", \"coordinates\": [37.35107, -0.49623]}", "facility": {"code": 16505}}, {"collection_date": "2015-08-19T15:03:47.866023+00:00", "source": {"name": "DHMT"}, "method": {"name": "Taken with GPS Device"}, "coordinates": "{\"type\": \"Point\", \"coordinates\": [40.05859, 1.74871]}", "facility": {"code": 13276}}, {"collection_date": "2015-08-19T15:03:47.851577+00:00", "source": {"name": "Cold Chain Inventory (MoH/PATH/WHO) - Feb 2011"}, "method": {"name": "Taken with GPS Device"}, "coordinates": "{\"type\": \"Point\", \"coordinates\": [36.89888, -1.32079]}", "facility": {"code": 13257}}, {"collection_date": "2015-08-19T15:03:47.846312+00:00", "source": {"name": "DHMT"}, "method": {"name": "Taken with GPS Device"}, "coordinates": "{\"type\": \"Point\", \"coordinates\": [36.93696, -1.38896]}", "facility": {"code": 17844}}, {"collection_date": "2015-08-19T15:03:47.551554+00:00", "source": {"name": "DHMT"}, "method": {"name": "Taken with GPS Device"}, "coordinates": "{\"type\": \"Point\", \"coordinates\": [37.00686, -0.01612]}", "facility": {"code": 11038}}, {"collection_date": "2015-08-19T15:03:47.536389+00:00", "source": {"name": "DHMT"}, "method": {"name": "Taken with GPS Device"}, "coordinates": "{\"type\": \"Point\", \"coordinates\": [37.17695, -0.48031]}", "facility": {"code": 10960}}, {"collection_date": "2015-08-19T15:03:47.533753+00:00", "source": {"name": "SARAM 2013"}, "method": {"name": "Taken with GPS Device"}, "coordinates": "{\"type\": \"Point\", \"coordinates\": [37.63017, 0.06201]}", "facility": {"code": 17266}}, {"collection_date": "2015-08-19T15:03:47.530624+00:00", "source": {"name": "DHMT"}, "method": {"name": "Taken with GPS Device"}, "coordinates": "{\"type\": \"Point\", \"coordinates\": [37.0685, -1.02794]}", "facility": {"code": 10819}}, {"collection_date": "2015-08-19T15:03:47.366187+00:00", "source": {"name": "SARAM 2013"}, "method": {"name": "Taken with GPS Device"}, "coordinates": "{\"type\": \"Point\", \"coordinates\": [37.34569, -0.81098]}", "facility": {"code": 17843}}], "model": "mfl_gis.FacilityCoordinates", "unique_fields": ["facility"]}]