[{"records": [{"collection_date": "2015-08-19T15:05:56.351762+00:00", "source": {"name": "DHMT"}, "method": {"name": "Taken with GPS Device"}, "coordinates": "{\"type\": \"Point\", \"coordinates\": [35.01907, 2.01672]}", "facility": {"code": 20083}}, {"collection_date": "2015-08-19T15:05:56.335035+00:00", "source": {"name": "GPS"}, "method": {"name": "Taken with GPS Device"}, "coordinates": "{\"type\": \"Point\", \"coordinates\": [36.9403, -1.39088]}", "facility": {"code": 20597}}, {"collection_date": "2015-08-19T15:05:56.319729+00:00", "source": {"name": "DHMT"}, "method": {"name": "Taken with GPS Device"}, "coordinates": "{\"type\": \"Point\", \"coordinates\": [36.88624, -1.2626]}", "facility": {"code": 19616}}, {"collection_date": "2015-08-19T15:05:56.245975+00:00", "source": {"name": "GPS"}, "method": {"name": "Taken with GPS Device"}, "coordinates": "{\"type\": \"Point\", \"coordinates\": [36.86496, -1.09275]}", "facility": {"code": 20082}}, {"collection_date": "2015-08-19T15:05:56.236975+00:00", "source": {"name": "SARAM KENYA"}, "method": {"name": "Taken with GPS Device"}, "coordinates": "{\"type\": \"Point\", \"coordinates\": [37.55971, 0.12265]}", "facility": {"code": 19131}}, {"collection_date": "2015-08-19T15:05:56.148803+00:00", "source": {"name": "GRS"}, "method": {"name": "Other"}, "coordinates": "{\"type\": \"Point\", \"coordinates\": [36.21677, -0.04476]}", "facility": {"code": 20596}}, {"collection_date": "2015-08-19T15:05:56.148180+00:00", "source": {"name": "GPS"}, "method": {"name": "Taken with GPS Device"}, "coordinates": "{\"type\": \"Point\", \"coordinates\": [34.78021, 0.90214]}", "facility": {"code": 18582}}, {"collection_date": "2015-08-19T15:05:56.133167+00:00", "source": {"name": "DHMT"}, "method": {"name": "Taken with GPS Device"}, "coordinates": "{\"type\": \"Point\", \"coordinates\": [36.79111, -0.97026]}", "facility": {"code": 19615}}, {"collection_date": "2015-08-19T15:05:55.734600+00:00", "source": {"name": "SARAM KENYA"}, "method": {"name": "Taken with GPS Device"}, "coordinates": "{\"type\": \"Point\", \"coordinates\": [37.2356, 0.08032]}", "facility": {"code": 19130}}, {"collection_date": "2015-08-19T15:05:55.732842+00:00", "source": {"name": "DHMT"}, "method": {"name": "Taken with GPS Device"}, "coordinates": "{\"type\": \"Point\", \"coordinates\": [36.06775, -0.29534]}", "facility": {"code": 20081}}, {"collection_date": "2015-08-19T15:05:55.536710+00:00", "source": {"name": "GRS"}, "method": {"name": "Other"}, "coordinates": "{\"type\": \"Point\", \"coordinates\": [36.21677, -0.04476]}", "facility": {"code": 20595}}, {"collection_date": "2015-08-19T15:05:55.535045+00:00", "source": {"name": "SARAM 2013"}, "method": {"name": "Taken with GPS Device"}, "coordinates": "{\"type\": \"Point\", \"coordinates\": [36.94895, -1.38842]}", "facility": {"code": 18581}}, {"collection_date": "2015-08-19T15:05:55.397769+00:00", "source": {"name": "DHMT"}, "method": {"name": "Taken with GPS Device"}, "coordinates": "{\"type\": \"Point\", \"coordinates\": [36.90473, -1.01124]}", "facility": {"code": 19614}}, {"collection_date": "2015-08-19T15:05:55.053518+00:00", "source": {"name": "GPS"}, "method": {"name": "Taken with GPS Device"}, "coordinates": "{\"type\": \"Point\", \"coordinates\": [36.89648, -1.28131]}", "facility": {"code": 20080}}, {"collection_date": "2015-08-19T15:05:55.036104+00:00", "source": {"name": "SARAM KENYA"}, "method": {"name": "Taken with GPS Device"}, "coordinates": "{\"type\": \"Point\", \"coordinates\": [37.39342, 0.09222]}", "facility": {"code": 19129}}, {"collection_date": "2015-08-19T15:05:54.877708+00:00", "source": {"name": "GPS"}, "method": {"name": "Taken with GPS Device"}, "coordinates": "{\"type\": \"Point\", \"coordinates\": [35.60486, 0.15256]}", "facility": {"code": 20594}}, {"collection_date": "2015-08-19T15:05:54.856851+00:00", "source": {"name": "SARAM 2013"}, "method": {"name": "Taken with GPS Device"}, "coordinates": "{\"type\": \"Point\", \"coordinates\": [36.06426, -0.30248]}", "facility": {"code": 18579}}, {"collection_date": "2015-08-19T15:05:54.851247+00:00", "source": {"name": "GPS"}, "method": {"name": "Taken with GPS Device"}, "coordinates": "{\"type\": \"Point\", \"coordinates\": [36.49115, -0.5848]}", "facility": {"code": 19613}}, {"collection_date": "2015-08-19T15:05:54.688584+00:00", "source": {"name": "GPS"}, "method": {"name": "Taken with GPS Device"}, "coordinates": "{\"type\": \"Point\", \"coordinates\": [34.36419, -0.73243]}", "facility": {"code": 20079}}, {"collection_date": "2015-08-19T15:05:54.676213+00:00", "source": {"name": "SARAM KENYA"}, "method": {"name": "Taken with GPS Device"}, "coordinates": "{\"type\": \"Point\", \"coordinates\": [37.6574, 0.15419]}", "facility": {"code": 19128}}, {"collection_date": "2015-08-19T15:05:54.488580+00:00", "source": {"name": "DHMT"}, "method": {"name": "Taken with GPS Device"}, "coordinates": "{\"type\": \"Point\", \"coordinates\": [37.18985, -0.60256]}", "facility": {"code": 18578}}, {"collection_date": "2015-08-19T15:05:54.482500+00:00", "source": {"name": "MOPHS"}, "method": {"name": "Taken with GPS Device"}, "coordinates": "{\"type\": \"Point\", \"coordinates\": [34.73975, -0.49955]}", "facility": {"code": 19612}}, {"collection_date": "2015-08-19T15:05:54.472501+00:00", "source": {"name": "GPRS"}, "method": {"name": "Taken with GPS Device"}, "coordinates": "{\"type\": \"Point\", \"coordinates\": [36.11586, 2.132]}", "facility": {"code": 20593}}, {"collection_date": "2015-08-19T15:05:54.470594+00:00", "source": {"name": "DHMT"}, "method": {"name": "Taken with GPS Device"}, "coordinates": "{\"type\": \"Point\", \"coordinates\": [36.9101, -1.18628]}", "facility": {"code": 20078}}, {"collection_date": "2015-08-19T15:05:54.356214+00:00", "source": {"name": "SARAM KENYA"}, "method": {"name": "Taken with GPS Device"}, "coordinates": "{\"type\": \"Point\", \"coordinates\": [37.6574, 0.15419]}", "facility": {"code": 19127}}, {"collection_date": "2015-08-19T15:05:54.302717+00:00", "source": {"name": "MOH Naivasha"}, "method": {"name": "Taken with GPS Device"}, "coordinates": "{\"type\": \"Point\", \"coordinates\": [36.4438, -0.72539]}", "facility": {"code": 18575}}, {"collection_date": "2015-08-19T15:05:54.154256+00:00", "source": {"name": "ministry"}, "method": {"name": "Taken with GPS Device"}, "coordinates": "{\"type\": \"Point\", \"coordinates\": [37.64476, 0.03052]}", "facility": {"code": 20591}}, {"collection_date": "2015-08-19T15:05:54.124205+00:00", "source": {"name": "MOH"}, "method": {"name": "Taken with GPS Device"}, "coordinates": "{\"type\": \"Point\", \"coordinates\": [34.9111, 0.37182]}", "facility": {"code": 20077}}, {"collection_date": "2015-08-19T15:05:54.122987+00:00", "source": {"name": "GPS"}, "method": {"name": "Taken with GPS Device"}, "coordinates": "{\"type\": \"Point\", \"coordinates\": [36.84963, -1.2685]}", "facility": {"code": 19611}}, {"collection_date": "2015-08-19T15:05:54.121220+00:00", "source": {"name": "SARAM KENYA"}, "method": {"name": "Taken with GPS Device"}, "coordinates": "{\"type\": \"Point\", \"coordinates\": [37.2417, 0.08705]}", "facility": {"code": 19126}}, {"collection_date": "2015-08-19T15:05:54.109448+00:00", "source": {"name": "DHMT"}, "method": {"name": "Taken with GPS Device"}, "coordinates": "{\"type\": \"Point\", \"coordinates\": [36.81349, -1.30968]}", "facility": {"code": 18574}}, {"collection_date": "2015-08-19T15:05:53.952078+00:00", "source": {"name": "GPS"}, "method": {"name": "Taken with GPS Device"}, "coordinates": "{\"type\": \"Point\", \"coordinates\": [37.25998, -1.53794]}", "facility": {"code": 20590}}, {"collection_date": "2015-08-19T15:05:53.921789+00:00", "source": {"name": "DHRIO"}, "method": {"name": "Taken with GPS Device"}, "coordinates": "{\"type\": \"Point\", \"coordinates\": [34.47863, -0.88932]}", "facility": {"code": 20075}}, {"collection_date": "2015-08-19T15:05:53.920475+00:00", "source": {"name": "SARAM 2013"}, "method": {"name": "Taken with GPS Device"}, "coordinates": "{\"type\": \"Point\", \"coordinates\": [38.06364, -0.94236]}", "facility": {"code": 18573}}, {"collection_date": "2015-08-19T15:05:53.911492+00:00", "source": {"name": "GPS"}, "method": {"name": "Taken with GPS Device"}, "coordinates": "{\"type\": \"Point\", \"coordinates\": [36.85112, -1.27565]}", "facility": {"code": 19610}}, {"collection_date": "2015-08-19T15:05:53.890362+00:00", "source": {"name": "SARAM KENYA"}, "method": {"name": "Taken with GPS Device"}, "coordinates": "{\"type\": \"Point\", \"coordinates\": [37.28271, 0.08117]}", "facility": {"code": 19125}}, {"collection_date": "2015-08-19T15:05:53.775882+00:00", "source": {"name": "DHMT"}, "method": {"name": "Taken with GPS Device"}, "coordinates": "{\"type\": \"Point\", \"coordinates\": [37.67919, -0.1055]}", "facility": {"code": 20589}}, {"collection_date": "2015-08-19T15:05:53.701069+00:00", "source": {"name": "DHRIO"}, "method": {"name": "Taken with GPS Device"}, "coordinates": "{\"type\": \"Point\", \"coordinates\": [34.47862, 0.88933]}", "facility": {"code": 20074}}, {"collection_date": "2015-08-19T15:05:53.688937+00:00", "source": {"name": "DHMT Kwale"}, "method": {"name": "Taken with GPS Device"}, "coordinates": "{\"type\": \"Point\", \"coordinates\": [39.45031, -4.17602]}", "facility": {"code": 18572}}, {"collection_date": "2015-08-19T15:05:53.677306+00:00", "source": {"name": "GPS"}, "method": {"name": "Taken with GPS Device"}, "coordinates": "{\"type\": \"Point\", \"coordinates\": [36.84987, -1.26905]}", "facility": {"code": 19609}}, {"collection_date": "2015-08-19T15:05:53.557534+00:00", "source": {"name": "DHMT"}, "method": {"name": "Taken with GPS Device"}, "coordinates": "{\"type\": \"Point\", \"coordinates\": [36.58461, -0.98133]}", "facility": {"code": 19123}}, {"collection_date": "2015-08-19T15:05:53.544248+00:00", "source": {"name": "DHMT"}, "method": {"name": "Taken with GPS Device"}, "coordinates": "{\"type\": \"Point\", \"coordinates\": [39.1578, -4.1956]}", "facility": {"code": 20588}}, {"collection_date": "2015-08-19T15:05:53.485450+00:00", "source": {"name": "DHRIO"}, "method": {"name": "Taken with GPS Device"}, "coordinates": "{\"type\": \"Point\", \"coordinates\": [34.56081, -1.01599]}", "facility": {"code": 20073}}, {"collection_date": "2015-08-19T15:05:53.457146+00:00", "source": {"name": "MOH Naivasha"}, "method": {"name": "Taken with GPS Device"}, "coordinates": "{\"type\": \"Point\", \"coordinates\": [36.43254, -0.7145]}", "facility": {"code": 18571}}, {"collection_date": "2015-08-19T15:05:53.322813+00:00", "source": {"name": "GPS"}, "method": {"name": "Taken with GPS Device"}, "coordinates": "{\"type\": \"Point\", \"coordinates\": [36.85126, -1.27173]}", "facility": {"code": 19608}}, {"collection_date": "2015-08-19T15:05:53.309929+00:00", "source": {"name": "DHMT"}, "method": {"name": "Taken with GPS Device"}, "coordinates": "{\"type\": \"Point\", \"coordinates\": [38.02345, -1.37594]}", "facility": {"code": 19121}}, {"collection_date": "2015-08-19T15:05:53.300014+00:00", "source": {"name": "DHMT"}, "method": {"name": "Taken with GPS Device"}, "coordinates": "{\"type\": \"Point\", \"coordinates\": [39.26863, -3.97231]}", "facility": {"code": 20586}}, {"collection_date": "2015-08-19T15:05:53.247561+00:00", "source": {"name": "DHMT"}, "method": {"name": "Taken with GPS Device"}, "coordinates": "{\"type\": \"Point\", \"coordinates\": [36.71723, -1.32751]}", "facility": {"code": 20072}}, {"collection_date": "2015-08-19T15:05:53.235169+00:00", "source": {"name": "SARAM 2013"}, "method": {"name": "Taken with GPS Device"}, "coordinates": "{\"type\": \"Point\", \"coordinates\": [37.93892, 0.23708]}", "facility": {"code": 18569}}, {"collection_date": "2015-08-19T15:05:53.085890+00:00", "source": {"name": "DHMT"}, "method": {"name": "Taken with GPS Device"}, "coordinates": "{\"type\": \"Point\", \"coordinates\": [38.00932, -1.35825]}", "facility": {"code": 19120}}, {"collection_date": "2015-08-19T15:05:53.073201+00:00", "source": {"name": "GPS"}, "method": {"name": "Taken with GPS Device"}, "coordinates": "{\"type\": \"Point\", \"coordinates\": [36.85243, -1.27125]}", "facility": {"code": 19607}}, {"collection_date": "2015-08-19T15:05:53.052207+00:00", "source": {"name": "DHMT"}, "method": {"name": "Taken with GPS Device"}, "coordinates": "{\"type\": \"Point\", \"coordinates\": [39.48421, -3.88402]}", "facility": {"code": 20585}}, {"collection_date": "2015-08-19T15:05:52.998321+00:00", "source": {"name": "GPS"}, "method": {"name": "Taken with GPS Device"}, "coordinates": "{\"type\": \"Point\", \"coordinates\": [36.92437, -0.78096]}", "facility": {"code": 20071}}, {"collection_date": "2015-08-19T15:05:52.988459+00:00", "source": {"name": "DHRIO"}, "method": {"name": "Taken with GPS Device"}, "coordinates": "{\"type\": \"Point\", \"coordinates\": [38.0632, -0.93963]}", "facility": {"code": 18568}}, {"collection_date": "2015-08-19T15:05:52.966379+00:00", "source": {"name": "SARAM 2013"}, "method": {"name": "Taken with GPS Device"}, "coordinates": "{\"type\": \"Point\", \"coordinates\": [37.33182, -1.41214]}", "facility": {"code": 19119}}, {"collection_date": "2015-08-19T15:05:52.841073+00:00", "source": {"name": "DHMT"}, "method": {"name": "Taken with GPS Device"}, "coordinates": "{\"type\": \"Point\", \"coordinates\": [39.65146, -4.09835]}", "facility": {"code": 19606}}, {"collection_date": "2015-08-19T15:05:52.810829+00:00", "source": {"name": "GPS"}, "method": {"name": "Taken with GPS Device"}, "coordinates": "{\"type\": \"Point\", \"coordinates\": [36.80677, -1.30573]}", "facility": {"code": 20584}}, {"collection_date": "2015-08-19T15:05:52.758032+00:00", "source": {"name": "DMOH"}, "method": {"name": "Taken with GPS Device"}, "coordinates": "{\"type\": \"Point\", \"coordinates\": [38.16449, -0.98316]}", "facility": {"code": 18567}}, {"collection_date": "2015-08-19T15:05:52.756106+00:00", "source": {"name": "DHMT"}, "method": {"name": "Taken with GPS Device"}, "coordinates": "{\"type\": \"Point\", \"coordinates\": [37.981, -1.21663]}", "facility": {"code": 19118}}, {"collection_date": "2015-08-19T15:05:52.753096+00:00", "source": {"name": "DHMT"}, "method": {"name": "Taken with GPS Device"}, "coordinates": "{\"type\": \"Point\", \"coordinates\": [37.9159, -1.23245]}", "facility": {"code": 20070}}, {"collection_date": "2015-08-19T15:05:52.734867+00:00", "source": {"name": "SARAM 2013"}, "method": {"name": "Taken with GPS Device"}, "coordinates": "{\"type\": \"Point\", \"coordinates\": [39.69827, -4.02573]}", "facility": {"code": 19605}}, {"collection_date": "2015-08-19T15:05:52.596184+00:00", "source": {"name": "GPS"}, "method": {"name": "Taken with GPS Device"}, "coordinates": "{\"type\": \"Point\", \"coordinates\": [36.80769, -1.30433]}", "facility": {"code": 20583}}, {"collection_date": "2015-08-19T15:05:52.556409+00:00", "source": {"name": "DHMT"}, "method": {"name": "Taken with GPS Device"}, "coordinates": "{\"type\": \"Point\", \"coordinates\": [38.0094, -1.03669]}", "facility": {"code": 19117}}, {"collection_date": "2015-08-19T15:05:52.499727+00:00", "source": {"name": "DHMT"}, "method": {"name": "Taken with GPS Device"}, "coordinates": "{\"type\": \"Point\", \"coordinates\": [34.44436, -0.13337]}", "facility": {"code": 20069}}, {"collection_date": "2015-08-19T15:05:52.496985+00:00", "source": {"name": "DHMT"}, "method": {"name": "Taken with GPS Device"}, "coordinates": "{\"type\": \"Point\", \"coordinates\": [37.94472, -1.17928]}", "facility": {"code": 18566}}, {"collection_date": "2015-08-19T15:05:52.489972+00:00", "source": {"name": "DHMT"}, "method": {"name": "Taken with GPS Device"}, "coordinates": "{\"type\": \"Point\", \"coordinates\": [39.69097, -4.03605]}", "facility": {"code": 19604}}, {"collection_date": "2015-08-19T15:05:52.473748+00:00", "source": {"name": "GPS"}, "method": {"name": "Taken with GPS Device"}, "coordinates": "{\"type\": \"Point\", \"coordinates\": [36.80769, -1.30433]}", "facility": {"code": 20582}}, {"collection_date": "2015-08-19T15:05:52.310910+00:00", "source": {"name": "SARAM KENYA"}, "method": {"name": "Taken with GPS Device"}, "coordinates": "{\"type\": \"Point\", \"coordinates\": [37.64692, 0.04329]}", "facility": {"code": 19113}}, {"collection_date": "2015-08-19T15:05:52.222029+00:00", "source": {"name": "DHMT"}, "method": {"name": "Taken with GPS Device"}, "coordinates": "{\"type\": \"Point\", \"coordinates\": [36.05258, -0.29154]}", "facility": {"code": 20068}}, {"collection_date": "2015-08-19T15:05:52.214831+00:00", "source": {"name": "GPS"}, "method": {"name": "Taken with GPS Device"}, "coordinates": "{\"type\": \"Point\", \"coordinates\": [36.80636, -1.30488]}", "facility": {"code": 20581}}, {"collection_date": "2015-08-19T15:05:52.210773+00:00", "source": {"name": "DHMT"}, "method": {"name": "Taken with GPS Device"}, "coordinates": "{\"type\": \"Point\", \"coordinates\": [37.85467, -1.19266]}", "facility": {"code": 18565}}, {"collection_date": "2015-08-19T15:05:52.196868+00:00", "source": {"name": "DHMT"}, "method": {"name": "Taken with GPS Device"}, "coordinates": "{\"type\": \"Point\", \"coordinates\": [36.91497, -1.01707]}", "facility": {"code": 19603}}, {"collection_date": "2015-08-19T15:05:52.029584+00:00", "source": {"name": "SARAM"}, "method": {"name": "Taken with GPS Device"}, "coordinates": "{\"type\": \"Point\", \"coordinates\": [37.36172, -1.53314]}", "facility": {"code": 19112}}, {"collection_date": "2015-08-19T15:05:52.018562+00:00", "source": {"name": "GPRS"}, "method": {"name": "Calc from proximity to school, village,markets"}, "coordinates": "{\"type\": \"Point\", \"coordinates\": [36.6171, -1.08108]}", "facility": {"code": 19602}}, {"collection_date": "2015-08-19T15:05:52.007629+00:00", "source": {"name": "DHRIO"}, "method": {"name": "Taken with GPS Device"}, "coordinates": "{\"type\": \"Point\", \"coordinates\": [36.82141, -1.28454]}", "facility": {"code": 20067}}, {"collection_date": "2015-08-19T15:05:51.996435+00:00", "source": {"name": "MOH GPS"}, "method": {"name": "Taken with GPS Device"}, "coordinates": "{\"type\": \"Point\", \"coordinates\": [34.35278, 0.25589]}", "facility": {"code": 18564}}, {"collection_date": "2015-08-19T15:05:51.986096+00:00", "source": {"name": "GPS"}, "method": {"name": "Taken with GPS Device"}, "coordinates": "{\"type\": \"Point\", \"coordinates\": [36.80643, -1.30445]}", "facility": {"code": 20580}}, {"collection_date": "2015-08-19T15:05:51.912835+00:00", "source": {"name": "DHMT"}, "method": {"name": "Taken with GPS Device"}, "coordinates": "{\"type\": \"Point\", \"coordinates\": [37.93959, 0.23589]}", "facility": {"code": 19111}}, {"collection_date": "2015-08-19T15:05:51.772500+00:00", "source": {"name": "GPS"}, "method": {"name": "Taken with GPS Device"}, "coordinates": "{\"type\": \"Point\", \"coordinates\": [37.87688, -0.2428]}", "facility": {"code": 20066}}, {"collection_date": "2015-08-19T15:05:51.767834+00:00", "source": {"name": "DHMT"}, "method": {"name": "Taken with GPS Device"}, "coordinates": "{\"type\": \"Point\", \"coordinates\": [36.96015, -1.16644]}", "facility": {"code": 18559}}, {"collection_date": "2015-08-19T15:05:51.766795+00:00", "source": {"name": "SARAM"}, "method": {"name": "Taken with GPS Device"}, "coordinates": "{\"type\": \"Point\", \"coordinates\": [38.0698, -1.35512]}", "facility": {"code": 19601}}, {"collection_date": "2015-08-19T15:05:51.748716+00:00", "source": {"name": "MOH"}, "method": {"name": "Taken with GPS Device"}, "coordinates": "{\"type\": \"Point\", \"coordinates\": [38.3277, -1.9041]}", "facility": {"code": 20579}}, {"collection_date": "2015-08-19T15:05:51.743767+00:00", "source": {"name": "SARAM"}, "method": {"name": "Taken with GPS Device"}, "coordinates": "{\"type\": \"Point\", \"coordinates\": [37.13443, -1.54024]}", "facility": {"code": 19110}}, {"collection_date": "2015-08-19T15:05:51.655543+00:00", "source": {"name": "291"}, "method": {"name": "Taken with GPS Device"}, "coordinates": "{\"type\": \"Point\", \"coordinates\": [37.07546, 0.0101]}", "facility": {"code": 20065}}, {"collection_date": "2015-08-19T15:05:51.640048+00:00", "source": {"name": "MOH"}, "method": {"name": "Taken with GPS Device"}, "coordinates": "{\"type\": \"Point\", \"coordinates\": [37.32601, 0.08578]}", "facility": {"code": 20578}}, {"collection_date": "2015-08-19T15:05:51.632505+00:00", "source": {"name": "DHMT"}, "method": {"name": "Taken with GPS Device"}, "coordinates": "{\"type\": \"Point\", \"coordinates\": [36.99259, -1.25708]}", "facility": {"code": 19600}}, {"collection_date": "2015-08-19T15:05:51.606124+00:00", "source": {"name": "MOH GPS"}, "method": {"name": "Taken with GPS Device"}, "coordinates": "{\"type\": \"Point\", \"coordinates\": [34.38666, 0.18348]}", "facility": {"code": 18557}}, {"collection_date": "2015-08-19T15:05:51.595266+00:00", "source": {"name": "DHMT"}, "method": {"name": "Taken with GPS Device"}, "coordinates": "{\"type\": \"Point\", \"coordinates\": [37.52914, -2.54497]}", "facility": {"code": 19108}}, {"collection_date": "2015-08-19T15:05:51.520392+00:00", "source": {"name": "GPRS"}, "method": {"name": "Taken with GPS Device"}, "coordinates": "{\"type\": \"Point\", \"coordinates\": [36.74876, -1.28747]}", "facility": {"code": 20064}}, {"collection_date": "2015-08-19T15:05:51.511644+00:00", "source": {"name": "DHMT"}, "method": {"name": "Taken with GPS Device"}, "coordinates": "{\"type\": \"Point\", \"coordinates\": [39.43721, -3.835]}", "facility": {"code": 19599}}, {"collection_date": "2015-08-19T15:05:51.496987+00:00", "source": {"name": "MOH"}, "method": {"name": "Taken with GPS Device"}, "coordinates": "{\"type\": \"Point\", \"coordinates\": [37.47123, 0.0879]}", "facility": {"code": 20577}}, {"collection_date": "2015-08-19T15:05:51.463264+00:00", "source": {"name": "DHMT"}, "method": {"name": "Taken with GPS Device"}, "coordinates": "{\"type\": \"Point\", \"coordinates\": [36.99161, -1.10524]}", "facility": {"code": 18556}}, {"collection_date": "2015-08-19T15:05:51.452952+00:00", "source": {"name": "DHMT"}, "method": {"name": "Taken with GPS Device"}, "coordinates": "{\"type\": \"Point\", \"coordinates\": [38.10307, -1.89475]}", "facility": {"code": 19107}}, {"collection_date": "2015-08-19T15:05:51.376410+00:00", "source": {"name": "DHRIO"}, "method": {"name": "Taken with GPS Device"}, "coordinates": "{\"type\": \"Point\", \"coordinates\": [36.83671, -1.26498]}", "facility": {"code": 20063}}, {"collection_date": "2015-08-19T15:05:51.366594+00:00", "source": {"name": "MOH"}, "method": {"name": "Taken with GPS Device"}, "coordinates": "{\"type\": \"Point\", \"coordinates\": [37.51421, 0.09594]}", "facility": {"code": 20576}}, {"collection_date": "2015-08-19T15:05:51.363850+00:00", "source": {"name": "DHMT"}, "method": {"name": "Taken with GPS Device"}, "coordinates": "{\"type\": \"Point\", \"coordinates\": [36.93907, -1.211]}", "facility": {"code": 18555}}, {"collection_date": "2015-08-19T15:05:51.355047+00:00", "source": {"name": "DHMT"}, "method": {"name": "Taken with GPS Device"}, "coordinates": "{\"type\": \"Point\", \"coordinates\": [36.9015, -0.95761]}", "facility": {"code": 19598}}, {"collection_date": "2015-08-19T15:05:51.341175+00:00", "source": {"name": "SARAM KENYA"}, "method": {"name": "Taken with GPS Device"}, "coordinates": "{\"type\": \"Point\", \"coordinates\": [37.64101, 0.0562]}", "facility": {"code": 19106}}, {"collection_date": "2015-08-19T15:05:51.222706+00:00", "source": {"name": "DHRIO"}, "method": {"name": "Taken with GPS Device"}, "coordinates": "{\"type\": \"Point\", \"coordinates\": [36.8671, -1.26093]}", "facility": {"code": 20062}}], "model": "mfl_gis.FacilityCoordinates", "unique_fields": ["facility"]}]