[{"records": [{"collection_date": "2015-08-19T15:03:42.836940+00:00", "source": {"name": "SARAM 2013"}, "method": {"name": "Taken with GPS Device"}, "coordinates": "{\"type\": \"Point\", \"coordinates\": [34.29439, 0.58756]}", "facility": {"code": 17242}}, {"collection_date": "2015-08-19T15:03:42.790984+00:00", "source": {"name": "DHMT"}, "method": {"name": "Taken with GPS Device"}, "coordinates": "{\"type\": \"Point\", \"coordinates\": [37.64846, -0.68749]}", "facility": {"code": 11964}}, {"collection_date": "2015-08-19T15:03:42.780180+00:00", "source": {"name": "SARAM 2013"}, "method": {"name": "Taken with GPS Device"}, "coordinates": "{\"type\": \"Point\", \"coordinates\": [39.62451, -4.0219]}", "facility": {"code": 11828}}, {"collection_date": "2015-08-19T15:03:41.665397+00:00", "source": {"name": "DHMT"}, "method": {"name": "Taken with GPS Device"}, "coordinates": "{\"type\": \"Point\", \"coordinates\": [37.22899, -1.90923]}", "facility": {"code": 17241}}, {"collection_date": "2015-08-19T15:03:41.658377+00:00", "source": {"name": "DHMT"}, "method": {"name": "Taken with GPS Device"}, "coordinates": "{\"type\": \"Point\", \"coordinates\": [36.33457, -0.03948]}", "facility": {"code": 10056}}, {"collection_date": "2015-08-19T15:03:41.645388+00:00", "source": {"name": "SARAM 2013"}, "method": {"name": "Taken with GPS Device"}, "coordinates": "{\"type\": \"Point\", \"coordinates\": [37.52455, 0.60893]}", "facility": {"code": 17809}}, {"collection_date": "2015-08-19T15:03:41.628328+00:00", "source": {"name": "Sublocation Centroid Exercise of MOH/ICF Macro"}, "method": {"name": "Taken with GPS Device"}, "coordinates": "{\"type\": \"Point\", \"coordinates\": [37.04671, -1.07414]}", "facility": {"code": 16759}}, {"collection_date": "2015-08-19T15:03:41.483430+00:00", "source": {"name": "DHMT"}, "method": {"name": "Taken with GPS Device"}, "coordinates": "{\"type\": \"Point\", \"coordinates\": [39.5958, -3.98311]}", "facility": {"code": 11849}}, {"collection_date": "2015-08-19T15:03:41.327380+00:00", "source": {"name": "Sublocation Centroid Exercise of MOH/ICF Macro"}, "method": {"name": "Taken with GPS Device"}, "coordinates": "{\"type\": \"Point\", \"coordinates\": [36.99855, -0.45798]}", "facility": {"code": 11179}}, {"collection_date": "2015-08-19T15:03:41.313748+00:00", "source": {"name": "SARAM 2013"}, "method": {"name": "Taken with GPS Device"}, "coordinates": "{\"type\": \"Point\", \"coordinates\": [35.18423, 0.85681]}", "facility": {"code": 17239}}, {"collection_date": "2015-08-19T15:03:41.313570+00:00", "source": {"name": "Sublocation Centroid Exercise of MOH/ICF Macro"}, "method": {"name": "Taken with GPS Device"}, "coordinates": "{\"type\": \"Point\", \"coordinates\": [37.10909, -1.05473]}", "facility": {"code": 10167}}, {"collection_date": "2015-08-19T15:03:41.302249+00:00", "source": {"name": "DHMT"}, "method": {"name": "Taken with GPS Device"}, "coordinates": "{\"type\": \"Point\", \"coordinates\": [36.69554, 1.09564]}", "facility": {"code": 17806}}, {"collection_date": "2015-08-19T15:03:41.157225+00:00", "source": {"name": "SARAM 2013"}, "method": {"name": "Taken with GPS Device"}, "coordinates": "{\"type\": \"Point\", \"coordinates\": [39.63023, -4.02893]}", "facility": {"code": 11856}}, {"collection_date": "2015-08-19T15:03:41.133113+00:00", "source": {"name": "SARAM 2013"}, "method": {"name": "Taken with GPS Device"}, "coordinates": "{\"type\": \"Point\", \"coordinates\": [36.89791, -0.95793]}", "facility": {"code": 10998}}, {"collection_date": "2015-08-19T15:03:40.981521+00:00", "source": {"name": "DHMT"}, "method": {"name": "Taken with GPS Device"}, "coordinates": "{\"type\": \"Point\", \"coordinates\": [35.83348, -1.18715]}", "facility": {"code": 17805}}, {"collection_date": "2015-08-19T15:03:40.971169+00:00", "source": {"name": "Sublocation Centroid Exercise of MOH/ICF Macro"}, "method": {"name": "Other"}, "coordinates": "{\"type\": \"Point\", \"coordinates\": [36.9038, -1.20244]}", "facility": {"code": 13141}}, {"collection_date": "2015-08-19T15:03:40.971168+00:00", "source": {"name": "GPS"}, "method": {"name": "Taken with GPS Device"}, "coordinates": "{\"type\": \"Point\", \"coordinates\": [37.91513, -1.23294]}", "facility": {"code": 17236}}, {"collection_date": "2015-08-19T15:03:40.791275+00:00", "source": {"name": "SARAM 2013"}, "method": {"name": "Taken with GPS Device"}, "coordinates": "{\"type\": \"Point\", \"coordinates\": [36.84959, -0.99549]}", "facility": {"code": 10323}}, {"collection_date": "2015-08-19T15:03:40.779830+00:00", "source": {"name": "Sublocation Centroid Exercise of MOH/ICF Macro"}, "method": {"name": "Taken with GPS Device"}, "coordinates": "{\"type\": \"Point\", \"coordinates\": [39.60588, -3.99953]}", "facility": {"code": 11216}}, {"collection_date": "2015-08-19T15:03:40.773072+00:00", "source": {"name": "DHMT"}, "method": {"name": "Taken with GPS Device"}, "coordinates": "{\"type\": \"Point\", \"coordinates\": [36.69646, 1.09599]}", "facility": {"code": 17804}}, {"collection_date": "2015-08-19T15:03:40.622465+00:00", "source": {"name": "Sublocation Centroid Exercise of MOH/ICF Macro"}, "method": {"name": "Taken with GPS Device"}, "coordinates": "{\"type\": \"Point\", \"coordinates\": [36.71331, -1.25831]}", "facility": {"code": 11066}}, {"collection_date": "2015-08-19T15:03:40.446248+00:00", "source": {"name": "Sublocation Centroid Exercise of MOH/ICF Macro"}, "method": {"name": "Taken with GPS Device"}, "coordinates": "{\"type\": \"Point\", \"coordinates\": [39.69512, -4.03833]}", "facility": {"code": 17233}}, {"collection_date": "2015-08-19T15:03:40.401476+00:00", "source": {"name": "Sublocation Centroid Exercise of MOH/ICF Macro"}, "method": {"name": "Other"}, "coordinates": "{\"type\": \"Point\", \"coordinates\": [37.3322, -0.47531]}", "facility": {"code": 10549}}, {"collection_date": "2015-08-19T15:03:40.390430+00:00", "source": {"name": "DHMT"}, "method": {"name": "Taken with GPS Device"}, "coordinates": "{\"type\": \"Point\", \"coordinates\": [39.62859, -4.02597]}", "facility": {"code": 11657}}, {"collection_date": "2015-08-19T15:03:40.370194+00:00", "source": {"name": "SARAM 2013"}, "method": {"name": "Taken with GPS Device"}, "coordinates": "{\"type\": \"Point\", \"coordinates\": [36.1655, -0.26858]}", "facility": {"code": 17803}}, {"collection_date": "2015-08-19T15:03:40.368449+00:00", "source": {"name": "Sublocation Centroid Exercise of MOH/ICF Macro"}, "method": {"name": "Taken with GPS Device"}, "coordinates": "{\"type\": \"Point\", \"coordinates\": [35.97443, -0.51406]}", "facility": {"code": 15160}}, {"collection_date": "2015-08-19T15:03:40.219064+00:00", "source": {"name": "John Monyancha"}, "method": {"name": "Taken with GPS Device"}, "coordinates": "{\"type\": \"Point\", \"coordinates\": [34.94223, -0.49604]}", "facility": {"code": 17232}}, {"collection_date": "2015-08-19T15:03:40.201726+00:00", "source": {"name": "Sublocation Centroid Exercise of MOH/ICF Macro"}, "method": {"name": "Other"}, "coordinates": "{\"type\": \"Point\", \"coordinates\": [36.967, -0.989327]}", "facility": {"code": 11073}}, {"collection_date": "2015-08-19T15:03:40.189793+00:00", "source": {"name": "SARAM 2013"}, "method": {"name": "Taken with GPS Device"}, "coordinates": "{\"type\": \"Point\", \"coordinates\": [39.62987, -4.00356]}", "facility": {"code": 11615}}, {"collection_date": "2015-08-19T15:03:40.054554+00:00", "source": {"name": "Sublocation Centroid Exercise of MOH/ICF Macro"}, "method": {"name": "Other"}, "coordinates": "{\"type\": \"Point\", \"coordinates\": [36.69086, -1.21731]}", "facility": {"code": 10102}}, {"collection_date": "2015-08-19T15:03:40.033002+00:00", "source": {"name": "SARAM 2013"}, "method": {"name": "Taken with GPS Device"}, "coordinates": "{\"type\": \"Point\", \"coordinates\": [35.87366, -1.08806]}", "facility": {"code": 17802}}, {"collection_date": "2015-08-19T15:03:39.989376+00:00", "source": {"name": "Sublocation Centroid Exercise of MOH/ICF Macro"}, "method": {"name": "Taken with GPS Device"}, "coordinates": "{\"type\": \"Point\", \"coordinates\": [37.0085, -0.35947]}", "facility": {"code": 11015}}, {"collection_date": "2015-08-19T15:03:39.980461+00:00", "source": {"name": "SARAM 2013"}, "method": {"name": "Taken with GPS Device"}, "coordinates": "{\"type\": \"Point\", \"coordinates\": [35.91854, 3.55141]}", "facility": {"code": 17231}}, {"collection_date": "2015-08-19T15:03:39.958410+00:00", "source": {"name": "Cold Chain Inventory (MoH/PATH/WHO) - Feb 2011"}, "method": {"name": "Taken with GPS Device"}, "coordinates": "{\"type\": \"Point\", \"coordinates\": [36.91829, -1.26742]}", "facility": {"code": 13222}}, {"collection_date": "2015-08-19T15:03:39.835167+00:00", "source": {"name": "SARAM 2013"}, "method": {"name": "Taken with GPS Device"}, "coordinates": "{\"type\": \"Point\", \"coordinates\": [35.25507, 0.02258]}", "facility": {"code": 17801}}, {"collection_date": "2015-08-19T15:03:39.824707+00:00", "source": {"name": "Cold Chain Inventory (MoH/PATH/WHO) - Feb 2011"}, "method": {"name": "Taken with GPS Device"}, "coordinates": "{\"type\": \"Point\", \"coordinates\": [34.80396, -0.80387]}", "facility": {"code": 13613}}, {"collection_date": "2015-08-19T15:03:39.775273+00:00", "source": {"name": "GPS"}, "method": {"name": "Taken with GPS Device"}, "coordinates": "{\"type\": \"Point\", \"coordinates\": [40.89304, 2.33777]}", "facility": {"code": 17230}}, {"collection_date": "2015-08-19T15:03:39.756796+00:00", "source": {"name": "Cold Chain Inventory (MoH/PATH/WHO) - Feb 2011"}, "method": {"name": "Taken with GPS Device"}, "coordinates": "{\"type\": \"Point\", \"coordinates\": [34.56958, 0.00125]}", "facility": {"code": 15806}}, {"collection_date": "2015-08-19T15:03:39.742431+00:00", "source": {"name": "SARAM 2013"}, "method": {"name": "Taken with GPS Device"}, "coordinates": "{\"type\": \"Point\", \"coordinates\": [39.62075, -4.02258]}", "facility": {"code": 11540}}, {"collection_date": "2015-08-19T15:03:39.623685+00:00", "source": {"name": "SARAM 2013"}, "method": {"name": "Taken with GPS Device"}, "coordinates": "{\"type\": \"Point\", \"coordinates\": [36.03383, -0.19625]}", "facility": {"code": 17793}}, {"collection_date": "2015-08-19T15:03:39.599914+00:00", "source": {"name": "DHRIO"}, "method": {"name": "Taken with GPS Device"}, "coordinates": "{\"type\": \"Point\", \"coordinates\": [36.83801, -1.26636]}", "facility": {"code": 12900}}, {"collection_date": "2015-08-19T15:03:39.542921+00:00", "source": {"name": "GPS"}, "method": {"name": "Taken with GPS Device"}, "coordinates": "{\"type\": \"Point\", \"coordinates\": [40.9729, 2.33751]}", "facility": {"code": 17229}}, {"collection_date": "2015-08-19T15:03:39.521004+00:00", "source": {"name": "Sublocation Centroid Exercise of MOH/ICF Macro"}, "method": {"name": "Other"}, "coordinates": "{\"type\": \"Point\", \"coordinates\": [36.9217, -1.0343]}", "facility": {"code": 10612}}, {"collection_date": "2015-08-19T15:03:39.517395+00:00", "source": {"name": "SARAM 2013"}, "method": {"name": "Taken with GPS Device"}, "coordinates": "{\"type\": \"Point\", \"coordinates\": [39.63025, -4.00318]}", "facility": {"code": 11516}}, {"collection_date": "2015-08-19T15:03:39.504082+00:00", "source": {"name": "SARAM 2013"}, "method": {"name": "Taken with GPS Device"}, "coordinates": "{\"type\": \"Point\", \"coordinates\": [36.17753, -0.16462]}", "facility": {"code": 17791}}, {"collection_date": "2015-08-19T15:03:39.362216+00:00", "source": {"name": "Cold Chain Inventory (MoH/PATH/WHO) - Feb 2011"}, "method": {"name": "Taken with GPS Device"}, "coordinates": "{\"type\": \"Point\", \"coordinates\": [37.64728, -0.5843]}", "facility": {"code": 11987}}, {"collection_date": "2015-08-19T15:03:39.332574+00:00", "source": {"name": "MOPHS"}, "method": {"name": "Taken with GPS Device"}, "coordinates": "{\"type\": \"Point\", \"coordinates\": [37.34554, 0.1904]}", "facility": {"code": 17226}}, {"collection_date": "2015-08-19T15:03:39.320933+00:00", "source": {"name": "DHMT"}, "method": {"name": "Taken with GPS Device"}, "coordinates": "{\"type\": \"Point\", \"coordinates\": [39.62966, -4.00203]}", "facility": {"code": 11440}}, {"collection_date": "2015-08-19T15:03:39.287004+00:00", "source": {"name": "KEMRI GIS MERGE"}, "method": {"name": "Taken with GPS Device"}, "coordinates": "{\"type\": \"Point\", \"coordinates\": [34.50626, 0.26038]}", "facility": {"code": 15803}}, {"collection_date": "2015-08-19T15:03:39.277665+00:00", "source": {"name": "SARAM 2013"}, "method": {"name": "Taken with GPS Device"}, "coordinates": "{\"type\": \"Point\", \"coordinates\": [36.21677, -0.04476]}", "facility": {"code": 17790}}, {"collection_date": "2015-08-19T15:03:39.258144+00:00", "source": {"name": "Sublocation Centroid Exercise of MOH/ICF Macro"}, "method": {"name": "Other"}, "coordinates": "{\"type\": \"Point\", \"coordinates\": [36.8462, -1.2887]}", "facility": {"code": 13183}}, {"collection_date": "2015-08-19T15:03:39.140752+00:00", "source": {"name": "SARAM 2013"}, "method": {"name": "Taken with GPS Device"}, "coordinates": "{\"type\": \"Point\", \"coordinates\": [37.69825, 0.09657]}", "facility": {"code": 17224}}, {"collection_date": "2015-08-19T15:03:39.109872+00:00", "source": {"name": "SARAM 2013"}, "method": {"name": "Taken with GPS Device"}, "coordinates": "{\"type\": \"Point\", \"coordinates\": [39.63254, -4.01887]}", "facility": {"code": 11421}}, {"collection_date": "2015-08-19T15:03:39.069379+00:00", "source": {"name": "Sublocation Centroid Exercise of MOH/ICF Macro"}, "method": {"name": "Taken with GPS Device"}, "coordinates": "{\"type\": \"Point\", \"coordinates\": [37.0125, -0.40927]}", "facility": {"code": 10628}}, {"collection_date": "2015-08-19T15:03:39.024571+00:00", "source": {"name": "KEMRI GIS MERGE"}, "method": {"name": "Taken with GPS Device"}, "coordinates": "{\"type\": \"Point\", \"coordinates\": [39.69335, -4.00435]}", "facility": {"code": 11239}}, {"collection_date": "2015-08-19T15:03:39.020415+00:00", "source": {"name": "GOK"}, "method": {"name": "Taken with GPS Device"}, "coordinates": "{\"type\": \"Point\", \"coordinates\": [37.1074, 0.80571]}", "facility": {"code": 17785}}, {"collection_date": "2015-08-19T15:03:39.008603+00:00", "source": {"name": "DHMT"}, "method": {"name": "Taken with GPS Device"}, "coordinates": "{\"type\": \"Point\", \"coordinates\": [39.6296, -4.03601]}", "facility": {"code": 11391}}, {"collection_date": "2015-08-19T15:03:39.006871+00:00", "source": {"name": "SARAM 2013"}, "method": {"name": "Taken with GPS Device"}, "coordinates": "{\"type\": \"Point\", \"coordinates\": [37.67195, 0.1131]}", "facility": {"code": 17223}}, {"collection_date": "2015-08-19T15:03:38.844248+00:00", "source": {"name": "DHMT"}, "method": {"name": "Taken with GPS Device"}, "coordinates": "{\"type\": \"Point\", \"coordinates\": [36.36956, -0.275501]}", "facility": {"code": 10185}}, {"collection_date": "2015-08-19T15:03:38.819549+00:00", "source": {"name": "KEMRI GIS MERGE"}, "method": {"name": "Taken with GPS Device"}, "coordinates": "{\"type\": \"Point\", \"coordinates\": [36.83877, -1.28975]}", "facility": {"code": 13104}}, {"collection_date": "2015-08-19T15:03:38.809456+00:00", "source": {"name": "SARAM 2013"}, "method": {"name": "Taken with GPS Device"}, "coordinates": "{\"type\": \"Point\", \"coordinates\": [35.48577, 0.08729]}", "facility": {"code": 17222}}, {"collection_date": "2015-08-19T15:03:38.796972+00:00", "source": {"name": "SARAM 2013"}, "method": {"name": "Taken with GPS Device"}, "coordinates": "{\"type\": \"Point\", \"coordinates\": [39.65277, -4.08683]}", "facility": {"code": 11376}}, {"collection_date": "2015-08-19T15:03:38.763288+00:00", "source": {"name": "SARAM 2013"}, "method": {"name": "Taken with GPS Device"}, "coordinates": "{\"type\": \"Point\", \"coordinates\": [35.7411, -1.68992]}", "facility": {"code": 17783}}, {"collection_date": "2015-08-19T15:03:38.729885+00:00", "source": {"name": "KEMRI GIS MERGE"}, "method": {"name": "Taken with GPS Device"}, "coordinates": "{\"type\": \"Point\", \"coordinates\": [39.57617, -4.28795]}", "facility": {"code": 11867}}, {"collection_date": "2015-08-19T15:03:38.568372+00:00", "source": {"name": "DHMT"}, "method": {"name": "Taken with GPS Device"}, "coordinates": "{\"type\": \"Point\", \"coordinates\": [36.11761, -0.81482]}", "facility": {"code": 17221}}, {"collection_date": "2015-08-19T15:03:38.554332+00:00", "source": {"name": "Sublocation Centroid Exercise of MOH/ICF Macro"}, "method": {"name": "Other"}, "coordinates": "{\"type\": \"Point\", \"coordinates\": [37.0685, -1.02794]}", "facility": {"code": 16749}}, {"collection_date": "2015-08-19T15:03:38.543565+00:00", "source": {"name": "SARAM 2013"}, "method": {"name": "Taken with GPS Device"}, "coordinates": "{\"type\": \"Point\", \"coordinates\": [39.62609, -4.02842]}", "facility": {"code": 11291}}, {"collection_date": "2015-08-19T15:03:38.543459+00:00", "source": {"name": "DHMT"}, "method": {"name": "Taken with GPS Device"}, "coordinates": "{\"type\": \"Point\", \"coordinates\": [35.504617, -0.942699]}", "facility": {"code": 17782}}, {"collection_date": "2015-08-19T15:03:38.507672+00:00", "source": {"name": "DHMT"}, "method": {"name": "Taken with GPS Device"}, "coordinates": "{\"type\": \"Point\", \"coordinates\": [37.17676, -0.48024]}", "facility": {"code": 10557}}, {"collection_date": "2015-08-19T15:03:38.420914+00:00", "source": {"name": "DHMT"}, "method": {"name": "Taken with GPS Device"}, "coordinates": "{\"type\": \"Point\", \"coordinates\": [39.6208, -4.01392]}", "facility": {"code": 11646}}, {"collection_date": "2015-08-19T15:03:38.420180+00:00", "source": {"name": "Sublocation Centroid Exercise of MOH/ICF Macro"}, "method": {"name": "Taken with GPS Device"}, "coordinates": "{\"type\": \"Point\", \"coordinates\": [37.07241, -1.03051]}", "facility": {"code": 16756}}, {"collection_date": "2015-08-19T15:03:38.409528+00:00", "source": {"name": "MOH"}, "method": {"name": "Taken with GPS Device"}, "coordinates": "{\"type\": \"Point\", \"coordinates\": [35.21261, 0.83916]}", "facility": {"code": 17220}}, {"collection_date": "2015-08-19T15:03:38.397547+00:00", "source": {"name": "DHMT"}, "method": {"name": "Taken with GPS Device"}, "coordinates": "{\"type\": \"Point\", \"coordinates\": [37.41892, -0.524658]}", "facility": {"code": 16491}}, {"collection_date": "2015-08-19T15:03:38.388049+00:00", "source": {"name": "DHMT"}, "method": {"name": "Taken with GPS Device"}, "coordinates": "{\"type\": \"Point\", \"coordinates\": [35.433922, -0.970351]}", "facility": {"code": 17781}}, {"collection_date": "2015-08-19T15:03:38.217922+00:00", "source": {"name": "Cold Chain Inventory (MoH/PATH/WHO) - Feb 2011"}, "method": {"name": "Taken with GPS Device"}, "coordinates": "{\"type\": \"Point\", \"coordinates\": [37.45208, -0.53739]}", "facility": {"code": 12843}}, {"collection_date": "2015-08-19T15:03:38.206630+00:00", "source": {"name": "DHRIO"}, "method": {"name": "Taken with GPS Device"}, "coordinates": "{\"type\": \"Point\", \"coordinates\": [36.77533, -1.15604]}", "facility": {"code": 17219}}, {"collection_date": "2015-08-19T15:03:38.198007+00:00", "source": {"name": "DHMT"}, "method": {"name": "Taken with GPS Device"}, "coordinates": "{\"type\": \"Point\", \"coordinates\": [39.66458, -4.08619]}", "facility": {"code": 11530}}, {"collection_date": "2015-08-19T15:03:38.186515+00:00", "source": {"name": "SARAM 2013"}, "method": {"name": "Taken with GPS Device"}, "coordinates": "{\"type\": \"Point\", \"coordinates\": [36.84103, -1.0236]}", "facility": {"code": 10676}}, {"collection_date": "2015-08-19T15:03:38.129333+00:00", "source": {"name": "DHMT"}, "method": {"name": "Taken with GPS Device"}, "coordinates": "{\"type\": \"Point\", \"coordinates\": [35.415434, -1.0734]}", "facility": {"code": 17780}}, {"collection_date": "2015-08-19T15:03:37.988547+00:00", "source": {"name": "Cold Chain Inventory (MoH/PATH/WHO) - Feb 2011"}, "method": {"name": "Taken with GPS Device"}, "coordinates": "{\"type\": \"Point\", \"coordinates\": [36.91893, -1.24816]}", "facility": {"code": 12903}}, {"collection_date": "2015-08-19T15:03:37.982170+00:00", "source": {"name": "Cold Chain Inventory (MoH/PATH/WHO) - Feb 2011"}, "method": {"name": "Taken with GPS Device"}, "coordinates": "{\"type\": \"Point\", \"coordinates\": [36.89408, -1.22089]}", "facility": {"code": 13094}}, {"collection_date": "2015-08-19T15:03:37.960996+00:00", "source": {"name": "HMIS, DHRIO"}, "method": {"name": "Taken with GPS Device"}, "coordinates": "{\"type\": \"Point\", \"coordinates\": [35.08112, 0.25361]}", "facility": {"code": 17218}}, {"collection_date": "2015-08-19T15:03:37.953017+00:00", "source": {"name": "DHMT"}, "method": {"name": "Taken with GPS Device"}, "coordinates": "{\"type\": \"Point\", \"coordinates\": [37.24196, -0.55538]}", "facility": {"code": 10717}}, {"collection_date": "2015-08-19T15:03:37.905960+00:00", "source": {"name": "DHMT"}, "method": {"name": "Taken with GPS Device"}, "coordinates": "{\"type\": \"Point\", \"coordinates\": [38.08014, -1.56297]}", "facility": {"code": 17779}}, {"collection_date": "2015-08-19T15:03:37.873072+00:00", "source": {"name": "GPS"}, "method": {"name": "Other"}, "coordinates": "{\"type\": \"Point\", \"coordinates\": [39.5958, -3.98311]}", "facility": {"code": 11222}}, {"collection_date": "2015-08-19T15:03:37.862626+00:00", "source": {"name": "KEMRI GIS MERGE"}, "method": {"name": "Taken with GPS Device"}, "coordinates": "{\"type\": \"Point\", \"coordinates\": [36.86641, -1.28515]}", "facility": {"code": 12989}}, {"collection_date": "2015-08-19T15:03:37.839571+00:00", "source": {"name": "HMIS GPS"}, "method": {"name": "Taken with GPS Device"}, "coordinates": "{\"type\": \"Point\", \"coordinates\": [34.43925, 0.30169]}", "facility": {"code": 17217}}, {"collection_date": "2015-08-19T15:03:37.827758+00:00", "source": {"name": "Cold Chain Inventory (MoH/PATH/WHO) - Feb 2011"}, "method": {"name": "Taken with GPS Device"}, "coordinates": "{\"type\": \"Point\", \"coordinates\": [36.52908, -0.05193]}", "facility": {"code": 10320}}, {"collection_date": "2015-08-19T15:03:37.794682+00:00", "source": {"name": "DHMT"}, "method": {"name": "Taken with GPS Device"}, "coordinates": "{\"type\": \"Point\", \"coordinates\": [38.19644, -1.39825]}", "facility": {"code": 17778}}, {"collection_date": "2015-08-19T15:03:37.761171+00:00", "source": {"name": "SARAM 2013"}, "method": {"name": "Taken with GPS Device"}, "coordinates": "{\"type\": \"Point\", \"coordinates\": [39.62144, -4.03019]}", "facility": {"code": 11210}}, {"collection_date": "2015-08-19T15:03:37.729396+00:00", "source": {"name": "DHMT"}, "method": {"name": "Taken with GPS Device"}, "coordinates": "{\"type\": \"Point\", \"coordinates\": [39.6011, -4.03515]}", "facility": {"code": 11741}}, {"collection_date": "2015-08-19T15:03:37.718066+00:00", "source": {"name": "DHMT"}, "method": {"name": "Taken with GPS Device"}, "coordinates": "{\"type\": \"Point\", \"coordinates\": [37.6047, 0.01093]}", "facility": {"code": 17216}}, {"collection_date": "2015-08-19T15:03:37.694622+00:00", "source": {"name": "DHMT"}, "method": {"name": "Taken with GPS Device"}, "coordinates": "{\"type\": \"Point\", \"coordinates\": [37.53594, -2.79977]}", "facility": {"code": 14281}}, {"collection_date": "2015-08-19T15:03:37.662084+00:00", "source": {"name": "SARAM 2013"}, "method": {"name": "Taken with GPS Device"}, "coordinates": "{\"type\": \"Point\", \"coordinates\": [35.74279, -1.58616]}", "facility": {"code": 17776}}, {"collection_date": "2015-08-19T15:03:37.637947+00:00", "source": {"name": "Sublocation Centroid Exercise of MOH/ICF Macro"}, "method": {"name": "Taken with GPS Device"}, "coordinates": "{\"type\": \"Point\", \"coordinates\": [39.62522, -4.02498]}", "facility": {"code": 11209}}, {"collection_date": "2015-08-19T15:03:37.604639+00:00", "source": {"name": "DHMT"}, "method": {"name": "Taken with GPS Device"}, "coordinates": "{\"type\": \"Point\", \"coordinates\": [34.6107, -0.00152]}", "facility": {"code": 13782}}, {"collection_date": "2015-08-19T15:03:37.572389+00:00", "source": {"name": "Sublocation Centroid Exercise of MOH/ICF Macro"}, "method": {"name": "Taken with GPS Device"}, "coordinates": "{\"type\": \"Point\", \"coordinates\": [37.1638, -0.471308]}", "facility": {"code": 16499}}, {"collection_date": "2015-08-19T15:03:37.554610+00:00", "source": {"name": "DHMT"}, "method": {"name": "Taken with GPS Device"}, "coordinates": "{\"type\": \"Point\", \"coordinates\": [37.73265, -0.04492]}", "facility": {"code": 17214}}, {"collection_date": "2015-08-19T15:03:37.541518+00:00", "source": {"name": "SARAM 2013"}, "method": {"name": "Taken with GPS Device"}, "coordinates": "{\"type\": \"Point\", \"coordinates\": [37.57399, 0.33247]}", "facility": {"code": 17774}}], "model": "mfl_gis.FacilityCoordinates", "unique_fields": ["facility"]}]