[{"records": [{"collection_date": "2015-08-19T15:02:55.739843+00:00", "source": {"name": "Cold Chain Inventory (MoH/PATH/WHO) - Feb 2011"}, "method": {"name": "Taken with GPS Device"}, "coordinates": "{\"type\": \"Point\", \"coordinates\": [34.34824, -0.7179]}", "facility": {"code": 13670}}, {"collection_date": "2015-08-19T15:02:55.716173+00:00", "source": {"name": "DHMT"}, "method": {"name": "Taken with GPS Device"}, "coordinates": "{\"type\": \"Point\", \"coordinates\": [37.30447, -1.1477]}", "facility": {"code": 12408}}, {"collection_date": "2015-08-19T15:02:55.715235+00:00", "source": {"name": "DHMT"}, "method": {"name": "Taken with GPS Device"}, "coordinates": "{\"type\": \"Point\", \"coordinates\": [36.53481, -0.2466]}", "facility": {"code": 10752}}, {"collection_date": "2015-08-19T15:02:55.549999+00:00", "source": {"name": "SARAM 2013"}, "method": {"name": "Taken with GPS Device"}, "coordinates": "{\"type\": \"Point\", \"coordinates\": [38.09948, -1.10185]}", "facility": {"code": 16933}}, {"collection_date": "2015-08-19T15:02:55.547773+00:00", "source": {"name": "DHMT"}, "method": {"name": "Taken with GPS Device"}, "coordinates": "{\"type\": \"Point\", \"coordinates\": [39.56164, -3.94773]}", "facility": {"code": 17537}}, {"collection_date": "2015-08-19T15:02:55.496131+00:00", "source": {"name": "Cold Chain Inventory (MoH/PATH/WHO) - Feb 2011"}, "method": {"name": "Taken with GPS Device"}, "coordinates": "{\"type\": \"Point\", \"coordinates\": [37.02143, -1.090559]}", "facility": {"code": 11005}}, {"collection_date": "2015-08-19T15:02:55.362830+00:00", "source": {"name": "SARAM 2013"}, "method": {"name": "Taken with GPS Device"}, "coordinates": "{\"type\": \"Point\", \"coordinates\": [40.69896, -2.38859]}", "facility": {"code": 11800}}, {"collection_date": "2015-08-19T15:02:55.314491+00:00", "source": {"name": "Sublocation Centroid Exercise of MOH/ICF Macro"}, "method": {"name": "Taken with GPS Device"}, "coordinates": "{\"type\": \"Point\", \"coordinates\": [39.71669, -4.02797]}", "facility": {"code": 11721}}, {"collection_date": "2015-08-19T15:02:55.303077+00:00", "source": {"name": "SARAM 2013"}, "method": {"name": "Taken with GPS Device"}, "coordinates": "{\"type\": \"Point\", \"coordinates\": [34.18147, 0.0742]}", "facility": {"code": 17536}}, {"collection_date": "2015-08-19T15:02:55.280747+00:00", "source": {"name": "SARAM 2013"}, "method": {"name": "Taken with GPS Device"}, "coordinates": "{\"type\": \"Point\", \"coordinates\": [38.00722, -1.15048]}", "facility": {"code": 16932}}, {"collection_date": "2015-08-19T15:02:55.249558+00:00", "source": {"name": "Sublocation Centroid Exercise of MOH/ICF Macro"}, "method": {"name": "Other"}, "coordinates": "{\"type\": \"Point\", \"coordinates\": [37.1229, -0.553581]}", "facility": {"code": 10372}}, {"collection_date": "2015-08-19T15:02:55.248061+00:00", "source": {"name": "Sublocation Centroid Exercise of MOH/ICF Macro"}, "method": {"name": "Other"}, "coordinates": "{\"type\": \"Point\", \"coordinates\": [37.2125, -0.620559]}", "facility": {"code": 10701}}, {"collection_date": "2015-08-19T15:02:55.198763+00:00", "source": {"name": "Sublocation Centroid Exercise of MOH/ICF Macro"}, "method": {"name": "Other"}, "coordinates": "{\"type\": \"Point\", \"coordinates\": [36.9838, -1.46156]}", "facility": {"code": 12450}}, {"collection_date": "2015-08-19T15:02:55.160595+00:00", "source": {"name": "SARAM 2013"}, "method": {"name": "Taken with GPS Device"}, "coordinates": "{\"type\": \"Point\", \"coordinates\": [34.18002, 0.08238]}", "facility": {"code": 17535}}, {"collection_date": "2015-08-19T15:02:55.140038+00:00", "source": {"name": "DMOH-CCI Activity"}, "method": {"name": "Taken with GPS Device"}, "coordinates": "{\"type\": \"Point\", \"coordinates\": [37.98919, -1.02139]}", "facility": {"code": 16931}}, {"collection_date": "2015-08-19T15:02:55.139149+00:00", "source": {"name": "GPS"}, "method": {"name": "Taken with GPS Device"}, "coordinates": "{\"type\": \"Point\", \"coordinates\": [40.81503, -2.1803]}", "facility": {"code": 11749}}, {"collection_date": "2015-08-19T15:02:55.060996+00:00", "source": {"name": "MOH"}, "method": {"name": "Taken with GPS Device"}, "coordinates": "{\"type\": \"Point\", \"coordinates\": [39.86014, -3.17354]}", "facility": {"code": 11870}}, {"collection_date": "2015-08-19T15:02:55.026966+00:00", "source": {"name": "Sublocation Centroid Exercise of MOH/ICF Macro"}, "method": {"name": "Other"}, "coordinates": "{\"type\": \"Point\", \"coordinates\": [36.9041, -0.904477]}", "facility": {"code": 11072}}, {"collection_date": "2015-08-19T15:02:54.966444+00:00", "source": {"name": "SARAM 2013"}, "method": {"name": "Taken with GPS Device"}, "coordinates": "{\"type\": \"Point\", \"coordinates\": [39.67632, -4.063]}", "facility": {"code": 17534}}, {"collection_date": "2015-08-19T15:02:54.952723+00:00", "source": {"name": "DHMT"}, "method": {"name": "Taken with GPS Device"}, "coordinates": "{\"type\": \"Point\", \"coordinates\": [36.36449, -0.07336]}", "facility": {"code": 10910}}, {"collection_date": "2015-08-19T15:02:54.843677+00:00", "source": {"name": "Sublocation Centroid Exercise of MOH/ICF Macro"}, "method": {"name": "Other"}, "coordinates": "{\"type\": \"Point\", \"coordinates\": [36.9351, -1.36434]}", "facility": {"code": 12474}}, {"collection_date": "2015-08-19T15:02:54.825057+00:00", "source": {"name": "Sublocation Centroid Exercise of MOH/ICF Macro"}, "method": {"name": "Other"}, "coordinates": "{\"type\": \"Point\", \"coordinates\": [36.9041, -0.904477]}", "facility": {"code": 11044}}, {"collection_date": "2015-08-19T15:02:54.825056+00:00", "source": {"name": "SARAM 2013"}, "method": {"name": "Taken with GPS Device"}, "coordinates": "{\"type\": \"Point\", \"coordinates\": [37.98712, -1.09944]}", "facility": {"code": 16930}}, {"collection_date": "2015-08-19T15:02:54.760440+00:00", "source": {"name": "SARAM 2013"}, "method": {"name": "Taken with GPS Device"}, "coordinates": "{\"type\": \"Point\", \"coordinates\": [34.28015, 0.10758]}", "facility": {"code": 17533}}, {"collection_date": "2015-08-19T15:02:54.635488+00:00", "source": {"name": "SARAM 2013"}, "method": {"name": "Taken with GPS Device"}, "coordinates": "{\"type\": \"Point\", \"coordinates\": [37.56491, -1.41006]}", "facility": {"code": 12736}}, {"collection_date": "2015-08-19T15:02:54.626829+00:00", "source": {"name": "SARAM 2013"}, "method": {"name": "Taken with GPS Device"}, "coordinates": "{\"type\": \"Point\", \"coordinates\": [39.58025, -4.0037]}", "facility": {"code": 11428}}, {"collection_date": "2015-08-19T15:02:54.592921+00:00", "source": {"name": "Sublocation Centroid Exercise of MOH/ICF Macro"}, "method": {"name": "Other"}, "coordinates": "{\"type\": \"Point\", \"coordinates\": [36.955, -0.936144]}", "facility": {"code": 11017}}, {"collection_date": "2015-08-19T15:02:54.564202+00:00", "source": {"name": "SARAM 2013"}, "method": {"name": "Taken with GPS Device"}, "coordinates": "{\"type\": \"Point\", \"coordinates\": [34.11391, 0.08326]}", "facility": {"code": 17532}}, {"collection_date": "2015-08-19T15:02:54.549413+00:00", "source": {"name": "DMOH"}, "method": {"name": "Taken with GPS Device"}, "coordinates": "{\"type\": \"Point\", \"coordinates\": [38.01023, -1.13248]}", "facility": {"code": 16929}}, {"collection_date": "2015-08-19T15:02:54.491967+00:00", "source": {"name": "DHMT"}, "method": {"name": "Taken with GPS Device"}, "coordinates": "{\"type\": \"Point\", \"coordinates\": [39.47604, -3.85987]}", "facility": {"code": 16188}}, {"collection_date": "2015-08-19T15:02:54.482734+00:00", "source": {"name": "Sublocation Centroid Exercise of MOH/ICF Macro"}, "method": {"name": "Other"}, "coordinates": "{\"type\": \"Point\", \"coordinates\": [39.7362, -3.9342]}", "facility": {"code": 11719}}, {"collection_date": "2015-08-19T15:02:54.467636+00:00", "source": {"name": "Sublocation Centroid Exercise of MOH/ICF Macro"}, "method": {"name": "Taken with GPS Device"}, "coordinates": "{\"type\": \"Point\", \"coordinates\": [37.02271, -0.99493]}", "facility": {"code": 11012}}, {"collection_date": "2015-08-19T15:02:54.437716+00:00", "source": {"name": "SARAM 2013"}, "method": {"name": "Taken with GPS Device"}, "coordinates": "{\"type\": \"Point\", \"coordinates\": [34.13259, 0.13638]}", "facility": {"code": 17531}}, {"collection_date": "2015-08-19T15:02:54.412582+00:00", "source": {"name": "DMOH-CCI Activity"}, "method": {"name": "Taken with GPS Device"}, "coordinates": "{\"type\": \"Point\", \"coordinates\": [38.00587, -1.10453]}", "facility": {"code": 16928}}, {"collection_date": "2015-08-19T15:02:54.379813+00:00", "source": {"name": "Sublocation Centroid Exercise of MOH/ICF Macro"}, "method": {"name": "Taken with GPS Device"}, "coordinates": "{\"type\": \"Point\", \"coordinates\": [37.04579, -0.50859]}", "facility": {"code": 10359}}, {"collection_date": "2015-08-19T15:02:54.346726+00:00", "source": {"name": "DHMT"}, "method": {"name": "Taken with GPS Device"}, "coordinates": "{\"type\": \"Point\", \"coordinates\": [36.97934, -1.46131]}", "facility": {"code": 11935}}, {"collection_date": "2015-08-19T15:02:54.336779+00:00", "source": {"name": "Sublocation Centroid Exercise of MOH/ICF Macro"}, "method": {"name": "Other"}, "coordinates": "{\"type\": \"Point\", \"coordinates\": [36.9041, -0.904477]}", "facility": {"code": 11002}}, {"collection_date": "2015-08-19T15:02:54.300549+00:00", "source": {"name": "SARAM 2013"}, "method": {"name": "Taken with GPS Device"}, "coordinates": "{\"type\": \"Point\", \"coordinates\": [34.17871, 0.20658]}", "facility": {"code": 17529}}, {"collection_date": "2015-08-19T15:02:54.270096+00:00", "source": {"name": "Cold Chain Inventory (MoH/PATH/WHO) - Feb 2011"}, "method": {"name": "Taken with GPS Device"}, "coordinates": "{\"type\": \"Point\", \"coordinates\": [37.34335, -1.20756]}", "facility": {"code": 16923}}, {"collection_date": "2015-08-19T15:02:54.242613+00:00", "source": {"name": "Sublocation Centroid Exercise of MOH/ICF Macro"}, "method": {"name": "Other"}, "coordinates": "{\"type\": \"Point\", \"coordinates\": [37.0923, -0.634706]}", "facility": {"code": 10950}}, {"collection_date": "2015-08-19T15:02:54.218410+00:00", "source": {"name": "SARAM 2013"}, "method": {"name": "Taken with GPS Device"}, "coordinates": "{\"type\": \"Point\", \"coordinates\": [39.56638, -4.28637]}", "facility": {"code": 16553}}, {"collection_date": "2015-08-19T15:02:54.181022+00:00", "source": {"name": "SARAM 2013"}, "method": {"name": "Taken with GPS Device"}, "coordinates": "{\"type\": \"Point\", \"coordinates\": [36.86243, -0.86312]}", "facility": {"code": 10367}}, {"collection_date": "2015-08-19T15:02:54.169714+00:00", "source": {"name": "SARAM 2013"}, "method": {"name": "Taken with GPS Device"}, "coordinates": "{\"type\": \"Point\", \"coordinates\": [34.22775, 0.17416]}", "facility": {"code": 17528}}, {"collection_date": "2015-08-19T15:02:54.150335+00:00", "source": {"name": "Cold Chain Inventory (MoH/PATH/WHO) - Feb 2011"}, "method": {"name": "Taken with GPS Device"}, "coordinates": "{\"type\": \"Point\", \"coordinates\": [37.35498, -1.26357]}", "facility": {"code": 16922}}, {"collection_date": "2015-08-19T15:02:54.094840+00:00", "source": {"name": "DHMT"}, "method": {"name": "Taken with GPS Device"}, "coordinates": "{\"type\": \"Point\", \"coordinates\": [37.36062, -0.46852]}", "facility": {"code": 10007}}, {"collection_date": "2015-08-19T15:02:54.078413+00:00", "source": {"name": "SARAM 2013"}, "method": {"name": "Taken with GPS Device"}, "coordinates": "{\"type\": \"Point\", \"coordinates\": [39.67495, -4.05583]}", "facility": {"code": 16541}}, {"collection_date": "2015-08-19T15:02:54.051313+00:00", "source": {"name": "Sublocation Centroid Exercise of MOH/ICF Macro"}, "method": {"name": "Taken with GPS Device"}, "coordinates": "{\"type\": \"Point\", \"coordinates\": [37.01366, -1.10152]}", "facility": {"code": 10384}}, {"collection_date": "2015-08-19T15:02:54.049453+00:00", "source": {"name": "Cold Chain Inventory (MoH/PATH/WHO) - Feb 2011"}, "method": {"name": "Taken with GPS Device"}, "coordinates": "{\"type\": \"Point\", \"coordinates\": [37.27209, -1.15746]}", "facility": {"code": 16921}}, {"collection_date": "2015-08-19T15:02:54.037465+00:00", "source": {"name": "SARAM 2013"}, "method": {"name": "Taken with GPS Device"}, "coordinates": "{\"type\": \"Point\", \"coordinates\": [34.4665, -0.03225]}", "facility": {"code": 17527}}, {"collection_date": "2015-08-19T15:02:53.912759+00:00", "source": {"name": "KEMRI GIS MERGE"}, "method": {"name": "Calc from proximity to school, village,markets"}, "coordinates": "{\"type\": \"Point\", \"coordinates\": [36.97571, -1.44569]}", "facility": {"code": 12773}}, {"collection_date": "2015-08-19T15:02:53.912286+00:00", "source": {"name": "DHMT"}, "method": {"name": "Taken with GPS Device"}, "coordinates": "{\"type\": \"Point\", \"coordinates\": [37.05072, -0.49619]}", "facility": {"code": 16496}}, {"collection_date": "2015-08-19T15:02:53.864214+00:00", "source": {"name": "SARAM 2013"}, "method": {"name": "Taken with GPS Device"}, "coordinates": "{\"type\": \"Point\", \"coordinates\": [36.99326, -0.96118]}", "facility": {"code": 10747}}, {"collection_date": "2015-08-19T15:02:53.863987+00:00", "source": {"name": "Cold Chain Inventory (MoH/PATH/WHO) - Feb 2011"}, "method": {"name": "Taken with GPS Device"}, "coordinates": "{\"type\": \"Point\", \"coordinates\": [34.8456, -0.33158]}", "facility": {"code": 16870}}, {"collection_date": "2015-08-19T15:02:53.782240+00:00", "source": {"name": "SARAM 2013"}, "method": {"name": "Taken with GPS Device"}, "coordinates": "{\"type\": \"Point\", \"coordinates\": [34.42391, 0.00187]}", "facility": {"code": 17526}}, {"collection_date": "2015-08-19T15:02:53.648583+00:00", "source": {"name": "SARAM 2013"}, "method": {"name": "Taken with GPS Device"}, "coordinates": "{\"type\": \"Point\", \"coordinates\": [36.84845, -1.68673]}", "facility": {"code": 15450}}, {"collection_date": "2015-08-19T15:02:53.633959+00:00", "source": {"name": "GPS MACHINE"}, "method": {"name": "Taken with GPS Device"}, "coordinates": "{\"type\": \"Point\", \"coordinates\": [37.92279, -1.67728]}", "facility": {"code": 12260}}, {"collection_date": "2015-08-19T15:02:53.625356+00:00", "source": {"name": "DHMT"}, "method": {"name": "Taken with GPS Device"}, "coordinates": "{\"type\": \"Point\", \"coordinates\": [37.43593, -0.54099]}", "facility": {"code": 16446}}, {"collection_date": "2015-08-19T15:02:53.614539+00:00", "source": {"name": "DHMT"}, "method": {"name": "Taken with GPS Device"}, "coordinates": "{\"type\": \"Point\", \"coordinates\": [37.99003, 2.3322]}", "facility": {"code": 16210}}, {"collection_date": "2015-08-19T15:02:53.602363+00:00", "source": {"name": "SARAM 2013"}, "method": {"name": "Taken with GPS Device"}, "coordinates": "{\"type\": \"Point\", \"coordinates\": [34.31474, 0.03228]}", "facility": {"code": 17524}}, {"collection_date": "2015-08-19T15:02:53.523739+00:00", "source": {"name": "Sublocation Centroid Exercise of MOH/ICF Macro"}, "method": {"name": "Other"}, "coordinates": "{\"type\": \"Point\", \"coordinates\": [37.3995, -0.691765]}", "facility": {"code": 10847}}, {"collection_date": "2015-08-19T15:02:53.513914+00:00", "source": {"name": "MOH"}, "method": {"name": "Taken with GPS Device"}, "coordinates": "{\"type\": \"Point\", \"coordinates\": [40.12563, -3.23281]}", "facility": {"code": 11824}}, {"collection_date": "2015-08-19T15:02:53.488835+00:00", "source": {"name": "Sublocation Centroid Exercise of MOH/ICF Macro"}, "method": {"name": "Other"}, "coordinates": "{\"type\": \"Point\", \"coordinates\": [37.094, -0.00133164]}", "facility": {"code": 10515}}, {"collection_date": "2015-08-19T15:02:53.478128+00:00", "source": {"name": "Sublocation Centroid Exercise of MOH/ICF Macro"}, "method": {"name": "Other"}, "coordinates": "{\"type\": \"Point\", \"coordinates\": [36.9855, -1.07444]}", "facility": {"code": 10015}}, {"collection_date": "2015-08-19T15:02:53.469606+00:00", "source": {"name": "SARAM 2013"}, "method": {"name": "Taken with GPS Device"}, "coordinates": "{\"type\": \"Point\", \"coordinates\": [34.25229, -0.00248]}", "facility": {"code": 17523}}, {"collection_date": "2015-08-19T15:02:53.402675+00:00", "source": {"name": "Sublocation Centroid Exercise of MOH/ICF Macro"}, "method": {"name": "Taken with GPS Device"}, "coordinates": "{\"type\": \"Point\", \"coordinates\": [41.84988, 3.93431]}", "facility": {"code": 16306}}, {"collection_date": "2015-08-19T15:02:53.388737+00:00", "source": {"name": "MOH"}, "method": {"name": "Taken with GPS Device"}, "coordinates": "{\"type\": \"Point\", \"coordinates\": [40.11979, -3.21718]}", "facility": {"code": 11314}}, {"collection_date": "2015-08-19T15:02:53.368370+00:00", "source": {"name": "SARAM 2013"}, "method": {"name": "Taken with GPS Device"}, "coordinates": "{\"type\": \"Point\", \"coordinates\": [35.72954, -0.30987]}", "facility": {"code": 16821}}, {"collection_date": "2015-08-19T15:02:53.363521+00:00", "source": {"name": "DHMT"}, "method": {"name": "Taken with GPS Device"}, "coordinates": "{\"type\": \"Point\", \"coordinates\": [36.99488, -0.49743]}", "facility": {"code": 10961}}, {"collection_date": "2015-08-19T15:02:53.323126+00:00", "source": {"name": "GPS"}, "method": {"name": "Taken with GPS Device"}, "coordinates": "{\"type\": \"Point\", \"coordinates\": [34.287, 0.03721]}", "facility": {"code": 17522}}, {"collection_date": "2015-08-19T15:02:53.288729+00:00", "source": {"name": "DHMT"}, "method": {"name": "Taken with GPS Device"}, "coordinates": "{\"type\": \"Point\", \"coordinates\": [39.64364, -0.43754]}", "facility": {"code": 13274}}, {"collection_date": "2015-08-19T15:02:53.249710+00:00", "source": {"name": "Sublocation Centroid Exercise of MOH/ICF Macro"}, "method": {"name": "Other"}, "coordinates": "{\"type\": \"Point\", \"coordinates\": [37.1097, -0.440945]}", "facility": {"code": 10949}}, {"collection_date": "2015-08-19T15:02:53.234218+00:00", "source": {"name": "MOH"}, "method": {"name": "Taken with GPS Device"}, "coordinates": "{\"type\": \"Point\", \"coordinates\": [40.06198, -3.13265]}", "facility": {"code": 11674}}, {"collection_date": "2015-08-19T15:02:53.222224+00:00", "source": {"name": "Sublocation Centroid Exercise of MOH/ICF Macro"}, "method": {"name": "Other"}, "coordinates": "{\"type\": \"Point\", \"coordinates\": [37.2425, -0.611282]}", "facility": {"code": 10929}}, {"collection_date": "2015-08-19T15:02:53.198298+00:00", "source": {"name": "SARAM 2013"}, "method": {"name": "Taken with GPS Device"}, "coordinates": "{\"type\": \"Point\", \"coordinates\": [34.29287, 0.01429]}", "facility": {"code": 17521}}, {"collection_date": "2015-08-19T15:02:53.165443+00:00", "source": {"name": "Sublocation Centroid Exercise of MOH/ICF Macro"}, "method": {"name": "Taken with GPS Device"}, "coordinates": "{\"type\": \"Point\", \"coordinates\": [37.69626, -0.13666]}", "facility": {"code": 12350}}, {"collection_date": "2015-08-19T15:02:53.137085+00:00", "source": {"name": "Sublocation Centroid Exercise of MOH/ICF Macro"}, "method": {"name": "Other"}, "coordinates": "{\"type\": \"Point\", \"coordinates\": [37.1602, -0.713561]}", "facility": {"code": 11042}}, {"collection_date": "2015-08-19T15:02:53.111007+00:00", "source": {"name": "MOH"}, "method": {"name": "Taken with GPS Device"}, "coordinates": "{\"type\": \"Point\", \"coordinates\": [40.12152, -3.21872]}", "facility": {"code": 11632}}, {"collection_date": "2015-08-19T15:02:53.099026+00:00", "source": {"name": "Sublocation Centroid Exercise of MOH/ICF Macro"}, "method": {"name": "Other"}, "coordinates": "{\"type\": \"Point\", \"coordinates\": [35.0907, 0.200677]}", "facility": {"code": 15500}}, {"collection_date": "2015-08-19T15:02:53.077976+00:00", "source": {"name": "SARAM 2013"}, "method": {"name": "Taken with GPS Device"}, "coordinates": "{\"type\": \"Point\", \"coordinates\": [34.46762, 0.13501]}", "facility": {"code": 17520}}, {"collection_date": "2015-08-19T15:02:53.014076+00:00", "source": {"name": "Sublocation Centroid Exercise of MOH/ICF Macro"}, "method": {"name": "Taken with GPS Device"}, "coordinates": "{\"type\": \"Point\", \"coordinates\": [37.23723, -0.47564]}", "facility": {"code": 10373}}, {"collection_date": "2015-08-19T15:02:53.011463+00:00", "source": {"name": "DHMT"}, "method": {"name": "Taken with GPS Device"}, "coordinates": "{\"type\": \"Point\", \"coordinates\": [37.62581, -0.17916]}", "facility": {"code": 12324}}, {"collection_date": "2015-08-19T15:02:53.001354+00:00", "source": {"name": "Sublocation Centroid Exercise of MOH/ICF Macro"}, "method": {"name": "Other"}, "coordinates": "{\"type\": \"Point\", \"coordinates\": [35.6115, -0.580581]}", "facility": {"code": 15176}}, {"collection_date": "2015-08-19T15:02:52.964625+00:00", "source": {"name": "SARAM 2013"}, "method": {"name": "Taken with GPS Device"}, "coordinates": "{\"type\": \"Point\", \"coordinates\": [34.61, 0.1257]}", "facility": {"code": 17519}}, {"collection_date": "2015-08-19T15:02:52.946767+00:00", "source": {"name": "Sublocation Centroid Exercise of MOH/ICF Macro"}, "method": {"name": "Other"}, "coordinates": "{\"type\": \"Point\", \"coordinates\": [39.4679, -2.923]}", "facility": {"code": 11535}}, {"collection_date": "2015-08-19T15:02:52.887525+00:00", "source": {"name": "Sublocation Centroid Exercise of MOH/ICF Macro"}, "method": {"name": "Other"}, "coordinates": "{\"type\": \"Point\", \"coordinates\": [37.134, -0.683956]}", "facility": {"code": 10260}}, {"collection_date": "2015-08-19T15:02:52.884306+00:00", "source": {"name": "DHMT"}, "method": {"name": "Taken with GPS Device"}, "coordinates": "{\"type\": \"Point\", \"coordinates\": [39.64983, -0.48296]}", "facility": {"code": 13263}}, {"collection_date": "2015-08-19T15:02:52.865921+00:00", "source": {"name": "DHMT"}, "method": {"name": "Taken with GPS Device"}, "coordinates": "{\"type\": \"Point\", \"coordinates\": [36.749206, -1.267192]}", "facility": {"code": 13013}}, {"collection_date": "2015-08-19T15:02:52.852019+00:00", "source": {"name": "SARAM 2013"}, "method": {"name": "Taken with GPS Device"}, "coordinates": "{\"type\": \"Point\", \"coordinates\": [36.57894, -0.60822]}", "facility": {"code": 17517}}, {"collection_date": "2015-08-19T15:02:52.809249+00:00", "source": {"name": "DHMT"}, "method": {"name": "Taken with GPS Device"}, "coordinates": "{\"type\": \"Point\", \"coordinates\": [39.76094, -3.91889]}", "facility": {"code": 11528}}, {"collection_date": "2015-08-19T15:02:52.768295+00:00", "source": {"name": "DHMT"}, "method": {"name": "Taken with GPS Device"}, "coordinates": "{\"type\": \"Point\", \"coordinates\": [37.34752, -0.44475]}", "facility": {"code": 16506}}, {"collection_date": "2015-08-19T15:02:52.758518+00:00", "source": {"name": "Sublocation Centroid Exercise of MOH/ICF Macro"}, "method": {"name": "Taken with GPS Device"}, "coordinates": "{\"type\": \"Point\", \"coordinates\": [36.94351, -0.92986]}", "facility": {"code": 11155}}, {"collection_date": "2015-08-19T15:02:52.746689+00:00", "source": {"name": "Sublocation Centroid Exercise of MOH/ICF Macro"}, "method": {"name": "Other"}, "coordinates": "{\"type\": \"Point\", \"coordinates\": [37.094, -0.00133164]}", "facility": {"code": 10824}}, {"collection_date": "2015-08-19T15:02:52.699955+00:00", "source": {"name": "SARAM 2013"}, "method": {"name": "Taken with GPS Device"}, "coordinates": "{\"type\": \"Point\", \"coordinates\": [34.47773, 0.05877]}", "facility": {"code": 17516}}, {"collection_date": "2015-08-19T15:02:52.678273+00:00", "source": {"name": "MOH"}, "method": {"name": "Taken with GPS Device"}, "coordinates": "{\"type\": \"Point\", \"coordinates\": [40.11403, -3.22176]}", "facility": {"code": 11364}}, {"collection_date": "2015-08-19T15:02:52.634668+00:00", "source": {"name": "DHMT"}, "method": {"name": "Taken with GPS Device"}, "coordinates": "{\"type\": \"Point\", \"coordinates\": [36.787067, -1.290167]}", "facility": {"code": 13120}}, {"collection_date": "2015-08-19T15:02:52.608470+00:00", "source": {"name": "DHMT"}, "method": {"name": "Taken with GPS Device"}, "coordinates": "{\"type\": \"Point\", \"coordinates\": [36.91772, -1.20885]}", "facility": {"code": 10184}}, {"collection_date": "2015-08-19T15:02:52.598231+00:00", "source": {"name": "DHMT"}, "method": {"name": "Taken with GPS Device"}, "coordinates": "{\"type\": \"Point\", \"coordinates\": [37.40583, -0.6924]}", "facility": {"code": 10563}}, {"collection_date": "2015-08-19T15:02:52.596323+00:00", "source": {"name": "SARAM 2013"}, "method": {"name": "Taken with GPS Device"}, "coordinates": "{\"type\": \"Point\", \"coordinates\": [34.49949, 0.02241]}", "facility": {"code": 17515}}, {"collection_date": "2015-08-19T15:02:52.544357+00:00", "source": {"name": "MOH"}, "method": {"name": "Taken with GPS Device"}, "coordinates": "{\"type\": \"Point\", \"coordinates\": [40.10757, -3.22309]}", "facility": {"code": 11696}}], "model": "mfl_gis.FacilityCoordinates", "unique_fields": ["facility"]}]