[{"records": [{"collection_date": "2015-08-19T15:02:37.280577+00:00", "source": {"name": "DHMT"}, "method": {"name": "Taken with GPS Device"}, "coordinates": "{\"type\": \"Point\", \"coordinates\": [34.44948, -0.09448]}", "facility": {"code": 13484}}, {"collection_date": "2015-08-19T15:02:37.223268+00:00", "source": {"name": "Cold Chain Inventory (MoH/PATH/WHO) - Feb 2011"}, "method": {"name": "Taken with GPS Device"}, "coordinates": "{\"type\": \"Point\", \"coordinates\": [37.46468, -0.42618]}", "facility": {"code": 12130}}, {"collection_date": "2015-08-19T15:02:37.223070+00:00", "source": {"name": "Cold Chain Inventory (MoH/PATH/WHO) - Feb 2011"}, "method": {"name": "Taken with GPS Device"}, "coordinates": "{\"type\": \"Point\", \"coordinates\": [34.20473, -0.76766]}", "facility": {"code": 13999}}, {"collection_date": "2015-08-19T15:02:37.202164+00:00", "source": {"name": "SARAM 2013"}, "method": {"name": "Taken with GPS Device"}, "coordinates": "{\"type\": \"Point\", \"coordinates\": [36.68635, -1.43016]}", "facility": {"code": 14600}}, {"collection_date": "2015-08-19T15:02:37.193204+00:00", "source": {"name": "KEMRI GIS MERGE"}, "method": {"name": "Taken with GPS Device"}, "coordinates": "{\"type\": \"Point\", \"coordinates\": [37.65198, -0.39157]}", "facility": {"code": 12563}}, {"collection_date": "2015-08-19T15:02:37.056211+00:00", "source": {"name": "KEMRI GIS MERGE"}, "method": {"name": "Calc from proximity to school, village,markets"}, "coordinates": "{\"type\": \"Point\", \"coordinates\": [37.65696, 0.24377]}", "facility": {"code": 12625}}, {"collection_date": "2015-08-19T15:02:36.985965+00:00", "source": {"name": "Sublocation Centroid Exercise of MOH/ICF Macro"}, "method": {"name": "Other"}, "coordinates": "{\"type\": \"Point\", \"coordinates\": [36.7559, -1.39607]}", "facility": {"code": 15496}}, {"collection_date": "2015-08-19T15:02:36.976971+00:00", "source": {"name": "Cold Chain Inventory (MoH/PATH/WHO) - Feb 2011"}, "method": {"name": "Taken with GPS Device"}, "coordinates": "{\"type\": \"Point\", \"coordinates\": [34.22965, -0.8362]}", "facility": {"code": 14047}}, {"collection_date": "2015-08-19T15:02:36.969924+00:00", "source": {"name": "Cold Chain Inventory (MoH/PATH/WHO) - Feb 2011"}, "method": {"name": "Taken with GPS Device"}, "coordinates": "{\"type\": \"Point\", \"coordinates\": [34.63092, -0.39146]}", "facility": {"code": 13711}}, {"collection_date": "2015-08-19T15:02:36.956088+00:00", "source": {"name": "DHMT"}, "method": {"name": "Taken with GPS Device"}, "coordinates": "{\"type\": \"Point\", \"coordinates\": [39.57636, -3.28833]}", "facility": {"code": 11653}}, {"collection_date": "2015-08-19T15:02:36.956036+00:00", "source": {"name": "MOPHS"}, "method": {"name": "Taken with GPS Device"}, "coordinates": "{\"type\": \"Point\", \"coordinates\": [37.67907, 0.06882]}", "facility": {"code": 11971}}, {"collection_date": "2015-08-19T15:02:36.755121+00:00", "source": {"name": "Sublocation Centroid Exercise of MOH/ICF Macro"}, "method": {"name": "Other"}, "coordinates": "{\"type\": \"Point\", \"coordinates\": [36.7523, -1.38778]}", "facility": {"code": 14189}}, {"collection_date": "2015-08-19T15:02:36.728071+00:00", "source": {"name": "DHMT"}, "method": {"name": "Taken with GPS Device"}, "coordinates": "{\"type\": \"Point\", \"coordinates\": [40.01746, 2.40306]}", "facility": {"code": 13321}}, {"collection_date": "2015-08-19T15:02:36.723747+00:00", "source": {"name": "DHMT"}, "method": {"name": "Taken with GPS Device"}, "coordinates": "{\"type\": \"Point\", \"coordinates\": [37.19162, -1.46351]}", "facility": {"code": 12548}}, {"collection_date": "2015-08-19T15:02:36.720988+00:00", "source": {"name": "GPS"}, "method": {"name": "Taken with GPS Device"}, "coordinates": "{\"type\": \"Point\", \"coordinates\": [37.97638, -1.18809]}", "facility": {"code": 12806}}, {"collection_date": "2015-08-19T15:02:36.719568+00:00", "source": {"name": "Kwale - DHMT"}, "method": {"name": "Taken with GPS Device"}, "coordinates": "{\"type\": \"Point\", \"coordinates\": [39.315585, -4.356033]}", "facility": {"code": 11525}}, {"collection_date": "2015-08-19T15:02:36.495406+00:00", "source": {"name": "Sublocation Centroid Exercise of MOH/ICF Macro"}, "method": {"name": "Other"}, "coordinates": "{\"type\": \"Point\", \"coordinates\": [36.6768, -1.3559]}", "facility": {"code": 15184}}, {"collection_date": "2015-08-19T15:02:36.479568+00:00", "source": {"name": "KEMRI GIS MERGE"}, "method": {"name": "Taken with GPS Device"}, "coordinates": "{\"type\": \"Point\", \"coordinates\": [37.78868, -1.73296]}", "facility": {"code": 12238}}, {"collection_date": "2015-08-19T15:02:36.468255+00:00", "source": {"name": "Cold Chain Inventory (MoH/PATH/WHO) - Feb 2011"}, "method": {"name": "Taken with GPS Device"}, "coordinates": "{\"type\": \"Point\", \"coordinates\": [34.19766, -1.03519]}", "facility": {"code": 13494}}, {"collection_date": "2015-08-19T15:02:36.457680+00:00", "source": {"name": "Cold Chain Inventory (MoH/PATH/WHO) - Feb 2011"}, "method": {"name": "Taken with GPS Device"}, "coordinates": "{\"type\": \"Point\", \"coordinates\": [37.7174, -0.73643]}", "facility": {"code": 12122}}, {"collection_date": "2015-08-19T15:02:36.424328+00:00", "source": {"name": "SARAM 2013"}, "method": {"name": "Taken with GPS Device"}, "coordinates": "{\"type\": \"Point\", \"coordinates\": [36.86722, -0.40347]}", "facility": {"code": 10883}}, {"collection_date": "2015-08-19T15:02:36.358702+00:00", "source": {"name": "DHMT"}, "method": {"name": "Taken with GPS Device"}, "coordinates": "{\"type\": \"Point\", \"coordinates\": [39.64462, -3.9402]}", "facility": {"code": 11266}}, {"collection_date": "2015-08-19T15:02:36.355598+00:00", "source": {"name": "SARAM 2013"}, "method": {"name": "Taken with GPS Device"}, "coordinates": "{\"type\": \"Point\", \"coordinates\": [36.95786, -1.57598]}", "facility": {"code": 15645}}, {"collection_date": "2015-08-19T15:02:36.219211+00:00", "source": {"name": "GPS"}, "method": {"name": "Taken with GPS Device"}, "coordinates": "{\"type\": \"Point\", \"coordinates\": [36.50622, -0.47136]}", "facility": {"code": 10912}}, {"collection_date": "2015-08-19T15:02:36.200292+00:00", "source": {"name": "DHMT"}, "method": {"name": "Taken with GPS Device"}, "coordinates": "{\"type\": \"Point\", \"coordinates\": [36.95933, -0.57583]}", "facility": {"code": 10546}}, {"collection_date": "2015-08-19T15:02:36.198470+00:00", "source": {"name": "KEMRI GIS MERGE"}, "method": {"name": "Taken with GPS Device"}, "coordinates": "{\"type\": \"Point\", \"coordinates\": [37.07393, -0.74295]}", "facility": {"code": 10258}}, {"collection_date": "2015-08-19T15:02:36.046426+00:00", "source": {"name": "DHMT"}, "method": {"name": "Taken with GPS Device"}, "coordinates": "{\"type\": \"Point\", \"coordinates\": [39.18564, 0.73257]}", "facility": {"code": 13356}}, {"collection_date": "2015-08-19T15:02:36.045530+00:00", "source": {"name": "Cold Chain Inventory (MoH/PATH/WHO) - Feb 2011"}, "method": {"name": "Taken with GPS Device"}, "coordinates": "{\"type\": \"Point\", \"coordinates\": [37.65917, -0.78136]}", "facility": {"code": 12441}}, {"collection_date": "2015-08-19T15:02:36.043413+00:00", "source": {"name": "SARAM 2013"}, "method": {"name": "Taken with GPS Device"}, "coordinates": "{\"type\": \"Point\", \"coordinates\": [36.95749, -1.47256]}", "facility": {"code": 15161}}, {"collection_date": "2015-08-19T15:02:35.832306+00:00", "source": {"name": "Cold Chain Inventory (MoH/PATH/WHO) - Feb 2011"}, "method": {"name": "Taken with GPS Device"}, "coordinates": "{\"type\": \"Point\", \"coordinates\": [37.5531, -0.4753]}", "facility": {"code": 12007}}, {"collection_date": "2015-08-19T15:02:35.751229+00:00", "source": {"name": "Sublocation Centroid Exercise of MOH/ICF Macro"}, "method": {"name": "Taken with GPS Device"}, "coordinates": "{\"type\": \"Point\", \"coordinates\": [37.89562, 2.10432]}", "facility": {"code": 16216}}, {"collection_date": "2015-08-19T15:02:35.599594+00:00", "source": {"name": "Sublocation Centroid Exercise of MOH/ICF Macro"}, "method": {"name": "Other"}, "coordinates": "{\"type\": \"Point\", \"coordinates\": [34.8902, -0.568012]}", "facility": {"code": 16281}}, {"collection_date": "2015-08-19T15:02:35.589385+00:00", "source": {"name": "KEMRI GIS MERGE"}, "method": {"name": "Taken with GPS Device"}, "coordinates": "{\"type\": \"Point\", \"coordinates\": [39.39173, -3.85645]}", "facility": {"code": 11681}}, {"collection_date": "2015-08-19T15:02:35.580593+00:00", "source": {"name": "Sublocation Centroid Exercise of MOH/ICF Macro"}, "method": {"name": "Other"}, "coordinates": "{\"type\": \"Point\", \"coordinates\": [36.7523, -1.38778]}", "facility": {"code": 14187}}, {"collection_date": "2015-08-19T15:02:35.523339+00:00", "source": {"name": "MOH"}, "method": {"name": "Taken with GPS Device"}, "coordinates": "{\"type\": \"Point\", \"coordinates\": [40.0136, -3.35234]}", "facility": {"code": 11895}}, {"collection_date": "2015-08-19T15:02:35.499955+00:00", "source": {"name": "KEMRI GIS MERGE"}, "method": {"name": "Taken with GPS Device"}, "coordinates": "{\"type\": \"Point\", \"coordinates\": [34.79913, 0.20371]}", "facility": {"code": 16113}}, {"collection_date": "2015-08-19T15:02:35.453877+00:00", "source": {"name": "John Monyancha"}, "method": {"name": "Taken with GPS Device"}, "coordinates": "{\"type\": \"Point\", \"coordinates\": [35.01385, -0.49025]}", "facility": {"code": 13756}}, {"collection_date": "2015-08-19T15:02:35.443420+00:00", "source": {"name": "DHMT"}, "method": {"name": "Taken with GPS Device"}, "coordinates": "{\"type\": \"Point\", \"coordinates\": [37.99158, 2.33042]}", "facility": {"code": 16204}}, {"collection_date": "2015-08-19T15:02:35.435569+00:00", "source": {"name": "DHMT"}, "method": {"name": "Taken with GPS Device"}, "coordinates": "{\"type\": \"Point\", \"coordinates\": [39.16647, -4.25708]}", "facility": {"code": 11701}}, {"collection_date": "2015-08-19T15:02:35.298289+00:00", "source": {"name": "DHRIO"}, "method": {"name": "Taken with GPS Device"}, "coordinates": "{\"type\": \"Point\", \"coordinates\": [37.8941, -0.18993]}", "facility": {"code": 16241}}, {"collection_date": "2015-08-19T15:02:35.288890+00:00", "source": {"name": "KEMRI GIS MERGE"}, "method": {"name": "Taken with GPS Device"}, "coordinates": "{\"type\": \"Point\", \"coordinates\": [39.89372, 1.68426]}", "facility": {"code": 13437}}, {"collection_date": "2015-08-19T15:02:35.267321+00:00", "source": {"name": "SARAM 2013"}, "method": {"name": "Taken with GPS Device"}, "coordinates": "{\"type\": \"Point\", \"coordinates\": [37.74638, -1.58347]}", "facility": {"code": 12261}}, {"collection_date": "2015-08-19T15:02:35.137880+00:00", "source": {"name": "SARAM 2013"}, "method": {"name": "Taken with GPS Device"}, "coordinates": "{\"type\": \"Point\", \"coordinates\": [36.95297, -0.42324]}", "facility": {"code": 10127}}, {"collection_date": "2015-08-19T15:02:35.121226+00:00", "source": {"name": "DHMT"}, "method": {"name": "Taken with GPS Device"}, "coordinates": "{\"type\": \"Point\", \"coordinates\": [34.49191, -0.04739]}", "facility": {"code": 13720}}, {"collection_date": "2015-08-19T15:02:35.118766+00:00", "source": {"name": "KEMRI GIS MERGE"}, "method": {"name": "Taken with GPS Device"}, "coordinates": "{\"type\": \"Point\", \"coordinates\": [39.2454, -3.98457]}", "facility": {"code": 11545}}, {"collection_date": "2015-08-19T15:02:34.953702+00:00", "source": {"name": "SCHMT"}, "method": {"name": "Taken with GPS Device"}, "coordinates": "{\"type\": \"Point\", \"coordinates\": [37.99253, -1.30892]}", "facility": {"code": 12486}}, {"collection_date": "2015-08-19T15:02:34.943396+00:00", "source": {"name": "KEMRI GIS MERGE"}, "method": {"name": "Taken with GPS Device"}, "coordinates": "{\"type\": \"Point\", \"coordinates\": [34.538567, 0.785202]}", "facility": {"code": 15926}}, {"collection_date": "2015-08-19T15:02:34.932967+00:00", "source": {"name": "Sublocation Centroid Exercise of MOH/ICF Macro"}, "method": {"name": "Other"}, "coordinates": "{\"type\": \"Point\", \"coordinates\": [37.094, -0.00133164]}", "facility": {"code": 10117}}, {"collection_date": "2015-08-19T15:02:34.782195+00:00", "source": {"name": "DHMT"}, "method": {"name": "Taken with GPS Device"}, "coordinates": "{\"type\": \"Point\", \"coordinates\": [37.0229, -0.58511]}", "facility": {"code": 10892}}, {"collection_date": "2015-08-19T15:02:34.765284+00:00", "source": {"name": "KEMRI GIS MERGE"}, "method": {"name": "Calc from proximity to school, village,markets"}, "coordinates": "{\"type\": \"Point\", \"coordinates\": [34.22, 0.3]}", "facility": {"code": 15830}}, {"collection_date": "2015-08-19T15:02:34.747003+00:00", "source": {"name": "GPS"}, "method": {"name": "Taken with GPS Device"}, "coordinates": "{\"type\": \"Point\", \"coordinates\": [37.28495, -1.65999]}", "facility": {"code": 12612}}, {"collection_date": "2015-08-19T15:02:34.596588+00:00", "source": {"name": "KEMRI GIS MERGE"}, "method": {"name": "Calc from proximity to school, village,markets"}, "coordinates": "{\"type\": \"Point\", \"coordinates\": [34.4391, 0.74446]}", "facility": {"code": 15958}}, {"collection_date": "2015-08-19T15:02:34.595067+00:00", "source": {"name": "Sublocation Centroid Exercise of MOH/ICF Macro"}, "method": {"name": "Other"}, "coordinates": "{\"type\": \"Point\", \"coordinates\": [37.094, -0.00133164]}", "facility": {"code": 10151}}, {"collection_date": "2015-08-19T15:02:34.580375+00:00", "source": {"name": "DHMT"}, "method": {"name": "Taken with GPS Device"}, "coordinates": "{\"type\": \"Point\", \"coordinates\": [36.99889, -1.1631]}", "facility": {"code": 16753}}, {"collection_date": "2015-08-19T15:02:34.557744+00:00", "source": {"name": "GPS MACHINE"}, "method": {"name": "Taken with GPS Device"}, "coordinates": "{\"type\": \"Point\", \"coordinates\": [37.89803, -1.48693]}", "facility": {"code": 12262}}, {"collection_date": "2015-08-19T15:02:34.407519+00:00", "source": {"name": "DHMT"}, "method": {"name": "Taken with GPS Device"}, "coordinates": "{\"type\": \"Point\", \"coordinates\": [37.20747, -0.5413]}", "facility": {"code": 10574}}, {"collection_date": "2015-08-19T15:02:34.397968+00:00", "source": {"name": "KEMRI GIS MERGE"}, "method": {"name": "Taken with GPS Device"}, "coordinates": "{\"type\": \"Point\", \"coordinates\": [39.2944, -4.40447]}", "facility": {"code": 11543}}, {"collection_date": "2015-08-19T15:02:34.386878+00:00", "source": {"name": "SARAM 2013"}, "method": {"name": "Taken with GPS Device"}, "coordinates": "{\"type\": \"Point\", \"coordinates\": [39.04021, -3.72919]}", "facility": {"code": 11531}}, {"collection_date": "2015-08-19T15:02:34.380008+00:00", "source": {"name": "Sublocation Centroid Exercise of MOH/ICF Macro"}, "method": {"name": "Other"}, "coordinates": "{\"type\": \"Point\", \"coordinates\": [37.0685, -1.02794]}", "facility": {"code": 10155}}, {"collection_date": "2015-08-19T15:02:34.212753+00:00", "source": {"name": "KEMRI GIS MERGE"}, "method": {"name": "Taken with GPS Device"}, "coordinates": "{\"type\": \"Point\", \"coordinates\": [34.7966, -0.90464]}", "facility": {"code": 13748}}, {"collection_date": "2015-08-19T15:02:34.199598+00:00", "source": {"name": "KEMRI GIS MERGE"}, "method": {"name": "Taken with GPS Device"}, "coordinates": "{\"type\": \"Point\", \"coordinates\": [34.1315, -0.0309]}", "facility": {"code": 13590}}, {"collection_date": "2015-08-19T15:02:34.187601+00:00", "source": {"name": "SARAM 2013"}, "method": {"name": "Taken with GPS Device"}, "coordinates": "{\"type\": \"Point\", \"coordinates\": [36.89062, -0.49065]}", "facility": {"code": 10836}}, {"collection_date": "2015-08-19T15:02:34.175749+00:00", "source": {"name": "MOH"}, "method": {"name": "Taken with GPS Device"}, "coordinates": "{\"type\": \"Point\", \"coordinates\": [39.90593, -3.18857]}", "facility": {"code": 11433}}, {"collection_date": "2015-08-19T15:02:34.069549+00:00", "source": {"name": "SARAM 2013"}, "method": {"name": "Taken with GPS Device"}, "coordinates": "{\"type\": \"Point\", \"coordinates\": [36.95346, -0.42231]}", "facility": {"code": 10141}}, {"collection_date": "2015-08-19T15:02:34.011005+00:00", "source": {"name": "DHMT"}, "method": {"name": "Taken with GPS Device"}, "coordinates": "{\"type\": \"Point\", \"coordinates\": [37.16929, -0.54418]}", "facility": {"code": 10431}}, {"collection_date": "2015-08-19T15:02:34.001591+00:00", "source": {"name": "SARAM 2013"}, "method": {"name": "Taken with GPS Device"}, "coordinates": "{\"type\": \"Point\", \"coordinates\": [36.78137, -0.97599]}", "facility": {"code": 10195}}, {"collection_date": "2015-08-19T15:02:33.874365+00:00", "source": {"name": "MFL RRI"}, "method": {"name": "Taken with GPS Device"}, "coordinates": "{\"type\": \"Point\", \"coordinates\": [35.05121, -0.68654]}", "facility": {"code": 13836}}, {"collection_date": "2015-08-19T15:02:33.841239+00:00", "source": {"name": "SARAM 2013"}, "method": {"name": "Taken with GPS Device"}, "coordinates": "{\"type\": \"Point\", \"coordinates\": [36.9487, -0.42224]}", "facility": {"code": 10491}}, {"collection_date": "2015-08-19T15:02:33.836180+00:00", "source": {"name": "GPS"}, "method": {"name": "Taken with GPS Device"}, "coordinates": "{\"type\": \"Point\", \"coordinates\": [36.56636, -0.86276]}", "facility": {"code": 10044}}, {"collection_date": "2015-08-19T15:02:33.811067+00:00", "source": {"name": "KEMRI GIS MERGE"}, "method": {"name": "Taken with GPS Device"}, "coordinates": "{\"type\": \"Point\", \"coordinates\": [39.375, -4.44518]}", "facility": {"code": 11536}}, {"collection_date": "2015-08-19T15:02:33.653056+00:00", "source": {"name": "DHMT - KWALE"}, "method": {"name": "Taken with GPS Device"}, "coordinates": "{\"type\": \"Point\", \"coordinates\": [39.267507, -4.290838]}", "facility": {"code": 11629}}, {"collection_date": "2015-08-19T15:02:33.650806+00:00", "source": {"name": "Sublocation Centroid Exercise of MOH/ICF Macro"}, "method": {"name": "Taken with GPS Device"}, "coordinates": "{\"type\": \"Point\", \"coordinates\": [35.68896, -0.16958]}", "facility": {"code": 16403}}, {"collection_date": "2015-08-19T15:02:33.644969+00:00", "source": {"name": "GPS"}, "method": {"name": "Taken with GPS Device"}, "coordinates": "{\"type\": \"Point\", \"coordinates\": [37.0937, -0.58506]}", "facility": {"code": 10337}}, {"collection_date": "2015-08-19T15:02:33.630121+00:00", "source": {"name": "Sublocation Centroid Exercise of MOH/ICF Macro"}, "method": {"name": "Other"}, "coordinates": "{\"type\": \"Point\", \"coordinates\": [37.094, -0.00133164]}", "facility": {"code": 10147}}, {"collection_date": "2015-08-19T15:02:33.506483+00:00", "source": {"name": "Cold Chain Inventory (MoH/PATH/WHO) - Feb 2011"}, "method": {"name": "Taken with GPS Device"}, "coordinates": "{\"type\": \"Point\", \"coordinates\": [38.02821, 0.24956]}", "facility": {"code": 12675}}, {"collection_date": "2015-08-19T15:02:33.451522+00:00", "source": {"name": "GPS"}, "method": {"name": "Taken with GPS Device"}, "coordinates": "{\"type\": \"Point\", \"coordinates\": [37.15552, -0.60765]}", "facility": {"code": 10643}}, {"collection_date": "2015-08-19T15:02:33.446893+00:00", "source": {"name": "Cold Chain Inventory (MoH/PATH/WHO) - Feb 2011"}, "method": {"name": "Taken with GPS Device"}, "coordinates": "{\"type\": \"Point\", \"coordinates\": [37.09354, -0.30376]}", "facility": {"code": 16818}}, {"collection_date": "2015-08-19T15:02:33.441656+00:00", "source": {"name": "KEMRI GIS MERGE"}, "method": {"name": "Taken with GPS Device"}, "coordinates": "{\"type\": \"Point\", \"coordinates\": [37.43367, -1.79139]}", "facility": {"code": 12256}}, {"collection_date": "2015-08-19T15:02:33.419761+00:00", "source": {"name": "DHMT"}, "method": {"name": "Taken with GPS Device"}, "coordinates": "{\"type\": \"Point\", \"coordinates\": [37.27912, -0.50241]}", "facility": {"code": 10143}}, {"collection_date": "2015-08-19T15:02:33.308627+00:00", "source": {"name": "DHRIO Nyando"}, "method": {"name": "Taken with GPS Device"}, "coordinates": "{\"type\": \"Point\", \"coordinates\": [35.23274, -0.16969]}", "facility": {"code": 13817}}, {"collection_date": "2015-08-19T15:02:33.231003+00:00", "source": {"name": "KEMRI GIS MERGE"}, "method": {"name": "Taken with GPS Device"}, "coordinates": "{\"type\": \"Point\", \"coordinates\": [34.0103, -0.1325]}", "facility": {"code": 13750}}, {"collection_date": "2015-08-19T15:02:33.228522+00:00", "source": {"name": "GPS"}, "method": {"name": "Taken with GPS Device"}, "coordinates": "{\"type\": \"Point\", \"coordinates\": [37.054, -0.59375]}", "facility": {"code": 10794}}, {"collection_date": "2015-08-19T15:02:33.222981+00:00", "source": {"name": "DHMT"}, "method": {"name": "Taken with GPS Device"}, "coordinates": "{\"type\": \"Point\", \"coordinates\": [37.34951, -0.44764]}", "facility": {"code": 10504}}, {"collection_date": "2015-08-19T15:02:33.087707+00:00", "source": {"name": "Cold Chain Inventory (MoH/PATH/WHO) - Feb 2011"}, "method": {"name": "Taken with GPS Device"}, "coordinates": "{\"type\": \"Point\", \"coordinates\": [37.53033, -0.56868]}", "facility": {"code": 12274}}, {"collection_date": "2015-08-19T15:02:33.050117+00:00", "source": {"name": "Sublocation Centroid Exercise of MOH/ICF Macro"}, "method": {"name": "Other"}, "coordinates": "{\"type\": \"Point\", \"coordinates\": [37.094, -0.00133164]}", "facility": {"code": 10132}}, {"collection_date": "2015-08-19T15:02:33.020734+00:00", "source": {"name": "KEMRI GIS MERGE"}, "method": {"name": "Taken with GPS Device"}, "coordinates": "{\"type\": \"Point\", \"coordinates\": [37.83896, 0.01648]}", "facility": {"code": 12290}}, {"collection_date": "2015-08-19T15:02:33.005263+00:00", "source": {"name": "Cold Chain Inventory (MoH/PATH/WHO) - Feb 2011"}, "method": {"name": "Taken with GPS Device"}, "coordinates": "{\"type\": \"Point\", \"coordinates\": [37.32333, -1.25014]}", "facility": {"code": 16440}}, {"collection_date": "2015-08-19T15:02:32.986229+00:00", "source": {"name": "KEMRI GIS MERGE"}, "method": {"name": "Taken with GPS Device"}, "coordinates": "{\"type\": \"Point\", \"coordinates\": [36.77169, -0.14132]}", "facility": {"code": 10490}}, {"collection_date": "2015-08-19T15:02:32.874843+00:00", "source": {"name": "Cold Chain Inventory (MoH/PATH/WHO) - Feb 2011"}, "method": {"name": "Taken with GPS Device"}, "coordinates": "{\"type\": \"Point\", \"coordinates\": [34.49284, -1.06012]}", "facility": {"code": 13804}}, {"collection_date": "2015-08-19T15:02:32.849506+00:00", "source": {"name": "Sublocation Centroid Exercise of MOH/ICF Macro"}, "method": {"name": "Other"}, "coordinates": "{\"type\": \"Point\", \"coordinates\": [37.094, -0.00133164]}", "facility": {"code": 10901}}, {"collection_date": "2015-08-19T15:02:32.790124+00:00", "source": {"name": "DHMT"}, "method": {"name": "Taken with GPS Device"}, "coordinates": "{\"type\": \"Point\", \"coordinates\": [36.96, -0.66]}", "facility": {"code": 10728}}, {"collection_date": "2015-08-19T15:02:32.775368+00:00", "source": {"name": "KEMRI GIS MERGE"}, "method": {"name": "Calc from proximity to school, village,markets"}, "coordinates": "{\"type\": \"Point\", \"coordinates\": [34.55751, 0.23641]}", "facility": {"code": 16118}}, {"collection_date": "2015-08-19T15:02:32.762984+00:00", "source": {"name": "Reception"}, "method": {"name": "Taken with GPS Device"}, "coordinates": "{\"type\": \"Point\", \"coordinates\": [38.01192, -1.36562]}", "facility": {"code": 12047}}, {"collection_date": "2015-08-19T15:02:32.638854+00:00", "source": {"name": "DHMT"}, "method": {"name": "Taken with GPS Device"}, "coordinates": "{\"type\": \"Point\", \"coordinates\": [39.58706, -3.9128]}", "facility": {"code": 11498}}, {"collection_date": "2015-08-19T15:02:32.605822+00:00", "source": {"name": "Sublocation Centroid Exercise of MOH/ICF Macro"}, "method": {"name": "Other"}, "coordinates": "{\"type\": \"Point\", \"coordinates\": [37.094, -0.00133164]}", "facility": {"code": 10136}}, {"collection_date": "2015-08-19T15:02:32.545680+00:00", "source": {"name": "KEMRI GIS MERGE"}, "method": {"name": "Taken with GPS Device"}, "coordinates": "{\"type\": \"Point\", \"coordinates\": [37.54576, -0.40803]}", "facility": {"code": 12564}}, {"collection_date": "2015-08-19T15:02:32.529742+00:00", "source": {"name": "GPS"}, "method": {"name": "Taken with GPS Device"}, "coordinates": "{\"type\": \"Point\", \"coordinates\": [36.65763, -1.04763]}", "facility": {"code": 11138}}, {"collection_date": "2015-08-19T15:02:32.518128+00:00", "source": {"name": "Sublocation Centroid Exercise of MOH/ICF Macro"}, "method": {"name": "Other"}, "coordinates": "{\"type\": \"Point\", \"coordinates\": [36.7945, -0.639737]}", "facility": {"code": 11172}}, {"collection_date": "2015-08-19T15:02:32.403129+00:00", "source": {"name": "KEMRI GIS MERGE"}, "method": {"name": "Calc from proximity to school, village,markets"}, "coordinates": "{\"type\": \"Point\", \"coordinates\": [37.02, -0.77]}", "facility": {"code": 10261}}], "model": "mfl_gis.FacilityCoordinates", "unique_fields": ["facility"]}]