[{"records": [{"collection_date": "2015-08-19T15:02:26.399619+00:00", "source": {"name": "HMIS, DHRIO"}, "method": {"name": "Taken with GPS Device"}, "coordinates": "{\"type\": \"Point\", \"coordinates\": [35.16954, 0.17472]}", "facility": {"code": 14630}}, {"collection_date": "2015-08-19T15:02:26.387844+00:00", "source": {"name": "DHMT"}, "method": {"name": "Taken with GPS Device"}, "coordinates": "{\"type\": \"Point\", \"coordinates\": [40.87265, 0.53621]}", "facility": {"code": 13317}}, {"collection_date": "2015-08-19T15:02:26.366088+00:00", "source": {"name": "Sublocation Centroid Exercise of MOH/ICF Macro"}, "method": {"name": "Other"}, "coordinates": "{\"type\": \"Point\", \"coordinates\": [37.0685, -1.02794]}", "facility": {"code": 10121}}, {"collection_date": "2015-08-19T15:02:26.322109+00:00", "source": {"name": "DHRIO Nyando"}, "method": {"name": "Taken with GPS Device"}, "coordinates": "{\"type\": \"Point\", \"coordinates\": [35.1999, -0.16046]}", "facility": {"code": 16282}}, {"collection_date": "2015-08-19T15:02:26.310901+00:00", "source": {"name": "KEMRI GIS MERGE"}, "method": {"name": "Taken with GPS Device"}, "coordinates": "{\"type\": \"Point\", \"coordinates\": [36.60476, -1.1986]}", "facility": {"code": 11093}}, {"collection_date": "2015-08-19T15:02:26.176806+00:00", "source": {"name": "Cold Chain Inventory (MoH/PATH/WHO) - Feb 2011"}, "method": {"name": "Taken with GPS Device"}, "coordinates": "{\"type\": \"Point\", \"coordinates\": [37.28544, -1.17523]}", "facility": {"code": 12395}}, {"collection_date": "2015-08-19T15:02:26.166346+00:00", "source": {"name": "MOPHS (DHRIO)"}, "method": {"name": "Taken with GPS Device"}, "coordinates": "{\"type\": \"Point\", \"coordinates\": [34.64925, -0.77408]}", "facility": {"code": 13593}}, {"collection_date": "2015-08-19T15:02:26.141439+00:00", "source": {"name": "Sublocation Centroid Exercise of MOH/ICF Macro"}, "method": {"name": "Other"}, "coordinates": "{\"type\": \"Point\", \"coordinates\": [37.1602, -0.713561]}", "facility": {"code": 10137}}, {"collection_date": "2015-08-19T15:02:26.111072+00:00", "source": {"name": "KEMRI GIS MERGE"}, "method": {"name": "Taken with GPS Device"}, "coordinates": "{\"type\": \"Point\", \"coordinates\": [34.278, -0.31856]}", "facility": {"code": 13815}}, {"collection_date": "2015-08-19T15:02:26.088313+00:00", "source": {"name": "Cold Chain Inventory (MoH/PATH/WHO) - Feb 2011"}, "method": {"name": "Taken with GPS Device"}, "coordinates": "{\"type\": \"Point\", \"coordinates\": [34.22604, -0.96724]}", "facility": {"code": 13706}}, {"collection_date": "2015-08-19T15:02:26.021617+00:00", "source": {"name": "GPS MACHINE"}, "method": {"name": "Taken with GPS Device"}, "coordinates": "{\"type\": \"Point\", \"coordinates\": [37.92721, -1.47474]}", "facility": {"code": 12152}}, {"collection_date": "2015-08-19T15:02:26.020950+00:00", "source": {"name": "Sublocation Centroid Exercise of MOH/ICF Macro"}, "method": {"name": "Other"}, "coordinates": "{\"type\": \"Point\", \"coordinates\": [37.094, -0.00133164]}", "facility": {"code": 10876}}, {"collection_date": "2015-08-19T15:02:26.020738+00:00", "source": {"name": "KEMRI GIS MERGE"}, "method": {"name": "Taken with GPS Device"}, "coordinates": "{\"type\": \"Point\", \"coordinates\": [39.84582, 0.49104]}", "facility": {"code": 13409}}, {"collection_date": "2015-08-19T15:02:26.009361+00:00", "source": {"name": "DHMT"}, "method": {"name": "Taken with GPS Device"}, "coordinates": "{\"type\": \"Point\", \"coordinates\": [39.66193, -3.86697]}", "facility": {"code": 11517}}, {"collection_date": "2015-08-19T15:02:25.875788+00:00", "source": {"name": "KEMRI GIS MERGE"}, "method": {"name": "Taken with GPS Device"}, "coordinates": "{\"type\": \"Point\", \"coordinates\": [34.77571, -0.75783]}", "facility": {"code": 13630}}, {"collection_date": "2015-08-19T15:02:25.736810+00:00", "source": {"name": "Sublocation Centroid Exercise of MOH/ICF Macro"}, "method": {"name": "Other"}, "coordinates": "{\"type\": \"Point\", \"coordinates\": [37.1256, -0.492755]}", "facility": {"code": 10124}}, {"collection_date": "2015-08-19T15:02:25.733257+00:00", "source": {"name": "Cold Chain Inventory (MoH/PATH/WHO) - Feb 2011"}, "method": {"name": "Taken with GPS Device"}, "coordinates": "{\"type\": \"Point\", \"coordinates\": [34.23407, -0.91877]}", "facility": {"code": 13467}}, {"collection_date": "2015-08-19T15:02:25.732708+00:00", "source": {"name": "DHMT"}, "method": {"name": "Taken with GPS Device"}, "coordinates": "{\"type\": \"Point\", \"coordinates\": [34.73359, -0.07331]}", "facility": {"code": 13469}}, {"collection_date": "2015-08-19T15:02:25.717840+00:00", "source": {"name": "DHMT"}, "method": {"name": "Taken with GPS Device"}, "coordinates": "{\"type\": \"Point\", \"coordinates\": [37.85324, -2.67588]}", "facility": {"code": 15435}}, {"collection_date": "2015-08-19T15:02:25.560198+00:00", "source": {"name": "KEMRI GIS MERGE"}, "method": {"name": "Calc from proximity to school, village,markets"}, "coordinates": "{\"type\": \"Point\", \"coordinates\": [34.496752, -1.148174]}", "facility": {"code": 13907}}, {"collection_date": "2015-08-19T15:02:25.414899+00:00", "source": {"name": "KEMRI GIS MERGE"}, "method": {"name": "Taken with GPS Device"}, "coordinates": "{\"type\": \"Point\", \"coordinates\": [37.38, 1.75]}", "facility": {"code": 12660}}, {"collection_date": "2015-08-19T15:02:25.401618+00:00", "source": {"name": "Sublocation Centroid Exercise of MOH/ICF Macro"}, "method": {"name": "Other"}, "coordinates": "{\"type\": \"Point\", \"coordinates\": [37.094, -0.00133164]}", "facility": {"code": 10130}}, {"collection_date": "2015-08-19T15:02:25.399585+00:00", "source": {"name": "DHMT"}, "method": {"name": "Taken with GPS Device"}, "coordinates": "{\"type\": \"Point\", \"coordinates\": [37.08161, -1.16671]}", "facility": {"code": 10386}}, {"collection_date": "2015-08-19T15:02:25.383992+00:00", "source": {"name": "SARAM 2013"}, "method": {"name": "Taken with GPS Device"}, "coordinates": "{\"type\": \"Point\", \"coordinates\": [40.00046, -2.96167]}", "facility": {"code": 11625}}, {"collection_date": "2015-08-19T15:02:25.223671+00:00", "source": {"name": "DHMT"}, "method": {"name": "Taken with GPS Device"}, "coordinates": "{\"type\": \"Point\", \"coordinates\": [37.34597, -0.68995]}", "facility": {"code": 11092}}, {"collection_date": "2015-08-19T15:02:25.071578+00:00", "source": {"name": "KEMRI GIS MERGE"}, "method": {"name": "Taken with GPS Device"}, "coordinates": "{\"type\": \"Point\", \"coordinates\": [34.12145, 0.38073]}", "facility": {"code": 16043}}, {"collection_date": "2015-08-19T15:02:25.055259+00:00", "source": {"name": "Sublocation Centroid Exercise of MOH/ICF Macro"}, "method": {"name": "Other"}, "coordinates": "{\"type\": \"Point\", \"coordinates\": [37.0685, -1.02794]}", "facility": {"code": 10088}}, {"collection_date": "2015-08-19T15:02:25.053231+00:00", "source": {"name": "DHRIO Nyando"}, "method": {"name": "Taken with GPS Device"}, "coordinates": "{\"type\": \"Point\", \"coordinates\": [34.90891, -0.371554]}", "facility": {"code": 13899}}, {"collection_date": "2015-08-19T15:02:25.052967+00:00", "source": {"name": "Cold Chain Inventory (MoH/PATH/WHO) - Feb 2011"}, "method": {"name": "Taken with GPS Device"}, "coordinates": "{\"type\": \"Point\", \"coordinates\": [36.32301, -0.33922]}", "facility": {"code": 10851}}, {"collection_date": "2015-08-19T15:02:24.884089+00:00", "source": {"name": "DHMT"}, "method": {"name": "Taken with GPS Device"}, "coordinates": "{\"type\": \"Point\", \"coordinates\": [37.17832, -0.47869]}", "facility": {"code": 10556}}, {"collection_date": "2015-08-19T15:02:24.870852+00:00", "source": {"name": "Cold Chain Inventory (MoH/PATH/WHO) - Feb 2011"}, "method": {"name": "Taken with GPS Device"}, "coordinates": "{\"type\": \"Point\", \"coordinates\": [34.2696, -0.10985]}", "facility": {"code": 14006}}, {"collection_date": "2015-08-19T15:02:24.856396+00:00", "source": {"name": "SARAM 2013"}, "method": {"name": "Taken with GPS Device"}, "coordinates": "{\"type\": \"Point\", \"coordinates\": [36.89071, -0.41203]}", "facility": {"code": 10340}}, {"collection_date": "2015-08-19T15:02:24.702422+00:00", "source": {"name": "KEMRI GIS MERGE"}, "method": {"name": "Calc from proximity to school, village,markets"}, "coordinates": "{\"type\": \"Point\", \"coordinates\": [36.8478, -0.61184]}", "facility": {"code": 10191}}, {"collection_date": "2015-08-19T15:02:24.694126+00:00", "source": {"name": "HMIS"}, "method": {"name": "Taken with GPS Device"}, "coordinates": "{\"type\": \"Point\", \"coordinates\": [34.96157, 0.11004]}", "facility": {"code": 14348}}, {"collection_date": "2015-08-19T15:02:24.679461+00:00", "source": {"name": "Cold Chain Inventory (MoH/PATH/WHO) - Feb 2011"}, "method": {"name": "Taken with GPS Device"}, "coordinates": "{\"type\": \"Point\", \"coordinates\": [37.92934, 0.26845]}", "facility": {"code": 12685}}, {"collection_date": "2015-08-19T15:02:24.530485+00:00", "source": {"name": "KEMRI GIS MERGE"}, "method": {"name": "Taken with GPS Device"}, "coordinates": "{\"type\": \"Point\", \"coordinates\": [34.71086, -1.37063]}", "facility": {"code": 13597}}, {"collection_date": "2015-08-19T15:02:24.526170+00:00", "source": {"name": "KEMRI GIS MERGE"}, "method": {"name": "Taken with GPS Device"}, "coordinates": "{\"type\": \"Point\", \"coordinates\": [34.60087, -1.23817]}", "facility": {"code": 14144}}, {"collection_date": "2015-08-19T15:02:24.356903+00:00", "source": {"name": "DHMT"}, "method": {"name": "Taken with GPS Device"}, "coordinates": "{\"type\": \"Point\", \"coordinates\": [39.81237, -3.74511]}", "facility": {"code": 11447}}, {"collection_date": "2015-08-19T15:02:24.351901+00:00", "source": {"name": "KEMRI GIS MERGE"}, "method": {"name": "Taken with GPS Device"}, "coordinates": "{\"type\": \"Point\", \"coordinates\": [37.62677, -0.35809]}", "facility": {"code": 12196}}, {"collection_date": "2015-08-19T15:02:24.349453+00:00", "source": {"name": "SARAM 2013"}, "method": {"name": "Taken with GPS Device"}, "coordinates": "{\"type\": \"Point\", \"coordinates\": [37.98218, 0.38702]}", "facility": {"code": 12606}}, {"collection_date": "2015-08-19T15:02:24.329176+00:00", "source": {"name": "KEMRI GIS MERGE"}, "method": {"name": "Calc from proximity to school, village,markets"}, "coordinates": "{\"type\": \"Point\", \"coordinates\": [39.88232, 3.42137]}", "facility": {"code": 13323}}, {"collection_date": "2015-08-19T15:02:24.326450+00:00", "source": {"name": "SARAM 2013"}, "method": {"name": "Taken with GPS Device"}, "coordinates": "{\"type\": \"Point\", \"coordinates\": [36.83651, -0.82651]}", "facility": {"code": 10828}}, {"collection_date": "2015-08-19T15:02:24.152240+00:00", "source": {"name": "SARAM 2013"}, "method": {"name": "Taken with GPS Device"}, "coordinates": "{\"type\": \"Point\", \"coordinates\": [36.87315, -0.33787]}", "facility": {"code": 10027}}, {"collection_date": "2015-08-19T15:02:24.146059+00:00", "source": {"name": "SARAM 2013"}, "method": {"name": "Taken with GPS Device"}, "coordinates": "{\"type\": \"Point\", \"coordinates\": [37.95563, 0.26834]}", "facility": {"code": 12294}}, {"collection_date": "2015-08-19T15:02:24.135048+00:00", "source": {"name": "SARAM 2013"}, "method": {"name": "Taken with GPS Device"}, "coordinates": "{\"type\": \"Point\", \"coordinates\": [38.14709, -0.09756]}", "facility": {"code": 12222}}, {"collection_date": "2015-08-19T15:02:24.121389+00:00", "source": {"name": "DHMT"}, "method": {"name": "Taken with GPS Device"}, "coordinates": "{\"type\": \"Point\", \"coordinates\": [37.01488, -0.52495]}", "facility": {"code": 11083}}, {"collection_date": "2015-08-19T15:02:24.121327+00:00", "source": {"name": "KEMRI GIS MERGE"}, "method": {"name": "Taken with GPS Device"}, "coordinates": "{\"type\": \"Point\", \"coordinates\": [37.46954, -1.26943]}", "facility": {"code": 12572}}, {"collection_date": "2015-08-19T15:02:23.955176+00:00", "source": {"name": "SARAM 2013"}, "method": {"name": "Taken with GPS Device"}, "coordinates": "{\"type\": \"Point\", \"coordinates\": [35.03352, 0.78791]}", "facility": {"code": 16761}}, {"collection_date": "2015-08-19T15:02:23.942241+00:00", "source": {"name": "DHMT"}, "method": {"name": "Taken with GPS Device"}, "coordinates": "{\"type\": \"Point\", \"coordinates\": [40.59869, 0.59706]}", "facility": {"code": 13435}}, {"collection_date": "2015-08-19T15:02:23.788572+00:00", "source": {"name": "SCHMT"}, "method": {"name": "Taken with GPS Device"}, "coordinates": "{\"type\": \"Point\", \"coordinates\": [38.01231, -1.36869]}", "facility": {"code": 12804}}, {"collection_date": "2015-08-19T15:02:23.786196+00:00", "source": {"name": "DHMT MANDERA WEST"}, "method": {"name": "Taken with GPS Device"}, "coordinates": "{\"type\": \"Point\", \"coordinates\": [39.92663, 3.67383]}", "facility": {"code": 13349}}, {"collection_date": "2015-08-19T15:02:23.786193+00:00", "source": {"name": "Sublocation Centroid Exercise of MOH/ICF Macro"}, "method": {"name": "Other"}, "coordinates": "{\"type\": \"Point\", \"coordinates\": [34.3443, -0.0465499]}", "facility": {"code": 13796}}, {"collection_date": "2015-08-19T15:02:23.717890+00:00", "source": {"name": "MOH"}, "method": {"name": "Taken with GPS Device"}, "coordinates": "{\"type\": \"Point\", \"coordinates\": [40.00164, -3.36216]}", "facility": {"code": 11897}}, {"collection_date": "2015-08-19T15:02:23.707110+00:00", "source": {"name": "KEMRI GIS MERGE"}, "method": {"name": "Taken with GPS Device"}, "coordinates": "{\"type\": \"Point\", \"coordinates\": [34.58601, -1.27715]}", "facility": {"code": 13565}}, {"collection_date": "2015-08-19T15:02:23.573397+00:00", "source": {"name": "SCHMT"}, "method": {"name": "Taken with GPS Device"}, "coordinates": "{\"type\": \"Point\", \"coordinates\": [38.06991, -1.2536]}", "facility": {"code": 12449}}, {"collection_date": "2015-08-19T15:02:23.563620+00:00", "source": {"name": "KEMRI GIS MERGE"}, "method": {"name": "Taken with GPS Device"}, "coordinates": "{\"type\": \"Point\", \"coordinates\": [36.11861, -2.09331]}", "facility": {"code": 15560}}, {"collection_date": "2015-08-19T15:02:23.526758+00:00", "source": {"name": "DHMT"}, "method": {"name": "Taken with GPS Device"}, "coordinates": "{\"type\": \"Point\", \"coordinates\": [37.00277, -0.38119]}", "facility": {"code": 10582}}, {"collection_date": "2015-08-19T15:02:23.487604+00:00", "source": {"name": "Sublocation Centroid Exercise of MOH/ICF Macro"}, "method": {"name": "Taken with GPS Device"}, "coordinates": "{\"type\": \"Point\", \"coordinates\": [34.41133, -1.18309]}", "facility": {"code": 13569}}, {"collection_date": "2015-08-19T15:02:23.484755+00:00", "source": {"name": "MOH"}, "method": {"name": "Taken with GPS Device"}, "coordinates": "{\"type\": \"Point\", \"coordinates\": [40.07471, -3.134]}", "facility": {"code": 11557}}, {"collection_date": "2015-08-19T15:02:23.317562+00:00", "source": {"name": "GPS"}, "method": {"name": "Taken with GPS Device"}, "coordinates": "{\"type\": \"Point\", \"coordinates\": [36.55449, -0.66816]}", "facility": {"code": 11183}}, {"collection_date": "2015-08-19T15:02:23.307312+00:00", "source": {"name": "GPS"}, "method": {"name": "Taken with GPS Device"}, "coordinates": "{\"type\": \"Point\", \"coordinates\": [36.51079, -0.26357]}", "facility": {"code": 10223}}, {"collection_date": "2015-08-19T15:02:23.304895+00:00", "source": {"name": "DHMT"}, "method": {"name": "Taken with GPS Device"}, "coordinates": "{\"type\": \"Point\", \"coordinates\": [35.97483, -0.44003]}", "facility": {"code": 16390}}, {"collection_date": "2015-08-19T15:02:23.273148+00:00", "source": {"name": "KEMRI GIS MERGE"}, "method": {"name": "Taken with GPS Device"}, "coordinates": "{\"type\": \"Point\", \"coordinates\": [34.58, -1.10441]}", "facility": {"code": 13713}}, {"collection_date": "2015-08-19T15:02:23.242838+00:00", "source": {"name": "DHMT"}, "method": {"name": "Taken with GPS Device"}, "coordinates": "{\"type\": \"Point\", \"coordinates\": [38.00477, -1.36759]}", "facility": {"code": 12641}}, {"collection_date": "2015-08-19T15:02:23.084320+00:00", "source": {"name": "KEMRI GIS MERGE"}, "method": {"name": "Taken with GPS Device"}, "coordinates": "{\"type\": \"Point\", \"coordinates\": [35.67934, -0.0965]}", "facility": {"code": 14668}}, {"collection_date": "2015-08-19T15:02:23.074232+00:00", "source": {"name": "Sublocation Centroid Exercise of MOH/ICF Macro"}, "method": {"name": "Taken with GPS Device"}, "coordinates": "{\"type\": \"Point\", \"coordinates\": [37.5859, 1.64115]}", "facility": {"code": 16214}}, {"collection_date": "2015-08-19T15:02:23.063510+00:00", "source": {"name": "KEMRI GIS MERGE"}, "method": {"name": "Taken with GPS Device"}, "coordinates": "{\"type\": \"Point\", \"coordinates\": [34.5863, -1.19087]}", "facility": {"code": 13715}}, {"collection_date": "2015-08-19T15:02:23.050737+00:00", "source": {"name": "Cold Chain Inventory (MoH/PATH/WHO) - Feb 2011"}, "method": {"name": "Taken with GPS Device"}, "coordinates": "{\"type\": \"Point\", \"coordinates\": [38.12311, 0.26177]}", "facility": {"code": 12319}}, {"collection_date": "2015-08-19T15:02:23.040186+00:00", "source": {"name": "DHMT"}, "method": {"name": "Taken with GPS Device"}, "coordinates": "{\"type\": \"Point\", \"coordinates\": [37.25078, -0.63112]}", "facility": {"code": 10399}}, {"collection_date": "2015-08-19T15:02:22.841689+00:00", "source": {"name": "KEMRI GIS MERGE"}, "method": {"name": "Taken with GPS Device"}, "coordinates": "{\"type\": \"Point\", \"coordinates\": [34.49484, -1.19747]}", "facility": {"code": 13830}}, {"collection_date": "2015-08-19T15:02:22.827910+00:00", "source": {"name": "Cold Chain Inventory (MoH/PATH/WHO) - Feb 2011"}, "method": {"name": "Taken with GPS Device"}, "coordinates": "{\"type\": \"Point\", \"coordinates\": [37.54573, -0.83933]}", "facility": {"code": 12505}}, {"collection_date": "2015-08-19T15:02:22.819530+00:00", "source": {"name": "KEMRI GIS MERGE"}, "method": {"name": "Taken with GPS Device"}, "coordinates": "{\"type\": \"Point\", \"coordinates\": [36.88174, -1.23212]}", "facility": {"code": 13172}}, {"collection_date": "2015-08-19T15:02:22.808185+00:00", "source": {"name": "KEMRI GIS MERGE"}, "method": {"name": "Taken with GPS Device"}, "coordinates": "{\"type\": \"Point\", \"coordinates\": [37.70969, 0.1515]}", "facility": {"code": 12428}}, {"collection_date": "2015-08-19T15:02:22.795347+00:00", "source": {"name": "Sublocation Centroid Exercise of MOH/ICF Macro"}, "method": {"name": "Other"}, "coordinates": "{\"type\": \"Point\", \"coordinates\": [36.847, -1.27085]}", "facility": {"code": 13182}}, {"collection_date": "2015-08-19T15:02:22.583221+00:00", "source": {"name": "Reception"}, "method": {"name": "Taken with GPS Device"}, "coordinates": "{\"type\": \"Point\", \"coordinates\": [38.05702, -1.46521]}", "facility": {"code": 12082}}, {"collection_date": "2015-08-19T15:02:22.508860+00:00", "source": {"name": "Cold Chain Inventory (MoH/PATH/WHO) - Feb 2011"}, "method": {"name": "Taken with GPS Device"}, "coordinates": "{\"type\": \"Point\", \"coordinates\": [34.58545, -1.086]}", "facility": {"code": 14135}}, {"collection_date": "2015-08-19T15:02:22.506227+00:00", "source": {"name": "Sublocation Centroid Exercise of MOH/ICF Macro"}, "method": {"name": "Other"}, "coordinates": "{\"type\": \"Point\", \"coordinates\": [36.847, -1.27085]}", "facility": {"code": 13034}}, {"collection_date": "2015-08-19T15:02:22.506067+00:00", "source": {"name": "KEMRI GIS MERGE"}, "method": {"name": "Taken with GPS Device"}, "coordinates": "{\"type\": \"Point\", \"coordinates\": [36.90231, 0.56029]}", "facility": {"code": 14483}}, {"collection_date": "2015-08-19T15:02:22.505477+00:00", "source": {"name": "DHMT"}, "method": {"name": "Taken with GPS Device"}, "coordinates": "{\"type\": \"Point\", \"coordinates\": [37.16596, -0.574]}", "facility": {"code": 10562}}, {"collection_date": "2015-08-19T15:02:22.193936+00:00", "source": {"name": "DHMT"}, "method": {"name": "Taken with GPS Device"}, "coordinates": "{\"type\": \"Point\", \"coordinates\": [38.23043, -0.66186]}", "facility": {"code": 16861}}, {"collection_date": "2015-08-19T15:02:22.168481+00:00", "source": {"name": "Sublocation Centroid Exercise of MOH/ICF Macro"}, "method": {"name": "Taken with GPS Device"}, "coordinates": "{\"type\": \"Point\", \"coordinates\": [36.8405, -1.28321]}", "facility": {"code": 12865}}, {"collection_date": "2015-08-19T15:02:22.168053+00:00", "source": {"name": "Sublocation Centroid Exercise of MOH/ICF Macro"}, "method": {"name": "Other"}, "coordinates": "{\"type\": \"Point\", \"coordinates\": [37.1211, -0.750075]}", "facility": {"code": 10477}}, {"collection_date": "2015-08-19T15:02:22.048770+00:00", "source": {"name": "SARAM 2013"}, "method": {"name": "Taken with GPS Device"}, "coordinates": "{\"type\": \"Point\", \"coordinates\": [37.40665, -1.77567]}", "facility": {"code": 12582}}, {"collection_date": "2015-08-19T15:02:22.003910+00:00", "source": {"name": "KEMRI GIS MERGE"}, "method": {"name": "Taken with GPS Device"}, "coordinates": "{\"type\": \"Point\", \"coordinates\": [36.40443, -0.51273]}", "facility": {"code": 10580}}, {"collection_date": "2015-08-19T15:02:21.983286+00:00", "source": {"name": "DHMT"}, "method": {"name": "Taken with GPS Device"}, "coordinates": "{\"type\": \"Point\", \"coordinates\": [37.69298, -0.09438]}", "facility": {"code": 12337}}, {"collection_date": "2015-08-19T15:02:21.925526+00:00", "source": {"name": "Cold Chain Inventory (MoH/PATH/WHO) - Feb 2011"}, "method": {"name": "Taken with GPS Device"}, "coordinates": "{\"type\": \"Point\", \"coordinates\": [36.86264, -1.87668]}", "facility": {"code": 15515}}, {"collection_date": "2015-08-19T15:02:21.925526+00:00", "source": {"name": "Sublocation Centroid Exercise of MOH/ICF Macro"}, "method": {"name": "Other"}, "coordinates": "{\"type\": \"Point\", \"coordinates\": [36.8865, -1.31699]}", "facility": {"code": 12869}}, {"collection_date": "2015-08-19T15:02:21.917246+00:00", "source": {"name": "Cold Chain Inventory (MoH/PATH/WHO) - Feb 2011"}, "method": {"name": "Taken with GPS Device"}, "coordinates": "{\"type\": \"Point\", \"coordinates\": [34.76979, -0.82896]}", "facility": {"code": 13901}}, {"collection_date": "2015-08-19T15:02:21.771602+00:00", "source": {"name": "DHRIO Nyando"}, "method": {"name": "Taken with GPS Device"}, "coordinates": "{\"type\": \"Point\", \"coordinates\": [35.3071, -0.21452]}", "facility": {"code": 13652}}, {"collection_date": "2015-08-19T15:02:21.749490+00:00", "source": {"name": "SARAM 2013"}, "method": {"name": "Taken with GPS Device"}, "coordinates": "{\"type\": \"Point\", \"coordinates\": [39.55489, -4.10839]}", "facility": {"code": 11590}}, {"collection_date": "2015-08-19T15:02:21.712401+00:00", "source": {"name": "DHMT"}, "method": {"name": "Taken with GPS Device"}, "coordinates": "{\"type\": \"Point\", \"coordinates\": [37.39569, -0.74956]}", "facility": {"code": 10098}}, {"collection_date": "2015-08-19T15:02:21.697607+00:00", "source": {"name": "KEMRI GIS MERGE"}, "method": {"name": "Taken with GPS Device"}, "coordinates": "{\"type\": \"Point\", \"coordinates\": [36.0535, -1.78378]}", "facility": {"code": 14469}}, {"collection_date": "2015-08-19T15:02:21.682335+00:00", "source": {"name": "Cold Chain Inventory (MoH/PATH/WHO) - Feb 2011"}, "method": {"name": "Taken with GPS Device"}, "coordinates": "{\"type\": \"Point\", \"coordinates\": [34.74765, -0.89096]}", "facility": {"code": 13982}}, {"collection_date": "2015-08-19T15:02:21.630679+00:00", "source": {"name": "Cold Chain Inventory (MoH/PATH/WHO) - Feb 2011"}, "method": {"name": "Taken with GPS Device"}, "coordinates": "{\"type\": \"Point\", \"coordinates\": [34.2828, -0.84451]}", "facility": {"code": 16268}}, {"collection_date": "2015-08-19T15:02:21.625045+00:00", "source": {"name": "DHMT"}, "method": {"name": "Taken with GPS Device"}, "coordinates": "{\"type\": \"Point\", \"coordinates\": [39.60708, -3.62565]}", "facility": {"code": 11730}}, {"collection_date": "2015-08-19T15:02:21.599461+00:00", "source": {"name": "Sublocation Centroid Exercise of MOH/ICF Macro"}, "method": {"name": "Other"}, "coordinates": "{\"type\": \"Point\", \"coordinates\": [36.6553, -1.38423]}", "facility": {"code": 15153}}, {"collection_date": "2015-08-19T15:02:21.464323+00:00", "source": {"name": "Cold Chain Inventory (MoH/PATH/WHO) - Feb 2011"}, "method": {"name": "Taken with GPS Device"}, "coordinates": "{\"type\": \"Point\", \"coordinates\": [34.7874, -0.46748]}", "facility": {"code": 13466}}, {"collection_date": "2015-08-19T15:02:21.448107+00:00", "source": {"name": "DHMT"}, "method": {"name": "Taken with GPS Device"}, "coordinates": "{\"type\": \"Point\", \"coordinates\": [37.15415, -1.02731]}", "facility": {"code": 10733}}, {"collection_date": "2015-08-19T15:02:21.415156+00:00", "source": {"name": "KEMRI GIS MERGE"}, "method": {"name": "Calc from proximity to school, village,markets"}, "coordinates": "{\"type\": \"Point\", \"coordinates\": [37.1018, -0.62973]}", "facility": {"code": 10262}}], "model": "mfl_gis.FacilityCoordinates", "unique_fields": ["facility"]}]