[{"records": [{"collection_date": "2015-08-19T15:02:05.670339+00:00", "source": {"name": "KEMRI GIS MERGE"}, "method": {"name": "Taken with GPS Device"}, "coordinates": "{\"type\": \"Point\", \"coordinates\": [41.41752, 3.37929]}", "facility": {"code": 13340}}, {"collection_date": "2015-08-19T15:02:05.652772+00:00", "source": {"name": "DHMT"}, "method": {"name": "Taken with GPS Device"}, "coordinates": "{\"type\": \"Point\", \"coordinates\": [37.270042, -1.52011]}", "facility": {"code": 12643}}, {"collection_date": "2015-08-19T15:02:05.639741+00:00", "source": {"name": "Cold Chain Inventory (MoH/PATH/WHO) - Feb 2011"}, "method": {"name": "Taken with GPS Device"}, "coordinates": "{\"type\": \"Point\", \"coordinates\": [34.84983, -0.86912]}", "facility": {"code": 13511}}, {"collection_date": "2015-08-19T15:02:05.594465+00:00", "source": {"name": "KEMRI GIS MERGE"}, "method": {"name": "Taken with GPS Device"}, "coordinates": "{\"type\": \"Point\", \"coordinates\": [37.29583, -1.22208]}", "facility": {"code": 12146}}, {"collection_date": "2015-08-19T15:02:05.574916+00:00", "source": {"name": "KEMRI GIS MERGE"}, "method": {"name": "Calc from proximity to school, village,markets"}, "coordinates": "{\"type\": \"Point\", \"coordinates\": [34.49253, -0.88863]}", "facility": {"code": 13996}}, {"collection_date": "2015-08-19T15:02:05.539358+00:00", "source": {"name": "KEMRI GIS MERGE"}, "method": {"name": "Taken with GPS Device"}, "coordinates": "{\"type\": \"Point\", \"coordinates\": [41.47297, 3.94695]}", "facility": {"code": 13362}}, {"collection_date": "2015-08-19T15:02:05.515559+00:00", "source": {"name": "KEMRI GIS MERGE"}, "method": {"name": "Taken with GPS Device"}, "coordinates": "{\"type\": \"Point\", \"coordinates\": [34.84354, -0.56873]}", "facility": {"code": 13545}}, {"collection_date": "2015-08-19T15:02:05.494024+00:00", "source": {"name": "Cold Chain Inventory (MoH/PATH/WHO) - Feb 2011"}, "method": {"name": "Taken with GPS Device"}, "coordinates": "{\"type\": \"Point\", \"coordinates\": [37.25413, -1.08329]}", "facility": {"code": 11988}}, {"collection_date": "2015-08-19T15:02:05.460363+00:00", "source": {"name": "HMIS, DHRIO"}, "method": {"name": "Taken with GPS Device"}, "coordinates": "{\"type\": \"Point\", \"coordinates\": [35.24148, 0.25501]}", "facility": {"code": 15070}}, {"collection_date": "2015-08-19T15:02:05.427434+00:00", "source": {"name": "KEMRI GIS MERGE"}, "method": {"name": "Taken with GPS Device"}, "coordinates": "{\"type\": \"Point\", \"coordinates\": [36.69547, -1.58092]}", "facility": {"code": 14891}}, {"collection_date": "2015-08-19T15:02:05.417150+00:00", "source": {"name": "KEMRI GIS MERGE"}, "method": {"name": "Taken with GPS Device"}, "coordinates": "{\"type\": \"Point\", \"coordinates\": [34.6198, -0.69214]}", "facility": {"code": 13809}}, {"collection_date": "2015-08-19T15:02:05.383057+00:00", "source": {"name": "Cold Chain Inventory (MoH/PATH/WHO) - Feb 2011"}, "method": {"name": "Taken with GPS Device"}, "coordinates": "{\"type\": \"Point\", \"coordinates\": [36.5814, 0.03374]}", "facility": {"code": 11139}}, {"collection_date": "2015-08-19T15:02:05.369816+00:00", "source": {"name": "SARAM 2013"}, "method": {"name": "Taken with GPS Device"}, "coordinates": "{\"type\": \"Point\", \"coordinates\": [36.74899, -1.39602]}", "facility": {"code": 15770}}, {"collection_date": "2015-08-19T15:02:05.350099+00:00", "source": {"name": "DHMT"}, "method": {"name": "Taken with GPS Device"}, "coordinates": "{\"type\": \"Point\", \"coordinates\": [39.38811, 3.45856]}", "facility": {"code": 13330}}, {"collection_date": "2015-08-19T15:02:05.305461+00:00", "source": {"name": "GPS"}, "method": {"name": "Taken with GPS Device"}, "coordinates": "{\"type\": \"Point\", \"coordinates\": [41.17254, -1.7508]}", "facility": {"code": 11560}}, {"collection_date": "2015-08-19T15:02:05.286073+00:00", "source": {"name": "Sublocation Centroid Exercise of MOH/ICF Macro"}, "method": {"name": "Other"}, "coordinates": "{\"type\": \"Point\", \"coordinates\": [36.7001, 2.85621]}", "facility": {"code": 12001}}, {"collection_date": "2015-08-19T15:02:05.273594+00:00", "source": {"name": "DHRIO"}, "method": {"name": "Taken with GPS Device"}, "coordinates": "{\"type\": \"Point\", \"coordinates\": [37.44836, 3.22849]}", "facility": {"code": 12061}}, {"collection_date": "2015-08-19T15:02:05.215262+00:00", "source": {"name": "Sublocation Centroid Exercise of MOH/ICF Macro"}, "method": {"name": "Other"}, "coordinates": "{\"type\": \"Point\", \"coordinates\": [37.1512, -0.0690278]}", "facility": {"code": 10821}}, {"collection_date": "2015-08-19T15:02:05.207583+00:00", "source": {"name": "SARAM 2013"}, "method": {"name": "Taken with GPS Device"}, "coordinates": "{\"type\": \"Point\", \"coordinates\": [36.90974, -0.90974]}", "facility": {"code": 10194}}, {"collection_date": "2015-08-19T15:02:05.186067+00:00", "source": {"name": "KEMRI GIS MERGE"}, "method": {"name": "Calc from proximity to school, village,markets"}, "coordinates": "{\"type\": \"Point\", \"coordinates\": [37.06124, -1.41213]}", "facility": {"code": 12321}}, {"collection_date": "2015-08-19T15:02:05.088055+00:00", "source": {"name": "DHMT"}, "method": {"name": "Taken with GPS Device"}, "coordinates": "{\"type\": \"Point\", \"coordinates\": [38.26334, -0.46877]}", "facility": {"code": 12818}}, {"collection_date": "2015-08-19T15:02:05.087506+00:00", "source": {"name": "KEMRI GIS MERGE"}, "method": {"name": "Calc from proximity to school, village,markets"}, "coordinates": "{\"type\": \"Point\", \"coordinates\": [37.57232, -0.38124]}", "facility": {"code": 12032}}, {"collection_date": "2015-08-19T15:02:04.995659+00:00", "source": {"name": "SARAM 2013"}, "method": {"name": "Taken with GPS Device"}, "coordinates": "{\"type\": \"Point\", \"coordinates\": [39.85396, -3.63096]}", "facility": {"code": 11746}}, {"collection_date": "2015-08-19T15:02:04.974490+00:00", "source": {"name": "DHMT"}, "method": {"name": "Taken with GPS Device"}, "coordinates": "{\"type\": \"Point\", \"coordinates\": [37.35082, -1.7068]}", "facility": {"code": 12381}}, {"collection_date": "2015-08-19T15:02:04.864357+00:00", "source": {"name": "HMIS, DHRIO"}, "method": {"name": "Taken with GPS Device"}, "coordinates": "{\"type\": \"Point\", \"coordinates\": [35.28272, 0.22665]}", "facility": {"code": 16417}}, {"collection_date": "2015-08-19T15:02:04.714969+00:00", "source": {"name": "Sublocation Centroid Exercise of MOH/ICF Macro"}, "method": {"name": "Other"}, "coordinates": "{\"type\": \"Point\", \"coordinates\": [40.05686, 1.75129]}", "facility": {"code": 13439}}, {"collection_date": "2015-08-19T15:02:04.714836+00:00", "source": {"name": "Cold Chain Inventory (MoH/PATH/WHO) - Feb 2011"}, "method": {"name": "Taken with GPS Device"}, "coordinates": "{\"type\": \"Point\", \"coordinates\": [37.63236, -0.4155]}", "facility": {"code": 12300}}, {"collection_date": "2015-08-19T15:02:04.691195+00:00", "source": {"name": "KEMRI GIS MERGE"}, "method": {"name": "Taken with GPS Device"}, "coordinates": "{\"type\": \"Point\", \"coordinates\": [34.2905, -0.09021]}", "facility": {"code": 13581}}, {"collection_date": "2015-08-19T15:02:04.537455+00:00", "source": {"name": "GPS"}, "method": {"name": "Taken with GPS Device"}, "coordinates": "{\"type\": \"Point\", \"coordinates\": [34.5903, 0.82277]}", "facility": {"code": 15956}}, {"collection_date": "2015-08-19T15:02:04.525887+00:00", "source": {"name": "MFL RRI EXERCISE"}, "method": {"name": "Taken with GPS Device"}, "coordinates": "{\"type\": \"Point\", \"coordinates\": [34.9921, -0.691942]}", "facility": {"code": 13559}}, {"collection_date": "2015-08-19T15:02:04.384299+00:00", "source": {"name": "Sublocation Centroid Exercise of MOH/ICF Macro"}, "method": {"name": "Taken with GPS Device"}, "coordinates": "{\"type\": \"Point\", \"coordinates\": [39.28422, 2.13798]}", "facility": {"code": 16286}}, {"collection_date": "2015-08-19T15:02:04.381364+00:00", "source": {"name": "DHMT"}, "method": {"name": "Taken with GPS Device"}, "coordinates": "{\"type\": \"Point\", \"coordinates\": [36.81433, 1.15492]}", "facility": {"code": 15442}}, {"collection_date": "2015-08-19T15:02:04.381295+00:00", "source": {"name": "Cold Chain Inventory (MoH/PATH/WHO) - Feb 2011"}, "method": {"name": "Taken with GPS Device"}, "coordinates": "{\"type\": \"Point\", \"coordinates\": [34.62249, -0.6256]}", "facility": {"code": 13636}}, {"collection_date": "2015-08-19T15:02:04.203509+00:00", "source": {"name": "Cold Chain Inventory (MoH/PATH/WHO) - Feb 2011"}, "method": {"name": "Taken with GPS Device"}, "coordinates": "{\"type\": \"Point\", \"coordinates\": [37.31628, -1.33605]}", "facility": {"code": 16435}}, {"collection_date": "2015-08-19T15:02:04.192670+00:00", "source": {"name": "KEMRI GIS MERGE"}, "method": {"name": "Taken with GPS Device"}, "coordinates": "{\"type\": \"Point\", \"coordinates\": [36.54208, -1.39906]}", "facility": {"code": 15513}}, {"collection_date": "2015-08-19T15:02:04.061429+00:00", "source": {"name": "KEMRI GIS MERGE"}, "method": {"name": "Calc from proximity to school, village,markets"}, "coordinates": "{\"type\": \"Point\", \"coordinates\": [34.5331, -0.81437]}", "facility": {"code": 13532}}, {"collection_date": "2015-08-19T15:02:04.047639+00:00", "source": {"name": "Sublocation Centroid Exercise of MOH/ICF Macro"}, "method": {"name": "Other"}, "coordinates": "{\"type\": \"Point\", \"coordinates\": [36.9038, -1.20244]}", "facility": {"code": 12932}}, {"collection_date": "2015-08-19T15:02:04.038972+00:00", "source": {"name": "DHMT"}, "method": {"name": "Taken with GPS Device"}, "coordinates": "{\"type\": \"Point\", \"coordinates\": [37.35595, -0.57092]}", "facility": {"code": 10471}}, {"collection_date": "2015-08-19T15:02:03.881553+00:00", "source": {"name": "DHMT"}, "method": {"name": "Taken with GPS Device"}, "coordinates": "{\"type\": \"Point\", \"coordinates\": [37.31365, -0.41442]}", "facility": {"code": 10458}}, {"collection_date": "2015-08-19T15:02:03.871161+00:00", "source": {"name": "KEMRI GIS MERGE"}, "method": {"name": "Calc from proximity to school, village,markets"}, "coordinates": "{\"type\": \"Point\", \"coordinates\": [37.1921, -0.74124]}", "facility": {"code": 10443}}, {"collection_date": "2015-08-19T15:02:03.711936+00:00", "source": {"name": "SARAM 2013"}, "method": {"name": "Taken with GPS Device"}, "coordinates": "{\"type\": \"Point\", \"coordinates\": [35.62959, -0.4254]}", "facility": {"code": 16415}}, {"collection_date": "2015-08-19T15:02:03.706168+00:00", "source": {"name": "SARAM 2013"}, "method": {"name": "Taken with GPS Device"}, "coordinates": "{\"type\": \"Point\", \"coordinates\": [36.92199, -1.20621]}", "facility": {"code": 10162}}, {"collection_date": "2015-08-19T15:02:03.693946+00:00", "source": {"name": "Cold Chain Inventory (MoH/PATH/WHO) - Feb 2011"}, "method": {"name": "Taken with GPS Device"}, "coordinates": "{\"type\": \"Point\", \"coordinates\": [34.76468, -0.76715]}", "facility": {"code": 13872}}, {"collection_date": "2015-08-19T15:02:03.545300+00:00", "source": {"name": "MFL RRI EEXERCISE by DHRIO"}, "method": {"name": "Taken with GPS Device"}, "coordinates": "{\"type\": \"Point\", \"coordinates\": [34.9535, -0.681396]}", "facility": {"code": 14051}}, {"collection_date": "2015-08-19T15:02:03.528068+00:00", "source": {"name": "GPS"}, "method": {"name": "Taken with GPS Device"}, "coordinates": "{\"type\": \"Point\", \"coordinates\": [34.46462, 0.83473]}", "facility": {"code": 15920}}, {"collection_date": "2015-08-19T15:02:03.380537+00:00", "source": {"name": "Cold Chain Inventory (MoH/PATH/WHO) - Feb 2011"}, "method": {"name": "Taken with GPS Device"}, "coordinates": "{\"type\": \"Point\", \"coordinates\": [34.72371, -0.39885]}", "facility": {"code": 13530}}, {"collection_date": "2015-08-19T15:02:03.369914+00:00", "source": {"name": "KEMRI GIS MERGE"}, "method": {"name": "Taken with GPS Device"}, "coordinates": "{\"type\": \"Point\", \"coordinates\": [34.56903, -0.81305]}", "facility": {"code": 13724}}, {"collection_date": "2015-08-19T15:02:03.362294+00:00", "source": {"name": "Cold Chain Inventory (MoH/PATH/WHO) - Feb 2011"}, "method": {"name": "Taken with GPS Device"}, "coordinates": "{\"type\": \"Point\", \"coordinates\": [37.47047, -0.55287]}", "facility": {"code": 12114}}, {"collection_date": "2015-08-19T15:02:03.194046+00:00", "source": {"name": "KEMRI GIS MERGE"}, "method": {"name": "Taken with GPS Device"}, "coordinates": "{\"type\": \"Point\", \"coordinates\": [36.66297, -1.46661]}", "facility": {"code": 15425}}, {"collection_date": "2015-08-19T15:02:03.163467+00:00", "source": {"name": "Reception"}, "method": {"name": "Taken with GPS Device"}, "coordinates": "{\"type\": \"Point\", \"coordinates\": [37.98213, -1.50491]}", "facility": {"code": 12652}}, {"collection_date": "2015-08-19T15:02:03.154938+00:00", "source": {"name": "Cold Chain Inventory (MoH/PATH/WHO) - Feb 2011"}, "method": {"name": "Taken with GPS Device"}, "coordinates": "{\"type\": \"Point\", \"coordinates\": [37.47976, -0.48227]}", "facility": {"code": 12033}}, {"collection_date": "2015-08-19T15:02:03.150844+00:00", "source": {"name": "Sublocation Centroid Exercise of MOH/ICF Macro"}, "method": {"name": "Other"}, "coordinates": "{\"type\": \"Point\", \"coordinates\": [36.871, -1.24875]}", "facility": {"code": 13070}}, {"collection_date": "2015-08-19T15:02:03.134763+00:00", "source": {"name": "KEMRI GIS MERGE"}, "method": {"name": "Taken with GPS Device"}, "coordinates": "{\"type\": \"Point\", \"coordinates\": [40.01018, 1.62666]}", "facility": {"code": 13394}}, {"collection_date": "2015-08-19T15:02:02.948773+00:00", "source": {"name": "Taken by DHRIO"}, "method": {"name": "Taken with GPS Device"}, "coordinates": "{\"type\": \"Point\", \"coordinates\": [38.07589, -2.29088]}", "facility": {"code": 12187}}, {"collection_date": "2015-08-19T15:02:02.948388+00:00", "source": {"name": "MFL RRI EEXERCISE"}, "method": {"name": "Taken with GPS Device"}, "coordinates": "{\"type\": \"Point\", \"coordinates\": [34.9535, -0.681396]}", "facility": {"code": 13752}}, {"collection_date": "2015-08-19T15:02:02.947967+00:00", "source": {"name": "Cold Chain Inventory (MoH/PATH/WHO) - Feb 2011"}, "method": {"name": "Taken with GPS Device"}, "coordinates": "{\"type\": \"Point\", \"coordinates\": [34.71776, -0.77352]}", "facility": {"code": 13539}}, {"collection_date": "2015-08-19T15:02:02.935309+00:00", "source": {"name": "DHMT"}, "method": {"name": "Taken with GPS Device"}, "coordinates": "{\"type\": \"Point\", \"coordinates\": [37.66505, -2.74905]}", "facility": {"code": 15426}}, {"collection_date": "2015-08-19T15:02:02.920583+00:00", "source": {"name": "DHMT"}, "method": {"name": "Taken with GPS Device"}, "coordinates": "{\"type\": \"Point\", \"coordinates\": [39.64289, -0.44732]}", "facility": {"code": 13345}}, {"collection_date": "2015-08-19T15:02:02.727230+00:00", "source": {"name": "MFL RRI BY DHRIO"}, "method": {"name": "Taken with GPS Device"}, "coordinates": "{\"type\": \"Point\", \"coordinates\": [34.8937, -0.707634]}", "facility": {"code": 16266}}, {"collection_date": "2015-08-19T15:02:02.725240+00:00", "source": {"name": "KEMRI GIS MERGE"}, "method": {"name": "Taken with GPS Device"}, "coordinates": "{\"type\": \"Point\", \"coordinates\": [34.610223, 0.39812]}", "facility": {"code": 15812}}, {"collection_date": "2015-08-19T15:02:02.715906+00:00", "source": {"name": "GPS"}, "method": {"name": "Taken with GPS Device"}, "coordinates": "{\"type\": \"Point\", \"coordinates\": [34.59409, 0.80008]}", "facility": {"code": 15923}}, {"collection_date": "2015-08-19T15:02:02.694459+00:00", "source": {"name": "GPS"}, "method": {"name": "Taken with GPS Device"}, "coordinates": "{\"type\": \"Point\", \"coordinates\": [34.77174, 0.85277]}", "facility": {"code": 15917}}, {"collection_date": "2015-08-19T15:02:02.554837+00:00", "source": {"name": "DHMT"}, "method": {"name": "Taken with GPS Device"}, "coordinates": "{\"type\": \"Point\", \"coordinates\": [37.03526, -0.45814]}", "facility": {"code": 10691}}, {"collection_date": "2015-08-19T15:02:02.522318+00:00", "source": {"name": "KEMRI GIS MERGE"}, "method": {"name": "Taken with GPS Device"}, "coordinates": "{\"type\": \"Point\", \"coordinates\": [34.54157, -0.71103]}", "facility": {"code": 13853}}, {"collection_date": "2015-08-19T15:02:02.521282+00:00", "source": {"name": "SARAM 2013"}, "method": {"name": "Taken with GPS Device"}, "coordinates": "{\"type\": \"Point\", \"coordinates\": [37.47068, -1.79239]}", "facility": {"code": 16254}}, {"collection_date": "2015-08-19T15:02:02.501099+00:00", "source": {"name": "KEMRI GIS MERGE"}, "method": {"name": "Taken with GPS Device"}, "coordinates": "{\"type\": \"Point\", \"coordinates\": [34.67083, 0.44564]}", "facility": {"code": 15810}}, {"collection_date": "2015-08-19T15:02:02.346713+00:00", "source": {"name": "DHMT"}, "method": {"name": "Taken with GPS Device"}, "coordinates": "{\"type\": \"Point\", \"coordinates\": [38.02393, -1.84207]}", "facility": {"code": 12344}}, {"collection_date": "2015-08-19T15:02:02.325895+00:00", "source": {"name": "Sublocation Centroid Exercise of MOH/ICF Macro"}, "method": {"name": "Taken with GPS Device"}, "coordinates": "{\"type\": \"Point\", \"coordinates\": [41.86112, 3.93767]}", "facility": {"code": 13307}}, {"collection_date": "2015-08-19T15:02:02.280726+00:00", "source": {"name": "DHMT"}, "method": {"name": "Taken with GPS Device"}, "coordinates": "{\"type\": \"Point\", \"coordinates\": [37.76967, -2.07231]}", "facility": {"code": 12276}}, {"collection_date": "2015-08-19T15:02:02.275084+00:00", "source": {"name": "MOH"}, "method": {"name": "Taken with GPS Device"}, "coordinates": "{\"type\": \"Point\", \"coordinates\": [39.66969, -3.10202]}", "facility": {"code": 11578}}, {"collection_date": "2015-08-19T15:02:02.260146+00:00", "source": {"name": "SCHMT"}, "method": {"name": "Taken with GPS Device"}, "coordinates": "{\"type\": \"Point\", \"coordinates\": [38.04501, -1.35767]}", "facility": {"code": 12121}}, {"collection_date": "2015-08-19T15:02:02.124390+00:00", "source": {"name": "Sublocation Centroid Exercise of MOH/ICF Macro"}, "method": {"name": "Taken with GPS Device"}, "coordinates": "{\"type\": \"Point\", \"coordinates\": [35.72708, -0.24752]}", "facility": {"code": 16409}}, {"collection_date": "2015-08-19T15:02:02.112522+00:00", "source": {"name": "GPS"}, "method": {"name": "Taken with GPS Device"}, "coordinates": "{\"type\": \"Point\", \"coordinates\": [34.63985, 0.82261]}", "facility": {"code": 15919}}, {"collection_date": "2015-08-19T15:02:02.088897+00:00", "source": {"name": "KEMRI GIS MERGE"}, "method": {"name": "Taken with GPS Device"}, "coordinates": "{\"type\": \"Point\", \"coordinates\": [39.2438, -4.45926]}", "facility": {"code": 11558}}, {"collection_date": "2015-08-19T15:02:02.047676+00:00", "source": {"name": "MOH"}, "method": {"name": "Taken with GPS Device"}, "coordinates": "{\"type\": \"Point\", \"coordinates\": [40.08256, -3.02272]}", "facility": {"code": 11279}}, {"collection_date": "2015-08-19T15:02:02.033998+00:00", "source": {"name": "DHMT"}, "method": {"name": "Taken with GPS Device"}, "coordinates": "{\"type\": \"Point\", \"coordinates\": [38.02599, 2.3584]}", "facility": {"code": 12470}}, {"collection_date": "2015-08-19T15:02:01.889484+00:00", "source": {"name": "SARAM 2013"}, "method": {"name": "Taken with GPS Device"}, "coordinates": "{\"type\": \"Point\", \"coordinates\": [36.985, -0.37547]}", "facility": {"code": 10894}}, {"collection_date": "2015-08-19T15:02:01.880646+00:00", "source": {"name": "Sublocation Centroid Exercise of MOH/ICF Macro"}, "method": {"name": "Taken with GPS Device"}, "coordinates": "{\"type\": \"Point\", \"coordinates\": [41.85176, 3.93531]}", "facility": {"code": 13403}}, {"collection_date": "2015-08-19T15:02:01.857861+00:00", "source": {"name": "Sublocation Centroid Exercise of MOH/ICF Macro"}, "method": {"name": "Taken with GPS Device"}, "coordinates": "{\"type\": \"Point\", \"coordinates\": [34.75182, 0.78226]}", "facility": {"code": 15986}}, {"collection_date": "2015-08-19T15:02:01.847604+00:00", "source": {"name": "MFL RRI"}, "method": {"name": "Taken with GPS Device"}, "coordinates": "{\"type\": \"Point\", \"coordinates\": [35.01195, -0.55552]}", "facility": {"code": 13932}}, {"collection_date": "2015-08-19T15:02:01.806496+00:00", "source": {"name": "KEMRI GIS MERGE"}, "method": {"name": "Taken with GPS Device"}, "coordinates": "{\"type\": \"Point\", \"coordinates\": [41.61371, 3.96058]}", "facility": {"code": 13379}}, {"collection_date": "2015-08-19T15:02:01.570702+00:00", "source": {"name": "DHMT"}, "method": {"name": "Taken with GPS Device"}, "coordinates": "{\"type\": \"Point\", \"coordinates\": [38.98086, 3.51883]}", "facility": {"code": 11952}}, {"collection_date": "2015-08-19T15:02:01.568551+00:00", "source": {"name": "DHMT"}, "method": {"name": "Taken with GPS Device"}, "coordinates": "{\"type\": \"Point\", \"coordinates\": [35.16267, 1.92594]}", "facility": {"code": 16375}}, {"collection_date": "2015-08-19T15:02:01.560699+00:00", "source": {"name": "DHMT"}, "method": {"name": "Taken with GPS Device"}, "coordinates": "{\"type\": \"Point\", \"coordinates\": [39.74878, -3.39435]}", "facility": {"code": 11532}}, {"collection_date": "2015-08-19T15:02:01.559860+00:00", "source": {"name": "Cold Chain Inventory (MoH/PATH/WHO) - Feb 2011"}, "method": {"name": "Taken with GPS Device"}, "coordinates": "{\"type\": \"Point\", \"coordinates\": [37.93745, 0.23563]}", "facility": {"code": 12266}}, {"collection_date": "2015-08-19T15:02:01.543148+00:00", "source": {"name": "KEMRI GIS MERGE"}, "method": {"name": "Taken with GPS Device"}, "coordinates": "{\"type\": \"Point\", \"coordinates\": [37.62908, -0.3611]}", "facility": {"code": 12630}}, {"collection_date": "2015-08-19T15:02:01.360526+00:00", "source": {"name": "Cold Chain Inventory (MoH/PATH/WHO) - Feb 2011"}, "method": {"name": "Taken with GPS Device"}, "coordinates": "{\"type\": \"Point\", \"coordinates\": [34.78627, -0.41206]}", "facility": {"code": 13712}}, {"collection_date": "2015-08-19T15:02:01.344475+00:00", "source": {"name": "Cold Chain Inventory (MoH/PATH/WHO) - Feb 2011"}, "method": {"name": "Taken with GPS Device"}, "coordinates": "{\"type\": \"Point\", \"coordinates\": [34.46486, -1.06785]}", "facility": {"code": 13993}}, {"collection_date": "2015-08-19T15:02:01.311192+00:00", "source": {"name": "Sublocation Centroid Exercise of MOH/ICF Macro"}, "method": {"name": "Other"}, "coordinates": "{\"type\": \"Point\", \"coordinates\": [35.982, -0.456638]}", "facility": {"code": 16396}}, {"collection_date": "2015-08-19T15:02:01.304531+00:00", "source": {"name": "GPS"}, "method": {"name": "Taken with GPS Device"}, "coordinates": "{\"type\": \"Point\", \"coordinates\": [37.01622, -0.48059]}", "facility": {"code": 11158}}, {"collection_date": "2015-08-19T15:02:01.294469+00:00", "source": {"name": "DHMT"}, "method": {"name": "Taken with GPS Device"}, "coordinates": "{\"type\": \"Point\", \"coordinates\": [35.20476, 1.83294]}", "facility": {"code": 16373}}, {"collection_date": "2015-08-19T15:02:01.130329+00:00", "source": {"name": "Cold Chain Inventory (MoH/PATH/WHO) - Feb 2011"}, "method": {"name": "Taken with GPS Device"}, "coordinates": "{\"type\": \"Point\", \"coordinates\": [34.75514, 0.27532]}", "facility": {"code": 15801}}, {"collection_date": "2015-08-19T15:02:01.097914+00:00", "source": {"name": "Sublocation Centroid Exercise of MOH/ICF Macro"}, "method": {"name": "Other"}, "coordinates": "{\"type\": \"Point\", \"coordinates\": [36.847, -1.27085]}", "facility": {"code": 13260}}, {"collection_date": "2015-08-19T15:02:01.077428+00:00", "source": {"name": "Sublocation Centroid Exercise of MOH/ICF Macro"}, "method": {"name": "Taken with GPS Device"}, "coordinates": "{\"type\": \"Point\", \"coordinates\": [35.96677, -0.4957]}", "facility": {"code": 16398}}, {"collection_date": "2015-08-19T15:02:01.069115+00:00", "source": {"name": "SARAM 2013"}, "method": {"name": "Taken with GPS Device"}, "coordinates": "{\"type\": \"Point\", \"coordinates\": [36.58391, -0.41361]}", "facility": {"code": 10244}}, {"collection_date": "2015-08-19T15:02:01.011718+00:00", "source": {"name": "SCHMT"}, "method": {"name": "Taken with GPS Device"}, "coordinates": "{\"type\": \"Point\", \"coordinates\": [38.01368, -1.26102]}", "facility": {"code": 12252}}, {"collection_date": "2015-08-19T15:02:00.993081+00:00", "source": {"name": "DHMT"}, "method": {"name": "Taken with GPS Device"}, "coordinates": "{\"type\": \"Point\", \"coordinates\": [34.98584, 1.58825]}", "facility": {"code": 16370}}, {"collection_date": "2015-08-19T15:02:00.978272+00:00", "source": {"name": "SARAM 2013"}, "method": {"name": "Taken with GPS Device"}, "coordinates": "{\"type\": \"Point\", \"coordinates\": [39.74173, -3.94698]}", "facility": {"code": 11673}}, {"collection_date": "2015-08-19T15:02:00.900878+00:00", "source": {"name": "Cold Chain Inventory (MoH/PATH/WHO) - Feb 2011"}, "method": {"name": "Taken with GPS Device"}, "coordinates": "{\"type\": \"Point\", \"coordinates\": [34.77078, -0.32141]}", "facility": {"code": 13529}}], "model": "mfl_gis.FacilityCoordinates", "unique_fields": ["facility"]}]