[{"records": [{"collection_date": "2015-08-19T15:02:00.842223+00:00", "source": {"name": "KEMRI GIS MERGE"}, "method": {"name": "Taken with GPS Device"}, "coordinates": "{\"type\": \"Point\", \"coordinates\": [37.50255, -0.36186]}", "facility": {"code": 12553}}, {"collection_date": "2015-08-19T15:02:00.768561+00:00", "source": {"name": "Cold Chain Inventory (MoH/PATH/WHO) - Feb 2011"}, "method": {"name": "Taken with GPS Device"}, "coordinates": "{\"type\": \"Point\", \"coordinates\": [34.37074, -0.7305]}", "facility": {"code": 13995}}, {"collection_date": "2015-08-19T15:02:00.767502+00:00", "source": {"name": "Sublocation Centroid Exercise of MOH/ICF Macro"}, "method": {"name": "Taken with GPS Device"}, "coordinates": "{\"type\": \"Point\", \"coordinates\": [35.05487, 1.78654]}", "facility": {"code": 16369}}, {"collection_date": "2015-08-19T15:02:00.766966+00:00", "source": {"name": "Sublocation Centroid Exercise of MOH/ICF Macro"}, "method": {"name": "Other"}, "coordinates": "{\"type\": \"Point\", \"coordinates\": [36.8595, -1.28053]}", "facility": {"code": 12916}}, {"collection_date": "2015-08-19T15:02:00.752167+00:00", "source": {"name": "DHMT"}, "method": {"name": "Taken with GPS Device"}, "coordinates": "{\"type\": \"Point\", \"coordinates\": [34.83829, -0.09345]}", "facility": {"code": 13524}}, {"collection_date": "2015-08-19T15:02:00.587867+00:00", "source": {"name": "KEMRI GIS MERGE"}, "method": {"name": "Calc from proximity to school, village,markets"}, "coordinates": "{\"type\": \"Point\", \"coordinates\": [34.41711, 0.71358]}", "facility": {"code": 16148}}, {"collection_date": "2015-08-19T15:02:00.442244+00:00", "source": {"name": "Sublocation Centroid Exercise of MOH/ICF Macro"}, "method": {"name": "Taken with GPS Device"}, "coordinates": "{\"type\": \"Point\", \"coordinates\": [35.77403, -0.24663]}", "facility": {"code": 16410}}, {"collection_date": "2015-08-19T15:02:00.419812+00:00", "source": {"name": "DHMT"}, "method": {"name": "Taken with GPS Device"}, "coordinates": "{\"type\": \"Point\", \"coordinates\": [40.06118, 1.74996]}", "facility": {"code": 13419}}, {"collection_date": "2015-08-19T15:02:00.419436+00:00", "source": {"name": "Cold Chain Inventory (MoH/PATH/WHO) - Feb 2011"}, "method": {"name": "Taken with GPS Device"}, "coordinates": "{\"type\": \"Point\", \"coordinates\": [40.19641, -0.23551]}", "facility": {"code": 13338}}, {"collection_date": "2015-08-19T15:02:00.404328+00:00", "source": {"name": "GIS"}, "method": {"name": "Taken with GPS Device"}, "coordinates": "{\"type\": \"Point\", \"coordinates\": [37.34534, 3.60933]}", "facility": {"code": 11941}}, {"collection_date": "2015-08-19T15:02:00.241697+00:00", "source": {"name": "Cold Chain Inventory (MoH/PATH/WHO) - Feb 2011"}, "method": {"name": "Taken with GPS Device"}, "coordinates": "{\"type\": \"Point\", \"coordinates\": [34.78689, -0.35144]}", "facility": {"code": 13708}}, {"collection_date": "2015-08-19T15:02:00.232352+00:00", "source": {"name": "Sublocation Centroid Exercise of MOH/ICF Macro"}, "method": {"name": "Other"}, "coordinates": "{\"type\": \"Point\", \"coordinates\": [35.9979, -0.626849]}", "facility": {"code": 16397}}, {"collection_date": "2015-08-19T15:02:00.219241+00:00", "source": {"name": "KEMRI GIS MERGE"}, "method": {"name": "Calc from proximity to school, village,markets"}, "coordinates": "{\"type\": \"Point\", \"coordinates\": [36.1252, -1.46313]}", "facility": {"code": 15226}}, {"collection_date": "2015-08-19T15:02:00.214869+00:00", "source": {"name": "Sublocation Centroid Exercise of MOH/ICF Macro"}, "method": {"name": "Other"}, "coordinates": "{\"type\": \"Point\", \"coordinates\": [36.9046, -1.22429]}", "facility": {"code": 13011}}, {"collection_date": "2015-08-19T15:02:00.022423+00:00", "source": {"name": "GPS"}, "method": {"name": "Taken with GPS Device"}, "coordinates": "{\"type\": \"Point\", \"coordinates\": [38.05832, 2.41856]}", "facility": {"code": 11956}}, {"collection_date": "2015-08-19T15:02:00.005258+00:00", "source": {"name": "KEMRI GIS MERGE"}, "method": {"name": "Calc from proximity to school, village,markets"}, "coordinates": "{\"type\": \"Point\", \"coordinates\": [36.8958, -0.71863]}", "facility": {"code": 10778}}, {"collection_date": "2015-08-19T15:01:59.886728+00:00", "source": {"name": "Sublocation Centroid Exercise of MOH/ICF Macro"}, "method": {"name": "Taken with GPS Device"}, "coordinates": "{\"type\": \"Point\", \"coordinates\": [35.75342, -0.31902]}", "facility": {"code": 16399}}, {"collection_date": "2015-08-19T15:01:59.854786+00:00", "source": {"name": "KEMRI GIS MERGE"}, "method": {"name": "Taken with GPS Device"}, "coordinates": "{\"type\": \"Point\", \"coordinates\": [34.61433, -1.28787]}", "facility": {"code": 13526}}, {"collection_date": "2015-08-19T15:01:59.844190+00:00", "source": {"name": "Sublocation Centroid Exercise of MOH/ICF Macro"}, "method": {"name": "Other"}, "coordinates": "{\"type\": \"Point\", \"coordinates\": [34.118, 0.453786]}", "facility": {"code": 16080}}, {"collection_date": "2015-08-19T15:01:59.830276+00:00", "source": {"name": "KEMRI GIS MERGE"}, "method": {"name": "Taken with GPS Device"}, "coordinates": "{\"type\": \"Point\", \"coordinates\": [34.25665, -0.22851]}", "facility": {"code": 13644}}, {"collection_date": "2015-08-19T15:01:59.674318+00:00", "source": {"name": "DHRIO"}, "method": {"name": "Taken with GPS Device"}, "coordinates": "{\"type\": \"Point\", \"coordinates\": [37.95691, -0.04122]}", "facility": {"code": 12665}}, {"collection_date": "2015-08-19T15:01:59.645725+00:00", "source": {"name": "DHMT"}, "method": {"name": "Taken with GPS Device"}, "coordinates": "{\"type\": \"Point\", \"coordinates\": [35.97095, -0.38711]}", "facility": {"code": 16400}}, {"collection_date": "2015-08-19T15:01:59.622354+00:00", "source": {"name": "SARAM 2013"}, "method": {"name": "Taken with GPS Device"}, "coordinates": "{\"type\": \"Point\", \"coordinates\": [36.87947, -0.47039]}", "facility": {"code": 11167}}, {"collection_date": "2015-08-19T15:01:59.609732+00:00", "source": {"name": "SARAM 2013"}, "method": {"name": "Taken with GPS Device"}, "coordinates": "{\"type\": \"Point\", \"coordinates\": [37.35107, -0.49316]}", "facility": {"code": 10046}}, {"collection_date": "2015-08-19T15:01:59.597047+00:00", "source": {"name": "DHMT"}, "method": {"name": "Taken with GPS Device"}, "coordinates": "{\"type\": \"Point\", \"coordinates\": [38.83701, 0.59184]}", "facility": {"code": 16290}}, {"collection_date": "2015-08-19T15:01:59.473424+00:00", "source": {"name": "DHMT"}, "method": {"name": "Taken with GPS Device"}, "coordinates": "{\"type\": \"Point\", \"coordinates\": [40.03604, 1.7415]}", "facility": {"code": 13302}}, {"collection_date": "2015-08-19T15:01:59.434902+00:00", "source": {"name": "Sublocation Centroid Exercise of MOH/ICF Macro"}, "method": {"name": "Other"}, "coordinates": "{\"type\": \"Point\", \"coordinates\": [36.0542, -0.451604]}", "facility": {"code": 16402}}, {"collection_date": "2015-08-19T15:01:59.410143+00:00", "source": {"name": "Cold Chain Inventory (MoH/PATH/WHO) - Feb 2011"}, "method": {"name": "Taken with GPS Device"}, "coordinates": "{\"type\": \"Point\", \"coordinates\": [34.65263, -0.43246]}", "facility": {"code": 13974}}, {"collection_date": "2015-08-19T15:01:59.396238+00:00", "source": {"name": "SARAM 2013"}, "method": {"name": "Taken with GPS Device"}, "coordinates": "{\"type\": \"Point\", \"coordinates\": [39.62032, -4.02243]}", "facility": {"code": 11539}}, {"collection_date": "2015-08-19T15:01:59.374983+00:00", "source": {"name": "Cold Chain Inventory (MoH/PATH/WHO) - Feb 2011"}, "method": {"name": "Taken with GPS Device"}, "coordinates": "{\"type\": \"Point\", \"coordinates\": [36.53641, -0.12227]}", "facility": {"code": 10931}}, {"collection_date": "2015-08-19T15:01:59.240063+00:00", "source": {"name": "MFL RRI"}, "method": {"name": "Taken with GPS Device"}, "coordinates": "{\"type\": \"Point\", \"coordinates\": [35.05562, -0.77929]}", "facility": {"code": 16660}}, {"collection_date": "2015-08-19T15:01:59.229603+00:00", "source": {"name": "Cold Chain Inventory (MoH/PATH/WHO) - Feb 2011"}, "method": {"name": "Taken with GPS Device"}, "coordinates": "{\"type\": \"Point\", \"coordinates\": [38.52375, 3.60163]}", "facility": {"code": 12828}}, {"collection_date": "2015-08-19T15:01:59.177554+00:00", "source": {"name": "KEMRI GIS MERGE"}, "method": {"name": "Taken with GPS Device"}, "coordinates": "{\"type\": \"Point\", \"coordinates\": [34.34066, -0.16223]}", "facility": {"code": 13757}}, {"collection_date": "2015-08-19T15:01:59.163821+00:00", "source": {"name": "Sublocation Centroid Exercise of MOH/ICF Macro"}, "method": {"name": "Other"}, "coordinates": "{\"type\": \"Point\", \"coordinates\": [36.9038, -1.20244]}", "facility": {"code": 12987}}, {"collection_date": "2015-08-19T15:01:59.159282+00:00", "source": {"name": "Cold Chain Inventory (MoH/PATH/WHO) - Feb 2011"}, "method": {"name": "Taken with GPS Device"}, "coordinates": "{\"type\": \"Point\", \"coordinates\": [38.34074, 0.56748]}", "facility": {"code": 11951}}, {"collection_date": "2015-08-19T15:01:59.018782+00:00", "source": {"name": "MOH"}, "method": {"name": "Taken with GPS Device"}, "coordinates": "{\"type\": \"Point\", \"coordinates\": [40.06918, -3.17445]}", "facility": {"code": 11236}}, {"collection_date": "2015-08-19T15:01:58.995528+00:00", "source": {"name": "KEMRI GIS MERGE"}, "method": {"name": "Taken with GPS Device"}, "coordinates": "{\"type\": \"Point\", \"coordinates\": [35.66171, -0.34499]}", "facility": {"code": 15214}}, {"collection_date": "2015-08-19T15:01:58.940391+00:00", "source": {"name": "DHRIO Nyando"}, "method": {"name": "Taken with GPS Device"}, "coordinates": "{\"type\": \"Point\", \"coordinates\": [35.18204, -0.03917]}", "facility": {"code": 13965}}, {"collection_date": "2015-08-19T15:01:58.928910+00:00", "source": {"name": "MFL RRI"}, "method": {"name": "Taken with GPS Device"}, "coordinates": "{\"type\": \"Point\", \"coordinates\": [35.01563, -0.76235]}", "facility": {"code": 13937}}, {"collection_date": "2015-08-19T15:01:58.919753+00:00", "source": {"name": "MFL RRI EEXERCISE by DHRIO"}, "method": {"name": "Taken with GPS Device"}, "coordinates": "{\"type\": \"Point\", \"coordinates\": [34.9731, -0.89348]}", "facility": {"code": 14029}}, {"collection_date": "2015-08-19T15:01:58.913305+00:00", "source": {"name": "Sublocation Centroid Exercise of MOH/ICF Macro"}, "method": {"name": "Other"}, "coordinates": "{\"type\": \"Point\", \"coordinates\": [36.849544, -1.286837]}", "facility": {"code": 12884}}, {"collection_date": "2015-08-19T15:01:58.743064+00:00", "source": {"name": "Cold Chain Inventory (MoH/PATH/WHO) - Feb 2011"}, "method": {"name": "Taken with GPS Device"}, "coordinates": "{\"type\": \"Point\", \"coordinates\": [36.38465, -0.3864]}", "facility": {"code": 10429}}, {"collection_date": "2015-08-19T15:01:58.510028+00:00", "source": {"name": "GPS"}, "method": {"name": "Taken with GPS Device"}, "coordinates": "{\"type\": \"Point\", \"coordinates\": [36.55767, -0.78389]}", "facility": {"code": 10312}}, {"collection_date": "2015-08-19T15:01:58.248619+00:00", "source": {"name": "Sublocation Centroid Exercise of MOH/ICF Macro"}, "method": {"name": "Other"}, "coordinates": "{\"type\": \"Point\", \"coordinates\": [34.118, 0.453786]}", "facility": {"code": 16149}}, {"collection_date": "2015-08-19T15:01:58.248595+00:00", "source": {"name": "Reception"}, "method": {"name": "Taken with GPS Device"}, "coordinates": "{\"type\": \"Point\", \"coordinates\": [38.06257, -1.55684]}", "facility": {"code": 12388}}, {"collection_date": "2015-08-19T15:01:58.106903+00:00", "source": {"name": "Cold Chain Inventory (MoH/PATH/WHO) - Feb 2011"}, "method": {"name": "Taken with GPS Device"}, "coordinates": "{\"type\": \"Point\", \"coordinates\": [38.02509, -1.53032]}", "facility": {"code": 16744}}, {"collection_date": "2015-08-19T15:01:58.106903+00:00", "source": {"name": "Cold Chain Inventory (MoH/PATH/WHO) - Feb 2011"}, "method": {"name": "Taken with GPS Device"}, "coordinates": "{\"type\": \"Point\", \"coordinates\": [37.12575, -0.23905]}", "facility": {"code": 10722}}, {"collection_date": "2015-08-19T15:01:57.827896+00:00", "source": {"name": "KEMRI GIS MERGE"}, "method": {"name": "Taken with GPS Device"}, "coordinates": "{\"type\": \"Point\", \"coordinates\": [34.76131, 0.29318]}", "facility": {"code": 15804}}, {"collection_date": "2015-08-19T15:01:57.717023+00:00", "source": {"name": "Sublocation Centroid Exercise of MOH/ICF Macro"}, "method": {"name": "Taken with GPS Device"}, "coordinates": "{\"type\": \"Point\", \"coordinates\": [41.85515, 3.93764]}", "facility": {"code": 13375}}, {"collection_date": "2015-08-19T15:01:57.672682+00:00", "source": {"name": "DHMT"}, "method": {"name": "Taken with GPS Device"}, "coordinates": "{\"type\": \"Point\", \"coordinates\": [34.44287, -1.01652]}", "facility": {"code": 13480}}, {"collection_date": "2015-08-19T15:01:57.594735+00:00", "source": {"name": "Sublocation Centroid Exercise of MOH/ICF Macro"}, "method": {"name": "Other"}, "coordinates": "{\"type\": \"Point\", \"coordinates\": [36.66647, -1.10399]}", "facility": {"code": 10667}}, {"collection_date": "2015-08-19T15:01:57.593410+00:00", "source": {"name": "GPS"}, "method": {"name": "Taken with GPS Device"}, "coordinates": "{\"type\": \"Point\", \"coordinates\": [34.43328, 0.84009]}", "facility": {"code": 15854}}, {"collection_date": "2015-08-19T15:01:57.585971+00:00", "source": {"name": "Cold Chain Inventory (MoH/PATH/WHO) - Feb 2011"}, "method": {"name": "Taken with GPS Device"}, "coordinates": "{\"type\": \"Point\", \"coordinates\": [34.76414, 0.30201]}", "facility": {"code": 15971}}, {"collection_date": "2015-08-19T15:01:57.563738+00:00", "source": {"name": "DHMT"}, "method": {"name": "Taken with GPS Device"}, "coordinates": "{\"type\": \"Point\", \"coordinates\": [37.5761, -0.12619]}", "facility": {"code": 12328}}, {"collection_date": "2015-08-19T15:01:57.441559+00:00", "source": {"name": "DHMT"}, "method": {"name": "Taken with GPS Device"}, "coordinates": "{\"type\": \"Point\", \"coordinates\": [37.40819, -0.61171]}", "facility": {"code": 10436}}, {"collection_date": "2015-08-19T15:01:56.549279+00:00", "source": {"name": "Cold Chain Inventory (MoH/PATH/WHO) - Feb 2011"}, "method": {"name": "Taken with GPS Device"}, "coordinates": "{\"type\": \"Point\", \"coordinates\": [34.75448, 0.2823]}", "facility": {"code": 15895}}, {"collection_date": "2015-08-19T15:01:56.515184+00:00", "source": {"name": "KEMRI GIS MERGE"}, "method": {"name": "Calc from proximity to school, village,markets"}, "coordinates": "{\"type\": \"Point\", \"coordinates\": [37.00901, -0.39099]}", "facility": {"code": 10517}}, {"collection_date": "2015-08-19T15:01:56.503353+00:00", "source": {"name": "KEMRI GIS MERGE"}, "method": {"name": "Taken with GPS Device"}, "coordinates": "{\"type\": \"Point\", \"coordinates\": [35.61256, -0.57055]}", "facility": {"code": 14924}}, {"collection_date": "2015-08-19T15:01:56.500665+00:00", "source": {"name": "KEMRI GIS MERGE"}, "method": {"name": "Taken with GPS Device"}, "coordinates": "{\"type\": \"Point\", \"coordinates\": [34.4848, -0.84674]}", "facility": {"code": 14019}}, {"collection_date": "2015-08-19T15:01:56.486020+00:00", "source": {"name": "Cold Chain Inventory (MoH/PATH/WHO) - Feb 2011"}, "method": {"name": "Taken with GPS Device"}, "coordinates": "{\"type\": \"Point\", \"coordinates\": [34.79143, -0.80165]}", "facility": {"code": 14062}}, {"collection_date": "2015-08-19T15:01:55.999425+00:00", "source": {"name": "Sublocation Centroid Exercise of MOH/ICF Macro"}, "method": {"name": "Other"}, "coordinates": "{\"type\": \"Point\", \"coordinates\": [36.8595, -1.28053]}", "facility": {"code": 12934}}, {"collection_date": "2015-08-19T15:01:55.971626+00:00", "source": {"name": "KEMRI GIS MERGE"}, "method": {"name": "Calc from proximity to school, village,markets"}, "coordinates": "{\"type\": \"Point\", \"coordinates\": [36.77971, -1.34432]}", "facility": {"code": 12931}}, {"collection_date": "2015-08-19T15:01:55.870695+00:00", "source": {"name": "DHMT"}, "method": {"name": "Taken with GPS Device"}, "coordinates": "{\"type\": \"Point\", \"coordinates\": [34.7649, -0.0634845]}", "facility": {"code": 13730}}, {"collection_date": "2015-08-19T15:01:55.862491+00:00", "source": {"name": "DHMT"}, "method": {"name": "Taken with GPS Device"}, "coordinates": "{\"type\": \"Point\", \"coordinates\": [36.69204, 1.09451]}", "facility": {"code": 14526}}, {"collection_date": "2015-08-19T15:01:55.854841+00:00", "source": {"name": "MFL RRI"}, "method": {"name": "Taken with GPS Device"}, "coordinates": "{\"type\": \"Point\", \"coordinates\": [35.04792, -0.64894]}", "facility": {"code": 13698}}, {"collection_date": "2015-08-19T15:01:55.851446+00:00", "source": {"name": "SCHMT"}, "method": {"name": "Taken with GPS Device"}, "coordinates": "{\"type\": \"Point\", \"coordinates\": [37.93872, -1.38513]}", "facility": {"code": 12803}}, {"collection_date": "2015-08-19T15:01:55.838828+00:00", "source": {"name": "MOPHS"}, "method": {"name": "Taken with GPS Device"}, "coordinates": "{\"type\": \"Point\", \"coordinates\": [37.55493, 0.11928]}", "facility": {"code": 12302}}, {"collection_date": "2015-08-19T15:01:55.638011+00:00", "source": {"name": "Cold Chain Inventory (MoH/PATH/WHO) - Feb 2011"}, "method": {"name": "Taken with GPS Device"}, "coordinates": "{\"type\": \"Point\", \"coordinates\": [36.48484, -0.19402]}", "facility": {"code": 10630}}, {"collection_date": "2015-08-19T15:01:55.626417+00:00", "source": {"name": "DHMT"}, "method": {"name": "Taken with GPS Device"}, "coordinates": "{\"type\": \"Point\", \"coordinates\": [36.78999, -1.31332]}", "facility": {"code": 13035}}, {"collection_date": "2015-08-19T15:01:55.625672+00:00", "source": {"name": "DHMT"}, "method": {"name": "Taken with GPS Device"}, "coordinates": "{\"type\": \"Point\", \"coordinates\": [38.05008, -0.59346]}", "facility": {"code": 12661}}, {"collection_date": "2015-08-19T15:01:55.607889+00:00", "source": {"name": "MFL RRI EEXERCISE by DHRIO"}, "method": {"name": "Taken with GPS Device"}, "coordinates": "{\"type\": \"Point\", \"coordinates\": [34.94694, -0.7799]}", "facility": {"code": 13595}}, {"collection_date": "2015-08-19T15:01:55.594753+00:00", "source": {"name": "GPS"}, "method": {"name": "Taken with GPS Device"}, "coordinates": "{\"type\": \"Point\", \"coordinates\": [34.74822, 0.89057]}", "facility": {"code": 15924}}, {"collection_date": "2015-08-19T15:01:55.497186+00:00", "source": {"name": "Sublocation Centroid Exercise of MOH/ICF Macro"}, "method": {"name": "Taken with GPS Device"}, "coordinates": "{\"type\": \"Point\", \"coordinates\": [36.73671, -1.00315]}", "facility": {"code": 10413}}, {"collection_date": "2015-08-19T15:01:55.364614+00:00", "source": {"name": "Cold Chain Inventory (MoH/PATH/WHO) - Feb 2011"}, "method": {"name": "Taken with GPS Device"}, "coordinates": "{\"type\": \"Point\", \"coordinates\": [37.57075, -0.42404]}", "facility": {"code": 12768}}, {"collection_date": "2015-08-19T15:01:55.364614+00:00", "source": {"name": "DHMT"}, "method": {"name": "Taken with GPS Device"}, "coordinates": "{\"type\": \"Point\", \"coordinates\": [36.8012, -1.28558]}", "facility": {"code": 13232}}, {"collection_date": "2015-08-19T15:01:55.360842+00:00", "source": {"name": "DHMT"}, "method": {"name": "Taken with GPS Device"}, "coordinates": "{\"type\": \"Point\", \"coordinates\": [39.48281, -3.87494]}", "facility": {"code": 11529}}, {"collection_date": "2015-08-19T15:01:55.311558+00:00", "source": {"name": "Cold Chain Inventory (MoH/PATH/WHO) - Feb 2011"}, "method": {"name": "Taken with GPS Device"}, "coordinates": "{\"type\": \"Point\", \"coordinates\": [34.80357, -0.45299]}", "facility": {"code": 13981}}, {"collection_date": "2015-08-19T15:01:54.999484+00:00", "source": {"name": "DHMT"}, "method": {"name": "Taken with GPS Device"}, "coordinates": "{\"type\": \"Point\", \"coordinates\": [39.73872, -3.94795]}", "facility": {"code": 11672}}, {"collection_date": "2015-08-19T15:01:54.828533+00:00", "source": {"name": "KEMRI GIS MERGE"}, "method": {"name": "Taken with GPS Device"}, "coordinates": "{\"type\": \"Point\", \"coordinates\": [39.2762, -4.57561]}", "facility": {"code": 11544}}, {"collection_date": "2015-08-19T15:01:54.827455+00:00", "source": {"name": "DHMT"}, "method": {"name": "Taken with GPS Device"}, "coordinates": "{\"type\": \"Point\", \"coordinates\": [36.707, -1.32305]}", "facility": {"code": 12945}}, {"collection_date": "2015-08-19T15:01:54.819293+00:00", "source": {"name": "MFL"}, "method": {"name": "Taken with GPS Device"}, "coordinates": "{\"type\": \"Point\", \"coordinates\": [34.61985, -0.50578]}", "facility": {"code": 13769}}, {"collection_date": "2015-08-19T15:01:54.812886+00:00", "source": {"name": "Sublocation Centroid Exercise of MOH/ICF Macro"}, "method": {"name": "Other"}, "coordinates": "{\"type\": \"Point\", \"coordinates\": [36.858, -1.25756]}", "facility": {"code": 13128}}, {"collection_date": "2015-08-19T15:01:54.659793+00:00", "source": {"name": "Cold Chain Inventory (MoH/PATH/WHO) - Feb 2011"}, "method": {"name": "Taken with GPS Device"}, "coordinates": "{\"type\": \"Point\", \"coordinates\": [34.17344, -1.00658]}", "facility": {"code": 14001}}, {"collection_date": "2015-08-19T15:01:54.481855+00:00", "source": {"name": "Cold Chain Inventory (MoH/PATH/WHO) - Feb 2011"}, "method": {"name": "Taken with GPS Device"}, "coordinates": "{\"type\": \"Point\", \"coordinates\": [34.75253, -0.10073]}", "facility": {"code": 13596}}, {"collection_date": "2015-08-19T15:01:54.481574+00:00", "source": {"name": "Sublocation Centroid Exercise of MOH/ICF Macro"}, "method": {"name": "Other"}, "coordinates": "{\"type\": \"Point\", \"coordinates\": [36.65777, -1.20102]}", "facility": {"code": 10654}}, {"collection_date": "2015-08-19T15:01:54.470454+00:00", "source": {"name": "DHMT"}, "method": {"name": "Taken with GPS Device"}, "coordinates": "{\"type\": \"Point\", \"coordinates\": [34.66381, -0.02097]}", "facility": {"code": 14046}}, {"collection_date": "2015-08-19T15:01:54.466832+00:00", "source": {"name": "Sublocation Centroid Exercise of MOH/ICF Macro"}, "method": {"name": "Taken with GPS Device"}, "coordinates": "{\"type\": \"Point\", \"coordinates\": [39.68397, -4.02771]}", "facility": {"code": 11634}}, {"collection_date": "2015-08-19T15:01:54.452915+00:00", "source": {"name": "Reception"}, "method": {"name": "Taken with GPS Device"}, "coordinates": "{\"type\": \"Point\", \"coordinates\": [38.51505, -1.31745]}", "facility": {"code": 12008}}, {"collection_date": "2015-08-19T15:01:54.282805+00:00", "source": {"name": "DHMT"}, "method": {"name": "Taken with GPS Device"}, "coordinates": "{\"type\": \"Point\", \"coordinates\": [36.7831, -1.30683]}", "facility": {"code": 13026}}, {"collection_date": "2015-08-19T15:01:54.282769+00:00", "source": {"name": "Sublocation Centroid Exercise of MOH/ICF Macro"}, "method": {"name": "Other"}, "coordinates": "{\"type\": \"Point\", \"coordinates\": [36.821, -1.2852]}", "facility": {"code": 12939}}, {"collection_date": "2015-08-19T15:01:54.282635+00:00", "source": {"name": "HMIS OFFICE"}, "method": {"name": "Taken with GPS Device"}, "coordinates": "{\"type\": \"Point\", \"coordinates\": [40.19368, -2.46871]}", "facility": {"code": 11725}}, {"collection_date": "2015-08-19T15:01:54.282593+00:00", "source": {"name": "SARAM 2013"}, "method": {"name": "Taken with GPS Device"}, "coordinates": "{\"type\": \"Point\", \"coordinates\": [34.81338, 0.33467]}", "facility": {"code": 15907}}, {"collection_date": "2015-08-19T15:01:53.795589+00:00", "source": {"name": "KEMRI GIS MERGE"}, "method": {"name": "Calc from proximity to school, village,markets"}, "coordinates": "{\"type\": \"Point\", \"coordinates\": [34.860585, 0.724645]}", "facility": {"code": 16125}}, {"collection_date": "2015-08-19T15:01:53.572781+00:00", "source": {"name": "DHMT"}, "method": {"name": "Taken with GPS Device"}, "coordinates": "{\"type\": \"Point\", \"coordinates\": [34.84461, -0.09891]}", "facility": {"code": 14106}}, {"collection_date": "2015-08-19T15:01:53.570526+00:00", "source": {"name": "KEMRI GIS MERGE"}, "method": {"name": "Taken with GPS Device"}, "coordinates": "{\"type\": \"Point\", \"coordinates\": [36.76442, -0.28565]}", "facility": {"code": 11178}}, {"collection_date": "2015-08-19T15:01:53.564472+00:00", "source": {"name": "DHMT"}, "method": {"name": "Taken with GPS Device"}, "coordinates": "{\"type\": \"Point\", \"coordinates\": [37.64397, -0.01727]}", "facility": {"code": 12510}}, {"collection_date": "2015-08-19T15:01:53.561723+00:00", "source": {"name": "GPS"}, "method": {"name": "Taken with GPS Device"}, "coordinates": "{\"type\": \"Point\", \"coordinates\": [36.65005, -1.02406]}", "facility": {"code": 10265}}, {"collection_date": "2015-08-19T15:01:53.550394+00:00", "source": {"name": "DHMT"}, "method": {"name": "Taken with GPS Device"}, "coordinates": "{\"type\": \"Point\", \"coordinates\": [36.82005, -1.30773]}", "facility": {"code": 12953}}, {"collection_date": "2015-08-19T15:01:53.359023+00:00", "source": {"name": "Cold Chain Inventory (MoH/PATH/WHO) - Feb 2011"}, "method": {"name": "Taken with GPS Device"}, "coordinates": "{\"type\": \"Point\", \"coordinates\": [34.91885, -0.4177]}", "facility": {"code": 16877}}], "model": "mfl_gis.FacilityCoordinates", "unique_fields": ["facility"]}]