[{"records": [{"collection_date": "2015-08-19T15:01:49.431136+00:00", "source": {"name": "DHMT"}, "method": {"name": "Taken with GPS Device"}, "coordinates": "{\"type\": \"Point\", \"coordinates\": [39.7038, -3.7925]}", "facility": {"code": 11826}}, {"collection_date": "2015-08-19T15:01:49.384705+00:00", "source": {"name": "KEMRI GIS MERGE"}, "method": {"name": "Taken with GPS Device"}, "coordinates": "{\"type\": \"Point\", \"coordinates\": [37.1221, -0.48151]}", "facility": {"code": 10484}}, {"collection_date": "2015-08-19T15:01:49.376018+00:00", "source": {"name": "SARAM 2013"}, "method": {"name": "Taken with GPS Device"}, "coordinates": "{\"type\": \"Point\", \"coordinates\": [34.98804, -0.8623]}", "facility": {"code": 14099}}, {"collection_date": "2015-08-19T15:01:49.352430+00:00", "source": {"name": "Sublocation Centroid Exercise of MOH/ICF Macro"}, "method": {"name": "Other"}, "coordinates": "{\"type\": \"Point\", \"coordinates\": [35.6115, -0.580581]}", "facility": {"code": 14925}}, {"collection_date": "2015-08-19T15:01:49.337343+00:00", "source": {"name": "DHRIO"}, "method": {"name": "Taken with GPS Device"}, "coordinates": "{\"type\": \"Point\", \"coordinates\": [38.01706, -0.01172]}", "facility": {"code": 12024}}, {"collection_date": "2015-08-19T15:01:49.306232+00:00", "source": {"name": "KEMRI GIS MERGE"}, "method": {"name": "Calc from proximity to school, village,markets"}, "coordinates": "{\"type\": \"Point\", \"coordinates\": [36.790546, -1.832503]}", "facility": {"code": 14534}}, {"collection_date": "2015-08-19T15:01:49.184720+00:00", "source": {"name": "Cold Chain Inventory (MoH/PATH/WHO) - Feb 2011"}, "method": {"name": "Taken with GPS Device"}, "coordinates": "{\"type\": \"Point\", \"coordinates\": [36.73992, 1.03558]}", "facility": {"code": 15017}}, {"collection_date": "2015-08-19T15:01:49.177282+00:00", "source": {"name": "Cold Chain Inventory (MoH/PATH/WHO) - Feb 2011"}, "method": {"name": "Taken with GPS Device"}, "coordinates": "{\"type\": \"Point\", \"coordinates\": [38.24428, 0.2577]}", "facility": {"code": 12709}}, {"collection_date": "2015-08-19T15:01:49.162905+00:00", "source": {"name": "Sublocation Centroid Exercise of MOH/ICF Macro"}, "method": {"name": "Other"}, "coordinates": "{\"type\": \"Point\", \"coordinates\": [36.9211, -1.26843]}", "facility": {"code": 13063}}, {"collection_date": "2015-08-19T15:01:49.150588+00:00", "source": {"name": "KEMRI GIS MERGE"}, "method": {"name": "Calc from 1:50,000 scale topographic maps"}, "coordinates": "{\"type\": \"Point\", \"coordinates\": [36.98231, -0.52123]}", "facility": {"code": 10495}}, {"collection_date": "2015-08-19T15:01:49.149437+00:00", "source": {"name": "Sublocation Centroid Exercise of MOH/ICF Macro"}, "method": {"name": "Other"}, "coordinates": "{\"type\": \"Point\", \"coordinates\": [37.0397, -0.528342]}", "facility": {"code": 10235}}, {"collection_date": "2015-08-19T15:01:48.928333+00:00", "source": {"name": "DHMT"}, "method": {"name": "Taken with GPS Device"}, "coordinates": "{\"type\": \"Point\", \"coordinates\": [34.82331, -0.42549]}", "facility": {"code": 13784}}, {"collection_date": "2015-08-19T15:01:48.926692+00:00", "source": {"name": "Cold Chain Inventory (MoH/PATH/WHO) - Feb 2011"}, "method": {"name": "Taken with GPS Device"}, "coordinates": "{\"type\": \"Point\", \"coordinates\": [37.55555, -0.4504]}", "facility": {"code": 16853}}, {"collection_date": "2015-08-19T15:01:48.886020+00:00", "source": {"name": "SARAM 2013"}, "method": {"name": "Taken with GPS Device"}, "coordinates": "{\"type\": \"Point\", \"coordinates\": [34.92656, 0.32314]}", "facility": {"code": 16718}}, {"collection_date": "2015-08-19T15:01:48.763075+00:00", "source": {"name": "KEMRI GIS MERGE"}, "method": {"name": "Calc from 1:50,000 scale topographic maps"}, "coordinates": "{\"type\": \"Point\", \"coordinates\": [37.13234, -0.39132]}", "facility": {"code": 10282}}, {"collection_date": "2015-08-19T15:01:48.762704+00:00", "source": {"name": "DHMT"}, "method": {"name": "Taken with GPS Device"}, "coordinates": "{\"type\": \"Point\", \"coordinates\": [37.24644, -0.4559]}", "facility": {"code": 10478}}, {"collection_date": "2015-08-19T15:01:48.551083+00:00", "source": {"name": "DHMT"}, "method": {"name": "Taken with GPS Device"}, "coordinates": "{\"type\": \"Point\", \"coordinates\": [37.59032, -0.00213]}", "facility": {"code": 12280}}, {"collection_date": "2015-08-19T15:01:48.550988+00:00", "source": {"name": "DHRIO Nyando"}, "method": {"name": "Taken with GPS Device"}, "coordinates": "{\"type\": \"Point\", \"coordinates\": [35.18199, -0.03911]}", "facility": {"code": 13687}}, {"collection_date": "2015-08-19T15:01:48.416270+00:00", "source": {"name": "SARAM 2013"}, "method": {"name": "Taken with GPS Device"}, "coordinates": "{\"type\": \"Point\", \"coordinates\": [34.81428, 0.22351]}", "facility": {"code": 16716}}, {"collection_date": "2015-08-19T15:01:48.171862+00:00", "source": {"name": "Cold Chain Inventory (MoH/PATH/WHO) - Feb 2011"}, "method": {"name": "Taken with GPS Device"}, "coordinates": "{\"type\": \"Point\", \"coordinates\": [37.05713, -0.27376]}", "facility": {"code": 10855}}, {"collection_date": "2015-08-19T15:01:48.171733+00:00", "source": {"name": "Sublocation Centroid Exercise of MOH/ICF Macro"}, "method": {"name": "Taken with GPS Device"}, "coordinates": "{\"type\": \"Point\", \"coordinates\": [37.2605, -2.17492]}", "facility": {"code": 14852}}, {"collection_date": "2015-08-19T15:01:47.960537+00:00", "source": {"name": "Sublocation Centroid Exercise of MOH/ICF Macro"}, "method": {"name": "Taken with GPS Device"}, "coordinates": "{\"type\": \"Point\", \"coordinates\": [35.96688, -0.53617]}", "facility": {"code": 16684}}, {"collection_date": "2015-08-19T15:01:47.960537+00:00", "source": {"name": "Sublocation Centroid Exercise of MOH/ICF Macro"}, "method": {"name": "Other"}, "coordinates": "{\"type\": \"Point\", \"coordinates\": [36.9696, -0.962412]}", "facility": {"code": 10480}}, {"collection_date": "2015-08-19T15:01:47.959742+00:00", "source": {"name": "DHMT"}, "method": {"name": "Taken with GPS Device"}, "coordinates": "{\"type\": \"Point\", \"coordinates\": [37.82033, -1.5896]}", "facility": {"code": 12677}}, {"collection_date": "2015-08-19T15:01:47.625949+00:00", "source": {"name": "MOPHS"}, "method": {"name": "Taken with GPS Device"}, "coordinates": "{\"type\": \"Point\", \"coordinates\": [37.23757, 0.08384]}", "facility": {"code": 12801}}, {"collection_date": "2015-08-19T15:01:47.572840+00:00", "source": {"name": "DHMT"}, "method": {"name": "Taken with GPS Device"}, "coordinates": "{\"type\": \"Point\", \"coordinates\": [37.18441, -0.62106]}", "facility": {"code": 10266}}, {"collection_date": "2015-08-19T15:01:47.372203+00:00", "source": {"name": "KEMRI GIS MERGE"}, "method": {"name": "Taken with GPS Device"}, "coordinates": "{\"type\": \"Point\", \"coordinates\": [35.98762, -0.47659]}", "facility": {"code": 15262}}, {"collection_date": "2015-08-19T15:01:47.372154+00:00", "source": {"name": "DHMT"}, "method": {"name": "Taken with GPS Device"}, "coordinates": "{\"type\": \"Point\", \"coordinates\": [37.9844, -0.42161]}", "facility": {"code": 12383}}, {"collection_date": "2015-08-19T15:01:47.371491+00:00", "source": {"name": "MFL RRI"}, "method": {"name": "Taken with GPS Device"}, "coordinates": "{\"type\": \"Point\", \"coordinates\": [35.05137, -0.58546]}", "facility": {"code": 14100}}, {"collection_date": "2015-08-19T15:01:47.137702+00:00", "source": {"name": "Sublocation Centroid Exercise of MOH/ICF Macro"}, "method": {"name": "Other"}, "coordinates": "{\"type\": \"Point\", \"coordinates\": [34.276, -0.326112]}", "facility": {"code": 14126}}, {"collection_date": "2015-08-19T15:01:46.965659+00:00", "source": {"name": "MFL RRI"}, "method": {"name": "Taken with GPS Device"}, "coordinates": "{\"type\": \"Point\", \"coordinates\": [35.0272, -0.73688]}", "facility": {"code": 13794}}, {"collection_date": "2015-08-19T15:01:46.786186+00:00", "source": {"name": "Sublocation Centroid Exercise of MOH/ICF Macro"}, "method": {"name": "Taken with GPS Device"}, "coordinates": "{\"type\": \"Point\", \"coordinates\": [37.34899, 0.06661]}", "facility": {"code": 12003}}, {"collection_date": "2015-08-19T15:01:46.786140+00:00", "source": {"name": "SARAM 2013"}, "method": {"name": "Taken with GPS Device"}, "coordinates": "{\"type\": \"Point\", \"coordinates\": [36.60764, -0.47212]}", "facility": {"code": 10245}}, {"collection_date": "2015-08-19T15:01:46.785745+00:00", "source": {"name": "Sublocation Centroid Exercise of MOH/ICF Macro"}, "method": {"name": "Taken with GPS Device"}, "coordinates": "{\"type\": \"Point\", \"coordinates\": [35.63753, -0.44653]}", "facility": {"code": 16395}}, {"collection_date": "2015-08-19T15:01:46.557671+00:00", "source": {"name": "Cold Chain Inventory (MoH/PATH/WHO) - Feb 2011"}, "method": {"name": "Taken with GPS Device"}, "coordinates": "{\"type\": \"Point\", \"coordinates\": [34.29315, 0.16325]}", "facility": {"code": 14123}}, {"collection_date": "2015-08-19T15:01:46.335937+00:00", "source": {"name": "BOGITA"}, "method": {"name": "Taken with GPS Device"}, "coordinates": "{\"type\": \"Point\", \"coordinates\": [34.93415, -0.57212]}", "facility": {"code": 13911}}, {"collection_date": "2015-08-19T15:01:46.269203+00:00", "source": {"name": "MFL RRI EEXERCISE by DHRIO"}, "method": {"name": "Taken with GPS Device"}, "coordinates": "{\"type\": \"Point\", \"coordinates\": [34.80801, -0.69771]}", "facility": {"code": 13541}}, {"collection_date": "2015-08-19T15:01:46.125999+00:00", "source": {"name": "DHMT"}, "method": {"name": "Taken with GPS Device"}, "coordinates": "{\"type\": \"Point\", \"coordinates\": [37.8768, -2.86835]}", "facility": {"code": 14569}}, {"collection_date": "2015-08-19T15:01:46.125885+00:00", "source": {"name": "DHMT"}, "method": {"name": "Taken with GPS Device"}, "coordinates": "{\"type\": \"Point\", \"coordinates\": [36.77825, -1.31794]}", "facility": {"code": 13255}}, {"collection_date": "2015-08-19T15:01:46.082276+00:00", "source": {"name": "KEMRI GIS MERGE"}, "method": {"name": "Taken with GPS Device"}, "coordinates": "{\"type\": \"Point\", \"coordinates\": [36.96232, -0.93877]}", "facility": {"code": 10207}}, {"collection_date": "2015-08-19T15:01:45.903681+00:00", "source": {"name": "DHMT"}, "method": {"name": "Taken with GPS Device"}, "coordinates": "{\"type\": \"Point\", \"coordinates\": [37.03161, -0.37097]}", "facility": {"code": 10579}}, {"collection_date": "2015-08-19T15:01:45.827554+00:00", "source": {"name": "DHRIO"}, "method": {"name": "Taken with GPS Device"}, "coordinates": "{\"type\": \"Point\", \"coordinates\": [35.1173, 0.34377]}", "facility": {"code": 14326}}, {"collection_date": "2015-08-19T15:01:45.826723+00:00", "source": {"name": "KEMRI GIS MERGE"}, "method": {"name": "Taken with GPS Device"}, "coordinates": "{\"type\": \"Point\", \"coordinates\": [35.96225, -0.51792]}", "facility": {"code": 15159}}, {"collection_date": "2015-08-19T15:01:45.639996+00:00", "source": {"name": "Sublocation Centroid Exercise of MOH/ICF Macro"}, "method": {"name": "Taken with GPS Device"}, "coordinates": "{\"type\": \"Point\", \"coordinates\": [36.74133, -1.00341]}", "facility": {"code": 10018}}, {"collection_date": "2015-08-19T15:01:45.639754+00:00", "source": {"name": "KEMRI GIS MERGE"}, "method": {"name": "Taken with GPS Device"}, "coordinates": "{\"type\": \"Point\", \"coordinates\": [36.85731, -0.69281]}", "facility": {"code": 10637}}, {"collection_date": "2015-08-19T15:01:45.580600+00:00", "source": {"name": "Cold Chain Inventory (MoH/PATH/WHO) - Feb 2011"}, "method": {"name": "Taken with GPS Device"}, "coordinates": "{\"type\": \"Point\", \"coordinates\": [37.4752, -0.44278]}", "facility": {"code": 12005}}, {"collection_date": "2015-08-19T15:01:45.337327+00:00", "source": {"name": "Cold Chain Inventory (MoH/PATH/WHO) - Feb 2011"}, "method": {"name": "Taken with GPS Device"}, "coordinates": "{\"type\": \"Point\", \"coordinates\": [34.62989, -0.36474]}", "facility": {"code": 14089}}, {"collection_date": "2015-08-19T15:01:45.337301+00:00", "source": {"name": "SARAM 2013"}, "method": {"name": "Taken with GPS Device"}, "coordinates": "{\"type\": \"Point\", \"coordinates\": [37.60475, -0.39413]}", "facility": {"code": 16854}}, {"collection_date": "2015-08-19T15:01:45.151682+00:00", "source": {"name": "Cold Chain Inventory (MoH/PATH/WHO) - Feb 2011"}, "method": {"name": "Taken with GPS Device"}, "coordinates": "{\"type\": \"Point\", \"coordinates\": [34.69433, -0.58861]}", "facility": {"code": 14109}}, {"collection_date": "2015-08-19T15:01:45.151079+00:00", "source": {"name": "Sublocation Centroid Exercise of MOH/ICF Macro"}, "method": {"name": "Other"}, "coordinates": "{\"type\": \"Point\", \"coordinates\": [36.9038, -1.20244]}", "facility": {"code": 12895}}, {"collection_date": "2015-08-19T15:01:45.106480+00:00", "source": {"name": "KEMRI GIS MERGE"}, "method": {"name": "Taken with GPS Device"}, "coordinates": "{\"type\": \"Point\", \"coordinates\": [37.25127, 0.07427]}", "facility": {"code": 12293}}, {"collection_date": "2015-08-19T15:01:44.868212+00:00", "source": {"name": "KEMRI GIS MERGE"}, "method": {"name": "Taken with GPS Device"}, "coordinates": "{\"type\": \"Point\", \"coordinates\": [34.196711, -0.872471]}", "facility": {"code": 13741}}, {"collection_date": "2015-08-19T15:01:44.868162+00:00", "source": {"name": "SARAM 2013"}, "method": {"name": "Taken with GPS Device"}, "coordinates": "{\"type\": \"Point\", \"coordinates\": [34.88341, -0.83124]}", "facility": {"code": 13683}}, {"collection_date": "2015-08-19T15:01:44.601782+00:00", "source": {"name": "DHMT"}, "method": {"name": "Taken with GPS Device"}, "coordinates": "{\"type\": \"Point\", \"coordinates\": [36.8064, -1.29483]}", "facility": {"code": 12966}}, {"collection_date": "2015-08-19T15:01:44.600115+00:00", "source": {"name": "Sublocation Centroid Exercise of MOH/ICF Macro"}, "method": {"name": "Taken with GPS Device"}, "coordinates": "{\"type\": \"Point\", \"coordinates\": [37.16005, -0.41459]}", "facility": {"code": 10247}}, {"collection_date": "2015-08-19T15:01:44.419656+00:00", "source": {"name": "Cold Chain Inventory (MoH/PATH/WHO) - Feb 2011"}, "method": {"name": "Taken with GPS Device"}, "coordinates": "{\"type\": \"Point\", \"coordinates\": [34.28948, -1.10196]}", "facility": {"code": 13960}}, {"collection_date": "2015-08-19T15:01:44.001684+00:00", "source": {"name": "KEMRI GIS MERGE"}, "method": {"name": "Taken with GPS Device"}, "coordinates": "{\"type\": \"Point\", \"coordinates\": [36.02481, -0.39356]}", "facility": {"code": 15474}}, {"collection_date": "2015-08-19T15:01:44.001507+00:00", "source": {"name": "DHMT"}, "method": {"name": "Taken with GPS Device"}, "coordinates": "{\"type\": \"Point\", \"coordinates\": [39.691999, -3.5426206]}", "facility": {"code": 11383}}, {"collection_date": "2015-08-19T15:01:43.799477+00:00", "source": {"name": "DHRIO office"}, "method": {"name": "Taken with GPS Device"}, "coordinates": "{\"type\": \"Point\", \"coordinates\": [34.93101, -0.38434]}", "facility": {"code": 13881}}, {"collection_date": "2015-08-19T15:01:43.747769+00:00", "source": {"name": "KEMRI GIS MERGE"}, "method": {"name": "Taken with GPS Device"}, "coordinates": "{\"type\": \"Point\", \"coordinates\": [36.85572, -1.2553]}", "facility": {"code": 13246}}, {"collection_date": "2015-08-19T15:01:43.747735+00:00", "source": {"name": "Sublocation Centroid Exercise of MOH/ICF Macro"}, "method": {"name": "Other"}, "coordinates": "{\"type\": \"Point\", \"coordinates\": [37.1546, -0.498076]}", "facility": {"code": 16817}}, {"collection_date": "2015-08-19T15:01:43.359669+00:00", "source": {"name": "DHM"}, "method": {"name": "Taken with GPS Device"}, "coordinates": "{\"type\": \"Point\", \"coordinates\": [36.8629, -0.61066]}", "facility": {"code": 10432}}, {"collection_date": "2015-08-19T15:01:43.336042+00:00", "source": {"name": "Cold Chain Inventory (MoH/PATH/WHO) - Feb 2011"}, "method": {"name": "Taken with GPS Device"}, "coordinates": "{\"type\": \"Point\", \"coordinates\": [34.77343, -0.75259]}", "facility": {"code": 13882}}, {"collection_date": "2015-08-19T15:01:43.334757+00:00", "source": {"name": "DHMT"}, "method": {"name": "Taken with GPS Device"}, "coordinates": "{\"type\": \"Point\", \"coordinates\": [37.39322, -0.41832]}", "facility": {"code": 10232}}, {"collection_date": "2015-08-19T15:01:43.225473+00:00", "source": {"name": "Sublocation Centroid Exercise of MOH/ICF Macro"}, "method": {"name": "Taken with GPS Device"}, "coordinates": "{\"type\": \"Point\", \"coordinates\": [36.94219, 0.27961]}", "facility": {"code": 15405}}, {"collection_date": "2015-08-19T15:01:43.223986+00:00", "source": {"name": "Sublocation Centroid Exercise of MOH/ICF Macro"}, "method": {"name": "Other"}, "coordinates": "{\"type\": \"Point\", \"coordinates\": [36.9038, -1.20244]}", "facility": {"code": 13261}}, {"collection_date": "2015-08-19T15:01:42.984705+00:00", "source": {"name": "Cold Chain Inventory (MoH/PATH/WHO) - Feb 2011"}, "method": {"name": "Taken with GPS Device"}, "coordinates": "{\"type\": \"Point\", \"coordinates\": [37.72964, -0.50326]}", "facility": {"code": 12164}}, {"collection_date": "2015-08-19T15:01:42.835440+00:00", "source": {"name": "DHMT"}, "method": {"name": "Taken with GPS Device"}, "coordinates": "{\"type\": \"Point\", \"coordinates\": [36.7678, -1.28101]}", "facility": {"code": 12951}}, {"collection_date": "2015-08-19T15:01:42.825367+00:00", "source": {"name": "DHMT"}, "method": {"name": "Taken with GPS Device"}, "coordinates": "{\"type\": \"Point\", \"coordinates\": [36.7391, -1.27104]}", "facility": {"code": 13209}}, {"collection_date": "2015-08-19T15:01:42.813555+00:00", "source": {"name": "SARAM 2013"}, "method": {"name": "Taken with GPS Device"}, "coordinates": "{\"type\": \"Point\", \"coordinates\": [35.60361, -0.62334]}", "facility": {"code": 14447}}, {"collection_date": "2015-08-19T15:01:42.812287+00:00", "source": {"name": "Cold Chain Inventory (MoH/PATH/WHO) - Feb 2011"}, "method": {"name": "Taken with GPS Device"}, "coordinates": "{\"type\": \"Point\", \"coordinates\": [37.70269, -0.41924]}", "facility": {"code": 12100}}, {"collection_date": "2015-08-19T15:01:42.772719+00:00", "source": {"name": "DHMT"}, "method": {"name": "Taken with GPS Device"}, "coordinates": "{\"type\": \"Point\", \"coordinates\": [39.9285, -3.38952]}", "facility": {"code": 11580}}, {"collection_date": "2015-08-19T15:01:42.616903+00:00", "source": {"name": "Sublocation Centroid Exercise of MOH/ICF Macro"}, "method": {"name": "Other"}, "coordinates": "{\"type\": \"Point\", \"coordinates\": [36.9633, -1.23264]}", "facility": {"code": 13085}}, {"collection_date": "2015-08-19T15:01:42.445714+00:00", "source": {"name": "Cold Chain Inventory (MoH/PATH/WHO) - Feb 2011"}, "method": {"name": "Taken with GPS Device"}, "coordinates": "{\"type\": \"Point\", \"coordinates\": [37.55271, -0.47344]}", "facility": {"code": 12791}}, {"collection_date": "2015-08-19T15:01:42.411156+00:00", "source": {"name": "Cold Chain Inventory (MoH/PATH/WHO) - Feb 2011"}, "method": {"name": "Taken with GPS Device"}, "coordinates": "{\"type\": \"Point\", \"coordinates\": [36.3286, -0.03916]}", "facility": {"code": 10911}}, {"collection_date": "2015-08-19T15:01:42.407505+00:00", "source": {"name": "MFL RRI"}, "method": {"name": "Taken with GPS Device"}, "coordinates": "{\"type\": \"Point\", \"coordinates\": [35.06147, -0.81482]}", "facility": {"code": 13645}}, {"collection_date": "2015-08-19T15:01:42.406968+00:00", "source": {"name": "GIS"}, "method": {"name": "Taken with GPS Device"}, "coordinates": "{\"type\": \"Point\", \"coordinates\": [34.8334, -0.66495]}", "facility": {"code": 13666}}, {"collection_date": "2015-08-19T15:01:42.247732+00:00", "source": {"name": "Cold Chain Inventory (MoH/PATH/WHO) - Feb 2011"}, "method": {"name": "Taken with GPS Device"}, "coordinates": "{\"type\": \"Point\", \"coordinates\": [34.36853, -0.73072]}", "facility": {"code": 13509}}, {"collection_date": "2015-08-19T15:01:42.012668+00:00", "source": {"name": "DHMT"}, "method": {"name": "Taken with GPS Device"}, "coordinates": "{\"type\": \"Point\", \"coordinates\": [36.6911, -1.31064]}", "facility": {"code": 13221}}, {"collection_date": "2015-08-19T15:01:41.958201+00:00", "source": {"name": "John Monyancha"}, "method": {"name": "Taken with GPS Device"}, "coordinates": "{\"type\": \"Point\", \"coordinates\": [34.9543, -0.51132]}", "facility": {"code": 13551}}, {"collection_date": "2015-08-19T15:01:41.952488+00:00", "source": {"name": "DHMT"}, "method": {"name": "Taken with GPS Device"}, "coordinates": "{\"type\": \"Point\", \"coordinates\": [37.20576, -0.51872]}", "facility": {"code": 10531}}, {"collection_date": "2015-08-19T15:01:41.939564+00:00", "source": {"name": "Sublocation Centroid Exercise of MOH/ICF Macro"}, "method": {"name": "Other"}, "coordinates": "{\"type\": \"Point\", \"coordinates\": [34.6726, 0.148298]}", "facility": {"code": 16714}}, {"collection_date": "2015-08-19T15:01:41.810703+00:00", "source": {"name": "DHMT"}, "method": {"name": "Taken with GPS Device"}, "coordinates": "{\"type\": \"Point\", \"coordinates\": [36.76575, -1.30125]}", "facility": {"code": 12979}}, {"collection_date": "2015-08-19T15:01:41.757277+00:00", "source": {"name": "Sublocation Centroid Exercise of MOH/ICF Macro"}, "method": {"name": "Taken with GPS Device"}, "coordinates": "{\"type\": \"Point\", \"coordinates\": [37.95401, -0.00596]}", "facility": {"code": 12793}}, {"collection_date": "2015-08-19T15:01:41.748806+00:00", "source": {"name": "DHMT"}, "method": {"name": "Taken with GPS Device"}, "coordinates": "{\"type\": \"Point\", \"coordinates\": [36.28434, -0.36203]}", "facility": {"code": 10473}}, {"collection_date": "2015-08-19T15:01:41.729005+00:00", "source": {"name": "John Monyancha"}, "method": {"name": "Taken with GPS Device"}, "coordinates": "{\"type\": \"Point\", \"coordinates\": [34.96636, -0.59578]}", "facility": {"code": 13860}}, {"collection_date": "2015-08-19T15:01:41.616823+00:00", "source": {"name": "DHMT"}, "method": {"name": "Taken with GPS Device"}, "coordinates": "{\"type\": \"Point\", \"coordinates\": [37.67148, -2.84124]}", "facility": {"code": 15012}}, {"collection_date": "2015-08-19T15:01:41.614611+00:00", "source": {"name": "Sublocation Centroid Exercise of MOH/ICF Macro"}, "method": {"name": "Other"}, "coordinates": "{\"type\": \"Point\", \"coordinates\": [36.858, -1.25756]}", "facility": {"code": 12881}}, {"collection_date": "2015-08-19T15:01:41.524264+00:00", "source": {"name": "DHMT"}, "method": {"name": "Taken with GPS Device"}, "coordinates": "{\"type\": \"Point\", \"coordinates\": [37.73186, -0.08485]}", "facility": {"code": 12557}}, {"collection_date": "2015-08-19T15:01:41.518519+00:00", "source": {"name": "MOH"}, "method": {"name": "Taken with GPS Device"}, "coordinates": "{\"type\": \"Point\", \"coordinates\": [40.00334, -3.26951]}", "facility": {"code": 11610}}, {"collection_date": "2015-08-19T15:01:41.372086+00:00", "source": {"name": "DHMT"}, "method": {"name": "Taken with GPS Device"}, "coordinates": "{\"type\": \"Point\", \"coordinates\": [39.5677, -4.27434]}", "facility": {"code": 11304}}, {"collection_date": "2015-08-19T15:01:41.369394+00:00", "source": {"name": "KEMRI GIS MERGE"}, "method": {"name": "Taken with GPS Device"}, "coordinates": "{\"type\": \"Point\", \"coordinates\": [34.81869, -0.58515]}", "facility": {"code": 13871}}, {"collection_date": "2015-08-19T15:01:41.357602+00:00", "source": {"name": "Taken by DHRIO"}, "method": {"name": "Taken with GPS Device"}, "coordinates": "{\"type\": \"Point\", \"coordinates\": [38.07533, -2.59388]}", "facility": {"code": 12090}}, {"collection_date": "2015-08-19T15:01:41.270037+00:00", "source": {"name": "KEMRI GIS MERGE"}, "method": {"name": "Taken with GPS Device"}, "coordinates": "{\"type\": \"Point\", \"coordinates\": [37.00549, -1.33774]}", "facility": {"code": 12217}}, {"collection_date": "2015-08-19T15:01:41.259053+00:00", "source": {"name": "Sublocation Centroid Exercise of MOH/ICF Macro"}, "method": {"name": "Other"}, "coordinates": "{\"type\": \"Point\", \"coordinates\": [36.74152, -1.30268]}", "facility": {"code": 13210}}, {"collection_date": "2015-08-19T15:01:41.146677+00:00", "source": {"name": "DHMT"}, "method": {"name": "Taken with GPS Device"}, "coordinates": "{\"type\": \"Point\", \"coordinates\": [34.8209, -0.06744]}", "facility": {"code": 13579}}, {"collection_date": "2015-08-19T15:01:41.146634+00:00", "source": {"name": "Cold Chain Inventory (MoH/PATH/WHO) - Feb 2011"}, "method": {"name": "Taken with GPS Device"}, "coordinates": "{\"type\": \"Point\", \"coordinates\": [37.47591, -0.39455]}", "facility": {"code": 12332}}, {"collection_date": "2015-08-19T15:01:41.145686+00:00", "source": {"name": "Sublocation Centroid Exercise of MOH/ICF Macro"}, "method": {"name": "Other"}, "coordinates": "{\"type\": \"Point\", \"coordinates\": [36.9038, -1.20244]}", "facility": {"code": 13071}}, {"collection_date": "2015-08-19T15:01:40.890525+00:00", "source": {"name": "DHMT"}, "method": {"name": "Taken with GPS Device"}, "coordinates": "{\"type\": \"Point\", \"coordinates\": [34.57262, -0.1188]}", "facility": {"code": 14057}}], "model": "mfl_gis.FacilityCoordinates", "unique_fields": ["facility"]}]