[{"records": [{"collection_date": "2015-08-19T15:01:37.185343+00:00", "source": {"name": "DHMT"}, "method": {"name": "Taken with GPS Device"}, "coordinates": "{\"type\": \"Point\", \"coordinates\": [37.32045, -0.50575]}", "facility": {"code": 11021}}, {"collection_date": "2015-08-19T15:01:37.163224+00:00", "source": {"name": "DHMT"}, "method": {"name": "Taken with GPS Device"}, "coordinates": "{\"type\": \"Point\", \"coordinates\": [36.81907, -1.31323]}", "facility": {"code": 13114}}, {"collection_date": "2015-08-19T15:01:37.106564+00:00", "source": {"name": "DHRIO"}, "method": {"name": "Taken with GPS Device"}, "coordinates": "{\"type\": \"Point\", \"coordinates\": [36.53336, -1.0714]}", "facility": {"code": 15300}}, {"collection_date": "2015-08-19T15:01:37.094565+00:00", "source": {"name": "KEMRI GIS MERGE"}, "method": {"name": "Taken with GPS Device"}, "coordinates": "{\"type\": \"Point\", \"coordinates\": [36.95978, -1.47944]}", "facility": {"code": 15667}}, {"collection_date": "2015-08-19T15:01:37.085090+00:00", "source": {"name": "DHMT"}, "method": {"name": "Taken with GPS Device"}, "coordinates": "{\"type\": \"Point\", \"coordinates\": [36.54728, -0.26337]}", "facility": {"code": 10990}}, {"collection_date": "2015-08-19T15:01:37.072504+00:00", "source": {"name": "KEMRI GIS MERGE"}, "method": {"name": "Taken with GPS Device"}, "coordinates": "{\"type\": \"Point\", \"coordinates\": [34.3121, -0.36255]}", "facility": {"code": 13837}}, {"collection_date": "2015-08-19T15:01:37.037631+00:00", "source": {"name": "Sublocation Centroid Exercise of MOH/ICF Macro"}, "method": {"name": "Other"}, "coordinates": "{\"type\": \"Point\", \"coordinates\": [36.9038, -1.20244]}", "facility": {"code": 13167}}, {"collection_date": "2015-08-19T15:01:36.981693+00:00", "source": {"name": "Sublocation Centroid Exercise of MOH/ICF Macro"}, "method": {"name": "Other"}, "coordinates": "{\"type\": \"Point\", \"coordinates\": [36.7349, -1.61761]}", "facility": {"code": 14475}}, {"collection_date": "2015-08-19T15:01:36.963903+00:00", "source": {"name": "Sublocation Centroid Exercise of MOH/ICF Macro"}, "method": {"name": "Taken with GPS Device"}, "coordinates": "{\"type\": \"Point\", \"coordinates\": [37.6815, -0.39741]}", "facility": {"code": 16233}}, {"collection_date": "2015-08-19T15:01:36.514772+00:00", "source": {"name": "Sublocation Centroid Exercise of MOH/ICF Macro"}, "method": {"name": "Other"}, "coordinates": "{\"type\": \"Point\", \"coordinates\": [36.25, -0.137926]}", "facility": {"code": 11087}}, {"collection_date": "2015-08-19T15:01:36.514660+00:00", "source": {"name": "Cold Chain Inventory (MoH/PATH/WHO) - Feb 2011"}, "method": {"name": "Taken with GPS Device"}, "coordinates": "{\"type\": \"Point\", \"coordinates\": [34.457, -1.06209]}", "facility": {"code": 14102}}, {"collection_date": "2015-08-19T15:01:36.514455+00:00", "source": {"name": "Cold Chain Inventory (MoH/PATH/WHO) - Feb 2011"}, "method": {"name": "Taken with GPS Device"}, "coordinates": "{\"type\": \"Point\", \"coordinates\": [36.59377, 1.21917]}", "facility": {"code": 15468}}, {"collection_date": "2015-08-19T15:01:36.403012+00:00", "source": {"name": "Kwale - DHMT"}, "method": {"name": "Taken with GPS Device"}, "coordinates": "{\"type\": \"Point\", \"coordinates\": [39.309955, -4.395965]}", "facility": {"code": 11466}}, {"collection_date": "2015-08-19T15:01:36.225306+00:00", "source": {"name": "SARAM 2013"}, "method": {"name": "Taken with GPS Device"}, "coordinates": "{\"type\": \"Point\", \"coordinates\": [36.86563, -0.50419]}", "facility": {"code": 10773}}, {"collection_date": "2015-08-19T15:01:35.936547+00:00", "source": {"name": "Cold Chain Inventory (MoH/PATH/WHO) - Feb 2011"}, "method": {"name": "Taken with GPS Device"}, "coordinates": "{\"type\": \"Point\", \"coordinates\": [34.92139, -0.44541]}", "facility": {"code": 13604}}, {"collection_date": "2015-08-19T15:01:35.935996+00:00", "source": {"name": "DHMT"}, "method": {"name": "Taken with GPS Device"}, "coordinates": "{\"type\": \"Point\", \"coordinates\": [39.64079, -3.86215]}", "facility": {"code": 16192}}, {"collection_date": "2015-08-19T15:01:35.931596+00:00", "source": {"name": "DHRIO"}, "method": {"name": "Taken with GPS Device"}, "coordinates": "{\"type\": \"Point\", \"coordinates\": [35.67997, -0.47748]}", "facility": {"code": 14291}}, {"collection_date": "2015-08-19T15:01:35.911830+00:00", "source": {"name": "Sublocation Centroid Exercise of MOH/ICF Macro"}, "method": {"name": "Other"}, "coordinates": "{\"type\": \"Point\", \"coordinates\": [36.9099, -1.18157]}", "facility": {"code": 13133}}, {"collection_date": "2015-08-19T15:01:35.749554+00:00", "source": {"name": "KEMRI GIS MERGE"}, "method": {"name": "Taken with GPS Device"}, "coordinates": "{\"type\": \"Point\", \"coordinates\": [36.7587, -1.30142]}", "facility": {"code": 13129}}, {"collection_date": "2015-08-19T15:01:35.602301+00:00", "source": {"name": "GPS"}, "method": {"name": "Taken with GPS Device"}, "coordinates": "{\"type\": \"Point\", \"coordinates\": [40.66515, -2.34712]}", "facility": {"code": 11412}}, {"collection_date": "2015-08-19T15:01:35.593103+00:00", "source": {"name": "SARAM 2013"}, "method": {"name": "Taken with GPS Device"}, "coordinates": "{\"type\": \"Point\", \"coordinates\": [36.91841, -2.2003]}", "facility": {"code": 15122}}, {"collection_date": "2015-08-19T15:01:35.583015+00:00", "source": {"name": "KEMRI GIS MERGE"}, "method": {"name": "Calc from proximity to school, village,markets"}, "coordinates": "{\"type\": \"Point\", \"coordinates\": [36.80915, -1.2432]}", "facility": {"code": 13248}}, {"collection_date": "2015-08-19T15:01:35.582988+00:00", "source": {"name": "DHMT"}, "method": {"name": "Taken with GPS Device"}, "coordinates": "{\"type\": \"Point\", \"coordinates\": [36.76375, 0.94261]}", "facility": {"code": 14943}}, {"collection_date": "2015-08-19T15:01:35.417152+00:00", "source": {"name": "HMIS OFFICE"}, "method": {"name": "Taken with GPS Device"}, "coordinates": "{\"type\": \"Point\", \"coordinates\": [40.17891, -2.21886]}", "facility": {"code": 11901}}, {"collection_date": "2015-08-19T15:01:35.261679+00:00", "source": {"name": "DHMT"}, "method": {"name": "Taken with GPS Device"}, "coordinates": "{\"type\": \"Point\", \"coordinates\": [39.63076, -3.75508]}", "facility": {"code": 16191}}, {"collection_date": "2015-08-19T15:01:35.249812+00:00", "source": {"name": "SARAM 2013"}, "method": {"name": "Taken with GPS Device"}, "coordinates": "{\"type\": \"Point\", \"coordinates\": [37.9352, 0.317]}", "facility": {"code": 12816}}, {"collection_date": "2015-08-19T15:01:35.248506+00:00", "source": {"name": "Taken by DHRIO"}, "method": {"name": "Taken with GPS Device"}, "coordinates": "{\"type\": \"Point\", \"coordinates\": [37.72367, -2.20999]}", "facility": {"code": 12286}}, {"collection_date": "2015-08-19T15:01:35.239354+00:00", "source": {"name": "KEMRI GIS MERGE"}, "method": {"name": "Taken with GPS Device"}, "coordinates": "{\"type\": \"Point\", \"coordinates\": [38.02821, 0.24956]}", "facility": {"code": 12674}}, {"collection_date": "2015-08-19T15:01:35.075668+00:00", "source": {"name": "Cold Chain Inventory (MoH/PATH/WHO) - Feb 2011"}, "method": {"name": "Taken with GPS Device"}, "coordinates": "{\"type\": \"Point\", \"coordinates\": [34.73161, -0.51185]}", "facility": {"code": 14078}}, {"collection_date": "2015-08-19T15:01:35.058590+00:00", "source": {"name": "DHMT"}, "method": {"name": "Taken with GPS Device"}, "coordinates": "{\"type\": \"Point\", \"coordinates\": [39.62322, -3.83063]}", "facility": {"code": 16190}}, {"collection_date": "2015-08-19T15:01:35.049337+00:00", "source": {"name": "KEMRI GIS MERGE"}, "method": {"name": "Calc from proximity to school, village,markets"}, "coordinates": "{\"type\": \"Point\", \"coordinates\": [34.9098, -0.67859]}", "facility": {"code": 13557}}, {"collection_date": "2015-08-19T15:01:34.903305+00:00", "source": {"name": "DHRIO Nyando"}, "method": {"name": "Taken with GPS Device"}, "coordinates": "{\"type\": \"Point\", \"coordinates\": [35.04453, -0.26736]}", "facility": {"code": 13976}}, {"collection_date": "2015-08-19T15:01:34.892393+00:00", "source": {"name": "DHMT"}, "method": {"name": "Taken with GPS Device"}, "coordinates": "{\"type\": \"Point\", \"coordinates\": [37.27027, -0.424]}", "facility": {"code": 10989}}, {"collection_date": "2015-08-19T15:01:34.731692+00:00", "source": {"name": "DHMT"}, "method": {"name": "Taken with GPS Device"}, "coordinates": "{\"type\": \"Point\", \"coordinates\": [37.73275, -1.9137]}", "facility": {"code": 12235}}, {"collection_date": "2015-08-19T15:01:34.724948+00:00", "source": {"name": "Cold Chain Inventory (MoH/PATH/WHO) - Feb 2011"}, "method": {"name": "Taken with GPS Device"}, "coordinates": "{\"type\": \"Point\", \"coordinates\": [37.087, -0.15612]}", "facility": {"code": 10536}}, {"collection_date": "2015-08-19T15:01:34.715082+00:00", "source": {"name": "KEMRI GIS MERGE"}, "method": {"name": "Taken with GPS Device"}, "coordinates": "{\"type\": \"Point\", \"coordinates\": [34.75798, -0.08814]}", "facility": {"code": 13823}}, {"collection_date": "2015-08-19T15:01:34.712808+00:00", "source": {"name": "DHMT"}, "method": {"name": "Taken with GPS Device"}, "coordinates": "{\"type\": \"Point\", \"coordinates\": [36.764926, -1.289677]}", "facility": {"code": 13062}}, {"collection_date": "2015-08-19T15:01:34.540142+00:00", "source": {"name": "KEMRI GIS MERGE"}, "method": {"name": "Taken with GPS Device"}, "coordinates": "{\"type\": \"Point\", \"coordinates\": [34.20122, 0.41086]}", "facility": {"code": 15835}}, {"collection_date": "2015-08-19T15:01:34.536546+00:00", "source": {"name": "DHMT"}, "method": {"name": "Taken with GPS Device"}, "coordinates": "{\"type\": \"Point\", \"coordinates\": [37.27131, -0.49822]}", "facility": {"code": 10519}}, {"collection_date": "2015-08-19T15:01:34.522723+00:00", "source": {"name": "DHMT"}, "method": {"name": "Taken with GPS Device"}, "coordinates": "{\"type\": \"Point\", \"coordinates\": [34.8797, -0.23887]}", "facility": {"code": 13654}}, {"collection_date": "2015-08-19T15:01:34.514900+00:00", "source": {"name": "DHRIO Nyando"}, "method": {"name": "Taken with GPS Device"}, "coordinates": "{\"type\": \"Point\", \"coordinates\": [35.23278, -0.16969]}", "facility": {"code": 14128}}, {"collection_date": "2015-08-19T15:01:34.508978+00:00", "source": {"name": "HMIS OFFICE"}, "method": {"name": "Taken with GPS Device"}, "coordinates": "{\"type\": \"Point\", \"coordinates\": [40.13379, -2.35652]}", "facility": {"code": 16198}}, {"collection_date": "2015-08-19T15:01:34.334719+00:00", "source": {"name": "MOH"}, "method": {"name": "Taken with GPS Device"}, "coordinates": "{\"type\": \"Point\", \"coordinates\": [40.06075, -3.20793]}", "facility": {"code": 11607}}, {"collection_date": "2015-08-19T15:01:34.334676+00:00", "source": {"name": "Cold Chain Inventory (MoH/PATH/WHO) - Feb 2011"}, "method": {"name": "Taken with GPS Device"}, "coordinates": "{\"type\": \"Point\", \"coordinates\": [40.23067, -0.11344]}", "facility": {"code": 13459}}, {"collection_date": "2015-08-19T15:01:34.325494+00:00", "source": {"name": "MOPHS (DHRIO)"}, "method": {"name": "Taken with GPS Device"}, "coordinates": "{\"type\": \"Point\", \"coordinates\": [34.66809, -0.83089]}", "facility": {"code": 13505}}, {"collection_date": "2015-08-19T15:01:34.167782+00:00", "source": {"name": "DHRIO"}, "method": {"name": "Taken with GPS Device"}, "coordinates": "{\"type\": \"Point\", \"coordinates\": [37.67104, -1.53396]}", "facility": {"code": 12076}}, {"collection_date": "2015-08-19T15:01:34.136615+00:00", "source": {"name": "KEMRI GIS MERGE"}, "method": {"name": "Calc from proximity to school, village,markets"}, "coordinates": "{\"type\": \"Point\", \"coordinates\": [34.35, -0.13]}", "facility": {"code": 13739}}, {"collection_date": "2015-08-19T15:01:34.134968+00:00", "source": {"name": "DHRIO"}, "method": {"name": "Taken with GPS Device"}, "coordinates": "{\"type\": \"Point\", \"coordinates\": [34.71222, -0.66678]}", "facility": {"code": 13992}}, {"collection_date": "2015-08-19T15:01:34.124734+00:00", "source": {"name": "DHMT"}, "method": {"name": "Taken with GPS Device"}, "coordinates": "{\"type\": \"Point\", \"coordinates\": [36.86091, 1.33487]}", "facility": {"code": 14236}}, {"collection_date": "2015-08-19T15:01:34.110309+00:00", "source": {"name": "Cold Chain Inventory (MoH/PATH/WHO) - Feb 2011"}, "method": {"name": "Taken with GPS Device"}, "coordinates": "{\"type\": \"Point\", \"coordinates\": [37.25309, -1.08458]}", "facility": {"code": 16432}}, {"collection_date": "2015-08-19T15:01:33.973813+00:00", "source": {"name": "KEMRI GIS MERGE"}, "method": {"name": "Taken with GPS Device"}, "coordinates": "{\"type\": \"Point\", \"coordinates\": [35.96569, -0.40342]}", "facility": {"code": 15357}}, {"collection_date": "2015-08-19T15:01:33.920415+00:00", "source": {"name": "Sublocation Centroid Exercise of MOH/ICF Macro"}, "method": {"name": "Other"}, "coordinates": "{\"type\": \"Point\", \"coordinates\": [36.9012, -0.647721]}", "facility": {"code": 10594}}, {"collection_date": "2015-08-19T15:01:33.901093+00:00", "source": {"name": "Cold Chain Inventory (MoH/PATH/WHO) - Feb 2011"}, "method": {"name": "Taken with GPS Device"}, "coordinates": "{\"type\": \"Point\", \"coordinates\": [34.13787, -0.05125]}", "facility": {"code": 13914}}, {"collection_date": "2015-08-19T15:01:33.895202+00:00", "source": {"name": "DHMT"}, "method": {"name": "Taken with GPS Device"}, "coordinates": "{\"type\": \"Point\", \"coordinates\": [35.02813, 2.26698]}", "facility": {"code": 14196}}, {"collection_date": "2015-08-19T15:01:33.892336+00:00", "source": {"name": "DHMT"}, "method": {"name": "Taken with GPS Device"}, "coordinates": "{\"type\": \"Point\", \"coordinates\": [38.301, -0.6059]}", "facility": {"code": 12165}}, {"collection_date": "2015-08-19T15:01:33.747988+00:00", "source": {"name": "KEMRI GIS MERGE"}, "method": {"name": "Taken with GPS Device"}, "coordinates": "{\"type\": \"Point\", \"coordinates\": [36.75649, -1.34977]}", "facility": {"code": 12892}}, {"collection_date": "2015-08-19T15:01:33.696388+00:00", "source": {"name": "KEMRI GIS MERGE"}, "method": {"name": "Taken with GPS Device"}, "coordinates": "{\"type\": \"Point\", \"coordinates\": [37.4981, -0.43112]}", "facility": {"code": 12549}}, {"collection_date": "2015-08-19T15:01:33.680575+00:00", "source": {"name": "DHMT"}, "method": {"name": "Taken with GPS Device"}, "coordinates": "{\"type\": \"Point\", \"coordinates\": [37.25387, -0.63112]}", "facility": {"code": 10398}}, {"collection_date": "2015-08-19T15:01:33.680451+00:00", "source": {"name": "Sublocation Centroid Exercise of MOH/ICF Macro"}, "method": {"name": "Other"}, "coordinates": "{\"type\": \"Point\", \"coordinates\": [36.9288, -0.698678]}", "facility": {"code": 10577}}, {"collection_date": "2015-08-19T15:01:33.668529+00:00", "source": {"name": "Sublocation Centroid Exercise of MOH/ICF Macro"}, "method": {"name": "Other"}, "coordinates": "{\"type\": \"Point\", \"coordinates\": [37.2605, -2.17492]}", "facility": {"code": 15095}}, {"collection_date": "2015-08-19T15:01:33.505524+00:00", "source": {"name": "Sublocation Centroid Exercise of MOH/ICF Macro"}, "method": {"name": "Taken with GPS Device"}, "coordinates": "{\"type\": \"Point\", \"coordinates\": [34.46411, 0.19358]}", "facility": {"code": 16715}}, {"collection_date": "2015-08-19T15:01:33.437251+00:00", "source": {"name": "Sublocation Centroid Exercise of MOH/ICF Macro"}, "method": {"name": "Other"}, "coordinates": "{\"type\": \"Point\", \"coordinates\": [36.9915, -0.686608]}", "facility": {"code": 10559}}, {"collection_date": "2015-08-19T15:01:33.437200+00:00", "source": {"name": "KEMRI GIS MERGE"}, "method": {"name": "Taken with GPS Device"}, "coordinates": "{\"type\": \"Point\", \"coordinates\": [34.29808, -1.13742]}", "facility": {"code": 13718}}, {"collection_date": "2015-08-19T15:01:33.427047+00:00", "source": {"name": "SARAM 2013"}, "method": {"name": "Taken with GPS Device"}, "coordinates": "{\"type\": \"Point\", \"coordinates\": [36.90299, -0.33025]}", "facility": {"code": 10809}}, {"collection_date": "2015-08-19T15:01:33.414498+00:00", "source": {"name": "KEMRI GIS MERGE"}, "method": {"name": "Calc from proximity to school, village,markets"}, "coordinates": "{\"type\": \"Point\", \"coordinates\": [34.8396, 0.73638]}", "facility": {"code": 15927}}, {"collection_date": "2015-08-19T15:01:33.256785+00:00", "source": {"name": "SARAM 2013"}, "method": {"name": "Taken with GPS Device"}, "coordinates": "{\"type\": \"Point\", \"coordinates\": [35.75626, -0.23559]}", "facility": {"code": 16820}}, {"collection_date": "2015-08-19T15:01:33.247685+00:00", "source": {"name": "KEMRI GIS MERGE"}, "method": {"name": "Taken with GPS Device"}, "coordinates": "{\"type\": \"Point\", \"coordinates\": [34.35579, -0.06953]}", "facility": {"code": 13485}}, {"collection_date": "2015-08-19T15:01:33.204961+00:00", "source": {"name": "KEMRI GIS MERGE"}, "method": {"name": "Calc from proximity to school, village,markets"}, "coordinates": "{\"type\": \"Point\", \"coordinates\": [37.0636, -0.69758]}", "facility": {"code": 10533}}, {"collection_date": "2015-08-19T15:01:33.204362+00:00", "source": {"name": "KEMRI GIS MERGE"}, "method": {"name": "Taken with GPS Device"}, "coordinates": "{\"type\": \"Point\", \"coordinates\": [34.19475, -0.15457]}", "facility": {"code": 13929}}, {"collection_date": "2015-08-19T15:01:33.188945+00:00", "source": {"name": "DHMT"}, "method": {"name": "Taken with GPS Device"}, "coordinates": "{\"type\": \"Point\", \"coordinates\": [39.34272, 2.38438]}", "facility": {"code": 13400}}, {"collection_date": "2015-08-19T15:01:33.032807+00:00", "source": {"name": "Sublocation Centroid Exercise of MOH/ICF Macro"}, "method": {"name": "Other"}, "coordinates": "{\"type\": \"Point\", \"coordinates\": [37.5286, -1.6427]}", "facility": {"code": 12595}}, {"collection_date": "2015-08-19T15:01:33.024668+00:00", "source": {"name": "GPS"}, "method": {"name": "Taken with GPS Device"}, "coordinates": "{\"type\": \"Point\", \"coordinates\": [36.6325, -0.78282]}", "facility": {"code": 10755}}, {"collection_date": "2015-08-19T15:01:32.975301+00:00", "source": {"name": "DHMT"}, "method": {"name": "Taken with GPS Device"}, "coordinates": "{\"type\": \"Point\", \"coordinates\": [36.77276, -1.30777]}", "facility": {"code": 13245}}, {"collection_date": "2015-08-19T15:01:32.968536+00:00", "source": {"name": "Sublocation Centroid Exercise of MOH/ICF Macro"}, "method": {"name": "Other"}, "coordinates": "{\"type\": \"Point\", \"coordinates\": [36.9712, -1.12467]}", "facility": {"code": 10790}}, {"collection_date": "2015-08-19T15:01:32.957059+00:00", "source": {"name": "Cold Chain Inventory (MoH/PATH/WHO) - Feb 2011"}, "method": {"name": "Taken with GPS Device"}, "coordinates": "{\"type\": \"Point\", \"coordinates\": [34.53262, -0.39452]}", "facility": {"code": 13592}}, {"collection_date": "2015-08-19T15:01:32.797396+00:00", "source": {"name": "GPS"}, "method": {"name": "Taken with GPS Device"}, "coordinates": "{\"type\": \"Point\", \"coordinates\": [34.46959, 0.71169]}", "facility": {"code": 15837}}, {"collection_date": "2015-08-19T15:01:32.779257+00:00", "source": {"name": "Cold Chain Inventory (MoH/PATH/WHO) - Feb 2011"}, "method": {"name": "Taken with GPS Device"}, "coordinates": "{\"type\": \"Point\", \"coordinates\": [34.72462, -0.79924]}", "facility": {"code": 14004}}, {"collection_date": "2015-08-19T15:01:32.749546+00:00", "source": {"name": "Cold Chain Inventory (MoH/PATH/WHO) - Feb 2011"}, "method": {"name": "Taken with GPS Device"}, "coordinates": "{\"type\": \"Point\", \"coordinates\": [37.09823, -0.20607]}", "facility": {"code": 10447}}, {"collection_date": "2015-08-19T15:01:32.732644+00:00", "source": {"name": "Cold Chain Inventory (MoH/PATH/WHO) - Feb 2011"}, "method": {"name": "Taken with GPS Device"}, "coordinates": "{\"type\": \"Point\", \"coordinates\": [37.37264, -1.28836]}", "facility": {"code": 12529}}, {"collection_date": "2015-08-19T15:01:32.690548+00:00", "source": {"name": "GPS"}, "method": {"name": "Taken with GPS Device"}, "coordinates": "{\"type\": \"Point\", \"coordinates\": [34.610867, 0.199222]}", "facility": {"code": 15872}}, {"collection_date": "2015-08-19T15:01:32.538763+00:00", "source": {"name": "KEMRI GIS MERGE"}, "method": {"name": "Taken with GPS Device"}, "coordinates": "{\"type\": \"Point\", \"coordinates\": [34.448, -0.00521]}", "facility": {"code": 14042}}, {"collection_date": "2015-08-19T15:01:32.534456+00:00", "source": {"name": "Cold Chain Inventory (MoH/PATH/WHO) - Feb 2011"}, "method": {"name": "Taken with GPS Device"}, "coordinates": "{\"type\": \"Point\", \"coordinates\": [34.50667, -0.58832]}", "facility": {"code": 13962}}, {"collection_date": "2015-08-19T15:01:32.534425+00:00", "source": {"name": "DHMT"}, "method": {"name": "Taken with GPS Device"}, "coordinates": "{\"type\": \"Point\", \"coordinates\": [36.78485, -1.30868]}", "facility": {"code": 13058}}, {"collection_date": "2015-08-19T15:01:32.522471+00:00", "source": {"name": "KEMRI GIS MERGE"}, "method": {"name": "Calc from proximity to school, village,markets"}, "coordinates": "{\"type\": \"Point\", \"coordinates\": [34.7973, 0.80856]}", "facility": {"code": 15918}}, {"collection_date": "2015-08-19T15:01:32.371197+00:00", "source": {"name": "Cold Chain Inventory (MoH/PATH/WHO) - Feb 2011"}, "method": {"name": "Taken with GPS Device"}, "coordinates": "{\"type\": \"Point\", \"coordinates\": [36.87618, 0.74354]}", "facility": {"code": 14515}}, {"collection_date": "2015-08-19T15:01:32.221288+00:00", "source": {"name": "DHMT"}, "method": {"name": "Taken with GPS Device"}, "coordinates": "{\"type\": \"Point\", \"coordinates\": [37.58956, 0.00184]}", "facility": {"code": 12775}}, {"collection_date": "2015-08-19T15:01:32.210995+00:00", "source": {"name": "Sublocation Centroid Exercise of MOH/ICF Macro"}, "method": {"name": "Taken with GPS Device"}, "coordinates": "{\"type\": \"Point\", \"coordinates\": [37.08431, -0.32252]}", "facility": {"code": 10713}}, {"collection_date": "2015-08-19T15:01:32.194723+00:00", "source": {"name": "Cold Chain Inventory (MoH/PATH/WHO) - Feb 2011"}, "method": {"name": "Taken with GPS Device"}, "coordinates": "{\"type\": \"Point\", \"coordinates\": [34.68672, -0.45458]}", "facility": {"code": 13889}}, {"collection_date": "2015-08-19T15:01:32.192486+00:00", "source": {"name": "GPS"}, "method": {"name": "Taken with GPS Device"}, "coordinates": "{\"type\": \"Point\", \"coordinates\": [36.60122, -0.9828]}", "facility": {"code": 10610}}, {"collection_date": "2015-08-19T15:01:32.089432+00:00", "source": {"name": "DHMT"}, "method": {"name": "Taken with GPS Device"}, "coordinates": "{\"type\": \"Point\", \"coordinates\": [40.3606, 1.66875]}", "facility": {"code": 13293}}, {"collection_date": "2015-08-19T15:01:31.432847+00:00", "source": {"name": "DHMT"}, "method": {"name": "Taken with GPS Device"}, "coordinates": "{\"type\": \"Point\", \"coordinates\": [36.75437, -1.34111]}", "facility": {"code": 12929}}, {"collection_date": "2015-08-19T15:01:31.420919+00:00", "source": {"name": "Sublocation Centroid Exercise of MOH/ICF Macro"}, "method": {"name": "Other"}, "coordinates": "{\"type\": \"Point\", \"coordinates\": [36.9046, -1.22429]}", "facility": {"code": 13203}}, {"collection_date": "2015-08-19T15:01:31.281143+00:00", "source": {"name": "Cold Chain Inventory (MoH/PATH/WHO) - Feb 2011"}, "method": {"name": "Taken with GPS Device"}, "coordinates": "{\"type\": \"Point\", \"coordinates\": [36.32186, -0.20667]}", "facility": {"code": 10927}}, {"collection_date": "2015-08-19T15:01:31.265469+00:00", "source": {"name": "DHMT"}, "method": {"name": "Taken with GPS Device"}, "coordinates": "{\"type\": \"Point\", \"coordinates\": [40.67837, -1.80659]}", "facility": {"code": 13308}}, {"collection_date": "2015-08-19T15:01:31.247018+00:00", "source": {"name": "Cold Chain Inventory (MoH/PATH/WHO) - Feb 2011"}, "method": {"name": "Taken with GPS Device"}, "coordinates": "{\"type\": \"Point\", \"coordinates\": [37.34571, -0.81097]}", "facility": {"code": 12506}}, {"collection_date": "2015-08-19T15:01:31.122916+00:00", "source": {"name": "DHRIO Nyando"}, "method": {"name": "Taken with GPS Device"}, "coordinates": "{\"type\": \"Point\", \"coordinates\": [34.87407, -0.34803]}", "facility": {"code": 14104}}, {"collection_date": "2015-08-19T15:01:31.120908+00:00", "source": {"name": "DHMT"}, "method": {"name": "Taken with GPS Device"}, "coordinates": "{\"type\": \"Point\", \"coordinates\": [36.72276, -1.35882]}", "facility": {"code": 13061}}, {"collection_date": "2015-08-19T15:01:30.944025+00:00", "source": {"name": "DHMT"}, "method": {"name": "Taken with GPS Device"}, "coordinates": "{\"type\": \"Point\", \"coordinates\": [36.8079, -2.28132]}", "facility": {"code": 15340}}, {"collection_date": "2015-08-19T15:01:30.933226+00:00", "source": {"name": "Sublocation Centroid Exercise of MOH/ICF Macro"}, "method": {"name": "Other"}, "coordinates": "{\"type\": \"Point\", \"coordinates\": [34.2802, 0.459119]}", "facility": {"code": 16137}}], "model": "mfl_gis.FacilityCoordinates", "unique_fields": ["facility"]}]