[{"records": [{"collection_date": "2015-08-19T15:01:21.433705+00:00", "source": {"name": "DHRIO Nyando"}, "method": {"name": "Taken with GPS Device"}, "coordinates": "{\"type\": \"Point\", \"coordinates\": [35.20432, -0.10022]}", "facility": {"code": 14141}}, {"collection_date": "2015-08-19T15:01:21.363159+00:00", "source": {"name": "KEMRI GIS MERGE"}, "method": {"name": "Taken with GPS Device"}, "coordinates": "{\"type\": \"Point\", \"coordinates\": [37.6799, -0.37191]}", "facility": {"code": 11968}}, {"collection_date": "2015-08-19T15:01:21.328146+00:00", "source": {"name": "Sublocation Centroid Exercise of MOH/ICF Macro"}, "method": {"name": "Taken with GPS Device"}, "coordinates": "{\"type\": \"Point\", \"coordinates\": [36.75028, -1.2824]}", "facility": {"code": 13089}}, {"collection_date": "2015-08-19T15:01:21.306328+00:00", "source": {"name": "DHMT"}, "method": {"name": "Taken with GPS Device"}, "coordinates": "{\"type\": \"Point\", \"coordinates\": [39.65883, -0.4422]}", "facility": {"code": 13275}}, {"collection_date": "2015-08-19T15:01:21.297177+00:00", "source": {"name": "DHMT - KWALE"}, "method": {"name": "Taken with GPS Device"}, "coordinates": "{\"type\": \"Point\", \"coordinates\": [39.5569, -4.21216]}", "facility": {"code": 11537}}, {"collection_date": "2015-08-19T15:01:21.285486+00:00", "source": {"name": "DHMT"}, "method": {"name": "Taken with GPS Device"}, "coordinates": "{\"type\": \"Point\", \"coordinates\": [39.72585, -3.90731]}", "facility": {"code": 11666}}, {"collection_date": "2015-08-19T15:01:21.106697+00:00", "source": {"name": "DHRIO Nyando"}, "method": {"name": "Taken with GPS Device"}, "coordinates": "{\"type\": \"Point\", \"coordinates\": [35.18489, -0.15182]}", "facility": {"code": 13832}}, {"collection_date": "2015-08-19T15:01:21.086684+00:00", "source": {"name": "KEMRI GIS MERGE"}, "method": {"name": "Taken with GPS Device"}, "coordinates": "{\"type\": \"Point\", \"coordinates\": [34.56703, 0.14194]}", "facility": {"code": 16033}}, {"collection_date": "2015-08-19T15:01:21.086337+00:00", "source": {"name": "DHRIO"}, "method": {"name": "Taken with GPS Device"}, "coordinates": "{\"type\": \"Point\", \"coordinates\": [34.93951, 0.13621]}", "facility": {"code": 14577}}, {"collection_date": "2015-08-19T15:01:21.051459+00:00", "source": {"name": "Sublocation Centroid Exercise of MOH/ICF Macro"}, "method": {"name": "Other"}, "coordinates": "{\"type\": \"Point\", \"coordinates\": [39.8762, -3.5684]}", "facility": {"code": 11493}}, {"collection_date": "2015-08-19T15:01:21.021454+00:00", "source": {"name": "GPS MACHINE"}, "method": {"name": "Taken with GPS Device"}, "coordinates": "{\"type\": \"Point\", \"coordinates\": [37.97691, -1.47429]}", "facility": {"code": 12851}}, {"collection_date": "2015-08-19T15:01:20.970244+00:00", "source": {"name": "KEMRI GIS MERGE"}, "method": {"name": "Taken with GPS Device"}, "coordinates": "{\"type\": \"Point\", \"coordinates\": [34.465, 0.01047]}", "facility": {"code": 13473}}, {"collection_date": "2015-08-19T15:01:20.939775+00:00", "source": {"name": "Cold Chain Inventory (MoH/PATH/WHO) - Feb 2011"}, "method": {"name": "Taken with GPS Device"}, "coordinates": "{\"type\": \"Point\", \"coordinates\": [34.4051, 0.16876]}", "facility": {"code": 14087}}, {"collection_date": "2015-08-19T15:01:20.920447+00:00", "source": {"name": "GPS"}, "method": {"name": "Taken with GPS Device"}, "coordinates": "{\"type\": \"Point\", \"coordinates\": [37.05904, -0.53228]}", "facility": {"code": 10420}}, {"collection_date": "2015-08-19T15:01:20.906935+00:00", "source": {"name": "KEMRI GIS MERGE"}, "method": {"name": "Calc from proximity to school, village,markets"}, "coordinates": "{\"type\": \"Point\", \"coordinates\": [36.92, -0.47]}", "facility": {"code": 10567}}, {"collection_date": "2015-08-19T15:01:20.871434+00:00", "source": {"name": "DHMT"}, "method": {"name": "Taken with GPS Device"}, "coordinates": "{\"type\": \"Point\", \"coordinates\": [37.17958, -0.52603]}", "facility": {"code": 10571}}, {"collection_date": "2015-08-19T15:01:20.828654+00:00", "source": {"name": "Sublocation Centroid Exercise of MOH/ICF Macro"}, "method": {"name": "Other"}, "coordinates": "{\"type\": \"Point\", \"coordinates\": [37.3704, -1.31036]}", "facility": {"code": 12176}}, {"collection_date": "2015-08-19T15:01:20.818331+00:00", "source": {"name": "DHMT"}, "method": {"name": "Taken with GPS Device"}, "coordinates": "{\"type\": \"Point\", \"coordinates\": [37.59155, -0.08638]}", "facility": {"code": 12097}}, {"collection_date": "2015-08-19T15:01:20.795901+00:00", "source": {"name": "John Monyancha"}, "method": {"name": "Taken with GPS Device"}, "coordinates": "{\"type\": \"Point\", \"coordinates\": [35.03352, -0.5981]}", "facility": {"code": 13574}}, {"collection_date": "2015-08-19T15:01:20.795723+00:00", "source": {"name": "HMIS OFFICE"}, "method": {"name": "Taken with GPS Device"}, "coordinates": "{\"type\": \"Point\", \"coordinates\": [40.16927, -2.44128]}", "facility": {"code": 11837}}, {"collection_date": "2015-08-19T15:01:20.739674+00:00", "source": {"name": "DHMT"}, "method": {"name": "Taken with GPS Device"}, "coordinates": "{\"type\": \"Point\", \"coordinates\": [38.40215, -0.52847]}", "facility": {"code": 12531}}, {"collection_date": "2015-08-19T15:01:20.718522+00:00", "source": {"name": "DHRIO"}, "method": {"name": "Taken with GPS Device"}, "coordinates": "{\"type\": \"Point\", \"coordinates\": [34.71455, -0.67834]}", "facility": {"code": 13629}}, {"collection_date": "2015-08-19T15:01:20.707969+00:00", "source": {"name": "HMIS OFFICE"}, "method": {"name": "Taken with GPS Device"}, "coordinates": "{\"type\": \"Point\", \"coordinates\": [40.21169, -2.43536]}", "facility": {"code": 11483}}, {"collection_date": "2015-08-19T15:01:20.660661+00:00", "source": {"name": "Cold Chain Inventory (MoH/PATH/WHO) - Feb 2011"}, "method": {"name": "Taken with GPS Device"}, "coordinates": "{\"type\": \"Point\", \"coordinates\": [37.7228, -0.42962]}", "facility": {"code": 12069}}, {"collection_date": "2015-08-19T15:01:20.639298+00:00", "source": {"name": "GPS"}, "method": {"name": "Taken with GPS Device"}, "coordinates": "{\"type\": \"Point\", \"coordinates\": [34.61455, 0.755]}", "facility": {"code": 15848}}, {"collection_date": "2015-08-19T15:01:20.620777+00:00", "source": {"name": "DHMT"}, "method": {"name": "Taken with GPS Device"}, "coordinates": "{\"type\": \"Point\", \"coordinates\": [37.3667, -2.74492]}", "facility": {"code": 14200}}, {"collection_date": "2015-08-19T15:01:20.582999+00:00", "source": {"name": "DHRIO Nyando"}, "method": {"name": "Taken with GPS Device"}, "coordinates": "{\"type\": \"Point\", \"coordinates\": [35.27415, -0.18582]}", "facility": {"code": 13719}}, {"collection_date": "2015-08-19T15:01:20.562670+00:00", "source": {"name": "DHMT"}, "method": {"name": "Taken with GPS Device"}, "coordinates": "{\"type\": \"Point\", \"coordinates\": [39.59241, -3.43813]}", "facility": {"code": 11618}}, {"collection_date": "2015-08-19T15:01:20.550279+00:00", "source": {"name": "DHMT"}, "method": {"name": "Taken with GPS Device"}, "coordinates": "{\"type\": \"Point\", \"coordinates\": [36.82727, -1.22685]}", "facility": {"code": 13093}}, {"collection_date": "2015-08-19T15:01:20.527356+00:00", "source": {"name": "Sublocation Centroid Exercise of MOH/ICF Macro"}, "method": {"name": "Other"}, "coordinates": "{\"type\": \"Point\", \"coordinates\": [37.4369, -1.22982]}", "facility": {"code": 12755}}, {"collection_date": "2015-08-19T15:01:20.485245+00:00", "source": {"name": "SARAM 2013"}, "method": {"name": "Taken with GPS Device"}, "coordinates": "{\"type\": \"Point\", \"coordinates\": [37.28913, -1.2639]}", "facility": {"code": 12538}}, {"collection_date": "2015-08-19T15:01:20.461260+00:00", "source": {"name": "DHRIO"}, "method": {"name": "Taken with GPS Device"}, "coordinates": "{\"type\": \"Point\", \"coordinates\": [34.47152, -0.90759]}", "facility": {"code": 14121}}, {"collection_date": "2015-08-19T15:01:20.427813+00:00", "source": {"name": "Cold Chain Inventory (MoH/PATH/WHO) - Feb 2011"}, "method": {"name": "Taken with GPS Device"}, "coordinates": "{\"type\": \"Point\", \"coordinates\": [34.3044, 0.20667]}", "facility": {"code": 16789}}, {"collection_date": "2015-08-19T15:01:20.416075+00:00", "source": {"name": "SARAM 2013"}, "method": {"name": "Taken with GPS Device"}, "coordinates": "{\"type\": \"Point\", \"coordinates\": [39.63764, -4.11271]}", "facility": {"code": 11785}}, {"collection_date": "2015-08-19T15:01:20.395875+00:00", "source": {"name": "KEMRI GIS MERGE"}, "method": {"name": "Calc from proximity to school, village,markets"}, "coordinates": "{\"type\": \"Point\", \"coordinates\": [34.8, 0.77]}", "facility": {"code": 16135}}, {"collection_date": "2015-08-19T15:01:20.331871+00:00", "source": {"name": "GPS"}, "method": {"name": "Taken with GPS Device"}, "coordinates": "{\"type\": \"Point\", \"coordinates\": [36.41833, -0.32863]}", "facility": {"code": 10832}}, {"collection_date": "2015-08-19T15:01:20.330219+00:00", "source": {"name": "Cold Chain Inventory (MoH/PATH/WHO) - Feb 2011"}, "method": {"name": "Taken with GPS Device"}, "coordinates": "{\"type\": \"Point\", \"coordinates\": [34.55658, -0.41175]}", "facility": {"code": 14039}}, {"collection_date": "2015-08-19T15:01:20.306901+00:00", "source": {"name": "KEMRI GIS MERGE"}, "method": {"name": "Taken with GPS Device"}, "coordinates": "{\"type\": \"Point\", \"coordinates\": [36.64119, -1.62906]}", "facility": {"code": 15046}}, {"collection_date": "2015-08-19T15:01:20.293464+00:00", "source": {"name": "DHMT"}, "method": {"name": "Taken with GPS Device"}, "coordinates": "{\"type\": \"Point\", \"coordinates\": [36.84255, -1.31688]}", "facility": {"code": 13113}}, {"collection_date": "2015-08-19T15:01:20.268090+00:00", "source": {"name": "KEMRI GIS MERGE"}, "method": {"name": "Taken with GPS Device"}, "coordinates": "{\"type\": \"Point\", \"coordinates\": [34.54924, 0.76134]}", "facility": {"code": 15861}}, {"collection_date": "2015-08-19T15:01:20.187892+00:00", "source": {"name": "Cold Chain Inventory (MoH/PATH/WHO) - Feb 2011"}, "method": {"name": "Taken with GPS Device"}, "coordinates": "{\"type\": \"Point\", \"coordinates\": [34.7203, -0.86483]}", "facility": {"code": 14076}}, {"collection_date": "2015-08-19T15:01:20.178868+00:00", "source": {"name": "GPS MACHINE"}, "method": {"name": "Taken with GPS Device"}, "coordinates": "{\"type\": \"Point\", \"coordinates\": [37.98507, -1.44258]}", "facility": {"code": 12171}}, {"collection_date": "2015-08-19T15:01:20.175432+00:00", "source": {"name": "Reception"}, "method": {"name": "Taken with GPS Device"}, "coordinates": "{\"type\": \"Point\", \"coordinates\": [38.24427, -1.44564]}", "facility": {"code": 12860}}, {"collection_date": "2015-08-19T15:01:20.174146+00:00", "source": {"name": "Cold Chain Inventory (MoH/PATH/WHO) - Feb 2011"}, "method": {"name": "Taken with GPS Device"}, "coordinates": "{\"type\": \"Point\", \"coordinates\": [36.61934, -1.54909]}", "facility": {"code": 14556}}, {"collection_date": "2015-08-19T15:01:20.163824+00:00", "source": {"name": "KEMRI GIS MERGE"}, "method": {"name": "Taken with GPS Device"}, "coordinates": "{\"type\": \"Point\", \"coordinates\": [36.84565, -1.27777]}", "facility": {"code": 13154}}, {"collection_date": "2015-08-19T15:01:20.003546+00:00", "source": {"name": "KEMRI GIS MERGE"}, "method": {"name": "Taken with GPS Device"}, "coordinates": "{\"type\": \"Point\", \"coordinates\": [34.37273, -0.04497]}", "facility": {"code": 13852}}, {"collection_date": "2015-08-19T15:01:19.993539+00:00", "source": {"name": "DHMT"}, "method": {"name": "Taken with GPS Device"}, "coordinates": "{\"type\": \"Point\", \"coordinates\": [39.64533, -0.47639]}", "facility": {"code": 13458}}, {"collection_date": "2015-08-19T15:01:19.973228+00:00", "source": {"name": "KEMRI GIS MERGE"}, "method": {"name": "Calc from proximity to school, village,markets"}, "coordinates": "{\"type\": \"Point\", \"coordinates\": [36.69, -1.77986]}", "facility": {"code": 15419}}, {"collection_date": "2015-08-19T15:01:19.966023+00:00", "source": {"name": "DHMT"}, "method": {"name": "Taken with GPS Device"}, "coordinates": "{\"type\": \"Point\", \"coordinates\": [37.78069, -0.58001]}", "facility": {"code": 12333}}, {"collection_date": "2015-08-19T15:01:19.962265+00:00", "source": {"name": "KEMRI GIS MERGE"}, "method": {"name": "Taken with GPS Device"}, "coordinates": "{\"type\": \"Point\", \"coordinates\": [36.84461, -1.28527]}", "facility": {"code": 13155}}, {"collection_date": "2015-08-19T15:01:19.881189+00:00", "source": {"name": "MOPHS (DHRIO)"}, "method": {"name": "Taken with GPS Device"}, "coordinates": "{\"type\": \"Point\", \"coordinates\": [34.6828, -0.967]}", "facility": {"code": 13821}}, {"collection_date": "2015-08-19T15:01:19.876156+00:00", "source": {"name": "DHMT"}, "method": {"name": "Taken with GPS Device"}, "coordinates": "{\"type\": \"Point\", \"coordinates\": [36.79603, -1.31738]}", "facility": {"code": 13186}}, {"collection_date": "2015-08-19T15:01:19.848605+00:00", "source": {"name": "Sublocation Centroid Exercise of MOH/ICF Macro"}, "method": {"name": "Taken with GPS Device"}, "coordinates": "{\"type\": \"Point\", \"coordinates\": [37.71079, 0.18683]}", "facility": {"code": 12447}}, {"collection_date": "2015-08-19T15:01:19.836734+00:00", "source": {"name": "SARAM"}, "method": {"name": "Taken with GPS Device"}, "coordinates": "{\"type\": \"Point\", \"coordinates\": [36.49617, -1.91876]}", "facility": {"code": 15582}}, {"collection_date": "2015-08-19T15:01:19.808283+00:00", "source": {"name": "KEMRI GIS MERGE"}, "method": {"name": "Taken with GPS Device"}, "coordinates": "{\"type\": \"Point\", \"coordinates\": [39.66051, -4.04839]}", "facility": {"code": 11541}}, {"collection_date": "2015-08-19T15:01:19.748319+00:00", "source": {"name": "KEMRI GIS MERGE"}, "method": {"name": "Taken with GPS Device"}, "coordinates": "{\"type\": \"Point\", \"coordinates\": [34.27626, 0.08298]}", "facility": {"code": 13797}}, {"collection_date": "2015-08-19T15:01:19.740406+00:00", "source": {"name": "DHMT"}, "method": {"name": "Taken with GPS Device"}, "coordinates": "{\"type\": \"Point\", \"coordinates\": [36.7511, -1.26584]}", "facility": {"code": 13067}}, {"collection_date": "2015-08-19T15:01:19.728355+00:00", "source": {"name": "Cold Chain Inventory (MoH/PATH/WHO) - Feb 2011"}, "method": {"name": "Taken with GPS Device"}, "coordinates": "{\"type\": \"Point\", \"coordinates\": [34.68755, -0.42044]}", "facility": {"code": 13721}}, {"collection_date": "2015-08-19T15:01:19.715872+00:00", "source": {"name": "DHMT"}, "method": {"name": "Taken with GPS Device"}, "coordinates": "{\"type\": \"Point\", \"coordinates\": [36.03998, -0.48542]}", "facility": {"code": 14222}}, {"collection_date": "2015-08-19T15:01:19.682034+00:00", "source": {"name": "KEMRI GIS MERGE"}, "method": {"name": "Taken with GPS Device"}, "coordinates": "{\"type\": \"Point\", \"coordinates\": [39.66609, -4.06398]}", "facility": {"code": 11273}}, {"collection_date": "2015-08-19T15:01:19.600590+00:00", "source": {"name": "DHMT"}, "method": {"name": "Taken with GPS Device"}, "coordinates": "{\"type\": \"Point\", \"coordinates\": [40.45063, -1.55376]}", "facility": {"code": 13426}}, {"collection_date": "2015-08-19T15:01:19.586757+00:00", "source": {"name": "Sublocation Centroid Exercise of MOH/ICF Macro"}, "method": {"name": "Other"}, "coordinates": "{\"type\": \"Point\", \"coordinates\": [37.1771, -0.0474015]}", "facility": {"code": 11060}}, {"collection_date": "2015-08-19T15:01:19.585147+00:00", "source": {"name": "KEMRI GIS MERGE"}, "method": {"name": "Taken with GPS Device"}, "coordinates": "{\"type\": \"Point\", \"coordinates\": [34.8574, -0.76113]}", "facility": {"code": 14142}}, {"collection_date": "2015-08-19T15:01:19.585096+00:00", "source": {"name": "DHRIO"}, "method": {"name": "Taken with GPS Device"}, "coordinates": "{\"type\": \"Point\", \"coordinates\": [36.83137, -1.27457]}", "facility": {"code": 13193}}, {"collection_date": "2015-08-19T15:01:19.578792+00:00", "source": {"name": "GPS"}, "method": {"name": "Taken with GPS Device"}, "coordinates": "{\"type\": \"Point\", \"coordinates\": [34.69675, 0.80792]}", "facility": {"code": 15864}}, {"collection_date": "2015-08-19T15:01:19.470486+00:00", "source": {"name": "KEMRI GIS MERGE"}, "method": {"name": "Taken with GPS Device"}, "coordinates": "{\"type\": \"Point\", \"coordinates\": [36.43586, -1.09842]}", "facility": {"code": 15403}}, {"collection_date": "2015-08-19T15:01:19.460480+00:00", "source": {"name": "SARAM 2013"}, "method": {"name": "Taken with GPS Device"}, "coordinates": "{\"type\": \"Point\", \"coordinates\": [39.60914, -4.08108]}", "facility": {"code": 11669}}, {"collection_date": "2015-08-19T15:01:19.450025+00:00", "source": {"name": "KEMRI GIS MERGE"}, "method": {"name": "Taken with GPS Device"}, "coordinates": "{\"type\": \"Point\", \"coordinates\": [34.7322, -0.88487]}", "facility": {"code": 14052}}, {"collection_date": "2015-08-19T15:01:19.439016+00:00", "source": {"name": "DHMT"}, "method": {"name": "Taken with GPS Device"}, "coordinates": "{\"type\": \"Point\", \"coordinates\": [35.85133, -0.28251]}", "facility": {"code": 14213}}, {"collection_date": "2015-08-19T15:01:19.425944+00:00", "source": {"name": "Cold Chain Inventory (MoH/PATH/WHO) - Feb 2011"}, "method": {"name": "Taken with GPS Device"}, "coordinates": "{\"type\": \"Point\", \"coordinates\": [36.24555, -0.18437]}", "facility": {"code": 11059}}, {"collection_date": "2015-08-19T15:01:19.344538+00:00", "source": {"name": "HMIS OFFICE"}, "method": {"name": "Taken with GPS Device"}, "coordinates": "{\"type\": \"Point\", \"coordinates\": [40.45545, -2.51155]}", "facility": {"code": 11728}}, {"collection_date": "2015-08-19T15:01:19.327744+00:00", "source": {"name": "KEMRI GIS MERGE"}, "method": {"name": "Taken with GPS Device"}, "coordinates": "{\"type\": \"Point\", \"coordinates\": [36.83815, -1.26741]}", "facility": {"code": 13138}}, {"collection_date": "2015-08-19T15:01:19.316224+00:00", "source": {"name": "GIS"}, "method": {"name": "Taken with GPS Device"}, "coordinates": "{\"type\": \"Point\", \"coordinates\": [34.8046, -0.6679]}", "facility": {"code": 13566}}, {"collection_date": "2015-08-19T15:01:19.315880+00:00", "source": {"name": "Cold Chain Inventory (MoH/PATH/WHO) - Feb 2011"}, "method": {"name": "Taken with GPS Device"}, "coordinates": "{\"type\": \"Point\", \"coordinates\": [34.62755, -0.39968]}", "facility": {"code": 16284}}, {"collection_date": "2015-08-19T15:01:19.305225+00:00", "source": {"name": "Cold Chain Inventory (MoH/PATH/WHO) - Feb 2011"}, "method": {"name": "Taken with GPS Device"}, "coordinates": "{\"type\": \"Point\", \"coordinates\": [37.57668, -0.46898]}", "facility": {"code": 12673}}, {"collection_date": "2015-08-19T15:01:19.214628+00:00", "source": {"name": "DHMT"}, "method": {"name": "Taken with GPS Device"}, "coordinates": "{\"type\": \"Point\", \"coordinates\": [39.66981, -4.05668]}", "facility": {"code": 11697}}, {"collection_date": "2015-08-19T15:01:19.208172+00:00", "source": {"name": "KEMRI GIS MERGE"}, "method": {"name": "Taken with GPS Device"}, "coordinates": "{\"type\": \"Point\", \"coordinates\": [34.81683, -0.69725]}", "facility": {"code": 13908}}, {"collection_date": "2015-08-19T15:01:19.180070+00:00", "source": {"name": "Sublocation Centroid Exercise of MOH/ICF Macro"}, "method": {"name": "Other"}, "coordinates": "{\"type\": \"Point\", \"coordinates\": [34.9121, -0.66787]}", "facility": {"code": 13905}}, {"collection_date": "2015-08-19T15:01:19.172375+00:00", "source": {"name": "KEMRI GIS MERGE"}, "method": {"name": "Taken with GPS Device"}, "coordinates": "{\"type\": \"Point\", \"coordinates\": [37.77248, -2.01237]}", "facility": {"code": 12575}}, {"collection_date": "2015-08-19T15:01:19.136883+00:00", "source": {"name": "Sublocation Centroid Exercise of MOH/ICF Macro"}, "method": {"name": "Other"}, "coordinates": "{\"type\": \"Point\", \"coordinates\": [36.69119, -1.27396]}", "facility": {"code": 12864}}, {"collection_date": "2015-08-19T15:01:19.130567+00:00", "source": {"name": "KEMRI GIS MERGE"}, "method": {"name": "Taken with GPS Device"}, "coordinates": "{\"type\": \"Point\", \"coordinates\": [36.78442, -1.30227]}", "facility": {"code": 13259}}, {"collection_date": "2015-08-19T15:01:19.080198+00:00", "source": {"name": "DHMT"}, "method": {"name": "Taken with GPS Device"}, "coordinates": "{\"type\": \"Point\", \"coordinates\": [37.41089, -0.44404]}", "facility": {"code": 10379}}, {"collection_date": "2015-08-19T15:01:19.041203+00:00", "source": {"name": "DHMT"}, "method": {"name": "Taken with GPS Device"}, "coordinates": "{\"type\": \"Point\", \"coordinates\": [37.21487, -2.39994]}", "facility": {"code": 14493}}, {"collection_date": "2015-08-19T15:01:19.025786+00:00", "source": {"name": "MFL RRI UPDATE"}, "method": {"name": "Taken with GPS Device"}, "coordinates": "{\"type\": \"Point\", \"coordinates\": [34.83924, -0.63417]}", "facility": {"code": 13616}}, {"collection_date": "2015-08-19T15:01:19.018520+00:00", "source": {"name": "Sublocation Centroid Exercise of MOH/ICF Macro"}, "method": {"name": "Taken with GPS Device"}, "coordinates": "{\"type\": \"Point\", \"coordinates\": [35.3028, 1.98984]}", "facility": {"code": 16372}}, {"collection_date": "2015-08-19T15:01:18.969248+00:00", "source": {"name": "Sublocation Centroid Exercise of MOH/ICF Macro"}, "method": {"name": "Taken with GPS Device"}, "coordinates": "{\"type\": \"Point\", \"coordinates\": [39.78235, -3.52547]}", "facility": {"code": 11802}}, {"collection_date": "2015-08-19T15:01:18.951669+00:00", "source": {"name": "KEMRI GIS MERGE"}, "method": {"name": "Taken with GPS Device"}, "coordinates": "{\"type\": \"Point\", \"coordinates\": [36.74052, -1.28405]}", "facility": {"code": 13165}}, {"collection_date": "2015-08-19T15:01:18.904809+00:00", "source": {"name": "Sublocation Centroid Exercise of MOH/ICF Macro"}, "method": {"name": "Other"}, "coordinates": "{\"type\": \"Point\", \"coordinates\": [36.7152, -1.25151]}", "facility": {"code": 12970}}, {"collection_date": "2015-08-19T15:01:18.888268+00:00", "source": {"name": "GPS"}, "method": {"name": "Taken with GPS Device"}, "coordinates": "{\"type\": \"Point\", \"coordinates\": [34.51192, 0.79371]}", "facility": {"code": 15856}}, {"collection_date": "2015-08-19T15:01:18.887585+00:00", "source": {"name": "DHMT"}, "method": {"name": "Taken with GPS Device"}, "coordinates": "{\"type\": \"Point\", \"coordinates\": [38.19161, -0.60783]}", "facility": {"code": 12789}}, {"collection_date": "2015-08-19T15:01:18.846864+00:00", "source": {"name": "Sublocation Centroid Exercise of MOH/ICF Macro"}, "method": {"name": "Other"}, "coordinates": "{\"type\": \"Point\", \"coordinates\": [39.3965, -3.6256]}", "facility": {"code": 11617}}, {"collection_date": "2015-08-19T15:01:18.814995+00:00", "source": {"name": "DHMT"}, "method": {"name": "Taken with GPS Device"}, "coordinates": "{\"type\": \"Point\", \"coordinates\": [36.74591, -1.24003]}", "facility": {"code": 13052}}, {"collection_date": "2015-08-19T15:01:18.778791+00:00", "source": {"name": "DHMT"}, "method": {"name": "Taken with GPS Device"}, "coordinates": "{\"type\": \"Point\", \"coordinates\": [36.94479, -0.55045]}", "facility": {"code": 10919}}, {"collection_date": "2015-08-19T15:01:18.747309+00:00", "source": {"name": "GPS"}, "method": {"name": "Taken with GPS Device"}, "coordinates": "{\"type\": \"Point\", \"coordinates\": [34.55984, 0.83183]}", "facility": {"code": 15952}}, {"collection_date": "2015-08-19T15:01:18.746902+00:00", "source": {"name": "DHMT"}, "method": {"name": "Taken with GPS Device"}, "coordinates": "{\"type\": \"Point\", \"coordinates\": [39.17195, 0.72978]}", "facility": {"code": 12540}}, {"collection_date": "2015-08-19T15:01:18.717274+00:00", "source": {"name": "KEMRI GIS MERGE"}, "method": {"name": "Calc from 1:50,000 scale topographic maps"}, "coordinates": "{\"type\": \"Point\", \"coordinates\": [34.3223, -0.9324]}", "facility": {"code": 13988}}, {"collection_date": "2015-08-19T15:01:18.682103+00:00", "source": {"name": "DHMT"}, "method": {"name": "Taken with GPS Device"}, "coordinates": "{\"type\": \"Point\", \"coordinates\": [36.82615, -1.31301]}", "facility": {"code": 12990}}, {"collection_date": "2015-08-19T15:01:18.656476+00:00", "source": {"name": "Sublocation Centroid Exercise of MOH/ICF Macro"}, "method": {"name": "Other"}, "coordinates": "{\"type\": \"Point\", \"coordinates\": [36.813, -1.29834]}", "facility": {"code": 16166}}, {"collection_date": "2015-08-19T15:01:18.624840+00:00", "source": {"name": "DHMT"}, "method": {"name": "Taken with GPS Device"}, "coordinates": "{\"type\": \"Point\", \"coordinates\": [40.44238, -1.76962]}", "facility": {"code": 16285}}], "model": "mfl_gis.FacilityCoordinates", "unique_fields": ["facility"]}]