[{"records": [{"collection_date": "2015-08-19T15:05:43.104514+00:00", "source": {"name": "DHRIO"}, "method": {"name": "Taken with GPS Device"}, "coordinates": "{\"type\": \"Point\", \"coordinates\": [36.82811, -1.28566]}", "facility": {"code": 19555}}, {"collection_date": "2015-08-19T15:05:43.048986+00:00", "source": {"name": "MOH"}, "method": {"name": "Taken with GPS Device"}, "coordinates": "{\"type\": \"Point\", \"coordinates\": [35.2562109, -0.89623029771]}", "facility": {"code": 20525}}, {"collection_date": "2015-08-19T15:05:43.033606+00:00", "source": {"name": "DHMT"}, "method": {"name": "Taken with GPS Device"}, "coordinates": "{\"type\": \"Point\", \"coordinates\": [36.90052, -1.2008]}", "facility": {"code": 20018}}, {"collection_date": "2015-08-19T15:05:43.014305+00:00", "source": {"name": "DHRIO"}, "method": {"name": "Taken with GPS Device"}, "coordinates": "{\"type\": \"Point\", \"coordinates\": [36.65749, -1.36038]}", "facility": {"code": 19060}}, {"collection_date": "2015-08-19T15:05:43.006317+00:00", "source": {"name": "DHMT"}, "method": {"name": "Taken with GPS Device"}, "coordinates": "{\"type\": \"Point\", \"coordinates\": [37.45912, -1.30822]}", "facility": {"code": 18507}}, {"collection_date": "2015-08-19T15:05:42.970582+00:00", "source": {"name": "DHMT"}, "method": {"name": "Taken with GPS Device"}, "coordinates": "{\"type\": \"Point\", \"coordinates\": [36.72841, -1.26418]}", "facility": {"code": 19554}}, {"collection_date": "2015-08-19T15:05:42.929733+00:00", "source": {"name": "DHMT"}, "method": {"name": "Taken with GPS Device"}, "coordinates": "{\"type\": \"Point\", \"coordinates\": [34.7791314, -0.060703754]}", "facility": {"code": 20524}}, {"collection_date": "2015-08-19T15:05:42.906657+00:00", "source": {"name": "GPS"}, "method": {"name": "Taken with GPS Device"}, "coordinates": "{\"type\": \"Point\", \"coordinates\": [34.7628, 0.62037]}", "facility": {"code": 20017}}, {"collection_date": "2015-08-19T15:05:42.889809+00:00", "source": {"name": "DHRIO"}, "method": {"name": "Taken with GPS Device"}, "coordinates": "{\"type\": \"Point\", \"coordinates\": [36.65596, -1.35985]}", "facility": {"code": 19059}}, {"collection_date": "2015-08-19T15:05:42.869356+00:00", "source": {"name": "SARAM 2013"}, "method": {"name": "Taken with GPS Device"}, "coordinates": "{\"type\": \"Point\", \"coordinates\": [35.20801, -0.92395]}", "facility": {"code": 18506}}, {"collection_date": "2015-08-19T15:05:42.859108+00:00", "source": {"name": "DHRIO"}, "method": {"name": "Taken with GPS Device"}, "coordinates": "{\"type\": \"Point\", \"coordinates\": [36.82811, -1.28566]}", "facility": {"code": 19553}}, {"collection_date": "2015-08-19T15:05:42.795401+00:00", "source": {"name": "DHMT"}, "method": {"name": "Taken with GPS Device"}, "coordinates": "{\"type\": \"Point\", \"coordinates\": [34.76178, 0.1031]}", "facility": {"code": 20523}}, {"collection_date": "2015-08-19T15:05:42.778767+00:00", "source": {"name": "DHMT"}, "method": {"name": "Taken with GPS Device"}, "coordinates": "{\"type\": \"Point\", \"coordinates\": [39.4957, 1.01511]}", "facility": {"code": 19058}}, {"collection_date": "2015-08-19T15:05:42.737652+00:00", "source": {"name": "DHMT"}, "method": {"name": "Taken with GPS Device"}, "coordinates": "{\"type\": \"Point\", \"coordinates\": [34.785175, -0.058387]}", "facility": {"code": 20016}}, {"collection_date": "2015-08-19T15:05:42.726537+00:00", "source": {"name": "DHRIO"}, "method": {"name": "Taken with GPS Device"}, "coordinates": "{\"type\": \"Point\", \"coordinates\": [34.52895, -0.91639]}", "facility": {"code": 18503}}, {"collection_date": "2015-08-19T15:05:42.690158+00:00", "source": {"name": "DHMT"}, "method": {"name": "Taken with GPS Device"}, "coordinates": "{\"type\": \"Point\", \"coordinates\": [36.74537, -1.27038]}", "facility": {"code": 19552}}, {"collection_date": "2015-08-19T15:05:42.682358+00:00", "source": {"name": "0"}, "method": {"name": "Taken with GPS Device"}, "coordinates": "{\"type\": \"Point\", \"coordinates\": [33.9807, 0.0]}", "facility": {"code": 20522}}, {"collection_date": "2015-08-19T15:05:42.660272+00:00", "source": {"name": "DHRIO"}, "method": {"name": "Taken with GPS Device"}, "coordinates": "{\"type\": \"Point\", \"coordinates\": [36.65987, -1.38456]}", "facility": {"code": 19057}}, {"collection_date": "2015-08-19T15:05:42.591576+00:00", "source": {"name": "DHRIO"}, "method": {"name": "Taken with GPS Device"}, "coordinates": "{\"type\": \"Point\", \"coordinates\": [34.59887, -0.76395]}", "facility": {"code": 18502}}, {"collection_date": "2015-08-19T15:05:42.591527+00:00", "source": {"name": "DHMT"}, "method": {"name": "Taken with GPS Device"}, "coordinates": "{\"type\": \"Point\", \"coordinates\": [40.1382, -2.64012]}", "facility": {"code": 20015}}, {"collection_date": "2015-08-19T15:05:42.581258+00:00", "source": {"name": "DHMT"}, "method": {"name": "Taken with GPS Device"}, "coordinates": "{\"type\": \"Point\", \"coordinates\": [36.75237, -1.2644]}", "facility": {"code": 19551}}, {"collection_date": "2015-08-19T15:05:42.534446+00:00", "source": {"name": "SCHMT"}, "method": {"name": "Taken with GPS Device"}, "coordinates": "{\"type\": \"Point\", \"coordinates\": [36.49344, 0.01563]}", "facility": {"code": 20519}}, {"collection_date": "2015-08-19T15:05:42.520541+00:00", "source": {"name": "DHMT"}, "method": {"name": "Taken with GPS Device"}, "coordinates": "{\"type\": \"Point\", \"coordinates\": [36.68387, -1.3941]}", "facility": {"code": 19056}}, {"collection_date": "2015-08-19T15:05:42.469425+00:00", "source": {"name": "SARAM 2013"}, "method": {"name": "Taken with GPS Device"}, "coordinates": "{\"type\": \"Point\", \"coordinates\": [37.92261, 0.16811]}", "facility": {"code": 18501}}, {"collection_date": "2015-08-19T15:05:42.448570+00:00", "source": {"name": "DHRIO"}, "method": {"name": "Taken with GPS Device"}, "coordinates": "{\"type\": \"Point\", \"coordinates\": [36.81762, -1.28362]}", "facility": {"code": 19550}}, {"collection_date": "2015-08-19T15:05:42.436368+00:00", "source": {"name": "Gatundu District"}, "method": {"name": "Taken with GPS Device"}, "coordinates": "{\"type\": \"Point\", \"coordinates\": [36.91276, -1.02397]}", "facility": {"code": 20014}}, {"collection_date": "2015-08-19T15:05:42.390950+00:00", "source": {"name": "GPS"}, "method": {"name": "Taken with GPS Device"}, "coordinates": "{\"type\": \"Point\", \"coordinates\": [34.6128, 0.1572]}", "facility": {"code": 20516}}, {"collection_date": "2015-08-19T15:05:42.372220+00:00", "source": {"name": "DHRIO"}, "method": {"name": "Taken with GPS Device"}, "coordinates": "{\"type\": \"Point\", \"coordinates\": [36.66602, -1.34282]}", "facility": {"code": 19055}}, {"collection_date": "2015-08-19T15:05:42.358922+00:00", "source": {"name": "SARAM 2013"}, "method": {"name": "Taken with GPS Device"}, "coordinates": "{\"type\": \"Point\", \"coordinates\": [38.32987, -1.01685]}", "facility": {"code": 18500}}, {"collection_date": "2015-08-19T15:05:42.194665+00:00", "source": {"name": "GPS"}, "method": {"name": "Taken with GPS Device"}, "coordinates": "{\"type\": \"Point\", \"coordinates\": [34.27233, 0.06485]}", "facility": {"code": 20013}}, {"collection_date": "2015-08-19T15:05:42.181778+00:00", "source": {"name": "DHMT"}, "method": {"name": "Taken with GPS Device"}, "coordinates": "{\"type\": \"Point\", \"coordinates\": [36.80218, -1.26171]}", "facility": {"code": 19549}}, {"collection_date": "2015-08-19T15:05:42.157790+00:00", "source": {"name": "GPS"}, "method": {"name": "Taken with GPS Device"}, "coordinates": "{\"type\": \"Point\", \"coordinates\": [34.53126, 0.1357]}", "facility": {"code": 20515}}, {"collection_date": "2015-08-19T15:05:42.136181+00:00", "source": {"name": "DHRIO"}, "method": {"name": "Taken with GPS Device"}, "coordinates": "{\"type\": \"Point\", \"coordinates\": [36.75325, -1.3905]}", "facility": {"code": 19054}}, {"collection_date": "2015-08-19T15:05:42.088679+00:00", "source": {"name": "DHMT"}, "method": {"name": "Taken with GPS Device"}, "coordinates": "{\"type\": \"Point\", \"coordinates\": [39.34436, -4.17078]}", "facility": {"code": 18498}}, {"collection_date": "2015-08-19T15:05:42.081847+00:00", "source": {"name": "DHRIO"}, "method": {"name": "Taken with GPS Device"}, "coordinates": "{\"type\": \"Point\", \"coordinates\": [36.82619, -1.28853]}", "facility": {"code": 19548}}, {"collection_date": "2015-08-19T15:05:42.080409+00:00", "source": {"name": "GPS"}, "method": {"name": "Taken with GPS Device"}, "coordinates": "{\"type\": \"Point\", \"coordinates\": [34.43966, -1.08419]}", "facility": {"code": 20012}}, {"collection_date": "2015-08-19T15:05:42.050958+00:00", "source": {"name": "GSP"}, "method": {"name": "Taken with GPS Device"}, "coordinates": "{\"type\": \"Point\", \"coordinates\": [36.6557, 0.30754]}", "facility": {"code": 20514}}, {"collection_date": "2015-08-19T15:05:41.950375+00:00", "source": {"name": "DHRIO"}, "method": {"name": "Taken with GPS Device"}, "coordinates": "{\"type\": \"Point\", \"coordinates\": [36.67335, -1.33503]}", "facility": {"code": 19053}}, {"collection_date": "2015-08-19T15:05:41.824058+00:00", "source": {"name": "GPS"}, "method": {"name": "Taken with GPS Device"}, "coordinates": "{\"type\": \"Point\", \"coordinates\": [36.76455, -1.26386]}", "facility": {"code": 19547}}, {"collection_date": "2015-08-19T15:05:41.823885+00:00", "source": {"name": "GPS"}, "method": {"name": "Taken with GPS Device"}, "coordinates": "{\"type\": \"Point\", \"coordinates\": [35.84681, 0.04002]}", "facility": {"code": 20011}}, {"collection_date": "2015-08-19T15:05:41.823871+00:00", "source": {"name": "DHMT"}, "method": {"name": "Taken with GPS Device"}, "coordinates": "{\"type\": \"Point\", \"coordinates\": [35.16897, 0.0624]}", "facility": {"code": 18497}}, {"collection_date": "2015-08-19T15:05:41.683210+00:00", "source": {"name": "DHMT"}, "method": {"name": "Taken with GPS Device"}, "coordinates": "{\"type\": \"Point\", \"coordinates\": [34.78063, 0.09366]}", "facility": {"code": 20512}}, {"collection_date": "2015-08-19T15:05:41.549608+00:00", "source": {"name": "DHMT"}, "method": {"name": "Taken with GPS Device"}, "coordinates": "{\"type\": \"Point\", \"coordinates\": [35.79647, -0.27335]}", "facility": {"code": 19050}}, {"collection_date": "2015-08-19T15:05:41.415774+00:00", "source": {"name": "GPS"}, "method": {"name": "Taken with GPS Device"}, "coordinates": "{\"type\": \"Point\", \"coordinates\": [36.1001, 0.16148]}", "facility": {"code": 20010}}, {"collection_date": "2015-08-19T15:05:41.415212+00:00", "source": {"name": "DHMT"}, "method": {"name": "Taken with GPS Device"}, "coordinates": "{\"type\": \"Point\", \"coordinates\": [39.56725, -4.28058]}", "facility": {"code": 18496}}, {"collection_date": "2015-08-19T15:05:41.414826+00:00", "source": {"name": "DHMT"}, "method": {"name": "Taken with GPS Device"}, "coordinates": "{\"type\": \"Point\", \"coordinates\": [36.80263, -1.26425]}", "facility": {"code": 19546}}, {"collection_date": "2015-08-19T15:05:41.281392+00:00", "source": {"name": "DMOH"}, "method": {"name": "Taken with GPS Device"}, "coordinates": "{\"type\": \"Point\", \"coordinates\": [37.46582, -0.53879]}", "facility": {"code": 20511}}, {"collection_date": "2015-08-19T15:05:40.959196+00:00", "source": {"name": "DHMT"}, "method": {"name": "Taken with GPS Device"}, "coordinates": "{\"type\": \"Point\", \"coordinates\": [36.78362, -1.32118]}", "facility": {"code": 18495}}, {"collection_date": "2015-08-19T15:05:40.946672+00:00", "source": {"name": "GPS"}, "method": {"name": "Taken with GPS Device"}, "coordinates": "{\"type\": \"Point\", \"coordinates\": [35.89679, 0.22556]}", "facility": {"code": 20009}}, {"collection_date": "2015-08-19T15:05:40.946358+00:00", "source": {"name": "DHRIO"}, "method": {"name": "Taken with GPS Device"}, "coordinates": "{\"type\": \"Point\", \"coordinates\": [36.82391, -1.28494]}", "facility": {"code": 19545}}, {"collection_date": "2015-08-19T15:05:40.935343+00:00", "source": {"name": "DHMT"}, "method": {"name": "Taken with GPS Device"}, "coordinates": "{\"type\": \"Point\", \"coordinates\": [39.64527, -0.47189]}", "facility": {"code": 19048}}, {"collection_date": "2015-08-19T15:05:40.775763+00:00", "source": {"name": "DMOH"}, "method": {"name": "Taken with GPS Device"}, "coordinates": "{\"type\": \"Point\", \"coordinates\": [37.46342, -0.51568]}", "facility": {"code": 20510}}, {"collection_date": "2015-08-19T15:05:40.625409+00:00", "source": {"name": "GPS"}, "method": {"name": "Taken with GPS Device"}, "coordinates": "{\"type\": \"Point\", \"coordinates\": [35.85727, 0.10244]}", "facility": {"code": 20008}}, {"collection_date": "2015-08-19T15:05:40.624802+00:00", "source": {"name": "DHRIO"}, "method": {"name": "Taken with GPS Device"}, "coordinates": "{\"type\": \"Point\", \"coordinates\": [36.83002, -1.28567]}", "facility": {"code": 19544}}, {"collection_date": "2015-08-19T15:05:40.612061+00:00", "source": {"name": "DHMT"}, "method": {"name": "Taken with GPS Device"}, "coordinates": "{\"type\": \"Point\", \"coordinates\": [39.66254, -0.43417]}", "facility": {"code": 19047}}, {"collection_date": "2015-08-19T15:05:40.606980+00:00", "source": {"name": "DHMT"}, "method": {"name": "Taken with GPS Device"}, "coordinates": "{\"type\": \"Point\", \"coordinates\": [36.79693, -1.31717]}", "facility": {"code": 18494}}, {"collection_date": "2015-08-19T15:05:40.443199+00:00", "source": {"name": "DMOH"}, "method": {"name": "Taken with GPS Device"}, "coordinates": "{\"type\": \"Point\", \"coordinates\": [37.4528, -0.53113]}", "facility": {"code": 20509}}, {"collection_date": "2015-08-19T15:05:40.306363+00:00", "source": {"name": "DHMT"}, "method": {"name": "Taken with GPS Device"}, "coordinates": "{\"type\": \"Point\", \"coordinates\": [36.80241, -1.26387]}", "facility": {"code": 19543}}, {"collection_date": "2015-08-19T15:05:40.294458+00:00", "source": {"name": "GPS"}, "method": {"name": "Taken with GPS Device"}, "coordinates": "{\"type\": \"Point\", \"coordinates\": [35.85483, 0.19231]}", "facility": {"code": 20007}}, {"collection_date": "2015-08-19T15:05:40.291952+00:00", "source": {"name": "DHMT"}, "method": {"name": "Taken with GPS Device"}, "coordinates": "{\"type\": \"Point\", \"coordinates\": [36.79162, -2.54307]}", "facility": {"code": 19046}}, {"collection_date": "2015-08-19T15:05:40.280923+00:00", "source": {"name": "DHMT"}, "method": {"name": "Taken with GPS Device"}, "coordinates": "{\"type\": \"Point\", \"coordinates\": [34.72931, 0.11384]}", "facility": {"code": 18492}}, {"collection_date": "2015-08-19T15:05:40.122486+00:00", "source": {"name": "KEMRI GIS MERGE"}, "method": {"name": "Taken with GPS Device"}, "coordinates": "{\"type\": \"Point\", \"coordinates\": [37.60061, -0.480414]}", "facility": {"code": 20508}}, {"collection_date": "2015-08-19T15:05:40.093626+00:00", "source": {"name": "DHMT"}, "method": {"name": "Taken with GPS Device"}, "coordinates": "{\"type\": \"Point\", \"coordinates\": [39.65269, -0.43407]}", "facility": {"code": 19045}}, {"collection_date": "2015-08-19T15:05:39.944235+00:00", "source": {"name": "DHMT"}, "method": {"name": "Taken with GPS Device"}, "coordinates": "{\"type\": \"Point\", \"coordinates\": [36.73869, -1.28864]}", "facility": {"code": 19542}}, {"collection_date": "2015-08-19T15:05:39.934489+00:00", "source": {"name": "GPS"}, "method": {"name": "Taken with GPS Device"}, "coordinates": "{\"type\": \"Point\", \"coordinates\": [35.8175, 0.16573]}", "facility": {"code": 20006}}, {"collection_date": "2015-08-19T15:05:39.924676+00:00", "source": {"name": "DHMT"}, "method": {"name": "Taken with GPS Device"}, "coordinates": "{\"type\": \"Point\", \"coordinates\": [36.78862, -2.54501]}", "facility": {"code": 18491}}, {"collection_date": "2015-08-19T15:05:39.914228+00:00", "source": {"name": "GPS"}, "method": {"name": "Taken with GPS Device"}, "coordinates": "{\"type\": \"Point\", \"coordinates\": [34.90876, 0.06048]}", "facility": {"code": 20507}}, {"collection_date": "2015-08-19T15:05:39.765641+00:00", "source": {"name": "DHMT"}, "method": {"name": "Taken with GPS Device"}, "coordinates": "{\"type\": \"Point\", \"coordinates\": [39.65935, -0.43868]}", "facility": {"code": 19044}}, {"collection_date": "2015-08-19T15:05:39.596950+00:00", "source": {"name": "GPS"}, "method": {"name": "Taken with GPS Device"}, "coordinates": "{\"type\": \"Point\", \"coordinates\": [35.95392, 0.02736]}", "facility": {"code": 20005}}, {"collection_date": "2015-08-19T15:05:39.582181+00:00", "source": {"name": "DHRIO"}, "method": {"name": "Taken with GPS Device"}, "coordinates": "{\"type\": \"Point\", \"coordinates\": [36.83064, -1.28613]}", "facility": {"code": 19541}}, {"collection_date": "2015-08-19T15:05:39.569667+00:00", "source": {"name": "DHMT"}, "method": {"name": "Taken with GPS Device"}, "coordinates": "{\"type\": \"Point\", \"coordinates\": [36.79319, -2.54898]}", "facility": {"code": 18490}}, {"collection_date": "2015-08-19T15:05:39.566581+00:00", "source": {"name": "KEMRI GIS MERGE"}, "method": {"name": "Taken with GPS Device"}, "coordinates": "{\"type\": \"Point\", \"coordinates\": [37.57058, -0.0]}", "facility": {"code": 20505}}, {"collection_date": "2015-08-19T15:05:39.434988+00:00", "source": {"name": "DHMT"}, "method": {"name": "Taken with GPS Device"}, "coordinates": "{\"type\": \"Point\", \"coordinates\": [39.645, -0.45292]}", "facility": {"code": 19043}}, {"collection_date": "2015-08-19T15:05:39.367245+00:00", "source": {"name": "GPS"}, "method": {"name": "Calc from proximity to school, village,markets"}, "coordinates": "{\"type\": \"Point\", \"coordinates\": [35.80941, 0.24928]}", "facility": {"code": 20004}}, {"collection_date": "2015-08-19T15:05:39.358108+00:00", "source": {"name": "DHRIO"}, "method": {"name": "Taken with GPS Device"}, "coordinates": "{\"type\": \"Point\", \"coordinates\": [36.81864, -1.28232]}", "facility": {"code": 19540}}, {"collection_date": "2015-08-19T15:05:39.233547+00:00", "source": {"name": "DHMT"}, "method": {"name": "Taken with GPS Device"}, "coordinates": "{\"type\": \"Point\", \"coordinates\": [39.65081, -0.48358]}", "facility": {"code": 19042}}, {"collection_date": "2015-08-19T15:05:39.232597+00:00", "source": {"name": "DHRIO"}, "method": {"name": "Taken with GPS Device"}, "coordinates": "{\"type\": \"Point\", \"coordinates\": [36.87645, -1.25657]}", "facility": {"code": 20504}}, {"collection_date": "2015-08-19T15:05:39.226046+00:00", "source": {"name": "SARAM 2013"}, "method": {"name": "Taken with GPS Device"}, "coordinates": "{\"type\": \"Point\", \"coordinates\": [35.20788, -0.74647]}", "facility": {"code": 18489}}, {"collection_date": "2015-08-19T15:05:39.014259+00:00", "source": {"name": "DMOH"}, "method": {"name": "Taken with GPS Device"}, "coordinates": "{\"type\": \"Point\", \"coordinates\": [37.45449, -0.53097]}", "facility": {"code": 20502}}, {"collection_date": "2015-08-19T15:05:39.012067+00:00", "source": {"name": "DHMT"}, "method": {"name": "Taken with GPS Device"}, "coordinates": "{\"type\": \"Point\", \"coordinates\": [39.64287, -0.45342]}", "facility": {"code": 19041}}, {"collection_date": "2015-08-19T15:05:39.003550+00:00", "source": {"name": "DMHT"}, "method": {"name": "Taken with GPS Device"}, "coordinates": "{\"type\": \"Point\", \"coordinates\": [39.660851, -4.04339]}", "facility": {"code": 20003}}, {"collection_date": "2015-08-19T15:05:39.001938+00:00", "source": {"name": "DHMT"}, "method": {"name": "Taken with GPS Device"}, "coordinates": "{\"type\": \"Point\", \"coordinates\": [36.75078, -1.26372]}", "facility": {"code": 19539}}, {"collection_date": "2015-08-19T15:05:38.993166+00:00", "source": {"name": "SARAM 2013"}, "method": {"name": "Taken with GPS Device"}, "coordinates": "{\"type\": \"Point\", \"coordinates\": [36.78657, -1.28133]}", "facility": {"code": 18488}}, {"collection_date": "2015-08-19T15:05:38.690140+00:00", "source": {"name": "GPS"}, "method": {"name": "Taken with GPS Device"}, "coordinates": "{\"type\": \"Point\", \"coordinates\": [35.06837, 0.95137]}", "facility": {"code": 20002}}, {"collection_date": "2015-08-19T15:05:38.687885+00:00", "source": {"name": "SARAM"}, "method": {"name": "Taken with GPS Device"}, "coordinates": "{\"type\": \"Point\", \"coordinates\": [36.84749, -2.43682]}", "facility": {"code": 19040}}, {"collection_date": "2015-08-19T15:05:38.680135+00:00", "source": {"name": "chirchir"}, "method": {"name": "Taken with GPS Device"}, "coordinates": "{\"type\": \"Point\", \"coordinates\": [36.90172, -1.19949]}", "facility": {"code": 18486}}, {"collection_date": "2015-08-19T15:05:38.679642+00:00", "source": {"name": "GPS"}, "method": {"name": "Taken with GPS Device"}, "coordinates": "{\"type\": \"Point\", \"coordinates\": [37.75085, -0.49372]}", "facility": {"code": 20499}}, {"collection_date": "2015-08-19T15:05:38.670540+00:00", "source": {"name": "SARAM 2013"}, "method": {"name": "Taken with GPS Device"}, "coordinates": "{\"type\": \"Point\", \"coordinates\": [36.69471, -1.28105]}", "facility": {"code": 19538}}, {"collection_date": "2015-08-19T15:05:38.467642+00:00", "source": {"name": "DHMT"}, "method": {"name": "Taken with GPS Device"}, "coordinates": "{\"type\": \"Point\", \"coordinates\": [39.65093, -0.48382]}", "facility": {"code": 19039}}, {"collection_date": "2015-08-19T15:05:38.465492+00:00", "source": {"name": "chirchir"}, "method": {"name": "Taken with GPS Device"}, "coordinates": "{\"type\": \"Point\", \"coordinates\": [36.88579, -1.2274]}", "facility": {"code": 18485}}, {"collection_date": "2015-08-19T15:05:38.464930+00:00", "source": {"name": "GPS"}, "method": {"name": "Taken with GPS Device"}, "coordinates": "{\"type\": \"Point\", \"coordinates\": [37.83713, -0.5681]}", "facility": {"code": 20498}}, {"collection_date": "2015-08-19T15:05:38.452678+00:00", "source": {"name": "GPS"}, "method": {"name": "Taken with GPS Device"}, "coordinates": "{\"type\": \"Point\", \"coordinates\": [35.50892, 3.07424]}", "facility": {"code": 20001}}, {"collection_date": "2015-08-19T15:05:38.447051+00:00", "source": {"name": "DHMT"}, "method": {"name": "Taken with GPS Device"}, "coordinates": "{\"type\": \"Point\", \"coordinates\": [36.749, -1.26738]}", "facility": {"code": 19537}}, {"collection_date": "2015-08-19T15:05:38.265896+00:00", "source": {"name": "DHMT"}, "method": {"name": "Taken with GPS Device"}, "coordinates": "{\"type\": \"Point\", \"coordinates\": [39.64312, -0.45431]}", "facility": {"code": 19038}}, {"collection_date": "2015-08-19T15:05:38.252561+00:00", "source": {"name": "GPS"}, "method": {"name": "Taken with GPS Device"}, "coordinates": "{\"type\": \"Point\", \"coordinates\": [37.76571, -0.50904]}", "facility": {"code": 20497}}, {"collection_date": "2015-08-19T15:05:38.234202+00:00", "source": {"name": "chirchir"}, "method": {"name": "Taken with GPS Device"}, "coordinates": "{\"type\": \"Point\", \"coordinates\": [36.87993, -1.25775]}", "facility": {"code": 18484}}, {"collection_date": "2015-08-19T15:05:38.221224+00:00", "source": {"name": "GPS"}, "method": {"name": "Taken with GPS Device"}, "coordinates": "{\"type\": \"Point\", \"coordinates\": [35.6147, 3.1059]}", "facility": {"code": 20000}}, {"collection_date": "2015-08-19T15:05:38.199600+00:00", "source": {"name": "DHMT"}, "method": {"name": "Taken with GPS Device"}, "coordinates": "{\"type\": \"Point\", \"coordinates\": [36.74507, -1.27108]}", "facility": {"code": 19536}}, {"collection_date": "2015-08-19T15:05:38.085744+00:00", "source": {"name": "DHMT"}, "method": {"name": "Taken with GPS Device"}, "coordinates": "{\"type\": \"Point\", \"coordinates\": [39.64987, -0.46587]}", "facility": {"code": 19037}}], "model": "mfl_gis.FacilityCoordinates", "unique_fields": ["facility"]}]