[{"records": [{"collection_date": "2015-08-19T15:01:12.375145+00:00", "source": {"name": "DHMT"}, "method": {"name": "Taken with GPS Device"}, "coordinates": "{\"type\": \"Point\", \"coordinates\": [39.65755, -4.05252]}", "facility": {"code": 11303}}, {"collection_date": "2015-08-19T15:01:12.372388+00:00", "source": {"name": "KEMRI GIS MERGE"}, "method": {"name": "Taken with GPS Device"}, "coordinates": "{\"type\": \"Point\", \"coordinates\": [39.3639, -4.37916]}", "facility": {"code": 11685}}, {"collection_date": "2015-08-19T15:01:12.362015+00:00", "source": {"name": "SARAM 2013"}, "method": {"name": "Taken with GPS Device"}, "coordinates": "{\"type\": \"Point\", \"coordinates\": [36.92032, -0.58016]}", "facility": {"code": 10249}}, {"collection_date": "2015-08-19T15:01:12.355482+00:00", "source": {"name": "MOH"}, "method": {"name": "Taken with GPS Device"}, "coordinates": "{\"type\": \"Point\", \"coordinates\": [40.11485, -3.21693]}", "facility": {"code": 11844}}, {"collection_date": "2015-08-19T15:01:12.148943+00:00", "source": {"name": "SARAM 2013"}, "method": {"name": "Taken with GPS Device"}, "coordinates": "{\"type\": \"Point\", \"coordinates\": [36.88851, -0.54877]}", "facility": {"code": 10339}}, {"collection_date": "2015-08-19T15:01:12.140281+00:00", "source": {"name": "SARAM"}, "method": {"name": "Taken with GPS Device"}, "coordinates": "{\"type\": \"Point\", \"coordinates\": [36.96297, -2.32868]}", "facility": {"code": 15109}}, {"collection_date": "2015-08-19T15:01:12.130675+00:00", "source": {"name": "DHMT"}, "method": {"name": "Taken with GPS Device"}, "coordinates": "{\"type\": \"Point\", \"coordinates\": [37.75091, -3.08813]}", "facility": {"code": 14450}}, {"collection_date": "2015-08-19T15:01:12.118855+00:00", "source": {"name": "DHRIO"}, "method": {"name": "Taken with GPS Device"}, "coordinates": "{\"type\": \"Point\", \"coordinates\": [37.92109, -0.2801]}", "facility": {"code": 11969}}, {"collection_date": "2015-08-19T15:01:12.005498+00:00", "source": {"name": "Cold Chain Inventory (MoH/PATH/WHO) - Feb 2011"}, "method": {"name": "Taken with GPS Device"}, "coordinates": "{\"type\": \"Point\", \"coordinates\": [37.56268, -0.65624]}", "facility": {"code": 12431}}, {"collection_date": "2015-08-19T15:01:11.937058+00:00", "source": {"name": "DHMT"}, "method": {"name": "Taken with GPS Device"}, "coordinates": "{\"type\": \"Point\", \"coordinates\": [37.32681, -1.66259]}", "facility": {"code": 12687}}, {"collection_date": "2015-08-19T15:01:11.917662+00:00", "source": {"name": "KEMRI GIS MERGE"}, "method": {"name": "Calc from proximity to school, village,markets"}, "coordinates": "{\"type\": \"Point\", \"coordinates\": [39.66755, -4.07196]}", "facility": {"code": 11831}}, {"collection_date": "2015-08-19T15:01:11.907647+00:00", "source": {"name": "Cold Chain Inventory (MoH/PATH/WHO) - Feb 2011"}, "method": {"name": "Taken with GPS Device"}, "coordinates": "{\"type\": \"Point\", \"coordinates\": [34.07347, -0.02495]}", "facility": {"code": 14023}}, {"collection_date": "2015-08-19T15:01:11.795424+00:00", "source": {"name": "GPS"}, "method": {"name": "Taken with GPS Device"}, "coordinates": "{\"type\": \"Point\", \"coordinates\": [37.06437, -0.41278]}", "facility": {"code": 10870}}, {"collection_date": "2015-08-19T15:01:11.771824+00:00", "source": {"name": "Cold Chain Inventory (MoH/PATH/WHO) - Feb 2011"}, "method": {"name": "Taken with GPS Device"}, "coordinates": "{\"type\": \"Point\", \"coordinates\": [36.83447, 0.8793]}", "facility": {"code": 14504}}, {"collection_date": "2015-08-19T15:01:11.711395+00:00", "source": {"name": "DHMT"}, "method": {"name": "Taken with GPS Device"}, "coordinates": "{\"type\": \"Point\", \"coordinates\": [37.25543, -1.5496]}", "facility": {"code": 12317}}, {"collection_date": "2015-08-19T15:01:11.693054+00:00", "source": {"name": "HMIS OFFICE"}, "method": {"name": "Taken with GPS Device"}, "coordinates": "{\"type\": \"Point\", \"coordinates\": [40.43775, -2.48735]}", "facility": {"code": 11456}}, {"collection_date": "2015-08-19T15:01:11.685352+00:00", "source": {"name": "DHMT"}, "method": {"name": "Taken with GPS Device"}, "coordinates": "{\"type\": \"Point\", \"coordinates\": [36.70595, -1.32092]}", "facility": {"code": 13003}}, {"collection_date": "2015-08-19T15:01:11.557356+00:00", "source": {"name": "KEMRI GIS MERGE"}, "method": {"name": "Taken with GPS Device"}, "coordinates": "{\"type\": \"Point\", \"coordinates\": [36.71516, -1.27885]}", "facility": {"code": 13249}}, {"collection_date": "2015-08-19T15:01:11.557238+00:00", "source": {"name": "Cold Chain Inventory (MoH/PATH/WHO) - Feb 2011"}, "method": {"name": "Taken with GPS Device"}, "coordinates": "{\"type\": \"Point\", \"coordinates\": [34.67592, -0.52445]}", "facility": {"code": 13873}}, {"collection_date": "2015-08-19T15:01:11.469960+00:00", "source": {"name": "Sublocation Centroid Exercise of MOH/ICF Macro"}, "method": {"name": "Taken with GPS Device"}, "coordinates": "{\"type\": \"Point\", \"coordinates\": [35.58496, -0.47666]}", "facility": {"code": 16391}}, {"collection_date": "2015-08-19T15:01:11.312853+00:00", "source": {"name": "DHMT GIS MERGE"}, "method": {"name": "Taken with GPS Device"}, "coordinates": "{\"type\": \"Point\", \"coordinates\": [39.48973, -4.24513]}", "facility": {"code": 11587}}, {"collection_date": "2015-08-19T15:01:11.304541+00:00", "source": {"name": "KEMRI GIS MERGE"}, "method": {"name": "Taken with GPS Device"}, "coordinates": "{\"type\": \"Point\", \"coordinates\": [36.21256, -2.03936]}", "facility": {"code": 15418}}, {"collection_date": "2015-08-19T15:01:11.270476+00:00", "source": {"name": "GPS"}, "method": {"name": "Taken with GPS Device"}, "coordinates": "{\"type\": \"Point\", \"coordinates\": [40.26437, -2.23298]}", "facility": {"code": 11907}}, {"collection_date": "2015-08-19T15:01:11.236734+00:00", "source": {"name": "KEMRI GIS MERGE"}, "method": {"name": "Taken with GPS Device"}, "coordinates": "{\"type\": \"Point\", \"coordinates\": [34.21409, 0.32244]}", "facility": {"code": 15816}}, {"collection_date": "2015-08-19T15:01:11.226008+00:00", "source": {"name": "KEMRI GIS MERGE"}, "method": {"name": "Taken with GPS Device"}, "coordinates": "{\"type\": \"Point\", \"coordinates\": [34.74908, -0.71171]}", "facility": {"code": 13786}}, {"collection_date": "2015-08-19T15:01:11.089545+00:00", "source": {"name": "SARAM"}, "method": {"name": "Taken with GPS Device"}, "coordinates": "{\"type\": \"Point\", \"coordinates\": [36.54962, -2.4109]}", "facility": {"code": 15182}}, {"collection_date": "2015-08-19T15:01:11.068290+00:00", "source": {"name": "KEMRI GIS MERGE"}, "method": {"name": "Taken with GPS Device"}, "coordinates": "{\"type\": \"Point\", \"coordinates\": [37.16091, -0.45692]}", "facility": {"code": 10427}}, {"collection_date": "2015-08-19T15:01:11.063110+00:00", "source": {"name": "KEMRI GIS MERGE"}, "method": {"name": "Calc from proximity to school, village,markets"}, "coordinates": "{\"type\": \"Point\", \"coordinates\": [34.9084, -0.48712]}", "facility": {"code": 13894}}, {"collection_date": "2015-08-19T15:01:11.035492+00:00", "source": {"name": "DHMT"}, "method": {"name": "Taken with GPS Device"}, "coordinates": "{\"type\": \"Point\", \"coordinates\": [37.62472, -1.8046]}", "facility": {"code": 12456}}, {"collection_date": "2015-08-19T15:01:11.026038+00:00", "source": {"name": "DHRIO"}, "method": {"name": "Taken with GPS Device"}, "coordinates": "{\"type\": \"Point\", \"coordinates\": [34.3162, 0.37825]}", "facility": {"code": 15840}}, {"collection_date": "2015-08-19T15:01:10.831969+00:00", "source": {"name": "KEMRI GIS MERGE"}, "method": {"name": "Taken with GPS Device"}, "coordinates": "{\"type\": \"Point\", \"coordinates\": [36.40975, -2.26394]}", "facility": {"code": 15737}}, {"collection_date": "2015-08-19T15:01:10.829012+00:00", "source": {"name": "Cold Chain Inventory (MoH/PATH/WHO) - Feb 2011"}, "method": {"name": "Taken with GPS Device"}, "coordinates": "{\"type\": \"Point\", \"coordinates\": [34.28944, -1.10221]}", "facility": {"code": 13576}}, {"collection_date": "2015-08-19T15:01:10.820331+00:00", "source": {"name": "DHMT"}, "method": {"name": "Taken with GPS Device"}, "coordinates": "{\"type\": \"Point\", \"coordinates\": [36.7492, -1.2671]}", "facility": {"code": 13001}}, {"collection_date": "2015-08-19T15:01:10.805878+00:00", "source": {"name": "KEMRI GIS MERGE"}, "method": {"name": "Taken with GPS Device"}, "coordinates": "{\"type\": \"Point\", \"coordinates\": [37.50492, -1.4939]}", "facility": {"code": 12594}}, {"collection_date": "2015-08-19T15:01:10.767604+00:00", "source": {"name": "DHMT"}, "method": {"name": "Taken with GPS Device"}, "coordinates": "{\"type\": \"Point\", \"coordinates\": [39.07111, 3.52435]}", "facility": {"code": 12057}}, {"collection_date": "2015-08-19T15:01:10.594189+00:00", "source": {"name": "DHMT"}, "method": {"name": "Taken with GPS Device"}, "coordinates": "{\"type\": \"Point\", \"coordinates\": [38.15888, -0.62788]}", "facility": {"code": 12213}}, {"collection_date": "2015-08-19T15:01:10.582143+00:00", "source": {"name": "SARAM"}, "method": {"name": "Taken with GPS Device"}, "coordinates": "{\"type\": \"Point\", \"coordinates\": [37.09308, -1.94654]}", "facility": {"code": 14441}}, {"collection_date": "2015-08-19T15:01:10.561591+00:00", "source": {"name": "Sublocation Centroid Exercise of MOH/ICF Macro"}, "method": {"name": "Taken with GPS Device"}, "coordinates": "{\"type\": \"Point\", \"coordinates\": [37.47354, -1.6895]}", "facility": {"code": 12369}}, {"collection_date": "2015-08-19T15:01:10.549923+00:00", "source": {"name": "KEMRI GIS MERGE"}, "method": {"name": "Calc from proximity to school, village,markets"}, "coordinates": "{\"type\": \"Point\", \"coordinates\": [37.4961, -1.30981]}", "facility": {"code": 12412}}, {"collection_date": "2015-08-19T15:01:10.548542+00:00", "source": {"name": "SCHMT"}, "method": {"name": "Taken with GPS Device"}, "coordinates": "{\"type\": \"Point\", \"coordinates\": [38.11068, -1.26173]}", "facility": {"code": 12519}}, {"collection_date": "2015-08-19T15:01:10.479461+00:00", "source": {"name": "Cold Chain Inventory (MoH/PATH/WHO) - Feb 2011"}, "method": {"name": "Taken with GPS Device"}, "coordinates": "{\"type\": \"Point\", \"coordinates\": [34.67552, 0.28744]}", "facility": {"code": 16763}}, {"collection_date": "2015-08-19T15:01:10.468805+00:00", "source": {"name": "DHMT"}, "method": {"name": "Taken with GPS Device"}, "coordinates": "{\"type\": \"Point\", \"coordinates\": [34.52851, -1.049]}", "facility": {"code": 13582}}, {"collection_date": "2015-08-19T15:01:10.326974+00:00", "source": {"name": "DHMT"}, "method": {"name": "Taken with GPS Device"}, "coordinates": "{\"type\": \"Point\", \"coordinates\": [37.32272, -0.72679]}", "facility": {"code": 10798}}, {"collection_date": "2015-08-19T15:01:10.326923+00:00", "source": {"name": "GPS"}, "method": {"name": "Taken with GPS Device"}, "coordinates": "{\"type\": \"Point\", \"coordinates\": [34.89357, -0.64391]}", "facility": {"code": 13504}}, {"collection_date": "2015-08-19T15:01:10.291948+00:00", "source": {"name": "KEMRI GIS MERGE"}, "method": {"name": "Taken with GPS Device"}, "coordinates": "{\"type\": \"Point\", \"coordinates\": [35.786159, -0.20515]}", "facility": {"code": 15509}}, {"collection_date": "2015-08-19T15:01:10.268492+00:00", "source": {"name": "DHMT"}, "method": {"name": "Taken with GPS Device"}, "coordinates": "{\"type\": \"Point\", \"coordinates\": [35.7349, -0.24807]}", "facility": {"code": 16392}}, {"collection_date": "2015-08-19T15:01:10.262374+00:00", "source": {"name": "Sublocation Centroid Exercise of MOH/ICF Macro"}, "method": {"name": "Taken with GPS Device"}, "coordinates": "{\"type\": \"Point\", \"coordinates\": [41.21955, 3.26771]}", "facility": {"code": 16293}}, {"collection_date": "2015-08-19T15:01:10.207120+00:00", "source": {"name": "Cold Chain Inventory (MoH/PATH/WHO) - Feb 2011"}, "method": {"name": "Taken with GPS Device"}, "coordinates": "{\"type\": \"Point\", \"coordinates\": [34.62432, -1.10925]}", "facility": {"code": 16276}}, {"collection_date": "2015-08-19T15:01:10.193162+00:00", "source": {"name": "Sublocation Centroid Exercise of MOH/ICF Macro"}, "method": {"name": "Other"}, "coordinates": "{\"type\": \"Point\", \"coordinates\": [40.90326, -2.27312]}", "facility": {"code": 11729}}, {"collection_date": "2015-08-19T15:01:10.179790+00:00", "source": {"name": "KEMRI GIS MERGE"}, "method": {"name": "Taken with GPS Device"}, "coordinates": "{\"type\": \"Point\", \"coordinates\": [35.85166, -0.30123]}", "facility": {"code": 15370}}, {"collection_date": "2015-08-19T15:01:10.046555+00:00", "source": {"name": "Sublocation Centroid Exercise of MOH/ICF Macro"}, "method": {"name": "Other"}, "coordinates": "{\"type\": \"Point\", \"coordinates\": [35.9398, -0.339278]}", "facility": {"code": 14554}}, {"collection_date": "2015-08-19T15:01:10.026055+00:00", "source": {"name": "Cold Chain Inventory (MoH/PATH/WHO) - Feb 2011"}, "method": {"name": "Taken with GPS Device"}, "coordinates": "{\"type\": \"Point\", \"coordinates\": [37.05196, -0.28465]}", "facility": {"code": 10435}}, {"collection_date": "2015-08-19T15:01:09.979306+00:00", "source": {"name": "DHRIO office Nyando"}, "method": {"name": "Taken with GPS Device"}, "coordinates": "{\"type\": \"Point\", \"coordinates\": [34.97284, -0.26973]}", "facility": {"code": 13657}}, {"collection_date": "2015-08-19T15:01:09.968153+00:00", "source": {"name": "DHMT"}, "method": {"name": "Taken with GPS Device"}, "coordinates": "{\"type\": \"Point\", \"coordinates\": [37.66195, -0.04068]}", "facility": {"code": 12744}}, {"collection_date": "2015-08-19T15:01:09.957788+00:00", "source": {"name": "Sublocation Centroid Exercise of MOH/ICF Macro"}, "method": {"name": "Other"}, "coordinates": "{\"type\": \"Point\", \"coordinates\": [34.3461, -1.14826]}", "facility": {"code": 16272}}, {"collection_date": "2015-08-19T15:01:09.918791+00:00", "source": {"name": "DHMT"}, "method": {"name": "Taken with GPS Device"}, "coordinates": "{\"type\": \"Point\", \"coordinates\": [37.25096, -1.42681]}", "facility": {"code": 12648}}, {"collection_date": "2015-08-19T15:01:09.901395+00:00", "source": {"name": "HMIS"}, "method": {"name": "Taken with GPS Device"}, "coordinates": "{\"type\": \"Point\", \"coordinates\": [34.30196, -0.75302]}", "facility": {"code": 13686}}, {"collection_date": "2015-08-19T15:01:09.734813+00:00", "source": {"name": "Cold Chain Inventory (MoH/PATH/WHO) - Feb 2011"}, "method": {"name": "Taken with GPS Device"}, "coordinates": "{\"type\": \"Point\", \"coordinates\": [38.63739, 3.56284]}", "facility": {"code": 12708}}, {"collection_date": "2015-08-19T15:01:09.729853+00:00", "source": {"name": "KEMRI GIS MERGE"}, "method": {"name": "Taken with GPS Device"}, "coordinates": "{\"type\": \"Point\", \"coordinates\": [36.91802, -1.03347]}", "facility": {"code": 11034}}, {"collection_date": "2015-08-19T15:01:09.711480+00:00", "source": {"name": "KEMRI GIS MERGE"}, "method": {"name": "Calc from proximity to school, village,markets"}, "coordinates": "{\"type\": \"Point\", \"coordinates\": [37.45455, -0.53616]}", "facility": {"code": 11984}}, {"collection_date": "2015-08-19T15:01:09.694645+00:00", "source": {"name": "KEMRI GIS MERGE"}, "method": {"name": "Calc from proximity to school, village,markets"}, "coordinates": "{\"type\": \"Point\", \"coordinates\": [34.307, -0.67757]}", "facility": {"code": 13732}}, {"collection_date": "2015-08-19T15:01:09.676166+00:00", "source": {"name": "Cold Chain Inventory (MoH/PATH/WHO) - Feb 2011"}, "method": {"name": "Taken with GPS Device"}, "coordinates": "{\"type\": \"Point\", \"coordinates\": [37.18468, -0.41685]}", "facility": {"code": 10361}}, {"collection_date": "2015-08-19T15:01:09.600699+00:00", "source": {"name": "SARAM 2013"}, "method": {"name": "Taken with GPS Device"}, "coordinates": "{\"type\": \"Point\", \"coordinates\": [36.73023, -0.22811]}", "facility": {"code": 10055}}, {"collection_date": "2015-08-19T15:01:09.592915+00:00", "source": {"name": "KEMRI GIS MERGE"}, "method": {"name": "Taken with GPS Device"}, "coordinates": "{\"type\": \"Point\", \"coordinates\": [34.39193, -0.58486]}", "facility": {"code": 13761}}, {"collection_date": "2015-08-19T15:01:09.587831+00:00", "source": {"name": "DHMT Kuria West"}, "method": {"name": "Taken with GPS Device"}, "coordinates": "{\"type\": \"Point\", \"coordinates\": [34.46654, -1.114017]}", "facility": {"code": 13851}}, {"collection_date": "2015-08-19T15:01:09.435743+00:00", "source": {"name": "DMOH-CCI Activity"}, "method": {"name": "Taken with GPS Device"}, "coordinates": "{\"type\": \"Point\", \"coordinates\": [38.03584, -1.13749]}", "facility": {"code": 12268}}, {"collection_date": "2015-08-19T15:01:09.413741+00:00", "source": {"name": "KEMRI GIS MERGE"}, "method": {"name": "Calc from proximity to school, village,markets"}, "coordinates": "{\"type\": \"Point\", \"coordinates\": [34.88063, -0.49882]}", "facility": {"code": 13935}}, {"collection_date": "2015-08-19T15:01:09.392196+00:00", "source": {"name": "DHMT"}, "method": {"name": "Taken with GPS Device"}, "coordinates": "{\"type\": \"Point\", \"coordinates\": [36.842936, -1.256241]}", "facility": {"code": 13009}}, {"collection_date": "2015-08-19T15:01:09.379835+00:00", "source": {"name": "SARAM 2013"}, "method": {"name": "Taken with GPS Device"}, "coordinates": "{\"type\": \"Point\", \"coordinates\": [37.27411, -1.42327]}", "facility": {"code": 12796}}, {"collection_date": "2015-08-19T15:01:09.331254+00:00", "source": {"name": "Cold Chain Inventory (MoH/PATH/WHO) - Feb 2011"}, "method": {"name": "Taken with GPS Device"}, "coordinates": "{\"type\": \"Point\", \"coordinates\": [34.36585, -0.80291]}", "facility": {"code": 13855}}, {"collection_date": "2015-08-19T15:01:09.313656+00:00", "source": {"name": "Cold Chain Inventory (MoH/PATH/WHO) - Feb 2011"}, "method": {"name": "Taken with GPS Device"}, "coordinates": "{\"type\": \"Point\", \"coordinates\": [34.33921, -0.97484]}", "facility": {"code": 16270}}, {"collection_date": "2015-08-19T15:01:09.303193+00:00", "source": {"name": "Cold Chain Inventory (MoH/PATH/WHO) - Feb 2011"}, "method": {"name": "Taken with GPS Device"}, "coordinates": "{\"type\": \"Point\", \"coordinates\": [37.89736, -0.43183]}", "facility": {"code": 12590}}, {"collection_date": "2015-08-19T15:01:09.249211+00:00", "source": {"name": "DHMT"}, "method": {"name": "Taken with GPS Device"}, "coordinates": "{\"type\": \"Point\", \"coordinates\": [36.80337, -1.27623]}", "facility": {"code": 13231}}, {"collection_date": "2015-08-19T15:01:09.235536+00:00", "source": {"name": "KEMRI GIS MERGE"}, "method": {"name": "Calc from proximity to school, village,markets"}, "coordinates": "{\"type\": \"Point\", \"coordinates\": [36.59682, -1.15348]}", "facility": {"code": 10831}}, {"collection_date": "2015-08-19T15:01:09.187531+00:00", "source": {"name": "DHMT"}, "method": {"name": "Taken with GPS Device"}, "coordinates": "{\"type\": \"Point\", \"coordinates\": [34.79048, -0.02782]}", "facility": {"code": 13647}}, {"collection_date": "2015-08-19T15:01:09.164400+00:00", "source": {"name": "Cold Chain Inventory (MoH/PATH/WHO) - Feb 2011"}, "method": {"name": "Taken with GPS Device"}, "coordinates": "{\"type\": \"Point\", \"coordinates\": [34.43956, -0.76661]}", "facility": {"code": 13952}}, {"collection_date": "2015-08-19T15:01:09.144044+00:00", "source": {"name": "DHMT"}, "method": {"name": "Taken with GPS Device"}, "coordinates": "{\"type\": \"Point\", \"coordinates\": [40.53216, 1.74245]}", "facility": {"code": 13451}}, {"collection_date": "2015-08-19T15:01:09.129923+00:00", "source": {"name": "KEMRI GIS MERGE"}, "method": {"name": "Taken with GPS Device"}, "coordinates": "{\"type\": \"Point\", \"coordinates\": [34.74821, -0.10109]}", "facility": {"code": 14027}}, {"collection_date": "2015-08-19T15:01:09.088603+00:00", "source": {"name": "DHRIO Nyando"}, "method": {"name": "Taken with GPS Device"}, "coordinates": "{\"type\": \"Point\", \"coordinates\": [34.89063, -0.24004]}", "facility": {"code": 16283}}, {"collection_date": "2015-08-19T15:01:09.066339+00:00", "source": {"name": "Cold Chain Inventory (MoH/PATH/WHO) - Feb 2011"}, "method": {"name": "Taken with GPS Device"}, "coordinates": "{\"type\": \"Point\", \"coordinates\": [34.06897, -1.00814]}", "facility": {"code": 16271}}, {"collection_date": "2015-08-19T15:01:09.056362+00:00", "source": {"name": "Cold Chain Inventory (MoH/PATH/WHO) - Feb 2011"}, "method": {"name": "Taken with GPS Device"}, "coordinates": "{\"type\": \"Point\", \"coordinates\": [34.45512, -0.73314]}", "facility": {"code": 13979}}, {"collection_date": "2015-08-19T15:01:08.989354+00:00", "source": {"name": "DHMT"}, "method": {"name": "Taken with GPS Device"}, "coordinates": "{\"type\": \"Point\", \"coordinates\": [34.61057, -0.00079]}", "facility": {"code": 14094}}, {"collection_date": "2015-08-19T15:01:08.979488+00:00", "source": {"name": "KEMRI GIS MERGE"}, "method": {"name": "Taken with GPS Device"}, "coordinates": "{\"type\": \"Point\", \"coordinates\": [34.80427, -0.00573]}", "facility": {"code": 13591}}, {"collection_date": "2015-08-19T15:01:08.971077+00:00", "source": {"name": "DHRIO Nyando"}, "method": {"name": "Taken with GPS Device"}, "coordinates": "{\"type\": \"Point\", \"coordinates\": [34.95048, -0.11154]}", "facility": {"code": 13968}}, {"collection_date": "2015-08-19T15:01:08.931789+00:00", "source": {"name": "DMOH-CCI Activity"}, "method": {"name": "Taken with GPS Device"}, "coordinates": "{\"type\": \"Point\", \"coordinates\": [38.0714, -1.1033]}", "facility": {"code": 12689}}, {"collection_date": "2015-08-19T15:01:08.911757+00:00", "source": {"name": "Cold Chain Inventory (MoH/PATH/WHO) - Feb 2011"}, "method": {"name": "Taken with GPS Device"}, "coordinates": "{\"type\": \"Point\", \"coordinates\": [34.45558, -0.84191]}", "facility": {"code": 14015}}, {"collection_date": "2015-08-19T15:01:08.855619+00:00", "source": {"name": "DHMT"}, "method": {"name": "Taken with GPS Device"}, "coordinates": "{\"type\": \"Point\", \"coordinates\": [34.79305, -0.0475]}", "facility": {"code": 14088}}, {"collection_date": "2015-08-19T15:01:08.838765+00:00", "source": {"name": "MOPHS"}, "method": {"name": "Taken with GPS Device"}, "coordinates": "{\"type\": \"Point\", \"coordinates\": [37.67846, 0.02791]}", "facility": {"code": 12071}}, {"collection_date": "2015-08-19T15:01:08.822858+00:00", "source": {"name": "Cold Chain Inventory (MoH/PATH/WHO) - Feb 2011"}, "method": {"name": "Taken with GPS Device"}, "coordinates": "{\"type\": \"Point\", \"coordinates\": [34.95534, -0.43524]}", "facility": {"code": 14002}}, {"collection_date": "2015-08-19T15:01:08.814457+00:00", "source": {"name": "DMOH- CCI activity"}, "method": {"name": "Taken with GPS Device"}, "coordinates": "{\"type\": \"Point\", \"coordinates\": [38.1045, -1.01817]}", "facility": {"code": 12214}}, {"collection_date": "2015-08-19T15:01:08.778399+00:00", "source": {"name": "Cold Chain Inventory (MoH/PATH/WHO) - Feb 2011"}, "method": {"name": "Taken with GPS Device"}, "coordinates": "{\"type\": \"Point\", \"coordinates\": [34.5468, -0.67527]}", "facility": {"code": 16258}}, {"collection_date": "2015-08-19T15:01:08.726940+00:00", "source": {"name": "Cold Chain Inventory (MoH/PATH/WHO) - Feb 2011"}, "method": {"name": "Taken with GPS Device"}, "coordinates": "{\"type\": \"Point\", \"coordinates\": [37.79763, -0.78173]}", "facility": {"code": 12022}}, {"collection_date": "2015-08-19T15:01:08.722471+00:00", "source": {"name": "SARAM 2013"}, "method": {"name": "Taken with GPS Device"}, "coordinates": "{\"type\": \"Point\", \"coordinates\": [39.57947, -4.27116]}", "facility": {"code": 16546}}, {"collection_date": "2015-08-19T15:01:08.699570+00:00", "source": {"name": "DHMT"}, "method": {"name": "Taken with GPS Device"}, "coordinates": "{\"type\": \"Point\", \"coordinates\": [37.39054, -0.46852]}", "facility": {"code": 10545}}, {"collection_date": "2015-08-19T15:01:08.665308+00:00", "source": {"name": "DMOH"}, "method": {"name": "Taken with GPS Device"}, "coordinates": "{\"type\": \"Point\", \"coordinates\": [38.24594, -0.85101]}", "facility": {"code": 12011}}, {"collection_date": "2015-08-19T15:01:08.643336+00:00", "source": {"name": "Cold Chain Inventory (MoH/PATH/WHO) - Feb 2011"}, "method": {"name": "Taken with GPS Device"}, "coordinates": "{\"type\": \"Point\", \"coordinates\": [34.42877, -0.6829]}", "facility": {"code": 16259}}, {"collection_date": "2015-08-19T15:01:08.577109+00:00", "source": {"name": "Cold Chain Inventory (MoH/PATH/WHO) - Feb 2011"}, "method": {"name": "Taken with GPS Device"}, "coordinates": "{\"type\": \"Point\", \"coordinates\": [34.41015, -1.05872]}", "facility": {"code": 14069}}, {"collection_date": "2015-08-19T15:01:08.567118+00:00", "source": {"name": "GPS"}, "method": {"name": "Taken with GPS Device"}, "coordinates": "{\"type\": \"Point\", \"coordinates\": [34.77702, 0.87918]}", "facility": {"code": 15925}}, {"collection_date": "2015-08-19T15:01:08.555060+00:00", "source": {"name": "KEMRI GIS MERGE"}, "method": {"name": "Calc from proximity to school, village,markets"}, "coordinates": "{\"type\": \"Point\", \"coordinates\": [36.9082, 0.822]}", "facility": {"code": 15379}}], "model": "mfl_gis.FacilityCoordinates", "unique_fields": ["facility"]}]