[{"records": [{"collection_date": "2015-08-19T15:00:52.221393+00:00", "source": {"name": "KEMRI GIS MERGE"}, "method": {"name": "Taken with GPS Device"}, "coordinates": "{\"type\": \"Point\", \"coordinates\": [36.85087, -1.27175]}", "facility": {"code": 12930}}, {"collection_date": "2015-08-19T15:00:52.212522+00:00", "source": {"name": "KEMRI GIS MERGE"}, "method": {"name": "Taken with GPS Device"}, "coordinates": "{\"type\": \"Point\", \"coordinates\": [34.77067, -0.57085]}", "facility": {"code": 13943}}, {"collection_date": "2015-08-19T15:00:52.188818+00:00", "source": {"name": "DHRIO"}, "method": {"name": "Taken with GPS Device"}, "coordinates": "{\"type\": \"Point\", \"coordinates\": [37.86368, -0.15112]}", "facility": {"code": 16738}}, {"collection_date": "2015-08-19T15:00:52.086517+00:00", "source": {"name": "Sublocation Centroid Exercise of MOH/ICF Macro"}, "method": {"name": "Other"}, "coordinates": "{\"type\": \"Point\", \"coordinates\": [34.9042, 0.71013]}", "facility": {"code": 16092}}, {"collection_date": "2015-08-19T15:00:52.044509+00:00", "source": {"name": "SARAM"}, "method": {"name": "Taken with GPS Device"}, "coordinates": "{\"type\": \"Point\", \"coordinates\": [37.76527, -0.25369]}", "facility": {"code": 16645}}, {"collection_date": "2015-08-19T15:00:52.016659+00:00", "source": {"name": "KEMRI GIS MERGE"}, "method": {"name": "Taken with GPS Device"}, "coordinates": "{\"type\": \"Point\", \"coordinates\": [37.02947, -0.71178]}", "facility": {"code": 10636}}, {"collection_date": "2015-08-19T15:00:51.432624+00:00", "source": {"name": "Cold Chain Inventory (MoH/PATH/WHO) - Feb 2011"}, "method": {"name": "Taken with GPS Device"}, "coordinates": "{\"type\": \"Point\", \"coordinates\": [34.30875, -0.71297]}", "facility": {"code": 13728}}, {"collection_date": "2015-08-19T15:00:51.390834+00:00", "source": {"name": "John Monyancha"}, "method": {"name": "Taken with GPS Device"}, "coordinates": "{\"type\": \"Point\", \"coordinates\": [34.94123, -0.47118]}", "facility": {"code": 13475}}, {"collection_date": "2015-08-19T15:00:51.379208+00:00", "source": {"name": "DHMT"}, "method": {"name": "Taken with GPS Device"}, "coordinates": "{\"type\": \"Point\", \"coordinates\": [35.6967, -1.67601]}", "facility": {"code": 14462}}, {"collection_date": "2015-08-19T15:00:51.377086+00:00", "source": {"name": "KEMRI GIS MERGE"}, "method": {"name": "Taken with GPS Device"}, "coordinates": "{\"type\": \"Point\", \"coordinates\": [37.24632, 0.30935]}", "facility": {"code": 14197}}, {"collection_date": "2015-08-19T15:00:51.214123+00:00", "source": {"name": "DHMT"}, "method": {"name": "Taken with GPS Device"}, "coordinates": "{\"type\": \"Point\", \"coordinates\": [37.59157, -0.05361]}", "facility": {"code": 12283}}, {"collection_date": "2015-08-19T15:00:51.202637+00:00", "source": {"name": "Sublocation Centroid Exercise of MOH/ICF Macro"}, "method": {"name": "Other"}, "coordinates": "{\"type\": \"Point\", \"coordinates\": [36.821, -1.2852]}", "facility": {"code": 12901}}, {"collection_date": "2015-08-19T15:00:51.187387+00:00", "source": {"name": "DHMT"}, "method": {"name": "Taken with GPS Device"}, "coordinates": "{\"type\": \"Point\", \"coordinates\": [37.25188, -1.45436]}", "facility": {"code": 12602}}, {"collection_date": "2015-08-19T15:00:51.174890+00:00", "source": {"name": "Sublocation Centroid Exercise of MOH/ICF Macro"}, "method": {"name": "Other"}, "coordinates": "{\"type\": \"Point\", \"coordinates\": [34.861, 0.576312]}", "facility": {"code": 15858}}, {"collection_date": "2015-08-19T15:00:51.157331+00:00", "source": {"name": "Cold Chain Inventory (MoH/PATH/WHO) - Feb 2011"}, "method": {"name": "Taken with GPS Device"}, "coordinates": "{\"type\": \"Point\", \"coordinates\": [37.06254, -0.17421]}", "facility": {"code": 10355}}, {"collection_date": "2015-08-19T15:00:51.086148+00:00", "source": {"name": "KEMRI GIS MERGE"}, "method": {"name": "Taken with GPS Device"}, "coordinates": "{\"type\": \"Point\", \"coordinates\": [35.88, -0.42267]}", "facility": {"code": 14836}}, {"collection_date": "2015-08-19T15:00:51.078224+00:00", "source": {"name": "MOPHS"}, "method": {"name": "Taken with GPS Device"}, "coordinates": "{\"type\": \"Point\", \"coordinates\": [37.64474, 0.0529]}", "facility": {"code": 12049}}, {"collection_date": "2015-08-19T15:00:51.074453+00:00", "source": {"name": "GIS"}, "method": {"name": "Taken with GPS Device"}, "coordinates": "{\"type\": \"Point\", \"coordinates\": [35.52011, 0.34978]}", "facility": {"code": 16674}}, {"collection_date": "2015-08-19T15:00:50.955755+00:00", "source": {"name": "KEMRI GIS MERGE"}, "method": {"name": "Taken with GPS Device"}, "coordinates": "{\"type\": \"Point\", \"coordinates\": [37.70511, -0.28023]}", "facility": {"code": 12579}}, {"collection_date": "2015-08-19T15:00:50.944841+00:00", "source": {"name": "SARAM 2013"}, "method": {"name": "Taken with GPS Device"}, "coordinates": "{\"type\": \"Point\", \"coordinates\": [39.60873, -4.01724]}", "facility": {"code": 11254}}, {"collection_date": "2015-08-19T15:00:50.853241+00:00", "source": {"name": "Cold Chain Inventory (MoH/PATH/WHO) - Feb 2011"}, "method": {"name": "Taken with GPS Device"}, "coordinates": "{\"type\": \"Point\", \"coordinates\": [34.55277, -0.43037]}", "facility": {"code": 13607}}, {"collection_date": "2015-08-19T15:00:50.787014+00:00", "source": {"name": "DVI-DHMT"}, "method": {"name": "Taken with GPS Device"}, "coordinates": "{\"type\": \"Point\", \"coordinates\": [35.06756, -0.23836]}", "facility": {"code": 15371}}, {"collection_date": "2015-08-19T15:00:50.755301+00:00", "source": {"name": "KEMRI GIS MERGE"}, "method": {"name": "Taken with GPS Device"}, "coordinates": "{\"type\": \"Point\", \"coordinates\": [34.12472, -0.02632]}", "facility": {"code": 13961}}, {"collection_date": "2015-08-19T15:00:50.652911+00:00", "source": {"name": "KEMRI GIS MERGE"}, "method": {"name": "Taken with GPS Device"}, "coordinates": "{\"type\": \"Point\", \"coordinates\": [37.72568, 0.23037]}", "facility": {"code": 12429}}, {"collection_date": "2015-08-19T15:00:50.645058+00:00", "source": {"name": "DPHN/ MEDICAL ENGINEERING DEPARTMENT"}, "method": {"name": "Taken with GPS Device"}, "coordinates": "{\"type\": \"Point\", \"coordinates\": [37.23304, -1.05013]}", "facility": {"code": 12757}}, {"collection_date": "2015-08-19T15:00:50.528337+00:00", "source": {"name": "KEMRI GIS MERGE"}, "method": {"name": "Taken with GPS Device"}, "coordinates": "{\"type\": \"Point\", \"coordinates\": [36.86299, -1.28891]}", "facility": {"code": 12879}}, {"collection_date": "2015-08-19T15:00:50.517683+00:00", "source": {"name": "Taken by James K Saina DHRIO Laikipia West"}, "method": {"name": "Taken with GPS Device"}, "coordinates": "{\"type\": \"Point\", \"coordinates\": [36.42505, 0.09116]}", "facility": {"code": 16679}}, {"collection_date": "2015-08-19T15:00:50.513232+00:00", "source": {"name": "Sublocation Centroid Exercise of MOH/ICF Macro"}, "method": {"name": "Taken with GPS Device"}, "coordinates": "{\"type\": \"Point\", \"coordinates\": [41.8665, 3.94499]}", "facility": {"code": 16313}}, {"collection_date": "2015-08-19T15:00:50.350109+00:00", "source": {"name": "MOH"}, "method": {"name": "Taken with GPS Device"}, "coordinates": "{\"type\": \"Point\", \"coordinates\": [35.267, 0.5189]}", "facility": {"code": 16357}}, {"collection_date": "2015-08-19T15:00:50.341490+00:00", "source": {"name": "KEMRI GIS MERGE"}, "method": {"name": "Taken with GPS Device"}, "coordinates": "{\"type\": \"Point\", \"coordinates\": [37.76346, 0.10942]}", "facility": {"code": 12315}}, {"collection_date": "2015-08-19T15:00:50.316076+00:00", "source": {"name": "GPS"}, "method": {"name": "Taken with GPS Device"}, "coordinates": "{\"type\": \"Point\", \"coordinates\": [36.62316, -1.08261]}", "facility": {"code": 10859}}, {"collection_date": "2015-08-19T15:00:50.311177+00:00", "source": {"name": "KEMRI GIS MERGE"}, "method": {"name": "Taken with GPS Device"}, "coordinates": "{\"type\": \"Point\", \"coordinates\": [34.90346, -0.76023]}", "facility": {"code": 13938}}, {"collection_date": "2015-08-19T15:00:50.285688+00:00", "source": {"name": "DHMT"}, "method": {"name": "Taken with GPS Device"}, "coordinates": "{\"type\": \"Point\", \"coordinates\": [38.05106, -2.08113]}", "facility": {"code": 16648}}, {"collection_date": "2015-08-19T15:00:50.225028+00:00", "source": {"name": "SARAM 2013"}, "method": {"name": "Taken with GPS Device"}, "coordinates": "{\"type\": \"Point\", \"coordinates\": [39.58399, -4.00184]}", "facility": {"code": 11620}}, {"collection_date": "2015-08-19T15:00:50.206116+00:00", "source": {"name": "Cold Chain Inventory (MoH/PATH/WHO) - Feb 2011"}, "method": {"name": "Taken with GPS Device"}, "coordinates": "{\"type\": \"Point\", \"coordinates\": [34.76456, 0.61299]}", "facility": {"code": 16090}}, {"collection_date": "2015-08-19T15:00:50.195742+00:00", "source": {"name": "GPS"}, "method": {"name": "Taken with GPS Device"}, "coordinates": "{\"type\": \"Point\", \"coordinates\": [37.05636, -0.34471]}", "facility": {"code": 10505}}, {"collection_date": "2015-08-19T15:00:50.186257+00:00", "source": {"name": "KEMRI GIS MERGE"}, "method": {"name": "Taken with GPS Device"}, "coordinates": "{\"type\": \"Point\", \"coordinates\": [34.81241, 0.31857]}", "facility": {"code": 16112}}, {"collection_date": "2015-08-19T15:00:50.132527+00:00", "source": {"name": "SARAM 2013"}, "method": {"name": "Taken with GPS Device"}, "coordinates": "{\"type\": \"Point\", \"coordinates\": [35.33628, 3.50158]}", "facility": {"code": 15298}}, {"collection_date": "2015-08-19T15:00:50.118024+00:00", "source": {"name": "SARAM 2013"}, "method": {"name": "Taken with GPS Device"}, "coordinates": "{\"type\": \"Point\", \"coordinates\": [39.60411, -4.03177]}", "facility": {"code": 11640}}, {"collection_date": "2015-08-19T15:00:50.071527+00:00", "source": {"name": "KEMRI GIS MERGE"}, "method": {"name": "Taken with GPS Device"}, "coordinates": "{\"type\": \"Point\", \"coordinates\": [35.53701, -0.41587]}", "facility": {"code": 15326}}, {"collection_date": "2015-08-19T15:00:50.051104+00:00", "source": {"name": "KEMRI GIS MERGE"}, "method": {"name": "Calc from proximity to school, village,markets"}, "coordinates": "{\"type\": \"Point\", \"coordinates\": [35.225547, -0.489245]}", "facility": {"code": 15127}}, {"collection_date": "2015-08-19T15:00:50.036067+00:00", "source": {"name": "DHMT"}, "method": {"name": "Taken with GPS Device"}, "coordinates": "{\"type\": \"Point\", \"coordinates\": [36.88843, -1.26013]}", "facility": {"code": 12913}}, {"collection_date": "2015-08-19T15:00:50.004770+00:00", "source": {"name": "DHMT Transmara"}, "method": {"name": "Taken with GPS Device"}, "coordinates": "{\"type\": \"Point\", \"coordinates\": [35.00576, -0.93576]}", "facility": {"code": 15356}}, {"collection_date": "2015-08-19T15:00:49.993582+00:00", "source": {"name": "Cold Chain Inventory (MoH/PATH/WHO) - Feb 2011"}, "method": {"name": "Taken with GPS Device"}, "coordinates": "{\"type\": \"Point\", \"coordinates\": [34.20796, -0.95104]}", "facility": {"code": 14170}}, {"collection_date": "2015-08-19T15:00:49.950056+00:00", "source": {"name": "DHMT"}, "method": {"name": "Taken with GPS Device"}, "coordinates": "{\"type\": \"Point\", \"coordinates\": [39.74882, -3.29437]}", "facility": {"code": 11359}}, {"collection_date": "2015-08-19T15:00:49.926762+00:00", "source": {"name": "Sublocation Centroid Exercise of MOH/ICF Macro"}, "method": {"name": "Taken with GPS Device"}, "coordinates": "{\"type\": \"Point\", \"coordinates\": [37.67469, -0.23938]}", "facility": {"code": 16462}}, {"collection_date": "2015-08-19T15:00:49.917106+00:00", "source": {"name": "KEMRI GIS MERGE"}, "method": {"name": "Taken with GPS Device"}, "coordinates": "{\"type\": \"Point\", \"coordinates\": [34.49913, 0.21743]}", "facility": {"code": 16111}}, {"collection_date": "2015-08-19T15:00:49.871352+00:00", "source": {"name": "DHMT Transmara"}, "method": {"name": "Taken with GPS Device"}, "coordinates": "{\"type\": \"Point\", \"coordinates\": [34.93912, -0.9358]}", "facility": {"code": 16688}}, {"collection_date": "2015-08-19T15:00:49.860528+00:00", "source": {"name": "HMIS OFFICE"}, "method": {"name": "Taken with GPS Device"}, "coordinates": "{\"type\": \"Point\", \"coordinates\": [39.42897, -2.04877]}", "facility": {"code": 11229}}, {"collection_date": "2015-08-19T15:00:49.827977+00:00", "source": {"name": "DHMT"}, "method": {"name": "Taken with GPS Device"}, "coordinates": "{\"type\": \"Point\", \"coordinates\": [38.84503, 1.07869]}", "facility": {"code": 11953}}, {"collection_date": "2015-08-19T15:00:49.807318+00:00", "source": {"name": "Cold Chain Inventory (MoH/PATH/WHO) - Feb 2011"}, "method": {"name": "Taken with GPS Device"}, "coordinates": "{\"type\": \"Point\", \"coordinates\": [35.51798, 0.71528]}", "facility": {"code": 14218}}, {"collection_date": "2015-08-19T15:00:49.794685+00:00", "source": {"name": "Cold Chain Inventory (MoH/PATH/WHO) - Feb 2011"}, "method": {"name": "Taken with GPS Device"}, "coordinates": "{\"type\": \"Point\", \"coordinates\": [36.9187, -1.26407]}", "facility": {"code": 13015}}, {"collection_date": "2015-08-19T15:00:49.736335+00:00", "source": {"name": "Sublocation Centroid Exercise of MOH/ICF Macro"}, "method": {"name": "Other"}, "coordinates": "{\"type\": \"Point\", \"coordinates\": [34.633, -1.06251]}", "facility": {"code": 16689}}, {"collection_date": "2015-08-19T15:00:49.693552+00:00", "source": {"name": "GPS"}, "method": {"name": "Taken with GPS Device"}, "coordinates": "{\"type\": \"Point\", \"coordinates\": [34.49839, 0.81263]}", "facility": {"code": 16153}}, {"collection_date": "2015-08-19T15:00:49.684870+00:00", "source": {"name": "Cold Chain Inventory (MoH/PATH/WHO) - Feb 2011"}, "method": {"name": "Taken with GPS Device"}, "coordinates": "{\"type\": \"Point\", \"coordinates\": [34.34749, -0.68057]}", "facility": {"code": 16771}}, {"collection_date": "2015-08-19T15:00:49.673096+00:00", "source": {"name": "DHRIO Nyando"}, "method": {"name": "Taken with GPS Device"}, "coordinates": "{\"type\": \"Point\", \"coordinates\": [35.0441, -0.14669]}", "facility": {"code": 13928}}, {"collection_date": "2015-08-19T15:00:49.663169+00:00", "source": {"name": "Cold Chain Inventory (MoH/PATH/WHO) - Feb 2011"}, "method": {"name": "Taken with GPS Device"}, "coordinates": "{\"type\": \"Point\", \"coordinates\": [35.52468, 0.59422]}", "facility": {"code": 16332}}, {"collection_date": "2015-08-19T15:00:49.626856+00:00", "source": {"name": "KEMRI GIS MERGE"}, "method": {"name": "Taken with GPS Device"}, "coordinates": "{\"type\": \"Point\", \"coordinates\": [35.01288, 0.9841]}", "facility": {"code": 15734}}, {"collection_date": "2015-08-19T15:00:49.560395+00:00", "source": {"name": "KEMRI GIS MERGE"}, "method": {"name": "Taken with GPS Device"}, "coordinates": "{\"type\": \"Point\", \"coordinates\": [34.77546, -0.8443]}", "facility": {"code": 13868}}, {"collection_date": "2015-08-19T15:00:49.548607+00:00", "source": {"name": "DHMT"}, "method": {"name": "Taken with GPS Device"}, "coordinates": "{\"type\": \"Point\", \"coordinates\": [34.95621, 2.41593]}", "facility": {"code": 15316}}, {"collection_date": "2015-08-19T15:00:49.524792+00:00", "source": {"name": "KEMRI GIS MERGE"}, "method": {"name": "Taken with GPS Device"}, "coordinates": "{\"type\": \"Point\", \"coordinates\": [34.289877, -0.153782]}", "facility": {"code": 13787}}, {"collection_date": "2015-08-19T15:00:49.520357+00:00", "source": {"name": "MOH"}, "method": {"name": "Taken with GPS Device"}, "coordinates": "{\"type\": \"Point\", \"coordinates\": [35.45043, 0.13537]}", "facility": {"code": 16339}}, {"collection_date": "2015-08-19T15:00:49.493111+00:00", "source": {"name": "KEMRI GIS MERGE"}, "method": {"name": "Taken with GPS Device"}, "coordinates": "{\"type\": \"Point\", \"coordinates\": [34.99614, 1.0294]}", "facility": {"code": 15732}}, {"collection_date": "2015-08-19T15:00:49.427470+00:00", "source": {"name": "KEMRI GIS MERGE"}, "method": {"name": "Taken with GPS Device"}, "coordinates": "{\"type\": \"Point\", \"coordinates\": [34.21136, -0.078944]}", "facility": {"code": 13651}}, {"collection_date": "2015-08-19T15:00:49.427412+00:00", "source": {"name": "KEMRI GIS MERGE"}, "method": {"name": "Taken with GPS Device"}, "coordinates": "{\"type\": \"Point\", \"coordinates\": [35.48665, 0.23641]}", "facility": {"code": 14219}}, {"collection_date": "2015-08-19T15:00:49.413150+00:00", "source": {"name": "KEMRI GIS MERGE"}, "method": {"name": "Calc from proximity to school, village,markets"}, "coordinates": "{\"type\": \"Point\", \"coordinates\": [36.472392, -1.563217]}", "facility": {"code": 15424}}, {"collection_date": "2015-08-19T15:00:49.391392+00:00", "source": {"name": "Cold Chain Inventory (MoH/PATH/WHO) - Feb 2011"}, "method": {"name": "Taken with GPS Device"}, "coordinates": "{\"type\": \"Point\", \"coordinates\": [34.42139, 0.05961]}", "facility": {"code": 13471}}, {"collection_date": "2015-08-19T15:00:49.278336+00:00", "source": {"name": "DVI-DHMT"}, "method": {"name": "Taken with GPS Device"}, "coordinates": "{\"type\": \"Point\", \"coordinates\": [35.09052, -0.35452]}", "facility": {"code": 14578}}, {"collection_date": "2015-08-19T15:00:49.241475+00:00", "source": {"name": "SCHMT"}, "method": {"name": "Taken with GPS Device"}, "coordinates": "{\"type\": \"Point\", \"coordinates\": [38.05078, -1.373031]}", "facility": {"code": 12568}}, {"collection_date": "2015-08-19T15:00:49.241058+00:00", "source": {"name": "DHMT Transmara"}, "method": {"name": "Taken with GPS Device"}, "coordinates": "{\"type\": \"Point\", \"coordinates\": [34.62115, -1.02253]}", "facility": {"code": 14803}}, {"collection_date": "2015-08-19T15:00:49.224820+00:00", "source": {"name": "KEMRI GIS MERGE"}, "method": {"name": "Taken with GPS Device"}, "coordinates": "{\"type\": \"Point\", \"coordinates\": [34.20696, -0.050586]}", "facility": {"code": 14000}}, {"collection_date": "2015-08-19T15:00:49.193700+00:00", "source": {"name": "Cold Chain Inventory (MoH/PATH/WHO) - Feb 2011"}, "method": {"name": "Taken with GPS Device"}, "coordinates": "{\"type\": \"Point\", \"coordinates\": [34.40699, 0.00154]}", "facility": {"code": 13533}}, {"collection_date": "2015-08-19T15:00:49.136780+00:00", "source": {"name": "DHMT"}, "method": {"name": "Taken with GPS Device"}, "coordinates": "{\"type\": \"Point\", \"coordinates\": [35.8183, 0.77933]}", "facility": {"code": 14220}}, {"collection_date": "2015-08-19T15:00:49.101590+00:00", "source": {"name": "Cold Chain Inventory (MoH/PATH/WHO) - Feb 2011"}, "method": {"name": "Taken with GPS Device"}, "coordinates": "{\"type\": \"Point\", \"coordinates\": [34.87589, -0.84897]}", "facility": {"code": 13537}}, {"collection_date": "2015-08-19T15:00:49.096191+00:00", "source": {"name": "DHMT"}, "method": {"name": "Taken with GPS Device"}, "coordinates": "{\"type\": \"Point\", \"coordinates\": [35.20417, 2.00882]}", "facility": {"code": 14807}}, {"collection_date": "2015-08-19T15:00:49.084522+00:00", "source": {"name": "DHMT Transmara"}, "method": {"name": "Taken with GPS Device"}, "coordinates": "{\"type\": \"Point\", \"coordinates\": [35.0402, -1.19338]}", "facility": {"code": 15237}}, {"collection_date": "2015-08-19T15:00:49.071047+00:00", "source": {"name": "Cold Chain Inventory (MoH/PATH/WHO) - Feb 2011"}, "method": {"name": "Taken with GPS Device"}, "coordinates": "{\"type\": \"Point\", \"coordinates\": [34.44843, 0.11703]}", "facility": {"code": 13760}}, {"collection_date": "2015-08-19T15:00:49.007250+00:00", "source": {"name": "GOK"}, "method": {"name": "Taken with GPS Device"}, "coordinates": "{\"type\": \"Point\", \"coordinates\": [35.61859, -0.1979]}", "facility": {"code": 14293}}, {"collection_date": "2015-08-19T15:00:48.979072+00:00", "source": {"name": "Sublocation Centroid Exercise of MOH/ICF Macro"}, "method": {"name": "Other"}, "coordinates": "{\"type\": \"Point\", \"coordinates\": [34.3472, 4.21592]}", "facility": {"code": 14481}}, {"collection_date": "2015-08-19T15:00:48.979029+00:00", "source": {"name": "Kwale - DHMT"}, "method": {"name": "Taken with GPS Device"}, "coordinates": "{\"type\": \"Point\", \"coordinates\": [39.301332, -4.25582]}", "facility": {"code": 11495}}, {"collection_date": "2015-08-19T15:00:48.946979+00:00", "source": {"name": "Sublocation Centroid Exercise of MOH/ICF Macro"}, "method": {"name": "Other"}, "coordinates": "{\"type\": \"Point\", \"coordinates\": [35.4884, 0.563711]}", "facility": {"code": 16675}}, {"collection_date": "2015-08-19T15:00:48.925875+00:00", "source": {"name": "KEMRI GIS MERGE"}, "method": {"name": "Taken with GPS Device"}, "coordinates": "{\"type\": \"Point\", \"coordinates\": [36.92517, -1.32882]}", "facility": {"code": 12991}}, {"collection_date": "2015-08-19T15:00:48.889198+00:00", "source": {"name": "SARAM 2013"}, "method": {"name": "Taken with GPS Device"}, "coordinates": "{\"type\": \"Point\", \"coordinates\": [35.05644, 0.44198]}", "facility": {"code": 15069}}, {"collection_date": "2015-08-19T15:00:48.858725+00:00", "source": {"name": "DHMT"}, "method": {"name": "Taken with GPS Device"}, "coordinates": "{\"type\": \"Point\", \"coordinates\": [35.4408, 0.54133]}", "facility": {"code": 16354}}, {"collection_date": "2015-08-19T15:00:48.848321+00:00", "source": {"name": "Sublocation Centroid Exercise of MOH/ICF Macro"}, "method": {"name": "Other"}, "coordinates": "{\"type\": \"Point\", \"coordinates\": [34.35812, 4.20614]}", "facility": {"code": 14885}}, {"collection_date": "2015-08-19T15:00:48.815214+00:00", "source": {"name": "Sublocation Centroid Exercise of MOH/ICF Macro"}, "method": {"name": "Other"}, "coordinates": "{\"type\": \"Point\", \"coordinates\": [36.188, -0.253786]}", "facility": {"code": 15697}}, {"collection_date": "2015-08-19T15:00:48.795627+00:00", "source": {"name": "KEMRI GIS MERGE"}, "method": {"name": "Taken with GPS Device"}, "coordinates": "{\"type\": \"Point\", \"coordinates\": [39.3135, -4.44607]}", "facility": {"code": 11472}}, {"collection_date": "2015-08-19T15:00:48.757757+00:00", "source": {"name": "SARAM 2013"}, "method": {"name": "Taken with GPS Device"}, "coordinates": "{\"type\": \"Point\", \"coordinates\": [35.32758, -0.26505]}", "facility": {"code": 14271}}, {"collection_date": "2015-08-19T15:00:48.729838+00:00", "source": {"name": "DHRIO"}, "method": {"name": "Taken with GPS Device"}, "coordinates": "{\"type\": \"Point\", \"coordinates\": [34.32561, 4.2134]}", "facility": {"code": 14654}}, {"collection_date": "2015-08-19T15:00:48.728813+00:00", "source": {"name": "Cold Chain Inventory (MoH/PATH/WHO) - Feb 2011"}, "method": {"name": "Taken with GPS Device"}, "coordinates": "{\"type\": \"Point\", \"coordinates\": [35.15917, -0.85366]}", "facility": {"code": 14376}}, {"collection_date": "2015-08-19T15:00:48.657359+00:00", "source": {"name": "DHMT"}, "method": {"name": "Taken with GPS Device"}, "coordinates": "{\"type\": \"Point\", \"coordinates\": [35.7932, -1.31828]}", "facility": {"code": 15113}}, {"collection_date": "2015-08-19T15:00:48.651490+00:00", "source": {"name": "SARAM 2013"}, "method": {"name": "Taken with GPS Device"}, "coordinates": "{\"type\": \"Point\", \"coordinates\": [35.36943, -0.17332]}", "facility": {"code": 16723}}, {"collection_date": "2015-08-19T15:00:48.634469+00:00", "source": {"name": "KEMRI GIS MERGE"}, "method": {"name": "Taken with GPS Device"}, "coordinates": "{\"type\": \"Point\", \"coordinates\": [36.78729, -2.54315]}", "facility": {"code": 15294}}, {"collection_date": "2015-08-19T15:00:48.601170+00:00", "source": {"name": "Cold Chain Inventory (MoH/PATH/WHO) - Feb 2011"}, "method": {"name": "Taken with GPS Device"}, "coordinates": "{\"type\": \"Point\", \"coordinates\": [35.32465, 0.55489]}", "facility": {"code": 16349}}, {"collection_date": "2015-08-19T15:00:48.591646+00:00", "source": {"name": "Sublocation Centroid Exercise of MOH/ICF Macro"}, "method": {"name": "Other"}, "coordinates": "{\"type\": \"Point\", \"coordinates\": [34.3986, 4.24126]}", "facility": {"code": 14412}}, {"collection_date": "2015-08-19T15:00:48.534894+00:00", "source": {"name": "Cold Chain Inventory (MoH/PATH/WHO) - Feb 2011"}, "method": {"name": "Taken with GPS Device"}, "coordinates": "{\"type\": \"Point\", \"coordinates\": [35.46053, 0.43334]}", "facility": {"code": 15147}}, {"collection_date": "2015-08-19T15:00:48.513983+00:00", "source": {"name": "Sublocation Centroid Exercise of MOH/ICF Macro"}, "method": {"name": "Taken with GPS Device"}, "coordinates": "{\"type\": \"Point\", \"coordinates\": [35.61002, 2.93374]}", "facility": {"code": 15094}}, {"collection_date": "2015-08-19T15:00:48.487725+00:00", "source": {"name": "DHMT"}, "method": {"name": "Taken with GPS Device"}, "coordinates": "{\"type\": \"Point\", \"coordinates\": [37.27923, -1.00323]}", "facility": {"code": 10617}}, {"collection_date": "2015-08-19T15:00:48.457257+00:00", "source": {"name": "KEMRI GIS MERGE"}, "method": {"name": "Calc from proximity to school, village,markets"}, "coordinates": "{\"type\": \"Point\", \"coordinates\": [35.3851, -0.34391]}", "facility": {"code": 14832}}], "model": "mfl_gis.FacilityCoordinates", "unique_fields": ["facility"]}]