[{"records": [{"collection_date": "2015-08-19T15:00:36.230682+00:00", "source": {"name": "DHMT"}, "method": {"name": "Taken with GPS Device"}, "coordinates": "{\"type\": \"Point\", \"coordinates\": [35.08199, -0.87166]}", "facility": {"code": 14740}}, {"collection_date": "2015-08-19T15:00:36.156211+00:00", "source": {"name": "KEMRI GIS MERGE"}, "method": {"name": "Calc from proximity to school, village,markets"}, "coordinates": "{\"type\": \"Point\", \"coordinates\": [37.32661, -1.04457]}", "facility": {"code": 12075}}, {"collection_date": "2015-08-19T15:00:36.145364+00:00", "source": {"name": "Cold Chain Inventory (MoH/PATH/WHO) - Feb 2011"}, "method": {"name": "Taken with GPS Device"}, "coordinates": "{\"type\": \"Point\", \"coordinates\": [34.18806, 0.1931]}", "facility": {"code": 14156}}, {"collection_date": "2015-08-19T15:00:36.139110+00:00", "source": {"name": "HMIS"}, "method": {"name": "Calc from proximity to school, village,markets"}, "coordinates": "{\"type\": \"Point\", \"coordinates\": [37.58507, 0.35449]}", "facility": {"code": 11924}}, {"collection_date": "2015-08-19T15:00:36.102881+00:00", "source": {"name": "KEMRI GIS MERGE"}, "method": {"name": "Taken with GPS Device"}, "coordinates": "{\"type\": \"Point\", \"coordinates\": [37.1974, -0.90836]}", "facility": {"code": 10112}}, {"collection_date": "2015-08-19T15:00:36.042441+00:00", "source": {"name": "SARAM 2013"}, "method": {"name": "Taken with GPS Device"}, "coordinates": "{\"type\": \"Point\", \"coordinates\": [34.75177, -0.01276]}", "facility": {"code": 14756}}, {"collection_date": "2015-08-19T15:00:36.013235+00:00", "source": {"name": "KEMRI GIS MERGE"}, "method": {"name": "Calc from proximity to school, village,markets"}, "coordinates": "{\"type\": \"Point\", \"coordinates\": [34.244, 0.2119]}", "facility": {"code": 13735}}, {"collection_date": "2015-08-19T15:00:35.989471+00:00", "source": {"name": "SARAM 2013"}, "method": {"name": "Taken with GPS Device"}, "coordinates": "{\"type\": \"Point\", \"coordinates\": [35.21772, 0.31719]}", "facility": {"code": 15194}}, {"collection_date": "2015-08-19T15:00:35.958510+00:00", "source": {"name": "KEMRI GIS MERGE"}, "method": {"name": "Calc from proximity to school, village,markets"}, "coordinates": "{\"type\": \"Point\", \"coordinates\": [38.6332, 1.10543]}", "facility": {"code": 12513}}, {"collection_date": "2015-08-19T15:00:35.931704+00:00", "source": {"name": "DHMT Nakuru"}, "method": {"name": "Taken with GPS Device"}, "coordinates": "{\"type\": \"Point\", \"coordinates\": [36.1385, -0.29885]}", "facility": {"code": 15008}}, {"collection_date": "2015-08-19T15:00:35.899991+00:00", "source": {"name": "SARAM 2013"}, "method": {"name": "Taken with GPS Device"}, "coordinates": "{\"type\": \"Point\", \"coordinates\": [34.87765, 0.00798]}", "facility": {"code": 14789}}, {"collection_date": "2015-08-19T15:00:35.853356+00:00", "source": {"name": "SARAM"}, "method": {"name": "Taken with GPS Device"}, "coordinates": "{\"type\": \"Point\", \"coordinates\": [36.79429, -2.08564]}", "facility": {"code": 14259}}, {"collection_date": "2015-08-19T15:00:35.831931+00:00", "source": {"name": "KEMRI GIS MERGE"}, "method": {"name": "Calc from proximity to school, village,markets"}, "coordinates": "{\"type\": \"Point\", \"coordinates\": [34.482621, 0.584938]}", "facility": {"code": 15944}}, {"collection_date": "2015-08-19T15:00:35.810001+00:00", "source": {"name": "HMIS"}, "method": {"name": "Taken with GPS Device"}, "coordinates": "{\"type\": \"Point\", \"coordinates\": [38.37885, -3.45754]}", "facility": {"code": 11650}}, {"collection_date": "2015-08-19T15:00:35.800288+00:00", "source": {"name": "SARAM 2013"}, "method": {"name": "Taken with GPS Device"}, "coordinates": "{\"type\": \"Point\", \"coordinates\": [37.58132, 0.34256]}", "facility": {"code": 11960}}, {"collection_date": "2015-08-19T15:00:35.753821+00:00", "source": {"name": "DHMT"}, "method": {"name": "Taken with GPS Device"}, "coordinates": "{\"type\": \"Point\", \"coordinates\": [35.75007, 0.61245]}", "facility": {"code": 14788}}, {"collection_date": "2015-08-19T15:00:35.699508+00:00", "source": {"name": "DHMT"}, "method": {"name": "Taken with GPS Device"}, "coordinates": "{\"type\": \"Point\", \"coordinates\": [37.72661, -0.12312]}", "facility": {"code": 12615}}, {"collection_date": "2015-08-19T15:00:35.691864+00:00", "source": {"name": "DVI-DHMT"}, "method": {"name": "Taken with GPS Device"}, "coordinates": "{\"type\": \"Point\", \"coordinates\": [35.04812, -0.34744]}", "facility": {"code": 16316}}, {"collection_date": "2015-08-19T15:00:35.678767+00:00", "source": {"name": "KEMRI GIS MERGE"}, "method": {"name": "Calc from proximity to school, village,markets"}, "coordinates": "{\"type\": \"Point\", \"coordinates\": [37.20875, -0.77765]}", "facility": {"code": 10687}}, {"collection_date": "2015-08-19T15:00:35.664620+00:00", "source": {"name": "KEMRI GIS MERGE"}, "method": {"name": "Taken with GPS Device"}, "coordinates": "{\"type\": \"Point\", \"coordinates\": [34.86506, 3.70756]}", "facility": {"code": 14655}}, {"collection_date": "2015-08-19T15:00:35.621852+00:00", "source": {"name": "DHMT"}, "method": {"name": "Taken with GPS Device"}, "coordinates": "{\"type\": \"Point\", \"coordinates\": [35.34697, 0.96401]}", "facility": {"code": 14786}}, {"collection_date": "2015-08-19T15:00:35.591364+00:00", "source": {"name": "KEMRI GIS MERGE"}, "method": {"name": "Taken with GPS Device"}, "coordinates": "{\"type\": \"Point\", \"coordinates\": [34.82788, 0.26468]}", "facility": {"code": 16104}}, {"collection_date": "2015-08-19T15:00:35.525042+00:00", "source": {"name": "KEMRI GIS MERGE"}, "method": {"name": "Taken with GPS Device"}, "coordinates": "{\"type\": \"Point\", \"coordinates\": [37.60263, -0.21151]}", "facility": {"code": 12037}}, {"collection_date": "2015-08-19T15:00:35.522318+00:00", "source": {"name": "KEMRI GIS MERGE"}, "method": {"name": "Calc from proximity to school, village,markets"}, "coordinates": "{\"type\": \"Point\", \"coordinates\": [37.41752, -1.24543]}", "facility": {"code": 12215}}, {"collection_date": "2015-08-19T15:00:35.522361+00:00", "source": {"name": "KEMRI GIS MERGE"}, "method": {"name": "Calc from proximity to school, village,markets"}, "coordinates": "{\"type\": \"Point\", \"coordinates\": [34.3801, 3.81982]}", "facility": {"code": 15445}}, {"collection_date": "2015-08-19T15:00:35.509774+00:00", "source": {"name": "DHMT"}, "method": {"name": "Taken with GPS Device"}, "coordinates": "{\"type\": \"Point\", \"coordinates\": [35.36495, 1.134]}", "facility": {"code": 14750}}, {"collection_date": "2015-08-19T15:00:35.342882+00:00", "source": {"name": "GPS"}, "method": {"name": "Taken with GPS Device"}, "coordinates": "{\"type\": \"Point\", \"coordinates\": [34.60738, 0.08084]}", "facility": {"code": 15885}}, {"collection_date": "2015-08-19T15:00:35.308883+00:00", "source": {"name": "GPS"}, "method": {"name": "Taken with GPS Device"}, "coordinates": "{\"type\": \"Point\", \"coordinates\": [35.90691, 4.59224]}", "facility": {"code": 15731}}, {"collection_date": "2015-08-19T15:00:35.300044+00:00", "source": {"name": "DHRIO"}, "method": {"name": "Taken with GPS Device"}, "coordinates": "{\"type\": \"Point\", \"coordinates\": [35.28449, -0.37028]}", "facility": {"code": 14833}}, {"collection_date": "2015-08-19T15:00:35.287481+00:00", "source": {"name": "Sublocation Centroid Exercise of MOH/ICF Macro"}, "method": {"name": "Taken with GPS Device"}, "coordinates": "{\"type\": \"Point\", \"coordinates\": [34.71362, -1.30769]}", "facility": {"code": 16325}}, {"collection_date": "2015-08-19T15:00:35.275517+00:00", "source": {"name": "DHRIO"}, "method": {"name": "Taken with GPS Device"}, "coordinates": "{\"type\": \"Point\", \"coordinates\": [35.37288, -0.29239]}", "facility": {"code": 14715}}, {"collection_date": "2015-08-19T15:00:35.200133+00:00", "source": {"name": "DHMT"}, "method": {"name": "Taken with GPS Device"}, "coordinates": "{\"type\": \"Point\", \"coordinates\": [36.77658, -1.32279]}", "facility": {"code": 13044}}, {"collection_date": "2015-08-19T15:00:35.188623+00:00", "source": {"name": "KEMRI GIS MERGE"}, "method": {"name": "Calc from proximity to school, village,markets"}, "coordinates": "{\"type\": \"Point\", \"coordinates\": [37.57018, 0.33828]}", "facility": {"code": 12093}}, {"collection_date": "2015-08-19T15:00:35.182625+00:00", "source": {"name": "KEMRI GIS MERGE"}, "method": {"name": "Taken with GPS Device"}, "coordinates": "{\"type\": \"Point\", \"coordinates\": [35.25893, 0.52517]}", "facility": {"code": 15779}}, {"collection_date": "2015-08-19T15:00:35.142280+00:00", "source": {"name": "SARAM 2013"}, "method": {"name": "Taken with GPS Device"}, "coordinates": "{\"type\": \"Point\", \"coordinates\": [35.29834, -0.10053]}", "facility": {"code": 16472}}, {"collection_date": "2015-08-19T15:00:35.118871+00:00", "source": {"name": "DHMT"}, "method": {"name": "Taken with GPS Device"}, "coordinates": "{\"type\": \"Point\", \"coordinates\": [35.6961, 0.41556]}", "facility": {"code": 14811}}, {"collection_date": "2015-08-19T15:00:35.084879+00:00", "source": {"name": "KEMRI GIS MERGE"}, "method": {"name": "Taken with GPS Device"}, "coordinates": "{\"type\": \"Point\", \"coordinates\": [37.66304, -0.38228]}", "facility": {"code": 12546}}, {"collection_date": "2015-08-19T15:00:35.053626+00:00", "source": {"name": "KEMRI GIS MERGE"}, "method": {"name": "Taken with GPS Device"}, "coordinates": "{\"type\": \"Point\", \"coordinates\": [34.6506, 4.23528]}", "facility": {"code": 15303}}, {"collection_date": "2015-08-19T15:00:35.040961+00:00", "source": {"name": "KEMRI GIS MERGE"}, "method": {"name": "Taken with GPS Device"}, "coordinates": "{\"type\": \"Point\", \"coordinates\": [37.18753, -0.89672]}", "facility": {"code": 10674}}, {"collection_date": "2015-08-19T15:00:35.009363+00:00", "source": {"name": "SARAM 2013"}, "method": {"name": "Taken with GPS Device"}, "coordinates": "{\"type\": \"Point\", \"coordinates\": [35.47825, -0.23147]}", "facility": {"code": 16473}}, {"collection_date": "2015-08-19T15:00:34.986524+00:00", "source": {"name": "MOH"}, "method": {"name": "Taken with GPS Device"}, "coordinates": "{\"type\": \"Point\", \"coordinates\": [35.36378, 0.22439]}", "facility": {"code": 14389}}, {"collection_date": "2015-08-19T15:00:34.955242+00:00", "source": {"name": "DHMT"}, "method": {"name": "Taken with GPS Device"}, "coordinates": "{\"type\": \"Point\", \"coordinates\": [39.2698, -3.79018]}", "facility": {"code": 11768}}, {"collection_date": "2015-08-19T15:00:34.904755+00:00", "source": {"name": "DHMT Transmara"}, "method": {"name": "Taken with GPS Device"}, "coordinates": "{\"type\": \"Point\", \"coordinates\": [34.80542, -1.01903]}", "facility": {"code": 15448}}, {"collection_date": "2015-08-19T15:00:34.895755+00:00", "source": {"name": "KEMRI GIS MERGE"}, "method": {"name": "Calc from proximity to school, village,markets"}, "coordinates": "{\"type\": \"Point\", \"coordinates\": [34.9586, 3.78752]}", "facility": {"code": 15082}}, {"collection_date": "2015-08-19T15:00:34.885769+00:00", "source": {"name": "KEMRI GIS MERGE"}, "method": {"name": "Taken with GPS Device"}, "coordinates": "{\"type\": \"Point\", \"coordinates\": [35.26819, 0.50895]}", "facility": {"code": 15463}}, {"collection_date": "2015-08-19T15:00:34.874243+00:00", "source": {"name": "DHMT"}, "method": {"name": "Taken with GPS Device"}, "coordinates": "{\"type\": \"Point\", \"coordinates\": [35.69324, 0.65885]}", "facility": {"code": 14843}}, {"collection_date": "2015-08-19T15:00:34.806964+00:00", "source": {"name": "DHMT"}, "method": {"name": "Taken with GPS Device"}, "coordinates": "{\"type\": \"Point\", \"coordinates\": [37.26567, -0.54802]}", "facility": {"code": 11130}}, {"collection_date": "2015-08-19T15:00:34.741607+00:00", "source": {"name": "HMIS"}, "method": {"name": "Taken with GPS Device"}, "coordinates": "{\"type\": \"Point\", \"coordinates\": [38.63989, -3.81351]}", "facility": {"code": 11455}}, {"collection_date": "2015-08-19T15:00:34.740412+00:00", "source": {"name": "Cold Chain Inventory (MoH/PATH/WHO) - Feb 2011"}, "method": {"name": "Taken with GPS Device"}, "coordinates": "{\"type\": \"Point\", \"coordinates\": [35.4809, 0.9138]}", "facility": {"code": 14739}}, {"collection_date": "2015-08-19T15:00:34.740410+00:00", "source": {"name": "SARAM 2013"}, "method": {"name": "Taken with GPS Device"}, "coordinates": "{\"type\": \"Point\", \"coordinates\": [35.3503, -1.44009]}", "facility": {"code": 16326}}, {"collection_date": "2015-08-19T15:00:34.740410+00:00", "source": {"name": "KEMRI GIS MERGE"}, "method": {"name": "Taken with GPS Device"}, "coordinates": "{\"type\": \"Point\", \"coordinates\": [35.34123, 4.72124]}", "facility": {"code": 14643}}, {"collection_date": "2015-08-19T15:00:34.653809+00:00", "source": {"name": "KEMRI GIS MERGE"}, "method": {"name": "Taken with GPS Device"}, "coordinates": "{\"type\": \"Point\", \"coordinates\": [34.77773, -0.67708]}", "facility": {"code": 13991}}, {"collection_date": "2015-08-19T15:00:34.554590+00:00", "source": {"name": "DVI-DHMT"}, "method": {"name": "Taken with GPS Device"}, "coordinates": "{\"type\": \"Point\", \"coordinates\": [35.03994, -0.35122]}", "facility": {"code": 14738}}, {"collection_date": "2015-08-19T15:00:34.544208+00:00", "source": {"name": "KEMRI GIS MERGE"}, "method": {"name": "Taken with GPS Device"}, "coordinates": "{\"type\": \"Point\", \"coordinates\": [36.83248, -1.03443]}", "facility": {"code": 10587}}, {"collection_date": "2015-08-19T15:00:34.499497+00:00", "source": {"name": "Taken by DHRIO Laikipia West"}, "method": {"name": "Taken with GPS Device"}, "coordinates": "{\"type\": \"Point\", \"coordinates\": [36.39072, 0.46905]}", "facility": {"code": 16677}}, {"collection_date": "2015-08-19T15:00:34.497805+00:00", "source": {"name": "John Monyancha"}, "method": {"name": "Taken with GPS Device"}, "coordinates": "{\"type\": \"Point\", \"coordinates\": [34.89112, -0.60608]}", "facility": {"code": 14146}}, {"collection_date": "2015-08-19T15:00:34.484081+00:00", "source": {"name": "DHMT"}, "method": {"name": "Taken with GPS Device"}, "coordinates": "{\"type\": \"Point\", \"coordinates\": [36.085, 0.69994]}", "facility": {"code": 14983}}, {"collection_date": "2015-08-19T15:00:34.417463+00:00", "source": {"name": "MOH-Nakuru"}, "method": {"name": "Taken with GPS Device"}, "coordinates": "{\"type\": \"Point\", \"coordinates\": [36.14533, -0.29656]}", "facility": {"code": 14181}}, {"collection_date": "2015-08-19T15:00:34.396262+00:00", "source": {"name": "SARAM 2013"}, "method": {"name": "Taken with GPS Device"}, "coordinates": "{\"type\": \"Point\", \"coordinates\": [35.32873, 0.23518]}", "facility": {"code": 14737}}, {"collection_date": "2015-08-19T15:00:34.252281+00:00", "source": {"name": "KEMRI GIS MERGE"}, "method": {"name": "Taken with GPS Device"}, "coordinates": "{\"type\": \"Point\", \"coordinates\": [34.99304, 0.84314]}", "facility": {"code": 16079}}, {"collection_date": "2015-08-19T15:00:34.234066+00:00", "source": {"name": "DHMT"}, "method": {"name": "Taken with GPS Device"}, "coordinates": "{\"type\": \"Point\", \"coordinates\": [37.16333, -1.89924]}", "facility": {"code": 12374}}, {"collection_date": "2015-08-19T15:00:34.228464+00:00", "source": {"name": "Sublocation Centroid Exercise of MOH/ICF Macro"}, "method": {"name": "Taken with GPS Device"}, "coordinates": "{\"type\": \"Point\", \"coordinates\": [36.09294, 3.08572]}", "facility": {"code": 15275}}, {"collection_date": "2015-08-19T15:00:34.194427+00:00", "source": {"name": "KEMRI GIS MERGE"}, "method": {"name": "Calc from proximity to school, village,markets"}, "coordinates": "{\"type\": \"Point\", \"coordinates\": [37.11241, -0.03112]}", "facility": {"code": 14244}}, {"collection_date": "2015-08-19T15:00:34.162338+00:00", "source": {"name": "MOH"}, "method": {"name": "Taken with GPS Device"}, "coordinates": "{\"type\": \"Point\", \"coordinates\": [35.24157, 0.38315]}", "facility": {"code": 14736}}, {"collection_date": "2015-08-19T15:00:34.136895+00:00", "source": {"name": "DHMT"}, "method": {"name": "Taken with GPS Device"}, "coordinates": "{\"type\": \"Point\", \"coordinates\": [37.23931, -0.55313]}", "facility": {"code": 10049}}, {"collection_date": "2015-08-19T15:00:34.105792+00:00", "source": {"name": "GPS"}, "method": {"name": "Taken with GPS Device"}, "coordinates": "{\"type\": \"Point\", \"coordinates\": [37.44228, -1.94572]}", "facility": {"code": 12419}}, {"collection_date": "2015-08-19T15:00:34.095551+00:00", "source": {"name": "Cold Chain Inventory (MoH/PATH/WHO) - Feb 2011"}, "method": {"name": "Taken with GPS Device"}, "coordinates": "{\"type\": \"Point\", \"coordinates\": [35.55594, 0.59368]}", "facility": {"code": 15610}}, {"collection_date": "2015-08-19T15:00:34.058961+00:00", "source": {"name": "Moh-Naivasha"}, "method": {"name": "Taken with GPS Device"}, "coordinates": "{\"type\": \"Point\", \"coordinates\": [36.44763, -0.69999]}", "facility": {"code": 15281}}, {"collection_date": "2015-08-19T15:00:34.042422+00:00", "source": {"name": "DHMT"}, "method": {"name": "Taken with GPS Device"}, "coordinates": "{\"type\": \"Point\", \"coordinates\": [35.66666, 0.56547]}", "facility": {"code": 14743}}, {"collection_date": "2015-08-19T15:00:34.023001+00:00", "source": {"name": "KEMRI GIS MERGE"}, "method": {"name": "Calc from proximity to school, village,markets"}, "coordinates": "{\"type\": \"Point\", \"coordinates\": [37.02027, -0.16667]}", "facility": {"code": 10822}}, {"collection_date": "2015-08-19T15:00:33.962867+00:00", "source": {"name": "KEMRI GIS MERGE"}, "method": {"name": "Taken with GPS Device"}, "coordinates": "{\"type\": \"Point\", \"coordinates\": [37.53644, -1.94669]}", "facility": {"code": 12484}}, {"collection_date": "2015-08-19T15:00:33.953554+00:00", "source": {"name": "KEMRI GIS MERGE"}, "method": {"name": "Taken with GPS Device"}, "coordinates": "{\"type\": \"Point\", \"coordinates\": [39.58391, -1.53075]}", "facility": {"code": 11900}}, {"collection_date": "2015-08-19T15:00:33.927768+00:00", "source": {"name": "DHMT"}, "method": {"name": "Taken with GPS Device"}, "coordinates": "{\"type\": \"Point\", \"coordinates\": [35.30323, 1.32273]}", "facility": {"code": 14693}}, {"collection_date": "2015-08-19T15:00:33.918808+00:00", "source": {"name": "DHMT Nakuru"}, "method": {"name": "Taken with GPS Device"}, "coordinates": "{\"type\": \"Point\", \"coordinates\": [36.07421, -0.29746]}", "facility": {"code": 15009}}, {"collection_date": "2015-08-19T15:00:33.873035+00:00", "source": {"name": "GPS"}, "method": {"name": "Taken with GPS Device"}, "coordinates": "{\"type\": \"Point\", \"coordinates\": [36.52009, -0.33505]}", "facility": {"code": 11173}}, {"collection_date": "2015-08-19T15:00:33.818805+00:00", "source": {"name": "KEMRI GIS MERGE"}, "method": {"name": "Calc from proximity to school, village,markets"}, "coordinates": "{\"type\": \"Point\", \"coordinates\": [34.788307, 0.493803]}", "facility": {"code": 15850}}, {"collection_date": "2015-08-19T15:00:33.807012+00:00", "source": {"name": "GPS"}, "method": {"name": "Taken with GPS Device"}, "coordinates": "{\"type\": \"Point\", \"coordinates\": [37.48172, -2.01712]}", "facility": {"code": 12502}}, {"collection_date": "2015-08-19T15:00:33.785601+00:00", "source": {"name": "KEMRI GIS MERGE"}, "method": {"name": "Taken with GPS Device"}, "coordinates": "{\"type\": \"Point\", \"coordinates\": [36.9612, -0.80404]}", "facility": {"code": 10588}}, {"collection_date": "2015-08-19T15:00:33.775142+00:00", "source": {"name": "KEMRI GIS MERGE"}, "method": {"name": "Taken with GPS Device"}, "coordinates": "{\"type\": \"Point\", \"coordinates\": [36.0232, -0.18642]}", "facility": {"code": 14733}}, {"collection_date": "2015-08-19T15:00:33.752583+00:00", "source": {"name": "DHRIO"}, "method": {"name": "Taken with GPS Device"}, "coordinates": "{\"type\": \"Point\", \"coordinates\": [34.66423, -0.65744]}", "facility": {"code": 14045}}, {"collection_date": "2015-08-19T15:00:33.687054+00:00", "source": {"name": "KEMRI GIS MERGE"}, "method": {"name": "Taken with GPS Device"}, "coordinates": "{\"type\": \"Point\", \"coordinates\": [34.81167, 0.36948]}", "facility": {"code": 15857}}, {"collection_date": "2015-08-19T15:00:33.664901+00:00", "source": {"name": "KEMRI GIS MERGE"}, "method": {"name": "Taken with GPS Device"}, "coordinates": "{\"type\": \"Point\", \"coordinates\": [35.78088, 0.65734]}", "facility": {"code": 14716}}, {"collection_date": "2015-08-19T15:00:33.650908+00:00", "source": {"name": "DHMT"}, "method": {"name": "Taken with GPS Device"}, "coordinates": "{\"type\": \"Point\", \"coordinates\": [37.25851, -1.85311]}", "facility": {"code": 12724}}, {"collection_date": "2015-08-19T15:00:33.639078+00:00", "source": {"name": "Sublocation Centroid Exercise of MOH/ICF Macro"}, "method": {"name": "Other"}, "coordinates": "{\"type\": \"Point\", \"coordinates\": [37.094, -0.00133164]}", "facility": {"code": 15166}}, {"collection_date": "2015-08-19T15:00:33.604549+00:00", "source": {"name": "DHMT"}, "method": {"name": "Taken with GPS Device"}, "coordinates": "{\"type\": \"Point\", \"coordinates\": [39.78288, 3.33795]}", "facility": {"code": 13322}}, {"collection_date": "2015-08-19T15:00:33.544792+00:00", "source": {"name": "KEMRI GIS MERGE"}, "method": {"name": "Taken with GPS Device"}, "coordinates": "{\"type\": \"Point\", \"coordinates\": [37.48553, -1.56306]}", "facility": {"code": 12009}}, {"collection_date": "2015-08-19T15:00:33.529295+00:00", "source": {"name": "Sublocation Centroid Exercise of MOH/ICF Macro"}, "method": {"name": "Other"}, "coordinates": "{\"type\": \"Point\", \"coordinates\": [35.2822, -0.256759]}", "facility": {"code": 14730}}, {"collection_date": "2015-08-19T15:00:33.521146+00:00", "source": {"name": "GPS"}, "method": {"name": "Taken with GPS Device"}, "coordinates": "{\"type\": \"Point\", \"coordinates\": [35.8103, 4.06341]}", "facility": {"code": 15096}}, {"collection_date": "2015-08-19T15:00:33.474021+00:00", "source": {"name": "KEMRI GIS MERGE"}, "method": {"name": "Calc from proximity to school, village,markets"}, "coordinates": "{\"type\": \"Point\", \"coordinates\": [34.891, -0.57549]}", "facility": {"code": 13924}}, {"collection_date": "2015-08-19T15:00:33.452171+00:00", "source": {"name": "HMIS"}, "method": {"name": "Taken with GPS Device"}, "coordinates": "{\"type\": \"Point\", \"coordinates\": [38.50154, -3.34155]}", "facility": {"code": 11839}}, {"collection_date": "2015-08-19T15:00:33.416245+00:00", "source": {"name": "SARAM 2013"}, "method": {"name": "Taken with GPS Device"}, "coordinates": "{\"type\": \"Point\", \"coordinates\": [34.93309, 0.46946]}", "facility": {"code": 16315}}, {"collection_date": "2015-08-19T15:00:33.382396+00:00", "source": {"name": "DHMT"}, "method": {"name": "Taken with GPS Device"}, "coordinates": "{\"type\": \"Point\", \"coordinates\": [37.38485, -1.95034]}", "facility": {"code": 12207}}, {"collection_date": "2015-08-19T15:00:33.369061+00:00", "source": {"name": "DHMT"}, "method": {"name": "Taken with GPS Device"}, "coordinates": "{\"type\": \"Point\", \"coordinates\": [35.80659, 0.3862]}", "facility": {"code": 14729}}, {"collection_date": "2015-08-19T15:00:33.352517+00:00", "source": {"name": "Sublocation Centroid Exercise of MOH/ICF Macro"}, "method": {"name": "Other"}, "coordinates": "{\"type\": \"Point\", \"coordinates\": [34.246, 0.479821]}", "facility": {"code": 16066}}, {"collection_date": "2015-08-19T15:00:33.298087+00:00", "source": {"name": "DHMT Transmara"}, "method": {"name": "Taken with GPS Device"}, "coordinates": "{\"type\": \"Point\", \"coordinates\": [34.69501, -1.07465]}", "facility": {"code": 15390}}, {"collection_date": "2015-08-19T15:00:33.294133+00:00", "source": {"name": "KEMRI GIS MERGE"}, "method": {"name": "Taken with GPS Device"}, "coordinates": "{\"type\": \"Point\", \"coordinates\": [37.3626, -1.58455]}", "facility": {"code": 12476}}, {"collection_date": "2015-08-19T15:00:33.159577+00:00", "source": {"name": "GPS"}, "method": {"name": "Taken with GPS Device"}, "coordinates": "{\"type\": \"Point\", \"coordinates\": [35.882, 4.0648]}", "facility": {"code": 15271}}, {"collection_date": "2015-08-19T15:00:33.159577+00:00", "source": {"name": "DHMT"}, "method": {"name": "Taken with GPS Device"}, "coordinates": "{\"type\": \"Point\", \"coordinates\": [37.60521, -0.04503]}", "facility": {"code": 12831}}, {"collection_date": "2015-08-19T15:00:33.153045+00:00", "source": {"name": "DHMT"}, "method": {"name": "Taken with GPS Device"}, "coordinates": "{\"type\": \"Point\", \"coordinates\": [35.0184, 0.00849]}", "facility": {"code": 14724}}], "model": "mfl_gis.FacilityCoordinates", "unique_fields": ["facility"]}]