[{"records": [{"collection_date": "2015-08-19T15:00:27.077176+00:00", "source": {"name": "DHMT"}, "method": {"name": "Taken with GPS Device"}, "coordinates": "{\"type\": \"Point\", \"coordinates\": [35.22083, -1.01167]}", "facility": {"code": 14676}}, {"collection_date": "2015-08-19T15:00:26.911611+00:00", "source": {"name": "Sublocation Centroid Exercise of MOH/ICF Macro"}, "method": {"name": "Other"}, "coordinates": "{\"type\": \"Point\", \"coordinates\": [35.4202, 4.28663]}", "facility": {"code": 15186}}, {"collection_date": "2015-08-19T15:00:26.898150+00:00", "source": {"name": "HMIS"}, "method": {"name": "Taken with GPS Device"}, "coordinates": "{\"type\": \"Point\", \"coordinates\": [38.47518, -3.37007]}", "facility": {"code": 11457}}, {"collection_date": "2015-08-19T15:00:26.896225+00:00", "source": {"name": "MOH"}, "method": {"name": "Taken with GPS Device"}, "coordinates": "{\"type\": \"Point\", \"coordinates\": [35.23835, -0.52137]}", "facility": {"code": 14760}}, {"collection_date": "2015-08-19T15:00:26.893536+00:00", "source": {"name": "Sublocation Centroid Exercise of MOH/ICF Macro"}, "method": {"name": "Taken with GPS Device"}, "coordinates": "{\"type\": \"Point\", \"coordinates\": [35.53214, -0.3019]}", "facility": {"code": 16683}}, {"collection_date": "2015-08-19T15:00:26.779343+00:00", "source": {"name": "DVI-DHMT"}, "method": {"name": "Taken with GPS Device"}, "coordinates": "{\"type\": \"Point\", \"coordinates\": [35.22604, -0.37373]}", "facility": {"code": 14653}}, {"collection_date": "2015-08-19T15:00:26.687887+00:00", "source": {"name": "Sublocation Centroid Exercise of MOH/ICF Macro"}, "method": {"name": "Other"}, "coordinates": "{\"type\": \"Point\", \"coordinates\": [34.5397, 3.33005]}", "facility": {"code": 15060}}, {"collection_date": "2015-08-19T15:00:26.588729+00:00", "source": {"name": "DHMT"}, "method": {"name": "Taken with GPS Device"}, "coordinates": "{\"type\": \"Point\", \"coordinates\": [35.3007, 0.51462]}", "facility": {"code": 14769}}, {"collection_date": "2015-08-19T15:00:26.571525+00:00", "source": {"name": "MFL RRI EEXERCISE by DHRIO"}, "method": {"name": "Taken with GPS Device"}, "coordinates": "{\"type\": \"Point\", \"coordinates\": [34.9435, -0.695329]}", "facility": {"code": 13548}}, {"collection_date": "2015-08-19T15:00:26.567560+00:00", "source": {"name": "HMIS"}, "method": {"name": "Taken with GPS Device"}, "coordinates": "{\"type\": \"Point\", \"coordinates\": [38.6079, -3.5172]}", "facility": {"code": 11451}}, {"collection_date": "2015-08-19T15:00:26.567059+00:00", "source": {"name": "DHMT"}, "method": {"name": "Taken with GPS Device"}, "coordinates": "{\"type\": \"Point\", \"coordinates\": [35.41984, 0.02094]}", "facility": {"code": 14672}}, {"collection_date": "2015-08-19T15:00:26.163915+00:00", "source": {"name": "SARAM 2013"}, "method": {"name": "Taken with GPS Device"}, "coordinates": "{\"type\": \"Point\", \"coordinates\": [35.81124, 0.17421]}", "facility": {"code": 16736}}, {"collection_date": "2015-08-19T15:00:26.129442+00:00", "source": {"name": "DHMT"}, "method": {"name": "Taken with GPS Device"}, "coordinates": "{\"type\": \"Point\", \"coordinates\": [35.38611, -0.94278]}", "facility": {"code": 15421}}, {"collection_date": "2015-08-19T15:00:26.109804+00:00", "source": {"name": "KEMRI GIS MERGE"}, "method": {"name": "Taken with GPS Device"}, "coordinates": "{\"type\": \"Point\", \"coordinates\": [37.73603, -3.29582]}", "facility": {"code": 11277}}, {"collection_date": "2015-08-19T15:00:26.098622+00:00", "source": {"name": "DHMT"}, "method": {"name": "Taken with GPS Device"}, "coordinates": "{\"type\": \"Point\", \"coordinates\": [37.04612, -1.02996]}", "facility": {"code": 16814}}, {"collection_date": "2015-08-19T15:00:26.096252+00:00", "source": {"name": "Cold Chain Inventory (MoH/PATH/WHO) - Feb 2011"}, "method": {"name": "Taken with GPS Device"}, "coordinates": "{\"type\": \"Point\", \"coordinates\": [35.56591, 0.15637]}", "facility": {"code": 14744}}, {"collection_date": "2015-08-19T15:00:25.931794+00:00", "source": {"name": "DHMT"}, "method": {"name": "Taken with GPS Device"}, "coordinates": "{\"type\": \"Point\", \"coordinates\": [37.47728, -1.96432]}", "facility": {"code": 12499}}, {"collection_date": "2015-08-19T15:00:25.919339+00:00", "source": {"name": "DHMT"}, "method": {"name": "Taken with GPS Device"}, "coordinates": "{\"type\": \"Point\", \"coordinates\": [35.66091, 0.49678]}", "facility": {"code": 15522}}, {"collection_date": "2015-08-19T15:00:25.862382+00:00", "source": {"name": "DHMT Transmara"}, "method": {"name": "Taken with GPS Device"}, "coordinates": "{\"type\": \"Point\", \"coordinates\": [35.07997, -1.07987]}", "facility": {"code": 14667}}, {"collection_date": "2015-08-19T15:00:25.851985+00:00", "source": {"name": "DHRIO"}, "method": {"name": "Taken with GPS Device"}, "coordinates": "{\"type\": \"Point\", \"coordinates\": [36.7932, -1.19175]}", "facility": {"code": 10214}}, {"collection_date": "2015-08-19T15:00:25.844976+00:00", "source": {"name": "SARAM 2013"}, "method": {"name": "Taken with GPS Device"}, "coordinates": "{\"type\": \"Point\", \"coordinates\": [37.24834, -1.37272]}", "facility": {"code": 12530}}, {"collection_date": "2015-08-19T15:00:25.717230+00:00", "source": {"name": "DHMT"}, "method": {"name": "Taken with GPS Device"}, "coordinates": "{\"type\": \"Point\", \"coordinates\": [35.20838, 0.43008]}", "facility": {"code": 14779}}, {"collection_date": "2015-08-19T15:00:25.683942+00:00", "source": {"name": "DHMT"}, "method": {"name": "Taken with GPS Device"}, "coordinates": "{\"type\": \"Point\", \"coordinates\": [37.377777, -2.01661]}", "facility": {"code": 12777}}, {"collection_date": "2015-08-19T15:00:25.637931+00:00", "source": {"name": "KEMRI GIS MERGE"}, "method": {"name": "Calc from proximity to school, village,markets"}, "coordinates": "{\"type\": \"Point\", \"coordinates\": [37.03767, -0.93647]}", "facility": {"code": 10817}}, {"collection_date": "2015-08-19T15:00:25.630813+00:00", "source": {"name": "GIS"}, "method": {"name": "Taken with GPS Device"}, "coordinates": "{\"type\": \"Point\", \"coordinates\": [35.61691, 0.26756]}", "facility": {"code": 14664}}, {"collection_date": "2015-08-19T15:00:25.607984+00:00", "source": {"name": "GIS"}, "method": {"name": "Taken with GPS Device"}, "coordinates": "{\"type\": \"Point\", \"coordinates\": [37.27031, 3.99819]}", "facility": {"code": 11990}}, {"collection_date": "2015-08-19T15:00:25.605154+00:00", "source": {"name": "DHMT"}, "method": {"name": "Taken with GPS Device"}, "coordinates": "{\"type\": \"Point\", \"coordinates\": [35.26395, -0.07379]}", "facility": {"code": 15601}}, {"collection_date": "2015-08-19T15:00:25.471607+00:00", "source": {"name": "KEMRI GIS MERGE"}, "method": {"name": "Calc from proximity to school, village,markets"}, "coordinates": "{\"type\": \"Point\", \"coordinates\": [34.2429, 4.21267]}", "facility": {"code": 15059}}, {"collection_date": "2015-08-19T15:00:25.439559+00:00", "source": {"name": "KEMRI GIS MERGE"}, "method": {"name": "Taken with GPS Device"}, "coordinates": "{\"type\": \"Point\", \"coordinates\": [37.0786, -0.85031]}", "facility": {"code": 10748}}, {"collection_date": "2015-08-19T15:00:25.429052+00:00", "source": {"name": "KEMRI GIS MERGE"}, "method": {"name": "Taken with GPS Device"}, "coordinates": "{\"type\": \"Point\", \"coordinates\": [35.49764, 2.137649]}", "facility": {"code": 14660}}, {"collection_date": "2015-08-19T15:00:25.240073+00:00", "source": {"name": "DHMT"}, "method": {"name": "Calc from proximity to school, village,markets"}, "coordinates": "{\"type\": \"Point\", \"coordinates\": [37.52299, -1.72986]}", "facility": {"code": 12102}}, {"collection_date": "2015-08-19T15:00:25.229908+00:00", "source": {"name": "DHMT"}, "method": {"name": "Taken with GPS Device"}, "coordinates": "{\"type\": \"Point\", \"coordinates\": [36.0202, 0.96816]}", "facility": {"code": 15347}}, {"collection_date": "2015-08-19T15:00:25.228174+00:00", "source": {"name": "GIS"}, "method": {"name": "Taken with GPS Device"}, "coordinates": "{\"type\": \"Point\", \"coordinates\": [35.47861, 0.56239]}", "facility": {"code": 14781}}, {"collection_date": "2015-08-19T15:00:25.194328+00:00", "source": {"name": "KEMRI GIS MERGE"}, "method": {"name": "Taken with GPS Device"}, "coordinates": "{\"type\": \"Point\", \"coordinates\": [37.16625, 0.08227]}", "facility": {"code": 14659}}, {"collection_date": "2015-08-19T15:00:25.151629+00:00", "source": {"name": "KEMRI GIS MERGE"}, "method": {"name": "Calc from proximity to school, village,markets"}, "coordinates": "{\"type\": \"Point\", \"coordinates\": [37.03767, -0.81699]}", "facility": {"code": 10793}}, {"collection_date": "2015-08-19T15:00:24.995293+00:00", "source": {"name": "Cold Chain Inventory (MoH/PATH/WHO) - Feb 2011"}, "method": {"name": "Taken with GPS Device"}, "coordinates": "{\"type\": \"Point\", \"coordinates\": [35.43086, 1.10585]}", "facility": {"code": 14774}}, {"collection_date": "2015-08-19T15:00:24.984055+00:00", "source": {"name": "KEMRI GIS MERGE"}, "method": {"name": "Calc from proximity to school, village,markets"}, "coordinates": "{\"type\": \"Point\", \"coordinates\": [34.50429, 0.26325]}", "facility": {"code": 16121}}, {"collection_date": "2015-08-19T15:00:24.976084+00:00", "source": {"name": "DHMT"}, "method": {"name": "Taken with GPS Device"}, "coordinates": "{\"type\": \"Point\", \"coordinates\": [35.9877, 0.98724]}", "facility": {"code": 14321}}, {"collection_date": "2015-08-19T15:00:24.965969+00:00", "source": {"name": "Cold Chain Inventory (MoH/PATH/WHO) - Feb 2011"}, "method": {"name": "Taken with GPS Device"}, "coordinates": "{\"type\": \"Point\", \"coordinates\": [35.25368, 1.08498]}", "facility": {"code": 14675}}, {"collection_date": "2015-08-19T15:00:24.896211+00:00", "source": {"name": "DHRIO"}, "method": {"name": "Taken with GPS Device"}, "coordinates": "{\"type\": \"Point\", \"coordinates\": [36.7646, -1.13066]}", "facility": {"code": 10097}}, {"collection_date": "2015-08-19T15:00:24.754938+00:00", "source": {"name": "Moh-Naivasha"}, "method": {"name": "Taken with GPS Device"}, "coordinates": "{\"type\": \"Point\", \"coordinates\": [36.43134, -0.77667]}", "facility": {"code": 14801}}, {"collection_date": "2015-08-19T15:00:24.745156+00:00", "source": {"name": "SARAM 2013"}, "method": {"name": "Taken with GPS Device"}, "coordinates": "{\"type\": \"Point\", \"coordinates\": [37.30887, -1.47227]}", "facility": {"code": 12257}}, {"collection_date": "2015-08-19T15:00:24.741292+00:00", "source": {"name": "Cold Chain Inventory (MoH/PATH/WHO) - Feb 2011"}, "method": {"name": "Taken with GPS Device"}, "coordinates": "{\"type\": \"Point\", \"coordinates\": [36.14842, -0.84756]}", "facility": {"code": 15516}}, {"collection_date": "2015-08-19T15:00:24.720404+00:00", "source": {"name": "DHMT"}, "method": {"name": "Taken with GPS Device"}, "coordinates": "{\"type\": \"Point\", \"coordinates\": [37.5359, -1.94908]}", "facility": {"code": 12485}}, {"collection_date": "2015-08-19T15:00:24.642225+00:00", "source": {"name": "KEMRI GIS MERGE"}, "method": {"name": "Calc from proximity to school, village,markets"}, "coordinates": "{\"type\": \"Point\", \"coordinates\": [36.92699, -0.81043]}", "facility": {"code": 10759}}, {"collection_date": "2015-08-19T15:00:24.629432+00:00", "source": {"name": "Cold Chain Inventory (MoH/PATH/WHO) - Feb 2011"}, "method": {"name": "Taken with GPS Device"}, "coordinates": "{\"type\": \"Point\", \"coordinates\": [35.60613, 1.19097]}", "facility": {"code": 14674}}, {"collection_date": "2015-08-19T15:00:24.622886+00:00", "source": {"name": "MOH"}, "method": {"name": "Taken with GPS Device"}, "coordinates": "{\"type\": \"Point\", \"coordinates\": [35.09931, -0.50033]}", "facility": {"code": 15498}}, {"collection_date": "2015-08-19T15:00:24.612169+00:00", "source": {"name": "Cold Chain Inventory (MoH/PATH/WHO) - Feb 2011"}, "method": {"name": "Taken with GPS Device"}, "coordinates": "{\"type\": \"Point\", \"coordinates\": [36.27064, -0.10927]}", "facility": {"code": 10856}}, {"collection_date": "2015-08-19T15:00:24.460201+00:00", "source": {"name": "DHMT"}, "method": {"name": "Taken with GPS Device"}, "coordinates": "{\"type\": \"Point\", \"coordinates\": [37.5747, -2.04569]}", "facility": {"code": 12308}}, {"collection_date": "2015-08-19T15:00:24.412312+00:00", "source": {"name": "KEMRI GIS MERGE"}, "method": {"name": "Calc from proximity to school, village,markets"}, "coordinates": "{\"type\": \"Point\", \"coordinates\": [36.9557, -0.82163]}", "facility": {"code": 10791}}, {"collection_date": "2015-08-19T15:00:24.399816+00:00", "source": {"name": "KEMRI GIS MERGE"}, "method": {"name": "Taken with GPS Device"}, "coordinates": "{\"type\": \"Point\", \"coordinates\": [36.03273, -0.58]}", "facility": {"code": 15183}}, {"collection_date": "2015-08-19T15:00:24.395807+00:00", "source": {"name": "SARAM 2013"}, "method": {"name": "Taken with GPS Device"}, "coordinates": "{\"type\": \"Point\", \"coordinates\": [35.8598, -0.17332]}", "facility": {"code": 15495}}, {"collection_date": "2015-08-19T15:00:24.380431+00:00", "source": {"name": "DVI-DHMT"}, "method": {"name": "Taken with GPS Device"}, "coordinates": "{\"type\": \"Point\", \"coordinates\": [35.16226, -0.28621]}", "facility": {"code": 14649}}, {"collection_date": "2015-08-19T15:00:24.175474+00:00", "source": {"name": "DHMT"}, "method": {"name": "Taken with GPS Device"}, "coordinates": "{\"type\": \"Point\", \"coordinates\": [37.41496, -1.99738]}", "facility": {"code": 12263}}, {"collection_date": "2015-08-19T15:00:24.108560+00:00", "source": {"name": "KEMRI GIS MERGE"}, "method": {"name": "Taken with GPS Device"}, "coordinates": "{\"type\": \"Point\", \"coordinates\": [37.06085, -0.93067]}", "facility": {"code": 10785}}, {"collection_date": "2015-08-19T15:00:24.093883+00:00", "source": {"name": "DHMT"}, "method": {"name": "Taken with GPS Device"}, "coordinates": "{\"type\": \"Point\", \"coordinates\": [35.32171, 0.29186]}", "facility": {"code": 14841}}, {"collection_date": "2015-08-19T15:00:24.081759+00:00", "source": {"name": "KEMRI GIS MERGE"}, "method": {"name": "Taken with GPS Device"}, "coordinates": "{\"type\": \"Point\", \"coordinates\": [39.567, 2.48875]}", "facility": {"code": 13333}}, {"collection_date": "2015-08-19T15:00:24.080685+00:00", "source": {"name": "DHRIO"}, "method": {"name": "Taken with GPS Device"}, "coordinates": "{\"type\": \"Point\", \"coordinates\": [35.6562, 1.84694]}", "facility": {"code": 14645}}, {"collection_date": "2015-08-19T15:00:23.872898+00:00", "source": {"name": "KEMRI GIS MERGE"}, "method": {"name": "Taken with GPS Device"}, "coordinates": "{\"type\": \"Point\", \"coordinates\": [38.66636, 1.06678]}", "facility": {"code": 12514}}, {"collection_date": "2015-08-19T15:00:23.826030+00:00", "source": {"name": "KEMRI GIS MERGE"}, "method": {"name": "Calc from proximity to school, village,markets"}, "coordinates": "{\"type\": \"Point\", \"coordinates\": [36.81595, -0.78456]}", "facility": {"code": 10460}}, {"collection_date": "2015-08-19T15:00:23.706448+00:00", "source": {"name": "DHMT"}, "method": {"name": "Taken with GPS Device"}, "coordinates": "{\"type\": \"Point\", \"coordinates\": [39.5695, 3.36636]}", "facility": {"code": 13355}}, {"collection_date": "2015-08-19T15:00:23.706071+00:00", "source": {"name": "SARAM 2013"}, "method": {"name": "Taken with GPS Device"}, "coordinates": "{\"type\": \"Point\", \"coordinates\": [35.27705, 1.20981]}", "facility": {"code": 14615}}, {"collection_date": "2015-08-19T15:00:23.555237+00:00", "source": {"name": "Sublocation Centroid Exercise of MOH/ICF Macro"}, "method": {"name": "Taken with GPS Device"}, "coordinates": "{\"type\": \"Point\", \"coordinates\": [35.14475, 1.21212]}", "facility": {"code": 14641}}, {"collection_date": "2015-08-19T15:00:23.514621+00:00", "source": {"name": "KEMRI GIS MERGE"}, "method": {"name": "Taken with GPS Device"}, "coordinates": "{\"type\": \"Point\", \"coordinates\": [37.58884, 0.3648]}", "facility": {"code": 12094}}, {"collection_date": "2015-08-19T15:00:23.495609+00:00", "source": {"name": "KEMRI GIS MERGE"}, "method": {"name": "Calc from proximity to school, village,markets"}, "coordinates": "{\"type\": \"Point\", \"coordinates\": [36.86789, -0.78477]}", "facility": {"code": 10465}}, {"collection_date": "2015-08-19T15:00:23.392427+00:00", "source": {"name": "DHMT"}, "method": {"name": "Taken with GPS Device"}, "coordinates": "{\"type\": \"Point\", \"coordinates\": [35.69116, 0.82165]}", "facility": {"code": 14998}}, {"collection_date": "2015-08-19T15:00:23.381554+00:00", "source": {"name": "KEMRI GIS MERGE"}, "method": {"name": "Taken with GPS Device"}, "coordinates": "{\"type\": \"Point\", \"coordinates\": [37.74845, 0.17444]}", "facility": {"code": 12598}}, {"collection_date": "2015-08-19T15:00:23.379660+00:00", "source": {"name": "KEMRI GIS MERGE"}, "method": {"name": "Taken with GPS Device"}, "coordinates": "{\"type\": \"Point\", \"coordinates\": [37.09043, -0.89466]}", "facility": {"code": 10874}}, {"collection_date": "2015-08-19T15:00:23.379379+00:00", "source": {"name": "KEMRI GIS MERGE"}, "method": {"name": "Calc from proximity to school, village,markets"}, "coordinates": "{\"type\": \"Point\", \"coordinates\": [34.35938, 4.20529]}", "facility": {"code": 15081}}, {"collection_date": "2015-08-19T15:00:23.376582+00:00", "source": {"name": "DVI-DHMT"}, "method": {"name": "Taken with GPS Device"}, "coordinates": "{\"type\": \"Point\", \"coordinates\": [35.01269, -0.38998]}", "facility": {"code": 14633}}, {"collection_date": "2015-08-19T15:00:23.074782+00:00", "source": {"name": "Cold Chain Inventory (MoH/PATH/WHO) - Feb 2011"}, "method": {"name": "Taken with GPS Device"}, "coordinates": "{\"type\": \"Point\", \"coordinates\": [34.51851, -0.69821]}", "facility": {"code": 13751}}, {"collection_date": "2015-08-19T15:00:22.900638+00:00", "source": {"name": "DHMT"}, "method": {"name": "Taken with GPS Device"}, "coordinates": "{\"type\": \"Point\", \"coordinates\": [35.71667, 0.30883]}", "facility": {"code": 15197}}, {"collection_date": "2015-08-19T15:00:22.889043+00:00", "source": {"name": "DHMT"}, "method": {"name": "Taken with GPS Device"}, "coordinates": "{\"type\": \"Point\", \"coordinates\": [35.27241, 0.03786]}", "facility": {"code": 14632}}, {"collection_date": "2015-08-19T15:00:22.887802+00:00", "source": {"name": "GPS"}, "method": {"name": "Taken with GPS Device"}, "coordinates": "{\"type\": \"Point\", \"coordinates\": [35.75434, 4.26233]}", "facility": {"code": 15062}}, {"collection_date": "2015-08-19T15:00:22.886651+00:00", "source": {"name": "KEMRI GIS MERGE"}, "method": {"name": "Taken with GPS Device"}, "coordinates": "{\"type\": \"Point\", \"coordinates\": [37.09954, -0.96422]}", "facility": {"code": 10875}}, {"collection_date": "2015-08-19T15:00:22.874018+00:00", "source": {"name": "DHMT"}, "method": {"name": "Taken with GPS Device"}, "coordinates": "{\"type\": \"Point\", \"coordinates\": [36.69306, 0.82855]}", "facility": {"code": 15682}}, {"collection_date": "2015-08-19T15:00:22.537995+00:00", "source": {"name": "SARAM 2013"}, "method": {"name": "Taken with GPS Device"}, "coordinates": "{\"type\": \"Point\", \"coordinates\": [35.33392, -1.59523]}", "facility": {"code": 15420}}, {"collection_date": "2015-08-19T15:00:22.393244+00:00", "source": {"name": "Cold Chain Inventory (MoH/PATH/WHO) - Feb 2011"}, "method": {"name": "Taken with GPS Device"}, "coordinates": "{\"type\": \"Point\", \"coordinates\": [37.88962, 0.27644]}", "facility": {"code": 12174}}, {"collection_date": "2015-08-19T15:00:22.375158+00:00", "source": {"name": "Cold Chain Inventory (MoH/PATH/WHO) - Feb 2011"}, "method": {"name": "Taken with GPS Device"}, "coordinates": "{\"type\": \"Point\", \"coordinates\": [35.96475, 3.127]}", "facility": {"code": 14687}}, {"collection_date": "2015-08-19T15:00:22.371286+00:00", "source": {"name": "HMIS"}, "method": {"name": "Taken with GPS Device"}, "coordinates": "{\"type\": \"Point\", \"coordinates\": [38.53897, -3.39082]}", "facility": {"code": 11817}}, {"collection_date": "2015-08-19T15:00:22.358670+00:00", "source": {"name": "KEMRI GIS MERGE"}, "method": {"name": "Taken with GPS Device"}, "coordinates": "{\"type\": \"Point\", \"coordinates\": [37.01783, -0.86837]}", "facility": {"code": 10499}}, {"collection_date": "2015-08-19T15:00:22.169904+00:00", "source": {"name": "SARAM 2013"}, "method": {"name": "Taken with GPS Device"}, "coordinates": "{\"type\": \"Point\", \"coordinates\": [35.96701, -0.02438]}", "facility": {"code": 15200}}, {"collection_date": "2015-08-19T15:00:22.157779+00:00", "source": {"name": "DHRIO"}, "method": {"name": "Taken with GPS Device"}, "coordinates": "{\"type\": \"Point\", \"coordinates\": [35.15865, -0.39421]}", "facility": {"code": 14627}}, {"collection_date": "2015-08-19T15:00:22.138698+00:00", "source": {"name": "SARAM 2013"}, "method": {"name": "Taken with GPS Device"}, "coordinates": "{\"type\": \"Point\", \"coordinates\": [34.8809, 0.14149]}", "facility": {"code": 16455}}, {"collection_date": "2015-08-19T15:00:21.992532+00:00", "source": {"name": "DHMT"}, "method": {"name": "Taken with GPS Device"}, "coordinates": "{\"type\": \"Point\", \"coordinates\": [37.12928, -2.10442]}", "facility": {"code": 15150}}, {"collection_date": "2015-08-19T15:00:21.991400+00:00", "source": {"name": "KEMRI GIS MERGE"}, "method": {"name": "Taken with GPS Device"}, "coordinates": "{\"type\": \"Point\", \"coordinates\": [36.97651, -0.83379]}", "facility": {"code": 10500}}, {"collection_date": "2015-08-19T15:00:21.973248+00:00", "source": {"name": "Cold Chain Inventory (MoH/PATH/WHO) - Feb 2011"}, "method": {"name": "Taken with GPS Device"}, "coordinates": "{\"type\": \"Point\", \"coordinates\": [35.32414, 1.04875]}", "facility": {"code": 14695}}, {"collection_date": "2015-08-19T15:00:21.793905+00:00", "source": {"name": "DHMT Transmara"}, "method": {"name": "Taken with GPS Device"}, "coordinates": "{\"type\": \"Point\", \"coordinates\": [35.13925, -0.99162]}", "facility": {"code": 14626}}, {"collection_date": "2015-08-19T15:00:21.784182+00:00", "source": {"name": "Sublocation Centroid Exercise of MOH/ICF Macro"}, "method": {"name": "Other"}, "coordinates": "{\"type\": \"Point\", \"coordinates\": [35.3642, 0.682797]}", "facility": {"code": 16355}}, {"collection_date": "2015-08-19T15:00:21.770513+00:00", "source": {"name": "KEMRI GIS MERGE"}, "method": {"name": "Taken with GPS Device"}, "coordinates": "{\"type\": \"Point\", \"coordinates\": [37.17897, -0.84556]}", "facility": {"code": 10441}}, {"collection_date": "2015-08-19T15:00:21.616968+00:00", "source": {"name": "Cold Chain Inventory (MoH/PATH/WHO) - Feb 2011"}, "method": {"name": "Taken with GPS Device"}, "coordinates": "{\"type\": \"Point\", \"coordinates\": [35.12369, 0.9877]}", "facility": {"code": 14734}}, {"collection_date": "2015-08-19T15:00:21.615421+00:00", "source": {"name": "DHMT"}, "method": {"name": "Taken with GPS Device"}, "coordinates": "{\"type\": \"Point\", \"coordinates\": [39.70818, -3.35899]}", "facility": {"code": 11883}}, {"collection_date": "2015-08-19T15:00:21.590158+00:00", "source": {"name": "KEMRI GIS MERGE"}, "method": {"name": "Taken with GPS Device"}, "coordinates": "{\"type\": \"Point\", \"coordinates\": [35.1732, 0.32164]}", "facility": {"code": 15229}}, {"collection_date": "2015-08-19T15:00:21.340299+00:00", "source": {"name": "SARAM 2013"}, "method": {"name": "Taken with GPS Device"}, "coordinates": "{\"type\": \"Point\", \"coordinates\": [35.07139, -0.53265]}", "facility": {"code": 14625}}, {"collection_date": "2015-08-19T15:00:21.139493+00:00", "source": {"name": "KEMRI GIS MERGE"}, "method": {"name": "Calc from proximity to school, village,markets"}, "coordinates": "{\"type\": \"Point\", \"coordinates\": [37.2348, -0.83128]}", "facility": {"code": 10445}}, {"collection_date": "2015-08-19T15:00:21.020190+00:00", "source": {"name": "DHMT"}, "method": {"name": "Taken with GPS Device"}, "coordinates": "{\"type\": \"Point\", \"coordinates\": [35.27502, -0.6651]}", "facility": {"code": 14728}}, {"collection_date": "2015-08-19T15:00:21.009283+00:00", "source": {"name": "DHMT Kuria West"}, "method": {"name": "Calc from proximity to school, village,markets"}, "coordinates": "{\"type\": \"Point\", \"coordinates\": [34.51853, -1.2533]}", "facility": {"code": 13909}}, {"collection_date": "2015-08-19T15:00:20.957414+00:00", "source": {"name": "Sublocation Centroid Exercise of MOH/ICF Macro"}, "method": {"name": "Taken with GPS Device"}, "coordinates": "{\"type\": \"Point\", \"coordinates\": [35.86137, 3.53543]}", "facility": {"code": 15656}}, {"collection_date": "2015-08-19T15:00:20.946550+00:00", "source": {"name": "KEMRI GIS MERGE"}, "method": {"name": "Taken with GPS Device"}, "coordinates": "{\"type\": \"Point\", \"coordinates\": [35.11065, 0.43097]}", "facility": {"code": 14621}}], "model": "mfl_gis.FacilityCoordinates", "unique_fields": ["facility"]}]