[{"records": [{"collection_date": "2015-08-19T15:00:20.790646+00:00", "source": {"name": "DHMT"}, "method": {"name": "Taken with GPS Device"}, "coordinates": "{\"type\": \"Point\", \"coordinates\": [35.5809, -0.81931]}", "facility": {"code": 15605}}, {"collection_date": "2015-08-19T15:00:20.781318+00:00", "source": {"name": "KEMRI GIS MERGE"}, "method": {"name": "Calc from proximity to school, village,markets"}, "coordinates": "{\"type\": \"Point\", \"coordinates\": [36.97797, -0.85529]}", "facility": {"code": 10757}}, {"collection_date": "2015-08-19T15:00:20.740530+00:00", "source": {"name": "KEMRI GIS MERGE"}, "method": {"name": "Taken with GPS Device"}, "coordinates": "{\"type\": \"Point\", \"coordinates\": [35.07591, 0.51637]}", "facility": {"code": 14618}}, {"collection_date": "2015-08-19T15:00:20.724109+00:00", "source": {"name": "Sublocation Centroid Exercise of MOH/ICF Macro"}, "method": {"name": "Taken with GPS Device"}, "coordinates": "{\"type\": \"Point\", \"coordinates\": [35.50875, 3.07395]}", "facility": {"code": 15274}}, {"collection_date": "2015-08-19T15:00:20.580252+00:00", "source": {"name": "KEMRI GIS MERGE"}, "method": {"name": "Taken with GPS Device"}, "coordinates": "{\"type\": \"Point\", \"coordinates\": [35.08472, 0.40515]}", "facility": {"code": 14623}}, {"collection_date": "2015-08-19T15:00:20.558668+00:00", "source": {"name": "DHMT"}, "method": {"name": "Taken with GPS Device"}, "coordinates": "{\"type\": \"Point\", \"coordinates\": [37.78624, -1.82044]}", "facility": {"code": 12493}}, {"collection_date": "2015-08-19T15:00:20.545355+00:00", "source": {"name": "KEMRI GIS MERGE"}, "method": {"name": "Taken with GPS Device"}, "coordinates": "{\"type\": \"Point\", \"coordinates\": [39.01666, -0.72541]}", "facility": {"code": 11242}}, {"collection_date": "2015-08-19T15:00:20.502369+00:00", "source": {"name": "DHMT"}, "method": {"name": "Taken with GPS Device"}, "coordinates": "{\"type\": \"Point\", \"coordinates\": [35.28845, 1.05946]}", "facility": {"code": 14388}}, {"collection_date": "2015-08-19T15:00:20.492405+00:00", "source": {"name": "SARAM 2013"}, "method": {"name": "Taken with GPS Device"}, "coordinates": "{\"type\": \"Point\", \"coordinates\": [34.8596, 0.12859]}", "facility": {"code": 16461}}, {"collection_date": "2015-08-19T15:00:20.470030+00:00", "source": {"name": "Cold Chain Inventory (MoH/PATH/WHO) - Feb 2011"}, "method": {"name": "Taken with GPS Device"}, "coordinates": "{\"type\": \"Point\", \"coordinates\": [35.56554, 0.19563]}", "facility": {"code": 14680}}, {"collection_date": "2015-08-19T15:00:20.333809+00:00", "source": {"name": "GPS"}, "method": {"name": "Taken with GPS Device"}, "coordinates": "{\"type\": \"Point\", \"coordinates\": [34.80105, -0.79423]}", "facility": {"code": 13893}}, {"collection_date": "2015-08-19T15:00:20.324045+00:00", "source": {"name": "KEMRI GIS MERGE"}, "method": {"name": "Taken with GPS Device"}, "coordinates": "{\"type\": \"Point\", \"coordinates\": [37.5025, -1.02578]}", "facility": {"code": 12362}}, {"collection_date": "2015-08-19T15:00:20.301794+00:00", "source": {"name": "Moh-Naivasha"}, "method": {"name": "Taken with GPS Device"}, "coordinates": "{\"type\": \"Point\", \"coordinates\": [36.4423, -0.72107]}", "facility": {"code": 16377}}, {"collection_date": "2015-08-19T15:00:20.299446+00:00", "source": {"name": "DHMT Transmara"}, "method": {"name": "Taken with GPS Device"}, "coordinates": "{\"type\": \"Point\", \"coordinates\": [35.07789, -1.03376]}", "facility": {"code": 15002}}, {"collection_date": "2015-08-19T15:00:20.235405+00:00", "source": {"name": "KEMRI GIS MERGE"}, "method": {"name": "Taken with GPS Device"}, "coordinates": "{\"type\": \"Point\", \"coordinates\": [36.89748, -1.18048]}", "facility": {"code": 12996}}, {"collection_date": "2015-08-19T15:00:20.103283+00:00", "source": {"name": "MOH"}, "method": {"name": "Taken with GPS Device"}, "coordinates": "{\"type\": \"Point\", \"coordinates\": [36.02536, 0.61668]}", "facility": {"code": 14677}}, {"collection_date": "2015-08-19T15:00:20.101492+00:00", "source": {"name": "KEMRI GIS MERGE"}, "method": {"name": "Taken with GPS Device"}, "coordinates": "{\"type\": \"Point\", \"coordinates\": [37.41714, -1.00228]}", "facility": {"code": 12307}}, {"collection_date": "2015-08-19T15:00:20.064987+00:00", "source": {"name": "KEMRI GIS MERGE"}, "method": {"name": "Taken with GPS Device"}, "coordinates": "{\"type\": \"Point\", \"coordinates\": [35.31076, 0.62662]}", "facility": {"code": 14999}}, {"collection_date": "2015-08-19T15:00:20.044239+00:00", "source": {"name": "DHMT"}, "method": {"name": "Taken with GPS Device"}, "coordinates": "{\"type\": \"Point\", \"coordinates\": [35.171, 0.0915948]}", "facility": {"code": 16383}}, {"collection_date": "2015-08-19T15:00:20.010263+00:00", "source": {"name": "KEMRI GIS MERGE"}, "method": {"name": "Taken with GPS Device"}, "coordinates": "{\"type\": \"Point\", \"coordinates\": [36.8575, -1.24667]}", "facility": {"code": 13127}}, {"collection_date": "2015-08-19T15:00:19.980106+00:00", "source": {"name": "DHRIO"}, "method": {"name": "Taken with GPS Device"}, "coordinates": "{\"type\": \"Point\", \"coordinates\": [35.14648, -0.44595]}", "facility": {"code": 14613}}, {"collection_date": "2015-08-19T15:00:19.868098+00:00", "source": {"name": "KEMRI GIS MERGE"}, "method": {"name": "Calc from proximity to school, village,markets"}, "coordinates": "{\"type\": \"Point\", \"coordinates\": [37.3835, -1.2049]}", "facility": {"code": 12327}}, {"collection_date": "2015-08-19T15:00:19.857182+00:00", "source": {"name": "MOH GPS"}, "method": {"name": "Taken with GPS Device"}, "coordinates": "{\"type\": \"Point\", \"coordinates\": [35.1025, -0.65584]}", "facility": {"code": 14276}}, {"collection_date": "2015-08-19T15:00:19.845216+00:00", "source": {"name": "Sublocation Centroid Exercise of MOH/ICF Macro"}, "method": {"name": "Other"}, "coordinates": "{\"type\": \"Point\", \"coordinates\": [37.094, -0.00133164]}", "facility": {"code": 15766}}, {"collection_date": "2015-08-19T15:00:19.815375+00:00", "source": {"name": "DMOH"}, "method": {"name": "Taken with GPS Device"}, "coordinates": "{\"type\": \"Point\", \"coordinates\": [37.91899, -0.947]}", "facility": {"code": 12849}}, {"collection_date": "2015-08-19T15:00:19.745486+00:00", "source": {"name": "KEMRI GIS MERGE"}, "method": {"name": "Taken with GPS Device"}, "coordinates": "{\"type\": \"Point\", \"coordinates\": [35.00004, 1.33196]}", "facility": {"code": 15551}}, {"collection_date": "2015-08-19T15:00:19.727393+00:00", "source": {"name": "SARAM 2013"}, "method": {"name": "Taken with GPS Device"}, "coordinates": "{\"type\": \"Point\", \"coordinates\": [34.97634, 0.06117]}", "facility": {"code": 16331}}, {"collection_date": "2015-08-19T15:00:19.727191+00:00", "source": {"name": "MOH"}, "method": {"name": "Taken with GPS Device"}, "coordinates": "{\"type\": \"Point\", \"coordinates\": [35.40545, 0.15537]}", "facility": {"code": 14283}}, {"collection_date": "2015-08-19T15:00:19.726824+00:00", "source": {"name": "DHMT"}, "method": {"name": "Taken with GPS Device"}, "coordinates": "{\"type\": \"Point\", \"coordinates\": [38.15136, -1.43012]}", "facility": {"code": 12320}}, {"collection_date": "2015-08-19T15:00:19.567366+00:00", "source": {"name": "Cold Chain Inventory (MoH/PATH/WHO) - Feb 2011"}, "method": {"name": "Taken with GPS Device"}, "coordinates": "{\"type\": \"Point\", \"coordinates\": [35.00363, -0.83926]}", "facility": {"code": 13523}}, {"collection_date": "2015-08-19T15:00:19.453270+00:00", "source": {"name": "DHMT"}, "method": {"name": "Taken with GPS Device"}, "coordinates": "{\"type\": \"Point\", \"coordinates\": [35.7876, 0.55313]}", "facility": {"code": 15549}}, {"collection_date": "2015-08-19T15:00:19.318642+00:00", "source": {"name": "DHMT"}, "method": {"name": "Taken with GPS Device"}, "coordinates": "{\"type\": \"Point\", \"coordinates\": [35.0766, -0.68974]}", "facility": {"code": 14295}}, {"collection_date": "2015-08-19T15:00:19.309773+00:00", "source": {"name": "KEMRI GIS MERGE"}, "method": {"name": "Taken with GPS Device"}, "coordinates": "{\"type\": \"Point\", \"coordinates\": [35.65627, 1.20878]}", "facility": {"code": 15738}}, {"collection_date": "2015-08-19T15:00:19.288826+00:00", "source": {"name": "DHMT"}, "method": {"name": "Taken with GPS Device"}, "coordinates": "{\"type\": \"Point\", \"coordinates\": [37.72116, -0.04146]}", "facility": {"code": 12192}}, {"collection_date": "2015-08-19T15:00:19.274369+00:00", "source": {"name": "Dphn/Med Eng Officer"}, "method": {"name": "Taken with GPS Device"}, "coordinates": "{\"type\": \"Point\", \"coordinates\": [37.33767, -1.1205]}", "facility": {"code": 12355}}, {"collection_date": "2015-08-19T15:00:19.219620+00:00", "source": {"name": "DHMT"}, "method": {"name": "Taken with GPS Device"}, "coordinates": "{\"type\": \"Point\", \"coordinates\": [35.21049, -0.89144]}", "facility": {"code": 15587}}, {"collection_date": "2015-08-19T15:00:19.185292+00:00", "source": {"name": "Cold Chain Inventory (MoH/PATH/WHO) - Feb 2011"}, "method": {"name": "Taken with GPS Device"}, "coordinates": "{\"type\": \"Point\", \"coordinates\": [35.4459, 0.94792]}", "facility": {"code": 14595}}, {"collection_date": "2015-08-19T15:00:19.183089+00:00", "source": {"name": "DHMT"}, "method": {"name": "Taken with GPS Device"}, "coordinates": "{\"type\": \"Point\", \"coordinates\": [35.29807, -0.91417]}", "facility": {"code": 15565}}, {"collection_date": "2015-08-19T15:00:19.163855+00:00", "source": {"name": "DHMT"}, "method": {"name": "Taken with GPS Device"}, "coordinates": "{\"type\": \"Point\", \"coordinates\": [39.73845, -3.9562]}", "facility": {"code": 11395}}, {"collection_date": "2015-08-19T15:00:19.030237+00:00", "source": {"name": "SARAM 2013"}, "method": {"name": "Taken with GPS Device"}, "coordinates": "{\"type\": \"Point\", \"coordinates\": [37.98524, -2.05008]}", "facility": {"code": 12241}}, {"collection_date": "2015-08-19T15:00:18.993412+00:00", "source": {"name": "DHMT"}, "method": {"name": "Taken with GPS Device"}, "coordinates": "{\"type\": \"Point\", \"coordinates\": [35.46777, 1.4855]}", "facility": {"code": 15564}}, {"collection_date": "2015-08-19T15:00:18.973115+00:00", "source": {"name": "KEMRI GIS MERGE"}, "method": {"name": "Taken with GPS Device"}, "coordinates": "{\"type\": \"Point\", \"coordinates\": [36.13405, -0.25958]}", "facility": {"code": 14458}}, {"collection_date": "2015-08-19T15:00:18.964424+00:00", "source": {"name": "DHMT"}, "method": {"name": "Taken with GPS Device"}, "coordinates": "{\"type\": \"Point\", \"coordinates\": [37.87776, -2.05866]}", "facility": {"code": 12365}}, {"collection_date": "2015-08-19T15:00:18.941438+00:00", "source": {"name": "KEMRI GIS MERGE"}, "method": {"name": "Taken with GPS Device"}, "coordinates": "{\"type\": \"Point\", \"coordinates\": [34.55943, 0.57548]}", "facility": {"code": 15828}}, {"collection_date": "2015-08-19T15:00:18.909960+00:00", "source": {"name": "KEMRI GIS MERGE"}, "method": {"name": "Taken with GPS Device"}, "coordinates": "{\"type\": \"Point\", \"coordinates\": [37.2667, -1.11153]}", "facility": {"code": 12357}}, {"collection_date": "2015-08-19T15:00:18.880488+00:00", "source": {"name": "KEMRI GIS MERGE"}, "method": {"name": "Taken with GPS Device"}, "coordinates": "{\"type\": \"Point\", \"coordinates\": [34.72554, 0.00591]}", "facility": {"code": 16151}}, {"collection_date": "2015-08-19T15:00:18.824531+00:00", "source": {"name": "DHMT Transmara"}, "method": {"name": "Taken with GPS Device"}, "coordinates": "{\"type\": \"Point\", \"coordinates\": [35.10275, -1.01549]}", "facility": {"code": 14452}}, {"collection_date": "2015-08-19T15:00:18.818392+00:00", "source": {"name": "SARAM 2013"}, "method": {"name": "Taken with GPS Device"}, "coordinates": "{\"type\": \"Point\", \"coordinates\": [36.79406, -0.30678]}", "facility": {"code": 10170}}, {"collection_date": "2015-08-19T15:00:18.805541+00:00", "source": {"name": "DHMT"}, "method": {"name": "Taken with GPS Device"}, "coordinates": "{\"type\": \"Point\", \"coordinates\": [35.09288, -0.8433]}", "facility": {"code": 15322}}, {"collection_date": "2015-08-19T15:00:18.795160+00:00", "source": {"name": "KEMRI GIS MERGE"}, "method": {"name": "Calc from proximity to school, village,markets"}, "coordinates": "{\"type\": \"Point\", \"coordinates\": [37.47063, -1.27135]}", "facility": {"code": 12343}}, {"collection_date": "2015-08-19T15:00:18.642092+00:00", "source": {"name": "SARAM 2013"}, "method": {"name": "Taken with GPS Device"}, "coordinates": "{\"type\": \"Point\", \"coordinates\": [34.92952, 0.88156]}", "facility": {"code": 16362}}, {"collection_date": "2015-08-19T15:00:18.589857+00:00", "source": {"name": "KEMRI GIS MERGE"}, "method": {"name": "Taken with GPS Device"}, "coordinates": "{\"type\": \"Point\", \"coordinates\": [37.93759, 0.33468]}", "facility": {"code": 12422}}, {"collection_date": "2015-08-19T15:00:18.585581+00:00", "source": {"name": "MOH"}, "method": {"name": "Taken with GPS Device"}, "coordinates": "{\"type\": \"Point\", \"coordinates\": [35.2081, -0.52237]}", "facility": {"code": 14285}}, {"collection_date": "2015-08-19T15:00:18.563047+00:00", "source": {"name": "KEMRI GIS MERGE"}, "method": {"name": "Calc from proximity to school, village,markets"}, "coordinates": "{\"type\": \"Point\", \"coordinates\": [37.39315, -1.02288]}", "facility": {"code": 12349}}, {"collection_date": "2015-08-19T15:00:18.527605+00:00", "source": {"name": "DHMT"}, "method": {"name": "Taken with GPS Device"}, "coordinates": "{\"type\": \"Point\", \"coordinates\": [35.3904, -0.36137]}", "facility": {"code": 15077}}, {"collection_date": "2015-08-19T15:00:18.496125+00:00", "source": {"name": "Cold Chain Inventory (MoH/PATH/WHO) - Feb 2011"}, "method": {"name": "Taken with GPS Device"}, "coordinates": "{\"type\": \"Point\", \"coordinates\": [34.39716, 0.70583]}", "facility": {"code": 15953}}, {"collection_date": "2015-08-19T15:00:18.462724+00:00", "source": {"name": "Cold Chain Inventory (MoH/PATH/WHO) - Feb 2011"}, "method": {"name": "Taken with GPS Device"}, "coordinates": "{\"type\": \"Point\", \"coordinates\": [37.95661, 0.18318]}", "facility": {"code": 11923}}, {"collection_date": "2015-08-19T15:00:18.421546+00:00", "source": {"name": "KEMRI GIS MERGE"}, "method": {"name": "Taken with GPS Device"}, "coordinates": "{\"type\": \"Point\", \"coordinates\": [37.4439, -1.56419]}", "facility": {"code": 12345}}, {"collection_date": "2015-08-19T15:00:18.420302+00:00", "source": {"name": "Cold Chain Inventory (MoH/PATH/WHO) - Feb 2011"}, "method": {"name": "Taken with GPS Device"}, "coordinates": "{\"type\": \"Point\", \"coordinates\": [35.58709, 0.43177]}", "facility": {"code": 14286}}, {"collection_date": "2015-08-19T15:00:18.410825+00:00", "source": {"name": "SARAM 2013"}, "method": {"name": "Taken with GPS Device"}, "coordinates": "{\"type\": \"Point\", \"coordinates\": [35.27805, -0.35835]}", "facility": {"code": 15571}}, {"collection_date": "2015-08-19T15:00:18.285184+00:00", "source": {"name": "Cold Chain Inventory (MoH/PATH/WHO) - Feb 2011"}, "method": {"name": "Taken with GPS Device"}, "coordinates": "{\"type\": \"Point\", \"coordinates\": [34.34789, 0.75381]}", "facility": {"code": 16021}}, {"collection_date": "2015-08-19T15:00:18.276373+00:00", "source": {"name": "DHMT"}, "method": {"name": "Taken with GPS Device"}, "coordinates": "{\"type\": \"Point\", \"coordinates\": [36.56996, -0.25383]}", "facility": {"code": 10905}}, {"collection_date": "2015-08-19T15:00:18.096970+00:00", "source": {"name": "KEMRI GIS MERGE"}, "method": {"name": "Taken with GPS Device"}, "coordinates": "{\"type\": \"Point\", \"coordinates\": [37.60916, -0.26455]}", "facility": {"code": 12148}}, {"collection_date": "2015-08-19T15:00:18.096512+00:00", "source": {"name": "DHMT Nakuru"}, "method": {"name": "Taken with GPS Device"}, "coordinates": "{\"type\": \"Point\", \"coordinates\": [35.96116, -0.20293]}", "facility": {"code": 14539}}, {"collection_date": "2015-08-19T15:00:18.092548+00:00", "source": {"name": "Moh-Naivasha"}, "method": {"name": "Taken with GPS Device"}, "coordinates": "{\"type\": \"Point\", \"coordinates\": [36.43277, -0.67459]}", "facility": {"code": 14551}}, {"collection_date": "2015-08-19T15:00:18.082869+00:00", "source": {"name": "DHMT"}, "method": {"name": "Taken with GPS Device"}, "coordinates": "{\"type\": \"Point\", \"coordinates\": [35.28614, 0.14452]}", "facility": {"code": 14965}}, {"collection_date": "2015-08-19T15:00:17.928022+00:00", "source": {"name": "SARAM 2013"}, "method": {"name": "Taken with GPS Device"}, "coordinates": "{\"type\": \"Point\", \"coordinates\": [39.62066, -4.03626]}", "facility": {"code": 11522}}, {"collection_date": "2015-08-19T15:00:17.750630+00:00", "source": {"name": "KEMRI GIS MERGE"}, "method": {"name": "Calc from proximity to school, village,markets"}, "coordinates": "{\"type\": \"Point\", \"coordinates\": [37.36923, -1.52295]}", "facility": {"code": 12650}}, {"collection_date": "2015-08-19T15:00:17.743285+00:00", "source": {"name": "KEMRI GIS MERGE"}, "method": {"name": "Taken with GPS Device"}, "coordinates": "{\"type\": \"Point\", \"coordinates\": [36.27082, -0.64815]}", "facility": {"code": 14425}}, {"collection_date": "2015-08-19T15:00:17.742737+00:00", "source": {"name": "Sublocation Centroid Exercise of MOH/ICF Macro"}, "method": {"name": "Taken with GPS Device"}, "coordinates": "{\"type\": \"Point\", \"coordinates\": [36.24343, -0.36591]}", "facility": {"code": 15483}}, {"collection_date": "2015-08-19T15:00:17.729251+00:00", "source": {"name": "Cold Chain Inventory (MoH/PATH/WHO) - Feb 2011"}, "method": {"name": "Taken with GPS Device"}, "coordinates": "{\"type\": \"Point\", \"coordinates\": [35.43611, 0.21511]}", "facility": {"code": 16347}}, {"collection_date": "2015-08-19T15:00:17.712845+00:00", "source": {"name": "DMOH"}, "method": {"name": "Taken with GPS Device"}, "coordinates": "{\"type\": \"Point\", \"coordinates\": [37.91423, -1.0386]}", "facility": {"code": 12797}}, {"collection_date": "2015-08-19T15:00:17.539659+00:00", "source": {"name": "KEMRI GIS MERGE"}, "method": {"name": "Taken with GPS Device"}, "coordinates": "{\"type\": \"Point\", \"coordinates\": [37.20007, -1.56613]}", "facility": {"code": 12637}}, {"collection_date": "2015-08-19T15:00:17.528056+00:00", "source": {"name": "Cold Chain Inventory (MoH/PATH/WHO)  Feb 2011"}, "method": {"name": "Taken with GPS Device"}, "coordinates": "{\"type\": \"Point\", \"coordinates\": [35.54616, 0.33887]}", "facility": {"code": 14605}}, {"collection_date": "2015-08-19T15:00:17.518390+00:00", "source": {"name": "DHRIO"}, "method": {"name": "Taken with GPS Device"}, "coordinates": "{\"type\": \"Point\", \"coordinates\": [35.29879, -0.36309]}", "facility": {"code": 15761}}, {"collection_date": "2015-08-19T15:00:17.362830+00:00", "source": {"name": "DMOH"}, "method": {"name": "Taken with GPS Device"}, "coordinates": "{\"type\": \"Point\", \"coordinates\": [37.92889, -1.12169]}", "facility": {"code": 12690}}, {"collection_date": "2015-08-19T15:00:17.359955+00:00", "source": {"name": "Cold Chain Inventory (MoH/PATH/WHO) - Feb 2011"}, "method": {"name": "Taken with GPS Device"}, "coordinates": "{\"type\": \"Point\", \"coordinates\": [34.35149, 0.70935]}", "facility": {"code": 15800}}, {"collection_date": "2015-08-19T15:00:17.335806+00:00", "source": {"name": "DHMT"}, "method": {"name": "Taken with GPS Device"}, "coordinates": "{\"type\": \"Point\", \"coordinates\": [38.04095, -1.50514]}", "facility": {"code": 12636}}, {"collection_date": "2015-08-19T15:00:17.207033+00:00", "source": {"name": "Moh-Naivasha"}, "method": {"name": "Taken with GPS Device"}, "coordinates": "{\"type\": \"Point\", \"coordinates\": [36.44102, -0.72134]}", "facility": {"code": 15241}}, {"collection_date": "2015-08-19T15:00:17.185969+00:00", "source": {"name": "HMIS"}, "method": {"name": "Taken with GPS Device"}, "coordinates": "{\"type\": \"Point\", \"coordinates\": [34.4448, -0.80482]}", "facility": {"code": 14011}}, {"collection_date": "2015-08-19T15:00:17.177218+00:00", "source": {"name": "DHMT"}, "method": {"name": "Taken with GPS Device"}, "coordinates": "{\"type\": \"Point\", \"coordinates\": [35.20592, 1.36321]}", "facility": {"code": 14444}}, {"collection_date": "2015-08-19T15:00:17.164149+00:00", "source": {"name": "Cold Chain Inventory (MoH/PATH/WHO) - Feb 2011"}, "method": {"name": "Taken with GPS Device"}, "coordinates": "{\"type\": \"Point\", \"coordinates\": [34.27269, 0.572]}", "facility": {"code": 15799}}, {"collection_date": "2015-08-19T15:00:17.013564+00:00", "source": {"name": "KEMRI GIS MERGE"}, "method": {"name": "Taken with GPS Device"}, "coordinates": "{\"type\": \"Point\", \"coordinates\": [37.2455, -1.5925]}", "facility": {"code": 12237}}, {"collection_date": "2015-08-19T15:00:16.998917+00:00", "source": {"name": "Moh-Naivasha"}, "method": {"name": "Taken with GPS Device"}, "coordinates": "{\"type\": \"Point\", \"coordinates\": [36.35531, -0.83675]}", "facility": {"code": 15559}}, {"collection_date": "2015-08-19T15:00:16.939016+00:00", "source": {"name": "DHMT"}, "method": {"name": "Taken with GPS Device"}, "coordinates": "{\"type\": \"Point\", \"coordinates\": [35.19619, -0.78589]}", "facility": {"code": 14585}}, {"collection_date": "2015-08-19T15:00:16.938764+00:00", "source": {"name": "KEMRI GIS MERGE"}, "method": {"name": "Taken with GPS Device"}, "coordinates": "{\"type\": \"Point\", \"coordinates\": [34.77196, 0.60729]}", "facility": {"code": 16160}}, {"collection_date": "2015-08-19T15:00:16.927777+00:00", "source": {"name": "KEMRI GIS MERGE"}, "method": {"name": "Taken with GPS Device"}, "coordinates": "{\"type\": \"Point\", \"coordinates\": [36.88508, -1.24425]}", "facility": {"code": 13160}}, {"collection_date": "2015-08-19T15:00:16.762589+00:00", "source": {"name": "DHRIO"}, "method": {"name": "Taken with GPS Device"}, "coordinates": "{\"type\": \"Point\", \"coordinates\": [35.32374, -0.36925]}", "facility": {"code": 14319}}, {"collection_date": "2015-08-19T15:00:16.761643+00:00", "source": {"name": "DHMT"}, "method": {"name": "Taken with GPS Device"}, "coordinates": "{\"type\": \"Point\", \"coordinates\": [38.19709, -1.49759]}", "facility": {"code": 12251}}, {"collection_date": "2015-08-19T15:00:16.728519+00:00", "source": {"name": "KEMRI GIS MERGE"}, "method": {"name": "Calc from proximity to school, village,markets"}, "coordinates": "{\"type\": \"Point\", \"coordinates\": [35.5463, -0.14725]}", "facility": {"code": 14588}}, {"collection_date": "2015-08-19T15:00:16.694620+00:00", "source": {"name": "DHMT"}, "method": {"name": "Taken with GPS Device"}, "coordinates": "{\"type\": \"Point\", \"coordinates\": [35.80703, 0.32243]}", "facility": {"code": 15718}}, {"collection_date": "2015-08-19T15:00:16.684637+00:00", "source": {"name": "KEMRI GIS MERGE"}, "method": {"name": "Taken with GPS Device"}, "coordinates": "{\"type\": \"Point\", \"coordinates\": [34.16523, 0.36597]}", "facility": {"code": 16004}}, {"collection_date": "2015-08-19T15:00:16.529405+00:00", "source": {"name": "HMIS"}, "method": {"name": "Taken with GPS Device"}, "coordinates": "{\"type\": \"Point\", \"coordinates\": [38.21918, -3.24262]}", "facility": {"code": 11201}}, {"collection_date": "2015-08-19T15:00:16.527712+00:00", "source": {"name": "KEMRI GIS MERGE"}, "method": {"name": "Taken with GPS Device"}, "coordinates": "{\"type\": \"Point\", \"coordinates\": [37.70238, -0.24204]}", "facility": {"code": 12339}}, {"collection_date": "2015-08-19T15:00:16.520510+00:00", "source": {"name": "Cold Chain Inventory (MoH/PATH/WHO) - Feb 2011"}, "method": {"name": "Taken with GPS Device"}, "coordinates": "{\"type\": \"Point\", \"coordinates\": [35.27248, 1.02693]}", "facility": {"code": 14506}}, {"collection_date": "2015-08-19T15:00:16.455132+00:00", "source": {"name": "Cold Chain Inventory (MoH/PATH/WHO) - Feb 2011"}, "method": {"name": "Taken with GPS Device"}, "coordinates": "{\"type\": \"Point\", \"coordinates\": [34.27321, 0.56216]}", "facility": {"code": 15798}}, {"collection_date": "2015-08-19T15:00:16.453086+00:00", "source": {"name": "DHMT"}, "method": {"name": "Taken with GPS Device"}, "coordinates": "{\"type\": \"Point\", \"coordinates\": [40.11159, 0.35088]}", "facility": {"code": 13428}}, {"collection_date": "2015-08-19T15:00:15.991606+00:00", "source": {"name": "DHMT"}, "method": {"name": "Taken with GPS Device"}, "coordinates": "{\"type\": \"Point\", \"coordinates\": [38.10994, -1.42771]}", "facility": {"code": 12342}}, {"collection_date": "2015-08-19T15:00:15.959552+00:00", "source": {"name": "HMIS"}, "method": {"name": "Taken with GPS Device"}, "coordinates": "{\"type\": \"Point\", \"coordinates\": [38.22012, -3.24258]}", "facility": {"code": 11299}}], "model": "mfl_gis.FacilityCoordinates", "unique_fields": ["facility"]}]