[{"records": [{"collection_date": "2015-08-19T15:00:15.806176+00:00", "source": {"name": "KEMRI GIS MERGE"}, "method": {"name": "Calc from proximity to school, village,markets"}, "coordinates": "{\"type\": \"Point\", \"coordinates\": [37.3933, -1.24029]}", "facility": {"code": 12503}}, {"collection_date": "2015-08-19T15:00:15.781230+00:00", "source": {"name": "SARAM 2013"}, "method": {"name": "Taken with GPS Device"}, "coordinates": "{\"type\": \"Point\", \"coordinates\": [35.28001, -0.37057]}", "facility": {"code": 14834}}, {"collection_date": "2015-08-19T15:00:15.780401+00:00", "source": {"name": "DHMT"}, "method": {"name": "Taken with GPS Device"}, "coordinates": "{\"type\": \"Point\", \"coordinates\": [35.10397, -0.79675]}", "facility": {"code": 14273}}, {"collection_date": "2015-08-19T15:00:15.732033+00:00", "source": {"name": "KEMRI GIS MERGE"}, "method": {"name": "Calc from proximity to school, village,markets"}, "coordinates": "{\"type\": \"Point\", \"coordinates\": [37.26421, -1.05016]}", "facility": {"code": 12347}}, {"collection_date": "2015-08-19T15:00:15.561452+00:00", "source": {"name": "Cold Chain Inventory (MoH/PATH/WHO) - Feb 2011"}, "method": {"name": "Taken with GPS Device"}, "coordinates": "{\"type\": \"Point\", \"coordinates\": [36.16754, -0.77156]}", "facility": {"code": 14454}}, {"collection_date": "2015-08-19T15:00:15.556955+00:00", "source": {"name": "DHMT Nakuru"}, "method": {"name": "Taken with GPS Device"}, "coordinates": "{\"type\": \"Point\", \"coordinates\": [36.15748, -0.00195]}", "facility": {"code": 15114}}, {"collection_date": "2015-08-19T15:00:15.549979+00:00", "source": {"name": "KEMRI GIS MERGE"}, "method": {"name": "Taken with GPS Device"}, "coordinates": "{\"type\": \"Point\", \"coordinates\": [34.42086, 0.68234]}", "facility": {"code": 15994}}, {"collection_date": "2015-08-19T15:00:15.545976+00:00", "source": {"name": "Moh-Naivasha"}, "method": {"name": "Taken with GPS Device"}, "coordinates": "{\"type\": \"Point\", \"coordinates\": [36.43444, -0.71721]}", "facility": {"code": 15466}}, {"collection_date": "2015-08-19T15:00:15.459862+00:00", "source": {"name": "DPHN/ MEDICAL ENGINEERING DEPARTMENT"}, "method": {"name": "Taken with GPS Device"}, "coordinates": "{\"type\": \"Point\", \"coordinates\": [37.26339, -1.07616]}", "facility": {"code": 12465}}, {"collection_date": "2015-08-19T15:00:15.338529+00:00", "source": {"name": "GPS"}, "method": {"name": "Taken with GPS Device"}, "coordinates": "{\"type\": \"Point\", \"coordinates\": [34.63435, 0.07941]}", "facility": {"code": 15866}}, {"collection_date": "2015-08-19T15:00:15.315100+00:00", "source": {"name": "KEMRI GIS MERGE"}, "method": {"name": "Taken with GPS Device"}, "coordinates": "{\"type\": \"Point\", \"coordinates\": [35.904154, -0.551166]}", "facility": {"code": 14470}}, {"collection_date": "2015-08-19T15:00:15.314539+00:00", "source": {"name": "DHRIO"}, "method": {"name": "Taken with GPS Device"}, "coordinates": "{\"type\": \"Point\", \"coordinates\": [35.2759, -0.38045]}", "facility": {"code": 14538}}, {"collection_date": "2015-08-19T15:00:15.314539+00:00", "source": {"name": "KEMRI GIS MERGE"}, "method": {"name": "Taken with GPS Device"}, "coordinates": "{\"type\": \"Point\", \"coordinates\": [35.15882, 0.56997]}", "facility": {"code": 15616}}, {"collection_date": "2015-08-19T15:00:15.062891+00:00", "source": {"name": "KEMRI GIS MERGE"}, "method": {"name": "Calc from proximity to school, village,markets"}, "coordinates": "{\"type\": \"Point\", \"coordinates\": [37.32668, -1.16113]}", "facility": {"code": 12305}}, {"collection_date": "2015-08-19T15:00:14.968823+00:00", "source": {"name": "Cold Chain Inventory (MoH/PATH/WHO) - Feb 2011"}, "method": {"name": "Taken with GPS Device"}, "coordinates": "{\"type\": \"Point\", \"coordinates\": [38.40848, -0.64276]}", "facility": {"code": 12654}}, {"collection_date": "2015-08-19T15:00:14.759332+00:00", "source": {"name": "SARAM 2013"}, "method": {"name": "Taken with GPS Device"}, "coordinates": "{\"type\": \"Point\", \"coordinates\": [35.27374, -0.36141]}", "facility": {"code": 15649}}, {"collection_date": "2015-08-19T15:00:14.759296+00:00", "source": {"name": "DHRIO"}, "method": {"name": "Taken with GPS Device"}, "coordinates": "{\"type\": \"Point\", \"coordinates\": [35.17356, -0.361]}", "facility": {"code": 15617}}, {"collection_date": "2015-08-19T15:00:14.728265+00:00", "source": {"name": "Cold Chain Inventory (MoH/PATH/WHO) - Feb 2011"}, "method": {"name": "Taken with GPS Device"}, "coordinates": "{\"type\": \"Point\", \"coordinates\": [36.03315, -0.86997]}", "facility": {"code": 14471}}, {"collection_date": "2015-08-19T15:00:14.535867+00:00", "source": {"name": "DHMT"}, "method": {"name": "Taken with GPS Device"}, "coordinates": "{\"type\": \"Point\", \"coordinates\": [38.16009, -2.0823]}", "facility": {"code": 12204}}, {"collection_date": "2015-08-19T15:00:14.498261+00:00", "source": {"name": "HMIS, DHRIO"}, "method": {"name": "Taken with GPS Device"}, "coordinates": "{\"type\": \"Point\", \"coordinates\": [35.22976, 0.20895]}", "facility": {"code": 14866}}, {"collection_date": "2015-08-19T15:00:14.485322+00:00", "source": {"name": "SARAM 2013"}, "method": {"name": "Taken with GPS Device"}, "coordinates": "{\"type\": \"Point\", \"coordinates\": [35.7241, 0.05388]}", "facility": {"code": 15174}}, {"collection_date": "2015-08-19T15:00:14.426773+00:00", "source": {"name": "DHMT"}, "method": {"name": "Taken with GPS Device"}, "coordinates": "{\"type\": \"Point\", \"coordinates\": [35.10716, -0.6941]}", "facility": {"code": 15619}}, {"collection_date": "2015-08-19T15:00:14.424168+00:00", "source": {"name": "SARAM 2013"}, "method": {"name": "Taken with GPS Device"}, "coordinates": "{\"type\": \"Point\", \"coordinates\": [36.0488, 0.4732]}", "facility": {"code": 14568}}, {"collection_date": "2015-08-19T15:00:14.414849+00:00", "source": {"name": "KEMRI GIS MERGE"}, "method": {"name": "Calc from proximity to school, village,markets"}, "coordinates": "{\"type\": \"Point\", \"coordinates\": [37.16232, -1.43779]}", "facility": {"code": 12466}}, {"collection_date": "2015-08-19T15:00:14.258556+00:00", "source": {"name": "DHMT Transmara"}, "method": {"name": "Taken with GPS Device"}, "coordinates": "{\"type\": \"Point\", \"coordinates\": [34.88347, -1.00797]}", "facility": {"code": 15740}}, {"collection_date": "2015-08-19T15:00:14.248056+00:00", "source": {"name": "DHMT TSEIKURU"}, "method": {"name": "Taken with GPS Device"}, "coordinates": "{\"type\": \"Point\", \"coordinates\": [38.22111, -0.31866]}", "facility": {"code": 12805}}, {"collection_date": "2015-08-19T15:00:14.192510+00:00", "source": {"name": "SARAM 2013"}, "method": {"name": "Taken with GPS Device"}, "coordinates": "{\"type\": \"Point\", \"coordinates\": [35.8353, 0.22912]}", "facility": {"code": 14292}}, {"collection_date": "2015-08-19T15:00:14.145794+00:00", "source": {"name": "HMIS) - Nov 2011"}, "method": {"name": "Taken with GPS Device"}, "coordinates": "{\"type\": \"Point\", \"coordinates\": [38.58444, -3.39267]}", "facility": {"code": 11705}}, {"collection_date": "2015-08-19T15:00:14.136550+00:00", "source": {"name": "KEMRI GIS MERGE"}, "method": {"name": "Taken with GPS Device"}, "coordinates": "{\"type\": \"Point\", \"coordinates\": [36.23047, 0.00272]}", "facility": {"code": 15678}}, {"collection_date": "2015-08-19T15:00:14.136088+00:00", "source": {"name": "DHMT"}, "method": {"name": "Taken with GPS Device"}, "coordinates": "{\"type\": \"Point\", \"coordinates\": [35.13892, -0.67722]}", "facility": {"code": 14741}}, {"collection_date": "2015-08-19T15:00:14.124196+00:00", "source": {"name": "KEMRI GIS MERGE"}, "method": {"name": "Taken with GPS Device"}, "coordinates": "{\"type\": \"Point\", \"coordinates\": [34.1914, 0.30231]}", "facility": {"code": 15823}}, {"collection_date": "2015-08-19T15:00:13.957136+00:00", "source": {"name": "KEMRI GIS MERGE"}, "method": {"name": "Taken with GPS Device"}, "coordinates": "{\"type\": \"Point\", \"coordinates\": [37.07114, 0.02148]}", "facility": {"code": 14480}}, {"collection_date": "2015-08-19T15:00:13.923234+00:00", "source": {"name": "HMIS"}, "method": {"name": "Taken with GPS Device"}, "coordinates": "{\"type\": \"Point\", \"coordinates\": [38.47813, -3.30278]}", "facility": {"code": 11704}}, {"collection_date": "2015-08-19T15:00:13.911884+00:00", "source": {"name": "KEMRI GIS MERGE"}, "method": {"name": "Taken with GPS Device"}, "coordinates": "{\"type\": \"Point\", \"coordinates\": [34.92408, 0.89313]}", "facility": {"code": 14872}}, {"collection_date": "2015-08-19T15:00:13.897043+00:00", "source": {"name": "GPS"}, "method": {"name": "Taken with GPS Device"}, "coordinates": "{\"type\": \"Point\", \"coordinates\": [34.58067, 0.0505]}", "facility": {"code": 15904}}, {"collection_date": "2015-08-19T15:00:13.892842+00:00", "source": {"name": "DHMT"}, "method": {"name": "Taken with GPS Device"}, "coordinates": "{\"type\": \"Point\", \"coordinates\": [35.4776, -0.78909]}", "facility": {"code": 15714}}, {"collection_date": "2015-08-19T15:00:13.823816+00:00", "source": {"name": "Cold Chain Inventory (MoH/PATH/WHO) - Feb 2011"}, "method": {"name": "Taken with GPS Device"}, "coordinates": "{\"type\": \"Point\", \"coordinates\": [34.99757, 1.02051]}", "facility": {"code": 14528}}, {"collection_date": "2015-08-19T15:00:13.816424+00:00", "source": {"name": "DHMT"}, "method": {"name": "Taken with GPS Device"}, "coordinates": "{\"type\": \"Point\", \"coordinates\": [37.73654, -3.38735]}", "facility": {"code": 11702}}, {"collection_date": "2015-08-19T15:00:13.679767+00:00", "source": {"name": "DHRIO"}, "method": {"name": "Taken with GPS Device"}, "coordinates": "{\"type\": \"Point\", \"coordinates\": [35.26811, -0.32737]}", "facility": {"code": 14890}}, {"collection_date": "2015-08-19T15:00:13.673669+00:00", "source": {"name": "SARAM 2013"}, "method": {"name": "Taken with GPS Device"}, "coordinates": "{\"type\": \"Point\", \"coordinates\": [35.60115, 0.12517]}", "facility": {"code": 15735}}, {"collection_date": "2015-08-19T15:00:13.666859+00:00", "source": {"name": "DHMT"}, "method": {"name": "Taken with GPS Device"}, "coordinates": "{\"type\": \"Point\", \"coordinates\": [37.27245, -0.42508]}", "facility": {"code": 10462}}, {"collection_date": "2015-08-19T15:00:13.589563+00:00", "source": {"name": "KEMRI GIS MERGE"}, "method": {"name": "Taken with GPS Device"}, "coordinates": "{\"type\": \"Point\", \"coordinates\": [39.83273, -0.85046]}", "facility": {"code": 11699}}, {"collection_date": "2015-08-19T15:00:13.568571+00:00", "source": {"name": "KEMRI GIS MERGE"}, "method": {"name": "Taken with GPS Device"}, "coordinates": "{\"type\": \"Point\", \"coordinates\": [35.60491, 3.10735]}", "facility": {"code": 14527}}, {"collection_date": "2015-08-19T15:00:13.544370+00:00", "source": {"name": "DPHN/ Medical Engineering Deaprtment"}, "method": {"name": "Taken with GPS Device"}, "coordinates": "{\"type\": \"Point\", \"coordinates\": [37.54797, -1.14618]}", "facility": {"code": 12489}}, {"collection_date": "2015-08-19T15:00:13.532369+00:00", "source": {"name": "Cold Chain Inventory (MoH/PATH/WHO) - Feb 2011"}, "method": {"name": "Taken with GPS Device"}, "coordinates": "{\"type\": \"Point\", \"coordinates\": [35.22288, 1.05204]}", "facility": {"code": 15692}}, {"collection_date": "2015-08-19T15:00:13.499684+00:00", "source": {"name": "DHMT"}, "method": {"name": "Taken with GPS Device"}, "coordinates": "{\"type\": \"Point\", \"coordinates\": [40.51057, -1.59897]}", "facility": {"code": 13370}}, {"collection_date": "2015-08-19T15:00:13.434044+00:00", "source": {"name": "HMIS"}, "method": {"name": "Taken with GPS Device"}, "coordinates": "{\"type\": \"Point\", \"coordinates\": [38.28576, -3.40177]}", "facility": {"code": 11688}}, {"collection_date": "2015-08-19T15:00:13.422790+00:00", "source": {"name": "DHMT Nakuru"}, "method": {"name": "Taken with GPS Device"}, "coordinates": "{\"type\": \"Point\", \"coordinates\": [36.06366, -0.28829]}", "facility": {"code": 15764}}, {"collection_date": "2015-08-19T15:00:13.412715+00:00", "source": {"name": "Cold Chain Inventory (MoH/PATH/WHO) - Feb 2011"}, "method": {"name": "Taken with GPS Device"}, "coordinates": "{\"type\": \"Point\", \"coordinates\": [35.42991, 0.50468]}", "facility": {"code": 14437}}, {"collection_date": "2015-08-19T15:00:13.403620+00:00", "source": {"name": "KEMRI GIS MERGE"}, "method": {"name": "Taken with GPS Device"}, "coordinates": "{\"type\": \"Point\", \"coordinates\": [35.01247, 0.91937]}", "facility": {"code": 15747}}, {"collection_date": "2015-08-19T15:00:13.367502+00:00", "source": {"name": "SARAM 2013"}, "method": {"name": "Taken with GPS Device"}, "coordinates": "{\"type\": \"Point\", \"coordinates\": [37.45951, -1.74779]}", "facility": {"code": 12565}}, {"collection_date": "2015-08-19T15:00:13.291209+00:00", "source": {"name": "KEMRI GIS MERGE"}, "method": {"name": "Taken with GPS Device"}, "coordinates": "{\"type\": \"Point\", \"coordinates\": [38.4313, -3.35282]}", "facility": {"code": 11686}}, {"collection_date": "2015-08-19T15:00:13.287859+00:00", "source": {"name": "KEMRI GIS MERGE"}, "method": {"name": "Calc from proximity to school, village,markets"}, "coordinates": "{\"type\": \"Point\", \"coordinates\": [35.8072, -1.10613]}", "facility": {"code": 14484}}, {"collection_date": "2015-08-19T15:00:13.284233+00:00", "source": {"name": "KEMRI GIS MERGE"}, "method": {"name": "Taken with GPS Device"}, "coordinates": "{\"type\": \"Point\", \"coordinates\": [35.05195, 0.63452]}", "facility": {"code": 15753}}, {"collection_date": "2015-08-19T15:00:13.269620+00:00", "source": {"name": "KEMRI GIS MERGE"}, "method": {"name": "Taken with GPS Device"}, "coordinates": "{\"type\": \"Point\", \"coordinates\": [36.25722, -0.41433]}", "facility": {"code": 15654}}, {"collection_date": "2015-08-19T15:00:13.233039+00:00", "source": {"name": "DHMT"}, "method": {"name": "Taken with GPS Device"}, "coordinates": "{\"type\": \"Point\", \"coordinates\": [34.46953, -0.14141]}", "facility": {"code": 13770}}, {"collection_date": "2015-08-19T15:00:13.178057+00:00", "source": {"name": "DHMT"}, "method": {"name": "Taken with GPS Device"}, "coordinates": "{\"type\": \"Point\", \"coordinates\": [38.06948, -1.4627]}", "facility": {"code": 12410}}, {"collection_date": "2015-08-19T15:00:13.147397+00:00", "source": {"name": "GIS"}, "method": {"name": "Taken with GPS Device"}, "coordinates": "{\"type\": \"Point\", \"coordinates\": [35.48215, 0.37328]}", "facility": {"code": 14499}}, {"collection_date": "2015-08-19T15:00:13.133902+00:00", "source": {"name": "DHMT"}, "method": {"name": "Taken with GPS Device"}, "coordinates": "{\"type\": \"Point\", \"coordinates\": [35.35942, -0.74331]}", "facility": {"code": 15719}}, {"collection_date": "2015-08-19T15:00:13.122396+00:00", "source": {"name": "KEMRI GIS MERGE"}, "method": {"name": "Taken with GPS Device"}, "coordinates": "{\"type\": \"Point\", \"coordinates\": [37.91834, 0.0929]}", "facility": {"code": 12390}}, {"collection_date": "2015-08-19T15:00:13.115006+00:00", "source": {"name": "DHMT"}, "method": {"name": "Taken with GPS Device"}, "coordinates": "{\"type\": \"Point\", \"coordinates\": [35.36278, 1.91295]}", "facility": {"code": 15755}}, {"collection_date": "2015-08-19T15:00:13.033858+00:00", "source": {"name": "Cold Chain Inventory (MoH/PATH/WHO) - Feb 2011"}, "method": {"name": "Taken with GPS Device"}, "coordinates": "{\"type\": \"Point\", \"coordinates\": [36.10432, -0.88928]}", "facility": {"code": 14562}}, {"collection_date": "2015-08-19T15:00:13.022607+00:00", "source": {"name": "DHMT"}, "method": {"name": "Taken with GPS Device"}, "coordinates": "{\"type\": \"Point\", \"coordinates\": [38.21094, -1.58822]}", "facility": {"code": 12190}}, {"collection_date": "2015-08-19T15:00:13.016286+00:00", "source": {"name": "DHMT"}, "method": {"name": "Taken with GPS Device"}, "coordinates": "{\"type\": \"Point\", \"coordinates\": [36.08036, -0.28205]}", "facility": {"code": 15289}}, {"collection_date": "2015-08-19T15:00:13.002002+00:00", "source": {"name": "KEMRI GIS MERGE"}, "method": {"name": "Taken with GPS Device"}, "coordinates": "{\"type\": \"Point\", \"coordinates\": [34.56012, 0.64657]}", "facility": {"code": 15911}}, {"collection_date": "2015-08-19T15:00:12.970962+00:00", "source": {"name": "SARAM 2013"}, "method": {"name": "Taken with GPS Device"}, "coordinates": "{\"type\": \"Point\", \"coordinates\": [35.54387, 0.06395]}", "facility": {"code": 15725}}, {"collection_date": "2015-08-19T15:00:12.902706+00:00", "source": {"name": "DHMT"}, "method": {"name": "Taken with GPS Device"}, "coordinates": "{\"type\": \"Point\", \"coordinates\": [38.10876, -1.5656]}", "facility": {"code": 12416}}, {"collection_date": "2015-08-19T15:00:12.898245+00:00", "source": {"name": "DHMT"}, "method": {"name": "Taken with GPS Device"}, "coordinates": "{\"type\": \"Point\", \"coordinates\": [35.28638, 0.52636]}", "facility": {"code": 14519}}, {"collection_date": "2015-08-19T15:00:12.887672+00:00", "source": {"name": "DHMT"}, "method": {"name": "Taken with GPS Device"}, "coordinates": "{\"type\": \"Point\", \"coordinates\": [35.35484, 1.43746]}", "facility": {"code": 15446}}, {"collection_date": "2015-08-19T15:00:12.777065+00:00", "source": {"name": "KEMRI GIS MERGE"}, "method": {"name": "Taken with GPS Device"}, "coordinates": "{\"type\": \"Point\", \"coordinates\": [37.2792, -1.27998]}", "facility": {"code": 12657}}, {"collection_date": "2015-08-19T15:00:12.765607+00:00", "source": {"name": "DHMT Transmara"}, "method": {"name": "Taken with GPS Device"}, "coordinates": "{\"type\": \"Point\", \"coordinates\": [35.22125, -1.04563]}", "facility": {"code": 14442}}, {"collection_date": "2015-08-19T15:00:12.603581+00:00", "source": {"name": "KEMRI GIS MERGE"}, "method": {"name": "Calc from proximity to school, village,markets"}, "coordinates": "{\"type\": \"Point\", \"coordinates\": [37.47929, -1.51646]}", "facility": {"code": 12418}}, {"collection_date": "2015-08-19T15:00:12.601230+00:00", "source": {"name": "SARAM 2013"}, "method": {"name": "Taken with GPS Device"}, "coordinates": "{\"type\": \"Point\", \"coordinates\": [34.90891, 0.95905]}", "facility": {"code": 15641}}, {"collection_date": "2015-08-19T15:00:12.589464+00:00", "source": {"name": "Moh-Naivasha"}, "method": {"name": "Taken with GPS Device"}, "coordinates": "{\"type\": \"Point\", \"coordinates\": [36.41933, -0.66492]}", "facility": {"code": 14513}}, {"collection_date": "2015-08-19T15:00:12.412584+00:00", "source": {"name": "DHMT"}, "method": {"name": "Taken with GPS Device"}, "coordinates": "{\"type\": \"Point\", \"coordinates\": [37.53042, -2.8145]}", "facility": {"code": 14868}}, {"collection_date": "2015-08-19T15:00:12.399405+00:00", "source": {"name": "Cold Chain Inventory (MoH/PATH/WHO) - Feb 2011"}, "method": {"name": "Taken with GPS Device"}, "coordinates": "{\"type\": \"Point\", \"coordinates\": [35.57549, 0.35535]}", "facility": {"code": 15019}}, {"collection_date": "2015-08-19T15:00:12.232347+00:00", "source": {"name": "SARAM 2013"}, "method": {"name": "Taken with GPS Device"}, "coordinates": "{\"type\": \"Point\", \"coordinates\": [35.00599, 0.99026]}", "facility": {"code": 14380}}, {"collection_date": "2015-08-19T15:00:12.220923+00:00", "source": {"name": "HMIS"}, "method": {"name": "Taken with GPS Device"}, "coordinates": "{\"type\": \"Point\", \"coordinates\": [38.7293, -3.61121]}", "facility": {"code": 11572}}, {"collection_date": "2015-08-19T15:00:12.214021+00:00", "source": {"name": "Moh-Naivasha"}, "method": {"name": "Taken with GPS Device"}, "coordinates": "{\"type\": \"Point\", \"coordinates\": [36.58386, -0.97728]}", "facility": {"code": 15108}}, {"collection_date": "2015-08-19T15:00:12.206018+00:00", "source": {"name": "KEMRI GIS MERGE"}, "method": {"name": "Taken with GPS Device"}, "coordinates": "{\"type\": \"Point\", \"coordinates\": [35.00599, 0.98021]}", "facility": {"code": 14514}}, {"collection_date": "2015-08-19T15:00:12.089896+00:00", "source": {"name": "DHMT"}, "method": {"name": "Taken with GPS Device"}, "coordinates": "{\"type\": \"Point\", \"coordinates\": [38.0806, -0.50905]}", "facility": {"code": 12242}}, {"collection_date": "2015-08-19T15:00:12.031786+00:00", "source": {"name": "DHMT"}, "method": {"name": "Taken with GPS Device"}, "coordinates": "{\"type\": \"Point\", \"coordinates\": [37.62818, -0.23033]}", "facility": {"code": 11970}}, {"collection_date": "2015-08-19T15:00:11.889584+00:00", "source": {"name": "Cold Chain Inventory (MoH/PATH/WHO) - Feb 2011"}, "method": {"name": "Taken with GPS Device"}, "coordinates": "{\"type\": \"Point\", \"coordinates\": [34.76489, 0.61314]}", "facility": {"code": 16018}}, {"collection_date": "2015-08-19T15:00:11.887960+00:00", "source": {"name": "DHMT"}, "method": {"name": "Taken with GPS Device"}, "coordinates": "{\"type\": \"Point\", \"coordinates\": [39.80962, -3.81928]}", "facility": {"code": 11881}}, {"collection_date": "2015-08-19T15:00:11.886531+00:00", "source": {"name": "KEMRI GIS MERGE"}, "method": {"name": "Taken with GPS Device"}, "coordinates": "{\"type\": \"Point\", \"coordinates\": [39.04667, -0.09754]}", "facility": {"code": 11588}}, {"collection_date": "2015-08-19T15:00:11.874139+00:00", "source": {"name": "DHMT"}, "method": {"name": "Taken with GPS Device"}, "coordinates": "{\"type\": \"Point\", \"coordinates\": [35.22555, -0.72737]}", "facility": {"code": 14290}}, {"collection_date": "2015-08-19T15:00:11.633119+00:00", "source": {"name": "DHMT"}, "method": {"name": "Taken with GPS Device"}, "coordinates": "{\"type\": \"Point\", \"coordinates\": [35.26418, 0.47565]}", "facility": {"code": 14438}}, {"collection_date": "2015-08-19T15:00:11.564753+00:00", "source": {"name": "DHMT"}, "method": {"name": "Taken with GPS Device"}, "coordinates": "{\"type\": \"Point\", \"coordinates\": [35.03473, -0.87593]}", "facility": {"code": 14505}}, {"collection_date": "2015-08-19T15:00:11.563359+00:00", "source": {"name": "KEMRI GIS MERGE"}, "method": {"name": "Taken with GPS Device"}, "coordinates": "{\"type\": \"Point\", \"coordinates\": [37.69194, -3.46046]}", "facility": {"code": 11478}}, {"collection_date": "2015-08-19T15:00:11.562305+00:00", "source": {"name": "DHMT"}, "method": {"name": "Taken with GPS Device"}, "coordinates": "{\"type\": \"Point\", \"coordinates\": [36.3423, -0.11858]}", "facility": {"code": 10671}}, {"collection_date": "2015-08-19T15:00:11.562181+00:00", "source": {"name": "KEMRI GIS MERGE"}, "method": {"name": "Taken with GPS Device"}, "coordinates": "{\"type\": \"Point\", \"coordinates\": [34.85275, 0.08013]}", "facility": {"code": 16103}}, {"collection_date": "2015-08-19T15:00:09.928776+00:00", "source": {"name": "DVI-DHMT"}, "method": {"name": "Taken with GPS Device"}, "coordinates": "{\"type\": \"Point\", \"coordinates\": [35.28465, -0.36676]}", "facility": {"code": 14521}}, {"collection_date": "2015-08-19T15:00:09.904198+00:00", "source": {"name": "SARAM 2013"}, "method": {"name": "Taken with GPS Device"}, "coordinates": "{\"type\": \"Point\", \"coordinates\": [36.03846, -0.17478]}", "facility": {"code": 15686}}, {"collection_date": "2015-08-19T15:00:09.873430+00:00", "source": {"name": "KEMRI GIS MERGE"}, "method": {"name": "Calc from proximity to school, village,markets"}, "coordinates": "{\"type\": \"Point\", \"coordinates\": [34.4379, 0.57248]}", "facility": {"code": 15825}}, {"collection_date": "2015-08-19T15:00:09.863432+00:00", "source": {"name": "DHMT"}, "method": {"name": "Taken with GPS Device"}, "coordinates": "{\"type\": \"Point\", \"coordinates\": [39.5235947, -3.5453315]}", "facility": {"code": 11237}}, {"collection_date": "2015-08-19T15:00:09.837789+00:00", "source": {"name": "DHMT"}, "method": {"name": "Taken with GPS Device"}, "coordinates": "{\"type\": \"Point\", \"coordinates\": [37.75595, -3.47486]}", "facility": {"code": 11577}}, {"collection_date": "2015-08-19T15:00:09.709638+00:00", "source": {"name": "DHMT Transmara"}, "method": {"name": "Taken with GPS Device"}, "coordinates": "{\"type\": \"Point\", \"coordinates\": [34.84508, -0.93404]}", "facility": {"code": 14194}}, {"collection_date": "2015-08-19T15:00:09.697006+00:00", "source": {"name": "KEMRI GIS MERGE"}, "method": {"name": "Taken with GPS Device"}, "coordinates": "{\"type\": \"Point\", \"coordinates\": [37.02752, 0.01278]}", "facility": {"code": 14522}}, {"collection_date": "2015-08-19T15:00:09.696934+00:00", "source": {"name": "KEMRI GIS MERGE"}, "method": {"name": "Taken with GPS Device"}, "coordinates": "{\"type\": \"Point\", \"coordinates\": [36.16787, -0.07637]}", "facility": {"code": 14611}}], "model": "mfl_gis.FacilityCoordinates", "unique_fields": ["facility"]}]