[{"records": [{"collection_date": "2015-08-19T15:00:09.495603+00:00", "source": {"name": "KEMRI GIS MERGE"}, "method": {"name": "Taken with GPS Device"}, "coordinates": "{\"type\": \"Point\", \"coordinates\": [34.57071, 0.19682]}", "facility": {"code": 16116}}, {"collection_date": "2015-08-19T15:00:09.490677+00:00", "source": {"name": "SARAM 2013"}, "method": {"name": "Taken with GPS Device"}, "coordinates": "{\"type\": \"Point\", \"coordinates\": [34.99234, 1.0242]}", "facility": {"code": 14949}}, {"collection_date": "2015-08-19T15:00:09.439278+00:00", "source": {"name": "DHMT"}, "method": {"name": "Calc from proximity to school, village,markets"}, "coordinates": "{\"type\": \"Point\", \"coordinates\": [35.8397, -1.07772]}", "facility": {"code": 14523}}, {"collection_date": "2015-08-19T15:00:09.428064+00:00", "source": {"name": "SARAM 2013"}, "method": {"name": "Taken with GPS Device"}, "coordinates": "{\"type\": \"Point\", \"coordinates\": [36.19908, -0.88864]}", "facility": {"code": 15106}}, {"collection_date": "2015-08-19T15:00:09.283137+00:00", "source": {"name": "KEMRI GIS MERGE"}, "method": {"name": "Calc from proximity to school, village,markets"}, "coordinates": "{\"type\": \"Point\", \"coordinates\": [36.64101, -1.1106]}", "facility": {"code": 10661}}, {"collection_date": "2015-08-19T15:00:09.272841+00:00", "source": {"name": "HMIS"}, "method": {"name": "Taken with GPS Device"}, "coordinates": "{\"type\": \"Point\", \"coordinates\": [38.56846, -3.40573]}", "facility": {"code": 11605}}, {"collection_date": "2015-08-19T15:00:09.262979+00:00", "source": {"name": "DHMT Transmara"}, "method": {"name": "Taken with GPS Device"}, "coordinates": "{\"type\": \"Point\", \"coordinates\": [34.87382, -1.00421]}", "facility": {"code": 15647}}, {"collection_date": "2015-08-19T15:00:09.210129+00:00", "source": {"name": "KEMRI GIS MERGE"}, "method": {"name": "Taken with GPS Device"}, "coordinates": "{\"type\": \"Point\", \"coordinates\": [34.68151, 0.1422]}", "facility": {"code": 15945}}, {"collection_date": "2015-08-19T15:00:09.197469+00:00", "source": {"name": "MOH"}, "method": {"name": "Taken with GPS Device"}, "coordinates": "{\"type\": \"Point\", \"coordinates\": [35.28437, 0.36829]}", "facility": {"code": 14524}}, {"collection_date": "2015-08-19T15:00:09.051238+00:00", "source": {"name": "KEMRI GIS MERGE"}, "method": {"name": "Taken with GPS Device"}, "coordinates": "{\"type\": \"Point\", \"coordinates\": [36.95746, -0.63943]}", "facility": {"code": 10893}}, {"collection_date": "2015-08-19T15:00:09.040001+00:00", "source": {"name": "SARAM 2013"}, "method": {"name": "Taken with GPS Device"}, "coordinates": "{\"type\": \"Point\", \"coordinates\": [35.00848, 1.01649]}", "facility": {"code": 15202}}, {"collection_date": "2015-08-19T15:00:09.029090+00:00", "source": {"name": "DPHN/ MEDICAL ENGINEERING DEPARTMENT"}, "method": {"name": "Taken with GPS Device"}, "coordinates": "{\"type\": \"Point\", \"coordinates\": [37.2915, -1.0591]}", "facility": {"code": 12635}}, {"collection_date": "2015-08-19T15:00:09.020511+00:00", "source": {"name": "KEMRI GIS MERGE"}, "method": {"name": "Calc from proximity to school, village,markets"}, "coordinates": "{\"type\": \"Point\", \"coordinates\": [34.8298, 0.04438]}", "facility": {"code": 15805}}, {"collection_date": "2015-08-19T15:00:08.951838+00:00", "source": {"name": "DHMT"}, "method": {"name": "Taken with GPS Device"}, "coordinates": "{\"type\": \"Point\", \"coordinates\": [35.08085, -0.89931]}", "facility": {"code": 14531}}, {"collection_date": "2015-08-19T15:00:08.932556+00:00", "source": {"name": "Cold Chain Inventory (MoH/PATH/WHO) - Feb 2011"}, "method": {"name": "Taken with GPS Device"}, "coordinates": "{\"type\": \"Point\", \"coordinates\": [36.44371, 0.06932]}", "facility": {"code": 10657}}, {"collection_date": "2015-08-19T15:00:08.818156+00:00", "source": {"name": "MOH"}, "method": {"name": "Taken with GPS Device"}, "coordinates": "{\"type\": \"Point\", \"coordinates\": [35.28756, 0.28372]}", "facility": {"code": 15205}}, {"collection_date": "2015-08-19T15:00:08.794030+00:00", "source": {"name": "Sublocation Centroid Exercise of MOH/ICF Macro"}, "method": {"name": "Other"}, "coordinates": "{\"type\": \"Point\", \"coordinates\": [40.0453, -1.47809]}", "facility": {"code": 11399}}, {"collection_date": "2015-08-19T15:00:08.780892+00:00", "source": {"name": "HMIS"}, "method": {"name": "Taken with GPS Device"}, "coordinates": "{\"type\": \"Point\", \"coordinates\": [38.43901, -3.25388]}", "facility": {"code": 11591}}, {"collection_date": "2015-08-19T15:00:08.715868+00:00", "source": {"name": "DHMT"}, "method": {"name": "Taken with GPS Device"}, "coordinates": "{\"type\": \"Point\", \"coordinates\": [36.90593, 2.09279]}", "facility": {"code": 15621}}, {"collection_date": "2015-08-19T15:00:08.705124+00:00", "source": {"name": "KEMRI GIS MERGE"}, "method": {"name": "Taken with GPS Device"}, "coordinates": "{\"type\": \"Point\", \"coordinates\": [37.74737, 0.1385]}", "facility": {"code": 12829}}, {"collection_date": "2015-08-19T15:00:08.686609+00:00", "source": {"name": "DHMT"}, "method": {"name": "Taken with GPS Device"}, "coordinates": "{\"type\": \"Point\", \"coordinates\": [35.7918, 0.3633]}", "facility": {"code": 14923}}, {"collection_date": "2015-08-19T15:00:08.675713+00:00", "source": {"name": "HMIS"}, "method": {"name": "Taken with GPS Device"}, "coordinates": "{\"type\": \"Point\", \"coordinates\": [38.37919, -3.50941]}", "facility": {"code": 11415}}, {"collection_date": "2015-08-19T15:00:08.530012+00:00", "source": {"name": "HMIS"}, "method": {"name": "Taken with GPS Device"}, "coordinates": "{\"type\": \"Point\", \"coordinates\": [38.3238, -3.2783]}", "facility": {"code": 11488}}, {"collection_date": "2015-08-19T15:00:08.505554+00:00", "source": {"name": "DHMT"}, "method": {"name": "Taken with GPS Device"}, "coordinates": "{\"type\": \"Point\", \"coordinates\": [35.3947, -1.2306]}", "facility": {"code": 14457}}, {"collection_date": "2015-08-19T15:00:08.482071+00:00", "source": {"name": "DHMT"}, "method": {"name": "Taken with GPS Device"}, "coordinates": "{\"type\": \"Point\", \"coordinates\": [38.24192, -0.40875]}", "facility": {"code": 12539}}, {"collection_date": "2015-08-19T15:00:08.417698+00:00", "source": {"name": "DHMT"}, "method": {"name": "Taken with GPS Device"}, "coordinates": "{\"type\": \"Point\", \"coordinates\": [37.61278, -3.44008]}", "facility": {"code": 11491}}, {"collection_date": "2015-08-19T15:00:08.417461+00:00", "source": {"name": "Sublocation Centroid Exercise of MOH/ICF Macro"}, "method": {"name": "Other"}, "coordinates": "{\"type\": \"Point\", \"coordinates\": [35.3993, 0.60296]}", "facility": {"code": 15552}}, {"collection_date": "2015-08-19T15:00:08.415766+00:00", "source": {"name": "DHMT"}, "method": {"name": "Taken with GPS Device"}, "coordinates": "{\"type\": \"Point\", \"coordinates\": [35.17979, -0.6985]}", "facility": {"code": 14920}}, {"collection_date": "2015-08-19T15:00:08.408523+00:00", "source": {"name": "DHMT Nakuru"}, "method": {"name": "Taken with GPS Device"}, "coordinates": "{\"type\": \"Point\", \"coordinates\": [36.08357, -0.28248]}", "facility": {"code": 15673}}, {"collection_date": "2015-08-19T15:00:08.259783+00:00", "source": {"name": "KEMRI GIS MERGE"}, "method": {"name": "Taken with GPS Device"}, "coordinates": "{\"type\": \"Point\", \"coordinates\": [36.90652, -0.9385]}", "facility": {"code": 10872}}, {"collection_date": "2015-08-19T15:00:08.232221+00:00", "source": {"name": "DHMT"}, "method": {"name": "Taken with GPS Device"}, "coordinates": "{\"type\": \"Point\", \"coordinates\": [35.78888, 0.47839]}", "facility": {"code": 14953}}, {"collection_date": "2015-08-19T15:00:08.226331+00:00", "source": {"name": "GPS"}, "method": {"name": "Taken with GPS Device"}, "coordinates": "{\"type\": \"Point\", \"coordinates\": [38.36394, -3.44819]}", "facility": {"code": 11302}}, {"collection_date": "2015-08-19T15:00:08.218551+00:00", "source": {"name": "Sublocation Centroid Exercise of MOH/ICF Macro"}, "method": {"name": "Other"}, "coordinates": "{\"type\": \"Point\", \"coordinates\": [34.6556, 0.196305]}", "facility": {"code": 16053}}, {"collection_date": "2015-08-19T15:00:08.218146+00:00", "source": {"name": "KEMRI GIS MERGE"}, "method": {"name": "Calc from proximity to school, village,markets"}, "coordinates": "{\"type\": \"Point\", \"coordinates\": [35.4072, -0.12453]}", "facility": {"code": 15611}}, {"collection_date": "2015-08-19T15:00:08.139025+00:00", "source": {"name": "Cold Chain Inventory (MoH/PATH/WHO) - Feb 2011"}, "method": {"name": "Taken with GPS Device"}, "coordinates": "{\"type\": \"Point\", \"coordinates\": [37.79485, -0.69182]}", "facility": {"code": 16465}}, {"collection_date": "2015-08-19T15:00:07.982753+00:00", "source": {"name": "KEMRI GIS MERGE"}, "method": {"name": "Taken with GPS Device"}, "coordinates": "{\"type\": \"Point\", \"coordinates\": [40.12098, -1.67425]}", "facility": {"code": 11542}}, {"collection_date": "2015-08-19T15:00:07.982612+00:00", "source": {"name": "SARAM 2013"}, "method": {"name": "Taken with GPS Device"}, "coordinates": "{\"type\": \"Point\", \"coordinates\": [35.75428, 0.19831]}", "facility": {"code": 15613}}, {"collection_date": "2015-08-19T15:00:07.971167+00:00", "source": {"name": "DHMT"}, "method": {"name": "Taken with GPS Device"}, "coordinates": "{\"type\": \"Point\", \"coordinates\": [35.38611, 0.81893]}", "facility": {"code": 15206}}, {"collection_date": "2015-08-19T15:00:07.956944+00:00", "source": {"name": "Moh-Naivasha"}, "method": {"name": "Taken with GPS Device"}, "coordinates": "{\"type\": \"Point\", \"coordinates\": [36.43527, -0.71889]}", "facility": {"code": 15133}}, {"collection_date": "2015-08-19T15:00:07.803056+00:00", "source": {"name": "Cold Chain Inventory (MoH/PATH/WHO) - Feb 2011"}, "method": {"name": "Taken with GPS Device"}, "coordinates": "{\"type\": \"Point\", \"coordinates\": [37.52897, -0.37803]}", "facility": {"code": 12179}}, {"collection_date": "2015-08-19T15:00:07.622640+00:00", "source": {"name": "Taken by DHRIO Laikipia West"}, "method": {"name": "Taken with GPS Device"}, "coordinates": "{\"type\": \"Point\", \"coordinates\": [36.68142, 0.43175]}", "facility": {"code": 15614}}, {"collection_date": "2015-08-19T15:00:07.614612+00:00", "source": {"name": "SARAM 2013"}, "method": {"name": "Taken with GPS Device"}, "coordinates": "{\"type\": \"Point\", \"coordinates\": [36.0974, 0.116]}", "facility": {"code": 14940}}, {"collection_date": "2015-08-19T15:00:07.605126+00:00", "source": {"name": "HMIS"}, "method": {"name": "Taken with GPS Device"}, "coordinates": "{\"type\": \"Point\", \"coordinates\": [38.44621, -3.28937]}", "facility": {"code": 11390}}, {"collection_date": "2015-08-19T15:00:07.604999+00:00", "source": {"name": "Sublocation Centroid Exercise of MOH/ICF Macro"}, "method": {"name": "Other"}, "coordinates": "{\"type\": \"Point\", \"coordinates\": [34.7243, 0.197958]}", "facility": {"code": 15998}}, {"collection_date": "2015-08-19T15:00:07.590838+00:00", "source": {"name": "KEMRI GIS MERGE"}, "method": {"name": "Calc from 1:50,000 scale topographic maps"}, "coordinates": "{\"type\": \"Point\", \"coordinates\": [34.57474, -0.97227]}", "facility": {"code": 13778}}, {"collection_date": "2015-08-19T15:00:07.249606+00:00", "source": {"name": "MOH"}, "method": {"name": "Taken with GPS Device"}, "coordinates": "{\"type\": \"Point\", \"coordinates\": [35.16711, -0.63916]}", "facility": {"code": 15618}}, {"collection_date": "2015-08-19T15:00:07.092481+00:00", "source": {"name": "KEMRI GIS MERGE"}, "method": {"name": "Taken with GPS Device"}, "coordinates": "{\"type\": \"Point\", \"coordinates\": [39.95162, -1.158]}", "facility": {"code": 11284}}, {"collection_date": "2015-08-19T15:00:07.081578+00:00", "source": {"name": "SARAM 2013"}, "method": {"name": "Taken with GPS Device"}, "coordinates": "{\"type\": \"Point\", \"coordinates\": [35.8914, 0.46478]}", "facility": {"code": 14867}}, {"collection_date": "2015-08-19T15:00:07.074288+00:00", "source": {"name": "HMIS"}, "method": {"name": "Taken with GPS Device"}, "coordinates": "{\"type\": \"Point\", \"coordinates\": [38.37843, -3.5037]}", "facility": {"code": 11441}}, {"collection_date": "2015-08-19T15:00:07.073500+00:00", "source": {"name": "Sublocation Centroid Exercise of MOH/ICF Macro"}, "method": {"name": "Taken with GPS Device"}, "coordinates": "{\"type\": \"Point\", \"coordinates\": [36.02481, -0.39356]}", "facility": {"code": 15013}}, {"collection_date": "2015-08-19T15:00:06.850641+00:00", "source": {"name": "DHMT"}, "method": {"name": "Taken with GPS Device"}, "coordinates": "{\"type\": \"Point\", \"coordinates\": [35.19167, -0.96389]}", "facility": {"code": 14304}}, {"collection_date": "2015-08-19T15:00:06.702817+00:00", "source": {"name": "DHMT"}, "method": {"name": "Taken with GPS Device"}, "coordinates": "{\"type\": \"Point\", \"coordinates\": [35.88708, 0.14357]}", "facility": {"code": 14446}}, {"collection_date": "2015-08-19T15:00:06.701498+00:00", "source": {"name": "KEMRI GIS MERGE"}, "method": {"name": "Taken with GPS Device"}, "coordinates": "{\"type\": \"Point\", \"coordinates\": [40.02169, -1.43728]}", "facility": {"code": 11283}}, {"collection_date": "2015-08-19T15:00:06.692209+00:00", "source": {"name": "DHRIO"}, "method": {"name": "Taken with GPS Device"}, "coordinates": "{\"type\": \"Point\", \"coordinates\": [34.71659, -0.70679]}", "facility": {"code": 14054}}, {"collection_date": "2015-08-19T15:00:06.673182+00:00", "source": {"name": "Sublocation Centroid Exercise of MOH/ICF Macro"}, "method": {"name": "Taken with GPS Device"}, "coordinates": "{\"type\": \"Point\", \"coordinates\": [35.27979, 0.51671]}", "facility": {"code": 16353}}, {"collection_date": "2015-08-19T15:00:06.507904+00:00", "source": {"name": "DHMT"}, "method": {"name": "Taken with GPS Device"}, "coordinates": "{\"type\": \"Point\", \"coordinates\": [35.15288, -0.71065]}", "facility": {"code": 15624}}, {"collection_date": "2015-08-19T15:00:06.492364+00:00", "source": {"name": "DHMT"}, "method": {"name": "Taken with GPS Device"}, "coordinates": "{\"type\": \"Point\", \"coordinates\": [35.4978, 0.29196]}", "facility": {"code": 14893}}, {"collection_date": "2015-08-19T15:00:06.487045+00:00", "source": {"name": "KEMRI GIS MERGE"}, "method": {"name": "Taken with GPS Device"}, "coordinates": "{\"type\": \"Point\", \"coordinates\": [39.66602, -0.78168]}", "facility": {"code": 11281}}, {"collection_date": "2015-08-19T15:00:06.480373+00:00", "source": {"name": "KEMRI GIS MERGE"}, "method": {"name": "Taken with GPS Device"}, "coordinates": "{\"type\": \"Point\", \"coordinates\": [37.89011, 0.15114]}", "facility": {"code": 11928}}, {"collection_date": "2015-08-19T15:00:06.308535+00:00", "source": {"name": "Sublocation Centroid Exercise of MOH/ICF Macro"}, "method": {"name": "Other"}, "coordinates": "{\"type\": \"Point\", \"coordinates\": [34.6556, 0.196305]}", "facility": {"code": 16048}}, {"collection_date": "2015-08-19T15:00:06.304248+00:00", "source": {"name": "KEMRI GIS MERGE"}, "method": {"name": "Taken with GPS Device"}, "coordinates": "{\"type\": \"Point\", \"coordinates\": [37.00347, -0.02799]}", "facility": {"code": 15694}}, {"collection_date": "2015-08-19T15:00:06.303549+00:00", "source": {"name": "HMIS"}, "method": {"name": "Taken with GPS Device"}, "coordinates": "{\"type\": \"Point\", \"coordinates\": [38.37417, -3.43376]}", "facility": {"code": 11300}}, {"collection_date": "2015-08-19T15:00:06.291093+00:00", "source": {"name": "Cold Chain Inventory (MoH/PATH/WHO) - Feb 2011"}, "method": {"name": "Taken with GPS Device"}, "coordinates": "{\"type\": \"Point\", \"coordinates\": [35.51188, 0.75823]}", "facility": {"code": 15238}}, {"collection_date": "2015-08-19T15:00:06.158794+00:00", "source": {"name": "KEMRI GIS MERGE"}, "method": {"name": "Taken with GPS Device"}, "coordinates": "{\"type\": \"Point\", \"coordinates\": [36.98334, -1.44961]}", "facility": {"code": 11936}}, {"collection_date": "2015-08-19T15:00:06.105118+00:00", "source": {"name": "KEMRI GIS MERGE"}, "method": {"name": "Taken with GPS Device"}, "coordinates": "{\"type\": \"Point\", \"coordinates\": [35.30057, -0.06917]}", "facility": {"code": 15164}}, {"collection_date": "2015-08-19T15:00:06.095639+00:00", "source": {"name": "Sublocation Centroid Exercise of MOH/ICF Macro"}, "method": {"name": "Other"}, "coordinates": "{\"type\": \"Point\", \"coordinates\": [34.6743, 0.175584]}", "facility": {"code": 16146}}, {"collection_date": "2015-08-19T15:00:06.078880+00:00", "source": {"name": "Sublocation Centroid Exercise of MOH/ICF Macro"}, "method": {"name": "Other"}, "coordinates": "{\"type\": \"Point\", \"coordinates\": [37.73599, -3.29584]}", "facility": {"code": 11278}}, {"collection_date": "2015-08-19T15:00:06.072501+00:00", "source": {"name": "KEMRI GIS MERGE"}, "method": {"name": "Taken with GPS Device"}, "coordinates": "{\"type\": \"Point\", \"coordinates\": [35.12437, 0.87628]}", "facility": {"code": 15208}}, {"collection_date": "2015-08-19T15:00:05.948448+00:00", "source": {"name": "DHRIO Nyando"}, "method": {"name": "Taken with GPS Device"}, "coordinates": "{\"type\": \"Point\", \"coordinates\": [34.97091, -0.34667]}", "facility": {"code": 14086}}, {"collection_date": "2015-08-19T15:00:05.885052+00:00", "source": {"name": "GOK"}, "method": {"name": "Taken with GPS Device"}, "coordinates": "{\"type\": \"Point\", \"coordinates\": [37.007168, 1.09738]}", "facility": {"code": 15693}}, {"collection_date": "2015-08-19T15:00:05.881477+00:00", "source": {"name": "SARAM 2013"}, "method": {"name": "Taken with GPS Device"}, "coordinates": "{\"type\": \"Point\", \"coordinates\": [34.56562, 0.56562]}", "facility": {"code": 15829}}, {"collection_date": "2015-08-19T15:00:05.876180+00:00", "source": {"name": "KEMRI GIS MERGE"}, "method": {"name": "Taken with GPS Device"}, "coordinates": "{\"type\": \"Point\", \"coordinates\": [40.00067, -1.3372]}", "facility": {"code": 11548}}, {"collection_date": "2015-08-19T15:00:05.690501+00:00", "source": {"name": "Cold Chain Inventory (MoH/PATH/WHO) - Feb 2011"}, "method": {"name": "Taken with GPS Device"}, "coordinates": "{\"type\": \"Point\", \"coordinates\": [36.16286, -1.0466]}", "facility": {"code": 15277}}, {"collection_date": "2015-08-19T15:00:05.678825+00:00", "source": {"name": "MOPHS"}, "method": {"name": "Taken with GPS Device"}, "coordinates": "{\"type\": \"Point\", \"coordinates\": [37.40898, 0.15852]}", "facility": {"code": 12717}}, {"collection_date": "2015-08-19T15:00:05.647300+00:00", "source": {"name": "KEMRI GIS MERGE"}, "method": {"name": "Taken with GPS Device"}, "coordinates": "{\"type\": \"Point\", \"coordinates\": [35.2788, 0.51399]}", "facility": {"code": 15674}}, {"collection_date": "2015-08-19T15:00:05.641258+00:00", "source": {"name": "SARAM 2013"}, "method": {"name": "Taken with GPS Device"}, "coordinates": "{\"type\": \"Point\", \"coordinates\": [37.32954, -1.08461]}", "facility": {"code": 12490}}, {"collection_date": "2015-08-19T15:00:05.623536+00:00", "source": {"name": "HMIS"}, "method": {"name": "Taken with GPS Device"}, "coordinates": "{\"type\": \"Point\", \"coordinates\": [38.48972, -3.09496]}", "facility": {"code": 11561}}, {"collection_date": "2015-08-19T15:00:05.479456+00:00", "source": {"name": "KEMRI GIS MERGE"}, "method": {"name": "Taken with GPS Device"}, "coordinates": "{\"type\": \"Point\", \"coordinates\": [34.41064, -0.15902]}", "facility": {"code": 13461}}, {"collection_date": "2015-08-19T15:00:05.458814+00:00", "source": {"name": "DHMT"}, "method": {"name": "Taken with GPS Device"}, "coordinates": "{\"type\": \"Point\", \"coordinates\": [36.18598, 0.31273]}", "facility": {"code": 15192}}, {"collection_date": "2015-08-19T15:00:05.423017+00:00", "source": {"name": "KEMRI GIS MERGE"}, "method": {"name": "Calc from proximity to school, village,markets"}, "coordinates": "{\"type\": \"Point\", \"coordinates\": [35.5118, -0.00642]}", "facility": {"code": 15677}}, {"collection_date": "2015-08-19T15:00:05.390322+00:00", "source": {"name": "Cold Chain Inventory (MoH/PATH/WHO) - Feb 2011"}, "method": {"name": "Taken with GPS Device"}, "coordinates": "{\"type\": \"Point\", \"coordinates\": [35.59206, 1.06278]}", "facility": {"code": 16336}}, {"collection_date": "2015-08-19T15:00:05.378740+00:00", "source": {"name": "HMIS"}, "method": {"name": "Taken with GPS Device"}, "coordinates": "{\"type\": \"Point\", \"coordinates\": [38.08182, -3.24483]}", "facility": {"code": 11549}}, {"collection_date": "2015-08-19T15:00:05.364066+00:00", "source": {"name": "Cold Chain Inventory (MoH/PATH/WHO) - Feb 2011"}, "method": {"name": "Taken with GPS Device"}, "coordinates": "{\"type\": \"Point\", \"coordinates\": [36.02136, -0.5534]}", "facility": {"code": 16407}}, {"collection_date": "2015-08-19T15:00:04.947550+00:00", "source": {"name": "Cold Chain Inventory (MoH/PATH/WHO) - Feb 2011"}, "method": {"name": "Taken with GPS Device"}, "coordinates": "{\"type\": \"Point\", \"coordinates\": [35.63219, 1.11307]}", "facility": {"code": 14305}}, {"collection_date": "2015-08-19T15:00:04.945636+00:00", "source": {"name": "MOH"}, "method": {"name": "Taken with GPS Device"}, "coordinates": "{\"type\": \"Point\", \"coordinates\": [35.36066, -0.61911]}", "facility": {"code": 14970}}, {"collection_date": "2015-08-19T15:00:04.922695+00:00", "source": {"name": "HMIS"}, "method": {"name": "Taken with GPS Device"}, "coordinates": "{\"type\": \"Point\", \"coordinates\": [38.56341, -3.39408]}", "facility": {"code": 11647}}, {"collection_date": "2015-08-19T15:00:04.870911+00:00", "source": {"name": "HMIS OFFICE"}, "method": {"name": "Taken with GPS Device"}, "coordinates": "{\"type\": \"Point\", \"coordinates\": [40.10759, -2.27086]}", "facility": {"code": 11385}}, {"collection_date": "2015-08-19T15:00:04.856849+00:00", "source": {"name": "DHMT"}, "method": {"name": "Taken with GPS Device"}, "coordinates": "{\"type\": \"Point\", \"coordinates\": [38.02306, -1.55704]}", "facility": {"code": 12166}}, {"collection_date": "2015-08-19T15:00:04.702696+00:00", "source": {"name": "DHMT"}, "method": {"name": "Taken with GPS Device"}, "coordinates": "{\"type\": \"Point\", \"coordinates\": [35.13898, -0.93847]}", "facility": {"code": 14302}}, {"collection_date": "2015-08-19T15:00:04.689260+00:00", "source": {"name": "HMIS"}, "method": {"name": "Taken with GPS Device"}, "coordinates": "{\"type\": \"Point\", \"coordinates\": [38.36592, -3.40367]}", "facility": {"code": 11680}}, {"collection_date": "2015-08-19T15:00:04.678650+00:00", "source": {"name": "DHMT"}, "method": {"name": "Taken with GPS Device"}, "coordinates": "{\"type\": \"Point\", \"coordinates\": [35.05547, 0.03869]}", "facility": {"code": 14997}}, {"collection_date": "2015-08-19T15:00:04.621048+00:00", "source": {"name": "DHMT"}, "method": {"name": "Taken with GPS Device"}, "coordinates": "{\"type\": \"Point\", \"coordinates\": [38.12519, -1.50694]}", "facility": {"code": 12603}}, {"collection_date": "2015-08-19T15:00:04.592241+00:00", "source": {"name": "KEMRI GIS MERGE"}, "method": {"name": "Taken with GPS Device"}, "coordinates": "{\"type\": \"Point\", \"coordinates\": [36.82605, -1.2812]}", "facility": {"code": 13153}}, {"collection_date": "2015-08-19T15:00:04.455955+00:00", "source": {"name": "Cold Chain Inventory (MoH/PATH/WHO) - Feb 2011"}, "method": {"name": "Taken with GPS Device"}, "coordinates": "{\"type\": \"Point\", \"coordinates\": [38.40001, -3.50008]}", "facility": {"code": 11694}}, {"collection_date": "2015-08-19T15:00:04.451813+00:00", "source": {"name": "MOH"}, "method": {"name": "Taken with GPS Device"}, "coordinates": "{\"type\": \"Point\", \"coordinates\": [35.27375, -0.61797]}", "facility": {"code": 15195}}, {"collection_date": "2015-08-19T15:00:04.433967+00:00", "source": {"name": "DHMT Transmara"}, "method": {"name": "Taken with GPS Device"}, "coordinates": "{\"type\": \"Point\", \"coordinates\": [35.05436, -0.96053]}", "facility": {"code": 15700}}, {"collection_date": "2015-08-19T15:00:04.399368+00:00", "source": {"name": "DHMT"}, "method": {"name": "Taken with GPS Device"}, "coordinates": "{\"type\": \"Point\", \"coordinates\": [38.25696, -1.4782]}", "facility": {"code": 12586}}, {"collection_date": "2015-08-19T15:00:04.334210+00:00", "source": {"name": "GPS"}, "method": {"name": "Taken with GPS Device"}, "coordinates": "{\"type\": \"Point\", \"coordinates\": [34.57131, 0.01411]}", "facility": {"code": 15870}}, {"collection_date": "2015-08-19T15:00:04.333580+00:00", "source": {"name": "Sublocation Centroid Exercise of MOH/ICF Macro"}, "method": {"name": "Other"}, "coordinates": "{\"type\": \"Point\", \"coordinates\": [37.41243, -1.24275]}", "facility": {"code": 12424}}], "model": "mfl_gis.FacilityCoordinates", "unique_fields": ["facility"]}]