[{"records": [{"collection_date": "2015-08-19T14:59:48.024977+00:00", "source": {"name": "KEMRI GIS MERGE"}, "method": {"name": "Calc from proximity to school, village,markets"}, "coordinates": "{\"type\": \"Point\", \"coordinates\": [34.9359, 0.06592]}", "facility": {"code": 14959}}, {"collection_date": "2015-08-19T14:59:47.998109+00:00", "source": {"name": "SARAM 2013"}, "method": {"name": "Taken with GPS Device"}, "coordinates": "{\"type\": \"Point\", \"coordinates\": [34.85958, 0.06678]}", "facility": {"code": 15545}}, {"collection_date": "2015-08-19T14:59:47.988854+00:00", "source": {"name": "KEMRI GIS MERGE"}, "method": {"name": "Calc from proximity to school, village,markets"}, "coordinates": "{\"type\": \"Point\", \"coordinates\": [35.42058, 2.06372]}", "facility": {"code": 15292}}, {"collection_date": "2015-08-19T14:59:47.977974+00:00", "source": {"name": "DHMT"}, "method": {"name": "Taken with GPS Device"}, "coordinates": "{\"type\": \"Point\", \"coordinates\": [40.37151, 0.01072]}", "facility": {"code": 13359}}, {"collection_date": "2015-08-19T14:59:47.832531+00:00", "source": {"name": "SARAM 2013"}, "method": {"name": "Taken with GPS Device"}, "coordinates": "{\"type\": \"Point\", \"coordinates\": [36.07001, 0.06067]}", "facility": {"code": 14976}}, {"collection_date": "2015-08-19T14:59:47.792069+00:00", "source": {"name": "KEMRI GIS MERGE"}, "method": {"name": "Taken with GPS Device"}, "coordinates": "{\"type\": \"Point\", \"coordinates\": [36.95297, -0.60248]}", "facility": {"code": 10627}}, {"collection_date": "2015-08-19T14:59:47.790201+00:00", "source": {"name": "SARAM 2013"}, "method": {"name": "Taken with GPS Device"}, "coordinates": "{\"type\": \"Point\", \"coordinates\": [34.95072, 0.4947]}", "facility": {"code": 16720}}, {"collection_date": "2015-08-19T14:59:47.790188+00:00", "source": {"name": "Sublocation Centroid Exercise of MOH/ICF Macro"}, "method": {"name": "Other"}, "coordinates": "{\"type\": \"Point\", \"coordinates\": [37.094, -0.00133164]}", "facility": {"code": 14416}}, {"collection_date": "2015-08-19T14:59:47.775932+00:00", "source": {"name": "Tabken by DHRIO"}, "method": {"name": "Taken with GPS Device"}, "coordinates": "{\"type\": \"Point\", \"coordinates\": [36.43895, 0.23419]}", "facility": {"code": 15170}}, {"collection_date": "2015-08-19T14:59:47.629892+00:00", "source": {"name": "SARAM 2013"}, "method": {"name": "Taken with GPS Device"}, "coordinates": "{\"type\": \"Point\", \"coordinates\": [36.86165, -0.13434]}", "facility": {"code": 15007}}, {"collection_date": "2015-08-19T14:59:47.569798+00:00", "source": {"name": "DHMT Nakuru"}, "method": {"name": "Taken with GPS Device"}, "coordinates": "{\"type\": \"Point\", \"coordinates\": [36.07376, -0.28352]}", "facility": {"code": 14423}}, {"collection_date": "2015-08-19T14:59:47.558269+00:00", "source": {"name": "KEMRI GIS MERGE"}, "method": {"name": "Calc from proximity to school, village,markets"}, "coordinates": "{\"type\": \"Point\", \"coordinates\": [36.97782, -0.78673]}", "facility": {"code": 10454}}, {"collection_date": "2015-08-19T14:59:47.548789+00:00", "source": {"name": "DHMT"}, "method": {"name": "Taken with GPS Device"}, "coordinates": "{\"type\": \"Point\", \"coordinates\": [40.75577, 2.20474]}", "facility": {"code": 13380}}, {"collection_date": "2015-08-19T14:59:47.438268+00:00", "source": {"name": "GOK"}, "method": {"name": "Taken with GPS Device"}, "coordinates": "{\"type\": \"Point\", \"coordinates\": [35.30446, -0.12014]}", "facility": {"code": 14350}}, {"collection_date": "2015-08-19T14:59:47.436813+00:00", "source": {"name": "KEMRI GIS MERGE"}, "method": {"name": "Taken with GPS Device"}, "coordinates": "{\"type\": \"Point\", \"coordinates\": [36.02577, 3.00054]}", "facility": {"code": 14838}}, {"collection_date": "2015-08-19T14:59:47.219794+00:00", "source": {"name": "SARAM 2013"}, "method": {"name": "Taken with GPS Device"}, "coordinates": "{\"type\": \"Point\", \"coordinates\": [36.08194, -0.28224]}", "facility": {"code": 15010}}, {"collection_date": "2015-08-19T14:59:47.179450+00:00", "source": {"name": "Cold Chain Inventory (MoH/PATH/WHO) - Feb 2011"}, "method": {"name": "Taken with GPS Device"}, "coordinates": "{\"type\": \"Point\", \"coordinates\": [35.52176, 0.16561]}", "facility": {"code": 16350}}, {"collection_date": "2015-08-19T14:59:47.179326+00:00", "source": {"name": "DHRIO Nyando"}, "method": {"name": "Taken with GPS Device"}, "coordinates": "{\"type\": \"Point\", \"coordinates\": [34.93741, -0.31293]}", "facility": {"code": 13921}}, {"collection_date": "2015-08-19T14:59:46.934137+00:00", "source": {"name": "DHMT"}, "method": {"name": "Taken with GPS Device"}, "coordinates": "{\"type\": \"Point\", \"coordinates\": [35.10795, -0.77071]}", "facility": {"code": 15532}}, {"collection_date": "2015-08-19T14:59:46.932963+00:00", "source": {"name": "DVI-DHMT"}, "method": {"name": "Taken with GPS Device"}, "coordinates": "{\"type\": \"Point\", \"coordinates\": [35.19744, -0.20781]}", "facility": {"code": 14967}}, {"collection_date": "2015-08-19T14:59:46.663228+00:00", "source": {"name": "Sublocation Centroid Exercise of MOH/ICF Macro"}, "method": {"name": "Other"}, "coordinates": "{\"type\": \"Point\", \"coordinates\": [37.094, -0.00133164]}", "facility": {"code": 14408}}, {"collection_date": "2015-08-19T14:59:46.626031+00:00", "source": {"name": "DHMT"}, "method": {"name": "Taken with GPS Device"}, "coordinates": "{\"type\": \"Point\", \"coordinates\": [39.06323, -0.04445]}", "facility": {"code": 13298}}, {"collection_date": "2015-08-19T14:59:46.625145+00:00", "source": {"name": "KEMRI GIS MERGE"}, "method": {"name": "Calc from proximity to school, village,markets"}, "coordinates": "{\"type\": \"Point\", \"coordinates\": [37.0869, -0.81065]}", "facility": {"code": 10332}}, {"collection_date": "2015-08-19T14:59:46.452446+00:00", "source": {"name": "DHMT"}, "method": {"name": "Taken with GPS Device"}, "coordinates": "{\"type\": \"Point\", \"coordinates\": [35.36901, 0.97586]}", "facility": {"code": 14969}}, {"collection_date": "2015-08-19T14:59:46.422368+00:00", "source": {"name": "Cold Chain Inventory (MoH/PATH/WHO) - Feb 2011"}, "method": {"name": "Taken with GPS Device"}, "coordinates": "{\"type\": \"Point\", \"coordinates\": [35.58785, 0.99472]}", "facility": {"code": 15595}}, {"collection_date": "2015-08-19T14:59:46.225386+00:00", "source": {"name": "KEMRI GIS MERGE"}, "method": {"name": "Calc from proximity to school, village,markets"}, "coordinates": "{\"type\": \"Point\", \"coordinates\": [35.89343, 0.06719]}", "facility": {"code": 15353}}, {"collection_date": "2015-08-19T14:59:46.222914+00:00", "source": {"name": "DHMT"}, "method": {"name": "Taken with GPS Device"}, "coordinates": "{\"type\": \"Point\", \"coordinates\": [38.51422, 0.52697]}", "facility": {"code": 12029}}, {"collection_date": "2015-08-19T14:59:46.217432+00:00", "source": {"name": "SARAM 2013"}, "method": {"name": "Taken with GPS Device"}, "coordinates": "{\"type\": \"Point\", \"coordinates\": [35.04546, 0.97858]}", "facility": {"code": 14433}}, {"collection_date": "2015-08-19T14:59:46.203759+00:00", "source": {"name": "SARAM 2013"}, "method": {"name": "Taken with GPS Device"}, "coordinates": "{\"type\": \"Point\", \"coordinates\": [35.78741, -0.02317]}", "facility": {"code": 15016}}, {"collection_date": "2015-08-19T14:59:46.165394+00:00", "source": {"name": "DHMT"}, "method": {"name": "Taken with GPS Device"}, "coordinates": "{\"type\": \"Point\", \"coordinates\": [35.30556, -0.73111]}", "facility": {"code": 15583}}, {"collection_date": "2015-08-19T14:59:46.090336+00:00", "source": {"name": "SCHMT"}, "method": {"name": "Taken with GPS Device"}, "coordinates": "{\"type\": \"Point\", \"coordinates\": [38.01367, -1.36984]}", "facility": {"code": 12366}}, {"collection_date": "2015-08-19T14:59:45.981307+00:00", "source": {"name": "Sublocation Centroid Exercise of MOH/ICF Macro"}, "method": {"name": "Other"}, "coordinates": "{\"type\": \"Point\", \"coordinates\": [35.2663, 0.492988]}", "facility": {"code": 14397}}, {"collection_date": "2015-08-19T14:59:45.964539+00:00", "source": {"name": "KEMRI GIS MERGE"}, "method": {"name": "Calc from 1:50,000 scale topographic maps"}, "coordinates": "{\"type\": \"Point\", \"coordinates\": [37.0924, 1.5724]}", "facility": {"code": 15014}}, {"collection_date": "2015-08-19T14:59:45.954453+00:00", "source": {"name": "KEMRI GIS MERGE"}, "method": {"name": "Calc from proximity to school, village,markets"}, "coordinates": "{\"type\": \"Point\", \"coordinates\": [35.1105, 0.53629]}", "facility": {"code": 15319}}, {"collection_date": "2015-08-19T14:59:45.944210+00:00", "source": {"name": "KEMRI GIS MERGE"}, "method": {"name": "Calc from proximity to school, village,markets"}, "coordinates": "{\"type\": \"Point\", \"coordinates\": [35.1469, 0.63584]}", "facility": {"code": 15525}}, {"collection_date": "2015-08-19T14:59:45.865257+00:00", "source": {"name": "DHMT-KYUSO"}, "method": {"name": "Taken with GPS Device"}, "coordinates": "{\"type\": \"Point\", \"coordinates\": [38.21806, -0.55173]}", "facility": {"code": 12420}}, {"collection_date": "2015-08-19T14:59:45.855233+00:00", "source": {"name": "SARAM 2013"}, "method": {"name": "Taken with GPS Device"}, "coordinates": "{\"type\": \"Point\", \"coordinates\": [36.04868, -0.16937]}", "facility": {"code": 14418}}, {"collection_date": "2015-08-19T14:59:45.843541+00:00", "source": {"name": "DHMT"}, "method": {"name": "Taken with GPS Device"}, "coordinates": "{\"type\": \"Point\", \"coordinates\": [35.33958, 1.10177]}", "facility": {"code": 14992}}, {"collection_date": "2015-08-19T14:59:45.709717+00:00", "source": {"name": "DHMT"}, "method": {"name": "Taken with GPS Device"}, "coordinates": "{\"type\": \"Point\", \"coordinates\": [35.38779, 0.88301]}", "facility": {"code": 15169}}, {"collection_date": "2015-08-19T14:59:45.664921+00:00", "source": {"name": "KEMRI GIS MERGE"}, "method": {"name": "Taken with GPS Device"}, "coordinates": "{\"type\": \"Point\", \"coordinates\": [34.66461, 0.20501]}", "facility": {"code": 16145}}, {"collection_date": "2015-08-19T14:59:45.646876+00:00", "source": {"name": "GPS"}, "method": {"name": "Taken with GPS Device"}, "coordinates": "{\"type\": \"Point\", \"coordinates\": [34.63297, 0.11259]}", "facility": {"code": 15876}}, {"collection_date": "2015-08-19T14:59:45.601291+00:00", "source": {"name": "KEMRI GIS MERGE"}, "method": {"name": "Taken with GPS Device"}, "coordinates": "{\"type\": \"Point\", \"coordinates\": [35.15487, 0.38717]}", "facility": {"code": 15022}}, {"collection_date": "2015-08-19T14:59:45.416316+00:00", "source": {"name": "Sublocation Centroid Exercise of MOH/ICF Macro"}, "method": {"name": "Taken with GPS Device"}, "coordinates": "{\"type\": \"Point\", \"coordinates\": [35.59764, 3.11323]}", "facility": {"code": 15050}}, {"collection_date": "2015-08-19T14:59:45.397305+00:00", "source": {"name": "MOH"}, "method": {"name": "Taken with GPS Device"}, "coordinates": "{\"type\": \"Point\", \"coordinates\": [35.0931, -0.58232]}", "facility": {"code": 15586}}, {"collection_date": "2015-08-19T14:59:45.313316+00:00", "source": {"name": "DHMT"}, "method": {"name": "Taken with GPS Device"}, "coordinates": "{\"type\": \"Point\", \"coordinates\": [40.16999, -1.69074]}", "facility": {"code": 13406}}, {"collection_date": "2015-08-19T14:59:45.308593+00:00", "source": {"name": "DVI-DHMT"}, "method": {"name": "Taken with GPS Device"}, "coordinates": "{\"type\": \"Point\", \"coordinates\": [35.26327, -0.26395]}", "facility": {"code": 15005}}, {"collection_date": "2015-08-19T14:59:45.296375+00:00", "source": {"name": "Sublocation Centroid Exercise of MOH/ICF Macro"}, "method": {"name": "Taken with GPS Device"}, "coordinates": "{\"type\": \"Point\", \"coordinates\": [36.00408, -0.27787]}", "facility": {"code": 14225}}, {"collection_date": "2015-08-19T14:59:45.295762+00:00", "source": {"name": "KEMRI GIS MERGE"}, "method": {"name": "Taken with GPS Device"}, "coordinates": "{\"type\": \"Point\", \"coordinates\": [37.0774, 1.76869]}", "facility": {"code": 15029}}, {"collection_date": "2015-08-19T14:59:45.280871+00:00", "source": {"name": "Cold Chain Inventory (MoH/PATH/WHO) - Feb 2011"}, "method": {"name": "Taken with GPS Device"}, "coordinates": "{\"type\": \"Point\", \"coordinates\": [35.29588, -0.69778]}", "facility": {"code": 14384}}, {"collection_date": "2015-08-19T14:59:45.095850+00:00", "source": {"name": "KEMRI GIS MERGE"}, "method": {"name": "Calc from proximity to school, village,markets"}, "coordinates": "{\"type\": \"Point\", \"coordinates\": [35.45952, -0.1076]}", "facility": {"code": 15020}}, {"collection_date": "2015-08-19T14:59:45.094273+00:00", "source": {"name": "SARAM 2013"}, "method": {"name": "Taken with GPS Device"}, "coordinates": "{\"type\": \"Point\", \"coordinates\": [36.07682, -0.28742]}", "facility": {"code": 14177}}, {"collection_date": "2015-08-19T14:59:45.090702+00:00", "source": {"name": "DHMT"}, "method": {"name": "Taken with GPS Device"}, "coordinates": "{\"type\": \"Point\", \"coordinates\": [34.51792, -0.10345]}", "facility": {"code": 13714}}, {"collection_date": "2015-08-19T14:59:45.077536+00:00", "source": {"name": "Cold Chain Inventory (MoH/PATH/WHO) - Feb 2011"}, "method": {"name": "Taken with GPS Device"}, "coordinates": "{\"type\": \"Point\", \"coordinates\": [35.64294, 1.12623]}", "facility": {"code": 14386}}, {"collection_date": "2015-08-19T14:59:44.776882+00:00", "source": {"name": "Taken by DHRIO Laikipia West"}, "method": {"name": "Taken with GPS Device"}, "coordinates": "{\"type\": \"Point\", \"coordinates\": [36.3797, 0.40426]}", "facility": {"code": 15589}}, {"collection_date": "2015-08-19T14:59:44.733629+00:00", "source": {"name": "KEMRI GIS MERGE"}, "method": {"name": "Taken with GPS Device"}, "coordinates": "{\"type\": \"Point\", \"coordinates\": [36.91668, -1.26649]}", "facility": {"code": 13016}}, {"collection_date": "2015-08-19T14:59:44.722822+00:00", "source": {"name": "SARAM 2013"}, "method": {"name": "Taken with GPS Device"}, "coordinates": "{\"type\": \"Point\", \"coordinates\": [35.11927, 1.02872]}", "facility": {"code": 14542}}, {"collection_date": "2015-08-19T14:59:44.720327+00:00", "source": {"name": "KEMRI GIS MERGE"}, "method": {"name": "Calc from proximity to school, village,markets"}, "coordinates": "{\"type\": \"Point\", \"coordinates\": [34.5253, 0.61879]}", "facility": {"code": 15941}}, {"collection_date": "2015-08-19T14:59:44.708344+00:00", "source": {"name": "DHMT Transmara"}, "method": {"name": "Taken with GPS Device"}, "coordinates": "{\"type\": \"Point\", \"coordinates\": [35.08693, -1.12275]}", "facility": {"code": 14873}}, {"collection_date": "2015-08-19T14:59:44.547055+00:00", "source": {"name": "DHMT"}, "method": {"name": "Taken with GPS Device"}, "coordinates": "{\"type\": \"Point\", \"coordinates\": [35.24704, -0.79575]}", "facility": {"code": 15608}}, {"collection_date": "2015-08-19T14:59:44.532475+00:00", "source": {"name": "KEMRI GIS MERGE"}, "method": {"name": "Taken with GPS Device"}, "coordinates": "{\"type\": \"Point\", \"coordinates\": [34.7019, 0.15696]}", "facility": {"code": 15881}}, {"collection_date": "2015-08-19T14:59:44.476313+00:00", "source": {"name": "Sublocation Centroid Exercise of MOH/ICF Macro"}, "method": {"name": "Other"}, "coordinates": "{\"type\": \"Point\", \"coordinates\": [37.094, -0.00133164]}", "facility": {"code": 14422}}, {"collection_date": "2015-08-19T14:59:44.463398+00:00", "source": {"name": "DHMT"}, "method": {"name": "Taken with GPS Device"}, "coordinates": "{\"type\": \"Point\", \"coordinates\": [35.58741, 1.39733]}", "facility": {"code": 15073}}, {"collection_date": "2015-08-19T14:59:44.459269+00:00", "source": {"name": "DHMT"}, "method": {"name": "Taken with GPS Device"}, "coordinates": "{\"type\": \"Point\", \"coordinates\": [34.71281, -0.03495]}", "facility": {"code": 13880}}, {"collection_date": "2015-08-19T14:59:44.396441+00:00", "source": {"name": "DHMT"}, "method": {"name": "Taken with GPS Device"}, "coordinates": "{\"type\": \"Point\", \"coordinates\": [35.4804, -1.51594]}", "facility": {"code": 15168}}, {"collection_date": "2015-08-19T14:59:44.375425+00:00", "source": {"name": "KEMRI GIS MERGE"}, "method": {"name": "Taken with GPS Device"}, "coordinates": "{\"type\": \"Point\", \"coordinates\": [34.68388, 0.1872]}", "facility": {"code": 15832}}, {"collection_date": "2015-08-19T14:59:44.362075+00:00", "source": {"name": "Sublocation Centroid Exercise of MOH/ICF Macro"}, "method": {"name": "Other"}, "coordinates": "{\"type\": \"Point\", \"coordinates\": [37.094, -0.00133164]}", "facility": {"code": 14410}}, {"collection_date": "2015-08-19T14:59:44.334717+00:00", "source": {"name": "DHMT"}, "method": {"name": "Taken with GPS Device"}, "coordinates": "{\"type\": \"Point\", \"coordinates\": [37.26474, -0.49185]}", "facility": {"code": 10738}}, {"collection_date": "2015-08-19T14:59:44.329452+00:00", "source": {"name": "KEMRI GIS MERGE"}, "method": {"name": "Calc from 1:50,000 scale topographic maps"}, "coordinates": "{\"type\": \"Point\", \"coordinates\": [34.9606, 3.78762]}", "facility": {"code": 15083}}, {"collection_date": "2015-08-19T14:59:44.268624+00:00", "source": {"name": "KEMRI GIS MERGE"}, "method": {"name": "Taken with GPS Device"}, "coordinates": "{\"type\": \"Point\", \"coordinates\": [35.19611, -0.43234]}", "facility": {"code": 15550}}, {"collection_date": "2015-08-19T14:59:44.243668+00:00", "source": {"name": "SARAM 2013"}, "method": {"name": "Taken with GPS Device"}, "coordinates": "{\"type\": \"Point\", \"coordinates\": [36.07491, -0.28534]}", "facility": {"code": 14411}}, {"collection_date": "2015-08-19T14:59:44.241521+00:00", "source": {"name": "KEMRI"}, "method": {"name": "Taken with GPS Device"}, "coordinates": "{\"type\": \"Point\", \"coordinates\": [36.03058, -0.17924]}", "facility": {"code": 15232}}, {"collection_date": "2015-08-19T14:59:44.216606+00:00", "source": {"name": "KEMRI GIS MERGE"}, "method": {"name": "Taken with GPS Device"}, "coordinates": "{\"type\": \"Point\", \"coordinates\": [34.79825, -0.57824]}", "facility": {"code": 13772}}, {"collection_date": "2015-08-19T14:59:44.207545+00:00", "source": {"name": "GOK"}, "method": {"name": "Taken with GPS Device"}, "coordinates": "{\"type\": \"Point\", \"coordinates\": [35.40885, -0.13849]}", "facility": {"code": 15023}}, {"collection_date": "2015-08-19T14:59:44.152696+00:00", "source": {"name": "DHMT"}, "method": {"name": "Taken with GPS Device"}, "coordinates": "{\"type\": \"Point\", \"coordinates\": [35.23542, 0.14379]}", "facility": {"code": 15598}}, {"collection_date": "2015-08-19T14:59:44.128519+00:00", "source": {"name": "Cold Chain Inventory (MoH/PATH/WHO) - Feb 2011"}, "method": {"name": "Taken with GPS Device"}, "coordinates": "{\"type\": \"Point\", \"coordinates\": [35.62007, 0.95125]}", "facility": {"code": 14216}}, {"collection_date": "2015-08-19T14:59:44.104794+00:00", "source": {"name": "SARAM 2013"}, "method": {"name": "Taken with GPS Device"}, "coordinates": "{\"type\": \"Point\", \"coordinates\": [36.07493, -0.30228]}", "facility": {"code": 14413}}, {"collection_date": "2015-08-19T14:59:44.095302+00:00", "source": {"name": "Sublocation Centroid Exercise of MOH/ICF Macro"}, "method": {"name": "Taken with GPS Device"}, "coordinates": "{\"type\": \"Point\", \"coordinates\": [37.83748, 0.12386]}", "facility": {"code": 12525}}, {"collection_date": "2015-08-19T14:59:44.063170+00:00", "source": {"name": "MOH-DHRIO"}, "method": {"name": "Taken with GPS Device"}, "coordinates": "{\"type\": \"Point\", \"coordinates\": [35.22434, 2.31124]}", "facility": {"code": 14989}}, {"collection_date": "2015-08-19T14:59:44.018982+00:00", "source": {"name": "SARAM 2013"}, "method": {"name": "Taken with GPS Device"}, "coordinates": "{\"type\": \"Point\", \"coordinates\": [36.09737, -0.28449]}", "facility": {"code": 14398}}, {"collection_date": "2015-08-19T14:59:44.000953+00:00", "source": {"name": "DVI-DHMT"}, "method": {"name": "Taken with GPS Device"}, "coordinates": "{\"type\": \"Point\", \"coordinates\": [35.05504, -0.47431]}", "facility": {"code": 14375}}, {"collection_date": "2015-08-19T14:59:43.976302+00:00", "source": {"name": "SARAM 2013"}, "method": {"name": "Taken with GPS Device"}, "coordinates": "{\"type\": \"Point\", \"coordinates\": [36.07442, -0.28316]}", "facility": {"code": 14409}}, {"collection_date": "2015-08-19T14:59:43.962526+00:00", "source": {"name": "KEMRI GIS MERGE"}, "method": {"name": "Taken with GPS Device"}, "coordinates": "{\"type\": \"Point\", \"coordinates\": [34.61397, 0.17753]}", "facility": {"code": 16058}}, {"collection_date": "2015-08-19T14:59:43.944288+00:00", "source": {"name": "DHMT"}, "method": {"name": "Taken with GPS Device"}, "coordinates": "{\"type\": \"Point\", \"coordinates\": [35.4368, 0.91401]}", "facility": {"code": 14984}}, {"collection_date": "2015-08-19T14:59:43.873568+00:00", "source": {"name": "Sublocation Centroid Exercise of MOH/ICF Macro"}, "method": {"name": "Taken with GPS Device"}, "coordinates": "{\"type\": \"Point\", \"coordinates\": [37.08995, 0.00295]}", "facility": {"code": 14553}}, {"collection_date": "2015-08-19T14:59:43.863934+00:00", "source": {"name": "DHMT"}, "method": {"name": "Taken with GPS Device"}, "coordinates": "{\"type\": \"Point\", \"coordinates\": [35.26499, 0.14438]}", "facility": {"code": 15602}}, {"collection_date": "2015-08-19T14:59:43.853415+00:00", "source": {"name": "MOH"}, "method": {"name": "Taken with GPS Device"}, "coordinates": "{\"type\": \"Point\", \"coordinates\": [35.15873, 0.49969]}", "facility": {"code": 15024}}, {"collection_date": "2015-08-19T14:59:43.816513+00:00", "source": {"name": "SARAM 2013"}, "method": {"name": "Taken with GPS Device"}, "coordinates": "{\"type\": \"Point\", \"coordinates\": [35.12547, 0.31177]}", "facility": {"code": 14977}}, {"collection_date": "2015-08-19T14:59:43.791534+00:00", "source": {"name": "KEMRI GIS MERGE"}, "method": {"name": "Taken with GPS Device"}, "coordinates": "{\"type\": \"Point\", \"coordinates\": [39.85722, -3.63205]}", "facility": {"code": 11474}}, {"collection_date": "2015-08-19T14:59:43.739357+00:00", "source": {"name": "DHMT"}, "method": {"name": "Taken with GPS Device"}, "coordinates": "{\"type\": \"Point\", \"coordinates\": [35.3089, 0.14501]}", "facility": {"code": 15603}}, {"collection_date": "2015-08-19T14:59:43.729089+00:00", "source": {"name": "DHMT Nakuru"}, "method": {"name": "Taken with GPS Device"}, "coordinates": "{\"type\": \"Point\", \"coordinates\": [36.0447, -0.16964]}", "facility": {"code": 14415}}, {"collection_date": "2015-08-19T14:59:43.720109+00:00", "source": {"name": "KEMRI GIS MERGE"}, "method": {"name": "Calc from proximity to school, village,markets"}, "coordinates": "{\"type\": \"Point\", \"coordinates\": [35.2055, 2.90477]}", "facility": {"code": 15089}}, {"collection_date": "2015-08-19T14:59:43.579565+00:00", "source": {"name": "KEMRI GIS MERGE"}, "method": {"name": "Taken with GPS Device"}, "coordinates": "{\"type\": \"Point\", \"coordinates\": [34.47627, -1.06042]}", "facility": {"code": 13805}}, {"collection_date": "2015-08-19T14:59:43.548485+00:00", "source": {"name": "DHMT"}, "method": {"name": "Taken with GPS Device"}, "coordinates": "{\"type\": \"Point\", \"coordinates\": [35.90673, 0.62222]}", "facility": {"code": 14993}}, {"collection_date": "2015-08-19T14:59:43.522368+00:00", "source": {"name": "DHMT"}, "method": {"name": "Taken with GPS Device"}, "coordinates": "{\"type\": \"Point\", \"coordinates\": [35.81618, 0.55762]}", "facility": {"code": 15604}}, {"collection_date": "2015-08-19T14:59:43.509757+00:00", "source": {"name": "SARAM 2013"}, "method": {"name": "Taken with GPS Device"}, "coordinates": "{\"type\": \"Point\", \"coordinates\": [37.07632, 0.01644]}", "facility": {"code": 14414}}, {"collection_date": "2015-08-19T14:59:43.471862+00:00", "source": {"name": "Cold Chain Inventory (MoH/PATH/WHO) - Feb 2011"}, "method": {"name": "Taken with GPS Device"}, "coordinates": "{\"type\": \"Point\", \"coordinates\": [36.20453, -1.12233]}", "facility": {"code": 14476}}, {"collection_date": "2015-08-19T14:59:43.439458+00:00", "source": {"name": "DHMT"}, "method": {"name": "Taken with GPS Device"}, "coordinates": "{\"type\": \"Point\", \"coordinates\": [35.93072, -0.37295]}", "facility": {"code": 14426}}, {"collection_date": "2015-08-19T14:59:43.428704+00:00", "source": {"name": "Cold Chain Inventory (MoH/PATH/WHO) - Feb 2011"}, "method": {"name": "Taken with GPS Device"}, "coordinates": "{\"type\": \"Point\", \"coordinates\": [36.13057, -0.96615]}", "facility": {"code": 14973}}, {"collection_date": "2015-08-19T14:59:43.418400+00:00", "source": {"name": "SARAM 2013"}, "method": {"name": "Taken with GPS Device"}, "coordinates": "{\"type\": \"Point\", \"coordinates\": [35.77176, 0.17711]}", "facility": {"code": 15593}}], "model": "mfl_gis.FacilityCoordinates", "unique_fields": ["facility"]}]