[{"records": [{"collection_date": "2015-08-19T14:59:43.365946+00:00", "source": {"name": "GOK"}, "method": {"name": "Taken with GPS Device"}, "coordinates": "{\"type\": \"Point\", \"coordinates\": [35.47963, -0.25438]}", "facility": {"code": 14361}}, {"collection_date": "2015-08-19T14:59:43.284006+00:00", "source": {"name": "DHMT"}, "method": {"name": "Taken with GPS Device"}, "coordinates": "{\"type\": \"Point\", \"coordinates\": [39.6331, -3.81187]}", "facility": {"code": 11818}}, {"collection_date": "2015-08-19T14:59:43.221807+00:00", "source": {"name": "SARAM 2013"}, "method": {"name": "Taken with GPS Device"}, "coordinates": "{\"type\": \"Point\", \"coordinates\": [35.86186, 0.45606]}", "facility": {"code": 14990}}, {"collection_date": "2015-08-19T14:59:43.221807+00:00", "source": {"name": "GPS"}, "method": {"name": "Taken with GPS Device"}, "coordinates": "{\"type\": \"Point\", \"coordinates\": [36.72502, 0.03204]}", "facility": {"code": 15267}}, {"collection_date": "2015-08-19T14:59:42.955139+00:00", "source": {"name": "SARAM 2013"}, "method": {"name": "Taken with GPS Device"}, "coordinates": "{\"type\": \"Point\", \"coordinates\": [34.69568, 0.19684]}", "facility": {"code": 16482}}, {"collection_date": "2015-08-19T14:59:42.954751+00:00", "source": {"name": "Cold Chain Inventory (MoH/PATH/WHO) - Feb 2011"}, "method": {"name": "Taken with GPS Device"}, "coordinates": "{\"type\": \"Point\", \"coordinates\": [35.6262, 1.26352]}", "facility": {"code": 14456}}, {"collection_date": "2015-08-19T14:59:42.896775+00:00", "source": {"name": "DHMT"}, "method": {"name": "Taken with GPS Device"}, "coordinates": "{\"type\": \"Point\", \"coordinates\": [37.28065, -0.50435]}", "facility": {"code": 10520}}, {"collection_date": "2015-08-19T14:59:42.818135+00:00", "source": {"name": "KEMRI GIS MERGE"}, "method": {"name": "Calc from proximity to school, village,markets"}, "coordinates": "{\"type\": \"Point\", \"coordinates\": [35.2189, 0.62989]}", "facility": {"code": 14904}}, {"collection_date": "2015-08-19T14:59:42.818047+00:00", "source": {"name": "MOH"}, "method": {"name": "Taken with GPS Device"}, "coordinates": "{\"type\": \"Point\", \"coordinates\": [35.46496, 0.13637]}", "facility": {"code": 15268}}, {"collection_date": "2015-08-19T14:59:42.627212+00:00", "source": {"name": "DHMT"}, "method": {"name": "Taken with GPS Device"}, "coordinates": "{\"type\": \"Point\", \"coordinates\": [35.30399, 0.52191]}", "facility": {"code": 15655}}, {"collection_date": "2015-08-19T14:59:42.619648+00:00", "source": {"name": "DHMT Transmara"}, "method": {"name": "Taken with GPS Device"}, "coordinates": "{\"type\": \"Point\", \"coordinates\": [35.00515, -0.93594]}", "facility": {"code": 15563}}, {"collection_date": "2015-08-19T14:59:42.595588+00:00", "source": {"name": "DHMT"}, "method": {"name": "Taken with GPS Device"}, "coordinates": "{\"type\": \"Point\", \"coordinates\": [34.756, -0.10181]}", "facility": {"code": 13704}}, {"collection_date": "2015-08-19T14:59:42.495113+00:00", "source": {"name": "DHMT"}, "method": {"name": "Taken with GPS Device"}, "coordinates": "{\"type\": \"Point\", \"coordinates\": [35.12898, -0.86405]}", "facility": {"code": 14918}}, {"collection_date": "2015-08-19T14:59:42.472316+00:00", "source": {"name": "KEMRI GIS MERGE"}, "method": {"name": "Calc from proximity to school, village,markets"}, "coordinates": "{\"type\": \"Point\", \"coordinates\": [36.5782, 1.77568]}", "facility": {"code": 15270}}, {"collection_date": "2015-08-19T14:59:42.429867+00:00", "source": {"name": "Sublocation Centroid Exercise of MOH/ICF Macro"}, "method": {"name": "Other"}, "coordinates": "{\"type\": \"Point\", \"coordinates\": [37.6671, -0.226155]}", "facility": {"code": 16647}}, {"collection_date": "2015-08-19T14:59:42.405542+00:00", "source": {"name": "MOH"}, "method": {"name": "Taken with GPS Device"}, "coordinates": "{\"type\": \"Point\", \"coordinates\": [35.23573, 0.50341]}", "facility": {"code": 15632}}, {"collection_date": "2015-08-19T14:59:42.400609+00:00", "source": {"name": "DHMT"}, "method": {"name": "Taken with GPS Device"}, "coordinates": "{\"type\": \"Point\", \"coordinates\": [37.79109, 0.15046]}", "facility": {"code": 16234}}, {"collection_date": "2015-08-19T14:59:42.383549+00:00", "source": {"name": "MOH"}, "method": {"name": "Taken with GPS Device"}, "coordinates": "{\"type\": \"Point\", \"coordinates\": [35.19665, -0.63022]}", "facility": {"code": 14930}}, {"collection_date": "2015-08-19T14:59:42.324060+00:00", "source": {"name": "Taken by DHRIO Laikipia West"}, "method": {"name": "Taken with GPS Device"}, "coordinates": "{\"type\": \"Point\", \"coordinates\": [36.4227, 0.37358]}", "facility": {"code": 15328}}, {"collection_date": "2015-08-19T14:59:42.314462+00:00", "source": {"name": "Sublocation Centroid Exercise of MOH/ICF Macro"}, "method": {"name": "Taken with GPS Device"}, "coordinates": "{\"type\": \"Point\", \"coordinates\": [37.64035, -0.24713]}", "facility": {"code": 16646}}, {"collection_date": "2015-08-19T14:59:42.283758+00:00", "source": {"name": "KEMRI GIS MERGE"}, "method": {"name": "Calc from proximity to school, village,markets"}, "coordinates": "{\"type\": \"Point\", \"coordinates\": [40.02795, -1.49901]}", "facility": {"code": 11366}}, {"collection_date": "2015-08-19T14:59:42.259503+00:00", "source": {"name": "Sublocation Centroid Exercise of MOH/ICF Macro"}, "method": {"name": "Taken with GPS Device"}, "coordinates": "{\"type\": \"Point\", \"coordinates\": [34.78087, -0.00424]}", "facility": {"code": 14914}}, {"collection_date": "2015-08-19T14:59:42.249832+00:00", "source": {"name": "KEMRI GIS MERGE"}, "method": {"name": "Taken with GPS Device"}, "coordinates": "{\"type\": \"Point\", \"coordinates\": [34.57788, 0.73435]}", "facility": {"code": 15860}}, {"collection_date": "2015-08-19T14:59:42.172468+00:00", "source": {"name": "SARAM 2013"}, "method": {"name": "Taken with GPS Device"}, "coordinates": "{\"type\": \"Point\", \"coordinates\": [34.86581, 0.83565]}", "facility": {"code": 15569}}, {"collection_date": "2015-08-19T14:59:42.137961+00:00", "source": {"name": "DHMT Transmara"}, "method": {"name": "Taken with GPS Device"}, "coordinates": "{\"type\": \"Point\", \"coordinates\": [35.05899, -0.91528]}", "facility": {"code": 15627}}, {"collection_date": "2015-08-19T14:59:42.128387+00:00", "source": {"name": "Cold Chain Inventory (MoH/PATH/WHO) - Feb 2011"}, "method": {"name": "Taken with GPS Device"}, "coordinates": "{\"type\": \"Point\", \"coordinates\": [35.60051, 0.82536]}", "facility": {"code": 14306}}, {"collection_date": "2015-08-19T14:59:42.106388+00:00", "source": {"name": "KEMRI GIS MERGE"}, "method": {"name": "Calc from proximity to school, village,markets"}, "coordinates": "{\"type\": \"Point\", \"coordinates\": [35.4157, -0.17555]}", "facility": {"code": 14913}}, {"collection_date": "2015-08-19T14:59:42.052500+00:00", "source": {"name": "MOH"}, "method": {"name": "Taken with GPS Device"}, "coordinates": "{\"type\": \"Point\", \"coordinates\": [40.1247, -3.22649]}", "facility": {"code": 11555}}, {"collection_date": "2015-08-19T14:59:42.039963+00:00", "source": {"name": "Cold Chain Inventory (MoH/PATH/WHO) - Feb 2011"}, "method": {"name": "Taken with GPS Device"}, "coordinates": "{\"type\": \"Point\", \"coordinates\": [35.1247, 0.98771]}", "facility": {"code": 15584}}, {"collection_date": "2015-08-19T14:59:42.027037+00:00", "source": {"name": "Sublocation Centroid Exercise of MOH/ICF Macro"}, "method": {"name": "Taken with GPS Device"}, "coordinates": "{\"type\": \"Point\", \"coordinates\": [36.14477, -0.24857]}", "facility": {"code": 15628}}, {"collection_date": "2015-08-19T14:59:41.997999+00:00", "source": {"name": "KEMRI GIS MERGE"}, "method": {"name": "Calc from proximity to school, village,markets"}, "coordinates": "{\"type\": \"Point\", \"coordinates\": [37.6199, 1.1244]}", "facility": {"code": 15547}}, {"collection_date": "2015-08-19T14:59:41.576405+00:00", "source": {"name": "KEMRI GIS MERGE"}, "method": {"name": "Taken with GPS Device"}, "coordinates": "{\"type\": \"Point\", \"coordinates\": [34.99644, 0.33264]}", "facility": {"code": 14910}}, {"collection_date": "2015-08-19T14:59:41.461143+00:00", "source": {"name": "KEMRI GIS MERGE"}, "method": {"name": "Taken with GPS Device"}, "coordinates": "{\"type\": \"Point\", \"coordinates\": [36.27621, 0.10642]}", "facility": {"code": 15639}}, {"collection_date": "2015-08-19T14:59:41.446011+00:00", "source": {"name": "KEMRI GIS MERGE"}, "method": {"name": "Taken with GPS Device"}, "coordinates": "{\"type\": \"Point\", \"coordinates\": [37.79136, 0.19886]}", "facility": {"code": 12799}}, {"collection_date": "2015-08-19T14:59:41.444324+00:00", "source": {"name": "DHMT Nakuru"}, "method": {"name": "Taken with GPS Device"}, "coordinates": "{\"type\": \"Point\", \"coordinates\": [36.12177, -0.21613]}", "facility": {"code": 15376}}, {"collection_date": "2015-08-19T14:59:41.325773+00:00", "source": {"name": "DHMT"}, "method": {"name": "Taken with GPS Device"}, "coordinates": "{\"type\": \"Point\", \"coordinates\": [35.238, 0.12376]}", "facility": {"code": 14351}}, {"collection_date": "2015-08-19T14:59:41.188511+00:00", "source": {"name": "DHMT"}, "method": {"name": "Taken with GPS Device"}, "coordinates": "{\"type\": \"Point\", \"coordinates\": [35.24203, -0.9239]}", "facility": {"code": 14921}}, {"collection_date": "2015-08-19T14:59:41.164628+00:00", "source": {"name": "DHMT"}, "method": {"name": "Taken with GPS Device"}, "coordinates": "{\"type\": \"Point\", \"coordinates\": [35.23889, -1.61104]}", "facility": {"code": 15626}}, {"collection_date": "2015-08-19T14:59:41.005497+00:00", "source": {"name": "Sublocation Centroid Exercise of MOH/ICF Macro"}, "method": {"name": "Taken with GPS Device"}, "coordinates": "{\"type\": \"Point\", \"coordinates\": [38.0251, 1.70101]}", "facility": {"code": 16215}}, {"collection_date": "2015-08-19T14:59:41.004779+00:00", "source": {"name": "KEMRI GIS MERGE"}, "method": {"name": "Taken with GPS Device"}, "coordinates": "{\"type\": \"Point\", \"coordinates\": [34.852575, 0.906357]}", "facility": {"code": 15101}}, {"collection_date": "2015-08-19T14:59:40.994688+00:00", "source": {"name": "Sublocation Centroid Exercise of MOH/ICF Macro"}, "method": {"name": "Other"}, "coordinates": "{\"type\": \"Point\", \"coordinates\": [35.1593, 0.850978]}", "facility": {"code": 15317}}, {"collection_date": "2015-08-19T14:59:40.827129+00:00", "source": {"name": "DHMT"}, "method": {"name": "Taken with GPS Device"}, "coordinates": "{\"type\": \"Point\", \"coordinates\": [35.76972, 0.40537]}", "facility": {"code": 14907}}, {"collection_date": "2015-08-19T14:59:40.795311+00:00", "source": {"name": "KEMRI GIS MERGE"}, "method": {"name": "Taken with GPS Device"}, "coordinates": "{\"type\": \"Point\", \"coordinates\": [34.74595, 0.03923]}", "facility": {"code": 15839}}, {"collection_date": "2015-08-19T14:59:40.464572+00:00", "source": {"name": "SARAM 2013"}, "method": {"name": "Taken with GPS Device"}, "coordinates": "{\"type\": \"Point\", \"coordinates\": [35.94432, -0.03526]}", "facility": {"code": 14922}}, {"collection_date": "2015-08-19T14:59:40.464139+00:00", "source": {"name": "Cold Chain Inventory (MoH/PATH/WHO) - Feb 2011"}, "method": {"name": "Taken with GPS Device"}, "coordinates": "{\"type\": \"Point\", \"coordinates\": [35.8569, -0.95893]}", "facility": {"code": 15279}}, {"collection_date": "2015-08-19T14:59:40.463760+00:00", "source": {"name": "SARAM 2013"}, "method": {"name": "Taken with GPS Device"}, "coordinates": "{\"type\": \"Point\", \"coordinates\": [35.00365, 1.03813]}", "facility": {"code": 15329}}, {"collection_date": "2015-08-19T14:59:40.463646+00:00", "source": {"name": "KEMRI GIS MERGE"}, "method": {"name": "Taken with GPS Device"}, "coordinates": "{\"type\": \"Point\", \"coordinates\": [34.85261, -0.77956]}", "facility": {"code": 13612}}, {"collection_date": "2015-08-19T14:59:39.779604+00:00", "source": {"name": "DHRIO"}, "method": {"name": "Taken with GPS Device"}, "coordinates": "{\"type\": \"Point\", \"coordinates\": [35.16632, -0.17983]}", "facility": {"code": 15722}}, {"collection_date": "2015-08-19T14:59:39.610199+00:00", "source": {"name": "DVI-DHMT"}, "method": {"name": "Taken with GPS Device"}, "coordinates": "{\"type\": \"Point\", \"coordinates\": [35.16232, -0.23015]}", "facility": {"code": 14919}}, {"collection_date": "2015-08-19T14:59:39.471642+00:00", "source": {"name": "SARAM 2013"}, "method": {"name": "Taken with GPS Device"}, "coordinates": "{\"type\": \"Point\", \"coordinates\": [35.00756, 1.00451]}", "facility": {"code": 15332}}, {"collection_date": "2015-08-19T14:59:39.464850+00:00", "source": {"name": "DHMT"}, "method": {"name": "Taken with GPS Device"}, "coordinates": "{\"type\": \"Point\", \"coordinates\": [37.90907, -1.76178]}", "facility": {"code": 12184}}, {"collection_date": "2015-08-19T14:59:39.464353+00:00", "source": {"name": "DHMT Nakuru"}, "method": {"name": "Taken with GPS Device"}, "coordinates": "{\"type\": \"Point\", \"coordinates\": [36.033081, -0.17513]}", "facility": {"code": 15290}}, {"collection_date": "2015-08-19T14:59:39.447064+00:00", "source": {"name": "DHMT"}, "method": {"name": "Taken with GPS Device"}, "coordinates": "{\"type\": \"Point\", \"coordinates\": [35.25082, 0.17948]}", "facility": {"code": 14364}}, {"collection_date": "2015-08-19T14:59:39.259754+00:00", "source": {"name": "DHMT"}, "method": {"name": "Taken with GPS Device"}, "coordinates": "{\"type\": \"Point\", \"coordinates\": [35.42777, -0.74489]}", "facility": {"code": 14939}}, {"collection_date": "2015-08-19T14:59:39.253483+00:00", "source": {"name": "Sublocation Centroid Exercise of MOH/ICF Macro"}, "method": {"name": "Other"}, "coordinates": "{\"type\": \"Point\", \"coordinates\": [36.083, -1.07839]}", "facility": {"code": 15293}}, {"collection_date": "2015-08-19T14:59:39.103733+00:00", "source": {"name": "KEMRI GIS MERGE"}, "method": {"name": "Calc from proximity to school, village,markets"}, "coordinates": "{\"type\": \"Point\", \"coordinates\": [35.6415, 1.06114]}", "facility": {"code": 15193}}, {"collection_date": "2015-08-19T14:59:39.093208+00:00", "source": {"name": "GOK"}, "method": {"name": "Taken with GPS Device"}, "coordinates": "{\"type\": \"Point\", \"coordinates\": [35.44679, -0.09618]}", "facility": {"code": 15640}}, {"collection_date": "2015-08-19T14:59:39.081675+00:00", "source": {"name": "KEMRI GIS MERGE"}, "method": {"name": "Taken with GPS Device"}, "coordinates": "{\"type\": \"Point\", \"coordinates\": [37.82463, -2.28436]}", "facility": {"code": 12455}}, {"collection_date": "2015-08-19T14:59:38.927927+00:00", "source": {"name": "SARAM 2013"}, "method": {"name": "Taken with GPS Device"}, "coordinates": "{\"type\": \"Point\", \"coordinates\": [36.03247, -0.16458]}", "facility": {"code": 15341}}, {"collection_date": "2015-08-19T14:59:38.903391+00:00", "source": {"name": "KEMRI GIS MERGE"}, "method": {"name": "Calc from proximity to school, village,markets"}, "coordinates": "{\"type\": \"Point\", \"coordinates\": [35.816542, 0.358933]}", "facility": {"code": 14732}}, {"collection_date": "2015-08-19T14:59:38.883036+00:00", "source": {"name": "MOH"}, "method": {"name": "Taken with GPS Device"}, "coordinates": "{\"type\": \"Point\", \"coordinates\": [35.14018, -0.64717]}", "facility": {"code": 14353}}, {"collection_date": "2015-08-19T14:59:38.759472+00:00", "source": {"name": "KEMRI GIS MERGE"}, "method": {"name": "Taken with GPS Device"}, "coordinates": "{\"type\": \"Point\", \"coordinates\": [36.17087, -0.27766]}", "facility": {"code": 15778}}, {"collection_date": "2015-08-19T14:59:38.721333+00:00", "source": {"name": "Cold Chain Inventory (MoH/PATH/WHO) - Feb 2011"}, "method": {"name": "Taken with GPS Device"}, "coordinates": "{\"type\": \"Point\", \"coordinates\": [35.1005, 1.1339]}", "facility": {"code": 15115}}, {"collection_date": "2015-08-19T14:59:38.718775+00:00", "source": {"name": "DHMT"}, "method": {"name": "Taken with GPS Device"}, "coordinates": "{\"type\": \"Point\", \"coordinates\": [37.34997, -0.66427]}", "facility": {"code": 10808}}, {"collection_date": "2015-08-19T14:59:38.702309+00:00", "source": {"name": "DHMT"}, "method": {"name": "Taken with GPS Device"}, "coordinates": "{\"type\": \"Point\", \"coordinates\": [35.40991, -0.7325]}", "facility": {"code": 14952}}, {"collection_date": "2015-08-19T14:59:38.529925+00:00", "source": {"name": "Sublocation Centroid Exercise of MOH/ICF Macro"}, "method": {"name": "Taken with GPS Device"}, "coordinates": "{\"type\": \"Point\", \"coordinates\": [36.03922, -0.10672]}", "facility": {"code": 14572}}, {"collection_date": "2015-08-19T14:59:38.528389+00:00", "source": {"name": "Sublocation Centroid Exercise of MOH/ICF Macro"}, "method": {"name": "Other"}, "coordinates": "{\"type\": \"Point\", \"coordinates\": [35.033, 0.581867]}", "facility": {"code": 14354}}, {"collection_date": "2015-08-19T14:59:38.516963+00:00", "source": {"name": "KEMRI GIS MERGE"}, "method": {"name": "Taken with GPS Device"}, "coordinates": "{\"type\": \"Point\", \"coordinates\": [34.91626, 0.984]}", "facility": {"code": 14946}}, {"collection_date": "2015-08-19T14:59:38.515115+00:00", "source": {"name": "DHMT"}, "method": {"name": "Taken with GPS Device"}, "coordinates": "{\"type\": \"Point\", \"coordinates\": [39.18564, 0.73257]}", "facility": {"code": 13411}}, {"collection_date": "2015-08-19T14:59:38.503368+00:00", "source": {"name": "Sublocation Centroid Exercise of MOH/ICF Macro"}, "method": {"name": "Other"}, "coordinates": "{\"type\": \"Point\", \"coordinates\": [35.2663, 0.492988]}", "facility": {"code": 15750}}, {"collection_date": "2015-08-19T14:59:38.333558+00:00", "source": {"name": "Cold Chain Inventory (MoH/PATH/WHO) - Feb 2011"}, "method": {"name": "Taken with GPS Device"}, "coordinates": "{\"type\": \"Point\", \"coordinates\": [35.57557, 1.0045]}", "facility": {"code": 14909}}, {"collection_date": "2015-08-19T14:59:38.332209+00:00", "source": {"name": "DHMT"}, "method": {"name": "Taken with GPS Device"}, "coordinates": "{\"type\": \"Point\", \"coordinates\": [36.79277, 1.78523]}", "facility": {"code": 15622}}, {"collection_date": "2015-08-19T14:59:38.322300+00:00", "source": {"name": "Cold Chain Inventory (MoH/PATH/WHO) - Feb 2011"}, "method": {"name": "Taken with GPS Device"}, "coordinates": "{\"type\": \"Point\", \"coordinates\": [36.06841, 0.0823]}", "facility": {"code": 15410}}, {"collection_date": "2015-08-19T14:59:38.308908+00:00", "source": {"name": "SARAM 2013"}, "method": {"name": "Taken with GPS Device"}, "coordinates": "{\"type\": \"Point\", \"coordinates\": [36.90613, -1.01409]}", "facility": {"code": 10233}}, {"collection_date": "2015-08-19T14:59:38.306516+00:00", "source": {"name": "Sublocation Centroid Exercise of MOH/ICF Macro"}, "method": {"name": "Other"}, "coordinates": "{\"type\": \"Point\", \"coordinates\": [34.7475, 0.573281]}", "facility": {"code": 16163}}, {"collection_date": "2015-08-19T14:59:38.069444+00:00", "source": {"name": "Sublocation Centroid Exercise of MOH/ICF Macro"}, "method": {"name": "Taken with GPS Device"}, "coordinates": "{\"type\": \"Point\", \"coordinates\": [36.10559, -0.15936]}", "facility": {"code": 15643}}, {"collection_date": "2015-08-19T14:59:38.067771+00:00", "source": {"name": "Taken with GPS by DHRIO Laikipia West"}, "method": {"name": "Taken with GPS Device"}, "coordinates": "{\"type\": \"Point\", \"coordinates\": [36.49132, 0.53766]}", "facility": {"code": 15417}}, {"collection_date": "2015-08-19T14:59:38.066086+00:00", "source": {"name": "DHMT Nakuru"}, "method": {"name": "Taken with GPS Device"}, "coordinates": "{\"type\": \"Point\", \"coordinates\": [36.04289, -0.28027]}", "facility": {"code": 14575}}, {"collection_date": "2015-08-19T14:59:38.064926+00:00", "source": {"name": "Sublocation Centroid Exercise of MOH/ICF Macro"}, "method": {"name": "Taken with GPS Device"}, "coordinates": "{\"type\": \"Point\", \"coordinates\": [35.59956, 3.11323]}", "facility": {"code": 15535}}, {"collection_date": "2015-08-19T14:59:37.917707+00:00", "source": {"name": "GPS"}, "method": {"name": "Taken with GPS Device"}, "coordinates": "{\"type\": \"Point\", \"coordinates\": [37.1301, -0.47585]}", "facility": {"code": 10485}}, {"collection_date": "2015-08-19T14:59:37.399393+00:00", "source": {"name": "DHMT"}, "method": {"name": "Taken with GPS Device"}, "coordinates": "{\"type\": \"Point\", \"coordinates\": [38.03646, -1.42071]}", "facility": {"code": 12077}}, {"collection_date": "2015-08-19T14:59:37.399317+00:00", "source": {"name": "Cold Chain Inventory (MoH/PATH/WHO) - Feb 2011"}, "method": {"name": "Taken with GPS Device"}, "coordinates": "{\"type\": \"Point\", \"coordinates\": [35.25567, 1.00436]}", "facility": {"code": 15503}}, {"collection_date": "2015-08-19T14:59:37.399291+00:00", "source": {"name": "KEMRI GIS MERGE"}, "method": {"name": "Taken with GPS Device"}, "coordinates": "{\"type\": \"Point\", \"coordinates\": [34.96256, 0.38635]}", "facility": {"code": 15696}}, {"collection_date": "2015-08-19T14:59:37.399102+00:00", "source": {"name": "KEMRI GIS MERGE"}, "method": {"name": "Taken with GPS Device"}, "coordinates": "{\"type\": \"Point\", \"coordinates\": [35.39451, 0.61212]}", "facility": {"code": 15553}}, {"collection_date": "2015-08-19T14:59:37.367052+00:00", "source": {"name": "Chuka DHIS"}, "method": {"name": "Taken with GPS Device"}, "coordinates": "{\"type\": \"Point\", \"coordinates\": [37.65537, -0.32954]}", "facility": {"code": 11973}}, {"collection_date": "2015-08-19T14:59:36.900408+00:00", "source": {"name": "Cold Chain Inventory (MoH/PATH/WHO) - Feb 2011"}, "method": {"name": "Taken with GPS Device"}, "coordinates": "{\"type\": \"Point\", \"coordinates\": [35.4435, 0.67551]}", "facility": {"code": 15554}}, {"collection_date": "2015-08-19T14:59:36.899602+00:00", "source": {"name": "Sublocation Centroid Exercise of MOH/ICF Macro"}, "method": {"name": "Other"}, "coordinates": "{\"type\": \"Point\", \"coordinates\": [35.1303, -0.467814]}", "facility": {"code": 15499}}, {"collection_date": "2015-08-19T14:59:36.899129+00:00", "source": {"name": "HMIS"}, "method": {"name": "Taken with GPS Device"}, "coordinates": "{\"type\": \"Point\", \"coordinates\": [38.34159, -3.40882]}", "facility": {"code": 11906}}, {"collection_date": "2015-08-19T14:59:36.898320+00:00", "source": {"name": "MOH"}, "method": {"name": "Taken with GPS Device"}, "coordinates": "{\"type\": \"Point\", \"coordinates\": [35.22275, 0.40342]}", "facility": {"code": 14434}}, {"collection_date": "2015-08-19T14:59:36.867212+00:00", "source": {"name": "DHMT"}, "method": {"name": "Taken with GPS Device"}, "coordinates": "{\"type\": \"Point\", \"coordinates\": [34.63821, -0.03785]}", "facility": {"code": 13528}}, {"collection_date": "2015-08-19T14:59:36.374708+00:00", "source": {"name": "DHMT"}, "method": {"name": "Taken with GPS Device"}, "coordinates": "{\"type\": \"Point\", \"coordinates\": [35.9195, -1.47849]}", "facility": {"code": 14427}}, {"collection_date": "2015-08-19T14:59:36.357891+00:00", "source": {"name": "KEMRI GIS MERGE"}, "method": {"name": "Taken with GPS Device"}, "coordinates": "{\"type\": \"Point\", \"coordinates\": [37.12754, -0.78914]}", "facility": {"code": 10686}}, {"collection_date": "2015-08-19T14:59:36.357186+00:00", "source": {"name": "Cold Chain Inventory (MoH/PATH/WHO) - Feb 2011"}, "method": {"name": "Taken with GPS Device"}, "coordinates": "{\"type\": \"Point\", \"coordinates\": [35.61285, 0.21101]}", "facility": {"code": 15555}}, {"collection_date": "2015-08-19T14:59:36.356110+00:00", "source": {"name": "SARAM 2013"}, "method": {"name": "Taken with GPS Device"}, "coordinates": "{\"type\": \"Point\", \"coordinates\": [35.00696, 1.01404]}", "facility": {"code": 15479}}, {"collection_date": "2015-08-19T14:59:36.345251+00:00", "source": {"name": "SARAM 2013"}, "method": {"name": "Taken with GPS Device"}, "coordinates": "{\"type\": \"Point\", \"coordinates\": [34.84601, -0.73374]}", "facility": {"code": 13679}}, {"collection_date": "2015-08-19T14:59:36.121110+00:00", "source": {"name": "DHRIO"}, "method": {"name": "Taken with GPS Device"}, "coordinates": "{\"type\": \"Point\", \"coordinates\": [36.83098, -1.17209]}", "facility": {"code": 10539}}, {"collection_date": "2015-08-19T14:59:36.110961+00:00", "source": {"name": "DHMT"}, "method": {"name": "Taken with GPS Device"}, "coordinates": "{\"type\": \"Point\", \"coordinates\": [35.39269, 0.00228]}", "facility": {"code": 15556}}, {"collection_date": "2015-08-19T14:59:36.100624+00:00", "source": {"name": "DVI-DHMT"}, "method": {"name": "Taken with GPS Device"}, "coordinates": "{\"type\": \"Point\", \"coordinates\": [35.10649, -0.39442]}", "facility": {"code": 14928}}, {"collection_date": "2015-08-19T14:59:36.080436+00:00", "source": {"name": "DHMT Nakuru"}, "method": {"name": "Taken with GPS Device"}, "coordinates": "{\"type\": \"Point\", \"coordinates\": [36.06729, -0.30867]}", "facility": {"code": 15476}}], "model": "mfl_gis.FacilityCoordinates", "unique_fields": ["facility"]}]