[{"records": [{"collection_date": "2015-08-19T14:58:58.005706+00:00", "source": {"name": "MOH"}, "method": {"name": "Calc from proximity to school, village,markets"}, "coordinates": "{\"type\": \"Point\", \"coordinates\": [35.248855, -0.589314]}", "facility": {"code": 14780}}, {"collection_date": "2015-08-19T14:58:58.002980+00:00", "source": {"name": "SARAM 2013"}, "method": {"name": "Taken with GPS Device"}, "coordinates": "{\"type\": \"Point\", \"coordinates\": [35.20883, -0.43822]}", "facility": {"code": 15570}}, {"collection_date": "2015-08-19T14:58:57.986801+00:00", "source": {"name": "KEMRI GIS MERGE"}, "method": {"name": "Taken with GPS Device"}, "coordinates": "{\"type\": \"Point\", \"coordinates\": [35.23969, 1.2506]}", "facility": {"code": 15257}}, {"collection_date": "2015-08-19T14:58:57.813706+00:00", "source": {"name": "Cold Chain Inventory (MoH/PATH/WHO) - Feb 2011"}, "method": {"name": "Taken with GPS Device"}, "coordinates": "{\"type\": \"Point\", \"coordinates\": [34.26754, -0.52066]}", "facility": {"code": 14016}}, {"collection_date": "2015-08-19T14:58:57.761702+00:00", "source": {"name": "DHMT"}, "method": {"name": "Taken with GPS Device"}, "coordinates": "{\"type\": \"Point\", \"coordinates\": [35.05906, -0.72591]}", "facility": {"code": 15575}}, {"collection_date": "2015-08-19T14:58:57.756407+00:00", "source": {"name": "MOH"}, "method": {"name": "Other"}, "coordinates": "{\"type\": \"Point\", \"coordinates\": [35.27, -0.562354]}", "facility": {"code": 14783}}, {"collection_date": "2015-08-19T14:58:57.745442+00:00", "source": {"name": "KEMRI GIS MERGE"}, "method": {"name": "Calc from proximity to school, village,markets"}, "coordinates": "{\"type\": \"Point\", \"coordinates\": [36.87118, -1.04995]}", "facility": {"code": 10219}}, {"collection_date": "2015-08-19T14:58:57.725733+00:00", "source": {"name": "KEMRI GIS MERGE"}, "method": {"name": "Taken with GPS Device"}, "coordinates": "{\"type\": \"Point\", \"coordinates\": [34.56794, 0.28893]}", "facility": {"code": 15873}}, {"collection_date": "2015-08-19T14:58:57.589415+00:00", "source": {"name": "Cold Chain Inventory (MoH/PATH/WHO) - Feb 2011"}, "method": {"name": "Taken with GPS Device"}, "coordinates": "{\"type\": \"Point\", \"coordinates\": [34.09525, -0.7553]}", "facility": {"code": 13742}}, {"collection_date": "2015-08-19T14:58:57.527576+00:00", "source": {"name": "KEMRI GIS MERGE"}, "method": {"name": "Taken with GPS Device"}, "coordinates": "{\"type\": \"Point\", \"coordinates\": [36.86279, -1.101]}", "facility": {"code": 10446}}, {"collection_date": "2015-08-19T14:58:57.519035+00:00", "source": {"name": "MOH"}, "method": {"name": "Taken with GPS Device"}, "coordinates": "{\"type\": \"Point\", \"coordinates\": [35.2936, -0.46979]}", "facility": {"code": 15576}}, {"collection_date": "2015-08-19T14:58:57.506452+00:00", "source": {"name": "SARAM 2013"}, "method": {"name": "Taken with GPS Device"}, "coordinates": "{\"type\": \"Point\", \"coordinates\": [35.8249, -0.12362]}", "facility": {"code": 14684}}, {"collection_date": "2015-08-19T14:58:57.503370+00:00", "source": {"name": "KEMRI GIS MERGE"}, "method": {"name": "Taken with GPS Device"}, "coordinates": "{\"type\": \"Point\", \"coordinates\": [34.58407, 0.37687]}", "facility": {"code": 15936}}, {"collection_date": "2015-08-19T14:58:57.370700+00:00", "source": {"name": "Cold Chain Inventory (MoH/PATH/WHO) - Feb 2011"}, "method": {"name": "Taken with GPS Device"}, "coordinates": "{\"type\": \"Point\", \"coordinates\": [34.09796, -0.61089]}", "facility": {"code": 13879}}, {"collection_date": "2015-08-19T14:58:57.310690+00:00", "source": {"name": "KEMRI GIS MERGE"}, "method": {"name": "Calc from proximity to school, village,markets"}, "coordinates": "{\"type\": \"Point\", \"coordinates\": [39.92, -1.1]}", "facility": {"code": 11574}}, {"collection_date": "2015-08-19T14:58:57.297857+00:00", "source": {"name": "SARAM 2013"}, "method": {"name": "Taken with GPS Device"}, "coordinates": "{\"type\": \"Point\", \"coordinates\": [35.87667, -0.25425]}", "facility": {"code": 15685}}, {"collection_date": "2015-08-19T14:58:57.254686+00:00", "source": {"name": "Cold Chain Inventory (MoH/PATH/WHO) - Feb 2011"}, "method": {"name": "Taken with GPS Device"}, "coordinates": "{\"type\": \"Point\", \"coordinates\": [35.41068, 0.7894]}", "facility": {"code": 15577}}, {"collection_date": "2015-08-19T14:58:57.247557+00:00", "source": {"name": "Cold Chain Inventory (MoH/PATH/WHO) - Feb 2011"}, "method": {"name": "Taken with GPS Device"}, "coordinates": "{\"type\": \"Point\", \"coordinates\": [33.98847, -0.45066]}", "facility": {"code": 14169}}, {"collection_date": "2015-08-19T14:58:57.243059+00:00", "source": {"name": "Cold Chain Inventory (MoH/PATH/WHO) - Feb 2011"}, "method": {"name": "Taken with GPS Device"}, "coordinates": "{\"type\": \"Point\", \"coordinates\": [35.07629, 0.86778]}", "facility": {"code": 16127}}, {"collection_date": "2015-08-19T14:58:57.109151+00:00", "source": {"name": "MOH"}, "method": {"name": "Taken with GPS Device"}, "coordinates": "{\"type\": \"Point\", \"coordinates\": [35.36219, -0.58079]}", "facility": {"code": 15620}}, {"collection_date": "2015-08-19T14:58:57.078004+00:00", "source": {"name": "KEMRI GIS MERGE"}, "method": {"name": "Taken with GPS Device"}, "coordinates": "{\"type\": \"Point\", \"coordinates\": [35.53799, 0.21973]}", "facility": {"code": 15578}}, {"collection_date": "2015-08-19T14:58:57.072432+00:00", "source": {"name": "Cold Chain Inventory (MoH/PATH/WHO) - Feb 2011"}, "method": {"name": "Taken with GPS Device"}, "coordinates": "{\"type\": \"Point\", \"coordinates\": [35.88687, -0.74845]}", "facility": {"code": 15666}}, {"collection_date": "2015-08-19T14:58:57.014752+00:00", "source": {"name": "KEMRI GIS MERGE"}, "method": {"name": "Taken with GPS Device"}, "coordinates": "{\"type\": \"Point\", \"coordinates\": [35.07275, 0.72878]}", "facility": {"code": 16100}}, {"collection_date": "2015-08-19T14:58:57.000750+00:00", "source": {"name": "DHMT"}, "method": {"name": "Taken with GPS Device"}, "coordinates": "{\"type\": \"Point\", \"coordinates\": [34.12547, -0.55831]}", "facility": {"code": 14059}}, {"collection_date": "2015-08-19T14:58:56.833188+00:00", "source": {"name": "Sublocation Centroid Exercise of MOH/ICF Macro"}, "method": {"name": "Other"}, "coordinates": "{\"type\": \"Point\", \"coordinates\": [34.6478, 0.696185]}", "facility": {"code": 16388}}, {"collection_date": "2015-08-19T14:58:56.810072+00:00", "source": {"name": "DHRIO"}, "method": {"name": "Taken with GPS Device"}, "coordinates": "{\"type\": \"Point\", \"coordinates\": [36.77224, -1.122349]}", "facility": {"code": 10072}}, {"collection_date": "2015-08-19T14:58:56.798779+00:00", "source": {"name": "Cold Chain Inventory (MoH/PATH/WHO) - Feb 2011"}, "method": {"name": "Taken with GPS Device"}, "coordinates": "{\"type\": \"Point\", \"coordinates\": [35.65036, 0.1892]}", "facility": {"code": 15695}}, {"collection_date": "2015-08-19T14:58:56.725326+00:00", "source": {"name": "Cold Chain Inventory (MoH/PATH/WHO) - Feb 2011"}, "method": {"name": "Taken with GPS Device"}, "coordinates": "{\"type\": \"Point\", \"coordinates\": [34.22513, -0.44261]}", "facility": {"code": 13470}}, {"collection_date": "2015-08-19T14:58:56.715892+00:00", "source": {"name": "MOH"}, "method": {"name": "Taken with GPS Device"}, "coordinates": "{\"type\": \"Point\", \"coordinates\": [35.10005, -0.50251]}", "facility": {"code": 15475}}, {"collection_date": "2015-08-19T14:58:56.714834+00:00", "source": {"name": "MOH"}, "method": {"name": "Taken with GPS Device"}, "coordinates": "{\"type\": \"Point\", \"coordinates\": [35.13136, -0.46902]}", "facility": {"code": 15228}}, {"collection_date": "2015-08-19T14:58:56.700667+00:00", "source": {"name": "KEMRI GIS MERGE"}, "method": {"name": "Taken with GPS Device"}, "coordinates": "{\"type\": \"Point\", \"coordinates\": [34.41802, 0.40444]}", "facility": {"code": 16042}}, {"collection_date": "2015-08-19T14:58:56.529860+00:00", "source": {"name": "Cold Chain Inventory (MoH/PATH/WHO) - Feb 2011"}, "method": {"name": "Taken with GPS Device"}, "coordinates": "{\"type\": \"Point\", \"coordinates\": [35.76278, -0.56168]}", "facility": {"code": 15431}}, {"collection_date": "2015-08-19T14:58:56.498181+00:00", "source": {"name": "Cold Chain Inventory (MoH/PATH/WHO) - Feb 2011"}, "method": {"name": "Taken with GPS Device"}, "coordinates": "{\"type\": \"Point\", \"coordinates\": [34.20986, -0.67382]}", "facility": {"code": 13691}}, {"collection_date": "2015-08-19T14:58:56.431745+00:00", "source": {"name": "MOH"}, "method": {"name": "Taken with GPS Device"}, "coordinates": "{\"type\": \"Point\", \"coordinates\": [35.36305, 0.27335]}", "facility": {"code": 16338}}, {"collection_date": "2015-08-19T14:58:56.420931+00:00", "source": {"name": "KEMRI GIS MERGE"}, "method": {"name": "Taken with GPS Device"}, "coordinates": "{\"type\": \"Point\", \"coordinates\": [34.46232, 0.45129]}", "facility": {"code": 16070}}, {"collection_date": "2015-08-19T14:58:56.419485+00:00", "source": {"name": "DHMT"}, "method": {"name": "Taken with GPS Device"}, "coordinates": "{\"type\": \"Point\", \"coordinates\": [35.99404, -1.25086]}", "facility": {"code": 15439}}, {"collection_date": "2015-08-19T14:58:56.401518+00:00", "source": {"name": "MOH"}, "method": {"name": "Taken with GPS Device"}, "coordinates": "{\"type\": \"Point\", \"coordinates\": [35.12671, -0.49698]}", "facility": {"code": 15746}}, {"collection_date": "2015-08-19T14:58:56.242839+00:00", "source": {"name": "Cold Chain Inventory (MoH/PATH/WHO) - Feb 2011"}, "method": {"name": "Taken with GPS Device"}, "coordinates": "{\"type\": \"Point\", \"coordinates\": [34.41892, -0.51271]}", "facility": {"code": 13842}}, {"collection_date": "2015-08-19T14:58:56.196622+00:00", "source": {"name": "SARAM 2013"}, "method": {"name": "Taken with GPS Device"}, "coordinates": "{\"type\": \"Point\", \"coordinates\": [35.20198, 1.30389]}", "facility": {"code": 14329}}, {"collection_date": "2015-08-19T14:58:56.185155+00:00", "source": {"name": "DHMT"}, "method": {"name": "Taken with GPS Device"}, "coordinates": "{\"type\": \"Point\", \"coordinates\": [35.42355, 1.32569]}", "facility": {"code": 15609}}, {"collection_date": "2015-08-19T14:58:56.166969+00:00", "source": {"name": "KEMRI GIS MERGE"}, "method": {"name": "Calc from proximity to school, village,markets"}, "coordinates": "{\"type\": \"Point\", \"coordinates\": [34.529008, 0.415591]}", "facility": {"code": 16123}}, {"collection_date": "2015-08-19T14:58:56.107300+00:00", "source": {"name": "KEMRI GIS MERGE"}, "method": {"name": "Taken with GPS Device"}, "coordinates": "{\"type\": \"Point\", \"coordinates\": [34.71409, 0.57937]}", "facility": {"code": 15932}}, {"collection_date": "2015-08-19T14:58:56.098092+00:00", "source": {"name": "DHMT"}, "method": {"name": "Taken with GPS Device"}, "coordinates": "{\"type\": \"Point\", \"coordinates\": [34.03312, -0.7513]}", "facility": {"code": 13707}}, {"collection_date": "2015-08-19T14:58:56.078080+00:00", "source": {"name": "GOK"}, "method": {"name": "Taken with GPS Device"}, "coordinates": "{\"type\": \"Point\", \"coordinates\": [35.33645, -0.107406]}", "facility": {"code": 14381}}, {"collection_date": "2015-08-19T14:58:55.887256+00:00", "source": {"name": "Cold Chain Inventory (MoH/PATH/WHO) - Feb 2011"}, "method": {"name": "Taken with GPS Device"}, "coordinates": "{\"type\": \"Point\", \"coordinates\": [35.10736, 0.66375]}", "facility": {"code": 16102}}, {"collection_date": "2015-08-19T14:58:55.880344+00:00", "source": {"name": "SARAM 2013"}, "method": {"name": "Taken with GPS Device"}, "coordinates": "{\"type\": \"Point\", \"coordinates\": [35.96368, -0.05233]}", "facility": {"code": 15199}}, {"collection_date": "2015-08-19T14:58:55.841407+00:00", "source": {"name": "DHMT"}, "method": {"name": "Taken with GPS Device"}, "coordinates": "{\"type\": \"Point\", \"coordinates\": [35.61012, 1.1532]}", "facility": {"code": 15252}}, {"collection_date": "2015-08-19T14:58:55.820817+00:00", "source": {"name": "Cold Chain Inventory (MoH/PATH/WHO) - Feb 2011"}, "method": {"name": "Taken with GPS Device"}, "coordinates": "{\"type\": \"Point\", \"coordinates\": [34.32535, -0.55591]}", "facility": {"code": 13731}}, {"collection_date": "2015-08-19T14:58:55.773421+00:00", "source": {"name": "GOK"}, "method": {"name": "Taken with GPS Device"}, "coordinates": "{\"type\": \"Point\", \"coordinates\": [35.48023, -0.26457]}", "facility": {"code": 14382}}, {"collection_date": "2015-08-19T14:58:55.753266+00:00", "source": {"name": "KEMRI GIS MERGE"}, "method": {"name": "Taken with GPS Device"}, "coordinates": "{\"type\": \"Point\", \"coordinates\": [34.61, 0.3]}", "facility": {"code": 16041}}, {"collection_date": "2015-08-19T14:58:55.741997+00:00", "source": {"name": "Cold Chain Inventory (MoH/PATH/WHO) - Feb 2011"}, "method": {"name": "Taken with GPS Device"}, "coordinates": "{\"type\": \"Point\", \"coordinates\": [35.96867, -0.90513]}", "facility": {"code": 16330}}, {"collection_date": "2015-08-19T14:58:55.675687+00:00", "source": {"name": "Cold Chain Inventory (MoH/PATH/WHO) - Feb 2011"}, "method": {"name": "Taken with GPS Device"}, "coordinates": "{\"type\": \"Point\", \"coordinates\": [35.63431, 1.089387]}", "facility": {"code": 15099}}, {"collection_date": "2015-08-19T14:58:55.665883+00:00", "source": {"name": "DHMT"}, "method": {"name": "Taken with GPS Device"}, "coordinates": "{\"type\": \"Point\", \"coordinates\": [35.83651, -1.95716]}", "facility": {"code": 15428}}, {"collection_date": "2015-08-19T14:58:55.654042+00:00", "source": {"name": "Cold Chain Inventory (MoH/PATH/WHO) - Feb 2011"}, "method": {"name": "Taken with GPS Device"}, "coordinates": "{\"type\": \"Point\", \"coordinates\": [34.10946, -0.66163]}", "facility": {"code": 13700}}, {"collection_date": "2015-08-19T14:58:55.499853+00:00", "source": {"name": "KEMRI GIS MERGE"}, "method": {"name": "Taken with GPS Device"}, "coordinates": "{\"type\": \"Point\", \"coordinates\": [35.14826, 0.84371]}", "facility": {"code": 14390}}, {"collection_date": "2015-08-19T14:58:55.482983+00:00", "source": {"name": "KEMRI GIS MERGE"}, "method": {"name": "Taken with GPS Device"}, "coordinates": "{\"type\": \"Point\", \"coordinates\": [34.90693, 0.66328]}", "facility": {"code": 15964}}, {"collection_date": "2015-08-19T14:58:55.419163+00:00", "source": {"name": "SARAM 2013"}, "method": {"name": "Taken with GPS Device"}, "coordinates": "{\"type\": \"Point\", \"coordinates\": [35.56755, -0.00074]}", "facility": {"code": 14474}}, {"collection_date": "2015-08-19T14:58:55.395560+00:00", "source": {"name": "GOK"}, "method": {"name": "Taken with GPS Device"}, "coordinates": "{\"type\": \"Point\", \"coordinates\": [37.20386, 1.26983]}", "facility": {"code": 15444}}, {"collection_date": "2015-08-19T14:58:55.387546+00:00", "source": {"name": "Cold Chain Inventory (MoH/PATH/WHO) - Feb 2011"}, "method": {"name": "Taken with GPS Device"}, "coordinates": "{\"type\": \"Point\", \"coordinates\": [34.25982, -0.60789]}", "facility": {"code": 13949}}, {"collection_date": "2015-08-19T14:58:55.339289+00:00", "source": {"name": "Cold Chain Inventory (MoH/PATH/WHO) - Feb 2011"}, "method": {"name": "Taken with GPS Device"}, "coordinates": "{\"type\": \"Point\", \"coordinates\": [34.89857, 0.61913]}", "facility": {"code": 15851}}, {"collection_date": "2015-08-19T14:58:55.318554+00:00", "source": {"name": "DHMT"}, "method": {"name": "Taken with GPS Device"}, "coordinates": "{\"type\": \"Point\", \"coordinates\": [35.43277, -0.93986]}", "facility": {"code": 15251}}, {"collection_date": "2015-08-19T14:58:55.309388+00:00", "source": {"name": "DHMT Nakuru"}, "method": {"name": "Taken with GPS Device"}, "coordinates": "{\"type\": \"Point\", \"coordinates\": [36.25113, 0.13272]}", "facility": {"code": 14558}}, {"collection_date": "2015-08-19T14:58:55.262713+00:00", "source": {"name": "KEMRI GIS MERGE"}, "method": {"name": "Taken with GPS Device"}, "coordinates": "{\"type\": \"Point\", \"coordinates\": [36.81183, 0.06207]}", "facility": {"code": 15430}}, {"collection_date": "2015-08-19T14:58:55.242249+00:00", "source": {"name": "Cold Chain Inventory (MoH/PATH/WHO) - Feb 2011"}, "method": {"name": "Taken with GPS Device"}, "coordinates": "{\"type\": \"Point\", \"coordinates\": [34.2833, -0.49418]}", "facility": {"code": 13950}}, {"collection_date": "2015-08-19T14:58:55.218333+00:00", "source": {"name": "Cold Chain Inventory (MoH/PATH/WHO) - Feb 2011"}, "method": {"name": "Taken with GPS Device"}, "coordinates": "{\"type\": \"Point\", \"coordinates\": [34.8755, 0.6736]}", "facility": {"code": 15974}}, {"collection_date": "2015-08-19T14:58:55.183648+00:00", "source": {"name": "Cold Chain Inventory (MoH/PATH/WHO) - Feb 2011"}, "method": {"name": "Taken with GPS Device"}, "coordinates": "{\"type\": \"Point\", \"coordinates\": [34.76437, 0.61318]}", "facility": {"code": 16711}}, {"collection_date": "2015-08-19T14:58:55.182823+00:00", "source": {"name": "KEMRI GIS MERGE"}, "method": {"name": "Calc from proximity to school, village,markets"}, "coordinates": "{\"type\": \"Point\", \"coordinates\": [39.24528, -1.72219]}", "facility": {"code": 11852}}, {"collection_date": "2015-08-19T14:58:55.153447+00:00", "source": {"name": "SARAM 2013"}, "method": {"name": "Taken with GPS Device"}, "coordinates": "{\"type\": \"Point\", \"coordinates\": [36.0177, -0.14043]}", "facility": {"code": 15432}}, {"collection_date": "2015-08-19T14:58:55.108668+00:00", "source": {"name": "DHMT"}, "method": {"name": "Taken with GPS Device"}, "coordinates": "{\"type\": \"Point\", \"coordinates\": [34.27647, -0.45775]}", "facility": {"code": 13642}}, {"collection_date": "2015-08-19T14:58:55.086574+00:00", "source": {"name": "KEMRI GIS MERGE"}, "method": {"name": "Taken with GPS Device"}, "coordinates": "{\"type\": \"Point\", \"coordinates\": [34.44942, 0.26004]}", "facility": {"code": 15817}}, {"collection_date": "2015-08-19T14:58:55.052475+00:00", "source": {"name": "KEMRI GIS MERGE"}, "method": {"name": "Taken with GPS Device"}, "coordinates": "{\"type\": \"Point\", \"coordinates\": [37.64372, -0.25735]}", "facility": {"code": 12331}}, {"collection_date": "2015-08-19T14:58:55.029377+00:00", "source": {"name": "Cold Chain Inventory (MoH/PATH/WHO) - Feb 2011"}, "method": {"name": "Taken with GPS Device"}, "coordinates": "{\"type\": \"Point\", \"coordinates\": [35.45688, 0.98502]}", "facility": {"code": 14303}}, {"collection_date": "2015-08-19T14:58:55.018200+00:00", "source": {"name": "SARAM 2013"}, "method": {"name": "Taken with GPS Device"}, "coordinates": "{\"type\": \"Point\", \"coordinates\": [36.15026, -0.37397]}", "facility": {"code": 15188}}, {"collection_date": "2015-08-19T14:58:54.984639+00:00", "source": {"name": "DHMT"}, "method": {"name": "Taken with GPS Device"}, "coordinates": "{\"type\": \"Point\", \"coordinates\": [34.05126, -0.72455]}", "facility": {"code": 13920}}, {"collection_date": "2015-08-19T14:58:54.949512+00:00", "source": {"name": "KEMRI GIS MERGE"}, "method": {"name": "Taken with GPS Device"}, "coordinates": "{\"type\": \"Point\", \"coordinates\": [34.39919, 0.19947]}", "facility": {"code": 15827}}, {"collection_date": "2015-08-19T14:58:54.915234+00:00", "source": {"name": "MOH"}, "method": {"name": "Taken with GPS Device"}, "coordinates": "{\"type\": \"Point\", \"coordinates\": [35.3673, -0.554277]}", "facility": {"code": 14310}}, {"collection_date": "2015-08-19T14:58:54.895567+00:00", "source": {"name": "KEMRI GIS MERGE"}, "method": {"name": "Taken with GPS Device"}, "coordinates": "{\"type\": \"Point\", \"coordinates\": [37.09034, 0.04384]}", "facility": {"code": 15368}}, {"collection_date": "2015-08-19T14:58:54.876792+00:00", "source": {"name": "KEMRI GIS MERGE"}, "method": {"name": "Taken with GPS Device"}, "coordinates": "{\"type\": \"Point\", \"coordinates\": [35.14633, 1.3919]}", "facility": {"code": 15473}}, {"collection_date": "2015-08-19T14:58:54.849807+00:00", "source": {"name": "Cold Chain Inventory (MoH/PATH/WHO) - Feb 2011"}, "method": {"name": "Taken with GPS Device"}, "coordinates": "{\"type\": \"Point\", \"coordinates\": [34.03159, -0.46828]}", "facility": {"code": 14095}}, {"collection_date": "2015-08-19T14:58:54.815148+00:00", "source": {"name": "Cold Chain Inventory (MoH/PATH/WHO) - Feb 2011"}, "method": {"name": "Taken with GPS Device"}, "coordinates": "{\"type\": \"Point\", \"coordinates\": [34.8057, 0.55456]}", "facility": {"code": 16005}}, {"collection_date": "2015-08-19T14:58:54.776603+00:00", "source": {"name": "Sublocation Centroid Exercise of MOH/ICF Macro"}, "method": {"name": "Other"}, "coordinates": "{\"type\": \"Point\", \"coordinates\": [35.0136, 0.534214]}", "facility": {"code": 14288}}, {"collection_date": "2015-08-19T14:58:54.767479+00:00", "source": {"name": "SARAM 2013"}, "method": {"name": "Taken with GPS Device"}, "coordinates": "{\"type\": \"Point\", \"coordinates\": [34.73002, 0.63961]}", "facility": {"code": 16710}}, {"collection_date": "2015-08-19T14:58:54.747346+00:00", "source": {"name": "DHMT"}, "method": {"name": "Taken with GPS Device"}, "coordinates": "{\"type\": \"Point\", \"coordinates\": [35.30835, 0.35551]}", "facility": {"code": 15437}}, {"collection_date": "2015-08-19T14:58:54.740631+00:00", "source": {"name": "DHMT"}, "method": {"name": "Taken with GPS Device"}, "coordinates": "{\"type\": \"Point\", \"coordinates\": [34.08651, -0.47441]}", "facility": {"code": 14140}}, {"collection_date": "2015-08-19T14:58:54.670622+00:00", "source": {"name": "KEMRI GIS MERGE"}, "method": {"name": "Taken with GPS Device"}, "coordinates": "{\"type\": \"Point\", \"coordinates\": [34.54832, 0.42734]}", "facility": {"code": 15931}}, {"collection_date": "2015-08-19T14:58:54.656664+00:00", "source": {"name": "DHMT Transmara"}, "method": {"name": "Taken with GPS Device"}, "coordinates": "{\"type\": \"Point\", \"coordinates\": [34.87835, -1.00805]}", "facility": {"code": 14864}}, {"collection_date": "2015-08-19T14:58:54.604643+00:00", "source": {"name": "Sublocation Centroid Exercise of MOH/ICF Macro"}, "method": {"name": "Other"}, "coordinates": "{\"type\": \"Point\", \"coordinates\": [34.6987, 0.563612]}", "facility": {"code": 16712}}, {"collection_date": "2015-08-19T14:58:54.590532+00:00", "source": {"name": "SARAM 2013"}, "method": {"name": "Taken with GPS Device"}, "coordinates": "{\"type\": \"Point\", \"coordinates\": [35.24102, -0.41074]}", "facility": {"code": 15178}}, {"collection_date": "2015-08-19T14:58:54.585412+00:00", "source": {"name": "Cold Chain Inventory (MoH/PATH/WHO) - Feb 2011"}, "method": {"name": "Taken with GPS Device"}, "coordinates": "{\"type\": \"Point\", \"coordinates\": [34.09686, -0.57025]}", "facility": {"code": 13915}}, {"collection_date": "2015-08-19T14:58:54.373320+00:00", "source": {"name": "GPS"}, "method": {"name": "Taken with GPS Device"}, "coordinates": "{\"type\": \"Point\", \"coordinates\": [34.53606, 0.30453]}", "facility": {"code": 15977}}, {"collection_date": "2015-08-19T14:58:54.358555+00:00", "source": {"name": "DHMT"}, "method": {"name": "Taken with GPS Device"}, "coordinates": "{\"type\": \"Point\", \"coordinates\": [35.14601, 1.21231]}", "facility": {"code": 14221}}, {"collection_date": "2015-08-19T14:58:54.317208+00:00", "source": {"name": "SARAM 2013"}, "method": {"name": "Taken with GPS Device"}, "coordinates": "{\"type\": \"Point\", \"coordinates\": [36.97967, -0.14404]}", "facility": {"code": 14860}}, {"collection_date": "2015-08-19T14:58:54.261170+00:00", "source": {"name": "DHMT"}, "method": {"name": "Taken with GPS Device"}, "coordinates": "{\"type\": \"Point\", \"coordinates\": [34.28649, -0.4747]}", "facility": {"code": 14167}}, {"collection_date": "2015-08-19T14:58:54.246468+00:00", "source": {"name": "Cold Chain Inventory (MoH/PATH/WHO) - Feb 2011"}, "method": {"name": "Taken with GPS Device"}, "coordinates": "{\"type\": \"Point\", \"coordinates\": [34.33368, 0.62761]}", "facility": {"code": 15796}}, {"collection_date": "2015-08-19T14:58:54.241182+00:00", "source": {"name": "KEMRI GIS MERGE"}, "method": {"name": "Taken with GPS Device"}, "coordinates": "{\"type\": \"Point\", \"coordinates\": [34.62, 0.31]}", "facility": {"code": 15991}}, {"collection_date": "2015-08-19T14:58:54.213614+00:00", "source": {"name": "DHMT Transmara"}, "method": {"name": "Taken with GPS Device"}, "coordinates": "{\"type\": \"Point\", \"coordinates\": [35.01074, -1.24963]}", "facility": {"code": 14859}}, {"collection_date": "2015-08-19T14:58:54.183802+00:00", "source": {"name": "KEMRI GIS MERGE"}, "method": {"name": "Taken with GPS Device"}, "coordinates": "{\"type\": \"Point\", \"coordinates\": [35.12944, 0.41805]}", "facility": {"code": 14713}}, {"collection_date": "2015-08-19T14:58:54.141367+00:00", "source": {"name": "DHMT"}, "method": {"name": "Taken with GPS Device"}, "coordinates": "{\"type\": \"Point\", \"coordinates\": [33.98636, -0.47813]}", "facility": {"code": 14155}}, {"collection_date": "2015-08-19T14:58:54.116665+00:00", "source": {"name": "Cold Chain Inventory (MoH/PATH/WHO) - Feb 2011"}, "method": {"name": "Taken with GPS Device"}, "coordinates": "{\"type\": \"Point\", \"coordinates\": [34.34332, 0.69133]}", "facility": {"code": 15792}}], "model": "mfl_gis.FacilityCoordinates", "unique_fields": ["facility"]}]