[
    {
        "group": {
            "name": "County Health Records Information Officer"
        },
        "permissions": [
            {
                "codename": "add_chuservice"
            },
            {
                "codename": "change_chuservice"
            },
            {
                "codename": "delete_chuservice"
            },
            {
                "codename": "view_chuservice"
            },
            {
                "codename": "add_communityhealthunit"
            },
            {
                "codename": "can_approve_chu"
            },
            {
                "codename": "change_communityhealthunit"
            },
            {
                "codename": "delete_communityhealthunit"
            },
            {
                "codename": "view_communityhealthunit"
            },
            {
                "codename": "view_rejected_chus"
            },
            {
                "codename": "add_communityhealthunitcontact"
            },
            {
                "codename": "change_communityhealthunitcontact"
            },
            {
                "codename": "delete_communityhealthunitcontact"
            },
            {
                "codename": "view_communityhealthunitcontact"
            },
            {
                "codename": "add_communityhealthworker"
            },
            {
                "codename": "change_communityhealthworker"
            },
            {
                "codename": "delete_communityhealthworker"
            },
            {
                "codename": "view_communityhealthworker"
            },
            {
                "codename": "add_communityhealthworkercontact"
            },
            {
                "codename": "change_communityhealthworkercontact"
            },
            {
                "codename": "delete_communityhealthworkercontact"
            },
            {
                "codename": "view_communityhealthworkercontact"
            },
            {
                "codename": "add_status"
            },
            {
                "codename": "change_status"
            },
            {
                "codename": "delete_status"
            },
            {
                "codename": "view_status"
            },
            {
                "codename": "view_constituency"
            },
            {
                "codename": "view_contact"
            },
            {
                "codename": "view_contacttype"
            },
            {
                "codename": "view_county"
            },
            {
                "codename": "add_town"
            },
            {
                "codename": "change_town"
            },
            {
                "codename": "delete_town"
            },
            {
                "codename": "view_town"
            },
            {
                "codename": "add_userconstituency"
            },
            {
                "codename": "change_userconstituency"
            },
            {
                "codename": "delete_userconstituency"
            },
            {
                "codename": "add_usercontact"
            },
            {
                "codename": "change_usercontact"
            },
            {
                "codename": "delete_usercontact"
            },
            {
                "codename": "view_usercontact"
            },
            {
                "codename": "view_usercounty"
            },
            {
                "codename": "view_ward"
            },
            {
                "codename": "publish_facilities"
            },
            {
                "codename": "view_all_facility_fields"
            },
            {
                "codename": "view_classified_facilities"
            },
            {
                "codename": "view_closed_facilities"
            },
            {
                "codename": "view_facility"
            },
            {
                "codename": "view_rejected_facilities"
            },
            {
                "codename": "view_unapproved_facilities"
            },
            {
                "codename": "view_unpublished_facilities"
            },
            {
                "codename": "add_facilityapproval"
            },
            {
                "codename": "change_facilityapproval"
            },
            {
                "codename": "delete_facilityapproval"
            },
            {
                "codename": "view_facilityapproval"
            },
            {
                "codename": "view_facilitycontact"
            },
            {
                "codename": "view_facilityofficer"
            },
            {
                "codename": "view_facilityoperationstate"
            },
            {
                "codename": "view_facilityregulationstatus"
            },
            {
                "codename": "view_facilityservice"
            },
            {
                "codename": "view_facilityservicerating"
            },
            {
                "codename": "view_facilitystatus"
            },
            {
                "codename": "view_facilitytype"
            },
            {
                "codename": "view_facilityunit"
            },
            {
                "codename": "view_facilityunitregulation"
            },
            {
                "codename": "view_facilityupdates"
            },
            {
                "codename": "view_facilityupgrade"
            },
            {
                "codename": "view_owner"
            },
            {
                "codename": "view_ownertype"
            },
            {
                "codename": "view_regulatingbody"
            },
            {
                "codename": "view_regulatingbodycontact"
            },
            {
                "codename": "view_regulationstatus"
            },
            {
                "codename": "view_regulatorybodyuser"
            },
            {
                "codename": "view_constituencyboundary"
            },
            {
                "codename": "view_countyboundary"
            },
            {
                "codename": "view_facilitycoordinates"
            },
            {
                "codename": "view_geocodemethod"
            },
            {
                "codename": "view_geocodesource"
            },
            {
                "codename": "view_wardboundary"
            },
            {
                "codename": "add_mfluser"
            },
            {
                "codename": "change_mfluser"
            },
            {
                "codename": "delete_mfluser"
            },
            {
                "codename": "view_mfluser"
            }
        ]
    },
    {
        "group": {
            "name": "Sub County Health Records Information Officer"
        },
        "permissions": [
            {
                "codename": "add_chuservice"
            },
            {
                "codename": "change_chuservice"
            },
            {
                "codename": "delete_chuservice"
            },
            {
                "codename": "view_chuservice"
            },
            {
                "codename": "add_communityhealthunit"
            },
            {
                "codename": "change_communityhealthunit"
            },
            {
                "codename": "delete_communityhealthunit"
            },
            {
                "codename": "view_communityhealthunit"
            },
            {
                "codename": "view_rejected_chus"
            },
            {
                "codename": "add_communityhealthunitcontact"
            },
            {
                "codename": "change_communityhealthunitcontact"
            },
            {
                "codename": "delete_communityhealthunitcontact"
            },
            {
                "codename": "view_communityhealthunitcontact"
            },
            {
                "codename": "add_communityhealthworker"
            },
            {
                "codename": "change_communityhealthworker"
            },
            {
                "codename": "delete_communityhealthworker"
            },
            {
                "codename": "view_communityhealthworker"
            },
            {
                "codename": "add_communityhealthworkercontact"
            },
            {
                "codename": "change_communityhealthworkercontact"
            },
            {
                "codename": "delete_communityhealthworkercontact"
            },
            {
                "codename": "view_communityhealthworkercontact"
            },
            {
                "codename": "add_status"
            },
            {
                "codename": "change_status"
            },
            {
                "codename": "delete_status"
            },
            {
                "codename": "view_status"
            },
            {
                "codename": "view_constituency"
            },
            {
                "codename": "view_contact"
            },
            {
                "codename": "view_contacttype"
            },
            {
                "codename": "view_county"
            },
            {
                "codename": "add_physicaladdress"
            },
            {
                "codename": "change_physicaladdress"
            },
            {
                "codename": "delete_physicaladdress"
            },
            {
                "codename": "view_physicaladdress"
            },
            {
                "codename": "add_town"
            },
            {
                "codename": "change_town"
            },
            {
                "codename": "delete_town"
            },
            {
                "codename": "view_town"
            },
            {
                "codename": "add_usercontact"
            },
            {
                "codename": "view_ward"
            },
            {
                "codename": "add_facility"
            },
            {
                "codename": "change_facility"
            },
            {
                "codename": "delete_facility"
            },
            {
                "codename": "view_all_facility_fields"
            },
            {
                "codename": "view_classified_facilities"
            },
            {
                "codename": "view_closed_facilities"
            },
            {
                "codename": "view_facility"
            },
            {
                "codename": "view_rejected_facilities"
            },
            {
                "codename": "view_unapproved_facilities"
            },
            {
                "codename": "view_unpublished_facilities"
            },
            {
                "codename": "view_facilityapproval"
            },
            {
                "codename": "add_facilitycontact"
            },
            {
                "codename": "change_facilitycontact"
            },
            {
                "codename": "delete_facilitycontact"
            },
            {
                "codename": "view_facilitycontact"
            },
            {
                "codename": "add_facilityofficer"
            },
            {
                "codename": "change_facilityofficer"
            },
            {
                "codename": "delete_facilityofficer"
            },
            {
                "codename": "view_facilityofficer"
            },
            {
                "codename": "view_facilityoperationstate"
            },
            {
                "codename": "view_facilityregulationstatus"
            },
            {
                "codename": "add_facilityservice"
            },
            {
                "codename": "change_facilityservice"
            },
            {
                "codename": "delete_facilityservice"
            },
            {
                "codename": "view_facilityservice"
            },
            {
                "codename": "change_facilityservicerating"
            },
            {
                "codename": "view_facilityservicerating"
            },
            {
                "codename": "view_facilitystatus"
            },
            {
                "codename": "add_facilitytype"
            },
            {
                "codename": "change_facilitytype"
            },
            {
                "codename": "delete_facilitytype"
            },
            {
                "codename": "view_facilitytype"
            },
            {
                "codename": "add_facilityunit"
            },
            {
                "codename": "change_facilityunit"
            },
            {
                "codename": "delete_facilityunit"
            },
            {
                "codename": "view_facilityunit"
            },
            {
                "codename": "view_facilityunitregulation"
            },
            {
                "codename": "add_facilityupdates"
            },
            {
                "codename": "delete_facilityupdates"
            },
            {
                "codename": "view_facilityupdates"
            },
            {
                "codename": "view_facilityupgrade"
            },
            {
                "codename": "view_owner"
            },
            {
                "codename": "view_ownertype"
            },
            {
                "codename": "view_regulatingbody"
            },
            {
                "codename": "view_regulatingbodycontact"
            },
            {
                "codename": "view_regulationstatus"
            },
            {
                "codename": "view_regulatorybodyuser"
            },
            {
                "codename": "view_countyboundary"
            },
            {
                "codename": "add_facilitycoordinates"
            },
            {
                "codename": "change_facilitycoordinates"
            },
            {
                "codename": "delete_facilitycoordinates"
            },
            {
                "codename": "view_facilitycoordinates"
            },
            {
                "codename": "view_geocodemethod"
            },
            {
                "codename": "view_geocodesource"
            },
            {
                "codename": "view_wardboundary"
            },
            {
                "codename": "add_mfluser"
            },
            {
                "codename": "change_mfluser"
            },
            {
                "codename": "delete_mfluser"
            },
            {
                "codename": "view_mfluser"
            }
        ]
    },
    {
        "group": {
            "name": "Regulators"
        },
        "permissions": [
            {
                "codename": "view_all_facility_fields"
            },
            {
                "codename": "view_classified_facilities"
            },
            {
                "codename": "view_closed_facilities"
            },
            {
                "codename": "view_facility"
            },
            {
                "codename": "view_rejected_facilities"
            },
            {
                "codename": "view_unapproved_facilities"
            },
            {
                "codename": "view_unpublished_facilities"
            },
            {
                "codename": "view_facilitycontact"
            },
            {
                "codename": "view_facilityofficer"
            },
            {
                "codename": "view_facilityoperationstate"
            },
            {
                "codename": "add_facilityregulationstatus"
            },
            {
                "codename": "change_facilityregulationstatus"
            },
            {
                "codename": "delete_facilityregulationstatus"
            },
            {
                "codename": "view_facilityregulationstatus"
            },
            {
                "codename": "view_facilityservice"
            },
            {
                "codename": "view_facilityservicerating"
            },
            {
                "codename": "view_facilitystatus"
            },
            {
                "codename": "view_facilitytype"
            },
            {
                "codename": "view_facilityunit"
            },
            {
                "codename": "add_facilityunitregulation"
            },
            {
                "codename": "change_facilityunitregulation"
            },
            {
                "codename": "delete_facilityunitregulation"
            },
            {
                "codename": "view_facilityunitregulation"
            },
            {
                "codename": "view_regulatingbody"
            },
            {
                "codename": "view_regulatingbodycontact"
            },
            {
                "codename": "view_regulationstatus"
            },
            {
                "codename": "view_regulatorybodyuser"
            },
            {
                "codename": "view_facilitycoordinates"
            }
        ]
    },
    {
        "group": {
            "name": "Public Users"
        },
        "permissions": [
            {
                "codename": "view_communityhealthunit"
            },
            {
                "codename": "view_communityhealthunitcontact"
            },
            {
                "codename": "view_communityhealthworkercontact"
            },
            {
                "codename": "view_constituency"
            },
            {
                "codename": "view_contact"
            },
            {
                "codename": "view_contacttype"
            },
            {
                "codename": "view_county"
            },
            {
                "codename": "view_physicaladdress"
            },
            {
                "codename": "view_town"
            },
            {
                "codename": "view_usercontact"
            },
            {
                "codename": "view_usercounty"
            },
            {
                "codename": "view_ward"
            },
            {
                "codename": "view_facility"
            },
            {
                "codename": "view_facilitycontact"
            },
            {
                "codename": "view_facilityofficer"
            },
            {
                "codename": "view_facilityservice"
            },
            {
                "codename": "add_facilityservicerating"
            },
            {
                "codename": "view_facilityservicerating"
            },
            {
                "codename": "view_facilitystatus"
            },
            {
                "codename": "view_facilitytype"
            },
            {
                "codename": "view_facilityunit"
            },
            {
                "codename": "view_facilityunitregulation"
            },
            {
                "codename": "view_jobtitle"
            },
            {
                "codename": "view_officer"
            },
            {
                "codename": "view_officercontact"
            },
            {
                "codename": "view_option"
            },
            {
                "codename": "view_owner"
            },
            {
                "codename": "view_ownertype"
            },
            {
                "codename": "view_regulatingbody"
            },
            {
                "codename": "view_regulatingbodycontact"
            },
            {
                "codename": "view_regulationstatus"
            },
            {
                "codename": "view_regulatorybodyuser"
            },
            {
                "codename": "view_service"
            },
            {
                "codename": "view_servicecategory"
            },
            {
                "codename": "view_constituencyboundary"
            },
            {
                "codename": "view_countyboundary"
            },
            {
                "codename": "view_facilitycoordinates"
            },
            {
                "codename": "view_geocodemethod"
            },
            {
                "codename": "view_geocodesource"
            },
            {
                "codename": "view_wardboundary"
            },
            {
                "codename": "view_worldborder"
            },
            {
                "codename": "view_mfloauthapplication"
            }
        ]
    },
    {
        "group": {
            "name": "National Administrators"
        },
        "permissions": [
            {
                "codename": "add_group"
            },
            {
                "codename": "change_group"
            },
            {
                "codename": "delete_group"
            },
            {
                "codename": "view_rejected_chus"
            },
            {
                "codename": "add_status"
            },
            {
                "codename": "change_status"
            },
            {
                "codename": "delete_status"
            },
            {
                "codename": "add_constituency"
            },
            {
                "codename": "change_constituency"
            },
            {
                "codename": "delete_constituency"
            },
            {
                "codename": "view_constituency"
            },
            {
                "codename": "add_contacttype"
            },
            {
                "codename": "change_contacttype"
            },
            {
                "codename": "delete_contacttype"
            },
            {
                "codename": "view_contacttype"
            },
            {
                "codename": "add_county"
            },
            {
                "codename": "change_county"
            },
            {
                "codename": "delete_county"
            },
            {
                "codename": "view_county"
            },
            {
                "codename": "add_documentupload"
            },
            {
                "codename": "change_documentupload"
            },
            {
                "codename": "delete_documentupload"
            },
            {
                "codename": "view_documentupload"
            },
            {
                "codename": "add_subcounty"
            },
            {
                "codename": "change_subcounty"
            },
            {
                "codename": "delete_subcounty"
            },
            {
                "codename": "view_subcounty"
            },
            {
                "codename": "add_town"
            },
            {
                "codename": "change_town"
            },
            {
                "codename": "delete_town"
            },
            {
                "codename": "view_town"
            },
            {
                "codename": "add_userconstituency"
            },
            {
                "codename": "change_userconstituency"
            },
            {
                "codename": "delete_userconstituency"
            },
            {
                "codename": "add_usercontact"
            },
            {
                "codename": "change_usercontact"
            },
            {
                "codename": "delete_usercontact"
            },
            {
                "codename": "view_usercontact"
            },
            {
                "codename": "add_usercounty"
            },
            {
                "codename": "change_usercounty"
            },
            {
                "codename": "delete_usercounty"
            },
            {
                "codename": "view_usercounty"
            },
            {
                "codename": "add_ward"
            },
            {
                "codename": "change_ward"
            },
            {
                "codename": "delete_ward"
            },
            {
                "codename": "view_ward"
            },
            {
                "codename": "change_facility"
            },
            {
                "codename": "publish_facilities"
            },
            {
                "codename": "view_all_facility_fields"
            },
            {
                "codename": "view_classified_facilities"
            },
            {
                "codename": "view_closed_facilities"
            },
            {
                "codename": "view_facility"
            },
            {
                "codename": "view_rejected_facilities"
            },
            {
                "codename": "view_unapproved_facilities"
            },
            {
                "codename": "view_unpublished_facilities"
            },
            {
                "codename": "add_facilityapproval"
            },
            {
                "codename": "change_facilityapproval"
            },
            {
                "codename": "delete_facilityapproval"
            },
            {
                "codename": "view_facilityapproval"
            },
            {
                "codename": "add_jobtitle"
            },
            {
                "codename": "change_jobtitle"
            },
            {
                "codename": "delete_jobtitle"
            },
            {
                "codename": "view_jobtitle"
            },
            {
                "codename": "add_kephlevel"
            },
            {
                "codename": "change_kephlevel"
            },
            {
                "codename": "delete_kephlevel"
            },
            {
                "codename": "view_kephlevel"
            },
            {
                "codename": "add_option"
            },
            {
                "codename": "change_option"
            },
            {
                "codename": "delete_option"
            },
            {
                "codename": "view_option"
            },
            {
                "codename": "add_owner"
            },
            {
                "codename": "change_owner"
            },
            {
                "codename": "delete_owner"
            },
            {
                "codename": "view_owner"
            },
            {
                "codename": "add_ownertype"
            },
            {
                "codename": "change_ownertype"
            },
            {
                "codename": "delete_ownertype"
            },
            {
                "codename": "view_ownertype"
            },
            {
                "codename": "add_regulatingbody"
            },
            {
                "codename": "change_regulatingbody"
            },
            {
                "codename": "delete_regulatingbody"
            },
            {
                "codename": "view_regulatingbody"
            },
            {
                "codename": "add_regulatingbodycontact"
            },
            {
                "codename": "change_regulatingbodycontact"
            },
            {
                "codename": "delete_regulatingbodycontact"
            },
            {
                "codename": "view_regulatingbodycontact"
            },
            {
                "codename": "add_regulatorybodyuser"
            },
            {
                "codename": "change_regulatorybodyuser"
            },
            {
                "codename": "delete_regulatorybodyuser"
            },
            {
                "codename": "view_regulatorybodyuser"
            },
            {
                "codename": "add_service"
            },
            {
                "codename": "change_service"
            },
            {
                "codename": "delete_service"
            },
            {
                "codename": "view_service"
            },
            {
                "codename": "add_servicecategory"
            },
            {
                "codename": "change_servicecategory"
            },
            {
                "codename": "delete_servicecategory"
            },
            {
                "codename": "view_servicecategory"
            },
            {
                "codename": "add_constituencyboundary"
            },
            {
                "codename": "change_constituencyboundary"
            },
            {
                "codename": "delete_constituencyboundary"
            },
            {
                "codename": "view_constituencyboundary"
            },
            {
                "codename": "add_countyboundary"
            },
            {
                "codename": "change_countyboundary"
            },
            {
                "codename": "delete_countyboundary"
            },
            {
                "codename": "view_countyboundary"
            },
            {
                "codename": "add_geocodemethod"
            },
            {
                "codename": "change_geocodemethod"
            },
            {
                "codename": "delete_geocodemethod"
            },
            {
                "codename": "view_geocodemethod"
            },
            {
                "codename": "add_geocodesource"
            },
            {
                "codename": "change_geocodesource"
            },
            {
                "codename": "delete_geocodesource"
            },
            {
                "codename": "view_geocodesource"
            },
            {
                "codename": "add_wardboundary"
            },
            {
                "codename": "change_wardboundary"
            },
            {
                "codename": "delete_wardboundary"
            },
            {
                "codename": "view_wardboundary"
            },
            {
                "codename": "add_mfloauthapplication"
            },
            {
                "codename": "change_mfloauthapplication"
            },
            {
                "codename": "delete_mfloauthapplication"
            },
            {
                "codename": "view_mfloauthapplication"
            },
            {
                "codename": "add_mfluser"
            },
            {
                "codename": "change_mfluser"
            },
            {
                "codename": "delete_mfluser"
            },
            {
                "codename": "view_mfluser"
            }
        ]
    },
    {
        "group": {
            "name": "Superusers"
        },
        "permissions": [
            {
                "codename": "add_emailaddress"
            },
            {
                "codename": "change_emailaddress"
            },
            {
                "codename": "delete_emailaddress"
            },
            {
                "codename": "add_emailconfirmation"
            },
            {
                "codename": "change_emailconfirmation"
            },
            {
                "codename": "delete_emailconfirmation"
            },
            {
                "codename": "add_logentry"
            },
            {
                "codename": "change_logentry"
            },
            {
                "codename": "delete_logentry"
            },
            {
                "codename": "add_group"
            },
            {
                "codename": "change_group"
            },
            {
                "codename": "delete_group"
            },
            {
                "codename": "add_permission"
            },
            {
                "codename": "change_permission"
            },
            {
                "codename": "delete_permission"
            },
            {
                "codename": "add_token"
            },
            {
                "codename": "change_token"
            },
            {
                "codename": "delete_token"
            },
            {
                "codename": "add_communityhealthunit"
            },
            {
                "codename": "change_communityhealthunit"
            },
            {
                "codename": "delete_communityhealthunit"
            },
            {
                "codename": "view_communityhealthunit"
            },
            {
                "codename": "add_communityhealthunitcontact"
            },
            {
                "codename": "change_communityhealthunitcontact"
            },
            {
                "codename": "delete_communityhealthunitcontact"
            },
            {
                "codename": "view_communityhealthunitcontact"
            },
            {
                "codename": "add_communityhealthworker"
            },
            {
                "codename": "change_communityhealthworker"
            },
            {
                "codename": "delete_communityhealthworker"
            },
            {
                "codename": "add_communityhealthworkercontact"
            },
            {
                "codename": "change_communityhealthworkercontact"
            },
            {
                "codename": "delete_communityhealthworkercontact"
            },
            {
                "codename": "view_communityhealthworkercontact"
            },
            {
                "codename": "add_status"
            },
            {
                "codename": "change_status"
            },
            {
                "codename": "delete_status"
            },
            {
                "codename": "add_constituency"
            },
            {
                "codename": "change_constituency"
            },
            {
                "codename": "delete_constituency"
            },
            {
                "codename": "view_constituency"
            },
            {
                "codename": "add_contact"
            },
            {
                "codename": "change_contact"
            },
            {
                "codename": "delete_contact"
            },
            {
                "codename": "view_contact"
            },
            {
                "codename": "add_contacttype"
            },
            {
                "codename": "change_contacttype"
            },
            {
                "codename": "delete_contacttype"
            },
            {
                "codename": "view_contacttype"
            },
            {
                "codename": "add_county"
            },
            {
                "codename": "change_county"
            },
            {
                "codename": "delete_county"
            },
            {
                "codename": "view_county"
            },
            {
                "codename": "add_physicaladdress"
            },
            {
                "codename": "change_physicaladdress"
            },
            {
                "codename": "delete_physicaladdress"
            },
            {
                "codename": "view_physicaladdress"
            },
            {
                "codename": "add_town"
            },
            {
                "codename": "change_town"
            },
            {
                "codename": "delete_town"
            },
            {
                "codename": "view_town"
            },
            {
                "codename": "add_userconstituency"
            },
            {
                "codename": "change_userconstituency"
            },
            {
                "codename": "delete_userconstituency"
            },
            {
                "codename": "add_usercontact"
            },
            {
                "codename": "change_usercontact"
            },
            {
                "codename": "delete_usercontact"
            },
            {
                "codename": "view_usercontact"
            },
            {
                "codename": "add_usercounty"
            },
            {
                "codename": "change_usercounty"
            },
            {
                "codename": "delete_usercounty"
            },
            {
                "codename": "view_usercounty"
            },
            {
                "codename": "add_ward"
            },
            {
                "codename": "change_ward"
            },
            {
                "codename": "delete_ward"
            },
            {
                "codename": "view_ward"
            },
            {
                "codename": "add_contenttype"
            },
            {
                "codename": "change_contenttype"
            },
            {
                "codename": "delete_contenttype"
            },
            {
                "codename": "add_corsmodel"
            },
            {
                "codename": "change_corsmodel"
            },
            {
                "codename": "delete_corsmodel"
            },
            {
                "codename": "add_facility"
            },
            {
                "codename": "change_facility"
            },
            {
                "codename": "delete_facility"
            },
            {
                "codename": "publish_facilities"
            },
            {
                "codename": "view_all_facility_fields"
            },
            {
                "codename": "view_classified_facilities"
            },
            {
                "codename": "view_facility"
            },
            {
                "codename": "view_unapproved_facilities"
            },
            {
                "codename": "view_unpublished_facilities"
            },
            {
                "codename": "add_facilitycontact"
            },
            {
                "codename": "change_facilitycontact"
            },
            {
                "codename": "delete_facilitycontact"
            },
            {
                "codename": "view_facilitycontact"
            },
            {
                "codename": "add_facilityofficer"
            },
            {
                "codename": "change_facilityofficer"
            },
            {
                "codename": "delete_facilityofficer"
            },
            {
                "codename": "view_facilityofficer"
            },
            {
                "codename": "add_facilityoperationstate"
            },
            {
                "codename": "change_facilityoperationstate"
            },
            {
                "codename": "delete_facilityoperationstate"
            },
            {
                "codename": "view_facilityoperationstate"
            },
            {
                "codename": "add_facilityregulationstatus"
            },
            {
                "codename": "change_facilityregulationstatus"
            },
            {
                "codename": "delete_facilityregulationstatus"
            },
            {
                "codename": "view_facilityregulationstatus"
            },
            {
                "codename": "add_facilityservice"
            },
            {
                "codename": "change_facilityservice"
            },
            {
                "codename": "delete_facilityservice"
            },
            {
                "codename": "view_facilityservice"
            },
            {
                "codename": "add_facilityservicerating"
            },
            {
                "codename": "change_facilityservicerating"
            },
            {
                "codename": "delete_facilityservicerating"
            },
            {
                "codename": "view_facilityservicerating"
            },
            {
                "codename": "add_facilitystatus"
            },
            {
                "codename": "change_facilitystatus"
            },
            {
                "codename": "delete_facilitystatus"
            },
            {
                "codename": "view_facilitystatus"
            },
            {
                "codename": "add_facilitytype"
            },
            {
                "codename": "change_facilitytype"
            },
            {
                "codename": "delete_facilitytype"
            },
            {
                "codename": "view_facilitytype"
            },
            {
                "codename": "add_facilityunit"
            },
            {
                "codename": "change_facilityunit"
            },
            {
                "codename": "delete_facilityunit"
            },
            {
                "codename": "view_facilityunit"
            },
            {
                "codename": "add_facilityunitregulation"
            },
            {
                "codename": "change_facilityunitregulation"
            },
            {
                "codename": "delete_facilityunitregulation"
            },
            {
                "codename": "view_facilityunitregulation"
            },
            {
                "codename": "add_facilityupdates"
            },
            {
                "codename": "change_facilityupdates"
            },
            {
                "codename": "delete_facilityupdates"
            },
            {
                "codename": "view_facilityupdates"
            },
            {
                "codename": "add_facilityupgrade"
            },
            {
                "codename": "change_facilityupgrade"
            },
            {
                "codename": "delete_facilityupgrade"
            },
            {
                "codename": "view_facilityupgrade"
            },
            {
                "codename": "add_jobtitle"
            },
            {
                "codename": "change_jobtitle"
            },
            {
                "codename": "delete_jobtitle"
            },
            {
                "codename": "view_jobtitle"
            },
            {
                "codename": "add_officer"
            },
            {
                "codename": "change_officer"
            },
            {
                "codename": "delete_officer"
            },
            {
                "codename": "view_officer"
            },
            {
                "codename": "add_officercontact"
            },
            {
                "codename": "change_officercontact"
            },
            {
                "codename": "delete_officercontact"
            },
            {
                "codename": "view_officercontact"
            },
            {
                "codename": "add_option"
            },
            {
                "codename": "change_option"
            },
            {
                "codename": "delete_option"
            },
            {
                "codename": "view_option"
            },
            {
                "codename": "add_owner"
            },
            {
                "codename": "change_owner"
            },
            {
                "codename": "delete_owner"
            },
            {
                "codename": "view_owner"
            },
            {
                "codename": "add_ownertype"
            },
            {
                "codename": "change_ownertype"
            },
            {
                "codename": "delete_ownertype"
            },
            {
                "codename": "view_ownertype"
            },
            {
                "codename": "add_regulatingbody"
            },
            {
                "codename": "change_regulatingbody"
            },
            {
                "codename": "delete_regulatingbody"
            },
            {
                "codename": "view_regulatingbody"
            },
            {
                "codename": "add_regulatingbodycontact"
            },
            {
                "codename": "change_regulatingbodycontact"
            },
            {
                "codename": "delete_regulatingbodycontact"
            },
            {
                "codename": "view_regulatingbodycontact"
            },
            {
                "codename": "add_regulationstatus"
            },
            {
                "codename": "change_regulationstatus"
            },
            {
                "codename": "delete_regulationstatus"
            },
            {
                "codename": "view_regulationstatus"
            },
            {
                "codename": "add_regulatorybodyuser"
            },
            {
                "codename": "change_regulatorybodyuser"
            },
            {
                "codename": "delete_regulatorybodyuser"
            },
            {
                "codename": "view_regulatorybodyuser"
            },
            {
                "codename": "add_service"
            },
            {
                "codename": "change_service"
            },
            {
                "codename": "delete_service"
            },
            {
                "codename": "view_service"
            },
            {
                "codename": "add_servicecategory"
            },
            {
                "codename": "change_servicecategory"
            },
            {
                "codename": "delete_servicecategory"
            },
            {
                "codename": "view_servicecategory"
            },
            {
                "codename": "add_constituencyboundary"
            },
            {
                "codename": "change_constituencyboundary"
            },
            {
                "codename": "delete_constituencyboundary"
            },
            {
                "codename": "view_constituencyboundary"
            },
            {
                "codename": "add_countyboundary"
            },
            {
                "codename": "change_countyboundary"
            },
            {
                "codename": "delete_countyboundary"
            },
            {
                "codename": "view_countyboundary"
            },
            {
                "codename": "add_facilitycoordinates"
            },
            {
                "codename": "change_facilitycoordinates"
            },
            {
                "codename": "delete_facilitycoordinates"
            },
            {
                "codename": "view_facilitycoordinates"
            },
            {
                "codename": "add_geocodemethod"
            },
            {
                "codename": "change_geocodemethod"
            },
            {
                "codename": "delete_geocodemethod"
            },
            {
                "codename": "view_geocodemethod"
            },
            {
                "codename": "add_geocodesource"
            },
            {
                "codename": "change_geocodesource"
            },
            {
                "codename": "delete_geocodesource"
            },
            {
                "codename": "view_geocodesource"
            },
            {
                "codename": "add_wardboundary"
            },
            {
                "codename": "change_wardboundary"
            },
            {
                "codename": "delete_wardboundary"
            },
            {
                "codename": "view_wardboundary"
            },
            {
                "codename": "add_worldborder"
            },
            {
                "codename": "change_worldborder"
            },
            {
                "codename": "delete_worldborder"
            },
            {
                "codename": "view_worldborder"
            },
            {
                "codename": "add_accesstoken"
            },
            {
                "codename": "change_accesstoken"
            },
            {
                "codename": "delete_accesstoken"
            },
            {
                "codename": "add_grant"
            },
            {
                "codename": "change_grant"
            },
            {
                "codename": "delete_grant"
            },
            {
                "codename": "add_refreshtoken"
            },
            {
                "codename": "change_refreshtoken"
            },
            {
                "codename": "delete_refreshtoken"
            },
            {
                "codename": "add_revision"
            },
            {
                "codename": "change_revision"
            },
            {
                "codename": "delete_revision"
            },
            {
                "codename": "add_version"
            },
            {
                "codename": "change_version"
            },
            {
                "codename": "delete_version"
            },
            {
                "codename": "add_session"
            },
            {
                "codename": "change_session"
            },
            {
                "codename": "delete_session"
            },
            {
                "codename": "add_site"
            },
            {
                "codename": "change_site"
            },
            {
                "codename": "delete_site"
            },
            {
                "codename": "add_mfloauthapplication"
            },
            {
                "codename": "change_mfloauthapplication"
            },
            {
                "codename": "delete_mfloauthapplication"
            },
            {
                "codename": "view_mfloauthapplication"
            },
            {
                "codename": "add_mfluser"
            },
            {
                "codename": "change_mfluser"
            },
            {
                "codename": "delete_mfluser"
            },
            {
                "codename": "view_mfluser"
            }
        ]
    },
    {
        "group": {
            "name": "Reporting Group"
        },
        "permissions": [
            {
                "codename": "view_communityhealthunit"
            },
            {
                "codename": "view_communityhealthunitcontact"
            },
            {
                "codename": "view_communityhealthworkercontact"
            },
            {
                "codename": "view_constituency"
            },
            {
                "codename": "view_contact"
            },
            {
                "codename": "view_contacttype"
            },
            {
                "codename": "view_county"
            },
            {
                "codename": "view_physicaladdress"
            },
            {
                "codename": "view_town"
            },
            {
                "codename": "view_usercontact"
            },
            {
                "codename": "view_usercounty"
            },
            {
                "codename": "view_ward"
            },
            {
                "codename": "view_facility"
            },
            {
                "codename": "view_facilitycontact"
            },
            {
                "codename": "view_facilityofficer"
            },
            {
                "codename": "view_facilityservice"
            },
            {
                "codename": "view_facilityservicerating"
            },
            {
                "codename": "view_facilitystatus"
            },
            {
                "codename": "view_facilitytype"
            },
            {
                "codename": "view_facilityunit"
            },
            {
                "codename": "view_facilityunitregulation"
            },
            {
                "codename": "view_jobtitle"
            },
            {
                "codename": "view_officer"
            },
            {
                "codename": "view_officercontact"
            },
            {
                "codename": "view_option"
            },
            {
                "codename": "view_owner"
            },
            {
                "codename": "view_ownertype"
            },
            {
                "codename": "view_regulatingbody"
            },
            {
                "codename": "view_regulatingbodycontact"
            },
            {
                "codename": "view_regulationstatus"
            },
            {
                "codename": "view_regulatorybodyuser"
            },
            {
                "codename": "view_service"
            },
            {
                "codename": "view_servicecategory"
            },
            {
                "codename": "view_constituencyboundary"
            },
            {
                "codename": "view_countyboundary"
            },
            {
                "codename": "view_facilitycoordinates"
            },
            {
                "codename": "view_geocodemethod"
            },
            {
                "codename": "view_geocodesource"
            },
            {
                "codename": "view_wardboundary"
            },
            {
                "codename": "view_worldborder"
            }
        ]
    },
    {
        "group": {
            "name": "Facility Officer Group"
        },
        "permissions": [
            {
                "codename": "view_communityhealthunit"
            },
            {
                "codename": "view_communityhealthunitcontact"
            },
            {
                "codename": "view_communityhealthworkercontact"
            },
            {
                "codename": "view_constituency"
            },
            {
                "codename": "view_contact"
            },
            {
                "codename": "view_contacttype"
            },
            {
                "codename": "view_county"
            },
            {
                "codename": "view_physicaladdress"
            },
            {
                "codename": "view_town"
            },
            {
                "codename": "view_usercontact"
            },
            {
                "codename": "view_usercounty"
            },
            {
                "codename": "view_ward"
            },
            {
                "codename": "view_facility"
            },
            {
                "codename": "view_facilitycontact"
            },
            {
                "codename": "view_facilityofficer"
            },
            {
                "codename": "view_facilityservice"
            },
            {
                "codename": "view_facilityservicerating"
            },
            {
                "codename": "view_facilitystatus"
            },
            {
                "codename": "view_facilitytype"
            },
            {
                "codename": "view_facilityunit"
            },
            {
                "codename": "view_facilityunitregulation"
            },
            {
                "codename": "view_jobtitle"
            },
            {
                "codename": "view_officer"
            },
            {
                "codename": "view_officercontact"
            },
            {
                "codename": "view_option"
            },
            {
                "codename": "view_owner"
            },
            {
                "codename": "view_ownertype"
            },
            {
                "codename": "view_regulatingbody"
            },
            {
                "codename": "view_regulatingbodycontact"
            },
            {
                "codename": "view_regulationstatus"
            },
            {
                "codename": "view_regulatorybodyuser"
            },
            {
                "codename": "view_service"
            },
            {
                "codename": "view_servicecategory"
            },
            {
                "codename": "view_constituencyboundary"
            },
            {
                "codename": "view_countyboundary"
            },
            {
                "codename": "view_facilitycoordinates"
            },
            {
                "codename": "view_geocodemethod"
            },
            {
                "codename": "view_geocodesource"
            },
            {
                "codename": "view_wardboundary"
            },
            {
                "codename": "view_worldborder"
            },
            {
                "codename": "view_mfloauthapplication"
            }
        ]
    },
    {
        "group": {
            "name": "Community Officer Group"
        },
        "permissions": []
    }
]
