[{"records": [{"facility": {"code": 18664}}, {"facility": {"code": 18663}}, {"facility": {"code": 18661}}, {"facility": {"code": 18660}}, {"facility": {"code": 18659}}, {"facility": {"code": 18658}}, {"facility": {"code": 18657}}, {"facility": {"code": 18655}}, {"facility": {"code": 18653}}, {"facility": {"code": 18651}}, {"facility": {"code": 18650}}, {"facility": {"code": 18648}}, {"facility": {"code": 18647}}, {"facility": {"code": 18646}}, {"facility": {"code": 18645}}, {"facility": {"code": 18644}}, {"facility": {"code": 18643}}, {"facility": {"code": 18635}}, {"facility": {"code": 18634}}, {"facility": {"code": 18633}}, {"facility": {"code": 18632}}, {"facility": {"code": 18631}}, {"facility": {"code": 18630}}, {"facility": {"code": 18628}}, {"facility": {"code": 18627}}, {"facility": {"code": 18626}}, {"facility": {"code": 18625}}, {"facility": {"code": 18624}}, {"facility": {"code": 18623}}, {"facility": {"code": 18622}}, {"facility": {"code": 18621}}, {"facility": {"code": 18620}}, {"facility": {"code": 18619}}, {"facility": {"code": 18618}}, {"facility": {"code": 18617}}, {"facility": {"code": 18616}}, {"facility": {"code": 18614}}, {"facility": {"code": 18613}}, {"facility": {"code": 18612}}, {"facility": {"code": 18611}}, {"facility": {"code": 18610}}, {"facility": {"code": 18608}}, {"facility": {"code": 18606}}, {"facility": {"code": 18605}}, {"facility": {"code": 18604}}, {"facility": {"code": 18603}}, {"facility": {"code": 18601}}, {"facility": {"code": 18600}}, {"facility": {"code": 18599}}, {"facility": {"code": 20651}}, {"facility": {"code": 20650}}, {"facility": {"code": 20649}}, {"facility": {"code": 20648}}, {"facility": {"code": 20646}}, {"facility": {"code": 20645}}, {"facility": {"code": 20644}}, {"facility": {"code": 20643}}, {"facility": {"code": 20641}}, {"facility": {"code": 20639}}, {"facility": {"code": 20638}}, {"facility": {"code": 20637}}, {"facility": {"code": 20636}}, {"facility": {"code": 20635}}, {"facility": {"code": 20634}}, {"facility": {"code": 20633}}, {"facility": {"code": 20632}}, {"facility": {"code": 20631}}, {"facility": {"code": 20630}}, {"facility": {"code": 20629}}, {"facility": {"code": 20628}}, {"facility": {"code": 20627}}, {"facility": {"code": 20626}}, {"facility": {"code": 20625}}, {"facility": {"code": 20624}}, {"facility": {"code": 20623}}, {"facility": {"code": 20622}}, {"facility": {"code": 20621}}, {"facility": {"code": 20620}}, {"facility": {"code": 20618}}, {"facility": {"code": 20617}}, {"facility": {"code": 20615}}, {"facility": {"code": 20614}}, {"facility": {"code": 20613}}, {"facility": {"code": 20612}}, {"facility": {"code": 20611}}, {"facility": {"code": 20610}}, {"facility": {"code": 20609}}, {"facility": {"code": 20608}}, {"facility": {"code": 20607}}, {"facility": {"code": 20606}}, {"facility": {"code": 20605}}, {"facility": {"code": 20604}}, {"facility": {"code": 20602}}, {"facility": {"code": 20601}}, {"facility": {"code": 20600}}, {"facility": {"code": 20599}}, {"facility": {"code": 20598}}, {"facility": {"code": 20597}}, {"facility": {"code": 20596}}], "unique_fields": ["facility"], "model": "facilities.FacilityApproval"}]