[{"records": [{"facility": {"code": 20354}}, {"facility": {"code": 20353}}, {"facility": {"code": 20352}}, {"facility": {"code": 20351}}, {"facility": {"code": 20350}}, {"facility": {"code": 20349}}, {"facility": {"code": 20348}}, {"facility": {"code": 20347}}, {"facility": {"code": 20346}}, {"facility": {"code": 20345}}, {"facility": {"code": 20344}}, {"facility": {"code": 18492}}, {"facility": {"code": 18491}}, {"facility": {"code": 18490}}, {"facility": {"code": 18489}}, {"facility": {"code": 18488}}, {"facility": {"code": 18486}}, {"facility": {"code": 18485}}, {"facility": {"code": 18484}}, {"facility": {"code": 18483}}, {"facility": {"code": 18482}}, {"facility": {"code": 18480}}, {"facility": {"code": 18479}}, {"facility": {"code": 18476}}, {"facility": {"code": 18475}}, {"facility": {"code": 18474}}, {"facility": {"code": 18473}}, {"facility": {"code": 18472}}, {"facility": {"code": 18471}}, {"facility": {"code": 18470}}, {"facility": {"code": 18469}}, {"facility": {"code": 18468}}, {"facility": {"code": 18465}}, {"facility": {"code": 18464}}, {"facility": {"code": 18463}}, {"facility": {"code": 18462}}, {"facility": {"code": 18461}}, {"facility": {"code": 18460}}, {"facility": {"code": 18459}}, {"facility": {"code": 18458}}, {"facility": {"code": 18457}}, {"facility": {"code": 18456}}, {"facility": {"code": 18455}}, {"facility": {"code": 18454}}, {"facility": {"code": 18453}}, {"facility": {"code": 18452}}, {"facility": {"code": 18451}}, {"facility": {"code": 18450}}, {"facility": {"code": 18449}}, {"facility": {"code": 18447}}, {"facility": {"code": 18446}}, {"facility": {"code": 18445}}, {"facility": {"code": 18444}}, {"facility": {"code": 18443}}, {"facility": {"code": 18442}}, {"facility": {"code": 18441}}, {"facility": {"code": 18440}}, {"facility": {"code": 18439}}, {"facility": {"code": 18438}}, {"facility": {"code": 18435}}, {"facility": {"code": 18434}}, {"facility": {"code": 18433}}, {"facility": {"code": 18432}}, {"facility": {"code": 18429}}, {"facility": {"code": 18428}}, {"facility": {"code": 18427}}, {"facility": {"code": 18425}}, {"facility": {"code": 18424}}, {"facility": {"code": 18423}}, {"facility": {"code": 18422}}, {"facility": {"code": 18421}}, {"facility": {"code": 18418}}, {"facility": {"code": 18417}}, {"facility": {"code": 18416}}, {"facility": {"code": 18415}}, {"facility": {"code": 18414}}, {"facility": {"code": 18413}}, {"facility": {"code": 18412}}, {"facility": {"code": 18411}}, {"facility": {"code": 18410}}, {"facility": {"code": 18409}}, {"facility": {"code": 18408}}, {"facility": {"code": 18407}}, {"facility": {"code": 18406}}, {"facility": {"code": 18405}}, {"facility": {"code": 18404}}, {"facility": {"code": 18403}}, {"facility": {"code": 18402}}, {"facility": {"code": 18401}}, {"facility": {"code": 18400}}, {"facility": {"code": 18398}}, {"facility": {"code": 18397}}, {"facility": {"code": 18396}}, {"facility": {"code": 18395}}, {"facility": {"code": 18393}}, {"facility": {"code": 18390}}, {"facility": {"code": 18383}}, {"facility": {"code": 18382}}, {"facility": {"code": 18381}}], "unique_fields": ["facility"], "model": "facilities.FacilityApproval"}]