[{"records": [{"facility": {"code": 18380}}, {"facility": {"code": 18379}}, {"facility": {"code": 18378}}, {"facility": {"code": 18377}}, {"facility": {"code": 18376}}, {"facility": {"code": 18374}}, {"facility": {"code": 18373}}, {"facility": {"code": 18372}}, {"facility": {"code": 18371}}, {"facility": {"code": 18370}}, {"facility": {"code": 18367}}, {"facility": {"code": 18364}}, {"facility": {"code": 18363}}, {"facility": {"code": 18362}}, {"facility": {"code": 18361}}, {"facility": {"code": 18360}}, {"facility": {"code": 18358}}, {"facility": {"code": 18357}}, {"facility": {"code": 18356}}, {"facility": {"code": 18355}}, {"facility": {"code": 18354}}, {"facility": {"code": 18351}}, {"facility": {"code": 18350}}, {"facility": {"code": 18349}}, {"facility": {"code": 18348}}, {"facility": {"code": 18347}}, {"facility": {"code": 18346}}, {"facility": {"code": 18345}}, {"facility": {"code": 18344}}, {"facility": {"code": 18343}}, {"facility": {"code": 18342}}, {"facility": {"code": 18340}}, {"facility": {"code": 18339}}, {"facility": {"code": 18338}}, {"facility": {"code": 18336}}, {"facility": {"code": 18335}}, {"facility": {"code": 18334}}, {"facility": {"code": 18332}}, {"facility": {"code": 18331}}, {"facility": {"code": 18330}}, {"facility": {"code": 18329}}, {"facility": {"code": 18328}}, {"facility": {"code": 18327}}, {"facility": {"code": 18326}}, {"facility": {"code": 18325}}, {"facility": {"code": 18324}}, {"facility": {"code": 18323}}, {"facility": {"code": 18322}}, {"facility": {"code": 18319}}, {"facility": {"code": 18318}}, {"facility": {"code": 18317}}, {"facility": {"code": 18316}}, {"facility": {"code": 18314}}, {"facility": {"code": 18313}}, {"facility": {"code": 18312}}, {"facility": {"code": 18311}}, {"facility": {"code": 18309}}, {"facility": {"code": 18308}}, {"facility": {"code": 18307}}, {"facility": {"code": 18305}}, {"facility": {"code": 18304}}, {"facility": {"code": 18303}}, {"facility": {"code": 18302}}, {"facility": {"code": 18301}}, {"facility": {"code": 18300}}, {"facility": {"code": 18299}}, {"facility": {"code": 18298}}, {"facility": {"code": 18297}}, {"facility": {"code": 18295}}, {"facility": {"code": 18294}}, {"facility": {"code": 18292}}, {"facility": {"code": 18291}}, {"facility": {"code": 18290}}, {"facility": {"code": 18289}}, {"facility": {"code": 18288}}, {"facility": {"code": 18287}}, {"facility": {"code": 18285}}, {"facility": {"code": 18284}}, {"facility": {"code": 18283}}, {"facility": {"code": 18282}}, {"facility": {"code": 18281}}, {"facility": {"code": 18280}}, {"facility": {"code": 18279}}, {"facility": {"code": 18278}}, {"facility": {"code": 18277}}, {"facility": {"code": 18276}}, {"facility": {"code": 18270}}, {"facility": {"code": 18269}}, {"facility": {"code": 18267}}, {"facility": {"code": 18266}}, {"facility": {"code": 18265}}, {"facility": {"code": 18264}}, {"facility": {"code": 18263}}, {"facility": {"code": 18260}}, {"facility": {"code": 18259}}, {"facility": {"code": 18258}}, {"facility": {"code": 18257}}, {"facility": {"code": 18256}}, {"facility": {"code": 18255}}], "unique_fields": ["facility"], "model": "facilities.FacilityApproval"}]