[{"records": [{"facility": {"code": 17830}}, {"facility": {"code": 17829}}, {"facility": {"code": 17828}}, {"facility": {"code": 17827}}, {"facility": {"code": 17826}}, {"facility": {"code": 17825}}, {"facility": {"code": 17822}}, {"facility": {"code": 17821}}, {"facility": {"code": 17819}}, {"facility": {"code": 17817}}, {"facility": {"code": 17816}}, {"facility": {"code": 17814}}, {"facility": {"code": 17813}}, {"facility": {"code": 17812}}, {"facility": {"code": 17811}}, {"facility": {"code": 17810}}, {"facility": {"code": 17809}}, {"facility": {"code": 17806}}, {"facility": {"code": 17805}}, {"facility": {"code": 17804}}, {"facility": {"code": 17803}}, {"facility": {"code": 17802}}, {"facility": {"code": 17801}}, {"facility": {"code": 17793}}, {"facility": {"code": 17791}}, {"facility": {"code": 17790}}, {"facility": {"code": 17785}}, {"facility": {"code": 17783}}, {"facility": {"code": 17782}}, {"facility": {"code": 17781}}, {"facility": {"code": 17780}}, {"facility": {"code": 17779}}, {"facility": {"code": 17778}}, {"facility": {"code": 17776}}, {"facility": {"code": 17774}}, {"facility": {"code": 17773}}, {"facility": {"code": 17772}}, {"facility": {"code": 17771}}, {"facility": {"code": 17770}}, {"facility": {"code": 17768}}, {"facility": {"code": 17767}}, {"facility": {"code": 17766}}, {"facility": {"code": 17765}}, {"facility": {"code": 17763}}, {"facility": {"code": 17762}}, {"facility": {"code": 17759}}, {"facility": {"code": 17758}}, {"facility": {"code": 17756}}, {"facility": {"code": 17755}}, {"facility": {"code": 17750}}, {"facility": {"code": 17748}}, {"facility": {"code": 17746}}, {"facility": {"code": 17745}}, {"facility": {"code": 17744}}, {"facility": {"code": 17743}}, {"facility": {"code": 17742}}, {"facility": {"code": 17741}}, {"facility": {"code": 17740}}, {"facility": {"code": 17739}}, {"facility": {"code": 17738}}, {"facility": {"code": 17737}}, {"facility": {"code": 17736}}, {"facility": {"code": 17735}}, {"facility": {"code": 17734}}, {"facility": {"code": 17733}}, {"facility": {"code": 17732}}, {"facility": {"code": 17731}}, {"facility": {"code": 17730}}, {"facility": {"code": 17729}}, {"facility": {"code": 17728}}, {"facility": {"code": 17727}}, {"facility": {"code": 17726}}, {"facility": {"code": 17724}}, {"facility": {"code": 17723}}, {"facility": {"code": 17722}}, {"facility": {"code": 17721}}, {"facility": {"code": 17720}}, {"facility": {"code": 17719}}, {"facility": {"code": 17718}}, {"facility": {"code": 17717}}, {"facility": {"code": 17716}}, {"facility": {"code": 17715}}, {"facility": {"code": 17712}}, {"facility": {"code": 17711}}, {"facility": {"code": 17710}}, {"facility": {"code": 17709}}, {"facility": {"code": 17707}}, {"facility": {"code": 17705}}, {"facility": {"code": 17704}}, {"facility": {"code": 17703}}, {"facility": {"code": 17700}}, {"facility": {"code": 17698}}, {"facility": {"code": 17696}}, {"facility": {"code": 17695}}, {"facility": {"code": 17694}}, {"facility": {"code": 17693}}, {"facility": {"code": 17692}}, {"facility": {"code": 17691}}, {"facility": {"code": 17690}}], "unique_fields": ["facility"], "model": "facilities.FacilityApproval"}]