[{"records": [{"facility": {"code": 17402}}, {"facility": {"code": 17401}}, {"facility": {"code": 17398}}, {"facility": {"code": 17397}}, {"facility": {"code": 17396}}, {"facility": {"code": 17394}}, {"facility": {"code": 17393}}, {"facility": {"code": 17391}}, {"facility": {"code": 17390}}, {"facility": {"code": 17389}}, {"facility": {"code": 17388}}, {"facility": {"code": 17385}}, {"facility": {"code": 17384}}, {"facility": {"code": 17383}}, {"facility": {"code": 17382}}, {"facility": {"code": 17381}}, {"facility": {"code": 17380}}, {"facility": {"code": 17379}}, {"facility": {"code": 17377}}, {"facility": {"code": 17376}}, {"facility": {"code": 17375}}, {"facility": {"code": 17374}}, {"facility": {"code": 17373}}, {"facility": {"code": 17372}}, {"facility": {"code": 17371}}, {"facility": {"code": 17370}}, {"facility": {"code": 17369}}, {"facility": {"code": 17368}}, {"facility": {"code": 17367}}, {"facility": {"code": 17366}}, {"facility": {"code": 17364}}, {"facility": {"code": 17363}}, {"facility": {"code": 17362}}, {"facility": {"code": 17361}}, {"facility": {"code": 17360}}, {"facility": {"code": 17357}}, {"facility": {"code": 17356}}, {"facility": {"code": 17355}}, {"facility": {"code": 17354}}, {"facility": {"code": 17353}}, {"facility": {"code": 17352}}, {"facility": {"code": 17351}}, {"facility": {"code": 17350}}, {"facility": {"code": 17348}}, {"facility": {"code": 17346}}, {"facility": {"code": 17345}}, {"facility": {"code": 17344}}, {"facility": {"code": 17343}}, {"facility": {"code": 17342}}, {"facility": {"code": 17340}}, {"facility": {"code": 17339}}, {"facility": {"code": 17337}}, {"facility": {"code": 17336}}, {"facility": {"code": 17335}}, {"facility": {"code": 17334}}, {"facility": {"code": 17333}}, {"facility": {"code": 17331}}, {"facility": {"code": 17328}}, {"facility": {"code": 17327}}, {"facility": {"code": 17326}}, {"facility": {"code": 17325}}, {"facility": {"code": 17324}}, {"facility": {"code": 17323}}, {"facility": {"code": 17321}}, {"facility": {"code": 17320}}, {"facility": {"code": 17319}}, {"facility": {"code": 17318}}, {"facility": {"code": 17317}}, {"facility": {"code": 17316}}, {"facility": {"code": 17313}}, {"facility": {"code": 17308}}, {"facility": {"code": 17302}}, {"facility": {"code": 17301}}, {"facility": {"code": 17300}}, {"facility": {"code": 17299}}, {"facility": {"code": 17298}}, {"facility": {"code": 17297}}, {"facility": {"code": 17296}}, {"facility": {"code": 17295}}, {"facility": {"code": 17294}}, {"facility": {"code": 17293}}, {"facility": {"code": 17292}}, {"facility": {"code": 17287}}, {"facility": {"code": 17284}}, {"facility": {"code": 17283}}, {"facility": {"code": 17282}}, {"facility": {"code": 17280}}, {"facility": {"code": 17279}}, {"facility": {"code": 17278}}, {"facility": {"code": 17277}}, {"facility": {"code": 17276}}, {"facility": {"code": 17275}}, {"facility": {"code": 17274}}, {"facility": {"code": 17273}}, {"facility": {"code": 17272}}, {"facility": {"code": 17271}}, {"facility": {"code": 17270}}, {"facility": {"code": 17269}}, {"facility": {"code": 17268}}], "unique_fields": ["facility"], "model": "facilities.FacilityApproval"}]