[{"records": [{"facility": {"code": 11552}}, {"facility": {"code": 14597}}, {"facility": {"code": 14334}}, {"facility": {"code": 14727}}, {"facility": {"code": 14592}}, {"facility": {"code": 14620}}, {"facility": {"code": 14314}}, {"facility": {"code": 14608}}, {"facility": {"code": 14830}}, {"facility": {"code": 14596}}, {"facility": {"code": 14899}}, {"facility": {"code": 14229}}, {"facility": {"code": 15510}}, {"facility": {"code": 16110}}, {"facility": {"code": 16554}}, {"facility": {"code": 15354}}, {"facility": {"code": 15711}}, {"facility": {"code": 14614}}, {"facility": {"code": 14616}}, {"facility": {"code": 14661}}, {"facility": {"code": 14638}}, {"facility": {"code": 15040}}, {"facility": {"code": 14912}}, {"facility": {"code": 12649}}, {"facility": {"code": 11981}}, {"facility": {"code": 14440}}, {"facility": {"code": 15098}}, {"facility": {"code": 14685}}, {"facility": {"code": 15416}}, {"facility": {"code": 15308}}, {"facility": {"code": 15148}}, {"facility": {"code": 15524}}, {"facility": {"code": 15481}}, {"facility": {"code": 12683}}, {"facility": {"code": 15333}}, {"facility": {"code": 15501}}, {"facility": {"code": 15646}}, {"facility": {"code": 12528}}, {"facility": {"code": 15648}}, {"facility": {"code": 15675}}, {"facility": {"code": 15634}}, {"facility": {"code": 15273}}, {"facility": {"code": 15661}}, {"facility": {"code": 15452}}, {"facility": {"code": 15662}}, {"facility": {"code": 15588}}, {"facility": {"code": 15472}}, {"facility": {"code": 15338}}, {"facility": {"code": 15548}}, {"facility": {"code": 14227}}, {"facility": {"code": 15044}}, {"facility": {"code": 15478}}, {"facility": {"code": 16329}}, {"facility": {"code": 16352}}, {"facility": {"code": 15454}}, {"facility": {"code": 11086}}, {"facility": {"code": 16669}}, {"facility": {"code": 16359}}, {"facility": {"code": 16343}}, {"facility": {"code": 15146}}, {"facility": {"code": 11909}}, {"facility": {"code": 16345}}, {"facility": {"code": 15669}}, {"facility": {"code": 14459}}, {"facility": {"code": 15394}}, {"facility": {"code": 10411}}, {"facility": {"code": 15542}}, {"facility": {"code": 15849}}, {"facility": {"code": 17060}}, {"facility": {"code": 17059}}, {"facility": {"code": 17058}}, {"facility": {"code": 17053}}, {"facility": {"code": 17052}}, {"facility": {"code": 17051}}, {"facility": {"code": 17050}}, {"facility": {"code": 17049}}, {"facility": {"code": 17048}}, {"facility": {"code": 17047}}, {"facility": {"code": 17046}}, {"facility": {"code": 17045}}, {"facility": {"code": 17043}}, {"facility": {"code": 17042}}, {"facility": {"code": 17041}}, {"facility": {"code": 17040}}, {"facility": {"code": 17039}}, {"facility": {"code": 17038}}, {"facility": {"code": 17037}}, {"facility": {"code": 17036}}, {"facility": {"code": 17034}}, {"facility": {"code": 17033}}, {"facility": {"code": 17032}}, {"facility": {"code": 17030}}, {"facility": {"code": 17029}}, {"facility": {"code": 17028}}, {"facility": {"code": 17027}}, {"facility": {"code": 17026}}, {"facility": {"code": 17025}}, {"facility": {"code": 17024}}, {"facility": {"code": 17023}}], "unique_fields": ["facility"], "model": "facilities.FacilityApproval"}]