[{"records": [{"facility": {"code": 11862}}, {"facility": {"code": 12825}}, {"facility": {"code": 16579}}, {"facility": {"code": 13301}}, {"facility": {"code": 10158}}, {"facility": {"code": 13865}}, {"facility": {"code": 12824}}, {"facility": {"code": 10475}}, {"facility": {"code": 10099}}, {"facility": {"code": 16569}}, {"facility": {"code": 15162}}, {"facility": {"code": 10529}}, {"facility": {"code": 11134}}, {"facility": {"code": 10678}}, {"facility": {"code": 11882}}, {"facility": {"code": 12715}}, {"facility": {"code": 10619}}, {"facility": {"code": 11772}}, {"facility": {"code": 10965}}, {"facility": {"code": 12753}}, {"facility": {"code": 13531}}, {"facility": {"code": 10779}}, {"facility": {"code": 11919}}, {"facility": {"code": 13276}}, {"facility": {"code": 10960}}, {"facility": {"code": 11575}}, {"facility": {"code": 11439}}, {"facility": {"code": 11431}}, {"facility": {"code": 11408}}, {"facility": {"code": 11370}}, {"facility": {"code": 10527}}, {"facility": {"code": 11747}}, {"facility": {"code": 10254}}, {"facility": {"code": 12790}}, {"facility": {"code": 11943}}, {"facility": {"code": 12764}}, {"facility": {"code": 16575}}, {"facility": {"code": 13418}}, {"facility": {"code": 16574}}, {"facility": {"code": 16638}}, {"facility": {"code": 11781}}, {"facility": {"code": 11471}}, {"facility": {"code": 12933}}, {"facility": {"code": 12726}}, {"facility": {"code": 12463}}, {"facility": {"code": 11442}}, {"facility": {"code": 11828}}, {"facility": {"code": 11849}}, {"facility": {"code": 11856}}, {"facility": {"code": 11216}}, {"facility": {"code": 11657}}, {"facility": {"code": 11615}}, {"facility": {"code": 13222}}, {"facility": {"code": 11540}}, {"facility": {"code": 11516}}, {"facility": {"code": 11440}}, {"facility": {"code": 11421}}, {"facility": {"code": 11391}}, {"facility": {"code": 11376}}, {"facility": {"code": 11291}}, {"facility": {"code": 11646}}, {"facility": {"code": 11530}}, {"facility": {"code": 13094}}, {"facility": {"code": 11222}}, {"facility": {"code": 11210}}, {"facility": {"code": 11209}}, {"facility": {"code": 11234}}, {"facility": {"code": 11221}}, {"facility": {"code": 13040}}, {"facility": {"code": 12908}}, {"facility": {"code": 20241}}, {"facility": {"code": 20240}}, {"facility": {"code": 20239}}, {"facility": {"code": 20238}}, {"facility": {"code": 20237}}, {"facility": {"code": 20236}}, {"facility": {"code": 20235}}, {"facility": {"code": 20234}}, {"facility": {"code": 20233}}, {"facility": {"code": 20232}}, {"facility": {"code": 20231}}, {"facility": {"code": 20230}}, {"facility": {"code": 20229}}, {"facility": {"code": 20227}}, {"facility": {"code": 20226}}, {"facility": {"code": 20225}}, {"facility": {"code": 20224}}, {"facility": {"code": 20223}}, {"facility": {"code": 20222}}, {"facility": {"code": 20221}}, {"facility": {"code": 20220}}, {"facility": {"code": 20218}}, {"facility": {"code": 20217}}, {"facility": {"code": 20216}}, {"facility": {"code": 20215}}, {"facility": {"code": 20214}}, {"facility": {"code": 20213}}, {"facility": {"code": 20212}}, {"facility": {"code": 20211}}], "unique_fields": ["facility"], "model": "facilities.FacilityApproval"}]