[{"records": [{"facility": {"code": 20210}}, {"facility": {"code": 20209}}, {"facility": {"code": 20208}}, {"facility": {"code": 20207}}, {"facility": {"code": 20205}}, {"facility": {"code": 20204}}, {"facility": {"code": 20202}}, {"facility": {"code": 20201}}, {"facility": {"code": 20200}}, {"facility": {"code": 20199}}, {"facility": {"code": 20198}}, {"facility": {"code": 20197}}, {"facility": {"code": 20196}}, {"facility": {"code": 20195}}, {"facility": {"code": 20194}}, {"facility": {"code": 20193}}, {"facility": {"code": 20192}}, {"facility": {"code": 20191}}, {"facility": {"code": 20190}}, {"facility": {"code": 20189}}, {"facility": {"code": 20188}}, {"facility": {"code": 20187}}, {"facility": {"code": 20186}}, {"facility": {"code": 20185}}, {"facility": {"code": 20184}}, {"facility": {"code": 20182}}, {"facility": {"code": 20181}}, {"facility": {"code": 20180}}, {"facility": {"code": 20179}}, {"facility": {"code": 20178}}, {"facility": {"code": 20177}}, {"facility": {"code": 20176}}, {"facility": {"code": 20175}}, {"facility": {"code": 20174}}, {"facility": {"code": 20172}}, {"facility": {"code": 20171}}, {"facility": {"code": 20170}}, {"facility": {"code": 20169}}, {"facility": {"code": 20168}}, {"facility": {"code": 20167}}, {"facility": {"code": 20165}}, {"facility": {"code": 20164}}, {"facility": {"code": 20162}}, {"facility": {"code": 20161}}, {"facility": {"code": 20160}}, {"facility": {"code": 20159}}, {"facility": {"code": 20158}}, {"facility": {"code": 20157}}, {"facility": {"code": 20156}}, {"facility": {"code": 20155}}, {"facility": {"code": 20154}}, {"facility": {"code": 20153}}, {"facility": {"code": 20152}}, {"facility": {"code": 20151}}, {"facility": {"code": 20150}}, {"facility": {"code": 20149}}, {"facility": {"code": 20147}}, {"facility": {"code": 20146}}, {"facility": {"code": 20145}}, {"facility": {"code": 20143}}, {"facility": {"code": 20142}}, {"facility": {"code": 11269}}, {"facility": {"code": 13079}}, {"facility": {"code": 12440}}, {"facility": {"code": 13102}}, {"facility": {"code": 13106}}, {"facility": {"code": 13142}}, {"facility": {"code": 13170}}, {"facility": {"code": 13176}}, {"facility": {"code": 13197}}, {"facility": {"code": 13198}}, {"facility": {"code": 13211}}, {"facility": {"code": 11611}}, {"facility": {"code": 11218}}, {"facility": {"code": 13038}}, {"facility": {"code": 12056}}, {"facility": {"code": 13214}}, {"facility": {"code": 11338}}, {"facility": {"code": 11692}}, {"facility": {"code": 13229}}, {"facility": {"code": 13251}}, {"facility": {"code": 13252}}, {"facility": {"code": 11890}}, {"facility": {"code": 11333}}, {"facility": {"code": 11334}}, {"facility": {"code": 11335}}, {"facility": {"code": 13021}}, {"facility": {"code": 11803}}, {"facility": {"code": 11755}}, {"facility": {"code": 12983}}, {"facility": {"code": 11661}}, {"facility": {"code": 11475}}, {"facility": {"code": 11458}}, {"facility": {"code": 11217}}, {"facility": {"code": 12999}}, {"facility": {"code": 12040}}, {"facility": {"code": 11925}}, {"facility": {"code": 12784}}, {"facility": {"code": 12318}}], "unique_fields": ["facility"], "model": "facilities.FacilityApproval"}]