[{"records": [{"facility": {"code": 10219}}, {"facility": {"code": 10446}}, {"facility": {"code": 11574}}, {"facility": {"code": 15666}}, {"facility": {"code": 10072}}, {"facility": {"code": 15475}}, {"facility": {"code": 16338}}, {"facility": {"code": 14329}}, {"facility": {"code": 15199}}, {"facility": {"code": 16330}}, {"facility": {"code": 14390}}, {"facility": {"code": 15251}}, {"facility": {"code": 11852}}, {"facility": {"code": 12331}}, {"facility": {"code": 14310}}, {"facility": {"code": 14288}}, {"facility": {"code": 14864}}, {"facility": {"code": 14221}}, {"facility": {"code": 14859}}, {"facility": {"code": 14911}}, {"facility": {"code": 15594}}, {"facility": {"code": 15011}}, {"facility": {"code": 14479}}, {"facility": {"code": 15220}}, {"facility": {"code": 14502}}, {"facility": {"code": 16512}}, {"facility": {"code": 14886}}, {"facility": {"code": 14980}}, {"facility": {"code": 14274}}, {"facility": {"code": 14994}}, {"facility": {"code": 14217}}, {"facility": {"code": 14948}}, {"facility": {"code": 14464}}, {"facility": {"code": 12588}}, {"facility": {"code": 14287}}, {"facility": {"code": 14915}}, {"facility": {"code": 15284}}, {"facility": {"code": 14406}}, {"facility": {"code": 15285}}, {"facility": {"code": 14848}}, {"facility": {"code": 14360}}, {"facility": {"code": 15299}}, {"facility": {"code": 14840}}, {"facility": {"code": 14239}}, {"facility": {"code": 15309}}, {"facility": {"code": 16645}}, {"facility": {"code": 14462}}, {"facility": {"code": 15858}}, {"facility": {"code": 12579}}, {"facility": {"code": 12757}}, {"facility": {"code": 16357}}, {"facility": {"code": 16090}}, {"facility": {"code": 15127}}, {"facility": {"code": 16462}}, {"facility": {"code": 14218}}, {"facility": {"code": 16332}}, {"facility": {"code": 16339}}, {"facility": {"code": 14219}}, {"facility": {"code": 14803}}, {"facility": {"code": 15237}}, {"facility": {"code": 16675}}, {"facility": {"code": 15697}}, {"facility": {"code": 15113}}, {"facility": {"code": 15147}}, {"facility": {"code": 14986}}, {"facility": {"code": 15369}}, {"facility": {"code": 15631}}, {"facility": {"code": 15130}}, {"facility": {"code": 12444}}, {"facility": {"code": 15128}}, {"facility": {"code": 15599}}, {"facility": {"code": 15348}}, {"facility": {"code": 15414}}, {"facility": {"code": 15809}}, {"facility": {"code": 12861}}, {"facility": {"code": 11194}}, {"facility": {"code": 12415}}, {"facility": {"code": 12749}}, {"facility": {"code": 12633}}, {"facility": {"code": 11770}}, {"facility": {"code": 13253}}, {"facility": {"code": 12863}}, {"facility": {"code": 12862}}, {"facility": {"code": 11482}}, {"facility": {"code": 12063}}, {"facility": {"code": 12068}}, {"facility": {"code": 12111}}, {"facility": {"code": 13390}}, {"facility": {"code": 16303}}, {"facility": {"code": 13366}}, {"facility": {"code": 16302}}, {"facility": {"code": 13278}}, {"facility": {"code": 13277}}, {"facility": {"code": 12880}}, {"facility": {"code": 12925}}, {"facility": {"code": 16295}}, {"facility": {"code": 16296}}, {"facility": {"code": 16297}}, {"facility": {"code": 10640}}], "unique_fields": ["facility"], "model": "facilities.FacilityApproval"}]