[{"records": [{"facility": {"code": 16639}}, {"facility": {"code": 16640}}, {"facility": {"code": 16597}}, {"facility": {"code": 10293}}, {"facility": {"code": 16623}}, {"facility": {"code": 16642}}, {"facility": {"code": 12106}}, {"facility": {"code": 16304}}, {"facility": {"code": 10205}}, {"facility": {"code": 16305}}, {"facility": {"code": 16641}}, {"facility": {"code": 16635}}, {"facility": {"code": 16308}}, {"facility": {"code": 16594}}, {"facility": {"code": 16593}}, {"facility": {"code": 16592}}, {"facility": {"code": 16591}}, {"facility": {"code": 16615}}, {"facility": {"code": 16602}}, {"facility": {"code": 16631}}, {"facility": {"code": 12221}}, {"facility": {"code": 13501}}, {"facility": {"code": 16624}}, {"facility": {"code": 16618}}, {"facility": {"code": 16619}}, {"facility": {"code": 11148}}, {"facility": {"code": 16620}}, {"facility": {"code": 16621}}, {"facility": {"code": 16622}}, {"facility": {"code": 16561}}, {"facility": {"code": 16596}}, {"facility": {"code": 13605}}, {"facility": {"code": 16264}}, {"facility": {"code": 13555}}, {"facility": {"code": 11110}}, {"facility": {"code": 16747}}, {"facility": {"code": 12060}}, {"facility": {"code": 16746}}, {"facility": {"code": 10964}}, {"facility": {"code": 11000}}, {"facility": {"code": 10135}}, {"facility": {"code": 16758}}, {"facility": {"code": 16757}}, {"facility": {"code": 11188}}, {"facility": {"code": 14402}}, {"facility": {"code": 10178}}, {"facility": {"code": 10955}}, {"facility": {"code": 13508}}, {"facility": {"code": 16685}}, {"facility": {"code": 16309}}, {"facility": {"code": 16310}}, {"facility": {"code": 14266}}, {"facility": {"code": 10180}}, {"facility": {"code": 10065}}, {"facility": {"code": 16750}}, {"facility": {"code": 16226}}, {"facility": {"code": 15494}}, {"facility": {"code": 12868}}, {"facility": {"code": 10966}}, {"facility": {"code": 15313}}, {"facility": {"code": 10607}}, {"facility": {"code": 10064}}, {"facility": {"code": 16875}}, {"facility": {"code": 10886}}, {"facility": {"code": 16826}}, {"facility": {"code": 12168}}, {"facility": {"code": 16267}}, {"facility": {"code": 16256}}, {"facility": {"code": 13554}}, {"facility": {"code": 10377}}, {"facility": {"code": 16869}}, {"facility": {"code": 16825}}, {"facility": {"code": 10997}}, {"facility": {"code": 11145}}, {"facility": {"code": 16847}}, {"facility": {"code": 13835}}, {"facility": {"code": 13520}}, {"facility": {"code": 13490}}, {"facility": {"code": 16751}}, {"facility": {"code": 16838}}, {"facility": {"code": 11078}}, {"facility": {"code": 10511}}, {"facility": {"code": 10466}}, {"facility": {"code": 11049}}, {"facility": {"code": 10920}}, {"facility": {"code": 10885}}, {"facility": {"code": 10364}}, {"facility": {"code": 10606}}, {"facility": {"code": 10036}}, {"facility": {"code": 14591}}, {"facility": {"code": 10385}}, {"facility": {"code": 12872}}, {"facility": {"code": 14268}}, {"facility": {"code": 10524}}, {"facility": {"code": 10664}}, {"facility": {"code": 10769}}, {"facility": {"code": 10804}}, {"facility": {"code": 14546}}, {"facility": {"code": 14487}}], "unique_fields": ["facility"], "model": "facilities.FacilityApproval"}]