[{"records": [{"facility": {"code": 15460}}, {"facility": {"code": 12952}}, {"facility": {"code": 10172}}, {"facility": {"code": 10113}}, {"facility": {"code": 14956}}, {"facility": {"code": 12835}}, {"facility": {"code": 16634}}, {"facility": {"code": 10306}}, {"facility": {"code": 12967}}, {"facility": {"code": 12958}}, {"facility": {"code": 12949}}, {"facility": {"code": 12915}}, {"facility": {"code": 10154}}, {"facility": {"code": 10291}}, {"facility": {"code": 12873}}, {"facility": {"code": 10724}}, {"facility": {"code": 10578}}, {"facility": {"code": 15642}}, {"facility": {"code": 10934}}, {"facility": {"code": 10933}}, {"facility": {"code": 10939}}, {"facility": {"code": 10595}}, {"facility": {"code": 15504}}, {"facility": {"code": 15433}}, {"facility": {"code": 10034}}, {"facility": {"code": 10534}}, {"facility": {"code": 14529}}, {"facility": {"code": 10917}}, {"facility": {"code": 10111}}, {"facility": {"code": 10844}}, {"facility": {"code": 15782}}, {"facility": {"code": 10935}}, {"facility": {"code": 10947}}, {"facility": {"code": 15438}}, {"facility": {"code": 16225}}, {"facility": {"code": 10497}}, {"facility": {"code": 10760}}, {"facility": {"code": 16181}}, {"facility": {"code": 16509}}, {"facility": {"code": 11105}}, {"facility": {"code": 10196}}, {"facility": {"code": 16206}}, {"facility": {"code": 10553}}, {"facility": {"code": 12552}}, {"facility": {"code": 10228}}, {"facility": {"code": 10956}}, {"facility": {"code": 10370}}, {"facility": {"code": 10054}}, {"facility": {"code": 10296}}, {"facility": {"code": 10697}}, {"facility": {"code": 11712}}, {"facility": {"code": 10631}}, {"facility": {"code": 11150}}, {"facility": {"code": 12066}}, {"facility": {"code": 16208}}, {"facility": {"code": 10677}}, {"facility": {"code": 16505}}, {"facility": {"code": 11038}}, {"facility": {"code": 11624}}, {"facility": {"code": 11848}}, {"facility": {"code": 11651}}, {"facility": {"code": 10767}}, {"facility": {"code": 10600}}, {"facility": {"code": 11400}}, {"facility": {"code": 10896}}, {"facility": {"code": 12473}}, {"facility": {"code": 10889}}, {"facility": {"code": 11691}}, {"facility": {"code": 12555}}, {"facility": {"code": 10442}}, {"facility": {"code": 16211}}, {"facility": {"code": 12113}}, {"facility": {"code": 16776}}, {"facility": {"code": 11886}}, {"facility": {"code": 11192}}, {"facility": {"code": 10313}}, {"facility": {"code": 10914}}, {"facility": {"code": 10899}}, {"facility": {"code": 10380}}, {"facility": {"code": 10056}}, {"facility": {"code": 11179}}, {"facility": {"code": 10998}}, {"facility": {"code": 10323}}, {"facility": {"code": 10549}}, {"facility": {"code": 11073}}, {"facility": {"code": 11015}}, {"facility": {"code": 15806}}, {"facility": {"code": 10612}}, {"facility": {"code": 15803}}, {"facility": {"code": 10628}}, {"facility": {"code": 10185}}, {"facility": {"code": 11867}}, {"facility": {"code": 10557}}, {"facility": {"code": 16491}}, {"facility": {"code": 10676}}, {"facility": {"code": 10717}}, {"facility": {"code": 10320}}, {"facility": {"code": 14281}}, {"facility": {"code": 16499}}], "unique_fields": ["facility"], "model": "facilities.FacilityApproval"}]