[{"records": [{"facility": {"code": 10995}}, {"facility": {"code": 10416}}, {"facility": {"code": 10160}}, {"facility": {"code": 10501}}, {"facility": {"code": 10789}}, {"facility": {"code": 11111}}, {"facility": {"code": 16497}}, {"facility": {"code": 11057}}, {"facility": {"code": 10002}}, {"facility": {"code": 12218}}, {"facility": {"code": 11088}}, {"facility": {"code": 10795}}, {"facility": {"code": 10168}}, {"facility": {"code": 10363}}, {"facility": {"code": 10159}}, {"facility": {"code": 16447}}, {"facility": {"code": 10299}}, {"facility": {"code": 10206}}, {"facility": {"code": 10583}}, {"facility": {"code": 11168}}, {"facility": {"code": 13367}}, {"facility": {"code": 10104}}, {"facility": {"code": 10108}}, {"facility": {"code": 10754}}, {"facility": {"code": 12089}}, {"facility": {"code": 13460}}, {"facility": {"code": 10611}}, {"facility": {"code": 13336}}, {"facility": {"code": 10835}}, {"facility": {"code": 13326}}, {"facility": {"code": 11137}}, {"facility": {"code": 10173}}, {"facility": {"code": 10656}}, {"facility": {"code": 10278}}, {"facility": {"code": 16207}}, {"facility": {"code": 11089}}, {"facility": {"code": 10616}}, {"facility": {"code": 10240}}, {"facility": {"code": 10800}}, {"facility": {"code": 10042}}, {"facility": {"code": 10730}}, {"facility": {"code": 11157}}, {"facility": {"code": 10479}}, {"facility": {"code": 11019}}, {"facility": {"code": 10679}}, {"facility": {"code": 13315}}, {"facility": {"code": 10652}}, {"facility": {"code": 11966}}, {"facility": {"code": 11125}}, {"facility": {"code": 12124}}, {"facility": {"code": 10392}}, {"facility": {"code": 11165}}, {"facility": {"code": 10764}}, {"facility": {"code": 10605}}, {"facility": {"code": 10393}}, {"facility": {"code": 10358}}, {"facility": {"code": 16182}}, {"facility": {"code": 10741}}, {"facility": {"code": 10849}}, {"facility": {"code": 11820}}, {"facility": {"code": 10815}}, {"facility": {"code": 10047}}, {"facility": {"code": 10226}}, {"facility": {"code": 10371}}, {"facility": {"code": 10622}}, {"facility": {"code": 10430}}, {"facility": {"code": 10060}}, {"facility": {"code": 10231}}, {"facility": {"code": 10090}}, {"facility": {"code": 10709}}, {"facility": {"code": 10762}}, {"facility": {"code": 11120}}, {"facility": {"code": 12754}}, {"facility": {"code": 14461}}, {"facility": {"code": 11118}}, {"facility": {"code": 10070}}, {"facility": {"code": 12772}}, {"facility": {"code": 12108}}, {"facility": {"code": 11135}}, {"facility": {"code": 10752}}, {"facility": {"code": 11800}}, {"facility": {"code": 10372}}, {"facility": {"code": 11749}}, {"facility": {"code": 10910}}, {"facility": {"code": 12736}}, {"facility": {"code": 16188}}, {"facility": {"code": 10359}}, {"facility": {"code": 10950}}, {"facility": {"code": 10007}}, {"facility": {"code": 16496}}, {"facility": {"code": 16210}}, {"facility": {"code": 10015}}, {"facility": {"code": 10961}}, {"facility": {"code": 10949}}, {"facility": {"code": 11042}}, {"facility": {"code": 10373}}, {"facility": {"code": 10260}}, {"facility": {"code": 16506}}, {"facility": {"code": 10563}}], "unique_fields": ["facility"], "model": "facilities.FacilityApproval"}]