[{"records": [{"facility": {"code": 13340}}, {"facility": {"code": 13362}}, {"facility": {"code": 14891}}, {"facility": {"code": 11560}}, {"facility": {"code": 12321}}, {"facility": {"code": 16417}}, {"facility": {"code": 13559}}, {"facility": {"code": 15513}}, {"facility": {"code": 10443}}, {"facility": {"code": 14051}}, {"facility": {"code": 15425}}, {"facility": {"code": 13752}}, {"facility": {"code": 16266}}, {"facility": {"code": 13853}}, {"facility": {"code": 11578}}, {"facility": {"code": 11279}}, {"facility": {"code": 13932}}, {"facility": {"code": 16375}}, {"facility": {"code": 16373}}, {"facility": {"code": 16370}}, {"facility": {"code": 16369}}, {"facility": {"code": 13338}}, {"facility": {"code": 15226}}, {"facility": {"code": 13526}}, {"facility": {"code": 16290}}, {"facility": {"code": 10931}}, {"facility": {"code": 11951}}, {"facility": {"code": 14029}}, {"facility": {"code": 12388}}, {"facility": {"code": 13480}}, {"facility": {"code": 10436}}, {"facility": {"code": 14019}}, {"facility": {"code": 14526}}, {"facility": {"code": 12661}}, {"facility": {"code": 13232}}, {"facility": {"code": 11544}}, {"facility": {"code": 14046}}, {"facility": {"code": 11725}}, {"facility": {"code": 11178}}, {"facility": {"code": 12159}}, {"facility": {"code": 13826}}, {"facility": {"code": 11527}}, {"facility": {"code": 16793}}, {"facility": {"code": 11479}}, {"facility": {"code": 11464}}, {"facility": {"code": 11838}}, {"facility": {"code": 16430}}, {"facility": {"code": 15359}}, {"facility": {"code": 11687}}, {"facility": {"code": 11090}}, {"facility": {"code": 16427}}, {"facility": {"code": 13746}}, {"facility": {"code": 11778}}, {"facility": {"code": 16488}}, {"facility": {"code": 16855}}, {"facility": {"code": 16835}}, {"facility": {"code": 16880}}, {"facility": {"code": 11586}}, {"facility": {"code": 14099}}, {"facility": {"code": 12709}}, {"facility": {"code": 16853}}, {"facility": {"code": 12280}}, {"facility": {"code": 16684}}, {"facility": {"code": 12383}}, {"facility": {"code": 16395}}, {"facility": {"code": 13541}}, {"facility": {"code": 14326}}, {"facility": {"code": 16854}}, {"facility": {"code": 13683}}, {"facility": {"code": 15474}}, {"facility": {"code": 10432}}, {"facility": {"code": 12164}}, {"facility": {"code": 11580}}, {"facility": {"code": 13645}}, {"facility": {"code": 16714}}, {"facility": {"code": 15012}}, {"facility": {"code": 11304}}, {"facility": {"code": 13579}}, {"facility": {"code": 10816}}, {"facility": {"code": 16659}}, {"facility": {"code": 13385}}, {"facility": {"code": 12459}}, {"facility": {"code": 13383}}, {"facility": {"code": 13374}}, {"facility": {"code": 12550}}, {"facility": {"code": 13431}}, {"facility": {"code": 13360}}, {"facility": {"code": 20039}}, {"facility": {"code": 20038}}, {"facility": {"code": 20037}}, {"facility": {"code": 20036}}, {"facility": {"code": 20035}}, {"facility": {"code": 20034}}, {"facility": {"code": 20033}}, {"facility": {"code": 20032}}, {"facility": {"code": 20031}}, {"facility": {"code": 20030}}, {"facility": {"code": 20029}}, {"facility": {"code": 20028}}], "unique_fields": ["facility"], "model": "facilities.FacilityApproval"}]