[{"records": [{"facility": {"code": 20027}}, {"facility": {"code": 20026}}, {"facility": {"code": 20025}}, {"facility": {"code": 20024}}, {"facility": {"code": 20023}}, {"facility": {"code": 20022}}, {"facility": {"code": 20021}}, {"facility": {"code": 20020}}, {"facility": {"code": 20018}}, {"facility": {"code": 20017}}, {"facility": {"code": 20016}}, {"facility": {"code": 20015}}, {"facility": {"code": 20014}}, {"facility": {"code": 20013}}, {"facility": {"code": 20012}}, {"facility": {"code": 20011}}, {"facility": {"code": 20010}}, {"facility": {"code": 20009}}, {"facility": {"code": 20008}}, {"facility": {"code": 20007}}, {"facility": {"code": 20006}}, {"facility": {"code": 20005}}, {"facility": {"code": 20004}}, {"facility": {"code": 20003}}, {"facility": {"code": 20002}}, {"facility": {"code": 20001}}, {"facility": {"code": 20000}}, {"facility": {"code": 19999}}, {"facility": {"code": 19998}}, {"facility": {"code": 19997}}, {"facility": {"code": 19995}}, {"facility": {"code": 19994}}, {"facility": {"code": 19993}}, {"facility": {"code": 19992}}, {"facility": {"code": 19991}}, {"facility": {"code": 19990}}, {"facility": {"code": 19989}}, {"facility": {"code": 19988}}, {"facility": {"code": 19987}}, {"facility": {"code": 19986}}, {"facility": {"code": 19985}}, {"facility": {"code": 19984}}, {"facility": {"code": 19983}}, {"facility": {"code": 16151}}, {"facility": {"code": 16362}}, {"facility": {"code": 15953}}, {"facility": {"code": 16021}}, {"facility": {"code": 14965}}, {"facility": {"code": 16347}}, {"facility": {"code": 15800}}, {"facility": {"code": 15799}}, {"facility": {"code": 16160}}, {"facility": {"code": 15718}}, {"facility": {"code": 15798}}, {"facility": {"code": 14477}}, {"facility": {"code": 15114}}, {"facility": {"code": 15616}}, {"facility": {"code": 15617}}, {"facility": {"code": 15619}}, {"facility": {"code": 15678}}, {"facility": {"code": 15714}}, {"facility": {"code": 15735}}, {"facility": {"code": 15692}}, {"facility": {"code": 15747}}, {"facility": {"code": 15753}}, {"facility": {"code": 15755}}, {"facility": {"code": 15725}}, {"facility": {"code": 14442}}, {"facility": {"code": 15019}}, {"facility": {"code": 15108}}, {"facility": {"code": 16018}}, {"facility": {"code": 16103}}, {"facility": {"code": 15825}}, {"facility": {"code": 14611}}, {"facility": {"code": 15106}}, {"facility": {"code": 15945}}, {"facility": {"code": 15805}}, {"facility": {"code": 15205}}, {"facility": {"code": 14923}}, {"facility": {"code": 14920}}, {"facility": {"code": 14953}}, {"facility": {"code": 15206}}, {"facility": {"code": 14940}}, {"facility": {"code": 14867}}, {"facility": {"code": 14446}}, {"facility": {"code": 14893}}, {"facility": {"code": 15238}}, {"facility": {"code": 15208}}, {"facility": {"code": 15277}}, {"facility": {"code": 15192}}, {"facility": {"code": 14970}}, {"facility": {"code": 14997}}, {"facility": {"code": 15195}}, {"facility": {"code": 14897}}, {"facility": {"code": 15362}}, {"facility": {"code": 14580}}, {"facility": {"code": 14453}}, {"facility": {"code": 14606}}, {"facility": {"code": 14465}}], "unique_fields": ["facility"], "model": "facilities.FacilityApproval"}]