[{"records": [{"facility": {"code": 10559}}, {"facility": {"code": 10533}}, {"facility": {"code": 10790}}, {"facility": {"code": 10447}}, {"facility": {"code": 14042}}, {"facility": {"code": 13889}}, {"facility": {"code": 13308}}, {"facility": {"code": 15340}}, {"facility": {"code": 14451}}, {"facility": {"code": 10357}}, {"facility": {"code": 10642}}, {"facility": {"code": 15409}}, {"facility": {"code": 11892}}, {"facility": {"code": 10586}}, {"facility": {"code": 16445}}, {"facility": {"code": 10482}}, {"facility": {"code": 11004}}, {"facility": {"code": 13874}}, {"facility": {"code": 10558}}, {"facility": {"code": 16418}}, {"facility": {"code": 16783}}, {"facility": {"code": 13311}}, {"facility": {"code": 12662}}, {"facility": {"code": 10496}}, {"facility": {"code": 16790}}, {"facility": {"code": 14460}}, {"facility": {"code": 10234}}, {"facility": {"code": 11667}}, {"facility": {"code": 10076}}, {"facility": {"code": 12292}}, {"facility": {"code": 14091}}, {"facility": {"code": 14147}}, {"facility": {"code": 14084}}, {"facility": {"code": 16785}}, {"facility": {"code": 12178}}, {"facility": {"code": 15429}}, {"facility": {"code": 16769}}, {"facility": {"code": 11609}}, {"facility": {"code": 14448}}, {"facility": {"code": 16189}}, {"facility": {"code": 16784}}, {"facility": {"code": 12311}}, {"facility": {"code": 14071}}, {"facility": {"code": 13930}}, {"facility": {"code": 13799}}, {"facility": {"code": 15434}}, {"facility": {"code": 13634}}, {"facility": {"code": 13496}}, {"facility": {"code": 13495}}, {"facility": {"code": 11666}}, {"facility": {"code": 11493}}, {"facility": {"code": 14087}}, {"facility": {"code": 12097}}, {"facility": {"code": 11483}}, {"facility": {"code": 11618}}, {"facility": {"code": 16789}}, {"facility": {"code": 15046}}, {"facility": {"code": 14556}}, {"facility": {"code": 15419}}, {"facility": {"code": 15582}}, {"facility": {"code": 14222}}, {"facility": {"code": 13426}}, {"facility": {"code": 15403}}, {"facility": {"code": 11728}}, {"facility": {"code": 13908}}, {"facility": {"code": 10379}}, {"facility": {"code": 11802}}, {"facility": {"code": 11617}}, {"facility": {"code": 13988}}, {"facility": {"code": 16285}}, {"facility": {"code": 15395}}, {"facility": {"code": 16767}}, {"facility": {"code": 10776}}, {"facility": {"code": 11789}}, {"facility": {"code": 16765}}, {"facility": {"code": 14565}}, {"facility": {"code": 16770}}, {"facility": {"code": 15897}}, {"facility": {"code": 12281}}, {"facility": {"code": 16768}}, {"facility": {"code": 12694}}, {"facility": {"code": 16652}}, {"facility": {"code": 16649}}, {"facility": {"code": 12482}}, {"facility": {"code": 11658}}, {"facility": {"code": 10584}}, {"facility": {"code": 16393}}, {"facility": {"code": 13955}}, {"facility": {"code": 13288}}, {"facility": {"code": 11854}}, {"facility": {"code": 15109}}, {"facility": {"code": 11831}}, {"facility": {"code": 11456}}, {"facility": {"code": 15418}}, {"facility": {"code": 15182}}, {"facility": {"code": 15737}}, {"facility": {"code": 14441}}, {"facility": {"code": 13582}}, {"facility": {"code": 16293}}], "unique_fields": ["facility"], "model": "facilities.FacilityApproval"}]