[{"records": [{"facility": {"code": 10435}}, {"facility": {"code": 13686}}, {"facility": {"code": 13732}}, {"facility": {"code": 13761}}, {"facility": {"code": 13855}}, {"facility": {"code": 13952}}, {"facility": {"code": 13979}}, {"facility": {"code": 14015}}, {"facility": {"code": 16258}}, {"facility": {"code": 16259}}, {"facility": {"code": 12741}}, {"facility": {"code": 10166}}, {"facility": {"code": 13910}}, {"facility": {"code": 14957}}, {"facility": {"code": 15393}}, {"facility": {"code": 14024}}, {"facility": {"code": 13556}}, {"facility": {"code": 16200}}, {"facility": {"code": 10980}}, {"facility": {"code": 12794}}, {"facility": {"code": 10598}}, {"facility": {"code": 13619}}, {"facility": {"code": 16199}}, {"facility": {"code": 10248}}, {"facility": {"code": 11592}}, {"facility": {"code": 14118}}, {"facility": {"code": 13758}}, {"facility": {"code": 16468}}, {"facility": {"code": 10788}}, {"facility": {"code": 13849}}, {"facility": {"code": 13902}}, {"facility": {"code": 13957}}, {"facility": {"code": 13958}}, {"facility": {"code": 16114}}, {"facility": {"code": 16196}}, {"facility": {"code": 16195}}, {"facility": {"code": 14031}}, {"facility": {"code": 10041}}, {"facility": {"code": 14581}}, {"facility": {"code": 12846}}, {"facility": {"code": 16197}}, {"facility": {"code": 16280}}, {"facility": {"code": 10221}}, {"facility": {"code": 13834}}, {"facility": {"code": 14160}}, {"facility": {"code": 13648}}, {"facility": {"code": 10703}}, {"facility": {"code": 13923}}, {"facility": {"code": 13944}}, {"facility": {"code": 14962}}, {"facility": {"code": 11305}}, {"facility": {"code": 15745}}, {"facility": {"code": 10277}}, {"facility": {"code": 13243}}, {"facility": {"code": 13674}}, {"facility": {"code": 13281}}, {"facility": {"code": 14988}}, {"facility": {"code": 13710}}, {"facility": {"code": 14018}}, {"facility": {"code": 16787}}, {"facility": {"code": 16788}}, {"facility": {"code": 11563}}, {"facility": {"code": 14131}}, {"facility": {"code": 12460}}, {"facility": {"code": 14697}}, {"facility": {"code": 13499}}, {"facility": {"code": 10474}}, {"facility": {"code": 13584}}, {"facility": {"code": 10212}}, {"facility": {"code": 13846}}, {"facility": {"code": 16738}}, {"facility": {"code": 14197}}, {"facility": {"code": 10355}}, {"facility": {"code": 11254}}, {"facility": {"code": 12429}}, {"facility": {"code": 12315}}, {"facility": {"code": 11620}}, {"facility": {"code": 11640}}, {"facility": {"code": 14170}}, {"facility": {"code": 11229}}, {"facility": {"code": 16771}}, {"facility": {"code": 15316}}, {"facility": {"code": 15424}}, {"facility": {"code": 12568}}, {"facility": {"code": 14807}}, {"facility": {"code": 13382}}, {"facility": {"code": 16239}}, {"facility": {"code": 10918}}, {"facility": {"code": 15590}}, {"facility": {"code": 10421}}, {"facility": {"code": 13051}}, {"facility": {"code": 10753}}, {"facility": {"code": 10839}}, {"facility": {"code": 10711}}, {"facility": {"code": 13803}}, {"facility": {"code": 12423}}, {"facility": {"code": 13966}}, {"facility": {"code": 14038}}, {"facility": {"code": 10530}}], "unique_fields": ["facility"], "model": "facilities.FacilityApproval"}]