[{"records": [{"facility": {"code": 12162}}, {"facility": {"code": 13320}}, {"facility": {"code": 13420}}, {"facility": {"code": 15076}}, {"facility": {"code": 15992}}, {"facility": {"code": 13934}}, {"facility": {"code": 13646}}, {"facility": {"code": 12468}}, {"facility": {"code": 11380}}, {"facility": {"code": 11738}}, {"facility": {"code": 13464}}, {"facility": {"code": 14573}}, {"facility": {"code": 12509}}, {"facility": {"code": 13725}}, {"facility": {"code": 13332}}, {"facility": {"code": 12298}}, {"facility": {"code": 12740}}, {"facility": {"code": 10833}}, {"facility": {"code": 10731}}, {"facility": {"code": 13519}}, {"facility": {"code": 11756}}, {"facility": {"code": 13971}}, {"facility": {"code": 13863}}, {"facility": {"code": 15543}}, {"facility": {"code": 13305}}, {"facility": {"code": 12185}}, {"facility": {"code": 11189}}, {"facility": {"code": 12394}}, {"facility": {"code": 15882}}, {"facility": {"code": 13658}}, {"facility": {"code": 13265}}, {"facility": {"code": 16052}}, {"facility": {"code": 10434}}, {"facility": {"code": 11887}}, {"facility": {"code": 13884}}, {"facility": {"code": 11758}}, {"facility": {"code": 13511}}, {"facility": {"code": 13545}}, {"facility": {"code": 11139}}, {"facility": {"code": 12061}}, {"facility": {"code": 12818}}, {"facility": {"code": 13581}}, {"facility": {"code": 16286}}, {"facility": {"code": 13532}}, {"facility": {"code": 13872}}, {"facility": {"code": 13724}}, {"facility": {"code": 13394}}, {"facility": {"code": 15426}}, {"facility": {"code": 15917}}, {"facility": {"code": 12344}}, {"facility": {"code": 15919}}, {"facility": {"code": 10894}}, {"facility": {"code": 11532}}, {"facility": {"code": 13712}}, {"facility": {"code": 15801}}, {"facility": {"code": 12252}}, {"facility": {"code": 12553}}, {"facility": {"code": 16148}}, {"facility": {"code": 13708}}, {"facility": {"code": 10778}}, {"facility": {"code": 12665}}, {"facility": {"code": 13302}}, {"facility": {"code": 12828}}, {"facility": {"code": 15214}}, {"facility": {"code": 10429}}, {"facility": {"code": 10722}}, {"facility": {"code": 15854}}, {"facility": {"code": 14924}}, {"facility": {"code": 12803}}, {"facility": {"code": 10630}}, {"facility": {"code": 10413}}, {"facility": {"code": 11672}}, {"facility": {"code": 14001}}, {"facility": {"code": 12008}}, {"facility": {"code": 16125}}, {"facility": {"code": 10265}}, {"facility": {"code": 11009}}, {"facility": {"code": 13422}}, {"facility": {"code": 11180}}, {"facility": {"code": 14007}}, {"facility": {"code": 13364}}, {"facility": {"code": 12406}}, {"facility": {"code": 10951}}, {"facility": {"code": 13614}}, {"facility": {"code": 12296}}, {"facility": {"code": 16289}}, {"facility": {"code": 12403}}, {"facility": {"code": 13350}}, {"facility": {"code": 14312}}, {"facility": {"code": 13743}}, {"facility": {"code": 13693}}, {"facility": {"code": 13898}}, {"facility": {"code": 16437}}, {"facility": {"code": 13820}}, {"facility": {"code": 11998}}, {"facility": {"code": 13573}}, {"facility": {"code": 11983}}, {"facility": {"code": 12024}}, {"facility": {"code": 15017}}], "unique_fields": ["facility"], "model": "facilities.FacilityApproval"}]