[{"records": [{"facility": {"code": 11083}}, {"facility": {"code": 13796}}, {"facility": {"code": 10582}}, {"facility": {"code": 16390}}, {"facility": {"code": 14668}}, {"facility": {"code": 12505}}, {"facility": {"code": 12082}}, {"facility": {"code": 16861}}, {"facility": {"code": 12337}}, {"facility": {"code": 11590}}, {"facility": {"code": 11730}}, {"facility": {"code": 10262}}, {"facility": {"code": 12370}}, {"facility": {"code": 13502}}, {"facility": {"code": 12378}}, {"facility": {"code": 14324}}, {"facility": {"code": 11630}}, {"facility": {"code": 10566}}, {"facility": {"code": 11884}}, {"facility": {"code": 11293}}, {"facility": {"code": 15331}}, {"facility": {"code": 13671}}, {"facility": {"code": 12781}}, {"facility": {"code": 10222}}, {"facility": {"code": 11693}}, {"facility": {"code": 12479}}, {"facility": {"code": 11633}}, {"facility": {"code": 15892}}, {"facility": {"code": 11684}}, {"facility": {"code": 11368}}, {"facility": {"code": 12191}}, {"facility": {"code": 13697}}, {"facility": {"code": 13948}}, {"facility": {"code": 15990}}, {"facility": {"code": 12571}}, {"facility": {"code": 12421}}, {"facility": {"code": 10202}}, {"facility": {"code": 13825}}, {"facility": {"code": 12600}}, {"facility": {"code": 12226}}, {"facility": {"code": 13389}}, {"facility": {"code": 14328}}, {"facility": {"code": 13886}}, {"facility": {"code": 11453}}, {"facility": {"code": 12792}}, {"facility": {"code": 12436}}, {"facility": {"code": 11689}}, {"facility": {"code": 12495}}, {"facility": {"code": 12099}}, {"facility": {"code": 12180}}, {"facility": {"code": 13945}}, {"facility": {"code": 12396}}, {"facility": {"code": 13931}}, {"facility": {"code": 14164}}, {"facility": {"code": 11534}}, {"facility": {"code": 12220}}, {"facility": {"code": 13780}}, {"facility": {"code": 13443}}, {"facility": {"code": 10653}}, {"facility": {"code": 16055}}, {"facility": {"code": 12807}}, {"facility": {"code": 15973}}, {"facility": {"code": 13583}}, {"facility": {"code": 11481}}, {"facility": {"code": 12837}}, {"facility": {"code": 14005}}, {"facility": {"code": 12819}}, {"facility": {"code": 11784}}, {"facility": {"code": 13639}}, {"facility": {"code": 12393}}, {"facility": {"code": 12453}}, {"facility": {"code": 12146}}, {"facility": {"code": 15070}}, {"facility": {"code": 13330}}, {"facility": {"code": 10194}}, {"facility": {"code": 12381}}, {"facility": {"code": 15956}}, {"facility": {"code": 16435}}, {"facility": {"code": 10458}}, {"facility": {"code": 15920}}, {"facility": {"code": 12652}}, {"facility": {"code": 13539}}, {"facility": {"code": 15923}}, {"facility": {"code": 16254}}, {"facility": {"code": 12276}}, {"facility": {"code": 11558}}, {"facility": {"code": 15986}}, {"facility": {"code": 11952}}, {"facility": {"code": 16396}}, {"facility": {"code": 16398}}, {"facility": {"code": 16401}}, {"facility": {"code": 12916}}, {"facility": {"code": 16410}}, {"facility": {"code": 16397}}, {"facility": {"code": 16399}}, {"facility": {"code": 16400}}, {"facility": {"code": 16402}}, {"facility": {"code": 16660}}, {"facility": {"code": 11236}}], "unique_fields": ["facility"], "model": "facilities.FacilityApproval"}]