[{"records": [{"facility": {"code": 19926}}, {"facility": {"code": 19925}}, {"facility": {"code": 19924}}, {"facility": {"code": 19923}}, {"facility": {"code": 19922}}, {"facility": {"code": 19921}}, {"facility": {"code": 19920}}, {"facility": {"code": 19919}}, {"facility": {"code": 19918}}, {"facility": {"code": 19917}}, {"facility": {"code": 19916}}, {"facility": {"code": 19913}}, {"facility": {"code": 19912}}, {"facility": {"code": 19911}}, {"facility": {"code": 19910}}, {"facility": {"code": 19909}}, {"facility": {"code": 19908}}, {"facility": {"code": 19907}}, {"facility": {"code": 19906}}, {"facility": {"code": 19905}}, {"facility": {"code": 19904}}, {"facility": {"code": 19903}}, {"facility": {"code": 19902}}, {"facility": {"code": 19901}}, {"facility": {"code": 19900}}, {"facility": {"code": 19899}}, {"facility": {"code": 19898}}, {"facility": {"code": 19897}}, {"facility": {"code": 19896}}, {"facility": {"code": 19895}}, {"facility": {"code": 19894}}, {"facility": {"code": 19887}}, {"facility": {"code": 19886}}, {"facility": {"code": 19885}}, {"facility": {"code": 19884}}, {"facility": {"code": 19883}}, {"facility": {"code": 19882}}, {"facility": {"code": 19881}}, {"facility": {"code": 19880}}, {"facility": {"code": 19878}}, {"facility": {"code": 19877}}, {"facility": {"code": 19876}}, {"facility": {"code": 19875}}, {"facility": {"code": 19874}}, {"facility": {"code": 19873}}, {"facility": {"code": 19872}}, {"facility": {"code": 19871}}, {"facility": {"code": 19869}}, {"facility": {"code": 19868}}, {"facility": {"code": 19867}}, {"facility": {"code": 19866}}, {"facility": {"code": 19864}}, {"facility": {"code": 19863}}, {"facility": {"code": 19862}}, {"facility": {"code": 19861}}, {"facility": {"code": 19860}}, {"facility": {"code": 19859}}, {"facility": {"code": 19858}}, {"facility": {"code": 19857}}, {"facility": {"code": 19856}}, {"facility": {"code": 19855}}, {"facility": {"code": 19854}}, {"facility": {"code": 19853}}, {"facility": {"code": 19852}}, {"facility": {"code": 19851}}, {"facility": {"code": 19850}}, {"facility": {"code": 19849}}, {"facility": {"code": 19848}}, {"facility": {"code": 19847}}, {"facility": {"code": 19846}}, {"facility": {"code": 19845}}, {"facility": {"code": 19844}}, {"facility": {"code": 19843}}, {"facility": {"code": 19842}}, {"facility": {"code": 19841}}, {"facility": {"code": 19840}}, {"facility": {"code": 19839}}, {"facility": {"code": 14503}}, {"facility": {"code": 13624}}, {"facility": {"code": 12668}}, {"facility": {"code": 14072}}, {"facility": {"code": 14043}}, {"facility": {"code": 13547}}, {"facility": {"code": 14114}}, {"facility": {"code": 15413}}, {"facility": {"code": 15490}}, {"facility": {"code": 12433}}, {"facility": {"code": 12560}}, {"facility": {"code": 10023}}, {"facility": {"code": 14124}}, {"facility": {"code": 14463}}, {"facility": {"code": 13813}}, {"facility": {"code": 10048}}, {"facility": {"code": 13717}}, {"facility": {"code": 14055}}, {"facility": {"code": 13822}}, {"facility": {"code": 11565}}, {"facility": {"code": 12524}}, {"facility": {"code": 14166}}], "unique_fields": ["facility"], "model": "facilities.FacilityApproval"}]