[{"records": [{"facility": {"code": 10671}}, {"facility": {"code": 11237}}, {"facility": {"code": 16116}}, {"facility": {"code": 10661}}, {"facility": {"code": 10893}}, {"facility": {"code": 10657}}, {"facility": {"code": 12829}}, {"facility": {"code": 12539}}, {"facility": {"code": 10872}}, {"facility": {"code": 16465}}, {"facility": {"code": 12179}}, {"facility": {"code": 13778}}, {"facility": {"code": 15013}}, {"facility": {"code": 14054}}, {"facility": {"code": 11928}}, {"facility": {"code": 11936}}, {"facility": {"code": 14086}}, {"facility": {"code": 12717}}, {"facility": {"code": 13461}}, {"facility": {"code": 16407}}, {"facility": {"code": 11385}}, {"facility": {"code": 13153}}, {"facility": {"code": 15870}}, {"facility": {"code": 12853}}, {"facility": {"code": 14009}}, {"facility": {"code": 16074}}, {"facility": {"code": 12203}}, {"facility": {"code": 14025}}, {"facility": {"code": 13517}}, {"facility": {"code": 10829}}, {"facility": {"code": 11282}}, {"facility": {"code": 16463}}, {"facility": {"code": 15940}}, {"facility": {"code": 14404}}, {"facility": {"code": 12087}}, {"facility": {"code": 15948}}, {"facility": {"code": 12288}}, {"facility": {"code": 16438}}, {"facility": {"code": 13771}}, {"facility": {"code": 15185}}, {"facility": {"code": 14582}}, {"facility": {"code": 10338}}, {"facility": {"code": 15574}}, {"facility": {"code": 11170}}, {"facility": {"code": 10489}}, {"facility": {"code": 10655}}, {"facility": {"code": 11258}}, {"facility": {"code": 11905}}, {"facility": {"code": 11489}}, {"facility": {"code": 13226}}, {"facility": {"code": 13103}}, {"facility": {"code": 13091}}, {"facility": {"code": 13125}}, {"facility": {"code": 14951}}, {"facility": {"code": 14097}}, {"facility": {"code": 13474}}, {"facility": {"code": 13216}}, {"facility": {"code": 13159}}, {"facility": {"code": 13088}}, {"facility": {"code": 13111}}, {"facility": {"code": 13178}}, {"facility": {"code": 13137}}, {"facility": {"code": 13049}}, {"facility": {"code": 13012}}, {"facility": {"code": 13201}}, {"facility": {"code": 13200}}, {"facility": {"code": 16882}}, {"facility": {"code": 13179}}, {"facility": {"code": 15143}}, {"facility": {"code": 13256}}, {"facility": {"code": 13238}}, {"facility": {"code": 13227}}, {"facility": {"code": 13213}}, {"facility": {"code": 13112}}, {"facility": {"code": 13212}}, {"facility": {"code": 14107}}, {"facility": {"code": 13196}}, {"facility": {"code": 13622}}, {"facility": {"code": 15213}}, {"facility": {"code": 13224}}, {"facility": {"code": 13217}}, {"facility": {"code": 14839}}, {"facility": {"code": 12877}}, {"facility": {"code": 16419}}, {"facility": {"code": 15999}}, {"facility": {"code": 13359}}, {"facility": {"code": 10627}}, {"facility": {"code": 13380}}, {"facility": {"code": 13921}}, {"facility": {"code": 13298}}, {"facility": {"code": 12029}}, {"facility": {"code": 12366}}, {"facility": {"code": 12420}}, {"facility": {"code": 15876}}, {"facility": {"code": 13406}}, {"facility": {"code": 13714}}, {"facility": {"code": 13016}}, {"facility": {"code": 13880}}, {"facility": {"code": 10738}}], "unique_fields": ["facility"], "model": "facilities.FacilityApproval"}]