[{"records": [{"facility": {"code": 13540}}, {"facility": {"code": 13847}}, {"facility": {"code": 13916}}, {"facility": {"code": 12291}}, {"facility": {"code": 12544}}, {"facility": {"code": 16467}}, {"facility": {"code": 13335}}, {"facility": {"code": 13369}}, {"facility": {"code": 13726}}, {"facility": {"code": 15351}}, {"facility": {"code": 13696}}, {"facility": {"code": 16078}}, {"facility": {"code": 13745}}, {"facility": {"code": 12289}}, {"facility": {"code": 12500}}, {"facility": {"code": 13402}}, {"facility": {"code": 14036}}, {"facility": {"code": 12523}}, {"facility": {"code": 13312}}, {"facility": {"code": 12041}}, {"facility": {"code": 10565}}, {"facility": {"code": 13663}}, {"facility": {"code": 13608}}, {"facility": {"code": 11711}}, {"facility": {"code": 10609}}, {"facility": {"code": 13783}}, {"facility": {"code": 13656}}, {"facility": {"code": 13594}}, {"facility": {"code": 15051}}, {"facility": {"code": 13564}}, {"facility": {"code": 13631}}, {"facility": {"code": 13678}}, {"facility": {"code": 14058}}, {"facility": {"code": 13423}}, {"facility": {"code": 13492}}, {"facility": {"code": 13692}}, {"facility": {"code": 15126}}, {"facility": {"code": 13912}}, {"facility": {"code": 12591}}, {"facility": {"code": 13080}}, {"facility": {"code": 10368}}, {"facility": {"code": 15581}}, {"facility": {"code": 11097}}, {"facility": {"code": 15107}}, {"facility": {"code": 10924}}, {"facility": {"code": 10765}}, {"facility": {"code": 10083}}, {"facility": {"code": 13939}}, {"facility": {"code": 10903}}, {"facility": {"code": 15915}}, {"facility": {"code": 13346}}, {"facility": {"code": 13703}}, {"facility": {"code": 12438}}, {"facility": {"code": 12004}}, {"facility": {"code": 11740}}, {"facility": {"code": 12177}}, {"facility": {"code": 11289}}, {"facility": {"code": 13023}}, {"facility": {"code": 13194}}, {"facility": {"code": 14154}}, {"facility": {"code": 13764}}, {"facility": {"code": 14176}}, {"facility": {"code": 13854}}, {"facility": {"code": 13870}}, {"facility": {"code": 14171}}, {"facility": {"code": 13479}}, {"facility": {"code": 14162}}, {"facility": {"code": 14119}}, {"facility": {"code": 13650}}, {"facility": {"code": 14016}}, {"facility": {"code": 13742}}, {"facility": {"code": 13879}}, {"facility": {"code": 14169}}, {"facility": {"code": 14059}}, {"facility": {"code": 13470}}, {"facility": {"code": 13691}}, {"facility": {"code": 13842}}, {"facility": {"code": 13707}}, {"facility": {"code": 13731}}, {"facility": {"code": 13700}}, {"facility": {"code": 13949}}, {"facility": {"code": 13950}}, {"facility": {"code": 13642}}, {"facility": {"code": 13920}}, {"facility": {"code": 14095}}, {"facility": {"code": 14140}}, {"facility": {"code": 13915}}, {"facility": {"code": 14167}}, {"facility": {"code": 14155}}, {"facility": {"code": 14074}}, {"facility": {"code": 14112}}, {"facility": {"code": 13828}}, {"facility": {"code": 14150}}, {"facility": {"code": 13585}}, {"facility": {"code": 14116}}, {"facility": {"code": 13946}}, {"facility": {"code": 13951}}, {"facility": {"code": 14152}}, {"facility": {"code": 13705}}], "unique_fields": ["facility"], "model": "facilities.FacilityApproval"}]