[{"records": [{"facility": {"code": 13753}}, {"facility": {"code": 14075}}, {"facility": {"code": 13798}}, {"facility": {"code": 14130}}, {"facility": {"code": 13701}}, {"facility": {"code": 13967}}, {"facility": {"code": 14579}}, {"facility": {"code": 12467}}, {"facility": {"code": 12002}}, {"facility": {"code": 15579}}, {"facility": {"code": 14195}}, {"facility": {"code": 14593}}, {"facility": {"code": 15781}}, {"facility": {"code": 15518}}, {"facility": {"code": 14481}}, {"facility": {"code": 14885}}, {"facility": {"code": 14654}}, {"facility": {"code": 14412}}, {"facility": {"code": 12313}}, {"facility": {"code": 12727}}, {"facility": {"code": 14995}}, {"facility": {"code": 12012}}, {"facility": {"code": 15141}}, {"facility": {"code": 14637}}, {"facility": {"code": 15707}}, {"facility": {"code": 15249}}, {"facility": {"code": 15091}}, {"facility": {"code": 15053}}, {"facility": {"code": 14979}}, {"facility": {"code": 14235}}, {"facility": {"code": 15092}}, {"facility": {"code": 12384}}, {"facility": {"code": 12623}}, {"facility": {"code": 12622}}, {"facility": {"code": 12610}}, {"facility": {"code": 12596}}, {"facility": {"code": 12478}}, {"facility": {"code": 12312}}, {"facility": {"code": 12208}}, {"facility": {"code": 11933}}, {"facility": {"code": 12462}}, {"facility": {"code": 12330}}, {"facility": {"code": 12046}}, {"facility": {"code": 11957}}, {"facility": {"code": 15117}}, {"facility": {"code": 11947}}, {"facility": {"code": 12697}}, {"facility": {"code": 11917}}, {"facility": {"code": 11950}}, {"facility": {"code": 16219}}, {"facility": {"code": 15063}}, {"facility": {"code": 15031}}, {"facility": {"code": 14814}}, {"facility": {"code": 14662}}, {"facility": {"code": 15310}}, {"facility": {"code": 14636}}, {"facility": {"code": 14974}}, {"facility": {"code": 16745}}, {"facility": {"code": 11924}}, {"facility": {"code": 12513}}, {"facility": {"code": 11960}}, {"facility": {"code": 14655}}, {"facility": {"code": 15445}}, {"facility": {"code": 15731}}, {"facility": {"code": 12093}}, {"facility": {"code": 15303}}, {"facility": {"code": 15082}}, {"facility": {"code": 14643}}, {"facility": {"code": 14983}}, {"facility": {"code": 12374}}, {"facility": {"code": 12419}}, {"facility": {"code": 12484}}, {"facility": {"code": 12502}}, {"facility": {"code": 12724}}, {"facility": {"code": 15096}}, {"facility": {"code": 12207}}, {"facility": {"code": 15271}}, {"facility": {"code": 14978}}, {"facility": {"code": 14392}}, {"facility": {"code": 14473}}, {"facility": {"code": 12647}}, {"facility": {"code": 11918}}, {"facility": {"code": 15291}}, {"facility": {"code": 16737}}, {"facility": {"code": 16728}}, {"facility": {"code": 15058}}, {"facility": {"code": 16725}}, {"facility": {"code": 15054}}, {"facility": {"code": 14604}}, {"facility": {"code": 15055}}, {"facility": {"code": 14681}}, {"facility": {"code": 14996}}, {"facility": {"code": 14975}}, {"facility": {"code": 12558}}, {"facility": {"code": 12701}}, {"facility": {"code": 15315}}, {"facility": {"code": 14209}}, {"facility": {"code": 16221}}, {"facility": {"code": 16220}}], "unique_fields": ["facility"], "model": "facilities.FacilityApproval"}]