[{"records": [{"facility": {"code": 15423}}, {"facility": {"code": 15795}}, {"facility": {"code": 14369}}, {"facility": {"code": 15913}}, {"facility": {"code": 15037}}, {"facility": {"code": 14435}}, {"facility": {"code": 15769}}, {"facility": {"code": 15965}}, {"facility": {"code": 15464}}, {"facility": {"code": 10267}}, {"facility": {"code": 12604}}, {"facility": {"code": 14178}}, {"facility": {"code": 15239}}, {"facility": {"code": 14767}}, {"facility": {"code": 15167}}, {"facility": {"code": 15288}}, {"facility": {"code": 15204}}, {"facility": {"code": 16097}}, {"facility": {"code": 16450}}, {"facility": {"code": 16448}}, {"facility": {"code": 15842}}, {"facility": {"code": 15794}}, {"facility": {"code": 16159}}, {"facility": {"code": 16017}}, {"facility": {"code": 16013}}, {"facility": {"code": 16002}}, {"facility": {"code": 16449}}, {"facility": {"code": 15814}}, {"facility": {"code": 15896}}, {"facility": {"code": 15903}}, {"facility": {"code": 16044}}, {"facility": {"code": 16060}}, {"facility": {"code": 15815}}, {"facility": {"code": 16032}}, {"facility": {"code": 15928}}, {"facility": {"code": 16158}}, {"facility": {"code": 15982}}, {"facility": {"code": 15847}}, {"facility": {"code": 15879}}, {"facility": {"code": 15845}}, {"facility": {"code": 15889}}, {"facility": {"code": 16098}}, {"facility": {"code": 16157}}, {"facility": {"code": 15811}}, {"facility": {"code": 15822}}, {"facility": {"code": 16095}}, {"facility": {"code": 16131}}, {"facility": {"code": 16129}}, {"facility": {"code": 16029}}, {"facility": {"code": 16091}}, {"facility": {"code": 16141}}, {"facility": {"code": 15841}}, {"facility": {"code": 16083}}, {"facility": {"code": 15843}}, {"facility": {"code": 16089}}, {"facility": {"code": 15893}}, {"facility": {"code": 15905}}, {"facility": {"code": 15954}}, {"facility": {"code": 15863}}, {"facility": {"code": 16133}}, {"facility": {"code": 16416}}, {"facility": {"code": 16093}}, {"facility": {"code": 15951}}, {"facility": {"code": 16136}}, {"facility": {"code": 15807}}, {"facility": {"code": 16038}}, {"facility": {"code": 16142}}, {"facility": {"code": 16106}}, {"facility": {"code": 16049}}, {"facility": {"code": 15906}}, {"facility": {"code": 15818}}, {"facility": {"code": 16022}}, {"facility": {"code": 16007}}, {"facility": {"code": 16036}}, {"facility": {"code": 16084}}, {"facility": {"code": 15981}}, {"facility": {"code": 16139}}, {"facility": {"code": 15957}}, {"facility": {"code": 16009}}, {"facility": {"code": 15988}}, {"facility": {"code": 16086}}, {"facility": {"code": 16077}}, {"facility": {"code": 16051}}, {"facility": {"code": 16046}}, {"facility": {"code": 16031}}, {"facility": {"code": 15970}}, {"facility": {"code": 16000}}, {"facility": {"code": 15987}}, {"facility": {"code": 16011}}, {"facility": {"code": 16001}}, {"facility": {"code": 14770}}, {"facility": {"code": 14490}}, {"facility": {"code": 14496}}, {"facility": {"code": 14466}}, {"facility": {"code": 15134}}, {"facility": {"code": 14883}}, {"facility": {"code": 14231}}, {"facility": {"code": 14880}}, {"facility": {"code": 14548}}], "unique_fields": ["facility"], "model": "facilities.FacilityApproval"}]