[{"records": [{"facility": {"code": 13775}}, {"facility": {"code": 13220}}, {"facility": {"code": 13767}}, {"facility": {"code": 12911}}, {"facility": {"code": 14105}}, {"facility": {"code": 16244}}, {"facility": {"code": 11119}}, {"facility": {"code": 13534}}, {"facility": {"code": 12887}}, {"facility": {"code": 10422}}, {"facility": {"code": 13500}}, {"facility": {"code": 12551}}, {"facility": {"code": 14443}}, {"facility": {"code": 16094}}, {"facility": {"code": 10592}}, {"facility": {"code": 10693}}, {"facility": {"code": 10242}}, {"facility": {"code": 10561}}, {"facility": {"code": 12720}}, {"facility": {"code": 13819}}, {"facility": {"code": 16412}}, {"facility": {"code": 12725}}, {"facility": {"code": 13363}}, {"facility": {"code": 11954}}, {"facility": {"code": 17089}}, {"facility": {"code": 17090}}, {"facility": {"code": 17092}}, {"facility": {"code": 17093}}, {"facility": {"code": 17094}}, {"facility": {"code": 17095}}, {"facility": {"code": 17096}}, {"facility": {"code": 17098}}, {"facility": {"code": 17099}}, {"facility": {"code": 17100}}, {"facility": {"code": 17101}}, {"facility": {"code": 17102}}, {"facility": {"code": 17103}}, {"facility": {"code": 17104}}, {"facility": {"code": 17105}}, {"facility": {"code": 17108}}, {"facility": {"code": 17109}}, {"facility": {"code": 17110}}, {"facility": {"code": 17111}}, {"facility": {"code": 17112}}, {"facility": {"code": 17113}}, {"facility": {"code": 17114}}, {"facility": {"code": 17115}}, {"facility": {"code": 17116}}, {"facility": {"code": 17117}}, {"facility": {"code": 17118}}, {"facility": {"code": 17120}}, {"facility": {"code": 17121}}, {"facility": {"code": 17122}}, {"facility": {"code": 17123}}, {"facility": {"code": 17124}}, {"facility": {"code": 17125}}, {"facility": {"code": 17126}}, {"facility": {"code": 17127}}, {"facility": {"code": 17129}}, {"facility": {"code": 17130}}, {"facility": {"code": 17131}}, {"facility": {"code": 17132}}, {"facility": {"code": 17133}}, {"facility": {"code": 17134}}, {"facility": {"code": 17135}}, {"facility": {"code": 17136}}, {"facility": {"code": 17137}}, {"facility": {"code": 17138}}, {"facility": {"code": 17139}}, {"facility": {"code": 17142}}, {"facility": {"code": 17143}}, {"facility": {"code": 17144}}, {"facility": {"code": 17145}}, {"facility": {"code": 17147}}, {"facility": {"code": 17148}}, {"facility": {"code": 16713}}, {"facility": {"code": 15175}}, {"facility": {"code": 14190}}, {"facility": {"code": 10540}}, {"facility": {"code": 11081}}, {"facility": {"code": 10344}}, {"facility": {"code": 11058}}, {"facility": {"code": 10455}}, {"facility": {"code": 10771}}, {"facility": {"code": 10963}}, {"facility": {"code": 10976}}, {"facility": {"code": 10959}}, {"facility": {"code": 11151}}, {"facility": {"code": 10843}}, {"facility": {"code": 11020}}, {"facility": {"code": 11016}}, {"facility": {"code": 11006}}, {"facility": {"code": 11117}}, {"facility": {"code": 19837}}, {"facility": {"code": 19836}}, {"facility": {"code": 19835}}, {"facility": {"code": 19834}}, {"facility": {"code": 19833}}, {"facility": {"code": 19832}}], "unique_fields": ["facility"], "model": "facilities.FacilityApproval"}]