[{"records": [{"facility": {"code": 19831}}, {"facility": {"code": 19830}}, {"facility": {"code": 19829}}, {"facility": {"code": 19828}}, {"facility": {"code": 19827}}, {"facility": {"code": 19825}}, {"facility": {"code": 19824}}, {"facility": {"code": 19823}}, {"facility": {"code": 19822}}, {"facility": {"code": 19821}}, {"facility": {"code": 19820}}, {"facility": {"code": 19819}}, {"facility": {"code": 19818}}, {"facility": {"code": 19817}}, {"facility": {"code": 19816}}, {"facility": {"code": 19815}}, {"facility": {"code": 19814}}, {"facility": {"code": 19813}}, {"facility": {"code": 19812}}, {"facility": {"code": 19811}}, {"facility": {"code": 19810}}, {"facility": {"code": 19809}}, {"facility": {"code": 19808}}, {"facility": {"code": 19807}}, {"facility": {"code": 19806}}, {"facility": {"code": 19805}}, {"facility": {"code": 19804}}, {"facility": {"code": 19803}}, {"facility": {"code": 19802}}, {"facility": {"code": 19801}}, {"facility": {"code": 19800}}, {"facility": {"code": 19799}}, {"facility": {"code": 19798}}, {"facility": {"code": 19797}}, {"facility": {"code": 19796}}, {"facility": {"code": 19795}}, {"facility": {"code": 19794}}, {"facility": {"code": 19792}}, {"facility": {"code": 19791}}, {"facility": {"code": 19790}}, {"facility": {"code": 19789}}, {"facility": {"code": 19788}}, {"facility": {"code": 19787}}, {"facility": {"code": 19786}}, {"facility": {"code": 19785}}, {"facility": {"code": 19784}}, {"facility": {"code": 19783}}, {"facility": {"code": 19782}}, {"facility": {"code": 19781}}, {"facility": {"code": 19780}}, {"facility": {"code": 19779}}, {"facility": {"code": 19778}}, {"facility": {"code": 19777}}, {"facility": {"code": 19776}}, {"facility": {"code": 19775}}, {"facility": {"code": 19774}}, {"facility": {"code": 19773}}, {"facility": {"code": 19772}}, {"facility": {"code": 19771}}, {"facility": {"code": 19770}}, {"facility": {"code": 19769}}, {"facility": {"code": 19768}}, {"facility": {"code": 19767}}, {"facility": {"code": 19766}}, {"facility": {"code": 19765}}, {"facility": {"code": 19764}}, {"facility": {"code": 19763}}, {"facility": {"code": 19762}}, {"facility": {"code": 19761}}, {"facility": {"code": 19760}}, {"facility": {"code": 19759}}, {"facility": {"code": 19757}}, {"facility": {"code": 19756}}, {"facility": {"code": 19755}}, {"facility": {"code": 19754}}, {"facility": {"code": 19753}}, {"facility": {"code": 19752}}, {"facility": {"code": 19751}}, {"facility": {"code": 19750}}, {"facility": {"code": 19749}}, {"facility": {"code": 19748}}, {"facility": {"code": 19747}}, {"facility": {"code": 19746}}, {"facility": {"code": 19745}}, {"facility": {"code": 19744}}, {"facility": {"code": 19743}}, {"facility": {"code": 19742}}, {"facility": {"code": 19741}}, {"facility": {"code": 19740}}, {"facility": {"code": 19739}}, {"facility": {"code": 11149}}, {"facility": {"code": 14255}}, {"facility": {"code": 10618}}, {"facility": {"code": 10573}}, {"facility": {"code": 14278}}, {"facility": {"code": 14253}}, {"facility": {"code": 15407}}, {"facility": {"code": 14871}}, {"facility": {"code": 14806}}], "unique_fields": ["facility"], "model": "facilities.FacilityApproval"}]