[{"records": [{"facility": {"code": 14870}}, {"facility": {"code": 14903}}, {"facility": {"code": 11602}}, {"facility": {"code": 11915}}, {"facility": {"code": 15699}}, {"facility": {"code": 14673}}, {"facility": {"code": 14966}}, {"facility": {"code": 14322}}, {"facility": {"code": 19013}}, {"facility": {"code": 19012}}, {"facility": {"code": 19011}}, {"facility": {"code": 19010}}, {"facility": {"code": 19009}}, {"facility": {"code": 19008}}, {"facility": {"code": 19007}}, {"facility": {"code": 19006}}, {"facility": {"code": 19005}}, {"facility": {"code": 19004}}, {"facility": {"code": 19003}}, {"facility": {"code": 19002}}, {"facility": {"code": 19001}}, {"facility": {"code": 19000}}, {"facility": {"code": 18999}}, {"facility": {"code": 18998}}, {"facility": {"code": 18997}}, {"facility": {"code": 18996}}, {"facility": {"code": 18995}}, {"facility": {"code": 18994}}, {"facility": {"code": 18992}}, {"facility": {"code": 18991}}, {"facility": {"code": 18990}}, {"facility": {"code": 18988}}, {"facility": {"code": 18987}}, {"facility": {"code": 18985}}, {"facility": {"code": 18984}}, {"facility": {"code": 18979}}, {"facility": {"code": 18977}}, {"facility": {"code": 18976}}, {"facility": {"code": 18975}}, {"facility": {"code": 18972}}, {"facility": {"code": 18971}}, {"facility": {"code": 18970}}, {"facility": {"code": 18969}}, {"facility": {"code": 18968}}, {"facility": {"code": 18967}}, {"facility": {"code": 18966}}, {"facility": {"code": 18965}}, {"facility": {"code": 18964}}, {"facility": {"code": 18963}}, {"facility": {"code": 18962}}, {"facility": {"code": 18961}}, {"facility": {"code": 18960}}, {"facility": {"code": 18959}}, {"facility": {"code": 18958}}, {"facility": {"code": 18955}}, {"facility": {"code": 18954}}, {"facility": {"code": 18953}}, {"facility": {"code": 18952}}, {"facility": {"code": 18951}}, {"facility": {"code": 18948}}, {"facility": {"code": 18946}}, {"facility": {"code": 18945}}, {"facility": {"code": 18944}}, {"facility": {"code": 18943}}, {"facility": {"code": 18942}}, {"facility": {"code": 18941}}, {"facility": {"code": 18940}}, {"facility": {"code": 18939}}, {"facility": {"code": 18938}}, {"facility": {"code": 18936}}, {"facility": {"code": 18935}}, {"facility": {"code": 18934}}, {"facility": {"code": 18930}}, {"facility": {"code": 18929}}, {"facility": {"code": 18928}}, {"facility": {"code": 18927}}, {"facility": {"code": 18926}}, {"facility": {"code": 18925}}, {"facility": {"code": 18924}}, {"facility": {"code": 18922}}, {"facility": {"code": 18921}}, {"facility": {"code": 18919}}, {"facility": {"code": 18917}}, {"facility": {"code": 18916}}, {"facility": {"code": 18914}}, {"facility": {"code": 18912}}, {"facility": {"code": 18911}}, {"facility": {"code": 18909}}, {"facility": {"code": 18908}}, {"facility": {"code": 18905}}, {"facility": {"code": 18904}}, {"facility": {"code": 18903}}, {"facility": {"code": 18901}}, {"facility": {"code": 18900}}, {"facility": {"code": 18899}}, {"facility": {"code": 18898}}, {"facility": {"code": 18897}}, {"facility": {"code": 18896}}, {"facility": {"code": 18895}}], "unique_fields": ["facility"], "model": "facilities.FacilityApproval"}]