[{"records": [{"facility": {"code": 11652}}, {"facility": {"code": 11763}}, {"facility": {"code": 15933}}, {"facility": {"code": 11769}}, {"facility": {"code": 15533}}, {"facility": {"code": 14619}}, {"facility": {"code": 15035}}, {"facility": {"code": 14931}}, {"facility": {"code": 14507}}, {"facility": {"code": 14383}}, {"facility": {"code": 14718}}, {"facility": {"code": 14691}}, {"facility": {"code": 14780}}, {"facility": {"code": 14783}}, {"facility": {"code": 14684}}, {"facility": {"code": 15685}}, {"facility": {"code": 15620}}, {"facility": {"code": 16388}}, {"facility": {"code": 15228}}, {"facility": {"code": 15746}}, {"facility": {"code": 15932}}, {"facility": {"code": 15252}}, {"facility": {"code": 15099}}, {"facility": {"code": 14474}}, {"facility": {"code": 14558}}, {"facility": {"code": 16711}}, {"facility": {"code": 14303}}, {"facility": {"code": 15368}}, {"facility": {"code": 16710}}, {"facility": {"code": 16712}}, {"facility": {"code": 14860}}, {"facility": {"code": 14713}}, {"facility": {"code": 14775}}, {"facility": {"code": 14765}}, {"facility": {"code": 14787}}, {"facility": {"code": 15056}}, {"facility": {"code": 14325}}, {"facility": {"code": 14682}}, {"facility": {"code": 15307}}, {"facility": {"code": 14944}}, {"facility": {"code": 14683}}, {"facility": {"code": 14347}}, {"facility": {"code": 14656}}, {"facility": {"code": 14745}}, {"facility": {"code": 14631}}, {"facility": {"code": 14666}}, {"facility": {"code": 15084}}, {"facility": {"code": 14257}}, {"facility": {"code": 14690}}, {"facility": {"code": 14937}}, {"facility": {"code": 14898}}, {"facility": {"code": 16054}}, {"facility": {"code": 16678}}, {"facility": {"code": 16672}}, {"facility": {"code": 14536}}, {"facility": {"code": 16674}}, {"facility": {"code": 15371}}, {"facility": {"code": 16679}}, {"facility": {"code": 16648}}, {"facility": {"code": 15298}}, {"facility": {"code": 15356}}, {"facility": {"code": 16688}}, {"facility": {"code": 16689}}, {"facility": {"code": 15734}}, {"facility": {"code": 15732}}, {"facility": {"code": 14578}}, {"facility": {"code": 14220}}, {"facility": {"code": 14293}}, {"facility": {"code": 15069}}, {"facility": {"code": 14271}}, {"facility": {"code": 16723}}, {"facility": {"code": 15094}}, {"facility": {"code": 14795}}, {"facility": {"code": 14180}}, {"facility": {"code": 14835}}, {"facility": {"code": 14702}}, {"facility": {"code": 15230}}, {"facility": {"code": 15890}}, {"facility": {"code": 14987}}, {"facility": {"code": 14669}}, {"facility": {"code": 14359}}, {"facility": {"code": 15043}}, {"facility": {"code": 15085}}, {"facility": {"code": 14726}}, {"facility": {"code": 14671}}, {"facility": {"code": 16470}}, {"facility": {"code": 14972}}, {"facility": {"code": 14371}}, {"facility": {"code": 14520}}, {"facility": {"code": 14516}}, {"facility": {"code": 14296}}, {"facility": {"code": 14813}}, {"facility": {"code": 14985}}, {"facility": {"code": 16722}}, {"facility": {"code": 15382}}, {"facility": {"code": 16690}}, {"facility": {"code": 15527}}, {"facility": {"code": 11904}}, {"facility": {"code": 11903}}], "unique_fields": ["facility"], "model": "facilities.FacilityApproval"}]