[{"records": [{"facility": {"code": 16202}}, {"facility": {"code": 14137}}, {"facility": {"code": 10725}}, {"facility": {"code": 13047}}, {"facility": {"code": 12742}}, {"facility": {"code": 10182}}, {"facility": {"code": 13481}}, {"facility": {"code": 12679}}, {"facility": {"code": 10033}}, {"facility": {"code": 10187}}, {"facility": {"code": 13637}}, {"facility": {"code": 13801}}, {"facility": {"code": 14388}}, {"facility": {"code": 15002}}, {"facility": {"code": 14999}}, {"facility": {"code": 14276}}, {"facility": {"code": 14283}}, {"facility": {"code": 14295}}, {"facility": {"code": 14595}}, {"facility": {"code": 14458}}, {"facility": {"code": 14452}}, {"facility": {"code": 14285}}, {"facility": {"code": 14286}}, {"facility": {"code": 14539}}, {"facility": {"code": 14425}}, {"facility": {"code": 14605}}, {"facility": {"code": 14444}}, {"facility": {"code": 14585}}, {"facility": {"code": 14588}}, {"facility": {"code": 14506}}, {"facility": {"code": 14273}}, {"facility": {"code": 14454}}, {"facility": {"code": 14470}}, {"facility": {"code": 14471}}, {"facility": {"code": 14568}}, {"facility": {"code": 14292}}, {"facility": {"code": 14480}}, {"facility": {"code": 14528}}, {"facility": {"code": 14527}}, {"facility": {"code": 14437}}, {"facility": {"code": 14484}}, {"facility": {"code": 14499}}, {"facility": {"code": 14562}}, {"facility": {"code": 14519}}, {"facility": {"code": 14513}}, {"facility": {"code": 14514}}, {"facility": {"code": 14290}}, {"facility": {"code": 14505}}, {"facility": {"code": 14521}}, {"facility": {"code": 14522}}, {"facility": {"code": 14523}}, {"facility": {"code": 14524}}, {"facility": {"code": 14531}}, {"facility": {"code": 15621}}, {"facility": {"code": 14457}}, {"facility": {"code": 15673}}, {"facility": {"code": 15611}}, {"facility": {"code": 15613}}, {"facility": {"code": 15614}}, {"facility": {"code": 15618}}, {"facility": {"code": 14304}}, {"facility": {"code": 15624}}, {"facility": {"code": 15694}}, {"facility": {"code": 15164}}, {"facility": {"code": 15693}}, {"facility": {"code": 15674}}, {"facility": {"code": 15677}}, {"facility": {"code": 14305}}, {"facility": {"code": 14302}}, {"facility": {"code": 15700}}, {"facility": {"code": 15701}}, {"facility": {"code": 14557}}, {"facility": {"code": 15705}}, {"facility": {"code": 15708}}, {"facility": {"code": 15710}}, {"facility": {"code": 15684}}, {"facility": {"code": 15713}}, {"facility": {"code": 15715}}, {"facility": {"code": 15716}}, {"facility": {"code": 15717}}, {"facility": {"code": 15155}}, {"facility": {"code": 15727}}, {"facility": {"code": 15680}}, {"facility": {"code": 15756}}, {"facility": {"code": 15757}}, {"facility": {"code": 14284}}, {"facility": {"code": 15759}}, {"facility": {"code": 15754}}, {"facility": {"code": 14269}}, {"facility": {"code": 15751}}, {"facility": {"code": 15723}}, {"facility": {"code": 15154}}, {"facility": {"code": 14612}}, {"facility": {"code": 15724}}, {"facility": {"code": 14270}}, {"facility": {"code": 15690}}, {"facility": {"code": 15698}}, {"facility": {"code": 15752}}, {"facility": {"code": 15730}}], "unique_fields": ["facility"], "model": "facilities.FacilityApproval"}]