[{"records": [{"facility": {"code": 18892}}, {"facility": {"code": 18891}}, {"facility": {"code": 18890}}, {"facility": {"code": 18889}}, {"facility": {"code": 18888}}, {"facility": {"code": 18887}}, {"facility": {"code": 18886}}, {"facility": {"code": 18885}}, {"facility": {"code": 18884}}, {"facility": {"code": 18883}}, {"facility": {"code": 18882}}, {"facility": {"code": 18880}}, {"facility": {"code": 18879}}, {"facility": {"code": 18878}}, {"facility": {"code": 18877}}, {"facility": {"code": 18875}}, {"facility": {"code": 18874}}, {"facility": {"code": 18873}}, {"facility": {"code": 18872}}, {"facility": {"code": 18871}}, {"facility": {"code": 18870}}, {"facility": {"code": 18869}}, {"facility": {"code": 18868}}, {"facility": {"code": 18867}}, {"facility": {"code": 18866}}, {"facility": {"code": 18865}}, {"facility": {"code": 18864}}, {"facility": {"code": 18863}}, {"facility": {"code": 18862}}, {"facility": {"code": 18861}}, {"facility": {"code": 18860}}, {"facility": {"code": 18859}}, {"facility": {"code": 18858}}, {"facility": {"code": 18857}}, {"facility": {"code": 18856}}, {"facility": {"code": 18854}}, {"facility": {"code": 18853}}, {"facility": {"code": 18851}}, {"facility": {"code": 18850}}, {"facility": {"code": 18849}}, {"facility": {"code": 18848}}, {"facility": {"code": 18847}}, {"facility": {"code": 18846}}, {"facility": {"code": 18845}}, {"facility": {"code": 18844}}, {"facility": {"code": 18843}}, {"facility": {"code": 18842}}, {"facility": {"code": 18841}}, {"facility": {"code": 18840}}, {"facility": {"code": 18839}}, {"facility": {"code": 18838}}, {"facility": {"code": 18837}}, {"facility": {"code": 18836}}, {"facility": {"code": 18835}}, {"facility": {"code": 18834}}, {"facility": {"code": 18833}}, {"facility": {"code": 18832}}, {"facility": {"code": 18831}}, {"facility": {"code": 18830}}, {"facility": {"code": 18829}}, {"facility": {"code": 18828}}, {"facility": {"code": 18827}}, {"facility": {"code": 18826}}, {"facility": {"code": 18825}}, {"facility": {"code": 18824}}, {"facility": {"code": 18822}}, {"facility": {"code": 18820}}, {"facility": {"code": 18819}}, {"facility": {"code": 18817}}, {"facility": {"code": 18816}}, {"facility": {"code": 18815}}, {"facility": {"code": 18813}}, {"facility": {"code": 18812}}, {"facility": {"code": 18811}}, {"facility": {"code": 18810}}, {"facility": {"code": 18809}}, {"facility": {"code": 18808}}, {"facility": {"code": 18807}}, {"facility": {"code": 18806}}, {"facility": {"code": 18805}}, {"facility": {"code": 18802}}, {"facility": {"code": 18801}}, {"facility": {"code": 18800}}, {"facility": {"code": 18799}}, {"facility": {"code": 18798}}, {"facility": {"code": 18797}}, {"facility": {"code": 18796}}, {"facility": {"code": 18795}}, {"facility": {"code": 18794}}, {"facility": {"code": 18793}}, {"facility": {"code": 18792}}, {"facility": {"code": 18791}}, {"facility": {"code": 18790}}, {"facility": {"code": 18789}}, {"facility": {"code": 18786}}, {"facility": {"code": 18785}}, {"facility": {"code": 18784}}, {"facility": {"code": 18783}}, {"facility": {"code": 18782}}], "unique_fields": ["facility"], "model": "facilities.FacilityApproval"}]