[{"records": [{"facility": {"code": 18781}}, {"facility": {"code": 18780}}, {"facility": {"code": 18779}}, {"facility": {"code": 18778}}, {"facility": {"code": 18776}}, {"facility": {"code": 18775}}, {"facility": {"code": 18774}}, {"facility": {"code": 18773}}, {"facility": {"code": 18772}}, {"facility": {"code": 18771}}, {"facility": {"code": 18770}}, {"facility": {"code": 18769}}, {"facility": {"code": 18768}}, {"facility": {"code": 18767}}, {"facility": {"code": 18766}}, {"facility": {"code": 18765}}, {"facility": {"code": 18764}}, {"facility": {"code": 18763}}, {"facility": {"code": 18762}}, {"facility": {"code": 18761}}, {"facility": {"code": 18760}}, {"facility": {"code": 18759}}, {"facility": {"code": 18758}}, {"facility": {"code": 18757}}, {"facility": {"code": 18756}}, {"facility": {"code": 18755}}, {"facility": {"code": 18754}}, {"facility": {"code": 18753}}, {"facility": {"code": 18752}}, {"facility": {"code": 18751}}, {"facility": {"code": 18750}}, {"facility": {"code": 18749}}, {"facility": {"code": 18748}}, {"facility": {"code": 18747}}, {"facility": {"code": 18746}}, {"facility": {"code": 18745}}, {"facility": {"code": 18744}}, {"facility": {"code": 18743}}, {"facility": {"code": 18742}}, {"facility": {"code": 18741}}, {"facility": {"code": 18740}}, {"facility": {"code": 18739}}, {"facility": {"code": 18738}}, {"facility": {"code": 18737}}, {"facility": {"code": 18736}}, {"facility": {"code": 18735}}, {"facility": {"code": 18734}}, {"facility": {"code": 18733}}, {"facility": {"code": 18732}}, {"facility": {"code": 18731}}, {"facility": {"code": 18730}}, {"facility": {"code": 18729}}, {"facility": {"code": 18728}}, {"facility": {"code": 18727}}, {"facility": {"code": 18725}}, {"facility": {"code": 18724}}, {"facility": {"code": 18723}}, {"facility": {"code": 18722}}, {"facility": {"code": 18721}}, {"facility": {"code": 18720}}, {"facility": {"code": 18719}}, {"facility": {"code": 18718}}, {"facility": {"code": 18717}}, {"facility": {"code": 18716}}, {"facility": {"code": 18715}}, {"facility": {"code": 18714}}, {"facility": {"code": 18713}}, {"facility": {"code": 18712}}, {"facility": {"code": 18710}}, {"facility": {"code": 18709}}, {"facility": {"code": 18708}}, {"facility": {"code": 18707}}, {"facility": {"code": 18706}}, {"facility": {"code": 18703}}, {"facility": {"code": 18702}}, {"facility": {"code": 18701}}, {"facility": {"code": 18699}}, {"facility": {"code": 18695}}, {"facility": {"code": 18691}}, {"facility": {"code": 18690}}, {"facility": {"code": 18689}}, {"facility": {"code": 18687}}, {"facility": {"code": 18686}}, {"facility": {"code": 18684}}, {"facility": {"code": 18683}}, {"facility": {"code": 18682}}, {"facility": {"code": 18681}}, {"facility": {"code": 18680}}, {"facility": {"code": 18679}}, {"facility": {"code": 18678}}, {"facility": {"code": 18677}}, {"facility": {"code": 18676}}, {"facility": {"code": 18675}}, {"facility": {"code": 18674}}, {"facility": {"code": 18673}}, {"facility": {"code": 18671}}, {"facility": {"code": 18670}}, {"facility": {"code": 18669}}, {"facility": {"code": 18668}}], "unique_fields": ["facility"], "model": "facilities.FacilityApproval"}]