[
    {   "unique_fields": ["name"],
        "model": "facilities.RegulationStatus",
        "records": [
            {
                "name": "Registered"
            },
            {
                "name": "Licensed"
            },
            {
                "name": "Gazetted"
            },
            {
                "name": "Pending Registration"
            },
            {
                "name": "Pending License"
            },
            {
                "name": "Pending Gazettement"
            },
            {
                "name": "Pending Renewal'"
            }
        ]

    }
]
