[{"records": [{"service": {"name": "Maternity Services"}, "facility": {"code": 11483}}, {"service": {"name": "First Line Treatment"}, "facility": {"code": 11483}}, {"service": {"name": "PMTCT - Maternity"}, "facility": {"code": 11483}}, {"service": {"name": "Services for Sexual Violence Survivors"}, "facility": {"code": 16194}}, {"service": {"name": "Maternity Services"}, "facility": {"code": 16194}}, {"service": {"name": "First Line Treatment"}, "facility": {"code": 16194}}, {"service": {"name": "Early Infant Diagnosis"}, "facility": {"code": 16194}}, {"service": {"name": "Diagnostic Counselling and Testing"}, "facility": {"code": 16194}}, {"service": {"name": "Provider Initiated Counselling and Testing"}, "facility": {"code": 16194}}, {"service": {"name": "Management of STIs"}, "facility": {"code": 16194}}, {"service": {"name": "Condom Promotion and Distribution"}, "facility": {"code": 16194}}, {"service": {"name": "Emergency Obstetric Care"}, "facility": {"code": 16199}}, {"service": {"name": "Nutrition Services"}, "facility": {"code": 16199}}, {"service": {"name": "Maternity Services"}, "facility": {"code": 16199}}, {"service": {"name": "Curative Services"}, "facility": {"code": 16199}}, {"service": {"name": "Long Term FP"}, "facility": {"code": 16199}}, {"service": {"name": "PMTCT - Maternity"}, "facility": {"code": 16199}}, {"service": {"name": "Diagnostic Counselling and Testing"}, "facility": {"code": 16199}}, {"service": {"name": "Management of STIs"}, "facility": {"code": 16199}}, {"service": {"name": "Condom Promotion and Distribution"}, "facility": {"code": 16199}}, {"service": {"name": "Laboratory Services"}, "facility": {"code": 18606}}, {"service": {"name": "Curative Services"}, "facility": {"code": 18606}}, {"service": {"name": "Focused Antenatal Care"}, "facility": {"code": 18606}}, {"service": {"name": "Voluntary Male Circumcision"}, "facility": {"code": 18606}}, {"service": {"name": "PMTCT - ANC"}, "facility": {"code": 18606}}, {"service": {"name": "Diagnostic Counselling and Testing"}, "facility": {"code": 18606}}, {"service": {"name": "Management of STIs"}, "facility": {"code": 18606}}, {"service": {"name": "Condom Promotion and Distribution"}, "facility": {"code": 18606}}, {"service": {"name": "Laboratory Services"}, "facility": {"code": 18605}}, {"service": {"name": "Curative Services"}, "facility": {"code": 18605}}, {"service": {"name": "Focused Antenatal Care"}, "facility": {"code": 18605}}, {"service": {"name": "Voluntary Male Circumcision"}, "facility": {"code": 18605}}, {"service": {"name": "PMTCT - ANC"}, "facility": {"code": 18605}}, {"service": {"name": "Diagnostic Counselling and Testing"}, "facility": {"code": 18605}}, {"service": {"name": "Provider Initiated Counselling and Testing"}, "facility": {"code": 18605}}, {"service": {"name": "Management of STIs"}, "facility": {"code": 18605}}, {"service": {"name": "Condom Promotion and Distribution"}, "facility": {"code": 18605}}, {"service": {"name": "Emergency Preparedness"}, "facility": {"code": 18604}}, {"service": {"name": "Emergency Obstetric Care"}, "facility": {"code": 18604}}, {"service": {"name": "Environmental Health Services"}, "facility": {"code": 18604}}, {"service": {"name": "Mental Health Services"}, "facility": {"code": 18604}}, {"service": {"name": "Nutrition Services"}, "facility": {"code": 18604}}, {"service": {"name": "Maternity Services"}, "facility": {"code": 18604}}, {"service": {"name": "Curative Services"}, "facility": {"code": 18604}}, {"service": {"name": "Basic Immunization"}, "facility": {"code": 18604}}, {"service": {"name": "Focused Antenatal Care"}, "facility": {"code": 18604}}, {"service": {"name": "Integrated Services"}, "facility": {"code": 18604}}, {"service": {"name": "PMTCT - Maternity"}, "facility": {"code": 18604}}, {"service": {"name": "PMTCT - ANC"}, "facility": {"code": 18604}}, {"service": {"name": "Diagnostic Counselling and Testing"}, "facility": {"code": 18604}}, {"service": {"name": "Provider Initiated Counselling and Testing"}, "facility": {"code": 18604}}, {"service": {"name": "Voluntary Counselling and Testing"}, "facility": {"code": 18604}}, {"service": {"name": "Management of STIs"}, "facility": {"code": 18604}}, {"service": {"name": "Condom Promotion and Distribution"}, "facility": {"code": 18604}}, {"service": {"name": "Emergency Preparedness"}, "facility": {"code": 18603}}, {"service": {"name": "ENT Services"}, "facility": {"code": 18603}}, {"service": {"name": "Emergency Obstetric Care"}, "facility": {"code": 18603}}, {"service": {"name": "Integrated Management of Childhood Illnesses"}, "facility": {"code": 18603}}, {"service": {"name": "Laboratory Services"}, "facility": {"code": 18603}}, {"service": {"name": "Surgical Services"}, "facility": {"code": 18603}}, {"service": {"name": "Curative Services"}, "facility": {"code": 18603}}, {"service": {"name": "Immunization with additional vaccines"}, "facility": {"code": 18603}}, {"service": {"name": "Basic Immunization"}, "facility": {"code": 18603}}, {"service": {"name": "Long Term FP"}, "facility": {"code": 18603}}, {"service": {"name": "Short Term FP"}, "facility": {"code": 18603}}, {"service": {"name": "Early Infant Diagnosis"}, "facility": {"code": 18603}}, {"service": {"name": "Provider Initiated Counselling and Testing"}, "facility": {"code": 18603}}, {"service": {"name": "Management of STIs"}, "facility": {"code": 18603}}, {"service": {"name": "Condom Promotion and Distribution"}, "facility": {"code": 18603}}, {"service": {"name": "Emergency Preparedness"}, "facility": {"code": 18601}}, {"service": {"name": "ENT Services"}, "facility": {"code": 18601}}, {"service": {"name": "Emergency Obstetric Care"}, "facility": {"code": 18601}}, {"service": {"name": "Environmental Health Services"}, "facility": {"code": 18601}}, {"service": {"name": "Ambulance Sevices"}, "facility": {"code": 18601}}, {"service": {"name": "Nutrition Services"}, "facility": {"code": 18601}}, {"service": {"name": "Integrated Management of Childhood Illnesses"}, "facility": {"code": 18601}}, {"service": {"name": "Laboratory Services"}, "facility": {"code": 18601}}, {"service": {"name": "Surgical Services"}, "facility": {"code": 18601}}, {"service": {"name": "Maternity Services"}, "facility": {"code": 18601}}, {"service": {"name": "Curative Services"}, "facility": {"code": 18601}}, {"service": {"name": "Basic Immunization"}, "facility": {"code": 18601}}, {"service": {"name": "Focused Antenatal Care"}, "facility": {"code": 18601}}, {"service": {"name": "PMTCT - Maternity"}, "facility": {"code": 18601}}, {"service": {"name": "PMTCT - ANC"}, "facility": {"code": 18601}}, {"service": {"name": "Diagnostic Counselling and Testing"}, "facility": {"code": 18601}}, {"service": {"name": "Provider Initiated Counselling and Testing"}, "facility": {"code": 18601}}, {"service": {"name": "Management of STIs"}, "facility": {"code": 18601}}, {"service": {"name": "Voluntary Counselling and Testing"}, "facility": {"code": 18600}}, {"service": {"name": "Condom Promotion and Distribution"}, "facility": {"code": 18600}}, {"service": {"name": "Voluntary Counselling and Testing"}, "facility": {"code": 18599}}, {"service": {"name": "Condom Promotion and Distribution"}, "facility": {"code": 18599}}, {"service": {"name": "Emergency Preparedness"}, "facility": {"code": 18597}}, {"service": {"name": "ENT Services"}, "facility": {"code": 18597}}, {"service": {"name": "Dental Laboratory Services"}, "facility": {"code": 18597}}, {"service": {"name": "Emergency Obstetric Care"}, "facility": {"code": 18597}}, {"service": {"name": "Environmental Health Services"}, "facility": {"code": 18597}}, {"service": {"name": "Rehabilitative Health Services - Physiotherapy"}, "facility": {"code": 18597}}, {"service": {"name": "Services for Sexual Violence Survivors"}, "facility": {"code": 18597}}, {"service": {"name": "Mental Health Services"}, "facility": {"code": 18597}}, {"service": {"name": "Opthalmic Services"}, "facility": {"code": 18597}}, {"service": {"name": "Nutrition Services"}, "facility": {"code": 18597}}, {"service": {"name": "Integrated Management of Childhood Illnesses"}, "facility": {"code": 18597}}, {"service": {"name": "Ambulance Sevices"}, "facility": {"code": 18597}}, {"service": {"name": "Laboratory Services"}, "facility": {"code": 18597}}, {"service": {"name": "Radiology Services"}, "facility": {"code": 18597}}, {"service": {"name": "Surgical Services"}, "facility": {"code": 18597}}, {"service": {"name": "Maternity Services"}, "facility": {"code": 18597}}, {"service": {"name": "Curative Services"}, "facility": {"code": 18597}}, {"service": {"name": "Services for Female Genital Mutilation (FGM) Survivors"}, "facility": {"code": 18597}}, {"service": {"name": "Rehabilitative Health Services - Orthopaedic Technology"}, "facility": {"code": 18597}}, {"service": {"name": "Rehabilitative Health Services - Occupational Health"}, "facility": {"code": 18597}}, {"service": {"name": "First Line Treatment"}, "facility": {"code": 18597}}, {"service": {"name": "Tuberculosis Culture"}, "facility": {"code": 18597}}, {"service": {"name": "Smear Microscopy"}, "facility": {"code": 18597}}, {"service": {"name": "Immunization with additional vaccines"}, "facility": {"code": 18597}}, {"service": {"name": "Basic Immunization"}, "facility": {"code": 18597}}, {"service": {"name": "Integrated Services"}, "facility": {"code": 18597}}, {"service": {"name": "Permanent FP"}, "facility": {"code": 18597}}, {"service": {"name": "Long Term FP"}, "facility": {"code": 18597}}, {"service": {"name": "Short Term FP"}, "facility": {"code": 18597}}, {"service": {"name": "Adult Antiretroviral Therapy"}, "facility": {"code": 18597}}, {"service": {"name": "Paediatric Antiretroviral Therapy"}, "facility": {"code": 18597}}, {"service": {"name": "Post Exposure Prophylaxis"}, "facility": {"code": 18597}}, {"service": {"name": "PMTCT - Maternity"}, "facility": {"code": 18597}}, {"service": {"name": "PMTCT - ANC"}, "facility": {"code": 18597}}, {"service": {"name": "Early Infant Diagnosis"}, "facility": {"code": 18597}}, {"service": {"name": "Diagnostic Counselling and Testing"}, "facility": {"code": 18597}}, {"service": {"name": "Provider Initiated Counselling and Testing"}, "facility": {"code": 18597}}, {"service": {"name": "Management of STIs"}, "facility": {"code": 18597}}, {"service": {"name": "Condom Promotion and Distribution"}, "facility": {"code": 18597}}, {"service": {"name": "Environmental Health Services"}, "facility": {"code": 12813}}, {"service": {"name": "Integrated Management of Childhood Illnesses"}, "facility": {"code": 18595}}, {"service": {"name": "Curative Services"}, "facility": {"code": 18595}}, {"service": {"name": "Basic Immunization"}, "facility": {"code": 18595}}, {"service": {"name": "Short Term FP"}, "facility": {"code": 18595}}, {"service": {"name": "PMTCT - ANC"}, "facility": {"code": 18595}}, {"service": {"name": "Diagnostic Counselling and Testing"}, "facility": {"code": 18595}}, {"service": {"name": "Provider Initiated Counselling and Testing"}, "facility": {"code": 18595}}, {"service": {"name": "Voluntary Counselling and Testing"}, "facility": {"code": 18595}}, {"service": {"name": "Condom Promotion and Distribution"}, "facility": {"code": 18595}}, {"service": {"name": "Management of STIs"}, "facility": {"code": 18595}}, {"service": {"name": "Emergency Obstetric Care"}, "facility": {"code": 15136}}, {"service": {"name": "Laboratory Services"}, "facility": {"code": 15136}}, {"service": {"name": "Surgical Services"}, "facility": {"code": 15136}}, {"service": {"name": "Maternity Services"}, "facility": {"code": 15136}}, {"service": {"name": "Curative Services"}, "facility": {"code": 15136}}, {"service": {"name": "Basic Immunization"}, "facility": {"code": 15136}}, {"service": {"name": "Focused Antenatal Care"}, "facility": {"code": 15136}}, {"service": {"name": "Permanent FP"}, "facility": {"code": 15136}}, {"service": {"name": "Long Term FP"}, "facility": {"code": 15136}}, {"service": {"name": "Short Term FP"}, "facility": {"code": 15136}}, {"service": {"name": "PMTCT - Maternity"}, "facility": {"code": 15136}}, {"service": {"name": "PMTCT - ANC"}, "facility": {"code": 15136}}, {"service": {"name": "Management of STIs"}, "facility": {"code": 15136}}, {"service": {"name": "Condom Promotion and Distribution"}, "facility": {"code": 15136}}, {"service": {"name": "Surgical Services"}, "facility": {"code": 18593}}, {"service": {"name": "Laboratory Services"}, "facility": {"code": 18593}}, {"service": {"name": "Curative Services"}, "facility": {"code": 18593}}, {"service": {"name": "Short Term FP"}, "facility": {"code": 18593}}, {"service": {"name": "Diagnostic Counselling and Testing"}, "facility": {"code": 18593}}, {"service": {"name": "Provider Initiated Counselling and Testing"}, "facility": {"code": 18593}}, {"service": {"name": "Voluntary Counselling and Testing"}, "facility": {"code": 18593}}, {"service": {"name": "Management of STIs"}, "facility": {"code": 18593}}, {"service": {"name": "Dental Laboratory Services"}, "facility": {"code": 18592}}, {"service": {"name": "Oral Health Services (Dental Services)"}, "facility": {"code": 18592}}, {"service": {"name": "Environmental Health Services"}, "facility": {"code": 18592}}, {"service": {"name": "Nutrition Services"}, "facility": {"code": 18592}}, {"service": {"name": "Integrated Management of Childhood Illnesses"}, "facility": {"code": 18592}}, {"service": {"name": "Laboratory Services"}, "facility": {"code": 18592}}, {"service": {"name": "Surgical Services"}, "facility": {"code": 18592}}, {"service": {"name": "Curative Services"}, "facility": {"code": 18592}}, {"service": {"name": "Focused Antenatal Care"}, "facility": {"code": 18592}}, {"service": {"name": "Long Term FP"}, "facility": {"code": 18592}}, {"service": {"name": "Short Term FP"}, "facility": {"code": 18592}}, {"service": {"name": "PMTCT - ANC"}, "facility": {"code": 18592}}, {"service": {"name": "Diagnostic Counselling and Testing"}, "facility": {"code": 18592}}, {"service": {"name": "Provider Initiated Counselling and Testing"}, "facility": {"code": 18592}}, {"service": {"name": "Voluntary Counselling and Testing"}, "facility": {"code": 18592}}, {"service": {"name": "Management of STIs"}, "facility": {"code": 18592}}, {"service": {"name": "Condom Promotion and Distribution"}, "facility": {"code": 18592}}, {"service": {"name": "PMTCT - ANC"}, "facility": {"code": 18590}}, {"service": {"name": "Laboratory Services"}, "facility": {"code": 18591}}, {"service": {"name": "Surgical Services"}, "facility": {"code": 18591}}, {"service": {"name": "Curative Services"}, "facility": {"code": 18591}}, {"service": {"name": "Condom Promotion and Distribution"}, "facility": {"code": 18591}}, {"service": {"name": "Curative Services"}, "facility": {"code": 18590}}, {"service": {"name": "Management of STIs"}, "facility": {"code": 18590}}, {"service": {"name": "Condom Promotion and Distribution"}, "facility": {"code": 18590}}, {"service": {"name": "Laboratory Services"}, "facility": {"code": 18277}}, {"service": {"name": "Surgical Services"}, "facility": {"code": 18277}}, {"service": {"name": "Basic Immunization"}, "facility": {"code": 16199}}, {"service": {"name": "Focused Antenatal Care"}, "facility": {"code": 16199}}, {"service": {"name": "Short Term FP"}, "facility": {"code": 16199}}, {"service": {"name": "PMTCT - ANC"}, "facility": {"code": 16199}}, {"service": {"name": "Provider Initiated Counselling and Testing"}, "facility": {"code": 16199}}, {"service": {"name": "Emergency Preparedness"}, "facility": {"code": 16553}}, {"service": {"name": "Nutrition Services"}, "facility": {"code": 16553}}, {"service": {"name": "Laboratory Services"}, "facility": {"code": 16553}}, {"service": {"name": "Surgical Services"}, "facility": {"code": 16553}}, {"service": {"name": "Immunization with additional vaccines"}, "facility": {"code": 16553}}, {"service": {"name": "Long Term FP"}, "facility": {"code": 16553}}, {"service": {"name": "PMTCT - ANC"}, "facility": {"code": 16553}}, {"service": {"name": "Diagnostic Counselling and Testing"}, "facility": {"code": 16553}}, {"service": {"name": "Provider Initiated Counselling and Testing"}, "facility": {"code": 16553}}, {"service": {"name": "ENT Services"}, "facility": {"code": 18589}}, {"service": {"name": "Emergency Obstetric Care"}, "facility": {"code": 18589}}, {"service": {"name": "Environmental Health Services"}, "facility": {"code": 18589}}, {"service": {"name": "Ambulance Sevices"}, "facility": {"code": 18589}}, {"service": {"name": "Laboratory Services"}, "facility": {"code": 18589}}, {"service": {"name": "Surgical Services"}, "facility": {"code": 18589}}, {"service": {"name": "Curative Services"}, "facility": {"code": 18589}}, {"service": {"name": "Short Term FP"}, "facility": {"code": 18589}}, {"service": {"name": "Diagnostic Counselling and Testing"}, "facility": {"code": 18589}}, {"service": {"name": "Provider Initiated Counselling and Testing"}, "facility": {"code": 18589}}, {"service": {"name": "Voluntary Counselling and Testing"}, "facility": {"code": 18589}}, {"service": {"name": "Management of STIs"}, "facility": {"code": 18589}}, {"service": {"name": "Condom Promotion and Distribution"}, "facility": {"code": 18589}}, {"service": {"name": "First Line Treatment"}, "facility": {"code": 15651}}, {"service": {"name": "Focused Antenatal Care"}, "facility": {"code": 15651}}, {"service": {"name": "Home Based Care"}, "facility": {"code": 15651}}, {"service": {"name": "Condom Promotion and Distribution"}, "facility": {"code": 15651}}, {"service": {"name": "Integrated Management of Childhood Illnesses"}, "facility": {"code": 16682}}, {"service": {"name": "Focused Antenatal Care"}, "facility": {"code": 16682}}, {"service": {"name": "Permanent FP"}, "facility": {"code": 16682}}, {"service": {"name": "Long Term FP"}, "facility": {"code": 16682}}, {"service": {"name": "Short Term FP"}, "facility": {"code": 16682}}, {"service": {"name": "PMTCT - ANC"}, "facility": {"code": 16682}}, {"service": {"name": "Diagnostic Counselling and Testing"}, "facility": {"code": 16682}}, {"service": {"name": "Provider Initiated Counselling and Testing"}, "facility": {"code": 16682}}, {"service": {"name": "Opthalmic Services"}, "facility": {"code": 14706}}, {"service": {"name": "Focused Antenatal Care"}, "facility": {"code": 14447}}, {"service": {"name": "Nutrition Services"}, "facility": {"code": 14312}}, {"service": {"name": "Laboratory Services"}, "facility": {"code": 14312}}, {"service": {"name": "Maternity Services"}, "facility": {"code": 14312}}, {"service": {"name": "First Line Treatment"}, "facility": {"code": 14312}}, {"service": {"name": "Focused Antenatal Care"}, "facility": {"code": 14312}}, {"service": {"name": "PMTCT - Maternity"}, "facility": {"code": 14312}}, {"service": {"name": "Integrated Management of Childhood Illnesses"}, "facility": {"code": 16394}}, {"service": {"name": "Curative Services"}, "facility": {"code": 16394}}, {"service": {"name": "Laboratory Services"}, "facility": {"code": 14559}}, {"service": {"name": "Maternity Services"}, "facility": {"code": 14291}}, {"service": {"name": "First Line Treatment"}, "facility": {"code": 14291}}, {"service": {"name": "Focused Antenatal Care"}, "facility": {"code": 14291}}, {"service": {"name": "Services for Sexual Violence Survivors"}, "facility": {"code": 14836}}, {"service": {"name": "Opthalmic Services"}, "facility": {"code": 14836}}, {"service": {"name": "Ambulance Sevices"}, "facility": {"code": 14836}}, {"service": {"name": "First Line Treatment"}, "facility": {"code": 14836}}, {"service": {"name": "Tuberculosis Culture"}, "facility": {"code": 14836}}, {"service": {"name": "Smear Microscopy"}, "facility": {"code": 14836}}, {"service": {"name": "Permanent FP"}, "facility": {"code": 14836}}, {"service": {"name": "Adult Antiretroviral Therapy"}, "facility": {"code": 14836}}, {"service": {"name": "Paediatric Antiretroviral Therapy"}, "facility": {"code": 14836}}, {"service": {"name": "Laboratory Services"}, "facility": {"code": 15728}}, {"service": {"name": "Emergency Preparedness"}, "facility": {"code": 18588}}, {"service": {"name": "Emergency Obstetric Care"}, "facility": {"code": 18588}}, {"service": {"name": "Nutrition Services"}, "facility": {"code": 18588}}, {"service": {"name": "Integrated Management of Childhood Illnesses"}, "facility": {"code": 18588}}, {"service": {"name": "Laboratory Services"}, "facility": {"code": 18588}}, {"service": {"name": "Surgical Services"}, "facility": {"code": 18588}}, {"service": {"name": "Curative Services"}, "facility": {"code": 18588}}, {"service": {"name": "Post Exposure Prophylaxis"}, "facility": {"code": 18588}}, {"service": {"name": "Voluntary Male Circumcision"}, "facility": {"code": 18588}}, {"service": {"name": "PMTCT - Maternity"}, "facility": {"code": 18588}}, {"service": {"name": "Early Infant Diagnosis"}, "facility": {"code": 18588}}, {"service": {"name": "Voluntary Counselling and Testing"}, "facility": {"code": 18588}}, {"service": {"name": "Emergency Preparedness"}, "facility": {"code": 12772}}, {"service": {"name": "Emergency Obstetric Care"}, "facility": {"code": 12772}}, {"service": {"name": "Maternity Services"}, "facility": {"code": 12772}}, {"service": {"name": "Curative Services"}, "facility": {"code": 12772}}, {"service": {"name": "Basic Immunization"}, "facility": {"code": 12772}}, {"service": {"name": "Focused Antenatal Care"}, "facility": {"code": 12772}}, {"service": {"name": "Long Term FP"}, "facility": {"code": 12772}}, {"service": {"name": "Short Term FP"}, "facility": {"code": 12772}}, {"service": {"name": "PMTCT - ANC"}, "facility": {"code": 12772}}, {"service": {"name": "Condom Promotion and Distribution"}, "facility": {"code": 12772}}, {"service": {"name": "Emergency Preparedness"}, "facility": {"code": 12770}}, {"service": {"name": "Curative Services"}, "facility": {"code": 12770}}, {"service": {"name": "Maternity Services"}, "facility": {"code": 17848}}, {"service": {"name": "Curative Services"}, "facility": {"code": 17848}}, {"service": {"name": "Integrated Management of Childhood Illnesses"}, "facility": {"code": 17850}}, {"service": {"name": "Maternity Services"}, "facility": {"code": 17850}}, {"service": {"name": "Curative Services"}, "facility": {"code": 17850}}, {"service": {"name": "Maternity Services"}, "facility": {"code": 17851}}, {"service": {"name": "Curative Services"}, "facility": {"code": 17851}}, {"service": {"name": "Curative Services"}, "facility": {"code": 18036}}, {"service": {"name": "Curative Services"}, "facility": {"code": 18037}}, {"service": {"name": "Stand Alone Services"}, "facility": {"code": 18587}}, {"service": {"name": "Voluntary Counselling and Testing"}, "facility": {"code": 18587}}, {"service": {"name": "Condom Promotion and Distribution"}, "facility": {"code": 18587}}, {"service": {"name": "Emergency Obstetric Care"}, "facility": {"code": 13761}}, {"service": {"name": "Maternity Services"}, "facility": {"code": 13761}}, {"service": {"name": "Curative Services"}, "facility": {"code": 13761}}, {"service": {"name": "Focused Antenatal Care"}, "facility": {"code": 13761}}, {"service": {"name": "Short Term FP"}, "facility": {"code": 13761}}, {"service": {"name": "Management of STIs"}, "facility": {"code": 13761}}, {"service": {"name": "Condom Promotion and Distribution"}, "facility": {"code": 13761}}, {"service": {"name": "Maternity Services"}, "facility": {"code": 14986}}, {"service": {"name": "Emergency Obstetric Care"}, "facility": {"code": 14986}}, {"service": {"name": "Curative Services"}, "facility": {"code": 14986}}, {"service": {"name": "Short Term FP"}, "facility": {"code": 14986}}, {"service": {"name": "Focused Antenatal Care"}, "facility": {"code": 14986}}, {"service": {"name": "Management of STIs"}, "facility": {"code": 14986}}, {"service": {"name": "Condom Promotion and Distribution"}, "facility": {"code": 14986}}, {"service": {"name": "Curative Services"}, "facility": {"code": 16017}}, {"service": {"name": "Short Term FP"}, "facility": {"code": 16017}}, {"service": {"name": "Condom Promotion and Distribution"}, "facility": {"code": 16017}}, {"service": {"name": "Emergency Obstetric Care"}, "facility": {"code": 16406}}, {"service": {"name": "Maternity Services"}, "facility": {"code": 16406}}, {"service": {"name": "Curative Services"}, "facility": {"code": 16406}}, {"service": {"name": "Basic Immunization"}, "facility": {"code": 16406}}, {"service": {"name": "Focused Antenatal Care"}, "facility": {"code": 16406}}, {"service": {"name": "Short Term FP"}, "facility": {"code": 16406}}, {"service": {"name": "Management of STIs"}, "facility": {"code": 16406}}, {"service": {"name": "Condom Promotion and Distribution"}, "facility": {"code": 16406}}, {"service": {"name": "Emergency Obstetric Care"}, "facility": {"code": 14924}}, {"service": {"name": "Basic Immunization"}, "facility": {"code": 14924}}, {"service": {"name": "Focused Antenatal Care"}, "facility": {"code": 14924}}, {"service": {"name": "Short Term FP"}, "facility": {"code": 14924}}, {"service": {"name": "Management of STIs"}, "facility": {"code": 14924}}, {"service": {"name": "Condom Promotion and Distribution"}, "facility": {"code": 14924}}, {"service": {"name": "Emergency Obstetric Care"}, "facility": {"code": 13467}}, {"service": {"name": "Maternity Services"}, "facility": {"code": 13467}}, {"service": {"name": "Curative Services"}, "facility": {"code": 13467}}, {"service": {"name": "Basic Immunization"}, "facility": {"code": 13467}}, {"service": {"name": "Focused Antenatal Care"}, "facility": {"code": 13467}}, {"service": {"name": "Short Term FP"}, "facility": {"code": 13467}}, {"service": {"name": "Condom Promotion and Distribution"}, "facility": {"code": 13467}}, {"service": {"name": "Focused Antenatal Care"}, "facility": {"code": 15176}}, {"service": {"name": "Short Term FP"}, "facility": {"code": 15176}}, {"service": {"name": "Condom Promotion and Distribution"}, "facility": {"code": 15176}}, {"service": {"name": "Curative Services"}, "facility": {"code": 15176}}, {"service": {"name": "Emergency Preparedness"}, "facility": {"code": 10138}}, {"service": {"name": "Curative Services"}, "facility": {"code": 10138}}, {"service": {"name": "Immunization with additional vaccines"}, "facility": {"code": 10138}}, {"service": {"name": "Basic Immunization"}, "facility": {"code": 10138}}, {"service": {"name": "Curative Services"}, "facility": {"code": 10128}}, {"service": {"name": "Emergency Preparedness"}, "facility": {"code": 10126}}, {"service": {"name": "Curative Services"}, "facility": {"code": 10126}}, {"service": {"name": "Emergency Preparedness"}, "facility": {"code": 10121}}, {"service": {"name": "Surgical Services"}, "facility": {"code": 10121}}, {"service": {"name": "Curative Services"}, "facility": {"code": 10121}}, {"service": {"name": "First Line Treatment"}, "facility": {"code": 10121}}, {"service": {"name": "Provider Initiated Counselling and Testing"}, "facility": {"code": 10121}}, {"service": {"name": "Management of STIs"}, "facility": {"code": 10121}}, {"service": {"name": "Emergency Preparedness"}, "facility": {"code": 10088}}, {"service": {"name": "Emergency Obstetric Care"}, "facility": {"code": 10088}}, {"service": {"name": "Laboratory Services"}, "facility": {"code": 10088}}, {"service": {"name": "Surgical Services"}, "facility": {"code": 10088}}, {"service": {"name": "Maternity Services"}, "facility": {"code": 10088}}, {"service": {"name": "Curative Services"}, "facility": {"code": 10088}}, {"service": {"name": "Focused Antenatal Care"}, "facility": {"code": 10088}}, {"service": {"name": "Permanent FP"}, "facility": {"code": 10088}}, {"service": {"name": "Long Term FP"}, "facility": {"code": 10088}}, {"service": {"name": "Short Term FP"}, "facility": {"code": 10088}}, {"service": {"name": "PMTCT - ANC"}, "facility": {"code": 10088}}, {"service": {"name": "Provider Initiated Counselling and Testing"}, "facility": {"code": 10088}}, {"service": {"name": "Management of STIs"}, "facility": {"code": 10088}}, {"service": {"name": "Condom Promotion and Distribution"}, "facility": {"code": 10088}}, {"service": {"name": "Emergency Preparedness"}, "facility": {"code": 10081}}, {"service": {"name": "Nutrition Services"}, "facility": {"code": 10081}}, {"service": {"name": "Laboratory Services"}, "facility": {"code": 10081}}, {"service": {"name": "Surgical Services"}, "facility": {"code": 10081}}, {"service": {"name": "Curative Services"}, "facility": {"code": 10081}}, {"service": {"name": "Short Term FP"}, "facility": {"code": 10081}}, {"service": {"name": "Provider Initiated Counselling and Testing"}, "facility": {"code": 10081}}, {"service": {"name": "Management of STIs"}, "facility": {"code": 10081}}, {"service": {"name": "Emergency Preparedness"}, "facility": {"code": 10080}}, {"service": {"name": "Surgical Services"}, "facility": {"code": 10080}}, {"service": {"name": "Curative Services"}, "facility": {"code": 10080}}, {"service": {"name": "Condom Promotion and Distribution"}, "facility": {"code": 10080}}, {"service": {"name": "Opthalmic Services"}, "facility": {"code": 10214}}, {"service": {"name": "Diagnostic Counselling and Testing"}, "facility": {"code": 10074}}, {"service": {"name": "Emergency Obstetric Care"}, "facility": {"code": 14789}}, {"service": {"name": "Maternity Services"}, "facility": {"code": 14789}}, {"service": {"name": "Curative Services"}, "facility": {"code": 14789}}, {"service": {"name": "Basic Immunization"}, "facility": {"code": 14789}}, {"service": {"name": "Focused Antenatal Care"}, "facility": {"code": 14789}}, {"service": {"name": "Short Term FP"}, "facility": {"code": 14789}}, {"service": {"name": "Condom Promotion and Distribution"}, "facility": {"code": 14789}}, {"service": {"name": "Curative Services"}, "facility": {"code": 15794}}, {"service": {"name": "Curative Services"}, "facility": {"code": 18035}}, {"service": {"name": "Curative Services"}, "facility": {"code": 18034}}, {"service": {"name": "Maternity Services"}, "facility": {"code": 18581}}, {"service": {"name": "Curative Services"}, "facility": {"code": 18581}}, {"service": {"name": "ENT Services"}, "facility": {"code": 18581}}, {"service": {"name": "Dental Laboratory Services"}, "facility": {"code": 18581}}, {"service": {"name": "Oral Health Services (Dental Services)"}, "facility": {"code": 18581}}, {"service": {"name": "Emergency Obstetric Care"}, "facility": {"code": 18581}}, {"service": {"name": "First Line Treatment"}, "facility": {"code": 18581}}, {"service": {"name": "Smear Microscopy"}, "facility": {"code": 18581}}, {"service": {"name": "Immunization with additional vaccines"}, "facility": {"code": 18581}}, {"service": {"name": "Basic Immunization"}, "facility": {"code": 18581}}, {"service": {"name": "Focused Antenatal Care"}, "facility": {"code": 18581}}, {"service": {"name": "Integrated Services"}, "facility": {"code": 18581}}, {"service": {"name": "Long Term FP"}, "facility": {"code": 18581}}, {"service": {"name": "Short Term FP"}, "facility": {"code": 18581}}, {"service": {"name": "Home Based Care"}, "facility": {"code": 18581}}, {"service": {"name": "Adult Antiretroviral Therapy"}, "facility": {"code": 18581}}, {"service": {"name": "Paediatric Antiretroviral Therapy"}, "facility": {"code": 18581}}, {"service": {"name": "Post Exposure Prophylaxis"}, "facility": {"code": 18581}}, {"service": {"name": "Voluntary Male Circumcision"}, "facility": {"code": 18581}}, {"service": {"name": "PMTCT - Maternity"}, "facility": {"code": 18581}}, {"service": {"name": "PMTCT - ANC"}, "facility": {"code": 18581}}, {"service": {"name": "Early Infant Diagnosis"}, "facility": {"code": 18581}}, {"service": {"name": "Diagnostic Counselling and Testing"}, "facility": {"code": 18581}}, {"service": {"name": "Provider Initiated Counselling and Testing"}, "facility": {"code": 18581}}, {"service": {"name": "Voluntary Counselling and Testing"}, "facility": {"code": 18581}}, {"service": {"name": "Management of STIs"}, "facility": {"code": 18581}}, {"service": {"name": "Condom Promotion and Distribution"}, "facility": {"code": 18581}}, {"service": {"name": "Voluntary Counselling and Testing"}, "facility": {"code": 18579}}, {"service": {"name": "Condom Promotion and Distribution"}, "facility": {"code": 18579}}, {"service": {"name": "Environmental Health Services"}, "facility": {"code": 18578}}, {"service": {"name": "Curative Services"}, "facility": {"code": 18578}}, {"service": {"name": "Focused Antenatal Care"}, "facility": {"code": 18578}}, {"service": {"name": "Long Term FP"}, "facility": {"code": 18578}}, {"service": {"name": "Short Term FP"}, "facility": {"code": 18578}}, {"service": {"name": "Diagnostic Counselling and Testing"}, "facility": {"code": 18578}}, {"service": {"name": "Provider Initiated Counselling and Testing"}, "facility": {"code": 18578}}, {"service": {"name": "Management of STIs"}, "facility": {"code": 18578}}, {"service": {"name": "Condom Promotion and Distribution"}, "facility": {"code": 18578}}, {"service": {"name": "Short Term FP"}, "facility": {"code": 13602}}, {"service": {"name": "Condom Promotion and Distribution"}, "facility": {"code": 13602}}, {"service": {"name": "Maternity Services"}, "facility": {"code": 13602}}, {"service": {"name": "Surgical Services"}, "facility": {"code": 13602}}, {"service": {"name": "Curative Services"}, "facility": {"code": 13602}}, {"service": {"name": "Emergency Preparedness"}, "facility": {"code": 10074}}, {"service": {"name": "Emergency Obstetric Care"}, "facility": {"code": 10074}}, {"service": {"name": "Laboratory Services"}, "facility": {"code": 10074}}, {"service": {"name": "Surgical Services"}, "facility": {"code": 10074}}, {"service": {"name": "Curative Services"}, "facility": {"code": 10074}}, {"service": {"name": "First Line Treatment"}, "facility": {"code": 10074}}, {"service": {"name": "Basic Immunization"}, "facility": {"code": 10074}}, {"service": {"name": "Focused Antenatal Care"}, "facility": {"code": 10074}}, {"service": {"name": "Permanent FP"}, "facility": {"code": 10074}}, {"service": {"name": "Long Term FP"}, "facility": {"code": 10074}}, {"service": {"name": "Short Term FP"}, "facility": {"code": 10074}}, {"service": {"name": "PMTCT - ANC"}, "facility": {"code": 10074}}, {"service": {"name": "Provider Initiated Counselling and Testing"}, "facility": {"code": 10074}}, {"service": {"name": "Management of STIs"}, "facility": {"code": 10074}}, {"service": {"name": "Condom Promotion and Distribution"}, "facility": {"code": 10074}}, {"service": {"name": "Nutrition Services"}, "facility": {"code": 10105}}, {"service": {"name": "Emergency Preparedness"}, "facility": {"code": 10105}}, {"service": {"name": "Emergency Obstetric Care"}, "facility": {"code": 10105}}, {"service": {"name": "Laboratory Services"}, "facility": {"code": 10105}}, {"service": {"name": "Surgical Services"}, "facility": {"code": 10105}}, {"service": {"name": "Curative Services"}, "facility": {"code": 10105}}, {"service": {"name": "Basic Immunization"}, "facility": {"code": 10105}}, {"service": {"name": "Focused Antenatal Care"}, "facility": {"code": 10105}}, {"service": {"name": "Long Term FP"}, "facility": {"code": 10105}}, {"service": {"name": "Short Term FP"}, "facility": {"code": 10105}}, {"service": {"name": "PMTCT - ANC"}, "facility": {"code": 10105}}, {"service": {"name": "Diagnostic Counselling and Testing"}, "facility": {"code": 10105}}, {"service": {"name": "Provider Initiated Counselling and Testing"}, "facility": {"code": 10105}}, {"service": {"name": "Voluntary Counselling and Testing"}, "facility": {"code": 10105}}, {"service": {"name": "Management of STIs"}, "facility": {"code": 10105}}, {"service": {"name": "Condom Promotion and Distribution"}, "facility": {"code": 10105}}, {"service": {"name": "Curative Services"}, "facility": {"code": 18033}}, {"service": {"name": "Emergency Preparedness"}, "facility": {"code": 10617}}, {"service": {"name": "Emergency Obstetric Care"}, "facility": {"code": 10617}}, {"service": {"name": "Surgical Services"}, "facility": {"code": 10617}}, {"service": {"name": "PMTCT - ANC"}, "facility": {"code": 10617}}, {"service": {"name": "Provider Initiated Counselling and Testing"}, "facility": {"code": 10617}}, {"service": {"name": "Management of STIs"}, "facility": {"code": 10617}}, {"service": {"name": "Condom Promotion and Distribution"}, "facility": {"code": 10617}}, {"service": {"name": "Emergency Obstetric Care"}, "facility": {"code": 10733}}, {"service": {"name": "Dental Laboratory Services"}, "facility": {"code": 10733}}, {"service": {"name": "Emergency Preparedness"}, "facility": {"code": 10733}}, {"service": {"name": "First Line Treatment"}, "facility": {"code": 10733}}, {"service": {"name": "Smear Microscopy"}, "facility": {"code": 10733}}, {"service": {"name": "Basic Immunization"}, "facility": {"code": 10733}}, {"service": {"name": "Focused Antenatal Care"}, "facility": {"code": 10733}}, {"service": {"name": "Short Term FP"}, "facility": {"code": 10733}}, {"service": {"name": "Adult Antiretroviral Therapy"}, "facility": {"code": 10733}}, {"service": {"name": "Paediatric Antiretroviral Therapy"}, "facility": {"code": 10733}}, {"service": {"name": "Post Exposure Prophylaxis"}, "facility": {"code": 10733}}, {"service": {"name": "PMTCT - ANC"}, "facility": {"code": 10733}}, {"service": {"name": "Diagnostic Counselling and Testing"}, "facility": {"code": 10733}}, {"service": {"name": "Provider Initiated Counselling and Testing"}, "facility": {"code": 10733}}, {"service": {"name": "Voluntary Counselling and Testing"}, "facility": {"code": 10733}}, {"service": {"name": "Management of STIs"}, "facility": {"code": 10733}}, {"service": {"name": "Condom Promotion and Distribution"}, "facility": {"code": 10733}}, {"service": {"name": "Emergency Preparedness"}, "facility": {"code": 10277}}, {"service": {"name": "Emergency Obstetric Care"}, "facility": {"code": 10277}}, {"service": {"name": "Nutrition Services"}, "facility": {"code": 10277}}, {"service": {"name": "Environmental Health Services"}, "facility": {"code": 10277}}, {"service": {"name": "Mental Health Services"}, "facility": {"code": 10277}}, {"service": {"name": "Laboratory Services"}, "facility": {"code": 10277}}, {"service": {"name": "Surgical Services"}, "facility": {"code": 10277}}, {"service": {"name": "Maternity Services"}, "facility": {"code": 10277}}, {"service": {"name": "Curative Services"}, "facility": {"code": 10277}}, {"service": {"name": "First Line Treatment"}, "facility": {"code": 10277}}, {"service": {"name": "Basic Immunization"}, "facility": {"code": 10277}}, {"service": {"name": "Focused Antenatal Care"}, "facility": {"code": 10277}}, {"service": {"name": "Short Term FP"}, "facility": {"code": 10277}}, {"service": {"name": "Post Exposure Prophylaxis"}, "facility": {"code": 10277}}, {"service": {"name": "PMTCT - ANC"}, "facility": {"code": 10277}}, {"service": {"name": "Diagnostic Counselling and Testing"}, "facility": {"code": 10277}}, {"service": {"name": "Provider Initiated Counselling and Testing"}, "facility": {"code": 10277}}, {"service": {"name": "Management of STIs"}, "facility": {"code": 10277}}, {"service": {"name": "Condom Promotion and Distribution"}, "facility": {"code": 10277}}, {"service": {"name": "Environmental Health Services"}, "facility": {"code": 10869}}, {"service": {"name": "Rehabilitative Health Services - Physiotherapy"}, "facility": {"code": 10869}}, {"service": {"name": "Services for Sexual Violence Survivors"}, "facility": {"code": 10869}}, {"service": {"name": "Mental Health Services"}, "facility": {"code": 10869}}, {"service": {"name": "Opthalmic Services"}, "facility": {"code": 10869}}, {"service": {"name": "Nutrition Services"}, "facility": {"code": 10869}}, {"service": {"name": "Integrated Management of Childhood Illnesses"}, "facility": {"code": 10869}}, {"service": {"name": "Laboratory Services"}, "facility": {"code": 10869}}, {"service": {"name": "Surgical Services"}, "facility": {"code": 10869}}, {"service": {"name": "Maternity Services"}, "facility": {"code": 10869}}, {"service": {"name": "Curative Services"}, "facility": {"code": 10869}}, {"service": {"name": "First Line Treatment"}, "facility": {"code": 10869}}, {"service": {"name": "Smear Microscopy"}, "facility": {"code": 10869}}, {"service": {"name": "Post Exposure Prophylaxis"}, "facility": {"code": 10869}}, {"service": {"name": "Provider Initiated Counselling and Testing"}, "facility": {"code": 10869}}, {"service": {"name": "Management of STIs"}, "facility": {"code": 10869}}, {"service": {"name": "Condom Promotion and Distribution"}, "facility": {"code": 10869}}, {"service": {"name": "PMTCT - ANC"}, "facility": {"code": 10041}}, {"service": {"name": "Emergency Obstetric Care"}, "facility": {"code": 12893}}, {"service": {"name": "Nutrition Services"}, "facility": {"code": 12893}}, {"service": {"name": "Ambulance Sevices"}, "facility": {"code": 12893}}, {"service": {"name": "Laboratory Services"}, "facility": {"code": 12893}}, {"service": {"name": "Curative Services"}, "facility": {"code": 12893}}, {"service": {"name": "Mental Health Services"}, "facility": {"code": 10386}}, {"service": {"name": "Surgical Services"}, "facility": {"code": 10386}}, {"service": {"name": "First Line Treatment"}, "facility": {"code": 10386}}, {"service": {"name": "Basic Immunization"}, "facility": {"code": 18575}}, {"service": {"name": "Laboratory Services"}, "facility": {"code": 18575}}, {"service": {"name": "Curative Services"}, "facility": {"code": 18575}}, {"service": {"name": "Smear Microscopy"}, "facility": {"code": 18575}}, {"service": {"name": "Focused Antenatal Care"}, "facility": {"code": 18575}}, {"service": {"name": "Long Term FP"}, "facility": {"code": 18575}}, {"service": {"name": "Short Term FP"}, "facility": {"code": 18575}}, {"service": {"name": "Diagnostic Counselling and Testing"}, "facility": {"code": 18575}}, {"service": {"name": "Provider Initiated Counselling and Testing"}, "facility": {"code": 18575}}, {"service": {"name": "Voluntary Counselling and Testing"}, "facility": {"code": 18575}}, {"service": {"name": "Management of STIs"}, "facility": {"code": 18575}}, {"service": {"name": "Condom Promotion and Distribution"}, "facility": {"code": 18575}}, {"service": {"name": "Curative Services"}, "facility": {"code": 12345}}, {"service": {"name": "Basic Immunization"}, "facility": {"code": 12345}}, {"service": {"name": "Focused Antenatal Care"}, "facility": {"code": 12345}}, {"service": {"name": "Short Term FP"}, "facility": {"code": 12345}}, {"service": {"name": "Management of STIs"}, "facility": {"code": 12345}}, {"service": {"name": "Condom Promotion and Distribution"}, "facility": {"code": 12345}}, {"service": {"name": "Curative Services"}, "facility": {"code": 12650}}, {"service": {"name": "Basic Immunization"}, "facility": {"code": 12650}}, {"service": {"name": "Focused Antenatal Care"}, "facility": {"code": 12650}}, {"service": {"name": "Short Term FP"}, "facility": {"code": 12650}}, {"service": {"name": "Condom Promotion and Distribution"}, "facility": {"code": 12650}}, {"service": {"name": "Emergency Obstetric Care"}, "facility": {"code": 12774}}, {"service": {"name": "Maternity Services"}, "facility": {"code": 12774}}, {"service": {"name": "Curative Services"}, "facility": {"code": 12774}}, {"service": {"name": "Basic Immunization"}, "facility": {"code": 12774}}, {"service": {"name": "Focused Antenatal Care"}, "facility": {"code": 12774}}, {"service": {"name": "Short Term FP"}, "facility": {"code": 12774}}, {"service": {"name": "Voluntary Counselling and Testing"}, "facility": {"code": 12774}}, {"service": {"name": "Management of STIs"}, "facility": {"code": 12774}}, {"service": {"name": "Curative Services"}, "facility": {"code": 11981}}, {"service": {"name": "Oral Health Services (Dental Services)"}, "facility": {"code": 18574}}, {"service": {"name": "Nutrition Services"}, "facility": {"code": 18574}}, {"service": {"name": "Laboratory Services"}, "facility": {"code": 18574}}, {"service": {"name": "Curative Services"}, "facility": {"code": 18574}}, {"service": {"name": "Management of STIs"}, "facility": {"code": 18574}}, {"service": {"name": "Oral Health Services (Dental Services)"}, "facility": {"code": 18573}}, {"service": {"name": "Opthalmic Services"}, "facility": {"code": 18573}}, {"service": {"name": "Curative Services"}, "facility": {"code": 18573}}, {"service": {"name": "Short Term FP"}, "facility": {"code": 18573}}, {"service": {"name": "PMTCT - ANC"}, "facility": {"code": 18573}}, {"service": {"name": "Management of STIs"}, "facility": {"code": 18573}}, {"service": {"name": "ENT Services"}, "facility": {"code": 18572}}, {"service": {"name": "Oral Health Services (Dental Services)"}, "facility": {"code": 18572}}, {"service": {"name": "Emergency Obstetric Care"}, "facility": {"code": 18572}}, {"service": {"name": "Integrated Management of Childhood Illnesses"}, "facility": {"code": 18572}}, {"service": {"name": "Laboratory Services"}, "facility": {"code": 18572}}, {"service": {"name": "Maternity Services"}, "facility": {"code": 18572}}, {"service": {"name": "Curative Services"}, "facility": {"code": 18572}}, {"service": {"name": "Focused Antenatal Care"}, "facility": {"code": 18572}}, {"service": {"name": "Integrated Services"}, "facility": {"code": 18572}}, {"service": {"name": "Long Term FP"}, "facility": {"code": 18572}}, {"service": {"name": "Short Term FP"}, "facility": {"code": 18572}}, {"service": {"name": "PMTCT - Maternity"}, "facility": {"code": 18572}}, {"service": {"name": "PMTCT - ANC"}, "facility": {"code": 18572}}, {"service": {"name": "Diagnostic Counselling and Testing"}, "facility": {"code": 18572}}, {"service": {"name": "Provider Initiated Counselling and Testing"}, "facility": {"code": 18572}}, {"service": {"name": "Voluntary Counselling and Testing"}, "facility": {"code": 18572}}, {"service": {"name": "Management of STIs"}, "facility": {"code": 18572}}, {"service": {"name": "Condom Promotion and Distribution"}, "facility": {"code": 18572}}, {"service": {"name": "Short Term FP"}, "facility": {"code": 18571}}, {"service": {"name": "Post Exposure Prophylaxis"}, "facility": {"code": 18571}}, {"service": {"name": "Provider Initiated Counselling and Testing"}, "facility": {"code": 18571}}, {"service": {"name": "Voluntary Counselling and Testing"}, "facility": {"code": 18571}}, {"service": {"name": "Management of STIs"}, "facility": {"code": 18571}}, {"service": {"name": "Condom Promotion and Distribution"}, "facility": {"code": 18571}}, {"service": {"name": "Curative Services"}, "facility": {"code": 10917}}, {"service": {"name": "Focused Antenatal Care"}, "facility": {"code": 10917}}, {"service": {"name": "Diagnostic Counselling and Testing"}, "facility": {"code": 10917}}, {"service": {"name": "Voluntary Counselling and Testing"}, "facility": {"code": 10917}}, {"service": {"name": "Management of STIs"}, "facility": {"code": 10917}}, {"service": {"name": "Condom Promotion and Distribution"}, "facility": {"code": 10917}}, {"service": {"name": "Emergency Obstetric Care"}, "facility": {"code": 16404}}, {"service": {"name": "Curative Services"}, "facility": {"code": 16404}}, {"service": {"name": "Basic Immunization"}, "facility": {"code": 16404}}, {"service": {"name": "Focused Antenatal Care"}, "facility": {"code": 16404}}, {"service": {"name": "Short Term FP"}, "facility": {"code": 16404}}, {"service": {"name": "Management of STIs"}, "facility": {"code": 16404}}, {"service": {"name": "Condom Promotion and Distribution"}, "facility": {"code": 16404}}, {"service": {"name": "Curative Services"}, "facility": {"code": 18569}}, {"service": {"name": "Emergency Obstetric Care"}, "facility": {"code": 18569}}, {"service": {"name": "Short Term FP"}, "facility": {"code": 18569}}, {"service": {"name": "PMTCT - ANC"}, "facility": {"code": 18569}}, {"service": {"name": "Provider Initiated Counselling and Testing"}, "facility": {"code": 18569}}, {"service": {"name": "Voluntary Counselling and Testing"}, "facility": {"code": 18569}}, {"service": {"name": "Condom Promotion and Distribution"}, "facility": {"code": 18569}}, {"service": {"name": "Emergency Obstetric Care"}, "facility": {"code": 18568}}, {"service": {"name": "Nutrition Services"}, "facility": {"code": 18568}}, {"service": {"name": "Laboratory Services"}, "facility": {"code": 18568}}, {"service": {"name": "Curative Services"}, "facility": {"code": 18568}}, {"service": {"name": "Basic Immunization"}, "facility": {"code": 18568}}, {"service": {"name": "Short Term FP"}, "facility": {"code": 18568}}, {"service": {"name": "PMTCT - ANC"}, "facility": {"code": 18568}}, {"service": {"name": "Diagnostic Counselling and Testing"}, "facility": {"code": 18568}}, {"service": {"name": "Provider Initiated Counselling and Testing"}, "facility": {"code": 18568}}, {"service": {"name": "Management of STIs"}, "facility": {"code": 18568}}, {"service": {"name": "Emergency Obstetric Care"}, "facility": {"code": 18567}}, {"service": {"name": "Integrated Management of Childhood Illnesses"}, "facility": {"code": 18567}}, {"service": {"name": "Nutrition Services"}, "facility": {"code": 18567}}, {"service": {"name": "Curative Services"}, "facility": {"code": 18567}}, {"service": {"name": "Focused Antenatal Care"}, "facility": {"code": 18567}}, {"service": {"name": "Short Term FP"}, "facility": {"code": 18567}}, {"service": {"name": "PMTCT - ANC"}, "facility": {"code": 18567}}, {"service": {"name": "Diagnostic Counselling and Testing"}, "facility": {"code": 18567}}, {"service": {"name": "Provider Initiated Counselling and Testing"}, "facility": {"code": 18567}}, {"service": {"name": "Management of STIs"}, "facility": {"code": 18567}}, {"service": {"name": "Condom Promotion and Distribution"}, "facility": {"code": 18567}}, {"service": {"name": "Curative Services"}, "facility": {"code": 18566}}, {"service": {"name": "Short Term FP"}, "facility": {"code": 18566}}, {"service": {"name": "PMTCT - ANC"}, "facility": {"code": 18566}}, {"service": {"name": "Provider Initiated Counselling and Testing"}, "facility": {"code": 18566}}, {"service": {"name": "Management of STIs"}, "facility": {"code": 18566}}, {"service": {"name": "Condom Promotion and Distribution"}, "facility": {"code": 18566}}, {"service": {"name": "Basic Immunization"}, "facility": {"code": 18565}}, {"service": {"name": "Curative Services"}, "facility": {"code": 18565}}, {"service": {"name": "Short Term FP"}, "facility": {"code": 18565}}, {"service": {"name": "Provider Initiated Counselling and Testing"}, "facility": {"code": 18565}}, {"service": {"name": "Management of STIs"}, "facility": {"code": 18565}}, {"service": {"name": "Condom Promotion and Distribution"}, "facility": {"code": 18565}}, {"service": {"name": "Curative Services"}, "facility": {"code": 10617}}, {"service": {"name": "Curative Services"}, "facility": {"code": 16755}}, {"service": {"name": "Maternity Services"}, "facility": {"code": 10438}}, {"service": {"name": "Curative Services"}, "facility": {"code": 10438}}, {"service": {"name": "Short Term FP"}, "facility": {"code": 18557}}, {"service": {"name": "Curative Services"}, "facility": {"code": 18564}}, {"service": {"name": "First Line Treatment"}, "facility": {"code": 18564}}, {"service": {"name": "Basic Immunization"}, "facility": {"code": 18564}}, {"service": {"name": "Focused Antenatal Care"}, "facility": {"code": 18564}}, {"service": {"name": "Short Term FP"}, "facility": {"code": 18564}}, {"service": {"name": "Post Exposure Prophylaxis"}, "facility": {"code": 18564}}, {"service": {"name": "PMTCT - ANC"}, "facility": {"code": 18564}}, {"service": {"name": "Early Infant Diagnosis"}, "facility": {"code": 18564}}, {"service": {"name": "Provider Initiated Counselling and Testing"}, "facility": {"code": 18564}}, {"service": {"name": "Management of STIs"}, "facility": {"code": 18564}}, {"service": {"name": "Condom Promotion and Distribution"}, "facility": {"code": 18564}}, {"service": {"name": "Maternity Services"}, "facility": {"code": 16052}}, {"service": {"name": "Curative Services"}, "facility": {"code": 16052}}, {"service": {"name": "Short Term FP"}, "facility": {"code": 16052}}, {"service": {"name": "Condom Promotion and Distribution"}, "facility": {"code": 16052}}, {"service": {"name": "Maternity Services"}, "facility": {"code": 12349}}, {"service": {"name": "Curative Services"}, "facility": {"code": 12349}}, {"service": {"name": "Short Term FP"}, "facility": {"code": 12349}}, {"service": {"name": "Voluntary Counselling and Testing"}, "facility": {"code": 12349}}, {"service": {"name": "Condom Promotion and Distribution"}, "facility": {"code": 12349}}, {"service": {"name": "Maternity Services"}, "facility": {"code": 12487}}, {"service": {"name": "Curative Services"}, "facility": {"code": 12487}}, {"service": {"name": "Short Term FP"}, "facility": {"code": 12487}}, {"service": {"name": "Mental Health Services"}, "facility": {"code": 17849}}, {"service": {"name": "Integrated Management of Childhood Illnesses"}, "facility": {"code": 17849}}, {"service": {"name": "Maternity Services"}, "facility": {"code": 17849}}, {"service": {"name": "Curative Services"}, "facility": {"code": 17849}}, {"service": {"name": "Curative Services"}, "facility": {"code": 14391}}, {"service": {"name": "Short Term FP"}, "facility": {"code": 14391}}, {"service": {"name": "Condom Promotion and Distribution"}, "facility": {"code": 14391}}, {"service": {"name": "Condom Promotion and Distribution"}, "facility": {"code": 12786}}, {"service": {"name": "Short Term FP"}, "facility": {"code": 12786}}, {"service": {"name": "Curative Services"}, "facility": {"code": 12216}}, {"service": {"name": "Short Term FP"}, "facility": {"code": 12216}}, {"service": {"name": "Curative Services"}, "facility": {"code": 10250}}, {"service": {"name": "Short Term FP"}, "facility": {"code": 10250}}, {"service": {"name": "Short Term FP"}, "facility": {"code": 12424}}, {"service": {"name": "Curative Services"}, "facility": {"code": 12424}}, {"service": {"name": "Voluntary Counselling and Testing"}, "facility": {"code": 15420}}, {"service": {"name": "Mental Health Services"}, "facility": {"code": 10288}}, {"service": {"name": "Curative Services"}, "facility": {"code": 10288}}, {"service": {"name": "Voluntary Male Circumcision"}, "facility": {"code": 10288}}, {"service": {"name": "Diagnostic Counselling and Testing"}, "facility": {"code": 10288}}, {"service": {"name": "Provider Initiated Counselling and Testing"}, "facility": {"code": 10288}}, {"service": {"name": "Voluntary Counselling and Testing"}, "facility": {"code": 10288}}, {"service": {"name": "Condom Promotion and Distribution"}, "facility": {"code": 10288}}, {"service": {"name": "Management of STIs"}, "facility": {"code": 10288}}, {"service": {"name": "Integrated Management of Childhood Illnesses"}, "facility": {"code": 16753}}, {"service": {"name": "Laboratory Services"}, "facility": {"code": 16753}}, {"service": {"name": "Curative Services"}, "facility": {"code": 16753}}, {"service": {"name": "Diagnostic Counselling and Testing"}, "facility": {"code": 16753}}, {"service": {"name": "Condom Promotion and Distribution"}, "facility": {"code": 16753}}, {"service": {"name": "ENT Services"}, "facility": {"code": 10308}}, {"service": {"name": "Emergency Obstetric Care"}, "facility": {"code": 18559}}, {"service": {"name": "Maternity Services"}, "facility": {"code": 18559}}, {"service": {"name": "Basic Immunization"}, "facility": {"code": 18559}}, {"service": {"name": "Focused Antenatal Care"}, "facility": {"code": 18559}}, {"service": {"name": "Long Term FP"}, "facility": {"code": 18559}}, {"service": {"name": "Short Term FP"}, "facility": {"code": 18559}}, {"service": {"name": "PMTCT - Maternity"}, "facility": {"code": 18559}}, {"service": {"name": "Diagnostic Counselling and Testing"}, "facility": {"code": 18559}}, {"service": {"name": "Provider Initiated Counselling and Testing"}, "facility": {"code": 18559}}, {"service": {"name": "Voluntary Counselling and Testing"}, "facility": {"code": 18559}}, {"service": {"name": "Management of STIs"}, "facility": {"code": 18559}}, {"service": {"name": "Condom Promotion and Distribution"}, "facility": {"code": 18559}}, {"service": {"name": "Emergency Preparedness"}, "facility": {"code": 10842}}, {"service": {"name": "Laboratory Services"}, "facility": {"code": 10842}}, {"service": {"name": "Condom Promotion and Distribution"}, "facility": {"code": 10033}}, {"service": {"name": "Emergency Obstetric Care"}, "facility": {"code": 18234}}, {"service": {"name": "Diagnostic Counselling and Testing"}, "facility": {"code": 18234}}, {"service": {"name": "Management of STIs"}, "facility": {"code": 18234}}, {"service": {"name": "Condom Promotion and Distribution"}, "facility": {"code": 18234}}, {"service": {"name": "Voluntary Counselling and Testing"}, "facility": {"code": 18557}}, {"service": {"name": "Management of STIs"}, "facility": {"code": 18557}}, {"service": {"name": "Condom Promotion and Distribution"}, "facility": {"code": 18557}}, {"service": {"name": "Emergency Preparedness"}, "facility": {"code": 10938}}, {"service": {"name": "Integrated Management of Childhood Illnesses"}, "facility": {"code": 10938}}, {"service": {"name": "Laboratory Services"}, "facility": {"code": 10938}}, {"service": {"name": "Curative Services"}, "facility": {"code": 10938}}, {"service": {"name": "Basic Immunization"}, "facility": {"code": 10938}}, {"service": {"name": "Focused Antenatal Care"}, "facility": {"code": 10938}}, {"service": {"name": "Long Term FP"}, "facility": {"code": 10938}}, {"service": {"name": "Short Term FP"}, "facility": {"code": 10938}}, {"service": {"name": "Diagnostic Counselling and Testing"}, "facility": {"code": 10938}}, {"service": {"name": "PMTCT - ANC"}, "facility": {"code": 10938}}, {"service": {"name": "Early Infant Diagnosis"}, "facility": {"code": 10938}}, {"service": {"name": "Provider Initiated Counselling and Testing"}, "facility": {"code": 10938}}, {"service": {"name": "Voluntary Counselling and Testing"}, "facility": {"code": 10938}}, {"service": {"name": "Management of STIs"}, "facility": {"code": 10938}}, {"service": {"name": "Condom Promotion and Distribution"}, "facility": {"code": 10938}}, {"service": {"name": "Emergency Obstetric Care"}, "facility": {"code": 13211}}, {"service": {"name": "Emergency Preparedness"}, "facility": {"code": 13211}}, {"service": {"name": "Laboratory Services"}, "facility": {"code": 13211}}, {"service": {"name": "Curative Services"}, "facility": {"code": 13211}}, {"service": {"name": "Smear Microscopy"}, "facility": {"code": 13211}}, {"service": {"name": "Emergency Obstetric Care"}, "facility": {"code": 17087}}, {"service": {"name": "Surgical Services"}, "facility": {"code": 17087}}, {"service": {"name": "Maternity Services"}, "facility": {"code": 17087}}, {"service": {"name": "Curative Services"}, "facility": {"code": 17087}}, {"service": {"name": "Focused Antenatal Care"}, "facility": {"code": 17087}}, {"service": {"name": "Short Term FP"}, "facility": {"code": 17087}}, {"service": {"name": "PMTCT - ANC"}, "facility": {"code": 17087}}, {"service": {"name": "Diagnostic Counselling and Testing"}, "facility": {"code": 17087}}, {"service": {"name": "Provider Initiated Counselling and Testing"}, "facility": {"code": 17087}}, {"service": {"name": "Management of STIs"}, "facility": {"code": 17087}}, {"service": {"name": "Condom Promotion and Distribution"}, "facility": {"code": 17087}}, {"service": {"name": "Basic Immunization"}, "facility": {"code": 13211}}, {"service": {"name": "Focused Antenatal Care"}, "facility": {"code": 13211}}, {"service": {"name": "Short Term FP"}, "facility": {"code": 13211}}, {"service": {"name": "Post Exposure Prophylaxis"}, "facility": {"code": 13211}}, {"service": {"name": "Voluntary Male Circumcision"}, "facility": {"code": 13211}}, {"service": {"name": "PMTCT - Maternity"}, "facility": {"code": 13211}}, {"service": {"name": "PMTCT - ANC"}, "facility": {"code": 13211}}, {"service": {"name": "Early Infant Diagnosis"}, "facility": {"code": 13211}}, {"service": {"name": "Diagnostic Counselling and Testing"}, "facility": {"code": 13211}}, {"service": {"name": "Provider Initiated Counselling and Testing"}, "facility": {"code": 13211}}, {"service": {"name": "Voluntary Counselling and Testing"}, "facility": {"code": 13211}}, {"service": {"name": "Management of STIs"}, "facility": {"code": 13211}}, {"service": {"name": "Condom Promotion and Distribution"}, "facility": {"code": 13211}}, {"service": {"name": "First Line Treatment"}, "facility": {"code": 10304}}, {"service": {"name": "Emergency Preparedness"}, "facility": {"code": 10304}}, {"service": {"name": "Integrated Management of Childhood Illnesses"}, "facility": {"code": 10304}}, {"service": {"name": "Laboratory Services"}, "facility": {"code": 10304}}, {"service": {"name": "Surgical Services"}, "facility": {"code": 18556}}, {"service": {"name": "Curative Services"}, "facility": {"code": 18556}}, {"service": {"name": "Long Term FP"}, "facility": {"code": 18556}}, {"service": {"name": "Short Term FP"}, "facility": {"code": 18556}}, {"service": {"name": "Voluntary Male Circumcision"}, "facility": {"code": 18556}}, {"service": {"name": "Management of STIs"}, "facility": {"code": 18556}}, {"service": {"name": "Condom Promotion and Distribution"}, "facility": {"code": 18556}}, {"service": {"name": "Curative Services"}, "facility": {"code": 18555}}, {"service": {"name": "Focused Antenatal Care"}, "facility": {"code": 18555}}, {"service": {"name": "Long Term FP"}, "facility": {"code": 18555}}, {"service": {"name": "Short Term FP"}, "facility": {"code": 18555}}, {"service": {"name": "Management of STIs"}, "facility": {"code": 18555}}, {"service": {"name": "Curative Services"}, "facility": {"code": 10273}}, {"service": {"name": "Basic Immunization"}, "facility": {"code": 10273}}, {"service": {"name": "Long Term FP"}, "facility": {"code": 10273}}, {"service": {"name": "Short Term FP"}, "facility": {"code": 10273}}, {"service": {"name": "Condom Promotion and Distribution"}, "facility": {"code": 10273}}, {"service": {"name": "Laboratory Services"}, "facility": {"code": 18554}}, {"service": {"name": "Curative Services"}, "facility": {"code": 18554}}, {"service": {"name": "Focused Antenatal Care"}, "facility": {"code": 18554}}, {"service": {"name": "Short Term FP"}, "facility": {"code": 18554}}, {"service": {"name": "PMTCT - ANC"}, "facility": {"code": 18554}}, {"service": {"name": "Emergency Preparedness"}, "facility": {"code": 10695}}, {"service": {"name": "Integrated Management of Childhood Illnesses"}, "facility": {"code": 10695}}, {"service": {"name": "Nutrition Services"}, "facility": {"code": 10695}}, {"service": {"name": "Laboratory Services"}, "facility": {"code": 10695}}, {"service": {"name": "Curative Services"}, "facility": {"code": 10695}}, {"service": {"name": "Immunization with additional vaccines"}, "facility": {"code": 10695}}, {"service": {"name": "Basic Immunization"}, "facility": {"code": 10695}}, {"service": {"name": "Long Term FP"}, "facility": {"code": 10695}}, {"service": {"name": "Short Term FP"}, "facility": {"code": 10695}}, {"service": {"name": "Focused Antenatal Care"}, "facility": {"code": 10695}}, {"service": {"name": "PMTCT - ANC"}, "facility": {"code": 10695}}, {"service": {"name": "Early Infant Diagnosis"}, "facility": {"code": 10695}}, {"service": {"name": "Diagnostic Counselling and Testing"}, "facility": {"code": 10695}}, {"service": {"name": "Provider Initiated Counselling and Testing"}, "facility": {"code": 10695}}, {"service": {"name": "Voluntary Counselling and Testing"}, "facility": {"code": 10695}}, {"service": {"name": "Management of STIs"}, "facility": {"code": 10695}}, {"service": {"name": "Curative Services"}, "facility": {"code": 18553}}, {"service": {"name": "Short Term FP"}, "facility": {"code": 18553}}, {"service": {"name": "Condom Promotion and Distribution"}, "facility": {"code": 18553}}, {"service": {"name": "Emergency Obstetric Care"}, "facility": {"code": 10184}}, {"service": {"name": "Services for Sexual Violence Survivors"}, "facility": {"code": 10184}}, {"service": {"name": "Laboratory Services"}, "facility": {"code": 10184}}, {"service": {"name": "Curative Services"}, "facility": {"code": 10184}}, {"service": {"name": "Maternity Services"}, "facility": {"code": 10184}}, {"service": {"name": "Basic Immunization"}, "facility": {"code": 10184}}, {"service": {"name": "Focused Antenatal Care"}, "facility": {"code": 10184}}, {"service": {"name": "Long Term FP"}, "facility": {"code": 10184}}, {"service": {"name": "Short Term FP"}, "facility": {"code": 10184}}, {"service": {"name": "PMTCT - Maternity"}, "facility": {"code": 10184}}, {"service": {"name": "PMTCT - ANC"}, "facility": {"code": 10184}}, {"service": {"name": "Diagnostic Counselling and Testing"}, "facility": {"code": 10184}}, {"service": {"name": "Provider Initiated Counselling and Testing"}, "facility": {"code": 10184}}, {"service": {"name": "Voluntary Counselling and Testing"}, "facility": {"code": 10184}}, {"service": {"name": "Management of STIs"}, "facility": {"code": 10184}}, {"service": {"name": "Condom Promotion and Distribution"}, "facility": {"code": 10184}}, {"service": {"name": "Emergency Preparedness"}, "facility": {"code": 16751}}, {"service": {"name": "Nutrition Services"}, "facility": {"code": 16751}}, {"service": {"name": "Laboratory Services"}, "facility": {"code": 16751}}, {"service": {"name": "Curative Services"}, "facility": {"code": 16751}}, {"service": {"name": "Focused Antenatal Care"}, "facility": {"code": 16751}}, {"service": {"name": "Basic Immunization"}, "facility": {"code": 16751}}, {"service": {"name": "Long Term FP"}, "facility": {"code": 16751}}, {"service": {"name": "Short Term FP"}, "facility": {"code": 16751}}, {"service": {"name": "Diagnostic Counselling and Testing"}, "facility": {"code": 16751}}, {"service": {"name": "Provider Initiated Counselling and Testing"}, "facility": {"code": 16751}}, {"service": {"name": "Voluntary Counselling and Testing"}, "facility": {"code": 16751}}, {"service": {"name": "Management of STIs"}, "facility": {"code": 16751}}, {"service": {"name": "Condom Promotion and Distribution"}, "facility": {"code": 16751}}, {"service": {"name": "Curative Services"}, "facility": {"code": 18552}}, {"service": {"name": "Short Term FP"}, "facility": {"code": 18552}}, {"service": {"name": "Nutrition Services"}, "facility": {"code": 10162}}, {"service": {"name": "Integrated Management of Childhood Illnesses"}, "facility": {"code": 10162}}, {"service": {"name": "Radiology Services"}, "facility": {"code": 10162}}, {"service": {"name": "Permanent FP"}, "facility": {"code": 10162}}, {"service": {"name": "Curative Services"}, "facility": {"code": 18551}}, {"service": {"name": "Immunization with additional vaccines"}, "facility": {"code": 18551}}, {"service": {"name": "Basic Immunization"}, "facility": {"code": 18551}}, {"service": {"name": "Focused Antenatal Care"}, "facility": {"code": 18551}}, {"service": {"name": "Long Term FP"}, "facility": {"code": 18551}}, {"service": {"name": "Short Term FP"}, "facility": {"code": 18551}}, {"service": {"name": "PMTCT - ANC"}, "facility": {"code": 18551}}, {"service": {"name": "Diagnostic Counselling and Testing"}, "facility": {"code": 18551}}, {"service": {"name": "Provider Initiated Counselling and Testing"}, "facility": {"code": 18551}}, {"service": {"name": "Voluntary Counselling and Testing"}, "facility": {"code": 18551}}, {"service": {"name": "Management of STIs"}, "facility": {"code": 18551}}, {"service": {"name": "Condom Promotion and Distribution"}, "facility": {"code": 18551}}, {"service": {"name": "Curative Services"}, "facility": {"code": 18550}}, {"service": {"name": "Immunization with additional vaccines"}, "facility": {"code": 18550}}, {"service": {"name": "Basic Immunization"}, "facility": {"code": 18550}}, {"service": {"name": "Focused Antenatal Care"}, "facility": {"code": 18550}}, {"service": {"name": "Long Term FP"}, "facility": {"code": 18550}}, {"service": {"name": "Short Term FP"}, "facility": {"code": 18550}}, {"service": {"name": "Post Exposure Prophylaxis"}, "facility": {"code": 18550}}, {"service": {"name": "Voluntary Male Circumcision"}, "facility": {"code": 18550}}, {"service": {"name": "PMTCT - Maternity"}, "facility": {"code": 18550}}, {"service": {"name": "PMTCT - ANC"}, "facility": {"code": 18550}}, {"service": {"name": "Early Infant Diagnosis"}, "facility": {"code": 18550}}, {"service": {"name": "Diagnostic Counselling and Testing"}, "facility": {"code": 18550}}, {"service": {"name": "Provider Initiated Counselling and Testing"}, "facility": {"code": 18550}}, {"service": {"name": "Voluntary Counselling and Testing"}, "facility": {"code": 18550}}, {"service": {"name": "Management of STIs"}, "facility": {"code": 18550}}, {"service": {"name": "Condom Promotion and Distribution"}, "facility": {"code": 18550}}, {"service": {"name": "Emergency Preparedness"}, "facility": {"code": 18549}}, {"service": {"name": "Provider Initiated Counselling and Testing"}, "facility": {"code": 18549}}, {"service": {"name": "Voluntary Counselling and Testing"}, "facility": {"code": 18549}}, {"service": {"name": "Condom Promotion and Distribution"}, "facility": {"code": 18549}}, {"service": {"name": "Surgical Services"}, "facility": {"code": 18548}}, {"service": {"name": "Oral Health Services (Dental Services)"}, "facility": {"code": 18548}}, {"service": {"name": "Emergency Obstetric Care"}, "facility": {"code": 18548}}, {"service": {"name": "Maternity Services"}, "facility": {"code": 18548}}, {"service": {"name": "Curative Services"}, "facility": {"code": 18548}}, {"service": {"name": "Focused Antenatal Care"}, "facility": {"code": 18548}}, {"service": {"name": "Long Term FP"}, "facility": {"code": 18548}}, {"service": {"name": "Short Term FP"}, "facility": {"code": 18548}}, {"service": {"name": "Post Exposure Prophylaxis"}, "facility": {"code": 18548}}, {"service": {"name": "Voluntary Male Circumcision"}, "facility": {"code": 18548}}, {"service": {"name": "Diagnostic Counselling and Testing"}, "facility": {"code": 18548}}, {"service": {"name": "Provider Initiated Counselling and Testing"}, "facility": {"code": 18548}}, {"service": {"name": "Management of STIs"}, "facility": {"code": 18548}}, {"service": {"name": "Condom Promotion and Distribution"}, "facility": {"code": 18548}}, {"service": {"name": "Emergency Obstetric Care"}, "facility": {"code": 18547}}, {"service": {"name": "Environmental Health Services"}, "facility": {"code": 18547}}, {"service": {"name": "Nutrition Services"}, "facility": {"code": 18547}}, {"service": {"name": "Curative Services"}, "facility": {"code": 18547}}, {"service": {"name": "Long Term FP"}, "facility": {"code": 18547}}, {"service": {"name": "Short Term FP"}, "facility": {"code": 18547}}, {"service": {"name": "Diagnostic Counselling and Testing"}, "facility": {"code": 18547}}, {"service": {"name": "Provider Initiated Counselling and Testing"}, "facility": {"code": 18547}}, {"service": {"name": "Voluntary Counselling and Testing"}, "facility": {"code": 18547}}, {"service": {"name": "Management of STIs"}, "facility": {"code": 18547}}, {"service": {"name": "Condom Promotion and Distribution"}, "facility": {"code": 18547}}, {"service": {"name": "Laboratory Services"}, "facility": {"code": 18545}}, {"service": {"name": "Curative Services"}, "facility": {"code": 18545}}, {"service": {"name": "Short Term FP"}, "facility": {"code": 18545}}, {"service": {"name": "Management of STIs"}, "facility": {"code": 18545}}, {"service": {"name": "Condom Promotion and Distribution"}, "facility": {"code": 14179}}, {"service": {"name": "Voluntary Counselling and Testing"}, "facility": {"code": 18543}}, {"service": {"name": "Condom Promotion and Distribution"}, "facility": {"code": 18543}}, {"service": {"name": "Laboratory Services"}, "facility": {"code": 18542}}, {"service": {"name": "Curative Services"}, "facility": {"code": 18542}}, {"service": {"name": "Focused Antenatal Care"}, "facility": {"code": 18542}}, {"service": {"name": "PMTCT - ANC"}, "facility": {"code": 18542}}, {"service": {"name": "Voluntary Counselling and Testing"}, "facility": {"code": 18542}}, {"service": {"name": "Curative Services"}, "facility": {"code": 10967}}, {"service": {"name": "Short Term FP"}, "facility": {"code": 10967}}, {"service": {"name": "Management of STIs"}, "facility": {"code": 10967}}, {"service": {"name": "Condom Promotion and Distribution"}, "facility": {"code": 10967}}, {"service": {"name": "Emergency Obstetric Care"}, "facility": {"code": 18538}}, {"service": {"name": "Laboratory Services"}, "facility": {"code": 18538}}, {"service": {"name": "Surgical Services"}, "facility": {"code": 18538}}, {"service": {"name": "Maternity Services"}, "facility": {"code": 18538}}, {"service": {"name": "Curative Services"}, "facility": {"code": 18538}}, {"service": {"name": "Short Term FP"}, "facility": {"code": 18538}}, {"service": {"name": "Basic Immunization"}, "facility": {"code": 18538}}, {"service": {"name": "PMTCT - ANC"}, "facility": {"code": 18538}}, {"service": {"name": "Diagnostic Counselling and Testing"}, "facility": {"code": 18538}}, {"service": {"name": "Provider Initiated Counselling and Testing"}, "facility": {"code": 18538}}, {"service": {"name": "Condom Promotion and Distribution"}, "facility": {"code": 18538}}, {"service": {"name": "Nutrition Services"}, "facility": {"code": 14966}}, {"service": {"name": "Surgical Services"}, "facility": {"code": 18456}}, {"service": {"name": "Short Term FP"}, "facility": {"code": 18456}}, {"service": {"name": "Post Exposure Prophylaxis"}, "facility": {"code": 18456}}, {"service": {"name": "Voluntary Counselling and Testing"}, "facility": {"code": 13562}}, {"service": {"name": "Environmental Health Services"}, "facility": {"code": 13562}}, {"service": {"name": "Opthalmic Services"}, "facility": {"code": 13562}}, {"service": {"name": "Nutrition Services"}, "facility": {"code": 13562}}, {"service": {"name": "Laboratory Services"}, "facility": {"code": 13562}}, {"service": {"name": "Surgical Services"}, "facility": {"code": 13562}}, {"service": {"name": "Maternity Services"}, "facility": {"code": 13562}}, {"service": {"name": "Curative Services"}, "facility": {"code": 13562}}, {"service": {"name": "Short Term FP"}, "facility": {"code": 13562}}, {"service": {"name": "Emergency Preparedness"}, "facility": {"code": 18536}}, {"service": {"name": "ENT Services"}, "facility": {"code": 18536}}, {"service": {"name": "Dental Laboratory Services"}, "facility": {"code": 18536}}, {"service": {"name": "Oral Health Services (Dental Services)"}, "facility": {"code": 18536}}, {"service": {"name": "Emergency Obstetric Care"}, "facility": {"code": 18536}}, {"service": {"name": "Environmental Health Services"}, "facility": {"code": 18536}}, {"service": {"name": "Rehabilitative Health Services - Physiotherapy"}, "facility": {"code": 18536}}, {"service": {"name": "Services for Sexual Violence Survivors"}, "facility": {"code": 18536}}, {"service": {"name": "Mental Health Services"}, "facility": {"code": 18536}}, {"service": {"name": "Opthalmic Services"}, "facility": {"code": 18536}}, {"service": {"name": "Nutrition Services"}, "facility": {"code": 18536}}, {"service": {"name": "Integrated Management of Childhood Illnesses"}, "facility": {"code": 18536}}, {"service": {"name": "Radiology Services"}, "facility": {"code": 18536}}, {"service": {"name": "Surgical Services"}, "facility": {"code": 18536}}, {"service": {"name": "Maternity Services"}, "facility": {"code": 18536}}, {"service": {"name": "Curative Services"}, "facility": {"code": 18536}}, {"service": {"name": "Focused Antenatal Care"}, "facility": {"code": 18536}}, {"service": {"name": "Integrated Services"}, "facility": {"code": 18536}}, {"service": {"name": "PMTCT - ANC"}, "facility": {"code": 18536}}, {"service": {"name": "Diagnostic Counselling and Testing"}, "facility": {"code": 18536}}, {"service": {"name": "Provider Initiated Counselling and Testing"}, "facility": {"code": 18536}}, {"service": {"name": "Management of STIs"}, "facility": {"code": 18536}}, {"service": {"name": "Condom Promotion and Distribution"}, "facility": {"code": 18536}}, {"service": {"name": "Nutrition Services"}, "facility": {"code": 12699}}, {"service": {"name": "Curative Services"}, "facility": {"code": 12699}}, {"service": {"name": "Basic Immunization"}, "facility": {"code": 12699}}, {"service": {"name": "Short Term FP"}, "facility": {"code": 12699}}, {"service": {"name": "Diagnostic Counselling and Testing"}, "facility": {"code": 12699}}, {"service": {"name": "Provider Initiated Counselling and Testing"}, "facility": {"code": 12699}}, {"service": {"name": "Voluntary Counselling and Testing"}, "facility": {"code": 12699}}, {"service": {"name": "Condom Promotion and Distribution"}, "facility": {"code": 18535}}, {"service": {"name": "Voluntary Counselling and Testing"}, "facility": {"code": 18535}}, {"service": {"name": "Laboratory Services"}, "facility": {"code": 18534}}, {"service": {"name": "Surgical Services"}, "facility": {"code": 18534}}, {"service": {"name": "Curative Services"}, "facility": {"code": 18534}}, {"service": {"name": "Focused Antenatal Care"}, "facility": {"code": 18534}}, {"service": {"name": "Short Term FP"}, "facility": {"code": 18534}}, {"service": {"name": "Post Exposure Prophylaxis"}, "facility": {"code": 18534}}, {"service": {"name": "Diagnostic Counselling and Testing"}, "facility": {"code": 18534}}, {"service": {"name": "Provider Initiated Counselling and Testing"}, "facility": {"code": 18534}}, {"service": {"name": "Management of STIs"}, "facility": {"code": 18534}}, {"service": {"name": "Condom Promotion and Distribution"}, "facility": {"code": 18534}}, {"service": {"name": "Nutrition Services"}, "facility": {"code": 13705}}, {"service": {"name": "Emergency Preparedness"}, "facility": {"code": 18533}}, {"service": {"name": "Nutrition Services"}, "facility": {"code": 18533}}, {"service": {"name": "Laboratory Services"}, "facility": {"code": 18533}}, {"service": {"name": "Curative Services"}, "facility": {"code": 18533}}, {"service": {"name": "Facility Based Blood Collection Service"}, "facility": {"code": 18533}}, {"service": {"name": "Short Term FP"}, "facility": {"code": 18533}}, {"service": {"name": "Diagnostic Counselling and Testing"}, "facility": {"code": 18533}}, {"service": {"name": "Provider Initiated Counselling and Testing"}, "facility": {"code": 18533}}, {"service": {"name": "Management of STIs"}, "facility": {"code": 18533}}], "unique_fields": ["facility", "service"], "model": "facilities.FacilityService"}]