[{"records": [{"service": {"name": "Condom Promotion and Distribution"}, "facility": {"code": 18533}}, {"service": {"name": "Emergency Preparedness"}, "facility": {"code": 18532}}, {"service": {"name": "Emergency Obstetric Care"}, "facility": {"code": 18532}}, {"service": {"name": "Environmental Health Services"}, "facility": {"code": 18532}}, {"service": {"name": "Services for Sexual Violence Survivors"}, "facility": {"code": 18532}}, {"service": {"name": "Nutrition Services"}, "facility": {"code": 18532}}, {"service": {"name": "Integrated Management of Childhood Illnesses"}, "facility": {"code": 18532}}, {"service": {"name": "Maternity Services"}, "facility": {"code": 18532}}, {"service": {"name": "Curative Services"}, "facility": {"code": 18532}}, {"service": {"name": "Services for Female Genital Mutilation (FGM) Survivors"}, "facility": {"code": 18532}}, {"service": {"name": "Basic Immunization"}, "facility": {"code": 18532}}, {"service": {"name": "Focused Antenatal Care"}, "facility": {"code": 18532}}, {"service": {"name": "Long Term FP"}, "facility": {"code": 18532}}, {"service": {"name": "Short Term FP"}, "facility": {"code": 18532}}, {"service": {"name": "Home Based Care"}, "facility": {"code": 18532}}, {"service": {"name": "Post Exposure Prophylaxis"}, "facility": {"code": 18532}}, {"service": {"name": "PMTCT - ANC"}, "facility": {"code": 18532}}, {"service": {"name": "Early Infant Diagnosis"}, "facility": {"code": 18532}}, {"service": {"name": "Diagnostic Counselling and Testing"}, "facility": {"code": 18532}}, {"service": {"name": "Provider Initiated Counselling and Testing"}, "facility": {"code": 18532}}, {"service": {"name": "Voluntary Counselling and Testing"}, "facility": {"code": 18532}}, {"service": {"name": "Management of STIs"}, "facility": {"code": 18532}}, {"service": {"name": "Condom Promotion and Distribution"}, "facility": {"code": 18532}}, {"service": {"name": "Focused Antenatal Care"}, "facility": {"code": 18530}}, {"service": {"name": "Short Term FP"}, "facility": {"code": 18530}}, {"service": {"name": "Curative Services"}, "facility": {"code": 18531}}, {"service": {"name": "Basic Immunization"}, "facility": {"code": 18531}}, {"service": {"name": "Focused Antenatal Care"}, "facility": {"code": 18531}}, {"service": {"name": "Short Term FP"}, "facility": {"code": 18531}}, {"service": {"name": "Management of STIs"}, "facility": {"code": 18531}}, {"service": {"name": "Condom Promotion and Distribution"}, "facility": {"code": 18531}}, {"service": {"name": "Curative Services"}, "facility": {"code": 18530}}, {"service": {"name": "Basic Immunization"}, "facility": {"code": 18530}}, {"service": {"name": "Management of STIs"}, "facility": {"code": 18530}}, {"service": {"name": "Condom Promotion and Distribution"}, "facility": {"code": 18530}}, {"service": {"name": "Integrated Management of Childhood Illnesses"}, "facility": {"code": 18529}}, {"service": {"name": "Nutrition Services"}, "facility": {"code": 18529}}, {"service": {"name": "Curative Services"}, "facility": {"code": 18529}}, {"service": {"name": "Immunization with additional vaccines"}, "facility": {"code": 18529}}, {"service": {"name": "Basic Immunization"}, "facility": {"code": 18529}}, {"service": {"name": "Short Term FP"}, "facility": {"code": 18529}}, {"service": {"name": "PMTCT - ANC"}, "facility": {"code": 18529}}, {"service": {"name": "Early Infant Diagnosis"}, "facility": {"code": 18529}}, {"service": {"name": "Provider Initiated Counselling and Testing"}, "facility": {"code": 18529}}, {"service": {"name": "Voluntary Counselling and Testing"}, "facility": {"code": 18529}}, {"service": {"name": "Management of STIs"}, "facility": {"code": 18529}}, {"service": {"name": "Condom Promotion and Distribution"}, "facility": {"code": 18529}}, {"service": {"name": "Emergency Preparedness"}, "facility": {"code": 18528}}, {"service": {"name": "Emergency Obstetric Care"}, "facility": {"code": 18528}}, {"service": {"name": "Laboratory Services"}, "facility": {"code": 18528}}, {"service": {"name": "Curative Services"}, "facility": {"code": 18528}}, {"service": {"name": "Focused Antenatal Care"}, "facility": {"code": 18528}}, {"service": {"name": "Short Term FP"}, "facility": {"code": 18528}}, {"service": {"name": "Post Exposure Prophylaxis"}, "facility": {"code": 18528}}, {"service": {"name": "PMTCT - ANC"}, "facility": {"code": 18528}}, {"service": {"name": "Early Infant Diagnosis"}, "facility": {"code": 18528}}, {"service": {"name": "Diagnostic Counselling and Testing"}, "facility": {"code": 18528}}, {"service": {"name": "Provider Initiated Counselling and Testing"}, "facility": {"code": 18528}}, {"service": {"name": "Management of STIs"}, "facility": {"code": 18528}}, {"service": {"name": "PMTCT - Maternity"}, "facility": {"code": 12582}}, {"service": {"name": "Voluntary Counselling and Testing"}, "facility": {"code": 18527}}, {"service": {"name": "Nutrition Services"}, "facility": {"code": 18523}}, {"service": {"name": "Curative Services"}, "facility": {"code": 18523}}, {"service": {"name": "PMTCT - ANC"}, "facility": {"code": 18523}}, {"service": {"name": "Basic Immunization"}, "facility": {"code": 18523}}, {"service": {"name": "Provider Initiated Counselling and Testing"}, "facility": {"code": 18523}}, {"service": {"name": "Management of STIs"}, "facility": {"code": 18523}}, {"service": {"name": "Condom Promotion and Distribution"}, "facility": {"code": 18523}}, {"service": {"name": "Nutrition Services"}, "facility": {"code": 18522}}, {"service": {"name": "Curative Services"}, "facility": {"code": 18522}}, {"service": {"name": "Basic Immunization"}, "facility": {"code": 18522}}, {"service": {"name": "PMTCT - ANC"}, "facility": {"code": 18522}}, {"service": {"name": "Provider Initiated Counselling and Testing"}, "facility": {"code": 18522}}, {"service": {"name": "Management of STIs"}, "facility": {"code": 18522}}, {"service": {"name": "Condom Promotion and Distribution"}, "facility": {"code": 18522}}, {"service": {"name": "Nutrition Services"}, "facility": {"code": 18520}}, {"service": {"name": "Curative Services"}, "facility": {"code": 18520}}, {"service": {"name": "Basic Immunization"}, "facility": {"code": 18520}}, {"service": {"name": "PMTCT - ANC"}, "facility": {"code": 18520}}, {"service": {"name": "Provider Initiated Counselling and Testing"}, "facility": {"code": 18520}}, {"service": {"name": "Management of STIs"}, "facility": {"code": 18520}}, {"service": {"name": "Condom Promotion and Distribution"}, "facility": {"code": 18520}}, {"service": {"name": "Emergency Obstetric Care"}, "facility": {"code": 18518}}, {"service": {"name": "Services for Sexual Violence Survivors"}, "facility": {"code": 18518}}, {"service": {"name": "Nutrition Services"}, "facility": {"code": 18518}}, {"service": {"name": "Integrated Management of Childhood Illnesses"}, "facility": {"code": 18518}}, {"service": {"name": "Laboratory Services"}, "facility": {"code": 18518}}, {"service": {"name": "Radiology Services"}, "facility": {"code": 18518}}, {"service": {"name": "Curative Services"}, "facility": {"code": 18518}}, {"service": {"name": "First Line Treatment"}, "facility": {"code": 18518}}, {"service": {"name": "Tuberculosis Culture"}, "facility": {"code": 18518}}, {"service": {"name": "Smear Microscopy"}, "facility": {"code": 18518}}, {"service": {"name": "Integrated Services"}, "facility": {"code": 18518}}, {"service": {"name": "Long Term FP"}, "facility": {"code": 18518}}, {"service": {"name": "Short Term FP"}, "facility": {"code": 18518}}, {"service": {"name": "Home Based Care"}, "facility": {"code": 18518}}, {"service": {"name": "Adult Antiretroviral Therapy"}, "facility": {"code": 18518}}, {"service": {"name": "Paediatric Antiretroviral Therapy"}, "facility": {"code": 18518}}, {"service": {"name": "Post Exposure Prophylaxis"}, "facility": {"code": 18518}}, {"service": {"name": "PMTCT - ANC"}, "facility": {"code": 18518}}, {"service": {"name": "Early Infant Diagnosis"}, "facility": {"code": 18518}}, {"service": {"name": "Diagnostic Counselling and Testing"}, "facility": {"code": 18518}}, {"service": {"name": "Provider Initiated Counselling and Testing"}, "facility": {"code": 18518}}, {"service": {"name": "Voluntary Counselling and Testing"}, "facility": {"code": 18518}}, {"service": {"name": "Management of STIs"}, "facility": {"code": 18518}}, {"service": {"name": "Condom Promotion and Distribution"}, "facility": {"code": 18518}}, {"service": {"name": "Curative Services"}, "facility": {"code": 18516}}, {"service": {"name": "Basic Immunization"}, "facility": {"code": 18516}}, {"service": {"name": "Long Term FP"}, "facility": {"code": 18516}}, {"service": {"name": "Short Term FP"}, "facility": {"code": 18516}}, {"service": {"name": "PMTCT - ANC"}, "facility": {"code": 18516}}, {"service": {"name": "Provider Initiated Counselling and Testing"}, "facility": {"code": 18516}}, {"service": {"name": "Management of STIs"}, "facility": {"code": 18516}}, {"service": {"name": "Condom Promotion and Distribution"}, "facility": {"code": 18516}}, {"service": {"name": "Emergency Obstetric Care"}, "facility": {"code": 18515}}, {"service": {"name": "Nutrition Services"}, "facility": {"code": 18515}}, {"service": {"name": "Integrated Management of Childhood Illnesses"}, "facility": {"code": 18515}}, {"service": {"name": "Services for Sexual Violence Survivors"}, "facility": {"code": 18515}}, {"service": {"name": "Laboratory Services"}, "facility": {"code": 18515}}, {"service": {"name": "Maternity Services"}, "facility": {"code": 18515}}, {"service": {"name": "Curative Services"}, "facility": {"code": 18515}}, {"service": {"name": "Basic Immunization"}, "facility": {"code": 18515}}, {"service": {"name": "Focused Antenatal Care"}, "facility": {"code": 18515}}, {"service": {"name": "Long Term FP"}, "facility": {"code": 18515}}, {"service": {"name": "Post Exposure Prophylaxis"}, "facility": {"code": 18515}}, {"service": {"name": "Voluntary Male Circumcision"}, "facility": {"code": 18515}}, {"service": {"name": "PMTCT - Maternity"}, "facility": {"code": 18515}}, {"service": {"name": "PMTCT - ANC"}, "facility": {"code": 18515}}, {"service": {"name": "Early Infant Diagnosis"}, "facility": {"code": 18515}}, {"service": {"name": "Diagnostic Counselling and Testing"}, "facility": {"code": 18515}}, {"service": {"name": "Provider Initiated Counselling and Testing"}, "facility": {"code": 18515}}, {"service": {"name": "Voluntary Counselling and Testing"}, "facility": {"code": 18515}}, {"service": {"name": "Management of STIs"}, "facility": {"code": 18515}}, {"service": {"name": "Curative Services"}, "facility": {"code": 18514}}, {"service": {"name": "Basic Immunization"}, "facility": {"code": 18514}}, {"service": {"name": "Long Term FP"}, "facility": {"code": 18514}}, {"service": {"name": "Short Term FP"}, "facility": {"code": 18514}}, {"service": {"name": "Early Infant Diagnosis"}, "facility": {"code": 18514}}, {"service": {"name": "Provider Initiated Counselling and Testing"}, "facility": {"code": 18514}}, {"service": {"name": "Management of STIs"}, "facility": {"code": 18514}}, {"service": {"name": "Condom Promotion and Distribution"}, "facility": {"code": 18514}}, {"service": {"name": "Curative Services"}, "facility": {"code": 18513}}, {"service": {"name": "Basic Immunization"}, "facility": {"code": 18513}}, {"service": {"name": "Long Term FP"}, "facility": {"code": 18513}}, {"service": {"name": "Short Term FP"}, "facility": {"code": 18513}}, {"service": {"name": "Provider Initiated Counselling and Testing"}, "facility": {"code": 18513}}, {"service": {"name": "Management of STIs"}, "facility": {"code": 18513}}, {"service": {"name": "Condom Promotion and Distribution"}, "facility": {"code": 18513}}, {"service": {"name": "Emergency Obstetric Care"}, "facility": {"code": 18512}}, {"service": {"name": "Nutrition Services"}, "facility": {"code": 18512}}, {"service": {"name": "Integrated Management of Childhood Illnesses"}, "facility": {"code": 18512}}, {"service": {"name": "Laboratory Services"}, "facility": {"code": 18512}}, {"service": {"name": "Surgical Services"}, "facility": {"code": 18512}}, {"service": {"name": "Maternity Services"}, "facility": {"code": 18512}}, {"service": {"name": "Curative Services"}, "facility": {"code": 18512}}, {"service": {"name": "Basic Immunization"}, "facility": {"code": 18512}}, {"service": {"name": "Focused Antenatal Care"}, "facility": {"code": 18512}}, {"service": {"name": "PMTCT - Maternity"}, "facility": {"code": 18512}}, {"service": {"name": "PMTCT - ANC"}, "facility": {"code": 18512}}, {"service": {"name": "Diagnostic Counselling and Testing"}, "facility": {"code": 18512}}, {"service": {"name": "Provider Initiated Counselling and Testing"}, "facility": {"code": 18512}}, {"service": {"name": "Management of STIs"}, "facility": {"code": 18512}}, {"service": {"name": "Emergency Obstetric Care"}, "facility": {"code": 18511}}, {"service": {"name": "Nutrition Services"}, "facility": {"code": 18511}}, {"service": {"name": "Curative Services"}, "facility": {"code": 18511}}, {"service": {"name": "Short Term FP"}, "facility": {"code": 18511}}, {"service": {"name": "Condom Promotion and Distribution"}, "facility": {"code": 18511}}, {"service": {"name": "Curative Services"}, "facility": {"code": 18510}}, {"service": {"name": "Basic Immunization"}, "facility": {"code": 18510}}, {"service": {"name": "Long Term FP"}, "facility": {"code": 18510}}, {"service": {"name": "Short Term FP"}, "facility": {"code": 18510}}, {"service": {"name": "Management of STIs"}, "facility": {"code": 18510}}, {"service": {"name": "Condom Promotion and Distribution"}, "facility": {"code": 18510}}, {"service": {"name": "Curative Services"}, "facility": {"code": 18509}}, {"service": {"name": "Long Term FP"}, "facility": {"code": 18509}}, {"service": {"name": "Short Term FP"}, "facility": {"code": 18509}}, {"service": {"name": "Voluntary Male Circumcision"}, "facility": {"code": 18509}}, {"service": {"name": "Early Infant Diagnosis"}, "facility": {"code": 18509}}, {"service": {"name": "Provider Initiated Counselling and Testing"}, "facility": {"code": 18509}}, {"service": {"name": "Management of STIs"}, "facility": {"code": 18509}}, {"service": {"name": "Condom Promotion and Distribution"}, "facility": {"code": 18509}}, {"service": {"name": "Curative Services"}, "facility": {"code": 18508}}, {"service": {"name": "Provider Initiated Counselling and Testing"}, "facility": {"code": 18508}}, {"service": {"name": "Management of STIs"}, "facility": {"code": 18508}}, {"service": {"name": "Condom Promotion and Distribution"}, "facility": {"code": 18508}}, {"service": {"name": "Curative Services"}, "facility": {"code": 18507}}, {"service": {"name": "Voluntary Counselling and Testing"}, "facility": {"code": 18507}}, {"service": {"name": "Management of STIs"}, "facility": {"code": 18507}}, {"service": {"name": "Condom Promotion and Distribution"}, "facility": {"code": 18507}}, {"service": {"name": "Voluntary Male Circumcision"}, "facility": {"code": 16667}}, {"service": {"name": "Basic Immunization"}, "facility": {"code": 17476}}, {"service": {"name": "Curative Services"}, "facility": {"code": 15044}}, {"service": {"name": "Maternity Services"}, "facility": {"code": 15044}}, {"service": {"name": "Emergency Preparedness"}, "facility": {"code": 15044}}, {"service": {"name": "Environmental Health Services"}, "facility": {"code": 15044}}, {"service": {"name": "Nutrition Services"}, "facility": {"code": 15044}}, {"service": {"name": "Basic Immunization"}, "facility": {"code": 15044}}, {"service": {"name": "Short Term FP"}, "facility": {"code": 15044}}, {"service": {"name": "Management of STIs"}, "facility": {"code": 15044}}, {"service": {"name": "Condom Promotion and Distribution"}, "facility": {"code": 15044}}, {"service": {"name": "Nutrition Services"}, "facility": {"code": 18506}}, {"service": {"name": "Curative Services"}, "facility": {"code": 18506}}, {"service": {"name": "Basic Immunization"}, "facility": {"code": 18506}}, {"service": {"name": "PMTCT - Maternity"}, "facility": {"code": 18506}}, {"service": {"name": "PMTCT - ANC"}, "facility": {"code": 18506}}, {"service": {"name": "Provider Initiated Counselling and Testing"}, "facility": {"code": 18506}}, {"service": {"name": "Management of STIs"}, "facility": {"code": 18506}}, {"service": {"name": "Condom Promotion and Distribution"}, "facility": {"code": 18506}}, {"service": {"name": "Specialized ANC"}, "facility": {"code": 18323}}, {"service": {"name": "First Line Treatment"}, "facility": {"code": 16168}}, {"service": {"name": "PMTCT - Maternity"}, "facility": {"code": 16168}}, {"service": {"name": "PMTCT - ANC"}, "facility": {"code": 16168}}, {"service": {"name": "Nutrition Services"}, "facility": {"code": 16835}}, {"service": {"name": "Curative Services"}, "facility": {"code": 16835}}, {"service": {"name": "Curative Services"}, "facility": {"code": 18503}}, {"service": {"name": "Short Term FP"}, "facility": {"code": 18503}}, {"service": {"name": "Post Exposure Prophylaxis"}, "facility": {"code": 18503}}, {"service": {"name": "Voluntary Male Circumcision"}, "facility": {"code": 18503}}, {"service": {"name": "Provider Initiated Counselling and Testing"}, "facility": {"code": 18503}}, {"service": {"name": "Voluntary Counselling and Testing"}, "facility": {"code": 18503}}, {"service": {"name": "Management of STIs"}, "facility": {"code": 18503}}, {"service": {"name": "Condom Promotion and Distribution"}, "facility": {"code": 18503}}, {"service": {"name": "Curative Services"}, "facility": {"code": 18502}}, {"service": {"name": "Short Term FP"}, "facility": {"code": 18502}}, {"service": {"name": "Post Exposure Prophylaxis"}, "facility": {"code": 18502}}, {"service": {"name": "Voluntary Male Circumcision"}, "facility": {"code": 18502}}, {"service": {"name": "Diagnostic Counselling and Testing"}, "facility": {"code": 18502}}, {"service": {"name": "Provider Initiated Counselling and Testing"}, "facility": {"code": 18502}}, {"service": {"name": "Voluntary Counselling and Testing"}, "facility": {"code": 18502}}, {"service": {"name": "Management of STIs"}, "facility": {"code": 18502}}, {"service": {"name": "Condom Promotion and Distribution"}, "facility": {"code": 18502}}, {"service": {"name": "Emergency Preparedness"}, "facility": {"code": 18501}}, {"service": {"name": "Emergency Obstetric Care"}, "facility": {"code": 18501}}, {"service": {"name": "Nutrition Services"}, "facility": {"code": 18501}}, {"service": {"name": "Laboratory Services"}, "facility": {"code": 18501}}, {"service": {"name": "Curative Services"}, "facility": {"code": 18501}}, {"service": {"name": "Integrated Services"}, "facility": {"code": 18501}}, {"service": {"name": "Emergency Obstetric Care"}, "facility": {"code": 18500}}, {"service": {"name": "Nutrition Services"}, "facility": {"code": 18500}}, {"service": {"name": "Integrated Management of Childhood Illnesses"}, "facility": {"code": 18500}}, {"service": {"name": "Curative Services"}, "facility": {"code": 18500}}, {"service": {"name": "Focused Antenatal Care"}, "facility": {"code": 18500}}, {"service": {"name": "Short Term FP"}, "facility": {"code": 18500}}, {"service": {"name": "PMTCT - ANC"}, "facility": {"code": 18500}}, {"service": {"name": "Provider Initiated Counselling and Testing"}, "facility": {"code": 18500}}, {"service": {"name": "Management of STIs"}, "facility": {"code": 18500}}, {"service": {"name": "Condom Promotion and Distribution"}, "facility": {"code": 18500}}, {"service": {"name": "Emergency Preparedness"}, "facility": {"code": 18498}}, {"service": {"name": "ENT Services"}, "facility": {"code": 18498}}, {"service": {"name": "Oral Health Services (Dental Services)"}, "facility": {"code": 18498}}, {"service": {"name": "Emergency Obstetric Care"}, "facility": {"code": 18498}}, {"service": {"name": "Rehabilitative Health Services - Physiotherapy"}, "facility": {"code": 18498}}, {"service": {"name": "Services for Sexual Violence Survivors"}, "facility": {"code": 18498}}, {"service": {"name": "Nutrition Services"}, "facility": {"code": 18498}}, {"service": {"name": "Integrated Management of Childhood Illnesses"}, "facility": {"code": 18498}}, {"service": {"name": "Ambulance Sevices"}, "facility": {"code": 18498}}, {"service": {"name": "Laboratory Services"}, "facility": {"code": 18498}}, {"service": {"name": "Radiology Services"}, "facility": {"code": 18498}}, {"service": {"name": "Surgical Services"}, "facility": {"code": 18498}}, {"service": {"name": "Maternity Services"}, "facility": {"code": 18498}}, {"service": {"name": "Curative Services"}, "facility": {"code": 18498}}, {"service": {"name": "Facility Based Blood Transfusion Service"}, "facility": {"code": 18498}}, {"service": {"name": "Facility Based Blood Collection Service"}, "facility": {"code": 18498}}, {"service": {"name": "Rehabilitative Health Services - Orthopaedic Technology"}, "facility": {"code": 18498}}, {"service": {"name": "First Line Treatment"}, "facility": {"code": 18498}}, {"service": {"name": "Smear Microscopy"}, "facility": {"code": 18498}}, {"service": {"name": "Immunization with additional vaccines"}, "facility": {"code": 18498}}, {"service": {"name": "Basic Immunization"}, "facility": {"code": 18498}}, {"service": {"name": "Specialized ANC"}, "facility": {"code": 18498}}, {"service": {"name": "Focused Antenatal Care"}, "facility": {"code": 18498}}, {"service": {"name": "Permanent FP"}, "facility": {"code": 18498}}, {"service": {"name": "Long Term FP"}, "facility": {"code": 18498}}, {"service": {"name": "Short Term FP"}, "facility": {"code": 18498}}, {"service": {"name": "Adult Antiretroviral Therapy"}, "facility": {"code": 18498}}, {"service": {"name": "Paediatric Antiretroviral Therapy"}, "facility": {"code": 18498}}, {"service": {"name": "Post Exposure Prophylaxis"}, "facility": {"code": 18498}}, {"service": {"name": "Voluntary Male Circumcision"}, "facility": {"code": 18498}}, {"service": {"name": "PMTCT - Maternity"}, "facility": {"code": 18498}}, {"service": {"name": "PMTCT - ANC"}, "facility": {"code": 18498}}, {"service": {"name": "Early Infant Diagnosis"}, "facility": {"code": 18498}}, {"service": {"name": "Provider Initiated Counselling and Testing"}, "facility": {"code": 18498}}, {"service": {"name": "Diagnostic Counselling and Testing"}, "facility": {"code": 18498}}, {"service": {"name": "Management of STIs"}, "facility": {"code": 18498}}, {"service": {"name": "Condom Promotion and Distribution"}, "facility": {"code": 18498}}, {"service": {"name": "Emergency Preparedness"}, "facility": {"code": 18497}}, {"service": {"name": "Emergency Obstetric Care"}, "facility": {"code": 18497}}, {"service": {"name": "Services for Sexual Violence Survivors"}, "facility": {"code": 18497}}, {"service": {"name": "Nutrition Services"}, "facility": {"code": 18497}}, {"service": {"name": "Integrated Management of Childhood Illnesses"}, "facility": {"code": 18497}}, {"service": {"name": "Curative Services"}, "facility": {"code": 18497}}, {"service": {"name": "Immunization with additional vaccines"}, "facility": {"code": 18497}}, {"service": {"name": "Basic Immunization"}, "facility": {"code": 18497}}, {"service": {"name": "Focused Antenatal Care"}, "facility": {"code": 18497}}, {"service": {"name": "Short Term FP"}, "facility": {"code": 18497}}, {"service": {"name": "Voluntary Male Circumcision"}, "facility": {"code": 18497}}, {"service": {"name": "PMTCT - ANC"}, "facility": {"code": 18497}}, {"service": {"name": "Provider Initiated Counselling and Testing"}, "facility": {"code": 18497}}, {"service": {"name": "Voluntary Counselling and Testing"}, "facility": {"code": 18497}}, {"service": {"name": "Management of STIs"}, "facility": {"code": 18497}}, {"service": {"name": "Condom Promotion and Distribution"}, "facility": {"code": 18497}}, {"service": {"name": "Curative Services"}, "facility": {"code": 13348}}, {"service": {"name": "Nutrition Services"}, "facility": {"code": 18496}}, {"service": {"name": "Integrated Management of Childhood Illnesses"}, "facility": {"code": 18496}}, {"service": {"name": "Emergency Obstetric Care"}, "facility": {"code": 16065}}, {"service": {"name": "Laboratory Services"}, "facility": {"code": 16065}}, {"service": {"name": "Curative Services"}, "facility": {"code": 16065}}, {"service": {"name": "Basic Immunization"}, "facility": {"code": 16065}}, {"service": {"name": "Laboratory Services"}, "facility": {"code": 18496}}, {"service": {"name": "Condom Promotion and Distribution"}, "facility": {"code": 16065}}, {"service": {"name": "Surgical Services"}, "facility": {"code": 18496}}, {"service": {"name": "Curative Services"}, "facility": {"code": 18496}}, {"service": {"name": "First Line Treatment"}, "facility": {"code": 18496}}, {"service": {"name": "Focused Antenatal Care"}, "facility": {"code": 18496}}, {"service": {"name": "Long Term FP"}, "facility": {"code": 18496}}, {"service": {"name": "Short Term FP"}, "facility": {"code": 18496}}, {"service": {"name": "PMTCT - ANC"}, "facility": {"code": 18496}}, {"service": {"name": "Condom Promotion and Distribution"}, "facility": {"code": 18340}}, {"service": {"name": "Diagnostic Counselling and Testing"}, "facility": {"code": 18496}}, {"service": {"name": "Provider Initiated Counselling and Testing"}, "facility": {"code": 18496}}, {"service": {"name": "Curative Services"}, "facility": {"code": 18340}}, {"service": {"name": "Management of STIs"}, "facility": {"code": 18496}}, {"service": {"name": "Condom Promotion and Distribution"}, "facility": {"code": 18496}}, {"service": {"name": "Paediatric Antiretroviral Therapy"}, "facility": {"code": 13044}}, {"service": {"name": "Adult Antiretroviral Therapy"}, "facility": {"code": 13044}}, {"service": {"name": "Early Infant Diagnosis"}, "facility": {"code": 13044}}, {"service": {"name": "Short Term FP"}, "facility": {"code": 13517}}, {"service": {"name": "Environmental Health Services"}, "facility": {"code": 13517}}, {"service": {"name": "Nutrition Services"}, "facility": {"code": 13517}}, {"service": {"name": "Integrated Management of Childhood Illnesses"}, "facility": {"code": 13517}}, {"service": {"name": "Laboratory Services"}, "facility": {"code": 13517}}, {"service": {"name": "Surgical Services"}, "facility": {"code": 13517}}, {"service": {"name": "Maternity Services"}, "facility": {"code": 13517}}, {"service": {"name": "Curative Services"}, "facility": {"code": 13517}}, {"service": {"name": "First Line Treatment"}, "facility": {"code": 13517}}, {"service": {"name": "Smear Microscopy"}, "facility": {"code": 13517}}, {"service": {"name": "Basic Immunization"}, "facility": {"code": 13517}}, {"service": {"name": "Focused Antenatal Care"}, "facility": {"code": 13517}}, {"service": {"name": "Integrated Services"}, "facility": {"code": 13517}}, {"service": {"name": "Long Term FP"}, "facility": {"code": 13517}}, {"service": {"name": "Adult Antiretroviral Therapy"}, "facility": {"code": 13517}}, {"service": {"name": "Paediatric Antiretroviral Therapy"}, "facility": {"code": 13517}}, {"service": {"name": "Post Exposure Prophylaxis"}, "facility": {"code": 13517}}, {"service": {"name": "PMTCT - Maternity"}, "facility": {"code": 13517}}, {"service": {"name": "PMTCT - ANC"}, "facility": {"code": 13517}}, {"service": {"name": "Early Infant Diagnosis"}, "facility": {"code": 13517}}, {"service": {"name": "Diagnostic Counselling and Testing"}, "facility": {"code": 13517}}, {"service": {"name": "Provider Initiated Counselling and Testing"}, "facility": {"code": 13517}}, {"service": {"name": "Voluntary Counselling and Testing"}, "facility": {"code": 13517}}, {"service": {"name": "Management of STIs"}, "facility": {"code": 13517}}, {"service": {"name": "Condom Promotion and Distribution"}, "facility": {"code": 13517}}, {"service": {"name": "Curative Services"}, "facility": {"code": 18495}}, {"service": {"name": "Voluntary Counselling and Testing"}, "facility": {"code": 18494}}, {"service": {"name": "Condom Promotion and Distribution"}, "facility": {"code": 18494}}, {"service": {"name": "Voluntary Counselling and Testing"}, "facility": {"code": 18492}}, {"service": {"name": "Condom Promotion and Distribution"}, "facility": {"code": 18492}}, {"service": {"name": "Provider Initiated Counselling and Testing"}, "facility": {"code": 18491}}, {"service": {"name": "Voluntary Counselling and Testing"}, "facility": {"code": 18491}}, {"service": {"name": "Condom Promotion and Distribution"}, "facility": {"code": 18491}}, {"service": {"name": "Curative Services"}, "facility": {"code": 18490}}, {"service": {"name": "Short Term FP"}, "facility": {"code": 18490}}, {"service": {"name": "Post Exposure Prophylaxis"}, "facility": {"code": 18490}}, {"service": {"name": "Diagnostic Counselling and Testing"}, "facility": {"code": 18490}}, {"service": {"name": "Provider Initiated Counselling and Testing"}, "facility": {"code": 18490}}, {"service": {"name": "Voluntary Counselling and Testing"}, "facility": {"code": 18490}}, {"service": {"name": "Management of STIs"}, "facility": {"code": 18490}}, {"service": {"name": "Condom Promotion and Distribution"}, "facility": {"code": 18490}}, {"service": {"name": "Emergency Preparedness"}, "facility": {"code": 18489}}, {"service": {"name": "ENT Services"}, "facility": {"code": 18489}}, {"service": {"name": "Oral Health Services (Dental Services)"}, "facility": {"code": 18489}}, {"service": {"name": "Emergency Obstetric Care"}, "facility": {"code": 18489}}, {"service": {"name": "Environmental Health Services"}, "facility": {"code": 18489}}, {"service": {"name": "Rehabilitative Health Services - Physiotherapy"}, "facility": {"code": 18489}}, {"service": {"name": "Services for Sexual Violence Survivors"}, "facility": {"code": 18489}}, {"service": {"name": "Mental Health Services"}, "facility": {"code": 18489}}, {"service": {"name": "Opthalmic Services"}, "facility": {"code": 18489}}, {"service": {"name": "Nutrition Services"}, "facility": {"code": 18489}}, {"service": {"name": "Integrated Management of Childhood Illnesses"}, "facility": {"code": 18489}}, {"service": {"name": "Surgical Services"}, "facility": {"code": 18489}}, {"service": {"name": "Maternity Services"}, "facility": {"code": 18489}}, {"service": {"name": "Curative Services"}, "facility": {"code": 18489}}, {"service": {"name": "Basic Immunization"}, "facility": {"code": 18489}}, {"service": {"name": "Focused Antenatal Care"}, "facility": {"code": 18489}}, {"service": {"name": "Management of STIs"}, "facility": {"code": 18489}}, {"service": {"name": "Condom Promotion and Distribution"}, "facility": {"code": 18489}}, {"service": {"name": "Rehabilitative Health Services - Occupational Health"}, "facility": {"code": 18488}}, {"service": {"name": "Laboratory Services"}, "facility": {"code": 13323}}, {"service": {"name": "First Line Treatment"}, "facility": {"code": 13323}}, {"service": {"name": "Smear Microscopy"}, "facility": {"code": 13323}}, {"service": {"name": "Nutrition Services"}, "facility": {"code": 18486}}, {"service": {"name": "Laboratory Services"}, "facility": {"code": 18486}}, {"service": {"name": "Surgical Services"}, "facility": {"code": 18486}}, {"service": {"name": "Curative Services"}, "facility": {"code": 18486}}, {"service": {"name": "Basic Immunization"}, "facility": {"code": 18486}}, {"service": {"name": "PMTCT - ANC"}, "facility": {"code": 18486}}, {"service": {"name": "Focused Antenatal Care"}, "facility": {"code": 18486}}, {"service": {"name": "Long Term FP"}, "facility": {"code": 18486}}, {"service": {"name": "Short Term FP"}, "facility": {"code": 18486}}, {"service": {"name": "Diagnostic Counselling and Testing"}, "facility": {"code": 18486}}, {"service": {"name": "Provider Initiated Counselling and Testing"}, "facility": {"code": 18486}}, {"service": {"name": "Management of STIs"}, "facility": {"code": 18486}}, {"service": {"name": "Condom Promotion and Distribution"}, "facility": {"code": 18486}}, {"service": {"name": "ENT Services"}, "facility": {"code": 18485}}, {"service": {"name": "Emergency Preparedness"}, "facility": {"code": 18485}}, {"service": {"name": "Emergency Obstetric Care"}, "facility": {"code": 18485}}, {"service": {"name": "Integrated Management of Childhood Illnesses"}, "facility": {"code": 18485}}, {"service": {"name": "Laboratory Services"}, "facility": {"code": 18485}}, {"service": {"name": "Radiology Services"}, "facility": {"code": 18485}}, {"service": {"name": "Surgical Services"}, "facility": {"code": 18485}}, {"service": {"name": "Maternity Services"}, "facility": {"code": 18485}}, {"service": {"name": "Curative Services"}, "facility": {"code": 18485}}, {"service": {"name": "Facility Based Blood Transfusion Service"}, "facility": {"code": 18485}}, {"service": {"name": "Rehabilitative Health Services - Orthopaedic Technology"}, "facility": {"code": 18485}}, {"service": {"name": "Rehabilitative Health Services - Occupational Health"}, "facility": {"code": 18485}}, {"service": {"name": "First Line Treatment"}, "facility": {"code": 18485}}, {"service": {"name": "Tuberculosis Culture"}, "facility": {"code": 18485}}, {"service": {"name": "Smear Microscopy"}, "facility": {"code": 18485}}, {"service": {"name": "Basic Immunization"}, "facility": {"code": 18485}}, {"service": {"name": "Focused Antenatal Care"}, "facility": {"code": 18485}}, {"service": {"name": "Post Exposure Prophylaxis"}, "facility": {"code": 18485}}, {"service": {"name": "Voluntary Male Circumcision"}, "facility": {"code": 18485}}, {"service": {"name": "PMTCT - Maternity"}, "facility": {"code": 18485}}, {"service": {"name": "PMTCT - ANC"}, "facility": {"code": 18485}}, {"service": {"name": "Early Infant Diagnosis"}, "facility": {"code": 18485}}, {"service": {"name": "Diagnostic Counselling and Testing"}, "facility": {"code": 18485}}, {"service": {"name": "Provider Initiated Counselling and Testing"}, "facility": {"code": 18485}}, {"service": {"name": "Voluntary Counselling and Testing"}, "facility": {"code": 18485}}, {"service": {"name": "Management of STIs"}, "facility": {"code": 18485}}, {"service": {"name": "Laboratory Services"}, "facility": {"code": 18484}}, {"service": {"name": "Surgical Services"}, "facility": {"code": 18484}}, {"service": {"name": "Curative Services"}, "facility": {"code": 18484}}, {"service": {"name": "Smear Microscopy"}, "facility": {"code": 18484}}, {"service": {"name": "Early Infant Diagnosis"}, "facility": {"code": 18484}}, {"service": {"name": "Provider Initiated Counselling and Testing"}, "facility": {"code": 18484}}, {"service": {"name": "Management of STIs"}, "facility": {"code": 18484}}, {"service": {"name": "Emergency Obstetric Care"}, "facility": {"code": 16659}}, {"service": {"name": "Nutrition Services"}, "facility": {"code": 16659}}, {"service": {"name": "Emergency Obstetric Care"}, "facility": {"code": 13308}}, {"service": {"name": "Tuberculosis Culture"}, "facility": {"code": 13365}}, {"service": {"name": "Smear Microscopy"}, "facility": {"code": 13365}}, {"service": {"name": "Emergency Preparedness"}, "facility": {"code": 18483}}, {"service": {"name": "Nutrition Services"}, "facility": {"code": 18483}}, {"service": {"name": "Laboratory Services"}, "facility": {"code": 18483}}, {"service": {"name": "Curative Services"}, "facility": {"code": 18483}}, {"service": {"name": "Immunization with additional vaccines"}, "facility": {"code": 18483}}, {"service": {"name": "Basic Immunization"}, "facility": {"code": 18483}}, {"service": {"name": "Focused Antenatal Care"}, "facility": {"code": 18483}}, {"service": {"name": "Early Infant Diagnosis"}, "facility": {"code": 18483}}, {"service": {"name": "PMTCT - ANC"}, "facility": {"code": 18483}}, {"service": {"name": "Diagnostic Counselling and Testing"}, "facility": {"code": 18483}}, {"service": {"name": "Provider Initiated Counselling and Testing"}, "facility": {"code": 18483}}, {"service": {"name": "Voluntary Counselling and Testing"}, "facility": {"code": 18483}}, {"service": {"name": "Management of STIs"}, "facility": {"code": 18483}}, {"service": {"name": "Nutrition Services"}, "facility": {"code": 18482}}, {"service": {"name": "Maternity Services"}, "facility": {"code": 18482}}, {"service": {"name": "Curative Services"}, "facility": {"code": 18482}}, {"service": {"name": "Basic Immunization"}, "facility": {"code": 18482}}, {"service": {"name": "Focused Antenatal Care"}, "facility": {"code": 18482}}, {"service": {"name": "Long Term FP"}, "facility": {"code": 18482}}, {"service": {"name": "Short Term FP"}, "facility": {"code": 18482}}, {"service": {"name": "PMTCT - Maternity"}, "facility": {"code": 18482}}, {"service": {"name": "PMTCT - ANC"}, "facility": {"code": 18482}}, {"service": {"name": "Diagnostic Counselling and Testing"}, "facility": {"code": 18482}}, {"service": {"name": "Provider Initiated Counselling and Testing"}, "facility": {"code": 18482}}, {"service": {"name": "Management of STIs"}, "facility": {"code": 18482}}, {"service": {"name": "Condom Promotion and Distribution"}, "facility": {"code": 18482}}, {"service": {"name": "Oral Health Services (Dental Services)"}, "facility": {"code": 14511}}, {"service": {"name": "Emergency Obstetric Care"}, "facility": {"code": 18480}}, {"service": {"name": "Curative Services"}, "facility": {"code": 18480}}, {"service": {"name": "Short Term FP"}, "facility": {"code": 18480}}, {"service": {"name": "Management of STIs"}, "facility": {"code": 18480}}, {"service": {"name": "Condom Promotion and Distribution"}, "facility": {"code": 18480}}, {"service": {"name": "Emergency Obstetric Care"}, "facility": {"code": 18479}}, {"service": {"name": "Environmental Health Services"}, "facility": {"code": 18479}}, {"service": {"name": "Integrated Management of Childhood Illnesses"}, "facility": {"code": 18479}}, {"service": {"name": "Maternity Services"}, "facility": {"code": 18479}}, {"service": {"name": "Curative Services"}, "facility": {"code": 18479}}, {"service": {"name": "Ambulance Sevices"}, "facility": {"code": 13042}}, {"service": {"name": "Adult Antiretroviral Therapy"}, "facility": {"code": 13042}}, {"service": {"name": "Paediatric Antiretroviral Therapy"}, "facility": {"code": 13042}}, {"service": {"name": "Emergency Preparedness"}, "facility": {"code": 18476}}, {"service": {"name": "Oral Health Services (Dental Services)"}, "facility": {"code": 18476}}, {"service": {"name": "Emergency Obstetric Care"}, "facility": {"code": 18476}}, {"service": {"name": "Services for Sexual Violence Survivors"}, "facility": {"code": 18476}}, {"service": {"name": "Mental Health Services"}, "facility": {"code": 18476}}, {"service": {"name": "Opthalmic Services"}, "facility": {"code": 18476}}, {"service": {"name": "Nutrition Services"}, "facility": {"code": 18476}}, {"service": {"name": "Integrated Management of Childhood Illnesses"}, "facility": {"code": 18476}}, {"service": {"name": "Laboratory Services"}, "facility": {"code": 18476}}, {"service": {"name": "Surgical Services"}, "facility": {"code": 18476}}, {"service": {"name": "Maternity Services"}, "facility": {"code": 18476}}, {"service": {"name": "Curative Services"}, "facility": {"code": 18476}}, {"service": {"name": "Smear Microscopy"}, "facility": {"code": 18476}}, {"service": {"name": "Immunization with additional vaccines"}, "facility": {"code": 18476}}, {"service": {"name": "Basic Immunization"}, "facility": {"code": 18476}}, {"service": {"name": "Specialized ANC"}, "facility": {"code": 18476}}, {"service": {"name": "Focused Antenatal Care"}, "facility": {"code": 18476}}, {"service": {"name": "PMTCT - ANC"}, "facility": {"code": 18476}}, {"service": {"name": "Provider Initiated Counselling and Testing"}, "facility": {"code": 18476}}, {"service": {"name": "Laboratory Services"}, "facility": {"code": 18475}}, {"service": {"name": "Maternity Services"}, "facility": {"code": 18475}}, {"service": {"name": "Curative Services"}, "facility": {"code": 18475}}, {"service": {"name": "Basic Immunization"}, "facility": {"code": 18475}}, {"service": {"name": "Focused Antenatal Care"}, "facility": {"code": 18475}}, {"service": {"name": "Long Term FP"}, "facility": {"code": 18475}}, {"service": {"name": "Short Term FP"}, "facility": {"code": 18475}}, {"service": {"name": "PMTCT - Maternity"}, "facility": {"code": 18475}}, {"service": {"name": "PMTCT - ANC"}, "facility": {"code": 18475}}, {"service": {"name": "Early Infant Diagnosis"}, "facility": {"code": 18475}}, {"service": {"name": "Diagnostic Counselling and Testing"}, "facility": {"code": 18475}}, {"service": {"name": "Provider Initiated Counselling and Testing"}, "facility": {"code": 18475}}, {"service": {"name": "Condom Promotion and Distribution"}, "facility": {"code": 18475}}, {"service": {"name": "Curative Services"}, "facility": {"code": 18474}}, {"service": {"name": "First Line Treatment"}, "facility": {"code": 18474}}, {"service": {"name": "Smear Microscopy"}, "facility": {"code": 18474}}, {"service": {"name": "Focused Antenatal Care"}, "facility": {"code": 18474}}, {"service": {"name": "Long Term FP"}, "facility": {"code": 18474}}, {"service": {"name": "Short Term FP"}, "facility": {"code": 18474}}, {"service": {"name": "PMTCT - Maternity"}, "facility": {"code": 18474}}, {"service": {"name": "PMTCT - ANC"}, "facility": {"code": 18474}}, {"service": {"name": "Early Infant Diagnosis"}, "facility": {"code": 18474}}, {"service": {"name": "Diagnostic Counselling and Testing"}, "facility": {"code": 18474}}, {"service": {"name": "Provider Initiated Counselling and Testing"}, "facility": {"code": 18474}}, {"service": {"name": "Voluntary Counselling and Testing"}, "facility": {"code": 18474}}, {"service": {"name": "Management of STIs"}, "facility": {"code": 18474}}, {"service": {"name": "Condom Promotion and Distribution"}, "facility": {"code": 18474}}, {"service": {"name": "Curative Services"}, "facility": {"code": 18473}}, {"service": {"name": "Short Term FP"}, "facility": {"code": 18473}}, {"service": {"name": "Condom Promotion and Distribution"}, "facility": {"code": 18473}}, {"service": {"name": "Laboratory Services"}, "facility": {"code": 18472}}, {"service": {"name": "Curative Services"}, "facility": {"code": 18472}}, {"service": {"name": "Focused Antenatal Care"}, "facility": {"code": 18472}}, {"service": {"name": "Long Term FP"}, "facility": {"code": 18472}}, {"service": {"name": "Short Term FP"}, "facility": {"code": 18472}}, {"service": {"name": "PMTCT - ANC"}, "facility": {"code": 18472}}, {"service": {"name": "Management of STIs"}, "facility": {"code": 18472}}, {"service": {"name": "Condom Promotion and Distribution"}, "facility": {"code": 18472}}, {"service": {"name": "Environmental Health Services"}, "facility": {"code": 18471}}, {"service": {"name": "Nutrition Services"}, "facility": {"code": 18471}}, {"service": {"name": "Surgical Services"}, "facility": {"code": 18471}}, {"service": {"name": "Laboratory Services"}, "facility": {"code": 18471}}, {"service": {"name": "Curative Services"}, "facility": {"code": 18471}}, {"service": {"name": "Smear Microscopy"}, "facility": {"code": 18471}}, {"service": {"name": "Basic Immunization"}, "facility": {"code": 18471}}, {"service": {"name": "Focused Antenatal Care"}, "facility": {"code": 18471}}, {"service": {"name": "Long Term FP"}, "facility": {"code": 18471}}, {"service": {"name": "Short Term FP"}, "facility": {"code": 18471}}, {"service": {"name": "PMTCT - ANC"}, "facility": {"code": 18471}}, {"service": {"name": "Early Infant Diagnosis"}, "facility": {"code": 18471}}, {"service": {"name": "Diagnostic Counselling and Testing"}, "facility": {"code": 18471}}, {"service": {"name": "Provider Initiated Counselling and Testing"}, "facility": {"code": 18471}}, {"service": {"name": "Management of STIs"}, "facility": {"code": 18471}}, {"service": {"name": "Condom Promotion and Distribution"}, "facility": {"code": 18471}}, {"service": {"name": "Curative Services"}, "facility": {"code": 10009}}, {"service": {"name": "Condom Promotion and Distribution"}, "facility": {"code": 10009}}, {"service": {"name": "Curative Services"}, "facility": {"code": 18470}}, {"service": {"name": "Short Term FP"}, "facility": {"code": 18470}}, {"service": {"name": "Management of STIs"}, "facility": {"code": 18470}}, {"service": {"name": "Maternity Services"}, "facility": {"code": 18469}}, {"service": {"name": "Provider Initiated Counselling and Testing"}, "facility": {"code": 18469}}, {"service": {"name": "Curative Services"}, "facility": {"code": 18469}}, {"service": {"name": "Long Term FP"}, "facility": {"code": 18469}}, {"service": {"name": "Short Term FP"}, "facility": {"code": 18469}}, {"service": {"name": "Condom Promotion and Distribution"}, "facility": {"code": 18469}}, {"service": {"name": "Curative Services"}, "facility": {"code": 13049}}, {"service": {"name": "PMTCT - Maternity"}, "facility": {"code": 13110}}, {"service": {"name": "PMTCT - ANC"}, "facility": {"code": 13110}}, {"service": {"name": "Provider Initiated Counselling and Testing"}, "facility": {"code": 13110}}, {"service": {"name": "Condom Promotion and Distribution"}, "facility": {"code": 15771}}, {"service": {"name": "Short Term FP"}, "facility": {"code": 15771}}, {"service": {"name": "Curative Services"}, "facility": {"code": 15771}}, {"service": {"name": "Maternity Services"}, "facility": {"code": 12828}}, {"service": {"name": "PMTCT - Maternity"}, "facility": {"code": 12828}}, {"service": {"name": "Management of STIs"}, "facility": {"code": 12828}}, {"service": {"name": "PMTCT - Maternity"}, "facility": {"code": 12840}}, {"service": {"name": "Provider Initiated Counselling and Testing"}, "facility": {"code": 12840}}, {"service": {"name": "Diagnostic Counselling and Testing"}, "facility": {"code": 12708}}, {"service": {"name": "Management of STIs"}, "facility": {"code": 12708}}, {"service": {"name": "Integrated Management of Childhood Illnesses"}, "facility": {"code": 10539}}, {"service": {"name": "Voluntary Counselling and Testing"}, "facility": {"code": 18468}}, {"service": {"name": "Curative Services"}, "facility": {"code": 17550}}, {"service": {"name": "Condom Promotion and Distribution"}, "facility": {"code": 17550}}, {"service": {"name": "Home Based Care"}, "facility": {"code": 13179}}, {"service": {"name": "Curative Services"}, "facility": {"code": 18465}}, {"service": {"name": "Short Term FP"}, "facility": {"code": 18465}}, {"service": {"name": "Management of STIs"}, "facility": {"code": 18465}}, {"service": {"name": "Condom Promotion and Distribution"}, "facility": {"code": 18465}}, {"service": {"name": "Emergency Preparedness"}, "facility": {"code": 18464}}, {"service": {"name": "Emergency Obstetric Care"}, "facility": {"code": 18464}}, {"service": {"name": "Environmental Health Services"}, "facility": {"code": 18464}}, {"service": {"name": "Nutrition Services"}, "facility": {"code": 18464}}, {"service": {"name": "Laboratory Services"}, "facility": {"code": 18464}}, {"service": {"name": "Maternity Services"}, "facility": {"code": 18464}}, {"service": {"name": "Curative Services"}, "facility": {"code": 18464}}, {"service": {"name": "Smear Microscopy"}, "facility": {"code": 18464}}, {"service": {"name": "Basic Immunization"}, "facility": {"code": 18464}}, {"service": {"name": "Focused Antenatal Care"}, "facility": {"code": 18464}}, {"service": {"name": "Long Term FP"}, "facility": {"code": 18464}}, {"service": {"name": "Short Term FP"}, "facility": {"code": 18464}}, {"service": {"name": "Post Exposure Prophylaxis"}, "facility": {"code": 18464}}, {"service": {"name": "Voluntary Male Circumcision"}, "facility": {"code": 18464}}, {"service": {"name": "PMTCT - Maternity"}, "facility": {"code": 18464}}, {"service": {"name": "Early Infant Diagnosis"}, "facility": {"code": 18464}}, {"service": {"name": "Voluntary Counselling and Testing"}, "facility": {"code": 18464}}, {"service": {"name": "Management of STIs"}, "facility": {"code": 18464}}, {"service": {"name": "Condom Promotion and Distribution"}, "facility": {"code": 18464}}, {"service": {"name": "Emergency Preparedness"}, "facility": {"code": 18463}}, {"service": {"name": "Environmental Health Services"}, "facility": {"code": 18463}}, {"service": {"name": "Basic Immunization"}, "facility": {"code": 18463}}, {"service": {"name": "Focused Antenatal Care"}, "facility": {"code": 18463}}, {"service": {"name": "Short Term FP"}, "facility": {"code": 18463}}, {"service": {"name": "PMTCT - ANC"}, "facility": {"code": 18463}}, {"service": {"name": "Early Infant Diagnosis"}, "facility": {"code": 18463}}, {"service": {"name": "Management of STIs"}, "facility": {"code": 18463}}, {"service": {"name": "Condom Promotion and Distribution"}, "facility": {"code": 18463}}, {"service": {"name": "Environmental Health Services"}, "facility": {"code": 13987}}, {"service": {"name": "Nutrition Services"}, "facility": {"code": 13987}}, {"service": {"name": "Integrated Management of Childhood Illnesses"}, "facility": {"code": 13987}}, {"service": {"name": "Laboratory Services"}, "facility": {"code": 13987}}, {"service": {"name": "Maternity Services"}, "facility": {"code": 13987}}, {"service": {"name": "Curative Services"}, "facility": {"code": 13987}}, {"service": {"name": "Environmental Health Services"}, "facility": {"code": 13845}}, {"service": {"name": "Nutrition Services"}, "facility": {"code": 13845}}, {"service": {"name": "Integrated Management of Childhood Illnesses"}, "facility": {"code": 13845}}, {"service": {"name": "Maternity Services"}, "facility": {"code": 13845}}, {"service": {"name": "Curative Services"}, "facility": {"code": 13845}}, {"service": {"name": "Nutrition Services"}, "facility": {"code": 13837}}, {"service": {"name": "Integrated Management of Childhood Illnesses"}, "facility": {"code": 13837}}, {"service": {"name": "Laboratory Services"}, "facility": {"code": 13837}}, {"service": {"name": "Maternity Services"}, "facility": {"code": 13837}}, {"service": {"name": "Curative Services"}, "facility": {"code": 13837}}, {"service": {"name": "Environmental Health Services"}, "facility": {"code": 13644}}, {"service": {"name": "Integrated Management of Childhood Illnesses"}, "facility": {"code": 13644}}, {"service": {"name": "Maternity Services"}, "facility": {"code": 13644}}, {"service": {"name": "Curative Services"}, "facility": {"code": 13644}}, {"service": {"name": "Nutrition Services"}, "facility": {"code": 17439}}, {"service": {"name": "Environmental Health Services"}, "facility": {"code": 17439}}, {"service": {"name": "Integrated Management of Childhood Illnesses"}, "facility": {"code": 17439}}, {"service": {"name": "Curative Services"}, "facility": {"code": 17439}}, {"service": {"name": "Laboratory Services"}, "facility": {"code": 13757}}, {"service": {"name": "Environmental Health Services"}, "facility": {"code": 13757}}, {"service": {"name": "Nutrition Services"}, "facility": {"code": 13757}}, {"service": {"name": "Integrated Management of Childhood Illnesses"}, "facility": {"code": 13757}}, {"service": {"name": "Maternity Services"}, "facility": {"code": 13757}}, {"service": {"name": "Curative Services"}, "facility": {"code": 13757}}, {"service": {"name": "Laboratory Services"}, "facility": {"code": 13725}}, {"service": {"name": "Paediatric Antiretroviral Therapy"}, "facility": {"code": 13725}}, {"service": {"name": "Adult Antiretroviral Therapy"}, "facility": {"code": 13644}}, {"service": {"name": "Paediatric Antiretroviral Therapy"}, "facility": {"code": 13644}}, {"service": {"name": "Adult Antiretroviral Therapy"}, "facility": {"code": 13497}}, {"service": {"name": "Paediatric Antiretroviral Therapy"}, "facility": {"code": 13497}}, {"service": {"name": "Adult Antiretroviral Therapy"}, "facility": {"code": 17439}}, {"service": {"name": "Paediatric Antiretroviral Therapy"}, "facility": {"code": 17439}}, {"service": {"name": "Rehabilitative Health Services - Physiotherapy"}, "facility": {"code": 14386}}, {"service": {"name": "Environmental Health Services"}, "facility": {"code": 14386}}, {"service": {"name": "Integrated Management of Childhood Illnesses"}, "facility": {"code": 14386}}, {"service": {"name": "Ambulance Sevices"}, "facility": {"code": 14386}}, {"service": {"name": "Surgical Services"}, "facility": {"code": 14386}}, {"service": {"name": "Laboratory Services"}, "facility": {"code": 14386}}, {"service": {"name": "Radiology Services"}, "facility": {"code": 14386}}, {"service": {"name": "Maternity Services"}, "facility": {"code": 14386}}, {"service": {"name": "Curative Services"}, "facility": {"code": 14386}}, {"service": {"name": "Ambulance Sevices"}, "facility": {"code": 17004}}, {"service": {"name": "Integrated Management of Childhood Illnesses"}, "facility": {"code": 17004}}, {"service": {"name": "Curative Services"}, "facility": {"code": 17004}}, {"service": {"name": "Integrated Services"}, "facility": {"code": 17004}}, {"service": {"name": "Short Term FP"}, "facility": {"code": 17004}}, {"service": {"name": "Early Infant Diagnosis"}, "facility": {"code": 17004}}, {"service": {"name": "Diagnostic Counselling and Testing"}, "facility": {"code": 17004}}, {"service": {"name": "Provider Initiated Counselling and Testing"}, "facility": {"code": 17004}}, {"service": {"name": "Management of STIs"}, "facility": {"code": 17004}}, {"service": {"name": "Condom Promotion and Distribution"}, "facility": {"code": 17004}}, {"service": {"name": "Nutrition Services"}, "facility": {"code": 18462}}, {"service": {"name": "Curative Services"}, "facility": {"code": 18462}}, {"service": {"name": "Immunization with additional vaccines"}, "facility": {"code": 18462}}, {"service": {"name": "Short Term FP"}, "facility": {"code": 18462}}, {"service": {"name": "Focused Antenatal Care"}, "facility": {"code": 18462}}, {"service": {"name": "Diagnostic Counselling and Testing"}, "facility": {"code": 18462}}, {"service": {"name": "PMTCT - ANC"}, "facility": {"code": 18462}}, {"service": {"name": "Provider Initiated Counselling and Testing"}, "facility": {"code": 18462}}, {"service": {"name": "Voluntary Counselling and Testing"}, "facility": {"code": 18462}}, {"service": {"name": "Management of STIs"}, "facility": {"code": 18462}}, {"service": {"name": "Condom Promotion and Distribution"}, "facility": {"code": 18462}}, {"service": {"name": "Integrated Management of Childhood Illnesses"}, "facility": {"code": 12367}}, {"service": {"name": "Laboratory Services"}, "facility": {"code": 12367}}, {"service": {"name": "Surgical Services"}, "facility": {"code": 12367}}, {"service": {"name": "Curative Services"}, "facility": {"code": 12367}}, {"service": {"name": "Diagnostic Counselling and Testing"}, "facility": {"code": 12367}}, {"service": {"name": "Early Infant Diagnosis"}, "facility": {"code": 12367}}, {"service": {"name": "Oral Health Services (Dental Services)"}, "facility": {"code": 18461}}, {"service": {"name": "Laboratory Services"}, "facility": {"code": 18461}}, {"service": {"name": "Surgical Services"}, "facility": {"code": 18461}}, {"service": {"name": "Maternity Services"}, "facility": {"code": 18461}}, {"service": {"name": "Curative Services"}, "facility": {"code": 18461}}, {"service": {"name": "Facility Based Blood Transfusion Service"}, "facility": {"code": 18461}}, {"service": {"name": "Smear Microscopy"}, "facility": {"code": 18461}}, {"service": {"name": "Specialized ANC"}, "facility": {"code": 18461}}, {"service": {"name": "Focused Antenatal Care"}, "facility": {"code": 18461}}, {"service": {"name": "Long Term FP"}, "facility": {"code": 18461}}, {"service": {"name": "Short Term FP"}, "facility": {"code": 18461}}, {"service": {"name": "Voluntary Male Circumcision"}, "facility": {"code": 18461}}, {"service": {"name": "PMTCT - Maternity"}, "facility": {"code": 18461}}, {"service": {"name": "PMTCT - ANC"}, "facility": {"code": 18461}}, {"service": {"name": "Provider Initiated Counselling and Testing"}, "facility": {"code": 18461}}, {"service": {"name": "Management of STIs"}, "facility": {"code": 18461}}, {"service": {"name": "Condom Promotion and Distribution"}, "facility": {"code": 18461}}, {"service": {"name": "Oral Health Services (Dental Services)"}, "facility": {"code": 12641}}, {"service": {"name": "Rehabilitative Health Services - Physiotherapy"}, "facility": {"code": 12641}}, {"service": {"name": "Nutrition Services"}, "facility": {"code": 12641}}, {"service": {"name": "Integrated Management of Childhood Illnesses"}, "facility": {"code": 12641}}, {"service": {"name": "Laboratory Services"}, "facility": {"code": 12641}}, {"service": {"name": "Surgical Services"}, "facility": {"code": 12641}}, {"service": {"name": "Maternity Services"}, "facility": {"code": 12641}}, {"service": {"name": "Curative Services"}, "facility": {"code": 12641}}, {"service": {"name": "Facility Based Blood Transfusion Service"}, "facility": {"code": 12641}}, {"service": {"name": "Rehabilitative Health Services - Orthopaedic Technology"}, "facility": {"code": 12641}}, {"service": {"name": "Rehabilitative Health Services - Occupational Health"}, "facility": {"code": 12641}}, {"service": {"name": "First Line Treatment"}, "facility": {"code": 12641}}, {"service": {"name": "Smear Microscopy"}, "facility": {"code": 12641}}, {"service": {"name": "Immunization with additional vaccines"}, "facility": {"code": 12641}}, {"service": {"name": "Specialized ANC"}, "facility": {"code": 12641}}, {"service": {"name": "Permanent FP"}, "facility": {"code": 12641}}, {"service": {"name": "PMTCT - Maternity"}, "facility": {"code": 12641}}, {"service": {"name": "Early Infant Diagnosis"}, "facility": {"code": 12641}}, {"service": {"name": "Diagnostic Counselling and Testing"}, "facility": {"code": 12641}}, {"service": {"name": "Voluntary Counselling and Testing"}, "facility": {"code": 12641}}, {"service": {"name": "Condom Promotion and Distribution"}, "facility": {"code": 12641}}, {"service": {"name": "Emergency Preparedness"}, "facility": {"code": 12110}}, {"service": {"name": "Oral Health Services (Dental Services)"}, "facility": {"code": 12110}}, {"service": {"name": "Emergency Obstetric Care"}, "facility": {"code": 12110}}, {"service": {"name": "Services for Sexual Violence Survivors"}, "facility": {"code": 12110}}, {"service": {"name": "Facility Based Blood Transfusion Service"}, "facility": {"code": 12110}}, {"service": {"name": "Rehabilitative Health Services - Orthopaedic Technology"}, "facility": {"code": 12110}}, {"service": {"name": "Post Exposure Prophylaxis"}, "facility": {"code": 12110}}, {"service": {"name": "Condom Promotion and Distribution"}, "facility": {"code": 12110}}, {"service": {"name": "Curative Services"}, "facility": {"code": 18460}}, {"service": {"name": "Short Term FP"}, "facility": {"code": 18460}}, {"service": {"name": "Condom Promotion and Distribution"}, "facility": {"code": 18460}}, {"service": {"name": "Emergency Obstetric Care"}, "facility": {"code": 18459}}, {"service": {"name": "Laboratory Services"}, "facility": {"code": 18459}}, {"service": {"name": "Maternity Services"}, "facility": {"code": 18459}}, {"service": {"name": "Curative Services"}, "facility": {"code": 18459}}, {"service": {"name": "Focused Antenatal Care"}, "facility": {"code": 18459}}, {"service": {"name": "Short Term FP"}, "facility": {"code": 18459}}, {"service": {"name": "Voluntary Male Circumcision"}, "facility": {"code": 18459}}, {"service": {"name": "Diagnostic Counselling and Testing"}, "facility": {"code": 18459}}, {"service": {"name": "Provider Initiated Counselling and Testing"}, "facility": {"code": 18459}}, {"service": {"name": "Management of STIs"}, "facility": {"code": 18459}}, {"service": {"name": "Condom Promotion and Distribution"}, "facility": {"code": 18459}}, {"service": {"name": "Laboratory Services"}, "facility": {"code": 15589}}, {"service": {"name": "PMTCT - Maternity"}, "facility": {"code": 15589}}, {"service": {"name": "Voluntary Male Circumcision"}, "facility": {"code": 18456}}, {"service": {"name": "Provider Initiated Counselling and Testing"}, "facility": {"code": 18456}}, {"service": {"name": "Voluntary Counselling and Testing"}, "facility": {"code": 18456}}, {"service": {"name": "Management of STIs"}, "facility": {"code": 18456}}, {"service": {"name": "Condom Promotion and Distribution"}, "facility": {"code": 18456}}, {"service": {"name": "Emergency Obstetric Care"}, "facility": {"code": 18455}}, {"service": {"name": "Laboratory Services"}, "facility": {"code": 18455}}, {"service": {"name": "Curative Services"}, "facility": {"code": 18455}}, {"service": {"name": "Short Term FP"}, "facility": {"code": 18455}}, {"service": {"name": "Voluntary Counselling and Testing"}, "facility": {"code": 18455}}, {"service": {"name": "Condom Promotion and Distribution"}, "facility": {"code": 18455}}, {"service": {"name": "Provider Initiated Counselling and Testing"}, "facility": {"code": 18454}}, {"service": {"name": "Voluntary Counselling and Testing"}, "facility": {"code": 18454}}, {"service": {"name": "Management of STIs"}, "facility": {"code": 18454}}, {"service": {"name": "Condom Promotion and Distribution"}, "facility": {"code": 18454}}, {"service": {"name": "Curative Services"}, "facility": {"code": 16715}}, {"service": {"name": "Short Term FP"}, "facility": {"code": 16715}}, {"service": {"name": "Condom Promotion and Distribution"}, "facility": {"code": 16715}}, {"service": {"name": "Curative Services"}, "facility": {"code": 14123}}, {"service": {"name": "Short Term FP"}, "facility": {"code": 14123}}, {"service": {"name": "Condom Promotion and Distribution"}, "facility": {"code": 14123}}, {"service": {"name": "Curative Services"}, "facility": {"code": 18453}}, {"service": {"name": "Basic Immunization"}, "facility": {"code": 18453}}, {"service": {"name": "Focused Antenatal Care"}, "facility": {"code": 18453}}, {"service": {"name": "Integrated Services"}, "facility": {"code": 18453}}, {"service": {"name": "Short Term FP"}, "facility": {"code": 18453}}, {"service": {"name": "PMTCT - ANC"}, "facility": {"code": 18453}}, {"service": {"name": "Diagnostic Counselling and Testing"}, "facility": {"code": 18453}}, {"service": {"name": "Provider Initiated Counselling and Testing"}, "facility": {"code": 18453}}, {"service": {"name": "Voluntary Counselling and Testing"}, "facility": {"code": 18453}}, {"service": {"name": "Management of STIs"}, "facility": {"code": 18453}}, {"service": {"name": "Condom Promotion and Distribution"}, "facility": {"code": 18453}}, {"service": {"name": "Curative Services"}, "facility": {"code": 18452}}, {"service": {"name": "Basic Immunization"}, "facility": {"code": 18452}}, {"service": {"name": "Focused Antenatal Care"}, "facility": {"code": 18452}}, {"service": {"name": "Integrated Services"}, "facility": {"code": 18452}}, {"service": {"name": "Short Term FP"}, "facility": {"code": 18452}}, {"service": {"name": "PMTCT - ANC"}, "facility": {"code": 18452}}, {"service": {"name": "Diagnostic Counselling and Testing"}, "facility": {"code": 18452}}, {"service": {"name": "Provider Initiated Counselling and Testing"}, "facility": {"code": 18452}}, {"service": {"name": "Voluntary Counselling and Testing"}, "facility": {"code": 18452}}, {"service": {"name": "Management of STIs"}, "facility": {"code": 18452}}, {"service": {"name": "Condom Promotion and Distribution"}, "facility": {"code": 18452}}, {"service": {"name": "Maternity Services"}, "facility": {"code": 18451}}, {"service": {"name": "Curative Services"}, "facility": {"code": 18451}}, {"service": {"name": "Long Term FP"}, "facility": {"code": 18451}}, {"service": {"name": "Short Term FP"}, "facility": {"code": 18451}}, {"service": {"name": "Provider Initiated Counselling and Testing"}, "facility": {"code": 18451}}, {"service": {"name": "Management of STIs"}, "facility": {"code": 18451}}, {"service": {"name": "Condom Promotion and Distribution"}, "facility": {"code": 18451}}, {"service": {"name": "Condom Promotion and Distribution"}, "facility": {"code": 13846}}, {"service": {"name": "Short Term FP"}, "facility": {"code": 13846}}, {"service": {"name": "Curative Services"}, "facility": {"code": 13846}}, {"service": {"name": "Focused Antenatal Care"}, "facility": {"code": 15847}}, {"service": {"name": "Condom Promotion and Distribution"}, "facility": {"code": 15847}}, {"service": {"name": "Curative Services"}, "facility": {"code": 15847}}, {"service": {"name": "Short Term FP"}, "facility": {"code": 15847}}, {"service": {"name": "Surgical Services"}, "facility": {"code": 18434}}, {"service": {"name": "Voluntary Counselling and Testing"}, "facility": {"code": 18450}}, {"service": {"name": "Condom Promotion and Distribution"}, "facility": {"code": 18450}}, {"service": {"name": "Curative Services"}, "facility": {"code": 18447}}, {"service": {"name": "Home Based Care"}, "facility": {"code": 18447}}, {"service": {"name": "Voluntary Male Circumcision"}, "facility": {"code": 18447}}, {"service": {"name": "Voluntary Counselling and Testing"}, "facility": {"code": 18447}}, {"service": {"name": "Condom Promotion and Distribution"}, "facility": {"code": 18447}}, {"service": {"name": "Focused Antenatal Care"}, "facility": {"code": 18447}}, {"service": {"name": "Short Term FP"}, "facility": {"code": 18447}}, {"service": {"name": "ENT Services"}, "facility": {"code": 17219}}, {"service": {"name": "Oral Health Services (Dental Services)"}, "facility": {"code": 17219}}, {"service": {"name": "Environmental Health Services"}, "facility": {"code": 17219}}, {"service": {"name": "Services for Sexual Violence Survivors"}, "facility": {"code": 17219}}, {"service": {"name": "Mental Health Services"}, "facility": {"code": 17219}}, {"service": {"name": "Opthalmic Services"}, "facility": {"code": 17219}}, {"service": {"name": "Nutrition Services"}, "facility": {"code": 17219}}, {"service": {"name": "Surgical Services"}, "facility": {"code": 17219}}, {"service": {"name": "Maternity Services"}, "facility": {"code": 17219}}, {"service": {"name": "Smear Microscopy"}, "facility": {"code": 17219}}, {"service": {"name": "Basic Immunization"}, "facility": {"code": 17219}}, {"service": {"name": "Diagnostic Counselling and Testing"}, "facility": {"code": 17219}}, {"service": {"name": "Provider Initiated Counselling and Testing"}, "facility": {"code": 17219}}, {"service": {"name": "Management of STIs"}, "facility": {"code": 17219}}, {"service": {"name": "Maternity Services"}, "facility": {"code": 18446}}, {"service": {"name": "Curative Services"}, "facility": {"code": 18446}}, {"service": {"name": "Basic Immunization"}, "facility": {"code": 18446}}, {"service": {"name": "Focused Antenatal Care"}, "facility": {"code": 18446}}, {"service": {"name": "Short Term FP"}, "facility": {"code": 18446}}, {"service": {"name": "Paediatric Antiretroviral Therapy"}, "facility": {"code": 18446}}, {"service": {"name": "Post Exposure Prophylaxis"}, "facility": {"code": 18446}}, {"service": {"name": "PMTCT - Maternity"}, "facility": {"code": 18446}}, {"service": {"name": "PMTCT - ANC"}, "facility": {"code": 18446}}, {"service": {"name": "Early Infant Diagnosis"}, "facility": {"code": 18446}}, {"service": {"name": "Provider Initiated Counselling and Testing"}, "facility": {"code": 18446}}, {"service": {"name": "Management of STIs"}, "facility": {"code": 18446}}, {"service": {"name": "Condom Promotion and Distribution"}, "facility": {"code": 18446}}, {"service": {"name": "Curative Services"}, "facility": {"code": 18445}}, {"service": {"name": "Focused Antenatal Care"}, "facility": {"code": 18445}}, {"service": {"name": "Integrated Services"}, "facility": {"code": 18445}}, {"service": {"name": "Short Term FP"}, "facility": {"code": 18445}}, {"service": {"name": "Early Infant Diagnosis"}, "facility": {"code": 18445}}, {"service": {"name": "Provider Initiated Counselling and Testing"}, "facility": {"code": 18445}}, {"service": {"name": "Management of STIs"}, "facility": {"code": 18445}}, {"service": {"name": "Condom Promotion and Distribution"}, "facility": {"code": 18445}}, {"service": {"name": "Emergency Obstetric Care"}, "facility": {"code": 18444}}, {"service": {"name": "Curative Services"}, "facility": {"code": 18444}}, {"service": {"name": "Provider Initiated Counselling and Testing"}, "facility": {"code": 18444}}, {"service": {"name": "Management of STIs"}, "facility": {"code": 18444}}, {"service": {"name": "Condom Promotion and Distribution"}, "facility": {"code": 18444}}, {"service": {"name": "Emergency Preparedness"}, "facility": {"code": 18443}}, {"service": {"name": "Integrated Management of Childhood Illnesses"}, "facility": {"code": 18443}}, {"service": {"name": "Emergency Obstetric Care"}, "facility": {"code": 18443}}, {"service": {"name": "Maternity Services"}, "facility": {"code": 18443}}, {"service": {"name": "Curative Services"}, "facility": {"code": 18443}}, {"service": {"name": "PMTCT - Maternity"}, "facility": {"code": 18443}}, {"service": {"name": "PMTCT - ANC"}, "facility": {"code": 18443}}, {"service": {"name": "Provider Initiated Counselling and Testing"}, "facility": {"code": 18443}}, {"service": {"name": "Management of STIs"}, "facility": {"code": 18443}}, {"service": {"name": "Condom Promotion and Distribution"}, "facility": {"code": 18443}}, {"service": {"name": "Emergency Preparedness"}, "facility": {"code": 10507}}, {"service": {"name": "ENT Services"}, "facility": {"code": 10507}}, {"service": {"name": "Dental Laboratory Services"}, "facility": {"code": 10507}}, {"service": {"name": "Oral Health Services (Dental Services)"}, "facility": {"code": 10507}}, {"service": {"name": "Emergency Obstetric Care"}, "facility": {"code": 10507}}, {"service": {"name": "Environmental Health Services"}, "facility": {"code": 10507}}, {"service": {"name": "Rehabilitative Health Services - Physiotherapy"}, "facility": {"code": 10507}}, {"service": {"name": "Mental Health Services"}, "facility": {"code": 10507}}, {"service": {"name": "Services for Sexual Violence Survivors"}, "facility": {"code": 10507}}, {"service": {"name": "Opthalmic Services"}, "facility": {"code": 10507}}, {"service": {"name": "Nutrition Services"}, "facility": {"code": 10507}}, {"service": {"name": "Integrated Management of Childhood Illnesses"}, "facility": {"code": 10507}}, {"service": {"name": "Ambulance Sevices"}, "facility": {"code": 10507}}, {"service": {"name": "Laboratory Services"}, "facility": {"code": 10507}}, {"service": {"name": "Maternity Services"}, "facility": {"code": 10507}}, {"service": {"name": "Curative Services"}, "facility": {"code": 10507}}, {"service": {"name": "Rehabilitative Health Services - Occupational Health"}, "facility": {"code": 10507}}, {"service": {"name": "First Line Treatment"}, "facility": {"code": 10507}}, {"service": {"name": "Tuberculosis Culture"}, "facility": {"code": 10507}}, {"service": {"name": "Smear Microscopy"}, "facility": {"code": 10507}}, {"service": {"name": "Immunization with additional vaccines"}, "facility": {"code": 10507}}, {"service": {"name": "Basic Immunization"}, "facility": {"code": 10507}}, {"service": {"name": "Focused Antenatal Care"}, "facility": {"code": 10507}}, {"service": {"name": "Integrated Services"}, "facility": {"code": 10507}}, {"service": {"name": "Long Term FP"}, "facility": {"code": 10507}}, {"service": {"name": "Short Term FP"}, "facility": {"code": 10507}}, {"service": {"name": "Home Based Care"}, "facility": {"code": 10507}}, {"service": {"name": "Adult Antiretroviral Therapy"}, "facility": {"code": 10507}}, {"service": {"name": "Paediatric Antiretroviral Therapy"}, "facility": {"code": 10507}}, {"service": {"name": "Post Exposure Prophylaxis"}, "facility": {"code": 10507}}, {"service": {"name": "PMTCT - Maternity"}, "facility": {"code": 10507}}, {"service": {"name": "PMTCT - ANC"}, "facility": {"code": 10507}}, {"service": {"name": "Early Infant Diagnosis"}, "facility": {"code": 10507}}, {"service": {"name": "Diagnostic Counselling and Testing"}, "facility": {"code": 10507}}, {"service": {"name": "Provider Initiated Counselling and Testing"}, "facility": {"code": 10507}}, {"service": {"name": "Voluntary Counselling and Testing"}, "facility": {"code": 10507}}, {"service": {"name": "Management of STIs"}, "facility": {"code": 10507}}, {"service": {"name": "Condom Promotion and Distribution"}, "facility": {"code": 10507}}, {"service": {"name": "Curative Services"}, "facility": {"code": 18440}}, {"service": {"name": "Basic Immunization"}, "facility": {"code": 18440}}, {"service": {"name": "Focused Antenatal Care"}, "facility": {"code": 18440}}, {"service": {"name": "Short Term FP"}, "facility": {"code": 18440}}, {"service": {"name": "PMTCT - ANC"}, "facility": {"code": 18440}}, {"service": {"name": "Provider Initiated Counselling and Testing"}, "facility": {"code": 18440}}, {"service": {"name": "Management of STIs"}, "facility": {"code": 18440}}, {"service": {"name": "Condom Promotion and Distribution"}, "facility": {"code": 18440}}, {"service": {"name": "Environmental Health Services"}, "facility": {"code": 18439}}, {"service": {"name": "Laboratory Services"}, "facility": {"code": 18439}}, {"service": {"name": "Maternity Services"}, "facility": {"code": 18439}}, {"service": {"name": "Curative Services"}, "facility": {"code": 18439}}, {"service": {"name": "Basic Immunization"}, "facility": {"code": 18439}}, {"service": {"name": "Focused Antenatal Care"}, "facility": {"code": 18439}}, {"service": {"name": "Short Term FP"}, "facility": {"code": 18439}}, {"service": {"name": "PMTCT - ANC"}, "facility": {"code": 18439}}, {"service": {"name": "Diagnostic Counselling and Testing"}, "facility": {"code": 18439}}, {"service": {"name": "Provider Initiated Counselling and Testing"}, "facility": {"code": 18439}}, {"service": {"name": "Management of STIs"}, "facility": {"code": 18439}}, {"service": {"name": "Condom Promotion and Distribution"}, "facility": {"code": 18439}}, {"service": {"name": "Curative Services"}, "facility": {"code": 18438}}, {"service": {"name": "Basic Immunization"}, "facility": {"code": 18438}}, {"service": {"name": "Long Term FP"}, "facility": {"code": 18438}}, {"service": {"name": "Short Term FP"}, "facility": {"code": 18438}}, {"service": {"name": "PMTCT - ANC"}, "facility": {"code": 18438}}, {"service": {"name": "Diagnostic Counselling and Testing"}, "facility": {"code": 18438}}, {"service": {"name": "Provider Initiated Counselling and Testing"}, "facility": {"code": 18438}}, {"service": {"name": "Voluntary Counselling and Testing"}, "facility": {"code": 18438}}, {"service": {"name": "Management of STIs"}, "facility": {"code": 18438}}, {"service": {"name": "Condom Promotion and Distribution"}, "facility": {"code": 18438}}, {"service": {"name": "Condom Promotion and Distribution"}, "facility": {"code": 17009}}, {"service": {"name": "Curative Services"}, "facility": {"code": 17011}}, {"service": {"name": "Diagnostic Counselling and Testing"}, "facility": {"code": 17011}}, {"service": {"name": "Provider Initiated Counselling and Testing"}, "facility": {"code": 17011}}, {"service": {"name": "Management of STIs"}, "facility": {"code": 17011}}, {"service": {"name": "Condom Promotion and Distribution"}, "facility": {"code": 17011}}, {"service": {"name": "Emergency Preparedness"}, "facility": {"code": 10384}}, {"service": {"name": "Emergency Obstetric Care"}, "facility": {"code": 10384}}, {"service": {"name": "Nutrition Services"}, "facility": {"code": 10384}}, {"service": {"name": "Curative Services"}, "facility": {"code": 10384}}, {"service": {"name": "Basic Immunization"}, "facility": {"code": 10384}}, {"service": {"name": "Focused Antenatal Care"}, "facility": {"code": 10384}}, {"service": {"name": "Long Term FP"}, "facility": {"code": 10384}}, {"service": {"name": "Short Term FP"}, "facility": {"code": 10384}}, {"service": {"name": "Condom Promotion and Distribution"}, "facility": {"code": 10384}}, {"service": {"name": "PMTCT - ANC"}, "facility": {"code": 10384}}, {"service": {"name": "Provider Initiated Counselling and Testing"}, "facility": {"code": 10384}}, {"service": {"name": "Voluntary Counselling and Testing"}, "facility": {"code": 10384}}, {"service": {"name": "Emergency Obstetric Care"}, "facility": {"code": 10291}}, {"service": {"name": "Curative Services"}, "facility": {"code": 10291}}, {"service": {"name": "PMTCT - ANC"}, "facility": {"code": 10291}}, {"service": {"name": "Condom Promotion and Distribution"}, "facility": {"code": 10291}}, {"service": {"name": "Voluntary Counselling and Testing"}, "facility": {"code": 10291}}, {"service": {"name": "Focused Antenatal Care"}, "facility": {"code": 10291}}, {"service": {"name": "Basic Immunization"}, "facility": {"code": 10291}}, {"service": {"name": "Long Term FP"}, "facility": {"code": 10291}}, {"service": {"name": "Short Term FP"}, "facility": {"code": 10291}}, {"service": {"name": "Management of STIs"}, "facility": {"code": 10291}}, {"service": {"name": "Emergency Preparedness"}, "facility": {"code": 18435}}, {"service": {"name": "Emergency Obstetric Care"}, "facility": {"code": 18435}}, {"service": {"name": "Nutrition Services"}, "facility": {"code": 18435}}, {"service": {"name": "Laboratory Services"}, "facility": {"code": 18435}}, {"service": {"name": "Surgical Services"}, "facility": {"code": 18435}}, {"service": {"name": "Maternity Services"}, "facility": {"code": 18435}}, {"service": {"name": "Curative Services"}, "facility": {"code": 18435}}, {"service": {"name": "Focused Antenatal Care"}, "facility": {"code": 18435}}, {"service": {"name": "Short Term FP"}, "facility": {"code": 18435}}, {"service": {"name": "Management of STIs"}, "facility": {"code": 18435}}, {"service": {"name": "Condom Promotion and Distribution"}, "facility": {"code": 18435}}, {"service": {"name": "Provider Initiated Counselling and Testing"}, "facility": {"code": 18121}}, {"service": {"name": "Laboratory Services"}, "facility": {"code": 18434}}, {"service": {"name": "Maternity Services"}, "facility": {"code": 18434}}, {"service": {"name": "Basic Immunization"}, "facility": {"code": 18434}}, {"service": {"name": "Focused Antenatal Care"}, "facility": {"code": 18434}}, {"service": {"name": "Long Term FP"}, "facility": {"code": 18434}}, {"service": {"name": "Short Term FP"}, "facility": {"code": 18434}}, {"service": {"name": "PMTCT - ANC"}, "facility": {"code": 18434}}, {"service": {"name": "Diagnostic Counselling and Testing"}, "facility": {"code": 18434}}, {"service": {"name": "Management of STIs"}, "facility": {"code": 18434}}, {"service": {"name": "Condom Promotion and Distribution"}, "facility": {"code": 18434}}, {"service": {"name": "Focused Antenatal Care"}, "facility": {"code": 16796}}, {"service": {"name": "Emergency Preparedness"}, "facility": {"code": 18433}}, {"service": {"name": "Emergency Obstetric Care"}, "facility": {"code": 18433}}, {"service": {"name": "Nutrition Services"}, "facility": {"code": 18433}}, {"service": {"name": "Integrated Management of Childhood Illnesses"}, "facility": {"code": 18433}}, {"service": {"name": "Laboratory Services"}, "facility": {"code": 18433}}, {"service": {"name": "Surgical Services"}, "facility": {"code": 18433}}, {"service": {"name": "Maternity Services"}, "facility": {"code": 18433}}, {"service": {"name": "Curative Services"}, "facility": {"code": 18433}}, {"service": {"name": "Basic Immunization"}, "facility": {"code": 18433}}, {"service": {"name": "Focused Antenatal Care"}, "facility": {"code": 18433}}, {"service": {"name": "Long Term FP"}, "facility": {"code": 18433}}, {"service": {"name": "Short Term FP"}, "facility": {"code": 18433}}, {"service": {"name": "PMTCT - ANC"}, "facility": {"code": 18433}}], "unique_fields": ["facility", "service"], "model": "facilities.FacilityService"}]