[{"records": [{"service": {"name": "Curative Services"}, "facility": {"code": 18281}}, {"service": {"name": "Basic Immunization"}, "facility": {"code": 18281}}, {"service": {"name": "Focused Antenatal Care"}, "facility": {"code": 18281}}, {"service": {"name": "Long Term FP"}, "facility": {"code": 18281}}, {"service": {"name": "Short Term FP"}, "facility": {"code": 18281}}, {"service": {"name": "Voluntary Male Circumcision"}, "facility": {"code": 18281}}, {"service": {"name": "Management of STIs"}, "facility": {"code": 18281}}, {"service": {"name": "Condom Promotion and Distribution"}, "facility": {"code": 18281}}, {"service": {"name": "Curative Services"}, "facility": {"code": 12918}}, {"service": {"name": "Curative Services"}, "facility": {"code": 13009}}, {"service": {"name": "Maternity Services"}, "facility": {"code": 13201}}, {"service": {"name": "Curative Services"}, "facility": {"code": 13201}}, {"service": {"name": "Basic Immunization"}, "facility": {"code": 13201}}, {"service": {"name": "Focused Antenatal Care"}, "facility": {"code": 13201}}, {"service": {"name": "Short Term FP"}, "facility": {"code": 13201}}, {"service": {"name": "PMTCT - Maternity"}, "facility": {"code": 13201}}, {"service": {"name": "PMTCT - ANC"}, "facility": {"code": 13201}}, {"service": {"name": "Condom Promotion and Distribution"}, "facility": {"code": 13201}}, {"service": {"name": "Management of STIs"}, "facility": {"code": 13201}}, {"service": {"name": "First Line Treatment"}, "facility": {"code": 13050}}, {"service": {"name": "Tuberculosis Culture"}, "facility": {"code": 13050}}, {"service": {"name": "Smear Microscopy"}, "facility": {"code": 13050}}, {"service": {"name": "Post Exposure Prophylaxis"}, "facility": {"code": 13050}}, {"service": {"name": "Voluntary Counselling and Testing"}, "facility": {"code": 13050}}, {"service": {"name": "Basic Immunization"}, "facility": {"code": 12928}}, {"service": {"name": "Focused Antenatal Care"}, "facility": {"code": 12928}}, {"service": {"name": "Short Term FP"}, "facility": {"code": 12928}}, {"service": {"name": "Basic Immunization"}, "facility": {"code": 12927}}, {"service": {"name": "Focused Antenatal Care"}, "facility": {"code": 12927}}, {"service": {"name": "Short Term FP"}, "facility": {"code": 12927}}, {"service": {"name": "Basic Immunization"}, "facility": {"code": 12926}}, {"service": {"name": "Focused Antenatal Care"}, "facility": {"code": 12926}}, {"service": {"name": "Short Term FP"}, "facility": {"code": 12926}}, {"service": {"name": "Basic Immunization"}, "facility": {"code": 12924}}, {"service": {"name": "Focused Antenatal Care"}, "facility": {"code": 12924}}, {"service": {"name": "Short Term FP"}, "facility": {"code": 12924}}, {"service": {"name": "Condom Promotion and Distribution"}, "facility": {"code": 12922}}, {"service": {"name": "Basic Immunization"}, "facility": {"code": 12922}}, {"service": {"name": "Short Term FP"}, "facility": {"code": 12922}}, {"service": {"name": "Laboratory Services"}, "facility": {"code": 18211}}, {"service": {"name": "Maternity Services"}, "facility": {"code": 18211}}, {"service": {"name": "Curative Services"}, "facility": {"code": 18211}}, {"service": {"name": "First Line Treatment"}, "facility": {"code": 18211}}, {"service": {"name": "Smear Microscopy"}, "facility": {"code": 18211}}, {"service": {"name": "Long Term FP"}, "facility": {"code": 18211}}, {"service": {"name": "Post Exposure Prophylaxis"}, "facility": {"code": 18211}}, {"service": {"name": "Voluntary Male Circumcision"}, "facility": {"code": 18211}}, {"service": {"name": "Early Infant Diagnosis"}, "facility": {"code": 18211}}, {"service": {"name": "Emergency Obstetric Care"}, "facility": {"code": 11643}}, {"service": {"name": "Rehabilitative Health Services - Physiotherapy"}, "facility": {"code": 11643}}, {"service": {"name": "Opthalmic Services"}, "facility": {"code": 11643}}, {"service": {"name": "Nutrition Services"}, "facility": {"code": 11643}}, {"service": {"name": "Integrated Management of Childhood Illnesses"}, "facility": {"code": 11643}}, {"service": {"name": "Ambulance Sevices"}, "facility": {"code": 11643}}, {"service": {"name": "Laboratory Services"}, "facility": {"code": 11643}}, {"service": {"name": "Radiology Services"}, "facility": {"code": 11643}}, {"service": {"name": "Surgical Services"}, "facility": {"code": 11643}}, {"service": {"name": "Maternity Services"}, "facility": {"code": 11643}}, {"service": {"name": "Curative Services"}, "facility": {"code": 11643}}, {"service": {"name": "Facility Based Blood Transfusion Service"}, "facility": {"code": 11643}}, {"service": {"name": "Facility Based Blood Collection Service"}, "facility": {"code": 11643}}, {"service": {"name": "Rehabilitative Health Services - Orthopaedic Technology"}, "facility": {"code": 11643}}, {"service": {"name": "Rehabilitative Health Services - Occupational Health"}, "facility": {"code": 11643}}, {"service": {"name": "First Line Treatment"}, "facility": {"code": 11643}}, {"service": {"name": "Tuberculosis Culture"}, "facility": {"code": 11643}}, {"service": {"name": "Smear Microscopy"}, "facility": {"code": 11643}}, {"service": {"name": "Focused Antenatal Care"}, "facility": {"code": 11643}}, {"service": {"name": "Basic Immunization"}, "facility": {"code": 11643}}, {"service": {"name": "Long Term FP"}, "facility": {"code": 11643}}, {"service": {"name": "Short Term FP"}, "facility": {"code": 11643}}, {"service": {"name": "Adult Antiretroviral Therapy"}, "facility": {"code": 11643}}, {"service": {"name": "Paediatric Antiretroviral Therapy"}, "facility": {"code": 11643}}, {"service": {"name": "Post Exposure Prophylaxis"}, "facility": {"code": 11643}}, {"service": {"name": "Voluntary Male Circumcision"}, "facility": {"code": 11643}}, {"service": {"name": "PMTCT - Maternity"}, "facility": {"code": 11643}}, {"service": {"name": "PMTCT - ANC"}, "facility": {"code": 11643}}, {"service": {"name": "Early Infant Diagnosis"}, "facility": {"code": 11643}}, {"service": {"name": "Diagnostic Counselling and Testing"}, "facility": {"code": 11643}}, {"service": {"name": "Provider Initiated Counselling and Testing"}, "facility": {"code": 11643}}, {"service": {"name": "Voluntary Counselling and Testing"}, "facility": {"code": 11643}}, {"service": {"name": "Management of STIs"}, "facility": {"code": 11643}}, {"service": {"name": "Condom Promotion and Distribution"}, "facility": {"code": 11643}}, {"service": {"name": "Emergency Obstetric Care"}, "facility": {"code": 11734}}, {"service": {"name": "Rehabilitative Health Services - Physiotherapy"}, "facility": {"code": 11734}}, {"service": {"name": "Laboratory Services"}, "facility": {"code": 11734}}, {"service": {"name": "Radiology Services"}, "facility": {"code": 11734}}, {"service": {"name": "Surgical Services"}, "facility": {"code": 11734}}, {"service": {"name": "Maternity Services"}, "facility": {"code": 11734}}, {"service": {"name": "Curative Services"}, "facility": {"code": 11734}}, {"service": {"name": "Smear Microscopy"}, "facility": {"code": 11734}}, {"service": {"name": "Basic Immunization"}, "facility": {"code": 11734}}, {"service": {"name": "Focused Antenatal Care"}, "facility": {"code": 11734}}, {"service": {"name": "Long Term FP"}, "facility": {"code": 11734}}, {"service": {"name": "Short Term FP"}, "facility": {"code": 11734}}, {"service": {"name": "Adult Antiretroviral Therapy"}, "facility": {"code": 11734}}, {"service": {"name": "Paediatric Antiretroviral Therapy"}, "facility": {"code": 11734}}, {"service": {"name": "Post Exposure Prophylaxis"}, "facility": {"code": 11734}}, {"service": {"name": "Voluntary Male Circumcision"}, "facility": {"code": 11734}}, {"service": {"name": "PMTCT - Maternity"}, "facility": {"code": 11734}}, {"service": {"name": "PMTCT - ANC"}, "facility": {"code": 11734}}, {"service": {"name": "Early Infant Diagnosis"}, "facility": {"code": 11734}}, {"service": {"name": "Diagnostic Counselling and Testing"}, "facility": {"code": 11734}}, {"service": {"name": "Provider Initiated Counselling and Testing"}, "facility": {"code": 11734}}, {"service": {"name": "Voluntary Counselling and Testing"}, "facility": {"code": 11734}}, {"service": {"name": "Management of STIs"}, "facility": {"code": 11734}}, {"service": {"name": "Condom Promotion and Distribution"}, "facility": {"code": 11734}}, {"service": {"name": "Emergency Obstetric Care"}, "facility": {"code": 11679}}, {"service": {"name": "Voluntary Male Circumcision"}, "facility": {"code": 11679}}, {"service": {"name": "Post Exposure Prophylaxis"}, "facility": {"code": 11679}}, {"service": {"name": "PMTCT - Maternity"}, "facility": {"code": 11679}}, {"service": {"name": "Emergency Obstetric Care"}, "facility": {"code": 11716}}, {"service": {"name": "Laboratory Services"}, "facility": {"code": 11716}}, {"service": {"name": "Maternity Services"}, "facility": {"code": 11716}}, {"service": {"name": "Curative Services"}, "facility": {"code": 11716}}, {"service": {"name": "First Line Treatment"}, "facility": {"code": 11716}}, {"service": {"name": "Smear Microscopy"}, "facility": {"code": 11716}}, {"service": {"name": "Basic Immunization"}, "facility": {"code": 11716}}, {"service": {"name": "Focused Antenatal Care"}, "facility": {"code": 11716}}, {"service": {"name": "Short Term FP"}, "facility": {"code": 11716}}, {"service": {"name": "PMTCT - Maternity"}, "facility": {"code": 11716}}, {"service": {"name": "PMTCT - ANC"}, "facility": {"code": 11716}}, {"service": {"name": "Diagnostic Counselling and Testing"}, "facility": {"code": 11716}}, {"service": {"name": "Provider Initiated Counselling and Testing"}, "facility": {"code": 11716}}, {"service": {"name": "Voluntary Counselling and Testing"}, "facility": {"code": 11716}}, {"service": {"name": "Management of STIs"}, "facility": {"code": 11716}}, {"service": {"name": "Condom Promotion and Distribution"}, "facility": {"code": 11716}}, {"service": {"name": "Emergency Obstetric Care"}, "facility": {"code": 11683}}, {"service": {"name": "Maternity Services"}, "facility": {"code": 11683}}, {"service": {"name": "Curative Services"}, "facility": {"code": 11683}}, {"service": {"name": "Basic Immunization"}, "facility": {"code": 11683}}, {"service": {"name": "Focused Antenatal Care"}, "facility": {"code": 11683}}, {"service": {"name": "Long Term FP"}, "facility": {"code": 11683}}, {"service": {"name": "Short Term FP"}, "facility": {"code": 11683}}, {"service": {"name": "Voluntary Male Circumcision"}, "facility": {"code": 11683}}, {"service": {"name": "PMTCT - Maternity"}, "facility": {"code": 11683}}, {"service": {"name": "PMTCT - ANC"}, "facility": {"code": 11683}}, {"service": {"name": "Diagnostic Counselling and Testing"}, "facility": {"code": 11683}}, {"service": {"name": "Provider Initiated Counselling and Testing"}, "facility": {"code": 11683}}, {"service": {"name": "Voluntary Counselling and Testing"}, "facility": {"code": 11683}}, {"service": {"name": "Management of STIs"}, "facility": {"code": 11683}}, {"service": {"name": "Condom Promotion and Distribution"}, "facility": {"code": 11683}}, {"service": {"name": "Emergency Obstetric Care"}, "facility": {"code": 11582}}, {"service": {"name": "Maternity Services"}, "facility": {"code": 11582}}, {"service": {"name": "PMTCT - Maternity"}, "facility": {"code": 11582}}, {"service": {"name": "Diagnostic Counselling and Testing"}, "facility": {"code": 11582}}, {"service": {"name": "Provider Initiated Counselling and Testing"}, "facility": {"code": 11582}}, {"service": {"name": "Nutrition Services"}, "facility": {"code": 17335}}, {"service": {"name": "Surgical Services"}, "facility": {"code": 17335}}, {"service": {"name": "Curative Services"}, "facility": {"code": 17335}}, {"service": {"name": "Basic Immunization"}, "facility": {"code": 17335}}, {"service": {"name": "Focused Antenatal Care"}, "facility": {"code": 17335}}, {"service": {"name": "PMTCT - Maternity"}, "facility": {"code": 17335}}, {"service": {"name": "PMTCT - ANC"}, "facility": {"code": 17335}}, {"service": {"name": "Diagnostic Counselling and Testing"}, "facility": {"code": 17335}}, {"service": {"name": "Management of STIs"}, "facility": {"code": 17335}}, {"service": {"name": "Condom Promotion and Distribution"}, "facility": {"code": 17335}}, {"service": {"name": "Environmental Health Services"}, "facility": {"code": 13215}}, {"service": {"name": "Emergency Obstetric Care"}, "facility": {"code": 13215}}, {"service": {"name": "Nutrition Services"}, "facility": {"code": 13215}}, {"service": {"name": "Integrated Management of Childhood Illnesses"}, "facility": {"code": 13215}}, {"service": {"name": "Laboratory Services"}, "facility": {"code": 13215}}, {"service": {"name": "Curative Services"}, "facility": {"code": 13215}}, {"service": {"name": "Basic Immunization"}, "facility": {"code": 13215}}, {"service": {"name": "Focused Antenatal Care"}, "facility": {"code": 13215}}, {"service": {"name": "Early Infant Diagnosis"}, "facility": {"code": 13215}}, {"service": {"name": "Voluntary Counselling and Testing"}, "facility": {"code": 13215}}, {"service": {"name": "Provider Initiated Counselling and Testing"}, "facility": {"code": 13215}}, {"service": {"name": "Management of STIs"}, "facility": {"code": 13215}}, {"service": {"name": "Condom Promotion and Distribution"}, "facility": {"code": 13215}}, {"service": {"name": "ENT Services"}, "facility": {"code": 13241}}, {"service": {"name": "Emergency Obstetric Care"}, "facility": {"code": 13241}}, {"service": {"name": "Services for Sexual Violence Survivors"}, "facility": {"code": 13241}}, {"service": {"name": "Environmental Health Services"}, "facility": {"code": 13241}}, {"service": {"name": "Nutrition Services"}, "facility": {"code": 13241}}, {"service": {"name": "Integrated Management of Childhood Illnesses"}, "facility": {"code": 13241}}, {"service": {"name": "Laboratory Services"}, "facility": {"code": 13241}}, {"service": {"name": "Surgical Services"}, "facility": {"code": 13241}}, {"service": {"name": "Maternity Services"}, "facility": {"code": 13241}}, {"service": {"name": "Curative Services"}, "facility": {"code": 13241}}, {"service": {"name": "Facility Based Blood Transfusion Service"}, "facility": {"code": 13241}}, {"service": {"name": "Smear Microscopy"}, "facility": {"code": 13241}}, {"service": {"name": "Basic Immunization"}, "facility": {"code": 13241}}, {"service": {"name": "Focused Antenatal Care"}, "facility": {"code": 13241}}, {"service": {"name": "Long Term FP"}, "facility": {"code": 13241}}, {"service": {"name": "Short Term FP"}, "facility": {"code": 13241}}, {"service": {"name": "PMTCT - ANC"}, "facility": {"code": 13241}}, {"service": {"name": "Early Infant Diagnosis"}, "facility": {"code": 13241}}, {"service": {"name": "PMTCT - Maternity"}, "facility": {"code": 13241}}, {"service": {"name": "Diagnostic Counselling and Testing"}, "facility": {"code": 13241}}, {"service": {"name": "Provider Initiated Counselling and Testing"}, "facility": {"code": 13241}}, {"service": {"name": "Voluntary Counselling and Testing"}, "facility": {"code": 13241}}, {"service": {"name": "Management of STIs"}, "facility": {"code": 13241}}, {"service": {"name": "Condom Promotion and Distribution"}, "facility": {"code": 13241}}, {"service": {"name": "Emergency Preparedness"}, "facility": {"code": 13247}}, {"service": {"name": "Emergency Obstetric Care"}, "facility": {"code": 13247}}, {"service": {"name": "Environmental Health Services"}, "facility": {"code": 13247}}, {"service": {"name": "Services for Sexual Violence Survivors"}, "facility": {"code": 13247}}, {"service": {"name": "Nutrition Services"}, "facility": {"code": 13247}}, {"service": {"name": "Integrated Management of Childhood Illnesses"}, "facility": {"code": 13247}}, {"service": {"name": "Laboratory Services"}, "facility": {"code": 13247}}, {"service": {"name": "Surgical Services"}, "facility": {"code": 13247}}, {"service": {"name": "Maternity Services"}, "facility": {"code": 13247}}, {"service": {"name": "Curative Services"}, "facility": {"code": 13247}}, {"service": {"name": "Facility Based Blood Transfusion Service"}, "facility": {"code": 13247}}, {"service": {"name": "Tuberculosis Culture"}, "facility": {"code": 13247}}, {"service": {"name": "Smear Microscopy"}, "facility": {"code": 13247}}, {"service": {"name": "Basic Immunization"}, "facility": {"code": 13247}}, {"service": {"name": "Focused Antenatal Care"}, "facility": {"code": 13247}}, {"service": {"name": "Permanent FP"}, "facility": {"code": 13247}}, {"service": {"name": "Long Term FP"}, "facility": {"code": 13247}}, {"service": {"name": "Short Term FP"}, "facility": {"code": 13247}}, {"service": {"name": "PMTCT - Maternity"}, "facility": {"code": 13247}}, {"service": {"name": "Early Infant Diagnosis"}, "facility": {"code": 13247}}, {"service": {"name": "Diagnostic Counselling and Testing"}, "facility": {"code": 13247}}, {"service": {"name": "Provider Initiated Counselling and Testing"}, "facility": {"code": 13247}}, {"service": {"name": "Management of STIs"}, "facility": {"code": 13247}}, {"service": {"name": "Voluntary Counselling and Testing"}, "facility": {"code": 13247}}, {"service": {"name": "Condom Promotion and Distribution"}, "facility": {"code": 13247}}, {"service": {"name": "Emergency Preparedness"}, "facility": {"code": 13236}}, {"service": {"name": "Curative Services"}, "facility": {"code": 13236}}, {"service": {"name": "Short Term FP"}, "facility": {"code": 13236}}, {"service": {"name": "Management of STIs"}, "facility": {"code": 13236}}, {"service": {"name": "Condom Promotion and Distribution"}, "facility": {"code": 13236}}, {"service": {"name": "Emergency Preparedness"}, "facility": {"code": 13198}}, {"service": {"name": "Emergency Obstetric Care"}, "facility": {"code": 13198}}, {"service": {"name": "Services for Sexual Violence Survivors"}, "facility": {"code": 13198}}, {"service": {"name": "Nutrition Services"}, "facility": {"code": 13198}}, {"service": {"name": "Laboratory Services"}, "facility": {"code": 13198}}, {"service": {"name": "Maternity Services"}, "facility": {"code": 13198}}, {"service": {"name": "Curative Services"}, "facility": {"code": 13198}}, {"service": {"name": "Basic Immunization"}, "facility": {"code": 13198}}, {"service": {"name": "Focused Antenatal Care"}, "facility": {"code": 13198}}, {"service": {"name": "Short Term FP"}, "facility": {"code": 13198}}, {"service": {"name": "PMTCT - Maternity"}, "facility": {"code": 13198}}, {"service": {"name": "PMTCT - ANC"}, "facility": {"code": 13198}}, {"service": {"name": "Diagnostic Counselling and Testing"}, "facility": {"code": 13198}}, {"service": {"name": "Provider Initiated Counselling and Testing"}, "facility": {"code": 13198}}, {"service": {"name": "Voluntary Counselling and Testing"}, "facility": {"code": 13198}}, {"service": {"name": "Early Infant Diagnosis"}, "facility": {"code": 13198}}, {"service": {"name": "Management of STIs"}, "facility": {"code": 13198}}, {"service": {"name": "Condom Promotion and Distribution"}, "facility": {"code": 13198}}, {"service": {"name": "Environmental Health Services"}, "facility": {"code": 13106}}, {"service": {"name": "Emergency Preparedness"}, "facility": {"code": 13106}}, {"service": {"name": "Laboratory Services"}, "facility": {"code": 13106}}, {"service": {"name": "Curative Services"}, "facility": {"code": 13106}}, {"service": {"name": "Basic Immunization"}, "facility": {"code": 13106}}, {"service": {"name": "Focused Antenatal Care"}, "facility": {"code": 13106}}, {"service": {"name": "Long Term FP"}, "facility": {"code": 13106}}, {"service": {"name": "Short Term FP"}, "facility": {"code": 13106}}, {"service": {"name": "Early Infant Diagnosis"}, "facility": {"code": 13106}}, {"service": {"name": "Voluntary Counselling and Testing"}, "facility": {"code": 13106}}, {"service": {"name": "Management of STIs"}, "facility": {"code": 13106}}, {"service": {"name": "Condom Promotion and Distribution"}, "facility": {"code": 13106}}, {"service": {"name": "Emergency Preparedness"}, "facility": {"code": 13079}}, {"service": {"name": "Environmental Health Services"}, "facility": {"code": 13079}}, {"service": {"name": "Services for Sexual Violence Survivors"}, "facility": {"code": 13079}}, {"service": {"name": "Integrated Management of Childhood Illnesses"}, "facility": {"code": 13079}}, {"service": {"name": "Laboratory Services"}, "facility": {"code": 13079}}, {"service": {"name": "Curative Services"}, "facility": {"code": 13079}}, {"service": {"name": "Basic Immunization"}, "facility": {"code": 13079}}, {"service": {"name": "Focused Antenatal Care"}, "facility": {"code": 13079}}, {"service": {"name": "Voluntary Counselling and Testing"}, "facility": {"code": 13079}}, {"service": {"name": "Diagnostic Counselling and Testing"}, "facility": {"code": 13079}}, {"service": {"name": "Management of STIs"}, "facility": {"code": 13079}}, {"service": {"name": "Condom Promotion and Distribution"}, "facility": {"code": 13079}}, {"service": {"name": "Emergency Preparedness"}, "facility": {"code": 12949}}, {"service": {"name": "Services for Sexual Violence Survivors"}, "facility": {"code": 12949}}, {"service": {"name": "Nutrition Services"}, "facility": {"code": 12949}}, {"service": {"name": "Laboratory Services"}, "facility": {"code": 12949}}, {"service": {"name": "Curative Services"}, "facility": {"code": 12949}}, {"service": {"name": "Short Term FP"}, "facility": {"code": 12949}}, {"service": {"name": "Voluntary Counselling and Testing"}, "facility": {"code": 12949}}, {"service": {"name": "Provider Initiated Counselling and Testing"}, "facility": {"code": 12949}}, {"service": {"name": "Diagnostic Counselling and Testing"}, "facility": {"code": 12949}}, {"service": {"name": "Condom Promotion and Distribution"}, "facility": {"code": 12949}}, {"service": {"name": "Emergency Preparedness"}, "facility": {"code": 12908}}, {"service": {"name": "Nutrition Services"}, "facility": {"code": 12908}}, {"service": {"name": "Integrated Management of Childhood Illnesses"}, "facility": {"code": 12908}}, {"service": {"name": "Curative Services"}, "facility": {"code": 12908}}, {"service": {"name": "Basic Immunization"}, "facility": {"code": 12908}}, {"service": {"name": "Focused Antenatal Care"}, "facility": {"code": 12908}}, {"service": {"name": "Short Term FP"}, "facility": {"code": 12908}}, {"service": {"name": "Management of STIs"}, "facility": {"code": 12908}}, {"service": {"name": "Voluntary Counselling and Testing"}, "facility": {"code": 12908}}, {"service": {"name": "Condom Promotion and Distribution"}, "facility": {"code": 12908}}, {"service": {"name": "Provider Initiated Counselling and Testing"}, "facility": {"code": 18279}}, {"service": {"name": "Voluntary Counselling and Testing"}, "facility": {"code": 18279}}, {"service": {"name": "Condom Promotion and Distribution"}, "facility": {"code": 18279}}, {"service": {"name": "Emergency Preparedness"}, "facility": {"code": 17221}}, {"service": {"name": "Emergency Obstetric Care"}, "facility": {"code": 17221}}, {"service": {"name": "Environmental Health Services"}, "facility": {"code": 17221}}, {"service": {"name": "Nutrition Services"}, "facility": {"code": 17221}}, {"service": {"name": "Curative Services"}, "facility": {"code": 17221}}, {"service": {"name": "Short Term FP"}, "facility": {"code": 17221}}, {"service": {"name": "Provider Initiated Counselling and Testing"}, "facility": {"code": 17221}}, {"service": {"name": "Management of STIs"}, "facility": {"code": 17221}}, {"service": {"name": "Condom Promotion and Distribution"}, "facility": {"code": 17221}}, {"service": {"name": "ENT Services"}, "facility": {"code": 18278}}, {"service": {"name": "Oral Health Services (Dental Services)"}, "facility": {"code": 18278}}, {"service": {"name": "Emergency Obstetric Care"}, "facility": {"code": 18278}}, {"service": {"name": "Mental Health Services"}, "facility": {"code": 18278}}, {"service": {"name": "Opthalmic Services"}, "facility": {"code": 18278}}, {"service": {"name": "Nutrition Services"}, "facility": {"code": 18278}}, {"service": {"name": "Laboratory Services"}, "facility": {"code": 18278}}, {"service": {"name": "Surgical Services"}, "facility": {"code": 18278}}, {"service": {"name": "Curative Services"}, "facility": {"code": 18278}}, {"service": {"name": "Immunization with additional vaccines"}, "facility": {"code": 18278}}, {"service": {"name": "Basic Immunization"}, "facility": {"code": 18278}}, {"service": {"name": "Specialized ANC"}, "facility": {"code": 18278}}, {"service": {"name": "Focused Antenatal Care"}, "facility": {"code": 18278}}, {"service": {"name": "Long Term FP"}, "facility": {"code": 18278}}, {"service": {"name": "Short Term FP"}, "facility": {"code": 18278}}, {"service": {"name": "Voluntary Male Circumcision"}, "facility": {"code": 18278}}, {"service": {"name": "PMTCT - ANC"}, "facility": {"code": 18278}}, {"service": {"name": "Diagnostic Counselling and Testing"}, "facility": {"code": 18278}}, {"service": {"name": "Provider Initiated Counselling and Testing"}, "facility": {"code": 18278}}, {"service": {"name": "Management of STIs"}, "facility": {"code": 18278}}, {"service": {"name": "Condom Promotion and Distribution"}, "facility": {"code": 18278}}, {"service": {"name": "Emergency Preparedness"}, "facility": {"code": 13209}}, {"service": {"name": "Oral Health Services (Dental Services)"}, "facility": {"code": 13209}}, {"service": {"name": "Emergency Obstetric Care"}, "facility": {"code": 13209}}, {"service": {"name": "First Line Treatment"}, "facility": {"code": 13209}}, {"service": {"name": "Smear Microscopy"}, "facility": {"code": 13209}}, {"service": {"name": "Focused Antenatal Care"}, "facility": {"code": 13209}}, {"service": {"name": "Adult Antiretroviral Therapy"}, "facility": {"code": 13209}}, {"service": {"name": "Paediatric Antiretroviral Therapy"}, "facility": {"code": 13209}}, {"service": {"name": "Post Exposure Prophylaxis"}, "facility": {"code": 13209}}, {"service": {"name": "Voluntary Male Circumcision"}, "facility": {"code": 13209}}, {"service": {"name": "PMTCT - ANC"}, "facility": {"code": 13209}}, {"service": {"name": "Early Infant Diagnosis"}, "facility": {"code": 13209}}, {"service": {"name": "Diagnostic Counselling and Testing"}, "facility": {"code": 13209}}, {"service": {"name": "Provider Initiated Counselling and Testing"}, "facility": {"code": 13209}}, {"service": {"name": "Voluntary Counselling and Testing"}, "facility": {"code": 13209}}, {"service": {"name": "Management of STIs"}, "facility": {"code": 13209}}, {"service": {"name": "Voluntary Counselling and Testing"}, "facility": {"code": 13242}}, {"service": {"name": "Emergency Obstetric Care"}, "facility": {"code": 13242}}, {"service": {"name": "Curative Services"}, "facility": {"code": 13242}}, {"service": {"name": "Basic Immunization"}, "facility": {"code": 13242}}, {"service": {"name": "Short Term FP"}, "facility": {"code": 13242}}, {"service": {"name": "PMTCT - ANC"}, "facility": {"code": 13242}}, {"service": {"name": "PMTCT - ANC"}, "facility": {"code": 13231}}, {"service": {"name": "Curative Services"}, "facility": {"code": 13231}}, {"service": {"name": "Basic Immunization"}, "facility": {"code": 13231}}, {"service": {"name": "Focused Antenatal Care"}, "facility": {"code": 13231}}, {"service": {"name": "Short Term FP"}, "facility": {"code": 13231}}, {"service": {"name": "Curative Services"}, "facility": {"code": 18277}}, {"service": {"name": "Emergency Obstetric Care"}, "facility": {"code": 13117}}, {"service": {"name": "Laboratory Services"}, "facility": {"code": 13117}}, {"service": {"name": "Ambulance Sevices"}, "facility": {"code": 13117}}, {"service": {"name": "Radiology Services"}, "facility": {"code": 13117}}, {"service": {"name": "Surgical Services"}, "facility": {"code": 13117}}, {"service": {"name": "Maternity Services"}, "facility": {"code": 13117}}, {"service": {"name": "Curative Services"}, "facility": {"code": 13117}}, {"service": {"name": "First Line Treatment"}, "facility": {"code": 13117}}, {"service": {"name": "Tuberculosis Culture"}, "facility": {"code": 13117}}, {"service": {"name": "Smear Microscopy"}, "facility": {"code": 13117}}, {"service": {"name": "Post Exposure Prophylaxis"}, "facility": {"code": 13117}}, {"service": {"name": "PMTCT - Maternity"}, "facility": {"code": 13117}}, {"service": {"name": "PMTCT - ANC"}, "facility": {"code": 13117}}, {"service": {"name": "Provider Initiated Counselling and Testing"}, "facility": {"code": 13117}}, {"service": {"name": "Voluntary Counselling and Testing"}, "facility": {"code": 13117}}, {"service": {"name": "Adult Antiretroviral Therapy"}, "facility": {"code": 13117}}, {"service": {"name": "Short Term FP"}, "facility": {"code": 13117}}, {"service": {"name": "Focused Antenatal Care"}, "facility": {"code": 13117}}, {"service": {"name": "Basic Immunization"}, "facility": {"code": 13117}}, {"service": {"name": "Diagnostic Counselling and Testing"}, "facility": {"code": 13098}}, {"service": {"name": "Voluntary Counselling and Testing"}, "facility": {"code": 13098}}, {"service": {"name": "PMTCT - Maternity"}, "facility": {"code": 13098}}, {"service": {"name": "PMTCT - ANC"}, "facility": {"code": 13098}}, {"service": {"name": "Permanent FP"}, "facility": {"code": 13098}}, {"service": {"name": "Long Term FP"}, "facility": {"code": 13098}}, {"service": {"name": "Short Term FP"}, "facility": {"code": 13098}}, {"service": {"name": "Focused Antenatal Care"}, "facility": {"code": 13098}}, {"service": {"name": "Basic Immunization"}, "facility": {"code": 13098}}, {"service": {"name": "First Line Treatment"}, "facility": {"code": 13098}}, {"service": {"name": "Tuberculosis Culture"}, "facility": {"code": 13098}}, {"service": {"name": "Smear Microscopy"}, "facility": {"code": 13098}}, {"service": {"name": "Facility Based Blood Transfusion Service"}, "facility": {"code": 13098}}, {"service": {"name": "Mortuary Services"}, "facility": {"code": 13098}}, {"service": {"name": "Integrated Management of Childhood Illnesses"}, "facility": {"code": 13098}}, {"service": {"name": "Ambulance Sevices"}, "facility": {"code": 13098}}, {"service": {"name": "Laboratory Services"}, "facility": {"code": 13098}}, {"service": {"name": "Radiology Services"}, "facility": {"code": 13098}}, {"service": {"name": "Surgical Services"}, "facility": {"code": 13098}}, {"service": {"name": "Emergency Obstetric Care"}, "facility": {"code": 11605}}, {"service": {"name": "Maternity Services"}, "facility": {"code": 13098}}, {"service": {"name": "Environmental Health Services"}, "facility": {"code": 11605}}, {"service": {"name": "Curative Services"}, "facility": {"code": 13098}}, {"service": {"name": "Services for Sexual Violence Survivors"}, "facility": {"code": 11605}}, {"service": {"name": "Nutrition Services"}, "facility": {"code": 11605}}, {"service": {"name": "Integrated Management of Childhood Illnesses"}, "facility": {"code": 11605}}, {"service": {"name": "Maternity Services"}, "facility": {"code": 11605}}, {"service": {"name": "Curative Services"}, "facility": {"code": 11605}}, {"service": {"name": "First Line Treatment"}, "facility": {"code": 11605}}, {"service": {"name": "Adult Antiretroviral Therapy"}, "facility": {"code": 13098}}, {"service": {"name": "Focused Antenatal Care"}, "facility": {"code": 11605}}, {"service": {"name": "Home Based Care"}, "facility": {"code": 11605}}, {"service": {"name": "Adult Antiretroviral Therapy"}, "facility": {"code": 11605}}, {"service": {"name": "Paediatric Antiretroviral Therapy"}, "facility": {"code": 11605}}, {"service": {"name": "Post Exposure Prophylaxis"}, "facility": {"code": 11605}}, {"service": {"name": "Voluntary Male Circumcision"}, "facility": {"code": 11605}}, {"service": {"name": "Long Term FP"}, "facility": {"code": 11605}}, {"service": {"name": "Short Term FP"}, "facility": {"code": 11605}}, {"service": {"name": "PMTCT - Maternity"}, "facility": {"code": 11605}}, {"service": {"name": "PMTCT - ANC"}, "facility": {"code": 11605}}, {"service": {"name": "Diagnostic Counselling and Testing"}, "facility": {"code": 11605}}, {"service": {"name": "Voluntary Counselling and Testing"}, "facility": {"code": 11605}}, {"service": {"name": "Management of STIs"}, "facility": {"code": 11605}}, {"service": {"name": "Condom Promotion and Distribution"}, "facility": {"code": 11605}}, {"service": {"name": "Emergency Obstetric Care"}, "facility": {"code": 11302}}, {"service": {"name": "Maternity Services"}, "facility": {"code": 11302}}, {"service": {"name": "Curative Services"}, "facility": {"code": 11302}}, {"service": {"name": "First Line Treatment"}, "facility": {"code": 11302}}, {"service": {"name": "Basic Immunization"}, "facility": {"code": 11302}}, {"service": {"name": "Focused Antenatal Care"}, "facility": {"code": 11302}}, {"service": {"name": "Long Term FP"}, "facility": {"code": 11302}}, {"service": {"name": "Short Term FP"}, "facility": {"code": 11302}}, {"service": {"name": "PMTCT - Maternity"}, "facility": {"code": 11302}}, {"service": {"name": "PMTCT - ANC"}, "facility": {"code": 11302}}, {"service": {"name": "Provider Initiated Counselling and Testing"}, "facility": {"code": 11302}}, {"service": {"name": "Management of STIs"}, "facility": {"code": 11302}}, {"service": {"name": "Condom Promotion and Distribution"}, "facility": {"code": 11302}}, {"service": {"name": "PMTCT - ANC"}, "facility": {"code": 13093}}, {"service": {"name": "Provider Initiated Counselling and Testing"}, "facility": {"code": 13093}}, {"service": {"name": "Voluntary Counselling and Testing"}, "facility": {"code": 13093}}, {"service": {"name": "Basic Immunization"}, "facility": {"code": 13093}}, {"service": {"name": "Curative Services"}, "facility": {"code": 13093}}, {"service": {"name": "Focused Antenatal Care"}, "facility": {"code": 13093}}, {"service": {"name": "Short Term FP"}, "facility": {"code": 13093}}, {"service": {"name": "Curative Services"}, "facility": {"code": 16798}}, {"service": {"name": "PMTCT - ANC"}, "facility": {"code": 16798}}, {"service": {"name": "Basic Immunization"}, "facility": {"code": 16798}}, {"service": {"name": "Focused Antenatal Care"}, "facility": {"code": 16798}}, {"service": {"name": "Short Term FP"}, "facility": {"code": 16798}}, {"service": {"name": "Short Term FP"}, "facility": {"code": 13067}}, {"service": {"name": "PMTCT - ANC"}, "facility": {"code": 13067}}, {"service": {"name": "Condom Promotion and Distribution"}, "facility": {"code": 13049}}, {"service": {"name": "Voluntary Counselling and Testing"}, "facility": {"code": 13049}}, {"service": {"name": "Diagnostic Counselling and Testing"}, "facility": {"code": 13049}}, {"service": {"name": "PMTCT - Maternity"}, "facility": {"code": 13049}}, {"service": {"name": "PMTCT - ANC"}, "facility": {"code": 13049}}, {"service": {"name": "Voluntary Male Circumcision"}, "facility": {"code": 13049}}, {"service": {"name": "Short Term FP"}, "facility": {"code": 13049}}, {"service": {"name": "Basic Immunization"}, "facility": {"code": 13049}}, {"service": {"name": "Emergency Obstetric Care"}, "facility": {"code": 13049}}, {"service": {"name": "Focused Antenatal Care"}, "facility": {"code": 13049}}, {"service": {"name": "First Line Treatment"}, "facility": {"code": 13001}}, {"service": {"name": "Tuberculosis Culture"}, "facility": {"code": 13001}}, {"service": {"name": "Smear Microscopy"}, "facility": {"code": 13001}}, {"service": {"name": "Focused Antenatal Care"}, "facility": {"code": 13001}}, {"service": {"name": "Integrated Services"}, "facility": {"code": 13001}}, {"service": {"name": "Post Exposure Prophylaxis"}, "facility": {"code": 13001}}, {"service": {"name": "PMTCT - Maternity"}, "facility": {"code": 13001}}, {"service": {"name": "PMTCT - ANC"}, "facility": {"code": 13001}}, {"service": {"name": "Diagnostic Counselling and Testing"}, "facility": {"code": 13001}}, {"service": {"name": "Provider Initiated Counselling and Testing"}, "facility": {"code": 13001}}, {"service": {"name": "Emergency Obstetric Care"}, "facility": {"code": 13001}}, {"service": {"name": "Long Term FP"}, "facility": {"code": 13001}}, {"service": {"name": "Short Term FP"}, "facility": {"code": 13001}}, {"service": {"name": "Home Based Care"}, "facility": {"code": 13001}}, {"service": {"name": "Adult Antiretroviral Therapy"}, "facility": {"code": 13001}}, {"service": {"name": "Basic Immunization"}, "facility": {"code": 12966}}, {"service": {"name": "Focused Antenatal Care"}, "facility": {"code": 12966}}, {"service": {"name": "Diagnostic Counselling and Testing"}, "facility": {"code": 12966}}, {"service": {"name": "Short Term FP"}, "facility": {"code": 12966}}, {"service": {"name": "Voluntary Counselling and Testing"}, "facility": {"code": 12951}}, {"service": {"name": "PMTCT - ANC"}, "facility": {"code": 12951}}, {"service": {"name": "Home Based Care"}, "facility": {"code": 12951}}, {"service": {"name": "Focused Antenatal Care"}, "facility": {"code": 12951}}, {"service": {"name": "First Line Treatment"}, "facility": {"code": 12951}}, {"service": {"name": "Tuberculosis Culture"}, "facility": {"code": 12951}}, {"service": {"name": "Smear Microscopy"}, "facility": {"code": 12951}}, {"service": {"name": "Short Term FP"}, "facility": {"code": 12951}}, {"service": {"name": "Curative Services"}, "facility": {"code": 12951}}, {"service": {"name": "Laboratory Services"}, "facility": {"code": 11269}}, {"service": {"name": "Integrated Management of Childhood Illnesses"}, "facility": {"code": 12991}}, {"service": {"name": "Diagnostic Counselling and Testing"}, "facility": {"code": 12991}}, {"service": {"name": "Provider Initiated Counselling and Testing"}, "facility": {"code": 12991}}, {"service": {"name": "Management of STIs"}, "facility": {"code": 12991}}, {"service": {"name": "Emergency Preparedness"}, "facility": {"code": 18276}}, {"service": {"name": "Services for Sexual Violence Survivors"}, "facility": {"code": 18276}}, {"service": {"name": "Nutrition Services"}, "facility": {"code": 18276}}, {"service": {"name": "Laboratory Services"}, "facility": {"code": 18276}}, {"service": {"name": "Curative Services"}, "facility": {"code": 18276}}, {"service": {"name": "Smear Microscopy"}, "facility": {"code": 18276}}, {"service": {"name": "Basic Immunization"}, "facility": {"code": 18276}}, {"service": {"name": "Short Term FP"}, "facility": {"code": 18276}}, {"service": {"name": "Provider Initiated Counselling and Testing"}, "facility": {"code": 18276}}, {"service": {"name": "Management of STIs"}, "facility": {"code": 18276}}, {"service": {"name": "Condom Promotion and Distribution"}, "facility": {"code": 18276}}, {"service": {"name": "Facility Based Blood Transfusion Service"}, "facility": {"code": 12950}}, {"service": {"name": "First Line Treatment"}, "facility": {"code": 12950}}, {"service": {"name": "Tuberculosis Culture"}, "facility": {"code": 12950}}, {"service": {"name": "Smear Microscopy"}, "facility": {"code": 12950}}, {"service": {"name": "Basic Immunization"}, "facility": {"code": 12950}}, {"service": {"name": "Focused Antenatal Care"}, "facility": {"code": 12950}}, {"service": {"name": "Short Term FP"}, "facility": {"code": 12950}}, {"service": {"name": "Adult Antiretroviral Therapy"}, "facility": {"code": 12950}}, {"service": {"name": "PMTCT - Maternity"}, "facility": {"code": 12950}}, {"service": {"name": "PMTCT - ANC"}, "facility": {"code": 12950}}, {"service": {"name": "Diagnostic Counselling and Testing"}, "facility": {"code": 12950}}, {"service": {"name": "Provider Initiated Counselling and Testing"}, "facility": {"code": 12950}}, {"service": {"name": "Voluntary Counselling and Testing"}, "facility": {"code": 12950}}, {"service": {"name": "Short Term FP"}, "facility": {"code": 12918}}, {"service": {"name": "Condom Promotion and Distribution"}, "facility": {"code": 12918}}, {"service": {"name": "Voluntary Counselling and Testing"}, "facility": {"code": 12918}}, {"service": {"name": "PMTCT - ANC"}, "facility": {"code": 12918}}, {"service": {"name": "Basic Immunization"}, "facility": {"code": 12918}}, {"service": {"name": "Basic Immunization"}, "facility": {"code": 12898}}, {"service": {"name": "Focused Antenatal Care"}, "facility": {"code": 12898}}, {"service": {"name": "Short Term FP"}, "facility": {"code": 12898}}, {"service": {"name": "PMTCT - ANC"}, "facility": {"code": 12898}}, {"service": {"name": "Oral Health Services (Dental Services)"}, "facility": {"code": 12870}}, {"service": {"name": "Tuberculosis Culture"}, "facility": {"code": 12870}}, {"service": {"name": "First Line Treatment"}, "facility": {"code": 12870}}, {"service": {"name": "Smear Microscopy"}, "facility": {"code": 12870}}, {"service": {"name": "Basic Immunization"}, "facility": {"code": 12870}}, {"service": {"name": "Focused Antenatal Care"}, "facility": {"code": 12870}}, {"service": {"name": "Adult Antiretroviral Therapy"}, "facility": {"code": 12870}}, {"service": {"name": "Paediatric Antiretroviral Therapy"}, "facility": {"code": 12870}}, {"service": {"name": "Short Term FP"}, "facility": {"code": 12870}}, {"service": {"name": "PMTCT - ANC"}, "facility": {"code": 12870}}, {"service": {"name": "Voluntary Counselling and Testing"}, "facility": {"code": 13001}}, {"service": {"name": "Management of STIs"}, "facility": {"code": 13001}}, {"service": {"name": "Condom Promotion and Distribution"}, "facility": {"code": 13001}}, {"service": {"name": "Emergency Preparedness"}, "facility": {"code": 12958}}, {"service": {"name": "Post Exposure Prophylaxis"}, "facility": {"code": 12917}}, {"service": {"name": "Basic Immunization"}, "facility": {"code": 13137}}, {"service": {"name": "Focused Antenatal Care"}, "facility": {"code": 13137}}, {"service": {"name": "Short Term FP"}, "facility": {"code": 13137}}, {"service": {"name": "Condom Promotion and Distribution"}, "facility": {"code": 13137}}, {"service": {"name": "Basic Immunization"}, "facility": {"code": 16936}}, {"service": {"name": "Voluntary Counselling and Testing"}, "facility": {"code": 18270}}, {"service": {"name": "Environmental Health Services"}, "facility": {"code": 16425}}, {"service": {"name": "Nutrition Services"}, "facility": {"code": 16425}}, {"service": {"name": "Laboratory Services"}, "facility": {"code": 16425}}, {"service": {"name": "Curative Services"}, "facility": {"code": 16425}}, {"service": {"name": "First Line Treatment"}, "facility": {"code": 16425}}, {"service": {"name": "Smear Microscopy"}, "facility": {"code": 16425}}, {"service": {"name": "Long Term FP"}, "facility": {"code": 16425}}, {"service": {"name": "Adult Antiretroviral Therapy"}, "facility": {"code": 16425}}, {"service": {"name": "PMTCT - Maternity"}, "facility": {"code": 16425}}, {"service": {"name": "Diagnostic Counselling and Testing"}, "facility": {"code": 16425}}, {"service": {"name": "Provider Initiated Counselling and Testing"}, "facility": {"code": 16425}}, {"service": {"name": "Management of STIs"}, "facility": {"code": 16425}}, {"service": {"name": "Emergency Preparedness"}, "facility": {"code": 18269}}, {"service": {"name": "ENT Services"}, "facility": {"code": 18269}}, {"service": {"name": "Dental Laboratory Services"}, "facility": {"code": 18269}}, {"service": {"name": "Oral Health Services (Dental Services)"}, "facility": {"code": 18269}}, {"service": {"name": "Emergency Obstetric Care"}, "facility": {"code": 18269}}, {"service": {"name": "Services for Sexual Violence Survivors"}, "facility": {"code": 18269}}, {"service": {"name": "Nutrition Services"}, "facility": {"code": 18269}}, {"service": {"name": "Integrated Management of Childhood Illnesses"}, "facility": {"code": 18269}}, {"service": {"name": "Maternity Services"}, "facility": {"code": 18269}}, {"service": {"name": "Curative Services"}, "facility": {"code": 18269}}, {"service": {"name": "First Line Treatment"}, "facility": {"code": 18269}}, {"service": {"name": "Immunization with additional vaccines"}, "facility": {"code": 18269}}, {"service": {"name": "Basic Immunization"}, "facility": {"code": 18269}}, {"service": {"name": "Focused Antenatal Care"}, "facility": {"code": 18269}}, {"service": {"name": "Integrated Services"}, "facility": {"code": 18269}}, {"service": {"name": "Short Term FP"}, "facility": {"code": 18269}}, {"service": {"name": "Management of STIs"}, "facility": {"code": 18269}}, {"service": {"name": "Condom Promotion and Distribution"}, "facility": {"code": 18269}}, {"service": {"name": "Environmental Health Services"}, "facility": {"code": 16143}}, {"service": {"name": "Nutrition Services"}, "facility": {"code": 16143}}, {"service": {"name": "Integrated Management of Childhood Illnesses"}, "facility": {"code": 16143}}, {"service": {"name": "Laboratory Services"}, "facility": {"code": 16143}}, {"service": {"name": "Maternity Services"}, "facility": {"code": 16143}}, {"service": {"name": "Curative Services"}, "facility": {"code": 16143}}, {"service": {"name": "Dental Laboratory Services"}, "facility": {"code": 17723}}, {"service": {"name": "Nutrition Services"}, "facility": {"code": 17723}}, {"service": {"name": "Ambulance Sevices"}, "facility": {"code": 17723}}, {"service": {"name": "Environmental Health Services"}, "facility": {"code": 17723}}, {"service": {"name": "Emergency Preparedness"}, "facility": {"code": 17723}}, {"service": {"name": "Laboratory Services"}, "facility": {"code": 17723}}, {"service": {"name": "Emergency Preparedness"}, "facility": {"code": 17861}}, {"service": {"name": "Condom Promotion and Distribution"}, "facility": {"code": 17861}}, {"service": {"name": "Emergency Preparedness"}, "facility": {"code": 13257}}, {"service": {"name": "Emergency Obstetric Care"}, "facility": {"code": 13257}}, {"service": {"name": "Maternity Services"}, "facility": {"code": 13257}}, {"service": {"name": "Curative Services"}, "facility": {"code": 13257}}, {"service": {"name": "Basic Immunization"}, "facility": {"code": 13257}}, {"service": {"name": "PMTCT - Maternity"}, "facility": {"code": 13257}}, {"service": {"name": "PMTCT - ANC"}, "facility": {"code": 13257}}, {"service": {"name": "Diagnostic Counselling and Testing"}, "facility": {"code": 13257}}, {"service": {"name": "Provider Initiated Counselling and Testing"}, "facility": {"code": 13257}}, {"service": {"name": "Voluntary Counselling and Testing"}, "facility": {"code": 13257}}, {"service": {"name": "Management of STIs"}, "facility": {"code": 13257}}, {"service": {"name": "Condom Promotion and Distribution"}, "facility": {"code": 13257}}, {"service": {"name": "Nutrition Services"}, "facility": {"code": 11529}}, {"service": {"name": "Immunization with additional vaccines"}, "facility": {"code": 11529}}, {"service": {"name": "Basic Immunization"}, "facility": {"code": 11529}}, {"service": {"name": "PMTCT - ANC"}, "facility": {"code": 11529}}, {"service": {"name": "Surgical Services"}, "facility": {"code": 16188}}, {"service": {"name": "Services for Female Genital Mutilation (FGM) Survivors"}, "facility": {"code": 16188}}, {"service": {"name": "Laboratory Services"}, "facility": {"code": 18267}}, {"service": {"name": "Smear Microscopy"}, "facility": {"code": 18267}}, {"service": {"name": "Integrated Services"}, "facility": {"code": 18267}}, {"service": {"name": "Adult Antiretroviral Therapy"}, "facility": {"code": 18267}}, {"service": {"name": "Home Based Care"}, "facility": {"code": 18267}}, {"service": {"name": "Paediatric Antiretroviral Therapy"}, "facility": {"code": 18267}}, {"service": {"name": "Post Exposure Prophylaxis"}, "facility": {"code": 18267}}, {"service": {"name": "Diagnostic Counselling and Testing"}, "facility": {"code": 18267}}, {"service": {"name": "Provider Initiated Counselling and Testing"}, "facility": {"code": 18267}}, {"service": {"name": "Voluntary Counselling and Testing"}, "facility": {"code": 18267}}, {"service": {"name": "Management of STIs"}, "facility": {"code": 18267}}, {"service": {"name": "Condom Promotion and Distribution"}, "facility": {"code": 18267}}, {"service": {"name": "Emergency Preparedness"}, "facility": {"code": 17724}}, {"service": {"name": "Emergency Preparedness"}, "facility": {"code": 17687}}, {"service": {"name": "Emergency Preparedness"}, "facility": {"code": 17717}}, {"service": {"name": "Emergency Preparedness"}, "facility": {"code": 17727}}, {"service": {"name": "Early Infant Diagnosis"}, "facility": {"code": 17727}}, {"service": {"name": "PMTCT - ANC"}, "facility": {"code": 17727}}, {"service": {"name": "Diagnostic Counselling and Testing"}, "facility": {"code": 18167}}, {"service": {"name": "Services for Sexual Violence Survivors"}, "facility": {"code": 12984}}, {"service": {"name": "Rehabilitative Health Services - Occupational Health"}, "facility": {"code": 12984}}, {"service": {"name": "Post Exposure Prophylaxis"}, "facility": {"code": 12984}}, {"service": {"name": "Emergency Obstetric Care"}, "facility": {"code": 18266}}, {"service": {"name": "Laboratory Services"}, "facility": {"code": 18266}}, {"service": {"name": "Surgical Services"}, "facility": {"code": 18266}}, {"service": {"name": "Maternity Services"}, "facility": {"code": 18266}}, {"service": {"name": "Curative Services"}, "facility": {"code": 18266}}, {"service": {"name": "Basic Immunization"}, "facility": {"code": 18266}}, {"service": {"name": "Focused Antenatal Care"}, "facility": {"code": 18266}}, {"service": {"name": "PMTCT - Maternity"}, "facility": {"code": 18266}}, {"service": {"name": "PMTCT - ANC"}, "facility": {"code": 18266}}, {"service": {"name": "Diagnostic Counselling and Testing"}, "facility": {"code": 18266}}, {"service": {"name": "Provider Initiated Counselling and Testing"}, "facility": {"code": 18266}}, {"service": {"name": "Management of STIs"}, "facility": {"code": 18266}}, {"service": {"name": "Condom Promotion and Distribution"}, "facility": {"code": 18266}}, {"service": {"name": "Home Based Care"}, "facility": {"code": 17684}}, {"service": {"name": "Paediatric Antiretroviral Therapy"}, "facility": {"code": 17719}}, {"service": {"name": "Post Exposure Prophylaxis"}, "facility": {"code": 17719}}, {"service": {"name": "PMTCT - ANC"}, "facility": {"code": 17719}}, {"service": {"name": "Early Infant Diagnosis"}, "facility": {"code": 17719}}, {"service": {"name": "Voluntary Male Circumcision"}, "facility": {"code": 17719}}, {"service": {"name": "Diagnostic Counselling and Testing"}, "facility": {"code": 17719}}, {"service": {"name": "Provider Initiated Counselling and Testing"}, "facility": {"code": 17719}}, {"service": {"name": "Voluntary Counselling and Testing"}, "facility": {"code": 17719}}, {"service": {"name": "Management of STIs"}, "facility": {"code": 17719}}, {"service": {"name": "Voluntary Male Circumcision"}, "facility": {"code": 12978}}, {"service": {"name": "PMTCT - ANC"}, "facility": {"code": 12978}}, {"service": {"name": "PMTCT - Maternity"}, "facility": {"code": 12978}}, {"service": {"name": "Maternity Services"}, "facility": {"code": 12978}}, {"service": {"name": "Dental Laboratory Services"}, "facility": {"code": 13220}}, {"service": {"name": "PMTCT - ANC"}, "facility": {"code": 13220}}, {"service": {"name": "Voluntary Counselling and Testing"}, "facility": {"code": 13220}}, {"service": {"name": "Management of STIs"}, "facility": {"code": 13220}}, {"service": {"name": "Voluntary Counselling and Testing"}, "facility": {"code": 12970}}, {"service": {"name": "Condom Promotion and Distribution"}, "facility": {"code": 12970}}, {"service": {"name": "Nutrition Services"}, "facility": {"code": 18265}}, {"service": {"name": "Integrated Management of Childhood Illnesses"}, "facility": {"code": 18265}}, {"service": {"name": "Curative Services"}, "facility": {"code": 18265}}, {"service": {"name": "Basic Immunization"}, "facility": {"code": 18265}}, {"service": {"name": "Focused Antenatal Care"}, "facility": {"code": 18265}}, {"service": {"name": "Short Term FP"}, "facility": {"code": 18265}}, {"service": {"name": "Provider Initiated Counselling and Testing"}, "facility": {"code": 18265}}, {"service": {"name": "Voluntary Counselling and Testing"}, "facility": {"code": 18265}}, {"service": {"name": "Management of STIs"}, "facility": {"code": 18265}}, {"service": {"name": "Condom Promotion and Distribution"}, "facility": {"code": 18265}}, {"service": {"name": "Nutrition Services"}, "facility": {"code": 14120}}, {"service": {"name": "Ambulance Sevices"}, "facility": {"code": 14120}}, {"service": {"name": "Radiology Services"}, "facility": {"code": 14120}}, {"service": {"name": "Home Based Care"}, "facility": {"code": 14120}}, {"service": {"name": "First Line Treatment"}, "facility": {"code": 14120}}, {"service": {"name": "Smear Microscopy"}, "facility": {"code": 14120}}, {"service": {"name": "Basic Immunization"}, "facility": {"code": 14120}}, {"service": {"name": "Focused Antenatal Care"}, "facility": {"code": 14120}}, {"service": {"name": "Adult Antiretroviral Therapy"}, "facility": {"code": 14120}}, {"service": {"name": "Paediatric Antiretroviral Therapy"}, "facility": {"code": 14120}}, {"service": {"name": "PMTCT - Maternity"}, "facility": {"code": 14120}}, {"service": {"name": "PMTCT - ANC"}, "facility": {"code": 14120}}, {"service": {"name": "Early Infant Diagnosis"}, "facility": {"code": 14120}}, {"service": {"name": "Diagnostic Counselling and Testing"}, "facility": {"code": 14120}}, {"service": {"name": "Provider Initiated Counselling and Testing"}, "facility": {"code": 14120}}, {"service": {"name": "Voluntary Counselling and Testing"}, "facility": {"code": 14120}}, {"service": {"name": "Management of STIs"}, "facility": {"code": 14120}}, {"service": {"name": "PMTCT - ANC"}, "facility": {"code": 16194}}, {"service": {"name": "Nutrition Services"}, "facility": {"code": 16194}}, {"service": {"name": "Integrated Management of Childhood Illnesses"}, "facility": {"code": 16194}}, {"service": {"name": "Curative Services"}, "facility": {"code": 16194}}, {"service": {"name": "Basic Immunization"}, "facility": {"code": 16194}}, {"service": {"name": "Focused Antenatal Care"}, "facility": {"code": 16194}}, {"service": {"name": "Integrated Services"}, "facility": {"code": 16194}}, {"service": {"name": "Short Term FP"}, "facility": {"code": 16194}}, {"service": {"name": "Curative Services"}, "facility": {"code": 18264}}, {"service": {"name": "Diagnostic Counselling and Testing"}, "facility": {"code": 18264}}, {"service": {"name": "Voluntary Counselling and Testing"}, "facility": {"code": 18264}}, {"service": {"name": "Provider Initiated Counselling and Testing"}, "facility": {"code": 18264}}, {"service": {"name": "Management of STIs"}, "facility": {"code": 18264}}, {"service": {"name": "Condom Promotion and Distribution"}, "facility": {"code": 18264}}, {"service": {"name": "Emergency Obstetric Care"}, "facility": {"code": 18263}}, {"service": {"name": "Maternity Services"}, "facility": {"code": 18263}}, {"service": {"name": "Curative Services"}, "facility": {"code": 18263}}, {"service": {"name": "Short Term FP"}, "facility": {"code": 18263}}, {"service": {"name": "Management of STIs"}, "facility": {"code": 18263}}, {"service": {"name": "Condom Promotion and Distribution"}, "facility": {"code": 18263}}, {"service": {"name": "Emergency Preparedness"}, "facility": {"code": 18260}}, {"service": {"name": "Emergency Obstetric Care"}, "facility": {"code": 18260}}, {"service": {"name": "Services for Sexual Violence Survivors"}, "facility": {"code": 18260}}, {"service": {"name": "Nutrition Services"}, "facility": {"code": 18260}}, {"service": {"name": "Integrated Management of Childhood Illnesses"}, "facility": {"code": 18260}}, {"service": {"name": "Surgical Services"}, "facility": {"code": 18260}}, {"service": {"name": "Curative Services"}, "facility": {"code": 18260}}, {"service": {"name": "Maternity Services"}, "facility": {"code": 18260}}, {"service": {"name": "First Line Treatment"}, "facility": {"code": 18260}}, {"service": {"name": "Immunization with additional vaccines"}, "facility": {"code": 18260}}, {"service": {"name": "Basic Immunization"}, "facility": {"code": 18260}}, {"service": {"name": "Focused Antenatal Care"}, "facility": {"code": 18260}}, {"service": {"name": "Long Term FP"}, "facility": {"code": 18260}}, {"service": {"name": "Short Term FP"}, "facility": {"code": 18260}}, {"service": {"name": "Post Exposure Prophylaxis"}, "facility": {"code": 18260}}, {"service": {"name": "Voluntary Male Circumcision"}, "facility": {"code": 18260}}, {"service": {"name": "PMTCT - Maternity"}, "facility": {"code": 18260}}, {"service": {"name": "PMTCT - ANC"}, "facility": {"code": 18260}}, {"service": {"name": "Early Infant Diagnosis"}, "facility": {"code": 18260}}, {"service": {"name": "Diagnostic Counselling and Testing"}, "facility": {"code": 18260}}, {"service": {"name": "Provider Initiated Counselling and Testing"}, "facility": {"code": 18260}}, {"service": {"name": "Voluntary Counselling and Testing"}, "facility": {"code": 18260}}, {"service": {"name": "Management of STIs"}, "facility": {"code": 18260}}, {"service": {"name": "Condom Promotion and Distribution"}, "facility": {"code": 18260}}, {"service": {"name": "Emergency Preparedness"}, "facility": {"code": 18259}}, {"service": {"name": "ENT Services"}, "facility": {"code": 18259}}, {"service": {"name": "Integrated Services"}, "facility": {"code": 18259}}, {"service": {"name": "Focused Antenatal Care"}, "facility": {"code": 18259}}, {"service": {"name": "Short Term FP"}, "facility": {"code": 18259}}, {"service": {"name": "Paediatric Antiretroviral Therapy"}, "facility": {"code": 18259}}, {"service": {"name": "Management of STIs"}, "facility": {"code": 18259}}, {"service": {"name": "Voluntary Counselling and Testing"}, "facility": {"code": 18259}}, {"service": {"name": "Condom Promotion and Distribution"}, "facility": {"code": 18259}}, {"service": {"name": "Emergency Preparedness"}, "facility": {"code": 18258}}, {"service": {"name": "ENT Services"}, "facility": {"code": 18258}}, {"service": {"name": "Emergency Obstetric Care"}, "facility": {"code": 18258}}, {"service": {"name": "Integrated Management of Childhood Illnesses"}, "facility": {"code": 18258}}, {"service": {"name": "Nutrition Services"}, "facility": {"code": 18258}}, {"service": {"name": "Laboratory Services"}, "facility": {"code": 18258}}, {"service": {"name": "Curative Services"}, "facility": {"code": 18258}}, {"service": {"name": "Basic Immunization"}, "facility": {"code": 18258}}, {"service": {"name": "Focused Antenatal Care"}, "facility": {"code": 18258}}, {"service": {"name": "Permanent FP"}, "facility": {"code": 18258}}, {"service": {"name": "Long Term FP"}, "facility": {"code": 18258}}, {"service": {"name": "Short Term FP"}, "facility": {"code": 18258}}, {"service": {"name": "Voluntary Male Circumcision"}, "facility": {"code": 18258}}, {"service": {"name": "Post Exposure Prophylaxis"}, "facility": {"code": 18258}}, {"service": {"name": "PMTCT - ANC"}, "facility": {"code": 18258}}, {"service": {"name": "Voluntary Counselling and Testing"}, "facility": {"code": 18258}}, {"service": {"name": "Management of STIs"}, "facility": {"code": 18258}}, {"service": {"name": "Condom Promotion and Distribution"}, "facility": {"code": 18258}}, {"service": {"name": "Long Term FP"}, "facility": {"code": 18257}}, {"service": {"name": "Short Term FP"}, "facility": {"code": 18257}}, {"service": {"name": "Post Exposure Prophylaxis"}, "facility": {"code": 18257}}, {"service": {"name": "Voluntary Male Circumcision"}, "facility": {"code": 18257}}, {"service": {"name": "PMTCT - Maternity"}, "facility": {"code": 18257}}, {"service": {"name": "PMTCT - ANC"}, "facility": {"code": 18257}}, {"service": {"name": "Early Infant Diagnosis"}, "facility": {"code": 18257}}, {"service": {"name": "Diagnostic Counselling and Testing"}, "facility": {"code": 18257}}, {"service": {"name": "Provider Initiated Counselling and Testing"}, "facility": {"code": 18257}}, {"service": {"name": "Voluntary Counselling and Testing"}, "facility": {"code": 18257}}, {"service": {"name": "Management of STIs"}, "facility": {"code": 18257}}, {"service": {"name": "Condom Promotion and Distribution"}, "facility": {"code": 18257}}, {"service": {"name": "Voluntary Counselling and Testing"}, "facility": {"code": 18256}}, {"service": {"name": "Condom Promotion and Distribution"}, "facility": {"code": 18256}}, {"service": {"name": "Condom Promotion and Distribution"}, "facility": {"code": 18255}}, {"service": {"name": "Voluntary Counselling and Testing"}, "facility": {"code": 18253}}, {"service": {"name": "Condom Promotion and Distribution"}, "facility": {"code": 18253}}, {"service": {"name": "Emergency Preparedness"}, "facility": {"code": 18252}}, {"service": {"name": "Emergency Obstetric Care"}, "facility": {"code": 18252}}, {"service": {"name": "Curative Services"}, "facility": {"code": 18252}}, {"service": {"name": "Basic Immunization"}, "facility": {"code": 18252}}, {"service": {"name": "Focused Antenatal Care"}, "facility": {"code": 18252}}, {"service": {"name": "Short Term FP"}, "facility": {"code": 18252}}, {"service": {"name": "Post Exposure Prophylaxis"}, "facility": {"code": 18252}}, {"service": {"name": "PMTCT - ANC"}, "facility": {"code": 18252}}, {"service": {"name": "Early Infant Diagnosis"}, "facility": {"code": 18252}}, {"service": {"name": "Diagnostic Counselling and Testing"}, "facility": {"code": 18252}}, {"service": {"name": "Provider Initiated Counselling and Testing"}, "facility": {"code": 18252}}, {"service": {"name": "Voluntary Counselling and Testing"}, "facility": {"code": 18252}}, {"service": {"name": "Management of STIs"}, "facility": {"code": 18252}}, {"service": {"name": "Condom Promotion and Distribution"}, "facility": {"code": 18252}}, {"service": {"name": "Emergency Preparedness"}, "facility": {"code": 17999}}, {"service": {"name": "ENT Services"}, "facility": {"code": 17999}}, {"service": {"name": "Oral Health Services (Dental Services)"}, "facility": {"code": 17999}}, {"service": {"name": "Emergency Obstetric Care"}, "facility": {"code": 17999}}, {"service": {"name": "Environmental Health Services"}, "facility": {"code": 17999}}, {"service": {"name": "Mental Health Services"}, "facility": {"code": 17999}}, {"service": {"name": "Opthalmic Services"}, "facility": {"code": 17999}}, {"service": {"name": "Nutrition Services"}, "facility": {"code": 17999}}, {"service": {"name": "Surgical Services"}, "facility": {"code": 17999}}, {"service": {"name": "Maternity Services"}, "facility": {"code": 17999}}, {"service": {"name": "Curative Services"}, "facility": {"code": 17999}}, {"service": {"name": "Basic Immunization"}, "facility": {"code": 17999}}, {"service": {"name": "Focused Antenatal Care"}, "facility": {"code": 17999}}, {"service": {"name": "Short Term FP"}, "facility": {"code": 17999}}, {"service": {"name": "Management of STIs"}, "facility": {"code": 17999}}, {"service": {"name": "Condom Promotion and Distribution"}, "facility": {"code": 17999}}, {"service": {"name": "Emergency Preparedness"}, "facility": {"code": 18251}}, {"service": {"name": "Emergency Obstetric Care"}, "facility": {"code": 18251}}, {"service": {"name": "Environmental Health Services"}, "facility": {"code": 18251}}, {"service": {"name": "Laboratory Services"}, "facility": {"code": 18251}}, {"service": {"name": "Curative Services"}, "facility": {"code": 18251}}, {"service": {"name": "Integrated Services"}, "facility": {"code": 18251}}, {"service": {"name": "Curative Services"}, "facility": {"code": 17010}}, {"service": {"name": "Condom Promotion and Distribution"}, "facility": {"code": 17010}}, {"service": {"name": "Curative Services"}, "facility": {"code": 17009}}, {"service": {"name": "Management of STIs"}, "facility": {"code": 17009}}, {"service": {"name": "Curative Services"}, "facility": {"code": 18250}}, {"service": {"name": "Basic Immunization"}, "facility": {"code": 18250}}, {"service": {"name": "Focused Antenatal Care"}, "facility": {"code": 18250}}, {"service": {"name": "Short Term FP"}, "facility": {"code": 18250}}, {"service": {"name": "Home Based Care"}, "facility": {"code": 18250}}, {"service": {"name": "Provider Initiated Counselling and Testing"}, "facility": {"code": 18250}}, {"service": {"name": "Condom Promotion and Distribution"}, "facility": {"code": 18250}}, {"service": {"name": "Curative Services"}, "facility": {"code": 18247}}, {"service": {"name": "Basic Immunization"}, "facility": {"code": 18247}}, {"service": {"name": "Short Term FP"}, "facility": {"code": 18247}}, {"service": {"name": "Management of STIs"}, "facility": {"code": 18247}}, {"service": {"name": "Condom Promotion and Distribution"}, "facility": {"code": 18247}}, {"service": {"name": "Basic Immunization"}, "facility": {"code": 18246}}, {"service": {"name": "Management of STIs"}, "facility": {"code": 18246}}, {"service": {"name": "Condom Promotion and Distribution"}, "facility": {"code": 18246}}, {"service": {"name": "Nutrition Services"}, "facility": {"code": 18245}}, {"service": {"name": "Basic Immunization"}, "facility": {"code": 18245}}, {"service": {"name": "Management of STIs"}, "facility": {"code": 18245}}, {"service": {"name": "Condom Promotion and Distribution"}, "facility": {"code": 18245}}, {"service": {"name": "Voluntary Counselling and Testing"}, "facility": {"code": 18244}}, {"service": {"name": "Management of STIs"}, "facility": {"code": 18244}}, {"service": {"name": "Condom Promotion and Distribution"}, "facility": {"code": 18244}}, {"service": {"name": "Curative Services"}, "facility": {"code": 18243}}, {"service": {"name": "Short Term FP"}, "facility": {"code": 18243}}, {"service": {"name": "Management of STIs"}, "facility": {"code": 18243}}, {"service": {"name": "Condom Promotion and Distribution"}, "facility": {"code": 18243}}, {"service": {"name": "Emergency Preparedness"}, "facility": {"code": 10061}}, {"service": {"name": "Laboratory Services"}, "facility": {"code": 10061}}, {"service": {"name": "Curative Services"}, "facility": {"code": 10061}}, {"service": {"name": "Long Term FP"}, "facility": {"code": 10061}}, {"service": {"name": "Short Term FP"}, "facility": {"code": 10061}}, {"service": {"name": "Condom Promotion and Distribution"}, "facility": {"code": 10061}}, {"service": {"name": "Environmental Health Services"}, "facility": {"code": 18240}}, {"service": {"name": "Maternity Services"}, "facility": {"code": 18240}}, {"service": {"name": "Curative Services"}, "facility": {"code": 18240}}, {"service": {"name": "Management of STIs"}, "facility": {"code": 18240}}, {"service": {"name": "Integrated Services"}, "facility": {"code": 17654}}, {"service": {"name": "Environmental Health Services"}, "facility": {"code": 16473}}, {"service": {"name": "Nutrition Services"}, "facility": {"code": 16473}}, {"service": {"name": "Curative Services"}, "facility": {"code": 16473}}, {"service": {"name": "Focused Antenatal Care"}, "facility": {"code": 16473}}, {"service": {"name": "Short Term FP"}, "facility": {"code": 16473}}, {"service": {"name": "PMTCT - ANC"}, "facility": {"code": 16473}}, {"service": {"name": "Provider Initiated Counselling and Testing"}, "facility": {"code": 16473}}, {"service": {"name": "Management of STIs"}, "facility": {"code": 16473}}, {"service": {"name": "Condom Promotion and Distribution"}, "facility": {"code": 16473}}, {"service": {"name": "Environmental Health Services"}, "facility": {"code": 16470}}, {"service": {"name": "Nutrition Services"}, "facility": {"code": 16470}}, {"service": {"name": "Curative Services"}, "facility": {"code": 16470}}, {"service": {"name": "Basic Immunization"}, "facility": {"code": 16470}}, {"service": {"name": "Short Term FP"}, "facility": {"code": 16470}}, {"service": {"name": "PMTCT - ANC"}, "facility": {"code": 16470}}, {"service": {"name": "Provider Initiated Counselling and Testing"}, "facility": {"code": 16470}}, {"service": {"name": "Management of STIs"}, "facility": {"code": 16470}}, {"service": {"name": "Condom Promotion and Distribution"}, "facility": {"code": 16470}}, {"service": {"name": "Maternity Services"}, "facility": {"code": 16697}}, {"service": {"name": "Emergency Preparedness"}, "facility": {"code": 16697}}, {"service": {"name": "Curative Services"}, "facility": {"code": 16697}}, {"service": {"name": "Nutrition Services"}, "facility": {"code": 16697}}, {"service": {"name": "Integrated Management of Childhood Illnesses"}, "facility": {"code": 16697}}, {"service": {"name": "Basic Immunization"}, "facility": {"code": 16697}}, {"service": {"name": "Focused Antenatal Care"}, "facility": {"code": 16697}}, {"service": {"name": "Short Term FP"}, "facility": {"code": 16697}}, {"service": {"name": "Management of STIs"}, "facility": {"code": 16697}}, {"service": {"name": "Condom Promotion and Distribution"}, "facility": {"code": 16697}}, {"service": {"name": "Curative Services"}, "facility": {"code": 18239}}, {"service": {"name": "Focused Antenatal Care"}, "facility": {"code": 18239}}, {"service": {"name": "Integrated Services"}, "facility": {"code": 18239}}, {"service": {"name": "Long Term FP"}, "facility": {"code": 18239}}, {"service": {"name": "Short Term FP"}, "facility": {"code": 18239}}, {"service": {"name": "PMTCT - ANC"}, "facility": {"code": 18239}}, {"service": {"name": "Provider Initiated Counselling and Testing"}, "facility": {"code": 18239}}, {"service": {"name": "Voluntary Counselling and Testing"}, "facility": {"code": 18239}}, {"service": {"name": "Management of STIs"}, "facility": {"code": 18239}}, {"service": {"name": "Condom Promotion and Distribution"}, "facility": {"code": 18239}}, {"service": {"name": "Emergency Preparedness"}, "facility": {"code": 18238}}, {"service": {"name": "ENT Services"}, "facility": {"code": 18238}}, {"service": {"name": "Dental Laboratory Services"}, "facility": {"code": 18238}}, {"service": {"name": "Emergency Obstetric Care"}, "facility": {"code": 18238}}, {"service": {"name": "Nutrition Services"}, "facility": {"code": 18238}}, {"service": {"name": "Laboratory Services"}, "facility": {"code": 18238}}, {"service": {"name": "Surgical Services"}, "facility": {"code": 18238}}, {"service": {"name": "Maternity Services"}, "facility": {"code": 18238}}, {"service": {"name": "Curative Services"}, "facility": {"code": 18238}}, {"service": {"name": "Focused Antenatal Care"}, "facility": {"code": 18238}}, {"service": {"name": "Basic Immunization"}, "facility": {"code": 18238}}, {"service": {"name": "Long Term FP"}, "facility": {"code": 18238}}, {"service": {"name": "Short Term FP"}, "facility": {"code": 18238}}, {"service": {"name": "Voluntary Male Circumcision"}, "facility": {"code": 18238}}, {"service": {"name": "PMTCT - ANC"}, "facility": {"code": 18238}}, {"service": {"name": "Voluntary Counselling and Testing"}, "facility": {"code": 18238}}, {"service": {"name": "Management of STIs"}, "facility": {"code": 18238}}, {"service": {"name": "Condom Promotion and Distribution"}, "facility": {"code": 18238}}, {"service": {"name": "Stand Alone Services"}, "facility": {"code": 11943}}, {"service": {"name": "Short Term FP"}, "facility": {"code": 11943}}, {"service": {"name": "Nutrition Services"}, "facility": {"code": 18237}}, {"service": {"name": "Integrated Management of Childhood Illnesses"}, "facility": {"code": 18237}}, {"service": {"name": "Curative Services"}, "facility": {"code": 18237}}, {"service": {"name": "Short Term FP"}, "facility": {"code": 18237}}, {"service": {"name": "Home Based Care"}, "facility": {"code": 18237}}, {"service": {"name": "Adult Antiretroviral Therapy"}, "facility": {"code": 18237}}, {"service": {"name": "Paediatric Antiretroviral Therapy"}, "facility": {"code": 18237}}, {"service": {"name": "Management of STIs"}, "facility": {"code": 18237}}, {"service": {"name": "Condom Promotion and Distribution"}, "facility": {"code": 18237}}, {"service": {"name": "Emergency Preparedness"}, "facility": {"code": 18236}}, {"service": {"name": "ENT Services"}, "facility": {"code": 18236}}, {"service": {"name": "Oral Health Services (Dental Services)"}, "facility": {"code": 18236}}, {"service": {"name": "Emergency Obstetric Care"}, "facility": {"code": 18236}}, {"service": {"name": "Environmental Health Services"}, "facility": {"code": 18236}}, {"service": {"name": "Mental Health Services"}, "facility": {"code": 18236}}, {"service": {"name": "Opthalmic Services"}, "facility": {"code": 18236}}, {"service": {"name": "Nutrition Services"}, "facility": {"code": 18236}}, {"service": {"name": "Surgical Services"}, "facility": {"code": 18236}}, {"service": {"name": "Maternity Services"}, "facility": {"code": 18236}}, {"service": {"name": "Curative Services"}, "facility": {"code": 18236}}, {"service": {"name": "Basic Immunization"}, "facility": {"code": 18236}}, {"service": {"name": "Focused Antenatal Care"}, "facility": {"code": 18236}}, {"service": {"name": "Short Term FP"}, "facility": {"code": 18236}}, {"service": {"name": "Management of STIs"}, "facility": {"code": 18236}}, {"service": {"name": "Condom Promotion and Distribution"}, "facility": {"code": 18236}}, {"service": {"name": "Emergency Preparedness"}, "facility": {"code": 18235}}, {"service": {"name": "Emergency Obstetric Care"}, "facility": {"code": 18235}}, {"service": {"name": "Services for Sexual Violence Survivors"}, "facility": {"code": 18235}}, {"service": {"name": "Integrated Management of Childhood Illnesses"}, "facility": {"code": 18235}}, {"service": {"name": "Maternity Services"}, "facility": {"code": 18235}}, {"service": {"name": "Curative Services"}, "facility": {"code": 18235}}, {"service": {"name": "Services for Female Genital Mutilation (FGM) Survivors"}, "facility": {"code": 18235}}, {"service": {"name": "Specialized ANC"}, "facility": {"code": 18235}}, {"service": {"name": "Focused Antenatal Care"}, "facility": {"code": 18235}}, {"service": {"name": "Short Term FP"}, "facility": {"code": 18235}}, {"service": {"name": "Post Exposure Prophylaxis"}, "facility": {"code": 18235}}, {"service": {"name": "PMTCT - ANC"}, "facility": {"code": 18235}}, {"service": {"name": "Provider Initiated Counselling and Testing"}, "facility": {"code": 18235}}, {"service": {"name": "Voluntary Counselling and Testing"}, "facility": {"code": 18235}}, {"service": {"name": "Management of STIs"}, "facility": {"code": 18235}}, {"service": {"name": "Condom Promotion and Distribution"}, "facility": {"code": 18235}}, {"service": {"name": "Nutrition Services"}, "facility": {"code": 12477}}, {"service": {"name": "Emergency Preparedness"}, "facility": {"code": 12477}}, {"service": {"name": "Emergency Obstetric Care"}, "facility": {"code": 12477}}, {"service": {"name": "Environmental Health Services"}, "facility": {"code": 12477}}, {"service": {"name": "Integrated Management of Childhood Illnesses"}, "facility": {"code": 12477}}, {"service": {"name": "Laboratory Services"}, "facility": {"code": 12477}}, {"service": {"name": "Maternity Services"}, "facility": {"code": 12477}}, {"service": {"name": "Curative Services"}, "facility": {"code": 12477}}, {"service": {"name": "First Line Treatment"}, "facility": {"code": 12477}}, {"service": {"name": "Smear Microscopy"}, "facility": {"code": 12477}}, {"service": {"name": "Basic Immunization"}, "facility": {"code": 12477}}, {"service": {"name": "Focused Antenatal Care"}, "facility": {"code": 12477}}, {"service": {"name": "Long Term FP"}, "facility": {"code": 12477}}, {"service": {"name": "Short Term FP"}, "facility": {"code": 12477}}, {"service": {"name": "Adult Antiretroviral Therapy"}, "facility": {"code": 12477}}, {"service": {"name": "Paediatric Antiretroviral Therapy"}, "facility": {"code": 12477}}, {"service": {"name": "PMTCT - Maternity"}, "facility": {"code": 12477}}, {"service": {"name": "Post Exposure Prophylaxis"}, "facility": {"code": 12477}}, {"service": {"name": "PMTCT - ANC"}, "facility": {"code": 12477}}, {"service": {"name": "Early Infant Diagnosis"}, "facility": {"code": 12477}}, {"service": {"name": "Diagnostic Counselling and Testing"}, "facility": {"code": 12477}}, {"service": {"name": "Provider Initiated Counselling and Testing"}, "facility": {"code": 12477}}, {"service": {"name": "Management of STIs"}, "facility": {"code": 12477}}, {"service": {"name": "Condom Promotion and Distribution"}, "facility": {"code": 12477}}, {"service": {"name": "Emergency Preparedness"}, "facility": {"code": 12455}}, {"service": {"name": "Oral Health Services (Dental Services)"}, "facility": {"code": 12455}}, {"service": {"name": "Emergency Obstetric Care"}, "facility": {"code": 12455}}, {"service": {"name": "Environmental Health Services"}, "facility": {"code": 12455}}, {"service": {"name": "Rehabilitative Health Services - Physiotherapy"}, "facility": {"code": 12455}}, {"service": {"name": "Mental Health Services"}, "facility": {"code": 12455}}, {"service": {"name": "Opthalmic Services"}, "facility": {"code": 12455}}, {"service": {"name": "Nutrition Services"}, "facility": {"code": 12455}}, {"service": {"name": "Integrated Management of Childhood Illnesses"}, "facility": {"code": 12455}}, {"service": {"name": "Ambulance Sevices"}, "facility": {"code": 12455}}, {"service": {"name": "Laboratory Services"}, "facility": {"code": 12455}}, {"service": {"name": "Radiology Services"}, "facility": {"code": 12455}}, {"service": {"name": "Surgical Services"}, "facility": {"code": 12455}}, {"service": {"name": "Maternity Services"}, "facility": {"code": 12455}}, {"service": {"name": "Curative Services"}, "facility": {"code": 12455}}, {"service": {"name": "Mortuary Services"}, "facility": {"code": 12455}}, {"service": {"name": "Facility Based Blood Collection Service"}, "facility": {"code": 12455}}, {"service": {"name": "Facility Based Blood Transfusion Service"}, "facility": {"code": 12455}}, {"service": {"name": "Rehabilitative Health Services - Orthopaedic Technology"}, "facility": {"code": 12455}}, {"service": {"name": "Rehabilitative Health Services - Occupational Health"}, "facility": {"code": 12455}}, {"service": {"name": "First Line Treatment"}, "facility": {"code": 12455}}, {"service": {"name": "Smear Microscopy"}, "facility": {"code": 12455}}, {"service": {"name": "Focused Antenatal Care"}, "facility": {"code": 12455}}, {"service": {"name": "Permanent FP"}, "facility": {"code": 12455}}, {"service": {"name": "Long Term FP"}, "facility": {"code": 12455}}, {"service": {"name": "Short Term FP"}, "facility": {"code": 12455}}, {"service": {"name": "Adult Antiretroviral Therapy"}, "facility": {"code": 12455}}, {"service": {"name": "Paediatric Antiretroviral Therapy"}, "facility": {"code": 12455}}, {"service": {"name": "Post Exposure Prophylaxis"}, "facility": {"code": 12455}}, {"service": {"name": "PMTCT - Maternity"}, "facility": {"code": 12455}}, {"service": {"name": "PMTCT - ANC"}, "facility": {"code": 12455}}, {"service": {"name": "Early Infant Diagnosis"}, "facility": {"code": 12455}}, {"service": {"name": "Provider Initiated Counselling and Testing"}, "facility": {"code": 12455}}, {"service": {"name": "Voluntary Counselling and Testing"}, "facility": {"code": 12455}}], "unique_fields": ["facility", "service"], "model": "facilities.FacilityService"}]