[{"records": [{"service": {"name": "Management of STIs"}, "facility": {"code": 12455}}, {"service": {"name": "Condom Promotion and Distribution"}, "facility": {"code": 12455}}, {"service": {"name": "Rehabilitative Health Services - Orthopaedic Technology"}, "facility": {"code": 12291}}, {"service": {"name": "Rehabilitative Health Services - Occupational Health"}, "facility": {"code": 12291}}, {"service": {"name": "Emergency Preparedness"}, "facility": {"code": 18234}}, {"service": {"name": "Laboratory Services"}, "facility": {"code": 18234}}, {"service": {"name": "Curative Services"}, "facility": {"code": 18234}}, {"service": {"name": "Basic Immunization"}, "facility": {"code": 18234}}, {"service": {"name": "Focused Antenatal Care"}, "facility": {"code": 18234}}, {"service": {"name": "Long Term FP"}, "facility": {"code": 18234}}, {"service": {"name": "Short Term FP"}, "facility": {"code": 18234}}, {"service": {"name": "PMTCT - ANC"}, "facility": {"code": 18234}}, {"service": {"name": "Voluntary Counselling and Testing"}, "facility": {"code": 16795}}, {"service": {"name": "Permanent FP"}, "facility": {"code": 16795}}, {"service": {"name": "Long Term FP"}, "facility": {"code": 16795}}, {"service": {"name": "Short Term FP"}, "facility": {"code": 16795}}, {"service": {"name": "Basic Immunization"}, "facility": {"code": 16795}}, {"service": {"name": "Specialized ANC"}, "facility": {"code": 16795}}, {"service": {"name": "Focused Antenatal Care"}, "facility": {"code": 16795}}, {"service": {"name": "Emergency Obstetric Care"}, "facility": {"code": 16795}}, {"service": {"name": "Maternity Services"}, "facility": {"code": 16795}}, {"service": {"name": "Curative Services"}, "facility": {"code": 16795}}, {"service": {"name": "PMTCT - Maternity"}, "facility": {"code": 16795}}, {"service": {"name": "Provider Initiated Counselling and Testing"}, "facility": {"code": 18233}}, {"service": {"name": "Voluntary Counselling and Testing"}, "facility": {"code": 18233}}, {"service": {"name": "Condom Promotion and Distribution"}, "facility": {"code": 18233}}, {"service": {"name": "Emergency Preparedness"}, "facility": {"code": 12737}}, {"service": {"name": "Laboratory Services"}, "facility": {"code": 12737}}, {"service": {"name": "Basic Immunization"}, "facility": {"code": 12737}}, {"service": {"name": "PMTCT - ANC"}, "facility": {"code": 12737}}, {"service": {"name": "Diagnostic Counselling and Testing"}, "facility": {"code": 12737}}, {"service": {"name": "Provider Initiated Counselling and Testing"}, "facility": {"code": 12737}}, {"service": {"name": "Management of STIs"}, "facility": {"code": 12737}}, {"service": {"name": "Environmental Health Services"}, "facility": {"code": 13062}}, {"service": {"name": "Ambulance Sevices"}, "facility": {"code": 13062}}, {"service": {"name": "Laboratory Services"}, "facility": {"code": 13062}}, {"service": {"name": "Emergency Preparedness"}, "facility": {"code": 13062}}, {"service": {"name": "ENT Services"}, "facility": {"code": 13062}}, {"service": {"name": "Dental Laboratory Services"}, "facility": {"code": 13062}}, {"service": {"name": "Oral Health Services (Dental Services)"}, "facility": {"code": 13062}}, {"service": {"name": "Emergency Obstetric Care"}, "facility": {"code": 13062}}, {"service": {"name": "Surgical Services"}, "facility": {"code": 13062}}, {"service": {"name": "Maternity Services"}, "facility": {"code": 13062}}, {"service": {"name": "Curative Services"}, "facility": {"code": 13062}}, {"service": {"name": "Smear Microscopy"}, "facility": {"code": 13062}}, {"service": {"name": "Basic Immunization"}, "facility": {"code": 13062}}, {"service": {"name": "Focused Antenatal Care"}, "facility": {"code": 13062}}, {"service": {"name": "Adult Antiretroviral Therapy"}, "facility": {"code": 13062}}, {"service": {"name": "Voluntary Male Circumcision"}, "facility": {"code": 13062}}, {"service": {"name": "PMTCT - Maternity"}, "facility": {"code": 13062}}, {"service": {"name": "PMTCT - ANC"}, "facility": {"code": 13062}}, {"service": {"name": "Provider Initiated Counselling and Testing"}, "facility": {"code": 13062}}, {"service": {"name": "Diagnostic Counselling and Testing"}, "facility": {"code": 13062}}, {"service": {"name": "Voluntary Counselling and Testing"}, "facility": {"code": 13062}}, {"service": {"name": "Mortuary Services"}, "facility": {"code": 12874}}, {"service": {"name": "Facility Based Blood Transfusion Service"}, "facility": {"code": 12874}}, {"service": {"name": "Rehabilitative Health Services - Orthopaedic Technology"}, "facility": {"code": 12874}}, {"service": {"name": "Rehabilitative Health Services - Occupational Health"}, "facility": {"code": 12874}}, {"service": {"name": "First Line Treatment"}, "facility": {"code": 12874}}, {"service": {"name": "Tuberculosis Culture"}, "facility": {"code": 12874}}, {"service": {"name": "Smear Microscopy"}, "facility": {"code": 12874}}, {"service": {"name": "Immunization with additional vaccines"}, "facility": {"code": 12874}}, {"service": {"name": "Basic Immunization"}, "facility": {"code": 12874}}, {"service": {"name": "Focused Antenatal Care"}, "facility": {"code": 12874}}, {"service": {"name": "Permanent FP"}, "facility": {"code": 12874}}, {"service": {"name": "Long Term FP"}, "facility": {"code": 12874}}, {"service": {"name": "Short Term FP"}, "facility": {"code": 12874}}, {"service": {"name": "Adult Antiretroviral Therapy"}, "facility": {"code": 12874}}, {"service": {"name": "Paediatric Antiretroviral Therapy"}, "facility": {"code": 12874}}, {"service": {"name": "Post Exposure Prophylaxis"}, "facility": {"code": 12874}}, {"service": {"name": "PMTCT - Maternity"}, "facility": {"code": 12874}}, {"service": {"name": "PMTCT - ANC"}, "facility": {"code": 12874}}, {"service": {"name": "Early Infant Diagnosis"}, "facility": {"code": 12874}}, {"service": {"name": "Diagnostic Counselling and Testing"}, "facility": {"code": 12874}}, {"service": {"name": "Provider Initiated Counselling and Testing"}, "facility": {"code": 12874}}, {"service": {"name": "Voluntary Counselling and Testing"}, "facility": {"code": 12874}}, {"service": {"name": "Management of STIs"}, "facility": {"code": 12874}}, {"service": {"name": "Environmental Health Services"}, "facility": {"code": 12874}}, {"service": {"name": "Rehabilitative Health Services - Physiotherapy"}, "facility": {"code": 12874}}, {"service": {"name": "Services for Sexual Violence Survivors"}, "facility": {"code": 12874}}, {"service": {"name": "Mental Health Services"}, "facility": {"code": 12874}}, {"service": {"name": "Opthalmic Services"}, "facility": {"code": 12874}}, {"service": {"name": "Nutrition Services"}, "facility": {"code": 12874}}, {"service": {"name": "Integrated Management of Childhood Illnesses"}, "facility": {"code": 12874}}, {"service": {"name": "Ambulance Sevices"}, "facility": {"code": 12874}}, {"service": {"name": "Laboratory Services"}, "facility": {"code": 12874}}, {"service": {"name": "Radiology Services"}, "facility": {"code": 12874}}, {"service": {"name": "Surgical Services"}, "facility": {"code": 12874}}, {"service": {"name": "Maternity Services"}, "facility": {"code": 12874}}, {"service": {"name": "Emergency Preparedness"}, "facility": {"code": 12874}}, {"service": {"name": "ENT Services"}, "facility": {"code": 12874}}, {"service": {"name": "Emergency Obstetric Care"}, "facility": {"code": 12874}}, {"service": {"name": "Curative Services"}, "facility": {"code": 12874}}, {"service": {"name": "Condom Promotion and Distribution"}, "facility": {"code": 12874}}, {"service": {"name": "Emergency Preparedness"}, "facility": {"code": 12286}}, {"service": {"name": "Focused Antenatal Care"}, "facility": {"code": 12286}}, {"service": {"name": "Long Term FP"}, "facility": {"code": 12286}}, {"service": {"name": "Emergency Preparedness"}, "facility": {"code": 12281}}, {"service": {"name": "Basic Immunization"}, "facility": {"code": 12281}}, {"service": {"name": "Focused Antenatal Care"}, "facility": {"code": 12281}}, {"service": {"name": "Diagnostic Counselling and Testing"}, "facility": {"code": 12281}}, {"service": {"name": "Management of STIs"}, "facility": {"code": 12281}}, {"service": {"name": "Emergency Preparedness"}, "facility": {"code": 12240}}, {"service": {"name": "Basic Immunization"}, "facility": {"code": 12240}}, {"service": {"name": "Focused Antenatal Care"}, "facility": {"code": 12240}}, {"service": {"name": "Voluntary Male Circumcision"}, "facility": {"code": 12240}}, {"service": {"name": "Early Infant Diagnosis"}, "facility": {"code": 12240}}, {"service": {"name": "Diagnostic Counselling and Testing"}, "facility": {"code": 12240}}, {"service": {"name": "Emergency Preparedness"}, "facility": {"code": 17920}}, {"service": {"name": "First Line Treatment"}, "facility": {"code": 17920}}, {"service": {"name": "Long Term FP"}, "facility": {"code": 17920}}, {"service": {"name": "Early Infant Diagnosis"}, "facility": {"code": 17920}}, {"service": {"name": "Post Exposure Prophylaxis"}, "facility": {"code": 17920}}, {"service": {"name": "Voluntary Male Circumcision"}, "facility": {"code": 17920}}, {"service": {"name": "Diagnostic Counselling and Testing"}, "facility": {"code": 17920}}, {"service": {"name": "Emergency Preparedness"}, "facility": {"code": 12187}}, {"service": {"name": "Maternity Services"}, "facility": {"code": 12187}}, {"service": {"name": "Long Term FP"}, "facility": {"code": 12187}}, {"service": {"name": "Voluntary Male Circumcision"}, "facility": {"code": 12187}}, {"service": {"name": "Post Exposure Prophylaxis"}, "facility": {"code": 12187}}, {"service": {"name": "PMTCT - Maternity"}, "facility": {"code": 12187}}, {"service": {"name": "Laboratory Services"}, "facility": {"code": 18232}}, {"service": {"name": "Curative Services"}, "facility": {"code": 18232}}, {"service": {"name": "Focused Antenatal Care"}, "facility": {"code": 18232}}, {"service": {"name": "Permanent FP"}, "facility": {"code": 18232}}, {"service": {"name": "Long Term FP"}, "facility": {"code": 18232}}, {"service": {"name": "Short Term FP"}, "facility": {"code": 18232}}, {"service": {"name": "PMTCT - ANC"}, "facility": {"code": 18232}}, {"service": {"name": "Diagnostic Counselling and Testing"}, "facility": {"code": 18232}}, {"service": {"name": "Provider Initiated Counselling and Testing"}, "facility": {"code": 18232}}, {"service": {"name": "Voluntary Counselling and Testing"}, "facility": {"code": 18232}}, {"service": {"name": "Management of STIs"}, "facility": {"code": 18232}}, {"service": {"name": "Condom Promotion and Distribution"}, "facility": {"code": 18232}}, {"service": {"name": "Curative Services"}, "facility": {"code": 11925}}, {"service": {"name": "Short Term FP"}, "facility": {"code": 11925}}, {"service": {"name": "Condom Promotion and Distribution"}, "facility": {"code": 11925}}, {"service": {"name": "Emergency Preparedness"}, "facility": {"code": 12090}}, {"service": {"name": "ENT Services"}, "facility": {"code": 12090}}, {"service": {"name": "Oral Health Services (Dental Services)"}, "facility": {"code": 12090}}, {"service": {"name": "Environmental Health Services"}, "facility": {"code": 12090}}, {"service": {"name": "Rehabilitative Health Services - Physiotherapy"}, "facility": {"code": 12090}}, {"service": {"name": "Services for Sexual Violence Survivors"}, "facility": {"code": 12090}}, {"service": {"name": "Mental Health Services"}, "facility": {"code": 12090}}, {"service": {"name": "Opthalmic Services"}, "facility": {"code": 12090}}, {"service": {"name": "Nutrition Services"}, "facility": {"code": 12090}}, {"service": {"name": "Ambulance Sevices"}, "facility": {"code": 12090}}, {"service": {"name": "Laboratory Services"}, "facility": {"code": 12090}}, {"service": {"name": "Radiology Services"}, "facility": {"code": 12090}}, {"service": {"name": "Surgical Services"}, "facility": {"code": 12090}}, {"service": {"name": "Focused Antenatal Care"}, "facility": {"code": 12090}}, {"service": {"name": "Voluntary Male Circumcision"}, "facility": {"code": 12090}}, {"service": {"name": "Diagnostic Counselling and Testing"}, "facility": {"code": 12090}}, {"service": {"name": "Management of STIs"}, "facility": {"code": 18227}}, {"service": {"name": "Services for Sexual Violence Survivors"}, "facility": {"code": 18230}}, {"service": {"name": "Nutrition Services"}, "facility": {"code": 18230}}, {"service": {"name": "Integrated Management of Childhood Illnesses"}, "facility": {"code": 18230}}, {"service": {"name": "Maternity Services"}, "facility": {"code": 18230}}, {"service": {"name": "Curative Services"}, "facility": {"code": 18230}}, {"service": {"name": "First Line Treatment"}, "facility": {"code": 18230}}, {"service": {"name": "Basic Immunization"}, "facility": {"code": 18230}}, {"service": {"name": "Focused Antenatal Care"}, "facility": {"code": 18230}}, {"service": {"name": "Integrated Services"}, "facility": {"code": 18230}}, {"service": {"name": "Long Term FP"}, "facility": {"code": 18230}}, {"service": {"name": "Short Term FP"}, "facility": {"code": 18230}}, {"service": {"name": "Post Exposure Prophylaxis"}, "facility": {"code": 18230}}, {"service": {"name": "Voluntary Male Circumcision"}, "facility": {"code": 18230}}, {"service": {"name": "PMTCT - Maternity"}, "facility": {"code": 18230}}, {"service": {"name": "PMTCT - ANC"}, "facility": {"code": 18230}}, {"service": {"name": "Early Infant Diagnosis"}, "facility": {"code": 18230}}, {"service": {"name": "Diagnostic Counselling and Testing"}, "facility": {"code": 18230}}, {"service": {"name": "Provider Initiated Counselling and Testing"}, "facility": {"code": 18230}}, {"service": {"name": "Management of STIs"}, "facility": {"code": 18230}}, {"service": {"name": "Condom Promotion and Distribution"}, "facility": {"code": 18230}}, {"service": {"name": "Curative Services"}, "facility": {"code": 18227}}, {"service": {"name": "Provider Initiated Counselling and Testing"}, "facility": {"code": 18227}}, {"service": {"name": "Curative Services"}, "facility": {"code": 17883}}, {"service": {"name": "Provider Initiated Counselling and Testing"}, "facility": {"code": 17883}}, {"service": {"name": "Management of STIs"}, "facility": {"code": 17883}}, {"service": {"name": "Condom Promotion and Distribution"}, "facility": {"code": 17883}}, {"service": {"name": "Emergency Obstetric Care"}, "facility": {"code": 18229}}, {"service": {"name": "Environmental Health Services"}, "facility": {"code": 18229}}, {"service": {"name": "Services for Sexual Violence Survivors"}, "facility": {"code": 18229}}, {"service": {"name": "Nutrition Services"}, "facility": {"code": 18229}}, {"service": {"name": "Integrated Management of Childhood Illnesses"}, "facility": {"code": 18229}}, {"service": {"name": "Surgical Services"}, "facility": {"code": 18229}}, {"service": {"name": "Maternity Services"}, "facility": {"code": 18229}}, {"service": {"name": "Curative Services"}, "facility": {"code": 18229}}, {"service": {"name": "First Line Treatment"}, "facility": {"code": 18229}}, {"service": {"name": "Basic Immunization"}, "facility": {"code": 18229}}, {"service": {"name": "Focused Antenatal Care"}, "facility": {"code": 18229}}, {"service": {"name": "Integrated Services"}, "facility": {"code": 18229}}, {"service": {"name": "Long Term FP"}, "facility": {"code": 18229}}, {"service": {"name": "Short Term FP"}, "facility": {"code": 18229}}, {"service": {"name": "Post Exposure Prophylaxis"}, "facility": {"code": 18229}}, {"service": {"name": "Voluntary Male Circumcision"}, "facility": {"code": 18229}}, {"service": {"name": "PMTCT - Maternity"}, "facility": {"code": 18229}}, {"service": {"name": "PMTCT - ANC"}, "facility": {"code": 18229}}, {"service": {"name": "Early Infant Diagnosis"}, "facility": {"code": 18229}}, {"service": {"name": "Diagnostic Counselling and Testing"}, "facility": {"code": 18229}}, {"service": {"name": "Provider Initiated Counselling and Testing"}, "facility": {"code": 18229}}, {"service": {"name": "Management of STIs"}, "facility": {"code": 18229}}, {"service": {"name": "Condom Promotion and Distribution"}, "facility": {"code": 18229}}, {"service": {"name": "Provider Initiated Counselling and Testing"}, "facility": {"code": 16051}}, {"service": {"name": "Condom Promotion and Distribution"}, "facility": {"code": 16051}}, {"service": {"name": "PMTCT - Maternity"}, "facility": {"code": 15957}}, {"service": {"name": "PMTCT - ANC"}, "facility": {"code": 15957}}, {"service": {"name": "Early Infant Diagnosis"}, "facility": {"code": 15957}}, {"service": {"name": "Post Exposure Prophylaxis"}, "facility": {"code": 15957}}, {"service": {"name": "Short Term FP"}, "facility": {"code": 16089}}, {"service": {"name": "PMTCT - ANC"}, "facility": {"code": 16089}}, {"service": {"name": "Provider Initiated Counselling and Testing"}, "facility": {"code": 16089}}, {"service": {"name": "Condom Promotion and Distribution"}, "facility": {"code": 16089}}, {"service": {"name": "Curative Services"}, "facility": {"code": 12737}}, {"service": {"name": "Focused Antenatal Care"}, "facility": {"code": 12737}}, {"service": {"name": "Curative Services"}, "facility": {"code": 18228}}, {"service": {"name": "Integrated Services"}, "facility": {"code": 18228}}, {"service": {"name": "Management of STIs"}, "facility": {"code": 18228}}, {"service": {"name": "Condom Promotion and Distribution"}, "facility": {"code": 18228}}, {"service": {"name": "Maternity Services"}, "facility": {"code": 16443}}, {"service": {"name": "Curative Services"}, "facility": {"code": 16443}}, {"service": {"name": "Voluntary Counselling and Testing"}, "facility": {"code": 18226}}, {"service": {"name": "Focused Antenatal Care"}, "facility": {"code": 18226}}, {"service": {"name": "Voluntary Counselling and Testing"}, "facility": {"code": 18225}}, {"service": {"name": "Condom Promotion and Distribution"}, "facility": {"code": 18225}}, {"service": {"name": "Emergency Obstetric Care"}, "facility": {"code": 18223}}, {"service": {"name": "Nutrition Services"}, "facility": {"code": 18223}}, {"service": {"name": "Laboratory Services"}, "facility": {"code": 18223}}, {"service": {"name": "Curative Services"}, "facility": {"code": 18223}}, {"service": {"name": "Short Term FP"}, "facility": {"code": 18223}}, {"service": {"name": "Voluntary Counselling and Testing"}, "facility": {"code": 18223}}, {"service": {"name": "Management of STIs"}, "facility": {"code": 18223}}, {"service": {"name": "Condom Promotion and Distribution"}, "facility": {"code": 18223}}, {"service": {"name": "Curative Services"}, "facility": {"code": 18222}}, {"service": {"name": "Provider Initiated Counselling and Testing"}, "facility": {"code": 18222}}, {"service": {"name": "Voluntary Counselling and Testing"}, "facility": {"code": 18222}}, {"service": {"name": "Condom Promotion and Distribution"}, "facility": {"code": 18222}}, {"service": {"name": "Curative Services"}, "facility": {"code": 18220}}, {"service": {"name": "Long Term FP"}, "facility": {"code": 18220}}, {"service": {"name": "Short Term FP"}, "facility": {"code": 18220}}, {"service": {"name": "Focused Antenatal Care"}, "facility": {"code": 18220}}, {"service": {"name": "Basic Immunization"}, "facility": {"code": 18220}}, {"service": {"name": "Diagnostic Counselling and Testing"}, "facility": {"code": 18220}}, {"service": {"name": "Condom Promotion and Distribution"}, "facility": {"code": 18220}}, {"service": {"name": "Emergency Preparedness"}, "facility": {"code": 18216}}, {"service": {"name": "Surgical Services"}, "facility": {"code": 18216}}, {"service": {"name": "Curative Services"}, "facility": {"code": 18216}}, {"service": {"name": "Basic Immunization"}, "facility": {"code": 18216}}, {"service": {"name": "Focused Antenatal Care"}, "facility": {"code": 18216}}, {"service": {"name": "Short Term FP"}, "facility": {"code": 18216}}, {"service": {"name": "Post Exposure Prophylaxis"}, "facility": {"code": 18216}}, {"service": {"name": "PMTCT - ANC"}, "facility": {"code": 18216}}, {"service": {"name": "Provider Initiated Counselling and Testing"}, "facility": {"code": 18216}}, {"service": {"name": "Management of STIs"}, "facility": {"code": 18216}}, {"service": {"name": "Condom Promotion and Distribution"}, "facility": {"code": 18216}}, {"service": {"name": "Laboratory Services"}, "facility": {"code": 18215}}, {"service": {"name": "Curative Services"}, "facility": {"code": 18215}}, {"service": {"name": "Management of STIs"}, "facility": {"code": 18215}}, {"service": {"name": "Emergency Preparedness"}, "facility": {"code": 18214}}, {"service": {"name": "Emergency Obstetric Care"}, "facility": {"code": 18214}}, {"service": {"name": "Curative Services"}, "facility": {"code": 18214}}, {"service": {"name": "Short Term FP"}, "facility": {"code": 18214}}, {"service": {"name": "Post Exposure Prophylaxis"}, "facility": {"code": 18214}}, {"service": {"name": "Management of STIs"}, "facility": {"code": 18214}}, {"service": {"name": "Condom Promotion and Distribution"}, "facility": {"code": 18214}}, {"service": {"name": "Emergency Obstetric Care"}, "facility": {"code": 18213}}, {"service": {"name": "Laboratory Services"}, "facility": {"code": 18213}}, {"service": {"name": "Curative Services"}, "facility": {"code": 18213}}, {"service": {"name": "Basic Immunization"}, "facility": {"code": 18213}}, {"service": {"name": "Focused Antenatal Care"}, "facility": {"code": 18213}}, {"service": {"name": "Short Term FP"}, "facility": {"code": 18213}}, {"service": {"name": "PMTCT - ANC"}, "facility": {"code": 18213}}, {"service": {"name": "Diagnostic Counselling and Testing"}, "facility": {"code": 18213}}, {"service": {"name": "Provider Initiated Counselling and Testing"}, "facility": {"code": 18213}}, {"service": {"name": "Management of STIs"}, "facility": {"code": 18213}}, {"service": {"name": "Emergency Obstetric Care"}, "facility": {"code": 18212}}, {"service": {"name": "Laboratory Services"}, "facility": {"code": 18212}}, {"service": {"name": "Maternity Services"}, "facility": {"code": 18212}}, {"service": {"name": "Curative Services"}, "facility": {"code": 18212}}, {"service": {"name": "Basic Immunization"}, "facility": {"code": 18212}}, {"service": {"name": "Focused Antenatal Care"}, "facility": {"code": 18212}}, {"service": {"name": "Short Term FP"}, "facility": {"code": 18212}}, {"service": {"name": "Adult Antiretroviral Therapy"}, "facility": {"code": 18212}}, {"service": {"name": "Paediatric Antiretroviral Therapy"}, "facility": {"code": 18212}}, {"service": {"name": "PMTCT - Maternity"}, "facility": {"code": 18212}}, {"service": {"name": "PMTCT - ANC"}, "facility": {"code": 18212}}, {"service": {"name": "Diagnostic Counselling and Testing"}, "facility": {"code": 18212}}, {"service": {"name": "Provider Initiated Counselling and Testing"}, "facility": {"code": 18212}}, {"service": {"name": "Voluntary Counselling and Testing"}, "facility": {"code": 18212}}, {"service": {"name": "Management of STIs"}, "facility": {"code": 18212}}, {"service": {"name": "Emergency Obstetric Care"}, "facility": {"code": 18211}}, {"service": {"name": "Basic Immunization"}, "facility": {"code": 18211}}, {"service": {"name": "Focused Antenatal Care"}, "facility": {"code": 18211}}, {"service": {"name": "Short Term FP"}, "facility": {"code": 18211}}, {"service": {"name": "Adult Antiretroviral Therapy"}, "facility": {"code": 18211}}, {"service": {"name": "Paediatric Antiretroviral Therapy"}, "facility": {"code": 18211}}, {"service": {"name": "PMTCT - Maternity"}, "facility": {"code": 18211}}, {"service": {"name": "PMTCT - ANC"}, "facility": {"code": 18211}}, {"service": {"name": "Diagnostic Counselling and Testing"}, "facility": {"code": 18211}}, {"service": {"name": "Provider Initiated Counselling and Testing"}, "facility": {"code": 18211}}, {"service": {"name": "Voluntary Counselling and Testing"}, "facility": {"code": 18211}}, {"service": {"name": "Management of STIs"}, "facility": {"code": 18211}}, {"service": {"name": "Emergency Obstetric Care"}, "facility": {"code": 18210}}, {"service": {"name": "Laboratory Services"}, "facility": {"code": 18210}}, {"service": {"name": "Curative Services"}, "facility": {"code": 18210}}, {"service": {"name": "Basic Immunization"}, "facility": {"code": 18210}}, {"service": {"name": "Focused Antenatal Care"}, "facility": {"code": 18210}}, {"service": {"name": "Short Term FP"}, "facility": {"code": 18210}}, {"service": {"name": "Post Exposure Prophylaxis"}, "facility": {"code": 18210}}, {"service": {"name": "PMTCT - Maternity"}, "facility": {"code": 18210}}, {"service": {"name": "PMTCT - ANC"}, "facility": {"code": 18210}}, {"service": {"name": "Diagnostic Counselling and Testing"}, "facility": {"code": 18210}}, {"service": {"name": "Provider Initiated Counselling and Testing"}, "facility": {"code": 18210}}, {"service": {"name": "Voluntary Counselling and Testing"}, "facility": {"code": 18210}}, {"service": {"name": "Management of STIs"}, "facility": {"code": 18210}}, {"service": {"name": "Condom Promotion and Distribution"}, "facility": {"code": 18210}}, {"service": {"name": "Emergency Preparedness"}, "facility": {"code": 15746}}, {"service": {"name": "ENT Services"}, "facility": {"code": 15746}}, {"service": {"name": "Oral Health Services (Dental Services)"}, "facility": {"code": 15746}}, {"service": {"name": "Emergency Obstetric Care"}, "facility": {"code": 15746}}, {"service": {"name": "Environmental Health Services"}, "facility": {"code": 15746}}, {"service": {"name": "Mental Health Services"}, "facility": {"code": 15746}}, {"service": {"name": "Opthalmic Services"}, "facility": {"code": 15746}}, {"service": {"name": "Nutrition Services"}, "facility": {"code": 15746}}, {"service": {"name": "Surgical Services"}, "facility": {"code": 15746}}, {"service": {"name": "Maternity Services"}, "facility": {"code": 15746}}, {"service": {"name": "Curative Services"}, "facility": {"code": 15746}}, {"service": {"name": "Basic Immunization"}, "facility": {"code": 15746}}, {"service": {"name": "Focused Antenatal Care"}, "facility": {"code": 15746}}, {"service": {"name": "Short Term FP"}, "facility": {"code": 15746}}, {"service": {"name": "Management of STIs"}, "facility": {"code": 15746}}, {"service": {"name": "Condom Promotion and Distribution"}, "facility": {"code": 15746}}, {"service": {"name": "Emergency Preparedness"}, "facility": {"code": 18073}}, {"service": {"name": "ENT Services"}, "facility": {"code": 18073}}, {"service": {"name": "Oral Health Services (Dental Services)"}, "facility": {"code": 18073}}, {"service": {"name": "Emergency Obstetric Care"}, "facility": {"code": 18073}}, {"service": {"name": "Environmental Health Services"}, "facility": {"code": 18073}}, {"service": {"name": "Mental Health Services"}, "facility": {"code": 18073}}, {"service": {"name": "Opthalmic Services"}, "facility": {"code": 18073}}, {"service": {"name": "Nutrition Services"}, "facility": {"code": 18073}}, {"service": {"name": "Surgical Services"}, "facility": {"code": 18073}}, {"service": {"name": "Maternity Services"}, "facility": {"code": 18073}}, {"service": {"name": "Curative Services"}, "facility": {"code": 18073}}, {"service": {"name": "Basic Immunization"}, "facility": {"code": 18073}}, {"service": {"name": "Focused Antenatal Care"}, "facility": {"code": 18073}}, {"service": {"name": "Long Term FP"}, "facility": {"code": 18073}}, {"service": {"name": "Short Term FP"}, "facility": {"code": 18073}}, {"service": {"name": "PMTCT - ANC"}, "facility": {"code": 18073}}, {"service": {"name": "Early Infant Diagnosis"}, "facility": {"code": 18073}}, {"service": {"name": "Provider Initiated Counselling and Testing"}, "facility": {"code": 18073}}, {"service": {"name": "Management of STIs"}, "facility": {"code": 18073}}, {"service": {"name": "Condom Promotion and Distribution"}, "facility": {"code": 18073}}, {"service": {"name": "Emergency Preparedness"}, "facility": {"code": 14309}}, {"service": {"name": "ENT Services"}, "facility": {"code": 14309}}, {"service": {"name": "Oral Health Services (Dental Services)"}, "facility": {"code": 14309}}, {"service": {"name": "Emergency Obstetric Care"}, "facility": {"code": 14309}}, {"service": {"name": "Provider Initiated Counselling and Testing"}, "facility": {"code": 14309}}, {"service": {"name": "Curative Services"}, "facility": {"code": 18186}}, {"service": {"name": "Short Term FP"}, "facility": {"code": 18186}}, {"service": {"name": "Diagnostic Counselling and Testing"}, "facility": {"code": 18186}}, {"service": {"name": "Provider Initiated Counselling and Testing"}, "facility": {"code": 18186}}, {"service": {"name": "Management of STIs"}, "facility": {"code": 18186}}, {"service": {"name": "Condom Promotion and Distribution"}, "facility": {"code": 18186}}, {"service": {"name": "Curative Services"}, "facility": {"code": 18206}}, {"service": {"name": "Diagnostic Counselling and Testing"}, "facility": {"code": 18206}}, {"service": {"name": "Provider Initiated Counselling and Testing"}, "facility": {"code": 18206}}, {"service": {"name": "Management of STIs"}, "facility": {"code": 18206}}, {"service": {"name": "Condom Promotion and Distribution"}, "facility": {"code": 18206}}, {"service": {"name": "Long Term FP"}, "facility": {"code": 18203}}, {"service": {"name": "Short Term FP"}, "facility": {"code": 18203}}, {"service": {"name": "Curative Services"}, "facility": {"code": 18203}}, {"service": {"name": "Condom Promotion and Distribution"}, "facility": {"code": 18203}}, {"service": {"name": "Emergency Preparedness"}, "facility": {"code": 18202}}, {"service": {"name": "Emergency Obstetric Care"}, "facility": {"code": 18202}}, {"service": {"name": "Curative Services"}, "facility": {"code": 18202}}, {"service": {"name": "Short Term FP"}, "facility": {"code": 18202}}, {"service": {"name": "Provider Initiated Counselling and Testing"}, "facility": {"code": 18202}}, {"service": {"name": "Voluntary Counselling and Testing"}, "facility": {"code": 18202}}, {"service": {"name": "Management of STIs"}, "facility": {"code": 18202}}, {"service": {"name": "Condom Promotion and Distribution"}, "facility": {"code": 18202}}, {"service": {"name": "Emergency Preparedness"}, "facility": {"code": 18199}}, {"service": {"name": "Integrated Management of Childhood Illnesses"}, "facility": {"code": 18199}}, {"service": {"name": "Nutrition Services"}, "facility": {"code": 18199}}, {"service": {"name": "Laboratory Services"}, "facility": {"code": 18199}}, {"service": {"name": "Curative Services"}, "facility": {"code": 18199}}, {"service": {"name": "First Line Treatment"}, "facility": {"code": 18199}}, {"service": {"name": "Smear Microscopy"}, "facility": {"code": 18199}}, {"service": {"name": "Stand Alone Services"}, "facility": {"code": 18199}}, {"service": {"name": "Integrated Services"}, "facility": {"code": 18199}}, {"service": {"name": "Adult Antiretroviral Therapy"}, "facility": {"code": 18199}}, {"service": {"name": "Home Based Care"}, "facility": {"code": 18199}}, {"service": {"name": "Paediatric Antiretroviral Therapy"}, "facility": {"code": 18199}}, {"service": {"name": "Post Exposure Prophylaxis"}, "facility": {"code": 18199}}, {"service": {"name": "Early Infant Diagnosis"}, "facility": {"code": 18199}}, {"service": {"name": "Diagnostic Counselling and Testing"}, "facility": {"code": 18199}}, {"service": {"name": "Provider Initiated Counselling and Testing"}, "facility": {"code": 18199}}, {"service": {"name": "Voluntary Counselling and Testing"}, "facility": {"code": 18199}}, {"service": {"name": "Management of STIs"}, "facility": {"code": 18199}}, {"service": {"name": "Condom Promotion and Distribution"}, "facility": {"code": 18199}}, {"service": {"name": "Curative Services"}, "facility": {"code": 18198}}, {"service": {"name": "Basic Immunization"}, "facility": {"code": 18198}}, {"service": {"name": "Focused Antenatal Care"}, "facility": {"code": 18198}}, {"service": {"name": "Short Term FP"}, "facility": {"code": 18198}}, {"service": {"name": "Management of STIs"}, "facility": {"code": 18198}}, {"service": {"name": "Condom Promotion and Distribution"}, "facility": {"code": 18198}}, {"service": {"name": "Emergency Preparedness"}, "facility": {"code": 16712}}, {"service": {"name": "Emergency Obstetric Care"}, "facility": {"code": 16712}}, {"service": {"name": "Environmental Health Services"}, "facility": {"code": 16712}}, {"service": {"name": "Mental Health Services"}, "facility": {"code": 16712}}, {"service": {"name": "Nutrition Services"}, "facility": {"code": 16712}}, {"service": {"name": "Integrated Management of Childhood Illnesses"}, "facility": {"code": 16712}}, {"service": {"name": "Surgical Services"}, "facility": {"code": 16712}}, {"service": {"name": "Maternity Services"}, "facility": {"code": 16712}}, {"service": {"name": "Curative Services"}, "facility": {"code": 16712}}, {"service": {"name": "Basic Immunization"}, "facility": {"code": 16712}}, {"service": {"name": "Focused Antenatal Care"}, "facility": {"code": 16712}}, {"service": {"name": "Short Term FP"}, "facility": {"code": 16712}}, {"service": {"name": "Voluntary Male Circumcision"}, "facility": {"code": 16712}}, {"service": {"name": "PMTCT - ANC"}, "facility": {"code": 16712}}, {"service": {"name": "Early Infant Diagnosis"}, "facility": {"code": 16712}}, {"service": {"name": "Diagnostic Counselling and Testing"}, "facility": {"code": 16712}}, {"service": {"name": "Provider Initiated Counselling and Testing"}, "facility": {"code": 16712}}, {"service": {"name": "Management of STIs"}, "facility": {"code": 16712}}, {"service": {"name": "Condom Promotion and Distribution"}, "facility": {"code": 16712}}, {"service": {"name": "Tuberculosis Culture"}, "facility": {"code": 13013}}, {"service": {"name": "Smear Microscopy"}, "facility": {"code": 13013}}, {"service": {"name": "Emergency Preparedness"}, "facility": {"code": 16389}}, {"service": {"name": "Emergency Obstetric Care"}, "facility": {"code": 16389}}, {"service": {"name": "Environmental Health Services"}, "facility": {"code": 16389}}, {"service": {"name": "Mental Health Services"}, "facility": {"code": 16389}}, {"service": {"name": "Opthalmic Services"}, "facility": {"code": 16389}}, {"service": {"name": "Integrated Management of Childhood Illnesses"}, "facility": {"code": 16389}}, {"service": {"name": "Maternity Services"}, "facility": {"code": 16389}}, {"service": {"name": "Curative Services"}, "facility": {"code": 16389}}, {"service": {"name": "Basic Immunization"}, "facility": {"code": 16389}}, {"service": {"name": "Focused Antenatal Care"}, "facility": {"code": 16389}}, {"service": {"name": "Short Term FP"}, "facility": {"code": 16389}}, {"service": {"name": "Voluntary Male Circumcision"}, "facility": {"code": 16389}}, {"service": {"name": "PMTCT - ANC"}, "facility": {"code": 16389}}, {"service": {"name": "Early Infant Diagnosis"}, "facility": {"code": 16389}}, {"service": {"name": "Diagnostic Counselling and Testing"}, "facility": {"code": 16389}}, {"service": {"name": "Provider Initiated Counselling and Testing"}, "facility": {"code": 16389}}, {"service": {"name": "Management of STIs"}, "facility": {"code": 16389}}, {"service": {"name": "Condom Promotion and Distribution"}, "facility": {"code": 16389}}, {"service": {"name": "Laboratory Services"}, "facility": {"code": 18197}}, {"service": {"name": "Curative Services"}, "facility": {"code": 18197}}, {"service": {"name": "Basic Immunization"}, "facility": {"code": 18197}}, {"service": {"name": "Short Term FP"}, "facility": {"code": 18197}}, {"service": {"name": "PMTCT - ANC"}, "facility": {"code": 18197}}, {"service": {"name": "Voluntary Counselling and Testing"}, "facility": {"code": 18197}}, {"service": {"name": "Management of STIs"}, "facility": {"code": 18197}}, {"service": {"name": "Condom Promotion and Distribution"}, "facility": {"code": 18197}}, {"service": {"name": "Management of STIs"}, "facility": {"code": 13013}}, {"service": {"name": "Condom Promotion and Distribution"}, "facility": {"code": 13013}}, {"service": {"name": "Curative Services"}, "facility": {"code": 18196}}, {"service": {"name": "Management of STIs"}, "facility": {"code": 18196}}, {"service": {"name": "Condom Promotion and Distribution"}, "facility": {"code": 18196}}, {"service": {"name": "Emergency Preparedness"}, "facility": {"code": 18195}}, {"service": {"name": "Dental Laboratory Services"}, "facility": {"code": 18195}}, {"service": {"name": "Emergency Obstetric Care"}, "facility": {"code": 18195}}, {"service": {"name": "Rehabilitative Health Services - Physiotherapy"}, "facility": {"code": 18195}}, {"service": {"name": "Services for Sexual Violence Survivors"}, "facility": {"code": 18195}}, {"service": {"name": "Nutrition Services"}, "facility": {"code": 18195}}, {"service": {"name": "Ambulance Sevices"}, "facility": {"code": 18195}}, {"service": {"name": "Laboratory Services"}, "facility": {"code": 18195}}, {"service": {"name": "Radiology Services"}, "facility": {"code": 18195}}, {"service": {"name": "Surgical Services"}, "facility": {"code": 18195}}, {"service": {"name": "Maternity Services"}, "facility": {"code": 18195}}, {"service": {"name": "Curative Services"}, "facility": {"code": 18195}}, {"service": {"name": "Services for Female Genital Mutilation (FGM) Survivors"}, "facility": {"code": 18195}}, {"service": {"name": "Rehabilitative Health Services - Orthopaedic Technology"}, "facility": {"code": 18195}}, {"service": {"name": "Rehabilitative Health Services - Occupational Health"}, "facility": {"code": 18195}}, {"service": {"name": "Smear Microscopy"}, "facility": {"code": 18195}}, {"service": {"name": "Tuberculosis Culture"}, "facility": {"code": 18195}}, {"service": {"name": "Basic Immunization"}, "facility": {"code": 18195}}, {"service": {"name": "Focused Antenatal Care"}, "facility": {"code": 18195}}, {"service": {"name": "Short Term FP"}, "facility": {"code": 18195}}, {"service": {"name": "Paediatric Antiretroviral Therapy"}, "facility": {"code": 18195}}, {"service": {"name": "Post Exposure Prophylaxis"}, "facility": {"code": 18195}}, {"service": {"name": "PMTCT - Maternity"}, "facility": {"code": 18195}}, {"service": {"name": "PMTCT - ANC"}, "facility": {"code": 18195}}, {"service": {"name": "Early Infant Diagnosis"}, "facility": {"code": 18195}}, {"service": {"name": "Diagnostic Counselling and Testing"}, "facility": {"code": 18195}}, {"service": {"name": "Provider Initiated Counselling and Testing"}, "facility": {"code": 18195}}, {"service": {"name": "Voluntary Counselling and Testing"}, "facility": {"code": 18195}}, {"service": {"name": "Management of STIs"}, "facility": {"code": 18195}}, {"service": {"name": "Condom Promotion and Distribution"}, "facility": {"code": 18195}}, {"service": {"name": "Laboratory Services"}, "facility": {"code": 11817}}, {"service": {"name": "Curative Services"}, "facility": {"code": 11817}}, {"service": {"name": "Tuberculosis Culture"}, "facility": {"code": 11817}}, {"service": {"name": "Smear Microscopy"}, "facility": {"code": 11817}}, {"service": {"name": "MDRTB Treatment"}, "facility": {"code": 11817}}, {"service": {"name": "Home Based Care"}, "facility": {"code": 11817}}, {"service": {"name": "Paediatric Antiretroviral Therapy"}, "facility": {"code": 11817}}, {"service": {"name": "PMTCT - ANC"}, "facility": {"code": 11817}}, {"service": {"name": "Early Infant Diagnosis"}, "facility": {"code": 11817}}, {"service": {"name": "Provider Initiated Counselling and Testing"}, "facility": {"code": 11817}}, {"service": {"name": "Voluntary Counselling and Testing"}, "facility": {"code": 11817}}, {"service": {"name": "ENT Services"}, "facility": {"code": 13110}}, {"service": {"name": "Dental Laboratory Services"}, "facility": {"code": 13110}}, {"service": {"name": "Oral Health Services (Dental Services)"}, "facility": {"code": 13110}}, {"service": {"name": "Emergency Obstetric Care"}, "facility": {"code": 13110}}, {"service": {"name": "Rehabilitative Health Services - Physiotherapy"}, "facility": {"code": 13110}}, {"service": {"name": "Nutrition Services"}, "facility": {"code": 13110}}, {"service": {"name": "Ambulance Sevices"}, "facility": {"code": 13110}}, {"service": {"name": "Laboratory Services"}, "facility": {"code": 13110}}, {"service": {"name": "Radiology Services"}, "facility": {"code": 13110}}, {"service": {"name": "Surgical Services"}, "facility": {"code": 13110}}, {"service": {"name": "Maternity Services"}, "facility": {"code": 13110}}, {"service": {"name": "Curative Services"}, "facility": {"code": 13110}}, {"service": {"name": "Facility Based Blood Collection Service"}, "facility": {"code": 13110}}, {"service": {"name": "Mortuary Services"}, "facility": {"code": 13110}}, {"service": {"name": "Facility Based Blood Transfusion Service"}, "facility": {"code": 13110}}, {"service": {"name": "Rehabilitative Health Services - Occupational Health"}, "facility": {"code": 13110}}, {"service": {"name": "Immunization with additional vaccines"}, "facility": {"code": 13110}}, {"service": {"name": "Basic Immunization"}, "facility": {"code": 13110}}, {"service": {"name": "Specialized ANC"}, "facility": {"code": 13110}}, {"service": {"name": "Focused Antenatal Care"}, "facility": {"code": 13110}}, {"service": {"name": "Long Term FP"}, "facility": {"code": 13110}}, {"service": {"name": "Short Term FP"}, "facility": {"code": 13110}}, {"service": {"name": "Post Exposure Prophylaxis"}, "facility": {"code": 13110}}, {"service": {"name": "Diagnostic Counselling and Testing"}, "facility": {"code": 13110}}, {"service": {"name": "Voluntary Counselling and Testing"}, "facility": {"code": 13110}}, {"service": {"name": "Management of STIs"}, "facility": {"code": 13110}}, {"service": {"name": "Condom Promotion and Distribution"}, "facility": {"code": 13110}}, {"service": {"name": "ENT Services"}, "facility": {"code": 12867}}, {"service": {"name": "Emergency Obstetric Care"}, "facility": {"code": 12867}}, {"service": {"name": "Ambulance Sevices"}, "facility": {"code": 12867}}, {"service": {"name": "Laboratory Services"}, "facility": {"code": 12867}}, {"service": {"name": "Radiology Services"}, "facility": {"code": 12867}}, {"service": {"name": "Surgical Services"}, "facility": {"code": 12867}}, {"service": {"name": "Maternity Services"}, "facility": {"code": 12867}}, {"service": {"name": "Curative Services"}, "facility": {"code": 12867}}, {"service": {"name": "Mortuary Services"}, "facility": {"code": 12867}}, {"service": {"name": "Facility Based Blood Transfusion Service"}, "facility": {"code": 12867}}, {"service": {"name": "Facility Based Blood Collection Service"}, "facility": {"code": 12867}}, {"service": {"name": "Rehabilitative Health Services - Occupational Health"}, "facility": {"code": 12867}}, {"service": {"name": "Immunization with additional vaccines"}, "facility": {"code": 12867}}, {"service": {"name": "Basic Immunization"}, "facility": {"code": 12867}}, {"service": {"name": "Specialized ANC"}, "facility": {"code": 12867}}, {"service": {"name": "Focused Antenatal Care"}, "facility": {"code": 12867}}, {"service": {"name": "Permanent FP"}, "facility": {"code": 12867}}, {"service": {"name": "Long Term FP"}, "facility": {"code": 12867}}, {"service": {"name": "Short Term FP"}, "facility": {"code": 12867}}, {"service": {"name": "PMTCT - Maternity"}, "facility": {"code": 12867}}, {"service": {"name": "Post Exposure Prophylaxis"}, "facility": {"code": 12867}}, {"service": {"name": "PMTCT - ANC"}, "facility": {"code": 12867}}, {"service": {"name": "Diagnostic Counselling and Testing"}, "facility": {"code": 12867}}, {"service": {"name": "Voluntary Counselling and Testing"}, "facility": {"code": 12867}}, {"service": {"name": "Management of STIs"}, "facility": {"code": 12867}}, {"service": {"name": "Condom Promotion and Distribution"}, "facility": {"code": 12867}}, {"service": {"name": "Focused Antenatal Care"}, "facility": {"code": 18193}}, {"service": {"name": "Short Term FP"}, "facility": {"code": 18193}}, {"service": {"name": "Emergency Preparedness"}, "facility": {"code": 18193}}, {"service": {"name": "Emergency Obstetric Care"}, "facility": {"code": 18193}}, {"service": {"name": "Curative Services"}, "facility": {"code": 18193}}, {"service": {"name": "Management of STIs"}, "facility": {"code": 18193}}, {"service": {"name": "ENT Services"}, "facility": {"code": 18192}}, {"service": {"name": "Curative Services"}, "facility": {"code": 18192}}, {"service": {"name": "Management of STIs"}, "facility": {"code": 18192}}, {"service": {"name": "Emergency Preparedness"}, "facility": {"code": 18191}}, {"service": {"name": "ENT Services"}, "facility": {"code": 18191}}, {"service": {"name": "Emergency Obstetric Care"}, "facility": {"code": 18191}}, {"service": {"name": "Nutrition Services"}, "facility": {"code": 18191}}, {"service": {"name": "Integrated Management of Childhood Illnesses"}, "facility": {"code": 18191}}, {"service": {"name": "Laboratory Services"}, "facility": {"code": 18191}}, {"service": {"name": "Curative Services"}, "facility": {"code": 18191}}, {"service": {"name": "Basic Immunization"}, "facility": {"code": 18191}}, {"service": {"name": "Voluntary Counselling and Testing"}, "facility": {"code": 18191}}, {"service": {"name": "Management of STIs"}, "facility": {"code": 18191}}, {"service": {"name": "Condom Promotion and Distribution"}, "facility": {"code": 18191}}, {"service": {"name": "Emergency Preparedness"}, "facility": {"code": 18190}}, {"service": {"name": "Emergency Obstetric Care"}, "facility": {"code": 18190}}, {"service": {"name": "Nutrition Services"}, "facility": {"code": 18190}}, {"service": {"name": "Laboratory Services"}, "facility": {"code": 18190}}, {"service": {"name": "Maternity Services"}, "facility": {"code": 18190}}, {"service": {"name": "Basic Immunization"}, "facility": {"code": 18190}}, {"service": {"name": "Curative Services"}, "facility": {"code": 18190}}, {"service": {"name": "Focused Antenatal Care"}, "facility": {"code": 18190}}, {"service": {"name": "Short Term FP"}, "facility": {"code": 18190}}, {"service": {"name": "PMTCT - Maternity"}, "facility": {"code": 18190}}, {"service": {"name": "PMTCT - ANC"}, "facility": {"code": 18190}}, {"service": {"name": "Provider Initiated Counselling and Testing"}, "facility": {"code": 18190}}, {"service": {"name": "Voluntary Counselling and Testing"}, "facility": {"code": 18190}}, {"service": {"name": "Management of STIs"}, "facility": {"code": 18190}}, {"service": {"name": "Condom Promotion and Distribution"}, "facility": {"code": 18190}}, {"service": {"name": "Condom Promotion and Distribution"}, "facility": {"code": 18189}}, {"service": {"name": "Emergency Preparedness"}, "facility": {"code": 18189}}, {"service": {"name": "Rehabilitative Health Services - Physiotherapy"}, "facility": {"code": 18189}}, {"service": {"name": "Emergency Obstetric Care"}, "facility": {"code": 18189}}, {"service": {"name": "Laboratory Services"}, "facility": {"code": 18189}}, {"service": {"name": "Nutrition Services"}, "facility": {"code": 18189}}, {"service": {"name": "Maternity Services"}, "facility": {"code": 18189}}, {"service": {"name": "Curative Services"}, "facility": {"code": 18189}}, {"service": {"name": "Smear Microscopy"}, "facility": {"code": 18189}}, {"service": {"name": "Focused Antenatal Care"}, "facility": {"code": 18189}}, {"service": {"name": "Short Term FP"}, "facility": {"code": 18189}}, {"service": {"name": "Adult Antiretroviral Therapy"}, "facility": {"code": 18189}}, {"service": {"name": "Post Exposure Prophylaxis"}, "facility": {"code": 18189}}, {"service": {"name": "PMTCT - Maternity"}, "facility": {"code": 18189}}, {"service": {"name": "PMTCT - ANC"}, "facility": {"code": 18189}}, {"service": {"name": "Provider Initiated Counselling and Testing"}, "facility": {"code": 18189}}, {"service": {"name": "Voluntary Counselling and Testing"}, "facility": {"code": 18189}}, {"service": {"name": "Management of STIs"}, "facility": {"code": 18189}}, {"service": {"name": "Emergency Preparedness"}, "facility": {"code": 12984}}, {"service": {"name": "Rehabilitative Health Services - Physiotherapy"}, "facility": {"code": 12984}}, {"service": {"name": "Integrated Management of Childhood Illnesses"}, "facility": {"code": 12984}}, {"service": {"name": "Services for Female Genital Mutilation (FGM) Survivors"}, "facility": {"code": 12984}}, {"service": {"name": "Rehabilitative Health Services - Orthopaedic Technology"}, "facility": {"code": 12984}}, {"service": {"name": "Facility Based Blood Collection Service"}, "facility": {"code": 12984}}, {"service": {"name": "Tuberculosis Culture"}, "facility": {"code": 12984}}, {"service": {"name": "MDRTB Treatment"}, "facility": {"code": 12984}}, {"service": {"name": "Immunization with additional vaccines"}, "facility": {"code": 12984}}, {"service": {"name": "Environmental Health Services"}, "facility": {"code": 18188}}, {"service": {"name": "Nutrition Services"}, "facility": {"code": 18188}}, {"service": {"name": "Curative Services"}, "facility": {"code": 18188}}, {"service": {"name": "Basic Immunization"}, "facility": {"code": 18188}}, {"service": {"name": "Focused Antenatal Care"}, "facility": {"code": 18188}}, {"service": {"name": "Short Term FP"}, "facility": {"code": 18188}}, {"service": {"name": "Provider Initiated Counselling and Testing"}, "facility": {"code": 18188}}, {"service": {"name": "Management of STIs"}, "facility": {"code": 18188}}, {"service": {"name": "Condom Promotion and Distribution"}, "facility": {"code": 18188}}, {"service": {"name": "Emergency Preparedness"}, "facility": {"code": 18187}}, {"service": {"name": "ENT Services"}, "facility": {"code": 18187}}, {"service": {"name": "Emergency Obstetric Care"}, "facility": {"code": 18187}}, {"service": {"name": "Environmental Health Services"}, "facility": {"code": 18187}}, {"service": {"name": "Nutrition Services"}, "facility": {"code": 18187}}, {"service": {"name": "Integrated Management of Childhood Illnesses"}, "facility": {"code": 18187}}, {"service": {"name": "Surgical Services"}, "facility": {"code": 18187}}, {"service": {"name": "Maternity Services"}, "facility": {"code": 18187}}, {"service": {"name": "Curative Services"}, "facility": {"code": 18187}}, {"service": {"name": "Basic Immunization"}, "facility": {"code": 18187}}, {"service": {"name": "Focused Antenatal Care"}, "facility": {"code": 18187}}, {"service": {"name": "Short Term FP"}, "facility": {"code": 18187}}, {"service": {"name": "Post Exposure Prophylaxis"}, "facility": {"code": 18187}}, {"service": {"name": "PMTCT - Maternity"}, "facility": {"code": 18187}}, {"service": {"name": "PMTCT - ANC"}, "facility": {"code": 18187}}, {"service": {"name": "Early Infant Diagnosis"}, "facility": {"code": 18187}}, {"service": {"name": "Diagnostic Counselling and Testing"}, "facility": {"code": 18187}}, {"service": {"name": "Provider Initiated Counselling and Testing"}, "facility": {"code": 18187}}, {"service": {"name": "Management of STIs"}, "facility": {"code": 18187}}, {"service": {"name": "Condom Promotion and Distribution"}, "facility": {"code": 18187}}, {"service": {"name": "Curative Services"}, "facility": {"code": 18185}}, {"service": {"name": "Short Term FP"}, "facility": {"code": 18185}}, {"service": {"name": "Management of STIs"}, "facility": {"code": 18185}}, {"service": {"name": "Condom Promotion and Distribution"}, "facility": {"code": 18185}}, {"service": {"name": "Integrated Management of Childhood Illnesses"}, "facility": {"code": 18182}}, {"service": {"name": "Curative Services"}, "facility": {"code": 18182}}, {"service": {"name": "Basic Immunization"}, "facility": {"code": 18182}}, {"service": {"name": "Emergency Preparedness"}, "facility": {"code": 10178}}, {"service": {"name": "Nutrition Services"}, "facility": {"code": 10178}}, {"service": {"name": "Curative Services"}, "facility": {"code": 10178}}, {"service": {"name": "Short Term FP"}, "facility": {"code": 10178}}, {"service": {"name": "Emergency Preparedness"}, "facility": {"code": 13218}}, {"service": {"name": "Voluntary Counselling and Testing"}, "facility": {"code": 13218}}, {"service": {"name": "Provider Initiated Counselling and Testing"}, "facility": {"code": 13218}}, {"service": {"name": "Post Exposure Prophylaxis"}, "facility": {"code": 13218}}, {"service": {"name": "Nutrition Services"}, "facility": {"code": 18179}}, {"service": {"name": "Surgical Services"}, "facility": {"code": 18179}}, {"service": {"name": "Curative Services"}, "facility": {"code": 18179}}, {"service": {"name": "Long Term FP"}, "facility": {"code": 18179}}, {"service": {"name": "Short Term FP"}, "facility": {"code": 18179}}, {"service": {"name": "Diagnostic Counselling and Testing"}, "facility": {"code": 18179}}, {"service": {"name": "Provider Initiated Counselling and Testing"}, "facility": {"code": 18179}}, {"service": {"name": "Voluntary Counselling and Testing"}, "facility": {"code": 18179}}, {"service": {"name": "Management of STIs"}, "facility": {"code": 18179}}, {"service": {"name": "Emergency Obstetric Care"}, "facility": {"code": 18178}}, {"service": {"name": "Nutrition Services"}, "facility": {"code": 18178}}, {"service": {"name": "Laboratory Services"}, "facility": {"code": 18178}}, {"service": {"name": "Radiology Services"}, "facility": {"code": 18178}}, {"service": {"name": "Focused Antenatal Care"}, "facility": {"code": 18178}}, {"service": {"name": "Curative Services"}, "facility": {"code": 18178}}, {"service": {"name": "Management of STIs"}, "facility": {"code": 18178}}, {"service": {"name": "Emergency Preparedness"}, "facility": {"code": 18177}}, {"service": {"name": "Emergency Obstetric Care"}, "facility": {"code": 18177}}, {"service": {"name": "Nutrition Services"}, "facility": {"code": 18177}}, {"service": {"name": "Integrated Management of Childhood Illnesses"}, "facility": {"code": 18177}}, {"service": {"name": "Laboratory Services"}, "facility": {"code": 18177}}, {"service": {"name": "Maternity Services"}, "facility": {"code": 18177}}, {"service": {"name": "Curative Services"}, "facility": {"code": 18177}}, {"service": {"name": "Basic Immunization"}, "facility": {"code": 18177}}, {"service": {"name": "Focused Antenatal Care"}, "facility": {"code": 18177}}, {"service": {"name": "Post Exposure Prophylaxis"}, "facility": {"code": 18177}}, {"service": {"name": "PMTCT - Maternity"}, "facility": {"code": 18177}}, {"service": {"name": "PMTCT - ANC"}, "facility": {"code": 18177}}, {"service": {"name": "Diagnostic Counselling and Testing"}, "facility": {"code": 18177}}, {"service": {"name": "Provider Initiated Counselling and Testing"}, "facility": {"code": 18177}}, {"service": {"name": "Voluntary Counselling and Testing"}, "facility": {"code": 18177}}, {"service": {"name": "Management of STIs"}, "facility": {"code": 18177}}, {"service": {"name": "Condom Promotion and Distribution"}, "facility": {"code": 18177}}, {"service": {"name": "Curative Services"}, "facility": {"code": 18176}}, {"service": {"name": "Short Term FP"}, "facility": {"code": 18176}}, {"service": {"name": "Adult Antiretroviral Therapy"}, "facility": {"code": 18176}}, {"service": {"name": "Post Exposure Prophylaxis"}, "facility": {"code": 18176}}, {"service": {"name": "Diagnostic Counselling and Testing"}, "facility": {"code": 18176}}, {"service": {"name": "Provider Initiated Counselling and Testing"}, "facility": {"code": 18176}}, {"service": {"name": "Voluntary Counselling and Testing"}, "facility": {"code": 18176}}, {"service": {"name": "Management of STIs"}, "facility": {"code": 18176}}, {"service": {"name": "Condom Promotion and Distribution"}, "facility": {"code": 18176}}, {"service": {"name": "Curative Services"}, "facility": {"code": 18174}}, {"service": {"name": "Basic Immunization"}, "facility": {"code": 18174}}, {"service": {"name": "Focused Antenatal Care"}, "facility": {"code": 18174}}, {"service": {"name": "Short Term FP"}, "facility": {"code": 18174}}, {"service": {"name": "PMTCT - ANC"}, "facility": {"code": 18174}}, {"service": {"name": "Condom Promotion and Distribution"}, "facility": {"code": 18174}}, {"service": {"name": "Emergency Obstetric Care"}, "facility": {"code": 18173}}, {"service": {"name": "Curative Services"}, "facility": {"code": 18173}}, {"service": {"name": "Focused Antenatal Care"}, "facility": {"code": 18173}}, {"service": {"name": "Long Term FP"}, "facility": {"code": 18173}}, {"service": {"name": "Short Term FP"}, "facility": {"code": 18173}}, {"service": {"name": "Post Exposure Prophylaxis"}, "facility": {"code": 18173}}, {"service": {"name": "PMTCT - ANC"}, "facility": {"code": 18173}}, {"service": {"name": "Early Infant Diagnosis"}, "facility": {"code": 18173}}, {"service": {"name": "Provider Initiated Counselling and Testing"}, "facility": {"code": 18173}}, {"service": {"name": "Management of STIs"}, "facility": {"code": 18173}}, {"service": {"name": "Condom Promotion and Distribution"}, "facility": {"code": 18173}}, {"service": {"name": "Nutrition Services"}, "facility": {"code": 17650}}, {"service": {"name": "Laboratory Services"}, "facility": {"code": 13026}}, {"service": {"name": "Curative Services"}, "facility": {"code": 13026}}, {"service": {"name": "Focused Antenatal Care"}, "facility": {"code": 13026}}, {"service": {"name": "Short Term FP"}, "facility": {"code": 13026}}, {"service": {"name": "PMTCT - ANC"}, "facility": {"code": 13026}}, {"service": {"name": "Voluntary Counselling and Testing"}, "facility": {"code": 13026}}, {"service": {"name": "Management of STIs"}, "facility": {"code": 13026}}, {"service": {"name": "Environmental Health Services"}, "facility": {"code": 18172}}, {"service": {"name": "Nutrition Services"}, "facility": {"code": 18172}}, {"service": {"name": "Curative Services"}, "facility": {"code": 18172}}, {"service": {"name": "Basic Immunization"}, "facility": {"code": 18172}}, {"service": {"name": "Focused Antenatal Care"}, "facility": {"code": 18172}}, {"service": {"name": "Short Term FP"}, "facility": {"code": 18172}}, {"service": {"name": "PMTCT - ANC"}, "facility": {"code": 18172}}, {"service": {"name": "Diagnostic Counselling and Testing"}, "facility": {"code": 18172}}, {"service": {"name": "Provider Initiated Counselling and Testing"}, "facility": {"code": 18172}}, {"service": {"name": "Management of STIs"}, "facility": {"code": 18172}}, {"service": {"name": "Condom Promotion and Distribution"}, "facility": {"code": 18172}}, {"service": {"name": "Provider Initiated Counselling and Testing"}, "facility": {"code": 12130}}, {"service": {"name": "Emergency Preparedness"}, "facility": {"code": 18171}}, {"service": {"name": "ENT Services"}, "facility": {"code": 18171}}, {"service": {"name": "Oral Health Services (Dental Services)"}, "facility": {"code": 18171}}, {"service": {"name": "Emergency Obstetric Care"}, "facility": {"code": 18171}}, {"service": {"name": "Integrated Management of Childhood Illnesses"}, "facility": {"code": 18171}}, {"service": {"name": "Laboratory Services"}, "facility": {"code": 18171}}, {"service": {"name": "Curative Services"}, "facility": {"code": 18171}}, {"service": {"name": "PMTCT - Maternity"}, "facility": {"code": 18171}}, {"service": {"name": "PMTCT - ANC"}, "facility": {"code": 18171}}, {"service": {"name": "Early Infant Diagnosis"}, "facility": {"code": 18171}}, {"service": {"name": "Diagnostic Counselling and Testing"}, "facility": {"code": 18171}}, {"service": {"name": "Provider Initiated Counselling and Testing"}, "facility": {"code": 18171}}, {"service": {"name": "Voluntary Counselling and Testing"}, "facility": {"code": 18171}}, {"service": {"name": "Management of STIs"}, "facility": {"code": 18171}}, {"service": {"name": "Condom Promotion and Distribution"}, "facility": {"code": 18171}}, {"service": {"name": "Integrated Management of Childhood Illnesses"}, "facility": {"code": 18170}}, {"service": {"name": "Curative Services"}, "facility": {"code": 18170}}, {"service": {"name": "Basic Immunization"}, "facility": {"code": 18170}}, {"service": {"name": "Focused Antenatal Care"}, "facility": {"code": 18170}}, {"service": {"name": "PMTCT - ANC"}, "facility": {"code": 18170}}, {"service": {"name": "Diagnostic Counselling and Testing"}, "facility": {"code": 18170}}, {"service": {"name": "Provider Initiated Counselling and Testing"}, "facility": {"code": 18170}}, {"service": {"name": "PMTCT - ANC"}, "facility": {"code": 10304}}, {"service": {"name": "Management of STIs"}, "facility": {"code": 10304}}, {"service": {"name": "Voluntary Counselling and Testing"}, "facility": {"code": 10304}}, {"service": {"name": "Condom Promotion and Distribution"}, "facility": {"code": 10304}}, {"service": {"name": "Nutrition Services"}, "facility": {"code": 10304}}, {"service": {"name": "Smear Microscopy"}, "facility": {"code": 10304}}, {"service": {"name": "Curative Services"}, "facility": {"code": 10304}}, {"service": {"name": "Basic Immunization"}, "facility": {"code": 10304}}, {"service": {"name": "Focused Antenatal Care"}, "facility": {"code": 10304}}, {"service": {"name": "Short Term FP"}, "facility": {"code": 10304}}, {"service": {"name": "Focused Antenatal Care"}, "facility": {"code": 17060}}, {"service": {"name": "Condom Promotion and Distribution"}, "facility": {"code": 17060}}, {"service": {"name": "Curative Services"}, "facility": {"code": 17060}}, {"service": {"name": "Curative Services"}, "facility": {"code": 17904}}, {"service": {"name": "Condom Promotion and Distribution"}, "facility": {"code": 17904}}, {"service": {"name": "Specialized ANC"}, "facility": {"code": 10162}}, {"service": {"name": "Focused Antenatal Care"}, "facility": {"code": 10162}}, {"service": {"name": "Long Term FP"}, "facility": {"code": 10162}}, {"service": {"name": "Short Term FP"}, "facility": {"code": 10162}}, {"service": {"name": "Post Exposure Prophylaxis"}, "facility": {"code": 10162}}, {"service": {"name": "PMTCT - Maternity"}, "facility": {"code": 10162}}, {"service": {"name": "PMTCT - ANC"}, "facility": {"code": 10162}}, {"service": {"name": "Diagnostic Counselling and Testing"}, "facility": {"code": 10162}}, {"service": {"name": "Voluntary Counselling and Testing"}, "facility": {"code": 10162}}, {"service": {"name": "Condom Promotion and Distribution"}, "facility": {"code": 10162}}, {"service": {"name": "Basic Immunization"}, "facility": {"code": 10162}}, {"service": {"name": "Emergency Preparedness"}, "facility": {"code": 10162}}, {"service": {"name": "Emergency Obstetric Care"}, "facility": {"code": 10162}}, {"service": {"name": "Services for Sexual Violence Survivors"}, "facility": {"code": 10162}}, {"service": {"name": "Curative Services"}, "facility": {"code": 18152}}, {"service": {"name": "Laboratory Services"}, "facility": {"code": 10162}}, {"service": {"name": "Short Term FP"}, "facility": {"code": 18152}}, {"service": {"name": "Surgical Services"}, "facility": {"code": 10162}}, {"service": {"name": "Maternity Services"}, "facility": {"code": 10162}}, {"service": {"name": "PMTCT - ANC"}, "facility": {"code": 18152}}, {"service": {"name": "Curative Services"}, "facility": {"code": 10162}}, {"service": {"name": "Diagnostic Counselling and Testing"}, "facility": {"code": 18152}}, {"service": {"name": "Provider Initiated Counselling and Testing"}, "facility": {"code": 18152}}, {"service": {"name": "Condom Promotion and Distribution"}, "facility": {"code": 18152}}, {"service": {"name": "Basic Immunization"}, "facility": {"code": 17844}}, {"service": {"name": "Short Term FP"}, "facility": {"code": 17844}}, {"service": {"name": "Laboratory Services"}, "facility": {"code": 18169}}, {"service": {"name": "Surgical Services"}, "facility": {"code": 18169}}, {"service": {"name": "Maternity Services"}, "facility": {"code": 18169}}, {"service": {"name": "Curative Services"}, "facility": {"code": 18169}}, {"service": {"name": "Basic Immunization"}, "facility": {"code": 18169}}, {"service": {"name": "Focused Antenatal Care"}, "facility": {"code": 18169}}, {"service": {"name": "Integrated Services"}, "facility": {"code": 18169}}, {"service": {"name": "Long Term FP"}, "facility": {"code": 18169}}, {"service": {"name": "Short Term FP"}, "facility": {"code": 18169}}, {"service": {"name": "Post Exposure Prophylaxis"}, "facility": {"code": 18169}}, {"service": {"name": "PMTCT - Maternity"}, "facility": {"code": 18169}}, {"service": {"name": "PMTCT - ANC"}, "facility": {"code": 18169}}, {"service": {"name": "Early Infant Diagnosis"}, "facility": {"code": 18169}}, {"service": {"name": "Provider Initiated Counselling and Testing"}, "facility": {"code": 18169}}, {"service": {"name": "Management of STIs"}, "facility": {"code": 18169}}, {"service": {"name": "Condom Promotion and Distribution"}, "facility": {"code": 18169}}, {"service": {"name": "Curative Services"}, "facility": {"code": 17844}}, {"service": {"name": "Provider Initiated Counselling and Testing"}, "facility": {"code": 18156}}, {"service": {"name": "Short Term FP"}, "facility": {"code": 18156}}, {"service": {"name": "Focused Antenatal Care"}, "facility": {"code": 18156}}, {"service": {"name": "Management of STIs"}, "facility": {"code": 18156}}, {"service": {"name": "Condom Promotion and Distribution"}, "facility": {"code": 18156}}, {"service": {"name": "Curative Services"}, "facility": {"code": 18156}}, {"service": {"name": "Basic Immunization"}, "facility": {"code": 18156}}, {"service": {"name": "Curative Services"}, "facility": {"code": 17903}}, {"service": {"name": "Curative Services"}, "facility": {"code": 10306}}, {"service": {"name": "Short Term FP"}, "facility": {"code": 10306}}, {"service": {"name": "Management of STIs"}, "facility": {"code": 17844}}, {"service": {"name": "Short Term FP"}, "facility": {"code": 10886}}, {"service": {"name": "Curative Services"}, "facility": {"code": 10886}}, {"service": {"name": "Laboratory Services"}, "facility": {"code": 10078}}, {"service": {"name": "Curative Services"}, "facility": {"code": 10078}}, {"service": {"name": "Short Term FP"}, "facility": {"code": 10078}}, {"service": {"name": "Diagnostic Counselling and Testing"}, "facility": {"code": 10078}}, {"service": {"name": "Voluntary Counselling and Testing"}, "facility": {"code": 10078}}, {"service": {"name": "Condom Promotion and Distribution"}, "facility": {"code": 10078}}, {"service": {"name": "Emergency Preparedness"}, "facility": {"code": 10308}}, {"service": {"name": "Emergency Obstetric Care"}, "facility": {"code": 10308}}, {"service": {"name": "Services for Sexual Violence Survivors"}, "facility": {"code": 10308}}, {"service": {"name": "Integrated Management of Childhood Illnesses"}, "facility": {"code": 10308}}, {"service": {"name": "Ambulance Sevices"}, "facility": {"code": 10308}}, {"service": {"name": "Laboratory Services"}, "facility": {"code": 10308}}, {"service": {"name": "Radiology Services"}, "facility": {"code": 10308}}, {"service": {"name": "Surgical Services"}, "facility": {"code": 10308}}, {"service": {"name": "Maternity Services"}, "facility": {"code": 10308}}, {"service": {"name": "Curative Services"}, "facility": {"code": 10308}}, {"service": {"name": "Basic Immunization"}, "facility": {"code": 10308}}, {"service": {"name": "Focused Antenatal Care"}, "facility": {"code": 10308}}, {"service": {"name": "Short Term FP"}, "facility": {"code": 10308}}, {"service": {"name": "Post Exposure Prophylaxis"}, "facility": {"code": 10308}}, {"service": {"name": "Provider Initiated Counselling and Testing"}, "facility": {"code": 10308}}, {"service": {"name": "PMTCT - Maternity"}, "facility": {"code": 10308}}, {"service": {"name": "Voluntary Counselling and Testing"}, "facility": {"code": 10308}}, {"service": {"name": "Condom Promotion and Distribution"}, "facility": {"code": 10308}}, {"service": {"name": "Diagnostic Counselling and Testing"}, "facility": {"code": 16216}}, {"service": {"name": "Provider Initiated Counselling and Testing"}, "facility": {"code": 16216}}, {"service": {"name": "Voluntary Counselling and Testing"}, "facility": {"code": 16216}}, {"service": {"name": "Condom Promotion and Distribution"}, "facility": {"code": 16216}}, {"service": {"name": "Condom Promotion and Distribution"}, "facility": {"code": 18168}}, {"service": {"name": "Voluntary Counselling and Testing"}, "facility": {"code": 18167}}, {"service": {"name": "Condom Promotion and Distribution"}, "facility": {"code": 18167}}, {"service": {"name": "Home Based Care"}, "facility": {"code": 12004}}, {"service": {"name": "Emergency Preparedness"}, "facility": {"code": 18166}}, {"service": {"name": "Emergency Obstetric Care"}, "facility": {"code": 18166}}, {"service": {"name": "Environmental Health Services"}, "facility": {"code": 18166}}, {"service": {"name": "Services for Sexual Violence Survivors"}, "facility": {"code": 18166}}, {"service": {"name": "Nutrition Services"}, "facility": {"code": 18166}}, {"service": {"name": "Integrated Management of Childhood Illnesses"}, "facility": {"code": 18166}}, {"service": {"name": "Maternity Services"}, "facility": {"code": 18166}}, {"service": {"name": "Curative Services"}, "facility": {"code": 18166}}, {"service": {"name": "Services for Female Genital Mutilation (FGM) Survivors"}, "facility": {"code": 18166}}, {"service": {"name": "Basic Immunization"}, "facility": {"code": 18166}}, {"service": {"name": "Specialized ANC"}, "facility": {"code": 18166}}, {"service": {"name": "Focused Antenatal Care"}, "facility": {"code": 18166}}, {"service": {"name": "Long Term FP"}, "facility": {"code": 18166}}, {"service": {"name": "Short Term FP"}, "facility": {"code": 18166}}, {"service": {"name": "Post Exposure Prophylaxis"}, "facility": {"code": 18166}}, {"service": {"name": "Voluntary Male Circumcision"}, "facility": {"code": 18166}}, {"service": {"name": "PMTCT - Maternity"}, "facility": {"code": 18166}}, {"service": {"name": "PMTCT - ANC"}, "facility": {"code": 18166}}, {"service": {"name": "Provider Initiated Counselling and Testing"}, "facility": {"code": 18166}}, {"service": {"name": "Voluntary Counselling and Testing"}, "facility": {"code": 18166}}, {"service": {"name": "Management of STIs"}, "facility": {"code": 18166}}, {"service": {"name": "Condom Promotion and Distribution"}, "facility": {"code": 18166}}, {"service": {"name": "Short Term FP"}, "facility": {"code": 18165}}, {"service": {"name": "Stand Alone Services"}, "facility": {"code": 18163}}, {"service": {"name": "Short Term FP"}, "facility": {"code": 18163}}, {"service": {"name": "Voluntary Counselling and Testing"}, "facility": {"code": 18163}}, {"service": {"name": "Management of STIs"}, "facility": {"code": 18163}}, {"service": {"name": "Condom Promotion and Distribution"}, "facility": {"code": 18163}}, {"service": {"name": "Emergency Preparedness"}, "facility": {"code": 12056}}, {"service": {"name": "Provider Initiated Counselling and Testing"}, "facility": {"code": 12056}}, {"service": {"name": "Oral Health Services (Dental Services)"}, "facility": {"code": 12056}}, {"service": {"name": "Laboratory Services"}, "facility": {"code": 12056}}, {"service": {"name": "Curative Services"}, "facility": {"code": 12056}}, {"service": {"name": "Smear Microscopy"}, "facility": {"code": 12056}}, {"service": {"name": "Short Term FP"}, "facility": {"code": 12056}}, {"service": {"name": "Management of STIs"}, "facility": {"code": 12056}}, {"service": {"name": "Condom Promotion and Distribution"}, "facility": {"code": 12056}}, {"service": {"name": "Voluntary Counselling and Testing"}, "facility": {"code": 13262}}, {"service": {"name": "Condom Promotion and Distribution"}, "facility": {"code": 13262}}, {"service": {"name": "Curative Services"}, "facility": {"code": 16232}}, {"service": {"name": "Emergency Preparedness"}, "facility": {"code": 18161}}, {"service": {"name": "Emergency Obstetric Care"}, "facility": {"code": 18161}}, {"service": {"name": "Nutrition Services"}, "facility": {"code": 18161}}, {"service": {"name": "Maternity Services"}, "facility": {"code": 18161}}, {"service": {"name": "Curative Services"}, "facility": {"code": 18161}}, {"service": {"name": "Basic Immunization"}, "facility": {"code": 18161}}, {"service": {"name": "Focused Antenatal Care"}, "facility": {"code": 18161}}, {"service": {"name": "Short Term FP"}, "facility": {"code": 18161}}, {"service": {"name": "PMTCT - Maternity"}, "facility": {"code": 18161}}, {"service": {"name": "Provider Initiated Counselling and Testing"}, "facility": {"code": 18161}}, {"service": {"name": "Management of STIs"}, "facility": {"code": 18161}}, {"service": {"name": "Condom Promotion and Distribution"}, "facility": {"code": 18161}}, {"service": {"name": "Emergency Preparedness"}, "facility": {"code": 16093}}, {"service": {"name": "Emergency Obstetric Care"}, "facility": {"code": 16093}}, {"service": {"name": "Maternity Services"}, "facility": {"code": 16093}}, {"service": {"name": "Curative Services"}, "facility": {"code": 16093}}, {"service": {"name": "Basic Immunization"}, "facility": {"code": 16093}}, {"service": {"name": "Focused Antenatal Care"}, "facility": {"code": 16093}}, {"service": {"name": "Short Term FP"}, "facility": {"code": 16093}}, {"service": {"name": "PMTCT - Maternity"}, "facility": {"code": 16093}}, {"service": {"name": "PMTCT - ANC"}, "facility": {"code": 16093}}, {"service": {"name": "Provider Initiated Counselling and Testing"}, "facility": {"code": 16093}}, {"service": {"name": "Management of STIs"}, "facility": {"code": 16093}}, {"service": {"name": "Condom Promotion and Distribution"}, "facility": {"code": 16093}}, {"service": {"name": "Environmental Health Services"}, "facility": {"code": 16031}}, {"service": {"name": "Laboratory Services"}, "facility": {"code": 16031}}, {"service": {"name": "Management of STIs"}, "facility": {"code": 16031}}, {"service": {"name": "Emergency Preparedness"}, "facility": {"code": 16139}}, {"service": {"name": "Emergency Obstetric Care"}, "facility": {"code": 16139}}, {"service": {"name": "Nutrition Services"}, "facility": {"code": 16139}}, {"service": {"name": "Maternity Services"}, "facility": {"code": 16139}}, {"service": {"name": "Curative Services"}, "facility": {"code": 16139}}, {"service": {"name": "Basic Immunization"}, "facility": {"code": 16139}}, {"service": {"name": "Focused Antenatal Care"}, "facility": {"code": 16139}}, {"service": {"name": "PMTCT - Maternity"}, "facility": {"code": 16139}}, {"service": {"name": "PMTCT - ANC"}, "facility": {"code": 16139}}, {"service": {"name": "Early Infant Diagnosis"}, "facility": {"code": 16139}}, {"service": {"name": "Diagnostic Counselling and Testing"}, "facility": {"code": 16139}}, {"service": {"name": "Provider Initiated Counselling and Testing"}, "facility": {"code": 16139}}, {"service": {"name": "Management of STIs"}, "facility": {"code": 16139}}, {"service": {"name": "Emergency Preparedness"}, "facility": {"code": 16046}}, {"service": {"name": "Emergency Obstetric Care"}, "facility": {"code": 16046}}, {"service": {"name": "Environmental Health Services"}, "facility": {"code": 16046}}, {"service": {"name": "Nutrition Services"}, "facility": {"code": 16046}}, {"service": {"name": "Integrated Management of Childhood Illnesses"}, "facility": {"code": 16046}}, {"service": {"name": "Maternity Services"}, "facility": {"code": 16046}}, {"service": {"name": "Curative Services"}, "facility": {"code": 16046}}, {"service": {"name": "Basic Immunization"}, "facility": {"code": 16046}}, {"service": {"name": "Focused Antenatal Care"}, "facility": {"code": 16046}}, {"service": {"name": "Short Term FP"}, "facility": {"code": 16046}}, {"service": {"name": "PMTCT - ANC"}, "facility": {"code": 16046}}, {"service": {"name": "Diagnostic Counselling and Testing"}, "facility": {"code": 16046}}, {"service": {"name": "Provider Initiated Counselling and Testing"}, "facility": {"code": 16046}}, {"service": {"name": "Management of STIs"}, "facility": {"code": 16046}}, {"service": {"name": "Condom Promotion and Distribution"}, "facility": {"code": 16046}}, {"service": {"name": "Mental Health Services"}, "facility": {"code": 18160}}, {"service": {"name": "Curative Services"}, "facility": {"code": 18160}}, {"service": {"name": "Focused Antenatal Care"}, "facility": {"code": 18160}}, {"service": {"name": "Short Term FP"}, "facility": {"code": 18160}}, {"service": {"name": "Voluntary Male Circumcision"}, "facility": {"code": 18160}}, {"service": {"name": "Management of STIs"}, "facility": {"code": 18160}}, {"service": {"name": "Condom Promotion and Distribution"}, "facility": {"code": 18160}}, {"service": {"name": "Mental Health Services"}, "facility": {"code": 18159}}, {"service": {"name": "Laboratory Services"}, "facility": {"code": 18159}}, {"service": {"name": "Maternity Services"}, "facility": {"code": 18159}}, {"service": {"name": "Curative Services"}, "facility": {"code": 18159}}, {"service": {"name": "Focused Antenatal Care"}, "facility": {"code": 18159}}, {"service": {"name": "Short Term FP"}, "facility": {"code": 18159}}, {"service": {"name": "Voluntary Male Circumcision"}, "facility": {"code": 18159}}, {"service": {"name": "Management of STIs"}, "facility": {"code": 18159}}, {"service": {"name": "Curative Services"}, "facility": {"code": 18158}}, {"service": {"name": "Voluntary Male Circumcision"}, "facility": {"code": 18158}}, {"service": {"name": "Management of STIs"}, "facility": {"code": 18158}}, {"service": {"name": "Oral Health Services (Dental Services)"}, "facility": {"code": 14156}}, {"service": {"name": "Emergency Obstetric Care"}, "facility": {"code": 14156}}, {"service": {"name": "Nutrition Services"}, "facility": {"code": 14156}}, {"service": {"name": "Integrated Management of Childhood Illnesses"}, "facility": {"code": 14156}}, {"service": {"name": "Ambulance Sevices"}, "facility": {"code": 14156}}, {"service": {"name": "Laboratory Services"}, "facility": {"code": 14156}}, {"service": {"name": "Maternity Services"}, "facility": {"code": 14156}}, {"service": {"name": "Curative Services"}, "facility": {"code": 14156}}, {"service": {"name": "First Line Treatment"}, "facility": {"code": 14156}}, {"service": {"name": "Tuberculosis Culture"}, "facility": {"code": 14156}}, {"service": {"name": "Smear Microscopy"}, "facility": {"code": 14156}}, {"service": {"name": "Basic Immunization"}, "facility": {"code": 14156}}, {"service": {"name": "Short Term FP"}, "facility": {"code": 14156}}, {"service": {"name": "Home Based Care"}, "facility": {"code": 14156}}, {"service": {"name": "Adult Antiretroviral Therapy"}, "facility": {"code": 14156}}, {"service": {"name": "Paediatric Antiretroviral Therapy"}, "facility": {"code": 14156}}, {"service": {"name": "Post Exposure Prophylaxis"}, "facility": {"code": 14156}}, {"service": {"name": "Voluntary Male Circumcision"}, "facility": {"code": 14156}}, {"service": {"name": "PMTCT - Maternity"}, "facility": {"code": 14156}}, {"service": {"name": "PMTCT - ANC"}, "facility": {"code": 14156}}, {"service": {"name": "Early Infant Diagnosis"}, "facility": {"code": 14156}}, {"service": {"name": "Diagnostic Counselling and Testing"}, "facility": {"code": 14156}}, {"service": {"name": "Provider Initiated Counselling and Testing"}, "facility": {"code": 14156}}, {"service": {"name": "Voluntary Counselling and Testing"}, "facility": {"code": 14156}}, {"service": {"name": "Management of STIs"}, "facility": {"code": 14156}}, {"service": {"name": "Condom Promotion and Distribution"}, "facility": {"code": 14156}}], "unique_fields": ["facility", "service"], "model": "facilities.FacilityService"}]