[{"records": [{"service": {"name": "Curative Services"}, "facility": {"code": 18087}}, {"service": {"name": "Basic Immunization"}, "facility": {"code": 18087}}, {"service": {"name": "Focused Antenatal Care"}, "facility": {"code": 18087}}, {"service": {"name": "Integrated Services"}, "facility": {"code": 18087}}, {"service": {"name": "Short Term FP"}, "facility": {"code": 18087}}, {"service": {"name": "Post Exposure Prophylaxis"}, "facility": {"code": 18087}}, {"service": {"name": "PMTCT - ANC"}, "facility": {"code": 18087}}, {"service": {"name": "Provider Initiated Counselling and Testing"}, "facility": {"code": 18087}}, {"service": {"name": "Voluntary Counselling and Testing"}, "facility": {"code": 18087}}, {"service": {"name": "Management of STIs"}, "facility": {"code": 18087}}, {"service": {"name": "Condom Promotion and Distribution"}, "facility": {"code": 18087}}, {"service": {"name": "Nutrition Services"}, "facility": {"code": 14046}}, {"service": {"name": "Integrated Management of Childhood Illnesses"}, "facility": {"code": 14046}}, {"service": {"name": "PMTCT - Maternity"}, "facility": {"code": 14046}}, {"service": {"name": "Long Term FP"}, "facility": {"code": 14046}}, {"service": {"name": "Long Term FP"}, "facility": {"code": 14040}}, {"service": {"name": "Basic Immunization"}, "facility": {"code": 13990}}, {"service": {"name": "Voluntary Male Circumcision"}, "facility": {"code": 13990}}, {"service": {"name": "Nutrition Services"}, "facility": {"code": 13770}}, {"service": {"name": "Long Term FP"}, "facility": {"code": 13770}}, {"service": {"name": "Short Term FP"}, "facility": {"code": 13669}}, {"service": {"name": "PMTCT - ANC"}, "facility": {"code": 13669}}, {"service": {"name": "Provider Initiated Counselling and Testing"}, "facility": {"code": 13669}}, {"service": {"name": "Environmental Health Services"}, "facility": {"code": 13714}}, {"service": {"name": "Rehabilitative Health Services - Physiotherapy"}, "facility": {"code": 13714}}, {"service": {"name": "Services for Sexual Violence Survivors"}, "facility": {"code": 13714}}, {"service": {"name": "Nutrition Services"}, "facility": {"code": 13714}}, {"service": {"name": "Integrated Management of Childhood Illnesses"}, "facility": {"code": 13714}}, {"service": {"name": "Ambulance Sevices"}, "facility": {"code": 13714}}, {"service": {"name": "Laboratory Services"}, "facility": {"code": 13714}}, {"service": {"name": "Radiology Services"}, "facility": {"code": 13714}}, {"service": {"name": "Maternity Services"}, "facility": {"code": 13714}}, {"service": {"name": "Curative Services"}, "facility": {"code": 13714}}, {"service": {"name": "Services for Female Genital Mutilation (FGM) Survivors"}, "facility": {"code": 13714}}, {"service": {"name": "Rehabilitative Health Services - Occupational Health"}, "facility": {"code": 13714}}, {"service": {"name": "Immunization with additional vaccines"}, "facility": {"code": 13714}}, {"service": {"name": "Curative Services"}, "facility": {"code": 18086}}, {"service": {"name": "Focused Antenatal Care"}, "facility": {"code": 18086}}, {"service": {"name": "Diagnostic Counselling and Testing"}, "facility": {"code": 18086}}, {"service": {"name": "Provider Initiated Counselling and Testing"}, "facility": {"code": 18086}}, {"service": {"name": "Condom Promotion and Distribution"}, "facility": {"code": 18086}}, {"service": {"name": "Maternity Services"}, "facility": {"code": 17111}}, {"service": {"name": "PMTCT - ANC"}, "facility": {"code": 17111}}, {"service": {"name": "Emergency Obstetric Care"}, "facility": {"code": 14096}}, {"service": {"name": "Nutrition Services"}, "facility": {"code": 14096}}, {"service": {"name": "Maternity Services"}, "facility": {"code": 14096}}, {"service": {"name": "Immunization with additional vaccines"}, "facility": {"code": 14096}}, {"service": {"name": "Focused Antenatal Care"}, "facility": {"code": 14096}}, {"service": {"name": "Paediatric Antiretroviral Therapy"}, "facility": {"code": 14096}}, {"service": {"name": "Diagnostic Counselling and Testing"}, "facility": {"code": 14096}}, {"service": {"name": "Voluntary Counselling and Testing"}, "facility": {"code": 14096}}, {"service": {"name": "PMTCT - ANC"}, "facility": {"code": 14096}}, {"service": {"name": "Nutrition Services"}, "facility": {"code": 13506}}, {"service": {"name": "Maternity Services"}, "facility": {"code": 13506}}, {"service": {"name": "Immunization with additional vaccines"}, "facility": {"code": 13506}}, {"service": {"name": "Maternity Services"}, "facility": {"code": 16870}}, {"service": {"name": "Basic Immunization"}, "facility": {"code": 16870}}, {"service": {"name": "Short Term FP"}, "facility": {"code": 16870}}, {"service": {"name": "PMTCT - ANC"}, "facility": {"code": 16870}}, {"service": {"name": "Provider Initiated Counselling and Testing"}, "facility": {"code": 16870}}, {"service": {"name": "Voluntary Counselling and Testing"}, "facility": {"code": 16870}}, {"service": {"name": "Emergency Obstetric Care"}, "facility": {"code": 13955}}, {"service": {"name": "Laboratory Services"}, "facility": {"code": 13955}}, {"service": {"name": "Nutrition Services"}, "facility": {"code": 13955}}, {"service": {"name": "Immunization with additional vaccines"}, "facility": {"code": 13955}}, {"service": {"name": "First Line Treatment"}, "facility": {"code": 13955}}, {"service": {"name": "Adult Antiretroviral Therapy"}, "facility": {"code": 13955}}, {"service": {"name": "Voluntary Male Circumcision"}, "facility": {"code": 13955}}, {"service": {"name": "PMTCT - Maternity"}, "facility": {"code": 13955}}, {"service": {"name": "PMTCT - ANC"}, "facility": {"code": 13955}}, {"service": {"name": "Diagnostic Counselling and Testing"}, "facility": {"code": 13955}}, {"service": {"name": "Emergency Preparedness"}, "facility": {"code": 18085}}, {"service": {"name": "Emergency Obstetric Care"}, "facility": {"code": 18085}}, {"service": {"name": "Nutrition Services"}, "facility": {"code": 18085}}, {"service": {"name": "Laboratory Services"}, "facility": {"code": 18085}}, {"service": {"name": "Curative Services"}, "facility": {"code": 18085}}, {"service": {"name": "Short Term FP"}, "facility": {"code": 18085}}, {"service": {"name": "Voluntary Counselling and Testing"}, "facility": {"code": 18085}}, {"service": {"name": "Management of STIs"}, "facility": {"code": 18085}}, {"service": {"name": "Condom Promotion and Distribution"}, "facility": {"code": 18085}}, {"service": {"name": "Emergency Preparedness"}, "facility": {"code": 18084}}, {"service": {"name": "Emergency Obstetric Care"}, "facility": {"code": 18084}}, {"service": {"name": "Services for Sexual Violence Survivors"}, "facility": {"code": 18084}}, {"service": {"name": "Nutrition Services"}, "facility": {"code": 18084}}, {"service": {"name": "Laboratory Services"}, "facility": {"code": 18084}}, {"service": {"name": "Surgical Services"}, "facility": {"code": 18084}}, {"service": {"name": "Maternity Services"}, "facility": {"code": 18084}}, {"service": {"name": "Curative Services"}, "facility": {"code": 18084}}, {"service": {"name": "First Line Treatment"}, "facility": {"code": 18084}}, {"service": {"name": "Tuberculosis Culture"}, "facility": {"code": 18084}}, {"service": {"name": "Smear Microscopy"}, "facility": {"code": 18084}}, {"service": {"name": "Basic Immunization"}, "facility": {"code": 18084}}, {"service": {"name": "Specialized ANC"}, "facility": {"code": 18084}}, {"service": {"name": "Focused Antenatal Care"}, "facility": {"code": 18084}}, {"service": {"name": "Permanent FP"}, "facility": {"code": 18084}}, {"service": {"name": "Long Term FP"}, "facility": {"code": 18084}}, {"service": {"name": "Short Term FP"}, "facility": {"code": 18084}}, {"service": {"name": "Post Exposure Prophylaxis"}, "facility": {"code": 18084}}, {"service": {"name": "PMTCT - Maternity"}, "facility": {"code": 18084}}, {"service": {"name": "PMTCT - ANC"}, "facility": {"code": 18084}}, {"service": {"name": "Diagnostic Counselling and Testing"}, "facility": {"code": 18084}}, {"service": {"name": "Provider Initiated Counselling and Testing"}, "facility": {"code": 18084}}, {"service": {"name": "Voluntary Counselling and Testing"}, "facility": {"code": 18084}}, {"service": {"name": "Management of STIs"}, "facility": {"code": 18084}}, {"service": {"name": "Condom Promotion and Distribution"}, "facility": {"code": 18084}}, {"service": {"name": "Long Term FP"}, "facility": {"code": 14125}}, {"service": {"name": "Emergency Obstetric Care"}, "facility": {"code": 14021}}, {"service": {"name": "Mortuary Services"}, "facility": {"code": 14021}}, {"service": {"name": "Laboratory Services"}, "facility": {"code": 14021}}, {"service": {"name": "Maternity Services"}, "facility": {"code": 14021}}, {"service": {"name": "Curative Services"}, "facility": {"code": 14021}}, {"service": {"name": "Basic Immunization"}, "facility": {"code": 14021}}, {"service": {"name": "Specialized ANC"}, "facility": {"code": 14021}}, {"service": {"name": "Long Term FP"}, "facility": {"code": 14021}}, {"service": {"name": "Short Term FP"}, "facility": {"code": 14021}}, {"service": {"name": "Diagnostic Counselling and Testing"}, "facility": {"code": 14021}}, {"service": {"name": "Provider Initiated Counselling and Testing"}, "facility": {"code": 14021}}, {"service": {"name": "Management of STIs"}, "facility": {"code": 14021}}, {"service": {"name": "Condom Promotion and Distribution"}, "facility": {"code": 14021}}, {"service": {"name": "Nutrition Services"}, "facility": {"code": 14141}}, {"service": {"name": "Integrated Management of Childhood Illnesses"}, "facility": {"code": 14141}}, {"service": {"name": "Laboratory Services"}, "facility": {"code": 14141}}, {"service": {"name": "Maternity Services"}, "facility": {"code": 14141}}, {"service": {"name": "Curative Services"}, "facility": {"code": 14141}}, {"service": {"name": "Tuberculosis Culture"}, "facility": {"code": 14141}}, {"service": {"name": "Smear Microscopy"}, "facility": {"code": 14141}}, {"service": {"name": "Immunization with additional vaccines"}, "facility": {"code": 14141}}, {"service": {"name": "Focused Antenatal Care"}, "facility": {"code": 14141}}, {"service": {"name": "Basic Immunization"}, "facility": {"code": 14141}}, {"service": {"name": "Integrated Services"}, "facility": {"code": 14141}}, {"service": {"name": "Short Term FP"}, "facility": {"code": 14141}}, {"service": {"name": "Post Exposure Prophylaxis"}, "facility": {"code": 14141}}, {"service": {"name": "Early Infant Diagnosis"}, "facility": {"code": 14141}}, {"service": {"name": "Diagnostic Counselling and Testing"}, "facility": {"code": 14141}}, {"service": {"name": "Nutrition Services"}, "facility": {"code": 14128}}, {"service": {"name": "Emergency Obstetric Care"}, "facility": {"code": 14128}}, {"service": {"name": "Focused Antenatal Care"}, "facility": {"code": 14128}}, {"service": {"name": "Tuberculosis Culture"}, "facility": {"code": 14128}}, {"service": {"name": "Smear Microscopy"}, "facility": {"code": 14128}}, {"service": {"name": "First Line Treatment"}, "facility": {"code": 14128}}, {"service": {"name": "Mortuary Services"}, "facility": {"code": 14128}}, {"service": {"name": "Integrated Services"}, "facility": {"code": 14128}}, {"service": {"name": "Diagnostic Counselling and Testing"}, "facility": {"code": 14128}}, {"service": {"name": "Voluntary Counselling and Testing"}, "facility": {"code": 14128}}, {"service": {"name": "Curative Services"}, "facility": {"code": 17887}}, {"service": {"name": "Emergency Obstetric Care"}, "facility": {"code": 13976}}, {"service": {"name": "Maternity Services"}, "facility": {"code": 13976}}, {"service": {"name": "Nutrition Services"}, "facility": {"code": 13976}}, {"service": {"name": "Home Based Care"}, "facility": {"code": 13976}}, {"service": {"name": "First Line Treatment"}, "facility": {"code": 13976}}, {"service": {"name": "Integrated Services"}, "facility": {"code": 13976}}, {"service": {"name": "Laboratory Services"}, "facility": {"code": 13046}}, {"service": {"name": "Curative Services"}, "facility": {"code": 13046}}, {"service": {"name": "Provider Initiated Counselling and Testing"}, "facility": {"code": 13046}}, {"service": {"name": "Voluntary Counselling and Testing"}, "facility": {"code": 13046}}, {"service": {"name": "Condom Promotion and Distribution"}, "facility": {"code": 13046}}, {"service": {"name": "Emergency Obstetric Care"}, "facility": {"code": 13968}}, {"service": {"name": "Emergency Obstetric Care"}, "facility": {"code": 15301}}, {"service": {"name": "Emergency Preparedness"}, "facility": {"code": 15301}}, {"service": {"name": "Environmental Health Services"}, "facility": {"code": 15301}}, {"service": {"name": "Nutrition Services"}, "facility": {"code": 15301}}, {"service": {"name": "Integrated Management of Childhood Illnesses"}, "facility": {"code": 15301}}, {"service": {"name": "Nutrition Services"}, "facility": {"code": 13968}}, {"service": {"name": "Maternity Services"}, "facility": {"code": 15301}}, {"service": {"name": "Curative Services"}, "facility": {"code": 15301}}, {"service": {"name": "Laboratory Services"}, "facility": {"code": 13968}}, {"service": {"name": "Maternity Services"}, "facility": {"code": 13968}}, {"service": {"name": "Basic Immunization"}, "facility": {"code": 15301}}, {"service": {"name": "Focused Antenatal Care"}, "facility": {"code": 15301}}, {"service": {"name": "Integrated Services"}, "facility": {"code": 13968}}, {"service": {"name": "Short Term FP"}, "facility": {"code": 15301}}, {"service": {"name": "PMTCT - ANC"}, "facility": {"code": 15301}}, {"service": {"name": "Management of STIs"}, "facility": {"code": 15301}}, {"service": {"name": "Provider Initiated Counselling and Testing"}, "facility": {"code": 15301}}, {"service": {"name": "Curative Services"}, "facility": {"code": 13037}}, {"service": {"name": "Basic Immunization"}, "facility": {"code": 13037}}, {"service": {"name": "Provider Initiated Counselling and Testing"}, "facility": {"code": 13037}}, {"service": {"name": "Voluntary Counselling and Testing"}, "facility": {"code": 13037}}, {"service": {"name": "Condom Promotion and Distribution"}, "facility": {"code": 13037}}, {"service": {"name": "Integrated Services"}, "facility": {"code": 13965}}, {"service": {"name": "Early Infant Diagnosis"}, "facility": {"code": 13965}}, {"service": {"name": "Voluntary Male Circumcision"}, "facility": {"code": 17885}}, {"service": {"name": "First Line Treatment"}, "facility": {"code": 13884}}, {"service": {"name": "Focused Antenatal Care"}, "facility": {"code": 13884}}, {"service": {"name": "Integrated Services"}, "facility": {"code": 13884}}, {"service": {"name": "Adult Antiretroviral Therapy"}, "facility": {"code": 13884}}, {"service": {"name": "Paediatric Antiretroviral Therapy"}, "facility": {"code": 13884}}, {"service": {"name": "Provider Initiated Counselling and Testing"}, "facility": {"code": 13884}}, {"service": {"name": "Provider Initiated Counselling and Testing"}, "facility": {"code": 15662}}, {"service": {"name": "Maternity Services"}, "facility": {"code": 13884}}, {"service": {"name": "Nutrition Services"}, "facility": {"code": 13884}}, {"service": {"name": "Emergency Obstetric Care"}, "facility": {"code": 13928}}, {"service": {"name": "Nutrition Services"}, "facility": {"code": 13928}}, {"service": {"name": "Maternity Services"}, "facility": {"code": 13928}}, {"service": {"name": "Smear Microscopy"}, "facility": {"code": 13928}}, {"service": {"name": "First Line Treatment"}, "facility": {"code": 13928}}, {"service": {"name": "Basic Immunization"}, "facility": {"code": 13928}}, {"service": {"name": "Integrated Services"}, "facility": {"code": 13928}}, {"service": {"name": "Diagnostic Counselling and Testing"}, "facility": {"code": 13928}}, {"service": {"name": "Laboratory Services"}, "facility": {"code": 13832}}, {"service": {"name": "Maternity Services"}, "facility": {"code": 13832}}, {"service": {"name": "Basic Immunization"}, "facility": {"code": 13832}}, {"service": {"name": "Focused Antenatal Care"}, "facility": {"code": 13832}}, {"service": {"name": "Paediatric Antiretroviral Therapy"}, "facility": {"code": 13832}}, {"service": {"name": "PMTCT - Maternity"}, "facility": {"code": 13832}}, {"service": {"name": "Curative Services"}, "facility": {"code": 18083}}, {"service": {"name": "Focused Antenatal Care"}, "facility": {"code": 18083}}, {"service": {"name": "Provider Initiated Counselling and Testing"}, "facility": {"code": 18083}}, {"service": {"name": "Condom Promotion and Distribution"}, "facility": {"code": 18083}}, {"service": {"name": "Curative Services"}, "facility": {"code": 17005}}, {"service": {"name": "Condom Promotion and Distribution"}, "facility": {"code": 17005}}, {"service": {"name": "Nutrition Services"}, "facility": {"code": 17440}}, {"service": {"name": "Integrated Management of Childhood Illnesses"}, "facility": {"code": 17440}}, {"service": {"name": "Laboratory Services"}, "facility": {"code": 17440}}, {"service": {"name": "Curative Services"}, "facility": {"code": 17440}}, {"service": {"name": "Basic Immunization"}, "facility": {"code": 17440}}, {"service": {"name": "Focused Antenatal Care"}, "facility": {"code": 17440}}, {"service": {"name": "Short Term FP"}, "facility": {"code": 17440}}, {"service": {"name": "PMTCT - ANC"}, "facility": {"code": 17440}}, {"service": {"name": "Diagnostic Counselling and Testing"}, "facility": {"code": 17440}}, {"service": {"name": "Management of STIs"}, "facility": {"code": 17440}}, {"service": {"name": "Condom Promotion and Distribution"}, "facility": {"code": 17440}}, {"service": {"name": "First Line Treatment"}, "facility": {"code": 14024}}, {"service": {"name": "Integrated Services"}, "facility": {"code": 14024}}, {"service": {"name": "Short Term FP"}, "facility": {"code": 14024}}, {"service": {"name": "PMTCT - Maternity"}, "facility": {"code": 14024}}, {"service": {"name": "Early Infant Diagnosis"}, "facility": {"code": 14024}}, {"service": {"name": "Nutrition Services"}, "facility": {"code": 13688}}, {"service": {"name": "Maternity Services"}, "facility": {"code": 13688}}, {"service": {"name": "First Line Treatment"}, "facility": {"code": 13688}}, {"service": {"name": "Integrated Services"}, "facility": {"code": 13688}}, {"service": {"name": "Adult Antiretroviral Therapy"}, "facility": {"code": 13688}}, {"service": {"name": "Post Exposure Prophylaxis"}, "facility": {"code": 13688}}, {"service": {"name": "Diagnostic Counselling and Testing"}, "facility": {"code": 13688}}, {"service": {"name": "Integrated Services"}, "facility": {"code": 13864}}, {"service": {"name": "Adult Antiretroviral Therapy"}, "facility": {"code": 13864}}, {"service": {"name": "Paediatric Antiretroviral Therapy"}, "facility": {"code": 13864}}, {"service": {"name": "Voluntary Male Circumcision"}, "facility": {"code": 13864}}, {"service": {"name": "Diagnostic Counselling and Testing"}, "facility": {"code": 13864}}, {"service": {"name": "Emergency Obstetric Care"}, "facility": {"code": 13881}}, {"service": {"name": "Laboratory Services"}, "facility": {"code": 13881}}, {"service": {"name": "Maternity Services"}, "facility": {"code": 13881}}, {"service": {"name": "Integrated Services"}, "facility": {"code": 13881}}, {"service": {"name": "Diagnostic Counselling and Testing"}, "facility": {"code": 13881}}, {"service": {"name": "Maternity Services"}, "facility": {"code": 13660}}, {"service": {"name": "Curative Services"}, "facility": {"code": 13660}}, {"service": {"name": "First Line Treatment"}, "facility": {"code": 13660}}, {"service": {"name": "Basic Immunization"}, "facility": {"code": 13660}}, {"service": {"name": "Focused Antenatal Care"}, "facility": {"code": 13660}}, {"service": {"name": "Paediatric Antiretroviral Therapy"}, "facility": {"code": 13660}}, {"service": {"name": "Post Exposure Prophylaxis"}, "facility": {"code": 13660}}, {"service": {"name": "PMTCT - Maternity"}, "facility": {"code": 13660}}, {"service": {"name": "PMTCT - ANC"}, "facility": {"code": 13660}}, {"service": {"name": "Early Infant Diagnosis"}, "facility": {"code": 13660}}, {"service": {"name": "Provider Initiated Counselling and Testing"}, "facility": {"code": 13660}}, {"service": {"name": "Management of STIs"}, "facility": {"code": 13660}}, {"service": {"name": "Emergency Obstetric Care"}, "facility": {"code": 13921}}, {"service": {"name": "Integrated Management of Childhood Illnesses"}, "facility": {"code": 13921}}, {"service": {"name": "Nutrition Services"}, "facility": {"code": 13921}}, {"service": {"name": "Maternity Services"}, "facility": {"code": 13549}}, {"service": {"name": "Curative Services"}, "facility": {"code": 13549}}, {"service": {"name": "Basic Immunization"}, "facility": {"code": 13549}}, {"service": {"name": "Focused Antenatal Care"}, "facility": {"code": 13549}}, {"service": {"name": "Mortuary Services"}, "facility": {"code": 13921}}, {"service": {"name": "Short Term FP"}, "facility": {"code": 13549}}, {"service": {"name": "Paediatric Antiretroviral Therapy"}, "facility": {"code": 13549}}, {"service": {"name": "Facility Based Blood Transfusion Service"}, "facility": {"code": 13921}}, {"service": {"name": "Post Exposure Prophylaxis"}, "facility": {"code": 13549}}, {"service": {"name": "PMTCT - Maternity"}, "facility": {"code": 13549}}, {"service": {"name": "PMTCT - ANC"}, "facility": {"code": 13549}}, {"service": {"name": "Early Infant Diagnosis"}, "facility": {"code": 13549}}, {"service": {"name": "Provider Initiated Counselling and Testing"}, "facility": {"code": 13549}}, {"service": {"name": "Management of STIs"}, "facility": {"code": 13549}}, {"service": {"name": "Immunization with additional vaccines"}, "facility": {"code": 13921}}, {"service": {"name": "Condom Promotion and Distribution"}, "facility": {"code": 13549}}, {"service": {"name": "Integrated Services"}, "facility": {"code": 13921}}, {"service": {"name": "Maternity Services"}, "facility": {"code": 13599}}, {"service": {"name": "Curative Services"}, "facility": {"code": 13599}}, {"service": {"name": "Short Term FP"}, "facility": {"code": 13599}}, {"service": {"name": "PMTCT - Maternity"}, "facility": {"code": 13599}}, {"service": {"name": "PMTCT - ANC"}, "facility": {"code": 13599}}, {"service": {"name": "Provider Initiated Counselling and Testing"}, "facility": {"code": 13599}}, {"service": {"name": "Management of STIs"}, "facility": {"code": 13599}}, {"service": {"name": "Condom Promotion and Distribution"}, "facility": {"code": 13599}}, {"service": {"name": "Emergency Obstetric Care"}, "facility": {"code": 13727}}, {"service": {"name": "Nutrition Services"}, "facility": {"code": 13727}}, {"service": {"name": "Integrated Management of Childhood Illnesses"}, "facility": {"code": 13727}}, {"service": {"name": "Laboratory Services"}, "facility": {"code": 13727}}, {"service": {"name": "Maternity Services"}, "facility": {"code": 13727}}, {"service": {"name": "Curative Services"}, "facility": {"code": 13727}}, {"service": {"name": "First Line Treatment"}, "facility": {"code": 13727}}, {"service": {"name": "Smear Microscopy"}, "facility": {"code": 13727}}, {"service": {"name": "Immunization with additional vaccines"}, "facility": {"code": 13727}}, {"service": {"name": "Basic Immunization"}, "facility": {"code": 13727}}, {"service": {"name": "Focused Antenatal Care"}, "facility": {"code": 13727}}, {"service": {"name": "Short Term FP"}, "facility": {"code": 13727}}, {"service": {"name": "Home Based Care"}, "facility": {"code": 13727}}, {"service": {"name": "Adult Antiretroviral Therapy"}, "facility": {"code": 13727}}, {"service": {"name": "Paediatric Antiretroviral Therapy"}, "facility": {"code": 13727}}, {"service": {"name": "Post Exposure Prophylaxis"}, "facility": {"code": 13727}}, {"service": {"name": "PMTCT - Maternity"}, "facility": {"code": 13727}}, {"service": {"name": "PMTCT - ANC"}, "facility": {"code": 13727}}, {"service": {"name": "Maternity Services"}, "facility": {"code": 13755}}, {"service": {"name": "Early Infant Diagnosis"}, "facility": {"code": 13727}}, {"service": {"name": "Curative Services"}, "facility": {"code": 13755}}, {"service": {"name": "Diagnostic Counselling and Testing"}, "facility": {"code": 13727}}, {"service": {"name": "Basic Immunization"}, "facility": {"code": 13755}}, {"service": {"name": "Provider Initiated Counselling and Testing"}, "facility": {"code": 13727}}, {"service": {"name": "Focused Antenatal Care"}, "facility": {"code": 13755}}, {"service": {"name": "Short Term FP"}, "facility": {"code": 13755}}, {"service": {"name": "Paediatric Antiretroviral Therapy"}, "facility": {"code": 13755}}, {"service": {"name": "Voluntary Counselling and Testing"}, "facility": {"code": 13727}}, {"service": {"name": "Management of STIs"}, "facility": {"code": 13727}}, {"service": {"name": "Post Exposure Prophylaxis"}, "facility": {"code": 13755}}, {"service": {"name": "PMTCT - Maternity"}, "facility": {"code": 13755}}, {"service": {"name": "PMTCT - ANC"}, "facility": {"code": 13755}}, {"service": {"name": "Condom Promotion and Distribution"}, "facility": {"code": 13727}}, {"service": {"name": "Early Infant Diagnosis"}, "facility": {"code": 13755}}, {"service": {"name": "Provider Initiated Counselling and Testing"}, "facility": {"code": 13755}}, {"service": {"name": "Management of STIs"}, "facility": {"code": 13755}}, {"service": {"name": "Condom Promotion and Distribution"}, "facility": {"code": 13755}}, {"service": {"name": "Maternity Services"}, "facility": {"code": 13500}}, {"service": {"name": "Curative Services"}, "facility": {"code": 13500}}, {"service": {"name": "Basic Immunization"}, "facility": {"code": 13500}}, {"service": {"name": "Focused Antenatal Care"}, "facility": {"code": 13500}}, {"service": {"name": "Emergency Obstetric Care"}, "facility": {"code": 13899}}, {"service": {"name": "Nutrition Services"}, "facility": {"code": 13899}}, {"service": {"name": "Short Term FP"}, "facility": {"code": 13500}}, {"service": {"name": "Integrated Management of Childhood Illnesses"}, "facility": {"code": 13899}}, {"service": {"name": "Paediatric Antiretroviral Therapy"}, "facility": {"code": 13500}}, {"service": {"name": "Maternity Services"}, "facility": {"code": 13899}}, {"service": {"name": "Post Exposure Prophylaxis"}, "facility": {"code": 13500}}, {"service": {"name": "PMTCT - Maternity"}, "facility": {"code": 13500}}, {"service": {"name": "PMTCT - ANC"}, "facility": {"code": 13500}}, {"service": {"name": "Early Infant Diagnosis"}, "facility": {"code": 13500}}, {"service": {"name": "Provider Initiated Counselling and Testing"}, "facility": {"code": 13500}}, {"service": {"name": "Management of STIs"}, "facility": {"code": 13500}}, {"service": {"name": "First Line Treatment"}, "facility": {"code": 13899}}, {"service": {"name": "Condom Promotion and Distribution"}, "facility": {"code": 13500}}, {"service": {"name": "Immunization with additional vaccines"}, "facility": {"code": 13899}}, {"service": {"name": "Integrated Services"}, "facility": {"code": 13899}}, {"service": {"name": "Home Based Care"}, "facility": {"code": 13899}}, {"service": {"name": "Laboratory Services"}, "facility": {"code": 13791}}, {"service": {"name": "Maternity Services"}, "facility": {"code": 13791}}, {"service": {"name": "Curative Services"}, "facility": {"code": 13791}}, {"service": {"name": "Basic Immunization"}, "facility": {"code": 13791}}, {"service": {"name": "Focused Antenatal Care"}, "facility": {"code": 13791}}, {"service": {"name": "Short Term FP"}, "facility": {"code": 13791}}, {"service": {"name": "Adult Antiretroviral Therapy"}, "facility": {"code": 13791}}, {"service": {"name": "Paediatric Antiretroviral Therapy"}, "facility": {"code": 13791}}, {"service": {"name": "Post Exposure Prophylaxis"}, "facility": {"code": 13791}}, {"service": {"name": "PMTCT - Maternity"}, "facility": {"code": 13791}}, {"service": {"name": "PMTCT - ANC"}, "facility": {"code": 13791}}, {"service": {"name": "Early Infant Diagnosis"}, "facility": {"code": 13791}}, {"service": {"name": "Diagnostic Counselling and Testing"}, "facility": {"code": 13791}}, {"service": {"name": "Provider Initiated Counselling and Testing"}, "facility": {"code": 13791}}, {"service": {"name": "Voluntary Counselling and Testing"}, "facility": {"code": 13791}}, {"service": {"name": "Management of STIs"}, "facility": {"code": 13791}}, {"service": {"name": "Condom Promotion and Distribution"}, "facility": {"code": 13791}}, {"service": {"name": "Maternity Services"}, "facility": {"code": 13994}}, {"service": {"name": "Curative Services"}, "facility": {"code": 13994}}, {"service": {"name": "First Line Treatment"}, "facility": {"code": 13994}}, {"service": {"name": "Basic Immunization"}, "facility": {"code": 13994}}, {"service": {"name": "Focused Antenatal Care"}, "facility": {"code": 13994}}, {"service": {"name": "Short Term FP"}, "facility": {"code": 13994}}, {"service": {"name": "Paediatric Antiretroviral Therapy"}, "facility": {"code": 13994}}, {"service": {"name": "Post Exposure Prophylaxis"}, "facility": {"code": 13994}}, {"service": {"name": "PMTCT - Maternity"}, "facility": {"code": 13994}}, {"service": {"name": "PMTCT - ANC"}, "facility": {"code": 13994}}, {"service": {"name": "Early Infant Diagnosis"}, "facility": {"code": 13994}}, {"service": {"name": "Provider Initiated Counselling and Testing"}, "facility": {"code": 13994}}, {"service": {"name": "Voluntary Counselling and Testing"}, "facility": {"code": 13994}}, {"service": {"name": "Management of STIs"}, "facility": {"code": 13994}}, {"service": {"name": "Condom Promotion and Distribution"}, "facility": {"code": 13994}}, {"service": {"name": "Emergency Obstetric Care"}, "facility": {"code": 14066}}, {"service": {"name": "Laboratory Services"}, "facility": {"code": 14066}}, {"service": {"name": "Maternity Services"}, "facility": {"code": 14066}}, {"service": {"name": "First Line Treatment"}, "facility": {"code": 14066}}, {"service": {"name": "Maternity Services"}, "facility": {"code": 13577}}, {"service": {"name": "Smear Microscopy"}, "facility": {"code": 14066}}, {"service": {"name": "Curative Services"}, "facility": {"code": 13577}}, {"service": {"name": "Basic Immunization"}, "facility": {"code": 13577}}, {"service": {"name": "Focused Antenatal Care"}, "facility": {"code": 13577}}, {"service": {"name": "Short Term FP"}, "facility": {"code": 13577}}, {"service": {"name": "Basic Immunization"}, "facility": {"code": 14066}}, {"service": {"name": "Paediatric Antiretroviral Therapy"}, "facility": {"code": 13577}}, {"service": {"name": "Post Exposure Prophylaxis"}, "facility": {"code": 13577}}, {"service": {"name": "PMTCT - Maternity"}, "facility": {"code": 13577}}, {"service": {"name": "PMTCT - ANC"}, "facility": {"code": 13577}}, {"service": {"name": "Early Infant Diagnosis"}, "facility": {"code": 13577}}, {"service": {"name": "Provider Initiated Counselling and Testing"}, "facility": {"code": 13577}}, {"service": {"name": "Integrated Services"}, "facility": {"code": 14066}}, {"service": {"name": "Management of STIs"}, "facility": {"code": 13577}}, {"service": {"name": "Condom Promotion and Distribution"}, "facility": {"code": 13577}}, {"service": {"name": "Adult Antiretroviral Therapy"}, "facility": {"code": 14066}}, {"service": {"name": "Post Exposure Prophylaxis"}, "facility": {"code": 14066}}, {"service": {"name": "PMTCT - Maternity"}, "facility": {"code": 14066}}, {"service": {"name": "Diagnostic Counselling and Testing"}, "facility": {"code": 14066}}, {"service": {"name": "Voluntary Counselling and Testing"}, "facility": {"code": 14066}}, {"service": {"name": "Maternity Services"}, "facility": {"code": 13756}}, {"service": {"name": "Curative Services"}, "facility": {"code": 13756}}, {"service": {"name": "First Line Treatment"}, "facility": {"code": 13756}}, {"service": {"name": "Basic Immunization"}, "facility": {"code": 13756}}, {"service": {"name": "Focused Antenatal Care"}, "facility": {"code": 13756}}, {"service": {"name": "Short Term FP"}, "facility": {"code": 13756}}, {"service": {"name": "Paediatric Antiretroviral Therapy"}, "facility": {"code": 13756}}, {"service": {"name": "Post Exposure Prophylaxis"}, "facility": {"code": 13756}}, {"service": {"name": "PMTCT - Maternity"}, "facility": {"code": 13756}}, {"service": {"name": "PMTCT - ANC"}, "facility": {"code": 13756}}, {"service": {"name": "Early Infant Diagnosis"}, "facility": {"code": 13756}}, {"service": {"name": "Provider Initiated Counselling and Testing"}, "facility": {"code": 13756}}, {"service": {"name": "Voluntary Counselling and Testing"}, "facility": {"code": 13756}}, {"service": {"name": "Management of STIs"}, "facility": {"code": 13756}}, {"service": {"name": "Condom Promotion and Distribution"}, "facility": {"code": 13756}}, {"service": {"name": "Paediatric Antiretroviral Therapy"}, "facility": {"code": 17232}}, {"service": {"name": "Post Exposure Prophylaxis"}, "facility": {"code": 17232}}, {"service": {"name": "Emergency Obstetric Care"}, "facility": {"code": 13831}}, {"service": {"name": "Immunization with additional vaccines"}, "facility": {"code": 13831}}, {"service": {"name": "Services for Sexual Violence Survivors"}, "facility": {"code": 13916}}, {"service": {"name": "Nutrition Services"}, "facility": {"code": 13916}}, {"service": {"name": "Laboratory Services"}, "facility": {"code": 13916}}, {"service": {"name": "Maternity Services"}, "facility": {"code": 13916}}, {"service": {"name": "Curative Services"}, "facility": {"code": 13916}}, {"service": {"name": "Basic Immunization"}, "facility": {"code": 13916}}, {"service": {"name": "Focused Antenatal Care"}, "facility": {"code": 13916}}, {"service": {"name": "Long Term FP"}, "facility": {"code": 13916}}, {"service": {"name": "Short Term FP"}, "facility": {"code": 13916}}, {"service": {"name": "Integrated Services"}, "facility": {"code": 13831}}, {"service": {"name": "Adult Antiretroviral Therapy"}, "facility": {"code": 13916}}, {"service": {"name": "Adult Antiretroviral Therapy"}, "facility": {"code": 13831}}, {"service": {"name": "Paediatric Antiretroviral Therapy"}, "facility": {"code": 13916}}, {"service": {"name": "Diagnostic Counselling and Testing"}, "facility": {"code": 13831}}, {"service": {"name": "Post Exposure Prophylaxis"}, "facility": {"code": 13916}}, {"service": {"name": "PMTCT - Maternity"}, "facility": {"code": 13916}}, {"service": {"name": "PMTCT - ANC"}, "facility": {"code": 13916}}, {"service": {"name": "Diagnostic Counselling and Testing"}, "facility": {"code": 13916}}, {"service": {"name": "Voluntary Counselling and Testing"}, "facility": {"code": 13916}}, {"service": {"name": "Early Infant Diagnosis"}, "facility": {"code": 13916}}, {"service": {"name": "Provider Initiated Counselling and Testing"}, "facility": {"code": 13916}}, {"service": {"name": "Management of STIs"}, "facility": {"code": 13916}}, {"service": {"name": "Condom Promotion and Distribution"}, "facility": {"code": 13916}}, {"service": {"name": "Emergency Obstetric Care"}, "facility": {"code": 13817}}, {"service": {"name": "Integrated Management of Childhood Illnesses"}, "facility": {"code": 13817}}, {"service": {"name": "Maternity Services"}, "facility": {"code": 13817}}, {"service": {"name": "First Line Treatment"}, "facility": {"code": 13817}}, {"service": {"name": "Immunization with additional vaccines"}, "facility": {"code": 13817}}, {"service": {"name": "Integrated Services"}, "facility": {"code": 13817}}, {"service": {"name": "Long Term FP"}, "facility": {"code": 13817}}, {"service": {"name": "Post Exposure Prophylaxis"}, "facility": {"code": 13817}}, {"service": {"name": "PMTCT - Maternity"}, "facility": {"code": 13817}}, {"service": {"name": "Maternity Services"}, "facility": {"code": 14048}}, {"service": {"name": "First Line Treatment"}, "facility": {"code": 14048}}, {"service": {"name": "Focused Antenatal Care"}, "facility": {"code": 14048}}, {"service": {"name": "Paediatric Antiretroviral Therapy"}, "facility": {"code": 14048}}, {"service": {"name": "Post Exposure Prophylaxis"}, "facility": {"code": 14048}}, {"service": {"name": "PMTCT - Maternity"}, "facility": {"code": 14048}}, {"service": {"name": "PMTCT - ANC"}, "facility": {"code": 14048}}, {"service": {"name": "Early Infant Diagnosis"}, "facility": {"code": 14048}}, {"service": {"name": "Smear Microscopy"}, "facility": {"code": 13785}}, {"service": {"name": "Integrated Services"}, "facility": {"code": 13785}}, {"service": {"name": "Short Term FP"}, "facility": {"code": 13785}}, {"service": {"name": "Diagnostic Counselling and Testing"}, "facility": {"code": 13785}}, {"service": {"name": "Voluntary Counselling and Testing"}, "facility": {"code": 13785}}, {"service": {"name": "Management of STIs"}, "facility": {"code": 13785}}, {"service": {"name": "Condom Promotion and Distribution"}, "facility": {"code": 13785}}, {"service": {"name": "Maternity Services"}, "facility": {"code": 13553}}, {"service": {"name": "Curative Services"}, "facility": {"code": 13553}}, {"service": {"name": "Focused Antenatal Care"}, "facility": {"code": 13553}}, {"service": {"name": "Basic Immunization"}, "facility": {"code": 13553}}, {"service": {"name": "Short Term FP"}, "facility": {"code": 13553}}, {"service": {"name": "Paediatric Antiretroviral Therapy"}, "facility": {"code": 13553}}, {"service": {"name": "Post Exposure Prophylaxis"}, "facility": {"code": 13553}}, {"service": {"name": "PMTCT - Maternity"}, "facility": {"code": 13553}}, {"service": {"name": "PMTCT - ANC"}, "facility": {"code": 13553}}, {"service": {"name": "Early Infant Diagnosis"}, "facility": {"code": 13553}}, {"service": {"name": "Provider Initiated Counselling and Testing"}, "facility": {"code": 13553}}, {"service": {"name": "Management of STIs"}, "facility": {"code": 13553}}, {"service": {"name": "Condom Promotion and Distribution"}, "facility": {"code": 13553}}, {"service": {"name": "Basic Immunization"}, "facility": {"code": 17111}}, {"service": {"name": "Short Term FP"}, "facility": {"code": 17111}}, {"service": {"name": "Provider Initiated Counselling and Testing"}, "facility": {"code": 17111}}, {"service": {"name": "Maternity Services"}, "facility": {"code": 14065}}, {"service": {"name": "Curative Services"}, "facility": {"code": 14065}}, {"service": {"name": "Basic Immunization"}, "facility": {"code": 14065}}, {"service": {"name": "Focused Antenatal Care"}, "facility": {"code": 14065}}, {"service": {"name": "Short Term FP"}, "facility": {"code": 14065}}, {"service": {"name": "Paediatric Antiretroviral Therapy"}, "facility": {"code": 14065}}, {"service": {"name": "Post Exposure Prophylaxis"}, "facility": {"code": 14065}}, {"service": {"name": "PMTCT - Maternity"}, "facility": {"code": 14065}}, {"service": {"name": "PMTCT - ANC"}, "facility": {"code": 14065}}, {"service": {"name": "Early Infant Diagnosis"}, "facility": {"code": 14065}}, {"service": {"name": "Provider Initiated Counselling and Testing"}, "facility": {"code": 14065}}, {"service": {"name": "Management of STIs"}, "facility": {"code": 14065}}, {"service": {"name": "Condom Promotion and Distribution"}, "facility": {"code": 14065}}, {"service": {"name": "Maternity Services"}, "facility": {"code": 14122}}, {"service": {"name": "Curative Services"}, "facility": {"code": 14122}}, {"service": {"name": "Basic Immunization"}, "facility": {"code": 14122}}, {"service": {"name": "Focused Antenatal Care"}, "facility": {"code": 14122}}, {"service": {"name": "Short Term FP"}, "facility": {"code": 14122}}, {"service": {"name": "Paediatric Antiretroviral Therapy"}, "facility": {"code": 14122}}, {"service": {"name": "Post Exposure Prophylaxis"}, "facility": {"code": 14122}}, {"service": {"name": "PMTCT - Maternity"}, "facility": {"code": 14122}}, {"service": {"name": "PMTCT - ANC"}, "facility": {"code": 14122}}, {"service": {"name": "Early Infant Diagnosis"}, "facility": {"code": 14122}}, {"service": {"name": "Provider Initiated Counselling and Testing"}, "facility": {"code": 14122}}, {"service": {"name": "Management of STIs"}, "facility": {"code": 14122}}, {"service": {"name": "Condom Promotion and Distribution"}, "facility": {"code": 14122}}, {"service": {"name": "Management of STIs"}, "facility": {"code": 17111}}, {"service": {"name": "Maternity Services"}, "facility": {"code": 14125}}, {"service": {"name": "Curative Services"}, "facility": {"code": 14125}}, {"service": {"name": "Basic Immunization"}, "facility": {"code": 14125}}, {"service": {"name": "Short Term FP"}, "facility": {"code": 14125}}, {"service": {"name": "Paediatric Antiretroviral Therapy"}, "facility": {"code": 14125}}, {"service": {"name": "Post Exposure Prophylaxis"}, "facility": {"code": 14125}}, {"service": {"name": "PMTCT - Maternity"}, "facility": {"code": 14125}}, {"service": {"name": "PMTCT - ANC"}, "facility": {"code": 14125}}, {"service": {"name": "Early Infant Diagnosis"}, "facility": {"code": 14125}}, {"service": {"name": "Provider Initiated Counselling and Testing"}, "facility": {"code": 14125}}, {"service": {"name": "Management of STIs"}, "facility": {"code": 14125}}, {"service": {"name": "Condom Promotion and Distribution"}, "facility": {"code": 14125}}, {"service": {"name": "Maternity Services"}, "facility": {"code": 13860}}, {"service": {"name": "Curative Services"}, "facility": {"code": 13860}}, {"service": {"name": "First Line Treatment"}, "facility": {"code": 13860}}, {"service": {"name": "Focused Antenatal Care"}, "facility": {"code": 13860}}, {"service": {"name": "Basic Immunization"}, "facility": {"code": 13860}}, {"service": {"name": "Short Term FP"}, "facility": {"code": 13860}}, {"service": {"name": "Paediatric Antiretroviral Therapy"}, "facility": {"code": 13860}}, {"service": {"name": "Post Exposure Prophylaxis"}, "facility": {"code": 13860}}, {"service": {"name": "PMTCT - Maternity"}, "facility": {"code": 13860}}, {"service": {"name": "PMTCT - ANC"}, "facility": {"code": 13860}}, {"service": {"name": "Early Infant Diagnosis"}, "facility": {"code": 13860}}, {"service": {"name": "Provider Initiated Counselling and Testing"}, "facility": {"code": 13860}}, {"service": {"name": "Management of STIs"}, "facility": {"code": 13860}}, {"service": {"name": "Condom Promotion and Distribution"}, "facility": {"code": 13860}}, {"service": {"name": "Emergency Obstetric Care"}, "facility": {"code": 17121}}, {"service": {"name": "Maternity Services"}, "facility": {"code": 17121}}, {"service": {"name": "Curative Services"}, "facility": {"code": 17121}}, {"service": {"name": "Basic Immunization"}, "facility": {"code": 17121}}, {"service": {"name": "Focused Antenatal Care"}, "facility": {"code": 17121}}, {"service": {"name": "Short Term FP"}, "facility": {"code": 17121}}, {"service": {"name": "PMTCT - Maternity"}, "facility": {"code": 17121}}, {"service": {"name": "PMTCT - ANC"}, "facility": {"code": 17121}}, {"service": {"name": "Diagnostic Counselling and Testing"}, "facility": {"code": 17121}}, {"service": {"name": "Provider Initiated Counselling and Testing"}, "facility": {"code": 17121}}, {"service": {"name": "Management of STIs"}, "facility": {"code": 17121}}, {"service": {"name": "Maternity Services"}, "facility": {"code": 13574}}, {"service": {"name": "Curative Services"}, "facility": {"code": 13574}}, {"service": {"name": "Basic Immunization"}, "facility": {"code": 13574}}, {"service": {"name": "Short Term FP"}, "facility": {"code": 13574}}, {"service": {"name": "Paediatric Antiretroviral Therapy"}, "facility": {"code": 13574}}, {"service": {"name": "Post Exposure Prophylaxis"}, "facility": {"code": 13574}}, {"service": {"name": "PMTCT - Maternity"}, "facility": {"code": 13574}}, {"service": {"name": "PMTCT - ANC"}, "facility": {"code": 13574}}, {"service": {"name": "Early Infant Diagnosis"}, "facility": {"code": 13574}}, {"service": {"name": "Provider Initiated Counselling and Testing"}, "facility": {"code": 13574}}, {"service": {"name": "Management of STIs"}, "facility": {"code": 13574}}, {"service": {"name": "Condom Promotion and Distribution"}, "facility": {"code": 13574}}, {"service": {"name": "Condom Promotion and Distribution"}, "facility": {"code": 17121}}, {"service": {"name": "Laboratory Services"}, "facility": {"code": 13628}}, {"service": {"name": "Maternity Services"}, "facility": {"code": 13628}}, {"service": {"name": "Curative Services"}, "facility": {"code": 13628}}, {"service": {"name": "First Line Treatment"}, "facility": {"code": 13628}}, {"service": {"name": "Smear Microscopy"}, "facility": {"code": 13628}}, {"service": {"name": "Basic Immunization"}, "facility": {"code": 13628}}, {"service": {"name": "Focused Antenatal Care"}, "facility": {"code": 13628}}, {"service": {"name": "Short Term FP"}, "facility": {"code": 13628}}, {"service": {"name": "Paediatric Antiretroviral Therapy"}, "facility": {"code": 13628}}, {"service": {"name": "Post Exposure Prophylaxis"}, "facility": {"code": 13628}}, {"service": {"name": "PMTCT - Maternity"}, "facility": {"code": 13628}}, {"service": {"name": "PMTCT - ANC"}, "facility": {"code": 13628}}, {"service": {"name": "Early Infant Diagnosis"}, "facility": {"code": 13628}}, {"service": {"name": "Provider Initiated Counselling and Testing"}, "facility": {"code": 13628}}, {"service": {"name": "Voluntary Counselling and Testing"}, "facility": {"code": 13628}}, {"service": {"name": "Management of STIs"}, "facility": {"code": 13628}}, {"service": {"name": "Condom Promotion and Distribution"}, "facility": {"code": 13628}}, {"service": {"name": "Maternity Services"}, "facility": {"code": 13676}}, {"service": {"name": "Curative Services"}, "facility": {"code": 13676}}, {"service": {"name": "Basic Immunization"}, "facility": {"code": 13676}}, {"service": {"name": "Focused Antenatal Care"}, "facility": {"code": 13676}}, {"service": {"name": "Short Term FP"}, "facility": {"code": 13676}}, {"service": {"name": "Paediatric Antiretroviral Therapy"}, "facility": {"code": 13676}}, {"service": {"name": "Post Exposure Prophylaxis"}, "facility": {"code": 13676}}, {"service": {"name": "PMTCT - Maternity"}, "facility": {"code": 13676}}, {"service": {"name": "PMTCT - ANC"}, "facility": {"code": 13676}}, {"service": {"name": "Early Infant Diagnosis"}, "facility": {"code": 13676}}, {"service": {"name": "Provider Initiated Counselling and Testing"}, "facility": {"code": 13676}}, {"service": {"name": "Management of STIs"}, "facility": {"code": 13676}}, {"service": {"name": "Condom Promotion and Distribution"}, "facility": {"code": 13676}}, {"service": {"name": "Maternity Services"}, "facility": {"code": 13617}}, {"service": {"name": "Curative Services"}, "facility": {"code": 13617}}, {"service": {"name": "Basic Immunization"}, "facility": {"code": 13617}}, {"service": {"name": "Focused Antenatal Care"}, "facility": {"code": 13617}}, {"service": {"name": "Short Term FP"}, "facility": {"code": 13617}}, {"service": {"name": "Paediatric Antiretroviral Therapy"}, "facility": {"code": 13617}}, {"service": {"name": "Post Exposure Prophylaxis"}, "facility": {"code": 13617}}, {"service": {"name": "PMTCT - Maternity"}, "facility": {"code": 13617}}, {"service": {"name": "PMTCT - ANC"}, "facility": {"code": 13617}}, {"service": {"name": "Early Infant Diagnosis"}, "facility": {"code": 13617}}, {"service": {"name": "Provider Initiated Counselling and Testing"}, "facility": {"code": 13617}}, {"service": {"name": "Management of STIs"}, "facility": {"code": 13617}}, {"service": {"name": "Condom Promotion and Distribution"}, "facility": {"code": 13617}}, {"service": {"name": "Maternity Services"}, "facility": {"code": 13525}}, {"service": {"name": "Curative Services"}, "facility": {"code": 13525}}, {"service": {"name": "Basic Immunization"}, "facility": {"code": 13525}}, {"service": {"name": "Focused Antenatal Care"}, "facility": {"code": 13525}}, {"service": {"name": "Short Term FP"}, "facility": {"code": 13525}}, {"service": {"name": "Paediatric Antiretroviral Therapy"}, "facility": {"code": 13525}}, {"service": {"name": "Post Exposure Prophylaxis"}, "facility": {"code": 13525}}, {"service": {"name": "PMTCT - Maternity"}, "facility": {"code": 13525}}, {"service": {"name": "PMTCT - ANC"}, "facility": {"code": 13525}}, {"service": {"name": "Early Infant Diagnosis"}, "facility": {"code": 13525}}, {"service": {"name": "Provider Initiated Counselling and Testing"}, "facility": {"code": 13525}}, {"service": {"name": "Management of STIs"}, "facility": {"code": 13525}}, {"service": {"name": "Condom Promotion and Distribution"}, "facility": {"code": 13525}}, {"service": {"name": "Maternity Services"}, "facility": {"code": 13820}}, {"service": {"name": "Curative Services"}, "facility": {"code": 13820}}, {"service": {"name": "First Line Treatment"}, "facility": {"code": 13820}}, {"service": {"name": "Focused Antenatal Care"}, "facility": {"code": 13820}}, {"service": {"name": "Basic Immunization"}, "facility": {"code": 13820}}, {"service": {"name": "Short Term FP"}, "facility": {"code": 13820}}, {"service": {"name": "Paediatric Antiretroviral Therapy"}, "facility": {"code": 13820}}, {"service": {"name": "Post Exposure Prophylaxis"}, "facility": {"code": 13820}}, {"service": {"name": "PMTCT - Maternity"}, "facility": {"code": 13820}}, {"service": {"name": "PMTCT - ANC"}, "facility": {"code": 13820}}, {"service": {"name": "Early Infant Diagnosis"}, "facility": {"code": 13820}}, {"service": {"name": "Provider Initiated Counselling and Testing"}, "facility": {"code": 13820}}, {"service": {"name": "Management of STIs"}, "facility": {"code": 13820}}, {"service": {"name": "Condom Promotion and Distribution"}, "facility": {"code": 13820}}, {"service": {"name": "Paediatric Antiretroviral Therapy"}, "facility": {"code": 13475}}, {"service": {"name": "Post Exposure Prophylaxis"}, "facility": {"code": 13475}}, {"service": {"name": "PMTCT - Maternity"}, "facility": {"code": 13475}}, {"service": {"name": "Services for Sexual Violence Survivors"}, "facility": {"code": 13540}}, {"service": {"name": "Nutrition Services"}, "facility": {"code": 13540}}, {"service": {"name": "Laboratory Services"}, "facility": {"code": 13540}}, {"service": {"name": "Maternity Services"}, "facility": {"code": 13540}}, {"service": {"name": "Curative Services"}, "facility": {"code": 13540}}, {"service": {"name": "First Line Treatment"}, "facility": {"code": 13540}}, {"service": {"name": "Tuberculosis Culture"}, "facility": {"code": 13540}}, {"service": {"name": "Smear Microscopy"}, "facility": {"code": 13540}}, {"service": {"name": "Basic Immunization"}, "facility": {"code": 13540}}, {"service": {"name": "Focused Antenatal Care"}, "facility": {"code": 13540}}, {"service": {"name": "Long Term FP"}, "facility": {"code": 13540}}, {"service": {"name": "Short Term FP"}, "facility": {"code": 13540}}, {"service": {"name": "Adult Antiretroviral Therapy"}, "facility": {"code": 13540}}, {"service": {"name": "Paediatric Antiretroviral Therapy"}, "facility": {"code": 13540}}, {"service": {"name": "Post Exposure Prophylaxis"}, "facility": {"code": 13540}}, {"service": {"name": "PMTCT - Maternity"}, "facility": {"code": 13540}}, {"service": {"name": "PMTCT - ANC"}, "facility": {"code": 13540}}, {"service": {"name": "Early Infant Diagnosis"}, "facility": {"code": 13540}}, {"service": {"name": "Diagnostic Counselling and Testing"}, "facility": {"code": 13540}}, {"service": {"name": "Provider Initiated Counselling and Testing"}, "facility": {"code": 13540}}, {"service": {"name": "Voluntary Counselling and Testing"}, "facility": {"code": 13540}}, {"service": {"name": "Management of STIs"}, "facility": {"code": 13540}}, {"service": {"name": "Condom Promotion and Distribution"}, "facility": {"code": 13540}}, {"service": {"name": "Nutrition Services"}, "facility": {"code": 13551}}, {"service": {"name": "Maternity Services"}, "facility": {"code": 13551}}, {"service": {"name": "Curative Services"}, "facility": {"code": 13551}}, {"service": {"name": "Basic Immunization"}, "facility": {"code": 13551}}, {"service": {"name": "Focused Antenatal Care"}, "facility": {"code": 13551}}, {"service": {"name": "Short Term FP"}, "facility": {"code": 13551}}, {"service": {"name": "Paediatric Antiretroviral Therapy"}, "facility": {"code": 13551}}, {"service": {"name": "Post Exposure Prophylaxis"}, "facility": {"code": 13551}}, {"service": {"name": "PMTCT - Maternity"}, "facility": {"code": 13551}}, {"service": {"name": "PMTCT - ANC"}, "facility": {"code": 13551}}, {"service": {"name": "Early Infant Diagnosis"}, "facility": {"code": 13551}}, {"service": {"name": "Provider Initiated Counselling and Testing"}, "facility": {"code": 13551}}, {"service": {"name": "Voluntary Counselling and Testing"}, "facility": {"code": 13551}}, {"service": {"name": "Management of STIs"}, "facility": {"code": 13551}}, {"service": {"name": "Condom Promotion and Distribution"}, "facility": {"code": 13551}}, {"service": {"name": "Emergency Obstetric Care"}, "facility": {"code": 13759}}, {"service": {"name": "Integrated Services"}, "facility": {"code": 13759}}, {"service": {"name": "Diagnostic Counselling and Testing"}, "facility": {"code": 13759}}, {"service": {"name": "Emergency Obstetric Care"}, "facility": {"code": 13719}}, {"service": {"name": "Nutrition Services"}, "facility": {"code": 13719}}, {"service": {"name": "Ambulance Sevices"}, "facility": {"code": 13719}}, {"service": {"name": "Integrated Management of Childhood Illnesses"}, "facility": {"code": 13719}}, {"service": {"name": "Laboratory Services"}, "facility": {"code": 13719}}, {"service": {"name": "Maternity Services"}, "facility": {"code": 13719}}, {"service": {"name": "Rehabilitative Health Services - Occupational Health"}, "facility": {"code": 13719}}, {"service": {"name": "Mortuary Services"}, "facility": {"code": 13719}}, {"service": {"name": "Focused Antenatal Care"}, "facility": {"code": 13719}}, {"service": {"name": "Integrated Services"}, "facility": {"code": 13719}}, {"service": {"name": "Voluntary Male Circumcision"}, "facility": {"code": 13719}}, {"service": {"name": "Post Exposure Prophylaxis"}, "facility": {"code": 13719}}, {"service": {"name": "Voluntary Counselling and Testing"}, "facility": {"code": 13719}}, {"service": {"name": "Diagnostic Counselling and Testing"}, "facility": {"code": 13719}}, {"service": {"name": "Ambulance Sevices"}, "facility": {"code": 14097}}, {"service": {"name": "Laboratory Services"}, "facility": {"code": 14097}}, {"service": {"name": "Curative Services"}, "facility": {"code": 14097}}, {"service": {"name": "Focused Antenatal Care"}, "facility": {"code": 14097}}, {"service": {"name": "Short Term FP"}, "facility": {"code": 14097}}, {"service": {"name": "Post Exposure Prophylaxis"}, "facility": {"code": 14097}}, {"service": {"name": "Voluntary Male Circumcision"}, "facility": {"code": 14097}}, {"service": {"name": "Adult Antiretroviral Therapy"}, "facility": {"code": 14097}}, {"service": {"name": "Paediatric Antiretroviral Therapy"}, "facility": {"code": 14097}}, {"service": {"name": "Basic Immunization"}, "facility": {"code": 14097}}, {"service": {"name": "Diagnostic Counselling and Testing"}, "facility": {"code": 14097}}, {"service": {"name": "Early Infant Diagnosis"}, "facility": {"code": 14097}}, {"service": {"name": "PMTCT - ANC"}, "facility": {"code": 14097}}, {"service": {"name": "Provider Initiated Counselling and Testing"}, "facility": {"code": 14097}}, {"service": {"name": "Voluntary Counselling and Testing"}, "facility": {"code": 14097}}, {"service": {"name": "Management of STIs"}, "facility": {"code": 14097}}, {"service": {"name": "Condom Promotion and Distribution"}, "facility": {"code": 14097}}, {"service": {"name": "Basic Immunization"}, "facility": {"code": 17110}}, {"service": {"name": "Emergency Obstetric Care"}, "facility": {"code": 13687}}, {"service": {"name": "Nutrition Services"}, "facility": {"code": 13687}}, {"service": {"name": "Integrated Management of Childhood Illnesses"}, "facility": {"code": 13687}}, {"service": {"name": "Maternity Services"}, "facility": {"code": 13687}}, {"service": {"name": "First Line Treatment"}, "facility": {"code": 13687}}, {"service": {"name": "Adult Antiretroviral Therapy"}, "facility": {"code": 13687}}, {"service": {"name": "Post Exposure Prophylaxis"}, "facility": {"code": 13687}}, {"service": {"name": "PMTCT - Maternity"}, "facility": {"code": 13687}}, {"service": {"name": "Voluntary Counselling and Testing"}, "facility": {"code": 18082}}, {"service": {"name": "Condom Promotion and Distribution"}, "facility": {"code": 18082}}, {"service": {"name": "Voluntary Counselling and Testing"}, "facility": {"code": 18081}}, {"service": {"name": "Condom Promotion and Distribution"}, "facility": {"code": 18081}}, {"service": {"name": "Curative Services"}, "facility": {"code": 12607}}, {"service": {"name": "First Line Treatment"}, "facility": {"code": 12607}}, {"service": {"name": "Basic Immunization"}, "facility": {"code": 12607}}, {"service": {"name": "Focused Antenatal Care"}, "facility": {"code": 12607}}, {"service": {"name": "Long Term FP"}, "facility": {"code": 12607}}, {"service": {"name": "Short Term FP"}, "facility": {"code": 12607}}, {"service": {"name": "PMTCT - ANC"}, "facility": {"code": 12607}}, {"service": {"name": "Provider Initiated Counselling and Testing"}, "facility": {"code": 12607}}, {"service": {"name": "Management of STIs"}, "facility": {"code": 12607}}, {"service": {"name": "Condom Promotion and Distribution"}, "facility": {"code": 12607}}, {"service": {"name": "Emergency Preparedness"}, "facility": {"code": 12601}}, {"service": {"name": "Environmental Health Services"}, "facility": {"code": 12601}}, {"service": {"name": "Integrated Management of Childhood Illnesses"}, "facility": {"code": 12601}}, {"service": {"name": "Ambulance Sevices"}, "facility": {"code": 12601}}, {"service": {"name": "Laboratory Services"}, "facility": {"code": 12601}}, {"service": {"name": "Maternity Services"}, "facility": {"code": 12601}}, {"service": {"name": "Curative Services"}, "facility": {"code": 12601}}, {"service": {"name": "First Line Treatment"}, "facility": {"code": 12601}}, {"service": {"name": "Maternity Services"}, "facility": {"code": 13639}}, {"service": {"name": "Smear Microscopy"}, "facility": {"code": 12601}}, {"service": {"name": "Focused Antenatal Care"}, "facility": {"code": 12601}}, {"service": {"name": "Curative Services"}, "facility": {"code": 13639}}, {"service": {"name": "Long Term FP"}, "facility": {"code": 12601}}, {"service": {"name": "Short Term FP"}, "facility": {"code": 12601}}, {"service": {"name": "Adult Antiretroviral Therapy"}, "facility": {"code": 12601}}, {"service": {"name": "Paediatric Antiretroviral Therapy"}, "facility": {"code": 12601}}, {"service": {"name": "Post Exposure Prophylaxis"}, "facility": {"code": 12601}}, {"service": {"name": "PMTCT - Maternity"}, "facility": {"code": 12601}}, {"service": {"name": "PMTCT - ANC"}, "facility": {"code": 12601}}, {"service": {"name": "Early Infant Diagnosis"}, "facility": {"code": 12601}}, {"service": {"name": "Diagnostic Counselling and Testing"}, "facility": {"code": 12601}}, {"service": {"name": "Provider Initiated Counselling and Testing"}, "facility": {"code": 12601}}, {"service": {"name": "Voluntary Counselling and Testing"}, "facility": {"code": 12601}}, {"service": {"name": "Management of STIs"}, "facility": {"code": 12601}}, {"service": {"name": "Condom Promotion and Distribution"}, "facility": {"code": 12601}}, {"service": {"name": "Focused Antenatal Care"}, "facility": {"code": 13639}}, {"service": {"name": "Basic Immunization"}, "facility": {"code": 13639}}, {"service": {"name": "Short Term FP"}, "facility": {"code": 13639}}, {"service": {"name": "Adult Antiretroviral Therapy"}, "facility": {"code": 13639}}, {"service": {"name": "Integrated Management of Childhood Illnesses"}, "facility": {"code": 16282}}, {"service": {"name": "Maternity Services"}, "facility": {"code": 16282}}, {"service": {"name": "Paediatric Antiretroviral Therapy"}, "facility": {"code": 13639}}, {"service": {"name": "PMTCT - Maternity"}, "facility": {"code": 13639}}, {"service": {"name": "Curative Services"}, "facility": {"code": 12599}}, {"service": {"name": "PMTCT - ANC"}, "facility": {"code": 13639}}, {"service": {"name": "PMTCT - ANC"}, "facility": {"code": 12599}}, {"service": {"name": "Provider Initiated Counselling and Testing"}, "facility": {"code": 12599}}, {"service": {"name": "First Line Treatment"}, "facility": {"code": 16282}}, {"service": {"name": "Management of STIs"}, "facility": {"code": 12599}}, {"service": {"name": "Provider Initiated Counselling and Testing"}, "facility": {"code": 13639}}, {"service": {"name": "Integrated Services"}, "facility": {"code": 16282}}, {"service": {"name": "Management of STIs"}, "facility": {"code": 13639}}, {"service": {"name": "Condom Promotion and Distribution"}, "facility": {"code": 13639}}, {"service": {"name": "Integrated Management of Childhood Illnesses"}, "facility": {"code": 12587}}, {"service": {"name": "Ambulance Sevices"}, "facility": {"code": 12587}}, {"service": {"name": "Focused Antenatal Care"}, "facility": {"code": 17450}}, {"service": {"name": "Curative Services"}, "facility": {"code": 12577}}, {"service": {"name": "Short Term FP"}, "facility": {"code": 12577}}, {"service": {"name": "Management of STIs"}, "facility": {"code": 12577}}, {"service": {"name": "Curative Services"}, "facility": {"code": 12569}}, {"service": {"name": "Focused Antenatal Care"}, "facility": {"code": 12569}}, {"service": {"name": "PMTCT - ANC"}, "facility": {"code": 12569}}, {"service": {"name": "Provider Initiated Counselling and Testing"}, "facility": {"code": 12569}}, {"service": {"name": "Management of STIs"}, "facility": {"code": 12569}}, {"service": {"name": "Curative Services"}, "facility": {"code": 12568}}, {"service": {"name": "Focused Antenatal Care"}, "facility": {"code": 12568}}, {"service": {"name": "Short Term FP"}, "facility": {"code": 12568}}, {"service": {"name": "PMTCT - ANC"}, "facility": {"code": 12568}}, {"service": {"name": "Provider Initiated Counselling and Testing"}, "facility": {"code": 12568}}, {"service": {"name": "Management of STIs"}, "facility": {"code": 12568}}, {"service": {"name": "Condom Promotion and Distribution"}, "facility": {"code": 12568}}, {"service": {"name": "Emergency Preparedness"}, "facility": {"code": 13652}}, {"service": {"name": "Emergency Obstetric Care"}, "facility": {"code": 13652}}, {"service": {"name": "First Line Treatment"}, "facility": {"code": 13652}}, {"service": {"name": "Immunization with additional vaccines"}, "facility": {"code": 13652}}, {"service": {"name": "Basic Immunization"}, "facility": {"code": 13652}}, {"service": {"name": "Integrated Services"}, "facility": {"code": 13652}}, {"service": {"name": "Post Exposure Prophylaxis"}, "facility": {"code": 13652}}, {"service": {"name": "PMTCT - ANC"}, "facility": {"code": 13652}}, {"service": {"name": "Curative Services"}, "facility": {"code": 12541}}, {"service": {"name": "Focused Antenatal Care"}, "facility": {"code": 12541}}, {"service": {"name": "Short Term FP"}, "facility": {"code": 12541}}, {"service": {"name": "PMTCT - ANC"}, "facility": {"code": 12541}}, {"service": {"name": "Provider Initiated Counselling and Testing"}, "facility": {"code": 12541}}, {"service": {"name": "Management of STIs"}, "facility": {"code": 12541}}, {"service": {"name": "Condom Promotion and Distribution"}, "facility": {"code": 12541}}, {"service": {"name": "Emergency Preparedness"}, "facility": {"code": 12521}}, {"service": {"name": "Services for Sexual Violence Survivors"}, "facility": {"code": 12521}}, {"service": {"name": "Integrated Management of Childhood Illnesses"}, "facility": {"code": 12521}}, {"service": {"name": "Nutrition Services"}, "facility": {"code": 12521}}, {"service": {"name": "Laboratory Services"}, "facility": {"code": 12521}}, {"service": {"name": "Maternity Services"}, "facility": {"code": 12521}}, {"service": {"name": "Curative Services"}, "facility": {"code": 12521}}, {"service": {"name": "Basic Immunization"}, "facility": {"code": 12521}}, {"service": {"name": "First Line Treatment"}, "facility": {"code": 12521}}, {"service": {"name": "Focused Antenatal Care"}, "facility": {"code": 12521}}, {"service": {"name": "Home Based Care"}, "facility": {"code": 12521}}, {"service": {"name": "Adult Antiretroviral Therapy"}, "facility": {"code": 12521}}, {"service": {"name": "Paediatric Antiretroviral Therapy"}, "facility": {"code": 12521}}, {"service": {"name": "Voluntary Male Circumcision"}, "facility": {"code": 12521}}, {"service": {"name": "Post Exposure Prophylaxis"}, "facility": {"code": 12521}}, {"service": {"name": "PMTCT - Maternity"}, "facility": {"code": 12521}}, {"service": {"name": "PMTCT - ANC"}, "facility": {"code": 12521}}, {"service": {"name": "Early Infant Diagnosis"}, "facility": {"code": 12521}}, {"service": {"name": "Diagnostic Counselling and Testing"}, "facility": {"code": 12521}}, {"service": {"name": "Provider Initiated Counselling and Testing"}, "facility": {"code": 12521}}, {"service": {"name": "Voluntary Counselling and Testing"}, "facility": {"code": 12521}}, {"service": {"name": "Management of STIs"}, "facility": {"code": 12521}}, {"service": {"name": "Condom Promotion and Distribution"}, "facility": {"code": 12521}}, {"service": {"name": "Emergency Preparedness"}, "facility": {"code": 12519}}, {"service": {"name": "Integrated Management of Childhood Illnesses"}, "facility": {"code": 12519}}, {"service": {"name": "Nutrition Services"}, "facility": {"code": 12519}}, {"service": {"name": "Laboratory Services"}, "facility": {"code": 12519}}, {"service": {"name": "Curative Services"}, "facility": {"code": 12519}}, {"service": {"name": "Laboratory Services"}, "facility": {"code": 14009}}, {"service": {"name": "Maternity Services"}, "facility": {"code": 14009}}, {"service": {"name": "Curative Services"}, "facility": {"code": 14009}}, {"service": {"name": "Post Exposure Prophylaxis"}, "facility": {"code": 14009}}, {"service": {"name": "First Line Treatment"}, "facility": {"code": 12519}}, {"service": {"name": "Diagnostic Counselling and Testing"}, "facility": {"code": 14009}}, {"service": {"name": "Provider Initiated Counselling and Testing"}, "facility": {"code": 14009}}, {"service": {"name": "Voluntary Counselling and Testing"}, "facility": {"code": 14009}}, {"service": {"name": "Long Term FP"}, "facility": {"code": 12519}}, {"service": {"name": "Short Term FP"}, "facility": {"code": 12519}}, {"service": {"name": "Home Based Care"}, "facility": {"code": 14009}}, {"service": {"name": "Adult Antiretroviral Therapy"}, "facility": {"code": 14009}}, {"service": {"name": "Adult Antiretroviral Therapy"}, "facility": {"code": 12519}}, {"service": {"name": "Paediatric Antiretroviral Therapy"}, "facility": {"code": 12519}}, {"service": {"name": "Paediatric Antiretroviral Therapy"}, "facility": {"code": 14009}}, {"service": {"name": "Long Term FP"}, "facility": {"code": 14009}}, {"service": {"name": "Short Term FP"}, "facility": {"code": 14009}}, {"service": {"name": "Voluntary Male Circumcision"}, "facility": {"code": 12519}}, {"service": {"name": "Basic Immunization"}, "facility": {"code": 14009}}, {"service": {"name": "First Line Treatment"}, "facility": {"code": 14009}}, {"service": {"name": "PMTCT - ANC"}, "facility": {"code": 12519}}, {"service": {"name": "Early Infant Diagnosis"}, "facility": {"code": 12519}}, {"service": {"name": "Smear Microscopy"}, "facility": {"code": 14009}}, {"service": {"name": "Diagnostic Counselling and Testing"}, "facility": {"code": 12519}}, {"service": {"name": "Provider Initiated Counselling and Testing"}, "facility": {"code": 12519}}, {"service": {"name": "Voluntary Counselling and Testing"}, "facility": {"code": 12519}}, {"service": {"name": "Management of STIs"}, "facility": {"code": 12519}}, {"service": {"name": "Condom Promotion and Distribution"}, "facility": {"code": 12519}}, {"service": {"name": "PMTCT - Maternity"}, "facility": {"code": 14009}}, {"service": {"name": "PMTCT - ANC"}, "facility": {"code": 14009}}, {"service": {"name": "Early Infant Diagnosis"}, "facility": {"code": 14009}}, {"service": {"name": "Management of STIs"}, "facility": {"code": 14009}}, {"service": {"name": "Condom Promotion and Distribution"}, "facility": {"code": 14009}}, {"service": {"name": "Curative Services"}, "facility": {"code": 12518}}, {"service": {"name": "Provider Initiated Counselling and Testing"}, "facility": {"code": 12518}}, {"service": {"name": "Management of STIs"}, "facility": {"code": 12518}}, {"service": {"name": "Curative Services"}, "facility": {"code": 16283}}, {"service": {"name": "Curative Services"}, "facility": {"code": 12509}}, {"service": {"name": "Focused Antenatal Care"}, "facility": {"code": 12509}}, {"service": {"name": "Long Term FP"}, "facility": {"code": 12509}}, {"service": {"name": "Short Term FP"}, "facility": {"code": 12509}}, {"service": {"name": "PMTCT - ANC"}, "facility": {"code": 12509}}, {"service": {"name": "Provider Initiated Counselling and Testing"}, "facility": {"code": 12509}}, {"service": {"name": "Management of STIs"}, "facility": {"code": 12509}}, {"service": {"name": "Condom Promotion and Distribution"}, "facility": {"code": 12509}}, {"service": {"name": "Voluntary Counselling and Testing"}, "facility": {"code": 16283}}, {"service": {"name": "Nutrition Services"}, "facility": {"code": 12486}}, {"service": {"name": "Laboratory Services"}, "facility": {"code": 12486}}, {"service": {"name": "Curative Services"}, "facility": {"code": 12486}}, {"service": {"name": "First Line Treatment"}, "facility": {"code": 12486}}, {"service": {"name": "Immunization with additional vaccines"}, "facility": {"code": 12486}}, {"service": {"name": "Basic Immunization"}, "facility": {"code": 12486}}, {"service": {"name": "Focused Antenatal Care"}, "facility": {"code": 12486}}, {"service": {"name": "Long Term FP"}, "facility": {"code": 12486}}, {"service": {"name": "Short Term FP"}, "facility": {"code": 12486}}, {"service": {"name": "Home Based Care"}, "facility": {"code": 12486}}, {"service": {"name": "Adult Antiretroviral Therapy"}, "facility": {"code": 12486}}, {"service": {"name": "Paediatric Antiretroviral Therapy"}, "facility": {"code": 12486}}, {"service": {"name": "Diagnostic Counselling and Testing"}, "facility": {"code": 12486}}, {"service": {"name": "Post Exposure Prophylaxis"}, "facility": {"code": 12486}}, {"service": {"name": "Voluntary Male Circumcision"}, "facility": {"code": 12486}}, {"service": {"name": "PMTCT - ANC"}, "facility": {"code": 12486}}, {"service": {"name": "Early Infant Diagnosis"}, "facility": {"code": 12486}}, {"service": {"name": "Provider Initiated Counselling and Testing"}, "facility": {"code": 12486}}, {"service": {"name": "Voluntary Counselling and Testing"}, "facility": {"code": 12486}}, {"service": {"name": "Management of STIs"}, "facility": {"code": 12486}}, {"service": {"name": "Condom Promotion and Distribution"}, "facility": {"code": 12486}}, {"service": {"name": "Curative Services"}, "facility": {"code": 12464}}, {"service": {"name": "Nutrition Services"}, "facility": {"code": 12459}}, {"service": {"name": "Curative Services"}, "facility": {"code": 12459}}, {"service": {"name": "First Line Treatment"}, "facility": {"code": 12459}}, {"service": {"name": "Basic Immunization"}, "facility": {"code": 12459}}, {"service": {"name": "Focused Antenatal Care"}, "facility": {"code": 12459}}, {"service": {"name": "Short Term FP"}, "facility": {"code": 12459}}, {"service": {"name": "PMTCT - ANC"}, "facility": {"code": 12459}}, {"service": {"name": "Provider Initiated Counselling and Testing"}, "facility": {"code": 12459}}, {"service": {"name": "Management of STIs"}, "facility": {"code": 12459}}, {"service": {"name": "Condom Promotion and Distribution"}, "facility": {"code": 12459}}, {"service": {"name": "Management of STIs"}, "facility": {"code": 16997}}, {"service": {"name": "Emergency Preparedness"}, "facility": {"code": 12860}}, {"service": {"name": "Nutrition Services"}, "facility": {"code": 12860}}, {"service": {"name": "Laboratory Services"}, "facility": {"code": 12860}}, {"service": {"name": "Maternity Services"}, "facility": {"code": 12860}}, {"service": {"name": "Curative Services"}, "facility": {"code": 12860}}, {"service": {"name": "Basic Immunization"}, "facility": {"code": 12860}}, {"service": {"name": "Focused Antenatal Care"}, "facility": {"code": 12860}}, {"service": {"name": "Long Term FP"}, "facility": {"code": 12860}}, {"service": {"name": "Short Term FP"}, "facility": {"code": 12860}}, {"service": {"name": "PMTCT - Maternity"}, "facility": {"code": 12860}}, {"service": {"name": "PMTCT - ANC"}, "facility": {"code": 12860}}, {"service": {"name": "Provider Initiated Counselling and Testing"}, "facility": {"code": 12860}}, {"service": {"name": "Condom Promotion and Distribution"}, "facility": {"code": 12860}}, {"service": {"name": "Management of STIs"}, "facility": {"code": 12860}}, {"service": {"name": "Emergency Preparedness"}, "facility": {"code": 12853}}, {"service": {"name": "First Line Treatment"}, "facility": {"code": 12853}}, {"service": {"name": "Basic Immunization"}, "facility": {"code": 12853}}, {"service": {"name": "Focused Antenatal Care"}, "facility": {"code": 12853}}, {"service": {"name": "Long Term FP"}, "facility": {"code": 12853}}, {"service": {"name": "Short Term FP"}, "facility": {"code": 12853}}, {"service": {"name": "Adult Antiretroviral Therapy"}, "facility": {"code": 12853}}, {"service": {"name": "Paediatric Antiretroviral Therapy"}, "facility": {"code": 12853}}, {"service": {"name": "Early Infant Diagnosis"}, "facility": {"code": 12853}}, {"service": {"name": "PMTCT - Maternity"}, "facility": {"code": 12853}}, {"service": {"name": "PMTCT - ANC"}, "facility": {"code": 12853}}, {"service": {"name": "Provider Initiated Counselling and Testing"}, "facility": {"code": 12853}}, {"service": {"name": "Voluntary Counselling and Testing"}, "facility": {"code": 12853}}, {"service": {"name": "Management of STIs"}, "facility": {"code": 12853}}, {"service": {"name": "Condom Promotion and Distribution"}, "facility": {"code": 12853}}, {"service": {"name": "Curative Services"}, "facility": {"code": 12851}}, {"service": {"name": "Focused Antenatal Care"}, "facility": {"code": 12851}}, {"service": {"name": "Short Term FP"}, "facility": {"code": 12851}}, {"service": {"name": "PMTCT - ANC"}, "facility": {"code": 12851}}, {"service": {"name": "Provider Initiated Counselling and Testing"}, "facility": {"code": 12851}}, {"service": {"name": "Management of STIs"}, "facility": {"code": 12851}}, {"service": {"name": "Condom Promotion and Distribution"}, "facility": {"code": 12851}}, {"service": {"name": "Curative Services"}, "facility": {"code": 12846}}, {"service": {"name": "Focused Antenatal Care"}, "facility": {"code": 12846}}, {"service": {"name": "Short Term FP"}, "facility": {"code": 12846}}, {"service": {"name": "PMTCT - ANC"}, "facility": {"code": 12846}}, {"service": {"name": "Provider Initiated Counselling and Testing"}, "facility": {"code": 12846}}, {"service": {"name": "Management of STIs"}, "facility": {"code": 12846}}, {"service": {"name": "Condom Promotion and Distribution"}, "facility": {"code": 12846}}, {"service": {"name": "Curative Services"}, "facility": {"code": 12823}}, {"service": {"name": "Focused Antenatal Care"}, "facility": {"code": 12823}}, {"service": {"name": "Short Term FP"}, "facility": {"code": 12823}}, {"service": {"name": "PMTCT - ANC"}, "facility": {"code": 12823}}, {"service": {"name": "Provider Initiated Counselling and Testing"}, "facility": {"code": 12823}}, {"service": {"name": "Management of STIs"}, "facility": {"code": 12823}}, {"service": {"name": "Condom Promotion and Distribution"}, "facility": {"code": 12823}}, {"service": {"name": "Emergency Preparedness"}, "facility": {"code": 12812}}, {"service": {"name": "Curative Services"}, "facility": {"code": 12812}}, {"service": {"name": "Focused Antenatal Care"}, "facility": {"code": 12812}}, {"service": {"name": "Long Term FP"}, "facility": {"code": 12812}}, {"service": {"name": "Short Term FP"}, "facility": {"code": 12812}}, {"service": {"name": "PMTCT - ANC"}, "facility": {"code": 12812}}, {"service": {"name": "Provider Initiated Counselling and Testing"}, "facility": {"code": 12812}}, {"service": {"name": "Management of STIs"}, "facility": {"code": 12812}}, {"service": {"name": "Condom Promotion and Distribution"}, "facility": {"code": 12812}}, {"service": {"name": "Nutrition Services"}, "facility": {"code": 12806}}, {"service": {"name": "Provider Initiated Counselling and Testing"}, "facility": {"code": 12806}}, {"service": {"name": "Curative Services"}, "facility": {"code": 12804}}, {"service": {"name": "Focused Antenatal Care"}, "facility": {"code": 12804}}, {"service": {"name": "Long Term FP"}, "facility": {"code": 12804}}, {"service": {"name": "Short Term FP"}, "facility": {"code": 12804}}, {"service": {"name": "PMTCT - ANC"}, "facility": {"code": 12804}}, {"service": {"name": "Condom Promotion and Distribution"}, "facility": {"code": 12804}}, {"service": {"name": "Provider Initiated Counselling and Testing"}, "facility": {"code": 12804}}, {"service": {"name": "Management of STIs"}, "facility": {"code": 12804}}, {"service": {"name": "Emergency Preparedness"}, "facility": {"code": 12781}}, {"service": {"name": "Curative Services"}, "facility": {"code": 12781}}, {"service": {"name": "Basic Immunization"}, "facility": {"code": 12781}}, {"service": {"name": "Focused Antenatal Care"}, "facility": {"code": 12781}}, {"service": {"name": "Short Term FP"}, "facility": {"code": 12781}}, {"service": {"name": "Provider Initiated Counselling and Testing"}, "facility": {"code": 12781}}, {"service": {"name": "PMTCT - ANC"}, "facility": {"code": 12781}}, {"service": {"name": "Management of STIs"}, "facility": {"code": 12781}}, {"service": {"name": "Condom Promotion and Distribution"}, "facility": {"code": 12781}}, {"service": {"name": "Maternity Services"}, "facility": {"code": 13583}}, {"service": {"name": "Curative Services"}, "facility": {"code": 13583}}, {"service": {"name": "First Line Treatment"}, "facility": {"code": 13583}}, {"service": {"name": "Smear Microscopy"}, "facility": {"code": 13583}}, {"service": {"name": "Basic Immunization"}, "facility": {"code": 13583}}, {"service": {"name": "Focused Antenatal Care"}, "facility": {"code": 13583}}, {"service": {"name": "Short Term FP"}, "facility": {"code": 13583}}, {"service": {"name": "Adult Antiretroviral Therapy"}, "facility": {"code": 13583}}, {"service": {"name": "Paediatric Antiretroviral Therapy"}, "facility": {"code": 13583}}, {"service": {"name": "Post Exposure Prophylaxis"}, "facility": {"code": 13583}}, {"service": {"name": "PMTCT - Maternity"}, "facility": {"code": 13583}}, {"service": {"name": "PMTCT - ANC"}, "facility": {"code": 13583}}], "unique_fields": ["facility", "service"], "model": "facilities.FacilityService"}]