[{"records": [{"service": {"name": "Integrated Management of Childhood Illnesses"}, "facility": {"code": 14720}}, {"service": {"name": "Curative Services"}, "facility": {"code": 14720}}, {"service": {"name": "Early Infant Diagnosis"}, "facility": {"code": 15603}}, {"service": {"name": "Basic Immunization"}, "facility": {"code": 14720}}, {"service": {"name": "Focused Antenatal Care"}, "facility": {"code": 14720}}, {"service": {"name": "Short Term FP"}, "facility": {"code": 14720}}, {"service": {"name": "PMTCT - ANC"}, "facility": {"code": 14720}}, {"service": {"name": "Provider Initiated Counselling and Testing"}, "facility": {"code": 14720}}, {"service": {"name": "Management of STIs"}, "facility": {"code": 14720}}, {"service": {"name": "Condom Promotion and Distribution"}, "facility": {"code": 14720}}, {"service": {"name": "Emergency Obstetric Care"}, "facility": {"code": 14203}}, {"service": {"name": "Emergency Preparedness"}, "facility": {"code": 14203}}, {"service": {"name": "Environmental Health Services"}, "facility": {"code": 14203}}, {"service": {"name": "Nutrition Services"}, "facility": {"code": 14203}}, {"service": {"name": "Integrated Management of Childhood Illnesses"}, "facility": {"code": 14203}}, {"service": {"name": "Laboratory Services"}, "facility": {"code": 14203}}, {"service": {"name": "Maternity Services"}, "facility": {"code": 14203}}, {"service": {"name": "Curative Services"}, "facility": {"code": 14203}}, {"service": {"name": "First Line Treatment"}, "facility": {"code": 14203}}, {"service": {"name": "Smear Microscopy"}, "facility": {"code": 14203}}, {"service": {"name": "Basic Immunization"}, "facility": {"code": 14203}}, {"service": {"name": "Focused Antenatal Care"}, "facility": {"code": 14203}}, {"service": {"name": "Permanent FP"}, "facility": {"code": 14203}}, {"service": {"name": "Long Term FP"}, "facility": {"code": 14203}}, {"service": {"name": "Adult Antiretroviral Therapy"}, "facility": {"code": 14203}}, {"service": {"name": "Short Term FP"}, "facility": {"code": 14203}}, {"service": {"name": "Paediatric Antiretroviral Therapy"}, "facility": {"code": 14203}}, {"service": {"name": "Post Exposure Prophylaxis"}, "facility": {"code": 14203}}, {"service": {"name": "PMTCT - Maternity"}, "facility": {"code": 14203}}, {"service": {"name": "PMTCT - ANC"}, "facility": {"code": 14203}}, {"service": {"name": "Early Infant Diagnosis"}, "facility": {"code": 14203}}, {"service": {"name": "Diagnostic Counselling and Testing"}, "facility": {"code": 14203}}, {"service": {"name": "Provider Initiated Counselling and Testing"}, "facility": {"code": 14203}}, {"service": {"name": "Voluntary Counselling and Testing"}, "facility": {"code": 14203}}, {"service": {"name": "Management of STIs"}, "facility": {"code": 14203}}, {"service": {"name": "Condom Promotion and Distribution"}, "facility": {"code": 14203}}, {"service": {"name": "Voluntary Counselling and Testing"}, "facility": {"code": 15030}}, {"service": {"name": "Integrated Management of Childhood Illnesses"}, "facility": {"code": 14067}}, {"service": {"name": "Maternity Services"}, "facility": {"code": 14067}}, {"service": {"name": "Nutrition Services"}, "facility": {"code": 14402}}, {"service": {"name": "Environmental Health Services"}, "facility": {"code": 14402}}, {"service": {"name": "Emergency Preparedness"}, "facility": {"code": 14402}}, {"service": {"name": "Emergency Obstetric Care"}, "facility": {"code": 14402}}, {"service": {"name": "Oral Health Services (Dental Services)"}, "facility": {"code": 17861}}, {"service": {"name": "Surgical Services"}, "facility": {"code": 14402}}, {"service": {"name": "Nutrition Services"}, "facility": {"code": 17861}}, {"service": {"name": "Integrated Management of Childhood Illnesses"}, "facility": {"code": 17861}}, {"service": {"name": "Curative Services"}, "facility": {"code": 14402}}, {"service": {"name": "Laboratory Services"}, "facility": {"code": 17861}}, {"service": {"name": "Maternity Services"}, "facility": {"code": 17861}}, {"service": {"name": "Curative Services"}, "facility": {"code": 17861}}, {"service": {"name": "Short Term FP"}, "facility": {"code": 14402}}, {"service": {"name": "Post Exposure Prophylaxis"}, "facility": {"code": 14402}}, {"service": {"name": "PMTCT - ANC"}, "facility": {"code": 14402}}, {"service": {"name": "Curative Services"}, "facility": {"code": 14067}}, {"service": {"name": "Basic Immunization"}, "facility": {"code": 14067}}, {"service": {"name": "Focused Antenatal Care"}, "facility": {"code": 14067}}, {"service": {"name": "Early Infant Diagnosis"}, "facility": {"code": 14402}}, {"service": {"name": "Short Term FP"}, "facility": {"code": 14067}}, {"service": {"name": "Smear Microscopy"}, "facility": {"code": 17861}}, {"service": {"name": "Provider Initiated Counselling and Testing"}, "facility": {"code": 14402}}, {"service": {"name": "PMTCT - ANC"}, "facility": {"code": 14067}}, {"service": {"name": "Voluntary Counselling and Testing"}, "facility": {"code": 14402}}, {"service": {"name": "Condom Promotion and Distribution"}, "facility": {"code": 14402}}, {"service": {"name": "Provider Initiated Counselling and Testing"}, "facility": {"code": 14067}}, {"service": {"name": "Management of STIs"}, "facility": {"code": 14402}}, {"service": {"name": "Diagnostic Counselling and Testing"}, "facility": {"code": 14067}}, {"service": {"name": "Management of STIs"}, "facility": {"code": 14067}}, {"service": {"name": "Basic Immunization"}, "facility": {"code": 17861}}, {"service": {"name": "Focused Antenatal Care"}, "facility": {"code": 17861}}, {"service": {"name": "Condom Promotion and Distribution"}, "facility": {"code": 14067}}, {"service": {"name": "Long Term FP"}, "facility": {"code": 17861}}, {"service": {"name": "Short Term FP"}, "facility": {"code": 17861}}, {"service": {"name": "Voluntary Male Circumcision"}, "facility": {"code": 17861}}, {"service": {"name": "PMTCT - Maternity"}, "facility": {"code": 17861}}, {"service": {"name": "PMTCT - ANC"}, "facility": {"code": 17861}}, {"service": {"name": "Early Infant Diagnosis"}, "facility": {"code": 17861}}, {"service": {"name": "Diagnostic Counselling and Testing"}, "facility": {"code": 17861}}, {"service": {"name": "Provider Initiated Counselling and Testing"}, "facility": {"code": 17861}}, {"service": {"name": "Voluntary Counselling and Testing"}, "facility": {"code": 17861}}, {"service": {"name": "Management of STIs"}, "facility": {"code": 17861}}, {"service": {"name": "Emergency Preparedness"}, "facility": {"code": 14022}}, {"service": {"name": "Oral Health Services (Dental Services)"}, "facility": {"code": 14022}}, {"service": {"name": "Emergency Obstetric Care"}, "facility": {"code": 14022}}, {"service": {"name": "Rehabilitative Health Services - Physiotherapy"}, "facility": {"code": 14022}}, {"service": {"name": "Services for Sexual Violence Survivors"}, "facility": {"code": 14022}}, {"service": {"name": "Nutrition Services"}, "facility": {"code": 14022}}, {"service": {"name": "Integrated Management of Childhood Illnesses"}, "facility": {"code": 14022}}, {"service": {"name": "Laboratory Services"}, "facility": {"code": 14022}}, {"service": {"name": "Radiology Services"}, "facility": {"code": 14022}}, {"service": {"name": "Surgical Services"}, "facility": {"code": 14022}}, {"service": {"name": "Maternity Services"}, "facility": {"code": 14022}}, {"service": {"name": "Facility Based Blood Transfusion Service"}, "facility": {"code": 14022}}, {"service": {"name": "First Line Treatment"}, "facility": {"code": 14022}}, {"service": {"name": "Smear Microscopy"}, "facility": {"code": 14022}}, {"service": {"name": "Basic Immunization"}, "facility": {"code": 14022}}, {"service": {"name": "Focused Antenatal Care"}, "facility": {"code": 14022}}, {"service": {"name": "Permanent FP"}, "facility": {"code": 14022}}, {"service": {"name": "Short Term FP"}, "facility": {"code": 14022}}, {"service": {"name": "Adult Antiretroviral Therapy"}, "facility": {"code": 14022}}, {"service": {"name": "Paediatric Antiretroviral Therapy"}, "facility": {"code": 14022}}, {"service": {"name": "Post Exposure Prophylaxis"}, "facility": {"code": 14022}}, {"service": {"name": "Voluntary Male Circumcision"}, "facility": {"code": 14022}}, {"service": {"name": "PMTCT - Maternity"}, "facility": {"code": 14022}}, {"service": {"name": "PMTCT - ANC"}, "facility": {"code": 14022}}, {"service": {"name": "Early Infant Diagnosis"}, "facility": {"code": 14022}}, {"service": {"name": "Diagnostic Counselling and Testing"}, "facility": {"code": 14022}}, {"service": {"name": "Provider Initiated Counselling and Testing"}, "facility": {"code": 14022}}, {"service": {"name": "Voluntary Counselling and Testing"}, "facility": {"code": 14022}}, {"service": {"name": "Management of STIs"}, "facility": {"code": 14022}}, {"service": {"name": "Condom Promotion and Distribution"}, "facility": {"code": 14022}}, {"service": {"name": "Integrated Management of Childhood Illnesses"}, "facility": {"code": 14002}}, {"service": {"name": "Emergency Preparedness"}, "facility": {"code": 14925}}, {"service": {"name": "Emergency Obstetric Care"}, "facility": {"code": 14925}}, {"service": {"name": "Environmental Health Services"}, "facility": {"code": 14925}}, {"service": {"name": "Surgical Services"}, "facility": {"code": 14925}}, {"service": {"name": "Curative Services"}, "facility": {"code": 14925}}, {"service": {"name": "Laboratory Services"}, "facility": {"code": 14002}}, {"service": {"name": "Maternity Services"}, "facility": {"code": 14002}}, {"service": {"name": "Curative Services"}, "facility": {"code": 14002}}, {"service": {"name": "First Line Treatment"}, "facility": {"code": 14002}}, {"service": {"name": "Provider Initiated Counselling and Testing"}, "facility": {"code": 14925}}, {"service": {"name": "Voluntary Counselling and Testing"}, "facility": {"code": 14925}}, {"service": {"name": "Management of STIs"}, "facility": {"code": 14925}}, {"service": {"name": "Condom Promotion and Distribution"}, "facility": {"code": 14925}}, {"service": {"name": "Basic Immunization"}, "facility": {"code": 14002}}, {"service": {"name": "Focused Antenatal Care"}, "facility": {"code": 14002}}, {"service": {"name": "Long Term FP"}, "facility": {"code": 14002}}, {"service": {"name": "Short Term FP"}, "facility": {"code": 14002}}, {"service": {"name": "Adult Antiretroviral Therapy"}, "facility": {"code": 14002}}, {"service": {"name": "Paediatric Antiretroviral Therapy"}, "facility": {"code": 14002}}, {"service": {"name": "Post Exposure Prophylaxis"}, "facility": {"code": 14002}}, {"service": {"name": "Voluntary Male Circumcision"}, "facility": {"code": 14002}}, {"service": {"name": "PMTCT - Maternity"}, "facility": {"code": 14002}}, {"service": {"name": "PMTCT - ANC"}, "facility": {"code": 14002}}, {"service": {"name": "Early Infant Diagnosis"}, "facility": {"code": 14002}}, {"service": {"name": "Diagnostic Counselling and Testing"}, "facility": {"code": 14002}}, {"service": {"name": "Provider Initiated Counselling and Testing"}, "facility": {"code": 14002}}, {"service": {"name": "Voluntary Counselling and Testing"}, "facility": {"code": 14002}}, {"service": {"name": "Management of STIs"}, "facility": {"code": 14002}}, {"service": {"name": "Condom Promotion and Distribution"}, "facility": {"code": 14002}}, {"service": {"name": "Emergency Preparedness"}, "facility": {"code": 11722}}, {"service": {"name": "Oral Health Services (Dental Services)"}, "facility": {"code": 11722}}, {"service": {"name": "Emergency Obstetric Care"}, "facility": {"code": 11722}}, {"service": {"name": "Ambulance Sevices"}, "facility": {"code": 11722}}, {"service": {"name": "Maternity Services"}, "facility": {"code": 11722}}, {"service": {"name": "Curative Services"}, "facility": {"code": 11722}}, {"service": {"name": "Focused Antenatal Care"}, "facility": {"code": 11722}}, {"service": {"name": "Voluntary Male Circumcision"}, "facility": {"code": 11722}}, {"service": {"name": "PMTCT - Maternity"}, "facility": {"code": 11722}}, {"service": {"name": "PMTCT - ANC"}, "facility": {"code": 11722}}, {"service": {"name": "Diagnostic Counselling and Testing"}, "facility": {"code": 11722}}, {"service": {"name": "Voluntary Counselling and Testing"}, "facility": {"code": 11722}}, {"service": {"name": "Management of STIs"}, "facility": {"code": 11722}}, {"service": {"name": "Condom Promotion and Distribution"}, "facility": {"code": 11722}}, {"service": {"name": "Post Exposure Prophylaxis"}, "facility": {"code": 17080}}, {"service": {"name": "Voluntary Counselling and Testing"}, "facility": {"code": 14829}}, {"service": {"name": "Provider Initiated Counselling and Testing"}, "facility": {"code": 14629}}, {"service": {"name": "Laboratory Services"}, "facility": {"code": 16284}}, {"service": {"name": "Curative Services"}, "facility": {"code": 16284}}, {"service": {"name": "Diagnostic Counselling and Testing"}, "facility": {"code": 16284}}, {"service": {"name": "Provider Initiated Counselling and Testing"}, "facility": {"code": 16284}}, {"service": {"name": "Management of STIs"}, "facility": {"code": 16284}}, {"service": {"name": "Integrated Management of Childhood Illnesses"}, "facility": {"code": 13980}}, {"service": {"name": "Maternity Services"}, "facility": {"code": 13980}}, {"service": {"name": "Curative Services"}, "facility": {"code": 13980}}, {"service": {"name": "First Line Treatment"}, "facility": {"code": 13980}}, {"service": {"name": "Basic Immunization"}, "facility": {"code": 13980}}, {"service": {"name": "Focused Antenatal Care"}, "facility": {"code": 13980}}, {"service": {"name": "Short Term FP"}, "facility": {"code": 13980}}, {"service": {"name": "PMTCT - Maternity"}, "facility": {"code": 13980}}, {"service": {"name": "PMTCT - ANC"}, "facility": {"code": 13980}}, {"service": {"name": "Early Infant Diagnosis"}, "facility": {"code": 13980}}, {"service": {"name": "Diagnostic Counselling and Testing"}, "facility": {"code": 13980}}, {"service": {"name": "Laboratory Services"}, "facility": {"code": 13981}}, {"service": {"name": "Integrated Management of Childhood Illnesses"}, "facility": {"code": 13981}}, {"service": {"name": "First Line Treatment"}, "facility": {"code": 13981}}, {"service": {"name": "Curative Services"}, "facility": {"code": 13981}}, {"service": {"name": "Basic Immunization"}, "facility": {"code": 13981}}, {"service": {"name": "Focused Antenatal Care"}, "facility": {"code": 13981}}, {"service": {"name": "Short Term FP"}, "facility": {"code": 13981}}, {"service": {"name": "PMTCT - Maternity"}, "facility": {"code": 13981}}, {"service": {"name": "PMTCT - ANC"}, "facility": {"code": 13981}}, {"service": {"name": "Early Infant Diagnosis"}, "facility": {"code": 13981}}, {"service": {"name": "Diagnostic Counselling and Testing"}, "facility": {"code": 13981}}, {"service": {"name": "Provider Initiated Counselling and Testing"}, "facility": {"code": 13981}}, {"service": {"name": "Management of STIs"}, "facility": {"code": 13981}}, {"service": {"name": "Condom Promotion and Distribution"}, "facility": {"code": 13981}}, {"service": {"name": "Provider Initiated Counselling and Testing"}, "facility": {"code": 13980}}, {"service": {"name": "Management of STIs"}, "facility": {"code": 13980}}, {"service": {"name": "Condom Promotion and Distribution"}, "facility": {"code": 13980}}, {"service": {"name": "First Line Treatment"}, "facility": {"code": 13978}}, {"service": {"name": "Integrated Management of Childhood Illnesses"}, "facility": {"code": 13978}}, {"service": {"name": "Curative Services"}, "facility": {"code": 13978}}, {"service": {"name": "Basic Immunization"}, "facility": {"code": 13978}}, {"service": {"name": "Focused Antenatal Care"}, "facility": {"code": 13978}}, {"service": {"name": "Short Term FP"}, "facility": {"code": 13978}}, {"service": {"name": "PMTCT - ANC"}, "facility": {"code": 13978}}, {"service": {"name": "Early Infant Diagnosis"}, "facility": {"code": 13978}}, {"service": {"name": "Diagnostic Counselling and Testing"}, "facility": {"code": 13978}}, {"service": {"name": "Provider Initiated Counselling and Testing"}, "facility": {"code": 13978}}, {"service": {"name": "Management of STIs"}, "facility": {"code": 13978}}, {"service": {"name": "Condom Promotion and Distribution"}, "facility": {"code": 13978}}, {"service": {"name": "Integrated Management of Childhood Illnesses"}, "facility": {"code": 13974}}, {"service": {"name": "Curative Services"}, "facility": {"code": 13974}}, {"service": {"name": "First Line Treatment"}, "facility": {"code": 13974}}, {"service": {"name": "Basic Immunization"}, "facility": {"code": 13974}}, {"service": {"name": "Focused Antenatal Care"}, "facility": {"code": 13974}}, {"service": {"name": "Short Term FP"}, "facility": {"code": 13974}}, {"service": {"name": "PMTCT - ANC"}, "facility": {"code": 13974}}, {"service": {"name": "Early Infant Diagnosis"}, "facility": {"code": 13974}}, {"service": {"name": "Diagnostic Counselling and Testing"}, "facility": {"code": 13974}}, {"service": {"name": "Provider Initiated Counselling and Testing"}, "facility": {"code": 13974}}, {"service": {"name": "Management of STIs"}, "facility": {"code": 13974}}, {"service": {"name": "Condom Promotion and Distribution"}, "facility": {"code": 13974}}, {"service": {"name": "Maternity Services"}, "facility": {"code": 13973}}, {"service": {"name": "Mortuary Services"}, "facility": {"code": 13973}}, {"service": {"name": "Curative Services"}, "facility": {"code": 13973}}, {"service": {"name": "Basic Immunization"}, "facility": {"code": 13973}}, {"service": {"name": "Short Term FP"}, "facility": {"code": 13973}}, {"service": {"name": "Diagnostic Counselling and Testing"}, "facility": {"code": 13973}}, {"service": {"name": "Management of STIs"}, "facility": {"code": 13973}}, {"service": {"name": "Condom Promotion and Distribution"}, "facility": {"code": 13973}}, {"service": {"name": "Integrated Management of Childhood Illnesses"}, "facility": {"code": 13953}}, {"service": {"name": "Maternity Services"}, "facility": {"code": 13953}}, {"service": {"name": "Curative Services"}, "facility": {"code": 13953}}, {"service": {"name": "First Line Treatment"}, "facility": {"code": 13953}}, {"service": {"name": "Basic Immunization"}, "facility": {"code": 13953}}, {"service": {"name": "Focused Antenatal Care"}, "facility": {"code": 13953}}, {"service": {"name": "Long Term FP"}, "facility": {"code": 13953}}, {"service": {"name": "Short Term FP"}, "facility": {"code": 13953}}, {"service": {"name": "Adult Antiretroviral Therapy"}, "facility": {"code": 13953}}, {"service": {"name": "Paediatric Antiretroviral Therapy"}, "facility": {"code": 13953}}, {"service": {"name": "Post Exposure Prophylaxis"}, "facility": {"code": 13953}}, {"service": {"name": "PMTCT - Maternity"}, "facility": {"code": 13953}}, {"service": {"name": "PMTCT - ANC"}, "facility": {"code": 13953}}, {"service": {"name": "Early Infant Diagnosis"}, "facility": {"code": 13953}}, {"service": {"name": "Voluntary Counselling and Testing"}, "facility": {"code": 13953}}, {"service": {"name": "Diagnostic Counselling and Testing"}, "facility": {"code": 13953}}, {"service": {"name": "Provider Initiated Counselling and Testing"}, "facility": {"code": 13953}}, {"service": {"name": "Management of STIs"}, "facility": {"code": 13953}}, {"service": {"name": "Condom Promotion and Distribution"}, "facility": {"code": 13953}}, {"service": {"name": "Integrated Management of Childhood Illnesses"}, "facility": {"code": 16876}}, {"service": {"name": "Laboratory Services"}, "facility": {"code": 16876}}, {"service": {"name": "Curative Services"}, "facility": {"code": 16876}}, {"service": {"name": "Basic Immunization"}, "facility": {"code": 16876}}, {"service": {"name": "Focused Antenatal Care"}, "facility": {"code": 16876}}, {"service": {"name": "Short Term FP"}, "facility": {"code": 16876}}, {"service": {"name": "PMTCT - ANC"}, "facility": {"code": 16876}}, {"service": {"name": "Early Infant Diagnosis"}, "facility": {"code": 16876}}, {"service": {"name": "Diagnostic Counselling and Testing"}, "facility": {"code": 16876}}, {"service": {"name": "Provider Initiated Counselling and Testing"}, "facility": {"code": 16876}}, {"service": {"name": "Management of STIs"}, "facility": {"code": 16876}}, {"service": {"name": "Condom Promotion and Distribution"}, "facility": {"code": 16876}}, {"service": {"name": "Integrated Management of Childhood Illnesses"}, "facility": {"code": 13926}}, {"service": {"name": "Curative Services"}, "facility": {"code": 13926}}, {"service": {"name": "First Line Treatment"}, "facility": {"code": 13926}}, {"service": {"name": "Basic Immunization"}, "facility": {"code": 13926}}, {"service": {"name": "Focused Antenatal Care"}, "facility": {"code": 13926}}, {"service": {"name": "Short Term FP"}, "facility": {"code": 13926}}, {"service": {"name": "PMTCT - ANC"}, "facility": {"code": 13926}}, {"service": {"name": "Early Infant Diagnosis"}, "facility": {"code": 13926}}, {"service": {"name": "Diagnostic Counselling and Testing"}, "facility": {"code": 13926}}, {"service": {"name": "Provider Initiated Counselling and Testing"}, "facility": {"code": 13926}}, {"service": {"name": "Management of STIs"}, "facility": {"code": 13926}}, {"service": {"name": "Condom Promotion and Distribution"}, "facility": {"code": 13926}}, {"service": {"name": "Integrated Management of Childhood Illnesses"}, "facility": {"code": 16877}}, {"service": {"name": "Curative Services"}, "facility": {"code": 16877}}, {"service": {"name": "Basic Immunization"}, "facility": {"code": 16877}}, {"service": {"name": "Focused Antenatal Care"}, "facility": {"code": 16877}}, {"service": {"name": "Short Term FP"}, "facility": {"code": 16877}}, {"service": {"name": "PMTCT - ANC"}, "facility": {"code": 16877}}, {"service": {"name": "Diagnostic Counselling and Testing"}, "facility": {"code": 16877}}, {"service": {"name": "Provider Initiated Counselling and Testing"}, "facility": {"code": 16877}}, {"service": {"name": "Management of STIs"}, "facility": {"code": 16877}}, {"service": {"name": "Condom Promotion and Distribution"}, "facility": {"code": 16877}}, {"service": {"name": "Integrated Management of Childhood Illnesses"}, "facility": {"code": 13889}}, {"service": {"name": "Curative Services"}, "facility": {"code": 13889}}, {"service": {"name": "Basic Immunization"}, "facility": {"code": 13889}}, {"service": {"name": "Focused Antenatal Care"}, "facility": {"code": 13889}}, {"service": {"name": "Short Term FP"}, "facility": {"code": 13889}}, {"service": {"name": "PMTCT - ANC"}, "facility": {"code": 13889}}, {"service": {"name": "Early Infant Diagnosis"}, "facility": {"code": 13889}}, {"service": {"name": "Diagnostic Counselling and Testing"}, "facility": {"code": 13889}}, {"service": {"name": "Provider Initiated Counselling and Testing"}, "facility": {"code": 13889}}, {"service": {"name": "Management of STIs"}, "facility": {"code": 13889}}, {"service": {"name": "Condom Promotion and Distribution"}, "facility": {"code": 13889}}, {"service": {"name": "Basic Immunization"}, "facility": {"code": 13081}}, {"service": {"name": "Short Term FP"}, "facility": {"code": 13081}}, {"service": {"name": "PMTCT - ANC"}, "facility": {"code": 13081}}, {"service": {"name": "Diagnostic Counselling and Testing"}, "facility": {"code": 13081}}, {"service": {"name": "Early Infant Diagnosis"}, "facility": {"code": 13081}}, {"service": {"name": "Provider Initiated Counselling and Testing"}, "facility": {"code": 13081}}, {"service": {"name": "Condom Promotion and Distribution"}, "facility": {"code": 13081}}, {"service": {"name": "Emergency Obstetric Care"}, "facility": {"code": 12999}}, {"service": {"name": "Nutrition Services"}, "facility": {"code": 12999}}, {"service": {"name": "Laboratory Services"}, "facility": {"code": 12999}}, {"service": {"name": "Maternity Services"}, "facility": {"code": 12999}}, {"service": {"name": "Curative Services"}, "facility": {"code": 12999}}, {"service": {"name": "Basic Immunization"}, "facility": {"code": 12999}}, {"service": {"name": "Focused Antenatal Care"}, "facility": {"code": 12999}}, {"service": {"name": "Short Term FP"}, "facility": {"code": 12999}}, {"service": {"name": "Diagnostic Counselling and Testing"}, "facility": {"code": 12999}}, {"service": {"name": "Condom Promotion and Distribution"}, "facility": {"code": 12999}}, {"service": {"name": "Nutrition Services"}, "facility": {"code": 12998}}, {"service": {"name": "Curative Services"}, "facility": {"code": 12998}}, {"service": {"name": "First Line Treatment"}, "facility": {"code": 12998}}, {"service": {"name": "Basic Immunization"}, "facility": {"code": 12998}}, {"service": {"name": "Focused Antenatal Care"}, "facility": {"code": 12998}}, {"service": {"name": "Short Term FP"}, "facility": {"code": 12998}}, {"service": {"name": "PMTCT - ANC"}, "facility": {"code": 12998}}, {"service": {"name": "Early Infant Diagnosis"}, "facility": {"code": 12998}}, {"service": {"name": "Diagnostic Counselling and Testing"}, "facility": {"code": 12998}}, {"service": {"name": "Provider Initiated Counselling and Testing"}, "facility": {"code": 12998}}, {"service": {"name": "Voluntary Counselling and Testing"}, "facility": {"code": 12998}}, {"service": {"name": "Condom Promotion and Distribution"}, "facility": {"code": 12998}}, {"service": {"name": "Focused Antenatal Care"}, "facility": {"code": 12904}}, {"service": {"name": "Condom Promotion and Distribution"}, "facility": {"code": 12904}}, {"service": {"name": "Environmental Health Services"}, "facility": {"code": 12988}}, {"service": {"name": "Integrated Management of Childhood Illnesses"}, "facility": {"code": 12988}}, {"service": {"name": "Nutrition Services"}, "facility": {"code": 12988}}, {"service": {"name": "Laboratory Services"}, "facility": {"code": 12988}}, {"service": {"name": "Curative Services"}, "facility": {"code": 12988}}, {"service": {"name": "First Line Treatment"}, "facility": {"code": 12988}}, {"service": {"name": "Smear Microscopy"}, "facility": {"code": 12988}}, {"service": {"name": "Basic Immunization"}, "facility": {"code": 12988}}, {"service": {"name": "Focused Antenatal Care"}, "facility": {"code": 12988}}, {"service": {"name": "Long Term FP"}, "facility": {"code": 12988}}, {"service": {"name": "Short Term FP"}, "facility": {"code": 12988}}, {"service": {"name": "Adult Antiretroviral Therapy"}, "facility": {"code": 12988}}, {"service": {"name": "Paediatric Antiretroviral Therapy"}, "facility": {"code": 12988}}, {"service": {"name": "Post Exposure Prophylaxis"}, "facility": {"code": 12988}}, {"service": {"name": "PMTCT - ANC"}, "facility": {"code": 12988}}, {"service": {"name": "Early Infant Diagnosis"}, "facility": {"code": 12988}}, {"service": {"name": "Diagnostic Counselling and Testing"}, "facility": {"code": 12988}}, {"service": {"name": "Management of STIs"}, "facility": {"code": 12988}}, {"service": {"name": "Provider Initiated Counselling and Testing"}, "facility": {"code": 12988}}, {"service": {"name": "Voluntary Counselling and Testing"}, "facility": {"code": 12988}}, {"service": {"name": "Condom Promotion and Distribution"}, "facility": {"code": 12988}}, {"service": {"name": "Condom Promotion and Distribution"}, "facility": {"code": 13097}}, {"service": {"name": "Opthalmic Services"}, "facility": {"code": 12029}}, {"service": {"name": "Integrated Services"}, "facility": {"code": 12029}}, {"service": {"name": "Laboratory Services"}, "facility": {"code": 13888}}, {"service": {"name": "Maternity Services"}, "facility": {"code": 13888}}, {"service": {"name": "Curative Services"}, "facility": {"code": 13888}}, {"service": {"name": "Mortuary Services"}, "facility": {"code": 13888}}, {"service": {"name": "Focused Antenatal Care"}, "facility": {"code": 13888}}, {"service": {"name": "Short Term FP"}, "facility": {"code": 13888}}, {"service": {"name": "Diagnostic Counselling and Testing"}, "facility": {"code": 13888}}, {"service": {"name": "Management of STIs"}, "facility": {"code": 13888}}, {"service": {"name": "Condom Promotion and Distribution"}, "facility": {"code": 13888}}, {"service": {"name": "Curative Services"}, "facility": {"code": 13873}}, {"service": {"name": "Basic Immunization"}, "facility": {"code": 13873}}, {"service": {"name": "Focused Antenatal Care"}, "facility": {"code": 13873}}, {"service": {"name": "Short Term FP"}, "facility": {"code": 13873}}, {"service": {"name": "PMTCT - ANC"}, "facility": {"code": 13873}}, {"service": {"name": "Early Infant Diagnosis"}, "facility": {"code": 13873}}, {"service": {"name": "Diagnostic Counselling and Testing"}, "facility": {"code": 13873}}, {"service": {"name": "Provider Initiated Counselling and Testing"}, "facility": {"code": 13873}}, {"service": {"name": "Management of STIs"}, "facility": {"code": 13873}}, {"service": {"name": "Condom Promotion and Distribution"}, "facility": {"code": 13873}}, {"service": {"name": "Integrated Management of Childhood Illnesses"}, "facility": {"code": 13863}}, {"service": {"name": "Laboratory Services"}, "facility": {"code": 13863}}, {"service": {"name": "Curative Services"}, "facility": {"code": 13863}}, {"service": {"name": "Basic Immunization"}, "facility": {"code": 13863}}, {"service": {"name": "Focused Antenatal Care"}, "facility": {"code": 13863}}, {"service": {"name": "Short Term FP"}, "facility": {"code": 13863}}, {"service": {"name": "PMTCT - ANC"}, "facility": {"code": 13863}}, {"service": {"name": "Early Infant Diagnosis"}, "facility": {"code": 13863}}, {"service": {"name": "Diagnostic Counselling and Testing"}, "facility": {"code": 13863}}, {"service": {"name": "Provider Initiated Counselling and Testing"}, "facility": {"code": 13863}}, {"service": {"name": "Management of STIs"}, "facility": {"code": 13863}}, {"service": {"name": "Condom Promotion and Distribution"}, "facility": {"code": 13863}}, {"service": {"name": "Services for Sexual Violence Survivors"}, "facility": {"code": 13812}}, {"service": {"name": "Laboratory Services"}, "facility": {"code": 13812}}, {"service": {"name": "Integrated Management of Childhood Illnesses"}, "facility": {"code": 13812}}, {"service": {"name": "Maternity Services"}, "facility": {"code": 13812}}, {"service": {"name": "Curative Services"}, "facility": {"code": 13812}}, {"service": {"name": "First Line Treatment"}, "facility": {"code": 13812}}, {"service": {"name": "Smear Microscopy"}, "facility": {"code": 13812}}, {"service": {"name": "Basic Immunization"}, "facility": {"code": 13812}}, {"service": {"name": "Focused Antenatal Care"}, "facility": {"code": 13812}}, {"service": {"name": "Long Term FP"}, "facility": {"code": 13812}}, {"service": {"name": "Short Term FP"}, "facility": {"code": 13812}}, {"service": {"name": "Adult Antiretroviral Therapy"}, "facility": {"code": 13812}}, {"service": {"name": "Paediatric Antiretroviral Therapy"}, "facility": {"code": 13812}}, {"service": {"name": "Post Exposure Prophylaxis"}, "facility": {"code": 13812}}, {"service": {"name": "Voluntary Male Circumcision"}, "facility": {"code": 13812}}, {"service": {"name": "PMTCT - Maternity"}, "facility": {"code": 13812}}, {"service": {"name": "PMTCT - ANC"}, "facility": {"code": 13812}}, {"service": {"name": "Early Infant Diagnosis"}, "facility": {"code": 13812}}, {"service": {"name": "Diagnostic Counselling and Testing"}, "facility": {"code": 13812}}, {"service": {"name": "Provider Initiated Counselling and Testing"}, "facility": {"code": 13812}}, {"service": {"name": "Voluntary Counselling and Testing"}, "facility": {"code": 13812}}, {"service": {"name": "Management of STIs"}, "facility": {"code": 13812}}, {"service": {"name": "Condom Promotion and Distribution"}, "facility": {"code": 13812}}, {"service": {"name": "Emergency Obstetric Care"}, "facility": {"code": 13789}}, {"service": {"name": "Oral Health Services (Dental Services)"}, "facility": {"code": 13789}}, {"service": {"name": "Services for Sexual Violence Survivors"}, "facility": {"code": 13789}}, {"service": {"name": "Integrated Management of Childhood Illnesses"}, "facility": {"code": 13789}}, {"service": {"name": "Ambulance Sevices"}, "facility": {"code": 13789}}, {"service": {"name": "Laboratory Services"}, "facility": {"code": 13789}}, {"service": {"name": "Radiology Services"}, "facility": {"code": 13789}}, {"service": {"name": "Surgical Services"}, "facility": {"code": 13789}}, {"service": {"name": "Maternity Services"}, "facility": {"code": 13789}}, {"service": {"name": "Curative Services"}, "facility": {"code": 13789}}, {"service": {"name": "Mortuary Services"}, "facility": {"code": 13789}}, {"service": {"name": "Facility Based Blood Transfusion Service"}, "facility": {"code": 13789}}, {"service": {"name": "Facility Based Blood Collection Service"}, "facility": {"code": 13789}}, {"service": {"name": "First Line Treatment"}, "facility": {"code": 13789}}, {"service": {"name": "Smear Microscopy"}, "facility": {"code": 13789}}, {"service": {"name": "Focused Antenatal Care"}, "facility": {"code": 13789}}, {"service": {"name": "Basic Immunization"}, "facility": {"code": 13789}}, {"service": {"name": "Permanent FP"}, "facility": {"code": 13789}}, {"service": {"name": "Long Term FP"}, "facility": {"code": 13789}}, {"service": {"name": "Short Term FP"}, "facility": {"code": 13789}}, {"service": {"name": "Adult Antiretroviral Therapy"}, "facility": {"code": 13789}}, {"service": {"name": "Paediatric Antiretroviral Therapy"}, "facility": {"code": 13789}}, {"service": {"name": "Post Exposure Prophylaxis"}, "facility": {"code": 13789}}, {"service": {"name": "Voluntary Male Circumcision"}, "facility": {"code": 13789}}, {"service": {"name": "PMTCT - Maternity"}, "facility": {"code": 13789}}, {"service": {"name": "PMTCT - ANC"}, "facility": {"code": 13789}}, {"service": {"name": "Early Infant Diagnosis"}, "facility": {"code": 13789}}, {"service": {"name": "Diagnostic Counselling and Testing"}, "facility": {"code": 13789}}, {"service": {"name": "Provider Initiated Counselling and Testing"}, "facility": {"code": 13789}}, {"service": {"name": "Voluntary Counselling and Testing"}, "facility": {"code": 13789}}, {"service": {"name": "Management of STIs"}, "facility": {"code": 13789}}, {"service": {"name": "Condom Promotion and Distribution"}, "facility": {"code": 13789}}, {"service": {"name": "Integrated Management of Childhood Illnesses"}, "facility": {"code": 13784}}, {"service": {"name": "Curative Services"}, "facility": {"code": 13784}}, {"service": {"name": "Basic Immunization"}, "facility": {"code": 13784}}, {"service": {"name": "Focused Antenatal Care"}, "facility": {"code": 13784}}, {"service": {"name": "Short Term FP"}, "facility": {"code": 13784}}, {"service": {"name": "PMTCT - ANC"}, "facility": {"code": 13784}}, {"service": {"name": "Early Infant Diagnosis"}, "facility": {"code": 13784}}, {"service": {"name": "Diagnostic Counselling and Testing"}, "facility": {"code": 13784}}, {"service": {"name": "Provider Initiated Counselling and Testing"}, "facility": {"code": 13784}}, {"service": {"name": "Management of STIs"}, "facility": {"code": 13784}}, {"service": {"name": "Condom Promotion and Distribution"}, "facility": {"code": 13784}}, {"service": {"name": "Laboratory Services"}, "facility": {"code": 13768}}, {"service": {"name": "Maternity Services"}, "facility": {"code": 13768}}, {"service": {"name": "Curative Services"}, "facility": {"code": 13768}}, {"service": {"name": "Basic Immunization"}, "facility": {"code": 13768}}, {"service": {"name": "Focused Antenatal Care"}, "facility": {"code": 13768}}, {"service": {"name": "Short Term FP"}, "facility": {"code": 13768}}, {"service": {"name": "PMTCT - Maternity"}, "facility": {"code": 13768}}, {"service": {"name": "PMTCT - ANC"}, "facility": {"code": 13768}}, {"service": {"name": "Early Infant Diagnosis"}, "facility": {"code": 13768}}, {"service": {"name": "Diagnostic Counselling and Testing"}, "facility": {"code": 13768}}, {"service": {"name": "Provider Initiated Counselling and Testing"}, "facility": {"code": 13768}}, {"service": {"name": "Management of STIs"}, "facility": {"code": 13768}}, {"service": {"name": "Condom Promotion and Distribution"}, "facility": {"code": 13768}}, {"service": {"name": "Curative Services"}, "facility": {"code": 16875}}, {"service": {"name": "Management of STIs"}, "facility": {"code": 16875}}, {"service": {"name": "Condom Promotion and Distribution"}, "facility": {"code": 16875}}, {"service": {"name": "Integrated Management of Childhood Illnesses"}, "facility": {"code": 13733}}, {"service": {"name": "Curative Services"}, "facility": {"code": 13733}}, {"service": {"name": "Focused Antenatal Care"}, "facility": {"code": 13733}}, {"service": {"name": "Short Term FP"}, "facility": {"code": 13733}}, {"service": {"name": "PMTCT - ANC"}, "facility": {"code": 13733}}, {"service": {"name": "Early Infant Diagnosis"}, "facility": {"code": 13733}}, {"service": {"name": "Diagnostic Counselling and Testing"}, "facility": {"code": 13733}}, {"service": {"name": "Provider Initiated Counselling and Testing"}, "facility": {"code": 13733}}, {"service": {"name": "Management of STIs"}, "facility": {"code": 13733}}, {"service": {"name": "Condom Promotion and Distribution"}, "facility": {"code": 13733}}, {"service": {"name": "Integrated Management of Childhood Illnesses"}, "facility": {"code": 13721}}, {"service": {"name": "Curative Services"}, "facility": {"code": 13721}}, {"service": {"name": "First Line Treatment"}, "facility": {"code": 13721}}, {"service": {"name": "Basic Immunization"}, "facility": {"code": 13721}}, {"service": {"name": "Focused Antenatal Care"}, "facility": {"code": 13721}}, {"service": {"name": "Short Term FP"}, "facility": {"code": 13721}}, {"service": {"name": "PMTCT - ANC"}, "facility": {"code": 13721}}, {"service": {"name": "Early Infant Diagnosis"}, "facility": {"code": 13721}}, {"service": {"name": "Diagnostic Counselling and Testing"}, "facility": {"code": 13721}}, {"service": {"name": "Provider Initiated Counselling and Testing"}, "facility": {"code": 13721}}, {"service": {"name": "Management of STIs"}, "facility": {"code": 13721}}, {"service": {"name": "Condom Promotion and Distribution"}, "facility": {"code": 13721}}, {"service": {"name": "Integrated Management of Childhood Illnesses"}, "facility": {"code": 13712}}, {"service": {"name": "Laboratory Services"}, "facility": {"code": 13712}}, {"service": {"name": "Curative Services"}, "facility": {"code": 13712}}, {"service": {"name": "Basic Immunization"}, "facility": {"code": 13712}}, {"service": {"name": "Focused Antenatal Care"}, "facility": {"code": 13712}}, {"service": {"name": "Short Term FP"}, "facility": {"code": 13712}}, {"service": {"name": "PMTCT - ANC"}, "facility": {"code": 13712}}, {"service": {"name": "Early Infant Diagnosis"}, "facility": {"code": 13712}}, {"service": {"name": "Diagnostic Counselling and Testing"}, "facility": {"code": 13712}}, {"service": {"name": "Provider Initiated Counselling and Testing"}, "facility": {"code": 13712}}, {"service": {"name": "Management of STIs"}, "facility": {"code": 13712}}, {"service": {"name": "Condom Promotion and Distribution"}, "facility": {"code": 13712}}, {"service": {"name": "Curative Services"}, "facility": {"code": 11979}}, {"service": {"name": "Basic Immunization"}, "facility": {"code": 11979}}, {"service": {"name": "Short Term FP"}, "facility": {"code": 11979}}, {"service": {"name": "PMTCT - ANC"}, "facility": {"code": 11979}}, {"service": {"name": "Condom Promotion and Distribution"}, "facility": {"code": 11979}}, {"service": {"name": "Integrated Management of Childhood Illnesses"}, "facility": {"code": 13711}}, {"service": {"name": "Curative Services"}, "facility": {"code": 13711}}, {"service": {"name": "Basic Immunization"}, "facility": {"code": 13711}}, {"service": {"name": "Focused Antenatal Care"}, "facility": {"code": 13711}}, {"service": {"name": "Short Term FP"}, "facility": {"code": 13711}}, {"service": {"name": "PMTCT - ANC"}, "facility": {"code": 13711}}, {"service": {"name": "Early Infant Diagnosis"}, "facility": {"code": 13711}}, {"service": {"name": "Diagnostic Counselling and Testing"}, "facility": {"code": 13711}}, {"service": {"name": "Provider Initiated Counselling and Testing"}, "facility": {"code": 13711}}, {"service": {"name": "Management of STIs"}, "facility": {"code": 13711}}, {"service": {"name": "Condom Promotion and Distribution"}, "facility": {"code": 13711}}, {"service": {"name": "Emergency Obstetric Care"}, "facility": {"code": 11958}}, {"service": {"name": "Curative Services"}, "facility": {"code": 11958}}, {"service": {"name": "Basic Immunization"}, "facility": {"code": 11958}}, {"service": {"name": "Focused Antenatal Care"}, "facility": {"code": 11958}}, {"service": {"name": "Short Term FP"}, "facility": {"code": 11958}}, {"service": {"name": "PMTCT - ANC"}, "facility": {"code": 11958}}, {"service": {"name": "Diagnostic Counselling and Testing"}, "facility": {"code": 11958}}, {"service": {"name": "Provider Initiated Counselling and Testing"}, "facility": {"code": 11958}}, {"service": {"name": "Condom Promotion and Distribution"}, "facility": {"code": 11958}}, {"service": {"name": "Integrated Management of Childhood Illnesses"}, "facility": {"code": 13708}}, {"service": {"name": "Curative Services"}, "facility": {"code": 13708}}, {"service": {"name": "Basic Immunization"}, "facility": {"code": 13708}}, {"service": {"name": "Focused Antenatal Care"}, "facility": {"code": 13708}}, {"service": {"name": "Short Term FP"}, "facility": {"code": 13708}}, {"service": {"name": "PMTCT - ANC"}, "facility": {"code": 13708}}, {"service": {"name": "Early Infant Diagnosis"}, "facility": {"code": 13708}}, {"service": {"name": "Diagnostic Counselling and Testing"}, "facility": {"code": 13708}}, {"service": {"name": "Provider Initiated Counselling and Testing"}, "facility": {"code": 13708}}, {"service": {"name": "Management of STIs"}, "facility": {"code": 13708}}, {"service": {"name": "Condom Promotion and Distribution"}, "facility": {"code": 13708}}, {"service": {"name": "Integrated Management of Childhood Illnesses"}, "facility": {"code": 13693}}, {"service": {"name": "Curative Services"}, "facility": {"code": 13693}}, {"service": {"name": "Basic Immunization"}, "facility": {"code": 13693}}, {"service": {"name": "Focused Antenatal Care"}, "facility": {"code": 13693}}, {"service": {"name": "Short Term FP"}, "facility": {"code": 13693}}, {"service": {"name": "PMTCT - ANC"}, "facility": {"code": 13693}}, {"service": {"name": "Early Infant Diagnosis"}, "facility": {"code": 13693}}, {"service": {"name": "Diagnostic Counselling and Testing"}, "facility": {"code": 13693}}, {"service": {"name": "Provider Initiated Counselling and Testing"}, "facility": {"code": 13693}}, {"service": {"name": "Management of STIs"}, "facility": {"code": 13693}}, {"service": {"name": "Condom Promotion and Distribution"}, "facility": {"code": 13693}}, {"service": {"name": "Services for Sexual Violence Survivors"}, "facility": {"code": 13668}}, {"service": {"name": "Integrated Management of Childhood Illnesses"}, "facility": {"code": 13668}}, {"service": {"name": "Laboratory Services"}, "facility": {"code": 13668}}, {"service": {"name": "Maternity Services"}, "facility": {"code": 13668}}, {"service": {"name": "Curative Services"}, "facility": {"code": 13668}}, {"service": {"name": "Facility Based Blood Transfusion Service"}, "facility": {"code": 13668}}, {"service": {"name": "First Line Treatment"}, "facility": {"code": 13668}}, {"service": {"name": "Smear Microscopy"}, "facility": {"code": 13668}}, {"service": {"name": "Basic Immunization"}, "facility": {"code": 13668}}, {"service": {"name": "Focused Antenatal Care"}, "facility": {"code": 13668}}, {"service": {"name": "Long Term FP"}, "facility": {"code": 13668}}, {"service": {"name": "Short Term FP"}, "facility": {"code": 13668}}, {"service": {"name": "Adult Antiretroviral Therapy"}, "facility": {"code": 13668}}, {"service": {"name": "Paediatric Antiretroviral Therapy"}, "facility": {"code": 13668}}, {"service": {"name": "Post Exposure Prophylaxis"}, "facility": {"code": 13668}}, {"service": {"name": "Voluntary Male Circumcision"}, "facility": {"code": 13668}}, {"service": {"name": "PMTCT - Maternity"}, "facility": {"code": 13668}}, {"service": {"name": "PMTCT - ANC"}, "facility": {"code": 13668}}, {"service": {"name": "Early Infant Diagnosis"}, "facility": {"code": 13668}}, {"service": {"name": "Diagnostic Counselling and Testing"}, "facility": {"code": 13668}}, {"service": {"name": "Provider Initiated Counselling and Testing"}, "facility": {"code": 13668}}, {"service": {"name": "Voluntary Counselling and Testing"}, "facility": {"code": 13668}}, {"service": {"name": "Management of STIs"}, "facility": {"code": 13668}}, {"service": {"name": "Condom Promotion and Distribution"}, "facility": {"code": 13668}}, {"service": {"name": "Emergency Preparedness"}, "facility": {"code": 12881}}, {"service": {"name": "Nutrition Services"}, "facility": {"code": 12881}}, {"service": {"name": "Integrated Management of Childhood Illnesses"}, "facility": {"code": 12881}}, {"service": {"name": "Ambulance Sevices"}, "facility": {"code": 12881}}, {"service": {"name": "Laboratory Services"}, "facility": {"code": 12881}}, {"service": {"name": "Surgical Services"}, "facility": {"code": 12881}}, {"service": {"name": "Curative Services"}, "facility": {"code": 12881}}, {"service": {"name": "Integrated Services"}, "facility": {"code": 12881}}, {"service": {"name": "Home Based Care"}, "facility": {"code": 12881}}, {"service": {"name": "Adult Antiretroviral Therapy"}, "facility": {"code": 12881}}, {"service": {"name": "Paediatric Antiretroviral Therapy"}, "facility": {"code": 12881}}, {"service": {"name": "Post Exposure Prophylaxis"}, "facility": {"code": 12881}}, {"service": {"name": "Diagnostic Counselling and Testing"}, "facility": {"code": 12881}}, {"service": {"name": "Provider Initiated Counselling and Testing"}, "facility": {"code": 12881}}, {"service": {"name": "Voluntary Counselling and Testing"}, "facility": {"code": 12881}}, {"service": {"name": "Condom Promotion and Distribution"}, "facility": {"code": 12881}}, {"service": {"name": "Emergency Preparedness"}, "facility": {"code": 13667}}, {"service": {"name": "Oral Health Services (Dental Services)"}, "facility": {"code": 13667}}, {"service": {"name": "Emergency Obstetric Care"}, "facility": {"code": 13667}}, {"service": {"name": "Services for Sexual Violence Survivors"}, "facility": {"code": 13667}}, {"service": {"name": "Integrated Management of Childhood Illnesses"}, "facility": {"code": 13667}}, {"service": {"name": "Oral Health Services (Dental Services)"}, "facility": {"code": 12963}}, {"service": {"name": "Dental Laboratory Services"}, "facility": {"code": 12963}}, {"service": {"name": "Ambulance Sevices"}, "facility": {"code": 13667}}, {"service": {"name": "Laboratory Services"}, "facility": {"code": 13667}}, {"service": {"name": "Environmental Health Services"}, "facility": {"code": 12963}}, {"service": {"name": "Radiology Services"}, "facility": {"code": 13667}}, {"service": {"name": "Nutrition Services"}, "facility": {"code": 12963}}, {"service": {"name": "Surgical Services"}, "facility": {"code": 13667}}, {"service": {"name": "Integrated Management of Childhood Illnesses"}, "facility": {"code": 12963}}, {"service": {"name": "Maternity Services"}, "facility": {"code": 13667}}, {"service": {"name": "Ambulance Sevices"}, "facility": {"code": 12963}}, {"service": {"name": "Laboratory Services"}, "facility": {"code": 12963}}, {"service": {"name": "Curative Services"}, "facility": {"code": 13667}}, {"service": {"name": "Surgical Services"}, "facility": {"code": 12963}}, {"service": {"name": "Curative Services"}, "facility": {"code": 12963}}, {"service": {"name": "Mortuary Services"}, "facility": {"code": 13667}}, {"service": {"name": "First Line Treatment"}, "facility": {"code": 12963}}, {"service": {"name": "Tuberculosis Culture"}, "facility": {"code": 12963}}, {"service": {"name": "Smear Microscopy"}, "facility": {"code": 12963}}, {"service": {"name": "Basic Immunization"}, "facility": {"code": 12963}}, {"service": {"name": "Focused Antenatal Care"}, "facility": {"code": 12963}}, {"service": {"name": "Facility Based Blood Transfusion Service"}, "facility": {"code": 13667}}, {"service": {"name": "Long Term FP"}, "facility": {"code": 12963}}, {"service": {"name": "Short Term FP"}, "facility": {"code": 12963}}, {"service": {"name": "Facility Based Blood Collection Service"}, "facility": {"code": 13667}}, {"service": {"name": "Adult Antiretroviral Therapy"}, "facility": {"code": 12963}}, {"service": {"name": "Post Exposure Prophylaxis"}, "facility": {"code": 12963}}, {"service": {"name": "First Line Treatment"}, "facility": {"code": 13667}}, {"service": {"name": "PMTCT - ANC"}, "facility": {"code": 12963}}, {"service": {"name": "Early Infant Diagnosis"}, "facility": {"code": 12963}}, {"service": {"name": "Diagnostic Counselling and Testing"}, "facility": {"code": 12963}}, {"service": {"name": "Provider Initiated Counselling and Testing"}, "facility": {"code": 12963}}, {"service": {"name": "Management of STIs"}, "facility": {"code": 12963}}, {"service": {"name": "Voluntary Counselling and Testing"}, "facility": {"code": 12963}}, {"service": {"name": "Condom Promotion and Distribution"}, "facility": {"code": 12963}}, {"service": {"name": "Smear Microscopy"}, "facility": {"code": 13667}}, {"service": {"name": "Basic Immunization"}, "facility": {"code": 13667}}, {"service": {"name": "Focused Antenatal Care"}, "facility": {"code": 13667}}, {"service": {"name": "Permanent FP"}, "facility": {"code": 13667}}, {"service": {"name": "Long Term FP"}, "facility": {"code": 13667}}, {"service": {"name": "Short Term FP"}, "facility": {"code": 13667}}, {"service": {"name": "Adult Antiretroviral Therapy"}, "facility": {"code": 13667}}, {"service": {"name": "Paediatric Antiretroviral Therapy"}, "facility": {"code": 13667}}, {"service": {"name": "Post Exposure Prophylaxis"}, "facility": {"code": 13667}}, {"service": {"name": "Voluntary Male Circumcision"}, "facility": {"code": 13667}}, {"service": {"name": "PMTCT - Maternity"}, "facility": {"code": 13667}}, {"service": {"name": "PMTCT - ANC"}, "facility": {"code": 13667}}, {"service": {"name": "Early Infant Diagnosis"}, "facility": {"code": 13667}}, {"service": {"name": "Diagnostic Counselling and Testing"}, "facility": {"code": 13667}}, {"service": {"name": "Provider Initiated Counselling and Testing"}, "facility": {"code": 13667}}, {"service": {"name": "Voluntary Counselling and Testing"}, "facility": {"code": 13667}}, {"service": {"name": "Management of STIs"}, "facility": {"code": 13667}}, {"service": {"name": "Condom Promotion and Distribution"}, "facility": {"code": 13667}}, {"service": {"name": "Environmental Health Services"}, "facility": {"code": 12876}}, {"service": {"name": "Services for Sexual Violence Survivors"}, "facility": {"code": 12876}}, {"service": {"name": "Nutrition Services"}, "facility": {"code": 12876}}, {"service": {"name": "Integrated Management of Childhood Illnesses"}, "facility": {"code": 12876}}, {"service": {"name": "Laboratory Services"}, "facility": {"code": 12876}}, {"service": {"name": "Surgical Services"}, "facility": {"code": 12876}}, {"service": {"name": "Curative Services"}, "facility": {"code": 12876}}, {"service": {"name": "First Line Treatment"}, "facility": {"code": 12876}}, {"service": {"name": "Tuberculosis Culture"}, "facility": {"code": 12876}}, {"service": {"name": "Smear Microscopy"}, "facility": {"code": 12876}}, {"service": {"name": "Basic Immunization"}, "facility": {"code": 12876}}, {"service": {"name": "Focused Antenatal Care"}, "facility": {"code": 12876}}, {"service": {"name": "Integrated Services"}, "facility": {"code": 12876}}, {"service": {"name": "Long Term FP"}, "facility": {"code": 12876}}, {"service": {"name": "Short Term FP"}, "facility": {"code": 12876}}, {"service": {"name": "Home Based Care"}, "facility": {"code": 12876}}, {"service": {"name": "Adult Antiretroviral Therapy"}, "facility": {"code": 12876}}, {"service": {"name": "Paediatric Antiretroviral Therapy"}, "facility": {"code": 12876}}, {"service": {"name": "Post Exposure Prophylaxis"}, "facility": {"code": 12876}}, {"service": {"name": "PMTCT - ANC"}, "facility": {"code": 12876}}, {"service": {"name": "Early Infant Diagnosis"}, "facility": {"code": 12876}}, {"service": {"name": "Diagnostic Counselling and Testing"}, "facility": {"code": 12876}}, {"service": {"name": "Provider Initiated Counselling and Testing"}, "facility": {"code": 12876}}, {"service": {"name": "Condom Promotion and Distribution"}, "facility": {"code": 12876}}, {"service": {"name": "Integrated Management of Childhood Illnesses"}, "facility": {"code": 13658}}, {"service": {"name": "Curative Services"}, "facility": {"code": 13658}}, {"service": {"name": "First Line Treatment"}, "facility": {"code": 13658}}, {"service": {"name": "Basic Immunization"}, "facility": {"code": 13658}}, {"service": {"name": "Focused Antenatal Care"}, "facility": {"code": 13658}}, {"service": {"name": "Short Term FP"}, "facility": {"code": 13658}}, {"service": {"name": "PMTCT - ANC"}, "facility": {"code": 13658}}, {"service": {"name": "Early Infant Diagnosis"}, "facility": {"code": 13658}}, {"service": {"name": "Diagnostic Counselling and Testing"}, "facility": {"code": 13658}}, {"service": {"name": "Provider Initiated Counselling and Testing"}, "facility": {"code": 13658}}, {"service": {"name": "Management of STIs"}, "facility": {"code": 13658}}, {"service": {"name": "Condom Promotion and Distribution"}, "facility": {"code": 13658}}, {"service": {"name": "Environmental Health Services"}, "facility": {"code": 13006}}, {"service": {"name": "Services for Sexual Violence Survivors"}, "facility": {"code": 13006}}, {"service": {"name": "Nutrition Services"}, "facility": {"code": 13006}}, {"service": {"name": "Integrated Management of Childhood Illnesses"}, "facility": {"code": 13006}}, {"service": {"name": "Laboratory Services"}, "facility": {"code": 13006}}, {"service": {"name": "Surgical Services"}, "facility": {"code": 13006}}, {"service": {"name": "Curative Services"}, "facility": {"code": 13006}}, {"service": {"name": "First Line Treatment"}, "facility": {"code": 13006}}, {"service": {"name": "Tuberculosis Culture"}, "facility": {"code": 13006}}, {"service": {"name": "Smear Microscopy"}, "facility": {"code": 13006}}, {"service": {"name": "Basic Immunization"}, "facility": {"code": 13006}}, {"service": {"name": "Focused Antenatal Care"}, "facility": {"code": 13006}}, {"service": {"name": "Integrated Services"}, "facility": {"code": 13006}}, {"service": {"name": "Long Term FP"}, "facility": {"code": 13006}}, {"service": {"name": "Short Term FP"}, "facility": {"code": 13006}}, {"service": {"name": "Home Based Care"}, "facility": {"code": 13006}}, {"service": {"name": "Adult Antiretroviral Therapy"}, "facility": {"code": 13006}}, {"service": {"name": "Paediatric Antiretroviral Therapy"}, "facility": {"code": 13006}}, {"service": {"name": "Post Exposure Prophylaxis"}, "facility": {"code": 13006}}, {"service": {"name": "PMTCT - ANC"}, "facility": {"code": 13006}}, {"service": {"name": "Early Infant Diagnosis"}, "facility": {"code": 13006}}, {"service": {"name": "Diagnostic Counselling and Testing"}, "facility": {"code": 13006}}, {"service": {"name": "Provider Initiated Counselling and Testing"}, "facility": {"code": 13006}}, {"service": {"name": "Voluntary Counselling and Testing"}, "facility": {"code": 13006}}, {"service": {"name": "Management of STIs"}, "facility": {"code": 13006}}, {"service": {"name": "Condom Promotion and Distribution"}, "facility": {"code": 13006}}, {"service": {"name": "Focused Antenatal Care"}, "facility": {"code": 17013}}, {"service": {"name": "Emergency Obstetric Care"}, "facility": {"code": 13077}}, {"service": {"name": "Environmental Health Services"}, "facility": {"code": 13077}}, {"service": {"name": "Services for Sexual Violence Survivors"}, "facility": {"code": 13077}}, {"service": {"name": "Nutrition Services"}, "facility": {"code": 13077}}, {"service": {"name": "Integrated Management of Childhood Illnesses"}, "facility": {"code": 13077}}, {"service": {"name": "Ambulance Sevices"}, "facility": {"code": 13077}}, {"service": {"name": "Laboratory Services"}, "facility": {"code": 13077}}, {"service": {"name": "Surgical Services"}, "facility": {"code": 13077}}, {"service": {"name": "Maternity Services"}, "facility": {"code": 13077}}, {"service": {"name": "Curative Services"}, "facility": {"code": 13077}}, {"service": {"name": "First Line Treatment"}, "facility": {"code": 13077}}, {"service": {"name": "Tuberculosis Culture"}, "facility": {"code": 13077}}, {"service": {"name": "Smear Microscopy"}, "facility": {"code": 13077}}, {"service": {"name": "Basic Immunization"}, "facility": {"code": 13077}}, {"service": {"name": "Focused Antenatal Care"}, "facility": {"code": 13077}}, {"service": {"name": "Integrated Services"}, "facility": {"code": 13077}}, {"service": {"name": "Long Term FP"}, "facility": {"code": 13077}}, {"service": {"name": "Short Term FP"}, "facility": {"code": 13077}}, {"service": {"name": "Home Based Care"}, "facility": {"code": 13077}}, {"service": {"name": "Adult Antiretroviral Therapy"}, "facility": {"code": 13077}}, {"service": {"name": "Paediatric Antiretroviral Therapy"}, "facility": {"code": 13077}}, {"service": {"name": "Post Exposure Prophylaxis"}, "facility": {"code": 13077}}, {"service": {"name": "PMTCT - Maternity"}, "facility": {"code": 13077}}, {"service": {"name": "PMTCT - ANC"}, "facility": {"code": 13077}}, {"service": {"name": "Early Infant Diagnosis"}, "facility": {"code": 13077}}, {"service": {"name": "Diagnostic Counselling and Testing"}, "facility": {"code": 13077}}, {"service": {"name": "Provider Initiated Counselling and Testing"}, "facility": {"code": 13077}}, {"service": {"name": "Voluntary Counselling and Testing"}, "facility": {"code": 13077}}, {"service": {"name": "Management of STIs"}, "facility": {"code": 13077}}, {"service": {"name": "Condom Promotion and Distribution"}, "facility": {"code": 13077}}, {"service": {"name": "Emergency Obstetric Care"}, "facility": {"code": 12997}}, {"service": {"name": "Environmental Health Services"}, "facility": {"code": 12997}}, {"service": {"name": "Nutrition Services"}, "facility": {"code": 12997}}, {"service": {"name": "Integrated Management of Childhood Illnesses"}, "facility": {"code": 12997}}, {"service": {"name": "Laboratory Services"}, "facility": {"code": 12997}}, {"service": {"name": "Surgical Services"}, "facility": {"code": 12997}}, {"service": {"name": "Maternity Services"}, "facility": {"code": 12997}}, {"service": {"name": "Curative Services"}, "facility": {"code": 12997}}, {"service": {"name": "First Line Treatment"}, "facility": {"code": 12997}}, {"service": {"name": "Smear Microscopy"}, "facility": {"code": 12997}}, {"service": {"name": "Basic Immunization"}, "facility": {"code": 12997}}, {"service": {"name": "Focused Antenatal Care"}, "facility": {"code": 12997}}, {"service": {"name": "Integrated Services"}, "facility": {"code": 12997}}, {"service": {"name": "Long Term FP"}, "facility": {"code": 12997}}, {"service": {"name": "Short Term FP"}, "facility": {"code": 12997}}, {"service": {"name": "Home Based Care"}, "facility": {"code": 12997}}, {"service": {"name": "Adult Antiretroviral Therapy"}, "facility": {"code": 12997}}, {"service": {"name": "Paediatric Antiretroviral Therapy"}, "facility": {"code": 12997}}, {"service": {"name": "Post Exposure Prophylaxis"}, "facility": {"code": 12997}}, {"service": {"name": "PMTCT - Maternity"}, "facility": {"code": 12997}}, {"service": {"name": "PMTCT - ANC"}, "facility": {"code": 12997}}, {"service": {"name": "Early Infant Diagnosis"}, "facility": {"code": 12997}}, {"service": {"name": "Diagnostic Counselling and Testing"}, "facility": {"code": 12997}}, {"service": {"name": "Provider Initiated Counselling and Testing"}, "facility": {"code": 12997}}, {"service": {"name": "Voluntary Counselling and Testing"}, "facility": {"code": 12997}}, {"service": {"name": "Management of STIs"}, "facility": {"code": 12997}}, {"service": {"name": "Condom Promotion and Distribution"}, "facility": {"code": 12997}}, {"service": {"name": "Integrated Management of Childhood Illnesses"}, "facility": {"code": 16653}}, {"service": {"name": "PMTCT - ANC"}, "facility": {"code": 16653}}, {"service": {"name": "Provider Initiated Counselling and Testing"}, "facility": {"code": 16653}}, {"service": {"name": "Management of STIs"}, "facility": {"code": 16653}}, {"service": {"name": "Laboratory Services"}, "facility": {"code": 17855}}, {"service": {"name": "Maternity Services"}, "facility": {"code": 17855}}, {"service": {"name": "Curative Services"}, "facility": {"code": 17855}}, {"service": {"name": "Basic Immunization"}, "facility": {"code": 17855}}, {"service": {"name": "Short Term FP"}, "facility": {"code": 17855}}, {"service": {"name": "PMTCT - Maternity"}, "facility": {"code": 17855}}, {"service": {"name": "PMTCT - ANC"}, "facility": {"code": 17855}}, {"service": {"name": "Diagnostic Counselling and Testing"}, "facility": {"code": 17855}}, {"service": {"name": "Provider Initiated Counselling and Testing"}, "facility": {"code": 17855}}, {"service": {"name": "Voluntary Counselling and Testing"}, "facility": {"code": 17855}}, {"service": {"name": "Management of STIs"}, "facility": {"code": 17855}}, {"service": {"name": "Services for Sexual Violence Survivors"}, "facility": {"code": 13653}}, {"service": {"name": "Integrated Management of Childhood Illnesses"}, "facility": {"code": 13653}}, {"service": {"name": "Laboratory Services"}, "facility": {"code": 13653}}, {"service": {"name": "Surgical Services"}, "facility": {"code": 13653}}, {"service": {"name": "Maternity Services"}, "facility": {"code": 13653}}, {"service": {"name": "Curative Services"}, "facility": {"code": 13653}}, {"service": {"name": "First Line Treatment"}, "facility": {"code": 13653}}, {"service": {"name": "Smear Microscopy"}, "facility": {"code": 13653}}, {"service": {"name": "Basic Immunization"}, "facility": {"code": 13653}}, {"service": {"name": "Focused Antenatal Care"}, "facility": {"code": 13653}}, {"service": {"name": "Long Term FP"}, "facility": {"code": 13653}}, {"service": {"name": "Short Term FP"}, "facility": {"code": 13653}}, {"service": {"name": "Adult Antiretroviral Therapy"}, "facility": {"code": 13653}}, {"service": {"name": "Paediatric Antiretroviral Therapy"}, "facility": {"code": 13653}}, {"service": {"name": "Post Exposure Prophylaxis"}, "facility": {"code": 13653}}, {"service": {"name": "Voluntary Male Circumcision"}, "facility": {"code": 13653}}, {"service": {"name": "PMTCT - Maternity"}, "facility": {"code": 13653}}, {"service": {"name": "PMTCT - ANC"}, "facility": {"code": 13653}}, {"service": {"name": "Early Infant Diagnosis"}, "facility": {"code": 13653}}, {"service": {"name": "Diagnostic Counselling and Testing"}, "facility": {"code": 13653}}, {"service": {"name": "Provider Initiated Counselling and Testing"}, "facility": {"code": 13653}}, {"service": {"name": "Voluntary Counselling and Testing"}, "facility": {"code": 13653}}, {"service": {"name": "Management of STIs"}, "facility": {"code": 13653}}, {"service": {"name": "Condom Promotion and Distribution"}, "facility": {"code": 13653}}, {"service": {"name": "Focused Antenatal Care"}, "facility": {"code": 13646}}, {"service": {"name": "Short Term FP"}, "facility": {"code": 13646}}, {"service": {"name": "Voluntary Male Circumcision"}, "facility": {"code": 13051}}, {"service": {"name": "Emergency Preparedness"}, "facility": {"code": 13064}}, {"service": {"name": "Emergency Obstetric Care"}, "facility": {"code": 13064}}, {"service": {"name": "Nutrition Services"}, "facility": {"code": 13064}}, {"service": {"name": "Ambulance Sevices"}, "facility": {"code": 13064}}, {"service": {"name": "Laboratory Services"}, "facility": {"code": 13064}}, {"service": {"name": "Surgical Services"}, "facility": {"code": 13064}}, {"service": {"name": "Maternity Services"}, "facility": {"code": 13064}}, {"service": {"name": "Curative Services"}, "facility": {"code": 13064}}, {"service": {"name": "Facility Based Blood Transfusion Service"}, "facility": {"code": 13064}}, {"service": {"name": "First Line Treatment"}, "facility": {"code": 13064}}, {"service": {"name": "Smear Microscopy"}, "facility": {"code": 13064}}, {"service": {"name": "Basic Immunization"}, "facility": {"code": 13064}}, {"service": {"name": "Focused Antenatal Care"}, "facility": {"code": 13064}}, {"service": {"name": "Long Term FP"}, "facility": {"code": 13064}}, {"service": {"name": "Short Term FP"}, "facility": {"code": 13064}}, {"service": {"name": "Adult Antiretroviral Therapy"}, "facility": {"code": 13064}}, {"service": {"name": "Paediatric Antiretroviral Therapy"}, "facility": {"code": 13064}}, {"service": {"name": "Post Exposure Prophylaxis"}, "facility": {"code": 13064}}, {"service": {"name": "PMTCT - Maternity"}, "facility": {"code": 13064}}, {"service": {"name": "PMTCT - ANC"}, "facility": {"code": 13064}}, {"service": {"name": "Early Infant Diagnosis"}, "facility": {"code": 13064}}, {"service": {"name": "Diagnostic Counselling and Testing"}, "facility": {"code": 13064}}, {"service": {"name": "Provider Initiated Counselling and Testing"}, "facility": {"code": 13064}}, {"service": {"name": "Condom Promotion and Distribution"}, "facility": {"code": 13064}}, {"service": {"name": "Immunization with additional vaccines"}, "facility": {"code": 11786}}, {"service": {"name": "Basic Immunization"}, "facility": {"code": 11786}}, {"service": {"name": "Focused Antenatal Care"}, "facility": {"code": 11786}}, {"service": {"name": "Long Term FP"}, "facility": {"code": 11786}}, {"service": {"name": "Home Based Care"}, "facility": {"code": 11786}}, {"service": {"name": "Post Exposure Prophylaxis"}, "facility": {"code": 11786}}, {"service": {"name": "PMTCT - Maternity"}, "facility": {"code": 11786}}, {"service": {"name": "PMTCT - ANC"}, "facility": {"code": 11786}}, {"service": {"name": "Provider Initiated Counselling and Testing"}, "facility": {"code": 11786}}, {"service": {"name": "Condom Promotion and Distribution"}, "facility": {"code": 11786}}, {"service": {"name": "Emergency Preparedness"}, "facility": {"code": 11243}}, {"service": {"name": "Nutrition Services"}, "facility": {"code": 11243}}, {"service": {"name": "Integrated Management of Childhood Illnesses"}, "facility": {"code": 11243}}, {"service": {"name": "Ambulance Sevices"}, "facility": {"code": 11243}}, {"service": {"name": "Laboratory Services"}, "facility": {"code": 11243}}, {"service": {"name": "Curative Services"}, "facility": {"code": 11243}}, {"service": {"name": "Tuberculosis Culture"}, "facility": {"code": 11243}}, {"service": {"name": "First Line Treatment"}, "facility": {"code": 11243}}, {"service": {"name": "Smear Microscopy"}, "facility": {"code": 11243}}, {"service": {"name": "Port Immunization Services"}, "facility": {"code": 11243}}, {"service": {"name": "Immunization with additional vaccines"}, "facility": {"code": 11243}}, {"service": {"name": "Basic Immunization"}, "facility": {"code": 11243}}, {"service": {"name": "Focused Antenatal Care"}, "facility": {"code": 11243}}, {"service": {"name": "Long Term FP"}, "facility": {"code": 11243}}, {"service": {"name": "Short Term FP"}, "facility": {"code": 11243}}, {"service": {"name": "Adult Antiretroviral Therapy"}, "facility": {"code": 11243}}, {"service": {"name": "PMTCT - ANC"}, "facility": {"code": 11243}}, {"service": {"name": "Provider Initiated Counselling and Testing"}, "facility": {"code": 11243}}, {"service": {"name": "Voluntary Counselling and Testing"}, "facility": {"code": 11243}}, {"service": {"name": "Management of STIs"}, "facility": {"code": 11243}}, {"service": {"name": "Condom Promotion and Distribution"}, "facility": {"code": 11243}}, {"service": {"name": "Focused Antenatal Care"}, "facility": {"code": 11232}}, {"service": {"name": "Condom Promotion and Distribution"}, "facility": {"code": 11232}}, {"service": {"name": "Laboratory Services"}, "facility": {"code": 11205}}, {"service": {"name": "Radiology Services"}, "facility": {"code": 11205}}, {"service": {"name": "Immunization with additional vaccines"}, "facility": {"code": 11205}}, {"service": {"name": "Home Based Care"}, "facility": {"code": 11205}}, {"service": {"name": "ENT Services"}, "facility": {"code": 11721}}, {"service": {"name": "Dental Laboratory Services"}, "facility": {"code": 11721}}, {"service": {"name": "Oral Health Services (Dental Services)"}, "facility": {"code": 11721}}, {"service": {"name": "Emergency Obstetric Care"}, "facility": {"code": 11721}}, {"service": {"name": "Rehabilitative Health Services - Physiotherapy"}, "facility": {"code": 11721}}, {"service": {"name": "Maternity Services"}, "facility": {"code": 11721}}, {"service": {"name": "First Line Treatment"}, "facility": {"code": 11721}}, {"service": {"name": "Tuberculosis Culture"}, "facility": {"code": 11721}}, {"service": {"name": "Smear Microscopy"}, "facility": {"code": 11721}}, {"service": {"name": "Immunization with additional vaccines"}, "facility": {"code": 11721}}, {"service": {"name": "Basic Immunization"}, "facility": {"code": 11721}}, {"service": {"name": "Specialized ANC"}, "facility": {"code": 11721}}, {"service": {"name": "Paediatric Antiretroviral Therapy"}, "facility": {"code": 11721}}, {"service": {"name": "Adult Antiretroviral Therapy"}, "facility": {"code": 11721}}, {"service": {"name": "Post Exposure Prophylaxis"}, "facility": {"code": 11721}}, {"service": {"name": "PMTCT - Maternity"}, "facility": {"code": 11721}}, {"service": {"name": "PMTCT - ANC"}, "facility": {"code": 11721}}, {"service": {"name": "Voluntary Counselling and Testing"}, "facility": {"code": 11721}}, {"service": {"name": "Condom Promotion and Distribution"}, "facility": {"code": 11721}}, {"service": {"name": "Short Term FP"}, "facility": {"code": 13057}}, {"service": {"name": "Diagnostic Counselling and Testing"}, "facility": {"code": 13057}}, {"service": {"name": "Environmental Health Services"}, "facility": {"code": 13132}}, {"service": {"name": "Basic Immunization"}, "facility": {"code": 13132}}, {"service": {"name": "PMTCT - ANC"}, "facility": {"code": 13132}}, {"service": {"name": "Early Infant Diagnosis"}, "facility": {"code": 13132}}, {"service": {"name": "Condom Promotion and Distribution"}, "facility": {"code": 13132}}, {"service": {"name": "Emergency Obstetric Care"}, "facility": {"code": 15664}}, {"service": {"name": "Curative Services"}, "facility": {"code": 15664}}, {"service": {"name": "Focused Antenatal Care"}, "facility": {"code": 15664}}, {"service": {"name": "Short Term FP"}, "facility": {"code": 15664}}, {"service": {"name": "Post Exposure Prophylaxis"}, "facility": {"code": 15664}}, {"service": {"name": "Management of STIs"}, "facility": {"code": 15664}}, {"service": {"name": "Condom Promotion and Distribution"}, "facility": {"code": 15664}}, {"service": {"name": "Emergency Obstetric Care"}, "facility": {"code": 15645}}, {"service": {"name": "Curative Services"}, "facility": {"code": 15645}}, {"service": {"name": "Short Term FP"}, "facility": {"code": 15645}}, {"service": {"name": "Post Exposure Prophylaxis"}, "facility": {"code": 15645}}, {"service": {"name": "Management of STIs"}, "facility": {"code": 15645}}, {"service": {"name": "Condom Promotion and Distribution"}, "facility": {"code": 15645}}, {"service": {"name": "Emergency Preparedness"}, "facility": {"code": 15642}}, {"service": {"name": "Emergency Obstetric Care"}, "facility": {"code": 15642}}, {"service": {"name": "Nutrition Services"}, "facility": {"code": 15642}}, {"service": {"name": "Curative Services"}, "facility": {"code": 15642}}, {"service": {"name": "Basic Immunization"}, "facility": {"code": 15642}}, {"service": {"name": "Focused Antenatal Care"}, "facility": {"code": 15642}}, {"service": {"name": "Short Term FP"}, "facility": {"code": 15642}}, {"service": {"name": "Post Exposure Prophylaxis"}, "facility": {"code": 15642}}, {"service": {"name": "PMTCT - ANC"}, "facility": {"code": 15642}}, {"service": {"name": "Provider Initiated Counselling and Testing"}, "facility": {"code": 15642}}, {"service": {"name": "Management of STIs"}, "facility": {"code": 15642}}, {"service": {"name": "Condom Promotion and Distribution"}, "facility": {"code": 15642}}, {"service": {"name": "Emergency Preparedness"}, "facility": {"code": 17854}}, {"service": {"name": "Emergency Obstetric Care"}, "facility": {"code": 17854}}, {"service": {"name": "Ambulance Sevices"}, "facility": {"code": 17854}}, {"service": {"name": "Laboratory Services"}, "facility": {"code": 17854}}, {"service": {"name": "Surgical Services"}, "facility": {"code": 17854}}, {"service": {"name": "Curative Services"}, "facility": {"code": 17854}}, {"service": {"name": "Focused Antenatal Care"}, "facility": {"code": 17854}}, {"service": {"name": "Short Term FP"}, "facility": {"code": 17854}}, {"service": {"name": "Post Exposure Prophylaxis"}, "facility": {"code": 17854}}, {"service": {"name": "Provider Initiated Counselling and Testing"}, "facility": {"code": 17854}}, {"service": {"name": "Management of STIs"}, "facility": {"code": 17854}}, {"service": {"name": "Condom Promotion and Distribution"}, "facility": {"code": 17854}}, {"service": {"name": "Emergency Preparedness"}, "facility": {"code": 15767}}, {"service": {"name": "Emergency Obstetric Care"}, "facility": {"code": 15767}}, {"service": {"name": "Nutrition Services"}, "facility": {"code": 15767}}, {"service": {"name": "Laboratory Services"}, "facility": {"code": 15767}}, {"service": {"name": "Maternity Services"}, "facility": {"code": 15767}}, {"service": {"name": "Curative Services"}, "facility": {"code": 15767}}, {"service": {"name": "Basic Immunization"}, "facility": {"code": 15767}}, {"service": {"name": "Focused Antenatal Care"}, "facility": {"code": 15767}}, {"service": {"name": "Short Term FP"}, "facility": {"code": 15767}}, {"service": {"name": "Post Exposure Prophylaxis"}, "facility": {"code": 15767}}, {"service": {"name": "PMTCT - ANC"}, "facility": {"code": 15767}}, {"service": {"name": "Provider Initiated Counselling and Testing"}, "facility": {"code": 15767}}, {"service": {"name": "Management of STIs"}, "facility": {"code": 15767}}, {"service": {"name": "Condom Promotion and Distribution"}, "facility": {"code": 15767}}, {"service": {"name": "Basic Immunization"}, "facility": {"code": 15782}}, {"service": {"name": "Emergency Obstetric Care"}, "facility": {"code": 17853}}, {"service": {"name": "Long Term FP"}, "facility": {"code": 17853}}, {"service": {"name": "Short Term FP"}, "facility": {"code": 17853}}, {"service": {"name": "Management of STIs"}, "facility": {"code": 17853}}, {"service": {"name": "Condom Promotion and Distribution"}, "facility": {"code": 17853}}, {"service": {"name": "Integrated Management of Childhood Illnesses"}, "facility": {"code": 13867}}, {"service": {"name": "Laboratory Services"}, "facility": {"code": 13867}}, {"service": {"name": "Maternity Services"}, "facility": {"code": 13867}}, {"service": {"name": "Curative Services"}, "facility": {"code": 13867}}, {"service": {"name": "Emergency Preparedness"}, "facility": {"code": 14955}}, {"service": {"name": "Emergency Obstetric Care"}, "facility": {"code": 14955}}, {"service": {"name": "Nutrition Services"}, "facility": {"code": 14955}}, {"service": {"name": "MDRTB Treatment"}, "facility": {"code": 13867}}, {"service": {"name": "Laboratory Services"}, "facility": {"code": 14955}}, {"service": {"name": "First Line Treatment"}, "facility": {"code": 13867}}, {"service": {"name": "Maternity Services"}, "facility": {"code": 14955}}, {"service": {"name": "Tuberculosis Culture"}, "facility": {"code": 13867}}, {"service": {"name": "Curative Services"}, "facility": {"code": 14955}}, {"service": {"name": "Smear Microscopy"}, "facility": {"code": 13867}}, {"service": {"name": "Basic Immunization"}, "facility": {"code": 14955}}, {"service": {"name": "Basic Immunization"}, "facility": {"code": 13867}}, {"service": {"name": "Focused Antenatal Care"}, "facility": {"code": 14955}}, {"service": {"name": "Short Term FP"}, "facility": {"code": 14955}}, {"service": {"name": "Focused Antenatal Care"}, "facility": {"code": 13867}}, {"service": {"name": "Post Exposure Prophylaxis"}, "facility": {"code": 14955}}, {"service": {"name": "PMTCT - Maternity"}, "facility": {"code": 14955}}, {"service": {"name": "PMTCT - ANC"}, "facility": {"code": 14955}}, {"service": {"name": "Provider Initiated Counselling and Testing"}, "facility": {"code": 14955}}, {"service": {"name": "Management of STIs"}, "facility": {"code": 14955}}, {"service": {"name": "Condom Promotion and Distribution"}, "facility": {"code": 14955}}, {"service": {"name": "Short Term FP"}, "facility": {"code": 13867}}, {"service": {"name": "Home Based Care"}, "facility": {"code": 13867}}, {"service": {"name": "Adult Antiretroviral Therapy"}, "facility": {"code": 13867}}, {"service": {"name": "Paediatric Antiretroviral Therapy"}, "facility": {"code": 13867}}, {"service": {"name": "Post Exposure Prophylaxis"}, "facility": {"code": 13867}}, {"service": {"name": "PMTCT - Maternity"}, "facility": {"code": 13867}}, {"service": {"name": "PMTCT - ANC"}, "facility": {"code": 13867}}, {"service": {"name": "Early Infant Diagnosis"}, "facility": {"code": 13867}}, {"service": {"name": "Diagnostic Counselling and Testing"}, "facility": {"code": 13867}}, {"service": {"name": "Provider Initiated Counselling and Testing"}, "facility": {"code": 13867}}, {"service": {"name": "Voluntary Counselling and Testing"}, "facility": {"code": 13867}}, {"service": {"name": "Management of STIs"}, "facility": {"code": 13867}}, {"service": {"name": "Condom Promotion and Distribution"}, "facility": {"code": 13867}}, {"service": {"name": "Maternity Services"}, "facility": {"code": 13627}}, {"service": {"name": "Curative Services"}, "facility": {"code": 13627}}, {"service": {"name": "Voluntary Counselling and Testing"}, "facility": {"code": 13627}}, {"service": {"name": "Basic Immunization"}, "facility": {"code": 13627}}, {"service": {"name": "Short Term FP"}, "facility": {"code": 13627}}, {"service": {"name": "PMTCT - Maternity"}, "facility": {"code": 13627}}, {"service": {"name": "PMTCT - ANC"}, "facility": {"code": 13627}}, {"service": {"name": "Early Infant Diagnosis"}, "facility": {"code": 13627}}, {"service": {"name": "Diagnostic Counselling and Testing"}, "facility": {"code": 13627}}, {"service": {"name": "Provider Initiated Counselling and Testing"}, "facility": {"code": 13627}}, {"service": {"name": "Management of STIs"}, "facility": {"code": 13627}}, {"service": {"name": "Condom Promotion and Distribution"}, "facility": {"code": 13627}}, {"service": {"name": "Integrated Management of Childhood Illnesses"}, "facility": {"code": 13630}}, {"service": {"name": "Maternity Services"}, "facility": {"code": 13630}}, {"service": {"name": "Curative Services"}, "facility": {"code": 13630}}, {"service": {"name": "Basic Immunization"}, "facility": {"code": 13630}}, {"service": {"name": "Focused Antenatal Care"}, "facility": {"code": 13630}}, {"service": {"name": "Short Term FP"}, "facility": {"code": 13630}}, {"service": {"name": "PMTCT - ANC"}, "facility": {"code": 13630}}, {"service": {"name": "PMTCT - Maternity"}, "facility": {"code": 13630}}, {"service": {"name": "Early Infant Diagnosis"}, "facility": {"code": 13630}}], "unique_fields": ["facility", "service"], "model": "facilities.FacilityService"}]