[{"records": [{"service": {"name": "Short Term FP"}, "facility": {"code": 13113}}, {"service": {"name": "PMTCT - ANC"}, "facility": {"code": 13113}}, {"service": {"name": "Condom Promotion and Distribution"}, "facility": {"code": 13113}}, {"service": {"name": "Emergency Preparedness"}, "facility": {"code": 15721}}, {"service": {"name": "Emergency Obstetric Care"}, "facility": {"code": 15721}}, {"service": {"name": "Environmental Health Services"}, "facility": {"code": 15721}}, {"service": {"name": "Integrated Management of Childhood Illnesses"}, "facility": {"code": 15721}}, {"service": {"name": "Curative Services"}, "facility": {"code": 15721}}, {"service": {"name": "Short Term FP"}, "facility": {"code": 15721}}, {"service": {"name": "Early Infant Diagnosis"}, "facility": {"code": 15721}}, {"service": {"name": "Diagnostic Counselling and Testing"}, "facility": {"code": 15721}}, {"service": {"name": "Provider Initiated Counselling and Testing"}, "facility": {"code": 15721}}, {"service": {"name": "Voluntary Counselling and Testing"}, "facility": {"code": 15721}}, {"service": {"name": "Condom Promotion and Distribution"}, "facility": {"code": 15721}}, {"service": {"name": "Provider Initiated Counselling and Testing"}, "facility": {"code": 15159}}, {"service": {"name": "Emergency Preparedness"}, "facility": {"code": 15745}}, {"service": {"name": "Nutrition Services"}, "facility": {"code": 15745}}, {"service": {"name": "Integrated Management of Childhood Illnesses"}, "facility": {"code": 15745}}, {"service": {"name": "Curative Services"}, "facility": {"code": 15745}}, {"service": {"name": "Surgical Services"}, "facility": {"code": 15745}}, {"service": {"name": "Basic Immunization"}, "facility": {"code": 15745}}, {"service": {"name": "Short Term FP"}, "facility": {"code": 15745}}, {"service": {"name": "Post Exposure Prophylaxis"}, "facility": {"code": 15745}}, {"service": {"name": "PMTCT - ANC"}, "facility": {"code": 15745}}, {"service": {"name": "Diagnostic Counselling and Testing"}, "facility": {"code": 15745}}, {"service": {"name": "Provider Initiated Counselling and Testing"}, "facility": {"code": 15745}}, {"service": {"name": "Voluntary Counselling and Testing"}, "facility": {"code": 15745}}, {"service": {"name": "Management of STIs"}, "facility": {"code": 15745}}, {"service": {"name": "Condom Promotion and Distribution"}, "facility": {"code": 15745}}, {"service": {"name": "Emergency Preparedness"}, "facility": {"code": 17837}}, {"service": {"name": "Emergency Obstetric Care"}, "facility": {"code": 17837}}, {"service": {"name": "Laboratory Services"}, "facility": {"code": 17837}}, {"service": {"name": "Curative Services"}, "facility": {"code": 17837}}, {"service": {"name": "Basic Immunization"}, "facility": {"code": 17837}}, {"service": {"name": "Focused Antenatal Care"}, "facility": {"code": 17837}}, {"service": {"name": "Short Term FP"}, "facility": {"code": 17837}}, {"service": {"name": "PMTCT - ANC"}, "facility": {"code": 17837}}, {"service": {"name": "Diagnostic Counselling and Testing"}, "facility": {"code": 13474}}, {"service": {"name": "Voluntary Counselling and Testing"}, "facility": {"code": 17837}}, {"service": {"name": "Management of STIs"}, "facility": {"code": 17837}}, {"service": {"name": "Condom Promotion and Distribution"}, "facility": {"code": 17837}}, {"service": {"name": "Emergency Preparedness"}, "facility": {"code": 11771}}, {"service": {"name": "ENT Services"}, "facility": {"code": 11771}}, {"service": {"name": "Emergency Obstetric Care"}, "facility": {"code": 11771}}, {"service": {"name": "Laboratory Services"}, "facility": {"code": 11771}}, {"service": {"name": "Surgical Services"}, "facility": {"code": 11771}}, {"service": {"name": "Maternity Services"}, "facility": {"code": 11771}}, {"service": {"name": "Focused Antenatal Care"}, "facility": {"code": 11771}}, {"service": {"name": "Short Term FP"}, "facility": {"code": 11771}}, {"service": {"name": "Voluntary Male Circumcision"}, "facility": {"code": 11771}}, {"service": {"name": "PMTCT - Maternity"}, "facility": {"code": 11771}}, {"service": {"name": "PMTCT - ANC"}, "facility": {"code": 11771}}, {"service": {"name": "Diagnostic Counselling and Testing"}, "facility": {"code": 11771}}, {"service": {"name": "Provider Initiated Counselling and Testing"}, "facility": {"code": 11771}}, {"service": {"name": "Management of STIs"}, "facility": {"code": 11771}}, {"service": {"name": "Condom Promotion and Distribution"}, "facility": {"code": 11771}}, {"service": {"name": "Emergency Obstetric Care"}, "facility": {"code": 11640}}, {"service": {"name": "Environmental Health Services"}, "facility": {"code": 11640}}, {"service": {"name": "Ambulance Sevices"}, "facility": {"code": 11640}}, {"service": {"name": "Laboratory Services"}, "facility": {"code": 11640}}, {"service": {"name": "Surgical Services"}, "facility": {"code": 11640}}, {"service": {"name": "Short Term FP"}, "facility": {"code": 11640}}, {"service": {"name": "Voluntary Counselling and Testing"}, "facility": {"code": 11640}}, {"service": {"name": "Management of STIs"}, "facility": {"code": 11640}}, {"service": {"name": "Condom Promotion and Distribution"}, "facility": {"code": 11640}}, {"service": {"name": "Emergency Preparedness"}, "facility": {"code": 15160}}, {"service": {"name": "Environmental Health Services"}, "facility": {"code": 15160}}, {"service": {"name": "Emergency Obstetric Care"}, "facility": {"code": 15160}}, {"service": {"name": "Nutrition Services"}, "facility": {"code": 15160}}, {"service": {"name": "Surgical Services"}, "facility": {"code": 15160}}, {"service": {"name": "Curative Services"}, "facility": {"code": 15160}}, {"service": {"name": "Short Term FP"}, "facility": {"code": 15160}}, {"service": {"name": "Post Exposure Prophylaxis"}, "facility": {"code": 15160}}, {"service": {"name": "Early Infant Diagnosis"}, "facility": {"code": 15160}}, {"service": {"name": "Diagnostic Counselling and Testing"}, "facility": {"code": 15160}}, {"service": {"name": "Provider Initiated Counselling and Testing"}, "facility": {"code": 15160}}, {"service": {"name": "Management of STIs"}, "facility": {"code": 15160}}, {"service": {"name": "Condom Promotion and Distribution"}, "facility": {"code": 15160}}, {"service": {"name": "Emergency Preparedness"}, "facility": {"code": 16410}}, {"service": {"name": "Environmental Health Services"}, "facility": {"code": 16410}}, {"service": {"name": "Emergency Obstetric Care"}, "facility": {"code": 16410}}, {"service": {"name": "Surgical Services"}, "facility": {"code": 16410}}, {"service": {"name": "Curative Services"}, "facility": {"code": 16410}}, {"service": {"name": "Voluntary Counselling and Testing"}, "facility": {"code": 16410}}, {"service": {"name": "Diagnostic Counselling and Testing"}, "facility": {"code": 16410}}, {"service": {"name": "Provider Initiated Counselling and Testing"}, "facility": {"code": 16410}}, {"service": {"name": "Management of STIs"}, "facility": {"code": 16410}}, {"service": {"name": "Condom Promotion and Distribution"}, "facility": {"code": 16410}}, {"service": {"name": "Voluntary Counselling and Testing"}, "facility": {"code": 15916}}, {"service": {"name": "Management of STIs"}, "facility": {"code": 15916}}, {"service": {"name": "Condom Promotion and Distribution"}, "facility": {"code": 15916}}, {"service": {"name": "Emergency Preparedness"}, "facility": {"code": 17836}}, {"service": {"name": "Integrated Management of Childhood Illnesses"}, "facility": {"code": 17836}}, {"service": {"name": "Curative Services"}, "facility": {"code": 17836}}, {"service": {"name": "Focused Antenatal Care"}, "facility": {"code": 17836}}, {"service": {"name": "Short Term FP"}, "facility": {"code": 17836}}, {"service": {"name": "PMTCT - ANC"}, "facility": {"code": 17836}}, {"service": {"name": "Management of STIs"}, "facility": {"code": 17836}}, {"service": {"name": "Condom Promotion and Distribution"}, "facility": {"code": 17836}}, {"service": {"name": "Basic Immunization"}, "facility": {"code": 16679}}, {"service": {"name": "PMTCT - ANC"}, "facility": {"code": 16679}}, {"service": {"name": "Emergency Preparedness"}, "facility": {"code": 14241}}, {"service": {"name": "Emergency Obstetric Care"}, "facility": {"code": 14241}}, {"service": {"name": "Nutrition Services"}, "facility": {"code": 14241}}, {"service": {"name": "Integrated Management of Childhood Illnesses"}, "facility": {"code": 14241}}, {"service": {"name": "Surgical Services"}, "facility": {"code": 14241}}, {"service": {"name": "Maternity Services"}, "facility": {"code": 14241}}, {"service": {"name": "Curative Services"}, "facility": {"code": 14241}}, {"service": {"name": "Early Infant Diagnosis"}, "facility": {"code": 14241}}, {"service": {"name": "Basic Immunization"}, "facility": {"code": 14220}}, {"service": {"name": "Focused Antenatal Care"}, "facility": {"code": 14220}}, {"service": {"name": "Environmental Health Services"}, "facility": {"code": 14058}}, {"service": {"name": "Emergency Obstetric Care"}, "facility": {"code": 14058}}, {"service": {"name": "Rehabilitative Health Services - Physiotherapy"}, "facility": {"code": 14058}}, {"service": {"name": "Opthalmic Services"}, "facility": {"code": 14058}}, {"service": {"name": "Nutrition Services"}, "facility": {"code": 14058}}, {"service": {"name": "Short Term FP"}, "facility": {"code": 14220}}, {"service": {"name": "Integrated Management of Childhood Illnesses"}, "facility": {"code": 14058}}, {"service": {"name": "Surgical Services"}, "facility": {"code": 14058}}, {"service": {"name": "Laboratory Services"}, "facility": {"code": 14058}}, {"service": {"name": "Maternity Services"}, "facility": {"code": 14058}}, {"service": {"name": "Curative Services"}, "facility": {"code": 14058}}, {"service": {"name": "Facility Based Blood Transfusion Service"}, "facility": {"code": 14058}}, {"service": {"name": "MDRTB Treatment"}, "facility": {"code": 14058}}, {"service": {"name": "First Line Treatment"}, "facility": {"code": 14058}}, {"service": {"name": "Smear Microscopy"}, "facility": {"code": 14058}}, {"service": {"name": "Basic Immunization"}, "facility": {"code": 14058}}, {"service": {"name": "Focused Antenatal Care"}, "facility": {"code": 14058}}, {"service": {"name": "Integrated Services"}, "facility": {"code": 14058}}, {"service": {"name": "Long Term FP"}, "facility": {"code": 14058}}, {"service": {"name": "Short Term FP"}, "facility": {"code": 14058}}, {"service": {"name": "Management of STIs"}, "facility": {"code": 14220}}, {"service": {"name": "Home Based Care"}, "facility": {"code": 14058}}, {"service": {"name": "Condom Promotion and Distribution"}, "facility": {"code": 14220}}, {"service": {"name": "Adult Antiretroviral Therapy"}, "facility": {"code": 14058}}, {"service": {"name": "Paediatric Antiretroviral Therapy"}, "facility": {"code": 14058}}, {"service": {"name": "Post Exposure Prophylaxis"}, "facility": {"code": 14058}}, {"service": {"name": "Voluntary Male Circumcision"}, "facility": {"code": 14058}}, {"service": {"name": "PMTCT - Maternity"}, "facility": {"code": 14058}}, {"service": {"name": "PMTCT - ANC"}, "facility": {"code": 14058}}, {"service": {"name": "Early Infant Diagnosis"}, "facility": {"code": 14058}}, {"service": {"name": "Diagnostic Counselling and Testing"}, "facility": {"code": 14058}}, {"service": {"name": "Provider Initiated Counselling and Testing"}, "facility": {"code": 14058}}, {"service": {"name": "Voluntary Counselling and Testing"}, "facility": {"code": 14058}}, {"service": {"name": "Management of STIs"}, "facility": {"code": 14058}}, {"service": {"name": "Condom Promotion and Distribution"}, "facility": {"code": 14058}}, {"service": {"name": "Emergency Preparedness"}, "facility": {"code": 15785}}, {"service": {"name": "Emergency Obstetric Care"}, "facility": {"code": 15785}}, {"service": {"name": "Nutrition Services"}, "facility": {"code": 15785}}, {"service": {"name": "Integrated Management of Childhood Illnesses"}, "facility": {"code": 15785}}, {"service": {"name": "Surgical Services"}, "facility": {"code": 15785}}, {"service": {"name": "Maternity Services"}, "facility": {"code": 15785}}, {"service": {"name": "Curative Services"}, "facility": {"code": 15785}}, {"service": {"name": "Basic Immunization"}, "facility": {"code": 15785}}, {"service": {"name": "Focused Antenatal Care"}, "facility": {"code": 15785}}, {"service": {"name": "Long Term FP"}, "facility": {"code": 15785}}, {"service": {"name": "ENT Services"}, "facility": {"code": 16464}}, {"service": {"name": "Emergency Preparedness"}, "facility": {"code": 16464}}, {"service": {"name": "Oral Health Services (Dental Services)"}, "facility": {"code": 16464}}, {"service": {"name": "Emergency Obstetric Care"}, "facility": {"code": 16464}}, {"service": {"name": "Rehabilitative Health Services - Physiotherapy"}, "facility": {"code": 16464}}, {"service": {"name": "Services for Sexual Violence Survivors"}, "facility": {"code": 16464}}, {"service": {"name": "Nutrition Services"}, "facility": {"code": 16464}}, {"service": {"name": "Short Term FP"}, "facility": {"code": 15785}}, {"service": {"name": "Integrated Management of Childhood Illnesses"}, "facility": {"code": 16464}}, {"service": {"name": "Ambulance Sevices"}, "facility": {"code": 16464}}, {"service": {"name": "Laboratory Services"}, "facility": {"code": 16464}}, {"service": {"name": "Radiology Services"}, "facility": {"code": 16464}}, {"service": {"name": "Maternity Services"}, "facility": {"code": 16464}}, {"service": {"name": "Curative Services"}, "facility": {"code": 16464}}, {"service": {"name": "Mortuary Services"}, "facility": {"code": 16464}}, {"service": {"name": "First Line Treatment"}, "facility": {"code": 16464}}, {"service": {"name": "Tuberculosis Culture"}, "facility": {"code": 16464}}, {"service": {"name": "Smear Microscopy"}, "facility": {"code": 16464}}, {"service": {"name": "Immunization with additional vaccines"}, "facility": {"code": 16464}}, {"service": {"name": "Basic Immunization"}, "facility": {"code": 16464}}, {"service": {"name": "Focused Antenatal Care"}, "facility": {"code": 16464}}, {"service": {"name": "Integrated Services"}, "facility": {"code": 16464}}, {"service": {"name": "Permanent FP"}, "facility": {"code": 16464}}, {"service": {"name": "Management of STIs"}, "facility": {"code": 15785}}, {"service": {"name": "Long Term FP"}, "facility": {"code": 16464}}, {"service": {"name": "Short Term FP"}, "facility": {"code": 16464}}, {"service": {"name": "Condom Promotion and Distribution"}, "facility": {"code": 15785}}, {"service": {"name": "Adult Antiretroviral Therapy"}, "facility": {"code": 16464}}, {"service": {"name": "Paediatric Antiretroviral Therapy"}, "facility": {"code": 16464}}, {"service": {"name": "Post Exposure Prophylaxis"}, "facility": {"code": 16464}}, {"service": {"name": "PMTCT - Maternity"}, "facility": {"code": 16464}}, {"service": {"name": "PMTCT - ANC"}, "facility": {"code": 16464}}, {"service": {"name": "Early Infant Diagnosis"}, "facility": {"code": 16464}}, {"service": {"name": "Diagnostic Counselling and Testing"}, "facility": {"code": 16464}}, {"service": {"name": "Provider Initiated Counselling and Testing"}, "facility": {"code": 16464}}, {"service": {"name": "Voluntary Counselling and Testing"}, "facility": {"code": 16464}}, {"service": {"name": "Management of STIs"}, "facility": {"code": 16464}}, {"service": {"name": "Condom Promotion and Distribution"}, "facility": {"code": 16464}}, {"service": {"name": "Management of STIs"}, "facility": {"code": 10418}}, {"service": {"name": "Curative Services"}, "facility": {"code": 11903}}, {"service": {"name": "Basic Immunization"}, "facility": {"code": 11903}}, {"service": {"name": "Voluntary Male Circumcision"}, "facility": {"code": 11903}}, {"service": {"name": "PMTCT - ANC"}, "facility": {"code": 11903}}, {"service": {"name": "Diagnostic Counselling and Testing"}, "facility": {"code": 11903}}, {"service": {"name": "Provider Initiated Counselling and Testing"}, "facility": {"code": 11903}}, {"service": {"name": "Voluntary Counselling and Testing"}, "facility": {"code": 11903}}, {"service": {"name": "Management of STIs"}, "facility": {"code": 11903}}, {"service": {"name": "Condom Promotion and Distribution"}, "facility": {"code": 11903}}, {"service": {"name": "Focused Antenatal Care"}, "facility": {"code": 11903}}, {"service": {"name": "Emergency Obstetric Care"}, "facility": {"code": 10260}}, {"service": {"name": "Curative Services"}, "facility": {"code": 10260}}, {"service": {"name": "Management of STIs"}, "facility": {"code": 10260}}, {"service": {"name": "Condom Promotion and Distribution"}, "facility": {"code": 10260}}, {"service": {"name": "Basic Immunization"}, "facility": {"code": 17077}}, {"service": {"name": "Voluntary Counselling and Testing"}, "facility": {"code": 10264}}, {"service": {"name": "Management of STIs"}, "facility": {"code": 10264}}, {"service": {"name": "Emergency Obstetric Care"}, "facility": {"code": 10254}}, {"service": {"name": "Curative Services"}, "facility": {"code": 10254}}, {"service": {"name": "Management of STIs"}, "facility": {"code": 10254}}, {"service": {"name": "Condom Promotion and Distribution"}, "facility": {"code": 10254}}, {"service": {"name": "Emergency Obstetric Care"}, "facility": {"code": 10237}}, {"service": {"name": "Curative Services"}, "facility": {"code": 10237}}, {"service": {"name": "Management of STIs"}, "facility": {"code": 10237}}, {"service": {"name": "Condom Promotion and Distribution"}, "facility": {"code": 10237}}, {"service": {"name": "Curative Services"}, "facility": {"code": 12722}}, {"service": {"name": "Basic Immunization"}, "facility": {"code": 12722}}, {"service": {"name": "Focused Antenatal Care"}, "facility": {"code": 12722}}, {"service": {"name": "Integrated Services"}, "facility": {"code": 12722}}, {"service": {"name": "PMTCT - ANC"}, "facility": {"code": 12722}}, {"service": {"name": "Diagnostic Counselling and Testing"}, "facility": {"code": 12722}}, {"service": {"name": "Provider Initiated Counselling and Testing"}, "facility": {"code": 12722}}, {"service": {"name": "Voluntary Counselling and Testing"}, "facility": {"code": 12722}}, {"service": {"name": "Management of STIs"}, "facility": {"code": 12722}}, {"service": {"name": "Condom Promotion and Distribution"}, "facility": {"code": 12722}}, {"service": {"name": "Emergency Preparedness"}, "facility": {"code": 14443}}, {"service": {"name": "Environmental Health Services"}, "facility": {"code": 14443}}, {"service": {"name": "Nutrition Services"}, "facility": {"code": 14443}}, {"service": {"name": "Integrated Management of Childhood Illnesses"}, "facility": {"code": 14443}}, {"service": {"name": "Surgical Services"}, "facility": {"code": 14443}}, {"service": {"name": "Curative Services"}, "facility": {"code": 14443}}, {"service": {"name": "Basic Immunization"}, "facility": {"code": 14443}}, {"service": {"name": "Short Term FP"}, "facility": {"code": 14443}}, {"service": {"name": "Post Exposure Prophylaxis"}, "facility": {"code": 14443}}, {"service": {"name": "Early Infant Diagnosis"}, "facility": {"code": 14443}}, {"service": {"name": "Diagnostic Counselling and Testing"}, "facility": {"code": 14443}}, {"service": {"name": "Provider Initiated Counselling and Testing"}, "facility": {"code": 14443}}, {"service": {"name": "Emergency Preparedness"}, "facility": {"code": 16414}}, {"service": {"name": "Emergency Obstetric Care"}, "facility": {"code": 16414}}, {"service": {"name": "Environmental Health Services"}, "facility": {"code": 16414}}, {"service": {"name": "Nutrition Services"}, "facility": {"code": 16414}}, {"service": {"name": "Integrated Management of Childhood Illnesses"}, "facility": {"code": 16414}}, {"service": {"name": "Surgical Services"}, "facility": {"code": 16414}}, {"service": {"name": "Curative Services"}, "facility": {"code": 16414}}, {"service": {"name": "Focused Antenatal Care"}, "facility": {"code": 16414}}, {"service": {"name": "Basic Immunization"}, "facility": {"code": 16414}}, {"service": {"name": "Short Term FP"}, "facility": {"code": 16414}}, {"service": {"name": "Management of STIs"}, "facility": {"code": 16414}}, {"service": {"name": "Condom Promotion and Distribution"}, "facility": {"code": 16414}}, {"service": {"name": "Nutrition Services"}, "facility": {"code": 16407}}, {"service": {"name": "Emergency Preparedness"}, "facility": {"code": 16407}}, {"service": {"name": "Emergency Obstetric Care"}, "facility": {"code": 16407}}, {"service": {"name": "Environmental Health Services"}, "facility": {"code": 16407}}, {"service": {"name": "Integrated Management of Childhood Illnesses"}, "facility": {"code": 16407}}, {"service": {"name": "Surgical Services"}, "facility": {"code": 16407}}, {"service": {"name": "Curative Services"}, "facility": {"code": 16407}}, {"service": {"name": "Basic Immunization"}, "facility": {"code": 16407}}, {"service": {"name": "Short Term FP"}, "facility": {"code": 16407}}, {"service": {"name": "Voluntary Counselling and Testing"}, "facility": {"code": 16407}}, {"service": {"name": "Management of STIs"}, "facility": {"code": 16407}}, {"service": {"name": "Condom Promotion and Distribution"}, "facility": {"code": 16407}}, {"service": {"name": "Emergency Preparedness"}, "facility": {"code": 16390}}, {"service": {"name": "Environmental Health Services"}, "facility": {"code": 16390}}, {"service": {"name": "Nutrition Services"}, "facility": {"code": 16390}}, {"service": {"name": "Integrated Management of Childhood Illnesses"}, "facility": {"code": 16390}}, {"service": {"name": "Surgical Services"}, "facility": {"code": 16390}}, {"service": {"name": "Curative Services"}, "facility": {"code": 16390}}, {"service": {"name": "Basic Immunization"}, "facility": {"code": 16390}}, {"service": {"name": "Focused Antenatal Care"}, "facility": {"code": 16390}}, {"service": {"name": "Short Term FP"}, "facility": {"code": 16390}}, {"service": {"name": "Post Exposure Prophylaxis"}, "facility": {"code": 16390}}, {"service": {"name": "PMTCT - ANC"}, "facility": {"code": 16390}}, {"service": {"name": "Early Infant Diagnosis"}, "facility": {"code": 16390}}, {"service": {"name": "Diagnostic Counselling and Testing"}, "facility": {"code": 16390}}, {"service": {"name": "Provider Initiated Counselling and Testing"}, "facility": {"code": 16390}}, {"service": {"name": "Voluntary Counselling and Testing"}, "facility": {"code": 16390}}, {"service": {"name": "Management of STIs"}, "facility": {"code": 16390}}, {"service": {"name": "Condom Promotion and Distribution"}, "facility": {"code": 16390}}, {"service": {"name": "Provider Initiated Counselling and Testing"}, "facility": {"code": 16331}}, {"service": {"name": "Voluntary Counselling and Testing"}, "facility": {"code": 16331}}, {"service": {"name": "Condom Promotion and Distribution"}, "facility": {"code": 16331}}, {"service": {"name": "Environmental Health Services"}, "facility": {"code": 17022}}, {"service": {"name": "Mental Health Services"}, "facility": {"code": 17022}}, {"service": {"name": "Nutrition Services"}, "facility": {"code": 17022}}, {"service": {"name": "Short Term FP"}, "facility": {"code": 17022}}, {"service": {"name": "Post Exposure Prophylaxis"}, "facility": {"code": 17022}}, {"service": {"name": "Management of STIs"}, "facility": {"code": 17022}}, {"service": {"name": "Condom Promotion and Distribution"}, "facility": {"code": 17022}}, {"service": {"name": "Environmental Health Services"}, "facility": {"code": 14997}}, {"service": {"name": "Curative Services"}, "facility": {"code": 13992}}, {"service": {"name": "Basic Immunization"}, "facility": {"code": 13992}}, {"service": {"name": "Long Term FP"}, "facility": {"code": 13992}}, {"service": {"name": "Short Term FP"}, "facility": {"code": 13992}}, {"service": {"name": "PMTCT - ANC"}, "facility": {"code": 13992}}, {"service": {"name": "Provider Initiated Counselling and Testing"}, "facility": {"code": 13992}}, {"service": {"name": "Voluntary Counselling and Testing"}, "facility": {"code": 13992}}, {"service": {"name": "Management of STIs"}, "facility": {"code": 13992}}, {"service": {"name": "Condom Promotion and Distribution"}, "facility": {"code": 13992}}, {"service": {"name": "Integrated Management of Childhood Illnesses"}, "facility": {"code": 12666}}, {"service": {"name": "Laboratory Services"}, "facility": {"code": 12666}}, {"service": {"name": "Curative Services"}, "facility": {"code": 12666}}, {"service": {"name": "First Line Treatment"}, "facility": {"code": 12666}}, {"service": {"name": "Basic Immunization"}, "facility": {"code": 12666}}, {"service": {"name": "Focused Antenatal Care"}, "facility": {"code": 12666}}, {"service": {"name": "Short Term FP"}, "facility": {"code": 12666}}, {"service": {"name": "PMTCT - Maternity"}, "facility": {"code": 12666}}, {"service": {"name": "PMTCT - ANC"}, "facility": {"code": 12666}}, {"service": {"name": "Early Infant Diagnosis"}, "facility": {"code": 12666}}, {"service": {"name": "Diagnostic Counselling and Testing"}, "facility": {"code": 12666}}, {"service": {"name": "Provider Initiated Counselling and Testing"}, "facility": {"code": 12666}}, {"service": {"name": "Management of STIs"}, "facility": {"code": 12666}}, {"service": {"name": "Condom Promotion and Distribution"}, "facility": {"code": 12666}}, {"service": {"name": "Emergency Obstetric Care"}, "facility": {"code": 10443}}, {"service": {"name": "Curative Services"}, "facility": {"code": 10443}}, {"service": {"name": "First Line Treatment"}, "facility": {"code": 10443}}, {"service": {"name": "Integrated Services"}, "facility": {"code": 10443}}, {"service": {"name": "Focused Antenatal Care"}, "facility": {"code": 10443}}, {"service": {"name": "Basic Immunization"}, "facility": {"code": 10443}}, {"service": {"name": "Short Term FP"}, "facility": {"code": 10443}}, {"service": {"name": "Post Exposure Prophylaxis"}, "facility": {"code": 10443}}, {"service": {"name": "PMTCT - ANC"}, "facility": {"code": 10443}}, {"service": {"name": "Early Infant Diagnosis"}, "facility": {"code": 10443}}, {"service": {"name": "Diagnostic Counselling and Testing"}, "facility": {"code": 10443}}, {"service": {"name": "Provider Initiated Counselling and Testing"}, "facility": {"code": 10443}}, {"service": {"name": "Management of STIs"}, "facility": {"code": 10443}}, {"service": {"name": "Condom Promotion and Distribution"}, "facility": {"code": 10443}}, {"service": {"name": "Emergency Obstetric Care"}, "facility": {"code": 11129}}, {"service": {"name": "Curative Services"}, "facility": {"code": 11129}}, {"service": {"name": "Basic Immunization"}, "facility": {"code": 11129}}, {"service": {"name": "Focused Antenatal Care"}, "facility": {"code": 11129}}, {"service": {"name": "Integrated Services"}, "facility": {"code": 11129}}, {"service": {"name": "Short Term FP"}, "facility": {"code": 11129}}, {"service": {"name": "Post Exposure Prophylaxis"}, "facility": {"code": 11129}}, {"service": {"name": "PMTCT - ANC"}, "facility": {"code": 11129}}, {"service": {"name": "Early Infant Diagnosis"}, "facility": {"code": 11129}}, {"service": {"name": "Diagnostic Counselling and Testing"}, "facility": {"code": 11129}}, {"service": {"name": "Provider Initiated Counselling and Testing"}, "facility": {"code": 11129}}, {"service": {"name": "Management of STIs"}, "facility": {"code": 11129}}, {"service": {"name": "Condom Promotion and Distribution"}, "facility": {"code": 11129}}, {"service": {"name": "Emergency Obstetric Care"}, "facility": {"code": 10706}}, {"service": {"name": "Curative Services"}, "facility": {"code": 10706}}, {"service": {"name": "Basic Immunization"}, "facility": {"code": 10706}}, {"service": {"name": "Focused Antenatal Care"}, "facility": {"code": 10706}}, {"service": {"name": "Short Term FP"}, "facility": {"code": 10706}}, {"service": {"name": "Diagnostic Counselling and Testing"}, "facility": {"code": 10706}}, {"service": {"name": "Provider Initiated Counselling and Testing"}, "facility": {"code": 10706}}, {"service": {"name": "PMTCT - ANC"}, "facility": {"code": 10706}}, {"service": {"name": "Management of STIs"}, "facility": {"code": 10706}}, {"service": {"name": "Condom Promotion and Distribution"}, "facility": {"code": 10706}}, {"service": {"name": "Emergency Obstetric Care"}, "facility": {"code": 10405}}, {"service": {"name": "Curative Services"}, "facility": {"code": 10405}}, {"service": {"name": "Focused Antenatal Care"}, "facility": {"code": 10405}}, {"service": {"name": "Integrated Services"}, "facility": {"code": 10405}}, {"service": {"name": "Short Term FP"}, "facility": {"code": 10405}}, {"service": {"name": "Post Exposure Prophylaxis"}, "facility": {"code": 10405}}, {"service": {"name": "PMTCT - ANC"}, "facility": {"code": 10405}}, {"service": {"name": "Early Infant Diagnosis"}, "facility": {"code": 10405}}, {"service": {"name": "Diagnostic Counselling and Testing"}, "facility": {"code": 10405}}, {"service": {"name": "Provider Initiated Counselling and Testing"}, "facility": {"code": 10405}}, {"service": {"name": "Management of STIs"}, "facility": {"code": 10405}}, {"service": {"name": "Condom Promotion and Distribution"}, "facility": {"code": 10405}}, {"service": {"name": "Emergency Obstetric Care"}, "facility": {"code": 10212}}, {"service": {"name": "Curative Services"}, "facility": {"code": 10212}}, {"service": {"name": "First Line Treatment"}, "facility": {"code": 10212}}, {"service": {"name": "Basic Immunization"}, "facility": {"code": 10212}}, {"service": {"name": "Focused Antenatal Care"}, "facility": {"code": 10212}}, {"service": {"name": "Long Term FP"}, "facility": {"code": 10212}}, {"service": {"name": "Short Term FP"}, "facility": {"code": 10212}}, {"service": {"name": "Post Exposure Prophylaxis"}, "facility": {"code": 10212}}, {"service": {"name": "Voluntary Male Circumcision"}, "facility": {"code": 10212}}, {"service": {"name": "PMTCT - ANC"}, "facility": {"code": 10212}}, {"service": {"name": "Early Infant Diagnosis"}, "facility": {"code": 10212}}, {"service": {"name": "Diagnostic Counselling and Testing"}, "facility": {"code": 10212}}, {"service": {"name": "Provider Initiated Counselling and Testing"}, "facility": {"code": 10212}}, {"service": {"name": "Management of STIs"}, "facility": {"code": 10212}}, {"service": {"name": "Condom Promotion and Distribution"}, "facility": {"code": 10212}}, {"service": {"name": "Emergency Obstetric Care"}, "facility": {"code": 16466}}, {"service": {"name": "Laboratory Services"}, "facility": {"code": 16466}}, {"service": {"name": "Maternity Services"}, "facility": {"code": 16466}}, {"service": {"name": "Curative Services"}, "facility": {"code": 16466}}, {"service": {"name": "First Line Treatment"}, "facility": {"code": 16466}}, {"service": {"name": "Smear Microscopy"}, "facility": {"code": 16466}}, {"service": {"name": "Emergency Obstetric Care"}, "facility": {"code": 10986}}, {"service": {"name": "Curative Services"}, "facility": {"code": 10986}}, {"service": {"name": "Basic Immunization"}, "facility": {"code": 10986}}, {"service": {"name": "Immunization with additional vaccines"}, "facility": {"code": 16466}}, {"service": {"name": "Focused Antenatal Care"}, "facility": {"code": 10986}}, {"service": {"name": "Short Term FP"}, "facility": {"code": 10986}}, {"service": {"name": "Basic Immunization"}, "facility": {"code": 16466}}, {"service": {"name": "Post Exposure Prophylaxis"}, "facility": {"code": 10986}}, {"service": {"name": "Voluntary Male Circumcision"}, "facility": {"code": 10986}}, {"service": {"name": "PMTCT - ANC"}, "facility": {"code": 10986}}, {"service": {"name": "Focused Antenatal Care"}, "facility": {"code": 16466}}, {"service": {"name": "Early Infant Diagnosis"}, "facility": {"code": 10986}}, {"service": {"name": "Diagnostic Counselling and Testing"}, "facility": {"code": 10986}}, {"service": {"name": "Integrated Services"}, "facility": {"code": 16466}}, {"service": {"name": "Provider Initiated Counselling and Testing"}, "facility": {"code": 10986}}, {"service": {"name": "Long Term FP"}, "facility": {"code": 16466}}, {"service": {"name": "Management of STIs"}, "facility": {"code": 10986}}, {"service": {"name": "Condom Promotion and Distribution"}, "facility": {"code": 10986}}, {"service": {"name": "Short Term FP"}, "facility": {"code": 16466}}, {"service": {"name": "Adult Antiretroviral Therapy"}, "facility": {"code": 16466}}, {"service": {"name": "Paediatric Antiretroviral Therapy"}, "facility": {"code": 16466}}, {"service": {"name": "Post Exposure Prophylaxis"}, "facility": {"code": 16466}}, {"service": {"name": "PMTCT - Maternity"}, "facility": {"code": 16466}}, {"service": {"name": "PMTCT - ANC"}, "facility": {"code": 16466}}, {"service": {"name": "Diagnostic Counselling and Testing"}, "facility": {"code": 16466}}, {"service": {"name": "Provider Initiated Counselling and Testing"}, "facility": {"code": 16466}}, {"service": {"name": "Voluntary Counselling and Testing"}, "facility": {"code": 16466}}, {"service": {"name": "Management of STIs"}, "facility": {"code": 16466}}, {"service": {"name": "Condom Promotion and Distribution"}, "facility": {"code": 16466}}, {"service": {"name": "Nutrition Services"}, "facility": {"code": 11789}}, {"service": {"name": "Emergency Obstetric Care"}, "facility": {"code": 11789}}, {"service": {"name": "Environmental Health Services"}, "facility": {"code": 11789}}, {"service": {"name": "Maternity Services"}, "facility": {"code": 11789}}, {"service": {"name": "Curative Services"}, "facility": {"code": 11789}}, {"service": {"name": "First Line Treatment"}, "facility": {"code": 11789}}, {"service": {"name": "Tuberculosis Culture"}, "facility": {"code": 11789}}, {"service": {"name": "Smear Microscopy"}, "facility": {"code": 11789}}, {"service": {"name": "Immunization with additional vaccines"}, "facility": {"code": 11789}}, {"service": {"name": "Basic Immunization"}, "facility": {"code": 11789}}, {"service": {"name": "Focused Antenatal Care"}, "facility": {"code": 11789}}, {"service": {"name": "Long Term FP"}, "facility": {"code": 11789}}, {"service": {"name": "Short Term FP"}, "facility": {"code": 11789}}, {"service": {"name": "PMTCT - Maternity"}, "facility": {"code": 11789}}, {"service": {"name": "PMTCT - ANC"}, "facility": {"code": 11789}}, {"service": {"name": "Diagnostic Counselling and Testing"}, "facility": {"code": 11789}}, {"service": {"name": "Provider Initiated Counselling and Testing"}, "facility": {"code": 11789}}, {"service": {"name": "Management of STIs"}, "facility": {"code": 11789}}, {"service": {"name": "Condom Promotion and Distribution"}, "facility": {"code": 11789}}, {"service": {"name": "Emergency Obstetric Care"}, "facility": {"code": 11633}}, {"service": {"name": "Environmental Health Services"}, "facility": {"code": 11633}}, {"service": {"name": "Nutrition Services"}, "facility": {"code": 11633}}, {"service": {"name": "Maternity Services"}, "facility": {"code": 11633}}, {"service": {"name": "Curative Services"}, "facility": {"code": 11633}}, {"service": {"name": "Immunization with additional vaccines"}, "facility": {"code": 11633}}, {"service": {"name": "Basic Immunization"}, "facility": {"code": 11633}}, {"service": {"name": "Focused Antenatal Care"}, "facility": {"code": 11633}}, {"service": {"name": "Long Term FP"}, "facility": {"code": 11633}}, {"service": {"name": "Short Term FP"}, "facility": {"code": 11633}}, {"service": {"name": "PMTCT - Maternity"}, "facility": {"code": 11633}}, {"service": {"name": "PMTCT - ANC"}, "facility": {"code": 11633}}, {"service": {"name": "Diagnostic Counselling and Testing"}, "facility": {"code": 11633}}, {"service": {"name": "Provider Initiated Counselling and Testing"}, "facility": {"code": 11633}}, {"service": {"name": "Management of STIs"}, "facility": {"code": 11633}}, {"service": {"name": "Condom Promotion and Distribution"}, "facility": {"code": 11633}}, {"service": {"name": "Emergency Obstetric Care"}, "facility": {"code": 11892}}, {"service": {"name": "Environmental Health Services"}, "facility": {"code": 11892}}, {"service": {"name": "Maternity Services"}, "facility": {"code": 11892}}, {"service": {"name": "Curative Services"}, "facility": {"code": 11892}}, {"service": {"name": "Immunization with additional vaccines"}, "facility": {"code": 11892}}, {"service": {"name": "Basic Immunization"}, "facility": {"code": 11892}}, {"service": {"name": "Focused Antenatal Care"}, "facility": {"code": 11892}}, {"service": {"name": "Long Term FP"}, "facility": {"code": 11892}}, {"service": {"name": "Short Term FP"}, "facility": {"code": 11892}}, {"service": {"name": "PMTCT - Maternity"}, "facility": {"code": 11892}}, {"service": {"name": "PMTCT - ANC"}, "facility": {"code": 11892}}, {"service": {"name": "Diagnostic Counselling and Testing"}, "facility": {"code": 11892}}, {"service": {"name": "Provider Initiated Counselling and Testing"}, "facility": {"code": 11892}}, {"service": {"name": "Management of STIs"}, "facility": {"code": 11892}}, {"service": {"name": "Condom Promotion and Distribution"}, "facility": {"code": 11892}}, {"service": {"name": "Emergency Obstetric Care"}, "facility": {"code": 11544}}, {"service": {"name": "Environmental Health Services"}, "facility": {"code": 11544}}, {"service": {"name": "Nutrition Services"}, "facility": {"code": 11544}}, {"service": {"name": "Maternity Services"}, "facility": {"code": 11544}}, {"service": {"name": "Curative Services"}, "facility": {"code": 11544}}, {"service": {"name": "Immunization with additional vaccines"}, "facility": {"code": 11544}}, {"service": {"name": "Basic Immunization"}, "facility": {"code": 11544}}, {"service": {"name": "Focused Antenatal Care"}, "facility": {"code": 11544}}, {"service": {"name": "Long Term FP"}, "facility": {"code": 11544}}, {"service": {"name": "Short Term FP"}, "facility": {"code": 11544}}, {"service": {"name": "PMTCT - Maternity"}, "facility": {"code": 11544}}, {"service": {"name": "PMTCT - ANC"}, "facility": {"code": 11544}}, {"service": {"name": "Diagnostic Counselling and Testing"}, "facility": {"code": 11544}}, {"service": {"name": "Provider Initiated Counselling and Testing"}, "facility": {"code": 11544}}, {"service": {"name": "Management of STIs"}, "facility": {"code": 11544}}, {"service": {"name": "Condom Promotion and Distribution"}, "facility": {"code": 11544}}, {"service": {"name": "Emergency Obstetric Care"}, "facility": {"code": 11526}}, {"service": {"name": "Environmental Health Services"}, "facility": {"code": 11526}}, {"service": {"name": "Nutrition Services"}, "facility": {"code": 11526}}, {"service": {"name": "Laboratory Services"}, "facility": {"code": 11526}}, {"service": {"name": "Maternity Services"}, "facility": {"code": 11526}}, {"service": {"name": "Curative Services"}, "facility": {"code": 11526}}, {"service": {"name": "Immunization with additional vaccines"}, "facility": {"code": 11526}}, {"service": {"name": "Basic Immunization"}, "facility": {"code": 11526}}, {"service": {"name": "Focused Antenatal Care"}, "facility": {"code": 11526}}, {"service": {"name": "Long Term FP"}, "facility": {"code": 11526}}, {"service": {"name": "Short Term FP"}, "facility": {"code": 11526}}, {"service": {"name": "PMTCT - Maternity"}, "facility": {"code": 11526}}, {"service": {"name": "PMTCT - ANC"}, "facility": {"code": 11526}}, {"service": {"name": "Diagnostic Counselling and Testing"}, "facility": {"code": 11526}}, {"service": {"name": "Provider Initiated Counselling and Testing"}, "facility": {"code": 11526}}, {"service": {"name": "Voluntary Counselling and Testing"}, "facility": {"code": 11526}}, {"service": {"name": "Condom Promotion and Distribution"}, "facility": {"code": 11526}}, {"service": {"name": "Curative Services"}, "facility": {"code": 16550}}, {"service": {"name": "Focused Antenatal Care"}, "facility": {"code": 16550}}, {"service": {"name": "Short Term FP"}, "facility": {"code": 16550}}, {"service": {"name": "PMTCT - Maternity"}, "facility": {"code": 16550}}, {"service": {"name": "PMTCT - ANC"}, "facility": {"code": 16550}}, {"service": {"name": "Management of STIs"}, "facility": {"code": 16550}}, {"service": {"name": "Condom Promotion and Distribution"}, "facility": {"code": 16550}}, {"service": {"name": "Condom Promotion and Distribution"}, "facility": {"code": 12409}}, {"service": {"name": "Nutrition Services"}, "facility": {"code": 17643}}, {"service": {"name": "Maternity Services"}, "facility": {"code": 17643}}, {"service": {"name": "Curative Services"}, "facility": {"code": 17643}}, {"service": {"name": "Basic Immunization"}, "facility": {"code": 17643}}, {"service": {"name": "First Line Treatment"}, "facility": {"code": 17643}}, {"service": {"name": "Integrated Services"}, "facility": {"code": 17643}}, {"service": {"name": "Management of STIs"}, "facility": {"code": 17643}}, {"service": {"name": "Condom Promotion and Distribution"}, "facility": {"code": 17643}}, {"service": {"name": "Integrated Services"}, "facility": {"code": 12088}}, {"service": {"name": "PMTCT - ANC"}, "facility": {"code": 12088}}, {"service": {"name": "Nutrition Services"}, "facility": {"code": 12766}}, {"service": {"name": "Curative Services"}, "facility": {"code": 12766}}, {"service": {"name": "Basic Immunization"}, "facility": {"code": 12766}}, {"service": {"name": "Integrated Services"}, "facility": {"code": 12766}}, {"service": {"name": "Provider Initiated Counselling and Testing"}, "facility": {"code": 12766}}, {"service": {"name": "Management of STIs"}, "facility": {"code": 12766}}, {"service": {"name": "Condom Promotion and Distribution"}, "facility": {"code": 12766}}, {"service": {"name": "Environmental Health Services"}, "facility": {"code": 16970}}, {"service": {"name": "Focused Antenatal Care"}, "facility": {"code": 16970}}, {"service": {"name": "Integrated Services"}, "facility": {"code": 16970}}, {"service": {"name": "Long Term FP"}, "facility": {"code": 16970}}, {"service": {"name": "Diagnostic Counselling and Testing"}, "facility": {"code": 16970}}, {"service": {"name": "Provider Initiated Counselling and Testing"}, "facility": {"code": 11016}}, {"service": {"name": "Emergency Obstetric Care"}, "facility": {"code": 10849}}, {"service": {"name": "Curative Services"}, "facility": {"code": 10849}}, {"service": {"name": "Emergency Preparedness"}, "facility": {"code": 15331}}, {"service": {"name": "Emergency Obstetric Care"}, "facility": {"code": 15331}}, {"service": {"name": "Focused Antenatal Care"}, "facility": {"code": 10849}}, {"service": {"name": "Environmental Health Services"}, "facility": {"code": 15331}}, {"service": {"name": "Nutrition Services"}, "facility": {"code": 15331}}, {"service": {"name": "Long Term FP"}, "facility": {"code": 10849}}, {"service": {"name": "Integrated Management of Childhood Illnesses"}, "facility": {"code": 15331}}, {"service": {"name": "Short Term FP"}, "facility": {"code": 10849}}, {"service": {"name": "Management of STIs"}, "facility": {"code": 10849}}, {"service": {"name": "Condom Promotion and Distribution"}, "facility": {"code": 10849}}, {"service": {"name": "Surgical Services"}, "facility": {"code": 15331}}, {"service": {"name": "Curative Services"}, "facility": {"code": 15331}}, {"service": {"name": "Basic Immunization"}, "facility": {"code": 15331}}, {"service": {"name": "Focused Antenatal Care"}, "facility": {"code": 15331}}, {"service": {"name": "Short Term FP"}, "facility": {"code": 15331}}, {"service": {"name": "Post Exposure Prophylaxis"}, "facility": {"code": 15331}}, {"service": {"name": "Early Infant Diagnosis"}, "facility": {"code": 15331}}, {"service": {"name": "Diagnostic Counselling and Testing"}, "facility": {"code": 15331}}, {"service": {"name": "Provider Initiated Counselling and Testing"}, "facility": {"code": 15331}}, {"service": {"name": "Voluntary Counselling and Testing"}, "facility": {"code": 15331}}, {"service": {"name": "Management of STIs"}, "facility": {"code": 15331}}, {"service": {"name": "Condom Promotion and Distribution"}, "facility": {"code": 15331}}, {"service": {"name": "Emergency Obstetric Care"}, "facility": {"code": 10528}}, {"service": {"name": "Maternity Services"}, "facility": {"code": 10528}}, {"service": {"name": "Curative Services"}, "facility": {"code": 10528}}, {"service": {"name": "Smear Microscopy"}, "facility": {"code": 10528}}, {"service": {"name": "First Line Treatment"}, "facility": {"code": 10528}}, {"service": {"name": "Integrated Services"}, "facility": {"code": 10528}}, {"service": {"name": "Focused Antenatal Care"}, "facility": {"code": 10528}}, {"service": {"name": "Basic Immunization"}, "facility": {"code": 10528}}, {"service": {"name": "Short Term FP"}, "facility": {"code": 10528}}, {"service": {"name": "Post Exposure Prophylaxis"}, "facility": {"code": 10528}}, {"service": {"name": "PMTCT - ANC"}, "facility": {"code": 10528}}, {"service": {"name": "Early Infant Diagnosis"}, "facility": {"code": 10528}}, {"service": {"name": "Diagnostic Counselling and Testing"}, "facility": {"code": 10528}}, {"service": {"name": "Provider Initiated Counselling and Testing"}, "facility": {"code": 10528}}, {"service": {"name": "Management of STIs"}, "facility": {"code": 10528}}, {"service": {"name": "Condom Promotion and Distribution"}, "facility": {"code": 10528}}, {"service": {"name": "Focused Antenatal Care"}, "facility": {"code": 15183}}, {"service": {"name": "Emergency Obstetric Care"}, "facility": {"code": 10191}}, {"service": {"name": "Emergency Preparedness"}, "facility": {"code": 15183}}, {"service": {"name": "Emergency Obstetric Care"}, "facility": {"code": 15183}}, {"service": {"name": "Maternity Services"}, "facility": {"code": 10191}}, {"service": {"name": "Curative Services"}, "facility": {"code": 10191}}, {"service": {"name": "Environmental Health Services"}, "facility": {"code": 15183}}, {"service": {"name": "Nutrition Services"}, "facility": {"code": 15183}}, {"service": {"name": "First Line Treatment"}, "facility": {"code": 10191}}, {"service": {"name": "Integrated Management of Childhood Illnesses"}, "facility": {"code": 15183}}, {"service": {"name": "Surgical Services"}, "facility": {"code": 15183}}, {"service": {"name": "Curative Services"}, "facility": {"code": 15183}}, {"service": {"name": "Basic Immunization"}, "facility": {"code": 10191}}, {"service": {"name": "Focused Antenatal Care"}, "facility": {"code": 10191}}, {"service": {"name": "Short Term FP"}, "facility": {"code": 10191}}, {"service": {"name": "Post Exposure Prophylaxis"}, "facility": {"code": 10191}}, {"service": {"name": "PMTCT - ANC"}, "facility": {"code": 10191}}, {"service": {"name": "Early Infant Diagnosis"}, "facility": {"code": 10191}}, {"service": {"name": "Basic Immunization"}, "facility": {"code": 15183}}, {"service": {"name": "Short Term FP"}, "facility": {"code": 15183}}, {"service": {"name": "Diagnostic Counselling and Testing"}, "facility": {"code": 10191}}, {"service": {"name": "Provider Initiated Counselling and Testing"}, "facility": {"code": 10191}}, {"service": {"name": "Post Exposure Prophylaxis"}, "facility": {"code": 15183}}, {"service": {"name": "Management of STIs"}, "facility": {"code": 10191}}, {"service": {"name": "Condom Promotion and Distribution"}, "facility": {"code": 10191}}, {"service": {"name": "Early Infant Diagnosis"}, "facility": {"code": 15183}}, {"service": {"name": "Diagnostic Counselling and Testing"}, "facility": {"code": 15183}}, {"service": {"name": "Provider Initiated Counselling and Testing"}, "facility": {"code": 15183}}, {"service": {"name": "Voluntary Counselling and Testing"}, "facility": {"code": 15183}}, {"service": {"name": "Management of STIs"}, "facility": {"code": 15183}}, {"service": {"name": "Condom Promotion and Distribution"}, "facility": {"code": 15183}}, {"service": {"name": "Emergency Obstetric Care"}, "facility": {"code": 10261}}, {"service": {"name": "Maternity Services"}, "facility": {"code": 10261}}, {"service": {"name": "Curative Services"}, "facility": {"code": 10261}}, {"service": {"name": "Basic Immunization"}, "facility": {"code": 10261}}, {"service": {"name": "Focused Antenatal Care"}, "facility": {"code": 10261}}, {"service": {"name": "Integrated Services"}, "facility": {"code": 10261}}, {"service": {"name": "Short Term FP"}, "facility": {"code": 10261}}, {"service": {"name": "Post Exposure Prophylaxis"}, "facility": {"code": 10261}}, {"service": {"name": "PMTCT - ANC"}, "facility": {"code": 10261}}, {"service": {"name": "Early Infant Diagnosis"}, "facility": {"code": 10261}}, {"service": {"name": "Diagnostic Counselling and Testing"}, "facility": {"code": 10261}}, {"service": {"name": "Provider Initiated Counselling and Testing"}, "facility": {"code": 10261}}, {"service": {"name": "Management of STIs"}, "facility": {"code": 10261}}, {"service": {"name": "Condom Promotion and Distribution"}, "facility": {"code": 10261}}, {"service": {"name": "Emergency Obstetric Care"}, "facility": {"code": 10624}}, {"service": {"name": "Maternity Services"}, "facility": {"code": 10624}}, {"service": {"name": "Curative Services"}, "facility": {"code": 10624}}, {"service": {"name": "First Line Treatment"}, "facility": {"code": 10624}}, {"service": {"name": "Smear Microscopy"}, "facility": {"code": 10624}}, {"service": {"name": "Focused Antenatal Care"}, "facility": {"code": 10624}}, {"service": {"name": "Basic Immunization"}, "facility": {"code": 10624}}, {"service": {"name": "Integrated Services"}, "facility": {"code": 10624}}, {"service": {"name": "Short Term FP"}, "facility": {"code": 10624}}, {"service": {"name": "Adult Antiretroviral Therapy"}, "facility": {"code": 10624}}, {"service": {"name": "Paediatric Antiretroviral Therapy"}, "facility": {"code": 10624}}, {"service": {"name": "Post Exposure Prophylaxis"}, "facility": {"code": 10624}}, {"service": {"name": "PMTCT - ANC"}, "facility": {"code": 10624}}, {"service": {"name": "Early Infant Diagnosis"}, "facility": {"code": 10624}}, {"service": {"name": "Diagnostic Counselling and Testing"}, "facility": {"code": 10624}}, {"service": {"name": "Provider Initiated Counselling and Testing"}, "facility": {"code": 10624}}, {"service": {"name": "Management of STIs"}, "facility": {"code": 10624}}, {"service": {"name": "Condom Promotion and Distribution"}, "facility": {"code": 10624}}, {"service": {"name": "Emergency Obstetric Care"}, "facility": {"code": 10472}}, {"service": {"name": "Maternity Services"}, "facility": {"code": 10472}}, {"service": {"name": "Curative Services"}, "facility": {"code": 10472}}, {"service": {"name": "Basic Immunization"}, "facility": {"code": 10472}}, {"service": {"name": "Focused Antenatal Care"}, "facility": {"code": 10472}}, {"service": {"name": "Integrated Services"}, "facility": {"code": 10472}}, {"service": {"name": "Short Term FP"}, "facility": {"code": 10472}}, {"service": {"name": "PMTCT - ANC"}, "facility": {"code": 10472}}, {"service": {"name": "Early Infant Diagnosis"}, "facility": {"code": 10472}}, {"service": {"name": "Diagnostic Counselling and Testing"}, "facility": {"code": 10472}}, {"service": {"name": "Provider Initiated Counselling and Testing"}, "facility": {"code": 10472}}, {"service": {"name": "Management of STIs"}, "facility": {"code": 10472}}, {"service": {"name": "Condom Promotion and Distribution"}, "facility": {"code": 10472}}, {"service": {"name": "First Line Treatment"}, "facility": {"code": 14559}}, {"service": {"name": "Smear Microscopy"}, "facility": {"code": 14559}}, {"service": {"name": "Focused Antenatal Care"}, "facility": {"code": 14559}}, {"service": {"name": "Short Term FP"}, "facility": {"code": 14559}}, {"service": {"name": "Emergency Obstetric Care"}, "facility": {"code": 10584}}, {"service": {"name": "Maternity Services"}, "facility": {"code": 10584}}, {"service": {"name": "Curative Services"}, "facility": {"code": 10584}}, {"service": {"name": "Basic Immunization"}, "facility": {"code": 10584}}, {"service": {"name": "Focused Antenatal Care"}, "facility": {"code": 10584}}, {"service": {"name": "Integrated Services"}, "facility": {"code": 10584}}, {"service": {"name": "Short Term FP"}, "facility": {"code": 10584}}, {"service": {"name": "PMTCT - ANC"}, "facility": {"code": 10584}}, {"service": {"name": "Provider Initiated Counselling and Testing"}, "facility": {"code": 10584}}, {"service": {"name": "Management of STIs"}, "facility": {"code": 10584}}, {"service": {"name": "Condom Promotion and Distribution"}, "facility": {"code": 10584}}, {"service": {"name": "Emergency Preparedness"}, "facility": {"code": 15728}}, {"service": {"name": "Emergency Obstetric Care"}, "facility": {"code": 15728}}, {"service": {"name": "Environmental Health Services"}, "facility": {"code": 15728}}, {"service": {"name": "Nutrition Services"}, "facility": {"code": 15728}}, {"service": {"name": "Integrated Management of Childhood Illnesses"}, "facility": {"code": 15728}}, {"service": {"name": "Curative Services"}, "facility": {"code": 15728}}, {"service": {"name": "Focused Antenatal Care"}, "facility": {"code": 15728}}, {"service": {"name": "Basic Immunization"}, "facility": {"code": 15728}}, {"service": {"name": "Short Term FP"}, "facility": {"code": 15728}}, {"service": {"name": "PMTCT - ANC"}, "facility": {"code": 15728}}, {"service": {"name": "Diagnostic Counselling and Testing"}, "facility": {"code": 15728}}, {"service": {"name": "Provider Initiated Counselling and Testing"}, "facility": {"code": 15728}}, {"service": {"name": "Voluntary Counselling and Testing"}, "facility": {"code": 15728}}, {"service": {"name": "Condom Promotion and Distribution"}, "facility": {"code": 15728}}, {"service": {"name": "Emergency Obstetric Care"}, "facility": {"code": 10474}}, {"service": {"name": "Maternity Services"}, "facility": {"code": 10474}}, {"service": {"name": "Curative Services"}, "facility": {"code": 10474}}, {"service": {"name": "Basic Immunization"}, "facility": {"code": 10474}}, {"service": {"name": "Focused Antenatal Care"}, "facility": {"code": 10474}}, {"service": {"name": "Integrated Services"}, "facility": {"code": 10474}}, {"service": {"name": "Long Term FP"}, "facility": {"code": 10474}}, {"service": {"name": "Short Term FP"}, "facility": {"code": 10474}}, {"service": {"name": "PMTCT - Maternity"}, "facility": {"code": 10474}}, {"service": {"name": "PMTCT - ANC"}, "facility": {"code": 10474}}, {"service": {"name": "Early Infant Diagnosis"}, "facility": {"code": 10474}}, {"service": {"name": "Diagnostic Counselling and Testing"}, "facility": {"code": 10474}}, {"service": {"name": "Provider Initiated Counselling and Testing"}, "facility": {"code": 10474}}, {"service": {"name": "Management of STIs"}, "facility": {"code": 10474}}, {"service": {"name": "Condom Promotion and Distribution"}, "facility": {"code": 10474}}, {"service": {"name": "Maternity Services"}, "facility": {"code": 11397}}, {"service": {"name": "Adult Antiretroviral Therapy"}, "facility": {"code": 11397}}, {"service": {"name": "Post Exposure Prophylaxis"}, "facility": {"code": 11397}}, {"service": {"name": "Voluntary Male Circumcision"}, "facility": {"code": 11397}}, {"service": {"name": "PMTCT - Maternity"}, "facility": {"code": 11397}}, {"service": {"name": "PMTCT - ANC"}, "facility": {"code": 11397}}, {"service": {"name": "Early Infant Diagnosis"}, "facility": {"code": 11397}}, {"service": {"name": "Diagnostic Counselling and Testing"}, "facility": {"code": 11397}}, {"service": {"name": "Provider Initiated Counselling and Testing"}, "facility": {"code": 11397}}, {"service": {"name": "Voluntary Counselling and Testing"}, "facility": {"code": 11397}}, {"service": {"name": "Emergency Preparedness"}, "facility": {"code": 11235}}, {"service": {"name": "Oral Health Services (Dental Services)"}, "facility": {"code": 11235}}, {"service": {"name": "Environmental Health Services"}, "facility": {"code": 11235}}, {"service": {"name": "Rehabilitative Health Services - Physiotherapy"}, "facility": {"code": 11235}}, {"service": {"name": "Integrated Management of Childhood Illnesses"}, "facility": {"code": 11235}}, {"service": {"name": "Surgical Services"}, "facility": {"code": 11235}}, {"service": {"name": "Rehabilitative Health Services - Orthopaedic Technology"}, "facility": {"code": 11235}}, {"service": {"name": "Specialized ANC"}, "facility": {"code": 11235}}, {"service": {"name": "Focused Antenatal Care"}, "facility": {"code": 11235}}, {"service": {"name": "Permanent FP"}, "facility": {"code": 11235}}, {"service": {"name": "Voluntary Male Circumcision"}, "facility": {"code": 11235}}, {"service": {"name": "PMTCT - ANC"}, "facility": {"code": 11235}}, {"service": {"name": "Condom Promotion and Distribution"}, "facility": {"code": 11235}}, {"service": {"name": "Curative Services"}, "facility": {"code": 11890}}, {"service": {"name": "Curative Services"}, "facility": {"code": 11864}}, {"service": {"name": "Curative Services"}, "facility": {"code": 11858}}, {"service": {"name": "Mortuary Services"}, "facility": {"code": 15915}}, {"service": {"name": "Facility Based Blood Transfusion Service"}, "facility": {"code": 15915}}, {"service": {"name": "Rehabilitative Health Services - Orthopaedic Technology"}, "facility": {"code": 15915}}, {"service": {"name": "Rehabilitative Health Services - Occupational Health"}, "facility": {"code": 15915}}, {"service": {"name": "MDRTB Treatment"}, "facility": {"code": 15915}}, {"service": {"name": "First Line Treatment"}, "facility": {"code": 15915}}, {"service": {"name": "Tuberculosis Culture"}, "facility": {"code": 15915}}, {"service": {"name": "Smear Microscopy"}, "facility": {"code": 15915}}, {"service": {"name": "Immunization with additional vaccines"}, "facility": {"code": 15915}}, {"service": {"name": "Basic Immunization"}, "facility": {"code": 15915}}, {"service": {"name": "Specialized ANC"}, "facility": {"code": 15915}}, {"service": {"name": "Emergency Obstetric Care"}, "facility": {"code": 11240}}, {"service": {"name": "Focused Antenatal Care"}, "facility": {"code": 15915}}, {"service": {"name": "Laboratory Services"}, "facility": {"code": 11240}}, {"service": {"name": "Curative Services"}, "facility": {"code": 11856}}, {"service": {"name": "Maternity Services"}, "facility": {"code": 11240}}, {"service": {"name": "Focused Antenatal Care"}, "facility": {"code": 11240}}, {"service": {"name": "Long Term FP"}, "facility": {"code": 11240}}, {"service": {"name": "Voluntary Male Circumcision"}, "facility": {"code": 11240}}, {"service": {"name": "PMTCT - Maternity"}, "facility": {"code": 11240}}, {"service": {"name": "PMTCT - ANC"}, "facility": {"code": 11240}}, {"service": {"name": "Provider Initiated Counselling and Testing"}, "facility": {"code": 11240}}, {"service": {"name": "Voluntary Counselling and Testing"}, "facility": {"code": 11240}}, {"service": {"name": "Condom Promotion and Distribution"}, "facility": {"code": 11240}}, {"service": {"name": "Curative Services"}, "facility": {"code": 11849}}, {"service": {"name": "Emergency Obstetric Care"}, "facility": {"code": 11172}}, {"service": {"name": "Maternity Services"}, "facility": {"code": 11172}}, {"service": {"name": "Curative Services"}, "facility": {"code": 11172}}, {"service": {"name": "First Line Treatment"}, "facility": {"code": 11172}}, {"service": {"name": "Basic Immunization"}, "facility": {"code": 11172}}, {"service": {"name": "Focused Antenatal Care"}, "facility": {"code": 11172}}, {"service": {"name": "Integrated Services"}, "facility": {"code": 11172}}, {"service": {"name": "Post Exposure Prophylaxis"}, "facility": {"code": 11172}}, {"service": {"name": "Voluntary Male Circumcision"}, "facility": {"code": 11172}}, {"service": {"name": "PMTCT - ANC"}, "facility": {"code": 11172}}, {"service": {"name": "Early Infant Diagnosis"}, "facility": {"code": 11172}}, {"service": {"name": "Diagnostic Counselling and Testing"}, "facility": {"code": 11172}}, {"service": {"name": "Provider Initiated Counselling and Testing"}, "facility": {"code": 11172}}, {"service": {"name": "Management of STIs"}, "facility": {"code": 11172}}, {"service": {"name": "Condom Promotion and Distribution"}, "facility": {"code": 11172}}, {"service": {"name": "Emergency Preparedness"}, "facility": {"code": 15053}}, {"service": {"name": "ENT Services"}, "facility": {"code": 15053}}, {"service": {"name": "Dental Laboratory Services"}, "facility": {"code": 15053}}, {"service": {"name": "Oral Health Services (Dental Services)"}, "facility": {"code": 15053}}, {"service": {"name": "Emergency Obstetric Care"}, "facility": {"code": 15053}}, {"service": {"name": "Emergency Preparedness"}, "facility": {"code": 16978}}, {"service": {"name": "Curative Services"}, "facility": {"code": 11832}}, {"service": {"name": "Oral Health Services (Dental Services)"}, "facility": {"code": 15091}}, {"service": {"name": "Emergency Preparedness"}, "facility": {"code": 15091}}, {"service": {"name": "ENT Services"}, "facility": {"code": 15091}}, {"service": {"name": "Dental Laboratory Services"}, "facility": {"code": 15091}}, {"service": {"name": "Emergency Obstetric Care"}, "facility": {"code": 15091}}, {"service": {"name": "Emergency Obstetric Care"}, "facility": {"code": 10209}}, {"service": {"name": "Maternity Services"}, "facility": {"code": 10209}}, {"service": {"name": "Curative Services"}, "facility": {"code": 10209}}, {"service": {"name": "Basic Immunization"}, "facility": {"code": 10209}}, {"service": {"name": "Focused Antenatal Care"}, "facility": {"code": 10209}}, {"service": {"name": "Short Term FP"}, "facility": {"code": 10209}}, {"service": {"name": "PMTCT - ANC"}, "facility": {"code": 10209}}, {"service": {"name": "Diagnostic Counselling and Testing"}, "facility": {"code": 10209}}, {"service": {"name": "Provider Initiated Counselling and Testing"}, "facility": {"code": 10209}}, {"service": {"name": "Management of STIs"}, "facility": {"code": 10209}}, {"service": {"name": "Condom Promotion and Distribution"}, "facility": {"code": 10209}}, {"service": {"name": "Diagnostic Counselling and Testing"}, "facility": {"code": 16533}}, {"service": {"name": "Provider Initiated Counselling and Testing"}, "facility": {"code": 16533}}, {"service": {"name": "Curative Services"}, "facility": {"code": 11809}}, {"service": {"name": "Emergency Obstetric Care"}, "facility": {"code": 10636}}, {"service": {"name": "Environmental Health Services"}, "facility": {"code": 10636}}, {"service": {"name": "Laboratory Services"}, "facility": {"code": 10636}}, {"service": {"name": "Surgical Services"}, "facility": {"code": 10636}}, {"service": {"name": "Maternity Services"}, "facility": {"code": 10636}}, {"service": {"name": "Curative Services"}, "facility": {"code": 10636}}, {"service": {"name": "First Line Treatment"}, "facility": {"code": 10636}}, {"service": {"name": "Smear Microscopy"}, "facility": {"code": 10636}}, {"service": {"name": "Immunization with additional vaccines"}, "facility": {"code": 10636}}, {"service": {"name": "Basic Immunization"}, "facility": {"code": 10636}}, {"service": {"name": "Focused Antenatal Care"}, "facility": {"code": 10636}}, {"service": {"name": "Integrated Services"}, "facility": {"code": 10636}}, {"service": {"name": "Long Term FP"}, "facility": {"code": 10636}}, {"service": {"name": "Short Term FP"}, "facility": {"code": 10636}}, {"service": {"name": "Adult Antiretroviral Therapy"}, "facility": {"code": 10636}}, {"service": {"name": "Paediatric Antiretroviral Therapy"}, "facility": {"code": 10636}}, {"service": {"name": "Post Exposure Prophylaxis"}, "facility": {"code": 10636}}, {"service": {"name": "Voluntary Male Circumcision"}, "facility": {"code": 10636}}, {"service": {"name": "PMTCT - Maternity"}, "facility": {"code": 10636}}, {"service": {"name": "PMTCT - ANC"}, "facility": {"code": 10636}}, {"service": {"name": "Early Infant Diagnosis"}, "facility": {"code": 10636}}, {"service": {"name": "Provider Initiated Counselling and Testing"}, "facility": {"code": 10636}}, {"service": {"name": "Diagnostic Counselling and Testing"}, "facility": {"code": 10636}}, {"service": {"name": "Voluntary Counselling and Testing"}, "facility": {"code": 10636}}, {"service": {"name": "Management of STIs"}, "facility": {"code": 10636}}, {"service": {"name": "Condom Promotion and Distribution"}, "facility": {"code": 10636}}, {"service": {"name": "Emergency Preparedness"}, "facility": {"code": 16415}}, {"service": {"name": "Emergency Obstetric Care"}, "facility": {"code": 16415}}, {"service": {"name": "Environmental Health Services"}, "facility": {"code": 16415}}, {"service": {"name": "Nutrition Services"}, "facility": {"code": 16415}}, {"service": {"name": "Integrated Management of Childhood Illnesses"}, "facility": {"code": 16415}}, {"service": {"name": "Surgical Services"}, "facility": {"code": 16415}}, {"service": {"name": "Curative Services"}, "facility": {"code": 16415}}, {"service": {"name": "Basic Immunization"}, "facility": {"code": 16415}}, {"service": {"name": "Focused Antenatal Care"}, "facility": {"code": 16415}}, {"service": {"name": "Long Term FP"}, "facility": {"code": 16415}}, {"service": {"name": "Short Term FP"}, "facility": {"code": 16415}}, {"service": {"name": "PMTCT - ANC"}, "facility": {"code": 16415}}, {"service": {"name": "Diagnostic Counselling and Testing"}, "facility": {"code": 16415}}, {"service": {"name": "Provider Initiated Counselling and Testing"}, "facility": {"code": 16415}}, {"service": {"name": "Emergency Obstetric Care"}, "facility": {"code": 10577}}, {"service": {"name": "Maternity Services"}, "facility": {"code": 10577}}, {"service": {"name": "Curative Services"}, "facility": {"code": 10577}}, {"service": {"name": "Basic Immunization"}, "facility": {"code": 10577}}, {"service": {"name": "Focused Antenatal Care"}, "facility": {"code": 10577}}, {"service": {"name": "Short Term FP"}, "facility": {"code": 10577}}, {"service": {"name": "PMTCT - ANC"}, "facility": {"code": 10577}}, {"service": {"name": "Diagnostic Counselling and Testing"}, "facility": {"code": 10577}}, {"service": {"name": "Provider Initiated Counselling and Testing"}, "facility": {"code": 10577}}, {"service": {"name": "Management of STIs"}, "facility": {"code": 10577}}, {"service": {"name": "Condom Promotion and Distribution"}, "facility": {"code": 10577}}, {"service": {"name": "Curative Services"}, "facility": {"code": 11776}}, {"service": {"name": "Curative Services"}, "facility": {"code": 11771}}, {"service": {"name": "Curative Services"}, "facility": {"code": 11770}}, {"service": {"name": "Emergency Preparedness"}, "facility": {"code": 14978}}, {"service": {"name": "Oral Health Services (Dental Services)"}, "facility": {"code": 14978}}, {"service": {"name": "Emergency Obstetric Care"}, "facility": {"code": 10533}}, {"service": {"name": "ENT Services"}, "facility": {"code": 14978}}, {"service": {"name": "Dental Laboratory Services"}, "facility": {"code": 14978}}, {"service": {"name": "Emergency Obstetric Care"}, "facility": {"code": 14978}}, {"service": {"name": "Basic Immunization"}, "facility": {"code": 10533}}, {"service": {"name": "Focused Antenatal Care"}, "facility": {"code": 14980}}, {"service": {"name": "Focused Antenatal Care"}, "facility": {"code": 10533}}, {"service": {"name": "Integrated Services"}, "facility": {"code": 10533}}, {"service": {"name": "Long Term FP"}, "facility": {"code": 10533}}, {"service": {"name": "Short Term FP"}, "facility": {"code": 10533}}, {"service": {"name": "Short Term FP"}, "facility": {"code": 14980}}, {"service": {"name": "Post Exposure Prophylaxis"}, "facility": {"code": 10533}}, {"service": {"name": "Diagnostic Counselling and Testing"}, "facility": {"code": 10533}}, {"service": {"name": "PMTCT - ANC"}, "facility": {"code": 10533}}, {"service": {"name": "Provider Initiated Counselling and Testing"}, "facility": {"code": 10533}}, {"service": {"name": "Management of STIs"}, "facility": {"code": 10533}}, {"service": {"name": "Condom Promotion and Distribution"}, "facility": {"code": 10533}}, {"service": {"name": "Curative Services"}, "facility": {"code": 11741}}, {"service": {"name": "Curative Services"}, "facility": {"code": 11736}}, {"service": {"name": "Emergency Preparedness"}, "facility": {"code": 14430}}, {"service": {"name": "Integrated Management of Childhood Illnesses"}, "facility": {"code": 14430}}, {"service": {"name": "Ambulance Sevices"}, "facility": {"code": 14430}}, {"service": {"name": "Surgical Services"}, "facility": {"code": 14430}}, {"service": {"name": "Maternity Services"}, "facility": {"code": 14430}}, {"service": {"name": "Curative Services"}, "facility": {"code": 14430}}, {"service": {"name": "Basic Immunization"}, "facility": {"code": 14430}}, {"service": {"name": "Focused Antenatal Care"}, "facility": {"code": 14430}}, {"service": {"name": "Long Term FP"}, "facility": {"code": 14430}}, {"service": {"name": "Short Term FP"}, "facility": {"code": 14430}}, {"service": {"name": "Post Exposure Prophylaxis"}, "facility": {"code": 14430}}, {"service": {"name": "PMTCT - Maternity"}, "facility": {"code": 14430}}, {"service": {"name": "Early Infant Diagnosis"}, "facility": {"code": 14430}}, {"service": {"name": "Diagnostic Counselling and Testing"}, "facility": {"code": 14430}}, {"service": {"name": "Provider Initiated Counselling and Testing"}, "facility": {"code": 14430}}, {"service": {"name": "Voluntary Counselling and Testing"}, "facility": {"code": 14430}}, {"service": {"name": "Management of STIs"}, "facility": {"code": 14430}}, {"service": {"name": "Condom Promotion and Distribution"}, "facility": {"code": 14430}}, {"service": {"name": "Curative Services"}, "facility": {"code": 11710}}, {"service": {"name": "Curative Services"}, "facility": {"code": 11657}}, {"service": {"name": "Emergency Obstetric Care"}, "facility": {"code": 10354}}, {"service": {"name": "Curative Services"}, "facility": {"code": 10354}}, {"service": {"name": "Basic Immunization"}, "facility": {"code": 10354}}, {"service": {"name": "Focused Antenatal Care"}, "facility": {"code": 10354}}, {"service": {"name": "Short Term FP"}, "facility": {"code": 10354}}, {"service": {"name": "PMTCT - ANC"}, "facility": {"code": 10354}}, {"service": {"name": "Early Infant Diagnosis"}, "facility": {"code": 10354}}, {"service": {"name": "Curative Services"}, "facility": {"code": 11646}}, {"service": {"name": "Diagnostic Counselling and Testing"}, "facility": {"code": 10354}}, {"service": {"name": "Provider Initiated Counselling and Testing"}, "facility": {"code": 10354}}, {"service": {"name": "Management of STIs"}, "facility": {"code": 10354}}, {"service": {"name": "Condom Promotion and Distribution"}, "facility": {"code": 10354}}, {"service": {"name": "Basic Immunization"}, "facility": {"code": 11645}}, {"service": {"name": "Emergency Preparedness"}, "facility": {"code": 11645}}, {"service": {"name": "Emergency Obstetric Care"}, "facility": {"code": 11645}}, {"service": {"name": "Environmental Health Services"}, "facility": {"code": 11645}}, {"service": {"name": "Integrated Management of Childhood Illnesses"}, "facility": {"code": 11645}}, {"service": {"name": "Nutrition Services"}, "facility": {"code": 11645}}, {"service": {"name": "Laboratory Services"}, "facility": {"code": 11645}}, {"service": {"name": "Surgical Services"}, "facility": {"code": 11645}}, {"service": {"name": "Curative Services"}, "facility": {"code": 11645}}, {"service": {"name": "Short Term FP"}, "facility": {"code": 11645}}, {"service": {"name": "PMTCT - ANC"}, "facility": {"code": 11645}}, {"service": {"name": "Curative Services"}, "facility": {"code": 10021}}, {"service": {"name": "Management of STIs"}, "facility": {"code": 11645}}, {"service": {"name": "Focused Antenatal Care"}, "facility": {"code": 10021}}, {"service": {"name": "Diagnostic Counselling and Testing"}, "facility": {"code": 11645}}, {"service": {"name": "Provider Initiated Counselling and Testing"}, "facility": {"code": 11645}}, {"service": {"name": "Condom Promotion and Distribution"}, "facility": {"code": 10021}}, {"service": {"name": "Curative Services"}, "facility": {"code": 11597}}, {"service": {"name": "Curative Services"}, "facility": {"code": 11595}}, {"service": {"name": "Curative Services"}, "facility": {"code": 11584}}, {"service": {"name": "Environmental Health Services"}, "facility": {"code": 17830}}, {"service": {"name": "Nutrition Services"}, "facility": {"code": 17830}}, {"service": {"name": "Curative Services"}, "facility": {"code": 17830}}, {"service": {"name": "Condom Promotion and Distribution"}, "facility": {"code": 17830}}, {"service": {"name": "Curative Services"}, "facility": {"code": 11540}}, {"service": {"name": "Laboratory Services"}, "facility": {"code": 11975}}, {"service": {"name": "Curative Services"}, "facility": {"code": 11975}}, {"service": {"name": "Environmental Health Services"}, "facility": {"code": 17829}}, {"service": {"name": "Nutrition Services"}, "facility": {"code": 17829}}, {"service": {"name": "Curative Services"}, "facility": {"code": 17829}}, {"service": {"name": "PMTCT - ANC"}, "facility": {"code": 17829}}, {"service": {"name": "Condom Promotion and Distribution"}, "facility": {"code": 17829}}, {"service": {"name": "Curative Services"}, "facility": {"code": 11378}}, {"service": {"name": "Emergency Preparedness"}, "facility": {"code": 11259}}, {"service": {"name": "Emergency Obstetric Care"}, "facility": {"code": 11259}}, {"service": {"name": "Nutrition Services"}, "facility": {"code": 11259}}, {"service": {"name": "Integrated Management of Childhood Illnesses"}, "facility": {"code": 11259}}, {"service": {"name": "Laboratory Services"}, "facility": {"code": 11259}}, {"service": {"name": "Maternity Services"}, "facility": {"code": 11259}}, {"service": {"name": "Curative Services"}, "facility": {"code": 11259}}, {"service": {"name": "Basic Immunization"}, "facility": {"code": 11259}}, {"service": {"name": "Focused Antenatal Care"}, "facility": {"code": 11259}}, {"service": {"name": "Short Term FP"}, "facility": {"code": 11259}}, {"service": {"name": "Early Infant Diagnosis"}, "facility": {"code": 11259}}, {"service": {"name": "Diagnostic Counselling and Testing"}, "facility": {"code": 11259}}, {"service": {"name": "Voluntary Counselling and Testing"}, "facility": {"code": 11259}}, {"service": {"name": "Management of STIs"}, "facility": {"code": 11259}}, {"service": {"name": "Condom Promotion and Distribution"}, "facility": {"code": 11259}}, {"service": {"name": "Environmental Health Services"}, "facility": {"code": 14317}}, {"service": {"name": "Rehabilitative Health Services - Physiotherapy"}, "facility": {"code": 14317}}, {"service": {"name": "Surgical Services"}, "facility": {"code": 14317}}, {"service": {"name": "Integrated Management of Childhood Illnesses"}, "facility": {"code": 14317}}, {"service": {"name": "Curative Services"}, "facility": {"code": 14317}}, {"service": {"name": "Short Term FP"}, "facility": {"code": 14317}}, {"service": {"name": "PMTCT - ANC"}, "facility": {"code": 14317}}, {"service": {"name": "Provider Initiated Counselling and Testing"}, "facility": {"code": 14317}}, {"service": {"name": "Voluntary Counselling and Testing"}, "facility": {"code": 14317}}, {"service": {"name": "Condom Promotion and Distribution"}, "facility": {"code": 14317}}, {"service": {"name": "ENT Services"}, "facility": {"code": 15758}}, {"service": {"name": "Emergency Obstetric Care"}, "facility": {"code": 15758}}, {"service": {"name": "Oral Health Services (Dental Services)"}, "facility": {"code": 15758}}, {"service": {"name": "Rehabilitative Health Services - Physiotherapy"}, "facility": {"code": 15758}}, {"service": {"name": "Mental Health Services"}, "facility": {"code": 15758}}, {"service": {"name": "Opthalmic Services"}, "facility": {"code": 15758}}, {"service": {"name": "Nutrition Services"}, "facility": {"code": 15758}}, {"service": {"name": "Ambulance Sevices"}, "facility": {"code": 15758}}, {"service": {"name": "Laboratory Services"}, "facility": {"code": 15758}}, {"service": {"name": "Surgical Services"}, "facility": {"code": 15758}}, {"service": {"name": "Maternity Services"}, "facility": {"code": 15758}}, {"service": {"name": "Curative Services"}, "facility": {"code": 15758}}, {"service": {"name": "Emergency Obstetric Care"}, "facility": {"code": 14987}}, {"service": {"name": "Environmental Health Services"}, "facility": {"code": 14987}}, {"service": {"name": "Mental Health Services"}, "facility": {"code": 14987}}, {"service": {"name": "Maternity Services"}, "facility": {"code": 14987}}, {"service": {"name": "Curative Services"}, "facility": {"code": 14987}}, {"service": {"name": "Basic Immunization"}, "facility": {"code": 14987}}, {"service": {"name": "Specialized ANC"}, "facility": {"code": 14987}}, {"service": {"name": "Integrated Services"}, "facility": {"code": 14987}}, {"service": {"name": "Post Exposure Prophylaxis"}, "facility": {"code": 14987}}, {"service": {"name": "Voluntary Male Circumcision"}, "facility": {"code": 14987}}, {"service": {"name": "Emergency Obstetric Care"}, "facility": {"code": 11884}}, {"service": {"name": "Environmental Health Services"}, "facility": {"code": 11884}}, {"service": {"name": "Nutrition Services"}, "facility": {"code": 11884}}, {"service": {"name": "Maternity Services"}, "facility": {"code": 11884}}, {"service": {"name": "Curative Services"}, "facility": {"code": 11884}}, {"service": {"name": "Basic Immunization"}, "facility": {"code": 11884}}, {"service": {"name": "Immunization with additional vaccines"}, "facility": {"code": 11884}}, {"service": {"name": "Focused Antenatal Care"}, "facility": {"code": 11884}}, {"service": {"name": "Long Term FP"}, "facility": {"code": 11884}}, {"service": {"name": "Short Term FP"}, "facility": {"code": 11884}}, {"service": {"name": "PMTCT - Maternity"}, "facility": {"code": 11884}}, {"service": {"name": "PMTCT - ANC"}, "facility": {"code": 11884}}, {"service": {"name": "Diagnostic Counselling and Testing"}, "facility": {"code": 11884}}, {"service": {"name": "Provider Initiated Counselling and Testing"}, "facility": {"code": 11884}}, {"service": {"name": "Management of STIs"}, "facility": {"code": 11884}}, {"service": {"name": "Condom Promotion and Distribution"}, "facility": {"code": 11884}}, {"service": {"name": "PMTCT - Maternity"}, "facility": {"code": 14987}}, {"service": {"name": "PMTCT - ANC"}, "facility": {"code": 14987}}, {"service": {"name": "Early Infant Diagnosis"}, "facility": {"code": 14987}}, {"service": {"name": "Diagnostic Counselling and Testing"}, "facility": {"code": 14987}}, {"service": {"name": "Provider Initiated Counselling and Testing"}, "facility": {"code": 14987}}, {"service": {"name": "Voluntary Counselling and Testing"}, "facility": {"code": 14987}}, {"service": {"name": "Management of STIs"}, "facility": {"code": 14987}}, {"service": {"name": "Condom Promotion and Distribution"}, "facility": {"code": 14987}}, {"service": {"name": "Laboratory Services"}, "facility": {"code": 11651}}, {"service": {"name": "Emergency Obstetric Care"}, "facility": {"code": 11651}}, {"service": {"name": "Environmental Health Services"}, "facility": {"code": 11651}}, {"service": {"name": "Nutrition Services"}, "facility": {"code": 11651}}, {"service": {"name": "Maternity Services"}, "facility": {"code": 11651}}, {"service": {"name": "Curative Services"}, "facility": {"code": 11651}}], "unique_fields": ["facility", "service"], "model": "facilities.FacilityService"}]