[{"records": [{"service": {"name": "Emergency Obstetric Care"}, "facility": {"code": 14717}}, {"service": {"name": "Focused Antenatal Care"}, "facility": {"code": 16669}}, {"service": {"name": "Nutrition Services"}, "facility": {"code": 14445}}, {"service": {"name": "Environmental Health Services"}, "facility": {"code": 14717}}, {"service": {"name": "Integrated Management of Childhood Illnesses"}, "facility": {"code": 14445}}, {"service": {"name": "Mental Health Services"}, "facility": {"code": 14717}}, {"service": {"name": "Opthalmic Services"}, "facility": {"code": 14717}}, {"service": {"name": "Short Term FP"}, "facility": {"code": 16669}}, {"service": {"name": "Laboratory Services"}, "facility": {"code": 14445}}, {"service": {"name": "Nutrition Services"}, "facility": {"code": 14717}}, {"service": {"name": "Curative Services"}, "facility": {"code": 14445}}, {"service": {"name": "Maternity Services"}, "facility": {"code": 14717}}, {"service": {"name": "Surgical Services"}, "facility": {"code": 14717}}, {"service": {"name": "Curative Services"}, "facility": {"code": 14717}}, {"service": {"name": "PMTCT - ANC"}, "facility": {"code": 16669}}, {"service": {"name": "Basic Immunization"}, "facility": {"code": 14445}}, {"service": {"name": "Focused Antenatal Care"}, "facility": {"code": 14445}}, {"service": {"name": "Early Infant Diagnosis"}, "facility": {"code": 16669}}, {"service": {"name": "Home Based Care"}, "facility": {"code": 14445}}, {"service": {"name": "Immunization with additional vaccines"}, "facility": {"code": 14717}}, {"service": {"name": "Provider Initiated Counselling and Testing"}, "facility": {"code": 16669}}, {"service": {"name": "Adult Antiretroviral Therapy"}, "facility": {"code": 14445}}, {"service": {"name": "Basic Immunization"}, "facility": {"code": 14717}}, {"service": {"name": "Focused Antenatal Care"}, "facility": {"code": 14717}}, {"service": {"name": "Paediatric Antiretroviral Therapy"}, "facility": {"code": 14445}}, {"service": {"name": "Management of STIs"}, "facility": {"code": 16669}}, {"service": {"name": "Emergency Obstetric Care"}, "facility": {"code": 15466}}, {"service": {"name": "Short Term FP"}, "facility": {"code": 14717}}, {"service": {"name": "Condom Promotion and Distribution"}, "facility": {"code": 16669}}, {"service": {"name": "Post Exposure Prophylaxis"}, "facility": {"code": 14445}}, {"service": {"name": "PMTCT - ANC"}, "facility": {"code": 14445}}, {"service": {"name": "PMTCT - Maternity"}, "facility": {"code": 14717}}, {"service": {"name": "PMTCT - ANC"}, "facility": {"code": 14717}}, {"service": {"name": "Laboratory Services"}, "facility": {"code": 15466}}, {"service": {"name": "Provider Initiated Counselling and Testing"}, "facility": {"code": 14445}}, {"service": {"name": "Early Infant Diagnosis"}, "facility": {"code": 14717}}, {"service": {"name": "Voluntary Counselling and Testing"}, "facility": {"code": 14445}}, {"service": {"name": "Surgical Services"}, "facility": {"code": 15466}}, {"service": {"name": "Management of STIs"}, "facility": {"code": 14445}}, {"service": {"name": "Maternity Services"}, "facility": {"code": 15466}}, {"service": {"name": "Curative Services"}, "facility": {"code": 15466}}, {"service": {"name": "Management of STIs"}, "facility": {"code": 14717}}, {"service": {"name": "Facility Based Blood Transfusion Service"}, "facility": {"code": 15466}}, {"service": {"name": "Condom Promotion and Distribution"}, "facility": {"code": 14717}}, {"service": {"name": "Tuberculosis Culture"}, "facility": {"code": 15466}}, {"service": {"name": "First Line Treatment"}, "facility": {"code": 15466}}, {"service": {"name": "Smear Microscopy"}, "facility": {"code": 15466}}, {"service": {"name": "Immunization with additional vaccines"}, "facility": {"code": 15466}}, {"service": {"name": "Basic Immunization"}, "facility": {"code": 15466}}, {"service": {"name": "Focused Antenatal Care"}, "facility": {"code": 15466}}, {"service": {"name": "Permanent FP"}, "facility": {"code": 15466}}, {"service": {"name": "Long Term FP"}, "facility": {"code": 15466}}, {"service": {"name": "Short Term FP"}, "facility": {"code": 15466}}, {"service": {"name": "Post Exposure Prophylaxis"}, "facility": {"code": 15466}}, {"service": {"name": "PMTCT - Maternity"}, "facility": {"code": 15466}}, {"service": {"name": "PMTCT - ANC"}, "facility": {"code": 15466}}, {"service": {"name": "Diagnostic Counselling and Testing"}, "facility": {"code": 15466}}, {"service": {"name": "Provider Initiated Counselling and Testing"}, "facility": {"code": 15466}}, {"service": {"name": "Voluntary Counselling and Testing"}, "facility": {"code": 15466}}, {"service": {"name": "Management of STIs"}, "facility": {"code": 15466}}, {"service": {"name": "Condom Promotion and Distribution"}, "facility": {"code": 15466}}, {"service": {"name": "Emergency Preparedness"}, "facility": {"code": 14714}}, {"service": {"name": "Oral Health Services (Dental Services)"}, "facility": {"code": 14714}}, {"service": {"name": "Emergency Obstetric Care"}, "facility": {"code": 14714}}, {"service": {"name": "Environmental Health Services"}, "facility": {"code": 14714}}, {"service": {"name": "Mental Health Services"}, "facility": {"code": 14714}}, {"service": {"name": "Opthalmic Services"}, "facility": {"code": 14714}}, {"service": {"name": "Nutrition Services"}, "facility": {"code": 14714}}, {"service": {"name": "Laboratory Services"}, "facility": {"code": 14714}}, {"service": {"name": "Surgical Services"}, "facility": {"code": 14714}}, {"service": {"name": "Maternity Services"}, "facility": {"code": 14714}}, {"service": {"name": "Curative Services"}, "facility": {"code": 14714}}, {"service": {"name": "Tuberculosis Culture"}, "facility": {"code": 14714}}, {"service": {"name": "First Line Treatment"}, "facility": {"code": 14714}}, {"service": {"name": "Smear Microscopy"}, "facility": {"code": 14714}}, {"service": {"name": "Immunization with additional vaccines"}, "facility": {"code": 14714}}, {"service": {"name": "Basic Immunization"}, "facility": {"code": 14714}}, {"service": {"name": "Post Exposure Prophylaxis"}, "facility": {"code": 14714}}, {"service": {"name": "PMTCT - Maternity"}, "facility": {"code": 14714}}, {"service": {"name": "PMTCT - ANC"}, "facility": {"code": 14714}}, {"service": {"name": "Early Infant Diagnosis"}, "facility": {"code": 14714}}, {"service": {"name": "Diagnostic Counselling and Testing"}, "facility": {"code": 14714}}, {"service": {"name": "Provider Initiated Counselling and Testing"}, "facility": {"code": 14714}}, {"service": {"name": "Voluntary Counselling and Testing"}, "facility": {"code": 14714}}, {"service": {"name": "Management of STIs"}, "facility": {"code": 14714}}, {"service": {"name": "Condom Promotion and Distribution"}, "facility": {"code": 14714}}, {"service": {"name": "Emergency Obstetric Care"}, "facility": {"code": 15095}}, {"service": {"name": "Emergency Preparedness"}, "facility": {"code": 15095}}, {"service": {"name": "Nutrition Services"}, "facility": {"code": 15095}}, {"service": {"name": "Curative Services"}, "facility": {"code": 15095}}, {"service": {"name": "Emergency Preparedness"}, "facility": {"code": 16391}}, {"service": {"name": "Emergency Obstetric Care"}, "facility": {"code": 16391}}, {"service": {"name": "Integrated Management of Childhood Illnesses"}, "facility": {"code": 16391}}, {"service": {"name": "Surgical Services"}, "facility": {"code": 16391}}, {"service": {"name": "Curative Services"}, "facility": {"code": 16391}}, {"service": {"name": "Basic Immunization"}, "facility": {"code": 16391}}, {"service": {"name": "Short Term FP"}, "facility": {"code": 16391}}, {"service": {"name": "Management of STIs"}, "facility": {"code": 16391}}, {"service": {"name": "Emergency Obstetric Care"}, "facility": {"code": 15448}}, {"service": {"name": "Environmental Health Services"}, "facility": {"code": 15448}}, {"service": {"name": "Maternity Services"}, "facility": {"code": 15448}}, {"service": {"name": "Curative Services"}, "facility": {"code": 15448}}, {"service": {"name": "Long Term FP"}, "facility": {"code": 15448}}, {"service": {"name": "Short Term FP"}, "facility": {"code": 15448}}, {"service": {"name": "Curative Services"}, "facility": {"code": 15456}}, {"service": {"name": "Management of STIs"}, "facility": {"code": 15448}}, {"service": {"name": "Condom Promotion and Distribution"}, "facility": {"code": 15448}}, {"service": {"name": "Focused Antenatal Care"}, "facility": {"code": 15456}}, {"service": {"name": "Long Term FP"}, "facility": {"code": 15456}}, {"service": {"name": "Emergency Obstetric Care"}, "facility": {"code": 15611}}, {"service": {"name": "Short Term FP"}, "facility": {"code": 15456}}, {"service": {"name": "Environmental Health Services"}, "facility": {"code": 15611}}, {"service": {"name": "Provider Initiated Counselling and Testing"}, "facility": {"code": 15456}}, {"service": {"name": "Maternity Services"}, "facility": {"code": 15611}}, {"service": {"name": "Management of STIs"}, "facility": {"code": 15456}}, {"service": {"name": "Curative Services"}, "facility": {"code": 15611}}, {"service": {"name": "Condom Promotion and Distribution"}, "facility": {"code": 15456}}, {"service": {"name": "Basic Immunization"}, "facility": {"code": 15611}}, {"service": {"name": "Focused Antenatal Care"}, "facility": {"code": 15611}}, {"service": {"name": "Short Term FP"}, "facility": {"code": 15611}}, {"service": {"name": "PMTCT - ANC"}, "facility": {"code": 15611}}, {"service": {"name": "Nutrition Services"}, "facility": {"code": 14494}}, {"service": {"name": "Early Infant Diagnosis"}, "facility": {"code": 15611}}, {"service": {"name": "Integrated Management of Childhood Illnesses"}, "facility": {"code": 14494}}, {"service": {"name": "Laboratory Services"}, "facility": {"code": 14494}}, {"service": {"name": "Surgical Services"}, "facility": {"code": 14494}}, {"service": {"name": "Maternity Services"}, "facility": {"code": 14494}}, {"service": {"name": "Curative Services"}, "facility": {"code": 14494}}, {"service": {"name": "Provider Initiated Counselling and Testing"}, "facility": {"code": 15611}}, {"service": {"name": "Management of STIs"}, "facility": {"code": 15611}}, {"service": {"name": "Condom Promotion and Distribution"}, "facility": {"code": 15611}}, {"service": {"name": "Emergency Preparedness"}, "facility": {"code": 14494}}, {"service": {"name": "Emergency Preparedness"}, "facility": {"code": 14651}}, {"service": {"name": "Emergency Obstetric Care"}, "facility": {"code": 14494}}, {"service": {"name": "Emergency Obstetric Care"}, "facility": {"code": 14756}}, {"service": {"name": "Emergency Obstetric Care"}, "facility": {"code": 14651}}, {"service": {"name": "Nutrition Services"}, "facility": {"code": 14756}}, {"service": {"name": "Nutrition Services"}, "facility": {"code": 14651}}, {"service": {"name": "Facility Based Blood Collection Service"}, "facility": {"code": 14494}}, {"service": {"name": "Curative Services"}, "facility": {"code": 14756}}, {"service": {"name": "Integrated Management of Childhood Illnesses"}, "facility": {"code": 14651}}, {"service": {"name": "First Line Treatment"}, "facility": {"code": 14494}}, {"service": {"name": "Emergency Preparedness"}, "facility": {"code": 14676}}, {"service": {"name": "Tuberculosis Culture"}, "facility": {"code": 14494}}, {"service": {"name": "Smear Microscopy"}, "facility": {"code": 14494}}, {"service": {"name": "Oral Health Services (Dental Services)"}, "facility": {"code": 14676}}, {"service": {"name": "Basic Immunization"}, "facility": {"code": 14494}}, {"service": {"name": "Basic Immunization"}, "facility": {"code": 14756}}, {"service": {"name": "Specialized ANC"}, "facility": {"code": 14494}}, {"service": {"name": "Focused Antenatal Care"}, "facility": {"code": 14494}}, {"service": {"name": "Emergency Obstetric Care"}, "facility": {"code": 14676}}, {"service": {"name": "Focused Antenatal Care"}, "facility": {"code": 14756}}, {"service": {"name": "Environmental Health Services"}, "facility": {"code": 14676}}, {"service": {"name": "Home Based Care"}, "facility": {"code": 14494}}, {"service": {"name": "Adult Antiretroviral Therapy"}, "facility": {"code": 14494}}, {"service": {"name": "Short Term FP"}, "facility": {"code": 14756}}, {"service": {"name": "Paediatric Antiretroviral Therapy"}, "facility": {"code": 14494}}, {"service": {"name": "Mental Health Services"}, "facility": {"code": 14676}}, {"service": {"name": "Nutrition Services"}, "facility": {"code": 14676}}, {"service": {"name": "Post Exposure Prophylaxis"}, "facility": {"code": 14494}}, {"service": {"name": "PMTCT - Maternity"}, "facility": {"code": 14494}}, {"service": {"name": "PMTCT - ANC"}, "facility": {"code": 14494}}, {"service": {"name": "Post Exposure Prophylaxis"}, "facility": {"code": 14756}}, {"service": {"name": "Maternity Services"}, "facility": {"code": 14651}}, {"service": {"name": "Early Infant Diagnosis"}, "facility": {"code": 14494}}, {"service": {"name": "Curative Services"}, "facility": {"code": 14651}}, {"service": {"name": "Diagnostic Counselling and Testing"}, "facility": {"code": 14494}}, {"service": {"name": "Provider Initiated Counselling and Testing"}, "facility": {"code": 14494}}, {"service": {"name": "Voluntary Counselling and Testing"}, "facility": {"code": 14494}}, {"service": {"name": "PMTCT - ANC"}, "facility": {"code": 14756}}, {"service": {"name": "Management of STIs"}, "facility": {"code": 14494}}, {"service": {"name": "Condom Promotion and Distribution"}, "facility": {"code": 14494}}, {"service": {"name": "Early Infant Diagnosis"}, "facility": {"code": 14756}}, {"service": {"name": "Surgical Services"}, "facility": {"code": 14676}}, {"service": {"name": "Maternity Services"}, "facility": {"code": 14676}}, {"service": {"name": "Curative Services"}, "facility": {"code": 14676}}, {"service": {"name": "Diagnostic Counselling and Testing"}, "facility": {"code": 14756}}, {"service": {"name": "Provider Initiated Counselling and Testing"}, "facility": {"code": 14756}}, {"service": {"name": "Voluntary Counselling and Testing"}, "facility": {"code": 14756}}, {"service": {"name": "Post Exposure Prophylaxis"}, "facility": {"code": 14651}}, {"service": {"name": "Management of STIs"}, "facility": {"code": 14756}}, {"service": {"name": "Short Term FP"}, "facility": {"code": 14651}}, {"service": {"name": "Condom Promotion and Distribution"}, "facility": {"code": 14756}}, {"service": {"name": "Emergency Obstetric Care"}, "facility": {"code": 15636}}, {"service": {"name": "Nutrition Services"}, "facility": {"code": 15636}}, {"service": {"name": "Integrated Management of Childhood Illnesses"}, "facility": {"code": 15636}}, {"service": {"name": "Ambulance Sevices"}, "facility": {"code": 15636}}, {"service": {"name": "PMTCT - Maternity"}, "facility": {"code": 14651}}, {"service": {"name": "Laboratory Services"}, "facility": {"code": 15636}}, {"service": {"name": "PMTCT - ANC"}, "facility": {"code": 14651}}, {"service": {"name": "Management of STIs"}, "facility": {"code": 14651}}, {"service": {"name": "Condom Promotion and Distribution"}, "facility": {"code": 14651}}, {"service": {"name": "Maternity Services"}, "facility": {"code": 15636}}, {"service": {"name": "Curative Services"}, "facility": {"code": 15636}}, {"service": {"name": "First Line Treatment"}, "facility": {"code": 15636}}, {"service": {"name": "Smear Microscopy"}, "facility": {"code": 15636}}, {"service": {"name": "Immunization with additional vaccines"}, "facility": {"code": 15636}}, {"service": {"name": "Basic Immunization"}, "facility": {"code": 15636}}, {"service": {"name": "Focused Antenatal Care"}, "facility": {"code": 15636}}, {"service": {"name": "Integrated Services"}, "facility": {"code": 15636}}, {"service": {"name": "Home Based Care"}, "facility": {"code": 15636}}, {"service": {"name": "Adult Antiretroviral Therapy"}, "facility": {"code": 15636}}, {"service": {"name": "Emergency Obstetric Care"}, "facility": {"code": 15172}}, {"service": {"name": "Paediatric Antiretroviral Therapy"}, "facility": {"code": 15636}}, {"service": {"name": "Environmental Health Services"}, "facility": {"code": 15172}}, {"service": {"name": "Surgical Services"}, "facility": {"code": 15172}}, {"service": {"name": "Maternity Services"}, "facility": {"code": 15172}}, {"service": {"name": "Curative Services"}, "facility": {"code": 15172}}, {"service": {"name": "Integrated Management of Childhood Illnesses"}, "facility": {"code": 15447}}, {"service": {"name": "Emergency Preparedness"}, "facility": {"code": 16395}}, {"service": {"name": "Nutrition Services"}, "facility": {"code": 15447}}, {"service": {"name": "Ambulance Sevices"}, "facility": {"code": 15447}}, {"service": {"name": "Basic Immunization"}, "facility": {"code": 15172}}, {"service": {"name": "Laboratory Services"}, "facility": {"code": 15447}}, {"service": {"name": "Curative Services"}, "facility": {"code": 16395}}, {"service": {"name": "PMTCT - Maternity"}, "facility": {"code": 15636}}, {"service": {"name": "Focused Antenatal Care"}, "facility": {"code": 15172}}, {"service": {"name": "Surgical Services"}, "facility": {"code": 15447}}, {"service": {"name": "Maternity Services"}, "facility": {"code": 15447}}, {"service": {"name": "PMTCT - ANC"}, "facility": {"code": 15636}}, {"service": {"name": "Curative Services"}, "facility": {"code": 15447}}, {"service": {"name": "Early Infant Diagnosis"}, "facility": {"code": 15636}}, {"service": {"name": "Short Term FP"}, "facility": {"code": 15172}}, {"service": {"name": "Diagnostic Counselling and Testing"}, "facility": {"code": 15636}}, {"service": {"name": "Provider Initiated Counselling and Testing"}, "facility": {"code": 15636}}, {"service": {"name": "First Line Treatment"}, "facility": {"code": 15447}}, {"service": {"name": "Smear Microscopy"}, "facility": {"code": 15447}}, {"service": {"name": "PMTCT - ANC"}, "facility": {"code": 15172}}, {"service": {"name": "Management of STIs"}, "facility": {"code": 16395}}, {"service": {"name": "Condom Promotion and Distribution"}, "facility": {"code": 16395}}, {"service": {"name": "Immunization with additional vaccines"}, "facility": {"code": 15447}}, {"service": {"name": "Basic Immunization"}, "facility": {"code": 15447}}, {"service": {"name": "Early Infant Diagnosis"}, "facility": {"code": 15172}}, {"service": {"name": "Focused Antenatal Care"}, "facility": {"code": 15447}}, {"service": {"name": "Provider Initiated Counselling and Testing"}, "facility": {"code": 15172}}, {"service": {"name": "Long Term FP"}, "facility": {"code": 15447}}, {"service": {"name": "Short Term FP"}, "facility": {"code": 15447}}, {"service": {"name": "Management of STIs"}, "facility": {"code": 15636}}, {"service": {"name": "Home Based Care"}, "facility": {"code": 15447}}, {"service": {"name": "Management of STIs"}, "facility": {"code": 15172}}, {"service": {"name": "Condom Promotion and Distribution"}, "facility": {"code": 15636}}, {"service": {"name": "Adult Antiretroviral Therapy"}, "facility": {"code": 15447}}, {"service": {"name": "Paediatric Antiretroviral Therapy"}, "facility": {"code": 15447}}, {"service": {"name": "Condom Promotion and Distribution"}, "facility": {"code": 15172}}, {"service": {"name": "Post Exposure Prophylaxis"}, "facility": {"code": 15447}}, {"service": {"name": "PMTCT - Maternity"}, "facility": {"code": 15447}}, {"service": {"name": "PMTCT - ANC"}, "facility": {"code": 15447}}, {"service": {"name": "Early Infant Diagnosis"}, "facility": {"code": 15447}}, {"service": {"name": "Diagnostic Counselling and Testing"}, "facility": {"code": 15447}}, {"service": {"name": "Provider Initiated Counselling and Testing"}, "facility": {"code": 15447}}, {"service": {"name": "Voluntary Counselling and Testing"}, "facility": {"code": 15447}}, {"service": {"name": "Management of STIs"}, "facility": {"code": 15447}}, {"service": {"name": "Condom Promotion and Distribution"}, "facility": {"code": 15447}}, {"service": {"name": "Oral Health Services (Dental Services)"}, "facility": {"code": 14628}}, {"service": {"name": "Emergency Obstetric Care"}, "facility": {"code": 14628}}, {"service": {"name": "Environmental Health Services"}, "facility": {"code": 14628}}, {"service": {"name": "Mental Health Services"}, "facility": {"code": 14628}}, {"service": {"name": "Opthalmic Services"}, "facility": {"code": 14628}}, {"service": {"name": "Nutrition Services"}, "facility": {"code": 14628}}, {"service": {"name": "Integrated Management of Childhood Illnesses"}, "facility": {"code": 14628}}, {"service": {"name": "Ambulance Sevices"}, "facility": {"code": 14628}}, {"service": {"name": "Laboratory Services"}, "facility": {"code": 14628}}, {"service": {"name": "Maternity Services"}, "facility": {"code": 14628}}, {"service": {"name": "Surgical Services"}, "facility": {"code": 14628}}, {"service": {"name": "Curative Services"}, "facility": {"code": 14628}}, {"service": {"name": "First Line Treatment"}, "facility": {"code": 14628}}, {"service": {"name": "Tuberculosis Culture"}, "facility": {"code": 14628}}, {"service": {"name": "Smear Microscopy"}, "facility": {"code": 14628}}, {"service": {"name": "Focused Antenatal Care"}, "facility": {"code": 14628}}, {"service": {"name": "Long Term FP"}, "facility": {"code": 14628}}, {"service": {"name": "Emergency Obstetric Care"}, "facility": {"code": 15702}}, {"service": {"name": "Integrated Management of Childhood Illnesses"}, "facility": {"code": 15702}}, {"service": {"name": "Diagnostic Counselling and Testing"}, "facility": {"code": 14628}}, {"service": {"name": "Provider Initiated Counselling and Testing"}, "facility": {"code": 14628}}, {"service": {"name": "Surgical Services"}, "facility": {"code": 15702}}, {"service": {"name": "Nutrition Services"}, "facility": {"code": 15702}}, {"service": {"name": "Laboratory Services"}, "facility": {"code": 15702}}, {"service": {"name": "Maternity Services"}, "facility": {"code": 15702}}, {"service": {"name": "Curative Services"}, "facility": {"code": 15702}}, {"service": {"name": "Emergency Obstetric Care"}, "facility": {"code": 14724}}, {"service": {"name": "Emergency Preparedness"}, "facility": {"code": 15087}}, {"service": {"name": "First Line Treatment"}, "facility": {"code": 15702}}, {"service": {"name": "Smear Microscopy"}, "facility": {"code": 15702}}, {"service": {"name": "Environmental Health Services"}, "facility": {"code": 14724}}, {"service": {"name": "Immunization with additional vaccines"}, "facility": {"code": 15702}}, {"service": {"name": "Basic Immunization"}, "facility": {"code": 15702}}, {"service": {"name": "Emergency Obstetric Care"}, "facility": {"code": 15087}}, {"service": {"name": "Focused Antenatal Care"}, "facility": {"code": 15702}}, {"service": {"name": "Nutrition Services"}, "facility": {"code": 14724}}, {"service": {"name": "Integrated Services"}, "facility": {"code": 15702}}, {"service": {"name": "Long Term FP"}, "facility": {"code": 15702}}, {"service": {"name": "Nutrition Services"}, "facility": {"code": 15087}}, {"service": {"name": "Curative Services"}, "facility": {"code": 14724}}, {"service": {"name": "Integrated Management of Childhood Illnesses"}, "facility": {"code": 15087}}, {"service": {"name": "Short Term FP"}, "facility": {"code": 15702}}, {"service": {"name": "Adult Antiretroviral Therapy"}, "facility": {"code": 15702}}, {"service": {"name": "Voluntary Male Circumcision"}, "facility": {"code": 15702}}, {"service": {"name": "Focused Antenatal Care"}, "facility": {"code": 14724}}, {"service": {"name": "Post Exposure Prophylaxis"}, "facility": {"code": 15702}}, {"service": {"name": "Basic Immunization"}, "facility": {"code": 14724}}, {"service": {"name": "PMTCT - Maternity"}, "facility": {"code": 15702}}, {"service": {"name": "PMTCT - ANC"}, "facility": {"code": 15702}}, {"service": {"name": "Maternity Services"}, "facility": {"code": 15087}}, {"service": {"name": "Early Infant Diagnosis"}, "facility": {"code": 15702}}, {"service": {"name": "Short Term FP"}, "facility": {"code": 14724}}, {"service": {"name": "Curative Services"}, "facility": {"code": 15087}}, {"service": {"name": "Diagnostic Counselling and Testing"}, "facility": {"code": 15702}}, {"service": {"name": "Provider Initiated Counselling and Testing"}, "facility": {"code": 15702}}, {"service": {"name": "Post Exposure Prophylaxis"}, "facility": {"code": 14724}}, {"service": {"name": "PMTCT - ANC"}, "facility": {"code": 14724}}, {"service": {"name": "Management of STIs"}, "facility": {"code": 15702}}, {"service": {"name": "Basic Immunization"}, "facility": {"code": 15087}}, {"service": {"name": "Early Infant Diagnosis"}, "facility": {"code": 14724}}, {"service": {"name": "Condom Promotion and Distribution"}, "facility": {"code": 15702}}, {"service": {"name": "Diagnostic Counselling and Testing"}, "facility": {"code": 14724}}, {"service": {"name": "Focused Antenatal Care"}, "facility": {"code": 15087}}, {"service": {"name": "Emergency Preparedness"}, "facility": {"code": 14291}}, {"service": {"name": "Emergency Obstetric Care"}, "facility": {"code": 14291}}, {"service": {"name": "Provider Initiated Counselling and Testing"}, "facility": {"code": 14724}}, {"service": {"name": "Environmental Health Services"}, "facility": {"code": 14291}}, {"service": {"name": "Nutrition Services"}, "facility": {"code": 14291}}, {"service": {"name": "Integrated Management of Childhood Illnesses"}, "facility": {"code": 14291}}, {"service": {"name": "PMTCT - Maternity"}, "facility": {"code": 15087}}, {"service": {"name": "Laboratory Services"}, "facility": {"code": 14291}}, {"service": {"name": "Voluntary Counselling and Testing"}, "facility": {"code": 14724}}, {"service": {"name": "PMTCT - ANC"}, "facility": {"code": 15087}}, {"service": {"name": "Surgical Services"}, "facility": {"code": 14291}}, {"service": {"name": "Emergency Obstetric Care"}, "facility": {"code": 14501}}, {"service": {"name": "Curative Services"}, "facility": {"code": 14291}}, {"service": {"name": "Environmental Health Services"}, "facility": {"code": 14501}}, {"service": {"name": "Management of STIs"}, "facility": {"code": 14724}}, {"service": {"name": "Basic Immunization"}, "facility": {"code": 14291}}, {"service": {"name": "Services for Sexual Violence Survivors"}, "facility": {"code": 14501}}, {"service": {"name": "Short Term FP"}, "facility": {"code": 14291}}, {"service": {"name": "Management of STIs"}, "facility": {"code": 15087}}, {"service": {"name": "Condom Promotion and Distribution"}, "facility": {"code": 15087}}, {"service": {"name": "PMTCT - ANC"}, "facility": {"code": 14291}}, {"service": {"name": "Nutrition Services"}, "facility": {"code": 14501}}, {"service": {"name": "Provider Initiated Counselling and Testing"}, "facility": {"code": 14291}}, {"service": {"name": "Condom Promotion and Distribution"}, "facility": {"code": 14724}}, {"service": {"name": "Management of STIs"}, "facility": {"code": 14291}}, {"service": {"name": "Condom Promotion and Distribution"}, "facility": {"code": 14291}}, {"service": {"name": "Curative Services"}, "facility": {"code": 15407}}, {"service": {"name": "Integrated Management of Childhood Illnesses"}, "facility": {"code": 14501}}, {"service": {"name": "Ambulance Sevices"}, "facility": {"code": 14501}}, {"service": {"name": "Long Term FP"}, "facility": {"code": 15407}}, {"service": {"name": "Laboratory Services"}, "facility": {"code": 14501}}, {"service": {"name": "Short Term FP"}, "facility": {"code": 15407}}, {"service": {"name": "Surgical Services"}, "facility": {"code": 14501}}, {"service": {"name": "Provider Initiated Counselling and Testing"}, "facility": {"code": 15407}}, {"service": {"name": "Condom Promotion and Distribution"}, "facility": {"code": 15407}}, {"service": {"name": "Maternity Services"}, "facility": {"code": 14501}}, {"service": {"name": "Curative Services"}, "facility": {"code": 14501}}, {"service": {"name": "Emergency Preparedness"}, "facility": {"code": 14585}}, {"service": {"name": "Emergency Obstetric Care"}, "facility": {"code": 14585}}, {"service": {"name": "Environmental Health Services"}, "facility": {"code": 14585}}, {"service": {"name": "Nutrition Services"}, "facility": {"code": 14585}}, {"service": {"name": "Opthalmic Services"}, "facility": {"code": 14585}}, {"service": {"name": "Mental Health Services"}, "facility": {"code": 14585}}, {"service": {"name": "First Line Treatment"}, "facility": {"code": 14501}}, {"service": {"name": "Smear Microscopy"}, "facility": {"code": 14501}}, {"service": {"name": "Surgical Services"}, "facility": {"code": 14585}}, {"service": {"name": "Maternity Services"}, "facility": {"code": 14585}}, {"service": {"name": "Curative Services"}, "facility": {"code": 14585}}, {"service": {"name": "Basic Immunization"}, "facility": {"code": 14501}}, {"service": {"name": "Focused Antenatal Care"}, "facility": {"code": 14501}}, {"service": {"name": "Long Term FP"}, "facility": {"code": 14501}}, {"service": {"name": "Short Term FP"}, "facility": {"code": 14501}}, {"service": {"name": "Adult Antiretroviral Therapy"}, "facility": {"code": 14501}}, {"service": {"name": "Paediatric Antiretroviral Therapy"}, "facility": {"code": 14501}}, {"service": {"name": "Post Exposure Prophylaxis"}, "facility": {"code": 14501}}, {"service": {"name": "Emergency Obstetric Care"}, "facility": {"code": 16690}}, {"service": {"name": "PMTCT - Maternity"}, "facility": {"code": 14501}}, {"service": {"name": "Environmental Health Services"}, "facility": {"code": 16690}}, {"service": {"name": "PMTCT - ANC"}, "facility": {"code": 14501}}, {"service": {"name": "Early Infant Diagnosis"}, "facility": {"code": 14501}}, {"service": {"name": "Maternity Services"}, "facility": {"code": 16690}}, {"service": {"name": "Provider Initiated Counselling and Testing"}, "facility": {"code": 14501}}, {"service": {"name": "Curative Services"}, "facility": {"code": 16690}}, {"service": {"name": "Voluntary Counselling and Testing"}, "facility": {"code": 14501}}, {"service": {"name": "Management of STIs"}, "facility": {"code": 14501}}, {"service": {"name": "Condom Promotion and Distribution"}, "facility": {"code": 14501}}, {"service": {"name": "Immunization with additional vaccines"}, "facility": {"code": 16690}}, {"service": {"name": "Basic Immunization"}, "facility": {"code": 16690}}, {"service": {"name": "Focused Antenatal Care"}, "facility": {"code": 16690}}, {"service": {"name": "Long Term FP"}, "facility": {"code": 16690}}, {"service": {"name": "Emergency Preparedness"}, "facility": {"code": 15326}}, {"service": {"name": "Emergency Obstetric Care"}, "facility": {"code": 15626}}, {"service": {"name": "Short Term FP"}, "facility": {"code": 16690}}, {"service": {"name": "Emergency Obstetric Care"}, "facility": {"code": 15326}}, {"service": {"name": "Environmental Health Services"}, "facility": {"code": 15326}}, {"service": {"name": "Nutrition Services"}, "facility": {"code": 15626}}, {"service": {"name": "Nutrition Services"}, "facility": {"code": 15326}}, {"service": {"name": "PMTCT - Maternity"}, "facility": {"code": 16690}}, {"service": {"name": "Laboratory Services"}, "facility": {"code": 15626}}, {"service": {"name": "PMTCT - ANC"}, "facility": {"code": 16690}}, {"service": {"name": "Early Infant Diagnosis"}, "facility": {"code": 16690}}, {"service": {"name": "Maternity Services"}, "facility": {"code": 15626}}, {"service": {"name": "Curative Services"}, "facility": {"code": 15626}}, {"service": {"name": "Surgical Services"}, "facility": {"code": 15326}}, {"service": {"name": "Management of STIs"}, "facility": {"code": 16690}}, {"service": {"name": "Curative Services"}, "facility": {"code": 15326}}, {"service": {"name": "Condom Promotion and Distribution"}, "facility": {"code": 16690}}, {"service": {"name": "First Line Treatment"}, "facility": {"code": 15626}}, {"service": {"name": "Basic Immunization"}, "facility": {"code": 15326}}, {"service": {"name": "Smear Microscopy"}, "facility": {"code": 15626}}, {"service": {"name": "Short Term FP"}, "facility": {"code": 15326}}, {"service": {"name": "Immunization with additional vaccines"}, "facility": {"code": 15626}}, {"service": {"name": "Basic Immunization"}, "facility": {"code": 15626}}, {"service": {"name": "PMTCT - ANC"}, "facility": {"code": 15326}}, {"service": {"name": "Focused Antenatal Care"}, "facility": {"code": 15626}}, {"service": {"name": "Diagnostic Counselling and Testing"}, "facility": {"code": 15326}}, {"service": {"name": "Integrated Services"}, "facility": {"code": 15626}}, {"service": {"name": "Provider Initiated Counselling and Testing"}, "facility": {"code": 15326}}, {"service": {"name": "Management of STIs"}, "facility": {"code": 15326}}, {"service": {"name": "Condom Promotion and Distribution"}, "facility": {"code": 15326}}, {"service": {"name": "PMTCT - Maternity"}, "facility": {"code": 15626}}, {"service": {"name": "PMTCT - ANC"}, "facility": {"code": 15626}}, {"service": {"name": "Diagnostic Counselling and Testing"}, "facility": {"code": 15626}}, {"service": {"name": "Provider Initiated Counselling and Testing"}, "facility": {"code": 15626}}, {"service": {"name": "Management of STIs"}, "facility": {"code": 15626}}, {"service": {"name": "Condom Promotion and Distribution"}, "facility": {"code": 15626}}, {"service": {"name": "Oral Health Services (Dental Services)"}, "facility": {"code": 14580}}, {"service": {"name": "Emergency Obstetric Care"}, "facility": {"code": 14580}}, {"service": {"name": "Environmental Health Services"}, "facility": {"code": 14580}}, {"service": {"name": "Mental Health Services"}, "facility": {"code": 14580}}, {"service": {"name": "Nutrition Services"}, "facility": {"code": 14580}}, {"service": {"name": "Integrated Management of Childhood Illnesses"}, "facility": {"code": 14580}}, {"service": {"name": "Surgical Services"}, "facility": {"code": 14580}}, {"service": {"name": "Maternity Services"}, "facility": {"code": 14580}}, {"service": {"name": "Curative Services"}, "facility": {"code": 14580}}, {"service": {"name": "Laboratory Services"}, "facility": {"code": 15380}}, {"service": {"name": "Surgical Services"}, "facility": {"code": 15380}}, {"service": {"name": "Curative Services"}, "facility": {"code": 15380}}, {"service": {"name": "Focused Antenatal Care"}, "facility": {"code": 14580}}, {"service": {"name": "Immunization with additional vaccines"}, "facility": {"code": 15380}}, {"service": {"name": "Long Term FP"}, "facility": {"code": 14580}}, {"service": {"name": "Basic Immunization"}, "facility": {"code": 15380}}, {"service": {"name": "Focused Antenatal Care"}, "facility": {"code": 15380}}, {"service": {"name": "Long Term FP"}, "facility": {"code": 15380}}, {"service": {"name": "Adult Antiretroviral Therapy"}, "facility": {"code": 14580}}, {"service": {"name": "Short Term FP"}, "facility": {"code": 15380}}, {"service": {"name": "Paediatric Antiretroviral Therapy"}, "facility": {"code": 14580}}, {"service": {"name": "PMTCT - ANC"}, "facility": {"code": 15380}}, {"service": {"name": "Diagnostic Counselling and Testing"}, "facility": {"code": 15380}}, {"service": {"name": "Provider Initiated Counselling and Testing"}, "facility": {"code": 15380}}, {"service": {"name": "Voluntary Counselling and Testing"}, "facility": {"code": 15380}}, {"service": {"name": "Management of STIs"}, "facility": {"code": 15380}}, {"service": {"name": "Emergency Obstetric Care"}, "facility": {"code": 14707}}, {"service": {"name": "Condom Promotion and Distribution"}, "facility": {"code": 15380}}, {"service": {"name": "Environmental Health Services"}, "facility": {"code": 14707}}, {"service": {"name": "Emergency Obstetric Care"}, "facility": {"code": 15605}}, {"service": {"name": "Nutrition Services"}, "facility": {"code": 15605}}, {"service": {"name": "Services for Sexual Violence Survivors"}, "facility": {"code": 14707}}, {"service": {"name": "Integrated Management of Childhood Illnesses"}, "facility": {"code": 15605}}, {"service": {"name": "Laboratory Services"}, "facility": {"code": 15605}}, {"service": {"name": "Nutrition Services"}, "facility": {"code": 14707}}, {"service": {"name": "Surgical Services"}, "facility": {"code": 15605}}, {"service": {"name": "Maternity Services"}, "facility": {"code": 15605}}, {"service": {"name": "Curative Services"}, "facility": {"code": 14707}}, {"service": {"name": "Curative Services"}, "facility": {"code": 15605}}, {"service": {"name": "Basic Immunization"}, "facility": {"code": 14707}}, {"service": {"name": "Focused Antenatal Care"}, "facility": {"code": 14707}}, {"service": {"name": "First Line Treatment"}, "facility": {"code": 15605}}, {"service": {"name": "Smear Microscopy"}, "facility": {"code": 15605}}, {"service": {"name": "Short Term FP"}, "facility": {"code": 14707}}, {"service": {"name": "Immunization with additional vaccines"}, "facility": {"code": 15605}}, {"service": {"name": "Basic Immunization"}, "facility": {"code": 15605}}, {"service": {"name": "Post Exposure Prophylaxis"}, "facility": {"code": 14707}}, {"service": {"name": "Focused Antenatal Care"}, "facility": {"code": 15605}}, {"service": {"name": "Diagnostic Counselling and Testing"}, "facility": {"code": 14707}}, {"service": {"name": "Integrated Services"}, "facility": {"code": 15605}}, {"service": {"name": "Long Term FP"}, "facility": {"code": 15605}}, {"service": {"name": "Early Infant Diagnosis"}, "facility": {"code": 14707}}, {"service": {"name": "Short Term FP"}, "facility": {"code": 15605}}, {"service": {"name": "PMTCT - ANC"}, "facility": {"code": 14707}}, {"service": {"name": "Provider Initiated Counselling and Testing"}, "facility": {"code": 14707}}, {"service": {"name": "Home Based Care"}, "facility": {"code": 15605}}, {"service": {"name": "Voluntary Counselling and Testing"}, "facility": {"code": 14707}}, {"service": {"name": "Adult Antiretroviral Therapy"}, "facility": {"code": 15605}}, {"service": {"name": "Paediatric Antiretroviral Therapy"}, "facility": {"code": 15605}}, {"service": {"name": "Management of STIs"}, "facility": {"code": 14707}}, {"service": {"name": "Condom Promotion and Distribution"}, "facility": {"code": 14707}}, {"service": {"name": "Post Exposure Prophylaxis"}, "facility": {"code": 15605}}, {"service": {"name": "Voluntary Male Circumcision"}, "facility": {"code": 15605}}, {"service": {"name": "PMTCT - Maternity"}, "facility": {"code": 15605}}, {"service": {"name": "PMTCT - ANC"}, "facility": {"code": 15605}}, {"service": {"name": "Early Infant Diagnosis"}, "facility": {"code": 15605}}, {"service": {"name": "Emergency Preparedness"}, "facility": {"code": 14384}}, {"service": {"name": "Diagnostic Counselling and Testing"}, "facility": {"code": 15605}}, {"service": {"name": "Provider Initiated Counselling and Testing"}, "facility": {"code": 15605}}, {"service": {"name": "Environmental Health Services"}, "facility": {"code": 14384}}, {"service": {"name": "Voluntary Counselling and Testing"}, "facility": {"code": 15605}}, {"service": {"name": "Oral Health Services (Dental Services)"}, "facility": {"code": 14384}}, {"service": {"name": "Management of STIs"}, "facility": {"code": 15605}}, {"service": {"name": "Condom Promotion and Distribution"}, "facility": {"code": 15605}}, {"service": {"name": "Emergency Obstetric Care"}, "facility": {"code": 14384}}, {"service": {"name": "Mental Health Services"}, "facility": {"code": 14384}}, {"service": {"name": "Opthalmic Services"}, "facility": {"code": 14384}}, {"service": {"name": "Nutrition Services"}, "facility": {"code": 14384}}, {"service": {"name": "Integrated Management of Childhood Illnesses"}, "facility": {"code": 14384}}, {"service": {"name": "Surgical Services"}, "facility": {"code": 14384}}, {"service": {"name": "Maternity Services"}, "facility": {"code": 14384}}, {"service": {"name": "Curative Services"}, "facility": {"code": 14384}}, {"service": {"name": "Nutrition Services"}, "facility": {"code": 15561}}, {"service": {"name": "Curative Services"}, "facility": {"code": 15561}}, {"service": {"name": "Post Exposure Prophylaxis"}, "facility": {"code": 14384}}, {"service": {"name": "PMTCT - Maternity"}, "facility": {"code": 14384}}, {"service": {"name": "PMTCT - ANC"}, "facility": {"code": 14384}}, {"service": {"name": "Immunization with additional vaccines"}, "facility": {"code": 15561}}, {"service": {"name": "Early Infant Diagnosis"}, "facility": {"code": 14384}}, {"service": {"name": "Emergency Preparedness"}, "facility": {"code": 15635}}, {"service": {"name": "Basic Immunization"}, "facility": {"code": 15561}}, {"service": {"name": "Emergency Obstetric Care"}, "facility": {"code": 15635}}, {"service": {"name": "Diagnostic Counselling and Testing"}, "facility": {"code": 14384}}, {"service": {"name": "Environmental Health Services"}, "facility": {"code": 15635}}, {"service": {"name": "Provider Initiated Counselling and Testing"}, "facility": {"code": 14384}}, {"service": {"name": "Nutrition Services"}, "facility": {"code": 15635}}, {"service": {"name": "Management of STIs"}, "facility": {"code": 14384}}, {"service": {"name": "Focused Antenatal Care"}, "facility": {"code": 15561}}, {"service": {"name": "Integrated Management of Childhood Illnesses"}, "facility": {"code": 15635}}, {"service": {"name": "Laboratory Services"}, "facility": {"code": 15635}}, {"service": {"name": "Integrated Services"}, "facility": {"code": 15561}}, {"service": {"name": "Condom Promotion and Distribution"}, "facility": {"code": 14384}}, {"service": {"name": "Surgical Services"}, "facility": {"code": 15635}}, {"service": {"name": "Maternity Services"}, "facility": {"code": 15635}}, {"service": {"name": "Short Term FP"}, "facility": {"code": 15561}}, {"service": {"name": "Curative Services"}, "facility": {"code": 15635}}, {"service": {"name": "PMTCT - ANC"}, "facility": {"code": 15561}}, {"service": {"name": "Basic Immunization"}, "facility": {"code": 15635}}, {"service": {"name": "Provider Initiated Counselling and Testing"}, "facility": {"code": 15561}}, {"service": {"name": "Focused Antenatal Care"}, "facility": {"code": 15635}}, {"service": {"name": "Management of STIs"}, "facility": {"code": 15561}}, {"service": {"name": "Condom Promotion and Distribution"}, "facility": {"code": 15561}}, {"service": {"name": "Post Exposure Prophylaxis"}, "facility": {"code": 15635}}, {"service": {"name": "PMTCT - Maternity"}, "facility": {"code": 15635}}, {"service": {"name": "PMTCT - ANC"}, "facility": {"code": 15635}}, {"service": {"name": "Early Infant Diagnosis"}, "facility": {"code": 15635}}, {"service": {"name": "Diagnostic Counselling and Testing"}, "facility": {"code": 15635}}, {"service": {"name": "Provider Initiated Counselling and Testing"}, "facility": {"code": 15635}}, {"service": {"name": "Voluntary Counselling and Testing"}, "facility": {"code": 15635}}, {"service": {"name": "Management of STIs"}, "facility": {"code": 15635}}, {"service": {"name": "Laboratory Services"}, "facility": {"code": 15373}}, {"service": {"name": "Maternity Services"}, "facility": {"code": 15373}}, {"service": {"name": "Curative Services"}, "facility": {"code": 15373}}, {"service": {"name": "Immunization with additional vaccines"}, "facility": {"code": 15373}}, {"service": {"name": "Basic Immunization"}, "facility": {"code": 15373}}, {"service": {"name": "Focused Antenatal Care"}, "facility": {"code": 15373}}, {"service": {"name": "Long Term FP"}, "facility": {"code": 15373}}, {"service": {"name": "Short Term FP"}, "facility": {"code": 15373}}, {"service": {"name": "Home Based Care"}, "facility": {"code": 15373}}, {"service": {"name": "PMTCT - ANC"}, "facility": {"code": 15373}}, {"service": {"name": "Provider Initiated Counselling and Testing"}, "facility": {"code": 15373}}, {"service": {"name": "Management of STIs"}, "facility": {"code": 15373}}, {"service": {"name": "Condom Promotion and Distribution"}, "facility": {"code": 15373}}, {"service": {"name": "Emergency Preparedness"}, "facility": {"code": 14376}}, {"service": {"name": "Oral Health Services (Dental Services)"}, "facility": {"code": 14376}}, {"service": {"name": "Emergency Obstetric Care"}, "facility": {"code": 14376}}, {"service": {"name": "Environmental Health Services"}, "facility": {"code": 14376}}, {"service": {"name": "Mental Health Services"}, "facility": {"code": 14376}}, {"service": {"name": "Nutrition Services"}, "facility": {"code": 14376}}, {"service": {"name": "Integrated Management of Childhood Illnesses"}, "facility": {"code": 14376}}, {"service": {"name": "Laboratory Services"}, "facility": {"code": 14376}}, {"service": {"name": "Surgical Services"}, "facility": {"code": 14376}}, {"service": {"name": "Maternity Services"}, "facility": {"code": 14376}}, {"service": {"name": "Curative Services"}, "facility": {"code": 14376}}, {"service": {"name": "Emergency Obstetric Care"}, "facility": {"code": 15428}}, {"service": {"name": "Emergency Obstetric Care"}, "facility": {"code": 15400}}, {"service": {"name": "First Line Treatment"}, "facility": {"code": 14376}}, {"service": {"name": "Tuberculosis Culture"}, "facility": {"code": 14376}}, {"service": {"name": "Nutrition Services"}, "facility": {"code": 15428}}, {"service": {"name": "Smear Microscopy"}, "facility": {"code": 14376}}, {"service": {"name": "Environmental Health Services"}, "facility": {"code": 15400}}, {"service": {"name": "Post Exposure Prophylaxis"}, "facility": {"code": 14376}}, {"service": {"name": "Integrated Management of Childhood Illnesses"}, "facility": {"code": 15400}}, {"service": {"name": "Curative Services"}, "facility": {"code": 15428}}, {"service": {"name": "Nutrition Services"}, "facility": {"code": 16428}}, {"service": {"name": "PMTCT - Maternity"}, "facility": {"code": 14376}}, {"service": {"name": "Integrated Management of Childhood Illnesses"}, "facility": {"code": 16428}}, {"service": {"name": "PMTCT - ANC"}, "facility": {"code": 14376}}, {"service": {"name": "Maternity Services"}, "facility": {"code": 15400}}, {"service": {"name": "Early Infant Diagnosis"}, "facility": {"code": 14376}}, {"service": {"name": "Diagnostic Counselling and Testing"}, "facility": {"code": 14376}}, {"service": {"name": "Curative Services"}, "facility": {"code": 15400}}, {"service": {"name": "Provider Initiated Counselling and Testing"}, "facility": {"code": 14376}}, {"service": {"name": "Management of STIs"}, "facility": {"code": 14376}}, {"service": {"name": "Condom Promotion and Distribution"}, "facility": {"code": 14376}}, {"service": {"name": "Services for Sexual Violence Survivors"}, "facility": {"code": 17023}}, {"service": {"name": "Immunization with additional vaccines"}, "facility": {"code": 15400}}, {"service": {"name": "Basic Immunization"}, "facility": {"code": 15400}}, {"service": {"name": "Focused Antenatal Care"}, "facility": {"code": 15400}}, {"service": {"name": "Environmental Health Services"}, "facility": {"code": 17023}}, {"service": {"name": "Maternity Services"}, "facility": {"code": 16428}}, {"service": {"name": "Immunization with additional vaccines"}, "facility": {"code": 15428}}, {"service": {"name": "Long Term FP"}, "facility": {"code": 15400}}, {"service": {"name": "Curative Services"}, "facility": {"code": 16428}}, {"service": {"name": "Short Term FP"}, "facility": {"code": 15400}}, {"service": {"name": "Basic Immunization"}, "facility": {"code": 15428}}, {"service": {"name": "Focused Antenatal Care"}, "facility": {"code": 15428}}, {"service": {"name": "Paediatric Antiretroviral Therapy"}, "facility": {"code": 15400}}, {"service": {"name": "Nutrition Services"}, "facility": {"code": 17023}}, {"service": {"name": "Basic Immunization"}, "facility": {"code": 16428}}, {"service": {"name": "PMTCT - Maternity"}, "facility": {"code": 15400}}, {"service": {"name": "PMTCT - ANC"}, "facility": {"code": 15400}}, {"service": {"name": "Integrated Services"}, "facility": {"code": 15428}}, {"service": {"name": "Early Infant Diagnosis"}, "facility": {"code": 15400}}, {"service": {"name": "Short Term FP"}, "facility": {"code": 15428}}, {"service": {"name": "Management of STIs"}, "facility": {"code": 15400}}, {"service": {"name": "Focused Antenatal Care"}, "facility": {"code": 16428}}, {"service": {"name": "Condom Promotion and Distribution"}, "facility": {"code": 15400}}, {"service": {"name": "PMTCT - ANC"}, "facility": {"code": 15428}}, {"service": {"name": "Integrated Services"}, "facility": {"code": 16428}}, {"service": {"name": "Provider Initiated Counselling and Testing"}, "facility": {"code": 15428}}, {"service": {"name": "Management of STIs"}, "facility": {"code": 15428}}, {"service": {"name": "Condom Promotion and Distribution"}, "facility": {"code": 15428}}, {"service": {"name": "Short Term FP"}, "facility": {"code": 16428}}, {"service": {"name": "PMTCT - Maternity"}, "facility": {"code": 16428}}, {"service": {"name": "Oral Health Services (Dental Services)"}, "facility": {"code": 15511}}, {"service": {"name": "PMTCT - ANC"}, "facility": {"code": 16428}}, {"service": {"name": "Dental Laboratory Services"}, "facility": {"code": 15511}}, {"service": {"name": "Emergency Obstetric Care"}, "facility": {"code": 15541}}, {"service": {"name": "Management of STIs"}, "facility": {"code": 16428}}, {"service": {"name": "Surgical Services"}, "facility": {"code": 15511}}, {"service": {"name": "Condom Promotion and Distribution"}, "facility": {"code": 16428}}, {"service": {"name": "Nutrition Services"}, "facility": {"code": 15541}}, {"service": {"name": "Laboratory Services"}, "facility": {"code": 15511}}, {"service": {"name": "Radiology Services"}, "facility": {"code": 15511}}, {"service": {"name": "Emergency Preparedness"}, "facility": {"code": 14311}}, {"service": {"name": "Laboratory Services"}, "facility": {"code": 15541}}, {"service": {"name": "Curative Services"}, "facility": {"code": 15511}}, {"service": {"name": "Oral Health Services (Dental Services)"}, "facility": {"code": 14311}}, {"service": {"name": "Emergency Obstetric Care"}, "facility": {"code": 14311}}, {"service": {"name": "Environmental Health Services"}, "facility": {"code": 14311}}, {"service": {"name": "Maternity Services"}, "facility": {"code": 15541}}, {"service": {"name": "Immunization with additional vaccines"}, "facility": {"code": 15511}}, {"service": {"name": "Basic Immunization"}, "facility": {"code": 15511}}, {"service": {"name": "Focused Antenatal Care"}, "facility": {"code": 15511}}, {"service": {"name": "Mental Health Services"}, "facility": {"code": 14311}}, {"service": {"name": "Integrated Management of Childhood Illnesses"}, "facility": {"code": 14311}}, {"service": {"name": "Permanent FP"}, "facility": {"code": 15511}}, {"service": {"name": "Long Term FP"}, "facility": {"code": 15511}}, {"service": {"name": "Nutrition Services"}, "facility": {"code": 14311}}, {"service": {"name": "Emergency Obstetric Care"}, "facility": {"code": 14896}}, {"service": {"name": "Curative Services"}, "facility": {"code": 15541}}, {"service": {"name": "Short Term FP"}, "facility": {"code": 15511}}, {"service": {"name": "Post Exposure Prophylaxis"}, "facility": {"code": 15511}}, {"service": {"name": "PMTCT - ANC"}, "facility": {"code": 15511}}, {"service": {"name": "Emergency Obstetric Care"}, "facility": {"code": 16685}}, {"service": {"name": "Surgical Services"}, "facility": {"code": 14311}}, {"service": {"name": "Laboratory Services"}, "facility": {"code": 14896}}, {"service": {"name": "Maternity Services"}, "facility": {"code": 14311}}, {"service": {"name": "Smear Microscopy"}, "facility": {"code": 15541}}, {"service": {"name": "Environmental Health Services"}, "facility": {"code": 16685}}, {"service": {"name": "Diagnostic Counselling and Testing"}, "facility": {"code": 15511}}, {"service": {"name": "Curative Services"}, "facility": {"code": 14311}}, {"service": {"name": "Surgical Services"}, "facility": {"code": 14896}}, {"service": {"name": "First Line Treatment"}, "facility": {"code": 15541}}, {"service": {"name": "Provider Initiated Counselling and Testing"}, "facility": {"code": 15511}}, {"service": {"name": "Integrated Management of Childhood Illnesses"}, "facility": {"code": 16685}}, {"service": {"name": "Nutrition Services"}, "facility": {"code": 16685}}, {"service": {"name": "Management of STIs"}, "facility": {"code": 15511}}, {"service": {"name": "Condom Promotion and Distribution"}, "facility": {"code": 15511}}, {"service": {"name": "Immunization with additional vaccines"}, "facility": {"code": 15541}}, {"service": {"name": "Surgical Services"}, "facility": {"code": 16685}}, {"service": {"name": "Curative Services"}, "facility": {"code": 16685}}, {"service": {"name": "Curative Services"}, "facility": {"code": 14896}}, {"service": {"name": "Long Term FP"}, "facility": {"code": 16685}}, {"service": {"name": "Short Term FP"}, "facility": {"code": 16685}}, {"service": {"name": "Post Exposure Prophylaxis"}, "facility": {"code": 16685}}, {"service": {"name": "Focused Antenatal Care"}, "facility": {"code": 14896}}, {"service": {"name": "Long Term FP"}, "facility": {"code": 14896}}, {"service": {"name": "Short Term FP"}, "facility": {"code": 14896}}, {"service": {"name": "Diagnostic Counselling and Testing"}, "facility": {"code": 16685}}, {"service": {"name": "Provider Initiated Counselling and Testing"}, "facility": {"code": 16685}}, {"service": {"name": "Voluntary Counselling and Testing"}, "facility": {"code": 16685}}, {"service": {"name": "Management of STIs"}, "facility": {"code": 16685}}, {"service": {"name": "Condom Promotion and Distribution"}, "facility": {"code": 16685}}, {"service": {"name": "PMTCT - ANC"}, "facility": {"code": 14896}}, {"service": {"name": "Early Infant Diagnosis"}, "facility": {"code": 14896}}, {"service": {"name": "Management of STIs"}, "facility": {"code": 14896}}, {"service": {"name": "Condom Promotion and Distribution"}, "facility": {"code": 14896}}, {"service": {"name": "Basic Immunization"}, "facility": {"code": 15541}}, {"service": {"name": "Focused Antenatal Care"}, "facility": {"code": 15541}}, {"service": {"name": "Integrated Services"}, "facility": {"code": 15541}}, {"service": {"name": "Short Term FP"}, "facility": {"code": 15541}}, {"service": {"name": "Adult Antiretroviral Therapy"}, "facility": {"code": 15541}}, {"service": {"name": "Post Exposure Prophylaxis"}, "facility": {"code": 15541}}, {"service": {"name": "PMTCT - Maternity"}, "facility": {"code": 15541}}, {"service": {"name": "PMTCT - ANC"}, "facility": {"code": 15541}}, {"service": {"name": "Provider Initiated Counselling and Testing"}, "facility": {"code": 15541}}, {"service": {"name": "Management of STIs"}, "facility": {"code": 15541}}, {"service": {"name": "Condom Promotion and Distribution"}, "facility": {"code": 15541}}, {"service": {"name": "Emergency Preparedness"}, "facility": {"code": 16820}}, {"service": {"name": "Emergency Obstetric Care"}, "facility": {"code": 16820}}, {"service": {"name": "Environmental Health Services"}, "facility": {"code": 16820}}, {"service": {"name": "Integrated Management of Childhood Illnesses"}, "facility": {"code": 16820}}, {"service": {"name": "Nutrition Services"}, "facility": {"code": 16820}}, {"service": {"name": "Laboratory Services"}, "facility": {"code": 16820}}, {"service": {"name": "Surgical Services"}, "facility": {"code": 16820}}, {"service": {"name": "Curative Services"}, "facility": {"code": 16820}}, {"service": {"name": "Basic Immunization"}, "facility": {"code": 16820}}, {"service": {"name": "Focused Antenatal Care"}, "facility": {"code": 16820}}, {"service": {"name": "Short Term FP"}, "facility": {"code": 16820}}, {"service": {"name": "Post Exposure Prophylaxis"}, "facility": {"code": 16820}}, {"service": {"name": "PMTCT - ANC"}, "facility": {"code": 16820}}, {"service": {"name": "Early Infant Diagnosis"}, "facility": {"code": 16820}}, {"service": {"name": "Provider Initiated Counselling and Testing"}, "facility": {"code": 16820}}, {"service": {"name": "Diagnostic Counselling and Testing"}, "facility": {"code": 16820}}, {"service": {"name": "Voluntary Counselling and Testing"}, "facility": {"code": 16820}}, {"service": {"name": "Management of STIs"}, "facility": {"code": 16820}}, {"service": {"name": "Condom Promotion and Distribution"}, "facility": {"code": 16820}}, {"service": {"name": "Environmental Health Services"}, "facility": {"code": 17024}}, {"service": {"name": "Nutrition Services"}, "facility": {"code": 17024}}, {"service": {"name": "Post Exposure Prophylaxis"}, "facility": {"code": 17024}}, {"service": {"name": "Voluntary Counselling and Testing"}, "facility": {"code": 17024}}, {"service": {"name": "Opthalmic Services"}, "facility": {"code": 14638}}, {"service": {"name": "Integrated Management of Childhood Illnesses"}, "facility": {"code": 14229}}, {"service": {"name": "Nutrition Services"}, "facility": {"code": 14638}}, {"service": {"name": "Laboratory Services"}, "facility": {"code": 14229}}, {"service": {"name": "Integrated Management of Childhood Illnesses"}, "facility": {"code": 14638}}, {"service": {"name": "Basic Immunization"}, "facility": {"code": 14229}}, {"service": {"name": "Surgical Services"}, "facility": {"code": 14638}}, {"service": {"name": "Short Term FP"}, "facility": {"code": 14229}}, {"service": {"name": "Focused Antenatal Care"}, "facility": {"code": 14229}}, {"service": {"name": "Curative Services"}, "facility": {"code": 14638}}, {"service": {"name": "PMTCT - ANC"}, "facility": {"code": 14229}}, {"service": {"name": "Focused Antenatal Care"}, "facility": {"code": 14638}}, {"service": {"name": "Long Term FP"}, "facility": {"code": 14638}}, {"service": {"name": "Short Term FP"}, "facility": {"code": 14638}}, {"service": {"name": "PMTCT - ANC"}, "facility": {"code": 14638}}, {"service": {"name": "Provider Initiated Counselling and Testing"}, "facility": {"code": 14638}}, {"service": {"name": "Management of STIs"}, "facility": {"code": 14638}}, {"service": {"name": "Condom Promotion and Distribution"}, "facility": {"code": 14638}}, {"service": {"name": "Emergency Preparedness"}, "facility": {"code": 15017}}, {"service": {"name": "Emergency Obstetric Care"}, "facility": {"code": 15017}}, {"service": {"name": "Surgical Services"}, "facility": {"code": 15017}}, {"service": {"name": "Emergency Obstetric Care"}, "facility": {"code": 15343}}, {"service": {"name": "Environmental Health Services"}, "facility": {"code": 15343}}, {"service": {"name": "Laboratory Services"}, "facility": {"code": 15343}}, {"service": {"name": "Surgical Services"}, "facility": {"code": 15343}}, {"service": {"name": "Maternity Services"}, "facility": {"code": 15343}}, {"service": {"name": "Curative Services"}, "facility": {"code": 15343}}, {"service": {"name": "First Line Treatment"}, "facility": {"code": 15343}}, {"service": {"name": "Basic Immunization"}, "facility": {"code": 15343}}, {"service": {"name": "Focused Antenatal Care"}, "facility": {"code": 15343}}, {"service": {"name": "Emergency Preparedness"}, "facility": {"code": 14217}}, {"service": {"name": "Short Term FP"}, "facility": {"code": 15343}}, {"service": {"name": "Environmental Health Services"}, "facility": {"code": 15091}}, {"service": {"name": "Nutrition Services"}, "facility": {"code": 15091}}, {"service": {"name": "Integrated Management of Childhood Illnesses"}, "facility": {"code": 15091}}, {"service": {"name": "Curative Services"}, "facility": {"code": 15091}}, {"service": {"name": "Rehabilitative Health Services - Physiotherapy"}, "facility": {"code": 14217}}, {"service": {"name": "Emergency Obstetric Care"}, "facility": {"code": 15282}}, {"service": {"name": "Emergency Obstetric Care"}, "facility": {"code": 15125}}, {"service": {"name": "PMTCT - ANC"}, "facility": {"code": 15343}}, {"service": {"name": "Services for Sexual Violence Survivors"}, "facility": {"code": 14217}}, {"service": {"name": "Environmental Health Services"}, "facility": {"code": 15125}}, {"service": {"name": "Early Infant Diagnosis"}, "facility": {"code": 15343}}, {"service": {"name": "Provider Initiated Counselling and Testing"}, "facility": {"code": 15343}}, {"service": {"name": "Port Immunization Services"}, "facility": {"code": 15091}}, {"service": {"name": "Basic Immunization"}, "facility": {"code": 15091}}, {"service": {"name": "Voluntary Counselling and Testing"}, "facility": {"code": 15343}}, {"service": {"name": "Emergency Preparedness"}, "facility": {"code": 15125}}, {"service": {"name": "Management of STIs"}, "facility": {"code": 15343}}, {"service": {"name": "Condom Promotion and Distribution"}, "facility": {"code": 15343}}, {"service": {"name": "Laboratory Services"}, "facility": {"code": 15282}}, {"service": {"name": "Focused Antenatal Care"}, "facility": {"code": 15091}}, {"service": {"name": "Maternity Services"}, "facility": {"code": 15282}}, {"service": {"name": "Short Term FP"}, "facility": {"code": 15091}}, {"service": {"name": "PMTCT - ANC"}, "facility": {"code": 15091}}, {"service": {"name": "Management of STIs"}, "facility": {"code": 15091}}, {"service": {"name": "Condom Promotion and Distribution"}, "facility": {"code": 15091}}, {"service": {"name": "Environmental Health Services"}, "facility": {"code": 14666}}, {"service": {"name": "Nutrition Services"}, "facility": {"code": 14666}}, {"service": {"name": "Condom Promotion and Distribution"}, "facility": {"code": 15282}}, {"service": {"name": "Curative Services"}, "facility": {"code": 14666}}, {"service": {"name": "Basic Immunization"}, "facility": {"code": 14666}}, {"service": {"name": "Focused Antenatal Care"}, "facility": {"code": 14666}}, {"service": {"name": "Short Term FP"}, "facility": {"code": 14666}}, {"service": {"name": "PMTCT - ANC"}, "facility": {"code": 14666}}, {"service": {"name": "Provider Initiated Counselling and Testing"}, "facility": {"code": 14666}}, {"service": {"name": "Management of STIs"}, "facility": {"code": 14666}}, {"service": {"name": "Condom Promotion and Distribution"}, "facility": {"code": 14666}}, {"service": {"name": "Emergency Preparedness"}, "facility": {"code": 14227}}, {"service": {"name": "ENT Services"}, "facility": {"code": 14227}}, {"service": {"name": "Maternity Services"}, "facility": {"code": 15590}}, {"service": {"name": "Dental Laboratory Services"}, "facility": {"code": 14227}}, {"service": {"name": "Oral Health Services (Dental Services)"}, "facility": {"code": 14227}}, {"service": {"name": "Emergency Obstetric Care"}, "facility": {"code": 15590}}, {"service": {"name": "Emergency Preparedness"}, "facility": {"code": 15590}}, {"service": {"name": "Environmental Health Services"}, "facility": {"code": 14227}}, {"service": {"name": "Emergency Preparedness"}, "facility": {"code": 14565}}, {"service": {"name": "Rehabilitative Health Services - Physiotherapy"}, "facility": {"code": 14227}}, {"service": {"name": "Services for Sexual Violence Survivors"}, "facility": {"code": 14227}}, {"service": {"name": "Mental Health Services"}, "facility": {"code": 14227}}, {"service": {"name": "Environmental Health Services"}, "facility": {"code": 15590}}, {"service": {"name": "Opthalmic Services"}, "facility": {"code": 14227}}, {"service": {"name": "Nutrition Services"}, "facility": {"code": 14565}}, {"service": {"name": "Mental Health Services"}, "facility": {"code": 15590}}, {"service": {"name": "Integrated Management of Childhood Illnesses"}, "facility": {"code": 14227}}, {"service": {"name": "Emergency Obstetric Care"}, "facility": {"code": 15175}}, {"service": {"name": "Integrated Management of Childhood Illnesses"}, "facility": {"code": 14565}}, {"service": {"name": "Surgical Services"}, "facility": {"code": 14227}}, {"service": {"name": "Surgical Services"}, "facility": {"code": 15590}}, {"service": {"name": "Laboratory Services"}, "facility": {"code": 15175}}, {"service": {"name": "Maternity Services"}, "facility": {"code": 14227}}, {"service": {"name": "Surgical Services"}, "facility": {"code": 15175}}, {"service": {"name": "Surgical Services"}, "facility": {"code": 14565}}, {"service": {"name": "Maternity Services"}, "facility": {"code": 15175}}, {"service": {"name": "Integrated Services"}, "facility": {"code": 14227}}, {"service": {"name": "Maternity Services"}, "facility": {"code": 14565}}, {"service": {"name": "Curative Services"}, "facility": {"code": 15175}}, {"service": {"name": "Curative Services"}, "facility": {"code": 14565}}, {"service": {"name": "Focused Antenatal Care"}, "facility": {"code": 15175}}, {"service": {"name": "Emergency Obstetric Care"}, "facility": {"code": 15415}}, {"service": {"name": "Provider Initiated Counselling and Testing"}, "facility": {"code": 15175}}, {"service": {"name": "Nutrition Services"}, "facility": {"code": 15415}}, {"service": {"name": "Management of STIs"}, "facility": {"code": 15175}}, {"service": {"name": "Curative Services"}, "facility": {"code": 15415}}, {"service": {"name": "Basic Immunization"}, "facility": {"code": 14565}}, {"service": {"name": "Focused Antenatal Care"}, "facility": {"code": 14565}}, {"service": {"name": "Immunization with additional vaccines"}, "facility": {"code": 15415}}, {"service": {"name": "Basic Immunization"}, "facility": {"code": 15415}}, {"service": {"name": "Environmental Health Services"}, "facility": {"code": 14473}}, {"service": {"name": "Nutrition Services"}, "facility": {"code": 14473}}, {"service": {"name": "Integrated Management of Childhood Illnesses"}, "facility": {"code": 14473}}, {"service": {"name": "Focused Antenatal Care"}, "facility": {"code": 15415}}, {"service": {"name": "Curative Services"}, "facility": {"code": 14473}}, {"service": {"name": "Integrated Services"}, "facility": {"code": 15415}}, {"service": {"name": "Short Term FP"}, "facility": {"code": 14565}}, {"service": {"name": "Short Term FP"}, "facility": {"code": 15415}}, {"service": {"name": "Port Immunization Services"}, "facility": {"code": 14473}}, {"service": {"name": "Basic Immunization"}, "facility": {"code": 14473}}, {"service": {"name": "Short Term FP"}, "facility": {"code": 14473}}, {"service": {"name": "PMTCT - ANC"}, "facility": {"code": 14473}}, {"service": {"name": "PMTCT - ANC"}, "facility": {"code": 15415}}, {"service": {"name": "Management of STIs"}, "facility": {"code": 14473}}, {"service": {"name": "PMTCT - Maternity"}, "facility": {"code": 14565}}, {"service": {"name": "Provider Initiated Counselling and Testing"}, "facility": {"code": 15415}}, {"service": {"name": "Condom Promotion and Distribution"}, "facility": {"code": 14473}}, {"service": {"name": "Management of STIs"}, "facility": {"code": 15415}}, {"service": {"name": "PMTCT - ANC"}, "facility": {"code": 14565}}, {"service": {"name": "Condom Promotion and Distribution"}, "facility": {"code": 15415}}, {"service": {"name": "Mental Health Services"}, "facility": {"code": 14482}}, {"service": {"name": "Opthalmic Services"}, "facility": {"code": 14482}}, {"service": {"name": "Nutrition Services"}, "facility": {"code": 14482}}, {"service": {"name": "Voluntary Counselling and Testing"}, "facility": {"code": 14565}}, {"service": {"name": "Integrated Management of Childhood Illnesses"}, "facility": {"code": 14482}}, {"service": {"name": "Management of STIs"}, "facility": {"code": 14565}}, {"service": {"name": "Environmental Health Services"}, "facility": {"code": 17308}}, {"service": {"name": "Surgical Services"}, "facility": {"code": 14482}}, {"service": {"name": "Nutrition Services"}, "facility": {"code": 17308}}, {"service": {"name": "Condom Promotion and Distribution"}, "facility": {"code": 14565}}, {"service": {"name": "Environmental Health Services"}, "facility": {"code": 15221}}, {"service": {"name": "Basic Immunization"}, "facility": {"code": 17308}}, {"service": {"name": "Emergency Preparedness"}, "facility": {"code": 15221}}, {"service": {"name": "Focused Antenatal Care"}, "facility": {"code": 17308}}, {"service": {"name": "Emergency Obstetric Care"}, "facility": {"code": 15221}}, {"service": {"name": "Short Term FP"}, "facility": {"code": 17308}}, {"service": {"name": "Curative Services"}, "facility": {"code": 14482}}, {"service": {"name": "Mental Health Services"}, "facility": {"code": 15221}}, {"service": {"name": "Services for Sexual Violence Survivors"}, "facility": {"code": 15423}}, {"service": {"name": "PMTCT - ANC"}, "facility": {"code": 17308}}, {"service": {"name": "Provider Initiated Counselling and Testing"}, "facility": {"code": 17308}}, {"service": {"name": "Short Term FP"}, "facility": {"code": 14482}}, {"service": {"name": "Surgical Services"}, "facility": {"code": 15221}}, {"service": {"name": "Maternity Services"}, "facility": {"code": 15221}}, {"service": {"name": "Management of STIs"}, "facility": {"code": 17308}}, {"service": {"name": "Condom Promotion and Distribution"}, "facility": {"code": 17308}}, {"service": {"name": "Provider Initiated Counselling and Testing"}, "facility": {"code": 14482}}, {"service": {"name": "Condom Promotion and Distribution"}, "facility": {"code": 14482}}, {"service": {"name": "Opthalmic Services"}, "facility": {"code": 15423}}, {"service": {"name": "Emergency Preparedness"}, "facility": {"code": 15014}}, {"service": {"name": "ENT Services"}, "facility": {"code": 15014}}, {"service": {"name": "Dental Laboratory Services"}, "facility": {"code": 15014}}, {"service": {"name": "Oral Health Services (Dental Services)"}, "facility": {"code": 15014}}, {"service": {"name": "Rehabilitative Health Services - Physiotherapy"}, "facility": {"code": 15014}}, {"service": {"name": "MDRTB Treatment"}, "facility": {"code": 15423}}, {"service": {"name": "Services for Sexual Violence Survivors"}, "facility": {"code": 15014}}, {"service": {"name": "First Line Treatment"}, "facility": {"code": 15423}}, {"service": {"name": "Mental Health Services"}, "facility": {"code": 15014}}, {"service": {"name": "Smear Microscopy"}, "facility": {"code": 15423}}, {"service": {"name": "Opthalmic Services"}, "facility": {"code": 15014}}, {"service": {"name": "Immunization with additional vaccines"}, "facility": {"code": 15423}}, {"service": {"name": "Maternity Services"}, "facility": {"code": 15014}}, {"service": {"name": "Integrated Services"}, "facility": {"code": 15423}}, {"service": {"name": "Permanent FP"}, "facility": {"code": 15423}}, {"service": {"name": "Long Term FP"}, "facility": {"code": 15423}}, {"service": {"name": "Home Based Care"}, "facility": {"code": 15423}}, {"service": {"name": "Adult Antiretroviral Therapy"}, "facility": {"code": 15423}}, {"service": {"name": "Paediatric Antiretroviral Therapy"}, "facility": {"code": 15423}}, {"service": {"name": "Emergency Preparedness"}, "facility": {"code": 15543}}, {"service": {"name": "Voluntary Male Circumcision"}, "facility": {"code": 15423}}, {"service": {"name": "Emergency Obstetric Care"}, "facility": {"code": 15543}}, {"service": {"name": "Environmental Health Services"}, "facility": {"code": 15543}}, {"service": {"name": "Mental Health Services"}, "facility": {"code": 15543}}, {"service": {"name": "Surgical Services"}, "facility": {"code": 15543}}, {"service": {"name": "Environmental Health Services"}, "facility": {"code": 15281}}, {"service": {"name": "Laboratory Services"}, "facility": {"code": 15281}}, {"service": {"name": "Surgical Services"}, "facility": {"code": 15281}}, {"service": {"name": "Curative Services"}, "facility": {"code": 15281}}, {"service": {"name": "First Line Treatment"}, "facility": {"code": 15281}}, {"service": {"name": "ENT Services"}, "facility": {"code": 15548}}, {"service": {"name": "Tuberculosis Culture"}, "facility": {"code": 15281}}, {"service": {"name": "Dental Laboratory Services"}, "facility": {"code": 15548}}, {"service": {"name": "Smear Microscopy"}, "facility": {"code": 15281}}, {"service": {"name": "Oral Health Services (Dental Services)"}, "facility": {"code": 15548}}, {"service": {"name": "Emergency Obstetric Care"}, "facility": {"code": 15548}}, {"service": {"name": "Environmental Health Services"}, "facility": {"code": 15548}}, {"service": {"name": "Adult Antiretroviral Therapy"}, "facility": {"code": 15281}}, {"service": {"name": "Post Exposure Prophylaxis"}, "facility": {"code": 15281}}, {"service": {"name": "Rehabilitative Health Services - Physiotherapy"}, "facility": {"code": 15548}}, {"service": {"name": "Diagnostic Counselling and Testing"}, "facility": {"code": 15281}}, {"service": {"name": "Services for Sexual Violence Survivors"}, "facility": {"code": 15548}}, {"service": {"name": "Emergency Preparedness"}, "facility": {"code": 14591}}, {"service": {"name": "Provider Initiated Counselling and Testing"}, "facility": {"code": 15281}}, {"service": {"name": "Mental Health Services"}, "facility": {"code": 15548}}, {"service": {"name": "Voluntary Counselling and Testing"}, "facility": {"code": 15281}}, {"service": {"name": "Opthalmic Services"}, "facility": {"code": 15548}}, {"service": {"name": "Nutrition Services"}, "facility": {"code": 15548}}, {"service": {"name": "Management of STIs"}, "facility": {"code": 15281}}, {"service": {"name": "Integrated Management of Childhood Illnesses"}, "facility": {"code": 15548}}, {"service": {"name": "Emergency Obstetric Care"}, "facility": {"code": 14913}}, {"service": {"name": "Surgical Services"}, "facility": {"code": 15548}}, {"service": {"name": "Maternity Services"}, "facility": {"code": 15548}}, {"service": {"name": "Environmental Health Services"}, "facility": {"code": 14913}}, {"service": {"name": "Curative Services"}, "facility": {"code": 15548}}, {"service": {"name": "Surgical Services"}, "facility": {"code": 14913}}, {"service": {"name": "Maternity Services"}, "facility": {"code": 14913}}, {"service": {"name": "Basic Immunization"}, "facility": {"code": 15548}}, {"service": {"name": "Curative Services"}, "facility": {"code": 14913}}, {"service": {"name": "Focused Antenatal Care"}, "facility": {"code": 15548}}, {"service": {"name": "Integrated Services"}, "facility": {"code": 15548}}, {"service": {"name": "Emergency Preparedness"}, "facility": {"code": 15226}}, {"service": {"name": "Emergency Obstetric Care"}, "facility": {"code": 15226}}, {"service": {"name": "Environmental Health Services"}, "facility": {"code": 15226}}, {"service": {"name": "Post Exposure Prophylaxis"}, "facility": {"code": 15548}}, {"service": {"name": "Nutrition Services"}, "facility": {"code": 15226}}, {"service": {"name": "Basic Immunization"}, "facility": {"code": 14913}}, {"service": {"name": "Integrated Management of Childhood Illnesses"}, "facility": {"code": 15226}}, {"service": {"name": "PMTCT - ANC"}, "facility": {"code": 15548}}, {"service": {"name": "Curative Services"}, "facility": {"code": 15226}}, {"service": {"name": "Focused Antenatal Care"}, "facility": {"code": 14913}}, {"service": {"name": "Diagnostic Counselling and Testing"}, "facility": {"code": 15548}}, {"service": {"name": "Mental Health Services"}, "facility": {"code": 15125}}, {"service": {"name": "Provider Initiated Counselling and Testing"}, "facility": {"code": 15548}}, {"service": {"name": "Short Term FP"}, "facility": {"code": 14913}}, {"service": {"name": "Basic Immunization"}, "facility": {"code": 15226}}, {"service": {"name": "Focused Antenatal Care"}, "facility": {"code": 15226}}, {"service": {"name": "Emergency Obstetric Care"}, "facility": {"code": 14591}}, {"service": {"name": "Integrated Services"}, "facility": {"code": 15226}}, {"service": {"name": "Management of STIs"}, "facility": {"code": 15548}}, {"service": {"name": "Short Term FP"}, "facility": {"code": 15226}}, {"service": {"name": "Integrated Management of Childhood Illnesses"}, "facility": {"code": 15125}}, {"service": {"name": "Post Exposure Prophylaxis"}, "facility": {"code": 15226}}, {"service": {"name": "PMTCT - ANC"}, "facility": {"code": 15226}}, {"service": {"name": "Maternity Services"}, "facility": {"code": 15125}}, {"service": {"name": "Provider Initiated Counselling and Testing"}, "facility": {"code": 15226}}, {"service": {"name": "Voluntary Counselling and Testing"}, "facility": {"code": 15226}}, {"service": {"name": "Emergency Obstetric Care"}, "facility": {"code": 15414}}, {"service": {"name": "Management of STIs"}, "facility": {"code": 15226}}, {"service": {"name": "PMTCT - ANC"}, "facility": {"code": 14913}}, {"service": {"name": "Environmental Health Services"}, "facility": {"code": 16728}}, {"service": {"name": "Emergency Preparedness"}, "facility": {"code": 15468}}, {"service": {"name": "Condom Promotion and Distribution"}, "facility": {"code": 15226}}, {"service": {"name": "Early Infant Diagnosis"}, "facility": {"code": 14913}}, {"service": {"name": "Nutrition Services"}, "facility": {"code": 16728}}, {"service": {"name": "Curative Services"}, "facility": {"code": 16728}}, {"service": {"name": "Surgical Services"}, "facility": {"code": 15125}}, {"service": {"name": "Curative Services"}, "facility": {"code": 14591}}, {"service": {"name": "Provider Initiated Counselling and Testing"}, "facility": {"code": 14913}}, {"service": {"name": "Nutrition Services"}, "facility": {"code": 15414}}, {"service": {"name": "Mental Health Services"}, "facility": {"code": 15468}}, {"service": {"name": "Nutrition Services"}, "facility": {"code": 14693}}, {"service": {"name": "Management of STIs"}, "facility": {"code": 14913}}, {"service": {"name": "Laboratory Services"}, "facility": {"code": 15125}}, {"service": {"name": "Environmental Health Services"}, "facility": {"code": 14693}}, {"service": {"name": "Condom Promotion and Distribution"}, "facility": {"code": 14913}}, {"service": {"name": "Short Term FP"}, "facility": {"code": 16728}}, {"service": {"name": "Integrated Management of Childhood Illnesses"}, "facility": {"code": 14693}}, {"service": {"name": "Surgical Services"}, "facility": {"code": 15468}}, {"service": {"name": "Management of STIs"}, "facility": {"code": 16728}}, {"service": {"name": "Condom Promotion and Distribution"}, "facility": {"code": 16728}}, {"service": {"name": "Basic Immunization"}, "facility": {"code": 14591}}, {"service": {"name": "Maternity Services"}, "facility": {"code": 15414}}, {"service": {"name": "Short Term FP"}, "facility": {"code": 14693}}, {"service": {"name": "Curative Services"}, "facility": {"code": 15414}}, {"service": {"name": "First Line Treatment"}, "facility": {"code": 15414}}, {"service": {"name": "Immunization with additional vaccines"}, "facility": {"code": 15414}}, {"service": {"name": "Short Term FP"}, "facility": {"code": 14591}}, {"service": {"name": "Post Exposure Prophylaxis"}, "facility": {"code": 14591}}, {"service": {"name": "PMTCT - ANC"}, "facility": {"code": 14591}}, {"service": {"name": "Diagnostic Counselling and Testing"}, "facility": {"code": 14591}}, {"service": {"name": "Management of STIs"}, "facility": {"code": 14591}}, {"service": {"name": "Condom Promotion and Distribution"}, "facility": {"code": 14591}}, {"service": {"name": "Emergency Preparedness"}, "facility": {"code": 15079}}, {"service": {"name": "Emergency Obstetric Care"}, "facility": {"code": 15079}}, {"service": {"name": "Basic Immunization"}, "facility": {"code": 15414}}, {"service": {"name": "Environmental Health Services"}, "facility": {"code": 15079}}], "unique_fields": ["facility", "service"], "model": "facilities.FacilityService"}]