[{"records": [{"service": {"name": "Focused Antenatal Care"}, "facility": {"code": 15414}}, {"service": {"name": "Integrated Services"}, "facility": {"code": 15414}}, {"service": {"name": "Mental Health Services"}, "facility": {"code": 15079}}, {"service": {"name": "Short Term FP"}, "facility": {"code": 15414}}, {"service": {"name": "Surgical Services"}, "facility": {"code": 15079}}, {"service": {"name": "Emergency Preparedness"}, "facility": {"code": 15513}}, {"service": {"name": "Emergency Obstetric Care"}, "facility": {"code": 15513}}, {"service": {"name": "Environmental Health Services"}, "facility": {"code": 15513}}, {"service": {"name": "Nutrition Services"}, "facility": {"code": 15513}}, {"service": {"name": "Integrated Management of Childhood Illnesses"}, "facility": {"code": 15513}}, {"service": {"name": "Curative Services"}, "facility": {"code": 15513}}, {"service": {"name": "Post Exposure Prophylaxis"}, "facility": {"code": 15414}}, {"service": {"name": "Basic Immunization"}, "facility": {"code": 15513}}, {"service": {"name": "PMTCT - Maternity"}, "facility": {"code": 15414}}, {"service": {"name": "Focused Antenatal Care"}, "facility": {"code": 15513}}, {"service": {"name": "Integrated Services"}, "facility": {"code": 15513}}, {"service": {"name": "Emergency Preparedness"}, "facility": {"code": 14451}}, {"service": {"name": "PMTCT - ANC"}, "facility": {"code": 15414}}, {"service": {"name": "Short Term FP"}, "facility": {"code": 15513}}, {"service": {"name": "Post Exposure Prophylaxis"}, "facility": {"code": 15513}}, {"service": {"name": "Emergency Obstetric Care"}, "facility": {"code": 14451}}, {"service": {"name": "Provider Initiated Counselling and Testing"}, "facility": {"code": 15414}}, {"service": {"name": "PMTCT - ANC"}, "facility": {"code": 15513}}, {"service": {"name": "Management of STIs"}, "facility": {"code": 15414}}, {"service": {"name": "Provider Initiated Counselling and Testing"}, "facility": {"code": 15513}}, {"service": {"name": "Voluntary Counselling and Testing"}, "facility": {"code": 15513}}, {"service": {"name": "Condom Promotion and Distribution"}, "facility": {"code": 15414}}, {"service": {"name": "Management of STIs"}, "facility": {"code": 15513}}, {"service": {"name": "Condom Promotion and Distribution"}, "facility": {"code": 15513}}, {"service": {"name": "Nutrition Services"}, "facility": {"code": 14451}}, {"service": {"name": "Integrated Management of Childhood Illnesses"}, "facility": {"code": 14451}}, {"service": {"name": "ENT Services"}, "facility": {"code": 15029}}, {"service": {"name": "Dental Laboratory Services"}, "facility": {"code": 15029}}, {"service": {"name": "Surgical Services"}, "facility": {"code": 14451}}, {"service": {"name": "Emergency Preparedness"}, "facility": {"code": 15280}}, {"service": {"name": "Oral Health Services (Dental Services)"}, "facility": {"code": 15029}}, {"service": {"name": "Maternity Services"}, "facility": {"code": 14451}}, {"service": {"name": "Rehabilitative Health Services - Physiotherapy"}, "facility": {"code": 15029}}, {"service": {"name": "ENT Services"}, "facility": {"code": 15280}}, {"service": {"name": "Curative Services"}, "facility": {"code": 14451}}, {"service": {"name": "Dental Laboratory Services"}, "facility": {"code": 15280}}, {"service": {"name": "Mental Health Services"}, "facility": {"code": 15029}}, {"service": {"name": "Opthalmic Services"}, "facility": {"code": 15029}}, {"service": {"name": "Oral Health Services (Dental Services)"}, "facility": {"code": 15280}}, {"service": {"name": "Mental Health Services"}, "facility": {"code": 14943}}, {"service": {"name": "Emergency Obstetric Care"}, "facility": {"code": 15280}}, {"service": {"name": "Environmental Health Services"}, "facility": {"code": 15280}}, {"service": {"name": "Integrated Services"}, "facility": {"code": 15029}}, {"service": {"name": "Surgical Services"}, "facility": {"code": 14943}}, {"service": {"name": "Rehabilitative Health Services - Physiotherapy"}, "facility": {"code": 15280}}, {"service": {"name": "Services for Sexual Violence Survivors"}, "facility": {"code": 15280}}, {"service": {"name": "Basic Immunization"}, "facility": {"code": 14451}}, {"service": {"name": "Voluntary Male Circumcision"}, "facility": {"code": 15029}}, {"service": {"name": "Long Term FP"}, "facility": {"code": 14943}}, {"service": {"name": "Integrated Services"}, "facility": {"code": 14451}}, {"service": {"name": "Nutrition Services"}, "facility": {"code": 15280}}, {"service": {"name": "Integrated Management of Childhood Illnesses"}, "facility": {"code": 15280}}, {"service": {"name": "PMTCT - Maternity"}, "facility": {"code": 14649}}, {"service": {"name": "Ambulance Sevices"}, "facility": {"code": 15280}}, {"service": {"name": "Nutrition Services"}, "facility": {"code": 15408}}, {"service": {"name": "Laboratory Services"}, "facility": {"code": 15280}}, {"service": {"name": "Radiology Services"}, "facility": {"code": 15280}}, {"service": {"name": "Surgical Services"}, "facility": {"code": 15280}}, {"service": {"name": "Maternity Services"}, "facility": {"code": 14649}}, {"service": {"name": "Curative Services"}, "facility": {"code": 15408}}, {"service": {"name": "Emergency Preparedness"}, "facility": {"code": 14649}}, {"service": {"name": "Maternity Services"}, "facility": {"code": 15280}}, {"service": {"name": "Emergency Obstetric Care"}, "facility": {"code": 14649}}, {"service": {"name": "Curative Services"}, "facility": {"code": 15280}}, {"service": {"name": "Long Term FP"}, "facility": {"code": 14451}}, {"service": {"name": "Mortuary Services"}, "facility": {"code": 15280}}, {"service": {"name": "Environmental Health Services"}, "facility": {"code": 14649}}, {"service": {"name": "Short Term FP"}, "facility": {"code": 14451}}, {"service": {"name": "Nutrition Services"}, "facility": {"code": 14649}}, {"service": {"name": "Facility Based Blood Transfusion Service"}, "facility": {"code": 15280}}, {"service": {"name": "Laboratory Services"}, "facility": {"code": 14649}}, {"service": {"name": "Rehabilitative Health Services - Occupational Health"}, "facility": {"code": 15280}}, {"service": {"name": "MDRTB Treatment"}, "facility": {"code": 15280}}, {"service": {"name": "PMTCT - Maternity"}, "facility": {"code": 14451}}, {"service": {"name": "First Line Treatment"}, "facility": {"code": 15280}}, {"service": {"name": "Tuberculosis Culture"}, "facility": {"code": 15280}}, {"service": {"name": "Smear Microscopy"}, "facility": {"code": 15280}}, {"service": {"name": "Immunization with additional vaccines"}, "facility": {"code": 15408}}, {"service": {"name": "PMTCT - ANC"}, "facility": {"code": 14451}}, {"service": {"name": "Basic Immunization"}, "facility": {"code": 15408}}, {"service": {"name": "Immunization with additional vaccines"}, "facility": {"code": 15280}}, {"service": {"name": "Focused Antenatal Care"}, "facility": {"code": 15408}}, {"service": {"name": "Basic Immunization"}, "facility": {"code": 15280}}, {"service": {"name": "First Line Treatment"}, "facility": {"code": 14649}}, {"service": {"name": "Specialized ANC"}, "facility": {"code": 15280}}, {"service": {"name": "Integrated Services"}, "facility": {"code": 15408}}, {"service": {"name": "Smear Microscopy"}, "facility": {"code": 14649}}, {"service": {"name": "Focused Antenatal Care"}, "facility": {"code": 15280}}, {"service": {"name": "Short Term FP"}, "facility": {"code": 15408}}, {"service": {"name": "Stand Alone Services"}, "facility": {"code": 15280}}, {"service": {"name": "Voluntary Counselling and Testing"}, "facility": {"code": 14451}}, {"service": {"name": "PMTCT - ANC"}, "facility": {"code": 15408}}, {"service": {"name": "Provider Initiated Counselling and Testing"}, "facility": {"code": 15408}}, {"service": {"name": "Permanent FP"}, "facility": {"code": 15280}}, {"service": {"name": "Management of STIs"}, "facility": {"code": 14451}}, {"service": {"name": "Long Term FP"}, "facility": {"code": 15280}}, {"service": {"name": "Management of STIs"}, "facility": {"code": 15408}}, {"service": {"name": "Condom Promotion and Distribution"}, "facility": {"code": 15408}}, {"service": {"name": "Condom Promotion and Distribution"}, "facility": {"code": 14451}}, {"service": {"name": "Short Term FP"}, "facility": {"code": 15280}}, {"service": {"name": "Home Based Care"}, "facility": {"code": 15280}}, {"service": {"name": "Adult Antiretroviral Therapy"}, "facility": {"code": 15280}}, {"service": {"name": "Paediatric Antiretroviral Therapy"}, "facility": {"code": 15280}}, {"service": {"name": "Post Exposure Prophylaxis"}, "facility": {"code": 15280}}, {"service": {"name": "PMTCT - Maternity"}, "facility": {"code": 15280}}, {"service": {"name": "PMTCT - ANC"}, "facility": {"code": 15280}}, {"service": {"name": "Early Infant Diagnosis"}, "facility": {"code": 15280}}, {"service": {"name": "Emergency Obstetric Care"}, "facility": {"code": 15411}}, {"service": {"name": "Curative Services"}, "facility": {"code": 14649}}, {"service": {"name": "Diagnostic Counselling and Testing"}, "facility": {"code": 15280}}, {"service": {"name": "Provider Initiated Counselling and Testing"}, "facility": {"code": 15280}}, {"service": {"name": "Basic Immunization"}, "facility": {"code": 14649}}, {"service": {"name": "Voluntary Counselling and Testing"}, "facility": {"code": 15280}}, {"service": {"name": "Focused Antenatal Care"}, "facility": {"code": 14649}}, {"service": {"name": "Nutrition Services"}, "facility": {"code": 15411}}, {"service": {"name": "Short Term FP"}, "facility": {"code": 14649}}, {"service": {"name": "Management of STIs"}, "facility": {"code": 15280}}, {"service": {"name": "PMTCT - ANC"}, "facility": {"code": 14649}}, {"service": {"name": "Curative Services"}, "facility": {"code": 15411}}, {"service": {"name": "Provider Initiated Counselling and Testing"}, "facility": {"code": 14649}}, {"service": {"name": "Condom Promotion and Distribution"}, "facility": {"code": 15280}}, {"service": {"name": "Management of STIs"}, "facility": {"code": 14649}}, {"service": {"name": "Condom Promotion and Distribution"}, "facility": {"code": 14649}}, {"service": {"name": "Basic Immunization"}, "facility": {"code": 15411}}, {"service": {"name": "Focused Antenatal Care"}, "facility": {"code": 15411}}, {"service": {"name": "Integrated Services"}, "facility": {"code": 15411}}, {"service": {"name": "Short Term FP"}, "facility": {"code": 15411}}, {"service": {"name": "PMTCT - ANC"}, "facility": {"code": 15411}}, {"service": {"name": "Provider Initiated Counselling and Testing"}, "facility": {"code": 15411}}, {"service": {"name": "Management of STIs"}, "facility": {"code": 15411}}, {"service": {"name": "Condom Promotion and Distribution"}, "facility": {"code": 15411}}, {"service": {"name": "Emergency Preparedness"}, "facility": {"code": 14556}}, {"service": {"name": "Emergency Obstetric Care"}, "facility": {"code": 14556}}, {"service": {"name": "Environmental Health Services"}, "facility": {"code": 14556}}, {"service": {"name": "Nutrition Services"}, "facility": {"code": 14556}}, {"service": {"name": "Integrated Management of Childhood Illnesses"}, "facility": {"code": 14556}}, {"service": {"name": "Oral Health Services (Dental Services)"}, "facility": {"code": 15144}}, {"service": {"name": "Curative Services"}, "facility": {"code": 14556}}, {"service": {"name": "Dental Laboratory Services"}, "facility": {"code": 15144}}, {"service": {"name": "Basic Immunization"}, "facility": {"code": 14556}}, {"service": {"name": "Emergency Preparedness"}, "facility": {"code": 15144}}, {"service": {"name": "Focused Antenatal Care"}, "facility": {"code": 14556}}, {"service": {"name": "Integrated Services"}, "facility": {"code": 14556}}, {"service": {"name": "ENT Services"}, "facility": {"code": 15144}}, {"service": {"name": "Short Term FP"}, "facility": {"code": 14556}}, {"service": {"name": "Post Exposure Prophylaxis"}, "facility": {"code": 14556}}, {"service": {"name": "Environmental Health Services"}, "facility": {"code": 15144}}, {"service": {"name": "PMTCT - ANC"}, "facility": {"code": 14556}}, {"service": {"name": "Environmental Health Services"}, "facility": {"code": 14392}}, {"service": {"name": "Provider Initiated Counselling and Testing"}, "facility": {"code": 14556}}, {"service": {"name": "Nutrition Services"}, "facility": {"code": 14392}}, {"service": {"name": "Integrated Management of Childhood Illnesses"}, "facility": {"code": 14392}}, {"service": {"name": "Voluntary Counselling and Testing"}, "facility": {"code": 14556}}, {"service": {"name": "Management of STIs"}, "facility": {"code": 14556}}, {"service": {"name": "Rehabilitative Health Services - Physiotherapy"}, "facility": {"code": 15144}}, {"service": {"name": "Condom Promotion and Distribution"}, "facility": {"code": 14556}}, {"service": {"name": "Services for Sexual Violence Survivors"}, "facility": {"code": 15144}}, {"service": {"name": "Maternity Services"}, "facility": {"code": 14392}}, {"service": {"name": "Mental Health Services"}, "facility": {"code": 15144}}, {"service": {"name": "Curative Services"}, "facility": {"code": 14392}}, {"service": {"name": "Opthalmic Services"}, "facility": {"code": 15144}}, {"service": {"name": "Environmental Health Services"}, "facility": {"code": 14653}}, {"service": {"name": "Integrated Management of Childhood Illnesses"}, "facility": {"code": 15144}}, {"service": {"name": "Nutrition Services"}, "facility": {"code": 14653}}, {"service": {"name": "Maternity Services"}, "facility": {"code": 15144}}, {"service": {"name": "Curative Services"}, "facility": {"code": 14653}}, {"service": {"name": "Port Immunization Services"}, "facility": {"code": 14392}}, {"service": {"name": "Basic Immunization"}, "facility": {"code": 14392}}, {"service": {"name": "Focused Antenatal Care"}, "facility": {"code": 14392}}, {"service": {"name": "First Line Treatment"}, "facility": {"code": 15144}}, {"service": {"name": "Short Term FP"}, "facility": {"code": 14392}}, {"service": {"name": "Focused Antenatal Care"}, "facility": {"code": 14653}}, {"service": {"name": "Basic Immunization"}, "facility": {"code": 14653}}, {"service": {"name": "Short Term FP"}, "facility": {"code": 14653}}, {"service": {"name": "PMTCT - Maternity"}, "facility": {"code": 14392}}, {"service": {"name": "PMTCT - ANC"}, "facility": {"code": 14392}}, {"service": {"name": "Integrated Services"}, "facility": {"code": 15144}}, {"service": {"name": "PMTCT - ANC"}, "facility": {"code": 14653}}, {"service": {"name": "Management of STIs"}, "facility": {"code": 14392}}, {"service": {"name": "Emergency Preparedness"}, "facility": {"code": 14543}}, {"service": {"name": "Condom Promotion and Distribution"}, "facility": {"code": 14392}}, {"service": {"name": "Provider Initiated Counselling and Testing"}, "facility": {"code": 14653}}, {"service": {"name": "Management of STIs"}, "facility": {"code": 14653}}, {"service": {"name": "Condom Promotion and Distribution"}, "facility": {"code": 14653}}, {"service": {"name": "Emergency Obstetric Care"}, "facility": {"code": 14543}}, {"service": {"name": "Environmental Health Services"}, "facility": {"code": 14543}}, {"service": {"name": "Laboratory Services"}, "facility": {"code": 14543}}, {"service": {"name": "Curative Services"}, "facility": {"code": 14543}}, {"service": {"name": "Emergency Preparedness"}, "facility": {"code": 15682}}, {"service": {"name": "Tuberculosis Culture"}, "facility": {"code": 14615}}, {"service": {"name": "Smear Microscopy"}, "facility": {"code": 14543}}, {"service": {"name": "ENT Services"}, "facility": {"code": 15682}}, {"service": {"name": "Emergency Preparedness"}, "facility": {"code": 14448}}, {"service": {"name": "Basic Immunization"}, "facility": {"code": 14543}}, {"service": {"name": "Specialized ANC"}, "facility": {"code": 14543}}, {"service": {"name": "Mental Health Services"}, "facility": {"code": 15682}}, {"service": {"name": "Surgical Services"}, "facility": {"code": 15682}}, {"service": {"name": "Nutrition Services"}, "facility": {"code": 14448}}, {"service": {"name": "Integrated Services"}, "facility": {"code": 14543}}, {"service": {"name": "Integrated Management of Childhood Illnesses"}, "facility": {"code": 14448}}, {"service": {"name": "Integrated Services"}, "facility": {"code": 15682}}, {"service": {"name": "Curative Services"}, "facility": {"code": 14448}}, {"service": {"name": "Maternity Services"}, "facility": {"code": 14448}}, {"service": {"name": "PMTCT - ANC"}, "facility": {"code": 14543}}, {"service": {"name": "Surgical Services"}, "facility": {"code": 14448}}, {"service": {"name": "Emergency Obstetric Care"}, "facility": {"code": 14448}}, {"service": {"name": "Diagnostic Counselling and Testing"}, "facility": {"code": 14543}}, {"service": {"name": "Voluntary Counselling and Testing"}, "facility": {"code": 14543}}, {"service": {"name": "Immunization with additional vaccines"}, "facility": {"code": 14448}}, {"service": {"name": "Management of STIs"}, "facility": {"code": 14543}}, {"service": {"name": "Basic Immunization"}, "facility": {"code": 14448}}, {"service": {"name": "Focused Antenatal Care"}, "facility": {"code": 14448}}, {"service": {"name": "ENT Services"}, "facility": {"code": 15270}}, {"service": {"name": "Integrated Services"}, "facility": {"code": 14448}}, {"service": {"name": "Dental Laboratory Services"}, "facility": {"code": 15270}}, {"service": {"name": "Oral Health Services (Dental Services)"}, "facility": {"code": 15270}}, {"service": {"name": "Environmental Health Services"}, "facility": {"code": 15270}}, {"service": {"name": "Long Term FP"}, "facility": {"code": 14448}}, {"service": {"name": "Rehabilitative Health Services - Physiotherapy"}, "facility": {"code": 15270}}, {"service": {"name": "Short Term FP"}, "facility": {"code": 14448}}, {"service": {"name": "Emergency Preparedness"}, "facility": {"code": 16427}}, {"service": {"name": "Services for Sexual Violence Survivors"}, "facility": {"code": 15270}}, {"service": {"name": "Emergency Obstetric Care"}, "facility": {"code": 16427}}, {"service": {"name": "Environmental Health Services"}, "facility": {"code": 16427}}, {"service": {"name": "Mental Health Services"}, "facility": {"code": 15270}}, {"service": {"name": "Nutrition Services"}, "facility": {"code": 16427}}, {"service": {"name": "Emergency Obstetric Care"}, "facility": {"code": 15392}}, {"service": {"name": "Opthalmic Services"}, "facility": {"code": 15270}}, {"service": {"name": "Integrated Management of Childhood Illnesses"}, "facility": {"code": 16427}}, {"service": {"name": "Integrated Management of Childhood Illnesses"}, "facility": {"code": 15270}}, {"service": {"name": "Curative Services"}, "facility": {"code": 16427}}, {"service": {"name": "Nutrition Services"}, "facility": {"code": 15392}}, {"service": {"name": "Basic Immunization"}, "facility": {"code": 16427}}, {"service": {"name": "Focused Antenatal Care"}, "facility": {"code": 16427}}, {"service": {"name": "Integrated Services"}, "facility": {"code": 16427}}, {"service": {"name": "Maternity Services"}, "facility": {"code": 15270}}, {"service": {"name": "Short Term FP"}, "facility": {"code": 16427}}, {"service": {"name": "Post Exposure Prophylaxis"}, "facility": {"code": 16427}}, {"service": {"name": "Curative Services"}, "facility": {"code": 15392}}, {"service": {"name": "Nutrition Services"}, "facility": {"code": 15399}}, {"service": {"name": "PMTCT - ANC"}, "facility": {"code": 16427}}, {"service": {"name": "Environmental Health Services"}, "facility": {"code": 15047}}, {"service": {"name": "Provider Initiated Counselling and Testing"}, "facility": {"code": 16427}}, {"service": {"name": "Integrated Services"}, "facility": {"code": 15270}}, {"service": {"name": "Voluntary Counselling and Testing"}, "facility": {"code": 16427}}, {"service": {"name": "Post Exposure Prophylaxis"}, "facility": {"code": 14448}}, {"service": {"name": "Management of STIs"}, "facility": {"code": 16427}}, {"service": {"name": "Curative Services"}, "facility": {"code": 15399}}, {"service": {"name": "Condom Promotion and Distribution"}, "facility": {"code": 16427}}, {"service": {"name": "PMTCT - Maternity"}, "facility": {"code": 14448}}, {"service": {"name": "PMTCT - ANC"}, "facility": {"code": 14448}}, {"service": {"name": "First Line Treatment"}, "facility": {"code": 15399}}, {"service": {"name": "Provider Initiated Counselling and Testing"}, "facility": {"code": 14448}}, {"service": {"name": "Voluntary Counselling and Testing"}, "facility": {"code": 14448}}, {"service": {"name": "Basic Immunization"}, "facility": {"code": 15399}}, {"service": {"name": "Environmental Health Services"}, "facility": {"code": 14772}}, {"service": {"name": "Management of STIs"}, "facility": {"code": 14448}}, {"service": {"name": "Focused Antenatal Care"}, "facility": {"code": 15399}}, {"service": {"name": "Condom Promotion and Distribution"}, "facility": {"code": 14448}}, {"service": {"name": "Integrated Services"}, "facility": {"code": 15399}}, {"service": {"name": "Immunization with additional vaccines"}, "facility": {"code": 15392}}, {"service": {"name": "Basic Immunization"}, "facility": {"code": 15392}}, {"service": {"name": "Nutrition Services"}, "facility": {"code": 14772}}, {"service": {"name": "Focused Antenatal Care"}, "facility": {"code": 15392}}, {"service": {"name": "Short Term FP"}, "facility": {"code": 15399}}, {"service": {"name": "Integrated Management of Childhood Illnesses"}, "facility": {"code": 14772}}, {"service": {"name": "Integrated Services"}, "facility": {"code": 15392}}, {"service": {"name": "Short Term FP"}, "facility": {"code": 15392}}, {"service": {"name": "PMTCT - ANC"}, "facility": {"code": 15399}}, {"service": {"name": "Mental Health Services"}, "facility": {"code": 15047}}, {"service": {"name": "Provider Initiated Counselling and Testing"}, "facility": {"code": 15399}}, {"service": {"name": "Management of STIs"}, "facility": {"code": 14772}}, {"service": {"name": "Management of STIs"}, "facility": {"code": 15399}}, {"service": {"name": "ENT Services"}, "facility": {"code": 14228}}, {"service": {"name": "Maternity Services"}, "facility": {"code": 15047}}, {"service": {"name": "Dental Laboratory Services"}, "facility": {"code": 14228}}, {"service": {"name": "Condom Promotion and Distribution"}, "facility": {"code": 15399}}, {"service": {"name": "Oral Health Services (Dental Services)"}, "facility": {"code": 14228}}, {"service": {"name": "PMTCT - ANC"}, "facility": {"code": 15392}}, {"service": {"name": "Rehabilitative Health Services - Physiotherapy"}, "facility": {"code": 14228}}, {"service": {"name": "Provider Initiated Counselling and Testing"}, "facility": {"code": 15392}}, {"service": {"name": "Management of STIs"}, "facility": {"code": 15392}}, {"service": {"name": "Mental Health Services"}, "facility": {"code": 14228}}, {"service": {"name": "Condom Promotion and Distribution"}, "facility": {"code": 15392}}, {"service": {"name": "Opthalmic Services"}, "facility": {"code": 14228}}, {"service": {"name": "Integrated Services"}, "facility": {"code": 14228}}, {"service": {"name": "Laboratory Services"}, "facility": {"code": 15272}}, {"service": {"name": "Curative Services"}, "facility": {"code": 15272}}, {"service": {"name": "First Line Treatment"}, "facility": {"code": 15272}}, {"service": {"name": "Smear Microscopy"}, "facility": {"code": 15272}}, {"service": {"name": "Immunization with additional vaccines"}, "facility": {"code": 15272}}, {"service": {"name": "Basic Immunization"}, "facility": {"code": 15272}}, {"service": {"name": "Focused Antenatal Care"}, "facility": {"code": 15272}}, {"service": {"name": "Long Term FP"}, "facility": {"code": 15272}}, {"service": {"name": "Short Term FP"}, "facility": {"code": 15272}}, {"service": {"name": "Home Based Care"}, "facility": {"code": 15272}}, {"service": {"name": "Adult Antiretroviral Therapy"}, "facility": {"code": 15272}}, {"service": {"name": "Paediatric Antiretroviral Therapy"}, "facility": {"code": 15272}}, {"service": {"name": "Post Exposure Prophylaxis"}, "facility": {"code": 15272}}, {"service": {"name": "PMTCT - ANC"}, "facility": {"code": 15272}}, {"service": {"name": "Early Infant Diagnosis"}, "facility": {"code": 15272}}, {"service": {"name": "Diagnostic Counselling and Testing"}, "facility": {"code": 15272}}, {"service": {"name": "Provider Initiated Counselling and Testing"}, "facility": {"code": 15272}}, {"service": {"name": "Voluntary Counselling and Testing"}, "facility": {"code": 15272}}, {"service": {"name": "Mental Health Services"}, "facility": {"code": 14515}}, {"service": {"name": "Management of STIs"}, "facility": {"code": 15272}}, {"service": {"name": "Condom Promotion and Distribution"}, "facility": {"code": 15272}}, {"service": {"name": "Environmental Health Services"}, "facility": {"code": 14596}}, {"service": {"name": "Emergency Preparedness"}, "facility": {"code": 16953}}, {"service": {"name": "Nutrition Services"}, "facility": {"code": 14596}}, {"service": {"name": "ENT Services"}, "facility": {"code": 16953}}, {"service": {"name": "Dental Laboratory Services"}, "facility": {"code": 16953}}, {"service": {"name": "Oral Health Services (Dental Services)"}, "facility": {"code": 16953}}, {"service": {"name": "Curative Services"}, "facility": {"code": 14596}}, {"service": {"name": "Emergency Obstetric Care"}, "facility": {"code": 16953}}, {"service": {"name": "Emergency Preparedness"}, "facility": {"code": 15283}}, {"service": {"name": "Emergency Obstetric Care"}, "facility": {"code": 15283}}, {"service": {"name": "Environmental Health Services"}, "facility": {"code": 16953}}, {"service": {"name": "Basic Immunization"}, "facility": {"code": 14596}}, {"service": {"name": "Environmental Health Services"}, "facility": {"code": 15283}}, {"service": {"name": "Rehabilitative Health Services - Physiotherapy"}, "facility": {"code": 16953}}, {"service": {"name": "Nutrition Services"}, "facility": {"code": 15283}}, {"service": {"name": "Focused Antenatal Care"}, "facility": {"code": 14596}}, {"service": {"name": "Services for Sexual Violence Survivors"}, "facility": {"code": 16953}}, {"service": {"name": "Integrated Management of Childhood Illnesses"}, "facility": {"code": 15283}}, {"service": {"name": "Short Term FP"}, "facility": {"code": 14596}}, {"service": {"name": "Curative Services"}, "facility": {"code": 15283}}, {"service": {"name": "Mental Health Services"}, "facility": {"code": 16953}}, {"service": {"name": "Opthalmic Services"}, "facility": {"code": 16953}}, {"service": {"name": "Basic Immunization"}, "facility": {"code": 15283}}, {"service": {"name": "Focused Antenatal Care"}, "facility": {"code": 15283}}, {"service": {"name": "Integrated Management of Childhood Illnesses"}, "facility": {"code": 16953}}, {"service": {"name": "PMTCT - ANC"}, "facility": {"code": 14596}}, {"service": {"name": "Integrated Services"}, "facility": {"code": 15283}}, {"service": {"name": "Short Term FP"}, "facility": {"code": 15283}}, {"service": {"name": "Environmental Health Services"}, "facility": {"code": 15580}}, {"service": {"name": "Provider Initiated Counselling and Testing"}, "facility": {"code": 14596}}, {"service": {"name": "Radiology Services"}, "facility": {"code": 16953}}, {"service": {"name": "Post Exposure Prophylaxis"}, "facility": {"code": 15283}}, {"service": {"name": "Management of STIs"}, "facility": {"code": 14596}}, {"service": {"name": "Nutrition Services"}, "facility": {"code": 15580}}, {"service": {"name": "PMTCT - ANC"}, "facility": {"code": 15283}}, {"service": {"name": "Condom Promotion and Distribution"}, "facility": {"code": 14596}}, {"service": {"name": "Surgical Services"}, "facility": {"code": 16953}}, {"service": {"name": "Provider Initiated Counselling and Testing"}, "facility": {"code": 15283}}, {"service": {"name": "Emergency Preparedness"}, "facility": {"code": 14503}}, {"service": {"name": "Maternity Services"}, "facility": {"code": 16953}}, {"service": {"name": "Voluntary Counselling and Testing"}, "facility": {"code": 15283}}, {"service": {"name": "Dental Laboratory Services"}, "facility": {"code": 14503}}, {"service": {"name": "Management of STIs"}, "facility": {"code": 15283}}, {"service": {"name": "Condom Promotion and Distribution"}, "facility": {"code": 15283}}, {"service": {"name": "Emergency Obstetric Care"}, "facility": {"code": 14503}}, {"service": {"name": "Environmental Health Services"}, "facility": {"code": 14503}}, {"service": {"name": "Emergency Preparedness"}, "facility": {"code": 15365}}, {"service": {"name": "Emergency Obstetric Care"}, "facility": {"code": 15365}}, {"service": {"name": "Environmental Health Services"}, "facility": {"code": 15365}}, {"service": {"name": "Nutrition Services"}, "facility": {"code": 15365}}, {"service": {"name": "Integrated Management of Childhood Illnesses"}, "facility": {"code": 15365}}, {"service": {"name": "Laboratory Services"}, "facility": {"code": 15365}}, {"service": {"name": "Nutrition Services"}, "facility": {"code": 14503}}, {"service": {"name": "Curative Services"}, "facility": {"code": 15365}}, {"service": {"name": "First Line Treatment"}, "facility": {"code": 15365}}, {"service": {"name": "Tuberculosis Culture"}, "facility": {"code": 15365}}, {"service": {"name": "Smear Microscopy"}, "facility": {"code": 15365}}, {"service": {"name": "Laboratory Services"}, "facility": {"code": 14503}}, {"service": {"name": "Basic Immunization"}, "facility": {"code": 15365}}, {"service": {"name": "Maternity Services"}, "facility": {"code": 14503}}, {"service": {"name": "Focused Antenatal Care"}, "facility": {"code": 15365}}, {"service": {"name": "Curative Services"}, "facility": {"code": 14503}}, {"service": {"name": "Long Term FP"}, "facility": {"code": 15365}}, {"service": {"name": "Short Term FP"}, "facility": {"code": 15365}}, {"service": {"name": "Emergency Obstetric Care"}, "facility": {"code": 15348}}, {"service": {"name": "PMTCT - ANC"}, "facility": {"code": 15365}}, {"service": {"name": "Diagnostic Counselling and Testing"}, "facility": {"code": 15365}}, {"service": {"name": "Provider Initiated Counselling and Testing"}, "facility": {"code": 15365}}, {"service": {"name": "Opthalmic Services"}, "facility": {"code": 15348}}, {"service": {"name": "Nutrition Services"}, "facility": {"code": 15364}}, {"service": {"name": "Management of STIs"}, "facility": {"code": 15365}}, {"service": {"name": "Condom Promotion and Distribution"}, "facility": {"code": 15365}}, {"service": {"name": "Nutrition Services"}, "facility": {"code": 15348}}, {"service": {"name": "Curative Services"}, "facility": {"code": 15364}}, {"service": {"name": "Integrated Management of Childhood Illnesses"}, "facility": {"code": 15348}}, {"service": {"name": "Mental Health Services"}, "facility": {"code": 15126}}, {"service": {"name": "Laboratory Services"}, "facility": {"code": 15348}}, {"service": {"name": "First Line Treatment"}, "facility": {"code": 15364}}, {"service": {"name": "Focused Antenatal Care"}, "facility": {"code": 12841}}, {"service": {"name": "Immunization with additional vaccines"}, "facility": {"code": 15364}}, {"service": {"name": "Maternity Services"}, "facility": {"code": 15348}}, {"service": {"name": "Basic Immunization"}, "facility": {"code": 15364}}, {"service": {"name": "Curative Services"}, "facility": {"code": 15348}}, {"service": {"name": "Focused Antenatal Care"}, "facility": {"code": 15364}}, {"service": {"name": "Emergency Preparedness"}, "facility": {"code": 15757}}, {"service": {"name": "Integrated Services"}, "facility": {"code": 15364}}, {"service": {"name": "ENT Services"}, "facility": {"code": 15757}}, {"service": {"name": "Dental Laboratory Services"}, "facility": {"code": 15757}}, {"service": {"name": "Short Term FP"}, "facility": {"code": 15364}}, {"service": {"name": "First Line Treatment"}, "facility": {"code": 15348}}, {"service": {"name": "Oral Health Services (Dental Services)"}, "facility": {"code": 15757}}, {"service": {"name": "Emergency Obstetric Care"}, "facility": {"code": 15757}}, {"service": {"name": "Environmental Health Services"}, "facility": {"code": 15757}}, {"service": {"name": "PMTCT - ANC"}, "facility": {"code": 15364}}, {"service": {"name": "Rehabilitative Health Services - Physiotherapy"}, "facility": {"code": 15757}}, {"service": {"name": "Services for Sexual Violence Survivors"}, "facility": {"code": 15757}}, {"service": {"name": "Mental Health Services"}, "facility": {"code": 15757}}, {"service": {"name": "Opthalmic Services"}, "facility": {"code": 15757}}, {"service": {"name": "Integrated Management of Childhood Illnesses"}, "facility": {"code": 15757}}, {"service": {"name": "Provider Initiated Counselling and Testing"}, "facility": {"code": 15364}}, {"service": {"name": "Environmental Health Services"}, "facility": {"code": 14983}}, {"service": {"name": "Management of STIs"}, "facility": {"code": 15364}}, {"service": {"name": "Early Infant Diagnosis"}, "facility": {"code": 15348}}, {"service": {"name": "Condom Promotion and Distribution"}, "facility": {"code": 15364}}, {"service": {"name": "Basic Immunization"}, "facility": {"code": 14503}}, {"service": {"name": "Surgical Services"}, "facility": {"code": 15757}}, {"service": {"name": "Maternity Services"}, "facility": {"code": 15757}}, {"service": {"name": "Nutrition Services"}, "facility": {"code": 14983}}, {"service": {"name": "Smear Microscopy"}, "facility": {"code": 15348}}, {"service": {"name": "Focused Antenatal Care"}, "facility": {"code": 14503}}, {"service": {"name": "Curative Services"}, "facility": {"code": 14983}}, {"service": {"name": "Environmental Health Services"}, "facility": {"code": 15017}}, {"service": {"name": "First Line Treatment"}, "facility": {"code": 15757}}, {"service": {"name": "Mental Health Services"}, "facility": {"code": 15017}}, {"service": {"name": "Integrated Services"}, "facility": {"code": 14503}}, {"service": {"name": "Immunization with additional vaccines"}, "facility": {"code": 15348}}, {"service": {"name": "Basic Immunization"}, "facility": {"code": 15348}}, {"service": {"name": "Curative Services"}, "facility": {"code": 15708}}, {"service": {"name": "Environmental Health Services"}, "facility": {"code": 14592}}, {"service": {"name": "Short Term FP"}, "facility": {"code": 14983}}, {"service": {"name": "Nutrition Services"}, "facility": {"code": 15017}}, {"service": {"name": "Focused Antenatal Care"}, "facility": {"code": 15348}}, {"service": {"name": "Nutrition Services"}, "facility": {"code": 14592}}, {"service": {"name": "Paediatric Antiretroviral Therapy"}, "facility": {"code": 15757}}, {"service": {"name": "Integrated Services"}, "facility": {"code": 15348}}, {"service": {"name": "Curative Services"}, "facility": {"code": 14592}}, {"service": {"name": "Adult Antiretroviral Therapy"}, "facility": {"code": 15757}}, {"service": {"name": "Maternity Services"}, "facility": {"code": 15017}}, {"service": {"name": "Environmental Health Services"}, "facility": {"code": 15708}}, {"service": {"name": "Basic Immunization"}, "facility": {"code": 14592}}, {"service": {"name": "Short Term FP"}, "facility": {"code": 15348}}, {"service": {"name": "Management of STIs"}, "facility": {"code": 14983}}, {"service": {"name": "Focused Antenatal Care"}, "facility": {"code": 14592}}, {"service": {"name": "PMTCT - Maternity"}, "facility": {"code": 15757}}, {"service": {"name": "Condom Promotion and Distribution"}, "facility": {"code": 14983}}, {"service": {"name": "Integrated Management of Childhood Illnesses"}, "facility": {"code": 15708}}, {"service": {"name": "Short Term FP"}, "facility": {"code": 14592}}, {"service": {"name": "Diagnostic Counselling and Testing"}, "facility": {"code": 15757}}, {"service": {"name": "PMTCT - ANC"}, "facility": {"code": 14592}}, {"service": {"name": "Emergency Preparedness"}, "facility": {"code": 14441}}, {"service": {"name": "Management of STIs"}, "facility": {"code": 15708}}, {"service": {"name": "Management of STIs"}, "facility": {"code": 14592}}, {"service": {"name": "Provider Initiated Counselling and Testing"}, "facility": {"code": 14592}}, {"service": {"name": "PMTCT - Maternity"}, "facility": {"code": 15348}}, {"service": {"name": "Condom Promotion and Distribution"}, "facility": {"code": 14592}}, {"service": {"name": "Emergency Obstetric Care"}, "facility": {"code": 14441}}, {"service": {"name": "PMTCT - ANC"}, "facility": {"code": 15348}}, {"service": {"name": "Provider Initiated Counselling and Testing"}, "facility": {"code": 15348}}, {"service": {"name": "Management of STIs"}, "facility": {"code": 15348}}, {"service": {"name": "Condom Promotion and Distribution"}, "facility": {"code": 15348}}, {"service": {"name": "Emergency Preparedness"}, "facility": {"code": 17793}}, {"service": {"name": "Nutrition Services"}, "facility": {"code": 14441}}, {"service": {"name": "Emergency Obstetric Care"}, "facility": {"code": 17793}}, {"service": {"name": "Maternity Services"}, "facility": {"code": 14441}}, {"service": {"name": "Environmental Health Services"}, "facility": {"code": 17793}}, {"service": {"name": "Emergency Obstetric Care"}, "facility": {"code": 15250}}, {"service": {"name": "Curative Services"}, "facility": {"code": 14441}}, {"service": {"name": "Integrated Management of Childhood Illnesses"}, "facility": {"code": 17793}}, {"service": {"name": "Curative Services"}, "facility": {"code": 17793}}, {"service": {"name": "Laboratory Services"}, "facility": {"code": 15250}}, {"service": {"name": "Basic Immunization"}, "facility": {"code": 17793}}, {"service": {"name": "Surgical Services"}, "facility": {"code": 15250}}, {"service": {"name": "Focused Antenatal Care"}, "facility": {"code": 17793}}, {"service": {"name": "Short Term FP"}, "facility": {"code": 17793}}, {"service": {"name": "Surgical Services"}, "facility": {"code": 14441}}, {"service": {"name": "Provider Initiated Counselling and Testing"}, "facility": {"code": 17793}}, {"service": {"name": "Integrated Management of Childhood Illnesses"}, "facility": {"code": 14441}}, {"service": {"name": "PMTCT - ANC"}, "facility": {"code": 17793}}, {"service": {"name": "Maternity Services"}, "facility": {"code": 15250}}, {"service": {"name": "Management of STIs"}, "facility": {"code": 17793}}, {"service": {"name": "Curative Services"}, "facility": {"code": 15250}}, {"service": {"name": "Condom Promotion and Distribution"}, "facility": {"code": 17793}}, {"service": {"name": "Facility Based Blood Transfusion Service"}, "facility": {"code": 15250}}, {"service": {"name": "Immunization with additional vaccines"}, "facility": {"code": 15250}}, {"service": {"name": "Basic Immunization"}, "facility": {"code": 15250}}, {"service": {"name": "Immunization with additional vaccines"}, "facility": {"code": 14441}}, {"service": {"name": "Focused Antenatal Care"}, "facility": {"code": 15250}}, {"service": {"name": "Emergency Preparedness"}, "facility": {"code": 15622}}, {"service": {"name": "Permanent FP"}, "facility": {"code": 15250}}, {"service": {"name": "ENT Services"}, "facility": {"code": 15622}}, {"service": {"name": "Long Term FP"}, "facility": {"code": 15250}}, {"service": {"name": "Short Term FP"}, "facility": {"code": 15250}}, {"service": {"name": "Dental Laboratory Services"}, "facility": {"code": 15622}}, {"service": {"name": "Oral Health Services (Dental Services)"}, "facility": {"code": 15622}}, {"service": {"name": "Basic Immunization"}, "facility": {"code": 14441}}, {"service": {"name": "Emergency Obstetric Care"}, "facility": {"code": 15622}}, {"service": {"name": "Post Exposure Prophylaxis"}, "facility": {"code": 15250}}, {"service": {"name": "PMTCT - Maternity"}, "facility": {"code": 15250}}, {"service": {"name": "Environmental Health Services"}, "facility": {"code": 15622}}, {"service": {"name": "Rehabilitative Health Services - Physiotherapy"}, "facility": {"code": 15622}}, {"service": {"name": "Focused Antenatal Care"}, "facility": {"code": 14441}}, {"service": {"name": "PMTCT - ANC"}, "facility": {"code": 15250}}, {"service": {"name": "Services for Sexual Violence Survivors"}, "facility": {"code": 15622}}, {"service": {"name": "Diagnostic Counselling and Testing"}, "facility": {"code": 15250}}, {"service": {"name": "Provider Initiated Counselling and Testing"}, "facility": {"code": 15250}}, {"service": {"name": "Mental Health Services"}, "facility": {"code": 15622}}, {"service": {"name": "Management of STIs"}, "facility": {"code": 15250}}, {"service": {"name": "Opthalmic Services"}, "facility": {"code": 15622}}, {"service": {"name": "Condom Promotion and Distribution"}, "facility": {"code": 15250}}, {"service": {"name": "Ambulance Sevices"}, "facility": {"code": 15622}}, {"service": {"name": "Laboratory Services"}, "facility": {"code": 15622}}, {"service": {"name": "Surgical Services"}, "facility": {"code": 15622}}, {"service": {"name": "Voluntary Male Circumcision"}, "facility": {"code": 14441}}, {"service": {"name": "Focused Antenatal Care"}, "facility": {"code": 15622}}, {"service": {"name": "PMTCT - Maternity"}, "facility": {"code": 14441}}, {"service": {"name": "PMTCT - ANC"}, "facility": {"code": 14441}}, {"service": {"name": "Emergency Preparedness"}, "facility": {"code": 14521}}, {"service": {"name": "Emergency Obstetric Care"}, "facility": {"code": 14521}}, {"service": {"name": "Provider Initiated Counselling and Testing"}, "facility": {"code": 14441}}, {"service": {"name": "Environmental Health Services"}, "facility": {"code": 14521}}, {"service": {"name": "Voluntary Counselling and Testing"}, "facility": {"code": 14441}}, {"service": {"name": "Diagnostic Counselling and Testing"}, "facility": {"code": 15622}}, {"service": {"name": "Management of STIs"}, "facility": {"code": 14441}}, {"service": {"name": "Nutrition Services"}, "facility": {"code": 14521}}, {"service": {"name": "Condom Promotion and Distribution"}, "facility": {"code": 14441}}, {"service": {"name": "Environmental Health Services"}, "facility": {"code": 14214}}, {"service": {"name": "Integrated Management of Childhood Illnesses"}, "facility": {"code": 14521}}, {"service": {"name": "Nutrition Services"}, "facility": {"code": 14214}}, {"service": {"name": "Integrated Management of Childhood Illnesses"}, "facility": {"code": 14214}}, {"service": {"name": "Laboratory Services"}, "facility": {"code": 14521}}, {"service": {"name": "Curative Services"}, "facility": {"code": 14521}}, {"service": {"name": "First Line Treatment"}, "facility": {"code": 14521}}, {"service": {"name": "Smear Microscopy"}, "facility": {"code": 14521}}, {"service": {"name": "Focused Antenatal Care"}, "facility": {"code": 14521}}, {"service": {"name": "Long Term FP"}, "facility": {"code": 14521}}, {"service": {"name": "Short Term FP"}, "facility": {"code": 14521}}, {"service": {"name": "Oral Health Services (Dental Services)"}, "facility": {"code": 15233}}, {"service": {"name": "PMTCT - ANC"}, "facility": {"code": 14521}}, {"service": {"name": "Early Infant Diagnosis"}, "facility": {"code": 14521}}, {"service": {"name": "Diagnostic Counselling and Testing"}, "facility": {"code": 14521}}, {"service": {"name": "Provider Initiated Counselling and Testing"}, "facility": {"code": 14521}}, {"service": {"name": "Voluntary Counselling and Testing"}, "facility": {"code": 14521}}, {"service": {"name": "Management of STIs"}, "facility": {"code": 14521}}, {"service": {"name": "Environmental Health Services"}, "facility": {"code": 15249}}, {"service": {"name": "Condom Promotion and Distribution"}, "facility": {"code": 14521}}, {"service": {"name": "Nutrition Services"}, "facility": {"code": 15249}}, {"service": {"name": "Integrated Management of Childhood Illnesses"}, "facility": {"code": 15249}}, {"service": {"name": "Curative Services"}, "facility": {"code": 15249}}, {"service": {"name": "Port Immunization Services"}, "facility": {"code": 15249}}, {"service": {"name": "Basic Immunization"}, "facility": {"code": 15249}}, {"service": {"name": "Emergency Obstetric Care"}, "facility": {"code": 15312}}, {"service": {"name": "Focused Antenatal Care"}, "facility": {"code": 15249}}, {"service": {"name": "Short Term FP"}, "facility": {"code": 15249}}, {"service": {"name": "Nutrition Services"}, "facility": {"code": 15312}}, {"service": {"name": "Integrated Management of Childhood Illnesses"}, "facility": {"code": 15312}}, {"service": {"name": "PMTCT - ANC"}, "facility": {"code": 15249}}, {"service": {"name": "Management of STIs"}, "facility": {"code": 15249}}, {"service": {"name": "Condom Promotion and Distribution"}, "facility": {"code": 15249}}, {"service": {"name": "Laboratory Services"}, "facility": {"code": 15312}}, {"service": {"name": "Surgical Services"}, "facility": {"code": 15312}}, {"service": {"name": "Maternity Services"}, "facility": {"code": 15312}}, {"service": {"name": "Curative Services"}, "facility": {"code": 15312}}, {"service": {"name": "First Line Treatment"}, "facility": {"code": 15312}}, {"service": {"name": "Smear Microscopy"}, "facility": {"code": 15312}}, {"service": {"name": "Immunization with additional vaccines"}, "facility": {"code": 15312}}, {"service": {"name": "Basic Immunization"}, "facility": {"code": 15312}}, {"service": {"name": "Focused Antenatal Care"}, "facility": {"code": 15312}}, {"service": {"name": "Integrated Services"}, "facility": {"code": 15312}}, {"service": {"name": "Long Term FP"}, "facility": {"code": 15312}}, {"service": {"name": "Emergency Preparedness"}, "facility": {"code": 15621}}, {"service": {"name": "ENT Services"}, "facility": {"code": 15621}}, {"service": {"name": "First Line Treatment"}, "facility": {"code": 12841}}, {"service": {"name": "Dental Laboratory Services"}, "facility": {"code": 15621}}, {"service": {"name": "Oral Health Services (Dental Services)"}, "facility": {"code": 15621}}, {"service": {"name": "Emergency Obstetric Care"}, "facility": {"code": 15621}}, {"service": {"name": "Environmental Health Services"}, "facility": {"code": 15621}}, {"service": {"name": "Rehabilitative Health Services - Physiotherapy"}, "facility": {"code": 15621}}, {"service": {"name": "Services for Sexual Violence Survivors"}, "facility": {"code": 15621}}, {"service": {"name": "Mental Health Services"}, "facility": {"code": 15621}}, {"service": {"name": "Opthalmic Services"}, "facility": {"code": 15621}}, {"service": {"name": "Rehabilitative Health Services - Occupational Health"}, "facility": {"code": 12841}}, {"service": {"name": "Integrated Management of Childhood Illnesses"}, "facility": {"code": 15621}}, {"service": {"name": "Short Term FP"}, "facility": {"code": 15312}}, {"service": {"name": "Environmental Health Services"}, "facility": {"code": 17791}}, {"service": {"name": "Laboratory Services"}, "facility": {"code": 15621}}, {"service": {"name": "Home Based Care"}, "facility": {"code": 15312}}, {"service": {"name": "Mental Health Services"}, "facility": {"code": 17791}}, {"service": {"name": "Opthalmic Services"}, "facility": {"code": 17791}}, {"service": {"name": "Surgical Services"}, "facility": {"code": 15621}}, {"service": {"name": "Nutrition Services"}, "facility": {"code": 17791}}, {"service": {"name": "Maternity Services"}, "facility": {"code": 15621}}, {"service": {"name": "Integrated Management of Childhood Illnesses"}, "facility": {"code": 17791}}, {"service": {"name": "Adult Antiretroviral Therapy"}, "facility": {"code": 15312}}, {"service": {"name": "Surgical Services"}, "facility": {"code": 17791}}, {"service": {"name": "First Line Treatment"}, "facility": {"code": 15621}}, {"service": {"name": "Paediatric Antiretroviral Therapy"}, "facility": {"code": 15312}}, {"service": {"name": "Curative Services"}, "facility": {"code": 17791}}, {"service": {"name": "Basic Immunization"}, "facility": {"code": 17791}}, {"service": {"name": "Emergency Preparedness"}, "facility": {"code": 15232}}, {"service": {"name": "Environmental Health Services"}, "facility": {"code": 14387}}, {"service": {"name": "Basic Immunization"}, "facility": {"code": 12841}}, {"service": {"name": "Emergency Obstetric Care"}, "facility": {"code": 15232}}, {"service": {"name": "Post Exposure Prophylaxis"}, "facility": {"code": 15621}}, {"service": {"name": "Emergency Preparedness"}, "facility": {"code": 14460}}, {"service": {"name": "Emergency Obstetric Care"}, "facility": {"code": 14460}}, {"service": {"name": "Diagnostic Counselling and Testing"}, "facility": {"code": 15621}}, {"service": {"name": "Focused Antenatal Care"}, "facility": {"code": 17791}}, {"service": {"name": "Environmental Health Services"}, "facility": {"code": 14460}}, {"service": {"name": "Nutrition Services"}, "facility": {"code": 14460}}, {"service": {"name": "Long Term FP"}, "facility": {"code": 17791}}, {"service": {"name": "Integrated Management of Childhood Illnesses"}, "facility": {"code": 14460}}, {"service": {"name": "Post Exposure Prophylaxis"}, "facility": {"code": 15312}}, {"service": {"name": "Curative Services"}, "facility": {"code": 14460}}, {"service": {"name": "Voluntary Male Circumcision"}, "facility": {"code": 15312}}, {"service": {"name": "Short Term FP"}, "facility": {"code": 17791}}, {"service": {"name": "Environmental Health Services"}, "facility": {"code": 15232}}, {"service": {"name": "Basic Immunization"}, "facility": {"code": 14460}}, {"service": {"name": "PMTCT - ANC"}, "facility": {"code": 17791}}, {"service": {"name": "Integrated Management of Childhood Illnesses"}, "facility": {"code": 15232}}, {"service": {"name": "Focused Antenatal Care"}, "facility": {"code": 14460}}, {"service": {"name": "Provider Initiated Counselling and Testing"}, "facility": {"code": 17791}}, {"service": {"name": "PMTCT - Maternity"}, "facility": {"code": 15312}}, {"service": {"name": "Integrated Services"}, "facility": {"code": 14460}}, {"service": {"name": "Management of STIs"}, "facility": {"code": 17791}}, {"service": {"name": "Laboratory Services"}, "facility": {"code": 15232}}, {"service": {"name": "Condom Promotion and Distribution"}, "facility": {"code": 17791}}, {"service": {"name": "Short Term FP"}, "facility": {"code": 14460}}, {"service": {"name": "Maternity Services"}, "facility": {"code": 15232}}, {"service": {"name": "PMTCT - ANC"}, "facility": {"code": 14460}}, {"service": {"name": "Provider Initiated Counselling and Testing"}, "facility": {"code": 14460}}, {"service": {"name": "Voluntary Counselling and Testing"}, "facility": {"code": 14460}}, {"service": {"name": "PMTCT - ANC"}, "facility": {"code": 15312}}, {"service": {"name": "Management of STIs"}, "facility": {"code": 14460}}, {"service": {"name": "Curative Services"}, "facility": {"code": 15232}}, {"service": {"name": "Condom Promotion and Distribution"}, "facility": {"code": 14460}}, {"service": {"name": "Early Infant Diagnosis"}, "facility": {"code": 15312}}, {"service": {"name": "Environmental Health Services"}, "facility": {"code": 14978}}, {"service": {"name": "Nutrition Services"}, "facility": {"code": 14978}}, {"service": {"name": "Smear Microscopy"}, "facility": {"code": 15232}}, {"service": {"name": "Diagnostic Counselling and Testing"}, "facility": {"code": 15312}}, {"service": {"name": "Oral Health Services (Dental Services)"}, "facility": {"code": 15220}}, {"service": {"name": "Curative Services"}, "facility": {"code": 14978}}, {"service": {"name": "Provider Initiated Counselling and Testing"}, "facility": {"code": 15312}}, {"service": {"name": "Services for Sexual Violence Survivors"}, "facility": {"code": 15220}}, {"service": {"name": "Basic Immunization"}, "facility": {"code": 15232}}, {"service": {"name": "Voluntary Counselling and Testing"}, "facility": {"code": 15312}}, {"service": {"name": "Management of STIs"}, "facility": {"code": 15312}}, {"service": {"name": "Focused Antenatal Care"}, "facility": {"code": 15232}}, {"service": {"name": "Mental Health Services"}, "facility": {"code": 15220}}, {"service": {"name": "Condom Promotion and Distribution"}, "facility": {"code": 15312}}, {"service": {"name": "Oral Health Services (Dental Services)"}, "facility": {"code": 13221}}, {"service": {"name": "Short Term FP"}, "facility": {"code": 14978}}, {"service": {"name": "PMTCT - Maternity"}, "facility": {"code": 15232}}, {"service": {"name": "PMTCT - ANC"}, "facility": {"code": 14978}}, {"service": {"name": "PMTCT - ANC"}, "facility": {"code": 15232}}, {"service": {"name": "Management of STIs"}, "facility": {"code": 14978}}, {"service": {"name": "Condom Promotion and Distribution"}, "facility": {"code": 14978}}, {"service": {"name": "Provider Initiated Counselling and Testing"}, "facility": {"code": 15232}}, {"service": {"name": "Management of STIs"}, "facility": {"code": 15232}}, {"service": {"name": "Condom Promotion and Distribution"}, "facility": {"code": 15232}}, {"service": {"name": "Permanent FP"}, "facility": {"code": 12841}}, {"service": {"name": "Long Term FP"}, "facility": {"code": 12841}}, {"service": {"name": "Emergency Obstetric Care"}, "facility": {"code": 15276}}, {"service": {"name": "Short Term FP"}, "facility": {"code": 12841}}, {"service": {"name": "Nutrition Services"}, "facility": {"code": 15276}}, {"service": {"name": "Integrated Management of Childhood Illnesses"}, "facility": {"code": 15276}}, {"service": {"name": "Adult Antiretroviral Therapy"}, "facility": {"code": 12841}}, {"service": {"name": "Paediatric Antiretroviral Therapy"}, "facility": {"code": 12841}}, {"service": {"name": "Surgical Services"}, "facility": {"code": 15276}}, {"service": {"name": "Maternity Services"}, "facility": {"code": 15276}}, {"service": {"name": "Condom Promotion and Distribution"}, "facility": {"code": 12841}}, {"service": {"name": "Curative Services"}, "facility": {"code": 15276}}, {"service": {"name": "Management of STIs"}, "facility": {"code": 12841}}, {"service": {"name": "Voluntary Counselling and Testing"}, "facility": {"code": 12841}}, {"service": {"name": "First Line Treatment"}, "facility": {"code": 15276}}, {"service": {"name": "Provider Initiated Counselling and Testing"}, "facility": {"code": 12841}}, {"service": {"name": "Tuberculosis Culture"}, "facility": {"code": 15276}}, {"service": {"name": "Smear Microscopy"}, "facility": {"code": 15276}}, {"service": {"name": "Diagnostic Counselling and Testing"}, "facility": {"code": 12841}}, {"service": {"name": "Immunization with additional vaccines"}, "facility": {"code": 15276}}, {"service": {"name": "Basic Immunization"}, "facility": {"code": 15276}}, {"service": {"name": "Focused Antenatal Care"}, "facility": {"code": 15276}}, {"service": {"name": "Early Infant Diagnosis"}, "facility": {"code": 12841}}, {"service": {"name": "PMTCT - ANC"}, "facility": {"code": 12841}}, {"service": {"name": "Integrated Services"}, "facility": {"code": 15276}}, {"service": {"name": "PMTCT - Maternity"}, "facility": {"code": 12841}}, {"service": {"name": "Short Term FP"}, "facility": {"code": 15276}}, {"service": {"name": "Voluntary Male Circumcision"}, "facility": {"code": 12841}}, {"service": {"name": "PMTCT - ANC"}, "facility": {"code": 15276}}, {"service": {"name": "Post Exposure Prophylaxis"}, "facility": {"code": 12841}}, {"service": {"name": "PMTCT - Maternity"}, "facility": {"code": 15276}}, {"service": {"name": "Diagnostic Counselling and Testing"}, "facility": {"code": 15276}}, {"service": {"name": "Provider Initiated Counselling and Testing"}, "facility": {"code": 15276}}, {"service": {"name": "Management of STIs"}, "facility": {"code": 15276}}, {"service": {"name": "Condom Promotion and Distribution"}, "facility": {"code": 15276}}, {"service": {"name": "Environmental Health Services"}, "facility": {"code": 15707}}, {"service": {"name": "Nutrition Services"}, "facility": {"code": 15707}}, {"service": {"name": "Integrated Management of Childhood Illnesses"}, "facility": {"code": 15707}}, {"service": {"name": "Laboratory Services"}, "facility": {"code": 15707}}, {"service": {"name": "Maternity Services"}, "facility": {"code": 15707}}, {"service": {"name": "Curative Services"}, "facility": {"code": 15707}}, {"service": {"name": "Mental Health Services"}, "facility": {"code": 17790}}, {"service": {"name": "Services for Sexual Violence Survivors"}, "facility": {"code": 14938}}, {"service": {"name": "Opthalmic Services"}, "facility": {"code": 17790}}, {"service": {"name": "First Line Treatment"}, "facility": {"code": 15707}}, {"service": {"name": "Tuberculosis Culture"}, "facility": {"code": 15707}}, {"service": {"name": "Nutrition Services"}, "facility": {"code": 17790}}, {"service": {"name": "Smear Microscopy"}, "facility": {"code": 15707}}, {"service": {"name": "Port Immunization Services"}, "facility": {"code": 15707}}, {"service": {"name": "Integrated Management of Childhood Illnesses"}, "facility": {"code": 17790}}, {"service": {"name": "Surgical Services"}, "facility": {"code": 17790}}, {"service": {"name": "Basic Immunization"}, "facility": {"code": 15707}}, {"service": {"name": "Focused Antenatal Care"}, "facility": {"code": 15707}}, {"service": {"name": "Curative Services"}, "facility": {"code": 17790}}, {"service": {"name": "Long Term FP"}, "facility": {"code": 15707}}, {"service": {"name": "Short Term FP"}, "facility": {"code": 15707}}, {"service": {"name": "Focused Antenatal Care"}, "facility": {"code": 14938}}, {"service": {"name": "Focused Antenatal Care"}, "facility": {"code": 17790}}, {"service": {"name": "Short Term FP"}, "facility": {"code": 17790}}, {"service": {"name": "Emergency Preparedness"}, "facility": {"code": 15472}}, {"service": {"name": "PMTCT - ANC"}, "facility": {"code": 17790}}, {"service": {"name": "Provider Initiated Counselling and Testing"}, "facility": {"code": 17790}}, {"service": {"name": "ENT Services"}, "facility": {"code": 15472}}, {"service": {"name": "Management of STIs"}, "facility": {"code": 17790}}, {"service": {"name": "PMTCT - Maternity"}, "facility": {"code": 15707}}, {"service": {"name": "PMTCT - ANC"}, "facility": {"code": 15707}}, {"service": {"name": "Condom Promotion and Distribution"}, "facility": {"code": 17790}}, {"service": {"name": "Management of STIs"}, "facility": {"code": 15707}}, {"service": {"name": "Dental Laboratory Services"}, "facility": {"code": 15472}}, {"service": {"name": "Condom Promotion and Distribution"}, "facility": {"code": 15707}}, {"service": {"name": "Oral Health Services (Dental Services)"}, "facility": {"code": 15472}}, {"service": {"name": "Emergency Obstetric Care"}, "facility": {"code": 15472}}, {"service": {"name": "Environmental Health Services"}, "facility": {"code": 15472}}, {"service": {"name": "Nutrition Services"}, "facility": {"code": 15472}}, {"service": {"name": "Integrated Management of Childhood Illnesses"}, "facility": {"code": 15472}}, {"service": {"name": "Laboratory Services"}, "facility": {"code": 15472}}, {"service": {"name": "Emergency Preparedness"}, "facility": {"code": 15041}}, {"service": {"name": "Curative Services"}, "facility": {"code": 15472}}, {"service": {"name": "Emergency Obstetric Care"}, "facility": {"code": 15041}}, {"service": {"name": "Environmental Health Services"}, "facility": {"code": 15041}}, {"service": {"name": "Nutrition Services"}, "facility": {"code": 15041}}, {"service": {"name": "Integrated Management of Childhood Illnesses"}, "facility": {"code": 15041}}, {"service": {"name": "Curative Services"}, "facility": {"code": 15041}}, {"service": {"name": "Focused Antenatal Care"}, "facility": {"code": 15472}}, {"service": {"name": "Basic Immunization"}, "facility": {"code": 15041}}, {"service": {"name": "Focused Antenatal Care"}, "facility": {"code": 15041}}, {"service": {"name": "Integrated Services"}, "facility": {"code": 15041}}, {"service": {"name": "PMTCT - ANC"}, "facility": {"code": 15472}}, {"service": {"name": "Short Term FP"}, "facility": {"code": 15041}}, {"service": {"name": "Emergency Preparedness"}, "facility": {"code": 15188}}, {"service": {"name": "Post Exposure Prophylaxis"}, "facility": {"code": 15041}}, {"service": {"name": "Diagnostic Counselling and Testing"}, "facility": {"code": 15472}}, {"service": {"name": "Emergency Obstetric Care"}, "facility": {"code": 15188}}, {"service": {"name": "Environmental Health Services"}, "facility": {"code": 15188}}, {"service": {"name": "PMTCT - ANC"}, "facility": {"code": 15041}}, {"service": {"name": "Provider Initiated Counselling and Testing"}, "facility": {"code": 15472}}, {"service": {"name": "Oral Health Services (Dental Services)"}, "facility": {"code": 13181}}, {"service": {"name": "Provider Initiated Counselling and Testing"}, "facility": {"code": 15041}}, {"service": {"name": "Management of STIs"}, "facility": {"code": 15472}}, {"service": {"name": "Voluntary Counselling and Testing"}, "facility": {"code": 15041}}, {"service": {"name": "Management of STIs"}, "facility": {"code": 15041}}, {"service": {"name": "Integrated Management of Childhood Illnesses"}, "facility": {"code": 15188}}, {"service": {"name": "Condom Promotion and Distribution"}, "facility": {"code": 15041}}, {"service": {"name": "Curative Services"}, "facility": {"code": 13181}}, {"service": {"name": "Curative Services"}, "facility": {"code": 15188}}, {"service": {"name": "Emergency Obstetric Care"}, "facility": {"code": 15222}}, {"service": {"name": "Emergency Obstetric Care"}, "facility": {"code": 15251}}, {"service": {"name": "Basic Immunization"}, "facility": {"code": 15188}}, {"service": {"name": "Focused Antenatal Care"}, "facility": {"code": 15188}}, {"service": {"name": "Integrated Services"}, "facility": {"code": 15188}}, {"service": {"name": "Nutrition Services"}, "facility": {"code": 15251}}, {"service": {"name": "Long Term FP"}, "facility": {"code": 15188}}, {"service": {"name": "Short Term FP"}, "facility": {"code": 15188}}, {"service": {"name": "Adult Antiretroviral Therapy"}, "facility": {"code": 15188}}, {"service": {"name": "Paediatric Antiretroviral Therapy"}, "facility": {"code": 15188}}, {"service": {"name": "Laboratory Services"}, "facility": {"code": 15251}}, {"service": {"name": "Post Exposure Prophylaxis"}, "facility": {"code": 15188}}, {"service": {"name": "PMTCT - ANC"}, "facility": {"code": 15188}}, {"service": {"name": "Surgical Services"}, "facility": {"code": 15251}}, {"service": {"name": "Surgical Services"}, "facility": {"code": 15222}}, {"service": {"name": "Provider Initiated Counselling and Testing"}, "facility": {"code": 15188}}, {"service": {"name": "Maternity Services"}, "facility": {"code": 15251}}, {"service": {"name": "Management of STIs"}, "facility": {"code": 15188}}, {"service": {"name": "Curative Services"}, "facility": {"code": 15251}}, {"service": {"name": "Ambulance Sevices"}, "facility": {"code": 15222}}, {"service": {"name": "Condom Promotion and Distribution"}, "facility": {"code": 15188}}, {"service": {"name": "Nutrition Services"}, "facility": {"code": 15222}}, {"service": {"name": "First Line Treatment"}, "facility": {"code": 15251}}, {"service": {"name": "Immunization with additional vaccines"}, "facility": {"code": 15251}}, {"service": {"name": "Basic Immunization"}, "facility": {"code": 15251}}, {"service": {"name": "Focused Antenatal Care"}, "facility": {"code": 15251}}, {"service": {"name": "Curative Services"}, "facility": {"code": 15222}}, {"service": {"name": "Integrated Services"}, "facility": {"code": 15251}}, {"service": {"name": "PMTCT - Maternity"}, "facility": {"code": 15251}}, {"service": {"name": "PMTCT - ANC"}, "facility": {"code": 15251}}, {"service": {"name": "Diagnostic Counselling and Testing"}, "facility": {"code": 15251}}, {"service": {"name": "Provider Initiated Counselling and Testing"}, "facility": {"code": 15251}}, {"service": {"name": "Management of STIs"}, "facility": {"code": 15251}}, {"service": {"name": "Condom Promotion and Distribution"}, "facility": {"code": 15251}}, {"service": {"name": "Environmental Health Services"}, "facility": {"code": 15347}}, {"service": {"name": "Nutrition Services"}, "facility": {"code": 15347}}, {"service": {"name": "Integrated Management of Childhood Illnesses"}, "facility": {"code": 15347}}, {"service": {"name": "Laboratory Services"}, "facility": {"code": 15347}}, {"service": {"name": "Maternity Services"}, "facility": {"code": 15347}}, {"service": {"name": "Curative Services"}, "facility": {"code": 15347}}, {"service": {"name": "Oral Health Services (Dental Services)"}, "facility": {"code": 14932}}, {"service": {"name": "Emergency Preparedness"}, "facility": {"code": 15560}}, {"service": {"name": "Emergency Obstetric Care"}, "facility": {"code": 15560}}, {"service": {"name": "First Line Treatment"}, "facility": {"code": 15347}}, {"service": {"name": "Tuberculosis Culture"}, "facility": {"code": 15347}}, {"service": {"name": "Environmental Health Services"}, "facility": {"code": 15560}}, {"service": {"name": "Smear Microscopy"}, "facility": {"code": 15347}}, {"service": {"name": "Nutrition Services"}, "facility": {"code": 15560}}, {"service": {"name": "Integrated Management of Childhood Illnesses"}, "facility": {"code": 15560}}, {"service": {"name": "Services for Sexual Violence Survivors"}, "facility": {"code": 14932}}, {"service": {"name": "Curative Services"}, "facility": {"code": 15560}}, {"service": {"name": "Basic Immunization"}, "facility": {"code": 15560}}, {"service": {"name": "Port Immunization Services"}, "facility": {"code": 15347}}, {"service": {"name": "Basic Immunization"}, "facility": {"code": 15347}}, {"service": {"name": "Focused Antenatal Care"}, "facility": {"code": 15560}}, {"service": {"name": "Mental Health Services"}, "facility": {"code": 14932}}, {"service": {"name": "Integrated Services"}, "facility": {"code": 15560}}, {"service": {"name": "Services for Sexual Violence Survivors"}, "facility": {"code": 15132}}, {"service": {"name": "Short Term FP"}, "facility": {"code": 15560}}, {"service": {"name": "Focused Antenatal Care"}, "facility": {"code": 15347}}, {"service": {"name": "Post Exposure Prophylaxis"}, "facility": {"code": 15560}}, {"service": {"name": "PMTCT - ANC"}, "facility": {"code": 15560}}, {"service": {"name": "Long Term FP"}, "facility": {"code": 15347}}, {"service": {"name": "Provider Initiated Counselling and Testing"}, "facility": {"code": 15560}}, {"service": {"name": "Short Term FP"}, "facility": {"code": 15347}}, {"service": {"name": "Voluntary Counselling and Testing"}, "facility": {"code": 15560}}, {"service": {"name": "Laboratory Services"}, "facility": {"code": 15132}}, {"service": {"name": "Management of STIs"}, "facility": {"code": 15560}}, {"service": {"name": "Condom Promotion and Distribution"}, "facility": {"code": 15560}}, {"service": {"name": "Curative Services"}, "facility": {"code": 15132}}, {"service": {"name": "Basic Immunization"}, "facility": {"code": 15132}}, {"service": {"name": "PMTCT - Maternity"}, "facility": {"code": 15347}}, {"service": {"name": "PMTCT - ANC"}, "facility": {"code": 15347}}, {"service": {"name": "Focused Antenatal Care"}, "facility": {"code": 15132}}, {"service": {"name": "Permanent FP"}, "facility": {"code": 15132}}, {"service": {"name": "Management of STIs"}, "facility": {"code": 15347}}, {"service": {"name": "Long Term FP"}, "facility": {"code": 15132}}, {"service": {"name": "Condom Promotion and Distribution"}, "facility": {"code": 15347}}, {"service": {"name": "Short Term FP"}, "facility": {"code": 15132}}, {"service": {"name": "Emergency Preparedness"}, "facility": {"code": 12684}}, {"service": {"name": "Post Exposure Prophylaxis"}, "facility": {"code": 15132}}, {"service": {"name": "PMTCT - ANC"}, "facility": {"code": 15132}}, {"service": {"name": "ENT Services"}, "facility": {"code": 12684}}, {"service": {"name": "Provider Initiated Counselling and Testing"}, "facility": {"code": 15132}}, {"service": {"name": "Focused Antenatal Care"}, "facility": {"code": 15778}}, {"service": {"name": "Voluntary Counselling and Testing"}, "facility": {"code": 15132}}, {"service": {"name": "Management of STIs"}, "facility": {"code": 15132}}, {"service": {"name": "Dental Laboratory Services"}, "facility": {"code": 12684}}, {"service": {"name": "Condom Promotion and Distribution"}, "facility": {"code": 15132}}, {"service": {"name": "PMTCT - Maternity"}, "facility": {"code": 15778}}, {"service": {"name": "Oral Health Services (Dental Services)"}, "facility": {"code": 12684}}, {"service": {"name": "Emergency Obstetric Care"}, "facility": {"code": 12684}}, {"service": {"name": "Services for Sexual Violence Survivors"}, "facility": {"code": 12684}}, {"service": {"name": "Rehabilitative Health Services - Physiotherapy"}, "facility": {"code": 12684}}, {"service": {"name": "Environmental Health Services"}, "facility": {"code": 12684}}, {"service": {"name": "Immunization with additional vaccines"}, "facility": {"code": 15222}}, {"service": {"name": "Basic Immunization"}, "facility": {"code": 15222}}, {"service": {"name": "Focused Antenatal Care"}, "facility": {"code": 15222}}, {"service": {"name": "Mental Health Services"}, "facility": {"code": 12684}}, {"service": {"name": "Integrated Services"}, "facility": {"code": 15222}}, {"service": {"name": "Short Term FP"}, "facility": {"code": 15222}}, {"service": {"name": "Emergency Preparedness"}, "facility": {"code": 13146}}, {"service": {"name": "Opthalmic Services"}, "facility": {"code": 12684}}, {"service": {"name": "PMTCT - ANC"}, "facility": {"code": 15222}}, {"service": {"name": "Nutrition Services"}, "facility": {"code": 12684}}, {"service": {"name": "Emergency Preparedness"}, "facility": {"code": 15666}}, {"service": {"name": "Emergency Obstetric Care"}, "facility": {"code": 15666}}, {"service": {"name": "Provider Initiated Counselling and Testing"}, "facility": {"code": 15222}}, {"service": {"name": "Integrated Management of Childhood Illnesses"}, "facility": {"code": 15666}}, {"service": {"name": "Management of STIs"}, "facility": {"code": 15222}}, {"service": {"name": "Ambulance Sevices"}, "facility": {"code": 12684}}, {"service": {"name": "Condom Promotion and Distribution"}, "facility": {"code": 15222}}, {"service": {"name": "Laboratory Services"}, "facility": {"code": 12684}}, {"service": {"name": "Environmental Health Services"}, "facility": {"code": 15666}}, {"service": {"name": "Radiology Services"}, "facility": {"code": 12684}}, {"service": {"name": "Maternity Services"}, "facility": {"code": 15666}}, {"service": {"name": "Laboratory Services"}, "facility": {"code": 15666}}, {"service": {"name": "Curative Services"}, "facility": {"code": 15666}}, {"service": {"name": "Emergency Obstetric Care"}, "facility": {"code": 14897}}, {"service": {"name": "Environmental Health Services"}, "facility": {"code": 14897}}, {"service": {"name": "Surgical Services"}, "facility": {"code": 12684}}, {"service": {"name": "Services for Sexual Violence Survivors"}, "facility": {"code": 14897}}, {"service": {"name": "Maternity Services"}, "facility": {"code": 12684}}, {"service": {"name": "Smear Microscopy"}, "facility": {"code": 15776}}, {"service": {"name": "Basic Immunization"}, "facility": {"code": 15666}}, {"service": {"name": "Nutrition Services"}, "facility": {"code": 14897}}, {"service": {"name": "Integrated Management of Childhood Illnesses"}, "facility": {"code": 14897}}, {"service": {"name": "Early Infant Diagnosis"}, "facility": {"code": 15776}}, {"service": {"name": "Laboratory Services"}, "facility": {"code": 14897}}, {"service": {"name": "Surgical Services"}, "facility": {"code": 14897}}, {"service": {"name": "Management of STIs"}, "facility": {"code": 15666}}, {"service": {"name": "Maternity Services"}, "facility": {"code": 14897}}, {"service": {"name": "Curative Services"}, "facility": {"code": 14897}}, {"service": {"name": "First Line Treatment"}, "facility": {"code": 14897}}, {"service": {"name": "Smear Microscopy"}, "facility": {"code": 14897}}, {"service": {"name": "Curative Services"}, "facility": {"code": 12684}}, {"service": {"name": "Laboratory Services"}, "facility": {"code": 13131}}, {"service": {"name": "Basic Immunization"}, "facility": {"code": 14897}}, {"service": {"name": "Emergency Preparedness"}, "facility": {"code": 15403}}, {"service": {"name": "Emergency Obstetric Care"}, "facility": {"code": 15403}}, {"service": {"name": "Environmental Health Services"}, "facility": {"code": 15403}}, {"service": {"name": "Long Term FP"}, "facility": {"code": 14897}}, {"service": {"name": "Nutrition Services"}, "facility": {"code": 15403}}, {"service": {"name": "Integrated Management of Childhood Illnesses"}, "facility": {"code": 15403}}, {"service": {"name": "Facility Based Blood Transfusion Service"}, "facility": {"code": 12684}}, {"service": {"name": "Curative Services"}, "facility": {"code": 15403}}, {"service": {"name": "Focused Antenatal Care"}, "facility": {"code": 14897}}, {"service": {"name": "Integrated Management of Childhood Illnesses"}, "facility": {"code": 15010}}, {"service": {"name": "Basic Immunization"}, "facility": {"code": 15403}}, {"service": {"name": "Focused Antenatal Care"}, "facility": {"code": 15403}}, {"service": {"name": "Curative Services"}, "facility": {"code": 15010}}, {"service": {"name": "Integrated Services"}, "facility": {"code": 15403}}, {"service": {"name": "Short Term FP"}, "facility": {"code": 14897}}, {"service": {"name": "Short Term FP"}, "facility": {"code": 15403}}, {"service": {"name": "Basic Immunization"}, "facility": {"code": 15010}}, {"service": {"name": "Post Exposure Prophylaxis"}, "facility": {"code": 15403}}, {"service": {"name": "First Line Treatment"}, "facility": {"code": 12684}}, {"service": {"name": "Focused Antenatal Care"}, "facility": {"code": 15010}}, {"service": {"name": "Adult Antiretroviral Therapy"}, "facility": {"code": 14897}}, {"service": {"name": "PMTCT - ANC"}, "facility": {"code": 15403}}, {"service": {"name": "Paediatric Antiretroviral Therapy"}, "facility": {"code": 14897}}, {"service": {"name": "Provider Initiated Counselling and Testing"}, "facility": {"code": 15403}}, {"service": {"name": "Tuberculosis Culture"}, "facility": {"code": 12684}}, {"service": {"name": "Long Term FP"}, "facility": {"code": 15010}}, {"service": {"name": "Voluntary Counselling and Testing"}, "facility": {"code": 15403}}, {"service": {"name": "Post Exposure Prophylaxis"}, "facility": {"code": 14897}}, {"service": {"name": "Short Term FP"}, "facility": {"code": 15010}}, {"service": {"name": "Management of STIs"}, "facility": {"code": 15403}}, {"service": {"name": "Condom Promotion and Distribution"}, "facility": {"code": 15403}}, {"service": {"name": "Smear Microscopy"}, "facility": {"code": 12684}}, {"service": {"name": "PMTCT - Maternity"}, "facility": {"code": 14897}}, {"service": {"name": "PMTCT - ANC"}, "facility": {"code": 15010}}, {"service": {"name": "Immunization with additional vaccines"}, "facility": {"code": 12684}}, {"service": {"name": "PMTCT - ANC"}, "facility": {"code": 14897}}, {"service": {"name": "Early Infant Diagnosis"}, "facility": {"code": 14897}}, {"service": {"name": "Basic Immunization"}, "facility": {"code": 12684}}, {"service": {"name": "Management of STIs"}, "facility": {"code": 15010}}, {"service": {"name": "Diagnostic Counselling and Testing"}, "facility": {"code": 14897}}, {"service": {"name": "Condom Promotion and Distribution"}, "facility": {"code": 15010}}, {"service": {"name": "Provider Initiated Counselling and Testing"}, "facility": {"code": 14897}}, {"service": {"name": "Focused Antenatal Care"}, "facility": {"code": 12684}}, {"service": {"name": "Voluntary Counselling and Testing"}, "facility": {"code": 14897}}, {"service": {"name": "Management of STIs"}, "facility": {"code": 14897}}, {"service": {"name": "Condom Promotion and Distribution"}, "facility": {"code": 14897}}, {"service": {"name": "Permanent FP"}, "facility": {"code": 12684}}, {"service": {"name": "Long Term FP"}, "facility": {"code": 12684}}, {"service": {"name": "Short Term FP"}, "facility": {"code": 12684}}, {"service": {"name": "Adult Antiretroviral Therapy"}, "facility": {"code": 12684}}, {"service": {"name": "Paediatric Antiretroviral Therapy"}, "facility": {"code": 12684}}, {"service": {"name": "Post Exposure Prophylaxis"}, "facility": {"code": 12684}}, {"service": {"name": "Voluntary Male Circumcision"}, "facility": {"code": 12684}}, {"service": {"name": "PMTCT - Maternity"}, "facility": {"code": 12684}}, {"service": {"name": "PMTCT - ANC"}, "facility": {"code": 12684}}, {"service": {"name": "Early Infant Diagnosis"}, "facility": {"code": 12684}}, {"service": {"name": "Diagnostic Counselling and Testing"}, "facility": {"code": 12684}}, {"service": {"name": "Provider Initiated Counselling and Testing"}, "facility": {"code": 12684}}, {"service": {"name": "Voluntary Counselling and Testing"}, "facility": {"code": 12684}}, {"service": {"name": "Management of STIs"}, "facility": {"code": 12684}}, {"service": {"name": "Condom Promotion and Distribution"}, "facility": {"code": 12684}}, {"service": {"name": "Diagnostic Counselling and Testing"}, "facility": {"code": 14827}}, {"service": {"name": "Emergency Obstetric Care"}, "facility": {"code": 15168}}, {"service": {"name": "Emergency Preparedness"}, "facility": {"code": 15009}}, {"service": {"name": "ENT Services"}, "facility": {"code": 15009}}, {"service": {"name": "Emergency Obstetric Care"}, "facility": {"code": 15009}}, {"service": {"name": "Nutrition Services"}, "facility": {"code": 15168}}, {"service": {"name": "Environmental Health Services"}, "facility": {"code": 15009}}, {"service": {"name": "Curative Services"}, "facility": {"code": 15168}}, {"service": {"name": "Immunization with additional vaccines"}, "facility": {"code": 15168}}, {"service": {"name": "Basic Immunization"}, "facility": {"code": 15168}}, {"service": {"name": "Focused Antenatal Care"}, "facility": {"code": 15168}}, {"service": {"name": "Nutrition Services"}, "facility": {"code": 15009}}, {"service": {"name": "Integrated Management of Childhood Illnesses"}, "facility": {"code": 15009}}, {"service": {"name": "Integrated Services"}, "facility": {"code": 15168}}, {"service": {"name": "Laboratory Services"}, "facility": {"code": 15009}}, {"service": {"name": "Short Term FP"}, "facility": {"code": 15168}}, {"service": {"name": "Curative Services"}, "facility": {"code": 15009}}, {"service": {"name": "First Line Treatment"}, "facility": {"code": 15009}}, {"service": {"name": "Tuberculosis Culture"}, "facility": {"code": 15009}}, {"service": {"name": "Smear Microscopy"}, "facility": {"code": 15009}}, {"service": {"name": "PMTCT - ANC"}, "facility": {"code": 15168}}, {"service": {"name": "Emergency Preparedness"}, "facility": {"code": 15214}}, {"service": {"name": "Emergency Obstetric Care"}, "facility": {"code": 15214}}, {"service": {"name": "Environmental Health Services"}, "facility": {"code": 15214}}, {"service": {"name": "Basic Immunization"}, "facility": {"code": 15009}}, {"service": {"name": "Emergency Preparedness"}, "facility": {"code": 15418}}, {"service": {"name": "Nutrition Services"}, "facility": {"code": 15214}}, {"service": {"name": "Focused Antenatal Care"}, "facility": {"code": 15009}}, {"service": {"name": "Provider Initiated Counselling and Testing"}, "facility": {"code": 15168}}, {"service": {"name": "Integrated Management of Childhood Illnesses"}, "facility": {"code": 15214}}, {"service": {"name": "Emergency Obstetric Care"}, "facility": {"code": 15418}}, {"service": {"name": "Surgical Services"}, "facility": {"code": 15214}}, {"service": {"name": "Integrated Services"}, "facility": {"code": 15009}}], "unique_fields": ["facility", "service"], "model": "facilities.FacilityService"}]