[{"records": [{"service": {"name": "Condom Promotion and Distribution"}, "facility": {"code": 14319}}, {"service": {"name": "Diagnostic Counselling and Testing"}, "facility": {"code": 14582}}, {"service": {"name": "Diagnostic Counselling and Testing"}, "facility": {"code": 12192}}, {"service": {"name": "Provider Initiated Counselling and Testing"}, "facility": {"code": 14582}}, {"service": {"name": "Focused Antenatal Care"}, "facility": {"code": 16463}}, {"service": {"name": "Voluntary Counselling and Testing"}, "facility": {"code": 14582}}, {"service": {"name": "Provider Initiated Counselling and Testing"}, "facility": {"code": 12192}}, {"service": {"name": "Nutrition Services"}, "facility": {"code": 12409}}, {"service": {"name": "Long Term FP"}, "facility": {"code": 16463}}, {"service": {"name": "Management of STIs"}, "facility": {"code": 14582}}, {"service": {"name": "Condom Promotion and Distribution"}, "facility": {"code": 14582}}, {"service": {"name": "Integrated Services"}, "facility": {"code": 16463}}, {"service": {"name": "Laboratory Services"}, "facility": {"code": 12409}}, {"service": {"name": "Condom Promotion and Distribution"}, "facility": {"code": 12192}}, {"service": {"name": "First Line Treatment"}, "facility": {"code": 14404}}, {"service": {"name": "Short Term FP"}, "facility": {"code": 16463}}, {"service": {"name": "Curative Services"}, "facility": {"code": 12409}}, {"service": {"name": "Laboratory Services"}, "facility": {"code": 14395}}, {"service": {"name": "Curative Services"}, "facility": {"code": 14395}}, {"service": {"name": "First Line Treatment"}, "facility": {"code": 12409}}, {"service": {"name": "Tuberculosis Culture"}, "facility": {"code": 12409}}, {"service": {"name": "Emergency Preparedness"}, "facility": {"code": 12025}}, {"service": {"name": "First Line Treatment"}, "facility": {"code": 15294}}, {"service": {"name": "Short Term FP"}, "facility": {"code": 14395}}, {"service": {"name": "Basic Immunization"}, "facility": {"code": 12409}}, {"service": {"name": "Diagnostic Counselling and Testing"}, "facility": {"code": 14395}}, {"service": {"name": "ENT Services"}, "facility": {"code": 12025}}, {"service": {"name": "Integrated Services"}, "facility": {"code": 12409}}, {"service": {"name": "Management of STIs"}, "facility": {"code": 14395}}, {"service": {"name": "Oral Health Services (Dental Services)"}, "facility": {"code": 12025}}, {"service": {"name": "Long Term FP"}, "facility": {"code": 12409}}, {"service": {"name": "Condom Promotion and Distribution"}, "facility": {"code": 14395}}, {"service": {"name": "Short Term FP"}, "facility": {"code": 12409}}, {"service": {"name": "Smear Microscopy"}, "facility": {"code": 15294}}, {"service": {"name": "Emergency Obstetric Care"}, "facility": {"code": 12025}}, {"service": {"name": "PMTCT - ANC"}, "facility": {"code": 12409}}, {"service": {"name": "Provider Initiated Counselling and Testing"}, "facility": {"code": 12409}}, {"service": {"name": "Environmental Health Services"}, "facility": {"code": 12025}}, {"service": {"name": "Management of STIs"}, "facility": {"code": 12409}}, {"service": {"name": "Rehabilitative Health Services - Physiotherapy"}, "facility": {"code": 12025}}, {"service": {"name": "Services for Sexual Violence Survivors"}, "facility": {"code": 12025}}, {"service": {"name": "Emergency Obstetric Care"}, "facility": {"code": 15026}}, {"service": {"name": "Environmental Health Services"}, "facility": {"code": 15026}}, {"service": {"name": "Curative Services"}, "facility": {"code": 14415}}, {"service": {"name": "Opthalmic Services"}, "facility": {"code": 12025}}, {"service": {"name": "Smear Microscopy"}, "facility": {"code": 14404}}, {"service": {"name": "Nutrition Services"}, "facility": {"code": 15026}}, {"service": {"name": "Nutrition Services"}, "facility": {"code": 12025}}, {"service": {"name": "Integrated Management of Childhood Illnesses"}, "facility": {"code": 12025}}, {"service": {"name": "Laboratory Services"}, "facility": {"code": 15026}}, {"service": {"name": "Surgical Services"}, "facility": {"code": 15026}}, {"service": {"name": "Immunization with additional vaccines"}, "facility": {"code": 14404}}, {"service": {"name": "Permanent FP"}, "facility": {"code": 15294}}, {"service": {"name": "Maternity Services"}, "facility": {"code": 15026}}, {"service": {"name": "Surgical Services"}, "facility": {"code": 12025}}, {"service": {"name": "Curative Services"}, "facility": {"code": 15026}}, {"service": {"name": "Long Term FP"}, "facility": {"code": 15294}}, {"service": {"name": "Maternity Services"}, "facility": {"code": 12025}}, {"service": {"name": "Curative Services"}, "facility": {"code": 12025}}, {"service": {"name": "First Line Treatment"}, "facility": {"code": 15026}}, {"service": {"name": "Basic Immunization"}, "facility": {"code": 14404}}, {"service": {"name": "Smear Microscopy"}, "facility": {"code": 15026}}, {"service": {"name": "Short Term FP"}, "facility": {"code": 15294}}, {"service": {"name": "PMTCT - Maternity"}, "facility": {"code": 16463}}, {"service": {"name": "Basic Immunization"}, "facility": {"code": 15026}}, {"service": {"name": "Rehabilitative Health Services - Orthopaedic Technology"}, "facility": {"code": 12025}}, {"service": {"name": "Focused Antenatal Care"}, "facility": {"code": 15026}}, {"service": {"name": "Rehabilitative Health Services - Occupational Health"}, "facility": {"code": 12025}}, {"service": {"name": "Short Term FP"}, "facility": {"code": 15026}}, {"service": {"name": "PMTCT - ANC"}, "facility": {"code": 16463}}, {"service": {"name": "Diagnostic Counselling and Testing"}, "facility": {"code": 16463}}, {"service": {"name": "Adult Antiretroviral Therapy"}, "facility": {"code": 15026}}, {"service": {"name": "Provider Initiated Counselling and Testing"}, "facility": {"code": 16463}}, {"service": {"name": "Paediatric Antiretroviral Therapy"}, "facility": {"code": 15026}}, {"service": {"name": "Basic Immunization"}, "facility": {"code": 14415}}, {"service": {"name": "Voluntary Counselling and Testing"}, "facility": {"code": 16463}}, {"service": {"name": "Nutrition Services"}, "facility": {"code": 14968}}, {"service": {"name": "Management of STIs"}, "facility": {"code": 16463}}, {"service": {"name": "Condom Promotion and Distribution"}, "facility": {"code": 16463}}, {"service": {"name": "Integrated Management of Childhood Illnesses"}, "facility": {"code": 14968}}, {"service": {"name": "Paediatric Antiretroviral Therapy"}, "facility": {"code": 14415}}, {"service": {"name": "Immunization with additional vaccines"}, "facility": {"code": 12025}}, {"service": {"name": "PMTCT - ANC"}, "facility": {"code": 15026}}, {"service": {"name": "Basic Immunization"}, "facility": {"code": 12025}}, {"service": {"name": "Emergency Preparedness"}, "facility": {"code": 15389}}, {"service": {"name": "Early Infant Diagnosis"}, "facility": {"code": 15026}}, {"service": {"name": "Immunization with additional vaccines"}, "facility": {"code": 14968}}, {"service": {"name": "Specialized ANC"}, "facility": {"code": 12025}}, {"service": {"name": "Emergency Obstetric Care"}, "facility": {"code": 15389}}, {"service": {"name": "Focused Antenatal Care"}, "facility": {"code": 12025}}, {"service": {"name": "Environmental Health Services"}, "facility": {"code": 15389}}, {"service": {"name": "Short Term FP"}, "facility": {"code": 12025}}, {"service": {"name": "Diagnostic Counselling and Testing"}, "facility": {"code": 15026}}, {"service": {"name": "Opthalmic Services"}, "facility": {"code": 15389}}, {"service": {"name": "Home Based Care"}, "facility": {"code": 12025}}, {"service": {"name": "Provider Initiated Counselling and Testing"}, "facility": {"code": 15026}}, {"service": {"name": "Nutrition Services"}, "facility": {"code": 15389}}, {"service": {"name": "Paediatric Antiretroviral Therapy"}, "facility": {"code": 12025}}, {"service": {"name": "Integrated Management of Childhood Illnesses"}, "facility": {"code": 15389}}, {"service": {"name": "Voluntary Counselling and Testing"}, "facility": {"code": 15026}}, {"service": {"name": "Adult Antiretroviral Therapy"}, "facility": {"code": 12025}}, {"service": {"name": "Provider Initiated Counselling and Testing"}, "facility": {"code": 14968}}, {"service": {"name": "Management of STIs"}, "facility": {"code": 15026}}, {"service": {"name": "Management of STIs"}, "facility": {"code": 14968}}, {"service": {"name": "Post Exposure Prophylaxis"}, "facility": {"code": 12025}}, {"service": {"name": "Condom Promotion and Distribution"}, "facility": {"code": 15026}}, {"service": {"name": "Maternity Services"}, "facility": {"code": 15389}}, {"service": {"name": "Voluntary Male Circumcision"}, "facility": {"code": 12025}}, {"service": {"name": "Surgical Services"}, "facility": {"code": 15389}}, {"service": {"name": "PMTCT - Maternity"}, "facility": {"code": 12025}}, {"service": {"name": "PMTCT - ANC"}, "facility": {"code": 12025}}, {"service": {"name": "Curative Services"}, "facility": {"code": 15389}}, {"service": {"name": "Diagnostic Counselling and Testing"}, "facility": {"code": 12025}}, {"service": {"name": "Focused Antenatal Care"}, "facility": {"code": 14404}}, {"service": {"name": "Home Based Care"}, "facility": {"code": 15294}}, {"service": {"name": "Basic Immunization"}, "facility": {"code": 12125}}, {"service": {"name": "Provider Initiated Counselling and Testing"}, "facility": {"code": 12025}}, {"service": {"name": "Management of STIs"}, "facility": {"code": 12025}}, {"service": {"name": "Basic Immunization"}, "facility": {"code": 15389}}, {"service": {"name": "Focused Antenatal Care"}, "facility": {"code": 15389}}, {"service": {"name": "Condom Promotion and Distribution"}, "facility": {"code": 12025}}, {"service": {"name": "Long Term FP"}, "facility": {"code": 15389}}, {"service": {"name": "Short Term FP"}, "facility": {"code": 15389}}, {"service": {"name": "Adult Antiretroviral Therapy"}, "facility": {"code": 15389}}, {"service": {"name": "Adult Antiretroviral Therapy"}, "facility": {"code": 15294}}, {"service": {"name": "Paediatric Antiretroviral Therapy"}, "facility": {"code": 15389}}, {"service": {"name": "PMTCT - ANC"}, "facility": {"code": 15389}}, {"service": {"name": "Early Infant Diagnosis"}, "facility": {"code": 15389}}, {"service": {"name": "Diagnostic Counselling and Testing"}, "facility": {"code": 15389}}, {"service": {"name": "Integrated Services"}, "facility": {"code": 14404}}, {"service": {"name": "Laboratory Services"}, "facility": {"code": 12125}}, {"service": {"name": "Provider Initiated Counselling and Testing"}, "facility": {"code": 15389}}, {"service": {"name": "Voluntary Male Circumcision"}, "facility": {"code": 16321}}, {"service": {"name": "Management of STIs"}, "facility": {"code": 15389}}, {"service": {"name": "Condom Promotion and Distribution"}, "facility": {"code": 15389}}, {"service": {"name": "Curative Services"}, "facility": {"code": 12125}}, {"service": {"name": "Smear Microscopy"}, "facility": {"code": 12125}}, {"service": {"name": "Surgical Services"}, "facility": {"code": 16321}}, {"service": {"name": "Curative Services"}, "facility": {"code": 16321}}, {"service": {"name": "Emergency Preparedness"}, "facility": {"code": 14289}}, {"service": {"name": "Short Term FP"}, "facility": {"code": 16321}}, {"service": {"name": "Voluntary Male Circumcision"}, "facility": {"code": 15294}}, {"service": {"name": "Short Term FP"}, "facility": {"code": 12125}}, {"service": {"name": "Management of STIs"}, "facility": {"code": 16321}}, {"service": {"name": "Condom Promotion and Distribution"}, "facility": {"code": 16321}}, {"service": {"name": "PMTCT - ANC"}, "facility": {"code": 12125}}, {"service": {"name": "Services for Female Genital Mutilation (FGM) Survivors"}, "facility": {"code": 14261}}, {"service": {"name": "Diagnostic Counselling and Testing"}, "facility": {"code": 12125}}, {"service": {"name": "PMTCT - ANC"}, "facility": {"code": 15294}}, {"service": {"name": "Provider Initiated Counselling and Testing"}, "facility": {"code": 12125}}, {"service": {"name": "Oral Health Services (Dental Services)"}, "facility": {"code": 16318}}, {"service": {"name": "Condom Promotion and Distribution"}, "facility": {"code": 12125}}, {"service": {"name": "Long Term FP"}, "facility": {"code": 14404}}, {"service": {"name": "Mental Health Services"}, "facility": {"code": 16318}}, {"service": {"name": "Services for Sexual Violence Survivors"}, "facility": {"code": 16318}}, {"service": {"name": "Emergency Obstetric Care"}, "facility": {"code": 15004}}, {"service": {"name": "Emergency Obstetric Care"}, "facility": {"code": 14413}}, {"service": {"name": "Basic Immunization"}, "facility": {"code": 14413}}, {"service": {"name": "Focused Antenatal Care"}, "facility": {"code": 14413}}, {"service": {"name": "Ambulance Sevices"}, "facility": {"code": 15004}}, {"service": {"name": "Long Term FP"}, "facility": {"code": 14413}}, {"service": {"name": "Short Term FP"}, "facility": {"code": 14413}}, {"service": {"name": "PMTCT - ANC"}, "facility": {"code": 14413}}, {"service": {"name": "First Line Treatment"}, "facility": {"code": 14261}}, {"service": {"name": "Provider Initiated Counselling and Testing"}, "facility": {"code": 14413}}, {"service": {"name": "Condom Promotion and Distribution"}, "facility": {"code": 14413}}, {"service": {"name": "Maternity Services"}, "facility": {"code": 15004}}, {"service": {"name": "Tuberculosis Culture"}, "facility": {"code": 14261}}, {"service": {"name": "Smear Microscopy"}, "facility": {"code": 14261}}, {"service": {"name": "Adult Antiretroviral Therapy"}, "facility": {"code": 14261}}, {"service": {"name": "ENT Services"}, "facility": {"code": 12461}}, {"service": {"name": "Laboratory Services"}, "facility": {"code": 15004}}, {"service": {"name": "Dental Laboratory Services"}, "facility": {"code": 12461}}, {"service": {"name": "Oral Health Services (Dental Services)"}, "facility": {"code": 12461}}, {"service": {"name": "Surgical Services"}, "facility": {"code": 15004}}, {"service": {"name": "Emergency Obstetric Care"}, "facility": {"code": 17785}}, {"service": {"name": "Home Based Care"}, "facility": {"code": 14261}}, {"service": {"name": "Voluntary Male Circumcision"}, "facility": {"code": 14261}}, {"service": {"name": "Paediatric Antiretroviral Therapy"}, "facility": {"code": 14261}}, {"service": {"name": "Emergency Preparedness"}, "facility": {"code": 14192}}, {"service": {"name": "Environmental Health Services"}, "facility": {"code": 14192}}, {"service": {"name": "Emergency Obstetric Care"}, "facility": {"code": 12461}}, {"service": {"name": "Condom Promotion and Distribution"}, "facility": {"code": 17277}}, {"service": {"name": "Environmental Health Services"}, "facility": {"code": 17785}}, {"service": {"name": "Services for Sexual Violence Survivors"}, "facility": {"code": 17785}}, {"service": {"name": "Emergency Obstetric Care"}, "facility": {"code": 14192}}, {"service": {"name": "Mental Health Services"}, "facility": {"code": 14192}}, {"service": {"name": "Nutrition Services"}, "facility": {"code": 17785}}, {"service": {"name": "Environmental Health Services"}, "facility": {"code": 12461}}, {"service": {"name": "Nutrition Services"}, "facility": {"code": 14192}}, {"service": {"name": "Rehabilitative Health Services - Physiotherapy"}, "facility": {"code": 12461}}, {"service": {"name": "Integrated Management of Childhood Illnesses"}, "facility": {"code": 14192}}, {"service": {"name": "Services for Sexual Violence Survivors"}, "facility": {"code": 12461}}, {"service": {"name": "Surgical Services"}, "facility": {"code": 17785}}, {"service": {"name": "Laboratory Services"}, "facility": {"code": 14192}}, {"service": {"name": "Curative Services"}, "facility": {"code": 15004}}, {"service": {"name": "Maternity Services"}, "facility": {"code": 17785}}, {"service": {"name": "Maternity Services"}, "facility": {"code": 14192}}, {"service": {"name": "Opthalmic Services"}, "facility": {"code": 12461}}, {"service": {"name": "Nutrition Services"}, "facility": {"code": 12461}}, {"service": {"name": "Integrated Management of Childhood Illnesses"}, "facility": {"code": 12461}}, {"service": {"name": "Emergency Obstetric Care"}, "facility": {"code": 14870}}, {"service": {"name": "Curative Services"}, "facility": {"code": 17785}}, {"service": {"name": "Curative Services"}, "facility": {"code": 14192}}, {"service": {"name": "Surgical Services"}, "facility": {"code": 12461}}, {"service": {"name": "Environmental Health Services"}, "facility": {"code": 14870}}, {"service": {"name": "Maternity Services"}, "facility": {"code": 12461}}, {"service": {"name": "Curative Services"}, "facility": {"code": 12461}}, {"service": {"name": "Immunization with additional vaccines"}, "facility": {"code": 15004}}, {"service": {"name": "Focused Antenatal Care"}, "facility": {"code": 17785}}, {"service": {"name": "First Line Treatment"}, "facility": {"code": 14192}}, {"service": {"name": "Smear Microscopy"}, "facility": {"code": 14192}}, {"service": {"name": "Basic Immunization"}, "facility": {"code": 14192}}, {"service": {"name": "Short Term FP"}, "facility": {"code": 17785}}, {"service": {"name": "Services for Female Genital Mutilation (FGM) Survivors"}, "facility": {"code": 12461}}, {"service": {"name": "Surgical Services"}, "facility": {"code": 14870}}, {"service": {"name": "Long Term FP"}, "facility": {"code": 14192}}, {"service": {"name": "Emergency Preparedness"}, "facility": {"code": 15387}}, {"service": {"name": "Short Term FP"}, "facility": {"code": 14192}}, {"service": {"name": "Rehabilitative Health Services - Orthopaedic Technology"}, "facility": {"code": 12461}}, {"service": {"name": "Maternity Services"}, "facility": {"code": 14870}}, {"service": {"name": "Rehabilitative Health Services - Occupational Health"}, "facility": {"code": 12461}}, {"service": {"name": "Adult Antiretroviral Therapy"}, "facility": {"code": 14192}}, {"service": {"name": "PMTCT - ANC"}, "facility": {"code": 17785}}, {"service": {"name": "Basic Immunization"}, "facility": {"code": 15004}}, {"service": {"name": "Emergency Obstetric Care"}, "facility": {"code": 15387}}, {"service": {"name": "Curative Services"}, "facility": {"code": 14870}}, {"service": {"name": "Diagnostic Counselling and Testing"}, "facility": {"code": 17785}}, {"service": {"name": "Post Exposure Prophylaxis"}, "facility": {"code": 14192}}, {"service": {"name": "Environmental Health Services"}, "facility": {"code": 15387}}, {"service": {"name": "PMTCT - Maternity"}, "facility": {"code": 14192}}, {"service": {"name": "Immunization with additional vaccines"}, "facility": {"code": 12461}}, {"service": {"name": "Early Infant Diagnosis"}, "facility": {"code": 14192}}, {"service": {"name": "Provider Initiated Counselling and Testing"}, "facility": {"code": 17785}}, {"service": {"name": "Basic Immunization"}, "facility": {"code": 12461}}, {"service": {"name": "Opthalmic Services"}, "facility": {"code": 15387}}, {"service": {"name": "PMTCT - ANC"}, "facility": {"code": 14192}}, {"service": {"name": "Laboratory Services"}, "facility": {"code": 15387}}, {"service": {"name": "Specialized ANC"}, "facility": {"code": 12461}}, {"service": {"name": "Focused Antenatal Care"}, "facility": {"code": 12461}}, {"service": {"name": "Focused Antenatal Care"}, "facility": {"code": 15004}}, {"service": {"name": "Short Term FP"}, "facility": {"code": 12461}}, {"service": {"name": "Management of STIs"}, "facility": {"code": 17785}}, {"service": {"name": "Management of STIs"}, "facility": {"code": 14192}}, {"service": {"name": "Basic Immunization"}, "facility": {"code": 14870}}, {"service": {"name": "Curative Services"}, "facility": {"code": 15387}}, {"service": {"name": "Condom Promotion and Distribution"}, "facility": {"code": 17785}}, {"service": {"name": "Focused Antenatal Care"}, "facility": {"code": 14870}}, {"service": {"name": "First Line Treatment"}, "facility": {"code": 15387}}, {"service": {"name": "Diagnostic Counselling and Testing"}, "facility": {"code": 14192}}, {"service": {"name": "Smear Microscopy"}, "facility": {"code": 15387}}, {"service": {"name": "Provider Initiated Counselling and Testing"}, "facility": {"code": 14192}}, {"service": {"name": "Home Based Care"}, "facility": {"code": 12461}}, {"service": {"name": "Voluntary Counselling and Testing"}, "facility": {"code": 14192}}, {"service": {"name": "Basic Immunization"}, "facility": {"code": 14411}}, {"service": {"name": "Adult Antiretroviral Therapy"}, "facility": {"code": 12461}}, {"service": {"name": "Paediatric Antiretroviral Therapy"}, "facility": {"code": 12461}}, {"service": {"name": "Basic Immunization"}, "facility": {"code": 15387}}, {"service": {"name": "Condom Promotion and Distribution"}, "facility": {"code": 14192}}, {"service": {"name": "Short Term FP"}, "facility": {"code": 14870}}, {"service": {"name": "Focused Antenatal Care"}, "facility": {"code": 14411}}, {"service": {"name": "Post Exposure Prophylaxis"}, "facility": {"code": 12461}}, {"service": {"name": "Short Term FP"}, "facility": {"code": 12352}}, {"service": {"name": "Focused Antenatal Care"}, "facility": {"code": 15387}}, {"service": {"name": "Voluntary Male Circumcision"}, "facility": {"code": 12461}}, {"service": {"name": "Long Term FP"}, "facility": {"code": 14411}}, {"service": {"name": "Short Term FP"}, "facility": {"code": 14411}}, {"service": {"name": "PMTCT - Maternity"}, "facility": {"code": 12461}}, {"service": {"name": "Long Term FP"}, "facility": {"code": 15387}}, {"service": {"name": "PMTCT - ANC"}, "facility": {"code": 12461}}, {"service": {"name": "Short Term FP"}, "facility": {"code": 15387}}, {"service": {"name": "Nutrition Services"}, "facility": {"code": 12352}}, {"service": {"name": "Condom Promotion and Distribution"}, "facility": {"code": 14411}}, {"service": {"name": "PMTCT - ANC"}, "facility": {"code": 14870}}, {"service": {"name": "Diagnostic Counselling and Testing"}, "facility": {"code": 12461}}, {"service": {"name": "Provider Initiated Counselling and Testing"}, "facility": {"code": 12461}}, {"service": {"name": "PMTCT - ANC"}, "facility": {"code": 14411}}, {"service": {"name": "Early Infant Diagnosis"}, "facility": {"code": 14870}}, {"service": {"name": "Curative Services"}, "facility": {"code": 12352}}, {"service": {"name": "PMTCT - ANC"}, "facility": {"code": 15387}}, {"service": {"name": "Diagnostic Counselling and Testing"}, "facility": {"code": 15387}}, {"service": {"name": "Management of STIs"}, "facility": {"code": 12461}}, {"service": {"name": "Surgical Services"}, "facility": {"code": 12446}}, {"service": {"name": "Provider Initiated Counselling and Testing"}, "facility": {"code": 14870}}, {"service": {"name": "Provider Initiated Counselling and Testing"}, "facility": {"code": 15387}}, {"service": {"name": "Provider Initiated Counselling and Testing"}, "facility": {"code": 12352}}, {"service": {"name": "Condom Promotion and Distribution"}, "facility": {"code": 12461}}, {"service": {"name": "Management of STIs"}, "facility": {"code": 15387}}, {"service": {"name": "Management of STIs"}, "facility": {"code": 14870}}, {"service": {"name": "Condom Promotion and Distribution"}, "facility": {"code": 15387}}, {"service": {"name": "Management of STIs"}, "facility": {"code": 12352}}, {"service": {"name": "Condom Promotion and Distribution"}, "facility": {"code": 14870}}, {"service": {"name": "Condom Promotion and Distribution"}, "facility": {"code": 12352}}, {"service": {"name": "Laboratory Services"}, "facility": {"code": 12296}}, {"service": {"name": "Curative Services"}, "facility": {"code": 12296}}, {"service": {"name": "First Line Treatment"}, "facility": {"code": 12296}}, {"service": {"name": "Smear Microscopy"}, "facility": {"code": 12838}}, {"service": {"name": "Basic Immunization"}, "facility": {"code": 12296}}, {"service": {"name": "PMTCT - Maternity"}, "facility": {"code": 15004}}, {"service": {"name": "Focused Antenatal Care"}, "facility": {"code": 12296}}, {"service": {"name": "Short Term FP"}, "facility": {"code": 12296}}, {"service": {"name": "Basic Immunization"}, "facility": {"code": 14642}}, {"service": {"name": "PMTCT - ANC"}, "facility": {"code": 15004}}, {"service": {"name": "PMTCT - ANC"}, "facility": {"code": 12296}}, {"service": {"name": "Diagnostic Counselling and Testing"}, "facility": {"code": 12296}}, {"service": {"name": "Diagnostic Counselling and Testing"}, "facility": {"code": 15004}}, {"service": {"name": "Provider Initiated Counselling and Testing"}, "facility": {"code": 12296}}, {"service": {"name": "Integrated Management of Childhood Illnesses"}, "facility": {"code": 14178}}, {"service": {"name": "Provider Initiated Counselling and Testing"}, "facility": {"code": 15004}}, {"service": {"name": "Curative Services"}, "facility": {"code": 14236}}, {"service": {"name": "Management of STIs"}, "facility": {"code": 12296}}, {"service": {"name": "Condom Promotion and Distribution"}, "facility": {"code": 12296}}, {"service": {"name": "Emergency Preparedness"}, "facility": {"code": 12354}}, {"service": {"name": "Nutrition Services"}, "facility": {"code": 14552}}, {"service": {"name": "Management of STIs"}, "facility": {"code": 15004}}, {"service": {"name": "Basic Immunization"}, "facility": {"code": 14236}}, {"service": {"name": "Emergency Preparedness"}, "facility": {"code": 15351}}, {"service": {"name": "Focused Antenatal Care"}, "facility": {"code": 14236}}, {"service": {"name": "Emergency Obstetric Care"}, "facility": {"code": 15351}}, {"service": {"name": "Environmental Health Services"}, "facility": {"code": 15351}}, {"service": {"name": "Rehabilitative Health Services - Physiotherapy"}, "facility": {"code": 15351}}, {"service": {"name": "PMTCT - ANC"}, "facility": {"code": 14236}}, {"service": {"name": "Focused Antenatal Care"}, "facility": {"code": 17293}}, {"service": {"name": "Management of STIs"}, "facility": {"code": 14236}}, {"service": {"name": "Services for Sexual Violence Survivors"}, "facility": {"code": 15351}}, {"service": {"name": "Nutrition Services"}, "facility": {"code": 15351}}, {"service": {"name": "Integrated Management of Childhood Illnesses"}, "facility": {"code": 15351}}, {"service": {"name": "Ambulance Sevices"}, "facility": {"code": 15351}}, {"service": {"name": "Basic Immunization"}, "facility": {"code": 17293}}, {"service": {"name": "Laboratory Services"}, "facility": {"code": 15351}}, {"service": {"name": "Curative Services"}, "facility": {"code": 11952}}, {"service": {"name": "Maternity Services"}, "facility": {"code": 15351}}, {"service": {"name": "Environmental Health Services"}, "facility": {"code": 15163}}, {"service": {"name": "Curative Services"}, "facility": {"code": 15351}}, {"service": {"name": "Services for Sexual Violence Survivors"}, "facility": {"code": 12354}}, {"service": {"name": "Basic Immunization"}, "facility": {"code": 11952}}, {"service": {"name": "Facility Based Blood Collection Service"}, "facility": {"code": 15351}}, {"service": {"name": "Integrated Management of Childhood Illnesses"}, "facility": {"code": 14552}}, {"service": {"name": "Focused Antenatal Care"}, "facility": {"code": 11952}}, {"service": {"name": "Short Term FP"}, "facility": {"code": 11952}}, {"service": {"name": "Curative Services"}, "facility": {"code": 14409}}, {"service": {"name": "Nutrition Services"}, "facility": {"code": 12317}}, {"service": {"name": "First Line Treatment"}, "facility": {"code": 15351}}, {"service": {"name": "Laboratory Services"}, "facility": {"code": 12838}}, {"service": {"name": "Maternity Services"}, "facility": {"code": 12317}}, {"service": {"name": "PMTCT - ANC"}, "facility": {"code": 11952}}, {"service": {"name": "Basic Immunization"}, "facility": {"code": 14409}}, {"service": {"name": "Tuberculosis Culture"}, "facility": {"code": 15351}}, {"service": {"name": "Curative Services"}, "facility": {"code": 12317}}, {"service": {"name": "Smear Microscopy"}, "facility": {"code": 15351}}, {"service": {"name": "Provider Initiated Counselling and Testing"}, "facility": {"code": 11952}}, {"service": {"name": "Emergency Preparedness"}, "facility": {"code": 14552}}, {"service": {"name": "First Line Treatment"}, "facility": {"code": 12317}}, {"service": {"name": "Immunization with additional vaccines"}, "facility": {"code": 15351}}, {"service": {"name": "Condom Promotion and Distribution"}, "facility": {"code": 11952}}, {"service": {"name": "Early Infant Diagnosis"}, "facility": {"code": 14409}}, {"service": {"name": "Basic Immunization"}, "facility": {"code": 15351}}, {"service": {"name": "Basic Immunization"}, "facility": {"code": 12317}}, {"service": {"name": "Long Term FP"}, "facility": {"code": 12317}}, {"service": {"name": "Short Term FP"}, "facility": {"code": 12317}}, {"service": {"name": "PMTCT - Maternity"}, "facility": {"code": 12317}}, {"service": {"name": "Specialized ANC"}, "facility": {"code": 15351}}, {"service": {"name": "PMTCT - ANC"}, "facility": {"code": 12317}}, {"service": {"name": "Emergency Obstetric Care"}, "facility": {"code": 14552}}, {"service": {"name": "Management of STIs"}, "facility": {"code": 12317}}, {"service": {"name": "Laboratory Services"}, "facility": {"code": 14552}}, {"service": {"name": "Diagnostic Counselling and Testing"}, "facility": {"code": 12317}}, {"service": {"name": "Provider Initiated Counselling and Testing"}, "facility": {"code": 12317}}, {"service": {"name": "Condom Promotion and Distribution"}, "facility": {"code": 12317}}, {"service": {"name": "Focused Antenatal Care"}, "facility": {"code": 15351}}, {"service": {"name": "Integrated Services"}, "facility": {"code": 15351}}, {"service": {"name": "Curative Services"}, "facility": {"code": 12838}}, {"service": {"name": "Curative Services"}, "facility": {"code": 12354}}, {"service": {"name": "Long Term FP"}, "facility": {"code": 15351}}, {"service": {"name": "Laboratory Services"}, "facility": {"code": 13280}}, {"service": {"name": "Surgical Services"}, "facility": {"code": 14552}}, {"service": {"name": "Nutrition Services"}, "facility": {"code": 15163}}, {"service": {"name": "Emergency Preparedness"}, "facility": {"code": 11951}}, {"service": {"name": "Integrated Management of Childhood Illnesses"}, "facility": {"code": 15163}}, {"service": {"name": "Emergency Obstetric Care"}, "facility": {"code": 14940}}, {"service": {"name": "ENT Services"}, "facility": {"code": 11951}}, {"service": {"name": "First Line Treatment"}, "facility": {"code": 12838}}, {"service": {"name": "Dental Laboratory Services"}, "facility": {"code": 11951}}, {"service": {"name": "Oral Health Services (Dental Services)"}, "facility": {"code": 11951}}, {"service": {"name": "Emergency Obstetric Care"}, "facility": {"code": 11951}}, {"service": {"name": "Environmental Health Services"}, "facility": {"code": 14940}}, {"service": {"name": "Emergency Obstetric Care"}, "facility": {"code": 14824}}, {"service": {"name": "Environmental Health Services"}, "facility": {"code": 11951}}, {"service": {"name": "PMTCT - ANC"}, "facility": {"code": 12838}}, {"service": {"name": "Surgical Services"}, "facility": {"code": 15163}}, {"service": {"name": "Rehabilitative Health Services - Physiotherapy"}, "facility": {"code": 11951}}, {"service": {"name": "Short Term FP"}, "facility": {"code": 15351}}, {"service": {"name": "Nutrition Services"}, "facility": {"code": 14940}}, {"service": {"name": "Diagnostic Counselling and Testing"}, "facility": {"code": 12838}}, {"service": {"name": "Focused Antenatal Care"}, "facility": {"code": 14552}}, {"service": {"name": "Home Based Care"}, "facility": {"code": 15351}}, {"service": {"name": "Provider Initiated Counselling and Testing"}, "facility": {"code": 12838}}, {"service": {"name": "Voluntary Counselling and Testing"}, "facility": {"code": 12838}}, {"service": {"name": "Services for Sexual Violence Survivors"}, "facility": {"code": 11951}}, {"service": {"name": "Management of STIs"}, "facility": {"code": 12838}}, {"service": {"name": "Nutrition Services"}, "facility": {"code": 14824}}, {"service": {"name": "Curative Services"}, "facility": {"code": 15163}}, {"service": {"name": "Condom Promotion and Distribution"}, "facility": {"code": 12838}}, {"service": {"name": "Integrated Management of Childhood Illnesses"}, "facility": {"code": 14940}}, {"service": {"name": "Adult Antiretroviral Therapy"}, "facility": {"code": 15351}}, {"service": {"name": "Paediatric Antiretroviral Therapy"}, "facility": {"code": 15351}}, {"service": {"name": "Opthalmic Services"}, "facility": {"code": 11951}}, {"service": {"name": "Long Term FP"}, "facility": {"code": 15163}}, {"service": {"name": "Laboratory Services"}, "facility": {"code": 14940}}, {"service": {"name": "Basic Immunization"}, "facility": {"code": 14552}}, {"service": {"name": "Nutrition Services"}, "facility": {"code": 11951}}, {"service": {"name": "Short Term FP"}, "facility": {"code": 15163}}, {"service": {"name": "Curative Services"}, "facility": {"code": 16561}}, {"service": {"name": "Post Exposure Prophylaxis"}, "facility": {"code": 15351}}, {"service": {"name": "Surgical Services"}, "facility": {"code": 14940}}, {"service": {"name": "Integrated Management of Childhood Illnesses"}, "facility": {"code": 11951}}, {"service": {"name": "Maternity Services"}, "facility": {"code": 14940}}, {"service": {"name": "First Line Treatment"}, "facility": {"code": 12354}}, {"service": {"name": "Basic Immunization"}, "facility": {"code": 15163}}, {"service": {"name": "Surgical Services"}, "facility": {"code": 13280}}, {"service": {"name": "PMTCT - Maternity"}, "facility": {"code": 15351}}, {"service": {"name": "Curative Services"}, "facility": {"code": 14940}}, {"service": {"name": "Curative Services"}, "facility": {"code": 13280}}, {"service": {"name": "First Line Treatment"}, "facility": {"code": 14824}}, {"service": {"name": "PMTCT - ANC"}, "facility": {"code": 15351}}, {"service": {"name": "Focused Antenatal Care"}, "facility": {"code": 12354}}, {"service": {"name": "Laboratory Services"}, "facility": {"code": 16229}}, {"service": {"name": "Early Infant Diagnosis"}, "facility": {"code": 15351}}, {"service": {"name": "Integrated Services"}, "facility": {"code": 12354}}, {"service": {"name": "Surgical Services"}, "facility": {"code": 11951}}, {"service": {"name": "Maternity Services"}, "facility": {"code": 11951}}, {"service": {"name": "Curative Services"}, "facility": {"code": 11951}}, {"service": {"name": "PMTCT - ANC"}, "facility": {"code": 14552}}, {"service": {"name": "Diagnostic Counselling and Testing"}, "facility": {"code": 15351}}, {"service": {"name": "Curative Services"}, "facility": {"code": 13460}}, {"service": {"name": "Long Term FP"}, "facility": {"code": 12354}}, {"service": {"name": "First Line Treatment"}, "facility": {"code": 14940}}, {"service": {"name": "Focused Antenatal Care"}, "facility": {"code": 15163}}, {"service": {"name": "Short Term FP"}, "facility": {"code": 12354}}, {"service": {"name": "Provider Initiated Counselling and Testing"}, "facility": {"code": 15351}}, {"service": {"name": "Short Term FP"}, "facility": {"code": 14642}}, {"service": {"name": "Curative Services"}, "facility": {"code": 16229}}, {"service": {"name": "PMTCT - ANC"}, "facility": {"code": 15163}}, {"service": {"name": "Smear Microscopy"}, "facility": {"code": 14940}}, {"service": {"name": "Nutrition Services"}, "facility": {"code": 14237}}, {"service": {"name": "Provider Initiated Counselling and Testing"}, "facility": {"code": 14552}}, {"service": {"name": "Management of STIs"}, "facility": {"code": 14552}}, {"service": {"name": "Condom Promotion and Distribution"}, "facility": {"code": 15163}}, {"service": {"name": "PMTCT - ANC"}, "facility": {"code": 12354}}, {"service": {"name": "Immunization with additional vaccines"}, "facility": {"code": 14940}}, {"service": {"name": "Curative Services"}, "facility": {"code": 14237}}, {"service": {"name": "Services for Female Genital Mutilation (FGM) Survivors"}, "facility": {"code": 11951}}, {"service": {"name": "PMTCT - Maternity"}, "facility": {"code": 14642}}, {"service": {"name": "Voluntary Counselling and Testing"}, "facility": {"code": 15351}}, {"service": {"name": "Short Term FP"}, "facility": {"code": 14237}}, {"service": {"name": "Management of STIs"}, "facility": {"code": 15351}}, {"service": {"name": "PMTCT - ANC"}, "facility": {"code": 14642}}, {"service": {"name": "Diagnostic Counselling and Testing"}, "facility": {"code": 12354}}, {"service": {"name": "Focused Antenatal Care"}, "facility": {"code": 14237}}, {"service": {"name": "Provider Initiated Counselling and Testing"}, "facility": {"code": 12354}}, {"service": {"name": "Basic Immunization"}, "facility": {"code": 14940}}, {"service": {"name": "First Line Treatment"}, "facility": {"code": 16229}}, {"service": {"name": "Condom Promotion and Distribution"}, "facility": {"code": 15351}}, {"service": {"name": "Focused Antenatal Care"}, "facility": {"code": 14940}}, {"service": {"name": "Management of STIs"}, "facility": {"code": 12354}}, {"service": {"name": "Environmental Health Services"}, "facility": {"code": 14578}}, {"service": {"name": "Condom Promotion and Distribution"}, "facility": {"code": 12354}}, {"service": {"name": "Long Term FP"}, "facility": {"code": 14940}}, {"service": {"name": "PMTCT - ANC"}, "facility": {"code": 14237}}, {"service": {"name": "Short Term FP"}, "facility": {"code": 14940}}, {"service": {"name": "Rehabilitative Health Services - Orthopaedic Technology"}, "facility": {"code": 11951}}, {"service": {"name": "Provider Initiated Counselling and Testing"}, "facility": {"code": 14237}}, {"service": {"name": "Nutrition Services"}, "facility": {"code": 14578}}, {"service": {"name": "Management of STIs"}, "facility": {"code": 14237}}, {"service": {"name": "Basic Immunization"}, "facility": {"code": 16229}}, {"service": {"name": "Adult Antiretroviral Therapy"}, "facility": {"code": 14940}}, {"service": {"name": "Rehabilitative Health Services - Occupational Health"}, "facility": {"code": 11951}}, {"service": {"name": "Condom Promotion and Distribution"}, "facility": {"code": 14237}}, {"service": {"name": "Smear Microscopy"}, "facility": {"code": 14824}}, {"service": {"name": "Paediatric Antiretroviral Therapy"}, "facility": {"code": 14940}}, {"service": {"name": "Curative Services"}, "facility": {"code": 14578}}, {"service": {"name": "Voluntary Counselling and Testing"}, "facility": {"code": 14227}}, {"service": {"name": "Post Exposure Prophylaxis"}, "facility": {"code": 14940}}, {"service": {"name": "Basic Immunization"}, "facility": {"code": 14824}}, {"service": {"name": "PMTCT - Maternity"}, "facility": {"code": 14940}}, {"service": {"name": "PMTCT - ANC"}, "facility": {"code": 14940}}, {"service": {"name": "Early Infant Diagnosis"}, "facility": {"code": 14940}}, {"service": {"name": "Focused Antenatal Care"}, "facility": {"code": 14824}}, {"service": {"name": "Focused Antenatal Care"}, "facility": {"code": 16229}}, {"service": {"name": "Diagnostic Counselling and Testing"}, "facility": {"code": 14940}}, {"service": {"name": "Provider Initiated Counselling and Testing"}, "facility": {"code": 14940}}, {"service": {"name": "Voluntary Counselling and Testing"}, "facility": {"code": 14940}}, {"service": {"name": "Management of STIs"}, "facility": {"code": 14940}}, {"service": {"name": "Short Term FP"}, "facility": {"code": 14824}}, {"service": {"name": "Condom Promotion and Distribution"}, "facility": {"code": 14940}}, {"service": {"name": "Basic Immunization"}, "facility": {"code": 14578}}, {"service": {"name": "Short Term FP"}, "facility": {"code": 14578}}, {"service": {"name": "Short Term FP"}, "facility": {"code": 16229}}, {"service": {"name": "Adult Antiretroviral Therapy"}, "facility": {"code": 14824}}, {"service": {"name": "Immunization with additional vaccines"}, "facility": {"code": 11951}}, {"service": {"name": "Basic Immunization"}, "facility": {"code": 11951}}, {"service": {"name": "Specialized ANC"}, "facility": {"code": 11951}}, {"service": {"name": "Focused Antenatal Care"}, "facility": {"code": 11951}}, {"service": {"name": "Short Term FP"}, "facility": {"code": 11951}}, {"service": {"name": "PMTCT - ANC"}, "facility": {"code": 14824}}, {"service": {"name": "PMTCT - ANC"}, "facility": {"code": 16229}}, {"service": {"name": "Provider Initiated Counselling and Testing"}, "facility": {"code": 14578}}, {"service": {"name": "Management of STIs"}, "facility": {"code": 14578}}, {"service": {"name": "Early Infant Diagnosis"}, "facility": {"code": 14824}}, {"service": {"name": "Condom Promotion and Distribution"}, "facility": {"code": 14578}}, {"service": {"name": "Provider Initiated Counselling and Testing"}, "facility": {"code": 16229}}, {"service": {"name": "Home Based Care"}, "facility": {"code": 11951}}, {"service": {"name": "Adult Antiretroviral Therapy"}, "facility": {"code": 11951}}, {"service": {"name": "Provider Initiated Counselling and Testing"}, "facility": {"code": 14824}}, {"service": {"name": "Paediatric Antiretroviral Therapy"}, "facility": {"code": 11951}}, {"service": {"name": "Voluntary Counselling and Testing"}, "facility": {"code": 14824}}, {"service": {"name": "Post Exposure Prophylaxis"}, "facility": {"code": 11951}}, {"service": {"name": "Curative Services"}, "facility": {"code": 12122}}, {"service": {"name": "Voluntary Male Circumcision"}, "facility": {"code": 11951}}, {"service": {"name": "PMTCT - Maternity"}, "facility": {"code": 11951}}, {"service": {"name": "Management of STIs"}, "facility": {"code": 16229}}, {"service": {"name": "Management of STIs"}, "facility": {"code": 14824}}, {"service": {"name": "PMTCT - ANC"}, "facility": {"code": 11951}}, {"service": {"name": "Condom Promotion and Distribution"}, "facility": {"code": 14824}}, {"service": {"name": "Condom Promotion and Distribution"}, "facility": {"code": 16229}}, {"service": {"name": "Diagnostic Counselling and Testing"}, "facility": {"code": 11951}}, {"service": {"name": "Provider Initiated Counselling and Testing"}, "facility": {"code": 11951}}, {"service": {"name": "Immunization with additional vaccines"}, "facility": {"code": 12122}}, {"service": {"name": "Basic Immunization"}, "facility": {"code": 12122}}, {"service": {"name": "Management of STIs"}, "facility": {"code": 11951}}, {"service": {"name": "Condom Promotion and Distribution"}, "facility": {"code": 11951}}, {"service": {"name": "Focused Antenatal Care"}, "facility": {"code": 12122}}, {"service": {"name": "Integrated Services"}, "facility": {"code": 12122}}, {"service": {"name": "Short Term FP"}, "facility": {"code": 12122}}, {"service": {"name": "PMTCT - ANC"}, "facility": {"code": 12122}}, {"service": {"name": "Diagnostic Counselling and Testing"}, "facility": {"code": 12122}}, {"service": {"name": "Nutrition Services"}, "facility": {"code": 14227}}, {"service": {"name": "Provider Initiated Counselling and Testing"}, "facility": {"code": 12122}}, {"service": {"name": "Voluntary Counselling and Testing"}, "facility": {"code": 12122}}, {"service": {"name": "Management of STIs"}, "facility": {"code": 12122}}, {"service": {"name": "Condom Promotion and Distribution"}, "facility": {"code": 12122}}, {"service": {"name": "Curative Services"}, "facility": {"code": 14227}}, {"service": {"name": "Environmental Health Services"}, "facility": {"code": 14954}}, {"service": {"name": "Emergency Obstetric Care"}, "facility": {"code": 15369}}, {"service": {"name": "Mental Health Services"}, "facility": {"code": 14954}}, {"service": {"name": "Emergency Preparedness"}, "facility": {"code": 15369}}, {"service": {"name": "Environmental Health Services"}, "facility": {"code": 15369}}, {"service": {"name": "Integrated Management of Childhood Illnesses"}, "facility": {"code": 15369}}, {"service": {"name": "Opthalmic Services"}, "facility": {"code": 14954}}, {"service": {"name": "Laboratory Services"}, "facility": {"code": 15369}}, {"service": {"name": "Nutrition Services"}, "facility": {"code": 14954}}, {"service": {"name": "Surgical Services"}, "facility": {"code": 15369}}, {"service": {"name": "Curative Services"}, "facility": {"code": 15369}}, {"service": {"name": "Home Based Care"}, "facility": {"code": 14227}}, {"service": {"name": "Emergency Obstetric Care"}, "facility": {"code": 15390}}, {"service": {"name": "Integrated Management of Childhood Illnesses"}, "facility": {"code": 14954}}, {"service": {"name": "Basic Immunization"}, "facility": {"code": 15369}}, {"service": {"name": "Focused Antenatal Care"}, "facility": {"code": 15369}}, {"service": {"name": "Long Term FP"}, "facility": {"code": 15369}}, {"service": {"name": "Short Term FP"}, "facility": {"code": 15369}}, {"service": {"name": "Curative Services"}, "facility": {"code": 16251}}, {"service": {"name": "PMTCT - ANC"}, "facility": {"code": 15369}}, {"service": {"name": "Diagnostic Counselling and Testing"}, "facility": {"code": 15369}}, {"service": {"name": "Provider Initiated Counselling and Testing"}, "facility": {"code": 15369}}, {"service": {"name": "Laboratory Services"}, "facility": {"code": 14954}}, {"service": {"name": "Management of STIs"}, "facility": {"code": 15369}}, {"service": {"name": "Radiology Services"}, "facility": {"code": 14954}}, {"service": {"name": "Condom Promotion and Distribution"}, "facility": {"code": 15369}}, {"service": {"name": "Diagnostic Counselling and Testing"}, "facility": {"code": 14227}}, {"service": {"name": "Curative Services"}, "facility": {"code": 15390}}, {"service": {"name": "Surgical Services"}, "facility": {"code": 14954}}, {"service": {"name": "Maternity Services"}, "facility": {"code": 14954}}, {"service": {"name": "Immunization with additional vaccines"}, "facility": {"code": 15390}}, {"service": {"name": "Focused Antenatal Care"}, "facility": {"code": 15567}}, {"service": {"name": "Curative Services"}, "facility": {"code": 14954}}, {"service": {"name": "Basic Immunization"}, "facility": {"code": 15390}}, {"service": {"name": "Short Term FP"}, "facility": {"code": 15567}}, {"service": {"name": "First Line Treatment"}, "facility": {"code": 14954}}, {"service": {"name": "Smear Microscopy"}, "facility": {"code": 14954}}, {"service": {"name": "Focused Antenatal Care"}, "facility": {"code": 15390}}, {"service": {"name": "Emergency Obstetric Care"}, "facility": {"code": 12660}}, {"service": {"name": "PMTCT - ANC"}, "facility": {"code": 15567}}, {"service": {"name": "Condom Promotion and Distribution"}, "facility": {"code": 15567}}, {"service": {"name": "Emergency Obstetric Care"}, "facility": {"code": 14933}}, {"service": {"name": "Basic Immunization"}, "facility": {"code": 14954}}, {"service": {"name": "Environmental Health Services"}, "facility": {"code": 14933}}, {"service": {"name": "Nutrition Services"}, "facility": {"code": 12660}}, {"service": {"name": "Focused Antenatal Care"}, "facility": {"code": 14954}}, {"service": {"name": "Integrated Management of Childhood Illnesses"}, "facility": {"code": 12660}}, {"service": {"name": "Integrated Services"}, "facility": {"code": 14954}}, {"service": {"name": "Provider Initiated Counselling and Testing"}, "facility": {"code": 14227}}, {"service": {"name": "Nutrition Services"}, "facility": {"code": 14933}}, {"service": {"name": "Long Term FP"}, "facility": {"code": 14954}}, {"service": {"name": "Integrated Management of Childhood Illnesses"}, "facility": {"code": 14933}}, {"service": {"name": "Maternity Services"}, "facility": {"code": 12660}}, {"service": {"name": "Surgical Services"}, "facility": {"code": 14871}}, {"service": {"name": "Surgical Services"}, "facility": {"code": 14933}}, {"service": {"name": "Curative Services"}, "facility": {"code": 12660}}, {"service": {"name": "Short Term FP"}, "facility": {"code": 14954}}, {"service": {"name": "Adult Antiretroviral Therapy"}, "facility": {"code": 14954}}, {"service": {"name": "Maternity Services"}, "facility": {"code": 14933}}, {"service": {"name": "Laboratory Services"}, "facility": {"code": 14871}}, {"service": {"name": "Immunization with additional vaccines"}, "facility": {"code": 12711}}, {"service": {"name": "Basic Immunization"}, "facility": {"code": 12660}}, {"service": {"name": "Basic Immunization"}, "facility": {"code": 12711}}, {"service": {"name": "Curative Services"}, "facility": {"code": 14933}}, {"service": {"name": "Post Exposure Prophylaxis"}, "facility": {"code": 14954}}, {"service": {"name": "Focused Antenatal Care"}, "facility": {"code": 12711}}, {"service": {"name": "PMTCT - Maternity"}, "facility": {"code": 14954}}, {"service": {"name": "Integrated Services"}, "facility": {"code": 12711}}, {"service": {"name": "PMTCT - ANC"}, "facility": {"code": 14954}}, {"service": {"name": "Maternity Services"}, "facility": {"code": 14871}}, {"service": {"name": "Short Term FP"}, "facility": {"code": 12711}}, {"service": {"name": "Focused Antenatal Care"}, "facility": {"code": 12660}}, {"service": {"name": "Early Infant Diagnosis"}, "facility": {"code": 14954}}, {"service": {"name": "PMTCT - ANC"}, "facility": {"code": 12711}}, {"service": {"name": "Provider Initiated Counselling and Testing"}, "facility": {"code": 14954}}, {"service": {"name": "Long Term FP"}, "facility": {"code": 15390}}, {"service": {"name": "Diagnostic Counselling and Testing"}, "facility": {"code": 12711}}, {"service": {"name": "Management of STIs"}, "facility": {"code": 14954}}, {"service": {"name": "Immunization with additional vaccines"}, "facility": {"code": 14933}}, {"service": {"name": "Provider Initiated Counselling and Testing"}, "facility": {"code": 12711}}, {"service": {"name": "Curative Services"}, "facility": {"code": 14871}}, {"service": {"name": "Basic Immunization"}, "facility": {"code": 14933}}, {"service": {"name": "Voluntary Counselling and Testing"}, "facility": {"code": 12711}}, {"service": {"name": "Short Term FP"}, "facility": {"code": 15390}}, {"service": {"name": "Condom Promotion and Distribution"}, "facility": {"code": 14954}}, {"service": {"name": "Management of STIs"}, "facility": {"code": 12711}}, {"service": {"name": "Focused Antenatal Care"}, "facility": {"code": 14933}}, {"service": {"name": "Condom Promotion and Distribution"}, "facility": {"code": 12711}}, {"service": {"name": "PMTCT - ANC"}, "facility": {"code": 15390}}, {"service": {"name": "Long Term FP"}, "facility": {"code": 14933}}, {"service": {"name": "Short Term FP"}, "facility": {"code": 14933}}, {"service": {"name": "Management of STIs"}, "facility": {"code": 15390}}, {"service": {"name": "Post Exposure Prophylaxis"}, "facility": {"code": 14933}}, {"service": {"name": "Immunization with additional vaccines"}, "facility": {"code": 14871}}, {"service": {"name": "PMTCT - Maternity"}, "facility": {"code": 14933}}, {"service": {"name": "PMTCT - ANC"}, "facility": {"code": 14933}}, {"service": {"name": "Nutrition Services"}, "facility": {"code": 15442}}, {"service": {"name": "Emergency Obstetric Care"}, "facility": {"code": 15367}}, {"service": {"name": "Diagnostic Counselling and Testing"}, "facility": {"code": 14933}}, {"service": {"name": "Environmental Health Services"}, "facility": {"code": 15367}}, {"service": {"name": "Emergency Preparedness"}, "facility": {"code": 15367}}, {"service": {"name": "Basic Immunization"}, "facility": {"code": 14871}}, {"service": {"name": "Condom Promotion and Distribution"}, "facility": {"code": 15390}}, {"service": {"name": "Mental Health Services"}, "facility": {"code": 15367}}, {"service": {"name": "Opthalmic Services"}, "facility": {"code": 15367}}, {"service": {"name": "Integrated Management of Childhood Illnesses"}, "facility": {"code": 15367}}, {"service": {"name": "Provider Initiated Counselling and Testing"}, "facility": {"code": 14933}}, {"service": {"name": "Focused Antenatal Care"}, "facility": {"code": 14871}}, {"service": {"name": "Management of STIs"}, "facility": {"code": 14933}}, {"service": {"name": "Integrated Services"}, "facility": {"code": 12660}}, {"service": {"name": "First Line Treatment"}, "facility": {"code": 15367}}, {"service": {"name": "Management of STIs"}, "facility": {"code": 14227}}, {"service": {"name": "Condom Promotion and Distribution"}, "facility": {"code": 14933}}, {"service": {"name": "Short Term FP"}, "facility": {"code": 12660}}, {"service": {"name": "Smear Microscopy"}, "facility": {"code": 15367}}, {"service": {"name": "Laboratory Services"}, "facility": {"code": 15367}}, {"service": {"name": "Post Exposure Prophylaxis"}, "facility": {"code": 12660}}, {"service": {"name": "Surgical Services"}, "facility": {"code": 15367}}, {"service": {"name": "PMTCT - Maternity"}, "facility": {"code": 12660}}, {"service": {"name": "Long Term FP"}, "facility": {"code": 14871}}, {"service": {"name": "PMTCT - ANC"}, "facility": {"code": 12660}}, {"service": {"name": "Curative Services"}, "facility": {"code": 15367}}, {"service": {"name": "PMTCT - ANC"}, "facility": {"code": 15069}}, {"service": {"name": "Focused Antenatal Care"}, "facility": {"code": 15367}}, {"service": {"name": "Diagnostic Counselling and Testing"}, "facility": {"code": 12660}}, {"service": {"name": "Provider Initiated Counselling and Testing"}, "facility": {"code": 12660}}, {"service": {"name": "Long Term FP"}, "facility": {"code": 15367}}, {"service": {"name": "Short Term FP"}, "facility": {"code": 15367}}, {"service": {"name": "Adult Antiretroviral Therapy"}, "facility": {"code": 15367}}, {"service": {"name": "Paediatric Antiretroviral Therapy"}, "facility": {"code": 15367}}, {"service": {"name": "Services for Sexual Violence Survivors"}, "facility": {"code": 12391}}, {"service": {"name": "Post Exposure Prophylaxis"}, "facility": {"code": 15367}}, {"service": {"name": "PMTCT - ANC"}, "facility": {"code": 15367}}, {"service": {"name": "Early Infant Diagnosis"}, "facility": {"code": 15367}}, {"service": {"name": "Diagnostic Counselling and Testing"}, "facility": {"code": 15367}}, {"service": {"name": "Provider Initiated Counselling and Testing"}, "facility": {"code": 15367}}, {"service": {"name": "Management of STIs"}, "facility": {"code": 15367}}, {"service": {"name": "Management of STIs"}, "facility": {"code": 12660}}, {"service": {"name": "Management of STIs"}, "facility": {"code": 15442}}, {"service": {"name": "Short Term FP"}, "facility": {"code": 15069}}, {"service": {"name": "Emergency Obstetric Care"}, "facility": {"code": 14679}}, {"service": {"name": "Condom Promotion and Distribution"}, "facility": {"code": 12660}}, {"service": {"name": "Nutrition Services"}, "facility": {"code": 14321}}, {"service": {"name": "Integrated Management of Childhood Illnesses"}, "facility": {"code": 14321}}, {"service": {"name": "Ambulance Sevices"}, "facility": {"code": 14321}}, {"service": {"name": "Laboratory Services"}, "facility": {"code": 14321}}, {"service": {"name": "Basic Immunization"}, "facility": {"code": 15069}}, {"service": {"name": "Environmental Health Services"}, "facility": {"code": 14679}}, {"service": {"name": "Environmental Health Services"}, "facility": {"code": 14321}}, {"service": {"name": "Integrated Management of Childhood Illnesses"}, "facility": {"code": 14405}}, {"service": {"name": "Surgical Services"}, "facility": {"code": 14679}}, {"service": {"name": "Curative Services"}, "facility": {"code": 14405}}, {"service": {"name": "Maternity Services"}, "facility": {"code": 14679}}, {"service": {"name": "Basic Immunization"}, "facility": {"code": 14405}}, {"service": {"name": "Curative Services"}, "facility": {"code": 14679}}, {"service": {"name": "Focused Antenatal Care"}, "facility": {"code": 14405}}, {"service": {"name": "Short Term FP"}, "facility": {"code": 14405}}, {"service": {"name": "Nutrition Services"}, "facility": {"code": 12391}}, {"service": {"name": "PMTCT - ANC"}, "facility": {"code": 14325}}, {"service": {"name": "Paediatric Antiretroviral Therapy"}, "facility": {"code": 14405}}, {"service": {"name": "PMTCT - ANC"}, "facility": {"code": 14405}}, {"service": {"name": "Opthalmic Services"}, "facility": {"code": 12709}}, {"service": {"name": "Management of STIs"}, "facility": {"code": 14405}}, {"service": {"name": "Maternity Services"}, "facility": {"code": 14321}}, {"service": {"name": "Basic Immunization"}, "facility": {"code": 14679}}, {"service": {"name": "Curative Services"}, "facility": {"code": 14321}}, {"service": {"name": "Maternity Services"}, "facility": {"code": 12709}}, {"service": {"name": "Services for Female Genital Mutilation (FGM) Survivors"}, "facility": {"code": 12709}}, {"service": {"name": "Short Term FP"}, "facility": {"code": 14679}}, {"service": {"name": "Facility Based Blood Transfusion Service"}, "facility": {"code": 14321}}, {"service": {"name": "PMTCT - ANC"}, "facility": {"code": 14679}}, {"service": {"name": "Early Infant Diagnosis"}, "facility": {"code": 14679}}, {"service": {"name": "Specialized ANC"}, "facility": {"code": 12709}}, {"service": {"name": "Focused Antenatal Care"}, "facility": {"code": 12709}}, {"service": {"name": "First Line Treatment"}, "facility": {"code": 14321}}, {"service": {"name": "Tuberculosis Culture"}, "facility": {"code": 14321}}, {"service": {"name": "Smear Microscopy"}, "facility": {"code": 14321}}, {"service": {"name": "Provider Initiated Counselling and Testing"}, "facility": {"code": 14679}}, {"service": {"name": "Port Immunization Services"}, "facility": {"code": 14321}}, {"service": {"name": "Basic Immunization"}, "facility": {"code": 14321}}, {"service": {"name": "Focused Antenatal Care"}, "facility": {"code": 14321}}, {"service": {"name": "Long Term FP"}, "facility": {"code": 14321}}, {"service": {"name": "Management of STIs"}, "facility": {"code": 14679}}, {"service": {"name": "Condom Promotion and Distribution"}, "facility": {"code": 14679}}, {"service": {"name": "Emergency Obstetric Care"}, "facility": {"code": 15240}}, {"service": {"name": "Short Term FP"}, "facility": {"code": 14321}}, {"service": {"name": "Environmental Health Services"}, "facility": {"code": 15240}}, {"service": {"name": "Paediatric Antiretroviral Therapy"}, "facility": {"code": 14321}}, {"service": {"name": "Short Term FP"}, "facility": {"code": 14871}}, {"service": {"name": "Adult Antiretroviral Therapy"}, "facility": {"code": 14321}}, {"service": {"name": "Integrated Management of Childhood Illnesses"}, "facility": {"code": 15240}}, {"service": {"name": "Post Exposure Prophylaxis"}, "facility": {"code": 14321}}, {"service": {"name": "Laboratory Services"}, "facility": {"code": 15240}}, {"service": {"name": "PMTCT - Maternity"}, "facility": {"code": 14871}}, {"service": {"name": "Voluntary Male Circumcision"}, "facility": {"code": 14321}}, {"service": {"name": "PMTCT - Maternity"}, "facility": {"code": 14321}}, {"service": {"name": "Curative Services"}, "facility": {"code": 15240}}, {"service": {"name": "PMTCT - ANC"}, "facility": {"code": 14321}}, {"service": {"name": "ENT Services"}, "facility": {"code": 14196}}, {"service": {"name": "Environmental Health Services"}, "facility": {"code": 14613}}, {"service": {"name": "Diagnostic Counselling and Testing"}, "facility": {"code": 14871}}, {"service": {"name": "Early Infant Diagnosis"}, "facility": {"code": 14321}}, {"service": {"name": "Emergency Preparedness"}, "facility": {"code": 15126}}, {"service": {"name": "Emergency Obstetric Care"}, "facility": {"code": 14325}}, {"service": {"name": "First Line Treatment"}, "facility": {"code": 15240}}, {"service": {"name": "Diagnostic Counselling and Testing"}, "facility": {"code": 14321}}, {"service": {"name": "PMTCT - ANC"}, "facility": {"code": 14871}}, {"service": {"name": "Provider Initiated Counselling and Testing"}, "facility": {"code": 14321}}, {"service": {"name": "Oral Health Services (Dental Services)"}, "facility": {"code": 14196}}, {"service": {"name": "Voluntary Counselling and Testing"}, "facility": {"code": 14321}}, {"service": {"name": "Management of STIs"}, "facility": {"code": 14321}}, {"service": {"name": "Condom Promotion and Distribution"}, "facility": {"code": 14321}}, {"service": {"name": "Focused Antenatal Care"}, "facility": {"code": 15240}}, {"service": {"name": "Provider Initiated Counselling and Testing"}, "facility": {"code": 14871}}, {"service": {"name": "Tuberculosis Culture"}, "facility": {"code": 14613}}, {"service": {"name": "Emergency Obstetric Care"}, "facility": {"code": 14196}}, {"service": {"name": "Environmental Health Services"}, "facility": {"code": 14325}}, {"service": {"name": "Services for Sexual Violence Survivors"}, "facility": {"code": 15126}}, {"service": {"name": "Emergency Preparedness"}, "facility": {"code": 14554}}, {"service": {"name": "Services for Sexual Violence Survivors"}, "facility": {"code": 14325}}, {"service": {"name": "Management of STIs"}, "facility": {"code": 14871}}, {"service": {"name": "Mental Health Services"}, "facility": {"code": 14688}}, {"service": {"name": "First Line Treatment"}, "facility": {"code": 12391}}, {"service": {"name": "Curative Services"}, "facility": {"code": 16468}}, {"service": {"name": "Nutrition Services"}, "facility": {"code": 14325}}, {"service": {"name": "First Line Treatment"}, "facility": {"code": 16468}}, {"service": {"name": "Condom Promotion and Distribution"}, "facility": {"code": 14871}}, {"service": {"name": "Post Exposure Prophylaxis"}, "facility": {"code": 15240}}, {"service": {"name": "Emergency Obstetric Care"}, "facility": {"code": 14554}}, {"service": {"name": "Curative Services"}, "facility": {"code": 14325}}, {"service": {"name": "Services for Sexual Violence Survivors"}, "facility": {"code": 14688}}, {"service": {"name": "Immunization with additional vaccines"}, "facility": {"code": 16468}}, {"service": {"name": "PMTCT - ANC"}, "facility": {"code": 15240}}, {"service": {"name": "Ambulance Sevices"}, "facility": {"code": 14196}}, {"service": {"name": "Basic Immunization"}, "facility": {"code": 16468}}, {"service": {"name": "Diagnostic Counselling and Testing"}, "facility": {"code": 15240}}, {"service": {"name": "Rehabilitative Health Services - Orthopaedic Technology"}, "facility": {"code": 15126}}, {"service": {"name": "Focused Antenatal Care"}, "facility": {"code": 16468}}, {"service": {"name": "Integrated Services"}, "facility": {"code": 12391}}, {"service": {"name": "Oral Health Services (Dental Services)"}, "facility": {"code": 14688}}, {"service": {"name": "MDRTB Treatment"}, "facility": {"code": 15126}}, {"service": {"name": "First Line Treatment"}, "facility": {"code": 15126}}, {"service": {"name": "Integrated Services"}, "facility": {"code": 16468}}, {"service": {"name": "Long Term FP"}, "facility": {"code": 12391}}, {"service": {"name": "Basic Immunization"}, "facility": {"code": 14325}}, {"service": {"name": "Management of STIs"}, "facility": {"code": 15240}}, {"service": {"name": "Laboratory Services"}, "facility": {"code": 14196}}, {"service": {"name": "Condom Promotion and Distribution"}, "facility": {"code": 15240}}, {"service": {"name": "Focused Antenatal Care"}, "facility": {"code": 14325}}, {"service": {"name": "Maternity Services"}, "facility": {"code": 14196}}, {"service": {"name": "Surgical Services"}, "facility": {"code": 15564}}, {"service": {"name": "Short Term FP"}, "facility": {"code": 16468}}, {"service": {"name": "Post Exposure Prophylaxis"}, "facility": {"code": 12391}}, {"service": {"name": "Short Term FP"}, "facility": {"code": 14325}}, {"service": {"name": "Curative Services"}, "facility": {"code": 14196}}, {"service": {"name": "Post Exposure Prophylaxis"}, "facility": {"code": 14325}}, {"service": {"name": "Specialized ANC"}, "facility": {"code": 15126}}, {"service": {"name": "Provider Initiated Counselling and Testing"}, "facility": {"code": 12391}}, {"service": {"name": "Tuberculosis Culture"}, "facility": {"code": 15564}}, {"service": {"name": "Emergency Obstetric Care"}, "facility": {"code": 12057}}, {"service": {"name": "PMTCT - ANC"}, "facility": {"code": 16468}}, {"service": {"name": "Curative Services"}, "facility": {"code": 12057}}, {"service": {"name": "Diagnostic Counselling and Testing"}, "facility": {"code": 16468}}, {"service": {"name": "Provider Initiated Counselling and Testing"}, "facility": {"code": 16468}}, {"service": {"name": "Early Infant Diagnosis"}, "facility": {"code": 14325}}, {"service": {"name": "Voluntary Counselling and Testing"}, "facility": {"code": 16468}}, {"service": {"name": "Post Exposure Prophylaxis"}, "facility": {"code": 15126}}, {"service": {"name": "First Line Treatment"}, "facility": {"code": 14196}}, {"service": {"name": "Focused Antenatal Care"}, "facility": {"code": 12057}}, {"service": {"name": "Management of STIs"}, "facility": {"code": 16468}}, {"service": {"name": "Environmental Health Services"}, "facility": {"code": 14554}}, {"service": {"name": "Basic Immunization"}, "facility": {"code": 12057}}, {"service": {"name": "Condom Promotion and Distribution"}, "facility": {"code": 16468}}, {"service": {"name": "Provider Initiated Counselling and Testing"}, "facility": {"code": 14325}}, {"service": {"name": "Short Term FP"}, "facility": {"code": 12057}}, {"service": {"name": "Nutrition Services"}, "facility": {"code": 14554}}, {"service": {"name": "Smear Microscopy"}, "facility": {"code": 14196}}, {"service": {"name": "Voluntary Counselling and Testing"}, "facility": {"code": 14325}}, {"service": {"name": "Integrated Management of Childhood Illnesses"}, "facility": {"code": 14554}}, {"service": {"name": "Management of STIs"}, "facility": {"code": 14325}}, {"service": {"name": "PMTCT - ANC"}, "facility": {"code": 12057}}, {"service": {"name": "Provider Initiated Counselling and Testing"}, "facility": {"code": 12057}}, {"service": {"name": "Condom Promotion and Distribution"}, "facility": {"code": 14325}}, {"service": {"name": "Condom Promotion and Distribution"}, "facility": {"code": 12057}}, {"service": {"name": "Nutrition Services"}, "facility": {"code": 14905}}, {"service": {"name": "Surgical Services"}, "facility": {"code": 14554}}, {"service": {"name": "Surgical Services"}, "facility": {"code": 14905}}, {"service": {"name": "Curative Services"}, "facility": {"code": 14905}}, {"service": {"name": "Basic Immunization"}, "facility": {"code": 14196}}, {"service": {"name": "Focused Antenatal Care"}, "facility": {"code": 14905}}, {"service": {"name": "Focused Antenatal Care"}, "facility": {"code": 14196}}, {"service": {"name": "Basic Immunization"}, "facility": {"code": 14905}}, {"service": {"name": "Nutrition Services"}, "facility": {"code": 14357}}, {"service": {"name": "Long Term FP"}, "facility": {"code": 14196}}, {"service": {"name": "Integrated Management of Childhood Illnesses"}, "facility": {"code": 14357}}, {"service": {"name": "Curative Services"}, "facility": {"code": 14357}}, {"service": {"name": "PMTCT - ANC"}, "facility": {"code": 14905}}, {"service": {"name": "Basic Immunization"}, "facility": {"code": 14357}}, {"service": {"name": "Short Term FP"}, "facility": {"code": 14196}}, {"service": {"name": "Provider Initiated Counselling and Testing"}, "facility": {"code": 14905}}, {"service": {"name": "Curative Services"}, "facility": {"code": 14554}}, {"service": {"name": "Diagnostic Counselling and Testing"}, "facility": {"code": 14357}}, {"service": {"name": "Condom Promotion and Distribution"}, "facility": {"code": 14905}}, {"service": {"name": "Basic Immunization"}, "facility": {"code": 14554}}, {"service": {"name": "Emergency Obstetric Care"}, "facility": {"code": 14665}}, {"service": {"name": "Post Exposure Prophylaxis"}, "facility": {"code": 14196}}, {"service": {"name": "Voluntary Male Circumcision"}, "facility": {"code": 14196}}, {"service": {"name": "Long Term FP"}, "facility": {"code": 14554}}, {"service": {"name": "Surgical Services"}, "facility": {"code": 14665}}, {"service": {"name": "Short Term FP"}, "facility": {"code": 14554}}, {"service": {"name": "Maternity Services"}, "facility": {"code": 14665}}, {"service": {"name": "PMTCT - Maternity"}, "facility": {"code": 14196}}, {"service": {"name": "PMTCT - ANC"}, "facility": {"code": 14196}}, {"service": {"name": "Early Infant Diagnosis"}, "facility": {"code": 14196}}, {"service": {"name": "Curative Services"}, "facility": {"code": 14665}}, {"service": {"name": "Emergency Obstetric Care"}, "facility": {"code": 15362}}, {"service": {"name": "Curative Services"}, "facility": {"code": 15584}}, {"service": {"name": "Maternity Services"}, "facility": {"code": 12389}}, {"service": {"name": "Environmental Health Services"}, "facility": {"code": 15362}}, {"service": {"name": "Diagnostic Counselling and Testing"}, "facility": {"code": 14196}}, {"service": {"name": "Basic Immunization"}, "facility": {"code": 14665}}, {"service": {"name": "Integrated Management of Childhood Illnesses"}, "facility": {"code": 15362}}, {"service": {"name": "Provider Initiated Counselling and Testing"}, "facility": {"code": 14196}}, {"service": {"name": "Focused Antenatal Care"}, "facility": {"code": 15584}}, {"service": {"name": "Voluntary Counselling and Testing"}, "facility": {"code": 14196}}, {"service": {"name": "Short Term FP"}, "facility": {"code": 14665}}, {"service": {"name": "Basic Immunization"}, "facility": {"code": 15584}}, {"service": {"name": "Laboratory Services"}, "facility": {"code": 15362}}, {"service": {"name": "Laboratory Services"}, "facility": {"code": 12271}}, {"service": {"name": "Emergency Obstetric Care"}, "facility": {"code": 12385}}, {"service": {"name": "Curative Services"}, "facility": {"code": 12271}}, {"service": {"name": "Condom Promotion and Distribution"}, "facility": {"code": 14196}}, {"service": {"name": "PMTCT - ANC"}, "facility": {"code": 14665}}, {"service": {"name": "Nutrition Services"}, "facility": {"code": 12385}}, {"service": {"name": "Integrated Management of Childhood Illnesses"}, "facility": {"code": 12385}}, {"service": {"name": "Provider Initiated Counselling and Testing"}, "facility": {"code": 14665}}, {"service": {"name": "Management of STIs"}, "facility": {"code": 14665}}, {"service": {"name": "Laboratory Services"}, "facility": {"code": 12385}}, {"service": {"name": "Condom Promotion and Distribution"}, "facility": {"code": 14665}}, {"service": {"name": "Maternity Services"}, "facility": {"code": 15362}}, {"service": {"name": "Maternity Services"}, "facility": {"code": 12385}}, {"service": {"name": "Curative Services"}, "facility": {"code": 12385}}, {"service": {"name": "Emergency Preparedness"}, "facility": {"code": 16329}}, {"service": {"name": "Curative Services"}, "facility": {"code": 15362}}, {"service": {"name": "Nutrition Services"}, "facility": {"code": 16329}}, {"service": {"name": "Short Term FP"}, "facility": {"code": 15584}}, {"service": {"name": "Surgical Services"}, "facility": {"code": 16329}}, {"service": {"name": "Adult Antiretroviral Therapy"}, "facility": {"code": 12271}}, {"service": {"name": "Paediatric Antiretroviral Therapy"}, "facility": {"code": 12271}}, {"service": {"name": "Provider Initiated Counselling and Testing"}, "facility": {"code": 15584}}, {"service": {"name": "First Line Treatment"}, "facility": {"code": 12385}}, {"service": {"name": "Smear Microscopy"}, "facility": {"code": 12385}}, {"service": {"name": "First Line Treatment"}, "facility": {"code": 15362}}, {"service": {"name": "Nutrition Services"}, "facility": {"code": 15125}}, {"service": {"name": "Basic Immunization"}, "facility": {"code": 12385}}, {"service": {"name": "Smear Microscopy"}, "facility": {"code": 12271}}, {"service": {"name": "Focused Antenatal Care"}, "facility": {"code": 12385}}, {"service": {"name": "Management of STIs"}, "facility": {"code": 15584}}, {"service": {"name": "Curative Services"}, "facility": {"code": 15125}}, {"service": {"name": "Immunization with additional vaccines"}, "facility": {"code": 15362}}, {"service": {"name": "First Line Treatment"}, "facility": {"code": 12271}}, {"service": {"name": "Integrated Services"}, "facility": {"code": 12385}}, {"service": {"name": "Condom Promotion and Distribution"}, "facility": {"code": 15584}}, {"service": {"name": "Smear Microscopy"}, "facility": {"code": 15362}}, {"service": {"name": "Immunization with additional vaccines"}, "facility": {"code": 12271}}, {"service": {"name": "Basic Immunization"}, "facility": {"code": 15125}}, {"service": {"name": "Basic Immunization"}, "facility": {"code": 12271}}, {"service": {"name": "Focused Antenatal Care"}, "facility": {"code": 15125}}, {"service": {"name": "Adult Antiretroviral Therapy"}, "facility": {"code": 12385}}, {"service": {"name": "Paediatric Antiretroviral Therapy"}, "facility": {"code": 12385}}, {"service": {"name": "Focused Antenatal Care"}, "facility": {"code": 12271}}, {"service": {"name": "ENT Services"}, "facility": {"code": 11945}}, {"service": {"name": "Integrated Services"}, "facility": {"code": 12271}}, {"service": {"name": "PMTCT - ANC"}, "facility": {"code": 15125}}, {"service": {"name": "PMTCT - Maternity"}, "facility": {"code": 12385}}, {"service": {"name": "Oral Health Services (Dental Services)"}, "facility": {"code": 11945}}, {"service": {"name": "Diagnostic Counselling and Testing"}, "facility": {"code": 15125}}, {"service": {"name": "Basic Immunization"}, "facility": {"code": 15362}}, {"service": {"name": "Emergency Obstetric Care"}, "facility": {"code": 11945}}, {"service": {"name": "PMTCT - ANC"}, "facility": {"code": 12385}}, {"service": {"name": "Provider Initiated Counselling and Testing"}, "facility": {"code": 15125}}, {"service": {"name": "Voluntary Counselling and Testing"}, "facility": {"code": 15125}}, {"service": {"name": "Environmental Health Services"}, "facility": {"code": 11945}}, {"service": {"name": "Focused Antenatal Care"}, "facility": {"code": 15362}}, {"service": {"name": "Management of STIs"}, "facility": {"code": 15125}}, {"service": {"name": "Services for Sexual Violence Survivors"}, "facility": {"code": 11945}}, {"service": {"name": "Provider Initiated Counselling and Testing"}, "facility": {"code": 12385}}, {"service": {"name": "Mental Health Services"}, "facility": {"code": 11945}}, {"service": {"name": "Diagnostic Counselling and Testing"}, "facility": {"code": 12385}}, {"service": {"name": "Short Term FP"}, "facility": {"code": 12271}}, {"service": {"name": "Long Term FP"}, "facility": {"code": 15362}}, {"service": {"name": "Opthalmic Services"}, "facility": {"code": 11945}}, {"service": {"name": "Voluntary Counselling and Testing"}, "facility": {"code": 12385}}, {"service": {"name": "Emergency Obstetric Care"}, "facility": {"code": 14950}}, {"service": {"name": "Nutrition Services"}, "facility": {"code": 11945}}, {"service": {"name": "Integrated Management of Childhood Illnesses"}, "facility": {"code": 11945}}, {"service": {"name": "PMTCT - ANC"}, "facility": {"code": 12271}}, {"service": {"name": "Management of STIs"}, "facility": {"code": 12385}}, {"service": {"name": "Diagnostic Counselling and Testing"}, "facility": {"code": 12271}}, {"service": {"name": "Provider Initiated Counselling and Testing"}, "facility": {"code": 12271}}, {"service": {"name": "Environmental Health Services"}, "facility": {"code": 14950}}, {"service": {"name": "Short Term FP"}, "facility": {"code": 15362}}, {"service": {"name": "Voluntary Counselling and Testing"}, "facility": {"code": 12271}}, {"service": {"name": "Environmental Health Services"}, "facility": {"code": 14995}}, {"service": {"name": "Management of STIs"}, "facility": {"code": 12271}}, {"service": {"name": "Condom Promotion and Distribution"}, "facility": {"code": 12271}}, {"service": {"name": "Nutrition Services"}, "facility": {"code": 14995}}, {"service": {"name": "Nutrition Services"}, "facility": {"code": 14950}}, {"service": {"name": "Integrated Management of Childhood Illnesses"}, "facility": {"code": 14995}}, {"service": {"name": "Surgical Services"}, "facility": {"code": 11945}}, {"service": {"name": "Maternity Services"}, "facility": {"code": 11945}}, {"service": {"name": "Ambulance Sevices"}, "facility": {"code": 14995}}, {"service": {"name": "Curative Services"}, "facility": {"code": 11945}}, {"service": {"name": "Laboratory Services"}, "facility": {"code": 14995}}, {"service": {"name": "Integrated Management of Childhood Illnesses"}, "facility": {"code": 14950}}, {"service": {"name": "Services for Female Genital Mutilation (FGM) Survivors"}, "facility": {"code": 11945}}, {"service": {"name": "Maternity Services"}, "facility": {"code": 14995}}, {"service": {"name": "Post Exposure Prophylaxis"}, "facility": {"code": 15362}}, {"service": {"name": "Curative Services"}, "facility": {"code": 14995}}, {"service": {"name": "PMTCT - Maternity"}, "facility": {"code": 15362}}, {"service": {"name": "Laboratory Services"}, "facility": {"code": 14950}}, {"service": {"name": "Immunization with additional vaccines"}, "facility": {"code": 11945}}, {"service": {"name": "Basic Immunization"}, "facility": {"code": 11945}}, {"service": {"name": "PMTCT - ANC"}, "facility": {"code": 15362}}, {"service": {"name": "Specialized ANC"}, "facility": {"code": 11945}}, {"service": {"name": "Focused Antenatal Care"}, "facility": {"code": 11945}}, {"service": {"name": "Port Immunization Services"}, "facility": {"code": 14995}}, {"service": {"name": "Basic Immunization"}, "facility": {"code": 14995}}, {"service": {"name": "Early Infant Diagnosis"}, "facility": {"code": 15362}}, {"service": {"name": "Short Term FP"}, "facility": {"code": 11945}}, {"service": {"name": "Diagnostic Counselling and Testing"}, "facility": {"code": 15362}}, {"service": {"name": "Maternity Services"}, "facility": {"code": 14950}}, {"service": {"name": "Focused Antenatal Care"}, "facility": {"code": 14995}}, {"service": {"name": "Home Based Care"}, "facility": {"code": 11945}}, {"service": {"name": "Provider Initiated Counselling and Testing"}, "facility": {"code": 15362}}, {"service": {"name": "Curative Services"}, "facility": {"code": 14950}}, {"service": {"name": "Adult Antiretroviral Therapy"}, "facility": {"code": 11945}}, {"service": {"name": "Paediatric Antiretroviral Therapy"}, "facility": {"code": 11945}}, {"service": {"name": "Post Exposure Prophylaxis"}, "facility": {"code": 11945}}, {"service": {"name": "Voluntary Male Circumcision"}, "facility": {"code": 11945}}, {"service": {"name": "PMTCT - ANC"}, "facility": {"code": 11945}}, {"service": {"name": "Diagnostic Counselling and Testing"}, "facility": {"code": 11945}}, {"service": {"name": "MDRTB Treatment"}, "facility": {"code": 14950}}, {"service": {"name": "Provider Initiated Counselling and Testing"}, "facility": {"code": 11945}}, {"service": {"name": "Curative Services"}, "facility": {"code": 13373}}, {"service": {"name": "Voluntary Counselling and Testing"}, "facility": {"code": 15362}}, {"service": {"name": "Management of STIs"}, "facility": {"code": 11945}}, {"service": {"name": "PMTCT - Maternity"}, "facility": {"code": 14995}}, {"service": {"name": "First Line Treatment"}, "facility": {"code": 14950}}, {"service": {"name": "Condom Promotion and Distribution"}, "facility": {"code": 11945}}, {"service": {"name": "Management of STIs"}, "facility": {"code": 15362}}, {"service": {"name": "PMTCT - ANC"}, "facility": {"code": 14995}}, {"service": {"name": "Condom Promotion and Distribution"}, "facility": {"code": 15362}}, {"service": {"name": "Management of STIs"}, "facility": {"code": 14995}}, {"service": {"name": "Tuberculosis Culture"}, "facility": {"code": 14950}}, {"service": {"name": "Integrated Management of Childhood Illnesses"}, "facility": {"code": 17779}}, {"service": {"name": "Smear Microscopy"}, "facility": {"code": 14950}}], "unique_fields": ["facility", "service"], "model": "facilities.FacilityService"}]