[{"records": [{"service": {"name": "Immunization with additional vaccines"}, "facility": {"code": 14551}}, {"service": {"name": "Laboratory Services"}, "facility": {"code": 14297}}, {"service": {"name": "Ambulance Sevices"}, "facility": {"code": 12526}}, {"service": {"name": "Basic Immunization"}, "facility": {"code": 14551}}, {"service": {"name": "Basic Immunization"}, "facility": {"code": 17774}}, {"service": {"name": "Dental Laboratory Services"}, "facility": {"code": 11955}}, {"service": {"name": "Focused Antenatal Care"}, "facility": {"code": 14551}}, {"service": {"name": "Emergency Obstetric Care"}, "facility": {"code": 12131}}, {"service": {"name": "Short Term FP"}, "facility": {"code": 14551}}, {"service": {"name": "Adult Antiretroviral Therapy"}, "facility": {"code": 14551}}, {"service": {"name": "Focused Antenatal Care"}, "facility": {"code": 17774}}, {"service": {"name": "Laboratory Services"}, "facility": {"code": 12526}}, {"service": {"name": "Paediatric Antiretroviral Therapy"}, "facility": {"code": 14551}}, {"service": {"name": "Tuberculosis Culture"}, "facility": {"code": 15718}}, {"service": {"name": "Provider Initiated Counselling and Testing"}, "facility": {"code": 10400}}, {"service": {"name": "Immunization with additional vaccines"}, "facility": {"code": 15718}}, {"service": {"name": "Post Exposure Prophylaxis"}, "facility": {"code": 14551}}, {"service": {"name": "Short Term FP"}, "facility": {"code": 17774}}, {"service": {"name": "Adult Antiretroviral Therapy"}, "facility": {"code": 15718}}, {"service": {"name": "Paediatric Antiretroviral Therapy"}, "facility": {"code": 15718}}, {"service": {"name": "Emergency Preparedness"}, "facility": {"code": 12054}}, {"service": {"name": "Oral Health Services (Dental Services)"}, "facility": {"code": 12054}}, {"service": {"name": "PMTCT - Maternity"}, "facility": {"code": 14551}}, {"service": {"name": "Emergency Obstetric Care"}, "facility": {"code": 12054}}, {"service": {"name": "PMTCT - ANC"}, "facility": {"code": 14551}}, {"service": {"name": "Maternity Services"}, "facility": {"code": 12526}}, {"service": {"name": "Nutrition Services"}, "facility": {"code": 12054}}, {"service": {"name": "Early Infant Diagnosis"}, "facility": {"code": 14551}}, {"service": {"name": "Laboratory Services"}, "facility": {"code": 12481}}, {"service": {"name": "Nutrition Services"}, "facility": {"code": 15053}}, {"service": {"name": "Post Exposure Prophylaxis"}, "facility": {"code": 17774}}, {"service": {"name": "Curative Services"}, "facility": {"code": 12526}}, {"service": {"name": "Curative Services"}, "facility": {"code": 12054}}, {"service": {"name": "First Line Treatment"}, "facility": {"code": 12054}}, {"service": {"name": "Emergency Obstetric Care"}, "facility": {"code": 11955}}, {"service": {"name": "Curative Services"}, "facility": {"code": 15053}}, {"service": {"name": "Immunization with additional vaccines"}, "facility": {"code": 12054}}, {"service": {"name": "Basic Immunization"}, "facility": {"code": 12054}}, {"service": {"name": "PMTCT - Maternity"}, "facility": {"code": 17774}}, {"service": {"name": "Focused Antenatal Care"}, "facility": {"code": 12054}}, {"service": {"name": "Integrated Services"}, "facility": {"code": 12054}}, {"service": {"name": "Emergency Preparedness"}, "facility": {"code": 17647}}, {"service": {"name": "PMTCT - ANC"}, "facility": {"code": 17774}}, {"service": {"name": "Short Term FP"}, "facility": {"code": 12054}}, {"service": {"name": "Emergency Obstetric Care"}, "facility": {"code": 17647}}, {"service": {"name": "Post Exposure Prophylaxis"}, "facility": {"code": 12054}}, {"service": {"name": "PMTCT - Maternity"}, "facility": {"code": 12054}}, {"service": {"name": "Early Infant Diagnosis"}, "facility": {"code": 12054}}, {"service": {"name": "Provider Initiated Counselling and Testing"}, "facility": {"code": 12054}}, {"service": {"name": "Management of STIs"}, "facility": {"code": 12054}}, {"service": {"name": "Voluntary Counselling and Testing"}, "facility": {"code": 12054}}, {"service": {"name": "Condom Promotion and Distribution"}, "facility": {"code": 12054}}, {"service": {"name": "Nutrition Services"}, "facility": {"code": 15079}}, {"service": {"name": "Early Infant Diagnosis"}, "facility": {"code": 17774}}, {"service": {"name": "Nutrition Services"}, "facility": {"code": 17647}}, {"service": {"name": "Maternity Services"}, "facility": {"code": 15079}}, {"service": {"name": "First Line Treatment"}, "facility": {"code": 12526}}, {"service": {"name": "Specialized ANC"}, "facility": {"code": 12323}}, {"service": {"name": "Curative Services"}, "facility": {"code": 15079}}, {"service": {"name": "Diagnostic Counselling and Testing"}, "facility": {"code": 14551}}, {"service": {"name": "Port Immunization Services"}, "facility": {"code": 15053}}, {"service": {"name": "Surgical Services"}, "facility": {"code": 17647}}, {"service": {"name": "Smear Microscopy"}, "facility": {"code": 12526}}, {"service": {"name": "Maternity Services"}, "facility": {"code": 17647}}, {"service": {"name": "Mortuary Services"}, "facility": {"code": 11970}}, {"service": {"name": "Emergency Obstetric Care"}, "facility": {"code": 16213}}, {"service": {"name": "Basic Immunization"}, "facility": {"code": 12526}}, {"service": {"name": "Basic Immunization"}, "facility": {"code": 15079}}, {"service": {"name": "Focused Antenatal Care"}, "facility": {"code": 15079}}, {"service": {"name": "Curative Services"}, "facility": {"code": 17647}}, {"service": {"name": "Short Term FP"}, "facility": {"code": 15079}}, {"service": {"name": "Focused Antenatal Care"}, "facility": {"code": 12526}}, {"service": {"name": "Basic Immunization"}, "facility": {"code": 15053}}, {"service": {"name": "Focused Antenatal Care"}, "facility": {"code": 15053}}, {"service": {"name": "Nutrition Services"}, "facility": {"code": 16213}}, {"service": {"name": "Services for Female Genital Mutilation (FGM) Survivors"}, "facility": {"code": 11970}}, {"service": {"name": "Long Term FP"}, "facility": {"code": 12526}}, {"service": {"name": "Management of STIs"}, "facility": {"code": 14551}}, {"service": {"name": "Short Term FP"}, "facility": {"code": 12526}}, {"service": {"name": "Condom Promotion and Distribution"}, "facility": {"code": 14551}}, {"service": {"name": "PMTCT - ANC"}, "facility": {"code": 15079}}, {"service": {"name": "Adult Antiretroviral Therapy"}, "facility": {"code": 12526}}, {"service": {"name": "Provider Initiated Counselling and Testing"}, "facility": {"code": 15079}}, {"service": {"name": "Integrated Management of Childhood Illnesses"}, "facility": {"code": 16213}}, {"service": {"name": "Paediatric Antiretroviral Therapy"}, "facility": {"code": 12526}}, {"service": {"name": "Diagnostic Counselling and Testing"}, "facility": {"code": 17774}}, {"service": {"name": "Management of STIs"}, "facility": {"code": 15079}}, {"service": {"name": "Condom Promotion and Distribution"}, "facility": {"code": 15079}}, {"service": {"name": "Provider Initiated Counselling and Testing"}, "facility": {"code": 17774}}, {"service": {"name": "Post Exposure Prophylaxis"}, "facility": {"code": 12526}}, {"service": {"name": "Short Term FP"}, "facility": {"code": 15053}}, {"service": {"name": "Management of STIs"}, "facility": {"code": 17774}}, {"service": {"name": "Condom Promotion and Distribution"}, "facility": {"code": 17774}}, {"service": {"name": "PMTCT - Maternity"}, "facility": {"code": 12526}}, {"service": {"name": "Environmental Health Services"}, "facility": {"code": 14230}}, {"service": {"name": "PMTCT - ANC"}, "facility": {"code": 15053}}, {"service": {"name": "PMTCT - ANC"}, "facility": {"code": 12526}}, {"service": {"name": "Nutrition Services"}, "facility": {"code": 14230}}, {"service": {"name": "Early Infant Diagnosis"}, "facility": {"code": 12526}}, {"service": {"name": "Management of STIs"}, "facility": {"code": 15053}}, {"service": {"name": "Integrated Management of Childhood Illnesses"}, "facility": {"code": 14230}}, {"service": {"name": "Environmental Health Services"}, "facility": {"code": 12031}}, {"service": {"name": "Diagnostic Counselling and Testing"}, "facility": {"code": 12526}}, {"service": {"name": "Laboratory Services"}, "facility": {"code": 12164}}, {"service": {"name": "Provider Initiated Counselling and Testing"}, "facility": {"code": 12526}}, {"service": {"name": "Nutrition Services"}, "facility": {"code": 12031}}, {"service": {"name": "Laboratory Services"}, "facility": {"code": 16213}}, {"service": {"name": "Management of STIs"}, "facility": {"code": 12526}}, {"service": {"name": "Nutrition Services"}, "facility": {"code": 11955}}, {"service": {"name": "Integrated Management of Childhood Illnesses"}, "facility": {"code": 12031}}, {"service": {"name": "Services for Sexual Violence Survivors"}, "facility": {"code": 15522}}, {"service": {"name": "Condom Promotion and Distribution"}, "facility": {"code": 12526}}, {"service": {"name": "Ambulance Sevices"}, "facility": {"code": 12031}}, {"service": {"name": "Laboratory Services"}, "facility": {"code": 14230}}, {"service": {"name": "Laboratory Services"}, "facility": {"code": 12031}}, {"service": {"name": "Maternity Services"}, "facility": {"code": 15522}}, {"service": {"name": "Surgical Services"}, "facility": {"code": 14230}}, {"service": {"name": "Laboratory Services"}, "facility": {"code": 15522}}, {"service": {"name": "Provider Initiated Counselling and Testing"}, "facility": {"code": 10396}}, {"service": {"name": "Maternity Services"}, "facility": {"code": 14230}}, {"service": {"name": "Maternity Services"}, "facility": {"code": 12031}}, {"service": {"name": "Facility Based Blood Transfusion Service"}, "facility": {"code": 11970}}, {"service": {"name": "Curative Services"}, "facility": {"code": 12031}}, {"service": {"name": "Provider Initiated Counselling and Testing"}, "facility": {"code": 15545}}, {"service": {"name": "Tuberculosis Culture"}, "facility": {"code": 15522}}, {"service": {"name": "Smear Microscopy"}, "facility": {"code": 15522}}, {"service": {"name": "Facility Based Blood Collection Service"}, "facility": {"code": 11970}}, {"service": {"name": "Diagnostic Counselling and Testing"}, "facility": {"code": 15545}}, {"service": {"name": "First Line Treatment"}, "facility": {"code": 12031}}, {"service": {"name": "Curative Services"}, "facility": {"code": 14230}}, {"service": {"name": "Smear Microscopy"}, "facility": {"code": 12031}}, {"service": {"name": "Maternity Services"}, "facility": {"code": 16213}}, {"service": {"name": "Rehabilitative Health Services - Orthopaedic Technology"}, "facility": {"code": 11970}}, {"service": {"name": "Immunization with additional vaccines"}, "facility": {"code": 12031}}, {"service": {"name": "Rehabilitative Health Services - Occupational Health"}, "facility": {"code": 11970}}, {"service": {"name": "Basic Immunization"}, "facility": {"code": 12031}}, {"service": {"name": "Immunization with additional vaccines"}, "facility": {"code": 15522}}, {"service": {"name": "Focused Antenatal Care"}, "facility": {"code": 12031}}, {"service": {"name": "Long Term FP"}, "facility": {"code": 15522}}, {"service": {"name": "Tuberculosis Culture"}, "facility": {"code": 11955}}, {"service": {"name": "Emergency Obstetric Care"}, "facility": {"code": 10048}}, {"service": {"name": "Paediatric Antiretroviral Therapy"}, "facility": {"code": 15522}}, {"service": {"name": "Adult Antiretroviral Therapy"}, "facility": {"code": 15522}}, {"service": {"name": "Nutrition Services"}, "facility": {"code": 10048}}, {"service": {"name": "Curative Services"}, "facility": {"code": 16213}}, {"service": {"name": "Condom Promotion and Distribution"}, "facility": {"code": 15053}}, {"service": {"name": "Curative Services"}, "facility": {"code": 17772}}, {"service": {"name": "Post Exposure Prophylaxis"}, "facility": {"code": 15522}}, {"service": {"name": "Specialized ANC"}, "facility": {"code": 12053}}, {"service": {"name": "First Line Treatment"}, "facility": {"code": 16213}}, {"service": {"name": "Diagnostic Counselling and Testing"}, "facility": {"code": 15522}}, {"service": {"name": "Basic Immunization"}, "facility": {"code": 17772}}, {"service": {"name": "Smear Microscopy"}, "facility": {"code": 16213}}, {"service": {"name": "Long Term FP"}, "facility": {"code": 12031}}, {"service": {"name": "Laboratory Services"}, "facility": {"code": 10048}}, {"service": {"name": "Management of STIs"}, "facility": {"code": 15522}}, {"service": {"name": "Maternity Services"}, "facility": {"code": 10048}}, {"service": {"name": "Basic Immunization"}, "facility": {"code": 16213}}, {"service": {"name": "Curative Services"}, "facility": {"code": 10048}}, {"service": {"name": "Short Term FP"}, "facility": {"code": 12031}}, {"service": {"name": "Emergency Preparedness"}, "facility": {"code": 12087}}, {"service": {"name": "Focused Antenatal Care"}, "facility": {"code": 16213}}, {"service": {"name": "Oral Health Services (Dental Services)"}, "facility": {"code": 12087}}, {"service": {"name": "Emergency Obstetric Care"}, "facility": {"code": 12087}}, {"service": {"name": "Provider Initiated Counselling and Testing"}, "facility": {"code": 17772}}, {"service": {"name": "Focused Antenatal Care"}, "facility": {"code": 10048}}, {"service": {"name": "Integrated Services"}, "facility": {"code": 16213}}, {"service": {"name": "Adult Antiretroviral Therapy"}, "facility": {"code": 12031}}, {"service": {"name": "Diagnostic Counselling and Testing"}, "facility": {"code": 17772}}, {"service": {"name": "Nutrition Services"}, "facility": {"code": 12087}}, {"service": {"name": "PMTCT - Maternity"}, "facility": {"code": 10048}}, {"service": {"name": "Integrated Management of Childhood Illnesses"}, "facility": {"code": 12087}}, {"service": {"name": "Short Term FP"}, "facility": {"code": 16213}}, {"service": {"name": "Maternity Services"}, "facility": {"code": 12087}}, {"service": {"name": "Paediatric Antiretroviral Therapy"}, "facility": {"code": 12031}}, {"service": {"name": "Curative Services"}, "facility": {"code": 12087}}, {"service": {"name": "First Line Treatment"}, "facility": {"code": 11970}}, {"service": {"name": "PMTCT - ANC"}, "facility": {"code": 10048}}, {"service": {"name": "Oral Health Services (Dental Services)"}, "facility": {"code": 11218}}, {"service": {"name": "Focused Antenatal Care"}, "facility": {"code": 17772}}, {"service": {"name": "Emergency Obstetric Care"}, "facility": {"code": 11218}}, {"service": {"name": "Post Exposure Prophylaxis"}, "facility": {"code": 12031}}, {"service": {"name": "Adult Antiretroviral Therapy"}, "facility": {"code": 16213}}, {"service": {"name": "PMTCT - Maternity"}, "facility": {"code": 12031}}, {"service": {"name": "Short Term FP"}, "facility": {"code": 17772}}, {"service": {"name": "PMTCT - ANC"}, "facility": {"code": 12031}}, {"service": {"name": "First Line Treatment"}, "facility": {"code": 12087}}, {"service": {"name": "Paediatric Antiretroviral Therapy"}, "facility": {"code": 16213}}, {"service": {"name": "Early Infant Diagnosis"}, "facility": {"code": 12031}}, {"service": {"name": "Integrated Management of Childhood Illnesses"}, "facility": {"code": 12813}}, {"service": {"name": "Focused Antenatal Care"}, "facility": {"code": 12087}}, {"service": {"name": "Immunization with additional vaccines"}, "facility": {"code": 12087}}, {"service": {"name": "Laboratory Services"}, "facility": {"code": 12813}}, {"service": {"name": "Basic Immunization"}, "facility": {"code": 12087}}, {"service": {"name": "Diagnostic Counselling and Testing"}, "facility": {"code": 12031}}, {"service": {"name": "Integrated Services"}, "facility": {"code": 12087}}, {"service": {"name": "Smear Microscopy"}, "facility": {"code": 11970}}, {"service": {"name": "Management of STIs"}, "facility": {"code": 17772}}, {"service": {"name": "Condom Promotion and Distribution"}, "facility": {"code": 17772}}, {"service": {"name": "Maternity Services"}, "facility": {"code": 12813}}, {"service": {"name": "Curative Services"}, "facility": {"code": 12813}}, {"service": {"name": "Short Term FP"}, "facility": {"code": 12087}}, {"service": {"name": "Integrated Management of Childhood Illnesses"}, "facility": {"code": 12080}}, {"service": {"name": "Laboratory Services"}, "facility": {"code": 11218}}, {"service": {"name": "Provider Initiated Counselling and Testing"}, "facility": {"code": 12031}}, {"service": {"name": "Emergency Preparedness"}, "facility": {"code": 16234}}, {"service": {"name": "Post Exposure Prophylaxis"}, "facility": {"code": 12087}}, {"service": {"name": "Voluntary Male Circumcision"}, "facility": {"code": 12087}}, {"service": {"name": "Maternity Services"}, "facility": {"code": 11218}}, {"service": {"name": "Nutrition Services"}, "facility": {"code": 12080}}, {"service": {"name": "Voluntary Counselling and Testing"}, "facility": {"code": 12031}}, {"service": {"name": "PMTCT - ANC"}, "facility": {"code": 12087}}, {"service": {"name": "Diagnostic Counselling and Testing"}, "facility": {"code": 12087}}, {"service": {"name": "Immunization with additional vaccines"}, "facility": {"code": 11970}}, {"service": {"name": "Voluntary Counselling and Testing"}, "facility": {"code": 12087}}, {"service": {"name": "Management of STIs"}, "facility": {"code": 12087}}, {"service": {"name": "Laboratory Services"}, "facility": {"code": 12080}}, {"service": {"name": "Condom Promotion and Distribution"}, "facility": {"code": 12087}}, {"service": {"name": "Basic Immunization"}, "facility": {"code": 11970}}, {"service": {"name": "Emergency Obstetric Care"}, "facility": {"code": 14733}}, {"service": {"name": "Condom Promotion and Distribution"}, "facility": {"code": 16350}}, {"service": {"name": "Focused Antenatal Care"}, "facility": {"code": 11218}}, {"service": {"name": "Emergency Obstetric Care"}, "facility": {"code": 16234}}, {"service": {"name": "Specialized ANC"}, "facility": {"code": 11970}}, {"service": {"name": "Condom Promotion and Distribution"}, "facility": {"code": 12031}}, {"service": {"name": "Emergency Preparedness"}, "facility": {"code": 12323}}, {"service": {"name": "Curative Services"}, "facility": {"code": 17771}}, {"service": {"name": "Laboratory Services"}, "facility": {"code": 17771}}, {"service": {"name": "Maternity Services"}, "facility": {"code": 13258}}, {"service": {"name": "Maternity Services"}, "facility": {"code": 12080}}, {"service": {"name": "PMTCT - ANC"}, "facility": {"code": 16213}}, {"service": {"name": "Focused Antenatal Care"}, "facility": {"code": 11970}}, {"service": {"name": "ENT Services"}, "facility": {"code": 12323}}, {"service": {"name": "Emergency Obstetric Care"}, "facility": {"code": 15545}}, {"service": {"name": "Curative Services"}, "facility": {"code": 12080}}, {"service": {"name": "Curative Services"}, "facility": {"code": 13258}}, {"service": {"name": "Diagnostic Counselling and Testing"}, "facility": {"code": 16213}}, {"service": {"name": "Environmental Health Services"}, "facility": {"code": 14733}}, {"service": {"name": "Oral Health Services (Dental Services)"}, "facility": {"code": 12323}}, {"service": {"name": "Provider Initiated Counselling and Testing"}, "facility": {"code": 10339}}, {"service": {"name": "Services for Sexual Violence Survivors"}, "facility": {"code": 15545}}, {"service": {"name": "First Line Treatment"}, "facility": {"code": 12080}}, {"service": {"name": "MDRTB Treatment"}, "facility": {"code": 12080}}, {"service": {"name": "Emergency Obstetric Care"}, "facility": {"code": 12323}}, {"service": {"name": "Environmental Health Services"}, "facility": {"code": 15545}}, {"service": {"name": "Provider Initiated Counselling and Testing"}, "facility": {"code": 16213}}, {"service": {"name": "Management of STIs"}, "facility": {"code": 17771}}, {"service": {"name": "Condom Promotion and Distribution"}, "facility": {"code": 17771}}, {"service": {"name": "Environmental Health Services"}, "facility": {"code": 12323}}, {"service": {"name": "Laboratory Services"}, "facility": {"code": 15549}}, {"service": {"name": "Maternity Services"}, "facility": {"code": 15549}}, {"service": {"name": "Curative Services"}, "facility": {"code": 15549}}, {"service": {"name": "Smear Microscopy"}, "facility": {"code": 12080}}, {"service": {"name": "Integrated Services"}, "facility": {"code": 11970}}, {"service": {"name": "Permanent FP"}, "facility": {"code": 11970}}, {"service": {"name": "First Line Treatment"}, "facility": {"code": 15549}}, {"service": {"name": "Long Term FP"}, "facility": {"code": 11970}}, {"service": {"name": "Voluntary Counselling and Testing"}, "facility": {"code": 16213}}, {"service": {"name": "Tuberculosis Culture"}, "facility": {"code": 15549}}, {"service": {"name": "Smear Microscopy"}, "facility": {"code": 15549}}, {"service": {"name": "Services for Sexual Violence Survivors"}, "facility": {"code": 16234}}, {"service": {"name": "Immunization with additional vaccines"}, "facility": {"code": 12080}}, {"service": {"name": "Short Term FP"}, "facility": {"code": 11970}}, {"service": {"name": "Nutrition Services"}, "facility": {"code": 15545}}, {"service": {"name": "Immunization with additional vaccines"}, "facility": {"code": 15549}}, {"service": {"name": "Emergency Preparedness"}, "facility": {"code": 12527}}, {"service": {"name": "Basic Immunization"}, "facility": {"code": 12080}}, {"service": {"name": "Management of STIs"}, "facility": {"code": 16213}}, {"service": {"name": "Focused Antenatal Care"}, "facility": {"code": 12080}}, {"service": {"name": "Laboratory Services"}, "facility": {"code": 15545}}, {"service": {"name": "Home Based Care"}, "facility": {"code": 11970}}, {"service": {"name": "Specialized ANC"}, "facility": {"code": 12080}}, {"service": {"name": "Adult Antiretroviral Therapy"}, "facility": {"code": 11970}}, {"service": {"name": "Emergency Obstetric Care"}, "facility": {"code": 12527}}, {"service": {"name": "Long Term FP"}, "facility": {"code": 15549}}, {"service": {"name": "Environmental Health Services"}, "facility": {"code": 12527}}, {"service": {"name": "Condom Promotion and Distribution"}, "facility": {"code": 16213}}, {"service": {"name": "Curative Services"}, "facility": {"code": 15545}}, {"service": {"name": "Paediatric Antiretroviral Therapy"}, "facility": {"code": 11970}}, {"service": {"name": "Emergency Preparedness"}, "facility": {"code": 14230}}, {"service": {"name": "Smear Microscopy"}, "facility": {"code": 15545}}, {"service": {"name": "First Line Treatment"}, "facility": {"code": 15545}}, {"service": {"name": "Permanent FP"}, "facility": {"code": 12080}}, {"service": {"name": "Long Term FP"}, "facility": {"code": 12080}}, {"service": {"name": "Short Term FP"}, "facility": {"code": 12080}}, {"service": {"name": "Emergency Preparedness"}, "facility": {"code": 16813}}, {"service": {"name": "Laboratory Services"}, "facility": {"code": 12527}}, {"service": {"name": "Laboratory Services"}, "facility": {"code": 12026}}, {"service": {"name": "Basic Immunization"}, "facility": {"code": 15545}}, {"service": {"name": "Adult Antiretroviral Therapy"}, "facility": {"code": 12080}}, {"service": {"name": "Emergency Obstetric Care"}, "facility": {"code": 16813}}, {"service": {"name": "Curative Services"}, "facility": {"code": 12026}}, {"service": {"name": "Paediatric Antiretroviral Therapy"}, "facility": {"code": 12080}}, {"service": {"name": "Nutrition Services"}, "facility": {"code": 12527}}, {"service": {"name": "Focused Antenatal Care"}, "facility": {"code": 15545}}, {"service": {"name": "Management of STIs"}, "facility": {"code": 11975}}, {"service": {"name": "First Line Treatment"}, "facility": {"code": 12026}}, {"service": {"name": "Nutrition Services"}, "facility": {"code": 16813}}, {"service": {"name": "Post Exposure Prophylaxis"}, "facility": {"code": 12080}}, {"service": {"name": "Smear Microscopy"}, "facility": {"code": 12026}}, {"service": {"name": "Basic Immunization"}, "facility": {"code": 12026}}, {"service": {"name": "Environmental Health Services"}, "facility": {"code": 14235}}, {"service": {"name": "Surgical Services"}, "facility": {"code": 12527}}, {"service": {"name": "Specialized ANC"}, "facility": {"code": 11940}}, {"service": {"name": "Surgical Services"}, "facility": {"code": 16813}}, {"service": {"name": "Short Term FP"}, "facility": {"code": 12026}}, {"service": {"name": "Short Term FP"}, "facility": {"code": 15545}}, {"service": {"name": "Maternity Services"}, "facility": {"code": 16813}}, {"service": {"name": "Maternity Services"}, "facility": {"code": 12527}}, {"service": {"name": "Emergency Preparedness"}, "facility": {"code": 12142}}, {"service": {"name": "Curative Services"}, "facility": {"code": 16813}}, {"service": {"name": "Integrated Management of Childhood Illnesses"}, "facility": {"code": 14733}}, {"service": {"name": "Nutrition Services"}, "facility": {"code": 16234}}, {"service": {"name": "Integrated Management of Childhood Illnesses"}, "facility": {"code": 14235}}, {"service": {"name": "Curative Services"}, "facility": {"code": 12527}}, {"service": {"name": "Adult Antiretroviral Therapy"}, "facility": {"code": 15545}}, {"service": {"name": "PMTCT - Maternity"}, "facility": {"code": 12080}}, {"service": {"name": "Nutrition Services"}, "facility": {"code": 14235}}, {"service": {"name": "Emergency Obstetric Care"}, "facility": {"code": 12142}}, {"service": {"name": "Emergency Obstetric Care"}, "facility": {"code": 16362}}, {"service": {"name": "Oral Health Services (Dental Services)"}, "facility": {"code": 12142}}, {"service": {"name": "PMTCT - ANC"}, "facility": {"code": 12026}}, {"service": {"name": "PMTCT - ANC"}, "facility": {"code": 12080}}, {"service": {"name": "Paediatric Antiretroviral Therapy"}, "facility": {"code": 15545}}, {"service": {"name": "Early Infant Diagnosis"}, "facility": {"code": 12080}}, {"service": {"name": "Ambulance Sevices"}, "facility": {"code": 14235}}, {"service": {"name": "Laboratory Services"}, "facility": {"code": 14235}}, {"service": {"name": "Post Exposure Prophylaxis"}, "facility": {"code": 15545}}, {"service": {"name": "Facility Based Blood Transfusion Service"}, "facility": {"code": 12527}}, {"service": {"name": "Provider Initiated Counselling and Testing"}, "facility": {"code": 12026}}, {"service": {"name": "Maternity Services"}, "facility": {"code": 14235}}, {"service": {"name": "Basic Immunization"}, "facility": {"code": 16813}}, {"service": {"name": "Environmental Health Services"}, "facility": {"code": 16362}}, {"service": {"name": "PMTCT - ANC"}, "facility": {"code": 15545}}, {"service": {"name": "Nutrition Services"}, "facility": {"code": 12142}}, {"service": {"name": "Curative Services"}, "facility": {"code": 14235}}, {"service": {"name": "Integrated Management of Childhood Illnesses"}, "facility": {"code": 12142}}, {"service": {"name": "Early Infant Diagnosis"}, "facility": {"code": 15545}}, {"service": {"name": "Smear Microscopy"}, "facility": {"code": 12527}}, {"service": {"name": "Focused Antenatal Care"}, "facility": {"code": 16813}}, {"service": {"name": "Maternity Services"}, "facility": {"code": 12142}}, {"service": {"name": "Post Exposure Prophylaxis"}, "facility": {"code": 11970}}, {"service": {"name": "Provider Initiated Counselling and Testing"}, "facility": {"code": 12080}}, {"service": {"name": "Voluntary Counselling and Testing"}, "facility": {"code": 15545}}, {"service": {"name": "Voluntary Counselling and Testing"}, "facility": {"code": 12080}}, {"service": {"name": "Long Term FP"}, "facility": {"code": 16813}}, {"service": {"name": "Management of STIs"}, "facility": {"code": 15545}}, {"service": {"name": "Curative Services"}, "facility": {"code": 12142}}, {"service": {"name": "Management of STIs"}, "facility": {"code": 12080}}, {"service": {"name": "Short Term FP"}, "facility": {"code": 16813}}, {"service": {"name": "Condom Promotion and Distribution"}, "facility": {"code": 15545}}, {"service": {"name": "Emergency Obstetric Care"}, "facility": {"code": 16693}}, {"service": {"name": "Short Term FP"}, "facility": {"code": 13453}}, {"service": {"name": "First Line Treatment"}, "facility": {"code": 14235}}, {"service": {"name": "PMTCT - Maternity"}, "facility": {"code": 11970}}, {"service": {"name": "Condom Promotion and Distribution"}, "facility": {"code": 12080}}, {"service": {"name": "Surgical Services"}, "facility": {"code": 16362}}, {"service": {"name": "Immunization with additional vaccines"}, "facility": {"code": 12142}}, {"service": {"name": "Paediatric Antiretroviral Therapy"}, "facility": {"code": 16813}}, {"service": {"name": "Surgical Services"}, "facility": {"code": 14733}}, {"service": {"name": "Basic Immunization"}, "facility": {"code": 12142}}, {"service": {"name": "Basic Immunization"}, "facility": {"code": 12527}}, {"service": {"name": "Services for Sexual Violence Survivors"}, "facility": {"code": 12323}}, {"service": {"name": "PMTCT - ANC"}, "facility": {"code": 11970}}, {"service": {"name": "Emergency Obstetric Care"}, "facility": {"code": 14230}}, {"service": {"name": "Focused Antenatal Care"}, "facility": {"code": 12142}}, {"service": {"name": "Focused Antenatal Care"}, "facility": {"code": 12527}}, {"service": {"name": "Integrated Services"}, "facility": {"code": 12142}}, {"service": {"name": "Immunization with additional vaccines"}, "facility": {"code": 14235}}, {"service": {"name": "Maternity Services"}, "facility": {"code": 16362}}, {"service": {"name": "Early Infant Diagnosis"}, "facility": {"code": 11970}}, {"service": {"name": "PMTCT - Maternity"}, "facility": {"code": 16813}}, {"service": {"name": "Nutrition Services"}, "facility": {"code": 12323}}, {"service": {"name": "Permanent FP"}, "facility": {"code": 12142}}, {"service": {"name": "Basic Immunization"}, "facility": {"code": 14235}}, {"service": {"name": "Short Term FP"}, "facility": {"code": 12142}}, {"service": {"name": "Curative Services"}, "facility": {"code": 16362}}, {"service": {"name": "PMTCT - ANC"}, "facility": {"code": 16813}}, {"service": {"name": "Permanent FP"}, "facility": {"code": 12527}}, {"service": {"name": "Integrated Management of Childhood Illnesses"}, "facility": {"code": 16234}}, {"service": {"name": "Integrated Management of Childhood Illnesses"}, "facility": {"code": 12323}}, {"service": {"name": "Focused Antenatal Care"}, "facility": {"code": 14235}}, {"service": {"name": "Long Term FP"}, "facility": {"code": 12527}}, {"service": {"name": "Short Term FP"}, "facility": {"code": 12527}}, {"service": {"name": "Diagnostic Counselling and Testing"}, "facility": {"code": 11970}}, {"service": {"name": "Provider Initiated Counselling and Testing"}, "facility": {"code": 11970}}, {"service": {"name": "Curative Services"}, "facility": {"code": 14733}}, {"service": {"name": "Diagnostic Counselling and Testing"}, "facility": {"code": 17718}}, {"service": {"name": "PMTCT - Maternity"}, "facility": {"code": 14235}}, {"service": {"name": "First Line Treatment"}, "facility": {"code": 16362}}, {"service": {"name": "PMTCT - ANC"}, "facility": {"code": 14235}}, {"service": {"name": "Voluntary Counselling and Testing"}, "facility": {"code": 11970}}, {"service": {"name": "Adult Antiretroviral Therapy"}, "facility": {"code": 12142}}, {"service": {"name": "Laboratory Services"}, "facility": {"code": 16693}}, {"service": {"name": "Laboratory Services"}, "facility": {"code": 12323}}, {"service": {"name": "Paediatric Antiretroviral Therapy"}, "facility": {"code": 12142}}, {"service": {"name": "Post Exposure Prophylaxis"}, "facility": {"code": 12142}}, {"service": {"name": "Voluntary Male Circumcision"}, "facility": {"code": 12142}}, {"service": {"name": "PMTCT - Maternity"}, "facility": {"code": 12142}}, {"service": {"name": "Management of STIs"}, "facility": {"code": 16813}}, {"service": {"name": "Surgical Services"}, "facility": {"code": 12323}}, {"service": {"name": "Management of STIs"}, "facility": {"code": 14235}}, {"service": {"name": "Early Infant Diagnosis"}, "facility": {"code": 12142}}, {"service": {"name": "Diagnostic Counselling and Testing"}, "facility": {"code": 12142}}, {"service": {"name": "Condom Promotion and Distribution"}, "facility": {"code": 16813}}, {"service": {"name": "Provider Initiated Counselling and Testing"}, "facility": {"code": 12142}}, {"service": {"name": "Voluntary Counselling and Testing"}, "facility": {"code": 12142}}, {"service": {"name": "PMTCT - Maternity"}, "facility": {"code": 12527}}, {"service": {"name": "Management of STIs"}, "facility": {"code": 12142}}, {"service": {"name": "Condom Promotion and Distribution"}, "facility": {"code": 12142}}, {"service": {"name": "Maternity Services"}, "facility": {"code": 12323}}, {"service": {"name": "Management of STIs"}, "facility": {"code": 11970}}, {"service": {"name": "PMTCT - ANC"}, "facility": {"code": 12527}}, {"service": {"name": "Diagnostic Counselling and Testing"}, "facility": {"code": 12527}}, {"service": {"name": "Curative Services"}, "facility": {"code": 12323}}, {"service": {"name": "Provider Initiated Counselling and Testing"}, "facility": {"code": 12527}}, {"service": {"name": "Management of STIs"}, "facility": {"code": 12527}}, {"service": {"name": "Emergency Preparedness"}, "facility": {"code": 17770}}, {"service": {"name": "ENT Services"}, "facility": {"code": 17770}}, {"service": {"name": "Oral Health Services (Dental Services)"}, "facility": {"code": 17770}}, {"service": {"name": "First Line Treatment"}, "facility": {"code": 12323}}, {"service": {"name": "Basic Immunization"}, "facility": {"code": 16362}}, {"service": {"name": "Emergency Obstetric Care"}, "facility": {"code": 17770}}, {"service": {"name": "Smear Microscopy"}, "facility": {"code": 12323}}, {"service": {"name": "Laboratory Services"}, "facility": {"code": 17770}}, {"service": {"name": "Surgical Services"}, "facility": {"code": 17770}}, {"service": {"name": "Immunization with additional vaccines"}, "facility": {"code": 12323}}, {"service": {"name": "Basic Immunization"}, "facility": {"code": 12323}}, {"service": {"name": "Maternity Services"}, "facility": {"code": 17770}}, {"service": {"name": "Focused Antenatal Care"}, "facility": {"code": 16362}}, {"service": {"name": "PMTCT - ANC"}, "facility": {"code": 14217}}, {"service": {"name": "Curative Services"}, "facility": {"code": 17770}}, {"service": {"name": "Maternity Services"}, "facility": {"code": 14533}}, {"service": {"name": "Focused Antenatal Care"}, "facility": {"code": 12323}}, {"service": {"name": "Focused Antenatal Care"}, "facility": {"code": 17770}}, {"service": {"name": "Early Infant Diagnosis"}, "facility": {"code": 14217}}, {"service": {"name": "Curative Services"}, "facility": {"code": 14533}}, {"service": {"name": "Short Term FP"}, "facility": {"code": 12323}}, {"service": {"name": "Facility Based Blood Transfusion Service"}, "facility": {"code": 14230}}, {"service": {"name": "Short Term FP"}, "facility": {"code": 16362}}, {"service": {"name": "Condom Promotion and Distribution"}, "facility": {"code": 14240}}, {"service": {"name": "Home Based Care"}, "facility": {"code": 12323}}, {"service": {"name": "Diagnostic Counselling and Testing"}, "facility": {"code": 14217}}, {"service": {"name": "PMTCT - ANC"}, "facility": {"code": 16362}}, {"service": {"name": "Adult Antiretroviral Therapy"}, "facility": {"code": 12323}}, {"service": {"name": "Curative Services"}, "facility": {"code": 16693}}, {"service": {"name": "Provider Initiated Counselling and Testing"}, "facility": {"code": 14217}}, {"service": {"name": "Paediatric Antiretroviral Therapy"}, "facility": {"code": 12323}}, {"service": {"name": "Long Term FP"}, "facility": {"code": 17770}}, {"service": {"name": "Provider Initiated Counselling and Testing"}, "facility": {"code": 16362}}, {"service": {"name": "Short Term FP"}, "facility": {"code": 17770}}, {"service": {"name": "Post Exposure Prophylaxis"}, "facility": {"code": 12323}}, {"service": {"name": "Voluntary Counselling and Testing"}, "facility": {"code": 14217}}, {"service": {"name": "Voluntary Male Circumcision"}, "facility": {"code": 12323}}, {"service": {"name": "Immunization with additional vaccines"}, "facility": {"code": 14533}}, {"service": {"name": "Emergency Obstetric Care"}, "facility": {"code": 14466}}, {"service": {"name": "Management of STIs"}, "facility": {"code": 14217}}, {"service": {"name": "Voluntary Male Circumcision"}, "facility": {"code": 17770}}, {"service": {"name": "PMTCT - Maternity"}, "facility": {"code": 12323}}, {"service": {"name": "Basic Immunization"}, "facility": {"code": 14533}}, {"service": {"name": "PMTCT - Maternity"}, "facility": {"code": 17770}}, {"service": {"name": "Condom Promotion and Distribution"}, "facility": {"code": 14217}}, {"service": {"name": "PMTCT - ANC"}, "facility": {"code": 17770}}, {"service": {"name": "PMTCT - ANC"}, "facility": {"code": 12323}}, {"service": {"name": "Focused Antenatal Care"}, "facility": {"code": 14533}}, {"service": {"name": "Diagnostic Counselling and Testing"}, "facility": {"code": 17770}}, {"service": {"name": "Long Term FP"}, "facility": {"code": 14533}}, {"service": {"name": "Provider Initiated Counselling and Testing"}, "facility": {"code": 17770}}, {"service": {"name": "Management of STIs"}, "facility": {"code": 17770}}, {"service": {"name": "Short Term FP"}, "facility": {"code": 14533}}, {"service": {"name": "Management of STIs"}, "facility": {"code": 16362}}, {"service": {"name": "Condom Promotion and Distribution"}, "facility": {"code": 17770}}, {"service": {"name": "Early Infant Diagnosis"}, "facility": {"code": 12323}}, {"service": {"name": "Condom Promotion and Distribution"}, "facility": {"code": 16362}}, {"service": {"name": "Oral Health Services (Dental Services)"}, "facility": {"code": 11977}}, {"service": {"name": "Curative Services"}, "facility": {"code": 14466}}, {"service": {"name": "PMTCT - ANC"}, "facility": {"code": 14533}}, {"service": {"name": "Dental Laboratory Services"}, "facility": {"code": 17768}}, {"service": {"name": "Emergency Obstetric Care"}, "facility": {"code": 11977}}, {"service": {"name": "Provider Initiated Counselling and Testing"}, "facility": {"code": 14533}}, {"service": {"name": "Diagnostic Counselling and Testing"}, "facility": {"code": 12323}}, {"service": {"name": "Management of STIs"}, "facility": {"code": 14533}}, {"service": {"name": "Provider Initiated Counselling and Testing"}, "facility": {"code": 12323}}, {"service": {"name": "Condom Promotion and Distribution"}, "facility": {"code": 14533}}, {"service": {"name": "PMTCT - Maternity"}, "facility": {"code": 14217}}, {"service": {"name": "Rehabilitative Health Services - Physiotherapy"}, "facility": {"code": 11977}}, {"service": {"name": "Emergency Preparedness"}, "facility": {"code": 11917}}, {"service": {"name": "Management of STIs"}, "facility": {"code": 12323}}, {"service": {"name": "Ambulance Sevices"}, "facility": {"code": 16234}}, {"service": {"name": "Basic Immunization"}, "facility": {"code": 16693}}, {"service": {"name": "ENT Services"}, "facility": {"code": 11999}}, {"service": {"name": "Condom Promotion and Distribution"}, "facility": {"code": 12323}}, {"service": {"name": "Oral Health Services (Dental Services)"}, "facility": {"code": 11999}}, {"service": {"name": "Permanent FP"}, "facility": {"code": 14466}}, {"service": {"name": "Nutrition Services"}, "facility": {"code": 11977}}, {"service": {"name": "First Line Treatment"}, "facility": {"code": 11999}}, {"service": {"name": "Short Term FP"}, "facility": {"code": 16693}}, {"service": {"name": "Emergency Obstetric Care"}, "facility": {"code": 11917}}, {"service": {"name": "Immunization with additional vaccines"}, "facility": {"code": 11999}}, {"service": {"name": "Integrated Management of Childhood Illnesses"}, "facility": {"code": 11977}}, {"service": {"name": "Ambulance Sevices"}, "facility": {"code": 11977}}, {"service": {"name": "Services for Sexual Violence Survivors"}, "facility": {"code": 11917}}, {"service": {"name": "Laboratory Services"}, "facility": {"code": 11977}}, {"service": {"name": "Surgical Services"}, "facility": {"code": 11977}}, {"service": {"name": "Emergency Obstetric Care"}, "facility": {"code": 15062}}, {"service": {"name": "Environmental Health Services"}, "facility": {"code": 15062}}, {"service": {"name": "Long Term FP"}, "facility": {"code": 14466}}, {"service": {"name": "Nutrition Services"}, "facility": {"code": 15062}}, {"service": {"name": "Integrated Management of Childhood Illnesses"}, "facility": {"code": 15062}}, {"service": {"name": "Ambulance Sevices"}, "facility": {"code": 15062}}, {"service": {"name": "Maternity Services"}, "facility": {"code": 11977}}, {"service": {"name": "Laboratory Services"}, "facility": {"code": 15062}}, {"service": {"name": "Curative Services"}, "facility": {"code": 11977}}, {"service": {"name": "Surgical Services"}, "facility": {"code": 15062}}, {"service": {"name": "Short Term FP"}, "facility": {"code": 14466}}, {"service": {"name": "Curative Services"}, "facility": {"code": 12164}}, {"service": {"name": "Mortuary Services"}, "facility": {"code": 11977}}, {"service": {"name": "Management of STIs"}, "facility": {"code": 14466}}, {"service": {"name": "Facility Based Blood Transfusion Service"}, "facility": {"code": 11977}}, {"service": {"name": "Maternity Services"}, "facility": {"code": 15062}}, {"service": {"name": "Curative Services"}, "facility": {"code": 15062}}, {"service": {"name": "Condom Promotion and Distribution"}, "facility": {"code": 14466}}, {"service": {"name": "First Line Treatment"}, "facility": {"code": 11977}}, {"service": {"name": "Environmental Health Services"}, "facility": {"code": 12053}}, {"service": {"name": "Smear Microscopy"}, "facility": {"code": 11977}}, {"service": {"name": "Integrated Management of Childhood Illnesses"}, "facility": {"code": 16241}}, {"service": {"name": "First Line Treatment"}, "facility": {"code": 15062}}, {"service": {"name": "Smear Microscopy"}, "facility": {"code": 15062}}, {"service": {"name": "First Line Treatment"}, "facility": {"code": 12164}}, {"service": {"name": "Immunization with additional vaccines"}, "facility": {"code": 11977}}, {"service": {"name": "Nutrition Services"}, "facility": {"code": 11917}}, {"service": {"name": "Immunization with additional vaccines"}, "facility": {"code": 15062}}, {"service": {"name": "Basic Immunization"}, "facility": {"code": 11977}}, {"service": {"name": "Surgical Services"}, "facility": {"code": 13451}}, {"service": {"name": "Basic Immunization"}, "facility": {"code": 15062}}, {"service": {"name": "Focused Antenatal Care"}, "facility": {"code": 15062}}, {"service": {"name": "Smear Microscopy"}, "facility": {"code": 12164}}, {"service": {"name": "Ambulance Sevices"}, "facility": {"code": 11917}}, {"service": {"name": "Focused Antenatal Care"}, "facility": {"code": 13451}}, {"service": {"name": "Long Term FP"}, "facility": {"code": 15062}}, {"service": {"name": "Provider Initiated Counselling and Testing"}, "facility": {"code": 16693}}, {"service": {"name": "Focused Antenatal Care"}, "facility": {"code": 11977}}, {"service": {"name": "Short Term FP"}, "facility": {"code": 15062}}, {"service": {"name": "Curative Services"}, "facility": {"code": 16234}}, {"service": {"name": "Post Exposure Prophylaxis"}, "facility": {"code": 15062}}, {"service": {"name": "Immunization with additional vaccines"}, "facility": {"code": 12164}}, {"service": {"name": "Voluntary Male Circumcision"}, "facility": {"code": 15062}}, {"service": {"name": "PMTCT - Maternity"}, "facility": {"code": 15062}}, {"service": {"name": "Management of STIs"}, "facility": {"code": 13451}}, {"service": {"name": "PMTCT - ANC"}, "facility": {"code": 15062}}, {"service": {"name": "Home Based Care"}, "facility": {"code": 12053}}, {"service": {"name": "Diagnostic Counselling and Testing"}, "facility": {"code": 15062}}, {"service": {"name": "Provider Initiated Counselling and Testing"}, "facility": {"code": 15062}}, {"service": {"name": "Management of STIs"}, "facility": {"code": 16693}}, {"service": {"name": "Maternity Services"}, "facility": {"code": 11917}}, {"service": {"name": "Adult Antiretroviral Therapy"}, "facility": {"code": 11977}}, {"service": {"name": "Voluntary Counselling and Testing"}, "facility": {"code": 15062}}, {"service": {"name": "Curative Services"}, "facility": {"code": 11917}}, {"service": {"name": "Management of STIs"}, "facility": {"code": 15062}}, {"service": {"name": "Environmental Health Services"}, "facility": {"code": 12181}}, {"service": {"name": "Condom Promotion and Distribution"}, "facility": {"code": 15062}}, {"service": {"name": "Paediatric Antiretroviral Therapy"}, "facility": {"code": 11977}}, {"service": {"name": "PMTCT - ANC"}, "facility": {"code": 12053}}, {"service": {"name": "Post Exposure Prophylaxis"}, "facility": {"code": 11977}}, {"service": {"name": "PMTCT - Maternity"}, "facility": {"code": 11977}}, {"service": {"name": "PMTCT - ANC"}, "facility": {"code": 11977}}, {"service": {"name": "Condom Promotion and Distribution"}, "facility": {"code": 16693}}, {"service": {"name": "Early Infant Diagnosis"}, "facility": {"code": 11977}}, {"service": {"name": "Diagnostic Counselling and Testing"}, "facility": {"code": 11977}}, {"service": {"name": "Curative Services"}, "facility": {"code": 10678}}, {"service": {"name": "Provider Initiated Counselling and Testing"}, "facility": {"code": 11977}}, {"service": {"name": "Short Term FP"}, "facility": {"code": 10678}}, {"service": {"name": "Emergency Preparedness"}, "facility": {"code": 12061}}, {"service": {"name": "ENT Services"}, "facility": {"code": 12061}}, {"service": {"name": "Voluntary Counselling and Testing"}, "facility": {"code": 11977}}, {"service": {"name": "Management of STIs"}, "facility": {"code": 11977}}, {"service": {"name": "Oral Health Services (Dental Services)"}, "facility": {"code": 12061}}, {"service": {"name": "Emergency Obstetric Care"}, "facility": {"code": 12061}}, {"service": {"name": "Immunization with additional vaccines"}, "facility": {"code": 11917}}, {"service": {"name": "Basic Immunization"}, "facility": {"code": 12164}}, {"service": {"name": "Basic Immunization"}, "facility": {"code": 11917}}, {"service": {"name": "Nutrition Services"}, "facility": {"code": 12061}}, {"service": {"name": "Specialized ANC"}, "facility": {"code": 11917}}, {"service": {"name": "Integrated Management of Childhood Illnesses"}, "facility": {"code": 12061}}, {"service": {"name": "Focused Antenatal Care"}, "facility": {"code": 11917}}, {"service": {"name": "Tuberculosis Culture"}, "facility": {"code": 14230}}, {"service": {"name": "Maternity Services"}, "facility": {"code": 12061}}, {"service": {"name": "Curative Services"}, "facility": {"code": 12061}}, {"service": {"name": "Focused Antenatal Care"}, "facility": {"code": 12164}}, {"service": {"name": "Smear Microscopy"}, "facility": {"code": 14230}}, {"service": {"name": "First Line Treatment"}, "facility": {"code": 12061}}, {"service": {"name": "Basic Immunization"}, "facility": {"code": 14230}}, {"service": {"name": "Immunization with additional vaccines"}, "facility": {"code": 12061}}, {"service": {"name": "Basic Immunization"}, "facility": {"code": 12061}}, {"service": {"name": "Specialized ANC"}, "facility": {"code": 14230}}, {"service": {"name": "Focused Antenatal Care"}, "facility": {"code": 12061}}, {"service": {"name": "Integrated Services"}, "facility": {"code": 12061}}, {"service": {"name": "Nutrition Services"}, "facility": {"code": 16323}}, {"service": {"name": "Integrated Management of Childhood Illnesses"}, "facility": {"code": 16323}}, {"service": {"name": "Focused Antenatal Care"}, "facility": {"code": 14230}}, {"service": {"name": "Provider Initiated Counselling and Testing"}, "facility": {"code": 12061}}, {"service": {"name": "Short Term FP"}, "facility": {"code": 12061}}, {"service": {"name": "Emergency Obstetric Care"}, "facility": {"code": 16216}}, {"service": {"name": "Home Based Care"}, "facility": {"code": 12061}}, {"service": {"name": "Adult Antiretroviral Therapy"}, "facility": {"code": 12061}}, {"service": {"name": "Paediatric Antiretroviral Therapy"}, "facility": {"code": 12061}}, {"service": {"name": "Short Term FP"}, "facility": {"code": 11917}}, {"service": {"name": "Post Exposure Prophylaxis"}, "facility": {"code": 12061}}, {"service": {"name": "Voluntary Male Circumcision"}, "facility": {"code": 12061}}, {"service": {"name": "PMTCT - Maternity"}, "facility": {"code": 12061}}, {"service": {"name": "PMTCT - ANC"}, "facility": {"code": 12061}}, {"service": {"name": "Early Infant Diagnosis"}, "facility": {"code": 12061}}, {"service": {"name": "Diagnostic Counselling and Testing"}, "facility": {"code": 12061}}, {"service": {"name": "Voluntary Counselling and Testing"}, "facility": {"code": 12061}}, {"service": {"name": "Management of STIs"}, "facility": {"code": 12061}}, {"service": {"name": "Condom Promotion and Distribution"}, "facility": {"code": 12061}}, {"service": {"name": "Nutrition Services"}, "facility": {"code": 16216}}, {"service": {"name": "Emergency Obstetric Care"}, "facility": {"code": 10049}}, {"service": {"name": "Integrated Services"}, "facility": {"code": 12164}}, {"service": {"name": "Environmental Health Services"}, "facility": {"code": 10049}}, {"service": {"name": "Nutrition Services"}, "facility": {"code": 10049}}, {"service": {"name": "Post Exposure Prophylaxis"}, "facility": {"code": 11917}}, {"service": {"name": "Curative Services"}, "facility": {"code": 16216}}, {"service": {"name": "Laboratory Services"}, "facility": {"code": 10049}}, {"service": {"name": "PMTCT - Maternity"}, "facility": {"code": 11917}}, {"service": {"name": "Maternity Services"}, "facility": {"code": 10049}}, {"service": {"name": "Curative Services"}, "facility": {"code": 10049}}, {"service": {"name": "Emergency Preparedness"}, "facility": {"code": 11773}}, {"service": {"name": "PMTCT - ANC"}, "facility": {"code": 11917}}, {"service": {"name": "ENT Services"}, "facility": {"code": 11773}}, {"service": {"name": "MDRTB Treatment"}, "facility": {"code": 10049}}, {"service": {"name": "Oral Health Services (Dental Services)"}, "facility": {"code": 11773}}, {"service": {"name": "Emergency Obstetric Care"}, "facility": {"code": 11773}}, {"service": {"name": "Focused Antenatal Care"}, "facility": {"code": 16216}}, {"service": {"name": "First Line Treatment"}, "facility": {"code": 10049}}, {"service": {"name": "Smear Microscopy"}, "facility": {"code": 10049}}, {"service": {"name": "Rehabilitative Health Services - Physiotherapy"}, "facility": {"code": 11773}}, {"service": {"name": "Diagnostic Counselling and Testing"}, "facility": {"code": 11917}}, {"service": {"name": "Basic Immunization"}, "facility": {"code": 10049}}, {"service": {"name": "Provider Initiated Counselling and Testing"}, "facility": {"code": 11917}}, {"service": {"name": "Nutrition Services"}, "facility": {"code": 11773}}, {"service": {"name": "Short Term FP"}, "facility": {"code": 16216}}, {"service": {"name": "Focused Antenatal Care"}, "facility": {"code": 10049}}, {"service": {"name": "Voluntary Counselling and Testing"}, "facility": {"code": 11917}}, {"service": {"name": "Laboratory Services"}, "facility": {"code": 11773}}, {"service": {"name": "Integrated Services"}, "facility": {"code": 10049}}, {"service": {"name": "Management of STIs"}, "facility": {"code": 11917}}, {"service": {"name": "Surgical Services"}, "facility": {"code": 11773}}, {"service": {"name": "Condom Promotion and Distribution"}, "facility": {"code": 11917}}, {"service": {"name": "Long Term FP"}, "facility": {"code": 10049}}, {"service": {"name": "Maternity Services"}, "facility": {"code": 11773}}, {"service": {"name": "Short Term FP"}, "facility": {"code": 10049}}, {"service": {"name": "Curative Services"}, "facility": {"code": 11773}}, {"service": {"name": "Adult Antiretroviral Therapy"}, "facility": {"code": 10049}}, {"service": {"name": "Focused Antenatal Care"}, "facility": {"code": 11773}}, {"service": {"name": "Laboratory Services"}, "facility": {"code": 17767}}, {"service": {"name": "Short Term FP"}, "facility": {"code": 11773}}, {"service": {"name": "Surgical Services"}, "facility": {"code": 17767}}, {"service": {"name": "Paediatric Antiretroviral Therapy"}, "facility": {"code": 10049}}, {"service": {"name": "Post Exposure Prophylaxis"}, "facility": {"code": 11773}}, {"service": {"name": "Curative Services"}, "facility": {"code": 17767}}, {"service": {"name": "Curative Services"}, "facility": {"code": 10173}}, {"service": {"name": "Environmental Health Services"}, "facility": {"code": 14424}}, {"service": {"name": "Voluntary Male Circumcision"}, "facility": {"code": 11773}}, {"service": {"name": "PMTCT - ANC"}, "facility": {"code": 16216}}, {"service": {"name": "PMTCT - Maternity"}, "facility": {"code": 11773}}, {"service": {"name": "PMTCT - ANC"}, "facility": {"code": 11773}}, {"service": {"name": "Rehabilitative Health Services - Physiotherapy"}, "facility": {"code": 14424}}, {"service": {"name": "PMTCT - Maternity"}, "facility": {"code": 10049}}, {"service": {"name": "Diagnostic Counselling and Testing"}, "facility": {"code": 11773}}, {"service": {"name": "Provider Initiated Counselling and Testing"}, "facility": {"code": 11773}}, {"service": {"name": "PMTCT - ANC"}, "facility": {"code": 10049}}, {"service": {"name": "Management of STIs"}, "facility": {"code": 11773}}, {"service": {"name": "Laboratory Services"}, "facility": {"code": 14513}}, {"service": {"name": "Services for Sexual Violence Survivors"}, "facility": {"code": 14424}}, {"service": {"name": "Short Term FP"}, "facility": {"code": 17767}}, {"service": {"name": "Condom Promotion and Distribution"}, "facility": {"code": 11773}}, {"service": {"name": "Early Infant Diagnosis"}, "facility": {"code": 10049}}, {"service": {"name": "Mental Health Services"}, "facility": {"code": 14424}}, {"service": {"name": "Diagnostic Counselling and Testing"}, "facility": {"code": 10049}}, {"service": {"name": "Diagnostic Counselling and Testing"}, "facility": {"code": 17767}}, {"service": {"name": "Curative Services"}, "facility": {"code": 14513}}, {"service": {"name": "Surgical Services"}, "facility": {"code": 13458}}, {"service": {"name": "Opthalmic Services"}, "facility": {"code": 14424}}, {"service": {"name": "Provider Initiated Counselling and Testing"}, "facility": {"code": 10049}}, {"service": {"name": "Services for Sexual Violence Survivors"}, "facility": {"code": 12181}}, {"service": {"name": "Voluntary Counselling and Testing"}, "facility": {"code": 10049}}, {"service": {"name": "First Line Treatment"}, "facility": {"code": 16234}}, {"service": {"name": "Smear Microscopy"}, "facility": {"code": 14513}}, {"service": {"name": "Management of STIs"}, "facility": {"code": 10049}}, {"service": {"name": "Early Infant Diagnosis"}, "facility": {"code": 13458}}, {"service": {"name": "Smear Microscopy"}, "facility": {"code": 16234}}, {"service": {"name": "Condom Promotion and Distribution"}, "facility": {"code": 10049}}, {"service": {"name": "Emergency Obstetric Care"}, "facility": {"code": 11923}}, {"service": {"name": "Nutrition Services"}, "facility": {"code": 14424}}, {"service": {"name": "Immunization with additional vaccines"}, "facility": {"code": 16234}}, {"service": {"name": "Short Term FP"}, "facility": {"code": 12164}}, {"service": {"name": "Dental Laboratory Services"}, "facility": {"code": 13402}}, {"service": {"name": "Integrated Management of Childhood Illnesses"}, "facility": {"code": 14424}}, {"service": {"name": "Laboratory Services"}, "facility": {"code": 14424}}, {"service": {"name": "Oral Health Services (Dental Services)"}, "facility": {"code": 13402}}, {"service": {"name": "Basic Immunization"}, "facility": {"code": 16234}}, {"service": {"name": "Surgical Services"}, "facility": {"code": 14424}}, {"service": {"name": "Ambulance Sevices"}, "facility": {"code": 11923}}, {"service": {"name": "Emergency Obstetric Care"}, "facility": {"code": 13402}}, {"service": {"name": "Maternity Services"}, "facility": {"code": 14424}}, {"service": {"name": "Immunization with additional vaccines"}, "facility": {"code": 14513}}, {"service": {"name": "Laboratory Services"}, "facility": {"code": 11923}}, {"service": {"name": "Curative Services"}, "facility": {"code": 14424}}, {"service": {"name": "Basic Immunization"}, "facility": {"code": 14513}}, {"service": {"name": "First Line Treatment"}, "facility": {"code": 14424}}, {"service": {"name": "Focused Antenatal Care"}, "facility": {"code": 14513}}, {"service": {"name": "Integrated Services"}, "facility": {"code": 16234}}, {"service": {"name": "Tuberculosis Culture"}, "facility": {"code": 14424}}, {"service": {"name": "Smear Microscopy"}, "facility": {"code": 14424}}, {"service": {"name": "Integrated Management of Childhood Illnesses"}, "facility": {"code": 12181}}, {"service": {"name": "Environmental Health Services"}, "facility": {"code": 13402}}, {"service": {"name": "Basic Immunization"}, "facility": {"code": 14424}}, {"service": {"name": "Emergency Preparedness"}, "facility": {"code": 11956}}, {"service": {"name": "ENT Services"}, "facility": {"code": 11956}}, {"service": {"name": "Focused Antenatal Care"}, "facility": {"code": 14424}}, {"service": {"name": "Rehabilitative Health Services - Physiotherapy"}, "facility": {"code": 13402}}, {"service": {"name": "Oral Health Services (Dental Services)"}, "facility": {"code": 11956}}, {"service": {"name": "Long Term FP"}, "facility": {"code": 14513}}, {"service": {"name": "Emergency Obstetric Care"}, "facility": {"code": 11956}}, {"service": {"name": "Integrated Services"}, "facility": {"code": 14424}}, {"service": {"name": "Provider Initiated Counselling and Testing"}, "facility": {"code": 17767}}, {"service": {"name": "Short Term FP"}, "facility": {"code": 14513}}, {"service": {"name": "Long Term FP"}, "facility": {"code": 14424}}, {"service": {"name": "Services for Sexual Violence Survivors"}, "facility": {"code": 13402}}, {"service": {"name": "Home Based Care"}, "facility": {"code": 14424}}, {"service": {"name": "Nutrition Services"}, "facility": {"code": 11956}}, {"service": {"name": "Mental Health Services"}, "facility": {"code": 13402}}, {"service": {"name": "Integrated Management of Childhood Illnesses"}, "facility": {"code": 11956}}, {"service": {"name": "Opthalmic Services"}, "facility": {"code": 13402}}, {"service": {"name": "Management of STIs"}, "facility": {"code": 17767}}, {"service": {"name": "Nutrition Services"}, "facility": {"code": 13402}}, {"service": {"name": "Maternity Services"}, "facility": {"code": 11923}}, {"service": {"name": "Environmental Health Services"}, "facility": {"code": 17766}}, {"service": {"name": "Integrated Management of Childhood Illnesses"}, "facility": {"code": 13402}}, {"service": {"name": "Condom Promotion and Distribution"}, "facility": {"code": 17767}}, {"service": {"name": "PMTCT - ANC"}, "facility": {"code": 14513}}, {"service": {"name": "Ambulance Sevices"}, "facility": {"code": 13402}}, {"service": {"name": "Maternity Services"}, "facility": {"code": 11956}}, {"service": {"name": "Curative Services"}, "facility": {"code": 11956}}, {"service": {"name": "Laboratory Services"}, "facility": {"code": 13402}}, {"service": {"name": "Permanent FP"}, "facility": {"code": 14230}}, {"service": {"name": "Provider Initiated Counselling and Testing"}, "facility": {"code": 14513}}, {"service": {"name": "Emergency Obstetric Care"}, "facility": {"code": 10160}}, {"service": {"name": "Radiology Services"}, "facility": {"code": 13402}}, {"service": {"name": "Curative Services"}, "facility": {"code": 11923}}, {"service": {"name": "Laboratory Services"}, "facility": {"code": 10160}}, {"service": {"name": "Management of STIs"}, "facility": {"code": 14513}}, {"service": {"name": "Surgical Services"}, "facility": {"code": 13402}}, {"service": {"name": "Curative Services"}, "facility": {"code": 10160}}, {"service": {"name": "Maternity Services"}, "facility": {"code": 13402}}, {"service": {"name": "Long Term FP"}, "facility": {"code": 14230}}, {"service": {"name": "Condom Promotion and Distribution"}, "facility": {"code": 14513}}, {"service": {"name": "Nutrition Services"}, "facility": {"code": 13450}}, {"service": {"name": "First Line Treatment"}, "facility": {"code": 11956}}, {"service": {"name": "Curative Services"}, "facility": {"code": 13402}}, {"service": {"name": "Surgical Services"}, "facility": {"code": 13450}}, {"service": {"name": "Short Term FP"}, "facility": {"code": 14230}}, {"service": {"name": "Immunization with additional vaccines"}, "facility": {"code": 11956}}, {"service": {"name": "Basic Immunization"}, "facility": {"code": 10160}}, {"service": {"name": "Basic Immunization"}, "facility": {"code": 11956}}, {"service": {"name": "Focused Antenatal Care"}, "facility": {"code": 10160}}, {"service": {"name": "Focused Antenatal Care"}, "facility": {"code": 11956}}, {"service": {"name": "Mortuary Services"}, "facility": {"code": 13402}}, {"service": {"name": "Basic Immunization"}, "facility": {"code": 13450}}, {"service": {"name": "Short Term FP"}, "facility": {"code": 10160}}, {"service": {"name": "Focused Antenatal Care"}, "facility": {"code": 13450}}, {"service": {"name": "PMTCT - ANC"}, "facility": {"code": 10160}}, {"service": {"name": "Post Exposure Prophylaxis"}, "facility": {"code": 14424}}, {"service": {"name": "Management of STIs"}, "facility": {"code": 10160}}, {"service": {"name": "PMTCT - Maternity"}, "facility": {"code": 14424}}, {"service": {"name": "Condom Promotion and Distribution"}, "facility": {"code": 10160}}, {"service": {"name": "Curative Services"}, "facility": {"code": 17766}}, {"service": {"name": "Facility Based Blood Transfusion Service"}, "facility": {"code": 13402}}, {"service": {"name": "PMTCT - ANC"}, "facility": {"code": 14424}}, {"service": {"name": "Focused Antenatal Care"}, "facility": {"code": 16234}}, {"service": {"name": "Short Term FP"}, "facility": {"code": 11956}}, {"service": {"name": "Paediatric Antiretroviral Therapy"}, "facility": {"code": 11956}}, {"service": {"name": "Facility Based Blood Collection Service"}, "facility": {"code": 13402}}, {"service": {"name": "PMTCT - ANC"}, "facility": {"code": 13450}}, {"service": {"name": "Post Exposure Prophylaxis"}, "facility": {"code": 11956}}, {"service": {"name": "Diagnostic Counselling and Testing"}, "facility": {"code": 14424}}, {"service": {"name": "Provider Initiated Counselling and Testing"}, "facility": {"code": 13450}}, {"service": {"name": "Early Infant Diagnosis"}, "facility": {"code": 14424}}, {"service": {"name": "Voluntary Male Circumcision"}, "facility": {"code": 11956}}, {"service": {"name": "Focused Antenatal Care"}, "facility": {"code": 17766}}, {"service": {"name": "PMTCT - Maternity"}, "facility": {"code": 11956}}, {"service": {"name": "Voluntary Counselling and Testing"}, "facility": {"code": 14424}}, {"service": {"name": "PMTCT - ANC"}, "facility": {"code": 11956}}, {"service": {"name": "Rehabilitative Health Services - Orthopaedic Technology"}, "facility": {"code": 13402}}, {"service": {"name": "Early Infant Diagnosis"}, "facility": {"code": 11956}}, {"service": {"name": "Diagnostic Counselling and Testing"}, "facility": {"code": 11956}}, {"service": {"name": "Provider Initiated Counselling and Testing"}, "facility": {"code": 14424}}, {"service": {"name": "Provider Initiated Counselling and Testing"}, "facility": {"code": 11956}}, {"service": {"name": "Voluntary Counselling and Testing"}, "facility": {"code": 11956}}, {"service": {"name": "Environmental Health Services"}, "facility": {"code": 15057}}, {"service": {"name": "Management of STIs"}, "facility": {"code": 11956}}, {"service": {"name": "Rehabilitative Health Services - Occupational Health"}, "facility": {"code": 13402}}, {"service": {"name": "Management of STIs"}, "facility": {"code": 14424}}, {"service": {"name": "Long Term FP"}, "facility": {"code": 17766}}, {"service": {"name": "Condom Promotion and Distribution"}, "facility": {"code": 11956}}, {"service": {"name": "Condom Promotion and Distribution"}, "facility": {"code": 14424}}, {"service": {"name": "Short Term FP"}, "facility": {"code": 17766}}, {"service": {"name": "Nutrition Services"}, "facility": {"code": 15057}}, {"service": {"name": "Laboratory Services"}, "facility": {"code": 10098}}, {"service": {"name": "First Line Treatment"}, "facility": {"code": 13402}}, {"service": {"name": "Adult Antiretroviral Therapy"}, "facility": {"code": 14424}}, {"service": {"name": "Integrated Management of Childhood Illnesses"}, "facility": {"code": 15057}}, {"service": {"name": "Smear Microscopy"}, "facility": {"code": 13402}}, {"service": {"name": "Short Term FP"}, "facility": {"code": 14424}}, {"service": {"name": "Specialized ANC"}, "facility": {"code": 12472}}, {"service": {"name": "Curative Services"}, "facility": {"code": 10098}}, {"service": {"name": "Laboratory Services"}, "facility": {"code": 15057}}, {"service": {"name": "Maternity Services"}, "facility": {"code": 15057}}, {"service": {"name": "PMTCT - ANC"}, "facility": {"code": 17766}}, {"service": {"name": "Curative Services"}, "facility": {"code": 15057}}, {"service": {"name": "Provider Initiated Counselling and Testing"}, "facility": {"code": 17766}}, {"service": {"name": "Basic Immunization"}, "facility": {"code": 13402}}, {"service": {"name": "Smear Microscopy"}, "facility": {"code": 11923}}, {"service": {"name": "First Line Treatment"}, "facility": {"code": 15057}}, {"service": {"name": "Management of STIs"}, "facility": {"code": 17766}}, {"service": {"name": "Permanent FP"}, "facility": {"code": 16234}}, {"service": {"name": "Long Term FP"}, "facility": {"code": 16234}}, {"service": {"name": "Tuberculosis Culture"}, "facility": {"code": 15057}}, {"service": {"name": "Basic Immunization"}, "facility": {"code": 11923}}, {"service": {"name": "Adult Antiretroviral Therapy"}, "facility": {"code": 14230}}, {"service": {"name": "Smear Microscopy"}, "facility": {"code": 15057}}, {"service": {"name": "Short Term FP"}, "facility": {"code": 16234}}, {"service": {"name": "Oral Health Services (Dental Services)"}, "facility": {"code": 14295}}, {"service": {"name": "Radiology Services"}, "facility": {"code": 12181}}, {"service": {"name": "Focused Antenatal Care"}, "facility": {"code": 13402}}, {"service": {"name": "Focused Antenatal Care"}, "facility": {"code": 11923}}, {"service": {"name": "Immunization with additional vaccines"}, "facility": {"code": 15057}}, {"service": {"name": "Basic Immunization"}, "facility": {"code": 15057}}, {"service": {"name": "Surgical Services"}, "facility": {"code": 13446}}, {"service": {"name": "Curative Services"}, "facility": {"code": 11399}}, {"service": {"name": "Adult Antiretroviral Therapy"}, "facility": {"code": 16234}}, {"service": {"name": "Focused Antenatal Care"}, "facility": {"code": 15057}}, {"service": {"name": "Paediatric Antiretroviral Therapy"}, "facility": {"code": 16234}}, {"service": {"name": "Permanent FP"}, "facility": {"code": 13402}}, {"service": {"name": "Post Exposure Prophylaxis"}, "facility": {"code": 16234}}, {"service": {"name": "Focused Antenatal Care"}, "facility": {"code": 13446}}, {"service": {"name": "Short Term FP"}, "facility": {"code": 11923}}, {"service": {"name": "Long Term FP"}, "facility": {"code": 15057}}, {"service": {"name": "Laboratory Services"}, "facility": {"code": 14295}}, {"service": {"name": "Long Term FP"}, "facility": {"code": 13402}}, {"service": {"name": "Short Term FP"}, "facility": {"code": 15057}}, {"service": {"name": "Short Term FP"}, "facility": {"code": 13402}}, {"service": {"name": "PMTCT - Maternity"}, "facility": {"code": 16234}}, {"service": {"name": "Home Based Care"}, "facility": {"code": 15057}}, {"service": {"name": "Condom Promotion and Distribution"}, "facility": {"code": 17766}}, {"service": {"name": "PMTCT - ANC"}, "facility": {"code": 13446}}, {"service": {"name": "Home Based Care"}, "facility": {"code": 13402}}, {"service": {"name": "PMTCT - ANC"}, "facility": {"code": 16234}}, {"service": {"name": "Provider Initiated Counselling and Testing"}, "facility": {"code": 13446}}, {"service": {"name": "Early Infant Diagnosis"}, "facility": {"code": 16234}}, {"service": {"name": "Adult Antiretroviral Therapy"}, "facility": {"code": 15057}}, {"service": {"name": "Diagnostic Counselling and Testing"}, "facility": {"code": 16234}}, {"service": {"name": "Adult Antiretroviral Therapy"}, "facility": {"code": 13402}}, {"service": {"name": "Provider Initiated Counselling and Testing"}, "facility": {"code": 16234}}, {"service": {"name": "Post Exposure Prophylaxis"}, "facility": {"code": 14230}}, {"service": {"name": "Voluntary Counselling and Testing"}, "facility": {"code": 16234}}, {"service": {"name": "Post Exposure Prophylaxis"}, "facility": {"code": 15057}}, {"service": {"name": "Management of STIs"}, "facility": {"code": 16234}}, {"service": {"name": "Services for Sexual Violence Survivors"}, "facility": {"code": 14295}}, {"service": {"name": "PMTCT - Maternity"}, "facility": {"code": 14230}}, {"service": {"name": "Dental Laboratory Services"}, "facility": {"code": 13442}}, {"service": {"name": "PMTCT - Maternity"}, "facility": {"code": 15057}}, {"service": {"name": "Paediatric Antiretroviral Therapy"}, "facility": {"code": 13402}}, {"service": {"name": "PMTCT - Maternity"}, "facility": {"code": 11923}}, {"service": {"name": "Oral Health Services (Dental Services)"}, "facility": {"code": 12472}}, {"service": {"name": "PMTCT - ANC"}, "facility": {"code": 15057}}, {"service": {"name": "PMTCT - ANC"}, "facility": {"code": 14230}}, {"service": {"name": "Mental Health Services"}, "facility": {"code": 14295}}, {"service": {"name": "Condom Promotion and Distribution"}, "facility": {"code": 16234}}, {"service": {"name": "Early Infant Diagnosis"}, "facility": {"code": 15057}}, {"service": {"name": "PMTCT - ANC"}, "facility": {"code": 11923}}, {"service": {"name": "Post Exposure Prophylaxis"}, "facility": {"code": 13402}}, {"service": {"name": "Diagnostic Counselling and Testing"}, "facility": {"code": 15057}}, {"service": {"name": "Laboratory Services"}, "facility": {"code": 13442}}, {"service": {"name": "Voluntary Male Circumcision"}, "facility": {"code": 13402}}, {"service": {"name": "Diagnostic Counselling and Testing"}, "facility": {"code": 14230}}, {"service": {"name": "Provider Initiated Counselling and Testing"}, "facility": {"code": 15057}}, {"service": {"name": "Diagnostic Counselling and Testing"}, "facility": {"code": 11923}}, {"service": {"name": "Voluntary Counselling and Testing"}, "facility": {"code": 15057}}, {"service": {"name": "PMTCT - Maternity"}, "facility": {"code": 13402}}, {"service": {"name": "Management of STIs"}, "facility": {"code": 15057}}, {"service": {"name": "PMTCT - ANC"}, "facility": {"code": 13402}}, {"service": {"name": "Condom Promotion and Distribution"}, "facility": {"code": 15057}}, {"service": {"name": "Provider Initiated Counselling and Testing"}, "facility": {"code": 11923}}, {"service": {"name": "Provider Initiated Counselling and Testing"}, "facility": {"code": 14230}}, {"service": {"name": "Radiology Services"}, "facility": {"code": 12472}}, {"service": {"name": "Diagnostic Counselling and Testing"}, "facility": {"code": 13402}}, {"service": {"name": "Early Infant Diagnosis"}, "facility": {"code": 13402}}, {"service": {"name": "Management of STIs"}, "facility": {"code": 14230}}, {"service": {"name": "Voluntary Counselling and Testing"}, "facility": {"code": 11923}}, {"service": {"name": "Condom Promotion and Distribution"}, "facility": {"code": 14230}}, {"service": {"name": "Adult Antiretroviral Therapy"}, "facility": {"code": 10806}}, {"service": {"name": "Management of STIs"}, "facility": {"code": 11923}}, {"service": {"name": "Provider Initiated Counselling and Testing"}, "facility": {"code": 13402}}, {"service": {"name": "Condom Promotion and Distribution"}, "facility": {"code": 11923}}, {"service": {"name": "Voluntary Counselling and Testing"}, "facility": {"code": 13402}}, {"service": {"name": "Management of STIs"}, "facility": {"code": 13402}}, {"service": {"name": "Basic Immunization"}, "facility": {"code": 14733}}, {"service": {"name": "Focused Antenatal Care"}, "facility": {"code": 13439}}, {"service": {"name": "Laboratory Services"}, "facility": {"code": 11971}}, {"service": {"name": "Short Term FP"}, "facility": {"code": 13439}}, {"service": {"name": "Condom Promotion and Distribution"}, "facility": {"code": 13402}}, {"service": {"name": "Surgical Services"}, "facility": {"code": 13442}}, {"service": {"name": "Smear Microscopy"}, "facility": {"code": 11971}}, {"service": {"name": "Management of STIs"}, "facility": {"code": 13439}}, {"service": {"name": "Condom Promotion and Distribution"}, "facility": {"code": 13439}}, {"service": {"name": "Long Term FP"}, "facility": {"code": 11971}}, {"service": {"name": "First Line Treatment"}, "facility": {"code": 14733}}, {"service": {"name": "Emergency Obstetric Care"}, "facility": {"code": 11156}}, {"service": {"name": "Maternity Services"}, "facility": {"code": 11156}}, {"service": {"name": "Curative Services"}, "facility": {"code": 11156}}, {"service": {"name": "Maternity Services"}, "facility": {"code": 13442}}, {"service": {"name": "Emergency Obstetric Care"}, "facility": {"code": 14465}}, {"service": {"name": "Diagnostic Counselling and Testing"}, "facility": {"code": 11971}}, {"service": {"name": "Smear Microscopy"}, "facility": {"code": 14733}}, {"service": {"name": "Basic Immunization"}, "facility": {"code": 11156}}, {"service": {"name": "Focused Antenatal Care"}, "facility": {"code": 11156}}, {"service": {"name": "Short Term FP"}, "facility": {"code": 11156}}, {"service": {"name": "PMTCT - Maternity"}, "facility": {"code": 11156}}, {"service": {"name": "PMTCT - ANC"}, "facility": {"code": 11156}}, {"service": {"name": "Environmental Health Services"}, "facility": {"code": 14465}}, {"service": {"name": "Focused Antenatal Care"}, "facility": {"code": 14733}}, {"service": {"name": "Nutrition Services"}, "facility": {"code": 14465}}, {"service": {"name": "Immunization with additional vaccines"}, "facility": {"code": 12181}}, {"service": {"name": "Integrated Management of Childhood Illnesses"}, "facility": {"code": 14465}}, {"service": {"name": "Emergency Preparedness"}, "facility": {"code": 12029}}, {"service": {"name": "Integrated Services"}, "facility": {"code": 14733}}, {"service": {"name": "ENT Services"}, "facility": {"code": 12029}}, {"service": {"name": "Laboratory Services"}, "facility": {"code": 14465}}, {"service": {"name": "Oral Health Services (Dental Services)"}, "facility": {"code": 12029}}, {"service": {"name": "Short Term FP"}, "facility": {"code": 14733}}, {"service": {"name": "Emergency Obstetric Care"}, "facility": {"code": 12029}}, {"service": {"name": "Home Based Care"}, "facility": {"code": 14733}}, {"service": {"name": "Services for Sexual Violence Survivors"}, "facility": {"code": 11990}}, {"service": {"name": "Adult Antiretroviral Therapy"}, "facility": {"code": 14733}}, {"service": {"name": "Paediatric Antiretroviral Therapy"}, "facility": {"code": 14733}}, {"service": {"name": "Maternity Services"}, "facility": {"code": 14465}}, {"service": {"name": "PMTCT - ANC"}, "facility": {"code": 12164}}, {"service": {"name": "PMTCT - ANC"}, "facility": {"code": 14733}}, {"service": {"name": "Curative Services"}, "facility": {"code": 14465}}, {"service": {"name": "Diagnostic Counselling and Testing"}, "facility": {"code": 12164}}, {"service": {"name": "Post Exposure Prophylaxis"}, "facility": {"code": 12181}}, {"service": {"name": "Early Infant Diagnosis"}, "facility": {"code": 14733}}, {"service": {"name": "Provider Initiated Counselling and Testing"}, "facility": {"code": 12164}}, {"service": {"name": "Diagnostic Counselling and Testing"}, "facility": {"code": 14733}}, {"service": {"name": "Voluntary Counselling and Testing"}, "facility": {"code": 12164}}, {"service": {"name": "Diagnostic Counselling and Testing"}, "facility": {"code": 12181}}, {"service": {"name": "Management of STIs"}, "facility": {"code": 12164}}, {"service": {"name": "Provider Initiated Counselling and Testing"}, "facility": {"code": 14733}}, {"service": {"name": "Condom Promotion and Distribution"}, "facility": {"code": 12164}}, {"service": {"name": "Voluntary Counselling and Testing"}, "facility": {"code": 14733}}, {"service": {"name": "Laboratory Services"}, "facility": {"code": 14516}}, {"service": {"name": "Management of STIs"}, "facility": {"code": 14733}}, {"service": {"name": "Condom Promotion and Distribution"}, "facility": {"code": 14733}}, {"service": {"name": "Curative Services"}, "facility": {"code": 11398}}, {"service": {"name": "Basic Immunization"}, "facility": {"code": 13419}}, {"service": {"name": "Curative Services"}, "facility": {"code": 14516}}, {"service": {"name": "First Line Treatment"}, "facility": {"code": 14465}}, {"service": {"name": "Focused Antenatal Care"}, "facility": {"code": 13419}}, {"service": {"name": "Basic Immunization"}, "facility": {"code": 11398}}, {"service": {"name": "Short Term FP"}, "facility": {"code": 13419}}, {"service": {"name": "Immunization with additional vaccines"}, "facility": {"code": 11990}}, {"service": {"name": "Condom Promotion and Distribution"}, "facility": {"code": 11931}}, {"service": {"name": "Management of STIs"}, "facility": {"code": 11931}}, {"service": {"name": "Short Term FP"}, "facility": {"code": 11398}}, {"service": {"name": "Smear Microscopy"}, "facility": {"code": 14465}}, {"service": {"name": "Immunization with additional vaccines"}, "facility": {"code": 14516}}, {"service": {"name": "Environmental Health Services"}, "facility": {"code": 14474}}, {"service": {"name": "PMTCT - Maternity"}, "facility": {"code": 13419}}, {"service": {"name": "PMTCT - ANC"}, "facility": {"code": 13419}}, {"service": {"name": "Nutrition Services"}, "facility": {"code": 14474}}, {"service": {"name": "Basic Immunization"}, "facility": {"code": 14516}}, {"service": {"name": "PMTCT - ANC"}, "facility": {"code": 11398}}, {"service": {"name": "Condom Promotion and Distribution"}, "facility": {"code": 13419}}, {"service": {"name": "Integrated Management of Childhood Illnesses"}, "facility": {"code": 14474}}, {"service": {"name": "Adult Antiretroviral Therapy"}, "facility": {"code": 11990}}, {"service": {"name": "Management of STIs"}, "facility": {"code": 13419}}, {"service": {"name": "Immunization with additional vaccines"}, "facility": {"code": 14465}}, {"service": {"name": "Paediatric Antiretroviral Therapy"}, "facility": {"code": 11990}}, {"service": {"name": "Focused Antenatal Care"}, "facility": {"code": 14516}}, {"service": {"name": "Condom Promotion and Distribution"}, "facility": {"code": 11398}}, {"service": {"name": "Curative Services"}, "facility": {"code": 14474}}, {"service": {"name": "Basic Immunization"}, "facility": {"code": 14465}}, {"service": {"name": "Immunization with additional vaccines"}, "facility": {"code": 14474}}, {"service": {"name": "Long Term FP"}, "facility": {"code": 14516}}, {"service": {"name": "Basic Immunization"}, "facility": {"code": 14474}}, {"service": {"name": "Maternity Services"}, "facility": {"code": 14316}}, {"service": {"name": "Focused Antenatal Care"}, "facility": {"code": 14474}}], "unique_fields": ["facility", "service"], "model": "facilities.FacilityService"}]