[{"records": [{"service": {"name": "Maternity Services"}, "facility": {"code": 14561}}, {"service": {"name": "Voluntary Counselling and Testing"}, "facility": {"code": 14613}}, {"service": {"name": "Focused Antenatal Care"}, "facility": {"code": 14754}}, {"service": {"name": "Provider Initiated Counselling and Testing"}, "facility": {"code": 13459}}, {"service": {"name": "Curative Services"}, "facility": {"code": 14561}}, {"service": {"name": "Facility Based Blood Transfusion Service"}, "facility": {"code": 14652}}, {"service": {"name": "Focused Antenatal Care"}, "facility": {"code": 14292}}, {"service": {"name": "Facility Based Blood Collection Service"}, "facility": {"code": 14652}}, {"service": {"name": "Management of STIs"}, "facility": {"code": 13459}}, {"service": {"name": "Management of STIs"}, "facility": {"code": 13363}}, {"service": {"name": "Immunization with additional vaccines"}, "facility": {"code": 14561}}, {"service": {"name": "Basic Immunization"}, "facility": {"code": 14561}}, {"service": {"name": "Short Term FP"}, "facility": {"code": 14754}}, {"service": {"name": "Focused Antenatal Care"}, "facility": {"code": 14561}}, {"service": {"name": "Short Term FP"}, "facility": {"code": 14292}}, {"service": {"name": "Integrated Services"}, "facility": {"code": 14561}}, {"service": {"name": "Curative Services"}, "facility": {"code": 10892}}, {"service": {"name": "Long Term FP"}, "facility": {"code": 14561}}, {"service": {"name": "Rehabilitative Health Services - Occupational Health"}, "facility": {"code": 14652}}, {"service": {"name": "Basic Immunization"}, "facility": {"code": 10892}}, {"service": {"name": "Laboratory Services"}, "facility": {"code": 15625}}, {"service": {"name": "Short Term FP"}, "facility": {"code": 14561}}, {"service": {"name": "Smear Microscopy"}, "facility": {"code": 14652}}, {"service": {"name": "Home Based Care"}, "facility": {"code": 14561}}, {"service": {"name": "Curative Services"}, "facility": {"code": 15625}}, {"service": {"name": "Adult Antiretroviral Therapy"}, "facility": {"code": 14561}}, {"service": {"name": "First Line Treatment"}, "facility": {"code": 14652}}, {"service": {"name": "Focused Antenatal Care"}, "facility": {"code": 10892}}, {"service": {"name": "Tuberculosis Culture"}, "facility": {"code": 14652}}, {"service": {"name": "Post Exposure Prophylaxis"}, "facility": {"code": 14561}}, {"service": {"name": "Short Term FP"}, "facility": {"code": 10892}}, {"service": {"name": "PMTCT - Maternity"}, "facility": {"code": 14561}}, {"service": {"name": "PMTCT - ANC"}, "facility": {"code": 10892}}, {"service": {"name": "PMTCT - ANC"}, "facility": {"code": 14561}}, {"service": {"name": "Diagnostic Counselling and Testing"}, "facility": {"code": 14561}}, {"service": {"name": "Provider Initiated Counselling and Testing"}, "facility": {"code": 10892}}, {"service": {"name": "Provider Initiated Counselling and Testing"}, "facility": {"code": 14561}}, {"service": {"name": "Focused Antenatal Care"}, "facility": {"code": 15625}}, {"service": {"name": "Condom Promotion and Distribution"}, "facility": {"code": 10892}}, {"service": {"name": "Voluntary Counselling and Testing"}, "facility": {"code": 14561}}, {"service": {"name": "Immunization with additional vaccines"}, "facility": {"code": 14652}}, {"service": {"name": "Management of STIs"}, "facility": {"code": 14561}}, {"service": {"name": "Basic Immunization"}, "facility": {"code": 14652}}, {"service": {"name": "Integrated Management of Childhood Illnesses"}, "facility": {"code": 15359}}, {"service": {"name": "Condom Promotion and Distribution"}, "facility": {"code": 14561}}, {"service": {"name": "Long Term FP"}, "facility": {"code": 15625}}, {"service": {"name": "Specialized ANC"}, "facility": {"code": 14652}}, {"service": {"name": "Focused Antenatal Care"}, "facility": {"code": 14652}}, {"service": {"name": "Short Term FP"}, "facility": {"code": 15625}}, {"service": {"name": "Opthalmic Services"}, "facility": {"code": 15359}}, {"service": {"name": "PMTCT - ANC"}, "facility": {"code": 14754}}, {"service": {"name": "PMTCT - ANC"}, "facility": {"code": 14292}}, {"service": {"name": "Management of STIs"}, "facility": {"code": 14754}}, {"service": {"name": "Stand Alone Services"}, "facility": {"code": 14652}}, {"service": {"name": "PMTCT - ANC"}, "facility": {"code": 15625}}, {"service": {"name": "Integrated Management of Childhood Illnesses"}, "facility": {"code": 17008}}, {"service": {"name": "Diagnostic Counselling and Testing"}, "facility": {"code": 15625}}, {"service": {"name": "Permanent FP"}, "facility": {"code": 14652}}, {"service": {"name": "Voluntary Male Circumcision"}, "facility": {"code": 14652}}, {"service": {"name": "Provider Initiated Counselling and Testing"}, "facility": {"code": 15625}}, {"service": {"name": "Laboratory Services"}, "facility": {"code": 17008}}, {"service": {"name": "Nutrition Services"}, "facility": {"code": 14504}}, {"service": {"name": "Long Term FP"}, "facility": {"code": 15359}}, {"service": {"name": "Long Term FP"}, "facility": {"code": 14652}}, {"service": {"name": "Short Term FP"}, "facility": {"code": 14652}}, {"service": {"name": "Management of STIs"}, "facility": {"code": 15625}}, {"service": {"name": "Curative Services"}, "facility": {"code": 17008}}, {"service": {"name": "Curative Services"}, "facility": {"code": 14504}}, {"service": {"name": "Home Based Care"}, "facility": {"code": 14652}}, {"service": {"name": "Condom Promotion and Distribution"}, "facility": {"code": 15625}}, {"service": {"name": "Adult Antiretroviral Therapy"}, "facility": {"code": 14652}}, {"service": {"name": "Paediatric Antiretroviral Therapy"}, "facility": {"code": 14652}}, {"service": {"name": "Short Term FP"}, "facility": {"code": 17008}}, {"service": {"name": "Post Exposure Prophylaxis"}, "facility": {"code": 14652}}, {"service": {"name": "PMTCT - Maternity"}, "facility": {"code": 14652}}, {"service": {"name": "Nutrition Services"}, "facility": {"code": 10092}}, {"service": {"name": "PMTCT - ANC"}, "facility": {"code": 14652}}, {"service": {"name": "Early Infant Diagnosis"}, "facility": {"code": 14652}}, {"service": {"name": "Basic Immunization"}, "facility": {"code": 14504}}, {"service": {"name": "Diagnostic Counselling and Testing"}, "facility": {"code": 14652}}, {"service": {"name": "Provider Initiated Counselling and Testing"}, "facility": {"code": 14652}}, {"service": {"name": "Focused Antenatal Care"}, "facility": {"code": 14504}}, {"service": {"name": "Laboratory Services"}, "facility": {"code": 10092}}, {"service": {"name": "Emergency Obstetric Care"}, "facility": {"code": 13413}}, {"service": {"name": "Curative Services"}, "facility": {"code": 10092}}, {"service": {"name": "Voluntary Male Circumcision"}, "facility": {"code": 17008}}, {"service": {"name": "Short Term FP"}, "facility": {"code": 14504}}, {"service": {"name": "Environmental Health Services"}, "facility": {"code": 13413}}, {"service": {"name": "PMTCT - Maternity"}, "facility": {"code": 17008}}, {"service": {"name": "Integrated Management of Childhood Illnesses"}, "facility": {"code": 13413}}, {"service": {"name": "Focused Antenatal Care"}, "facility": {"code": 13332}}, {"service": {"name": "Nutrition Services"}, "facility": {"code": 13413}}, {"service": {"name": "Focused Antenatal Care"}, "facility": {"code": 10092}}, {"service": {"name": "Long Term FP"}, "facility": {"code": 10092}}, {"service": {"name": "Diagnostic Counselling and Testing"}, "facility": {"code": 14292}}, {"service": {"name": "Voluntary Male Circumcision"}, "facility": {"code": 14504}}, {"service": {"name": "Provider Initiated Counselling and Testing"}, "facility": {"code": 14292}}, {"service": {"name": "Short Term FP"}, "facility": {"code": 10092}}, {"service": {"name": "Management of STIs"}, "facility": {"code": 14292}}, {"service": {"name": "Provider Initiated Counselling and Testing"}, "facility": {"code": 10092}}, {"service": {"name": "PMTCT - ANC"}, "facility": {"code": 14504}}, {"service": {"name": "Emergency Obstetric Care"}, "facility": {"code": 13438}}, {"service": {"name": "Integrated Services"}, "facility": {"code": 13413}}, {"service": {"name": "Environmental Health Services"}, "facility": {"code": 13438}}, {"service": {"name": "Provider Initiated Counselling and Testing"}, "facility": {"code": 14504}}, {"service": {"name": "PMTCT - ANC"}, "facility": {"code": 10092}}, {"service": {"name": "Management of STIs"}, "facility": {"code": 10092}}, {"service": {"name": "Condom Promotion and Distribution"}, "facility": {"code": 14292}}, {"service": {"name": "Immunization with additional vaccines"}, "facility": {"code": 15366}}, {"service": {"name": "Nutrition Services"}, "facility": {"code": 13438}}, {"service": {"name": "Management of STIs"}, "facility": {"code": 14504}}, {"service": {"name": "Post Exposure Prophylaxis"}, "facility": {"code": 13413}}, {"service": {"name": "Integrated Management of Childhood Illnesses"}, "facility": {"code": 13438}}, {"service": {"name": "Condom Promotion and Distribution"}, "facility": {"code": 14504}}, {"service": {"name": "Surgical Services"}, "facility": {"code": 13438}}, {"service": {"name": "Provider Initiated Counselling and Testing"}, "facility": {"code": 17008}}, {"service": {"name": "Maternity Services"}, "facility": {"code": 13438}}, {"service": {"name": "Curative Services"}, "facility": {"code": 13438}}, {"service": {"name": "Diagnostic Counselling and Testing"}, "facility": {"code": 13413}}, {"service": {"name": "Emergency Obstetric Care"}, "facility": {"code": 13423}}, {"service": {"name": "Management of STIs"}, "facility": {"code": 17008}}, {"service": {"name": "Provider Initiated Counselling and Testing"}, "facility": {"code": 13413}}, {"service": {"name": "Condom Promotion and Distribution"}, "facility": {"code": 17008}}, {"service": {"name": "Management of STIs"}, "facility": {"code": 13413}}, {"service": {"name": "Curative Services"}, "facility": {"code": 17353}}, {"service": {"name": "First Line Treatment"}, "facility": {"code": 13438}}, {"service": {"name": "Post Exposure Prophylaxis"}, "facility": {"code": 13438}}, {"service": {"name": "PMTCT - Maternity"}, "facility": {"code": 13438}}, {"service": {"name": "Laboratory Services"}, "facility": {"code": 15498}}, {"service": {"name": "Emergency Obstetric Care"}, "facility": {"code": 13405}}, {"service": {"name": "Immunization with additional vaccines"}, "facility": {"code": 15361}}, {"service": {"name": "Environmental Health Services"}, "facility": {"code": 13405}}, {"service": {"name": "Post Exposure Prophylaxis"}, "facility": {"code": 15361}}, {"service": {"name": "Emergency Preparedness"}, "facility": {"code": 14484}}, {"service": {"name": "Integrated Management of Childhood Illnesses"}, "facility": {"code": 13405}}, {"service": {"name": "Nutrition Services"}, "facility": {"code": 13405}}, {"service": {"name": "Curative Services"}, "facility": {"code": 15498}}, {"service": {"name": "Nutrition Services"}, "facility": {"code": 14484}}, {"service": {"name": "Surgical Services"}, "facility": {"code": 14484}}, {"service": {"name": "Environmental Health Services"}, "facility": {"code": 13357}}, {"service": {"name": "Focused Antenatal Care"}, "facility": {"code": 13405}}, {"service": {"name": "Integrated Services"}, "facility": {"code": 13405}}, {"service": {"name": "Services for Sexual Violence Survivors"}, "facility": {"code": 13357}}, {"service": {"name": "Post Exposure Prophylaxis"}, "facility": {"code": 13405}}, {"service": {"name": "Integrated Management of Childhood Illnesses"}, "facility": {"code": 13357}}, {"service": {"name": "Ambulance Sevices"}, "facility": {"code": 13357}}, {"service": {"name": "Diagnostic Counselling and Testing"}, "facility": {"code": 13405}}, {"service": {"name": "Laboratory Services"}, "facility": {"code": 13357}}, {"service": {"name": "Provider Initiated Counselling and Testing"}, "facility": {"code": 13405}}, {"service": {"name": "Management of STIs"}, "facility": {"code": 13405}}, {"service": {"name": "ENT Services"}, "facility": {"code": 14869}}, {"service": {"name": "Maternity Services"}, "facility": {"code": 13357}}, {"service": {"name": "Oral Health Services (Dental Services)"}, "facility": {"code": 14869}}, {"service": {"name": "Emergency Obstetric Care"}, "facility": {"code": 14869}}, {"service": {"name": "Curative Services"}, "facility": {"code": 13357}}, {"service": {"name": "Environmental Health Services"}, "facility": {"code": 14869}}, {"service": {"name": "Services for Sexual Violence Survivors"}, "facility": {"code": 14869}}, {"service": {"name": "Mental Health Services"}, "facility": {"code": 14869}}, {"service": {"name": "Facility Based Blood Collection Service"}, "facility": {"code": 13357}}, {"service": {"name": "Integrated Management of Childhood Illnesses"}, "facility": {"code": 14869}}, {"service": {"name": "Maternity Services"}, "facility": {"code": 14869}}, {"service": {"name": "Facility Based Blood Transfusion Service"}, "facility": {"code": 13357}}, {"service": {"name": "Curative Services"}, "facility": {"code": 14869}}, {"service": {"name": "Immunization with additional vaccines"}, "facility": {"code": 14869}}, {"service": {"name": "Services for Female Genital Mutilation (FGM) Survivors"}, "facility": {"code": 15296}}, {"service": {"name": "Basic Immunization"}, "facility": {"code": 14869}}, {"service": {"name": "Focused Antenatal Care"}, "facility": {"code": 14869}}, {"service": {"name": "Integrated Services"}, "facility": {"code": 14869}}, {"service": {"name": "Long Term FP"}, "facility": {"code": 14869}}, {"service": {"name": "Short Term FP"}, "facility": {"code": 14869}}, {"service": {"name": "Home Based Care"}, "facility": {"code": 14869}}, {"service": {"name": "Adult Antiretroviral Therapy"}, "facility": {"code": 14869}}, {"service": {"name": "Post Exposure Prophylaxis"}, "facility": {"code": 14869}}, {"service": {"name": "PMTCT - Maternity"}, "facility": {"code": 14869}}, {"service": {"name": "PMTCT - ANC"}, "facility": {"code": 14869}}, {"service": {"name": "Early Infant Diagnosis"}, "facility": {"code": 14869}}, {"service": {"name": "Diagnostic Counselling and Testing"}, "facility": {"code": 14869}}, {"service": {"name": "Provider Initiated Counselling and Testing"}, "facility": {"code": 14869}}, {"service": {"name": "Voluntary Counselling and Testing"}, "facility": {"code": 14869}}, {"service": {"name": "Management of STIs"}, "facility": {"code": 14869}}, {"service": {"name": "Condom Promotion and Distribution"}, "facility": {"code": 14869}}, {"service": {"name": "Emergency Obstetric Care"}, "facility": {"code": 14667}}, {"service": {"name": "Immunization with additional vaccines"}, "facility": {"code": 15296}}, {"service": {"name": "Laboratory Services"}, "facility": {"code": 10319}}, {"service": {"name": "Emergency Preparedness"}, "facility": {"code": 13290}}, {"service": {"name": "Environmental Health Services"}, "facility": {"code": 13428}}, {"service": {"name": "Emergency Obstetric Care"}, "facility": {"code": 13290}}, {"service": {"name": "Emergency Preparedness"}, "facility": {"code": 14181}}, {"service": {"name": "Nutrition Services"}, "facility": {"code": 13290}}, {"service": {"name": "Curative Services"}, "facility": {"code": 14667}}, {"service": {"name": "PMTCT - ANC"}, "facility": {"code": 13321}}, {"service": {"name": "Surgical Services"}, "facility": {"code": 13290}}, {"service": {"name": "ENT Services"}, "facility": {"code": 14181}}, {"service": {"name": "Basic Immunization"}, "facility": {"code": 14667}}, {"service": {"name": "Focused Antenatal Care"}, "facility": {"code": 14667}}, {"service": {"name": "Environmental Health Services"}, "facility": {"code": 13411}}, {"service": {"name": "Short Term FP"}, "facility": {"code": 14667}}, {"service": {"name": "Emergency Obstetric Care"}, "facility": {"code": 14181}}, {"service": {"name": "Nutrition Services"}, "facility": {"code": 13411}}, {"service": {"name": "Integrated Management of Childhood Illnesses"}, "facility": {"code": 13411}}, {"service": {"name": "Condom Promotion and Distribution"}, "facility": {"code": 14667}}, {"service": {"name": "Emergency Obstetric Care"}, "facility": {"code": 13378}}, {"service": {"name": "Laboratory Services"}, "facility": {"code": 13411}}, {"service": {"name": "Maternity Services"}, "facility": {"code": 13290}}, {"service": {"name": "Management of STIs"}, "facility": {"code": 14667}}, {"service": {"name": "Environmental Health Services"}, "facility": {"code": 13378}}, {"service": {"name": "Maternity Services"}, "facility": {"code": 13411}}, {"service": {"name": "Surgical Services"}, "facility": {"code": 13411}}, {"service": {"name": "Early Infant Diagnosis"}, "facility": {"code": 14667}}, {"service": {"name": "Curative Services"}, "facility": {"code": 13290}}, {"service": {"name": "Nutrition Services"}, "facility": {"code": 13378}}, {"service": {"name": "Curative Services"}, "facility": {"code": 13411}}, {"service": {"name": "Dental Laboratory Services"}, "facility": {"code": 13314}}, {"service": {"name": "PMTCT - ANC"}, "facility": {"code": 14667}}, {"service": {"name": "Oral Health Services (Dental Services)"}, "facility": {"code": 13314}}, {"service": {"name": "Facility Based Blood Collection Service"}, "facility": {"code": 13411}}, {"service": {"name": "Facility Based Blood Transfusion Service"}, "facility": {"code": 13411}}, {"service": {"name": "First Line Treatment"}, "facility": {"code": 13290}}, {"service": {"name": "First Line Treatment"}, "facility": {"code": 13411}}, {"service": {"name": "Smear Microscopy"}, "facility": {"code": 13411}}, {"service": {"name": "Environmental Health Services"}, "facility": {"code": 14181}}, {"service": {"name": "Basic Immunization"}, "facility": {"code": 13411}}, {"service": {"name": "Focused Antenatal Care"}, "facility": {"code": 13411}}, {"service": {"name": "Long Term FP"}, "facility": {"code": 13411}}, {"service": {"name": "Short Term FP"}, "facility": {"code": 13411}}, {"service": {"name": "Voluntary Counselling and Testing"}, "facility": {"code": 15498}}, {"service": {"name": "Curative Services"}, "facility": {"code": 10718}}, {"service": {"name": "Adult Antiretroviral Therapy"}, "facility": {"code": 13411}}, {"service": {"name": "Paediatric Antiretroviral Therapy"}, "facility": {"code": 13411}}, {"service": {"name": "Post Exposure Prophylaxis"}, "facility": {"code": 13411}}, {"service": {"name": "Basic Immunization"}, "facility": {"code": 13290}}, {"service": {"name": "Diagnostic Counselling and Testing"}, "facility": {"code": 13411}}, {"service": {"name": "Post Exposure Prophylaxis"}, "facility": {"code": 13378}}, {"service": {"name": "Early Infant Diagnosis"}, "facility": {"code": 13411}}, {"service": {"name": "Focused Antenatal Care"}, "facility": {"code": 13290}}, {"service": {"name": "Voluntary Counselling and Testing"}, "facility": {"code": 13411}}, {"service": {"name": "Provider Initiated Counselling and Testing"}, "facility": {"code": 13411}}, {"service": {"name": "Focused Antenatal Care"}, "facility": {"code": 13302}}, {"service": {"name": "Diagnostic Counselling and Testing"}, "facility": {"code": 13378}}, {"service": {"name": "Long Term FP"}, "facility": {"code": 13290}}, {"service": {"name": "Provider Initiated Counselling and Testing"}, "facility": {"code": 13378}}, {"service": {"name": "PMTCT - Maternity"}, "facility": {"code": 13411}}, {"service": {"name": "Short Term FP"}, "facility": {"code": 13290}}, {"service": {"name": "PMTCT - ANC"}, "facility": {"code": 13411}}, {"service": {"name": "Management of STIs"}, "facility": {"code": 13378}}, {"service": {"name": "Management of STIs"}, "facility": {"code": 13411}}, {"service": {"name": "Condom Promotion and Distribution"}, "facility": {"code": 13411}}, {"service": {"name": "PMTCT - ANC"}, "facility": {"code": 13302}}, {"service": {"name": "Post Exposure Prophylaxis"}, "facility": {"code": 13290}}, {"service": {"name": "Emergency Preparedness"}, "facility": {"code": 13388}}, {"service": {"name": "PMTCT - Maternity"}, "facility": {"code": 13290}}, {"service": {"name": "PMTCT - ANC"}, "facility": {"code": 13290}}, {"service": {"name": "Nutrition Services"}, "facility": {"code": 14181}}, {"service": {"name": "Emergency Preparedness"}, "facility": {"code": 15051}}, {"service": {"name": "Laboratory Services"}, "facility": {"code": 15108}}, {"service": {"name": "Provider Initiated Counselling and Testing"}, "facility": {"code": 13290}}, {"service": {"name": "ENT Services"}, "facility": {"code": 15051}}, {"service": {"name": "Management of STIs"}, "facility": {"code": 13290}}, {"service": {"name": "Condom Promotion and Distribution"}, "facility": {"code": 13290}}, {"service": {"name": "Integrated Management of Childhood Illnesses"}, "facility": {"code": 14181}}, {"service": {"name": "Ambulance Sevices"}, "facility": {"code": 14181}}, {"service": {"name": "Emergency Preparedness"}, "facility": {"code": 14464}}, {"service": {"name": "Emergency Obstetric Care"}, "facility": {"code": 13317}}, {"service": {"name": "Emergency Obstetric Care"}, "facility": {"code": 14464}}, {"service": {"name": "Environmental Health Services"}, "facility": {"code": 13317}}, {"service": {"name": "Environmental Health Services"}, "facility": {"code": 14464}}, {"service": {"name": "Opthalmic Services"}, "facility": {"code": 14464}}, {"service": {"name": "Emergency Obstetric Care"}, "facility": {"code": 17339}}, {"service": {"name": "Oral Health Services (Dental Services)"}, "facility": {"code": 15051}}, {"service": {"name": "Surgical Services"}, "facility": {"code": 15108}}, {"service": {"name": "Maternity Services"}, "facility": {"code": 14464}}, {"service": {"name": "Maternity Services"}, "facility": {"code": 15108}}, {"service": {"name": "PMTCT - Maternity"}, "facility": {"code": 13324}}, {"service": {"name": "Curative Services"}, "facility": {"code": 14464}}, {"service": {"name": "PMTCT - ANC"}, "facility": {"code": 17339}}, {"service": {"name": "Basic Immunization"}, "facility": {"code": 14464}}, {"service": {"name": "Environmental Health Services"}, "facility": {"code": 13265}}, {"service": {"name": "Focused Antenatal Care"}, "facility": {"code": 14464}}, {"service": {"name": "Curative Services"}, "facility": {"code": 15108}}, {"service": {"name": "Management of STIs"}, "facility": {"code": 17339}}, {"service": {"name": "PMTCT - ANC"}, "facility": {"code": 14464}}, {"service": {"name": "Condom Promotion and Distribution"}, "facility": {"code": 17339}}, {"service": {"name": "Laboratory Services"}, "facility": {"code": 14181}}, {"service": {"name": "Diagnostic Counselling and Testing"}, "facility": {"code": 14464}}, {"service": {"name": "Provider Initiated Counselling and Testing"}, "facility": {"code": 14464}}, {"service": {"name": "Maternity Services"}, "facility": {"code": 14181}}, {"service": {"name": "Management of STIs"}, "facility": {"code": 14464}}, {"service": {"name": "Short Term FP"}, "facility": {"code": 13301}}, {"service": {"name": "Management of STIs"}, "facility": {"code": 13301}}, {"service": {"name": "First Line Treatment"}, "facility": {"code": 15108}}, {"service": {"name": "Emergency Obstetric Care"}, "facility": {"code": 13323}}, {"service": {"name": "Curative Services"}, "facility": {"code": 14181}}, {"service": {"name": "Nutrition Services"}, "facility": {"code": 13323}}, {"service": {"name": "Integrated Management of Childhood Illnesses"}, "facility": {"code": 13323}}, {"service": {"name": "Maternity Services"}, "facility": {"code": 13323}}, {"service": {"name": "Smear Microscopy"}, "facility": {"code": 15108}}, {"service": {"name": "Curative Services"}, "facility": {"code": 13323}}, {"service": {"name": "First Line Treatment"}, "facility": {"code": 14181}}, {"service": {"name": "Basic Immunization"}, "facility": {"code": 13323}}, {"service": {"name": "Focused Antenatal Care"}, "facility": {"code": 13323}}, {"service": {"name": "Tuberculosis Culture"}, "facility": {"code": 14181}}, {"service": {"name": "Short Term FP"}, "facility": {"code": 13323}}, {"service": {"name": "Immunization with additional vaccines"}, "facility": {"code": 15108}}, {"service": {"name": "Emergency Preparedness"}, "facility": {"code": 14483}}, {"service": {"name": "PMTCT - Maternity"}, "facility": {"code": 13323}}, {"service": {"name": "Early Infant Diagnosis"}, "facility": {"code": 13324}}, {"service": {"name": "ENT Services"}, "facility": {"code": 14483}}, {"service": {"name": "PMTCT - ANC"}, "facility": {"code": 13323}}, {"service": {"name": "Diagnostic Counselling and Testing"}, "facility": {"code": 13323}}, {"service": {"name": "Oral Health Services (Dental Services)"}, "facility": {"code": 14483}}, {"service": {"name": "Basic Immunization"}, "facility": {"code": 15108}}, {"service": {"name": "Provider Initiated Counselling and Testing"}, "facility": {"code": 13323}}, {"service": {"name": "Emergency Obstetric Care"}, "facility": {"code": 14483}}, {"service": {"name": "Smear Microscopy"}, "facility": {"code": 14181}}, {"service": {"name": "Dental Laboratory Services"}, "facility": {"code": 15051}}, {"service": {"name": "Management of STIs"}, "facility": {"code": 13323}}, {"service": {"name": "Basic Immunization"}, "facility": {"code": 14181}}, {"service": {"name": "Environmental Health Services"}, "facility": {"code": 14483}}, {"service": {"name": "Services for Sexual Violence Survivors"}, "facility": {"code": 14483}}, {"service": {"name": "Mental Health Services"}, "facility": {"code": 14483}}, {"service": {"name": "Focused Antenatal Care"}, "facility": {"code": 15108}}, {"service": {"name": "Specialized ANC"}, "facility": {"code": 14181}}, {"service": {"name": "Nutrition Services"}, "facility": {"code": 14483}}, {"service": {"name": "Environmental Health Services"}, "facility": {"code": 13306}}, {"service": {"name": "Integrated Management of Childhood Illnesses"}, "facility": {"code": 14483}}, {"service": {"name": "Long Term FP"}, "facility": {"code": 15108}}, {"service": {"name": "Maternity Services"}, "facility": {"code": 14483}}, {"service": {"name": "Curative Services"}, "facility": {"code": 16509}}, {"service": {"name": "Curative Services"}, "facility": {"code": 14483}}, {"service": {"name": "MDRTB Treatment"}, "facility": {"code": 15051}}, {"service": {"name": "Condom Promotion and Distribution"}, "facility": {"code": 13323}}, {"service": {"name": "Focused Antenatal Care"}, "facility": {"code": 14181}}, {"service": {"name": "Immunization with additional vaccines"}, "facility": {"code": 15051}}, {"service": {"name": "Voluntary Male Circumcision"}, "facility": {"code": 17034}}, {"service": {"name": "Immunization with additional vaccines"}, "facility": {"code": 14483}}, {"service": {"name": "Basic Immunization"}, "facility": {"code": 14483}}, {"service": {"name": "Focused Antenatal Care"}, "facility": {"code": 14483}}, {"service": {"name": "Integrated Services"}, "facility": {"code": 14483}}, {"service": {"name": "Emergency Obstetric Care"}, "facility": {"code": 13306}}, {"service": {"name": "Oral Health Services (Dental Services)"}, "facility": {"code": 14740}}, {"service": {"name": "Permanent FP"}, "facility": {"code": 14181}}, {"service": {"name": "Short Term FP"}, "facility": {"code": 15108}}, {"service": {"name": "Long Term FP"}, "facility": {"code": 14483}}, {"service": {"name": "Short Term FP"}, "facility": {"code": 14483}}, {"service": {"name": "Adult Antiretroviral Therapy"}, "facility": {"code": 14181}}, {"service": {"name": "Home Based Care"}, "facility": {"code": 14483}}, {"service": {"name": "Oral Health Services (Dental Services)"}, "facility": {"code": 13359}}, {"service": {"name": "Home Based Care"}, "facility": {"code": 15108}}, {"service": {"name": "Adult Antiretroviral Therapy"}, "facility": {"code": 15108}}, {"service": {"name": "Post Exposure Prophylaxis"}, "facility": {"code": 14483}}, {"service": {"name": "Paediatric Antiretroviral Therapy"}, "facility": {"code": 15108}}, {"service": {"name": "PMTCT - Maternity"}, "facility": {"code": 14483}}, {"service": {"name": "Emergency Obstetric Care"}, "facility": {"code": 13359}}, {"service": {"name": "PMTCT - ANC"}, "facility": {"code": 14483}}, {"service": {"name": "Curative Services"}, "facility": {"code": 17007}}, {"service": {"name": "Diagnostic Counselling and Testing"}, "facility": {"code": 14483}}, {"service": {"name": "Rehabilitative Health Services - Physiotherapy"}, "facility": {"code": 13359}}, {"service": {"name": "Provider Initiated Counselling and Testing"}, "facility": {"code": 14483}}, {"service": {"name": "Services for Sexual Violence Survivors"}, "facility": {"code": 13359}}, {"service": {"name": "Voluntary Counselling and Testing"}, "facility": {"code": 14483}}, {"service": {"name": "Mental Health Services"}, "facility": {"code": 13359}}, {"service": {"name": "Management of STIs"}, "facility": {"code": 14483}}, {"service": {"name": "Opthalmic Services"}, "facility": {"code": 13359}}, {"service": {"name": "Curative Services"}, "facility": {"code": 10380}}, {"service": {"name": "Post Exposure Prophylaxis"}, "facility": {"code": 15108}}, {"service": {"name": "Condom Promotion and Distribution"}, "facility": {"code": 14483}}, {"service": {"name": "Short Term FP"}, "facility": {"code": 10380}}, {"service": {"name": "PMTCT - Maternity"}, "facility": {"code": 15108}}, {"service": {"name": "Environmental Health Services"}, "facility": {"code": 13359}}, {"service": {"name": "PMTCT - ANC"}, "facility": {"code": 15108}}, {"service": {"name": "Early Infant Diagnosis"}, "facility": {"code": 15108}}, {"service": {"name": "Nutrition Services"}, "facility": {"code": 13359}}, {"service": {"name": "Integrated Management of Childhood Illnesses"}, "facility": {"code": 13359}}, {"service": {"name": "Diagnostic Counselling and Testing"}, "facility": {"code": 15108}}, {"service": {"name": "Emergency Obstetric Care"}, "facility": {"code": 13293}}, {"service": {"name": "Ambulance Sevices"}, "facility": {"code": 13359}}, {"service": {"name": "Laboratory Services"}, "facility": {"code": 13359}}, {"service": {"name": "Provider Initiated Counselling and Testing"}, "facility": {"code": 15108}}, {"service": {"name": "Surgical Services"}, "facility": {"code": 13359}}, {"service": {"name": "Maternity Services"}, "facility": {"code": 13359}}, {"service": {"name": "Voluntary Counselling and Testing"}, "facility": {"code": 15108}}, {"service": {"name": "Curative Services"}, "facility": {"code": 13359}}, {"service": {"name": "Mortuary Services"}, "facility": {"code": 13359}}, {"service": {"name": "Management of STIs"}, "facility": {"code": 15108}}, {"service": {"name": "Services for Female Genital Mutilation (FGM) Survivors"}, "facility": {"code": 13359}}, {"service": {"name": "Condom Promotion and Distribution"}, "facility": {"code": 15108}}, {"service": {"name": "Integrated Services"}, "facility": {"code": 14181}}, {"service": {"name": "Focused Antenatal Care"}, "facility": {"code": 14740}}, {"service": {"name": "Facility Based Blood Transfusion Service"}, "facility": {"code": 13359}}, {"service": {"name": "Facility Based Blood Collection Service"}, "facility": {"code": 13359}}, {"service": {"name": "Rehabilitative Health Services - Orthopaedic Technology"}, "facility": {"code": 13359}}, {"service": {"name": "Rehabilitative Health Services - Occupational Health"}, "facility": {"code": 13359}}, {"service": {"name": "Long Term FP"}, "facility": {"code": 14181}}, {"service": {"name": "First Line Treatment"}, "facility": {"code": 13359}}, {"service": {"name": "Tuberculosis Culture"}, "facility": {"code": 13359}}, {"service": {"name": "Smear Microscopy"}, "facility": {"code": 13359}}, {"service": {"name": "Early Infant Diagnosis"}, "facility": {"code": 14740}}, {"service": {"name": "Short Term FP"}, "facility": {"code": 14181}}, {"service": {"name": "Basic Immunization"}, "facility": {"code": 13359}}, {"service": {"name": "Specialized ANC"}, "facility": {"code": 13359}}, {"service": {"name": "Environmental Health Services"}, "facility": {"code": 14428}}, {"service": {"name": "Focused Antenatal Care"}, "facility": {"code": 13359}}, {"service": {"name": "Management of STIs"}, "facility": {"code": 14740}}, {"service": {"name": "Integrated Services"}, "facility": {"code": 13359}}, {"service": {"name": "Emergency Preparedness"}, "facility": {"code": 14428}}, {"service": {"name": "Permanent FP"}, "facility": {"code": 13359}}, {"service": {"name": "Emergency Obstetric Care"}, "facility": {"code": 13265}}, {"service": {"name": "Long Term FP"}, "facility": {"code": 13359}}, {"service": {"name": "Short Term FP"}, "facility": {"code": 13359}}, {"service": {"name": "Home Based Care"}, "facility": {"code": 13359}}, {"service": {"name": "Adult Antiretroviral Therapy"}, "facility": {"code": 13359}}, {"service": {"name": "Paediatric Antiretroviral Therapy"}, "facility": {"code": 13359}}, {"service": {"name": "Emergency Obstetric Care"}, "facility": {"code": 14428}}, {"service": {"name": "Post Exposure Prophylaxis"}, "facility": {"code": 13359}}, {"service": {"name": "Voluntary Male Circumcision"}, "facility": {"code": 13359}}, {"service": {"name": "PMTCT - Maternity"}, "facility": {"code": 13359}}, {"service": {"name": "PMTCT - ANC"}, "facility": {"code": 13359}}, {"service": {"name": "Integrated Management of Childhood Illnesses"}, "facility": {"code": 14428}}, {"service": {"name": "Diagnostic Counselling and Testing"}, "facility": {"code": 13359}}, {"service": {"name": "Provider Initiated Counselling and Testing"}, "facility": {"code": 13359}}, {"service": {"name": "Voluntary Counselling and Testing"}, "facility": {"code": 13359}}, {"service": {"name": "Management of STIs"}, "facility": {"code": 13359}}, {"service": {"name": "Nutrition Services"}, "facility": {"code": 14428}}, {"service": {"name": "Condom Promotion and Distribution"}, "facility": {"code": 13359}}, {"service": {"name": "Immunization with additional vaccines"}, "facility": {"code": 15012}}, {"service": {"name": "Laboratory Services"}, "facility": {"code": 14428}}, {"service": {"name": "Surgical Services"}, "facility": {"code": 14428}}, {"service": {"name": "Curative Services"}, "facility": {"code": 11046}}, {"service": {"name": "Curative Services"}, "facility": {"code": 14428}}, {"service": {"name": "PMTCT - Maternity"}, "facility": {"code": 15012}}, {"service": {"name": "Short Term FP"}, "facility": {"code": 11046}}, {"service": {"name": "Basic Immunization"}, "facility": {"code": 14428}}, {"service": {"name": "Basic Immunization"}, "facility": {"code": 13258}}, {"service": {"name": "Focused Antenatal Care"}, "facility": {"code": 14428}}, {"service": {"name": "Short Term FP"}, "facility": {"code": 13258}}, {"service": {"name": "Home Based Care"}, "facility": {"code": 13258}}, {"service": {"name": "Adult Antiretroviral Therapy"}, "facility": {"code": 13258}}, {"service": {"name": "Long Term FP"}, "facility": {"code": 14428}}, {"service": {"name": "Nutrition Services"}, "facility": {"code": 13435}}, {"service": {"name": "Post Exposure Prophylaxis"}, "facility": {"code": 13258}}, {"service": {"name": "Paediatric Antiretroviral Therapy"}, "facility": {"code": 14181}}, {"service": {"name": "Integrated Management of Childhood Illnesses"}, "facility": {"code": 13435}}, {"service": {"name": "PMTCT - Maternity"}, "facility": {"code": 13258}}, {"service": {"name": "Post Exposure Prophylaxis"}, "facility": {"code": 14181}}, {"service": {"name": "PMTCT - ANC"}, "facility": {"code": 13258}}, {"service": {"name": "Basic Immunization"}, "facility": {"code": 16444}}, {"service": {"name": "Short Term FP"}, "facility": {"code": 14428}}, {"service": {"name": "PMTCT - Maternity"}, "facility": {"code": 14181}}, {"service": {"name": "PMTCT - ANC"}, "facility": {"code": 14181}}, {"service": {"name": "Early Infant Diagnosis"}, "facility": {"code": 14181}}, {"service": {"name": "Post Exposure Prophylaxis"}, "facility": {"code": 14428}}, {"service": {"name": "Diagnostic Counselling and Testing"}, "facility": {"code": 14181}}, {"service": {"name": "Provider Initiated Counselling and Testing"}, "facility": {"code": 14181}}, {"service": {"name": "Management of STIs"}, "facility": {"code": 13435}}, {"service": {"name": "Condom Promotion and Distribution"}, "facility": {"code": 13435}}, {"service": {"name": "PMTCT - ANC"}, "facility": {"code": 14428}}, {"service": {"name": "PMTCT - ANC"}, "facility": {"code": 13292}}, {"service": {"name": "Early Infant Diagnosis"}, "facility": {"code": 14428}}, {"service": {"name": "Diagnostic Counselling and Testing"}, "facility": {"code": 14428}}, {"service": {"name": "Management of STIs"}, "facility": {"code": 14428}}, {"service": {"name": "Integrated Management of Childhood Illnesses"}, "facility": {"code": 16444}}, {"service": {"name": "Nutrition Services"}, "facility": {"code": 16444}}, {"service": {"name": "Emergency Preparedness"}, "facility": {"code": 16444}}, {"service": {"name": "Focused Antenatal Care"}, "facility": {"code": 13311}}, {"service": {"name": "Ambulance Sevices"}, "facility": {"code": 14868}}, {"service": {"name": "Laboratory Services"}, "facility": {"code": 16511}}, {"service": {"name": "Nutrition Services"}, "facility": {"code": 13429}}, {"service": {"name": "PMTCT - ANC"}, "facility": {"code": 13311}}, {"service": {"name": "Focused Antenatal Care"}, "facility": {"code": 13429}}, {"service": {"name": "Short Term FP"}, "facility": {"code": 13429}}, {"service": {"name": "Emergency Preparedness"}, "facility": {"code": 12291}}, {"service": {"name": "Condom Promotion and Distribution"}, "facility": {"code": 13429}}, {"service": {"name": "Management of STIs"}, "facility": {"code": 13429}}, {"service": {"name": "Emergency Obstetric Care"}, "facility": {"code": 12291}}, {"service": {"name": "Maternity Services"}, "facility": {"code": 15078}}, {"service": {"name": "Curative Services"}, "facility": {"code": 15078}}, {"service": {"name": "Early Infant Diagnosis"}, "facility": {"code": 13311}}, {"service": {"name": "Environmental Health Services"}, "facility": {"code": 12291}}, {"service": {"name": "Rehabilitative Health Services - Physiotherapy"}, "facility": {"code": 12291}}, {"service": {"name": "Immunization with additional vaccines"}, "facility": {"code": 15078}}, {"service": {"name": "Emergency Obstetric Care"}, "facility": {"code": 13431}}, {"service": {"name": "Stand Alone Services"}, "facility": {"code": 14868}}, {"service": {"name": "Basic Immunization"}, "facility": {"code": 15078}}, {"service": {"name": "Immunization with additional vaccines"}, "facility": {"code": 14868}}, {"service": {"name": "Surgical Services"}, "facility": {"code": 13431}}, {"service": {"name": "Focused Antenatal Care"}, "facility": {"code": 15078}}, {"service": {"name": "Nutrition Services"}, "facility": {"code": 12291}}, {"service": {"name": "Integrated Management of Childhood Illnesses"}, "facility": {"code": 12291}}, {"service": {"name": "Immunization with additional vaccines"}, "facility": {"code": 13431}}, {"service": {"name": "Long Term FP"}, "facility": {"code": 15078}}, {"service": {"name": "Short Term FP"}, "facility": {"code": 15078}}, {"service": {"name": "Home Based Care"}, "facility": {"code": 15078}}, {"service": {"name": "Laboratory Services"}, "facility": {"code": 12291}}, {"service": {"name": "PMTCT - ANC"}, "facility": {"code": 15078}}, {"service": {"name": "Ambulance Sevices"}, "facility": {"code": 13428}}, {"service": {"name": "Provider Initiated Counselling and Testing"}, "facility": {"code": 15078}}, {"service": {"name": "Radiology Services"}, "facility": {"code": 12291}}, {"service": {"name": "Management of STIs"}, "facility": {"code": 15078}}, {"service": {"name": "Condom Promotion and Distribution"}, "facility": {"code": 15078}}, {"service": {"name": "Curative Services"}, "facility": {"code": 13428}}, {"service": {"name": "Curative Services"}, "facility": {"code": 10993}}, {"service": {"name": "Maternity Services"}, "facility": {"code": 13428}}, {"service": {"name": "Nutrition Services"}, "facility": {"code": 10993}}, {"service": {"name": "Integrated Management of Childhood Illnesses"}, "facility": {"code": 13428}}, {"service": {"name": "Long Term FP"}, "facility": {"code": 10993}}, {"service": {"name": "Nutrition Services"}, "facility": {"code": 13428}}, {"service": {"name": "Short Term FP"}, "facility": {"code": 10993}}, {"service": {"name": "Emergency Obstetric Care"}, "facility": {"code": 17336}}, {"service": {"name": "Environmental Health Services"}, "facility": {"code": 17336}}, {"service": {"name": "Nutrition Services"}, "facility": {"code": 17336}}, {"service": {"name": "Surgical Services"}, "facility": {"code": 17336}}, {"service": {"name": "Nutrition Services"}, "facility": {"code": 13310}}, {"service": {"name": "Maternity Services"}, "facility": {"code": 17336}}, {"service": {"name": "Short Term FP"}, "facility": {"code": 13285}}, {"service": {"name": "Integrated Management of Childhood Illnesses"}, "facility": {"code": 13310}}, {"service": {"name": "Short Term FP"}, "facility": {"code": 17336}}, {"service": {"name": "Management of STIs"}, "facility": {"code": 13428}}, {"service": {"name": "PMTCT - Maternity"}, "facility": {"code": 17336}}, {"service": {"name": "Condom Promotion and Distribution"}, "facility": {"code": 13428}}, {"service": {"name": "Provider Initiated Counselling and Testing"}, "facility": {"code": 17336}}, {"service": {"name": "Management of STIs"}, "facility": {"code": 17336}}, {"service": {"name": "Basic Immunization"}, "facility": {"code": 13299}}, {"service": {"name": "Surgical Services"}, "facility": {"code": 13426}}, {"service": {"name": "Early Infant Diagnosis"}, "facility": {"code": 13299}}, {"service": {"name": "Dental Laboratory Services"}, "facility": {"code": 14479}}, {"service": {"name": "Oral Health Services (Dental Services)"}, "facility": {"code": 14479}}, {"service": {"name": "Emergency Obstetric Care"}, "facility": {"code": 14479}}, {"service": {"name": "Nutrition Services"}, "facility": {"code": 14479}}, {"service": {"name": "Integrated Management of Childhood Illnesses"}, "facility": {"code": 14479}}, {"service": {"name": "Ambulance Sevices"}, "facility": {"code": 14479}}, {"service": {"name": "Laboratory Services"}, "facility": {"code": 14479}}, {"service": {"name": "Emergency Obstetric Care"}, "facility": {"code": 13409}}, {"service": {"name": "Radiology Services"}, "facility": {"code": 14479}}, {"service": {"name": "Surgical Services"}, "facility": {"code": 14479}}, {"service": {"name": "Maternity Services"}, "facility": {"code": 14479}}, {"service": {"name": "Curative Services"}, "facility": {"code": 14479}}, {"service": {"name": "Mortuary Services"}, "facility": {"code": 14479}}, {"service": {"name": "Emergency Obstetric Care"}, "facility": {"code": 13342}}, {"service": {"name": "Curative Services"}, "facility": {"code": 10242}}, {"service": {"name": "Environmental Health Services"}, "facility": {"code": 13342}}, {"service": {"name": "Management of STIs"}, "facility": {"code": 13409}}, {"service": {"name": "Condom Promotion and Distribution"}, "facility": {"code": 13409}}, {"service": {"name": "Services for Sexual Violence Survivors"}, "facility": {"code": 13342}}, {"service": {"name": "First Line Treatment"}, "facility": {"code": 14479}}, {"service": {"name": "Smear Microscopy"}, "facility": {"code": 14479}}, {"service": {"name": "Nutrition Services"}, "facility": {"code": 13342}}, {"service": {"name": "Integrated Management of Childhood Illnesses"}, "facility": {"code": 13342}}, {"service": {"name": "Immunization with additional vaccines"}, "facility": {"code": 14479}}, {"service": {"name": "Basic Immunization"}, "facility": {"code": 14479}}, {"service": {"name": "Focused Antenatal Care"}, "facility": {"code": 14479}}, {"service": {"name": "Integrated Services"}, "facility": {"code": 14479}}, {"service": {"name": "Emergency Obstetric Care"}, "facility": {"code": 13385}}, {"service": {"name": "PMTCT - ANC"}, "facility": {"code": 13356}}, {"service": {"name": "Surgical Services"}, "facility": {"code": 13385}}, {"service": {"name": "Immunization with additional vaccines"}, "facility": {"code": 13385}}, {"service": {"name": "Nutrition Services"}, "facility": {"code": 13394}}, {"service": {"name": "Short Term FP"}, "facility": {"code": 13283}}, {"service": {"name": "Management of STIs"}, "facility": {"code": 13283}}, {"service": {"name": "Management of STIs"}, "facility": {"code": 13394}}, {"service": {"name": "Condom Promotion and Distribution"}, "facility": {"code": 13394}}, {"service": {"name": "Curative Services"}, "facility": {"code": 13298}}, {"service": {"name": "Integrated Services"}, "facility": {"code": 13342}}, {"service": {"name": "Long Term FP"}, "facility": {"code": 13342}}, {"service": {"name": "Nutrition Services"}, "facility": {"code": 13298}}, {"service": {"name": "Post Exposure Prophylaxis"}, "facility": {"code": 13342}}, {"service": {"name": "Diagnostic Counselling and Testing"}, "facility": {"code": 13342}}, {"service": {"name": "Provider Initiated Counselling and Testing"}, "facility": {"code": 13342}}, {"service": {"name": "Management of STIs"}, "facility": {"code": 13342}}, {"service": {"name": "Laboratory Services"}, "facility": {"code": 16492}}, {"service": {"name": "Environmental Health Services"}, "facility": {"code": 13356}}, {"service": {"name": "Nutrition Services"}, "facility": {"code": 13356}}, {"service": {"name": "Surgical Services"}, "facility": {"code": 13383}}, {"service": {"name": "Maternity Services"}, "facility": {"code": 13356}}, {"service": {"name": "Curative Services"}, "facility": {"code": 13356}}, {"service": {"name": "Permanent FP"}, "facility": {"code": 14479}}, {"service": {"name": "Laboratory Services"}, "facility": {"code": 14550}}, {"service": {"name": "Maternity Services"}, "facility": {"code": 14550}}, {"service": {"name": "Short Term FP"}, "facility": {"code": 14479}}, {"service": {"name": "Long Term FP"}, "facility": {"code": 14479}}, {"service": {"name": "Curative Services"}, "facility": {"code": 14550}}, {"service": {"name": "Basic Immunization"}, "facility": {"code": 13356}}, {"service": {"name": "Home Based Care"}, "facility": {"code": 14479}}, {"service": {"name": "Immunization with additional vaccines"}, "facility": {"code": 14550}}, {"service": {"name": "Focused Antenatal Care"}, "facility": {"code": 13356}}, {"service": {"name": "Adult Antiretroviral Therapy"}, "facility": {"code": 14479}}, {"service": {"name": "Basic Immunization"}, "facility": {"code": 14550}}, {"service": {"name": "Paediatric Antiretroviral Therapy"}, "facility": {"code": 14479}}, {"service": {"name": "Provider Initiated Counselling and Testing"}, "facility": {"code": 13387}}, {"service": {"name": "Focused Antenatal Care"}, "facility": {"code": 14550}}, {"service": {"name": "Short Term FP"}, "facility": {"code": 13356}}, {"service": {"name": "Post Exposure Prophylaxis"}, "facility": {"code": 14479}}, {"service": {"name": "Voluntary Male Circumcision"}, "facility": {"code": 14479}}, {"service": {"name": "Home Based Care"}, "facility": {"code": 14550}}, {"service": {"name": "PMTCT - Maternity"}, "facility": {"code": 14479}}, {"service": {"name": "PMTCT - Maternity"}, "facility": {"code": 13356}}, {"service": {"name": "PMTCT - Maternity"}, "facility": {"code": 14550}}, {"service": {"name": "PMTCT - ANC"}, "facility": {"code": 14479}}, {"service": {"name": "Emergency Preparedness"}, "facility": {"code": 13456}}, {"service": {"name": "Early Infant Diagnosis"}, "facility": {"code": 14479}}, {"service": {"name": "Smear Microscopy"}, "facility": {"code": 13298}}, {"service": {"name": "PMTCT - ANC"}, "facility": {"code": 14550}}, {"service": {"name": "Nutrition Services"}, "facility": {"code": 13456}}, {"service": {"name": "Basic Immunization"}, "facility": {"code": 13387}}, {"service": {"name": "Diagnostic Counselling and Testing"}, "facility": {"code": 14550}}, {"service": {"name": "Provider Initiated Counselling and Testing"}, "facility": {"code": 13356}}, {"service": {"name": "Diagnostic Counselling and Testing"}, "facility": {"code": 14479}}, {"service": {"name": "Provider Initiated Counselling and Testing"}, "facility": {"code": 14550}}, {"service": {"name": "Integrated Management of Childhood Illnesses"}, "facility": {"code": 13456}}, {"service": {"name": "Management of STIs"}, "facility": {"code": 13356}}, {"service": {"name": "Provider Initiated Counselling and Testing"}, "facility": {"code": 14479}}, {"service": {"name": "Condom Promotion and Distribution"}, "facility": {"code": 13356}}, {"service": {"name": "Emergency Obstetric Care"}, "facility": {"code": 13338}}, {"service": {"name": "ENT Services"}, "facility": {"code": 13421}}, {"service": {"name": "Environmental Health Services"}, "facility": {"code": 13338}}, {"service": {"name": "Management of STIs"}, "facility": {"code": 14550}}, {"service": {"name": "Emergency Obstetric Care"}, "facility": {"code": 13387}}, {"service": {"name": "Management of STIs"}, "facility": {"code": 14479}}, {"service": {"name": "Voluntary Counselling and Testing"}, "facility": {"code": 14479}}, {"service": {"name": "Post Exposure Prophylaxis"}, "facility": {"code": 13456}}, {"service": {"name": "Nutrition Services"}, "facility": {"code": 13338}}, {"service": {"name": "Condom Promotion and Distribution"}, "facility": {"code": 14479}}, {"service": {"name": "Nutrition Services"}, "facility": {"code": 13387}}, {"service": {"name": "Integrated Management of Childhood Illnesses"}, "facility": {"code": 13387}}, {"service": {"name": "Diagnostic Counselling and Testing"}, "facility": {"code": 13421}}, {"service": {"name": "Curative Services"}, "facility": {"code": 13387}}, {"service": {"name": "Focused Antenatal Care"}, "facility": {"code": 13338}}, {"service": {"name": "Maternity Services"}, "facility": {"code": 13456}}, {"service": {"name": "Integrated Services"}, "facility": {"code": 13338}}, {"service": {"name": "Curative Services"}, "facility": {"code": 13456}}, {"service": {"name": "Long Term FP"}, "facility": {"code": 13338}}, {"service": {"name": "Short Term FP"}, "facility": {"code": 13387}}, {"service": {"name": "Emergency Obstetric Care"}, "facility": {"code": 10431}}, {"service": {"name": "Environmental Health Services"}, "facility": {"code": 10431}}, {"service": {"name": "Basic Immunization"}, "facility": {"code": 12993}}, {"service": {"name": "Post Exposure Prophylaxis"}, "facility": {"code": 13338}}, {"service": {"name": "Nutrition Services"}, "facility": {"code": 10431}}, {"service": {"name": "Laboratory Services"}, "facility": {"code": 10431}}, {"service": {"name": "PMTCT - ANC"}, "facility": {"code": 13338}}, {"service": {"name": "PMTCT - ANC"}, "facility": {"code": 13387}}, {"service": {"name": "Curative Services"}, "facility": {"code": 10431}}, {"service": {"name": "Management of STIs"}, "facility": {"code": 13387}}, {"service": {"name": "Condom Promotion and Distribution"}, "facility": {"code": 13387}}, {"service": {"name": "Basic Immunization"}, "facility": {"code": 10431}}, {"service": {"name": "Focused Antenatal Care"}, "facility": {"code": 10431}}, {"service": {"name": "Provider Initiated Counselling and Testing"}, "facility": {"code": 13338}}, {"service": {"name": "Integrated Services"}, "facility": {"code": 10431}}, {"service": {"name": "Long Term FP"}, "facility": {"code": 10431}}, {"service": {"name": "Provider Initiated Counselling and Testing"}, "facility": {"code": 14428}}, {"service": {"name": "Short Term FP"}, "facility": {"code": 10431}}, {"service": {"name": "Management of STIs"}, "facility": {"code": 13338}}, {"service": {"name": "Condom Promotion and Distribution"}, "facility": {"code": 13338}}, {"service": {"name": "PMTCT - ANC"}, "facility": {"code": 10431}}, {"service": {"name": "Voluntary Counselling and Testing"}, "facility": {"code": 14181}}, {"service": {"name": "Management of STIs"}, "facility": {"code": 14181}}, {"service": {"name": "Condom Promotion and Distribution"}, "facility": {"code": 14181}}, {"service": {"name": "Focused Antenatal Care"}, "facility": {"code": 12993}}, {"service": {"name": "Early Infant Diagnosis"}, "facility": {"code": 10431}}, {"service": {"name": "Short Term FP"}, "facility": {"code": 12993}}, {"service": {"name": "Diagnostic Counselling and Testing"}, "facility": {"code": 10431}}, {"service": {"name": "Condom Promotion and Distribution"}, "facility": {"code": 14428}}, {"service": {"name": "Emergency Preparedness"}, "facility": {"code": 14476}}, {"service": {"name": "Provider Initiated Counselling and Testing"}, "facility": {"code": 10431}}, {"service": {"name": "Emergency Obstetric Care"}, "facility": {"code": 14476}}, {"service": {"name": "Management of STIs"}, "facility": {"code": 10431}}, {"service": {"name": "Nutrition Services"}, "facility": {"code": 16290}}, {"service": {"name": "Condom Promotion and Distribution"}, "facility": {"code": 10431}}, {"service": {"name": "Nutrition Services"}, "facility": {"code": 14476}}, {"service": {"name": "Laboratory Services"}, "facility": {"code": 14476}}, {"service": {"name": "Maternity Services"}, "facility": {"code": 16290}}, {"service": {"name": "Surgical Services"}, "facility": {"code": 14476}}, {"service": {"name": "Curative Services"}, "facility": {"code": 16290}}, {"service": {"name": "Maternity Services"}, "facility": {"code": 14476}}, {"service": {"name": "Curative Services"}, "facility": {"code": 14476}}, {"service": {"name": "First Line Treatment"}, "facility": {"code": 16290}}, {"service": {"name": "Basic Immunization"}, "facility": {"code": 16290}}, {"service": {"name": "First Line Treatment"}, "facility": {"code": 14476}}, {"service": {"name": "Focused Antenatal Care"}, "facility": {"code": 16290}}, {"service": {"name": "Short Term FP"}, "facility": {"code": 16290}}, {"service": {"name": "Smear Microscopy"}, "facility": {"code": 14476}}, {"service": {"name": "ENT Services"}, "facility": {"code": 13400}}, {"service": {"name": "PMTCT - Maternity"}, "facility": {"code": 16290}}, {"service": {"name": "PMTCT - ANC"}, "facility": {"code": 12993}}, {"service": {"name": "PMTCT - ANC"}, "facility": {"code": 16290}}, {"service": {"name": "Voluntary Counselling and Testing"}, "facility": {"code": 12993}}, {"service": {"name": "Provider Initiated Counselling and Testing"}, "facility": {"code": 16290}}, {"service": {"name": "Management of STIs"}, "facility": {"code": 12993}}, {"service": {"name": "Focused Antenatal Care"}, "facility": {"code": 13400}}, {"service": {"name": "Focused Antenatal Care"}, "facility": {"code": 14476}}, {"service": {"name": "Condom Promotion and Distribution"}, "facility": {"code": 12993}}, {"service": {"name": "Management of STIs"}, "facility": {"code": 16290}}, {"service": {"name": "Basic Immunization"}, "facility": {"code": 14476}}, {"service": {"name": "Emergency Obstetric Care"}, "facility": {"code": 13370}}, {"service": {"name": "Condom Promotion and Distribution"}, "facility": {"code": 16290}}, {"service": {"name": "Surgical Services"}, "facility": {"code": 13370}}, {"service": {"name": "Short Term FP"}, "facility": {"code": 14476}}, {"service": {"name": "Focused Antenatal Care"}, "facility": {"code": 13281}}, {"service": {"name": "Diagnostic Counselling and Testing"}, "facility": {"code": 13400}}, {"service": {"name": "Basic Immunization"}, "facility": {"code": 15533}}, {"service": {"name": "Emergency Obstetric Care"}, "facility": {"code": 15047}}, {"service": {"name": "Immunization with additional vaccines"}, "facility": {"code": 13370}}, {"service": {"name": "Nutrition Services"}, "facility": {"code": 15047}}, {"service": {"name": "Emergency Obstetric Care"}, "facility": {"code": 16314}}, {"service": {"name": "Curative Services"}, "facility": {"code": 15047}}, {"service": {"name": "Nutrition Services"}, "facility": {"code": 16314}}, {"service": {"name": "Integrated Management of Childhood Illnesses"}, "facility": {"code": 16314}}, {"service": {"name": "Immunization with additional vaccines"}, "facility": {"code": 15047}}, {"service": {"name": "Maternity Services"}, "facility": {"code": 16314}}, {"service": {"name": "Focused Antenatal Care"}, "facility": {"code": 15047}}, {"service": {"name": "Services for Sexual Violence Survivors"}, "facility": {"code": 13339}}, {"service": {"name": "Integrated Management of Childhood Illnesses"}, "facility": {"code": 13339}}, {"service": {"name": "PMTCT - ANC"}, "facility": {"code": 15047}}, {"service": {"name": "Curative Services"}, "facility": {"code": 16314}}, {"service": {"name": "Voluntary Counselling and Testing"}, "facility": {"code": 15047}}, {"service": {"name": "Basic Immunization"}, "facility": {"code": 16314}}, {"service": {"name": "Curative Services"}, "facility": {"code": 17295}}, {"service": {"name": "First Line Treatment"}, "facility": {"code": 13339}}, {"service": {"name": "Focused Antenatal Care"}, "facility": {"code": 16314}}, {"service": {"name": "ENT Services"}, "facility": {"code": 13384}}, {"service": {"name": "Tuberculosis Culture"}, "facility": {"code": 13339}}, {"service": {"name": "Short Term FP"}, "facility": {"code": 16314}}, {"service": {"name": "PMTCT - Maternity"}, "facility": {"code": 16314}}, {"service": {"name": "PMTCT - ANC"}, "facility": {"code": 16314}}, {"service": {"name": "Diagnostic Counselling and Testing"}, "facility": {"code": 16314}}, {"service": {"name": "Provider Initiated Counselling and Testing"}, "facility": {"code": 15047}}, {"service": {"name": "Management of STIs"}, "facility": {"code": 15047}}, {"service": {"name": "Permanent FP"}, "facility": {"code": 13339}}, {"service": {"name": "Home Based Care"}, "facility": {"code": 13339}}, {"service": {"name": "Long Term FP"}, "facility": {"code": 13339}}, {"service": {"name": "Integrated Services"}, "facility": {"code": 13339}}, {"service": {"name": "Smear Microscopy"}, "facility": {"code": 13339}}, {"service": {"name": "Emergency Obstetric Care"}, "facility": {"code": 13339}}, {"service": {"name": "Laboratory Services"}, "facility": {"code": 16504}}, {"service": {"name": "Opthalmic Services"}, "facility": {"code": 13339}}, {"service": {"name": "PMTCT - Maternity"}, "facility": {"code": 14476}}, {"service": {"name": "Environmental Health Services"}, "facility": {"code": 13339}}, {"service": {"name": "PMTCT - ANC"}, "facility": {"code": 14476}}, {"service": {"name": "Diagnostic Counselling and Testing"}, "facility": {"code": 14476}}, {"service": {"name": "Provider Initiated Counselling and Testing"}, "facility": {"code": 14476}}, {"service": {"name": "Management of STIs"}, "facility": {"code": 14476}}, {"service": {"name": "Condom Promotion and Distribution"}, "facility": {"code": 14476}}, {"service": {"name": "ENT Services"}, "facility": {"code": 13355}}, {"service": {"name": "Voluntary Counselling and Testing"}, "facility": {"code": 13355}}, {"service": {"name": "Emergency Preparedness"}, "facility": {"code": 13424}}, {"service": {"name": "Surgical Services"}, "facility": {"code": 13365}}, {"service": {"name": "Maternity Services"}, "facility": {"code": 13424}}, {"service": {"name": "Curative Services"}, "facility": {"code": 13424}}, {"service": {"name": "Emergency Obstetric Care"}, "facility": {"code": 10571}}, {"service": {"name": "Short Term FP"}, "facility": {"code": 13424}}, {"service": {"name": "Basic Immunization"}, "facility": {"code": 13424}}, {"service": {"name": "Provider Initiated Counselling and Testing"}, "facility": {"code": 13424}}, {"service": {"name": "Diagnostic Counselling and Testing"}, "facility": {"code": 13424}}, {"service": {"name": "Management of STIs"}, "facility": {"code": 13424}}, {"service": {"name": "Basic Immunization"}, "facility": {"code": 10571}}, {"service": {"name": "Focused Antenatal Care"}, "facility": {"code": 10571}}, {"service": {"name": "Integrated Services"}, "facility": {"code": 10571}}, {"service": {"name": "Long Term FP"}, "facility": {"code": 10571}}, {"service": {"name": "Short Term FP"}, "facility": {"code": 10571}}, {"service": {"name": "PMTCT - ANC"}, "facility": {"code": 10571}}, {"service": {"name": "Early Infant Diagnosis"}, "facility": {"code": 10571}}, {"service": {"name": "Diagnostic Counselling and Testing"}, "facility": {"code": 10571}}, {"service": {"name": "Provider Initiated Counselling and Testing"}, "facility": {"code": 10571}}, {"service": {"name": "Management of STIs"}, "facility": {"code": 10571}}, {"service": {"name": "Condom Promotion and Distribution"}, "facility": {"code": 10571}}, {"service": {"name": "Surgical Services"}, "facility": {"code": 13320}}, {"service": {"name": "Maternity Services"}, "facility": {"code": 13320}}, {"service": {"name": "Curative Services"}, "facility": {"code": 13320}}, {"service": {"name": "Basic Immunization"}, "facility": {"code": 13320}}, {"service": {"name": "Focused Antenatal Care"}, "facility": {"code": 13320}}, {"service": {"name": "Surgical Services"}, "facility": {"code": 13361}}, {"service": {"name": "Short Term FP"}, "facility": {"code": 13320}}, {"service": {"name": "PMTCT - Maternity"}, "facility": {"code": 13320}}, {"service": {"name": "PMTCT - ANC"}, "facility": {"code": 13320}}, {"service": {"name": "Provider Initiated Counselling and Testing"}, "facility": {"code": 13320}}, {"service": {"name": "Management of STIs"}, "facility": {"code": 13320}}, {"service": {"name": "Condom Promotion and Distribution"}, "facility": {"code": 13320}}, {"service": {"name": "Post Exposure Prophylaxis"}, "facility": {"code": 13339}}, {"service": {"name": "Provider Initiated Counselling and Testing"}, "facility": {"code": 16314}}, {"service": {"name": "Emergency Preparedness"}, "facility": {"code": 13423}}, {"service": {"name": "Diagnostic Counselling and Testing"}, "facility": {"code": 13339}}, {"service": {"name": "Management of STIs"}, "facility": {"code": 16314}}, {"service": {"name": "Condom Promotion and Distribution"}, "facility": {"code": 16314}}, {"service": {"name": "Voluntary Male Circumcision"}, "facility": {"code": 13339}}, {"service": {"name": "Laboratory Services"}, "facility": {"code": 13423}}, {"service": {"name": "Integrated Management of Childhood Illnesses"}, "facility": {"code": 13423}}, {"service": {"name": "Nutrition Services"}, "facility": {"code": 13423}}, {"service": {"name": "PMTCT - ANC"}, "facility": {"code": 13281}}, {"service": {"name": "Maternity Services"}, "facility": {"code": 13423}}, {"service": {"name": "Curative Services"}, "facility": {"code": 13423}}, {"service": {"name": "Immunization with additional vaccines"}, "facility": {"code": 14211}}, {"service": {"name": "Basic Immunization"}, "facility": {"code": 14211}}, {"service": {"name": "Focused Antenatal Care"}, "facility": {"code": 14211}}, {"service": {"name": "Long Term FP"}, "facility": {"code": 14211}}, {"service": {"name": "Short Term FP"}, "facility": {"code": 14211}}, {"service": {"name": "Specialized ANC"}, "facility": {"code": 13330}}, {"service": {"name": "Integrated Management of Childhood Illnesses"}, "facility": {"code": 16809}}, {"service": {"name": "Curative Services"}, "facility": {"code": 14211}}, {"service": {"name": "Nutrition Services"}, "facility": {"code": 16809}}, {"service": {"name": "Immunization with additional vaccines"}, "facility": {"code": 13406}}, {"service": {"name": "Maternity Services"}, "facility": {"code": 16809}}, {"service": {"name": "Integrated Management of Childhood Illnesses"}, "facility": {"code": 10556}}, {"service": {"name": "Condom Promotion and Distribution"}, "facility": {"code": 14211}}, {"service": {"name": "Diagnostic Counselling and Testing"}, "facility": {"code": 13330}}, {"service": {"name": "Curative Services"}, "facility": {"code": 16809}}, {"service": {"name": "Voluntary Counselling and Testing"}, "facility": {"code": 13330}}, {"service": {"name": "Emergency Obstetric Care"}, "facility": {"code": 10556}}, {"service": {"name": "Basic Immunization"}, "facility": {"code": 16809}}, {"service": {"name": "Environmental Health Services"}, "facility": {"code": 10556}}, {"service": {"name": "Focused Antenatal Care"}, "facility": {"code": 16809}}, {"service": {"name": "Nutrition Services"}, "facility": {"code": 10556}}, {"service": {"name": "Short Term FP"}, "facility": {"code": 16809}}, {"service": {"name": "Emergency Obstetric Care"}, "facility": {"code": 13406}}, {"service": {"name": "PMTCT - ANC"}, "facility": {"code": 16809}}, {"service": {"name": "Nutrition Services"}, "facility": {"code": 13357}}, {"service": {"name": "Provider Initiated Counselling and Testing"}, "facility": {"code": 16809}}, {"service": {"name": "Curative Services"}, "facility": {"code": 10556}}, {"service": {"name": "Management of STIs"}, "facility": {"code": 16809}}, {"service": {"name": "Condom Promotion and Distribution"}, "facility": {"code": 16809}}, {"service": {"name": "Basic Immunization"}, "facility": {"code": 10556}}, {"service": {"name": "Focused Antenatal Care"}, "facility": {"code": 10556}}, {"service": {"name": "Integrated Services"}, "facility": {"code": 10556}}, {"service": {"name": "Long Term FP"}, "facility": {"code": 10556}}, {"service": {"name": "PMTCT - Maternity"}, "facility": {"code": 13339}}, {"service": {"name": "Surgical Services"}, "facility": {"code": 13406}}, {"service": {"name": "Short Term FP"}, "facility": {"code": 10556}}, {"service": {"name": "PMTCT - ANC"}, "facility": {"code": 10556}}, {"service": {"name": "Early Infant Diagnosis"}, "facility": {"code": 10556}}, {"service": {"name": "Diagnostic Counselling and Testing"}, "facility": {"code": 10556}}, {"service": {"name": "Provider Initiated Counselling and Testing"}, "facility": {"code": 10556}}, {"service": {"name": "Management of STIs"}, "facility": {"code": 13357}}, {"service": {"name": "Management of STIs"}, "facility": {"code": 10556}}, {"service": {"name": "Condom Promotion and Distribution"}, "facility": {"code": 13357}}, {"service": {"name": "Condom Promotion and Distribution"}, "facility": {"code": 10556}}, {"service": {"name": "Emergency Preparedness"}, "facility": {"code": 14471}}, {"service": {"name": "Emergency Obstetric Care"}, "facility": {"code": 14471}}, {"service": {"name": "Environmental Health Services"}, "facility": {"code": 14471}}, {"service": {"name": "Mental Health Services"}, "facility": {"code": 14471}}, {"service": {"name": "Integrated Management of Childhood Illnesses"}, "facility": {"code": 14471}}, {"service": {"name": "Opthalmic Services"}, "facility": {"code": 14471}}, {"service": {"name": "Nutrition Services"}, "facility": {"code": 14471}}, {"service": {"name": "Curative Services"}, "facility": {"code": 14471}}, {"service": {"name": "Basic Immunization"}, "facility": {"code": 14471}}, {"service": {"name": "Focused Antenatal Care"}, "facility": {"code": 14471}}, {"service": {"name": "Long Term FP"}, "facility": {"code": 14471}}, {"service": {"name": "Short Term FP"}, "facility": {"code": 14471}}, {"service": {"name": "Nutrition Services"}, "facility": {"code": 14211}}, {"service": {"name": "Post Exposure Prophylaxis"}, "facility": {"code": 14471}}, {"service": {"name": "PMTCT - Maternity"}, "facility": {"code": 13322}}, {"service": {"name": "Voluntary Counselling and Testing"}, "facility": {"code": 13322}}, {"service": {"name": "PMTCT - ANC"}, "facility": {"code": 14471}}, {"service": {"name": "Diagnostic Counselling and Testing"}, "facility": {"code": 14471}}, {"service": {"name": "Provider Initiated Counselling and Testing"}, "facility": {"code": 14471}}, {"service": {"name": "Management of STIs"}, "facility": {"code": 14471}}, {"service": {"name": "Condom Promotion and Distribution"}, "facility": {"code": 14471}}, {"service": {"name": "Laboratory Services"}, "facility": {"code": 14211}}, {"service": {"name": "Integrated Management of Childhood Illnesses"}, "facility": {"code": 14211}}, {"service": {"name": "Environmental Health Services"}, "facility": {"code": 14211}}, {"service": {"name": "Emergency Obstetric Care"}, "facility": {"code": 14213}}, {"service": {"name": "Curative Services"}, "facility": {"code": 15379}}, {"service": {"name": "Short Term FP"}, "facility": {"code": 15379}}, {"service": {"name": "Provider Initiated Counselling and Testing"}, "facility": {"code": 15379}}, {"service": {"name": "Environmental Health Services"}, "facility": {"code": 14213}}, {"service": {"name": "Immunization with additional vaccines"}, "facility": {"code": 14581}}, {"service": {"name": "Management of STIs"}, "facility": {"code": 15379}}, {"service": {"name": "Condom Promotion and Distribution"}, "facility": {"code": 15379}}, {"service": {"name": "Post Exposure Prophylaxis"}, "facility": {"code": 14581}}, {"service": {"name": "PMTCT - Maternity"}, "facility": {"code": 14581}}, {"service": {"name": "Emergency Obstetric Care"}, "facility": {"code": 16387}}, {"service": {"name": "Nutrition Services"}, "facility": {"code": 16387}}, {"service": {"name": "Nutrition Services"}, "facility": {"code": 14213}}, {"service": {"name": "Laboratory Services"}, "facility": {"code": 16387}}, {"service": {"name": "Curative Services"}, "facility": {"code": 16387}}, {"service": {"name": "Surgical Services"}, "facility": {"code": 14213}}, {"service": {"name": "Basic Immunization"}, "facility": {"code": 16387}}, {"service": {"name": "Focused Antenatal Care"}, "facility": {"code": 16387}}, {"service": {"name": "Integrated Services"}, "facility": {"code": 16387}}, {"service": {"name": "Long Term FP"}, "facility": {"code": 16387}}, {"service": {"name": "Short Term FP"}, "facility": {"code": 16387}}, {"service": {"name": "PMTCT - Maternity"}, "facility": {"code": 16387}}, {"service": {"name": "PMTCT - ANC"}, "facility": {"code": 16387}}, {"service": {"name": "Curative Services"}, "facility": {"code": 14213}}, {"service": {"name": "Early Infant Diagnosis"}, "facility": {"code": 16387}}, {"service": {"name": "Diagnostic Counselling and Testing"}, "facility": {"code": 16387}}, {"service": {"name": "Provider Initiated Counselling and Testing"}, "facility": {"code": 16387}}, {"service": {"name": "Management of STIs"}, "facility": {"code": 16387}}, {"service": {"name": "Condom Promotion and Distribution"}, "facility": {"code": 16387}}, {"service": {"name": "PMTCT - Maternity"}, "facility": {"code": 17746}}, {"service": {"name": "Services for Sexual Violence Survivors"}, "facility": {"code": 14573}}, {"service": {"name": "Diagnostic Counselling and Testing"}, "facility": {"code": 17746}}, {"service": {"name": "Mental Health Services"}, "facility": {"code": 14573}}, {"service": {"name": "Opthalmic Services"}, "facility": {"code": 14573}}, {"service": {"name": "Immunization with additional vaccines"}, "facility": {"code": 14573}}, {"service": {"name": "Paediatric Antiretroviral Therapy"}, "facility": {"code": 14573}}, {"service": {"name": "Laboratory Services"}, "facility": {"code": 17746}}, {"service": {"name": "Emergency Obstetric Care"}, "facility": {"code": 13289}}, {"service": {"name": "Focused Antenatal Care"}, "facility": {"code": 14213}}, {"service": {"name": "Emergency Obstetric Care"}, "facility": {"code": 13329}}, {"service": {"name": "Provider Initiated Counselling and Testing"}, "facility": {"code": 14228}}, {"service": {"name": "Voluntary Counselling and Testing"}, "facility": {"code": 14228}}, {"service": {"name": "Nutrition Services"}, "facility": {"code": 13329}}, {"service": {"name": "Integrated Management of Childhood Illnesses"}, "facility": {"code": 13329}}, {"service": {"name": "Basic Immunization"}, "facility": {"code": 14213}}, {"service": {"name": "Environmental Health Services"}, "facility": {"code": 13289}}, {"service": {"name": "Condom Promotion and Distribution"}, "facility": {"code": 13329}}, {"service": {"name": "Management of STIs"}, "facility": {"code": 13329}}, {"service": {"name": "Environmental Health Services"}, "facility": {"code": 14515}}, {"service": {"name": "Long Term FP"}, "facility": {"code": 14213}}, {"service": {"name": "Short Term FP"}, "facility": {"code": 14213}}, {"service": {"name": "Nutrition Services"}, "facility": {"code": 14515}}, {"service": {"name": "Curative Services"}, "facility": {"code": 14515}}, {"service": {"name": "Immunization with additional vaccines"}, "facility": {"code": 14515}}, {"service": {"name": "Post Exposure Prophylaxis"}, "facility": {"code": 14213}}, {"service": {"name": "Emergency Obstetric Care"}, "facility": {"code": 10221}}, {"service": {"name": "PMTCT - ANC"}, "facility": {"code": 14213}}, {"service": {"name": "Laboratory Services"}, "facility": {"code": 10221}}, {"service": {"name": "Basic Immunization"}, "facility": {"code": 14515}}, {"service": {"name": "Early Infant Diagnosis"}, "facility": {"code": 14213}}, {"service": {"name": "Focused Antenatal Care"}, "facility": {"code": 14515}}, {"service": {"name": "Diagnostic Counselling and Testing"}, "facility": {"code": 14228}}, {"service": {"name": "Diagnostic Counselling and Testing"}, "facility": {"code": 14213}}, {"service": {"name": "Short Term FP"}, "facility": {"code": 14515}}, {"service": {"name": "Provider Initiated Counselling and Testing"}, "facility": {"code": 14213}}, {"service": {"name": "Nutrition Services"}, "facility": {"code": 10221}}, {"service": {"name": "Management of STIs"}, "facility": {"code": 14228}}, {"service": {"name": "Emergency Preparedness"}, "facility": {"code": 15617}}, {"service": {"name": "Management of STIs"}, "facility": {"code": 14213}}, {"service": {"name": "PMTCT - ANC"}, "facility": {"code": 14515}}, {"service": {"name": "Condom Promotion and Distribution"}, "facility": {"code": 14228}}, {"service": {"name": "Curative Services"}, "facility": {"code": 10221}}, {"service": {"name": "Provider Initiated Counselling and Testing"}, "facility": {"code": 14515}}, {"service": {"name": "Condom Promotion and Distribution"}, "facility": {"code": 14213}}, {"service": {"name": "Basic Immunization"}, "facility": {"code": 10221}}, {"service": {"name": "Management of STIs"}, "facility": {"code": 14515}}, {"service": {"name": "Focused Antenatal Care"}, "facility": {"code": 10221}}, {"service": {"name": "Condom Promotion and Distribution"}, "facility": {"code": 14515}}, {"service": {"name": "Integrated Services"}, "facility": {"code": 10221}}, {"service": {"name": "Oral Health Services (Dental Services)"}, "facility": {"code": 15617}}, {"service": {"name": "Long Term FP"}, "facility": {"code": 10221}}, {"service": {"name": "Emergency Preparedness"}, "facility": {"code": 17748}}, {"service": {"name": "Emergency Obstetric Care"}, "facility": {"code": 15617}}, {"service": {"name": "Emergency Obstetric Care"}, "facility": {"code": 17748}}, {"service": {"name": "Short Term FP"}, "facility": {"code": 10221}}, {"service": {"name": "Environmental Health Services"}, "facility": {"code": 17748}}, {"service": {"name": "Environmental Health Services"}, "facility": {"code": 15617}}, {"service": {"name": "Adult Antiretroviral Therapy"}, "facility": {"code": 10221}}, {"service": {"name": "Paediatric Antiretroviral Therapy"}, "facility": {"code": 10221}}, {"service": {"name": "Surgical Services"}, "facility": {"code": 17748}}, {"service": {"name": "Nutrition Services"}, "facility": {"code": 15617}}, {"service": {"name": "PMTCT - ANC"}, "facility": {"code": 10221}}, {"service": {"name": "Integrated Management of Childhood Illnesses"}, "facility": {"code": 15617}}, {"service": {"name": "Early Infant Diagnosis"}, "facility": {"code": 10221}}, {"service": {"name": "Laboratory Services"}, "facility": {"code": 17748}}, {"service": {"name": "Diagnostic Counselling and Testing"}, "facility": {"code": 10221}}, {"service": {"name": "Curative Services"}, "facility": {"code": 17748}}, {"service": {"name": "Laboratory Services"}, "facility": {"code": 15617}}, {"service": {"name": "Provider Initiated Counselling and Testing"}, "facility": {"code": 10221}}, {"service": {"name": "Maternity Services"}, "facility": {"code": 15617}}, {"service": {"name": "Focused Antenatal Care"}, "facility": {"code": 17748}}, {"service": {"name": "Curative Services"}, "facility": {"code": 15617}}, {"service": {"name": "Management of STIs"}, "facility": {"code": 10221}}, {"service": {"name": "Long Term FP"}, "facility": {"code": 17748}}, {"service": {"name": "Short Term FP"}, "facility": {"code": 17748}}, {"service": {"name": "Condom Promotion and Distribution"}, "facility": {"code": 10221}}, {"service": {"name": "Management of STIs"}, "facility": {"code": 17748}}, {"service": {"name": "Condom Promotion and Distribution"}, "facility": {"code": 17748}}, {"service": {"name": "First Line Treatment"}, "facility": {"code": 15617}}, {"service": {"name": "Smear Microscopy"}, "facility": {"code": 15617}}, {"service": {"name": "Immunization with additional vaccines"}, "facility": {"code": 15617}}, {"service": {"name": "Basic Immunization"}, "facility": {"code": 15617}}, {"service": {"name": "Focused Antenatal Care"}, "facility": {"code": 15617}}, {"service": {"name": "Long Term FP"}, "facility": {"code": 15617}}, {"service": {"name": "Short Term FP"}, "facility": {"code": 15617}}, {"service": {"name": "Adult Antiretroviral Therapy"}, "facility": {"code": 15617}}, {"service": {"name": "Diagnostic Counselling and Testing"}, "facility": {"code": 15617}}, {"service": {"name": "Immunization with additional vaccines"}, "facility": {"code": 14569}}, {"service": {"name": "Maternity Services"}, "facility": {"code": 13941}}, {"service": {"name": "Curative Services"}, "facility": {"code": 13941}}, {"service": {"name": "Curative Services"}, "facility": {"code": 10960}}, {"service": {"name": "Emergency Obstetric Care"}, "facility": {"code": 13305}}, {"service": {"name": "Integrated Management of Childhood Illnesses"}, "facility": {"code": 13305}}, {"service": {"name": "Nutrition Services"}, "facility": {"code": 13305}}, {"service": {"name": "Basic Immunization"}, "facility": {"code": 13941}}, {"service": {"name": "Condom Promotion and Distribution"}, "facility": {"code": 14567}}, {"service": {"name": "Maternity Services"}, "facility": {"code": 13305}}, {"service": {"name": "Focused Antenatal Care"}, "facility": {"code": 13941}}, {"service": {"name": "Curative Services"}, "facility": {"code": 13305}}, {"service": {"name": "Long Term FP"}, "facility": {"code": 13941}}, {"service": {"name": "Ambulance Sevices"}, "facility": {"code": 13194}}, {"service": {"name": "Short Term FP"}, "facility": {"code": 13941}}, {"service": {"name": "First Line Treatment"}, "facility": {"code": 13305}}, {"service": {"name": "Post Exposure Prophylaxis"}, "facility": {"code": 13941}}, {"service": {"name": "Smear Microscopy"}, "facility": {"code": 13305}}, {"service": {"name": "Early Infant Diagnosis"}, "facility": {"code": 13941}}, {"service": {"name": "Basic Immunization"}, "facility": {"code": 13305}}, {"service": {"name": "Focused Antenatal Care"}, "facility": {"code": 13305}}, {"service": {"name": "Long Term FP"}, "facility": {"code": 13305}}, {"service": {"name": "PMTCT - ANC"}, "facility": {"code": 13941}}, {"service": {"name": "Environmental Health Services"}, "facility": {"code": 17053}}, {"service": {"name": "Short Term FP"}, "facility": {"code": 13305}}, {"service": {"name": "Post Exposure Prophylaxis"}, "facility": {"code": 13305}}], "unique_fields": ["facility", "service"], "model": "facilities.FacilityService"}]