[{"records": [{"service": {"name": "PMTCT - Maternity"}, "facility": {"code": 13305}}, {"service": {"name": "Radiology Services"}, "facility": {"code": 13194}}, {"service": {"name": "PMTCT - ANC"}, "facility": {"code": 13305}}, {"service": {"name": "Diagnostic Counselling and Testing"}, "facility": {"code": 13941}}, {"service": {"name": "Emergency Obstetric Care"}, "facility": {"code": 13365}}, {"service": {"name": "Provider Initiated Counselling and Testing"}, "facility": {"code": 13941}}, {"service": {"name": "Maternity Services"}, "facility": {"code": 17053}}, {"service": {"name": "Oral Health Services (Dental Services)"}, "facility": {"code": 13276}}, {"service": {"name": "Provider Initiated Counselling and Testing"}, "facility": {"code": 13305}}, {"service": {"name": "Management of STIs"}, "facility": {"code": 13305}}, {"service": {"name": "ENT Services"}, "facility": {"code": 13276}}, {"service": {"name": "Condom Promotion and Distribution"}, "facility": {"code": 13305}}, {"service": {"name": "Curative Services"}, "facility": {"code": 16499}}, {"service": {"name": "Surgical Services"}, "facility": {"code": 13194}}, {"service": {"name": "Management of STIs"}, "facility": {"code": 13941}}, {"service": {"name": "PMTCT - Maternity"}, "facility": {"code": 17053}}, {"service": {"name": "Condom Promotion and Distribution"}, "facility": {"code": 13941}}, {"service": {"name": "Environmental Health Services"}, "facility": {"code": 13314}}, {"service": {"name": "Long Term FP"}, "facility": {"code": 16299}}, {"service": {"name": "Nutrition Services"}, "facility": {"code": 13289}}, {"service": {"name": "Curative Services"}, "facility": {"code": 13194}}, {"service": {"name": "Opthalmic Services"}, "facility": {"code": 13314}}, {"service": {"name": "Short Term FP"}, "facility": {"code": 16299}}, {"service": {"name": "Services for Sexual Violence Survivors"}, "facility": {"code": 13314}}, {"service": {"name": "Nutrition Services"}, "facility": {"code": 13314}}, {"service": {"name": "Maternity Services"}, "facility": {"code": 13289}}, {"service": {"name": "Integrated Management of Childhood Illnesses"}, "facility": {"code": 13314}}, {"service": {"name": "Curative Services"}, "facility": {"code": 13289}}, {"service": {"name": "Emergency Preparedness"}, "facility": {"code": 14454}}, {"service": {"name": "Emergency Obstetric Care"}, "facility": {"code": 14454}}, {"service": {"name": "Management of STIs"}, "facility": {"code": 16299}}, {"service": {"name": "Maternity Services"}, "facility": {"code": 13314}}, {"service": {"name": "Environmental Health Services"}, "facility": {"code": 14454}}, {"service": {"name": "Basic Immunization"}, "facility": {"code": 13289}}, {"service": {"name": "Focused Antenatal Care"}, "facility": {"code": 13289}}, {"service": {"name": "Services for Sexual Violence Survivors"}, "facility": {"code": 14454}}, {"service": {"name": "Long Term FP"}, "facility": {"code": 13289}}, {"service": {"name": "Nutrition Services"}, "facility": {"code": 13328}}, {"service": {"name": "Mental Health Services"}, "facility": {"code": 14454}}, {"service": {"name": "Short Term FP"}, "facility": {"code": 13289}}, {"service": {"name": "Specialized ANC"}, "facility": {"code": 13314}}, {"service": {"name": "Integrated Management of Childhood Illnesses"}, "facility": {"code": 13328}}, {"service": {"name": "Nutrition Services"}, "facility": {"code": 17746}}, {"service": {"name": "Opthalmic Services"}, "facility": {"code": 14454}}, {"service": {"name": "Adult Antiretroviral Therapy"}, "facility": {"code": 13289}}, {"service": {"name": "Surgical Services"}, "facility": {"code": 17746}}, {"service": {"name": "Paediatric Antiretroviral Therapy"}, "facility": {"code": 13289}}, {"service": {"name": "Maternity Services"}, "facility": {"code": 17746}}, {"service": {"name": "Immunization with additional vaccines"}, "facility": {"code": 13365}}, {"service": {"name": "Nutrition Services"}, "facility": {"code": 16289}}, {"service": {"name": "Curative Services"}, "facility": {"code": 17746}}, {"service": {"name": "Post Exposure Prophylaxis"}, "facility": {"code": 13289}}, {"service": {"name": "Integrated Management of Childhood Illnesses"}, "facility": {"code": 14454}}, {"service": {"name": "Nutrition Services"}, "facility": {"code": 14454}}, {"service": {"name": "Long Term FP"}, "facility": {"code": 13314}}, {"service": {"name": "Maternity Services"}, "facility": {"code": 16289}}, {"service": {"name": "Home Based Care"}, "facility": {"code": 13314}}, {"service": {"name": "Basic Immunization"}, "facility": {"code": 17746}}, {"service": {"name": "Management of STIs"}, "facility": {"code": 13328}}, {"service": {"name": "Condom Promotion and Distribution"}, "facility": {"code": 13328}}, {"service": {"name": "Surgical Services"}, "facility": {"code": 14454}}, {"service": {"name": "Focused Antenatal Care"}, "facility": {"code": 17746}}, {"service": {"name": "Curative Services"}, "facility": {"code": 14454}}, {"service": {"name": "Facility Based Blood Transfusion Service"}, "facility": {"code": 13194}}, {"service": {"name": "Short Term FP"}, "facility": {"code": 17746}}, {"service": {"name": "First Line Treatment"}, "facility": {"code": 14493}}, {"service": {"name": "Smear Microscopy"}, "facility": {"code": 14493}}, {"service": {"name": "PMTCT - ANC"}, "facility": {"code": 13289}}, {"service": {"name": "Short Term FP"}, "facility": {"code": 16289}}, {"service": {"name": "Rehabilitative Health Services - Orthopaedic Technology"}, "facility": {"code": 13194}}, {"service": {"name": "Rehabilitative Health Services - Occupational Health"}, "facility": {"code": 13194}}, {"service": {"name": "PMTCT - ANC"}, "facility": {"code": 17746}}, {"service": {"name": "Diagnostic Counselling and Testing"}, "facility": {"code": 13289}}, {"service": {"name": "PMTCT - Maternity"}, "facility": {"code": 16289}}, {"service": {"name": "Immunization with additional vaccines"}, "facility": {"code": 14493}}, {"service": {"name": "Provider Initiated Counselling and Testing"}, "facility": {"code": 13289}}, {"service": {"name": "Provider Initiated Counselling and Testing"}, "facility": {"code": 17746}}, {"service": {"name": "Management of STIs"}, "facility": {"code": 13289}}, {"service": {"name": "Management of STIs"}, "facility": {"code": 17746}}, {"service": {"name": "Condom Promotion and Distribution"}, "facility": {"code": 13289}}, {"service": {"name": "Condom Promotion and Distribution"}, "facility": {"code": 17746}}, {"service": {"name": "Basic Immunization"}, "facility": {"code": 14454}}, {"service": {"name": "Management of STIs"}, "facility": {"code": 16289}}, {"service": {"name": "Focused Antenatal Care"}, "facility": {"code": 14454}}, {"service": {"name": "Long Term FP"}, "facility": {"code": 14454}}, {"service": {"name": "Short Term FP"}, "facility": {"code": 14454}}, {"service": {"name": "Curative Services"}, "facility": {"code": 11285}}, {"service": {"name": "Basic Immunization"}, "facility": {"code": 11285}}, {"service": {"name": "Short Term FP"}, "facility": {"code": 11285}}, {"service": {"name": "Diagnostic Counselling and Testing"}, "facility": {"code": 13194}}, {"service": {"name": "Voluntary Counselling and Testing"}, "facility": {"code": 13194}}, {"service": {"name": "Condom Promotion and Distribution"}, "facility": {"code": 13194}}, {"service": {"name": "ENT Services"}, "facility": {"code": 17745}}, {"service": {"name": "Oral Health Services (Dental Services)"}, "facility": {"code": 10991}}, {"service": {"name": "Surgical Services"}, "facility": {"code": 17745}}, {"service": {"name": "Laboratory Services"}, "facility": {"code": 10991}}, {"service": {"name": "Curative Services"}, "facility": {"code": 10991}}, {"service": {"name": "Focused Antenatal Care"}, "facility": {"code": 17745}}, {"service": {"name": "Focused Antenatal Care"}, "facility": {"code": 10991}}, {"service": {"name": "Curative Services"}, "facility": {"code": 17744}}, {"service": {"name": "Emergency Obstetric Care"}, "facility": {"code": 13361}}, {"service": {"name": "PMTCT - ANC"}, "facility": {"code": 10991}}, {"service": {"name": "Emergency Obstetric Care"}, "facility": {"code": 17745}}, {"service": {"name": "Management of STIs"}, "facility": {"code": 17744}}, {"service": {"name": "Condom Promotion and Distribution"}, "facility": {"code": 17744}}, {"service": {"name": "Paediatric Antiretroviral Therapy"}, "facility": {"code": 14454}}, {"service": {"name": "Laboratory Services"}, "facility": {"code": 17745}}, {"service": {"name": "Adult Antiretroviral Therapy"}, "facility": {"code": 14454}}, {"service": {"name": "Immunization with additional vaccines"}, "facility": {"code": 13361}}, {"service": {"name": "Emergency Preparedness"}, "facility": {"code": 17745}}, {"service": {"name": "Curative Services"}, "facility": {"code": 17745}}, {"service": {"name": "Immunization with additional vaccines"}, "facility": {"code": 14467}}, {"service": {"name": "Post Exposure Prophylaxis"}, "facility": {"code": 14454}}, {"service": {"name": "Smear Microscopy"}, "facility": {"code": 17745}}, {"service": {"name": "Long Term FP"}, "facility": {"code": 17745}}, {"service": {"name": "PMTCT - ANC"}, "facility": {"code": 14454}}, {"service": {"name": "Short Term FP"}, "facility": {"code": 17745}}, {"service": {"name": "Laboratory Services"}, "facility": {"code": 14279}}, {"service": {"name": "Early Infant Diagnosis"}, "facility": {"code": 14454}}, {"service": {"name": "Diagnostic Counselling and Testing"}, "facility": {"code": 14454}}, {"service": {"name": "Condom Promotion and Distribution"}, "facility": {"code": 17745}}, {"service": {"name": "Provider Initiated Counselling and Testing"}, "facility": {"code": 14454}}, {"service": {"name": "Management of STIs"}, "facility": {"code": 14454}}, {"service": {"name": "Condom Promotion and Distribution"}, "facility": {"code": 14454}}, {"service": {"name": "Curative Services"}, "facility": {"code": 14279}}, {"service": {"name": "Emergency Preparedness"}, "facility": {"code": 16443}}, {"service": {"name": "Emergency Obstetric Care"}, "facility": {"code": 13288}}, {"service": {"name": "Environmental Health Services"}, "facility": {"code": 13288}}, {"service": {"name": "Focused Antenatal Care"}, "facility": {"code": 14279}}, {"service": {"name": "Nutrition Services"}, "facility": {"code": 13288}}, {"service": {"name": "Basic Immunization"}, "facility": {"code": 16443}}, {"service": {"name": "Short Term FP"}, "facility": {"code": 14279}}, {"service": {"name": "Curative Services"}, "facility": {"code": 11284}}, {"service": {"name": "Basic Immunization"}, "facility": {"code": 11284}}, {"service": {"name": "Focused Antenatal Care"}, "facility": {"code": 11284}}, {"service": {"name": "Post Exposure Prophylaxis"}, "facility": {"code": 13288}}, {"service": {"name": "PMTCT - ANC"}, "facility": {"code": 14279}}, {"service": {"name": "Short Term FP"}, "facility": {"code": 11284}}, {"service": {"name": "PMTCT - ANC"}, "facility": {"code": 11284}}, {"service": {"name": "Diagnostic Counselling and Testing"}, "facility": {"code": 14279}}, {"service": {"name": "Voluntary Male Circumcision"}, "facility": {"code": 11284}}, {"service": {"name": "Diagnostic Counselling and Testing"}, "facility": {"code": 13288}}, {"service": {"name": "Provider Initiated Counselling and Testing"}, "facility": {"code": 14279}}, {"service": {"name": "Provider Initiated Counselling and Testing"}, "facility": {"code": 13288}}, {"service": {"name": "Management of STIs"}, "facility": {"code": 13288}}, {"service": {"name": "Condom Promotion and Distribution"}, "facility": {"code": 14279}}, {"service": {"name": "Management of STIs"}, "facility": {"code": 13313}}, {"service": {"name": "Condom Promotion and Distribution"}, "facility": {"code": 13313}}, {"service": {"name": "Curative Services"}, "facility": {"code": 17743}}, {"service": {"name": "Curative Services"}, "facility": {"code": 13274}}, {"service": {"name": "Integrated Management of Childhood Illnesses"}, "facility": {"code": 13265}}, {"service": {"name": "Emergency Preparedness"}, "facility": {"code": 13294}}, {"service": {"name": "Nutrition Services"}, "facility": {"code": 13294}}, {"service": {"name": "Management of STIs"}, "facility": {"code": 13265}}, {"service": {"name": "Condom Promotion and Distribution"}, "facility": {"code": 13265}}, {"service": {"name": "Integrated Management of Childhood Illnesses"}, "facility": {"code": 13294}}, {"service": {"name": "Laboratory Services"}, "facility": {"code": 13294}}, {"service": {"name": "Maternity Services"}, "facility": {"code": 13294}}, {"service": {"name": "Curative Services"}, "facility": {"code": 13294}}, {"service": {"name": "Nutrition Services"}, "facility": {"code": 11283}}, {"service": {"name": "Curative Services"}, "facility": {"code": 11283}}, {"service": {"name": "Nutrition Services"}, "facility": {"code": 13293}}, {"service": {"name": "Specialized ANC"}, "facility": {"code": 13304}}, {"service": {"name": "Basic Immunization"}, "facility": {"code": 11283}}, {"service": {"name": "Short Term FP"}, "facility": {"code": 13293}}, {"service": {"name": "Focused Antenatal Care"}, "facility": {"code": 11283}}, {"service": {"name": "Management of STIs"}, "facility": {"code": 13293}}, {"service": {"name": "Condom Promotion and Distribution"}, "facility": {"code": 13293}}, {"service": {"name": "Short Term FP"}, "facility": {"code": 11283}}, {"service": {"name": "PMTCT - Maternity"}, "facility": {"code": 13304}}, {"service": {"name": "Voluntary Male Circumcision"}, "facility": {"code": 11283}}, {"service": {"name": "PMTCT - ANC"}, "facility": {"code": 11283}}, {"service": {"name": "Diagnostic Counselling and Testing"}, "facility": {"code": 13304}}, {"service": {"name": "Voluntary Counselling and Testing"}, "facility": {"code": 13304}}, {"service": {"name": "Management of STIs"}, "facility": {"code": 13304}}, {"service": {"name": "Condom Promotion and Distribution"}, "facility": {"code": 11283}}, {"service": {"name": "Environmental Health Services"}, "facility": {"code": 14450}}, {"service": {"name": "Nutrition Services"}, "facility": {"code": 13306}}, {"service": {"name": "PMTCT - Maternity"}, "facility": {"code": 14450}}, {"service": {"name": "Nutrition Services"}, "facility": {"code": 13313}}, {"service": {"name": "Integrated Management of Childhood Illnesses"}, "facility": {"code": 13313}}, {"service": {"name": "Laboratory Services"}, "facility": {"code": 14453}}, {"service": {"name": "Maternity Services"}, "facility": {"code": 13313}}, {"service": {"name": "Surgical Services"}, "facility": {"code": 14453}}, {"service": {"name": "Emergency Obstetric Care"}, "facility": {"code": 13282}}, {"service": {"name": "Environmental Health Services"}, "facility": {"code": 13282}}, {"service": {"name": "Paediatric Antiretroviral Therapy"}, "facility": {"code": 14453}}, {"service": {"name": "Services for Sexual Violence Survivors"}, "facility": {"code": 13282}}, {"service": {"name": "Post Exposure Prophylaxis"}, "facility": {"code": 14453}}, {"service": {"name": "Nutrition Services"}, "facility": {"code": 13282}}, {"service": {"name": "Early Infant Diagnosis"}, "facility": {"code": 14453}}, {"service": {"name": "Integrated Management of Childhood Illnesses"}, "facility": {"code": 13282}}, {"service": {"name": "Curative Services"}, "facility": {"code": 11281}}, {"service": {"name": "Basic Immunization"}, "facility": {"code": 11281}}, {"service": {"name": "Focused Antenatal Care"}, "facility": {"code": 11281}}, {"service": {"name": "Nutrition Services"}, "facility": {"code": 17339}}, {"service": {"name": "Short Term FP"}, "facility": {"code": 11281}}, {"service": {"name": "Integrated Management of Childhood Illnesses"}, "facility": {"code": 17339}}, {"service": {"name": "Maternity Services"}, "facility": {"code": 17339}}, {"service": {"name": "PMTCT - ANC"}, "facility": {"code": 11281}}, {"service": {"name": "Condom Promotion and Distribution"}, "facility": {"code": 11281}}, {"service": {"name": "PMTCT - Maternity"}, "facility": {"code": 17339}}, {"service": {"name": "Specialized ANC"}, "facility": {"code": 13272}}, {"service": {"name": "Provider Initiated Counselling and Testing"}, "facility": {"code": 17339}}, {"service": {"name": "Post Exposure Prophylaxis"}, "facility": {"code": 13282}}, {"service": {"name": "Voluntary Male Circumcision"}, "facility": {"code": 13282}}, {"service": {"name": "PMTCT - Maternity"}, "facility": {"code": 13272}}, {"service": {"name": "Short Term FP"}, "facility": {"code": 13270}}, {"service": {"name": "Ambulance Sevices"}, "facility": {"code": 10994}}, {"service": {"name": "Nutrition Services"}, "facility": {"code": 10994}}, {"service": {"name": "Diagnostic Counselling and Testing"}, "facility": {"code": 13282}}, {"service": {"name": "Voluntary Counselling and Testing"}, "facility": {"code": 13272}}, {"service": {"name": "Emergency Obstetric Care"}, "facility": {"code": 10994}}, {"service": {"name": "Management of STIs"}, "facility": {"code": 13270}}, {"service": {"name": "Provider Initiated Counselling and Testing"}, "facility": {"code": 13282}}, {"service": {"name": "Environmental Health Services"}, "facility": {"code": 10994}}, {"service": {"name": "Rehabilitative Health Services - Physiotherapy"}, "facility": {"code": 10994}}, {"service": {"name": "Integrated Management of Childhood Illnesses"}, "facility": {"code": 10994}}, {"service": {"name": "Management of STIs"}, "facility": {"code": 13282}}, {"service": {"name": "Laboratory Services"}, "facility": {"code": 10994}}, {"service": {"name": "Emergency Preparedness"}, "facility": {"code": 13310}}, {"service": {"name": "Maternity Services"}, "facility": {"code": 10994}}, {"service": {"name": "Curative Services"}, "facility": {"code": 10994}}, {"service": {"name": "MDRTB Treatment"}, "facility": {"code": 10994}}, {"service": {"name": "First Line Treatment"}, "facility": {"code": 13310}}, {"service": {"name": "First Line Treatment"}, "facility": {"code": 10994}}, {"service": {"name": "Smear Microscopy"}, "facility": {"code": 10994}}, {"service": {"name": "Basic Immunization"}, "facility": {"code": 10994}}, {"service": {"name": "Focused Antenatal Care"}, "facility": {"code": 10994}}, {"service": {"name": "Integrated Services"}, "facility": {"code": 10994}}, {"service": {"name": "Long Term FP"}, "facility": {"code": 10994}}, {"service": {"name": "Short Term FP"}, "facility": {"code": 10994}}, {"service": {"name": "Adult Antiretroviral Therapy"}, "facility": {"code": 10994}}, {"service": {"name": "Long Term FP"}, "facility": {"code": 14201}}, {"service": {"name": "Paediatric Antiretroviral Therapy"}, "facility": {"code": 10994}}, {"service": {"name": "Post Exposure Prophylaxis"}, "facility": {"code": 10994}}, {"service": {"name": "PMTCT - Maternity"}, "facility": {"code": 10994}}, {"service": {"name": "PMTCT - ANC"}, "facility": {"code": 10994}}, {"service": {"name": "Early Infant Diagnosis"}, "facility": {"code": 10994}}, {"service": {"name": "Diagnostic Counselling and Testing"}, "facility": {"code": 10994}}, {"service": {"name": "Provider Initiated Counselling and Testing"}, "facility": {"code": 10994}}, {"service": {"name": "Voluntary Counselling and Testing"}, "facility": {"code": 10994}}, {"service": {"name": "Management of STIs"}, "facility": {"code": 10994}}, {"service": {"name": "Condom Promotion and Distribution"}, "facility": {"code": 10994}}, {"service": {"name": "Focused Antenatal Care"}, "facility": {"code": 13268}}, {"service": {"name": "Provider Initiated Counselling and Testing"}, "facility": {"code": 13268}}, {"service": {"name": "Long Term FP"}, "facility": {"code": 10449}}, {"service": {"name": "Short Term FP"}, "facility": {"code": 10449}}, {"service": {"name": "Curative Services"}, "facility": {"code": 10449}}, {"service": {"name": "Curative Services"}, "facility": {"code": 17742}}, {"service": {"name": "Basic Immunization"}, "facility": {"code": 17742}}, {"service": {"name": "Focused Antenatal Care"}, "facility": {"code": 17742}}, {"service": {"name": "Long Term FP"}, "facility": {"code": 17742}}, {"service": {"name": "Short Term FP"}, "facility": {"code": 17742}}, {"service": {"name": "PMTCT - ANC"}, "facility": {"code": 17742}}, {"service": {"name": "Provider Initiated Counselling and Testing"}, "facility": {"code": 17742}}, {"service": {"name": "Management of STIs"}, "facility": {"code": 17742}}, {"service": {"name": "Condom Promotion and Distribution"}, "facility": {"code": 17742}}, {"service": {"name": "Emergency Obstetric Care"}, "facility": {"code": 14263}}, {"service": {"name": "Environmental Health Services"}, "facility": {"code": 14263}}, {"service": {"name": "Integrated Management of Childhood Illnesses"}, "facility": {"code": 14263}}, {"service": {"name": "Laboratory Services"}, "facility": {"code": 14263}}, {"service": {"name": "Curative Services"}, "facility": {"code": 14263}}, {"service": {"name": "First Line Treatment"}, "facility": {"code": 14263}}, {"service": {"name": "Smear Microscopy"}, "facility": {"code": 14263}}, {"service": {"name": "Tuberculosis Culture"}, "facility": {"code": 14263}}, {"service": {"name": "Basic Immunization"}, "facility": {"code": 14263}}, {"service": {"name": "Focused Antenatal Care"}, "facility": {"code": 14263}}, {"service": {"name": "Long Term FP"}, "facility": {"code": 14263}}, {"service": {"name": "Short Term FP"}, "facility": {"code": 14263}}, {"service": {"name": "Home Based Care"}, "facility": {"code": 14263}}, {"service": {"name": "PMTCT - ANC"}, "facility": {"code": 14263}}, {"service": {"name": "Diagnostic Counselling and Testing"}, "facility": {"code": 14263}}, {"service": {"name": "Provider Initiated Counselling and Testing"}, "facility": {"code": 14263}}, {"service": {"name": "Management of STIs"}, "facility": {"code": 14263}}, {"service": {"name": "Condom Promotion and Distribution"}, "facility": {"code": 14263}}, {"service": {"name": "Laboratory Services"}, "facility": {"code": 15106}}, {"service": {"name": "Maternity Services"}, "facility": {"code": 15106}}, {"service": {"name": "Curative Services"}, "facility": {"code": 15106}}, {"service": {"name": "First Line Treatment"}, "facility": {"code": 15106}}, {"service": {"name": "Smear Microscopy"}, "facility": {"code": 15106}}, {"service": {"name": "Immunization with additional vaccines"}, "facility": {"code": 15106}}, {"service": {"name": "Basic Immunization"}, "facility": {"code": 15106}}, {"service": {"name": "Focused Antenatal Care"}, "facility": {"code": 15106}}, {"service": {"name": "Long Term FP"}, "facility": {"code": 15106}}, {"service": {"name": "Short Term FP"}, "facility": {"code": 15106}}, {"service": {"name": "Home Based Care"}, "facility": {"code": 15106}}, {"service": {"name": "Adult Antiretroviral Therapy"}, "facility": {"code": 15106}}, {"service": {"name": "Paediatric Antiretroviral Therapy"}, "facility": {"code": 15106}}, {"service": {"name": "Post Exposure Prophylaxis"}, "facility": {"code": 15106}}, {"service": {"name": "PMTCT - Maternity"}, "facility": {"code": 15106}}, {"service": {"name": "PMTCT - ANC"}, "facility": {"code": 15106}}, {"service": {"name": "Early Infant Diagnosis"}, "facility": {"code": 15106}}, {"service": {"name": "Diagnostic Counselling and Testing"}, "facility": {"code": 15106}}, {"service": {"name": "Provider Initiated Counselling and Testing"}, "facility": {"code": 15106}}, {"service": {"name": "Management of STIs"}, "facility": {"code": 15106}}, {"service": {"name": "Condom Promotion and Distribution"}, "facility": {"code": 15106}}, {"service": {"name": "Curative Services"}, "facility": {"code": 17741}}, {"service": {"name": "Integrated Management of Childhood Illnesses"}, "facility": {"code": 17740}}, {"service": {"name": "Nutrition Services"}, "facility": {"code": 17740}}, {"service": {"name": "PMTCT - ANC"}, "facility": {"code": 17741}}, {"service": {"name": "Surgical Services"}, "facility": {"code": 17740}}, {"service": {"name": "Maternity Services"}, "facility": {"code": 17740}}, {"service": {"name": "Curative Services"}, "facility": {"code": 17740}}, {"service": {"name": "Provider Initiated Counselling and Testing"}, "facility": {"code": 17741}}, {"service": {"name": "Basic Immunization"}, "facility": {"code": 17740}}, {"service": {"name": "Focused Antenatal Care"}, "facility": {"code": 17740}}, {"service": {"name": "Short Term FP"}, "facility": {"code": 17740}}, {"service": {"name": "PMTCT - ANC"}, "facility": {"code": 17740}}, {"service": {"name": "Management of STIs"}, "facility": {"code": 17740}}, {"service": {"name": "Condom Promotion and Distribution"}, "facility": {"code": 17740}}, {"service": {"name": "Emergency Obstetric Care"}, "facility": {"code": 17739}}, {"service": {"name": "Curative Services"}, "facility": {"code": 17739}}, {"service": {"name": "Immunization with additional vaccines"}, "facility": {"code": 17739}}, {"service": {"name": "Basic Immunization"}, "facility": {"code": 17739}}, {"service": {"name": "PMTCT - ANC"}, "facility": {"code": 17739}}, {"service": {"name": "Diagnostic Counselling and Testing"}, "facility": {"code": 17739}}, {"service": {"name": "Provider Initiated Counselling and Testing"}, "facility": {"code": 17739}}, {"service": {"name": "Curative Services"}, "facility": {"code": 12089}}, {"service": {"name": "Provider Initiated Counselling and Testing"}, "facility": {"code": 12089}}, {"service": {"name": "Basic Immunization"}, "facility": {"code": 12076}}, {"service": {"name": "PMTCT - ANC"}, "facility": {"code": 12076}}, {"service": {"name": "Provider Initiated Counselling and Testing"}, "facility": {"code": 12076}}, {"service": {"name": "Diagnostic Counselling and Testing"}, "facility": {"code": 12076}}, {"service": {"name": "Voluntary Male Circumcision"}, "facility": {"code": 16167}}, {"service": {"name": "Permanent FP"}, "facility": {"code": 16167}}, {"service": {"name": "Long Term FP"}, "facility": {"code": 16167}}, {"service": {"name": "Short Term FP"}, "facility": {"code": 16167}}, {"service": {"name": "PMTCT - ANC"}, "facility": {"code": 16167}}, {"service": {"name": "Management of STIs"}, "facility": {"code": 16167}}, {"service": {"name": "Condom Promotion and Distribution"}, "facility": {"code": 16167}}, {"service": {"name": "Adult Antiretroviral Therapy"}, "facility": {"code": 13029}}, {"service": {"name": "Early Infant Diagnosis"}, "facility": {"code": 13029}}, {"service": {"name": "Nutrition Services"}, "facility": {"code": 13234}}, {"service": {"name": "Radiology Services"}, "facility": {"code": 13234}}, {"service": {"name": "Emergency Obstetric Care"}, "facility": {"code": 14315}}, {"service": {"name": "Environmental Health Services"}, "facility": {"code": 14315}}, {"service": {"name": "Services for Sexual Violence Survivors"}, "facility": {"code": 14315}}, {"service": {"name": "Nutrition Services"}, "facility": {"code": 14315}}, {"service": {"name": "Laboratory Services"}, "facility": {"code": 14315}}, {"service": {"name": "Maternity Services"}, "facility": {"code": 14315}}, {"service": {"name": "Curative Services"}, "facility": {"code": 14315}}, {"service": {"name": "Basic Immunization"}, "facility": {"code": 14315}}, {"service": {"name": "Focused Antenatal Care"}, "facility": {"code": 14315}}, {"service": {"name": "Short Term FP"}, "facility": {"code": 14315}}, {"service": {"name": "Adult Antiretroviral Therapy"}, "facility": {"code": 14315}}, {"service": {"name": "Paediatric Antiretroviral Therapy"}, "facility": {"code": 14315}}, {"service": {"name": "Post Exposure Prophylaxis"}, "facility": {"code": 14315}}, {"service": {"name": "PMTCT - ANC"}, "facility": {"code": 14315}}, {"service": {"name": "Early Infant Diagnosis"}, "facility": {"code": 14315}}, {"service": {"name": "Diagnostic Counselling and Testing"}, "facility": {"code": 14315}}, {"service": {"name": "Provider Initiated Counselling and Testing"}, "facility": {"code": 14315}}, {"service": {"name": "Voluntary Counselling and Testing"}, "facility": {"code": 14315}}, {"service": {"name": "Management of STIs"}, "facility": {"code": 14315}}, {"service": {"name": "Condom Promotion and Distribution"}, "facility": {"code": 14315}}, {"service": {"name": "ENT Services"}, "facility": {"code": 10687}}, {"service": {"name": "Emergency Preparedness"}, "facility": {"code": 10687}}, {"service": {"name": "Emergency Obstetric Care"}, "facility": {"code": 10687}}, {"service": {"name": "Environmental Health Services"}, "facility": {"code": 10687}}, {"service": {"name": "Services for Sexual Violence Survivors"}, "facility": {"code": 10687}}, {"service": {"name": "Mental Health Services"}, "facility": {"code": 10687}}, {"service": {"name": "Nutrition Services"}, "facility": {"code": 10687}}, {"service": {"name": "Integrated Management of Childhood Illnesses"}, "facility": {"code": 10687}}, {"service": {"name": "Ambulance Sevices"}, "facility": {"code": 10687}}, {"service": {"name": "Laboratory Services"}, "facility": {"code": 10687}}, {"service": {"name": "Maternity Services"}, "facility": {"code": 10687}}, {"service": {"name": "Curative Services"}, "facility": {"code": 10687}}, {"service": {"name": "Smear Microscopy"}, "facility": {"code": 10687}}, {"service": {"name": "Basic Immunization"}, "facility": {"code": 10687}}, {"service": {"name": "Focused Antenatal Care"}, "facility": {"code": 10687}}, {"service": {"name": "Integrated Services"}, "facility": {"code": 10687}}, {"service": {"name": "Long Term FP"}, "facility": {"code": 10687}}, {"service": {"name": "Short Term FP"}, "facility": {"code": 10687}}, {"service": {"name": "Adult Antiretroviral Therapy"}, "facility": {"code": 10687}}, {"service": {"name": "Paediatric Antiretroviral Therapy"}, "facility": {"code": 10687}}, {"service": {"name": "Post Exposure Prophylaxis"}, "facility": {"code": 10687}}, {"service": {"name": "PMTCT - Maternity"}, "facility": {"code": 10687}}, {"service": {"name": "PMTCT - ANC"}, "facility": {"code": 10687}}, {"service": {"name": "Early Infant Diagnosis"}, "facility": {"code": 10687}}, {"service": {"name": "Diagnostic Counselling and Testing"}, "facility": {"code": 10687}}, {"service": {"name": "Provider Initiated Counselling and Testing"}, "facility": {"code": 10687}}, {"service": {"name": "Management of STIs"}, "facility": {"code": 10687}}, {"service": {"name": "Condom Promotion and Distribution"}, "facility": {"code": 10687}}, {"service": {"name": "Smear Microscopy"}, "facility": {"code": 10674}}, {"service": {"name": "Emergency Obstetric Care"}, "facility": {"code": 17131}}, {"service": {"name": "Environmental Health Services"}, "facility": {"code": 17131}}, {"service": {"name": "Services for Sexual Violence Survivors"}, "facility": {"code": 17131}}, {"service": {"name": "Curative Services"}, "facility": {"code": 17131}}, {"service": {"name": "Basic Immunization"}, "facility": {"code": 17131}}, {"service": {"name": "Focused Antenatal Care"}, "facility": {"code": 17131}}, {"service": {"name": "Short Term FP"}, "facility": {"code": 17131}}, {"service": {"name": "Post Exposure Prophylaxis"}, "facility": {"code": 17131}}, {"service": {"name": "PMTCT - ANC"}, "facility": {"code": 17131}}, {"service": {"name": "Early Infant Diagnosis"}, "facility": {"code": 17131}}, {"service": {"name": "Diagnostic Counselling and Testing"}, "facility": {"code": 17131}}, {"service": {"name": "Provider Initiated Counselling and Testing"}, "facility": {"code": 17131}}, {"service": {"name": "Voluntary Counselling and Testing"}, "facility": {"code": 17131}}, {"service": {"name": "Management of STIs"}, "facility": {"code": 17131}}, {"service": {"name": "Condom Promotion and Distribution"}, "facility": {"code": 17131}}, {"service": {"name": "Maternity Services"}, "facility": {"code": 10686}}, {"service": {"name": "Facility Based Blood Transfusion Service"}, "facility": {"code": 10686}}, {"service": {"name": "Services for Sexual Violence Survivors"}, "facility": {"code": 14345}}, {"service": {"name": "Environmental Health Services"}, "facility": {"code": 14345}}, {"service": {"name": "Nutrition Services"}, "facility": {"code": 14345}}, {"service": {"name": "Post Exposure Prophylaxis"}, "facility": {"code": 14345}}, {"service": {"name": "Early Infant Diagnosis"}, "facility": {"code": 14345}}, {"service": {"name": "Emergency Preparedness"}, "facility": {"code": 10674}}, {"service": {"name": "Environmental Health Services"}, "facility": {"code": 10674}}, {"service": {"name": "Long Term FP"}, "facility": {"code": 10674}}, {"service": {"name": "Early Infant Diagnosis"}, "facility": {"code": 17481}}, {"service": {"name": "Voluntary Counselling and Testing"}, "facility": {"code": 17481}}, {"service": {"name": "Emergency Obstetric Care"}, "facility": {"code": 10674}}, {"service": {"name": "Services for Sexual Violence Survivors"}, "facility": {"code": 10674}}, {"service": {"name": "Mental Health Services"}, "facility": {"code": 10674}}, {"service": {"name": "Nutrition Services"}, "facility": {"code": 10674}}, {"service": {"name": "Integrated Management of Childhood Illnesses"}, "facility": {"code": 10674}}, {"service": {"name": "Ambulance Sevices"}, "facility": {"code": 10674}}, {"service": {"name": "Laboratory Services"}, "facility": {"code": 10674}}, {"service": {"name": "Maternity Services"}, "facility": {"code": 10674}}, {"service": {"name": "Curative Services"}, "facility": {"code": 10674}}, {"service": {"name": "Basic Immunization"}, "facility": {"code": 10674}}, {"service": {"name": "Focused Antenatal Care"}, "facility": {"code": 10674}}, {"service": {"name": "Integrated Services"}, "facility": {"code": 10674}}, {"service": {"name": "Short Term FP"}, "facility": {"code": 10674}}, {"service": {"name": "Home Based Care"}, "facility": {"code": 10674}}, {"service": {"name": "Adult Antiretroviral Therapy"}, "facility": {"code": 10674}}, {"service": {"name": "Paediatric Antiretroviral Therapy"}, "facility": {"code": 10674}}, {"service": {"name": "Post Exposure Prophylaxis"}, "facility": {"code": 10674}}, {"service": {"name": "PMTCT - Maternity"}, "facility": {"code": 10674}}, {"service": {"name": "PMTCT - ANC"}, "facility": {"code": 10674}}, {"service": {"name": "Early Infant Diagnosis"}, "facility": {"code": 10674}}, {"service": {"name": "Diagnostic Counselling and Testing"}, "facility": {"code": 10674}}, {"service": {"name": "Provider Initiated Counselling and Testing"}, "facility": {"code": 10674}}, {"service": {"name": "Voluntary Counselling and Testing"}, "facility": {"code": 10674}}, {"service": {"name": "Management of STIs"}, "facility": {"code": 10674}}, {"service": {"name": "Condom Promotion and Distribution"}, "facility": {"code": 10674}}, {"service": {"name": "Maternity Services"}, "facility": {"code": 14401}}, {"service": {"name": "Curative Services"}, "facility": {"code": 14401}}, {"service": {"name": "Basic Immunization"}, "facility": {"code": 14401}}, {"service": {"name": "Focused Antenatal Care"}, "facility": {"code": 14401}}, {"service": {"name": "Short Term FP"}, "facility": {"code": 14401}}, {"service": {"name": "Management of STIs"}, "facility": {"code": 14401}}, {"service": {"name": "PMTCT - ANC"}, "facility": {"code": 14401}}, {"service": {"name": "Provider Initiated Counselling and Testing"}, "facility": {"code": 14401}}, {"service": {"name": "Condom Promotion and Distribution"}, "facility": {"code": 14401}}, {"service": {"name": "Maternity Services"}, "facility": {"code": 10651}}, {"service": {"name": "Diagnostic Counselling and Testing"}, "facility": {"code": 10651}}, {"service": {"name": "Maternity Services"}, "facility": {"code": 10455}}, {"service": {"name": "Focused Antenatal Care"}, "facility": {"code": 10455}}, {"service": {"name": "Diagnostic Counselling and Testing"}, "facility": {"code": 10455}}, {"service": {"name": "Condom Promotion and Distribution"}, "facility": {"code": 15542}}, {"service": {"name": "Nutrition Services"}, "facility": {"code": 12408}}, {"service": {"name": "Condom Promotion and Distribution"}, "facility": {"code": 12408}}, {"service": {"name": "Emergency Obstetric Care"}, "facility": {"code": 12395}}, {"service": {"name": "Environmental Health Services"}, "facility": {"code": 12395}}, {"service": {"name": "Nutrition Services"}, "facility": {"code": 12395}}, {"service": {"name": "Surgical Services"}, "facility": {"code": 12395}}, {"service": {"name": "Curative Services"}, "facility": {"code": 12395}}, {"service": {"name": "First Line Treatment"}, "facility": {"code": 12395}}, {"service": {"name": "Immunization with additional vaccines"}, "facility": {"code": 12395}}, {"service": {"name": "Basic Immunization"}, "facility": {"code": 12395}}, {"service": {"name": "Focused Antenatal Care"}, "facility": {"code": 12395}}, {"service": {"name": "Integrated Services"}, "facility": {"code": 12395}}, {"service": {"name": "Short Term FP"}, "facility": {"code": 12395}}, {"service": {"name": "Post Exposure Prophylaxis"}, "facility": {"code": 12395}}, {"service": {"name": "PMTCT - ANC"}, "facility": {"code": 12395}}, {"service": {"name": "Early Infant Diagnosis"}, "facility": {"code": 12395}}, {"service": {"name": "Provider Initiated Counselling and Testing"}, "facility": {"code": 12395}}, {"service": {"name": "Voluntary Counselling and Testing"}, "facility": {"code": 12395}}, {"service": {"name": "Management of STIs"}, "facility": {"code": 12395}}, {"service": {"name": "Condom Promotion and Distribution"}, "facility": {"code": 12395}}, {"service": {"name": "Emergency Obstetric Care"}, "facility": {"code": 16437}}, {"service": {"name": "Environmental Health Services"}, "facility": {"code": 16437}}, {"service": {"name": "Nutrition Services"}, "facility": {"code": 16437}}, {"service": {"name": "Integrated Management of Childhood Illnesses"}, "facility": {"code": 16437}}, {"service": {"name": "Surgical Services"}, "facility": {"code": 16437}}, {"service": {"name": "Curative Services"}, "facility": {"code": 16437}}, {"service": {"name": "First Line Treatment"}, "facility": {"code": 16437}}, {"service": {"name": "Immunization with additional vaccines"}, "facility": {"code": 16437}}, {"service": {"name": "Post Exposure Prophylaxis"}, "facility": {"code": 16437}}, {"service": {"name": "PMTCT - ANC"}, "facility": {"code": 16437}}, {"service": {"name": "Diagnostic Counselling and Testing"}, "facility": {"code": 16437}}, {"service": {"name": "Provider Initiated Counselling and Testing"}, "facility": {"code": 16437}}, {"service": {"name": "Voluntary Counselling and Testing"}, "facility": {"code": 16437}}, {"service": {"name": "Management of STIs"}, "facility": {"code": 16437}}, {"service": {"name": "Condom Promotion and Distribution"}, "facility": {"code": 16437}}, {"service": {"name": "Emergency Obstetric Care"}, "facility": {"code": 16743}}, {"service": {"name": "Curative Services"}, "facility": {"code": 16743}}, {"service": {"name": "Long Term FP"}, "facility": {"code": 16743}}, {"service": {"name": "Short Term FP"}, "facility": {"code": 16743}}, {"service": {"name": "PMTCT - ANC"}, "facility": {"code": 16743}}, {"service": {"name": "Provider Initiated Counselling and Testing"}, "facility": {"code": 16743}}, {"service": {"name": "Voluntary Counselling and Testing"}, "facility": {"code": 16743}}, {"service": {"name": "Management of STIs"}, "facility": {"code": 16743}}, {"service": {"name": "Condom Promotion and Distribution"}, "facility": {"code": 16743}}, {"service": {"name": "Mortuary Services"}, "facility": {"code": 11988}}, {"service": {"name": "Emergency Obstetric Care"}, "facility": {"code": 16438}}, {"service": {"name": "Environmental Health Services"}, "facility": {"code": 16438}}, {"service": {"name": "Nutrition Services"}, "facility": {"code": 16438}}, {"service": {"name": "Integrated Management of Childhood Illnesses"}, "facility": {"code": 16438}}, {"service": {"name": "Surgical Services"}, "facility": {"code": 16438}}, {"service": {"name": "Maternity Services"}, "facility": {"code": 16438}}, {"service": {"name": "Curative Services"}, "facility": {"code": 16438}}, {"service": {"name": "First Line Treatment"}, "facility": {"code": 16438}}, {"service": {"name": "Smear Microscopy"}, "facility": {"code": 16438}}, {"service": {"name": "Immunization with additional vaccines"}, "facility": {"code": 16438}}, {"service": {"name": "Basic Immunization"}, "facility": {"code": 16438}}, {"service": {"name": "Focused Antenatal Care"}, "facility": {"code": 16438}}, {"service": {"name": "Integrated Services"}, "facility": {"code": 16438}}, {"service": {"name": "Short Term FP"}, "facility": {"code": 16438}}, {"service": {"name": "Voluntary Male Circumcision"}, "facility": {"code": 16438}}, {"service": {"name": "Post Exposure Prophylaxis"}, "facility": {"code": 16438}}, {"service": {"name": "PMTCT - Maternity"}, "facility": {"code": 16438}}, {"service": {"name": "Early Infant Diagnosis"}, "facility": {"code": 16438}}, {"service": {"name": "PMTCT - ANC"}, "facility": {"code": 16438}}, {"service": {"name": "Diagnostic Counselling and Testing"}, "facility": {"code": 16438}}, {"service": {"name": "Provider Initiated Counselling and Testing"}, "facility": {"code": 16438}}, {"service": {"name": "Voluntary Counselling and Testing"}, "facility": {"code": 16438}}, {"service": {"name": "Management of STIs"}, "facility": {"code": 16438}}, {"service": {"name": "Condom Promotion and Distribution"}, "facility": {"code": 16438}}, {"service": {"name": "Condom Promotion and Distribution"}, "facility": {"code": 14045}}, {"service": {"name": "Laboratory Services"}, "facility": {"code": 14045}}, {"service": {"name": "Maternity Services"}, "facility": {"code": 14045}}, {"service": {"name": "Curative Services"}, "facility": {"code": 14045}}, {"service": {"name": "First Line Treatment"}, "facility": {"code": 14045}}, {"service": {"name": "Smear Microscopy"}, "facility": {"code": 14045}}, {"service": {"name": "Basic Immunization"}, "facility": {"code": 14045}}, {"service": {"name": "Focused Antenatal Care"}, "facility": {"code": 14045}}, {"service": {"name": "Long Term FP"}, "facility": {"code": 14045}}, {"service": {"name": "Short Term FP"}, "facility": {"code": 14045}}, {"service": {"name": "Adult Antiretroviral Therapy"}, "facility": {"code": 14045}}, {"service": {"name": "Paediatric Antiretroviral Therapy"}, "facility": {"code": 14045}}, {"service": {"name": "Post Exposure Prophylaxis"}, "facility": {"code": 14045}}, {"service": {"name": "PMTCT - Maternity"}, "facility": {"code": 14045}}, {"service": {"name": "PMTCT - ANC"}, "facility": {"code": 14045}}, {"service": {"name": "Early Infant Diagnosis"}, "facility": {"code": 14045}}, {"service": {"name": "Diagnostic Counselling and Testing"}, "facility": {"code": 14045}}, {"service": {"name": "Provider Initiated Counselling and Testing"}, "facility": {"code": 14045}}, {"service": {"name": "Management of STIs"}, "facility": {"code": 14045}}, {"service": {"name": "Emergency Preparedness"}, "facility": {"code": 11988}}, {"service": {"name": "Oral Health Services (Dental Services)"}, "facility": {"code": 11988}}, {"service": {"name": "Emergency Obstetric Care"}, "facility": {"code": 11988}}, {"service": {"name": "Environmental Health Services"}, "facility": {"code": 11988}}, {"service": {"name": "Services for Sexual Violence Survivors"}, "facility": {"code": 11988}}, {"service": {"name": "Nutrition Services"}, "facility": {"code": 11988}}, {"service": {"name": "Integrated Management of Childhood Illnesses"}, "facility": {"code": 11988}}, {"service": {"name": "Ambulance Sevices"}, "facility": {"code": 11988}}, {"service": {"name": "First Line Treatment"}, "facility": {"code": 11988}}, {"service": {"name": "Smear Microscopy"}, "facility": {"code": 11988}}, {"service": {"name": "Laboratory Services"}, "facility": {"code": 11988}}, {"service": {"name": "Surgical Services"}, "facility": {"code": 11988}}, {"service": {"name": "Maternity Services"}, "facility": {"code": 11988}}, {"service": {"name": "Laboratory Services"}, "facility": {"code": 14054}}, {"service": {"name": "Maternity Services"}, "facility": {"code": 14054}}, {"service": {"name": "Curative Services"}, "facility": {"code": 14054}}, {"service": {"name": "First Line Treatment"}, "facility": {"code": 14054}}, {"service": {"name": "Tuberculosis Culture"}, "facility": {"code": 14054}}, {"service": {"name": "Smear Microscopy"}, "facility": {"code": 14054}}, {"service": {"name": "Basic Immunization"}, "facility": {"code": 14054}}, {"service": {"name": "Focused Antenatal Care"}, "facility": {"code": 14054}}, {"service": {"name": "Long Term FP"}, "facility": {"code": 14054}}, {"service": {"name": "Short Term FP"}, "facility": {"code": 14054}}, {"service": {"name": "Curative Services"}, "facility": {"code": 11988}}, {"service": {"name": "Adult Antiretroviral Therapy"}, "facility": {"code": 14054}}, {"service": {"name": "Paediatric Antiretroviral Therapy"}, "facility": {"code": 14054}}, {"service": {"name": "Post Exposure Prophylaxis"}, "facility": {"code": 14054}}, {"service": {"name": "PMTCT - Maternity"}, "facility": {"code": 14054}}, {"service": {"name": "PMTCT - ANC"}, "facility": {"code": 14054}}, {"service": {"name": "Early Infant Diagnosis"}, "facility": {"code": 14054}}, {"service": {"name": "Diagnostic Counselling and Testing"}, "facility": {"code": 14054}}, {"service": {"name": "Immunization with additional vaccines"}, "facility": {"code": 11988}}, {"service": {"name": "Provider Initiated Counselling and Testing"}, "facility": {"code": 14054}}, {"service": {"name": "Basic Immunization"}, "facility": {"code": 11988}}, {"service": {"name": "Focused Antenatal Care"}, "facility": {"code": 11988}}, {"service": {"name": "Management of STIs"}, "facility": {"code": 14054}}, {"service": {"name": "Short Term FP"}, "facility": {"code": 11988}}, {"service": {"name": "Condom Promotion and Distribution"}, "facility": {"code": 14054}}, {"service": {"name": "Post Exposure Prophylaxis"}, "facility": {"code": 11988}}, {"service": {"name": "Voluntary Male Circumcision"}, "facility": {"code": 11988}}, {"service": {"name": "PMTCT - Maternity"}, "facility": {"code": 11988}}, {"service": {"name": "PMTCT - ANC"}, "facility": {"code": 11988}}, {"service": {"name": "Diagnostic Counselling and Testing"}, "facility": {"code": 11988}}, {"service": {"name": "Provider Initiated Counselling and Testing"}, "facility": {"code": 11988}}, {"service": {"name": "Voluntary Counselling and Testing"}, "facility": {"code": 11988}}, {"service": {"name": "Management of STIs"}, "facility": {"code": 11988}}, {"service": {"name": "Condom Promotion and Distribution"}, "facility": {"code": 11988}}, {"service": {"name": "Emergency Preparedness"}, "facility": {"code": 15288}}, {"service": {"name": "Dental Laboratory Services"}, "facility": {"code": 15288}}, {"service": {"name": "ENT Services"}, "facility": {"code": 15288}}, {"service": {"name": "Oral Health Services (Dental Services)"}, "facility": {"code": 15288}}, {"service": {"name": "Emergency Obstetric Care"}, "facility": {"code": 15288}}, {"service": {"name": "Emergency Obstetric Care"}, "facility": {"code": 16432}}, {"service": {"name": "Environmental Health Services"}, "facility": {"code": 16432}}, {"service": {"name": "Environmental Health Services"}, "facility": {"code": 15288}}, {"service": {"name": "Rehabilitative Health Services - Physiotherapy"}, "facility": {"code": 15288}}, {"service": {"name": "Nutrition Services"}, "facility": {"code": 16432}}, {"service": {"name": "Integrated Management of Childhood Illnesses"}, "facility": {"code": 16432}}, {"service": {"name": "Laboratory Services"}, "facility": {"code": 16432}}, {"service": {"name": "Surgical Services"}, "facility": {"code": 16432}}, {"service": {"name": "Maternity Services"}, "facility": {"code": 16432}}, {"service": {"name": "Services for Sexual Violence Survivors"}, "facility": {"code": 15288}}, {"service": {"name": "Curative Services"}, "facility": {"code": 16432}}, {"service": {"name": "First Line Treatment"}, "facility": {"code": 16432}}, {"service": {"name": "Smear Microscopy"}, "facility": {"code": 16432}}, {"service": {"name": "Mental Health Services"}, "facility": {"code": 15288}}, {"service": {"name": "Immunization with additional vaccines"}, "facility": {"code": 16432}}, {"service": {"name": "Basic Immunization"}, "facility": {"code": 16432}}, {"service": {"name": "Opthalmic Services"}, "facility": {"code": 15288}}, {"service": {"name": "Focused Antenatal Care"}, "facility": {"code": 16432}}, {"service": {"name": "Integrated Services"}, "facility": {"code": 16432}}, {"service": {"name": "Long Term FP"}, "facility": {"code": 16432}}, {"service": {"name": "Nutrition Services"}, "facility": {"code": 15288}}, {"service": {"name": "Short Term FP"}, "facility": {"code": 16432}}, {"service": {"name": "Home Based Care"}, "facility": {"code": 16432}}, {"service": {"name": "Integrated Management of Childhood Illnesses"}, "facility": {"code": 15288}}, {"service": {"name": "Ambulance Sevices"}, "facility": {"code": 15288}}, {"service": {"name": "Adult Antiretroviral Therapy"}, "facility": {"code": 16432}}, {"service": {"name": "Paediatric Antiretroviral Therapy"}, "facility": {"code": 16432}}, {"service": {"name": "Post Exposure Prophylaxis"}, "facility": {"code": 16432}}, {"service": {"name": "Voluntary Male Circumcision"}, "facility": {"code": 16432}}, {"service": {"name": "PMTCT - ANC"}, "facility": {"code": 16432}}, {"service": {"name": "Early Infant Diagnosis"}, "facility": {"code": 16432}}, {"service": {"name": "Diagnostic Counselling and Testing"}, "facility": {"code": 16432}}, {"service": {"name": "Provider Initiated Counselling and Testing"}, "facility": {"code": 16432}}, {"service": {"name": "Voluntary Counselling and Testing"}, "facility": {"code": 16432}}, {"service": {"name": "Management of STIs"}, "facility": {"code": 16432}}, {"service": {"name": "Condom Promotion and Distribution"}, "facility": {"code": 16432}}, {"service": {"name": "Laboratory Services"}, "facility": {"code": 15288}}, {"service": {"name": "Radiology Services"}, "facility": {"code": 15288}}, {"service": {"name": "Surgical Services"}, "facility": {"code": 15288}}, {"service": {"name": "Facility Based Blood Collection Service"}, "facility": {"code": 15288}}, {"service": {"name": "Maternity Services"}, "facility": {"code": 15288}}, {"service": {"name": "Curative Services"}, "facility": {"code": 15288}}, {"service": {"name": "Emergency Obstetric Care"}, "facility": {"code": 11786}}, {"service": {"name": "Curative Services"}, "facility": {"code": 11786}}, {"service": {"name": "Short Term FP"}, "facility": {"code": 11786}}, {"service": {"name": "Management of STIs"}, "facility": {"code": 11786}}, {"service": {"name": "Mortuary Services"}, "facility": {"code": 15288}}, {"service": {"name": "Facility Based Blood Transfusion Service"}, "facility": {"code": 15288}}, {"service": {"name": "Rehabilitative Health Services - Orthopaedic Technology"}, "facility": {"code": 15288}}, {"service": {"name": "Rehabilitative Health Services - Occupational Health"}, "facility": {"code": 15288}}, {"service": {"name": "MDRTB Treatment"}, "facility": {"code": 15288}}, {"service": {"name": "First Line Treatment"}, "facility": {"code": 15288}}, {"service": {"name": "Tuberculosis Culture"}, "facility": {"code": 15288}}, {"service": {"name": "Smear Microscopy"}, "facility": {"code": 15288}}, {"service": {"name": "Basic Immunization"}, "facility": {"code": 15288}}, {"service": {"name": "Specialized ANC"}, "facility": {"code": 15288}}, {"service": {"name": "Focused Antenatal Care"}, "facility": {"code": 15288}}, {"service": {"name": "Integrated Services"}, "facility": {"code": 15288}}, {"service": {"name": "Permanent FP"}, "facility": {"code": 15288}}, {"service": {"name": "Laboratory Services"}, "facility": {"code": 11911}}, {"service": {"name": "Long Term FP"}, "facility": {"code": 15288}}, {"service": {"name": "Short Term FP"}, "facility": {"code": 15288}}, {"service": {"name": "Curative Services"}, "facility": {"code": 11911}}, {"service": {"name": "Home Based Care"}, "facility": {"code": 15288}}, {"service": {"name": "Adult Antiretroviral Therapy"}, "facility": {"code": 15288}}, {"service": {"name": "Paediatric Antiretroviral Therapy"}, "facility": {"code": 15288}}, {"service": {"name": "Post Exposure Prophylaxis"}, "facility": {"code": 15288}}, {"service": {"name": "Short Term FP"}, "facility": {"code": 11911}}, {"service": {"name": "Voluntary Male Circumcision"}, "facility": {"code": 15288}}, {"service": {"name": "PMTCT - Maternity"}, "facility": {"code": 15288}}, {"service": {"name": "PMTCT - ANC"}, "facility": {"code": 15288}}, {"service": {"name": "Early Infant Diagnosis"}, "facility": {"code": 15288}}, {"service": {"name": "Diagnostic Counselling and Testing"}, "facility": {"code": 15288}}, {"service": {"name": "Provider Initiated Counselling and Testing"}, "facility": {"code": 15288}}, {"service": {"name": "Voluntary Counselling and Testing"}, "facility": {"code": 15288}}, {"service": {"name": "Management of STIs"}, "facility": {"code": 15288}}, {"service": {"name": "Condom Promotion and Distribution"}, "facility": {"code": 15288}}, {"service": {"name": "Provider Initiated Counselling and Testing"}, "facility": {"code": 11911}}, {"service": {"name": "Management of STIs"}, "facility": {"code": 11911}}, {"service": {"name": "Condom Promotion and Distribution"}, "facility": {"code": 11911}}, {"service": {"name": "Laboratory Services"}, "facility": {"code": 11697}}, {"service": {"name": "Curative Services"}, "facility": {"code": 11697}}, {"service": {"name": "First Line Treatment"}, "facility": {"code": 11697}}, {"service": {"name": "Smear Microscopy"}, "facility": {"code": 11697}}, {"service": {"name": "Basic Immunization"}, "facility": {"code": 11697}}, {"service": {"name": "Focused Antenatal Care"}, "facility": {"code": 11697}}, {"service": {"name": "Short Term FP"}, "facility": {"code": 11697}}, {"service": {"name": "Adult Antiretroviral Therapy"}, "facility": {"code": 11697}}, {"service": {"name": "Paediatric Antiretroviral Therapy"}, "facility": {"code": 11697}}, {"service": {"name": "Post Exposure Prophylaxis"}, "facility": {"code": 11697}}, {"service": {"name": "PMTCT - ANC"}, "facility": {"code": 11697}}, {"service": {"name": "Early Infant Diagnosis"}, "facility": {"code": 11697}}, {"service": {"name": "Diagnostic Counselling and Testing"}, "facility": {"code": 11697}}, {"service": {"name": "Provider Initiated Counselling and Testing"}, "facility": {"code": 11697}}, {"service": {"name": "Voluntary Counselling and Testing"}, "facility": {"code": 11697}}, {"service": {"name": "Management of STIs"}, "facility": {"code": 11697}}, {"service": {"name": "Condom Promotion and Distribution"}, "facility": {"code": 11697}}, {"service": {"name": "Laboratory Services"}, "facility": {"code": 11831}}, {"service": {"name": "Curative Services"}, "facility": {"code": 11831}}, {"service": {"name": "First Line Treatment"}, "facility": {"code": 11831}}, {"service": {"name": "Basic Immunization"}, "facility": {"code": 11831}}, {"service": {"name": "Focused Antenatal Care"}, "facility": {"code": 11831}}, {"service": {"name": "Short Term FP"}, "facility": {"code": 11831}}, {"service": {"name": "Paediatric Antiretroviral Therapy"}, "facility": {"code": 11831}}, {"service": {"name": "Adult Antiretroviral Therapy"}, "facility": {"code": 11831}}, {"service": {"name": "Early Infant Diagnosis"}, "facility": {"code": 11831}}, {"service": {"name": "Post Exposure Prophylaxis"}, "facility": {"code": 11831}}, {"service": {"name": "PMTCT - ANC"}, "facility": {"code": 11831}}, {"service": {"name": "Diagnostic Counselling and Testing"}, "facility": {"code": 11831}}, {"service": {"name": "Provider Initiated Counselling and Testing"}, "facility": {"code": 11831}}, {"service": {"name": "Voluntary Counselling and Testing"}, "facility": {"code": 11831}}, {"service": {"name": "Management of STIs"}, "facility": {"code": 11831}}, {"service": {"name": "Condom Promotion and Distribution"}, "facility": {"code": 11831}}, {"service": {"name": "Nutrition Services"}, "facility": {"code": 12576}}, {"service": {"name": "Maternity Services"}, "facility": {"code": 12576}}, {"service": {"name": "Curative Services"}, "facility": {"code": 12576}}, {"service": {"name": "First Line Treatment"}, "facility": {"code": 12576}}, {"service": {"name": "Basic Immunization"}, "facility": {"code": 12576}}, {"service": {"name": "Focused Antenatal Care"}, "facility": {"code": 12576}}, {"service": {"name": "Long Term FP"}, "facility": {"code": 12576}}, {"service": {"name": "Short Term FP"}, "facility": {"code": 12576}}, {"service": {"name": "PMTCT - ANC"}, "facility": {"code": 12576}}, {"service": {"name": "Early Infant Diagnosis"}, "facility": {"code": 12576}}, {"service": {"name": "Diagnostic Counselling and Testing"}, "facility": {"code": 12576}}, {"service": {"name": "Voluntary Counselling and Testing"}, "facility": {"code": 12576}}, {"service": {"name": "Management of STIs"}, "facility": {"code": 12576}}, {"service": {"name": "Condom Promotion and Distribution"}, "facility": {"code": 12576}}, {"service": {"name": "Emergency Preparedness"}, "facility": {"code": 12662}}, {"service": {"name": "Emergency Obstetric Care"}, "facility": {"code": 12662}}, {"service": {"name": "Integrated Management of Childhood Illnesses"}, "facility": {"code": 12662}}, {"service": {"name": "Ambulance Sevices"}, "facility": {"code": 12662}}, {"service": {"name": "Laboratory Services"}, "facility": {"code": 12662}}, {"service": {"name": "Radiology Services"}, "facility": {"code": 12662}}, {"service": {"name": "Surgical Services"}, "facility": {"code": 12662}}, {"service": {"name": "Maternity Services"}, "facility": {"code": 12662}}, {"service": {"name": "Curative Services"}, "facility": {"code": 12662}}, {"service": {"name": "First Line Treatment"}, "facility": {"code": 12662}}, {"service": {"name": "Long Term FP"}, "facility": {"code": 12662}}, {"service": {"name": "Focused Antenatal Care"}, "facility": {"code": 12662}}, {"service": {"name": "Basic Immunization"}, "facility": {"code": 12662}}, {"service": {"name": "Short Term FP"}, "facility": {"code": 12662}}, {"service": {"name": "PMTCT - Maternity"}, "facility": {"code": 12662}}, {"service": {"name": "PMTCT - ANC"}, "facility": {"code": 12662}}, {"service": {"name": "Early Infant Diagnosis"}, "facility": {"code": 12662}}, {"service": {"name": "Diagnostic Counselling and Testing"}, "facility": {"code": 12662}}, {"service": {"name": "Provider Initiated Counselling and Testing"}, "facility": {"code": 12662}}, {"service": {"name": "Voluntary Counselling and Testing"}, "facility": {"code": 12662}}, {"service": {"name": "Management of STIs"}, "facility": {"code": 12662}}, {"service": {"name": "Condom Promotion and Distribution"}, "facility": {"code": 12662}}, {"service": {"name": "Adult Antiretroviral Therapy"}, "facility": {"code": 12794}}, {"service": {"name": "Services for Sexual Violence Survivors"}, "facility": {"code": 14179}}, {"service": {"name": "Services for Female Genital Mutilation (FGM) Survivors"}, "facility": {"code": 14179}}, {"service": {"name": "Integrated Management of Childhood Illnesses"}, "facility": {"code": 15542}}, {"service": {"name": "Nutrition Services"}, "facility": {"code": 15542}}, {"service": {"name": "Nutrition Services"}, "facility": {"code": 17481}}, {"service": {"name": "Services for Sexual Violence Survivors"}, "facility": {"code": 17481}}, {"service": {"name": "Environmental Health Services"}, "facility": {"code": 17481}}, {"service": {"name": "Maternity Services"}, "facility": {"code": 14965}}, {"service": {"name": "Services for Sexual Violence Survivors"}, "facility": {"code": 14857}}, {"service": {"name": "Laboratory Services"}, "facility": {"code": 14857}}, {"service": {"name": "Nutrition Services"}, "facility": {"code": 14857}}, {"service": {"name": "Post Exposure Prophylaxis"}, "facility": {"code": 14857}}, {"service": {"name": "Early Infant Diagnosis"}, "facility": {"code": 14857}}, {"service": {"name": "Emergency Obstetric Care"}, "facility": {"code": 14825}}, {"service": {"name": "Environmental Health Services"}, "facility": {"code": 14825}}, {"service": {"name": "Mental Health Services"}, "facility": {"code": 14825}}, {"service": {"name": "Nutrition Services"}, "facility": {"code": 14825}}, {"service": {"name": "Laboratory Services"}, "facility": {"code": 14825}}, {"service": {"name": "Maternity Services"}, "facility": {"code": 14825}}, {"service": {"name": "Curative Services"}, "facility": {"code": 14825}}, {"service": {"name": "First Line Treatment"}, "facility": {"code": 14825}}, {"service": {"name": "Smear Microscopy"}, "facility": {"code": 14825}}, {"service": {"name": "Basic Immunization"}, "facility": {"code": 14825}}, {"service": {"name": "Focused Antenatal Care"}, "facility": {"code": 14825}}, {"service": {"name": "Short Term FP"}, "facility": {"code": 14825}}, {"service": {"name": "Adult Antiretroviral Therapy"}, "facility": {"code": 14825}}, {"service": {"name": "Paediatric Antiretroviral Therapy"}, "facility": {"code": 14825}}, {"service": {"name": "Emergency Preparedness"}, "facility": {"code": 17045}}, {"service": {"name": "ENT Services"}, "facility": {"code": 17045}}, {"service": {"name": "Dental Laboratory Services"}, "facility": {"code": 17045}}, {"service": {"name": "Post Exposure Prophylaxis"}, "facility": {"code": 14825}}, {"service": {"name": "Oral Health Services (Dental Services)"}, "facility": {"code": 17045}}, {"service": {"name": "PMTCT - Maternity"}, "facility": {"code": 14825}}, {"service": {"name": "Emergency Obstetric Care"}, "facility": {"code": 17045}}, {"service": {"name": "PMTCT - ANC"}, "facility": {"code": 14825}}, {"service": {"name": "Early Infant Diagnosis"}, "facility": {"code": 14825}}, {"service": {"name": "Environmental Health Services"}, "facility": {"code": 17045}}, {"service": {"name": "Diagnostic Counselling and Testing"}, "facility": {"code": 14825}}, {"service": {"name": "Provider Initiated Counselling and Testing"}, "facility": {"code": 14825}}, {"service": {"name": "Nutrition Services"}, "facility": {"code": 17045}}, {"service": {"name": "Voluntary Counselling and Testing"}, "facility": {"code": 14825}}, {"service": {"name": "Management of STIs"}, "facility": {"code": 14825}}, {"service": {"name": "Integrated Management of Childhood Illnesses"}, "facility": {"code": 17045}}, {"service": {"name": "Condom Promotion and Distribution"}, "facility": {"code": 14825}}, {"service": {"name": "Curative Services"}, "facility": {"code": 17045}}, {"service": {"name": "Management of STIs"}, "facility": {"code": 17045}}, {"service": {"name": "Condom Promotion and Distribution"}, "facility": {"code": 17045}}, {"service": {"name": "Environmental Health Services"}, "facility": {"code": 14792}}, {"service": {"name": "Mental Health Services"}, "facility": {"code": 14792}}, {"service": {"name": "Services for Sexual Violence Survivors"}, "facility": {"code": 14792}}, {"service": {"name": "Emergency Preparedness"}, "facility": {"code": 17738}}, {"service": {"name": "Voluntary Counselling and Testing"}, "facility": {"code": 17738}}, {"service": {"name": "Condom Promotion and Distribution"}, "facility": {"code": 17738}}, {"service": {"name": "Emergency Preparedness"}, "facility": {"code": 10651}}, {"service": {"name": "Provider Initiated Counselling and Testing"}, "facility": {"code": 10651}}, {"service": {"name": "Management of STIs"}, "facility": {"code": 10651}}, {"service": {"name": "Emergency Obstetric Care"}, "facility": {"code": 10651}}, {"service": {"name": "Services for Sexual Violence Survivors"}, "facility": {"code": 10651}}, {"service": {"name": "Nutrition Services"}, "facility": {"code": 10651}}, {"service": {"name": "Curative Services"}, "facility": {"code": 10651}}, {"service": {"name": "Basic Immunization"}, "facility": {"code": 10651}}, {"service": {"name": "Focused Antenatal Care"}, "facility": {"code": 10651}}, {"service": {"name": "Integrated Services"}, "facility": {"code": 10651}}, {"service": {"name": "Long Term FP"}, "facility": {"code": 10651}}, {"service": {"name": "Short Term FP"}, "facility": {"code": 10651}}, {"service": {"name": "PMTCT - ANC"}, "facility": {"code": 10651}}, {"service": {"name": "PMTCT - Maternity"}, "facility": {"code": 10651}}, {"service": {"name": "Condom Promotion and Distribution"}, "facility": {"code": 10651}}, {"service": {"name": "Emergency Preparedness"}, "facility": {"code": 13646}}, {"service": {"name": "Integrated Management of Childhood Illnesses"}, "facility": {"code": 13646}}, {"service": {"name": "Curative Services"}, "facility": {"code": 13646}}, {"service": {"name": "Basic Immunization"}, "facility": {"code": 13646}}, {"service": {"name": "PMTCT - ANC"}, "facility": {"code": 13646}}, {"service": {"name": "Early Infant Diagnosis"}, "facility": {"code": 13646}}, {"service": {"name": "Diagnostic Counselling and Testing"}, "facility": {"code": 13646}}, {"service": {"name": "Provider Initiated Counselling and Testing"}, "facility": {"code": 13646}}, {"service": {"name": "Management of STIs"}, "facility": {"code": 13646}}, {"service": {"name": "Condom Promotion and Distribution"}, "facility": {"code": 13646}}, {"service": {"name": "Integrated Management of Childhood Illnesses"}, "facility": {"code": 13638}}, {"service": {"name": "Laboratory Services"}, "facility": {"code": 13638}}, {"service": {"name": "Maternity Services"}, "facility": {"code": 13638}}, {"service": {"name": "Curative Services"}, "facility": {"code": 13638}}, {"service": {"name": "First Line Treatment"}, "facility": {"code": 13638}}, {"service": {"name": "Smear Microscopy"}, "facility": {"code": 13638}}, {"service": {"name": "Basic Immunization"}, "facility": {"code": 13638}}, {"service": {"name": "Post Exposure Prophylaxis"}, "facility": {"code": 13638}}, {"service": {"name": "Voluntary Male Circumcision"}, "facility": {"code": 13638}}, {"service": {"name": "PMTCT - Maternity"}, "facility": {"code": 13638}}, {"service": {"name": "PMTCT - ANC"}, "facility": {"code": 13638}}, {"service": {"name": "Early Infant Diagnosis"}, "facility": {"code": 13638}}, {"service": {"name": "Diagnostic Counselling and Testing"}, "facility": {"code": 13638}}, {"service": {"name": "Provider Initiated Counselling and Testing"}, "facility": {"code": 13638}}, {"service": {"name": "Voluntary Counselling and Testing"}, "facility": {"code": 13638}}, {"service": {"name": "Management of STIs"}, "facility": {"code": 13638}}, {"service": {"name": "Condom Promotion and Distribution"}, "facility": {"code": 13638}}, {"service": {"name": "Maternity Services"}, "facility": {"code": 13604}}, {"service": {"name": "Maternity Services"}, "facility": {"code": 13754}}, {"service": {"name": "Curative Services"}, "facility": {"code": 13754}}, {"service": {"name": "Focused Antenatal Care"}, "facility": {"code": 13754}}, {"service": {"name": "Short Term FP"}, "facility": {"code": 13754}}, {"service": {"name": "PMTCT - Maternity"}, "facility": {"code": 13754}}, {"service": {"name": "Early Infant Diagnosis"}, "facility": {"code": 13754}}, {"service": {"name": "PMTCT - ANC"}, "facility": {"code": 13754}}, {"service": {"name": "Diagnostic Counselling and Testing"}, "facility": {"code": 13754}}, {"service": {"name": "Provider Initiated Counselling and Testing"}, "facility": {"code": 13754}}, {"service": {"name": "Management of STIs"}, "facility": {"code": 13754}}, {"service": {"name": "Condom Promotion and Distribution"}, "facility": {"code": 13754}}, {"service": {"name": "Maternity Services"}, "facility": {"code": 16660}}, {"service": {"name": "Basic Immunization"}, "facility": {"code": 16660}}, {"service": {"name": "Focused Antenatal Care"}, "facility": {"code": 16660}}, {"service": {"name": "Short Term FP"}, "facility": {"code": 16660}}, {"service": {"name": "PMTCT - Maternity"}, "facility": {"code": 16660}}, {"service": {"name": "PMTCT - ANC"}, "facility": {"code": 16660}}, {"service": {"name": "Provider Initiated Counselling and Testing"}, "facility": {"code": 16660}}, {"service": {"name": "Condom Promotion and Distribution"}, "facility": {"code": 16660}}, {"service": {"name": "Laboratory Services"}, "facility": {"code": 13698}}, {"service": {"name": "Maternity Services"}, "facility": {"code": 13698}}, {"service": {"name": "Curative Services"}, "facility": {"code": 13698}}, {"service": {"name": "First Line Treatment"}, "facility": {"code": 13698}}, {"service": {"name": "Smear Microscopy"}, "facility": {"code": 13698}}, {"service": {"name": "Basic Immunization"}, "facility": {"code": 13698}}, {"service": {"name": "Focused Antenatal Care"}, "facility": {"code": 13698}}, {"service": {"name": "Short Term FP"}, "facility": {"code": 13698}}, {"service": {"name": "PMTCT - Maternity"}, "facility": {"code": 13698}}, {"service": {"name": "PMTCT - ANC"}, "facility": {"code": 13698}}, {"service": {"name": "Early Infant Diagnosis"}, "facility": {"code": 13698}}, {"service": {"name": "Diagnostic Counselling and Testing"}, "facility": {"code": 13698}}, {"service": {"name": "Provider Initiated Counselling and Testing"}, "facility": {"code": 13698}}, {"service": {"name": "Voluntary Counselling and Testing"}, "facility": {"code": 13698}}, {"service": {"name": "Management of STIs"}, "facility": {"code": 13698}}, {"service": {"name": "Condom Promotion and Distribution"}, "facility": {"code": 13698}}, {"service": {"name": "Curative Services"}, "facility": {"code": 13936}}, {"service": {"name": "Basic Immunization"}, "facility": {"code": 13936}}, {"service": {"name": "Focused Antenatal Care"}, "facility": {"code": 13936}}, {"service": {"name": "Adult Antiretroviral Therapy"}, "facility": {"code": 13936}}, {"service": {"name": "Paediatric Antiretroviral Therapy"}, "facility": {"code": 13936}}, {"service": {"name": "Home Based Care"}, "facility": {"code": 13936}}, {"service": {"name": "Post Exposure Prophylaxis"}, "facility": {"code": 13936}}, {"service": {"name": "PMTCT - Maternity"}, "facility": {"code": 13936}}, {"service": {"name": "PMTCT - ANC"}, "facility": {"code": 13936}}, {"service": {"name": "Early Infant Diagnosis"}, "facility": {"code": 13936}}, {"service": {"name": "Diagnostic Counselling and Testing"}, "facility": {"code": 13936}}, {"service": {"name": "Provider Initiated Counselling and Testing"}, "facility": {"code": 13936}}, {"service": {"name": "Voluntary Counselling and Testing"}, "facility": {"code": 13936}}, {"service": {"name": "Management of STIs"}, "facility": {"code": 13936}}, {"service": {"name": "Maternity Services"}, "facility": {"code": 13937}}, {"service": {"name": "Curative Services"}, "facility": {"code": 13937}}, {"service": {"name": "Smear Microscopy"}, "facility": {"code": 13937}}, {"service": {"name": "First Line Treatment"}, "facility": {"code": 13937}}, {"service": {"name": "Focused Antenatal Care"}, "facility": {"code": 13937}}, {"service": {"name": "Short Term FP"}, "facility": {"code": 13937}}, {"service": {"name": "PMTCT - Maternity"}, "facility": {"code": 13937}}, {"service": {"name": "Early Infant Diagnosis"}, "facility": {"code": 13937}}, {"service": {"name": "Provider Initiated Counselling and Testing"}, "facility": {"code": 13937}}, {"service": {"name": "Diagnostic Counselling and Testing"}, "facility": {"code": 13937}}, {"service": {"name": "Management of STIs"}, "facility": {"code": 13937}}, {"service": {"name": "Condom Promotion and Distribution"}, "facility": {"code": 13937}}, {"service": {"name": "Laboratory Services"}, "facility": {"code": 14100}}, {"service": {"name": "Maternity Services"}, "facility": {"code": 14100}}, {"service": {"name": "Curative Services"}, "facility": {"code": 14100}}, {"service": {"name": "First Line Treatment"}, "facility": {"code": 14100}}, {"service": {"name": "Basic Immunization"}, "facility": {"code": 14100}}, {"service": {"name": "Focused Antenatal Care"}, "facility": {"code": 14100}}, {"service": {"name": "Short Term FP"}, "facility": {"code": 14100}}, {"service": {"name": "PMTCT - Maternity"}, "facility": {"code": 14100}}, {"service": {"name": "PMTCT - ANC"}, "facility": {"code": 14100}}, {"service": {"name": "Early Infant Diagnosis"}, "facility": {"code": 14100}}, {"service": {"name": "Diagnostic Counselling and Testing"}, "facility": {"code": 14100}}, {"service": {"name": "Voluntary Counselling and Testing"}, "facility": {"code": 14100}}, {"service": {"name": "Provider Initiated Counselling and Testing"}, "facility": {"code": 14100}}, {"service": {"name": "Management of STIs"}, "facility": {"code": 14100}}, {"service": {"name": "Condom Promotion and Distribution"}, "facility": {"code": 14100}}, {"service": {"name": "Focused Antenatal Care"}, "facility": {"code": 14145}}, {"service": {"name": "Basic Immunization"}, "facility": {"code": 14145}}, {"service": {"name": "First Line Treatment"}, "facility": {"code": 14145}}, {"service": {"name": "Maternity Services"}, "facility": {"code": 14145}}, {"service": {"name": "Curative Services"}, "facility": {"code": 14145}}, {"service": {"name": "Short Term FP"}, "facility": {"code": 14145}}, {"service": {"name": "PMTCT - Maternity"}, "facility": {"code": 14145}}, {"service": {"name": "PMTCT - ANC"}, "facility": {"code": 14145}}, {"service": {"name": "Diagnostic Counselling and Testing"}, "facility": {"code": 14145}}, {"service": {"name": "Provider Initiated Counselling and Testing"}, "facility": {"code": 14145}}, {"service": {"name": "Management of STIs"}, "facility": {"code": 14145}}, {"service": {"name": "Condom Promotion and Distribution"}, "facility": {"code": 14145}}, {"service": {"name": "Focused Antenatal Care"}, "facility": {"code": 14050}}, {"service": {"name": "Short Term FP"}, "facility": {"code": 14050}}, {"service": {"name": "PMTCT - Maternity"}, "facility": {"code": 14050}}, {"service": {"name": "PMTCT - ANC"}, "facility": {"code": 14050}}, {"service": {"name": "Early Infant Diagnosis"}, "facility": {"code": 14050}}, {"service": {"name": "Diagnostic Counselling and Testing"}, "facility": {"code": 14050}}, {"service": {"name": "Provider Initiated Counselling and Testing"}, "facility": {"code": 14050}}, {"service": {"name": "Management of STIs"}, "facility": {"code": 14050}}, {"service": {"name": "Condom Promotion and Distribution"}, "facility": {"code": 14050}}, {"service": {"name": "Maternity Services"}, "facility": {"code": 14049}}, {"service": {"name": "Curative Services"}, "facility": {"code": 14049}}, {"service": {"name": "Basic Immunization"}, "facility": {"code": 14049}}, {"service": {"name": "Focused Antenatal Care"}, "facility": {"code": 14049}}, {"service": {"name": "Short Term FP"}, "facility": {"code": 14049}}, {"service": {"name": "PMTCT - Maternity"}, "facility": {"code": 14049}}, {"service": {"name": "PMTCT - ANC"}, "facility": {"code": 14049}}, {"service": {"name": "Diagnostic Counselling and Testing"}, "facility": {"code": 14049}}, {"service": {"name": "Provider Initiated Counselling and Testing"}, "facility": {"code": 14049}}, {"service": {"name": "Management of STIs"}, "facility": {"code": 14049}}, {"service": {"name": "Condom Promotion and Distribution"}, "facility": {"code": 14049}}, {"service": {"name": "Services for Sexual Violence Survivors"}, "facility": {"code": 12230}}, {"service": {"name": "Mental Health Services"}, "facility": {"code": 12230}}, {"service": {"name": "Permanent FP"}, "facility": {"code": 12230}}, {"service": {"name": "Management of STIs"}, "facility": {"code": 12230}}, {"service": {"name": "Condom Promotion and Distribution"}, "facility": {"code": 12230}}, {"service": {"name": "Maternity Services"}, "facility": {"code": 13932}}, {"service": {"name": "Curative Services"}, "facility": {"code": 13932}}, {"service": {"name": "First Line Treatment"}, "facility": {"code": 13932}}, {"service": {"name": "Basic Immunization"}, "facility": {"code": 13932}}, {"service": {"name": "Focused Antenatal Care"}, "facility": {"code": 13932}}, {"service": {"name": "Short Term FP"}, "facility": {"code": 13932}}, {"service": {"name": "PMTCT - Maternity"}, "facility": {"code": 13932}}, {"service": {"name": "PMTCT - ANC"}, "facility": {"code": 13932}}, {"service": {"name": "Early Infant Diagnosis"}, "facility": {"code": 13932}}, {"service": {"name": "Diagnostic Counselling and Testing"}, "facility": {"code": 13932}}, {"service": {"name": "Provider Initiated Counselling and Testing"}, "facility": {"code": 13932}}, {"service": {"name": "Management of STIs"}, "facility": {"code": 13932}}, {"service": {"name": "Condom Promotion and Distribution"}, "facility": {"code": 13932}}, {"service": {"name": "Maternity Services"}, "facility": {"code": 13922}}, {"service": {"name": "Curative Services"}, "facility": {"code": 13922}}, {"service": {"name": "First Line Treatment"}, "facility": {"code": 13922}}, {"service": {"name": "Basic Immunization"}, "facility": {"code": 13922}}, {"service": {"name": "Focused Antenatal Care"}, "facility": {"code": 13922}}, {"service": {"name": "Short Term FP"}, "facility": {"code": 13922}}, {"service": {"name": "PMTCT - Maternity"}, "facility": {"code": 13922}}, {"service": {"name": "PMTCT - ANC"}, "facility": {"code": 13922}}, {"service": {"name": "Early Infant Diagnosis"}, "facility": {"code": 13922}}, {"service": {"name": "Diagnostic Counselling and Testing"}, "facility": {"code": 13922}}, {"service": {"name": "Provider Initiated Counselling and Testing"}, "facility": {"code": 13922}}, {"service": {"name": "Management of STIs"}, "facility": {"code": 13922}}, {"service": {"name": "Condom Promotion and Distribution"}, "facility": {"code": 13922}}, {"service": {"name": "Laboratory Services"}, "facility": {"code": 13836}}, {"service": {"name": "Maternity Services"}, "facility": {"code": 13836}}, {"service": {"name": "Curative Services"}, "facility": {"code": 13836}}, {"service": {"name": "First Line Treatment"}, "facility": {"code": 13836}}, {"service": {"name": "Focused Antenatal Care"}, "facility": {"code": 13836}}, {"service": {"name": "Short Term FP"}, "facility": {"code": 13836}}, {"service": {"name": "PMTCT - Maternity"}, "facility": {"code": 13836}}, {"service": {"name": "PMTCT - ANC"}, "facility": {"code": 13836}}, {"service": {"name": "Early Infant Diagnosis"}, "facility": {"code": 13836}}, {"service": {"name": "Diagnostic Counselling and Testing"}, "facility": {"code": 13836}}, {"service": {"name": "Provider Initiated Counselling and Testing"}, "facility": {"code": 13836}}, {"service": {"name": "Management of STIs"}, "facility": {"code": 13836}}, {"service": {"name": "Condom Promotion and Distribution"}, "facility": {"code": 13836}}, {"service": {"name": "Laboratory Services"}, "facility": {"code": 16869}}, {"service": {"name": "Maternity Services"}, "facility": {"code": 16869}}, {"service": {"name": "Curative Services"}, "facility": {"code": 16869}}, {"service": {"name": "First Line Treatment"}, "facility": {"code": 16869}}, {"service": {"name": "Basic Immunization"}, "facility": {"code": 16869}}, {"service": {"name": "Focused Antenatal Care"}, "facility": {"code": 16869}}, {"service": {"name": "PMTCT - Maternity"}, "facility": {"code": 16869}}, {"service": {"name": "PMTCT - ANC"}, "facility": {"code": 16869}}, {"service": {"name": "Early Infant Diagnosis"}, "facility": {"code": 16869}}, {"service": {"name": "Provider Initiated Counselling and Testing"}, "facility": {"code": 16869}}], "unique_fields": ["facility", "service"], "model": "facilities.FacilityService"}]