[{"records": [{"service": {"name": "Management of STIs"}, "facility": {"code": 13612}}, {"service": {"name": "Condom Promotion and Distribution"}, "facility": {"code": 13612}}, {"service": {"name": "Integrated Management of Childhood Illnesses"}, "facility": {"code": 13782}}, {"service": {"name": "Ambulance Sevices"}, "facility": {"code": 13782}}, {"service": {"name": "Laboratory Services"}, "facility": {"code": 13782}}, {"service": {"name": "First Line Treatment"}, "facility": {"code": 13585}}, {"service": {"name": "Radiology Services"}, "facility": {"code": 13782}}, {"service": {"name": "Maternity Services"}, "facility": {"code": 13782}}, {"service": {"name": "Curative Services"}, "facility": {"code": 13782}}, {"service": {"name": "First Line Treatment"}, "facility": {"code": 13782}}, {"service": {"name": "Tuberculosis Culture"}, "facility": {"code": 13782}}, {"service": {"name": "Smear Microscopy"}, "facility": {"code": 13782}}, {"service": {"name": "Basic Immunization"}, "facility": {"code": 13782}}, {"service": {"name": "Focused Antenatal Care"}, "facility": {"code": 13782}}, {"service": {"name": "Short Term FP"}, "facility": {"code": 13782}}, {"service": {"name": "Adult Antiretroviral Therapy"}, "facility": {"code": 13782}}, {"service": {"name": "Paediatric Antiretroviral Therapy"}, "facility": {"code": 13782}}, {"service": {"name": "Post Exposure Prophylaxis"}, "facility": {"code": 13782}}, {"service": {"name": "PMTCT - Maternity"}, "facility": {"code": 13782}}, {"service": {"name": "PMTCT - ANC"}, "facility": {"code": 13782}}, {"service": {"name": "Oral Health Services (Dental Services)"}, "facility": {"code": 13912}}, {"service": {"name": "Early Infant Diagnosis"}, "facility": {"code": 13782}}, {"service": {"name": "Diagnostic Counselling and Testing"}, "facility": {"code": 13782}}, {"service": {"name": "Emergency Obstetric Care"}, "facility": {"code": 13912}}, {"service": {"name": "Provider Initiated Counselling and Testing"}, "facility": {"code": 13782}}, {"service": {"name": "Voluntary Counselling and Testing"}, "facility": {"code": 13782}}, {"service": {"name": "Environmental Health Services"}, "facility": {"code": 13912}}, {"service": {"name": "Management of STIs"}, "facility": {"code": 13782}}, {"service": {"name": "Condom Promotion and Distribution"}, "facility": {"code": 13782}}, {"service": {"name": "Rehabilitative Health Services - Physiotherapy"}, "facility": {"code": 13912}}, {"service": {"name": "Services for Sexual Violence Survivors"}, "facility": {"code": 13912}}, {"service": {"name": "Mental Health Services"}, "facility": {"code": 13912}}, {"service": {"name": "Opthalmic Services"}, "facility": {"code": 13912}}, {"service": {"name": "Nutrition Services"}, "facility": {"code": 13912}}, {"service": {"name": "Integrated Management of Childhood Illnesses"}, "facility": {"code": 13662}}, {"service": {"name": "Smear Microscopy"}, "facility": {"code": 13662}}, {"service": {"name": "Laboratory Services"}, "facility": {"code": 13662}}, {"service": {"name": "Maternity Services"}, "facility": {"code": 13662}}, {"service": {"name": "Curative Services"}, "facility": {"code": 13662}}, {"service": {"name": "Emergency Preparedness"}, "facility": {"code": 13742}}, {"service": {"name": "First Line Treatment"}, "facility": {"code": 13662}}, {"service": {"name": "Maternity Services"}, "facility": {"code": 13742}}, {"service": {"name": "Curative Services"}, "facility": {"code": 13742}}, {"service": {"name": "Basic Immunization"}, "facility": {"code": 13742}}, {"service": {"name": "Focused Antenatal Care"}, "facility": {"code": 13742}}, {"service": {"name": "Basic Immunization"}, "facility": {"code": 13662}}, {"service": {"name": "Integrated Management of Childhood Illnesses"}, "facility": {"code": 13912}}, {"service": {"name": "Focused Antenatal Care"}, "facility": {"code": 13662}}, {"service": {"name": "Short Term FP"}, "facility": {"code": 13742}}, {"service": {"name": "Integrated Services"}, "facility": {"code": 13662}}, {"service": {"name": "Paediatric Antiretroviral Therapy"}, "facility": {"code": 13742}}, {"service": {"name": "Short Term FP"}, "facility": {"code": 13662}}, {"service": {"name": "Adult Antiretroviral Therapy"}, "facility": {"code": 13662}}, {"service": {"name": "PMTCT - Maternity"}, "facility": {"code": 13742}}, {"service": {"name": "Paediatric Antiretroviral Therapy"}, "facility": {"code": 13662}}, {"service": {"name": "PMTCT - ANC"}, "facility": {"code": 13742}}, {"service": {"name": "Early Infant Diagnosis"}, "facility": {"code": 13742}}, {"service": {"name": "Post Exposure Prophylaxis"}, "facility": {"code": 13662}}, {"service": {"name": "Diagnostic Counselling and Testing"}, "facility": {"code": 13742}}, {"service": {"name": "Provider Initiated Counselling and Testing"}, "facility": {"code": 13742}}, {"service": {"name": "Voluntary Counselling and Testing"}, "facility": {"code": 13742}}, {"service": {"name": "Management of STIs"}, "facility": {"code": 13742}}, {"service": {"name": "Condom Promotion and Distribution"}, "facility": {"code": 13742}}, {"service": {"name": "PMTCT - Maternity"}, "facility": {"code": 13662}}, {"service": {"name": "PMTCT - ANC"}, "facility": {"code": 13662}}, {"service": {"name": "Early Infant Diagnosis"}, "facility": {"code": 13662}}, {"service": {"name": "Diagnostic Counselling and Testing"}, "facility": {"code": 13662}}, {"service": {"name": "Maternity Services"}, "facility": {"code": 16256}}, {"service": {"name": "Provider Initiated Counselling and Testing"}, "facility": {"code": 13662}}, {"service": {"name": "Voluntary Counselling and Testing"}, "facility": {"code": 13662}}, {"service": {"name": "Curative Services"}, "facility": {"code": 16256}}, {"service": {"name": "Maternity Services"}, "facility": {"code": 13633}}, {"service": {"name": "Management of STIs"}, "facility": {"code": 13662}}, {"service": {"name": "Services for Sexual Violence Survivors"}, "facility": {"code": 13798}}, {"service": {"name": "Condom Promotion and Distribution"}, "facility": {"code": 13662}}, {"service": {"name": "Ambulance Sevices"}, "facility": {"code": 13912}}, {"service": {"name": "Basic Immunization"}, "facility": {"code": 16256}}, {"service": {"name": "Mental Health Services"}, "facility": {"code": 13798}}, {"service": {"name": "Focused Antenatal Care"}, "facility": {"code": 16256}}, {"service": {"name": "Radiology Services"}, "facility": {"code": 13912}}, {"service": {"name": "Long Term FP"}, "facility": {"code": 16256}}, {"service": {"name": "Short Term FP"}, "facility": {"code": 16256}}, {"service": {"name": "Curative Services"}, "facility": {"code": 13633}}, {"service": {"name": "PMTCT - Maternity"}, "facility": {"code": 16256}}, {"service": {"name": "Emergency Obstetric Care"}, "facility": {"code": 13781}}, {"service": {"name": "PMTCT - ANC"}, "facility": {"code": 16256}}, {"service": {"name": "Environmental Health Services"}, "facility": {"code": 13781}}, {"service": {"name": "Early Infant Diagnosis"}, "facility": {"code": 16256}}, {"service": {"name": "Diagnostic Counselling and Testing"}, "facility": {"code": 16256}}, {"service": {"name": "Integrated Management of Childhood Illnesses"}, "facility": {"code": 13781}}, {"service": {"name": "Ambulance Sevices"}, "facility": {"code": 13781}}, {"service": {"name": "Provider Initiated Counselling and Testing"}, "facility": {"code": 16256}}, {"service": {"name": "Laboratory Services"}, "facility": {"code": 13781}}, {"service": {"name": "Short Term FP"}, "facility": {"code": 13633}}, {"service": {"name": "Radiology Services"}, "facility": {"code": 13781}}, {"service": {"name": "Management of STIs"}, "facility": {"code": 16256}}, {"service": {"name": "Surgical Services"}, "facility": {"code": 13781}}, {"service": {"name": "Condom Promotion and Distribution"}, "facility": {"code": 16256}}, {"service": {"name": "Diagnostic Counselling and Testing"}, "facility": {"code": 13633}}, {"service": {"name": "Maternity Services"}, "facility": {"code": 13781}}, {"service": {"name": "Provider Initiated Counselling and Testing"}, "facility": {"code": 13633}}, {"service": {"name": "Curative Services"}, "facility": {"code": 13781}}, {"service": {"name": "Management of STIs"}, "facility": {"code": 13633}}, {"service": {"name": "Condom Promotion and Distribution"}, "facility": {"code": 13633}}, {"service": {"name": "Mortuary Services"}, "facility": {"code": 13781}}, {"service": {"name": "Facility Based Blood Transfusion Service"}, "facility": {"code": 13781}}, {"service": {"name": "First Line Treatment"}, "facility": {"code": 13781}}, {"service": {"name": "Tuberculosis Culture"}, "facility": {"code": 13781}}, {"service": {"name": "Smear Microscopy"}, "facility": {"code": 13781}}, {"service": {"name": "Laboratory Services"}, "facility": {"code": 13912}}, {"service": {"name": "Basic Immunization"}, "facility": {"code": 13781}}, {"service": {"name": "Focused Antenatal Care"}, "facility": {"code": 13781}}, {"service": {"name": "Surgical Services"}, "facility": {"code": 13912}}, {"service": {"name": "Maternity Services"}, "facility": {"code": 13912}}, {"service": {"name": "Permanent FP"}, "facility": {"code": 13781}}, {"service": {"name": "Curative Services"}, "facility": {"code": 13912}}, {"service": {"name": "Long Term FP"}, "facility": {"code": 13781}}, {"service": {"name": "Short Term FP"}, "facility": {"code": 13781}}, {"service": {"name": "Specialized ANC"}, "facility": {"code": 13798}}, {"service": {"name": "Home Based Care"}, "facility": {"code": 13781}}, {"service": {"name": "Adult Antiretroviral Therapy"}, "facility": {"code": 13781}}, {"service": {"name": "Paediatric Antiretroviral Therapy"}, "facility": {"code": 13781}}, {"service": {"name": "Integrated Services"}, "facility": {"code": 13798}}, {"service": {"name": "Post Exposure Prophylaxis"}, "facility": {"code": 13781}}, {"service": {"name": "Voluntary Male Circumcision"}, "facility": {"code": 13781}}, {"service": {"name": "PMTCT - Maternity"}, "facility": {"code": 13781}}, {"service": {"name": "PMTCT - ANC"}, "facility": {"code": 13781}}, {"service": {"name": "Home Based Care"}, "facility": {"code": 13798}}, {"service": {"name": "Early Infant Diagnosis"}, "facility": {"code": 13781}}, {"service": {"name": "Diagnostic Counselling and Testing"}, "facility": {"code": 13781}}, {"service": {"name": "Mortuary Services"}, "facility": {"code": 13912}}, {"service": {"name": "Provider Initiated Counselling and Testing"}, "facility": {"code": 13781}}, {"service": {"name": "Voluntary Counselling and Testing"}, "facility": {"code": 13781}}, {"service": {"name": "Management of STIs"}, "facility": {"code": 13781}}, {"service": {"name": "Facility Based Blood Transfusion Service"}, "facility": {"code": 13912}}, {"service": {"name": "Condom Promotion and Distribution"}, "facility": {"code": 13781}}, {"service": {"name": "Environmental Health Services"}, "facility": {"code": 13482}}, {"service": {"name": "Rehabilitative Health Services - Orthopaedic Technology"}, "facility": {"code": 13912}}, {"service": {"name": "Rehabilitative Health Services - Occupational Health"}, "facility": {"code": 13912}}, {"service": {"name": "Nutrition Services"}, "facility": {"code": 13482}}, {"service": {"name": "First Line Treatment"}, "facility": {"code": 13912}}, {"service": {"name": "Smear Microscopy"}, "facility": {"code": 13912}}, {"service": {"name": "Basic Immunization"}, "facility": {"code": 13912}}, {"service": {"name": "Integrated Management of Childhood Illnesses"}, "facility": {"code": 13482}}, {"service": {"name": "Immunization with additional vaccines"}, "facility": {"code": 13912}}, {"service": {"name": "Maternity Services"}, "facility": {"code": 13482}}, {"service": {"name": "Specialized ANC"}, "facility": {"code": 13912}}, {"service": {"name": "Focused Antenatal Care"}, "facility": {"code": 13912}}, {"service": {"name": "Emergency Preparedness"}, "facility": {"code": 13707}}, {"service": {"name": "Curative Services"}, "facility": {"code": 13482}}, {"service": {"name": "Permanent FP"}, "facility": {"code": 13912}}, {"service": {"name": "Long Term FP"}, "facility": {"code": 13912}}, {"service": {"name": "Maternity Services"}, "facility": {"code": 13707}}, {"service": {"name": "Short Term FP"}, "facility": {"code": 13912}}, {"service": {"name": "Curative Services"}, "facility": {"code": 13707}}, {"service": {"name": "Adult Antiretroviral Therapy"}, "facility": {"code": 13912}}, {"service": {"name": "Paediatric Antiretroviral Therapy"}, "facility": {"code": 13912}}, {"service": {"name": "First Line Treatment"}, "facility": {"code": 13482}}, {"service": {"name": "Curative Services"}, "facility": {"code": 13685}}, {"service": {"name": "Basic Immunization"}, "facility": {"code": 13707}}, {"service": {"name": "Focused Antenatal Care"}, "facility": {"code": 13707}}, {"service": {"name": "Post Exposure Prophylaxis"}, "facility": {"code": 13912}}, {"service": {"name": "PMTCT - Maternity"}, "facility": {"code": 13912}}, {"service": {"name": "PMTCT - ANC"}, "facility": {"code": 13912}}, {"service": {"name": "First Line Treatment"}, "facility": {"code": 13685}}, {"service": {"name": "Early Infant Diagnosis"}, "facility": {"code": 13912}}, {"service": {"name": "Diagnostic Counselling and Testing"}, "facility": {"code": 13912}}, {"service": {"name": "Focused Antenatal Care"}, "facility": {"code": 13482}}, {"service": {"name": "Provider Initiated Counselling and Testing"}, "facility": {"code": 13912}}, {"service": {"name": "Short Term FP"}, "facility": {"code": 13707}}, {"service": {"name": "Basic Immunization"}, "facility": {"code": 13482}}, {"service": {"name": "Basic Immunization"}, "facility": {"code": 13685}}, {"service": {"name": "Voluntary Counselling and Testing"}, "facility": {"code": 13912}}, {"service": {"name": "Management of STIs"}, "facility": {"code": 13912}}, {"service": {"name": "Condom Promotion and Distribution"}, "facility": {"code": 13912}}, {"service": {"name": "ENT Services"}, "facility": {"code": 13476}}, {"service": {"name": "Focused Antenatal Care"}, "facility": {"code": 13685}}, {"service": {"name": "PMTCT - Maternity"}, "facility": {"code": 13707}}, {"service": {"name": "Dental Laboratory Services"}, "facility": {"code": 13476}}, {"service": {"name": "Short Term FP"}, "facility": {"code": 13482}}, {"service": {"name": "Oral Health Services (Dental Services)"}, "facility": {"code": 13476}}, {"service": {"name": "PMTCT - ANC"}, "facility": {"code": 13707}}, {"service": {"name": "Emergency Obstetric Care"}, "facility": {"code": 13476}}, {"service": {"name": "Early Infant Diagnosis"}, "facility": {"code": 13707}}, {"service": {"name": "Long Term FP"}, "facility": {"code": 13685}}, {"service": {"name": "Emergency Preparedness"}, "facility": {"code": 14028}}, {"service": {"name": "Environmental Health Services"}, "facility": {"code": 13476}}, {"service": {"name": "Short Term FP"}, "facility": {"code": 13685}}, {"service": {"name": "Rehabilitative Health Services - Physiotherapy"}, "facility": {"code": 13476}}, {"service": {"name": "Diagnostic Counselling and Testing"}, "facility": {"code": 13707}}, {"service": {"name": "Services for Sexual Violence Survivors"}, "facility": {"code": 13476}}, {"service": {"name": "Mental Health Services"}, "facility": {"code": 13476}}, {"service": {"name": "Dental Laboratory Services"}, "facility": {"code": 14028}}, {"service": {"name": "Adult Antiretroviral Therapy"}, "facility": {"code": 13685}}, {"service": {"name": "Emergency Obstetric Care"}, "facility": {"code": 14028}}, {"service": {"name": "Opthalmic Services"}, "facility": {"code": 13476}}, {"service": {"name": "Nutrition Services"}, "facility": {"code": 13476}}, {"service": {"name": "Provider Initiated Counselling and Testing"}, "facility": {"code": 13707}}, {"service": {"name": "PMTCT - ANC"}, "facility": {"code": 13685}}, {"service": {"name": "Integrated Management of Childhood Illnesses"}, "facility": {"code": 14028}}, {"service": {"name": "Integrated Management of Childhood Illnesses"}, "facility": {"code": 13476}}, {"service": {"name": "Voluntary Counselling and Testing"}, "facility": {"code": 13707}}, {"service": {"name": "Ambulance Sevices"}, "facility": {"code": 14028}}, {"service": {"name": "Provider Initiated Counselling and Testing"}, "facility": {"code": 13685}}, {"service": {"name": "Ambulance Sevices"}, "facility": {"code": 13476}}, {"service": {"name": "Laboratory Services"}, "facility": {"code": 13476}}, {"service": {"name": "Laboratory Services"}, "facility": {"code": 14028}}, {"service": {"name": "Voluntary Counselling and Testing"}, "facility": {"code": 13685}}, {"service": {"name": "Surgical Services"}, "facility": {"code": 13476}}, {"service": {"name": "Radiology Services"}, "facility": {"code": 14028}}, {"service": {"name": "PMTCT - ANC"}, "facility": {"code": 13482}}, {"service": {"name": "Surgical Services"}, "facility": {"code": 14028}}, {"service": {"name": "Condom Promotion and Distribution"}, "facility": {"code": 13707}}, {"service": {"name": "Maternity Services"}, "facility": {"code": 13476}}, {"service": {"name": "Curative Services"}, "facility": {"code": 13476}}, {"service": {"name": "Maternity Services"}, "facility": {"code": 14028}}, {"service": {"name": "Early Infant Diagnosis"}, "facility": {"code": 13482}}, {"service": {"name": "Curative Services"}, "facility": {"code": 14028}}, {"service": {"name": "Diagnostic Counselling and Testing"}, "facility": {"code": 13482}}, {"service": {"name": "Mortuary Services"}, "facility": {"code": 14028}}, {"service": {"name": "Provider Initiated Counselling and Testing"}, "facility": {"code": 13482}}, {"service": {"name": "Management of STIs"}, "facility": {"code": 13482}}, {"service": {"name": "Facility Based Blood Transfusion Service"}, "facility": {"code": 14028}}, {"service": {"name": "Management of STIs"}, "facility": {"code": 13685}}, {"service": {"name": "Condom Promotion and Distribution"}, "facility": {"code": 13685}}, {"service": {"name": "Rehabilitative Health Services - Occupational Health"}, "facility": {"code": 14028}}, {"service": {"name": "First Line Treatment"}, "facility": {"code": 14028}}, {"service": {"name": "Smear Microscopy"}, "facility": {"code": 14028}}, {"service": {"name": "Condom Promotion and Distribution"}, "facility": {"code": 13482}}, {"service": {"name": "Basic Immunization"}, "facility": {"code": 14028}}, {"service": {"name": "Focused Antenatal Care"}, "facility": {"code": 14028}}, {"service": {"name": "Long Term FP"}, "facility": {"code": 14028}}, {"service": {"name": "Short Term FP"}, "facility": {"code": 14028}}, {"service": {"name": "PMTCT - Maternity"}, "facility": {"code": 14028}}, {"service": {"name": "PMTCT - ANC"}, "facility": {"code": 14028}}, {"service": {"name": "Early Infant Diagnosis"}, "facility": {"code": 14028}}, {"service": {"name": "Diagnostic Counselling and Testing"}, "facility": {"code": 14028}}, {"service": {"name": "Provider Initiated Counselling and Testing"}, "facility": {"code": 14028}}, {"service": {"name": "Voluntary Counselling and Testing"}, "facility": {"code": 14028}}, {"service": {"name": "Management of STIs"}, "facility": {"code": 14028}}, {"service": {"name": "Condom Promotion and Distribution"}, "facility": {"code": 14028}}, {"service": {"name": "MDRTB Treatment"}, "facility": {"code": 13476}}, {"service": {"name": "First Line Treatment"}, "facility": {"code": 13476}}, {"service": {"name": "Tuberculosis Culture"}, "facility": {"code": 13476}}, {"service": {"name": "Smear Microscopy"}, "facility": {"code": 13476}}, {"service": {"name": "Focused Antenatal Care"}, "facility": {"code": 13476}}, {"service": {"name": "Immunization with additional vaccines"}, "facility": {"code": 13476}}, {"service": {"name": "Basic Immunization"}, "facility": {"code": 13476}}, {"service": {"name": "Specialized ANC"}, "facility": {"code": 13476}}, {"service": {"name": "Short Term FP"}, "facility": {"code": 13476}}, {"service": {"name": "Long Term FP"}, "facility": {"code": 13476}}, {"service": {"name": "Adult Antiretroviral Therapy"}, "facility": {"code": 13476}}, {"service": {"name": "Home Based Care"}, "facility": {"code": 13476}}, {"service": {"name": "Paediatric Antiretroviral Therapy"}, "facility": {"code": 13476}}, {"service": {"name": "Post Exposure Prophylaxis"}, "facility": {"code": 13476}}, {"service": {"name": "PMTCT - Maternity"}, "facility": {"code": 13476}}, {"service": {"name": "Voluntary Male Circumcision"}, "facility": {"code": 13476}}, {"service": {"name": "Diagnostic Counselling and Testing"}, "facility": {"code": 13476}}, {"service": {"name": "PMTCT - ANC"}, "facility": {"code": 13476}}, {"service": {"name": "Emergency Preparedness"}, "facility": {"code": 13701}}, {"service": {"name": "Early Infant Diagnosis"}, "facility": {"code": 13476}}, {"service": {"name": "Provider Initiated Counselling and Testing"}, "facility": {"code": 13476}}, {"service": {"name": "Management of STIs"}, "facility": {"code": 13476}}, {"service": {"name": "Voluntary Counselling and Testing"}, "facility": {"code": 13476}}, {"service": {"name": "Laboratory Services"}, "facility": {"code": 13701}}, {"service": {"name": "Condom Promotion and Distribution"}, "facility": {"code": 13476}}, {"service": {"name": "Surgical Services"}, "facility": {"code": 13701}}, {"service": {"name": "Integrated Management of Childhood Illnesses"}, "facility": {"code": 13991}}, {"service": {"name": "Environmental Health Services"}, "facility": {"code": 13631}}, {"service": {"name": "Laboratory Services"}, "facility": {"code": 13991}}, {"service": {"name": "Maternity Services"}, "facility": {"code": 13701}}, {"service": {"name": "Curative Services"}, "facility": {"code": 13701}}, {"service": {"name": "Integrated Management of Childhood Illnesses"}, "facility": {"code": 13731}}, {"service": {"name": "Nutrition Services"}, "facility": {"code": 13631}}, {"service": {"name": "Surgical Services"}, "facility": {"code": 13731}}, {"service": {"name": "First Line Treatment"}, "facility": {"code": 13701}}, {"service": {"name": "Maternity Services"}, "facility": {"code": 13631}}, {"service": {"name": "Smear Microscopy"}, "facility": {"code": 13701}}, {"service": {"name": "Maternity Services"}, "facility": {"code": 13991}}, {"service": {"name": "Maternity Services"}, "facility": {"code": 13731}}, {"service": {"name": "Curative Services"}, "facility": {"code": 13631}}, {"service": {"name": "Curative Services"}, "facility": {"code": 13991}}, {"service": {"name": "Curative Services"}, "facility": {"code": 13731}}, {"service": {"name": "Focused Antenatal Care"}, "facility": {"code": 13701}}, {"service": {"name": "Long Term FP"}, "facility": {"code": 13701}}, {"service": {"name": "Short Term FP"}, "facility": {"code": 13701}}, {"service": {"name": "First Line Treatment"}, "facility": {"code": 13991}}, {"service": {"name": "Adult Antiretroviral Therapy"}, "facility": {"code": 13701}}, {"service": {"name": "Paediatric Antiretroviral Therapy"}, "facility": {"code": 13701}}, {"service": {"name": "Smear Microscopy"}, "facility": {"code": 13991}}, {"service": {"name": "Voluntary Male Circumcision"}, "facility": {"code": 13701}}, {"service": {"name": "First Line Treatment"}, "facility": {"code": 13731}}, {"service": {"name": "Post Exposure Prophylaxis"}, "facility": {"code": 13701}}, {"service": {"name": "Basic Immunization"}, "facility": {"code": 13991}}, {"service": {"name": "PMTCT - Maternity"}, "facility": {"code": 13701}}, {"service": {"name": "Focused Antenatal Care"}, "facility": {"code": 13991}}, {"service": {"name": "PMTCT - ANC"}, "facility": {"code": 13701}}, {"service": {"name": "First Line Treatment"}, "facility": {"code": 13631}}, {"service": {"name": "Long Term FP"}, "facility": {"code": 13991}}, {"service": {"name": "Early Infant Diagnosis"}, "facility": {"code": 13701}}, {"service": {"name": "Short Term FP"}, "facility": {"code": 13991}}, {"service": {"name": "Tuberculosis Culture"}, "facility": {"code": 13631}}, {"service": {"name": "Home Based Care"}, "facility": {"code": 13991}}, {"service": {"name": "Basic Immunization"}, "facility": {"code": 13731}}, {"service": {"name": "Smear Microscopy"}, "facility": {"code": 13631}}, {"service": {"name": "Diagnostic Counselling and Testing"}, "facility": {"code": 13701}}, {"service": {"name": "Focused Antenatal Care"}, "facility": {"code": 13731}}, {"service": {"name": "Adult Antiretroviral Therapy"}, "facility": {"code": 13991}}, {"service": {"name": "Long Term FP"}, "facility": {"code": 13731}}, {"service": {"name": "Post Exposure Prophylaxis"}, "facility": {"code": 13991}}, {"service": {"name": "Basic Immunization"}, "facility": {"code": 13631}}, {"service": {"name": "Short Term FP"}, "facility": {"code": 13731}}, {"service": {"name": "Paediatric Antiretroviral Therapy"}, "facility": {"code": 13991}}, {"service": {"name": "Provider Initiated Counselling and Testing"}, "facility": {"code": 13701}}, {"service": {"name": "Focused Antenatal Care"}, "facility": {"code": 13631}}, {"service": {"name": "PMTCT - Maternity"}, "facility": {"code": 13991}}, {"service": {"name": "Adult Antiretroviral Therapy"}, "facility": {"code": 13731}}, {"service": {"name": "PMTCT - ANC"}, "facility": {"code": 13991}}, {"service": {"name": "Voluntary Counselling and Testing"}, "facility": {"code": 13701}}, {"service": {"name": "Early Infant Diagnosis"}, "facility": {"code": 13991}}, {"service": {"name": "Paediatric Antiretroviral Therapy"}, "facility": {"code": 13731}}, {"service": {"name": "Management of STIs"}, "facility": {"code": 13701}}, {"service": {"name": "Provider Initiated Counselling and Testing"}, "facility": {"code": 13991}}, {"service": {"name": "Condom Promotion and Distribution"}, "facility": {"code": 13701}}, {"service": {"name": "Long Term FP"}, "facility": {"code": 13631}}, {"service": {"name": "Voluntary Counselling and Testing"}, "facility": {"code": 13991}}, {"service": {"name": "Short Term FP"}, "facility": {"code": 13631}}, {"service": {"name": "Management of STIs"}, "facility": {"code": 13991}}, {"service": {"name": "Condom Promotion and Distribution"}, "facility": {"code": 13991}}, {"service": {"name": "PMTCT - Maternity"}, "facility": {"code": 13731}}, {"service": {"name": "Curative Services"}, "facility": {"code": 13607}}, {"service": {"name": "Home Based Care"}, "facility": {"code": 13631}}, {"service": {"name": "PMTCT - ANC"}, "facility": {"code": 13731}}, {"service": {"name": "Early Infant Diagnosis"}, "facility": {"code": 13731}}, {"service": {"name": "Basic Immunization"}, "facility": {"code": 13607}}, {"service": {"name": "Adult Antiretroviral Therapy"}, "facility": {"code": 13631}}, {"service": {"name": "Provider Initiated Counselling and Testing"}, "facility": {"code": 13731}}, {"service": {"name": "Focused Antenatal Care"}, "facility": {"code": 13607}}, {"service": {"name": "Paediatric Antiretroviral Therapy"}, "facility": {"code": 13631}}, {"service": {"name": "Short Term FP"}, "facility": {"code": 13607}}, {"service": {"name": "Management of STIs"}, "facility": {"code": 13731}}, {"service": {"name": "Condom Promotion and Distribution"}, "facility": {"code": 13731}}, {"service": {"name": "PMTCT - ANC"}, "facility": {"code": 13607}}, {"service": {"name": "PMTCT - Maternity"}, "facility": {"code": 13631}}, {"service": {"name": "Early Infant Diagnosis"}, "facility": {"code": 13607}}, {"service": {"name": "Diagnostic Counselling and Testing"}, "facility": {"code": 13607}}, {"service": {"name": "PMTCT - ANC"}, "facility": {"code": 13631}}, {"service": {"name": "Provider Initiated Counselling and Testing"}, "facility": {"code": 13607}}, {"service": {"name": "Management of STIs"}, "facility": {"code": 13607}}, {"service": {"name": "Early Infant Diagnosis"}, "facility": {"code": 13631}}, {"service": {"name": "Condom Promotion and Distribution"}, "facility": {"code": 13607}}, {"service": {"name": "Provider Initiated Counselling and Testing"}, "facility": {"code": 13631}}, {"service": {"name": "Voluntary Counselling and Testing"}, "facility": {"code": 13631}}, {"service": {"name": "Management of STIs"}, "facility": {"code": 13631}}, {"service": {"name": "Condom Promotion and Distribution"}, "facility": {"code": 13631}}, {"service": {"name": "Environmental Health Services"}, "facility": {"code": 13990}}, {"service": {"name": "Laboratory Services"}, "facility": {"code": 13911}}, {"service": {"name": "Curative Services"}, "facility": {"code": 13990}}, {"service": {"name": "Maternity Services"}, "facility": {"code": 13911}}, {"service": {"name": "Curative Services"}, "facility": {"code": 13911}}, {"service": {"name": "First Line Treatment"}, "facility": {"code": 13990}}, {"service": {"name": "Basic Immunization"}, "facility": {"code": 13911}}, {"service": {"name": "Focused Antenatal Care"}, "facility": {"code": 13990}}, {"service": {"name": "Short Term FP"}, "facility": {"code": 13990}}, {"service": {"name": "Emergency Preparedness"}, "facility": {"code": 13925}}, {"service": {"name": "Home Based Care"}, "facility": {"code": 13990}}, {"service": {"name": "Focused Antenatal Care"}, "facility": {"code": 13911}}, {"service": {"name": "Emergency Obstetric Care"}, "facility": {"code": 13925}}, {"service": {"name": "Permanent FP"}, "facility": {"code": 13911}}, {"service": {"name": "Long Term FP"}, "facility": {"code": 13911}}, {"service": {"name": "PMTCT - ANC"}, "facility": {"code": 13990}}, {"service": {"name": "Integrated Management of Childhood Illnesses"}, "facility": {"code": 13925}}, {"service": {"name": "Short Term FP"}, "facility": {"code": 13911}}, {"service": {"name": "Early Infant Diagnosis"}, "facility": {"code": 13990}}, {"service": {"name": "Diagnostic Counselling and Testing"}, "facility": {"code": 13990}}, {"service": {"name": "Maternity Services"}, "facility": {"code": 13700}}, {"service": {"name": "Provider Initiated Counselling and Testing"}, "facility": {"code": 13990}}, {"service": {"name": "Post Exposure Prophylaxis"}, "facility": {"code": 13911}}, {"service": {"name": "Curative Services"}, "facility": {"code": 13700}}, {"service": {"name": "Management of STIs"}, "facility": {"code": 13990}}, {"service": {"name": "Laboratory Services"}, "facility": {"code": 13925}}, {"service": {"name": "PMTCT - Maternity"}, "facility": {"code": 13911}}, {"service": {"name": "Condom Promotion and Distribution"}, "facility": {"code": 13990}}, {"service": {"name": "PMTCT - ANC"}, "facility": {"code": 13911}}, {"service": {"name": "First Line Treatment"}, "facility": {"code": 13700}}, {"service": {"name": "Surgical Services"}, "facility": {"code": 13925}}, {"service": {"name": "Early Infant Diagnosis"}, "facility": {"code": 13911}}, {"service": {"name": "Provider Initiated Counselling and Testing"}, "facility": {"code": 13911}}, {"service": {"name": "Maternity Services"}, "facility": {"code": 13925}}, {"service": {"name": "Long Term FP"}, "facility": {"code": 13700}}, {"service": {"name": "Curative Services"}, "facility": {"code": 13925}}, {"service": {"name": "Voluntary Counselling and Testing"}, "facility": {"code": 13911}}, {"service": {"name": "Short Term FP"}, "facility": {"code": 13700}}, {"service": {"name": "Facility Based Blood Transfusion Service"}, "facility": {"code": 13925}}, {"service": {"name": "Focused Antenatal Care"}, "facility": {"code": 13700}}, {"service": {"name": "Basic Immunization"}, "facility": {"code": 13700}}, {"service": {"name": "Management of STIs"}, "facility": {"code": 13911}}, {"service": {"name": "Basic Immunization"}, "facility": {"code": 13925}}, {"service": {"name": "Condom Promotion and Distribution"}, "facility": {"code": 13911}}, {"service": {"name": "Focused Antenatal Care"}, "facility": {"code": 13925}}, {"service": {"name": "Post Exposure Prophylaxis"}, "facility": {"code": 13700}}, {"service": {"name": "Voluntary Male Circumcision"}, "facility": {"code": 13700}}, {"service": {"name": "PMTCT - Maternity"}, "facility": {"code": 13700}}, {"service": {"name": "Short Term FP"}, "facility": {"code": 13925}}, {"service": {"name": "PMTCT - ANC"}, "facility": {"code": 13700}}, {"service": {"name": "Early Infant Diagnosis"}, "facility": {"code": 13700}}, {"service": {"name": "PMTCT - Maternity"}, "facility": {"code": 13925}}, {"service": {"name": "PMTCT - ANC"}, "facility": {"code": 13925}}, {"service": {"name": "Diagnostic Counselling and Testing"}, "facility": {"code": 13700}}, {"service": {"name": "Provider Initiated Counselling and Testing"}, "facility": {"code": 13700}}, {"service": {"name": "Voluntary Counselling and Testing"}, "facility": {"code": 13700}}, {"service": {"name": "Management of STIs"}, "facility": {"code": 13925}}, {"service": {"name": "Condom Promotion and Distribution"}, "facility": {"code": 13925}}, {"service": {"name": "Condom Promotion and Distribution"}, "facility": {"code": 13700}}, {"service": {"name": "Maternity Services"}, "facility": {"code": 13546}}, {"service": {"name": "Curative Services"}, "facility": {"code": 13546}}, {"service": {"name": "First Line Treatment"}, "facility": {"code": 13546}}, {"service": {"name": "Basic Immunization"}, "facility": {"code": 13546}}, {"service": {"name": "Focused Antenatal Care"}, "facility": {"code": 13546}}, {"service": {"name": "Short Term FP"}, "facility": {"code": 13546}}, {"service": {"name": "Environmental Health Services"}, "facility": {"code": 13848}}, {"service": {"name": "Integrated Management of Childhood Illnesses"}, "facility": {"code": 13848}}, {"service": {"name": "Curative Services"}, "facility": {"code": 13848}}, {"service": {"name": "First Line Treatment"}, "facility": {"code": 13918}}, {"service": {"name": "First Line Treatment"}, "facility": {"code": 13848}}, {"service": {"name": "PMTCT - ANC"}, "facility": {"code": 13546}}, {"service": {"name": "Basic Immunization"}, "facility": {"code": 13918}}, {"service": {"name": "Basic Immunization"}, "facility": {"code": 13848}}, {"service": {"name": "Focused Antenatal Care"}, "facility": {"code": 13918}}, {"service": {"name": "Focused Antenatal Care"}, "facility": {"code": 13848}}, {"service": {"name": "Early Infant Diagnosis"}, "facility": {"code": 13546}}, {"service": {"name": "Short Term FP"}, "facility": {"code": 13918}}, {"service": {"name": "Short Term FP"}, "facility": {"code": 13848}}, {"service": {"name": "PMTCT - ANC"}, "facility": {"code": 13918}}, {"service": {"name": "Home Based Care"}, "facility": {"code": 13848}}, {"service": {"name": "Diagnostic Counselling and Testing"}, "facility": {"code": 13546}}, {"service": {"name": "Management of STIs"}, "facility": {"code": 13918}}, {"service": {"name": "Adult Antiretroviral Therapy"}, "facility": {"code": 13848}}, {"service": {"name": "Condom Promotion and Distribution"}, "facility": {"code": 13918}}, {"service": {"name": "Paediatric Antiretroviral Therapy"}, "facility": {"code": 13848}}, {"service": {"name": "Provider Initiated Counselling and Testing"}, "facility": {"code": 13546}}, {"service": {"name": "Post Exposure Prophylaxis"}, "facility": {"code": 13848}}, {"service": {"name": "Voluntary Counselling and Testing"}, "facility": {"code": 13546}}, {"service": {"name": "PMTCT - ANC"}, "facility": {"code": 13848}}, {"service": {"name": "Early Infant Diagnosis"}, "facility": {"code": 13848}}, {"service": {"name": "Diagnostic Counselling and Testing"}, "facility": {"code": 13848}}, {"service": {"name": "Provider Initiated Counselling and Testing"}, "facility": {"code": 13848}}, {"service": {"name": "Management of STIs"}, "facility": {"code": 13848}}, {"service": {"name": "Condom Promotion and Distribution"}, "facility": {"code": 13848}}, {"service": {"name": "Management of STIs"}, "facility": {"code": 13546}}, {"service": {"name": "Condom Promotion and Distribution"}, "facility": {"code": 13546}}, {"service": {"name": "Maternity Services"}, "facility": {"code": 13691}}, {"service": {"name": "Curative Services"}, "facility": {"code": 13691}}, {"service": {"name": "First Line Treatment"}, "facility": {"code": 13691}}, {"service": {"name": "Curative Services"}, "facility": {"code": 13866}}, {"service": {"name": "Basic Immunization"}, "facility": {"code": 13866}}, {"service": {"name": "Basic Immunization"}, "facility": {"code": 13691}}, {"service": {"name": "Focused Antenatal Care"}, "facility": {"code": 13866}}, {"service": {"name": "PMTCT - ANC"}, "facility": {"code": 13866}}, {"service": {"name": "Long Term FP"}, "facility": {"code": 13691}}, {"service": {"name": "Short Term FP"}, "facility": {"code": 13691}}, {"service": {"name": "Ambulance Sevices"}, "facility": {"code": 13629}}, {"service": {"name": "Post Exposure Prophylaxis"}, "facility": {"code": 13691}}, {"service": {"name": "PMTCT - Maternity"}, "facility": {"code": 13691}}, {"service": {"name": "PMTCT - ANC"}, "facility": {"code": 13691}}, {"service": {"name": "Laboratory Services"}, "facility": {"code": 13629}}, {"service": {"name": "Early Infant Diagnosis"}, "facility": {"code": 13691}}, {"service": {"name": "Maternity Services"}, "facility": {"code": 13629}}, {"service": {"name": "Provider Initiated Counselling and Testing"}, "facility": {"code": 13691}}, {"service": {"name": "Management of STIs"}, "facility": {"code": 13691}}, {"service": {"name": "Curative Services"}, "facility": {"code": 13629}}, {"service": {"name": "Condom Promotion and Distribution"}, "facility": {"code": 13691}}, {"service": {"name": "Environmental Health Services"}, "facility": {"code": 13770}}, {"service": {"name": "First Line Treatment"}, "facility": {"code": 13629}}, {"service": {"name": "Integrated Management of Childhood Illnesses"}, "facility": {"code": 13770}}, {"service": {"name": "Laboratory Services"}, "facility": {"code": 13770}}, {"service": {"name": "Tuberculosis Culture"}, "facility": {"code": 13629}}, {"service": {"name": "Smear Microscopy"}, "facility": {"code": 13629}}, {"service": {"name": "Maternity Services"}, "facility": {"code": 13770}}, {"service": {"name": "Curative Services"}, "facility": {"code": 13770}}, {"service": {"name": "ENT Services"}, "facility": {"code": 13495}}, {"service": {"name": "Dental Laboratory Services"}, "facility": {"code": 13495}}, {"service": {"name": "Oral Health Services (Dental Services)"}, "facility": {"code": 13495}}, {"service": {"name": "First Line Treatment"}, "facility": {"code": 13770}}, {"service": {"name": "Emergency Obstetric Care"}, "facility": {"code": 13495}}, {"service": {"name": "Services for Sexual Violence Survivors"}, "facility": {"code": 13655}}, {"service": {"name": "Smear Microscopy"}, "facility": {"code": 13770}}, {"service": {"name": "Environmental Health Services"}, "facility": {"code": 13495}}, {"service": {"name": "Rehabilitative Health Services - Physiotherapy"}, "facility": {"code": 13495}}, {"service": {"name": "Focused Antenatal Care"}, "facility": {"code": 13629}}, {"service": {"name": "Basic Immunization"}, "facility": {"code": 13770}}, {"service": {"name": "Services for Sexual Violence Survivors"}, "facility": {"code": 13495}}, {"service": {"name": "Focused Antenatal Care"}, "facility": {"code": 13770}}, {"service": {"name": "Long Term FP"}, "facility": {"code": 13629}}, {"service": {"name": "Mental Health Services"}, "facility": {"code": 13495}}, {"service": {"name": "Opthalmic Services"}, "facility": {"code": 13495}}, {"service": {"name": "Short Term FP"}, "facility": {"code": 13629}}, {"service": {"name": "Short Term FP"}, "facility": {"code": 13770}}, {"service": {"name": "Nutrition Services"}, "facility": {"code": 13495}}, {"service": {"name": "Home Based Care"}, "facility": {"code": 13770}}, {"service": {"name": "Integrated Management of Childhood Illnesses"}, "facility": {"code": 13495}}, {"service": {"name": "Adult Antiretroviral Therapy"}, "facility": {"code": 13770}}, {"service": {"name": "Ambulance Sevices"}, "facility": {"code": 13495}}, {"service": {"name": "Paediatric Antiretroviral Therapy"}, "facility": {"code": 13770}}, {"service": {"name": "Post Exposure Prophylaxis"}, "facility": {"code": 13770}}, {"service": {"name": "Laboratory Services"}, "facility": {"code": 13495}}, {"service": {"name": "Voluntary Male Circumcision"}, "facility": {"code": 13770}}, {"service": {"name": "PMTCT - Maternity"}, "facility": {"code": 13629}}, {"service": {"name": "PMTCT - Maternity"}, "facility": {"code": 13770}}, {"service": {"name": "Maternity Services"}, "facility": {"code": 17732}}, {"service": {"name": "PMTCT - ANC"}, "facility": {"code": 13770}}, {"service": {"name": "PMTCT - ANC"}, "facility": {"code": 13629}}, {"service": {"name": "Curative Services"}, "facility": {"code": 17732}}, {"service": {"name": "Nutrition Services"}, "facility": {"code": 13655}}, {"service": {"name": "Early Infant Diagnosis"}, "facility": {"code": 13770}}, {"service": {"name": "Surgical Services"}, "facility": {"code": 13495}}, {"service": {"name": "Diagnostic Counselling and Testing"}, "facility": {"code": 13770}}, {"service": {"name": "Early Infant Diagnosis"}, "facility": {"code": 13629}}, {"service": {"name": "Maternity Services"}, "facility": {"code": 13495}}, {"service": {"name": "Curative Services"}, "facility": {"code": 13495}}, {"service": {"name": "Provider Initiated Counselling and Testing"}, "facility": {"code": 13770}}, {"service": {"name": "Provider Initiated Counselling and Testing"}, "facility": {"code": 13629}}, {"service": {"name": "Voluntary Counselling and Testing"}, "facility": {"code": 13770}}, {"service": {"name": "Voluntary Counselling and Testing"}, "facility": {"code": 13629}}, {"service": {"name": "Management of STIs"}, "facility": {"code": 13770}}, {"service": {"name": "Management of STIs"}, "facility": {"code": 13629}}, {"service": {"name": "Condom Promotion and Distribution"}, "facility": {"code": 13770}}, {"service": {"name": "Maternity Services"}, "facility": {"code": 13655}}, {"service": {"name": "Focused Antenatal Care"}, "facility": {"code": 17732}}, {"service": {"name": "Condom Promotion and Distribution"}, "facility": {"code": 13629}}, {"service": {"name": "Maternity Services"}, "facility": {"code": 16982}}, {"service": {"name": "Short Term FP"}, "facility": {"code": 17732}}, {"service": {"name": "Curative Services"}, "facility": {"code": 13655}}, {"service": {"name": "Curative Services"}, "facility": {"code": 13819}}, {"service": {"name": "Basic Immunization"}, "facility": {"code": 13819}}, {"service": {"name": "PMTCT - ANC"}, "facility": {"code": 17732}}, {"service": {"name": "Focused Antenatal Care"}, "facility": {"code": 13819}}, {"service": {"name": "Short Term FP"}, "facility": {"code": 13819}}, {"service": {"name": "Provider Initiated Counselling and Testing"}, "facility": {"code": 17732}}, {"service": {"name": "PMTCT - ANC"}, "facility": {"code": 13819}}, {"service": {"name": "Curative Services"}, "facility": {"code": 16982}}, {"service": {"name": "Management of STIs"}, "facility": {"code": 17732}}, {"service": {"name": "Provider Initiated Counselling and Testing"}, "facility": {"code": 13819}}, {"service": {"name": "Condom Promotion and Distribution"}, "facility": {"code": 17732}}, {"service": {"name": "Management of STIs"}, "facility": {"code": 13819}}, {"service": {"name": "Condom Promotion and Distribution"}, "facility": {"code": 13819}}, {"service": {"name": "Basic Immunization"}, "facility": {"code": 13655}}, {"service": {"name": "First Line Treatment"}, "facility": {"code": 16982}}, {"service": {"name": "Focused Antenatal Care"}, "facility": {"code": 13655}}, {"service": {"name": "Curative Services"}, "facility": {"code": 13604}}, {"service": {"name": "Focused Antenatal Care"}, "facility": {"code": 16982}}, {"service": {"name": "Post Exposure Prophylaxis"}, "facility": {"code": 13604}}, {"service": {"name": "Short Term FP"}, "facility": {"code": 13655}}, {"service": {"name": "Adult Antiretroviral Therapy"}, "facility": {"code": 13604}}, {"service": {"name": "Home Based Care"}, "facility": {"code": 13655}}, {"service": {"name": "Paediatric Antiretroviral Therapy"}, "facility": {"code": 13604}}, {"service": {"name": "Basic Immunization"}, "facility": {"code": 13604}}, {"service": {"name": "Focused Antenatal Care"}, "facility": {"code": 13604}}, {"service": {"name": "Adult Antiretroviral Therapy"}, "facility": {"code": 13655}}, {"service": {"name": "PMTCT - ANC"}, "facility": {"code": 13604}}, {"service": {"name": "Early Infant Diagnosis"}, "facility": {"code": 13604}}, {"service": {"name": "Diagnostic Counselling and Testing"}, "facility": {"code": 13604}}, {"service": {"name": "Paediatric Antiretroviral Therapy"}, "facility": {"code": 13655}}, {"service": {"name": "Provider Initiated Counselling and Testing"}, "facility": {"code": 13604}}, {"service": {"name": "Management of STIs"}, "facility": {"code": 13604}}, {"service": {"name": "Post Exposure Prophylaxis"}, "facility": {"code": 13655}}, {"service": {"name": "Voluntary Male Circumcision"}, "facility": {"code": 13655}}, {"service": {"name": "PMTCT - Maternity"}, "facility": {"code": 13655}}, {"service": {"name": "PMTCT - ANC"}, "facility": {"code": 13655}}, {"service": {"name": "Early Infant Diagnosis"}, "facility": {"code": 13655}}, {"service": {"name": "Diagnostic Counselling and Testing"}, "facility": {"code": 13655}}, {"service": {"name": "Provider Initiated Counselling and Testing"}, "facility": {"code": 13655}}, {"service": {"name": "Voluntary Counselling and Testing"}, "facility": {"code": 13655}}, {"service": {"name": "Management of STIs"}, "facility": {"code": 13655}}, {"service": {"name": "Condom Promotion and Distribution"}, "facility": {"code": 13655}}, {"service": {"name": "MDRTB Treatment"}, "facility": {"code": 13495}}, {"service": {"name": "Emergency Preparedness"}, "facility": {"code": 13703}}, {"service": {"name": "ENT Services"}, "facility": {"code": 13703}}, {"service": {"name": "Basic Immunization"}, "facility": {"code": 13495}}, {"service": {"name": "Oral Health Services (Dental Services)"}, "facility": {"code": 13703}}, {"service": {"name": "Dental Laboratory Services"}, "facility": {"code": 13703}}, {"service": {"name": "Emergency Obstetric Care"}, "facility": {"code": 13703}}, {"service": {"name": "Integrated Management of Childhood Illnesses"}, "facility": {"code": 16783}}, {"service": {"name": "Environmental Health Services"}, "facility": {"code": 13703}}, {"service": {"name": "Rehabilitative Health Services - Physiotherapy"}, "facility": {"code": 13703}}, {"service": {"name": "Services for Sexual Violence Survivors"}, "facility": {"code": 13703}}, {"service": {"name": "First Line Treatment"}, "facility": {"code": 13495}}, {"service": {"name": "Immunization with additional vaccines"}, "facility": {"code": 13495}}, {"service": {"name": "Mental Health Services"}, "facility": {"code": 13703}}, {"service": {"name": "Opthalmic Services"}, "facility": {"code": 13703}}, {"service": {"name": "Nutrition Services"}, "facility": {"code": 13703}}, {"service": {"name": "Integrated Management of Childhood Illnesses"}, "facility": {"code": 13703}}, {"service": {"name": "Ambulance Sevices"}, "facility": {"code": 13703}}, {"service": {"name": "Laboratory Services"}, "facility": {"code": 13703}}, {"service": {"name": "Radiology Services"}, "facility": {"code": 13703}}, {"service": {"name": "Surgical Services"}, "facility": {"code": 13703}}, {"service": {"name": "Maternity Services"}, "facility": {"code": 13703}}, {"service": {"name": "Curative Services"}, "facility": {"code": 13703}}, {"service": {"name": "Mortuary Services"}, "facility": {"code": 13703}}, {"service": {"name": "Emergency Preparedness"}, "facility": {"code": 14152}}, {"service": {"name": "Facility Based Blood Transfusion Service"}, "facility": {"code": 13703}}, {"service": {"name": "Facility Based Blood Collection Service"}, "facility": {"code": 13703}}, {"service": {"name": "Laboratory Services"}, "facility": {"code": 14152}}, {"service": {"name": "Maternity Services"}, "facility": {"code": 14152}}, {"service": {"name": "Curative Services"}, "facility": {"code": 17344}}, {"service": {"name": "Curative Services"}, "facility": {"code": 14152}}, {"service": {"name": "Rehabilitative Health Services - Orthopaedic Technology"}, "facility": {"code": 13703}}, {"service": {"name": "Basic Immunization"}, "facility": {"code": 14152}}, {"service": {"name": "Rehabilitative Health Services - Occupational Health"}, "facility": {"code": 13703}}, {"service": {"name": "Short Term FP"}, "facility": {"code": 17344}}, {"service": {"name": "First Line Treatment"}, "facility": {"code": 13703}}, {"service": {"name": "Tuberculosis Culture"}, "facility": {"code": 13703}}, {"service": {"name": "Smear Microscopy"}, "facility": {"code": 13703}}, {"service": {"name": "PMTCT - Maternity"}, "facility": {"code": 14152}}, {"service": {"name": "PMTCT - ANC"}, "facility": {"code": 17344}}, {"service": {"name": "PMTCT - ANC"}, "facility": {"code": 14152}}, {"service": {"name": "Immunization with additional vaccines"}, "facility": {"code": 13703}}, {"service": {"name": "Early Infant Diagnosis"}, "facility": {"code": 14152}}, {"service": {"name": "Basic Immunization"}, "facility": {"code": 13703}}, {"service": {"name": "Condom Promotion and Distribution"}, "facility": {"code": 17344}}, {"service": {"name": "Specialized ANC"}, "facility": {"code": 13703}}, {"service": {"name": "Focused Antenatal Care"}, "facility": {"code": 13703}}, {"service": {"name": "Diagnostic Counselling and Testing"}, "facility": {"code": 14152}}, {"service": {"name": "Integrated Services"}, "facility": {"code": 13703}}, {"service": {"name": "Provider Initiated Counselling and Testing"}, "facility": {"code": 14152}}, {"service": {"name": "Permanent FP"}, "facility": {"code": 13703}}, {"service": {"name": "Long Term FP"}, "facility": {"code": 13703}}, {"service": {"name": "Short Term FP"}, "facility": {"code": 13703}}, {"service": {"name": "Voluntary Counselling and Testing"}, "facility": {"code": 14152}}, {"service": {"name": "Home Based Care"}, "facility": {"code": 13703}}, {"service": {"name": "Adult Antiretroviral Therapy"}, "facility": {"code": 13703}}, {"service": {"name": "Paediatric Antiretroviral Therapy"}, "facility": {"code": 13703}}, {"service": {"name": "Post Exposure Prophylaxis"}, "facility": {"code": 13703}}, {"service": {"name": "Voluntary Male Circumcision"}, "facility": {"code": 13703}}, {"service": {"name": "PMTCT - Maternity"}, "facility": {"code": 13703}}, {"service": {"name": "PMTCT - ANC"}, "facility": {"code": 13703}}, {"service": {"name": "Early Infant Diagnosis"}, "facility": {"code": 13703}}, {"service": {"name": "Diagnostic Counselling and Testing"}, "facility": {"code": 13703}}, {"service": {"name": "Provider Initiated Counselling and Testing"}, "facility": {"code": 13703}}, {"service": {"name": "Voluntary Counselling and Testing"}, "facility": {"code": 13703}}, {"service": {"name": "Management of STIs"}, "facility": {"code": 13703}}, {"service": {"name": "Condom Promotion and Distribution"}, "facility": {"code": 13703}}, {"service": {"name": "Maternity Services"}, "facility": {"code": 16989}}, {"service": {"name": "Curative Services"}, "facility": {"code": 16989}}, {"service": {"name": "Basic Immunization"}, "facility": {"code": 16989}}, {"service": {"name": "Focused Antenatal Care"}, "facility": {"code": 16989}}, {"service": {"name": "Short Term FP"}, "facility": {"code": 16989}}, {"service": {"name": "Nutrition Services"}, "facility": {"code": 13725}}, {"service": {"name": "Post Exposure Prophylaxis"}, "facility": {"code": 16989}}, {"service": {"name": "PMTCT - Maternity"}, "facility": {"code": 16989}}, {"service": {"name": "PMTCT - ANC"}, "facility": {"code": 16989}}, {"service": {"name": "Early Infant Diagnosis"}, "facility": {"code": 16989}}, {"service": {"name": "Provider Initiated Counselling and Testing"}, "facility": {"code": 16989}}, {"service": {"name": "Management of STIs"}, "facility": {"code": 16989}}, {"service": {"name": "Condom Promotion and Distribution"}, "facility": {"code": 16989}}, {"service": {"name": "Curative Services"}, "facility": {"code": 13774}}, {"service": {"name": "Basic Immunization"}, "facility": {"code": 13774}}, {"service": {"name": "Curative Services"}, "facility": {"code": 13560}}, {"service": {"name": "Voluntary Counselling and Testing"}, "facility": {"code": 13584}}, {"service": {"name": "Focused Antenatal Care"}, "facility": {"code": 13774}}, {"service": {"name": "Permanent FP"}, "facility": {"code": 13774}}, {"service": {"name": "Long Term FP"}, "facility": {"code": 13774}}, {"service": {"name": "Short Term FP"}, "facility": {"code": 13774}}, {"service": {"name": "First Line Treatment"}, "facility": {"code": 13560}}, {"service": {"name": "Specialized ANC"}, "facility": {"code": 13495}}, {"service": {"name": "Voluntary Counselling and Testing"}, "facility": {"code": 13774}}, {"service": {"name": "Focused Antenatal Care"}, "facility": {"code": 13495}}, {"service": {"name": "Management of STIs"}, "facility": {"code": 13774}}, {"service": {"name": "Condom Promotion and Distribution"}, "facility": {"code": 13774}}, {"service": {"name": "Basic Immunization"}, "facility": {"code": 13560}}, {"service": {"name": "Short Term FP"}, "facility": {"code": 13495}}, {"service": {"name": "Long Term FP"}, "facility": {"code": 13495}}, {"service": {"name": "Focused Antenatal Care"}, "facility": {"code": 13560}}, {"service": {"name": "Home Based Care"}, "facility": {"code": 13495}}, {"service": {"name": "Paediatric Antiretroviral Therapy"}, "facility": {"code": 13495}}, {"service": {"name": "Adult Antiretroviral Therapy"}, "facility": {"code": 13495}}, {"service": {"name": "Voluntary Male Circumcision"}, "facility": {"code": 13495}}, {"service": {"name": "Long Term FP"}, "facility": {"code": 13560}}, {"service": {"name": "PMTCT - ANC"}, "facility": {"code": 13495}}, {"service": {"name": "PMTCT - Maternity"}, "facility": {"code": 13495}}, {"service": {"name": "Short Term FP"}, "facility": {"code": 13560}}, {"service": {"name": "Maternity Services"}, "facility": {"code": 16783}}, {"service": {"name": "Emergency Preparedness"}, "facility": {"code": 13592}}, {"service": {"name": "Curative Services"}, "facility": {"code": 16783}}, {"service": {"name": "Integrated Management of Childhood Illnesses"}, "facility": {"code": 13592}}, {"service": {"name": "Maternity Services"}, "facility": {"code": 13592}}, {"service": {"name": "Curative Services"}, "facility": {"code": 13592}}, {"service": {"name": "Diagnostic Counselling and Testing"}, "facility": {"code": 13495}}, {"service": {"name": "Early Infant Diagnosis"}, "facility": {"code": 13495}}, {"service": {"name": "First Line Treatment"}, "facility": {"code": 16783}}, {"service": {"name": "Provider Initiated Counselling and Testing"}, "facility": {"code": 13495}}, {"service": {"name": "First Line Treatment"}, "facility": {"code": 13592}}, {"service": {"name": "Home Based Care"}, "facility": {"code": 13560}}, {"service": {"name": "Management of STIs"}, "facility": {"code": 13495}}, {"service": {"name": "Condom Promotion and Distribution"}, "facility": {"code": 13495}}, {"service": {"name": "Focused Antenatal Care"}, "facility": {"code": 17731}}, {"service": {"name": "Adult Antiretroviral Therapy"}, "facility": {"code": 13560}}, {"service": {"name": "Basic Immunization"}, "facility": {"code": 13592}}, {"service": {"name": "Short Term FP"}, "facility": {"code": 13592}}, {"service": {"name": "Paediatric Antiretroviral Therapy"}, "facility": {"code": 13560}}, {"service": {"name": "Short Term FP"}, "facility": {"code": 17731}}, {"service": {"name": "PMTCT - ANC"}, "facility": {"code": 13592}}, {"service": {"name": "PMTCT - ANC"}, "facility": {"code": 13560}}, {"service": {"name": "Early Infant Diagnosis"}, "facility": {"code": 13592}}, {"service": {"name": "Diagnostic Counselling and Testing"}, "facility": {"code": 13592}}, {"service": {"name": "Post Exposure Prophylaxis"}, "facility": {"code": 17731}}, {"service": {"name": "Early Infant Diagnosis"}, "facility": {"code": 13560}}, {"service": {"name": "Immunization with additional vaccines"}, "facility": {"code": 16783}}, {"service": {"name": "Provider Initiated Counselling and Testing"}, "facility": {"code": 13592}}, {"service": {"name": "Basic Immunization"}, "facility": {"code": 16783}}, {"service": {"name": "Voluntary Counselling and Testing"}, "facility": {"code": 17731}}, {"service": {"name": "Provider Initiated Counselling and Testing"}, "facility": {"code": 13560}}, {"service": {"name": "Management of STIs"}, "facility": {"code": 13592}}, {"service": {"name": "Diagnostic Counselling and Testing"}, "facility": {"code": 17731}}, {"service": {"name": "Voluntary Counselling and Testing"}, "facility": {"code": 13560}}, {"service": {"name": "Condom Promotion and Distribution"}, "facility": {"code": 13592}}, {"service": {"name": "Management of STIs"}, "facility": {"code": 13560}}, {"service": {"name": "Provider Initiated Counselling and Testing"}, "facility": {"code": 17731}}, {"service": {"name": "Condom Promotion and Distribution"}, "facility": {"code": 13560}}, {"service": {"name": "Focused Antenatal Care"}, "facility": {"code": 16783}}, {"service": {"name": "PMTCT - Maternity"}, "facility": {"code": 17731}}, {"service": {"name": "Laboratory Services"}, "facility": {"code": 13702}}, {"service": {"name": "Integrated Services"}, "facility": {"code": 16783}}, {"service": {"name": "Curative Services"}, "facility": {"code": 13702}}, {"service": {"name": "PMTCT - ANC"}, "facility": {"code": 17731}}, {"service": {"name": "Short Term FP"}, "facility": {"code": 16783}}, {"service": {"name": "Early Infant Diagnosis"}, "facility": {"code": 17731}}, {"service": {"name": "Home Based Care"}, "facility": {"code": 16783}}, {"service": {"name": "Adult Antiretroviral Therapy"}, "facility": {"code": 16783}}, {"service": {"name": "Paediatric Antiretroviral Therapy"}, "facility": {"code": 16783}}, {"service": {"name": "Management of STIs"}, "facility": {"code": 17731}}, {"service": {"name": "Post Exposure Prophylaxis"}, "facility": {"code": 16783}}, {"service": {"name": "Condom Promotion and Distribution"}, "facility": {"code": 17731}}, {"service": {"name": "Voluntary Male Circumcision"}, "facility": {"code": 16783}}, {"service": {"name": "Basic Immunization"}, "facility": {"code": 13702}}, {"service": {"name": "PMTCT - Maternity"}, "facility": {"code": 16783}}, {"service": {"name": "Focused Antenatal Care"}, "facility": {"code": 13702}}, {"service": {"name": "PMTCT - ANC"}, "facility": {"code": 16783}}, {"service": {"name": "Short Term FP"}, "facility": {"code": 13702}}, {"service": {"name": "Early Infant Diagnosis"}, "facility": {"code": 16783}}, {"service": {"name": "Emergency Preparedness"}, "facility": {"code": 14154}}, {"service": {"name": "Diagnostic Counselling and Testing"}, "facility": {"code": 16783}}, {"service": {"name": "Provider Initiated Counselling and Testing"}, "facility": {"code": 16783}}, {"service": {"name": "Provider Initiated Counselling and Testing"}, "facility": {"code": 13702}}, {"service": {"name": "Voluntary Counselling and Testing"}, "facility": {"code": 16783}}, {"service": {"name": "Management of STIs"}, "facility": {"code": 16783}}, {"service": {"name": "Management of STIs"}, "facility": {"code": 13702}}, {"service": {"name": "Provider Initiated Counselling and Testing"}, "facility": {"code": 14154}}, {"service": {"name": "Condom Promotion and Distribution"}, "facility": {"code": 13702}}, {"service": {"name": "Condom Promotion and Distribution"}, "facility": {"code": 16783}}, {"service": {"name": "Diagnostic Counselling and Testing"}, "facility": {"code": 14154}}, {"service": {"name": "Maternity Services"}, "facility": {"code": 16280}}, {"service": {"name": "Curative Services"}, "facility": {"code": 16280}}, {"service": {"name": "Curative Services"}, "facility": {"code": 17038}}, {"service": {"name": "Voluntary Counselling and Testing"}, "facility": {"code": 14154}}, {"service": {"name": "First Line Treatment"}, "facility": {"code": 16280}}, {"service": {"name": "Maternity Services"}, "facility": {"code": 17730}}, {"service": {"name": "Management of STIs"}, "facility": {"code": 14154}}, {"service": {"name": "Curative Services"}, "facility": {"code": 17730}}, {"service": {"name": "Basic Immunization"}, "facility": {"code": 16280}}, {"service": {"name": "Focused Antenatal Care"}, "facility": {"code": 16280}}, {"service": {"name": "Short Term FP"}, "facility": {"code": 16280}}, {"service": {"name": "Condom Promotion and Distribution"}, "facility": {"code": 14154}}, {"service": {"name": "Post Exposure Prophylaxis"}, "facility": {"code": 16280}}, {"service": {"name": "Short Term FP"}, "facility": {"code": 17038}}, {"service": {"name": "PMTCT - Maternity"}, "facility": {"code": 16280}}, {"service": {"name": "PMTCT - ANC"}, "facility": {"code": 16280}}, {"service": {"name": "Early Infant Diagnosis"}, "facility": {"code": 16280}}, {"service": {"name": "Basic Immunization"}, "facility": {"code": 17730}}, {"service": {"name": "Provider Initiated Counselling and Testing"}, "facility": {"code": 16280}}, {"service": {"name": "Focused Antenatal Care"}, "facility": {"code": 17730}}, {"service": {"name": "Management of STIs"}, "facility": {"code": 16280}}, {"service": {"name": "Condom Promotion and Distribution"}, "facility": {"code": 16280}}, {"service": {"name": "Short Term FP"}, "facility": {"code": 17730}}, {"service": {"name": "Maternity Services"}, "facility": {"code": 13477}}, {"service": {"name": "PMTCT - Maternity"}, "facility": {"code": 17730}}, {"service": {"name": "PMTCT - ANC"}, "facility": {"code": 17730}}, {"service": {"name": "Basic Immunization"}, "facility": {"code": 13650}}, {"service": {"name": "Focused Antenatal Care"}, "facility": {"code": 13650}}, {"service": {"name": "Early Infant Diagnosis"}, "facility": {"code": 17730}}, {"service": {"name": "Diagnostic Counselling and Testing"}, "facility": {"code": 17730}}, {"service": {"name": "Integrated Management of Childhood Illnesses"}, "facility": {"code": 13871}}, {"service": {"name": "Provider Initiated Counselling and Testing"}, "facility": {"code": 17730}}, {"service": {"name": "Management of STIs"}, "facility": {"code": 17730}}, {"service": {"name": "Curative Services"}, "facility": {"code": 13622}}, {"service": {"name": "Condom Promotion and Distribution"}, "facility": {"code": 17730}}, {"service": {"name": "Curative Services"}, "facility": {"code": 13871}}, {"service": {"name": "Basic Immunization"}, "facility": {"code": 13622}}, {"service": {"name": "Short Term FP"}, "facility": {"code": 13477}}, {"service": {"name": "Short Term FP"}, "facility": {"code": 13622}}, {"service": {"name": "Emergency Preparedness"}, "facility": {"code": 14155}}, {"service": {"name": "Emergency Preparedness"}, "facility": {"code": 13584}}, {"service": {"name": "First Line Treatment"}, "facility": {"code": 13871}}, {"service": {"name": "PMTCT - Maternity"}, "facility": {"code": 13650}}, {"service": {"name": "PMTCT - Maternity"}, "facility": {"code": 13644}}, {"service": {"name": "Laboratory Services"}, "facility": {"code": 14155}}, {"service": {"name": "Management of STIs"}, "facility": {"code": 13622}}, {"service": {"name": "Integrated Management of Childhood Illnesses"}, "facility": {"code": 13584}}, {"service": {"name": "Early Infant Diagnosis"}, "facility": {"code": 13650}}, {"service": {"name": "Condom Promotion and Distribution"}, "facility": {"code": 13622}}, {"service": {"name": "Maternity Services"}, "facility": {"code": 14155}}, {"service": {"name": "Curative Services"}, "facility": {"code": 14155}}, {"service": {"name": "PMTCT - ANC"}, "facility": {"code": 13650}}, {"service": {"name": "First Line Treatment"}, "facility": {"code": 14155}}, {"service": {"name": "Smear Microscopy"}, "facility": {"code": 14155}}, {"service": {"name": "Provider Initiated Counselling and Testing"}, "facility": {"code": 13650}}, {"service": {"name": "Maternity Services"}, "facility": {"code": 13584}}, {"service": {"name": "Management of STIs"}, "facility": {"code": 13650}}, {"service": {"name": "Basic Immunization"}, "facility": {"code": 14155}}, {"service": {"name": "Condom Promotion and Distribution"}, "facility": {"code": 13650}}, {"service": {"name": "Long Term FP"}, "facility": {"code": 14155}}, {"service": {"name": "Short Term FP"}, "facility": {"code": 14155}}, {"service": {"name": "Adult Antiretroviral Therapy"}, "facility": {"code": 14155}}, {"service": {"name": "Paediatric Antiretroviral Therapy"}, "facility": {"code": 14155}}, {"service": {"name": "First Line Treatment"}, "facility": {"code": 13584}}, {"service": {"name": "Post Exposure Prophylaxis"}, "facility": {"code": 14155}}, {"service": {"name": "Voluntary Male Circumcision"}, "facility": {"code": 14155}}, {"service": {"name": "PMTCT - Maternity"}, "facility": {"code": 14155}}, {"service": {"name": "PMTCT - ANC"}, "facility": {"code": 14155}}, {"service": {"name": "PMTCT - ANC"}, "facility": {"code": 13462}}, {"service": {"name": "Basic Immunization"}, "facility": {"code": 13584}}, {"service": {"name": "Early Infant Diagnosis"}, "facility": {"code": 14155}}, {"service": {"name": "Diagnostic Counselling and Testing"}, "facility": {"code": 14155}}, {"service": {"name": "Provider Initiated Counselling and Testing"}, "facility": {"code": 14155}}, {"service": {"name": "Home Based Care"}, "facility": {"code": 13584}}, {"service": {"name": "Voluntary Counselling and Testing"}, "facility": {"code": 14155}}, {"service": {"name": "Management of STIs"}, "facility": {"code": 14155}}, {"service": {"name": "Condom Promotion and Distribution"}, "facility": {"code": 14155}}, {"service": {"name": "Focused Antenatal Care"}, "facility": {"code": 13584}}, {"service": {"name": "Short Term FP"}, "facility": {"code": 13584}}, {"service": {"name": "PMTCT - Maternity"}, "facility": {"code": 13584}}, {"service": {"name": "PMTCT - ANC"}, "facility": {"code": 13584}}, {"service": {"name": "Early Infant Diagnosis"}, "facility": {"code": 13584}}, {"service": {"name": "Diagnostic Counselling and Testing"}, "facility": {"code": 13584}}, {"service": {"name": "Provider Initiated Counselling and Testing"}, "facility": {"code": 13584}}, {"service": {"name": "Management of STIs"}, "facility": {"code": 13584}}, {"service": {"name": "Condom Promotion and Distribution"}, "facility": {"code": 13584}}, {"service": {"name": "Emergency Preparedness"}, "facility": {"code": 13603}}, {"service": {"name": "Oral Health Services (Dental Services)"}, "facility": {"code": 13603}}, {"service": {"name": "Emergency Obstetric Care"}, "facility": {"code": 13603}}, {"service": {"name": "Emergency Preparedness"}, "facility": {"code": 14162}}, {"service": {"name": "Ambulance Sevices"}, "facility": {"code": 13603}}, {"service": {"name": "Laboratory Services"}, "facility": {"code": 13603}}, {"service": {"name": "First Line Treatment"}, "facility": {"code": 14162}}, {"service": {"name": "Radiology Services"}, "facility": {"code": 13603}}, {"service": {"name": "Smear Microscopy"}, "facility": {"code": 14162}}, {"service": {"name": "Surgical Services"}, "facility": {"code": 13603}}, {"service": {"name": "Maternity Services"}, "facility": {"code": 13603}}, {"service": {"name": "Basic Immunization"}, "facility": {"code": 14162}}, {"service": {"name": "Management of STIs"}, "facility": {"code": 16980}}, {"service": {"name": "Curative Services"}, "facility": {"code": 13603}}, {"service": {"name": "Condom Promotion and Distribution"}, "facility": {"code": 16980}}, {"service": {"name": "Mortuary Services"}, "facility": {"code": 13603}}, {"service": {"name": "Long Term FP"}, "facility": {"code": 14162}}, {"service": {"name": "Facility Based Blood Transfusion Service"}, "facility": {"code": 13603}}, {"service": {"name": "Short Term FP"}, "facility": {"code": 14162}}, {"service": {"name": "Adult Antiretroviral Therapy"}, "facility": {"code": 14162}}, {"service": {"name": "Paediatric Antiretroviral Therapy"}, "facility": {"code": 14162}}, {"service": {"name": "First Line Treatment"}, "facility": {"code": 13603}}, {"service": {"name": "Post Exposure Prophylaxis"}, "facility": {"code": 14162}}, {"service": {"name": "Smear Microscopy"}, "facility": {"code": 13603}}, {"service": {"name": "Basic Immunization"}, "facility": {"code": 13603}}, {"service": {"name": "Services for Sexual Violence Survivors"}, "facility": {"code": 13473}}, {"service": {"name": "Focused Antenatal Care"}, "facility": {"code": 13603}}, {"service": {"name": "Long Term FP"}, "facility": {"code": 13603}}, {"service": {"name": "Nutrition Services"}, "facility": {"code": 13473}}, {"service": {"name": "Short Term FP"}, "facility": {"code": 13603}}, {"service": {"name": "Integrated Management of Childhood Illnesses"}, "facility": {"code": 13473}}, {"service": {"name": "PMTCT - Maternity"}, "facility": {"code": 14162}}, {"service": {"name": "Ambulance Sevices"}, "facility": {"code": 13473}}, {"service": {"name": "PMTCT - Maternity"}, "facility": {"code": 13603}}, {"service": {"name": "PMTCT - ANC"}, "facility": {"code": 13603}}, {"service": {"name": "PMTCT - ANC"}, "facility": {"code": 14162}}, {"service": {"name": "Early Infant Diagnosis"}, "facility": {"code": 13603}}, {"service": {"name": "Laboratory Services"}, "facility": {"code": 13473}}, {"service": {"name": "Early Infant Diagnosis"}, "facility": {"code": 14162}}, {"service": {"name": "Provider Initiated Counselling and Testing"}, "facility": {"code": 13603}}, {"service": {"name": "Diagnostic Counselling and Testing"}, "facility": {"code": 14162}}, {"service": {"name": "Voluntary Counselling and Testing"}, "facility": {"code": 13603}}, {"service": {"name": "Management of STIs"}, "facility": {"code": 13603}}, {"service": {"name": "Condom Promotion and Distribution"}, "facility": {"code": 13603}}, {"service": {"name": "Maternity Services"}, "facility": {"code": 13473}}, {"service": {"name": "Curative Services"}, "facility": {"code": 13473}}, {"service": {"name": "First Line Treatment"}, "facility": {"code": 13473}}, {"service": {"name": "Tuberculosis Culture"}, "facility": {"code": 13473}}, {"service": {"name": "Curative Services"}, "facility": {"code": 17728}}, {"service": {"name": "Smear Microscopy"}, "facility": {"code": 13473}}, {"service": {"name": "Curative Services"}, "facility": {"code": 13649}}, {"service": {"name": "Curative Services"}, "facility": {"code": 13502}}, {"service": {"name": "Laboratory Services"}, "facility": {"code": 13649}}, {"service": {"name": "Maternity Services"}, "facility": {"code": 13530}}, {"service": {"name": "Curative Services"}, "facility": {"code": 13530}}, {"service": {"name": "Basic Immunization"}, "facility": {"code": 13502}}, {"service": {"name": "Provider Initiated Counselling and Testing"}, "facility": {"code": 14162}}, {"service": {"name": "Home Based Care"}, "facility": {"code": 17728}}, {"service": {"name": "Management of STIs"}, "facility": {"code": 14162}}, {"service": {"name": "Adult Antiretroviral Therapy"}, "facility": {"code": 17728}}, {"service": {"name": "Basic Immunization"}, "facility": {"code": 13530}}, {"service": {"name": "Focused Antenatal Care"}, "facility": {"code": 13502}}, {"service": {"name": "Condom Promotion and Distribution"}, "facility": {"code": 14162}}, {"service": {"name": "Focused Antenatal Care"}, "facility": {"code": 13530}}, {"service": {"name": "Post Exposure Prophylaxis"}, "facility": {"code": 17728}}, {"service": {"name": "Voluntary Male Circumcision"}, "facility": {"code": 17728}}, {"service": {"name": "Short Term FP"}, "facility": {"code": 13530}}, {"service": {"name": "Long Term FP"}, "facility": {"code": 13502}}, {"service": {"name": "Diagnostic Counselling and Testing"}, "facility": {"code": 17728}}, {"service": {"name": "Short Term FP"}, "facility": {"code": 13502}}, {"service": {"name": "Provider Initiated Counselling and Testing"}, "facility": {"code": 17728}}, {"service": {"name": "Voluntary Counselling and Testing"}, "facility": {"code": 17728}}, {"service": {"name": "PMTCT - Maternity"}, "facility": {"code": 13530}}, {"service": {"name": "Condom Promotion and Distribution"}, "facility": {"code": 17728}}, {"service": {"name": "PMTCT - ANC"}, "facility": {"code": 13530}}, {"service": {"name": "Early Infant Diagnosis"}, "facility": {"code": 13530}}, {"service": {"name": "Basic Immunization"}, "facility": {"code": 13642}}, {"service": {"name": "Paediatric Antiretroviral Therapy"}, "facility": {"code": 13502}}, {"service": {"name": "Diagnostic Counselling and Testing"}, "facility": {"code": 13530}}, {"service": {"name": "Provider Initiated Counselling and Testing"}, "facility": {"code": 13530}}, {"service": {"name": "Management of STIs"}, "facility": {"code": 13530}}, {"service": {"name": "Adult Antiretroviral Therapy"}, "facility": {"code": 13502}}, {"service": {"name": "Basic Immunization"}, "facility": {"code": 13649}}, {"service": {"name": "Condom Promotion and Distribution"}, "facility": {"code": 13530}}, {"service": {"name": "Specialized ANC"}, "facility": {"code": 13473}}, {"service": {"name": "Focused Antenatal Care"}, "facility": {"code": 13649}}, {"service": {"name": "Short Term FP"}, "facility": {"code": 13649}}, {"service": {"name": "PMTCT - ANC"}, "facility": {"code": 13649}}, {"service": {"name": "Condom Promotion and Distribution"}, "facility": {"code": 13649}}, {"service": {"name": "PMTCT - ANC"}, "facility": {"code": 13502}}, {"service": {"name": "Curative Services"}, "facility": {"code": 13580}}, {"service": {"name": "Paediatric Antiretroviral Therapy"}, "facility": {"code": 13714}}, {"service": {"name": "Early Infant Diagnosis"}, "facility": {"code": 13502}}, {"service": {"name": "Provider Initiated Counselling and Testing"}, "facility": {"code": 13502}}, {"service": {"name": "First Line Treatment"}, "facility": {"code": 13580}}, {"service": {"name": "Voluntary Counselling and Testing"}, "facility": {"code": 13502}}, {"service": {"name": "Management of STIs"}, "facility": {"code": 13502}}, {"service": {"name": "Focused Antenatal Care"}, "facility": {"code": 13580}}, {"service": {"name": "Condom Promotion and Distribution"}, "facility": {"code": 13502}}, {"service": {"name": "Long Term FP"}, "facility": {"code": 13580}}, {"service": {"name": "Short Term FP"}, "facility": {"code": 13580}}, {"service": {"name": "Post Exposure Prophylaxis"}, "facility": {"code": 13473}}, {"service": {"name": "Adult Antiretroviral Therapy"}, "facility": {"code": 13580}}, {"service": {"name": "Diagnostic Counselling and Testing"}, "facility": {"code": 13473}}, {"service": {"name": "Voluntary Counselling and Testing"}, "facility": {"code": 13473}}, {"service": {"name": "PMTCT - ANC"}, "facility": {"code": 13580}}, {"service": {"name": "Early Infant Diagnosis"}, "facility": {"code": 13580}}, {"service": {"name": "Provider Initiated Counselling and Testing"}, "facility": {"code": 13580}}, {"service": {"name": "Voluntary Counselling and Testing"}, "facility": {"code": 13580}}, {"service": {"name": "Management of STIs"}, "facility": {"code": 13580}}, {"service": {"name": "Emergency Preparedness"}, "facility": {"code": 14167}}, {"service": {"name": "Condom Promotion and Distribution"}, "facility": {"code": 13580}}, {"service": {"name": "Maternity Services"}, "facility": {"code": 14167}}, {"service": {"name": "Curative Services"}, "facility": {"code": 14167}}, {"service": {"name": "Focused Antenatal Care"}, "facility": {"code": 14167}}, {"service": {"name": "Basic Immunization"}, "facility": {"code": 14167}}, {"service": {"name": "Short Term FP"}, "facility": {"code": 14167}}, {"service": {"name": "PMTCT - Maternity"}, "facility": {"code": 14167}}, {"service": {"name": "PMTCT - ANC"}, "facility": {"code": 14167}}, {"service": {"name": "Early Infant Diagnosis"}, "facility": {"code": 14167}}, {"service": {"name": "Diagnostic Counselling and Testing"}, "facility": {"code": 14167}}, {"service": {"name": "Provider Initiated Counselling and Testing"}, "facility": {"code": 14167}}, {"service": {"name": "Management of STIs"}, "facility": {"code": 14167}}, {"service": {"name": "Condom Promotion and Distribution"}, "facility": {"code": 14167}}, {"service": {"name": "Integrated Management of Childhood Illnesses"}, "facility": {"code": 13529}}, {"service": {"name": "Emergency Preparedness"}, "facility": {"code": 13529}}, {"service": {"name": "Curative Services"}, "facility": {"code": 13529}}, {"service": {"name": "Basic Immunization"}, "facility": {"code": 13529}}, {"service": {"name": "Focused Antenatal Care"}, "facility": {"code": 13529}}, {"service": {"name": "Short Term FP"}, "facility": {"code": 13529}}, {"service": {"name": "PMTCT - ANC"}, "facility": {"code": 13529}}, {"service": {"name": "Early Infant Diagnosis"}, "facility": {"code": 13529}}, {"service": {"name": "Diagnostic Counselling and Testing"}, "facility": {"code": 13529}}, {"service": {"name": "Provider Initiated Counselling and Testing"}, "facility": {"code": 13529}}, {"service": {"name": "Management of STIs"}, "facility": {"code": 13529}}, {"service": {"name": "Condom Promotion and Distribution"}, "facility": {"code": 13529}}, {"service": {"name": "Curative Services"}, "facility": {"code": 17050}}, {"service": {"name": "Environmental Health Services"}, "facility": {"code": 13528}}, {"service": {"name": "Rehabilitative Health Services - Physiotherapy"}, "facility": {"code": 13528}}, {"service": {"name": "Focused Antenatal Care"}, "facility": {"code": 17050}}, {"service": {"name": "Nutrition Services"}, "facility": {"code": 13528}}, {"service": {"name": "Emergency Preparedness"}, "facility": {"code": 14169}}, {"service": {"name": "Integrated Management of Childhood Illnesses"}, "facility": {"code": 13528}}, {"service": {"name": "Laboratory Services"}, "facility": {"code": 13528}}, {"service": {"name": "Radiology Services"}, "facility": {"code": 13528}}, {"service": {"name": "Maternity Services"}, "facility": {"code": 13528}}, {"service": {"name": "Curative Services"}, "facility": {"code": 13528}}, {"service": {"name": "First Line Treatment"}, "facility": {"code": 14169}}, {"service": {"name": "Long Term FP"}, "facility": {"code": 14169}}, {"service": {"name": "Short Term FP"}, "facility": {"code": 14169}}, {"service": {"name": "Paediatric Antiretroviral Therapy"}, "facility": {"code": 14169}}, {"service": {"name": "First Line Treatment"}, "facility": {"code": 13528}}, {"service": {"name": "Post Exposure Prophylaxis"}, "facility": {"code": 14169}}, {"service": {"name": "PMTCT - Maternity"}, "facility": {"code": 14169}}, {"service": {"name": "Smear Microscopy"}, "facility": {"code": 13528}}, {"service": {"name": "PMTCT - ANC"}, "facility": {"code": 14169}}, {"service": {"name": "Early Infant Diagnosis"}, "facility": {"code": 14169}}, {"service": {"name": "Diagnostic Counselling and Testing"}, "facility": {"code": 14169}}, {"service": {"name": "Basic Immunization"}, "facility": {"code": 13528}}, {"service": {"name": "Provider Initiated Counselling and Testing"}, "facility": {"code": 14169}}, {"service": {"name": "Voluntary Counselling and Testing"}, "facility": {"code": 14169}}, {"service": {"name": "Long Term FP"}, "facility": {"code": 13528}}], "unique_fields": ["facility", "service"], "model": "facilities.FacilityService"}]