[{"records": [{"service": {"name": "Management of STIs"}, "facility": {"code": 11237}}, {"service": {"name": "Condom Promotion and Distribution"}, "facility": {"code": 11237}}, {"service": {"name": "Surgical Services"}, "facility": {"code": 11475}}, {"service": {"name": "Maternity Services"}, "facility": {"code": 11475}}, {"service": {"name": "Curative Services"}, "facility": {"code": 11475}}, {"service": {"name": "Focused Antenatal Care"}, "facility": {"code": 11475}}, {"service": {"name": "Long Term FP"}, "facility": {"code": 11475}}, {"service": {"name": "Short Term FP"}, "facility": {"code": 11475}}, {"service": {"name": "PMTCT - Maternity"}, "facility": {"code": 11475}}, {"service": {"name": "PMTCT - ANC"}, "facility": {"code": 11475}}, {"service": {"name": "Diagnostic Counselling and Testing"}, "facility": {"code": 11475}}, {"service": {"name": "Provider Initiated Counselling and Testing"}, "facility": {"code": 11475}}, {"service": {"name": "Management of STIs"}, "facility": {"code": 11475}}, {"service": {"name": "Condom Promotion and Distribution"}, "facility": {"code": 11475}}, {"service": {"name": "Emergency Preparedness"}, "facility": {"code": 11758}}, {"service": {"name": "Environmental Health Services"}, "facility": {"code": 11758}}, {"service": {"name": "Nutrition Services"}, "facility": {"code": 11758}}, {"service": {"name": "Integrated Management of Childhood Illnesses"}, "facility": {"code": 11758}}, {"service": {"name": "Surgical Services"}, "facility": {"code": 11758}}, {"service": {"name": "Maternity Services"}, "facility": {"code": 11758}}, {"service": {"name": "Curative Services"}, "facility": {"code": 11758}}, {"service": {"name": "Immunization with additional vaccines"}, "facility": {"code": 11758}}, {"service": {"name": "Basic Immunization"}, "facility": {"code": 11758}}, {"service": {"name": "Specialized ANC"}, "facility": {"code": 11758}}, {"service": {"name": "Focused Antenatal Care"}, "facility": {"code": 11758}}, {"service": {"name": "Long Term FP"}, "facility": {"code": 11758}}, {"service": {"name": "Short Term FP"}, "facility": {"code": 11758}}, {"service": {"name": "Post Exposure Prophylaxis"}, "facility": {"code": 11758}}, {"service": {"name": "PMTCT - Maternity"}, "facility": {"code": 11758}}, {"service": {"name": "PMTCT - ANC"}, "facility": {"code": 11758}}, {"service": {"name": "Diagnostic Counselling and Testing"}, "facility": {"code": 11758}}, {"service": {"name": "Provider Initiated Counselling and Testing"}, "facility": {"code": 11758}}, {"service": {"name": "Management of STIs"}, "facility": {"code": 11758}}, {"service": {"name": "Condom Promotion and Distribution"}, "facility": {"code": 11758}}, {"service": {"name": "Environmental Health Services"}, "facility": {"code": 11713}}, {"service": {"name": "Nutrition Services"}, "facility": {"code": 11713}}, {"service": {"name": "Integrated Management of Childhood Illnesses"}, "facility": {"code": 11713}}, {"service": {"name": "Surgical Services"}, "facility": {"code": 11713}}, {"service": {"name": "Maternity Services"}, "facility": {"code": 11713}}, {"service": {"name": "Curative Services"}, "facility": {"code": 11713}}, {"service": {"name": "Immunization with additional vaccines"}, "facility": {"code": 11713}}, {"service": {"name": "Basic Immunization"}, "facility": {"code": 11713}}, {"service": {"name": "Specialized ANC"}, "facility": {"code": 11713}}, {"service": {"name": "Focused Antenatal Care"}, "facility": {"code": 11713}}, {"service": {"name": "Long Term FP"}, "facility": {"code": 11713}}, {"service": {"name": "Short Term FP"}, "facility": {"code": 11713}}, {"service": {"name": "Post Exposure Prophylaxis"}, "facility": {"code": 11713}}, {"service": {"name": "PMTCT - Maternity"}, "facility": {"code": 11713}}, {"service": {"name": "PMTCT - ANC"}, "facility": {"code": 11713}}, {"service": {"name": "Diagnostic Counselling and Testing"}, "facility": {"code": 11713}}, {"service": {"name": "Provider Initiated Counselling and Testing"}, "facility": {"code": 11713}}, {"service": {"name": "Management of STIs"}, "facility": {"code": 11713}}, {"service": {"name": "Condom Promotion and Distribution"}, "facility": {"code": 11713}}, {"service": {"name": "Emergency Obstetric Care"}, "facility": {"code": 11580}}, {"service": {"name": "Nutrition Services"}, "facility": {"code": 11580}}, {"service": {"name": "Integrated Management of Childhood Illnesses"}, "facility": {"code": 11580}}, {"service": {"name": "Surgical Services"}, "facility": {"code": 11580}}, {"service": {"name": "Maternity Services"}, "facility": {"code": 11580}}, {"service": {"name": "Curative Services"}, "facility": {"code": 11580}}, {"service": {"name": "Immunization with additional vaccines"}, "facility": {"code": 11580}}, {"service": {"name": "Basic Immunization"}, "facility": {"code": 11580}}, {"service": {"name": "Focused Antenatal Care"}, "facility": {"code": 11580}}, {"service": {"name": "Long Term FP"}, "facility": {"code": 11580}}, {"service": {"name": "Short Term FP"}, "facility": {"code": 11580}}, {"service": {"name": "Post Exposure Prophylaxis"}, "facility": {"code": 11580}}, {"service": {"name": "PMTCT - Maternity"}, "facility": {"code": 11580}}, {"service": {"name": "PMTCT - ANC"}, "facility": {"code": 11580}}, {"service": {"name": "Early Infant Diagnosis"}, "facility": {"code": 11580}}, {"service": {"name": "Diagnostic Counselling and Testing"}, "facility": {"code": 11580}}, {"service": {"name": "Provider Initiated Counselling and Testing"}, "facility": {"code": 11580}}, {"service": {"name": "Voluntary Counselling and Testing"}, "facility": {"code": 11580}}, {"service": {"name": "Management of STIs"}, "facility": {"code": 11580}}, {"service": {"name": "Condom Promotion and Distribution"}, "facility": {"code": 11580}}, {"service": {"name": "Emergency Preparedness"}, "facility": {"code": 11474}}, {"service": {"name": "ENT Services"}, "facility": {"code": 11474}}, {"service": {"name": "Oral Health Services (Dental Services)"}, "facility": {"code": 11474}}, {"service": {"name": "Emergency Obstetric Care"}, "facility": {"code": 11474}}, {"service": {"name": "Rehabilitative Health Services - Physiotherapy"}, "facility": {"code": 11474}}, {"service": {"name": "Opthalmic Services"}, "facility": {"code": 11474}}, {"service": {"name": "Nutrition Services"}, "facility": {"code": 11474}}, {"service": {"name": "Integrated Management of Childhood Illnesses"}, "facility": {"code": 11474}}, {"service": {"name": "Ambulance Sevices"}, "facility": {"code": 11474}}, {"service": {"name": "Laboratory Services"}, "facility": {"code": 11474}}, {"service": {"name": "Radiology Services"}, "facility": {"code": 11474}}, {"service": {"name": "Surgical Services"}, "facility": {"code": 11474}}, {"service": {"name": "Maternity Services"}, "facility": {"code": 11474}}, {"service": {"name": "Curative Services"}, "facility": {"code": 11474}}, {"service": {"name": "Facility Based Blood Transfusion Service"}, "facility": {"code": 11474}}, {"service": {"name": "Rehabilitative Health Services - Orthopaedic Technology"}, "facility": {"code": 11474}}, {"service": {"name": "Rehabilitative Health Services - Occupational Health"}, "facility": {"code": 11474}}, {"service": {"name": "MDRTB Treatment"}, "facility": {"code": 11474}}, {"service": {"name": "First Line Treatment"}, "facility": {"code": 11474}}, {"service": {"name": "Tuberculosis Culture"}, "facility": {"code": 11474}}, {"service": {"name": "Smear Microscopy"}, "facility": {"code": 11474}}, {"service": {"name": "Immunization with additional vaccines"}, "facility": {"code": 11474}}, {"service": {"name": "Basic Immunization"}, "facility": {"code": 11474}}, {"service": {"name": "Focused Antenatal Care"}, "facility": {"code": 11474}}, {"service": {"name": "Integrated Services"}, "facility": {"code": 11474}}, {"service": {"name": "Permanent FP"}, "facility": {"code": 11474}}, {"service": {"name": "Long Term FP"}, "facility": {"code": 11474}}, {"service": {"name": "Short Term FP"}, "facility": {"code": 11474}}, {"service": {"name": "Home Based Care"}, "facility": {"code": 11474}}, {"service": {"name": "Adult Antiretroviral Therapy"}, "facility": {"code": 11474}}, {"service": {"name": "Paediatric Antiretroviral Therapy"}, "facility": {"code": 11474}}, {"service": {"name": "Post Exposure Prophylaxis"}, "facility": {"code": 11474}}, {"service": {"name": "PMTCT - Maternity"}, "facility": {"code": 11474}}, {"service": {"name": "PMTCT - ANC"}, "facility": {"code": 11474}}, {"service": {"name": "Early Infant Diagnosis"}, "facility": {"code": 11474}}, {"service": {"name": "Diagnostic Counselling and Testing"}, "facility": {"code": 11474}}, {"service": {"name": "Provider Initiated Counselling and Testing"}, "facility": {"code": 11474}}, {"service": {"name": "Voluntary Counselling and Testing"}, "facility": {"code": 11474}}, {"service": {"name": "Management of STIs"}, "facility": {"code": 11474}}, {"service": {"name": "Condom Promotion and Distribution"}, "facility": {"code": 11474}}, {"service": {"name": "Emergency Obstetric Care"}, "facility": {"code": 11288}}, {"service": {"name": "Laboratory Services"}, "facility": {"code": 11288}}, {"service": {"name": "Surgical Services"}, "facility": {"code": 11288}}, {"service": {"name": "Maternity Services"}, "facility": {"code": 11288}}, {"service": {"name": "Curative Services"}, "facility": {"code": 11288}}, {"service": {"name": "First Line Treatment"}, "facility": {"code": 11288}}, {"service": {"name": "Smear Microscopy"}, "facility": {"code": 11288}}, {"service": {"name": "Tuberculosis Culture"}, "facility": {"code": 11288}}, {"service": {"name": "Basic Immunization"}, "facility": {"code": 11288}}, {"service": {"name": "Long Term FP"}, "facility": {"code": 11288}}, {"service": {"name": "Short Term FP"}, "facility": {"code": 11288}}, {"service": {"name": "Voluntary Male Circumcision"}, "facility": {"code": 11288}}, {"service": {"name": "PMTCT - Maternity"}, "facility": {"code": 11288}}, {"service": {"name": "PMTCT - ANC"}, "facility": {"code": 11288}}, {"service": {"name": "Diagnostic Counselling and Testing"}, "facility": {"code": 11288}}, {"service": {"name": "Provider Initiated Counselling and Testing"}, "facility": {"code": 11288}}, {"service": {"name": "Management of STIs"}, "facility": {"code": 11288}}, {"service": {"name": "Condom Promotion and Distribution"}, "facility": {"code": 11288}}, {"service": {"name": "Focused Antenatal Care"}, "facility": {"code": 17594}}, {"service": {"name": "PMTCT - Maternity"}, "facility": {"code": 17594}}, {"service": {"name": "PMTCT - ANC"}, "facility": {"code": 17594}}, {"service": {"name": "Condom Promotion and Distribution"}, "facility": {"code": 17594}}, {"service": {"name": "Basic Immunization"}, "facility": {"code": 17594}}, {"service": {"name": "Short Term FP"}, "facility": {"code": 17594}}, {"service": {"name": "Diagnostic Counselling and Testing"}, "facility": {"code": 17594}}, {"service": {"name": "Management of STIs"}, "facility": {"code": 17594}}, {"service": {"name": "Adult Antiretroviral Therapy"}, "facility": {"code": 17593}}, {"service": {"name": "Paediatric Antiretroviral Therapy"}, "facility": {"code": 17593}}, {"service": {"name": "Voluntary Male Circumcision"}, "facility": {"code": 17593}}, {"service": {"name": "PMTCT - ANC"}, "facility": {"code": 17593}}, {"service": {"name": "Early Infant Diagnosis"}, "facility": {"code": 17593}}, {"service": {"name": "Diagnostic Counselling and Testing"}, "facility": {"code": 17593}}, {"service": {"name": "Provider Initiated Counselling and Testing"}, "facility": {"code": 17593}}, {"service": {"name": "Management of STIs"}, "facility": {"code": 17593}}, {"service": {"name": "Condom Promotion and Distribution"}, "facility": {"code": 17593}}, {"service": {"name": "Surgical Services"}, "facility": {"code": 17467}}, {"service": {"name": "Rehabilitative Health Services - Orthopaedic Technology"}, "facility": {"code": 17467}}, {"service": {"name": "Focused Antenatal Care"}, "facility": {"code": 17467}}, {"service": {"name": "Basic Immunization"}, "facility": {"code": 17592}}, {"service": {"name": "Focused Antenatal Care"}, "facility": {"code": 17592}}, {"service": {"name": "Short Term FP"}, "facility": {"code": 17592}}, {"service": {"name": "PMTCT - ANC"}, "facility": {"code": 17592}}, {"service": {"name": "Provider Initiated Counselling and Testing"}, "facility": {"code": 17592}}, {"service": {"name": "Management of STIs"}, "facility": {"code": 17592}}, {"service": {"name": "Condom Promotion and Distribution"}, "facility": {"code": 17592}}, {"service": {"name": "Basic Immunization"}, "facility": {"code": 17591}}, {"service": {"name": "Short Term FP"}, "facility": {"code": 17591}}, {"service": {"name": "PMTCT - ANC"}, "facility": {"code": 17591}}, {"service": {"name": "Provider Initiated Counselling and Testing"}, "facility": {"code": 17591}}, {"service": {"name": "Management of STIs"}, "facility": {"code": 17591}}, {"service": {"name": "Condom Promotion and Distribution"}, "facility": {"code": 17591}}, {"service": {"name": "Curative Services"}, "facility": {"code": 17589}}, {"service": {"name": "First Line Treatment"}, "facility": {"code": 17589}}, {"service": {"name": "Home Based Care"}, "facility": {"code": 17589}}, {"service": {"name": "Adult Antiretroviral Therapy"}, "facility": {"code": 17589}}, {"service": {"name": "Voluntary Counselling and Testing"}, "facility": {"code": 17589}}, {"service": {"name": "Management of STIs"}, "facility": {"code": 17589}}, {"service": {"name": "Condom Promotion and Distribution"}, "facility": {"code": 17589}}, {"service": {"name": "Condom Promotion and Distribution"}, "facility": {"code": 16716}}, {"service": {"name": "Management of STIs"}, "facility": {"code": 16716}}, {"service": {"name": "Voluntary Counselling and Testing"}, "facility": {"code": 17588}}, {"service": {"name": "Condom Promotion and Distribution"}, "facility": {"code": 17588}}, {"service": {"name": "Condom Promotion and Distribution"}, "facility": {"code": 17586}}, {"service": {"name": "Voluntary Counselling and Testing"}, "facility": {"code": 17586}}, {"service": {"name": "Stand Alone Services"}, "facility": {"code": 17585}}, {"service": {"name": "Short Term FP"}, "facility": {"code": 17585}}, {"service": {"name": "Provider Initiated Counselling and Testing"}, "facility": {"code": 17585}}, {"service": {"name": "Voluntary Counselling and Testing"}, "facility": {"code": 17585}}, {"service": {"name": "Condom Promotion and Distribution"}, "facility": {"code": 17585}}, {"service": {"name": "Stand Alone Services"}, "facility": {"code": 17584}}, {"service": {"name": "Voluntary Counselling and Testing"}, "facility": {"code": 17584}}, {"service": {"name": "Condom Promotion and Distribution"}, "facility": {"code": 17584}}, {"service": {"name": "Environmental Health Services"}, "facility": {"code": 13365}}, {"service": {"name": "Nutrition Services"}, "facility": {"code": 13365}}, {"service": {"name": "Integrated Management of Childhood Illnesses"}, "facility": {"code": 13365}}, {"service": {"name": "Curative Services"}, "facility": {"code": 13365}}, {"service": {"name": "Laboratory Services"}, "facility": {"code": 13365}}, {"service": {"name": "Maternity Services"}, "facility": {"code": 13365}}, {"service": {"name": "First Line Treatment"}, "facility": {"code": 13365}}, {"service": {"name": "Basic Immunization"}, "facility": {"code": 13365}}, {"service": {"name": "Focused Antenatal Care"}, "facility": {"code": 13365}}, {"service": {"name": "Long Term FP"}, "facility": {"code": 13365}}, {"service": {"name": "Short Term FP"}, "facility": {"code": 13365}}, {"service": {"name": "Post Exposure Prophylaxis"}, "facility": {"code": 13365}}, {"service": {"name": "PMTCT - Maternity"}, "facility": {"code": 13365}}, {"service": {"name": "PMTCT - ANC"}, "facility": {"code": 13365}}, {"service": {"name": "Diagnostic Counselling and Testing"}, "facility": {"code": 13365}}, {"service": {"name": "Provider Initiated Counselling and Testing"}, "facility": {"code": 13365}}, {"service": {"name": "Management of STIs"}, "facility": {"code": 13365}}, {"service": {"name": "Condom Promotion and Distribution"}, "facility": {"code": 13365}}, {"service": {"name": "Emergency Preparedness"}, "facility": {"code": 13370}}, {"service": {"name": "Environmental Health Services"}, "facility": {"code": 13370}}, {"service": {"name": "Nutrition Services"}, "facility": {"code": 13370}}, {"service": {"name": "Integrated Management of Childhood Illnesses"}, "facility": {"code": 13370}}, {"service": {"name": "Laboratory Services"}, "facility": {"code": 13370}}, {"service": {"name": "Maternity Services"}, "facility": {"code": 13370}}, {"service": {"name": "Curative Services"}, "facility": {"code": 13370}}, {"service": {"name": "First Line Treatment"}, "facility": {"code": 13370}}, {"service": {"name": "Basic Immunization"}, "facility": {"code": 13370}}, {"service": {"name": "Focused Antenatal Care"}, "facility": {"code": 13370}}, {"service": {"name": "Long Term FP"}, "facility": {"code": 13370}}, {"service": {"name": "Short Term FP"}, "facility": {"code": 13370}}, {"service": {"name": "Adult Antiretroviral Therapy"}, "facility": {"code": 13370}}, {"service": {"name": "Post Exposure Prophylaxis"}, "facility": {"code": 13370}}, {"service": {"name": "PMTCT - Maternity"}, "facility": {"code": 13370}}, {"service": {"name": "PMTCT - ANC"}, "facility": {"code": 13370}}, {"service": {"name": "Diagnostic Counselling and Testing"}, "facility": {"code": 13370}}, {"service": {"name": "Provider Initiated Counselling and Testing"}, "facility": {"code": 13370}}, {"service": {"name": "Voluntary Counselling and Testing"}, "facility": {"code": 13370}}, {"service": {"name": "Management of STIs"}, "facility": {"code": 13370}}, {"service": {"name": "Condom Promotion and Distribution"}, "facility": {"code": 13370}}, {"service": {"name": "Nutrition Services"}, "facility": {"code": 13385}}, {"service": {"name": "Laboratory Services"}, "facility": {"code": 13385}}, {"service": {"name": "Environmental Health Services"}, "facility": {"code": 13431}}, {"service": {"name": "Nutrition Services"}, "facility": {"code": 13431}}, {"service": {"name": "Laboratory Services"}, "facility": {"code": 13431}}, {"service": {"name": "Nutrition Services"}, "facility": {"code": 13426}}, {"service": {"name": "Integrated Management of Childhood Illnesses"}, "facility": {"code": 13426}}, {"service": {"name": "Basic Immunization"}, "facility": {"code": 13426}}, {"service": {"name": "Post Exposure Prophylaxis"}, "facility": {"code": 13426}}, {"service": {"name": "PMTCT - Maternity"}, "facility": {"code": 13426}}, {"service": {"name": "Management of STIs"}, "facility": {"code": 13426}}, {"service": {"name": "Condom Promotion and Distribution"}, "facility": {"code": 13426}}, {"service": {"name": "Nutrition Services"}, "facility": {"code": 13383}}, {"service": {"name": "Integrated Management of Childhood Illnesses"}, "facility": {"code": 13383}}, {"service": {"name": "Maternity Services"}, "facility": {"code": 13383}}, {"service": {"name": "Curative Services"}, "facility": {"code": 13383}}, {"service": {"name": "First Line Treatment"}, "facility": {"code": 13383}}, {"service": {"name": "Basic Immunization"}, "facility": {"code": 13383}}, {"service": {"name": "Focused Antenatal Care"}, "facility": {"code": 13383}}, {"service": {"name": "Short Term FP"}, "facility": {"code": 13383}}, {"service": {"name": "Post Exposure Prophylaxis"}, "facility": {"code": 13383}}, {"service": {"name": "PMTCT - Maternity"}, "facility": {"code": 13383}}, {"service": {"name": "PMTCT - ANC"}, "facility": {"code": 13383}}, {"service": {"name": "Diagnostic Counselling and Testing"}, "facility": {"code": 13383}}, {"service": {"name": "Provider Initiated Counselling and Testing"}, "facility": {"code": 13383}}, {"service": {"name": "Management of STIs"}, "facility": {"code": 13383}}, {"service": {"name": "Condom Promotion and Distribution"}, "facility": {"code": 13383}}, {"service": {"name": "Nutrition Services"}, "facility": {"code": 13361}}, {"service": {"name": "Integrated Management of Childhood Illnesses"}, "facility": {"code": 13361}}, {"service": {"name": "Maternity Services"}, "facility": {"code": 13361}}, {"service": {"name": "Curative Services"}, "facility": {"code": 13361}}, {"service": {"name": "First Line Treatment"}, "facility": {"code": 13361}}, {"service": {"name": "Basic Immunization"}, "facility": {"code": 13361}}, {"service": {"name": "Focused Antenatal Care"}, "facility": {"code": 13361}}, {"service": {"name": "Long Term FP"}, "facility": {"code": 13361}}, {"service": {"name": "Short Term FP"}, "facility": {"code": 13361}}, {"service": {"name": "Post Exposure Prophylaxis"}, "facility": {"code": 13361}}, {"service": {"name": "PMTCT - Maternity"}, "facility": {"code": 13361}}, {"service": {"name": "PMTCT - ANC"}, "facility": {"code": 13361}}, {"service": {"name": "Diagnostic Counselling and Testing"}, "facility": {"code": 13361}}, {"service": {"name": "Provider Initiated Counselling and Testing"}, "facility": {"code": 13361}}, {"service": {"name": "Management of STIs"}, "facility": {"code": 13361}}, {"service": {"name": "Permanent FP"}, "facility": {"code": 15305}}, {"service": {"name": "Condom Promotion and Distribution"}, "facility": {"code": 13361}}, {"service": {"name": "Long Term FP"}, "facility": {"code": 15305}}, {"service": {"name": "Home Based Care"}, "facility": {"code": 15305}}, {"service": {"name": "Paediatric Antiretroviral Therapy"}, "facility": {"code": 15305}}, {"service": {"name": "Short Term FP"}, "facility": {"code": 15305}}, {"service": {"name": "Adult Antiretroviral Therapy"}, "facility": {"code": 15305}}, {"service": {"name": "Post Exposure Prophylaxis"}, "facility": {"code": 15305}}, {"service": {"name": "Voluntary Male Circumcision"}, "facility": {"code": 15305}}, {"service": {"name": "PMTCT - Maternity"}, "facility": {"code": 15305}}, {"service": {"name": "PMTCT - ANC"}, "facility": {"code": 15305}}, {"service": {"name": "Early Infant Diagnosis"}, "facility": {"code": 15305}}, {"service": {"name": "Diagnostic Counselling and Testing"}, "facility": {"code": 15305}}, {"service": {"name": "Provider Initiated Counselling and Testing"}, "facility": {"code": 15305}}, {"service": {"name": "Voluntary Counselling and Testing"}, "facility": {"code": 15305}}, {"service": {"name": "Management of STIs"}, "facility": {"code": 15305}}, {"service": {"name": "Condom Promotion and Distribution"}, "facility": {"code": 15305}}, {"service": {"name": "Nutrition Services"}, "facility": {"code": 13360}}, {"service": {"name": "Integrated Management of Childhood Illnesses"}, "facility": {"code": 13360}}, {"service": {"name": "Maternity Services"}, "facility": {"code": 13360}}, {"service": {"name": "Curative Services"}, "facility": {"code": 13360}}, {"service": {"name": "First Line Treatment"}, "facility": {"code": 13360}}, {"service": {"name": "Basic Immunization"}, "facility": {"code": 13360}}, {"service": {"name": "Focused Antenatal Care"}, "facility": {"code": 13360}}, {"service": {"name": "Long Term FP"}, "facility": {"code": 13360}}, {"service": {"name": "Short Term FP"}, "facility": {"code": 13360}}, {"service": {"name": "Post Exposure Prophylaxis"}, "facility": {"code": 13360}}, {"service": {"name": "PMTCT - Maternity"}, "facility": {"code": 13360}}, {"service": {"name": "PMTCT - ANC"}, "facility": {"code": 13360}}, {"service": {"name": "Diagnostic Counselling and Testing"}, "facility": {"code": 13360}}, {"service": {"name": "Provider Initiated Counselling and Testing"}, "facility": {"code": 13360}}, {"service": {"name": "Management of STIs"}, "facility": {"code": 13360}}, {"service": {"name": "Condom Promotion and Distribution"}, "facility": {"code": 13360}}, {"service": {"name": "Integrated Management of Childhood Illnesses"}, "facility": {"code": 16659}}, {"service": {"name": "Maternity Services"}, "facility": {"code": 16659}}, {"service": {"name": "Curative Services"}, "facility": {"code": 16659}}, {"service": {"name": "Focused Antenatal Care"}, "facility": {"code": 16659}}, {"service": {"name": "Long Term FP"}, "facility": {"code": 16659}}, {"service": {"name": "Emergency Obstetric Care"}, "facility": {"code": 15368}}, {"service": {"name": "Short Term FP"}, "facility": {"code": 16659}}, {"service": {"name": "Post Exposure Prophylaxis"}, "facility": {"code": 16659}}, {"service": {"name": "Nutrition Services"}, "facility": {"code": 15368}}, {"service": {"name": "PMTCT - Maternity"}, "facility": {"code": 16659}}, {"service": {"name": "PMTCT - ANC"}, "facility": {"code": 16659}}, {"service": {"name": "Integrated Management of Childhood Illnesses"}, "facility": {"code": 15368}}, {"service": {"name": "Diagnostic Counselling and Testing"}, "facility": {"code": 16659}}, {"service": {"name": "Maternity Services"}, "facility": {"code": 15368}}, {"service": {"name": "Provider Initiated Counselling and Testing"}, "facility": {"code": 16659}}, {"service": {"name": "Management of STIs"}, "facility": {"code": 16659}}, {"service": {"name": "Curative Services"}, "facility": {"code": 15368}}, {"service": {"name": "Condom Promotion and Distribution"}, "facility": {"code": 16659}}, {"service": {"name": "Basic Immunization"}, "facility": {"code": 15368}}, {"service": {"name": "Focused Antenatal Care"}, "facility": {"code": 15368}}, {"service": {"name": "Long Term FP"}, "facility": {"code": 15368}}, {"service": {"name": "Short Term FP"}, "facility": {"code": 15368}}, {"service": {"name": "Voluntary Counselling and Testing"}, "facility": {"code": 15368}}, {"service": {"name": "PMTCT - ANC"}, "facility": {"code": 15368}}, {"service": {"name": "Provider Initiated Counselling and Testing"}, "facility": {"code": 15368}}, {"service": {"name": "Management of STIs"}, "facility": {"code": 15368}}, {"service": {"name": "Condom Promotion and Distribution"}, "facility": {"code": 15368}}, {"service": {"name": "Integrated Management of Childhood Illnesses"}, "facility": {"code": 13308}}, {"service": {"name": "Nutrition Services"}, "facility": {"code": 13308}}, {"service": {"name": "Maternity Services"}, "facility": {"code": 13308}}, {"service": {"name": "Curative Services"}, "facility": {"code": 13308}}, {"service": {"name": "First Line Treatment"}, "facility": {"code": 13308}}, {"service": {"name": "Basic Immunization"}, "facility": {"code": 13308}}, {"service": {"name": "Focused Antenatal Care"}, "facility": {"code": 13308}}, {"service": {"name": "Long Term FP"}, "facility": {"code": 13308}}, {"service": {"name": "Short Term FP"}, "facility": {"code": 13308}}, {"service": {"name": "Post Exposure Prophylaxis"}, "facility": {"code": 13308}}, {"service": {"name": "PMTCT - Maternity"}, "facility": {"code": 13308}}, {"service": {"name": "PMTCT - ANC"}, "facility": {"code": 13308}}, {"service": {"name": "Diagnostic Counselling and Testing"}, "facility": {"code": 13308}}, {"service": {"name": "Provider Initiated Counselling and Testing"}, "facility": {"code": 13308}}, {"service": {"name": "Management of STIs"}, "facility": {"code": 13308}}, {"service": {"name": "Condom Promotion and Distribution"}, "facility": {"code": 13308}}, {"service": {"name": "Integrated Management of Childhood Illnesses"}, "facility": {"code": 15035}}, {"service": {"name": "Nutrition Services"}, "facility": {"code": 15035}}, {"service": {"name": "Maternity Services"}, "facility": {"code": 15035}}, {"service": {"name": "Curative Services"}, "facility": {"code": 15035}}, {"service": {"name": "Basic Immunization"}, "facility": {"code": 15035}}, {"service": {"name": "Focused Antenatal Care"}, "facility": {"code": 15035}}, {"service": {"name": "Short Term FP"}, "facility": {"code": 15035}}, {"service": {"name": "PMTCT - ANC"}, "facility": {"code": 15035}}, {"service": {"name": "Provider Initiated Counselling and Testing"}, "facility": {"code": 15035}}, {"service": {"name": "Management of STIs"}, "facility": {"code": 15035}}, {"service": {"name": "Condom Promotion and Distribution"}, "facility": {"code": 15035}}, {"service": {"name": "Curative Services"}, "facility": {"code": 14860}}, {"service": {"name": "Focused Antenatal Care"}, "facility": {"code": 14860}}, {"service": {"name": "Short Term FP"}, "facility": {"code": 14860}}, {"service": {"name": "Provider Initiated Counselling and Testing"}, "facility": {"code": 14860}}, {"service": {"name": "Condom Promotion and Distribution"}, "facility": {"code": 14860}}, {"service": {"name": "Basic Immunization"}, "facility": {"code": 13438}}, {"service": {"name": "Focused Antenatal Care"}, "facility": {"code": 13438}}, {"service": {"name": "Short Term FP"}, "facility": {"code": 13438}}, {"service": {"name": "PMTCT - ANC"}, "facility": {"code": 13438}}, {"service": {"name": "Provider Initiated Counselling and Testing"}, "facility": {"code": 13438}}, {"service": {"name": "Management of STIs"}, "facility": {"code": 13438}}, {"service": {"name": "Condom Promotion and Distribution"}, "facility": {"code": 13438}}, {"service": {"name": "Voluntary Counselling and Testing"}, "facility": {"code": 13408}}, {"service": {"name": "Early Infant Diagnosis"}, "facility": {"code": 13443}}, {"service": {"name": "Condom Promotion and Distribution"}, "facility": {"code": 13443}}, {"service": {"name": "Early Infant Diagnosis"}, "facility": {"code": 13422}}, {"service": {"name": "Condom Promotion and Distribution"}, "facility": {"code": 13422}}, {"service": {"name": "Curative Services"}, "facility": {"code": 13319}}, {"service": {"name": "Short Term FP"}, "facility": {"code": 13319}}, {"service": {"name": "Provider Initiated Counselling and Testing"}, "facility": {"code": 13319}}, {"service": {"name": "PMTCT - ANC"}, "facility": {"code": 13319}}, {"service": {"name": "Early Infant Diagnosis"}, "facility": {"code": 13319}}, {"service": {"name": "Diagnostic Counselling and Testing"}, "facility": {"code": 13319}}, {"service": {"name": "Management of STIs"}, "facility": {"code": 13319}}, {"service": {"name": "Condom Promotion and Distribution"}, "facility": {"code": 13319}}, {"service": {"name": "Early Infant Diagnosis"}, "facility": {"code": 13430}}, {"service": {"name": "Paediatric Antiretroviral Therapy"}, "facility": {"code": 13430}}, {"service": {"name": "Focused Antenatal Care"}, "facility": {"code": 16287}}, {"service": {"name": "First Line Treatment"}, "facility": {"code": 13408}}, {"service": {"name": "Smear Microscopy"}, "facility": {"code": 13408}}, {"service": {"name": "Laboratory Services"}, "facility": {"code": 13420}}, {"service": {"name": "Curative Services"}, "facility": {"code": 13420}}, {"service": {"name": "First Line Treatment"}, "facility": {"code": 13420}}, {"service": {"name": "Smear Microscopy"}, "facility": {"code": 13420}}, {"service": {"name": "Basic Immunization"}, "facility": {"code": 13420}}, {"service": {"name": "Focused Antenatal Care"}, "facility": {"code": 13420}}, {"service": {"name": "Short Term FP"}, "facility": {"code": 13420}}, {"service": {"name": "Adult Antiretroviral Therapy"}, "facility": {"code": 13420}}, {"service": {"name": "Paediatric Antiretroviral Therapy"}, "facility": {"code": 13420}}, {"service": {"name": "PMTCT - ANC"}, "facility": {"code": 13420}}, {"service": {"name": "Maternity Services"}, "facility": {"code": 13345}}, {"service": {"name": "Curative Services"}, "facility": {"code": 13345}}, {"service": {"name": "Basic Immunization"}, "facility": {"code": 13345}}, {"service": {"name": "Focused Antenatal Care"}, "facility": {"code": 13345}}, {"service": {"name": "Environmental Health Services"}, "facility": {"code": 13747}}, {"service": {"name": "Rehabilitative Health Services - Physiotherapy"}, "facility": {"code": 13747}}, {"service": {"name": "Nutrition Services"}, "facility": {"code": 13747}}, {"service": {"name": "Integrated Management of Childhood Illnesses"}, "facility": {"code": 13747}}, {"service": {"name": "Laboratory Services"}, "facility": {"code": 13747}}, {"service": {"name": "Maternity Services"}, "facility": {"code": 13747}}, {"service": {"name": "Curative Services"}, "facility": {"code": 13747}}, {"service": {"name": "Facility Based Blood Transfusion Service"}, "facility": {"code": 13747}}, {"service": {"name": "Facility Based Blood Collection Service"}, "facility": {"code": 13747}}, {"service": {"name": "First Line Treatment"}, "facility": {"code": 13747}}, {"service": {"name": "Tuberculosis Culture"}, "facility": {"code": 13747}}, {"service": {"name": "Smear Microscopy"}, "facility": {"code": 13747}}, {"service": {"name": "Immunization with additional vaccines"}, "facility": {"code": 13747}}, {"service": {"name": "Basic Immunization"}, "facility": {"code": 13747}}, {"service": {"name": "Focused Antenatal Care"}, "facility": {"code": 13747}}, {"service": {"name": "Long Term FP"}, "facility": {"code": 13747}}, {"service": {"name": "Short Term FP"}, "facility": {"code": 13747}}, {"service": {"name": "Adult Antiretroviral Therapy"}, "facility": {"code": 13747}}, {"service": {"name": "Paediatric Antiretroviral Therapy"}, "facility": {"code": 13747}}, {"service": {"name": "Post Exposure Prophylaxis"}, "facility": {"code": 13747}}, {"service": {"name": "Voluntary Male Circumcision"}, "facility": {"code": 13747}}, {"service": {"name": "PMTCT - ANC"}, "facility": {"code": 13747}}, {"service": {"name": "Early Infant Diagnosis"}, "facility": {"code": 13747}}, {"service": {"name": "Provider Initiated Counselling and Testing"}, "facility": {"code": 13747}}, {"service": {"name": "Voluntary Counselling and Testing"}, "facility": {"code": 13747}}, {"service": {"name": "Management of STIs"}, "facility": {"code": 13747}}, {"service": {"name": "Condom Promotion and Distribution"}, "facility": {"code": 13747}}, {"service": {"name": "Surgical Services"}, "facility": {"code": 16185}}, {"service": {"name": "Curative Services"}, "facility": {"code": 16185}}, {"service": {"name": "Provider Initiated Counselling and Testing"}, "facility": {"code": 16185}}, {"service": {"name": "Management of STIs"}, "facility": {"code": 16185}}, {"service": {"name": "Emergency Preparedness"}, "facility": {"code": 17583}}, {"service": {"name": "ENT Services"}, "facility": {"code": 17583}}, {"service": {"name": "Oral Health Services (Dental Services)"}, "facility": {"code": 17583}}, {"service": {"name": "Emergency Obstetric Care"}, "facility": {"code": 17583}}, {"service": {"name": "Environmental Health Services"}, "facility": {"code": 17583}}, {"service": {"name": "Services for Sexual Violence Survivors"}, "facility": {"code": 17583}}, {"service": {"name": "Mental Health Services"}, "facility": {"code": 17583}}, {"service": {"name": "Opthalmic Services"}, "facility": {"code": 17583}}, {"service": {"name": "Nutrition Services"}, "facility": {"code": 17583}}, {"service": {"name": "Integrated Management of Childhood Illnesses"}, "facility": {"code": 17583}}, {"service": {"name": "Surgical Services"}, "facility": {"code": 17583}}, {"service": {"name": "Maternity Services"}, "facility": {"code": 17583}}, {"service": {"name": "Curative Services"}, "facility": {"code": 17583}}, {"service": {"name": "Rehabilitative Health Services - Occupational Health"}, "facility": {"code": 17583}}, {"service": {"name": "Basic Immunization"}, "facility": {"code": 17583}}, {"service": {"name": "Focused Antenatal Care"}, "facility": {"code": 17583}}, {"service": {"name": "Short Term FP"}, "facility": {"code": 17583}}, {"service": {"name": "PMTCT - ANC"}, "facility": {"code": 17583}}, {"service": {"name": "Management of STIs"}, "facility": {"code": 17583}}, {"service": {"name": "Condom Promotion and Distribution"}, "facility": {"code": 17583}}, {"service": {"name": "Laboratory Services"}, "facility": {"code": 17582}}, {"service": {"name": "Environmental Health Services"}, "facility": {"code": 17582}}, {"service": {"name": "Curative Services"}, "facility": {"code": 17582}}, {"service": {"name": "Curative Services"}, "facility": {"code": 17581}}, {"service": {"name": "Basic Immunization"}, "facility": {"code": 17581}}, {"service": {"name": "Focused Antenatal Care"}, "facility": {"code": 17581}}, {"service": {"name": "Short Term FP"}, "facility": {"code": 17581}}, {"service": {"name": "PMTCT - ANC"}, "facility": {"code": 17581}}, {"service": {"name": "Diagnostic Counselling and Testing"}, "facility": {"code": 17581}}, {"service": {"name": "Provider Initiated Counselling and Testing"}, "facility": {"code": 17581}}, {"service": {"name": "Emergency Obstetric Care"}, "facility": {"code": 12723}}, {"service": {"name": "Nutrition Services"}, "facility": {"code": 12723}}, {"service": {"name": "Surgical Services"}, "facility": {"code": 12723}}, {"service": {"name": "Maternity Services"}, "facility": {"code": 12723}}, {"service": {"name": "Curative Services"}, "facility": {"code": 12723}}, {"service": {"name": "Basic Immunization"}, "facility": {"code": 12723}}, {"service": {"name": "Focused Antenatal Care"}, "facility": {"code": 12723}}, {"service": {"name": "Long Term FP"}, "facility": {"code": 12723}}, {"service": {"name": "Short Term FP"}, "facility": {"code": 12723}}, {"service": {"name": "PMTCT - Maternity"}, "facility": {"code": 12723}}, {"service": {"name": "PMTCT - ANC"}, "facility": {"code": 12723}}, {"service": {"name": "Diagnostic Counselling and Testing"}, "facility": {"code": 12723}}, {"service": {"name": "Provider Initiated Counselling and Testing"}, "facility": {"code": 12723}}, {"service": {"name": "Management of STIs"}, "facility": {"code": 12723}}, {"service": {"name": "Condom Promotion and Distribution"}, "facility": {"code": 12723}}, {"service": {"name": "Emergency Obstetric Care"}, "facility": {"code": 12470}}, {"service": {"name": "Environmental Health Services"}, "facility": {"code": 12470}}, {"service": {"name": "Nutrition Services"}, "facility": {"code": 12470}}, {"service": {"name": "Surgical Services"}, "facility": {"code": 12470}}, {"service": {"name": "Maternity Services"}, "facility": {"code": 12470}}, {"service": {"name": "Curative Services"}, "facility": {"code": 12470}}, {"service": {"name": "Basic Immunization"}, "facility": {"code": 12470}}, {"service": {"name": "Focused Antenatal Care"}, "facility": {"code": 12470}}, {"service": {"name": "Long Term FP"}, "facility": {"code": 12470}}, {"service": {"name": "Short Term FP"}, "facility": {"code": 12470}}, {"service": {"name": "Adult Antiretroviral Therapy"}, "facility": {"code": 12470}}, {"service": {"name": "PMTCT - Maternity"}, "facility": {"code": 12470}}, {"service": {"name": "Diagnostic Counselling and Testing"}, "facility": {"code": 12470}}, {"service": {"name": "PMTCT - ANC"}, "facility": {"code": 12470}}, {"service": {"name": "Provider Initiated Counselling and Testing"}, "facility": {"code": 12470}}, {"service": {"name": "Management of STIs"}, "facility": {"code": 12470}}, {"service": {"name": "Condom Promotion and Distribution"}, "facility": {"code": 12470}}, {"service": {"name": "Basic Immunization"}, "facility": {"code": 11983}}, {"service": {"name": "Focused Antenatal Care"}, "facility": {"code": 11983}}, {"service": {"name": "Short Term FP"}, "facility": {"code": 11983}}, {"service": {"name": "PMTCT - Maternity"}, "facility": {"code": 11983}}, {"service": {"name": "PMTCT - ANC"}, "facility": {"code": 11983}}, {"service": {"name": "Diagnostic Counselling and Testing"}, "facility": {"code": 11983}}, {"service": {"name": "Provider Initiated Counselling and Testing"}, "facility": {"code": 11983}}, {"service": {"name": "Voluntary Counselling and Testing"}, "facility": {"code": 11983}}, {"service": {"name": "Management of STIs"}, "facility": {"code": 11983}}, {"service": {"name": "Condom Promotion and Distribution"}, "facility": {"code": 11983}}, {"service": {"name": "Emergency Obstetric Care"}, "facility": {"code": 13852}}, {"service": {"name": "Environmental Health Services"}, "facility": {"code": 13852}}, {"service": {"name": "Nutrition Services"}, "facility": {"code": 13852}}, {"service": {"name": "Integrated Management of Childhood Illnesses"}, "facility": {"code": 13852}}, {"service": {"name": "Laboratory Services"}, "facility": {"code": 13852}}, {"service": {"name": "Maternity Services"}, "facility": {"code": 13852}}, {"service": {"name": "Curative Services"}, "facility": {"code": 13852}}, {"service": {"name": "First Line Treatment"}, "facility": {"code": 13852}}, {"service": {"name": "Tuberculosis Culture"}, "facility": {"code": 13852}}, {"service": {"name": "Smear Microscopy"}, "facility": {"code": 13852}}, {"service": {"name": "Basic Immunization"}, "facility": {"code": 13852}}, {"service": {"name": "Focused Antenatal Care"}, "facility": {"code": 13852}}, {"service": {"name": "Short Term FP"}, "facility": {"code": 13852}}, {"service": {"name": "Home Based Care"}, "facility": {"code": 13852}}, {"service": {"name": "Adult Antiretroviral Therapy"}, "facility": {"code": 13852}}, {"service": {"name": "Paediatric Antiretroviral Therapy"}, "facility": {"code": 13852}}, {"service": {"name": "Post Exposure Prophylaxis"}, "facility": {"code": 13852}}, {"service": {"name": "Voluntary Male Circumcision"}, "facility": {"code": 13852}}, {"service": {"name": "PMTCT - Maternity"}, "facility": {"code": 13852}}, {"service": {"name": "PMTCT - ANC"}, "facility": {"code": 13852}}, {"service": {"name": "Early Infant Diagnosis"}, "facility": {"code": 13852}}, {"service": {"name": "Provider Initiated Counselling and Testing"}, "facility": {"code": 13852}}, {"service": {"name": "Voluntary Counselling and Testing"}, "facility": {"code": 13852}}, {"service": {"name": "Management of STIs"}, "facility": {"code": 13852}}, {"service": {"name": "Condom Promotion and Distribution"}, "facility": {"code": 13852}}, {"service": {"name": "Emergency Obstetric Care"}, "facility": {"code": 12713}}, {"service": {"name": "Environmental Health Services"}, "facility": {"code": 12713}}, {"service": {"name": "Laboratory Services"}, "facility": {"code": 12713}}, {"service": {"name": "Surgical Services"}, "facility": {"code": 12713}}, {"service": {"name": "Curative Services"}, "facility": {"code": 12713}}, {"service": {"name": "Basic Immunization"}, "facility": {"code": 12713}}, {"service": {"name": "Short Term FP"}, "facility": {"code": 12713}}, {"service": {"name": "Focused Antenatal Care"}, "facility": {"code": 12713}}, {"service": {"name": "Voluntary Counselling and Testing"}, "facility": {"code": 12713}}, {"service": {"name": "PMTCT - ANC"}, "facility": {"code": 12713}}, {"service": {"name": "Curative Services"}, "facility": {"code": 17576}}, {"service": {"name": "PMTCT - ANC"}, "facility": {"code": 17576}}, {"service": {"name": "Provider Initiated Counselling and Testing"}, "facility": {"code": 17576}}, {"service": {"name": "Voluntary Counselling and Testing"}, "facility": {"code": 17576}}, {"service": {"name": "Management of STIs"}, "facility": {"code": 17576}}, {"service": {"name": "Condom Promotion and Distribution"}, "facility": {"code": 17576}}, {"service": {"name": "Curative Services"}, "facility": {"code": 17575}}, {"service": {"name": "Basic Immunization"}, "facility": {"code": 17575}}, {"service": {"name": "Focused Antenatal Care"}, "facility": {"code": 17575}}, {"service": {"name": "Short Term FP"}, "facility": {"code": 17575}}, {"service": {"name": "PMTCT - ANC"}, "facility": {"code": 17575}}, {"service": {"name": "Provider Initiated Counselling and Testing"}, "facility": {"code": 17575}}, {"service": {"name": "Condom Promotion and Distribution"}, "facility": {"code": 17575}}, {"service": {"name": "Voluntary Counselling and Testing"}, "facility": {"code": 17575}}, {"service": {"name": "Management of STIs"}, "facility": {"code": 17575}}, {"service": {"name": "Curative Services"}, "facility": {"code": 17574}}, {"service": {"name": "Focused Antenatal Care"}, "facility": {"code": 17574}}, {"service": {"name": "Basic Immunization"}, "facility": {"code": 17574}}, {"service": {"name": "Short Term FP"}, "facility": {"code": 17574}}, {"service": {"name": "PMTCT - ANC"}, "facility": {"code": 17574}}, {"service": {"name": "Provider Initiated Counselling and Testing"}, "facility": {"code": 17574}}, {"service": {"name": "Management of STIs"}, "facility": {"code": 17574}}, {"service": {"name": "Voluntary Counselling and Testing"}, "facility": {"code": 17574}}, {"service": {"name": "Condom Promotion and Distribution"}, "facility": {"code": 17574}}, {"service": {"name": "Laboratory Services"}, "facility": {"code": 17573}}, {"service": {"name": "Curative Services"}, "facility": {"code": 17573}}, {"service": {"name": "Short Term FP"}, "facility": {"code": 17573}}, {"service": {"name": "Voluntary Male Circumcision"}, "facility": {"code": 17573}}, {"service": {"name": "PMTCT - ANC"}, "facility": {"code": 17573}}, {"service": {"name": "Provider Initiated Counselling and Testing"}, "facility": {"code": 17573}}, {"service": {"name": "Voluntary Counselling and Testing"}, "facility": {"code": 17573}}, {"service": {"name": "Management of STIs"}, "facility": {"code": 17573}}, {"service": {"name": "Condom Promotion and Distribution"}, "facility": {"code": 17573}}, {"service": {"name": "Curative Services"}, "facility": {"code": 17572}}, {"service": {"name": "Basic Immunization"}, "facility": {"code": 17572}}, {"service": {"name": "PMTCT - ANC"}, "facility": {"code": 17572}}, {"service": {"name": "Short Term FP"}, "facility": {"code": 17572}}, {"service": {"name": "Voluntary Counselling and Testing"}, "facility": {"code": 17572}}, {"service": {"name": "Provider Initiated Counselling and Testing"}, "facility": {"code": 17572}}, {"service": {"name": "Management of STIs"}, "facility": {"code": 17572}}, {"service": {"name": "Condom Promotion and Distribution"}, "facility": {"code": 17572}}, {"service": {"name": "Curative Services"}, "facility": {"code": 17571}}, {"service": {"name": "Basic Immunization"}, "facility": {"code": 17571}}, {"service": {"name": "Focused Antenatal Care"}, "facility": {"code": 17571}}, {"service": {"name": "Integrated Services"}, "facility": {"code": 17571}}, {"service": {"name": "Short Term FP"}, "facility": {"code": 17571}}, {"service": {"name": "PMTCT - ANC"}, "facility": {"code": 17571}}, {"service": {"name": "Diagnostic Counselling and Testing"}, "facility": {"code": 17571}}, {"service": {"name": "Provider Initiated Counselling and Testing"}, "facility": {"code": 17571}}, {"service": {"name": "Voluntary Counselling and Testing"}, "facility": {"code": 17571}}, {"service": {"name": "Condom Promotion and Distribution"}, "facility": {"code": 17571}}, {"service": {"name": "Laboratory Services"}, "facility": {"code": 17570}}, {"service": {"name": "Curative Services"}, "facility": {"code": 17570}}, {"service": {"name": "Emergency Obstetric Care"}, "facility": {"code": 17569}}, {"service": {"name": "Curative Services"}, "facility": {"code": 17569}}, {"service": {"name": "Short Term FP"}, "facility": {"code": 17569}}, {"service": {"name": "Provider Initiated Counselling and Testing"}, "facility": {"code": 17569}}, {"service": {"name": "Management of STIs"}, "facility": {"code": 17569}}, {"service": {"name": "Condom Promotion and Distribution"}, "facility": {"code": 17569}}, {"service": {"name": "Emergency Obstetric Care"}, "facility": {"code": 17568}}, {"service": {"name": "Curative Services"}, "facility": {"code": 17568}}, {"service": {"name": "Provider Initiated Counselling and Testing"}, "facility": {"code": 17568}}, {"service": {"name": "Management of STIs"}, "facility": {"code": 17568}}, {"service": {"name": "Condom Promotion and Distribution"}, "facility": {"code": 17568}}, {"service": {"name": "Emergency Obstetric Care"}, "facility": {"code": 17566}}, {"service": {"name": "Surgical Services"}, "facility": {"code": 17566}}, {"service": {"name": "Maternity Services"}, "facility": {"code": 17566}}, {"service": {"name": "Curative Services"}, "facility": {"code": 17566}}, {"service": {"name": "Basic Immunization"}, "facility": {"code": 17566}}, {"service": {"name": "Focused Antenatal Care"}, "facility": {"code": 17566}}, {"service": {"name": "Short Term FP"}, "facility": {"code": 17566}}, {"service": {"name": "PMTCT - Maternity"}, "facility": {"code": 17566}}, {"service": {"name": "Diagnostic Counselling and Testing"}, "facility": {"code": 17566}}, {"service": {"name": "Provider Initiated Counselling and Testing"}, "facility": {"code": 17566}}, {"service": {"name": "Management of STIs"}, "facility": {"code": 17566}}, {"service": {"name": "Condom Promotion and Distribution"}, "facility": {"code": 17566}}, {"service": {"name": "Emergency Obstetric Care"}, "facility": {"code": 17565}}, {"service": {"name": "Maternity Services"}, "facility": {"code": 17565}}, {"service": {"name": "Surgical Services"}, "facility": {"code": 17565}}, {"service": {"name": "Curative Services"}, "facility": {"code": 17565}}, {"service": {"name": "Basic Immunization"}, "facility": {"code": 17565}}, {"service": {"name": "Focused Antenatal Care"}, "facility": {"code": 17565}}, {"service": {"name": "Long Term FP"}, "facility": {"code": 17565}}, {"service": {"name": "Short Term FP"}, "facility": {"code": 17565}}, {"service": {"name": "PMTCT - ANC"}, "facility": {"code": 17565}}, {"service": {"name": "Diagnostic Counselling and Testing"}, "facility": {"code": 17565}}, {"service": {"name": "Provider Initiated Counselling and Testing"}, "facility": {"code": 17565}}, {"service": {"name": "Management of STIs"}, "facility": {"code": 17565}}, {"service": {"name": "Condom Promotion and Distribution"}, "facility": {"code": 17565}}, {"service": {"name": "Emergency Obstetric Care"}, "facility": {"code": 17564}}, {"service": {"name": "Surgical Services"}, "facility": {"code": 17564}}, {"service": {"name": "Maternity Services"}, "facility": {"code": 17564}}, {"service": {"name": "Curative Services"}, "facility": {"code": 17564}}, {"service": {"name": "Basic Immunization"}, "facility": {"code": 17564}}, {"service": {"name": "Focused Antenatal Care"}, "facility": {"code": 17564}}, {"service": {"name": "Short Term FP"}, "facility": {"code": 17564}}, {"service": {"name": "Diagnostic Counselling and Testing"}, "facility": {"code": 17564}}, {"service": {"name": "Provider Initiated Counselling and Testing"}, "facility": {"code": 17564}}, {"service": {"name": "Management of STIs"}, "facility": {"code": 17564}}, {"service": {"name": "Condom Promotion and Distribution"}, "facility": {"code": 17564}}, {"service": {"name": "Emergency Obstetric Care"}, "facility": {"code": 17563}}, {"service": {"name": "Surgical Services"}, "facility": {"code": 17563}}, {"service": {"name": "Curative Services"}, "facility": {"code": 17563}}, {"service": {"name": "Basic Immunization"}, "facility": {"code": 17563}}, {"service": {"name": "Focused Antenatal Care"}, "facility": {"code": 17563}}, {"service": {"name": "Short Term FP"}, "facility": {"code": 17563}}, {"service": {"name": "PMTCT - ANC"}, "facility": {"code": 17563}}, {"service": {"name": "Diagnostic Counselling and Testing"}, "facility": {"code": 17563}}, {"service": {"name": "Provider Initiated Counselling and Testing"}, "facility": {"code": 17563}}, {"service": {"name": "Management of STIs"}, "facility": {"code": 17563}}, {"service": {"name": "Condom Promotion and Distribution"}, "facility": {"code": 17563}}, {"service": {"name": "Emergency Obstetric Care"}, "facility": {"code": 17561}}, {"service": {"name": "Surgical Services"}, "facility": {"code": 17561}}, {"service": {"name": "Curative Services"}, "facility": {"code": 17561}}, {"service": {"name": "Maternity Services"}, "facility": {"code": 17561}}, {"service": {"name": "Basic Immunization"}, "facility": {"code": 17561}}, {"service": {"name": "Focused Antenatal Care"}, "facility": {"code": 17561}}, {"service": {"name": "Long Term FP"}, "facility": {"code": 17561}}, {"service": {"name": "Short Term FP"}, "facility": {"code": 17561}}, {"service": {"name": "Post Exposure Prophylaxis"}, "facility": {"code": 17561}}, {"service": {"name": "PMTCT - Maternity"}, "facility": {"code": 17561}}, {"service": {"name": "PMTCT - ANC"}, "facility": {"code": 17561}}, {"service": {"name": "Provider Initiated Counselling and Testing"}, "facility": {"code": 17561}}, {"service": {"name": "Management of STIs"}, "facility": {"code": 17561}}, {"service": {"name": "Condom Promotion and Distribution"}, "facility": {"code": 17561}}, {"service": {"name": "Emergency Obstetric Care"}, "facility": {"code": 17560}}, {"service": {"name": "Laboratory Services"}, "facility": {"code": 17560}}, {"service": {"name": "Curative Services"}, "facility": {"code": 17560}}, {"service": {"name": "Basic Immunization"}, "facility": {"code": 17560}}, {"service": {"name": "Focused Antenatal Care"}, "facility": {"code": 17560}}, {"service": {"name": "PMTCT - ANC"}, "facility": {"code": 17560}}, {"service": {"name": "Diagnostic Counselling and Testing"}, "facility": {"code": 17560}}, {"service": {"name": "Provider Initiated Counselling and Testing"}, "facility": {"code": 17560}}, {"service": {"name": "Management of STIs"}, "facility": {"code": 17560}}, {"service": {"name": "Emergency Obstetric Care"}, "facility": {"code": 17559}}, {"service": {"name": "Surgical Services"}, "facility": {"code": 17559}}, {"service": {"name": "Curative Services"}, "facility": {"code": 17559}}, {"service": {"name": "Basic Immunization"}, "facility": {"code": 17559}}, {"service": {"name": "Focused Antenatal Care"}, "facility": {"code": 17559}}, {"service": {"name": "Long Term FP"}, "facility": {"code": 17559}}, {"service": {"name": "Short Term FP"}, "facility": {"code": 17559}}, {"service": {"name": "PMTCT - ANC"}, "facility": {"code": 17559}}, {"service": {"name": "Provider Initiated Counselling and Testing"}, "facility": {"code": 17559}}, {"service": {"name": "Management of STIs"}, "facility": {"code": 17559}}, {"service": {"name": "Condom Promotion and Distribution"}, "facility": {"code": 17559}}, {"service": {"name": "Emergency Obstetric Care"}, "facility": {"code": 17558}}, {"service": {"name": "Surgical Services"}, "facility": {"code": 17558}}, {"service": {"name": "Curative Services"}, "facility": {"code": 17558}}, {"service": {"name": "Basic Immunization"}, "facility": {"code": 17558}}, {"service": {"name": "Short Term FP"}, "facility": {"code": 17558}}, {"service": {"name": "Diagnostic Counselling and Testing"}, "facility": {"code": 17558}}, {"service": {"name": "Management of STIs"}, "facility": {"code": 17558}}, {"service": {"name": "Condom Promotion and Distribution"}, "facility": {"code": 17558}}, {"service": {"name": "Emergency Obstetric Care"}, "facility": {"code": 17557}}, {"service": {"name": "Maternity Services"}, "facility": {"code": 17557}}, {"service": {"name": "Curative Services"}, "facility": {"code": 17557}}, {"service": {"name": "Basic Immunization"}, "facility": {"code": 17557}}, {"service": {"name": "Focused Antenatal Care"}, "facility": {"code": 17557}}, {"service": {"name": "Short Term FP"}, "facility": {"code": 17557}}, {"service": {"name": "PMTCT - ANC"}, "facility": {"code": 17557}}, {"service": {"name": "Diagnostic Counselling and Testing"}, "facility": {"code": 17557}}, {"service": {"name": "Provider Initiated Counselling and Testing"}, "facility": {"code": 17557}}, {"service": {"name": "Condom Promotion and Distribution"}, "facility": {"code": 17557}}, {"service": {"name": "Nutrition Services"}, "facility": {"code": 17554}}, {"service": {"name": "Laboratory Services"}, "facility": {"code": 17554}}, {"service": {"name": "Curative Services"}, "facility": {"code": 17554}}, {"service": {"name": "Basic Immunization"}, "facility": {"code": 17554}}, {"service": {"name": "Focused Antenatal Care"}, "facility": {"code": 17554}}, {"service": {"name": "Short Term FP"}, "facility": {"code": 17554}}, {"service": {"name": "Management of STIs"}, "facility": {"code": 17554}}, {"service": {"name": "Condom Promotion and Distribution"}, "facility": {"code": 17554}}, {"service": {"name": "PMTCT - ANC"}, "facility": {"code": 17535}}, {"service": {"name": "Provider Initiated Counselling and Testing"}, "facility": {"code": 17535}}, {"service": {"name": "Curative Services"}, "facility": {"code": 17553}}, {"service": {"name": "Short Term FP"}, "facility": {"code": 17553}}, {"service": {"name": "Provider Initiated Counselling and Testing"}, "facility": {"code": 17553}}, {"service": {"name": "Voluntary Counselling and Testing"}, "facility": {"code": 17553}}, {"service": {"name": "Management of STIs"}, "facility": {"code": 17553}}, {"service": {"name": "Condom Promotion and Distribution"}, "facility": {"code": 17553}}, {"service": {"name": "Curative Services"}, "facility": {"code": 17552}}, {"service": {"name": "Surgical Services"}, "facility": {"code": 11915}}, {"service": {"name": "Maternity Services"}, "facility": {"code": 17114}}, {"service": {"name": "Nutrition Services"}, "facility": {"code": 12913}}, {"service": {"name": "Laboratory Services"}, "facility": {"code": 12913}}, {"service": {"name": "Curative Services"}, "facility": {"code": 12913}}, {"service": {"name": "Basic Immunization"}, "facility": {"code": 12913}}, {"service": {"name": "Focused Antenatal Care"}, "facility": {"code": 12913}}, {"service": {"name": "Integrated Services"}, "facility": {"code": 12913}}, {"service": {"name": "Short Term FP"}, "facility": {"code": 12913}}, {"service": {"name": "PMTCT - ANC"}, "facility": {"code": 12913}}, {"service": {"name": "Diagnostic Counselling and Testing"}, "facility": {"code": 12913}}, {"service": {"name": "Voluntary Counselling and Testing"}, "facility": {"code": 12913}}, {"service": {"name": "Management of STIs"}, "facility": {"code": 12913}}, {"service": {"name": "Condom Promotion and Distribution"}, "facility": {"code": 12913}}, {"service": {"name": "Laboratory Services"}, "facility": {"code": 13251}}, {"service": {"name": "Curative Services"}, "facility": {"code": 13251}}, {"service": {"name": "Smear Microscopy"}, "facility": {"code": 13251}}, {"service": {"name": "Focused Antenatal Care"}, "facility": {"code": 13251}}, {"service": {"name": "Basic Immunization"}, "facility": {"code": 13251}}, {"service": {"name": "Condom Promotion and Distribution"}, "facility": {"code": 13251}}, {"service": {"name": "Nutrition Services"}, "facility": {"code": 17548}}, {"service": {"name": "Laboratory Services"}, "facility": {"code": 17548}}, {"service": {"name": "Curative Services"}, "facility": {"code": 17548}}, {"service": {"name": "First Line Treatment"}, "facility": {"code": 17548}}, {"service": {"name": "Smear Microscopy"}, "facility": {"code": 17548}}, {"service": {"name": "Basic Immunization"}, "facility": {"code": 17548}}, {"service": {"name": "Focused Antenatal Care"}, "facility": {"code": 17548}}, {"service": {"name": "Integrated Services"}, "facility": {"code": 17548}}, {"service": {"name": "Adult Antiretroviral Therapy"}, "facility": {"code": 17548}}, {"service": {"name": "Home Based Care"}, "facility": {"code": 17548}}, {"service": {"name": "Paediatric Antiretroviral Therapy"}, "facility": {"code": 17548}}, {"service": {"name": "Voluntary Male Circumcision"}, "facility": {"code": 17548}}, {"service": {"name": "PMTCT - ANC"}, "facility": {"code": 17548}}, {"service": {"name": "Diagnostic Counselling and Testing"}, "facility": {"code": 17548}}, {"service": {"name": "Provider Initiated Counselling and Testing"}, "facility": {"code": 17548}}, {"service": {"name": "Voluntary Counselling and Testing"}, "facility": {"code": 17548}}, {"service": {"name": "Management of STIs"}, "facility": {"code": 17548}}, {"service": {"name": "Curative Services"}, "facility": {"code": 17545}}, {"service": {"name": "Immunization with additional vaccines"}, "facility": {"code": 17545}}, {"service": {"name": "Basic Immunization"}, "facility": {"code": 17545}}, {"service": {"name": "Long Term FP"}, "facility": {"code": 17545}}, {"service": {"name": "Short Term FP"}, "facility": {"code": 17545}}, {"service": {"name": "PMTCT - ANC"}, "facility": {"code": 17545}}, {"service": {"name": "Provider Initiated Counselling and Testing"}, "facility": {"code": 17545}}, {"service": {"name": "Management of STIs"}, "facility": {"code": 17545}}, {"service": {"name": "Condom Promotion and Distribution"}, "facility": {"code": 17545}}, {"service": {"name": "Provider Initiated Counselling and Testing"}, "facility": {"code": 17539}}, {"service": {"name": "Voluntary Counselling and Testing"}, "facility": {"code": 17539}}, {"service": {"name": "Management of STIs"}, "facility": {"code": 17539}}, {"service": {"name": "Condom Promotion and Distribution"}, "facility": {"code": 17539}}, {"service": {"name": "MDRTB Treatment"}, "facility": {"code": 12530}}, {"service": {"name": "First Line Treatment"}, "facility": {"code": 12530}}, {"service": {"name": "Smear Microscopy"}, "facility": {"code": 12530}}, {"service": {"name": "Basic Immunization"}, "facility": {"code": 12530}}, {"service": {"name": "Basic Immunization"}, "facility": {"code": 12370}}, {"service": {"name": "Curative Services"}, "facility": {"code": 12370}}, {"service": {"name": "Long Term FP"}, "facility": {"code": 12370}}, {"service": {"name": "Short Term FP"}, "facility": {"code": 12370}}, {"service": {"name": "PMTCT - ANC"}, "facility": {"code": 12370}}, {"service": {"name": "Provider Initiated Counselling and Testing"}, "facility": {"code": 12370}}, {"service": {"name": "Condom Promotion and Distribution"}, "facility": {"code": 12370}}, {"service": {"name": "MDRTB Treatment"}, "facility": {"code": 12257}}, {"service": {"name": "First Line Treatment"}, "facility": {"code": 12257}}, {"service": {"name": "Smear Microscopy"}, "facility": {"code": 12257}}, {"service": {"name": "Basic Immunization"}, "facility": {"code": 12257}}, {"service": {"name": "Integrated Management of Childhood Illnesses"}, "facility": {"code": 12257}}, {"service": {"name": "Laboratory Services"}, "facility": {"code": 12257}}, {"service": {"name": "Maternity Services"}, "facility": {"code": 12257}}, {"service": {"name": "Curative Services"}, "facility": {"code": 12257}}, {"service": {"name": "Long Term FP"}, "facility": {"code": 12257}}, {"service": {"name": "Short Term FP"}, "facility": {"code": 12257}}, {"service": {"name": "Adult Antiretroviral Therapy"}, "facility": {"code": 12257}}, {"service": {"name": "Paediatric Antiretroviral Therapy"}, "facility": {"code": 12257}}, {"service": {"name": "Post Exposure Prophylaxis"}, "facility": {"code": 12257}}, {"service": {"name": "PMTCT - Maternity"}, "facility": {"code": 12257}}, {"service": {"name": "PMTCT - ANC"}, "facility": {"code": 12257}}, {"service": {"name": "Early Infant Diagnosis"}, "facility": {"code": 12257}}, {"service": {"name": "Provider Initiated Counselling and Testing"}, "facility": {"code": 12257}}, {"service": {"name": "Management of STIs"}, "facility": {"code": 12257}}, {"service": {"name": "Condom Promotion and Distribution"}, "facility": {"code": 12257}}, {"service": {"name": "First Line Treatment"}, "facility": {"code": 12538}}, {"service": {"name": "Curative Services"}, "facility": {"code": 12538}}, {"service": {"name": "Short Term FP"}, "facility": {"code": 12538}}, {"service": {"name": "Post Exposure Prophylaxis"}, "facility": {"code": 12538}}, {"service": {"name": "PMTCT - ANC"}, "facility": {"code": 12538}}, {"service": {"name": "Diagnostic Counselling and Testing"}, "facility": {"code": 12538}}, {"service": {"name": "Provider Initiated Counselling and Testing"}, "facility": {"code": 12538}}, {"service": {"name": "Management of STIs"}, "facility": {"code": 12538}}, {"service": {"name": "Condom Promotion and Distribution"}, "facility": {"code": 12538}}, {"service": {"name": "Curative Services"}, "facility": {"code": 12732}}, {"service": {"name": "Voluntary Male Circumcision"}, "facility": {"code": 12732}}, {"service": {"name": "Provider Initiated Counselling and Testing"}, "facility": {"code": 12732}}, {"service": {"name": "Management of STIs"}, "facility": {"code": 12732}}, {"service": {"name": "First Line Treatment"}, "facility": {"code": 12653}}, {"service": {"name": "Basic Immunization"}, "facility": {"code": 12653}}, {"service": {"name": "Focused Antenatal Care"}, "facility": {"code": 12653}}, {"service": {"name": "Short Term FP"}, "facility": {"code": 12653}}, {"service": {"name": "Post Exposure Prophylaxis"}, "facility": {"code": 12653}}, {"service": {"name": "PMTCT - ANC"}, "facility": {"code": 12653}}, {"service": {"name": "Diagnostic Counselling and Testing"}, "facility": {"code": 12653}}, {"service": {"name": "Provider Initiated Counselling and Testing"}, "facility": {"code": 12653}}, {"service": {"name": "Voluntary Counselling and Testing"}, "facility": {"code": 12653}}, {"service": {"name": "Management of STIs"}, "facility": {"code": 12653}}, {"service": {"name": "Condom Promotion and Distribution"}, "facility": {"code": 12653}}, {"service": {"name": "First Line Treatment"}, "facility": {"code": 12796}}, {"service": {"name": "Immunization with additional vaccines"}, "facility": {"code": 12796}}, {"service": {"name": "Basic Immunization"}, "facility": {"code": 12796}}, {"service": {"name": "Integrated Management of Childhood Illnesses"}, "facility": {"code": 12796}}, {"service": {"name": "Surgical Services"}, "facility": {"code": 12796}}, {"service": {"name": "Maternity Services"}, "facility": {"code": 12796}}, {"service": {"name": "Curative Services"}, "facility": {"code": 12796}}, {"service": {"name": "Long Term FP"}, "facility": {"code": 12796}}, {"service": {"name": "Short Term FP"}, "facility": {"code": 12796}}, {"service": {"name": "PMTCT - Maternity"}, "facility": {"code": 12796}}, {"service": {"name": "PMTCT - ANC"}, "facility": {"code": 12796}}, {"service": {"name": "Early Infant Diagnosis"}, "facility": {"code": 12796}}, {"service": {"name": "Diagnostic Counselling and Testing"}, "facility": {"code": 12796}}, {"service": {"name": "Provider Initiated Counselling and Testing"}, "facility": {"code": 12796}}, {"service": {"name": "Management of STIs"}, "facility": {"code": 12796}}, {"service": {"name": "Condom Promotion and Distribution"}, "facility": {"code": 12796}}, {"service": {"name": "Environmental Health Services"}, "facility": {"code": 12230}}, {"service": {"name": "Rehabilitative Health Services - Physiotherapy"}, "facility": {"code": 12230}}, {"service": {"name": "Opthalmic Services"}, "facility": {"code": 12230}}, {"service": {"name": "First Line Treatment"}, "facility": {"code": 12230}}, {"service": {"name": "Tuberculosis Culture"}, "facility": {"code": 12230}}, {"service": {"name": "Smear Microscopy"}, "facility": {"code": 12230}}, {"service": {"name": "Immunization with additional vaccines"}, "facility": {"code": 12230}}, {"service": {"name": "Basic Immunization"}, "facility": {"code": 12230}}, {"service": {"name": "Nutrition Services"}, "facility": {"code": 12230}}, {"service": {"name": "Integrated Management of Childhood Illnesses"}, "facility": {"code": 12230}}, {"service": {"name": "Ambulance Sevices"}, "facility": {"code": 12230}}, {"service": {"name": "Laboratory Services"}, "facility": {"code": 12230}}, {"service": {"name": "Radiology Services"}, "facility": {"code": 12230}}, {"service": {"name": "Surgical Services"}, "facility": {"code": 12230}}, {"service": {"name": "Maternity Services"}, "facility": {"code": 12230}}, {"service": {"name": "Curative Services"}, "facility": {"code": 12230}}, {"service": {"name": "Mortuary Services"}, "facility": {"code": 12230}}, {"service": {"name": "Facility Based Blood Transfusion Service"}, "facility": {"code": 12230}}, {"service": {"name": "Long Term FP"}, "facility": {"code": 12230}}, {"service": {"name": "Short Term FP"}, "facility": {"code": 12230}}, {"service": {"name": "Adult Antiretroviral Therapy"}, "facility": {"code": 12230}}, {"service": {"name": "Paediatric Antiretroviral Therapy"}, "facility": {"code": 12230}}, {"service": {"name": "Post Exposure Prophylaxis"}, "facility": {"code": 12230}}, {"service": {"name": "PMTCT - Maternity"}, "facility": {"code": 12230}}, {"service": {"name": "PMTCT - ANC"}, "facility": {"code": 12230}}, {"service": {"name": "Early Infant Diagnosis"}, "facility": {"code": 12230}}, {"service": {"name": "Diagnostic Counselling and Testing"}, "facility": {"code": 12230}}, {"service": {"name": "Provider Initiated Counselling and Testing"}, "facility": {"code": 12230}}, {"service": {"name": "Voluntary Counselling and Testing"}, "facility": {"code": 12230}}, {"service": {"name": "PMTCT - ANC"}, "facility": {"code": 12530}}, {"service": {"name": "Early Infant Diagnosis"}, "facility": {"code": 12530}}, {"service": {"name": "Laboratory Services"}, "facility": {"code": 12530}}, {"service": {"name": "Maternity Services"}, "facility": {"code": 12530}}, {"service": {"name": "Curative Services"}, "facility": {"code": 12530}}, {"service": {"name": "Long Term FP"}, "facility": {"code": 12530}}, {"service": {"name": "Short Term FP"}, "facility": {"code": 12530}}, {"service": {"name": "Adult Antiretroviral Therapy"}, "facility": {"code": 12530}}, {"service": {"name": "Paediatric Antiretroviral Therapy"}, "facility": {"code": 12530}}, {"service": {"name": "Post Exposure Prophylaxis"}, "facility": {"code": 12530}}, {"service": {"name": "PMTCT - Maternity"}, "facility": {"code": 12530}}, {"service": {"name": "Diagnostic Counselling and Testing"}, "facility": {"code": 12530}}, {"service": {"name": "Provider Initiated Counselling and Testing"}, "facility": {"code": 12530}}, {"service": {"name": "Voluntary Counselling and Testing"}, "facility": {"code": 12530}}, {"service": {"name": "Management of STIs"}, "facility": {"code": 12530}}, {"service": {"name": "Condom Promotion and Distribution"}, "facility": {"code": 12530}}, {"service": {"name": "Emergency Obstetric Care"}, "facility": {"code": 17537}}, {"service": {"name": "Nutrition Services"}, "facility": {"code": 17537}}, {"service": {"name": "Laboratory Services"}, "facility": {"code": 17537}}, {"service": {"name": "Surgical Services"}, "facility": {"code": 17537}}, {"service": {"name": "Maternity Services"}, "facility": {"code": 17537}}, {"service": {"name": "Curative Services"}, "facility": {"code": 17537}}, {"service": {"name": "Short Term FP"}, "facility": {"code": 17537}}, {"service": {"name": "Diagnostic Counselling and Testing"}, "facility": {"code": 17537}}, {"service": {"name": "Provider Initiated Counselling and Testing"}, "facility": {"code": 17537}}, {"service": {"name": "Management of STIs"}, "facility": {"code": 17537}}, {"service": {"name": "Emergency Obstetric Care"}, "facility": {"code": 17536}}, {"service": {"name": "Environmental Health Services"}, "facility": {"code": 17536}}, {"service": {"name": "Curative Services"}, "facility": {"code": 17536}}, {"service": {"name": "Short Term FP"}, "facility": {"code": 17536}}, {"service": {"name": "Post Exposure Prophylaxis"}, "facility": {"code": 17536}}, {"service": {"name": "Early Infant Diagnosis"}, "facility": {"code": 17536}}, {"service": {"name": "Management of STIs"}, "facility": {"code": 17536}}, {"service": {"name": "Condom Promotion and Distribution"}, "facility": {"code": 17536}}, {"service": {"name": "Environmental Health Services"}, "facility": {"code": 17535}}, {"service": {"name": "Oral Health Services (Dental Services)"}, "facility": {"code": 17535}}, {"service": {"name": "Emergency Obstetric Care"}, "facility": {"code": 17535}}, {"service": {"name": "Curative Services"}, "facility": {"code": 17535}}, {"service": {"name": "Basic Immunization"}, "facility": {"code": 17535}}, {"service": {"name": "Short Term FP"}, "facility": {"code": 17535}}, {"service": {"name": "Early Infant Diagnosis"}, "facility": {"code": 17535}}, {"service": {"name": "Post Exposure Prophylaxis"}, "facility": {"code": 17535}}, {"service": {"name": "Management of STIs"}, "facility": {"code": 17535}}, {"service": {"name": "Condom Promotion and Distribution"}, "facility": {"code": 17535}}, {"service": {"name": "Curative Services"}, "facility": {"code": 17534}}, {"service": {"name": "Integrated Services"}, "facility": {"code": 17534}}, {"service": {"name": "Short Term FP"}, "facility": {"code": 17534}}, {"service": {"name": "Management of STIs"}, "facility": {"code": 17534}}, {"service": {"name": "Condom Promotion and Distribution"}, "facility": {"code": 17534}}, {"service": {"name": "Oral Health Services (Dental Services)"}, "facility": {"code": 17533}}, {"service": {"name": "Emergency Obstetric Care"}, "facility": {"code": 17533}}, {"service": {"name": "Environmental Health Services"}, "facility": {"code": 17533}}, {"service": {"name": "Maternity Services"}, "facility": {"code": 17533}}, {"service": {"name": "Curative Services"}, "facility": {"code": 17533}}, {"service": {"name": "Basic Immunization"}, "facility": {"code": 17533}}, {"service": {"name": "Long Term FP"}, "facility": {"code": 17533}}, {"service": {"name": "Short Term FP"}, "facility": {"code": 17533}}, {"service": {"name": "PMTCT - Maternity"}, "facility": {"code": 17533}}, {"service": {"name": "PMTCT - ANC"}, "facility": {"code": 17533}}, {"service": {"name": "Post Exposure Prophylaxis"}, "facility": {"code": 17533}}, {"service": {"name": "Early Infant Diagnosis"}, "facility": {"code": 17533}}, {"service": {"name": "Provider Initiated Counselling and Testing"}, "facility": {"code": 17533}}, {"service": {"name": "Management of STIs"}, "facility": {"code": 17533}}, {"service": {"name": "Condom Promotion and Distribution"}, "facility": {"code": 17533}}, {"service": {"name": "Oral Health Services (Dental Services)"}, "facility": {"code": 17532}}, {"service": {"name": "Emergency Obstetric Care"}, "facility": {"code": 17532}}, {"service": {"name": "Environmental Health Services"}, "facility": {"code": 17532}}, {"service": {"name": "Curative Services"}, "facility": {"code": 17532}}, {"service": {"name": "Basic Immunization"}, "facility": {"code": 17532}}, {"service": {"name": "Paediatric Antiretroviral Therapy"}, "facility": {"code": 17532}}, {"service": {"name": "Post Exposure Prophylaxis"}, "facility": {"code": 17532}}, {"service": {"name": "Provider Initiated Counselling and Testing"}, "facility": {"code": 17532}}, {"service": {"name": "Management of STIs"}, "facility": {"code": 17532}}, {"service": {"name": "Condom Promotion and Distribution"}, "facility": {"code": 17532}}, {"service": {"name": "Oral Health Services (Dental Services)"}, "facility": {"code": 17531}}, {"service": {"name": "Emergency Obstetric Care"}, "facility": {"code": 17531}}, {"service": {"name": "Curative Services"}, "facility": {"code": 17531}}, {"service": {"name": "Basic Immunization"}, "facility": {"code": 17531}}, {"service": {"name": "Short Term FP"}, "facility": {"code": 17531}}, {"service": {"name": "Post Exposure Prophylaxis"}, "facility": {"code": 17531}}, {"service": {"name": "PMTCT - ANC"}, "facility": {"code": 17531}}, {"service": {"name": "Provider Initiated Counselling and Testing"}, "facility": {"code": 17531}}, {"service": {"name": "Management of STIs"}, "facility": {"code": 17531}}, {"service": {"name": "Condom Promotion and Distribution"}, "facility": {"code": 17531}}, {"service": {"name": "Oral Health Services (Dental Services)"}, "facility": {"code": 17529}}, {"service": {"name": "Emergency Obstetric Care"}, "facility": {"code": 17529}}, {"service": {"name": "Maternity Services"}, "facility": {"code": 17529}}, {"service": {"name": "Curative Services"}, "facility": {"code": 17529}}, {"service": {"name": "Basic Immunization"}, "facility": {"code": 17529}}, {"service": {"name": "Management of STIs"}, "facility": {"code": 17529}}, {"service": {"name": "Condom Promotion and Distribution"}, "facility": {"code": 17529}}, {"service": {"name": "Emergency Obstetric Care"}, "facility": {"code": 11282}}, {"service": {"name": "Nutrition Services"}, "facility": {"code": 11282}}, {"service": {"name": "Integrated Management of Childhood Illnesses"}, "facility": {"code": 11282}}, {"service": {"name": "Laboratory Services"}, "facility": {"code": 11282}}, {"service": {"name": "Surgical Services"}, "facility": {"code": 11282}}, {"service": {"name": "Maternity Services"}, "facility": {"code": 11282}}, {"service": {"name": "Curative Services"}, "facility": {"code": 11282}}, {"service": {"name": "First Line Treatment"}, "facility": {"code": 11282}}, {"service": {"name": "Smear Microscopy"}, "facility": {"code": 11282}}, {"service": {"name": "Basic Immunization"}, "facility": {"code": 11282}}, {"service": {"name": "Adult Antiretroviral Therapy"}, "facility": {"code": 11282}}, {"service": {"name": "Paediatric Antiretroviral Therapy"}, "facility": {"code": 11282}}, {"service": {"name": "Post Exposure Prophylaxis"}, "facility": {"code": 11282}}, {"service": {"name": "PMTCT - Maternity"}, "facility": {"code": 11282}}, {"service": {"name": "PMTCT - ANC"}, "facility": {"code": 11282}}, {"service": {"name": "Early Infant Diagnosis"}, "facility": {"code": 11282}}, {"service": {"name": "Diagnostic Counselling and Testing"}, "facility": {"code": 11282}}, {"service": {"name": "Provider Initiated Counselling and Testing"}, "facility": {"code": 11282}}, {"service": {"name": "Management of STIs"}, "facility": {"code": 11282}}, {"service": {"name": "Condom Promotion and Distribution"}, "facility": {"code": 11282}}, {"service": {"name": "Curative Services"}, "facility": {"code": 17528}}, {"service": {"name": "Basic Immunization"}, "facility": {"code": 17528}}, {"service": {"name": "Focused Antenatal Care"}, "facility": {"code": 17528}}, {"service": {"name": "Voluntary Counselling and Testing"}, "facility": {"code": 17528}}, {"service": {"name": "Short Term FP"}, "facility": {"code": 17528}}, {"service": {"name": "Early Infant Diagnosis"}, "facility": {"code": 17528}}, {"service": {"name": "Management of STIs"}, "facility": {"code": 17528}}, {"service": {"name": "Condom Promotion and Distribution"}, "facility": {"code": 17528}}, {"service": {"name": "Emergency Obstetric Care"}, "facility": {"code": 17527}}, {"service": {"name": "Curative Services"}, "facility": {"code": 17527}}, {"service": {"name": "Basic Immunization"}, "facility": {"code": 17527}}, {"service": {"name": "Short Term FP"}, "facility": {"code": 17527}}, {"service": {"name": "Post Exposure Prophylaxis"}, "facility": {"code": 17527}}, {"service": {"name": "PMTCT - ANC"}, "facility": {"code": 17527}}, {"service": {"name": "Early Infant Diagnosis"}, "facility": {"code": 17527}}, {"service": {"name": "Provider Initiated Counselling and Testing"}, "facility": {"code": 17527}}, {"service": {"name": "Condom Promotion and Distribution"}, "facility": {"code": 17527}}, {"service": {"name": "Oral Health Services (Dental Services)"}, "facility": {"code": 17524}}, {"service": {"name": "Emergency Obstetric Care"}, "facility": {"code": 17524}}, {"service": {"name": "Curative Services"}, "facility": {"code": 17524}}, {"service": {"name": "Focused Antenatal Care"}, "facility": {"code": 17524}}, {"service": {"name": "Short Term FP"}, "facility": {"code": 17524}}, {"service": {"name": "Management of STIs"}, "facility": {"code": 17524}}, {"service": {"name": "Condom Promotion and Distribution"}, "facility": {"code": 17524}}], "unique_fields": ["facility", "service"], "model": "facilities.FacilityService"}]