[{"records": [{"service": {"name": "Environmental Health Services"}, "facility": {"code": 17431}}, {"service": {"name": "Rehabilitative Health Services - Physiotherapy"}, "facility": {"code": 17431}}, {"service": {"name": "Services for Sexual Violence Survivors"}, "facility": {"code": 17431}}, {"service": {"name": "Mental Health Services"}, "facility": {"code": 17431}}, {"service": {"name": "Opthalmic Services"}, "facility": {"code": 17431}}, {"service": {"name": "Nutrition Services"}, "facility": {"code": 17431}}, {"service": {"name": "Integrated Management of Childhood Illnesses"}, "facility": {"code": 17431}}, {"service": {"name": "Laboratory Services"}, "facility": {"code": 17431}}, {"service": {"name": "Maternity Services"}, "facility": {"code": 17431}}, {"service": {"name": "Curative Services"}, "facility": {"code": 17431}}, {"service": {"name": "First Line Treatment"}, "facility": {"code": 17431}}, {"service": {"name": "Smear Microscopy"}, "facility": {"code": 17431}}, {"service": {"name": "Basic Immunization"}, "facility": {"code": 17431}}, {"service": {"name": "Specialized ANC"}, "facility": {"code": 17431}}, {"service": {"name": "Integrated Services"}, "facility": {"code": 17431}}, {"service": {"name": "Focused Antenatal Care"}, "facility": {"code": 17431}}, {"service": {"name": "Long Term FP"}, "facility": {"code": 17431}}, {"service": {"name": "Short Term FP"}, "facility": {"code": 17431}}, {"service": {"name": "Post Exposure Prophylaxis"}, "facility": {"code": 17431}}, {"service": {"name": "Voluntary Male Circumcision"}, "facility": {"code": 17431}}, {"service": {"name": "PMTCT - Maternity"}, "facility": {"code": 17431}}, {"service": {"name": "PMTCT - ANC"}, "facility": {"code": 17431}}, {"service": {"name": "Early Infant Diagnosis"}, "facility": {"code": 17431}}, {"service": {"name": "Diagnostic Counselling and Testing"}, "facility": {"code": 17431}}, {"service": {"name": "Provider Initiated Counselling and Testing"}, "facility": {"code": 17431}}, {"service": {"name": "Voluntary Counselling and Testing"}, "facility": {"code": 17431}}, {"service": {"name": "Management of STIs"}, "facility": {"code": 17431}}, {"service": {"name": "Condom Promotion and Distribution"}, "facility": {"code": 17431}}, {"service": {"name": "Emergency Obstetric Care"}, "facility": {"code": 12197}}, {"service": {"name": "Nutrition Services"}, "facility": {"code": 12197}}, {"service": {"name": "Integrated Management of Childhood Illnesses"}, "facility": {"code": 12197}}, {"service": {"name": "Maternity Services"}, "facility": {"code": 12197}}, {"service": {"name": "Curative Services"}, "facility": {"code": 12197}}, {"service": {"name": "Basic Immunization"}, "facility": {"code": 12197}}, {"service": {"name": "Focused Antenatal Care"}, "facility": {"code": 12197}}, {"service": {"name": "Integrated Services"}, "facility": {"code": 12197}}, {"service": {"name": "PMTCT - Maternity"}, "facility": {"code": 12197}}, {"service": {"name": "PMTCT - ANC"}, "facility": {"code": 12197}}, {"service": {"name": "Diagnostic Counselling and Testing"}, "facility": {"code": 12197}}, {"service": {"name": "Provider Initiated Counselling and Testing"}, "facility": {"code": 12197}}, {"service": {"name": "Voluntary Counselling and Testing"}, "facility": {"code": 12197}}, {"service": {"name": "Management of STIs"}, "facility": {"code": 12197}}, {"service": {"name": "Condom Promotion and Distribution"}, "facility": {"code": 12197}}, {"service": {"name": "Emergency Preparedness"}, "facility": {"code": 17430}}, {"service": {"name": "ENT Services"}, "facility": {"code": 17430}}, {"service": {"name": "Oral Health Services (Dental Services)"}, "facility": {"code": 17430}}, {"service": {"name": "Emergency Obstetric Care"}, "facility": {"code": 17430}}, {"service": {"name": "Nutrition Services"}, "facility": {"code": 17430}}, {"service": {"name": "Integrated Management of Childhood Illnesses"}, "facility": {"code": 17430}}, {"service": {"name": "Maternity Services"}, "facility": {"code": 17430}}, {"service": {"name": "Curative Services"}, "facility": {"code": 17430}}, {"service": {"name": "Emergency Obstetric Care"}, "facility": {"code": 11986}}, {"service": {"name": "Nutrition Services"}, "facility": {"code": 11986}}, {"service": {"name": "Basic Immunization"}, "facility": {"code": 17430}}, {"service": {"name": "Specialized ANC"}, "facility": {"code": 17430}}, {"service": {"name": "Laboratory Services"}, "facility": {"code": 11986}}, {"service": {"name": "Maternity Services"}, "facility": {"code": 11986}}, {"service": {"name": "Curative Services"}, "facility": {"code": 11986}}, {"service": {"name": "Focused Antenatal Care"}, "facility": {"code": 17430}}, {"service": {"name": "Long Term FP"}, "facility": {"code": 17430}}, {"service": {"name": "Basic Immunization"}, "facility": {"code": 11986}}, {"service": {"name": "Short Term FP"}, "facility": {"code": 17430}}, {"service": {"name": "Focused Antenatal Care"}, "facility": {"code": 11986}}, {"service": {"name": "Integrated Services"}, "facility": {"code": 11986}}, {"service": {"name": "Post Exposure Prophylaxis"}, "facility": {"code": 17430}}, {"service": {"name": "Voluntary Male Circumcision"}, "facility": {"code": 17430}}, {"service": {"name": "PMTCT - Maternity"}, "facility": {"code": 17430}}, {"service": {"name": "Voluntary Male Circumcision"}, "facility": {"code": 11986}}, {"service": {"name": "PMTCT - Maternity"}, "facility": {"code": 11986}}, {"service": {"name": "PMTCT - ANC"}, "facility": {"code": 11986}}, {"service": {"name": "Diagnostic Counselling and Testing"}, "facility": {"code": 11986}}, {"service": {"name": "Provider Initiated Counselling and Testing"}, "facility": {"code": 11986}}, {"service": {"name": "Voluntary Counselling and Testing"}, "facility": {"code": 11986}}, {"service": {"name": "Management of STIs"}, "facility": {"code": 11986}}, {"service": {"name": "Condom Promotion and Distribution"}, "facility": {"code": 11986}}, {"service": {"name": "PMTCT - ANC"}, "facility": {"code": 17430}}, {"service": {"name": "Early Infant Diagnosis"}, "facility": {"code": 17430}}, {"service": {"name": "Diagnostic Counselling and Testing"}, "facility": {"code": 17430}}, {"service": {"name": "Provider Initiated Counselling and Testing"}, "facility": {"code": 17430}}, {"service": {"name": "Management of STIs"}, "facility": {"code": 17430}}, {"service": {"name": "Condom Promotion and Distribution"}, "facility": {"code": 17430}}, {"service": {"name": "Emergency Obstetric Care"}, "facility": {"code": 12053}}, {"service": {"name": "Nutrition Services"}, "facility": {"code": 12053}}, {"service": {"name": "Surgical Services"}, "facility": {"code": 12053}}, {"service": {"name": "Maternity Services"}, "facility": {"code": 12053}}, {"service": {"name": "Curative Services"}, "facility": {"code": 12053}}, {"service": {"name": "Basic Immunization"}, "facility": {"code": 12053}}, {"service": {"name": "Focused Antenatal Care"}, "facility": {"code": 12053}}, {"service": {"name": "Integrated Services"}, "facility": {"code": 12053}}, {"service": {"name": "Short Term FP"}, "facility": {"code": 12053}}, {"service": {"name": "PMTCT - Maternity"}, "facility": {"code": 12053}}, {"service": {"name": "Diagnostic Counselling and Testing"}, "facility": {"code": 12053}}, {"service": {"name": "Provider Initiated Counselling and Testing"}, "facility": {"code": 12053}}, {"service": {"name": "Voluntary Counselling and Testing"}, "facility": {"code": 12053}}, {"service": {"name": "Management of STIs"}, "facility": {"code": 12053}}, {"service": {"name": "Condom Promotion and Distribution"}, "facility": {"code": 12053}}, {"service": {"name": "Emergency Preparedness"}, "facility": {"code": 12312}}, {"service": {"name": "Emergency Obstetric Care"}, "facility": {"code": 12312}}, {"service": {"name": "Nutrition Services"}, "facility": {"code": 11940}}, {"service": {"name": "Integrated Management of Childhood Illnesses"}, "facility": {"code": 11940}}, {"service": {"name": "Maternity Services"}, "facility": {"code": 11940}}, {"service": {"name": "Environmental Health Services"}, "facility": {"code": 12312}}, {"service": {"name": "Curative Services"}, "facility": {"code": 11940}}, {"service": {"name": "Basic Immunization"}, "facility": {"code": 11940}}, {"service": {"name": "Focused Antenatal Care"}, "facility": {"code": 11940}}, {"service": {"name": "Integrated Services"}, "facility": {"code": 11940}}, {"service": {"name": "Short Term FP"}, "facility": {"code": 11940}}, {"service": {"name": "Services for Sexual Violence Survivors"}, "facility": {"code": 12312}}, {"service": {"name": "PMTCT - Maternity"}, "facility": {"code": 11940}}, {"service": {"name": "PMTCT - ANC"}, "facility": {"code": 11940}}, {"service": {"name": "Nutrition Services"}, "facility": {"code": 12312}}, {"service": {"name": "Provider Initiated Counselling and Testing"}, "facility": {"code": 11940}}, {"service": {"name": "Voluntary Counselling and Testing"}, "facility": {"code": 11940}}, {"service": {"name": "Integrated Management of Childhood Illnesses"}, "facility": {"code": 12312}}, {"service": {"name": "Diagnostic Counselling and Testing"}, "facility": {"code": 11940}}, {"service": {"name": "Management of STIs"}, "facility": {"code": 11940}}, {"service": {"name": "Condom Promotion and Distribution"}, "facility": {"code": 11940}}, {"service": {"name": "Surgical Services"}, "facility": {"code": 12312}}, {"service": {"name": "Maternity Services"}, "facility": {"code": 12312}}, {"service": {"name": "Curative Services"}, "facility": {"code": 12312}}, {"service": {"name": "First Line Treatment"}, "facility": {"code": 12312}}, {"service": {"name": "Immunization with additional vaccines"}, "facility": {"code": 12312}}, {"service": {"name": "Basic Immunization"}, "facility": {"code": 12312}}, {"service": {"name": "Focused Antenatal Care"}, "facility": {"code": 12312}}, {"service": {"name": "Integrated Services"}, "facility": {"code": 12312}}, {"service": {"name": "Long Term FP"}, "facility": {"code": 12312}}, {"service": {"name": "Short Term FP"}, "facility": {"code": 12312}}, {"service": {"name": "Post Exposure Prophylaxis"}, "facility": {"code": 12312}}, {"service": {"name": "Diagnostic Counselling and Testing"}, "facility": {"code": 12312}}, {"service": {"name": "Provider Initiated Counselling and Testing"}, "facility": {"code": 12312}}, {"service": {"name": "Voluntary Counselling and Testing"}, "facility": {"code": 12312}}, {"service": {"name": "Management of STIs"}, "facility": {"code": 12312}}, {"service": {"name": "Condom Promotion and Distribution"}, "facility": {"code": 12312}}, {"service": {"name": "ENT Services"}, "facility": {"code": 12472}}, {"service": {"name": "Emergency Obstetric Care"}, "facility": {"code": 12472}}, {"service": {"name": "Environmental Health Services"}, "facility": {"code": 12472}}, {"service": {"name": "Rehabilitative Health Services - Physiotherapy"}, "facility": {"code": 12472}}, {"service": {"name": "Opthalmic Services"}, "facility": {"code": 12472}}, {"service": {"name": "Nutrition Services"}, "facility": {"code": 12472}}, {"service": {"name": "Integrated Management of Childhood Illnesses"}, "facility": {"code": 12472}}, {"service": {"name": "Ambulance Sevices"}, "facility": {"code": 12472}}, {"service": {"name": "Laboratory Services"}, "facility": {"code": 12472}}, {"service": {"name": "Surgical Services"}, "facility": {"code": 12472}}, {"service": {"name": "Maternity Services"}, "facility": {"code": 12472}}, {"service": {"name": "Curative Services"}, "facility": {"code": 12472}}, {"service": {"name": "Mortuary Services"}, "facility": {"code": 12472}}, {"service": {"name": "Facility Based Blood Transfusion Service"}, "facility": {"code": 12472}}, {"service": {"name": "First Line Treatment"}, "facility": {"code": 12472}}, {"service": {"name": "Smear Microscopy"}, "facility": {"code": 12472}}, {"service": {"name": "Basic Immunization"}, "facility": {"code": 12472}}, {"service": {"name": "Focused Antenatal Care"}, "facility": {"code": 12472}}, {"service": {"name": "Integrated Services"}, "facility": {"code": 12472}}, {"service": {"name": "Permanent FP"}, "facility": {"code": 12472}}, {"service": {"name": "Long Term FP"}, "facility": {"code": 12472}}, {"service": {"name": "Short Term FP"}, "facility": {"code": 12472}}, {"service": {"name": "Home Based Care"}, "facility": {"code": 12472}}, {"service": {"name": "Adult Antiretroviral Therapy"}, "facility": {"code": 12472}}, {"service": {"name": "Paediatric Antiretroviral Therapy"}, "facility": {"code": 12472}}, {"service": {"name": "Post Exposure Prophylaxis"}, "facility": {"code": 12472}}, {"service": {"name": "PMTCT - Maternity"}, "facility": {"code": 12472}}, {"service": {"name": "PMTCT - ANC"}, "facility": {"code": 12472}}, {"service": {"name": "Early Infant Diagnosis"}, "facility": {"code": 12472}}, {"service": {"name": "Diagnostic Counselling and Testing"}, "facility": {"code": 12472}}, {"service": {"name": "Provider Initiated Counselling and Testing"}, "facility": {"code": 12472}}, {"service": {"name": "Voluntary Counselling and Testing"}, "facility": {"code": 12472}}, {"service": {"name": "Management of STIs"}, "facility": {"code": 12472}}, {"service": {"name": "Condom Promotion and Distribution"}, "facility": {"code": 12472}}, {"service": {"name": "Basic Immunization"}, "facility": {"code": 16205}}, {"service": {"name": "Focused Antenatal Care"}, "facility": {"code": 16205}}, {"service": {"name": "Emergency Preparedness"}, "facility": {"code": 12308}}, {"service": {"name": "Integrated Services"}, "facility": {"code": 16205}}, {"service": {"name": "Emergency Obstetric Care"}, "facility": {"code": 12308}}, {"service": {"name": "Short Term FP"}, "facility": {"code": 16205}}, {"service": {"name": "Environmental Health Services"}, "facility": {"code": 12308}}, {"service": {"name": "Post Exposure Prophylaxis"}, "facility": {"code": 16205}}, {"service": {"name": "PMTCT - Maternity"}, "facility": {"code": 16205}}, {"service": {"name": "Services for Sexual Violence Survivors"}, "facility": {"code": 12308}}, {"service": {"name": "Provider Initiated Counselling and Testing"}, "facility": {"code": 16205}}, {"service": {"name": "PMTCT - ANC"}, "facility": {"code": 16205}}, {"service": {"name": "Diagnostic Counselling and Testing"}, "facility": {"code": 16205}}, {"service": {"name": "Voluntary Counselling and Testing"}, "facility": {"code": 16205}}, {"service": {"name": "Nutrition Services"}, "facility": {"code": 12308}}, {"service": {"name": "Management of STIs"}, "facility": {"code": 16205}}, {"service": {"name": "Condom Promotion and Distribution"}, "facility": {"code": 16205}}, {"service": {"name": "Integrated Management of Childhood Illnesses"}, "facility": {"code": 12308}}, {"service": {"name": "Laboratory Services"}, "facility": {"code": 12308}}, {"service": {"name": "Surgical Services"}, "facility": {"code": 12308}}, {"service": {"name": "Maternity Services"}, "facility": {"code": 12308}}, {"service": {"name": "Curative Services"}, "facility": {"code": 12308}}, {"service": {"name": "First Line Treatment"}, "facility": {"code": 12308}}, {"service": {"name": "Smear Microscopy"}, "facility": {"code": 12308}}, {"service": {"name": "Immunization with additional vaccines"}, "facility": {"code": 12308}}, {"service": {"name": "Basic Immunization"}, "facility": {"code": 12308}}, {"service": {"name": "Focused Antenatal Care"}, "facility": {"code": 12308}}, {"service": {"name": "Integrated Services"}, "facility": {"code": 12308}}, {"service": {"name": "Long Term FP"}, "facility": {"code": 12308}}, {"service": {"name": "Short Term FP"}, "facility": {"code": 12308}}, {"service": {"name": "Adult Antiretroviral Therapy"}, "facility": {"code": 12308}}, {"service": {"name": "Paediatric Antiretroviral Therapy"}, "facility": {"code": 12308}}, {"service": {"name": "Post Exposure Prophylaxis"}, "facility": {"code": 12308}}, {"service": {"name": "Voluntary Male Circumcision"}, "facility": {"code": 12308}}, {"service": {"name": "PMTCT - Maternity"}, "facility": {"code": 12308}}, {"service": {"name": "PMTCT - ANC"}, "facility": {"code": 12308}}, {"service": {"name": "Early Infant Diagnosis"}, "facility": {"code": 12308}}, {"service": {"name": "Diagnostic Counselling and Testing"}, "facility": {"code": 12308}}, {"service": {"name": "Provider Initiated Counselling and Testing"}, "facility": {"code": 12308}}, {"service": {"name": "Voluntary Counselling and Testing"}, "facility": {"code": 12308}}, {"service": {"name": "Management of STIs"}, "facility": {"code": 12308}}, {"service": {"name": "Condom Promotion and Distribution"}, "facility": {"code": 12308}}, {"service": {"name": "Emergency Preparedness"}, "facility": {"code": 12478}}, {"service": {"name": "Emergency Obstetric Care"}, "facility": {"code": 12478}}, {"service": {"name": "Environmental Health Services"}, "facility": {"code": 12478}}, {"service": {"name": "Services for Sexual Violence Survivors"}, "facility": {"code": 12478}}, {"service": {"name": "Nutrition Services"}, "facility": {"code": 12478}}, {"service": {"name": "Integrated Management of Childhood Illnesses"}, "facility": {"code": 12478}}, {"service": {"name": "Surgical Services"}, "facility": {"code": 12478}}, {"service": {"name": "Maternity Services"}, "facility": {"code": 12478}}, {"service": {"name": "Curative Services"}, "facility": {"code": 12478}}, {"service": {"name": "First Line Treatment"}, "facility": {"code": 12478}}, {"service": {"name": "Immunization with additional vaccines"}, "facility": {"code": 12478}}, {"service": {"name": "Basic Immunization"}, "facility": {"code": 12478}}, {"service": {"name": "Focused Antenatal Care"}, "facility": {"code": 12478}}, {"service": {"name": "Integrated Services"}, "facility": {"code": 12478}}, {"service": {"name": "Long Term FP"}, "facility": {"code": 12478}}, {"service": {"name": "Short Term FP"}, "facility": {"code": 12478}}, {"service": {"name": "Post Exposure Prophylaxis"}, "facility": {"code": 12478}}, {"service": {"name": "Voluntary Male Circumcision"}, "facility": {"code": 12478}}, {"service": {"name": "PMTCT - Maternity"}, "facility": {"code": 12478}}, {"service": {"name": "PMTCT - ANC"}, "facility": {"code": 12478}}, {"service": {"name": "Early Infant Diagnosis"}, "facility": {"code": 12478}}, {"service": {"name": "Diagnostic Counselling and Testing"}, "facility": {"code": 12478}}, {"service": {"name": "Provider Initiated Counselling and Testing"}, "facility": {"code": 12478}}, {"service": {"name": "Voluntary Counselling and Testing"}, "facility": {"code": 12478}}, {"service": {"name": "Management of STIs"}, "facility": {"code": 12478}}, {"service": {"name": "Condom Promotion and Distribution"}, "facility": {"code": 12478}}, {"service": {"name": "Maternity Services"}, "facility": {"code": 15170}}, {"service": {"name": "Emergency Preparedness"}, "facility": {"code": 13945}}, {"service": {"name": "First Line Treatment"}, "facility": {"code": 13945}}, {"service": {"name": "Basic Immunization"}, "facility": {"code": 13945}}, {"service": {"name": "Focused Antenatal Care"}, "facility": {"code": 13945}}, {"service": {"name": "Short Term FP"}, "facility": {"code": 13945}}, {"service": {"name": "Adult Antiretroviral Therapy"}, "facility": {"code": 13945}}, {"service": {"name": "Paediatric Antiretroviral Therapy"}, "facility": {"code": 13945}}, {"service": {"name": "Post Exposure Prophylaxis"}, "facility": {"code": 13945}}, {"service": {"name": "PMTCT - Maternity"}, "facility": {"code": 13945}}, {"service": {"name": "PMTCT - ANC"}, "facility": {"code": 13945}}, {"service": {"name": "Early Infant Diagnosis"}, "facility": {"code": 13945}}, {"service": {"name": "Diagnostic Counselling and Testing"}, "facility": {"code": 13945}}, {"service": {"name": "Provider Initiated Counselling and Testing"}, "facility": {"code": 13945}}, {"service": {"name": "Voluntary Counselling and Testing"}, "facility": {"code": 13945}}, {"service": {"name": "Management of STIs"}, "facility": {"code": 13945}}, {"service": {"name": "Condom Promotion and Distribution"}, "facility": {"code": 13945}}, {"service": {"name": "Emergency Preparedness"}, "facility": {"code": 13505}}, {"service": {"name": "First Line Treatment"}, "facility": {"code": 13505}}, {"service": {"name": "Basic Immunization"}, "facility": {"code": 13505}}, {"service": {"name": "Focused Antenatal Care"}, "facility": {"code": 13505}}, {"service": {"name": "Short Term FP"}, "facility": {"code": 13505}}, {"service": {"name": "Adult Antiretroviral Therapy"}, "facility": {"code": 13505}}, {"service": {"name": "Post Exposure Prophylaxis"}, "facility": {"code": 13505}}, {"service": {"name": "PMTCT - Maternity"}, "facility": {"code": 13505}}, {"service": {"name": "PMTCT - ANC"}, "facility": {"code": 13505}}, {"service": {"name": "Early Infant Diagnosis"}, "facility": {"code": 13505}}, {"service": {"name": "Diagnostic Counselling and Testing"}, "facility": {"code": 13505}}, {"service": {"name": "Provider Initiated Counselling and Testing"}, "facility": {"code": 13505}}, {"service": {"name": "Voluntary Counselling and Testing"}, "facility": {"code": 13505}}, {"service": {"name": "Management of STIs"}, "facility": {"code": 13505}}, {"service": {"name": "Condom Promotion and Distribution"}, "facility": {"code": 13505}}, {"service": {"name": "Emergency Preparedness"}, "facility": {"code": 14131}}, {"service": {"name": "Environmental Health Services"}, "facility": {"code": 14131}}, {"service": {"name": "First Line Treatment"}, "facility": {"code": 14131}}, {"service": {"name": "Basic Immunization"}, "facility": {"code": 14131}}, {"service": {"name": "Focused Antenatal Care"}, "facility": {"code": 14131}}, {"service": {"name": "Long Term FP"}, "facility": {"code": 14131}}, {"service": {"name": "Short Term FP"}, "facility": {"code": 14131}}, {"service": {"name": "Adult Antiretroviral Therapy"}, "facility": {"code": 14131}}, {"service": {"name": "Post Exposure Prophylaxis"}, "facility": {"code": 14131}}, {"service": {"name": "PMTCT - Maternity"}, "facility": {"code": 14131}}, {"service": {"name": "PMTCT - ANC"}, "facility": {"code": 14131}}, {"service": {"name": "Early Infant Diagnosis"}, "facility": {"code": 14131}}, {"service": {"name": "Diagnostic Counselling and Testing"}, "facility": {"code": 14131}}, {"service": {"name": "Provider Initiated Counselling and Testing"}, "facility": {"code": 14131}}, {"service": {"name": "Voluntary Counselling and Testing"}, "facility": {"code": 14131}}, {"service": {"name": "Management of STIs"}, "facility": {"code": 14131}}, {"service": {"name": "Condom Promotion and Distribution"}, "facility": {"code": 14131}}, {"service": {"name": "Emergency Preparedness"}, "facility": {"code": 13825}}, {"service": {"name": "Environmental Health Services"}, "facility": {"code": 13825}}, {"service": {"name": "First Line Treatment"}, "facility": {"code": 13825}}, {"service": {"name": "Smear Microscopy"}, "facility": {"code": 13825}}, {"service": {"name": "Basic Immunization"}, "facility": {"code": 13825}}, {"service": {"name": "Focused Antenatal Care"}, "facility": {"code": 13825}}, {"service": {"name": "Long Term FP"}, "facility": {"code": 13825}}, {"service": {"name": "Short Term FP"}, "facility": {"code": 13825}}, {"service": {"name": "Adult Antiretroviral Therapy"}, "facility": {"code": 13825}}, {"service": {"name": "Paediatric Antiretroviral Therapy"}, "facility": {"code": 13825}}, {"service": {"name": "Post Exposure Prophylaxis"}, "facility": {"code": 13825}}, {"service": {"name": "PMTCT - Maternity"}, "facility": {"code": 13825}}, {"service": {"name": "PMTCT - ANC"}, "facility": {"code": 13825}}, {"service": {"name": "Early Infant Diagnosis"}, "facility": {"code": 13825}}, {"service": {"name": "Diagnostic Counselling and Testing"}, "facility": {"code": 13825}}, {"service": {"name": "Provider Initiated Counselling and Testing"}, "facility": {"code": 13825}}, {"service": {"name": "Voluntary Counselling and Testing"}, "facility": {"code": 13825}}, {"service": {"name": "Management of STIs"}, "facility": {"code": 13825}}, {"service": {"name": "Condom Promotion and Distribution"}, "facility": {"code": 13825}}, {"service": {"name": "Emergency Preparedness"}, "facility": {"code": 16975}}, {"service": {"name": "Emergency Preparedness"}, "facility": {"code": 14453}}, {"service": {"name": "Emergency Obstetric Care"}, "facility": {"code": 14453}}, {"service": {"name": "Environmental Health Services"}, "facility": {"code": 14453}}, {"service": {"name": "Services for Sexual Violence Survivors"}, "facility": {"code": 14453}}, {"service": {"name": "Opthalmic Services"}, "facility": {"code": 14453}}, {"service": {"name": "Nutrition Services"}, "facility": {"code": 14453}}, {"service": {"name": "Nutrition Services"}, "facility": {"code": 13862}}, {"service": {"name": "Integrated Management of Childhood Illnesses"}, "facility": {"code": 13862}}, {"service": {"name": "Laboratory Services"}, "facility": {"code": 13862}}, {"service": {"name": "Maternity Services"}, "facility": {"code": 13862}}, {"service": {"name": "Curative Services"}, "facility": {"code": 13862}}, {"service": {"name": "First Line Treatment"}, "facility": {"code": 13862}}, {"service": {"name": "Basic Immunization"}, "facility": {"code": 13862}}, {"service": {"name": "Focused Antenatal Care"}, "facility": {"code": 13862}}, {"service": {"name": "Integrated Services"}, "facility": {"code": 13862}}, {"service": {"name": "Long Term FP"}, "facility": {"code": 13862}}, {"service": {"name": "Short Term FP"}, "facility": {"code": 13862}}, {"service": {"name": "Post Exposure Prophylaxis"}, "facility": {"code": 13862}}, {"service": {"name": "PMTCT - Maternity"}, "facility": {"code": 13862}}, {"service": {"name": "PMTCT - ANC"}, "facility": {"code": 13862}}, {"service": {"name": "Diagnostic Counselling and Testing"}, "facility": {"code": 13862}}, {"service": {"name": "Provider Initiated Counselling and Testing"}, "facility": {"code": 13862}}, {"service": {"name": "Voluntary Counselling and Testing"}, "facility": {"code": 13862}}, {"service": {"name": "Management of STIs"}, "facility": {"code": 13862}}, {"service": {"name": "Condom Promotion and Distribution"}, "facility": {"code": 13862}}, {"service": {"name": "Emergency Obstetric Care"}, "facility": {"code": 17428}}, {"service": {"name": "Laboratory Services"}, "facility": {"code": 17428}}, {"service": {"name": "Maternity Services"}, "facility": {"code": 17428}}, {"service": {"name": "Curative Services"}, "facility": {"code": 17428}}, {"service": {"name": "Mortuary Services"}, "facility": {"code": 17428}}, {"service": {"name": "Focused Antenatal Care"}, "facility": {"code": 17428}}, {"service": {"name": "Short Term FP"}, "facility": {"code": 17428}}, {"service": {"name": "Voluntary Male Circumcision"}, "facility": {"code": 17428}}, {"service": {"name": "PMTCT - Maternity"}, "facility": {"code": 17428}}, {"service": {"name": "PMTCT - ANC"}, "facility": {"code": 17428}}, {"service": {"name": "Diagnostic Counselling and Testing"}, "facility": {"code": 17428}}, {"service": {"name": "Provider Initiated Counselling and Testing"}, "facility": {"code": 17428}}, {"service": {"name": "Voluntary Counselling and Testing"}, "facility": {"code": 17428}}, {"service": {"name": "Management of STIs"}, "facility": {"code": 17428}}, {"service": {"name": "Condom Promotion and Distribution"}, "facility": {"code": 17428}}, {"service": {"name": "Oral Health Services (Dental Services)"}, "facility": {"code": 17427}}, {"service": {"name": "Curative Services"}, "facility": {"code": 17427}}, {"service": {"name": "Emergency Preparedness"}, "facility": {"code": 13304}}, {"service": {"name": "Emergency Obstetric Care"}, "facility": {"code": 13304}}, {"service": {"name": "Environmental Health Services"}, "facility": {"code": 13304}}, {"service": {"name": "Services for Sexual Violence Survivors"}, "facility": {"code": 13304}}, {"service": {"name": "Nutrition Services"}, "facility": {"code": 13304}}, {"service": {"name": "Integrated Management of Childhood Illnesses"}, "facility": {"code": 13304}}, {"service": {"name": "Maternity Services"}, "facility": {"code": 13304}}, {"service": {"name": "Curative Services"}, "facility": {"code": 13304}}, {"service": {"name": "Services for Female Genital Mutilation (FGM) Survivors"}, "facility": {"code": 13304}}, {"service": {"name": "First Line Treatment"}, "facility": {"code": 13304}}, {"service": {"name": "Basic Immunization"}, "facility": {"code": 13304}}, {"service": {"name": "Focused Antenatal Care"}, "facility": {"code": 13304}}, {"service": {"name": "Short Term FP"}, "facility": {"code": 13304}}, {"service": {"name": "Post Exposure Prophylaxis"}, "facility": {"code": 13304}}, {"service": {"name": "Voluntary Male Circumcision"}, "facility": {"code": 13304}}, {"service": {"name": "PMTCT - ANC"}, "facility": {"code": 13304}}, {"service": {"name": "Provider Initiated Counselling and Testing"}, "facility": {"code": 13304}}, {"service": {"name": "Condom Promotion and Distribution"}, "facility": {"code": 13304}}, {"service": {"name": "Emergency Preparedness"}, "facility": {"code": 13400}}, {"service": {"name": "Emergency Obstetric Care"}, "facility": {"code": 13400}}, {"service": {"name": "Environmental Health Services"}, "facility": {"code": 13400}}, {"service": {"name": "Services for Sexual Violence Survivors"}, "facility": {"code": 13400}}, {"service": {"name": "Nutrition Services"}, "facility": {"code": 13400}}, {"service": {"name": "Integrated Management of Childhood Illnesses"}, "facility": {"code": 13400}}, {"service": {"name": "Maternity Services"}, "facility": {"code": 13400}}, {"service": {"name": "Curative Services"}, "facility": {"code": 13400}}, {"service": {"name": "Services for Female Genital Mutilation (FGM) Survivors"}, "facility": {"code": 13400}}, {"service": {"name": "First Line Treatment"}, "facility": {"code": 13400}}, {"service": {"name": "Long Term FP"}, "facility": {"code": 13400}}, {"service": {"name": "Short Term FP"}, "facility": {"code": 13400}}, {"service": {"name": "Post Exposure Prophylaxis"}, "facility": {"code": 13400}}, {"service": {"name": "Voluntary Male Circumcision"}, "facility": {"code": 13400}}, {"service": {"name": "PMTCT - ANC"}, "facility": {"code": 13400}}, {"service": {"name": "Provider Initiated Counselling and Testing"}, "facility": {"code": 13400}}, {"service": {"name": "Management of STIs"}, "facility": {"code": 13400}}, {"service": {"name": "Condom Promotion and Distribution"}, "facility": {"code": 13400}}, {"service": {"name": "Emergency Preparedness"}, "facility": {"code": 13421}}, {"service": {"name": "Emergency Obstetric Care"}, "facility": {"code": 13421}}, {"service": {"name": "Environmental Health Services"}, "facility": {"code": 13421}}, {"service": {"name": "Services for Sexual Violence Survivors"}, "facility": {"code": 13421}}, {"service": {"name": "Nutrition Services"}, "facility": {"code": 13421}}, {"service": {"name": "Integrated Management of Childhood Illnesses"}, "facility": {"code": 13421}}, {"service": {"name": "Maternity Services"}, "facility": {"code": 13421}}, {"service": {"name": "Curative Services"}, "facility": {"code": 13421}}, {"service": {"name": "Services for Female Genital Mutilation (FGM) Survivors"}, "facility": {"code": 13421}}, {"service": {"name": "First Line Treatment"}, "facility": {"code": 13421}}, {"service": {"name": "Focused Antenatal Care"}, "facility": {"code": 13421}}, {"service": {"name": "Long Term FP"}, "facility": {"code": 13421}}, {"service": {"name": "Short Term FP"}, "facility": {"code": 13421}}, {"service": {"name": "Post Exposure Prophylaxis"}, "facility": {"code": 13421}}, {"service": {"name": "Voluntary Male Circumcision"}, "facility": {"code": 13421}}, {"service": {"name": "PMTCT - ANC"}, "facility": {"code": 13421}}, {"service": {"name": "Provider Initiated Counselling and Testing"}, "facility": {"code": 13421}}, {"service": {"name": "Management of STIs"}, "facility": {"code": 13421}}, {"service": {"name": "Condom Promotion and Distribution"}, "facility": {"code": 13421}}, {"service": {"name": "Emergency Preparedness"}, "facility": {"code": 13330}}, {"service": {"name": "Emergency Obstetric Care"}, "facility": {"code": 13330}}, {"service": {"name": "Environmental Health Services"}, "facility": {"code": 13330}}, {"service": {"name": "Services for Sexual Violence Survivors"}, "facility": {"code": 13330}}, {"service": {"name": "Nutrition Services"}, "facility": {"code": 13330}}, {"service": {"name": "Integrated Management of Childhood Illnesses"}, "facility": {"code": 13330}}, {"service": {"name": "Maternity Services"}, "facility": {"code": 13330}}, {"service": {"name": "Curative Services"}, "facility": {"code": 13330}}, {"service": {"name": "Services for Female Genital Mutilation (FGM) Survivors"}, "facility": {"code": 13330}}, {"service": {"name": "First Line Treatment"}, "facility": {"code": 13330}}, {"service": {"name": "Basic Immunization"}, "facility": {"code": 13330}}, {"service": {"name": "Focused Antenatal Care"}, "facility": {"code": 13330}}, {"service": {"name": "Long Term FP"}, "facility": {"code": 13330}}, {"service": {"name": "Short Term FP"}, "facility": {"code": 13330}}, {"service": {"name": "Post Exposure Prophylaxis"}, "facility": {"code": 13330}}, {"service": {"name": "PMTCT - ANC"}, "facility": {"code": 13330}}, {"service": {"name": "Provider Initiated Counselling and Testing"}, "facility": {"code": 13330}}, {"service": {"name": "Management of STIs"}, "facility": {"code": 13330}}, {"service": {"name": "Emergency Preparedness"}, "facility": {"code": 13355}}, {"service": {"name": "Emergency Obstetric Care"}, "facility": {"code": 13355}}, {"service": {"name": "Environmental Health Services"}, "facility": {"code": 13355}}, {"service": {"name": "Services for Sexual Violence Survivors"}, "facility": {"code": 13355}}, {"service": {"name": "Nutrition Services"}, "facility": {"code": 13355}}, {"service": {"name": "Integrated Management of Childhood Illnesses"}, "facility": {"code": 13355}}, {"service": {"name": "Surgical Services"}, "facility": {"code": 13355}}, {"service": {"name": "Maternity Services"}, "facility": {"code": 13355}}, {"service": {"name": "Curative Services"}, "facility": {"code": 13355}}, {"service": {"name": "Services for Female Genital Mutilation (FGM) Survivors"}, "facility": {"code": 13355}}, {"service": {"name": "First Line Treatment"}, "facility": {"code": 13355}}, {"service": {"name": "Smear Microscopy"}, "facility": {"code": 13355}}, {"service": {"name": "Immunization with additional vaccines"}, "facility": {"code": 13355}}, {"service": {"name": "Basic Immunization"}, "facility": {"code": 13355}}, {"service": {"name": "Focused Antenatal Care"}, "facility": {"code": 13355}}, {"service": {"name": "Long Term FP"}, "facility": {"code": 13355}}, {"service": {"name": "Short Term FP"}, "facility": {"code": 13355}}, {"service": {"name": "Management of STIs"}, "facility": {"code": 13355}}, {"service": {"name": "Post Exposure Prophylaxis"}, "facility": {"code": 13355}}, {"service": {"name": "Voluntary Male Circumcision"}, "facility": {"code": 13355}}, {"service": {"name": "PMTCT - Maternity"}, "facility": {"code": 13355}}, {"service": {"name": "PMTCT - ANC"}, "facility": {"code": 13355}}, {"service": {"name": "Diagnostic Counselling and Testing"}, "facility": {"code": 13355}}, {"service": {"name": "Provider Initiated Counselling and Testing"}, "facility": {"code": 13355}}, {"service": {"name": "Condom Promotion and Distribution"}, "facility": {"code": 13355}}, {"service": {"name": "Emergency Preparedness"}, "facility": {"code": 13322}}, {"service": {"name": "Emergency Obstetric Care"}, "facility": {"code": 13322}}, {"service": {"name": "Environmental Health Services"}, "facility": {"code": 13322}}, {"service": {"name": "Services for Sexual Violence Survivors"}, "facility": {"code": 13322}}, {"service": {"name": "Nutrition Services"}, "facility": {"code": 13322}}, {"service": {"name": "Integrated Management of Childhood Illnesses"}, "facility": {"code": 13322}}, {"service": {"name": "Surgical Services"}, "facility": {"code": 13322}}, {"service": {"name": "Maternity Services"}, "facility": {"code": 13322}}, {"service": {"name": "Curative Services"}, "facility": {"code": 13322}}, {"service": {"name": "Services for Female Genital Mutilation (FGM) Survivors"}, "facility": {"code": 13322}}, {"service": {"name": "First Line Treatment"}, "facility": {"code": 13322}}, {"service": {"name": "Basic Immunization"}, "facility": {"code": 13322}}, {"service": {"name": "Focused Antenatal Care"}, "facility": {"code": 13322}}, {"service": {"name": "Long Term FP"}, "facility": {"code": 13322}}, {"service": {"name": "Short Term FP"}, "facility": {"code": 13322}}, {"service": {"name": "Post Exposure Prophylaxis"}, "facility": {"code": 13322}}, {"service": {"name": "Voluntary Male Circumcision"}, "facility": {"code": 13322}}, {"service": {"name": "PMTCT - ANC"}, "facility": {"code": 13322}}, {"service": {"name": "Diagnostic Counselling and Testing"}, "facility": {"code": 13322}}, {"service": {"name": "Provider Initiated Counselling and Testing"}, "facility": {"code": 13322}}, {"service": {"name": "Management of STIs"}, "facility": {"code": 13322}}, {"service": {"name": "Condom Promotion and Distribution"}, "facility": {"code": 13322}}, {"service": {"name": "Emergency Preparedness"}, "facility": {"code": 13272}}, {"service": {"name": "Emergency Obstetric Care"}, "facility": {"code": 13272}}, {"service": {"name": "Environmental Health Services"}, "facility": {"code": 13272}}, {"service": {"name": "Services for Sexual Violence Survivors"}, "facility": {"code": 13272}}, {"service": {"name": "Nutrition Services"}, "facility": {"code": 13272}}, {"service": {"name": "Integrated Management of Childhood Illnesses"}, "facility": {"code": 13272}}, {"service": {"name": "Surgical Services"}, "facility": {"code": 13272}}, {"service": {"name": "Maternity Services"}, "facility": {"code": 13272}}, {"service": {"name": "Curative Services"}, "facility": {"code": 13272}}, {"service": {"name": "Services for Female Genital Mutilation (FGM) Survivors"}, "facility": {"code": 13272}}, {"service": {"name": "First Line Treatment"}, "facility": {"code": 13272}}, {"service": {"name": "Basic Immunization"}, "facility": {"code": 13272}}, {"service": {"name": "Focused Antenatal Care"}, "facility": {"code": 13272}}, {"service": {"name": "Long Term FP"}, "facility": {"code": 13272}}, {"service": {"name": "Short Term FP"}, "facility": {"code": 13272}}, {"service": {"name": "Adult Antiretroviral Therapy"}, "facility": {"code": 13272}}, {"service": {"name": "Paediatric Antiretroviral Therapy"}, "facility": {"code": 13272}}, {"service": {"name": "Post Exposure Prophylaxis"}, "facility": {"code": 13272}}, {"service": {"name": "Voluntary Male Circumcision"}, "facility": {"code": 13272}}, {"service": {"name": "PMTCT - ANC"}, "facility": {"code": 13272}}, {"service": {"name": "Diagnostic Counselling and Testing"}, "facility": {"code": 13272}}, {"service": {"name": "Provider Initiated Counselling and Testing"}, "facility": {"code": 13272}}, {"service": {"name": "Management of STIs"}, "facility": {"code": 13272}}, {"service": {"name": "Condom Promotion and Distribution"}, "facility": {"code": 13272}}, {"service": {"name": "Emergency Preparedness"}, "facility": {"code": 13384}}, {"service": {"name": "Emergency Obstetric Care"}, "facility": {"code": 13384}}, {"service": {"name": "Environmental Health Services"}, "facility": {"code": 13384}}, {"service": {"name": "Services for Sexual Violence Survivors"}, "facility": {"code": 13384}}, {"service": {"name": "Nutrition Services"}, "facility": {"code": 13384}}, {"service": {"name": "Integrated Management of Childhood Illnesses"}, "facility": {"code": 13384}}, {"service": {"name": "Surgical Services"}, "facility": {"code": 13384}}, {"service": {"name": "Maternity Services"}, "facility": {"code": 13384}}, {"service": {"name": "Curative Services"}, "facility": {"code": 13384}}, {"service": {"name": "Services for Female Genital Mutilation (FGM) Survivors"}, "facility": {"code": 13384}}, {"service": {"name": "First Line Treatment"}, "facility": {"code": 13384}}, {"service": {"name": "Basic Immunization"}, "facility": {"code": 13384}}, {"service": {"name": "Focused Antenatal Care"}, "facility": {"code": 13384}}, {"service": {"name": "Long Term FP"}, "facility": {"code": 13384}}, {"service": {"name": "Short Term FP"}, "facility": {"code": 13384}}, {"service": {"name": "Post Exposure Prophylaxis"}, "facility": {"code": 13384}}, {"service": {"name": "Voluntary Male Circumcision"}, "facility": {"code": 13384}}, {"service": {"name": "PMTCT - Maternity"}, "facility": {"code": 13384}}, {"service": {"name": "PMTCT - ANC"}, "facility": {"code": 13384}}, {"service": {"name": "Diagnostic Counselling and Testing"}, "facility": {"code": 13384}}, {"service": {"name": "Provider Initiated Counselling and Testing"}, "facility": {"code": 13384}}, {"service": {"name": "Management of STIs"}, "facility": {"code": 13384}}, {"service": {"name": "Condom Promotion and Distribution"}, "facility": {"code": 13384}}, {"service": {"name": "Voluntary Male Circumcision"}, "facility": {"code": 13312}}, {"service": {"name": "PMTCT - ANC"}, "facility": {"code": 13312}}, {"service": {"name": "Diagnostic Counselling and Testing"}, "facility": {"code": 13312}}, {"service": {"name": "Provider Initiated Counselling and Testing"}, "facility": {"code": 13312}}, {"service": {"name": "Voluntary Counselling and Testing"}, "facility": {"code": 13312}}, {"service": {"name": "Post Exposure Prophylaxis"}, "facility": {"code": 13312}}, {"service": {"name": "PMTCT - Maternity"}, "facility": {"code": 13312}}, {"service": {"name": "Management of STIs"}, "facility": {"code": 13312}}, {"service": {"name": "Adult Antiretroviral Therapy"}, "facility": {"code": 13312}}, {"service": {"name": "Paediatric Antiretroviral Therapy"}, "facility": {"code": 13312}}, {"service": {"name": "First Line Treatment"}, "facility": {"code": 13312}}, {"service": {"name": "Smear Microscopy"}, "facility": {"code": 13312}}, {"service": {"name": "Immunization with additional vaccines"}, "facility": {"code": 13312}}, {"service": {"name": "Basic Immunization"}, "facility": {"code": 13312}}, {"service": {"name": "Focused Antenatal Care"}, "facility": {"code": 13312}}, {"service": {"name": "Long Term FP"}, "facility": {"code": 13312}}, {"service": {"name": "Short Term FP"}, "facility": {"code": 13312}}, {"service": {"name": "Condom Promotion and Distribution"}, "facility": {"code": 13312}}, {"service": {"name": "Emergency Preparedness"}, "facility": {"code": 13312}}, {"service": {"name": "Emergency Obstetric Care"}, "facility": {"code": 13312}}, {"service": {"name": "Environmental Health Services"}, "facility": {"code": 13312}}, {"service": {"name": "Services for Sexual Violence Survivors"}, "facility": {"code": 13312}}, {"service": {"name": "Integrated Management of Childhood Illnesses"}, "facility": {"code": 13312}}, {"service": {"name": "Nutrition Services"}, "facility": {"code": 13312}}, {"service": {"name": "Ambulance Sevices"}, "facility": {"code": 13312}}, {"service": {"name": "Laboratory Services"}, "facility": {"code": 13312}}, {"service": {"name": "Surgical Services"}, "facility": {"code": 13312}}, {"service": {"name": "Maternity Services"}, "facility": {"code": 13312}}, {"service": {"name": "Curative Services"}, "facility": {"code": 13312}}, {"service": {"name": "Nutrition Services"}, "facility": {"code": 16855}}, {"service": {"name": "Integrated Management of Childhood Illnesses"}, "facility": {"code": 16855}}, {"service": {"name": "Curative Services"}, "facility": {"code": 16855}}, {"service": {"name": "Focused Antenatal Care"}, "facility": {"code": 16855}}, {"service": {"name": "Integrated Services"}, "facility": {"code": 16855}}, {"service": {"name": "Short Term FP"}, "facility": {"code": 16855}}, {"service": {"name": "Post Exposure Prophylaxis"}, "facility": {"code": 16855}}, {"service": {"name": "Early Infant Diagnosis"}, "facility": {"code": 16855}}, {"service": {"name": "Provider Initiated Counselling and Testing"}, "facility": {"code": 16855}}, {"service": {"name": "Management of STIs"}, "facility": {"code": 16855}}, {"service": {"name": "Condom Promotion and Distribution"}, "facility": {"code": 16855}}, {"service": {"name": "Laboratory Services"}, "facility": {"code": 17109}}, {"service": {"name": "Curative Services"}, "facility": {"code": 17109}}, {"service": {"name": "Smear Microscopy"}, "facility": {"code": 17109}}, {"service": {"name": "Basic Immunization"}, "facility": {"code": 17109}}, {"service": {"name": "Focused Antenatal Care"}, "facility": {"code": 17109}}, {"service": {"name": "Integrated Services"}, "facility": {"code": 17109}}, {"service": {"name": "Permanent FP"}, "facility": {"code": 17109}}, {"service": {"name": "Long Term FP"}, "facility": {"code": 17109}}, {"service": {"name": "Short Term FP"}, "facility": {"code": 17109}}, {"service": {"name": "Voluntary Male Circumcision"}, "facility": {"code": 17109}}, {"service": {"name": "PMTCT - ANC"}, "facility": {"code": 17109}}, {"service": {"name": "Diagnostic Counselling and Testing"}, "facility": {"code": 17109}}, {"service": {"name": "Voluntary Counselling and Testing"}, "facility": {"code": 17109}}, {"service": {"name": "Management of STIs"}, "facility": {"code": 17109}}, {"service": {"name": "Condom Promotion and Distribution"}, "facility": {"code": 17109}}, {"service": {"name": "Nutrition Services"}, "facility": {"code": 16238}}, {"service": {"name": "Curative Services"}, "facility": {"code": 16238}}, {"service": {"name": "First Line Treatment"}, "facility": {"code": 16238}}, {"service": {"name": "Basic Immunization"}, "facility": {"code": 16238}}, {"service": {"name": "Focused Antenatal Care"}, "facility": {"code": 16238}}, {"service": {"name": "Integrated Services"}, "facility": {"code": 16238}}, {"service": {"name": "Short Term FP"}, "facility": {"code": 16238}}, {"service": {"name": "Post Exposure Prophylaxis"}, "facility": {"code": 16238}}, {"service": {"name": "PMTCT - ANC"}, "facility": {"code": 16238}}, {"service": {"name": "Provider Initiated Counselling and Testing"}, "facility": {"code": 16238}}, {"service": {"name": "Voluntary Counselling and Testing"}, "facility": {"code": 16238}}, {"service": {"name": "Management of STIs"}, "facility": {"code": 16238}}, {"service": {"name": "Condom Promotion and Distribution"}, "facility": {"code": 16238}}, {"service": {"name": "Mental Health Services"}, "facility": {"code": 11840}}, {"service": {"name": "Emergency Preparedness"}, "facility": {"code": 11840}}, {"service": {"name": "Emergency Obstetric Care"}, "facility": {"code": 11840}}, {"service": {"name": "Opthalmic Services"}, "facility": {"code": 11840}}, {"service": {"name": "Environmental Health Services"}, "facility": {"code": 11840}}, {"service": {"name": "Rehabilitative Health Services - Physiotherapy"}, "facility": {"code": 11840}}, {"service": {"name": "Services for Sexual Violence Survivors"}, "facility": {"code": 11840}}, {"service": {"name": "Nutrition Services"}, "facility": {"code": 11840}}, {"service": {"name": "Integrated Management of Childhood Illnesses"}, "facility": {"code": 11840}}, {"service": {"name": "Ambulance Sevices"}, "facility": {"code": 11840}}, {"service": {"name": "Laboratory Services"}, "facility": {"code": 11840}}, {"service": {"name": "Radiology Services"}, "facility": {"code": 11840}}, {"service": {"name": "Surgical Services"}, "facility": {"code": 11840}}, {"service": {"name": "Maternity Services"}, "facility": {"code": 11840}}, {"service": {"name": "Curative Services"}, "facility": {"code": 11840}}, {"service": {"name": "Services for Female Genital Mutilation (FGM) Survivors"}, "facility": {"code": 11840}}, {"service": {"name": "Facility Based Blood Transfusion Service"}, "facility": {"code": 11840}}, {"service": {"name": "Facility Based Blood Collection Service"}, "facility": {"code": 11840}}, {"service": {"name": "Rehabilitative Health Services - Orthopaedic Technology"}, "facility": {"code": 11840}}, {"service": {"name": "Rehabilitative Health Services - Occupational Health"}, "facility": {"code": 11840}}, {"service": {"name": "MDRTB Treatment"}, "facility": {"code": 11840}}, {"service": {"name": "First Line Treatment"}, "facility": {"code": 11840}}, {"service": {"name": "Tuberculosis Culture"}, "facility": {"code": 11840}}, {"service": {"name": "Smear Microscopy"}, "facility": {"code": 11840}}, {"service": {"name": "Basic Immunization"}, "facility": {"code": 11840}}, {"service": {"name": "Specialized ANC"}, "facility": {"code": 11840}}, {"service": {"name": "Focused Antenatal Care"}, "facility": {"code": 11840}}, {"service": {"name": "Integrated Services"}, "facility": {"code": 11840}}, {"service": {"name": "Permanent FP"}, "facility": {"code": 11840}}, {"service": {"name": "Long Term FP"}, "facility": {"code": 11840}}, {"service": {"name": "Short Term FP"}, "facility": {"code": 11840}}, {"service": {"name": "Home Based Care"}, "facility": {"code": 11840}}, {"service": {"name": "Adult Antiretroviral Therapy"}, "facility": {"code": 11840}}, {"service": {"name": "Voluntary Male Circumcision"}, "facility": {"code": 11840}}, {"service": {"name": "Paediatric Antiretroviral Therapy"}, "facility": {"code": 11840}}, {"service": {"name": "Post Exposure Prophylaxis"}, "facility": {"code": 11840}}, {"service": {"name": "Diagnostic Counselling and Testing"}, "facility": {"code": 11840}}, {"service": {"name": "Early Infant Diagnosis"}, "facility": {"code": 11840}}, {"service": {"name": "Provider Initiated Counselling and Testing"}, "facility": {"code": 11840}}, {"service": {"name": "Management of STIs"}, "facility": {"code": 11840}}, {"service": {"name": "PMTCT - ANC"}, "facility": {"code": 11840}}, {"service": {"name": "PMTCT - Maternity"}, "facility": {"code": 11840}}, {"service": {"name": "Voluntary Counselling and Testing"}, "facility": {"code": 11840}}, {"service": {"name": "Condom Promotion and Distribution"}, "facility": {"code": 11840}}, {"service": {"name": "Emergency Preparedness"}, "facility": {"code": 11841}}, {"service": {"name": "Emergency Obstetric Care"}, "facility": {"code": 11841}}, {"service": {"name": "Environmental Health Services"}, "facility": {"code": 11841}}, {"service": {"name": "Nutrition Services"}, "facility": {"code": 11841}}, {"service": {"name": "Integrated Management of Childhood Illnesses"}, "facility": {"code": 11841}}, {"service": {"name": "Laboratory Services"}, "facility": {"code": 11841}}, {"service": {"name": "Surgical Services"}, "facility": {"code": 11841}}, {"service": {"name": "Maternity Services"}, "facility": {"code": 11841}}, {"service": {"name": "Curative Services"}, "facility": {"code": 11841}}, {"service": {"name": "Tuberculosis Culture"}, "facility": {"code": 11841}}, {"service": {"name": "Smear Microscopy"}, "facility": {"code": 11841}}, {"service": {"name": "Basic Immunization"}, "facility": {"code": 11841}}, {"service": {"name": "Long Term FP"}, "facility": {"code": 11841}}, {"service": {"name": "Short Term FP"}, "facility": {"code": 11841}}, {"service": {"name": "PMTCT - ANC"}, "facility": {"code": 11841}}, {"service": {"name": "PMTCT - Maternity"}, "facility": {"code": 11841}}, {"service": {"name": "Early Infant Diagnosis"}, "facility": {"code": 11841}}, {"service": {"name": "Diagnostic Counselling and Testing"}, "facility": {"code": 11841}}, {"service": {"name": "Provider Initiated Counselling and Testing"}, "facility": {"code": 11841}}, {"service": {"name": "Management of STIs"}, "facility": {"code": 11841}}, {"service": {"name": "Condom Promotion and Distribution"}, "facility": {"code": 11841}}, {"service": {"name": "Emergency Preparedness"}, "facility": {"code": 11745}}, {"service": {"name": "Emergency Obstetric Care"}, "facility": {"code": 11745}}, {"service": {"name": "Environmental Health Services"}, "facility": {"code": 11745}}, {"service": {"name": "Nutrition Services"}, "facility": {"code": 11745}}, {"service": {"name": "Laboratory Services"}, "facility": {"code": 11745}}, {"service": {"name": "Surgical Services"}, "facility": {"code": 11745}}, {"service": {"name": "Curative Services"}, "facility": {"code": 11745}}, {"service": {"name": "Tuberculosis Culture"}, "facility": {"code": 11745}}, {"service": {"name": "Smear Microscopy"}, "facility": {"code": 11745}}, {"service": {"name": "Focused Antenatal Care"}, "facility": {"code": 11745}}, {"service": {"name": "Long Term FP"}, "facility": {"code": 11745}}, {"service": {"name": "Short Term FP"}, "facility": {"code": 11745}}, {"service": {"name": "Diagnostic Counselling and Testing"}, "facility": {"code": 11745}}, {"service": {"name": "Provider Initiated Counselling and Testing"}, "facility": {"code": 11745}}, {"service": {"name": "Management of STIs"}, "facility": {"code": 11745}}, {"service": {"name": "Condom Promotion and Distribution"}, "facility": {"code": 11745}}, {"service": {"name": "Emergency Obstetric Care"}, "facility": {"code": 11915}}, {"service": {"name": "Environmental Health Services"}, "facility": {"code": 11915}}, {"service": {"name": "Integrated Management of Childhood Illnesses"}, "facility": {"code": 11915}}, {"service": {"name": "Maternity Services"}, "facility": {"code": 11915}}, {"service": {"name": "Curative Services"}, "facility": {"code": 11915}}, {"service": {"name": "Emergency Preparedness"}, "facility": {"code": 11915}}, {"service": {"name": "Basic Immunization"}, "facility": {"code": 11915}}, {"service": {"name": "Long Term FP"}, "facility": {"code": 11915}}, {"service": {"name": "Short Term FP"}, "facility": {"code": 11915}}, {"service": {"name": "Early Infant Diagnosis"}, "facility": {"code": 11915}}, {"service": {"name": "PMTCT - Maternity"}, "facility": {"code": 11915}}, {"service": {"name": "Provider Initiated Counselling and Testing"}, "facility": {"code": 11915}}, {"service": {"name": "Diagnostic Counselling and Testing"}, "facility": {"code": 11915}}, {"service": {"name": "Management of STIs"}, "facility": {"code": 11915}}, {"service": {"name": "Condom Promotion and Distribution"}, "facility": {"code": 11915}}, {"service": {"name": "Emergency Preparedness"}, "facility": {"code": 11365}}, {"service": {"name": "Emergency Obstetric Care"}, "facility": {"code": 11365}}, {"service": {"name": "Environmental Health Services"}, "facility": {"code": 11365}}, {"service": {"name": "Nutrition Services"}, "facility": {"code": 11365}}, {"service": {"name": "Integrated Management of Childhood Illnesses"}, "facility": {"code": 11365}}, {"service": {"name": "Ambulance Sevices"}, "facility": {"code": 11365}}, {"service": {"name": "Laboratory Services"}, "facility": {"code": 11365}}, {"service": {"name": "Surgical Services"}, "facility": {"code": 11365}}, {"service": {"name": "Maternity Services"}, "facility": {"code": 11365}}, {"service": {"name": "Curative Services"}, "facility": {"code": 11365}}, {"service": {"name": "First Line Treatment"}, "facility": {"code": 11365}}, {"service": {"name": "Tuberculosis Culture"}, "facility": {"code": 11365}}, {"service": {"name": "Smear Microscopy"}, "facility": {"code": 11365}}, {"service": {"name": "Basic Immunization"}, "facility": {"code": 11365}}, {"service": {"name": "Focused Antenatal Care"}, "facility": {"code": 11365}}, {"service": {"name": "PMTCT - ANC"}, "facility": {"code": 11365}}, {"service": {"name": "Early Infant Diagnosis"}, "facility": {"code": 11365}}, {"service": {"name": "Diagnostic Counselling and Testing"}, "facility": {"code": 11365}}, {"service": {"name": "Provider Initiated Counselling and Testing"}, "facility": {"code": 11365}}, {"service": {"name": "Management of STIs"}, "facility": {"code": 11365}}, {"service": {"name": "PMTCT - Maternity"}, "facility": {"code": 11278}}, {"service": {"name": "Emergency Preparedness"}, "facility": {"code": 16203}}, {"service": {"name": "Emergency Obstetric Care"}, "facility": {"code": 16203}}, {"service": {"name": "Environmental Health Services"}, "facility": {"code": 16203}}, {"service": {"name": "Nutrition Services"}, "facility": {"code": 16203}}, {"service": {"name": "Integrated Management of Childhood Illnesses"}, "facility": {"code": 16203}}, {"service": {"name": "Ambulance Sevices"}, "facility": {"code": 16203}}, {"service": {"name": "Surgical Services"}, "facility": {"code": 16203}}, {"service": {"name": "Maternity Services"}, "facility": {"code": 16203}}, {"service": {"name": "Curative Services"}, "facility": {"code": 16203}}, {"service": {"name": "Basic Immunization"}, "facility": {"code": 16203}}, {"service": {"name": "Focused Antenatal Care"}, "facility": {"code": 16203}}, {"service": {"name": "Long Term FP"}, "facility": {"code": 16203}}, {"service": {"name": "Short Term FP"}, "facility": {"code": 16203}}, {"service": {"name": "Post Exposure Prophylaxis"}, "facility": {"code": 16203}}, {"service": {"name": "PMTCT - Maternity"}, "facility": {"code": 16203}}, {"service": {"name": "PMTCT - ANC"}, "facility": {"code": 16203}}, {"service": {"name": "Early Infant Diagnosis"}, "facility": {"code": 16203}}, {"service": {"name": "Diagnostic Counselling and Testing"}, "facility": {"code": 16203}}, {"service": {"name": "Provider Initiated Counselling and Testing"}, "facility": {"code": 16203}}, {"service": {"name": "Management of STIs"}, "facility": {"code": 16203}}, {"service": {"name": "Condom Promotion and Distribution"}, "facility": {"code": 16203}}, {"service": {"name": "First Line Treatment"}, "facility": {"code": 11477}}, {"service": {"name": "Tuberculosis Culture"}, "facility": {"code": 11477}}, {"service": {"name": "Smear Microscopy"}, "facility": {"code": 11477}}, {"service": {"name": "Emergency Preparedness"}, "facility": {"code": 11477}}, {"service": {"name": "Emergency Obstetric Care"}, "facility": {"code": 11477}}, {"service": {"name": "Environmental Health Services"}, "facility": {"code": 11477}}, {"service": {"name": "Nutrition Services"}, "facility": {"code": 11477}}, {"service": {"name": "Integrated Management of Childhood Illnesses"}, "facility": {"code": 11477}}, {"service": {"name": "Ambulance Sevices"}, "facility": {"code": 11477}}, {"service": {"name": "Laboratory Services"}, "facility": {"code": 11477}}, {"service": {"name": "Surgical Services"}, "facility": {"code": 11477}}, {"service": {"name": "Maternity Services"}, "facility": {"code": 11477}}, {"service": {"name": "Curative Services"}, "facility": {"code": 11477}}, {"service": {"name": "Basic Immunization"}, "facility": {"code": 11477}}, {"service": {"name": "Focused Antenatal Care"}, "facility": {"code": 11477}}, {"service": {"name": "Long Term FP"}, "facility": {"code": 11477}}, {"service": {"name": "Short Term FP"}, "facility": {"code": 11477}}, {"service": {"name": "PMTCT - Maternity"}, "facility": {"code": 11477}}, {"service": {"name": "PMTCT - ANC"}, "facility": {"code": 11477}}, {"service": {"name": "Early Infant Diagnosis"}, "facility": {"code": 11477}}, {"service": {"name": "Diagnostic Counselling and Testing"}, "facility": {"code": 11477}}, {"service": {"name": "Provider Initiated Counselling and Testing"}, "facility": {"code": 11477}}, {"service": {"name": "Management of STIs"}, "facility": {"code": 11477}}, {"service": {"name": "Condom Promotion and Distribution"}, "facility": {"code": 11477}}, {"service": {"name": "Emergency Preparedness"}, "facility": {"code": 11491}}, {"service": {"name": "Emergency Obstetric Care"}, "facility": {"code": 11491}}, {"service": {"name": "Environmental Health Services"}, "facility": {"code": 11491}}, {"service": {"name": "Nutrition Services"}, "facility": {"code": 11491}}, {"service": {"name": "Integrated Management of Childhood Illnesses"}, "facility": {"code": 11491}}, {"service": {"name": "Ambulance Sevices"}, "facility": {"code": 11491}}, {"service": {"name": "Laboratory Services"}, "facility": {"code": 11491}}, {"service": {"name": "Surgical Services"}, "facility": {"code": 11491}}, {"service": {"name": "Maternity Services"}, "facility": {"code": 11491}}, {"service": {"name": "Curative Services"}, "facility": {"code": 11491}}, {"service": {"name": "First Line Treatment"}, "facility": {"code": 11491}}, {"service": {"name": "Tuberculosis Culture"}, "facility": {"code": 11491}}, {"service": {"name": "Smear Microscopy"}, "facility": {"code": 11491}}, {"service": {"name": "Basic Immunization"}, "facility": {"code": 11491}}, {"service": {"name": "Focused Antenatal Care"}, "facility": {"code": 11491}}, {"service": {"name": "Long Term FP"}, "facility": {"code": 11491}}, {"service": {"name": "Short Term FP"}, "facility": {"code": 11491}}, {"service": {"name": "Home Based Care"}, "facility": {"code": 11491}}, {"service": {"name": "Adult Antiretroviral Therapy"}, "facility": {"code": 11491}}, {"service": {"name": "Paediatric Antiretroviral Therapy"}, "facility": {"code": 11491}}, {"service": {"name": "Provider Initiated Counselling and Testing"}, "facility": {"code": 11491}}, {"service": {"name": "Post Exposure Prophylaxis"}, "facility": {"code": 11491}}, {"service": {"name": "PMTCT - Maternity"}, "facility": {"code": 11491}}, {"service": {"name": "PMTCT - ANC"}, "facility": {"code": 11491}}, {"service": {"name": "Early Infant Diagnosis"}, "facility": {"code": 11491}}, {"service": {"name": "Diagnostic Counselling and Testing"}, "facility": {"code": 11491}}, {"service": {"name": "Management of STIs"}, "facility": {"code": 11491}}, {"service": {"name": "Condom Promotion and Distribution"}, "facility": {"code": 11491}}, {"service": {"name": "Emergency Preparedness"}, "facility": {"code": 17114}}, {"service": {"name": "Emergency Preparedness"}, "facility": {"code": 11278}}, {"service": {"name": "Environmental Health Services"}, "facility": {"code": 11278}}, {"service": {"name": "Emergency Obstetric Care"}, "facility": {"code": 11278}}, {"service": {"name": "Nutrition Services"}, "facility": {"code": 11278}}, {"service": {"name": "Integrated Management of Childhood Illnesses"}, "facility": {"code": 11278}}, {"service": {"name": "Ambulance Sevices"}, "facility": {"code": 11278}}, {"service": {"name": "Laboratory Services"}, "facility": {"code": 11278}}, {"service": {"name": "Surgical Services"}, "facility": {"code": 11278}}, {"service": {"name": "Maternity Services"}, "facility": {"code": 11278}}, {"service": {"name": "Curative Services"}, "facility": {"code": 11278}}, {"service": {"name": "First Line Treatment"}, "facility": {"code": 11278}}, {"service": {"name": "Tuberculosis Culture"}, "facility": {"code": 11278}}, {"service": {"name": "Smear Microscopy"}, "facility": {"code": 11278}}, {"service": {"name": "Basic Immunization"}, "facility": {"code": 11278}}, {"service": {"name": "Focused Antenatal Care"}, "facility": {"code": 11278}}, {"service": {"name": "Long Term FP"}, "facility": {"code": 11278}}, {"service": {"name": "Short Term FP"}, "facility": {"code": 11278}}, {"service": {"name": "Home Based Care"}, "facility": {"code": 11278}}, {"service": {"name": "Adult Antiretroviral Therapy"}, "facility": {"code": 11278}}, {"service": {"name": "Paediatric Antiretroviral Therapy"}, "facility": {"code": 11278}}, {"service": {"name": "Post Exposure Prophylaxis"}, "facility": {"code": 11278}}, {"service": {"name": "PMTCT - ANC"}, "facility": {"code": 11278}}, {"service": {"name": "Early Infant Diagnosis"}, "facility": {"code": 11278}}, {"service": {"name": "Diagnostic Counselling and Testing"}, "facility": {"code": 11278}}, {"service": {"name": "Provider Initiated Counselling and Testing"}, "facility": {"code": 11278}}, {"service": {"name": "Management of STIs"}, "facility": {"code": 11278}}, {"service": {"name": "Condom Promotion and Distribution"}, "facility": {"code": 11278}}, {"service": {"name": "Emergency Preparedness"}, "facility": {"code": 11702}}, {"service": {"name": "Emergency Obstetric Care"}, "facility": {"code": 11702}}, {"service": {"name": "Environmental Health Services"}, "facility": {"code": 11702}}, {"service": {"name": "Nutrition Services"}, "facility": {"code": 11702}}, {"service": {"name": "Integrated Management of Childhood Illnesses"}, "facility": {"code": 11702}}, {"service": {"name": "Ambulance Sevices"}, "facility": {"code": 11702}}, {"service": {"name": "Surgical Services"}, "facility": {"code": 11702}}, {"service": {"name": "Curative Services"}, "facility": {"code": 11702}}, {"service": {"name": "Basic Immunization"}, "facility": {"code": 11702}}, {"service": {"name": "Focused Antenatal Care"}, "facility": {"code": 11702}}, {"service": {"name": "Long Term FP"}, "facility": {"code": 11702}}, {"service": {"name": "Short Term FP"}, "facility": {"code": 11702}}, {"service": {"name": "PMTCT - Maternity"}, "facility": {"code": 11702}}, {"service": {"name": "PMTCT - ANC"}, "facility": {"code": 11702}}, {"service": {"name": "Diagnostic Counselling and Testing"}, "facility": {"code": 11702}}, {"service": {"name": "Provider Initiated Counselling and Testing"}, "facility": {"code": 11702}}, {"service": {"name": "Management of STIs"}, "facility": {"code": 11702}}, {"service": {"name": "Condom Promotion and Distribution"}, "facility": {"code": 11702}}, {"service": {"name": "Maternity Services"}, "facility": {"code": 14537}}, {"service": {"name": "Curative Services"}, "facility": {"code": 14537}}, {"service": {"name": "Focused Antenatal Care"}, "facility": {"code": 14537}}, {"service": {"name": "Short Term FP"}, "facility": {"code": 14537}}, {"service": {"name": "Voluntary Male Circumcision"}, "facility": {"code": 14537}}, {"service": {"name": "PMTCT - Maternity"}, "facility": {"code": 14537}}, {"service": {"name": "PMTCT - ANC"}, "facility": {"code": 14537}}, {"service": {"name": "Provider Initiated Counselling and Testing"}, "facility": {"code": 14537}}, {"service": {"name": "Management of STIs"}, "facility": {"code": 14537}}, {"service": {"name": "Condom Promotion and Distribution"}, "facility": {"code": 14537}}, {"service": {"name": "Long Term FP"}, "facility": {"code": 17037}}, {"service": {"name": "Voluntary Male Circumcision"}, "facility": {"code": 17037}}, {"service": {"name": "Integrated Management of Childhood Illnesses"}, "facility": {"code": 14478}}, {"service": {"name": "Laboratory Services"}, "facility": {"code": 14478}}, {"service": {"name": "Surgical Services"}, "facility": {"code": 14478}}, {"service": {"name": "Maternity Services"}, "facility": {"code": 14478}}, {"service": {"name": "Curative Services"}, "facility": {"code": 14478}}, {"service": {"name": "Basic Immunization"}, "facility": {"code": 14478}}, {"service": {"name": "Integrated Services"}, "facility": {"code": 14478}}, {"service": {"name": "Focused Antenatal Care"}, "facility": {"code": 14478}}, {"service": {"name": "Permanent FP"}, "facility": {"code": 14478}}, {"service": {"name": "Long Term FP"}, "facility": {"code": 14478}}, {"service": {"name": "Short Term FP"}, "facility": {"code": 14478}}, {"service": {"name": "Voluntary Male Circumcision"}, "facility": {"code": 14478}}, {"service": {"name": "PMTCT - Maternity"}, "facility": {"code": 14478}}, {"service": {"name": "PMTCT - ANC"}, "facility": {"code": 14478}}, {"service": {"name": "Early Infant Diagnosis"}, "facility": {"code": 14478}}, {"service": {"name": "Provider Initiated Counselling and Testing"}, "facility": {"code": 14478}}, {"service": {"name": "Management of STIs"}, "facility": {"code": 14478}}, {"service": {"name": "Condom Promotion and Distribution"}, "facility": {"code": 14478}}, {"service": {"name": "Mental Health Services"}, "facility": {"code": 14316}}, {"service": {"name": "Nutrition Services"}, "facility": {"code": 14316}}, {"service": {"name": "Integrated Management of Childhood Illnesses"}, "facility": {"code": 14316}}, {"service": {"name": "Laboratory Services"}, "facility": {"code": 14316}}, {"service": {"name": "Surgical Services"}, "facility": {"code": 14316}}, {"service": {"name": "Curative Services"}, "facility": {"code": 14316}}, {"service": {"name": "Basic Immunization"}, "facility": {"code": 14316}}, {"service": {"name": "Focused Antenatal Care"}, "facility": {"code": 14316}}, {"service": {"name": "Long Term FP"}, "facility": {"code": 14316}}, {"service": {"name": "Permanent FP"}, "facility": {"code": 14316}}, {"service": {"name": "Short Term FP"}, "facility": {"code": 14316}}, {"service": {"name": "Voluntary Male Circumcision"}, "facility": {"code": 14316}}, {"service": {"name": "PMTCT - Maternity"}, "facility": {"code": 14316}}, {"service": {"name": "PMTCT - ANC"}, "facility": {"code": 14316}}, {"service": {"name": "Early Infant Diagnosis"}, "facility": {"code": 14316}}, {"service": {"name": "Provider Initiated Counselling and Testing"}, "facility": {"code": 14316}}, {"service": {"name": "Management of STIs"}, "facility": {"code": 14316}}, {"service": {"name": "Condom Promotion and Distribution"}, "facility": {"code": 14316}}, {"service": {"name": "Curative Services"}, "facility": {"code": 12226}}, {"service": {"name": "First Line Treatment"}, "facility": {"code": 12226}}, {"service": {"name": "Immunization with additional vaccines"}, "facility": {"code": 12226}}, {"service": {"name": "Basic Immunization"}, "facility": {"code": 12226}}, {"service": {"name": "Focused Antenatal Care"}, "facility": {"code": 12226}}, {"service": {"name": "Short Term FP"}, "facility": {"code": 12226}}, {"service": {"name": "PMTCT - ANC"}, "facility": {"code": 12226}}, {"service": {"name": "Management of STIs"}, "facility": {"code": 12226}}, {"service": {"name": "Voluntary Counselling and Testing"}, "facility": {"code": 12226}}, {"service": {"name": "Condom Promotion and Distribution"}, "facility": {"code": 12226}}, {"service": {"name": "Maternity Services"}, "facility": {"code": 15338}}, {"service": {"name": "Focused Antenatal Care"}, "facility": {"code": 15338}}, {"service": {"name": "Post Exposure Prophylaxis"}, "facility": {"code": 15338}}, {"service": {"name": "Condom Promotion and Distribution"}, "facility": {"code": 15040}}, {"service": {"name": "Short Term FP"}, "facility": {"code": 14739}}, {"service": {"name": "Diagnostic Counselling and Testing"}, "facility": {"code": 14739}}, {"service": {"name": "Provider Initiated Counselling and Testing"}, "facility": {"code": 14739}}, {"service": {"name": "Management of STIs"}, "facility": {"code": 14739}}, {"service": {"name": "Condom Promotion and Distribution"}, "facility": {"code": 14739}}, {"service": {"name": "Basic Immunization"}, "facility": {"code": 15738}}, {"service": {"name": "Focused Antenatal Care"}, "facility": {"code": 15738}}, {"service": {"name": "Long Term FP"}, "facility": {"code": 15738}}, {"service": {"name": "Short Term FP"}, "facility": {"code": 15738}}, {"service": {"name": "PMTCT - ANC"}, "facility": {"code": 15738}}, {"service": {"name": "Diagnostic Counselling and Testing"}, "facility": {"code": 15738}}, {"service": {"name": "Provider Initiated Counselling and Testing"}, "facility": {"code": 15738}}, {"service": {"name": "Voluntary Counselling and Testing"}, "facility": {"code": 15738}}, {"service": {"name": "Management of STIs"}, "facility": {"code": 15738}}, {"service": {"name": "Condom Promotion and Distribution"}, "facility": {"code": 15738}}, {"service": {"name": "Basic Immunization"}, "facility": {"code": 14216}}, {"service": {"name": "Focused Antenatal Care"}, "facility": {"code": 14216}}, {"service": {"name": "PMTCT - ANC"}, "facility": {"code": 14216}}, {"service": {"name": "Diagnostic Counselling and Testing"}, "facility": {"code": 14216}}, {"service": {"name": "Provider Initiated Counselling and Testing"}, "facility": {"code": 14216}}, {"service": {"name": "Voluntary Counselling and Testing"}, "facility": {"code": 14216}}, {"service": {"name": "Management of STIs"}, "facility": {"code": 14216}}, {"service": {"name": "Basic Immunization"}, "facility": {"code": 14768}}, {"service": {"name": "Focused Antenatal Care"}, "facility": {"code": 14768}}, {"service": {"name": "Short Term FP"}, "facility": {"code": 14768}}, {"service": {"name": "Diagnostic Counselling and Testing"}, "facility": {"code": 14768}}, {"service": {"name": "Provider Initiated Counselling and Testing"}, "facility": {"code": 14768}}, {"service": {"name": "Management of STIs"}, "facility": {"code": 14768}}, {"service": {"name": "Condom Promotion and Distribution"}, "facility": {"code": 14768}}, {"service": {"name": "Focused Antenatal Care"}, "facility": {"code": 14774}}, {"service": {"name": "Basic Immunization"}, "facility": {"code": 14774}}, {"service": {"name": "Short Term FP"}, "facility": {"code": 14774}}, {"service": {"name": "Diagnostic Counselling and Testing"}, "facility": {"code": 14774}}, {"service": {"name": "Provider Initiated Counselling and Testing"}, "facility": {"code": 14774}}, {"service": {"name": "Voluntary Counselling and Testing"}, "facility": {"code": 14774}}, {"service": {"name": "Management of STIs"}, "facility": {"code": 14774}}, {"service": {"name": "Condom Promotion and Distribution"}, "facility": {"code": 14774}}, {"service": {"name": "Short Term FP"}, "facility": {"code": 14691}}, {"service": {"name": "Diagnostic Counselling and Testing"}, "facility": {"code": 14691}}, {"service": {"name": "Provider Initiated Counselling and Testing"}, "facility": {"code": 14691}}, {"service": {"name": "Management of STIs"}, "facility": {"code": 14691}}, {"service": {"name": "Condom Promotion and Distribution"}, "facility": {"code": 14691}}, {"service": {"name": "Emergency Preparedness"}, "facility": {"code": 17426}}, {"service": {"name": "Emergency Obstetric Care"}, "facility": {"code": 17426}}, {"service": {"name": "Environmental Health Services"}, "facility": {"code": 17426}}, {"service": {"name": "Nutrition Services"}, "facility": {"code": 17426}}, {"service": {"name": "Curative Services"}, "facility": {"code": 17426}}, {"service": {"name": "Basic Immunization"}, "facility": {"code": 17426}}, {"service": {"name": "Specialized ANC"}, "facility": {"code": 17426}}, {"service": {"name": "Focused Antenatal Care"}, "facility": {"code": 17426}}, {"service": {"name": "Long Term FP"}, "facility": {"code": 17426}}, {"service": {"name": "Short Term FP"}, "facility": {"code": 17426}}, {"service": {"name": "PMTCT - ANC"}, "facility": {"code": 17426}}, {"service": {"name": "Diagnostic Counselling and Testing"}, "facility": {"code": 17426}}, {"service": {"name": "Provider Initiated Counselling and Testing"}, "facility": {"code": 17426}}, {"service": {"name": "Management of STIs"}, "facility": {"code": 17426}}, {"service": {"name": "Condom Promotion and Distribution"}, "facility": {"code": 17426}}, {"service": {"name": "Emergency Preparedness"}, "facility": {"code": 17424}}, {"service": {"name": "Curative Services"}, "facility": {"code": 17424}}, {"service": {"name": "Basic Immunization"}, "facility": {"code": 17424}}, {"service": {"name": "Focused Antenatal Care"}, "facility": {"code": 17424}}, {"service": {"name": "Long Term FP"}, "facility": {"code": 17424}}, {"service": {"name": "Short Term FP"}, "facility": {"code": 17424}}, {"service": {"name": "Management of STIs"}, "facility": {"code": 17424}}, {"service": {"name": "Condom Promotion and Distribution"}, "facility": {"code": 17424}}, {"service": {"name": "Laboratory Services"}, "facility": {"code": 14821}}, {"service": {"name": "Smear Microscopy"}, "facility": {"code": 14821}}, {"service": {"name": "Emergency Obstetric Care"}, "facility": {"code": 11090}}, {"service": {"name": "Integrated Management of Childhood Illnesses"}, "facility": {"code": 11090}}, {"service": {"name": "Laboratory Services"}, "facility": {"code": 11090}}, {"service": {"name": "Maternity Services"}, "facility": {"code": 11090}}, {"service": {"name": "Curative Services"}, "facility": {"code": 11090}}, {"service": {"name": "First Line Treatment"}, "facility": {"code": 11090}}, {"service": {"name": "Smear Microscopy"}, "facility": {"code": 11090}}, {"service": {"name": "Basic Immunization"}, "facility": {"code": 11090}}, {"service": {"name": "Focused Antenatal Care"}, "facility": {"code": 11090}}, {"service": {"name": "Integrated Services"}, "facility": {"code": 11090}}, {"service": {"name": "Short Term FP"}, "facility": {"code": 11090}}, {"service": {"name": "Adult Antiretroviral Therapy"}, "facility": {"code": 11090}}, {"service": {"name": "Paediatric Antiretroviral Therapy"}, "facility": {"code": 11090}}, {"service": {"name": "Diagnostic Counselling and Testing"}, "facility": {"code": 11090}}, {"service": {"name": "Voluntary Counselling and Testing"}, "facility": {"code": 11090}}, {"service": {"name": "Voluntary Male Circumcision"}, "facility": {"code": 11090}}, {"service": {"name": "PMTCT - Maternity"}, "facility": {"code": 11090}}, {"service": {"name": "Early Infant Diagnosis"}, "facility": {"code": 11090}}, {"service": {"name": "Management of STIs"}, "facility": {"code": 11090}}, {"service": {"name": "Emergency Preparedness"}, "facility": {"code": 10836}}, {"service": {"name": "Emergency Obstetric Care"}, "facility": {"code": 10836}}, {"service": {"name": "Environmental Health Services"}, "facility": {"code": 10836}}, {"service": {"name": "Services for Sexual Violence Survivors"}, "facility": {"code": 10836}}, {"service": {"name": "Mental Health Services"}, "facility": {"code": 10836}}, {"service": {"name": "Nutrition Services"}, "facility": {"code": 10836}}, {"service": {"name": "Integrated Management of Childhood Illnesses"}, "facility": {"code": 10836}}, {"service": {"name": "Laboratory Services"}, "facility": {"code": 10836}}, {"service": {"name": "Curative Services"}, "facility": {"code": 10836}}, {"service": {"name": "Basic Immunization"}, "facility": {"code": 10836}}, {"service": {"name": "Focused Antenatal Care"}, "facility": {"code": 10836}}, {"service": {"name": "Long Term FP"}, "facility": {"code": 10836}}, {"service": {"name": "Short Term FP"}, "facility": {"code": 10836}}, {"service": {"name": "Diagnostic Counselling and Testing"}, "facility": {"code": 10836}}, {"service": {"name": "PMTCT - ANC"}, "facility": {"code": 10836}}, {"service": {"name": "Early Infant Diagnosis"}, "facility": {"code": 10836}}, {"service": {"name": "Provider Initiated Counselling and Testing"}, "facility": {"code": 10836}}, {"service": {"name": "Management of STIs"}, "facility": {"code": 10836}}, {"service": {"name": "Condom Promotion and Distribution"}, "facility": {"code": 10836}}, {"service": {"name": "Nutrition Services"}, "facility": {"code": 10249}}, {"service": {"name": "Integrated Management of Childhood Illnesses"}, "facility": {"code": 10249}}, {"service": {"name": "Laboratory Services"}, "facility": {"code": 10249}}, {"service": {"name": "Maternity Services"}, "facility": {"code": 10249}}, {"service": {"name": "Curative Services"}, "facility": {"code": 10249}}, {"service": {"name": "Smear Microscopy"}, "facility": {"code": 10249}}, {"service": {"name": "Basic Immunization"}, "facility": {"code": 10249}}, {"service": {"name": "Focused Antenatal Care"}, "facility": {"code": 10249}}, {"service": {"name": "Integrated Services"}, "facility": {"code": 10249}}, {"service": {"name": "Short Term FP"}, "facility": {"code": 10249}}, {"service": {"name": "Adult Antiretroviral Therapy"}, "facility": {"code": 10249}}, {"service": {"name": "Paediatric Antiretroviral Therapy"}, "facility": {"code": 10249}}, {"service": {"name": "Post Exposure Prophylaxis"}, "facility": {"code": 10249}}, {"service": {"name": "Voluntary Male Circumcision"}, "facility": {"code": 10249}}, {"service": {"name": "PMTCT - Maternity"}, "facility": {"code": 10249}}], "unique_fields": ["facility", "service"], "model": "facilities.FacilityService"}]