[{"records": [{"service": {"name": "Oral Health Services (Dental Services)"}, "facility": {"code": 10602}}, {"service": {"name": "Emergency Obstetric Care"}, "facility": {"code": 10602}}, {"service": {"name": "Mortuary Services"}, "facility": {"code": 10602}}, {"service": {"name": "Rehabilitative Health Services - Occupational Health"}, "facility": {"code": 10602}}, {"service": {"name": "First Line Treatment"}, "facility": {"code": 10602}}, {"service": {"name": "Tuberculosis Culture"}, "facility": {"code": 10602}}, {"service": {"name": "Smear Microscopy"}, "facility": {"code": 10602}}, {"service": {"name": "Immunization with additional vaccines"}, "facility": {"code": 10602}}, {"service": {"name": "Basic Immunization"}, "facility": {"code": 10602}}, {"service": {"name": "Focused Antenatal Care"}, "facility": {"code": 10602}}, {"service": {"name": "Permanent FP"}, "facility": {"code": 10602}}, {"service": {"name": "Long Term FP"}, "facility": {"code": 10602}}, {"service": {"name": "Short Term FP"}, "facility": {"code": 10602}}, {"service": {"name": "Home Based Care"}, "facility": {"code": 10602}}, {"service": {"name": "Adult Antiretroviral Therapy"}, "facility": {"code": 10602}}, {"service": {"name": "Paediatric Antiretroviral Therapy"}, "facility": {"code": 10602}}, {"service": {"name": "Post Exposure Prophylaxis"}, "facility": {"code": 10602}}, {"service": {"name": "PMTCT - Maternity"}, "facility": {"code": 10602}}, {"service": {"name": "PMTCT - ANC"}, "facility": {"code": 10602}}, {"service": {"name": "Early Infant Diagnosis"}, "facility": {"code": 10602}}, {"service": {"name": "Diagnostic Counselling and Testing"}, "facility": {"code": 10602}}, {"service": {"name": "Voluntary Counselling and Testing"}, "facility": {"code": 10602}}, {"service": {"name": "Management of STIs"}, "facility": {"code": 10602}}, {"service": {"name": "Condom Promotion and Distribution"}, "facility": {"code": 10602}}, {"service": {"name": "Emergency Obstetric Care"}, "facility": {"code": 10952}}, {"service": {"name": "Laboratory Services"}, "facility": {"code": 10952}}, {"service": {"name": "Curative Services"}, "facility": {"code": 10952}}, {"service": {"name": "Basic Immunization"}, "facility": {"code": 10952}}, {"service": {"name": "Focused Antenatal Care"}, "facility": {"code": 10952}}, {"service": {"name": "Short Term FP"}, "facility": {"code": 10952}}, {"service": {"name": "PMTCT - ANC"}, "facility": {"code": 10952}}, {"service": {"name": "Diagnostic Counselling and Testing"}, "facility": {"code": 10952}}, {"service": {"name": "Provider Initiated Counselling and Testing"}, "facility": {"code": 10952}}, {"service": {"name": "Voluntary Counselling and Testing"}, "facility": {"code": 10952}}, {"service": {"name": "Management of STIs"}, "facility": {"code": 10952}}, {"service": {"name": "Laboratory Services"}, "facility": {"code": 12824}}, {"service": {"name": "Curative Services"}, "facility": {"code": 12824}}, {"service": {"name": "Short Term FP"}, "facility": {"code": 12824}}, {"service": {"name": "Management of STIs"}, "facility": {"code": 12824}}, {"service": {"name": "Condom Promotion and Distribution"}, "facility": {"code": 12824}}, {"service": {"name": "Laboratory Services"}, "facility": {"code": 12720}}, {"service": {"name": "Curative Services"}, "facility": {"code": 12720}}, {"service": {"name": "Immunization with additional vaccines"}, "facility": {"code": 12720}}, {"service": {"name": "Basic Immunization"}, "facility": {"code": 12720}}, {"service": {"name": "Focused Antenatal Care"}, "facility": {"code": 12720}}, {"service": {"name": "Integrated Services"}, "facility": {"code": 12720}}, {"service": {"name": "Long Term FP"}, "facility": {"code": 12720}}, {"service": {"name": "Short Term FP"}, "facility": {"code": 12720}}, {"service": {"name": "Diagnostic Counselling and Testing"}, "facility": {"code": 12720}}, {"service": {"name": "Provider Initiated Counselling and Testing"}, "facility": {"code": 12720}}, {"service": {"name": "Voluntary Counselling and Testing"}, "facility": {"code": 12720}}, {"service": {"name": "Management of STIs"}, "facility": {"code": 12720}}, {"service": {"name": "Condom Promotion and Distribution"}, "facility": {"code": 12720}}, {"service": {"name": "Emergency Preparedness"}, "facility": {"code": 12387}}, {"service": {"name": "Nutrition Services"}, "facility": {"code": 12387}}, {"service": {"name": "Laboratory Services"}, "facility": {"code": 12387}}, {"service": {"name": "Surgical Services"}, "facility": {"code": 12387}}, {"service": {"name": "Curative Services"}, "facility": {"code": 12387}}, {"service": {"name": "Laboratory Services"}, "facility": {"code": 16242}}, {"service": {"name": "Curative Services"}, "facility": {"code": 16242}}, {"service": {"name": "Long Term FP"}, "facility": {"code": 14915}}, {"service": {"name": "Voluntary Counselling and Testing"}, "facility": {"code": 14915}}, {"service": {"name": "Emergency Preparedness"}, "facility": {"code": 17366}}, {"service": {"name": "Emergency Obstetric Care"}, "facility": {"code": 17366}}, {"service": {"name": "Environmental Health Services"}, "facility": {"code": 17366}}, {"service": {"name": "Nutrition Services"}, "facility": {"code": 17366}}, {"service": {"name": "Integrated Management of Childhood Illnesses"}, "facility": {"code": 17366}}, {"service": {"name": "Laboratory Services"}, "facility": {"code": 17366}}, {"service": {"name": "Maternity Services"}, "facility": {"code": 17366}}, {"service": {"name": "Curative Services"}, "facility": {"code": 17366}}, {"service": {"name": "MDRTB Treatment"}, "facility": {"code": 17366}}, {"service": {"name": "Smear Microscopy"}, "facility": {"code": 17366}}, {"service": {"name": "Basic Immunization"}, "facility": {"code": 17366}}, {"service": {"name": "Specialized ANC"}, "facility": {"code": 17366}}, {"service": {"name": "Focused Antenatal Care"}, "facility": {"code": 17366}}, {"service": {"name": "Long Term FP"}, "facility": {"code": 17366}}, {"service": {"name": "Short Term FP"}, "facility": {"code": 17366}}, {"service": {"name": "PMTCT - Maternity"}, "facility": {"code": 17366}}, {"service": {"name": "PMTCT - ANC"}, "facility": {"code": 17366}}, {"service": {"name": "Diagnostic Counselling and Testing"}, "facility": {"code": 17366}}, {"service": {"name": "Condom Promotion and Distribution"}, "facility": {"code": 17366}}, {"service": {"name": "Provider Initiated Counselling and Testing"}, "facility": {"code": 11919}}, {"service": {"name": "Management of STIs"}, "facility": {"code": 11919}}, {"service": {"name": "Condom Promotion and Distribution"}, "facility": {"code": 11919}}, {"service": {"name": "Laboratory Services"}, "facility": {"code": 14624}}, {"service": {"name": "Maternity Services"}, "facility": {"code": 14624}}, {"service": {"name": "PMTCT - Maternity"}, "facility": {"code": 14624}}, {"service": {"name": "Curative Services"}, "facility": {"code": 12665}}, {"service": {"name": "Short Term FP"}, "facility": {"code": 12665}}, {"service": {"name": "PMTCT - ANC"}, "facility": {"code": 12665}}, {"service": {"name": "Provider Initiated Counselling and Testing"}, "facility": {"code": 12665}}, {"service": {"name": "Condom Promotion and Distribution"}, "facility": {"code": 12665}}, {"service": {"name": "Integrated Management of Childhood Illnesses"}, "facility": {"code": 12222}}, {"service": {"name": "Curative Services"}, "facility": {"code": 12222}}, {"service": {"name": "Basic Immunization"}, "facility": {"code": 12222}}, {"service": {"name": "Short Term FP"}, "facility": {"code": 12222}}, {"service": {"name": "PMTCT - ANC"}, "facility": {"code": 12222}}, {"service": {"name": "Integrated Management of Childhood Illnesses"}, "facility": {"code": 16237}}, {"service": {"name": "Curative Services"}, "facility": {"code": 16237}}, {"service": {"name": "Basic Immunization"}, "facility": {"code": 16237}}, {"service": {"name": "Short Term FP"}, "facility": {"code": 16237}}, {"service": {"name": "Emergency Obstetric Care"}, "facility": {"code": 17364}}, {"service": {"name": "Nutrition Services"}, "facility": {"code": 17364}}, {"service": {"name": "Integrated Management of Childhood Illnesses"}, "facility": {"code": 17364}}, {"service": {"name": "Curative Services"}, "facility": {"code": 17364}}, {"service": {"name": "Short Term FP"}, "facility": {"code": 17364}}, {"service": {"name": "PMTCT - ANC"}, "facility": {"code": 17364}}, {"service": {"name": "Diagnostic Counselling and Testing"}, "facility": {"code": 17364}}, {"service": {"name": "Management of STIs"}, "facility": {"code": 17364}}, {"service": {"name": "Condom Promotion and Distribution"}, "facility": {"code": 17364}}, {"service": {"name": "Emergency Obstetric Care"}, "facility": {"code": 17363}}, {"service": {"name": "Integrated Management of Childhood Illnesses"}, "facility": {"code": 17363}}, {"service": {"name": "Laboratory Services"}, "facility": {"code": 17363}}, {"service": {"name": "Curative Services"}, "facility": {"code": 17363}}, {"service": {"name": "Basic Immunization"}, "facility": {"code": 17363}}, {"service": {"name": "Focused Antenatal Care"}, "facility": {"code": 17363}}, {"service": {"name": "PMTCT - ANC"}, "facility": {"code": 17363}}, {"service": {"name": "Diagnostic Counselling and Testing"}, "facility": {"code": 17363}}, {"service": {"name": "Provider Initiated Counselling and Testing"}, "facility": {"code": 17363}}, {"service": {"name": "Voluntary Counselling and Testing"}, "facility": {"code": 17363}}, {"service": {"name": "Management of STIs"}, "facility": {"code": 17363}}, {"service": {"name": "Emergency Obstetric Care"}, "facility": {"code": 17362}}, {"service": {"name": "Integrated Management of Childhood Illnesses"}, "facility": {"code": 17362}}, {"service": {"name": "Ambulance Sevices"}, "facility": {"code": 17362}}, {"service": {"name": "Laboratory Services"}, "facility": {"code": 17362}}, {"service": {"name": "Maternity Services"}, "facility": {"code": 17362}}, {"service": {"name": "Curative Services"}, "facility": {"code": 17362}}, {"service": {"name": "Basic Immunization"}, "facility": {"code": 17362}}, {"service": {"name": "Focused Antenatal Care"}, "facility": {"code": 17362}}, {"service": {"name": "PMTCT - Maternity"}, "facility": {"code": 17362}}, {"service": {"name": "PMTCT - ANC"}, "facility": {"code": 17362}}, {"service": {"name": "Diagnostic Counselling and Testing"}, "facility": {"code": 17362}}, {"service": {"name": "Provider Initiated Counselling and Testing"}, "facility": {"code": 17362}}, {"service": {"name": "Voluntary Counselling and Testing"}, "facility": {"code": 17362}}, {"service": {"name": "Management of STIs"}, "facility": {"code": 17362}}, {"service": {"name": "Emergency Obstetric Care"}, "facility": {"code": 11170}}, {"service": {"name": "Mental Health Services"}, "facility": {"code": 11170}}, {"service": {"name": "Nutrition Services"}, "facility": {"code": 11170}}, {"service": {"name": "Integrated Management of Childhood Illnesses"}, "facility": {"code": 11170}}, {"service": {"name": "Laboratory Services"}, "facility": {"code": 11170}}, {"service": {"name": "Curative Services"}, "facility": {"code": 11170}}, {"service": {"name": "First Line Treatment"}, "facility": {"code": 11170}}, {"service": {"name": "Tuberculosis Culture"}, "facility": {"code": 11170}}, {"service": {"name": "Smear Microscopy"}, "facility": {"code": 11170}}, {"service": {"name": "Immunization with additional vaccines"}, "facility": {"code": 11170}}, {"service": {"name": "Basic Immunization"}, "facility": {"code": 11170}}, {"service": {"name": "Focused Antenatal Care"}, "facility": {"code": 11170}}, {"service": {"name": "Permanent FP"}, "facility": {"code": 11170}}, {"service": {"name": "Long Term FP"}, "facility": {"code": 11170}}, {"service": {"name": "Short Term FP"}, "facility": {"code": 11170}}, {"service": {"name": "Adult Antiretroviral Therapy"}, "facility": {"code": 11170}}, {"service": {"name": "Paediatric Antiretroviral Therapy"}, "facility": {"code": 11170}}, {"service": {"name": "Post Exposure Prophylaxis"}, "facility": {"code": 11170}}, {"service": {"name": "PMTCT - Maternity"}, "facility": {"code": 11170}}, {"service": {"name": "PMTCT - ANC"}, "facility": {"code": 11170}}, {"service": {"name": "Early Infant Diagnosis"}, "facility": {"code": 11170}}, {"service": {"name": "Diagnostic Counselling and Testing"}, "facility": {"code": 11170}}, {"service": {"name": "Provider Initiated Counselling and Testing"}, "facility": {"code": 11170}}, {"service": {"name": "Management of STIs"}, "facility": {"code": 11170}}, {"service": {"name": "Condom Promotion and Distribution"}, "facility": {"code": 11170}}, {"service": {"name": "Emergency Preparedness"}, "facility": {"code": 10603}}, {"service": {"name": "ENT Services"}, "facility": {"code": 10603}}, {"service": {"name": "Dental Laboratory Services"}, "facility": {"code": 10603}}, {"service": {"name": "Oral Health Services (Dental Services)"}, "facility": {"code": 10603}}, {"service": {"name": "Emergency Obstetric Care"}, "facility": {"code": 10603}}, {"service": {"name": "Rehabilitative Health Services - Physiotherapy"}, "facility": {"code": 10603}}, {"service": {"name": "Opthalmic Services"}, "facility": {"code": 10603}}, {"service": {"name": "Nutrition Services"}, "facility": {"code": 10603}}, {"service": {"name": "Integrated Management of Childhood Illnesses"}, "facility": {"code": 10603}}, {"service": {"name": "Ambulance Sevices"}, "facility": {"code": 10603}}, {"service": {"name": "Laboratory Services"}, "facility": {"code": 10603}}, {"service": {"name": "Radiology Services"}, "facility": {"code": 10603}}, {"service": {"name": "Surgical Services"}, "facility": {"code": 10603}}, {"service": {"name": "Maternity Services"}, "facility": {"code": 10603}}, {"service": {"name": "Curative Services"}, "facility": {"code": 10603}}, {"service": {"name": "Mortuary Services"}, "facility": {"code": 10603}}, {"service": {"name": "Facility Based Blood Transfusion Service"}, "facility": {"code": 10603}}, {"service": {"name": "Facility Based Blood Collection Service"}, "facility": {"code": 10603}}, {"service": {"name": "Rehabilitative Health Services - Orthopaedic Technology"}, "facility": {"code": 10603}}, {"service": {"name": "Rehabilitative Health Services - Occupational Health"}, "facility": {"code": 10603}}, {"service": {"name": "First Line Treatment"}, "facility": {"code": 10603}}, {"service": {"name": "Tuberculosis Culture"}, "facility": {"code": 10603}}, {"service": {"name": "Smear Microscopy"}, "facility": {"code": 10603}}, {"service": {"name": "Immunization with additional vaccines"}, "facility": {"code": 10603}}, {"service": {"name": "Basic Immunization"}, "facility": {"code": 10603}}, {"service": {"name": "Specialized ANC"}, "facility": {"code": 10603}}, {"service": {"name": "Focused Antenatal Care"}, "facility": {"code": 10603}}, {"service": {"name": "Permanent FP"}, "facility": {"code": 10603}}, {"service": {"name": "Long Term FP"}, "facility": {"code": 10603}}, {"service": {"name": "Short Term FP"}, "facility": {"code": 10603}}, {"service": {"name": "Home Based Care"}, "facility": {"code": 10603}}, {"service": {"name": "Adult Antiretroviral Therapy"}, "facility": {"code": 10603}}, {"service": {"name": "Paediatric Antiretroviral Therapy"}, "facility": {"code": 10603}}, {"service": {"name": "Post Exposure Prophylaxis"}, "facility": {"code": 10603}}, {"service": {"name": "Voluntary Male Circumcision"}, "facility": {"code": 10603}}, {"service": {"name": "PMTCT - Maternity"}, "facility": {"code": 10603}}, {"service": {"name": "PMTCT - ANC"}, "facility": {"code": 10603}}, {"service": {"name": "Early Infant Diagnosis"}, "facility": {"code": 10603}}, {"service": {"name": "Diagnostic Counselling and Testing"}, "facility": {"code": 10603}}, {"service": {"name": "Provider Initiated Counselling and Testing"}, "facility": {"code": 10603}}, {"service": {"name": "Voluntary Counselling and Testing"}, "facility": {"code": 10603}}, {"service": {"name": "Management of STIs"}, "facility": {"code": 10603}}, {"service": {"name": "Condom Promotion and Distribution"}, "facility": {"code": 10603}}, {"service": {"name": "Emergency Preparedness"}, "facility": {"code": 15317}}, {"service": {"name": "Emergency Obstetric Care"}, "facility": {"code": 15317}}, {"service": {"name": "Environmental Health Services"}, "facility": {"code": 15317}}, {"service": {"name": "Nutrition Services"}, "facility": {"code": 15317}}, {"service": {"name": "Integrated Management of Childhood Illnesses"}, "facility": {"code": 15317}}, {"service": {"name": "Laboratory Services"}, "facility": {"code": 15317}}, {"service": {"name": "Maternity Services"}, "facility": {"code": 15317}}, {"service": {"name": "Curative Services"}, "facility": {"code": 15317}}, {"service": {"name": "Basic Immunization"}, "facility": {"code": 15317}}, {"service": {"name": "Specialized ANC"}, "facility": {"code": 15317}}, {"service": {"name": "Long Term FP"}, "facility": {"code": 15317}}, {"service": {"name": "Short Term FP"}, "facility": {"code": 15317}}, {"service": {"name": "PMTCT - ANC"}, "facility": {"code": 15317}}, {"service": {"name": "Diagnostic Counselling and Testing"}, "facility": {"code": 15317}}, {"service": {"name": "Provider Initiated Counselling and Testing"}, "facility": {"code": 15317}}, {"service": {"name": "Voluntary Counselling and Testing"}, "facility": {"code": 15317}}, {"service": {"name": "Management of STIs"}, "facility": {"code": 15317}}, {"service": {"name": "Condom Promotion and Distribution"}, "facility": {"code": 15317}}, {"service": {"name": "Emergency Preparedness"}, "facility": {"code": 14883}}, {"service": {"name": "Emergency Obstetric Care"}, "facility": {"code": 14883}}, {"service": {"name": "Environmental Health Services"}, "facility": {"code": 14883}}, {"service": {"name": "Nutrition Services"}, "facility": {"code": 14883}}, {"service": {"name": "Integrated Management of Childhood Illnesses"}, "facility": {"code": 14883}}, {"service": {"name": "Laboratory Services"}, "facility": {"code": 14883}}, {"service": {"name": "Maternity Services"}, "facility": {"code": 14883}}, {"service": {"name": "Curative Services"}, "facility": {"code": 14883}}, {"service": {"name": "Basic Immunization"}, "facility": {"code": 14883}}, {"service": {"name": "Specialized ANC"}, "facility": {"code": 14883}}, {"service": {"name": "Focused Antenatal Care"}, "facility": {"code": 14883}}, {"service": {"name": "Long Term FP"}, "facility": {"code": 14883}}, {"service": {"name": "Short Term FP"}, "facility": {"code": 14883}}, {"service": {"name": "PMTCT - ANC"}, "facility": {"code": 14883}}, {"service": {"name": "Diagnostic Counselling and Testing"}, "facility": {"code": 14883}}, {"service": {"name": "Provider Initiated Counselling and Testing"}, "facility": {"code": 14883}}, {"service": {"name": "Voluntary Counselling and Testing"}, "facility": {"code": 14883}}, {"service": {"name": "Management of STIs"}, "facility": {"code": 14883}}, {"service": {"name": "Condom Promotion and Distribution"}, "facility": {"code": 14883}}, {"service": {"name": "Emergency Preparedness"}, "facility": {"code": 15068}}, {"service": {"name": "Environmental Health Services"}, "facility": {"code": 15068}}, {"service": {"name": "Services for Sexual Violence Survivors"}, "facility": {"code": 15068}}, {"service": {"name": "Nutrition Services"}, "facility": {"code": 15068}}, {"service": {"name": "Integrated Management of Childhood Illnesses"}, "facility": {"code": 15068}}, {"service": {"name": "Ambulance Sevices"}, "facility": {"code": 15068}}, {"service": {"name": "Laboratory Services"}, "facility": {"code": 15068}}, {"service": {"name": "Surgical Services"}, "facility": {"code": 15068}}, {"service": {"name": "Maternity Services"}, "facility": {"code": 15068}}, {"service": {"name": "Curative Services"}, "facility": {"code": 15068}}, {"service": {"name": "Mortuary Services"}, "facility": {"code": 15068}}, {"service": {"name": "First Line Treatment"}, "facility": {"code": 15068}}, {"service": {"name": "Smear Microscopy"}, "facility": {"code": 15068}}, {"service": {"name": "Immunization with additional vaccines"}, "facility": {"code": 15068}}, {"service": {"name": "Basic Immunization"}, "facility": {"code": 15068}}, {"service": {"name": "Focused Antenatal Care"}, "facility": {"code": 15068}}, {"service": {"name": "Permanent FP"}, "facility": {"code": 15068}}, {"service": {"name": "Long Term FP"}, "facility": {"code": 15068}}, {"service": {"name": "Short Term FP"}, "facility": {"code": 15068}}, {"service": {"name": "Adult Antiretroviral Therapy"}, "facility": {"code": 15068}}, {"service": {"name": "Paediatric Antiretroviral Therapy"}, "facility": {"code": 15068}}, {"service": {"name": "Voluntary Male Circumcision"}, "facility": {"code": 15068}}, {"service": {"name": "PMTCT - Maternity"}, "facility": {"code": 15068}}, {"service": {"name": "PMTCT - ANC"}, "facility": {"code": 15068}}, {"service": {"name": "Early Infant Diagnosis"}, "facility": {"code": 15068}}, {"service": {"name": "Diagnostic Counselling and Testing"}, "facility": {"code": 15068}}, {"service": {"name": "Post Exposure Prophylaxis"}, "facility": {"code": 15068}}, {"service": {"name": "Provider Initiated Counselling and Testing"}, "facility": {"code": 15068}}, {"service": {"name": "Voluntary Counselling and Testing"}, "facility": {"code": 15068}}, {"service": {"name": "Management of STIs"}, "facility": {"code": 15068}}, {"service": {"name": "Condom Promotion and Distribution"}, "facility": {"code": 15068}}, {"service": {"name": "Ambulance Sevices"}, "facility": {"code": 15656}}, {"service": {"name": "Emergency Preparedness"}, "facility": {"code": 15656}}, {"service": {"name": "Environmental Health Services"}, "facility": {"code": 15656}}, {"service": {"name": "Nutrition Services"}, "facility": {"code": 15656}}, {"service": {"name": "Integrated Management of Childhood Illnesses"}, "facility": {"code": 15656}}, {"service": {"name": "Curative Services"}, "facility": {"code": 15656}}, {"service": {"name": "Basic Immunization"}, "facility": {"code": 15656}}, {"service": {"name": "Focused Antenatal Care"}, "facility": {"code": 15656}}, {"service": {"name": "Home Based Care"}, "facility": {"code": 15656}}, {"service": {"name": "Adult Antiretroviral Therapy"}, "facility": {"code": 15656}}, {"service": {"name": "Post Exposure Prophylaxis"}, "facility": {"code": 15656}}, {"service": {"name": "PMTCT - Maternity"}, "facility": {"code": 15656}}, {"service": {"name": "PMTCT - ANC"}, "facility": {"code": 15656}}, {"service": {"name": "Early Infant Diagnosis"}, "facility": {"code": 15656}}, {"service": {"name": "Diagnostic Counselling and Testing"}, "facility": {"code": 15656}}, {"service": {"name": "Provider Initiated Counselling and Testing"}, "facility": {"code": 15656}}, {"service": {"name": "Management of STIs"}, "facility": {"code": 15656}}, {"service": {"name": "Long Term FP"}, "facility": {"code": 17222}}, {"service": {"name": "Diagnostic Counselling and Testing"}, "facility": {"code": 17222}}, {"service": {"name": "Provider Initiated Counselling and Testing"}, "facility": {"code": 17222}}, {"service": {"name": "Diagnostic Counselling and Testing"}, "facility": {"code": 10905}}, {"service": {"name": "Emergency Preparedness"}, "facility": {"code": 10905}}, {"service": {"name": "Emergency Obstetric Care"}, "facility": {"code": 10905}}, {"service": {"name": "Environmental Health Services"}, "facility": {"code": 10905}}, {"service": {"name": "Ambulance Sevices"}, "facility": {"code": 10905}}, {"service": {"name": "Laboratory Services"}, "facility": {"code": 10905}}, {"service": {"name": "Curative Services"}, "facility": {"code": 10905}}, {"service": {"name": "Basic Immunization"}, "facility": {"code": 10905}}, {"service": {"name": "Focused Antenatal Care"}, "facility": {"code": 10905}}, {"service": {"name": "Integrated Services"}, "facility": {"code": 10905}}, {"service": {"name": "Short Term FP"}, "facility": {"code": 10905}}, {"service": {"name": "Voluntary Male Circumcision"}, "facility": {"code": 10905}}, {"service": {"name": "Post Exposure Prophylaxis"}, "facility": {"code": 10905}}, {"service": {"name": "PMTCT - ANC"}, "facility": {"code": 10905}}, {"service": {"name": "Provider Initiated Counselling and Testing"}, "facility": {"code": 10905}}, {"service": {"name": "Voluntary Counselling and Testing"}, "facility": {"code": 10905}}, {"service": {"name": "Early Infant Diagnosis"}, "facility": {"code": 10905}}, {"service": {"name": "Management of STIs"}, "facility": {"code": 10905}}, {"service": {"name": "Condom Promotion and Distribution"}, "facility": {"code": 10905}}, {"service": {"name": "Provider Initiated Counselling and Testing"}, "facility": {"code": 10643}}, {"service": {"name": "PMTCT - ANC"}, "facility": {"code": 10643}}, {"service": {"name": "Emergency Obstetric Care"}, "facility": {"code": 10643}}, {"service": {"name": "Curative Services"}, "facility": {"code": 10643}}, {"service": {"name": "Basic Immunization"}, "facility": {"code": 10643}}, {"service": {"name": "Focused Antenatal Care"}, "facility": {"code": 10643}}, {"service": {"name": "Integrated Services"}, "facility": {"code": 10643}}, {"service": {"name": "Short Term FP"}, "facility": {"code": 10643}}, {"service": {"name": "Post Exposure Prophylaxis"}, "facility": {"code": 10643}}, {"service": {"name": "Diagnostic Counselling and Testing"}, "facility": {"code": 10643}}, {"service": {"name": "Management of STIs"}, "facility": {"code": 10643}}, {"service": {"name": "Condom Promotion and Distribution"}, "facility": {"code": 10643}}, {"service": {"name": "Condom Promotion and Distribution"}, "facility": {"code": 10333}}, {"service": {"name": "Curative Services"}, "facility": {"code": 10333}}, {"service": {"name": "Basic Immunization"}, "facility": {"code": 10333}}, {"service": {"name": "Focused Antenatal Care"}, "facility": {"code": 10333}}, {"service": {"name": "Integrated Services"}, "facility": {"code": 10333}}, {"service": {"name": "Short Term FP"}, "facility": {"code": 10333}}, {"service": {"name": "Post Exposure Prophylaxis"}, "facility": {"code": 10333}}, {"service": {"name": "PMTCT - ANC"}, "facility": {"code": 10333}}, {"service": {"name": "Diagnostic Counselling and Testing"}, "facility": {"code": 10333}}, {"service": {"name": "Provider Initiated Counselling and Testing"}, "facility": {"code": 10333}}, {"service": {"name": "Management of STIs"}, "facility": {"code": 10333}}, {"service": {"name": "PMTCT - ANC"}, "facility": {"code": 10420}}, {"service": {"name": "Focused Antenatal Care"}, "facility": {"code": 10420}}, {"service": {"name": "Emergency Obstetric Care"}, "facility": {"code": 10420}}, {"service": {"name": "Laboratory Services"}, "facility": {"code": 10420}}, {"service": {"name": "Maternity Services"}, "facility": {"code": 10420}}, {"service": {"name": "Curative Services"}, "facility": {"code": 10420}}, {"service": {"name": "Basic Immunization"}, "facility": {"code": 10420}}, {"service": {"name": "Integrated Services"}, "facility": {"code": 10420}}, {"service": {"name": "PMTCT - Maternity"}, "facility": {"code": 10420}}, {"service": {"name": "Diagnostic Counselling and Testing"}, "facility": {"code": 10420}}, {"service": {"name": "Provider Initiated Counselling and Testing"}, "facility": {"code": 10420}}, {"service": {"name": "Management of STIs"}, "facility": {"code": 10420}}, {"service": {"name": "Emergency Preparedness"}, "facility": {"code": 15753}}, {"service": {"name": "Nutrition Services"}, "facility": {"code": 17353}}, {"service": {"name": "Basic Immunization"}, "facility": {"code": 17353}}, {"service": {"name": "Focused Antenatal Care"}, "facility": {"code": 17353}}, {"service": {"name": "Integrated Services"}, "facility": {"code": 17353}}, {"service": {"name": "Short Term FP"}, "facility": {"code": 17353}}, {"service": {"name": "Provider Initiated Counselling and Testing"}, "facility": {"code": 17353}}, {"service": {"name": "Condom Promotion and Distribution"}, "facility": {"code": 17353}}, {"service": {"name": "Nutrition Services"}, "facility": {"code": 13462}}, {"service": {"name": "Integrated Management of Childhood Illnesses"}, "facility": {"code": 13462}}, {"service": {"name": "Laboratory Services"}, "facility": {"code": 13462}}, {"service": {"name": "Surgical Services"}, "facility": {"code": 13462}}, {"service": {"name": "Maternity Services"}, "facility": {"code": 13462}}, {"service": {"name": "Curative Services"}, "facility": {"code": 13462}}, {"service": {"name": "Mortuary Services"}, "facility": {"code": 13462}}, {"service": {"name": "Port Health Services"}, "facility": {"code": 13462}}, {"service": {"name": "Services for Female Genital Mutilation (FGM) Survivors"}, "facility": {"code": 13462}}, {"service": {"name": "Facility Based Blood Transfusion Service"}, "facility": {"code": 13462}}, {"service": {"name": "Facility Based Blood Collection Service"}, "facility": {"code": 13462}}, {"service": {"name": "Rehabilitative Health Services - Orthopaedic Technology"}, "facility": {"code": 13462}}, {"service": {"name": "Rehabilitative Health Services - Occupational Health"}, "facility": {"code": 13462}}, {"service": {"name": "First Line Treatment"}, "facility": {"code": 13462}}, {"service": {"name": "Tuberculosis Culture"}, "facility": {"code": 13462}}, {"service": {"name": "Smear Microscopy"}, "facility": {"code": 13462}}, {"service": {"name": "MDRTB Treatment"}, "facility": {"code": 13462}}, {"service": {"name": "Immunization with additional vaccines"}, "facility": {"code": 13462}}, {"service": {"name": "Port Immunization Services"}, "facility": {"code": 13462}}, {"service": {"name": "Specialized ANC"}, "facility": {"code": 13462}}, {"service": {"name": "Stand Alone Services"}, "facility": {"code": 13462}}, {"service": {"name": "Permanent FP"}, "facility": {"code": 13462}}, {"service": {"name": "Long Term FP"}, "facility": {"code": 15616}}, {"service": {"name": "Emergency Obstetric Care"}, "facility": {"code": 17352}}, {"service": {"name": "Emergency Preparedness"}, "facility": {"code": 17352}}, {"service": {"name": "Environmental Health Services"}, "facility": {"code": 17352}}, {"service": {"name": "Laboratory Services"}, "facility": {"code": 17352}}, {"service": {"name": "Surgical Services"}, "facility": {"code": 17352}}, {"service": {"name": "Integrated Management of Childhood Illnesses"}, "facility": {"code": 17352}}, {"service": {"name": "Maternity Services"}, "facility": {"code": 17352}}, {"service": {"name": "Nutrition Services"}, "facility": {"code": 17352}}, {"service": {"name": "Curative Services"}, "facility": {"code": 17352}}, {"service": {"name": "Basic Immunization"}, "facility": {"code": 17352}}, {"service": {"name": "Focused Antenatal Care"}, "facility": {"code": 17352}}, {"service": {"name": "Short Term FP"}, "facility": {"code": 17352}}, {"service": {"name": "Provider Initiated Counselling and Testing"}, "facility": {"code": 17352}}, {"service": {"name": "Diagnostic Counselling and Testing"}, "facility": {"code": 17352}}, {"service": {"name": "Voluntary Counselling and Testing"}, "facility": {"code": 17352}}, {"service": {"name": "PMTCT - ANC"}, "facility": {"code": 17352}}, {"service": {"name": "Condom Promotion and Distribution"}, "facility": {"code": 17352}}, {"service": {"name": "Voluntary Counselling and Testing"}, "facility": {"code": 14999}}, {"service": {"name": "Maternity Services"}, "facility": {"code": 15616}}, {"service": {"name": "Specialized ANC"}, "facility": {"code": 15616}}, {"service": {"name": "Emergency Preparedness"}, "facility": {"code": 15616}}, {"service": {"name": "Smear Microscopy"}, "facility": {"code": 15478}}, {"service": {"name": "Basic Immunization"}, "facility": {"code": 15478}}, {"service": {"name": "Immunization with additional vaccines"}, "facility": {"code": 12287}}, {"service": {"name": "Home Based Care"}, "facility": {"code": 12287}}, {"service": {"name": "Basic Immunization"}, "facility": {"code": 12387}}, {"service": {"name": "Focused Antenatal Care"}, "facility": {"code": 12387}}, {"service": {"name": "Short Term FP"}, "facility": {"code": 12387}}, {"service": {"name": "Voluntary Male Circumcision"}, "facility": {"code": 12387}}, {"service": {"name": "Provider Initiated Counselling and Testing"}, "facility": {"code": 12387}}, {"service": {"name": "Voluntary Counselling and Testing"}, "facility": {"code": 12387}}, {"service": {"name": "Management of STIs"}, "facility": {"code": 12387}}, {"service": {"name": "Condom Promotion and Distribution"}, "facility": {"code": 12387}}, {"service": {"name": "Basic Immunization"}, "facility": {"code": 16242}}, {"service": {"name": "Immunization with additional vaccines"}, "facility": {"code": 16242}}, {"service": {"name": "Focused Antenatal Care"}, "facility": {"code": 16242}}, {"service": {"name": "Long Term FP"}, "facility": {"code": 16242}}, {"service": {"name": "Short Term FP"}, "facility": {"code": 16242}}, {"service": {"name": "Voluntary Male Circumcision"}, "facility": {"code": 16242}}, {"service": {"name": "PMTCT - ANC"}, "facility": {"code": 16242}}, {"service": {"name": "Provider Initiated Counselling and Testing"}, "facility": {"code": 16242}}, {"service": {"name": "Diagnostic Counselling and Testing"}, "facility": {"code": 16242}}, {"service": {"name": "Management of STIs"}, "facility": {"code": 16242}}, {"service": {"name": "Voluntary Counselling and Testing"}, "facility": {"code": 16242}}, {"service": {"name": "Condom Promotion and Distribution"}, "facility": {"code": 16242}}, {"service": {"name": "Diagnostic Counselling and Testing"}, "facility": {"code": 13637}}, {"service": {"name": "Provider Initiated Counselling and Testing"}, "facility": {"code": 13637}}, {"service": {"name": "Laboratory Services"}, "facility": {"code": 13586}}, {"service": {"name": "Long Term FP"}, "facility": {"code": 13586}}, {"service": {"name": "Condom Promotion and Distribution"}, "facility": {"code": 13586}}, {"service": {"name": "Oral Health Services (Dental Services)"}, "facility": {"code": 13939}}, {"service": {"name": "Emergency Obstetric Care"}, "facility": {"code": 13939}}, {"service": {"name": "Rehabilitative Health Services - Physiotherapy"}, "facility": {"code": 13939}}, {"service": {"name": "Services for Sexual Violence Survivors"}, "facility": {"code": 13939}}, {"service": {"name": "Mental Health Services"}, "facility": {"code": 13939}}, {"service": {"name": "Opthalmic Services"}, "facility": {"code": 13939}}, {"service": {"name": "Nutrition Services"}, "facility": {"code": 13939}}, {"service": {"name": "Integrated Management of Childhood Illnesses"}, "facility": {"code": 13939}}, {"service": {"name": "Ambulance Sevices"}, "facility": {"code": 13939}}, {"service": {"name": "Laboratory Services"}, "facility": {"code": 13939}}, {"service": {"name": "Radiology Services"}, "facility": {"code": 13939}}, {"service": {"name": "Surgical Services"}, "facility": {"code": 13939}}, {"service": {"name": "Maternity Services"}, "facility": {"code": 13939}}, {"service": {"name": "Curative Services"}, "facility": {"code": 13939}}, {"service": {"name": "Mortuary Services"}, "facility": {"code": 13939}}, {"service": {"name": "Facility Based Blood Transfusion Service"}, "facility": {"code": 13939}}, {"service": {"name": "Rehabilitative Health Services - Orthopaedic Technology"}, "facility": {"code": 13939}}, {"service": {"name": "Rehabilitative Health Services - Occupational Health"}, "facility": {"code": 13939}}, {"service": {"name": "First Line Treatment"}, "facility": {"code": 13939}}, {"service": {"name": "Tuberculosis Culture"}, "facility": {"code": 13939}}, {"service": {"name": "Smear Microscopy"}, "facility": {"code": 13939}}, {"service": {"name": "Basic Immunization"}, "facility": {"code": 13939}}, {"service": {"name": "Focused Antenatal Care"}, "facility": {"code": 13939}}, {"service": {"name": "Integrated Services"}, "facility": {"code": 13939}}, {"service": {"name": "Permanent FP"}, "facility": {"code": 13939}}, {"service": {"name": "Long Term FP"}, "facility": {"code": 13939}}, {"service": {"name": "Short Term FP"}, "facility": {"code": 13939}}, {"service": {"name": "Adult Antiretroviral Therapy"}, "facility": {"code": 13939}}, {"service": {"name": "Paediatric Antiretroviral Therapy"}, "facility": {"code": 13939}}, {"service": {"name": "Post Exposure Prophylaxis"}, "facility": {"code": 13939}}, {"service": {"name": "Voluntary Male Circumcision"}, "facility": {"code": 13939}}, {"service": {"name": "PMTCT - Maternity"}, "facility": {"code": 13939}}, {"service": {"name": "PMTCT - ANC"}, "facility": {"code": 13939}}, {"service": {"name": "Early Infant Diagnosis"}, "facility": {"code": 13939}}, {"service": {"name": "Diagnostic Counselling and Testing"}, "facility": {"code": 13939}}, {"service": {"name": "Provider Initiated Counselling and Testing"}, "facility": {"code": 13939}}, {"service": {"name": "Voluntary Counselling and Testing"}, "facility": {"code": 13939}}, {"service": {"name": "Management of STIs"}, "facility": {"code": 13939}}, {"service": {"name": "Condom Promotion and Distribution"}, "facility": {"code": 13939}}, {"service": {"name": "Maternity Services"}, "facility": {"code": 13807}}, {"service": {"name": "Long Term FP"}, "facility": {"code": 13807}}, {"service": {"name": "Post Exposure Prophylaxis"}, "facility": {"code": 13807}}, {"service": {"name": "Voluntary Male Circumcision"}, "facility": {"code": 13807}}, {"service": {"name": "PMTCT - Maternity"}, "facility": {"code": 13807}}, {"service": {"name": "Early Infant Diagnosis"}, "facility": {"code": 13807}}, {"service": {"name": "Diagnostic Counselling and Testing"}, "facility": {"code": 13807}}, {"service": {"name": "Voluntary Counselling and Testing"}, "facility": {"code": 13807}}, {"service": {"name": "Laboratory Services"}, "facility": {"code": 13776}}, {"service": {"name": "Maternity Services"}, "facility": {"code": 13776}}, {"service": {"name": "Curative Services"}, "facility": {"code": 13776}}, {"service": {"name": "Basic Immunization"}, "facility": {"code": 13776}}, {"service": {"name": "Focused Antenatal Care"}, "facility": {"code": 13776}}, {"service": {"name": "Permanent FP"}, "facility": {"code": 13776}}, {"service": {"name": "Long Term FP"}, "facility": {"code": 13776}}, {"service": {"name": "Short Term FP"}, "facility": {"code": 13776}}, {"service": {"name": "Post Exposure Prophylaxis"}, "facility": {"code": 13776}}, {"service": {"name": "Voluntary Male Circumcision"}, "facility": {"code": 13776}}, {"service": {"name": "PMTCT - Maternity"}, "facility": {"code": 13776}}, {"service": {"name": "PMTCT - ANC"}, "facility": {"code": 13776}}, {"service": {"name": "Voluntary Counselling and Testing"}, "facility": {"code": 13776}}, {"service": {"name": "Condom Promotion and Distribution"}, "facility": {"code": 13776}}, {"service": {"name": "Emergency Preparedness"}, "facility": {"code": 15699}}, {"service": {"name": "Emergency Preparedness"}, "facility": {"code": 15412}}, {"service": {"name": "Emergency Preparedness"}, "facility": {"code": 15383}}, {"service": {"name": "Emergency Obstetric Care"}, "facility": {"code": 15383}}, {"service": {"name": "Emergency Preparedness"}, "facility": {"code": 15603}}, {"service": {"name": "Emergency Preparedness"}, "facility": {"code": 14965}}, {"service": {"name": "Emergency Preparedness"}, "facility": {"code": 14847}}, {"service": {"name": "Curative Services"}, "facility": {"code": 14847}}, {"service": {"name": "Emergency Preparedness"}, "facility": {"code": 14364}}, {"service": {"name": "Emergency Obstetric Care"}, "facility": {"code": 14364}}, {"service": {"name": "Curative Services"}, "facility": {"code": 14364}}, {"service": {"name": "Immunization with additional vaccines"}, "facility": {"code": 14364}}, {"service": {"name": "Basic Immunization"}, "facility": {"code": 14364}}, {"service": {"name": "Focused Antenatal Care"}, "facility": {"code": 14364}}, {"service": {"name": "Short Term FP"}, "facility": {"code": 14364}}, {"service": {"name": "PMTCT - Maternity"}, "facility": {"code": 14364}}, {"service": {"name": "PMTCT - ANC"}, "facility": {"code": 14364}}, {"service": {"name": "Provider Initiated Counselling and Testing"}, "facility": {"code": 14364}}, {"service": {"name": "Management of STIs"}, "facility": {"code": 14364}}, {"service": {"name": "Condom Promotion and Distribution"}, "facility": {"code": 14364}}, {"service": {"name": "Emergency Preparedness"}, "facility": {"code": 14318}}, {"service": {"name": "Emergency Obstetric Care"}, "facility": {"code": 14318}}, {"service": {"name": "Curative Services"}, "facility": {"code": 14318}}, {"service": {"name": "Immunization with additional vaccines"}, "facility": {"code": 14318}}, {"service": {"name": "Basic Immunization"}, "facility": {"code": 14318}}, {"service": {"name": "Focused Antenatal Care"}, "facility": {"code": 14318}}, {"service": {"name": "Long Term FP"}, "facility": {"code": 14318}}, {"service": {"name": "Short Term FP"}, "facility": {"code": 14318}}, {"service": {"name": "PMTCT - ANC"}, "facility": {"code": 14318}}, {"service": {"name": "Management of STIs"}, "facility": {"code": 14318}}, {"service": {"name": "Condom Promotion and Distribution"}, "facility": {"code": 14318}}, {"service": {"name": "Curative Services"}, "facility": {"code": 14313}}, {"service": {"name": "Short Term FP"}, "facility": {"code": 14313}}, {"service": {"name": "Management of STIs"}, "facility": {"code": 14313}}, {"service": {"name": "Condom Promotion and Distribution"}, "facility": {"code": 14313}}, {"service": {"name": "Voluntary Counselling and Testing"}, "facility": {"code": 14848}}, {"service": {"name": "Environmental Health Services"}, "facility": {"code": 15739}}, {"service": {"name": "Services for Sexual Violence Survivors"}, "facility": {"code": 15739}}, {"service": {"name": "Mental Health Services"}, "facility": {"code": 15739}}, {"service": {"name": "Opthalmic Services"}, "facility": {"code": 15739}}, {"service": {"name": "Nutrition Services"}, "facility": {"code": 15739}}, {"service": {"name": "Integrated Management of Childhood Illnesses"}, "facility": {"code": 15739}}, {"service": {"name": "Ambulance Sevices"}, "facility": {"code": 15739}}, {"service": {"name": "Laboratory Services"}, "facility": {"code": 15739}}, {"service": {"name": "Radiology Services"}, "facility": {"code": 15739}}, {"service": {"name": "Surgical Services"}, "facility": {"code": 15739}}, {"service": {"name": "Maternity Services"}, "facility": {"code": 15739}}, {"service": {"name": "Nutrition Services"}, "facility": {"code": 14194}}, {"service": {"name": "Integrated Management of Childhood Illnesses"}, "facility": {"code": 14194}}, {"service": {"name": "Ambulance Sevices"}, "facility": {"code": 14194}}, {"service": {"name": "Maternity Services"}, "facility": {"code": 14194}}, {"service": {"name": "Curative Services"}, "facility": {"code": 14194}}, {"service": {"name": "Management of STIs"}, "facility": {"code": 14194}}, {"service": {"name": "Condom Promotion and Distribution"}, "facility": {"code": 14194}}, {"service": {"name": "Emergency Preparedness"}, "facility": {"code": 15085}}, {"service": {"name": "Emergency Obstetric Care"}, "facility": {"code": 15085}}, {"service": {"name": "Environmental Health Services"}, "facility": {"code": 15085}}, {"service": {"name": "Integrated Management of Childhood Illnesses"}, "facility": {"code": 15085}}, {"service": {"name": "Maternity Services"}, "facility": {"code": 15085}}, {"service": {"name": "Curative Services"}, "facility": {"code": 15085}}, {"service": {"name": "Basic Immunization"}, "facility": {"code": 15085}}, {"service": {"name": "Focused Antenatal Care"}, "facility": {"code": 15085}}, {"service": {"name": "Long Term FP"}, "facility": {"code": 15085}}, {"service": {"name": "Short Term FP"}, "facility": {"code": 15085}}, {"service": {"name": "Management of STIs"}, "facility": {"code": 15085}}, {"service": {"name": "Condom Promotion and Distribution"}, "facility": {"code": 15085}}, {"service": {"name": "Environmental Health Services"}, "facility": {"code": 15094}}, {"service": {"name": "Nutrition Services"}, "facility": {"code": 15094}}, {"service": {"name": "Maternity Services"}, "facility": {"code": 15094}}, {"service": {"name": "Long Term FP"}, "facility": {"code": 15094}}, {"service": {"name": "Short Term FP"}, "facility": {"code": 15094}}, {"service": {"name": "Emergency Preparedness"}, "facility": {"code": 15307}}, {"service": {"name": "Emergency Obstetric Care"}, "facility": {"code": 15307}}, {"service": {"name": "Environmental Health Services"}, "facility": {"code": 15307}}, {"service": {"name": "Nutrition Services"}, "facility": {"code": 15307}}, {"service": {"name": "Maternity Services"}, "facility": {"code": 15307}}, {"service": {"name": "Curative Services"}, "facility": {"code": 15307}}, {"service": {"name": "Focused Antenatal Care"}, "facility": {"code": 15307}}, {"service": {"name": "Long Term FP"}, "facility": {"code": 15307}}, {"service": {"name": "Short Term FP"}, "facility": {"code": 15307}}, {"service": {"name": "Management of STIs"}, "facility": {"code": 15307}}, {"service": {"name": "Condom Promotion and Distribution"}, "facility": {"code": 15307}}, {"service": {"name": "Emergency Preparedness"}, "facility": {"code": 15084}}, {"service": {"name": "Emergency Obstetric Care"}, "facility": {"code": 15084}}, {"service": {"name": "Environmental Health Services"}, "facility": {"code": 15084}}, {"service": {"name": "Nutrition Services"}, "facility": {"code": 15084}}, {"service": {"name": "Integrated Management of Childhood Illnesses"}, "facility": {"code": 15084}}, {"service": {"name": "Maternity Services"}, "facility": {"code": 15084}}, {"service": {"name": "Curative Services"}, "facility": {"code": 15084}}, {"service": {"name": "Focused Antenatal Care"}, "facility": {"code": 15084}}, {"service": {"name": "Long Term FP"}, "facility": {"code": 15084}}, {"service": {"name": "Short Term FP"}, "facility": {"code": 15084}}, {"service": {"name": "Management of STIs"}, "facility": {"code": 15084}}, {"service": {"name": "Condom Promotion and Distribution"}, "facility": {"code": 15084}}, {"service": {"name": "Emergency Preparedness"}, "facility": {"code": 14683}}, {"service": {"name": "Emergency Obstetric Care"}, "facility": {"code": 14683}}, {"service": {"name": "Environmental Health Services"}, "facility": {"code": 14683}}, {"service": {"name": "Integrated Management of Childhood Illnesses"}, "facility": {"code": 14683}}, {"service": {"name": "Nutrition Services"}, "facility": {"code": 14683}}, {"service": {"name": "Maternity Services"}, "facility": {"code": 14683}}, {"service": {"name": "Oral Health Services (Dental Services)"}, "facility": {"code": 17346}}, {"service": {"name": "Laboratory Services"}, "facility": {"code": 17346}}, {"service": {"name": "Curative Services"}, "facility": {"code": 17346}}, {"service": {"name": "Focused Antenatal Care"}, "facility": {"code": 17346}}, {"service": {"name": "Long Term FP"}, "facility": {"code": 17346}}, {"service": {"name": "Short Term FP"}, "facility": {"code": 17346}}, {"service": {"name": "Management of STIs"}, "facility": {"code": 17346}}, {"service": {"name": "Condom Promotion and Distribution"}, "facility": {"code": 17346}}, {"service": {"name": "Emergency Preparedness"}, "facility": {"code": 15275}}, {"service": {"name": "Emergency Obstetric Care"}, "facility": {"code": 15275}}, {"service": {"name": "Environmental Health Services"}, "facility": {"code": 15275}}, {"service": {"name": "Opthalmic Services"}, "facility": {"code": 15275}}, {"service": {"name": "Nutrition Services"}, "facility": {"code": 15275}}, {"service": {"name": "Integrated Management of Childhood Illnesses"}, "facility": {"code": 15275}}, {"service": {"name": "Maternity Services"}, "facility": {"code": 15275}}, {"service": {"name": "Curative Services"}, "facility": {"code": 15275}}, {"service": {"name": "Long Term FP"}, "facility": {"code": 15275}}, {"service": {"name": "Short Term FP"}, "facility": {"code": 15275}}, {"service": {"name": "Management of STIs"}, "facility": {"code": 15275}}, {"service": {"name": "Condom Promotion and Distribution"}, "facility": {"code": 15275}}, {"service": {"name": "Emergency Preparedness"}, "facility": {"code": 15298}}, {"service": {"name": "Emergency Obstetric Care"}, "facility": {"code": 15298}}, {"service": {"name": "Opthalmic Services"}, "facility": {"code": 15298}}, {"service": {"name": "Nutrition Services"}, "facility": {"code": 15298}}, {"service": {"name": "Integrated Management of Childhood Illnesses"}, "facility": {"code": 15298}}, {"service": {"name": "Maternity Services"}, "facility": {"code": 15298}}, {"service": {"name": "Curative Services"}, "facility": {"code": 15298}}, {"service": {"name": "Basic Immunization"}, "facility": {"code": 15298}}, {"service": {"name": "Long Term FP"}, "facility": {"code": 15298}}, {"service": {"name": "Short Term FP"}, "facility": {"code": 15298}}, {"service": {"name": "PMTCT - Maternity"}, "facility": {"code": 15298}}, {"service": {"name": "PMTCT - ANC"}, "facility": {"code": 15298}}, {"service": {"name": "Management of STIs"}, "facility": {"code": 15298}}, {"service": {"name": "Condom Promotion and Distribution"}, "facility": {"code": 15298}}, {"service": {"name": "Emergency Preparedness"}, "facility": {"code": 14656}}, {"service": {"name": "Environmental Health Services"}, "facility": {"code": 14656}}, {"service": {"name": "Opthalmic Services"}, "facility": {"code": 14656}}, {"service": {"name": "Nutrition Services"}, "facility": {"code": 14656}}, {"service": {"name": "Integrated Management of Childhood Illnesses"}, "facility": {"code": 14656}}, {"service": {"name": "Maternity Services"}, "facility": {"code": 14656}}, {"service": {"name": "Curative Services"}, "facility": {"code": 14656}}, {"service": {"name": "Focused Antenatal Care"}, "facility": {"code": 14656}}, {"service": {"name": "Long Term FP"}, "facility": {"code": 14656}}, {"service": {"name": "Short Term FP"}, "facility": {"code": 14656}}, {"service": {"name": "Management of STIs"}, "facility": {"code": 14656}}, {"service": {"name": "Condom Promotion and Distribution"}, "facility": {"code": 14656}}, {"service": {"name": "Early Infant Diagnosis"}, "facility": {"code": 13709}}, {"service": {"name": "Diagnostic Counselling and Testing"}, "facility": {"code": 13709}}, {"service": {"name": "First Line Treatment"}, "facility": {"code": 13954}}, {"service": {"name": "Smear Microscopy"}, "facility": {"code": 13954}}, {"service": {"name": "PMTCT - Maternity"}, "facility": {"code": 13954}}, {"service": {"name": "PMTCT - ANC"}, "facility": {"code": 13954}}, {"service": {"name": "Diagnostic Counselling and Testing"}, "facility": {"code": 13954}}, {"service": {"name": "Voluntary Counselling and Testing"}, "facility": {"code": 13954}}, {"service": {"name": "Curative Services"}, "facility": {"code": 14113}}, {"service": {"name": "Basic Immunization"}, "facility": {"code": 14113}}, {"service": {"name": "Focused Antenatal Care"}, "facility": {"code": 14113}}, {"service": {"name": "Provider Initiated Counselling and Testing"}, "facility": {"code": 14113}}, {"service": {"name": "Management of STIs"}, "facility": {"code": 14113}}, {"service": {"name": "Condom Promotion and Distribution"}, "facility": {"code": 14113}}, {"service": {"name": "Curative Services"}, "facility": {"code": 14127}}, {"service": {"name": "Basic Immunization"}, "facility": {"code": 14127}}, {"service": {"name": "Focused Antenatal Care"}, "facility": {"code": 14127}}, {"service": {"name": "Short Term FP"}, "facility": {"code": 14127}}, {"service": {"name": "Provider Initiated Counselling and Testing"}, "facility": {"code": 14127}}, {"service": {"name": "Condom Promotion and Distribution"}, "facility": {"code": 14127}}, {"service": {"name": "Long Term FP"}, "facility": {"code": 14239}}, {"service": {"name": "Voluntary Counselling and Testing"}, "facility": {"code": 14239}}, {"service": {"name": "Laboratory Services"}, "facility": {"code": 10653}}, {"service": {"name": "Curative Services"}, "facility": {"code": 10653}}, {"service": {"name": "Basic Immunization"}, "facility": {"code": 10653}}, {"service": {"name": "Focused Antenatal Care"}, "facility": {"code": 10653}}, {"service": {"name": "Integrated Services"}, "facility": {"code": 10653}}, {"service": {"name": "Short Term FP"}, "facility": {"code": 10653}}, {"service": {"name": "PMTCT - ANC"}, "facility": {"code": 10653}}, {"service": {"name": "Condom Promotion and Distribution"}, "facility": {"code": 10653}}, {"service": {"name": "Management of STIs"}, "facility": {"code": 10653}}, {"service": {"name": "Voluntary Counselling and Testing"}, "facility": {"code": 10653}}, {"service": {"name": "Provider Initiated Counselling and Testing"}, "facility": {"code": 10653}}, {"service": {"name": "Curative Services"}, "facility": {"code": 10530}}, {"service": {"name": "Laboratory Services"}, "facility": {"code": 10530}}, {"service": {"name": "Smear Microscopy"}, "facility": {"code": 10530}}, {"service": {"name": "Basic Immunization"}, "facility": {"code": 10530}}, {"service": {"name": "Focused Antenatal Care"}, "facility": {"code": 10530}}, {"service": {"name": "Integrated Services"}, "facility": {"code": 10530}}, {"service": {"name": "Short Term FP"}, "facility": {"code": 10530}}, {"service": {"name": "Adult Antiretroviral Therapy"}, "facility": {"code": 10530}}, {"service": {"name": "Voluntary Counselling and Testing"}, "facility": {"code": 10530}}, {"service": {"name": "Management of STIs"}, "facility": {"code": 10530}}, {"service": {"name": "Condom Promotion and Distribution"}, "facility": {"code": 10530}}, {"service": {"name": "Provider Initiated Counselling and Testing"}, "facility": {"code": 10530}}, {"service": {"name": "Diagnostic Counselling and Testing"}, "facility": {"code": 10530}}, {"service": {"name": "Early Infant Diagnosis"}, "facility": {"code": 10530}}, {"service": {"name": "PMTCT - ANC"}, "facility": {"code": 10530}}, {"service": {"name": "PMTCT - Maternity"}, "facility": {"code": 10530}}, {"service": {"name": "Voluntary Male Circumcision"}, "facility": {"code": 10530}}, {"service": {"name": "Post Exposure Prophylaxis"}, "facility": {"code": 10530}}, {"service": {"name": "Curative Services"}, "facility": {"code": 10833}}, {"service": {"name": "Laboratory Services"}, "facility": {"code": 10833}}, {"service": {"name": "Smear Microscopy"}, "facility": {"code": 10833}}, {"service": {"name": "Basic Immunization"}, "facility": {"code": 10833}}, {"service": {"name": "Focused Antenatal Care"}, "facility": {"code": 10833}}, {"service": {"name": "Integrated Services"}, "facility": {"code": 10833}}, {"service": {"name": "Short Term FP"}, "facility": {"code": 10833}}, {"service": {"name": "Early Infant Diagnosis"}, "facility": {"code": 10833}}, {"service": {"name": "Voluntary Male Circumcision"}, "facility": {"code": 10833}}, {"service": {"name": "PMTCT - Maternity"}, "facility": {"code": 10833}}, {"service": {"name": "Post Exposure Prophylaxis"}, "facility": {"code": 10833}}, {"service": {"name": "PMTCT - ANC"}, "facility": {"code": 10833}}, {"service": {"name": "Condom Promotion and Distribution"}, "facility": {"code": 10833}}, {"service": {"name": "Management of STIs"}, "facility": {"code": 10833}}, {"service": {"name": "Provider Initiated Counselling and Testing"}, "facility": {"code": 10833}}, {"service": {"name": "Voluntary Counselling and Testing"}, "facility": {"code": 10833}}, {"service": {"name": "Diagnostic Counselling and Testing"}, "facility": {"code": 10833}}, {"service": {"name": "Voluntary Male Circumcision"}, "facility": {"code": 10870}}, {"service": {"name": "Laboratory Services"}, "facility": {"code": 10870}}, {"service": {"name": "Curative Services"}, "facility": {"code": 10870}}, {"service": {"name": "Smear Microscopy"}, "facility": {"code": 10870}}, {"service": {"name": "Basic Immunization"}, "facility": {"code": 10870}}, {"service": {"name": "Integrated Services"}, "facility": {"code": 10870}}, {"service": {"name": "Focused Antenatal Care"}, "facility": {"code": 10870}}, {"service": {"name": "Short Term FP"}, "facility": {"code": 10870}}, {"service": {"name": "Adult Antiretroviral Therapy"}, "facility": {"code": 10870}}, {"service": {"name": "Paediatric Antiretroviral Therapy"}, "facility": {"code": 10870}}, {"service": {"name": "Post Exposure Prophylaxis"}, "facility": {"code": 10870}}, {"service": {"name": "PMTCT - Maternity"}, "facility": {"code": 10870}}, {"service": {"name": "Early Infant Diagnosis"}, "facility": {"code": 10870}}, {"service": {"name": "PMTCT - ANC"}, "facility": {"code": 10870}}, {"service": {"name": "Diagnostic Counselling and Testing"}, "facility": {"code": 10870}}, {"service": {"name": "Provider Initiated Counselling and Testing"}, "facility": {"code": 10870}}, {"service": {"name": "Voluntary Counselling and Testing"}, "facility": {"code": 10870}}, {"service": {"name": "Management of STIs"}, "facility": {"code": 10870}}, {"service": {"name": "Condom Promotion and Distribution"}, "facility": {"code": 10870}}, {"service": {"name": "Laboratory Services"}, "facility": {"code": 17340}}, {"service": {"name": "Curative Services"}, "facility": {"code": 17340}}, {"service": {"name": "Short Term FP"}, "facility": {"code": 17340}}, {"service": {"name": "Post Exposure Prophylaxis"}, "facility": {"code": 17340}}, {"service": {"name": "Voluntary Male Circumcision"}, "facility": {"code": 17340}}, {"service": {"name": "PMTCT - ANC"}, "facility": {"code": 17340}}, {"service": {"name": "Provider Initiated Counselling and Testing"}, "facility": {"code": 17340}}, {"service": {"name": "Diagnostic Counselling and Testing"}, "facility": {"code": 17340}}, {"service": {"name": "Management of STIs"}, "facility": {"code": 17340}}, {"service": {"name": "Voluntary Counselling and Testing"}, "facility": {"code": 17340}}, {"service": {"name": "Condom Promotion and Distribution"}, "facility": {"code": 17340}}, {"service": {"name": "Emergency Preparedness"}, "facility": {"code": 10368}}, {"service": {"name": "ENT Services"}, "facility": {"code": 10368}}, {"service": {"name": "Dental Laboratory Services"}, "facility": {"code": 10368}}, {"service": {"name": "Emergency Obstetric Care"}, "facility": {"code": 10368}}, {"service": {"name": "Oral Health Services (Dental Services)"}, "facility": {"code": 10368}}, {"service": {"name": "Integrated Management of Childhood Illnesses"}, "facility": {"code": 10368}}, {"service": {"name": "Services for Sexual Violence Survivors"}, "facility": {"code": 10368}}, {"service": {"name": "Maternity Services"}, "facility": {"code": 10368}}, {"service": {"name": "Radiology Services"}, "facility": {"code": 10368}}, {"service": {"name": "Laboratory Services"}, "facility": {"code": 10368}}, {"service": {"name": "Curative Services"}, "facility": {"code": 10368}}, {"service": {"name": "Ambulance Sevices"}, "facility": {"code": 10368}}, {"service": {"name": "Mortuary Services"}, "facility": {"code": 10368}}, {"service": {"name": "Facility Based Blood Collection Service"}, "facility": {"code": 10368}}, {"service": {"name": "Facility Based Blood Transfusion Service"}, "facility": {"code": 10368}}, {"service": {"name": "Smear Microscopy"}, "facility": {"code": 10368}}, {"service": {"name": "Tuberculosis Culture"}, "facility": {"code": 10368}}, {"service": {"name": "Basic Immunization"}, "facility": {"code": 10368}}, {"service": {"name": "Focused Antenatal Care"}, "facility": {"code": 10368}}, {"service": {"name": "Integrated Services"}, "facility": {"code": 10368}}, {"service": {"name": "Short Term FP"}, "facility": {"code": 10368}}, {"service": {"name": "Adult Antiretroviral Therapy"}, "facility": {"code": 10368}}, {"service": {"name": "Early Infant Diagnosis"}, "facility": {"code": 10368}}, {"service": {"name": "PMTCT - Maternity"}, "facility": {"code": 10368}}, {"service": {"name": "Voluntary Male Circumcision"}, "facility": {"code": 10368}}, {"service": {"name": "Post Exposure Prophylaxis"}, "facility": {"code": 10368}}, {"service": {"name": "Diagnostic Counselling and Testing"}, "facility": {"code": 10368}}, {"service": {"name": "Provider Initiated Counselling and Testing"}, "facility": {"code": 10368}}, {"service": {"name": "Voluntary Counselling and Testing"}, "facility": {"code": 10368}}, {"service": {"name": "Management of STIs"}, "facility": {"code": 10368}}, {"service": {"name": "PMTCT - ANC"}, "facility": {"code": 10368}}, {"service": {"name": "Condom Promotion and Distribution"}, "facility": {"code": 10368}}, {"service": {"name": "Oral Health Services (Dental Services)"}, "facility": {"code": 10485}}, {"service": {"name": "Emergency Obstetric Care"}, "facility": {"code": 10485}}, {"service": {"name": "Dental Laboratory Services"}, "facility": {"code": 10485}}, {"service": {"name": "ENT Services"}, "facility": {"code": 10485}}, {"service": {"name": "Emergency Preparedness"}, "facility": {"code": 10485}}, {"service": {"name": "Services for Sexual Violence Survivors"}, "facility": {"code": 10485}}, {"service": {"name": "Nutrition Services"}, "facility": {"code": 10485}}, {"service": {"name": "Mental Health Services"}, "facility": {"code": 10485}}, {"service": {"name": "Rehabilitative Health Services - Physiotherapy"}, "facility": {"code": 10485}}, {"service": {"name": "Integrated Management of Childhood Illnesses"}, "facility": {"code": 10485}}, {"service": {"name": "Ambulance Sevices"}, "facility": {"code": 10485}}, {"service": {"name": "Opthalmic Services"}, "facility": {"code": 10485}}, {"service": {"name": "Environmental Health Services"}, "facility": {"code": 10485}}, {"service": {"name": "Laboratory Services"}, "facility": {"code": 10485}}, {"service": {"name": "Radiology Services"}, "facility": {"code": 10485}}, {"service": {"name": "Surgical Services"}, "facility": {"code": 10485}}, {"service": {"name": "Maternity Services"}, "facility": {"code": 10485}}, {"service": {"name": "Curative Services"}, "facility": {"code": 10485}}, {"service": {"name": "Mortuary Services"}, "facility": {"code": 10485}}, {"service": {"name": "Facility Based Blood Transfusion Service"}, "facility": {"code": 10485}}, {"service": {"name": "Facility Based Blood Collection Service"}, "facility": {"code": 10485}}, {"service": {"name": "Rehabilitative Health Services - Occupational Health"}, "facility": {"code": 10485}}, {"service": {"name": "Rehabilitative Health Services - Orthopaedic Technology"}, "facility": {"code": 10485}}, {"service": {"name": "First Line Treatment"}, "facility": {"code": 10485}}, {"service": {"name": "Tuberculosis Culture"}, "facility": {"code": 10485}}, {"service": {"name": "Smear Microscopy"}, "facility": {"code": 10485}}, {"service": {"name": "MDRTB Treatment"}, "facility": {"code": 10485}}, {"service": {"name": "Basic Immunization"}, "facility": {"code": 10485}}, {"service": {"name": "Immunization with additional vaccines"}, "facility": {"code": 10485}}, {"service": {"name": "Specialized ANC"}, "facility": {"code": 10485}}, {"service": {"name": "Focused Antenatal Care"}, "facility": {"code": 10485}}, {"service": {"name": "Stand Alone Services"}, "facility": {"code": 10485}}, {"service": {"name": "Integrated Services"}, "facility": {"code": 10485}}, {"service": {"name": "Permanent FP"}, "facility": {"code": 10485}}, {"service": {"name": "Long Term FP"}, "facility": {"code": 10485}}, {"service": {"name": "Short Term FP"}, "facility": {"code": 10485}}, {"service": {"name": "Home Based Care"}, "facility": {"code": 10485}}, {"service": {"name": "Adult Antiretroviral Therapy"}, "facility": {"code": 10485}}, {"service": {"name": "Paediatric Antiretroviral Therapy"}, "facility": {"code": 10485}}, {"service": {"name": "Post Exposure Prophylaxis"}, "facility": {"code": 10485}}, {"service": {"name": "Voluntary Male Circumcision"}, "facility": {"code": 10485}}, {"service": {"name": "PMTCT - Maternity"}, "facility": {"code": 10485}}, {"service": {"name": "PMTCT - ANC"}, "facility": {"code": 10485}}, {"service": {"name": "Early Infant Diagnosis"}, "facility": {"code": 10485}}, {"service": {"name": "Diagnostic Counselling and Testing"}, "facility": {"code": 10485}}, {"service": {"name": "Provider Initiated Counselling and Testing"}, "facility": {"code": 10485}}, {"service": {"name": "Voluntary Counselling and Testing"}, "facility": {"code": 10485}}, {"service": {"name": "Management of STIs"}, "facility": {"code": 10485}}, {"service": {"name": "Condom Promotion and Distribution"}, "facility": {"code": 10485}}, {"service": {"name": "Emergency Obstetric Care"}, "facility": {"code": 12240}}, {"service": {"name": "Nutrition Services"}, "facility": {"code": 12240}}, {"service": {"name": "Integrated Management of Childhood Illnesses"}, "facility": {"code": 12240}}, {"service": {"name": "Maternity Services"}, "facility": {"code": 12240}}, {"service": {"name": "Curative Services"}, "facility": {"code": 12240}}, {"service": {"name": "First Line Treatment"}, "facility": {"code": 12240}}, {"service": {"name": "Long Term FP"}, "facility": {"code": 12240}}, {"service": {"name": "Short Term FP"}, "facility": {"code": 12240}}, {"service": {"name": "PMTCT - Maternity"}, "facility": {"code": 12240}}, {"service": {"name": "PMTCT - ANC"}, "facility": {"code": 12240}}, {"service": {"name": "Provider Initiated Counselling and Testing"}, "facility": {"code": 12240}}, {"service": {"name": "Condom Promotion and Distribution"}, "facility": {"code": 12240}}, {"service": {"name": "Management of STIs"}, "facility": {"code": 11158}}, {"service": {"name": "Provider Initiated Counselling and Testing"}, "facility": {"code": 11158}}, {"service": {"name": "Curative Services"}, "facility": {"code": 11158}}, {"service": {"name": "Basic Immunization"}, "facility": {"code": 11158}}, {"service": {"name": "Integrated Services"}, "facility": {"code": 11158}}, {"service": {"name": "Short Term FP"}, "facility": {"code": 11158}}, {"service": {"name": "Post Exposure Prophylaxis"}, "facility": {"code": 11158}}, {"service": {"name": "PMTCT - ANC"}, "facility": {"code": 11158}}, {"service": {"name": "Voluntary Counselling and Testing"}, "facility": {"code": 11158}}, {"service": {"name": "Condom Promotion and Distribution"}, "facility": {"code": 11158}}, {"service": {"name": "Emergency Obstetric Care"}, "facility": {"code": 10220}}, {"service": {"name": "Curative Services"}, "facility": {"code": 10220}}, {"service": {"name": "Basic Immunization"}, "facility": {"code": 10220}}, {"service": {"name": "Focused Antenatal Care"}, "facility": {"code": 10220}}, {"service": {"name": "Integrated Services"}, "facility": {"code": 10220}}, {"service": {"name": "Short Term FP"}, "facility": {"code": 10220}}, {"service": {"name": "Post Exposure Prophylaxis"}, "facility": {"code": 10220}}, {"service": {"name": "Voluntary Male Circumcision"}, "facility": {"code": 10220}}, {"service": {"name": "PMTCT - ANC"}, "facility": {"code": 10220}}, {"service": {"name": "Diagnostic Counselling and Testing"}, "facility": {"code": 10220}}, {"service": {"name": "Provider Initiated Counselling and Testing"}, "facility": {"code": 10220}}, {"service": {"name": "Management of STIs"}, "facility": {"code": 10220}}, {"service": {"name": "Voluntary Counselling and Testing"}, "facility": {"code": 10220}}, {"service": {"name": "Condom Promotion and Distribution"}, "facility": {"code": 10220}}, {"service": {"name": "Curative Services"}, "facility": {"code": 17339}}, {"service": {"name": "Basic Immunization"}, "facility": {"code": 17339}}, {"service": {"name": "Focused Antenatal Care"}, "facility": {"code": 17339}}, {"service": {"name": "Short Term FP"}, "facility": {"code": 17339}}, {"service": {"name": "Laboratory Services"}, "facility": {"code": 14915}}, {"service": {"name": "Specialized ANC"}, "facility": {"code": 14915}}, {"service": {"name": "Management of STIs"}, "facility": {"code": 14915}}, {"service": {"name": "Emergency Obstetric Care"}, "facility": {"code": 17220}}, {"service": {"name": "Laboratory Services"}, "facility": {"code": 17220}}, {"service": {"name": "Basic Immunization"}, "facility": {"code": 17220}}, {"service": {"name": "Nutrition Services"}, "facility": {"code": 13890}}, {"service": {"name": "Laboratory Services"}, "facility": {"code": 13890}}, {"service": {"name": "First Line Treatment"}, "facility": {"code": 13890}}, {"service": {"name": "Smear Microscopy"}, "facility": {"code": 13890}}, {"service": {"name": "PMTCT - ANC"}, "facility": {"code": 13890}}, {"service": {"name": "Diagnostic Counselling and Testing"}, "facility": {"code": 13890}}, {"service": {"name": "Voluntary Counselling and Testing"}, "facility": {"code": 13890}}, {"service": {"name": "Nutrition Services"}, "facility": {"code": 14020}}, {"service": {"name": "Paediatric Antiretroviral Therapy"}, "facility": {"code": 14020}}, {"service": {"name": "Voluntary Male Circumcision"}, "facility": {"code": 14020}}, {"service": {"name": "Early Infant Diagnosis"}, "facility": {"code": 14020}}, {"service": {"name": "Diagnostic Counselling and Testing"}, "facility": {"code": 14020}}, {"service": {"name": "Voluntary Counselling and Testing"}, "facility": {"code": 14020}}, {"service": {"name": "Emergency Preparedness"}, "facility": {"code": 14904}}, {"service": {"name": "Emergency Obstetric Care"}, "facility": {"code": 14904}}, {"service": {"name": "Environmental Health Services"}, "facility": {"code": 14904}}, {"service": {"name": "Nutrition Services"}, "facility": {"code": 14904}}, {"service": {"name": "Integrated Management of Childhood Illnesses"}, "facility": {"code": 14904}}, {"service": {"name": "Ambulance Sevices"}, "facility": {"code": 14904}}, {"service": {"name": "Basic Immunization"}, "facility": {"code": 14904}}, {"service": {"name": "Specialized ANC"}, "facility": {"code": 14904}}, {"service": {"name": "Focused Antenatal Care"}, "facility": {"code": 14904}}, {"service": {"name": "Short Term FP"}, "facility": {"code": 14904}}, {"service": {"name": "PMTCT - ANC"}, "facility": {"code": 14904}}, {"service": {"name": "Diagnostic Counselling and Testing"}, "facility": {"code": 14904}}, {"service": {"name": "Provider Initiated Counselling and Testing"}, "facility": {"code": 14904}}, {"service": {"name": "Management of STIs"}, "facility": {"code": 14904}}, {"service": {"name": "Condom Promotion and Distribution"}, "facility": {"code": 14904}}, {"service": {"name": "Emergency Preparedness"}, "facility": {"code": 15208}}, {"service": {"name": "MDRTB Treatment"}, "facility": {"code": 15208}}, {"service": {"name": "First Line Treatment"}, "facility": {"code": 15208}}, {"service": {"name": "Curative Services"}, "facility": {"code": 15191}}, {"service": {"name": "Management of STIs"}, "facility": {"code": 15191}}, {"service": {"name": "Emergency Preparedness"}, "facility": {"code": 15191}}, {"service": {"name": "Emergency Obstetric Care"}, "facility": {"code": 15191}}, {"service": {"name": "Specialized ANC"}, "facility": {"code": 15191}}, {"service": {"name": "Environmental Health Services"}, "facility": {"code": 15191}}, {"service": {"name": "Nutrition Services"}, "facility": {"code": 15191}}, {"service": {"name": "Integrated Management of Childhood Illnesses"}, "facility": {"code": 15191}}, {"service": {"name": "Short Term FP"}, "facility": {"code": 15191}}, {"service": {"name": "PMTCT - ANC"}, "facility": {"code": 15191}}, {"service": {"name": "Diagnostic Counselling and Testing"}, "facility": {"code": 15191}}, {"service": {"name": "Provider Initiated Counselling and Testing"}, "facility": {"code": 15191}}, {"service": {"name": "Condom Promotion and Distribution"}, "facility": {"code": 15191}}, {"service": {"name": "Emergency Preparedness"}, "facility": {"code": 15525}}, {"service": {"name": "Emergency Obstetric Care"}, "facility": {"code": 15525}}, {"service": {"name": "Environmental Health Services"}, "facility": {"code": 15525}}, {"service": {"name": "Nutrition Services"}, "facility": {"code": 15525}}, {"service": {"name": "Curative Services"}, "facility": {"code": 15525}}, {"service": {"name": "Basic Immunization"}, "facility": {"code": 15525}}, {"service": {"name": "Specialized ANC"}, "facility": {"code": 15525}}, {"service": {"name": "Focused Antenatal Care"}, "facility": {"code": 15525}}, {"service": {"name": "Short Term FP"}, "facility": {"code": 15525}}, {"service": {"name": "PMTCT - ANC"}, "facility": {"code": 15525}}, {"service": {"name": "Diagnostic Counselling and Testing"}, "facility": {"code": 15525}}, {"service": {"name": "Provider Initiated Counselling and Testing"}, "facility": {"code": 15525}}, {"service": {"name": "Management of STIs"}, "facility": {"code": 15525}}, {"service": {"name": "Condom Promotion and Distribution"}, "facility": {"code": 15525}}, {"service": {"name": "Emergency Preparedness"}, "facility": {"code": 14337}}, {"service": {"name": "Emergency Obstetric Care"}, "facility": {"code": 14337}}, {"service": {"name": "Environmental Health Services"}, "facility": {"code": 14337}}, {"service": {"name": "Nutrition Services"}, "facility": {"code": 14337}}, {"service": {"name": "Integrated Management of Childhood Illnesses"}, "facility": {"code": 14337}}, {"service": {"name": "Curative Services"}, "facility": {"code": 14337}}, {"service": {"name": "Basic Immunization"}, "facility": {"code": 14337}}, {"service": {"name": "Short Term FP"}, "facility": {"code": 14337}}, {"service": {"name": "PMTCT - ANC"}, "facility": {"code": 14337}}, {"service": {"name": "Diagnostic Counselling and Testing"}, "facility": {"code": 14337}}, {"service": {"name": "Provider Initiated Counselling and Testing"}, "facility": {"code": 14337}}, {"service": {"name": "Voluntary Counselling and Testing"}, "facility": {"code": 14337}}, {"service": {"name": "Management of STIs"}, "facility": {"code": 14337}}, {"service": {"name": "Condom Promotion and Distribution"}, "facility": {"code": 14337}}, {"service": {"name": "Emergency Preparedness"}, "facility": {"code": 15449}}, {"service": {"name": "Emergency Obstetric Care"}, "facility": {"code": 15449}}, {"service": {"name": "Environmental Health Services"}, "facility": {"code": 15449}}, {"service": {"name": "Nutrition Services"}, "facility": {"code": 15449}}, {"service": {"name": "Curative Services"}, "facility": {"code": 15449}}, {"service": {"name": "Diagnostic Counselling and Testing"}, "facility": {"code": 15449}}, {"service": {"name": "Provider Initiated Counselling and Testing"}, "facility": {"code": 15449}}, {"service": {"name": "Focused Antenatal Care"}, "facility": {"code": 15449}}, {"service": {"name": "Basic Immunization"}, "facility": {"code": 15449}}, {"service": {"name": "Specialized ANC"}, "facility": {"code": 15449}}, {"service": {"name": "Short Term FP"}, "facility": {"code": 15449}}, {"service": {"name": "PMTCT - ANC"}, "facility": {"code": 15449}}, {"service": {"name": "Management of STIs"}, "facility": {"code": 15449}}, {"service": {"name": "Condom Promotion and Distribution"}, "facility": {"code": 15449}}, {"service": {"name": "Specialized ANC"}, "facility": {"code": 15254}}, {"service": {"name": "Focused Antenatal Care"}, "facility": {"code": 15254}}, {"service": {"name": "Provider Initiated Counselling and Testing"}, "facility": {"code": 15254}}, {"service": {"name": "Management of STIs"}, "facility": {"code": 15254}}, {"service": {"name": "Provider Initiated Counselling and Testing"}, "facility": {"code": 14999}}, {"service": {"name": "Management of STIs"}, "facility": {"code": 14999}}, {"service": {"name": "Focused Antenatal Care"}, "facility": {"code": 14239}}, {"service": {"name": "PMTCT - ANC"}, "facility": {"code": 14239}}, {"service": {"name": "Diagnostic Counselling and Testing"}, "facility": {"code": 14239}}, {"service": {"name": "Provider Initiated Counselling and Testing"}, "facility": {"code": 14239}}, {"service": {"name": "Laboratory Services"}, "facility": {"code": 12631}}, {"service": {"name": "Maternity Services"}, "facility": {"code": 12631}}, {"service": {"name": "Curative Services"}, "facility": {"code": 12631}}, {"service": {"name": "Basic Immunization"}, "facility": {"code": 14848}}, {"service": {"name": "Specialized ANC"}, "facility": {"code": 14848}}, {"service": {"name": "Emergency Preparedness"}, "facility": {"code": 14848}}, {"service": {"name": "Emergency Obstetric Care"}, "facility": {"code": 14848}}, {"service": {"name": "Environmental Health Services"}, "facility": {"code": 14848}}, {"service": {"name": "Nutrition Services"}, "facility": {"code": 14848}}, {"service": {"name": "Integrated Management of Childhood Illnesses"}, "facility": {"code": 14848}}, {"service": {"name": "Curative Services"}, "facility": {"code": 14848}}, {"service": {"name": "Focused Antenatal Care"}, "facility": {"code": 14848}}, {"service": {"name": "Short Term FP"}, "facility": {"code": 14848}}, {"service": {"name": "PMTCT - ANC"}, "facility": {"code": 14848}}, {"service": {"name": "Diagnostic Counselling and Testing"}, "facility": {"code": 14848}}, {"service": {"name": "Provider Initiated Counselling and Testing"}, "facility": {"code": 14848}}, {"service": {"name": "Management of STIs"}, "facility": {"code": 14848}}, {"service": {"name": "Condom Promotion and Distribution"}, "facility": {"code": 14848}}, {"service": {"name": "Focused Antenatal Care"}, "facility": {"code": 15025}}, {"service": {"name": "Short Term FP"}, "facility": {"code": 15025}}, {"service": {"name": "PMTCT - ANC"}, "facility": {"code": 15025}}, {"service": {"name": "Diagnostic Counselling and Testing"}, "facility": {"code": 15025}}, {"service": {"name": "Provider Initiated Counselling and Testing"}, "facility": {"code": 15025}}, {"service": {"name": "Management of STIs"}, "facility": {"code": 15025}}, {"service": {"name": "Emergency Preparedness"}, "facility": {"code": 15025}}, {"service": {"name": "Emergency Obstetric Care"}, "facility": {"code": 15025}}, {"service": {"name": "Environmental Health Services"}, "facility": {"code": 15025}}, {"service": {"name": "Nutrition Services"}, "facility": {"code": 15025}}, {"service": {"name": "Integrated Management of Childhood Illnesses"}, "facility": {"code": 15025}}, {"service": {"name": "Curative Services"}, "facility": {"code": 15025}}, {"service": {"name": "Basic Immunization"}, "facility": {"code": 15025}}, {"service": {"name": "Specialized ANC"}, "facility": {"code": 15025}}, {"service": {"name": "Condom Promotion and Distribution"}, "facility": {"code": 15025}}, {"service": {"name": "Emergency Preparedness"}, "facility": {"code": 12303}}, {"service": {"name": "ENT Services"}, "facility": {"code": 12303}}, {"service": {"name": "Emergency Obstetric Care"}, "facility": {"code": 12303}}, {"service": {"name": "Rehabilitative Health Services - Physiotherapy"}, "facility": {"code": 12303}}, {"service": {"name": "Services for Sexual Violence Survivors"}, "facility": {"code": 12303}}, {"service": {"name": "Mental Health Services"}, "facility": {"code": 12303}}, {"service": {"name": "Opthalmic Services"}, "facility": {"code": 12303}}, {"service": {"name": "Nutrition Services"}, "facility": {"code": 12303}}, {"service": {"name": "Integrated Management of Childhood Illnesses"}, "facility": {"code": 12303}}, {"service": {"name": "Ambulance Sevices"}, "facility": {"code": 12303}}, {"service": {"name": "Laboratory Services"}, "facility": {"code": 12303}}, {"service": {"name": "Surgical Services"}, "facility": {"code": 12303}}], "unique_fields": ["facility", "service"], "model": "facilities.FacilityService"}]