[{"records": [{"service": {"name": "Services for Female Genital Mutilation (FGM) Survivors"}, "facility": {"code": 15435}}, {"service": {"name": "Basic Immunization"}, "facility": {"code": 15435}}, {"service": {"name": "Focused Antenatal Care"}, "facility": {"code": 15435}}, {"service": {"name": "Long Term FP"}, "facility": {"code": 15435}}, {"service": {"name": "Short Term FP"}, "facility": {"code": 15435}}, {"service": {"name": "Post Exposure Prophylaxis"}, "facility": {"code": 15435}}, {"service": {"name": "PMTCT - Maternity"}, "facility": {"code": 15435}}, {"service": {"name": "PMTCT - ANC"}, "facility": {"code": 15435}}, {"service": {"name": "Early Infant Diagnosis"}, "facility": {"code": 15435}}, {"service": {"name": "Diagnostic Counselling and Testing"}, "facility": {"code": 15435}}, {"service": {"name": "Provider Initiated Counselling and Testing"}, "facility": {"code": 15435}}, {"service": {"name": "Management of STIs"}, "facility": {"code": 15435}}, {"service": {"name": "Condom Promotion and Distribution"}, "facility": {"code": 15435}}, {"service": {"name": "Emergency Preparedness"}, "facility": {"code": 15426}}, {"service": {"name": "Emergency Obstetric Care"}, "facility": {"code": 15426}}, {"service": {"name": "Environmental Health Services"}, "facility": {"code": 15426}}, {"service": {"name": "Services for Sexual Violence Survivors"}, "facility": {"code": 15426}}, {"service": {"name": "Mental Health Services"}, "facility": {"code": 15426}}, {"service": {"name": "Opthalmic Services"}, "facility": {"code": 15426}}, {"service": {"name": "Nutrition Services"}, "facility": {"code": 15426}}, {"service": {"name": "Surgical Services"}, "facility": {"code": 15426}}, {"service": {"name": "Maternity Services"}, "facility": {"code": 15426}}, {"service": {"name": "Curative Services"}, "facility": {"code": 15426}}, {"service": {"name": "Services for Female Genital Mutilation (FGM) Survivors"}, "facility": {"code": 15426}}, {"service": {"name": "Basic Immunization"}, "facility": {"code": 15426}}, {"service": {"name": "Focused Antenatal Care"}, "facility": {"code": 15426}}, {"service": {"name": "Integrated Services"}, "facility": {"code": 15426}}, {"service": {"name": "Long Term FP"}, "facility": {"code": 15426}}, {"service": {"name": "Short Term FP"}, "facility": {"code": 15426}}, {"service": {"name": "Post Exposure Prophylaxis"}, "facility": {"code": 15426}}, {"service": {"name": "PMTCT - Maternity"}, "facility": {"code": 15426}}, {"service": {"name": "PMTCT - ANC"}, "facility": {"code": 15426}}, {"service": {"name": "Early Infant Diagnosis"}, "facility": {"code": 15426}}, {"service": {"name": "Emergency Preparedness"}, "facility": {"code": 14354}}, {"service": {"name": "Diagnostic Counselling and Testing"}, "facility": {"code": 15426}}, {"service": {"name": "Emergency Obstetric Care"}, "facility": {"code": 14354}}, {"service": {"name": "Environmental Health Services"}, "facility": {"code": 14354}}, {"service": {"name": "Provider Initiated Counselling and Testing"}, "facility": {"code": 15426}}, {"service": {"name": "Management of STIs"}, "facility": {"code": 15426}}, {"service": {"name": "Nutrition Services"}, "facility": {"code": 14354}}, {"service": {"name": "Integrated Management of Childhood Illnesses"}, "facility": {"code": 14354}}, {"service": {"name": "Condom Promotion and Distribution"}, "facility": {"code": 15426}}, {"service": {"name": "Curative Services"}, "facility": {"code": 14354}}, {"service": {"name": "Basic Immunization"}, "facility": {"code": 14354}}, {"service": {"name": "Short Term FP"}, "facility": {"code": 14354}}, {"service": {"name": "Condom Promotion and Distribution"}, "facility": {"code": 14354}}, {"service": {"name": "Management of STIs"}, "facility": {"code": 14354}}, {"service": {"name": "Emergency Preparedness"}, "facility": {"code": 17222}}, {"service": {"name": "Emergency Obstetric Care"}, "facility": {"code": 17222}}, {"service": {"name": "Environmental Health Services"}, "facility": {"code": 17222}}, {"service": {"name": "Nutrition Services"}, "facility": {"code": 17222}}, {"service": {"name": "Integrated Management of Childhood Illnesses"}, "facility": {"code": 17222}}, {"service": {"name": "Curative Services"}, "facility": {"code": 17222}}, {"service": {"name": "Basic Immunization"}, "facility": {"code": 17222}}, {"service": {"name": "Specialized ANC"}, "facility": {"code": 17222}}, {"service": {"name": "Focused Antenatal Care"}, "facility": {"code": 17222}}, {"service": {"name": "Short Term FP"}, "facility": {"code": 17222}}, {"service": {"name": "PMTCT - ANC"}, "facility": {"code": 17222}}, {"service": {"name": "Management of STIs"}, "facility": {"code": 17222}}, {"service": {"name": "Condom Promotion and Distribution"}, "facility": {"code": 17222}}, {"service": {"name": "Laboratory Services"}, "facility": {"code": 12630}}, {"service": {"name": "Curative Services"}, "facility": {"code": 12630}}, {"service": {"name": "Basic Immunization"}, "facility": {"code": 12630}}, {"service": {"name": "Focused Antenatal Care"}, "facility": {"code": 12630}}, {"service": {"name": "Long Term FP"}, "facility": {"code": 12630}}, {"service": {"name": "Short Term FP"}, "facility": {"code": 12630}}, {"service": {"name": "PMTCT - ANC"}, "facility": {"code": 12630}}, {"service": {"name": "Provider Initiated Counselling and Testing"}, "facility": {"code": 12630}}, {"service": {"name": "Condom Promotion and Distribution"}, "facility": {"code": 12630}}, {"service": {"name": "Laboratory Services"}, "facility": {"code": 12629}}, {"service": {"name": "Short Term FP"}, "facility": {"code": 12629}}, {"service": {"name": "Management of STIs"}, "facility": {"code": 12629}}, {"service": {"name": "Condom Promotion and Distribution"}, "facility": {"code": 12629}}, {"service": {"name": "Curative Services"}, "facility": {"code": 12629}}, {"service": {"name": "Emergency Preparedness"}, "facility": {"code": 17220}}, {"service": {"name": "Environmental Health Services"}, "facility": {"code": 17220}}, {"service": {"name": "Nutrition Services"}, "facility": {"code": 17220}}, {"service": {"name": "Integrated Management of Childhood Illnesses"}, "facility": {"code": 17220}}, {"service": {"name": "Curative Services"}, "facility": {"code": 17220}}, {"service": {"name": "Specialized ANC"}, "facility": {"code": 17220}}, {"service": {"name": "Focused Antenatal Care"}, "facility": {"code": 17220}}, {"service": {"name": "Short Term FP"}, "facility": {"code": 17220}}, {"service": {"name": "PMTCT - ANC"}, "facility": {"code": 17220}}, {"service": {"name": "Diagnostic Counselling and Testing"}, "facility": {"code": 17220}}, {"service": {"name": "Provider Initiated Counselling and Testing"}, "facility": {"code": 17220}}, {"service": {"name": "Management of STIs"}, "facility": {"code": 17220}}, {"service": {"name": "Condom Promotion and Distribution"}, "facility": {"code": 17220}}, {"service": {"name": "Laboratory Services"}, "facility": {"code": 12563}}, {"service": {"name": "Curative Services"}, "facility": {"code": 12563}}, {"service": {"name": "Basic Immunization"}, "facility": {"code": 12563}}, {"service": {"name": "Focused Antenatal Care"}, "facility": {"code": 12563}}, {"service": {"name": "Short Term FP"}, "facility": {"code": 12563}}, {"service": {"name": "Long Term FP"}, "facility": {"code": 12563}}, {"service": {"name": "PMTCT - ANC"}, "facility": {"code": 12563}}, {"service": {"name": "Provider Initiated Counselling and Testing"}, "facility": {"code": 12563}}, {"service": {"name": "Management of STIs"}, "facility": {"code": 12563}}, {"service": {"name": "Emergency Preparedness"}, "facility": {"code": 15382}}, {"service": {"name": "Emergency Obstetric Care"}, "facility": {"code": 12546}}, {"service": {"name": "Environmental Health Services"}, "facility": {"code": 12546}}, {"service": {"name": "Mental Health Services"}, "facility": {"code": 12546}}, {"service": {"name": "Laboratory Services"}, "facility": {"code": 12546}}, {"service": {"name": "Basic Immunization"}, "facility": {"code": 12546}}, {"service": {"name": "Focused Antenatal Care"}, "facility": {"code": 12546}}, {"service": {"name": "Long Term FP"}, "facility": {"code": 12546}}, {"service": {"name": "Short Term FP"}, "facility": {"code": 12546}}, {"service": {"name": "Adult Antiretroviral Therapy"}, "facility": {"code": 12546}}, {"service": {"name": "Paediatric Antiretroviral Therapy"}, "facility": {"code": 12546}}, {"service": {"name": "Post Exposure Prophylaxis"}, "facility": {"code": 12546}}, {"service": {"name": "PMTCT - Maternity"}, "facility": {"code": 12546}}, {"service": {"name": "PMTCT - ANC"}, "facility": {"code": 12546}}, {"service": {"name": "Early Infant Diagnosis"}, "facility": {"code": 12546}}, {"service": {"name": "Diagnostic Counselling and Testing"}, "facility": {"code": 12546}}, {"service": {"name": "Provider Initiated Counselling and Testing"}, "facility": {"code": 12546}}, {"service": {"name": "Management of STIs"}, "facility": {"code": 12546}}, {"service": {"name": "Emergency Preparedness"}, "facility": {"code": 17219}}, {"service": {"name": "Emergency Obstetric Care"}, "facility": {"code": 17219}}, {"service": {"name": "Laboratory Services"}, "facility": {"code": 17219}}, {"service": {"name": "Curative Services"}, "facility": {"code": 17219}}, {"service": {"name": "Focused Antenatal Care"}, "facility": {"code": 17219}}, {"service": {"name": "Condom Promotion and Distribution"}, "facility": {"code": 12546}}, {"service": {"name": "Long Term FP"}, "facility": {"code": 17219}}, {"service": {"name": "Short Term FP"}, "facility": {"code": 17219}}, {"service": {"name": "PMTCT - ANC"}, "facility": {"code": 17219}}, {"service": {"name": "Condom Promotion and Distribution"}, "facility": {"code": 17219}}, {"service": {"name": "Voluntary Counselling and Testing"}, "facility": {"code": 17218}}, {"service": {"name": "Environmental Health Services"}, "facility": {"code": 16329}}, {"service": {"name": "Curative Services"}, "facility": {"code": 16329}}, {"service": {"name": "Short Term FP"}, "facility": {"code": 16329}}, {"service": {"name": "PMTCT - ANC"}, "facility": {"code": 16329}}, {"service": {"name": "Diagnostic Counselling and Testing"}, "facility": {"code": 16329}}, {"service": {"name": "Provider Initiated Counselling and Testing"}, "facility": {"code": 16329}}, {"service": {"name": "Management of STIs"}, "facility": {"code": 16329}}, {"service": {"name": "Condom Promotion and Distribution"}, "facility": {"code": 16329}}, {"service": {"name": "Emergency Obstetric Care"}, "facility": {"code": 13715}}, {"service": {"name": "Laboratory Services"}, "facility": {"code": 12831}}, {"service": {"name": "Maternity Services"}, "facility": {"code": 12831}}, {"service": {"name": "Curative Services"}, "facility": {"code": 12831}}, {"service": {"name": "Basic Immunization"}, "facility": {"code": 12831}}, {"service": {"name": "Short Term FP"}, "facility": {"code": 12831}}, {"service": {"name": "Post Exposure Prophylaxis"}, "facility": {"code": 12831}}, {"service": {"name": "PMTCT - Maternity"}, "facility": {"code": 12831}}, {"service": {"name": "PMTCT - ANC"}, "facility": {"code": 12831}}, {"service": {"name": "Early Infant Diagnosis"}, "facility": {"code": 12831}}, {"service": {"name": "Diagnostic Counselling and Testing"}, "facility": {"code": 12831}}, {"service": {"name": "Provider Initiated Counselling and Testing"}, "facility": {"code": 12831}}, {"service": {"name": "Management of STIs"}, "facility": {"code": 12831}}, {"service": {"name": "Condom Promotion and Distribution"}, "facility": {"code": 12831}}, {"service": {"name": "Emergency Obstetric Care"}, "facility": {"code": 13624}}, {"service": {"name": "Laboratory Services"}, "facility": {"code": 13624}}, {"service": {"name": "Maternity Services"}, "facility": {"code": 13624}}, {"service": {"name": "Curative Services"}, "facility": {"code": 13624}}, {"service": {"name": "Mortuary Services"}, "facility": {"code": 13624}}, {"service": {"name": "Port Health Services"}, "facility": {"code": 13624}}, {"service": {"name": "Services for Female Genital Mutilation (FGM) Survivors"}, "facility": {"code": 13624}}, {"service": {"name": "Facility Based Blood Transfusion Service"}, "facility": {"code": 13624}}, {"service": {"name": "Facility Based Blood Collection Service"}, "facility": {"code": 13624}}, {"service": {"name": "Rehabilitative Health Services - Orthopaedic Technology"}, "facility": {"code": 13624}}, {"service": {"name": "Rehabilitative Health Services - Occupational Health"}, "facility": {"code": 13624}}, {"service": {"name": "Tuberculosis Culture"}, "facility": {"code": 13624}}, {"service": {"name": "Port Immunization Services"}, "facility": {"code": 13624}}, {"service": {"name": "Stand Alone Services"}, "facility": {"code": 13624}}, {"service": {"name": "Permanent FP"}, "facility": {"code": 13624}}, {"service": {"name": "Long Term FP"}, "facility": {"code": 13624}}, {"service": {"name": "Short Term FP"}, "facility": {"code": 13624}}, {"service": {"name": "Voluntary Male Circumcision"}, "facility": {"code": 13624}}, {"service": {"name": "Early Infant Diagnosis"}, "facility": {"code": 13624}}, {"service": {"name": "Condom Promotion and Distribution"}, "facility": {"code": 13624}}, {"service": {"name": "Emergency Preparedness"}, "facility": {"code": 16991}}, {"service": {"name": "Immunization with additional vaccines"}, "facility": {"code": 16991}}, {"service": {"name": "Post Exposure Prophylaxis"}, "facility": {"code": 16991}}, {"service": {"name": "Emergency Preparedness"}, "facility": {"code": 12449}}, {"service": {"name": "Environmental Health Services"}, "facility": {"code": 12449}}, {"service": {"name": "Nutrition Services"}, "facility": {"code": 12449}}, {"service": {"name": "Integrated Management of Childhood Illnesses"}, "facility": {"code": 12449}}, {"service": {"name": "Curative Services"}, "facility": {"code": 12449}}, {"service": {"name": "First Line Treatment"}, "facility": {"code": 12449}}, {"service": {"name": "Basic Immunization"}, "facility": {"code": 12449}}, {"service": {"name": "Focused Antenatal Care"}, "facility": {"code": 12449}}, {"service": {"name": "Short Term FP"}, "facility": {"code": 12449}}, {"service": {"name": "PMTCT - ANC"}, "facility": {"code": 12449}}, {"service": {"name": "Early Infant Diagnosis"}, "facility": {"code": 12449}}, {"service": {"name": "Provider Initiated Counselling and Testing"}, "facility": {"code": 12449}}, {"service": {"name": "Management of STIs"}, "facility": {"code": 12449}}, {"service": {"name": "Condom Promotion and Distribution"}, "facility": {"code": 12449}}, {"service": {"name": "Environmental Health Services"}, "facility": {"code": 12695}}, {"service": {"name": "Nutrition Services"}, "facility": {"code": 12695}}, {"service": {"name": "Curative Services"}, "facility": {"code": 12695}}, {"service": {"name": "Specialized ANC"}, "facility": {"code": 12695}}, {"service": {"name": "Focused Antenatal Care"}, "facility": {"code": 12695}}, {"service": {"name": "Short Term FP"}, "facility": {"code": 12695}}, {"service": {"name": "PMTCT - ANC"}, "facility": {"code": 12695}}, {"service": {"name": "Early Infant Diagnosis"}, "facility": {"code": 12695}}, {"service": {"name": "Diagnostic Counselling and Testing"}, "facility": {"code": 12695}}, {"service": {"name": "Provider Initiated Counselling and Testing"}, "facility": {"code": 12695}}, {"service": {"name": "Management of STIs"}, "facility": {"code": 12695}}, {"service": {"name": "Condom Promotion and Distribution"}, "facility": {"code": 12695}}, {"service": {"name": "Stand Alone Services"}, "facility": {"code": 13726}}, {"service": {"name": "Emergency Preparedness"}, "facility": {"code": 14777}}, {"service": {"name": "ENT Services"}, "facility": {"code": 14777}}, {"service": {"name": "Emergency Obstetric Care"}, "facility": {"code": 14777}}, {"service": {"name": "Opthalmic Services"}, "facility": {"code": 14777}}, {"service": {"name": "Environmental Health Services"}, "facility": {"code": 14777}}, {"service": {"name": "Nutrition Services"}, "facility": {"code": 14777}}, {"service": {"name": "Integrated Management of Childhood Illnesses"}, "facility": {"code": 14777}}, {"service": {"name": "Laboratory Services"}, "facility": {"code": 14777}}, {"service": {"name": "Surgical Services"}, "facility": {"code": 14777}}, {"service": {"name": "Maternity Services"}, "facility": {"code": 14777}}, {"service": {"name": "Curative Services"}, "facility": {"code": 14777}}, {"service": {"name": "Basic Immunization"}, "facility": {"code": 14777}}, {"service": {"name": "Focused Antenatal Care"}, "facility": {"code": 14777}}, {"service": {"name": "Short Term FP"}, "facility": {"code": 14777}}, {"service": {"name": "PMTCT - ANC"}, "facility": {"code": 14777}}, {"service": {"name": "Early Infant Diagnosis"}, "facility": {"code": 14777}}, {"service": {"name": "Diagnostic Counselling and Testing"}, "facility": {"code": 14777}}, {"service": {"name": "Provider Initiated Counselling and Testing"}, "facility": {"code": 14777}}, {"service": {"name": "Management of STIs"}, "facility": {"code": 14777}}, {"service": {"name": "Condom Promotion and Distribution"}, "facility": {"code": 14777}}, {"service": {"name": "Emergency Preparedness"}, "facility": {"code": 16317}}, {"service": {"name": "ENT Services"}, "facility": {"code": 16317}}, {"service": {"name": "Emergency Obstetric Care"}, "facility": {"code": 16317}}, {"service": {"name": "Environmental Health Services"}, "facility": {"code": 16317}}, {"service": {"name": "Opthalmic Services"}, "facility": {"code": 16317}}, {"service": {"name": "Nutrition Services"}, "facility": {"code": 16317}}, {"service": {"name": "Integrated Management of Childhood Illnesses"}, "facility": {"code": 16317}}, {"service": {"name": "Surgical Services"}, "facility": {"code": 16317}}, {"service": {"name": "Maternity Services"}, "facility": {"code": 16317}}, {"service": {"name": "Curative Services"}, "facility": {"code": 16317}}, {"service": {"name": "Basic Immunization"}, "facility": {"code": 16317}}, {"service": {"name": "Focused Antenatal Care"}, "facility": {"code": 16317}}, {"service": {"name": "Short Term FP"}, "facility": {"code": 16317}}, {"service": {"name": "PMTCT - ANC"}, "facility": {"code": 16317}}, {"service": {"name": "Early Infant Diagnosis"}, "facility": {"code": 16317}}, {"service": {"name": "Provider Initiated Counselling and Testing"}, "facility": {"code": 16317}}, {"service": {"name": "Diagnostic Counselling and Testing"}, "facility": {"code": 16317}}, {"service": {"name": "Management of STIs"}, "facility": {"code": 16317}}, {"service": {"name": "Condom Promotion and Distribution"}, "facility": {"code": 16317}}, {"service": {"name": "Emergency Preparedness"}, "facility": {"code": 16318}}, {"service": {"name": "ENT Services"}, "facility": {"code": 16318}}, {"service": {"name": "Emergency Obstetric Care"}, "facility": {"code": 16318}}, {"service": {"name": "Environmental Health Services"}, "facility": {"code": 16318}}, {"service": {"name": "Opthalmic Services"}, "facility": {"code": 16318}}, {"service": {"name": "Nutrition Services"}, "facility": {"code": 16318}}, {"service": {"name": "Integrated Management of Childhood Illnesses"}, "facility": {"code": 16318}}, {"service": {"name": "Surgical Services"}, "facility": {"code": 16318}}, {"service": {"name": "Maternity Services"}, "facility": {"code": 16318}}, {"service": {"name": "Curative Services"}, "facility": {"code": 16318}}, {"service": {"name": "Basic Immunization"}, "facility": {"code": 16318}}, {"service": {"name": "Focused Antenatal Care"}, "facility": {"code": 16318}}, {"service": {"name": "Short Term FP"}, "facility": {"code": 16318}}, {"service": {"name": "PMTCT - ANC"}, "facility": {"code": 16318}}, {"service": {"name": "Early Infant Diagnosis"}, "facility": {"code": 16318}}, {"service": {"name": "Diagnostic Counselling and Testing"}, "facility": {"code": 16318}}, {"service": {"name": "Provider Initiated Counselling and Testing"}, "facility": {"code": 16318}}, {"service": {"name": "Management of STIs"}, "facility": {"code": 16318}}, {"service": {"name": "Condom Promotion and Distribution"}, "facility": {"code": 16318}}, {"service": {"name": "Emergency Preparedness"}, "facility": {"code": 14688}}, {"service": {"name": "ENT Services"}, "facility": {"code": 14688}}, {"service": {"name": "Emergency Obstetric Care"}, "facility": {"code": 14688}}, {"service": {"name": "Environmental Health Services"}, "facility": {"code": 14688}}, {"service": {"name": "Opthalmic Services"}, "facility": {"code": 14688}}, {"service": {"name": "Nutrition Services"}, "facility": {"code": 14688}}, {"service": {"name": "Integrated Management of Childhood Illnesses"}, "facility": {"code": 14688}}, {"service": {"name": "Surgical Services"}, "facility": {"code": 14688}}, {"service": {"name": "Maternity Services"}, "facility": {"code": 14688}}, {"service": {"name": "Curative Services"}, "facility": {"code": 14688}}, {"service": {"name": "Basic Immunization"}, "facility": {"code": 14688}}, {"service": {"name": "Focused Antenatal Care"}, "facility": {"code": 14688}}, {"service": {"name": "Short Term FP"}, "facility": {"code": 14688}}, {"service": {"name": "PMTCT - ANC"}, "facility": {"code": 14688}}, {"service": {"name": "Early Infant Diagnosis"}, "facility": {"code": 14688}}, {"service": {"name": "Diagnostic Counselling and Testing"}, "facility": {"code": 14688}}, {"service": {"name": "Provider Initiated Counselling and Testing"}, "facility": {"code": 14688}}, {"service": {"name": "Management of STIs"}, "facility": {"code": 14688}}, {"service": {"name": "Condom Promotion and Distribution"}, "facility": {"code": 14688}}, {"service": {"name": "Emergency Preparedness"}, "facility": {"code": 14531}}, {"service": {"name": "ENT Services"}, "facility": {"code": 14531}}, {"service": {"name": "Emergency Obstetric Care"}, "facility": {"code": 14531}}, {"service": {"name": "Environmental Health Services"}, "facility": {"code": 14531}}, {"service": {"name": "Opthalmic Services"}, "facility": {"code": 14531}}, {"service": {"name": "Nutrition Services"}, "facility": {"code": 14531}}, {"service": {"name": "Integrated Management of Childhood Illnesses"}, "facility": {"code": 14531}}, {"service": {"name": "Laboratory Services"}, "facility": {"code": 14531}}, {"service": {"name": "Surgical Services"}, "facility": {"code": 14531}}, {"service": {"name": "Maternity Services"}, "facility": {"code": 14531}}, {"service": {"name": "Curative Services"}, "facility": {"code": 14531}}, {"service": {"name": "Focused Antenatal Care"}, "facility": {"code": 14531}}, {"service": {"name": "Basic Immunization"}, "facility": {"code": 14531}}, {"service": {"name": "Short Term FP"}, "facility": {"code": 14531}}, {"service": {"name": "PMTCT - ANC"}, "facility": {"code": 14531}}, {"service": {"name": "Early Infant Diagnosis"}, "facility": {"code": 14531}}, {"service": {"name": "Diagnostic Counselling and Testing"}, "facility": {"code": 14531}}, {"service": {"name": "Provider Initiated Counselling and Testing"}, "facility": {"code": 14531}}, {"service": {"name": "Management of STIs"}, "facility": {"code": 14531}}, {"service": {"name": "Condom Promotion and Distribution"}, "facility": {"code": 14531}}, {"service": {"name": "Emergency Preparedness"}, "facility": {"code": 14505}}, {"service": {"name": "ENT Services"}, "facility": {"code": 14505}}, {"service": {"name": "Emergency Obstetric Care"}, "facility": {"code": 14505}}, {"service": {"name": "Environmental Health Services"}, "facility": {"code": 14505}}, {"service": {"name": "Opthalmic Services"}, "facility": {"code": 14505}}, {"service": {"name": "Integrated Management of Childhood Illnesses"}, "facility": {"code": 14505}}, {"service": {"name": "Nutrition Services"}, "facility": {"code": 14505}}, {"service": {"name": "Laboratory Services"}, "facility": {"code": 14505}}, {"service": {"name": "Surgical Services"}, "facility": {"code": 14505}}, {"service": {"name": "Maternity Services"}, "facility": {"code": 14505}}, {"service": {"name": "Curative Services"}, "facility": {"code": 14505}}, {"service": {"name": "Basic Immunization"}, "facility": {"code": 14505}}, {"service": {"name": "Focused Antenatal Care"}, "facility": {"code": 14505}}, {"service": {"name": "Short Term FP"}, "facility": {"code": 14505}}, {"service": {"name": "PMTCT - Maternity"}, "facility": {"code": 14505}}, {"service": {"name": "PMTCT - ANC"}, "facility": {"code": 14505}}, {"service": {"name": "Early Infant Diagnosis"}, "facility": {"code": 14505}}, {"service": {"name": "Diagnostic Counselling and Testing"}, "facility": {"code": 14505}}, {"service": {"name": "Provider Initiated Counselling and Testing"}, "facility": {"code": 14505}}, {"service": {"name": "Management of STIs"}, "facility": {"code": 14505}}, {"service": {"name": "Condom Promotion and Distribution"}, "facility": {"code": 14505}}, {"service": {"name": "Emergency Preparedness"}, "facility": {"code": 14297}}, {"service": {"name": "ENT Services"}, "facility": {"code": 14297}}, {"service": {"name": "Emergency Obstetric Care"}, "facility": {"code": 14297}}, {"service": {"name": "Environmental Health Services"}, "facility": {"code": 14297}}, {"service": {"name": "Opthalmic Services"}, "facility": {"code": 14297}}, {"service": {"name": "Nutrition Services"}, "facility": {"code": 14297}}, {"service": {"name": "Integrated Management of Childhood Illnesses"}, "facility": {"code": 14297}}, {"service": {"name": "Surgical Services"}, "facility": {"code": 14297}}, {"service": {"name": "Maternity Services"}, "facility": {"code": 14297}}, {"service": {"name": "Curative Services"}, "facility": {"code": 14297}}, {"service": {"name": "Basic Immunization"}, "facility": {"code": 14297}}, {"service": {"name": "Focused Antenatal Care"}, "facility": {"code": 14297}}, {"service": {"name": "Short Term FP"}, "facility": {"code": 14297}}, {"service": {"name": "PMTCT - ANC"}, "facility": {"code": 14297}}, {"service": {"name": "Early Infant Diagnosis"}, "facility": {"code": 14297}}, {"service": {"name": "Diagnostic Counselling and Testing"}, "facility": {"code": 14297}}, {"service": {"name": "Provider Initiated Counselling and Testing"}, "facility": {"code": 14297}}, {"service": {"name": "Management of STIs"}, "facility": {"code": 14297}}, {"service": {"name": "Condom Promotion and Distribution"}, "facility": {"code": 14297}}, {"service": {"name": "Emergency Preparedness"}, "facility": {"code": 14932}}, {"service": {"name": "ENT Services"}, "facility": {"code": 14932}}, {"service": {"name": "Emergency Obstetric Care"}, "facility": {"code": 14932}}, {"service": {"name": "Environmental Health Services"}, "facility": {"code": 14932}}, {"service": {"name": "Opthalmic Services"}, "facility": {"code": 14932}}, {"service": {"name": "Integrated Management of Childhood Illnesses"}, "facility": {"code": 14932}}, {"service": {"name": "Nutrition Services"}, "facility": {"code": 14932}}, {"service": {"name": "Surgical Services"}, "facility": {"code": 14932}}, {"service": {"name": "Maternity Services"}, "facility": {"code": 14932}}, {"service": {"name": "Curative Services"}, "facility": {"code": 14932}}, {"service": {"name": "Basic Immunization"}, "facility": {"code": 14932}}, {"service": {"name": "Focused Antenatal Care"}, "facility": {"code": 14932}}, {"service": {"name": "Short Term FP"}, "facility": {"code": 14932}}, {"service": {"name": "PMTCT - ANC"}, "facility": {"code": 14932}}, {"service": {"name": "Early Infant Diagnosis"}, "facility": {"code": 14932}}, {"service": {"name": "Provider Initiated Counselling and Testing"}, "facility": {"code": 14932}}, {"service": {"name": "Management of STIs"}, "facility": {"code": 14932}}, {"service": {"name": "Condom Promotion and Distribution"}, "facility": {"code": 14932}}, {"service": {"name": "Emergency Preparedness"}, "facility": {"code": 14295}}, {"service": {"name": "ENT Services"}, "facility": {"code": 14295}}, {"service": {"name": "Emergency Obstetric Care"}, "facility": {"code": 14295}}, {"service": {"name": "Environmental Health Services"}, "facility": {"code": 14295}}, {"service": {"name": "Opthalmic Services"}, "facility": {"code": 14295}}, {"service": {"name": "Nutrition Services"}, "facility": {"code": 14295}}, {"service": {"name": "Integrated Management of Childhood Illnesses"}, "facility": {"code": 14295}}, {"service": {"name": "Maternity Services"}, "facility": {"code": 14295}}, {"service": {"name": "Surgical Services"}, "facility": {"code": 14295}}, {"service": {"name": "Curative Services"}, "facility": {"code": 14295}}, {"service": {"name": "Basic Immunization"}, "facility": {"code": 14295}}, {"service": {"name": "Focused Antenatal Care"}, "facility": {"code": 14295}}, {"service": {"name": "Short Term FP"}, "facility": {"code": 14295}}, {"service": {"name": "PMTCT - ANC"}, "facility": {"code": 14295}}, {"service": {"name": "Early Infant Diagnosis"}, "facility": {"code": 14295}}, {"service": {"name": "Diagnostic Counselling and Testing"}, "facility": {"code": 14295}}, {"service": {"name": "Provider Initiated Counselling and Testing"}, "facility": {"code": 14295}}, {"service": {"name": "Management of STIs"}, "facility": {"code": 14295}}, {"service": {"name": "Condom Promotion and Distribution"}, "facility": {"code": 14295}}, {"service": {"name": "Emergency Preparedness"}, "facility": {"code": 14290}}, {"service": {"name": "ENT Services"}, "facility": {"code": 14290}}, {"service": {"name": "Emergency Obstetric Care"}, "facility": {"code": 14290}}, {"service": {"name": "Environmental Health Services"}, "facility": {"code": 14290}}, {"service": {"name": "Opthalmic Services"}, "facility": {"code": 14290}}, {"service": {"name": "Nutrition Services"}, "facility": {"code": 14290}}, {"service": {"name": "Integrated Management of Childhood Illnesses"}, "facility": {"code": 14290}}, {"service": {"name": "Surgical Services"}, "facility": {"code": 14290}}, {"service": {"name": "Maternity Services"}, "facility": {"code": 14290}}, {"service": {"name": "Curative Services"}, "facility": {"code": 14290}}, {"service": {"name": "Basic Immunization"}, "facility": {"code": 14290}}, {"service": {"name": "Focused Antenatal Care"}, "facility": {"code": 14290}}, {"service": {"name": "Short Term FP"}, "facility": {"code": 14290}}, {"service": {"name": "PMTCT - ANC"}, "facility": {"code": 14290}}, {"service": {"name": "Early Infant Diagnosis"}, "facility": {"code": 14290}}, {"service": {"name": "Diagnostic Counselling and Testing"}, "facility": {"code": 14290}}, {"service": {"name": "Provider Initiated Counselling and Testing"}, "facility": {"code": 14290}}, {"service": {"name": "Management of STIs"}, "facility": {"code": 14290}}, {"service": {"name": "Condom Promotion and Distribution"}, "facility": {"code": 14290}}, {"service": {"name": "Emergency Preparedness"}, "facility": {"code": 15220}}, {"service": {"name": "ENT Services"}, "facility": {"code": 15220}}, {"service": {"name": "Emergency Obstetric Care"}, "facility": {"code": 15220}}, {"service": {"name": "Environmental Health Services"}, "facility": {"code": 15220}}, {"service": {"name": "Opthalmic Services"}, "facility": {"code": 15220}}, {"service": {"name": "Nutrition Services"}, "facility": {"code": 15220}}, {"service": {"name": "Integrated Management of Childhood Illnesses"}, "facility": {"code": 15220}}, {"service": {"name": "Ambulance Sevices"}, "facility": {"code": 15220}}, {"service": {"name": "Surgical Services"}, "facility": {"code": 15220}}, {"service": {"name": "Maternity Services"}, "facility": {"code": 15220}}, {"service": {"name": "Curative Services"}, "facility": {"code": 15220}}, {"service": {"name": "Basic Immunization"}, "facility": {"code": 15220}}, {"service": {"name": "Focused Antenatal Care"}, "facility": {"code": 15220}}, {"service": {"name": "Short Term FP"}, "facility": {"code": 15220}}, {"service": {"name": "Post Exposure Prophylaxis"}, "facility": {"code": 15220}}, {"service": {"name": "PMTCT - ANC"}, "facility": {"code": 15220}}, {"service": {"name": "Early Infant Diagnosis"}, "facility": {"code": 15220}}, {"service": {"name": "Diagnostic Counselling and Testing"}, "facility": {"code": 15220}}, {"service": {"name": "Provider Initiated Counselling and Testing"}, "facility": {"code": 15220}}, {"service": {"name": "Voluntary Counselling and Testing"}, "facility": {"code": 15220}}, {"service": {"name": "Management of STIs"}, "facility": {"code": 15220}}, {"service": {"name": "Condom Promotion and Distribution"}, "facility": {"code": 15220}}, {"service": {"name": "Emergency Preparedness"}, "facility": {"code": 15402}}, {"service": {"name": "Emergency Obstetric Care"}, "facility": {"code": 15402}}, {"service": {"name": "Services for Female Genital Mutilation (FGM) Survivors"}, "facility": {"code": 15402}}, {"service": {"name": "Basic Immunization"}, "facility": {"code": 15402}}, {"service": {"name": "Focused Antenatal Care"}, "facility": {"code": 15402}}, {"service": {"name": "Integrated Services"}, "facility": {"code": 15402}}, {"service": {"name": "Long Term FP"}, "facility": {"code": 15402}}, {"service": {"name": "Short Term FP"}, "facility": {"code": 15402}}, {"service": {"name": "Post Exposure Prophylaxis"}, "facility": {"code": 15402}}, {"service": {"name": "PMTCT - Maternity"}, "facility": {"code": 15402}}, {"service": {"name": "PMTCT - ANC"}, "facility": {"code": 15402}}, {"service": {"name": "Early Infant Diagnosis"}, "facility": {"code": 15402}}, {"service": {"name": "Diagnostic Counselling and Testing"}, "facility": {"code": 15402}}, {"service": {"name": "Provider Initiated Counselling and Testing"}, "facility": {"code": 15402}}, {"service": {"name": "Management of STIs"}, "facility": {"code": 15402}}, {"service": {"name": "Condom Promotion and Distribution"}, "facility": {"code": 15402}}, {"service": {"name": "Services for Sexual Violence Survivors"}, "facility": {"code": 15366}}, {"service": {"name": "Emergency Preparedness"}, "facility": {"code": 15366}}, {"service": {"name": "Emergency Obstetric Care"}, "facility": {"code": 15366}}, {"service": {"name": "Environmental Health Services"}, "facility": {"code": 15366}}, {"service": {"name": "Mental Health Services"}, "facility": {"code": 15366}}, {"service": {"name": "Opthalmic Services"}, "facility": {"code": 15366}}, {"service": {"name": "Nutrition Services"}, "facility": {"code": 15366}}, {"service": {"name": "Integrated Management of Childhood Illnesses"}, "facility": {"code": 15366}}, {"service": {"name": "Surgical Services"}, "facility": {"code": 15366}}, {"service": {"name": "Maternity Services"}, "facility": {"code": 15366}}, {"service": {"name": "Curative Services"}, "facility": {"code": 15366}}, {"service": {"name": "Basic Immunization"}, "facility": {"code": 15366}}, {"service": {"name": "Focused Antenatal Care"}, "facility": {"code": 15366}}, {"service": {"name": "Long Term FP"}, "facility": {"code": 15366}}, {"service": {"name": "Short Term FP"}, "facility": {"code": 15366}}, {"service": {"name": "PMTCT - Maternity"}, "facility": {"code": 15366}}, {"service": {"name": "PMTCT - ANC"}, "facility": {"code": 15366}}, {"service": {"name": "Early Infant Diagnosis"}, "facility": {"code": 15366}}, {"service": {"name": "Diagnostic Counselling and Testing"}, "facility": {"code": 15366}}, {"service": {"name": "Provider Initiated Counselling and Testing"}, "facility": {"code": 15366}}, {"service": {"name": "Management of STIs"}, "facility": {"code": 15366}}, {"service": {"name": "Condom Promotion and Distribution"}, "facility": {"code": 15366}}, {"service": {"name": "Curative Services"}, "facility": {"code": 12443}}, {"service": {"name": "Emergency Preparedness"}, "facility": {"code": 15361}}, {"service": {"name": "Emergency Obstetric Care"}, "facility": {"code": 15361}}, {"service": {"name": "Environmental Health Services"}, "facility": {"code": 15361}}, {"service": {"name": "Services for Sexual Violence Survivors"}, "facility": {"code": 15361}}, {"service": {"name": "Mental Health Services"}, "facility": {"code": 15361}}, {"service": {"name": "Opthalmic Services"}, "facility": {"code": 15361}}, {"service": {"name": "Nutrition Services"}, "facility": {"code": 15361}}, {"service": {"name": "Integrated Management of Childhood Illnesses"}, "facility": {"code": 15361}}, {"service": {"name": "Surgical Services"}, "facility": {"code": 15361}}, {"service": {"name": "Maternity Services"}, "facility": {"code": 15361}}, {"service": {"name": "Short Term FP"}, "facility": {"code": 12443}}, {"service": {"name": "Curative Services"}, "facility": {"code": 15361}}, {"service": {"name": "Services for Female Genital Mutilation (FGM) Survivors"}, "facility": {"code": 15361}}, {"service": {"name": "Basic Immunization"}, "facility": {"code": 15361}}, {"service": {"name": "Focused Antenatal Care"}, "facility": {"code": 15361}}, {"service": {"name": "Integrated Services"}, "facility": {"code": 15361}}, {"service": {"name": "Long Term FP"}, "facility": {"code": 15361}}, {"service": {"name": "Short Term FP"}, "facility": {"code": 15361}}, {"service": {"name": "PMTCT - Maternity"}, "facility": {"code": 15361}}, {"service": {"name": "PMTCT - ANC"}, "facility": {"code": 15361}}, {"service": {"name": "Early Infant Diagnosis"}, "facility": {"code": 15361}}, {"service": {"name": "Diagnostic Counselling and Testing"}, "facility": {"code": 15361}}, {"service": {"name": "Provider Initiated Counselling and Testing"}, "facility": {"code": 15361}}, {"service": {"name": "Management of STIs"}, "facility": {"code": 15361}}, {"service": {"name": "Condom Promotion and Distribution"}, "facility": {"code": 15361}}, {"service": {"name": "Emergency Obstetric Care"}, "facility": {"code": 15051}}, {"service": {"name": "Environmental Health Services"}, "facility": {"code": 15051}}, {"service": {"name": "Rehabilitative Health Services - Physiotherapy"}, "facility": {"code": 15051}}, {"service": {"name": "Services for Sexual Violence Survivors"}, "facility": {"code": 15051}}, {"service": {"name": "Mental Health Services"}, "facility": {"code": 15051}}, {"service": {"name": "Opthalmic Services"}, "facility": {"code": 15051}}, {"service": {"name": "Nutrition Services"}, "facility": {"code": 15051}}, {"service": {"name": "Condom Promotion and Distribution"}, "facility": {"code": 12443}}, {"service": {"name": "Integrated Management of Childhood Illnesses"}, "facility": {"code": 15051}}, {"service": {"name": "Ambulance Sevices"}, "facility": {"code": 15051}}, {"service": {"name": "Laboratory Services"}, "facility": {"code": 15051}}, {"service": {"name": "Radiology Services"}, "facility": {"code": 15051}}, {"service": {"name": "Surgical Services"}, "facility": {"code": 15051}}, {"service": {"name": "Maternity Services"}, "facility": {"code": 15051}}, {"service": {"name": "Curative Services"}, "facility": {"code": 15051}}, {"service": {"name": "Mortuary Services"}, "facility": {"code": 15051}}, {"service": {"name": "Services for Female Genital Mutilation (FGM) Survivors"}, "facility": {"code": 15051}}, {"service": {"name": "Facility Based Blood Transfusion Service"}, "facility": {"code": 15051}}, {"service": {"name": "Rehabilitative Health Services - Orthopaedic Technology"}, "facility": {"code": 15051}}, {"service": {"name": "Rehabilitative Health Services - Occupational Health"}, "facility": {"code": 15051}}, {"service": {"name": "First Line Treatment"}, "facility": {"code": 15051}}, {"service": {"name": "Tuberculosis Culture"}, "facility": {"code": 15051}}, {"service": {"name": "Smear Microscopy"}, "facility": {"code": 15051}}, {"service": {"name": "Basic Immunization"}, "facility": {"code": 15051}}, {"service": {"name": "Focused Antenatal Care"}, "facility": {"code": 15051}}, {"service": {"name": "Integrated Services"}, "facility": {"code": 15051}}, {"service": {"name": "Permanent FP"}, "facility": {"code": 15051}}, {"service": {"name": "Long Term FP"}, "facility": {"code": 15051}}, {"service": {"name": "Short Term FP"}, "facility": {"code": 15051}}, {"service": {"name": "Adult Antiretroviral Therapy"}, "facility": {"code": 15051}}, {"service": {"name": "Paediatric Antiretroviral Therapy"}, "facility": {"code": 15051}}, {"service": {"name": "Post Exposure Prophylaxis"}, "facility": {"code": 15051}}, {"service": {"name": "PMTCT - Maternity"}, "facility": {"code": 15051}}, {"service": {"name": "PMTCT - ANC"}, "facility": {"code": 15051}}, {"service": {"name": "Early Infant Diagnosis"}, "facility": {"code": 15051}}, {"service": {"name": "Diagnostic Counselling and Testing"}, "facility": {"code": 15051}}, {"service": {"name": "Provider Initiated Counselling and Testing"}, "facility": {"code": 15051}}, {"service": {"name": "Voluntary Counselling and Testing"}, "facility": {"code": 15051}}, {"service": {"name": "Management of STIs"}, "facility": {"code": 15051}}, {"service": {"name": "ENT Services"}, "facility": {"code": 14273}}, {"service": {"name": "Condom Promotion and Distribution"}, "facility": {"code": 15051}}, {"service": {"name": "Emergency Preparedness"}, "facility": {"code": 14273}}, {"service": {"name": "Emergency Obstetric Care"}, "facility": {"code": 14273}}, {"service": {"name": "Immunization with additional vaccines"}, "facility": {"code": 15896}}, {"service": {"name": "Basic Immunization"}, "facility": {"code": 15896}}, {"service": {"name": "Focused Antenatal Care"}, "facility": {"code": 15896}}, {"service": {"name": "Integrated Services"}, "facility": {"code": 15896}}, {"service": {"name": "Short Term FP"}, "facility": {"code": 15896}}, {"service": {"name": "Post Exposure Prophylaxis"}, "facility": {"code": 15896}}, {"service": {"name": "Voluntary Male Circumcision"}, "facility": {"code": 15896}}, {"service": {"name": "PMTCT - Maternity"}, "facility": {"code": 15896}}, {"service": {"name": "PMTCT - ANC"}, "facility": {"code": 15896}}, {"service": {"name": "Early Infant Diagnosis"}, "facility": {"code": 15896}}, {"service": {"name": "Diagnostic Counselling and Testing"}, "facility": {"code": 15896}}, {"service": {"name": "Provider Initiated Counselling and Testing"}, "facility": {"code": 15896}}, {"service": {"name": "Voluntary Counselling and Testing"}, "facility": {"code": 15896}}, {"service": {"name": "Management of STIs"}, "facility": {"code": 15896}}, {"service": {"name": "Condom Promotion and Distribution"}, "facility": {"code": 15896}}, {"service": {"name": "Emergency Obstetric Care"}, "facility": {"code": 16044}}, {"service": {"name": "Immunization with additional vaccines"}, "facility": {"code": 16044}}, {"service": {"name": "Basic Immunization"}, "facility": {"code": 16044}}, {"service": {"name": "Focused Antenatal Care"}, "facility": {"code": 16044}}, {"service": {"name": "Post Exposure Prophylaxis"}, "facility": {"code": 16044}}, {"service": {"name": "PMTCT - ANC"}, "facility": {"code": 16044}}, {"service": {"name": "Early Infant Diagnosis"}, "facility": {"code": 16044}}, {"service": {"name": "Diagnostic Counselling and Testing"}, "facility": {"code": 16044}}, {"service": {"name": "Provider Initiated Counselling and Testing"}, "facility": {"code": 16044}}, {"service": {"name": "Management of STIs"}, "facility": {"code": 16044}}, {"service": {"name": "Condom Promotion and Distribution"}, "facility": {"code": 16044}}, {"service": {"name": "Immunization with additional vaccines"}, "facility": {"code": 16032}}, {"service": {"name": "Oral Health Services (Dental Services)"}, "facility": {"code": 16157}}, {"service": {"name": "Emergency Preparedness"}, "facility": {"code": 16157}}, {"service": {"name": "Dental Laboratory Services"}, "facility": {"code": 16157}}, {"service": {"name": "Mortuary Services"}, "facility": {"code": 16157}}, {"service": {"name": "Facility Based Blood Transfusion Service"}, "facility": {"code": 16157}}, {"service": {"name": "Rehabilitative Health Services - Orthopaedic Technology"}, "facility": {"code": 16157}}, {"service": {"name": "Rehabilitative Health Services - Occupational Health"}, "facility": {"code": 16157}}, {"service": {"name": "Tuberculosis Culture"}, "facility": {"code": 16157}}, {"service": {"name": "MDRTB Treatment"}, "facility": {"code": 16157}}, {"service": {"name": "First Line Treatment"}, "facility": {"code": 16157}}, {"service": {"name": "Smear Microscopy"}, "facility": {"code": 16157}}, {"service": {"name": "Immunization with additional vaccines"}, "facility": {"code": 16157}}, {"service": {"name": "Basic Immunization"}, "facility": {"code": 16157}}, {"service": {"name": "Focused Antenatal Care"}, "facility": {"code": 16157}}, {"service": {"name": "Integrated Services"}, "facility": {"code": 16157}}, {"service": {"name": "Early Infant Diagnosis"}, "facility": {"code": 16157}}, {"service": {"name": "Diagnostic Counselling and Testing"}, "facility": {"code": 16157}}, {"service": {"name": "Post Exposure Prophylaxis"}, "facility": {"code": 16157}}, {"service": {"name": "Voluntary Male Circumcision"}, "facility": {"code": 16157}}, {"service": {"name": "PMTCT - Maternity"}, "facility": {"code": 16157}}, {"service": {"name": "PMTCT - ANC"}, "facility": {"code": 16157}}, {"service": {"name": "Provider Initiated Counselling and Testing"}, "facility": {"code": 16157}}, {"service": {"name": "Integrated Management of Childhood Illnesses"}, "facility": {"code": 14215}}, {"service": {"name": "Surgical Services"}, "facility": {"code": 14215}}, {"service": {"name": "Post Exposure Prophylaxis"}, "facility": {"code": 14215}}, {"service": {"name": "Basic Immunization"}, "facility": {"code": 16032}}, {"service": {"name": "Focused Antenatal Care"}, "facility": {"code": 16032}}, {"service": {"name": "Integrated Services"}, "facility": {"code": 16032}}, {"service": {"name": "Permanent FP"}, "facility": {"code": 16032}}, {"service": {"name": "Long Term FP"}, "facility": {"code": 16032}}, {"service": {"name": "Short Term FP"}, "facility": {"code": 16032}}, {"service": {"name": "Post Exposure Prophylaxis"}, "facility": {"code": 16032}}, {"service": {"name": "Voluntary Male Circumcision"}, "facility": {"code": 16032}}, {"service": {"name": "PMTCT - Maternity"}, "facility": {"code": 16032}}, {"service": {"name": "PMTCT - ANC"}, "facility": {"code": 16032}}, {"service": {"name": "Early Infant Diagnosis"}, "facility": {"code": 16032}}, {"service": {"name": "Diagnostic Counselling and Testing"}, "facility": {"code": 16032}}, {"service": {"name": "Provider Initiated Counselling and Testing"}, "facility": {"code": 16032}}, {"service": {"name": "Voluntary Counselling and Testing"}, "facility": {"code": 16032}}, {"service": {"name": "Management of STIs"}, "facility": {"code": 16032}}, {"service": {"name": "Condom Promotion and Distribution"}, "facility": {"code": 16032}}, {"service": {"name": "Emergency Preparedness"}, "facility": {"code": 16158}}, {"service": {"name": "Emergency Obstetric Care"}, "facility": {"code": 16158}}, {"service": {"name": "Tuberculosis Culture"}, "facility": {"code": 16158}}, {"service": {"name": "Smear Microscopy"}, "facility": {"code": 16158}}, {"service": {"name": "Immunization with additional vaccines"}, "facility": {"code": 16158}}, {"service": {"name": "Basic Immunization"}, "facility": {"code": 16158}}, {"service": {"name": "Focused Antenatal Care"}, "facility": {"code": 16158}}, {"service": {"name": "Integrated Services"}, "facility": {"code": 16158}}, {"service": {"name": "Long Term FP"}, "facility": {"code": 16158}}, {"service": {"name": "Short Term FP"}, "facility": {"code": 16158}}, {"service": {"name": "Home Based Care"}, "facility": {"code": 16158}}, {"service": {"name": "Adult Antiretroviral Therapy"}, "facility": {"code": 16158}}, {"service": {"name": "Paediatric Antiretroviral Therapy"}, "facility": {"code": 16158}}, {"service": {"name": "Post Exposure Prophylaxis"}, "facility": {"code": 16158}}, {"service": {"name": "Voluntary Male Circumcision"}, "facility": {"code": 16158}}, {"service": {"name": "PMTCT - Maternity"}, "facility": {"code": 16158}}, {"service": {"name": "PMTCT - ANC"}, "facility": {"code": 16158}}, {"service": {"name": "Early Infant Diagnosis"}, "facility": {"code": 16158}}, {"service": {"name": "Diagnostic Counselling and Testing"}, "facility": {"code": 16158}}, {"service": {"name": "Provider Initiated Counselling and Testing"}, "facility": {"code": 16158}}, {"service": {"name": "Voluntary Counselling and Testing"}, "facility": {"code": 16158}}, {"service": {"name": "Management of STIs"}, "facility": {"code": 16158}}, {"service": {"name": "Condom Promotion and Distribution"}, "facility": {"code": 16158}}, {"service": {"name": "Emergency Obstetric Care"}, "facility": {"code": 15814}}, {"service": {"name": "Emergency Preparedness"}, "facility": {"code": 15814}}, {"service": {"name": "Immunization with additional vaccines"}, "facility": {"code": 15814}}, {"service": {"name": "Basic Immunization"}, "facility": {"code": 15814}}, {"service": {"name": "Focused Antenatal Care"}, "facility": {"code": 15814}}, {"service": {"name": "Integrated Services"}, "facility": {"code": 15814}}, {"service": {"name": "Long Term FP"}, "facility": {"code": 15814}}, {"service": {"name": "Short Term FP"}, "facility": {"code": 15814}}, {"service": {"name": "Post Exposure Prophylaxis"}, "facility": {"code": 15814}}, {"service": {"name": "Voluntary Male Circumcision"}, "facility": {"code": 15814}}, {"service": {"name": "PMTCT - Maternity"}, "facility": {"code": 15814}}, {"service": {"name": "PMTCT - ANC"}, "facility": {"code": 15814}}, {"service": {"name": "Early Infant Diagnosis"}, "facility": {"code": 15814}}, {"service": {"name": "Diagnostic Counselling and Testing"}, "facility": {"code": 15814}}, {"service": {"name": "Provider Initiated Counselling and Testing"}, "facility": {"code": 15814}}, {"service": {"name": "Voluntary Counselling and Testing"}, "facility": {"code": 15814}}, {"service": {"name": "Management of STIs"}, "facility": {"code": 15814}}, {"service": {"name": "Condom Promotion and Distribution"}, "facility": {"code": 15814}}, {"service": {"name": "Emergency Preparedness"}, "facility": {"code": 15982}}, {"service": {"name": "Emergency Obstetric Care"}, "facility": {"code": 15982}}, {"service": {"name": "Immunization with additional vaccines"}, "facility": {"code": 15982}}, {"service": {"name": "Basic Immunization"}, "facility": {"code": 15982}}, {"service": {"name": "Focused Antenatal Care"}, "facility": {"code": 15982}}, {"service": {"name": "Integrated Services"}, "facility": {"code": 15982}}, {"service": {"name": "Short Term FP"}, "facility": {"code": 15982}}, {"service": {"name": "Home Based Care"}, "facility": {"code": 15982}}, {"service": {"name": "Adult Antiretroviral Therapy"}, "facility": {"code": 15982}}, {"service": {"name": "Paediatric Antiretroviral Therapy"}, "facility": {"code": 15982}}, {"service": {"name": "Post Exposure Prophylaxis"}, "facility": {"code": 15982}}, {"service": {"name": "Voluntary Male Circumcision"}, "facility": {"code": 15982}}, {"service": {"name": "PMTCT - Maternity"}, "facility": {"code": 15982}}, {"service": {"name": "PMTCT - ANC"}, "facility": {"code": 15982}}, {"service": {"name": "Diagnostic Counselling and Testing"}, "facility": {"code": 15982}}, {"service": {"name": "Early Infant Diagnosis"}, "facility": {"code": 15982}}, {"service": {"name": "Provider Initiated Counselling and Testing"}, "facility": {"code": 15982}}, {"service": {"name": "Voluntary Counselling and Testing"}, "facility": {"code": 15982}}, {"service": {"name": "Management of STIs"}, "facility": {"code": 15982}}, {"service": {"name": "Condom Promotion and Distribution"}, "facility": {"code": 15982}}, {"service": {"name": "Emergency Preparedness"}, "facility": {"code": 15896}}, {"service": {"name": "Emergency Obstetric Care"}, "facility": {"code": 15896}}, {"service": {"name": "Basic Immunization"}, "facility": {"code": 17217}}, {"service": {"name": "Focused Antenatal Care"}, "facility": {"code": 17217}}, {"service": {"name": "Permanent FP"}, "facility": {"code": 17217}}, {"service": {"name": "Long Term FP"}, "facility": {"code": 17217}}, {"service": {"name": "Short Term FP"}, "facility": {"code": 17217}}, {"service": {"name": "Home Based Care"}, "facility": {"code": 17217}}, {"service": {"name": "PMTCT - Maternity"}, "facility": {"code": 17217}}, {"service": {"name": "PMTCT - ANC"}, "facility": {"code": 17217}}, {"service": {"name": "Condom Promotion and Distribution"}, "facility": {"code": 17217}}, {"service": {"name": "Emergency Preparedness"}, "facility": {"code": 16032}}, {"service": {"name": "Oral Health Services (Dental Services)"}, "facility": {"code": 16032}}, {"service": {"name": "Emergency Obstetric Care"}, "facility": {"code": 16032}}, {"service": {"name": "Dental Laboratory Services"}, "facility": {"code": 16013}}, {"service": {"name": "Oral Health Services (Dental Services)"}, "facility": {"code": 16013}}, {"service": {"name": "Emergency Obstetric Care"}, "facility": {"code": 10610}}, {"service": {"name": "Opthalmic Services"}, "facility": {"code": 10610}}, {"service": {"name": "Laboratory Services"}, "facility": {"code": 10610}}, {"service": {"name": "Maternity Services"}, "facility": {"code": 10610}}, {"service": {"name": "Curative Services"}, "facility": {"code": 10610}}, {"service": {"name": "Basic Immunization"}, "facility": {"code": 10610}}, {"service": {"name": "Focused Antenatal Care"}, "facility": {"code": 10610}}, {"service": {"name": "PMTCT - Maternity"}, "facility": {"code": 10610}}, {"service": {"name": "PMTCT - ANC"}, "facility": {"code": 10610}}, {"service": {"name": "Voluntary Counselling and Testing"}, "facility": {"code": 10610}}, {"service": {"name": "Management of STIs"}, "facility": {"code": 10610}}, {"service": {"name": "Condom Promotion and Distribution"}, "facility": {"code": 10610}}, {"service": {"name": "Emergency Obstetric Care"}, "facility": {"code": 10345}}, {"service": {"name": "Integrated Management of Childhood Illnesses"}, "facility": {"code": 10345}}, {"service": {"name": "Laboratory Services"}, "facility": {"code": 10345}}, {"service": {"name": "Curative Services"}, "facility": {"code": 10345}}, {"service": {"name": "Basic Immunization"}, "facility": {"code": 10345}}, {"service": {"name": "Focused Antenatal Care"}, "facility": {"code": 10345}}, {"service": {"name": "Long Term FP"}, "facility": {"code": 10345}}, {"service": {"name": "Short Term FP"}, "facility": {"code": 10345}}, {"service": {"name": "PMTCT - ANC"}, "facility": {"code": 10345}}, {"service": {"name": "Diagnostic Counselling and Testing"}, "facility": {"code": 10345}}, {"service": {"name": "Voluntary Counselling and Testing"}, "facility": {"code": 10345}}, {"service": {"name": "Management of STIs"}, "facility": {"code": 10345}}, {"service": {"name": "Condom Promotion and Distribution"}, "facility": {"code": 10345}}, {"service": {"name": "Rehabilitative Health Services - Physiotherapy"}, "facility": {"code": 10321}}, {"service": {"name": "Nutrition Services"}, "facility": {"code": 10321}}, {"service": {"name": "Integrated Management of Childhood Illnesses"}, "facility": {"code": 10321}}, {"service": {"name": "Laboratory Services"}, "facility": {"code": 10321}}, {"service": {"name": "Curative Services"}, "facility": {"code": 10321}}, {"service": {"name": "Home Based Care"}, "facility": {"code": 10321}}, {"service": {"name": "Diagnostic Counselling and Testing"}, "facility": {"code": 10321}}, {"service": {"name": "Voluntary Counselling and Testing"}, "facility": {"code": 10321}}, {"service": {"name": "Management of STIs"}, "facility": {"code": 10321}}, {"service": {"name": "Emergency Obstetric Care"}, "facility": {"code": 10018}}, {"service": {"name": "Maternity Services"}, "facility": {"code": 10018}}, {"service": {"name": "Curative Services"}, "facility": {"code": 10018}}, {"service": {"name": "Basic Immunization"}, "facility": {"code": 10018}}, {"service": {"name": "Focused Antenatal Care"}, "facility": {"code": 10018}}, {"service": {"name": "Long Term FP"}, "facility": {"code": 10018}}, {"service": {"name": "Short Term FP"}, "facility": {"code": 10018}}, {"service": {"name": "PMTCT - Maternity"}, "facility": {"code": 10018}}, {"service": {"name": "PMTCT - ANC"}, "facility": {"code": 10018}}, {"service": {"name": "Diagnostic Counselling and Testing"}, "facility": {"code": 10018}}, {"service": {"name": "Provider Initiated Counselling and Testing"}, "facility": {"code": 10018}}, {"service": {"name": "Voluntary Counselling and Testing"}, "facility": {"code": 10018}}, {"service": {"name": "Management of STIs"}, "facility": {"code": 10018}}, {"service": {"name": "Condom Promotion and Distribution"}, "facility": {"code": 10018}}, {"service": {"name": "Emergency Obstetric Care"}, "facility": {"code": 12631}}, {"service": {"name": "First Line Treatment"}, "facility": {"code": 12631}}, {"service": {"name": "Smear Microscopy"}, "facility": {"code": 12631}}, {"service": {"name": "Basic Immunization"}, "facility": {"code": 12631}}, {"service": {"name": "Focused Antenatal Care"}, "facility": {"code": 12631}}, {"service": {"name": "Integrated Services"}, "facility": {"code": 12631}}, {"service": {"name": "Long Term FP"}, "facility": {"code": 12631}}, {"service": {"name": "Short Term FP"}, "facility": {"code": 12631}}, {"service": {"name": "Post Exposure Prophylaxis"}, "facility": {"code": 12631}}, {"service": {"name": "PMTCT - Maternity"}, "facility": {"code": 12631}}, {"service": {"name": "PMTCT - ANC"}, "facility": {"code": 12631}}, {"service": {"name": "Diagnostic Counselling and Testing"}, "facility": {"code": 12631}}, {"service": {"name": "Provider Initiated Counselling and Testing"}, "facility": {"code": 12631}}, {"service": {"name": "Voluntary Counselling and Testing"}, "facility": {"code": 12631}}, {"service": {"name": "Management of STIs"}, "facility": {"code": 12631}}, {"service": {"name": "Condom Promotion and Distribution"}, "facility": {"code": 12631}}, {"service": {"name": "Emergency Obstetric Care"}, "facility": {"code": 14105}}, {"service": {"name": "Laboratory Services"}, "facility": {"code": 12299}}, {"service": {"name": "Curative Services"}, "facility": {"code": 12299}}, {"service": {"name": "Focused Antenatal Care"}, "facility": {"code": 12299}}, {"service": {"name": "Short Term FP"}, "facility": {"code": 12299}}, {"service": {"name": "PMTCT - ANC"}, "facility": {"code": 12299}}, {"service": {"name": "Condom Promotion and Distribution"}, "facility": {"code": 12299}}, {"service": {"name": "Laboratory Services"}, "facility": {"code": 12297}}, {"service": {"name": "Curative Services"}, "facility": {"code": 12297}}, {"service": {"name": "Basic Immunization"}, "facility": {"code": 12297}}, {"service": {"name": "Focused Antenatal Care"}, "facility": {"code": 12297}}, {"service": {"name": "Short Term FP"}, "facility": {"code": 12297}}, {"service": {"name": "PMTCT - ANC"}, "facility": {"code": 12297}}, {"service": {"name": "Diagnostic Counselling and Testing"}, "facility": {"code": 12297}}, {"service": {"name": "Condom Promotion and Distribution"}, "facility": {"code": 12297}}, {"service": {"name": "Emergency Obstetric Care"}, "facility": {"code": 12288}}, {"service": {"name": "Laboratory Services"}, "facility": {"code": 12288}}, {"service": {"name": "Maternity Services"}, "facility": {"code": 12288}}, {"service": {"name": "Curative Services"}, "facility": {"code": 12288}}, {"service": {"name": "Basic Immunization"}, "facility": {"code": 12288}}, {"service": {"name": "Focused Antenatal Care"}, "facility": {"code": 12288}}, {"service": {"name": "Short Term FP"}, "facility": {"code": 12288}}, {"service": {"name": "Paediatric Antiretroviral Therapy"}, "facility": {"code": 12288}}, {"service": {"name": "Adult Antiretroviral Therapy"}, "facility": {"code": 12288}}, {"service": {"name": "Post Exposure Prophylaxis"}, "facility": {"code": 12288}}, {"service": {"name": "PMTCT - Maternity"}, "facility": {"code": 12288}}, {"service": {"name": "PMTCT - ANC"}, "facility": {"code": 12288}}, {"service": {"name": "Diagnostic Counselling and Testing"}, "facility": {"code": 12288}}, {"service": {"name": "Provider Initiated Counselling and Testing"}, "facility": {"code": 12288}}, {"service": {"name": "Voluntary Counselling and Testing"}, "facility": {"code": 12288}}, {"service": {"name": "Condom Promotion and Distribution"}, "facility": {"code": 12288}}, {"service": {"name": "Curative Services"}, "facility": {"code": 12277}}, {"service": {"name": "Focused Antenatal Care"}, "facility": {"code": 12277}}, {"service": {"name": "Short Term FP"}, "facility": {"code": 12277}}, {"service": {"name": "Condom Promotion and Distribution"}, "facility": {"code": 12277}}, {"service": {"name": "Curative Services"}, "facility": {"code": 12275}}, {"service": {"name": "Focused Antenatal Care"}, "facility": {"code": 12275}}, {"service": {"name": "Short Term FP"}, "facility": {"code": 12275}}, {"service": {"name": "Condom Promotion and Distribution"}, "facility": {"code": 12275}}, {"service": {"name": "Laboratory Services"}, "facility": {"code": 12273}}, {"service": {"name": "Curative Services"}, "facility": {"code": 12273}}, {"service": {"name": "Basic Immunization"}, "facility": {"code": 12273}}, {"service": {"name": "Focused Antenatal Care"}, "facility": {"code": 12273}}, {"service": {"name": "Short Term FP"}, "facility": {"code": 12273}}, {"service": {"name": "Provider Initiated Counselling and Testing"}, "facility": {"code": 12273}}, {"service": {"name": "PMTCT - ANC"}, "facility": {"code": 12273}}, {"service": {"name": "Diagnostic Counselling and Testing"}, "facility": {"code": 12273}}, {"service": {"name": "Condom Promotion and Distribution"}, "facility": {"code": 12273}}, {"service": {"name": "Laboratory Services"}, "facility": {"code": 12196}}, {"service": {"name": "Curative Services"}, "facility": {"code": 12196}}, {"service": {"name": "Basic Immunization"}, "facility": {"code": 12196}}, {"service": {"name": "Emergency Preparedness"}, "facility": {"code": 13445}}, {"service": {"name": "Emergency Obstetric Care"}, "facility": {"code": 13445}}, {"service": {"name": "Environmental Health Services"}, "facility": {"code": 13445}}, {"service": {"name": "Nutrition Services"}, "facility": {"code": 13445}}, {"service": {"name": "Integrated Management of Childhood Illnesses"}, "facility": {"code": 13445}}, {"service": {"name": "Laboratory Services"}, "facility": {"code": 13445}}, {"service": {"name": "Maternity Services"}, "facility": {"code": 13445}}, {"service": {"name": "Curative Services"}, "facility": {"code": 13445}}, {"service": {"name": "Facility Based Blood Transfusion Service"}, "facility": {"code": 13445}}, {"service": {"name": "First Line Treatment"}, "facility": {"code": 13445}}, {"service": {"name": "Emergency Preparedness"}, "facility": {"code": 11266}}, {"service": {"name": "Emergency Obstetric Care"}, "facility": {"code": 11266}}, {"service": {"name": "Smear Microscopy"}, "facility": {"code": 13445}}, {"service": {"name": "Integrated Management of Childhood Illnesses"}, "facility": {"code": 11266}}, {"service": {"name": "Surgical Services"}, "facility": {"code": 11266}}, {"service": {"name": "Maternity Services"}, "facility": {"code": 11266}}, {"service": {"name": "Curative Services"}, "facility": {"code": 11266}}, {"service": {"name": "Focused Antenatal Care"}, "facility": {"code": 13445}}, {"service": {"name": "Integrated Services"}, "facility": {"code": 13445}}, {"service": {"name": "Long Term FP"}, "facility": {"code": 13445}}, {"service": {"name": "Short Term FP"}, "facility": {"code": 13445}}, {"service": {"name": "Emergency Preparedness"}, "facility": {"code": 11432}}, {"service": {"name": "Emergency Obstetric Care"}, "facility": {"code": 11432}}, {"service": {"name": "Integrated Management of Childhood Illnesses"}, "facility": {"code": 11432}}, {"service": {"name": "Laboratory Services"}, "facility": {"code": 11432}}, {"service": {"name": "Surgical Services"}, "facility": {"code": 11432}}, {"service": {"name": "First Line Treatment"}, "facility": {"code": 11432}}, {"service": {"name": "Adult Antiretroviral Therapy"}, "facility": {"code": 13445}}, {"service": {"name": "Smear Microscopy"}, "facility": {"code": 11432}}, {"service": {"name": "Immunization with additional vaccines"}, "facility": {"code": 11432}}, {"service": {"name": "Paediatric Antiretroviral Therapy"}, "facility": {"code": 13445}}, {"service": {"name": "Basic Immunization"}, "facility": {"code": 11432}}, {"service": {"name": "Focused Antenatal Care"}, "facility": {"code": 11432}}, {"service": {"name": "Long Term FP"}, "facility": {"code": 11432}}, {"service": {"name": "Short Term FP"}, "facility": {"code": 11432}}, {"service": {"name": "Adult Antiretroviral Therapy"}, "facility": {"code": 11432}}, {"service": {"name": "Paediatric Antiretroviral Therapy"}, "facility": {"code": 11432}}, {"service": {"name": "Voluntary Male Circumcision"}, "facility": {"code": 11432}}, {"service": {"name": "Post Exposure Prophylaxis"}, "facility": {"code": 11432}}, {"service": {"name": "PMTCT - Maternity"}, "facility": {"code": 11432}}, {"service": {"name": "PMTCT - ANC"}, "facility": {"code": 11432}}, {"service": {"name": "Early Infant Diagnosis"}, "facility": {"code": 11432}}, {"service": {"name": "Diagnostic Counselling and Testing"}, "facility": {"code": 11432}}, {"service": {"name": "Provider Initiated Counselling and Testing"}, "facility": {"code": 11432}}, {"service": {"name": "Voluntary Counselling and Testing"}, "facility": {"code": 11432}}, {"service": {"name": "Management of STIs"}, "facility": {"code": 11432}}, {"service": {"name": "Condom Promotion and Distribution"}, "facility": {"code": 11432}}, {"service": {"name": "Basic Immunization"}, "facility": {"code": 13445}}, {"service": {"name": "Emergency Obstetric Care"}, "facility": {"code": 11392}}, {"service": {"name": "Nutrition Services"}, "facility": {"code": 11392}}, {"service": {"name": "Integrated Management of Childhood Illnesses"}, "facility": {"code": 11392}}, {"service": {"name": "Laboratory Services"}, "facility": {"code": 11392}}, {"service": {"name": "Surgical Services"}, "facility": {"code": 11392}}, {"service": {"name": "Maternity Services"}, "facility": {"code": 11392}}, {"service": {"name": "Curative Services"}, "facility": {"code": 11392}}, {"service": {"name": "First Line Treatment"}, "facility": {"code": 11392}}, {"service": {"name": "Smear Microscopy"}, "facility": {"code": 11392}}, {"service": {"name": "Immunization with additional vaccines"}, "facility": {"code": 11392}}, {"service": {"name": "Basic Immunization"}, "facility": {"code": 11392}}, {"service": {"name": "Focused Antenatal Care"}, "facility": {"code": 11392}}, {"service": {"name": "Integrated Services"}, "facility": {"code": 11392}}, {"service": {"name": "Home Based Care"}, "facility": {"code": 11392}}, {"service": {"name": "Adult Antiretroviral Therapy"}, "facility": {"code": 11392}}, {"service": {"name": "Paediatric Antiretroviral Therapy"}, "facility": {"code": 11392}}, {"service": {"name": "Voluntary Male Circumcision"}, "facility": {"code": 11392}}, {"service": {"name": "Post Exposure Prophylaxis"}, "facility": {"code": 11392}}, {"service": {"name": "PMTCT - Maternity"}, "facility": {"code": 11392}}, {"service": {"name": "PMTCT - ANC"}, "facility": {"code": 11392}}, {"service": {"name": "Early Infant Diagnosis"}, "facility": {"code": 11392}}, {"service": {"name": "Diagnostic Counselling and Testing"}, "facility": {"code": 11392}}, {"service": {"name": "Provider Initiated Counselling and Testing"}, "facility": {"code": 11392}}, {"service": {"name": "Voluntary Counselling and Testing"}, "facility": {"code": 11392}}, {"service": {"name": "Management of STIs"}, "facility": {"code": 11392}}, {"service": {"name": "Emergency Preparedness"}, "facility": {"code": 16186}}, {"service": {"name": "Emergency Obstetric Care"}, "facility": {"code": 16186}}, {"service": {"name": "Surgical Services"}, "facility": {"code": 16186}}, {"service": {"name": "Maternity Services"}, "facility": {"code": 16186}}, {"service": {"name": "Curative Services"}, "facility": {"code": 16186}}, {"service": {"name": "Long Term FP"}, "facility": {"code": 16186}}, {"service": {"name": "Short Term FP"}, "facility": {"code": 16186}}, {"service": {"name": "PMTCT - ANC"}, "facility": {"code": 16186}}, {"service": {"name": "Diagnostic Counselling and Testing"}, "facility": {"code": 16186}}, {"service": {"name": "Provider Initiated Counselling and Testing"}, "facility": {"code": 16186}}, {"service": {"name": "Management of STIs"}, "facility": {"code": 16186}}, {"service": {"name": "Condom Promotion and Distribution"}, "facility": {"code": 16186}}, {"service": {"name": "Focused Antenatal Care"}, "facility": {"code": 12196}}, {"service": {"name": "Long Term FP"}, "facility": {"code": 12196}}, {"service": {"name": "Short Term FP"}, "facility": {"code": 12196}}, {"service": {"name": "Post Exposure Prophylaxis"}, "facility": {"code": 12196}}, {"service": {"name": "Diagnostic Counselling and Testing"}, "facility": {"code": 12196}}, {"service": {"name": "Provider Initiated Counselling and Testing"}, "facility": {"code": 12196}}, {"service": {"name": "PMTCT - ANC"}, "facility": {"code": 12196}}, {"service": {"name": "Condom Promotion and Distribution"}, "facility": {"code": 12196}}, {"service": {"name": "Laboratory Services"}, "facility": {"code": 12162}}, {"service": {"name": "Curative Services"}, "facility": {"code": 12162}}, {"service": {"name": "Short Term FP"}, "facility": {"code": 12162}}, {"service": {"name": "Provider Initiated Counselling and Testing"}, "facility": {"code": 12162}}, {"service": {"name": "Condom Promotion and Distribution"}, "facility": {"code": 12162}}, {"service": {"name": "Laboratory Services"}, "facility": {"code": 12159}}, {"service": {"name": "Curative Services"}, "facility": {"code": 12159}}, {"service": {"name": "Basic Immunization"}, "facility": {"code": 12159}}, {"service": {"name": "Focused Antenatal Care"}, "facility": {"code": 12159}}, {"service": {"name": "Short Term FP"}, "facility": {"code": 12159}}, {"service": {"name": "Provider Initiated Counselling and Testing"}, "facility": {"code": 12159}}, {"service": {"name": "Condom Promotion and Distribution"}, "facility": {"code": 12159}}, {"service": {"name": "Laboratory Services"}, "facility": {"code": 11919}}, {"service": {"name": "Short Term FP"}, "facility": {"code": 11919}}, {"service": {"name": "Curative Services"}, "facility": {"code": 11919}}, {"service": {"name": "Laboratory Services"}, "facility": {"code": 12131}}, {"service": {"name": "Curative Services"}, "facility": {"code": 12131}}, {"service": {"name": "Basic Immunization"}, "facility": {"code": 12131}}, {"service": {"name": "Focused Antenatal Care"}, "facility": {"code": 12131}}, {"service": {"name": "Short Term FP"}, "facility": {"code": 12131}}, {"service": {"name": "PMTCT - ANC"}, "facility": {"code": 12131}}, {"service": {"name": "Provider Initiated Counselling and Testing"}, "facility": {"code": 12131}}, {"service": {"name": "Condom Promotion and Distribution"}, "facility": {"code": 12131}}, {"service": {"name": "Laboratory Services"}, "facility": {"code": 12119}}, {"service": {"name": "Curative Services"}, "facility": {"code": 12119}}, {"service": {"name": "Basic Immunization"}, "facility": {"code": 12119}}, {"service": {"name": "Focused Antenatal Care"}, "facility": {"code": 12119}}, {"service": {"name": "Short Term FP"}, "facility": {"code": 12119}}, {"service": {"name": "PMTCT - ANC"}, "facility": {"code": 12119}}, {"service": {"name": "Provider Initiated Counselling and Testing"}, "facility": {"code": 12119}}, {"service": {"name": "Condom Promotion and Distribution"}, "facility": {"code": 12119}}, {"service": {"name": "Laboratory Services"}, "facility": {"code": 12100}}, {"service": {"name": "Curative Services"}, "facility": {"code": 12100}}, {"service": {"name": "Basic Immunization"}, "facility": {"code": 12100}}, {"service": {"name": "Focused Antenatal Care"}, "facility": {"code": 12100}}, {"service": {"name": "Short Term FP"}, "facility": {"code": 12100}}, {"service": {"name": "PMTCT - ANC"}, "facility": {"code": 12100}}, {"service": {"name": "Provider Initiated Counselling and Testing"}, "facility": {"code": 12100}}, {"service": {"name": "Condom Promotion and Distribution"}, "facility": {"code": 12100}}, {"service": {"name": "First Line Treatment"}, "facility": {"code": 13449}}, {"service": {"name": "Immunization with additional vaccines"}, "facility": {"code": 13449}}, {"service": {"name": "Focused Antenatal Care"}, "facility": {"code": 13449}}, {"service": {"name": "Integrated Services"}, "facility": {"code": 13449}}, {"service": {"name": "Short Term FP"}, "facility": {"code": 13449}}, {"service": {"name": "Adult Antiretroviral Therapy"}, "facility": {"code": 13449}}, {"service": {"name": "Post Exposure Prophylaxis"}, "facility": {"code": 13449}}, {"service": {"name": "Voluntary Male Circumcision"}, "facility": {"code": 13449}}, {"service": {"name": "ENT Services"}, "facility": {"code": 13449}}, {"service": {"name": "Emergency Preparedness"}, "facility": {"code": 13449}}, {"service": {"name": "Oral Health Services (Dental Services)"}, "facility": {"code": 13449}}, {"service": {"name": "Emergency Obstetric Care"}, "facility": {"code": 13449}}, {"service": {"name": "Nutrition Services"}, "facility": {"code": 13449}}, {"service": {"name": "Maternity Services"}, "facility": {"code": 13449}}, {"service": {"name": "Curative Services"}, "facility": {"code": 13449}}, {"service": {"name": "Environmental Health Services"}, "facility": {"code": 13720}}, {"service": {"name": "Curative Services"}, "facility": {"code": 13720}}, {"service": {"name": "Basic Immunization"}, "facility": {"code": 13720}}, {"service": {"name": "Focused Antenatal Care"}, "facility": {"code": 13720}}, {"service": {"name": "Short Term FP"}, "facility": {"code": 13720}}, {"service": {"name": "PMTCT - ANC"}, "facility": {"code": 13720}}, {"service": {"name": "Provider Initiated Counselling and Testing"}, "facility": {"code": 13720}}, {"service": {"name": "Early Infant Diagnosis"}, "facility": {"code": 13720}}, {"service": {"name": "Diagnostic Counselling and Testing"}, "facility": {"code": 13720}}, {"service": {"name": "Management of STIs"}, "facility": {"code": 13720}}, {"service": {"name": "Condom Promotion and Distribution"}, "facility": {"code": 13720}}, {"service": {"name": "Environmental Health Services"}, "facility": {"code": 14046}}, {"service": {"name": "Curative Services"}, "facility": {"code": 14046}}, {"service": {"name": "Basic Immunization"}, "facility": {"code": 14046}}, {"service": {"name": "First Line Treatment"}, "facility": {"code": 14046}}, {"service": {"name": "Focused Antenatal Care"}, "facility": {"code": 14046}}, {"service": {"name": "Integrated Services"}, "facility": {"code": 14046}}, {"service": {"name": "Short Term FP"}, "facility": {"code": 14046}}, {"service": {"name": "Post Exposure Prophylaxis"}, "facility": {"code": 14046}}, {"service": {"name": "PMTCT - ANC"}, "facility": {"code": 14046}}, {"service": {"name": "Diagnostic Counselling and Testing"}, "facility": {"code": 14046}}, {"service": {"name": "Home Based Care"}, "facility": {"code": 14046}}, {"service": {"name": "Provider Initiated Counselling and Testing"}, "facility": {"code": 14046}}, {"service": {"name": "Management of STIs"}, "facility": {"code": 14046}}, {"service": {"name": "Condom Promotion and Distribution"}, "facility": {"code": 14046}}, {"service": {"name": "Emergency Obstetric Care"}, "facility": {"code": 13714}}, {"service": {"name": "Facility Based Blood Transfusion Service"}, "facility": {"code": 13714}}, {"service": {"name": "MDRTB Treatment"}, "facility": {"code": 13714}}, {"service": {"name": "First Line Treatment"}, "facility": {"code": 13714}}, {"service": {"name": "Smear Microscopy"}, "facility": {"code": 13714}}, {"service": {"name": "Basic Immunization"}, "facility": {"code": 13714}}, {"service": {"name": "Short Term FP"}, "facility": {"code": 13714}}, {"service": {"name": "Focused Antenatal Care"}, "facility": {"code": 13714}}, {"service": {"name": "Long Term FP"}, "facility": {"code": 13714}}, {"service": {"name": "Home Based Care"}, "facility": {"code": 13714}}, {"service": {"name": "Adult Antiretroviral Therapy"}, "facility": {"code": 13714}}, {"service": {"name": "Post Exposure Prophylaxis"}, "facility": {"code": 13714}}, {"service": {"name": "Voluntary Male Circumcision"}, "facility": {"code": 13714}}, {"service": {"name": "PMTCT - Maternity"}, "facility": {"code": 13714}}, {"service": {"name": "PMTCT - ANC"}, "facility": {"code": 13714}}, {"service": {"name": "Early Infant Diagnosis"}, "facility": {"code": 13714}}, {"service": {"name": "Diagnostic Counselling and Testing"}, "facility": {"code": 13714}}, {"service": {"name": "Provider Initiated Counselling and Testing"}, "facility": {"code": 13714}}, {"service": {"name": "Voluntary Counselling and Testing"}, "facility": {"code": 13714}}, {"service": {"name": "Management of STIs"}, "facility": {"code": 13714}}, {"service": {"name": "Condom Promotion and Distribution"}, "facility": {"code": 13714}}, {"service": {"name": "Environmental Health Services"}, "facility": {"code": 13503}}, {"service": {"name": "Nutrition Services"}, "facility": {"code": 13503}}, {"service": {"name": "Maternity Services"}, "facility": {"code": 13503}}, {"service": {"name": "Curative Services"}, "facility": {"code": 13503}}, {"service": {"name": "Emergency Obstetric Care"}, "facility": {"code": 12237}}, {"service": {"name": "Nutrition Services"}, "facility": {"code": 12237}}, {"service": {"name": "Environmental Health Services"}, "facility": {"code": 12237}}, {"service": {"name": "Maternity Services"}, "facility": {"code": 12237}}, {"service": {"name": "Curative Services"}, "facility": {"code": 12237}}, {"service": {"name": "First Line Treatment"}, "facility": {"code": 12237}}, {"service": {"name": "Immunization with additional vaccines"}, "facility": {"code": 12237}}, {"service": {"name": "Focused Antenatal Care"}, "facility": {"code": 12237}}, {"service": {"name": "Basic Immunization"}, "facility": {"code": 12237}}, {"service": {"name": "Integrated Services"}, "facility": {"code": 12237}}, {"service": {"name": "Short Term FP"}, "facility": {"code": 12237}}, {"service": {"name": "Long Term FP"}, "facility": {"code": 12237}}, {"service": {"name": "Provider Initiated Counselling and Testing"}, "facility": {"code": 12237}}, {"service": {"name": "PMTCT - ANC"}, "facility": {"code": 12237}}, {"service": {"name": "Diagnostic Counselling and Testing"}, "facility": {"code": 12237}}, {"service": {"name": "Management of STIs"}, "facility": {"code": 12237}}, {"service": {"name": "Voluntary Male Circumcision"}, "facility": {"code": 12237}}, {"service": {"name": "PMTCT - Maternity"}, "facility": {"code": 12237}}, {"service": {"name": "Early Infant Diagnosis"}, "facility": {"code": 12237}}, {"service": {"name": "Condom Promotion and Distribution"}, "facility": {"code": 12237}}, {"service": {"name": "Emergency Obstetric Care"}, "facility": {"code": 12637}}, {"service": {"name": "Environmental Health Services"}, "facility": {"code": 12637}}, {"service": {"name": "Nutrition Services"}, "facility": {"code": 12637}}], "unique_fields": ["facility", "service"], "model": "facilities.FacilityService"}]