[{"records": [{"service": {"name": "Provider Initiated Counselling and Testing"}, "facility": {"code": 19919}}, {"service": {"name": "Voluntary Counselling and Testing"}, "facility": {"code": 19919}}, {"service": {"name": "Management of STIs"}, "facility": {"code": 19919}}, {"service": {"name": "Condom Promotion and Distribution"}, "facility": {"code": 19919}}, {"service": {"name": "Emergency Preparedness"}, "facility": {"code": 10199}}, {"service": {"name": "Emergency Obstetric Care"}, "facility": {"code": 10199}}, {"service": {"name": "Rehabilitative Health Services - Physiotherapy"}, "facility": {"code": 10199}}, {"service": {"name": "Nutrition Services"}, "facility": {"code": 10199}}, {"service": {"name": "Emergency Obstetric Care"}, "facility": {"code": 19918}}, {"service": {"name": "Laboratory Services"}, "facility": {"code": 19918}}, {"service": {"name": "Curative Services"}, "facility": {"code": 19918}}, {"service": {"name": "Focused Antenatal Care"}, "facility": {"code": 19918}}, {"service": {"name": "Management of STIs"}, "facility": {"code": 19918}}, {"service": {"name": "PMTCT - ANC"}, "facility": {"code": 19918}}, {"service": {"name": "Environmental Health Services"}, "facility": {"code": 19917}}, {"service": {"name": "Maternity Services"}, "facility": {"code": 19917}}, {"service": {"name": "Curative Services"}, "facility": {"code": 19917}}, {"service": {"name": "Basic Immunization"}, "facility": {"code": 19917}}, {"service": {"name": "Focused Antenatal Care"}, "facility": {"code": 19917}}, {"service": {"name": "Integrated Services"}, "facility": {"code": 19917}}, {"service": {"name": "Short Term FP"}, "facility": {"code": 19917}}, {"service": {"name": "Adult Antiretroviral Therapy"}, "facility": {"code": 19917}}, {"service": {"name": "Paediatric Antiretroviral Therapy"}, "facility": {"code": 19917}}, {"service": {"name": "Post Exposure Prophylaxis"}, "facility": {"code": 19917}}, {"service": {"name": "PMTCT - Maternity"}, "facility": {"code": 19917}}, {"service": {"name": "PMTCT - ANC"}, "facility": {"code": 19917}}, {"service": {"name": "Early Infant Diagnosis"}, "facility": {"code": 19917}}, {"service": {"name": "Provider Initiated Counselling and Testing"}, "facility": {"code": 19917}}, {"service": {"name": "Management of STIs"}, "facility": {"code": 19917}}, {"service": {"name": "Condom Promotion and Distribution"}, "facility": {"code": 19917}}, {"service": {"name": "Integrated Management of Childhood Illnesses"}, "facility": {"code": 19916}}, {"service": {"name": "Maternity Services"}, "facility": {"code": 19916}}, {"service": {"name": "Curative Services"}, "facility": {"code": 19916}}, {"service": {"name": "Basic Immunization"}, "facility": {"code": 19916}}, {"service": {"name": "Focused Antenatal Care"}, "facility": {"code": 19916}}, {"service": {"name": "Integrated Services"}, "facility": {"code": 19916}}, {"service": {"name": "Short Term FP"}, "facility": {"code": 19916}}, {"service": {"name": "Adult Antiretroviral Therapy"}, "facility": {"code": 19916}}, {"service": {"name": "Management of STIs"}, "facility": {"code": 19916}}, {"service": {"name": "Condom Promotion and Distribution"}, "facility": {"code": 19916}}, {"service": {"name": "ENT Services"}, "facility": {"code": 19913}}, {"service": {"name": "Dental Laboratory Services"}, "facility": {"code": 19913}}, {"service": {"name": "Oral Health Services (Dental Services)"}, "facility": {"code": 19913}}, {"service": {"name": "Emergency Obstetric Care"}, "facility": {"code": 19913}}, {"service": {"name": "Mental Health Services"}, "facility": {"code": 19913}}, {"service": {"name": "Opthalmic Services"}, "facility": {"code": 19913}}, {"service": {"name": "Nutrition Services"}, "facility": {"code": 19913}}, {"service": {"name": "Integrated Management of Childhood Illnesses"}, "facility": {"code": 19913}}, {"service": {"name": "Laboratory Services"}, "facility": {"code": 19913}}, {"service": {"name": "Surgical Services"}, "facility": {"code": 19913}}, {"service": {"name": "Curative Services"}, "facility": {"code": 19913}}, {"service": {"name": "First Line Treatment"}, "facility": {"code": 19913}}, {"service": {"name": "Smear Microscopy"}, "facility": {"code": 19913}}, {"service": {"name": "Focused Antenatal Care"}, "facility": {"code": 19913}}, {"service": {"name": "Short Term FP"}, "facility": {"code": 19913}}, {"service": {"name": "Adult Antiretroviral Therapy"}, "facility": {"code": 19913}}, {"service": {"name": "Diagnostic Counselling and Testing"}, "facility": {"code": 19913}}, {"service": {"name": "Provider Initiated Counselling and Testing"}, "facility": {"code": 19913}}, {"service": {"name": "Voluntary Counselling and Testing"}, "facility": {"code": 19913}}, {"service": {"name": "Management of STIs"}, "facility": {"code": 19913}}, {"service": {"name": "Condom Promotion and Distribution"}, "facility": {"code": 19913}}, {"service": {"name": "Environmental Health Services"}, "facility": {"code": 18098}}, {"service": {"name": "Maternity Services"}, "facility": {"code": 19447}}, {"service": {"name": "Curative Services"}, "facility": {"code": 19447}}, {"service": {"name": "Integrated Management of Childhood Illnesses"}, "facility": {"code": 15445}}, {"service": {"name": "Nutrition Services"}, "facility": {"code": 15445}}, {"service": {"name": "Curative Services"}, "facility": {"code": 15445}}, {"service": {"name": "Basic Immunization"}, "facility": {"code": 15445}}, {"service": {"name": "Short Term FP"}, "facility": {"code": 15445}}, {"service": {"name": "Provider Initiated Counselling and Testing"}, "facility": {"code": 15445}}, {"service": {"name": "Management of STIs"}, "facility": {"code": 15445}}, {"service": {"name": "Condom Promotion and Distribution"}, "facility": {"code": 15445}}, {"service": {"name": "Nutrition Services"}, "facility": {"code": 15063}}, {"service": {"name": "Curative Services"}, "facility": {"code": 15063}}, {"service": {"name": "Short Term FP"}, "facility": {"code": 15063}}, {"service": {"name": "Management of STIs"}, "facility": {"code": 15063}}, {"service": {"name": "Condom Promotion and Distribution"}, "facility": {"code": 15063}}, {"service": {"name": "Nutrition Services"}, "facility": {"code": 15031}}, {"service": {"name": "Curative Services"}, "facility": {"code": 15031}}, {"service": {"name": "Provider Initiated Counselling and Testing"}, "facility": {"code": 15031}}, {"service": {"name": "Management of STIs"}, "facility": {"code": 15031}}, {"service": {"name": "Condom Promotion and Distribution"}, "facility": {"code": 15031}}, {"service": {"name": "Nutrition Services"}, "facility": {"code": 14662}}, {"service": {"name": "Curative Services"}, "facility": {"code": 14662}}, {"service": {"name": "Basic Immunization"}, "facility": {"code": 14662}}, {"service": {"name": "Short Term FP"}, "facility": {"code": 14662}}, {"service": {"name": "Provider Initiated Counselling and Testing"}, "facility": {"code": 14662}}, {"service": {"name": "Management of STIs"}, "facility": {"code": 14662}}, {"service": {"name": "Condom Promotion and Distribution"}, "facility": {"code": 14662}}, {"service": {"name": "Curative Services"}, "facility": {"code": 15060}}, {"service": {"name": "Basic Immunization"}, "facility": {"code": 15060}}, {"service": {"name": "Short Term FP"}, "facility": {"code": 15060}}, {"service": {"name": "Early Infant Diagnosis"}, "facility": {"code": 15060}}, {"service": {"name": "Management of STIs"}, "facility": {"code": 15060}}, {"service": {"name": "Condom Promotion and Distribution"}, "facility": {"code": 15060}}, {"service": {"name": "Nutrition Services"}, "facility": {"code": 15082}}, {"service": {"name": "Integrated Management of Childhood Illnesses"}, "facility": {"code": 15082}}, {"service": {"name": "Curative Services"}, "facility": {"code": 15082}}, {"service": {"name": "Basic Immunization"}, "facility": {"code": 15082}}, {"service": {"name": "Provider Initiated Counselling and Testing"}, "facility": {"code": 15082}}, {"service": {"name": "Management of STIs"}, "facility": {"code": 15082}}, {"service": {"name": "Condom Promotion and Distribution"}, "facility": {"code": 15082}}, {"service": {"name": "Emergency Obstetric Care"}, "facility": {"code": 19912}}, {"service": {"name": "Nutrition Services"}, "facility": {"code": 19912}}, {"service": {"name": "Integrated Management of Childhood Illnesses"}, "facility": {"code": 19912}}, {"service": {"name": "Ambulance Sevices"}, "facility": {"code": 19912}}, {"service": {"name": "Laboratory Services"}, "facility": {"code": 19912}}, {"service": {"name": "Surgical Services"}, "facility": {"code": 19912}}, {"service": {"name": "Integrated Management of Childhood Illnesses"}, "facility": {"code": 15731}}, {"service": {"name": "Curative Services"}, "facility": {"code": 15731}}, {"service": {"name": "Provider Initiated Counselling and Testing"}, "facility": {"code": 15731}}, {"service": {"name": "Management of STIs"}, "facility": {"code": 15731}}, {"service": {"name": "Maternity Services"}, "facility": {"code": 19912}}, {"service": {"name": "Facility Based Blood Transfusion Service"}, "facility": {"code": 19912}}, {"service": {"name": "Facility Based Blood Collection Service"}, "facility": {"code": 19912}}, {"service": {"name": "Immunization with additional vaccines"}, "facility": {"code": 19912}}, {"service": {"name": "Basic Immunization"}, "facility": {"code": 19912}}, {"service": {"name": "Specialized ANC"}, "facility": {"code": 19912}}, {"service": {"name": "Focused Antenatal Care"}, "facility": {"code": 19912}}, {"service": {"name": "Long Term FP"}, "facility": {"code": 19912}}, {"service": {"name": "Short Term FP"}, "facility": {"code": 19912}}, {"service": {"name": "Permanent FP"}, "facility": {"code": 19912}}, {"service": {"name": "Paediatric Antiretroviral Therapy"}, "facility": {"code": 19912}}, {"service": {"name": "Post Exposure Prophylaxis"}, "facility": {"code": 19912}}, {"service": {"name": "PMTCT - Maternity"}, "facility": {"code": 19912}}, {"service": {"name": "PMTCT - ANC"}, "facility": {"code": 19912}}, {"service": {"name": "Early Infant Diagnosis"}, "facility": {"code": 19912}}, {"service": {"name": "Diagnostic Counselling and Testing"}, "facility": {"code": 19912}}, {"service": {"name": "Provider Initiated Counselling and Testing"}, "facility": {"code": 19912}}, {"service": {"name": "Voluntary Counselling and Testing"}, "facility": {"code": 19912}}, {"service": {"name": "Management of STIs"}, "facility": {"code": 19912}}, {"service": {"name": "Nutrition Services"}, "facility": {"code": 15186}}, {"service": {"name": "Curative Services"}, "facility": {"code": 15186}}, {"service": {"name": "Basic Immunization"}, "facility": {"code": 15186}}, {"service": {"name": "Short Term FP"}, "facility": {"code": 15186}}, {"service": {"name": "Post Exposure Prophylaxis"}, "facility": {"code": 15186}}, {"service": {"name": "Early Infant Diagnosis"}, "facility": {"code": 15186}}, {"service": {"name": "Provider Initiated Counselling and Testing"}, "facility": {"code": 15186}}, {"service": {"name": "Management of STIs"}, "facility": {"code": 15186}}, {"service": {"name": "Condom Promotion and Distribution"}, "facility": {"code": 15186}}, {"service": {"name": "Condom Promotion and Distribution"}, "facility": {"code": 17860}}, {"service": {"name": "Focused Antenatal Care"}, "facility": {"code": 15055}}, {"service": {"name": "Curative Services"}, "facility": {"code": 15055}}, {"service": {"name": "Maternity Services"}, "facility": {"code": 15055}}, {"service": {"name": "Laboratory Services"}, "facility": {"code": 15055}}, {"service": {"name": "Integrated Management of Childhood Illnesses"}, "facility": {"code": 15055}}, {"service": {"name": "Nutrition Services"}, "facility": {"code": 15055}}, {"service": {"name": "Environmental Health Services"}, "facility": {"code": 15055}}, {"service": {"name": "Short Term FP"}, "facility": {"code": 15055}}, {"service": {"name": "Post Exposure Prophylaxis"}, "facility": {"code": 15055}}, {"service": {"name": "PMTCT - Maternity"}, "facility": {"code": 15055}}, {"service": {"name": "Early Infant Diagnosis"}, "facility": {"code": 15055}}, {"service": {"name": "PMTCT - ANC"}, "facility": {"code": 15055}}, {"service": {"name": "Diagnostic Counselling and Testing"}, "facility": {"code": 15055}}, {"service": {"name": "Provider Initiated Counselling and Testing"}, "facility": {"code": 15055}}, {"service": {"name": "Management of STIs"}, "facility": {"code": 15055}}, {"service": {"name": "Condom Promotion and Distribution"}, "facility": {"code": 15055}}, {"service": {"name": "Basic Immunization"}, "facility": {"code": 14643}}, {"service": {"name": "Focused Antenatal Care"}, "facility": {"code": 14643}}, {"service": {"name": "Post Exposure Prophylaxis"}, "facility": {"code": 14643}}, {"service": {"name": "PMTCT - Maternity"}, "facility": {"code": 14643}}, {"service": {"name": "PMTCT - ANC"}, "facility": {"code": 14643}}, {"service": {"name": "Early Infant Diagnosis"}, "facility": {"code": 14643}}, {"service": {"name": "Diagnostic Counselling and Testing"}, "facility": {"code": 14643}}, {"service": {"name": "Provider Initiated Counselling and Testing"}, "facility": {"code": 14643}}, {"service": {"name": "Voluntary Counselling and Testing"}, "facility": {"code": 14643}}, {"service": {"name": "Management of STIs"}, "facility": {"code": 14643}}, {"service": {"name": "Condom Promotion and Distribution"}, "facility": {"code": 14643}}, {"service": {"name": "Environmental Health Services"}, "facility": {"code": 14681}}, {"service": {"name": "Integrated Management of Childhood Illnesses"}, "facility": {"code": 14681}}, {"service": {"name": "Nutrition Services"}, "facility": {"code": 14681}}, {"service": {"name": "Laboratory Services"}, "facility": {"code": 14681}}, {"service": {"name": "Maternity Services"}, "facility": {"code": 14681}}, {"service": {"name": "Curative Services"}, "facility": {"code": 14681}}, {"service": {"name": "First Line Treatment"}, "facility": {"code": 14681}}, {"service": {"name": "Smear Microscopy"}, "facility": {"code": 14681}}, {"service": {"name": "Short Term FP"}, "facility": {"code": 14681}}, {"service": {"name": "Adult Antiretroviral Therapy"}, "facility": {"code": 14681}}, {"service": {"name": "Paediatric Antiretroviral Therapy"}, "facility": {"code": 14681}}, {"service": {"name": "PMTCT - Maternity"}, "facility": {"code": 14681}}, {"service": {"name": "Early Infant Diagnosis"}, "facility": {"code": 14681}}, {"service": {"name": "PMTCT - ANC"}, "facility": {"code": 14681}}, {"service": {"name": "Diagnostic Counselling and Testing"}, "facility": {"code": 14681}}, {"service": {"name": "Provider Initiated Counselling and Testing"}, "facility": {"code": 14681}}, {"service": {"name": "Management of STIs"}, "facility": {"code": 14681}}, {"service": {"name": "Condom Promotion and Distribution"}, "facility": {"code": 14681}}, {"service": {"name": "Laboratory Services"}, "facility": {"code": 14654}}, {"service": {"name": "Curative Services"}, "facility": {"code": 14654}}, {"service": {"name": "Short Term FP"}, "facility": {"code": 14654}}, {"service": {"name": "Management of STIs"}, "facility": {"code": 14654}}, {"service": {"name": "Condom Promotion and Distribution"}, "facility": {"code": 14654}}, {"service": {"name": "Laboratory Services"}, "facility": {"code": 18098}}, {"service": {"name": "Management of STIs"}, "facility": {"code": 18098}}, {"service": {"name": "Condom Promotion and Distribution"}, "facility": {"code": 18098}}, {"service": {"name": "Laboratory Services"}, "facility": {"code": 14481}}, {"service": {"name": "Curative Services"}, "facility": {"code": 14481}}, {"service": {"name": "Short Term FP"}, "facility": {"code": 14481}}, {"service": {"name": "Management of STIs"}, "facility": {"code": 14481}}, {"service": {"name": "Condom Promotion and Distribution"}, "facility": {"code": 14481}}, {"service": {"name": "Laboratory Services"}, "facility": {"code": 14885}}, {"service": {"name": "Curative Services"}, "facility": {"code": 14885}}, {"service": {"name": "Short Term FP"}, "facility": {"code": 14885}}, {"service": {"name": "Management of STIs"}, "facility": {"code": 14885}}, {"service": {"name": "Condom Promotion and Distribution"}, "facility": {"code": 14885}}, {"service": {"name": "Laboratory Services"}, "facility": {"code": 14593}}, {"service": {"name": "Curative Services"}, "facility": {"code": 14593}}, {"service": {"name": "Short Term FP"}, "facility": {"code": 14593}}, {"service": {"name": "Management of STIs"}, "facility": {"code": 14593}}, {"service": {"name": "Condom Promotion and Distribution"}, "facility": {"code": 14593}}, {"service": {"name": "Laboratory Services"}, "facility": {"code": 19911}}, {"service": {"name": "Surgical Services"}, "facility": {"code": 19911}}, {"service": {"name": "Maternity Services"}, "facility": {"code": 19911}}, {"service": {"name": "Curative Services"}, "facility": {"code": 19911}}, {"service": {"name": "Short Term FP"}, "facility": {"code": 19911}}, {"service": {"name": "PMTCT - ANC"}, "facility": {"code": 19911}}, {"service": {"name": "Provider Initiated Counselling and Testing"}, "facility": {"code": 19911}}, {"service": {"name": "Voluntary Counselling and Testing"}, "facility": {"code": 19911}}, {"service": {"name": "Management of STIs"}, "facility": {"code": 19911}}, {"service": {"name": "Condom Promotion and Distribution"}, "facility": {"code": 19911}}, {"service": {"name": "Voluntary Counselling and Testing"}, "facility": {"code": 19910}}, {"service": {"name": "Curative Services"}, "facility": {"code": 19909}}, {"service": {"name": "Management of STIs"}, "facility": {"code": 19909}}, {"service": {"name": "Short Term FP"}, "facility": {"code": 19908}}, {"service": {"name": "Post Exposure Prophylaxis"}, "facility": {"code": 19908}}, {"service": {"name": "Provider Initiated Counselling and Testing"}, "facility": {"code": 19908}}, {"service": {"name": "Management of STIs"}, "facility": {"code": 19908}}, {"service": {"name": "Condom Promotion and Distribution"}, "facility": {"code": 19908}}, {"service": {"name": "Emergency Obstetric Care"}, "facility": {"code": 19907}}, {"service": {"name": "Nutrition Services"}, "facility": {"code": 19907}}, {"service": {"name": "Integrated Management of Childhood Illnesses"}, "facility": {"code": 19907}}, {"service": {"name": "Maternity Services"}, "facility": {"code": 19907}}, {"service": {"name": "Curative Services"}, "facility": {"code": 19907}}, {"service": {"name": "Port Immunization Services"}, "facility": {"code": 19907}}, {"service": {"name": "Immunization with additional vaccines"}, "facility": {"code": 19907}}, {"service": {"name": "Basic Immunization"}, "facility": {"code": 19907}}, {"service": {"name": "Focused Antenatal Care"}, "facility": {"code": 19907}}, {"service": {"name": "Stand Alone Services"}, "facility": {"code": 19907}}, {"service": {"name": "Integrated Services"}, "facility": {"code": 19907}}, {"service": {"name": "Long Term FP"}, "facility": {"code": 19907}}, {"service": {"name": "Short Term FP"}, "facility": {"code": 19907}}, {"service": {"name": "PMTCT - ANC"}, "facility": {"code": 19907}}, {"service": {"name": "Early Infant Diagnosis"}, "facility": {"code": 19907}}, {"service": {"name": "Diagnostic Counselling and Testing"}, "facility": {"code": 19907}}, {"service": {"name": "Provider Initiated Counselling and Testing"}, "facility": {"code": 19907}}, {"service": {"name": "Condom Promotion and Distribution"}, "facility": {"code": 19907}}, {"service": {"name": "Integrated Management of Childhood Illnesses"}, "facility": {"code": 11009}}, {"service": {"name": "Emergency Obstetric Care"}, "facility": {"code": 19906}}, {"service": {"name": "Integrated Management of Childhood Illnesses"}, "facility": {"code": 19906}}, {"service": {"name": "Laboratory Services"}, "facility": {"code": 19906}}, {"service": {"name": "Surgical Services"}, "facility": {"code": 19906}}, {"service": {"name": "Maternity Services"}, "facility": {"code": 19906}}, {"service": {"name": "Curative Services"}, "facility": {"code": 19906}}, {"service": {"name": "MDRTB Treatment"}, "facility": {"code": 19906}}, {"service": {"name": "First Line Treatment"}, "facility": {"code": 19906}}, {"service": {"name": "Tuberculosis Culture"}, "facility": {"code": 19906}}, {"service": {"name": "Smear Microscopy"}, "facility": {"code": 19906}}, {"service": {"name": "Port Immunization Services"}, "facility": {"code": 19906}}, {"service": {"name": "Immunization with additional vaccines"}, "facility": {"code": 19906}}, {"service": {"name": "Basic Immunization"}, "facility": {"code": 19906}}, {"service": {"name": "Specialized ANC"}, "facility": {"code": 19906}}, {"service": {"name": "Focused Antenatal Care"}, "facility": {"code": 19906}}, {"service": {"name": "Permanent FP"}, "facility": {"code": 19906}}, {"service": {"name": "Short Term FP"}, "facility": {"code": 19906}}, {"service": {"name": "Home Based Care"}, "facility": {"code": 19906}}, {"service": {"name": "Adult Antiretroviral Therapy"}, "facility": {"code": 19906}}, {"service": {"name": "Paediatric Antiretroviral Therapy"}, "facility": {"code": 19906}}, {"service": {"name": "Post Exposure Prophylaxis"}, "facility": {"code": 19906}}, {"service": {"name": "Voluntary Male Circumcision"}, "facility": {"code": 19906}}, {"service": {"name": "PMTCT - Maternity"}, "facility": {"code": 19906}}, {"service": {"name": "PMTCT - ANC"}, "facility": {"code": 19906}}, {"service": {"name": "Early Infant Diagnosis"}, "facility": {"code": 19906}}, {"service": {"name": "Diagnostic Counselling and Testing"}, "facility": {"code": 19906}}, {"service": {"name": "Provider Initiated Counselling and Testing"}, "facility": {"code": 19906}}, {"service": {"name": "Voluntary Counselling and Testing"}, "facility": {"code": 19906}}, {"service": {"name": "Management of STIs"}, "facility": {"code": 19906}}, {"service": {"name": "Condom Promotion and Distribution"}, "facility": {"code": 19906}}, {"service": {"name": "Laboratory Services"}, "facility": {"code": 19905}}, {"service": {"name": "Curative Services"}, "facility": {"code": 19905}}, {"service": {"name": "Diagnostic Counselling and Testing"}, "facility": {"code": 19905}}, {"service": {"name": "Management of STIs"}, "facility": {"code": 19905}}, {"service": {"name": "Condom Promotion and Distribution"}, "facility": {"code": 19905}}, {"service": {"name": "Laboratory Services"}, "facility": {"code": 19904}}, {"service": {"name": "Curative Services"}, "facility": {"code": 19904}}, {"service": {"name": "Short Term FP"}, "facility": {"code": 19904}}, {"service": {"name": "Adult Antiretroviral Therapy"}, "facility": {"code": 19904}}, {"service": {"name": "Paediatric Antiretroviral Therapy"}, "facility": {"code": 19904}}, {"service": {"name": "Diagnostic Counselling and Testing"}, "facility": {"code": 19904}}, {"service": {"name": "Management of STIs"}, "facility": {"code": 19904}}, {"service": {"name": "Condom Promotion and Distribution"}, "facility": {"code": 19904}}, {"service": {"name": "Condom Promotion and Distribution"}, "facility": {"code": 19901}}, {"service": {"name": "Basic Immunization"}, "facility": {"code": 19900}}, {"service": {"name": "Voluntary Counselling and Testing"}, "facility": {"code": 19900}}, {"service": {"name": "Voluntary Male Circumcision"}, "facility": {"code": 19899}}, {"service": {"name": "PMTCT - Maternity"}, "facility": {"code": 19899}}, {"service": {"name": "Home Based Care"}, "facility": {"code": 19899}}, {"service": {"name": "Voluntary Counselling and Testing"}, "facility": {"code": 19899}}, {"service": {"name": "Management of STIs"}, "facility": {"code": 19899}}, {"service": {"name": "Condom Promotion and Distribution"}, "facility": {"code": 19899}}, {"service": {"name": "Focused Antenatal Care"}, "facility": {"code": 15089}}, {"service": {"name": "Oral Health Services (Dental Services)"}, "facility": {"code": 19897}}, {"service": {"name": "Laboratory Services"}, "facility": {"code": 19897}}, {"service": {"name": "Curative Services"}, "facility": {"code": 19897}}, {"service": {"name": "Provider Initiated Counselling and Testing"}, "facility": {"code": 19897}}, {"service": {"name": "Management of STIs"}, "facility": {"code": 19897}}, {"service": {"name": "Surgical Services"}, "facility": {"code": 19896}}, {"service": {"name": "Curative Services"}, "facility": {"code": 19896}}, {"service": {"name": "Short Term FP"}, "facility": {"code": 19896}}, {"service": {"name": "Management of STIs"}, "facility": {"code": 19896}}, {"service": {"name": "Condom Promotion and Distribution"}, "facility": {"code": 19896}}, {"service": {"name": "Laboratory Services"}, "facility": {"code": 19895}}, {"service": {"name": "Surgical Services"}, "facility": {"code": 19895}}, {"service": {"name": "Curative Services"}, "facility": {"code": 19895}}, {"service": {"name": "Short Term FP"}, "facility": {"code": 19895}}, {"service": {"name": "Management of STIs"}, "facility": {"code": 19895}}, {"service": {"name": "Condom Promotion and Distribution"}, "facility": {"code": 19895}}, {"service": {"name": "Surgical Services"}, "facility": {"code": 19511}}, {"service": {"name": "ENT Services"}, "facility": {"code": 19511}}, {"service": {"name": "Oral Health Services (Dental Services)"}, "facility": {"code": 19511}}, {"service": {"name": "ENT Services"}, "facility": {"code": 19894}}, {"service": {"name": "Emergency Obstetric Care"}, "facility": {"code": 19894}}, {"service": {"name": "Curative Services"}, "facility": {"code": 19894}}, {"service": {"name": "Focused Antenatal Care"}, "facility": {"code": 19894}}, {"service": {"name": "Long Term FP"}, "facility": {"code": 19894}}, {"service": {"name": "Short Term FP"}, "facility": {"code": 19894}}, {"service": {"name": "PMTCT - ANC"}, "facility": {"code": 19894}}, {"service": {"name": "Diagnostic Counselling and Testing"}, "facility": {"code": 19894}}, {"service": {"name": "Provider Initiated Counselling and Testing"}, "facility": {"code": 19894}}, {"service": {"name": "Management of STIs"}, "facility": {"code": 19894}}, {"service": {"name": "Condom Promotion and Distribution"}, "facility": {"code": 19894}}, {"service": {"name": "Ambulance Sevices"}, "facility": {"code": 15662}}, {"service": {"name": "First Line Treatment"}, "facility": {"code": 15662}}, {"service": {"name": "Smear Microscopy"}, "facility": {"code": 15662}}, {"service": {"name": "Early Infant Diagnosis"}, "facility": {"code": 15662}}, {"service": {"name": "Emergency Preparedness"}, "facility": {"code": 14120}}, {"service": {"name": "ENT Services"}, "facility": {"code": 14120}}, {"service": {"name": "Oral Health Services (Dental Services)"}, "facility": {"code": 14120}}, {"service": {"name": "Emergency Obstetric Care"}, "facility": {"code": 14120}}, {"service": {"name": "Opthalmic Services"}, "facility": {"code": 14120}}, {"service": {"name": "Integrated Management of Childhood Illnesses"}, "facility": {"code": 14120}}, {"service": {"name": "Laboratory Services"}, "facility": {"code": 14120}}, {"service": {"name": "Surgical Services"}, "facility": {"code": 14120}}, {"service": {"name": "Maternity Services"}, "facility": {"code": 14120}}, {"service": {"name": "Curative Services"}, "facility": {"code": 14120}}, {"service": {"name": "Mortuary Services"}, "facility": {"code": 14120}}, {"service": {"name": "Facility Based Blood Transfusion Service"}, "facility": {"code": 14120}}, {"service": {"name": "Immunization with additional vaccines"}, "facility": {"code": 14120}}, {"service": {"name": "Integrated Services"}, "facility": {"code": 14120}}, {"service": {"name": "Post Exposure Prophylaxis"}, "facility": {"code": 14120}}, {"service": {"name": "Immunization with additional vaccines"}, "facility": {"code": 16252}}, {"service": {"name": "Integrated Management of Childhood Illnesses"}, "facility": {"code": 16252}}, {"service": {"name": "Post Exposure Prophylaxis"}, "facility": {"code": 16252}}, {"service": {"name": "PMTCT - ANC"}, "facility": {"code": 16252}}, {"service": {"name": "Diagnostic Counselling and Testing"}, "facility": {"code": 16252}}, {"service": {"name": "Provider Initiated Counselling and Testing"}, "facility": {"code": 16252}}, {"service": {"name": "Voluntary Counselling and Testing"}, "facility": {"code": 16252}}, {"service": {"name": "Management of STIs"}, "facility": {"code": 16252}}, {"service": {"name": "Emergency Obstetric Care"}, "facility": {"code": 15292}}, {"service": {"name": "Opthalmic Services"}, "facility": {"code": 15292}}, {"service": {"name": "Nutrition Services"}, "facility": {"code": 15292}}, {"service": {"name": "Integrated Management of Childhood Illnesses"}, "facility": {"code": 15292}}, {"service": {"name": "Laboratory Services"}, "facility": {"code": 15292}}, {"service": {"name": "Surgical Services"}, "facility": {"code": 15292}}, {"service": {"name": "Maternity Services"}, "facility": {"code": 15292}}, {"service": {"name": "Curative Services"}, "facility": {"code": 15292}}, {"service": {"name": "First Line Treatment"}, "facility": {"code": 15292}}, {"service": {"name": "Smear Microscopy"}, "facility": {"code": 15292}}, {"service": {"name": "Basic Immunization"}, "facility": {"code": 15292}}, {"service": {"name": "Focused Antenatal Care"}, "facility": {"code": 15292}}, {"service": {"name": "Adult Antiretroviral Therapy"}, "facility": {"code": 15292}}, {"service": {"name": "Paediatric Antiretroviral Therapy"}, "facility": {"code": 15292}}, {"service": {"name": "PMTCT - Maternity"}, "facility": {"code": 15292}}, {"service": {"name": "PMTCT - ANC"}, "facility": {"code": 15292}}, {"service": {"name": "Diagnostic Counselling and Testing"}, "facility": {"code": 15292}}, {"service": {"name": "Provider Initiated Counselling and Testing"}, "facility": {"code": 15292}}, {"service": {"name": "Voluntary Counselling and Testing"}, "facility": {"code": 15292}}, {"service": {"name": "Management of STIs"}, "facility": {"code": 15292}}, {"service": {"name": "Integrated Management of Childhood Illnesses"}, "facility": {"code": 15762}}, {"service": {"name": "Voluntary Male Circumcision"}, "facility": {"code": 15762}}, {"service": {"name": "Maternity Services"}, "facility": {"code": 12529}}, {"service": {"name": "Curative Services"}, "facility": {"code": 12529}}, {"service": {"name": "Voluntary Male Circumcision"}, "facility": {"code": 12529}}, {"service": {"name": "Voluntary Counselling and Testing"}, "facility": {"code": 12529}}, {"service": {"name": "Oral Health Services (Dental Services)"}, "facility": {"code": 14872}}, {"service": {"name": "Emergency Obstetric Care"}, "facility": {"code": 14872}}, {"service": {"name": "Nutrition Services"}, "facility": {"code": 14872}}, {"service": {"name": "Integrated Management of Childhood Illnesses"}, "facility": {"code": 14872}}, {"service": {"name": "Ambulance Sevices"}, "facility": {"code": 14872}}, {"service": {"name": "Laboratory Services"}, "facility": {"code": 14872}}, {"service": {"name": "Surgical Services"}, "facility": {"code": 14872}}, {"service": {"name": "Maternity Services"}, "facility": {"code": 14872}}, {"service": {"name": "Curative Services"}, "facility": {"code": 14872}}, {"service": {"name": "Mortuary Services"}, "facility": {"code": 14872}}, {"service": {"name": "Rehabilitative Health Services - Occupational Health"}, "facility": {"code": 14872}}, {"service": {"name": "First Line Treatment"}, "facility": {"code": 14872}}, {"service": {"name": "Smear Microscopy"}, "facility": {"code": 14872}}, {"service": {"name": "Basic Immunization"}, "facility": {"code": 14872}}, {"service": {"name": "Focused Antenatal Care"}, "facility": {"code": 14872}}, {"service": {"name": "Home Based Care"}, "facility": {"code": 14872}}, {"service": {"name": "Adult Antiretroviral Therapy"}, "facility": {"code": 14872}}, {"service": {"name": "Paediatric Antiretroviral Therapy"}, "facility": {"code": 14872}}, {"service": {"name": "Post Exposure Prophylaxis"}, "facility": {"code": 14872}}, {"service": {"name": "Voluntary Male Circumcision"}, "facility": {"code": 14872}}, {"service": {"name": "PMTCT - Maternity"}, "facility": {"code": 14872}}, {"service": {"name": "PMTCT - ANC"}, "facility": {"code": 14872}}, {"service": {"name": "Diagnostic Counselling and Testing"}, "facility": {"code": 14872}}, {"service": {"name": "Provider Initiated Counselling and Testing"}, "facility": {"code": 14872}}, {"service": {"name": "Voluntary Counselling and Testing"}, "facility": {"code": 14872}}, {"service": {"name": "Management of STIs"}, "facility": {"code": 14872}}, {"service": {"name": "Emergency Obstetric Care"}, "facility": {"code": 14655}}, {"service": {"name": "Services for Sexual Violence Survivors"}, "facility": {"code": 14655}}, {"service": {"name": "Nutrition Services"}, "facility": {"code": 14655}}, {"service": {"name": "Integrated Management of Childhood Illnesses"}, "facility": {"code": 14655}}, {"service": {"name": "Ambulance Sevices"}, "facility": {"code": 14655}}, {"service": {"name": "Laboratory Services"}, "facility": {"code": 14655}}, {"service": {"name": "Radiology Services"}, "facility": {"code": 14655}}, {"service": {"name": "Surgical Services"}, "facility": {"code": 14655}}, {"service": {"name": "Maternity Services"}, "facility": {"code": 14655}}, {"service": {"name": "Curative Services"}, "facility": {"code": 14655}}, {"service": {"name": "First Line Treatment"}, "facility": {"code": 14655}}, {"service": {"name": "Smear Microscopy"}, "facility": {"code": 14655}}, {"service": {"name": "Basic Immunization"}, "facility": {"code": 14655}}, {"service": {"name": "Home Based Care"}, "facility": {"code": 14655}}, {"service": {"name": "Adult Antiretroviral Therapy"}, "facility": {"code": 14655}}, {"service": {"name": "Paediatric Antiretroviral Therapy"}, "facility": {"code": 14655}}, {"service": {"name": "Post Exposure Prophylaxis"}, "facility": {"code": 14655}}, {"service": {"name": "PMTCT - Maternity"}, "facility": {"code": 14655}}, {"service": {"name": "PMTCT - ANC"}, "facility": {"code": 14655}}, {"service": {"name": "Diagnostic Counselling and Testing"}, "facility": {"code": 14655}}, {"service": {"name": "Provider Initiated Counselling and Testing"}, "facility": {"code": 14655}}, {"service": {"name": "Voluntary Counselling and Testing"}, "facility": {"code": 14655}}, {"service": {"name": "Management of STIs"}, "facility": {"code": 14655}}, {"service": {"name": "Voluntary Male Circumcision"}, "facility": {"code": 13527}}, {"service": {"name": "Diagnostic Counselling and Testing"}, "facility": {"code": 13527}}, {"service": {"name": "Voluntary Counselling and Testing"}, "facility": {"code": 13527}}, {"service": {"name": "Condom Promotion and Distribution"}, "facility": {"code": 13527}}, {"service": {"name": "Focused Antenatal Care"}, "facility": {"code": 12456}}, {"service": {"name": "Adult Antiretroviral Therapy"}, "facility": {"code": 12456}}, {"service": {"name": "Curative Services"}, "facility": {"code": 17354}}, {"service": {"name": "Management of STIs"}, "facility": {"code": 17354}}, {"service": {"name": "Emergency Obstetric Care"}, "facility": {"code": 19884}}, {"service": {"name": "Curative Services"}, "facility": {"code": 19884}}, {"service": {"name": "Nutrition Services"}, "facility": {"code": 17355}}, {"service": {"name": "Curative Services"}, "facility": {"code": 17355}}, {"service": {"name": "Management of STIs"}, "facility": {"code": 17355}}, {"service": {"name": "Paediatric Antiretroviral Therapy"}, "facility": {"code": 13446}}, {"service": {"name": "Early Infant Diagnosis"}, "facility": {"code": 13446}}, {"service": {"name": "Management of STIs"}, "facility": {"code": 13332}}, {"service": {"name": "Surgical Services"}, "facility": {"code": 17353}}, {"service": {"name": "Management of STIs"}, "facility": {"code": 17353}}, {"service": {"name": "Surgical Services"}, "facility": {"code": 13281}}, {"service": {"name": "Surgical Services"}, "facility": {"code": 13302}}, {"service": {"name": "Surgical Services"}, "facility": {"code": 13321}}, {"service": {"name": "Maternity Services"}, "facility": {"code": 13321}}, {"service": {"name": "Management of STIs"}, "facility": {"code": 13321}}, {"service": {"name": "Laboratory Services"}, "facility": {"code": 13446}}, {"service": {"name": "Management of STIs"}, "facility": {"code": 16793}}, {"service": {"name": "Laboratory Services"}, "facility": {"code": 19272}}, {"service": {"name": "First Line Treatment"}, "facility": {"code": 14447}}, {"service": {"name": "Maternity Services"}, "facility": {"code": 14443}}, {"service": {"name": "Emergency Preparedness"}, "facility": {"code": 14374}}, {"service": {"name": "Surgical Services"}, "facility": {"code": 14374}}, {"service": {"name": "PMTCT - ANC"}, "facility": {"code": 14328}}, {"service": {"name": "First Line Treatment"}, "facility": {"code": 14328}}, {"service": {"name": "Long Term FP"}, "facility": {"code": 14328}}, {"service": {"name": "Condom Promotion and Distribution"}, "facility": {"code": 14328}}, {"service": {"name": "Emergency Preparedness"}, "facility": {"code": 17302}}, {"service": {"name": "Services for Sexual Violence Survivors"}, "facility": {"code": 19882}}, {"service": {"name": "Nutrition Services"}, "facility": {"code": 19882}}, {"service": {"name": "Curative Services"}, "facility": {"code": 19882}}, {"service": {"name": "Long Term FP"}, "facility": {"code": 19882}}, {"service": {"name": "Short Term FP"}, "facility": {"code": 19882}}, {"service": {"name": "Post Exposure Prophylaxis"}, "facility": {"code": 19882}}, {"service": {"name": "PMTCT - ANC"}, "facility": {"code": 19882}}, {"service": {"name": "Diagnostic Counselling and Testing"}, "facility": {"code": 19882}}, {"service": {"name": "Provider Initiated Counselling and Testing"}, "facility": {"code": 19882}}, {"service": {"name": "Voluntary Counselling and Testing"}, "facility": {"code": 19882}}, {"service": {"name": "Management of STIs"}, "facility": {"code": 19882}}, {"service": {"name": "Condom Promotion and Distribution"}, "facility": {"code": 19882}}, {"service": {"name": "Emergency Obstetric Care"}, "facility": {"code": 17860}}, {"service": {"name": "Integrated Management of Childhood Illnesses"}, "facility": {"code": 17860}}, {"service": {"name": "Emergency Preparedness"}, "facility": {"code": 17860}}, {"service": {"name": "Surgical Services"}, "facility": {"code": 17860}}, {"service": {"name": "Curative Services"}, "facility": {"code": 17860}}, {"service": {"name": "Emergency Preparedness"}, "facility": {"code": 17859}}, {"service": {"name": "Integrated Management of Childhood Illnesses"}, "facility": {"code": 17859}}, {"service": {"name": "Surgical Services"}, "facility": {"code": 17859}}, {"service": {"name": "Focused Antenatal Care"}, "facility": {"code": 17859}}, {"service": {"name": "Short Term FP"}, "facility": {"code": 17859}}, {"service": {"name": "Condom Promotion and Distribution"}, "facility": {"code": 17859}}, {"service": {"name": "Surgical Services"}, "facility": {"code": 19150}}, {"service": {"name": "Nutrition Services"}, "facility": {"code": 18651}}, {"service": {"name": "Laboratory Services"}, "facility": {"code": 18651}}, {"service": {"name": "Curative Services"}, "facility": {"code": 18651}}, {"service": {"name": "Laboratory Services"}, "facility": {"code": 13457}}, {"service": {"name": "Surgical Services"}, "facility": {"code": 13457}}, {"service": {"name": "Curative Services"}, "facility": {"code": 13457}}, {"service": {"name": "Management of STIs"}, "facility": {"code": 13457}}, {"service": {"name": "Laboratory Services"}, "facility": {"code": 13453}}, {"service": {"name": "Surgical Services"}, "facility": {"code": 13453}}, {"service": {"name": "Curative Services"}, "facility": {"code": 13453}}, {"service": {"name": "Management of STIs"}, "facility": {"code": 13453}}, {"service": {"name": "Curative Services"}, "facility": {"code": 19881}}, {"service": {"name": "Condom Promotion and Distribution"}, "facility": {"code": 19881}}, {"service": {"name": "Management of STIs"}, "facility": {"code": 12529}}, {"service": {"name": "PMTCT - Maternity"}, "facility": {"code": 13425}}, {"service": {"name": "PMTCT - ANC"}, "facility": {"code": 13425}}, {"service": {"name": "Laboratory Services"}, "facility": {"code": 13415}}, {"service": {"name": "Surgical Services"}, "facility": {"code": 13415}}, {"service": {"name": "Curative Services"}, "facility": {"code": 13415}}, {"service": {"name": "Management of STIs"}, "facility": {"code": 13415}}, {"service": {"name": "Management of STIs"}, "facility": {"code": 13280}}, {"service": {"name": "Short Term FP"}, "facility": {"code": 17744}}, {"service": {"name": "Basic Immunization"}, "facility": {"code": 17744}}, {"service": {"name": "Surgical Services"}, "facility": {"code": 17744}}, {"service": {"name": "Management of STIs"}, "facility": {"code": 13390}}, {"service": {"name": "Surgical Services"}, "facility": {"code": 13268}}, {"service": {"name": "Management of STIs"}, "facility": {"code": 13364}}, {"service": {"name": "Laboratory Services"}, "facility": {"code": 17922}}, {"service": {"name": "Management of STIs"}, "facility": {"code": 17922}}, {"service": {"name": "Laboratory Services"}, "facility": {"code": 13281}}, {"service": {"name": "Laboratory Services"}, "facility": {"code": 13278}}, {"service": {"name": "Surgical Services"}, "facility": {"code": 13278}}, {"service": {"name": "Curative Services"}, "facility": {"code": 13278}}, {"service": {"name": "Management of STIs"}, "facility": {"code": 13278}}, {"service": {"name": "Management of STIs"}, "facility": {"code": 13276}}, {"service": {"name": "Curative Services"}, "facility": {"code": 19880}}, {"service": {"name": "Focused Antenatal Care"}, "facility": {"code": 19880}}, {"service": {"name": "Short Term FP"}, "facility": {"code": 19880}}, {"service": {"name": "Management of STIs"}, "facility": {"code": 19880}}, {"service": {"name": "Condom Promotion and Distribution"}, "facility": {"code": 19880}}, {"service": {"name": "Surgical Services"}, "facility": {"code": 15173}}, {"service": {"name": "Focused Antenatal Care"}, "facility": {"code": 15173}}, {"service": {"name": "Emergency Preparedness"}, "facility": {"code": 15173}}, {"service": {"name": "Emergency Obstetric Care"}, "facility": {"code": 15173}}, {"service": {"name": "Integrated Management of Childhood Illnesses"}, "facility": {"code": 15173}}, {"service": {"name": "Curative Services"}, "facility": {"code": 15173}}, {"service": {"name": "Basic Immunization"}, "facility": {"code": 15173}}, {"service": {"name": "Short Term FP"}, "facility": {"code": 15173}}, {"service": {"name": "Provider Initiated Counselling and Testing"}, "facility": {"code": 15173}}, {"service": {"name": "PMTCT - ANC"}, "facility": {"code": 15173}}, {"service": {"name": "Condom Promotion and Distribution"}, "facility": {"code": 15173}}, {"service": {"name": "Focused Antenatal Care"}, "facility": {"code": 14443}}, {"service": {"name": "Oral Health Services (Dental Services)"}, "facility": {"code": 18407}}, {"service": {"name": "Ambulance Sevices"}, "facility": {"code": 19878}}, {"service": {"name": "Laboratory Services"}, "facility": {"code": 19878}}, {"service": {"name": "Curative Services"}, "facility": {"code": 19878}}, {"service": {"name": "Short Term FP"}, "facility": {"code": 19878}}, {"service": {"name": "Diagnostic Counselling and Testing"}, "facility": {"code": 19878}}, {"service": {"name": "Provider Initiated Counselling and Testing"}, "facility": {"code": 19878}}, {"service": {"name": "Voluntary Counselling and Testing"}, "facility": {"code": 19878}}, {"service": {"name": "Management of STIs"}, "facility": {"code": 19878}}, {"service": {"name": "Condom Promotion and Distribution"}, "facility": {"code": 19878}}, {"service": {"name": "Laboratory Services"}, "facility": {"code": 19876}}, {"service": {"name": "Surgical Services"}, "facility": {"code": 19876}}, {"service": {"name": "Curative Services"}, "facility": {"code": 19876}}, {"service": {"name": "Laboratory Services"}, "facility": {"code": 19877}}, {"service": {"name": "Maternity Services"}, "facility": {"code": 19877}}, {"service": {"name": "Curative Services"}, "facility": {"code": 19877}}, {"service": {"name": "Focused Antenatal Care"}, "facility": {"code": 19877}}, {"service": {"name": "Short Term FP"}, "facility": {"code": 19877}}, {"service": {"name": "PMTCT - Maternity"}, "facility": {"code": 19877}}, {"service": {"name": "PMTCT - ANC"}, "facility": {"code": 19877}}, {"service": {"name": "Diagnostic Counselling and Testing"}, "facility": {"code": 19877}}, {"service": {"name": "Provider Initiated Counselling and Testing"}, "facility": {"code": 19877}}, {"service": {"name": "Voluntary Counselling and Testing"}, "facility": {"code": 19877}}, {"service": {"name": "Management of STIs"}, "facility": {"code": 19877}}, {"service": {"name": "Condom Promotion and Distribution"}, "facility": {"code": 19877}}, {"service": {"name": "Oral Health Services (Dental Services)"}, "facility": {"code": 19876}}, {"service": {"name": "Emergency Obstetric Care"}, "facility": {"code": 19876}}, {"service": {"name": "Emergency Preparedness"}, "facility": {"code": 19876}}, {"service": {"name": "Focused Antenatal Care"}, "facility": {"code": 19876}}, {"service": {"name": "PMTCT - ANC"}, "facility": {"code": 19876}}, {"service": {"name": "Provider Initiated Counselling and Testing"}, "facility": {"code": 19876}}, {"service": {"name": "Voluntary Counselling and Testing"}, "facility": {"code": 19876}}, {"service": {"name": "Management of STIs"}, "facility": {"code": 19876}}, {"service": {"name": "Condom Promotion and Distribution"}, "facility": {"code": 19876}}, {"service": {"name": "Condom Promotion and Distribution"}, "facility": {"code": 19851}}, {"service": {"name": "Short Term FP"}, "facility": {"code": 19851}}, {"service": {"name": "Curative Services"}, "facility": {"code": 19851}}, {"service": {"name": "Condom Promotion and Distribution"}, "facility": {"code": 19852}}, {"service": {"name": "Short Term FP"}, "facility": {"code": 19852}}, {"service": {"name": "Curative Services"}, "facility": {"code": 19852}}, {"service": {"name": "Radiology Services"}, "facility": {"code": 19854}}, {"service": {"name": "Curative Services"}, "facility": {"code": 19853}}, {"service": {"name": "Curative Services"}, "facility": {"code": 19856}}, {"service": {"name": "Laboratory Services"}, "facility": {"code": 19855}}, {"service": {"name": "Curative Services"}, "facility": {"code": 19850}}, {"service": {"name": "Laboratory Services"}, "facility": {"code": 19850}}, {"service": {"name": "Maternity Services"}, "facility": {"code": 19858}}, {"service": {"name": "Curative Services"}, "facility": {"code": 19858}}, {"service": {"name": "Emergency Preparedness"}, "facility": {"code": 19875}}, {"service": {"name": "Dental Laboratory Services"}, "facility": {"code": 19875}}, {"service": {"name": "Oral Health Services (Dental Services)"}, "facility": {"code": 19875}}, {"service": {"name": "ENT Services"}, "facility": {"code": 19875}}, {"service": {"name": "Emergency Obstetric Care"}, "facility": {"code": 19875}}, {"service": {"name": "Environmental Health Services"}, "facility": {"code": 19875}}, {"service": {"name": "Rehabilitative Health Services - Physiotherapy"}, "facility": {"code": 19875}}, {"service": {"name": "Services for Sexual Violence Survivors"}, "facility": {"code": 19875}}, {"service": {"name": "Mental Health Services"}, "facility": {"code": 19875}}, {"service": {"name": "Opthalmic Services"}, "facility": {"code": 19875}}, {"service": {"name": "Nutrition Services"}, "facility": {"code": 19875}}, {"service": {"name": "Integrated Management of Childhood Illnesses"}, "facility": {"code": 19875}}, {"service": {"name": "Ambulance Sevices"}, "facility": {"code": 19875}}, {"service": {"name": "Laboratory Services"}, "facility": {"code": 19875}}, {"service": {"name": "Radiology Services"}, "facility": {"code": 19875}}, {"service": {"name": "Surgical Services"}, "facility": {"code": 19875}}, {"service": {"name": "Maternity Services"}, "facility": {"code": 19875}}, {"service": {"name": "Curative Services"}, "facility": {"code": 19875}}, {"service": {"name": "Basic Immunization"}, "facility": {"code": 19875}}, {"service": {"name": "Focused Antenatal Care"}, "facility": {"code": 19875}}, {"service": {"name": "Short Term FP"}, "facility": {"code": 19875}}, {"service": {"name": "Condom Promotion and Distribution"}, "facility": {"code": 19875}}, {"service": {"name": "Maternity Services"}, "facility": {"code": 19859}}, {"service": {"name": "Curative Services"}, "facility": {"code": 19859}}, {"service": {"name": "Maternity Services"}, "facility": {"code": 19860}}, {"service": {"name": "Curative Services"}, "facility": {"code": 19860}}, {"service": {"name": "Maternity Services"}, "facility": {"code": 19861}}, {"service": {"name": "Curative Services"}, "facility": {"code": 19861}}, {"service": {"name": "Focused Antenatal Care"}, "facility": {"code": 19861}}, {"service": {"name": "Maternity Services"}, "facility": {"code": 19863}}, {"service": {"name": "Curative Services"}, "facility": {"code": 19863}}, {"service": {"name": "Maternity Services"}, "facility": {"code": 19864}}, {"service": {"name": "Curative Services"}, "facility": {"code": 19864}}, {"service": {"name": "Emergency Obstetric Care"}, "facility": {"code": 18858}}, {"service": {"name": "Environmental Health Services"}, "facility": {"code": 18858}}, {"service": {"name": "Integrated Management of Childhood Illnesses"}, "facility": {"code": 18858}}, {"service": {"name": "Maternity Services"}, "facility": {"code": 19866}}, {"service": {"name": "Curative Services"}, "facility": {"code": 19866}}, {"service": {"name": "Condom Promotion and Distribution"}, "facility": {"code": 19866}}, {"service": {"name": "Maternity Services"}, "facility": {"code": 19867}}, {"service": {"name": "Curative Services"}, "facility": {"code": 19867}}, {"service": {"name": "Emergency Preparedness"}, "facility": {"code": 15204}}, {"service": {"name": "ENT Services"}, "facility": {"code": 15204}}, {"service": {"name": "Dental Laboratory Services"}, "facility": {"code": 15204}}, {"service": {"name": "Oral Health Services (Dental Services)"}, "facility": {"code": 15204}}, {"service": {"name": "Emergency Obstetric Care"}, "facility": {"code": 15204}}, {"service": {"name": "Environmental Health Services"}, "facility": {"code": 15204}}, {"service": {"name": "Rehabilitative Health Services - Physiotherapy"}, "facility": {"code": 15204}}, {"service": {"name": "Services for Sexual Violence Survivors"}, "facility": {"code": 15204}}, {"service": {"name": "Mental Health Services"}, "facility": {"code": 15204}}, {"service": {"name": "Opthalmic Services"}, "facility": {"code": 15204}}, {"service": {"name": "Nutrition Services"}, "facility": {"code": 15204}}, {"service": {"name": "Integrated Management of Childhood Illnesses"}, "facility": {"code": 15204}}, {"service": {"name": "Ambulance Sevices"}, "facility": {"code": 15204}}, {"service": {"name": "Laboratory Services"}, "facility": {"code": 15204}}, {"service": {"name": "Radiology Services"}, "facility": {"code": 15204}}, {"service": {"name": "Surgical Services"}, "facility": {"code": 15204}}, {"service": {"name": "Maternity Services"}, "facility": {"code": 15204}}, {"service": {"name": "Curative Services"}, "facility": {"code": 15204}}, {"service": {"name": "Facility Based Blood Collection Service"}, "facility": {"code": 15204}}, {"service": {"name": "Facility Based Blood Transfusion Service"}, "facility": {"code": 15204}}, {"service": {"name": "Mortuary Services"}, "facility": {"code": 15204}}, {"service": {"name": "Services for Female Genital Mutilation (FGM) Survivors"}, "facility": {"code": 15204}}, {"service": {"name": "Rehabilitative Health Services - Orthopaedic Technology"}, "facility": {"code": 15204}}, {"service": {"name": "Rehabilitative Health Services - Occupational Health"}, "facility": {"code": 15204}}, {"service": {"name": "First Line Treatment"}, "facility": {"code": 15204}}, {"service": {"name": "Smear Microscopy"}, "facility": {"code": 15204}}, {"service": {"name": "Immunization with additional vaccines"}, "facility": {"code": 15204}}, {"service": {"name": "Basic Immunization"}, "facility": {"code": 15204}}, {"service": {"name": "Specialized ANC"}, "facility": {"code": 15204}}, {"service": {"name": "Focused Antenatal Care"}, "facility": {"code": 15204}}, {"service": {"name": "Adult Antiretroviral Therapy"}, "facility": {"code": 15204}}, {"service": {"name": "Paediatric Antiretroviral Therapy"}, "facility": {"code": 15204}}, {"service": {"name": "Post Exposure Prophylaxis"}, "facility": {"code": 15204}}, {"service": {"name": "PMTCT - Maternity"}, "facility": {"code": 15204}}, {"service": {"name": "PMTCT - ANC"}, "facility": {"code": 15204}}, {"service": {"name": "Early Infant Diagnosis"}, "facility": {"code": 15204}}, {"service": {"name": "Provider Initiated Counselling and Testing"}, "facility": {"code": 15204}}, {"service": {"name": "Diagnostic Counselling and Testing"}, "facility": {"code": 15204}}, {"service": {"name": "Voluntary Counselling and Testing"}, "facility": {"code": 15204}}, {"service": {"name": "Management of STIs"}, "facility": {"code": 15204}}, {"service": {"name": "Condom Promotion and Distribution"}, "facility": {"code": 15204}}, {"service": {"name": "Mental Health Services"}, "facility": {"code": 13023}}, {"service": {"name": "Environmental Health Services"}, "facility": {"code": 13023}}, {"service": {"name": "Emergency Preparedness"}, "facility": {"code": 13023}}, {"service": {"name": "ENT Services"}, "facility": {"code": 13023}}, {"service": {"name": "Surgical Services"}, "facility": {"code": 18992}}, {"service": {"name": "Rehabilitative Health Services - Orthopaedic Technology"}, "facility": {"code": 19035}}, {"service": {"name": "Provider Initiated Counselling and Testing"}, "facility": {"code": 13076}}, {"service": {"name": "Voluntary Counselling and Testing"}, "facility": {"code": 13076}}, {"service": {"name": "Curative Services"}, "facility": {"code": 13076}}, {"service": {"name": "Mental Health Services"}, "facility": {"code": 13076}}, {"service": {"name": "Oral Health Services (Dental Services)"}, "facility": {"code": 19035}}, {"service": {"name": "Post Exposure Prophylaxis"}, "facility": {"code": 19871}}, {"service": {"name": "Voluntary Male Circumcision"}, "facility": {"code": 19871}}, {"service": {"name": "PMTCT - Maternity"}, "facility": {"code": 19871}}, {"service": {"name": "PMTCT - ANC"}, "facility": {"code": 19871}}, {"service": {"name": "Early Infant Diagnosis"}, "facility": {"code": 19871}}, {"service": {"name": "Diagnostic Counselling and Testing"}, "facility": {"code": 19871}}, {"service": {"name": "Provider Initiated Counselling and Testing"}, "facility": {"code": 19871}}, {"service": {"name": "Voluntary Counselling and Testing"}, "facility": {"code": 19871}}, {"service": {"name": "Management of STIs"}, "facility": {"code": 19871}}, {"service": {"name": "Condom Promotion and Distribution"}, "facility": {"code": 19871}}, {"service": {"name": "Services for Sexual Violence Survivors"}, "facility": {"code": 19868}}, {"service": {"name": "Nutrition Services"}, "facility": {"code": 19868}}, {"service": {"name": "Laboratory Services"}, "facility": {"code": 19868}}, {"service": {"name": "Radiology Services"}, "facility": {"code": 19868}}, {"service": {"name": "Surgical Services"}, "facility": {"code": 19868}}, {"service": {"name": "Maternity Services"}, "facility": {"code": 19868}}, {"service": {"name": "Curative Services"}, "facility": {"code": 19868}}, {"service": {"name": "Curative Services"}, "facility": {"code": 19869}}, {"service": {"name": "Short Term FP"}, "facility": {"code": 19869}}, {"service": {"name": "Voluntary Counselling and Testing"}, "facility": {"code": 19869}}, {"service": {"name": "Condom Promotion and Distribution"}, "facility": {"code": 19869}}, {"service": {"name": "Emergency Preparedness"}, "facility": {"code": 19868}}, {"service": {"name": "ENT Services"}, "facility": {"code": 19868}}, {"service": {"name": "Oral Health Services (Dental Services)"}, "facility": {"code": 19868}}, {"service": {"name": "Emergency Obstetric Care"}, "facility": {"code": 19868}}, {"service": {"name": "Environmental Health Services"}, "facility": {"code": 19868}}, {"service": {"name": "Integrated Management of Childhood Illnesses"}, "facility": {"code": 19868}}, {"service": {"name": "Facility Based Blood Collection Service"}, "facility": {"code": 19868}}, {"service": {"name": "Rehabilitative Health Services - Occupational Health"}, "facility": {"code": 19868}}, {"service": {"name": "Tuberculosis Culture"}, "facility": {"code": 19868}}, {"service": {"name": "First Line Treatment"}, "facility": {"code": 19868}}, {"service": {"name": "Basic Immunization"}, "facility": {"code": 19868}}, {"service": {"name": "Specialized ANC"}, "facility": {"code": 19868}}, {"service": {"name": "Focused Antenatal Care"}, "facility": {"code": 19868}}, {"service": {"name": "Stand Alone Services"}, "facility": {"code": 19868}}, {"service": {"name": "Integrated Services"}, "facility": {"code": 19868}}, {"service": {"name": "Long Term FP"}, "facility": {"code": 19868}}, {"service": {"name": "Short Term FP"}, "facility": {"code": 19868}}, {"service": {"name": "Home Based Care"}, "facility": {"code": 19868}}, {"service": {"name": "Adult Antiretroviral Therapy"}, "facility": {"code": 19868}}, {"service": {"name": "Paediatric Antiretroviral Therapy"}, "facility": {"code": 19868}}, {"service": {"name": "Post Exposure Prophylaxis"}, "facility": {"code": 19868}}, {"service": {"name": "Voluntary Male Circumcision"}, "facility": {"code": 19868}}, {"service": {"name": "PMTCT - Maternity"}, "facility": {"code": 19868}}, {"service": {"name": "PMTCT - ANC"}, "facility": {"code": 19868}}, {"service": {"name": "Early Infant Diagnosis"}, "facility": {"code": 19868}}, {"service": {"name": "Diagnostic Counselling and Testing"}, "facility": {"code": 19868}}, {"service": {"name": "Provider Initiated Counselling and Testing"}, "facility": {"code": 19868}}, {"service": {"name": "Voluntary Counselling and Testing"}, "facility": {"code": 19868}}, {"service": {"name": "Management of STIs"}, "facility": {"code": 19868}}, {"service": {"name": "Condom Promotion and Distribution"}, "facility": {"code": 19868}}, {"service": {"name": "Basic Immunization"}, "facility": {"code": 19867}}, {"service": {"name": "Short Term FP"}, "facility": {"code": 19867}}, {"service": {"name": "Voluntary Counselling and Testing"}, "facility": {"code": 19867}}, {"service": {"name": "Condom Promotion and Distribution"}, "facility": {"code": 19867}}, {"service": {"name": "Oral Health Services (Dental Services)"}, "facility": {"code": 19866}}, {"service": {"name": "Emergency Obstetric Care"}, "facility": {"code": 19866}}, {"service": {"name": "Facility Based Blood Collection Service"}, "facility": {"code": 19866}}, {"service": {"name": "Rehabilitative Health Services - Occupational Health"}, "facility": {"code": 19866}}, {"service": {"name": "Basic Immunization"}, "facility": {"code": 19866}}, {"service": {"name": "Oral Health Services (Dental Services)"}, "facility": {"code": 19864}}, {"service": {"name": "Emergency Obstetric Care"}, "facility": {"code": 19864}}, {"service": {"name": "Port Health Services"}, "facility": {"code": 19864}}, {"service": {"name": "Facility Based Blood Collection Service"}, "facility": {"code": 19864}}, {"service": {"name": "Rehabilitative Health Services - Occupational Health"}, "facility": {"code": 19864}}, {"service": {"name": "Specialized ANC"}, "facility": {"code": 19864}}, {"service": {"name": "Short Term FP"}, "facility": {"code": 19864}}, {"service": {"name": "Condom Promotion and Distribution"}, "facility": {"code": 19864}}, {"service": {"name": "Oral Health Services (Dental Services)"}, "facility": {"code": 19863}}, {"service": {"name": "Emergency Obstetric Care"}, "facility": {"code": 19863}}, {"service": {"name": "Basic Immunization"}, "facility": {"code": 19863}}, {"service": {"name": "Focused Antenatal Care"}, "facility": {"code": 19863}}, {"service": {"name": "Short Term FP"}, "facility": {"code": 19863}}, {"service": {"name": "Post Exposure Prophylaxis"}, "facility": {"code": 19863}}, {"service": {"name": "Condom Promotion and Distribution"}, "facility": {"code": 19863}}, {"service": {"name": "Emergency Obstetric Care"}, "facility": {"code": 19862}}, {"service": {"name": "Curative Services"}, "facility": {"code": 19862}}, {"service": {"name": "Provider Initiated Counselling and Testing"}, "facility": {"code": 19862}}, {"service": {"name": "Management of STIs"}, "facility": {"code": 19862}}, {"service": {"name": "Condom Promotion and Distribution"}, "facility": {"code": 19862}}, {"service": {"name": "Short Term FP"}, "facility": {"code": 19862}}, {"service": {"name": "Oral Health Services (Dental Services)"}, "facility": {"code": 19861}}, {"service": {"name": "Emergency Obstetric Care"}, "facility": {"code": 19861}}, {"service": {"name": "Rehabilitative Health Services - Occupational Health"}, "facility": {"code": 19861}}, {"service": {"name": "First Line Treatment"}, "facility": {"code": 19861}}, {"service": {"name": "Tuberculosis Culture"}, "facility": {"code": 19861}}, {"service": {"name": "Basic Immunization"}, "facility": {"code": 19861}}, {"service": {"name": "Short Term FP"}, "facility": {"code": 19861}}, {"service": {"name": "Condom Promotion and Distribution"}, "facility": {"code": 19861}}, {"service": {"name": "Oral Health Services (Dental Services)"}, "facility": {"code": 19860}}, {"service": {"name": "Emergency Obstetric Care"}, "facility": {"code": 19860}}, {"service": {"name": "First Line Treatment"}, "facility": {"code": 19860}}, {"service": {"name": "Basic Immunization"}, "facility": {"code": 19860}}, {"service": {"name": "Focused Antenatal Care"}, "facility": {"code": 19860}}, {"service": {"name": "Short Term FP"}, "facility": {"code": 19860}}, {"service": {"name": "Provider Initiated Counselling and Testing"}, "facility": {"code": 19860}}, {"service": {"name": "Condom Promotion and Distribution"}, "facility": {"code": 19860}}, {"service": {"name": "Oral Health Services (Dental Services)"}, "facility": {"code": 19859}}, {"service": {"name": "Emergency Obstetric Care"}, "facility": {"code": 19859}}, {"service": {"name": "Facility Based Blood Collection Service"}, "facility": {"code": 19859}}, {"service": {"name": "Rehabilitative Health Services - Occupational Health"}, "facility": {"code": 19859}}, {"service": {"name": "Tuberculosis Culture"}, "facility": {"code": 19859}}, {"service": {"name": "Focused Antenatal Care"}, "facility": {"code": 19859}}, {"service": {"name": "Integrated Services"}, "facility": {"code": 19859}}, {"service": {"name": "Short Term FP"}, "facility": {"code": 19859}}, {"service": {"name": "Home Based Care"}, "facility": {"code": 19859}}, {"service": {"name": "PMTCT - Maternity"}, "facility": {"code": 19859}}, {"service": {"name": "Condom Promotion and Distribution"}, "facility": {"code": 19859}}, {"service": {"name": "Oral Health Services (Dental Services)"}, "facility": {"code": 19858}}, {"service": {"name": "Emergency Obstetric Care"}, "facility": {"code": 19858}}, {"service": {"name": "Facility Based Blood Collection Service"}, "facility": {"code": 19858}}, {"service": {"name": "Immunization with additional vaccines"}, "facility": {"code": 19858}}, {"service": {"name": "Basic Immunization"}, "facility": {"code": 19858}}, {"service": {"name": "Focused Antenatal Care"}, "facility": {"code": 19858}}, {"service": {"name": "Short Term FP"}, "facility": {"code": 19858}}, {"service": {"name": "Voluntary Counselling and Testing"}, "facility": {"code": 19858}}, {"service": {"name": "Condom Promotion and Distribution"}, "facility": {"code": 19858}}, {"service": {"name": "Mental Health Services"}, "facility": {"code": 19857}}, {"service": {"name": "Laboratory Services"}, "facility": {"code": 19857}}, {"service": {"name": "Curative Services"}, "facility": {"code": 19857}}, {"service": {"name": "Management of STIs"}, "facility": {"code": 19857}}, {"service": {"name": "Condom Promotion and Distribution"}, "facility": {"code": 19857}}, {"service": {"name": "Emergency Preparedness"}, "facility": {"code": 19849}}, {"service": {"name": "Emergency Obstetric Care"}, "facility": {"code": 19849}}, {"service": {"name": "Oral Health Services (Dental Services)"}, "facility": {"code": 19849}}, {"service": {"name": "Environmental Health Services"}, "facility": {"code": 19849}}, {"service": {"name": "Opthalmic Services"}, "facility": {"code": 19849}}, {"service": {"name": "Nutrition Services"}, "facility": {"code": 19849}}, {"service": {"name": "Surgical Services"}, "facility": {"code": 19849}}, {"service": {"name": "Maternity Services"}, "facility": {"code": 19849}}, {"service": {"name": "Curative Services"}, "facility": {"code": 19849}}, {"service": {"name": "Basic Immunization"}, "facility": {"code": 19849}}, {"service": {"name": "Focused Antenatal Care"}, "facility": {"code": 19849}}, {"service": {"name": "Short Term FP"}, "facility": {"code": 19849}}, {"service": {"name": "PMTCT - Maternity"}, "facility": {"code": 19849}}, {"service": {"name": "PMTCT - ANC"}, "facility": {"code": 19849}}, {"service": {"name": "Management of STIs"}, "facility": {"code": 19849}}, {"service": {"name": "Condom Promotion and Distribution"}, "facility": {"code": 19849}}, {"service": {"name": "Emergency Preparedness"}, "facility": {"code": 19848}}, {"service": {"name": "Oral Health Services (Dental Services)"}, "facility": {"code": 19848}}, {"service": {"name": "Emergency Obstetric Care"}, "facility": {"code": 19848}}, {"service": {"name": "Environmental Health Services"}, "facility": {"code": 19848}}, {"service": {"name": "Rehabilitative Health Services - Physiotherapy"}, "facility": {"code": 19848}}, {"service": {"name": "Services for Sexual Violence Survivors"}, "facility": {"code": 19848}}, {"service": {"name": "Mental Health Services"}, "facility": {"code": 19848}}, {"service": {"name": "Opthalmic Services"}, "facility": {"code": 19848}}, {"service": {"name": "Nutrition Services"}, "facility": {"code": 19848}}, {"service": {"name": "Integrated Management of Childhood Illnesses"}, "facility": {"code": 19848}}, {"service": {"name": "Surgical Services"}, "facility": {"code": 19848}}, {"service": {"name": "Maternity Services"}, "facility": {"code": 19848}}, {"service": {"name": "Curative Services"}, "facility": {"code": 19848}}, {"service": {"name": "Basic Immunization"}, "facility": {"code": 19848}}, {"service": {"name": "Focused Antenatal Care"}, "facility": {"code": 19848}}, {"service": {"name": "Short Term FP"}, "facility": {"code": 19848}}, {"service": {"name": "PMTCT - ANC"}, "facility": {"code": 19848}}, {"service": {"name": "Voluntary Counselling and Testing"}, "facility": {"code": 19848}}, {"service": {"name": "Management of STIs"}, "facility": {"code": 19848}}, {"service": {"name": "Condom Promotion and Distribution"}, "facility": {"code": 19848}}, {"service": {"name": "Home Based Care"}, "facility": {"code": 19847}}, {"service": {"name": "Specialized ANC"}, "facility": {"code": 19847}}, {"service": {"name": "Curative Services"}, "facility": {"code": 19847}}, {"service": {"name": "Curative Services"}, "facility": {"code": 19846}}, {"service": {"name": "Management of STIs"}, "facility": {"code": 19846}}, {"service": {"name": "Curative Services"}, "facility": {"code": 19845}}, {"service": {"name": "Curative Services"}, "facility": {"code": 19844}}, {"service": {"name": "Curative Services"}, "facility": {"code": 19843}}, {"service": {"name": "Curative Services"}, "facility": {"code": 19842}}, {"service": {"name": "Curative Services"}, "facility": {"code": 19841}}, {"service": {"name": "Curative Services"}, "facility": {"code": 19840}}, {"service": {"name": "Laboratory Services"}, "facility": {"code": 19782}}, {"service": {"name": "Curative Services"}, "facility": {"code": 19782}}, {"service": {"name": "Laboratory Services"}, "facility": {"code": 19783}}, {"service": {"name": "Curative Services"}, "facility": {"code": 19783}}, {"service": {"name": "Laboratory Services"}, "facility": {"code": 19780}}, {"service": {"name": "Curative Services"}, "facility": {"code": 19780}}, {"service": {"name": "Curative Services"}, "facility": {"code": 19779}}, {"service": {"name": "Curative Services"}, "facility": {"code": 19778}}, {"service": {"name": "Curative Services"}, "facility": {"code": 19784}}, {"service": {"name": "Opthalmic Services"}, "facility": {"code": 19776}}, {"service": {"name": "Curative Services"}, "facility": {"code": 19777}}, {"service": {"name": "Curative Services"}, "facility": {"code": 19775}}, {"service": {"name": "Curative Services"}, "facility": {"code": 19773}}, {"service": {"name": "Curative Services"}, "facility": {"code": 19771}}, {"service": {"name": "Curative Services"}, "facility": {"code": 19769}}, {"service": {"name": "Curative Services"}, "facility": {"code": 19795}}, {"service": {"name": "Curative Services"}, "facility": {"code": 19797}}, {"service": {"name": "Opthalmic Services"}, "facility": {"code": 19785}}, {"service": {"name": "Laboratory Services"}, "facility": {"code": 19799}}, {"service": {"name": "Curative Services"}, "facility": {"code": 19799}}, {"service": {"name": "Curative Services"}, "facility": {"code": 19781}}, {"service": {"name": "Laboratory Services"}, "facility": {"code": 19805}}, {"service": {"name": "Laboratory Services"}, "facility": {"code": 19837}}, {"service": {"name": "PMTCT - ANC"}, "facility": {"code": 19837}}, {"service": {"name": "Ambulance Sevices"}, "facility": {"code": 19815}}, {"service": {"name": "Laboratory Services"}, "facility": {"code": 19815}}, {"service": {"name": "Curative Services"}, "facility": {"code": 19815}}, {"service": {"name": "Curative Services"}, "facility": {"code": 19837}}, {"service": {"name": "Management of STIs"}, "facility": {"code": 19837}}, {"service": {"name": "Maternity Services"}, "facility": {"code": 19836}}, {"service": {"name": "Curative Services"}, "facility": {"code": 19836}}, {"service": {"name": "Focused Antenatal Care"}, "facility": {"code": 19836}}, {"service": {"name": "Short Term FP"}, "facility": {"code": 19836}}, {"service": {"name": "PMTCT - ANC"}, "facility": {"code": 19836}}, {"service": {"name": "Diagnostic Counselling and Testing"}, "facility": {"code": 19836}}, {"service": {"name": "Provider Initiated Counselling and Testing"}, "facility": {"code": 19836}}, {"service": {"name": "Voluntary Counselling and Testing"}, "facility": {"code": 19836}}, {"service": {"name": "Management of STIs"}, "facility": {"code": 19836}}, {"service": {"name": "Condom Promotion and Distribution"}, "facility": {"code": 19836}}, {"service": {"name": "Curative Services"}, "facility": {"code": 19835}}, {"service": {"name": "Curative Services"}, "facility": {"code": 19834}}, {"service": {"name": "Long Term FP"}, "facility": {"code": 19834}}, {"service": {"name": "Short Term FP"}, "facility": {"code": 19834}}, {"service": {"name": "PMTCT - Maternity"}, "facility": {"code": 10283}}, {"service": {"name": "Emergency Preparedness"}, "facility": {"code": 19833}}, {"service": {"name": "Emergency Obstetric Care"}, "facility": {"code": 19833}}, {"service": {"name": "Nutrition Services"}, "facility": {"code": 19833}}, {"service": {"name": "Laboratory Services"}, "facility": {"code": 19833}}, {"service": {"name": "Curative Services"}, "facility": {"code": 19833}}, {"service": {"name": "Focused Antenatal Care"}, "facility": {"code": 19833}}, {"service": {"name": "Long Term FP"}, "facility": {"code": 19833}}, {"service": {"name": "Short Term FP"}, "facility": {"code": 19833}}, {"service": {"name": "Provider Initiated Counselling and Testing"}, "facility": {"code": 19833}}, {"service": {"name": "Management of STIs"}, "facility": {"code": 19833}}, {"service": {"name": "Condom Promotion and Distribution"}, "facility": {"code": 19833}}, {"service": {"name": "Emergency Preparedness"}, "facility": {"code": 19832}}, {"service": {"name": "Emergency Obstetric Care"}, "facility": {"code": 19832}}, {"service": {"name": "Curative Services"}, "facility": {"code": 19832}}, {"service": {"name": "Focused Antenatal Care"}, "facility": {"code": 19832}}, {"service": {"name": "Integrated Services"}, "facility": {"code": 19832}}, {"service": {"name": "Long Term FP"}, "facility": {"code": 19832}}, {"service": {"name": "Short Term FP"}, "facility": {"code": 19832}}, {"service": {"name": "Provider Initiated Counselling and Testing"}, "facility": {"code": 19832}}, {"service": {"name": "Voluntary Counselling and Testing"}, "facility": {"code": 19832}}, {"service": {"name": "Management of STIs"}, "facility": {"code": 19832}}, {"service": {"name": "Opthalmic Services"}, "facility": {"code": 19831}}, {"service": {"name": "Nutrition Services"}, "facility": {"code": 19831}}, {"service": {"name": "Curative Services"}, "facility": {"code": 19831}}, {"service": {"name": "Integrated Services"}, "facility": {"code": 19831}}, {"service": {"name": "Short Term FP"}, "facility": {"code": 19831}}, {"service": {"name": "Provider Initiated Counselling and Testing"}, "facility": {"code": 19831}}, {"service": {"name": "Management of STIs"}, "facility": {"code": 19831}}, {"service": {"name": "Condom Promotion and Distribution"}, "facility": {"code": 19831}}, {"service": {"name": "Management of STIs"}, "facility": {"code": 19830}}, {"service": {"name": "Curative Services"}, "facility": {"code": 19830}}, {"service": {"name": "Condom Promotion and Distribution"}, "facility": {"code": 19830}}, {"service": {"name": "Curative Services"}, "facility": {"code": 19829}}, {"service": {"name": "Surgical Services"}, "facility": {"code": 19828}}, {"service": {"name": "Curative Services"}, "facility": {"code": 19828}}, {"service": {"name": "Integrated Services"}, "facility": {"code": 19828}}, {"service": {"name": "Short Term FP"}, "facility": {"code": 19828}}, {"service": {"name": "Voluntary Counselling and Testing"}, "facility": {"code": 19828}}, {"service": {"name": "Management of STIs"}, "facility": {"code": 19828}}, {"service": {"name": "Condom Promotion and Distribution"}, "facility": {"code": 19828}}, {"service": {"name": "Laboratory Services"}, "facility": {"code": 19827}}, {"service": {"name": "Curative Services"}, "facility": {"code": 19827}}, {"service": {"name": "Long Term FP"}, "facility": {"code": 19827}}, {"service": {"name": "Short Term FP"}, "facility": {"code": 19827}}, {"service": {"name": "Provider Initiated Counselling and Testing"}, "facility": {"code": 19827}}, {"service": {"name": "Management of STIs"}, "facility": {"code": 19827}}, {"service": {"name": "Condom Promotion and Distribution"}, "facility": {"code": 19827}}, {"service": {"name": "Curative Services"}, "facility": {"code": 19825}}, {"service": {"name": "Curative Services"}, "facility": {"code": 19824}}, {"service": {"name": "Curative Services"}, "facility": {"code": 19823}}, {"service": {"name": "Curative Services"}, "facility": {"code": 19822}}, {"service": {"name": "Curative Services"}, "facility": {"code": 19821}}, {"service": {"name": "Curative Services"}, "facility": {"code": 19820}}, {"service": {"name": "Curative Services"}, "facility": {"code": 19819}}, {"service": {"name": "Curative Services"}, "facility": {"code": 19818}}, {"service": {"name": "Curative Services"}, "facility": {"code": 19817}}, {"service": {"name": "Curative Services"}, "facility": {"code": 19816}}, {"service": {"name": "Integrated Services"}, "facility": {"code": 19815}}, {"service": {"name": "Short Term FP"}, "facility": {"code": 19815}}, {"service": {"name": "Early Infant Diagnosis"}, "facility": {"code": 19815}}, {"service": {"name": "Diagnostic Counselling and Testing"}, "facility": {"code": 19815}}, {"service": {"name": "Provider Initiated Counselling and Testing"}, "facility": {"code": 19815}}, {"service": {"name": "Voluntary Counselling and Testing"}, "facility": {"code": 19815}}, {"service": {"name": "Management of STIs"}, "facility": {"code": 19815}}, {"service": {"name": "Condom Promotion and Distribution"}, "facility": {"code": 19815}}, {"service": {"name": "Focused Antenatal Care"}, "facility": {"code": 14388}}, {"service": {"name": "Basic Immunization"}, "facility": {"code": 17254}}, {"service": {"name": "Focused Antenatal Care"}, "facility": {"code": 14992}}, {"service": {"name": "PMTCT - ANC"}, "facility": {"code": 14992}}, {"service": {"name": "Curative Services"}, "facility": {"code": 19814}}, {"service": {"name": "Curative Services"}, "facility": {"code": 19813}}, {"service": {"name": "Maternity Services"}, "facility": {"code": 19812}}, {"service": {"name": "Curative Services"}, "facility": {"code": 19811}}, {"service": {"name": "Laboratory Services"}, "facility": {"code": 19812}}, {"service": {"name": "Curative Services"}, "facility": {"code": 19812}}, {"service": {"name": "Focused Antenatal Care"}, "facility": {"code": 19812}}, {"service": {"name": "Post Exposure Prophylaxis"}, "facility": {"code": 19812}}, {"service": {"name": "PMTCT - Maternity"}, "facility": {"code": 19812}}, {"service": {"name": "PMTCT - ANC"}, "facility": {"code": 19812}}, {"service": {"name": "Voluntary Counselling and Testing"}, "facility": {"code": 19812}}, {"service": {"name": "Curative Services"}, "facility": {"code": 19810}}, {"service": {"name": "Curative Services"}, "facility": {"code": 19809}}, {"service": {"name": "Emergency Obstetric Care"}, "facility": {"code": 15150}}, {"service": {"name": "Environmental Health Services"}, "facility": {"code": 15150}}, {"service": {"name": "Services for Sexual Violence Survivors"}, "facility": {"code": 15150}}, {"service": {"name": "Integrated Management of Childhood Illnesses"}, "facility": {"code": 15150}}, {"service": {"name": "Nutrition Services"}, "facility": {"code": 15150}}, {"service": {"name": "Laboratory Services"}, "facility": {"code": 15150}}, {"service": {"name": "Maternity Services"}, "facility": {"code": 15150}}, {"service": {"name": "Curative Services"}, "facility": {"code": 15150}}, {"service": {"name": "Smear Microscopy"}, "facility": {"code": 15150}}, {"service": {"name": "Port Immunization Services"}, "facility": {"code": 15150}}, {"service": {"name": "Basic Immunization"}, "facility": {"code": 15150}}, {"service": {"name": "Focused Antenatal Care"}, "facility": {"code": 15150}}, {"service": {"name": "Short Term FP"}, "facility": {"code": 15150}}, {"service": {"name": "Home Based Care"}, "facility": {"code": 15150}}, {"service": {"name": "Adult Antiretroviral Therapy"}, "facility": {"code": 15150}}, {"service": {"name": "Paediatric Antiretroviral Therapy"}, "facility": {"code": 15150}}, {"service": {"name": "Post Exposure Prophylaxis"}, "facility": {"code": 15150}}, {"service": {"name": "PMTCT - Maternity"}, "facility": {"code": 15150}}, {"service": {"name": "PMTCT - ANC"}, "facility": {"code": 15150}}, {"service": {"name": "Diagnostic Counselling and Testing"}, "facility": {"code": 15150}}, {"service": {"name": "Provider Initiated Counselling and Testing"}, "facility": {"code": 15150}}], "unique_fields": ["facility", "service"], "model": "facilities.FacilityService"}]