[{"records": [{"service": {"name": "Early Infant Diagnosis"}, "facility": {"code": 10482}}, {"service": {"name": "Diagnostic Counselling and Testing"}, "facility": {"code": 10482}}, {"service": {"name": "Provider Initiated Counselling and Testing"}, "facility": {"code": 10482}}, {"service": {"name": "Voluntary Counselling and Testing"}, "facility": {"code": 10482}}, {"service": {"name": "Management of STIs"}, "facility": {"code": 10482}}, {"service": {"name": "Condom Promotion and Distribution"}, "facility": {"code": 10482}}, {"service": {"name": "Integrated Management of Childhood Illnesses"}, "facility": {"code": 10248}}, {"service": {"name": "Laboratory Services"}, "facility": {"code": 10248}}, {"service": {"name": "Surgical Services"}, "facility": {"code": 10248}}, {"service": {"name": "Maternity Services"}, "facility": {"code": 10248}}, {"service": {"name": "Curative Services"}, "facility": {"code": 10248}}, {"service": {"name": "First Line Treatment"}, "facility": {"code": 10248}}, {"service": {"name": "Smear Microscopy"}, "facility": {"code": 10248}}, {"service": {"name": "Port Immunization Services"}, "facility": {"code": 10248}}, {"service": {"name": "Specialized ANC"}, "facility": {"code": 10248}}, {"service": {"name": "Focused Antenatal Care"}, "facility": {"code": 10248}}, {"service": {"name": "Long Term FP"}, "facility": {"code": 10248}}, {"service": {"name": "Short Term FP"}, "facility": {"code": 10248}}, {"service": {"name": "Home Based Care"}, "facility": {"code": 10248}}, {"service": {"name": "Adult Antiretroviral Therapy"}, "facility": {"code": 10248}}, {"service": {"name": "Paediatric Antiretroviral Therapy"}, "facility": {"code": 10248}}, {"service": {"name": "Post Exposure Prophylaxis"}, "facility": {"code": 10248}}, {"service": {"name": "Voluntary Male Circumcision"}, "facility": {"code": 10248}}, {"service": {"name": "PMTCT - Maternity"}, "facility": {"code": 10248}}, {"service": {"name": "Early Infant Diagnosis"}, "facility": {"code": 10248}}, {"service": {"name": "Diagnostic Counselling and Testing"}, "facility": {"code": 10248}}, {"service": {"name": "Provider Initiated Counselling and Testing"}, "facility": {"code": 10248}}, {"service": {"name": "Management of STIs"}, "facility": {"code": 10248}}, {"service": {"name": "Condom Promotion and Distribution"}, "facility": {"code": 10248}}, {"service": {"name": "Curative Services"}, "facility": {"code": 16148}}, {"service": {"name": "Basic Immunization"}, "facility": {"code": 16148}}, {"service": {"name": "Focused Antenatal Care"}, "facility": {"code": 16148}}, {"service": {"name": "Short Term FP"}, "facility": {"code": 16148}}, {"service": {"name": "Post Exposure Prophylaxis"}, "facility": {"code": 16148}}, {"service": {"name": "PMTCT - ANC"}, "facility": {"code": 16148}}, {"service": {"name": "Diagnostic Counselling and Testing"}, "facility": {"code": 16148}}, {"service": {"name": "Provider Initiated Counselling and Testing"}, "facility": {"code": 16148}}, {"service": {"name": "Management of STIs"}, "facility": {"code": 16148}}, {"service": {"name": "Condom Promotion and Distribution"}, "facility": {"code": 16148}}, {"service": {"name": "Basic Immunization"}, "facility": {"code": 16130}}, {"service": {"name": "Focused Antenatal Care"}, "facility": {"code": 16130}}, {"service": {"name": "Long Term FP"}, "facility": {"code": 16130}}, {"service": {"name": "Short Term FP"}, "facility": {"code": 16130}}, {"service": {"name": "Post Exposure Prophylaxis"}, "facility": {"code": 16130}}, {"service": {"name": "Voluntary Male Circumcision"}, "facility": {"code": 16130}}, {"service": {"name": "PMTCT - Maternity"}, "facility": {"code": 16130}}, {"service": {"name": "PMTCT - ANC"}, "facility": {"code": 16130}}, {"service": {"name": "Early Infant Diagnosis"}, "facility": {"code": 16130}}, {"service": {"name": "Diagnostic Counselling and Testing"}, "facility": {"code": 16130}}, {"service": {"name": "Provider Initiated Counselling and Testing"}, "facility": {"code": 16130}}, {"service": {"name": "Voluntary Counselling and Testing"}, "facility": {"code": 16130}}, {"service": {"name": "Management of STIs"}, "facility": {"code": 16130}}, {"service": {"name": "Condom Promotion and Distribution"}, "facility": {"code": 16130}}, {"service": {"name": "Nutrition Services"}, "facility": {"code": 16125}}, {"service": {"name": "Curative Services"}, "facility": {"code": 16125}}, {"service": {"name": "Focused Antenatal Care"}, "facility": {"code": 16125}}, {"service": {"name": "Short Term FP"}, "facility": {"code": 16125}}, {"service": {"name": "Post Exposure Prophylaxis"}, "facility": {"code": 16125}}, {"service": {"name": "PMTCT - ANC"}, "facility": {"code": 16125}}, {"service": {"name": "Diagnostic Counselling and Testing"}, "facility": {"code": 16125}}, {"service": {"name": "Provider Initiated Counselling and Testing"}, "facility": {"code": 16125}}, {"service": {"name": "Management of STIs"}, "facility": {"code": 16125}}, {"service": {"name": "Condom Promotion and Distribution"}, "facility": {"code": 16125}}, {"service": {"name": "Nutrition Services"}, "facility": {"code": 16081}}, {"service": {"name": "Curative Services"}, "facility": {"code": 16081}}, {"service": {"name": "Basic Immunization"}, "facility": {"code": 16081}}, {"service": {"name": "Focused Antenatal Care"}, "facility": {"code": 16081}}, {"service": {"name": "Short Term FP"}, "facility": {"code": 16081}}, {"service": {"name": "Post Exposure Prophylaxis"}, "facility": {"code": 16081}}, {"service": {"name": "PMTCT - ANC"}, "facility": {"code": 16081}}, {"service": {"name": "Diagnostic Counselling and Testing"}, "facility": {"code": 16081}}, {"service": {"name": "Provider Initiated Counselling and Testing"}, "facility": {"code": 16081}}, {"service": {"name": "Management of STIs"}, "facility": {"code": 16081}}, {"service": {"name": "Condom Promotion and Distribution"}, "facility": {"code": 16081}}, {"service": {"name": "Curative Services"}, "facility": {"code": 16063}}, {"service": {"name": "Short Term FP"}, "facility": {"code": 16063}}, {"service": {"name": "Diagnostic Counselling and Testing"}, "facility": {"code": 16063}}, {"service": {"name": "Provider Initiated Counselling and Testing"}, "facility": {"code": 16063}}, {"service": {"name": "Condom Promotion and Distribution"}, "facility": {"code": 16063}}, {"service": {"name": "Environmental Health Services"}, "facility": {"code": 15994}}, {"service": {"name": "Nutrition Services"}, "facility": {"code": 15994}}, {"service": {"name": "Laboratory Services"}, "facility": {"code": 15994}}, {"service": {"name": "Radiology Services"}, "facility": {"code": 15994}}, {"service": {"name": "Surgical Services"}, "facility": {"code": 15994}}, {"service": {"name": "Maternity Services"}, "facility": {"code": 15994}}, {"service": {"name": "Curative Services"}, "facility": {"code": 15994}}, {"service": {"name": "Smear Microscopy"}, "facility": {"code": 15994}}, {"service": {"name": "Basic Immunization"}, "facility": {"code": 15994}}, {"service": {"name": "Focused Antenatal Care"}, "facility": {"code": 15994}}, {"service": {"name": "Long Term FP"}, "facility": {"code": 15994}}, {"service": {"name": "Short Term FP"}, "facility": {"code": 15994}}, {"service": {"name": "Home Based Care"}, "facility": {"code": 15994}}, {"service": {"name": "Adult Antiretroviral Therapy"}, "facility": {"code": 15994}}, {"service": {"name": "Paediatric Antiretroviral Therapy"}, "facility": {"code": 15994}}, {"service": {"name": "Post Exposure Prophylaxis"}, "facility": {"code": 15994}}, {"service": {"name": "Voluntary Male Circumcision"}, "facility": {"code": 15994}}, {"service": {"name": "PMTCT - Maternity"}, "facility": {"code": 15994}}, {"service": {"name": "PMTCT - ANC"}, "facility": {"code": 15994}}, {"service": {"name": "Early Infant Diagnosis"}, "facility": {"code": 15994}}, {"service": {"name": "Diagnostic Counselling and Testing"}, "facility": {"code": 15994}}, {"service": {"name": "Provider Initiated Counselling and Testing"}, "facility": {"code": 15994}}, {"service": {"name": "Voluntary Counselling and Testing"}, "facility": {"code": 15994}}, {"service": {"name": "Management of STIs"}, "facility": {"code": 15994}}, {"service": {"name": "Condom Promotion and Distribution"}, "facility": {"code": 15994}}, {"service": {"name": "Curative Services"}, "facility": {"code": 17145}}, {"service": {"name": "Curative Services"}, "facility": {"code": 15980}}, {"service": {"name": "Basic Immunization"}, "facility": {"code": 15980}}, {"service": {"name": "Focused Antenatal Care"}, "facility": {"code": 15980}}, {"service": {"name": "Short Term FP"}, "facility": {"code": 15980}}, {"service": {"name": "Post Exposure Prophylaxis"}, "facility": {"code": 15980}}, {"service": {"name": "PMTCT - ANC"}, "facility": {"code": 15980}}, {"service": {"name": "Diagnostic Counselling and Testing"}, "facility": {"code": 15980}}, {"service": {"name": "Provider Initiated Counselling and Testing"}, "facility": {"code": 15980}}, {"service": {"name": "Management of STIs"}, "facility": {"code": 15980}}, {"service": {"name": "Condom Promotion and Distribution"}, "facility": {"code": 15980}}, {"service": {"name": "Condom Promotion and Distribution"}, "facility": {"code": 17145}}, {"service": {"name": "Nutrition Services"}, "facility": {"code": 15979}}, {"service": {"name": "Curative Services"}, "facility": {"code": 15979}}, {"service": {"name": "Basic Immunization"}, "facility": {"code": 15979}}, {"service": {"name": "Focused Antenatal Care"}, "facility": {"code": 15979}}, {"service": {"name": "Short Term FP"}, "facility": {"code": 15979}}, {"service": {"name": "Post Exposure Prophylaxis"}, "facility": {"code": 15979}}, {"service": {"name": "PMTCT - ANC"}, "facility": {"code": 15979}}, {"service": {"name": "Diagnostic Counselling and Testing"}, "facility": {"code": 15979}}, {"service": {"name": "Provider Initiated Counselling and Testing"}, "facility": {"code": 15979}}, {"service": {"name": "Management of STIs"}, "facility": {"code": 15979}}, {"service": {"name": "Condom Promotion and Distribution"}, "facility": {"code": 15979}}, {"service": {"name": "Laboratory Services"}, "facility": {"code": 15966}}, {"service": {"name": "Curative Services"}, "facility": {"code": 15966}}, {"service": {"name": "Basic Immunization"}, "facility": {"code": 15966}}, {"service": {"name": "Focused Antenatal Care"}, "facility": {"code": 15966}}, {"service": {"name": "Short Term FP"}, "facility": {"code": 15966}}, {"service": {"name": "Early Infant Diagnosis"}, "facility": {"code": 15966}}, {"service": {"name": "PMTCT - ANC"}, "facility": {"code": 15966}}, {"service": {"name": "Diagnostic Counselling and Testing"}, "facility": {"code": 15966}}, {"service": {"name": "Provider Initiated Counselling and Testing"}, "facility": {"code": 15966}}, {"service": {"name": "Condom Promotion and Distribution"}, "facility": {"code": 15966}}, {"service": {"name": "Environmental Health Services"}, "facility": {"code": 15958}}, {"service": {"name": "Nutrition Services"}, "facility": {"code": 15958}}, {"service": {"name": "Laboratory Services"}, "facility": {"code": 15958}}, {"service": {"name": "Curative Services"}, "facility": {"code": 15958}}, {"service": {"name": "Basic Immunization"}, "facility": {"code": 15958}}, {"service": {"name": "Focused Antenatal Care"}, "facility": {"code": 15958}}, {"service": {"name": "Short Term FP"}, "facility": {"code": 15958}}, {"service": {"name": "Post Exposure Prophylaxis"}, "facility": {"code": 15958}}, {"service": {"name": "PMTCT - ANC"}, "facility": {"code": 15958}}, {"service": {"name": "Diagnostic Counselling and Testing"}, "facility": {"code": 15958}}, {"service": {"name": "Provider Initiated Counselling and Testing"}, "facility": {"code": 15958}}, {"service": {"name": "Management of STIs"}, "facility": {"code": 15958}}, {"service": {"name": "Condom Promotion and Distribution"}, "facility": {"code": 15958}}, {"service": {"name": "Maternity Services"}, "facility": {"code": 15948}}, {"service": {"name": "Curative Services"}, "facility": {"code": 15948}}, {"service": {"name": "Basic Immunization"}, "facility": {"code": 15948}}, {"service": {"name": "Focused Antenatal Care"}, "facility": {"code": 15948}}, {"service": {"name": "Short Term FP"}, "facility": {"code": 15948}}, {"service": {"name": "Home Based Care"}, "facility": {"code": 15948}}, {"service": {"name": "Post Exposure Prophylaxis"}, "facility": {"code": 15948}}, {"service": {"name": "Voluntary Male Circumcision"}, "facility": {"code": 15948}}, {"service": {"name": "PMTCT - Maternity"}, "facility": {"code": 15948}}, {"service": {"name": "PMTCT - ANC"}, "facility": {"code": 15948}}, {"service": {"name": "Diagnostic Counselling and Testing"}, "facility": {"code": 15948}}, {"service": {"name": "Provider Initiated Counselling and Testing"}, "facility": {"code": 15948}}, {"service": {"name": "Voluntary Counselling and Testing"}, "facility": {"code": 15948}}, {"service": {"name": "Management of STIs"}, "facility": {"code": 15948}}, {"service": {"name": "Condom Promotion and Distribution"}, "facility": {"code": 15948}}, {"service": {"name": "Laboratory Services"}, "facility": {"code": 15929}}, {"service": {"name": "Curative Services"}, "facility": {"code": 15929}}, {"service": {"name": "Focused Antenatal Care"}, "facility": {"code": 15929}}, {"service": {"name": "Short Term FP"}, "facility": {"code": 15929}}, {"service": {"name": "PMTCT - Maternity"}, "facility": {"code": 15929}}, {"service": {"name": "PMTCT - ANC"}, "facility": {"code": 15929}}, {"service": {"name": "Diagnostic Counselling and Testing"}, "facility": {"code": 15929}}, {"service": {"name": "Provider Initiated Counselling and Testing"}, "facility": {"code": 15929}}, {"service": {"name": "Management of STIs"}, "facility": {"code": 15929}}, {"service": {"name": "Condom Promotion and Distribution"}, "facility": {"code": 15929}}, {"service": {"name": "Integrated Management of Childhood Illnesses"}, "facility": {"code": 15926}}, {"service": {"name": "Curative Services"}, "facility": {"code": 15926}}, {"service": {"name": "Basic Immunization"}, "facility": {"code": 15926}}, {"service": {"name": "Short Term FP"}, "facility": {"code": 15926}}, {"service": {"name": "Focused Antenatal Care"}, "facility": {"code": 15926}}, {"service": {"name": "Post Exposure Prophylaxis"}, "facility": {"code": 15926}}, {"service": {"name": "PMTCT - ANC"}, "facility": {"code": 15926}}, {"service": {"name": "Diagnostic Counselling and Testing"}, "facility": {"code": 15926}}, {"service": {"name": "Provider Initiated Counselling and Testing"}, "facility": {"code": 15926}}, {"service": {"name": "Management of STIs"}, "facility": {"code": 15926}}, {"service": {"name": "Condom Promotion and Distribution"}, "facility": {"code": 15926}}, {"service": {"name": "Laboratory Services"}, "facility": {"code": 15911}}, {"service": {"name": "Surgical Services"}, "facility": {"code": 15911}}, {"service": {"name": "Maternity Services"}, "facility": {"code": 15911}}, {"service": {"name": "Curative Services"}, "facility": {"code": 15911}}, {"service": {"name": "Smear Microscopy"}, "facility": {"code": 15911}}, {"service": {"name": "Basic Immunization"}, "facility": {"code": 15911}}, {"service": {"name": "Focused Antenatal Care"}, "facility": {"code": 15911}}, {"service": {"name": "Long Term FP"}, "facility": {"code": 15911}}, {"service": {"name": "Short Term FP"}, "facility": {"code": 15911}}, {"service": {"name": "Home Based Care"}, "facility": {"code": 15911}}, {"service": {"name": "Adult Antiretroviral Therapy"}, "facility": {"code": 15911}}, {"service": {"name": "Paediatric Antiretroviral Therapy"}, "facility": {"code": 15911}}, {"service": {"name": "Post Exposure Prophylaxis"}, "facility": {"code": 15911}}, {"service": {"name": "PMTCT - Maternity"}, "facility": {"code": 15911}}, {"service": {"name": "PMTCT - ANC"}, "facility": {"code": 15911}}, {"service": {"name": "Early Infant Diagnosis"}, "facility": {"code": 15911}}, {"service": {"name": "Diagnostic Counselling and Testing"}, "facility": {"code": 15911}}, {"service": {"name": "Provider Initiated Counselling and Testing"}, "facility": {"code": 15911}}, {"service": {"name": "Voluntary Counselling and Testing"}, "facility": {"code": 15911}}, {"service": {"name": "Management of STIs"}, "facility": {"code": 15911}}, {"service": {"name": "Condom Promotion and Distribution"}, "facility": {"code": 15911}}, {"service": {"name": "Laboratory Services"}, "facility": {"code": 15861}}, {"service": {"name": "Curative Services"}, "facility": {"code": 15861}}, {"service": {"name": "First Line Treatment"}, "facility": {"code": 15861}}, {"service": {"name": "Smear Microscopy"}, "facility": {"code": 15861}}, {"service": {"name": "Basic Immunization"}, "facility": {"code": 15861}}, {"service": {"name": "Focused Antenatal Care"}, "facility": {"code": 15861}}, {"service": {"name": "Long Term FP"}, "facility": {"code": 15861}}, {"service": {"name": "Short Term FP"}, "facility": {"code": 15861}}, {"service": {"name": "Home Based Care"}, "facility": {"code": 15861}}, {"service": {"name": "Adult Antiretroviral Therapy"}, "facility": {"code": 15861}}, {"service": {"name": "Paediatric Antiretroviral Therapy"}, "facility": {"code": 15861}}, {"service": {"name": "Post Exposure Prophylaxis"}, "facility": {"code": 15861}}, {"service": {"name": "PMTCT - Maternity"}, "facility": {"code": 15861}}, {"service": {"name": "PMTCT - ANC"}, "facility": {"code": 15861}}, {"service": {"name": "Diagnostic Counselling and Testing"}, "facility": {"code": 15861}}, {"service": {"name": "Provider Initiated Counselling and Testing"}, "facility": {"code": 15861}}, {"service": {"name": "Voluntary Counselling and Testing"}, "facility": {"code": 15861}}, {"service": {"name": "Management of STIs"}, "facility": {"code": 15861}}, {"service": {"name": "Condom Promotion and Distribution"}, "facility": {"code": 15861}}, {"service": {"name": "Oral Health Services (Dental Services)"}, "facility": {"code": 15860}}, {"service": {"name": "Environmental Health Services"}, "facility": {"code": 15860}}, {"service": {"name": "Integrated Management of Childhood Illnesses"}, "facility": {"code": 15860}}, {"service": {"name": "Ambulance Sevices"}, "facility": {"code": 15860}}, {"service": {"name": "Laboratory Services"}, "facility": {"code": 15860}}, {"service": {"name": "Surgical Services"}, "facility": {"code": 15860}}, {"service": {"name": "Maternity Services"}, "facility": {"code": 15860}}, {"service": {"name": "Curative Services"}, "facility": {"code": 15860}}, {"service": {"name": "Rehabilitative Health Services - Occupational Health"}, "facility": {"code": 15860}}, {"service": {"name": "First Line Treatment"}, "facility": {"code": 15860}}, {"service": {"name": "Tuberculosis Culture"}, "facility": {"code": 15860}}, {"service": {"name": "Smear Microscopy"}, "facility": {"code": 15860}}, {"service": {"name": "Basic Immunization"}, "facility": {"code": 15860}}, {"service": {"name": "Focused Antenatal Care"}, "facility": {"code": 15860}}, {"service": {"name": "Long Term FP"}, "facility": {"code": 15860}}, {"service": {"name": "Short Term FP"}, "facility": {"code": 15860}}, {"service": {"name": "Home Based Care"}, "facility": {"code": 15860}}, {"service": {"name": "Adult Antiretroviral Therapy"}, "facility": {"code": 15860}}, {"service": {"name": "Paediatric Antiretroviral Therapy"}, "facility": {"code": 15860}}, {"service": {"name": "Post Exposure Prophylaxis"}, "facility": {"code": 15860}}, {"service": {"name": "PMTCT - Maternity"}, "facility": {"code": 15860}}, {"service": {"name": "PMTCT - ANC"}, "facility": {"code": 15860}}, {"service": {"name": "Early Infant Diagnosis"}, "facility": {"code": 15860}}, {"service": {"name": "Diagnostic Counselling and Testing"}, "facility": {"code": 15860}}, {"service": {"name": "Provider Initiated Counselling and Testing"}, "facility": {"code": 15860}}, {"service": {"name": "Voluntary Counselling and Testing"}, "facility": {"code": 15860}}, {"service": {"name": "Management of STIs"}, "facility": {"code": 15860}}, {"service": {"name": "Condom Promotion and Distribution"}, "facility": {"code": 15860}}, {"service": {"name": "Nutrition Services"}, "facility": {"code": 15852}}, {"service": {"name": "Curative Services"}, "facility": {"code": 15852}}, {"service": {"name": "Dental Laboratory Services"}, "facility": {"code": 14179}}, {"service": {"name": "Oral Health Services (Dental Services)"}, "facility": {"code": 14179}}, {"service": {"name": "ENT Services"}, "facility": {"code": 14179}}, {"service": {"name": "Emergency Obstetric Care"}, "facility": {"code": 14179}}, {"service": {"name": "Rehabilitative Health Services - Physiotherapy"}, "facility": {"code": 14179}}, {"service": {"name": "Laboratory Services"}, "facility": {"code": 15848}}, {"service": {"name": "Maternity Services"}, "facility": {"code": 15848}}, {"service": {"name": "Curative Services"}, "facility": {"code": 15848}}, {"service": {"name": "Basic Immunization"}, "facility": {"code": 15848}}, {"service": {"name": "Focused Antenatal Care"}, "facility": {"code": 15848}}, {"service": {"name": "Post Exposure Prophylaxis"}, "facility": {"code": 15848}}, {"service": {"name": "PMTCT - Maternity"}, "facility": {"code": 15848}}, {"service": {"name": "PMTCT - ANC"}, "facility": {"code": 15848}}, {"service": {"name": "Diagnostic Counselling and Testing"}, "facility": {"code": 15848}}, {"service": {"name": "Provider Initiated Counselling and Testing"}, "facility": {"code": 15848}}, {"service": {"name": "Voluntary Counselling and Testing"}, "facility": {"code": 15848}}, {"service": {"name": "Management of STIs"}, "facility": {"code": 15848}}, {"service": {"name": "Nutrition Services"}, "facility": {"code": 15837}}, {"service": {"name": "Curative Services"}, "facility": {"code": 15837}}, {"service": {"name": "Focused Antenatal Care"}, "facility": {"code": 15837}}, {"service": {"name": "Short Term FP"}, "facility": {"code": 15837}}, {"service": {"name": "Post Exposure Prophylaxis"}, "facility": {"code": 15837}}, {"service": {"name": "PMTCT - ANC"}, "facility": {"code": 15837}}, {"service": {"name": "Diagnostic Counselling and Testing"}, "facility": {"code": 15837}}, {"service": {"name": "Provider Initiated Counselling and Testing"}, "facility": {"code": 15837}}, {"service": {"name": "Management of STIs"}, "facility": {"code": 15837}}, {"service": {"name": "Condom Promotion and Distribution"}, "facility": {"code": 15837}}, {"service": {"name": "Emergency Preparedness"}, "facility": {"code": 12102}}, {"service": {"name": "Oral Health Services (Dental Services)"}, "facility": {"code": 12102}}, {"service": {"name": "Emergency Obstetric Care"}, "facility": {"code": 12102}}, {"service": {"name": "Environmental Health Services"}, "facility": {"code": 12102}}, {"service": {"name": "Nutrition Services"}, "facility": {"code": 12102}}, {"service": {"name": "Integrated Management of Childhood Illnesses"}, "facility": {"code": 12102}}, {"service": {"name": "Surgical Services"}, "facility": {"code": 12102}}, {"service": {"name": "Maternity Services"}, "facility": {"code": 12102}}, {"service": {"name": "Curative Services"}, "facility": {"code": 12102}}, {"service": {"name": "Smear Microscopy"}, "facility": {"code": 12102}}, {"service": {"name": "First Line Treatment"}, "facility": {"code": 12102}}, {"service": {"name": "Immunization with additional vaccines"}, "facility": {"code": 12102}}, {"service": {"name": "Basic Immunization"}, "facility": {"code": 12102}}, {"service": {"name": "Specialized ANC"}, "facility": {"code": 12102}}, {"service": {"name": "Focused Antenatal Care"}, "facility": {"code": 12102}}, {"service": {"name": "Long Term FP"}, "facility": {"code": 12102}}, {"service": {"name": "Short Term FP"}, "facility": {"code": 12102}}, {"service": {"name": "Post Exposure Prophylaxis"}, "facility": {"code": 12102}}, {"service": {"name": "Voluntary Male Circumcision"}, "facility": {"code": 12102}}, {"service": {"name": "PMTCT - Maternity"}, "facility": {"code": 12102}}, {"service": {"name": "PMTCT - ANC"}, "facility": {"code": 12102}}, {"service": {"name": "Early Infant Diagnosis"}, "facility": {"code": 12102}}, {"service": {"name": "Diagnostic Counselling and Testing"}, "facility": {"code": 12102}}, {"service": {"name": "Provider Initiated Counselling and Testing"}, "facility": {"code": 12102}}, {"service": {"name": "Management of STIs"}, "facility": {"code": 12102}}, {"service": {"name": "Condom Promotion and Distribution"}, "facility": {"code": 12102}}, {"service": {"name": "Emergency Obstetric Care"}, "facility": {"code": 12493}}, {"service": {"name": "Environmental Health Services"}, "facility": {"code": 12493}}, {"service": {"name": "Integrated Management of Childhood Illnesses"}, "facility": {"code": 12493}}, {"service": {"name": "Laboratory Services"}, "facility": {"code": 12493}}, {"service": {"name": "Surgical Services"}, "facility": {"code": 12493}}, {"service": {"name": "Maternity Services"}, "facility": {"code": 12493}}, {"service": {"name": "Curative Services"}, "facility": {"code": 12493}}, {"service": {"name": "First Line Treatment"}, "facility": {"code": 12493}}, {"service": {"name": "Smear Microscopy"}, "facility": {"code": 12493}}, {"service": {"name": "Immunization with additional vaccines"}, "facility": {"code": 12493}}, {"service": {"name": "Basic Immunization"}, "facility": {"code": 12493}}, {"service": {"name": "Specialized ANC"}, "facility": {"code": 12493}}, {"service": {"name": "Focused Antenatal Care"}, "facility": {"code": 12493}}, {"service": {"name": "Long Term FP"}, "facility": {"code": 12493}}, {"service": {"name": "Short Term FP"}, "facility": {"code": 12493}}, {"service": {"name": "Adult Antiretroviral Therapy"}, "facility": {"code": 12493}}, {"service": {"name": "Paediatric Antiretroviral Therapy"}, "facility": {"code": 12493}}, {"service": {"name": "Post Exposure Prophylaxis"}, "facility": {"code": 12493}}, {"service": {"name": "PMTCT - Maternity"}, "facility": {"code": 12493}}, {"service": {"name": "PMTCT - ANC"}, "facility": {"code": 12493}}, {"service": {"name": "Early Infant Diagnosis"}, "facility": {"code": 12493}}, {"service": {"name": "Diagnostic Counselling and Testing"}, "facility": {"code": 12493}}, {"service": {"name": "Provider Initiated Counselling and Testing"}, "facility": {"code": 12493}}, {"service": {"name": "Management of STIs"}, "facility": {"code": 12493}}, {"service": {"name": "Condom Promotion and Distribution"}, "facility": {"code": 12493}}, {"service": {"name": "Curative Services"}, "facility": {"code": 17144}}, {"service": {"name": "Emergency Preparedness"}, "facility": {"code": 12565}}, {"service": {"name": "Emergency Obstetric Care"}, "facility": {"code": 12565}}, {"service": {"name": "Environmental Health Services"}, "facility": {"code": 12565}}, {"service": {"name": "Nutrition Services"}, "facility": {"code": 12565}}, {"service": {"name": "Integrated Management of Childhood Illnesses"}, "facility": {"code": 12565}}, {"service": {"name": "Laboratory Services"}, "facility": {"code": 12565}}, {"service": {"name": "Maternity Services"}, "facility": {"code": 12565}}, {"service": {"name": "Curative Services"}, "facility": {"code": 12565}}, {"service": {"name": "Smear Microscopy"}, "facility": {"code": 12565}}, {"service": {"name": "First Line Treatment"}, "facility": {"code": 12565}}, {"service": {"name": "Immunization with additional vaccines"}, "facility": {"code": 12565}}, {"service": {"name": "Basic Immunization"}, "facility": {"code": 12565}}, {"service": {"name": "Specialized ANC"}, "facility": {"code": 12565}}, {"service": {"name": "Focused Antenatal Care"}, "facility": {"code": 12565}}, {"service": {"name": "Long Term FP"}, "facility": {"code": 12565}}, {"service": {"name": "Short Term FP"}, "facility": {"code": 12565}}, {"service": {"name": "Home Based Care"}, "facility": {"code": 12565}}, {"service": {"name": "Adult Antiretroviral Therapy"}, "facility": {"code": 12565}}, {"service": {"name": "Paediatric Antiretroviral Therapy"}, "facility": {"code": 12565}}, {"service": {"name": "Post Exposure Prophylaxis"}, "facility": {"code": 12565}}, {"service": {"name": "Voluntary Male Circumcision"}, "facility": {"code": 12565}}, {"service": {"name": "PMTCT - Maternity"}, "facility": {"code": 12565}}, {"service": {"name": "PMTCT - ANC"}, "facility": {"code": 12565}}, {"service": {"name": "Early Infant Diagnosis"}, "facility": {"code": 12565}}, {"service": {"name": "Diagnostic Counselling and Testing"}, "facility": {"code": 12565}}, {"service": {"name": "Provider Initiated Counselling and Testing"}, "facility": {"code": 12565}}, {"service": {"name": "Management of STIs"}, "facility": {"code": 12565}}, {"service": {"name": "Condom Promotion and Distribution"}, "facility": {"code": 12565}}, {"service": {"name": "Nutrition Services"}, "facility": {"code": 12460}}, {"service": {"name": "Integrated Management of Childhood Illnesses"}, "facility": {"code": 12460}}, {"service": {"name": "Curative Services"}, "facility": {"code": 12460}}, {"service": {"name": "Focused Antenatal Care"}, "facility": {"code": 12460}}, {"service": {"name": "Long Term FP"}, "facility": {"code": 12460}}, {"service": {"name": "Short Term FP"}, "facility": {"code": 12460}}, {"service": {"name": "PMTCT - ANC"}, "facility": {"code": 12460}}, {"service": {"name": "Provider Initiated Counselling and Testing"}, "facility": {"code": 12460}}, {"service": {"name": "Voluntary Counselling and Testing"}, "facility": {"code": 12460}}, {"service": {"name": "Management of STIs"}, "facility": {"code": 12460}}, {"service": {"name": "Condom Promotion and Distribution"}, "facility": {"code": 12460}}, {"service": {"name": "Emergency Obstetric Care"}, "facility": {"code": 12309}}, {"service": {"name": "Environmental Health Services"}, "facility": {"code": 12309}}, {"service": {"name": "Services for Sexual Violence Survivors"}, "facility": {"code": 12309}}, {"service": {"name": "Nutrition Services"}, "facility": {"code": 12309}}, {"service": {"name": "Integrated Management of Childhood Illnesses"}, "facility": {"code": 12309}}, {"service": {"name": "Laboratory Services"}, "facility": {"code": 12309}}, {"service": {"name": "Surgical Services"}, "facility": {"code": 12309}}, {"service": {"name": "Maternity Services"}, "facility": {"code": 12309}}, {"service": {"name": "Curative Services"}, "facility": {"code": 12309}}, {"service": {"name": "First Line Treatment"}, "facility": {"code": 12309}}, {"service": {"name": "Basic Immunization"}, "facility": {"code": 12309}}, {"service": {"name": "Specialized ANC"}, "facility": {"code": 12309}}, {"service": {"name": "Focused Antenatal Care"}, "facility": {"code": 12309}}, {"service": {"name": "Integrated Services"}, "facility": {"code": 12309}}, {"service": {"name": "Long Term FP"}, "facility": {"code": 12309}}, {"service": {"name": "Short Term FP"}, "facility": {"code": 12309}}, {"service": {"name": "Adult Antiretroviral Therapy"}, "facility": {"code": 12309}}, {"service": {"name": "Paediatric Antiretroviral Therapy"}, "facility": {"code": 12309}}, {"service": {"name": "Voluntary Male Circumcision"}, "facility": {"code": 12309}}, {"service": {"name": "PMTCT - Maternity"}, "facility": {"code": 12309}}, {"service": {"name": "PMTCT - ANC"}, "facility": {"code": 12309}}, {"service": {"name": "Early Infant Diagnosis"}, "facility": {"code": 12309}}, {"service": {"name": "Diagnostic Counselling and Testing"}, "facility": {"code": 12309}}, {"service": {"name": "Provider Initiated Counselling and Testing"}, "facility": {"code": 12309}}, {"service": {"name": "Integrated Management of Childhood Illnesses"}, "facility": {"code": 16995}}, {"service": {"name": "Voluntary Counselling and Testing"}, "facility": {"code": 12309}}, {"service": {"name": "Management of STIs"}, "facility": {"code": 12309}}, {"service": {"name": "Condom Promotion and Distribution"}, "facility": {"code": 12309}}, {"service": {"name": "Focused Antenatal Care"}, "facility": {"code": 16995}}, {"service": {"name": "Integrated Services"}, "facility": {"code": 16995}}, {"service": {"name": "Paediatric Antiretroviral Therapy"}, "facility": {"code": 16995}}, {"service": {"name": "Diagnostic Counselling and Testing"}, "facility": {"code": 16995}}, {"service": {"name": "Management of STIs"}, "facility": {"code": 16995}}, {"service": {"name": "Emergency Obstetric Care"}, "facility": {"code": 12365}}, {"service": {"name": "Environmental Health Services"}, "facility": {"code": 12365}}, {"service": {"name": "Integrated Management of Childhood Illnesses"}, "facility": {"code": 12365}}, {"service": {"name": "Laboratory Services"}, "facility": {"code": 12365}}, {"service": {"name": "Surgical Services"}, "facility": {"code": 12365}}, {"service": {"name": "Maternity Services"}, "facility": {"code": 12365}}, {"service": {"name": "Curative Services"}, "facility": {"code": 12365}}, {"service": {"name": "First Line Treatment"}, "facility": {"code": 12365}}, {"service": {"name": "Smear Microscopy"}, "facility": {"code": 12365}}, {"service": {"name": "Immunization with additional vaccines"}, "facility": {"code": 12365}}, {"service": {"name": "Basic Immunization"}, "facility": {"code": 12365}}, {"service": {"name": "Focused Antenatal Care"}, "facility": {"code": 12365}}, {"service": {"name": "Long Term FP"}, "facility": {"code": 12365}}, {"service": {"name": "Short Term FP"}, "facility": {"code": 12365}}, {"service": {"name": "Home Based Care"}, "facility": {"code": 12365}}, {"service": {"name": "Adult Antiretroviral Therapy"}, "facility": {"code": 12365}}, {"service": {"name": "Paediatric Antiretroviral Therapy"}, "facility": {"code": 12365}}, {"service": {"name": "Post Exposure Prophylaxis"}, "facility": {"code": 12365}}, {"service": {"name": "Voluntary Male Circumcision"}, "facility": {"code": 12365}}, {"service": {"name": "PMTCT - Maternity"}, "facility": {"code": 12365}}, {"service": {"name": "PMTCT - ANC"}, "facility": {"code": 12365}}, {"service": {"name": "Early Infant Diagnosis"}, "facility": {"code": 12365}}, {"service": {"name": "Diagnostic Counselling and Testing"}, "facility": {"code": 12365}}, {"service": {"name": "Management of STIs"}, "facility": {"code": 12365}}, {"service": {"name": "Condom Promotion and Distribution"}, "facility": {"code": 12365}}, {"service": {"name": "Emergency Preparedness"}, "facility": {"code": 12314}}, {"service": {"name": "Emergency Obstetric Care"}, "facility": {"code": 12583}}, {"service": {"name": "Emergency Obstetric Care"}, "facility": {"code": 12314}}, {"service": {"name": "Environmental Health Services"}, "facility": {"code": 12314}}, {"service": {"name": "Services for Sexual Violence Survivors"}, "facility": {"code": 12314}}, {"service": {"name": "Mental Health Services"}, "facility": {"code": 12314}}, {"service": {"name": "Laboratory Services"}, "facility": {"code": 12583}}, {"service": {"name": "Opthalmic Services"}, "facility": {"code": 12314}}, {"service": {"name": "Curative Services"}, "facility": {"code": 12583}}, {"service": {"name": "Nutrition Services"}, "facility": {"code": 12314}}, {"service": {"name": "First Line Treatment"}, "facility": {"code": 12583}}, {"service": {"name": "Integrated Management of Childhood Illnesses"}, "facility": {"code": 12314}}, {"service": {"name": "Ambulance Sevices"}, "facility": {"code": 12314}}, {"service": {"name": "Laboratory Services"}, "facility": {"code": 12314}}, {"service": {"name": "Basic Immunization"}, "facility": {"code": 12583}}, {"service": {"name": "Focused Antenatal Care"}, "facility": {"code": 12583}}, {"service": {"name": "Surgical Services"}, "facility": {"code": 12314}}, {"service": {"name": "Maternity Services"}, "facility": {"code": 12314}}, {"service": {"name": "Curative Services"}, "facility": {"code": 12314}}, {"service": {"name": "Long Term FP"}, "facility": {"code": 12583}}, {"service": {"name": "Short Term FP"}, "facility": {"code": 12583}}, {"service": {"name": "First Line Treatment"}, "facility": {"code": 12314}}, {"service": {"name": "Smear Microscopy"}, "facility": {"code": 12314}}, {"service": {"name": "PMTCT - ANC"}, "facility": {"code": 12583}}, {"service": {"name": "Specialized ANC"}, "facility": {"code": 12314}}, {"service": {"name": "Focused Antenatal Care"}, "facility": {"code": 12314}}, {"service": {"name": "Diagnostic Counselling and Testing"}, "facility": {"code": 12583}}, {"service": {"name": "Provider Initiated Counselling and Testing"}, "facility": {"code": 12583}}, {"service": {"name": "Management of STIs"}, "facility": {"code": 12583}}, {"service": {"name": "Condom Promotion and Distribution"}, "facility": {"code": 12583}}, {"service": {"name": "Permanent FP"}, "facility": {"code": 12314}}, {"service": {"name": "Curative Services"}, "facility": {"code": 17143}}, {"service": {"name": "Long Term FP"}, "facility": {"code": 12314}}, {"service": {"name": "Basic Immunization"}, "facility": {"code": 17143}}, {"service": {"name": "Short Term FP"}, "facility": {"code": 12314}}, {"service": {"name": "Home Based Care"}, "facility": {"code": 12314}}, {"service": {"name": "Adult Antiretroviral Therapy"}, "facility": {"code": 12314}}, {"service": {"name": "Paediatric Antiretroviral Therapy"}, "facility": {"code": 12314}}, {"service": {"name": "Focused Antenatal Care"}, "facility": {"code": 17143}}, {"service": {"name": "Post Exposure Prophylaxis"}, "facility": {"code": 12314}}, {"service": {"name": "Voluntary Male Circumcision"}, "facility": {"code": 12314}}, {"service": {"name": "PMTCT - Maternity"}, "facility": {"code": 12314}}, {"service": {"name": "PMTCT - ANC"}, "facility": {"code": 12314}}, {"service": {"name": "Early Infant Diagnosis"}, "facility": {"code": 12314}}, {"service": {"name": "Diagnostic Counselling and Testing"}, "facility": {"code": 12314}}, {"service": {"name": "Provider Initiated Counselling and Testing"}, "facility": {"code": 12314}}, {"service": {"name": "Voluntary Counselling and Testing"}, "facility": {"code": 12314}}, {"service": {"name": "Management of STIs"}, "facility": {"code": 12314}}, {"service": {"name": "Condom Promotion and Distribution"}, "facility": {"code": 12314}}, {"service": {"name": "Emergency Preparedness"}, "facility": {"code": 16488}}, {"service": {"name": "ENT Services"}, "facility": {"code": 16488}}, {"service": {"name": "Oral Health Services (Dental Services)"}, "facility": {"code": 16488}}, {"service": {"name": "Emergency Obstetric Care"}, "facility": {"code": 16488}}, {"service": {"name": "Environmental Health Services"}, "facility": {"code": 16488}}, {"service": {"name": "Mental Health Services"}, "facility": {"code": 16488}}, {"service": {"name": "Opthalmic Services"}, "facility": {"code": 16488}}, {"service": {"name": "Nutrition Services"}, "facility": {"code": 16488}}, {"service": {"name": "Integrated Management of Childhood Illnesses"}, "facility": {"code": 16488}}, {"service": {"name": "Laboratory Services"}, "facility": {"code": 16488}}, {"service": {"name": "Maternity Services"}, "facility": {"code": 16488}}, {"service": {"name": "Curative Services"}, "facility": {"code": 16488}}, {"service": {"name": "First Line Treatment"}, "facility": {"code": 16488}}, {"service": {"name": "Basic Immunization"}, "facility": {"code": 16488}}, {"service": {"name": "Focused Antenatal Care"}, "facility": {"code": 16488}}, {"service": {"name": "Integrated Services"}, "facility": {"code": 16488}}, {"service": {"name": "Short Term FP"}, "facility": {"code": 16488}}, {"service": {"name": "Home Based Care"}, "facility": {"code": 16488}}, {"service": {"name": "Post Exposure Prophylaxis"}, "facility": {"code": 16488}}, {"service": {"name": "Voluntary Male Circumcision"}, "facility": {"code": 16488}}, {"service": {"name": "Emergency Obstetric Care"}, "facility": {"code": 12306}}, {"service": {"name": "PMTCT - Maternity"}, "facility": {"code": 16488}}, {"service": {"name": "PMTCT - ANC"}, "facility": {"code": 16488}}, {"service": {"name": "Early Infant Diagnosis"}, "facility": {"code": 16488}}, {"service": {"name": "Diagnostic Counselling and Testing"}, "facility": {"code": 16488}}, {"service": {"name": "Provider Initiated Counselling and Testing"}, "facility": {"code": 16488}}, {"service": {"name": "Voluntary Counselling and Testing"}, "facility": {"code": 16488}}, {"service": {"name": "Management of STIs"}, "facility": {"code": 16488}}, {"service": {"name": "Condom Promotion and Distribution"}, "facility": {"code": 16488}}, {"service": {"name": "Nutrition Services"}, "facility": {"code": 12306}}, {"service": {"name": "Integrated Management of Childhood Illnesses"}, "facility": {"code": 12306}}, {"service": {"name": "Ambulance Sevices"}, "facility": {"code": 12306}}, {"service": {"name": "Laboratory Services"}, "facility": {"code": 12306}}, {"service": {"name": "Surgical Services"}, "facility": {"code": 12306}}, {"service": {"name": "Maternity Services"}, "facility": {"code": 12306}}, {"service": {"name": "Curative Services"}, "facility": {"code": 12306}}, {"service": {"name": "First Line Treatment"}, "facility": {"code": 12306}}, {"service": {"name": "Smear Microscopy"}, "facility": {"code": 12306}}, {"service": {"name": "Immunization with additional vaccines"}, "facility": {"code": 12306}}, {"service": {"name": "Basic Immunization"}, "facility": {"code": 12306}}, {"service": {"name": "Specialized ANC"}, "facility": {"code": 12306}}, {"service": {"name": "Focused Antenatal Care"}, "facility": {"code": 12306}}, {"service": {"name": "Adult Antiretroviral Therapy"}, "facility": {"code": 12306}}, {"service": {"name": "Paediatric Antiretroviral Therapy"}, "facility": {"code": 12306}}, {"service": {"name": "Post Exposure Prophylaxis"}, "facility": {"code": 12306}}, {"service": {"name": "PMTCT - Maternity"}, "facility": {"code": 12306}}, {"service": {"name": "PMTCT - ANC"}, "facility": {"code": 12306}}, {"service": {"name": "Early Infant Diagnosis"}, "facility": {"code": 12306}}, {"service": {"name": "Diagnostic Counselling and Testing"}, "facility": {"code": 12306}}, {"service": {"name": "Provider Initiated Counselling and Testing"}, "facility": {"code": 12306}}, {"service": {"name": "Voluntary Counselling and Testing"}, "facility": {"code": 12306}}, {"service": {"name": "Management of STIs"}, "facility": {"code": 12306}}, {"service": {"name": "Emergency Preparedness"}, "facility": {"code": 15952}}, {"service": {"name": "ENT Services"}, "facility": {"code": 15952}}, {"service": {"name": "Oral Health Services (Dental Services)"}, "facility": {"code": 15952}}, {"service": {"name": "Emergency Obstetric Care"}, "facility": {"code": 15952}}, {"service": {"name": "Environmental Health Services"}, "facility": {"code": 15952}}, {"service": {"name": "Rehabilitative Health Services - Physiotherapy"}, "facility": {"code": 15952}}, {"service": {"name": "Services for Sexual Violence Survivors"}, "facility": {"code": 15952}}, {"service": {"name": "Mental Health Services"}, "facility": {"code": 15952}}, {"service": {"name": "Opthalmic Services"}, "facility": {"code": 15952}}, {"service": {"name": "Nutrition Services"}, "facility": {"code": 15952}}, {"service": {"name": "Integrated Management of Childhood Illnesses"}, "facility": {"code": 15952}}, {"service": {"name": "Ambulance Sevices"}, "facility": {"code": 15952}}, {"service": {"name": "Laboratory Services"}, "facility": {"code": 15952}}, {"service": {"name": "Radiology Services"}, "facility": {"code": 15952}}, {"service": {"name": "Surgical Services"}, "facility": {"code": 15952}}, {"service": {"name": "Curative Services"}, "facility": {"code": 15952}}, {"service": {"name": "First Line Treatment"}, "facility": {"code": 15952}}, {"service": {"name": "Smear Microscopy"}, "facility": {"code": 15952}}, {"service": {"name": "Basic Immunization"}, "facility": {"code": 15952}}, {"service": {"name": "Integrated Services"}, "facility": {"code": 15952}}, {"service": {"name": "Long Term FP"}, "facility": {"code": 15952}}, {"service": {"name": "Short Term FP"}, "facility": {"code": 15952}}, {"service": {"name": "Home Based Care"}, "facility": {"code": 15952}}, {"service": {"name": "Provider Initiated Counselling and Testing"}, "facility": {"code": 15952}}, {"service": {"name": "Post Exposure Prophylaxis"}, "facility": {"code": 15952}}, {"service": {"name": "Voluntary Male Circumcision"}, "facility": {"code": 15952}}, {"service": {"name": "PMTCT - Maternity"}, "facility": {"code": 15952}}, {"service": {"name": "PMTCT - ANC"}, "facility": {"code": 15952}}, {"service": {"name": "Early Infant Diagnosis"}, "facility": {"code": 15952}}, {"service": {"name": "Diagnostic Counselling and Testing"}, "facility": {"code": 15952}}, {"service": {"name": "Voluntary Counselling and Testing"}, "facility": {"code": 15952}}, {"service": {"name": "Management of STIs"}, "facility": {"code": 15952}}, {"service": {"name": "Condom Promotion and Distribution"}, "facility": {"code": 15952}}, {"service": {"name": "ENT Services"}, "facility": {"code": 12457}}, {"service": {"name": "Dental Laboratory Services"}, "facility": {"code": 12457}}, {"service": {"name": "Oral Health Services (Dental Services)"}, "facility": {"code": 12457}}, {"service": {"name": "Emergency Obstetric Care"}, "facility": {"code": 12457}}, {"service": {"name": "Environmental Health Services"}, "facility": {"code": 12457}}, {"service": {"name": "Rehabilitative Health Services - Physiotherapy"}, "facility": {"code": 12457}}, {"service": {"name": "Services for Sexual Violence Survivors"}, "facility": {"code": 12457}}, {"service": {"name": "Mental Health Services"}, "facility": {"code": 12457}}, {"service": {"name": "Opthalmic Services"}, "facility": {"code": 12457}}, {"service": {"name": "Nutrition Services"}, "facility": {"code": 12457}}, {"service": {"name": "Integrated Management of Childhood Illnesses"}, "facility": {"code": 12457}}, {"service": {"name": "Ambulance Sevices"}, "facility": {"code": 12457}}, {"service": {"name": "Laboratory Services"}, "facility": {"code": 12457}}, {"service": {"name": "Radiology Services"}, "facility": {"code": 12457}}, {"service": {"name": "Surgical Services"}, "facility": {"code": 12457}}, {"service": {"name": "Maternity Services"}, "facility": {"code": 12457}}, {"service": {"name": "Curative Services"}, "facility": {"code": 12457}}, {"service": {"name": "Mortuary Services"}, "facility": {"code": 12457}}, {"service": {"name": "Port Health Services"}, "facility": {"code": 12457}}, {"service": {"name": "Services for Female Genital Mutilation (FGM) Survivors"}, "facility": {"code": 12457}}, {"service": {"name": "Facility Based Blood Transfusion Service"}, "facility": {"code": 12457}}, {"service": {"name": "Facility Based Blood Collection Service"}, "facility": {"code": 12457}}, {"service": {"name": "Rehabilitative Health Services - Orthopaedic Technology"}, "facility": {"code": 12457}}, {"service": {"name": "Rehabilitative Health Services - Occupational Health"}, "facility": {"code": 12457}}, {"service": {"name": "MDRTB Treatment"}, "facility": {"code": 12457}}, {"service": {"name": "First Line Treatment"}, "facility": {"code": 12457}}, {"service": {"name": "Tuberculosis Culture"}, "facility": {"code": 12457}}, {"service": {"name": "Smear Microscopy"}, "facility": {"code": 12457}}, {"service": {"name": "Port Immunization Services"}, "facility": {"code": 12457}}, {"service": {"name": "Immunization with additional vaccines"}, "facility": {"code": 12457}}, {"service": {"name": "Basic Immunization"}, "facility": {"code": 12457}}, {"service": {"name": "Specialized ANC"}, "facility": {"code": 12457}}, {"service": {"name": "Emergency Obstetric Care"}, "facility": {"code": 17142}}, {"service": {"name": "Focused Antenatal Care"}, "facility": {"code": 12457}}, {"service": {"name": "Stand Alone Services"}, "facility": {"code": 12457}}, {"service": {"name": "Integrated Services"}, "facility": {"code": 12457}}, {"service": {"name": "Permanent FP"}, "facility": {"code": 12457}}, {"service": {"name": "Long Term FP"}, "facility": {"code": 12457}}, {"service": {"name": "Short Term FP"}, "facility": {"code": 12457}}, {"service": {"name": "Home Based Care"}, "facility": {"code": 12457}}, {"service": {"name": "Curative Services"}, "facility": {"code": 17142}}, {"service": {"name": "Adult Antiretroviral Therapy"}, "facility": {"code": 12457}}, {"service": {"name": "Paediatric Antiretroviral Therapy"}, "facility": {"code": 12457}}, {"service": {"name": "Post Exposure Prophylaxis"}, "facility": {"code": 12457}}, {"service": {"name": "Voluntary Male Circumcision"}, "facility": {"code": 12457}}, {"service": {"name": "Short Term FP"}, "facility": {"code": 17142}}, {"service": {"name": "PMTCT - Maternity"}, "facility": {"code": 12457}}, {"service": {"name": "PMTCT - ANC"}, "facility": {"code": 12457}}, {"service": {"name": "Early Infant Diagnosis"}, "facility": {"code": 12457}}, {"service": {"name": "Diagnostic Counselling and Testing"}, "facility": {"code": 12457}}, {"service": {"name": "Provider Initiated Counselling and Testing"}, "facility": {"code": 12457}}, {"service": {"name": "Basic Immunization"}, "facility": {"code": 17142}}, {"service": {"name": "Voluntary Counselling and Testing"}, "facility": {"code": 12457}}, {"service": {"name": "Management of STIs"}, "facility": {"code": 12457}}, {"service": {"name": "Condom Promotion and Distribution"}, "facility": {"code": 12457}}, {"service": {"name": "Focused Antenatal Care"}, "facility": {"code": 17142}}, {"service": {"name": "Opthalmic Services"}, "facility": {"code": 16153}}, {"service": {"name": "Long Term FP"}, "facility": {"code": 17142}}, {"service": {"name": "Curative Services"}, "facility": {"code": 16153}}, {"service": {"name": "Emergency Preparedness"}, "facility": {"code": 16153}}, {"service": {"name": "ENT Services"}, "facility": {"code": 16153}}, {"service": {"name": "Oral Health Services (Dental Services)"}, "facility": {"code": 16153}}, {"service": {"name": "Emergency Obstetric Care"}, "facility": {"code": 16153}}, {"service": {"name": "Environmental Health Services"}, "facility": {"code": 16153}}, {"service": {"name": "Voluntary Male Circumcision"}, "facility": {"code": 17142}}, {"service": {"name": "Mental Health Services"}, "facility": {"code": 16153}}, {"service": {"name": "Nutrition Services"}, "facility": {"code": 16153}}, {"service": {"name": "Integrated Management of Childhood Illnesses"}, "facility": {"code": 16153}}, {"service": {"name": "Laboratory Services"}, "facility": {"code": 16153}}, {"service": {"name": "Maternity Services"}, "facility": {"code": 16153}}, {"service": {"name": "Voluntary Counselling and Testing"}, "facility": {"code": 17142}}, {"service": {"name": "Management of STIs"}, "facility": {"code": 17142}}, {"service": {"name": "Condom Promotion and Distribution"}, "facility": {"code": 17142}}, {"service": {"name": "First Line Treatment"}, "facility": {"code": 16153}}, {"service": {"name": "Basic Immunization"}, "facility": {"code": 16153}}, {"service": {"name": "Focused Antenatal Care"}, "facility": {"code": 16153}}, {"service": {"name": "Integrated Services"}, "facility": {"code": 16153}}, {"service": {"name": "Long Term FP"}, "facility": {"code": 16153}}, {"service": {"name": "Short Term FP"}, "facility": {"code": 16153}}, {"service": {"name": "Home Based Care"}, "facility": {"code": 16153}}, {"service": {"name": "Post Exposure Prophylaxis"}, "facility": {"code": 16153}}, {"service": {"name": "Voluntary Male Circumcision"}, "facility": {"code": 16153}}, {"service": {"name": "PMTCT - Maternity"}, "facility": {"code": 16153}}, {"service": {"name": "PMTCT - ANC"}, "facility": {"code": 16153}}, {"service": {"name": "Early Infant Diagnosis"}, "facility": {"code": 16153}}, {"service": {"name": "Diagnostic Counselling and Testing"}, "facility": {"code": 16153}}, {"service": {"name": "Provider Initiated Counselling and Testing"}, "facility": {"code": 16153}}, {"service": {"name": "Voluntary Counselling and Testing"}, "facility": {"code": 16153}}, {"service": {"name": "Management of STIs"}, "facility": {"code": 16153}}, {"service": {"name": "Condom Promotion and Distribution"}, "facility": {"code": 16153}}, {"service": {"name": "Dental Laboratory Services"}, "facility": {"code": 16025}}, {"service": {"name": "Oral Health Services (Dental Services)"}, "facility": {"code": 16025}}, {"service": {"name": "Emergency Obstetric Care"}, "facility": {"code": 16025}}, {"service": {"name": "Curative Services"}, "facility": {"code": 16025}}, {"service": {"name": "Environmental Health Services"}, "facility": {"code": 16025}}, {"service": {"name": "Rehabilitative Health Services - Physiotherapy"}, "facility": {"code": 16025}}, {"service": {"name": "Services for Sexual Violence Survivors"}, "facility": {"code": 16025}}, {"service": {"name": "Mental Health Services"}, "facility": {"code": 16025}}, {"service": {"name": "Opthalmic Services"}, "facility": {"code": 16025}}, {"service": {"name": "Nutrition Services"}, "facility": {"code": 16025}}, {"service": {"name": "Integrated Management of Childhood Illnesses"}, "facility": {"code": 16025}}, {"service": {"name": "Ambulance Sevices"}, "facility": {"code": 16025}}, {"service": {"name": "Laboratory Services"}, "facility": {"code": 16025}}, {"service": {"name": "Radiology Services"}, "facility": {"code": 16025}}, {"service": {"name": "Surgical Services"}, "facility": {"code": 16025}}, {"service": {"name": "Maternity Services"}, "facility": {"code": 16025}}, {"service": {"name": "Mortuary Services"}, "facility": {"code": 16025}}, {"service": {"name": "Facility Based Blood Transfusion Service"}, "facility": {"code": 16025}}, {"service": {"name": "Facility Based Blood Collection Service"}, "facility": {"code": 16025}}, {"service": {"name": "First Line Treatment"}, "facility": {"code": 16025}}, {"service": {"name": "Tuberculosis Culture"}, "facility": {"code": 16025}}, {"service": {"name": "MDRTB Treatment"}, "facility": {"code": 16025}}, {"service": {"name": "Smear Microscopy"}, "facility": {"code": 16025}}, {"service": {"name": "Immunization with additional vaccines"}, "facility": {"code": 16025}}, {"service": {"name": "Basic Immunization"}, "facility": {"code": 16025}}, {"service": {"name": "Focused Antenatal Care"}, "facility": {"code": 16025}}, {"service": {"name": "Integrated Services"}, "facility": {"code": 16025}}, {"service": {"name": "Permanent FP"}, "facility": {"code": 16025}}, {"service": {"name": "Long Term FP"}, "facility": {"code": 16025}}, {"service": {"name": "Short Term FP"}, "facility": {"code": 16025}}, {"service": {"name": "Home Based Care"}, "facility": {"code": 16025}}, {"service": {"name": "Adult Antiretroviral Therapy"}, "facility": {"code": 16025}}, {"service": {"name": "Paediatric Antiretroviral Therapy"}, "facility": {"code": 16025}}, {"service": {"name": "Early Infant Diagnosis"}, "facility": {"code": 16025}}, {"service": {"name": "Provider Initiated Counselling and Testing"}, "facility": {"code": 16025}}, {"service": {"name": "Voluntary Male Circumcision"}, "facility": {"code": 16025}}, {"service": {"name": "Diagnostic Counselling and Testing"}, "facility": {"code": 16025}}, {"service": {"name": "Voluntary Counselling and Testing"}, "facility": {"code": 16025}}, {"service": {"name": "Post Exposure Prophylaxis"}, "facility": {"code": 16025}}, {"service": {"name": "PMTCT - Maternity"}, "facility": {"code": 16025}}, {"service": {"name": "PMTCT - ANC"}, "facility": {"code": 16025}}, {"service": {"name": "Management of STIs"}, "facility": {"code": 16025}}, {"service": {"name": "Condom Promotion and Distribution"}, "facility": {"code": 16025}}, {"service": {"name": "Curative Services"}, "facility": {"code": 17139}}, {"service": {"name": "Basic Immunization"}, "facility": {"code": 17139}}, {"service": {"name": "Short Term FP"}, "facility": {"code": 17139}}, {"service": {"name": "Curative Services"}, "facility": {"code": 17138}}, {"service": {"name": "Basic Immunization"}, "facility": {"code": 17138}}, {"service": {"name": "Short Term FP"}, "facility": {"code": 17138}}, {"service": {"name": "Curative Services"}, "facility": {"code": 17137}}, {"service": {"name": "Basic Immunization"}, "facility": {"code": 17137}}, {"service": {"name": "Environmental Health Services"}, "facility": {"code": 11936}}, {"service": {"name": "Integrated Management of Childhood Illnesses"}, "facility": {"code": 11936}}, {"service": {"name": "Tuberculosis Culture"}, "facility": {"code": 11936}}, {"service": {"name": "Smear Microscopy"}, "facility": {"code": 11936}}, {"service": {"name": "First Line Treatment"}, "facility": {"code": 11936}}, {"service": {"name": "Focused Antenatal Care"}, "facility": {"code": 11936}}, {"service": {"name": "Basic Immunization"}, "facility": {"code": 11936}}, {"service": {"name": "Laboratory Services"}, "facility": {"code": 11936}}, {"service": {"name": "Surgical Services"}, "facility": {"code": 11936}}, {"service": {"name": "Maternity Services"}, "facility": {"code": 11936}}, {"service": {"name": "Curative Services"}, "facility": {"code": 11936}}, {"service": {"name": "Short Term FP"}, "facility": {"code": 11936}}, {"service": {"name": "Permanent FP"}, "facility": {"code": 11936}}, {"service": {"name": "Long Term FP"}, "facility": {"code": 11936}}, {"service": {"name": "Voluntary Counselling and Testing"}, "facility": {"code": 11936}}, {"service": {"name": "Home Based Care"}, "facility": {"code": 11936}}, {"service": {"name": "Paediatric Antiretroviral Therapy"}, "facility": {"code": 11936}}, {"service": {"name": "Post Exposure Prophylaxis"}, "facility": {"code": 11936}}, {"service": {"name": "PMTCT - Maternity"}, "facility": {"code": 11936}}, {"service": {"name": "PMTCT - ANC"}, "facility": {"code": 11936}}, {"service": {"name": "Early Infant Diagnosis"}, "facility": {"code": 11936}}, {"service": {"name": "Diagnostic Counselling and Testing"}, "facility": {"code": 11936}}, {"service": {"name": "Provider Initiated Counselling and Testing"}, "facility": {"code": 11936}}, {"service": {"name": "Condom Promotion and Distribution"}, "facility": {"code": 11936}}, {"service": {"name": "Management of STIs"}, "facility": {"code": 11936}}, {"service": {"name": "Emergency Preparedness"}, "facility": {"code": 17136}}, {"service": {"name": "ENT Services"}, "facility": {"code": 17136}}, {"service": {"name": "Dental Laboratory Services"}, "facility": {"code": 17136}}, {"service": {"name": "Emergency Obstetric Care"}, "facility": {"code": 17136}}, {"service": {"name": "Environmental Health Services"}, "facility": {"code": 17136}}, {"service": {"name": "Rehabilitative Health Services - Physiotherapy"}, "facility": {"code": 17136}}, {"service": {"name": "Services for Sexual Violence Survivors"}, "facility": {"code": 17136}}, {"service": {"name": "Mental Health Services"}, "facility": {"code": 17136}}, {"service": {"name": "Opthalmic Services"}, "facility": {"code": 17136}}, {"service": {"name": "Nutrition Services"}, "facility": {"code": 17136}}, {"service": {"name": "Integrated Management of Childhood Illnesses"}, "facility": {"code": 17136}}, {"service": {"name": "Ambulance Sevices"}, "facility": {"code": 17136}}, {"service": {"name": "Laboratory Services"}, "facility": {"code": 17136}}, {"service": {"name": "Surgical Services"}, "facility": {"code": 17136}}, {"service": {"name": "Maternity Services"}, "facility": {"code": 17136}}, {"service": {"name": "Curative Services"}, "facility": {"code": 17136}}, {"service": {"name": "Permanent FP"}, "facility": {"code": 17136}}, {"service": {"name": "Long Term FP"}, "facility": {"code": 17136}}, {"service": {"name": "Short Term FP"}, "facility": {"code": 17136}}, {"service": {"name": "Adult Antiretroviral Therapy"}, "facility": {"code": 17136}}, {"service": {"name": "Paediatric Antiretroviral Therapy"}, "facility": {"code": 17136}}, {"service": {"name": "Post Exposure Prophylaxis"}, "facility": {"code": 17136}}, {"service": {"name": "PMTCT - Maternity"}, "facility": {"code": 17136}}, {"service": {"name": "PMTCT - ANC"}, "facility": {"code": 17136}}, {"service": {"name": "Early Infant Diagnosis"}, "facility": {"code": 17136}}, {"service": {"name": "Diagnostic Counselling and Testing"}, "facility": {"code": 17136}}, {"service": {"name": "Provider Initiated Counselling and Testing"}, "facility": {"code": 17136}}, {"service": {"name": "Management of STIs"}, "facility": {"code": 17136}}, {"service": {"name": "Condom Promotion and Distribution"}, "facility": {"code": 17136}}, {"service": {"name": "Dental Laboratory Services"}, "facility": {"code": 17135}}, {"service": {"name": "Emergency Preparedness"}, "facility": {"code": 17135}}, {"service": {"name": "ENT Services"}, "facility": {"code": 17135}}, {"service": {"name": "Oral Health Services (Dental Services)"}, "facility": {"code": 17135}}, {"service": {"name": "Emergency Obstetric Care"}, "facility": {"code": 17135}}, {"service": {"name": "Environmental Health Services"}, "facility": {"code": 17135}}, {"service": {"name": "Rehabilitative Health Services - Physiotherapy"}, "facility": {"code": 17135}}, {"service": {"name": "Services for Sexual Violence Survivors"}, "facility": {"code": 17135}}, {"service": {"name": "Mental Health Services"}, "facility": {"code": 17135}}, {"service": {"name": "Opthalmic Services"}, "facility": {"code": 17135}}, {"service": {"name": "Integrated Management of Childhood Illnesses"}, "facility": {"code": 17135}}, {"service": {"name": "Laboratory Services"}, "facility": {"code": 17135}}, {"service": {"name": "Radiology Services"}, "facility": {"code": 17135}}, {"service": {"name": "Surgical Services"}, "facility": {"code": 17135}}, {"service": {"name": "Curative Services"}, "facility": {"code": 17135}}, {"service": {"name": "Immunization with additional vaccines"}, "facility": {"code": 17135}}, {"service": {"name": "Basic Immunization"}, "facility": {"code": 17135}}, {"service": {"name": "Focused Antenatal Care"}, "facility": {"code": 17135}}, {"service": {"name": "Permanent FP"}, "facility": {"code": 17135}}, {"service": {"name": "Short Term FP"}, "facility": {"code": 17135}}, {"service": {"name": "Paediatric Antiretroviral Therapy"}, "facility": {"code": 17135}}, {"service": {"name": "Post Exposure Prophylaxis"}, "facility": {"code": 17135}}, {"service": {"name": "PMTCT - Maternity"}, "facility": {"code": 17135}}, {"service": {"name": "PMTCT - ANC"}, "facility": {"code": 17135}}, {"service": {"name": "Early Infant Diagnosis"}, "facility": {"code": 17135}}, {"service": {"name": "Diagnostic Counselling and Testing"}, "facility": {"code": 17135}}, {"service": {"name": "Provider Initiated Counselling and Testing"}, "facility": {"code": 17135}}, {"service": {"name": "Voluntary Counselling and Testing"}, "facility": {"code": 17135}}, {"service": {"name": "Management of STIs"}, "facility": {"code": 17135}}, {"service": {"name": "Condom Promotion and Distribution"}, "facility": {"code": 17135}}, {"service": {"name": "Emergency Obstetric Care"}, "facility": {"code": 17134}}, {"service": {"name": "Nutrition Services"}, "facility": {"code": 17134}}, {"service": {"name": "Integrated Management of Childhood Illnesses"}, "facility": {"code": 17134}}, {"service": {"name": "Laboratory Services"}, "facility": {"code": 17134}}, {"service": {"name": "Radiology Services"}, "facility": {"code": 17134}}, {"service": {"name": "Maternity Services"}, "facility": {"code": 17134}}, {"service": {"name": "Curative Services"}, "facility": {"code": 17134}}, {"service": {"name": "First Line Treatment"}, "facility": {"code": 17134}}, {"service": {"name": "Immunization with additional vaccines"}, "facility": {"code": 17134}}, {"service": {"name": "Basic Immunization"}, "facility": {"code": 17134}}, {"service": {"name": "Focused Antenatal Care"}, "facility": {"code": 17134}}, {"service": {"name": "Permanent FP"}, "facility": {"code": 17134}}, {"service": {"name": "Long Term FP"}, "facility": {"code": 17134}}, {"service": {"name": "Short Term FP"}, "facility": {"code": 17134}}, {"service": {"name": "Adult Antiretroviral Therapy"}, "facility": {"code": 17134}}, {"service": {"name": "Paediatric Antiretroviral Therapy"}, "facility": {"code": 17134}}, {"service": {"name": "Post Exposure Prophylaxis"}, "facility": {"code": 17134}}, {"service": {"name": "PMTCT - Maternity"}, "facility": {"code": 17134}}, {"service": {"name": "PMTCT - ANC"}, "facility": {"code": 17134}}, {"service": {"name": "Early Infant Diagnosis"}, "facility": {"code": 17134}}, {"service": {"name": "Diagnostic Counselling and Testing"}, "facility": {"code": 17134}}, {"service": {"name": "Provider Initiated Counselling and Testing"}, "facility": {"code": 17134}}, {"service": {"name": "Voluntary Counselling and Testing"}, "facility": {"code": 17134}}, {"service": {"name": "Management of STIs"}, "facility": {"code": 17134}}, {"service": {"name": "Condom Promotion and Distribution"}, "facility": {"code": 17134}}, {"service": {"name": "Voluntary Counselling and Testing"}, "facility": {"code": 15589}}, {"service": {"name": "Emergency Preparedness"}, "facility": {"code": 16867}}, {"service": {"name": "ENT Services"}, "facility": {"code": 16867}}, {"service": {"name": "Oral Health Services (Dental Services)"}, "facility": {"code": 16867}}, {"service": {"name": "Emergency Obstetric Care"}, "facility": {"code": 16867}}, {"service": {"name": "Mental Health Services"}, "facility": {"code": 16867}}, {"service": {"name": "Opthalmic Services"}, "facility": {"code": 16867}}, {"service": {"name": "Nutrition Services"}, "facility": {"code": 16867}}, {"service": {"name": "Curative Services"}, "facility": {"code": 16867}}, {"service": {"name": "Basic Immunization"}, "facility": {"code": 16867}}, {"service": {"name": "Focused Antenatal Care"}, "facility": {"code": 16867}}, {"service": {"name": "Short Term FP"}, "facility": {"code": 16867}}, {"service": {"name": "Home Based Care"}, "facility": {"code": 16867}}, {"service": {"name": "Provider Initiated Counselling and Testing"}, "facility": {"code": 16867}}, {"service": {"name": "Condom Promotion and Distribution"}, "facility": {"code": 16867}}, {"service": {"name": "Emergency Preparedness"}, "facility": {"code": 15804}}, {"service": {"name": "ENT Services"}, "facility": {"code": 15804}}, {"service": {"name": "Oral Health Services (Dental Services)"}, "facility": {"code": 15804}}, {"service": {"name": "Emergency Obstetric Care"}, "facility": {"code": 15804}}, {"service": {"name": "Environmental Health Services"}, "facility": {"code": 15804}}, {"service": {"name": "Mental Health Services"}, "facility": {"code": 15804}}, {"service": {"name": "Opthalmic Services"}, "facility": {"code": 15804}}, {"service": {"name": "Curative Services"}, "facility": {"code": 15804}}, {"service": {"name": "Emergency Obstetric Care"}, "facility": {"code": 14414}}, {"service": {"name": "Services for Sexual Violence Survivors"}, "facility": {"code": 14414}}, {"service": {"name": "Nutrition Services"}, "facility": {"code": 14414}}, {"service": {"name": "Laboratory Services"}, "facility": {"code": 14414}}, {"service": {"name": "Surgical Services"}, "facility": {"code": 14414}}, {"service": {"name": "Maternity Services"}, "facility": {"code": 14414}}, {"service": {"name": "Curative Services"}, "facility": {"code": 14414}}, {"service": {"name": "Specialized ANC"}, "facility": {"code": 14414}}, {"service": {"name": "Emergency Preparedness"}, "facility": {"code": 16006}}, {"service": {"name": "ENT Services"}, "facility": {"code": 16006}}, {"service": {"name": "Oral Health Services (Dental Services)"}, "facility": {"code": 16006}}, {"service": {"name": "Emergency Obstetric Care"}, "facility": {"code": 16006}}, {"service": {"name": "Mental Health Services"}, "facility": {"code": 16006}}, {"service": {"name": "Opthalmic Services"}, "facility": {"code": 16006}}, {"service": {"name": "Environmental Health Services"}, "facility": {"code": 16006}}, {"service": {"name": "Nutrition Services"}, "facility": {"code": 16006}}, {"service": {"name": "Curative Services"}, "facility": {"code": 16006}}, {"service": {"name": "Basic Immunization"}, "facility": {"code": 16006}}, {"service": {"name": "Focused Antenatal Care"}, "facility": {"code": 16006}}, {"service": {"name": "Short Term FP"}, "facility": {"code": 16006}}, {"service": {"name": "Home Based Care"}, "facility": {"code": 16006}}, {"service": {"name": "Condom Promotion and Distribution"}, "facility": {"code": 16006}}, {"service": {"name": "Emergency Preparedness"}, "facility": {"code": 15812}}, {"service": {"name": "ENT Services"}, "facility": {"code": 15812}}, {"service": {"name": "Oral Health Services (Dental Services)"}, "facility": {"code": 15812}}, {"service": {"name": "Emergency Obstetric Care"}, "facility": {"code": 15812}}, {"service": {"name": "Environmental Health Services"}, "facility": {"code": 15812}}, {"service": {"name": "Mental Health Services"}, "facility": {"code": 15812}}, {"service": {"name": "Opthalmic Services"}, "facility": {"code": 15812}}, {"service": {"name": "Nutrition Services"}, "facility": {"code": 15812}}, {"service": {"name": "Maternity Services"}, "facility": {"code": 15812}}, {"service": {"name": "Curative Services"}, "facility": {"code": 15812}}, {"service": {"name": "Basic Immunization"}, "facility": {"code": 15812}}, {"service": {"name": "Focused Antenatal Care"}, "facility": {"code": 15812}}, {"service": {"name": "Short Term FP"}, "facility": {"code": 15812}}, {"service": {"name": "Home Based Care"}, "facility": {"code": 15812}}, {"service": {"name": "Voluntary Counselling and Testing"}, "facility": {"code": 15812}}, {"service": {"name": "Provider Initiated Counselling and Testing"}, "facility": {"code": 15812}}, {"service": {"name": "Management of STIs"}, "facility": {"code": 15812}}, {"service": {"name": "Condom Promotion and Distribution"}, "facility": {"code": 15812}}, {"service": {"name": "Emergency Preparedness"}, "facility": {"code": 15934}}, {"service": {"name": "ENT Services"}, "facility": {"code": 15934}}, {"service": {"name": "Oral Health Services (Dental Services)"}, "facility": {"code": 15934}}, {"service": {"name": "Emergency Obstetric Care"}, "facility": {"code": 15934}}, {"service": {"name": "Environmental Health Services"}, "facility": {"code": 15934}}, {"service": {"name": "Opthalmic Services"}, "facility": {"code": 15934}}, {"service": {"name": "Nutrition Services"}, "facility": {"code": 15934}}, {"service": {"name": "Maternity Services"}, "facility": {"code": 15934}}, {"service": {"name": "Curative Services"}, "facility": {"code": 15934}}, {"service": {"name": "Basic Immunization"}, "facility": {"code": 15934}}, {"service": {"name": "Focused Antenatal Care"}, "facility": {"code": 15934}}, {"service": {"name": "Short Term FP"}, "facility": {"code": 15934}}, {"service": {"name": "Provider Initiated Counselling and Testing"}, "facility": {"code": 15934}}, {"service": {"name": "Home Based Care"}, "facility": {"code": 15934}}, {"service": {"name": "Management of STIs"}, "facility": {"code": 15934}}, {"service": {"name": "Condom Promotion and Distribution"}, "facility": {"code": 15934}}, {"service": {"name": "Emergency Preparedness"}, "facility": {"code": 16147}}, {"service": {"name": "ENT Services"}, "facility": {"code": 16147}}, {"service": {"name": "Oral Health Services (Dental Services)"}, "facility": {"code": 16147}}, {"service": {"name": "Emergency Obstetric Care"}, "facility": {"code": 16147}}, {"service": {"name": "Environmental Health Services"}, "facility": {"code": 16147}}, {"service": {"name": "Opthalmic Services"}, "facility": {"code": 16147}}, {"service": {"name": "Nutrition Services"}, "facility": {"code": 16147}}, {"service": {"name": "Maternity Services"}, "facility": {"code": 16147}}, {"service": {"name": "Curative Services"}, "facility": {"code": 16147}}, {"service": {"name": "Basic Immunization"}, "facility": {"code": 16147}}, {"service": {"name": "Focused Antenatal Care"}, "facility": {"code": 16147}}, {"service": {"name": "Short Term FP"}, "facility": {"code": 16147}}, {"service": {"name": "Home Based Care"}, "facility": {"code": 16147}}, {"service": {"name": "Provider Initiated Counselling and Testing"}, "facility": {"code": 16147}}, {"service": {"name": "Condom Promotion and Distribution"}, "facility": {"code": 16147}}, {"service": {"name": "Emergency Preparedness"}, "facility": {"code": 15882}}, {"service": {"name": "ENT Services"}, "facility": {"code": 15882}}, {"service": {"name": "Oral Health Services (Dental Services)"}, "facility": {"code": 15882}}, {"service": {"name": "Emergency Obstetric Care"}, "facility": {"code": 15882}}, {"service": {"name": "Environmental Health Services"}, "facility": {"code": 15882}}, {"service": {"name": "Maternity Services"}, "facility": {"code": 15882}}, {"service": {"name": "Nutrition Services"}, "facility": {"code": 15882}}, {"service": {"name": "Curative Services"}, "facility": {"code": 15882}}, {"service": {"name": "Focused Antenatal Care"}, "facility": {"code": 15882}}, {"service": {"name": "Basic Immunization"}, "facility": {"code": 15882}}, {"service": {"name": "Management of STIs"}, "facility": {"code": 15882}}, {"service": {"name": "Condom Promotion and Distribution"}, "facility": {"code": 15882}}, {"service": {"name": "Emergency Preparedness"}, "facility": {"code": 17133}}, {"service": {"name": "ENT Services"}, "facility": {"code": 17133}}, {"service": {"name": "Oral Health Services (Dental Services)"}, "facility": {"code": 17133}}, {"service": {"name": "Emergency Obstetric Care"}, "facility": {"code": 17133}}, {"service": {"name": "Opthalmic Services"}, "facility": {"code": 17133}}, {"service": {"name": "Environmental Health Services"}, "facility": {"code": 17133}}, {"service": {"name": "Nutrition Services"}, "facility": {"code": 17133}}, {"service": {"name": "Curative Services"}, "facility": {"code": 17133}}, {"service": {"name": "Basic Immunization"}, "facility": {"code": 17133}}, {"service": {"name": "Focused Antenatal Care"}, "facility": {"code": 17133}}, {"service": {"name": "Short Term FP"}, "facility": {"code": 17133}}, {"service": {"name": "Voluntary Counselling and Testing"}, "facility": {"code": 14741}}, {"service": {"name": "Management of STIs"}, "facility": {"code": 14741}}, {"service": {"name": "Home Based Care"}, "facility": {"code": 17133}}, {"service": {"name": "Management of STIs"}, "facility": {"code": 17133}}, {"service": {"name": "Condom Promotion and Distribution"}, "facility": {"code": 17133}}, {"service": {"name": "Emergency Preparedness"}, "facility": {"code": 15883}}, {"service": {"name": "ENT Services"}, "facility": {"code": 15883}}, {"service": {"name": "Oral Health Services (Dental Services)"}, "facility": {"code": 15883}}, {"service": {"name": "Emergency Obstetric Care"}, "facility": {"code": 15883}}, {"service": {"name": "Environmental Health Services"}, "facility": {"code": 15883}}, {"service": {"name": "Opthalmic Services"}, "facility": {"code": 15883}}, {"service": {"name": "Nutrition Services"}, "facility": {"code": 15883}}, {"service": {"name": "Curative Services"}, "facility": {"code": 15883}}, {"service": {"name": "Basic Immunization"}, "facility": {"code": 15883}}, {"service": {"name": "Focused Antenatal Care"}, "facility": {"code": 15883}}, {"service": {"name": "Short Term FP"}, "facility": {"code": 15883}}, {"service": {"name": "Home Based Care"}, "facility": {"code": 15883}}, {"service": {"name": "Management of STIs"}, "facility": {"code": 15883}}, {"service": {"name": "Condom Promotion and Distribution"}, "facility": {"code": 15883}}, {"service": {"name": "Services for Female Genital Mutilation (FGM) Survivors"}, "facility": {"code": 12438}}, {"service": {"name": "Rehabilitative Health Services - Orthopaedic Technology"}, "facility": {"code": 12438}}, {"service": {"name": "Rehabilitative Health Services - Occupational Health"}, "facility": {"code": 12438}}, {"service": {"name": "Emergency Preparedness"}, "facility": {"code": 12438}}, {"service": {"name": "ENT Services"}, "facility": {"code": 12438}}, {"service": {"name": "Dental Laboratory Services"}, "facility": {"code": 12438}}, {"service": {"name": "Oral Health Services (Dental Services)"}, "facility": {"code": 12438}}, {"service": {"name": "Emergency Obstetric Care"}, "facility": {"code": 12438}}, {"service": {"name": "Environmental Health Services"}, "facility": {"code": 12438}}, {"service": {"name": "Rehabilitative Health Services - Physiotherapy"}, "facility": {"code": 12438}}, {"service": {"name": "Services for Sexual Violence Survivors"}, "facility": {"code": 12438}}, {"service": {"name": "Mental Health Services"}, "facility": {"code": 12438}}, {"service": {"name": "Opthalmic Services"}, "facility": {"code": 12438}}, {"service": {"name": "Nutrition Services"}, "facility": {"code": 12438}}, {"service": {"name": "Integrated Management of Childhood Illnesses"}, "facility": {"code": 12438}}, {"service": {"name": "Ambulance Sevices"}, "facility": {"code": 12438}}, {"service": {"name": "Maternity Services"}, "facility": {"code": 12438}}, {"service": {"name": "Mortuary Services"}, "facility": {"code": 12438}}, {"service": {"name": "Facility Based Blood Transfusion Service"}, "facility": {"code": 12438}}, {"service": {"name": "Facility Based Blood Collection Service"}, "facility": {"code": 12438}}, {"service": {"name": "First Line Treatment"}, "facility": {"code": 12438}}, {"service": {"name": "Tuberculosis Culture"}, "facility": {"code": 12438}}, {"service": {"name": "Smear Microscopy"}, "facility": {"code": 12438}}, {"service": {"name": "Basic Immunization"}, "facility": {"code": 12438}}, {"service": {"name": "Focused Antenatal Care"}, "facility": {"code": 12438}}, {"service": {"name": "Permanent FP"}, "facility": {"code": 12438}}, {"service": {"name": "Long Term FP"}, "facility": {"code": 12438}}, {"service": {"name": "Short Term FP"}, "facility": {"code": 12438}}, {"service": {"name": "Adult Antiretroviral Therapy"}, "facility": {"code": 12438}}, {"service": {"name": "Paediatric Antiretroviral Therapy"}, "facility": {"code": 12438}}, {"service": {"name": "Diagnostic Counselling and Testing"}, "facility": {"code": 12438}}, {"service": {"name": "Early Infant Diagnosis"}, "facility": {"code": 12438}}, {"service": {"name": "Provider Initiated Counselling and Testing"}, "facility": {"code": 12438}}, {"service": {"name": "Post Exposure Prophylaxis"}, "facility": {"code": 12438}}, {"service": {"name": "Voluntary Male Circumcision"}, "facility": {"code": 12438}}, {"service": {"name": "PMTCT - Maternity"}, "facility": {"code": 12438}}, {"service": {"name": "PMTCT - ANC"}, "facility": {"code": 12438}}, {"service": {"name": "Management of STIs"}, "facility": {"code": 12438}}, {"service": {"name": "Condom Promotion and Distribution"}, "facility": {"code": 12438}}, {"service": {"name": "Laboratory Services"}, "facility": {"code": 12439}}, {"service": {"name": "Surgical Services"}, "facility": {"code": 12439}}, {"service": {"name": "Curative Services"}, "facility": {"code": 12439}}, {"service": {"name": "Short Term FP"}, "facility": {"code": 12439}}, {"service": {"name": "Management of STIs"}, "facility": {"code": 12439}}, {"service": {"name": "Diagnostic Counselling and Testing"}, "facility": {"code": 12439}}, {"service": {"name": "Provider Initiated Counselling and Testing"}, "facility": {"code": 12439}}, {"service": {"name": "Condom Promotion and Distribution"}, "facility": {"code": 12439}}], "unique_fields": ["facility", "service"], "model": "facilities.FacilityService"}]