[{"records": [{"service": {"name": "Basic Immunization"}, "facility": {"code": 14960}}, {"service": {"name": "Focused Antenatal Care"}, "facility": {"code": 14960}}, {"service": {"name": "PMTCT - Maternity"}, "facility": {"code": 14960}}, {"service": {"name": "PMTCT - ANC"}, "facility": {"code": 14960}}, {"service": {"name": "Diagnostic Counselling and Testing"}, "facility": {"code": 14960}}, {"service": {"name": "Provider Initiated Counselling and Testing"}, "facility": {"code": 14960}}, {"service": {"name": "Voluntary Counselling and Testing"}, "facility": {"code": 14960}}, {"service": {"name": "Management of STIs"}, "facility": {"code": 14960}}, {"service": {"name": "Environmental Health Services"}, "facility": {"code": 17029}}, {"service": {"name": "Nutrition Services"}, "facility": {"code": 17029}}, {"service": {"name": "Emergency Obstetric Care"}, "facility": {"code": 17029}}, {"service": {"name": "Integrated Management of Childhood Illnesses"}, "facility": {"code": 17029}}, {"service": {"name": "Maternity Services"}, "facility": {"code": 17029}}, {"service": {"name": "Curative Services"}, "facility": {"code": 17029}}, {"service": {"name": "First Line Treatment"}, "facility": {"code": 17029}}, {"service": {"name": "Basic Immunization"}, "facility": {"code": 17029}}, {"service": {"name": "Focused Antenatal Care"}, "facility": {"code": 17029}}, {"service": {"name": "Integrated Services"}, "facility": {"code": 17029}}, {"service": {"name": "Long Term FP"}, "facility": {"code": 17029}}, {"service": {"name": "Short Term FP"}, "facility": {"code": 17029}}, {"service": {"name": "PMTCT - Maternity"}, "facility": {"code": 17029}}, {"service": {"name": "PMTCT - ANC"}, "facility": {"code": 17029}}, {"service": {"name": "Diagnostic Counselling and Testing"}, "facility": {"code": 17029}}, {"service": {"name": "Provider Initiated Counselling and Testing"}, "facility": {"code": 17029}}, {"service": {"name": "Voluntary Counselling and Testing"}, "facility": {"code": 17029}}, {"service": {"name": "Management of STIs"}, "facility": {"code": 17029}}, {"service": {"name": "Condom Promotion and Distribution"}, "facility": {"code": 17029}}, {"service": {"name": "Emergency Obstetric Care"}, "facility": {"code": 15349}}, {"service": {"name": "Services for Sexual Violence Survivors"}, "facility": {"code": 15349}}, {"service": {"name": "Environmental Health Services"}, "facility": {"code": 15349}}, {"service": {"name": "Nutrition Services"}, "facility": {"code": 15349}}, {"service": {"name": "Integrated Management of Childhood Illnesses"}, "facility": {"code": 15349}}, {"service": {"name": "Maternity Services"}, "facility": {"code": 15349}}, {"service": {"name": "Curative Services"}, "facility": {"code": 15349}}, {"service": {"name": "Services for Female Genital Mutilation (FGM) Survivors"}, "facility": {"code": 15349}}, {"service": {"name": "First Line Treatment"}, "facility": {"code": 15349}}, {"service": {"name": "Basic Immunization"}, "facility": {"code": 15349}}, {"service": {"name": "Focused Antenatal Care"}, "facility": {"code": 15349}}, {"service": {"name": "Integrated Services"}, "facility": {"code": 15349}}, {"service": {"name": "Long Term FP"}, "facility": {"code": 15349}}, {"service": {"name": "Short Term FP"}, "facility": {"code": 15349}}, {"service": {"name": "Home Based Care"}, "facility": {"code": 15349}}, {"service": {"name": "Adult Antiretroviral Therapy"}, "facility": {"code": 15349}}, {"service": {"name": "Post Exposure Prophylaxis"}, "facility": {"code": 15349}}, {"service": {"name": "PMTCT - Maternity"}, "facility": {"code": 15349}}, {"service": {"name": "PMTCT - ANC"}, "facility": {"code": 15349}}, {"service": {"name": "Diagnostic Counselling and Testing"}, "facility": {"code": 15349}}, {"service": {"name": "Provider Initiated Counselling and Testing"}, "facility": {"code": 15349}}, {"service": {"name": "Voluntary Counselling and Testing"}, "facility": {"code": 15349}}, {"service": {"name": "Management of STIs"}, "facility": {"code": 15349}}, {"service": {"name": "Condom Promotion and Distribution"}, "facility": {"code": 15349}}, {"service": {"name": "Services for Female Genital Mutilation (FGM) Survivors"}, "facility": {"code": 15253}}, {"service": {"name": "Basic Immunization"}, "facility": {"code": 17027}}, {"service": {"name": "Emergency Obstetric Care"}, "facility": {"code": 14480}}, {"service": {"name": "Environmental Health Services"}, "facility": {"code": 14480}}, {"service": {"name": "Nutrition Services"}, "facility": {"code": 14480}}, {"service": {"name": "Integrated Management of Childhood Illnesses"}, "facility": {"code": 14480}}, {"service": {"name": "Maternity Services"}, "facility": {"code": 14480}}, {"service": {"name": "Curative Services"}, "facility": {"code": 14480}}, {"service": {"name": "Basic Immunization"}, "facility": {"code": 14480}}, {"service": {"name": "Focused Antenatal Care"}, "facility": {"code": 14480}}, {"service": {"name": "Integrated Services"}, "facility": {"code": 14480}}, {"service": {"name": "Short Term FP"}, "facility": {"code": 14480}}, {"service": {"name": "Post Exposure Prophylaxis"}, "facility": {"code": 14480}}, {"service": {"name": "PMTCT - Maternity"}, "facility": {"code": 14480}}, {"service": {"name": "Diagnostic Counselling and Testing"}, "facility": {"code": 14480}}, {"service": {"name": "Provider Initiated Counselling and Testing"}, "facility": {"code": 14480}}, {"service": {"name": "Voluntary Counselling and Testing"}, "facility": {"code": 14480}}, {"service": {"name": "Management of STIs"}, "facility": {"code": 14480}}, {"service": {"name": "Condom Promotion and Distribution"}, "facility": {"code": 14480}}, {"service": {"name": "Emergency Obstetric Care"}, "facility": {"code": 15253}}, {"service": {"name": "Environmental Health Services"}, "facility": {"code": 15253}}, {"service": {"name": "Services for Sexual Violence Survivors"}, "facility": {"code": 15253}}, {"service": {"name": "Nutrition Services"}, "facility": {"code": 15253}}, {"service": {"name": "Integrated Management of Childhood Illnesses"}, "facility": {"code": 15253}}, {"service": {"name": "Maternity Services"}, "facility": {"code": 15253}}, {"service": {"name": "Curative Services"}, "facility": {"code": 15253}}, {"service": {"name": "First Line Treatment"}, "facility": {"code": 15253}}, {"service": {"name": "Basic Immunization"}, "facility": {"code": 15253}}, {"service": {"name": "Focused Antenatal Care"}, "facility": {"code": 15253}}, {"service": {"name": "Long Term FP"}, "facility": {"code": 15253}}, {"service": {"name": "Short Term FP"}, "facility": {"code": 15253}}, {"service": {"name": "Home Based Care"}, "facility": {"code": 15253}}, {"service": {"name": "Adult Antiretroviral Therapy"}, "facility": {"code": 15253}}, {"service": {"name": "Post Exposure Prophylaxis"}, "facility": {"code": 15253}}, {"service": {"name": "Voluntary Male Circumcision"}, "facility": {"code": 15253}}, {"service": {"name": "PMTCT - Maternity"}, "facility": {"code": 15253}}, {"service": {"name": "PMTCT - ANC"}, "facility": {"code": 15253}}, {"service": {"name": "Provider Initiated Counselling and Testing"}, "facility": {"code": 15253}}, {"service": {"name": "Diagnostic Counselling and Testing"}, "facility": {"code": 15253}}, {"service": {"name": "Voluntary Counselling and Testing"}, "facility": {"code": 15253}}, {"service": {"name": "Management of STIs"}, "facility": {"code": 15253}}, {"service": {"name": "Condom Promotion and Distribution"}, "facility": {"code": 15253}}, {"service": {"name": "Emergency Obstetric Care"}, "facility": {"code": 14659}}, {"service": {"name": "Services for Female Genital Mutilation (FGM) Survivors"}, "facility": {"code": 14659}}, {"service": {"name": "First Line Treatment"}, "facility": {"code": 14659}}, {"service": {"name": "Smear Microscopy"}, "facility": {"code": 14659}}, {"service": {"name": "Long Term FP"}, "facility": {"code": 14659}}, {"service": {"name": "Short Term FP"}, "facility": {"code": 14659}}, {"service": {"name": "Home Based Care"}, "facility": {"code": 14659}}, {"service": {"name": "Adult Antiretroviral Therapy"}, "facility": {"code": 14659}}, {"service": {"name": "Paediatric Antiretroviral Therapy"}, "facility": {"code": 14659}}, {"service": {"name": "Post Exposure Prophylaxis"}, "facility": {"code": 14659}}, {"service": {"name": "PMTCT - Maternity"}, "facility": {"code": 14659}}, {"service": {"name": "Voluntary Male Circumcision"}, "facility": {"code": 14659}}, {"service": {"name": "PMTCT - ANC"}, "facility": {"code": 14659}}, {"service": {"name": "Diagnostic Counselling and Testing"}, "facility": {"code": 14659}}, {"service": {"name": "Provider Initiated Counselling and Testing"}, "facility": {"code": 14659}}, {"service": {"name": "Voluntary Counselling and Testing"}, "facility": {"code": 14659}}, {"service": {"name": "Management of STIs"}, "facility": {"code": 14659}}, {"service": {"name": "Condom Promotion and Distribution"}, "facility": {"code": 14659}}, {"service": {"name": "First Line Treatment"}, "facility": {"code": 14414}}, {"service": {"name": "Tuberculosis Culture"}, "facility": {"code": 14414}}, {"service": {"name": "Smear Microscopy"}, "facility": {"code": 14414}}, {"service": {"name": "Basic Immunization"}, "facility": {"code": 14414}}, {"service": {"name": "Focused Antenatal Care"}, "facility": {"code": 14414}}, {"service": {"name": "Integrated Services"}, "facility": {"code": 14414}}, {"service": {"name": "Permanent FP"}, "facility": {"code": 14414}}, {"service": {"name": "Long Term FP"}, "facility": {"code": 14414}}, {"service": {"name": "Short Term FP"}, "facility": {"code": 14414}}, {"service": {"name": "Adult Antiretroviral Therapy"}, "facility": {"code": 14414}}, {"service": {"name": "Paediatric Antiretroviral Therapy"}, "facility": {"code": 14414}}, {"service": {"name": "Post Exposure Prophylaxis"}, "facility": {"code": 14414}}, {"service": {"name": "Voluntary Male Circumcision"}, "facility": {"code": 14414}}, {"service": {"name": "PMTCT - Maternity"}, "facility": {"code": 14414}}, {"service": {"name": "PMTCT - ANC"}, "facility": {"code": 14414}}, {"service": {"name": "Early Infant Diagnosis"}, "facility": {"code": 14414}}, {"service": {"name": "Diagnostic Counselling and Testing"}, "facility": {"code": 14414}}, {"service": {"name": "Provider Initiated Counselling and Testing"}, "facility": {"code": 14414}}, {"service": {"name": "Voluntary Counselling and Testing"}, "facility": {"code": 14414}}, {"service": {"name": "Management of STIs"}, "facility": {"code": 14414}}, {"service": {"name": "Condom Promotion and Distribution"}, "facility": {"code": 14414}}, {"service": {"name": "Paediatric Antiretroviral Therapy"}, "facility": {"code": 14792}}, {"service": {"name": "Focused Antenatal Care"}, "facility": {"code": 14792}}, {"service": {"name": "Emergency Obstetric Care"}, "facility": {"code": 14792}}, {"service": {"name": "Nutrition Services"}, "facility": {"code": 14792}}, {"service": {"name": "Laboratory Services"}, "facility": {"code": 14792}}, {"service": {"name": "Maternity Services"}, "facility": {"code": 14792}}, {"service": {"name": "Curative Services"}, "facility": {"code": 14792}}, {"service": {"name": "First Line Treatment"}, "facility": {"code": 14792}}, {"service": {"name": "Smear Microscopy"}, "facility": {"code": 14792}}, {"service": {"name": "Immunization with additional vaccines"}, "facility": {"code": 14792}}, {"service": {"name": "Basic Immunization"}, "facility": {"code": 14792}}, {"service": {"name": "Long Term FP"}, "facility": {"code": 14792}}, {"service": {"name": "Short Term FP"}, "facility": {"code": 14792}}, {"service": {"name": "Adult Antiretroviral Therapy"}, "facility": {"code": 14792}}, {"service": {"name": "Post Exposure Prophylaxis"}, "facility": {"code": 14792}}, {"service": {"name": "PMTCT - Maternity"}, "facility": {"code": 14792}}, {"service": {"name": "PMTCT - ANC"}, "facility": {"code": 14792}}, {"service": {"name": "Early Infant Diagnosis"}, "facility": {"code": 14792}}, {"service": {"name": "Diagnostic Counselling and Testing"}, "facility": {"code": 14792}}, {"service": {"name": "Provider Initiated Counselling and Testing"}, "facility": {"code": 14792}}, {"service": {"name": "Voluntary Counselling and Testing"}, "facility": {"code": 14792}}, {"service": {"name": "Management of STIs"}, "facility": {"code": 14792}}, {"service": {"name": "Condom Promotion and Distribution"}, "facility": {"code": 14792}}, {"service": {"name": "Emergency Preparedness"}, "facility": {"code": 14752}}, {"service": {"name": "Emergency Obstetric Care"}, "facility": {"code": 14752}}, {"service": {"name": "Maternity Services"}, "facility": {"code": 14752}}, {"service": {"name": "Curative Services"}, "facility": {"code": 14752}}, {"service": {"name": "Basic Immunization"}, "facility": {"code": 14752}}, {"service": {"name": "Focused Antenatal Care"}, "facility": {"code": 14752}}, {"service": {"name": "Short Term FP"}, "facility": {"code": 14752}}, {"service": {"name": "PMTCT - Maternity"}, "facility": {"code": 14752}}, {"service": {"name": "PMTCT - ANC"}, "facility": {"code": 14752}}, {"service": {"name": "Diagnostic Counselling and Testing"}, "facility": {"code": 14752}}, {"service": {"name": "Provider Initiated Counselling and Testing"}, "facility": {"code": 14752}}, {"service": {"name": "Voluntary Counselling and Testing"}, "facility": {"code": 14752}}, {"service": {"name": "Management of STIs"}, "facility": {"code": 14752}}, {"service": {"name": "Condom Promotion and Distribution"}, "facility": {"code": 14752}}, {"service": {"name": "Condom Promotion and Distribution"}, "facility": {"code": 14997}}, {"service": {"name": "Emergency Obstetric Care"}, "facility": {"code": 14997}}, {"service": {"name": "Maternity Services"}, "facility": {"code": 14997}}, {"service": {"name": "Curative Services"}, "facility": {"code": 14997}}, {"service": {"name": "Laboratory Services"}, "facility": {"code": 14997}}, {"service": {"name": "Immunization with additional vaccines"}, "facility": {"code": 14997}}, {"service": {"name": "Basic Immunization"}, "facility": {"code": 14997}}, {"service": {"name": "Focused Antenatal Care"}, "facility": {"code": 14997}}, {"service": {"name": "Short Term FP"}, "facility": {"code": 14997}}, {"service": {"name": "PMTCT - Maternity"}, "facility": {"code": 14997}}, {"service": {"name": "PMTCT - ANC"}, "facility": {"code": 14997}}, {"service": {"name": "Diagnostic Counselling and Testing"}, "facility": {"code": 14997}}, {"service": {"name": "Provider Initiated Counselling and Testing"}, "facility": {"code": 14997}}, {"service": {"name": "Voluntary Counselling and Testing"}, "facility": {"code": 14997}}, {"service": {"name": "Management of STIs"}, "facility": {"code": 14997}}, {"service": {"name": "Emergency Obstetric Care"}, "facility": {"code": 14345}}, {"service": {"name": "Maternity Services"}, "facility": {"code": 14345}}, {"service": {"name": "Curative Services"}, "facility": {"code": 14345}}, {"service": {"name": "Basic Immunization"}, "facility": {"code": 14345}}, {"service": {"name": "Focused Antenatal Care"}, "facility": {"code": 14345}}, {"service": {"name": "Short Term FP"}, "facility": {"code": 14345}}, {"service": {"name": "PMTCT - ANC"}, "facility": {"code": 14345}}, {"service": {"name": "Diagnostic Counselling and Testing"}, "facility": {"code": 14345}}, {"service": {"name": "Provider Initiated Counselling and Testing"}, "facility": {"code": 14345}}, {"service": {"name": "Voluntary Counselling and Testing"}, "facility": {"code": 14345}}, {"service": {"name": "Management of STIs"}, "facility": {"code": 14345}}, {"service": {"name": "Condom Promotion and Distribution"}, "facility": {"code": 14345}}, {"service": {"name": "Basic Immunization"}, "facility": {"code": 10979}}, {"service": {"name": "Focused Antenatal Care"}, "facility": {"code": 10979}}, {"service": {"name": "Emergency Obstetric Care"}, "facility": {"code": 17023}}, {"service": {"name": "Short Term FP"}, "facility": {"code": 10979}}, {"service": {"name": "Management of STIs"}, "facility": {"code": 10979}}, {"service": {"name": "Condom Promotion and Distribution"}, "facility": {"code": 10979}}, {"service": {"name": "Focused Antenatal Care"}, "facility": {"code": 17023}}, {"service": {"name": "Oral Health Services (Dental Services)"}, "facility": {"code": 10756}}, {"service": {"name": "Emergency Obstetric Care"}, "facility": {"code": 10756}}, {"service": {"name": "Maternity Services"}, "facility": {"code": 10756}}, {"service": {"name": "Curative Services"}, "facility": {"code": 10756}}, {"service": {"name": "Basic Immunization"}, "facility": {"code": 10756}}, {"service": {"name": "Focused Antenatal Care"}, "facility": {"code": 10756}}, {"service": {"name": "Short Term FP"}, "facility": {"code": 10756}}, {"service": {"name": "PMTCT - ANC"}, "facility": {"code": 10756}}, {"service": {"name": "Provider Initiated Counselling and Testing"}, "facility": {"code": 10756}}, {"service": {"name": "Surgical Services"}, "facility": {"code": 17026}}, {"service": {"name": "Management of STIs"}, "facility": {"code": 10756}}, {"service": {"name": "Curative Services"}, "facility": {"code": 17026}}, {"service": {"name": "Condom Promotion and Distribution"}, "facility": {"code": 10756}}, {"service": {"name": "Management of STIs"}, "facility": {"code": 17026}}, {"service": {"name": "Paediatric Antiretroviral Therapy"}, "facility": {"code": 14611}}, {"service": {"name": "Emergency Obstetric Care"}, "facility": {"code": 14611}}, {"service": {"name": "Environmental Health Services"}, "facility": {"code": 14611}}, {"service": {"name": "Mental Health Services"}, "facility": {"code": 14611}}, {"service": {"name": "Opthalmic Services"}, "facility": {"code": 14611}}, {"service": {"name": "Nutrition Services"}, "facility": {"code": 14611}}, {"service": {"name": "Integrated Management of Childhood Illnesses"}, "facility": {"code": 14611}}, {"service": {"name": "Laboratory Services"}, "facility": {"code": 14611}}, {"service": {"name": "Surgical Services"}, "facility": {"code": 14611}}, {"service": {"name": "Maternity Services"}, "facility": {"code": 14611}}, {"service": {"name": "Curative Services"}, "facility": {"code": 14611}}, {"service": {"name": "First Line Treatment"}, "facility": {"code": 14611}}, {"service": {"name": "Smear Microscopy"}, "facility": {"code": 14611}}, {"service": {"name": "Basic Immunization"}, "facility": {"code": 14611}}, {"service": {"name": "Focused Antenatal Care"}, "facility": {"code": 14611}}, {"service": {"name": "Integrated Services"}, "facility": {"code": 14611}}, {"service": {"name": "Permanent FP"}, "facility": {"code": 14611}}, {"service": {"name": "Long Term FP"}, "facility": {"code": 14611}}, {"service": {"name": "Short Term FP"}, "facility": {"code": 14611}}, {"service": {"name": "Home Based Care"}, "facility": {"code": 14611}}, {"service": {"name": "Adult Antiretroviral Therapy"}, "facility": {"code": 14611}}, {"service": {"name": "Post Exposure Prophylaxis"}, "facility": {"code": 14611}}, {"service": {"name": "Voluntary Male Circumcision"}, "facility": {"code": 14611}}, {"service": {"name": "PMTCT - Maternity"}, "facility": {"code": 14611}}, {"service": {"name": "PMTCT - ANC"}, "facility": {"code": 14611}}, {"service": {"name": "Early Infant Diagnosis"}, "facility": {"code": 14611}}, {"service": {"name": "Diagnostic Counselling and Testing"}, "facility": {"code": 14611}}, {"service": {"name": "Provider Initiated Counselling and Testing"}, "facility": {"code": 14611}}, {"service": {"name": "Voluntary Counselling and Testing"}, "facility": {"code": 14611}}, {"service": {"name": "Management of STIs"}, "facility": {"code": 14611}}, {"service": {"name": "Condom Promotion and Distribution"}, "facility": {"code": 14611}}, {"service": {"name": "Dental Laboratory Services"}, "facility": {"code": 14224}}, {"service": {"name": "Curative Services"}, "facility": {"code": 17025}}, {"service": {"name": "Short Term FP"}, "facility": {"code": 17025}}, {"service": {"name": "Provider Initiated Counselling and Testing"}, "facility": {"code": 17025}}, {"service": {"name": "Management of STIs"}, "facility": {"code": 17025}}, {"service": {"name": "Condom Promotion and Distribution"}, "facility": {"code": 17025}}, {"service": {"name": "Curative Services"}, "facility": {"code": 17024}}, {"service": {"name": "PMTCT - ANC"}, "facility": {"code": 17024}}, {"service": {"name": "Short Term FP"}, "facility": {"code": 17024}}, {"service": {"name": "Focused Antenatal Care"}, "facility": {"code": 17024}}, {"service": {"name": "Management of STIs"}, "facility": {"code": 17024}}, {"service": {"name": "Condom Promotion and Distribution"}, "facility": {"code": 17024}}, {"service": {"name": "Curative Services"}, "facility": {"code": 17023}}, {"service": {"name": "Basic Immunization"}, "facility": {"code": 17023}}, {"service": {"name": "Short Term FP"}, "facility": {"code": 17023}}, {"service": {"name": "Post Exposure Prophylaxis"}, "facility": {"code": 17023}}, {"service": {"name": "PMTCT - ANC"}, "facility": {"code": 17023}}, {"service": {"name": "Early Infant Diagnosis"}, "facility": {"code": 17023}}, {"service": {"name": "Diagnostic Counselling and Testing"}, "facility": {"code": 17023}}, {"service": {"name": "Provider Initiated Counselling and Testing"}, "facility": {"code": 17023}}, {"service": {"name": "Voluntary Counselling and Testing"}, "facility": {"code": 17023}}, {"service": {"name": "Management of STIs"}, "facility": {"code": 17023}}, {"service": {"name": "Condom Promotion and Distribution"}, "facility": {"code": 17023}}, {"service": {"name": "Emergency Obstetric Care"}, "facility": {"code": 11566}}, {"service": {"name": "Rehabilitative Health Services - Physiotherapy"}, "facility": {"code": 11566}}, {"service": {"name": "Opthalmic Services"}, "facility": {"code": 11566}}, {"service": {"name": "Nutrition Services"}, "facility": {"code": 11566}}, {"service": {"name": "Ambulance Sevices"}, "facility": {"code": 11566}}, {"service": {"name": "Laboratory Services"}, "facility": {"code": 11566}}, {"service": {"name": "Radiology Services"}, "facility": {"code": 11566}}, {"service": {"name": "Surgical Services"}, "facility": {"code": 11566}}, {"service": {"name": "Maternity Services"}, "facility": {"code": 11566}}, {"service": {"name": "Curative Services"}, "facility": {"code": 11566}}, {"service": {"name": "Facility Based Blood Transfusion Service"}, "facility": {"code": 11566}}, {"service": {"name": "First Line Treatment"}, "facility": {"code": 11566}}, {"service": {"name": "Smear Microscopy"}, "facility": {"code": 11566}}, {"service": {"name": "Immunization with additional vaccines"}, "facility": {"code": 11566}}, {"service": {"name": "Basic Immunization"}, "facility": {"code": 11566}}, {"service": {"name": "Focused Antenatal Care"}, "facility": {"code": 11566}}, {"service": {"name": "Long Term FP"}, "facility": {"code": 11566}}, {"service": {"name": "Short Term FP"}, "facility": {"code": 11566}}, {"service": {"name": "Home Based Care"}, "facility": {"code": 11566}}, {"service": {"name": "Adult Antiretroviral Therapy"}, "facility": {"code": 11566}}, {"service": {"name": "Paediatric Antiretroviral Therapy"}, "facility": {"code": 11566}}, {"service": {"name": "Post Exposure Prophylaxis"}, "facility": {"code": 11566}}, {"service": {"name": "PMTCT - Maternity"}, "facility": {"code": 11566}}, {"service": {"name": "PMTCT - ANC"}, "facility": {"code": 11566}}, {"service": {"name": "Early Infant Diagnosis"}, "facility": {"code": 11566}}, {"service": {"name": "Diagnostic Counselling and Testing"}, "facility": {"code": 11566}}, {"service": {"name": "Provider Initiated Counselling and Testing"}, "facility": {"code": 11566}}, {"service": {"name": "Voluntary Counselling and Testing"}, "facility": {"code": 11566}}, {"service": {"name": "Management of STIs"}, "facility": {"code": 11566}}, {"service": {"name": "Condom Promotion and Distribution"}, "facility": {"code": 11566}}, {"service": {"name": "Emergency Obstetric Care"}, "facility": {"code": 11756}}, {"service": {"name": "Nutrition Services"}, "facility": {"code": 11756}}, {"service": {"name": "Integrated Management of Childhood Illnesses"}, "facility": {"code": 11756}}, {"service": {"name": "Surgical Services"}, "facility": {"code": 11756}}, {"service": {"name": "Maternity Services"}, "facility": {"code": 11756}}, {"service": {"name": "Curative Services"}, "facility": {"code": 11756}}, {"service": {"name": "Immunization with additional vaccines"}, "facility": {"code": 11756}}, {"service": {"name": "Basic Immunization"}, "facility": {"code": 11756}}, {"service": {"name": "Focused Antenatal Care"}, "facility": {"code": 11756}}, {"service": {"name": "Long Term FP"}, "facility": {"code": 11756}}, {"service": {"name": "Short Term FP"}, "facility": {"code": 11756}}, {"service": {"name": "PMTCT - Maternity"}, "facility": {"code": 11756}}, {"service": {"name": "PMTCT - ANC"}, "facility": {"code": 11756}}, {"service": {"name": "Diagnostic Counselling and Testing"}, "facility": {"code": 11756}}, {"service": {"name": "Provider Initiated Counselling and Testing"}, "facility": {"code": 11756}}, {"service": {"name": "Management of STIs"}, "facility": {"code": 11756}}, {"service": {"name": "Condom Promotion and Distribution"}, "facility": {"code": 11756}}, {"service": {"name": "Emergency Obstetric Care"}, "facility": {"code": 11818}}, {"service": {"name": "Ambulance Sevices"}, "facility": {"code": 11818}}, {"service": {"name": "Laboratory Services"}, "facility": {"code": 11818}}, {"service": {"name": "Surgical Services"}, "facility": {"code": 11818}}, {"service": {"name": "Maternity Services"}, "facility": {"code": 11818}}, {"service": {"name": "Curative Services"}, "facility": {"code": 11818}}, {"service": {"name": "Facility Based Blood Transfusion Service"}, "facility": {"code": 11818}}, {"service": {"name": "First Line Treatment"}, "facility": {"code": 11818}}, {"service": {"name": "Smear Microscopy"}, "facility": {"code": 11818}}, {"service": {"name": "Immunization with additional vaccines"}, "facility": {"code": 11818}}, {"service": {"name": "Basic Immunization"}, "facility": {"code": 11818}}, {"service": {"name": "Focused Antenatal Care"}, "facility": {"code": 11818}}, {"service": {"name": "Long Term FP"}, "facility": {"code": 11818}}, {"service": {"name": "Short Term FP"}, "facility": {"code": 11818}}, {"service": {"name": "Home Based Care"}, "facility": {"code": 11818}}, {"service": {"name": "Adult Antiretroviral Therapy"}, "facility": {"code": 11818}}, {"service": {"name": "Paediatric Antiretroviral Therapy"}, "facility": {"code": 11818}}, {"service": {"name": "Post Exposure Prophylaxis"}, "facility": {"code": 11818}}, {"service": {"name": "PMTCT - Maternity"}, "facility": {"code": 11818}}, {"service": {"name": "PMTCT - ANC"}, "facility": {"code": 11818}}, {"service": {"name": "Early Infant Diagnosis"}, "facility": {"code": 11818}}, {"service": {"name": "Diagnostic Counselling and Testing"}, "facility": {"code": 11818}}, {"service": {"name": "Provider Initiated Counselling and Testing"}, "facility": {"code": 11818}}, {"service": {"name": "Voluntary Counselling and Testing"}, "facility": {"code": 11818}}, {"service": {"name": "Management of STIs"}, "facility": {"code": 11818}}, {"service": {"name": "Condom Promotion and Distribution"}, "facility": {"code": 11818}}, {"service": {"name": "Emergency Obstetric Care"}, "facility": {"code": 17022}}, {"service": {"name": "PMTCT - ANC"}, "facility": {"code": 17022}}, {"service": {"name": "Curative Services"}, "facility": {"code": 17022}}, {"service": {"name": "Basic Immunization"}, "facility": {"code": 17022}}, {"service": {"name": "Focused Antenatal Care"}, "facility": {"code": 17022}}, {"service": {"name": "Diagnostic Counselling and Testing"}, "facility": {"code": 17022}}, {"service": {"name": "Early Infant Diagnosis"}, "facility": {"code": 17022}}, {"service": {"name": "Provider Initiated Counselling and Testing"}, "facility": {"code": 17022}}, {"service": {"name": "Voluntary Counselling and Testing"}, "facility": {"code": 17022}}, {"service": {"name": "Nutrition Services"}, "facility": {"code": 17019}}, {"service": {"name": "Curative Services"}, "facility": {"code": 17019}}, {"service": {"name": "Short Term FP"}, "facility": {"code": 17019}}, {"service": {"name": "Provider Initiated Counselling and Testing"}, "facility": {"code": 17019}}, {"service": {"name": "Condom Promotion and Distribution"}, "facility": {"code": 17019}}, {"service": {"name": "Emergency Obstetric Care"}, "facility": {"code": 17018}}, {"service": {"name": "Nutrition Services"}, "facility": {"code": 17018}}, {"service": {"name": "Curative Services"}, "facility": {"code": 17018}}, {"service": {"name": "Short Term FP"}, "facility": {"code": 17018}}, {"service": {"name": "Emergency Obstetric Care"}, "facility": {"code": 16188}}, {"service": {"name": "Laboratory Services"}, "facility": {"code": 16188}}, {"service": {"name": "Maternity Services"}, "facility": {"code": 16188}}, {"service": {"name": "Curative Services"}, "facility": {"code": 16188}}, {"service": {"name": "Focused Antenatal Care"}, "facility": {"code": 16188}}, {"service": {"name": "Long Term FP"}, "facility": {"code": 16188}}, {"service": {"name": "Short Term FP"}, "facility": {"code": 16188}}, {"service": {"name": "PMTCT - Maternity"}, "facility": {"code": 16188}}, {"service": {"name": "PMTCT - ANC"}, "facility": {"code": 16188}}, {"service": {"name": "Management of STIs"}, "facility": {"code": 16188}}, {"service": {"name": "Condom Promotion and Distribution"}, "facility": {"code": 16188}}, {"service": {"name": "Emergency Obstetric Care"}, "facility": {"code": 11404}}, {"service": {"name": "Integrated Management of Childhood Illnesses"}, "facility": {"code": 11404}}, {"service": {"name": "Nutrition Services"}, "facility": {"code": 11404}}, {"service": {"name": "Surgical Services"}, "facility": {"code": 11404}}, {"service": {"name": "Maternity Services"}, "facility": {"code": 11404}}, {"service": {"name": "Curative Services"}, "facility": {"code": 11404}}, {"service": {"name": "Immunization with additional vaccines"}, "facility": {"code": 11404}}, {"service": {"name": "Basic Immunization"}, "facility": {"code": 11404}}, {"service": {"name": "Focused Antenatal Care"}, "facility": {"code": 11404}}, {"service": {"name": "Long Term FP"}, "facility": {"code": 11404}}, {"service": {"name": "Short Term FP"}, "facility": {"code": 11404}}, {"service": {"name": "PMTCT - Maternity"}, "facility": {"code": 11404}}, {"service": {"name": "Early Infant Diagnosis"}, "facility": {"code": 11404}}, {"service": {"name": "PMTCT - ANC"}, "facility": {"code": 11404}}, {"service": {"name": "Diagnostic Counselling and Testing"}, "facility": {"code": 11404}}, {"service": {"name": "Provider Initiated Counselling and Testing"}, "facility": {"code": 11404}}, {"service": {"name": "Management of STIs"}, "facility": {"code": 11404}}, {"service": {"name": "Condom Promotion and Distribution"}, "facility": {"code": 11404}}, {"service": {"name": "Emergency Obstetric Care"}, "facility": {"code": 17017}}, {"service": {"name": "Nutrition Services"}, "facility": {"code": 17017}}, {"service": {"name": "Laboratory Services"}, "facility": {"code": 17017}}, {"service": {"name": "Surgical Services"}, "facility": {"code": 17017}}, {"service": {"name": "Maternity Services"}, "facility": {"code": 17017}}, {"service": {"name": "Curative Services"}, "facility": {"code": 17017}}, {"service": {"name": "First Line Treatment"}, "facility": {"code": 17017}}, {"service": {"name": "Smear Microscopy"}, "facility": {"code": 17017}}, {"service": {"name": "Immunization with additional vaccines"}, "facility": {"code": 17017}}, {"service": {"name": "Basic Immunization"}, "facility": {"code": 17017}}, {"service": {"name": "Focused Antenatal Care"}, "facility": {"code": 17017}}, {"service": {"name": "Long Term FP"}, "facility": {"code": 17017}}, {"service": {"name": "Short Term FP"}, "facility": {"code": 17017}}, {"service": {"name": "PMTCT - Maternity"}, "facility": {"code": 17017}}, {"service": {"name": "Diagnostic Counselling and Testing"}, "facility": {"code": 17017}}, {"service": {"name": "PMTCT - ANC"}, "facility": {"code": 17017}}, {"service": {"name": "Provider Initiated Counselling and Testing"}, "facility": {"code": 17017}}, {"service": {"name": "Management of STIs"}, "facility": {"code": 17017}}, {"service": {"name": "Condom Promotion and Distribution"}, "facility": {"code": 17017}}, {"service": {"name": "Environmental Health Services"}, "facility": {"code": 10890}}, {"service": {"name": "MDRTB Treatment"}, "facility": {"code": 10890}}, {"service": {"name": "Specialized ANC"}, "facility": {"code": 10890}}, {"service": {"name": "Emergency Preparedness"}, "facility": {"code": 15306}}, {"service": {"name": "ENT Services"}, "facility": {"code": 15306}}, {"service": {"name": "Dental Laboratory Services"}, "facility": {"code": 15306}}, {"service": {"name": "Oral Health Services (Dental Services)"}, "facility": {"code": 15306}}, {"service": {"name": "Emergency Obstetric Care"}, "facility": {"code": 15306}}, {"service": {"name": "Nutrition Services"}, "facility": {"code": 15588}}, {"service": {"name": "Integrated Management of Childhood Illnesses"}, "facility": {"code": 15588}}, {"service": {"name": "Laboratory Services"}, "facility": {"code": 15588}}, {"service": {"name": "Curative Services"}, "facility": {"code": 15588}}, {"service": {"name": "Smear Microscopy"}, "facility": {"code": 15588}}, {"service": {"name": "Immunization with additional vaccines"}, "facility": {"code": 15588}}, {"service": {"name": "Basic Immunization"}, "facility": {"code": 15588}}, {"service": {"name": "Focused Antenatal Care"}, "facility": {"code": 15588}}, {"service": {"name": "PMTCT - ANC"}, "facility": {"code": 15588}}, {"service": {"name": "Early Infant Diagnosis"}, "facility": {"code": 15588}}, {"service": {"name": "Diagnostic Counselling and Testing"}, "facility": {"code": 15588}}, {"service": {"name": "Emergency Obstetric Care"}, "facility": {"code": 17016}}, {"service": {"name": "Curative Services"}, "facility": {"code": 17016}}, {"service": {"name": "Basic Immunization"}, "facility": {"code": 17016}}, {"service": {"name": "Focused Antenatal Care"}, "facility": {"code": 17016}}, {"service": {"name": "Short Term FP"}, "facility": {"code": 17016}}, {"service": {"name": "Emergency Obstetric Care"}, "facility": {"code": 17015}}, {"service": {"name": "Curative Services"}, "facility": {"code": 17015}}, {"service": {"name": "Basic Immunization"}, "facility": {"code": 17015}}, {"service": {"name": "Focused Antenatal Care"}, "facility": {"code": 17015}}, {"service": {"name": "Short Term FP"}, "facility": {"code": 17015}}, {"service": {"name": "Condom Promotion and Distribution"}, "facility": {"code": 11921}}, {"service": {"name": "Maternity Services"}, "facility": {"code": 13426}}, {"service": {"name": "Curative Services"}, "facility": {"code": 13426}}, {"service": {"name": "Focused Antenatal Care"}, "facility": {"code": 13426}}, {"service": {"name": "Short Term FP"}, "facility": {"code": 13426}}, {"service": {"name": "PMTCT - ANC"}, "facility": {"code": 13426}}, {"service": {"name": "Provider Initiated Counselling and Testing"}, "facility": {"code": 13426}}, {"service": {"name": "Emergency Obstetric Care"}, "facility": {"code": 15594}}, {"service": {"name": "Curative Services"}, "facility": {"code": 15594}}, {"service": {"name": "Immunization with additional vaccines"}, "facility": {"code": 15594}}, {"service": {"name": "Basic Immunization"}, "facility": {"code": 15594}}, {"service": {"name": "Focused Antenatal Care"}, "facility": {"code": 15594}}, {"service": {"name": "Short Term FP"}, "facility": {"code": 15594}}, {"service": {"name": "PMTCT - ANC"}, "facility": {"code": 15594}}, {"service": {"name": "Provider Initiated Counselling and Testing"}, "facility": {"code": 15594}}, {"service": {"name": "Management of STIs"}, "facility": {"code": 15594}}, {"service": {"name": "Condom Promotion and Distribution"}, "facility": {"code": 15594}}, {"service": {"name": "Curative Services"}, "facility": {"code": 17014}}, {"service": {"name": "Immunization with additional vaccines"}, "facility": {"code": 17014}}, {"service": {"name": "Basic Immunization"}, "facility": {"code": 17014}}, {"service": {"name": "Focused Antenatal Care"}, "facility": {"code": 17014}}, {"service": {"name": "Short Term FP"}, "facility": {"code": 17014}}, {"service": {"name": "PMTCT - ANC"}, "facility": {"code": 17014}}, {"service": {"name": "Provider Initiated Counselling and Testing"}, "facility": {"code": 17014}}, {"service": {"name": "Condom Promotion and Distribution"}, "facility": {"code": 17014}}, {"service": {"name": "Surgical Services"}, "facility": {"code": 14179}}, {"service": {"name": "Emergency Preparedness"}, "facility": {"code": 14179}}, {"service": {"name": "Environmental Health Services"}, "facility": {"code": 14179}}, {"service": {"name": "Mental Health Services"}, "facility": {"code": 14179}}, {"service": {"name": "Opthalmic Services"}, "facility": {"code": 14179}}, {"service": {"name": "Integrated Management of Childhood Illnesses"}, "facility": {"code": 14179}}, {"service": {"name": "Ambulance Sevices"}, "facility": {"code": 14179}}, {"service": {"name": "Radiology Services"}, "facility": {"code": 14179}}, {"service": {"name": "Maternity Services"}, "facility": {"code": 14179}}, {"service": {"name": "Curative Services"}, "facility": {"code": 14179}}, {"service": {"name": "Mortuary Services"}, "facility": {"code": 14179}}, {"service": {"name": "Facility Based Blood Transfusion Service"}, "facility": {"code": 14179}}, {"service": {"name": "Facility Based Blood Collection Service"}, "facility": {"code": 14179}}, {"service": {"name": "Rehabilitative Health Services - Occupational Health"}, "facility": {"code": 14179}}, {"service": {"name": "First Line Treatment"}, "facility": {"code": 14179}}, {"service": {"name": "Tuberculosis Culture"}, "facility": {"code": 14179}}, {"service": {"name": "Smear Microscopy"}, "facility": {"code": 14179}}, {"service": {"name": "Immunization with additional vaccines"}, "facility": {"code": 14179}}, {"service": {"name": "Basic Immunization"}, "facility": {"code": 14179}}, {"service": {"name": "Permanent FP"}, "facility": {"code": 14179}}, {"service": {"name": "Short Term FP"}, "facility": {"code": 14179}}, {"service": {"name": "Specialized ANC"}, "facility": {"code": 14179}}, {"service": {"name": "Focused Antenatal Care"}, "facility": {"code": 14179}}, {"service": {"name": "Paediatric Antiretroviral Therapy"}, "facility": {"code": 14179}}, {"service": {"name": "Post Exposure Prophylaxis"}, "facility": {"code": 14179}}, {"service": {"name": "Voluntary Male Circumcision"}, "facility": {"code": 14179}}, {"service": {"name": "PMTCT - Maternity"}, "facility": {"code": 14179}}, {"service": {"name": "PMTCT - ANC"}, "facility": {"code": 14179}}, {"service": {"name": "Early Infant Diagnosis"}, "facility": {"code": 14179}}, {"service": {"name": "Diagnostic Counselling and Testing"}, "facility": {"code": 14179}}, {"service": {"name": "Provider Initiated Counselling and Testing"}, "facility": {"code": 14179}}, {"service": {"name": "Voluntary Counselling and Testing"}, "facility": {"code": 14179}}, {"service": {"name": "Management of STIs"}, "facility": {"code": 14179}}, {"service": {"name": "Emergency Obstetric Care"}, "facility": {"code": 10931}}, {"service": {"name": "Nutrition Services"}, "facility": {"code": 10931}}, {"service": {"name": "Ambulance Sevices"}, "facility": {"code": 10931}}, {"service": {"name": "Maternity Services"}, "facility": {"code": 10931}}, {"service": {"name": "Curative Services"}, "facility": {"code": 10931}}, {"service": {"name": "Basic Immunization"}, "facility": {"code": 10931}}, {"service": {"name": "Focused Antenatal Care"}, "facility": {"code": 10931}}, {"service": {"name": "Short Term FP"}, "facility": {"code": 10931}}, {"service": {"name": "Voluntary Male Circumcision"}, "facility": {"code": 10931}}, {"service": {"name": "PMTCT - ANC"}, "facility": {"code": 10931}}, {"service": {"name": "Voluntary Counselling and Testing"}, "facility": {"code": 10931}}, {"service": {"name": "Condom Promotion and Distribution"}, "facility": {"code": 10931}}, {"service": {"name": "Dental Laboratory Services"}, "facility": {"code": 10890}}, {"service": {"name": "Emergency Preparedness"}, "facility": {"code": 10890}}, {"service": {"name": "ENT Services"}, "facility": {"code": 10890}}, {"service": {"name": "Oral Health Services (Dental Services)"}, "facility": {"code": 10890}}, {"service": {"name": "Integrated Management of Childhood Illnesses"}, "facility": {"code": 10890}}, {"service": {"name": "Emergency Obstetric Care"}, "facility": {"code": 10890}}, {"service": {"name": "Rehabilitative Health Services - Physiotherapy"}, "facility": {"code": 10890}}, {"service": {"name": "Services for Sexual Violence Survivors"}, "facility": {"code": 10890}}, {"service": {"name": "Mental Health Services"}, "facility": {"code": 10890}}, {"service": {"name": "Opthalmic Services"}, "facility": {"code": 10890}}, {"service": {"name": "Nutrition Services"}, "facility": {"code": 10890}}, {"service": {"name": "Ambulance Sevices"}, "facility": {"code": 10890}}, {"service": {"name": "Laboratory Services"}, "facility": {"code": 10890}}, {"service": {"name": "Radiology Services"}, "facility": {"code": 10890}}, {"service": {"name": "Surgical Services"}, "facility": {"code": 10890}}, {"service": {"name": "Maternity Services"}, "facility": {"code": 10890}}, {"service": {"name": "Curative Services"}, "facility": {"code": 10890}}, {"service": {"name": "Facility Based Blood Collection Service"}, "facility": {"code": 10890}}, {"service": {"name": "Facility Based Blood Transfusion Service"}, "facility": {"code": 10890}}, {"service": {"name": "Rehabilitative Health Services - Orthopaedic Technology"}, "facility": {"code": 10890}}, {"service": {"name": "Rehabilitative Health Services - Occupational Health"}, "facility": {"code": 10890}}, {"service": {"name": "First Line Treatment"}, "facility": {"code": 10890}}, {"service": {"name": "Tuberculosis Culture"}, "facility": {"code": 10890}}, {"service": {"name": "Smear Microscopy"}, "facility": {"code": 10890}}, {"service": {"name": "Basic Immunization"}, "facility": {"code": 10890}}, {"service": {"name": "Focused Antenatal Care"}, "facility": {"code": 10890}}, {"service": {"name": "Mortuary Services"}, "facility": {"code": 10890}}, {"service": {"name": "Home Based Care"}, "facility": {"code": 10890}}, {"service": {"name": "Adult Antiretroviral Therapy"}, "facility": {"code": 10890}}, {"service": {"name": "Paediatric Antiretroviral Therapy"}, "facility": {"code": 10890}}, {"service": {"name": "Permanent FP"}, "facility": {"code": 10890}}, {"service": {"name": "Short Term FP"}, "facility": {"code": 10890}}, {"service": {"name": "Long Term FP"}, "facility": {"code": 10890}}, {"service": {"name": "Post Exposure Prophylaxis"}, "facility": {"code": 10890}}, {"service": {"name": "Voluntary Male Circumcision"}, "facility": {"code": 10890}}, {"service": {"name": "PMTCT - Maternity"}, "facility": {"code": 10890}}, {"service": {"name": "PMTCT - ANC"}, "facility": {"code": 10890}}, {"service": {"name": "Early Infant Diagnosis"}, "facility": {"code": 10890}}, {"service": {"name": "Diagnostic Counselling and Testing"}, "facility": {"code": 10890}}, {"service": {"name": "Provider Initiated Counselling and Testing"}, "facility": {"code": 10890}}, {"service": {"name": "Voluntary Counselling and Testing"}, "facility": {"code": 10890}}, {"service": {"name": "Management of STIs"}, "facility": {"code": 10890}}, {"service": {"name": "Condom Promotion and Distribution"}, "facility": {"code": 10890}}, {"service": {"name": "Nutrition Services"}, "facility": {"code": 10672}}, {"service": {"name": "Curative Services"}, "facility": {"code": 10672}}, {"service": {"name": "Basic Immunization"}, "facility": {"code": 10672}}, {"service": {"name": "Focused Antenatal Care"}, "facility": {"code": 10672}}, {"service": {"name": "Voluntary Male Circumcision"}, "facility": {"code": 10672}}, {"service": {"name": "Environmental Health Services"}, "facility": {"code": 13385}}, {"service": {"name": "PMTCT - ANC"}, "facility": {"code": 10672}}, {"service": {"name": "Integrated Management of Childhood Illnesses"}, "facility": {"code": 13385}}, {"service": {"name": "Maternity Services"}, "facility": {"code": 13385}}, {"service": {"name": "Voluntary Counselling and Testing"}, "facility": {"code": 10672}}, {"service": {"name": "Curative Services"}, "facility": {"code": 13385}}, {"service": {"name": "Management of STIs"}, "facility": {"code": 10672}}, {"service": {"name": "Condom Promotion and Distribution"}, "facility": {"code": 10672}}, {"service": {"name": "First Line Treatment"}, "facility": {"code": 13385}}, {"service": {"name": "Basic Immunization"}, "facility": {"code": 13385}}, {"service": {"name": "Focused Antenatal Care"}, "facility": {"code": 13385}}, {"service": {"name": "Long Term FP"}, "facility": {"code": 13385}}, {"service": {"name": "Short Term FP"}, "facility": {"code": 13385}}, {"service": {"name": "Post Exposure Prophylaxis"}, "facility": {"code": 13385}}, {"service": {"name": "PMTCT - Maternity"}, "facility": {"code": 13385}}, {"service": {"name": "PMTCT - ANC"}, "facility": {"code": 13385}}, {"service": {"name": "Diagnostic Counselling and Testing"}, "facility": {"code": 13385}}, {"service": {"name": "Provider Initiated Counselling and Testing"}, "facility": {"code": 13385}}, {"service": {"name": "Management of STIs"}, "facility": {"code": 13385}}, {"service": {"name": "Condom Promotion and Distribution"}, "facility": {"code": 13385}}, {"service": {"name": "Integrated Management of Childhood Illnesses"}, "facility": {"code": 13431}}, {"service": {"name": "Maternity Services"}, "facility": {"code": 13431}}, {"service": {"name": "Curative Services"}, "facility": {"code": 13431}}, {"service": {"name": "First Line Treatment"}, "facility": {"code": 13431}}, {"service": {"name": "Basic Immunization"}, "facility": {"code": 13431}}, {"service": {"name": "Focused Antenatal Care"}, "facility": {"code": 13431}}, {"service": {"name": "Long Term FP"}, "facility": {"code": 13431}}, {"service": {"name": "Short Term FP"}, "facility": {"code": 13431}}, {"service": {"name": "Post Exposure Prophylaxis"}, "facility": {"code": 13431}}, {"service": {"name": "PMTCT - Maternity"}, "facility": {"code": 13431}}, {"service": {"name": "PMTCT - ANC"}, "facility": {"code": 13431}}, {"service": {"name": "Diagnostic Counselling and Testing"}, "facility": {"code": 13431}}, {"service": {"name": "Provider Initiated Counselling and Testing"}, "facility": {"code": 13431}}, {"service": {"name": "Management of STIs"}, "facility": {"code": 13431}}, {"service": {"name": "Condom Promotion and Distribution"}, "facility": {"code": 13431}}, {"service": {"name": "Nutrition Services"}, "facility": {"code": 13408}}, {"service": {"name": "Laboratory Services"}, "facility": {"code": 13408}}, {"service": {"name": "Basic Immunization"}, "facility": {"code": 13408}}, {"service": {"name": "Focused Antenatal Care"}, "facility": {"code": 13408}}, {"service": {"name": "Short Term FP"}, "facility": {"code": 13408}}, {"service": {"name": "PMTCT - ANC"}, "facility": {"code": 13408}}, {"service": {"name": "Early Infant Diagnosis"}, "facility": {"code": 13408}}, {"service": {"name": "Diagnostic Counselling and Testing"}, "facility": {"code": 13408}}, {"service": {"name": "Provider Initiated Counselling and Testing"}, "facility": {"code": 13408}}, {"service": {"name": "Management of STIs"}, "facility": {"code": 13408}}, {"service": {"name": "Condom Promotion and Distribution"}, "facility": {"code": 13408}}, {"service": {"name": "Curative Services"}, "facility": {"code": 16288}}, {"service": {"name": "Basic Immunization"}, "facility": {"code": 16288}}, {"service": {"name": "Focused Antenatal Care"}, "facility": {"code": 16288}}, {"service": {"name": "Short Term FP"}, "facility": {"code": 16288}}, {"service": {"name": "PMTCT - ANC"}, "facility": {"code": 16288}}, {"service": {"name": "Diagnostic Counselling and Testing"}, "facility": {"code": 16288}}, {"service": {"name": "Provider Initiated Counselling and Testing"}, "facility": {"code": 16288}}, {"service": {"name": "Management of STIs"}, "facility": {"code": 16288}}, {"service": {"name": "Condom Promotion and Distribution"}, "facility": {"code": 16288}}, {"service": {"name": "Curative Services"}, "facility": {"code": 13382}}, {"service": {"name": "Basic Immunization"}, "facility": {"code": 13382}}, {"service": {"name": "Focused Antenatal Care"}, "facility": {"code": 13382}}, {"service": {"name": "Short Term FP"}, "facility": {"code": 13382}}, {"service": {"name": "PMTCT - Maternity"}, "facility": {"code": 13382}}, {"service": {"name": "PMTCT - ANC"}, "facility": {"code": 13382}}, {"service": {"name": "Diagnostic Counselling and Testing"}, "facility": {"code": 13382}}, {"service": {"name": "Provider Initiated Counselling and Testing"}, "facility": {"code": 13382}}, {"service": {"name": "Management of STIs"}, "facility": {"code": 13382}}, {"service": {"name": "Condom Promotion and Distribution"}, "facility": {"code": 13382}}, {"service": {"name": "Nutrition Services"}, "facility": {"code": 13443}}, {"service": {"name": "Curative Services"}, "facility": {"code": 13443}}, {"service": {"name": "Basic Immunization"}, "facility": {"code": 13443}}, {"service": {"name": "Focused Antenatal Care"}, "facility": {"code": 13443}}, {"service": {"name": "Short Term FP"}, "facility": {"code": 13443}}, {"service": {"name": "PMTCT - Maternity"}, "facility": {"code": 13443}}, {"service": {"name": "PMTCT - ANC"}, "facility": {"code": 13443}}, {"service": {"name": "Diagnostic Counselling and Testing"}, "facility": {"code": 13443}}, {"service": {"name": "Provider Initiated Counselling and Testing"}, "facility": {"code": 13443}}, {"service": {"name": "Management of STIs"}, "facility": {"code": 13443}}, {"service": {"name": "Curative Services"}, "facility": {"code": 13331}}, {"service": {"name": "Basic Immunization"}, "facility": {"code": 13331}}, {"service": {"name": "Focused Antenatal Care"}, "facility": {"code": 13331}}, {"service": {"name": "Short Term FP"}, "facility": {"code": 13331}}, {"service": {"name": "PMTCT - Maternity"}, "facility": {"code": 13331}}, {"service": {"name": "PMTCT - ANC"}, "facility": {"code": 13331}}, {"service": {"name": "Early Infant Diagnosis"}, "facility": {"code": 13331}}, {"service": {"name": "Diagnostic Counselling and Testing"}, "facility": {"code": 13331}}, {"service": {"name": "Provider Initiated Counselling and Testing"}, "facility": {"code": 13331}}, {"service": {"name": "Management of STIs"}, "facility": {"code": 13331}}, {"service": {"name": "Condom Promotion and Distribution"}, "facility": {"code": 13331}}, {"service": {"name": "Emergency Obstetric Care"}, "facility": {"code": 13298}}, {"service": {"name": "Maternity Services"}, "facility": {"code": 13298}}, {"service": {"name": "Basic Immunization"}, "facility": {"code": 13298}}, {"service": {"name": "Focused Antenatal Care"}, "facility": {"code": 13298}}, {"service": {"name": "Short Term FP"}, "facility": {"code": 13298}}, {"service": {"name": "PMTCT - Maternity"}, "facility": {"code": 13298}}, {"service": {"name": "PMTCT - ANC"}, "facility": {"code": 13298}}, {"service": {"name": "Early Infant Diagnosis"}, "facility": {"code": 13298}}, {"service": {"name": "Diagnostic Counselling and Testing"}, "facility": {"code": 13298}}, {"service": {"name": "Provider Initiated Counselling and Testing"}, "facility": {"code": 13298}}, {"service": {"name": "Management of STIs"}, "facility": {"code": 13298}}, {"service": {"name": "Condom Promotion and Distribution"}, "facility": {"code": 13298}}, {"service": {"name": "Curative Services"}, "facility": {"code": 13376}}, {"service": {"name": "Basic Immunization"}, "facility": {"code": 13376}}, {"service": {"name": "Focused Antenatal Care"}, "facility": {"code": 13376}}, {"service": {"name": "Short Term FP"}, "facility": {"code": 13376}}, {"service": {"name": "PMTCT - Maternity"}, "facility": {"code": 13376}}, {"service": {"name": "PMTCT - ANC"}, "facility": {"code": 13376}}, {"service": {"name": "Diagnostic Counselling and Testing"}, "facility": {"code": 13376}}, {"service": {"name": "Management of STIs"}, "facility": {"code": 13376}}, {"service": {"name": "Condom Promotion and Distribution"}, "facility": {"code": 13376}}, {"service": {"name": "Nutrition Services"}, "facility": {"code": 13324}}, {"service": {"name": "Curative Services"}, "facility": {"code": 13324}}, {"service": {"name": "Basic Immunization"}, "facility": {"code": 13324}}, {"service": {"name": "Focused Antenatal Care"}, "facility": {"code": 13324}}, {"service": {"name": "Short Term FP"}, "facility": {"code": 13324}}, {"service": {"name": "PMTCT - ANC"}, "facility": {"code": 13324}}, {"service": {"name": "Diagnostic Counselling and Testing"}, "facility": {"code": 13324}}, {"service": {"name": "Provider Initiated Counselling and Testing"}, "facility": {"code": 13324}}, {"service": {"name": "Management of STIs"}, "facility": {"code": 13324}}, {"service": {"name": "Condom Promotion and Distribution"}, "facility": {"code": 13324}}, {"service": {"name": "Nutrition Services"}, "facility": {"code": 13430}}, {"service": {"name": "Maternity Services"}, "facility": {"code": 13430}}, {"service": {"name": "Curative Services"}, "facility": {"code": 13430}}, {"service": {"name": "Basic Immunization"}, "facility": {"code": 13430}}, {"service": {"name": "Focused Antenatal Care"}, "facility": {"code": 13430}}, {"service": {"name": "Short Term FP"}, "facility": {"code": 13430}}, {"service": {"name": "PMTCT - Maternity"}, "facility": {"code": 13430}}, {"service": {"name": "PMTCT - ANC"}, "facility": {"code": 13430}}, {"service": {"name": "Diagnostic Counselling and Testing"}, "facility": {"code": 13430}}, {"service": {"name": "Provider Initiated Counselling and Testing"}, "facility": {"code": 13430}}, {"service": {"name": "Management of STIs"}, "facility": {"code": 13430}}, {"service": {"name": "Condom Promotion and Distribution"}, "facility": {"code": 13430}}, {"service": {"name": "Curative Services"}, "facility": {"code": 13299}}, {"service": {"name": "Focused Antenatal Care"}, "facility": {"code": 13299}}, {"service": {"name": "Short Term FP"}, "facility": {"code": 13299}}, {"service": {"name": "PMTCT - ANC"}, "facility": {"code": 13299}}, {"service": {"name": "Diagnostic Counselling and Testing"}, "facility": {"code": 13299}}, {"service": {"name": "Provider Initiated Counselling and Testing"}, "facility": {"code": 13299}}, {"service": {"name": "Management of STIs"}, "facility": {"code": 13299}}, {"service": {"name": "Condom Promotion and Distribution"}, "facility": {"code": 13299}}, {"service": {"name": "Curative Services"}, "facility": {"code": 13422}}, {"service": {"name": "Basic Immunization"}, "facility": {"code": 13422}}, {"service": {"name": "Focused Antenatal Care"}, "facility": {"code": 13422}}, {"service": {"name": "Short Term FP"}, "facility": {"code": 13422}}, {"service": {"name": "PMTCT - ANC"}, "facility": {"code": 13422}}, {"service": {"name": "Diagnostic Counselling and Testing"}, "facility": {"code": 13422}}, {"service": {"name": "Provider Initiated Counselling and Testing"}, "facility": {"code": 13422}}, {"service": {"name": "Management of STIs"}, "facility": {"code": 13422}}, {"service": {"name": "Emergency Obstetric Care"}, "facility": {"code": 10197}}, {"service": {"name": "Laboratory Services"}, "facility": {"code": 10197}}, {"service": {"name": "Curative Services"}, "facility": {"code": 10197}}, {"service": {"name": "Basic Immunization"}, "facility": {"code": 10197}}, {"service": {"name": "Focused Antenatal Care"}, "facility": {"code": 10197}}, {"service": {"name": "Integrated Services"}, "facility": {"code": 10197}}, {"service": {"name": "Long Term FP"}, "facility": {"code": 10197}}, {"service": {"name": "Short Term FP"}, "facility": {"code": 10197}}, {"service": {"name": "PMTCT - ANC"}, "facility": {"code": 10197}}, {"service": {"name": "Early Infant Diagnosis"}, "facility": {"code": 10197}}, {"service": {"name": "Diagnostic Counselling and Testing"}, "facility": {"code": 10197}}, {"service": {"name": "Provider Initiated Counselling and Testing"}, "facility": {"code": 10197}}, {"service": {"name": "Management of STIs"}, "facility": {"code": 10197}}, {"service": {"name": "Condom Promotion and Distribution"}, "facility": {"code": 10197}}, {"service": {"name": "Emergency Obstetric Care"}, "facility": {"code": 10504}}, {"service": {"name": "First Line Treatment"}, "facility": {"code": 10504}}, {"service": {"name": "Focused Antenatal Care"}, "facility": {"code": 10504}}, {"service": {"name": "Integrated Services"}, "facility": {"code": 10504}}, {"service": {"name": "Long Term FP"}, "facility": {"code": 10504}}, {"service": {"name": "Short Term FP"}, "facility": {"code": 10504}}, {"service": {"name": "PMTCT - ANC"}, "facility": {"code": 10504}}, {"service": {"name": "Early Infant Diagnosis"}, "facility": {"code": 10504}}, {"service": {"name": "Diagnostic Counselling and Testing"}, "facility": {"code": 10504}}, {"service": {"name": "Provider Initiated Counselling and Testing"}, "facility": {"code": 10504}}, {"service": {"name": "Management of STIs"}, "facility": {"code": 10504}}, {"service": {"name": "Condom Promotion and Distribution"}, "facility": {"code": 10504}}, {"service": {"name": "Curative Services"}, "facility": {"code": 16491}}, {"service": {"name": "Curative Services"}, "facility": {"code": 16506}}, {"service": {"name": "Curative Services"}, "facility": {"code": 10007}}, {"service": {"name": "Laboratory Services"}, "facility": {"code": 10091}}, {"service": {"name": "Laboratory Services"}, "facility": {"code": 16446}}, {"service": {"name": "Curative Services"}, "facility": {"code": 16446}}, {"service": {"name": "Basic Immunization"}, "facility": {"code": 16446}}, {"service": {"name": "Long Term FP"}, "facility": {"code": 16446}}, {"service": {"name": "Short Term FP"}, "facility": {"code": 16446}}, {"service": {"name": "Diagnostic Counselling and Testing"}, "facility": {"code": 16446}}, {"service": {"name": "Provider Initiated Counselling and Testing"}, "facility": {"code": 16446}}, {"service": {"name": "PMTCT - ANC"}, "facility": {"code": 16446}}, {"service": {"name": "Management of STIs"}, "facility": {"code": 16446}}, {"service": {"name": "Curative Services"}, "facility": {"code": 10561}}, {"service": {"name": "Laboratory Services"}, "facility": {"code": 10232}}, {"service": {"name": "Curative Services"}, "facility": {"code": 10232}}, {"service": {"name": "Focused Antenatal Care"}, "facility": {"code": 10232}}, {"service": {"name": "Long Term FP"}, "facility": {"code": 10232}}, {"service": {"name": "Short Term FP"}, "facility": {"code": 10232}}, {"service": {"name": "PMTCT - ANC"}, "facility": {"code": 10232}}, {"service": {"name": "Management of STIs"}, "facility": {"code": 10232}}, {"service": {"name": "Curative Services"}, "facility": {"code": 16497}}, {"service": {"name": "Focused Antenatal Care"}, "facility": {"code": 16497}}, {"service": {"name": "Short Term FP"}, "facility": {"code": 16497}}, {"service": {"name": "Curative Services"}, "facility": {"code": 11021}}, {"service": {"name": "Laboratory Services"}, "facility": {"code": 10868}}, {"service": {"name": "Curative Services"}, "facility": {"code": 10868}}, {"service": {"name": "Focused Antenatal Care"}, "facility": {"code": 10868}}, {"service": {"name": "Long Term FP"}, "facility": {"code": 10868}}, {"service": {"name": "Short Term FP"}, "facility": {"code": 10868}}, {"service": {"name": "Curative Services"}, "facility": {"code": 11098}}, {"service": {"name": "Emergency Obstetric Care"}, "facility": {"code": 10635}}, {"service": {"name": "Curative Services"}, "facility": {"code": 10635}}, {"service": {"name": "Focused Antenatal Care"}, "facility": {"code": 10635}}, {"service": {"name": "Integrated Services"}, "facility": {"code": 10635}}, {"service": {"name": "Long Term FP"}, "facility": {"code": 10635}}, {"service": {"name": "Short Term FP"}, "facility": {"code": 10635}}, {"service": {"name": "PMTCT - ANC"}, "facility": {"code": 10635}}, {"service": {"name": "Diagnostic Counselling and Testing"}, "facility": {"code": 10635}}, {"service": {"name": "Provider Initiated Counselling and Testing"}, "facility": {"code": 10635}}, {"service": {"name": "Management of STIs"}, "facility": {"code": 10635}}, {"service": {"name": "Emergency Obstetric Care"}, "facility": {"code": 10110}}, {"service": {"name": "Integrated Management of Childhood Illnesses"}, "facility": {"code": 10110}}, {"service": {"name": "Laboratory Services"}, "facility": {"code": 10110}}, {"service": {"name": "Maternity Services"}, "facility": {"code": 10110}}, {"service": {"name": "Curative Services"}, "facility": {"code": 10110}}, {"service": {"name": "First Line Treatment"}, "facility": {"code": 10110}}, {"service": {"name": "Smear Microscopy"}, "facility": {"code": 10110}}, {"service": {"name": "Focused Antenatal Care"}, "facility": {"code": 10110}}, {"service": {"name": "Integrated Services"}, "facility": {"code": 10110}}, {"service": {"name": "Long Term FP"}, "facility": {"code": 10110}}, {"service": {"name": "Short Term FP"}, "facility": {"code": 10110}}, {"service": {"name": "Adult Antiretroviral Therapy"}, "facility": {"code": 10110}}, {"service": {"name": "Paediatric Antiretroviral Therapy"}, "facility": {"code": 10110}}, {"service": {"name": "PMTCT - Maternity"}, "facility": {"code": 10110}}, {"service": {"name": "PMTCT - ANC"}, "facility": {"code": 10110}}, {"service": {"name": "Early Infant Diagnosis"}, "facility": {"code": 10110}}, {"service": {"name": "Diagnostic Counselling and Testing"}, "facility": {"code": 10110}}, {"service": {"name": "Provider Initiated Counselling and Testing"}, "facility": {"code": 10110}}, {"service": {"name": "Voluntary Counselling and Testing"}, "facility": {"code": 10110}}, {"service": {"name": "Management of STIs"}, "facility": {"code": 10110}}, {"service": {"name": "Condom Promotion and Distribution"}, "facility": {"code": 10110}}, {"service": {"name": "Laboratory Services"}, "facility": {"code": 11054}}, {"service": {"name": "Curative Services"}, "facility": {"code": 10070}}, {"service": {"name": "Curative Services"}, "facility": {"code": 16447}}, {"service": {"name": "Rehabilitative Health Services - Physiotherapy"}, "facility": {"code": 10609}}, {"service": {"name": "Mental Health Services"}, "facility": {"code": 10609}}, {"service": {"name": "Ambulance Sevices"}, "facility": {"code": 10609}}, {"service": {"name": "Laboratory Services"}, "facility": {"code": 10609}}, {"service": {"name": "Maternity Services"}, "facility": {"code": 10609}}, {"service": {"name": "Curative Services"}, "facility": {"code": 10609}}, {"service": {"name": "Rehabilitative Health Services - Orthopaedic Technology"}, "facility": {"code": 10609}}, {"service": {"name": "Rehabilitative Health Services - Occupational Health"}, "facility": {"code": 10609}}, {"service": {"name": "First Line Treatment"}, "facility": {"code": 10609}}, {"service": {"name": "Smear Microscopy"}, "facility": {"code": 10609}}, {"service": {"name": "Basic Immunization"}, "facility": {"code": 10609}}, {"service": {"name": "Focused Antenatal Care"}, "facility": {"code": 10609}}, {"service": {"name": "Integrated Services"}, "facility": {"code": 10609}}, {"service": {"name": "Long Term FP"}, "facility": {"code": 10609}}, {"service": {"name": "Short Term FP"}, "facility": {"code": 10609}}, {"service": {"name": "Home Based Care"}, "facility": {"code": 10609}}, {"service": {"name": "Adult Antiretroviral Therapy"}, "facility": {"code": 10609}}, {"service": {"name": "Paediatric Antiretroviral Therapy"}, "facility": {"code": 10609}}, {"service": {"name": "Post Exposure Prophylaxis"}, "facility": {"code": 10609}}, {"service": {"name": "Voluntary Male Circumcision"}, "facility": {"code": 10609}}, {"service": {"name": "PMTCT - Maternity"}, "facility": {"code": 10609}}, {"service": {"name": "PMTCT - ANC"}, "facility": {"code": 10609}}, {"service": {"name": "Early Infant Diagnosis"}, "facility": {"code": 10609}}, {"service": {"name": "Diagnostic Counselling and Testing"}, "facility": {"code": 10609}}, {"service": {"name": "Provider Initiated Counselling and Testing"}, "facility": {"code": 10609}}, {"service": {"name": "Voluntary Counselling and Testing"}, "facility": {"code": 10609}}, {"service": {"name": "Curative Services"}, "facility": {"code": 11052}}, {"service": {"name": "Curative Services"}, "facility": {"code": 10879}}, {"service": {"name": "Curative Services"}, "facility": {"code": 10006}}, {"service": {"name": "Curative Services"}, "facility": {"code": 10011}}, {"service": {"name": "Short Term FP"}, "facility": {"code": 17005}}, {"service": {"name": "Provider Initiated Counselling and Testing"}, "facility": {"code": 17005}}, {"service": {"name": "Emergency Obstetric Care"}, "facility": {"code": 10873}}, {"service": {"name": "Laboratory Services"}, "facility": {"code": 10873}}, {"service": {"name": "Curative Services"}, "facility": {"code": 10873}}, {"service": {"name": "Basic Immunization"}, "facility": {"code": 10873}}, {"service": {"name": "Focused Antenatal Care"}, "facility": {"code": 10873}}, {"service": {"name": "Integrated Services"}, "facility": {"code": 10873}}, {"service": {"name": "PMTCT - ANC"}, "facility": {"code": 10873}}, {"service": {"name": "Early Infant Diagnosis"}, "facility": {"code": 10873}}, {"service": {"name": "Diagnostic Counselling and Testing"}, "facility": {"code": 10873}}, {"service": {"name": "Provider Initiated Counselling and Testing"}, "facility": {"code": 10873}}, {"service": {"name": "Management of STIs"}, "facility": {"code": 10873}}, {"service": {"name": "Condom Promotion and Distribution"}, "facility": {"code": 10873}}, {"service": {"name": "Emergency Obstetric Care"}, "facility": {"code": 11092}}, {"service": {"name": "First Line Treatment"}, "facility": {"code": 11092}}, {"service": {"name": "Smear Microscopy"}, "facility": {"code": 11092}}, {"service": {"name": "Basic Immunization"}, "facility": {"code": 11092}}, {"service": {"name": "Focused Antenatal Care"}, "facility": {"code": 11092}}, {"service": {"name": "Integrated Services"}, "facility": {"code": 11092}}, {"service": {"name": "Long Term FP"}, "facility": {"code": 11092}}, {"service": {"name": "Short Term FP"}, "facility": {"code": 11092}}, {"service": {"name": "PMTCT - ANC"}, "facility": {"code": 11092}}, {"service": {"name": "Early Infant Diagnosis"}, "facility": {"code": 11092}}, {"service": {"name": "Diagnostic Counselling and Testing"}, "facility": {"code": 11092}}, {"service": {"name": "Provider Initiated Counselling and Testing"}, "facility": {"code": 11092}}, {"service": {"name": "Management of STIs"}, "facility": {"code": 11092}}, {"service": {"name": "Condom Promotion and Distribution"}, "facility": {"code": 11092}}, {"service": {"name": "Laboratory Services"}, "facility": {"code": 10109}}, {"service": {"name": "Curative Services"}, "facility": {"code": 10109}}, {"service": {"name": "Emergency Obstetric Care"}, "facility": {"code": 16997}}, {"service": {"name": "Curative Services"}, "facility": {"code": 16997}}, {"service": {"name": "PMTCT - ANC"}, "facility": {"code": 16997}}, {"service": {"name": "Provider Initiated Counselling and Testing"}, "facility": {"code": 16997}}, {"service": {"name": "Emergency Obstetric Care"}, "facility": {"code": 10880}}, {"service": {"name": "First Line Treatment"}, "facility": {"code": 10880}}, {"service": {"name": "Basic Immunization"}, "facility": {"code": 10880}}, {"service": {"name": "Focused Antenatal Care"}, "facility": {"code": 10880}}, {"service": {"name": "Integrated Services"}, "facility": {"code": 10880}}, {"service": {"name": "Long Term FP"}, "facility": {"code": 10880}}, {"service": {"name": "Short Term FP"}, "facility": {"code": 10880}}, {"service": {"name": "PMTCT - ANC"}, "facility": {"code": 10880}}, {"service": {"name": "Early Infant Diagnosis"}, "facility": {"code": 10880}}, {"service": {"name": "Diagnostic Counselling and Testing"}, "facility": {"code": 10880}}, {"service": {"name": "Provider Initiated Counselling and Testing"}, "facility": {"code": 10880}}, {"service": {"name": "Management of STIs"}, "facility": {"code": 10880}}, {"service": {"name": "Condom Promotion and Distribution"}, "facility": {"code": 10880}}, {"service": {"name": "Curative Services"}, "facility": {"code": 10551}}, {"service": {"name": "Long Term FP"}, "facility": {"code": 10551}}, {"service": {"name": "Short Term FP"}, "facility": {"code": 10551}}, {"service": {"name": "Curative Services"}, "facility": {"code": 10563}}, {"service": {"name": "Focused Antenatal Care"}, "facility": {"code": 10563}}, {"service": {"name": "Long Term FP"}, "facility": {"code": 10563}}, {"service": {"name": "Short Term FP"}, "facility": {"code": 10563}}, {"service": {"name": "Emergency Obstetric Care"}, "facility": {"code": 16995}}, {"service": {"name": "Curative Services"}, "facility": {"code": 16995}}, {"service": {"name": "PMTCT - ANC"}, "facility": {"code": 16995}}, {"service": {"name": "Provider Initiated Counselling and Testing"}, "facility": {"code": 16995}}, {"service": {"name": "Curative Services"}, "facility": {"code": 16993}}, {"service": {"name": "Basic Immunization"}, "facility": {"code": 16993}}, {"service": {"name": "Short Term FP"}, "facility": {"code": 16993}}, {"service": {"name": "PMTCT - ANC"}, "facility": {"code": 16993}}, {"service": {"name": "Provider Initiated Counselling and Testing"}, "facility": {"code": 16993}}, {"service": {"name": "Condom Promotion and Distribution"}, "facility": {"code": 16993}}, {"service": {"name": "Emergency Obstetric Care"}, "facility": {"code": 16994}}, {"service": {"name": "Curative Services"}, "facility": {"code": 16994}}, {"service": {"name": "Short Term FP"}, "facility": {"code": 16994}}, {"service": {"name": "PMTCT - ANC"}, "facility": {"code": 16994}}, {"service": {"name": "Provider Initiated Counselling and Testing"}, "facility": {"code": 16994}}, {"service": {"name": "Condom Promotion and Distribution"}, "facility": {"code": 16994}}, {"service": {"name": "Ambulance Sevices"}, "facility": {"code": 16991}}, {"service": {"name": "Oral Health Services (Dental Services)"}, "facility": {"code": 16991}}, {"service": {"name": "Emergency Obstetric Care"}, "facility": {"code": 16991}}, {"service": {"name": "Environmental Health Services"}, "facility": {"code": 16991}}, {"service": {"name": "Services for Sexual Violence Survivors"}, "facility": {"code": 16991}}, {"service": {"name": "Nutrition Services"}, "facility": {"code": 16991}}, {"service": {"name": "Integrated Management of Childhood Illnesses"}, "facility": {"code": 16991}}, {"service": {"name": "Laboratory Services"}, "facility": {"code": 16991}}, {"service": {"name": "Surgical Services"}, "facility": {"code": 16991}}, {"service": {"name": "Maternity Services"}, "facility": {"code": 16991}}, {"service": {"name": "Curative Services"}, "facility": {"code": 16991}}, {"service": {"name": "Services for Female Genital Mutilation (FGM) Survivors"}, "facility": {"code": 16991}}, {"service": {"name": "First Line Treatment"}, "facility": {"code": 16991}}, {"service": {"name": "Smear Microscopy"}, "facility": {"code": 16991}}, {"service": {"name": "Basic Immunization"}, "facility": {"code": 16991}}, {"service": {"name": "Focused Antenatal Care"}, "facility": {"code": 16991}}, {"service": {"name": "Long Term FP"}, "facility": {"code": 16991}}, {"service": {"name": "Short Term FP"}, "facility": {"code": 16991}}, {"service": {"name": "Adult Antiretroviral Therapy"}, "facility": {"code": 16991}}, {"service": {"name": "Paediatric Antiretroviral Therapy"}, "facility": {"code": 16991}}, {"service": {"name": "PMTCT - Maternity"}, "facility": {"code": 16991}}, {"service": {"name": "PMTCT - ANC"}, "facility": {"code": 16991}}, {"service": {"name": "Early Infant Diagnosis"}, "facility": {"code": 16991}}, {"service": {"name": "Diagnostic Counselling and Testing"}, "facility": {"code": 16991}}, {"service": {"name": "Provider Initiated Counselling and Testing"}, "facility": {"code": 16991}}, {"service": {"name": "Management of STIs"}, "facility": {"code": 16991}}, {"service": {"name": "Condom Promotion and Distribution"}, "facility": {"code": 16991}}, {"service": {"name": "Emergency Obstetric Care"}, "facility": {"code": 16992}}, {"service": {"name": "Nutrition Services"}, "facility": {"code": 16992}}, {"service": {"name": "Curative Services"}, "facility": {"code": 16992}}, {"service": {"name": "Basic Immunization"}, "facility": {"code": 16992}}, {"service": {"name": "Long Term FP"}, "facility": {"code": 16992}}, {"service": {"name": "Short Term FP"}, "facility": {"code": 16992}}, {"service": {"name": "Voluntary Male Circumcision"}, "facility": {"code": 16992}}, {"service": {"name": "PMTCT - ANC"}, "facility": {"code": 16992}}, {"service": {"name": "Provider Initiated Counselling and Testing"}, "facility": {"code": 16992}}, {"service": {"name": "Condom Promotion and Distribution"}, "facility": {"code": 16992}}, {"service": {"name": "Management of STIs"}, "facility": {"code": 16992}}, {"service": {"name": "Emergency Obstetric Care"}, "facility": {"code": 17003}}, {"service": {"name": "Curative Services"}, "facility": {"code": 17003}}, {"service": {"name": "Focused Antenatal Care"}, "facility": {"code": 17003}}, {"service": {"name": "Short Term FP"}, "facility": {"code": 17003}}, {"service": {"name": "Condom Promotion and Distribution"}, "facility": {"code": 17003}}, {"service": {"name": "Emergency Obstetric Care"}, "facility": {"code": 10229}}, {"service": {"name": "Laboratory Services"}, "facility": {"code": 10229}}, {"service": {"name": "Curative Services"}, "facility": {"code": 10229}}, {"service": {"name": "Smear Microscopy"}, "facility": {"code": 10229}}, {"service": {"name": "First Line Treatment"}, "facility": {"code": 10229}}, {"service": {"name": "Basic Immunization"}, "facility": {"code": 10229}}, {"service": {"name": "Focused Antenatal Care"}, "facility": {"code": 10229}}, {"service": {"name": "Integrated Services"}, "facility": {"code": 10229}}, {"service": {"name": "Long Term FP"}, "facility": {"code": 10229}}, {"service": {"name": "Short Term FP"}, "facility": {"code": 10229}}, {"service": {"name": "PMTCT - ANC"}, "facility": {"code": 10229}}, {"service": {"name": "Early Infant Diagnosis"}, "facility": {"code": 10229}}, {"service": {"name": "Diagnostic Counselling and Testing"}, "facility": {"code": 10229}}, {"service": {"name": "Provider Initiated Counselling and Testing"}, "facility": {"code": 10229}}, {"service": {"name": "Management of STIs"}, "facility": {"code": 10229}}, {"service": {"name": "Condom Promotion and Distribution"}, "facility": {"code": 10229}}, {"service": {"name": "Emergency Obstetric Care"}, "facility": {"code": 10462}}, {"service": {"name": "Laboratory Services"}, "facility": {"code": 10462}}, {"service": {"name": "Curative Services"}, "facility": {"code": 10462}}, {"service": {"name": "Basic Immunization"}, "facility": {"code": 10462}}, {"service": {"name": "Integrated Services"}, "facility": {"code": 10462}}, {"service": {"name": "Long Term FP"}, "facility": {"code": 10462}}, {"service": {"name": "Short Term FP"}, "facility": {"code": 10462}}, {"service": {"name": "PMTCT - ANC"}, "facility": {"code": 10462}}, {"service": {"name": "Early Infant Diagnosis"}, "facility": {"code": 10462}}, {"service": {"name": "Diagnostic Counselling and Testing"}, "facility": {"code": 10462}}, {"service": {"name": "Provider Initiated Counselling and Testing"}, "facility": {"code": 10462}}, {"service": {"name": "Management of STIs"}, "facility": {"code": 10462}}, {"service": {"name": "Condom Promotion and Distribution"}, "facility": {"code": 10462}}, {"service": {"name": "Curative Services"}, "facility": {"code": 10796}}, {"service": {"name": "Focused Antenatal Care"}, "facility": {"code": 10796}}, {"service": {"name": "Long Term FP"}, "facility": {"code": 10796}}, {"service": {"name": "Short Term FP"}, "facility": {"code": 10796}}, {"service": {"name": "Curative Services"}, "facility": {"code": 16445}}, {"service": {"name": "Long Term FP"}, "facility": {"code": 16445}}, {"service": {"name": "Short Term FP"}, "facility": {"code": 16445}}, {"service": {"name": "Management of STIs"}, "facility": {"code": 16445}}, {"service": {"name": "Curative Services"}, "facility": {"code": 10059}}, {"service": {"name": "Emergency Obstetric Care"}, "facility": {"code": 11130}}, {"service": {"name": "Integrated Management of Childhood Illnesses"}, "facility": {"code": 11130}}, {"service": {"name": "Laboratory Services"}, "facility": {"code": 11130}}, {"service": {"name": "Maternity Services"}, "facility": {"code": 11130}}, {"service": {"name": "Curative Services"}, "facility": {"code": 11130}}, {"service": {"name": "Basic Immunization"}, "facility": {"code": 11130}}, {"service": {"name": "Focused Antenatal Care"}, "facility": {"code": 11130}}, {"service": {"name": "Long Term FP"}, "facility": {"code": 11130}}, {"service": {"name": "Short Term FP"}, "facility": {"code": 11130}}, {"service": {"name": "Integrated Services"}, "facility": {"code": 11130}}, {"service": {"name": "PMTCT - Maternity"}, "facility": {"code": 11130}}, {"service": {"name": "PMTCT - ANC"}, "facility": {"code": 11130}}, {"service": {"name": "Early Infant Diagnosis"}, "facility": {"code": 11130}}, {"service": {"name": "Diagnostic Counselling and Testing"}, "facility": {"code": 11130}}, {"service": {"name": "Provider Initiated Counselling and Testing"}, "facility": {"code": 11130}}, {"service": {"name": "Management of STIs"}, "facility": {"code": 11130}}, {"service": {"name": "Condom Promotion and Distribution"}, "facility": {"code": 11130}}, {"service": {"name": "Emergency Obstetric Care"}, "facility": {"code": 16386}}, {"service": {"name": "Laboratory Services"}, "facility": {"code": 16386}}, {"service": {"name": "Curative Services"}, "facility": {"code": 16386}}, {"service": {"name": "Basic Immunization"}, "facility": {"code": 16386}}, {"service": {"name": "Integrated Services"}, "facility": {"code": 16386}}, {"service": {"name": "Focused Antenatal Care"}, "facility": {"code": 16386}}, {"service": {"name": "PMTCT - ANC"}, "facility": {"code": 16386}}, {"service": {"name": "Early Infant Diagnosis"}, "facility": {"code": 16386}}], "unique_fields": ["facility", "service"], "model": "facilities.FacilityService"}]