[
    {   "unique_fields": ["name"],
        "model": "mfl_gis.GeoCodeSource",
        "records": [{"name": "MFL RRI BY DHRIO"}, {"name": "Facilities"}, {"name": "Konde"}, {"name": "MFL RRI UPDATE"}, {"name": "MFL RRI"}, {"name": "DHMT Transmara"}, {"name": "others"}, {"name": "Infront of reception"}, {"name": "MOH-DHRIO"}, {"name": "HMIS,DHRIO"}, {"name": "SARAM KENYA"}, {"name": "DPHN/ Medical Engineering Deaprtment"}, {"name": "MOH"}, {"name": "290"}, {"name": "MANDERA WEST DHMT"}, {"name": "1149.500000"}, {"name": "DHMT-KYUSO"}, {"name": "ETREX GPS"}, {"name": "MOH-CCI Activity"}, {"name": "phone"}, {"name": "Taken by GPS"}, {"name": "291"}, {"name": "4151ft"}, {"name": "BOGITA"}, {"name": "HMIS"}, {"name": "Chuka DHIS"}, {"name": "I GIS"}, {"name": "taken by DHRIO LAIKIPIA NYAHURURU"}, {"name": "taken by Dhrio Laikipia west /Nyahururu"}, {"name": "DHMT Mombasa"}, {"name": "Aska Basweti"}, {"name": "Geo codes"}, {"name": "MOH-Nakuru"}, {"name": "MOH GPS"}, {"name": "DPHN/ MEDICAL ENGINEERING DEPARTMENT"}, {"name": "DHMT TSEIKURU"}, {"name": "DHM"}, {"name": "GPS READING"}, {"name": "MOPHS-DHMT"}, {"name": "GRS"}, {"name": "DMOH-CCI Acitivty"}, {"name": "Kwale - DHMT"}, {"name": "DHMT Superv GIS"}, {"name": "DHMT - KWALE"}, {"name": "his"}, {"name": "MOPHS"}, {"name": "1936"}, {"name": "DVI-DHMT"}, {"name": "Monyancha"}, {"name": "D"}, {"name": "Reception"}, {"name": "GPRS MACHINE"}, {"name": "SARAM 2013"}, {"name": "Records Department"}, {"name": "228"}, {"name": "DHRIO office"}, {"name": "GPRS"}, {"name": "GSP"}, {"name": "Taken By DHRIO During MFL Update RRI"}, {"name": "GPS"}, {"name": "13777"}, {"name": "Taken with GPS by DHRIO Laikipia West"}, {"name": "HCT Mapping 2010"}, {"name": "Health Records & information dept"}, {"name": "Gate"}, {"name": "GPS Mapping"}, {"name": "DMOH- CCI activity"}, {"name": "ETREX GPRS"}, {"name": "Registry"}, {"name": "DHMT GIS"}, {"name": "GPS MACHINE"}, {"name": "DMOH"}, {"name": "GPS,DHRIO"}, {"name": "DHMT"}, {"name": "DHMT-KWALE"}, {"name": "MDH"}, {"name": "Taken by DHRIO Laikipia West"}, {"name": "4"}, {"name": "KEMRI"}, {"name": "GBS"}, {"name": "Google Maps"}, {"name": "taken by Dhrio Laikipia west/Nyahururu"}, {"name": "DTMT"}, {"name": "GPR Machine"}, {"name": "GOK"}, {"name": "HMIS, DHRIO"}, {"name": "MOH - DHRIO"}, {"name": "MOH Taita"}, {"name": "HMIS) - Nov 2011"}, {"name": "Taken by DHRIO Laikipia West   http://www.panoramio.com/photo/41887428"}, {"name": "DHRIO Nyando"}, {"name": "KEPI Inventory exercise"}, {"name": "KEMRI GIS MERGE"}, {"name": "Sublocation Centroid Exercise of MOH/ICF Macro"}, {"name": "DHRIO LAIKIPIA WEST"}, {"name": "DHRIO LAIKIPIA WEST NYAHURURU"}, {"name": "G"}, {"name": "CHRIO"}, {"name": "Government"}, {"name": "MOPHS (DHRIO)"}, {"name": "chirchir"}, {"name": "MFL RRI EEXERCISE"}, {"name": "SARAMA"}, {"name": "DHRIO (MOPHS)"}, {"name": "DHMT MANDERA WEST"}, {"name": "Cold Chain Inventory (MoH/PATH/WHO) - Feb 2011"}, {"name": "Cold Chain Inventory (MoH/PATH/WHO)  Feb 2011"}, {"name": "SCHMT"}, {"name": "FACILTY"}, {"name": "MFL RRI EXERCISE"}, {"name": "SCHT"}, {"name": "HRIO"}, {"name": "Taken with GPS Device"}, {"name": "DHRIO-Nzuia"}, {"name": "Ministry of Health"}, {"name": "GPS gatchet"}, {"name": "GP 60"}, {"name": "MOH Gilgi"}, {"name": "238"}, {"name": "RRI EXERCISE"}, {"name": "Tabken by DHRIO"}, {"name": "Taken by James K Saina DHRIO Laikipia West"}, {"name": "MOH Mapping"}, {"name": "geo codes gachet"}, {"name": "John Monyancha"}, {"name": "DHIS"}, {"name": "DHRIO Mandera West"}, {"name": "Gatundu District"}, {"name": "44"}, {"name": "HMIS OFFICE"}, {"name": "DHMT Kwale"}, {"name": "Taken By DHRIO SARAM Project"}, {"name": "DHMT Kuria West"}, {"name": "MOH Naivasha"}, {"name": "mohtaita"}, {"name": "beoc"}, {"name": "DHRIO - MOH"}, {"name": "Khonde"}, {"name": "289"}, {"name": "GLUK"}, {"name": "Moh-Naivasha"}, {"name": "GIS"}, {"name": "Taken by DHRIO with GPS machine"}, {"name": "MOH- GPRS"}, {"name": "DHMT GIS MERGE"}, {"name": "Manual"}, {"name": "1556"}, {"name": "1"}, {"name": "mobile"}, {"name": "google map"}, {"name": "gp"}, {"name": "Chmt"}, {"name": "Taken by DHRIO"}, {"name": "MFL RRI EEXERCISE by DHRIO"}, {"name": "DHRIO-NZAUI"}, {"name": "DHRIO office Nyando"}, {"name": "MFL"}, {"name": "d dExercise of MOH/ICF Macro"}, {"name": "Dphn/Med Eng Officer"}, {"name": "MAPPING"}, {"name": "DMHT"}, {"name": "GPS MOH"}, {"name": "Beatrice"}, {"name": "SCHRIO"}, {"name": "DHRIO"}, {"name": "other"}, {"name": "taken by Dhrio laikipia/Nyahururu"}, {"name": "Health records & information office"}, {"name": "00"}, {"name": "saram servey"}, {"name": "HMIS GPS"}, {"name": "0000"}, {"name": "NA"}, {"name": "DMOH-CCI Activity"}, {"name": "0"}, {"name": "Gatu"}, {"name": "012"}, {"name": "SARAM"}, {"name": "DHMT Nakuru"}, {"name": "DMOH_CCI Activity"}, {"name": "ministry"}]

    }
]
