[{"records": [{"code": 14618, "location_desc": null, "official_name": "Kabiemit Dispensary (Mosop)", "owner": {"name": "Ministry of Health"}, "keph_level": {"name": "Level 2"}, "ward": {"code": 778}, "number_of_cots": 0, "town": {"name": "eldoret"}, "name": "Kabiemit Dispensary (Mosop)", "created": "2009-10-31T00:00:00+00:00", "regulatory_body": {"name": "Ministry of Health"}, "facility_type": {"name": "Dispensary"}, "plot_number": " ", "operation_status": {"name": "Operational"}, "number_of_beds": 0}, {"code": 14621, "location_desc": null, "official_name": "Kabisaga Dispensary", "owner": {"name": "Ministry of Health"}, "keph_level": {"name": "Level 2"}, "ward": {"code": 779}, "number_of_cots": 0, "town": {"name": "kapsabet"}, "name": "Kabisaga Dispensary", "created": "2009-10-31T00:00:00+00:00", "regulatory_body": {"name": "Ministry of Health"}, "facility_type": {"name": "Dispensary"}, "plot_number": " ", "operation_status": {"name": "Operational"}, "number_of_beds": 0}, {"code": 14625, "location_desc": null, "official_name": "Kaboeito Dispensary", "owner": {"name": "Ministry of Health"}, "keph_level": {"name": "Level 2"}, "ward": {"code": 951}, "number_of_cots": 0, "town": {"name": "ngoina estate"}, "name": "Kaboeito Dispensary", "created": "2009-10-31T00:00:00+00:00", "regulatory_body": {"name": "Ministry of Health"}, "facility_type": {"name": "Dispensary"}, "plot_number": null, "operation_status": {"name": "Operational"}, "number_of_beds": 0}, {"code": 14626, "location_desc": "Along Emurua Dikirr-Chebunyo Road", "official_name": "Kabolecho Dispensary", "owner": {"name": "Ministry of Health"}, "keph_level": {"name": "Level 2"}, "ward": {"code": 890}, "number_of_cots": 0, "town": {"name": "kabolecho market"}, "name": "Kabolecho Dispensary", "created": "2009-10-31T00:00:00+00:00", "regulatory_body": {"name": "Ministry of Health"}, "facility_type": {"name": "Dispensary"}, "plot_number": null, "operation_status": {"name": "Operational"}, "number_of_beds": 0}, {"code": 14627, "location_desc": null, "official_name": "Kaborok Dispensary", "owner": {"name": "Ministry of Health"}, "keph_level": {"name": "Level 2"}, "ward": {"code": 958}, "number_of_cots": 0, "town": {"name": "sosiot"}, "name": "Kaborok Dispensary", "created": "2009-10-31T00:00:00+00:00", "regulatory_body": {"name": "Ministry of Health"}, "facility_type": {"name": "Dispensary"}, "plot_number": null, "operation_status": {"name": "Operational"}, "number_of_beds": 0}, {"code": 14687, "location_desc": "Kangatosa Trading Centre", "official_name": "Kangatosa Dispensary", "owner": {"name": "Ministry of Health"}, "keph_level": {"name": "Level 2"}, "ward": {"code": 625}, "number_of_cots": 0, "town": {"name": "lodwar"}, "name": "Kangatosa Dispensary", "created": "2009-10-31T00:00:00+00:00", "regulatory_body": {"name": "Ministry of Health"}, "facility_type": {"name": "Dispensary"}, "plot_number": null, "operation_status": {"name": "Operational"}, "number_of_beds": 0}, {"code": 14632, "location_desc": null, "official_name": "Kabunyeria Health Centre", "owner": {"name": "Ministry of Health"}, "keph_level": {"name": "Level 2"}, "ward": {"code": 751}, "number_of_cots": 0, "town": {"name": "nandi hills"}, "name": "Kabunyeria Health Centre", "created": "2009-10-31T00:00:00+00:00", "regulatory_body": {"name": "Ministry of Health"}, "facility_type": {"name": "Health Centre"}, "plot_number": null, "operation_status": {"name": "Operational"}, "number_of_beds": 3}, {"code": 14633, "location_desc": null, "official_name": "Kabutii-Matiret Dispensary", "owner": {"name": "Ministry of Health"}, "keph_level": {"name": "Level 2"}, "ward": {"code": 1226}, "number_of_cots": 0, "town": {"name": "sondu"}, "name": "Kabutii-Matiret Dispensary", "created": "2009-10-31T00:00:00+00:00", "regulatory_body": {"name": "Ministry of Health"}, "facility_type": {"name": "Dispensary"}, "plot_number": null, "operation_status": {"name": "Operational"}, "number_of_beds": 3}, {"code": 14641, "location_desc": "Kapenguria Siyoi road,Siyoi Kaibos trading Center", "official_name": "Kaibos Dipensary", "owner": {"name": "Ministry of Health"}, "keph_level": {"name": "Level 2"}, "ward": {"code": 644}, "number_of_cots": 0, "town": {"name": "kapenguria"}, "name": "Kaibos Dipensary", "created": "2009-10-31T00:00:00+00:00", "regulatory_body": {"name": "Ministry of Health"}, "facility_type": {"name": "Dispensary"}, "plot_number": null, "operation_status": {"name": "Operational"}, "number_of_beds": 0}, {"code": 14645, "location_desc": "Kitale -Lodwar road", "official_name": "Kainuk Health Centre", "owner": {"name": "Ministry of Health"}, "keph_level": {"name": "Level 3"}, "ward": {"code": 635}, "number_of_cots": 2, "town": {"name": "kainuk"}, "name": "Kainuk Health Centre", "created": "2009-10-31T00:00:00+00:00", "regulatory_body": {"name": "Ministry of Health"}, "facility_type": {"name": "Health Centre"}, "plot_number": null, "operation_status": {"name": "Operational"}, "number_of_beds": 6}, {"code": 14649, "location_desc": null, "official_name": "Kaitui Dispensary", "owner": {"name": "Ministry of Health"}, "keph_level": {"name": "Level 2"}, "ward": {"code": 964}, "number_of_cots": 0, "town": {"name": "kericho"}, "name": "Kaitui Dispensary", "created": "2009-10-31T00:00:00+00:00", "regulatory_body": {"name": "Ministry of Health"}, "facility_type": {"name": "Dispensary"}, "plot_number": null, "operation_status": {"name": "Operational"}, "number_of_beds": 2}, {"code": 14674, "location_desc": null, "official_name": "Kamogo health centre", "owner": {"name": "Ministry of Health"}, "keph_level": {"name": "Level 3"}, "ward": {"code": 732}, "number_of_cots": 0, "town": {"name": "kapsowar"}, "name": "Kamogo Health Centre", "created": "2009-10-31T00:00:00+00:00", "regulatory_body": {"name": "Ministry of Health"}, "facility_type": {"name": "Health Centre"}, "plot_number": null, "operation_status": {"name": "Operational"}, "number_of_beds": 0}, {"code": 14801, "location_desc": "Near the Karagita Shopping Centre on Moi Road.", "official_name": "Karagita Dispensary", "owner": {"name": "Ministry of Health"}, "keph_level": {"name": "Level 2"}, "ward": {"code": 837}, "number_of_cots": 7, "town": {"name": "karagita shopping centre"}, "name": "Karagita Dispensary", "created": "2009-10-31T00:00:00+00:00", "regulatory_body": {"name": "Ministry of Health"}, "facility_type": {"name": "Dispensary"}, "plot_number": null, "operation_status": {"name": "Operational"}, "number_of_beds": 2}, {"code": 14675, "location_desc": null, "official_name": "Kamoi Dispensary", "owner": {"name": "Ministry of Health"}, "keph_level": {"name": "Level 2"}, "ward": {"code": 736}, "number_of_cots": 0, "town": {"name": "kitale"}, "name": "Kamoi Dispensary", "created": "2009-10-31T00:00:00+00:00", "regulatory_body": {"name": "Ministry of Health"}, "facility_type": {"name": "Dispensary"}, "plot_number": null, "operation_status": {"name": "Operational"}, "number_of_beds": 0}, {"code": 14659, "location_desc": null, "official_name": "Kalalu Dispensary", "owner": {"name": "Ministry of Health"}, "keph_level": {"name": "Level 2"}, "ward": {"code": 821}, "number_of_cots": 0, "town": {"name": "nanyuki"}, "name": "Kalalu Dispensary", "created": "2009-10-31T00:00:00+00:00", "regulatory_body": {"name": "Ministry of Health"}, "facility_type": {"name": "Dispensary"}, "plot_number": null, "operation_status": {"name": "Operational"}, "number_of_beds": 0}, {"code": 14660, "location_desc": null, "official_name": "Kalemungorok Dispensary", "owner": {"name": "Ministry of Health"}, "keph_level": {"name": "Level 2"}, "ward": {"code": 634}, "number_of_cots": 0, "town": {"name": "kalemungorok"}, "name": "Kalemungorok Dispensary", "created": "2009-10-31T00:00:00+00:00", "regulatory_body": {"name": "Ministry of Health"}, "facility_type": {"name": "Dispensary"}, "plot_number": " ", "operation_status": {"name": "Operational"}, "number_of_beds": 0}, {"code": 14664, "location_desc": null, "official_name": "Kalwal Dispensary", "owner": {"name": "Ministry of Health"}, "keph_level": {"name": "Level 2"}, "ward": {"code": 748}, "number_of_cots": 0, "town": {"name": "iten"}, "name": "Kalwal Dispensary", "created": "2009-10-31T00:00:00+00:00", "regulatory_body": {"name": "Ministry of Health"}, "facility_type": {"name": "Dispensary"}, "plot_number": null, "operation_status": {"name": "Operational"}, "number_of_beds": 0}, {"code": 14667, "location_desc": "Next to Kamaget market", "official_name": "Kamaget Dispensary (Trans Mara)", "owner": {"name": "Ministry of Health"}, "keph_level": {"name": "Level 2"}, "ward": {"code": 887}, "number_of_cots": 0, "town": {"name": "kamaget market"}, "name": "Kamaget Dispensary (Trans Mara)", "created": "2009-10-31T00:00:00+00:00", "regulatory_body": {"name": "Ministry of Health"}, "facility_type": {"name": "Dispensary"}, "plot_number": null, "operation_status": {"name": "Operational"}, "number_of_beds": 0}, {"code": 14744, "location_desc": "kaptagat road ,kapngosor centre", "official_name": "Kapngetuny Dispensary", "owner": {"name": "Ministry of Health"}, "keph_level": {"name": "Level 2"}, "ward": {"code": 721}, "number_of_cots": 0, "town": {"name": "eldoret"}, "name": "Kapngetuny Dispensary", "created": "2009-10-31T00:00:00+00:00", "regulatory_body": {"name": "Ministry of Health"}, "facility_type": {"name": "Dispensary"}, "plot_number": null, "operation_status": {"name": "Operational"}, "number_of_beds": 5}, {"code": 14672, "location_desc": "Along Meteitei - Songhor Road", "official_name": "Kamelil Dispensary (Tinderet)", "owner": {"name": "Ministry of Health"}, "keph_level": {"name": "Level 2"}, "ward": {"code": 752}, "number_of_cots": 0, "town": {"name": "nandi hills"}, "name": "Kamelil Dispensary (Tinderet)", "created": "2009-10-31T00:00:00+00:00", "regulatory_body": {"name": "Ministry of Health"}, "facility_type": {"name": "Dispensary"}, "plot_number": null, "operation_status": {"name": "Operational"}, "number_of_beds": 0}, {"code": 14653, "location_desc": null, "official_name": "Kakiptui Dispensary", "owner": {"name": "Ministry of Health"}, "keph_level": {"name": "Level 2"}, "ward": {"code": 961}, "number_of_cots": 0, "town": {"name": "kericho"}, "name": "Kakiptui Dispensary", "created": "2009-10-31T00:00:00+00:00", "regulatory_body": {"name": "Ministry of Health"}, "facility_type": {"name": "Dispensary"}, "plot_number": null, "operation_status": {"name": "Operational"}, "number_of_beds": 3}, {"code": 14676, "location_desc": "Kamongil Dispensary is located  trading Ccentre", "official_name": "Kamongil Dispensary", "owner": {"name": "Ministry of Health"}, "keph_level": {"name": "Level 2"}, "ward": {"code": 974}, "number_of_cots": 0, "town": {"name": "kaboson market"}, "name": "Kamongil Dispensary", "created": "2009-10-31T00:00:00+00:00", "regulatory_body": {"name": "Ministry of Health"}, "facility_type": {"name": "Dispensary"}, "plot_number": null, "operation_status": {"name": "Operational"}, "number_of_beds": 0}, {"code": 14679, "location_desc": "Next to Moi Sorget Secondary School", "official_name": "Kamwingi Dispensary", "owner": {"name": "Ministry of Health"}, "keph_level": {"name": "Level 2"}, "ward": {"code": 939}, "number_of_cots": 0, "town": {"name": "londiani"}, "name": "Kamwingi Dispensary", "created": "2009-10-31T00:00:00+00:00", "regulatory_body": {"name": "Ministry of Health"}, "facility_type": {"name": "Dispensary"}, "plot_number": null, "operation_status": {"name": "Operational"}, "number_of_beds": 4}, {"code": 14686, "location_desc": null, "official_name": "Kangakipur Dispensary", "owner": {"name": "Ministry of Health"}, "keph_level": {"name": "Level 2"}, "ward": {"code": 636}, "number_of_cots": 0, "town": {"name": "lokichar"}, "name": "Kangakipur Dispensary", "created": "2009-10-31T00:00:00+00:00", "regulatory_body": {"name": "Ministry of Health"}, "facility_type": {"name": "Dispensary"}, "plot_number": " ", "operation_status": {"name": "Operational"}, "number_of_beds": 0}, {"code": 14345, "location_desc": "6 km Wesst of  kaptumo markert ", "official_name": "Chepkongony Dispensary", "owner": {"name": "Ministry of Health"}, "keph_level": {"name": "Level 2"}, "ward": {"code": 759}, "number_of_cots": 0, "town": {"name": "kaptumo market"}, "name": "Chepkongony Dispensary", "created": "2009-10-31T00:00:00+00:00", "regulatory_body": {"name": "Ministry of Health"}, "facility_type": {"name": "Dispensary"}, "plot_number": "nandi/chepkongony centre/27", "operation_status": {"name": "Operational"}, "number_of_beds": 0}, {"code": 14670, "location_desc": null, "official_name": "Kamasia Health Center", "owner": {"name": "Ministry of Health"}, "keph_level": {"name": "Level 3"}, "ward": {"code": 731}, "number_of_cots": 0, "town": {"name": "kapsowar"}, "name": "Kamasia Health Centre", "created": "2009-10-31T00:00:00+00:00", "regulatory_body": {"name": "Ministry of Health"}, "facility_type": {"name": "Health Centre"}, "plot_number": null, "operation_status": {"name": "Operational"}, "number_of_beds": 0}, {"code": 14708, "location_desc": null, "official_name": "Kapkeburu Dispensary", "owner": {"name": "Ministry of Health"}, "keph_level": {"name": "Level 2"}, "ward": {"code": 962}, "number_of_cots": 0, "town": {"name": "kiptere"}, "name": "Kapkeburu Dispensary", "created": "2009-10-31T00:00:00+00:00", "regulatory_body": {"name": "Ministry of Health"}, "facility_type": {"name": "Dispensary"}, "plot_number": null, "operation_status": {"name": "Operational"}, "number_of_beds": 0}, {"code": 14694, "location_desc": null, "official_name": "Kapchepkor  Dispensary", "owner": {"name": "Ministry of Health"}, "keph_level": {"name": "Level 2"}, "ward": {"code": 790}, "number_of_cots": 0, "town": {"name": "kabartonjo"}, "name": "Kapchepkor Dispensary", "created": "2009-10-31T00:00:00+00:00", "regulatory_body": {"name": "Ministry of Health"}, "facility_type": {"name": "Dispensary"}, "plot_number": null, "operation_status": {"name": "Operational"}, "number_of_beds": 0}, {"code": 14717, "location_desc": "3 Kms from Mulot Market", "official_name": "Kapkimolwa Dispensary", "owner": {"name": "Ministry of Health"}, "keph_level": {"name": "Level 2"}, "ward": {"code": 978}, "number_of_cots": 0, "town": {"name": "mulot market"}, "name": "Kapkimolwa Dispensary", "created": "2009-10-31T00:00:00+00:00", "regulatory_body": {"name": "Ministry of Health"}, "facility_type": {"name": "Dispensary"}, "plot_number": null, "operation_status": {"name": "Operational"}, "number_of_beds": 0}, {"code": 14689, "location_desc": null, "official_name": "Kanyarkwat Dispensary", "owner": {"name": "Ministry of Health"}, "keph_level": {"name": "Level 2"}, "ward": {"code": 641}, "number_of_cots": 0, "town": {"name": "kapenguria"}, "name": "Kanyarkwat Dispensary", "created": "2009-10-31T00:00:00+00:00", "regulatory_body": {"name": "Ministry of Health"}, "facility_type": {"name": "Dispensary"}, "plot_number": null, "operation_status": {"name": "Operational"}, "number_of_beds": 0}, {"code": 14692, "location_desc": null, "official_name": "Kapchelal Dispensary", "owner": {"name": "Ministry of Health"}, "keph_level": {"name": "Level 2"}, "ward": {"code": 741}, "number_of_cots": 0, "town": {"name": "iten"}, "name": "Kapchelal Dispensary", "created": "2009-10-31T00:00:00+00:00", "regulatory_body": {"name": "Ministry of Health"}, "facility_type": {"name": "Dispensary"}, "plot_number": null, "operation_status": {"name": "Operational"}, "number_of_beds": 0}, {"code": 14707, "location_desc": null, "official_name": "Kapkeben Dispensary", "owner": {"name": "Ministry of Health"}, "keph_level": {"name": "Level 2"}, "ward": {"code": 755}, "number_of_cots": 0, "town": {"name": "kobujoi market"}, "name": "Kapkeben Dispensary", "created": "2009-10-31T00:00:00+00:00", "regulatory_body": {"name": "Ministry of Health"}, "facility_type": {"name": "Dispensary"}, "plot_number": "nandi/chepterit/459", "operation_status": {"name": "Operational"}, "number_of_beds": 0}, {"code": 14705, "location_desc": null, "official_name": "Kapkata Dispensary", "owner": {"name": "Ministry of Health"}, "keph_level": {"name": "Level 2"}, "ward": {"code": 740}, "number_of_cots": 0, "town": {"name": "kapsowar"}, "name": "Kapkata Dispensary", "created": "2009-10-31T00:00:00+00:00", "regulatory_body": {"name": "Ministry of Health"}, "facility_type": {"name": "Dispensary"}, "plot_number": null, "operation_status": {"name": "Operational"}, "number_of_beds": 0}, {"code": 14709, "location_desc": "Near Kapkein Trading Center", "official_name": "Kapkein Dispensary", "owner": {"name": "Ministry of Health"}, "keph_level": {"name": "Level 2"}, "ward": {"code": 802}, "number_of_cots": 0, "town": {"name": "mogotio"}, "name": "Kapkein Dispensary", "created": "2009-10-31T00:00:00+00:00", "regulatory_body": {"name": "Ministry of Health"}, "facility_type": {"name": "Dispensary"}, "plot_number": null, "operation_status": {"name": "Operational"}, "number_of_beds": 0}, {"code": 14710, "location_desc": null, "official_name": "Kapkelelwa  Dispensary", "owner": {"name": "Ministry of Health"}, "keph_level": {"name": "Level 2"}, "ward": {"code": 794}, "number_of_cots": 0, "town": {"name": "kabarnet"}, "name": "Kapkelelwa Dispensary", "created": "2009-10-31T00:00:00+00:00", "regulatory_body": {"name": "Ministry of Health"}, "facility_type": {"name": "Dispensary"}, "plot_number": null, "operation_status": {"name": "Operational"}, "number_of_beds": 6}, {"code": 14711, "location_desc": null, "official_name": "Kapkenyeloi Dispensary", "owner": {"name": "Ministry of Health"}, "keph_level": {"name": "Level 2"}, "ward": {"code": 774}, "number_of_cots": 0, "town": {"name": "kapsabet"}, "name": "Kapkenyeloi Dispensary", "created": "2009-10-31T00:00:00+00:00", "regulatory_body": {"name": "Ministry of Health"}, "facility_type": {"name": "Dispensary"}, "plot_number": " ", "operation_status": {"name": "Operational"}, "number_of_beds": 0}, {"code": 14714, "location_desc": "Located along Bomet Sigor Road", "official_name": "Kapkesosio Dispensary", "owner": {"name": "Ministry of Health"}, "keph_level": {"name": "Level 2"}, "ward": {"code": 972}, "number_of_cots": 0, "town": {"name": "bomet"}, "name": "Kapkesosio Dispensary", "created": "2009-10-31T00:00:00+00:00", "regulatory_body": {"name": "Ministry of Health"}, "facility_type": {"name": "Dispensary"}, "plot_number": null, "operation_status": {"name": "Operational"}, "number_of_beds": 4}, {"code": 15704, "location_desc": "Off Chebara River (Sigor) about 20km from Sigor town", "official_name": "Tamkal Dispensary", "owner": {"name": "Ministry of Health"}, "keph_level": {"name": "Level 2"}, "ward": {"code": 650}, "number_of_cots": 0, "town": {"name": "sigor"}, "name": "Tamkal Dispensary", "created": "2009-10-31T00:00:00+00:00", "regulatory_body": {"name": "Ministry of Health"}, "facility_type": {"name": "Dispensary"}, "plot_number": null, "operation_status": {"name": "Operational"}, "number_of_beds": 0}, {"code": 14735, "location_desc": null, "official_name": "Kaplel Dispensary", "owner": {"name": "Ministry of Health"}, "keph_level": {"name": "Level 2"}, "ward": {"code": 794}, "number_of_cots": 0, "town": {"name": "kabarnet"}, "name": "Kaplel Dispensary", "created": "2009-10-31T00:00:00+00:00", "regulatory_body": {"name": "Ministry of Health"}, "facility_type": {"name": "Dispensary"}, "plot_number": "339", "operation_status": {"name": "Operational"}, "number_of_beds": 0}, {"code": 14688, "location_desc": "3 Kms  Towards Off  The Junction Chebole -Bomet Road", "official_name": "Kanusin Dispensary", "owner": {"name": "Ministry of Health"}, "keph_level": {"name": "Level 2"}, "ward": {"code": 968}, "number_of_cots": 0, "town": {"name": "sotik"}, "name": "Kanusin Dispensary", "created": "2009-10-31T00:00:00+00:00", "regulatory_body": {"name": "Ministry of Health"}, "facility_type": {"name": "Dispensary"}, "plot_number": null, "operation_status": {"name": "Operational"}, "number_of_beds": 2}, {"code": 14723, "location_desc": null, "official_name": "Kapkole Dispensary", "owner": {"name": "Ministry of Health"}, "keph_level": {"name": "Level 2"}, "ward": {"code": 793}, "number_of_cots": 0, "town": {"name": "kabarnet"}, "name": "Kapkole Dispensary", "created": "2009-10-31T00:00:00+00:00", "regulatory_body": {"name": "Ministry of Health"}, "facility_type": {"name": "Dispensary"}, "plot_number": null, "operation_status": {"name": "Operational"}, "number_of_beds": 0}, {"code": 14724, "location_desc": "8Km South-East  of Kobujoi market along Kaptumo _Kobujoi Road", "official_name": "Kapkolei Dispensary", "owner": {"name": "Ministry of Health"}, "keph_level": {"name": "Level 2"}, "ward": {"code": 760}, "number_of_cots": 0, "town": {"name": "kobujoi market"}, "name": "Kapkolei Dispensary", "created": "2009-10-31T00:00:00+00:00", "regulatory_body": {"name": "Ministry of Health"}, "facility_type": {"name": "Dispensary"}, "plot_number": "nandi /kapkolei /153", "operation_status": {"name": "Operational"}, "number_of_beds": 0}, {"code": 14729, "location_desc": null, "official_name": "Kapkuei Dispensary", "owner": {"name": "Ministry of Health"}, "keph_level": {"name": "Level 2"}, "ward": {"code": 796}, "number_of_cots": 0, "town": {"name": "kabarnet"}, "name": "Kapkuei Dispensary", "created": "2009-10-31T00:00:00+00:00", "regulatory_body": {"name": "Ministry of Health"}, "facility_type": {"name": "Dispensary"}, "plot_number": null, "operation_status": {"name": "Operational"}, "number_of_beds": 0}, {"code": 14730, "location_desc": null, "official_name": "Kapkurer Dispensary (Kericho)", "owner": {"name": "Ministry of Health"}, "keph_level": {"name": "Level 2"}, "ward": {"code": 945}, "number_of_cots": 0, "town": {"name": "kericho"}, "name": "Kapkurer Dispensary (Kericho)", "created": "2009-10-31T00:00:00+00:00", "regulatory_body": {"name": "Ministry of Health"}, "facility_type": {"name": "Dispensary"}, "plot_number": " ", "operation_status": {"name": "Unknown"}, "number_of_beds": 0}, {"code": 14716, "location_desc": null, "official_name": "Kapkiamo Dispensary", "owner": {"name": "Ministry of Health"}, "keph_level": {"name": "Level 2"}, "ward": {"code": 789}, "number_of_cots": 0, "town": {"name": "kabartonjo"}, "name": "Kapkiamo Dispensary", "created": "2009-10-31T00:00:00+00:00", "regulatory_body": {"name": "Ministry of Health"}, "facility_type": {"name": "Dispensary"}, "plot_number": null, "operation_status": {"name": "Operational"}, "number_of_beds": 0}, {"code": 14733, "location_desc": null, "official_name": "Kapkures Dispensary (Nakuru Central)", "owner": {"name": "Ministry of Health"}, "keph_level": {"name": "Level 2"}, "ward": {"code": 860}, "number_of_cots": 0, "town": {"name": "nakuru town"}, "name": "Kapkures Dispensary (Nakuru Central)", "created": "2009-10-31T00:00:00+00:00", "regulatory_body": {"name": "Ministry of Health"}, "facility_type": {"name": "Dispensary"}, "plot_number": " ", "operation_status": {"name": "Operational"}, "number_of_beds": 0}, {"code": 14693, "location_desc": "Located on Chepkorniswo Sina highway,7km from Chepareria town", "official_name": "Kapchemogen Dispensary", "owner": {"name": "Ministry of Health"}, "keph_level": {"name": "Level 2"}, "ward": {"code": 657}, "number_of_cots": 0, "town": {"name": "chepareria"}, "name": "Kapchemogen Dispensary", "created": "2009-10-31T00:00:00+00:00", "regulatory_body": {"name": "Ministry of Health"}, "facility_type": {"name": "Dispensary"}, "plot_number": null, "operation_status": {"name": "Operational"}, "number_of_beds": 0}, {"code": 14743, "location_desc": null, "official_name": "Kapluk Dispensary", "owner": {"name": "Ministry of Health"}, "keph_level": {"name": "Level 2"}, "ward": {"code": 793}, "number_of_cots": 0, "town": {"name": "kabartonjo"}, "name": "Kapluk Dispensary", "created": "2009-10-31T00:00:00+00:00", "regulatory_body": {"name": "Ministry of Health"}, "facility_type": {"name": "Dispensary"}, "plot_number": null, "operation_status": {"name": "Operational"}, "number_of_beds": 0}, {"code": 14736, "location_desc": null, "official_name": "Kaplelach Chepyakwai", "owner": {"name": "Ministry of Health"}, "keph_level": {"name": "Level 2"}, "ward": {"code": 724}, "number_of_cots": 0, "town": {"name": "eldoret"}, "name": "Kaplelach Chepyakwai", "created": "2009-10-31T00:00:00+00:00", "regulatory_body": {"name": "Ministry of Health"}, "facility_type": {"name": "Dispensary"}, "plot_number": null, "operation_status": {"name": "Operational"}, "number_of_beds": 0}, {"code": 14737, "location_desc": null, "official_name": "Kaplelach Tumoge", "owner": {"name": "Ministry of Health"}, "keph_level": {"name": "Level 2"}, "ward": {"code": 729}, "number_of_cots": 0, "town": {"name": "eldoret"}, "name": "Kaplelach Tumoge", "created": "2009-10-31T00:00:00+00:00", "regulatory_body": {"name": "Ministry of Health"}, "facility_type": {"name": "Dispensary"}, "plot_number": null, "operation_status": {"name": "Operational"}, "number_of_beds": 0}, {"code": 14738, "location_desc": null, "official_name": "Kaplelartet Dispensary", "owner": {"name": "Ministry of Health"}, "keph_level": {"name": "Level 2"}, "ward": {"code": 963}, "number_of_cots": 0, "town": {"name": "sigowet"}, "name": "Kaplelartet Dispensary", "created": "2009-10-31T00:00:00+00:00", "regulatory_body": {"name": "Ministry of Health"}, "facility_type": {"name": "Dispensary"}, "plot_number": null, "operation_status": {"name": "Operational"}, "number_of_beds": 0}, {"code": 14739, "location_desc": null, "official_name": "Kaplenge Dispensary", "owner": {"name": "Ministry of Health"}, "keph_level": {"name": "Level 2"}, "ward": {"code": 738}, "number_of_cots": 0, "town": {"name": "eldoret"}, "name": "Kaplenge Dispensary", "created": "2009-10-31T00:00:00+00:00", "regulatory_body": {"name": "Ministry of Health"}, "facility_type": {"name": "Dispensary"}, "plot_number": null, "operation_status": {"name": "Operational"}, "number_of_beds": 0}, {"code": 14843, "location_desc": null, "official_name": "Keturwo Dispensary", "owner": {"name": "Ministry of Health"}, "keph_level": {"name": "Level 2"}, "ward": {"code": 788}, "number_of_cots": 0, "town": {"name": "kabartonjo"}, "name": "Keturwo Dispensary", "created": "2009-10-31T00:00:00+00:00", "regulatory_body": {"name": "Ministry of Health"}, "facility_type": {"name": "Dispensary"}, "plot_number": null, "operation_status": {"name": "Operational"}, "number_of_beds": 0}, {"code": 14389, "location_desc": null, "official_name": "Chuiyat Dispensary", "owner": {"name": "Ministry of Health"}, "keph_level": {"name": "Level 2"}, "ward": {"code": 729}, "number_of_cots": 0, "town": {"name": "eldoret"}, "name": "Chuiyat Dispensary", "created": "2009-10-31T00:00:00+00:00", "regulatory_body": {"name": "Ministry of Health"}, "facility_type": {"name": "Dispensary"}, "plot_number": null, "operation_status": {"name": "Operational"}, "number_of_beds": 0}, {"code": 14811, "location_desc": null, "official_name": "Kasitet  Dispensary", "owner": {"name": "Ministry of Health"}, "keph_level": {"name": "Level 2"}, "ward": {"code": 797}, "number_of_cots": 0, "town": {"name": "kabarnet"}, "name": "Kasitet Dispensary", "created": "2009-10-31T00:00:00+00:00", "regulatory_body": {"name": "Ministry of Health"}, "facility_type": {"name": "Dispensary"}, "plot_number": null, "operation_status": {"name": "Operational"}, "number_of_beds": 0}, {"code": 14715, "location_desc": null, "official_name": "Kapkiam Dispensary", "owner": {"name": "Ministry of Health"}, "keph_level": {"name": "Level 2"}, "ward": {"code": 938}, "number_of_cots": 0, "town": {"name": "kericho"}, "name": "Kapkiam Dispensary", "created": "2009-10-31T00:00:00+00:00", "regulatory_body": {"name": "Ministry of Health"}, "facility_type": {"name": "Dispensary"}, "plot_number": null, "operation_status": {"name": "Operational"}, "number_of_beds": 3}, {"code": 14750, "location_desc": null, "official_name": "Kapsait Dispensary", "owner": {"name": "Ministry of Health"}, "keph_level": {"name": "Level 2"}, "ward": {"code": 659}, "number_of_cots": 0, "town": {"name": "eldoret"}, "name": "Kapsait Dispensary", "created": "2009-10-31T00:00:00+00:00", "regulatory_body": {"name": "Ministry of Health"}, "facility_type": {"name": "Dispensary"}, "plot_number": null, "operation_status": {"name": "Operational"}, "number_of_beds": 0}, {"code": 14786, "location_desc": null, "official_name": "Kaptiony Dispensary (Marakwet)", "owner": {"name": "Ministry of Health"}, "keph_level": {"name": "Level 2"}, "ward": {"code": 737}, "number_of_cots": 0, "town": {"name": "eldoret"}, "name": "Kaptiony Dispensary (Marakwet)", "created": "2009-10-31T00:00:00+00:00", "regulatory_body": {"name": "Ministry of Health"}, "facility_type": {"name": "Dispensary"}, "plot_number": null, "operation_status": {"name": "Operational"}, "number_of_beds": 0}, {"code": 14788, "location_desc": null, "official_name": "Kaptum Dispensary", "owner": {"name": "Ministry of Health"}, "keph_level": {"name": "Level 2"}, "ward": {"code": 789}, "number_of_cots": 0, "town": {"name": "kabartonjo"}, "name": "Kaptum Dispensary", "created": "2009-10-31T00:00:00+00:00", "regulatory_body": {"name": "Ministry of Health"}, "facility_type": {"name": "Dispensary"}, "plot_number": null, "operation_status": {"name": "Operational"}, "number_of_beds": 0}, {"code": 14789, "location_desc": null, "official_name": "Kaptumek Dispensary", "owner": {"name": "Ministry of Health"}, "keph_level": {"name": "Level 2"}, "ward": {"code": 757}, "number_of_cots": 0, "town": {"name": "kobujoi market"}, "name": "Kaptumek Dispensary", "created": "2009-10-31T00:00:00+00:00", "regulatory_body": {"name": "Ministry of Health"}, "facility_type": {"name": "Dispensary"}, "plot_number": null, "operation_status": {"name": "Operational"}, "number_of_beds": 0}, {"code": 14756, "location_desc": null, "official_name": "Kapsengere Dispensary", "owner": {"name": "Ministry of Health"}, "keph_level": {"name": "Level 2"}, "ward": {"code": 756}, "number_of_cots": 0, "town": {"name": "kisumu city"}, "name": "Kapsengere Dispensary", "created": "2009-10-31T00:00:00+00:00", "regulatory_body": {"name": "Ministry of Health"}, "facility_type": {"name": "Dispensary"}, "plot_number": null, "operation_status": {"name": "Operational"}, "number_of_beds": 0}, {"code": 14740, "location_desc": "3 Kms past Ndanai -Gorgor road", "official_name": "Kaplomboi Dispensary", "owner": {"name": "Kenya Episcopal Conference-Catholic Secretariat"}, "keph_level": {"name": "Level 2"}, "ward": {"code": 966}, "number_of_cots": 0, "town": {"name": "kaplomboi"}, "name": "Kaplomboi Dispensary", "created": "2009-10-31T00:00:00+00:00", "regulatory_body": {"name": "Ministry of Health"}, "facility_type": {"name": "Dispensary"}, "plot_number": null, "operation_status": {"name": "Operational"}, "number_of_beds": 12}, {"code": 14766, "location_desc": null, "official_name": "Kapsorok Dispenasry", "owner": {"name": "Ministry of Health"}, "keph_level": {"name": "Level 2"}, "ward": {"code": 964}, "number_of_cots": 0, "town": {"name": "kipsitet"}, "name": "Kapsorok Dispenasry", "created": "2009-10-31T00:00:00+00:00", "regulatory_body": {"name": "Ministry of Health"}, "facility_type": {"name": "Dispensary"}, "plot_number": null, "operation_status": {"name": "Operational"}, "number_of_beds": 2}, {"code": 14751, "location_desc": null, "official_name": "Kapsamoch Dispensary", "owner": {"name": "Ministry of Health"}, "keph_level": {"name": "Level 2"}, "ward": {"code": 756}, "number_of_cots": 0, "town": {"name": "serem market"}, "name": "Kapsamoch Dispensary", "created": "2009-10-31T00:00:00+00:00", "regulatory_body": {"name": "Ministry of Health"}, "facility_type": {"name": "Dispensary"}, "plot_number": "nandi/kapkures/360", "operation_status": {"name": "Operational"}, "number_of_beds": 0}, {"code": 14752, "location_desc": "9km SE of the Kaptummo market", "official_name": "Kapsaos Dispensary", "owner": {"name": "Ministry of Health"}, "keph_level": {"name": "Level 2"}, "ward": {"code": 753}, "number_of_cots": 0, "town": {"name": "kaptumo market"}, "name": "Kapsaos Dispensary", "created": "2009-10-31T00:00:00+00:00", "regulatory_body": {"name": "Ministry of Health"}, "facility_type": {"name": "Dispensary"}, "plot_number": null, "operation_status": {"name": "Operational"}, "number_of_beds": 4}, {"code": 14755, "location_desc": null, "official_name": "Kapseger Dispensary", "owner": {"name": "Ministry of Health"}, "keph_level": {"name": "Level 2"}, "ward": {"code": 938}, "number_of_cots": 0, "town": {"name": "kericho"}, "name": "Kapseger Dispensary", "created": "2009-10-31T00:00:00+00:00", "regulatory_body": {"name": "Ministry of Health"}, "facility_type": {"name": "Dispensary"}, "plot_number": null, "operation_status": {"name": "Operational"}, "number_of_beds": 4}, {"code": 14768, "location_desc": null, "official_name": "Kapsowar Dispensary", "owner": {"name": "Ministry of Health"}, "keph_level": {"name": "Level 2"}, "ward": {"code": 739}, "number_of_cots": 0, "town": {"name": "kapsowar"}, "name": "Kapsowar Dispensary", "created": "2009-10-31T00:00:00+00:00", "regulatory_body": {"name": "Ministry of Health"}, "facility_type": {"name": "Dispensary"}, "plot_number": null, "operation_status": {"name": "Operational"}, "number_of_beds": 0}, {"code": 14757, "location_desc": null, "official_name": "Kapset Dispensary", "owner": {"name": "Ministry of Health"}, "keph_level": {"name": "Level 2"}, "ward": {"code": 987}, "number_of_cots": 0, "town": {"name": "kapset"}, "name": "Kapset Dispensary", "created": "2009-10-31T00:00:00+00:00", "regulatory_body": {"name": "Ministry of Health"}, "facility_type": {"name": "Dispensary"}, "plot_number": null, "operation_status": {"name": "Operational"}, "number_of_beds": 0}, {"code": 14747, "location_desc": null, "official_name": "Kapoleseroi Dispensary", "owner": {"name": "Ministry of Health"}, "keph_level": {"name": "Level 2"}, "ward": {"code": 975}, "number_of_cots": 0, "town": {"name": "siongiroi market"}, "name": "Kapoleseroi Dispensary", "created": "2009-10-31T00:00:00+00:00", "regulatory_body": {"name": "Ministry of Health"}, "facility_type": {"name": "Dispensary"}, "plot_number": null, "operation_status": {"name": "Operational"}, "number_of_beds": 0}, {"code": 14773, "location_desc": null, "official_name": "Kaptagat Forest Dispensary", "owner": {"name": "Ministry of Health"}, "keph_level": {"name": "Level 2"}, "ward": {"code": 745}, "number_of_cots": 0, "town": {"name": "eldoret"}, "name": "Kaptagat Forest Dispensary", "created": "2009-10-31T00:00:00+00:00", "regulatory_body": {"name": "Ministry of Health"}, "facility_type": {"name": "Dispensary"}, "plot_number": null, "operation_status": {"name": "Operational"}, "number_of_beds": 0}, {"code": 15001, "location_desc": "Next to Urafiki Primary School", "official_name": "Kunyak Dispensary", "owner": {"name": "Ministry of Health"}, "keph_level": {"name": "Level 2"}, "ward": {"code": 940}, "number_of_cots": 0, "town": {"name": "koru"}, "name": "Kunyak Dispensary", "created": "2009-10-31T00:00:00+00:00", "regulatory_body": {"name": "Ministry of Health"}, "facility_type": {"name": "Dispensary"}, "plot_number": null, "operation_status": {"name": "Operational"}, "number_of_beds": 4}, {"code": 14785, "location_desc": null, "official_name": "Kaptiony Dispensary", "owner": {"name": "Ministry of Health"}, "keph_level": {"name": "Level 2"}, "ward": {"code": 788}, "number_of_cots": 0, "town": {"name": "kabartonjo"}, "name": "Kaptiony Dispensary", "created": "2009-10-31T00:00:00+00:00", "regulatory_body": {"name": "Ministry of Health"}, "facility_type": {"name": "Dispensary"}, "plot_number": null, "operation_status": {"name": "Operational"}, "number_of_beds": 0}, {"code": 14772, "location_desc": "It is between Cheparten and Kapsangar market.Branch in from Kabichbich -Tapach road from saramach trading centre", "official_name": "Kaptabuk Dispensary", "owner": {"name": "Ministry of Health"}, "keph_level": {"name": "Level 2"}, "ward": {"code": 660}, "number_of_cots": 0, "town": {"name": "kaptabuk"}, "name": "Kaptabuk Dispensary", "created": "2009-10-31T00:00:00+00:00", "regulatory_body": {"name": "Ministry of Health"}, "facility_type": {"name": "Dispensary"}, "plot_number": null, "operation_status": {"name": "Operational"}, "number_of_beds": 0}, {"code": 14784, "location_desc": null, "official_name": "Kaptimbor  Dispensary", "owner": {"name": "Ministry of Health"}, "keph_level": {"name": "Level 2"}, "ward": {"code": 797}, "number_of_cots": 0, "town": {"name": "kabarnet"}, "name": "Kaptimbor Dispensary", "created": "2009-10-31T00:00:00+00:00", "regulatory_body": {"name": "Ministry of Health"}, "facility_type": {"name": "Dispensary"}, "plot_number": null, "operation_status": {"name": "Operational"}, "number_of_beds": 0}, {"code": 14777, "location_desc": "50 metres off Sotik -Ndanai road", "official_name": "Kaptebengwo Dispensary", "owner": {"name": "Ministry of Health"}, "keph_level": {"name": "Level 2"}, "ward": {"code": 970}, "number_of_cots": 0, "town": {"name": "sotik"}, "name": "Kaptebengwo Dispensary", "created": "2009-10-31T00:00:00+00:00", "regulatory_body": {"name": "Ministry of Health"}, "facility_type": {"name": "Dispensary"}, "plot_number": null, "operation_status": {"name": "Operational"}, "number_of_beds": 0}, {"code": 14791, "location_desc": null, "official_name": "Kaptumo Dispensary", "owner": {"name": "Ministry of Health"}, "keph_level": {"name": "Level 2"}, "ward": {"code": 728}, "number_of_cots": 0, "town": {"name": "eldoret"}, "name": "Kaptumo Dispensary", "created": "2009-10-31T00:00:00+00:00", "regulatory_body": {"name": "Ministry of Health"}, "facility_type": {"name": "Dispensary"}, "plot_number": null, "operation_status": {"name": "Operational"}, "number_of_beds": 0}, {"code": 14782, "location_desc": null, "official_name": "Kaptich Dispensary", "owner": {"name": "Ministry of Health"}, "keph_level": {"name": "Level 2"}, "ward": {"code": 776}, "number_of_cots": 0, "town": {"name": "kapsabet"}, "name": "Kaptich Dispensary", "created": "2009-10-31T00:00:00+00:00", "regulatory_body": {"name": "Ministry of Health"}, "facility_type": {"name": "Dispensary"}, "plot_number": " ", "operation_status": {"name": "Operational"}, "number_of_beds": 0}, {"code": 14817, "location_desc": null, "official_name": "Katibel Dispensary", "owner": {"name": "Ministry of Health"}, "keph_level": {"name": "Level 2"}, "ward": {"code": 788}, "number_of_cots": 0, "town": {"name": "kabartonjo"}, "name": "Katibel Dispensary", "created": "2009-10-31T00:00:00+00:00", "regulatory_body": {"name": "Ministry of Health"}, "facility_type": {"name": "Dispensary"}, "plot_number": null, "operation_status": {"name": "Operational"}, "number_of_beds": 0}, {"code": 14758, "location_desc": null, "official_name": "Kapsetek Dispensary", "owner": {"name": "Ministry of Health"}, "keph_level": {"name": "Level 2"}, "ward": {"code": 861}, "number_of_cots": 0, "town": {"name": "rongai"}, "name": "Kapsetek Dispensary", "created": "2009-10-31T00:00:00+00:00", "regulatory_body": {"name": "Ministry of Health"}, "facility_type": {"name": "Dispensary"}, "plot_number": null, "operation_status": {"name": "Operational"}, "number_of_beds": 0}, {"code": 14825, "location_desc": null, "official_name": "Kemeloi Health Centre", "owner": {"name": "Ministry of Health"}, "keph_level": {"name": "Level 3"}, "ward": {"code": 757}, "number_of_cots": 0, "town": {"name": "kobujoi market"}, "name": "Kemeloi Health Centre", "created": "2009-10-31T00:00:00+00:00", "regulatory_body": {"name": "Ministry of Health"}, "facility_type": {"name": "Health Centre"}, "plot_number": "nandi/kemeloi/1146", "operation_status": {"name": "Operational"}, "number_of_beds": 8}, {"code": 14804, "location_desc": null, "official_name": "Karuna Dispensary", "owner": {"name": "Ministry of Health"}, "keph_level": {"name": "Level 2"}, "ward": {"code": 717}, "number_of_cots": 0, "town": {"name": "eldoret"}, "name": "Karuna Dispensary", "created": "2009-10-31T00:00:00+00:00", "regulatory_body": {"name": "Ministry of Health"}, "facility_type": {"name": "Dispensary"}, "plot_number": null, "operation_status": {"name": "Operational"}, "number_of_beds": 0}, {"code": 14793, "location_desc": null, "official_name": "Kapturo Dispensary (Bartabwa)", "owner": {"name": "Ministry of Health"}, "keph_level": {"name": "Level 2"}, "ward": {"code": 790}, "number_of_cots": 0, "town": {"name": "kabartonjo"}, "name": "Kapturo Dispensary (Bartabwa)", "created": "2009-10-31T00:00:00+00:00", "regulatory_body": {"name": "Ministry of Health"}, "facility_type": {"name": "Dispensary"}, "plot_number": null, "operation_status": {"name": "Operational"}, "number_of_beds": 0}, {"code": 14796, "location_desc": null, "official_name": "Kaputir Dispensary", "owner": {"name": "Ministry of Health"}, "keph_level": {"name": "Level 2"}, "ward": {"code": 633}, "number_of_cots": 0, "town": {"name": "kalemungorok"}, "name": "Kaputir Dispensary", "created": "2009-10-31T00:00:00+00:00", "regulatory_body": {"name": "Ministry of Health"}, "facility_type": {"name": "Dispensary"}, "plot_number": null, "operation_status": {"name": "Operational"}, "number_of_beds": 0}, {"code": 14797, "location_desc": "Near Kapweria Polytechnic", "official_name": "Kapweria Dispensary", "owner": {"name": "Ministry of Health"}, "keph_level": {"name": "Level 2"}, "ward": {"code": 890}, "number_of_cots": 0, "town": {"name": "kilgoris"}, "name": "Kapweria Dispensary", "created": "2009-10-31T00:00:00+00:00", "regulatory_body": {"name": "Ministry of Health"}, "facility_type": {"name": "Dispensary"}, "plot_number": null, "operation_status": {"name": "Operational"}, "number_of_beds": 0}, {"code": 14798, "location_desc": null, "official_name": "Kapyego Health Center", "owner": {"name": "Ministry of Health"}, "keph_level": {"name": "Level 3"}, "ward": {"code": 731}, "number_of_cots": 0, "town": {"name": "kapsowar"}, "name": "Kapyego Health Centre", "created": "2009-10-31T00:00:00+00:00", "regulatory_body": {"name": "Ministry of Health"}, "facility_type": {"name": "Health Centre"}, "plot_number": null, "operation_status": {"name": "Operational"}, "number_of_beds": 0}, {"code": 14837, "location_desc": "Kitale - Kapenguria road,  branch to Tartar junction road, Five kilometres at Keringet market", "official_name": "Keringet Health Centre ", "owner": {"name": "Ministry of Health"}, "keph_level": {"name": "Level 3"}, "ward": {"code": 643}, "number_of_cots": 0, "town": {"name": "kapenguria"}, "name": "Keringet Health Centre", "created": "2009-10-31T00:00:00+00:00", "regulatory_body": {"name": "Ministry of Health"}, "facility_type": {"name": "Health Centre"}, "plot_number": null, "operation_status": {"name": "Operational"}, "number_of_beds": 0}, {"code": 14800, "location_desc": "Nyahururu Rumuruti road reach junction of Muhotetu , then Muhotetu Karaba road pass Mutanga Town then to Karaba", "official_name": "Karaba Dispensary (Laikipia West)", "owner": {"name": "Ministry of Health"}, "keph_level": {"name": "Level 2"}, "ward": {"code": 814}, "number_of_cots": 0, "town": {"name": "muhotetu"}, "name": "Karaba Dispensary (Laikipia West)", "created": "2009-10-31T00:00:00+00:00", "regulatory_body": {"name": "Ministry of Health"}, "facility_type": {"name": "Dispensary"}, "plot_number": null, "operation_status": {"name": "Operational"}, "number_of_beds": 0}, {"code": 14816, "location_desc": null, "official_name": "Katee Dispensary", "owner": {"name": "Ministry of Health"}, "keph_level": {"name": "Level 2"}, "ward": {"code": 738}, "number_of_cots": 0, "town": {"name": "iten"}, "name": "Katee Dispensary", "created": "2009-10-31T00:00:00+00:00", "regulatory_body": {"name": "Ministry of Health"}, "facility_type": {"name": "Dispensary"}, "plot_number": null, "operation_status": {"name": "Operational"}, "number_of_beds": 0}, {"code": 14809, "location_desc": null, "official_name": "Kasiela Dispensary", "owner": {"name": "Ministry of Health"}, "keph_level": {"name": "Level 2"}, "ward": {"code": 801}, "number_of_cots": 0, "town": {"name": "kabarnet"}, "name": "Kasiela Dispensary", "created": "2009-10-31T00:00:00+00:00", "regulatory_body": {"name": "Ministry of Health"}, "facility_type": {"name": "Dispensary"}, "plot_number": null, "operation_status": {"name": "Operational"}, "number_of_beds": 0}, {"code": 14810, "location_desc": null, "official_name": "Kasisit Dispensary", "owner": {"name": "Ministry of Health"}, "keph_level": {"name": "Level 2"}, "ward": {"code": 790}, "number_of_cots": 0, "town": {"name": "kabartonjo"}, "name": "Kasisit Dispensary", "created": "2009-10-31T00:00:00+00:00", "regulatory_body": {"name": "Ministry of Health"}, "facility_type": {"name": "Dispensary"}, "plot_number": null, "operation_status": {"name": "Operational"}, "number_of_beds": 0}, {"code": 14799, "location_desc": null, "official_name": "Kapyemit Dispensary", "owner": {"name": "Ministry of Health"}, "keph_level": {"name": "Level 2"}, "ward": {"code": 712}, "number_of_cots": 0, "town": {"name": "eldoret"}, "name": "Kapyemit Dispensary", "created": "2009-10-31T00:00:00+00:00", "regulatory_body": {"name": "Ministry of Health"}, "facility_type": {"name": "Dispensary"}, "plot_number": null, "operation_status": {"name": "Operational"}, "number_of_beds": 0}, {"code": 14823, "location_desc": null, "official_name": "Kebeneti Dispensary", "owner": {"name": "Ministry of Health"}, "keph_level": {"name": "Level 2"}, "ward": {"code": 962}, "number_of_cots": 0, "town": {"name": "sigowet"}, "name": "Kebeneti Dispensary", "created": "2009-10-31T00:00:00+00:00", "regulatory_body": {"name": "Ministry of Health"}, "facility_type": {"name": "Dispensary"}, "plot_number": null, "operation_status": {"name": "Operational"}, "number_of_beds": 1}, {"code": 14812, "location_desc": null, "official_name": "Kasok  Dispensary", "owner": {"name": "Ministry of Health"}, "keph_level": {"name": "Level 2"}, "ward": {"code": 790}, "number_of_cots": 0, "town": {"name": "kabartonjo"}, "name": "Kasok Dispensary", "created": "2009-10-31T00:00:00+00:00", "regulatory_body": {"name": "Ministry of Health"}, "facility_type": {"name": "Dispensary"}, "plot_number": null, "operation_status": {"name": "Operational"}, "number_of_beds": 0}, {"code": 14764, "location_desc": null, "official_name": "Kapsogut Dispensary", "owner": {"name": "Ministry of Health"}, "keph_level": {"name": "Level 2"}, "ward": {"code": 952}, "number_of_cots": 0, "town": {"name": "kapsogut"}, "name": "Kapsogut Dispensary", "created": "2009-10-31T00:00:00+00:00", "regulatory_body": {"name": "Ministry of Health"}, "facility_type": {"name": "Dispensary"}, "plot_number": null, "operation_status": {"name": "Operational"}, "number_of_beds": 0}, {"code": 14754, "location_desc": "Kapasian Off Emurua Dikirr-Chebunyo Road", "official_name": "Kapsasian Dispensary", "owner": {"name": "Ministry of Health"}, "keph_level": {"name": "Level 2"}, "ward": {"code": 890}, "number_of_cots": 0, "town": {"name": "kabolecho market"}, "name": "Kapsasian Dispensary", "created": "2009-10-31T00:00:00+00:00", "regulatory_body": {"name": "Ministry of Health"}, "facility_type": {"name": "Dispensary"}, "plot_number": null, "operation_status": {"name": "Operational"}, "number_of_beds": 0}, {"code": 14827, "location_desc": null, "official_name": "Kenene Dispensary", "owner": {"name": "Ministry of Health"}, "keph_level": {"name": "Level 2"}, "ward": {"code": 955}, "number_of_cots": 0, "town": {"name": "kenene"}, "name": "Kenene Dispensary", "created": "2009-10-31T00:00:00+00:00", "regulatory_body": {"name": "Ministry of Health"}, "facility_type": {"name": "Dispensary"}, "plot_number": null, "operation_status": {"name": "Operational"}, "number_of_beds": 0}, {"code": 14819, "location_desc": "Next to Katuiyo Primary", "official_name": "Katuiyo Dispensary", "owner": {"name": "Ministry of Health"}, "keph_level": {"name": "Level 2"}, "ward": {"code": 720}, "number_of_cots": 0, "town": {"name": "eldoret"}, "name": "Katuiyo Dispensary", "created": "2009-10-31T00:00:00+00:00", "regulatory_body": {"name": "Ministry of Health"}, "facility_type": {"name": "Dispensary"}, "plot_number": null, "operation_status": {"name": "Operational"}, "number_of_beds": 0}, {"code": 14821, "location_desc": "Off Kapsabet - Ainabkoi Road", "official_name": "Keben Dispensary", "owner": {"name": "Ministry of Health"}, "keph_level": {"name": "Level 2"}, "ward": {"code": 764}, "number_of_cots": 0, "town": {"name": "nandi hills"}, "name": "Keben Dispensary", "created": "2009-10-31T00:00:00+00:00", "regulatory_body": {"name": "Ministry of Health"}, "facility_type": {"name": "Dispensary"}, "plot_number": "nandi/koilot settlement scheme/392", "operation_status": {"name": "Operational"}, "number_of_beds": 0}], "model": "facilities.Facility", "unique_fields": ["code"]}]