[{"records": [{"code": 14824, "location_desc": "A long Kericho  - Nakuru Highway Next to Kedowa Market", "official_name": "Kedowa Dispensary", "owner": {"name": "Ministry of Health"}, "keph_level": {"name": "Level 3"}, "ward": {"code": 937}, "number_of_cots": 0, "town": {"name": "kedowa"}, "name": "Kedowa Dispensary", "created": "2009-10-31T00:00:00+00:00", "regulatory_body": {"name": "Ministry of Health"}, "facility_type": {"name": "Dispensary"}, "plot_number": null, "operation_status": {"name": "Operational"}, "number_of_beds": 6}, {"code": 14790, "location_desc": null, "official_name": "Kaptumin Dispensary", "owner": {"name": "Ministry of Health"}, "keph_level": {"name": "Level 2"}, "ward": {"code": 789}, "number_of_cots": 0, "town": {"name": "kabartonjo"}, "name": "Kaptumin Dispensary", "created": "2009-10-31T00:00:00+00:00", "regulatory_body": {"name": "Ministry of Health"}, "facility_type": {"name": "Dispensary"}, "plot_number": null, "operation_status": {"name": "Operational"}, "number_of_beds": 0}, {"code": 14826, "location_desc": null, "official_name": "Kenegut Dispensary", "owner": {"name": "Ministry of Health"}, "keph_level": {"name": "Level 2"}, "ward": {"code": 944}, "number_of_cots": 0, "town": {"name": "kericho"}, "name": "Kenegut Dispensary", "created": "2009-10-31T00:00:00+00:00", "regulatory_body": {"name": "Ministry of Health"}, "facility_type": {"name": "Dispensary"}, "plot_number": null, "operation_status": {"name": "Operational"}, "number_of_beds": 0}, {"code": 14815, "location_desc": "Kataret Dispensary is situated near Kataret shopping Centre", "official_name": "Kataret Dispensary", "owner": {"name": "Ministry of Health"}, "keph_level": {"name": "Level 2"}, "ward": {"code": 974}, "number_of_cots": 0, "town": {"name": "siongiroi market"}, "name": "Kataret Dispensary", "created": "2009-10-31T00:00:00+00:00", "regulatory_body": {"name": "Ministry of Health"}, "facility_type": {"name": "Dispensary"}, "plot_number": null, "operation_status": {"name": "Operational"}, "number_of_beds": 0}, {"code": 14832, "location_desc": null, "official_name": "Kericho Forest Dispensary", "owner": {"name": "Ministry of Health"}, "keph_level": {"name": "Level 2"}, "ward": {"code": 938}, "number_of_cots": 0, "town": {"name": "kericho"}, "name": "Kericho Forest Dispensary", "created": "2009-10-31T00:00:00+00:00", "regulatory_body": {"name": "Ministry of Health"}, "facility_type": {"name": "Dispensary"}, "plot_number": null, "operation_status": {"name": "Operational"}, "number_of_beds": 4}, {"code": 16349, "location_desc": null, "official_name": "EMC Kimumu Dispensary", "owner": {"name": "Ministry of Health"}, "keph_level": {"name": "Level 2"}, "ward": {"code": 719}, "number_of_cots": 0, "town": {"name": "eldoret"}, "name": "Emc Kimumu Dispensary", "created": "2009-10-31T00:00:00+00:00", "regulatory_body": {"name": "Ministry of Health"}, "facility_type": {"name": "Dispensary"}, "plot_number": null, "operation_status": {"name": "Operational"}, "number_of_beds": 0}, {"code": 14376, "location_desc": null, "official_name": "Chepwostuiyet Dispensary", "owner": {"name": "Ministry of Health"}, "keph_level": {"name": "Level 2"}, "ward": {"code": 975}, "number_of_cots": 0, "town": {"name": "siongiroi market"}, "name": "Chepwostuiyet Dispensary", "created": "2009-10-31T00:00:00+00:00", "regulatory_body": {"name": "Ministry of Health"}, "facility_type": {"name": "Dispensary"}, "plot_number": null, "operation_status": {"name": "Operational"}, "number_of_beds": 0}, {"code": 16354, "location_desc": null, "official_name": "Kapkei Dispensary", "owner": {"name": "Ministry of Health"}, "keph_level": {"name": "Level 2"}, "ward": {"code": 714}, "number_of_cots": 0, "town": {"name": "eldoret"}, "name": "Kapkei Dispensary", "created": "2009-10-31T00:00:00+00:00", "regulatory_body": {"name": "Ministry of Health"}, "facility_type": {"name": "Dispensary"}, "plot_number": null, "operation_status": {"name": "Operational"}, "number_of_beds": 0}, {"code": 16695, "location_desc": null, "official_name": "Benon Dispensary", "owner": {"name": "Ministry of Health"}, "keph_level": {"name": "Level 2"}, "ward": {"code": 699}, "number_of_cots": 0, "town": {"name": "kitale"}, "name": "Benon Dispensary", "created": "2009-10-31T00:00:00+00:00", "regulatory_body": {"name": "Ministry of Health"}, "facility_type": {"name": "Dispensary"}, "plot_number": null, "operation_status": {"name": "Operational"}, "number_of_beds": 0}, {"code": 16364, "location_desc": null, "official_name": "Matunda Dispensary", "owner": {"name": "Ministry of Health"}, "keph_level": {"name": "Level 2"}, "ward": {"code": 685}, "number_of_cots": 0, "town": {"name": "kitale"}, "name": "Matunda Dispensary", "created": "2009-10-31T00:00:00+00:00", "regulatory_body": {"name": "Ministry of Health"}, "facility_type": {"name": "Dispensary"}, "plot_number": " ", "operation_status": {"name": "Unknown"}, "number_of_beds": 0}, {"code": 16351, "location_desc": null, "official_name": "Twiga Dispensary", "owner": {"name": "Ministry of Health"}, "keph_level": {"name": "Level 2"}, "ward": {"code": 717}, "number_of_cots": 0, "town": {"name": "eldoret"}, "name": "Twiga Dispensary", "created": "2009-10-31T00:00:00+00:00", "regulatory_body": {"name": "Ministry of Health"}, "facility_type": {"name": "Dispensary"}, "plot_number": " ", "operation_status": {"name": "Operational"}, "number_of_beds": 0}, {"code": 16671, "location_desc": "8kms Off Soymet Juncfion Along Kaplong Bomet Road", "official_name": "Kimawit-Uswet Dispensary", "owner": {"name": "Ministry of Health"}, "keph_level": {"name": "Level 2"}, "ward": {"code": 969}, "number_of_cots": 0, "town": {"name": "sotik"}, "name": "Kimawit-Uswet Dispensary", "created": "2009-10-31T00:00:00+00:00", "regulatory_body": {"name": "Ministry of Health"}, "facility_type": {"name": "Dispensary"}, "plot_number": null, "operation_status": {"name": "Operational"}, "number_of_beds": 0}, {"code": 16673, "location_desc": null, "official_name": "Sorok Dispensary", "owner": {"name": "Ministry of Health"}, "keph_level": {"name": "Level 2"}, "ward": {"code": 795}, "number_of_cots": 0, "town": {"name": "kabarnet"}, "name": "Sorok Dispensary", "created": "2009-10-31T00:00:00+00:00", "regulatory_body": {"name": "Ministry of Health"}, "facility_type": {"name": "Dispensary"}, "plot_number": null, "operation_status": {"name": "Operational"}, "number_of_beds": 0}, {"code": 14367, "location_desc": null, "official_name": "Cheptebo Dispensary", "owner": {"name": "Ministry of Health"}, "keph_level": {"name": "Level 2"}, "ward": {"code": 747}, "number_of_cots": 0, "town": {"name": "iten"}, "name": "Cheptebo Dispensary", "created": "2009-10-31T00:00:00+00:00", "regulatory_body": {"name": "Ministry of Health"}, "facility_type": {"name": "Dispensary"}, "plot_number": null, "operation_status": {"name": "Operational"}, "number_of_beds": 0}, {"code": 16358, "location_desc": null, "official_name": "Starlight Mti Moja", "owner": {"name": "Ministry of Health"}, "keph_level": {"name": "Level 2"}, "ward": {"code": 711}, "number_of_cots": 0, "town": {"name": "eldoret"}, "name": "Starlight Mti Moja", "created": "2009-10-31T00:00:00+00:00", "regulatory_body": {"name": "Ministry of Health"}, "facility_type": {"name": "Dispensary"}, "plot_number": " ", "operation_status": {"name": "Operational"}, "number_of_beds": 0}, {"code": 16701, "location_desc": "Chepareria - Chepturnguny RD Next Chepturnguny primary school", "official_name": "Chepturnguny Dispensary", "owner": {"name": "Ministry of Health"}, "keph_level": {"name": "Level 2"}, "ward": {"code": 643}, "number_of_cots": 0, "town": {"name": "kapenguria"}, "name": "Chepturnguny Dispensary", "created": "2009-10-31T00:00:00+00:00", "regulatory_body": {"name": "Ministry of Health"}, "facility_type": {"name": "Dispensary"}, "plot_number": null, "operation_status": {"name": "Operational"}, "number_of_beds": 0}, {"code": 16680, "location_desc": null, "official_name": "Chesetan Dispensary", "owner": {"name": "Ministry of Health"}, "keph_level": {"name": "Level 2"}, "ward": {"code": 732}, "number_of_cots": 0, "town": {"name": "kapsowar"}, "name": "Chesetan Dispensary", "created": "2009-10-31T00:00:00+00:00", "regulatory_body": {"name": "Ministry of Health"}, "facility_type": {"name": "Dispensary"}, "plot_number": null, "operation_status": {"name": "Operational"}, "number_of_beds": 0}, {"code": 16705, "location_desc": null, "official_name": "Psigirio Dispensary", "owner": {"name": "Ministry of Health"}, "keph_level": {"name": "Level 2"}, "ward": {"code": 643}, "number_of_cots": 0, "town": {"name": "kapenguria"}, "name": "Psigirio Dispensary", "created": "2009-10-31T00:00:00+00:00", "regulatory_body": {"name": "Ministry of Health"}, "facility_type": {"name": "Dispensary"}, "plot_number": null, "operation_status": {"name": "Not-Operational"}, "number_of_beds": 0}, {"code": 14336, "location_desc": "Kamatira-Kapkoris -Chepkechir Rd At Chepkechir Center", "official_name": "Chepkechir Dispensary", "owner": {"name": "Ministry of Health"}, "keph_level": {"name": "Level 2"}, "ward": {"code": 643}, "number_of_cots": 0, "town": {"name": "kapenguria"}, "name": "Chepkechir Dispensary", "created": "2009-10-31T00:00:00+00:00", "regulatory_body": {"name": "Ministry of Health"}, "facility_type": {"name": "Dispensary"}, "plot_number": null, "operation_status": {"name": "Operational"}, "number_of_beds": 0}, {"code": 15797, "location_desc": null, "official_name": "Amase Dispensary", "owner": {"name": "Ministry of Health"}, "keph_level": {"name": "Level 2"}, "ward": {"code": 1128}, "number_of_cots": 0, "town": {"name": "adunogsi"}, "name": "Amase Dispensary", "created": "2009-10-31T00:00:00+00:00", "regulatory_body": {"name": "Ministry of Health"}, "facility_type": {"name": "Dispensary"}, "plot_number": null, "operation_status": {"name": "Operational"}, "number_of_beds": 0}, {"code": 14333, "location_desc": null, "official_name": "Chepcholiet Dispensary", "owner": {"name": "Ministry of Health"}, "keph_level": {"name": "Level 2"}, "ward": {"code": 938}, "number_of_cots": 0, "town": {"name": "chepseon"}, "name": "Chepcholiet Dispensary", "created": "2009-10-31T00:00:00+00:00", "regulatory_body": {"name": "Ministry of Health"}, "facility_type": {"name": "Dispensary"}, "plot_number": null, "operation_status": {"name": "Operational"}, "number_of_beds": 4}, {"code": 14331, "location_desc": null, "official_name": "Chepchabas Dispensary", "owner": {"name": "Ministry of Health"}, "keph_level": {"name": "Level 2"}, "ward": {"code": 987}, "number_of_cots": 0, "town": {"name": "chepchabas"}, "name": "Chepchabas Dispensary", "created": "2009-10-31T00:00:00+00:00", "regulatory_body": {"name": "Ministry of Health"}, "facility_type": {"name": "Dispensary"}, "plot_number": null, "operation_status": {"name": "Operational"}, "number_of_beds": 6}, {"code": 16317, "location_desc": "6kms off Kapkatet -sotik road from Daraja sita junction", "official_name": "Kapletundo Dispensary", "owner": {"name": "Ministry of Health"}, "keph_level": {"name": "Level 2"}, "ward": {"code": 969}, "number_of_cots": 0, "town": {"name": "sotik"}, "name": "Kapletundo Dispensary", "created": "2009-10-31T00:00:00+00:00", "regulatory_body": {"name": "Ministry of Health"}, "facility_type": {"name": "Dispensary"}, "plot_number": null, "operation_status": {"name": "Operational"}, "number_of_beds": 0}, {"code": 16481, "location_desc": null, "official_name": "Imulama Dispensary", "owner": {"name": "Ministry of Health"}, "keph_level": {"name": "Level 2"}, "ward": {"code": 1049}, "number_of_cots": 0, "town": {"name": "shimanjiro mkt"}, "name": "Imulama Dispensary", "created": "2009-10-31T00:00:00+00:00", "regulatory_body": {"name": "Ministry of Health"}, "facility_type": {"name": "Dispensary"}, "plot_number": null, "operation_status": {"name": "Operational"}, "number_of_beds": 0}, {"code": 15580, "location_desc": "It is located along Kapchemogen -Sina route 50km from Sigor Town", "official_name": "Sina Dispensary", "owner": {"name": "Ministry of Health"}, "keph_level": {"name": "Level 2"}, "ward": {"code": 660}, "number_of_cots": 0, "town": {"name": "sina"}, "name": "Sina Dispensary", "created": "2009-10-31T00:00:00+00:00", "regulatory_body": {"name": "Ministry of Health"}, "facility_type": {"name": "Dispensary"}, "plot_number": null, "operation_status": {"name": "Operational"}, "number_of_beds": 0}, {"code": 15802, "location_desc": null, "official_name": "Apokor Dispensary", "owner": {"name": "Ministry of Health"}, "keph_level": {"name": "Level 2"}, "ward": {"code": 1132}, "number_of_cots": 0, "town": {"name": "amukura"}, "name": "Apokor Dispensary", "created": "2009-10-31T00:00:00+00:00", "regulatory_body": {"name": "Ministry of Health"}, "facility_type": {"name": "Dispensary"}, "plot_number": null, "operation_status": {"name": "Operational"}, "number_of_beds": 0}, {"code": 16421, "location_desc": "Along Angurai-Malakisi-Changara road", "official_name": "Changara (GOK) Dispensary", "owner": {"name": "Ministry of Health"}, "keph_level": {"name": "Level 2"}, "ward": {"code": 1125}, "number_of_cots": 0, "town": {"name": "malakisi"}, "name": "Changara (GOK) Dispensary", "created": "2009-10-31T00:00:00+00:00", "regulatory_body": {"name": "Ministry of Health"}, "facility_type": {"name": "Dispensary"}, "plot_number": null, "operation_status": {"name": "Operational"}, "number_of_beds": 0}, {"code": 15846, "location_desc": "Along Chamasiri Changara road next to Changara market", "official_name": "Changara Calvary Dispensary", "owner": {"name": "Other Faith Based"}, "keph_level": {"name": "Level 2"}, "ward": {"code": 1125}, "number_of_cots": 0, "town": {"name": "malakisi"}, "name": "Changara Calvary Dispensary", "created": "2009-10-31T00:00:00+00:00", "regulatory_body": {"name": "Kenya MPDB - Private Practice"}, "facility_type": {"name": "Dispensary"}, "plot_number": null, "operation_status": {"name": "Not-Operational"}, "number_of_beds": 0}, {"code": 15853, "location_desc": "Along Kimaeti Malakisi Lwakhakha road next to Chemasir Sec School", "official_name": "Chemasiri (ACK) Dispensary", "owner": {"name": "Christian Health Association of Kenya"}, "keph_level": {"name": "Level 2"}, "ward": {"code": 1125}, "number_of_cots": 0, "town": {"name": "malakisi"}, "name": "Chemasiri (ACK) Dispensary", "created": "2009-10-31T00:00:00+00:00", "regulatory_body": {"name": "Kenya MPDB - Institution"}, "facility_type": {"name": "Dispensary"}, "plot_number": null, "operation_status": {"name": "Operational"}, "number_of_beds": 0}, {"code": 14337, "location_desc": null, "official_name": "Chepkemel Dispensary", "owner": {"name": "Ministry of Health"}, "keph_level": {"name": "Level 2"}, "ward": {"code": 708}, "number_of_cots": 0, "town": {"name": "eldoret"}, "name": "Chepkemel Dispensary", "created": "2009-10-31T00:00:00+00:00", "regulatory_body": {"name": "Ministry of Health"}, "facility_type": {"name": "Dispensary"}, "plot_number": null, "operation_status": {"name": "Operational"}, "number_of_beds": 0}, {"code": 15789, "location_desc": null, "official_name": "Aboloi Dispensary", "owner": {"name": "Ministry of Health"}, "keph_level": {"name": "Level 2"}, "ward": {"code": 1123}, "number_of_cots": 0, "town": {"name": "malakisi"}, "name": "Aboloi Dispensary", "created": "2009-10-31T00:00:00+00:00", "regulatory_body": {"name": "Ministry of Health"}, "facility_type": {"name": "Dispensary"}, "plot_number": null, "operation_status": {"name": "Operational"}, "number_of_beds": 0}, {"code": 15792, "location_desc": "Along Malaba Angrurai road near GSU Camp", "official_name": "Akichelesit Dispensary", "owner": {"name": "Ministry of Health"}, "keph_level": {"name": "Level 2"}, "ward": {"code": 1123}, "number_of_cots": 0, "town": {"name": "angurai"}, "name": "Akichelesit Dispensary", "created": "2009-10-31T00:00:00+00:00", "regulatory_body": {"name": "Ministry of Health"}, "facility_type": {"name": "Dispensary"}, "plot_number": null, "operation_status": {"name": "Operational"}, "number_of_beds": 0}, {"code": 15796, "location_desc": "Along Bungoma Malaba road next DCs office Teso North", "official_name": "Amagoro Nursing Home", "owner": {"name": "Private Enterprise (Institution)"}, "keph_level": {"name": "Level 2"}, "ward": {"code": 1121}, "number_of_cots": 0, "town": {"name": "amagoro"}, "name": "Amagoro Nursing Home", "created": "2009-10-31T00:00:00+00:00", "regulatory_body": {"name": "Kenya MPDB - Private Practice"}, "facility_type": {"name": "Nursing Home"}, "plot_number": null, "operation_status": {"name": "Operational"}, "number_of_beds": 7}, {"code": 15178, "location_desc": "Near Merigi Market", "official_name": "Merigi Dispensary", "owner": {"name": "Ministry of Health"}, "keph_level": {"name": "Level 2"}, "ward": {"code": 960}, "number_of_cots": 0, "town": {"name": "bomet"}, "name": "Merigi Dispensary", "created": "2009-10-31T00:00:00+00:00", "regulatory_body": {"name": "Ministry of Health"}, "facility_type": {"name": "Dispensary"}, "plot_number": null, "operation_status": {"name": "Operational"}, "number_of_beds": 0}, {"code": 15437, "location_desc": null, "official_name": "Ongata Dispensary", "owner": {"name": "Ministry of Health"}, "keph_level": {"name": "Level 2"}, "ward": {"code": 725}, "number_of_cots": 0, "town": {"name": "eldoret"}, "name": "Ongata Dispensary", "created": "2009-10-31T00:00:00+00:00", "regulatory_body": {"name": "Ministry of Health"}, "facility_type": {"name": "Dispensary"}, "plot_number": null, "operation_status": {"name": "Operational"}, "number_of_beds": 0}, {"code": 15473, "location_desc": null, "official_name": "Ptoyo Dipensary", "owner": {"name": "Ministry of Health"}, "keph_level": {"name": "Level 2"}, "ward": {"code": 642}, "number_of_cots": 0, "town": {"name": "kapenguria"}, "name": "Ptoyo Dipensary", "created": "2009-10-31T00:00:00+00:00", "regulatory_body": {"name": "Ministry of Health"}, "facility_type": {"name": "Dispensary"}, "plot_number": " ", "operation_status": {"name": "Operational"}, "number_of_beds": 0}, {"code": 15188, "location_desc": "mzee wa nyama towards kiptangwany", "official_name": "Mirugi Kariuki Dispensary", "owner": {"name": "Ministry of Health"}, "keph_level": {"name": "Level 2"}, "ward": {"code": 880}, "number_of_cots": 0, "town": {"name": "nakuru town"}, "name": "Mirugi Kariuki Dispensary", "created": "2009-10-31T00:00:00+00:00", "regulatory_body": {"name": "Ministry of Health"}, "facility_type": {"name": "Dispensary"}, "plot_number": null, "operation_status": {"name": "Operational"}, "number_of_beds": 0}, {"code": 15432, "location_desc": "Ol-Rongai shopping centre", "official_name": "Ol-Rongai Dispensary", "owner": {"name": "Ministry of Health"}, "keph_level": {"name": "Level 2"}, "ward": {"code": 860}, "number_of_cots": 0, "town": {"name": "mogotio"}, "name": "Ol-Rongai Dispensary (Rongai)", "created": "2009-10-31T00:00:00+00:00", "regulatory_body": {"name": "Ministry of Health"}, "facility_type": {"name": "Dispensary"}, "plot_number": "419", "operation_status": {"name": "Operational"}, "number_of_beds": 0}, {"code": 15430, "location_desc": null, "official_name": "Olpajeta Dispensary", "owner": {"name": "Ministry of Health"}, "keph_level": {"name": "Level 2"}, "ward": {"code": 818}, "number_of_cots": 0, "town": {"name": "nanyuki"}, "name": "Olpajeta Dispensary", "created": "2009-10-31T00:00:00+00:00", "regulatory_body": {"name": "Ministry of Health"}, "facility_type": {"name": "Dispensary"}, "plot_number": null, "operation_status": {"name": "Operational"}, "number_of_beds": 0}, {"code": 15444, "location_desc": "Situated 74 Kilometers North of Wamba town along the Mathews ranges", "official_name": "Oromodei Dispensary", "owner": {"name": "Ministry of Health"}, "keph_level": {"name": "Level 2"}, "ward": {"code": 675}, "number_of_cots": 0, "town": {"name": "oromodei"}, "name": "Oromodei Dispensary", "created": "2009-10-31T00:00:00+00:00", "regulatory_body": {"name": "Ministry of Health"}, "facility_type": {"name": "Dispensary"}, "plot_number": null, "operation_status": {"name": "Operational"}, "number_of_beds": 0}, {"code": 15428, "location_desc": null, "official_name": "Olorte Dispensary", "owner": {"name": "Ministry of Health"}, "keph_level": {"name": "Level 2"}, "ward": {"code": 904}, "number_of_cots": 0, "town": {"name": "entasekera market"}, "name": "Olorte Dispensary", "created": "2009-10-31T00:00:00+00:00", "regulatory_body": {"name": "Ministry of Health"}, "facility_type": {"name": "Dispensary"}, "plot_number": null, "operation_status": {"name": "Operational"}, "number_of_beds": 0}, {"code": 14382, "location_desc": null, "official_name": "Chesinende (ELCK) Dispensary", "owner": {"name": "Other Faith Based"}, "keph_level": {"name": "Level 2"}, "ward": {"code": 938}, "number_of_cots": 0, "town": {"name": "chepseon"}, "name": "Chesinende (Elck) Dispensary", "created": "2009-10-31T00:00:00+00:00", "regulatory_body": {"name": "Ministry of Health"}, "facility_type": {"name": "Dispensary"}, "plot_number": null, "operation_status": {"name": "Not-Operational"}, "number_of_beds": 0}, {"code": 14381, "location_desc": null, "official_name": "Cherara Dispensary", "owner": {"name": "Ministry of Health"}, "keph_level": {"name": "Level 2"}, "ward": {"code": 940}, "number_of_cots": 0, "town": {"name": "forttenan"}, "name": "Cherara Dispensary", "created": "2009-10-31T00:00:00+00:00", "regulatory_body": {"name": "Ministry of Health"}, "facility_type": {"name": "Dispensary"}, "plot_number": null, "operation_status": {"name": "Operational"}, "number_of_beds": 4}, {"code": 15609, "location_desc": "Located within Sondany Nyarkulian market", "official_name": "Sondany Dispensary", "owner": {"name": "Other Faith Based"}, "keph_level": {"name": "Level 2"}, "ward": {"code": 660}, "number_of_cots": 0, "town": {"name": "sondany"}, "name": "Sondany Dispensary", "created": "2009-10-31T00:00:00+00:00", "regulatory_body": {"name": "Ministry of Health"}, "facility_type": {"name": "Dispensary"}, "plot_number": null, "operation_status": {"name": "Operational"}, "number_of_beds": 0}, {"code": 15439, "location_desc": "off Narok Nairobi road,  ntulele market ", "official_name": "Ongata Naado Dispensary", "owner": {"name": "Ministry of Health"}, "keph_level": {"name": "Level 2"}, "ward": {"code": 897}, "number_of_cots": 0, "town": {"name": "narok"}, "name": "Ongata Naado Dispensary", "created": "2009-10-31T00:00:00+00:00", "regulatory_body": {"name": "Ministry of Health"}, "facility_type": {"name": "Dispensary"}, "plot_number": null, "operation_status": {"name": "Operational"}, "number_of_beds": 10}, {"code": 15431, "location_desc": "past olokurt health centre", "official_name": "Olposimoru Dispensary", "owner": {"name": "Ministry of Health"}, "keph_level": {"name": "Level 2"}, "ward": {"code": 891}, "number_of_cots": 0, "town": {"name": "elbargon"}, "name": "Olposimoru Dispensary", "created": "2009-10-31T00:00:00+00:00", "regulatory_body": {"name": "Ministry of Health"}, "facility_type": {"name": "Dispensary"}, "plot_number": null, "operation_status": {"name": "Operational"}, "number_of_beds": 0}, {"code": 15695, "location_desc": null, "official_name": "Tabare Dispensary", "owner": {"name": "Ministry of Health"}, "keph_level": {"name": "Level 2"}, "ward": {"code": 750}, "number_of_cots": 0, "town": {"name": "eldoret"}, "name": "Tabare Dispensary", "created": "2009-10-31T00:00:00+00:00", "regulatory_body": {"name": "Ministry of Health"}, "facility_type": {"name": "Dispensary"}, "plot_number": null, "operation_status": {"name": "Operational"}, "number_of_beds": 0}, {"code": 15578, "location_desc": null, "official_name": "Simotwo Dispensary (Keiyo)", "owner": {"name": "Ministry of Health"}, "keph_level": {"name": "Level 2"}, "ward": {"code": 749}, "number_of_cots": 0, "town": {"name": "eldoret"}, "name": "Simotwo Dispensary (Keiyo)", "created": "2009-10-31T00:00:00+00:00", "regulatory_body": {"name": "Ministry of Health"}, "facility_type": {"name": "Dispensary"}, "plot_number": null, "operation_status": {"name": "Operational"}, "number_of_beds": 0}, {"code": 15577, "location_desc": "Tachasis Junction, sign post seen 1.5kms", "official_name": "Simotwo Dispensary (Eldoret East)", "owner": {"name": "Ministry of Health"}, "keph_level": {"name": "Level 2"}, "ward": {"code": 717}, "number_of_cots": 0, "town": {"name": "eldoret"}, "name": "Simotwo Dispensary (Eldoret East)", "created": "2009-10-31T00:00:00+00:00", "regulatory_body": {"name": "Ministry of Health"}, "facility_type": {"name": "Dispensary"}, "plot_number": null, "operation_status": {"name": "Operational"}, "number_of_beds": 0}, {"code": 15576, "location_desc": null, "official_name": "Simotwet Dispensary", "owner": {"name": "Company Medical Service"}, "keph_level": {"name": "Level 2"}, "ward": {"code": 960}, "number_of_cots": 0, "town": {"name": "simotwet"}, "name": "Simotwet Dispensary", "created": "2009-10-31T00:00:00+00:00", "regulatory_body": {"name": "Kenya MPDB - Institution"}, "facility_type": {"name": "Dispensary"}, "plot_number": null, "operation_status": {"name": "Operational"}, "number_of_beds": 0}, {"code": 15575, "location_desc": "4 Kms To The West Off Sotik Ndanai Road", "official_name": "Simbi Dispensary", "owner": {"name": "Ministry of Health"}, "keph_level": {"name": "Level 2"}, "ward": {"code": 970}, "number_of_cots": 0, "town": {"name": "sotik"}, "name": "Simbi Dispensary", "created": "2009-10-31T00:00:00+00:00", "regulatory_body": {"name": "Ministry of Health"}, "facility_type": {"name": "Dispensary"}, "plot_number": null, "operation_status": {"name": "Operational"}, "number_of_beds": 0}, {"code": 15570, "location_desc": "slibwet dispensary is near silibwet market adjacent to the D.O s office ", "official_name": "Silibwet Dispensary (Bomet)", "owner": {"name": "Ministry of Health"}, "keph_level": {"name": "Level 2"}, "ward": {"code": 960}, "number_of_cots": 0, "town": {"name": "bomet"}, "name": "Silibwet Dispensary (Bomet)", "created": "2009-10-31T00:00:00+00:00", "regulatory_body": {"name": "Ministry of Health"}, "facility_type": {"name": "Dispensary"}, "plot_number": null, "operation_status": {"name": "Operational"}, "number_of_beds": 0}, {"code": 15901, "location_desc": "Situated at Kakunga - Lukume earth road, after Imbiakalo Church of God Primary School.", "official_name": "Imbiakalo Dispensary", "owner": {"name": "Ministry of Health"}, "keph_level": {"name": "Level 2"}, "ward": {"code": 1002}, "number_of_cots": 0, "town": {"name": "kakunga"}, "name": "Imbiakalo Dispensary", "created": "2009-10-31T00:00:00+00:00", "regulatory_body": {"name": "Ministry of Health"}, "facility_type": {"name": "Dispensary"}, "plot_number": null, "operation_status": {"name": "Operational"}, "number_of_beds": 0}, {"code": 15467, "location_desc": null, "official_name": "Poole Dispensary", "owner": {"name": "Ministry of Health"}, "keph_level": {"name": "Level 2"}, "ward": {"code": 641}, "number_of_cots": 0, "town": {"name": "kapenguria"}, "name": "Poole Dispensary", "created": "2009-10-31T00:00:00+00:00", "regulatory_body": {"name": "Ministry of Health"}, "facility_type": {"name": "Dispensary"}, "plot_number": null, "operation_status": {"name": "Operational"}, "number_of_beds": 0}, {"code": 15706, "location_desc": null, "official_name": "Tangasir Dispensary", "owner": {"name": "Ministry of Health"}, "keph_level": {"name": "Level 2"}, "ward": {"code": 716}, "number_of_cots": 0, "town": {"name": "eldoret"}, "name": "Tangasir Dispensary", "created": "2009-10-31T00:00:00+00:00", "regulatory_body": {"name": "Ministry of Health"}, "facility_type": {"name": "Dispensary"}, "plot_number": " ", "operation_status": {"name": "Operational"}, "number_of_beds": 7}, {"code": 15462, "location_desc": "Near Njoro town", "official_name": "Piave Dispensary", "owner": {"name": "Ministry of Health"}, "keph_level": {"name": "Level 2"}, "ward": {"code": 835}, "number_of_cots": 0, "town": {"name": "nakuru town"}, "name": "Piave Dispensary", "created": "2009-10-31T00:00:00+00:00", "regulatory_body": {"name": "Ministry of Health"}, "facility_type": {"name": "Dispensary"}, "plot_number": null, "operation_status": {"name": "Operational"}, "number_of_beds": 0}, {"code": 15461, "location_desc": "Old Nyahururu Nanyuki road to Gwa kungu then to Pesi Centre about half a kilometre form Pesi Centre.", "official_name": "Pesi Dispensary (Laikipia West)", "owner": {"name": "Ministry of Health"}, "keph_level": {"name": "Level 2"}, "ward": {"code": 816}, "number_of_cots": 0, "town": {"name": "pesi centre"}, "name": "Pesi Dispensary (Laikipia West)", "created": "2009-10-31T00:00:00+00:00", "regulatory_body": {"name": "Ministry of Health"}, "facility_type": {"name": "Dispensary"}, "plot_number": null, "operation_status": {"name": "Operational"}, "number_of_beds": 2}, {"code": 15451, "location_desc": "Osupuko Primary School", "official_name": "Osupuko Dispensary", "owner": {"name": "Ministry of Health"}, "keph_level": {"name": "Level 2"}, "ward": {"code": 881}, "number_of_cots": 0, "town": {"name": "kilgoris"}, "name": "Osupuko Dispensary", "created": "2009-10-31T00:00:00+00:00", "regulatory_body": {"name": "Ministry of Health"}, "facility_type": {"name": "Dispensary"}, "plot_number": null, "operation_status": {"name": "Operational"}, "number_of_beds": 0}, {"code": 15449, "location_desc": null, "official_name": "Osorongai Dispensary", "owner": {"name": "Ministry of Health"}, "keph_level": {"name": "Level 2"}, "ward": {"code": 708}, "number_of_cots": 0, "town": {"name": "eldoret"}, "name": "Osorongai Dispensary", "created": "2009-10-31T00:00:00+00:00", "regulatory_body": {"name": "Ministry of Health"}, "facility_type": {"name": "Dispensary"}, "plot_number": null, "operation_status": {"name": "Operational"}, "number_of_beds": 0}, {"code": 15187, "location_desc": "Located between 5 kilometrs from Sipli Town", "official_name": "Minjore Dispensary", "owner": {"name": "Ministry of Health"}, "keph_level": {"name": "Level 2"}, "ward": {"code": 822}, "number_of_cots": 0, "town": {"name": "olmoran centre"}, "name": "Minjore Dispensary", "created": "2009-10-31T00:00:00+00:00", "regulatory_body": {"name": "Ministry of Health"}, "facility_type": {"name": "Dispensary"}, "plot_number": null, "operation_status": {"name": "Operational"}, "number_of_beds": 2}, {"code": 15489, "location_desc": "Near the Kasarani Shopping centre on North-lake road.", "official_name": "North-lake Rocco Dispensary", "owner": {"name": "Ministry of Health"}, "keph_level": {"name": "Level 2"}, "ward": {"code": 847}, "number_of_cots": 0, "town": {"name": "kasarani shopping centre"}, "name": "Rocco Dispensary", "created": "2009-10-31T00:00:00+00:00", "regulatory_body": {"name": "Ministry of Health"}, "facility_type": {"name": "Dispensary"}, "plot_number": null, "operation_status": {"name": "Operational"}, "number_of_beds": 1}, {"code": 15487, "location_desc": null, "official_name": "Riwo  Dispensary", "owner": {"name": "Ministry of Health"}, "keph_level": {"name": "Level 2"}, "ward": {"code": 797}, "number_of_cots": 0, "town": {"name": "kabarnet"}, "name": "Riwo Dispensary", "created": "2009-10-31T00:00:00+00:00", "regulatory_body": {"name": "Ministry of Health"}, "facility_type": {"name": "Dispensary"}, "plot_number": null, "operation_status": {"name": "Operational"}, "number_of_beds": 0}, {"code": 15485, "location_desc": null, "official_name": "Rimoi Dispensary", "owner": {"name": "Ministry of Health"}, "keph_level": {"name": "Level 2"}, "ward": {"code": 744}, "number_of_cots": 0, "town": {"name": "iten"}, "name": "Rimoi Dispensary", "created": "2009-10-31T00:00:00+00:00", "regulatory_body": {"name": "Ministry of Health"}, "facility_type": {"name": "Dispensary"}, "plot_number": null, "operation_status": {"name": "Operational"}, "number_of_beds": 0}, {"code": 15477, "location_desc": "Near Radat Center", "official_name": "Radat dispensary", "owner": {"name": "Ministry of Health"}, "keph_level": {"name": "Level 2"}, "ward": {"code": 803}, "number_of_cots": 0, "town": {"name": "mogotio"}, "name": "Radat Dispensary", "created": "2009-10-31T00:00:00+00:00", "regulatory_body": {"name": "Ministry of Health"}, "facility_type": {"name": "Dispensary"}, "plot_number": null, "operation_status": {"name": "Operational"}, "number_of_beds": 0}, {"code": 15506, "location_desc": null, "official_name": "Sabor  Dispensary", "owner": {"name": "Ministry of Health"}, "keph_level": {"name": "Level 2"}, "ward": {"code": 798}, "number_of_cots": 0, "town": {"name": "marigat"}, "name": "Sabor Dispensary", "created": "2009-10-31T00:00:00+00:00", "regulatory_body": {"name": "Ministry of Health"}, "facility_type": {"name": "Dispensary"}, "plot_number": null, "operation_status": {"name": "Operational"}, "number_of_beds": 0}, {"code": 16334, "location_desc": null, "official_name": "Kimoloi Dispensary", "owner": {"name": "Ministry of Health"}, "keph_level": {"name": "Level 2"}, "ward": {"code": 748}, "number_of_cots": 0, "town": {"name": "kocholwo"}, "name": "Kimoloi Dispensary", "created": "2009-10-31T00:00:00+00:00", "regulatory_body": {"name": "Ministry of Health"}, "facility_type": {"name": "Dispensary"}, "plot_number": null, "operation_status": {"name": "Operational"}, "number_of_beds": 0}, {"code": 16702, "location_desc": null, "official_name": "Kadokong Dispensary", "owner": {"name": "Ministry of Health"}, "keph_level": {"name": "Level 2"}, "ward": {"code": 643}, "number_of_cots": 0, "town": {"name": "kapenguria"}, "name": "Kadokong Dispensary", "created": "2009-10-31T00:00:00+00:00", "regulatory_body": {"name": "Ministry of Health"}, "facility_type": {"name": "Dispensary"}, "plot_number": null, "operation_status": {"name": "Pending Opening"}, "number_of_beds": 0}, {"code": 16323, "location_desc": "Off Lomut-Chesogon road on righth hand side about 12 km up the hill.", "official_name": "Annet Dispensary", "owner": {"name": "Ministry of Health"}, "keph_level": {"name": "Level 2"}, "ward": {"code": 649}, "number_of_cots": 0, "town": {"name": "kitor"}, "name": "Annet Dispensary", "created": "2009-10-31T00:00:00+00:00", "regulatory_body": {"name": "Ministry of Health"}, "facility_type": {"name": "Dispensary"}, "plot_number": null, "operation_status": {"name": "Operational"}, "number_of_beds": 0}, {"code": 16704, "location_desc": "Kapenguria - Chepareria-Ortum Road,Chepkorwoniswa junction to your left. Two kilometres to the Facility on the same road", "official_name": "Pserum Dispensary", "owner": {"name": "Ministry of Health"}, "keph_level": {"name": "Level 2"}, "ward": {"code": 657}, "number_of_cots": 0, "town": {"name": "kapenguria"}, "name": "Pserum Dispensary", "created": "2009-10-31T00:00:00+00:00", "regulatory_body": {"name": "Ministry of Health"}, "facility_type": {"name": "Dispensary"}, "plot_number": null, "operation_status": {"name": "Operational"}, "number_of_beds": 0}, {"code": 15179, "location_desc": null, "official_name": "Merto Dispensary", "owner": {"name": "Ministry of Health"}, "keph_level": {"name": "Level 2"}, "ward": {"code": 945}, "number_of_cots": 0, "town": {"name": "kericho"}, "name": "Merto Dispensary", "created": "2009-10-31T00:00:00+00:00", "regulatory_body": {"name": "Ministry of Health"}, "facility_type": {"name": "Dispensary"}, "plot_number": null, "operation_status": {"name": "Operational"}, "number_of_beds": 0}, {"code": 14377, "location_desc": null, "official_name": "Cheramei Dispensary", "owner": {"name": "Ministry of Health"}, "keph_level": {"name": "Level 2"}, "ward": {"code": 710}, "number_of_cots": 0, "town": {"name": "eldoret"}, "name": "Cheramei Dispensary", "created": "2009-10-31T00:00:00+00:00", "regulatory_body": {"name": "Ministry of Health"}, "facility_type": {"name": "Dispensary"}, "plot_number": null, "operation_status": {"name": "Operational"}, "number_of_beds": 0}, {"code": 15520, "location_desc": "Nyahururu Town Mailo nane, Pondo , to Karamton Salama Centre", "official_name": "Salama Health Centre (Laikipia West)", "owner": {"name": "Ministry of Health"}, "keph_level": {"name": "Level 3"}, "ward": {"code": 816}, "number_of_cots": 0, "town": {"name": "salama centre"}, "name": "Salama Health Centre (Laikipia West)", "created": "2009-10-31T00:00:00+00:00", "regulatory_body": {"name": "Ministry of Health"}, "facility_type": {"name": "Dispensary"}, "plot_number": null, "operation_status": {"name": "Operational"}, "number_of_beds": 8}, {"code": 14363, "location_desc": null, "official_name": "Chepsiro Dispensary", "owner": {"name": "Ministry of Health"}, "keph_level": {"name": "Level 2"}, "ward": {"code": 699}, "number_of_cots": 0, "town": {"name": "kitale"}, "name": "Chepsiro Dispensary", "created": "2009-10-31T00:00:00+00:00", "regulatory_body": {"name": "Ministry of Health"}, "facility_type": {"name": "Dispensary"}, "plot_number": null, "operation_status": {"name": "Operational"}, "number_of_beds": 0}, {"code": 15512, "location_desc": "Near Sagat Primary School", "official_name": "Sagat Dispensary", "owner": {"name": "Ministry of Health"}, "keph_level": {"name": "Level 2"}, "ward": {"code": 809}, "number_of_cots": 0, "town": {"name": "eldama ravine"}, "name": "Sagat Dispensary", "created": "2009-10-31T00:00:00+00:00", "regulatory_body": {"name": "Ministry of Health"}, "facility_type": {"name": "Dispensary"}, "plot_number": null, "operation_status": {"name": "Operational"}, "number_of_beds": 0}, {"code": 15491, "location_desc": "At Romosha Market off Romosha - Ramasha Road", "official_name": "Romosha Dispensary", "owner": {"name": "Ministry of Health"}, "keph_level": {"name": "Level 2"}, "ward": {"code": 881}, "number_of_cots": 0, "town": {"name": "romosha market"}, "name": "Romosha Dispensary", "created": "2009-10-31T00:00:00+00:00", "regulatory_body": {"name": "Ministry of Health"}, "facility_type": {"name": "Dispensary"}, "plot_number": "1", "operation_status": {"name": "Operational"}, "number_of_beds": 0}, {"code": 15505, "location_desc": "Near Sabatia Secondary School", "official_name": "Sabatia Dispensary", "owner": {"name": "Ministry of Health"}, "keph_level": {"name": "Level 2"}, "ward": {"code": 810}, "number_of_cots": 0, "town": {"name": "eldama ravine"}, "name": "Sabatia Dispensary", "created": "2009-10-31T00:00:00+00:00", "regulatory_body": {"name": "Ministry of Health"}, "facility_type": {"name": "Dispensary"}, "plot_number": null, "operation_status": {"name": "Operational"}, "number_of_beds": 0}, {"code": 15470, "location_desc": "At the Nakuru prisons", "official_name": "Prison Dispensary", "owner": {"name": "Ministry of Health"}, "keph_level": {"name": "Level 2"}, "ward": {"code": 871}, "number_of_cots": 0, "town": {"name": "nakuru town"}, "name": "Prison Dispensary", "created": "2009-10-31T00:00:00+00:00", "regulatory_body": {"name": "Ministry of Health"}, "facility_type": {"name": "Dispensary"}, "plot_number": null, "operation_status": {"name": "Operational"}, "number_of_beds": 0}, {"code": 15497, "location_desc": "10 Kms From Sotik- Ndanai Road", "official_name": "Rongena Dispensary", "owner": {"name": "Ministry of Health"}, "keph_level": {"name": "Level 2"}, "ward": {"code": 970}, "number_of_cots": 0, "town": {"name": "sotik"}, "name": "Rongena Dispensary", "created": "2009-10-31T00:00:00+00:00", "regulatory_body": {"name": "Ministry of Health"}, "facility_type": {"name": "Dispensary"}, "plot_number": null, "operation_status": {"name": "Operational"}, "number_of_beds": 0}, {"code": 14373, "location_desc": null, "official_name": "Cheptongei Dispensary", "owner": {"name": "Ministry of Health"}, "keph_level": {"name": "Level 2"}, "ward": {"code": 738}, "number_of_cots": 0, "town": {"name": "kapsowar"}, "name": "Cheptongei Dispensary", "created": "2009-10-31T00:00:00+00:00", "regulatory_body": {"name": "Ministry of Health"}, "facility_type": {"name": "Dispensary"}, "plot_number": null, "operation_status": {"name": "Operational"}, "number_of_beds": 0}, {"code": 16024, "location_desc": null, "official_name": "Moru Karisa Dispensary", "owner": {"name": "Ministry of Health"}, "keph_level": {"name": "Level 2"}, "ward": {"code": 1129}, "number_of_cots": 0, "town": {"name": "amukura"}, "name": "Moru Karisa Dispensary", "created": "2009-10-31T00:00:00+00:00", "regulatory_body": {"name": "Ministry of Health"}, "facility_type": {"name": "Dispensary"}, "plot_number": null, "operation_status": {"name": "Operational"}, "number_of_beds": 0}, {"code": 16122, "location_desc": null, "official_name": "Shivanga Health Centre", "owner": {"name": "Ministry of Health"}, "keph_level": {"name": "Level 3"}, "ward": {"code": 1006}, "number_of_cots": 0, "town": {"name": "butali"}, "name": "Shivanga Health Centre", "created": "2009-10-31T00:00:00+00:00", "regulatory_body": {"name": "Ministry of Health"}, "facility_type": {"name": "Health Centre"}, "plot_number": null, "operation_status": {"name": "Operational"}, "number_of_beds": 0}, {"code": 16124, "location_desc": "Bungoma -Malaba road-Off road Kimwanga- Nasimbo Primary-Siboti Pri, then Siboti Dispensary.", "official_name": "Siboti  Health Centre", "owner": {"name": "Ministry of Health"}, "keph_level": {"name": "Level 3"}, "ward": {"code": 1095}, "number_of_cots": 0, "town": {"name": "malakisi"}, "name": "Siboti Health Centre", "created": "2009-10-31T00:00:00+00:00", "regulatory_body": {"name": "Ministry of Health"}, "facility_type": {"name": "Health Centre"}, "plot_number": "w. bukusu/e. siboti 1455", "operation_status": {"name": "Operational"}, "number_of_beds": 24}, {"code": 14340, "location_desc": "Near Flax Centre", "official_name": "Chepkero Dispensary", "owner": {"name": "Ministry of Health"}, "keph_level": {"name": "Level 2"}, "ward": {"code": 720}, "number_of_cots": 0, "town": {"name": "eldoret"}, "name": "Chepkero Dispensary", "created": "2009-10-31T00:00:00+00:00", "regulatory_body": {"name": "Ministry of Health"}, "facility_type": {"name": "Dispensary"}, "plot_number": null, "operation_status": {"name": "Operational"}, "number_of_beds": 0}, {"code": 16087, "location_desc": null, "official_name": "Obekai Dispensary", "owner": {"name": "Ministry of Health"}, "keph_level": {"name": "Level 2"}, "ward": {"code": 1132}, "number_of_cots": 0, "town": {"name": "amukura"}, "name": "Obekai Dispensary", "created": "2009-10-31T00:00:00+00:00", "regulatory_body": {"name": "Ministry of Health"}, "facility_type": {"name": "Dispensary"}, "plot_number": null, "operation_status": {"name": "Operational"}, "number_of_beds": 0}, {"code": 16335, "location_desc": null, "official_name": "Kaparon Health Centre", "owner": {"name": "Ministry of Health"}, "keph_level": {"name": "Level 3"}, "ward": {"code": 733}, "number_of_cots": 0, "town": {"name": "kapsowar"}, "name": "Kaparon Health Centre", "created": "2009-10-31T00:00:00+00:00", "regulatory_body": {"name": "Ministry of Health"}, "facility_type": {"name": "Health Centre"}, "plot_number": null, "operation_status": {"name": "Operational"}, "number_of_beds": 0}, {"code": 14342, "location_desc": "Chepareria - Tamough RD At Chepkopegh Market", "official_name": "Chepkopegh Dipensary", "owner": {"name": "Ministry of Health"}, "keph_level": {"name": "Level 2"}, "ward": {"code": 657}, "number_of_cots": 0, "town": {"name": "chepkopegh"}, "name": "Chepkopegh Dipensary", "created": "2009-10-31T00:00:00+00:00", "regulatory_body": {"name": "Ministry of Health"}, "facility_type": {"name": "Dispensary"}, "plot_number": null, "operation_status": {"name": "Operational"}, "number_of_beds": 0}, {"code": 14327, "location_desc": null, "official_name": "Chemworor Health Center", "owner": {"name": "Ministry of Health"}, "keph_level": {"name": "Level 3"}, "ward": {"code": 732}, "number_of_cots": 0, "town": {"name": "kapsowar"}, "name": "Chemworor Health Centre", "created": "2009-10-31T00:00:00+00:00", "regulatory_body": {"name": "Ministry of Health"}, "facility_type": {"name": "Health Centre"}, "plot_number": null, "operation_status": {"name": "Operational"}, "number_of_beds": 0}, {"code": 15993, "location_desc": "Next to Malaba town", "official_name": "Malaba Dispensary", "owner": {"name": "Ministry of Health"}, "keph_level": {"name": "Level 2"}, "ward": {"code": 1121}, "number_of_cots": 0, "town": {"name": "malaba"}, "name": "Malaba Dispensary", "created": "2009-10-31T00:00:00+00:00", "regulatory_body": {"name": "Ministry of Health"}, "facility_type": {"name": "Dispensary"}, "plot_number": null, "operation_status": {"name": "Operational"}, "number_of_beds": 0}, {"code": 16117, "location_desc": null, "official_name": "Shiru Health Centre", "owner": {"name": "Ministry of Health"}, "keph_level": {"name": "Level 3"}, "ward": {"code": 1061}, "number_of_cots": 0, "name": "Shiru Health Centre", "created": "2009-10-31T00:00:00+00:00", "regulatory_body": {"name": "Ministry of Health"}, "facility_type": {"name": "Health Centre"}, "plot_number": null, "operation_status": {"name": "Operational"}, "number_of_beds": 21}, {"code": 16171, "location_desc": "About 4km from kabati flyover on your left from Kenol market.", "official_name": "Gikono Dispensary", "owner": {"name": "Ministry of Health"}, "keph_level": {"name": "Level 2"}, "ward": {"code": 533}, "number_of_cots": 0, "town": {"name": "kabati market."}, "name": "Gikono Dispensary", "created": "2009-10-31T00:00:00+00:00", "regulatory_body": {"name": "Ministry of Health"}, "facility_type": {"name": "Dispensary"}, "plot_number": null, "operation_status": {"name": "Operational"}, "number_of_beds": 0}, {"code": 14341, "location_desc": null, "official_name": "Chepkigen Dispensary", "owner": {"name": "Ministry of Health"}, "keph_level": {"name": "Level 2"}, "ward": {"code": 725}, "number_of_cots": 0, "town": {"name": "eldoret"}, "name": "Chepkigen Dispensary", "created": "2009-10-31T00:00:00+00:00", "regulatory_body": {"name": "Ministry of Health"}, "facility_type": {"name": "Dispensary"}, "plot_number": null, "operation_status": {"name": "Operational"}, "number_of_beds": 0}, {"code": 14318, "location_desc": "Off Nandi Hills _ Chemelil Road", "official_name": "Chemelil Dispensary ", "owner": {"name": "Ministry of Health"}, "keph_level": {"name": "Level 2"}, "ward": {"code": 753}, "number_of_cots": 0, "town": {"name": "nandi hills"}, "name": "Chemelil Dispensary", "created": "2009-10-31T00:00:00+00:00", "regulatory_body": {"name": "Ministry of Health"}, "facility_type": {"name": "Dispensary"}, "plot_number": "nandi/nandi hills 1468", "operation_status": {"name": "Operational"}, "number_of_beds": 0}], "model": "facilities.Facility", "unique_fields": ["code"]}]