[{"records": [{"code": 19759, "location_desc": "Situated at the end of Line Moja Street in Kitale town around Kitale Remand Prison", "official_name": "Ninami Medical Clinic", "owner": {"name": "Private Practice - Clinical Officer"}, "keph_level": {"name": "Level 2"}, "ward": {"code": 685}, "number_of_cots": 0, "town": {"name": "kitale"}, "name": "Ninami Medical Clinic", "created": "2013-05-17T18:52:53.067000+00:00", "regulatory_body": {"name": "Clinical Officers Council"}, "facility_type": {"name": "Medical Clinic"}, "plot_number": null, "operation_status": {"name": "Operational"}, "number_of_beds": 0}, {"code": 19760, "location_desc": "Situated at London House  (former Kitale Hotel) within Kitale town", "official_name": "Cherangany Nursing Home Outpatient Clinic", "owner": {"name": "Private Enterprise (Institution)"}, "keph_level": {"name": "Level 2"}, "ward": {"code": 684}, "number_of_cots": 0, "town": {"name": "kitale"}, "name": "Cherangany Nursing Home Outpatient Clinic", "created": "2013-05-17T19:05:20.557000+00:00", "regulatory_body": {"name": "Clinical Officers Council"}, "facility_type": {"name": "Medical Clinic"}, "plot_number": null, "operation_status": {"name": "Operational"}, "number_of_beds": 0}, {"code": 19761, "location_desc": "Situated within Kitale town behind Bongo and Mbuni Hotels", "official_name": "Arara  ENT Clinic", "owner": {"name": "Private Practice - Clinical Officer"}, "keph_level": {"name": "Level 2"}, "ward": {"code": 684}, "number_of_cots": 0, "town": {"name": "within kitale town"}, "name": "Arara ENT Clinic", "created": "2013-05-17T19:17:02.620000+00:00", "regulatory_body": {"name": "Clinical Officers Council"}, "facility_type": {"name": "Not in List"}, "plot_number": null, "operation_status": {"name": "Operational"}, "number_of_beds": 0}, {"code": 19762, "location_desc": null, "official_name": "ITHUTHI HEALTHCARE UNIT", "owner": {"name": "Private Practice - Clinical Officer"}, "keph_level": {"name": "Level 2"}, "ward": {"code": 466}, "number_of_cots": 0, "name": "Ithuthi Healthcare Unit", "created": "2013-05-17T21:47:11.590000+00:00", "regulatory_body": {"name": "Ministry of Health"}, "facility_type": {"name": "Medical Clinic"}, "plot_number": null, "operation_status": {"name": "Operational"}, "number_of_beds": 0}, {"code": 19763, "location_desc": null, "official_name": "NYERI TECHNICAL DISPENSARY", "owner": {"name": "Academic (if registered)"}, "keph_level": {"name": "Level 2"}, "ward": {"code": 495}, "number_of_cots": 0, "name": "Nyeri Technical Dispensary", "created": "2013-05-17T22:03:42.423000+00:00", "regulatory_body": {"name": "Ministry of Health"}, "facility_type": {"name": "Dispensary"}, "plot_number": null, "operation_status": {"name": "Operational"}, "number_of_beds": 0}, {"code": 19764, "location_desc": null, "official_name": "Afya Yako Medical Clinic", "owner": {"name": "Private Practice - Clinical Officer"}, "keph_level": {"name": "Level 2"}, "ward": {"code": 493}, "number_of_cots": 0, "name": "Afya Yako Medical Clinic", "created": "2013-05-17T22:59:17.947000+00:00", "regulatory_body": {"name": "Ministry of Health"}, "facility_type": {"name": "Medical Clinic"}, "plot_number": null, "operation_status": {"name": "Operational"}, "number_of_beds": 0}, {"code": 19765, "location_desc": null, "official_name": "Mt. Kenya Senior Academy", "owner": {"name": "Private Enterprise (Institution)"}, "keph_level": {"name": "Level 2"}, "ward": {"code": 466}, "number_of_cots": 0, "name": "Mt Kenya Senior Academy", "created": "2013-05-17T23:14:39.267000+00:00", "regulatory_body": {"name": "Ministry of Health"}, "facility_type": {"name": "Medical Clinic"}, "plot_number": null, "operation_status": {"name": "Operational"}, "number_of_beds": 0}, {"code": 19766, "location_desc": null, "official_name": "Mt Kenya Junior Academy", "owner": {"name": "Private Enterprise (Institution)"}, "keph_level": {"name": "Level 2"}, "ward": {"code": 493}, "number_of_cots": 0, "town": {"name": "game rock"}, "name": "Mt Kenya Junior Academy", "created": "2013-05-17T23:38:28.167000+00:00", "regulatory_body": {"name": "Ministry of Health"}, "facility_type": {"name": "Medical Clinic"}, "plot_number": null, "operation_status": {"name": "Operational"}, "number_of_beds": 0}, {"code": 19767, "location_desc": null, "official_name": "Nyeri High School Dispensary", "owner": {"name": "Academic (if registered)"}, "keph_level": {"name": "Level 2"}, "ward": {"code": 491}, "number_of_cots": 0, "town": {"name": "mathari"}, "name": "Nyeri High School Dispensary", "created": "2013-05-17T23:51:13.147000+00:00", "regulatory_body": {"name": "Ministry of Health"}, "facility_type": {"name": "Medical Clinic"}, "plot_number": null, "operation_status": {"name": "Operational"}, "number_of_beds": 0}, {"code": 19768, "location_desc": null, "official_name": "Nyeri Good Shepherd Primary Clinic", "owner": {"name": "Private Enterprise (Institution)"}, "keph_level": {"name": "Level 2"}, "ward": {"code": 492}, "number_of_cots": 0, "name": "Nyeri Good Shepherd Primary Clinic", "created": "2013-05-18T00:01:47.660000+00:00", "regulatory_body": {"name": "Ministry of Health"}, "facility_type": {"name": "Medical Clinic"}, "plot_number": null, "operation_status": {"name": "Operational"}, "number_of_beds": 0}, {"code": 19769, "location_desc": null, "official_name": "Karundu Medical Clinic", "owner": {"name": "Private Enterprise (Institution)"}, "keph_level": {"name": "Level 2"}, "ward": {"code": 488}, "number_of_cots": 0, "name": "Karundu Medical Clinic", "created": "2013-05-18T00:10:12.967000+00:00", "regulatory_body": {"name": "Ministry of Health"}, "facility_type": {"name": "Medical Clinic"}, "plot_number": null, "operation_status": {"name": "Operational"}, "number_of_beds": 0}, {"code": 19770, "location_desc": null, "official_name": "Kirimara Optical", "owner": {"name": "Private Enterprise (Institution)"}, "keph_level": {"name": "Level 2"}, "ward": {"code": 495}, "number_of_cots": 0, "town": {"name": "nyeri town"}, "name": "Kirimara Optical", "created": "2013-05-18T00:17:36.877000+00:00", "regulatory_body": {"name": "Other"}, "facility_type": {"name": "Eye Centre"}, "plot_number": null, "operation_status": {"name": "Operational"}, "number_of_beds": 0}, {"code": 19771, "location_desc": null, "official_name": "Kangubiri Girls High School Clinic", "owner": {"name": "Academic (if registered)"}, "keph_level": {"name": "Level 2"}, "ward": {"code": 468}, "number_of_cots": 0, "name": "Kangubiri Girls High School Clinic", "created": "2013-05-18T00:30:05.403000+00:00", "regulatory_body": {"name": "Ministry of Health"}, "facility_type": {"name": "Medical Clinic"}, "plot_number": null, "operation_status": {"name": "Operational"}, "number_of_beds": 0}, {"code": 19772, "location_desc": null, "official_name": "Chania Optical", "owner": {"name": "Private Practice - Unspecified"}, "keph_level": {"name": "Level 2"}, "ward": {"code": 495}, "number_of_cots": 0, "town": {"name": "nyeri town"}, "name": "Chania Optical", "created": "2013-05-18T00:46:26.730000+00:00", "regulatory_body": {"name": "Other"}, "facility_type": {"name": "Medical Clinic"}, "plot_number": null, "operation_status": {"name": "Operational"}, "number_of_beds": 0}, {"code": 19773, "location_desc": null, "official_name": "Nyeri Endoscopy & Surgicare Centre", "owner": {"name": "Private Practice - Medical Specialist"}, "keph_level": {"name": "Level 2"}, "ward": {"code": 495}, "number_of_cots": 0, "town": {"name": "nyeri town"}, "name": "Nyeri Endoscopy & Surgicare Centre", "created": "2013-05-18T00:53:51.970000+00:00", "regulatory_body": {"name": "Kenya MPDB - Institution"}, "facility_type": {"name": "Medical Clinic"}, "plot_number": null, "operation_status": {"name": "Operational"}, "number_of_beds": 0}, {"code": 19774, "location_desc": null, "official_name": "Kahaaro Medical Clinic", "owner": {"name": "Private Practice - Nurse / Midwife"}, "keph_level": {"name": "Level 2"}, "ward": {"code": 468}, "number_of_cots": 0, "town": {"name": "gichira"}, "name": "Kahaaro Medical Clinic", "created": "2013-05-18T01:02:33.777000+00:00", "regulatory_body": {"name": "Ministry of Health"}, "facility_type": {"name": "Medical Clinic"}, "plot_number": null, "operation_status": {"name": "Operational"}, "number_of_beds": 0}, {"code": 19775, "location_desc": null, "official_name": "Kagumo Teachers College Dispensary", "owner": {"name": "Academic (if registered)"}, "keph_level": {"name": "Level 2"}, "ward": {"code": 468}, "number_of_cots": 0, "town": {"name": "gatitu"}, "name": "Kagumo Teachers College Dispensary", "created": "2013-05-18T01:10:32.353000+00:00", "regulatory_body": {"name": "Ministry of Health"}, "facility_type": {"name": "Dispensary"}, "plot_number": null, "operation_status": {"name": "Operational"}, "number_of_beds": 0}, {"code": 19776, "location_desc": null, "official_name": "Neno Optical", "owner": {"name": "Private Practice - General Practitioner"}, "keph_level": {"name": "Level 2"}, "ward": {"code": 495}, "number_of_cots": 0, "town": {"name": "nyeri town"}, "name": "Neno Optical", "created": "2013-05-18T03:11:39.800000+00:00", "regulatory_body": {"name": "Other"}, "facility_type": {"name": "Medical Clinic"}, "plot_number": null, "operation_status": {"name": "Operational"}, "number_of_beds": 0}, {"code": 19777, "location_desc": null, "official_name": "Kamwenja Teachers Training College ", "owner": {"name": "Academic (if registered)"}, "keph_level": {"name": "Level 2"}, "ward": {"code": 491}, "number_of_cots": 0, "name": "Kamwenja Teachers Training College", "created": "2013-05-18T03:18:34.633000+00:00", "regulatory_body": {"name": "Ministry of Health"}, "facility_type": {"name": "Dispensary"}, "plot_number": null, "operation_status": {"name": "Operational"}, "number_of_beds": 0}, {"code": 19778, "location_desc": null, "official_name": "Kagumo Boys High School Clinic", "owner": {"name": "Academic (if registered)"}, "keph_level": {"name": "Level 2"}, "ward": {"code": 491}, "number_of_cots": 0, "name": "Kagumo Boys High School Clinic", "created": "2013-05-18T03:23:38.493000+00:00", "regulatory_body": {"name": "Ministry of Health"}, "facility_type": {"name": "Dispensary"}, "plot_number": null, "operation_status": {"name": "Operational"}, "number_of_beds": 0}, {"code": 19779, "location_desc": null, "official_name": "Tabby Plaza Ent & Orthopaedic Clinic", "owner": {"name": "Private Practice - Clinical Officer"}, "keph_level": {"name": "Level 2"}, "ward": {"code": 495}, "number_of_cots": 0, "town": {"name": "nyeri town"}, "name": "Tabby Plaza ENT & Orthopaedic Clinic", "created": "2013-05-18T03:30:27.323000+00:00", "regulatory_body": {"name": "Clinical Officers Council"}, "facility_type": {"name": "Medical Clinic"}, "plot_number": null, "operation_status": {"name": "Operational"}, "number_of_beds": 0}, {"code": 19780, "location_desc": null, "official_name": "Dr Kibec Clinic", "owner": {"name": "Private Practice - General Practitioner"}, "keph_level": {"name": "Level 2"}, "ward": {"code": 492}, "number_of_cots": 0, "town": {"name": "nyeri town"}, "name": "Dr Kibec Clinic", "created": "2013-05-18T03:45:38.040000+00:00", "regulatory_body": {"name": "Kenya MPDB - Institution"}, "facility_type": {"name": "Medical Clinic"}, "plot_number": null, "operation_status": {"name": "Operational"}, "number_of_beds": 0}, {"code": 19781, "location_desc": null, "official_name": "Dr Thuo Clinic", "owner": {"name": "Private Practice - General Practitioner"}, "keph_level": {"name": "Level 2"}, "ward": {"code": 492}, "number_of_cots": 0, "name": "Dr Thuo Clinic", "created": "2013-05-18T03:50:57.337000+00:00", "regulatory_body": {"name": "Kenya MPDB - Institution"}, "facility_type": {"name": "Medical Clinic"}, "plot_number": null, "operation_status": {"name": "Operational"}, "number_of_beds": 0}, {"code": 19782, "location_desc": null, "official_name": "Mountain Med Clinic", "owner": {"name": "Private Practice - Clinical Officer"}, "keph_level": {"name": "Level 2"}, "ward": {"code": 495}, "number_of_cots": 0, "name": "Mountain Med Clinic", "created": "2013-05-18T04:03:32.253000+00:00", "regulatory_body": {"name": "Clinical Officers Council"}, "facility_type": {"name": "Medical Clinic"}, "plot_number": null, "operation_status": {"name": "Operational"}, "number_of_beds": 0}, {"code": 19783, "location_desc": null, "official_name": "Dr IL Muturi Clinic", "owner": {"name": "Private Practice - Medical Specialist"}, "keph_level": {"name": "Level 2"}, "ward": {"code": 492}, "number_of_cots": 0, "name": "Dr Il Muturi Clinic", "created": "2013-05-18T04:11:23.950000+00:00", "regulatory_body": {"name": "Kenya MPDB - Institution"}, "facility_type": {"name": "Medical Clinic"}, "plot_number": null, "operation_status": {"name": "Operational"}, "number_of_beds": 0}, {"code": 19784, "location_desc": null, "official_name": "Nyeri Primary School Dispensary", "owner": {"name": "Academic (if registered)"}, "keph_level": {"name": "Level 2"}, "ward": {"code": 492}, "number_of_cots": 0, "name": "Nyeri Primary School Dispensary", "created": "2013-05-18T04:17:47.277000+00:00", "regulatory_body": {"name": "Ministry of Health"}, "facility_type": {"name": "Dispensary"}, "plot_number": null, "operation_status": {"name": "Operational"}, "number_of_beds": 0}, {"code": 19785, "location_desc": null, "official_name": "Optica Clinic Nyeri", "owner": {"name": "Private Enterprise (Institution)"}, "keph_level": {"name": "Level 2"}, "ward": {"code": 492}, "number_of_cots": 0, "name": "Optica Clinic Nyeri", "created": "2013-05-18T04:24:53.030000+00:00", "regulatory_body": {"name": "Other"}, "facility_type": {"name": "Eye Centre"}, "plot_number": null, "operation_status": {"name": "Operational"}, "number_of_beds": 0}, {"code": 19786, "location_desc": "Olkalou-Engineer Rd at Ndunyu Njeru Market", "official_name": "Jamii Medical Clinic", "owner": {"name": "Private Practice - Nurse / Midwife"}, "keph_level": {"name": "Level 2"}, "ward": {"code": 443}, "number_of_cots": 0, "town": {"name": "ndunyu njeru market"}, "name": "Jamii Medical Clinic", "created": "2013-05-18T11:40:36.680000+00:00", "regulatory_body": {"name": "Nursing Council of Kenya (Private Practice)"}, "facility_type": {"name": "Medical Clinic"}, "plot_number": null, "operation_status": {"name": "Operational"}, "number_of_beds": 0}, {"code": 19787, "location_desc": "Olkalou-Engineer rd at Engineer town", "official_name": "High Way Medical Clinic", "owner": {"name": "Private Practice - Clinical Officer"}, "keph_level": {"name": "Level 2"}, "ward": {"code": 441}, "number_of_cots": 0, "town": {"name": "engineer town"}, "name": "High Way Medical Clinic", "created": "2013-05-18T12:29:32.280000+00:00", "regulatory_body": {"name": "Clinical Officers Council"}, "facility_type": {"name": "Medical Clinic"}, "plot_number": null, "operation_status": {"name": "Operational"}, "number_of_beds": 0}, {"code": 19788, "location_desc": "Near Popular Butchery", "official_name": "Biotisho Ang' Medical Clinic", "owner": {"name": "Private Practice - Nurse / Midwife"}, "keph_level": {"name": "Level 2"}, "ward": {"code": 664}, "number_of_cots": 0, "town": {"name": "loosuk shopping centre"}, "name": "Biotisho Ang' Medical Clinic", "created": "2013-05-18T13:46:18.903000+00:00", "regulatory_body": {"name": "Nursing Council of Kenya (Private Practice)"}, "facility_type": {"name": "Medical Clinic"}, "plot_number": null, "operation_status": {"name": "Pending Opening"}, "number_of_beds": 0}, {"code": 19789, "location_desc": "NBI-NKU RB,Branch to the right to Haraka then branch to Karanga that Town", "official_name": "Wananchi Medical Clinic(Nyandarua)", "owner": {"name": "Private Practice - Nurse / Midwife"}, "keph_level": {"name": "Level 2"}, "ward": {"code": 446}, "number_of_cots": 0, "town": {"name": "krangatha"}, "name": "Wananchi Medical Clinic (Nyandarua)", "created": "2013-05-18T14:14:57.037000+00:00", "regulatory_body": {"name": "Nursing Council of Kenya (Private Practice)"}, "facility_type": {"name": "Medical Clinic"}, "plot_number": "32 karangatha", "operation_status": {"name": "Operational"}, "number_of_beds": 0}, {"code": 19790, "location_desc": "Nbi-Nku , branch at Fly over to the right up to kinamba market", "official_name": "Kinamba Medical Clinic", "owner": {"name": "Private Practice - Nurse / Midwife"}, "keph_level": {"name": "Level 2"}, "ward": {"code": 446}, "number_of_cots": 0, "town": {"name": "kinamba town"}, "name": "Kinamba Medical Clinic", "created": "2013-05-18T14:26:40.527000+00:00", "regulatory_body": {"name": "Nursing Council of Kenya (Private Practice)"}, "facility_type": {"name": "Medical Clinic"}, "plot_number": "1862 njabini", "operation_status": {"name": "Operational"}, "number_of_beds": 0}, {"code": 19791, "location_desc": "Engineer Olkalou rd at Miharate town", "official_name": "Miharate Medical Clinic", "owner": {"name": "Private Practice - Clinical Officer"}, "keph_level": {"name": "Level 2"}, "ward": {"code": 450}, "number_of_cots": 0, "town": {"name": "miharate towm"}, "name": "Miharate Medical Clinic", "created": "2013-05-18T14:38:22.153000+00:00", "regulatory_body": {"name": "Clinical Officers Council"}, "facility_type": {"name": "Medical Clinic"}, "plot_number": null, "operation_status": {"name": "Operational"}, "number_of_beds": 0}, {"code": 19792, "location_desc": "At Miharate Town", "official_name": "Kipipiri Medical Centre", "owner": {"name": "Private Practice - Nurse / Midwife"}, "keph_level": {"name": "Level 2"}, "ward": {"code": 452}, "number_of_cots": 0, "town": {"name": "miharate towm"}, "name": "Kipipiri Medical Centre", "created": "2013-05-18T14:47:16.300000+00:00", "regulatory_body": {"name": "Nursing Council of Kenya (Private Practice)"}, "facility_type": {"name": "Medical Clinic"}, "plot_number": "792", "operation_status": {"name": "Operational"}, "number_of_beds": 0}, {"code": 19794, "location_desc": "Situated at Kasuku Township", "official_name": "Afya Bora Health Clinic", "owner": {"name": "Private Practice - Nurse / Midwife"}, "keph_level": {"name": "Level 2"}, "ward": {"code": 460}, "number_of_cots": 0, "town": {"name": "kasuku"}, "name": "Afya Bora Health Clinic", "created": "2013-05-18T15:16:30.490000+00:00", "regulatory_body": {"name": "Nursing Council of Kenya (Private Practice)"}, "facility_type": {"name": "Medical Clinic"}, "plot_number": "24", "operation_status": {"name": "Operational"}, "number_of_beds": 0}, {"code": 19795, "location_desc": null, "official_name": "Thuti Medical Clinic", "owner": {"name": "Private Practice - Nurse / Midwife"}, "keph_level": {"name": "Level 2"}, "ward": {"code": 492}, "number_of_cots": 0, "name": "Thuti Medical Clinic", "created": "2013-05-18T15:25:09.677000+00:00", "regulatory_body": {"name": "Nursing Council of Kenya (Private Practice)"}, "facility_type": {"name": "Medical Clinic"}, "plot_number": null, "operation_status": {"name": "Operational"}, "number_of_beds": 0}, {"code": 19796, "location_desc": "Market RD opp. Rastas supermaeket", "official_name": "Utugi Medical Clinic", "owner": {"name": "Private Practice - Clinical Officer"}, "keph_level": {"name": "Level 2"}, "ward": {"code": 456}, "number_of_cots": 0, "town": {"name": "olkalou"}, "name": "Utugi (Olk) Medical Clinic", "created": "2013-05-18T15:32:37.740000+00:00", "regulatory_body": {"name": "Clinical Officers Council"}, "facility_type": {"name": "Medical Clinic"}, "plot_number": "30", "operation_status": {"name": "Operational"}, "number_of_beds": 0}, {"code": 19797, "location_desc": null, "official_name": "Dr L.N Wagana Clinic", "owner": {"name": "Private Practice - Medical Specialist"}, "keph_level": {"name": "Level 2"}, "ward": {"code": 492}, "number_of_cots": 0, "town": {"name": "nyeri town"}, "name": "Dr L N Wagana Clinic", "created": "2013-05-18T15:35:05.240000+00:00", "regulatory_body": {"name": "Kenya MPDB - Private Practice"}, "facility_type": {"name": "Medical Clinic"}, "plot_number": null, "operation_status": {"name": "Operational"}, "number_of_beds": 0}, {"code": 19798, "location_desc": "NBI-NKU RD branch at fly over to the right up to kinamba market", "official_name": "Danama Medical Clinic", "owner": {"name": "Private Practice - Nurse / Midwife"}, "keph_level": {"name": "Level 2"}, "ward": {"code": 446}, "number_of_cots": 0, "town": {"name": "njabini"}, "name": "Danama Medical Clinic", "created": "2013-05-18T15:40:21.263000+00:00", "regulatory_body": {"name": "Nursing Council of Kenya (Private Practice)"}, "facility_type": {"name": "Medical Clinic"}, "plot_number": null, "operation_status": {"name": "Operational"}, "number_of_beds": 0}, {"code": 19799, "location_desc": null, "official_name": "Meridian Medical Centre Nyeri", "owner": {"name": "Private Enterprise (Institution)"}, "keph_level": {"name": "Level 2"}, "ward": {"code": 495}, "number_of_cots": 0, "name": "Meridian Medical Centre Nyeri", "created": "2013-05-18T15:43:53.283000+00:00", "regulatory_body": {"name": "Kenya MPDB - Institution"}, "facility_type": {"name": "Medical Clinic"}, "plot_number": null, "operation_status": {"name": "Operational"}, "number_of_beds": 0}, {"code": 19800, "location_desc": "Situated at Silibwet township", "official_name": "Igwamiti Medical Clinic", "owner": {"name": "Private Practice - Nurse / Midwife"}, "keph_level": {"name": "Level 2"}, "ward": {"code": 458}, "number_of_cots": 0, "town": {"name": "silibwet"}, "name": "Igwamiti Medical Clinic", "created": "2013-05-18T15:51:49.520000+00:00", "regulatory_body": {"name": "Nursing Council of Kenya (Private Practice)"}, "facility_type": {"name": "Medical Clinic"}, "plot_number": null, "operation_status": {"name": "Operational"}, "number_of_beds": 0}, {"code": 19801, "location_desc": "NBI-NKU Branch at fly Over to the Right up to Kanyua Market", "official_name": "Haraka Medical Clinic", "owner": {"name": "Private Practice - Unspecified"}, "keph_level": {"name": "Level 2"}, "ward": {"code": 446}, "number_of_cots": 0, "town": {"name": "kanyua market"}, "name": "Haraka Medical Clinic", "created": "2013-05-18T15:55:25.083000+00:00", "regulatory_body": {"name": "Nursing Council of Kenya (Private Practice)"}, "facility_type": {"name": "Medical Clinic"}, "plot_number": "134 magumu", "operation_status": {"name": "Operational"}, "number_of_beds": 0}, {"code": 19802, "location_desc": "Situated at gwakungu township", "official_name": "Afya Medical Clinic", "owner": {"name": "Private Practice - Nurse / Midwife"}, "keph_level": {"name": "Level 2"}, "ward": {"code": 462}, "number_of_cots": 0, "town": {"name": "gwakungu"}, "name": "Afya Medical Clinic (Gwakungu)", "created": "2013-05-18T16:06:22.017000+00:00", "regulatory_body": {"name": "Nursing Council of Kenya (Private Practice)"}, "facility_type": {"name": "Medical Clinic"}, "plot_number": null, "operation_status": {"name": "Operational"}, "number_of_beds": 0}, {"code": 19803, "location_desc": "Gilgil Olkalou rd ,branch right at kapten shopping centre them about 5 km along the way from ndemi market", "official_name": "Mwenda andu Medical Clinic", "owner": {"name": "Private Practice - Nurse / Midwife"}, "keph_level": {"name": "Level 2"}, "ward": {"code": 449}, "number_of_cots": 0, "town": {"name": "ndemi"}, "name": "Mwenda andu Medical Clinic", "created": "2013-05-18T16:08:49.047000+00:00", "regulatory_body": {"name": "Nursing Council of Kenya (Private Practice)"}, "facility_type": {"name": "Medical Clinic"}, "plot_number": null, "operation_status": {"name": "Operational"}, "number_of_beds": 0}, {"code": 19804, "location_desc": null, "official_name": "Githabai Medical Clinic", "owner": {"name": "Private Practice - Nurse / Midwife"}, "keph_level": {"name": "Level 2"}, "ward": {"code": 447}, "number_of_cots": 0, "name": "Githabai Medical Clinic", "created": "2013-05-18T16:17:26.140000+00:00", "regulatory_body": {"name": "Nursing Council of Kenya (Private Practice)"}, "facility_type": {"name": "Medical Clinic"}, "plot_number": null, "operation_status": {"name": "Operational"}, "number_of_beds": 0}, {"code": 19805, "location_desc": null, "official_name": "Remedy Laboratory Services", "owner": {"name": "Private Enterprise (Institution)"}, "keph_level": {"name": "Level 2"}, "ward": {"code": 492}, "number_of_cots": 0, "name": "Remedy Laboratory Services", "created": "2013-05-18T16:20:12.327000+00:00", "regulatory_body": {"name": "Kenya Medical Laboratory, Tech & Technologists Board"}, "facility_type": {"name": "Medical Clinic"}, "plot_number": null, "operation_status": {"name": "Operational"}, "number_of_beds": 0}, {"code": 19806, "location_desc": "NBI - NKU rd at Fly over town", "official_name": "Fly over Medical Clinic", "owner": {"name": "Private Practice - Nurse / Midwife"}, "keph_level": {"name": "Level 2"}, "ward": {"code": 448}, "number_of_cots": 0, "town": {"name": "fly over market"}, "name": "Fly Over Medical Clinic", "created": "2013-05-18T16:29:47.983000+00:00", "regulatory_body": {"name": "Nursing Council of Kenya (Private Practice)"}, "facility_type": {"name": "Medical Clinic"}, "plot_number": null, "operation_status": {"name": "Operational"}, "number_of_beds": 0}, {"code": 19807, "location_desc": null, "official_name": "Fly over Health Clinic", "owner": {"name": "Private Practice - Nurse / Midwife"}, "keph_level": {"name": "Level 2"}, "ward": {"code": 448}, "number_of_cots": 0, "town": {"name": "fly over"}, "name": "Fly Over Health Clinic", "created": "2013-05-18T16:43:53.957000+00:00", "regulatory_body": {"name": "Nursing Council of Kenya (Private Practice)"}, "facility_type": {"name": "Medical Clinic"}, "plot_number": null, "operation_status": {"name": "Operational"}, "number_of_beds": 0}, {"code": 19808, "location_desc": null, "official_name": "Imani Medical Clinic (Nyandarua)", "owner": {"name": "Private Practice - Nurse / Midwife"}, "keph_level": {"name": "Level 2"}, "ward": {"code": 448}, "number_of_cots": 0, "town": {"name": "rwanyabo"}, "name": "Imani Medical Clinic (Nyandarua)", "created": "2013-05-18T16:51:53.953000+00:00", "regulatory_body": {"name": "Nursing Council of Kenya (Private Practice)"}, "facility_type": {"name": "Medical Clinic"}, "plot_number": null, "operation_status": {"name": "Operational"}, "number_of_beds": 0}, {"code": 19809, "location_desc": "Opposite Kerugoya District Hospital", "official_name": "Dr. Ndambuki Clinic", "owner": {"name": "Private Practice - Medical Specialist"}, "keph_level": {"name": "Level 2"}, "ward": {"code": 514}, "number_of_cots": 0, "town": {"name": "kerugoya"}, "name": "Dr Ndambuki Clinic", "created": "2013-05-18T21:14:12.730000+00:00", "regulatory_body": {"name": "Kenya MPDB - Private Practice"}, "facility_type": {"name": "Medical Clinic"}, "plot_number": null, "operation_status": {"name": "Operational"}, "number_of_beds": 0}, {"code": 19810, "location_desc": "In Kagumo market", "official_name": "Vision Medical  Clinic", "owner": {"name": "Private Practice - Nurse / Midwife"}, "keph_level": {"name": "Level 2"}, "ward": {"code": 514}, "number_of_cots": 0, "town": {"name": "kagumo"}, "name": "Vision Medical Clinic", "created": "2013-05-18T21:29:12.897000+00:00", "regulatory_body": {"name": "Nursing Council of Kenya (Private Practice)"}, "facility_type": {"name": "Medical Clinic"}, "plot_number": null, "operation_status": {"name": "Operational"}, "number_of_beds": 0}, {"code": 19811, "location_desc": "in Kagumo town", "official_name": "Olifras Medical Clinic", "owner": {"name": "Private Practice - Nurse / Midwife"}, "keph_level": {"name": "Level 2"}, "ward": {"code": 512}, "number_of_cots": 0, "town": {"name": "kagumo"}, "name": "Olifras Medical Clinic", "created": "2013-05-18T21:35:05.973000+00:00", "regulatory_body": {"name": "Nursing Council of Kenya (Private Practice)"}, "facility_type": {"name": "Medical Clinic"}, "plot_number": null, "operation_status": {"name": "Operational"}, "number_of_beds": 0}, {"code": 19812, "location_desc": null, "official_name": "Christ Mary Anne Clinic", "owner": {"name": "Private Practice - Unspecified"}, "keph_level": {"name": "Level 2"}, "ward": {"code": 1324}, "number_of_cots": 2, "town": {"name": "ogembo"}, "name": "Christ Mary Anne Clinic", "created": "2013-05-18T21:36:25.470000+00:00", "regulatory_body": {"name": "Kenya MPDB - Private Practice"}, "facility_type": {"name": "Medical Clinic"}, "plot_number": null, "operation_status": {"name": "Operational"}, "number_of_beds": 8}, {"code": 19813, "location_desc": "Kutus market", "official_name": "Hebron CFW Clinic (Kutus)", "owner": {"name": "Non-Governmental Organizations"}, "keph_level": {"name": "Level 2"}, "ward": {"code": 500}, "number_of_cots": 0, "town": {"name": "kutus market"}, "name": "Hebron CFW Clinic (Kutus)", "created": "2013-05-18T21:45:18.757000+00:00", "regulatory_body": {"name": "Kenya MPDB - Institution"}, "facility_type": {"name": "Medical Clinic"}, "plot_number": null, "operation_status": {"name": "Operational"}, "number_of_beds": 0}, {"code": 19814, "location_desc": null, "official_name": "Joskar CFW clinic (Kibingiti)", "owner": {"name": "Private Practice - Unspecified"}, "keph_level": {"name": "Level 2"}, "ward": {"code": 510}, "number_of_cots": 0, "name": "Joskar CFW Clinic (Kibingiti)", "created": "2013-05-18T22:09:35.343000+00:00", "regulatory_body": {"name": "Kenya MPDB - Private Practice"}, "facility_type": {"name": "Medical Clinic"}, "plot_number": null, "operation_status": {"name": "Operational"}, "number_of_beds": 0}, {"code": 19815, "location_desc": "Near Agro Chemical Factory", "official_name": "Agro Chemical", "owner": {"name": "Private Enterprise (Institution)"}, "keph_level": {"name": "Level 2"}, "ward": {"code": 760}, "number_of_cots": 0, "town": {"name": "muhoroni township market"}, "name": "Agro Chemical Dispensary", "created": "2013-05-19T18:46:12.913000+00:00", "regulatory_body": {"name": "Kenya MPDB - Private Practice"}, "facility_type": {"name": "Dispensary"}, "plot_number": null, "operation_status": {"name": "Operational"}, "number_of_beds": 0}, {"code": 19816, "location_desc": null, "official_name": "Lex Medical Clinic", "owner": {"name": "Private Practice - Nurse / Midwife"}, "keph_level": {"name": "Level 2"}, "ward": {"code": 504}, "number_of_cots": 0, "name": "Lex Medical Clinic", "created": "2013-05-19T21:35:30.200000+00:00", "regulatory_body": {"name": "Nursing Council of Kenya (Private Practice)"}, "facility_type": {"name": "Medical Clinic"}, "plot_number": null, "operation_status": {"name": "Operational"}, "number_of_beds": 0}, {"code": 19817, "location_desc": "Kamweti Market", "official_name": "Airborne No Twist Huduma Bora Clinic", "owner": {"name": "Private Practice - Nurse / Midwife"}, "keph_level": {"name": "Level 2"}, "ward": {"code": 504}, "number_of_cots": 0, "name": "Airborne No Twist Huduma Bora Clinic", "created": "2013-05-19T22:04:07.657000+00:00", "regulatory_body": {"name": "Nursing Council of Kenya (Private Practice)"}, "facility_type": {"name": "Medical Clinic"}, "plot_number": null, "operation_status": {"name": "Operational"}, "number_of_beds": 0}, {"code": 19818, "location_desc": "Karumande market", "official_name": "Jamii medical clinic", "owner": {"name": "Private Practice - Nurse / Midwife"}, "keph_level": {"name": "Level 2"}, "ward": {"code": 508}, "number_of_cots": 0, "name": "Jamii Medical Clinic", "created": "2013-05-19T22:11:10.417000+00:00", "regulatory_body": {"name": "Kenya MPDB - Private Practice"}, "facility_type": {"name": "Medical Clinic"}, "plot_number": null, "operation_status": {"name": "Operational"}, "number_of_beds": 0}, {"code": 19819, "location_desc": null, "official_name": "Jamii medical clinic (Kirinyaga North)", "owner": {"name": "Private Practice - Nurse / Midwife"}, "keph_level": {"name": "Level 2"}, "ward": {"code": 514}, "number_of_cots": 0, "name": "Jamii Medical Clinic (Kirinyaga North)", "created": "2013-05-19T22:19:52.813000+00:00", "regulatory_body": {"name": "Nursing Council of Kenya (Private Practice)"}, "facility_type": {"name": "Medical Clinic"}, "plot_number": null, "operation_status": {"name": "Operational"}, "number_of_beds": 0}, {"code": 19820, "location_desc": "Kerugoya Town", "official_name": "Medkam Pharmacy", "owner": {"name": "Private Practice - Medical Specialist"}, "keph_level": {"name": "Level 2"}, "ward": {"code": 514}, "number_of_cots": 0, "name": "Medkam Pharmacy", "created": "2013-05-19T22:31:46.500000+00:00", "regulatory_body": {"name": "Kenya MPDB - Private Practice"}, "facility_type": {"name": "Medical Clinic"}, "plot_number": null, "operation_status": {"name": "Operational"}, "number_of_beds": 0}, {"code": 19821, "location_desc": "Kerugoya Town", "official_name": "Royal Dental Clinic", "owner": {"name": "Private Practice - Nurse / Midwife"}, "keph_level": {"name": "Level 2"}, "ward": {"code": 514}, "number_of_cots": 0, "name": "Royal Dental Clinic", "created": "2013-05-19T22:42:13.543000+00:00", "regulatory_body": {"name": "Nursing Council of Kenya (Private Practice)"}, "facility_type": {"name": "Medical Clinic"}, "plot_number": null, "operation_status": {"name": "Operational"}, "number_of_beds": 0}, {"code": 19822, "location_desc": "Kibingoti Market", "official_name": "Alliance Medical Clinic (Kirinyaga)", "owner": {"name": "Private Practice - Nurse / Midwife"}, "keph_level": {"name": "Level 2"}, "ward": {"code": 510}, "number_of_cots": 0, "name": "Alliance Medical Clinic (Kirinyaga)", "created": "2013-05-19T22:57:04.587000+00:00", "regulatory_body": {"name": "Nursing Council of Kenya (Private Practice)"}, "facility_type": {"name": "Medical Clinic"}, "plot_number": null, "operation_status": {"name": "Operational"}, "number_of_beds": 0}, {"code": 19823, "location_desc": null, "official_name": "Humanity Medical Clinic (Kir South)", "owner": {"name": "Private Practice - Nurse / Midwife"}, "keph_level": {"name": "Level 2"}, "ward": {"code": 502}, "number_of_cots": 0, "name": "Humanity Medical Clinic (Kir South)", "created": "2013-05-20T09:26:07.230000+00:00", "regulatory_body": {"name": "Kenya MPDB - Private Practice"}, "facility_type": {"name": "Medical Clinic"}, "plot_number": null, "operation_status": {"name": "Operational"}, "number_of_beds": 0}, {"code": 19824, "location_desc": null, "official_name": "Hebron CFW Clinic", "owner": {"name": "Non-Governmental Organizations"}, "keph_level": {"name": "Level 2"}, "ward": {"code": 500}, "number_of_cots": 0, "name": "Hebron CFW Clinic", "created": "2013-05-20T09:43:27.393000+00:00", "regulatory_body": {"name": "Kenya MPDB - Institution"}, "facility_type": {"name": "Medical Clinic"}, "plot_number": null, "operation_status": {"name": "Operational"}, "number_of_beds": 0}, {"code": 19825, "location_desc": null, "official_name": "St Anne CFW Clinic", "owner": {"name": "Non-Governmental Organizations"}, "keph_level": {"name": "Level 2"}, "ward": {"code": 468}, "number_of_cots": 0, "name": "St Anne CFW Clinic", "created": "2013-05-20T09:56:23.137000+00:00", "regulatory_body": {"name": "Kenya MPDB - Institution"}, "facility_type": {"name": "Medical Clinic"}, "plot_number": null, "operation_status": {"name": "Operational"}, "number_of_beds": 0}, {"code": 19827, "location_desc": "Its of Chaka - Nyaribo road", "official_name": "P.C.E.A Honi Dispensary", "owner": {"name": "Other Faith Based"}, "keph_level": {"name": "Level 2"}, "ward": {"code": 474}, "number_of_cots": 0, "town": {"name": "chaka market"}, "name": "PCEA Honi Dispensary", "created": "2013-05-20T10:14:08.960000+00:00", "regulatory_body": {"name": "Nursing Council of Kenya (Private Practice)"}, "facility_type": {"name": "Dispensary"}, "plot_number": null, "operation_status": {"name": "Operational"}, "number_of_beds": 0}, {"code": 19828, "location_desc": "Banana-Limuru Road Near Banana daily co-operative", "official_name": "St.Francis Health Clinic", "owner": {"name": "Private Practice - Clinical Officer"}, "keph_level": {"name": "Level 2"}, "ward": {"code": 587}, "number_of_cots": 0, "town": {"name": "banana town"}, "name": "St Francis Health Clinic", "created": "2013-05-20T10:27:31.987000+00:00", "regulatory_body": {"name": "Clinical Officers Council"}, "facility_type": {"name": "Medical Clinic"}, "plot_number": null, "operation_status": {"name": "Operational"}, "number_of_beds": 0}, {"code": 19829, "location_desc": null, "official_name": "Ngurubani Medical Services", "owner": {"name": "Private Practice - Nurse / Midwife"}, "keph_level": {"name": "Level 2"}, "ward": {"code": 503}, "number_of_cots": 0, "name": "Ngurubani Medical Services", "created": "2013-05-20T10:29:28.990000+00:00", "regulatory_body": {"name": "Kenya MPDB - Private Practice"}, "facility_type": {"name": "Medical Clinic"}, "plot_number": null, "operation_status": {"name": "Operational"}, "number_of_beds": 0}, {"code": 19830, "location_desc": "Near Gitunduti Market", "official_name": "Itiati University Campus Dispensary ", "owner": {"name": "Non-Governmental Organizations"}, "keph_level": {"name": "Level 2"}, "ward": {"code": 478}, "number_of_cots": 0, "town": {"name": "near gitinduti market"}, "name": "Itiati University Campus Dispensary", "created": "2013-05-20T10:32:20.230000+00:00", "regulatory_body": {"name": "Ministry of Health"}, "facility_type": {"name": "Dispensary"}, "plot_number": null, "operation_status": {"name": "Operational"}, "number_of_beds": 0}, {"code": 19831, "location_desc": "Located at Muchatha shopping centre", "official_name": "Muchatha Medical Clinic", "owner": {"name": "Private Practice - Nurse / Midwife"}, "keph_level": {"name": "Level 2"}, "ward": {"code": 589}, "number_of_cots": 0, "town": {"name": "muchatha"}, "name": "Muchatha Medical Clinic", "created": "2013-05-20T10:47:56.730000+00:00", "regulatory_body": {"name": "Nursing Council of Kenya (Private Practice)"}, "facility_type": {"name": "Medical Clinic"}, "plot_number": null, "operation_status": {"name": "Operational"}, "number_of_beds": 0}, {"code": 19832, "location_desc": "Kiambu Town,Biashara street,Kikinga House next to K.C.B Kiambu Branch", "official_name": "Kikinga Medical Clinic", "owner": {"name": "Private Practice - Nurse / Midwife"}, "keph_level": {"name": "Level 2"}, "ward": {"code": 585}, "number_of_cots": 0, "town": {"name": "kiambu"}, "name": "Kikinga Medical Clinic", "created": "2013-05-20T11:03:13.980000+00:00", "regulatory_body": {"name": "Kenya MPDB - Private Practice"}, "facility_type": {"name": "Medical Clinic"}, "plot_number": "11/77", "operation_status": {"name": "Operational"}, "number_of_beds": 0}, {"code": 19833, "location_desc": "at the junction opposite Makutano building,off Karura road opposite ACK church", "official_name": "Ndenderu Medical Services", "owner": {"name": "Private Practice - Clinical Officer"}, "keph_level": {"name": "Level 2"}, "ward": {"code": 588}, "number_of_cots": 0, "town": {"name": "ndumberi market"}, "name": "Ndenderu Medical Services", "created": "2013-05-20T11:18:06.537000+00:00", "regulatory_body": {"name": "Nursing Council of Kenya (Private Practice)"}, "facility_type": {"name": "Medical Clinic"}, "plot_number": null, "operation_status": {"name": "Operational"}, "number_of_beds": 0}, {"code": 19834, "location_desc": "Banana town-along Banana-Karuri road next to Kiambu coffee house", "official_name": "Medical Plaza Clinic Banana", "owner": {"name": "Private Practice - Clinical Officer"}, "keph_level": {"name": "Level 2"}, "ward": {"code": 587}, "number_of_cots": 0, "town": {"name": "banana"}, "name": "Medical Plaza Clinic Banana", "created": "2013-05-20T12:19:28.143000+00:00", "regulatory_body": {"name": "Clinical Officers Council"}, "facility_type": {"name": "Medical Clinic"}, "plot_number": "18", "operation_status": {"name": "Operational"}, "number_of_beds": 0}, {"code": 19835, "location_desc": null, "official_name": "Front Line Medical Clinic", "owner": {"name": "Private Practice - Nurse / Midwife"}, "keph_level": {"name": "Level 2"}, "ward": {"code": 503}, "number_of_cots": 0, "name": "Front Line Medical Clinic", "created": "2013-05-20T13:13:35.023000+00:00", "regulatory_body": {"name": "Kenya MPDB - Private Practice"}, "facility_type": {"name": "Medical Clinic"}, "plot_number": null, "operation_status": {"name": "Operational"}, "number_of_beds": 0}, {"code": 19836, "location_desc": "At Engineer town Nyandarua county", "official_name": "Elite Clinic", "owner": {"name": "Private Practice - Nurse / Midwife"}, "keph_level": {"name": "Level 2"}, "ward": {"code": 441}, "number_of_cots": 0, "town": {"name": "engineer town"}, "name": "Elite Clinic", "created": "2013-05-20T15:14:52.157000+00:00", "regulatory_body": {"name": "Nursing Council of Kenya (Private Practice)"}, "facility_type": {"name": "Medical Clinic"}, "plot_number": null, "operation_status": {"name": "Operational"}, "number_of_beds": 0}, {"code": 19837, "location_desc": "Engineer Olkalou rd at Mawingu town", "official_name": "Chemichemi Medical Clinic (Nyandarua)", "owner": {"name": "Private Practice - Nurse / Midwife"}, "keph_level": {"name": "Level 2"}, "ward": {"code": 452}, "number_of_cots": 0, "town": {"name": "mawingu"}, "name": "Chemichemi Medical Clinic (Nyandarua)", "created": "2013-05-20T15:27:42.890000+00:00", "regulatory_body": {"name": "Nursing Council of Kenya (Private Practice)"}, "facility_type": {"name": "Medical Clinic"}, "plot_number": null, "operation_status": {"name": "Operational"}, "number_of_beds": 0}, {"code": 11117, "location_desc": null, "official_name": "Tumaini Medical Clinic (Makuyu)", "owner": {"name": "Private Practice - Nurse / Midwife"}, "keph_level": {"name": "Level 2"}, "ward": {"code": 536}, "number_of_cots": 0, "town": {"name": "kamahuha"}, "name": "Tumaini Medical Clinic (Makuyu)", "created": "2009-10-31T00:00:00+00:00", "regulatory_body": {"name": "Nursing Council of Kenya (Private Practice)"}, "facility_type": {"name": "Medical Clinic"}, "plot_number": null, "operation_status": {"name": "Operational"}, "number_of_beds": 0}, {"code": 11006, "location_desc": null, "official_name": "Shanka Medical", "owner": {"name": "Private Practice - Nurse / Midwife"}, "keph_level": {"name": "Level 2"}, "ward": {"code": 529}, "number_of_cots": 0, "town": {"name": "ichagaki"}, "name": "Shanka Medical", "created": "2009-10-31T00:00:00+00:00", "regulatory_body": {"name": "Nursing Council of Kenya (Private Practice)"}, "facility_type": {"name": "Medical Clinic"}, "plot_number": null, "operation_status": {"name": "Operational"}, "number_of_beds": 0}, {"code": 11016, "location_desc": "At Kandara Town next to Kandara Health centre.", "official_name": "Solea Medical Clinic", "owner": {"name": "Private Practice - Nurse / Midwife"}, "keph_level": {"name": "Level 2"}, "ward": {"code": 539}, "number_of_cots": 0, "town": {"name": "kandara"}, "name": "Solea Medical Clinic", "created": "2009-10-31T00:00:00+00:00", "regulatory_body": {"name": "Nursing Council of Kenya (Private Practice)"}, "facility_type": {"name": "Medical Clinic"}, "plot_number": null, "operation_status": {"name": "Operational"}, "number_of_beds": 0}, {"code": 11020, "location_desc": null, "official_name": "St Andrew Umoja Medical Clinic", "owner": {"name": "Private Practice - Nurse / Midwife"}, "keph_level": {"name": "Level 2"}, "ward": {"code": 532}, "number_of_cots": 0, "town": {"name": "iriguini"}, "name": "St Andrew Umoja Medical Clinic", "created": "2009-10-31T00:00:00+00:00", "regulatory_body": {"name": "Nursing Council of Kenya (Private Practice)"}, "facility_type": {"name": "Medical Clinic"}, "plot_number": null, "operation_status": {"name": "Operational"}, "number_of_beds": 0}, {"code": 10843, "location_desc": "Saba Saba market.", "official_name": "Neema Medical", "owner": {"name": "Private Practice - Nurse / Midwife"}, "keph_level": {"name": "Level 2"}, "ward": {"code": 542}, "number_of_cots": 0, "town": {"name": "sabasaba"}, "name": "Neema Medical", "created": "2009-10-31T00:00:00+00:00", "regulatory_body": {"name": "Nursing Council of Kenya (Private Practice)"}, "facility_type": {"name": "Medical Clinic"}, "plot_number": null, "operation_status": {"name": "Operational"}, "number_of_beds": 0}, {"code": 11151, "location_desc": null, "official_name": "Wa-Anne Medical Clinic", "owner": {"name": "Private Practice - Nurse / Midwife"}, "keph_level": {"name": "Level 2"}, "ward": {"code": 534}, "number_of_cots": 0, "town": {"name": "makuyu"}, "name": "Wa-Anne Medical Clinic", "created": "2009-10-31T00:00:00+00:00", "regulatory_body": {"name": "Nursing Council of Kenya (Private Practice)"}, "facility_type": {"name": "Medical Clinic"}, "plot_number": null, "operation_status": {"name": "Operational"}, "number_of_beds": 0}, {"code": 10959, "location_desc": null, "official_name": "Roadside Clinic (Kagunduini)", "owner": {"name": "Private Practice - Nurse / Midwife"}, "keph_level": {"name": "Level 2"}, "ward": {"code": 541}, "number_of_cots": 0, "town": {"name": "kenol"}, "name": "Roadside Clinic (Kagunduini)", "created": "2009-10-31T00:00:00+00:00", "regulatory_body": {"name": "Nursing Council of Kenya (Private Practice)"}, "facility_type": {"name": "Medical Clinic"}, "plot_number": null, "operation_status": {"name": "Operational"}, "number_of_beds": 0}, {"code": 10976, "location_desc": null, "official_name": "Rural Medical Clinic (Muranga South)", "owner": {"name": "Private Practice - Nurse / Midwife"}, "keph_level": {"name": "Level 2"}, "ward": {"code": 541}, "number_of_cots": 0, "town": {"name": "kagunduini"}, "name": "Rural Medical Clinic (Muranga South)", "created": "2009-10-31T00:00:00+00:00", "regulatory_body": {"name": "Nursing Council of Kenya (Private Practice)"}, "facility_type": {"name": "Medical Clinic"}, "plot_number": null, "operation_status": {"name": "Not-Operational"}, "number_of_beds": 0}, {"code": 10963, "location_desc": null, "official_name": "Rose Medical Clinic", "owner": {"name": "Private Practice - Nurse / Midwife"}, "keph_level": {"name": "Level 2"}, "ward": {"code": 533}, "number_of_cots": 0, "town": {"name": "kabati"}, "name": "Rose Medical Clinic", "created": "2009-10-31T00:00:00+00:00", "regulatory_body": {"name": "Nursing Council of Kenya (Private Practice)"}, "facility_type": {"name": "Medical Clinic"}, "plot_number": null, "operation_status": {"name": "Operational"}, "number_of_beds": 0}, {"code": 10771, "location_desc": null, "official_name": "Mununga Health Clinic", "owner": {"name": "Private Practice - Nurse / Midwife"}, "keph_level": {"name": "Level 2"}, "ward": {"code": 532}, "number_of_cots": 0, "town": {"name": "kinyona"}, "name": "Mununga Health Clinic", "created": "2009-10-31T00:00:00+00:00", "regulatory_body": {"name": "Nursing Council of Kenya (Private Practice)"}, "facility_type": {"name": "Medical Clinic"}, "plot_number": null, "operation_status": {"name": "Operational"}, "number_of_beds": 0}, {"code": 10455, "location_desc": null, "official_name": "Kamunyaka Clinic", "owner": {"name": "Private Practice - Nurse / Midwife"}, "keph_level": {"name": "Level 2"}, "ward": {"code": 541}, "number_of_cots": 0, "town": {"name": "kamunyaka"}, "name": "Kamunyaka Clinic", "created": "2009-10-31T00:00:00+00:00", "regulatory_body": {"name": "Nursing Council of Kenya (Private Practice)"}, "facility_type": {"name": "Medical Clinic"}, "plot_number": null, "operation_status": {"name": "Operational"}, "number_of_beds": 0}, {"code": 11058, "location_desc": null, "official_name": "St Mary's Medical Clinic (Muranga South)", "owner": {"name": "Private Practice - Nurse / Midwife"}, "keph_level": {"name": "Level 2"}, "ward": {"code": 529}, "number_of_cots": 0, "town": {"name": "muthithi"}, "name": "St Mary's Medical Clinic (Muranga South)", "created": "2009-10-31T00:00:00+00:00", "regulatory_body": {"name": "Nursing Council of Kenya (Private Practice)"}, "facility_type": {"name": "Medical Clinic"}, "plot_number": null, "operation_status": {"name": "Operational"}, "number_of_beds": 0}, {"code": 10344, "location_desc": null, "official_name": "Ikumbi Clinic", "owner": {"name": "Private Practice - Nurse / Midwife"}, "keph_level": {"name": "Level 2"}, "ward": {"code": 532}, "number_of_cots": 0, "town": {"name": "gachocho"}, "name": "Ikumbi Clinic", "created": "2009-10-31T00:00:00+00:00", "regulatory_body": {"name": "Nursing Council of Kenya (Private Practice)"}, "facility_type": {"name": "Medical Clinic"}, "plot_number": null, "operation_status": {"name": "Not-Operational"}, "number_of_beds": 0}, {"code": 11081, "location_desc": null, "official_name": "Surgical Consultant (Muranga South)", "owner": {"name": "Private Practice - Nurse / Midwife"}, "keph_level": {"name": "Level 2"}, "ward": {"code": 530}, "number_of_cots": 0, "town": {"name": "mariira"}, "name": "Surgical Consultant (Muranga South)", "created": "2009-10-31T00:00:00+00:00", "regulatory_body": {"name": "Nursing Council of Kenya (Private Practice)"}, "facility_type": {"name": "Medical Clinic"}, "plot_number": null, "operation_status": {"name": "Operational"}, "number_of_beds": 0}, {"code": 10540, "location_desc": null, "official_name": "Kiambu Institute Of Science And Technology Dispensary", "owner": {"name": "Private Practice - Nurse / Midwife"}, "keph_level": {"name": "Level 2"}, "ward": {"code": 585}, "number_of_cots": 0, "town": {"name": "kiambu"}, "name": "Kiambu Institute of Science and Technology Dispens", "created": "2009-10-31T00:00:00+00:00", "regulatory_body": {"name": "Nursing Council of Kenya (Private Practice)"}, "facility_type": {"name": "Medical Clinic"}, "plot_number": null, "operation_status": {"name": "Operational"}, "number_of_beds": 0}, {"code": 14190, "location_desc": null, "official_name": "AGC Baby Health Centre", "owner": {"name": "Other Faith Based"}, "keph_level": {"name": "Level 2"}, "ward": {"code": 863}, "number_of_cots": 0, "town": {"name": "nakuru town"}, "name": "Agc Baby Health Centre", "created": "2009-10-31T00:00:00+00:00", "regulatory_body": {"name": "Kenya MPDB - Institution"}, "facility_type": {"name": "Health Centre"}, "plot_number": null, "operation_status": {"name": "Operational"}, "number_of_beds": 0}, {"code": 15175, "location_desc": "Next to Mercy Girls Secondary School", "official_name": "Mercy Mobile Clinic (Kipkelion)", "owner": {"name": "Kenya Episcopal Conference-Catholic Secretariat"}, "keph_level": {"name": "Level 2"}, "ward": {"code": 942}, "number_of_cots": 0, "town": {"name": "kipkelion"}, "name": "Mercy Mobile Clinic (Kipkelion)", "created": "2009-10-31T00:00:00+00:00", "regulatory_body": {"name": "Other"}, "facility_type": {"name": "Dispensary"}, "plot_number": null, "operation_status": {"name": "Operational"}, "number_of_beds": 4}, {"code": 16713, "location_desc": "Along Musikoma Bumula Rd", "official_name": "Jordan Baptist Medical Clinic", "owner": {"name": "Other Faith Based"}, "keph_level": {"name": "Level 2"}, "ward": {"code": 1100}, "number_of_cots": 0, "town": {"name": "bungoma"}, "name": "Jordan Baptist Medical Clinic", "created": "2009-10-31T00:00:00+00:00", "regulatory_body": {"name": "Kenya MPDB - Private Practice"}, "facility_type": {"name": "Medical Clinic"}, "plot_number": "11846, musikoma bgm", "operation_status": {"name": "Operational"}, "number_of_beds": 4}], "model": "facilities.Facility", "unique_fields": ["code"]}]