[{"records": [{"code": 14036, "location_desc": null, "official_name": "Rangwe Sub-District Hospital", "owner": {"name": "Ministry of Health"}, "keph_level": {"name": "Level 4"}, "ward": {"code": 1237}, "number_of_cots": 0, "town": {"name": "rangwe"}, "name": "Rangwe Sub-District Hospital", "created": "2009-10-31T00:00:00+00:00", "regulatory_body": {"name": "Ministry of Health"}, "facility_type": {"name": "District Hospital"}, "plot_number": null, "operation_status": {"name": "Operational"}, "number_of_beds": 8}, {"code": 13402, "location_desc": null, "official_name": "Mandera District Hospital", "owner": {"name": "Ministry of Health"}, "keph_level": {"name": "Level 4"}, "ward": {"code": 215}, "number_of_cots": 5, "town": {"name": "mandera"}, "name": "Mandera District Hospital", "created": "2009-10-31T00:00:00+00:00", "regulatory_body": {"name": "Ministry of Health"}, "facility_type": {"name": "District Hospital"}, "plot_number": null, "operation_status": {"name": "Operational"}, "number_of_beds": 128}, {"code": 12500, "location_desc": null, "official_name": "Mbeu Sub-District Hospital", "owner": {"name": "Ministry of Health"}, "keph_level": {"name": "Level 4"}, "ward": {"code": 270}, "number_of_cots": 0, "town": {"name": "kianjai"}, "name": "Mbeu Sub-District Hospital", "created": "2009-10-31T00:00:00+00:00", "regulatory_body": {"name": "Ministry of Health"}, "facility_type": {"name": "Sub-District Hospital"}, "plot_number": " ", "operation_status": {"name": "Operational"}, "number_of_beds": 18}, {"code": 12289, "location_desc": "Nkubu Mitunguu Marimanti road", "official_name": "Kibunga Sub-District Hospital", "owner": {"name": "Ministry of Health"}, "keph_level": {"name": "Level 4"}, "ward": {"code": 288}, "number_of_cots": 0, "town": {"name": "kibunga"}, "name": "Kibunga Sub-District Hospital", "created": "2009-10-31T00:00:00+00:00", "regulatory_body": {"name": "Ministry of Health"}, "facility_type": {"name": "Sub-District Hospital"}, "plot_number": null, "operation_status": {"name": "Operational"}, "number_of_beds": 20}, {"code": 13745, "location_desc": null, "official_name": "Macalder Sub-District Hospital", "owner": {"name": "Ministry of Health"}, "keph_level": {"name": "Level 4"}, "ward": {"code": 1285}, "number_of_cots": 0, "town": {"name": "macalder"}, "name": "Macalder Sub-District Hospital", "created": "2009-10-31T00:00:00+00:00", "regulatory_body": {"name": "Ministry of Health"}, "facility_type": {"name": "Sub-District Hospital"}, "plot_number": " ", "operation_status": {"name": "Operational"}, "number_of_beds": 42}, {"code": 16078, "location_desc": "It is at Navakholo Market", "official_name": "Navakholo Sub-District Hospital", "owner": {"name": "Ministry of Health"}, "keph_level": {"name": "Level 4"}, "ward": {"code": 1019}, "number_of_cots": 1, "town": {"name": "navakholo mkt"}, "name": "Navakholo Sub-District Hospital", "created": "2009-10-31T00:00:00+00:00", "regulatory_body": {"name": "Ministry of Health"}, "facility_type": {"name": "Sub-District Hospital"}, "plot_number": null, "operation_status": {"name": "Operational"}, "number_of_beds": 16}, {"code": 13696, "location_desc": null, "official_name": "Kiogoro Health Centre", "owner": {"name": "Ministry of Health"}, "keph_level": {"name": "Level 3"}, "ward": {"code": 1334}, "number_of_cots": 2, "town": {"name": "kiogoro"}, "name": "Kiogoro Health Centre", "created": "2009-10-31T00:00:00+00:00", "regulatory_body": {"name": "Ministry of Health"}, "facility_type": {"name": "Health Centre"}, "plot_number": null, "operation_status": {"name": "Operational"}, "number_of_beds": 7}, {"code": 15351, "location_desc": "Ngong Gichagi Road", "official_name": "Ngong Sub-District Hospital", "owner": {"name": "Ministry of Health"}, "keph_level": {"name": "Level 4"}, "ward": {"code": 915}, "number_of_cots": 3, "town": {"name": "ngong"}, "name": "Ngong Sub-District Hospital", "created": "2009-10-31T00:00:00+00:00", "regulatory_body": {"name": "Ministry of Health"}, "facility_type": {"name": "Sub-District Hospital"}, "plot_number": null, "operation_status": {"name": "Operational"}, "number_of_beds": 25}, {"code": 13726, "location_desc": "Along Migori-Kehancha road opposite Kehancha Police Station - Kehancha Town", "official_name": "Kuria District Hospital", "owner": {"name": "Ministry of Health"}, "keph_level": {"name": "Level 4"}, "ward": {"code": 1289}, "number_of_cots": 4, "town": {"name": "kehancha"}, "name": "Kuria District Hospital", "created": "2009-10-31T00:00:00+00:00", "regulatory_body": {"name": "Ministry of Health"}, "facility_type": {"name": "District Hospital"}, "plot_number": null, "operation_status": {"name": "Operational"}, "number_of_beds": 70}, {"code": 13369, "location_desc": "Garissa-Ijara road", "official_name": "Iftin Sub-District Hospital", "owner": {"name": "Ministry of Health"}, "keph_level": {"name": "Level 4"}, "ward": {"code": 134}, "number_of_cots": 1, "town": {"name": "garissa"}, "name": "Iftin Sub-District Hospital", "created": "2009-10-31T00:00:00+00:00", "regulatory_body": {"name": "Ministry of Health"}, "facility_type": {"name": "Sub-District Hospital"}, "plot_number": null, "operation_status": {"name": "Operational"}, "number_of_beds": 24}, {"code": 13335, "location_desc": null, "official_name": "Elwak District Hospital ", "owner": {"name": "Ministry of Health"}, "keph_level": {"name": "Level 4"}, "ward": {"code": 209}, "number_of_cots": 17, "town": {"name": "elwak"}, "name": "Elwak District Hospital", "created": "2009-10-31T00:00:00+00:00", "regulatory_body": {"name": "Ministry of Health"}, "facility_type": {"name": "District Hospital"}, "plot_number": null, "operation_status": {"name": "Operational"}, "number_of_beds": 48}, {"code": 16467, "location_desc": null, "official_name": "Mbeere District Hospital", "owner": {"name": "Ministry of Health"}, "keph_level": {"name": "Level 4"}, "ward": {"code": 330}, "number_of_cots": 0, "town": {"name": "siakago"}, "name": "Mbeere District Hospital", "created": "2009-10-31T00:00:00+00:00", "regulatory_body": {"name": "Ministry of Health"}, "facility_type": {"name": "District Hospital"}, "plot_number": null, "operation_status": {"name": "Operational"}, "number_of_beds": 25}, {"code": 12544, "location_desc": null, "official_name": "Moyale District Hospital", "owner": {"name": "Ministry of Health"}, "keph_level": {"name": "Level 4"}, "ward": {"code": 225}, "number_of_cots": 0, "town": {"name": "moyale"}, "name": "Moyale District Hospital", "created": "2009-10-31T00:00:00+00:00", "regulatory_body": {"name": "Ministry of Health"}, "facility_type": {"name": "District Hospital"}, "plot_number": null, "operation_status": {"name": "Operational"}, "number_of_beds": 120}, {"code": 12291, "location_desc": "At Kibwezi Town 500 m off Nairobi - Mombasa Highway through Kalimani Road.", "official_name": "Kibwezi Sub District Hospital", "owner": {"name": "Ministry of Health"}, "keph_level": {"name": "Level 4"}, "ward": {"code": 434}, "number_of_cots": 0, "town": {"name": "kibwezi"}, "name": "Kibwezi Sub District Hospital", "created": "2009-10-31T00:00:00+00:00", "regulatory_body": {"name": "Ministry of Health"}, "facility_type": {"name": "Sub-District Hospital"}, "plot_number": null, "operation_status": {"name": "Operational"}, "number_of_beds": 9}, {"code": 13916, "location_desc": null, "official_name": "Nyamusi Sub-District Hospital", "owner": {"name": "Ministry of Health"}, "keph_level": {"name": "Level 4"}, "ward": {"code": 1359}, "number_of_cots": 0, "town": {"name": "nyamusi"}, "name": "Nyamusi Sub-District Hospital", "created": "2009-10-31T00:00:00+00:00", "regulatory_body": {"name": "Ministry of Health"}, "facility_type": {"name": "Sub-District Hospital"}, "plot_number": null, "operation_status": {"name": "Operational"}, "number_of_beds": 50}, {"code": 13847, "location_desc": "Found in Nyamarambe town the headquarters of Gucha South district", "official_name": "Nduru District Hospital", "owner": {"name": "Ministry of Health"}, "keph_level": {"name": "Level 4"}, "ward": {"code": 1307}, "number_of_cots": 5, "town": {"name": "nyamarambe mkt"}, "name": "Nduru District Hospital", "created": "2009-10-31T00:00:00+00:00", "regulatory_body": {"name": "Ministry of Health"}, "facility_type": {"name": "District Hospital"}, "plot_number": null, "operation_status": {"name": "Operational"}, "number_of_beds": 32}, {"code": 13540, "location_desc": null, "official_name": "Ekerenyo Sub-District Hospital", "owner": {"name": "Ministry of Health"}, "keph_level": {"name": "Level 4"}, "ward": {"code": 1357}, "number_of_cots": 0, "town": {"name": "ekerenyo"}, "name": "Ekerenyo Sub-District Hospital", "created": "2009-10-31T00:00:00+00:00", "regulatory_body": {"name": "Ministry of Health"}, "facility_type": {"name": "Sub-District Hospital"}, "plot_number": null, "operation_status": {"name": "Operational"}, "number_of_beds": 18}, {"code": 13357, "location_desc": "Along Wajir Garissa Road Adjacent to Kenya Power Lightening & Company Plant.", "official_name": "Habaswein District Hospital ", "owner": {"name": "Ministry of Health"}, "keph_level": {"name": "Level 4"}, "ward": {"code": 178}, "number_of_cots": 0, "town": {"name": "habaswein"}, "name": "Habaswein District Hospital", "created": "2009-10-31T00:00:00+00:00", "regulatory_body": {"name": "Ministry of Health"}, "facility_type": {"name": "District Hospital"}, "plot_number": null, "operation_status": {"name": "Operational"}, "number_of_beds": 24}, {"code": 14634, "location_desc": null, "official_name": "Kacheliba District Hospital", "owner": {"name": "Ministry of Health"}, "keph_level": {"name": "Level 4"}, "ward": {"code": 651}, "number_of_cots": 2, "town": {"name": "makutano"}, "name": "Kacheliba District Hospital", "created": "2009-10-31T00:00:00+00:00", "regulatory_body": {"name": "Ministry of Health"}, "facility_type": {"name": "District Hospital"}, "plot_number": null, "operation_status": {"name": "Operational"}, "number_of_beds": 52}, {"code": 13507, "location_desc": null, "official_name": "Bondo District Hospital", "owner": {"name": "Ministry of Health"}, "keph_level": {"name": "Level 4"}, "ward": {"code": 1179}, "number_of_cots": 2, "town": {"name": "bondo"}, "name": "Bondo District Hospital", "created": "2009-10-31T00:00:00+00:00", "regulatory_body": {"name": "Ministry of Health"}, "facility_type": {"name": "District Hospital"}, "plot_number": null, "operation_status": {"name": "Operational"}, "number_of_beds": 49}, {"code": 12314, "location_desc": "Next to Nunguni Market near District Commissioners Office", "official_name": "Kilungu Sub-District Hospital", "owner": {"name": "Ministry of Health"}, "keph_level": {"name": "Level 3"}, "ward": {"code": 422}, "number_of_cots": 4, "town": {"name": "nunguni"}, "name": "Kilungu Sub-District Hospital", "created": "2009-10-31T00:00:00+00:00", "regulatory_body": {"name": "Ministry of Health"}, "facility_type": {"name": "Sub-District Hospital"}, "plot_number": null, "operation_status": {"name": "Operational"}, "number_of_beds": 14}, {"code": 11104, "location_desc": "Limuru Banana Road Near Tigoni Shopping Centre", "official_name": "Tigoni District Hospital", "owner": {"name": "Ministry of Health"}, "keph_level": {"name": "Level 4"}, "ward": {"code": 605}, "number_of_cots": 20, "town": {"name": "limuru"}, "name": "Tigoni District Hospital", "created": "2009-10-31T00:00:00+00:00", "regulatory_body": {"name": "Ministry of Health"}, "facility_type": {"name": "District Hospital"}, "plot_number": null, "operation_status": {"name": "Operational"}, "number_of_beds": 62}, {"code": 12795, "location_desc": "Tharaka south district headquarters", "official_name": "Tharaka District Hospital", "owner": {"name": "Ministry of Health"}, "keph_level": {"name": "Level 4"}, "ward": {"code": 310}, "number_of_cots": 0, "town": {"name": "marimanti market"}, "name": "Tharaka District Hospital", "created": "2009-10-31T00:00:00+00:00", "regulatory_body": {"name": "Ministry of Health"}, "facility_type": {"name": "District Hospital"}, "plot_number": null, "operation_status": {"name": "Operational"}, "number_of_beds": 25}, {"code": 10777, "location_desc": "Muranga town opposite Ihura stadium", "official_name": "Murang'a District Hospital", "owner": {"name": "Ministry of Health"}, "keph_level": {"name": "Level 4"}, "ward": {"code": 525}, "number_of_cots": 58, "town": {"name": "muranga"}, "name": "Murang'a District Hospital", "created": "2009-10-31T00:00:00+00:00", "regulatory_body": {"name": "Ministry of Health"}, "facility_type": {"name": "District Hospital"}, "plot_number": null, "operation_status": {"name": "Operational"}, "number_of_beds": 270}, {"code": 13365, "location_desc": null, "official_name": "Hulugho Sub-District Hospital", "owner": {"name": "Ministry of Health"}, "keph_level": {"name": "Level 4"}, "ward": {"code": 157}, "number_of_cots": 2, "town": {"name": "hulugho town"}, "name": "Hulugho Sub-District Hospital", "created": "2009-10-31T00:00:00+00:00", "regulatory_body": {"name": "Ministry of Health"}, "facility_type": {"name": "Sub-District Hospital"}, "plot_number": null, "operation_status": {"name": "Operational"}, "number_of_beds": 6}, {"code": 13785, "location_desc": "Kisumu - Awasi route, Turn at Gere Market about 6Km before awasi market from Ahero Market", "official_name": "Masogo Sub District Hospital", "owner": {"name": "Ministry of Health"}, "keph_level": {"name": "Level 4"}, "ward": {"code": 1213}, "number_of_cots": 1, "town": {"name": "masogo"}, "name": "Masogo Sub District Hospital", "created": "2009-10-31T00:00:00+00:00", "regulatory_body": {"name": "Ministry of Health"}, "facility_type": {"name": "Sub-District Hospital"}, "plot_number": null, "operation_status": {"name": "Operational"}, "number_of_beds": 19}, {"code": 14175, "location_desc": null, "official_name": "Yala Sub-District Hospital", "owner": {"name": "Ministry of Health"}, "keph_level": {"name": "Level 4"}, "ward": {"code": 1172}, "number_of_cots": 0, "town": {"name": "yala township"}, "name": "Yala Sub-District Hospital", "created": "2009-10-31T00:00:00+00:00", "regulatory_body": {"name": "Ministry of Health"}, "facility_type": {"name": "Sub-District Hospital"}, "plot_number": " ", "operation_status": {"name": "Operational"}, "number_of_beds": 96}, {"code": 12684, "location_desc": null, "official_name": "Nyambene District Hospital", "owner": {"name": "Ministry of Health"}, "keph_level": {"name": "Level 4"}, "ward": {"code": 251}, "number_of_cots": 8, "town": {"name": "maua"}, "name": "Nyambene District Hospital", "created": "2009-10-31T00:00:00+00:00", "regulatory_body": {"name": "Ministry of Health"}, "facility_type": {"name": "District Hospital"}, "plot_number": null, "operation_status": {"name": "Operational"}, "number_of_beds": 40}, {"code": 13668, "location_desc": null, "official_name": "Kendu Sub-District Hospital", "owner": {"name": "Ministry of Health"}, "keph_level": {"name": "Level 4"}, "ward": {"code": 1231}, "number_of_cots": 2, "town": {"name": "kendu-bay town"}, "name": "Kendu Sub-District Hospital", "created": "2009-10-31T00:00:00+00:00", "regulatory_body": {"name": "Ministry of Health"}, "facility_type": {"name": "Sub-District Hospital"}, "plot_number": null, "operation_status": {"name": "Operational"}, "number_of_beds": 28}, {"code": 15212, "location_desc": "Njoro - Molo road at molo town", "official_name": "Molo District Hospital", "owner": {"name": "Ministry of Health"}, "keph_level": {"name": "Level 4"}, "ward": {"code": 829}, "number_of_cots": 0, "town": {"name": "molo"}, "name": "Molo District Hospital", "created": "2009-10-31T00:00:00+00:00", "regulatory_body": {"name": "Ministry of Health"}, "facility_type": {"name": "District Hospital"}, "plot_number": null, "operation_status": {"name": "Operational"}, "number_of_beds": 57}, {"code": 12325, "location_desc": "Along Chuka-Meru road in Kinoro market", "official_name": "Kinoro Sub-District Hospital", "owner": {"name": "Ministry of Health"}, "keph_level": {"name": "Level 4"}, "ward": {"code": 292}, "number_of_cots": 0, "town": {"name": "igoji mkt"}, "name": "Kinoro Sub-District Hospital", "created": "2009-10-31T00:00:00+00:00", "regulatory_body": {"name": "Ministry of Health"}, "facility_type": {"name": "Sub-District Hospital"}, "plot_number": "917 kinoro", "operation_status": {"name": "Operational"}, "number_of_beds": 0}, {"code": 13468, "location_desc": "Kisumu - Nairobi Highway at Ahero town about 22 Kms from kisumu town and about 50 KM from Kericho", "official_name": "Ahero Sub-District Hospital", "owner": {"name": "Ministry of Health"}, "keph_level": {"name": "Level 4"}, "ward": {"code": 1208}, "number_of_cots": 0, "town": {"name": "ahero"}, "name": "Ahero Sub-District Hospital", "created": "2009-10-31T00:00:00+00:00", "regulatory_body": {"name": "Ministry of Health"}, "facility_type": {"name": "Sub-District Hospital"}, "plot_number": null, "operation_status": {"name": "Operational"}, "number_of_beds": 30}, {"code": 12719, "location_desc": "Along Meru - Embu Highway, Runyenjes Town Beside Runyenjes Police Station", "official_name": "Runyenjes District Hospital", "owner": {"name": "Ministry of Health"}, "keph_level": {"name": "Level 4"}, "ward": {"code": 319}, "number_of_cots": 0, "town": {"name": "runyenjes"}, "name": "Runyenjes District Hospital", "created": "2009-10-31T00:00:00+00:00", "regulatory_body": {"name": "Ministry of Health"}, "facility_type": {"name": "District Hospital"}, "plot_number": null, "operation_status": {"name": "Operational"}, "number_of_beds": 27}, {"code": 12526, "location_desc": "Along Chuka-Meru road in Mikumbune market", "official_name": "Mikumbune Sub-District Hospital", "owner": {"name": "Ministry of Health"}, "keph_level": {"name": "Level 4"}, "ward": {"code": 294}, "number_of_cots": 2, "town": {"name": "nkubu town"}, "name": "Mikumbune Sub-District Hospital", "created": "2009-10-31T00:00:00+00:00", "regulatory_body": {"name": "Ministry of Health"}, "facility_type": {"name": "Sub-District Hospital"}, "plot_number": null, "operation_status": {"name": "Operational"}, "number_of_beds": 22}, {"code": 13653, "location_desc": null, "official_name": "Kandiege Sub-District Hospital", "owner": {"name": "Ministry of Health"}, "keph_level": {"name": "Level 4"}, "ward": {"code": 1234}, "number_of_cots": 0, "town": {"name": "kandiege market"}, "name": "Kandiege Sub-District Hospital", "created": "2009-10-31T00:00:00+00:00", "regulatory_body": {"name": "Ministry of Health"}, "facility_type": {"name": "Sub-District Hospital"}, "plot_number": null, "operation_status": {"name": "Operational"}, "number_of_beds": 36}, {"code": 13588, "location_desc": null, "official_name": "Got Agulu Sub-District Hospital", "owner": {"name": "Ministry of Health"}, "keph_level": {"name": "Level 4"}, "ward": {"code": 1175}, "number_of_cots": 0, "town": {"name": "usenge"}, "name": "Got Agulu Sub-District Hospital", "created": "2009-10-31T00:00:00+00:00", "regulatory_body": {"name": "Ministry of Health"}, "facility_type": {"name": "Sub-District Hospital"}, "plot_number": " ", "operation_status": {"name": "Operational"}, "number_of_beds": 14}, {"code": 13445, "location_desc": "Next to Administration Police Line", "official_name": "Takaba District Hospital", "owner": {"name": "Ministry of Health"}, "keph_level": {"name": "Level 4"}, "ward": {"code": 192}, "number_of_cots": 5, "town": {"name": "takaba"}, "name": "Takaba District Hospital", "created": "2009-10-31T00:00:00+00:00", "regulatory_body": {"name": "Ministry of Health"}, "facility_type": {"name": "District Hospital"}, "plot_number": null, "operation_status": {"name": "Operational"}, "number_of_beds": 24}, {"code": 11507, "location_desc": "Likoni  Kinango road near baraza park", "official_name": "Kwale District Hospital", "owner": {"name": "Ministry of Health"}, "keph_level": {"name": "Level 4"}, "ward": {"code": 39}, "number_of_cots": 3, "town": {"name": "kwale"}, "name": "Kwale District Hospital", "created": "2009-10-31T00:00:00+00:00", "regulatory_body": {"name": "Ministry of Health"}, "facility_type": {"name": "District Hospital"}, "plot_number": null, "operation_status": {"name": "Operational"}, "number_of_beds": 62}, {"code": 11094, "location_desc": "Near St Patrick Catholic Church", "official_name": "Thika District Hospital", "owner": {"name": "Ministry of Health"}, "keph_level": {"name": "Level 5"}, "ward": {"code": 565}, "number_of_cots": 24, "name": "Thika Level 5 Hospital", "created": "2009-10-31T00:00:00+00:00", "regulatory_body": {"name": "Ministry of Health"}, "facility_type": {"name": "Provincial General Hospital"}, "plot_number": null, "operation_status": {"name": "Operational"}, "number_of_beds": 265}, {"code": 14080, "location_desc": "Within Siaya town", "official_name": "Siaya District Hospital", "owner": {"name": "Ministry of Health"}, "keph_level": {"name": "Level 4"}, "ward": {"code": 1166}, "number_of_cots": 0, "town": {"name": "siaya"}, "name": "Siaya District Hospital", "created": "2009-10-31T00:00:00+00:00", "regulatory_body": {"name": "Ministry of Health"}, "facility_type": {"name": "District Hospital"}, "plot_number": null, "operation_status": {"name": "Operational"}, "number_of_beds": 240}, {"code": 10782, "location_desc": null, "official_name": "Muriranjas Sub-District Hospital", "owner": {"name": "Ministry of Health"}, "keph_level": {"name": "Level 4"}, "ward": {"code": 523}, "number_of_cots": 8, "town": {"name": "kahuro"}, "name": "Muriranjas Sub-District Hospital", "created": "2009-10-31T00:00:00+00:00", "regulatory_body": {"name": "Ministry of Health"}, "facility_type": {"name": "Sub-District Hospital"}, "plot_number": null, "operation_status": {"name": "Operational"}, "number_of_beds": 60}, {"code": 14652, "location_desc": "Hospital Road", "official_name": "Kajiado District Hospital", "owner": {"name": "Ministry of Health"}, "keph_level": {"name": "Level 4"}, "ward": {"code": 917}, "number_of_cots": 4, "town": {"name": "kajiado town"}, "name": "Kajiado District Hospital", "created": "2009-10-31T00:00:00+00:00", "regulatory_body": {"name": "Ministry of Health"}, "facility_type": {"name": "District Hospital"}, "plot_number": null, "operation_status": {"name": "Operational"}, "number_of_beds": 138}, {"code": 15398, "location_desc": "Molo - Olenguruone road at olenguruone town next to St Kizito Catholic church.", "official_name": "Olenguruone Sub-District Hospital", "owner": {"name": "Ministry of Health"}, "keph_level": {"name": "Level 4"}, "ward": {"code": 849}, "number_of_cots": 0, "town": {"name": "olenguruone"}, "name": "Olenguruone Sub-District Hospital", "created": "2009-10-31T00:00:00+00:00", "regulatory_body": {"name": "Ministry of Health"}, "facility_type": {"name": "Sub-District Hospital"}, "plot_number": "l346/2009/01", "operation_status": {"name": "Operational"}, "number_of_beds": 24}, {"code": 13673, "location_desc": null, "official_name": "Kenyenya District Hospital", "owner": {"name": "Ministry of Health"}, "keph_level": {"name": "Level 4"}, "ward": {"code": 1313}, "number_of_cots": 0, "town": {"name": "kenyenya"}, "name": "Kenyenya District Hospital", "created": "2009-10-31T00:00:00+00:00", "regulatory_body": {"name": "Ministry of Health"}, "facility_type": {"name": "District Hospital"}, "plot_number": null, "operation_status": {"name": "Operational"}, "number_of_beds": 40}, {"code": 10763, "location_desc": null, "official_name": "Mukurweini District Hospital", "owner": {"name": "Ministry of Health"}, "keph_level": {"name": "Level 4"}, "ward": {"code": 490}, "number_of_cots": 0, "town": {"name": "mukurweini town"}, "name": "Mukurweini District Hospital", "created": "2009-10-31T00:00:00+00:00", "regulatory_body": {"name": "Ministry of Health"}, "facility_type": {"name": "District Hospital"}, "plot_number": null, "operation_status": {"name": "Operational"}, "number_of_beds": 138}, {"code": 13867, "location_desc": null, "official_name": "Nyacheki Sub-District Hospital", "owner": {"name": "Ministry of Health"}, "keph_level": {"name": "Level 4"}, "ward": {"code": 1318}, "number_of_cots": 0, "town": {"name": "nyacheki"}, "name": "Nyacheki Sub-District Hospital", "created": "2009-10-31T00:00:00+00:00", "regulatory_body": {"name": "Ministry of Health"}, "facility_type": {"name": "Sub-District Hospital"}, "plot_number": null, "operation_status": {"name": "Operational"}, "number_of_beds": 32}, {"code": 11566, "location_desc": "Mariakani Town Along Mombasa - Nairobi Road", "official_name": "Mariakani District Hospital", "owner": {"name": "Ministry of Health"}, "keph_level": {"name": "Level 4"}, "ward": {"code": 63}, "number_of_cots": 0, "town": {"name": "mariakani"}, "name": "Mariakani District Hospital", "created": "2009-10-31T00:00:00+00:00", "regulatory_body": {"name": "Ministry of Health"}, "facility_type": {"name": "District Hospital"}, "plot_number": null, "operation_status": {"name": "Operational"}, "number_of_beds": 72}, {"code": 13841, "location_desc": null, "official_name": "Ndhiwa Sub-District Hospital", "owner": {"name": "Ministry of Health"}, "keph_level": {"name": "Level 4"}, "ward": {"code": 1251}, "number_of_cots": 0, "town": {"name": "ndhiwa"}, "name": "Ndhiwa Sub-District Hospital", "created": "2009-10-31T00:00:00+00:00", "regulatory_body": {"name": "Ministry of Health"}, "facility_type": {"name": "Sub-District Hospital"}, "plot_number": " ", "operation_status": {"name": "Operational"}, "number_of_beds": 9}, {"code": 13747, "location_desc": "5 kms from gagra junction, next  St silvester Girls Secondary School", "official_name": "Madiany Sub  District Hospital", "owner": {"name": "Ministry of Health"}, "keph_level": {"name": "Level 4"}, "ward": {"code": 1184}, "number_of_cots": 0, "town": {"name": "madiany market"}, "name": "Madiany Sub District Hospital", "created": "2009-10-31T00:00:00+00:00", "regulatory_body": {"name": "Ministry of Health"}, "facility_type": {"name": "Sub-District Hospital"}, "plot_number": "1297", "operation_status": {"name": "Operational"}, "number_of_beds": 16}, {"code": 16130, "location_desc": "Next to Sirisia town", "official_name": "Sirisia Hospital", "owner": {"name": "Ministry of Health"}, "keph_level": {"name": "Level 4"}, "ward": {"code": 1083}, "number_of_cots": 0, "town": {"name": "sirisia"}, "name": "Sirisia Hospital", "created": "2009-10-31T00:00:00+00:00", "regulatory_body": {"name": "Ministry of Health"}, "facility_type": {"name": "Sub-District Hospital"}, "plot_number": null, "operation_status": {"name": "Operational"}, "number_of_beds": 31}, {"code": 12472, "location_desc": null, "official_name": "Marsabit District Hospital", "owner": {"name": "Ministry of Health"}, "keph_level": {"name": "Level 4"}, "ward": {"code": 235}, "number_of_cots": 0, "town": {"name": "marsabit"}, "name": "Marsabit District Hospital", "created": "2009-10-31T00:00:00+00:00", "regulatory_body": {"name": "Ministry of Health"}, "facility_type": {"name": "District Hospital"}, "plot_number": null, "operation_status": {"name": "Operational"}, "number_of_beds": 86}, {"code": 12181, "location_desc": "Along Chuka Meru road near Kanyakine market", "official_name": "Kanyakine District Hospital", "owner": {"name": "Ministry of Health"}, "keph_level": {"name": "Level 4"}, "ward": {"code": 293}, "number_of_cots": 2, "town": {"name": "kanyakine mkt"}, "name": "Kanyakine District Hospital", "created": "2009-10-31T00:00:00+00:00", "regulatory_body": {"name": "Ministry of Health"}, "facility_type": {"name": "District Hospital"}, "plot_number": null, "operation_status": {"name": "Operational"}, "number_of_beds": 72}, {"code": 12605, "location_desc": null, "official_name": "Mutuati Sub-District Hospital", "owner": {"name": "Ministry of Health"}, "keph_level": {"name": "Level 4"}, "ward": {"code": 264}, "number_of_cots": 4, "town": {"name": "mutuati market"}, "name": "Mutuati Sub-District Hospital", "created": "2009-10-31T00:00:00+00:00", "regulatory_body": {"name": "Ministry of Health"}, "facility_type": {"name": "Sub-District Hospital"}, "plot_number": null, "operation_status": {"name": "Operational"}, "number_of_beds": 25}, {"code": 12279, "location_desc": null, "official_name": "Kianjokoma Sub-District Hospital", "owner": {"name": "Ministry of Health"}, "keph_level": {"name": "Level 4"}, "ward": {"code": 317}, "number_of_cots": 4, "town": {"name": "kianjokoma"}, "name": "Kianjokoma Sub-District Hospital", "created": "2009-10-31T00:00:00+00:00", "regulatory_body": {"name": "Ministry of Health"}, "facility_type": {"name": "Sub-District Hospital"}, "plot_number": null, "operation_status": {"name": "Operational"}, "number_of_beds": 6}, {"code": 12457, "location_desc": "WOTE TOWN CENTRE hospital rd", "official_name": "Makueni District Hospital", "owner": {"name": "Ministry of Health"}, "keph_level": {"name": "Level 4"}, "ward": {"code": 424}, "number_of_cots": 32, "town": {"name": "wote"}, "name": "Makueni District Hospital", "created": "2009-10-31T00:00:00+00:00", "regulatory_body": {"name": "Ministry of Health"}, "facility_type": {"name": "District Hospital"}, "plot_number": null, "operation_status": {"name": "Operational"}, "number_of_beds": 126}, {"code": 13638, "location_desc": null, "official_name": "Kabondo Sub-District Hospital", "owner": {"name": "Ministry of Health"}, "keph_level": {"name": "Level 4"}, "ward": {"code": 1227}, "number_of_cots": 3, "town": {"name": "kadongo market"}, "name": "Kabondo Sub-District Hospital", "created": "2009-10-31T00:00:00+00:00", "regulatory_body": {"name": "Ministry of Health"}, "facility_type": {"name": "Sub-District Hospital"}, "plot_number": null, "operation_status": {"name": "Operational"}, "number_of_beds": 14}, {"code": 15939, "location_desc": "Opposite Murumba Market along Bumala - Mumias Road", "official_name": "Khunyangu Sub-District Hospital", "owner": {"name": "Ministry of Health"}, "keph_level": {"name": "Level 3"}, "ward": {"code": 1144}, "number_of_cots": 0, "town": {"name": "bumala"}, "name": "Khunyangu Sub-District Hospital", "created": "2009-10-31T00:00:00+00:00", "regulatory_body": {"name": "Ministry of Health"}, "facility_type": {"name": "District Hospital"}, "plot_number": null, "operation_status": {"name": "Operational"}, "number_of_beds": 31}, {"code": 12255, "location_desc": "On Kitui-Thika Road", "official_name": "Kauwi Sub-District Hospital", "owner": {"name": "Ministry of Health"}, "keph_level": {"name": "Level 4"}, "ward": {"code": 349}, "number_of_cots": 2, "town": {"name": "kabati"}, "name": "Kauwi Sub-District Hospital", "created": "2009-10-31T00:00:00+00:00", "regulatory_body": {"name": "Ministry of Health"}, "facility_type": {"name": "Sub-District Hospital"}, "plot_number": null, "operation_status": {"name": "Operational"}, "number_of_beds": 12}, {"code": 12282, "location_desc": "Off Meru Nanyukia Highway", "official_name": "Kibirichia Sub-district Hospital", "owner": {"name": "Ministry of Health"}, "keph_level": {"name": "Level 3"}, "ward": {"code": 289}, "number_of_cots": 2, "town": {"name": "kibirichia market"}, "name": "Kibirichia Sub-District Hospital", "created": "2009-10-31T00:00:00+00:00", "regulatory_body": {"name": "Ministry of Health"}, "facility_type": {"name": "Sub-District Hospital"}, "plot_number": "855", "operation_status": {"name": "Operational"}, "number_of_beds": 12}, {"code": 13766, "location_desc": "Along Kisii-Nyamira road, Nyabioto Junction", "official_name": "Manga District Hospital", "owner": {"name": "Ministry of Health"}, "keph_level": {"name": "Level 4"}, "ward": {"code": 1348}, "number_of_cots": 2, "town": {"name": "manga"}, "name": "Manga District Hospital", "created": "2009-10-31T00:00:00+00:00", "regulatory_body": {"name": "Ministry of Health"}, "facility_type": {"name": "District Hospital"}, "plot_number": null, "operation_status": {"name": "Operational"}, "number_of_beds": 24}, {"code": 11512, "location_desc": "Next to Fisheries offices", "official_name": "Lamu District Hospital", "owner": {"name": "Ministry of Health"}, "keph_level": {"name": "Level 4"}, "ward": {"code": 107}, "number_of_cots": 20, "town": {"name": "lamu"}, "name": "Lamu District Hospital", "created": "2009-10-31T00:00:00+00:00", "regulatory_body": {"name": "Ministry of Health"}, "facility_type": {"name": "District Hospital"}, "plot_number": null, "operation_status": {"name": "Operational"}, "number_of_beds": 60}, {"code": 10639, "location_desc": "Along Gatanga-Gatura Road Next to Kirwara Market", "official_name": "Kirwara  sub District", "owner": {"name": "Ministry of Health"}, "keph_level": {"name": "Level 4"}, "ward": {"code": 549}, "number_of_cots": 0, "town": {"name": "kirwara"}, "name": "Kirwara Sub District", "created": "2009-10-31T00:00:00+00:00", "regulatory_body": {"name": "Ministry of Health"}, "facility_type": {"name": "Sub-District Hospital"}, "plot_number": "430", "operation_status": {"name": "Operational"}, "number_of_beds": 16}, {"code": 15834, "location_desc": "Busia Municipality along Hospital road 200ms from Kisumu - Busia to Ugasnda Highway", "official_name": "Busia District Hospital", "owner": {"name": "Ministry of Health"}, "keph_level": {"name": "Level 4"}, "ward": {"code": 1141}, "number_of_cots": 1, "town": {"name": "busia"}, "name": "Busia District Hospital", "created": "2009-10-31T00:00:00+00:00", "regulatory_body": {"name": "Ministry of Health"}, "facility_type": {"name": "District Hospital"}, "plot_number": null, "operation_status": {"name": "Operational"}, "number_of_beds": 185}, {"code": 13831, "location_desc": "Ahero- Muhoroni  Market", "official_name": "Muhoroni Sub-District Hospital", "owner": {"name": "Ministry of Health"}, "keph_level": {"name": "Level 4"}, "ward": {"code": 1215}, "number_of_cots": 0, "town": {"name": "muhoroni"}, "name": "Muhoroni Sub-District Hospital", "created": "2009-10-31T00:00:00+00:00", "regulatory_body": {"name": "Ministry of Health"}, "facility_type": {"name": "Sub-District Hospital"}, "plot_number": null, "operation_status": {"name": "Operational"}, "number_of_beds": 32}, {"code": 12508, "location_desc": null, "official_name": "Mbooni District Hospital", "owner": {"name": "Ministry of Health"}, "keph_level": {"name": "Level 4"}, "ward": {"code": 412}, "number_of_cots": 5, "town": {"name": "kikima market"}, "name": "Mbooni District Hospital", "created": "2009-10-31T00:00:00+00:00", "regulatory_body": {"name": "Ministry of Health"}, "facility_type": {"name": "District Hospital"}, "plot_number": null, "operation_status": {"name": "Operational"}, "number_of_beds": 41}, {"code": 13314, "location_desc": "Along Wajir-Moyale road in Bute town near DC's office", "official_name": "Bute District Hospital ", "owner": {"name": "Ministry of Health"}, "keph_level": {"name": "Level 4"}, "ward": {"code": 162}, "number_of_cots": 2, "town": {"name": "bute"}, "name": "Bute District Hospital", "created": "2009-10-31T00:00:00+00:00", "regulatory_body": {"name": "Ministry of Health"}, "facility_type": {"name": "District Hospital"}, "plot_number": null, "operation_status": {"name": "Operational"}, "number_of_beds": 30}, {"code": 15950, "location_desc": "Kimilili Bungoma road next to DC's office", "official_name": "Kimilili District Hospital", "owner": {"name": "Ministry of Health"}, "keph_level": {"name": "Level 4"}, "ward": {"code": 1112}, "number_of_cots": 0, "town": {"name": "kimilili"}, "name": "Kimilili District Hospital", "created": "2009-10-31T00:00:00+00:00", "regulatory_body": {"name": "Ministry of Health"}, "facility_type": {"name": "District Hospital"}, "plot_number": null, "operation_status": {"name": "Operational"}, "number_of_beds": 68}, {"code": 11649, "location_desc": null, "official_name": "Mpeketoni Sub-District Hospital", "owner": {"name": "Ministry of Health"}, "keph_level": {"name": "Level 4"}, "ward": {"code": 110}, "number_of_cots": 0, "town": {"name": "mpeketoni"}, "name": "Mpeketoni Sub-District Hospital", "created": "2009-10-31T00:00:00+00:00", "regulatory_body": {"name": "Ministry of Health"}, "facility_type": {"name": "Sub-District Hospital"}, "plot_number": null, "operation_status": {"name": "Operational"}, "number_of_beds": 50}, {"code": 12601, "location_desc": "Mutito Market", "official_name": "Mutitu Sub-District Hospital", "owner": {"name": "Ministry of Health"}, "keph_level": {"name": "Level 4"}, "ward": {"code": 364}, "number_of_cots": 0, "town": {"name": "mutito"}, "name": "Mutitu Sub-District Hospital", "created": "2009-10-31T00:00:00+00:00", "regulatory_body": {"name": "Ministry of Health"}, "facility_type": {"name": "Sub-District Hospital"}, "plot_number": "n/a", "operation_status": {"name": "Operational"}, "number_of_beds": 7}, {"code": 16464, "location_desc": null, "official_name": "Ishiara Sub-District Hospital", "owner": {"name": "Ministry of Health"}, "keph_level": {"name": "Level 4"}, "ward": {"code": 330}, "number_of_cots": 2, "town": {"name": "ishiara"}, "name": "Ishiara Sub-District Hospital", "created": "2009-10-31T00:00:00+00:00", "regulatory_body": {"name": "Ministry of Health"}, "facility_type": {"name": "Sub-District Hospital"}, "plot_number": null, "operation_status": {"name": "Operational"}, "number_of_beds": 77}, {"code": 12618, "location_desc": "In Mwala Town Matuu-Yatta Road", "official_name": "Mwala District Hospital", "owner": {"name": "Ministry of Health"}, "keph_level": {"name": "Level 4"}, "ward": {"code": 406}, "number_of_cots": 2, "town": {"name": "mwala"}, "name": "Mwala District Hospital", "created": "2009-10-31T00:00:00+00:00", "regulatory_body": {"name": "Ministry of Health"}, "facility_type": {"name": "District Hospital"}, "plot_number": null, "operation_status": {"name": "Operational"}, "number_of_beds": 18}, {"code": 13833, "location_desc": null, "official_name": "Muhuru Health Centre", "owner": {"name": "Ministry of Health"}, "keph_level": {"name": "Level 4"}, "ward": {"code": 1288}, "number_of_cots": 0, "town": {"name": "muhuru bay"}, "name": "Muhuru Health Centre", "created": "2009-10-31T00:00:00+00:00", "regulatory_body": {"name": "Ministry of Health"}, "facility_type": {"name": "Other Hospital"}, "plot_number": " ", "operation_status": {"name": "Operational"}, "number_of_beds": 12}, {"code": 16025, "location_desc": "Situated within Kapsokwony town", "official_name": "Mt  Elgon District Hospital", "owner": {"name": "Ministry of Health"}, "keph_level": {"name": "Level 4"}, "ward": {"code": 1081}, "number_of_cots": 0, "town": {"name": "kapsokwony"}, "name": "Mt Elgon District Hospital", "created": "2009-10-31T00:00:00+00:00", "regulatory_body": {"name": "Ministry of Health"}, "facility_type": {"name": "District Hospital"}, "plot_number": "elgon/kapsokwony/420", "operation_status": {"name": "Operational"}, "number_of_beds": 31}, {"code": 10470, "location_desc": "KANGEMA -MURANGA ROAD", "official_name": "Kangema Sub-District Hospital", "owner": {"name": "Ministry of Health"}, "keph_level": {"name": "Level 4"}, "ward": {"code": 517}, "number_of_cots": 2, "town": {"name": "kangema"}, "name": "Kangema Sub-District Hospital", "created": "2009-10-31T00:00:00+00:00", "regulatory_body": {"name": "Ministry of Health"}, "facility_type": {"name": "Sub-District Hospital"}, "plot_number": null, "operation_status": {"name": "Operational"}, "number_of_beds": 10}, {"code": 10438, "location_desc": "Near juja town 1 km down towards juja farm", "official_name": "Kalimoni Hospital", "owner": {"name": "Kenya Episcopal Conference-Catholic Secretariat"}, "keph_level": {"name": "Level 4"}, "ward": {"code": 563}, "number_of_cots": 6, "town": {"name": "thika"}, "name": "Kalimoni Hospital (Thika)", "created": "2009-10-31T00:00:00+00:00", "regulatory_body": {"name": "Kenya MPDB - Institution"}, "facility_type": {"name": "Other Hospital"}, "plot_number": null, "operation_status": {"name": "Operational"}, "number_of_beds": 29}, {"code": 14431, "location_desc": " Elburgon Town.", "official_name": "Elburgon Sub-District Hospital", "owner": {"name": "Ministry of Health"}, "keph_level": {"name": "Level 4"}, "ward": {"code": 827}, "number_of_cots": 0, "town": {"name": "elburgon"}, "name": "Elburgon Sub-District Hospital", "created": "2009-10-31T00:00:00+00:00", "regulatory_body": {"name": "Ministry of Health"}, "facility_type": {"name": "Sub-District Hospital"}, "plot_number": null, "operation_status": {"name": "Operational"}, "number_of_beds": 40}, {"code": 10922, "location_desc": "Along The Nyeri / Othaya Rd", "official_name": "Othaya Sub-District. Hospital", "owner": {"name": "Ministry of Health"}, "keph_level": {"name": "Level 4"}, "ward": {"code": 484}, "number_of_cots": 1, "town": {"name": "othaya town"}, "name": "Othaya Sub-District Hospital", "created": "2009-10-31T00:00:00+00:00", "regulatory_body": {"name": "Ministry of Health"}, "facility_type": {"name": "Sub-District Hospital"}, "plot_number": null, "operation_status": {"name": "Operational"}, "number_of_beds": 59}, {"code": 14022, "location_desc": null, "official_name": "Rachuonyo District Hospital", "owner": {"name": "Ministry of Health"}, "keph_level": {"name": "Level 4"}, "ward": {"code": 1222}, "number_of_cots": 1, "town": {"name": "oyugis town"}, "name": "Rachuonyo District Hospital", "created": "2009-10-31T00:00:00+00:00", "regulatory_body": {"name": "Ministry of Health"}, "facility_type": {"name": "District Hospital"}, "plot_number": null, "operation_status": {"name": "Operational"}, "number_of_beds": 67}, {"code": 13810, "location_desc": "Approximately 5  Kms from Paw Akuche Market off Kisumu Bondo road", "official_name": "Miranga Sub District Hospital", "owner": {"name": "Ministry of Health"}, "keph_level": {"name": "Level 4"}, "ward": {"code": 1204}, "number_of_cots": 0, "town": {"name": "paw akuche market"}, "name": "Miranga Sub District Hospital", "created": "2009-10-31T00:00:00+00:00", "regulatory_body": {"name": "Ministry of Health"}, "facility_type": {"name": "Sub-District Hospital"}, "plot_number": null, "operation_status": {"name": "Operational"}, "number_of_beds": 13}, {"code": 10739, "location_desc": "Near Kamakwa Shopping Centre Next to Nyeri Golf Club", "official_name": "Mt. Kenya Sub-District Hospital", "owner": {"name": "Ministry of Health"}, "keph_level": {"name": "Level 4"}, "ward": {"code": 492}, "number_of_cots": 0, "town": {"name": "nyeri town"}, "name": "Mt Kenya Sub-District Hospital", "created": "2009-10-31T00:00:00+00:00", "regulatory_body": {"name": "Ministry of Health"}, "facility_type": {"name": "Sub-District Hospital"}, "plot_number": null, "operation_status": {"name": "Operational"}, "number_of_beds": 16}, {"code": 11459, "location_desc": "Within Kenya Navy Military Camp", "official_name": "Kenya Navy (MIR) Hospital", "owner": {"name": "Armed Forces"}, "keph_level": {"name": "Level 4"}, "ward": {"code": 21}, "number_of_cots": 4, "town": {"name": "mombasa"}, "name": "Kenya Navy (Mir) Hospital", "created": "2009-10-31T00:00:00+00:00", "regulatory_body": {"name": "Ministry of Health"}, "facility_type": {"name": "Other Hospital"}, "plot_number": null, "operation_status": {"name": "Operational"}, "number_of_beds": 20}, {"code": 13392, "location_desc": null, "official_name": "Lafey Sub-District Hospital", "owner": {"name": "Ministry of Health"}, "keph_level": {"name": "Level 4"}, "ward": {"code": 218}, "number_of_cots": 0, "town": {"name": "mandera"}, "name": "Lafey Sub-District Hospital", "created": "2009-10-31T00:00:00+00:00", "regulatory_body": {"name": "Ministry of Health"}, "facility_type": {"name": "Sub-District Hospital"}, "plot_number": null, "operation_status": {"name": "Operational"}, "number_of_beds": 2}, {"code": 13625, "location_desc": null, "official_name": "Isibania Sub-District Hospital", "owner": {"name": "Ministry of Health"}, "keph_level": {"name": "Level 4"}, "ward": {"code": 1291}, "number_of_cots": 4, "town": {"name": "isibania"}, "name": "Isibania Sub-District Hospital", "created": "2009-10-31T00:00:00+00:00", "regulatory_body": {"name": "Ministry of Health"}, "facility_type": {"name": "Sub-District Hospital"}, "plot_number": " ", "operation_status": {"name": "Operational"}, "number_of_beds": 26}, {"code": 13891, "location_desc": null, "official_name": "Nyamache District Hospital", "owner": {"name": "Ministry of Health"}, "keph_level": {"name": "Level 4"}, "ward": {"code": 1317}, "number_of_cots": 0, "town": {"name": "nyamache"}, "name": "Nyamache District Hospital", "created": "2009-10-31T00:00:00+00:00", "regulatory_body": {"name": "Ministry of Health"}, "facility_type": {"name": "District Hospital"}, "plot_number": null, "operation_status": {"name": "Operational"}, "number_of_beds": 40}, {"code": 11124, "location_desc": null, "official_name": "Tumutumu (PCEA) Hospital", "owner": {"name": "Christian Health Association of Kenya"}, "keph_level": {"name": "Level 4"}, "ward": {"code": 481}, "number_of_cots": 18, "town": {"name": "giagatika"}, "name": "Tumutumu (PCEA) Hospital", "created": "2009-10-31T00:00:00+00:00", "regulatory_body": {"name": "Kenya MPDB - Institution"}, "facility_type": {"name": "Other Hospital"}, "plot_number": null, "operation_status": {"name": "Operational"}, "number_of_beds": 203}, {"code": 11655, "location_desc": null, "official_name": "Msambweni District Hospital", "owner": {"name": "Ministry of Health"}, "keph_level": {"name": "Level 4"}, "ward": {"code": 34}, "number_of_cots": 0, "town": {"name": "msambweni"}, "name": "Msambweni District Hospital", "created": "2009-10-31T00:00:00+00:00", "regulatory_body": {"name": "Ministry of Health"}, "facility_type": {"name": "District Hospital"}, "plot_number": null, "operation_status": {"name": "Operational"}, "number_of_beds": 155}, {"code": 14749, "location_desc": "Along Eldoret - Kisumu Highway", "official_name": "Kapsabet District Hospital", "owner": {"name": "Ministry of Health"}, "keph_level": {"name": "Level 4"}, "ward": {"code": 772}, "number_of_cots": 6, "town": {"name": "kapsabet"}, "name": "Kapsabet District Hospital", "created": "2009-10-31T00:00:00+00:00", "regulatory_body": {"name": "Ministry of Health"}, "facility_type": {"name": "District Hospital"}, "plot_number": null, "operation_status": {"name": "Operational"}, "number_of_beds": 137}, {"code": 10100, "location_desc": "On the Nyeri /  Ihururu Rd. Opposite Mathari Primary School", "official_name": "Consolata Mission Hospital (Mathari)", "owner": {"name": "Kenya Episcopal Conference-Catholic Secretariat"}, "keph_level": {"name": "Level 4"}, "ward": {"code": 491}, "number_of_cots": 17, "town": {"name": "mathari"}, "name": "Consolata Mission Hospital (Mathari)", "created": "2009-10-31T00:00:00+00:00", "regulatory_body": {"name": "Kenya MPDB - Institution"}, "facility_type": {"name": "Other Hospital"}, "plot_number": null, "operation_status": {"name": "Operational"}, "number_of_beds": 170}, {"code": 13339, "location_desc": null, "official_name": "Bura District Hospital", "owner": {"name": "Ministry of Health"}, "keph_level": {"name": "Level 4"}, "ward": {"code": 152}, "number_of_cots": 0, "town": {"name": "bura"}, "name": "Bura District Hospital", "created": "2009-10-31T00:00:00+00:00", "regulatory_body": {"name": "Ministry of Health"}, "facility_type": {"name": "District Hospital"}, "plot_number": null, "operation_status": {"name": "Operational"}, "number_of_beds": 30}, {"code": 15836, "location_desc": null, "official_name": "Butere District Hospital", "owner": {"name": "Ministry of Health"}, "keph_level": {"name": "Level 4"}, "ward": {"code": 1033}, "number_of_cots": 2, "town": {"name": "butere"}, "name": "Butere District Hospital", "created": "2009-10-31T00:00:00+00:00", "regulatory_body": {"name": "Ministry of Health"}, "facility_type": {"name": "District Hospital"}, "plot_number": null, "operation_status": {"name": "Operational"}, "number_of_beds": 55}, {"code": 15946, "location_desc": "Along Ebusakami - Majengo road next to Bunyore Girls High School", "official_name": "Kima Mission Hospital ", "owner": {"name": "Christian Health Association of Kenya"}, "keph_level": {"name": "Level 3"}, "ward": {"code": 1072}, "number_of_cots": 2, "town": {"name": "luanda"}, "name": "Kima Mission Hospital", "created": "2009-10-31T00:00:00+00:00", "regulatory_body": {"name": "Kenya MPDB - Private Practice"}, "facility_type": {"name": "Other Hospital"}, "plot_number": null, "operation_status": {"name": "Operational"}, "number_of_beds": 38}, {"code": 10700, "location_desc": null, "official_name": "Mary Immaculate Hospital (Nyeri North)", "owner": {"name": "Kenya Episcopal Conference-Catholic Secretariat"}, "keph_level": {"name": "Level 3"}, "ward": {"code": 469}, "number_of_cots": 12, "town": {"name": "mweiga"}, "name": "Mary Immaculate Hospital (Nyeri North)", "created": "2009-10-31T00:00:00+00:00", "regulatory_body": {"name": "Kenya MPDB - Institution"}, "facility_type": {"name": "Other Hospital"}, "plot_number": null, "operation_status": {"name": "Operational"}, "number_of_beds": 57}, {"code": 13679, "location_desc": null, "official_name": "Keumbu Medical Clinic", "owner": {"name": "Private Enterprise (Institution)"}, "keph_level": {"name": "Level 2"}, "ward": {"code": 1333}, "number_of_cots": 0, "town": {"name": "keumbu"}, "name": "Keumbu Medical Clinic", "created": "2009-10-31T00:00:00+00:00", "regulatory_body": {"name": "Kenya MPDB - Institution"}, "facility_type": {"name": "Medical Clinic"}, "plot_number": null, "operation_status": {"name": "Operational"}, "number_of_beds": 0}], "model": "facilities.Facility", "unique_fields": ["code"]}]