[{"records": [{"code": 19871, "location_desc": null, "official_name": "Ken Ame Health Centre", "owner": {"name": "Other Faith Based"}, "keph_level": {"name": "Level 3"}, "ward": {"code": 727}, "number_of_cots": 12, "town": {"name": "hill school"}, "name": "Ken Ame Health Centre", "created": "2013-05-23T10:06:00.560000+00:00", "regulatory_body": {"name": "Ministry of Health"}, "facility_type": {"name": "Health Centre"}, "plot_number": null, "operation_status": {"name": "Operational"}, "number_of_beds": 12}, {"code": 19872, "location_desc": null, "official_name": "Kapteldet", "owner": {"name": "Ministry of Health"}, "keph_level": {"name": "Level 2"}, "ward": {"code": 722}, "number_of_cots": 2, "name": "Kapteldet", "created": "2013-05-23T10:13:40.763000+00:00", "regulatory_body": {"name": "Ministry of Health"}, "facility_type": {"name": "Dispensary"}, "plot_number": null, "operation_status": {"name": "Operational"}, "number_of_beds": 2}, {"code": 19873, "location_desc": null, "official_name": "Best Healthlife Clinic", "owner": {"name": "Private Enterprise (Institution)"}, "keph_level": {"name": "Level 2"}, "ward": {"code": 723}, "number_of_cots": 3, "name": "Best Healthlife Clinic", "created": "2013-05-23T10:25:39.987000+00:00", "regulatory_body": {"name": "Ministry of Health"}, "facility_type": {"name": "Medical Clinic"}, "plot_number": null, "operation_status": {"name": "Operational"}, "number_of_beds": 3}, {"code": 19874, "location_desc": "About 500m from Sotik town", "official_name": "Dhmt", "owner": {"name": "Ministry of Health"}, "keph_level": {"name": "Level 2"}, "ward": {"code": 967}, "number_of_cots": 0, "town": {"name": "sotik town"}, "name": "Dhmt", "created": "2013-05-23T12:50:07.410000+00:00", "regulatory_body": {"name": "Ministry of Health"}, "facility_type": {"name": "District Health Office"}, "plot_number": null, "operation_status": {"name": "Operational"}, "number_of_beds": 0}, {"code": 19875, "location_desc": "Homa bay Rongo Road opposite Ruma Tourist Hotel", "official_name": "Port Florence Community Hospital Homa bay Clinic", "owner": {"name": "Non-Governmental Organizations"}, "keph_level": {"name": "Level 2"}, "ward": {"code": 1244}, "number_of_cots": 2, "town": {"name": "homabay town"}, "name": "Port Florence Community Hospital Homa Bay Clinic", "created": "2013-05-24T10:20:04.957000+00:00", "regulatory_body": {"name": "Ministry of Health"}, "facility_type": {"name": "Medical Clinic"}, "plot_number": "117", "operation_status": {"name": "Operational"}, "number_of_beds": 7}, {"code": 19876, "location_desc": "Karanei Building", "official_name": "Highway Medical Clinic", "owner": {"name": "Private Practice - Nurse / Midwife"}, "keph_level": {"name": "Level 2"}, "ward": {"code": 743}, "number_of_cots": 0, "town": {"name": "iten"}, "name": "Highway Medical Clinic Iten", "created": "2013-05-24T12:56:28.003000+00:00", "regulatory_body": {"name": "Ministry of Health"}, "facility_type": {"name": "Medical Clinic"}, "plot_number": null, "operation_status": {"name": "Operational"}, "number_of_beds": 0}, {"code": 19877, "location_desc": "Olkalou-Engineer rd Branch at Wanjohi junction- Then procede to Gitei ", "official_name": "Hillday Medical Clinic", "owner": {"name": "Private Practice - Nurse / Midwife"}, "keph_level": {"name": "Level 2"}, "ward": {"code": 449}, "number_of_cots": 0, "town": {"name": "wanjohi"}, "name": "Hillday Medical Clinic", "created": "2013-05-24T14:10:46.197000+00:00", "regulatory_body": {"name": "Nursing Council of Kenya (Private Practice)"}, "facility_type": {"name": "Medical Clinic"}, "plot_number": null, "operation_status": {"name": "Operational"}, "number_of_beds": 0}, {"code": 19878, "location_desc": "Along Enterprise Road", "official_name": "Police Central Workshop Dispensary", "owner": {"name": "Armed Forces"}, "keph_level": {"name": "Level 2"}, "ward": {"code": 929}, "number_of_cots": 0, "town": {"name": "police central workshop"}, "name": "Police Central Workshop Dispensary", "created": "2013-05-25T22:04:02.960000+00:00", "regulatory_body": {"name": "Kenya MPDB - Institution"}, "facility_type": {"name": "Dispensary"}, "plot_number": null, "operation_status": {"name": "Operational"}, "number_of_beds": 0}, {"code": 19880, "location_desc": "Along Kakamega-Kapsabet rd", "official_name": "Alpha Medical Agency", "owner": {"name": "Private Practice - Unspecified"}, "keph_level": {"name": "Level 2"}, "ward": {"code": 1057}, "number_of_cots": 0, "town": {"name": "chavakali market"}, "name": "Alpha Medical Agency", "created": "2013-05-27T15:13:16.933000+00:00", "regulatory_body": {"name": "Other"}, "facility_type": {"name": "Medical Clinic"}, "plot_number": null, "operation_status": {"name": "Operational"}, "number_of_beds": 0}, {"code": 19881, "location_desc": "meru-kianjai-maua road near Ngundune market", "official_name": "Mutelai Dispensary", "owner": {"name": "Ministry of Health"}, "keph_level": {"name": "Level 2"}, "ward": {"code": 266}, "number_of_cots": 0, "town": {"name": "ngundune"}, "name": "Mutelai Dispensary", "created": "2013-05-28T11:03:32.100000+00:00", "regulatory_body": {"name": "Ministry of Health"}, "facility_type": {"name": "Dispensary"}, "plot_number": null, "operation_status": {"name": "Operational"}, "number_of_beds": 0}, {"code": 19882, "location_desc": "Chuka- MESSACO HSE", "official_name": "MARPS -Chuka DICE Clinic", "owner": {"name": "Non-Governmental Organizations"}, "keph_level": {"name": "Level 2"}, "ward": {"code": 302}, "number_of_cots": 0, "town": {"name": "chuka"}, "name": "Marps -Chuka Dice Clinic", "created": "2013-05-28T13:59:15.777000+00:00", "regulatory_body": {"name": "Ministry of Health"}, "facility_type": {"name": "Medical Clinic"}, "plot_number": null, "operation_status": {"name": "Operational"}, "number_of_beds": 0}, {"code": 19883, "location_desc": "Near Moi Ndabi centre", "official_name": "Kipkonyo Dispensary", "owner": {"name": "Ministry of Health"}, "keph_level": {"name": "Level 2"}, "ward": {"code": 840}, "number_of_cots": 0, "town": {"name": "kongoni centre"}, "name": "Kipkonyo Dispensary", "created": "2013-05-28T18:27:18.050000+00:00", "regulatory_body": {"name": "Ministry of Health"}, "facility_type": {"name": "Dispensary"}, "plot_number": null, "operation_status": {"name": "Operational"}, "number_of_beds": 2}, {"code": 19884, "location_desc": "Past Kiptagich Trading centre near Chebotoi market", "official_name": "Kapket Dispensary", "owner": {"name": "Community Development Fund"}, "keph_level": {"name": "Level 2"}, "ward": {"code": 891}, "number_of_cots": 0, "town": {"name": "kiptagich"}, "name": "Kapket Dispensary", "created": "2013-05-29T10:49:15.120000+00:00", "regulatory_body": {"name": "Ministry of Health"}, "facility_type": {"name": "Dispensary"}, "plot_number": null, "operation_status": {"name": "Operational"}, "number_of_beds": 0}, {"code": 19885, "location_desc": " Olenguruone Kiptagich RD 4 kms from Irongo centre", "official_name": "Ainamoi Dispensary", "owner": {"name": "Ministry of Health"}, "keph_level": {"name": "Level 2"}, "ward": {"code": 851}, "number_of_cots": 0, "town": {"name": "irongo centre"}, "name": "Ainamoi Dispensary", "created": "2013-05-29T11:21:16.810000+00:00", "regulatory_body": {"name": "Ministry of Health"}, "facility_type": {"name": "Dispensary"}, "plot_number": null, "operation_status": {"name": "Operational"}, "number_of_beds": 0}, {"code": 19886, "location_desc": null, "official_name": "Frontier Health Services - Malaba", "owner": {"name": "Non-Governmental Organizations"}, "keph_level": {"name": "Level 2"}, "ward": {"code": 1121}, "number_of_cots": 0, "town": {"name": "malaba"}, "name": "Frontier Health Services- Malaba", "created": "2013-05-30T09:31:34.777000+00:00", "regulatory_body": {"name": "Other"}, "facility_type": {"name": "Medical Clinic"}, "plot_number": null, "operation_status": {"name": "Operational"}, "number_of_beds": 0}, {"code": 19887, "location_desc": null, "official_name": "Nasira Dispensary", "owner": {"name": "Ministry of Health"}, "keph_level": {"name": "Level 2"}, "ward": {"code": 1140}, "number_of_cots": 2, "name": "Nasira Dispensary", "created": "2013-05-30T15:17:23.270000+00:00", "regulatory_body": {"name": "Ministry of Health"}, "facility_type": {"name": "Dispensary"}, "plot_number": null, "operation_status": {"name": "Operational"}, "number_of_beds": 4}, {"code": 19894, "location_desc": "Riakithiga Shopping Centre from Itathare-ini to Kerugoya Kutus main road", "official_name": "Riakithiga Dispensary", "owner": {"name": "Ministry of Health"}, "keph_level": {"name": "Level 2"}, "ward": {"code": 504}, "number_of_cots": 0, "town": {"name": "riakithiga shopping centre"}, "name": "Riakithiga Dispensary", "created": "2013-05-31T12:58:40.830000+00:00", "regulatory_body": {"name": "Ministry of Health"}, "facility_type": {"name": "Dispensary"}, "plot_number": null, "operation_status": {"name": "Operational"}, "number_of_beds": 0}, {"code": 19895, "location_desc": "Near the Soweto East Upgrade housing", "official_name": "Green Cross Medical Clinic", "owner": {"name": "Private Practice - Clinical Officer"}, "keph_level": {"name": "Level 2"}, "ward": {"code": 1383}, "number_of_cots": 0, "name": "Green Cross Medical Clinic", "created": "2013-05-31T13:18:13.063000+00:00", "regulatory_body": {"name": "Clinical Officers Council"}, "facility_type": {"name": "Medical Clinic"}, "plot_number": null, "operation_status": {"name": "Operational"}, "number_of_beds": 0}, {"code": 19896, "location_desc": "Mashimoni near the bridge to Lindi", "official_name": "St. Eliza Medical Clinic", "owner": {"name": "Private Practice - Nurse / Midwife"}, "keph_level": {"name": "Level 2"}, "ward": {"code": 1387}, "number_of_cots": 0, "town": {"name": "mashimoni village"}, "name": "St Eliza Medical Clinic", "created": "2013-05-31T13:25:34.263000+00:00", "regulatory_body": {"name": "Nursing Council of Kenya (Private Practice)"}, "facility_type": {"name": "Medical Clinic"}, "plot_number": null, "operation_status": {"name": "Operational"}, "number_of_beds": 0}, {"code": 19897, "location_desc": null, "official_name": "Abundant Life Clinic", "owner": {"name": "Private Enterprise (Institution)"}, "keph_level": {"name": "Level 2"}, "ward": {"code": 1201}, "number_of_cots": 0, "town": {"name": "kisumu town"}, "name": "Abundant Life Clinic", "created": "2013-05-31T14:25:41.380000+00:00", "regulatory_body": {"name": "Kenya MPDB - Private Practice"}, "facility_type": {"name": "Medical Clinic"}, "plot_number": "10/103", "operation_status": {"name": "Operational"}, "number_of_beds": 2}, {"code": 19898, "location_desc": null, "official_name": "Frontier Health Services Malaba", "owner": {"name": "Non-Governmental Organizations"}, "keph_level": {"name": "Level 2"}, "ward": {"code": 1121}, "number_of_cots": 0, "town": {"name": "malaba"}, "name": "Frontier Health Services Malaba", "created": "2013-05-31T18:50:20.187000+00:00", "regulatory_body": {"name": "Kenya Medical Laboratory, Tech & Technologists Board"}, "facility_type": {"name": "VCT Centre (Stand-Alone)"}, "plot_number": null, "operation_status": {"name": "Operational"}, "number_of_beds": 0}, {"code": 19899, "location_desc": null, "official_name": "Eshiabwali Health Centre", "owner": {"name": "Ministry of Health"}, "keph_level": {"name": "Level 3"}, "ward": {"code": 1073}, "number_of_cots": 6, "town": {"name": "kilingili"}, "name": "Eshiabwali Health Centre", "created": "2013-06-03T18:56:20.940000+00:00", "regulatory_body": {"name": "Ministry of Health"}, "facility_type": {"name": "Health Centre"}, "plot_number": "66", "operation_status": {"name": "Operational"}, "number_of_beds": 6}, {"code": 19900, "location_desc": null, "official_name": "Ekomero Health Centre", "owner": {"name": "Ministry of Health"}, "keph_level": {"name": "Level 3"}, "ward": {"code": 1006}, "number_of_cots": 4, "town": {"name": "khumailo"}, "name": "Ekomero Health Centre", "created": "2013-06-03T19:02:08.590000+00:00", "regulatory_body": {"name": "Ministry of Health"}, "facility_type": {"name": "Health Centre"}, "plot_number": "1916", "operation_status": {"name": "Operational"}, "number_of_beds": 6}, {"code": 19901, "location_desc": "Situated in Philadelphia Hse(4th Flr)", "official_name": "Positive Partner Network", "owner": {"name": "Non-Governmental Organizations"}, "keph_level": {"name": "Level 2"}, "ward": {"code": 1440}, "number_of_cots": 0, "town": {"name": "cbd"}, "name": "Positive Partner Network VCT", "created": "2013-06-04T11:43:25.333000+00:00", "regulatory_body": {"name": "Other"}, "facility_type": {"name": "VCT Centre (Stand-Alone)"}, "plot_number": null, "operation_status": {"name": "Operational"}, "number_of_beds": 0}, {"code": 19902, "location_desc": null, "official_name": "Nduluni Dispensary", "owner": {"name": "Ministry of Health"}, "keph_level": {"name": "Level 2"}, "ward": {"code": 417}, "number_of_cots": 0, "name": "Nduluni Dispensary", "created": "2013-06-05T11:59:14.040000+00:00", "regulatory_body": {"name": "Ministry of Health"}, "facility_type": {"name": "Dispensary"}, "plot_number": "n/a", "operation_status": {"name": "Not-Operational"}, "number_of_beds": 0}, {"code": 19903, "location_desc": null, "official_name": "Muua  Dispensary", "owner": {"name": "Ministry of Health"}, "keph_level": {"name": "Level 2"}, "ward": {"code": 417}, "number_of_cots": 0, "name": "Muua Dispensary", "created": "2013-06-05T12:06:51.213000+00:00", "regulatory_body": {"name": "Ministry of Health"}, "facility_type": {"name": "Dispensary"}, "plot_number": null, "operation_status": {"name": "Not-Operational"}, "number_of_beds": 0}, {"code": 19904, "location_desc": null, "official_name": "Annex Medical  Clinic", "owner": {"name": "Private Practice - Clinical Officer"}, "keph_level": {"name": "Level 2"}, "ward": {"code": 328}, "number_of_cots": 0, "town": {"name": "siakago"}, "name": "Annex Medical Clinic", "created": "2013-06-05T13:28:23.133000+00:00", "regulatory_body": {"name": "Clinical Officers Council"}, "facility_type": {"name": "Medical Clinic"}, "plot_number": null, "operation_status": {"name": "Operational"}, "number_of_beds": 0}, {"code": 19905, "location_desc": null, "official_name": "Siakago Boys High School Dispensary", "owner": {"name": "Academic (if registered)"}, "keph_level": {"name": "Level 2"}, "ward": {"code": 328}, "number_of_cots": 0, "town": {"name": "siakago"}, "name": "Siakago Boys High School Dispensary", "created": "2013-06-05T13:43:32.057000+00:00", "regulatory_body": {"name": "Ministry of Health"}, "facility_type": {"name": "Dispensary"}, "plot_number": null, "operation_status": {"name": "Operational"}, "number_of_beds": 0}, {"code": 19906, "location_desc": null, "official_name": "Queens & Kings Health Centre", "owner": {"name": "Private Practice - Unspecified"}, "keph_level": {"name": "Level 2"}, "ward": {"code": 328}, "number_of_cots": 0, "town": {"name": "siakago"}, "name": "Queens & Kings Health Centre", "created": "2013-06-05T14:00:52.953000+00:00", "regulatory_body": {"name": "Ministry of Health"}, "facility_type": {"name": "Health Centre"}, "plot_number": null, "operation_status": {"name": "Operational"}, "number_of_beds": 0}, {"code": 19907, "location_desc": "the facility is about 2 kilometers from Kodiaga market along Kisumu-Busia road", "official_name": "Gogo Dispensary", "owner": {"name": "Ministry of Health"}, "keph_level": {"name": "Level 2"}, "ward": {"code": 1170}, "number_of_cots": 0, "town": {"name": "kodiaga market"}, "name": "Gogo Disp", "created": "2013-06-09T13:01:40.860000+00:00", "regulatory_body": {"name": "Ministry of Health"}, "facility_type": {"name": "Dispensary"}, "plot_number": "isolated", "operation_status": {"name": "Operational"}, "number_of_beds": 0}, {"code": 19908, "location_desc": "The facility is in Sirembe market about 5 kms from Wagai ", "official_name": "Harmony Medical Clinic", "owner": {"name": "Private Practice - Nurse / Midwife"}, "keph_level": {"name": "Level 2"}, "ward": {"code": 1169}, "number_of_cots": 0, "town": {"name": "sirembe market"}, "name": "Harmony Medical Clinic", "created": "2013-06-09T13:23:19.460000+00:00", "regulatory_body": {"name": "Nursing Council of Kenya (Private Practice)"}, "facility_type": {"name": "Dispensary"}, "plot_number": "isolated", "operation_status": {"name": "Operational"}, "number_of_beds": 0}, {"code": 19909, "location_desc": null, "official_name": "Wikondiek Dispensary", "owner": {"name": "Ministry of Health"}, "keph_level": {"name": "Level 2"}, "ward": {"code": 1233}, "number_of_cots": 0, "town": {"name": "near omboga market"}, "name": "Wikondiek Dispensary", "created": "2013-06-10T08:57:12.893000+00:00", "regulatory_body": {"name": "Ministry of Health"}, "facility_type": {"name": "Dispensary"}, "plot_number": null, "operation_status": {"name": "Operational"}, "number_of_beds": 0}, {"code": 19910, "location_desc": null, "official_name": "Ololulunga VCT", "owner": {"name": "Other Faith Based"}, "keph_level": {"name": "Level 2"}, "ward": {"code": 902}, "number_of_cots": 0, "town": {"name": "ololulunga"}, "name": "Ololulunga VCT", "created": "2013-06-11T10:27:17.410000+00:00", "regulatory_body": {"name": "Other"}, "facility_type": {"name": "VCT Centre (Stand-Alone)"}, "plot_number": null, "operation_status": {"name": "Operational"}, "number_of_beds": 0}, {"code": 19911, "location_desc": null, "official_name": "Victory &Hope Medical Clinic Services", "owner": {"name": "Ministry of Health"}, "keph_level": {"name": "Level 3"}, "ward": {"code": 397}, "number_of_cots": 1, "town": {"name": "bus stage"}, "name": "Victory &Hope Medical Clinic Services", "created": "2013-06-11T12:43:32.433000+00:00", "regulatory_body": {"name": "Ministry of Health"}, "facility_type": {"name": "Medical Clinic"}, "plot_number": null, "operation_status": {"name": "Operational"}, "number_of_beds": 1}, {"code": 19912, "location_desc": "Isiolo - Nanyuki- Meru Road near Kenya Red Cross Offices", "official_name": "MaterCare Maternity Hospital", "owner": {"name": "Kenya Episcopal Conference-Catholic Secretariat"}, "keph_level": {"name": "Level 4"}, "ward": {"code": 284}, "number_of_cots": 60, "town": {"name": "isiolo"}, "name": "Matercare Maternity Hospital", "created": "2013-06-12T13:45:16.150000+00:00", "regulatory_body": {"name": "Kenya MPDB - Institution"}, "facility_type": {"name": "Other Hospital"}, "plot_number": null, "operation_status": {"name": "Operational"}, "number_of_beds": 50}, {"code": 19913, "location_desc": "At Diplomatic House Near bus station", "official_name": "Good Samaritan Medical  Clinic", "owner": {"name": "Private Practice - Clinical Officer"}, "keph_level": {"name": "Level 2"}, "ward": {"code": 577}, "number_of_cots": 0, "town": {"name": "githunguri"}, "name": "Good Samaritan Medical Centre", "created": "2013-06-13T17:53:49.300000+00:00", "regulatory_body": {"name": "Kenya MPDB - Private Practice"}, "facility_type": {"name": "Medical Clinic"}, "plot_number": "t418", "operation_status": {"name": "Operational"}, "number_of_beds": 0}, {"code": 19916, "location_desc": "Six kilometers from Nyamache town", "official_name": "Gionsaria Health Centre", "owner": {"name": "Ministry of Health"}, "keph_level": {"name": "Level 3"}, "ward": {"code": 1319}, "number_of_cots": 0, "town": {"name": "nyamache"}, "name": "Gionsaria Health Centre (Nyamache)", "created": "2013-06-15T13:32:12.753000+00:00", "regulatory_body": {"name": "Ministry of Health"}, "facility_type": {"name": "Health Centre"}, "plot_number": "1643", "operation_status": {"name": "Operational"}, "number_of_beds": 0}, {"code": 19917, "location_desc": "Six kilometers from Nyamache town", "official_name": "Kiobegi Dispensary (Nyamache)", "owner": {"name": "Ministry of Health"}, "keph_level": {"name": "Level 2"}, "ward": {"code": 1315}, "number_of_cots": 0, "town": {"name": "nyamache"}, "name": "Kiobegi Dispensary (Nyamache)", "created": "2013-06-16T11:31:21.240000+00:00", "regulatory_body": {"name": "Ministry of Health"}, "facility_type": {"name": "Dispensary"}, "plot_number": "2014", "operation_status": {"name": "Operational"}, "number_of_beds": 0}, {"code": 19918, "location_desc": "At Kenol town opp Magomano petrol station", "official_name": "Gaichanjiru Hospital (Satelite)", "owner": {"name": "Kenya Episcopal Conference-Catholic Secretariat"}, "keph_level": {"name": "Level 2"}, "ward": {"code": 533}, "number_of_cots": 0, "town": {"name": "kenol"}, "name": "Gaichanjiru Hospita (Satelite)", "created": "2013-06-17T10:50:09.463000+00:00", "regulatory_body": {"name": "Ministry of Health"}, "facility_type": {"name": "Dispensary"}, "plot_number": null, "operation_status": {"name": "Operational"}, "number_of_beds": 0}, {"code": 19919, "location_desc": "Karuri-Ndenderu Road next to Karuri Market", "official_name": "Catmag Medical Centre", "owner": {"name": "Private Practice - Unspecified"}, "keph_level": {"name": "Level 2"}, "ward": {"code": 587}, "number_of_cots": 0, "town": {"name": "karuri market"}, "name": "Catmag Medical Centre", "created": "2013-06-17T12:44:58.157000+00:00", "regulatory_body": {"name": "Kenya MPDB - Private Practice"}, "facility_type": {"name": "Medical Clinic"}, "plot_number": null, "operation_status": {"name": "Operational"}, "number_of_beds": 0}, {"code": 19920, "location_desc": "Kiambu -Ruiru Road at Kirigiti shopping centre", "official_name": "Medlink Medical Clinic", "owner": {"name": "Private Practice - Clinical Officer"}, "keph_level": {"name": "Level 2"}, "ward": {"code": 584}, "number_of_cots": 0, "town": {"name": "kiambu town"}, "name": "Medlink Medical Clinic", "created": "2013-06-17T12:57:37.817000+00:00", "regulatory_body": {"name": "Kenya MPDB - Private Practice"}, "facility_type": {"name": "Medical Clinic"}, "plot_number": null, "operation_status": {"name": "Operational"}, "number_of_beds": 0}, {"code": 19921, "location_desc": null, "official_name": "Bethsaida Catholic Dispensary", "owner": {"name": "Kenya Episcopal Conference-Catholic Secretariat"}, "keph_level": {"name": "Level 2"}, "ward": {"code": 583}, "number_of_cots": 0, "name": "Bethsaida Catholic Dispensary", "created": "2013-06-17T13:10:57.550000+00:00", "regulatory_body": {"name": "Kenya MPDB - Private Practice"}, "facility_type": {"name": "Medical Clinic"}, "plot_number": null, "operation_status": {"name": "Operational"}, "number_of_beds": 0}, {"code": 19922, "location_desc": null, "official_name": "Brooks Health Care Medical Clinic", "owner": {"name": "Private Practice - Clinical Officer"}, "keph_level": {"name": "Level 2"}, "ward": {"code": 589}, "number_of_cots": 0, "town": {"name": "muchatha market"}, "name": "Brooks Health Care Medical Clinic", "created": "2013-06-17T14:53:01.530000+00:00", "regulatory_body": {"name": "Kenya MPDB - Private Practice"}, "facility_type": {"name": "Medical Clinic"}, "plot_number": null, "operation_status": {"name": "Operational"}, "number_of_beds": 0}, {"code": 19923, "location_desc": "farming", "official_name": "Ndelekeni Dispensary", "owner": {"name": "Ministry of Health"}, "keph_level": {"name": "Level 2"}, "ward": {"code": 376}, "number_of_cots": 1, "town": {"name": "kithyoko"}, "name": "Ndelekeni Dispensary", "created": "2013-06-18T12:07:27.607000+00:00", "regulatory_body": {"name": "Ministry of Health"}, "facility_type": {"name": "Dispensary"}, "plot_number": null, "operation_status": {"name": "Pending Opening"}, "number_of_beds": 0}, {"code": 19924, "location_desc": null, "official_name": "Mikuyuni Dispensary-Masinga", "owner": {"name": "Ministry of Health"}, "keph_level": {"name": "Level 2"}, "ward": {"code": 407}, "number_of_cots": 1, "town": {"name": "mikuyuni"}, "name": "Mikuyuni Dispensary-Masinga", "created": "2013-06-18T12:13:54.267000+00:00", "regulatory_body": {"name": "Ministry of Health"}, "facility_type": {"name": "Dispensary"}, "plot_number": null, "operation_status": {"name": "Pending Opening"}, "number_of_beds": 0}, {"code": 19925, "location_desc": null, "official_name": "Kakuku Dispensary", "owner": {"name": "Ministry of Health"}, "keph_level": {"name": "Level 2"}, "ward": {"code": 403}, "number_of_cots": 0, "town": {"name": "kakuku"}, "name": "Kakuku Dispensary", "created": "2013-06-18T12:21:19.367000+00:00", "regulatory_body": {"name": "Ministry of Health"}, "facility_type": {"name": "Dispensary"}, "plot_number": null, "operation_status": {"name": "Pending Opening"}, "number_of_beds": 0}, {"code": 19926, "location_desc": "Near Githunguri Ruiru Kigumo Junction", "official_name": "Kwamaiko Health Clinic", "owner": {"name": "Private Practice - Nurse / Midwife"}, "keph_level": {"name": "Level 2"}, "ward": {"code": 580}, "number_of_cots": 1, "town": {"name": "ngewa"}, "name": "Kwamaiko Health Clinic", "created": "2013-06-18T12:51:13.760000+00:00", "regulatory_body": {"name": "Nursing Council of Kenya (Private Practice)"}, "facility_type": {"name": "Medical Clinic"}, "plot_number": "7627", "operation_status": {"name": "Operational"}, "number_of_beds": 1}, {"code": 19927, "location_desc": null, "official_name": "Global Providers International Clinic", "owner": {"name": "Non-Governmental Organizations"}, "keph_level": {"name": "Level 2"}, "ward": {"code": 1200}, "number_of_cots": 0, "town": {"name": "manyatta market"}, "name": "Global Providers International Clinic", "created": "2013-06-18T16:35:57.253000+00:00", "regulatory_body": {"name": "Kenya MPDB - Private Practice"}, "facility_type": {"name": "Health Centre"}, "plot_number": "1640", "operation_status": {"name": "Operational"}, "number_of_beds": 3}, {"code": 19928, "location_desc": "Got kachola town cenre", "official_name": "Got Kachola Dispensary", "owner": {"name": "Ministry of Health"}, "keph_level": {"name": "Level 2"}, "ward": {"code": 1279}, "number_of_cots": 0, "town": {"name": "got kachola"}, "name": "Got Kachola Dispensary", "created": "2013-06-18T22:03:30.137000+00:00", "regulatory_body": {"name": "Ministry of Health"}, "facility_type": {"name": "Dispensary"}, "plot_number": "n/a", "operation_status": {"name": "Operational"}, "number_of_beds": 2}, {"code": 19929, "location_desc": "Sori town centre", "official_name": "IMC Tekeleza DiCE Clinic Karungu", "owner": {"name": "Non-Governmental Organizations"}, "keph_level": {"name": "Level 2"}, "ward": {"code": 1282}, "number_of_cots": 0, "town": {"name": "sori town"}, "name": "Imc Tekeleza Dice Clinic Karungu", "created": "2013-06-18T22:21:01.163000+00:00", "regulatory_body": {"name": "Kenya MPDB - Institution"}, "facility_type": {"name": "Medical Clinic"}, "plot_number": "n/a", "operation_status": {"name": "Operational"}, "number_of_beds": 2}, {"code": 19930, "location_desc": "Muhuru town centre along the beach", "official_name": "IMC Tekeleza DiCE Clinic Muhuru", "owner": {"name": "Non-Governmental Organizations"}, "keph_level": {"name": "Level 2"}, "ward": {"code": 1288}, "number_of_cots": 0, "town": {"name": "muhuru town centre along the beach"}, "name": "Imc Tekeleza Dice Clinic Muhuru", "created": "2013-06-18T22:32:01.227000+00:00", "regulatory_body": {"name": "Kenya MPDB - Institution"}, "facility_type": {"name": "Medical Clinic"}, "plot_number": "n/a", "operation_status": {"name": "Operational"}, "number_of_beds": 2}, {"code": 19933, "location_desc": null, "official_name": "Mutwangombe Dispensary", "owner": {"name": "Ministry of Health"}, "keph_level": {"name": "Level 2"}, "ward": {"code": 345}, "number_of_cots": 0, "town": {"name": "mutwangombe"}, "name": "Mutwangombe Dispensary", "created": "2013-06-20T09:32:31.523000+00:00", "regulatory_body": {"name": "Ministry of Health"}, "facility_type": {"name": "Dispensary"}, "plot_number": null, "operation_status": {"name": "Operational"}, "number_of_beds": 0}, {"code": 19934, "location_desc": null, "official_name": "Ithumbi Dispensary", "owner": {"name": "Ministry of Health"}, "keph_level": {"name": "Level 2"}, "ward": {"code": 341}, "number_of_cots": 0, "town": {"name": "ithumbi"}, "name": "Ithumbi Dispensary", "created": "2013-06-20T09:39:53.877000+00:00", "regulatory_body": {"name": "Ministry of Health"}, "facility_type": {"name": "Dispensary"}, "plot_number": null, "operation_status": {"name": "Pending Opening"}, "number_of_beds": 0}, {"code": 19937, "location_desc": "Kerugoya town", "official_name": "Kagio Nursing Home (Kerugoya)", "owner": {"name": "Private Practice - Nurse / Midwife"}, "keph_level": {"name": "Level 2"}, "ward": {"code": 514}, "number_of_cots": 0, "name": "Kagio Nursing Home (Kerugoya)", "created": "2013-06-21T14:31:49.840000+00:00", "regulatory_body": {"name": "Kenya MPDB - Institution"}, "facility_type": {"name": "Medical Clinic"}, "plot_number": null, "operation_status": {"name": "Operational"}, "number_of_beds": 0}, {"code": 19938, "location_desc": null, "official_name": "CFW Kiamugumo Glory", "owner": {"name": "Non-Governmental Organizations"}, "keph_level": {"name": "Level 2"}, "ward": {"code": 507}, "number_of_cots": 0, "name": "CFW Kiamugumo Glory", "created": "2013-06-21T15:45:11.920000+00:00", "regulatory_body": {"name": "Kenya MPDB - Institution"}, "facility_type": {"name": "Medical Clinic"}, "plot_number": null, "operation_status": {"name": "Operational"}, "number_of_beds": 0}, {"code": 14104, "location_desc": "Ahero- Katito- Kolwenyi Market - Nyamarimba route is about 3Kms from Kolwenyi market", "official_name": "St Clare Bolo Health Centre", "owner": {"name": "Kenya Episcopal Conference-Catholic Secretariat"}, "keph_level": {"name": "Level 3"}, "ward": {"code": 1219}, "number_of_cots": 8, "town": {"name": "kolwenyi"}, "name": "St Clare Bolo Health Centre", "created": "2009-10-31T00:00:00+00:00", "regulatory_body": {"name": "Kenya MPDB - Institution"}, "facility_type": {"name": "Health Centre"}, "plot_number": null, "operation_status": {"name": "Operational"}, "number_of_beds": 19}, {"code": 13203, "location_desc": null, "official_name": "St Francis Health Centre (Nairobi North)", "owner": {"name": "Other Faith Based"}, "keph_level": {"name": "Level 3"}, "ward": {"code": 1398}, "number_of_cots": 0, "town": {"name": "nairobi"}, "name": "St Francis Health Centre (Nairobi North)", "created": "2009-10-31T00:00:00+00:00", "regulatory_body": {"name": "Kenya MPDB - Institution"}, "facility_type": {"name": "Health Centre"}, "plot_number": null, "operation_status": {"name": "Operational"}, "number_of_beds": 0}, {"code": 12775, "location_desc": "Located Katheri Githongo road near Githongo market.", "official_name": "St Theresas Riiji Health Centre", "owner": {"name": "Kenya Episcopal Conference-Catholic Secretariat"}, "keph_level": {"name": "Level 3"}, "ward": {"code": 285}, "number_of_cots": 0, "town": {"name": "githongo market"}, "name": "St Theresas Riiji Health Centre", "created": "2009-10-31T00:00:00+00:00", "regulatory_body": {"name": "Kenya MPDB - Institution"}, "facility_type": {"name": "Health Centre"}, "plot_number": "167", "operation_status": {"name": "Operational"}, "number_of_beds": 7}, {"code": 13058, "location_desc": "Next to Kibera Law courts", "official_name": "Makina Clinic", "owner": {"name": "Community"}, "keph_level": {"name": "Level 2"}, "ward": {"code": 1388}, "number_of_cots": 0, "town": {"name": "nairobi"}, "name": "Makina Clinic", "created": "2009-10-31T00:00:00+00:00", "regulatory_body": {"name": "Clinical Officers Council"}, "facility_type": {"name": "Dispensary"}, "plot_number": "184", "operation_status": {"name": "Operational"}, "number_of_beds": 0}, {"code": 12529, "location_desc": "Near Kikambuani Market and Misyani Secondary School", "official_name": "Misyani Catholic Health Centre", "owner": {"name": "Kenya Episcopal Conference-Catholic Secretariat"}, "keph_level": {"name": "Level 2"}, "ward": {"code": 381}, "number_of_cots": 10, "town": {"name": "misyani"}, "name": "Misyani Catholic Health Centre", "created": "2009-10-31T00:00:00+00:00", "regulatory_body": {"name": "Other"}, "facility_type": {"name": "Health Centre"}, "plot_number": null, "operation_status": {"name": "Operational"}, "number_of_beds": 16}, {"code": 13245, "location_desc": "Kibera Bus Terminus No.32 next to Kibera Railway Station", "official_name": "Ushirika Medical Clinic", "owner": {"name": "Community"}, "keph_level": {"name": "Level 3"}, "ward": {"code": 1390}, "number_of_cots": 0, "town": {"name": "kianda"}, "name": "Ushirika Medical Clinic", "created": "2009-10-31T00:00:00+00:00", "regulatory_body": {"name": "Kenya MPDB - Private Practice"}, "facility_type": {"name": "Health Centre"}, "plot_number": "42a kibera drive", "operation_status": {"name": "Operational"}, "number_of_beds": 18}, {"code": 13929, "location_desc": "Bondo -Uyawi road", "official_name": "Nyang'oma Mission Health Centre", "owner": {"name": "Kenya Episcopal Conference-Catholic Secretariat"}, "keph_level": {"name": "Level 3"}, "ward": {"code": 1176}, "number_of_cots": 0, "town": {"name": "nyang'oma"}, "name": "Nyang'oma Mission Health Centre", "created": "2009-10-31T00:00:00+00:00", "regulatory_body": {"name": "Kenya MPDB - Institution"}, "facility_type": {"name": "Health Centre"}, "plot_number": null, "operation_status": {"name": "Operational"}, "number_of_beds": 20}, {"code": 10809, "location_desc": null, "official_name": "Mweiga Health Centre ", "owner": {"name": "Community"}, "keph_level": {"name": "Level 3"}, "ward": {"code": 469}, "number_of_cots": 0, "town": {"name": "mweiga"}, "name": "Mweiga Health Centre", "created": "2009-10-31T00:00:00+00:00", "regulatory_body": {"name": "Other"}, "facility_type": {"name": "Health Centre"}, "plot_number": null, "operation_status": {"name": "Operational"}, "number_of_beds": 0}, {"code": 15095, "location_desc": "OFF MOMBASA ROAD AT SULTAN HUMUD", "official_name": "Loving Care (MCK) Health Centre", "owner": {"name": "Other Faith Based"}, "keph_level": {"name": "Level 3"}, "ward": {"code": 924}, "number_of_cots": 0, "town": {"name": "sultan hamud"}, "name": "Loving Care (MCK) Health Centre", "created": "2009-10-31T00:00:00+00:00", "regulatory_body": {"name": "Kenya MPDB - Institution"}, "facility_type": {"name": "Health Centre"}, "plot_number": null, "operation_status": {"name": "Operational"}, "number_of_beds": 0}, {"code": 14196, "location_desc": null, "official_name": "Alale (AIC) Health Centre", "owner": {"name": "Christian Health Association of Kenya"}, "keph_level": {"name": "Level 3"}, "ward": {"code": 656}, "number_of_cots": 1, "town": {"name": "makutano"}, "name": "Alale (AIC) Health Centre", "created": "2009-10-31T00:00:00+00:00", "regulatory_body": {"name": "Kenya MPDB - Institution"}, "facility_type": {"name": "Health Centre"}, "plot_number": null, "operation_status": {"name": "Operational"}, "number_of_beds": 8}, {"code": 13739, "location_desc": "Kalandin market off the main road 7kms next to St Marys Lwak Girls Secondary school", "official_name": "St Elizabeth Lwak Mission Health Centre", "owner": {"name": "Kenya Episcopal Conference-Catholic Secretariat"}, "keph_level": {"name": "Level 3"}, "ward": {"code": 1182}, "number_of_cots": 2, "town": {"name": "lwak"}, "name": "St Elizabeth Lwak Mission Health Centre", "created": "2009-10-31T00:00:00+00:00", "regulatory_body": {"name": "Kenya MPDB - Institution"}, "facility_type": {"name": "Health Centre"}, "plot_number": "3255", "operation_status": {"name": "Operational"}, "number_of_beds": 50}, {"code": 14128, "location_desc": "Ahero - Muhororoni, facility at Muhoroni market", "official_name": "St Vincents De Paul Health Centre", "owner": {"name": "Kenya Episcopal Conference-Catholic Secretariat"}, "keph_level": {"name": "Level 3"}, "ward": {"code": 1215}, "number_of_cots": 12, "town": {"name": "muhoroni"}, "name": "St Vincents De Paul Health Centre", "created": "2009-10-31T00:00:00+00:00", "regulatory_body": {"name": "Kenya MPDB - Institution"}, "facility_type": {"name": "Health Centre"}, "plot_number": null, "operation_status": {"name": "Operational"}, "number_of_beds": 24}, {"code": 13062, "location_desc": "Along Gatanga Road.", "official_name": "Maria Immaculate Health Centre (lavington)", "owner": {"name": "Kenya Episcopal Conference-Catholic Secretariat"}, "keph_level": {"name": "Level 3"}, "ward": {"code": 1371}, "number_of_cots": 2, "town": {"name": "nairobi"}, "name": "Maria Immaculate Health Centre", "created": "2009-10-31T00:00:00+00:00", "regulatory_body": {"name": "Kenya MPDB - Institution"}, "facility_type": {"name": "Health Centre"}, "plot_number": null, "operation_status": {"name": "Operational"}, "number_of_beds": 27}, {"code": 13557, "location_desc": "Along Kisii Nyamira Rd on your way to Magombo Mkt from Kemera junction", "official_name": "Gekano Health Centre", "owner": {"name": "Kenya Episcopal Conference-Catholic Secretariat"}, "keph_level": {"name": "Level 3"}, "ward": {"code": 1349}, "number_of_cots": 0, "town": {"name": "magombo"}, "name": "Gekano Health Centre (Manga)", "created": "2009-10-31T00:00:00+00:00", "regulatory_body": {"name": "Kenya MPDB - Institution"}, "facility_type": {"name": "Health Centre"}, "plot_number": null, "operation_status": {"name": "Operational"}, "number_of_beds": 15}, {"code": 12816, "location_desc": null, "official_name": "Tuuru Catholic Health Centre", "owner": {"name": "Kenya Episcopal Conference-Catholic Secretariat"}, "keph_level": {"name": "Level 3"}, "ward": {"code": 256}, "number_of_cots": 4, "town": {"name": "laare market"}, "name": "Tuuru Catholic Health Centre", "created": "2009-10-31T00:00:00+00:00", "regulatory_body": {"name": "Kenya MPDB - Institution"}, "facility_type": {"name": "Health Centre"}, "plot_number": null, "operation_status": {"name": "Operational"}, "number_of_beds": 25}, {"code": 13248, "location_desc": null, "official_name": "Vision Peoples Inter Health Centre", "owner": {"name": "Other Faith Based"}, "keph_level": {"name": "Level 2"}, "ward": {"code": 1368}, "number_of_cots": 0, "town": {"name": "nairobi"}, "name": "Vision Peoples Inter Health Centre", "created": "2009-10-31T00:00:00+00:00", "regulatory_body": {"name": "Kenya MPDB - Institution"}, "facility_type": {"name": "Health Centre"}, "plot_number": null, "operation_status": {"name": "Operational"}, "number_of_beds": 0}, {"code": 13133, "location_desc": null, "official_name": "Ogwedhi Dispensary (Nairobi North)", "owner": {"name": "Private Enterprise (Institution)"}, "keph_level": {"name": "Level 2"}, "ward": {"code": 1392}, "number_of_cots": 0, "town": {"name": "nairobi"}, "name": "Ogwedhi Dispensary (Nairobi North)", "created": "2009-10-31T00:00:00+00:00", "regulatory_body": {"name": "Kenya MPDB - Institution"}, "facility_type": {"name": "Dispensary"}, "plot_number": null, "operation_status": {"name": "Operational"}, "number_of_beds": 0}, {"code": 11087, "location_desc": null, "official_name": "Tatu Dispensary", "owner": {"name": "Private Enterprise (Institution)"}, "keph_level": {"name": "Level 2"}, "ward": {"code": 461}, "number_of_cots": 0, "name": "Tatu Dispensary", "created": "2009-10-31T00:00:00+00:00", "regulatory_body": {"name": "Kenya MPDB - Institution"}, "facility_type": {"name": "Dispensary"}, "plot_number": null, "operation_status": {"name": "Operational"}, "number_of_beds": 0}, {"code": 13167, "location_desc": null, "official_name": "Round About Medical Dispensary", "owner": {"name": "Private Enterprise (Institution)"}, "keph_level": {"name": "Level 2"}, "ward": {"code": 1391}, "number_of_cots": 0, "town": {"name": "nairobi"}, "name": "Round About Medical Dispensary", "created": "2009-10-31T00:00:00+00:00", "regulatory_body": {"name": "Kenya MPDB - Institution"}, "facility_type": {"name": "Dispensary"}, "plot_number": null, "operation_status": {"name": "Operational"}, "number_of_beds": 0}, {"code": 13114, "location_desc": "Maai Mahiu rd.Off Lang'ata rd. next to Moi educational center", "official_name": "Nairobi West Chidren clinic", "owner": {"name": "Private Enterprise (Institution)"}, "keph_level": {"name": "Level 2"}, "ward": {"code": 1382}, "number_of_cots": 0, "town": {"name": "nairobi west shopping center"}, "name": "Nairobi West Chidren Clinic", "created": "2009-10-31T00:00:00+00:00", "regulatory_body": {"name": "Kenya MPDB - Institution"}, "facility_type": {"name": "Medical Clinic"}, "plot_number": "209/9071/121", "operation_status": {"name": "Operational"}, "number_of_beds": 0}, {"code": 11833, "location_desc": null, "official_name": "Sun n' Sand Medical Clinic", "owner": {"name": "Private Enterprise (Institution)"}, "keph_level": {"name": "Level 2"}, "ward": {"code": 62}, "number_of_cots": 0, "town": {"name": "kikambala"}, "name": "Sun N' Sand Medical Clinic", "created": "2009-10-31T00:00:00+00:00", "regulatory_body": {"name": "Kenya MPDB - Institution"}, "facility_type": {"name": "Dispensary"}, "plot_number": null, "operation_status": {"name": "Operational"}, "number_of_beds": 0}, {"code": 13166, "location_desc": "Gihurai 45 -next to kass mart super market", "official_name": "Ronil Medical Clinic (Githurai)", "owner": {"name": "Private Enterprise (Institution)"}, "keph_level": {"name": "Level 2"}, "ward": {"code": 1391}, "number_of_cots": 0, "town": {"name": "gihurai 45"}, "name": "Ronil Medical Clinic (Githurai)", "created": "2009-10-31T00:00:00+00:00", "regulatory_body": {"name": "Kenya MPDB - Institution"}, "facility_type": {"name": "Dispensary"}, "plot_number": "3543", "operation_status": {"name": "Not-Operational"}, "number_of_beds": 0}, {"code": 13223, "location_desc": null, "official_name": "St Peter Dispensary", "owner": {"name": "Private Enterprise (Institution)"}, "keph_level": {"name": "Level 2"}, "ward": {"code": 1401}, "number_of_cots": 0, "town": {"name": "nairobi"}, "name": "St Peter Dispensary", "created": "2009-10-31T00:00:00+00:00", "regulatory_body": {"name": "Kenya MPDB - Institution"}, "facility_type": {"name": "Dispensary"}, "plot_number": null, "operation_status": {"name": "Operational"}, "number_of_beds": 0}, {"code": 13149, "location_desc": null, "official_name": "Provide Inter Math Dispensary", "owner": {"name": "Private Enterprise (Institution)"}, "keph_level": {"name": "Level 2"}, "ward": {"code": 1405}, "number_of_cots": 0, "town": {"name": "nairobi"}, "name": "Provide Inter Math Dispensary", "created": "2009-10-31T00:00:00+00:00", "regulatory_body": {"name": "Kenya MPDB - Institution"}, "facility_type": {"name": "Dispensary"}, "plot_number": null, "operation_status": {"name": "Operational"}, "number_of_beds": 0}, {"code": 13373, "location_desc": null, "official_name": "Islamic Relief Agency", "owner": {"name": "Private Enterprise (Institution)"}, "keph_level": {"name": "Level 3"}, "ward": {"code": 134}, "number_of_cots": 0, "town": {"name": "garissa"}, "name": "Islamic Relief Agency", "created": "2009-10-31T00:00:00+00:00", "regulatory_body": {"name": "Ministry of Health"}, "facility_type": {"name": "Nursing Home"}, "plot_number": null, "operation_status": {"name": "Operational"}, "number_of_beds": 0}, {"code": 16872, "location_desc": null, "official_name": "Apex Clinic", "owner": {"name": "Private Enterprise (Institution)"}, "keph_level": {"name": "Level 2"}, "ward": {"code": 1175}, "number_of_cots": 0, "town": {"name": "usenge"}, "name": "Apex Clinic", "created": "2010-01-31T00:00:00+00:00", "regulatory_body": {"name": "Kenya MPDB - Institution"}, "facility_type": {"name": "Dispensary"}, "plot_number": null, "operation_status": {"name": "Operational"}, "number_of_beds": 1}], "model": "facilities.Facility", "unique_fields": ["code"]}]