[{"records": [{"code": 15894, "location_desc": null, "official_name": "Hamisi Sub District Hospital", "owner": {"name": "Ministry of Health"}, "keph_level": {"name": "Level 4"}, "ward": {"code": 1064}, "number_of_cots": 4, "town": {"name": "mbale"}, "name": "Hamisi Sub District Hospital", "created": "2009-10-31T00:00:00+00:00", "regulatory_body": {"name": "Ministry of Health"}, "facility_type": {"name": "Sub-District Hospital"}, "plot_number": null, "operation_status": {"name": "Operational"}, "number_of_beds": 16}, {"code": 14432, "location_desc": "Within Eldama Ravine Town", "official_name": "Eldama Ravine  District Hospital", "owner": {"name": "Ministry of Health"}, "keph_level": {"name": "Level 4"}, "ward": {"code": 807}, "number_of_cots": 2, "town": {"name": "eldama ravine"}, "name": "Eldama Ravine District Hospital", "created": "2009-10-31T00:00:00+00:00", "regulatory_body": {"name": "Ministry of Health"}, "facility_type": {"name": "District Hospital"}, "plot_number": null, "operation_status": {"name": "Operational"}, "number_of_beds": 72}, {"code": 14510, "location_desc": "near Gilgil Police station", "official_name": "Gilgil Sub-District Hospital", "owner": {"name": "Ministry of Health"}, "keph_level": {"name": "Level 4"}, "ward": {"code": 844}, "number_of_cots": 7, "town": {"name": "gilgil"}, "name": "Gilgil Sub-District Hospital", "created": "2009-10-31T00:00:00+00:00", "regulatory_body": {"name": "Ministry of Health"}, "facility_type": {"name": "Sub-District Hospital"}, "plot_number": null, "operation_status": {"name": "Operational"}, "number_of_beds": 211}, {"code": 14607, "location_desc": null, "official_name": "Kabarnet District Hospital ", "owner": {"name": "Ministry of Health"}, "keph_level": {"name": "Level 4"}, "ward": {"code": 797}, "number_of_cots": 11, "town": {"name": "kabarnet"}, "name": "Kabarnet District Hospital", "created": "2009-10-31T00:00:00+00:00", "regulatory_body": {"name": "Ministry of Health"}, "facility_type": {"name": "District Hospital"}, "plot_number": null, "operation_status": {"name": "Operational"}, "number_of_beds": 160}, {"code": 14586, "location_desc": null, "official_name": "Iten District Hospital", "owner": {"name": "Ministry of Health"}, "keph_level": {"name": "Level 4"}, "ward": {"code": 743}, "number_of_cots": 0, "town": {"name": "eldoret"}, "name": "Iten District Hospital", "created": "2009-10-31T00:00:00+00:00", "regulatory_body": {"name": "Ministry of Health"}, "facility_type": {"name": "District Hospital"}, "plot_number": null, "operation_status": {"name": "Operational"}, "number_of_beds": 167}, {"code": 15138, "location_desc": null, "official_name": "Marigat Sub District Hospital", "owner": {"name": "Ministry of Health"}, "keph_level": {"name": "Level 4"}, "ward": {"code": 798}, "number_of_cots": 0, "town": {"name": "marigat"}, "name": "Marigat Sub District Hospital", "created": "2009-10-31T00:00:00+00:00", "regulatory_body": {"name": "Ministry of Health"}, "facility_type": {"name": "Sub-District Hospital"}, "plot_number": null, "operation_status": {"name": "Operational"}, "number_of_beds": 13}, {"code": 14609, "location_desc": null, "official_name": "Kabartonjo District Hospital", "owner": {"name": "Ministry of Health"}, "keph_level": {"name": "Level 3"}, "ward": {"code": 789}, "number_of_cots": 0, "town": {"name": "kabartonjo"}, "name": "Kabartonjo District Hospital", "created": "2009-10-31T00:00:00+00:00", "regulatory_body": {"name": "Ministry of Health"}, "facility_type": {"name": "District Hospital"}, "plot_number": null, "operation_status": {"name": "Operational"}, "number_of_beds": 18}, {"code": 15758, "location_desc": " opposite Barngetuny Plaza,Near childrens court", "official_name": "Uasin Gishu District Hospital", "owner": {"name": "Ministry of Health"}, "keph_level": {"name": "Level 4"}, "ward": {"code": 718}, "number_of_cots": 0, "town": {"name": "eldoret"}, "name": "Uasin Gishu District Hospital", "created": "2009-10-31T00:00:00+00:00", "regulatory_body": {"name": "Ministry of Health"}, "facility_type": {"name": "District Hospital"}, "plot_number": null, "operation_status": {"name": "Operational"}, "number_of_beds": 8}, {"code": 15568, "location_desc": null, "official_name": "Sigowet Sub-District Hospital", "owner": {"name": "Ministry of Health"}, "keph_level": {"name": "Level 4"}, "ward": {"code": 962}, "number_of_cots": 3, "town": {"name": "sigowet"}, "name": "Sigowet Sub-District Hospital", "created": "2009-10-31T00:00:00+00:00", "regulatory_body": {"name": "Ministry of Health"}, "facility_type": {"name": "District Hospital"}, "plot_number": null, "operation_status": {"name": "Operational"}, "number_of_beds": 24}, {"code": 14228, "location_desc": "Located at baragoi lesirikan Road, Near DCs Offices", "official_name": "Baragoi Sub-District Hospital ", "owner": {"name": "Ministry of Health"}, "keph_level": {"name": "Level 4"}, "ward": {"code": 666}, "number_of_cots": 1, "town": {"name": "baragoi"}, "name": "Baragoi Sub-District Hospital", "created": "2009-10-31T00:00:00+00:00", "regulatory_body": {"name": "Ministry of Health"}, "facility_type": {"name": "Sub-District Hospital"}, "plot_number": null, "operation_status": {"name": "Operational"}, "number_of_beds": 30}, {"code": 14207, "location_desc": "next to state house", "official_name": "Annex Hospital (Nakuru)", "owner": {"name": "Ministry of Health"}, "keph_level": {"name": "Level 4"}, "ward": {"code": 867}, "number_of_cots": 22, "town": {"name": "nakuru town"}, "name": "Annex Hospital (Nakuru)", "created": "2009-10-31T00:00:00+00:00", "regulatory_body": {"name": "Ministry of Health"}, "facility_type": {"name": "Other Hospital"}, "plot_number": null, "operation_status": {"name": "Operational"}, "number_of_beds": 60}, {"code": 16107, "location_desc": null, "official_name": "Shibwe Sub-District Hospital", "owner": {"name": "Ministry of Health"}, "keph_level": {"name": "Level 4"}, "ward": {"code": 1050}, "number_of_cots": 2, "town": {"name": "malinya mkt"}, "name": "Shibwe Sub-District Hospital", "created": "2009-10-31T00:00:00+00:00", "regulatory_body": {"name": "Ministry of Health"}, "facility_type": {"name": "Sub-District Hospital"}, "plot_number": null, "operation_status": {"name": "Operational"}, "number_of_beds": 15}, {"code": 15739, "location_desc": "Kilgoris Town", "official_name": "Transmara District Hospital", "owner": {"name": "Ministry of Health"}, "keph_level": {"name": "Level 4"}, "ward": {"code": 884}, "number_of_cots": 0, "town": {"name": "kilgoris"}, "name": "Transmara District Hospital", "created": "2009-10-31T00:00:00+00:00", "regulatory_body": {"name": "Ministry of Health"}, "facility_type": {"name": "District Hospital"}, "plot_number": null, "operation_status": {"name": "Operational"}, "number_of_beds": 32}, {"code": 15703, "location_desc": null, "official_name": "Tambach Sub-District Hospital", "owner": {"name": "Ministry of Health"}, "keph_level": {"name": "Level 4"}, "ward": {"code": 744}, "number_of_cots": 1, "town": {"name": "iten"}, "name": "Tambach Sub-District Hospital", "created": "2009-10-31T00:00:00+00:00", "regulatory_body": {"name": "Ministry of Health"}, "facility_type": {"name": "Sub-District Hospital"}, "plot_number": " ", "operation_status": {"name": "Operational"}, "number_of_beds": 60}, {"code": 15788, "location_desc": null, "official_name": "Ziwa Sub-District Hospital", "owner": {"name": "Ministry of Health"}, "keph_level": {"name": "Level 4"}, "ward": {"code": 703}, "number_of_cots": 4, "town": {"name": "eldoret"}, "name": "Ziwa Sub-District Hospital", "created": "2009-10-31T00:00:00+00:00", "regulatory_body": {"name": "Ministry of Health"}, "facility_type": {"name": "Sub-District Hospital"}, "plot_number": null, "operation_status": {"name": "Operational"}, "number_of_beds": 20}, {"code": 15768, "location_desc": null, "official_name": "Wamba Health Centre", "owner": {"name": "Ministry of Health"}, "keph_level": {"name": "Level 3"}, "ward": {"code": 674}, "number_of_cots": 6, "town": {"name": "wamba"}, "name": "Wamba Health Centre", "created": "2009-10-31T00:00:00+00:00", "regulatory_body": {"name": "Ministry of Health"}, "facility_type": {"name": "Health Centre"}, "plot_number": null, "operation_status": {"name": "Operational"}, "number_of_beds": 20}, {"code": 14179, "location_desc": "Kapsabet - Nandi Hills - Chemelil - Kisumu Road.", "official_name": "Nandi Hills District Hospital", "owner": {"name": "Ministry of Health"}, "keph_level": {"name": "Level 4"}, "ward": {"code": 761}, "number_of_cots": 5, "town": {"name": "nandi hills"}, "name": "Nandi Hills District Hospital", "created": "2009-10-31T00:00:00+00:00", "regulatory_body": {"name": "Ministry of Health"}, "facility_type": {"name": "District Hospital"}, "plot_number": null, "operation_status": {"name": "Operational"}, "number_of_beds": 89}, {"code": 15311, "location_desc": "in Narok town opp DC's Office(police station)", "official_name": "Narok District Hospital", "owner": {"name": "Ministry of Health"}, "keph_level": {"name": "Level 4"}, "ward": {"code": 893}, "number_of_cots": 15, "town": {"name": "narok"}, "name": "Narok District Hospital", "created": "2009-10-31T00:00:00+00:00", "regulatory_body": {"name": "Ministry of Health"}, "facility_type": {"name": "District Hospital"}, "plot_number": null, "operation_status": {"name": "Operational"}, "number_of_beds": 155}, {"code": 15996, "location_desc": null, "official_name": "Malava District Hospital", "owner": {"name": "Ministry of Health"}, "keph_level": {"name": "Level 4"}, "ward": {"code": 1003}, "number_of_cots": 8, "town": {"name": "malava"}, "name": "Malava District Hospital", "created": "2009-10-31T00:00:00+00:00", "regulatory_body": {"name": "Ministry of Health"}, "facility_type": {"name": "District Hospital"}, "plot_number": null, "operation_status": {"name": "Operational"}, "number_of_beds": 66}, {"code": 14366, "location_desc": null, "official_name": "Cheptalal Sub-District Hospital", "owner": {"name": "Ministry of Health"}, "keph_level": {"name": "Level 4"}, "ward": {"code": 990}, "number_of_cots": 6, "town": {"name": "kipkoibet"}, "name": "Cheptalal Sub-District Hospital", "created": "2009-10-31T00:00:00+00:00", "regulatory_body": {"name": "Ministry of Health"}, "facility_type": {"name": "Sub-District Hospital"}, "plot_number": null, "operation_status": {"name": "Operational"}, "number_of_beds": 32}, {"code": 14224, "location_desc": "situated at Maili Kumi center along Nakuru - Nyahururu Highway", "official_name": "Bahati District Hospital", "owner": {"name": "Ministry of Health"}, "keph_level": {"name": "Level 4"}, "ward": {"code": 869}, "number_of_cots": 5, "town": {"name": "maili kumi"}, "name": "Bahati District Hospital", "created": "2009-10-31T00:00:00+00:00", "regulatory_body": {"name": "Ministry of Health"}, "facility_type": {"name": "District Hospital"}, "plot_number": null, "operation_status": {"name": "Operational"}, "number_of_beds": 65}, {"code": 14792, "location_desc": "500Metres South of Kaptumo Market", "official_name": "Kaptumo Sub-District Hospital", "owner": {"name": "Ministry of Health"}, "keph_level": {"name": "Level 4"}, "ward": {"code": 760}, "number_of_cots": 0, "town": {"name": "kaptumo market"}, "name": "Kaptumo Sub-District Hospital", "created": "2009-10-31T00:00:00+00:00", "regulatory_body": {"name": "Ministry of Health"}, "facility_type": {"name": "Sub-District Hospital"}, "plot_number": "nandi/masombor/219", "operation_status": {"name": "Operational"}, "number_of_beds": 20}, {"code": 14818, "location_desc": "Situated in Katilu Trading Centre", "official_name": "Katilu District Hospital", "owner": {"name": "Ministry of Health"}, "keph_level": {"name": "Level 4"}, "ward": {"code": 634}, "number_of_cots": 2, "town": {"name": "katilu"}, "name": "Katilu District Hospital", "created": "2009-10-31T00:00:00+00:00", "regulatory_body": {"name": "Ministry of Health"}, "facility_type": {"name": "District Hospital"}, "plot_number": null, "operation_status": {"name": "Operational"}, "number_of_beds": 20}, {"code": 14831, "location_desc": null, "official_name": "Kericho District Hospital", "owner": {"name": "Ministry of Health"}, "keph_level": {"name": "Level 4"}, "ward": {"code": 947}, "number_of_cots": 7, "town": {"name": "kericho"}, "name": "Kericho District Hospital", "created": "2009-10-31T00:00:00+00:00", "regulatory_body": {"name": "Ministry of Health"}, "facility_type": {"name": "District Hospital"}, "plot_number": null, "operation_status": {"name": "Operational"}, "number_of_beds": 250}, {"code": 14699, "location_desc": null, "official_name": "Kapedo Sub-District Hospital", "owner": {"name": "Ministry of Health"}, "keph_level": {"name": "Level 4"}, "ward": {"code": 638}, "number_of_cots": 4, "town": {"name": "kapedo"}, "name": "Kapedo Sub-District Hospital", "created": "2009-10-31T00:00:00+00:00", "regulatory_body": {"name": "Ministry of Health"}, "facility_type": {"name": "Sub-District Hospital"}, "plot_number": null, "operation_status": {"name": "Operational"}, "number_of_beds": 28}, {"code": 14706, "location_desc": null, "official_name": "Kapkatet District Hospital", "owner": {"name": "Ministry of Health"}, "keph_level": {"name": "Level 4"}, "ward": {"code": 956}, "number_of_cots": 17, "town": {"name": "kapkatet"}, "name": "Kapkatet District Hospital", "created": "2009-10-31T00:00:00+00:00", "regulatory_body": {"name": "Ministry of Health"}, "facility_type": {"name": "District Hospital"}, "plot_number": null, "operation_status": {"name": "Operational"}, "number_of_beds": 200}, {"code": 14701, "location_desc": "Kitale Lodwar Road at Kapenguria town near DC \"s office", "official_name": "Kapenguria District Hospital", "owner": {"name": "Ministry of Health"}, "keph_level": {"name": "Level 4"}, "ward": {"code": 642}, "number_of_cots": 10, "town": {"name": "kapenguria"}, "name": "Kapenguria District Hospital", "created": "2009-10-31T00:00:00+00:00", "regulatory_body": {"name": "Ministry of Health"}, "facility_type": {"name": "District Hospital"}, "plot_number": null, "operation_status": {"name": "Operational"}, "number_of_beds": 160}, {"code": 14961, "location_desc": null, "official_name": "Kocholwo Sub-District Hospital", "owner": {"name": "Ministry of Health"}, "keph_level": {"name": "Level 4"}, "ward": {"code": 748}, "number_of_cots": 2, "town": {"name": "eldoret"}, "name": "Kocholwo Sub-District Hospital", "created": "2009-10-31T00:00:00+00:00", "regulatory_body": {"name": "Ministry of Health"}, "facility_type": {"name": "Sub-District Hospital"}, "plot_number": null, "operation_status": {"name": "Operational"}, "number_of_beds": 20}, {"code": 15280, "location_desc": "On Kenyatta Avenue up 200 metres from the main Kinangop stage", "official_name": "Naivasha District  Hospital", "owner": {"name": "Ministry of Health"}, "keph_level": {"name": "Level 4"}, "ward": {"code": 838}, "number_of_cots": 17, "town": {"name": "naivasha town"}, "name": "Naivasha District Hospital", "created": "2009-10-31T00:00:00+00:00", "regulatory_body": {"name": "Ministry of Health"}, "facility_type": {"name": "District Hospital"}, "plot_number": null, "operation_status": {"name": "Operational"}, "number_of_beds": 143}, {"code": 14294, "location_desc": null, "official_name": "Chebiemit District Hospital", "owner": {"name": "Ministry of Health"}, "keph_level": {"name": "Level 3"}, "ward": {"code": 743}, "number_of_cots": 2, "town": {"name": "iten"}, "name": "Chebiemit District Hospital", "created": "2009-10-31T00:00:00+00:00", "regulatory_body": {"name": "Ministry of Health"}, "facility_type": {"name": "District Hospital"}, "plot_number": null, "operation_status": {"name": "Operational"}, "number_of_beds": 20}, {"code": 15068, "location_desc": "Off Lolgorian-Migori Road", "official_name": "Lolgorian Sub District Hosp", "owner": {"name": "Ministry of Health"}, "keph_level": {"name": "Level 4"}, "ward": {"code": 886}, "number_of_cots": 7, "town": {"name": "lolgorian"}, "name": "Lolgorian Sub District Hosp", "created": "2009-10-31T00:00:00+00:00", "regulatory_body": {"name": "Ministry of Health"}, "facility_type": {"name": "Sub-District Hospital"}, "plot_number": null, "operation_status": {"name": "Operational"}, "number_of_beds": 18}, {"code": 15305, "location_desc": "Along the Laikipia Airbase Road", "official_name": "Nanyuki District Hospital", "owner": {"name": "Ministry of Health"}, "keph_level": {"name": "Level 4"}, "ward": {"code": 820}, "number_of_cots": 11, "town": {"name": "nanyuki"}, "name": "Nanyuki District Hospital", "created": "2009-10-31T00:00:00+00:00", "regulatory_body": {"name": "Ministry of Health"}, "facility_type": {"name": "District Hospital"}, "plot_number": null, "operation_status": {"name": "Operational"}, "number_of_beds": 129}, {"code": 15074, "location_desc": "Next to Londiani Town", "official_name": "Londiani District Hospital", "owner": {"name": "Ministry of Health"}, "keph_level": {"name": "Level 4"}, "ward": {"code": 937}, "number_of_cots": 1, "town": {"name": "londiani"}, "name": "Londiani District Hospital", "created": "2009-10-31T00:00:00+00:00", "regulatory_body": {"name": "Ministry of Health"}, "facility_type": {"name": "District Hospital"}, "plot_number": null, "operation_status": {"name": "Operational"}, "number_of_beds": 50}, {"code": 14947, "location_desc": null, "official_name": "Kitale District Hospital", "owner": {"name": "Ministry of Health"}, "keph_level": {"name": "Level 4"}, "ward": {"code": 691}, "number_of_cots": 12, "town": {"name": "kitale"}, "name": "Kitale District Hospital", "created": "2009-10-31T00:00:00+00:00", "regulatory_body": {"name": "Ministry of Health"}, "facility_type": {"name": "District Hospital"}, "plot_number": " ", "operation_status": {"name": "Operational"}, "number_of_beds": 250}, {"code": 11641, "location_desc": "Along Hospital Road, near voi prison", "official_name": "Moi District Hospital Voi", "owner": {"name": "Ministry of Health"}, "keph_level": {"name": "Level 4"}, "ward": {"code": 125}, "number_of_cots": 0, "town": {"name": "voi"}, "name": "Moi District Hospital Voi", "created": "2009-10-31T00:00:00+00:00", "regulatory_body": {"name": "Ministry of Health"}, "facility_type": {"name": "District Hospital"}, "plot_number": null, "operation_status": {"name": "Operational"}, "number_of_beds": 112}, {"code": 11695, "location_desc": null, "official_name": "Mwatate Sub-District Hospital", "owner": {"name": "Ministry of Health"}, "keph_level": {"name": "Level 4"}, "ward": {"code": 123}, "number_of_cots": 2, "town": {"name": "mwachabo"}, "name": "Mwatate Sub-District Hospital", "created": "2009-10-31T00:00:00+00:00", "regulatory_body": {"name": "Ministry of Health"}, "facility_type": {"name": "Sub-District Hospital"}, "plot_number": null, "operation_status": {"name": "Operational"}, "number_of_beds": 17}, {"code": 12445, "location_desc": null, "official_name": "Magutuni District Hospital", "owner": {"name": "Ministry of Health"}, "keph_level": {"name": "Level 4"}, "ward": {"code": 298}, "number_of_cots": 2, "town": {"name": "chogoria"}, "name": "Magutuni District Hospital", "created": "2009-10-31T00:00:00+00:00", "regulatory_body": {"name": "Ministry of Health"}, "facility_type": {"name": "District Hospital"}, "plot_number": " ", "operation_status": {"name": "Operational"}, "number_of_beds": 30}, {"code": 11840, "location_desc": "Taveta district Hospital is situated immediately after the DCs' office on your way to the Town", "official_name": "Taveta  District Hospital", "owner": {"name": "Ministry of Health"}, "keph_level": {"name": "Level 4"}, "ward": {"code": 114}, "number_of_cots": 8, "town": {"name": "taveta"}, "name": "Taveta District Hospital", "created": "2009-10-31T00:00:00+00:00", "regulatory_body": {"name": "Ministry of Health"}, "facility_type": {"name": "District Hospital"}, "plot_number": null, "operation_status": {"name": "Operational"}, "number_of_beds": 100}, {"code": 11411, "location_desc": null, "official_name": "Hola District Hospital", "owner": {"name": "Ministry of Health"}, "keph_level": {"name": "Level 4"}, "ward": {"code": 94}, "number_of_cots": 0, "town": {"name": "laza"}, "name": "Hola District Hospital", "created": "2009-10-31T00:00:00+00:00", "regulatory_body": {"name": "Ministry of Health"}, "facility_type": {"name": "District Hospital"}, "plot_number": null, "operation_status": {"name": "Operational"}, "number_of_beds": 132}, {"code": 10591, "location_desc": null, "official_name": "Kihara Sub-District Hospital", "owner": {"name": "Ministry of Health"}, "keph_level": {"name": "Level 4"}, "ward": {"code": 590}, "number_of_cots": 0, "town": {"name": "nairobi"}, "name": "Kihara Sub-District Hospital", "created": "2009-10-31T00:00:00+00:00", "regulatory_body": {"name": "Ministry of Health"}, "facility_type": {"name": "Sub-District Hospital"}, "plot_number": null, "operation_status": {"name": "Operational"}, "number_of_beds": 84}, {"code": 10199, "location_desc": "At gaichanjiru market.", "official_name": "Gaichanjiru Hospital", "owner": {"name": "Kenya Episcopal Conference-Catholic Secretariat"}, "keph_level": {"name": "Level 4"}, "ward": {"code": 542}, "number_of_cots": 0, "town": {"name": "gaichanjiru"}, "name": "Gaichanjiru Hospital", "created": "2009-10-31T00:00:00+00:00", "regulatory_body": {"name": "Ministry of Health"}, "facility_type": {"name": "Other Hospital"}, "plot_number": null, "operation_status": {"name": "Operational"}, "number_of_beds": 147}, {"code": 14511, "location_desc": "way to Gilgil-Nyahururu road few KM from Gilgil Town", "official_name": "Gilgil Military Regional Hospital", "owner": {"name": "Armed Forces"}, "keph_level": {"name": "Level 4"}, "ward": {"code": 844}, "number_of_cots": 0, "town": {"name": "gilgil"}, "name": "Gilgil Military Regional Hospital", "created": "2009-10-31T00:00:00+00:00", "regulatory_body": {"name": "Other"}, "facility_type": {"name": "Other Hospital"}, "plot_number": null, "operation_status": {"name": "Operational"}, "number_of_beds": 0}, {"code": 10539, "location_desc": null, "official_name": "Kiambu District Hospital", "owner": {"name": "Ministry of Health"}, "keph_level": {"name": "Level 4"}, "ward": {"code": 585}, "number_of_cots": 33, "town": {"name": "kiambu"}, "name": "Kiambu District Hospital", "created": "2009-10-31T00:00:00+00:00", "regulatory_body": {"name": "Ministry of Health"}, "facility_type": {"name": "District Hospital"}, "plot_number": null, "operation_status": {"name": "Operational"}, "number_of_beds": 289}, {"code": 10686, "location_desc": "Is situated  almost 1km from Maragua town.", "official_name": "Maragua District Hospital", "owner": {"name": "Ministry of Health"}, "keph_level": {"name": "Level 4"}, "ward": {"code": 537}, "number_of_cots": 1, "town": {"name": "maragua"}, "name": "Maragua District Hospital", "created": "2009-10-31T00:00:00+00:00", "regulatory_body": {"name": "Ministry of Health"}, "facility_type": {"name": "District Hospital"}, "plot_number": null, "operation_status": {"name": "Operational"}, "number_of_beds": 82}, {"code": 11906, "location_desc": "7km from Wundanyi Health office", "official_name": "Wesu District Hospital", "owner": {"name": "Ministry of Health"}, "keph_level": {"name": "Level 4"}, "ward": {"code": 116}, "number_of_cots": 0, "town": {"name": "wesu mkt"}, "name": "Wesu District Hospital", "created": "2009-10-31T00:00:00+00:00", "regulatory_body": {"name": "Ministry of Health"}, "facility_type": {"name": "District Hospital"}, "plot_number": null, "operation_status": {"name": "Operational"}, "number_of_beds": 60}, {"code": 12077, "location_desc": null, "official_name": "Ikanga Sub-District Hospital", "owner": {"name": "Ministry of Health"}, "keph_level": {"name": "Level 4"}, "ward": {"code": 357}, "number_of_cots": 0, "town": {"name": "ikanga"}, "name": "Ikanga Sub-District Hospital", "created": "2009-10-31T00:00:00+00:00", "regulatory_body": {"name": "Ministry of Health"}, "facility_type": {"name": "Sub-District Hospital"}, "plot_number": null, "operation_status": {"name": "Operational"}, "number_of_beds": 14}, {"code": 15643, "location_desc": null, "official_name": "St John Cottage Health Centre", "owner": {"name": "Kenya Episcopal Conference-Catholic Secretariat"}, "keph_level": {"name": "Level 2"}, "ward": {"code": 867}, "number_of_cots": 2, "town": {"name": "maili kumi"}, "name": "St John Cottage Health Centre", "created": "2009-10-31T00:00:00+00:00", "regulatory_body": {"name": "Kenya MPDB - Institution"}, "facility_type": {"name": "Health Centre"}, "plot_number": null, "operation_status": {"name": "Operational"}, "number_of_beds": 8}, {"code": 15622, "location_desc": "Within catholic mission compoud", "official_name": "South Horr Catholic  Health Centre", "owner": {"name": "Kenya Episcopal Conference-Catholic Secretariat"}, "keph_level": {"name": "Level 3"}, "ward": {"code": 666}, "number_of_cots": 2, "town": {"name": "south horr market"}, "name": "South Horr Catholic Health Centre", "created": "2009-10-31T00:00:00+00:00", "regulatory_body": {"name": "Kenya MPDB - Institution"}, "facility_type": {"name": "Health Centre"}, "plot_number": null, "operation_status": {"name": "Operational"}, "number_of_beds": 4}, {"code": 14572, "location_desc": null, "official_name": "Ime (AIC) Health Centre", "owner": {"name": "Christian Health Association of Kenya"}, "keph_level": {"name": "Level 2"}, "ward": {"code": 859}, "number_of_cots": 0, "town": {"name": "maili kumi"}, "name": "Ime (AIC) Health Centre", "created": "2009-10-31T00:00:00+00:00", "regulatory_body": {"name": "Kenya MPDB - Institution"}, "facility_type": {"name": "Health Centre"}, "plot_number": null, "operation_status": {"name": "Operational"}, "number_of_beds": 0}, {"code": 15778, "location_desc": null, "official_name": "Wesley Health Centre", "owner": {"name": "Other Faith Based"}, "keph_level": {"name": "Level 3"}, "ward": {"code": 868}, "number_of_cots": 0, "town": {"name": "dundori"}, "name": "Wesley Health Centre", "created": "2009-10-31T00:00:00+00:00", "regulatory_body": {"name": "Kenya MPDB - Institution"}, "facility_type": {"name": "Health Centre"}, "plot_number": null, "operation_status": {"name": "Operational"}, "number_of_beds": 0}, {"code": 15640, "location_desc": null, "official_name": "St Francis Tinga Health Centre(Kipkelion)", "owner": {"name": "Kenya Episcopal Conference-Catholic Secretariat"}, "keph_level": {"name": "Level 3"}, "ward": {"code": 941}, "number_of_cots": 0, "town": {"name": "kipkelion"}, "name": "St Francis Tinga Health Centre (Kipkelion)", "created": "2009-10-31T00:00:00+00:00", "regulatory_body": {"name": "Kenya MPDB - Institution"}, "facility_type": {"name": "Health Centre"}, "plot_number": null, "operation_status": {"name": "Operational"}, "number_of_beds": 30}, {"code": 15290, "location_desc": "Total round aboaut Nakuru town", "official_name": "Nakuru West (PCEA) Health Centre", "owner": {"name": "Christian Health Association of Kenya"}, "keph_level": {"name": "Level 3"}, "ward": {"code": 860}, "number_of_cots": 1, "town": {"name": "nakuru town"}, "name": "Nakuru West (PCEA) Health Centre", "created": "2009-10-31T00:00:00+00:00", "regulatory_body": {"name": "Kenya MPDB - Institution"}, "facility_type": {"name": "Health Centre"}, "plot_number": null, "operation_status": {"name": "Operational"}, "number_of_beds": 7}, {"code": 15722, "location_desc": null, "official_name": "Thessalia Health Centre", "owner": {"name": "Other Faith Based"}, "keph_level": {"name": "Level 3"}, "ward": {"code": 965}, "number_of_cots": 0, "town": {"name": "kipsitet"}, "name": "Thessalia Health Centre", "created": "2009-10-31T00:00:00+00:00", "regulatory_body": {"name": "Kenya MPDB - Institution"}, "facility_type": {"name": "Health Centre"}, "plot_number": null, "operation_status": {"name": "Operational"}, "number_of_beds": 6}, {"code": 15839, "location_desc": null, "official_name": "Buyangu Health Centre", "owner": {"name": "Other Faith Based"}, "keph_level": {"name": "Level 3"}, "ward": {"code": 1067}, "number_of_cots": 0, "name": "Buyangu Health Centre", "created": "2009-10-31T00:00:00+00:00", "regulatory_body": {"name": "Kenya MPDB - Institution"}, "facility_type": {"name": "Health Centre"}, "plot_number": null, "operation_status": {"name": "Operational"}, "number_of_beds": 19}, {"code": 15626, "location_desc": null, "official_name": "St Anthony Lemek Dispensary", "owner": {"name": "Kenya Episcopal Conference-Catholic Secretariat"}, "keph_level": {"name": "Level 2"}, "ward": {"code": 909}, "number_of_cots": 0, "town": {"name": "lemek market"}, "name": "St Anthony Lemek Dispensary", "created": "2009-10-31T00:00:00+00:00", "regulatory_body": {"name": "Kenya MPDB - Institution"}, "facility_type": {"name": "Dispensary"}, "plot_number": null, "operation_status": {"name": "Operational"}, "number_of_beds": 12}, {"code": 15639, "location_desc": null, "official_name": "St Francis Health Centre (Nakuru Central)", "owner": {"name": "Other Faith Based"}, "keph_level": {"name": "Level 2"}, "ward": {"code": 858}, "number_of_cots": 7, "town": {"name": "subukia"}, "name": "St Francis Health Centre (Nakuru Central)", "created": "2009-10-31T00:00:00+00:00", "regulatory_body": {"name": "Kenya MPDB - Institution"}, "facility_type": {"name": "Health Centre"}, "plot_number": null, "operation_status": {"name": "Operational"}, "number_of_beds": 15}, {"code": 15628, "location_desc": null, "official_name": "St Antony Health Centre", "owner": {"name": "Kenya Episcopal Conference-Catholic Secretariat"}, "keph_level": {"name": "Level 3"}, "ward": {"code": 868}, "number_of_cots": 4, "town": {"name": "maili sita"}, "name": "St Antony Health Centre", "created": "2009-10-31T00:00:00+00:00", "regulatory_body": {"name": "Kenya MPDB - Institution"}, "facility_type": {"name": "Health Centre"}, "plot_number": null, "operation_status": {"name": "Operational"}, "number_of_beds": 12}, {"code": 15627, "location_desc": "Off Abossi Market along Kilgoris - Ndanai Road", "official_name": "St. Antony's  Abossi Health Centre", "owner": {"name": "Kenya Episcopal Conference-Catholic Secretariat"}, "keph_level": {"name": "Level 3"}, "ward": {"code": 888}, "number_of_cots": 15, "town": {"name": "abossi market"}, "name": "St Antony's Abossi Health Centre", "created": "2009-10-31T00:00:00+00:00", "regulatory_body": {"name": "Kenya MPDB - Institution"}, "facility_type": {"name": "Health Centre"}, "plot_number": null, "operation_status": {"name": "Operational"}, "number_of_beds": 32}, {"code": 11366, "location_desc": null, "official_name": "St Raphael  Health Centre", "owner": {"name": "Other Faith Based"}, "keph_level": {"name": "Level 3"}, "ward": {"code": 94}, "number_of_cots": 0, "town": {"name": "mikinduni"}, "name": "St Raphael Health Centre", "created": "2009-10-31T00:00:00+00:00", "regulatory_body": {"name": "Kenya MPDB - Institution"}, "facility_type": {"name": "Health Centre"}, "plot_number": null, "operation_status": {"name": "Operational"}, "number_of_beds": 0}, {"code": 15632, "location_desc": null, "official_name": "St Brigitas Health Centre", "owner": {"name": "Other Faith Based"}, "keph_level": {"name": "Level 3"}, "ward": {"code": 726}, "number_of_cots": 0, "town": {"name": "eldoret"}, "name": "St Brigitas Health Centre", "created": "2009-10-31T00:00:00+00:00", "regulatory_body": {"name": "Kenya MPDB - Institution"}, "facility_type": {"name": "Health Centre"}, "plot_number": null, "operation_status": {"name": "Operational"}, "number_of_beds": 0}, {"code": 15655, "location_desc": "Near Kapsoya Secondary", "official_name": "St Mary's Kapsoya Dispensary", "owner": {"name": "Other Faith Based"}, "keph_level": {"name": "Level 2"}, "ward": {"code": 719}, "number_of_cots": 0, "town": {"name": "eldoret"}, "name": "St Mary's Kapsoya Dispensary", "created": "2009-10-31T00:00:00+00:00", "regulatory_body": {"name": "Kenya MPDB - Institution"}, "facility_type": {"name": "Dispensary"}, "plot_number": null, "operation_status": {"name": "Operational"}, "number_of_beds": 0}, {"code": 14456, "location_desc": null, "official_name": "Endo Health Centre", "owner": {"name": "Kenya Episcopal Conference-Catholic Secretariat"}, "keph_level": {"name": "Level 3"}, "ward": {"code": 733}, "number_of_cots": 0, "town": {"name": "kapsowar"}, "name": "Endo Health Centre", "created": "2009-10-31T00:00:00+00:00", "regulatory_body": {"name": "Kenya MPDB - Institution"}, "facility_type": {"name": "Health Centre"}, "plot_number": null, "operation_status": {"name": "Operational"}, "number_of_beds": 40}, {"code": 14385, "location_desc": null, "official_name": "Chesoi Health Centre", "owner": {"name": "Kenya Episcopal Conference-Catholic Secretariat"}, "keph_level": {"name": "Level 3"}, "ward": {"code": 732}, "number_of_cots": 0, "town": {"name": "kapsowar"}, "name": "Chesoi Health Centre", "created": "2009-10-31T00:00:00+00:00", "regulatory_body": {"name": "Kenya MPDB - Institution"}, "facility_type": {"name": "Health Centre"}, "plot_number": null, "operation_status": {"name": "Operational"}, "number_of_beds": 25}, {"code": 14476, "location_desc": null, "official_name": "Ereto Health Centre", "owner": {"name": "Non-Governmental Organizations"}, "keph_level": {"name": "Level 3"}, "ward": {"code": 899}, "number_of_cots": 0, "town": {"name": "narok"}, "name": "Ereto Health Centre", "created": "2009-10-31T00:00:00+00:00", "regulatory_body": {"name": "Other"}, "facility_type": {"name": "Health Centre"}, "plot_number": null, "operation_status": {"name": "Operational"}, "number_of_beds": 12}, {"code": 15089, "location_desc": "Lorugum Township, 52 kms from Lodwar Town along Lodwar - Uganda Road", "official_name": "St Elizabeth Lorugum Health Centre", "owner": {"name": "Kenya Episcopal Conference-Catholic Secretariat"}, "keph_level": {"name": "Level 3"}, "ward": {"code": 630}, "number_of_cots": 1, "town": {"name": "lorugum"}, "name": "St Elizabeth Lorugum Health Centre", "created": "2009-10-31T00:00:00+00:00", "regulatory_body": {"name": "Ministry of Health"}, "facility_type": {"name": "Health Centre"}, "plot_number": null, "operation_status": {"name": "Operational"}, "number_of_beds": 16}, {"code": 14553, "location_desc": null, "official_name": "Huruma Health Centre (Laikipia East)", "owner": {"name": "Kenya Episcopal Conference-Catholic Secretariat"}, "keph_level": {"name": "Level 3"}, "ward": {"code": 820}, "number_of_cots": 2, "town": {"name": "nanyuki"}, "name": "Huruma Health Centre (Laikipia East)", "created": "2009-10-31T00:00:00+00:00", "regulatory_body": {"name": "Kenya MPDB - Institution"}, "facility_type": {"name": "Health Centre"}, "plot_number": null, "operation_status": {"name": "Operational"}, "number_of_beds": 58}, {"code": 14398, "location_desc": "Nairobi Nakuru road next st Mary's pastral centre", "official_name": "Crater Medical Centre", "owner": {"name": "Private Practice - Medical Specialist"}, "keph_level": {"name": "Level 3"}, "ward": {"code": 876}, "number_of_cots": 17, "town": {"name": "nakuru town"}, "name": "Crater Medical Centre", "created": "2009-10-31T00:00:00+00:00", "regulatory_body": {"name": "Kenya MPDB - Institution"}, "facility_type": {"name": "Nursing Home"}, "plot_number": null, "operation_status": {"name": "Operational"}, "number_of_beds": 25}, {"code": 14216, "location_desc": null, "official_name": "Arror Health Centre", "owner": {"name": "Kenya Episcopal Conference-Catholic Secretariat"}, "keph_level": {"name": "Level 3"}, "ward": {"code": 740}, "number_of_cots": 0, "town": {"name": "kapsowar"}, "name": "Arror Health Centre", "created": "2009-10-31T00:00:00+00:00", "regulatory_body": {"name": "Kenya MPDB - Institution"}, "facility_type": {"name": "Health Centre"}, "plot_number": null, "operation_status": {"name": "Operational"}, "number_of_beds": 34}, {"code": 15232, "location_desc": "Kaptembwa", "official_name": "Mother Kevin Dispensary", "owner": {"name": "Kenya Episcopal Conference-Catholic Secretariat"}, "keph_level": {"name": "Level 3"}, "ward": {"code": 860}, "number_of_cots": 1, "town": {"name": "nakuru town"}, "name": "Mother Kevin Dispensary (Catholic)", "created": "2009-10-31T00:00:00+00:00", "regulatory_body": {"name": "Kenya MPDB - Institution"}, "facility_type": {"name": "Health Centre"}, "plot_number": null, "operation_status": {"name": "Operational"}, "number_of_beds": 17}, {"code": 15832, "location_desc": null, "official_name": "Bushiangala Health Centre", "owner": {"name": "Other Faith Based"}, "keph_level": {"name": "Level 3"}, "ward": {"code": 1050}, "number_of_cots": 5, "town": {"name": "isulu mkt"}, "name": "Bushiangala Health Centre", "created": "2009-10-31T00:00:00+00:00", "regulatory_body": {"name": "Kenya MPDB - Institution"}, "facility_type": {"name": "Health Centre"}, "plot_number": null, "operation_status": {"name": "Operational"}, "number_of_beds": 14}, {"code": 15881, "location_desc": null, "official_name": "Eregi Mission Health Centre", "owner": {"name": "Other Faith Based"}, "keph_level": {"name": "Level 3"}, "ward": {"code": 1047}, "number_of_cots": 0, "town": {"name": "chavakali mkt"}, "name": "Eregi Mission Health Centre", "created": "2009-10-31T00:00:00+00:00", "regulatory_body": {"name": "Kenya MPDB - Institution"}, "facility_type": {"name": "Health Centre"}, "plot_number": null, "operation_status": {"name": "Operational"}, "number_of_beds": 18}, {"code": 15941, "location_desc": null, "official_name": "Kibabii Health Centre", "owner": {"name": "Kenya Episcopal Conference-Catholic Secretariat"}, "keph_level": {"name": "Level 3"}, "ward": {"code": 1102}, "number_of_cots": 2, "town": {"name": "bungoma"}, "name": "Kibabii Health Centre", "created": "2009-10-31T00:00:00+00:00", "regulatory_body": {"name": "Kenya MPDB - Institution"}, "facility_type": {"name": "Health Centre"}, "plot_number": null, "operation_status": {"name": "Operational"}, "number_of_beds": 28}, {"code": 14386, "location_desc": "Biretwo -Tot road", "official_name": "Chesongoch Health Centre", "owner": {"name": "Kenya Episcopal Conference-Catholic Secretariat"}, "keph_level": {"name": "Level 4"}, "ward": {"code": 733}, "number_of_cots": 7, "town": {"name": "kapsowar"}, "name": "Chesongoch Health Centre", "created": "2009-10-31T00:00:00+00:00", "regulatory_body": {"name": "Kenya MPDB - Institution"}, "facility_type": {"name": "Other Hospital"}, "plot_number": null, "operation_status": {"name": "Operational"}, "number_of_beds": 43}, {"code": 15029, "location_desc": "Lesirikan Town on the East side of Baragoi Town on the lee ward side of Ndoto mountains.", "official_name": "Lesirikan Health Centre", "owner": {"name": "Non-Governmental Organizations"}, "keph_level": {"name": "Level 3"}, "ward": {"code": 668}, "number_of_cots": 3, "town": {"name": "lesirikan"}, "name": "Lesirikan Health Centre", "created": "2009-10-31T00:00:00+00:00", "regulatory_body": {"name": "Kenya MPDB - Institution"}, "facility_type": {"name": "Health Centre"}, "plot_number": null, "operation_status": {"name": "Operational"}, "number_of_beds": 14}, {"code": 16145, "location_desc": null, "official_name": "St Pius Musoli Health Centre", "owner": {"name": "Other Faith Based"}, "keph_level": {"name": "Level 3"}, "ward": {"code": 1050}, "number_of_cots": 5, "town": {"name": "musoli mkt"}, "name": "St Pius Musoli Health Centre", "created": "2009-10-31T00:00:00+00:00", "regulatory_body": {"name": "Kenya MPDB - Institution"}, "facility_type": {"name": "Health Centre"}, "plot_number": null, "operation_status": {"name": "Operational"}, "number_of_beds": 19}, {"code": 15319, "location_desc": null, "official_name": "Ndalat (PCEA) Health Centre", "owner": {"name": "Christian Health Association of Kenya"}, "keph_level": {"name": "Level 2"}, "ward": {"code": 778}, "number_of_cots": 2, "town": {"name": "eldoret"}, "name": "Ndalat (PCEA) Health Centre", "created": "2009-10-31T00:00:00+00:00", "regulatory_body": {"name": "Kenya MPDB - Institution"}, "facility_type": {"name": "Health Centre"}, "plot_number": null, "operation_status": {"name": "Operational"}, "number_of_beds": 12}, {"code": 15353, "location_desc": null, "official_name": "Ngubereti  Health Centre", "owner": {"name": "Ministry of Health"}, "keph_level": {"name": "Level 3"}, "ward": {"code": 805}, "number_of_cots": 1, "town": {"name": "mogotio"}, "name": "Ngubereti Health Centre", "created": "2009-10-31T00:00:00+00:00", "regulatory_body": {"name": "Ministry of Health"}, "facility_type": {"name": "Health Centre"}, "plot_number": null, "operation_status": {"name": "Operational"}, "number_of_beds": 14}, {"code": 10332, "location_desc": "Few kilometres from Maragua town near ichagaki  boys secondary school.", "official_name": "Ichagaki (Mission) Health Centre", "owner": {"name": "Kenya Episcopal Conference-Catholic Secretariat"}, "keph_level": {"name": "Level 3"}, "ward": {"code": 537}, "number_of_cots": 0, "town": {"name": "ichagaki"}, "name": "Ichagaki (Mission) Health Centre", "created": "2009-10-31T00:00:00+00:00", "regulatory_body": {"name": "Kenya MPDB - Institution"}, "facility_type": {"name": "Health Centre"}, "plot_number": null, "operation_status": {"name": "Operational"}, "number_of_beds": 0}, {"code": 16350, "location_desc": null, "official_name": "Ainabkoi (RCEA) Health Centre", "owner": {"name": "Ministry of Health"}, "keph_level": {"name": "Level 2"}, "ward": {"code": 721}, "number_of_cots": 0, "town": {"name": "eldoret"}, "name": "Ainabkoi (RCEA) Health Centre", "created": "2009-10-31T00:00:00+00:00", "regulatory_body": {"name": "Kenya MPDB - Institution"}, "facility_type": {"name": "Health Centre"}, "plot_number": null, "operation_status": {"name": "Operational"}, "number_of_beds": 2}, {"code": 10454, "location_desc": null, "official_name": "Kamung'ang'a (ACK) Dispensary", "owner": {"name": "Christian Health Association of Kenya"}, "keph_level": {"name": "Level 3"}, "ward": {"code": 532}, "number_of_cots": 0, "town": {"name": "gachocho"}, "name": "Kamung'ang'a (ACK) Dispensary", "created": "2009-10-31T00:00:00+00:00", "regulatory_body": {"name": "Kenya MPDB - Institution"}, "facility_type": {"name": "Health Centre"}, "plot_number": null, "operation_status": {"name": "Operational"}, "number_of_beds": 16}, {"code": 16720, "location_desc": null, "official_name": "Kimng'oror (ACK) Health Centre", "owner": {"name": "Christian Health Association of Kenya"}, "keph_level": {"name": "Level 2"}, "ward": {"code": 776}, "number_of_cots": 0, "town": {"name": "kapsabet"}, "name": "Kimng'oror (ACK) Health Centre", "created": "2009-10-31T00:00:00+00:00", "regulatory_body": {"name": "Kenya MPDB - Institution"}, "facility_type": {"name": "Health Centre"}, "plot_number": null, "operation_status": {"name": "Operational"}, "number_of_beds": 10}, {"code": 15292, "location_desc": null, "official_name": "Nakwamoru Health Centre", "owner": {"name": "Kenya Episcopal Conference-Catholic Secretariat"}, "keph_level": {"name": "Level 2"}, "ward": {"code": 633}, "number_of_cots": 4, "town": {"name": "kalemungorok"}, "name": "Nakwamoru Health Centre", "created": "2009-10-31T00:00:00+00:00", "regulatory_body": {"name": "Kenya MPDB - Institution"}, "facility_type": {"name": "Health Centre"}, "plot_number": null, "operation_status": {"name": "Operational"}, "number_of_beds": 40}, {"code": 14822, "location_desc": null, "official_name": "Kebeneti (SDA) Health Centre", "owner": {"name": "Christian Health Association of Kenya"}, "keph_level": {"name": "Level 3"}, "ward": {"code": 962}, "number_of_cots": 2, "town": {"name": "sigowet"}, "name": "Kebeneti (SDA) Health Centre", "created": "2009-10-31T00:00:00+00:00", "regulatory_body": {"name": "Kenya MPDB - Institution"}, "facility_type": {"name": "Health Centre"}, "plot_number": null, "operation_status": {"name": "Operational"}, "number_of_beds": 4}, {"code": 14549, "location_desc": "Near Gilgil hospital", "official_name": "Holy Spirit Health Centre", "owner": {"name": "Kenya Episcopal Conference-Catholic Secretariat"}, "keph_level": {"name": "Level 3"}, "ward": {"code": 844}, "number_of_cots": 1, "town": {"name": "gilgil"}, "name": "Holy Spirit Health Centre", "created": "2009-10-31T00:00:00+00:00", "regulatory_body": {"name": "Kenya MPDB - Institution"}, "facility_type": {"name": "Health Centre"}, "plot_number": null, "operation_status": {"name": "Operational"}, "number_of_beds": 15}, {"code": 14642, "location_desc": null, "official_name": "Kaigat (SDA) Health Centre", "owner": {"name": "Christian Health Association of Kenya"}, "keph_level": {"name": "Level 2"}, "ward": {"code": 778}, "number_of_cots": 0, "town": {"name": "eldoret"}, "name": "Kaigat (SDA) Health Centre", "created": "2009-10-31T00:00:00+00:00", "regulatory_body": {"name": "Kenya MPDB - Institution"}, "facility_type": {"name": "Health Centre"}, "plot_number": null, "operation_status": {"name": "Operational"}, "number_of_beds": 8}, {"code": 15935, "location_desc": "Along Bungoma-Buyofu Road, near Khasoko special;High and Primary Schools.", "official_name": "Khasoko Health Centre", "owner": {"name": "Christian Health Association of Kenya"}, "keph_level": {"name": "Level 3"}, "ward": {"code": 1091}, "number_of_cots": 4, "town": {"name": "buyofu"}, "name": "Khasoko Health Centre", "created": "2009-10-31T00:00:00+00:00", "regulatory_body": {"name": "Kenya MPDB - Institution"}, "facility_type": {"name": "Health Centre"}, "plot_number": "w.bukusu/ khasoko/60", "operation_status": {"name": "Operational"}, "number_of_beds": 16}, {"code": 14721, "location_desc": null, "official_name": "Kapkoi Health Centre", "owner": {"name": "Other Faith Based"}, "keph_level": {"name": "Level 3"}, "ward": {"code": 745}, "number_of_cots": 2, "town": {"name": "iten"}, "name": "Kapkoi Health Centre", "created": "2009-10-31T00:00:00+00:00", "regulatory_body": {"name": "Kenya MPDB - Institution"}, "facility_type": {"name": "Health Centre"}, "plot_number": null, "operation_status": {"name": "Operational"}, "number_of_beds": 22}, {"code": 14624, "location_desc": null, "official_name": "Kabobo Health Centre", "owner": {"name": "Ministry of Health"}, "keph_level": {"name": "Level 3"}, "ward": {"code": 706}, "number_of_cots": 0, "town": {"name": "eldoret"}, "name": "Kabobo Health Centre", "created": "2009-10-31T00:00:00+00:00", "regulatory_body": {"name": "Kenya MPDB - Institution"}, "facility_type": {"name": "Health Centre"}, "plot_number": null, "operation_status": {"name": "Operational"}, "number_of_beds": 37}, {"code": 15623, "location_desc": null, "official_name": "Soy Health Centre", "owner": {"name": "Ministry of Health"}, "keph_level": {"name": "Level 3"}, "ward": {"code": 711}, "number_of_cots": 0, "town": {"name": "eldoret"}, "name": "Soy Health Centre", "created": "2009-10-31T00:00:00+00:00", "regulatory_body": {"name": "Kenya MPDB - Institution"}, "facility_type": {"name": "Health Centre"}, "plot_number": null, "operation_status": {"name": "Operational"}, "number_of_beds": 18}, {"code": 12774, "location_desc": null, "official_name": "St Theresa Thatha Mission Dispensary", "owner": {"name": "Kenya Episcopal Conference-Catholic Secretariat"}, "keph_level": {"name": "Level 2"}, "ward": {"code": 376}, "number_of_cots": 2, "town": {"name": "kithyoko"}, "name": "St Theresa Thatha Mission Dispensary", "created": "2009-10-31T00:00:00+00:00", "regulatory_body": {"name": "Kenya MPDB - Institution"}, "facility_type": {"name": "Dispensary"}, "plot_number": null, "operation_status": {"name": "Operational"}, "number_of_beds": 2}, {"code": 15057, "location_desc": "Next to DC's Residence", "official_name": "Lokichar (RCEA) Health Centre", "owner": {"name": "Christian Health Association of Kenya"}, "keph_level": {"name": "Level 3"}, "ward": {"code": 637}, "number_of_cots": 2, "town": {"name": "lokichar"}, "name": "Lokichar (RCEA) Health Centre", "created": "2009-10-31T00:00:00+00:00", "regulatory_body": {"name": "Kenya MPDB - Institution"}, "facility_type": {"name": "Health Centre"}, "plot_number": null, "operation_status": {"name": "Operational"}, "number_of_beds": 22}, {"code": 14628, "location_desc": null, "official_name": "Kaboson Health Centre", "owner": {"name": "Christian Health Association of Kenya"}, "keph_level": {"name": "Level 3"}, "ward": {"code": 974}, "number_of_cots": 0, "town": {"name": "kaboson market"}, "name": "Kaboson Health Centre", "created": "2009-10-31T00:00:00+00:00", "regulatory_body": {"name": "Kenya MPDB - Institution"}, "facility_type": {"name": "Health Centre"}, "plot_number": null, "operation_status": {"name": "Operational"}, "number_of_beds": 0}, {"code": 14960, "location_desc": "500 metres south of Kobujoi market along Kipsigak-Serem road", "official_name": "Kobujoi Mission Health Centre", "owner": {"name": "Other Faith Based"}, "keph_level": {"name": "Level 3"}, "ward": {"code": 758}, "number_of_cots": 5, "town": {"name": "kobujoi market"}, "name": "Kobujoi Mission Health Centre", "created": "2009-10-31T00:00:00+00:00", "regulatory_body": {"name": "Kenya MPDB - Institution"}, "facility_type": {"name": "Health Centre"}, "plot_number": "nandi/kobujoi / 224", "operation_status": {"name": "Operational"}, "number_of_beds": 36}, {"code": 14485, "location_desc": null, "official_name": "Ewaso Ngiro Health Centre", "owner": {"name": "Other Faith Based"}, "keph_level": {"name": "Level 3"}, "ward": {"code": 893}, "number_of_cots": 0, "town": {"name": "narok"}, "name": "Ewaso Ngiro Health Centre", "created": "2009-10-31T00:00:00+00:00", "regulatory_body": {"name": "Kenya MPDB - Institution"}, "facility_type": {"name": "Health Centre"}, "plot_number": null, "operation_status": {"name": "Operational"}, "number_of_beds": 12}, {"code": 14500, "location_desc": null, "official_name": "Flourspar Health Centre", "owner": {"name": "Private Enterprise (Institution)"}, "keph_level": {"name": "Level 3"}, "ward": {"code": 748}, "number_of_cots": 1, "town": {"name": "iten"}, "name": "Flourspar Health Centre", "created": "2009-10-31T00:00:00+00:00", "regulatory_body": {"name": "Kenya MPDB - Institution"}, "facility_type": {"name": "Health Centre"}, "plot_number": null, "operation_status": {"name": "Operational"}, "number_of_beds": 13}, {"code": 14478, "location_desc": "OPPOSITE KIAMAINA SECONDARY SCHOOL ", "official_name": "Esther Memorial Nursing Home", "owner": {"name": "Private Enterprise (Institution)"}, "keph_level": {"name": "Level 3"}, "ward": {"code": 867}, "number_of_cots": 2, "town": {"name": "nakuru"}, "name": "Esther Memorial Nursing Home", "created": "2009-10-31T00:00:00+00:00", "regulatory_body": {"name": "Kenya MPDB - Institution"}, "facility_type": {"name": "Health Centre"}, "plot_number": null, "operation_status": {"name": "Operational"}, "number_of_beds": 12}, {"code": 14212, "location_desc": "Situated at Archers Post Township along Isiolo Marsabit road", "official_name": "Archers Post Health Centre", "owner": {"name": "Kenya Episcopal Conference-Catholic Secretariat"}, "keph_level": {"name": "Level 3"}, "ward": {"code": 672}, "number_of_cots": 0, "town": {"name": "archers post"}, "name": "Archers Post Health Centre", "created": "2009-10-31T00:00:00+00:00", "regulatory_body": {"name": "Kenya MPDB - Private Practice"}, "facility_type": {"name": "Health Centre"}, "plot_number": null, "operation_status": {"name": "Operational"}, "number_of_beds": 30}], "model": "facilities.Facility", "unique_fields": ["code"]}]