[{"records": [{"code": 13082, "location_desc": null, "official_name": "Medical Reception Dispensary", "owner": {"name": "Private Enterprise (Institution)"}, "keph_level": {"name": "Level 2"}, "ward": {"code": 1403}, "number_of_cots": 0, "town": {"name": "nairobi"}, "name": "Medical Reception Dispensary", "created": "2009-10-31T00:00:00+00:00", "regulatory_body": {"name": "Kenya MPDB - Institution"}, "facility_type": {"name": "Dispensary"}, "plot_number": null, "operation_status": {"name": "Operational"}, "number_of_beds": 0}, {"code": 13008, "location_desc": null, "official_name": "Karma Dispensary", "owner": {"name": "Private Enterprise (Institution)"}, "keph_level": {"name": "Level 2"}, "ward": {"code": 1411}, "number_of_cots": 0, "town": {"name": "nairobi"}, "name": "Karma Dispensary", "created": "2009-10-31T00:00:00+00:00", "regulatory_body": {"name": "Kenya MPDB - Institution"}, "facility_type": {"name": "Dispensary"}, "plot_number": null, "operation_status": {"name": "Operational"}, "number_of_beds": 0}, {"code": 16047, "location_desc": null, "official_name": "Murhanda Medical Clinic", "owner": {"name": "Private Enterprise (Institution)"}, "keph_level": {"name": "Level 2"}, "ward": {"code": 1042}, "number_of_cots": 0, "town": {"name": "murhanda"}, "name": "Murhanda Medical Clinic", "created": "2009-10-31T00:00:00+00:00", "regulatory_body": {"name": "Ministry of Health"}, "facility_type": {"name": "Dispensary"}, "plot_number": null, "operation_status": {"name": "Operational"}, "number_of_beds": 0}, {"code": 13022, "location_desc": null, "official_name": "Kenya Utalii Dispensary", "owner": {"name": "Private Enterprise (Institution)"}, "keph_level": {"name": "Level 2"}, "ward": {"code": 1402}, "number_of_cots": 0, "town": {"name": "nairobi"}, "name": "Kenya Utalii Dispensary", "created": "2009-10-31T00:00:00+00:00", "regulatory_body": {"name": "Kenya MPDB - Institution"}, "facility_type": {"name": "Dispensary"}, "plot_number": null, "operation_status": {"name": "Operational"}, "number_of_beds": 0}, {"code": 12426, "location_desc": "Situated in the Lewa Downs Wildlife Conservation", "official_name": "Lewa Downs Dispensary", "owner": {"name": "Private Enterprise (Institution)"}, "keph_level": {"name": "Level 2"}, "ward": {"code": 282}, "number_of_cots": 0, "town": {"name": "meru"}, "name": "Lewa Downs Dispensary", "created": "2009-10-31T00:00:00+00:00", "regulatory_body": {"name": "Kenya MPDB - Institution"}, "facility_type": {"name": "Dispensary"}, "plot_number": null, "operation_status": {"name": "Operational"}, "number_of_beds": 0}, {"code": 12960, "location_desc": "Near Dagoretti Market", "official_name": "Good Shepherd Dispensary", "owner": {"name": "Private Enterprise (Institution)"}, "keph_level": {"name": "Level 2"}, "ward": {"code": 1376}, "number_of_cots": 0, "town": {"name": "nairobi"}, "name": "Good Shepherd Dispensary", "created": "2009-10-31T00:00:00+00:00", "regulatory_body": {"name": "Nursing Council of Kenya (Private Practice)"}, "facility_type": {"name": "Dispensary"}, "plot_number": null, "operation_status": {"name": "Operational"}, "number_of_beds": 0}, {"code": 14267, "location_desc": null, "official_name": "Borana Dispensary", "owner": {"name": "Private Enterprise (Institution)"}, "keph_level": {"name": "Level 2"}, "ward": {"code": 825}, "number_of_cots": 0, "town": {"name": "timau"}, "name": "Borana Dispensary", "created": "2009-10-31T00:00:00+00:00", "regulatory_body": {"name": "Kenya MPDB - Institution"}, "facility_type": {"name": "Dispensary"}, "plot_number": null, "operation_status": {"name": "Operational"}, "number_of_beds": 2}, {"code": 13107, "location_desc": null, "official_name": "Naioth Medical Clinic", "owner": {"name": "Private Enterprise (Institution)"}, "keph_level": {"name": "Level 2"}, "ward": {"code": 1439}, "number_of_cots": 0, "town": {"name": "nairobi"}, "name": "Naioth Medical Clinic", "created": "2009-10-31T00:00:00+00:00", "regulatory_body": {"name": "Kenya MPDB - Institution"}, "facility_type": {"name": "Dispensary"}, "plot_number": null, "operation_status": {"name": "Operational"}, "number_of_beds": 0}, {"code": 10437, "location_desc": null, "official_name": "Kakuzi Limited Dispensary", "owner": {"name": "Private Enterprise (Institution)"}, "keph_level": {"name": "Level 2"}, "ward": {"code": 546}, "number_of_cots": 0, "town": {"name": "thika"}, "name": "Kakuzi Limited Dispensary", "created": "2009-10-31T00:00:00+00:00", "regulatory_body": {"name": "Kenya MPDB - Institution"}, "facility_type": {"name": "Dispensary"}, "plot_number": null, "operation_status": {"name": "Operational"}, "number_of_beds": 0}, {"code": 13237, "location_desc": null, "official_name": "Transcom Medical Services", "owner": {"name": "Private Enterprise (Institution)"}, "keph_level": {"name": "Level 2"}, "ward": {"code": 1439}, "number_of_cots": 0, "town": {"name": "nairobi"}, "name": "Transcom Medical Services", "created": "2009-10-31T00:00:00+00:00", "regulatory_body": {"name": "Kenya MPDB - Institution"}, "facility_type": {"name": "Dispensary"}, "plot_number": null, "operation_status": {"name": "Operational"}, "number_of_beds": 0}, {"code": 13147, "location_desc": "route 44 off kamiti road  cemtek building", "official_name": "Prime Healthservices Dispensary", "owner": {"name": "Private Enterprise (Institution)"}, "keph_level": {"name": "Level 2"}, "ward": {"code": 1392}, "number_of_cots": 0, "town": {"name": "kahawa west estate- cemtek building"}, "name": "Prime Healthservices Dispensary", "created": "2009-10-31T00:00:00+00:00", "regulatory_body": {"name": "Kenya MPDB - Institution"}, "facility_type": {"name": "Dispensary"}, "plot_number": "36/37", "operation_status": {"name": "Operational"}, "number_of_beds": 0}, {"code": 11621, "location_desc": null, "official_name": "Mishoroni Dispensary", "owner": {"name": "Private Enterprise (Institution)"}, "keph_level": {"name": "Level 2"}, "ward": {"code": 14}, "number_of_cots": 0, "town": {"name": "mombasa"}, "name": "Mishoroni Dispensary", "created": "2009-10-31T00:00:00+00:00", "regulatory_body": {"name": "Kenya MPDB - Institution"}, "facility_type": {"name": "Dispensary"}, "plot_number": null, "operation_status": {"name": "Operational"}, "number_of_beds": 0}, {"code": 10996, "location_desc": null, "official_name": "Samaria Maternity Home", "owner": {"name": "Private Enterprise (Institution)"}, "keph_level": {"name": "Level 2"}, "ward": {"code": 475}, "number_of_cots": 1, "town": {"name": "kiamathaga"}, "name": "Samaria Maternity Home", "created": "2009-10-31T00:00:00+00:00", "regulatory_body": {"name": "Kenya MPDB - Institution"}, "facility_type": {"name": "Dispensary"}, "plot_number": null, "operation_status": {"name": "Operational"}, "number_of_beds": 4}, {"code": 12898, "location_desc": "Near Nairobi Hospital, along Valley Road", "official_name": "Clinitec Medical Services(Nairobi)", "owner": {"name": "Company Medical Service"}, "keph_level": {"name": "Level 2"}, "ward": {"code": 1389}, "number_of_cots": 0, "town": {"name": "hurlingham"}, "name": "Clinitec Medical Services", "created": "2009-10-31T00:00:00+00:00", "regulatory_body": {"name": "Kenya MPDB - Institution"}, "facility_type": {"name": "Medical Centre"}, "plot_number": null, "operation_status": {"name": "Operational"}, "number_of_beds": 0}, {"code": 13071, "location_desc": null, "official_name": "Marurui Dispensary", "owner": {"name": "Private Enterprise (Institution)"}, "keph_level": {"name": "Level 2"}, "ward": {"code": 1391}, "number_of_cots": 0, "town": {"name": "nairobi"}, "name": "Marurui Dispensary", "created": "2009-10-31T00:00:00+00:00", "regulatory_body": {"name": "Kenya MPDB - Institution"}, "facility_type": {"name": "Dispensary"}, "plot_number": null, "operation_status": {"name": "Operational"}, "number_of_beds": 0}, {"code": 12090, "location_desc": "At Kambu Market", "official_name": "Kambu Integrated  Health Clinic", "owner": {"name": "Private Enterprise (Institution)"}, "keph_level": {"name": "Level 2"}, "ward": {"code": 438}, "number_of_cots": 1, "town": {"name": "kambu"}, "name": "Kambu Integrated Health Clinic", "created": "2009-10-31T00:00:00+00:00", "regulatory_body": {"name": "Kenya MPDB - Institution"}, "facility_type": {"name": "Medical Clinic"}, "plot_number": "200", "operation_status": {"name": "Operational"}, "number_of_beds": 5}, {"code": 12881, "location_desc": "Next to mathare North H/C", "official_name": "Baraka Dispensary (Nairobi)", "owner": {"name": "Private Enterprise (Institution)"}, "keph_level": {"name": "Level 2"}, "ward": {"code": 1402}, "number_of_cots": 0, "town": {"name": "nairobi"}, "name": "Baraka Dispensary (Nairobi)", "created": "2009-10-31T00:00:00+00:00", "regulatory_body": {"name": "Kenya MPDB - Institution"}, "facility_type": {"name": "Dispensary"}, "plot_number": null, "operation_status": {"name": "Operational"}, "number_of_beds": 0}, {"code": 12979, "location_desc": "Off Ngong Road,opposite Kenya Science Teachers University", "official_name": "I R Iran Medical Clinic", "owner": {"name": "Private Enterprise (Institution)"}, "keph_level": {"name": "Level 2"}, "ward": {"code": 1389}, "number_of_cots": 0, "town": {"name": "near nakumatt junction ,dagoretti corner"}, "name": "I R Iran Medical Clinic", "created": "2009-10-31T00:00:00+00:00", "regulatory_body": {"name": "Kenya MPDB - Institution"}, "facility_type": {"name": "Medical Clinic"}, "plot_number": null, "operation_status": {"name": "Operational"}, "number_of_beds": 0}, {"code": 13509, "location_desc": null, "official_name": "Bora Bora Clinic", "owner": {"name": "Private Enterprise (Institution)"}, "keph_level": {"name": "Level 2"}, "ward": {"code": 1251}, "number_of_cots": 0, "town": {"name": "ndhiwa"}, "name": "Bora Bora Clinic", "created": "2009-10-31T00:00:00+00:00", "regulatory_body": {"name": "Kenya MPDB - Institution"}, "facility_type": {"name": "Medical Clinic"}, "plot_number": null, "operation_status": {"name": "Operational"}, "number_of_beds": 0}, {"code": 13085, "location_desc": null, "official_name": "Med-Point Dispensary", "owner": {"name": "Private Enterprise (Institution)"}, "keph_level": {"name": "Level 2"}, "ward": {"code": 1397}, "number_of_cots": 0, "town": {"name": "nairobi"}, "name": "Med-Point Dispensary", "created": "2009-10-31T00:00:00+00:00", "regulatory_body": {"name": "Kenya MPDB - Institution"}, "facility_type": {"name": "Dispensary"}, "plot_number": null, "operation_status": {"name": "Operational"}, "number_of_beds": 0}, {"code": 12951, "location_desc": null, "official_name": "Gertrudes Othaya Road Dispensary", "owner": {"name": "Private Enterprise (Institution)"}, "keph_level": {"name": "Level 2"}, "ward": {"code": 1371}, "number_of_cots": 0, "town": {"name": "nairobi"}, "name": "Gertrudes Othaya Road Dispensary", "created": "2009-10-31T00:00:00+00:00", "regulatory_body": {"name": "Kenya MPDB - Institution"}, "facility_type": {"name": "Dispensary"}, "plot_number": null, "operation_status": {"name": "Operational"}, "number_of_beds": 0}, {"code": 13261, "location_desc": null, "official_name": "Zimmerman Medical Dispensary", "owner": {"name": "Private Enterprise (Institution)"}, "keph_level": {"name": "Level 2"}, "ward": {"code": 1391}, "number_of_cots": 0, "town": {"name": "nairobi"}, "name": "Zimmerman Medical Dispensary", "created": "2009-10-31T00:00:00+00:00", "regulatory_body": {"name": "Kenya MPDB - Institution"}, "facility_type": {"name": "Dispensary"}, "plot_number": null, "operation_status": {"name": "Operational"}, "number_of_beds": 0}, {"code": 13246, "location_desc": null, "official_name": "Uzima Dispensary", "owner": {"name": "Private Enterprise (Institution)"}, "keph_level": {"name": "Level 2"}, "ward": {"code": 1402}, "number_of_cots": 0, "town": {"name": "nairobi"}, "name": "Uzima Dispensary", "created": "2009-10-31T00:00:00+00:00", "regulatory_body": {"name": "Kenya MPDB - Institution"}, "facility_type": {"name": "Dispensary"}, "plot_number": null, "operation_status": {"name": "Operational"}, "number_of_beds": 0}, {"code": 12966, "location_desc": "Near Nairobi Hospital at Upper hill Plaza, Nairobi", "official_name": "Gynapaed Dispensary", "owner": {"name": "Private Enterprise (Institution)"}, "keph_level": {"name": "Level 2"}, "ward": {"code": 1389}, "number_of_cots": 0, "town": {"name": "nairobi"}, "name": "Gynapaed Dispensary (Kilimani-Westlands)", "created": "2009-10-31T00:00:00+00:00", "regulatory_body": {"name": "Kenya MPDB - Institution"}, "facility_type": {"name": "Dispensary"}, "plot_number": null, "operation_status": {"name": "Operational"}, "number_of_beds": 0}, {"code": 12895, "location_desc": null, "official_name": "Christian Aid Dispensary", "owner": {"name": "Private Enterprise (Institution)"}, "keph_level": {"name": "Level 2"}, "ward": {"code": 1391}, "number_of_cots": 0, "town": {"name": "nairobi"}, "name": "Christian Aid Dispensary", "created": "2009-10-31T00:00:00+00:00", "regulatory_body": {"name": "Kenya MPDB - Institution"}, "facility_type": {"name": "Dispensary"}, "plot_number": null, "operation_status": {"name": "Not-Operational"}, "number_of_beds": 0}, {"code": 10637, "location_desc": "Kiruri Shopping Cantre", "official_name": "Kiruri Dispensary (Muranga North)", "owner": {"name": "Ministry of Health"}, "keph_level": {"name": "Level 2"}, "ward": {"code": 516}, "number_of_cots": 0, "town": {"name": "kiruri market"}, "name": "Kiruri Dispensary (Muranga North)", "created": "2009-10-31T00:00:00+00:00", "regulatory_body": {"name": "Kenya MPDB - Institution"}, "facility_type": {"name": "Dispensary"}, "plot_number": null, "operation_status": {"name": "Operational"}, "number_of_beds": 0}, {"code": 13255, "location_desc": "at the southern bypass near Otiende estate", "official_name": "Wema CFW clinic", "owner": {"name": "Non-Governmental Organizations"}, "keph_level": {"name": "Level 2"}, "ward": {"code": 1383}, "number_of_cots": 0, "town": {"name": "raila village next to otiende estate"}, "name": "Wema CFW Clinic", "created": "2009-10-31T00:00:00+00:00", "regulatory_body": {"name": "Kenya MPDB - Institution"}, "facility_type": {"name": "Medical Clinic"}, "plot_number": null, "operation_status": {"name": "Operational"}, "number_of_beds": 2}, {"code": 12003, "location_desc": "Along Meru Nanyuki road at Maritati market", "official_name": "Embori Farm Clinic", "owner": {"name": "Company Medical Service"}, "keph_level": {"name": "Level 2"}, "ward": {"code": 282}, "number_of_cots": 0, "town": {"name": "meru"}, "name": "Embori Farm Clinic", "created": "2009-10-31T00:00:00+00:00", "regulatory_body": {"name": "Kenya MPDB - Institution"}, "facility_type": {"name": "Dispensary"}, "plot_number": null, "operation_status": {"name": "Operational"}, "number_of_beds": 0}, {"code": 14100, "location_desc": "With Sotik Highlands Tea Factory", "official_name": "Sotik Highlands Dispensary ", "owner": {"name": "Private Enterprise (Institution)"}, "keph_level": {"name": "Level 2"}, "ward": {"code": 1362}, "number_of_cots": 0, "town": {"name": "ikonge"}, "name": "Sotik Highlands Dispensary", "created": "2009-10-31T00:00:00+00:00", "regulatory_body": {"name": "Kenya MPDB - Institution"}, "facility_type": {"name": "Dispensary"}, "plot_number": null, "operation_status": {"name": "Operational"}, "number_of_beds": 5}, {"code": 10480, "location_desc": null, "official_name": "Karangaita Socfinaf Dispensary", "owner": {"name": "Private Enterprise (Institution)"}, "keph_level": {"name": "Level 2"}, "ward": {"code": 547}, "number_of_cots": 0, "name": "Karangaita Socfinaf Dispensary", "created": "2009-10-31T00:00:00+00:00", "regulatory_body": {"name": "Kenya MPDB - Institution"}, "facility_type": {"name": "Dispensary"}, "plot_number": null, "operation_status": {"name": "Operational"}, "number_of_beds": 0}, {"code": 16716, "location_desc": "It is located along Shinyalu Khayega road", "official_name": "Able Medical Clinic", "owner": {"name": "Private Practice - Nurse / Midwife"}, "keph_level": {"name": "Level 2"}, "ward": {"code": 1043}, "number_of_cots": 0, "town": {"name": "shinyalu"}, "name": "Able Medical Clinic", "created": "2009-10-31T00:00:00+00:00", "regulatory_body": {"name": "Ministry of Health"}, "facility_type": {"name": "Medical Clinic"}, "plot_number": null, "operation_status": {"name": "Operational"}, "number_of_beds": 0}, {"code": 16718, "location_desc": null, "official_name": "Shimuli Medical Clinic                           ", "owner": {"name": "Private Enterprise (Institution)"}, "keph_level": {"name": "Level 2"}, "ward": {"code": 1045}, "number_of_cots": 0, "town": {"name": "ivihiga"}, "name": "Shimuli Medical Clinic", "created": "2009-10-31T00:00:00+00:00", "regulatory_body": {"name": "Kenya MPDB - Institution"}, "facility_type": {"name": "Dispensary"}, "plot_number": null, "operation_status": {"name": "Operational"}, "number_of_beds": 0}, {"code": 13063, "location_desc": null, "official_name": "Maria Maternity and Nursing Home", "owner": {"name": "Private Practice - General Practitioner"}, "keph_level": {"name": "Level 3"}, "ward": {"code": 1416}, "number_of_cots": 4, "town": {"name": "nairobi"}, "name": "Maria Maternity and Nursing Home", "created": "2009-10-31T00:00:00+00:00", "regulatory_body": {"name": "Kenya MPDB - Institution"}, "facility_type": {"name": "Maternity Home"}, "plot_number": null, "operation_status": {"name": "Operational"}, "number_of_beds": 20}, {"code": 14925, "location_desc": " kiptagich tea factory.", "official_name": "Kiptagich Tegat Dispensary", "owner": {"name": "Company Medical Service"}, "keph_level": {"name": "Level 2"}, "ward": {"code": 851}, "number_of_cots": 0, "town": {"name": "kiptagich"}, "name": "Kiptagich Tegat Dispensary", "created": "2009-10-31T00:00:00+00:00", "regulatory_body": {"name": "Kenya MPDB - Institution"}, "facility_type": {"name": "Dispensary"}, "plot_number": null, "operation_status": {"name": "Operational"}, "number_of_beds": 0}, {"code": 13219, "location_desc": null, "official_name": "St Michael Clinic", "owner": {"name": "Private Enterprise (Institution)"}, "keph_level": {"name": "Level 2"}, "ward": {"code": 1389}, "number_of_cots": 0, "town": {"name": "nairobi"}, "name": "St Michael Clinic", "created": "2009-10-31T00:00:00+00:00", "regulatory_body": {"name": "Kenya MPDB - Institution"}, "facility_type": {"name": "Dispensary"}, "plot_number": null, "operation_status": {"name": "Operational"}, "number_of_beds": 0}, {"code": 13145, "location_desc": null, "official_name": "Pona Mat Dispensary", "owner": {"name": "Private Enterprise (Institution)"}, "keph_level": {"name": "Level 2"}, "ward": {"code": 1397}, "number_of_cots": 0, "town": {"name": "nairobi"}, "name": "Pona Mat Dispensary", "created": "2009-10-31T00:00:00+00:00", "regulatory_body": {"name": "Kenya MPDB - Institution"}, "facility_type": {"name": "Dispensary"}, "plot_number": null, "operation_status": {"name": "Operational"}, "number_of_beds": 0}, {"code": 10105, "location_desc": null, "official_name": "Del Monte Dispensary", "owner": {"name": "Company Medical Service"}, "keph_level": {"name": "Level 2"}, "ward": {"code": 546}, "number_of_cots": 0, "town": {"name": "thika"}, "name": "Del Monte Dispensary", "created": "2009-10-31T00:00:00+00:00", "regulatory_body": {"name": "Other"}, "facility_type": {"name": "Dispensary"}, "plot_number": null, "operation_status": {"name": "Operational"}, "number_of_beds": 0}, {"code": 11027, "location_desc": null, "official_name": "St Augastine", "owner": {"name": "Private Enterprise (Institution)"}, "keph_level": {"name": "Level 2"}, "ward": {"code": 563}, "number_of_cots": 0, "town": {"name": "juja"}, "name": "St Augastine", "created": "2009-10-31T00:00:00+00:00", "regulatory_body": {"name": "Kenya MPDB - Institution"}, "facility_type": {"name": "Dispensary"}, "plot_number": null, "operation_status": {"name": "Operational"}, "number_of_beds": 0}, {"code": 16063, "location_desc": "At Nalondo School of Handicupped", "official_name": "Nalondo CBM Dispensary", "owner": {"name": "Private Enterprise (Institution)"}, "keph_level": {"name": "Level 2"}, "ward": {"code": 1085}, "number_of_cots": 0, "town": {"name": "nalondo market"}, "name": "Nalondo Cbm Dispensary", "created": "2009-10-31T00:00:00+00:00", "regulatory_body": {"name": "Kenya MPDB - Institution"}, "facility_type": {"name": "Dispensary"}, "plot_number": null, "operation_status": {"name": "Operational"}, "number_of_beds": 0}, {"code": 10516, "location_desc": null, "official_name": "Kenya Nut Company Dispensary", "owner": {"name": "Company Medical Service"}, "keph_level": {"name": "Level 2"}, "ward": {"code": 565}, "number_of_cots": 0, "name": "Kenya Nut Company Dispensary", "created": "2009-10-31T00:00:00+00:00", "regulatory_body": {"name": "Other"}, "facility_type": {"name": "Dispensary"}, "plot_number": null, "operation_status": {"name": "Operational"}, "number_of_beds": 0}, {"code": 12732, "location_desc": null, "official_name": "Mitaboni Mission Dispensary", "owner": {"name": "Other Faith Based"}, "keph_level": {"name": "Level 2"}, "ward": {"code": 390}, "number_of_cots": 0, "town": {"name": "mitaboni"}, "name": "Mitaboni Mission Dispensary", "created": "2009-10-31T00:00:00+00:00", "regulatory_body": {"name": "Kenya MPDB - Institution"}, "facility_type": {"name": "Medical Clinic"}, "plot_number": null, "operation_status": {"name": "Operational"}, "number_of_beds": 0}, {"code": 10945, "location_desc": null, "official_name": "Premier Bag and Cordage Dispensary", "owner": {"name": "Company Medical Service"}, "keph_level": {"name": "Level 2"}, "ward": {"code": 563}, "number_of_cots": 0, "town": {"name": "juja"}, "name": "Premier Bag and Cordage Dispensary", "created": "2009-10-31T00:00:00+00:00", "regulatory_body": {"name": "Other"}, "facility_type": {"name": "Dispensary"}, "plot_number": null, "operation_status": {"name": "Operational"}, "number_of_beds": 0}, {"code": 14644, "location_desc": null, "official_name": "Kaimosi Tea Dispensary", "owner": {"name": "Company Medical Service"}, "keph_level": {"name": "Level 2"}, "ward": {"code": 770}, "number_of_cots": 0, "town": {"name": "kapsabet"}, "name": "Kaimosi Tea Dispensary", "created": "2009-10-31T00:00:00+00:00", "regulatory_body": {"name": "Kenya MPDB - Institution"}, "facility_type": {"name": "Dispensary"}, "plot_number": null, "operation_status": {"name": "Operational"}, "number_of_beds": 6}, {"code": 10424, "location_desc": "Kahuho Shopping Centre", "official_name": "Kahuho Private Dispensary", "owner": {"name": "Private Enterprise (Institution)"}, "keph_level": {"name": "Level 2"}, "ward": {"code": 592}, "number_of_cots": 0, "town": {"name": "kahuho"}, "name": "Kahuho Private Dispensary", "created": "2009-10-31T00:00:00+00:00", "regulatory_body": {"name": "Nursing Council of Kenya (Private Practice)"}, "facility_type": {"name": "Dispensary"}, "plot_number": "12a", "operation_status": {"name": "Operational"}, "number_of_beds": 0}, {"code": 10967, "location_desc": "Located along Kimbo - Kiganjo Road in Ruera Coffee Estate", "official_name": "Ruara Estate Dispensary", "owner": {"name": "Company Medical Service"}, "keph_level": {"name": "Level 2"}, "ward": {"code": 560}, "number_of_cots": 0, "town": {"name": "ruiru town"}, "name": "Ruera Estate Dispensary", "created": "2009-10-31T00:00:00+00:00", "regulatory_body": {"name": "Kenya MPDB - Institution"}, "facility_type": {"name": "Dispensary"}, "plot_number": null, "operation_status": {"name": "Operational"}, "number_of_beds": 0}, {"code": 16868, "location_desc": "At Kerumbe Tea Estate", "official_name": "Kerumbe Dispensary", "owner": {"name": "Ministry of Health"}, "keph_level": {"name": "Level 2"}, "ward": {"code": 1362}, "number_of_cots": 0, "town": {"name": "ikonge"}, "name": "Kerumbe Dispensary", "created": "2010-01-31T00:00:00+00:00", "regulatory_body": {"name": "Ministry of Health"}, "facility_type": {"name": "Dispensary"}, "plot_number": null, "operation_status": {"name": "Operational"}, "number_of_beds": 2}, {"code": 12959, "location_desc": null, "official_name": "Good Samaritan Dispensary", "owner": {"name": "Private Enterprise (Institution)"}, "keph_level": {"name": "Level 2"}, "ward": {"code": 1394}, "number_of_cots": 0, "town": {"name": "nairobi"}, "name": "Good Samaritan Dispensary", "created": "2009-10-31T00:00:00+00:00", "regulatory_body": {"name": "Kenya MPDB - Institution"}, "facility_type": {"name": "Dispensary"}, "plot_number": null, "operation_status": {"name": "Operational"}, "number_of_beds": 0}, {"code": 10853, "location_desc": null, "official_name": "Ngamba Dispensary", "owner": {"name": "Private Enterprise (Institution)"}, "keph_level": {"name": "Level 2"}, "ward": {"code": 519}, "number_of_cots": 0, "town": {"name": "kiriaini"}, "name": "Ngamba Dispensary", "created": "2009-10-31T00:00:00+00:00", "regulatory_body": {"name": "Kenya MPDB - Institution"}, "facility_type": {"name": "Dispensary"}, "plot_number": null, "operation_status": {"name": "Operational"}, "number_of_beds": 0}, {"code": 16874, "location_desc": null, "official_name": "Joy Clinic", "owner": {"name": "Private Enterprise (Institution)"}, "keph_level": {"name": "Level 2"}, "ward": {"code": 1175}, "number_of_cots": 0, "town": {"name": "usenge"}, "name": "Joy Clinic", "created": "2010-01-31T00:00:00+00:00", "regulatory_body": {"name": "Kenya MPDB - Institution"}, "facility_type": {"name": "Dispensary"}, "plot_number": null, "operation_status": {"name": "Operational"}, "number_of_beds": 2}, {"code": 12956, "location_desc": null, "official_name": "Githurai Medical Dispensary", "owner": {"name": "Private Enterprise (Institution)"}, "keph_level": {"name": "Level 2"}, "ward": {"code": 1391}, "number_of_cots": 0, "town": {"name": "nairobi"}, "name": "Githurai Medical Dispensary", "created": "2009-10-31T00:00:00+00:00", "regulatory_body": {"name": "Kenya MPDB - Institution"}, "facility_type": {"name": "Dispensary"}, "plot_number": null, "operation_status": {"name": "Operational"}, "number_of_beds": 0}, {"code": 13754, "location_desc": "Within Kipkebe Tea Factory", "official_name": "Magura Dispensary ", "owner": {"name": "Private Enterprise (Institution)"}, "keph_level": {"name": "Level 2"}, "ward": {"code": 1362}, "number_of_cots": 0, "town": {"name": "mokomoni"}, "name": "Magura Dispensary", "created": "2009-10-31T00:00:00+00:00", "regulatory_body": {"name": "Kenya MPDB - Institution"}, "facility_type": {"name": "Dispensary"}, "plot_number": null, "operation_status": {"name": "Operational"}, "number_of_beds": 1}, {"code": 12980, "location_desc": null, "official_name": "IDF Mathare Dispensary", "owner": {"name": "Private Enterprise (Institution)"}, "keph_level": {"name": "Level 2"}, "ward": {"code": 1435}, "number_of_cots": 0, "town": {"name": "nairobi"}, "name": "IDF Mathare Dispensary", "created": "2009-10-31T00:00:00+00:00", "regulatory_body": {"name": "Kenya MPDB - Institution"}, "facility_type": {"name": "Dispensary"}, "plot_number": null, "operation_status": {"name": "Operational"}, "number_of_beds": 0}, {"code": 12955, "location_desc": null, "official_name": "Giovanna Dispensary", "owner": {"name": "Private Enterprise (Institution)"}, "keph_level": {"name": "Level 2"}, "ward": {"code": 1391}, "number_of_cots": 0, "town": {"name": "nairobi"}, "name": "Giovanna Dispensary", "created": "2009-10-31T00:00:00+00:00", "regulatory_body": {"name": "Kenya MPDB - Institution"}, "facility_type": {"name": "Dispensary"}, "plot_number": null, "operation_status": {"name": "Operational"}, "number_of_beds": 0}, {"code": 12937, "location_desc": null, "official_name": "Family Care Clinic Kasarani", "owner": {"name": "Private Enterprise (Institution)"}, "keph_level": {"name": "Level 2"}, "ward": {"code": 1391}, "number_of_cots": 0, "town": {"name": "nairobi"}, "name": "Family Care Clinic Kasarani", "created": "2009-10-31T00:00:00+00:00", "regulatory_body": {"name": "Kenya MPDB - Institution"}, "facility_type": {"name": "Dispensary"}, "plot_number": null, "operation_status": {"name": "Operational"}, "number_of_beds": 0}, {"code": 14378, "location_desc": null, "official_name": "Cherangan Dispensary", "owner": {"name": "Ministry of Health"}, "keph_level": {"name": "Level 2"}, "ward": {"code": 652}, "number_of_cots": 0, "town": {"name": "makutano"}, "name": "Cherangan Dispensary", "created": "2009-10-31T00:00:00+00:00", "regulatory_body": {"name": "Ministry of Health"}, "facility_type": {"name": "Dispensary"}, "plot_number": null, "operation_status": {"name": "Operational"}, "number_of_beds": 0}, {"code": 12953, "location_desc": "Kodi rd.off Gadhi rd.Nairobi west", "official_name": "Getrudes Hospital (Nairobi West Clinic)", "owner": {"name": "Private Enterprise (Institution)"}, "keph_level": {"name": "Level 2"}, "ward": {"code": 1382}, "number_of_cots": 0, "town": {"name": "nairobi west shopping center"}, "name": "Getrudes Hospital (Nairobi West Clinic)", "created": "2009-10-31T00:00:00+00:00", "regulatory_body": {"name": "Kenya MPDB - Institution"}, "facility_type": {"name": "Medical Clinic"}, "plot_number": "209/262", "operation_status": {"name": "Operational"}, "number_of_beds": 0}, {"code": 15907, "location_desc": null, "official_name": "Jamii Health Services Medical Clinic", "owner": {"name": "Private Enterprise (Institution)"}, "keph_level": {"name": "Level 2"}, "ward": {"code": 1041}, "number_of_cots": 0, "town": {"name": "lubao"}, "name": "Jamii Health Services Medical Clinic", "created": "2009-10-31T00:00:00+00:00", "regulatory_body": {"name": "Ministry of Health"}, "facility_type": {"name": "Medical Clinic"}, "plot_number": "27", "operation_status": {"name": "Operational"}, "number_of_beds": 1}, {"code": 13596, "location_desc": null, "official_name": "Guru Nanak Dispensary ", "owner": {"name": "Private Enterprise (Institution)"}, "keph_level": {"name": "Level 2"}, "ward": {"code": 1199}, "number_of_cots": 0, "town": {"name": "kisumu"}, "name": "Guru Nanak Dispensary", "created": "2009-10-31T00:00:00+00:00", "regulatory_body": {"name": "Kenya MPDB - Institution"}, "facility_type": {"name": "Dispensary"}, "plot_number": null, "operation_status": {"name": "Operational"}, "number_of_beds": 0}, {"code": 12945, "location_desc": "At Karen shopping Center at the Post Office Building", "official_name": "Future Age Medical Services", "owner": {"name": "Private Enterprise (Institution)"}, "keph_level": {"name": "Level 2"}, "ward": {"code": 1381}, "number_of_cots": 0, "town": {"name": "karen shopping center"}, "name": "Future Age Medical Services", "created": "2009-10-31T00:00:00+00:00", "regulatory_body": {"name": "Kenya MPDB - Institution"}, "facility_type": {"name": "Medical Clinic"}, "plot_number": "8945/7 flat no.1", "operation_status": {"name": "Operational"}, "number_of_beds": 0}, {"code": 11529, "location_desc": "Adjacent to Mabati Technical Training College- Mariakani- Mombasa Road", "official_name": "Mabati Medical Clinic", "owner": {"name": "Company Medical Service"}, "keph_level": {"name": "Level 2"}, "ward": {"code": 63}, "number_of_cots": 0, "town": {"name": "mariakani"}, "name": "Mabati Medical Clinic", "created": "2009-10-31T00:00:00+00:00", "regulatory_body": {"name": "Other"}, "facility_type": {"name": "Dispensary"}, "plot_number": null, "operation_status": {"name": "Operational"}, "number_of_beds": 0}, {"code": 13035, "location_desc": "Opposite Kibera South Dispensary at Lindi", "official_name": "Kisembo Dispensary", "owner": {"name": "Private Enterprise (Institution)"}, "keph_level": {"name": "Level 2"}, "ward": {"code": 1387}, "number_of_cots": 0, "town": {"name": "nairobi"}, "name": "Kisembo Dispensary", "created": "2009-10-31T00:00:00+00:00", "regulatory_body": {"name": "Kenya MPDB - Institution"}, "facility_type": {"name": "Dispensary"}, "plot_number": null, "operation_status": {"name": "Operational"}, "number_of_beds": 0}, {"code": 13730, "location_desc": null, "official_name": "Lake Basin Development Authority (LBDA) Dispensary ", "owner": {"name": "Company Medical Service"}, "keph_level": {"name": "Level 2"}, "ward": {"code": 1196}, "number_of_cots": 0, "town": {"name": "kisumu"}, "name": "Lake Basin Development Authority (Lbda) Dispensary", "created": "2009-10-31T00:00:00+00:00", "regulatory_body": {"name": "Other"}, "facility_type": {"name": "Dispensary"}, "plot_number": null, "operation_status": {"name": "Operational"}, "number_of_beds": 0}, {"code": 12931, "location_desc": null, "official_name": "Eden Dispensary", "owner": {"name": "Private Enterprise (Institution)"}, "keph_level": {"name": "Level 2"}, "ward": {"code": 1383}, "number_of_cots": 0, "town": {"name": "nairobi"}, "name": "Eden Dispensary", "created": "2009-10-31T00:00:00+00:00", "regulatory_body": {"name": "Kenya MPDB - Institution"}, "facility_type": {"name": "Dispensary"}, "plot_number": null, "operation_status": {"name": "Operational"}, "number_of_beds": 0}, {"code": 10517, "location_desc": null, "official_name": "Kenya Police College Dispensary", "owner": {"name": "Other Public Institution"}, "keph_level": {"name": "Level 2"}, "ward": {"code": 491}, "number_of_cots": 0, "town": {"name": "kiganjo"}, "name": "Kenya Police College Dispensary", "created": "2009-10-31T00:00:00+00:00", "regulatory_body": {"name": "Other"}, "facility_type": {"name": "Dispensary"}, "plot_number": null, "operation_status": {"name": "Operational"}, "number_of_beds": 0}, {"code": 10667, "location_desc": "Located At Mabroukie Tea Factory", "official_name": "Mabroukie Dispensary", "owner": {"name": "Private Enterprise (Institution)"}, "keph_level": {"name": "Level 2"}, "ward": {"code": 604}, "number_of_cots": 0, "town": {"name": "limuru"}, "name": "Mabroukie Dispensary", "created": "2009-10-31T00:00:00+00:00", "regulatory_body": {"name": "Kenya MPDB - Institution"}, "facility_type": {"name": "Dispensary"}, "plot_number": null, "operation_status": {"name": "Operational"}, "number_of_beds": 0}, {"code": 16744, "location_desc": "Kisasi Market", "official_name": "Kisasi Medical Clinic", "owner": {"name": "Private Enterprise (Institution)"}, "keph_level": {"name": "Level 2"}, "ward": {"code": 350}, "number_of_cots": 0, "town": {"name": "kisasi"}, "name": "Kisasi Medical Clinic", "created": "2009-10-31T00:00:00+00:00", "regulatory_body": {"name": "Nursing Council of Kenya (Private Practice)"}, "facility_type": {"name": "Dispensary"}, "plot_number": null, "operation_status": {"name": "Operational"}, "number_of_beds": 0}, {"code": 12884, "location_desc": "opposite AL RAHMA Mosque", "official_name": "Biafra Medical Clinic", "owner": {"name": "Private Enterprise (Institution)"}, "keph_level": {"name": "Level 2"}, "ward": {"code": 1438}, "number_of_cots": 0, "town": {"name": "biafra alrahma mosque"}, "name": "Biafra Medical Clinic", "created": "2009-10-31T00:00:00+00:00", "regulatory_body": {"name": "Pharmacy & Poisons Board"}, "facility_type": {"name": "Dispensary"}, "plot_number": "36/v111-88/1", "operation_status": {"name": "Operational"}, "number_of_beds": 0}, {"code": 11236, "location_desc": "Along hospital road past Kivulini  near Mayungu Trading Centre.", "official_name": "Bakhita Dispensary", "owner": {"name": "Non-Governmental Organizations"}, "keph_level": {"name": "Level 2"}, "ward": {"code": 76}, "number_of_cots": 0, "town": {"name": "mayungu"}, "name": "Bakhita Dispensary", "created": "2009-10-31T00:00:00+00:00", "regulatory_body": {"name": "Clinical Officers Council"}, "facility_type": {"name": "Medical Clinic"}, "plot_number": "728", "operation_status": {"name": "Operational"}, "number_of_beds": 0}, {"code": 16660, "location_desc": "Near Nderema SDA church", "official_name": "Nderema Dispensary", "owner": {"name": "Christian Health Association of Kenya"}, "keph_level": {"name": "Level 2"}, "ward": {"code": 1365}, "number_of_cots": 0, "town": {"name": "kijauri"}, "name": "Nderema Dispensary", "created": "2009-10-31T00:00:00+00:00", "regulatory_body": {"name": "Kenya MPDB - Institution"}, "facility_type": {"name": "Dispensary"}, "plot_number": null, "operation_status": {"name": "Operational"}, "number_of_beds": 2}, {"code": 16402, "location_desc": "Njoro - Mau -narok road the branch at Stoo mbili to Naish Game trading centre.", "official_name": "Naishi Game Dispensary", "owner": {"name": "Other Public Institution"}, "keph_level": {"name": "Level 2"}, "ward": {"code": 832}, "number_of_cots": 0, "town": {"name": "naishi"}, "name": "Naishi Game Dispensary", "created": "2009-10-31T00:00:00+00:00", "regulatory_body": {"name": "Other"}, "facility_type": {"name": "Dispensary"}, "plot_number": null, "operation_status": {"name": "Not-Operational"}, "number_of_beds": 0}, {"code": 16400, "location_desc": "Gichobo centre.", "official_name": "Gichobo Dispensary", "owner": {"name": "Other Public Institution"}, "keph_level": {"name": "Level 2"}, "ward": {"code": 834}, "number_of_cots": 0, "town": {"name": "njoro"}, "name": "Gichobo Dispensary", "created": "2009-10-31T00:00:00+00:00", "regulatory_body": {"name": "Other"}, "facility_type": {"name": "Dispensary"}, "plot_number": null, "operation_status": {"name": "Not-Operational"}, "number_of_beds": 0}, {"code": 16399, "location_desc": null, "official_name": "Mukorombosi Dispensary", "owner": {"name": "Ministry of Health"}, "keph_level": {"name": "Level 2"}, "ward": {"code": 828}, "number_of_cots": 0, "name": "Mukorombosi Dispensary", "created": "2009-10-31T00:00:00+00:00", "regulatory_body": {"name": "Other"}, "facility_type": {"name": "Dispensary"}, "plot_number": null, "operation_status": {"name": "Not-Operational"}, "number_of_beds": 0}, {"code": 16397, "location_desc": " Gatimu centre.", "official_name": "Gatimu Dispensary", "owner": {"name": "Other Public Institution"}, "keph_level": {"name": "Level 2"}, "ward": {"code": 830}, "number_of_cots": 0, "town": {"name": "mau-narok"}, "name": "Gatimu Dispensary", "created": "2009-10-31T00:00:00+00:00", "regulatory_body": {"name": "Ministry of Health"}, "facility_type": {"name": "Dispensary"}, "plot_number": null, "operation_status": {"name": "Not-Operational"}, "number_of_beds": 0}, {"code": 16410, "location_desc": "Nakuru - Total road branch at Juction to Matumaini Primary School.", "official_name": "Matumaini Dispensary", "owner": {"name": "Other Faith Based"}, "keph_level": {"name": "Level 2"}, "ward": {"code": 828}, "number_of_cots": 0, "town": {"name": "molo"}, "name": "Matumaini Dispensary", "created": "2009-10-31T00:00:00+00:00", "regulatory_body": {"name": "Ministry of Health"}, "facility_type": {"name": "Dispensary"}, "plot_number": null, "operation_status": {"name": "Operational"}, "number_of_beds": 0}, {"code": 12916, "location_desc": null, "official_name": "Diani Dispensary ", "owner": {"name": "Private Enterprise (Institution)"}, "keph_level": {"name": "Level 2"}, "ward": {"code": 1437}, "number_of_cots": 0, "town": {"name": "nairobi"}, "name": "Diani Dispensary", "created": "2009-10-31T00:00:00+00:00", "regulatory_body": {"name": "Kenya MPDB - Institution"}, "facility_type": {"name": "Dispensary"}, "plot_number": null, "operation_status": {"name": "Operational"}, "number_of_beds": 0}, {"code": 16401, "location_desc": "Elburgon Kapsita centre.", "official_name": "Kapsita Dispensary", "owner": {"name": "Other Public Institution"}, "keph_level": {"name": "Level 2"}, "ward": {"code": 827}, "number_of_cots": 0, "town": {"name": "elburgon"}, "name": "Kapsita Dispensary", "created": "2009-10-31T00:00:00+00:00", "regulatory_body": {"name": "Ministry of Health"}, "facility_type": {"name": "Dispensary"}, "plot_number": null, "operation_status": {"name": "Not-Operational"}, "number_of_beds": 0}, {"code": 16398, "location_desc": "Mauche centre.", "official_name": "Kimugul Dispensary", "owner": {"name": "Ministry of Health"}, "keph_level": {"name": "Level 2"}, "ward": {"code": 831}, "number_of_cots": 0, "town": {"name": "mauche"}, "name": "Kimugul Dispensary", "created": "2009-10-31T00:00:00+00:00", "regulatory_body": {"name": "Other"}, "facility_type": {"name": "Dispensary"}, "plot_number": "437 likia", "operation_status": {"name": "Not-Operational"}, "number_of_beds": 0}, {"code": 16396, "location_desc": "Along Njoro - Mau- Narok road at mwingito.", "official_name": "Mwigito Dispensary", "owner": {"name": "Other Public Institution"}, "keph_level": {"name": "Level 2"}, "ward": {"code": 831}, "number_of_cots": 0, "town": {"name": "njoro"}, "name": "Mwigito Dispensary", "created": "2009-10-31T00:00:00+00:00", "regulatory_body": {"name": "Other"}, "facility_type": {"name": "Dispensary"}, "plot_number": "mwingito 37/19", "operation_status": {"name": "Not-Operational"}, "number_of_beds": 0}, {"code": 11952, "location_desc": null, "official_name": "Bori Dispensary", "owner": {"name": "Ministry of Health"}, "keph_level": {"name": "Level 2"}, "ward": {"code": 221}, "number_of_cots": 0, "town": {"name": "moyale"}, "name": "Bori Dispensary", "created": "2009-10-31T00:00:00+00:00", "regulatory_body": {"name": "Ministry of Health"}, "facility_type": {"name": "Dispensary"}, "plot_number": null, "operation_status": {"name": "Operational"}, "number_of_beds": 0}, {"code": 15986, "location_desc": null, "official_name": "Maeni Dispensary", "owner": {"name": "Ministry of Health"}, "keph_level": {"name": "Level 2"}, "ward": {"code": 1113}, "number_of_cots": 0, "town": {"name": "kimilili"}, "name": "Maeni Dispensary", "created": "2009-10-31T00:00:00+00:00", "regulatory_body": {"name": "Ministry of Health"}, "facility_type": {"name": "Dispensary"}, "plot_number": null, "operation_status": {"name": "Operational"}, "number_of_beds": 3}, {"code": 11558, "location_desc": "Near Mamba Primary School", "official_name": "Mamba Dispensary (MSAMBWENI)", "owner": {"name": "Ministry of Health"}, "keph_level": {"name": "Level 2"}, "ward": {"code": 36}, "number_of_cots": 0, "town": {"name": "msambweni"}, "name": "Mamba Dispensary", "created": "2009-10-31T00:00:00+00:00", "regulatory_body": {"name": "Ministry of Health"}, "facility_type": {"name": "Dispensary"}, "plot_number": null, "operation_status": {"name": "Operational"}, "number_of_beds": 0}, {"code": 12276, "location_desc": "Along Kathonzweni-Makindu Rd,kKangini mkt", "official_name": "Kiangini Dispensary", "owner": {"name": "Ministry of Health"}, "keph_level": {"name": "Level 2"}, "ward": {"code": 428}, "number_of_cots": 2, "town": {"name": "kiangini"}, "name": "Kiangini Dispensary", "created": "2009-10-31T00:00:00+00:00", "regulatory_body": {"name": "Ministry of Health"}, "facility_type": {"name": "Dispensary"}, "plot_number": null, "operation_status": {"name": "Operational"}, "number_of_beds": 2}, {"code": 16254, "location_desc": "Along wote mks rd off  Emali Rd", "official_name": " Kyuasini Health Centre", "owner": {"name": "Ministry of Health"}, "keph_level": {"name": "Level 3"}, "ward": {"code": 420}, "number_of_cots": 6, "town": {"name": "mukuyuni mkt"}, "name": "Kyuasini Health Centre", "created": "2009-10-31T00:00:00+00:00", "regulatory_body": {"name": "Ministry of Health"}, "facility_type": {"name": "Health Centre"}, "plot_number": "1334", "operation_status": {"name": "Operational"}, "number_of_beds": 10}, {"code": 15923, "location_desc": "Chebukaka to Teremi road next to Teremi Primary School.", "official_name": "Kapsambu Dispensary", "owner": {"name": "Ministry of Health"}, "keph_level": {"name": "Level 2"}, "ward": {"code": 1079}, "number_of_cots": 0, "town": {"name": "kapsambu"}, "name": "Kapsambu Dispensary", "created": "2009-10-31T00:00:00+00:00", "regulatory_body": {"name": "Ministry of Health"}, "facility_type": {"name": "Dispensary"}, "plot_number": "elgon/kapsambu/86", "operation_status": {"name": "Operational"}, "number_of_beds": 0}, {"code": 13539, "location_desc": null, "official_name": "Egetuki Medical Clinic", "owner": {"name": "Private Practice - Nurse / Midwife"}, "keph_level": {"name": "Level 2"}, "ward": {"code": 1324}, "number_of_cots": 0, "town": {"name": "egetuki"}, "name": "Egetuki Medical Clinic (Gucha)", "created": "2009-10-31T00:00:00+00:00", "regulatory_body": {"name": "Kenya MPDB - Private Practice"}, "facility_type": {"name": "Medical Clinic"}, "plot_number": null, "operation_status": {"name": "Operational"}, "number_of_beds": 0}, {"code": 12652, "location_desc": "Near Ngiluni Market", "official_name": "Ngiluni Dispensary (Kitui)", "owner": {"name": "Ministry of Health"}, "keph_level": {"name": "Level 2"}, "ward": {"code": 350}, "number_of_cots": 0, "town": {"name": "ngiluni"}, "name": "Ngiluni Dispensary (Kitui)", "created": "2009-10-31T00:00:00+00:00", "regulatory_body": {"name": "Ministry of Health"}, "facility_type": {"name": "Dispensary"}, "plot_number": null, "operation_status": {"name": "Operational"}, "number_of_beds": 0}, {"code": 15920, "location_desc": "Cheptais to Kanganga road near Kanganga market", "official_name": "Kanganga Dispensary", "owner": {"name": "Ministry of Health"}, "keph_level": {"name": "Level 2"}, "ward": {"code": 1076}, "number_of_cots": 0, "town": {"name": "kanganga"}, "name": "Kanganga Dispensary", "created": "2009-10-31T00:00:00+00:00", "regulatory_body": {"name": "Ministry of Health"}, "facility_type": {"name": "Dispensary"}, "plot_number": null, "operation_status": {"name": "Operational"}, "number_of_beds": 0}, {"code": 10458, "location_desc": "In the fishing camp, Kamweti forest", "official_name": "Kamweti Dispensary", "owner": {"name": "Ministry of Health"}, "keph_level": {"name": "Level 2"}, "ward": {"code": 504}, "number_of_cots": 0, "town": {"name": "kimunye"}, "name": "Kamweti Dispensary", "created": "2009-10-31T00:00:00+00:00", "regulatory_body": {"name": "Ministry of Health"}, "facility_type": {"name": "Dispensary"}, "plot_number": null, "operation_status": {"name": "Operational"}, "number_of_beds": 0}, {"code": 16435, "location_desc": null, "official_name": "Mukunike Dispensary", "owner": {"name": "Ministry of Health"}, "keph_level": {"name": "Level 2"}, "ward": {"code": 384}, "number_of_cots": 0, "town": {"name": "kangundo"}, "name": "Mukunike Dispensary", "created": "2009-10-31T00:00:00+00:00", "regulatory_body": {"name": "Ministry of Health"}, "facility_type": {"name": "Dispensary"}, "plot_number": " ", "operation_status": {"name": "Operational"}, "number_of_beds": 0}, {"code": 15956, "location_desc": "Located along Kopsiro-Cheptoror road opposite the District Officers Office Kopsiro.", "official_name": "Kopsiro  Health Centre", "owner": {"name": "Ministry of Health"}, "keph_level": {"name": "Level 3"}, "ward": {"code": 1079}, "number_of_cots": 2, "town": {"name": "kopsiro"}, "name": "Kopsiro Health Centre", "created": "2009-10-31T00:00:00+00:00", "regulatory_body": {"name": "Ministry of Health"}, "facility_type": {"name": "Health Centre"}, "plot_number": "elgon/kopsiro/318", "operation_status": {"name": "Operational"}, "number_of_beds": 20}], "model": "facilities.Facility", "unique_fields": ["code"]}]