[{"records": [{"code": 12381, "location_desc": "Along Machakos - Wote Road", "official_name": "Kola Health Centre", "owner": {"name": "Ministry of Health"}, "keph_level": {"name": "Level 3"}, "ward": {"code": 421}, "number_of_cots": 0, "town": {"name": "kola"}, "name": "Kola Health Centre", "created": "2009-10-31T00:00:00+00:00", "regulatory_body": {"name": "Ministry of Health"}, "facility_type": {"name": "Health Centre"}, "plot_number": null, "operation_status": {"name": "Operational"}, "number_of_beds": 12}, {"code": 10194, "location_desc": null, "official_name": "Gachege Dispensary", "owner": {"name": "Ministry of Health"}, "keph_level": {"name": "Level 2"}, "ward": {"code": 549}, "number_of_cots": 0, "town": {"name": "gatundutown"}, "name": "Gachege Dispensary", "created": "2009-10-31T00:00:00+00:00", "regulatory_body": {"name": "Ministry of Health"}, "facility_type": {"name": "Dispensary"}, "plot_number": null, "operation_status": {"name": "Operational"}, "number_of_beds": 0}, {"code": 13330, "location_desc": "located 12km north east of bute town along Bute Girls-Dugo road.", "official_name": "Dugo Health centre", "owner": {"name": "Ministry of Health"}, "keph_level": {"name": "Level 3"}, "ward": {"code": 167}, "number_of_cots": 0, "town": {"name": "dugo"}, "name": "Dugo Health Centre", "created": "2009-10-31T00:00:00+00:00", "regulatory_body": {"name": "Ministry of Health"}, "facility_type": {"name": "Health Centre"}, "plot_number": null, "operation_status": {"name": "Operational"}, "number_of_beds": 0}, {"code": 15070, "location_desc": null, "official_name": "Lolminingai Dispensary", "owner": {"name": "Ministry of Health"}, "keph_level": {"name": "Level 2"}, "ward": {"code": 773}, "number_of_cots": 0, "town": {"name": "kapsabet"}, "name": "Lolminingai Dispensary", "created": "2009-10-31T00:00:00+00:00", "regulatory_body": {"name": "Ministry of Health"}, "facility_type": {"name": "Dispensary"}, "plot_number": null, "operation_status": {"name": "Operational"}, "number_of_beds": 0}, {"code": 12146, "location_desc": null, "official_name": "Kalandini Health Centre", "owner": {"name": "Ministry of Health"}, "keph_level": {"name": "Level 3"}, "ward": {"code": 388}, "number_of_cots": 0, "town": {"name": "kalandini"}, "name": "Kalandini Health Centre", "created": "2009-10-31T00:00:00+00:00", "regulatory_body": {"name": "Ministry of Health"}, "facility_type": {"name": "Health Centre"}, "plot_number": null, "operation_status": {"name": "Operational"}, "number_of_beds": 0}, {"code": 12453, "location_desc": null, "official_name": "Makengi Dispensary (Embu)", "owner": {"name": "Ministry of Health"}, "keph_level": {"name": "Level 2"}, "ward": {"code": 317}, "number_of_cots": 0, "town": {"name": "makengi"}, "name": "Makengi Dispensary (Embu)", "created": "2009-10-31T00:00:00+00:00", "regulatory_body": {"name": "Ministry of Health"}, "facility_type": {"name": "Dispensary"}, "plot_number": "11", "operation_status": {"name": "Operational"}, "number_of_beds": 0}, {"code": 12393, "location_desc": "Kwa mulungu Primary School", "official_name": "Kwa Mulungu Dispensary", "owner": {"name": "Ministry of Health"}, "keph_level": {"name": "Level 2"}, "ward": {"code": 349}, "number_of_cots": 0, "town": {"name": "kitui"}, "name": "Kwa Mulungu Dispensary", "created": "2009-10-31T00:00:00+00:00", "regulatory_body": {"name": "Ministry of Health"}, "facility_type": {"name": "Dispensary"}, "plot_number": null, "operation_status": {"name": "Operational"}, "number_of_beds": 0}, {"code": 13639, "location_desc": "Facility is located in the Kabuto Island in Lake Victoria", "official_name": "Kabuto Dispensary ", "owner": {"name": "Ministry of Health"}, "keph_level": {"name": "Level 2"}, "ward": {"code": 1284}, "number_of_cots": 0, "town": {"name": "kabuto"}, "name": "Kabuto Dispensary", "created": "2009-10-31T00:00:00+00:00", "regulatory_body": {"name": "Ministry of Health"}, "facility_type": {"name": "Dispensary"}, "plot_number": null, "operation_status": {"name": "Operational"}, "number_of_beds": 2}, {"code": 11784, "location_desc": null, "official_name": "Shella Dispensary", "owner": {"name": "Ministry of Health"}, "keph_level": {"name": "Level 2"}, "ward": {"code": 104}, "number_of_cots": 0, "town": {"name": "shella"}, "name": "Shella Dispensary", "created": "2009-10-31T00:00:00+00:00", "regulatory_body": {"name": "Ministry of Health"}, "facility_type": {"name": "Dispensary"}, "plot_number": null, "operation_status": {"name": "Operational"}, "number_of_beds": 0}, {"code": 12819, "location_desc": null, "official_name": "Tyaa Kamuthale Dispensary", "owner": {"name": "Ministry of Health"}, "keph_level": {"name": "Level 3"}, "ward": {"code": 333}, "number_of_cots": 0, "town": {"name": "tyaa kamuthale"}, "name": "Tyaa Kamuthale Dispensary", "created": "2009-10-31T00:00:00+00:00", "regulatory_body": {"name": "Ministry of Health"}, "facility_type": {"name": "Health Centre"}, "plot_number": null, "operation_status": {"name": "Operational"}, "number_of_beds": 4}, {"code": 14005, "location_desc": null, "official_name": "Ouya Dispensary ", "owner": {"name": "Ministry of Health"}, "keph_level": {"name": "Level 2"}, "ward": {"code": 1177}, "number_of_cots": 0, "town": {"name": "anyuongi"}, "name": "Ouya Dispensary", "created": "2009-10-31T00:00:00+00:00", "regulatory_body": {"name": "Ministry of Health"}, "facility_type": {"name": "Dispensary"}, "plot_number": " ", "operation_status": {"name": "Operational"}, "number_of_beds": 2}, {"code": 12837, "location_desc": null, "official_name": "Vyulya Dispensary", "owner": {"name": "Ministry of Health"}, "keph_level": {"name": "Level 2"}, "ward": {"code": 406}, "number_of_cots": 0, "town": {"name": "masii"}, "name": "Vyulya Dispensary", "created": "2009-10-31T00:00:00+00:00", "regulatory_body": {"name": "Ministry of Health"}, "facility_type": {"name": "Dispensary"}, "plot_number": " ", "operation_status": {"name": "Operational"}, "number_of_beds": 0}, {"code": 11481, "location_desc": "Next to  Mwanamwinga Chief's office", "official_name": "Kinarani Dispensary", "owner": {"name": "Ministry of Health"}, "keph_level": {"name": "Level 2"}, "ward": {"code": 66}, "number_of_cots": 0, "town": {"name": "kinarani"}, "name": "Kinarani Dispensary", "created": "2009-10-31T00:00:00+00:00", "regulatory_body": {"name": "Ministry of Health"}, "facility_type": {"name": "Dispensary"}, "plot_number": null, "operation_status": {"name": "Operational"}, "number_of_beds": 0}, {"code": 13583, "location_desc": "Facility is located in Godkwer near Legio Maria Church headquarters", "official_name": "God Kwer Dispensary ", "owner": {"name": "Ministry of Health"}, "keph_level": {"name": "Level 2"}, "ward": {"code": 1273}, "number_of_cots": 0, "town": {"name": "god kwer legio maria headquarters"}, "name": "God Kwer Dispensary", "created": "2009-10-31T00:00:00+00:00", "regulatory_body": {"name": "Ministry of Health"}, "facility_type": {"name": "Dispensary"}, "plot_number": "isolated", "operation_status": {"name": "Operational"}, "number_of_beds": 3}, {"code": 15973, "location_desc": null, "official_name": "Lungai Dispensary", "owner": {"name": "Ministry of Health"}, "keph_level": {"name": "Level 2"}, "ward": {"code": 1116}, "number_of_cots": 0, "town": {"name": "naitiri"}, "name": "Lungai Dispensary", "created": "2009-10-31T00:00:00+00:00", "regulatory_body": {"name": "Ministry of Health"}, "facility_type": {"name": "Dispensary"}, "plot_number": null, "operation_status": {"name": "Operational"}, "number_of_beds": 0}, {"code": 12807, "location_desc": null, "official_name": "Tulila Dispensary", "owner": {"name": "Ministry of Health"}, "keph_level": {"name": "Level 2"}, "ward": {"code": 410}, "number_of_cots": 0, "town": {"name": "wamunyu"}, "name": "Tulila Dispensary", "created": "2009-10-31T00:00:00+00:00", "regulatory_body": {"name": "Ministry of Health"}, "facility_type": {"name": "Dispensary"}, "plot_number": " ", "operation_status": {"name": "Operational"}, "number_of_beds": 0}, {"code": 16055, "location_desc": null, "official_name": "Emutsesa Dispensary", "owner": {"name": "Ministry of Health"}, "keph_level": {"name": "Level 2"}, "ward": {"code": 1040}, "number_of_cots": 0, "town": {"name": "khumutibo"}, "name": "Emutsesa Dispensary", "created": "2009-10-31T00:00:00+00:00", "regulatory_body": {"name": "Ministry of Health"}, "facility_type": {"name": "Dispensary"}, "plot_number": null, "operation_status": {"name": "Operational"}, "number_of_beds": 0}, {"code": 10653, "location_desc": null, "official_name": "Lamuria Dispensary (Nyeri North)", "owner": {"name": "Ministry of Health"}, "keph_level": {"name": "Level 2"}, "ward": {"code": 472}, "number_of_cots": 0, "town": {"name": "lamuria"}, "name": "Lamuria Dispensary (Nyeri North)", "created": "2009-10-31T00:00:00+00:00", "regulatory_body": {"name": "Ministry of Health"}, "facility_type": {"name": "Dispensary"}, "plot_number": null, "operation_status": {"name": "Operational"}, "number_of_beds": 0}, {"code": 13443, "location_desc": "Garissa-Modogashe road", "official_name": "Shimbrey Dispensary", "owner": {"name": "Ministry of Health"}, "keph_level": {"name": "Level 2"}, "ward": {"code": 139}, "number_of_cots": 0, "town": {"name": "garissa"}, "name": "Shimbrey Dispensary", "created": "2009-10-31T00:00:00+00:00", "regulatory_body": {"name": "Ministry of Health"}, "facility_type": {"name": "Dispensary"}, "plot_number": null, "operation_status": {"name": "Operational"}, "number_of_beds": 0}, {"code": 13780, "location_desc": "Bondo Misori Route", "official_name": "Masala Dispensary ", "owner": {"name": "Ministry of Health"}, "keph_level": {"name": "Level 2"}, "ward": {"code": 1183}, "number_of_cots": 0, "town": {"name": "anyuongi"}, "name": "Masala Dispensary", "created": "2009-10-31T00:00:00+00:00", "regulatory_body": {"name": "Ministry of Health"}, "facility_type": {"name": "Dispensary"}, "plot_number": null, "operation_status": {"name": "Operational"}, "number_of_beds": 3}, {"code": 12220, "location_desc": null, "official_name": "Kathama Dispensary", "owner": {"name": "Ministry of Health"}, "keph_level": {"name": "Level 2"}, "ward": {"code": 405}, "number_of_cots": 0, "town": {"name": "mbiuni"}, "name": "Kathama Dispensary", "created": "2009-10-31T00:00:00+00:00", "regulatory_body": {"name": "Ministry of Health"}, "facility_type": {"name": "Dispensary"}, "plot_number": " ", "operation_status": {"name": "Operational"}, "number_of_beds": 1}, {"code": 11534, "location_desc": "Along Malindi tsavo road and before reaching Kakuyuni there is a branch to Madunguni approximately 15kms longs Next to assistant chiefs office", "official_name": "Madunguni Dispensary", "owner": {"name": "Ministry of Health"}, "keph_level": {"name": "Level 2"}, "ward": {"code": 76}, "number_of_cots": 0, "town": {"name": "malindi"}, "name": "Madunguni Dispensary", "created": "2009-10-31T00:00:00+00:00", "regulatory_body": {"name": "Ministry of Health"}, "facility_type": {"name": "Dispensary"}, "plot_number": null, "operation_status": {"name": "Operational"}, "number_of_beds": 0}, {"code": 14164, "location_desc": null, "official_name": "Usigu Dispensary ", "owner": {"name": "Ministry of Health"}, "keph_level": {"name": "Level 2"}, "ward": {"code": 1178}, "number_of_cots": 0, "town": {"name": "usigu"}, "name": "Usigu Dispensary", "created": "2009-10-31T00:00:00+00:00", "regulatory_body": {"name": "Ministry of Health"}, "facility_type": {"name": "Dispensary"}, "plot_number": null, "operation_status": {"name": "Operational"}, "number_of_beds": 2}, {"code": 13931, "location_desc": null, "official_name": "Nyanko Dispensary ", "owner": {"name": "Ministry of Health"}, "keph_level": {"name": "Level 2"}, "ward": {"code": 1331}, "number_of_cots": 0, "town": {"name": "nyanko"}, "name": "Nyanko Dispensary", "created": "2009-10-31T00:00:00+00:00", "regulatory_body": {"name": "Ministry of Health"}, "facility_type": {"name": "Dispensary"}, "plot_number": null, "operation_status": {"name": "Operational"}, "number_of_beds": 0}, {"code": 12396, "location_desc": "Kwavonza Trading Centre", "official_name": "Kwa Vonza Dispensary ", "owner": {"name": "Ministry of Health"}, "keph_level": {"name": "Level 2"}, "ward": {"code": 352}, "number_of_cots": 0, "town": {"name": "kwavonza"}, "name": "Kwa Vonza Dispensary", "created": "2009-10-31T00:00:00+00:00", "regulatory_body": {"name": "Ministry of Health"}, "facility_type": {"name": "Dispensary"}, "plot_number": null, "operation_status": {"name": "Operational"}, "number_of_beds": 8}, {"code": 13945, "location_desc": null, "official_name": "Nyatike Health Centre", "owner": {"name": "Ministry of Health"}, "keph_level": {"name": "Level 3"}, "ward": {"code": 1305}, "number_of_cots": 5, "town": {"name": "nyamoe centre"}, "name": "Nyatike Health Centre", "created": "2009-10-31T00:00:00+00:00", "regulatory_body": {"name": "Ministry of Health"}, "facility_type": {"name": "Health Centre"}, "plot_number": null, "operation_status": {"name": "Operational"}, "number_of_beds": 10}, {"code": 12180, "location_desc": null, "official_name": "Kanyaa Dispensary", "owner": {"name": "Ministry of Health"}, "keph_level": {"name": "Level 2"}, "ward": {"code": 336}, "number_of_cots": 0, "town": {"name": "kanyaa"}, "name": "Kanyaa Dispensary", "created": "2009-10-31T00:00:00+00:00", "regulatory_body": {"name": "Ministry of Health"}, "facility_type": {"name": "Dispensary"}, "plot_number": null, "operation_status": {"name": "Operational"}, "number_of_beds": 0}, {"code": 12099, "location_desc": null, "official_name": "Itongolani Dispensary", "owner": {"name": "Ministry of Health"}, "keph_level": {"name": "Level 2"}, "ward": {"code": 339}, "number_of_cots": 0, "town": {"name": "itongolani"}, "name": "Itongolani Dispensary", "created": "2009-10-31T00:00:00+00:00", "regulatory_body": {"name": "Ministry of Health"}, "facility_type": {"name": "Dispensary"}, "plot_number": null, "operation_status": {"name": "Operational"}, "number_of_beds": 0}, {"code": 12495, "location_desc": null, "official_name": "Mavui Dispensary", "owner": {"name": "Ministry of Health"}, "keph_level": {"name": "Level 2"}, "ward": {"code": 336}, "number_of_cots": 0, "town": {"name": "mavui"}, "name": "Mavui Dispensary", "created": "2009-10-31T00:00:00+00:00", "regulatory_body": {"name": "Ministry of Health"}, "facility_type": {"name": "Dispensary"}, "plot_number": null, "operation_status": {"name": "Operational"}, "number_of_beds": 0}, {"code": 11689, "location_desc": "Near Mwangatini trading centre past Markebuni dispensary", "official_name": "Mwangatini Dispensary", "owner": {"name": "Ministry of Health"}, "keph_level": {"name": "Level 2"}, "ward": {"code": 80}, "number_of_cots": 0, "town": {"name": "markebuni"}, "name": "Mwangatini Dispensary", "created": "2009-10-31T00:00:00+00:00", "regulatory_body": {"name": "Ministry of Health"}, "facility_type": {"name": "Dispensary"}, "plot_number": null, "operation_status": {"name": "Operational"}, "number_of_beds": 0}, {"code": 12436, "location_desc": "Off Garissa Road", "official_name": "Maai Dispensary", "owner": {"name": "Ministry of Health"}, "keph_level": {"name": "Level 2"}, "ward": {"code": 342}, "number_of_cots": 0, "town": {"name": "maai"}, "name": "Maai Dispensary", "created": "2009-10-31T00:00:00+00:00", "regulatory_body": {"name": "Ministry of Health"}, "facility_type": {"name": "Dispensary"}, "plot_number": null, "operation_status": {"name": "Operational"}, "number_of_beds": 0}, {"code": 12792, "location_desc": null, "official_name": "Thaana Nzau Dispensary", "owner": {"name": "Ministry of Health"}, "keph_level": {"name": "Level 2"}, "ward": {"code": 336}, "number_of_cots": 0, "town": {"name": "thananzau"}, "name": "Thaana Nzau Dispensary", "created": "2009-10-31T00:00:00+00:00", "regulatory_body": {"name": "Ministry of Health"}, "facility_type": {"name": "Dispensary"}, "plot_number": null, "operation_status": {"name": "Operational"}, "number_of_beds": 0}, {"code": 11453, "location_desc": "Along Tsavo road Next to the Kakuyuni shopping center", "official_name": "Kakuyuni Dispensary (Malindi)", "owner": {"name": "Ministry of Health"}, "keph_level": {"name": "Level 2"}, "ward": {"code": 54}, "number_of_cots": 0, "town": {"name": "malindi"}, "name": "Kakuyuni Dispensary (Malindi)", "created": "2009-10-31T00:00:00+00:00", "regulatory_body": {"name": "Ministry of Health"}, "facility_type": {"name": "Dispensary"}, "plot_number": "258", "operation_status": {"name": "Operational"}, "number_of_beds": 0}, {"code": 13886, "location_desc": null, "official_name": "Nyakwana Dispensary ", "owner": {"name": "Ministry of Health"}, "keph_level": {"name": "Level 2"}, "ward": {"code": 1334}, "number_of_cots": 0, "town": {"name": "matunwa"}, "name": "Nyakwana Dispensary", "created": "2009-10-31T00:00:00+00:00", "regulatory_body": {"name": "Ministry of Health"}, "facility_type": {"name": "Dispensary"}, "plot_number": null, "operation_status": {"name": "Operational"}, "number_of_beds": 0}, {"code": 14328, "location_desc": "Chepakundi trading Centre.", "official_name": "Chepakundi Dispensary", "owner": {"name": "Ministry of Health"}, "keph_level": {"name": "Level 2"}, "ward": {"code": 891}, "number_of_cots": 0, "town": {"name": "olenguruone"}, "name": "Chepakundi Dispensary", "created": "2009-10-31T00:00:00+00:00", "regulatory_body": {"name": "Ministry of Health"}, "facility_type": {"name": "Dispensary"}, "plot_number": null, "operation_status": {"name": "Operational"}, "number_of_beds": 0}, {"code": 13389, "location_desc": "Next to Kutulo Primary School along Wajir Mandera Road", "official_name": "Kutulo Health Centre (Wajir East)", "owner": {"name": "Ministry of Health"}, "keph_level": {"name": "Level 3"}, "ward": {"code": 173}, "number_of_cots": 0, "town": {"name": "kutulo town"}, "name": "Kutulo Health Centre (Wajir East)", "created": "2009-10-31T00:00:00+00:00", "regulatory_body": {"name": "Ministry of Health"}, "facility_type": {"name": "Health Centre"}, "plot_number": null, "operation_status": {"name": "Operational"}, "number_of_beds": 3}, {"code": 12226, "location_desc": null, "official_name": "Kathanje Dispensary", "owner": {"name": "Ministry of Health"}, "keph_level": {"name": "Level 2"}, "ward": {"code": 329}, "number_of_cots": 0, "town": {"name": "kathanje"}, "name": "Kathanje Dispensary", "created": "2009-10-31T00:00:00+00:00", "regulatory_body": {"name": "Ministry of Health"}, "facility_type": {"name": "Dispensary"}, "plot_number": null, "operation_status": {"name": "Operational"}, "number_of_beds": 0}, {"code": 12600, "location_desc": null, "official_name": "Mutitu Dispensary", "owner": {"name": "Ministry of Health"}, "keph_level": {"name": "Level 2"}, "ward": {"code": 391}, "number_of_cots": 0, "town": {"name": "kathiani"}, "name": "Mutitu Dispensary", "created": "2009-10-31T00:00:00+00:00", "regulatory_body": {"name": "Ministry of Health"}, "facility_type": {"name": "Dispensary"}, "plot_number": null, "operation_status": {"name": "Operational"}, "number_of_beds": 2}, {"code": 13825, "location_desc": "found along Nyamarambe - Ranen road", "official_name": "Moticho Health Centre", "owner": {"name": "Ministry of Health"}, "keph_level": {"name": "Level 3"}, "ward": {"code": 1309}, "number_of_cots": 0, "town": {"name": "etago mkt"}, "name": "Moticho Health Centre", "created": "2009-10-31T00:00:00+00:00", "regulatory_body": {"name": "Ministry of Health"}, "facility_type": {"name": "Health Centre"}, "plot_number": null, "operation_status": {"name": "Operational"}, "number_of_beds": 0}, {"code": 10202, "location_desc": null, "official_name": "Gakoe Health Centre", "owner": {"name": "Ministry of Health"}, "keph_level": {"name": "Level 3"}, "ward": {"code": 567}, "number_of_cots": 1, "town": {"name": "gatundutown"}, "name": "Gakoe Health Centre", "created": "2009-10-31T00:00:00+00:00", "regulatory_body": {"name": "Ministry of Health"}, "facility_type": {"name": "Health Centre"}, "plot_number": null, "operation_status": {"name": "Operational"}, "number_of_beds": 3}, {"code": 12421, "location_desc": null, "official_name": "Kyusyani Dispensary", "owner": {"name": "Ministry of Health"}, "keph_level": {"name": "Level 2"}, "ward": {"code": 336}, "number_of_cots": 0, "town": {"name": "kyusyani"}, "name": "Kyusyani Dispensary", "created": "2009-10-31T00:00:00+00:00", "regulatory_body": {"name": "Ministry of Health"}, "facility_type": {"name": "Dispensary"}, "plot_number": null, "operation_status": {"name": "Operational"}, "number_of_beds": 0}, {"code": 12571, "location_desc": "Mumbuni market,Wote-Mumbuni Rd,Opp. Mumbuni Catholic Church", "official_name": "Mumbuni Dispensary (Makueni)", "owner": {"name": "Ministry of Health"}, "keph_level": {"name": "Level 2"}, "ward": {"code": 425}, "number_of_cots": 5, "town": {"name": "wote"}, "name": "Mumbuni Dispensary (Makueni)", "created": "2009-10-31T00:00:00+00:00", "regulatory_body": {"name": "Ministry of Health"}, "facility_type": {"name": "Dispensary"}, "plot_number": null, "operation_status": {"name": "Operational"}, "number_of_beds": 5}, {"code": 15990, "location_desc": "Kamukuywa Kaptama road next to makhonge market", "official_name": "Makhonge Health Centre", "owner": {"name": "Ministry of Health"}, "keph_level": {"name": "Level 3"}, "ward": {"code": 1114}, "number_of_cots": 0, "town": {"name": "kamukuywa"}, "name": "Makhonge Health Centre", "created": "2009-10-31T00:00:00+00:00", "regulatory_body": {"name": "Ministry of Health"}, "facility_type": {"name": "Health Centre"}, "plot_number": null, "operation_status": {"name": "Operational"}, "number_of_beds": 20}, {"code": 13948, "location_desc": null, "official_name": "Nyenye Misori Dispensary ", "owner": {"name": "Ministry of Health"}, "keph_level": {"name": "Level 2"}, "ward": {"code": 1175}, "number_of_cots": 0, "town": {"name": "usenge"}, "name": "Nyenye Misori Dispensary", "created": "2009-10-31T00:00:00+00:00", "regulatory_body": {"name": "Ministry of Health"}, "facility_type": {"name": "Dispensary"}, "plot_number": " ", "operation_status": {"name": "Operational"}, "number_of_beds": 0}, {"code": 13697, "location_desc": null, "official_name": "Kionyo Health Centre (Nyamache)", "owner": {"name": "Ministry of Health"}, "keph_level": {"name": "Level 3"}, "ward": {"code": 1316}, "number_of_cots": 0, "town": {"name": "kionyo"}, "name": "Kionyo Health Centre (Nyamache)", "created": "2009-10-31T00:00:00+00:00", "regulatory_body": {"name": "Ministry of Health"}, "facility_type": {"name": "Health Centre"}, "plot_number": null, "operation_status": {"name": "Operational"}, "number_of_beds": 0}, {"code": 12191, "location_desc": "Along Kathonzweni-Makindu Rd,off Kavumbu-Kanzokea Rd,within Kanzokea Mkt", "official_name": "Kanzokea Health Centre", "owner": {"name": "Ministry of Health"}, "keph_level": {"name": "Level 3"}, "ward": {"code": 427}, "number_of_cots": 0, "town": {"name": "kathonzweni"}, "name": "Kanzokea Health Centre", "created": "2009-10-31T00:00:00+00:00", "regulatory_body": {"name": "Ministry of Health"}, "facility_type": {"name": "Health Centre"}, "plot_number": "90", "operation_status": {"name": "Operational"}, "number_of_beds": 10}, {"code": 11368, "location_desc": "Eshu Masjid", "official_name": "Eshu Dispensary", "owner": {"name": "Ministry of Health"}, "keph_level": {"name": "Level 2"}, "ward": {"code": 34}, "number_of_cots": 0, "town": {"name": "eshu village"}, "name": "Eshu Dispensary", "created": "2009-10-31T00:00:00+00:00", "regulatory_body": {"name": "Ministry of Health"}, "facility_type": {"name": "Dispensary"}, "plot_number": null, "operation_status": {"name": "Operational"}, "number_of_beds": 0}, {"code": 11684, "location_desc": null, "official_name": "Mwaluphamba Dispensary", "owner": {"name": "Ministry of Health"}, "keph_level": {"name": "Level 2"}, "ward": {"code": 43}, "number_of_cots": 0, "town": {"name": "kwale"}, "name": "Mwaluphamba Dispensary", "created": "2009-10-31T00:00:00+00:00", "regulatory_body": {"name": "Ministry of Health"}, "facility_type": {"name": "Dispensary"}, "plot_number": null, "operation_status": {"name": "Operational"}, "number_of_beds": 0}, {"code": 15892, "location_desc": null, "official_name": "GK Prisons Dispensary (Kakamega Central)", "owner": {"name": "Ministry of Health"}, "keph_level": {"name": "Level 2"}, "ward": {"code": 1014}, "number_of_cots": 0, "town": {"name": "kakamege town"}, "name": "GK Prisons Dispensary (Kakamega Central)", "created": "2009-10-31T00:00:00+00:00", "regulatory_body": {"name": "Ministry of Health"}, "facility_type": {"name": "Dispensary"}, "plot_number": " ", "operation_status": {"name": "Operational"}, "number_of_beds": 0}, {"code": 11633, "location_desc": "Mkwiro Primary School", "official_name": "Mkwiro Dispensary", "owner": {"name": "Ministry of Health"}, "keph_level": {"name": "Level 2"}, "ward": {"code": 35}, "number_of_cots": 0, "town": {"name": "msambweni"}, "name": "Mkwiro Dispensary", "created": "2009-10-31T00:00:00+00:00", "regulatory_body": {"name": "Ministry of Health"}, "facility_type": {"name": "Dispensary"}, "plot_number": null, "operation_status": {"name": "Operational"}, "number_of_beds": 0}, {"code": 12479, "location_desc": null, "official_name": "Masyungwa Health centre", "owner": {"name": "Ministry of Health"}, "keph_level": {"name": "Level 3"}, "ward": {"code": 334}, "number_of_cots": 2, "town": {"name": "kathuri"}, "name": "Masyungwa Health Centre", "created": "2009-10-31T00:00:00+00:00", "regulatory_body": {"name": "Ministry of Health"}, "facility_type": {"name": "Health Centre"}, "plot_number": null, "operation_status": {"name": "Operational"}, "number_of_beds": 6}, {"code": 11693, "location_desc": "Behind Mwapala Primary School", "official_name": "Mwapala Dispensary", "owner": {"name": "Ministry of Health"}, "keph_level": {"name": "Level 2"}, "ward": {"code": 42}, "number_of_cots": 0, "town": {"name": "shimba hills"}, "name": "Mwapala Dispensary", "created": "2009-10-31T00:00:00+00:00", "regulatory_body": {"name": "Ministry of Health"}, "facility_type": {"name": "Dispensary"}, "plot_number": null, "operation_status": {"name": "Operational"}, "number_of_beds": 0}, {"code": 10222, "location_desc": "Near Gatitu Police Station", "official_name": "Gatitu Dispensary", "owner": {"name": "Ministry of Health"}, "keph_level": {"name": "Level 2"}, "ward": {"code": 468}, "number_of_cots": 0, "town": {"name": "gatitu"}, "name": "Gatitu Dispensary", "created": "2009-10-31T00:00:00+00:00", "regulatory_body": {"name": "Ministry of Health"}, "facility_type": {"name": "Dispensary"}, "plot_number": null, "operation_status": {"name": "Operational"}, "number_of_beds": 0}, {"code": 12781, "location_desc": "Syongila Market", "official_name": "Syongila Dispensary ", "owner": {"name": "Ministry of Health"}, "keph_level": {"name": "Level 2"}, "ward": {"code": 358}, "number_of_cots": 0, "town": {"name": "kitui"}, "name": "Syongila Dispensary", "created": "2009-10-31T00:00:00+00:00", "regulatory_body": {"name": "Ministry of Health"}, "facility_type": {"name": "Dispensary"}, "plot_number": null, "operation_status": {"name": "Operational"}, "number_of_beds": 0}, {"code": 13671, "location_desc": null, "official_name": "Kenyambi Health Centre", "owner": {"name": "Ministry of Health"}, "keph_level": {"name": "Level 3"}, "ward": {"code": 1317}, "number_of_cots": 0, "town": {"name": "nyamache"}, "name": "Kenyambi Health Centre", "created": "2009-10-31T00:00:00+00:00", "regulatory_body": {"name": "Ministry of Health"}, "facility_type": {"name": "Health Centre"}, "plot_number": null, "operation_status": {"name": "Operational"}, "number_of_beds": 0}, {"code": 15331, "location_desc": "Njoro - Beston - Sigotik road at Nessuit Centre", "official_name": "Neissuit Dispensary", "owner": {"name": "Ministry of Health"}, "keph_level": {"name": "Level 2"}, "ward": {"code": 833}, "number_of_cots": 0, "town": {"name": "njoro"}, "name": "Neissuit Dispensary", "created": "2009-10-31T00:00:00+00:00", "regulatory_body": {"name": "Ministry of Health"}, "facility_type": {"name": "Dispensary"}, "plot_number": "1360", "operation_status": {"name": "Operational"}, "number_of_beds": 0}, {"code": 11293, "location_desc": "Along Mombasa-Malindi  road branch at Kizingo stage Jacaranda road 5kms opposite Mbarakachembe  Primary School.", "official_name": "Cowdray Dispensary", "owner": {"name": "Ministry of Health"}, "keph_level": {"name": "Level 2"}, "ward": {"code": 56}, "number_of_cots": 0, "town": {"name": "mbarakachembe"}, "name": "Cowdray Dispensary", "created": "2009-10-31T00:00:00+00:00", "regulatory_body": {"name": "Ministry of Health"}, "facility_type": {"name": "Dispensary"}, "plot_number": null, "operation_status": {"name": "Operational"}, "number_of_beds": 0}, {"code": 11884, "location_desc": "Near Vitsangalaweni Primary School", "official_name": "Vitsangalaweni Dispensary", "owner": {"name": "Ministry of Health"}, "keph_level": {"name": "Level 2"}, "ward": {"code": 36}, "number_of_cots": 0, "town": {"name": "lunga lunga"}, "name": "Vitsangalaweni Dispensary", "created": "2009-10-31T00:00:00+00:00", "regulatory_body": {"name": "Ministry of Health"}, "facility_type": {"name": "Dispensary"}, "plot_number": null, "operation_status": {"name": "Operational"}, "number_of_beds": 0}, {"code": 10566, "location_desc": "Adjacent Kiaragana shopping centre near coffee factory", "official_name": "Kiaragana Dispensary", "owner": {"name": "Ministry of Health"}, "keph_level": {"name": "Level 2"}, "ward": {"code": 509}, "number_of_cots": 0, "town": {"name": "kiaragana"}, "name": "Kiaragana Dispensary", "created": "2009-10-31T00:00:00+00:00", "regulatory_body": {"name": "Ministry of Health"}, "facility_type": {"name": "Dispensary"}, "plot_number": null, "operation_status": {"name": "Operational"}, "number_of_beds": 0}, {"code": 11630, "location_desc": "Next to Mkundi Primary and Opposite Mangawani Secondary School", "official_name": "Mkundi Dispensary", "owner": {"name": "Ministry of Health"}, "keph_level": {"name": "Level 2"}, "ward": {"code": 42}, "number_of_cots": 0, "town": {"name": "shimba hills"}, "name": "Mkundi Dispensary", "created": "2009-10-31T00:00:00+00:00", "regulatory_body": {"name": "Ministry of Health"}, "facility_type": {"name": "Dispensary"}, "plot_number": null, "operation_status": {"name": "Operational"}, "number_of_beds": 0}, {"code": 14324, "location_desc": "Approx.7kms off Kapsabet-Eldoret highway from Chepterit Trading Centre junction to Chepterit-Baraton Road", "official_name": "Chemundu Dispensary", "owner": {"name": "Ministry of Health"}, "keph_level": {"name": "Level 2"}, "ward": {"code": 765}, "number_of_cots": 0, "town": {"name": "kapsabet"}, "name": "Chemundu Dispensary (Nandi Central)", "created": "2009-10-31T00:00:00+00:00", "regulatory_body": {"name": "Ministry of Health"}, "facility_type": {"name": "Dispensary"}, "plot_number": null, "operation_status": {"name": "Operational"}, "number_of_beds": 0}, {"code": 12378, "location_desc": "Kiviu Market", "official_name": "Kiviu Dispensary ", "owner": {"name": "Ministry of Health"}, "keph_level": {"name": "Level 2"}, "ward": {"code": 354}, "number_of_cots": 0, "town": {"name": "kitui"}, "name": "Kiviu Dispensary", "created": "2009-10-31T00:00:00+00:00", "regulatory_body": {"name": "Ministry of Health"}, "facility_type": {"name": "Dispensary"}, "plot_number": null, "operation_status": {"name": "Operational"}, "number_of_beds": 0}, {"code": 13502, "location_desc": "One KM From Ekerorano Mkt", "official_name": "Bitare Dispensary", "owner": {"name": "Ministry of Health"}, "keph_level": {"name": "Level 2"}, "ward": {"code": 1303}, "number_of_cots": 0, "town": {"name": "ekerorano market"}, "name": "Bitare Dispensary", "created": "2009-10-31T00:00:00+00:00", "regulatory_body": {"name": "Ministry of Health"}, "facility_type": {"name": "Dispensary"}, "plot_number": null, "operation_status": {"name": "Operational"}, "number_of_beds": 0}, {"code": 12370, "location_desc": null, "official_name": "Kitunduni Dispensary", "owner": {"name": "Ministry of Health"}, "keph_level": {"name": "Level 2"}, "ward": {"code": 393}, "number_of_cots": 0, "town": {"name": "kaviani"}, "name": "Kitunduni Dispensary", "created": "2009-10-31T00:00:00+00:00", "regulatory_body": {"name": "Ministry of Health"}, "facility_type": {"name": "Dispensary"}, "plot_number": null, "operation_status": {"name": "Operational"}, "number_of_beds": 1}, {"code": 10262, "location_desc": "Next to ACK Githanga church", "official_name": "Githanga (ACK) Dispensary", "owner": {"name": "Christian Health Association of Kenya"}, "keph_level": {"name": "Level 2"}, "ward": {"code": 487}, "number_of_cots": 0, "town": {"name": "muranga"}, "name": "Githanga (ACK) Dispensary", "created": "2009-10-31T00:00:00+00:00", "regulatory_body": {"name": "Ministry of Health"}, "facility_type": {"name": "Dispensary"}, "plot_number": null, "operation_status": {"name": "Operational"}, "number_of_beds": 0}, {"code": 11730, "location_desc": "Near Palakumi Primary School", "official_name": "Palakumi Dispensary", "owner": {"name": "Ministry of Health"}, "keph_level": {"name": "Level 2"}, "ward": {"code": 73}, "number_of_cots": 0, "town": {"name": "palakumi village"}, "name": "Palakumi Dispensary", "created": "2009-10-31T00:00:00+00:00", "regulatory_body": {"name": "Ministry of Health"}, "facility_type": {"name": "Dispensary"}, "plot_number": null, "operation_status": {"name": "Operational"}, "number_of_beds": 0}, {"code": 11590, "location_desc": "Opposite Mbuguni market centre", "official_name": "Mbuguni Dispensary", "owner": {"name": "Ministry of Health"}, "keph_level": {"name": "Level 2"}, "ward": {"code": 39}, "number_of_cots": 0, "town": {"name": "kwale"}, "name": "Mbuguni Dispensary", "created": "2009-10-31T00:00:00+00:00", "regulatory_body": {"name": "Ministry of Health"}, "facility_type": {"name": "Dispensary"}, "plot_number": null, "operation_status": {"name": "Operational"}, "number_of_beds": 0}, {"code": 12337, "location_desc": "Along Nkubu-Mitunguu road near Kirogine market", "official_name": "Kirogine Dispensary", "owner": {"name": "Ministry of Health"}, "keph_level": {"name": "Level 2"}, "ward": {"code": 293}, "number_of_cots": 0, "town": {"name": "kanyakine mkt"}, "name": "Kirogine Dispensary", "created": "2009-10-31T00:00:00+00:00", "regulatory_body": {"name": "Ministry of Health"}, "facility_type": {"name": "Dispensary"}, "plot_number": null, "operation_status": {"name": "Operational"}, "number_of_beds": 0}, {"code": 16861, "location_desc": null, "official_name": "Ngaie Dispensary", "owner": {"name": "Ministry of Health"}, "keph_level": {"name": "Level 2"}, "ward": {"code": 332}, "number_of_cots": 0, "town": {"name": "ngaie"}, "name": "Ngaie Dispensary", "created": "2010-01-31T00:00:00+00:00", "regulatory_body": {"name": "Ministry of Health"}, "facility_type": {"name": "Dispensary"}, "plot_number": null, "operation_status": {"name": "Not-Operational"}, "number_of_beds": 0}, {"code": 12082, "location_desc": null, "official_name": "Ikuyuni Dispensary", "owner": {"name": "Ministry of Health"}, "keph_level": {"name": "Level 2"}, "ward": {"code": 351}, "number_of_cots": 0, "town": {"name": "ikuyuni shopping centre"}, "name": "Ikuyuni Dispensary", "created": "2009-10-31T00:00:00+00:00", "regulatory_body": {"name": "Ministry of Health"}, "facility_type": {"name": "Dispensary"}, "plot_number": null, "operation_status": {"name": "Operational"}, "number_of_beds": 0}, {"code": 12505, "location_desc": null, "official_name": "Mbondoni Dispensary", "owner": {"name": "Ministry of Health"}, "keph_level": {"name": "Level 2"}, "ward": {"code": 324}, "number_of_cots": 0, "town": {"name": "mbondoni"}, "name": "Mbondoni Dispensary", "created": "2009-10-31T00:00:00+00:00", "regulatory_body": {"name": "Ministry of Health"}, "facility_type": {"name": "Dispensary"}, "plot_number": " ", "operation_status": {"name": "Operational"}, "number_of_beds": 0}, {"code": 14668, "location_desc": "Kamara trading centre.", "official_name": "Kamara Dispensary", "owner": {"name": "Ministry of Health"}, "keph_level": {"name": "Level 2"}, "ward": {"code": 856}, "number_of_cots": 0, "town": {"name": "kamara"}, "name": "Kamara Dispensary", "created": "2009-10-31T00:00:00+00:00", "regulatory_body": {"name": "Ministry of Health"}, "facility_type": {"name": "Dispensary"}, "plot_number": "block i & 351", "operation_status": {"name": "Operational"}, "number_of_beds": 0}, {"code": 16390, "location_desc": "Kihingo trading centre.", "official_name": "Kihingo Dispensary (CDF)", "owner": {"name": "Community Development Fund"}, "keph_level": {"name": "Level 2"}, "ward": {"code": 831}, "number_of_cots": 0, "town": {"name": "njoro"}, "name": "Kihingo Dispensary (CDF)", "created": "2009-10-31T00:00:00+00:00", "regulatory_body": {"name": "Other"}, "facility_type": {"name": "Dispensary"}, "plot_number": "2595", "operation_status": {"name": "Operational"}, "number_of_beds": 0}, {"code": 10582, "location_desc": "Situated near Kiganjo Police Station", "official_name": "Kiganjo Health Centre", "owner": {"name": "Ministry of Health"}, "keph_level": {"name": "Level 3"}, "ward": {"code": 491}, "number_of_cots": 0, "town": {"name": "kiganjo"}, "name": "Kiganjo Health Centre", "created": "2009-10-31T00:00:00+00:00", "regulatory_body": {"name": "Ministry of Health"}, "facility_type": {"name": "Health Centre"}, "plot_number": null, "operation_status": {"name": "Operational"}, "number_of_beds": 10}, {"code": 13796, "location_desc": null, "official_name": "Mawere Dispensary ", "owner": {"name": "Ministry of Health"}, "keph_level": {"name": "Level 2"}, "ward": {"code": 1180}, "number_of_cots": 0, "town": {"name": "ndori"}, "name": "Mawere Dispensary", "created": "2009-10-31T00:00:00+00:00", "regulatory_body": {"name": "Ministry of Health"}, "facility_type": {"name": "Dispensary"}, "plot_number": " ", "operation_status": {"name": "Operational"}, "number_of_beds": 0}, {"code": 11083, "location_desc": "Next to Chief's camp and YMCA School", "official_name": "Tambaya Dispensary", "owner": {"name": "Ministry of Health"}, "keph_level": {"name": "Level 2"}, "ward": {"code": 489}, "number_of_cots": 0, "town": {"name": "tambaya"}, "name": "Tambaya Dispensary", "created": "2009-10-31T00:00:00+00:00", "regulatory_body": {"name": "Ministry of Health"}, "facility_type": {"name": "Dispensary"}, "plot_number": null, "operation_status": {"name": "Operational"}, "number_of_beds": 0}, {"code": 12196, "location_desc": "Chuka-kiracha stage Embu road", "official_name": "Karandini Dispensary", "owner": {"name": "Ministry of Health"}, "keph_level": {"name": "Level 2"}, "ward": {"code": 303}, "number_of_cots": 0, "town": {"name": "chuka town/ kibugua"}, "name": "Karandini Dispensary", "created": "2009-10-31T00:00:00+00:00", "regulatory_body": {"name": "Ministry of Health"}, "facility_type": {"name": "Dispensary"}, "plot_number": null, "operation_status": {"name": "Operational"}, "number_of_beds": 0}, {"code": 10191, "location_desc": null, "official_name": "Gacharageini Dispensary", "owner": {"name": "Ministry of Health"}, "keph_level": {"name": "Level 2"}, "ward": {"code": 520}, "number_of_cots": 0, "town": {"name": "gacharageini"}, "name": "Gacharageini Dispensary", "created": "2009-10-31T00:00:00+00:00", "regulatory_body": {"name": "Ministry of Health"}, "facility_type": {"name": "Dispensary"}, "plot_number": null, "operation_status": {"name": "Operational"}, "number_of_beds": 0}, {"code": 10851, "location_desc": "Olkalou-Tumaini Rd at Mawingo trading centre", "official_name": "New Mawingu Health Centre", "owner": {"name": "Ministry of Health"}, "keph_level": {"name": "Level 3"}, "ward": {"code": 453}, "number_of_cots": 0, "town": {"name": "olkalau"}, "name": "New Mawingu Health Centre", "created": "2009-10-31T00:00:00+00:00", "regulatory_body": {"name": "Ministry of Health"}, "facility_type": {"name": "Health Centre"}, "plot_number": "329", "operation_status": {"name": "Operational"}, "number_of_beds": 0}], "model": "facilities.Facility", "unique_fields": ["code"]}]