[{"records": [{"code": 14147, "location_desc": null, "official_name": "Tingare Dispensary ", "owner": {"name": "Ministry of Health"}, "keph_level": {"name": "Level 2"}, "ward": {"code": 1161}, "number_of_cots": 0, "town": {"name": "sigomere market"}, "name": "Tingare Dispensary", "created": "2009-10-31T00:00:00+00:00", "regulatory_body": {"name": "Ministry of Health"}, "facility_type": {"name": "Dispensary"}, "plot_number": null, "operation_status": {"name": "Operational"}, "number_of_beds": 0}, {"code": 14091, "location_desc": null, "official_name": "Simenya Dispensary ", "owner": {"name": "Ministry of Health"}, "keph_level": {"name": "Level 2"}, "ward": {"code": 1160}, "number_of_cots": 0, "town": {"name": "sega township"}, "name": "Simenya Dispensary", "created": "2009-10-31T00:00:00+00:00", "regulatory_body": {"name": "Ministry of Health"}, "facility_type": {"name": "Dispensary"}, "plot_number": null, "operation_status": {"name": "Operational"}, "number_of_beds": 0}, {"code": 12292, "location_desc": null, "official_name": "Kiegoi Dispensary", "owner": {"name": "Ministry of Health"}, "keph_level": {"name": "Level 3"}, "ward": {"code": 252}, "number_of_cots": 2, "town": {"name": "kiegoi mkt"}, "name": "Kiegoi Dispensary", "created": "2009-10-31T00:00:00+00:00", "regulatory_body": {"name": "Ministry of Health"}, "facility_type": {"name": "Health Centre"}, "plot_number": null, "operation_status": {"name": "Operational"}, "number_of_beds": 8}, {"code": 10076, "location_desc": "Burguret off Narumoru-Nanyuki highway. ", "official_name": "Burguret Dispensary", "owner": {"name": "Ministry of Health"}, "keph_level": {"name": "Level 2"}, "ward": {"code": 476}, "number_of_cots": 0, "town": {"name": "gakawa"}, "name": "Burguret Dispensary", "created": "2009-10-31T00:00:00+00:00", "regulatory_body": {"name": "Ministry of Health"}, "facility_type": {"name": "Dispensary"}, "plot_number": null, "operation_status": {"name": "Operational"}, "number_of_beds": 0}, {"code": 11667, "location_desc": "On Kilifi-Malindi highway at mtondia chiefs office compound", "official_name": "Mtondia Dispensary", "owner": {"name": "Ministry of Health"}, "keph_level": {"name": "Level 2"}, "ward": {"code": 51}, "number_of_cots": 0, "town": {"name": "mtondia town"}, "name": "Mtondia Dispensary", "created": "2009-10-31T00:00:00+00:00", "regulatory_body": {"name": "Ministry of Health"}, "facility_type": {"name": "Dispensary"}, "plot_number": null, "operation_status": {"name": "Operational"}, "number_of_beds": 0}, {"code": 10234, "location_desc": "along Gatanga Gatura road next to Gatunyu plot - 12kms from Thika Town", "official_name": "Gatunyu  Dispensary", "owner": {"name": "Ministry of Health"}, "keph_level": {"name": "Level 2"}, "ward": {"code": 547}, "number_of_cots": 0, "town": {"name": "gatunyu market"}, "name": "Gatunyu Dispensary", "created": "2009-10-31T00:00:00+00:00", "regulatory_body": {"name": "Ministry of Health"}, "facility_type": {"name": "Dispensary"}, "plot_number": "loc 1/mugumoini/71", "operation_status": {"name": "Operational"}, "number_of_beds": 1}, {"code": 14460, "location_desc": "Isinya Konza Road", "official_name": "Enkirgirri Dispensary", "owner": {"name": "Ministry of Health"}, "keph_level": {"name": "Level 2"}, "ward": {"code": 921}, "number_of_cots": 0, "town": {"name": "isinya"}, "name": "Enkirgir Dispensary", "created": "2009-10-31T00:00:00+00:00", "regulatory_body": {"name": "Ministry of Health"}, "facility_type": {"name": "Dispensary"}, "plot_number": null, "operation_status": {"name": "Operational"}, "number_of_beds": 0}, {"code": 16790, "location_desc": null, "official_name": "Segere Dispensary ", "owner": {"name": "Ministry of Health"}, "keph_level": {"name": "Level 2"}, "ward": {"code": 1165}, "number_of_cots": 0, "town": {"name": "boro market"}, "name": "Segere Dispensary", "created": "2009-10-31T00:00:00+00:00", "regulatory_body": {"name": "Ministry of Health"}, "facility_type": {"name": "Dispensary"}, "plot_number": null, "operation_status": {"name": "Operational"}, "number_of_beds": 0}, {"code": 10496, "location_desc": "Near Giathenge shopping  Centre and Karima Boys Secondary School", "official_name": "Karima Dispensary (Nyeri South)", "owner": {"name": "Ministry of Health"}, "keph_level": {"name": "Level 2"}, "ward": {"code": 486}, "number_of_cots": 0, "town": {"name": "giathenge"}, "name": "Karima Dispensary (Nyeri South)", "created": "2009-10-31T00:00:00+00:00", "regulatory_body": {"name": "Ministry of Health"}, "facility_type": {"name": "Dispensary"}, "plot_number": null, "operation_status": {"name": "Operational"}, "number_of_beds": 0}, {"code": 12662, "location_desc": null, "official_name": "Nguungani Dispensary", "owner": {"name": "Ministry of Health"}, "keph_level": {"name": "Level 2"}, "ward": {"code": 333}, "number_of_cots": 0, "town": {"name": "nguungani"}, "name": "Nguungani Dispensary", "created": "2009-10-31T00:00:00+00:00", "regulatory_body": {"name": "Ministry of Health"}, "facility_type": {"name": "Dispensary"}, "plot_number": null, "operation_status": {"name": "Operational"}, "number_of_beds": 0}, {"code": 13311, "location_desc": "Near Bulla Game", "official_name": "Bour-algy Dispensary ", "owner": {"name": "Ministry of Health"}, "keph_level": {"name": "Level 2"}, "ward": {"code": 99}, "number_of_cots": 0, "town": {"name": "garissa"}, "name": "Bour-Algy Dispensary", "created": "2009-10-31T00:00:00+00:00", "regulatory_body": {"name": "Ministry of Health"}, "facility_type": {"name": "Dispensary"}, "plot_number": null, "operation_status": {"name": "Operational"}, "number_of_beds": 0}, {"code": 16783, "location_desc": "Sirembe - Siaya murram road", "official_name": "Asayi Dispensary", "owner": {"name": "Ministry of Health"}, "keph_level": {"name": "Level 2"}, "ward": {"code": 1169}, "number_of_cots": 0, "town": {"name": "sirembe market"}, "name": "Asayi Dispensary", "created": "2009-10-31T00:00:00+00:00", "regulatory_body": {"name": "Ministry of Health"}, "facility_type": {"name": "Dispensary"}, "plot_number": null, "operation_status": {"name": "Operational"}, "number_of_beds": 0}, {"code": 16418, "location_desc": null, "official_name": "St Mary's Yala Dispensary", "owner": {"name": "Ministry of Health"}, "keph_level": {"name": "Level 2"}, "ward": {"code": 1172}, "number_of_cots": 0, "town": {"name": "yala township"}, "name": "St Mary's Yala Dispensary", "created": "2009-10-31T00:00:00+00:00", "regulatory_body": {"name": "Ministry of Health"}, "facility_type": {"name": "Dispensary"}, "plot_number": " ", "operation_status": {"name": "Operational"}, "number_of_beds": 0}, {"code": 10558, "location_desc": null, "official_name": "Kiangochi Dispensary", "owner": {"name": "Ministry of Health"}, "keph_level": {"name": "Level 2"}, "ward": {"code": 524}, "number_of_cots": 0, "town": {"name": "muranga"}, "name": "Kiangochi Dispensary", "created": "2009-10-31T00:00:00+00:00", "regulatory_body": {"name": "Ministry of Health"}, "facility_type": {"name": "Dispensary"}, "plot_number": " ", "operation_status": {"name": "Operational"}, "number_of_beds": 0}, {"code": 13874, "location_desc": "Bondo Anyuongi Route next to Nyagoko Secondary School", "official_name": "Nyagoko Dispensary ", "owner": {"name": "Ministry of Health"}, "keph_level": {"name": "Level 2"}, "ward": {"code": 1182}, "number_of_cots": 0, "town": {"name": "anyuongi"}, "name": "Nyagoko Dispensary", "created": "2009-10-31T00:00:00+00:00", "regulatory_body": {"name": "Ministry of Health"}, "facility_type": {"name": "Dispensary"}, "plot_number": null, "operation_status": {"name": "Operational"}, "number_of_beds": 0}, {"code": 11004, "location_desc": "situated in Shamata town", "official_name": "Shamata  Health Centre", "owner": {"name": "Ministry of Health"}, "keph_level": {"name": "Level 3"}, "ward": {"code": 465}, "number_of_cots": 0, "town": {"name": "nyahururu"}, "name": "Shamata Health Centre", "created": "2009-10-31T00:00:00+00:00", "regulatory_body": {"name": "Ministry of Health"}, "facility_type": {"name": "Health Centre"}, "plot_number": "945/10101", "operation_status": {"name": "Operational"}, "number_of_beds": 8}, {"code": 10482, "location_desc": null, "official_name": "Karangi Dispensary", "owner": {"name": "Ministry of Health"}, "keph_level": {"name": "Level 2"}, "ward": {"code": 550}, "number_of_cots": 0, "town": {"name": "karangi"}, "name": "Karangi Dispensary", "created": "2009-10-31T00:00:00+00:00", "regulatory_body": {"name": "Ministry of Health"}, "facility_type": {"name": "Dispensary"}, "plot_number": null, "operation_status": {"name": "Operational"}, "number_of_beds": 0}, {"code": 16445, "location_desc": "Karaini market", "official_name": "Kariko Dispensary", "owner": {"name": "Ministry of Health"}, "keph_level": {"name": "Level 2"}, "ward": {"code": 515}, "number_of_cots": 0, "town": {"name": "karaini"}, "name": "Kariko Dispensary", "created": "2009-10-31T00:00:00+00:00", "regulatory_body": {"name": "Ministry of Health"}, "facility_type": {"name": "Dispensary"}, "plot_number": "74", "operation_status": {"name": "Operational"}, "number_of_beds": 0}, {"code": 10586, "location_desc": null, "official_name": "Kigoro Dispensary", "owner": {"name": "Ministry of Health"}, "keph_level": {"name": "Level 2"}, "ward": {"code": 550}, "number_of_cots": 0, "town": {"name": "kigoro"}, "name": "Kigoro Dispensary", "created": "2009-10-31T00:00:00+00:00", "regulatory_body": {"name": "Ministry of Health"}, "facility_type": {"name": "Dispensary"}, "plot_number": null, "operation_status": {"name": "Operational"}, "number_of_beds": 0}, {"code": 11892, "location_desc": "Wasini Primary School", "official_name": "Wasini Dispensary", "owner": {"name": "Ministry of Health"}, "keph_level": {"name": "Level 2"}, "ward": {"code": 35}, "number_of_cots": 0, "town": {"name": "msambweni"}, "name": "Wasini Dispensary", "created": "2009-10-31T00:00:00+00:00", "regulatory_body": {"name": "Ministry of Health"}, "facility_type": {"name": "Dispensary"}, "plot_number": null, "operation_status": {"name": "Operational"}, "number_of_beds": 0}, {"code": 15409, "location_desc": "Off Magadi Nkurman Road", "official_name": "Olkiramatian Dispensary", "owner": {"name": "Ministry of Health"}, "keph_level": {"name": "Level 2"}, "ward": {"code": 928}, "number_of_cots": 0, "town": {"name": "magadi"}, "name": "Olkiramatian Dispensary", "created": "2009-10-31T00:00:00+00:00", "regulatory_body": {"name": "Ministry of Health"}, "facility_type": {"name": "Dispensary"}, "plot_number": null, "operation_status": {"name": "Operational"}, "number_of_beds": 0}, {"code": 10642, "location_desc": null, "official_name": "Kiunyu Dispensary", "owner": {"name": "Ministry of Health"}, "keph_level": {"name": "Level 2"}, "ward": {"code": 548}, "number_of_cots": 0, "town": {"name": "thika"}, "name": "Kiunyu Dispensary", "created": "2009-10-31T00:00:00+00:00", "regulatory_body": {"name": "Ministry of Health"}, "facility_type": {"name": "Dispensary"}, "plot_number": " ", "operation_status": {"name": "Operational"}, "number_of_beds": 0}, {"code": 10357, "location_desc": null, "official_name": "Ithanga Dispensary", "owner": {"name": "Ministry of Health"}, "keph_level": {"name": "Level 2"}, "ward": {"code": 546}, "number_of_cots": 2, "town": {"name": "kaguku"}, "name": "Ithanga Dispensary", "created": "2009-10-31T00:00:00+00:00", "regulatory_body": {"name": "Ministry of Health"}, "facility_type": {"name": "Dispensary"}, "plot_number": null, "operation_status": {"name": "Operational"}, "number_of_beds": 5}, {"code": 14451, "location_desc": "Off Namaga Road at  Bissil", "official_name": "Emurua Dikir Dispensary", "owner": {"name": "Ministry of Health"}, "keph_level": {"name": "Level 2"}, "ward": {"code": 919}, "number_of_cots": 0, "town": {"name": "bisil"}, "name": "Emurua Dikir Dispensary", "created": "2009-10-31T00:00:00+00:00", "regulatory_body": {"name": "Ministry of Health"}, "facility_type": {"name": "Dispensary"}, "plot_number": null, "operation_status": {"name": "Operational"}, "number_of_beds": 0}, {"code": 15340, "location_desc": null, "official_name": "Ngatataek Dispensary", "owner": {"name": "Ministry of Health"}, "keph_level": {"name": "Level 2"}, "ward": {"code": 919}, "number_of_cots": 0, "town": {"name": "ngatataek"}, "name": "Ngatataek Dispensary", "created": "2009-10-31T00:00:00+00:00", "regulatory_body": {"name": "Ministry of Health"}, "facility_type": {"name": "Dispensary"}, "plot_number": null, "operation_status": {"name": "Operational"}, "number_of_beds": 0}, {"code": 13308, "location_desc": null, "official_name": "Bodhai Dispensary", "owner": {"name": "Ministry of Health"}, "keph_level": {"name": "Level 2"}, "ward": {"code": 159}, "number_of_cots": 0, "town": {"name": "ijara town"}, "name": "Bodhai Dispensary", "created": "2009-10-31T00:00:00+00:00", "regulatory_body": {"name": "Ministry of Health"}, "facility_type": {"name": "Dispensary"}, "plot_number": null, "operation_status": {"name": "Operational"}, "number_of_beds": 0}, {"code": 13889, "location_desc": null, "official_name": "Nyalgosi Dispensary ", "owner": {"name": "Ministry of Health"}, "keph_level": {"name": "Level 2"}, "ward": {"code": 1223}, "number_of_cots": 0, "town": {"name": "nduga  market"}, "name": "Nyalgosi Dispensary", "created": "2009-10-31T00:00:00+00:00", "regulatory_body": {"name": "Ministry of Health"}, "facility_type": {"name": "Dispensary"}, "plot_number": null, "operation_status": {"name": "Operational"}, "number_of_beds": 0}, {"code": 14042, "location_desc": null, "official_name": "Rera Dispensary ", "owner": {"name": "Ministry of Health"}, "keph_level": {"name": "Level 2"}, "ward": {"code": 1174}, "number_of_cots": 0, "town": {"name": "aluor market"}, "name": "Rera Dispensary", "created": "2009-10-31T00:00:00+00:00", "regulatory_body": {"name": "Ministry of Health"}, "facility_type": {"name": "Dispensary"}, "plot_number": " ", "operation_status": {"name": "Operational"}, "number_of_beds": 0}, {"code": 10447, "location_desc": null, "official_name": "Kamburaini Dispensary", "owner": {"name": "Ministry of Health"}, "keph_level": {"name": "Level 2"}, "ward": {"code": 474}, "number_of_cots": 0, "town": {"name": "naromoru"}, "name": "Kamburaini Dispensary", "created": "2009-10-31T00:00:00+00:00", "regulatory_body": {"name": "Ministry of Health"}, "facility_type": {"name": "Dispensary"}, "plot_number": " ", "operation_status": {"name": "Operational"}, "number_of_beds": 0}, {"code": 10790, "location_desc": null, "official_name": "Muthaara Dispensary", "owner": {"name": "Ministry of Health"}, "keph_level": {"name": "Level 2"}, "ward": {"code": 559}, "number_of_cots": 0, "name": "Muthaara Dispensary", "created": "2009-10-31T00:00:00+00:00", "regulatory_body": {"name": "Ministry of Health"}, "facility_type": {"name": "Dispensary"}, "plot_number": null, "operation_status": {"name": "Operational"}, "number_of_beds": 0}, {"code": 10533, "location_desc": "Iyego road near Gatunduini Sec School", "official_name": "Kiamara Dispensary", "owner": {"name": "Ministry of Health"}, "keph_level": {"name": "Level 2"}, "ward": {"code": 517}, "number_of_cots": 0, "town": {"name": "kangema"}, "name": "Kiamara Dispensary", "created": "2009-10-31T00:00:00+00:00", "regulatory_body": {"name": "Ministry of Health"}, "facility_type": {"name": "Dispensary"}, "plot_number": null, "operation_status": {"name": "Operational"}, "number_of_beds": 0}, {"code": 10559, "location_desc": null, "official_name": "Kiangunyi Dispensary", "owner": {"name": "Ministry of Health"}, "keph_level": {"name": "Level 2"}, "ward": {"code": 517}, "number_of_cots": 0, "town": {"name": "kangema"}, "name": "Kiangunyi Dispensary", "created": "2009-10-31T00:00:00+00:00", "regulatory_body": {"name": "Ministry of Health"}, "facility_type": {"name": "Dispensary"}, "plot_number": null, "operation_status": {"name": "Operational"}, "number_of_beds": 0}, {"code": 10577, "location_desc": "Kibutha shopping centre", "official_name": "Kibutha Dispensary", "owner": {"name": "Ministry of Health"}, "keph_level": {"name": "Level 2"}, "ward": {"code": 516}, "number_of_cots": 0, "town": {"name": "kangema"}, "name": "Kibutha Dispensary", "created": "2009-10-31T00:00:00+00:00", "regulatory_body": {"name": "Ministry of Health"}, "facility_type": {"name": "Dispensary"}, "plot_number": null, "operation_status": {"name": "Operational"}, "number_of_beds": 0}, {"code": 10594, "location_desc": "Next to Kihoya Chief's camp", "official_name": "Kihoya Dispensary", "owner": {"name": "Ministry of Health"}, "keph_level": {"name": "Level 2"}, "ward": {"code": 518}, "number_of_cots": 0, "town": {"name": "kihoya"}, "name": "Kihoya Dispensary", "created": "2009-10-31T00:00:00+00:00", "regulatory_body": {"name": "Ministry of Health"}, "facility_type": {"name": "Dispensary"}, "plot_number": null, "operation_status": {"name": "Operational"}, "number_of_beds": 0}, {"code": 13992, "location_desc": null, "official_name": "Oroche Dispensary", "owner": {"name": "Ministry of Health"}, "keph_level": {"name": "Level 2"}, "ward": {"code": 1302}, "number_of_cots": 0, "town": {"name": "suneka  town"}, "name": "Oroche Dispensary", "created": "2009-10-31T00:00:00+00:00", "regulatory_body": {"name": "Ministry of Health"}, "facility_type": {"name": "Dispensary"}, "plot_number": null, "operation_status": {"name": "Operational"}, "number_of_beds": 0}, {"code": 13459, "location_desc": null, "official_name": "Yumbis Dispensary", "owner": {"name": "Ministry of Health"}, "keph_level": {"name": "Level 2"}, "ward": {"code": 155}, "number_of_cots": 0, "town": {"name": "yumbis"}, "name": "Yumbis Dispensary", "created": "2009-10-31T00:00:00+00:00", "regulatory_body": {"name": "Ministry of Health"}, "facility_type": {"name": "Dispensary"}, "plot_number": null, "operation_status": {"name": "Operational"}, "number_of_beds": 0}, {"code": 15835, "location_desc": "Off Kisumu - Busia road", "official_name": "Busibwabo Dispensary", "owner": {"name": "Ministry of Health"}, "keph_level": {"name": "Level 2"}, "ward": {"code": 1140}, "number_of_cots": 0, "town": {"name": "matayos"}, "name": "Busibwabo Dispensary", "created": "2009-10-31T00:00:00+00:00", "regulatory_body": {"name": "Ministry of Health"}, "facility_type": {"name": "Dispensary"}, "plot_number": null, "operation_status": {"name": "Operational"}, "number_of_beds": 3}, {"code": 10536, "location_desc": null, "official_name": "Kiamathaga Dispensary", "owner": {"name": "Ministry of Health"}, "keph_level": {"name": "Level 2"}, "ward": {"code": 470}, "number_of_cots": 0, "town": {"name": "kiamathaga"}, "name": "Kiamathaga Dispensary", "created": "2009-10-31T00:00:00+00:00", "regulatory_body": {"name": "Ministry of Health"}, "facility_type": {"name": "Dispensary"}, "plot_number": " ", "operation_status": {"name": "Operational"}, "number_of_beds": 0}, {"code": 16190, "location_desc": "next to vishakani Primary School", "official_name": "Vishakani Dispensary", "owner": {"name": "Ministry of Health"}, "keph_level": {"name": "Level 2"}, "ward": {"code": 65}, "number_of_cots": 0, "town": {"name": "kaloleni"}, "name": "Vishakani Dispensary", "created": "2009-10-31T00:00:00+00:00", "regulatory_body": {"name": "Ministry of Health"}, "facility_type": {"name": "Dispensary"}, "plot_number": null, "operation_status": {"name": "Operational"}, "number_of_beds": 0}, {"code": 16191, "location_desc": "Near chalani Primary school", "official_name": "Chalani Dispensary", "owner": {"name": "Ministry of Health"}, "keph_level": {"name": "Level 2"}, "ward": {"code": 65}, "number_of_cots": 0, "town": {"name": "chanagande"}, "name": "Chalani Dispensary", "created": "2009-10-31T00:00:00+00:00", "regulatory_body": {"name": "Ministry of Health"}, "facility_type": {"name": "Dispensary"}, "plot_number": null, "operation_status": {"name": "Operational"}, "number_of_beds": 0}, {"code": 15122, "location_desc": null, "official_name": "Maparasha Dispensary", "owner": {"name": "Ministry of Health"}, "keph_level": {"name": "Level 2"}, "ward": {"code": 919}, "number_of_cots": 0, "town": {"name": "namanga"}, "name": "Maparasha Dispensary", "created": "2009-10-31T00:00:00+00:00", "regulatory_body": {"name": "Ministry of Health"}, "facility_type": {"name": "Dispensary"}, "plot_number": null, "operation_status": {"name": "Operational"}, "number_of_beds": 0}, {"code": 16192, "location_desc": "Next to Kambe Chiefs Office ", "official_name": "Kambe Dispensary", "owner": {"name": "Ministry of Health"}, "keph_level": {"name": "Level 2"}, "ward": {"code": 69}, "number_of_cots": 0, "town": {"name": "kambe"}, "name": "Kambe Dispensary", "created": "2009-10-31T00:00:00+00:00", "regulatory_body": {"name": "Ministry of Health"}, "facility_type": {"name": "Dispensary"}, "plot_number": null, "operation_status": {"name": "Operational"}, "number_of_beds": 0}, {"code": 11466, "location_desc": "Next to Kibuyuni Mosque", "official_name": "Kibuyuni Dispensary", "owner": {"name": "Ministry of Health"}, "keph_level": {"name": "Level 2"}, "ward": {"code": 42}, "number_of_cots": 0, "town": {"name": "shimba hills"}, "name": "Kibuyuni Dispensary", "created": "2009-10-31T00:00:00+00:00", "regulatory_body": {"name": "Ministry of Health"}, "facility_type": {"name": "Dispensary"}, "plot_number": null, "operation_status": {"name": "Operational"}, "number_of_beds": 0}, {"code": 14475, "location_desc": "Off Isinya Kiserian Road", "official_name": "Ereteti Dispensary", "owner": {"name": "Ministry of Health"}, "keph_level": {"name": "Level 2"}, "ward": {"code": 926}, "number_of_cots": 0, "town": {"name": "birika"}, "name": "Ereteti Dispensary", "created": "2009-10-31T00:00:00+00:00", "regulatory_body": {"name": "Ministry of Health"}, "facility_type": {"name": "Dispensary"}, "plot_number": null, "operation_status": {"name": "Operational"}, "number_of_beds": 0}, {"code": 15300, "location_desc": "PIPELINE Camp Mai Mahiu", "official_name": "Namuncha Dispensary", "owner": {"name": "Ministry of Health"}, "keph_level": {"name": "Level 2"}, "ward": {"code": 839}, "number_of_cots": 0, "town": {"name": "mai mahiu"}, "name": "Namuncha Dispensary", "created": "2009-10-31T00:00:00+00:00", "regulatory_body": {"name": "Ministry of Health"}, "facility_type": {"name": "Dispensary"}, "plot_number": null, "operation_status": {"name": "Operational"}, "number_of_beds": 0}, {"code": 14093, "location_desc": null, "official_name": "Sirembe Dispensary ", "owner": {"name": "Ministry of Health"}, "keph_level": {"name": "Level 2"}, "ward": {"code": 1169}, "number_of_cots": 0, "town": {"name": "wagai(ondisore)shopping centre"}, "name": "Sirembe Dispensary", "created": "2009-10-31T00:00:00+00:00", "regulatory_body": {"name": "Ministry of Health"}, "facility_type": {"name": "Dispensary"}, "plot_number": " ", "operation_status": {"name": "Operational"}, "number_of_beds": 0}, {"code": 10304, "location_desc": "Located in GSU Kimbo Barracks along Thika - Nairobi Road", "official_name": "GSU Dispensary", "owner": {"name": "Ministry of Health"}, "keph_level": {"name": "Level 2"}, "ward": {"code": 559}, "number_of_cots": 0, "town": {"name": "kimbo town"}, "name": "Gsu Dispensary (Ruiru)", "created": "2009-10-31T00:00:00+00:00", "regulatory_body": {"name": "Ministry of Health"}, "facility_type": {"name": "Dispensary"}, "plot_number": null, "operation_status": {"name": "Operational"}, "number_of_beds": 0}, {"code": 11636, "location_desc": "In mafumbini shopping centre", "official_name": "Mnarani Dispensary", "owner": {"name": "Ministry of Health"}, "keph_level": {"name": "Level 2"}, "ward": {"code": 57}, "number_of_cots": 0, "town": {"name": "kilifi"}, "name": "Mnarani Dispensary", "created": "2009-10-31T00:00:00+00:00", "regulatory_body": {"name": "Ministry of Health"}, "facility_type": {"name": "Dispensary"}, "plot_number": null, "operation_status": {"name": "Operational"}, "number_of_beds": 0}, {"code": 16792, "location_desc": null, "official_name": "Wagai Dispensary", "owner": {"name": "Ministry of Health"}, "keph_level": {"name": "Level 2"}, "ward": {"code": 1170}, "number_of_cots": 0, "town": {"name": "wagai market"}, "name": "Wagai Dispensary", "created": "2009-10-31T00:00:00+00:00", "regulatory_body": {"name": "Ministry of Health"}, "facility_type": {"name": "Dispensary"}, "plot_number": null, "operation_status": {"name": "Operational"}, "number_of_beds": 0}, {"code": 14307, "location_desc": "approx.2 km off Kapsabet - Nandi Hills road at Meswo Trading Centre junction to the right", "official_name": "Cheindoi Dispensary", "owner": {"name": "Ministry of Health"}, "keph_level": {"name": "Level 2"}, "ward": {"code": 772}, "number_of_cots": 0, "town": {"name": "kapsabet"}, "name": "Cheindoi Dispensary", "created": "2009-10-31T00:00:00+00:00", "regulatory_body": {"name": "Ministry of Health"}, "facility_type": {"name": "Dispensary"}, "plot_number": null, "operation_status": {"name": "Operational"}, "number_of_beds": 0}, {"code": 16791, "location_desc": null, "official_name": "Umala Dispensary", "owner": {"name": "Ministry of Health"}, "keph_level": {"name": "Level 2"}, "ward": {"code": 1168}, "number_of_cots": 0, "town": {"name": "siaya"}, "name": "Umala Dispensary", "created": "2009-10-31T00:00:00+00:00", "regulatory_body": {"name": "Ministry of Health"}, "facility_type": {"name": "Dispensary"}, "plot_number": null, "operation_status": {"name": "Operational"}, "number_of_beds": 0}, {"code": 13361, "location_desc": null, "official_name": "Hara Health Centre", "owner": {"name": "Ministry of Health"}, "keph_level": {"name": "Level 3"}, "ward": {"code": 160}, "number_of_cots": 0, "town": {"name": "masalani town"}, "name": "Hara Health Centre", "created": "2009-10-31T00:00:00+00:00", "regulatory_body": {"name": "Ministry of Health"}, "facility_type": {"name": "Health Centre"}, "plot_number": null, "operation_status": {"name": "Operational"}, "number_of_beds": 0}, {"code": 15934, "location_desc": "Is 5km straight on from Nambacha Market", "official_name": "Kharanda Dispensary", "owner": {"name": "Ministry of Health"}, "keph_level": {"name": "Level 2"}, "ward": {"code": 1017}, "number_of_cots": 0, "town": {"name": "kharanda mkt"}, "name": "Kharanda Dispensary", "created": "2009-10-31T00:00:00+00:00", "regulatory_body": {"name": "Ministry of Health"}, "facility_type": {"name": "Dispensary"}, "plot_number": null, "operation_status": {"name": "Operational"}, "number_of_beds": 0}, {"code": 16235, "location_desc": null, "official_name": "Kiguchwa Dispensary", "owner": {"name": "Ministry of Health"}, "keph_level": {"name": "Level 2"}, "ward": {"code": 273}, "number_of_cots": 0, "town": {"name": "kianjai"}, "name": "Kiguchwa Dispensary", "created": "2009-10-31T00:00:00+00:00", "regulatory_body": {"name": "Ministry of Health"}, "facility_type": {"name": "Dispensary"}, "plot_number": " ", "operation_status": {"name": "Operational"}, "number_of_beds": 0}, {"code": 12695, "location_desc": "Near Kwa Ukungu Primary School", "official_name": "Nzunguni Dispensary ", "owner": {"name": "Ministry of Health"}, "keph_level": {"name": "Level 2"}, "ward": {"code": 358}, "number_of_cots": 0, "town": {"name": "kitui"}, "name": "Nzunguni Dispensary", "created": "2009-10-31T00:00:00+00:00", "regulatory_body": {"name": "Ministry of Health"}, "facility_type": {"name": "Dispensary"}, "plot_number": null, "operation_status": {"name": "Operational"}, "number_of_beds": 0}, {"code": 16194, "location_desc": null, "official_name": "Mwina Dispensary", "owner": {"name": "Ministry of Health"}, "keph_level": {"name": "Level 2"}, "ward": {"code": 91}, "number_of_cots": 0, "town": {"name": "garsen town"}, "name": "Mwina Dispensary", "created": "2009-10-31T00:00:00+00:00", "regulatory_body": {"name": "Ministry of Health"}, "facility_type": {"name": "Dispensary"}, "plot_number": null, "operation_status": {"name": "Operational"}, "number_of_beds": 0}, {"code": 13933, "location_desc": null, "official_name": "Nyansakia  Health Centre", "owner": {"name": "Ministry of Health"}, "keph_level": {"name": "Level 3"}, "ward": {"code": 1321}, "number_of_cots": 0, "town": {"name": "sameta"}, "name": "Nyansakia Health Centre", "created": "2009-10-31T00:00:00+00:00", "regulatory_body": {"name": "Ministry of Health"}, "facility_type": {"name": "Health Centre"}, "plot_number": null, "operation_status": {"name": "Operational"}, "number_of_beds": 0}, {"code": 19941, "location_desc": null, "official_name": "Super Drug Nursing Home", "owner": {"name": "Private Practice - Nurse / Midwife"}, "keph_level": {"name": "Level 3"}, "ward": {"code": 215}, "number_of_cots": 1, "town": {"name": "township"}, "name": "Super Drug Nursing Home", "created": "2013-06-25T11:24:31.330000+00:00", "regulatory_body": {"name": "Kenya MPDB - Private Practice"}, "facility_type": {"name": "Nursing Home"}, "plot_number": null, "operation_status": {"name": "Operational"}, "number_of_beds": 10}, {"code": 19942, "location_desc": null, "official_name": "Nkaroni Dispensary", "owner": {"name": "Ministry of Health"}, "keph_level": {"name": "Level 2"}, "ward": {"code": 673}, "number_of_cots": 0, "name": "Nkaroni Dispensary", "created": "2013-06-26T09:23:03.810000+00:00", "regulatory_body": {"name": "Ministry of Health"}, "facility_type": {"name": "Dispensary"}, "plot_number": null, "operation_status": {"name": "Operational"}, "number_of_beds": 0}, {"code": 19943, "location_desc": "Within Waluku Primary School", "official_name": "Waluku Dispensary", "owner": {"name": "Ministry of Health"}, "keph_level": {"name": "Level 2"}, "ward": {"code": 358}, "number_of_cots": 0, "town": {"name": "kitui"}, "name": "Waluku Dispensary", "created": "2013-06-26T10:16:12.690000+00:00", "regulatory_body": {"name": "Ministry of Health"}, "facility_type": {"name": "Dispensary"}, "plot_number": "n/a", "operation_status": {"name": "Operational"}, "number_of_beds": 0}, {"code": 19944, "location_desc": "Mwanyani Primary School", "official_name": "Mwanyani Dispensary(Kitui Central)", "owner": {"name": "Ministry of Health"}, "keph_level": {"name": "Level 2"}, "ward": {"code": 338}, "number_of_cots": 0, "town": {"name": "miambani market"}, "name": "Mwanyani Dispensary (Kitui Central)", "created": "2013-06-26T10:26:03.620000+00:00", "regulatory_body": {"name": "Ministry of Health"}, "facility_type": {"name": "Dispensary"}, "plot_number": null, "operation_status": {"name": "Pending Opening"}, "number_of_beds": 0}, {"code": 19945, "location_desc": null, "official_name": "Kiltamany Dispensary", "owner": {"name": "Ministry of Health"}, "keph_level": {"name": "Level 2"}, "ward": {"code": 672}, "number_of_cots": 0, "name": "Kiltamany Dispensary", "created": "2013-06-26T15:27:22.443000+00:00", "regulatory_body": {"name": "Ministry of Health"}, "facility_type": {"name": "Dispensary"}, "plot_number": null, "operation_status": {"name": "Operational"}, "number_of_beds": 0}, {"code": 19946, "location_desc": null, "official_name": "Ndonyo Nasipa Dispensary", "owner": {"name": "Ministry of Health"}, "keph_level": {"name": "Level 2"}, "ward": {"code": 675}, "number_of_cots": 0, "name": "Ndonyo Nasipa Dispensary", "created": "2013-06-26T15:35:42.487000+00:00", "regulatory_body": {"name": "Ministry of Health"}, "facility_type": {"name": "Dispensary"}, "plot_number": null, "operation_status": {"name": "Operational"}, "number_of_beds": 0}, {"code": 19947, "location_desc": null, "official_name": "Wima Medical Clinic (Samburu East)", "owner": {"name": "Private Enterprise (Institution)"}, "keph_level": {"name": "Level 2"}, "ward": {"code": 674}, "number_of_cots": 0, "name": "Wima Medical Clinic (Samburu East)", "created": "2013-06-26T15:42:50.067000+00:00", "regulatory_body": {"name": "Ministry of Health"}, "facility_type": {"name": "Medical Clinic"}, "plot_number": null, "operation_status": {"name": "Operational"}, "number_of_beds": 0}, {"code": 19948, "location_desc": "off thika rd ", "official_name": "United states international University VCT", "owner": {"name": "Private Practice - Unspecified"}, "keph_level": {"name": "Level 2"}, "ward": {"code": 1394}, "number_of_cots": 0, "town": {"name": "behind safari park hotel"}, "name": "United States International University VCT", "created": "2013-06-27T11:53:13.797000+00:00", "regulatory_body": {"name": "Ministry of Health"}, "facility_type": {"name": "VCT Centre (Stand-Alone)"}, "plot_number": null, "operation_status": {"name": "Operational"}, "number_of_beds": 0}, {"code": 19949, "location_desc": "Along Wajir Modogashe Road Opposite Habaswein police station", "official_name": "Hilac Medical Clinic-Habaswein", "owner": {"name": "Private Practice - Clinical Officer"}, "keph_level": {"name": "Level 2"}, "ward": {"code": 187}, "number_of_cots": 0, "town": {"name": "habaswein trading centre"}, "name": "Hilac Medical Clinic-Habaswein", "created": "2013-06-27T21:06:53.230000+00:00", "regulatory_body": {"name": "Clinical Officers Council"}, "facility_type": {"name": "Medical Clinic"}, "plot_number": "amos guest house building", "operation_status": {"name": "Operational"}, "number_of_beds": 0}, {"code": 19950, "location_desc": "Next to Post Office ", "official_name": "Misikhu Main Medical Clinic", "owner": {"name": "Private Practice - Clinical Officer"}, "keph_level": {"name": "Level 2"}, "ward": {"code": 1105}, "number_of_cots": 0, "town": {"name": "misikhu"}, "name": "Misikhu Main Medical Clinic", "created": "2013-06-28T13:29:28.010000+00:00", "regulatory_body": {"name": "Clinical Officers Council"}, "facility_type": {"name": "Medical Clinic"}, "plot_number": null, "operation_status": {"name": "Operational"}, "number_of_beds": 0}, {"code": 19951, "location_desc": "Kitengela Namanga Road", "official_name": "Letuaih VCT", "owner": {"name": "Non-Governmental Organizations"}, "keph_level": {"name": "Level 2"}, "ward": {"code": 921}, "number_of_cots": 0, "town": {"name": "kitengela"}, "name": "Letuaih VCT", "created": "2013-07-01T20:02:20.220000+00:00", "regulatory_body": {"name": "Ministry of Health"}, "facility_type": {"name": "VCT Centre (Stand-Alone)"}, "plot_number": null, "operation_status": {"name": "Operational"}, "number_of_beds": 0}, {"code": 19952, "location_desc": "Chuka- Next Gulf petrol station", "official_name": "Joy Medical Clinic Chuka", "owner": {"name": "Private Practice - General Practitioner"}, "keph_level": {"name": "Level 2"}, "ward": {"code": 304}, "number_of_cots": 0, "town": {"name": "chuka"}, "name": "Joy Medical Clinic Chuka", "created": "2013-07-02T20:25:18.030000+00:00", "regulatory_body": {"name": "Ministry of Health"}, "facility_type": {"name": "Medical Clinic"}, "plot_number": null, "operation_status": {"name": "Operational"}, "number_of_beds": 0}, {"code": 19953, "location_desc": "Opposite Garsen Health Centre", "official_name": "Linda Maternity", "owner": {"name": "Private Practice - Nurse / Midwife"}, "keph_level": {"name": "Level 2"}, "ward": {"code": 90}, "number_of_cots": 0, "town": {"name": "garsen"}, "name": "Linda Maternity", "created": "2013-07-03T14:26:42.880000+00:00", "regulatory_body": {"name": "Nursing Council of Kenya (Private Practice)"}, "facility_type": {"name": "Maternity Home"}, "plot_number": null, "operation_status": {"name": "Operational"}, "number_of_beds": 0}, {"code": 19954, "location_desc": "Near Gamba police station", "official_name": "Gamba Medical Clinic", "owner": {"name": "Non-Governmental Organizations"}, "keph_level": {"name": "Level 2"}, "ward": {"code": 89}, "number_of_cots": 0, "town": {"name": "garsen"}, "name": "Gamba Medical Clinic", "created": "2013-07-03T14:49:36.680000+00:00", "regulatory_body": {"name": "Kenya MPDB - Private Practice"}, "facility_type": {"name": "Dispensary"}, "plot_number": null, "operation_status": {"name": "Operational"}, "number_of_beds": 0}, {"code": 19955, "location_desc": "Opposite Tarasaa Stage", "official_name": "Heri Tana Medical Clinic", "owner": {"name": "Private Practice - Clinical Officer"}, "keph_level": {"name": "Level 3"}, "ward": {"code": 87}, "number_of_cots": 0, "town": {"name": "tarasaa"}, "name": "Heri Tana Medical Clinic", "created": "2013-07-03T15:05:37.330000+00:00", "regulatory_body": {"name": "Kenya MPDB - Private Practice"}, "facility_type": {"name": "Medical Clinic"}, "plot_number": null, "operation_status": {"name": "Operational"}, "number_of_beds": 6}, {"code": 19956, "location_desc": "Along Nakuru _Nyahuhuru Road", "official_name": "Royal Medical Clinic", "owner": {"name": "Private Practice - Nurse / Midwife"}, "keph_level": {"name": "Level 2"}, "ward": {"code": 879}, "number_of_cots": 0, "town": {"name": "kiti"}, "name": "Royal Medical Clinic", "created": "2013-07-04T15:23:58.640000+00:00", "regulatory_body": {"name": "Nursing Council of Kenya (Private Practice)"}, "facility_type": {"name": "Medical Clinic"}, "plot_number": "17/02", "operation_status": {"name": "Operational"}, "number_of_beds": 0}, {"code": 19957, "location_desc": "At zakayos at Maitei building", "official_name": "Sister Medical Clinic", "owner": {"name": "Private Practice - Clinical Officer"}, "keph_level": {"name": "Level 2"}, "ward": {"code": 878}, "number_of_cots": 0, "town": {"name": "at zakayos"}, "name": "Sister Medical Clinic", "created": "2013-07-04T15:38:15.247000+00:00", "regulatory_body": {"name": "Clinical Officers Council"}, "facility_type": {"name": "Medical Clinic"}, "plot_number": "1/914", "operation_status": {"name": "Operational"}, "number_of_beds": 0}, {"code": 19958, "location_desc": null, "official_name": "AAR GWH health care Ltd(Upper Hill)", "owner": {"name": "Private Enterprise (Institution)"}, "keph_level": {"name": "Level 2"}, "ward": {"code": 1389}, "number_of_cots": 0, "name": "AAR Gwh Health Care Ltd", "created": "2013-07-04T16:25:39.583000+00:00", "regulatory_body": {"name": "Kenya MPDB - Institution"}, "facility_type": {"name": "Health Centre"}, "plot_number": null, "operation_status": {"name": "Operational"}, "number_of_beds": 0}, {"code": 19959, "location_desc": "Old Nairobi Hosp  Drs. Plaza - 2nd floor", "official_name": "Menelik Chest Clinic (Adams)", "owner": {"name": "Private Practice - Medical Specialist"}, "keph_level": {"name": "Level 2"}, "ward": {"code": 1371}, "number_of_cots": 0, "name": "Menelik Chest Clinic", "created": "2013-07-04T16:39:25.823000+00:00", "regulatory_body": {"name": "Kenya MPDB - Private Practice"}, "facility_type": {"name": "Medical Clinic"}, "plot_number": null, "operation_status": {"name": "Operational"}, "number_of_beds": 0}, {"code": 19961, "location_desc": null, "official_name": "Dr. J. A. Alouch(kilimani)", "owner": {"name": "Private Enterprise (Institution)"}, "keph_level": {"name": "Level 2"}, "ward": {"code": 1389}, "number_of_cots": 0, "name": "Dr J A Alouch", "created": "2013-07-04T16:49:26.410000+00:00", "regulatory_body": {"name": "Kenya MPDB - Private Practice"}, "facility_type": {"name": "Medical Clinic"}, "plot_number": null, "operation_status": {"name": "Operational"}, "number_of_beds": 0}, {"code": 19962, "location_desc": "Near Matangeni primary School", "official_name": "Bora Imani Medical Clinic", "owner": {"name": "Private Practice - Nurse / Midwife"}, "keph_level": {"name": "Level 2"}, "ward": {"code": 86}, "number_of_cots": 0, "town": {"name": "kipini"}, "name": "Bora Imani Medical Clinic", "created": "2013-07-05T19:58:33.543000+00:00", "regulatory_body": {"name": "Kenya MPDB - Private Practice"}, "facility_type": {"name": "Medical Clinic"}, "plot_number": null, "operation_status": {"name": "Operational"}, "number_of_beds": 0}, {"code": 19963, "location_desc": "opposite k-unity bank", "official_name": "Holy Family Mission Hospital Githunguri", "owner": {"name": "Kenya Episcopal Conference-Catholic Secretariat"}, "keph_level": {"name": "Level 4"}, "ward": {"code": 577}, "number_of_cots": 3, "town": {"name": "githunguri"}, "name": "Holy Family Mission Hospital Githunguri", "created": "2013-07-06T14:22:46.253000+00:00", "regulatory_body": {"name": "Kenya MPDB - Institution"}, "facility_type": {"name": "Other Hospital"}, "plot_number": "940", "operation_status": {"name": "Operational"}, "number_of_beds": 45}, {"code": 19964, "location_desc": "Near Komothai Boys High School", "official_name": "Mbari Ya Igi Dispensary", "owner": {"name": "Ministry of Health"}, "keph_level": {"name": "Level 2"}, "ward": {"code": 581}, "number_of_cots": 0, "town": {"name": "kibichoi"}, "name": "Mbari Ya Igi Dispensary", "created": "2013-07-06T14:42:07.940000+00:00", "regulatory_body": {"name": "Ministry of Health"}, "facility_type": {"name": "Dispensary"}, "plot_number": null, "operation_status": {"name": "Operational"}, "number_of_beds": 0}, {"code": 19965, "location_desc": "Located at Kambaa shopping centre next to Kambaa Tea factory", "official_name": "Gathangari Dispensary", "owner": {"name": "Ministry of Health"}, "keph_level": {"name": "Level 2"}, "ward": {"code": 578}, "number_of_cots": 0, "town": {"name": "kambaa"}, "name": "Gathangari Dispensary", "created": "2013-07-06T14:52:13.157000+00:00", "regulatory_body": {"name": "Ministry of Health"}, "facility_type": {"name": "Dispensary"}, "plot_number": null, "operation_status": {"name": "Operational"}, "number_of_beds": 0}, {"code": 19966, "location_desc": "At Karia Market", "official_name": "Afya bora  Clinic Karia", "owner": {"name": "Private Practice - Nurse / Midwife"}, "keph_level": {"name": "Level 2"}, "ward": {"code": 579}, "number_of_cots": 0, "town": {"name": "kiairia"}, "name": "Afya Bora Clinic Karia", "created": "2013-07-06T15:02:28.500000+00:00", "regulatory_body": {"name": "Nursing Council of Kenya (Private Practice)"}, "facility_type": {"name": "Medical Clinic"}, "plot_number": "29", "operation_status": {"name": "Operational"}, "number_of_beds": 0}, {"code": 19967, "location_desc": "Located at Mitahato Shopping Centre", "official_name": "Kimathi Dispensary", "owner": {"name": "Ministry of Health"}, "keph_level": {"name": "Level 2"}, "ward": {"code": 580}, "number_of_cots": 0, "town": {"name": "ngewa"}, "name": "Kimathi Dispensary", "created": "2013-07-06T15:12:50.583000+00:00", "regulatory_body": {"name": "Ministry of Health"}, "facility_type": {"name": "Dispensary"}, "plot_number": null, "operation_status": {"name": "Operational"}, "number_of_beds": 0}, {"code": 19968, "location_desc": "Between Gatana Shopping Centre and Wanjenga Shopping Centre", "official_name": "Githima Dispensary", "owner": {"name": "Ministry of Health"}, "keph_level": {"name": "Level 2"}, "ward": {"code": 581}, "number_of_cots": 0, "town": {"name": "wanjenga"}, "name": "Githima Dispensary", "created": "2013-07-06T15:23:06.877000+00:00", "regulatory_body": {"name": "Ministry of Health"}, "facility_type": {"name": "Dispensary"}, "plot_number": null, "operation_status": {"name": "Operational"}, "number_of_beds": 0}, {"code": 19969, "location_desc": "Located in Lodwar Town adjacent to Kilimanjaro Supermarket", "official_name": "Jehovah Shalom Medical Clinic Lodwar", "owner": {"name": "Private Practice - Nurse / Midwife"}, "keph_level": {"name": "Level 2"}, "ward": {"code": 631}, "number_of_cots": 0, "town": {"name": "lodwar town central business district"}, "name": "Jehovah Shalom Medical Clinic Lodwar", "created": "2013-07-06T22:57:29.983000+00:00", "regulatory_body": {"name": "Nursing Council of Kenya (Private Practice)"}, "facility_type": {"name": "Medical Clinic"}, "plot_number": null, "operation_status": {"name": "Operational"}, "number_of_beds": 0}, {"code": 19971, "location_desc": "Mfangano is a pure Island in Mbita district", "official_name": "Ekialo Kiano VCT", "owner": {"name": "Non-Governmental Organizations"}, "keph_level": {"name": "Level 2"}, "ward": {"code": 1252}, "number_of_cots": 0, "town": {"name": "kitawi beach"}, "name": "Ekialo Kiano VCT", "created": "2013-07-08T13:01:05.167000+00:00", "regulatory_body": {"name": "Kenya MPDB - Private Practice"}, "facility_type": {"name": "VCT Centre (Stand-Alone)"}, "plot_number": null, "operation_status": {"name": "Operational"}, "number_of_beds": 0}, {"code": 19972, "location_desc": "Along Komothai Nyanduma Road", "official_name": "Tumaini Medical Centre-Komothai", "owner": {"name": "Private Practice - Nurse / Midwife"}, "keph_level": {"name": "Level 2"}, "ward": {"code": 609}, "number_of_cots": 2, "town": {"name": "gathiru-ini"}, "name": "Tumaini Medical Centre-Komothai", "created": "2013-07-08T15:09:31.627000+00:00", "regulatory_body": {"name": "Kenya MPDB - Private Practice"}, "facility_type": {"name": "Health Centre"}, "plot_number": null, "operation_status": {"name": "Operational"}, "number_of_beds": 10}, {"code": 19973, "location_desc": "Along Githunguri Ngorongo Road", "official_name": "Springs of Patmos Health Services", "owner": {"name": "Kenya Episcopal Conference-Catholic Secretariat"}, "keph_level": {"name": "Level 2"}, "ward": {"code": 578}, "number_of_cots": 0, "town": {"name": "githiga town"}, "name": "Springs of Patmos Health Services", "created": "2013-07-08T15:34:18.357000+00:00", "regulatory_body": {"name": "Ministry of Health"}, "facility_type": {"name": "Dispensary"}, "plot_number": null, "operation_status": {"name": "Operational"}, "number_of_beds": 0}, {"code": 19974, "location_desc": "Situated at CBK Pensions Hse-3rd Flr-Harambee Avenue", "official_name": "Central Bank Staff Clinic", "owner": {"name": "State Coorporation"}, "keph_level": {"name": "Level 2"}, "ward": {"code": 1439}, "number_of_cots": 0, "name": "Central Bank Staff Clinic", "created": "2013-07-09T14:15:10.180000+00:00", "regulatory_body": {"name": "Kenya MPDB - Institution"}, "facility_type": {"name": "Medical Clinic"}, "plot_number": null, "operation_status": {"name": "Operational"}, "number_of_beds": 0}, {"code": 19975, "location_desc": "Situated at Corner Hse(Opposite Hilton Hotel)", "official_name": "PentaPharm Ltd", "owner": {"name": "Private Practice - General Practitioner"}, "keph_level": {"name": "Level 2"}, "ward": {"code": 1439}, "number_of_cots": 0, "name": "Pentapharm Limited", "created": "2013-07-09T14:23:21.800000+00:00", "regulatory_body": {"name": "Pharmacy & Poisons Board"}, "facility_type": {"name": "Medical Centre"}, "plot_number": null, "operation_status": {"name": "Operational"}, "number_of_beds": 0}, {"code": 19979, "location_desc": "NSSF building wing A 12th floor", "official_name": "Dr Mureithi Clinic", "owner": {"name": "Private Practice - General Practitioner"}, "keph_level": {"name": "Level 2"}, "ward": {"code": 1371}, "number_of_cots": 0, "town": {"name": "cbd nbi"}, "name": "Dr Mureithi Clinic (Westlands)", "created": "2013-07-10T12:44:04.947000+00:00", "regulatory_body": {"name": "Kenya MPDB - Private Practice"}, "facility_type": {"name": "Medical Clinic"}, "plot_number": null, "operation_status": {"name": "Operational"}, "number_of_beds": 0}, {"code": 19980, "location_desc": "General Accident House 1st floor", "official_name": "Acacia Clinic", "owner": {"name": "Private Practice - General Practitioner"}, "keph_level": {"name": "Level 2"}, "ward": {"code": 1374}, "number_of_cots": 0, "town": {"name": "cbd nbi"}, "name": "Acacia Clinic (Westlands)", "created": "2013-07-10T12:58:27.893000+00:00", "regulatory_body": {"name": "Kenya MPDB - Private Practice"}, "facility_type": {"name": "Medical Clinic"}, "plot_number": null, "operation_status": {"name": "Operational"}, "number_of_beds": 0}, {"code": 19981, "location_desc": "New Nairobi Hospital Doctors Plaza, 2nd Floor", "official_name": "Dr Muhindi Clinic", "owner": {"name": "Private Practice - General Practitioner"}, "keph_level": {"name": "Level 2"}, "ward": {"code": 1389}, "number_of_cots": 0, "town": {"name": "cbd nbi"}, "name": "Dr Muhindi Clinic (Westlands)", "created": "2013-07-10T13:10:03.423000+00:00", "regulatory_body": {"name": "Kenya MPDB - Private Practice"}, "facility_type": {"name": "Medical Clinic"}, "plot_number": null, "operation_status": {"name": "Operational"}, "number_of_beds": 0}], "model": "facilities.Facility", "unique_fields": ["code"]}]