[{"records": [{"code": 16414, "location_desc": " Kapsimbeiywo trading centre.", "official_name": "Kapsimbeiywo Dispensary", "owner": {"name": "Ministry of Health"}, "keph_level": {"name": "Level 2"}, "ward": {"code": 850}, "number_of_cots": 0, "town": {"name": "keringet"}, "name": "Kapsimbeiywo Dispensary", "created": "2009-10-31T00:00:00+00:00", "regulatory_body": {"name": "Ministry of Health"}, "facility_type": {"name": "Dispensary"}, "plot_number": null, "operation_status": {"name": "Operational"}, "number_of_beds": 0}, {"code": 12963, "location_desc": "Opposite Ruaraka Barclay s bank", "official_name": "GSU HQ Dispensary (Ruaraka)", "owner": {"name": "Other Public Institution"}, "keph_level": {"name": "Level 2"}, "ward": {"code": 1402}, "number_of_cots": 0, "town": {"name": "nairobi"}, "name": "Gsu Hq Dispensary (Ruaraka)", "created": "2009-10-31T00:00:00+00:00", "regulatory_body": {"name": "Ministry of Health"}, "facility_type": {"name": "Dispensary"}, "plot_number": null, "operation_status": {"name": "Operational"}, "number_of_beds": 0}, {"code": 15865, "location_desc": null, "official_name": "Ebukanga Dispensary", "owner": {"name": "Ministry of Health"}, "keph_level": {"name": "Level 2"}, "ward": {"code": 1075}, "number_of_cots": 0, "town": {"name": "luanda"}, "name": "Ebukanga Dispensary", "created": "2009-10-31T00:00:00+00:00", "regulatory_body": {"name": "Ministry of Health"}, "facility_type": {"name": "Dispensary"}, "plot_number": null, "operation_status": {"name": "Operational"}, "number_of_beds": 0}, {"code": 15874, "location_desc": "It is 2km left turn off Kakakmega  - Mumias Road at Jamindas Motel", "official_name": "Elwesero Dispensary(Model Health Centre)", "owner": {"name": "Community"}, "keph_level": {"name": "Level 2"}, "ward": {"code": 1014}, "number_of_cots": 0, "town": {"name": "kakamege town"}, "name": "Elwesero Dispensary", "created": "2009-10-31T00:00:00+00:00", "regulatory_body": {"name": "Ministry of Health"}, "facility_type": {"name": "Dispensary"}, "plot_number": null, "operation_status": {"name": "Operational"}, "number_of_beds": 0}, {"code": 12893, "location_desc": null, "official_name": "Chandaria Health Centre", "owner": {"name": "Community"}, "keph_level": {"name": "Level 3"}, "ward": {"code": 1379}, "number_of_cots": 0, "town": {"name": "dagoretti market"}, "name": "Chandaria Health Centre", "created": "2009-10-31T00:00:00+00:00", "regulatory_body": {"name": "Other"}, "facility_type": {"name": "Health Centre"}, "plot_number": null, "operation_status": {"name": "Operational"}, "number_of_beds": 0}, {"code": 16371, "location_desc": null, "official_name": "Kamla Community Dispensary", "owner": {"name": "Community"}, "keph_level": {"name": "Level 2"}, "ward": {"code": 655}, "number_of_cots": 0, "town": {"name": "makutano"}, "name": "Kamla Community Dispensary", "created": "2009-10-31T00:00:00+00:00", "regulatory_body": {"name": "Other"}, "facility_type": {"name": "Dispensary"}, "plot_number": null, "operation_status": {"name": "Operational"}, "number_of_beds": 0}, {"code": 16852, "location_desc": "Along Chuka- Meru road  Near Mwichiune Market", "official_name": "Gaatia Dispensary", "owner": {"name": "Community"}, "keph_level": {"name": "Level 2"}, "ward": {"code": 293}, "number_of_cots": 0, "town": {"name": "nkubu town"}, "name": "Gaatia Dispensary", "created": "2010-01-31T00:00:00+00:00", "regulatory_body": {"name": "Ministry of Health"}, "facility_type": {"name": "Dispensary"}, "plot_number": null, "operation_status": {"name": "Operational"}, "number_of_beds": 0}, {"code": 16878, "location_desc": "NEXT MOGORI PRIMARY SCHOOL", "official_name": "Nyamagiri Dispensary", "owner": {"name": "Ministry of Health"}, "keph_level": {"name": "Level 2"}, "ward": {"code": 1304}, "number_of_cots": 0, "town": {"name": "mwata mkt"}, "name": "Nyamagiri Dispensary", "created": "2010-01-31T00:00:00+00:00", "regulatory_body": {"name": "Ministry of Health"}, "facility_type": {"name": "Dispensary"}, "plot_number": null, "operation_status": {"name": "Operational"}, "number_of_beds": 0}, {"code": 16424, "location_desc": null, "official_name": "Entanke Dispensary", "owner": {"name": "Community"}, "keph_level": {"name": "Level 2"}, "ward": {"code": 1301}, "number_of_cots": 0, "town": {"name": "mogumo"}, "name": "Entanke Dispensary", "created": "2009-10-31T00:00:00+00:00", "regulatory_body": {"name": "Other"}, "facility_type": {"name": "Dispensary"}, "plot_number": null, "operation_status": {"name": "Pending Opening"}, "number_of_beds": 0}, {"code": 16423, "location_desc": "Next To Chiefs Camps", "official_name": "Nyabioto Dispensary", "owner": {"name": "Ministry of Health"}, "keph_level": {"name": "Level 2"}, "ward": {"code": 1302}, "number_of_cots": 0, "town": {"name": "gesonso"}, "name": "Nyabioto Dispensary", "created": "2009-10-31T00:00:00+00:00", "regulatory_body": {"name": "Ministry of Health"}, "facility_type": {"name": "Dispensary"}, "plot_number": null, "operation_status": {"name": "Operational"}, "number_of_beds": 0}, {"code": 15180, "location_desc": "Off Loitoktok Road to the left", "official_name": "Merueshi Village Community Health Centre", "owner": {"name": "Non-Governmental Organizations"}, "keph_level": {"name": "Level 2"}, "ward": {"code": 924}, "number_of_cots": 0, "town": {"name": "emali"}, "name": "Merueshi Village Community Health Centre", "created": "2009-10-31T00:00:00+00:00", "regulatory_body": {"name": "Other"}, "facility_type": {"name": "Health Centre"}, "plot_number": null, "operation_status": {"name": "Operational"}, "number_of_beds": 0}, {"code": 15980, "location_desc": "At Lwandanyi Market ", "official_name": "Lwandanyi Dispensary", "owner": {"name": "Ministry of Health"}, "keph_level": {"name": "Level 2"}, "ward": {"code": 1084}, "number_of_cots": 0, "town": {"name": "lwandanyi"}, "name": "Lwandanyi Dispensary", "created": "2009-10-31T00:00:00+00:00", "regulatory_body": {"name": "Ministry of Health"}, "facility_type": {"name": "Dispensary"}, "plot_number": null, "operation_status": {"name": "Operational"}, "number_of_beds": 0}, {"code": 15867, "location_desc": "From Luanda town, past the catholic church on your way to Ekwanda 1 km off the road", "official_name": "Ebusiubi Dispensary", "owner": {"name": "Ministry of Health"}, "keph_level": {"name": "Level 2"}, "ward": {"code": 1070}, "number_of_cots": 0, "town": {"name": "luanda"}, "name": "Ebusyubi Dispensary", "created": "2009-10-31T00:00:00+00:00", "regulatory_body": {"name": "Ministry of Health"}, "facility_type": {"name": "Dispensary"}, "plot_number": null, "operation_status": {"name": "Pending Opening"}, "number_of_beds": 0}, {"code": 15868, "location_desc": null, "official_name": "Ekamanji Dispensary", "owner": {"name": "Ministry of Health"}, "keph_level": {"name": "Level 2"}, "ward": {"code": 1068}, "number_of_cots": 0, "town": {"name": "luanda"}, "name": "Ekamanji Dispensary", "created": "2009-10-31T00:00:00+00:00", "regulatory_body": {"name": "Ministry of Health"}, "facility_type": {"name": "Dispensary"}, "plot_number": null, "operation_status": {"name": "Pending Opening"}, "number_of_beds": 0}, {"code": 15963, "location_desc": "Within Luanda Town along Luanda Kisumu road next to Mumboha Primary School", "official_name": "Luanda Town Dispensary", "owner": {"name": "Ministry of Health"}, "keph_level": {"name": "Level 2"}, "ward": {"code": 1070}, "number_of_cots": 0, "town": {"name": "luanda"}, "name": "Luanda Town Dispensary", "created": "2009-10-31T00:00:00+00:00", "regulatory_body": {"name": "Ministry of Health"}, "facility_type": {"name": "Dispensary"}, "plot_number": null, "operation_status": {"name": "Operational"}, "number_of_beds": 0}, {"code": 12901, "location_desc": null, "official_name": "Community Health  Foundation", "owner": {"name": "Community"}, "keph_level": {"name": "Level 2"}, "ward": {"code": 1439}, "number_of_cots": 0, "town": {"name": "nairobi"}, "name": "Community Health Foundation", "created": "2009-10-31T00:00:00+00:00", "regulatory_body": {"name": "Other"}, "facility_type": {"name": "Dispensary"}, "plot_number": null, "operation_status": {"name": "Operational"}, "number_of_beds": 0}, {"code": 13728, "location_desc": null, "official_name": "Kwamo Dispensary ", "owner": {"name": "Community"}, "keph_level": {"name": "Level 2"}, "ward": {"code": 1251}, "number_of_cots": 0, "town": {"name": "ndhiwa"}, "name": "Kwamo Dispensary", "created": "2009-10-31T00:00:00+00:00", "regulatory_body": {"name": "Other"}, "facility_type": {"name": "Dispensary"}, "plot_number": null, "operation_status": {"name": "Operational"}, "number_of_beds": 0}, {"code": 13943, "location_desc": null, "official_name": "Nyasore Dispensary ", "owner": {"name": "Christian Health Association of Kenya"}, "keph_level": {"name": "Level 2"}, "ward": {"code": 1339}, "number_of_cots": 0, "town": {"name": "gesieka mkt"}, "name": "Nyasore Dispensary", "created": "2009-10-31T00:00:00+00:00", "regulatory_body": {"name": "Kenya MPDB - Institution"}, "facility_type": {"name": "Dispensary"}, "plot_number": null, "operation_status": {"name": "Operational"}, "number_of_beds": 0}, {"code": 13587, "location_desc": null, "official_name": "Gongo Dispensary ", "owner": {"name": "Community"}, "keph_level": {"name": "Level 2"}, "ward": {"code": 1239}, "number_of_cots": 0, "town": {"name": "ndhiwa"}, "name": "Gongo Dispensary", "created": "2009-10-31T00:00:00+00:00", "regulatory_body": {"name": "Other"}, "facility_type": {"name": "Dispensary"}, "plot_number": null, "operation_status": {"name": "Operational"}, "number_of_beds": 0}, {"code": 13143, "location_desc": "Pipeline Estate  Off North Airport Road At Transami - Kenya Builders (plot 10)", "official_name": "Pipeline Medical Health Services ", "owner": {"name": "Private Practice - Clinical Officer"}, "keph_level": {"name": "Level 3"}, "ward": {"code": 1410}, "number_of_cots": 1, "town": {"name": "nairobi"}, "name": "Pipeline Medical Health Services", "created": "2009-10-31T00:00:00+00:00", "regulatory_body": {"name": "Nursing Council of Kenya (Private Practice)"}, "facility_type": {"name": "Medical Clinic"}, "plot_number": "113/515", "operation_status": {"name": "Operational"}, "number_of_beds": 8}, {"code": 12918, "location_desc": null, "official_name": "DOD Mrs Dispensary", "owner": {"name": "Armed Forces"}, "keph_level": {"name": "Level 2"}, "ward": {"code": 1371}, "number_of_cots": 2, "town": {"name": "nairobi"}, "name": "Dod Mrs Dispensary", "created": "2009-10-31T00:00:00+00:00", "regulatory_body": {"name": "Other"}, "facility_type": {"name": "Dispensary"}, "plot_number": null, "operation_status": {"name": "Operational"}, "number_of_beds": 9}, {"code": 10942, "location_desc": null, "official_name": "Police Line Dispensary (Nyeri South)", "owner": {"name": "Armed Forces"}, "keph_level": {"name": "Level 2"}, "ward": {"code": 492}, "number_of_cots": 0, "town": {"name": "nyeri town"}, "name": "Police Line Dispensary (Nyeri South)", "created": "2009-10-31T00:00:00+00:00", "regulatory_body": {"name": "Other"}, "facility_type": {"name": "Dispensary"}, "plot_number": null, "operation_status": {"name": "Not-Operational"}, "number_of_beds": 0}, {"code": 13168, "location_desc": "Aoko Road Railway Training Institute", "official_name": "Railway Training Institute Dispensary South B ", "owner": {"name": "Academic (if registered)"}, "keph_level": {"name": "Level 2"}, "ward": {"code": 1444}, "number_of_cots": 0, "town": {"name": "railway training institute"}, "name": "Railway Training Institute Dispensary South B", "created": "2009-10-31T00:00:00+00:00", "regulatory_body": {"name": "Kenya MPDB - Institution"}, "facility_type": {"name": "Dispensary"}, "plot_number": null, "operation_status": {"name": "Operational"}, "number_of_beds": 0}, {"code": 10401, "location_desc": null, "official_name": "Kagumo College Dispensary", "owner": {"name": "Academic (if registered)"}, "keph_level": {"name": "Level 2"}, "ward": {"code": 493}, "number_of_cots": 0, "town": {"name": "gatitu"}, "name": "Kagumo College Dispensary", "created": "2009-10-31T00:00:00+00:00", "regulatory_body": {"name": "Other"}, "facility_type": {"name": "Dispensary"}, "plot_number": null, "operation_status": {"name": "Operational"}, "number_of_beds": 0}, {"code": 16287, "location_desc": "Teachers college Garissa", "official_name": "Garissa Teacher Training College Dispensary", "owner": {"name": "Academic (if registered)"}, "keph_level": {"name": "Level 2"}, "ward": {"code": 134}, "number_of_cots": 0, "town": {"name": "garissa"}, "name": "Garissa Teacher Training College Dispensary", "created": "2009-10-31T00:00:00+00:00", "regulatory_body": {"name": "Ministry of Health"}, "facility_type": {"name": "Dispensary"}, "plot_number": null, "operation_status": {"name": "Operational"}, "number_of_beds": 0}, {"code": 16764, "location_desc": "The Medical Clinic is at Masinde Muliro University of Science and Technology off on Kakamega - Webuye Road", "official_name": "Masinde Muliro University Of Science And Technology Clinic", "owner": {"name": "Parastatal"}, "keph_level": {"name": "Level 2"}, "ward": {"code": 1013}, "number_of_cots": 0, "town": {"name": "kakamege town"}, "name": "Masinde Muliro University of Science and Technolog", "created": "2009-10-31T00:00:00+00:00", "regulatory_body": {"name": "Other"}, "facility_type": {"name": "Medical Clinic"}, "plot_number": null, "operation_status": {"name": "Operational"}, "number_of_beds": 0}, {"code": 12886, "location_desc": "Within Bomas of Kenya,off Lang'ata rd.", "official_name": "Bomas of Kenya Dispensary", "owner": {"name": "Parastatal"}, "keph_level": {"name": "Level 2"}, "ward": {"code": 1381}, "number_of_cots": 0, "town": {"name": "bomas"}, "name": "Bomas of Kenya Dispensary", "created": "2009-10-31T00:00:00+00:00", "regulatory_body": {"name": "Other"}, "facility_type": {"name": "Dispensary"}, "plot_number": null, "operation_status": {"name": "Operational"}, "number_of_beds": 0}, {"code": 16425, "location_desc": "Next to Isamwera Secondary", "official_name": "Isamwera Dispensary", "owner": {"name": "Ministry of Health"}, "keph_level": {"name": "Level 2"}, "ward": {"code": 1302}, "number_of_cots": 0, "town": {"name": "gesero market"}, "name": "Isamwera Dispensary", "created": "2009-10-31T00:00:00+00:00", "regulatory_body": {"name": "Ministry of Health"}, "facility_type": {"name": "Dispensary"}, "plot_number": null, "operation_status": {"name": "Operational"}, "number_of_beds": 0}, {"code": 13242, "location_desc": null, "official_name": "University of Nairobi Dispensary", "owner": {"name": "Parastatal"}, "keph_level": {"name": "Level 2"}, "ward": {"code": 1371}, "number_of_cots": 0, "town": {"name": "nairobi"}, "name": "University of Nairobi Dispensary", "created": "2009-10-31T00:00:00+00:00", "regulatory_body": {"name": "Other"}, "facility_type": {"name": "Dispensary"}, "plot_number": null, "operation_status": {"name": "Operational"}, "number_of_beds": 0}, {"code": 16253, "location_desc": "Along Wote-Kwakavisi RD,Near Kitonyoni Primary School", "official_name": "Kitonyoni Dispensary", "owner": {"name": "Ministry of Health"}, "keph_level": {"name": "Level 2"}, "ward": {"code": 425}, "number_of_cots": 1, "town": {"name": "kangondi mkt"}, "name": "Kitonyoni Dispensary", "created": "2009-10-31T00:00:00+00:00", "regulatory_body": {"name": "Ministry of Health"}, "facility_type": {"name": "Dispensary"}, "plot_number": null, "operation_status": {"name": "Operational"}, "number_of_beds": 0}, {"code": 13136, "location_desc": null, "official_name": "P & T Clinic", "owner": {"name": "Parastatal"}, "keph_level": {"name": "Level 2"}, "ward": {"code": 1402}, "number_of_cots": 0, "town": {"name": "nairobi"}, "name": "P & T Clinic", "created": "2009-10-31T00:00:00+00:00", "regulatory_body": {"name": "Other"}, "facility_type": {"name": "Dispensary"}, "plot_number": null, "operation_status": {"name": "Not-Operational"}, "number_of_beds": 0}, {"code": 15966, "location_desc": "Lukhome Market", "official_name": "Lukhome Dispensary (Bungoma West)", "owner": {"name": "Ministry of Health"}, "keph_level": {"name": "Level 2"}, "ward": {"code": 1088}, "number_of_cots": 0, "town": {"name": "chwele"}, "name": "Lukhome Dispensary (Bungoma West)", "created": "2009-10-31T00:00:00+00:00", "regulatory_body": {"name": "Other"}, "facility_type": {"name": "Dispensary"}, "plot_number": null, "operation_status": {"name": "Operational"}, "number_of_beds": 0}, {"code": 16547, "location_desc": "Next to Kinondo chiefs office", "official_name": "Kinondo Kwetu Community Clinic", "owner": {"name": "Community"}, "keph_level": {"name": "Level 2"}, "ward": {"code": 33}, "number_of_cots": 0, "town": {"name": "ukunda"}, "name": "Kinondo Kwetu Community Clinic", "created": "2009-10-31T00:00:00+00:00", "regulatory_body": {"name": "Kenya MPDB - Institution"}, "facility_type": {"name": "Dispensary"}, "plot_number": null, "operation_status": {"name": "Operational"}, "number_of_beds": 0}, {"code": 15929, "location_desc": "At Khachonge Market", "official_name": "Khachonge Dispensary", "owner": {"name": "Private Practice - Unspecified"}, "keph_level": {"name": "Level 2"}, "ward": {"code": 1087}, "number_of_cots": 0, "town": {"name": "khachonge market"}, "name": "Khachonge Dispensary", "created": "2009-10-31T00:00:00+00:00", "regulatory_body": {"name": "Kenya MPDB - Institution"}, "facility_type": {"name": "Dispensary"}, "plot_number": null, "operation_status": {"name": "Operational"}, "number_of_beds": 0}, {"code": 15883, "location_desc": "On Kakamega-Ingotse Road just before Ingotse Market you turn left 2km.", "official_name": "Eshiongo Dispensary", "owner": {"name": "Ministry of Health"}, "keph_level": {"name": "Level 2"}, "ward": {"code": 1016}, "number_of_cots": 0, "town": {"name": "ingotse mkt"}, "name": "Eshiongo Dispensary", "created": "2009-10-31T00:00:00+00:00", "regulatory_body": {"name": "Ministry of Health"}, "facility_type": {"name": "Dispensary"}, "plot_number": null, "operation_status": {"name": "Operational"}, "number_of_beds": 4}, {"code": 16422, "location_desc": "Next To Ekerubo Sec School", "official_name": "Ekerubo Dispensary ", "owner": {"name": "Ministry of Health"}, "keph_level": {"name": "Level 2"}, "ward": {"code": 1303}, "number_of_cots": 0, "town": {"name": "itibo rianyabaro"}, "name": "Ekerubo Dispensary (Kisii South)", "created": "2009-10-31T00:00:00+00:00", "regulatory_body": {"name": "Ministry of Health"}, "facility_type": {"name": "Dispensary"}, "plot_number": null, "operation_status": {"name": "Operational"}, "number_of_beds": 0}, {"code": 13018, "location_desc": "Along Magadi Road towards Ongata Rongai", "official_name": "Multi Media University Dispensary", "owner": {"name": "Parastatal"}, "keph_level": {"name": "Level 2"}, "ward": {"code": 1383}, "number_of_cots": 0, "town": {"name": "bangladesh village, park place"}, "name": "Multi Media University Dispensary", "created": "2009-10-31T00:00:00+00:00", "regulatory_body": {"name": "Kenya MPDB - Institution"}, "facility_type": {"name": "Dispensary"}, "plot_number": null, "operation_status": {"name": "Operational"}, "number_of_beds": 0}, {"code": 13702, "location_desc": null, "official_name": "Kisii Campus Dispensary", "owner": {"name": "Other Public Institution"}, "keph_level": {"name": "Level 2"}, "ward": {"code": 1331}, "number_of_cots": 0, "town": {"name": "mwembe"}, "name": "Kisii Campus Dispensary", "created": "2009-10-31T00:00:00+00:00", "regulatory_body": {"name": "Other"}, "facility_type": {"name": "Dispensary"}, "plot_number": null, "operation_status": {"name": "Operational"}, "number_of_beds": 3}, {"code": 14541, "location_desc": "Off Magadi Road", "official_name": "GSU Field Dispensary (Kajiado)", "owner": {"name": "Other Public Institution"}, "keph_level": {"name": "Level 2"}, "ward": {"code": 927}, "number_of_cots": 0, "town": {"name": "magadi"}, "name": "Gsu Field Dispensary (Kajiado)", "created": "2009-10-31T00:00:00+00:00", "regulatory_body": {"name": "Other"}, "facility_type": {"name": "Dispensary"}, "plot_number": null, "operation_status": {"name": "Operational"}, "number_of_beds": 0}, {"code": 14517, "location_desc": "Athi River Prison Kitengela ", "official_name": "GK Prison Dispensary (Athi River)", "owner": {"name": "Ministry of Health"}, "keph_level": {"name": "Level 2"}, "ward": {"code": 923}, "number_of_cots": 0, "town": {"name": "kitengela"}, "name": "GK Prison Dispensary (Athi River)", "created": "2009-10-31T00:00:00+00:00", "regulatory_body": {"name": "Other"}, "facility_type": {"name": "Dispensary"}, "plot_number": null, "operation_status": {"name": "Operational"}, "number_of_beds": 0}, {"code": 10758, "location_desc": "Nbi-Naivasha route-flyover-njabini-Engineer.Branch at Ndunyu njeru to the right.Cross kawamaitha bridge up to Mkungi centre where facility is located approximately 3 km from ndunyu njeru", "official_name": "Mukungi Dispensary", "owner": {"name": "Ministry of Health"}, "keph_level": {"name": "Level 2"}, "ward": {"code": 444}, "number_of_cots": 0, "town": {"name": "engineer"}, "name": "Mukungi Dispensary", "created": "2009-10-31T00:00:00+00:00", "regulatory_body": {"name": "Ministry of Health"}, "facility_type": {"name": "Dispensary"}, "plot_number": null, "operation_status": {"name": "Operational"}, "number_of_beds": 0}, {"code": 10840, "location_desc": "Olkalou-Njabini rd at Ndunyu Njeru Market", "official_name": "Ndunyu Njeru Dispensary", "owner": {"name": "Ministry of Health"}, "keph_level": {"name": "Level 2"}, "ward": {"code": 443}, "number_of_cots": 0, "town": {"name": "ndunyu njeru market"}, "name": "Ndunyu Njeru Dispensary", "created": "2009-10-31T00:00:00+00:00", "regulatory_body": {"name": "Ministry of Health"}, "facility_type": {"name": "Dispensary"}, "plot_number": null, "operation_status": {"name": "Operational"}, "number_of_beds": 0}, {"code": 14133, "location_desc": null, "official_name": "Sumba Community Dispensary ", "owner": {"name": "Ministry of Health"}, "keph_level": {"name": "Level 2"}, "ward": {"code": 1163}, "number_of_cots": 0, "town": {"name": "nyadorera market"}, "name": "Sumba Community Dispensary", "created": "2009-10-31T00:00:00+00:00", "regulatory_body": {"name": "Ministry of Health"}, "facility_type": {"name": "Dispensary"}, "plot_number": null, "operation_status": {"name": "Operational"}, "number_of_beds": 0}, {"code": 13144, "location_desc": "Off Mombasa Road Opposite Uchumi Kapitial Centre", "official_name": "South B Police Band Dispensary", "owner": {"name": "Other Public Institution"}, "keph_level": {"name": "Level 2"}, "ward": {"code": 1444}, "number_of_cots": 0, "town": {"name": "nairobi south b shopping centre"}, "name": "South B Police Band Dispensary", "created": "2009-10-31T00:00:00+00:00", "regulatory_body": {"name": "Ministry of Health"}, "facility_type": {"name": "Dispensary"}, "plot_number": null, "operation_status": {"name": "Operational"}, "number_of_beds": 0}, {"code": 12048, "location_desc": "In Machakos Prison Premises", "official_name": "GK Prison Dispensary", "owner": {"name": "Ministry of Health"}, "keph_level": {"name": "Level 2"}, "ward": {"code": 401}, "number_of_cots": 0, "town": {"name": "machakos"}, "name": "GK Prison Dispensary (Machakos)", "created": "2009-10-31T00:00:00+00:00", "regulatory_body": {"name": "Ministry of Health"}, "facility_type": {"name": "Dispensary"}, "plot_number": null, "operation_status": {"name": "Operational"}, "number_of_beds": 4}, {"code": 10984, "location_desc": "Nbi-Nakuru rd.Branch at flyover- then to njabini-kwa haraka-Rwanyambo shopping cencre", "official_name": "Rwanyambo Dispensary", "owner": {"name": "Ministry of Health"}, "keph_level": {"name": "Level 2"}, "ward": {"code": 448}, "number_of_cots": 0, "town": {"name": "njabini"}, "name": "Rwanyambo Dispensary", "created": "2009-10-31T00:00:00+00:00", "regulatory_body": {"name": "Ministry of Health"}, "facility_type": {"name": "Dispensary"}, "plot_number": null, "operation_status": {"name": "Operational"}, "number_of_beds": 0}, {"code": 11931, "location_desc": "In APDK Premises - Machakos Branch", "official_name": "APDK Dispensary", "owner": {"name": "Ministry of Health"}, "keph_level": {"name": "Level 2"}, "ward": {"code": 401}, "number_of_cots": 0, "town": {"name": "machakos"}, "name": "Apdk Dispensary (Machakos)", "created": "2009-10-31T00:00:00+00:00", "regulatory_body": {"name": "Ministry of Health"}, "facility_type": {"name": "Dispensary"}, "plot_number": null, "operation_status": {"name": "Operational"}, "number_of_beds": 0}, {"code": 10614, "location_desc": null, "official_name": "Kinja Dispensary", "owner": {"name": "Other Public Institution"}, "keph_level": {"name": "Level 2"}, "ward": {"code": 442}, "number_of_cots": 0, "town": {"name": "engineer"}, "name": "Kinja Dispensary", "created": "2009-10-31T00:00:00+00:00", "regulatory_body": {"name": "Other"}, "facility_type": {"name": "Dispensary"}, "plot_number": null, "operation_status": {"name": "Not-Operational"}, "number_of_beds": 0}, {"code": 14174, "location_desc": null, "official_name": "Wire Dispensary ", "owner": {"name": "Christian Health Association of Kenya"}, "keph_level": {"name": "Level 2"}, "ward": {"code": 1225}, "number_of_cots": 0, "town": {"name": "oyugis town"}, "name": "Wire Dispensary", "created": "2009-10-31T00:00:00+00:00", "regulatory_body": {"name": "Kenya MPDB - Institution"}, "facility_type": {"name": "Dispensary"}, "plot_number": null, "operation_status": {"name": "Operational"}, "number_of_beds": 0}, {"code": 12200, "location_desc": "Along Chuka-Meru road near Keria market", "official_name": "Karia Dispensary", "owner": {"name": "Christian Health Association of Kenya"}, "keph_level": {"name": "Level 2"}, "ward": {"code": 292}, "number_of_cots": 0, "town": {"name": "keria mkt"}, "name": "Karia Dispensary", "created": "2009-10-31T00:00:00+00:00", "regulatory_body": {"name": "Kenya MPDB - Institution"}, "facility_type": {"name": "Dispensary"}, "plot_number": null, "operation_status": {"name": "Operational"}, "number_of_beds": 0}, {"code": 12576, "location_desc": null, "official_name": "Mumoni Dispensary", "owner": {"name": "Ministry of Health"}, "keph_level": {"name": "Level 2"}, "ward": {"code": 333}, "number_of_cots": 0, "town": {"name": "musosya"}, "name": "Mumoni Dispensary", "created": "2009-10-31T00:00:00+00:00", "regulatory_body": {"name": "Ministry of Health"}, "facility_type": {"name": "Dispensary"}, "plot_number": null, "operation_status": {"name": "Operational"}, "number_of_beds": 0}, {"code": 10215, "location_desc": "Along -Engineer njabini rd. Deviate at catholic church to the right up to gathara shopping centre.", "official_name": "Gathara Dispensary", "owner": {"name": "Ministry of Health"}, "keph_level": {"name": "Level 2"}, "ward": {"code": 442}, "number_of_cots": 0, "town": {"name": "engineer"}, "name": "Gathara Dispensary", "created": "2009-10-31T00:00:00+00:00", "regulatory_body": {"name": "Ministry of Health"}, "facility_type": {"name": "Dispensary"}, "plot_number": null, "operation_status": {"name": "Operational"}, "number_of_beds": 0}, {"code": 11445, "location_desc": null, "official_name": "Kadaina Community Dispensary", "owner": {"name": "Community"}, "keph_level": {"name": "Level 2"}, "ward": {"code": 55}, "number_of_cots": 0, "town": {"name": "matsangoni"}, "name": "Kadaina Community Dispensary", "created": "2009-10-31T00:00:00+00:00", "regulatory_body": {"name": "Other"}, "facility_type": {"name": "Dispensary"}, "plot_number": null, "operation_status": {"name": "Operational"}, "number_of_beds": 0}, {"code": 13442, "location_desc": "Behind Garissa Medical Training College", "official_name": "Simaho Maternity Home", "owner": {"name": "Non-Governmental Organizations"}, "keph_level": {"name": "Level 3"}, "ward": {"code": 132}, "number_of_cots": 2, "town": {"name": "garissa"}, "name": "Sisters Maternity Home (Simaho)", "created": "2009-10-31T00:00:00+00:00", "regulatory_body": {"name": "Kenya MPDB - Institution"}, "facility_type": {"name": "Nursing Home"}, "plot_number": null, "operation_status": {"name": "Operational"}, "number_of_beds": 5}, {"code": 16230, "location_desc": "Along Kanyakine - Yururu road", "official_name": "Gatankene Dispensary", "owner": {"name": "Community"}, "keph_level": {"name": "Level 2"}, "ward": {"code": 286}, "number_of_cots": 0, "town": {"name": "kanyakine mkt"}, "name": "Gatankene Dispensary", "created": "2009-10-31T00:00:00+00:00", "regulatory_body": {"name": "Ministry of Health"}, "facility_type": {"name": "Dispensary"}, "plot_number": null, "operation_status": {"name": "Operational"}, "number_of_beds": 0}, {"code": 13497, "location_desc": "Gobei school, wang Arot market road", "official_name": "Bar Aluru Dispensary ", "owner": {"name": "Ministry of Health"}, "keph_level": {"name": "Level 2"}, "ward": {"code": 1182}, "number_of_cots": 0, "town": {"name": "lwak market"}, "name": "Bar Aluru Dispensary (Rarieda)", "created": "2009-10-31T00:00:00+00:00", "regulatory_body": {"name": "Ministry of Health"}, "facility_type": {"name": "Dispensary"}, "plot_number": "3267", "operation_status": {"name": "Operational"}, "number_of_beds": 0}, {"code": 13126, "location_desc": "Along Nairobi Kangundo Road At Njiru shopping center opposite St.Michael catholic Church", "official_name": "Njiru Dispensary", "owner": {"name": "Local Authority"}, "keph_level": {"name": "Level 2"}, "ward": {"code": 1399}, "number_of_cots": 0, "town": {"name": "njiru market"}, "name": "Njiru Dispensary", "created": "2009-10-31T00:00:00+00:00", "regulatory_body": {"name": "Ministry of Health"}, "facility_type": {"name": "Dispensary"}, "plot_number": null, "operation_status": {"name": "Operational"}, "number_of_beds": 0}, {"code": 11733, "location_desc": null, "official_name": "Pandanguo Dispensary", "owner": {"name": "Community"}, "keph_level": {"name": "Level 2"}, "ward": {"code": 109}, "number_of_cots": 0, "town": {"name": "pandanguo"}, "name": "Pandanguo Dispensary", "created": "2009-10-31T00:00:00+00:00", "regulatory_body": {"name": "Other"}, "facility_type": {"name": "Dispensary"}, "plot_number": null, "operation_status": {"name": "Operational"}, "number_of_beds": 0}, {"code": 13740, "location_desc": "Along Minyenya Lwala Road", "official_name": "Lwala Dispensary ", "owner": {"name": "Community"}, "keph_level": {"name": "Level 2"}, "ward": {"code": 1261}, "number_of_cots": 0, "town": {"name": "rongo"}, "name": "Lwala Dispensary", "created": "2009-10-31T00:00:00+00:00", "regulatory_body": {"name": "Other"}, "facility_type": {"name": "Dispensary"}, "plot_number": null, "operation_status": {"name": "Operational"}, "number_of_beds": 3}, {"code": 13024, "location_desc": null, "official_name": "Kenyatta University Dispensary", "owner": {"name": "Other Public Institution"}, "keph_level": {"name": "Level 2"}, "ward": {"code": 1392}, "number_of_cots": 0, "town": {"name": "nairobi"}, "name": "Kenyatta University Dispensary", "created": "2009-10-31T00:00:00+00:00", "regulatory_body": {"name": "Other"}, "facility_type": {"name": "Dispensary"}, "plot_number": null, "operation_status": {"name": "Operational"}, "number_of_beds": 0}, {"code": 10220, "location_desc": null, "official_name": "Gatina Dispensary", "owner": {"name": "Ministry of Health"}, "keph_level": {"name": "Level 2"}, "ward": {"code": 480}, "number_of_cots": 0, "town": {"name": "karatina"}, "name": "Gatina Dispensary", "created": "2009-10-31T00:00:00+00:00", "regulatory_body": {"name": "Ministry of Health"}, "facility_type": {"name": "Dispensary"}, "plot_number": null, "operation_status": {"name": "Operational"}, "number_of_beds": 0}, {"code": 16786, "location_desc": null, "official_name": "Benga Bi Dispensary", "owner": {"name": "Ministry of Health"}, "keph_level": {"name": "Level 2"}, "ward": {"code": 1163}, "number_of_cots": 0, "town": {"name": "benga market"}, "name": "Benga Bi Dispensary", "created": "2009-10-31T00:00:00+00:00", "regulatory_body": {"name": "Ministry of Health"}, "facility_type": {"name": "Dispensary"}, "plot_number": null, "operation_status": {"name": "Operational"}, "number_of_beds": 0}, {"code": 12728, "location_desc": "In Machakos Town near GK Prison", "official_name": "School for the Deaf", "owner": {"name": "Ministry of Health"}, "keph_level": {"name": "Level 2"}, "ward": {"code": 403}, "number_of_cots": 0, "town": {"name": "machakos"}, "name": "School For The Deaf (Machakos)", "created": "2009-10-31T00:00:00+00:00", "regulatory_body": {"name": "Other"}, "facility_type": {"name": "Dispensary"}, "plot_number": null, "operation_status": {"name": "Operational"}, "number_of_beds": 0}, {"code": 13239, "location_desc": "Off Mbagathi rd.,Next to Funguo Estate", "official_name": "Uhuru Camp Dispensary (O.P. Admin Police)", "owner": {"name": "Armed Forces"}, "keph_level": {"name": "Level 2"}, "ward": {"code": 1383}, "number_of_cots": 0, "town": {"name": "madaraka shopping center"}, "name": "Uhuru Camp Dispensary (O P Admin Police)", "created": "2009-10-31T00:00:00+00:00", "regulatory_body": {"name": "Ministry of Health"}, "facility_type": {"name": "Dispensary"}, "plot_number": null, "operation_status": {"name": "Operational"}, "number_of_beds": 0}, {"code": 16806, "location_desc": "Engineer - Olkalou rd, turn left at machinery shopping centre,move 13 km to cereal board centre .", "official_name": "Lereshwa Dispensary", "owner": {"name": "Ministry of Health"}, "keph_level": {"name": "Level 2"}, "ward": {"code": 450}, "number_of_cots": 0, "town": {"name": "kahiga"}, "name": "Lereshwa Dispensary", "created": "2010-01-31T00:00:00+00:00", "regulatory_body": {"name": "Ministry of Health"}, "facility_type": {"name": "Dispensary"}, "plot_number": null, "operation_status": {"name": "Operational"}, "number_of_beds": 0}, {"code": 16807, "location_desc": "Njabini-Olkalou rd at Munyaka Town", "official_name": "Munyaka Dispensary", "owner": {"name": "Ministry of Health"}, "keph_level": {"name": "Level 2"}, "ward": {"code": 442}, "number_of_cots": 0, "town": {"name": "munyaka"}, "name": "Munyaka Dispensary", "created": "2010-01-31T00:00:00+00:00", "regulatory_body": {"name": "Ministry of Health"}, "facility_type": {"name": "Dispensary"}, "plot_number": null, "operation_status": {"name": "Operational"}, "number_of_beds": 0}, {"code": 12919, "location_desc": "Near St.Mary's Mission hospital", "official_name": "Dog Unit Dispensary", "owner": {"name": "Other Public Institution"}, "keph_level": {"name": "Level 2"}, "ward": {"code": 1381}, "number_of_cots": 0, "town": {"name": "otiende shopping center"}, "name": "Dog Unit Dispensary (O P Kenya Police)", "created": "2009-10-31T00:00:00+00:00", "regulatory_body": {"name": "Other"}, "facility_type": {"name": "Dispensary"}, "plot_number": null, "operation_status": {"name": "Operational"}, "number_of_beds": 0}, {"code": 13161, "location_desc": "Enterprise Road Nairobi Remand Prisons", "official_name": "Nairobi Remand Prison Health Centre", "owner": {"name": "Other Public Institution"}, "keph_level": {"name": "Level 2"}, "ward": {"code": 1443}, "number_of_cots": 0, "town": {"name": "nairobi remand prison"}, "name": "Nairobi Remand Prison Health Centre", "created": "2009-10-31T00:00:00+00:00", "regulatory_body": {"name": "Other"}, "facility_type": {"name": "Dispensary"}, "plot_number": null, "operation_status": {"name": "Operational"}, "number_of_beds": 0}, {"code": 16059, "location_desc": "On Kakamega-Mumias Road turn right at Kakiamega Friends Hotel. The facility is next to Nabongo Primary School.", "official_name": "Nabongo Dispensary", "owner": {"name": "Community"}, "keph_level": {"name": "Level 2"}, "ward": {"code": 1012}, "number_of_cots": 0, "town": {"name": "kakamege town"}, "name": "Nabongo Dispensary", "created": "2009-10-31T00:00:00+00:00", "regulatory_body": {"name": "Ministry of Health"}, "facility_type": {"name": "Dispensary"}, "plot_number": null, "operation_status": {"name": "Operational"}, "number_of_beds": 0}, {"code": 11676, "location_desc": "Near Muhaka Primary School", "official_name": "Muhaka Dispensary", "owner": {"name": "Ministry of Health"}, "keph_level": {"name": "Level 2"}, "ward": {"code": 33}, "number_of_cots": 0, "town": {"name": "ukunda"}, "name": "Muhaka Dispensary", "created": "2009-10-31T00:00:00+00:00", "regulatory_body": {"name": "Ministry of Health"}, "facility_type": {"name": "Dispensary"}, "plot_number": null, "operation_status": {"name": "Operational"}, "number_of_beds": 0}, {"code": 12994, "location_desc": "Along Waiyaki Way, opposite ABC place", "official_name": "Kabete Barracks Dispensary", "owner": {"name": "Armed Forces"}, "keph_level": {"name": "Level 2"}, "ward": {"code": 1366}, "number_of_cots": 0, "town": {"name": "nairobi"}, "name": "Kabete Barracks Dispensary", "created": "2009-10-31T00:00:00+00:00", "regulatory_body": {"name": "Other"}, "facility_type": {"name": "Dispensary"}, "plot_number": null, "operation_status": {"name": "Operational"}, "number_of_beds": 0}, {"code": 14053, "location_desc": null, "official_name": "Riongige Dispensry", "owner": {"name": "Ministry of Health"}, "keph_level": {"name": "Level 2"}, "ward": {"code": 1355}, "number_of_cots": 0, "town": {"name": "kenyenya"}, "name": "Riongige Dispensry", "created": "2009-10-31T00:00:00+00:00", "regulatory_body": {"name": "Ministry of Health"}, "facility_type": {"name": "Dispensary"}, "plot_number": null, "operation_status": {"name": "Operational"}, "number_of_beds": 5}, {"code": 13546, "location_desc": null, "official_name": "Eramba Dispensary ", "owner": {"name": "Ministry of Health"}, "keph_level": {"name": "Level 2"}, "ward": {"code": 1339}, "number_of_cots": 0, "town": {"name": "kiomoncha"}, "name": "Eramba Dispensary", "created": "2009-10-31T00:00:00+00:00", "regulatory_body": {"name": "Ministry of Health"}, "facility_type": {"name": "Dispensary"}, "plot_number": null, "operation_status": {"name": "Operational"}, "number_of_beds": 0}, {"code": 12240, "location_desc": "Along Kalimani Kitui Road, At Kathaka Market 10 km from Kasayani Market", "official_name": "Kathyaka Dispensary", "owner": {"name": "Ministry of Health"}, "keph_level": {"name": "Level 2"}, "ward": {"code": 433}, "number_of_cots": 1, "town": {"name": "kathyaka"}, "name": "Kathyaka Dispensary", "created": "2009-10-31T00:00:00+00:00", "regulatory_body": {"name": "Ministry of Health"}, "facility_type": {"name": "Dispensary"}, "plot_number": null, "operation_status": {"name": "Operational"}, "number_of_beds": 2}, {"code": 13862, "location_desc": null, "official_name": "Nyabokarange Dispensary ", "owner": {"name": "Ministry of Health"}, "keph_level": {"name": "Level 2"}, "ward": {"code": 1290}, "number_of_cots": 0, "town": {"name": "ikerege"}, "name": "Nyabokarange Dispensary", "created": "2009-10-31T00:00:00+00:00", "regulatory_body": {"name": "Ministry of Health"}, "facility_type": {"name": "Dispensary"}, "plot_number": null, "operation_status": {"name": "Operational"}, "number_of_beds": 1}, {"code": 11122, "location_desc": null, "official_name": "Tumaini National Youth Service Dispensary", "owner": {"name": "Ministry of Health"}, "keph_level": {"name": "Level 2"}, "ward": {"code": 454}, "number_of_cots": 0, "town": {"name": "olkalau"}, "name": "Tumaini National Youth Service Dispensary", "created": "2009-10-31T00:00:00+00:00", "regulatory_body": {"name": "Ministry of Health"}, "facility_type": {"name": "Dispensary"}, "plot_number": " ", "operation_status": {"name": "Operational"}, "number_of_beds": 0}, {"code": 10400, "location_desc": null, "official_name": "Kagonye Dispensary", "owner": {"name": "Ministry of Health"}, "keph_level": {"name": "Level 2"}, "ward": {"code": 484}, "number_of_cots": 0, "town": {"name": "othaya town"}, "name": "Kagonye Dispensary", "created": "2009-10-31T00:00:00+00:00", "regulatory_body": {"name": "Ministry of Health"}, "facility_type": {"name": "Dispensary"}, "plot_number": null, "operation_status": {"name": "Operational"}, "number_of_beds": 0}, {"code": 15361, "location_desc": "Loitokitok-Illasit Road", "official_name": "Nkama Dispensary", "owner": {"name": "Ministry of Health"}, "keph_level": {"name": "Level 2"}, "ward": {"code": 934}, "number_of_cots": 0, "town": {"name": "loitokitok"}, "name": "Nkama Dispensary", "created": "2009-10-31T00:00:00+00:00", "regulatory_body": {"name": "Ministry of Health"}, "facility_type": {"name": "Dispensary"}, "plot_number": null, "operation_status": {"name": "Operational"}, "number_of_beds": 4}, {"code": 15379, "location_desc": "KIRIMUN NYS MAIN CAMP", "official_name": "NYS Dispensary (Kirimun)", "owner": {"name": "Ministry of Health"}, "keph_level": {"name": "Level 2"}, "ward": {"code": 661}, "number_of_cots": 0, "town": {"name": "kirimun"}, "name": "Nys Dispensary (Kirimun)", "created": "2009-10-31T00:00:00+00:00", "regulatory_body": {"name": "Ministry of Health"}, "facility_type": {"name": "Dispensary"}, "plot_number": null, "operation_status": {"name": "Operational"}, "number_of_beds": 0}, {"code": 12022, "location_desc": null, "official_name": "Gacabari Dispensary", "owner": {"name": "Ministry of Health"}, "keph_level": {"name": "Level 2"}, "ward": {"code": 327}, "number_of_cots": 0, "town": {"name": "gacabari"}, "name": "Gacabari Dispensary", "created": "2009-10-31T00:00:00+00:00", "regulatory_body": {"name": "Ministry of Health"}, "facility_type": {"name": "Dispensary"}, "plot_number": " ", "operation_status": {"name": "Operational"}, "number_of_beds": 0}, {"code": 14088, "location_desc": null, "official_name": "Simba Opepo Dispensary ", "owner": {"name": "Local Authority"}, "keph_level": {"name": "Level 2"}, "ward": {"code": 1186}, "number_of_cots": 0, "town": {"name": "kisumu"}, "name": "Simba Opepo Dispensary", "created": "2009-10-31T00:00:00+00:00", "regulatory_body": {"name": "Other"}, "facility_type": {"name": "Dispensary"}, "plot_number": null, "operation_status": {"name": "Operational"}, "number_of_beds": 0}, {"code": 13591, "location_desc": null, "official_name": "Got Nyabondo Dispensary ", "owner": {"name": "Local Authority"}, "keph_level": {"name": "Level 2"}, "ward": {"code": 1186}, "number_of_cots": 0, "town": {"name": "kisumu"}, "name": "Got Nyabondo Dispensary", "created": "2009-10-31T00:00:00+00:00", "regulatory_body": {"name": "Other"}, "facility_type": {"name": "Dispensary"}, "plot_number": null, "operation_status": {"name": "Operational"}, "number_of_beds": 0}, {"code": 14027, "location_desc": null, "official_name": "Railways Dispensary (Kisumu)", "owner": {"name": "Ministry of Health"}, "keph_level": {"name": "Level 2"}, "ward": {"code": 1199}, "number_of_cots": 0, "town": {"name": "kisumu"}, "name": "Railways Dispensary (Kisumu)", "created": "2009-10-31T00:00:00+00:00", "regulatory_body": {"name": "Other"}, "facility_type": {"name": "Dispensary"}, "plot_number": null, "operation_status": {"name": "Operational"}, "number_of_beds": 0}, {"code": 13231, "location_desc": null, "official_name": "State House Clinic", "owner": {"name": "Local Authority"}, "keph_level": {"name": "Level 2"}, "ward": {"code": 1371}, "number_of_cots": 0, "town": {"name": "nairobi"}, "name": "State House Clinic", "created": "2009-10-31T00:00:00+00:00", "regulatory_body": {"name": "Other"}, "facility_type": {"name": "Dispensary"}, "plot_number": null, "operation_status": {"name": "Operational"}, "number_of_beds": 0}, {"code": 13009, "location_desc": "Along Kiambu Road next to Kenya Forestry Limited", "official_name": "Karura Health Centre", "owner": {"name": "Local Authority"}, "keph_level": {"name": "Level 3"}, "ward": {"code": 1394}, "number_of_cots": 0, "town": {"name": "nairobi"}, "name": "Karura Health Centre (Kiambu Rd)", "created": "2009-10-31T00:00:00+00:00", "regulatory_body": {"name": "Other"}, "facility_type": {"name": "Health Centre"}, "plot_number": null, "operation_status": {"name": "Operational"}, "number_of_beds": 0}, {"code": 13851, "location_desc": null, "official_name": "Ngisiru Dispensary ", "owner": {"name": "Ministry of Health"}, "keph_level": {"name": "Level 2"}, "ward": {"code": 1275}, "number_of_cots": 0, "town": {"name": "ngisiru"}, "name": "Ngisiru Dispensary", "created": "2009-10-31T00:00:00+00:00", "regulatory_body": {"name": "Ministry of Health"}, "facility_type": {"name": "Dispensary"}, "plot_number": null, "operation_status": {"name": "Operational"}, "number_of_beds": 2}, {"code": 12708, "location_desc": null, "official_name": "Ramata Health Centre", "owner": {"name": "Ministry of Health"}, "keph_level": {"name": "Level 3"}, "ward": {"code": 222}, "number_of_cots": 0, "town": {"name": "sololo"}, "name": "Ramata Health Centre", "created": "2009-10-31T00:00:00+00:00", "regulatory_body": {"name": "Ministry of Health"}, "facility_type": {"name": "Health Centre"}, "plot_number": null, "operation_status": {"name": "Operational"}, "number_of_beds": 0}, {"code": 12744, "location_desc": "Along Nkubu Meru road.", "official_name": "St Anne Kariene Dispensary", "owner": {"name": "Kenya Episcopal Conference-Catholic Secretariat"}, "keph_level": {"name": "Level 2"}, "ward": {"code": 286}, "number_of_cots": 0, "town": {"name": "kariene market"}, "name": "St Anne Kariene Dispensary", "created": "2009-10-31T00:00:00+00:00", "regulatory_body": {"name": "Kenya MPDB - Institution"}, "facility_type": {"name": "Dispensary"}, "plot_number": "647", "operation_status": {"name": "Operational"}, "number_of_beds": 0}, {"code": 15370, "location_desc": null, "official_name": "Nyakiambi Dispensary", "owner": {"name": "Ministry of Health"}, "keph_level": {"name": "Level 2"}, "ward": {"code": 827}, "number_of_cots": 0, "town": {"name": "elburgon"}, "name": "Nyakiambi Dispensary", "created": "2009-10-31T00:00:00+00:00", "regulatory_body": {"name": "Ministry of Health"}, "facility_type": {"name": "Dispensary"}, "plot_number": "428", "operation_status": {"name": "Operational"}, "number_of_beds": 0}, {"code": 15509, "location_desc": null, "official_name": "Sachang'wan Dispensary", "owner": {"name": "Ministry of Health"}, "keph_level": {"name": "Level 2"}, "ward": {"code": 829}, "number_of_cots": 0, "town": {"name": "sachangwan"}, "name": "Sachang'wan Dispensary", "created": "2009-10-31T00:00:00+00:00", "regulatory_body": {"name": "Ministry of Health"}, "facility_type": {"name": "Dispensary"}, "plot_number": "242/1", "operation_status": {"name": "Operational"}, "number_of_beds": 0}, {"code": 12369, "location_desc": null, "official_name": "Kitundu(GOK) Dispensary", "owner": {"name": "Ministry of Health"}, "keph_level": {"name": "Level 2"}, "ward": {"code": 413}, "number_of_cots": 0, "town": {"name": "kitundu"}, "name": "Kitundu (GOK) Dispensary", "created": "2009-10-31T00:00:00+00:00", "regulatory_body": {"name": "Ministry of Health"}, "facility_type": {"name": "Dispensary"}, "plot_number": null, "operation_status": {"name": "Operational"}, "number_of_beds": 0}, {"code": 13576, "location_desc": "Facility located in Giribe market along Nyamaraga -Ochuna Road", "official_name": "Giribe Dispensary ", "owner": {"name": "Ministry of Health"}, "keph_level": {"name": "Level 2"}, "ward": {"code": 1276}, "number_of_cots": 0, "town": {"name": "facility located in giribe market along nyamaraga -ochuna road"}, "name": "Giribe Dispensary", "created": "2009-10-31T00:00:00+00:00", "regulatory_body": {"name": "Ministry of Health"}, "facility_type": {"name": "Dispensary"}, "plot_number": "isolated", "operation_status": {"name": "Operational"}, "number_of_beds": 2}, {"code": 10427, "location_desc": null, "official_name": "Kahuru Dispensary (Nyeri North)", "owner": {"name": "Ministry of Health"}, "keph_level": {"name": "Level 2"}, "ward": {"code": 479}, "number_of_cots": 0, "town": {"name": "iriaini"}, "name": "Kahuru Dispensary (Nyeri North)", "created": "2009-10-31T00:00:00+00:00", "regulatory_body": {"name": "Ministry of Health"}, "facility_type": {"name": "Dispensary"}, "plot_number": " ", "operation_status": {"name": "Operational"}, "number_of_beds": 0}, {"code": 11587, "location_desc": "Next to Mazumalume  Primary School", "official_name": "Mazumalume Dispensary", "owner": {"name": "Ministry of Health"}, "keph_level": {"name": "Level 2"}, "ward": {"code": 39}, "number_of_cots": 0, "town": {"name": "kwale"}, "name": "Mazumalume Dispensary", "created": "2009-10-31T00:00:00+00:00", "regulatory_body": {"name": "Ministry of Health"}, "facility_type": {"name": "Dispensary"}, "plot_number": null, "operation_status": {"name": "Operational"}, "number_of_beds": 0}, {"code": 13003, "location_desc": "Near Karen Shopping Center next to the Karen Police station", "official_name": "Karen Health Centre", "owner": {"name": "Local Authority"}, "keph_level": {"name": "Level 2"}, "ward": {"code": 1381}, "number_of_cots": 0, "town": {"name": "karen shopping center"}, "name": "Karen Health Centre", "created": "2009-10-31T00:00:00+00:00", "regulatory_body": {"name": "Ministry of Health"}, "facility_type": {"name": "Dispensary"}, "plot_number": null, "operation_status": {"name": "Operational"}, "number_of_beds": 0}, {"code": 14023, "location_desc": null, "official_name": "Radier Dispensary ", "owner": {"name": "Ministry of Health"}, "keph_level": {"name": "Level 2"}, "ward": {"code": 1178}, "number_of_cots": 0, "town": {"name": "usenge"}, "name": "Radier Dispensary", "created": "2009-10-31T00:00:00+00:00", "regulatory_body": {"name": "Ministry of Health"}, "facility_type": {"name": "Dispensary"}, "plot_number": null, "operation_status": {"name": "Operational"}, "number_of_beds": 1}], "model": "facilities.Facility", "unique_fields": ["code"]}]