[{"records": [{"code": 16651, "location_desc": null, "official_name": "Tumaini Medical Centre", "owner": {"name": "Non-Governmental Organizations"}, "keph_level": {"name": "Level 2"}, "ward": {"code": 407}, "number_of_cots": 0, "town": {"name": "masii"}, "name": "Tumaini Medical Centre", "created": "2009-10-31T00:00:00+00:00", "regulatory_body": {"name": "Other"}, "facility_type": {"name": "Dispensary"}, "plot_number": null, "operation_status": {"name": "Operational"}, "number_of_beds": 3}, {"code": 11069, "location_desc": null, "official_name": "St Teresa Catholic Dispensary", "owner": {"name": "Kenya Episcopal Conference-Catholic Secretariat"}, "keph_level": {"name": "Level 2"}, "ward": {"code": 499}, "number_of_cots": 0, "town": {"name": "ciagini"}, "name": "St Teresa Catholic Dispensary", "created": "2009-10-31T00:00:00+00:00", "regulatory_body": {"name": "Kenya MPDB - Institution"}, "facility_type": {"name": "Dispensary"}, "plot_number": null, "operation_status": {"name": "Not-Operational"}, "number_of_beds": 0}, {"code": 14204, "location_desc": "Kitengela Isinya Road", "official_name": "Sucos Hospital", "owner": {"name": "Non-Governmental Organizations"}, "keph_level": {"name": "Level 4"}, "ward": {"code": 926}, "number_of_cots": 5, "town": {"name": "isinya"}, "name": "Sucos Hospital", "created": "2009-10-31T00:00:00+00:00", "regulatory_body": {"name": "Other"}, "facility_type": {"name": "Other Hospital"}, "plot_number": null, "operation_status": {"name": "Operational"}, "number_of_beds": 25}, {"code": 14445, "location_desc": "Ngong Road", "official_name": "Embul - Bul Catholic Dispensary", "owner": {"name": "Kenya Episcopal Conference-Catholic Secretariat"}, "keph_level": {"name": "Level 2"}, "ward": {"code": 914}, "number_of_cots": 0, "town": {"name": "ngong"}, "name": "Embul - Bul Catholic Dispensary", "created": "2009-10-31T00:00:00+00:00", "regulatory_body": {"name": "Kenya MPDB - Institution"}, "facility_type": {"name": "Dispensary"}, "plot_number": null, "operation_status": {"name": "Operational"}, "number_of_beds": 2}, {"code": 13866, "location_desc": null, "official_name": "Nyabururu Dispensary ", "owner": {"name": "Kenya Episcopal Conference-Catholic Secretariat"}, "keph_level": {"name": "Level 2"}, "ward": {"code": 1344}, "number_of_cots": 0, "town": {"name": "nyamataro"}, "name": "Nyabururu Dispensary", "created": "2009-10-31T00:00:00+00:00", "regulatory_body": {"name": "Kenya MPDB - Institution"}, "facility_type": {"name": "Dispensary"}, "plot_number": null, "operation_status": {"name": "Operational"}, "number_of_beds": 0}, {"code": 14157, "location_desc": "Along the route to Oyani Masaii", "official_name": "Ulanda Dispensary ", "owner": {"name": "Kenya Episcopal Conference-Catholic Secretariat"}, "keph_level": {"name": "Level 2"}, "ward": {"code": 1281}, "number_of_cots": 0, "town": {"name": "mariwa"}, "name": "Ulanda Dispensary", "created": "2009-10-31T00:00:00+00:00", "regulatory_body": {"name": "Kenya MPDB - Institution"}, "facility_type": {"name": "Dispensary"}, "plot_number": null, "operation_status": {"name": "Operational"}, "number_of_beds": 30}, {"code": 12197, "location_desc": null, "official_name": "Karare Dispensary", "owner": {"name": "Kenya Episcopal Conference-Catholic Secretariat"}, "keph_level": {"name": "Level 2"}, "ward": {"code": 234}, "number_of_cots": 0, "town": {"name": "marsabit"}, "name": "Karare Dispensary", "created": "2009-10-31T00:00:00+00:00", "regulatory_body": {"name": "Kenya MPDB - Institution"}, "facility_type": {"name": "Dispensary"}, "plot_number": null, "operation_status": {"name": "Operational"}, "number_of_beds": 0}, {"code": 10750, "location_desc": null, "official_name": "Mugunda Mission Dispensary", "owner": {"name": "Kenya Episcopal Conference-Catholic Secretariat"}, "keph_level": {"name": "Level 2"}, "ward": {"code": 472}, "number_of_cots": 0, "town": {"name": "mugunda"}, "name": "Mugunda Mission Dispensary", "created": "2009-10-31T00:00:00+00:00", "regulatory_body": {"name": "Kenya MPDB - Institution"}, "facility_type": {"name": "Dispensary"}, "plot_number": null, "operation_status": {"name": "Operational"}, "number_of_beds": 0}, {"code": 16682, "location_desc": "Kiptagich Centre.", "official_name": "TonyMed Medical Clinic", "owner": {"name": "Private Practice - Nurse / Midwife"}, "keph_level": {"name": "Level 2"}, "ward": {"code": 851}, "number_of_cots": 0, "town": {"name": "olenguruone"}, "name": "Tonymed Medical Clinic", "created": "2009-10-31T00:00:00+00:00", "regulatory_body": {"name": "Kenya MPDB - Institution"}, "facility_type": {"name": "Medical Clinic"}, "plot_number": "29", "operation_status": {"name": "Operational"}, "number_of_beds": 0}, {"code": 16816, "location_desc": null, "official_name": "Narumoru Catholic Dispensary", "owner": {"name": "Kenya Episcopal Conference-Catholic Secretariat"}, "keph_level": {"name": "Level 2"}, "ward": {"code": 470}, "number_of_cots": 0, "town": {"name": "naromoru"}, "name": "Narumoru Catholic Dispensary", "created": "2010-01-31T00:00:00+00:00", "regulatory_body": {"name": "Kenya MPDB - Institution"}, "facility_type": {"name": "Dispensary"}, "plot_number": null, "operation_status": {"name": "Operational"}, "number_of_beds": 0}, {"code": 13210, "location_desc": null, "official_name": "St Joseph's Dispensary (Dagoretti)", "owner": {"name": "Kenya Episcopal Conference-Catholic Secretariat"}, "keph_level": {"name": "Level 2"}, "ward": {"code": 1377}, "number_of_cots": 0, "town": {"name": "riruta satellite"}, "name": "St Joseph's Dispensary (Dagoretti)", "created": "2009-10-31T00:00:00+00:00", "regulatory_body": {"name": "Kenya MPDB - Institution"}, "facility_type": {"name": "Dispensary"}, "plot_number": null, "operation_status": {"name": "Operational"}, "number_of_beds": 0}, {"code": 12557, "location_desc": null, "official_name": "Mujwa Dispensary", "owner": {"name": "Kenya Episcopal Conference-Catholic Secretariat"}, "keph_level": {"name": "Level 2"}, "ward": {"code": 288}, "number_of_cots": 0, "town": {"name": "mujwa market"}, "name": "Mujwa Dispensary", "created": "2009-10-31T00:00:00+00:00", "regulatory_body": {"name": "Kenya MPDB - Institution"}, "facility_type": {"name": "Dispensary"}, "plot_number": null, "operation_status": {"name": "Operational"}, "number_of_beds": 0}, {"code": 12793, "location_desc": "Gatunga Mukothima Road", "official_name": "Thanantu Faith Clinic Dispensary", "owner": {"name": "Private Enterprise (Institution)"}, "keph_level": {"name": "Level 2"}, "ward": {"code": 308}, "number_of_cots": 0, "town": {"name": "mukothima"}, "name": "Thanantu Faith Clinic Dispensary", "created": "2009-10-31T00:00:00+00:00", "regulatory_body": {"name": "Kenya MPDB - Institution"}, "facility_type": {"name": "Dispensary"}, "plot_number": null, "operation_status": {"name": "Operational"}, "number_of_beds": 0}, {"code": 13221, "location_desc": "Off Karen Ngong rd.into Windy Ridge rd.", "official_name": "St. Odilia's Dispensary", "owner": {"name": "Kenya Episcopal Conference-Catholic Secretariat"}, "keph_level": {"name": "Level 2"}, "ward": {"code": 1381}, "number_of_cots": 0, "town": {"name": "karen shopping center"}, "name": "St. Odilia's Dispensary", "created": "2009-10-31T00:00:00+00:00", "regulatory_body": {"name": "Kenya MPDB - Institution"}, "facility_type": {"name": "Dispensary"}, "plot_number": "126 windy ridge rd.", "operation_status": {"name": "Operational"}, "number_of_beds": 0}, {"code": 12791, "location_desc": "Along Embu - Meru Road, Ena market before Junction to Ishiara / Karurumo", "official_name": "Acef Ena Health Centre", "owner": {"name": "Other Faith Based"}, "keph_level": {"name": "Level 3"}, "ward": {"code": 318}, "number_of_cots": 2, "town": {"name": "ena"}, "name": "Acef Ena Health Centre", "created": "2009-10-31T00:00:00+00:00", "regulatory_body": {"name": "Other"}, "facility_type": {"name": "Health Centre"}, "plot_number": "e.354/200271", "operation_status": {"name": "Operational"}, "number_of_beds": 25}, {"code": 13209, "location_desc": null, "official_name": "St Joseph W Dispensary (Westlands)", "owner": {"name": "Kenya Episcopal Conference-Catholic Secretariat"}, "keph_level": {"name": "Level 2"}, "ward": {"code": 1370}, "number_of_cots": 0, "town": {"name": "nairobi"}, "name": "St Joseph W Dispensary (Westlands)", "created": "2009-10-31T00:00:00+00:00", "regulatory_body": {"name": "Kenya MPDB - Institution"}, "facility_type": {"name": "Dispensary"}, "plot_number": null, "operation_status": {"name": "Operational"}, "number_of_beds": 0}, {"code": 15405, "location_desc": null, "official_name": "Oljogi Dispensary", "owner": {"name": "Private Enterprise (Institution)"}, "keph_level": {"name": "Level 2"}, "ward": {"code": 823}, "number_of_cots": 1, "town": {"name": "ilpolei"}, "name": "Oljogi Dispensary", "created": "2009-10-31T00:00:00+00:00", "regulatory_body": {"name": "Kenya MPDB - Institution"}, "facility_type": {"name": "Dispensary"}, "plot_number": null, "operation_status": {"name": "Operational"}, "number_of_beds": 4}, {"code": 16817, "location_desc": null, "official_name": "St John Catholic Dispensary  (Nyeri North)", "owner": {"name": "Kenya Episcopal Conference-Catholic Secretariat"}, "keph_level": {"name": "Level 2"}, "ward": {"code": 479}, "number_of_cots": 0, "town": {"name": "mweiga"}, "name": "St John Catholic Dispensary (Nyeri North)", "created": "2010-01-31T00:00:00+00:00", "regulatory_body": {"name": "Kenya MPDB - Institution"}, "facility_type": {"name": "Dispensary"}, "plot_number": null, "operation_status": {"name": "Operational"}, "number_of_beds": 0}, {"code": 10247, "location_desc": null, "official_name": "Giakaibei Catholic Dispensary", "owner": {"name": "Kenya Episcopal Conference-Catholic Secretariat"}, "keph_level": {"name": "Level 2"}, "ward": {"code": 478}, "number_of_cots": 0, "town": {"name": "giakaibei"}, "name": "Giakaibei Catholic Dispensary", "created": "2009-10-31T00:00:00+00:00", "regulatory_body": {"name": "Kenya MPDB - Institution"}, "facility_type": {"name": "Dispensary"}, "plot_number": null, "operation_status": {"name": "Operational"}, "number_of_beds": 0}, {"code": 14109, "location_desc": null, "official_name": "St John's Karabach Dispensary ", "owner": {"name": "Private Enterprise (Institution)"}, "keph_level": {"name": "Level 2"}, "ward": {"code": 1341}, "number_of_cots": 0, "town": {"name": "karogo market"}, "name": "St John's Karabach Dispensary", "created": "2009-10-31T00:00:00+00:00", "regulatory_body": {"name": "Kenya MPDB - Institution"}, "facility_type": {"name": "Dispensary"}, "plot_number": null, "operation_status": {"name": "Operational"}, "number_of_beds": 2}, {"code": 10018, "location_desc": "Located in Kagwe shopping centre", "official_name": "Ahadi Maternity Services", "owner": {"name": "Private Practice - Nurse / Midwife"}, "keph_level": {"name": "Level 3"}, "ward": {"code": 608}, "number_of_cots": 0, "town": {"name": "lari"}, "name": "Ahadi Maternity Services", "created": "2009-10-31T00:00:00+00:00", "regulatory_body": {"name": "Other"}, "facility_type": {"name": "Dispensary"}, "plot_number": null, "operation_status": {"name": "Operational"}, "number_of_beds": 6}, {"code": 10207, "location_desc": null, "official_name": "Gatanga Dispensary", "owner": {"name": "Kenya Episcopal Conference-Catholic Secretariat"}, "keph_level": {"name": "Level 2"}, "ward": {"code": 549}, "number_of_cots": 0, "town": {"name": "thika"}, "name": "Gatanga Dispensary", "created": "2009-10-31T00:00:00+00:00", "regulatory_body": {"name": "Kenya MPDB - Institution"}, "facility_type": {"name": "Dispensary"}, "plot_number": null, "operation_status": {"name": "Operational"}, "number_of_beds": 0}, {"code": 14123, "location_desc": null, "official_name": "St Paul Dispensary", "owner": {"name": "Kenya Episcopal Conference-Catholic Secretariat"}, "keph_level": {"name": "Level 2"}, "ward": {"code": 1162}, "number_of_cots": 0, "town": {"name": "ugunja township"}, "name": "St Paul Dispensary", "created": "2009-10-31T00:00:00+00:00", "regulatory_body": {"name": "Kenya MPDB - Institution"}, "facility_type": {"name": "Dispensary"}, "plot_number": null, "operation_status": {"name": "Operational"}, "number_of_beds": 0}, {"code": 14126, "location_desc": "Opposite Manyuanda HC", "official_name": "Manyuanda St Teresas CFW Clinic ", "owner": {"name": "Private Enterprise (Institution)"}, "keph_level": {"name": "Level 2"}, "ward": {"code": 1185}, "number_of_cots": 0, "town": {"name": "manyuanda"}, "name": "Manyuanda St Teresas CFW Clinic (Rarieda)", "created": "2009-10-31T00:00:00+00:00", "regulatory_body": {"name": "Nursing Council of Kenya (Private Practice)"}, "facility_type": {"name": "Medical Clinic"}, "plot_number": null, "operation_status": {"name": "Operational"}, "number_of_beds": 0}, {"code": 12801, "location_desc": "Along Meru-Nanyuki Rd. next to Timau Post Office", "official_name": "Timau Catholic Dispensary", "owner": {"name": "Kenya Episcopal Conference-Catholic Secretariat"}, "keph_level": {"name": "Level 2"}, "ward": {"code": 281}, "number_of_cots": 0, "town": {"name": "nanyuki"}, "name": "Timau Catholic Dispensary", "created": "2009-10-31T00:00:00+00:00", "regulatory_body": {"name": "Kenya MPDB - Institution"}, "facility_type": {"name": "Dispensary"}, "plot_number": null, "operation_status": {"name": "Operational"}, "number_of_beds": 0}, {"code": 10855, "location_desc": null, "official_name": "Ngandu Catholic Dispensary", "owner": {"name": "Kenya Episcopal Conference-Catholic Secretariat"}, "keph_level": {"name": "Level 2"}, "ward": {"code": 474}, "number_of_cots": 0, "town": {"name": "kirimukuyu"}, "name": "Ngandu Catholic Dispensary", "created": "2009-10-31T00:00:00+00:00", "regulatory_body": {"name": "Kenya MPDB - Institution"}, "facility_type": {"name": "Dispensary"}, "plot_number": null, "operation_status": {"name": "Operational"}, "number_of_beds": 0}, {"code": 10282, "location_desc": null, "official_name": "Gitunduti Catholic Dispensary", "owner": {"name": "Kenya Episcopal Conference-Catholic Secretariat"}, "keph_level": {"name": "Level 2"}, "ward": {"code": 478}, "number_of_cots": 0, "town": {"name": "magutu"}, "name": "Gitunduti Catholic Dispensary", "created": "2009-10-31T00:00:00+00:00", "regulatory_body": {"name": "Kenya MPDB - Institution"}, "facility_type": {"name": "Dispensary"}, "plot_number": null, "operation_status": {"name": "Not-Operational"}, "number_of_beds": 0}, {"code": 10495, "location_desc": null, "official_name": "Karima Catholic Dispensary", "owner": {"name": "Kenya Episcopal Conference-Catholic Secretariat"}, "keph_level": {"name": "Level 2"}, "ward": {"code": 486}, "number_of_cots": 0, "town": {"name": "othaya town"}, "name": "Karima Catholic Dispensary", "created": "2009-10-31T00:00:00+00:00", "regulatory_body": {"name": "Kenya MPDB - Institution"}, "facility_type": {"name": "Dispensary"}, "plot_number": null, "operation_status": {"name": "Operational"}, "number_of_beds": 0}, {"code": 10484, "location_desc": null, "official_name": "Karatina Catholic  Dispensary", "owner": {"name": "Kenya Episcopal Conference-Catholic Secretariat"}, "keph_level": {"name": "Level 2"}, "ward": {"code": 480}, "number_of_cots": 0, "town": {"name": "karatina"}, "name": "Karatina Catholic Dispensary", "created": "2009-10-31T00:00:00+00:00", "regulatory_body": {"name": "Kenya MPDB - Institution"}, "facility_type": {"name": "Dispensary"}, "plot_number": null, "operation_status": {"name": "Operational"}, "number_of_beds": 0}, {"code": 13552, "location_desc": null, "official_name": "Family Health Options Kenya (FHOPK) Dispensary", "owner": {"name": "Non-Governmental Organizations"}, "keph_level": {"name": "Level 2"}, "ward": {"code": 1199}, "number_of_cots": 0, "town": {"name": "kisumu"}, "name": "Family Health Options Kenya (FHOPK) Dispensary", "created": "2009-10-31T00:00:00+00:00", "regulatory_body": {"name": "Other"}, "facility_type": {"name": "Dispensary"}, "plot_number": null, "operation_status": {"name": "Operational"}, "number_of_beds": 0}, {"code": 12451, "location_desc": null, "official_name": "Makandune Dispensary", "owner": {"name": "Christian Health Association of Kenya"}, "keph_level": {"name": "Level 2"}, "ward": {"code": 288}, "number_of_cots": 0, "town": {"name": "gacibine market"}, "name": "Makandune Dispensary", "created": "2009-10-31T00:00:00+00:00", "regulatory_body": {"name": "Kenya MPDB - Institution"}, "facility_type": {"name": "Dispensary"}, "plot_number": null, "operation_status": {"name": "Operational"}, "number_of_beds": 0}, {"code": 12446, "location_desc": "Marsabit -Maikona Road", "official_name": "Maikona Dispensary", "owner": {"name": "Kenya Episcopal Conference-Catholic Secretariat"}, "keph_level": {"name": "Level 2"}, "ward": {"code": 237}, "number_of_cots": 0, "town": {"name": "maikona town"}, "name": "Maikona Dispensary", "created": "2009-10-31T00:00:00+00:00", "regulatory_body": {"name": "Kenya MPDB - Institution"}, "facility_type": {"name": "Dispensary"}, "plot_number": null, "operation_status": {"name": "Operational"}, "number_of_beds": 0}, {"code": 14012, "location_desc": null, "official_name": "Pand Pieri  Community Health Centre", "owner": {"name": "Kenya Episcopal Conference-Catholic Secretariat"}, "keph_level": {"name": "Level 2"}, "ward": {"code": 1201}, "number_of_cots": 0, "town": {"name": "kisumu"}, "name": "Pand Pieri Community Health Centre", "created": "2009-10-31T00:00:00+00:00", "regulatory_body": {"name": "Kenya MPDB - Institution"}, "facility_type": {"name": "Dispensary"}, "plot_number": "727", "operation_status": {"name": "Operational"}, "number_of_beds": 0}, {"code": 12765, "location_desc": null, "official_name": "St Marys Nguviu Dispensary", "owner": {"name": "Kenya Episcopal Conference-Catholic Secretariat"}, "keph_level": {"name": "Level 2"}, "ward": {"code": 313}, "number_of_cots": 0, "town": {"name": "kibugu"}, "name": "St Marys Nguviu Dispensary", "created": "2009-10-31T00:00:00+00:00", "regulatory_body": {"name": "Kenya MPDB - Institution"}, "facility_type": {"name": "Dispensary"}, "plot_number": null, "operation_status": {"name": "Operational"}, "number_of_beds": 0}, {"code": 11986, "location_desc": "Next to St.Paul Secondary,Marsabit", "official_name": "Dirib Gombo Dispensary", "owner": {"name": "Kenya Episcopal Conference-Catholic Secretariat"}, "keph_level": {"name": "Level 2"}, "ward": {"code": 233}, "number_of_cots": 0, "town": {"name": "marsabit"}, "name": "Dirib Gombo Dispensary", "created": "2009-10-31T00:00:00+00:00", "regulatory_body": {"name": "Kenya MPDB - Institution"}, "facility_type": {"name": "Dispensary"}, "plot_number": null, "operation_status": {"name": "Operational"}, "number_of_beds": 2}, {"code": 12891, "location_desc": "Near Olympic Primary school", "official_name": "Carolina For Kibera VCT", "owner": {"name": "Non-Governmental Organizations"}, "keph_level": {"name": "Level 2"}, "ward": {"code": 1390}, "number_of_cots": 0, "town": {"name": "olympic estate"}, "name": "Carolina For Kibera VCT", "created": "2009-10-31T00:00:00+00:00", "regulatory_body": {"name": "Other"}, "facility_type": {"name": "Medical Clinic"}, "plot_number": null, "operation_status": {"name": "Operational"}, "number_of_beds": 0}, {"code": 15000, "location_desc": "OFF  NAMANGA ROAD BISSIL TOWN", "official_name": "Kumpa Cmf Dispensary", "owner": {"name": "Non-Governmental Organizations"}, "keph_level": {"name": "Level 2"}, "ward": {"code": 916}, "number_of_cots": 0, "town": {"name": "bissil"}, "name": "Kumpa Cmf Dispensary", "created": "2009-10-31T00:00:00+00:00", "regulatory_body": {"name": "Other"}, "facility_type": {"name": "Dispensary"}, "plot_number": null, "operation_status": {"name": "Operational"}, "number_of_beds": 0}, {"code": 12940, "location_desc": null, "official_name": "Family Health Options Ribeiro", "owner": {"name": "Non-Governmental Organizations"}, "keph_level": {"name": "Level 2"}, "ward": {"code": 1439}, "number_of_cots": 0, "town": {"name": "nairobi"}, "name": "Family Health Options Ribeiro", "created": "2009-10-31T00:00:00+00:00", "regulatory_body": {"name": "Other"}, "facility_type": {"name": "Dispensary"}, "plot_number": null, "operation_status": {"name": "Operational"}, "number_of_beds": 0}, {"code": 13030, "location_desc": "Near Mashimoni Primary School", "official_name": "Kibera South (MSF Belgium) Health Centre", "owner": {"name": "Non-Governmental Organizations"}, "keph_level": {"name": "Level 3"}, "ward": {"code": 1383}, "number_of_cots": 0, "town": {"name": "lindi"}, "name": "Kibera South (Msf Belgium) Health Centre", "created": "2009-10-31T00:00:00+00:00", "regulatory_body": {"name": "Kenya MPDB - Institution"}, "facility_type": {"name": "Health Centre"}, "plot_number": null, "operation_status": {"name": "Operational"}, "number_of_beds": 10}, {"code": 13234, "location_desc": "Near Olympic Estate", "official_name": "Tabitha Medical Clinic", "owner": {"name": "Non-Governmental Organizations"}, "keph_level": {"name": "Level 2"}, "ward": {"code": 1383}, "number_of_cots": 0, "town": {"name": "olympi estate"}, "name": "Tabitha Medical Clinic", "created": "2009-10-31T00:00:00+00:00", "regulatory_body": {"name": "Kenya MPDB - Institution"}, "facility_type": {"name": "Medical Clinic"}, "plot_number": null, "operation_status": {"name": "Operational"}, "number_of_beds": 0}, {"code": 16876, "location_desc": null, "official_name": "Nyaoga Community  Dispensary", "owner": {"name": "Non-Governmental Organizations"}, "keph_level": {"name": "Level 2"}, "ward": {"code": 1230}, "number_of_cots": 0, "town": {"name": "aros market"}, "name": "Nyaoga Community Dispensary", "created": "2010-01-31T00:00:00+00:00", "regulatory_body": {"name": "Kenya MPDB - Institution"}, "facility_type": {"name": "Dispensary"}, "plot_number": null, "operation_status": {"name": "Operational"}, "number_of_beds": 2}, {"code": 13033, "location_desc": "At Wilson Airport next to the Chief's office", "official_name": "Kikoshep Kenya", "owner": {"name": "Non-Governmental Organizations"}, "keph_level": {"name": "Level 2"}, "ward": {"code": 1382}, "number_of_cots": 0, "town": {"name": "nairobi"}, "name": "Kikoshep Kenya (Mugumoini)", "created": "2009-10-31T00:00:00+00:00", "regulatory_body": {"name": "Other"}, "facility_type": {"name": "Medical Clinic"}, "plot_number": null, "operation_status": {"name": "Operational"}, "number_of_beds": 0}, {"code": 12034, "location_desc": "Gatunga Township", "official_name": "Gatunga Health Centre", "owner": {"name": "Kenya Episcopal Conference-Catholic Secretariat"}, "keph_level": {"name": "Level 3"}, "ward": {"code": 309}, "number_of_cots": 0, "town": {"name": "gatunga"}, "name": "Gatunga Health Centre", "created": "2009-10-31T00:00:00+00:00", "regulatory_body": {"name": "Kenya MPDB - Institution"}, "facility_type": {"name": "Health Centre"}, "plot_number": null, "operation_status": {"name": "Operational"}, "number_of_beds": 6}, {"code": 11062, "location_desc": null, "official_name": "St Monica Dispensary", "owner": {"name": "Kenya Episcopal Conference-Catholic Secretariat"}, "keph_level": {"name": "Level 2"}, "ward": {"code": 486}, "number_of_cots": 0, "town": {"name": "othaya town"}, "name": "St Monica Dispensary", "created": "2009-10-31T00:00:00+00:00", "regulatory_body": {"name": "Kenya MPDB - Institution"}, "facility_type": {"name": "Dispensary"}, "plot_number": null, "operation_status": {"name": "Operational"}, "number_of_beds": 0}, {"code": 13020, "location_desc": null, "official_name": "KENWA", "owner": {"name": "Non-Governmental Organizations"}, "keph_level": {"name": "Level 2"}, "ward": {"code": 1439}, "number_of_cots": 0, "town": {"name": "nairobi"}, "name": "Kenwa", "created": "2009-10-31T00:00:00+00:00", "regulatory_body": {"name": "Other"}, "facility_type": {"name": "Dispensary"}, "plot_number": null, "operation_status": {"name": "Operational"}, "number_of_beds": 0}, {"code": 20041, "location_desc": null, "official_name": "Sisokhe Dispensary", "owner": {"name": "Ministry of Health"}, "keph_level": {"name": "Level 2"}, "ward": {"code": 1017}, "number_of_cots": 1, "town": {"name": "sisokhe"}, "name": "Sisokhe Dispensary", "created": "2013-09-13T13:23:11.600000+00:00", "regulatory_body": {"name": "Ministry of Health"}, "facility_type": {"name": "Dispensary"}, "plot_number": null, "operation_status": {"name": "Operational"}, "number_of_beds": 2}, {"code": 20042, "location_desc": null, "official_name": "Musavani Dispensary", "owner": {"name": "Ministry of Health"}, "keph_level": {"name": "Level 2"}, "ward": {"code": 334}, "number_of_cots": 0, "town": {"name": "musavani market"}, "name": "Musavani Dispensary", "created": "2013-09-13T13:26:03.070000+00:00", "regulatory_body": {"name": "Ministry of Health"}, "facility_type": {"name": "Dispensary"}, "plot_number": null, "operation_status": {"name": "Operational"}, "number_of_beds": 0}, {"code": 20043, "location_desc": null, "official_name": "Butingo Dispensary ", "owner": {"name": "Ministry of Health"}, "keph_level": {"name": "Level 2"}, "ward": {"code": 1017}, "number_of_cots": 1, "town": {"name": "malaha"}, "name": "Butingo Dispensary", "created": "2013-09-13T13:29:23.553000+00:00", "regulatory_body": {"name": "Ministry of Health"}, "facility_type": {"name": "Dispensary"}, "plot_number": null, "operation_status": {"name": "Operational"}, "number_of_beds": 3}, {"code": 20044, "location_desc": null, "official_name": "Kisembe Dispensary", "owner": {"name": "Ministry of Health"}, "keph_level": {"name": "Level 2"}, "ward": {"code": 1025}, "number_of_cots": 2, "town": {"name": "kochwa"}, "name": "Kisembe Dispensary", "created": "2013-09-13T14:05:58.553000+00:00", "regulatory_body": {"name": "Ministry of Health"}, "facility_type": {"name": "Dispensary"}, "plot_number": null, "operation_status": {"name": "Operational"}, "number_of_beds": 5}, {"code": 20045, "location_desc": null, "official_name": "Natunyi Dispensary", "owner": {"name": "Ministry of Health"}, "keph_level": {"name": "Level 2"}, "ward": {"code": 1017}, "number_of_cots": 1, "town": {"name": "lutaso"}, "name": "Natunyi Dispensary", "created": "2013-09-13T14:09:35.080000+00:00", "regulatory_body": {"name": "Ministry of Health"}, "facility_type": {"name": "Dispensary"}, "plot_number": null, "operation_status": {"name": "Operational"}, "number_of_beds": 2}, {"code": 20046, "location_desc": null, "official_name": "Mukhweso Clinic", "owner": {"name": "Private Practice - Nurse / Midwife"}, "keph_level": {"name": "Level 2"}, "ward": {"code": 1101}, "number_of_cots": 2, "town": {"name": "nambacha"}, "name": "Mukhweso Clinic", "created": "2013-09-13T14:14:25.420000+00:00", "regulatory_body": {"name": "Nursing Council of Kenya (Private Practice)"}, "facility_type": {"name": "Medical Clinic"}, "plot_number": null, "operation_status": {"name": "Operational"}, "number_of_beds": 5}, {"code": 20047, "location_desc": null, "official_name": "Churo GOK Dispensary", "owner": {"name": "Ministry of Health"}, "keph_level": {"name": "Level 2"}, "ward": {"code": 861}, "number_of_cots": 0, "town": {"name": "churo"}, "name": "Churo GOK Dispensary", "created": "2013-09-20T16:14:05.147000+00:00", "regulatory_body": {"name": "Ministry of Health"}, "facility_type": {"name": "Dispensary"}, "plot_number": null, "operation_status": {"name": "Operational"}, "number_of_beds": 0}, {"code": 20048, "location_desc": null, "official_name": "Lomuke Dispensary", "owner": {"name": "Ministry of Health"}, "keph_level": {"name": "Level 2"}, "ward": {"code": 861}, "number_of_cots": 0, "town": {"name": "chepkalacha"}, "name": "Lomuke Dispensary", "created": "2013-09-20T16:28:00.903000+00:00", "regulatory_body": {"name": "Ministry of Health"}, "facility_type": {"name": "Dispensary"}, "plot_number": null, "operation_status": {"name": "Operational"}, "number_of_beds": 0}, {"code": 20049, "location_desc": "near oil Lybia Petrol station along Juja road", "official_name": "MSF- Green House Clinic", "owner": {"name": "Non-Governmental Organizations"}, "keph_level": {"name": "Level 3"}, "ward": {"code": 1437}, "number_of_cots": 0, "town": {"name": "3rd avenue melawa"}, "name": "Msf- Green House Clinic", "created": "2013-09-23T12:13:29.593000+00:00", "regulatory_body": {"name": "Kenya MPDB - Institution"}, "facility_type": {"name": "Medical Clinic"}, "plot_number": "36/1/335", "operation_status": {"name": "Operational"}, "number_of_beds": 3}, {"code": 20050, "location_desc": "Along Juja road", "official_name": "MSF- Lavender House Clinic", "owner": {"name": "Non-Governmental Organizations"}, "keph_level": {"name": "Level 3"}, "ward": {"code": 1437}, "number_of_cots": 0, "town": {"name": "along juja road"}, "name": "Msf- Lavender House Clinic", "created": "2013-09-23T12:32:54.400000+00:00", "regulatory_body": {"name": "Kenya MPDB - Institution"}, "facility_type": {"name": "Medical Clinic"}, "plot_number": "36/1/242", "operation_status": {"name": "Operational"}, "number_of_beds": 3}, {"code": 20051, "location_desc": "Migori town along Migori - Governors marram road , opposite KCB Bank Migori Branch", "official_name": "Oasis Doctors Plaza Medical Centre-Migori", "owner": {"name": "Private Practice - Medical Specialist"}, "keph_level": {"name": "Level 2"}, "ward": {"code": 1270}, "number_of_cots": 0, "town": {"name": "migori town centre  opposite kcb bank migori branch"}, "name": "Oasis Doctors Plaza Medical Centre", "created": "2013-09-24T16:28:14.690000+00:00", "regulatory_body": {"name": "Kenya MPDB - Institution"}, "facility_type": {"name": "Medical Clinic"}, "plot_number": "11105", "operation_status": {"name": "Operational"}, "number_of_beds": 4}, {"code": 20052, "location_desc": "Sebit lane", "official_name": "Shujaa Drop in Service center", "owner": {"name": "Non-Governmental Organizations"}, "keph_level": {"name": "Level 2"}, "ward": {"code": 642}, "number_of_cots": 0, "town": {"name": "makutano"}, "name": "Shujaa Satellite Clinic", "created": "2013-09-24T16:40:02.937000+00:00", "regulatory_body": {"name": "Ministry of Health"}, "facility_type": {"name": "Medical Clinic"}, "plot_number": "westpokot/siyoi a5000-kapenguria", "operation_status": {"name": "Operational"}, "number_of_beds": 0}, {"code": 20053, "location_desc": "Located in KMTC Meru Campus next to Meru Hospital", "official_name": "Meru KMTC Student/Staff Clinic", "owner": {"name": "Ministry of Health"}, "keph_level": {"name": "Level 2"}, "ward": {"code": 276}, "number_of_cots": 0, "town": {"name": "meru town"}, "name": "Meru Kmtc Student/Staff Clinic", "created": "2013-09-24T17:23:31.977000+00:00", "regulatory_body": {"name": "Ministry of Health"}, "facility_type": {"name": "Medical Clinic"}, "plot_number": null, "operation_status": {"name": "Operational"}, "number_of_beds": 0}, {"code": 20054, "location_desc": "On Kibera drive next to the PCEA church Kibera", "official_name": "ELCK Central Diocese Springs of Life Lutheran Dispensary", "owner": {"name": "Christian Health Association of Kenya"}, "keph_level": {"name": "Level 2"}, "ward": {"code": 1390}, "number_of_cots": 0, "town": {"name": "olympic"}, "name": "Springs of Life Lutheran Dispensary", "created": "2013-09-25T11:42:17.700000+00:00", "regulatory_body": {"name": "Kenya MPDB - Private Practice"}, "facility_type": {"name": "Dispensary"}, "plot_number": null, "operation_status": {"name": "Operational"}, "number_of_beds": 0}, {"code": 20055, "location_desc": "Located along Kapenguria Kitale road at Murkwijit trading Center", "official_name": "Murkwijit Dispensary", "owner": {"name": "Ministry of Health"}, "keph_level": {"name": "Level 2"}, "ward": {"code": 643}, "number_of_cots": 0, "town": {"name": "kapenguria"}, "name": "Murkwijit Dispensary", "created": "2013-09-26T12:23:30.217000+00:00", "regulatory_body": {"name": "Ministry of Health"}, "facility_type": {"name": "Dispensary"}, "plot_number": null, "operation_status": {"name": "Operational"}, "number_of_beds": 0}, {"code": 20056, "location_desc": "Along Narok Nakuru highway", "official_name": "Nasha lengot Medical centre", "owner": {"name": "Private Practice - Unspecified"}, "keph_level": {"name": "Level 2"}, "ward": {"code": 904}, "number_of_cots": 0, "town": {"name": "naroktown"}, "name": "Nasha Lengot Medical Centre", "created": "2013-09-26T16:40:16.473000+00:00", "regulatory_body": {"name": "Kenya MPDB - Private Practice"}, "facility_type": {"name": "Dispensary"}, "plot_number": null, "operation_status": {"name": "Operational"}, "number_of_beds": 36}, {"code": 20057, "location_desc": "Along  Narok Bomet Highway", "official_name": "Sagam Hospital", "owner": {"name": "Private Practice - General Practitioner"}, "keph_level": {"name": "Level 3"}, "ward": {"code": 893}, "number_of_cots": 0, "town": {"name": "narok town"}, "name": "Sagam Hospital", "created": "2013-09-26T17:01:34.287000+00:00", "regulatory_body": {"name": "Kenya MPDB - Private Practice"}, "facility_type": {"name": "Other Hospital"}, "plot_number": "341", "operation_status": {"name": "Operational"}, "number_of_beds": 0}, {"code": 20058, "location_desc": null, "official_name": "Talau Dispensary", "owner": {"name": "Ministry of Health"}, "keph_level": {"name": "Level 2"}, "ward": {"code": 644}, "number_of_cots": 0, "town": {"name": "kapenguria"}, "name": "Talau Dispensary", "created": "2013-09-26T20:36:32.390000+00:00", "regulatory_body": {"name": "Ministry of Health"}, "facility_type": {"name": "Dispensary"}, "plot_number": null, "operation_status": {"name": "Operational"}, "number_of_beds": 0}, {"code": 20059, "location_desc": "Along Moi Avenue,behind Casblanca", "official_name": "Drop In Service Centre", "owner": {"name": "Non-Governmental Organizations"}, "keph_level": {"name": "Level 2"}, "ward": {"code": 29}, "number_of_cots": 0, "town": {"name": "mwembe tayari"}, "name": "Drop In Service Centre", "created": "2013-09-27T12:49:04.293000+00:00", "regulatory_body": {"name": "Kenya MPDB - Institution"}, "facility_type": {"name": "Medical Clinic"}, "plot_number": "blockxx/587", "operation_status": {"name": "Operational"}, "number_of_beds": 0}, {"code": 20060, "location_desc": "Near illula trading centre", "official_name": "Cheboin Dispensary", "owner": {"name": "Ministry of Health"}, "keph_level": {"name": "Level 2"}, "ward": {"code": 719}, "number_of_cots": 0, "town": {"name": "eldoret"}, "name": "Cheboin Dispensary", "created": "2013-09-30T08:04:28.227000+00:00", "regulatory_body": {"name": "Ministry of Health"}, "facility_type": {"name": "Dispensary"}, "plot_number": null, "operation_status": {"name": "Operational"}, "number_of_beds": 0}, {"code": 20061, "location_desc": "Next to st Mary's", "official_name": "Nairobi Women's Hospital", "owner": {"name": "Private Practice - General Practitioner"}, "keph_level": {"name": "Level 4"}, "ward": {"code": 871}, "number_of_cots": 0, "town": {"name": "near tuskeys"}, "name": "Nairobi Women's Hospital", "created": "2013-09-30T12:00:14.937000+00:00", "regulatory_body": {"name": "Kenya MPDB - Institution"}, "facility_type": {"name": "Other Hospital"}, "plot_number": "16/88,89,90", "operation_status": {"name": "Operational"}, "number_of_beds": 30}, {"code": 20062, "location_desc": "Situated near Huruma Lions H/centre", "official_name": "Mundika Nursing Home", "owner": {"name": "Private Practice - Unspecified"}, "keph_level": {"name": "Level 3"}, "ward": {"code": 1437}, "number_of_cots": 0, "name": "Mundika Maternity & Nursing Home", "created": "2013-10-02T11:19:34.500000+00:00", "regulatory_body": {"name": "Kenya MPDB - Private Practice"}, "facility_type": {"name": "Nursing Home"}, "plot_number": null, "operation_status": {"name": "Operational"}, "number_of_beds": 0}, {"code": 20063, "location_desc": "Along Thika Superhighway,near Pangani shopping centre (Fairview Rd)", "official_name": "Hoymas VCT", "owner": {"name": "Non-Governmental Organizations"}, "keph_level": {"name": "Level 2"}, "ward": {"code": 1441}, "number_of_cots": 0, "town": {"name": "pangani shopping centre"}, "name": "Hoymas VCT (Nairobi)", "created": "2013-10-02T11:34:59.710000+00:00", "regulatory_body": {"name": "Other"}, "facility_type": {"name": "VCT Centre (Stand-Alone)"}, "plot_number": null, "operation_status": {"name": "Operational"}, "number_of_beds": 0}, {"code": 20064, "location_desc": "Co-perative Bank 46 Branch", "official_name": "Jeffrey Medical & Diagnostic Centre", "owner": {"name": "Private Practice - General Practitioner"}, "keph_level": {"name": "Level 2"}, "ward": {"code": 1372}, "number_of_cots": 0, "town": {"name": "stage 46"}, "name": "Jeffrey Medical & Diagnostic Centre", "created": "2013-10-03T11:55:49.850000+00:00", "regulatory_body": {"name": "Kenya MPDB - Private Practice"}, "facility_type": {"name": "Dispensary"}, "plot_number": null, "operation_status": {"name": "Operational"}, "number_of_beds": 0}, {"code": 20065, "location_desc": "opposte Naku Matt", "official_name": "Aga Khan Clinic", "owner": {"name": "Private Enterprise (Institution)"}, "keph_level": {"name": "Level 2"}, "ward": {"code": 476}, "number_of_cots": 0, "town": {"name": "nanyuki town"}, "name": "Aga Khan Clinic", "created": "2013-10-03T13:49:36.367000+00:00", "regulatory_body": {"name": "Ministry of Health"}, "facility_type": {"name": "Medical Clinic"}, "plot_number": "8/652", "operation_status": {"name": "Operational"}, "number_of_beds": 0}, {"code": 20066, "location_desc": "Mate Road between Chiakariga and Tunyai", "official_name": "Mowlem Diagnostic Medical Centre", "owner": {"name": "Private Practice - Nurse / Midwife"}, "keph_level": {"name": "Level 2"}, "ward": {"code": 309}, "number_of_cots": 8, "town": {"name": "chiakariga"}, "name": "Mowlem Diagnostic Medical Centre", "created": "2013-10-03T16:05:50.300000+00:00", "regulatory_body": {"name": "Other"}, "facility_type": {"name": "Medical Clinic"}, "plot_number": "n/a", "operation_status": {"name": "Operational"}, "number_of_beds": 8}, {"code": 20067, "location_desc": "situated at Post Bank Building, Banda Street", "official_name": "Post Bank Staff Clinic", "owner": {"name": "Private Practice - General Practitioner"}, "keph_level": {"name": "Level 2"}, "ward": {"code": 1439}, "number_of_cots": 0, "town": {"name": "city market"}, "name": "Post Bank Staff Clinic", "created": "2013-10-04T12:46:29.463000+00:00", "regulatory_body": {"name": "Kenya Medical Laboratory, Tech & Technologists Board"}, "facility_type": {"name": "Medical Clinic"}, "plot_number": null, "operation_status": {"name": "Operational"}, "number_of_beds": 0}, {"code": 20068, "location_desc": "Near Kolen", "official_name": "Quebee Health Care", "owner": {"name": "Private Practice - Nurse / Midwife"}, "keph_level": {"name": "Level 2"}, "ward": {"code": 875}, "number_of_cots": 0, "town": {"name": "shaburb"}, "name": "Quebee Health Care", "created": "2013-10-08T12:24:29.337000+00:00", "regulatory_body": {"name": "Nursing Council of Kenya (Private Practice)"}, "facility_type": {"name": "Medical Clinic"}, "plot_number": "b1/188", "operation_status": {"name": "Operational"}, "number_of_beds": 0}, {"code": 20069, "location_desc": "Situated along Reru Akado market road", "official_name": "Osewre Dispensary", "owner": {"name": "Ministry of Health"}, "keph_level": {"name": "Level 2"}, "ward": {"code": 1202}, "number_of_cots": 0, "town": {"name": "reru market"}, "name": "Osewre Dispensary", "created": "2013-10-11T12:01:57.547000+00:00", "regulatory_body": {"name": "Ministry of Health"}, "facility_type": {"name": "Dispensary"}, "plot_number": null, "operation_status": {"name": "Operational"}, "number_of_beds": 0}, {"code": 20070, "location_desc": " kabati-Tuliia Road", "official_name": "Kabati Medicare Health Services Nursing Home", "owner": {"name": "Private Practice - Clinical Officer"}, "keph_level": {"name": "Level 2"}, "ward": {"code": 347}, "number_of_cots": 2, "town": {"name": "kabati"}, "name": "Kabati Medicare Health Services Nursing Home", "created": "2013-10-14T12:47:19.163000+00:00", "regulatory_body": {"name": "Ministry of Health"}, "facility_type": {"name": "Nursing Home"}, "plot_number": "n/a", "operation_status": {"name": "Operational"}, "number_of_beds": 10}, {"code": 20071, "location_desc": null, "official_name": "AIC Mununga Dispensary", "owner": {"name": "Christian Health Association of Kenya"}, "keph_level": {"name": "Level 2"}, "ward": {"code": 531}, "number_of_cots": 0, "town": {"name": "kigumo"}, "name": "AIC Mununga Dispensary", "created": "2013-10-15T12:09:14.887000+00:00", "regulatory_body": {"name": "Ministry of Health"}, "facility_type": {"name": "Dispensary"}, "plot_number": null, "operation_status": {"name": "Operational"}, "number_of_beds": 0}, {"code": 20072, "location_desc": "Off Karen road at Karen Professional centre", "official_name": "Melchizedek Hospital Karen", "owner": {"name": "Private Enterprise (Institution)"}, "keph_level": {"name": "Level 2"}, "ward": {"code": 1381}, "number_of_cots": 0, "town": {"name": "karen shopping centre"}, "name": "Melchizedek Hospital Karen", "created": "2013-10-16T12:35:36.583000+00:00", "regulatory_body": {"name": "Kenya MPDB - Institution"}, "facility_type": {"name": "Medical Clinic"}, "plot_number": "13144/11", "operation_status": {"name": "Operational"}, "number_of_beds": 0}, {"code": 20073, "location_desc": null, "official_name": "Thimjope Dispensary", "owner": {"name": "Ministry of Health"}, "keph_level": {"name": "Level 2"}, "ward": {"code": 1281}, "number_of_cots": 2, "town": {"name": "oyani"}, "name": "Thimjope Dispensary", "created": "2013-10-17T11:25:10.570000+00:00", "regulatory_body": {"name": "Ministry of Health"}, "facility_type": {"name": "Dispensary"}, "plot_number": null, "operation_status": {"name": "Operational"}, "number_of_beds": 2}, {"code": 20074, "location_desc": null, "official_name": "Wangiya Dispensary", "owner": {"name": "Ministry of Health"}, "keph_level": {"name": "Level 2"}, "ward": {"code": 1076}, "number_of_cots": 2, "town": {"name": "rapogi"}, "name": "Wangiya Dispensary", "created": "2013-10-17T11:43:12.913000+00:00", "regulatory_body": {"name": "Ministry of Health"}, "facility_type": {"name": "Dispensary"}, "plot_number": null, "operation_status": {"name": "Operational"}, "number_of_beds": 2}, {"code": 20075, "location_desc": null, "official_name": "Nyasoko Dispensary", "owner": {"name": "Ministry of Health"}, "keph_level": {"name": "Level 2"}, "ward": {"code": 1278}, "number_of_cots": 2, "town": {"name": "stella"}, "name": "Nyasoko Dispensary", "created": "2013-10-17T11:57:07.680000+00:00", "regulatory_body": {"name": "Ministry of Health"}, "facility_type": {"name": "Dispensary"}, "plot_number": null, "operation_status": {"name": "Operational"}, "number_of_beds": 2}, {"code": 20077, "location_desc": "Kambiri Market", "official_name": "Manyatta Clinic", "owner": {"name": "Private Practice - Nurse / Midwife"}, "keph_level": {"name": "Level 2"}, "ward": {"code": 1041}, "number_of_cots": 0, "town": {"name": "kambiri"}, "name": "Manyatta Clinic", "created": "2013-10-24T16:47:09.733000+00:00", "regulatory_body": {"name": "Ministry of Health"}, "facility_type": {"name": "Medical Clinic"}, "plot_number": "384", "operation_status": {"name": "Operational"}, "number_of_beds": 6}, {"code": 20078, "location_desc": "Thika road off kamiti road then to the farmers choice factory", "official_name": "Farmers choice wellness centre clinic", "owner": {"name": "Private Practice - Unspecified"}, "keph_level": {"name": "Level 2"}, "ward": {"code": 1395}, "number_of_cots": 0, "town": {"name": "near kahawa west market"}, "name": "Farmers choice wellness centre clinic", "created": "2013-10-25T11:31:51.240000+00:00", "regulatory_body": {"name": "Other"}, "facility_type": {"name": "Medical Clinic"}, "plot_number": null, "operation_status": {"name": "Operational"}, "number_of_beds": 0}, {"code": 20079, "location_desc": "Main Road - Rodi Sori Road", "official_name": "Community Action for Rural Developement  VCT", "owner": {"name": "Non-Governmental Organizations"}, "keph_level": {"name": "Level 2"}, "ward": {"code": 1251}, "number_of_cots": 2, "town": {"name": "ndhiwa"}, "name": "Community Action for Rural Developement  VCT", "created": "2013-10-29T09:51:51.307000+00:00", "regulatory_body": {"name": "Ministry of Health"}, "facility_type": {"name": "VCT Centre (Stand-Alone)"}, "plot_number": null, "operation_status": {"name": "Operational"}, "number_of_beds": 2}, {"code": 20080, "location_desc": "Near Umoja II chief Office  towards Victory Hospital", "official_name": "St Anjelimo Medical Clinic", "owner": {"name": "Private Practice - General Practitioner"}, "keph_level": {"name": "Level 2"}, "ward": {"code": 1427}, "number_of_cots": 1, "town": {"name": "umoja  market"}, "name": "St Anselmo Medical Clinic", "created": "2013-10-29T10:13:47.490000+00:00", "regulatory_body": {"name": "Kenya MPDB - Private Practice"}, "facility_type": {"name": "Medical Clinic"}, "plot_number": "56", "operation_status": {"name": "Operational"}, "number_of_beds": 3}, {"code": 20081, "location_desc": "Near Afraha Stadium", "official_name": "Kasarani VCT", "owner": {"name": "Other Public Institution"}, "keph_level": {"name": "Level 2"}, "ward": {"code": 871}, "number_of_cots": 0, "town": {"name": "near afraha stadium"}, "name": "Kasarani VCT", "created": "2013-11-05T15:12:43.800000+00:00", "regulatory_body": {"name": "Other"}, "facility_type": {"name": "VCT Centre (Stand-Alone)"}, "plot_number": "police post", "operation_status": {"name": "Operational"}, "number_of_beds": 0}, {"code": 20082, "location_desc": "within ngewa town", "official_name": "Wananchi Clinic Githunguri- Kiambu", "owner": {"name": "Private Practice - Nurse / Midwife"}, "keph_level": {"name": "Level 2"}, "ward": {"code": 580}, "number_of_cots": 0, "town": {"name": "ngewa"}, "name": "Wananchi Clinic Githunguri- Kiambu", "created": "2013-11-06T16:26:52.420000+00:00", "regulatory_body": {"name": "Nursing Council of Kenya (Private Practice)"}, "facility_type": {"name": "Medical Clinic"}, "plot_number": "43", "operation_status": {"name": "Operational"}, "number_of_beds": 0}, {"code": 20083, "location_desc": "Situated along Kiwawa Alale road", "official_name": "Kiwawa GOK Dispensary", "owner": {"name": "Ministry of Health"}, "keph_level": {"name": "Level 2"}, "ward": {"code": 655}, "number_of_cots": 0, "town": {"name": "konyao"}, "name": "Kiwawa GOK Dispensary", "created": "2013-11-07T13:57:27.780000+00:00", "regulatory_body": {"name": "Ministry of Health"}, "facility_type": {"name": "Dispensary"}, "plot_number": null, "operation_status": {"name": "Operational"}, "number_of_beds": 0}, {"code": 20084, "location_desc": null, "official_name": "Kanyerus Dispensary", "owner": {"name": "Ministry of Health"}, "keph_level": {"name": "Level 2"}, "ward": {"code": 651}, "number_of_cots": 0, "town": {"name": "kacheliba"}, "name": "Kanyerus Dispensary", "created": "2013-11-07T14:14:05.800000+00:00", "regulatory_body": {"name": "Ministry of Health"}, "facility_type": {"name": "Dispensary"}, "plot_number": null, "operation_status": {"name": "Operational"}, "number_of_beds": 0}, {"code": 20085, "location_desc": "Located at Baraka Estate along Felix Mandle Road, Bamburi Mtambo", "official_name": "Ocean Breeze Medical Facilty", "owner": {"name": "Private Practice - General Practitioner"}, "keph_level": {"name": "Level 3"}, "ward": {"code": 20}, "number_of_cots": 4, "town": {"name": "bamburi"}, "name": "Ocean Breeze Medical Facilty", "created": "2013-11-09T16:12:53.023000+00:00", "regulatory_body": {"name": "Kenya MPDB - Private Practice"}, "facility_type": {"name": "Nursing Home"}, "plot_number": "1357/mn", "operation_status": {"name": "Operational"}, "number_of_beds": 10}, {"code": 20086, "location_desc": "Opposite Wilson Airport", "official_name": "Dr Barnados House clinic", "owner": {"name": "Kenya Episcopal Conference-Catholic Secretariat"}, "keph_level": {"name": "Level 2"}, "ward": {"code": 1382}, "number_of_cots": 0, "town": {"name": "nairobi west"}, "name": "Dr Barnados House clinic", "created": "2013-11-11T11:36:36.493000+00:00", "regulatory_body": {"name": "Kenya MPDB - Institution"}, "facility_type": {"name": "Medical Clinic"}, "plot_number": "209/6029", "operation_status": {"name": "Operational"}, "number_of_beds": 0}, {"code": 20087, "location_desc": "off embu road about 10 kilomiters from the main road ,up the gitaru dam", "official_name": "Yunasi Medical Centre", "owner": {"name": "Private Practice - General Practitioner"}, "keph_level": {"name": "Level 2"}, "ward": {"code": 327}, "number_of_cots": 5, "town": {"name": "mutuabare- kiritiri"}, "name": "Yunasi", "created": "2013-11-11T12:18:48.817000+00:00", "regulatory_body": {"name": "Ministry of Health"}, "facility_type": {"name": "Dispensary"}, "plot_number": "1707", "operation_status": {"name": "Operational"}, "number_of_beds": 10}, {"code": 20088, "location_desc": "Housed by the Kiritiri Health Center", "official_name": "DHMT", "owner": {"name": "Ministry of Health"}, "keph_level": {"name": "Level 2"}, "ward": {"code": 326}, "number_of_cots": 0, "town": {"name": "kiritiri"}, "name": "Mbeere south DHMT", "created": "2013-11-11T12:40:53.320000+00:00", "regulatory_body": {"name": "Ministry of Health"}, "facility_type": {"name": "District Health Office"}, "plot_number": "1823", "operation_status": {"name": "Operational"}, "number_of_beds": 0}, {"code": 20089, "location_desc": "Marist Lane off Langata Road", "official_name": "Marist International University College Medical Clinic", "owner": {"name": "Kenya Episcopal Conference-Catholic Secretariat"}, "keph_level": {"name": "Level 2"}, "ward": {"code": 1381}, "number_of_cots": 0, "town": {"name": "karen shopping centre"}, "name": "Marist International University College Medical Clinic", "created": "2013-11-11T12:46:25.887000+00:00", "regulatory_body": {"name": "Kenya MPDB - Institution"}, "facility_type": {"name": "Medical Clinic"}, "plot_number": "1160/318", "operation_status": {"name": "Operational"}, "number_of_beds": 0}, {"code": 20090, "location_desc": "Situated along Juja Rd,Off Mathare North Rd (Chiefs Camp)", "official_name": "African Divine Church-VCT", "owner": {"name": "Other Faith Based"}, "keph_level": {"name": "Level 2"}, "ward": {"code": 1368}, "number_of_cots": 0, "name": "African Divine Church-Org", "created": "2013-11-11T15:46:39.630000+00:00", "regulatory_body": {"name": "Other"}, "facility_type": {"name": "VCT Centre (Stand-Alone)"}, "plot_number": null, "operation_status": {"name": "Operational"}, "number_of_beds": 0}, {"code": 20091, "location_desc": "outering rd then kamunde rd to korogocho behind chief's camp", "official_name": "Mwangaza ulio Na Tumaini clinic", "owner": {"name": "Christian Health Association of Kenya"}, "keph_level": {"name": "Level 3"}, "ward": {"code": 1412}, "number_of_cots": 2, "town": {"name": "kariobangi lite industries"}, "name": "Mwangaza ulio Na Tumaini clinic", "created": "2013-11-15T15:57:41.497000+00:00", "regulatory_body": {"name": "Kenya MPDB - Institution"}, "facility_type": {"name": "Health Centre"}, "plot_number": null, "operation_status": {"name": "Operational"}, "number_of_beds": 12}, {"code": 20092, "location_desc": "Bordering the Market", "official_name": "Itetani Dispensary", "owner": {"name": "Ministry of Health"}, "keph_level": {"name": "Level 2"}, "ward": {"code": 411}, "number_of_cots": 2, "town": {"name": "itetani market"}, "name": "Itetani Dispensary", "created": "2013-11-19T13:09:50.667000+00:00", "regulatory_body": {"name": "Ministry of Health"}, "facility_type": {"name": "Dispensary"}, "plot_number": null, "operation_status": {"name": "Operational"}, "number_of_beds": 2}], "model": "facilities.Facility", "unique_fields": ["code"]}]