[{"records": [{"code": 10278, "location_desc": null, "official_name": "Gituamba Medical Clinic", "owner": {"name": "Private Practice - Nurse / Midwife"}, "keph_level": {"name": "Level 2"}, "ward": {"code": 555}, "number_of_cots": 0, "town": {"name": "gatundutown"}, "name": "Gituamba Medical Clinic", "created": "2009-10-31T00:00:00+00:00", "regulatory_body": {"name": "Nursing Council of Kenya (Private Practice)"}, "facility_type": {"name": "Medical Clinic"}, "plot_number": null, "operation_status": {"name": "Operational"}, "number_of_beds": 0}, {"code": 10656, "location_desc": "Along Nyahururu-Nyeri RD within Miro-Inya township", "official_name": "Leshau Medical Clinic", "owner": {"name": "Private Practice - Nurse / Midwife"}, "keph_level": {"name": "Level 2"}, "ward": {"code": 463}, "number_of_cots": 0, "town": {"name": "nyahururu"}, "name": "Leshau Medical Clinic", "created": "2009-10-31T00:00:00+00:00", "regulatory_body": {"name": "Nursing Council of Kenya (Private Practice)"}, "facility_type": {"name": "Medical Clinic"}, "plot_number": null, "operation_status": {"name": "Operational"}, "number_of_beds": 0}, {"code": 10173, "location_desc": null, "official_name": "Eunice Medical Clinic", "owner": {"name": "Private Practice - Nurse / Midwife"}, "keph_level": {"name": "Level 2"}, "ward": {"code": 484}, "number_of_cots": 0, "town": {"name": "othaya town"}, "name": "Eunice Medical Clinic", "created": "2009-10-31T00:00:00+00:00", "regulatory_body": {"name": "Nursing Council of Kenya (Private Practice)"}, "facility_type": {"name": "Medical Clinic"}, "plot_number": null, "operation_status": {"name": "Operational"}, "number_of_beds": 0}, {"code": 11137, "location_desc": null, "official_name": "Upendo Medical Care", "owner": {"name": "Private Practice - Nurse / Midwife"}, "keph_level": {"name": "Level 2"}, "ward": {"code": 467}, "number_of_cots": 0, "town": {"name": "ndugamano"}, "name": "Upendo Medical Care", "created": "2009-10-31T00:00:00+00:00", "regulatory_body": {"name": "Nursing Council of Kenya (Private Practice)"}, "facility_type": {"name": "Medical Clinic"}, "plot_number": null, "operation_status": {"name": "Operational"}, "number_of_beds": 0}, {"code": 13326, "location_desc": null, "official_name": "Dertu Medical Clinic", "owner": {"name": "Private Practice - Clinical Officer"}, "keph_level": {"name": "Level 2"}, "ward": {"code": 132}, "number_of_cots": 0, "town": {"name": "garissa"}, "name": "Dertu Medical Clinic", "created": "2009-10-31T00:00:00+00:00", "regulatory_body": {"name": "Nursing Council of Kenya (Private Practice)"}, "facility_type": {"name": "Medical Clinic"}, "plot_number": null, "operation_status": {"name": "Operational"}, "number_of_beds": 0}, {"code": 10835, "location_desc": null, "official_name": "Ndonyero Medical Clinic", "owner": {"name": "Private Practice - Nurse / Midwife"}, "keph_level": {"name": "Level 2"}, "ward": {"code": 558}, "number_of_cots": 0, "town": {"name": "gatundutown"}, "name": "Ndonyero Medical Clinic", "created": "2009-10-31T00:00:00+00:00", "regulatory_body": {"name": "Nursing Council of Kenya (Private Practice)"}, "facility_type": {"name": "Medical Clinic"}, "plot_number": null, "operation_status": {"name": "Operational"}, "number_of_beds": 0}, {"code": 13336, "location_desc": null, "official_name": "Excel Health Services", "owner": {"name": "Private Practice - Clinical Officer"}, "keph_level": {"name": "Level 2"}, "ward": {"code": 132}, "number_of_cots": 0, "town": {"name": "garissa"}, "name": "Excel Health Services", "created": "2009-10-31T00:00:00+00:00", "regulatory_body": {"name": "Clinical Officers Council"}, "facility_type": {"name": "Medical Clinic"}, "plot_number": null, "operation_status": {"name": "Operational"}, "number_of_beds": 0}, {"code": 10611, "location_desc": null, "official_name": "Kimondo Medical Clinic", "owner": {"name": "Private Practice - Nurse / Midwife"}, "keph_level": {"name": "Level 2"}, "ward": {"code": 490}, "number_of_cots": 0, "town": {"name": "ichamara"}, "name": "Kimondo Medical Clinic", "created": "2009-10-31T00:00:00+00:00", "regulatory_body": {"name": "Nursing Council of Kenya (Private Practice)"}, "facility_type": {"name": "Medical Clinic"}, "plot_number": "1042 kiahungu mkt", "operation_status": {"name": "Operational"}, "number_of_beds": 0}, {"code": 13460, "location_desc": null, "official_name": "Zakma Medical Clinic", "owner": {"name": "Private Practice - Nurse / Midwife"}, "keph_level": {"name": "Level 2"}, "ward": {"code": 132}, "number_of_cots": 0, "town": {"name": "garissa"}, "name": "Zakma Medical Clinic", "created": "2009-10-31T00:00:00+00:00", "regulatory_body": {"name": "Nursing Council of Kenya (Private Practice)"}, "facility_type": {"name": "Medical Clinic"}, "plot_number": null, "operation_status": {"name": "Operational"}, "number_of_beds": 0}, {"code": 12089, "location_desc": null, "official_name": "Imani Yako Medical Clinic", "owner": {"name": "Private Practice - Nurse / Midwife"}, "keph_level": {"name": "Level 2"}, "ward": {"code": 409}, "number_of_cots": 0, "town": {"name": "wamunyu"}, "name": "Imani Yako Medical Clinic", "created": "2009-10-31T00:00:00+00:00", "regulatory_body": {"name": "Nursing Council of Kenya (Private Practice)"}, "facility_type": {"name": "Medical Clinic"}, "plot_number": null, "operation_status": {"name": "Operational"}, "number_of_beds": 5}, {"code": 10754, "location_desc": null, "official_name": "Mukarara Medical Clinic", "owner": {"name": "Private Practice - Nurse / Midwife"}, "keph_level": {"name": "Level 2"}, "ward": {"code": 467}, "number_of_cots": 0, "town": {"name": "mukarara"}, "name": "Mukarara Medical Clinic", "created": "2009-10-31T00:00:00+00:00", "regulatory_body": {"name": "Nursing Council of Kenya (Private Practice)"}, "facility_type": {"name": "Medical Clinic"}, "plot_number": null, "operation_status": {"name": "Operational"}, "number_of_beds": 0}, {"code": 10108, "location_desc": null, "official_name": "Diana Medical Clinic", "owner": {"name": "Private Practice - Nurse / Midwife"}, "keph_level": {"name": "Level 2"}, "ward": {"code": 470}, "number_of_cots": 0, "town": {"name": "nyeri town"}, "name": "Diana Medical Clinic", "created": "2009-10-31T00:00:00+00:00", "regulatory_body": {"name": "Nursing Council of Kenya (Private Practice)"}, "facility_type": {"name": "Medical Clinic"}, "plot_number": "b/111/96 nyeri town", "operation_status": {"name": "Operational"}, "number_of_beds": 0}, {"code": 10104, "location_desc": null, "official_name": "Dawa Medical Clinic (Nyeri South)", "owner": {"name": "Private Practice - Nurse / Midwife"}, "keph_level": {"name": "Level 2"}, "ward": {"code": 466}, "number_of_cots": 0, "town": {"name": "ihururu"}, "name": "Dawa Medical Clinic (Nyeri South)", "created": "2009-10-31T00:00:00+00:00", "regulatory_body": {"name": "Nursing Council of Kenya (Private Practice)"}, "facility_type": {"name": "Medical Clinic"}, "plot_number": "46 ihururu mkt", "operation_status": {"name": "Operational"}, "number_of_beds": 0}, {"code": 13367, "location_desc": null, "official_name": "Ifmaho Medical Clinic and Laboratory", "owner": {"name": "Private Practice - Nurse / Midwife"}, "keph_level": {"name": "Level 2"}, "ward": {"code": 132}, "number_of_cots": 0, "town": {"name": "garissa"}, "name": "Ifmaho Medical Clinic and Laboratory", "created": "2009-10-31T00:00:00+00:00", "regulatory_body": {"name": "Nursing Council of Kenya (Private Practice)"}, "facility_type": {"name": "Medical Clinic"}, "plot_number": null, "operation_status": {"name": "Operational"}, "number_of_beds": 0}, {"code": 11168, "location_desc": null, "official_name": "Wanduta Medical Clinic", "owner": {"name": "Private Practice - Nurse / Midwife"}, "keph_level": {"name": "Level 2"}, "ward": {"code": 556}, "number_of_cots": 0, "town": {"name": "gatundutown"}, "name": "Wanduta Medical Clinic", "created": "2009-10-31T00:00:00+00:00", "regulatory_body": {"name": "Nursing Council of Kenya (Private Practice)"}, "facility_type": {"name": "Medical Clinic"}, "plot_number": null, "operation_status": {"name": "Operational"}, "number_of_beds": 0}, {"code": 10583, "location_desc": null, "official_name": "Kiganjo Medical Care Clinic", "owner": {"name": "Private Practice - Nurse / Midwife"}, "keph_level": {"name": "Level 2"}, "ward": {"code": 491}, "number_of_cots": 0, "town": {"name": "nyeri town"}, "name": "Kiganjo Medical Care Clinic", "created": "2009-10-31T00:00:00+00:00", "regulatory_body": {"name": "Nursing Council of Kenya (Private Practice)"}, "facility_type": {"name": "Medical Clinic"}, "plot_number": null, "operation_status": {"name": "Operational"}, "number_of_beds": 0}, {"code": 10206, "location_desc": null, "official_name": "Gatamu Medical Clinic", "owner": {"name": "Private Practice - Clinical Officer"}, "keph_level": {"name": "Level 2"}, "ward": {"code": 486}, "number_of_cots": 0, "town": {"name": "othaya town"}, "name": "Gatamu Medical Clinic", "created": "2009-10-31T00:00:00+00:00", "regulatory_body": {"name": "Nursing Council of Kenya (Private Practice)"}, "facility_type": {"name": "Medical Clinic"}, "plot_number": null, "operation_status": {"name": "Operational"}, "number_of_beds": 0}, {"code": 10299, "location_desc": null, "official_name": "Good Shepherd Medical Clinic (Nyeri South)", "owner": {"name": "Private Practice - Nurse / Midwife"}, "keph_level": {"name": "Level 2"}, "ward": {"code": 492}, "number_of_cots": 0, "town": {"name": "nyeri town"}, "name": "Good Shepherd Medical Clinic (Nyeri South)", "created": "2009-10-31T00:00:00+00:00", "regulatory_body": {"name": "Nursing Council of Kenya (Private Practice)"}, "facility_type": {"name": "Medical Clinic"}, "plot_number": null, "operation_status": {"name": "Operational"}, "number_of_beds": 0}, {"code": 16447, "location_desc": "Kutus mjini, near old post office and opposite kiamichiri chemist", "official_name": "Safi Medical Clinic", "owner": {"name": "Private Practice - Nurse / Midwife"}, "keph_level": {"name": "Level 2"}, "ward": {"code": 500}, "number_of_cots": 0, "town": {"name": "kutus"}, "name": "Safi Medical Clinic", "created": "2009-10-31T00:00:00+00:00", "regulatory_body": {"name": "Nursing Council of Kenya (Private Practice)"}, "facility_type": {"name": "Medical Clinic"}, "plot_number": "ia", "operation_status": {"name": "Operational"}, "number_of_beds": 0}, {"code": 10159, "location_desc": null, "official_name": "Ebenezer Medical Clinic (Nyeri North)", "owner": {"name": "Private Practice - Nurse / Midwife"}, "keph_level": {"name": "Level 2"}, "ward": {"code": 480}, "number_of_cots": 0, "town": {"name": "magutu"}, "name": "Ebenezer Medical Clinic (Nyeri North)", "created": "2009-10-31T00:00:00+00:00", "regulatory_body": {"name": "Nursing Council of Kenya (Private Practice)"}, "facility_type": {"name": "Medical Clinic"}, "plot_number": null, "operation_status": {"name": "Operational"}, "number_of_beds": 0}, {"code": 10363, "location_desc": null, "official_name": "Ituramiro Medical Clinic", "owner": {"name": "Private Practice - Nurse / Midwife"}, "keph_level": {"name": "Level 2"}, "ward": {"code": 553}, "number_of_cots": 0, "town": {"name": "gatundutown"}, "name": "Ituramiro Medical Clinic", "created": "2009-10-31T00:00:00+00:00", "regulatory_body": {"name": "Nursing Council of Kenya (Private Practice)"}, "facility_type": {"name": "Medical Clinic"}, "plot_number": null, "operation_status": {"name": "Not-Operational"}, "number_of_beds": 0}, {"code": 10168, "location_desc": null, "official_name": "Emmanuel Medical Clinic (Nyeri North)", "owner": {"name": "Private Practice - Nurse / Midwife"}, "keph_level": {"name": "Level 2"}, "ward": {"code": 472}, "number_of_cots": 0, "town": {"name": "karemeno"}, "name": "Emmanuel Medical Clinic (Nyeri North)", "created": "2009-10-31T00:00:00+00:00", "regulatory_body": {"name": "Nursing Council of Kenya (Private Practice)"}, "facility_type": {"name": "Medical Clinic"}, "plot_number": null, "operation_status": {"name": "Operational"}, "number_of_beds": 0}, {"code": 10795, "location_desc": null, "official_name": "Muthuthiini Medical Clinic", "owner": {"name": "Private Practice - Nurse / Midwife"}, "keph_level": {"name": "Level 2"}, "ward": {"code": 487}, "number_of_cots": 0, "town": {"name": "muthuthiini"}, "name": "Muthuthiini Medical Clinic", "created": "2009-10-31T00:00:00+00:00", "regulatory_body": {"name": "Nursing Council of Kenya (Private Practice)"}, "facility_type": {"name": "Medical Clinic"}, "plot_number": null, "operation_status": {"name": "Operational"}, "number_of_beds": 0}, {"code": 11088, "location_desc": null, "official_name": "Tewas Medical Clinic", "owner": {"name": "Private Practice - Nurse / Midwife"}, "keph_level": {"name": "Level 2"}, "ward": {"code": 522}, "number_of_cots": 0, "town": {"name": "kahuro"}, "name": "Tewas Medical Clinic", "created": "2009-10-31T00:00:00+00:00", "regulatory_body": {"name": "Nursing Council of Kenya (Private Practice)"}, "facility_type": {"name": "Medical Clinic"}, "plot_number": null, "operation_status": {"name": "Operational"}, "number_of_beds": 0}, {"code": 12218, "location_desc": "Located in Mwingi Town Adjacent to Musila Gardens", "official_name": "Katethya Medical Clinic", "owner": {"name": "Private Practice - Clinical Officer"}, "keph_level": {"name": "Level 2"}, "ward": {"code": 340}, "number_of_cots": 0, "town": {"name": "mwingi"}, "name": "Katethya Medical Clinic", "created": "2009-10-31T00:00:00+00:00", "regulatory_body": {"name": "Clinical Officers Council"}, "facility_type": {"name": "Medical Clinic"}, "plot_number": null, "operation_status": {"name": "Operational"}, "number_of_beds": 0}, {"code": 10002, "location_desc": null, "official_name": "Aberdare  Medical & Surgical Clinic", "owner": {"name": "Private Practice - Nurse / Midwife"}, "keph_level": {"name": "Level 2"}, "ward": {"code": 484}, "number_of_cots": 0, "town": {"name": "othaya town"}, "name": "Aberdare Medical & Surgical Clinic", "created": "2009-10-31T00:00:00+00:00", "regulatory_body": {"name": "Nursing Council of Kenya (Private Practice)"}, "facility_type": {"name": "Medical Clinic"}, "plot_number": null, "operation_status": {"name": "Operational"}, "number_of_beds": 0}, {"code": 11057, "location_desc": null, "official_name": "St Marys Clinic (Kangema)", "owner": {"name": "Private Practice - Nurse / Midwife"}, "keph_level": {"name": "Level 2"}, "ward": {"code": 517}, "number_of_cots": 0, "town": {"name": "kangema"}, "name": "St Marys Clinic (Kangema)", "created": "2009-10-31T00:00:00+00:00", "regulatory_body": {"name": "Nursing Council of Kenya (Private Practice)"}, "facility_type": {"name": "Medical Clinic"}, "plot_number": null, "operation_status": {"name": "Operational"}, "number_of_beds": 0}, {"code": 16497, "location_desc": null, "official_name": "Kiamutugu CFW Clinic", "owner": {"name": "Private Practice - Nurse / Midwife"}, "keph_level": {"name": "Level 2"}, "ward": {"code": 507}, "number_of_cots": 0, "town": {"name": "kianyaga"}, "name": "Kiamutugu CFW Clinic", "created": "2009-10-31T00:00:00+00:00", "regulatory_body": {"name": "Nursing Council of Kenya (Private Practice)"}, "facility_type": {"name": "Medical Clinic"}, "plot_number": null, "operation_status": {"name": "Operational"}, "number_of_beds": 0}, {"code": 11111, "location_desc": null, "official_name": "Trinity Afya Centre", "owner": {"name": "Private Practice - Nurse / Midwife"}, "keph_level": {"name": "Level 2"}, "ward": {"code": 517}, "number_of_cots": 0, "town": {"name": "kangema"}, "name": "Trinity Afya Centre", "created": "2009-10-31T00:00:00+00:00", "regulatory_body": {"name": "Nursing Council of Kenya (Private Practice)"}, "facility_type": {"name": "Medical Clinic"}, "plot_number": null, "operation_status": {"name": "Operational"}, "number_of_beds": 0}, {"code": 10789, "location_desc": null, "official_name": "Mutethia Medical Clinic (Nyeri South)", "owner": {"name": "Private Practice - Nurse / Midwife"}, "keph_level": {"name": "Level 2"}, "ward": {"code": 494}, "number_of_cots": 0, "town": {"name": "nyeri town"}, "name": "Mutethia Medical Clinic (Nyeri South)", "created": "2009-10-31T00:00:00+00:00", "regulatory_body": {"name": "Nursing Council of Kenya (Private Practice)"}, "facility_type": {"name": "Medical Clinic"}, "plot_number": null, "operation_status": {"name": "Not-Operational"}, "number_of_beds": 0}, {"code": 10501, "location_desc": null, "official_name": "Kariumba Medical Clinic", "owner": {"name": "Private Practice - Nurse / Midwife"}, "keph_level": {"name": "Level 2"}, "ward": {"code": 495}, "number_of_cots": 0, "town": {"name": "nyeri town"}, "name": "Kariumba Medical Clinic", "created": "2009-10-31T00:00:00+00:00", "regulatory_body": {"name": "Nursing Council of Kenya (Private Practice)"}, "facility_type": {"name": "Medical Clinic"}, "plot_number": "396 tetu/kiriti", "operation_status": {"name": "Operational"}, "number_of_beds": 0}, {"code": 10160, "location_desc": null, "official_name": "Ebenezer Medical Clinic (Nyeri South)", "owner": {"name": "Private Practice - Nurse / Midwife"}, "keph_level": {"name": "Level 2"}, "ward": {"code": 492}, "number_of_cots": 0, "town": {"name": "othaya town"}, "name": "Ebenezer Medical Clinic (Nyeri South)", "created": "2009-10-31T00:00:00+00:00", "regulatory_body": {"name": "Nursing Council of Kenya (Private Practice)"}, "facility_type": {"name": "Medical Clinic"}, "plot_number": null, "operation_status": {"name": "Operational"}, "number_of_beds": 4}, {"code": 10416, "location_desc": null, "official_name": "Kahara Medical Clinic", "owner": {"name": "Private Practice - Nurse / Midwife"}, "keph_level": {"name": "Level 2"}, "ward": {"code": 490}, "number_of_cots": 0, "town": {"name": "kaheti"}, "name": "Kahara Medical Clinic", "created": "2009-10-31T00:00:00+00:00", "regulatory_body": {"name": "Nursing Council of Kenya (Private Practice)"}, "facility_type": {"name": "Medical Clinic"}, "plot_number": "plot 24. kaheti", "operation_status": {"name": "Operational"}, "number_of_beds": 0}, {"code": 10995, "location_desc": null, "official_name": "Salama Medical Clinic", "owner": {"name": "Private Practice - Nurse / Midwife"}, "keph_level": {"name": "Level 2"}, "ward": {"code": 482}, "number_of_cots": 0, "town": {"name": "magutu"}, "name": "Salama Medical Clinic", "created": "2009-10-31T00:00:00+00:00", "regulatory_body": {"name": "Nursing Council of Kenya (Private Practice)"}, "facility_type": {"name": "Medical Clinic"}, "plot_number": null, "operation_status": {"name": "Operational"}, "number_of_beds": 0}, {"code": 10775, "location_desc": null, "official_name": "Munyu Medical Clinic", "owner": {"name": "Private Practice - Nurse / Midwife"}, "keph_level": {"name": "Level 2"}, "ward": {"code": 867}, "number_of_cots": 0, "town": {"name": "munyu"}, "name": "Munyu Medical Clinic", "created": "2009-10-31T00:00:00+00:00", "regulatory_body": {"name": "Nursing Council of Kenya (Private Practice)"}, "facility_type": {"name": "Medical Clinic"}, "plot_number": null, "operation_status": {"name": "Operational"}, "number_of_beds": 0}, {"code": 10297, "location_desc": null, "official_name": "Good Samaritan Health Services (Kirinyaga)", "owner": {"name": "Private Practice - Nurse / Midwife"}, "keph_level": {"name": "Level 2"}, "ward": {"code": 496}, "number_of_cots": 0, "town": {"name": "kagio"}, "name": "Good Samaritan Health Services (Kirinyaga)", "created": "2009-10-31T00:00:00+00:00", "regulatory_body": {"name": "Nursing Council of Kenya (Private Practice)"}, "facility_type": {"name": "Medical Clinic"}, "plot_number": "1412", "operation_status": {"name": "Operational"}, "number_of_beds": 0}, {"code": 10022, "location_desc": null, "official_name": "Alpha Family Health Care", "owner": {"name": "Private Practice - Nurse / Midwife"}, "keph_level": {"name": "Level 3"}, "ward": {"code": 467}, "number_of_cots": 0, "town": {"name": "giakanja"}, "name": "Alpha Family Health Care", "created": "2009-10-31T00:00:00+00:00", "regulatory_body": {"name": "Nursing Council of Kenya (Private Practice)"}, "facility_type": {"name": "Medical Clinic"}, "plot_number": "11.c kiandu mkt", "operation_status": {"name": "Operational"}, "number_of_beds": 0}, {"code": 10882, "location_desc": null, "official_name": "Njika Wega Medical Clinic", "owner": {"name": "Private Practice - Nurse / Midwife"}, "keph_level": {"name": "Level 2"}, "ward": {"code": 488}, "number_of_cots": 0, "town": {"name": "mihuti"}, "name": "Njika Wega Medical Clinic", "created": "2009-10-31T00:00:00+00:00", "regulatory_body": {"name": "Nursing Council of Kenya (Private Practice)"}, "facility_type": {"name": "Medical Clinic"}, "plot_number": null, "operation_status": {"name": "Operational"}, "number_of_beds": 0}, {"code": 10707, "location_desc": null, "official_name": "Mathingira Medical Clinic", "owner": {"name": "Private Practice - General Practitioner"}, "keph_level": {"name": "Level 2"}, "ward": {"code": 486}, "number_of_cots": 0, "town": {"name": "othaya town"}, "name": "Mathingira Medical Clinic", "created": "2009-10-31T00:00:00+00:00", "regulatory_body": {"name": "Kenya MPDB - Private Practice"}, "facility_type": {"name": "Medical Clinic"}, "plot_number": "40 othaya township", "operation_status": {"name": "Operational"}, "number_of_beds": 0}, {"code": 10811, "location_desc": null, "official_name": "Mweiga Rural Health Clinic", "owner": {"name": "Private Practice - Nurse / Midwife"}, "keph_level": {"name": "Level 2"}, "ward": {"code": 469}, "number_of_cots": 0, "town": {"name": "mweiga"}, "name": "Mweiga Rural Health Clinic", "created": "2009-10-31T00:00:00+00:00", "regulatory_body": {"name": "Nursing Council of Kenya (Private Practice)"}, "facility_type": {"name": "Medical Clinic"}, "plot_number": null, "operation_status": {"name": "Operational"}, "number_of_beds": 0}, {"code": 10710, "location_desc": null, "official_name": "Mayos Medical Clinic", "owner": {"name": "Private Practice - Nurse / Midwife"}, "keph_level": {"name": "Level 2"}, "ward": {"code": 486}, "number_of_cots": 0, "town": {"name": "othaya town"}, "name": "Mayos Medical Clinic", "created": "2009-10-31T00:00:00+00:00", "regulatory_body": {"name": "Nursing Council of Kenya (Private Practice)"}, "facility_type": {"name": "Medical Clinic"}, "plot_number": "14/othaya township", "operation_status": {"name": "Operational"}, "number_of_beds": 0}, {"code": 10079, "location_desc": "Kimica market along Kutus-Kagio Road, about 3km from Kutus town", "official_name": "By Grace Medicals (Kutus) Clinic", "owner": {"name": "Private Practice - Nurse / Midwife"}, "keph_level": {"name": "Level 2"}, "ward": {"code": 497}, "number_of_cots": 0, "town": {"name": "kagio"}, "name": "By Grace Medical (Kutus) Clinic", "created": "2009-10-31T00:00:00+00:00", "regulatory_body": {"name": "Nursing Council of Kenya (Private Practice)"}, "facility_type": {"name": "Medical Clinic"}, "plot_number": "kimica 2", "operation_status": {"name": "Operational"}, "number_of_beds": 0}, {"code": 10074, "location_desc": null, "official_name": "Boore Clinic", "owner": {"name": "Private Practice - Nurse / Midwife"}, "keph_level": {"name": "Level 2"}, "ward": {"code": 564}, "number_of_cots": 0, "town": {"name": "thika"}, "name": "Boore Clinic", "created": "2009-10-31T00:00:00+00:00", "regulatory_body": {"name": "Nursing Council of Kenya (Private Practice)"}, "facility_type": {"name": "Medical Clinic"}, "plot_number": "jogoo house", "operation_status": {"name": "Operational"}, "number_of_beds": 0}, {"code": 16165, "location_desc": "At Mundika Market along Ksumu - Busia road", "official_name": "Your Family Clinic", "owner": {"name": "Private Practice - Nurse / Midwife"}, "keph_level": {"name": "Level 2"}, "ward": {"code": 1137}, "number_of_cots": 0, "town": {"name": "matayos"}, "name": "Your Family Clinic", "created": "2009-10-31T00:00:00+00:00", "regulatory_body": {"name": "Nursing Council of Kenya (Private Practice)"}, "facility_type": {"name": "Medical Clinic"}, "plot_number": null, "operation_status": {"name": "Operational"}, "number_of_beds": 0}, {"code": 10568, "location_desc": null, "official_name": "Kiaruhiu Medical Clinic", "owner": {"name": "Private Practice - Nurse / Midwife"}, "keph_level": {"name": "Level 2"}, "ward": {"code": 475}, "number_of_cots": 0, "town": {"name": "iriaini"}, "name": "Kiaruhiu Medical Clinic", "created": "2009-10-31T00:00:00+00:00", "regulatory_body": {"name": "Nursing Council of Kenya (Private Practice)"}, "facility_type": {"name": "Medical Clinic"}, "plot_number": null, "operation_status": {"name": "Operational"}, "number_of_beds": 0}, {"code": 10449, "location_desc": "Kiangwaci Market behind the local authority market", "official_name": "Kamfas Clinic", "owner": {"name": "Private Practice - Nurse / Midwife"}, "keph_level": {"name": "Level 2"}, "ward": {"code": 511}, "number_of_cots": 0, "town": {"name": "kiangwachi"}, "name": "Kamfas Clinic", "created": "2009-10-31T00:00:00+00:00", "regulatory_body": {"name": "Nursing Council of Kenya (Private Practice)"}, "facility_type": {"name": "Medical Clinic"}, "plot_number": "l/up-91", "operation_status": {"name": "Operational"}, "number_of_beds": 0}, {"code": 10909, "location_desc": "Along Nyahururu-Nakuru Rd next to Nyahururu police station", "official_name": "Ol jabet Medical Clinic", "owner": {"name": "Private Practice - Clinical Officer"}, "keph_level": {"name": "Level 2"}, "ward": {"code": 459}, "number_of_cots": 0, "town": {"name": "nyahururu"}, "name": "Ol Jabet Medical Clinic", "created": "2009-10-31T00:00:00+00:00", "regulatory_body": {"name": "Nursing Council of Kenya (Private Practice)"}, "facility_type": {"name": "Medical Clinic"}, "plot_number": null, "operation_status": {"name": "Operational"}, "number_of_beds": 0}, {"code": 10106, "location_desc": null, "official_name": "Delina Health Care", "owner": {"name": "Private Practice - Nurse / Midwife"}, "keph_level": {"name": "Level 2"}, "ward": {"code": 467}, "number_of_cots": 0, "town": {"name": "kiandu"}, "name": "Delina Health Care", "created": "2009-10-31T00:00:00+00:00", "regulatory_body": {"name": "Nursing Council of Kenya (Private Practice)"}, "facility_type": {"name": "Medical Clinic"}, "plot_number": "50 kiandu mkt", "operation_status": {"name": "Operational"}, "number_of_beds": 0}, {"code": 10463, "location_desc": "Within Kangaita shopping centre", "official_name": "Kangaita Medical Clinic (Kirinyaga Central)", "owner": {"name": "Private Practice - Nurse / Midwife"}, "keph_level": {"name": "Level 2"}, "ward": {"code": 504}, "number_of_cots": 0, "town": {"name": "kangaita"}, "name": "Kangaita Medical Clinic (Kirinyaga Central)", "created": "2009-10-31T00:00:00+00:00", "regulatory_body": {"name": "Nursing Council of Kenya (Private Practice)"}, "facility_type": {"name": "Medical Clinic"}, "plot_number": "321", "operation_status": {"name": "Operational"}, "number_of_beds": 0}, {"code": 10456, "location_desc": null, "official_name": "Kamwangi Health Services", "owner": {"name": "Private Practice - Nurse / Midwife"}, "keph_level": {"name": "Level 2"}, "ward": {"code": 557}, "number_of_cots": 0, "town": {"name": "gatundutown"}, "name": "Kamwangi Health Services", "created": "2009-10-31T00:00:00+00:00", "regulatory_body": {"name": "Nursing Council of Kenya (Private Practice)"}, "facility_type": {"name": "Medical Clinic"}, "plot_number": null, "operation_status": {"name": "Not-Operational"}, "number_of_beds": 0}, {"code": 10343, "location_desc": null, "official_name": "Ihwagi Medical Clinic", "owner": {"name": "Private Practice - Nurse / Midwife"}, "keph_level": {"name": "Level 2"}, "ward": {"code": 479}, "number_of_cots": 0, "town": {"name": "iriaini"}, "name": "Ihwagi Medical Clinic", "created": "2009-10-31T00:00:00+00:00", "regulatory_body": {"name": "Nursing Council of Kenya (Private Practice)"}, "facility_type": {"name": "Medical Clinic"}, "plot_number": null, "operation_status": {"name": "Operational"}, "number_of_beds": 0}, {"code": 11052, "location_desc": null, "official_name": "St Mary Health Clinic ", "owner": {"name": "Private Practice - Nurse / Midwife"}, "keph_level": {"name": "Level 2"}, "ward": {"code": 478}, "number_of_cots": 0, "town": {"name": "kagio"}, "name": "St Mary Health Clinic", "created": "2009-10-31T00:00:00+00:00", "regulatory_body": {"name": "Nursing Council of Kenya (Private Practice)"}, "facility_type": {"name": "Medical Clinic"}, "plot_number": "lock up c-29 kagio", "operation_status": {"name": "Operational"}, "number_of_beds": 0}, {"code": 10077, "location_desc": "Opposite New Market next to Githimu shop or opposite SMEP", "official_name": "By Faith Clinic (Kirinyaga)", "owner": {"name": "Private Practice - Nurse / Midwife"}, "keph_level": {"name": "Level 2"}, "ward": {"code": 503}, "number_of_cots": 0, "town": {"name": "wanguru"}, "name": "By Faith Clinic (Kirinyaga)", "created": "2009-10-31T00:00:00+00:00", "regulatory_body": {"name": "Nursing Council of Kenya (Private Practice)"}, "facility_type": {"name": "Medical Clinic"}, "plot_number": "112b", "operation_status": {"name": "Operational"}, "number_of_beds": 0}, {"code": 11046, "location_desc": "Kibingoti town along Sagana/Karatina road", "official_name": "St Jude Clinic", "owner": {"name": "Private Practice - Nurse / Midwife"}, "keph_level": {"name": "Level 2"}, "ward": {"code": 510}, "number_of_cots": 0, "town": {"name": "kibingoti"}, "name": "St Jude Clinic", "created": "2009-10-31T00:00:00+00:00", "regulatory_body": {"name": "Nursing Council of Kenya (Private Practice)"}, "facility_type": {"name": "Medical Clinic"}, "plot_number": "owner land", "operation_status": {"name": "Operational"}, "number_of_beds": 0}, {"code": 10982, "location_desc": null, "official_name": "Ruruguti Afya Clinic", "owner": {"name": "Private Practice - Nurse / Midwife"}, "keph_level": {"name": "Level 2"}, "ward": {"code": 449}, "number_of_cots": 0, "town": {"name": "othaya town"}, "name": "Ruruguti Afya Clinic", "created": "2009-10-31T00:00:00+00:00", "regulatory_body": {"name": "Nursing Council of Kenya (Private Practice)"}, "facility_type": {"name": "Medical Clinic"}, "plot_number": null, "operation_status": {"name": "Operational"}, "number_of_beds": 0}, {"code": 16815, "location_desc": null, "official_name": "Lord of Mercy Clinic", "owner": {"name": "Private Practice - Nurse / Midwife"}, "keph_level": {"name": "Level 2"}, "ward": {"code": 470}, "number_of_cots": 0, "town": {"name": "naromoru"}, "name": "Lord of Mercy Clinic", "created": "2010-01-31T00:00:00+00:00", "regulatory_body": {"name": "Nursing Council of Kenya (Private Practice)"}, "facility_type": {"name": "Medical Clinic"}, "plot_number": null, "operation_status": {"name": "Operational"}, "number_of_beds": 0}, {"code": 10908, "location_desc": null, "official_name": "Obeys Medical Clinic", "owner": {"name": "Private Practice - Nurse / Midwife"}, "keph_level": {"name": "Level 2"}, "ward": {"code": 520}, "number_of_cots": 0, "town": {"name": "kiriaini"}, "name": "Obeys Medical Clinic", "created": "2009-10-31T00:00:00+00:00", "regulatory_body": {"name": "Nursing Council of Kenya (Private Practice)"}, "facility_type": {"name": "Medical Clinic"}, "plot_number": null, "operation_status": {"name": "Operational"}, "number_of_beds": 0}, {"code": 11181, "location_desc": null, "official_name": "Wellness Medical Clinic", "owner": {"name": "Private Practice - Clinical Officer"}, "keph_level": {"name": "Level 2"}, "ward": {"code": 815}, "number_of_cots": 0, "town": {"name": "nyahururu"}, "name": "Wellness Medical Clinic", "created": "2009-10-31T00:00:00+00:00", "regulatory_body": {"name": "Clinical Officers Council"}, "facility_type": {"name": "Medical Clinic"}, "plot_number": null, "operation_status": {"name": "Operational"}, "number_of_beds": 0}, {"code": 10314, "location_desc": null, "official_name": "Heshima Medical Clinic", "owner": {"name": "Private Practice - Nurse / Midwife"}, "keph_level": {"name": "Level 2"}, "ward": {"code": 479}, "number_of_cots": 0, "town": {"name": "iriaini"}, "name": "Heshima Medical Clinic", "created": "2009-10-31T00:00:00+00:00", "regulatory_body": {"name": "Nursing Council of Kenya (Private Practice)"}, "facility_type": {"name": "Medical Clinic"}, "plot_number": null, "operation_status": {"name": "Operational"}, "number_of_beds": 0}, {"code": 13296, "location_desc": null, "official_name": "Ayan Clinic", "owner": {"name": "Private Practice - Nurse / Midwife"}, "keph_level": {"name": "Level 2"}, "ward": {"code": 140}, "number_of_cots": 0, "town": {"name": "modogashe"}, "name": "Ayan Clinic", "created": "2009-10-31T00:00:00+00:00", "regulatory_body": {"name": "Nursing Council of Kenya (Private Practice)"}, "facility_type": {"name": "Medical Clinic"}, "plot_number": null, "operation_status": {"name": "Not-Operational"}, "number_of_beds": 0}, {"code": 11116, "location_desc": null, "official_name": "Tumaini Clinic (Mwea)", "owner": {"name": "Private Practice - Nurse / Midwife"}, "keph_level": {"name": "Level 2"}, "ward": {"code": 502}, "number_of_cots": 0, "town": {"name": "wanguru"}, "name": "Tumaini Clinic (Mwea)", "created": "2009-10-31T00:00:00+00:00", "regulatory_body": {"name": "Nursing Council of Kenya (Private Practice)"}, "facility_type": {"name": "Medical Clinic"}, "plot_number": null, "operation_status": {"name": "Not-Operational"}, "number_of_beds": 0}, {"code": 10348, "location_desc": null, "official_name": "Imani Medical Clinic (Nyeri South)", "owner": {"name": "Private Practice - Nurse / Midwife"}, "keph_level": {"name": "Level 2"}, "ward": {"code": 467}, "number_of_cots": 0, "town": {"name": "mukarara"}, "name": "Imani Medical Clinic (Nyeri South)", "created": "2009-10-31T00:00:00+00:00", "regulatory_body": {"name": "Nursing Council of Kenya (Private Practice)"}, "facility_type": {"name": "Medical Clinic"}, "plot_number": null, "operation_status": {"name": "Operational"}, "number_of_beds": 0}, {"code": 10342, "location_desc": null, "official_name": "Ihwa Medical Clinic", "owner": {"name": "Private Practice - Nurse / Midwife"}, "keph_level": {"name": "Level 2"}, "ward": {"code": 466}, "number_of_cots": 0, "town": {"name": "ihwa"}, "name": "Ihwa Medical Clinic", "created": "2009-10-31T00:00:00+00:00", "regulatory_body": {"name": "Nursing Council of Kenya (Private Practice)"}, "facility_type": {"name": "Medical Clinic"}, "plot_number": null, "operation_status": {"name": "Operational"}, "number_of_beds": 0}, {"code": 10303, "location_desc": null, "official_name": "Green Hill Medical Clinic", "owner": {"name": "Private Practice - Nurse / Midwife"}, "keph_level": {"name": "Level 2"}, "ward": {"code": 817}, "number_of_cots": 0, "town": {"name": "ruguru"}, "name": "Green Hill Medical Clinic", "created": "2009-10-31T00:00:00+00:00", "regulatory_body": {"name": "Nursing Council of Kenya (Private Practice)"}, "facility_type": {"name": "Medical Clinic"}, "plot_number": null, "operation_status": {"name": "Operational"}, "number_of_beds": 0}, {"code": 16088, "location_desc": null, "official_name": "OJM Medical Clinic", "owner": {"name": "Private Practice - Nurse / Midwife"}, "keph_level": {"name": "Level 2"}, "ward": {"code": 1074}, "number_of_cots": 0, "town": {"name": "luanda"}, "name": "Ojm Medical Clinic", "created": "2009-10-31T00:00:00+00:00", "regulatory_body": {"name": "Nursing Council of Kenya (Private Practice)"}, "facility_type": {"name": "Medical Clinic"}, "plot_number": null, "operation_status": {"name": "Operational"}, "number_of_beds": 1}, {"code": 11876, "location_desc": null, "official_name": "Uzima Medical Clinic (Kilifi)", "owner": {"name": "Private Practice - Nurse / Midwife"}, "keph_level": {"name": "Level 2"}, "ward": {"code": 55}, "number_of_cots": 0, "town": {"name": "matsangoni"}, "name": "Uzima Medical Clinic (Kilifi)", "created": "2009-10-31T00:00:00+00:00", "regulatory_body": {"name": "Nursing Council of Kenya (Private Practice)"}, "facility_type": {"name": "Medical Clinic"}, "plot_number": null, "operation_status": {"name": "Pending Opening"}, "number_of_beds": 0}, {"code": 11028, "location_desc": null, "official_name": "St Austine Medical Clinic", "owner": {"name": "Private Practice - Nurse / Midwife"}, "keph_level": {"name": "Level 2"}, "ward": {"code": 515}, "number_of_cots": 0, "town": {"name": "othaya town"}, "name": "St Austine Medical Clinic", "created": "2009-10-31T00:00:00+00:00", "regulatory_body": {"name": "Nursing Council of Kenya (Private Practice)"}, "facility_type": {"name": "Medical Clinic"}, "plot_number": null, "operation_status": {"name": "Operational"}, "number_of_beds": 0}, {"code": 11102, "location_desc": null, "official_name": "Thunguri Medical Clinic", "owner": {"name": "Private Practice - Nurse / Midwife"}, "keph_level": {"name": "Level 2"}, "ward": {"code": 484}, "number_of_cots": 0, "town": {"name": "othaya town"}, "name": "Thunguri Medical Clinic", "created": "2009-10-31T00:00:00+00:00", "regulatory_body": {"name": "Nursing Council of Kenya (Private Practice)"}, "facility_type": {"name": "Medical Clinic"}, "plot_number": null, "operation_status": {"name": "Operational"}, "number_of_beds": 0}, {"code": 11109, "location_desc": null, "official_name": "Tonys Medical Clinic", "owner": {"name": "Private Practice - Nurse / Midwife"}, "keph_level": {"name": "Level 2"}, "ward": {"code": 484}, "number_of_cots": 0, "town": {"name": "othaya town"}, "name": "Tonys Medical Clinic", "created": "2009-10-31T00:00:00+00:00", "regulatory_body": {"name": "Nursing Council of Kenya (Private Practice)"}, "facility_type": {"name": "Medical Clinic"}, "plot_number": null, "operation_status": {"name": "Operational"}, "number_of_beds": 0}, {"code": 12062, "location_desc": null, "official_name": "Huruma Clinic (Embu)", "owner": {"name": "Private Practice - Nurse / Midwife"}, "keph_level": {"name": "Level 2"}, "ward": {"code": 313}, "number_of_cots": 0, "town": {"name": "kibugu"}, "name": "Huruma Clinic (Embu)", "created": "2009-10-31T00:00:00+00:00", "regulatory_body": {"name": "Nursing Council of Kenya (Private Practice)"}, "facility_type": {"name": "Medical Clinic"}, "plot_number": null, "operation_status": {"name": "Operational"}, "number_of_beds": 0}, {"code": 10593, "location_desc": null, "official_name": "Kihora Medical Clinic", "owner": {"name": "Private Practice - Nurse / Midwife"}, "keph_level": {"name": "Level 2"}, "ward": {"code": 467}, "number_of_cots": 0, "town": {"name": "gachatha"}, "name": "Kihora Medical Clinic", "created": "2009-10-31T00:00:00+00:00", "regulatory_body": {"name": "Nursing Council of Kenya (Private Practice)"}, "facility_type": {"name": "Medical Clinic"}, "plot_number": null, "operation_status": {"name": "Not-Operational"}, "number_of_beds": 0}, {"code": 12371, "location_desc": null, "official_name": "Kituneni Medical Clinic", "owner": {"name": "Private Practice - Nurse / Midwife"}, "keph_level": {"name": "Level 2"}, "ward": {"code": 405}, "number_of_cots": 0, "town": {"name": "mwala"}, "name": "Kituneni Medical Clinic", "created": "2009-10-31T00:00:00+00:00", "regulatory_body": {"name": "Nursing Council of Kenya (Private Practice)"}, "facility_type": {"name": "Medical Clinic"}, "plot_number": null, "operation_status": {"name": "Operational"}, "number_of_beds": 1}, {"code": 16808, "location_desc": "Along olkalou-Tumaini Rd 5km off Siranga junction", "official_name": "Wachoro Medical Clinic", "owner": {"name": "Private Practice - Nurse / Midwife"}, "keph_level": {"name": "Level 2"}, "ward": {"code": 457}, "number_of_cots": 0, "town": {"name": "olkalau"}, "name": "Wachoro Medical Clinic", "created": "2010-01-31T00:00:00+00:00", "regulatory_body": {"name": "Nursing Council of Kenya (Private Practice)"}, "facility_type": {"name": "Medical Clinic"}, "plot_number": "122", "operation_status": {"name": "Operational"}, "number_of_beds": 0}, {"code": 10087, "location_desc": null, "official_name": "Chania Clinic", "owner": {"name": "Private Practice - Nurse / Midwife"}, "keph_level": {"name": "Level 2"}, "ward": {"code": 820}, "number_of_cots": 0, "town": {"name": "nyeri town"}, "name": "Chania Clinic", "created": "2009-10-31T00:00:00+00:00", "regulatory_body": {"name": "Nursing Council of Kenya (Private Practice)"}, "facility_type": {"name": "Medical Clinic"}, "plot_number": null, "operation_status": {"name": "Operational"}, "number_of_beds": 0}, {"code": 16774, "location_desc": null, "official_name": "Faith Medical Clinic (Nyeri South)", "owner": {"name": "Private Practice - Nurse / Midwife"}, "keph_level": {"name": "Level 2"}, "ward": {"code": 467}, "number_of_cots": 0, "town": {"name": "kigwandi"}, "name": "Faith Medical Clinic (Nyeri South)", "created": "2009-10-31T00:00:00+00:00", "regulatory_body": {"name": "Nursing Council of Kenya (Private Practice)"}, "facility_type": {"name": "Medical Clinic"}, "plot_number": "plot 6 kigwandi", "operation_status": {"name": "Operational"}, "number_of_beds": 0}, {"code": 11154, "location_desc": null, "official_name": "Waihara Medical Clinic", "owner": {"name": "Private Practice - Nurse / Midwife"}, "keph_level": {"name": "Level 2"}, "ward": {"code": 485}, "number_of_cots": 0, "town": {"name": "othaya town"}, "name": "Waihara Medical Clinic", "created": "2009-10-31T00:00:00+00:00", "regulatory_body": {"name": "Nursing Council of Kenya (Private Practice)"}, "facility_type": {"name": "Medical Clinic"}, "plot_number": null, "operation_status": {"name": "Operational"}, "number_of_beds": 0}, {"code": 11103, "location_desc": null, "official_name": "Thuthi Medical Clinic", "owner": {"name": "Private Practice - Nurse / Midwife"}, "keph_level": {"name": "Level 2"}, "ward": {"code": 466}, "number_of_cots": 0, "town": {"name": "kigogoini"}, "name": "Thuthi Medical Clinic", "created": "2009-10-31T00:00:00+00:00", "regulatory_body": {"name": "Nursing Council of Kenya (Private Practice)"}, "facility_type": {"name": "Medical Clinic"}, "plot_number": null, "operation_status": {"name": "Operational"}, "number_of_beds": 0}, {"code": 10792, "location_desc": null, "official_name": "Muthinga Medical Clinic", "owner": {"name": "Private Practice - Nurse / Midwife"}, "keph_level": {"name": "Level 2"}, "ward": {"code": 468}, "number_of_cots": 0, "town": {"name": "gititu"}, "name": "Muthinga Medical Clinic", "created": "2009-10-31T00:00:00+00:00", "regulatory_body": {"name": "Nursing Council of Kenya (Private Practice)"}, "facility_type": {"name": "Medical Clinic"}, "plot_number": null, "operation_status": {"name": "Operational"}, "number_of_beds": 0}, {"code": 10772, "location_desc": null, "official_name": "Munyaka Medical Clinic", "owner": {"name": "Private Practice - Nurse / Midwife"}, "keph_level": {"name": "Level 2"}, "ward": {"code": 467}, "number_of_cots": 0, "town": {"name": "giakanja"}, "name": "Munyaka Medical Clinic", "created": "2009-10-31T00:00:00+00:00", "regulatory_body": {"name": "Nursing Council of Kenya (Private Practice)"}, "facility_type": {"name": "Medical Clinic"}, "plot_number": null, "operation_status": {"name": "Not-Operational"}, "number_of_beds": 0}, {"code": 10341, "location_desc": null, "official_name": "Ihururu Medical Clinic", "owner": {"name": "Private Practice - Nurse / Midwife"}, "keph_level": {"name": "Level 2"}, "ward": {"code": 466}, "number_of_cots": 0, "town": {"name": "ihururu"}, "name": "Ihururu Medical Clinic", "created": "2009-10-31T00:00:00+00:00", "regulatory_body": {"name": "Nursing Council of Kenya (Private Practice)"}, "facility_type": {"name": "Medical Clinic"}, "plot_number": null, "operation_status": {"name": "Operational"}, "number_of_beds": 0}, {"code": 10356, "location_desc": null, "official_name": "Itara Medical Clinic", "owner": {"name": "Private Practice - Nurse / Midwife"}, "keph_level": {"name": "Level 2"}, "ward": {"code": 489}, "number_of_cots": 0, "town": {"name": "gakinduini"}, "name": "Itara Medical Clinic", "created": "2009-10-31T00:00:00+00:00", "regulatory_body": {"name": "Nursing Council of Kenya (Private Practice)"}, "facility_type": {"name": "Medical Clinic"}, "plot_number": "100 gakindu", "operation_status": {"name": "Operational"}, "number_of_beds": 0}, {"code": 10483, "location_desc": null, "official_name": "Karangia Health Clinic", "owner": {"name": "Private Practice - Nurse / Midwife"}, "keph_level": {"name": "Level 2"}, "ward": {"code": 467}, "number_of_cots": 0, "town": {"name": "karangia"}, "name": "Karangia Health Clinic", "created": "2009-10-31T00:00:00+00:00", "regulatory_body": {"name": "Nursing Council of Kenya (Private Practice)"}, "facility_type": {"name": "Medical Clinic"}, "plot_number": null, "operation_status": {"name": "Operational"}, "number_of_beds": 0}, {"code": 10381, "location_desc": null, "official_name": "Joy Medical Clinic (Thunguma)", "owner": {"name": "Private Practice - Nurse / Midwife"}, "keph_level": {"name": "Level 2"}, "ward": {"code": 493}, "number_of_cots": 0, "town": {"name": "town centre"}, "name": "Joy Medical Clinic (Thunguma)", "created": "2009-10-31T00:00:00+00:00", "regulatory_body": {"name": "Nursing Council of Kenya (Private Practice)"}, "facility_type": {"name": "Medical Clinic"}, "plot_number": null, "operation_status": {"name": "Not-Operational"}, "number_of_beds": 0}, {"code": 11845, "location_desc": null, "official_name": "Tchamalo Medical Clinic", "owner": {"name": "Private Practice - Nurse / Midwife"}, "keph_level": {"name": "Level 2"}, "ward": {"code": 71}, "number_of_cots": 0, "town": {"name": "ganze"}, "name": "Tchamalo Medical Clinic", "created": "2009-10-31T00:00:00+00:00", "regulatory_body": {"name": "Nursing Council of Kenya (Private Practice)"}, "facility_type": {"name": "Medical Clinic"}, "plot_number": null, "operation_status": {"name": "Operational"}, "number_of_beds": 0}, {"code": 10535, "location_desc": null, "official_name": "Kiamariga Medical Clinic", "owner": {"name": "Private Practice - Nurse / Midwife"}, "keph_level": {"name": "Level 2"}, "ward": {"code": 474}, "number_of_cots": 0, "town": {"name": "kiamariga"}, "name": "Kiamariga Medical Clinic", "created": "2009-10-31T00:00:00+00:00", "regulatory_body": {"name": "Nursing Council of Kenya (Private Practice)"}, "facility_type": {"name": "Medical Clinic"}, "plot_number": null, "operation_status": {"name": "Operational"}, "number_of_beds": 0}, {"code": 10177, "location_desc": null, "official_name": "Faith Medical Clinic (Nyeri North)", "owner": {"name": "Private Practice - Nurse / Midwife"}, "keph_level": {"name": "Level 2"}, "ward": {"code": 469}, "number_of_cots": 0, "town": {"name": "mweiga"}, "name": "Faith Medical Clinic (Nyeri North)", "created": "2009-10-31T00:00:00+00:00", "regulatory_body": {"name": "Nursing Council of Kenya (Private Practice)"}, "facility_type": {"name": "Medical Clinic"}, "plot_number": null, "operation_status": {"name": "Operational"}, "number_of_beds": 0}, {"code": 10390, "location_desc": null, "official_name": "Kabiruini Health Clinic", "owner": {"name": "Private Practice - Nurse / Midwife"}, "keph_level": {"name": "Level 2"}, "ward": {"code": 474}, "number_of_cots": 0, "town": {"name": "ruguru"}, "name": "Kabiruini Health Clinic", "created": "2009-10-31T00:00:00+00:00", "regulatory_body": {"name": "Nursing Council of Kenya (Private Practice)"}, "facility_type": {"name": "Medical Clinic"}, "plot_number": null, "operation_status": {"name": "Operational"}, "number_of_beds": 0}, {"code": 10680, "location_desc": null, "official_name": "Manjo Health Clinic", "owner": {"name": "Private Practice - Nurse / Midwife"}, "keph_level": {"name": "Level 2"}, "ward": {"code": 489}, "number_of_cots": 0, "town": {"name": "gakindu"}, "name": "Manjo Health Clinic", "created": "2009-10-31T00:00:00+00:00", "regulatory_body": {"name": "Nursing Council of Kenya (Private Practice)"}, "facility_type": {"name": "Medical Clinic"}, "plot_number": null, "operation_status": {"name": "Operational"}, "number_of_beds": 0}, {"code": 11949, "location_desc": null, "official_name": "Bethwell Clinic", "owner": {"name": "Private Practice - Nurse / Midwife"}, "keph_level": {"name": "Level 2"}, "ward": {"code": 311}, "number_of_cots": 0, "town": {"name": "kiriari"}, "name": "Bethwell Clinic", "created": "2009-10-31T00:00:00+00:00", "regulatory_body": {"name": "Nursing Council of Kenya (Private Practice)"}, "facility_type": {"name": "Medical Clinic"}, "plot_number": null, "operation_status": {"name": "Not-Operational"}, "number_of_beds": 0}], "model": "facilities.Facility", "unique_fields": ["code"]}]