[{"records": [{"code": 10966, "location_desc": null, "official_name": "Royal Medical Clinic (Thika)", "owner": {"name": "Private Enterprise (Institution)"}, "keph_level": {"name": "Level 2"}, "ward": {"code": 565}, "number_of_cots": 0, "town": {"name": "thika"}, "name": "Royal Medical Clinic (Thika)", "created": "2009-10-31T00:00:00+00:00", "regulatory_body": {"name": "Kenya MPDB - Institution"}, "facility_type": {"name": "Medical Clinic"}, "plot_number": null, "operation_status": {"name": "Operational"}, "number_of_beds": 0}, {"code": 12868, "location_desc": "Mumias Road Buruburu Shopping Centre Behind Kenya National Library", "official_name": "Aga Khan University Hospital (Buruburu)", "owner": {"name": "Private Enterprise (Institution)"}, "keph_level": {"name": "Level 2"}, "ward": {"code": 1432}, "number_of_cots": 0, "town": {"name": "nairobi"}, "name": "Aga Khan University Hospital (Buruburu)", "created": "2009-10-31T00:00:00+00:00", "regulatory_body": {"name": "Kenya MPDB - Institution"}, "facility_type": {"name": "Dispensary"}, "plot_number": null, "operation_status": {"name": "Operational"}, "number_of_beds": 0}, {"code": 15494, "location_desc": null, "official_name": "Rongai First Medical Centre", "owner": {"name": "Private Enterprise (Institution)"}, "keph_level": {"name": "Level 2"}, "ward": {"code": 912}, "number_of_cots": 0, "town": {"name": "ongata rongai"}, "name": "Rongai First Medical Centre", "created": "2009-10-31T00:00:00+00:00", "regulatory_body": {"name": "Kenya MPDB - Institution"}, "facility_type": {"name": "Medical Clinic"}, "plot_number": null, "operation_status": {"name": "Operational"}, "number_of_beds": 0}, {"code": 16226, "location_desc": null, "official_name": "Kithoka Outreach Clinic", "owner": {"name": "Private Enterprise (Institution)"}, "keph_level": {"name": "Level 2"}, "ward": {"code": 279}, "number_of_cots": 0, "town": {"name": "meru"}, "name": "Kithoka Outreach Clinic", "created": "2009-10-31T00:00:00+00:00", "regulatory_body": {"name": "Kenya MPDB - Institution"}, "facility_type": {"name": "Medical Clinic"}, "plot_number": "b.o.m", "operation_status": {"name": "Operational"}, "number_of_beds": 0}, {"code": 16750, "location_desc": null, "official_name": "Trinity Clinic (Ruiru)", "owner": {"name": "Private Enterprise (Institution)"}, "keph_level": {"name": "Level 2"}, "ward": {"code": 561}, "number_of_cots": 0, "name": "Trinity Clinic (Ruiru)", "created": "2009-10-31T00:00:00+00:00", "regulatory_body": {"name": "Kenya MPDB - Institution"}, "facility_type": {"name": "Medical Clinic"}, "plot_number": null, "operation_status": {"name": "Operational"}, "number_of_beds": 0}, {"code": 10065, "location_desc": null, "official_name": "Bethsaida Clinic (Kirinyaga-Thiba)", "owner": {"name": "Private Enterprise (Institution)"}, "keph_level": {"name": "Level 2"}, "ward": {"code": 500}, "number_of_cots": 0, "town": {"name": "kimbimbi"}, "name": "Bethsaida Clinic (Kirinyaga-Thiba)", "created": "2009-10-31T00:00:00+00:00", "regulatory_body": {"name": "Kenya MPDB - Institution"}, "facility_type": {"name": "Medical Clinic"}, "plot_number": null, "operation_status": {"name": "Not-Operational"}, "number_of_beds": 0}, {"code": 10180, "location_desc": null, "official_name": "Family Health Clinic", "owner": {"name": "Private Enterprise (Institution)"}, "keph_level": {"name": "Level 2"}, "ward": {"code": 469}, "number_of_cots": 0, "town": {"name": "mweiga"}, "name": "Family Health Clinic", "created": "2009-10-31T00:00:00+00:00", "regulatory_body": {"name": "Kenya MPDB - Institution"}, "facility_type": {"name": "Medical Clinic"}, "plot_number": null, "operation_status": {"name": "Operational"}, "number_of_beds": 0}, {"code": 14266, "location_desc": null, "official_name": "Bonzina Medical Clinic", "owner": {"name": "Private Enterprise (Institution)"}, "keph_level": {"name": "Level 2"}, "ward": {"code": 913}, "number_of_cots": 0, "town": {"name": "ongata rongai"}, "name": "Bonzina Medical Clinic", "created": "2009-10-31T00:00:00+00:00", "regulatory_body": {"name": "Kenya MPDB - Institution"}, "facility_type": {"name": "Medical Clinic"}, "plot_number": null, "operation_status": {"name": "Operational"}, "number_of_beds": 0}, {"code": 16310, "location_desc": null, "official_name": "Mankind Medical Clinic", "owner": {"name": "Private Enterprise (Institution)"}, "keph_level": {"name": "Level 2"}, "ward": {"code": 215}, "number_of_cots": 0, "town": {"name": "mandera"}, "name": "Mankind Medical Clinic", "created": "2009-10-31T00:00:00+00:00", "regulatory_body": {"name": "Kenya MPDB - Institution"}, "facility_type": {"name": "Medical Clinic"}, "plot_number": null, "operation_status": {"name": "Not-Operational"}, "number_of_beds": 0}, {"code": 16309, "location_desc": null, "official_name": "Pioneer Medical Clinic (Mandera East)", "owner": {"name": "Private Enterprise (Institution)"}, "keph_level": {"name": "Level 2"}, "ward": {"code": 215}, "number_of_cots": 0, "town": {"name": "mandera"}, "name": "Pioneer Medical Clinic (Mandera East)", "created": "2009-10-31T00:00:00+00:00", "regulatory_body": {"name": "Kenya MPDB - Institution"}, "facility_type": {"name": "Medical Clinic"}, "plot_number": null, "operation_status": {"name": "Not-Operational"}, "number_of_beds": 0}, {"code": 16685, "location_desc": "Njoro - Molo road at Elburgon town at kaloleni", "official_name": "St James Medical Clinic", "owner": {"name": "Private Enterprise (Institution)"}, "keph_level": {"name": "Level 2"}, "ward": {"code": 827}, "number_of_cots": 0, "town": {"name": "elburgon"}, "name": "St James Medical Clinic", "created": "2009-10-31T00:00:00+00:00", "regulatory_body": {"name": "Kenya MPDB - Institution"}, "facility_type": {"name": "Medical Clinic"}, "plot_number": "2 kaloleni", "operation_status": {"name": "Operational"}, "number_of_beds": 0}, {"code": 13508, "location_desc": null, "official_name": "Bondo Medical clinic  ", "owner": {"name": "Private Enterprise (Institution)"}, "keph_level": {"name": "Level 2"}, "ward": {"code": 1180}, "number_of_cots": 0, "town": {"name": "bondo"}, "name": "Bondo Medical Clinic", "created": "2009-10-31T00:00:00+00:00", "regulatory_body": {"name": "Kenya MPDB - Institution"}, "facility_type": {"name": "Medical Clinic"}, "plot_number": null, "operation_status": {"name": "Operational"}, "number_of_beds": 10}, {"code": 10955, "location_desc": null, "official_name": "Redland Roses Ltd Clinic", "owner": {"name": "Private Enterprise (Institution)"}, "keph_level": {"name": "Level 2"}, "ward": {"code": 569}, "number_of_cots": 0, "town": {"name": "ruiru"}, "name": "Redland Roses Ltd Clinic", "created": "2009-10-31T00:00:00+00:00", "regulatory_body": {"name": "Kenya MPDB - Institution"}, "facility_type": {"name": "Medical Clinic"}, "plot_number": null, "operation_status": {"name": "Operational"}, "number_of_beds": 0}, {"code": 10178, "location_desc": "Along Ruiru Kwihota Road adjacent to Kwihota Catholic Church.", "official_name": "Family Care Medical Clinic", "owner": {"name": "Private Practice - Nurse / Midwife"}, "keph_level": {"name": "Level 2"}, "ward": {"code": 571}, "number_of_cots": 0, "town": {"name": "kimbo town"}, "name": "Family Care Medical Clinic", "created": "2009-10-31T00:00:00+00:00", "regulatory_body": {"name": "Nursing Council of Kenya (Private Practice)"}, "facility_type": {"name": "Medical Clinic"}, "plot_number": "4241 ruiru east block 2", "operation_status": {"name": "Operational"}, "number_of_beds": 0}, {"code": 14402, "location_desc": "Molo Town", "official_name": "Dentomed Clinic", "owner": {"name": "Private Enterprise (Institution)"}, "keph_level": {"name": "Level 2"}, "ward": {"code": 855}, "number_of_cots": 0, "town": {"name": "molo"}, "name": "Dentomed Clinic", "created": "2009-10-31T00:00:00+00:00", "regulatory_body": {"name": "Kenya MPDB - Institution"}, "facility_type": {"name": "Medical Clinic"}, "plot_number": null, "operation_status": {"name": "Operational"}, "number_of_beds": 0}, {"code": 11188, "location_desc": null, "official_name": "Wote Clinic", "owner": {"name": "Private Enterprise (Institution)"}, "keph_level": {"name": "Level 2"}, "ward": {"code": 565}, "number_of_cots": 0, "name": "Wote Clinic", "created": "2009-10-31T00:00:00+00:00", "regulatory_body": {"name": "Kenya MPDB - Institution"}, "facility_type": {"name": "Medical Clinic"}, "plot_number": null, "operation_status": {"name": "Operational"}, "number_of_beds": 0}, {"code": 16757, "location_desc": null, "official_name": "Penta Flowers Clinic", "owner": {"name": "Private Enterprise (Institution)"}, "keph_level": {"name": "Level 2"}, "ward": {"code": 561}, "number_of_cots": 0, "name": "Penta Flowers Clinic", "created": "2009-10-31T00:00:00+00:00", "regulatory_body": {"name": "Kenya MPDB - Institution"}, "facility_type": {"name": "Medical Clinic"}, "plot_number": null, "operation_status": {"name": "Operational"}, "number_of_beds": 0}, {"code": 16758, "location_desc": null, "official_name": "Queen of Peace Clinic", "owner": {"name": "Private Enterprise (Institution)"}, "keph_level": {"name": "Level 2"}, "ward": {"code": 560}, "number_of_cots": 0, "name": "Queen of Peace Clinic", "created": "2009-10-31T00:00:00+00:00", "regulatory_body": {"name": "Kenya MPDB - Institution"}, "facility_type": {"name": "Medical Clinic"}, "plot_number": null, "operation_status": {"name": "Operational"}, "number_of_beds": 0}, {"code": 10135, "location_desc": null, "official_name": "Dr Maina", "owner": {"name": "Private Enterprise (Institution)"}, "keph_level": {"name": "Level 2"}, "ward": {"code": 565}, "number_of_cots": 0, "town": {"name": "thika"}, "name": "Dr Maina", "created": "2009-10-31T00:00:00+00:00", "regulatory_body": {"name": "Kenya MPDB - Institution"}, "facility_type": {"name": "Medical Clinic"}, "plot_number": null, "operation_status": {"name": "Operational"}, "number_of_beds": 0}, {"code": 11000, "location_desc": null, "official_name": "Sawa Medical Consultants", "owner": {"name": "Private Enterprise (Institution)"}, "keph_level": {"name": "Level 2"}, "ward": {"code": 564}, "number_of_cots": 0, "town": {"name": "thika"}, "name": "Sawa Medical Consultants", "created": "2009-10-31T00:00:00+00:00", "regulatory_body": {"name": "Kenya MPDB - Institution"}, "facility_type": {"name": "Medical Clinic"}, "plot_number": null, "operation_status": {"name": "Operational"}, "number_of_beds": 0}, {"code": 10964, "location_desc": null, "official_name": "Rospa Glory Clinic", "owner": {"name": "Private Enterprise (Institution)"}, "keph_level": {"name": "Level 2"}, "ward": {"code": 502}, "number_of_cots": 0, "town": {"name": "wanguru"}, "name": "Rospa Glory Clinic", "created": "2009-10-31T00:00:00+00:00", "regulatory_body": {"name": "Kenya MPDB - Institution"}, "facility_type": {"name": "Medical Clinic"}, "plot_number": null, "operation_status": {"name": "Not-Operational"}, "number_of_beds": 0}, {"code": 16746, "location_desc": null, "official_name": "Mercy Afya  Clinic", "owner": {"name": "Private Enterprise (Institution)"}, "keph_level": {"name": "Level 2"}, "ward": {"code": 545}, "number_of_cots": 0, "name": "Mercy Afya Clinic", "created": "2009-10-31T00:00:00+00:00", "regulatory_body": {"name": "Kenya MPDB - Institution"}, "facility_type": {"name": "Medical Clinic"}, "plot_number": null, "operation_status": {"name": "Operational"}, "number_of_beds": 0}, {"code": 12060, "location_desc": "Along Meru Nkubu highway", "official_name": "Highway Medical Clinic", "owner": {"name": "Private Enterprise (Institution)"}, "keph_level": {"name": "Level 2"}, "ward": {"code": 286}, "number_of_cots": 0, "town": {"name": "kariene market"}, "name": "Highway Medical Clinic", "created": "2009-10-31T00:00:00+00:00", "regulatory_body": {"name": "Kenya MPDB - Institution"}, "facility_type": {"name": "Medical Clinic"}, "plot_number": null, "operation_status": {"name": "Operational"}, "number_of_beds": 0}, {"code": 16747, "location_desc": null, "official_name": "Ithanga Medical Clinic", "owner": {"name": "Private Enterprise (Institution)"}, "keph_level": {"name": "Level 2"}, "ward": {"code": 545}, "number_of_cots": 0, "name": "Ithanga Medical Clinic", "created": "2009-10-31T00:00:00+00:00", "regulatory_body": {"name": "Kenya MPDB - Institution"}, "facility_type": {"name": "Medical Clinic"}, "plot_number": null, "operation_status": {"name": "Operational"}, "number_of_beds": 0}, {"code": 11110, "location_desc": null, "official_name": "Trans-Saharan Medical Clinic", "owner": {"name": "Private Enterprise (Institution)"}, "keph_level": {"name": "Level 2"}, "ward": {"code": 565}, "number_of_cots": 0, "name": "Trans-Saharan Medical Clinic", "created": "2009-10-31T00:00:00+00:00", "regulatory_body": {"name": "Kenya MPDB - Institution"}, "facility_type": {"name": "Medical Clinic"}, "plot_number": null, "operation_status": {"name": "Operational"}, "number_of_beds": 0}, {"code": 13555, "location_desc": null, "official_name": "Framo Medical Clinic", "owner": {"name": "Private Enterprise (Institution)"}, "keph_level": {"name": "Level 2"}, "ward": {"code": 1326}, "number_of_cots": 0, "town": {"name": "keroka"}, "name": "Framo Medical Clinic", "created": "2009-10-31T00:00:00+00:00", "regulatory_body": {"name": "Kenya MPDB - Institution"}, "facility_type": {"name": "Medical Clinic"}, "plot_number": null, "operation_status": {"name": "Operational"}, "number_of_beds": 2}, {"code": 16264, "location_desc": null, "official_name": "Omwabo Medical Clinic", "owner": {"name": "Private Enterprise (Institution)"}, "keph_level": {"name": "Level 2"}, "ward": {"code": 1346}, "number_of_cots": 0, "town": {"name": "bochari"}, "name": "Omwabo Medical Clinic", "created": "2009-10-31T00:00:00+00:00", "regulatory_body": {"name": "Kenya MPDB - Institution"}, "facility_type": {"name": "Medical Clinic"}, "plot_number": null, "operation_status": {"name": "Operational"}, "number_of_beds": 2}, {"code": 13605, "location_desc": null, "official_name": "Homa Clinic", "owner": {"name": "Private Enterprise (Institution)"}, "keph_level": {"name": "Level 2"}, "ward": {"code": 1241}, "number_of_cots": 0, "town": {"name": "homa-bay"}, "name": "Homa Clinic", "created": "2009-10-31T00:00:00+00:00", "regulatory_body": {"name": "Kenya MPDB - Institution"}, "facility_type": {"name": "Medical Clinic"}, "plot_number": null, "operation_status": {"name": "Operational"}, "number_of_beds": 0}, {"code": 16596, "location_desc": null, "official_name": "Marble Medical Laboratory", "owner": {"name": "Private Enterprise (Institution)"}, "keph_level": {"name": "Level 2"}, "ward": {"code": 276}, "number_of_cots": 0, "town": {"name": "meru"}, "name": "Marble Medical Laboratory", "created": "2009-10-31T00:00:00+00:00", "regulatory_body": {"name": "Kenya MPDB - Institution"}, "facility_type": {"name": "Medical Clinic"}, "plot_number": "b11/168", "operation_status": {"name": "Operational"}, "number_of_beds": 0}, {"code": 16561, "location_desc": "Located within Timau Town near Timau Post Office", "official_name": "Diplomat Clinic", "owner": {"name": "Private Enterprise (Institution)"}, "keph_level": {"name": "Level 2"}, "ward": {"code": 281}, "number_of_cots": 0, "town": {"name": "timau"}, "name": "Diplomat Clinic", "created": "2009-10-31T00:00:00+00:00", "regulatory_body": {"name": "Kenya MPDB - Institution"}, "facility_type": {"name": "Medical Clinic"}, "plot_number": null, "operation_status": {"name": "Operational"}, "number_of_beds": 0}, {"code": 16622, "location_desc": null, "official_name": "New Southlands Med Clinic", "owner": {"name": "Private Enterprise (Institution)"}, "keph_level": {"name": "Level 2"}, "ward": {"code": 276}, "number_of_cots": 0, "town": {"name": "meru"}, "name": "New Southlands Med Clinic", "created": "2009-10-31T00:00:00+00:00", "regulatory_body": {"name": "Kenya MPDB - Institution"}, "facility_type": {"name": "Medical Clinic"}, "plot_number": "b11/29", "operation_status": {"name": "Operational"}, "number_of_beds": 0}, {"code": 16621, "location_desc": null, "official_name": "New Southlands Laboratory", "owner": {"name": "Private Enterprise (Institution)"}, "keph_level": {"name": "Level 2"}, "ward": {"code": 276}, "number_of_cots": 0, "town": {"name": "meru"}, "name": "New Southlands Laboratory", "created": "2009-10-31T00:00:00+00:00", "regulatory_body": {"name": "Kenya MPDB - Institution"}, "facility_type": {"name": "Medical Clinic"}, "plot_number": "b11/29", "operation_status": {"name": "Operational"}, "number_of_beds": 0}, {"code": 16620, "location_desc": null, "official_name": "New Avenue Medical Clinic", "owner": {"name": "Private Enterprise (Institution)"}, "keph_level": {"name": "Level 2"}, "ward": {"code": 277}, "number_of_cots": 0, "town": {"name": "meru"}, "name": "New Avenue Medical Clinic", "created": "2009-10-31T00:00:00+00:00", "regulatory_body": {"name": "Kenya MPDB - Institution"}, "facility_type": {"name": "Medical Clinic"}, "plot_number": "815n/i", "operation_status": {"name": "Operational"}, "number_of_beds": 0}, {"code": 11148, "location_desc": null, "official_name": "Viewpoint Clinic", "owner": {"name": "Private Enterprise (Institution)"}, "keph_level": {"name": "Level 2"}, "ward": {"code": 549}, "number_of_cots": 0, "name": "Viewpoint Clinic", "created": "2009-10-31T00:00:00+00:00", "regulatory_body": {"name": "Kenya MPDB - Institution"}, "facility_type": {"name": "Medical Clinic"}, "plot_number": null, "operation_status": {"name": "Operational"}, "number_of_beds": 0}, {"code": 16619, "location_desc": null, "official_name": "Nehema Medical Lab", "owner": {"name": "Private Enterprise (Institution)"}, "keph_level": {"name": "Level 2"}, "ward": {"code": 276}, "number_of_cots": 0, "town": {"name": "meru"}, "name": "Nehema Medical Lab", "created": "2009-10-31T00:00:00+00:00", "regulatory_body": {"name": "Kenya MPDB - Institution"}, "facility_type": {"name": "Medical Clinic"}, "plot_number": "b11/80", "operation_status": {"name": "Operational"}, "number_of_beds": 0}, {"code": 16618, "location_desc": null, "official_name": "Nehema Medical Clinic", "owner": {"name": "Private Enterprise (Institution)"}, "keph_level": {"name": "Level 2"}, "ward": {"code": 276}, "number_of_cots": 0, "town": {"name": "meru"}, "name": "Nehema Medical Clinic", "created": "2009-10-31T00:00:00+00:00", "regulatory_body": {"name": "Kenya MPDB - Institution"}, "facility_type": {"name": "Medical Clinic"}, "plot_number": "b11/80", "operation_status": {"name": "Operational"}, "number_of_beds": 0}, {"code": 16624, "location_desc": null, "official_name": "Ntima Medical Clinic", "owner": {"name": "Private Enterprise (Institution)"}, "keph_level": {"name": "Level 2"}, "ward": {"code": 277}, "number_of_cots": 0, "town": {"name": "meru"}, "name": "Ntima Medical Clinic", "created": "2009-10-31T00:00:00+00:00", "regulatory_body": {"name": "Kenya MPDB - Institution"}, "facility_type": {"name": "Medical Clinic"}, "plot_number": "gak.38", "operation_status": {"name": "Operational"}, "number_of_beds": 0}, {"code": 13501, "location_desc": "Rodi market", "official_name": "Benrose Clinic", "owner": {"name": "Private Enterprise (Institution)"}, "keph_level": {"name": "Level 2"}, "ward": {"code": 1241}, "number_of_cots": 0, "town": {"name": "rodi kopany"}, "name": "Benrose Clinic", "created": "2009-10-31T00:00:00+00:00", "regulatory_body": {"name": "Kenya MPDB - Institution"}, "facility_type": {"name": "Medical Clinic"}, "plot_number": null, "operation_status": {"name": "Operational"}, "number_of_beds": 0}, {"code": 12221, "location_desc": null, "official_name": "Kathande Medical Clinic", "owner": {"name": "Private Enterprise (Institution)"}, "keph_level": {"name": "Level 2"}, "ward": {"code": 311}, "number_of_cots": 0, "town": {"name": "kianjokoma"}, "name": "Kathande Medical Clinic", "created": "2009-10-31T00:00:00+00:00", "regulatory_body": {"name": "Kenya MPDB - Institution"}, "facility_type": {"name": "Medical Clinic"}, "plot_number": null, "operation_status": {"name": "Operational"}, "number_of_beds": 0}, {"code": 16631, "location_desc": null, "official_name": "Pr Medical Clinic (Ngushishi)", "owner": {"name": "Private Enterprise (Institution)"}, "keph_level": {"name": "Level 2"}, "ward": {"code": 282}, "number_of_cots": 0, "name": "Pr Medical Clinic (Ngushishi)", "created": "2009-10-31T00:00:00+00:00", "regulatory_body": {"name": "Kenya MPDB - Institution"}, "facility_type": {"name": "Medical Clinic"}, "plot_number": null, "operation_status": {"name": "Unknown"}, "number_of_beds": 0}, {"code": 16602, "location_desc": null, "official_name": "Meru Dental Services", "owner": {"name": "Private Enterprise (Institution)"}, "keph_level": {"name": "Level 2"}, "ward": {"code": 276}, "number_of_cots": 0, "town": {"name": "meru"}, "name": "Meru Dental Services", "created": "2009-10-31T00:00:00+00:00", "regulatory_body": {"name": "Kenya MPDB - Institution"}, "facility_type": {"name": "Medical Clinic"}, "plot_number": "b11/80", "operation_status": {"name": "Operational"}, "number_of_beds": 0}, {"code": 16615, "location_desc": null, "official_name": "Mutindwa Laboratory", "owner": {"name": "Private Enterprise (Institution)"}, "keph_level": {"name": "Level 2"}, "ward": {"code": 276}, "number_of_cots": 0, "town": {"name": "meru"}, "name": "Mutindwa Laboratory", "created": "2009-10-31T00:00:00+00:00", "regulatory_body": {"name": "Kenya MPDB - Institution"}, "facility_type": {"name": "Medical Clinic"}, "plot_number": "b11/23", "operation_status": {"name": "Operational"}, "number_of_beds": 0}, {"code": 16591, "location_desc": null, "official_name": "Kiramburune Medical Clinic", "owner": {"name": "Private Enterprise (Institution)"}, "keph_level": {"name": "Level 2"}, "ward": {"code": 277}, "number_of_cots": 0, "town": {"name": "meru"}, "name": "Kiramburune Medical Clinic", "created": "2009-10-31T00:00:00+00:00", "regulatory_body": {"name": "Kenya MPDB - Institution"}, "facility_type": {"name": "Medical Clinic"}, "plot_number": "301", "operation_status": {"name": "Operational"}, "number_of_beds": 0}, {"code": 16592, "location_desc": null, "official_name": "Kirogine Medical Clinic", "owner": {"name": "Private Enterprise (Institution)"}, "keph_level": {"name": "Level 2"}, "ward": {"code": 278}, "number_of_cots": 0, "town": {"name": "meru"}, "name": "Kirogine Medical Clinic", "created": "2009-10-31T00:00:00+00:00", "regulatory_body": {"name": "Kenya MPDB - Institution"}, "facility_type": {"name": "Medical Clinic"}, "plot_number": "14nntakira", "operation_status": {"name": "Operational"}, "number_of_beds": 0}, {"code": 16593, "location_desc": null, "official_name": "Lily Clinic", "owner": {"name": "Private Enterprise (Institution)"}, "keph_level": {"name": "Level 2"}, "ward": {"code": 215}, "number_of_cots": 0, "town": {"name": "meru"}, "name": "Lily Clinic", "created": "2009-10-31T00:00:00+00:00", "regulatory_body": {"name": "Kenya MPDB - Institution"}, "facility_type": {"name": "Medical Clinic"}, "plot_number": "839 n/igoki", "operation_status": {"name": "Operational"}, "number_of_beds": 0}, {"code": 16594, "location_desc": null, "official_name": "Makutano Medical Clinic/Lab", "owner": {"name": "Private Enterprise (Institution)"}, "keph_level": {"name": "Level 2"}, "ward": {"code": 276}, "number_of_cots": 0, "town": {"name": "meru"}, "name": "Makutano Medical Clinic/Lab", "created": "2009-10-31T00:00:00+00:00", "regulatory_body": {"name": "Kenya MPDB - Institution"}, "facility_type": {"name": "Medical Clinic"}, "plot_number": "788", "operation_status": {"name": "Operational"}, "number_of_beds": 0}, {"code": 16308, "location_desc": null, "official_name": "Amal Medical Clinic", "owner": {"name": "Private Enterprise (Institution)"}, "keph_level": {"name": "Level 2"}, "ward": {"code": 215}, "number_of_cots": 0, "town": {"name": "mandera"}, "name": "Amal Medical Clinic", "created": "2009-10-31T00:00:00+00:00", "regulatory_body": {"name": "Kenya MPDB - Institution"}, "facility_type": {"name": "Medical Clinic"}, "plot_number": null, "operation_status": {"name": "Operational"}, "number_of_beds": 0}, {"code": 16635, "location_desc": null, "official_name": "Town Clinic Laboratory", "owner": {"name": "Private Enterprise (Institution)"}, "keph_level": {"name": "Level 2"}, "ward": {"code": 282}, "number_of_cots": 0, "town": {"name": "meru"}, "name": "Town Clinic Laboratory", "created": "2009-10-31T00:00:00+00:00", "regulatory_body": {"name": "Kenya MPDB - Institution"}, "facility_type": {"name": "Medical Clinic"}, "plot_number": "b11/19", "operation_status": {"name": "Operational"}, "number_of_beds": 0}, {"code": 16641, "location_desc": null, "official_name": "Wananchi Health Services", "owner": {"name": "Private Enterprise (Institution)"}, "keph_level": {"name": "Level 2"}, "ward": {"code": 276}, "number_of_cots": 0, "town": {"name": "meru"}, "name": "Wananchi Health Services", "created": "2009-10-31T00:00:00+00:00", "regulatory_body": {"name": "Kenya MPDB - Private Practice"}, "facility_type": {"name": "Medical Clinic"}, "plot_number": "b11/81", "operation_status": {"name": "Operational"}, "number_of_beds": 0}, {"code": 16305, "location_desc": null, "official_name": "Tawakal Medical Clinic (Mandera East)", "owner": {"name": "Private Enterprise (Institution)"}, "keph_level": {"name": "Level 2"}, "ward": {"code": 212}, "number_of_cots": 0, "town": {"name": "mandera"}, "name": "Tawakal Medical Clinic (Mandera East)", "created": "2009-10-31T00:00:00+00:00", "regulatory_body": {"name": "Kenya MPDB - Institution"}, "facility_type": {"name": "Medical Clinic"}, "plot_number": null, "operation_status": {"name": "Operational"}, "number_of_beds": 0}, {"code": 10205, "location_desc": null, "official_name": "Garrissa Highway Medical Clinic", "owner": {"name": "Private Enterprise (Institution)"}, "keph_level": {"name": "Level 2"}, "ward": {"code": 565}, "number_of_cots": 0, "name": "Garrissa Highway Medical Clinic", "created": "2009-10-31T00:00:00+00:00", "regulatory_body": {"name": "Kenya MPDB - Institution"}, "facility_type": {"name": "Medical Clinic"}, "plot_number": null, "operation_status": {"name": "Operational"}, "number_of_beds": 0}, {"code": 16304, "location_desc": null, "official_name": "Sunrise Medical Clinic (Mandera East)", "owner": {"name": "Private Enterprise (Institution)"}, "keph_level": {"name": "Level 2"}, "ward": {"code": 212}, "number_of_cots": 0, "town": {"name": "mandera"}, "name": "Sunrise Medical Clinic (Mandera East)", "created": "2009-10-31T00:00:00+00:00", "regulatory_body": {"name": "Kenya MPDB - Institution"}, "facility_type": {"name": "Medical Clinic"}, "plot_number": null, "operation_status": {"name": "Operational"}, "number_of_beds": 0}, {"code": 12106, "location_desc": null, "official_name": "Jambu Medical Clinic", "owner": {"name": "Private Enterprise (Institution)"}, "keph_level": {"name": "Level 2"}, "ward": {"code": 294}, "number_of_cots": 0, "town": {"name": "igoji mkt"}, "name": "Jambu Medical Clinic", "created": "2009-10-31T00:00:00+00:00", "regulatory_body": {"name": "Kenya MPDB - Institution"}, "facility_type": {"name": "Medical Clinic"}, "plot_number": null, "operation_status": {"name": "Operational"}, "number_of_beds": 0}, {"code": 16642, "location_desc": null, "official_name": "Wananchi Health Services Laboratory", "owner": {"name": "Private Enterprise (Institution)"}, "keph_level": {"name": "Level 2"}, "ward": {"code": 276}, "number_of_cots": 0, "town": {"name": "meru"}, "name": "Wananchi Health Services Laboratory", "created": "2009-10-31T00:00:00+00:00", "regulatory_body": {"name": "Kenya MPDB - Institution"}, "facility_type": {"name": "Medical Clinic"}, "plot_number": "b11/81", "operation_status": {"name": "Operational"}, "number_of_beds": 0}, {"code": 16623, "location_desc": null, "official_name": "Nica Kaunjira Dispensary", "owner": {"name": "Private Enterprise (Institution)"}, "keph_level": {"name": "Level 2"}, "ward": {"code": 278}, "number_of_cots": 0, "town": {"name": "meru"}, "name": "Nica Kaunjira Dispensary", "created": "2009-10-31T00:00:00+00:00", "regulatory_body": {"name": "Kenya MPDB - Institution"}, "facility_type": {"name": "Medical Clinic"}, "plot_number": null, "operation_status": {"name": "Operational"}, "number_of_beds": 0}, {"code": 10293, "location_desc": null, "official_name": "Good Health Medical Clinic", "owner": {"name": "Private Enterprise (Institution)"}, "keph_level": {"name": "Level 2"}, "ward": {"code": 574}, "number_of_cots": 0, "name": "Good Health Medical Clinic", "created": "2009-10-31T00:00:00+00:00", "regulatory_body": {"name": "Kenya MPDB - Institution"}, "facility_type": {"name": "Medical Clinic"}, "plot_number": null, "operation_status": {"name": "Operational"}, "number_of_beds": 0}, {"code": 16597, "location_desc": null, "official_name": "Mayo Medical Clinic ", "owner": {"name": "Private Enterprise (Institution)"}, "keph_level": {"name": "Level 2"}, "ward": {"code": 276}, "number_of_cots": 0, "town": {"name": "meru"}, "name": "Mayo Medical Clinic", "created": "2009-10-31T00:00:00+00:00", "regulatory_body": {"name": "Kenya MPDB - Institution"}, "facility_type": {"name": "Medical Clinic"}, "plot_number": "b11/181", "operation_status": {"name": "Operational"}, "number_of_beds": 0}, {"code": 16640, "location_desc": null, "official_name": "Upendo Medical Laboratory ", "owner": {"name": "Private Enterprise (Institution)"}, "keph_level": {"name": "Level 2"}, "ward": {"code": 277}, "number_of_cots": 0, "town": {"name": "meru"}, "name": "Upendo Medical Laboratory", "created": "2009-10-31T00:00:00+00:00", "regulatory_body": {"name": "Kenya MPDB - Institution"}, "facility_type": {"name": "Medical Clinic"}, "plot_number": "b11/152", "operation_status": {"name": "Operational"}, "number_of_beds": 0}, {"code": 16639, "location_desc": null, "official_name": "Tumaini Medical Clinic Laboratory", "owner": {"name": "Private Enterprise (Institution)"}, "keph_level": {"name": "Level 2"}, "ward": {"code": 277}, "number_of_cots": 0, "town": {"name": "meru"}, "name": "Tumaini Medical Clinic Laboratory", "created": "2009-10-31T00:00:00+00:00", "regulatory_body": {"name": "Kenya MPDB - Institution"}, "facility_type": {"name": "Medical Clinic"}, "plot_number": "2082/nt1", "operation_status": {"name": "Operational"}, "number_of_beds": 0}, {"code": 11193, "location_desc": null, "official_name": "Zena Roses Clinic", "owner": {"name": "Private Enterprise (Institution)"}, "keph_level": {"name": "Level 2"}, "ward": {"code": 547}, "number_of_cots": 0, "name": "Zena Roses Clinic", "created": "2009-10-31T00:00:00+00:00", "regulatory_body": {"name": "Kenya MPDB - Institution"}, "facility_type": {"name": "Medical Clinic"}, "plot_number": null, "operation_status": {"name": "Operational"}, "number_of_beds": 0}, {"code": 16637, "location_desc": null, "official_name": "Tumaini Medial Clinic (Miriga Mieru West)", "owner": {"name": "Private Enterprise (Institution)"}, "keph_level": {"name": "Level 2"}, "ward": {"code": 277}, "number_of_cots": 0, "town": {"name": "meru"}, "name": "Tumaini Medial Clinic (Miriga Mieru West)", "created": "2009-10-31T00:00:00+00:00", "regulatory_body": {"name": "Kenya MPDB - Institution"}, "facility_type": {"name": "Medical Clinic"}, "plot_number": "n/14031", "operation_status": {"name": "Operational"}, "number_of_beds": 0}, {"code": 16633, "location_desc": null, "official_name": "Snowview Medical Clinic", "owner": {"name": "Private Enterprise (Institution)"}, "keph_level": {"name": "Level 2"}, "ward": {"code": 281}, "number_of_cots": 0, "name": "Snowview Medical Clinic", "created": "2009-10-31T00:00:00+00:00", "regulatory_body": {"name": "Kenya MPDB - Institution"}, "facility_type": {"name": "Medical Clinic"}, "plot_number": null, "operation_status": {"name": "Unknown"}, "number_of_beds": 0}, {"code": 16636, "location_desc": null, "official_name": "Town Medical Clinic", "owner": {"name": "Private Enterprise (Institution)"}, "keph_level": {"name": "Level 2"}, "ward": {"code": 276}, "number_of_cots": 0, "town": {"name": "meru"}, "name": "Town Medical Clinic", "created": "2009-10-31T00:00:00+00:00", "regulatory_body": {"name": "Kenya MPDB - Institution"}, "facility_type": {"name": "Medical Clinic"}, "plot_number": "b11/106", "operation_status": {"name": "Operational"}, "number_of_beds": 0}, {"code": 16629, "location_desc": null, "official_name": "Posland Medical Clinic ", "owner": {"name": "Private Enterprise (Institution)"}, "keph_level": {"name": "Level 2"}, "ward": {"code": 277}, "number_of_cots": 0, "town": {"name": "meru"}, "name": "Posland Medical Clinic", "created": "2009-10-31T00:00:00+00:00", "regulatory_body": {"name": "Kenya MPDB - Institution"}, "facility_type": {"name": "Medical Clinic"}, "plot_number": "b11/685", "operation_status": {"name": "Operational"}, "number_of_beds": 0}, {"code": 16626, "location_desc": null, "official_name": "Optician Clinic", "owner": {"name": "Private Enterprise (Institution)"}, "keph_level": {"name": "Level 2"}, "ward": {"code": 276}, "number_of_cots": 0, "town": {"name": "meru"}, "name": "Optician Clinic", "created": "2009-10-31T00:00:00+00:00", "regulatory_body": {"name": "Kenya MPDB - Institution"}, "facility_type": {"name": "Medical Clinic"}, "plot_number": "b11/78", "operation_status": {"name": "Operational"}, "number_of_beds": 0}, {"code": 16556, "location_desc": null, "official_name": "Afya Medical clinic", "owner": {"name": "Private Enterprise (Institution)"}, "keph_level": {"name": "Level 2"}, "ward": {"code": 289}, "number_of_cots": 0, "name": "Afya Medical Clinic", "created": "2009-10-31T00:00:00+00:00", "regulatory_body": {"name": "Kenya MPDB - Institution"}, "facility_type": {"name": "Medical Clinic"}, "plot_number": null, "operation_status": {"name": "Operational"}, "number_of_beds": 0}, {"code": 16570, "location_desc": null, "official_name": "Gakoromone Medical Clinic", "owner": {"name": "Private Enterprise (Institution)"}, "keph_level": {"name": "Level 2"}, "ward": {"code": 277}, "number_of_cots": 0, "town": {"name": "meru"}, "name": "Gakoromone Medical Clinic", "created": "2009-10-31T00:00:00+00:00", "regulatory_body": {"name": "Kenya MPDB - Institution"}, "facility_type": {"name": "Medical Clinic"}, "plot_number": "1884", "operation_status": {"name": "Operational"}, "number_of_beds": 0}, {"code": 16595, "location_desc": null, "official_name": "Marble Clinic", "owner": {"name": "Private Enterprise (Institution)"}, "keph_level": {"name": "Level 2"}, "ward": {"code": 276}, "number_of_cots": 0, "town": {"name": "meru"}, "name": "Marble Clinic", "created": "2009-10-31T00:00:00+00:00", "regulatory_body": {"name": "Kenya MPDB - Institution"}, "facility_type": {"name": "Medical Clinic"}, "plot_number": "b11/168", "operation_status": {"name": "Operational"}, "number_of_beds": 0}, {"code": 16562, "location_desc": null, "official_name": "Dorjos Health Services", "owner": {"name": "Private Enterprise (Institution)"}, "keph_level": {"name": "Level 2"}, "ward": {"code": 276}, "number_of_cots": 0, "town": {"name": "meru"}, "name": "Dorjos Health Services", "created": "2009-10-31T00:00:00+00:00", "regulatory_body": {"name": "Kenya MPDB - Institution"}, "facility_type": {"name": "Medical Clinic"}, "plot_number": "b11/148", "operation_status": {"name": "Operational"}, "number_of_beds": 0}, {"code": 16563, "location_desc": null, "official_name": "Dorjos Laboratory", "owner": {"name": "Private Enterprise (Institution)"}, "keph_level": {"name": "Level 2"}, "ward": {"code": 215}, "number_of_cots": 0, "town": {"name": "meru"}, "name": "Dorjos Laboratory", "created": "2009-10-31T00:00:00+00:00", "regulatory_body": {"name": "Kenya MPDB - Institution"}, "facility_type": {"name": "Laboratory (Stand-alone)"}, "plot_number": "b11/148", "operation_status": {"name": "Operational"}, "number_of_beds": 0}, {"code": 16564, "location_desc": null, "official_name": "Dr. Kiomes clinic", "owner": {"name": "Private Practice - Unspecified"}, "keph_level": {"name": "Level 2"}, "ward": {"code": 276}, "number_of_cots": 0, "town": {"name": "meru"}, "name": "Dr Kiomes Clinic", "created": "2009-10-31T00:00:00+00:00", "regulatory_body": {"name": "Other"}, "facility_type": {"name": "Medical Clinic"}, "plot_number": "b11/80", "operation_status": {"name": "Operational"}, "number_of_beds": 0}, {"code": 16565, "location_desc": null, "official_name": "Dr. Ngatia's Clinic", "owner": {"name": "Private Practice - Unspecified"}, "keph_level": {"name": "Level 2"}, "ward": {"code": 276}, "number_of_cots": 0, "town": {"name": "meru"}, "name": "Dr Ngatia's Clinic", "created": "2009-10-31T00:00:00+00:00", "regulatory_body": {"name": "Other"}, "facility_type": {"name": "Medical Clinic"}, "plot_number": "b11/29", "operation_status": {"name": "Operational"}, "number_of_beds": 0}, {"code": 16567, "location_desc": null, "official_name": "Eastern Consultans Laboratory", "owner": {"name": "Private Enterprise (Institution)"}, "keph_level": {"name": "Level 2"}, "ward": {"code": 276}, "number_of_cots": 0, "town": {"name": "meru"}, "name": "Eastern Consultans Laboratory", "created": "2009-10-31T00:00:00+00:00", "regulatory_body": {"name": "Kenya MPDB - Institution"}, "facility_type": {"name": "Medical Clinic"}, "plot_number": "b11/130", "operation_status": {"name": "Operational"}, "number_of_beds": 0}, {"code": 16568, "location_desc": null, "official_name": "Eastern Medical Consultants", "owner": {"name": "Private Enterprise (Institution)"}, "keph_level": {"name": "Level 2"}, "ward": {"code": 276}, "number_of_cots": 0, "town": {"name": "meru"}, "name": "Eastern Medical Consultants", "created": "2009-10-31T00:00:00+00:00", "regulatory_body": {"name": "Kenya MPDB - Institution"}, "facility_type": {"name": "Medical Clinic"}, "plot_number": "b11/130", "operation_status": {"name": "Operational"}, "number_of_beds": 0}, {"code": 16559, "location_desc": null, "official_name": "Buuri Chemist / Laboratory", "owner": {"name": "Private Enterprise (Institution)"}, "keph_level": {"name": "Level 2"}, "ward": {"code": 276}, "number_of_cots": 0, "town": {"name": "meru"}, "name": "Buuri Chemist / Laboratory", "created": "2009-10-31T00:00:00+00:00", "regulatory_body": {"name": "Kenya MPDB - Institution"}, "facility_type": {"name": "Medical Clinic"}, "plot_number": "b11/208", "operation_status": {"name": "Operational"}, "number_of_beds": 0}, {"code": 16571, "location_desc": null, "official_name": "General Medical Clinic", "owner": {"name": "Private Enterprise (Institution)"}, "keph_level": {"name": "Level 2"}, "ward": {"code": 276}, "number_of_cots": 0, "town": {"name": "meru"}, "name": "General Medical Clinic", "created": "2009-10-31T00:00:00+00:00", "regulatory_body": {"name": "Kenya MPDB - Institution"}, "facility_type": {"name": "Medical Clinic"}, "plot_number": "b11/14", "operation_status": {"name": "Operational"}, "number_of_beds": 0}, {"code": 16558, "location_desc": null, "official_name": "Boddu Pharmacy Ltd", "owner": {"name": "Private Enterprise (Institution)"}, "keph_level": {"name": "Level 2"}, "ward": {"code": 215}, "number_of_cots": 0, "town": {"name": "meru"}, "name": "Boddu Pharmacy Ltd", "created": "2009-10-31T00:00:00+00:00", "regulatory_body": {"name": "Kenya MPDB - Institution"}, "facility_type": {"name": "Medical Clinic"}, "plot_number": "b11/130", "operation_status": {"name": "Operational"}, "number_of_beds": 0}, {"code": 16616, "location_desc": null, "official_name": "Mutindwa Med Clinic", "owner": {"name": "Private Enterprise (Institution)"}, "keph_level": {"name": "Level 2"}, "ward": {"code": 276}, "number_of_cots": 0, "town": {"name": "meru"}, "name": "Mutindwa Med Clinic", "created": "2009-10-31T00:00:00+00:00", "regulatory_body": {"name": "Kenya MPDB - Institution"}, "facility_type": {"name": "Medical Clinic"}, "plot_number": "b11/155", "operation_status": {"name": "Operational"}, "number_of_beds": 0}, {"code": 16573, "location_desc": null, "official_name": "Generation Medical Clinic/Lab", "owner": {"name": "Private Enterprise (Institution)"}, "keph_level": {"name": "Level 2"}, "ward": {"code": 276}, "number_of_cots": 0, "town": {"name": "meru"}, "name": "Generation Medical Clinic/Lab", "created": "2009-10-31T00:00:00+00:00", "regulatory_body": {"name": "Kenya MPDB - Institution"}, "facility_type": {"name": "Medical Clinic"}, "plot_number": "1325", "operation_status": {"name": "Operational"}, "number_of_beds": 0}, {"code": 16576, "location_desc": null, "official_name": "Huruma Medical Centre", "owner": {"name": "Private Enterprise (Institution)"}, "keph_level": {"name": "Level 2"}, "ward": {"code": 276}, "number_of_cots": 0, "town": {"name": "meru"}, "name": "Huruma Medical Centre", "created": "2009-10-31T00:00:00+00:00", "regulatory_body": {"name": "Kenya MPDB - Institution"}, "facility_type": {"name": "Medical Clinic"}, "plot_number": "2713 kinoru", "operation_status": {"name": "Operational"}, "number_of_beds": 0}, {"code": 16585, "location_desc": null, "official_name": "Jamii Medical Clinic (Meru)", "owner": {"name": "Private Enterprise (Institution)"}, "keph_level": {"name": "Level 2"}, "ward": {"code": 289}, "number_of_cots": 0, "town": {"name": "meru"}, "name": "Jamii Medical Clinic (Meru)", "created": "2009-10-31T00:00:00+00:00", "regulatory_body": {"name": "Kenya MPDB - Institution"}, "facility_type": {"name": "Medical Clinic"}, "plot_number": "t624", "operation_status": {"name": "Operational"}, "number_of_beds": 0}, {"code": 16581, "location_desc": null, "official_name": "Imenti X-ray Services", "owner": {"name": "Private Enterprise (Institution)"}, "keph_level": {"name": "Level 2"}, "ward": {"code": 276}, "number_of_cots": 0, "town": {"name": "meru"}, "name": "Imenti X-Ray Services", "created": "2009-10-31T00:00:00+00:00", "regulatory_body": {"name": "Kenya MPDB - Institution"}, "facility_type": {"name": "Medical Clinic"}, "plot_number": "b11/180", "operation_status": {"name": "Operational"}, "number_of_beds": 0}, {"code": 16608, "location_desc": null, "official_name": "Meru Medical Plaza Laboratory", "owner": {"name": "Private Enterprise (Institution)"}, "keph_level": {"name": "Level 2"}, "ward": {"code": 276}, "number_of_cots": 0, "town": {"name": "meru"}, "name": "Meru Medical Plaza Laboratory", "created": "2009-10-31T00:00:00+00:00", "regulatory_body": {"name": "Kenya MPDB - Institution"}, "facility_type": {"name": "Medical Clinic"}, "plot_number": "b11/143", "operation_status": {"name": "Operational"}, "number_of_beds": 0}, {"code": 16598, "location_desc": null, "official_name": "Mayo Medical Laboratoy", "owner": {"name": "Private Enterprise (Institution)"}, "keph_level": {"name": "Level 2"}, "ward": {"code": 276}, "number_of_cots": 0, "town": {"name": "meru"}, "name": "Mayo Medical Laboratory", "created": "2009-10-31T00:00:00+00:00", "regulatory_body": {"name": "Kenya MPDB - Institution"}, "facility_type": {"name": "Medical Clinic"}, "plot_number": "b11/181", "operation_status": {"name": "Operational"}, "number_of_beds": 0}, {"code": 16599, "location_desc": null, "official_name": "Meru Clinic ", "owner": {"name": "Private Enterprise (Institution)"}, "keph_level": {"name": "Level 2"}, "ward": {"code": 276}, "number_of_cots": 0, "town": {"name": "meru"}, "name": "Meru Clinic", "created": "2009-10-31T00:00:00+00:00", "regulatory_body": {"name": "Kenya MPDB - Institution"}, "facility_type": {"name": "Medical Clinic"}, "plot_number": "b11/71", "operation_status": {"name": "Operational"}, "number_of_beds": 0}, {"code": 16588, "location_desc": null, "official_name": "Kamuti Clinic", "owner": {"name": "Private Enterprise (Institution)"}, "keph_level": {"name": "Level 2"}, "ward": {"code": 276}, "number_of_cots": 0, "town": {"name": "meru"}, "name": "Kamuti Clinic", "created": "2009-10-31T00:00:00+00:00", "regulatory_body": {"name": "Kenya MPDB - Institution"}, "facility_type": {"name": "Medical Clinic"}, "plot_number": "b11/186", "operation_status": {"name": "Operational"}, "number_of_beds": 0}, {"code": 16601, "location_desc": null, "official_name": "Meru Consultants Laboratory ", "owner": {"name": "Private Enterprise (Institution)"}, "keph_level": {"name": "Level 2"}, "ward": {"code": 276}, "number_of_cots": 0, "town": {"name": "meru"}, "name": "Meru Consultants Laboratory", "created": "2009-10-31T00:00:00+00:00", "regulatory_body": {"name": "Kenya MPDB - Institution"}, "facility_type": {"name": "Medical Clinic"}, "plot_number": "b11/66", "operation_status": {"name": "Operational"}, "number_of_beds": 0}, {"code": 16587, "location_desc": null, "official_name": "Kaithe Stage  Medcare", "owner": {"name": "Private Enterprise (Institution)"}, "keph_level": {"name": "Level 2"}, "ward": {"code": 279}, "number_of_cots": 0, "town": {"name": "meru"}, "name": "Kaithe Stage Medcare", "created": "2009-10-31T00:00:00+00:00", "regulatory_body": {"name": "Kenya MPDB - Institution"}, "facility_type": {"name": "Medical Clinic"}, "plot_number": "1577", "operation_status": {"name": "Operational"}, "number_of_beds": 0}, {"code": 16603, "location_desc": null, "official_name": "Meru Diagnostic Centre", "owner": {"name": "Private Enterprise (Institution)"}, "keph_level": {"name": "Level 2"}, "ward": {"code": 276}, "number_of_cots": 0, "town": {"name": "meru"}, "name": "Meru Diagnostic Centre", "created": "2009-10-31T00:00:00+00:00", "regulatory_body": {"name": "Kenya MPDB - Private Practice"}, "facility_type": {"name": "Medical Clinic"}, "plot_number": "b11/150", "operation_status": {"name": "Operational"}, "number_of_beds": 0}, {"code": 16604, "location_desc": null, "official_name": "Meru Dignostic / Laboratory services", "owner": {"name": "Private Enterprise (Institution)"}, "keph_level": {"name": "Level 2"}, "ward": {"code": 277}, "number_of_cots": 0, "town": {"name": "meru"}, "name": "Meru Dignostic / Laboratory Services", "created": "2009-10-31T00:00:00+00:00", "regulatory_body": {"name": "Kenya MPDB - Institution"}, "facility_type": {"name": "Medical Clinic"}, "plot_number": "b11/250", "operation_status": {"name": "Operational"}, "number_of_beds": 0}, {"code": 16605, "location_desc": null, "official_name": "Meru Medical /ENT Clinic", "owner": {"name": "Private Enterprise (Institution)"}, "keph_level": {"name": "Level 2"}, "ward": {"code": 277}, "number_of_cots": 0, "town": {"name": "meru"}, "name": "Meru Medical /ENT Clinic", "created": "2009-10-31T00:00:00+00:00", "regulatory_body": {"name": "Kenya MPDB - Institution"}, "facility_type": {"name": "Medical Clinic"}, "plot_number": "b11/250", "operation_status": {"name": "Operational"}, "number_of_beds": 0}], "model": "facilities.Facility", "unique_fields": ["code"]}]