[{"records": [{"code": 11190, "location_desc": null, "official_name": "Zakary Ndegwa Laboratory", "owner": {"name": "Private Enterprise (Institution)"}, "keph_level": {"name": "Level 2"}, "ward": {"code": 820}, "number_of_cots": 0, "town": {"name": "nyeri town"}, "name": "Zakary Ndegwa Laboratory", "created": "2009-10-31T00:00:00+00:00", "regulatory_body": {"name": "Kenya MPDB - Institution"}, "facility_type": {"name": "Laboratory (Stand-alone)"}, "plot_number": null, "operation_status": {"name": "Operational"}, "number_of_beds": 0}, {"code": 10031, "location_desc": null, "official_name": "Annex Laboratory", "owner": {"name": "Private Enterprise (Institution)"}, "keph_level": {"name": "Level 2"}, "ward": {"code": 820}, "number_of_cots": 0, "town": {"name": "nyeri town"}, "name": "Annex Laboratory", "created": "2009-10-31T00:00:00+00:00", "regulatory_body": {"name": "Kenya MPDB - Institution"}, "facility_type": {"name": "Laboratory (Stand-alone)"}, "plot_number": null, "operation_status": {"name": "Operational"}, "number_of_beds": 0}, {"code": 10941, "location_desc": null, "official_name": "Plaza Medical Laboratory", "owner": {"name": "Private Enterprise (Institution)"}, "keph_level": {"name": "Level 2"}, "ward": {"code": 820}, "number_of_cots": 0, "town": {"name": "nyeri town"}, "name": "Plaza Medical Laboratory", "created": "2009-10-31T00:00:00+00:00", "regulatory_body": {"name": "Kenya MPDB - Institution"}, "facility_type": {"name": "Laboratory (Stand-alone)"}, "plot_number": null, "operation_status": {"name": "Operational"}, "number_of_beds": 0}, {"code": 10807, "location_desc": null, "official_name": "Mwea Medical Laboratory", "owner": {"name": "Private Enterprise (Institution)"}, "keph_level": {"name": "Level 2"}, "ward": {"code": 503}, "number_of_cots": 0, "town": {"name": "ngurubani"}, "name": "Mwea Medical Laboratory", "created": "2009-10-31T00:00:00+00:00", "regulatory_body": {"name": "Kenya MPDB - Institution"}, "facility_type": {"name": "Laboratory (Stand-alone)"}, "plot_number": "120 wanguru", "operation_status": {"name": "Operational"}, "number_of_beds": 0}, {"code": 16507, "location_desc": "Kagumo Market", "official_name": "Mugumo Clinic/Laboratory", "owner": {"name": "Private Practice - Unspecified"}, "keph_level": {"name": "Level 2"}, "ward": {"code": 515}, "number_of_cots": 0, "town": {"name": "kagumo"}, "name": "Mugumo Clinic/Laboratory", "created": "2009-10-31T00:00:00+00:00", "regulatory_body": {"name": "Other"}, "facility_type": {"name": "Laboratory (Stand-alone)"}, "plot_number": null, "operation_status": {"name": "Operational"}, "number_of_beds": 0}, {"code": 16503, "location_desc": null, "official_name": "Kiangai Laboratory", "owner": {"name": "Private Practice - Unspecified"}, "keph_level": {"name": "Level 2"}, "ward": {"code": 510}, "number_of_cots": 0, "town": {"name": "kiangai"}, "name": "Kiangai Laboratory", "created": "2009-10-31T00:00:00+00:00", "regulatory_body": {"name": "Other"}, "facility_type": {"name": "Laboratory (Stand-alone)"}, "plot_number": null, "operation_status": {"name": "Operational"}, "number_of_beds": 0}, {"code": 16511, "location_desc": "Sagana town along Sagana/Muranga road near new Muranga butchery", "official_name": "Tumaini Clinic/Laboratory", "owner": {"name": "Private Enterprise (Institution)"}, "keph_level": {"name": "Level 2"}, "ward": {"code": 475}, "number_of_cots": 0, "town": {"name": "sagana"}, "name": "Tumaini Clinic/Laboratory", "created": "2009-10-31T00:00:00+00:00", "regulatory_body": {"name": "Kenya Medical Laboratory, Tech & Technologists Board"}, "facility_type": {"name": "Laboratory (Stand-alone)"}, "plot_number": "7b", "operation_status": {"name": "Operational"}, "number_of_beds": 0}, {"code": 10149, "location_desc": null, "official_name": "Dr Njue M G Pathological Clinic", "owner": {"name": "Private Enterprise (Institution)"}, "keph_level": {"name": "Level 2"}, "ward": {"code": 820}, "number_of_cots": 0, "town": {"name": "nyeri town"}, "name": "Dr Njue M G Pathological Clinic", "created": "2009-10-31T00:00:00+00:00", "regulatory_body": {"name": "Kenya MPDB - Institution"}, "facility_type": {"name": "Laboratory (Stand-alone)"}, "plot_number": null, "operation_status": {"name": "Operational"}, "number_of_beds": 0}, {"code": 10057, "location_desc": null, "official_name": "Bens Labs", "owner": {"name": "Private Enterprise (Institution)"}, "keph_level": {"name": "Level 2"}, "ward": {"code": 506}, "number_of_cots": 0, "town": {"name": "kagumo"}, "name": "Bens Labs", "created": "2009-10-31T00:00:00+00:00", "regulatory_body": {"name": "Kenya MPDB - Institution"}, "facility_type": {"name": "Laboratory (Stand-alone)"}, "plot_number": null, "operation_status": {"name": "Operational"}, "number_of_beds": 0}, {"code": 16492, "location_desc": "Sagana town along Sagana/Muranga road in Kinjo building", "official_name": "Apha Laboratory", "owner": {"name": "Private Enterprise (Institution)"}, "keph_level": {"name": "Level 2"}, "ward": {"code": 511}, "number_of_cots": 0, "town": {"name": "sagana"}, "name": "Apha Laboratory", "created": "2009-10-31T00:00:00+00:00", "regulatory_body": {"name": "Kenya Medical Laboratory, Tech & Technologists Board"}, "facility_type": {"name": "Laboratory (Stand-alone)"}, "plot_number": "a49", "operation_status": {"name": "Operational"}, "number_of_beds": 0}, {"code": 10898, "location_desc": null, "official_name": "Nyeri Health Care X ray Clinic", "owner": {"name": "Private Enterprise (Institution)"}, "keph_level": {"name": "Level 2"}, "ward": {"code": 495}, "number_of_cots": 0, "town": {"name": "nyeri town"}, "name": "Nyeri Health Care X Ray Clinic", "created": "2009-10-31T00:00:00+00:00", "regulatory_body": {"name": "Kenya MPDB - Institution"}, "facility_type": {"name": "Radiology Unit"}, "plot_number": null, "operation_status": {"name": "Operational"}, "number_of_beds": 0}, {"code": 10116, "location_desc": "Near Samrat Supermarket", "official_name": "Dr A P Gupta Radiological Clinic", "owner": {"name": "Private Enterprise (Institution)"}, "keph_level": {"name": "Level 2"}, "ward": {"code": 492}, "number_of_cots": 0, "town": {"name": "nyeri town"}, "name": "Dr A P Gupta Radiological Clinic", "created": "2009-10-31T00:00:00+00:00", "regulatory_body": {"name": "Kenya MPDB - Institution"}, "facility_type": {"name": "Radiology Unit"}, "plot_number": "3 / 28", "operation_status": {"name": "Operational"}, "number_of_beds": 0}, {"code": 10129, "location_desc": "Nyeri Town Opposite Family Bank ", "official_name": "Dr L G Mburu Radiological Clinic", "owner": {"name": "Private Enterprise (Institution)"}, "keph_level": {"name": "Level 2"}, "ward": {"code": 820}, "number_of_cots": 0, "town": {"name": "nyeri town"}, "name": "Dr L G Mburu Radiological Clinic", "created": "2009-10-31T00:00:00+00:00", "regulatory_body": {"name": "Kenya MPDB - Institution"}, "facility_type": {"name": "Radiology Unit"}, "plot_number": null, "operation_status": {"name": "Operational"}, "number_of_beds": 0}, {"code": 11132, "location_desc": "Opposite Kerugoya District hospital", "official_name": "Ultra Sound & X-Ray Clinic", "owner": {"name": "Private Enterprise (Institution)"}, "keph_level": {"name": "Level 2"}, "ward": {"code": 514}, "number_of_cots": 0, "town": {"name": "kerugoya"}, "name": "Ultra Sound & X-Ray Clinic", "created": "2009-10-31T00:00:00+00:00", "regulatory_body": {"name": "Kenya MPDB - Institution"}, "facility_type": {"name": "Radiology Unit"}, "plot_number": null, "operation_status": {"name": "Operational"}, "number_of_beds": 0}, {"code": 12906, "location_desc": null, "official_name": "Corner Stone ", "owner": {"name": "Private Enterprise (Institution)"}, "keph_level": {"name": "Level 2"}, "ward": {"code": 1391}, "number_of_cots": 0, "town": {"name": "nairobi"}, "name": "Corner Stone", "created": "2009-10-31T00:00:00+00:00", "regulatory_body": {"name": "Kenya MPDB - Institution"}, "facility_type": {"name": "VCT Centre (Stand-Alone)"}, "plot_number": null, "operation_status": {"name": "Operational"}, "number_of_beds": 0}, {"code": 12957, "location_desc": null, "official_name": "Githurai VCT", "owner": {"name": "Private Enterprise (Institution)"}, "keph_level": {"name": "Level 2"}, "ward": {"code": 1391}, "number_of_cots": 0, "town": {"name": "nairobi"}, "name": "Githurai VCT", "created": "2009-10-31T00:00:00+00:00", "regulatory_body": {"name": "Kenya MPDB - Institution"}, "facility_type": {"name": "VCT Centre (Stand-Alone)"}, "plot_number": null, "operation_status": {"name": "Operational"}, "number_of_beds": 0}, {"code": 11251, "location_desc": "Near Malindi Mosque", "official_name": "Better Off Knowing Stand Alone VCT Centre (Liverpool)", "owner": {"name": "Other Public Institution"}, "keph_level": {"name": "Level 2"}, "ward": {"code": 78}, "number_of_cots": 0, "town": {"name": "malindi"}, "name": "Better off Knowing Stand Alone VCT Centre (Liverpo", "created": "2009-10-31T00:00:00+00:00", "regulatory_body": {"name": "Other"}, "facility_type": {"name": "VCT Centre (Stand-Alone)"}, "plot_number": null, "operation_status": {"name": "Not-Operational"}, "number_of_beds": 0}, {"code": 13119, "location_desc": null, "official_name": "NASCOP VCT", "owner": {"name": "Ministry of Health"}, "keph_level": {"name": "Level 2"}, "ward": {"code": 1389}, "number_of_cots": 0, "town": {"name": "nairobi"}, "name": "Nascop VCT", "created": "2009-10-31T00:00:00+00:00", "regulatory_body": {"name": "Ministry of Health"}, "facility_type": {"name": "VCT Centre (Stand-Alone)"}, "plot_number": null, "operation_status": {"name": "Operational"}, "number_of_beds": 0}, {"code": 13037, "location_desc": null, "official_name": "KMTC Dispesary", "owner": {"name": "Ministry of Health"}, "keph_level": {"name": "Level 2"}, "ward": {"code": 1368}, "number_of_cots": 0, "town": {"name": "kenyatta national hospital"}, "name": "Kmtc Dispensary", "created": "2009-10-31T00:00:00+00:00", "regulatory_body": {"name": "Ministry of Health"}, "facility_type": {"name": "VCT Centre (Stand-Alone)"}, "plot_number": null, "operation_status": {"name": "Operational"}, "number_of_beds": 0}, {"code": 13019, "location_desc": null, "official_name": "Kemri VCT", "owner": {"name": "Ministry of Health"}, "keph_level": {"name": "Level 2"}, "ward": {"code": 1389}, "number_of_cots": 0, "town": {"name": "nairobi"}, "name": "Kemri VCT", "created": "2009-10-31T00:00:00+00:00", "regulatory_body": {"name": "Ministry of Health"}, "facility_type": {"name": "VCT Centre (Stand-Alone)"}, "plot_number": null, "operation_status": {"name": "Operational"}, "number_of_beds": 40}, {"code": 13157, "location_desc": null, "official_name": "Pumwani Maternity VCT Centre", "owner": {"name": "Local Authority"}, "keph_level": {"name": "Level 2"}, "ward": {"code": 1434}, "number_of_cots": 0, "town": {"name": "nairobi"}, "name": "Pumwani Maternity VCT Centre", "created": "2009-10-31T00:00:00+00:00", "regulatory_body": {"name": "Other"}, "facility_type": {"name": "VCT Centre (Stand-Alone)"}, "plot_number": null, "operation_status": {"name": "Operational"}, "number_of_beds": 350}, {"code": 13031, "location_desc": null, "official_name": "KIE/KAPC", "owner": {"name": "Other Public Institution"}, "keph_level": {"name": "Level 2"}, "ward": {"code": 1439}, "number_of_cots": 0, "town": {"name": "nairobi"}, "name": "Kie/Kapc", "created": "2009-10-31T00:00:00+00:00", "regulatory_body": {"name": "Other"}, "facility_type": {"name": "VCT Centre (Stand-Alone)"}, "plot_number": null, "operation_status": {"name": "Operational"}, "number_of_beds": 0}, {"code": 13262, "location_desc": null, "official_name": "Zinduka Clinic", "owner": {"name": "Other Faith Based"}, "keph_level": {"name": "Level 2"}, "ward": {"code": 1384}, "number_of_cots": 0, "town": {"name": "nairobi"}, "name": "Zinduka Clinic", "created": "2009-10-31T00:00:00+00:00", "regulatory_body": {"name": "Kenya MPDB - Institution"}, "facility_type": {"name": "VCT Centre (Stand-Alone)"}, "plot_number": null, "operation_status": {"name": "Operational"}, "number_of_beds": 0}, {"code": 13092, "location_desc": null, "official_name": "Ministry of  Education (MOEST) VCT Centre", "owner": {"name": "Other Public Institution"}, "keph_level": {"name": "Level 2"}, "ward": {"code": 1439}, "number_of_cots": 0, "town": {"name": "nairobi"}, "name": "Ministry of Education (Moest) VCT Centre", "created": "2009-10-31T00:00:00+00:00", "regulatory_body": {"name": "Other"}, "facility_type": {"name": "VCT Centre (Stand-Alone)"}, "plot_number": null, "operation_status": {"name": "Operational"}, "number_of_beds": 0}, {"code": 13235, "location_desc": null, "official_name": "Teachers Service Commission", "owner": {"name": "Other Public Institution"}, "keph_level": {"name": "Level 2"}, "ward": {"code": 1439}, "number_of_cots": 0, "town": {"name": "nairobi"}, "name": "Teachers Service Commission", "created": "2009-10-31T00:00:00+00:00", "regulatory_body": {"name": "Other"}, "facility_type": {"name": "VCT Centre (Stand-Alone)"}, "plot_number": null, "operation_status": {"name": "Operational"}, "number_of_beds": 0}, {"code": 12875, "location_desc": null, "official_name": "Babadogo (EDARP)", "owner": {"name": "Kenya Episcopal Conference-Catholic Secretariat"}, "keph_level": {"name": "Level 2"}, "ward": {"code": 1401}, "number_of_cots": 0, "town": {"name": "nairobi"}, "name": "Babadogo (EDARP)", "created": "2009-10-31T00:00:00+00:00", "regulatory_body": {"name": "Kenya MPDB - Institution"}, "facility_type": {"name": "VCT Centre (Stand-Alone)"}, "plot_number": null, "operation_status": {"name": "Operational"}, "number_of_beds": 0}, {"code": 13174, "location_desc": null, "official_name": "Rural AID VCT", "owner": {"name": "Community"}, "keph_level": {"name": "Level 2"}, "ward": {"code": 1439}, "number_of_cots": 0, "town": {"name": "nairobi"}, "name": "Rural Aid VCT", "created": "2009-10-31T00:00:00+00:00", "regulatory_body": {"name": "Other"}, "facility_type": {"name": "VCT Centre (Stand-Alone)"}, "plot_number": null, "operation_status": {"name": "Operational"}, "number_of_beds": 0}, {"code": 13075, "location_desc": null, "official_name": "Mathare 3A (EDARP)", "owner": {"name": "Kenya Episcopal Conference-Catholic Secretariat"}, "keph_level": {"name": "Level 2"}, "ward": {"code": 1445}, "number_of_cots": 0, "town": {"name": "nairobi"}, "name": "Mathare 3A (EDARP)", "created": "2009-10-31T00:00:00+00:00", "regulatory_body": {"name": "Kenya MPDB - Institution"}, "facility_type": {"name": "VCT Centre (Stand-Alone)"}, "plot_number": null, "operation_status": {"name": "Operational"}, "number_of_beds": 0}, {"code": 12973, "location_desc": null, "official_name": "Huruma (EDARP)", "owner": {"name": "Kenya Episcopal Conference-Catholic Secretariat"}, "keph_level": {"name": "Level 2"}, "ward": {"code": 1437}, "number_of_cots": 0, "town": {"name": "nairobi"}, "name": "Huruma (EDARP)", "created": "2009-10-31T00:00:00+00:00", "regulatory_body": {"name": "Kenya MPDB - Institution"}, "facility_type": {"name": "VCT Centre (Stand-Alone)"}, "plot_number": null, "operation_status": {"name": "Operational"}, "number_of_beds": 0}, {"code": 13187, "location_desc": null, "official_name": "Single Mothers Association of Kenya (SMAK)", "owner": {"name": "Community"}, "keph_level": {"name": "Level 2"}, "ward": {"code": 1439}, "number_of_cots": 0, "town": {"name": "nairobi"}, "name": "Single Mothers Association of Kenya (Smak)", "created": "2009-10-31T00:00:00+00:00", "regulatory_body": {"name": "Other"}, "facility_type": {"name": "VCT Centre (Stand-Alone)"}, "plot_number": null, "operation_status": {"name": "Operational"}, "number_of_beds": 0}, {"code": 13050, "location_desc": null, "official_name": "Liverpool VCT", "owner": {"name": "Non-Governmental Organizations"}, "keph_level": {"name": "Level 2"}, "ward": {"code": 1371}, "number_of_cots": 0, "town": {"name": "nairobi"}, "name": "Liverpool VCT", "created": "2009-10-31T00:00:00+00:00", "regulatory_body": {"name": "Other"}, "facility_type": {"name": "VCT Centre (Stand-Alone)"}, "plot_number": null, "operation_status": {"name": "Operational"}, "number_of_beds": 0}, {"code": 15396, "location_desc": null, "official_name": "Olemila VCT Centre", "owner": {"name": "Non-Governmental Organizations"}, "keph_level": {"name": "Level 2"}, "ward": {"code": 772}, "number_of_cots": 0, "town": {"name": "kapsabet"}, "name": "Olemila VCT Centre", "created": "2009-10-31T00:00:00+00:00", "regulatory_body": {"name": "Other"}, "facility_type": {"name": "VCT Centre (Stand-Alone)"}, "plot_number": null, "operation_status": {"name": "Operational"}, "number_of_beds": 0}, {"code": 12504, "location_desc": null, "official_name": "Mbiuni VCT", "owner": {"name": "Non-Governmental Organizations"}, "keph_level": {"name": "Level 2"}, "ward": {"code": 405}, "number_of_cots": 0, "town": {"name": "mwala"}, "name": "Mbiuni VCT", "created": "2009-10-31T00:00:00+00:00", "regulatory_body": {"name": "Other"}, "facility_type": {"name": "VCT Centre (Stand-Alone)"}, "plot_number": null, "operation_status": {"name": "Not-Operational"}, "number_of_beds": 0}, {"code": 13233, "location_desc": null, "official_name": "Supkem (Liverpool)", "owner": {"name": "Non-Governmental Organizations"}, "keph_level": {"name": "Level 2"}, "ward": {"code": 1439}, "number_of_cots": 0, "town": {"name": "nairobi"}, "name": "Supkem (Liverpool)", "created": "2009-10-31T00:00:00+00:00", "regulatory_body": {"name": "Other"}, "facility_type": {"name": "VCT Centre (Stand-Alone)"}, "plot_number": null, "operation_status": {"name": "Operational"}, "number_of_beds": 0}, {"code": 13206, "location_desc": null, "official_name": "St Johns Ambulance", "owner": {"name": "Non-Governmental Organizations"}, "keph_level": {"name": "Level 2"}, "ward": {"code": 1439}, "number_of_cots": 0, "town": {"name": "nairobi"}, "name": "St Johns Ambulance", "created": "2009-10-31T00:00:00+00:00", "regulatory_body": {"name": "Other"}, "facility_type": {"name": "VCT Centre (Stand-Alone)"}, "plot_number": null, "operation_status": {"name": "Operational"}, "number_of_beds": 0}, {"code": 12430, "location_desc": null, "official_name": "Liverpool VCT Embu", "owner": {"name": "Non-Governmental Organizations"}, "keph_level": {"name": "Level 2"}, "ward": {"code": 315}, "number_of_cots": 0, "town": {"name": "embu"}, "name": "Liverpool VCT Embu", "created": "2009-10-31T00:00:00+00:00", "regulatory_body": {"name": "Other"}, "facility_type": {"name": "VCT Centre (Stand-Alone)"}, "plot_number": null, "operation_status": {"name": "Operational"}, "number_of_beds": 0}, {"code": 13188, "location_desc": null, "official_name": "Sokoni Arcade VCT", "owner": {"name": "Non-Governmental Organizations"}, "keph_level": {"name": "Level 2"}, "ward": {"code": 1372}, "number_of_cots": 0, "town": {"name": "nairobi"}, "name": "Sokoni Arcade VCT", "created": "2009-10-31T00:00:00+00:00", "regulatory_body": {"name": "Other"}, "facility_type": {"name": "VCT Centre (Stand-Alone)"}, "plot_number": null, "operation_status": {"name": "Operational"}, "number_of_beds": 0}, {"code": 13046, "location_desc": null, "official_name": "Lea Toto Dagoretti", "owner": {"name": "Non-Governmental Organizations"}, "keph_level": {"name": "Level 2"}, "ward": {"code": 1378}, "number_of_cots": 0, "town": {"name": "dc office"}, "name": "Lea Toto Dagoretti", "created": "2009-10-31T00:00:00+00:00", "regulatory_body": {"name": "Other"}, "facility_type": {"name": "VCT Centre (Stand-Alone)"}, "plot_number": null, "operation_status": {"name": "Operational"}, "number_of_beds": 0}, {"code": 14260, "location_desc": "Within Loitokitok town near KCB", "official_name": "Boma la Tumaini VCT", "owner": {"name": "Kenya Episcopal Conference-Catholic Secretariat"}, "keph_level": {"name": "Level 2"}, "ward": {"code": 933}, "number_of_cots": 0, "town": {"name": "loitokitok"}, "name": "Boma La Tumaini VCT", "created": "2009-10-31T00:00:00+00:00", "regulatory_body": {"name": "Kenya MPDB - Institution"}, "facility_type": {"name": "VCT Centre (Stand-Alone)"}, "plot_number": null, "operation_status": {"name": "Operational"}, "number_of_beds": 0}, {"code": 13048, "location_desc": "Next to Carolina For Kibera at Olympic Shopping Center", "official_name": "Lea Toto Community Based Program  ", "owner": {"name": "Non-Governmental Organizations"}, "keph_level": {"name": "Level 2"}, "ward": {"code": 1390}, "number_of_cots": 0, "town": {"name": "nairobi"}, "name": "Lea Toto Kibera", "created": "2009-10-31T00:00:00+00:00", "regulatory_body": {"name": "Kenya MPDB - Private Practice"}, "facility_type": {"name": "Medical Clinic"}, "plot_number": null, "operation_status": {"name": "Operational"}, "number_of_beds": 0}, {"code": 13108, "location_desc": null, "official_name": "Nairobi Deaf (Liverpool)", "owner": {"name": "Non-Governmental Organizations"}, "keph_level": {"name": "Level 2"}, "ward": {"code": 1439}, "number_of_cots": 0, "town": {"name": "nairobi"}, "name": "Nairobi Deaf (Liverpool)", "created": "2009-10-31T00:00:00+00:00", "regulatory_body": {"name": "Other"}, "facility_type": {"name": "VCT Centre (Stand-Alone)"}, "plot_number": null, "operation_status": {"name": "Operational"}, "number_of_beds": 0}, {"code": 13045, "location_desc": null, "official_name": "Lea Toto", "owner": {"name": "Non-Governmental Organizations"}, "keph_level": {"name": "Level 2"}, "ward": {"code": 1411}, "number_of_cots": 0, "town": {"name": "nairobi"}, "name": "Lea Toto", "created": "2009-10-31T00:00:00+00:00", "regulatory_body": {"name": "Other"}, "facility_type": {"name": "VCT Centre (Stand-Alone)"}, "plot_number": null, "operation_status": {"name": "Operational"}, "number_of_beds": 0}, {"code": 11014, "location_desc": "\r\nKagio near catholic church Off Baricho road along national oil street", "official_name": "Slope Optician", "owner": {"name": "Private Enterprise (Institution)"}, "keph_level": {"name": "Level 2"}, "ward": {"code": 478}, "number_of_cots": 0, "town": {"name": "kagio"}, "name": "Slope Optician", "created": "2009-10-31T00:00:00+00:00", "regulatory_body": {"name": "Clinical Officers Council"}, "facility_type": {"name": "Eye Centre"}, "plot_number": "109", "operation_status": {"name": "Operational"}, "number_of_beds": 0}, {"code": 10051, "location_desc": null, "official_name": "Batian Eye Clinic", "owner": {"name": "Private Enterprise (Institution)"}, "keph_level": {"name": "Level 2"}, "ward": {"code": 820}, "number_of_cots": 0, "town": {"name": "nyeri town"}, "name": "Batian Eye Clinic", "created": "2009-10-31T00:00:00+00:00", "regulatory_body": {"name": "Kenya MPDB - Institution"}, "facility_type": {"name": "Eye Centre"}, "plot_number": null, "operation_status": {"name": "Not-Operational"}, "number_of_beds": 0}, {"code": 10174, "location_desc": null, "official_name": "Eye Sight Clinic", "owner": {"name": "Private Enterprise (Institution)"}, "keph_level": {"name": "Level 2"}, "ward": {"code": 820}, "number_of_cots": 0, "town": {"name": "nyeri town"}, "name": "Eye Sight Clinic", "created": "2009-10-31T00:00:00+00:00", "regulatory_body": {"name": "Kenya MPDB - Institution"}, "facility_type": {"name": "Eye Centre"}, "plot_number": null, "operation_status": {"name": "Operational"}, "number_of_beds": 0}, {"code": 10937, "location_desc": null, "official_name": "Physiotherapy Clinic (Kirinyaga)", "owner": {"name": "Private Enterprise (Institution)"}, "keph_level": {"name": "Level 2"}, "ward": {"code": 479}, "number_of_cots": 0, "town": {"name": "kerugoya"}, "name": "Physiotherapy Clinic (Kirinyaga)", "created": "2009-10-31T00:00:00+00:00", "regulatory_body": {"name": "Kenya MPDB - Institution"}, "facility_type": {"name": "Nursing Home"}, "plot_number": null, "operation_status": {"name": "Operational"}, "number_of_beds": 0}, {"code": 12909, "location_desc": null, "official_name": "Dagoretti Approved Dispensary", "owner": {"name": "Ministry of Health"}, "keph_level": {"name": "Level 2"}, "ward": {"code": 1379}, "number_of_cots": 0, "town": {"name": "dagoretti centre"}, "name": "Dagoretti Approved Dispensary", "created": "2009-10-31T00:00:00+00:00", "regulatory_body": {"name": "Other"}, "facility_type": {"name": "Dispensary"}, "plot_number": null, "operation_status": {"name": "Operational"}, "number_of_beds": 0}, {"code": 10035, "location_desc": null, "official_name": "Rescue Centre (Thika)", "owner": {"name": "Other Public Institution"}, "keph_level": {"name": "Level 2"}, "ward": {"code": 566}, "number_of_cots": 0, "town": {"name": "thika"}, "name": "Rescue Centre (Thika)", "created": "2009-10-31T00:00:00+00:00", "regulatory_body": {"name": "Ministry of Health"}, "facility_type": {"name": "Dispensary"}, "plot_number": null, "operation_status": {"name": "Operational"}, "number_of_beds": 0}, {"code": 16238, "location_desc": "Inside the Medical Training Compound", "official_name": "Embu KMTC Dispensary", "owner": {"name": "Ministry of Health"}, "keph_level": {"name": "Level 2"}, "ward": {"code": 315}, "number_of_cots": 0, "town": {"name": "embu"}, "name": "Embu Kmtc Dispensary", "created": "2009-10-31T00:00:00+00:00", "regulatory_body": {"name": "Ministry of Health"}, "facility_type": {"name": "Dispensary"}, "plot_number": "embu/mun/897", "operation_status": {"name": "Operational"}, "number_of_beds": 0}, {"code": 12517, "location_desc": null, "official_name": "Kenya Methodist University Dispensary", "owner": {"name": "Academic (if registered)"}, "keph_level": {"name": "Level 2"}, "ward": {"code": 279}, "number_of_cots": 0, "town": {"name": "meru"}, "name": "Kenya Methodist University Dispensary", "created": "2009-10-31T00:00:00+00:00", "regulatory_body": {"name": "Other"}, "facility_type": {"name": "Training Institution in Health (Stand-alone)"}, "plot_number": null, "operation_status": {"name": "Operational"}, "number_of_beds": 0}, {"code": 16857, "location_desc": null, "official_name": "Regional Blood Transfusion Centre (Embu)", "owner": {"name": "Ministry of Health"}, "keph_level": {"name": "Level 2"}, "ward": {"code": 315}, "number_of_cots": 0, "town": {"name": "embu"}, "name": "Regional Blood Transfusion Centre (Embu)", "created": "2010-01-31T00:00:00+00:00", "regulatory_body": {"name": "Ministry of Health"}, "facility_type": {"name": "Regional Blood Transfusion Centre"}, "plot_number": null, "operation_status": {"name": "Operational"}, "number_of_beds": 0}, {"code": 16742, "location_desc": null, "official_name": "St Mark Maternity", "owner": {"name": "Private Enterprise (Institution)"}, "keph_level": {"name": "Level 3"}, "ward": {"code": 385}, "number_of_cots": 0, "town": {"name": "tala"}, "name": "St Mark Maternity", "created": "2009-10-31T00:00:00+00:00", "regulatory_body": {"name": "Kenya MPDB - Institution"}, "facility_type": {"name": "Maternity Home"}, "plot_number": null, "operation_status": {"name": "Operational"}, "number_of_beds": 0}, {"code": 16741, "location_desc": null, "official_name": "Uvoosyo Medical Clinic", "owner": {"name": "Private Enterprise (Institution)"}, "keph_level": {"name": "Level 2"}, "ward": {"code": 389}, "number_of_cots": 0, "town": {"name": "kyeleni"}, "name": "Uvoosyo Medical Clinic", "created": "2009-10-31T00:00:00+00:00", "regulatory_body": {"name": "Kenya MPDB - Institution"}, "facility_type": {"name": "Medical Clinic"}, "plot_number": null, "operation_status": {"name": "Operational"}, "number_of_beds": 0}, {"code": 16740, "location_desc": null, "official_name": "Plateau Medical Clinic", "owner": {"name": "Private Enterprise (Institution)"}, "keph_level": {"name": "Level 2"}, "ward": {"code": 382}, "number_of_cots": 0, "town": {"name": "kangundo"}, "name": "Plateau Medical Clinic", "created": "2009-10-31T00:00:00+00:00", "regulatory_body": {"name": "Kenya MPDB - Institution"}, "facility_type": {"name": "Not in List"}, "plot_number": null, "operation_status": {"name": "Operational"}, "number_of_beds": 0}, {"code": 16739, "location_desc": null, "official_name": "Glory Medical Clinic (Kangundo)", "owner": {"name": "Private Enterprise (Institution)"}, "keph_level": {"name": "Level 2"}, "ward": {"code": 385}, "number_of_cots": 0, "town": {"name": "tala"}, "name": "Glory Medical Clinic (Kangundo)", "created": "2009-10-31T00:00:00+00:00", "regulatory_body": {"name": "Kenya MPDB - Institution"}, "facility_type": {"name": "Medical Clinic"}, "plot_number": null, "operation_status": {"name": "Operational"}, "number_of_beds": 0}, {"code": 16743, "location_desc": "Next to Nguluni Dispensary", "official_name": "Emmanuel Medical Clinic (Kangundo)", "owner": {"name": "Private Enterprise (Institution)"}, "keph_level": {"name": "Level 2"}, "ward": {"code": 388}, "number_of_cots": 0, "town": {"name": "nguluni market"}, "name": "Emmanuel Medical Clinic (Kangundo)", "created": "2009-10-31T00:00:00+00:00", "regulatory_body": {"name": "Nursing Council of Kenya (Private Practice)"}, "facility_type": {"name": "Medical Clinic"}, "plot_number": null, "operation_status": {"name": "Not-Operational"}, "number_of_beds": 0}, {"code": 15720, "location_desc": "Keringet Trading Centre", "official_name": "Tenwek Mobile", "owner": {"name": "Christian Health Association of Kenya"}, "keph_level": {"name": "Level 2"}, "ward": {"code": 908}, "number_of_cots": 0, "town": {"name": "keringet"}, "name": "Tenwek Mobile", "created": "2009-10-31T00:00:00+00:00", "regulatory_body": {"name": "Ministry of Health"}, "facility_type": {"name": "Not in List"}, "plot_number": "keringet 54", "operation_status": {"name": "Not-Operational"}, "number_of_beds": 0}, {"code": 10900, "location_desc": null, "official_name": "Nyeri Hospice", "owner": {"name": "Non-Governmental Organizations"}, "keph_level": {"name": "Level 2"}, "ward": {"code": 492}, "number_of_cots": 0, "town": {"name": "nyeri town"}, "name": "Nyeri Hospice", "created": "2009-10-31T00:00:00+00:00", "regulatory_body": {"name": "Other"}, "facility_type": {"name": "Medical Clinic"}, "plot_number": null, "operation_status": {"name": "Operational"}, "number_of_beds": 0}, {"code": 10514, "location_desc": "Situated in Kiawara Estate", "official_name": "KENWA-Nyeri", "owner": {"name": "Non-Governmental Organizations"}, "keph_level": {"name": "Level 2"}, "ward": {"code": 492}, "number_of_cots": 0, "town": {"name": "nyeri town"}, "name": "Kenwa-Nyeri", "created": "2009-10-31T00:00:00+00:00", "regulatory_body": {"name": "Other"}, "facility_type": {"name": "Medical Clinic"}, "plot_number": "r 26 kiawara", "operation_status": {"name": "Operational"}, "number_of_beds": 0}, {"code": 12907, "location_desc": "Off Lang'ata rd. near Karen hospital", "official_name": "Cotolengo Center ", "owner": {"name": "Kenya Episcopal Conference-Catholic Secretariat"}, "keph_level": {"name": "Level 2"}, "ward": {"code": 1381}, "number_of_cots": 0, "town": {"name": "karen shopping center"}, "name": "Cotolengo Centre", "created": "2009-10-31T00:00:00+00:00", "regulatory_body": {"name": "Other"}, "facility_type": {"name": "Dispensary"}, "plot_number": "2259/40/5543/mn", "operation_status": {"name": "Operational"}, "number_of_beds": 0}, {"code": 13131, "location_desc": "Off Dagoretti rd.after the Karen roundabout", "official_name": "Nyumbani Diagnostic Laboratory and Medical Clinic", "owner": {"name": "Non-Governmental Organizations"}, "keph_level": {"name": "Level 2"}, "ward": {"code": 1381}, "number_of_cots": 0, "town": {"name": "karen shopping center"}, "name": "Nyumbani Diagnostic Laboratory and Medical Clinic", "created": "2009-10-31T00:00:00+00:00", "regulatory_body": {"name": "Kenya MPDB - Private Practice"}, "facility_type": {"name": "Medical Clinic"}, "plot_number": "141 dagoretti rd.", "operation_status": {"name": "Operational"}, "number_of_beds": 2}, {"code": 13120, "location_desc": "Along Lenana Road", "official_name": "New Life Home Childrens Home (Westlands)", "owner": {"name": "Non-Governmental Organizations"}, "keph_level": {"name": "Level 2"}, "ward": {"code": 1371}, "number_of_cots": 0, "town": {"name": "yaya centre"}, "name": "New Life Home Childrens Home (Westlands)", "created": "2009-10-31T00:00:00+00:00", "regulatory_body": {"name": "Kenya MPDB - Institution"}, "facility_type": {"name": "Medical Clinic"}, "plot_number": null, "operation_status": {"name": "Operational"}, "number_of_beds": 0}, {"code": 10824, "location_desc": null, "official_name": "National Hospital Insurance Fund Central", "owner": {"name": "Parastatal"}, "keph_level": {"name": "Level 2"}, "ward": {"code": 820}, "number_of_cots": 0, "town": {"name": "nyeri town"}, "name": "National Hospital Insurance Fund Central", "created": "2009-10-31T00:00:00+00:00", "regulatory_body": {"name": "Other"}, "facility_type": {"name": "Medical Clinic"}, "plot_number": null, "operation_status": {"name": "Operational"}, "number_of_beds": 0}, {"code": 13013, "location_desc": null, "official_name": "Kenya AIDS Vaccine Initiative (KAVI)", "owner": {"name": "Academic (if registered)"}, "keph_level": {"name": "Level 2"}, "ward": {"code": 1370}, "number_of_cots": 0, "town": {"name": "nairobi"}, "name": "Kenya AIDS Vaccine Initiative (Kavi)", "created": "2009-10-31T00:00:00+00:00", "regulatory_body": {"name": "Other"}, "facility_type": {"name": "Health Project"}, "plot_number": null, "operation_status": {"name": "Operational"}, "number_of_beds": 0}, {"code": 15176, "location_desc": null, "official_name": "Mercy Mobile Clinic (Molo)", "owner": {"name": "Private Practice - Clinical Officer"}, "keph_level": {"name": "Level 2"}, "ward": {"code": 851}, "number_of_cots": 0, "town": {"name": "kiptagich"}, "name": "Mercy Mobile Clinic (Molo)", "created": "2009-10-31T00:00:00+00:00", "regulatory_body": {"name": "Other"}, "facility_type": {"name": "Medical Clinic"}, "plot_number": "104", "operation_status": {"name": "Operational"}, "number_of_beds": 0}, {"code": 15500, "location_desc": null, "official_name": "Rotary Doctors General Outreach", "owner": {"name": "Non-Governmental Organizations"}, "keph_level": {"name": "Level 2"}, "ward": {"code": 772}, "number_of_cots": 0, "town": {"name": "kapsabet"}, "name": "Rotary Doctors General Outreach", "created": "2009-10-31T00:00:00+00:00", "regulatory_body": {"name": "Ministry of Health"}, "facility_type": {"name": "Health Programme"}, "plot_number": null, "operation_status": {"name": "Operational"}, "number_of_beds": 0}, {"code": 10929, "location_desc": null, "official_name": "Pekaru Medical Centre", "owner": {"name": "Private Enterprise (Institution)"}, "keph_level": {"name": "Level 2"}, "ward": {"code": 510}, "number_of_cots": 0, "town": {"name": "kagio"}, "name": "Pekaru Medical Centre", "created": "2009-10-31T00:00:00+00:00", "regulatory_body": {"name": "Kenya MPDB - Institution"}, "facility_type": {"name": "Nursing Home"}, "plot_number": null, "operation_status": {"name": "Not-Operational"}, "number_of_beds": 0}, {"code": 16821, "location_desc": null, "official_name": "St Lukes (Molo)", "owner": {"name": "Private Enterprise (Institution)"}, "keph_level": {"name": "Level 3"}, "ward": {"code": 828}, "number_of_cots": 0, "town": {"name": "turi"}, "name": "St Lukes (Molo)", "created": "2010-01-31T00:00:00+00:00", "regulatory_body": {"name": "Kenya MPDB - Institution"}, "facility_type": {"name": "Nursing Home"}, "plot_number": null, "operation_status": {"name": "Operational"}, "number_of_beds": 0}, {"code": 10515, "location_desc": null, "official_name": "Kenya Institute Of Professional Counsellors", "owner": {"name": "Non-Governmental Organizations"}, "keph_level": {"name": "Level 2"}, "ward": {"code": 820}, "number_of_cots": 0, "town": {"name": "nyeri town"}, "name": "Kenya Institute of Professional Counsellors", "created": "2009-10-31T00:00:00+00:00", "regulatory_body": {"name": "Other"}, "facility_type": {"name": "Medical Clinic"}, "plot_number": null, "operation_status": {"name": "Operational"}, "number_of_beds": 0}, {"code": 16446, "location_desc": "off Ngurubani/Embu road near PI", "official_name": "PCEA Gateway", "owner": {"name": "Christian Health Association of Kenya"}, "keph_level": {"name": "Level 2"}, "ward": {"code": 501}, "number_of_cots": 0, "town": {"name": "gathoge"}, "name": "PCEA Gateway", "created": "2009-10-31T00:00:00+00:00", "regulatory_body": {"name": "Kenya MPDB - Institution"}, "facility_type": {"name": "Dispensary"}, "plot_number": null, "operation_status": {"name": "Operational"}, "number_of_beds": 0}, {"code": 16870, "location_desc": "Ahero-Katito-Kolweny market, the facility is about 300metres from kolweny market on Kendu bay road", "official_name": "St Jane Nursing Home", "owner": {"name": "Other Faith Based"}, "keph_level": {"name": "Level 3"}, "ward": {"code": 1219}, "number_of_cots": 5, "name": "St Jane Nursing Home", "created": "2010-01-31T00:00:00+00:00", "regulatory_body": {"name": "Kenya MPDB - Institution"}, "facility_type": {"name": "Nursing Home"}, "plot_number": null, "operation_status": {"name": "Operational"}, "number_of_beds": 15}, {"code": 16921, "location_desc": null, "official_name": "Kiliku Dispensary", "owner": {"name": "Ministry of Health"}, "keph_level": {"name": "Level 2"}, "ward": {"code": 386}, "number_of_cots": 0, "town": {"name": "tala"}, "name": "Kiliku Dispensary", "created": "2010-07-05T11:51:07.737000+00:00", "regulatory_body": {"name": "Ministry of Health"}, "facility_type": {"name": "Dispensary"}, "plot_number": null, "operation_status": {"name": "Operational"}, "number_of_beds": 0}, {"code": 16922, "location_desc": "Currently operating inside", "official_name": "Ndunduni Dispensary", "owner": {"name": "Ministry of Health"}, "keph_level": {"name": "Level 2"}, "ward": {"code": 381}, "number_of_cots": 0, "town": {"name": "tala"}, "name": "Ndunduni Dispensary", "created": "2010-07-05T12:26:40.063000+00:00", "regulatory_body": {"name": "Ministry of Health"}, "facility_type": {"name": "Dispensary"}, "plot_number": null, "operation_status": {"name": "Operational"}, "number_of_beds": 0}, {"code": 16923, "location_desc": "Off Tala-Mbiuni Road", "official_name": "Nduu Dispensary", "owner": {"name": "Ministry of Health"}, "keph_level": {"name": "Level 2"}, "ward": {"code": 387}, "number_of_cots": 0, "town": {"name": "tala"}, "name": "Nduu Dispensary", "created": "2010-07-05T13:01:11.330000+00:00", "regulatory_body": {"name": "Ministry of Health"}, "facility_type": {"name": "Dispensary"}, "plot_number": null, "operation_status": {"name": "Operational"}, "number_of_beds": 0}, {"code": 16928, "location_desc": null, "official_name": "Kasevi Dispensary", "owner": {"name": "Ministry of Health"}, "keph_level": {"name": "Level 2"}, "ward": {"code": 337}, "number_of_cots": 0, "name": "Kasevi Dispensary", "created": "2010-07-05T13:41:30.770000+00:00", "regulatory_body": {"name": "Ministry of Health"}, "facility_type": {"name": "Dispensary"}, "plot_number": "thokoa", "operation_status": {"name": "Operational"}, "number_of_beds": 0}, {"code": 16929, "location_desc": null, "official_name": "Nzauni Dispensary", "owner": {"name": "Ministry of Health"}, "keph_level": {"name": "Level 2"}, "ward": {"code": 337}, "number_of_cots": 0, "name": "Nzauni Dispensary", "created": "2010-07-05T13:44:15.990000+00:00", "regulatory_body": {"name": "Ministry of Health"}, "facility_type": {"name": "Dispensary"}, "plot_number": null, "operation_status": {"name": "Operational"}, "number_of_beds": 0}, {"code": 16930, "location_desc": null, "official_name": "Kaikungu Dispensary", "owner": {"name": "Ministry of Health"}, "keph_level": {"name": "Level 2"}, "ward": {"code": 336}, "number_of_cots": 0, "name": "Kaikungu Dispensary", "created": "2010-07-05T13:47:19.123000+00:00", "regulatory_body": {"name": "Ministry of Health"}, "facility_type": {"name": "Dispensary"}, "plot_number": null, "operation_status": {"name": "Pending Opening"}, "number_of_beds": 0}, {"code": 16931, "location_desc": null, "official_name": "Kanyekini Dispensary", "owner": {"name": "Ministry of Health"}, "keph_level": {"name": "Level 2"}, "ward": {"code": 336}, "number_of_cots": 0, "town": {"name": "musuani"}, "name": "Kanyekini Dispensary", "created": "2010-07-05T13:50:39.693000+00:00", "regulatory_body": {"name": "Ministry of Health"}, "facility_type": {"name": "Dispensary"}, "plot_number": null, "operation_status": {"name": "Operational"}, "number_of_beds": 0}, {"code": 16932, "location_desc": null, "official_name": "Kikiini Dispensary", "owner": {"name": "Ministry of Health"}, "keph_level": {"name": "Level 2"}, "ward": {"code": 337}, "number_of_cots": 0, "name": "Kikiini Dispensary", "created": "2010-07-05T13:53:45.613000+00:00", "regulatory_body": {"name": "Ministry of Health"}, "facility_type": {"name": "Dispensary"}, "plot_number": null, "operation_status": {"name": "Pending Opening"}, "number_of_beds": 0}, {"code": 16933, "location_desc": null, "official_name": "Kwa Kavoo Dispensary", "owner": {"name": "Ministry of Health"}, "keph_level": {"name": "Level 2"}, "ward": {"code": 338}, "number_of_cots": 0, "name": "Kwa Kavoo Dispensary", "created": "2010-07-05T13:57:25.527000+00:00", "regulatory_body": {"name": "Ministry of Health"}, "facility_type": {"name": "Dispensary"}, "plot_number": null, "operation_status": {"name": "Operational"}, "number_of_beds": 0}, {"code": 16936, "location_desc": null, "official_name": "Mulinde Dispensary", "owner": {"name": "Ministry of Health"}, "keph_level": {"name": "Level 2"}, "ward": {"code": 342}, "number_of_cots": 0, "name": "Mulinde Dispensary", "created": "2010-07-05T14:10:07.260000+00:00", "regulatory_body": {"name": "Ministry of Health"}, "facility_type": {"name": "Dispensary"}, "plot_number": null, "operation_status": {"name": "Operational"}, "number_of_beds": 0}, {"code": 16937, "location_desc": null, "official_name": "Nduvani Dispensary", "owner": {"name": "Ministry of Health"}, "keph_level": {"name": "Level 2"}, "ward": {"code": 343}, "number_of_cots": 0, "name": "Nduvani Dispensary", "created": "2010-07-05T14:14:05.763000+00:00", "regulatory_body": {"name": "Ministry of Health"}, "facility_type": {"name": "Dispensary"}, "plot_number": null, "operation_status": {"name": "Pending Opening"}, "number_of_beds": 0}, {"code": 16938, "location_desc": null, "official_name": "Musovo Dispensary ", "owner": {"name": "Ministry of Health"}, "keph_level": {"name": "Level 2"}, "ward": {"code": 342}, "number_of_cots": 0, "name": "Musovo Dispensary", "created": "2010-07-05T14:15:40.583000+00:00", "regulatory_body": {"name": "Ministry of Health"}, "facility_type": {"name": "Dispensary"}, "plot_number": null, "operation_status": {"name": "Pending Opening"}, "number_of_beds": 0}, {"code": 16940, "location_desc": null, "official_name": "Katithini Dispensary", "owner": {"name": "Ministry of Health"}, "keph_level": {"name": "Level 2"}, "ward": {"code": 344}, "number_of_cots": 0, "name": "Katithini Dispensary", "created": "2010-07-05T14:21:56.943000+00:00", "regulatory_body": {"name": "Ministry of Health"}, "facility_type": {"name": "Dispensary"}, "plot_number": null, "operation_status": {"name": "Not-Operational"}, "number_of_beds": 0}, {"code": 16953, "location_desc": "Next to Waso Rongai Primary School", "official_name": "Waso Rongai Dispensary", "owner": {"name": "Ministry of Health"}, "keph_level": {"name": "Level 2"}, "ward": {"code": 669}, "number_of_cots": 0, "town": {"name": "waso rongai market"}, "name": "Waso Rongai Dispensary", "created": "2010-07-08T19:13:16.317000+00:00", "regulatory_body": {"name": "Ministry of Health"}, "facility_type": {"name": "Dispensary"}, "plot_number": null, "operation_status": {"name": "Operational"}, "number_of_beds": 0}, {"code": 16954, "location_desc": null, "official_name": "Nthangu Dispensary", "owner": {"name": "Ministry of Health"}, "keph_level": {"name": "Level 2"}, "ward": {"code": 420}, "number_of_cots": 0, "town": {"name": "wote town"}, "name": "Nthangu Dispensary", "created": "2010-07-09T19:39:52.700000+00:00", "regulatory_body": {"name": "Ministry of Health"}, "facility_type": {"name": "Dispensary"}, "plot_number": null, "operation_status": {"name": "Operational"}, "number_of_beds": 0}, {"code": 16955, "location_desc": null, "official_name": "Nthimbani Dispensary", "owner": {"name": "Ministry of Health"}, "keph_level": {"name": "Level 2"}, "ward": {"code": 420}, "number_of_cots": 0, "town": {"name": "mukuyuni"}, "name": "Nthimbani Dispensary", "created": "2010-07-09T19:44:23.660000+00:00", "regulatory_body": {"name": "Ministry of Health"}, "facility_type": {"name": "Dispensary"}, "plot_number": null, "operation_status": {"name": "Operational"}, "number_of_beds": 0}, {"code": 16956, "location_desc": null, "official_name": "Mwaani Dispensary", "owner": {"name": "Ministry of Health"}, "keph_level": {"name": "Level 2"}, "ward": {"code": 423}, "number_of_cots": 0, "town": {"name": "mwaani market"}, "name": "Mwaani Dispensary", "created": "2010-07-09T19:47:27.670000+00:00", "regulatory_body": {"name": "Ministry of Health"}, "facility_type": {"name": "Dispensary"}, "plot_number": null, "operation_status": {"name": "Operational"}, "number_of_beds": 0}], "model": "facilities.Facility", "unique_fields": ["code"]}]