[{"records": [{"code": 17282, "location_desc": null, "official_name": "Chororget Dispensary", "owner": {"name": "Ministry of Health"}, "keph_level": {"name": "Level 2"}, "ward": {"code": 745}, "number_of_cots": 0, "town": {"name": "chepkorio"}, "name": "Chororget Dispensary", "created": "2010-10-24T10:38:59.687000+00:00", "regulatory_body": {"name": "Ministry of Health"}, "facility_type": {"name": "Dispensary"}, "plot_number": "keiyo/chepk/45", "operation_status": {"name": "Operational"}, "number_of_beds": 0}, {"code": 17283, "location_desc": null, "official_name": "Kipsoen Dispensary", "owner": {"name": "Ministry of Health"}, "keph_level": {"name": "Level 2"}, "ward": {"code": 742}, "number_of_cots": 0, "name": "Kipsoen Dispensary", "created": "2010-10-24T10:50:34.447000+00:00", "regulatory_body": {"name": "Ministry of Health"}, "facility_type": {"name": "Dispensary"}, "plot_number": null, "operation_status": {"name": "Operational"}, "number_of_beds": 0}, {"code": 17284, "location_desc": null, "official_name": "Kapkessum Dispensary", "owner": {"name": "Ministry of Health"}, "keph_level": {"name": "Level 2"}, "ward": {"code": 742}, "number_of_cots": 0, "town": {"name": "iten"}, "name": "Kapkessum Dispensary", "created": "2010-10-24T10:59:08.130000+00:00", "regulatory_body": {"name": "Ministry of Health"}, "facility_type": {"name": "Dispensary"}, "plot_number": null, "operation_status": {"name": "Operational"}, "number_of_beds": 0}, {"code": 17287, "location_desc": "It is near Ntugi market Off Meru Nanyuki highway", "official_name": "Mboroga Dispensary", "owner": {"name": "Ministry of Health"}, "keph_level": {"name": "Level 2"}, "ward": {"code": 289}, "number_of_cots": 0, "town": {"name": "ntugi"}, "name": "Mboroga Dispensary", "created": "2010-10-24T12:10:20.683000+00:00", "regulatory_body": {"name": "Ministry of Health"}, "facility_type": {"name": "Dispensary"}, "plot_number": "kibirichia.2327", "operation_status": {"name": "Operational"}, "number_of_beds": 0}, {"code": 17292, "location_desc": "Behind family pharmacy", "official_name": "Dr J K Kimani", "owner": {"name": "Private Practice - Medical Specialist"}, "keph_level": {"name": "Level 2"}, "ward": {"code": 514}, "number_of_cots": 0, "town": {"name": "kerugoya town"}, "name": "Dr J K Kimani", "created": "2010-10-25T12:48:41.043000+00:00", "regulatory_body": {"name": "Kenya MPDB - Private Practice"}, "facility_type": {"name": "Medical Clinic"}, "plot_number": "250", "operation_status": {"name": "Operational"}, "number_of_beds": 0}, {"code": 17293, "location_desc": "1 Km Off The Junction Sotik- Ndanai Road", "official_name": "kapkelei Dispensary", "owner": {"name": "Ministry of Health"}, "keph_level": {"name": "Level 2"}, "ward": {"code": 968}, "number_of_cots": 0, "town": {"name": "ndanai"}, "name": "Kapkelei", "created": "2010-10-25T14:14:53.710000+00:00", "regulatory_body": {"name": "Ministry of Health"}, "facility_type": {"name": "Dispensary"}, "plot_number": null, "operation_status": {"name": "Operational"}, "number_of_beds": 0}, {"code": 17294, "location_desc": "6 Kms Off Chebole Bomet Road From Chebole Junction", "official_name": "Kapsangaru Dispensary", "owner": {"name": "Ministry of Health"}, "keph_level": {"name": "Level 2"}, "ward": {"code": 985}, "number_of_cots": 0, "town": {"name": "chebole"}, "name": "Kapsangaru Dispensary", "created": "2010-10-25T14:25:01.257000+00:00", "regulatory_body": {"name": "Ministry of Health"}, "facility_type": {"name": "Dispensary"}, "plot_number": null, "operation_status": {"name": "Pending Opening"}, "number_of_beds": 0}, {"code": 17295, "location_desc": "Kiburu market opposite ACK church", "official_name": "Jesmah CFW clinic", "owner": {"name": "Non-Governmental Organizations"}, "keph_level": {"name": "Level 2"}, "ward": {"code": 509}, "number_of_cots": 0, "town": {"name": "kiburu"}, "name": "Jesmah CFW Clinic", "created": "2010-10-25T15:11:17.123000+00:00", "regulatory_body": {"name": "Kenya MPDB - Private Practice"}, "facility_type": {"name": "Medical Clinic"}, "plot_number": "10", "operation_status": {"name": "Operational"}, "number_of_beds": 0}, {"code": 17296, "location_desc": "Thigio village, Ndeiya", "official_name": "Our Lady's Hospice", "owner": {"name": "Other Faith Based"}, "keph_level": {"name": "Level 2"}, "ward": {"code": 603}, "number_of_cots": 0, "town": {"name": "boroti thigio"}, "name": "Our Lady's Hospice", "created": "2010-10-25T15:35:01.413000+00:00", "regulatory_body": {"name": "Other"}, "facility_type": {"name": "Health Programme"}, "plot_number": null, "operation_status": {"name": "Operational"}, "number_of_beds": 9}, {"code": 17297, "location_desc": null, "official_name": "Mabole Health Centre", "owner": {"name": "Ministry of Health"}, "keph_level": {"name": "Level 3"}, "ward": {"code": 1034}, "number_of_cots": 2, "town": {"name": "shianda"}, "name": "Mabole Health Centre", "created": "2010-10-25T16:43:40.220000+00:00", "regulatory_body": {"name": "Ministry of Health"}, "facility_type": {"name": "Health Centre"}, "plot_number": null, "operation_status": {"name": "Operational"}, "number_of_beds": 4}, {"code": 17298, "location_desc": null, "official_name": "Lukoye Health Centre", "owner": {"name": "Ministry of Health"}, "keph_level": {"name": "Level 3"}, "ward": {"code": 1035}, "number_of_cots": 2, "name": "Lukoye Health Centre", "created": "2010-10-25T16:53:03.870000+00:00", "regulatory_body": {"name": "Ministry of Health"}, "facility_type": {"name": "Health Centre"}, "plot_number": null, "operation_status": {"name": "Operational"}, "number_of_beds": 4}, {"code": 17299, "location_desc": null, "official_name": "Kiplobotwo Dispensary", "owner": {"name": "Ministry of Health"}, "keph_level": {"name": "Level 2"}, "ward": {"code": 738}, "number_of_cots": 0, "town": {"name": "kapsowar"}, "name": "Kiplobotwo Dispensary", "created": "2010-10-26T09:58:07.140000+00:00", "regulatory_body": {"name": "Ministry of Health"}, "facility_type": {"name": "Dispensary"}, "plot_number": null, "operation_status": {"name": "Operational"}, "number_of_beds": 0}, {"code": 17300, "location_desc": null, "official_name": "Naramam Dispensary", "owner": {"name": "Community"}, "keph_level": {"name": "Level 2"}, "ward": {"code": 643}, "number_of_cots": 0, "town": {"name": "chepareria"}, "name": "Naramam Dispensary", "created": "2010-10-26T10:51:30.060000+00:00", "regulatory_body": {"name": "Ministry of Health"}, "facility_type": {"name": "Dispensary"}, "plot_number": null, "operation_status": {"name": "Operational"}, "number_of_beds": 0}, {"code": 17301, "location_desc": "Olenguruone kiptatich road", "official_name": "Kaplamai Dispensary", "owner": {"name": "Ministry of Health"}, "keph_level": {"name": "Level 2"}, "ward": {"code": 849}, "number_of_cots": 0, "name": "Kaplamai Dispensary", "created": "2010-10-26T11:23:51.807000+00:00", "regulatory_body": {"name": "Ministry of Health"}, "facility_type": {"name": "Dispensary"}, "plot_number": null, "operation_status": {"name": "Operational"}, "number_of_beds": 0}, {"code": 17302, "location_desc": null, "official_name": "Bararget Dispensary", "owner": {"name": "Ministry of Health"}, "keph_level": {"name": "Level 2"}, "ward": {"code": 850}, "number_of_cots": 0, "name": "Bararget Dispensary", "created": "2010-10-26T11:34:06.810000+00:00", "regulatory_body": {"name": "Ministry of Health"}, "facility_type": {"name": "Dispensary"}, "plot_number": null, "operation_status": {"name": "Operational"}, "number_of_beds": 0}, {"code": 17308, "location_desc": null, "official_name": "Kalyongwet  Dispensary", "owner": {"name": "Ministry of Health"}, "keph_level": {"name": "Level 2"}, "ward": {"code": 963}, "number_of_cots": 0, "town": {"name": "kalyongwet"}, "name": "Kalyongwet", "created": "2010-10-26T13:34:53.263000+00:00", "regulatory_body": {"name": "Ministry of Health"}, "facility_type": {"name": "Dispensary"}, "plot_number": null, "operation_status": {"name": "Operational"}, "number_of_beds": 0}, {"code": 17313, "location_desc": null, "official_name": "Kapsiya    Dispensary", "owner": {"name": "Ministry of Health"}, "keph_level": {"name": "Level 2"}, "ward": {"code": 958}, "number_of_cots": 0, "town": {"name": "kabianga"}, "name": "Kapsiya", "created": "2010-10-26T13:52:54.530000+00:00", "regulatory_body": {"name": "Ministry of Health"}, "facility_type": {"name": "Dispensary"}, "plot_number": null, "operation_status": {"name": "Operational"}, "number_of_beds": 0}, {"code": 17316, "location_desc": null, "official_name": "Kiplelgutik    Dispensary", "owner": {"name": "Ministry of Health"}, "keph_level": {"name": "Level 2"}, "ward": {"code": 963}, "number_of_cots": 0, "town": {"name": "kiptere"}, "name": "Kiplelgutik Dispensary", "created": "2010-10-26T14:09:06.530000+00:00", "regulatory_body": {"name": "Ministry of Health"}, "facility_type": {"name": "Dispensary"}, "plot_number": null, "operation_status": {"name": "Operational"}, "number_of_beds": 0}, {"code": 17317, "location_desc": null, "official_name": "Kapchanga   Dispensary", "owner": {"name": "Community"}, "keph_level": {"name": "Level 2"}, "ward": {"code": 962}, "number_of_cots": 0, "town": {"name": "kiptere"}, "name": "Kapchanga Dispensary", "created": "2010-10-26T14:18:58.427000+00:00", "regulatory_body": {"name": "Ministry of Health"}, "facility_type": {"name": "Dispensary"}, "plot_number": null, "operation_status": {"name": "Operational"}, "number_of_beds": 0}, {"code": 17318, "location_desc": null, "official_name": "Kapkures Dispensary", "owner": {"name": "Ministry of Health"}, "keph_level": {"name": "Level 2"}, "ward": {"code": 958}, "number_of_cots": 0, "town": {"name": "kabianga"}, "name": "Kapkures Dispensary (Kericho)", "created": "2010-10-26T14:29:16.637000+00:00", "regulatory_body": {"name": "Ministry of Health"}, "facility_type": {"name": "Dispensary"}, "plot_number": null, "operation_status": {"name": "Operational"}, "number_of_beds": 0}, {"code": 17319, "location_desc": null, "official_name": "Chemegong   Dispensary", "owner": {"name": "Community"}, "keph_level": {"name": "Level 2"}, "ward": {"code": 962}, "number_of_cots": 0, "town": {"name": "sigowet"}, "name": "Chemegong", "created": "2010-10-26T15:28:06.717000+00:00", "regulatory_body": {"name": "Ministry of Health"}, "facility_type": {"name": "Dispensary"}, "plot_number": null, "operation_status": {"name": "Operational"}, "number_of_beds": 0}, {"code": 17320, "location_desc": "Next to Olalui Primary School", "official_name": "Entargerti Dispensary", "owner": {"name": "Ministry of Health"}, "keph_level": {"name": "Level 2"}, "ward": {"code": 884}, "number_of_cots": 0, "town": {"name": "kilgoris"}, "name": "Entargeti Dispensary", "created": "2010-10-27T10:14:11.847000+00:00", "regulatory_body": {"name": "Ministry of Health"}, "facility_type": {"name": "Dispensary"}, "plot_number": null, "operation_status": {"name": "Operational"}, "number_of_beds": 0}, {"code": 17321, "location_desc": "Kilgoris,Shartuka, Torerok kapune", "official_name": "Kapune Dispensary", "owner": {"name": "Ministry of Health"}, "keph_level": {"name": "Level 2"}, "ward": {"code": 881}, "number_of_cots": 0, "town": {"name": "kilgoris"}, "name": "Kapune Dispensary", "created": "2010-10-27T10:45:35.863000+00:00", "regulatory_body": {"name": "Ministry of Health"}, "facility_type": {"name": "Dispensary"}, "plot_number": "4", "operation_status": {"name": "Operational"}, "number_of_beds": 0}, {"code": 17323, "location_desc": "Off Murgan Chebunyo Road", "official_name": "Mogor Dispensary", "owner": {"name": "Ministry of Health"}, "keph_level": {"name": "Level 2"}, "ward": {"code": 884}, "number_of_cots": 0, "town": {"name": "emurua dikir"}, "name": "Mogor Dispensary", "created": "2010-10-27T11:31:46.957000+00:00", "regulatory_body": {"name": "Ministry of Health"}, "facility_type": {"name": "Dispensary"}, "plot_number": null, "operation_status": {"name": "Not-Operational"}, "number_of_beds": 0}, {"code": 17324, "location_desc": "Off Shartuka Market along Kilgoris - Abossi Road", "official_name": "Shartuka Dispensary", "owner": {"name": "Ministry of Health"}, "keph_level": {"name": "Level 2"}, "ward": {"code": 881}, "number_of_cots": 0, "town": {"name": "shartuka market"}, "name": "Shartuka Dispensary", "created": "2010-10-27T11:50:43.720000+00:00", "regulatory_body": {"name": "Ministry of Health"}, "facility_type": {"name": "Dispensary"}, "plot_number": null, "operation_status": {"name": "Operational"}, "number_of_beds": 0}, {"code": 17325, "location_desc": "Off Njipiship near Ndamama Secondary School", "official_name": "Ndamama Dispensary", "owner": {"name": "Ministry of Health"}, "keph_level": {"name": "Level 2"}, "ward": {"code": 888}, "number_of_cots": 0, "town": {"name": "njipiship market"}, "name": "Ndamama Dispensary", "created": "2010-10-27T12:18:54.303000+00:00", "regulatory_body": {"name": "Ministry of Health"}, "facility_type": {"name": "Dispensary"}, "plot_number": null, "operation_status": {"name": "Operational"}, "number_of_beds": 0}, {"code": 17326, "location_desc": "Next to Narolong Primary School", "official_name": "Narolong Dispensary", "owner": {"name": "Ministry of Health"}, "keph_level": {"name": "Level 2"}, "ward": {"code": 886}, "number_of_cots": 0, "town": {"name": "moita"}, "name": "Narolong Dispensary", "created": "2010-10-27T12:31:57.660000+00:00", "regulatory_body": {"name": "Ministry of Health"}, "facility_type": {"name": "Dispensary"}, "plot_number": null, "operation_status": {"name": "Not-Operational"}, "number_of_beds": 0}, {"code": 17327, "location_desc": "Keyian Farm", "official_name": "Keyian SDA Dispensary", "owner": {"name": "Other Faith Based"}, "keph_level": {"name": "Level 2"}, "ward": {"code": 882}, "number_of_cots": 0, "town": {"name": "enoosaen"}, "name": "Keyian SDA Dispensary", "created": "2010-10-27T12:54:02.267000+00:00", "regulatory_body": {"name": "Kenya MPDB - Private Practice"}, "facility_type": {"name": "Dispensary"}, "plot_number": null, "operation_status": {"name": "Operational"}, "number_of_beds": 0}, {"code": 17328, "location_desc": "Off Olchobosei Kabolecho Road", "official_name": "Chemamit Dispensary", "owner": {"name": "Ministry of Health"}, "keph_level": {"name": "Level 2"}, "ward": {"code": 890}, "number_of_cots": 0, "town": {"name": "chemamit market"}, "name": "Chemamit Dispensary", "created": "2010-10-27T13:08:51.900000+00:00", "regulatory_body": {"name": "Ministry of Health"}, "facility_type": {"name": "Dispensary"}, "plot_number": null, "operation_status": {"name": "Operational"}, "number_of_beds": 0}, {"code": 17331, "location_desc": null, "official_name": "Sugoi A Dispensary", "owner": {"name": "Ministry of Health"}, "keph_level": {"name": "Level 2"}, "ward": {"code": 709}, "number_of_cots": 0, "town": {"name": "turbo"}, "name": "Sugoi A Dispensary", "created": "2010-10-27T14:13:15.620000+00:00", "regulatory_body": {"name": "Ministry of Health"}, "facility_type": {"name": "Dispensary"}, "plot_number": null, "operation_status": {"name": "Operational"}, "number_of_beds": 0}, {"code": 17333, "location_desc": "Muchatha Village", "official_name": "Muchatha Dispensary", "owner": {"name": "Ministry of Health"}, "keph_level": {"name": "Level 2"}, "ward": {"code": 589}, "number_of_cots": 0, "town": {"name": "muchatha market"}, "name": "Muchatha Dispensary", "created": "2010-10-28T11:03:23.213000+00:00", "regulatory_body": {"name": "Ministry of Health"}, "facility_type": {"name": "Dispensary"}, "plot_number": null, "operation_status": {"name": "Operational"}, "number_of_beds": 0}, {"code": 17334, "location_desc": "2kms off daraja sita -kapletundo road and 2kms  from daraja sita to cheptangulgei junction", "official_name": "cheptangulgei", "owner": {"name": "Ministry of Health"}, "keph_level": {"name": "Level 2"}, "ward": {"code": 969}, "number_of_cots": 0, "town": {"name": "kapkatet"}, "name": "Cheptangulgei Dispensary", "created": "2010-10-28T12:46:45.347000+00:00", "regulatory_body": {"name": "Kenya MPDB - Institution"}, "facility_type": {"name": "Dispensary"}, "plot_number": null, "operation_status": {"name": "Operational"}, "number_of_beds": 0}, {"code": 17335, "location_desc": null, "official_name": "Afwein Dispensary", "owner": {"name": "Ministry of Health"}, "keph_level": {"name": "Level 2"}, "ward": {"code": 142}, "number_of_cots": 0, "town": {"name": "shantabak"}, "name": "Afwein Dispensary", "created": "2010-10-29T11:12:56.350000+00:00", "regulatory_body": {"name": "Ministry of Health"}, "facility_type": {"name": "Dispensary"}, "plot_number": null, "operation_status": {"name": "Operational"}, "number_of_beds": 0}, {"code": 17336, "location_desc": "Along Garissa saretho way", "official_name": "Hagarbul Dispensary", "owner": {"name": "Ministry of Health"}, "keph_level": {"name": "Level 2"}, "ward": {"code": 155}, "number_of_cots": 0, "name": "Hagarbul Dispensary", "created": "2010-10-29T11:18:49.083000+00:00", "regulatory_body": {"name": "Ministry of Health"}, "facility_type": {"name": "Dispensary"}, "plot_number": null, "operation_status": {"name": "Operational"}, "number_of_beds": 0}, {"code": 17337, "location_desc": null, "official_name": "Ilan Dispensary", "owner": {"name": "Ministry of Health"}, "keph_level": {"name": "Level 2"}, "ward": {"code": 143}, "number_of_cots": 0, "name": "Ilan Dispensary", "created": "2010-10-29T11:24:04.947000+00:00", "regulatory_body": {"name": "Ministry of Health"}, "facility_type": {"name": "Dispensary"}, "plot_number": null, "operation_status": {"name": "Operational"}, "number_of_beds": 0}, {"code": 17339, "location_desc": "Along garissa modogashe way", "official_name": "Maalimin Dispensary", "owner": {"name": "Ministry of Health"}, "keph_level": {"name": "Level 2"}, "ward": {"code": 143}, "number_of_cots": 0, "name": "Maalimin Dispensary", "created": "2010-10-29T11:41:31.860000+00:00", "regulatory_body": {"name": "Ministry of Health"}, "facility_type": {"name": "Dispensary"}, "plot_number": null, "operation_status": {"name": "Operational"}, "number_of_beds": 0}, {"code": 17340, "location_desc": "In Chaka Town", "official_name": "St.Marks Medical Clinic", "owner": {"name": "Private Practice - Clinical Officer"}, "keph_level": {"name": "Level 2"}, "ward": {"code": 818}, "number_of_cots": 0, "town": {"name": "chaka"}, "name": "St Marks Medical Clinic", "created": "2010-10-29T13:16:51.157000+00:00", "regulatory_body": {"name": "Clinical Officers Council"}, "facility_type": {"name": "Medical Clinic"}, "plot_number": null, "operation_status": {"name": "Operational"}, "number_of_beds": 0}, {"code": 17342, "location_desc": "Take the route to Gogo Falls ", "official_name": "Midida Dispensary", "owner": {"name": "Community Development Fund"}, "keph_level": {"name": "Level 2"}, "ward": {"code": 1277}, "number_of_cots": 0, "town": {"name": "migori"}, "name": "Midida Dispensary", "created": "2010-10-29T21:04:54.327000+00:00", "regulatory_body": {"name": "Ministry of Health"}, "facility_type": {"name": "Dispensary"}, "plot_number": null, "operation_status": {"name": "Operational"}, "number_of_beds": 0}, {"code": 17343, "location_desc": "Along Rapogi Road", "official_name": "Piny Owacho Dispensary", "owner": {"name": "Community Development Fund"}, "keph_level": {"name": "Level 2"}, "ward": {"code": 1279}, "number_of_cots": 0, "town": {"name": "rapogi market center"}, "name": "Piny Owacho Dispensary", "created": "2010-10-29T21:08:05.133000+00:00", "regulatory_body": {"name": "Ministry of Health"}, "facility_type": {"name": "Dispensary"}, "plot_number": null, "operation_status": {"name": "Operational"}, "number_of_beds": 0}, {"code": 17344, "location_desc": "Along Uriri - Migori Highway branch junction next to the bridge before reaching the Oyani Leaf farm junction", "official_name": "Kolwal Dispensary", "owner": {"name": "Community Development Fund"}, "keph_level": {"name": "Level 2"}, "ward": {"code": 1280}, "number_of_cots": 0, "town": {"name": "uriri"}, "name": "Kolwal Dispensary", "created": "2010-10-29T21:11:54.327000+00:00", "regulatory_body": {"name": "Ministry of Health"}, "facility_type": {"name": "Dispensary"}, "plot_number": null, "operation_status": {"name": "Operational"}, "number_of_beds": 0}, {"code": 17345, "location_desc": null, "official_name": "Ndege Oriedo Dispensary", "owner": {"name": "Community Development Fund"}, "keph_level": {"name": "Level 2"}, "ward": {"code": 1261}, "number_of_cots": 0, "name": "Ndege Oriedo Dispensary", "created": "2010-10-29T22:26:39.293000+00:00", "regulatory_body": {"name": "Ministry of Health"}, "facility_type": {"name": "Dispensary"}, "plot_number": null, "operation_status": {"name": "Operational"}, "number_of_beds": 0}, {"code": 17346, "location_desc": "Off Makupa Causeway, near GaGateway paradise hotel", "official_name": "Makande Healthcare Services", "owner": {"name": "Private Practice - Nurse / Midwife"}, "keph_level": {"name": "Level 2"}, "ward": {"code": 30}, "number_of_cots": 0, "town": {"name": "gateway paradise hotel"}, "name": "Makande Healthcare Services", "created": "2010-10-30T14:50:15.530000+00:00", "regulatory_body": {"name": "Nursing Council of Kenya (Private Practice)"}, "facility_type": {"name": "Medical Clinic"}, "plot_number": "xviii/73", "operation_status": {"name": "Operational"}, "number_of_beds": 0}, {"code": 17348, "location_desc": null, "official_name": "Lamaiwe Dispensary", "owner": {"name": "Ministry of Health"}, "keph_level": {"name": "Level 2"}, "ward": {"code": 814}, "number_of_cots": 0, "town": {"name": "mochongoi"}, "name": "Lamaiwe Dispensary", "created": "2010-11-02T09:53:01.993000+00:00", "regulatory_body": {"name": "Ministry of Health"}, "facility_type": {"name": "Dispensary"}, "plot_number": null, "operation_status": {"name": "Not-Operational"}, "number_of_beds": 0}, {"code": 17350, "location_desc": null, "official_name": "Sirata Dispensary", "owner": {"name": "Other Public Institution"}, "keph_level": {"name": "Level 2"}, "ward": {"code": 801}, "number_of_cots": 0, "town": {"name": "marigat"}, "name": "Sirata Dispensary", "created": "2010-11-02T10:40:09.127000+00:00", "regulatory_body": {"name": "Ministry of Health"}, "facility_type": {"name": "Dispensary"}, "plot_number": null, "operation_status": {"name": "Not-Operational"}, "number_of_beds": 0}, {"code": 17351, "location_desc": null, "official_name": "Eldume Dispensary", "owner": {"name": "Ministry of Health"}, "keph_level": {"name": "Level 2"}, "ward": {"code": 799}, "number_of_cots": 0, "town": {"name": "marigat"}, "name": "Eldume Dispensary", "created": "2010-11-02T10:45:46.510000+00:00", "regulatory_body": {"name": "Ministry of Health"}, "facility_type": {"name": "Dispensary"}, "plot_number": null, "operation_status": {"name": "Not-Operational"}, "number_of_beds": 0}, {"code": 17352, "location_desc": null, "official_name": "Barnet Memorial Hospital", "owner": {"name": "Private Enterprise (Institution)"}, "keph_level": {"name": "Level 3"}, "ward": {"code": 797}, "number_of_cots": 0, "town": {"name": "kabarnet"}, "name": "Barnet Memorial Hospital", "created": "2010-11-02T11:37:04.093000+00:00", "regulatory_body": {"name": "Kenya MPDB - Private Practice"}, "facility_type": {"name": "Other Hospital"}, "plot_number": null, "operation_status": {"name": "Operational"}, "number_of_beds": 17}, {"code": 17353, "location_desc": "Next to Dunto Primary School", "official_name": "Dunto Dispensary", "owner": {"name": "Ministry of Health"}, "keph_level": {"name": "Level 2"}, "ward": {"code": 165}, "number_of_cots": 0, "town": {"name": "dunto village"}, "name": "Dunto Dispensary", "created": "2010-11-02T16:26:49.300000+00:00", "regulatory_body": {"name": "Ministry of Health"}, "facility_type": {"name": "Dispensary"}, "plot_number": null, "operation_status": {"name": "Operational"}, "number_of_beds": 0}, {"code": 17354, "location_desc": "Near Hargal Primary School", "official_name": "Hargal Dispensary", "owner": {"name": "Ministry of Health"}, "keph_level": {"name": "Level 2"}, "ward": {"code": 174}, "number_of_cots": 0, "town": {"name": "dambas"}, "name": "Hargal Dispensary", "created": "2010-11-02T16:34:15.553000+00:00", "regulatory_body": {"name": "Ministry of Health"}, "facility_type": {"name": "Dispensary"}, "plot_number": null, "operation_status": {"name": "Operational"}, "number_of_beds": 0}, {"code": 17355, "location_desc": "Along Wajir Bor Road", "official_name": "Jowhar Dispensary", "owner": {"name": "Ministry of Health"}, "keph_level": {"name": "Level 2"}, "ward": {"code": 168}, "number_of_cots": 0, "town": {"name": "wajir"}, "name": "Jowhar Dispensary", "created": "2010-11-02T16:38:29.107000+00:00", "regulatory_body": {"name": "Ministry of Health"}, "facility_type": {"name": "Dispensary"}, "plot_number": null, "operation_status": {"name": "Operational"}, "number_of_beds": 0}, {"code": 17356, "location_desc": "Along Tarbaj Road", "official_name": "Katote Dispensary", "owner": {"name": "Ministry of Health"}, "keph_level": {"name": "Level 2"}, "ward": {"code": 174}, "number_of_cots": 0, "town": {"name": "tarbaj"}, "name": "Katote Dispensary", "created": "2010-11-02T16:42:25.923000+00:00", "regulatory_body": {"name": "Ministry of Health"}, "facility_type": {"name": "Dispensary"}, "plot_number": null, "operation_status": {"name": "Not-Operational"}, "number_of_beds": 0}, {"code": 17357, "location_desc": "Near Ningaini Primary School", "official_name": "Ningaini Dispensary", "owner": {"name": "Community Development Fund"}, "keph_level": {"name": "Level 2"}, "ward": {"code": 489}, "number_of_cots": 0, "town": {"name": "mukurweini"}, "name": "Ningaini Dispensary", "created": "2010-11-03T09:49:16.053000+00:00", "regulatory_body": {"name": "Ministry of Health"}, "facility_type": {"name": "Dispensary"}, "plot_number": null, "operation_status": {"name": "Operational"}, "number_of_beds": 0}, {"code": 17360, "location_desc": null, "official_name": "Barakeiywo Dispensary", "owner": {"name": "Ministry of Health"}, "keph_level": {"name": "Level 2"}, "ward": {"code": 729}, "number_of_cots": 0, "town": {"name": "eldoret"}, "name": "Barakeiywo Dispensary", "created": "2010-11-03T11:53:16.860000+00:00", "regulatory_body": {"name": "Ministry of Health"}, "facility_type": {"name": "Dispensary"}, "plot_number": null, "operation_status": {"name": "Pending Opening"}, "number_of_beds": 0}, {"code": 17361, "location_desc": null, "official_name": "Leberio Dispensary", "owner": {"name": "Ministry of Health"}, "keph_level": {"name": "Level 2"}, "ward": {"code": 722}, "number_of_cots": 0, "town": {"name": "eldoret"}, "name": "Leberio Dispensary", "created": "2010-11-03T11:57:38.580000+00:00", "regulatory_body": {"name": "Ministry of Health"}, "facility_type": {"name": "Dispensary"}, "plot_number": null, "operation_status": {"name": "Not-Operational"}, "number_of_beds": 0}, {"code": 17362, "location_desc": "Opposite Kingeero Catholic Church", "official_name": "St Angela Melici Health Centre", "owner": {"name": "Other Faith Based"}, "keph_level": {"name": "Level 3"}, "ward": {"code": 591}, "number_of_cots": 2, "town": {"name": "kingeero"}, "name": "St Angela Melici Health Centre", "created": "2010-11-04T15:11:10.270000+00:00", "regulatory_body": {"name": "Other"}, "facility_type": {"name": "Health Centre"}, "plot_number": null, "operation_status": {"name": "Operational"}, "number_of_beds": 10}, {"code": 17363, "location_desc": "At Kiambaa Catholic Church", "official_name": "Most Precious Blood Sisters Dispensary", "owner": {"name": "Other Faith Based"}, "keph_level": {"name": "Level 2"}, "ward": {"code": 592}, "number_of_cots": 0, "town": {"name": "kiambaa"}, "name": "Most Precious Blood Sisters Dispensary", "created": "2010-11-04T15:38:49.073000+00:00", "regulatory_body": {"name": "Other"}, "facility_type": {"name": "Dispensary"}, "plot_number": "615 muguga", "operation_status": {"name": "Operational"}, "number_of_beds": 0}, {"code": 17364, "location_desc": "On the ground floor of Heritage Plaza Kiambaa on the Nairobi  Nakuru highway", "official_name": "Heritage Medical Clinic", "owner": {"name": "Private Practice - Nurse / Midwife"}, "keph_level": {"name": "Level 2"}, "ward": {"code": 592}, "number_of_cots": 0, "town": {"name": "kiambaa market"}, "name": "Heritage Medical Clinic", "created": "2010-11-04T15:54:27.870000+00:00", "regulatory_body": {"name": "Nursing Council of Kenya (Private Practice)"}, "facility_type": {"name": "Medical Clinic"}, "plot_number": "t360 muguga/muguga", "operation_status": {"name": "Operational"}, "number_of_beds": 0}, {"code": 17366, "location_desc": null, "official_name": "Jamia Medical Clinic", "owner": {"name": "Private Enterprise (Institution)"}, "keph_level": {"name": "Level 3"}, "ward": {"code": 723}, "number_of_cots": 2, "town": {"name": "eldoret"}, "name": "Jamia Med Clinic", "created": "2010-11-05T10:10:57.083000+00:00", "regulatory_body": {"name": "Kenya MPDB - Institution"}, "facility_type": {"name": "Medical Clinic"}, "plot_number": null, "operation_status": {"name": "Operational"}, "number_of_beds": 6}, {"code": 17367, "location_desc": null, "official_name": "Njeruri Dispensary", "owner": {"name": "Ministry of Health"}, "keph_level": {"name": "Level 2"}, "ward": {"code": 321}, "number_of_cots": 0, "name": "Njeruri Dispensary", "created": "2010-11-05T11:15:30.513000+00:00", "regulatory_body": {"name": "Ministry of Health"}, "facility_type": {"name": "Dispensary"}, "plot_number": null, "operation_status": {"name": "Pending Opening"}, "number_of_beds": 0}, {"code": 17368, "location_desc": "Past Wangige Market,Next To ACK Church", "official_name": "St Joseph (ACK) Kanyariri Dispensary", "owner": {"name": "Private Practice - Nurse / Midwife"}, "keph_level": {"name": "Level 2"}, "ward": {"code": 600}, "number_of_cots": 0, "town": {"name": "wangige"}, "name": "St Joseph (ACK) Kanyariri Dispensary", "created": "2010-11-05T13:35:36.273000+00:00", "regulatory_body": {"name": "Nursing Council of Kenya (Private Practice)"}, "facility_type": {"name": "Dispensary"}, "plot_number": null, "operation_status": {"name": "Operational"}, "number_of_beds": 0}, {"code": 17369, "location_desc": "kahuho shopping centre, at St. John Orthodox Church and next to Kahuho Primary School", "official_name": "St John Orthodox Dispensary Kahuho", "owner": {"name": "Other Faith Based"}, "keph_level": {"name": "Level 2"}, "ward": {"code": 929}, "number_of_cots": 0, "town": {"name": "wangige"}, "name": "St John Orthodox Dispensary Kahuho", "created": "2010-11-05T13:43:32.210000+00:00", "regulatory_body": {"name": "Other"}, "facility_type": {"name": "Dispensary"}, "plot_number": "p161/162 257", "operation_status": {"name": "Operational"}, "number_of_beds": 0}, {"code": 17370, "location_desc": "Nairobi Naivasha highway, zambezi shopping centre", "official_name": "St Lucy Medical Clinic", "owner": {"name": "Private Practice - Nurse / Midwife"}, "keph_level": {"name": "Level 2"}, "ward": {"code": 598}, "number_of_cots": 0, "town": {"name": "zambezi"}, "name": "St Lucy Medical Clinic", "created": "2010-11-05T13:55:25.710000+00:00", "regulatory_body": {"name": "Nursing Council of Kenya (Private Practice)"}, "facility_type": {"name": "Medical Clinic"}, "plot_number": "147", "operation_status": {"name": "Operational"}, "number_of_beds": 0}, {"code": 17371, "location_desc": "Kambaa shopping centre, off Nairobi Nakuru Highway", "official_name": "Tumaini clinic (Kiambu West)", "owner": {"name": "Private Practice - Nurse / Midwife"}, "keph_level": {"name": "Level 2"}, "ward": {"code": 592}, "number_of_cots": 0, "town": {"name": "zambezi"}, "name": "Tumaini Clinic (Kiambu West)", "created": "2010-11-05T14:07:50.720000+00:00", "regulatory_body": {"name": "Nursing Council of Kenya (Private Practice)"}, "facility_type": {"name": "Medical Clinic"}, "plot_number": "muguga t342/3", "operation_status": {"name": "Operational"}, "number_of_beds": 0}, {"code": 17372, "location_desc": "At wangige Market", "official_name": "Primary Health Services", "owner": {"name": "Private Practice - Nurse / Midwife"}, "keph_level": {"name": "Level 2"}, "ward": {"code": 594}, "number_of_cots": 0, "town": {"name": "wangige market"}, "name": "Primary Health Services", "created": "2010-11-05T14:25:27.700000+00:00", "regulatory_body": {"name": "Nursing Council of Kenya (Private Practice)"}, "facility_type": {"name": "Medical Clinic"}, "plot_number": "0028164/k/wangige", "operation_status": {"name": "Operational"}, "number_of_beds": 0}, {"code": 17373, "location_desc": "At Renguti PCEA Church", "official_name": "Renguti (PCEA) Women's Guild Clinic", "owner": {"name": "Other Faith Based"}, "keph_level": {"name": "Level 2"}, "ward": {"code": 597}, "number_of_cots": 0, "town": {"name": "kamangu"}, "name": "Renguti (PCEA) Women's Guild Clinic", "created": "2010-11-05T15:09:06.883000+00:00", "regulatory_body": {"name": "Other"}, "facility_type": {"name": "Medical Clinic"}, "plot_number": null, "operation_status": {"name": "Operational"}, "number_of_beds": 0}, {"code": 17374, "location_desc": null, "official_name": "Shauri Dispensary", "owner": {"name": "Ministry of Health"}, "keph_level": {"name": "Level 2"}, "ward": {"code": 460}, "number_of_cots": 0, "town": {"name": "mairo inya"}, "name": "Shauri Dispensary", "created": "2010-11-06T13:56:01.860000+00:00", "regulatory_body": {"name": "Ministry of Health"}, "facility_type": {"name": "Dispensary"}, "plot_number": "4219", "operation_status": {"name": "Operational"}, "number_of_beds": 0}, {"code": 17375, "location_desc": "Olkalou-Mawingo rd. 5km from mawingo township", "official_name": "Sharom Dispensary", "owner": {"name": "Ministry of Health"}, "keph_level": {"name": "Level 2"}, "ward": {"code": 453}, "number_of_cots": 0, "town": {"name": "mawingo"}, "name": "Sharom Dispensary", "created": "2010-11-06T14:06:34.793000+00:00", "regulatory_body": {"name": "Ministry of Health"}, "facility_type": {"name": "Dispensary"}, "plot_number": null, "operation_status": {"name": "Operational"}, "number_of_beds": 0}, {"code": 17376, "location_desc": null, "official_name": "Victoria Hospital Kisumu", "owner": {"name": "Ministry of Health"}, "keph_level": {"name": "Level 4"}, "ward": {"code": 1199}, "number_of_cots": 2, "town": {"name": "behind the nyanza provincial head quarters"}, "name": "Victoria Sub District Hospital", "created": "2010-11-08T14:13:49.907000+00:00", "regulatory_body": {"name": "Ministry of Health"}, "facility_type": {"name": "Sub-District Hospital"}, "plot_number": null, "operation_status": {"name": "Operational"}, "number_of_beds": 25}, {"code": 17377, "location_desc": "Opposite Karanjee PCEA church towards Tigoni hospital From Limuru Town", "official_name": "Karanjee Medical Clinic", "owner": {"name": "Private Practice - Nurse / Midwife"}, "keph_level": {"name": "Level 2"}, "ward": {"code": 605}, "number_of_cots": 0, "town": {"name": "limuru"}, "name": "Karanjee Medical Clinic", "created": "2010-11-11T14:13:22.337000+00:00", "regulatory_body": {"name": "Nursing Council of Kenya (Private Practice)"}, "facility_type": {"name": "Medical Clinic"}, "plot_number": "1/1628", "operation_status": {"name": "Operational"}, "number_of_beds": 0}, {"code": 17379, "location_desc": "Maua Athi -Tiira Road", "official_name": "Mutiokiama Health Centre", "owner": {"name": "Ministry of Health"}, "keph_level": {"name": "Level 3"}, "ward": {"code": 254}, "number_of_cots": 0, "town": {"name": "athi market"}, "name": "Mutiokiama Health Centre", "created": "2010-11-12T12:11:29.203000+00:00", "regulatory_body": {"name": "Ministry of Health"}, "facility_type": {"name": "Health Centre"}, "plot_number": null, "operation_status": {"name": "Operational"}, "number_of_beds": 0}, {"code": 17380, "location_desc": "Along Athiru Gaiti Road Near Kilili Market", "official_name": "Kililii", "owner": {"name": "Ministry of Health"}, "keph_level": {"name": "Level 2"}, "ward": {"code": 253}, "number_of_cots": 0, "town": {"name": "kilili market"}, "name": "Kililii Dispensary", "created": "2010-11-12T12:49:09.127000+00:00", "regulatory_body": {"name": "Ministry of Health"}, "facility_type": {"name": "Dispensary"}, "plot_number": null, "operation_status": {"name": "Pending Opening"}, "number_of_beds": 0}, {"code": 17381, "location_desc": "Along Maua Laare-Mutuati Road Near Kaelo Market", "official_name": "Kaelo Dispensary", "owner": {"name": "Ministry of Health"}, "keph_level": {"name": "Level 2"}, "ward": {"code": 261}, "number_of_cots": 0, "town": {"name": "kaelo market"}, "name": "Kaelo Dispensary", "created": "2010-11-12T13:07:37.090000+00:00", "regulatory_body": {"name": "Ministry of Health"}, "facility_type": {"name": "Dispensary"}, "plot_number": "3456", "operation_status": {"name": "Pending Opening"}, "number_of_beds": 0}, {"code": 17382, "location_desc": "Along Laare Kangeta Road Near Laare Market", "official_name": "Kathelwa Dispensary", "owner": {"name": "Ministry of Health"}, "keph_level": {"name": "Level 2"}, "ward": {"code": 256}, "number_of_cots": 0, "town": {"name": "laare market"}, "name": "Kathelwa Dispensary", "created": "2010-11-12T13:28:17.947000+00:00", "regulatory_body": {"name": "Ministry of Health"}, "facility_type": {"name": "Dispensary"}, "plot_number": null, "operation_status": {"name": "Pending Opening"}, "number_of_beds": 0}, {"code": 17383, "location_desc": null, "official_name": "Naikuriu Dispensary", "owner": {"name": "Ministry of Health"}, "keph_level": {"name": "Level 2"}, "ward": {"code": 264}, "number_of_cots": 0, "town": {"name": "mutuati market"}, "name": "Naikuriu Dispensary", "created": "2010-11-12T13:45:07.010000+00:00", "regulatory_body": {"name": "Ministry of Health"}, "facility_type": {"name": "Dispensary"}, "plot_number": null, "operation_status": {"name": "Pending Opening"}, "number_of_beds": 0}, {"code": 17384, "location_desc": "Kitengela rd.off Lang'ata rd.", "official_name": "Lang'ata Comprehensive Medical Service", "owner": {"name": "Private Practice - Medical Specialist"}, "keph_level": {"name": "Level 2"}, "ward": {"code": 1383}, "number_of_cots": 0, "town": {"name": "maasai estate"}, "name": "Lang'ata Comprehensive Medical Service", "created": "2010-11-13T17:24:54.893000+00:00", "regulatory_body": {"name": "Kenya MPDB - Private Practice"}, "facility_type": {"name": "Medical Clinic"}, "plot_number": "72/687", "operation_status": {"name": "Operational"}, "number_of_beds": 0}, {"code": 17385, "location_desc": "At bus no.32 terminus near Kibera Station", "official_name": "Tumaini Medical Center", "owner": {"name": "Private Practice - Clinical Officer"}, "keph_level": {"name": "Level 2"}, "ward": {"code": 1390}, "number_of_cots": 0, "town": {"name": "kianda"}, "name": "Tumaini Medical Centre", "created": "2010-11-13T17:45:43.997000+00:00", "regulatory_body": {"name": "Clinical Officers Council"}, "facility_type": {"name": "Medical Clinic"}, "plot_number": null, "operation_status": {"name": "Operational"}, "number_of_beds": 0}, {"code": 17388, "location_desc": "Gandhi Avenue near Nairobi West shopping center", "official_name": "Clinix Health Care", "owner": {"name": "Private Practice - Unspecified"}, "keph_level": {"name": "Level 2"}, "ward": {"code": 1382}, "number_of_cots": 0, "town": {"name": "nairobi west shopping center"}, "name": "Clinix Health Care", "created": "2010-11-13T18:29:08.650000+00:00", "regulatory_body": {"name": "Kenya MPDB - Private Practice"}, "facility_type": {"name": "Medical Clinic"}, "plot_number": "37/238-3", "operation_status": {"name": "Operational"}, "number_of_beds": 0}, {"code": 17389, "location_desc": "Nairobi West Shopping Center off Muhoho rd.", "official_name": "Shree Cutchhi Leva Samaj Medical Clinic", "owner": {"name": "Non-Governmental Organizations"}, "keph_level": {"name": "Level 2"}, "ward": {"code": 1382}, "number_of_cots": 0, "town": {"name": "nairobi west shopping center"}, "name": "Shree Cutchhi Leva Samaj Medical Clinic", "created": "2010-11-13T18:41:38.430000+00:00", "regulatory_body": {"name": "Kenya MPDB - Private Practice"}, "facility_type": {"name": "Medical Clinic"}, "plot_number": "209/11654", "operation_status": {"name": "Operational"}, "number_of_beds": 0}, {"code": 17390, "location_desc": "Muhoho rd. at the South C shopping center", "official_name": "Southern Health Care", "owner": {"name": "Private Practice - General Practitioner"}, "keph_level": {"name": "Level 2"}, "ward": {"code": 1384}, "number_of_cots": 0, "town": {"name": "south c shopping center"}, "name": "Southern Health Care", "created": "2010-11-13T18:53:54.383000+00:00", "regulatory_body": {"name": "Kenya MPDB - Private Practice"}, "facility_type": {"name": "Medical Clinic"}, "plot_number": "209/5870", "operation_status": {"name": "Operational"}, "number_of_beds": 0}, {"code": 17391, "location_desc": "Across the railway line near Golfcourse Chief's Office", "official_name": "St Mac's Hospital", "owner": {"name": "Community"}, "keph_level": {"name": "Level 2"}, "ward": {"code": 1385}, "number_of_cots": 0, "town": {"name": "laini saba market"}, "name": "St Mac's Hospital", "created": "2010-11-13T19:10:01.360000+00:00", "regulatory_body": {"name": "Clinical Officers Council"}, "facility_type": {"name": "Dispensary"}, "plot_number": null, "operation_status": {"name": "Operational"}, "number_of_beds": 3}], "model": "facilities.Facility", "unique_fields": ["code"]}]