[{"records": [{"code": 17515, "location_desc": null, "official_name": "Oding Dispensary", "owner": {"name": "Ministry of Health"}, "keph_level": {"name": "Level 2"}, "ward": {"code": 1173}, "number_of_cots": 2, "town": {"name": "lwanda market"}, "name": "Oding Dispensary", "created": "2011-03-01T14:44:20.033000+00:00", "regulatory_body": {"name": "Ministry of Health"}, "facility_type": {"name": "Dispensary"}, "plot_number": null, "operation_status": {"name": "Operational"}, "number_of_beds": 4}, {"code": 17516, "location_desc": null, "official_name": "Gongo Health centre", "owner": {"name": "Ministry of Health"}, "keph_level": {"name": "Level 3"}, "ward": {"code": 1171}, "number_of_cots": 1, "town": {"name": "migosi a"}, "name": "Gongo Health Centre", "created": "2011-03-01T14:51:34.187000+00:00", "regulatory_body": {"name": "Ministry of Health"}, "facility_type": {"name": "Health Centre"}, "plot_number": "e.gem gongo/182", "operation_status": {"name": "Operational"}, "number_of_beds": 4}, {"code": 17517, "location_desc": null, "official_name": "ST Lawrence Dispensary", "owner": {"name": "Kenya Episcopal Conference-Catholic Secretariat"}, "keph_level": {"name": "Level 2"}, "ward": {"code": 441}, "number_of_cots": 0, "name": "St Lawrence Dispensary", "created": "2011-03-01T15:16:50.830000+00:00", "regulatory_body": {"name": "Kenya MPDB - Institution"}, "facility_type": {"name": "Medical Clinic"}, "plot_number": null, "operation_status": {"name": "Operational"}, "number_of_beds": 0}, {"code": 17519, "location_desc": null, "official_name": "Enanga    Clinic  ", "owner": {"name": "Private Practice - Nurse / Midwife"}, "keph_level": {"name": "Level 2"}, "ward": {"code": 1074}, "number_of_cots": 0, "name": "Enanga Clinic", "created": "2011-03-01T15:22:33.053000+00:00", "regulatory_body": {"name": "Nursing Council of Kenya (Private Practice)"}, "facility_type": {"name": "Medical Clinic"}, "plot_number": null, "operation_status": {"name": "Operational"}, "number_of_beds": 0}, {"code": 17520, "location_desc": null, "official_name": "Got Regea Dispensary", "owner": {"name": "Ministry of Health"}, "keph_level": {"name": "Level 2"}, "ward": {"code": 1169}, "number_of_cots": 0, "town": {"name": "regea"}, "name": "Got Regea Dispensary", "created": "2011-03-01T15:32:01.643000+00:00", "regulatory_body": {"name": "Ministry of Health"}, "facility_type": {"name": "Dispensary"}, "plot_number": null, "operation_status": {"name": "Pending Opening"}, "number_of_beds": 0}, {"code": 17521, "location_desc": null, "official_name": "Randago Dispensary", "owner": {"name": "Ministry of Health"}, "keph_level": {"name": "Level 2"}, "ward": {"code": 1168}, "number_of_cots": 0, "town": {"name": "randago market"}, "name": "Randago Dispensary", "created": "2011-03-01T17:03:37.627000+00:00", "regulatory_body": {"name": "Ministry of Health"}, "facility_type": {"name": "Dispensary"}, "plot_number": null, "operation_status": {"name": "Operational"}, "number_of_beds": 0}, {"code": 17522, "location_desc": null, "official_name": "Future Life Dispensary", "owner": {"name": "Other Faith Based"}, "keph_level": {"name": "Level 2"}, "ward": {"code": 1166}, "number_of_cots": 0, "town": {"name": "ndodi market"}, "name": "Future Life Dispensary", "created": "2011-03-01T17:23:02.470000+00:00", "regulatory_body": {"name": "Kenya MPDB - Institution"}, "facility_type": {"name": "Dispensary"}, "plot_number": null, "operation_status": {"name": "Operational"}, "number_of_beds": 0}, {"code": 17523, "location_desc": null, "official_name": "Mur Malanga Dispensary", "owner": {"name": "Ministry of Health"}, "keph_level": {"name": "Level 2"}, "ward": {"code": 1168}, "number_of_cots": 0, "town": {"name": "mur malanga market"}, "name": "Mur Malanga Dispensary", "created": "2011-03-01T17:40:06.110000+00:00", "regulatory_body": {"name": "Ministry of Health"}, "facility_type": {"name": "Dispensary"}, "plot_number": null, "operation_status": {"name": "Operational"}, "number_of_beds": 0}, {"code": 17524, "location_desc": null, "official_name": "Ashburn Ohuru Clinic", "owner": {"name": "Other Faith Based"}, "keph_level": {"name": "Level 2"}, "ward": {"code": 1168}, "number_of_cots": 0, "town": {"name": "siaya market"}, "name": "Ashburn Ohuru Clinic", "created": "2011-03-01T17:46:42.850000+00:00", "regulatory_body": {"name": "Other"}, "facility_type": {"name": "Medical Clinic"}, "plot_number": "1130", "operation_status": {"name": "Pending Opening"}, "number_of_beds": 0}, {"code": 17526, "location_desc": null, "official_name": "Nguge Dispensary", "owner": {"name": "Ministry of Health"}, "keph_level": {"name": "Level 2"}, "ward": {"code": 1170}, "number_of_cots": 0, "name": "Nguge Dispensary", "created": "2011-03-01T17:58:14.483000+00:00", "regulatory_body": {"name": "Ministry of Health"}, "facility_type": {"name": "Dispensary"}, "plot_number": null, "operation_status": {"name": "Not-Operational"}, "number_of_beds": 0}, {"code": 17527, "location_desc": null, "official_name": "Kambare Dispensary", "owner": {"name": "Ministry of Health"}, "keph_level": {"name": "Level 2"}, "ward": {"code": 1174}, "number_of_cots": 0, "name": "Kambare Dispensary", "created": "2011-03-01T18:04:20.423000+00:00", "regulatory_body": {"name": "Ministry of Health"}, "facility_type": {"name": "Dispensary"}, "plot_number": null, "operation_status": {"name": "Operational"}, "number_of_beds": 0}, {"code": 17528, "location_desc": "On Ugunja-Ukwala Road Near River Nzoia", "official_name": "Matibabu Nzoia Clinic", "owner": {"name": "Non-Governmental Organizations"}, "keph_level": {"name": "Level 2"}, "ward": {"code": 1162}, "number_of_cots": 0, "town": {"name": "nzoia market"}, "name": "Matibabu Nzoia Clinic", "created": "2011-03-01T18:17:47.477000+00:00", "regulatory_body": {"name": "Kenya MPDB - Institution"}, "facility_type": {"name": "Dispensary"}, "plot_number": null, "operation_status": {"name": "Operational"}, "number_of_beds": 0}, {"code": 17529, "location_desc": null, "official_name": "Matibabu Ukwala Clinic", "owner": {"name": "Private Practice - General Practitioner"}, "keph_level": {"name": "Level 2"}, "ward": {"code": 1157}, "number_of_cots": 0, "town": {"name": "ukwala market"}, "name": "Matibabu Ukwala Clinic", "created": "2011-03-02T08:57:41.187000+00:00", "regulatory_body": {"name": "Kenya MPDB - Institution"}, "facility_type": {"name": "Dispensary"}, "plot_number": null, "operation_status": {"name": "Operational"}, "number_of_beds": 0}, {"code": 17531, "location_desc": null, "official_name": "Kabura Dispensary", "owner": {"name": "Ministry of Health"}, "keph_level": {"name": "Level 2"}, "ward": {"code": 1164}, "number_of_cots": 0, "town": {"name": "nduru market"}, "name": "Kabura Dispensary", "created": "2011-03-02T09:11:49.040000+00:00", "regulatory_body": {"name": "Ministry of Health"}, "facility_type": {"name": "Dispensary"}, "plot_number": null, "operation_status": {"name": "Operational"}, "number_of_beds": 0}, {"code": 17532, "location_desc": null, "official_name": "Uhembo Dispensary", "owner": {"name": "Ministry of Health"}, "keph_level": {"name": "Level 2"}, "ward": {"code": 1163}, "number_of_cots": 0, "town": {"name": "sidundo market"}, "name": "Uhembo Dispensary", "created": "2011-03-02T09:31:26.683000+00:00", "regulatory_body": {"name": "Ministry of Health"}, "facility_type": {"name": "Dispensary"}, "plot_number": null, "operation_status": {"name": "Operational"}, "number_of_beds": 0}, {"code": 17533, "location_desc": null, "official_name": "Karuoth Dispensary", "owner": {"name": "Ministry of Health"}, "keph_level": {"name": "Level 2"}, "ward": {"code": 1167}, "number_of_cots": 0, "town": {"name": "ndere market"}, "name": "Karuoth Dispensary", "created": "2011-03-02T09:36:59.500000+00:00", "regulatory_body": {"name": "Ministry of Health"}, "facility_type": {"name": "Dispensary"}, "plot_number": null, "operation_status": {"name": "Operational"}, "number_of_beds": 0}, {"code": 17534, "location_desc": "Nkurumah Road opposite Central Bank", "official_name": "Kenyatta University Health Unit Mombasa Campus", "owner": {"name": "State Coorporation"}, "keph_level": {"name": "Level 2"}, "ward": {"code": 26}, "number_of_cots": 0, "town": {"name": "treasury square - centrall bank of kenya"}, "name": "Kenyatta University Health Unit Mombasa Campus", "created": "2011-03-02T09:40:12.827000+00:00", "regulatory_body": {"name": "Kenya MPDB - Institution"}, "facility_type": {"name": "Dispensary"}, "plot_number": "msa/block xxiv", "operation_status": {"name": "Operational"}, "number_of_beds": 0}, {"code": 17535, "location_desc": "Siaya Ugunjaroute about 12 Km from Siaya town at Kobare Market . Turn left about one Km from market", "official_name": "Nyadhi Dispensary", "owner": {"name": "Ministry of Health"}, "keph_level": {"name": "Level 2"}, "ward": {"code": 1164}, "number_of_cots": 0, "town": {"name": "kobare market"}, "name": "Nyadhi Dispensary", "created": "2011-03-02T09:43:46.847000+00:00", "regulatory_body": {"name": "Ministry of Health"}, "facility_type": {"name": "Dispensary"}, "plot_number": null, "operation_status": {"name": "Operational"}, "number_of_beds": 0}, {"code": 17536, "location_desc": "In Siaya Town near county Assembly", "official_name": "Siwadhe Medical Clinic", "owner": {"name": "Private Practice - General Practitioner"}, "keph_level": {"name": "Level 2"}, "ward": {"code": 1164}, "number_of_cots": 0, "town": {"name": "siaya town"}, "name": "Siwadhe Medical Clinic", "created": "2011-03-02T09:48:44.983000+00:00", "regulatory_body": {"name": "Kenya MPDB - Private Practice"}, "facility_type": {"name": "Medical Clinic"}, "plot_number": null, "operation_status": {"name": "Operational"}, "number_of_beds": 0}, {"code": 17537, "location_desc": "Mazeras - Kaloleni Road ", "official_name": "Deteni Medical Clinic", "owner": {"name": "Private Practice - Clinical Officer"}, "keph_level": {"name": "Level 2"}, "ward": {"code": 70}, "number_of_cots": 0, "town": {"name": "mazeras"}, "name": "Deteni Medical Clinic", "created": "2011-03-02T10:06:53.327000+00:00", "regulatory_body": {"name": "Clinical Officers Council"}, "facility_type": {"name": "Medical Clinic"}, "plot_number": null, "operation_status": {"name": "Operational"}, "number_of_beds": 2}, {"code": 17539, "location_desc": "Just outside Nanyuki town", "official_name": "Likii VCT", "owner": {"name": "Private Enterprise (Institution)"}, "keph_level": {"name": "Level 2"}, "ward": {"code": 820}, "number_of_cots": 0, "town": {"name": "nanyuki"}, "name": "Likii VCT", "created": "2011-03-02T15:14:51.773000+00:00", "regulatory_body": {"name": "Ministry of Health"}, "facility_type": {"name": "VCT Centre (Stand-Alone)"}, "plot_number": null, "operation_status": {"name": "Operational"}, "number_of_beds": 0}, {"code": 17545, "location_desc": "Near Kongoni Centre on Moi South Lake road", "official_name": "Kings Medical Clinic", "owner": {"name": "Private Practice - Nurse / Midwife"}, "keph_level": {"name": "Level 2"}, "ward": {"code": 841}, "number_of_cots": 0, "town": {"name": "kongoni center"}, "name": "Kings Clinic", "created": "2011-03-02T16:19:47.053000+00:00", "regulatory_body": {"name": "Nursing Council of Kenya (Private Practice)"}, "facility_type": {"name": "Medical Clinic"}, "plot_number": null, "operation_status": {"name": "Operational"}, "number_of_beds": 0}, {"code": 17548, "location_desc": " Along Nairobi-Kangundo Road Near St Michael Catholic Church", "official_name": "EDARP Njiru Clinic", "owner": {"name": "Kenya Episcopal Conference-Catholic Secretariat"}, "keph_level": {"name": "Level 2"}, "ward": {"code": 1399}, "number_of_cots": 0, "town": {"name": "niru shoping centre"}, "name": "EDARP Njiru Clinic", "created": "2011-03-03T01:26:25.233000+00:00", "regulatory_body": {"name": "Ministry of Health"}, "facility_type": {"name": "Medical Clinic"}, "plot_number": null, "operation_status": {"name": "Operational"}, "number_of_beds": 0}, {"code": 17550, "location_desc": "Yikivumbu", "official_name": "Yikivumbu Dispensary", "owner": {"name": "Ministry of Health"}, "keph_level": {"name": "Level 2"}, "ward": {"code": 435}, "number_of_cots": 0, "town": {"name": "yikivumba"}, "name": "Yikivumbu Dispensary", "created": "2011-03-03T11:12:50.500000+00:00", "regulatory_body": {"name": "Ministry of Health"}, "facility_type": {"name": "Dispensary"}, "plot_number": "0", "operation_status": {"name": "Not-Operational"}, "number_of_beds": 0}, {"code": 17551, "location_desc": "Matutu Market", "official_name": "Matutu Dispensary (Nzaui)", "owner": {"name": "Ministry of Health"}, "keph_level": {"name": "Level 2"}, "ward": {"code": 435}, "number_of_cots": 0, "town": {"name": "matutu"}, "name": "Matutu Dispensary (Nzaui)", "created": "2011-03-03T11:25:49.857000+00:00", "regulatory_body": {"name": "Ministry of Health"}, "facility_type": {"name": "Dispensary"}, "plot_number": "0", "operation_status": {"name": "Not-Operational"}, "number_of_beds": 0}, {"code": 17552, "location_desc": "Narok -Tipis centre branch to right side on your way to Nakuru", "official_name": "Oloropil Dispensary", "owner": {"name": "Kenya Episcopal Conference-Catholic Secretariat"}, "keph_level": {"name": "Level 2"}, "ward": {"code": 895}, "number_of_cots": 0, "town": {"name": "tipis centre"}, "name": "Oloropil Dispensary", "created": "2011-03-03T15:49:08.243000+00:00", "regulatory_body": {"name": "Other"}, "facility_type": {"name": "Dispensary"}, "plot_number": null, "operation_status": {"name": "Operational"}, "number_of_beds": 0}, {"code": 17553, "location_desc": null, "official_name": "Kisumu International Airport Dispensary", "owner": {"name": "Ministry of Health"}, "keph_level": {"name": "Level 2"}, "ward": {"code": 1192}, "number_of_cots": 0, "town": {"name": "bandani"}, "name": "Kisumu International Airport Dispensary", "created": "2011-03-04T09:02:54.740000+00:00", "regulatory_body": {"name": "Ministry of Health"}, "facility_type": {"name": "Dispensary"}, "plot_number": null, "operation_status": {"name": "Operational"}, "number_of_beds": 0}, {"code": 17554, "location_desc": null, "official_name": "K-MET Corkran", "owner": {"name": "Non-Governmental Organizations"}, "keph_level": {"name": "Level 2"}, "ward": {"code": 1198}, "number_of_cots": 0, "town": {"name": "kisumu"}, "name": "K-Met Corkran", "created": "2011-03-04T10:59:33.410000+00:00", "regulatory_body": {"name": "Nursing Council of Kenya (Private Practice)"}, "facility_type": {"name": "Dispensary"}, "plot_number": "4/76", "operation_status": {"name": "Operational"}, "number_of_beds": 1}, {"code": 17557, "location_desc": "Olkalou-Engineer rd at Engineer towm", "official_name": "Engineer Medical Clinic", "owner": {"name": "Private Practice - Nurse / Midwife"}, "keph_level": {"name": "Level 2"}, "ward": {"code": 441}, "number_of_cots": 0, "town": {"name": "engineer town"}, "name": "Engineer Medical Clinic", "created": "2011-03-04T21:34:07.177000+00:00", "regulatory_body": {"name": "Nursing Council of Kenya (Private Practice)"}, "facility_type": {"name": "Medical Clinic"}, "plot_number": null, "operation_status": {"name": "Operational"}, "number_of_beds": 0}, {"code": 17558, "location_desc": null, "official_name": "Ngothi MC", "owner": {"name": "Private Practice - Clinical Officer"}, "keph_level": {"name": "Level 2"}, "ward": {"code": 441}, "number_of_cots": 0, "name": "Ngothi Mc", "created": "2011-03-04T21:50:07.563000+00:00", "regulatory_body": {"name": "Clinical Officers Council"}, "facility_type": {"name": "Medical Clinic"}, "plot_number": null, "operation_status": {"name": "Operational"}, "number_of_beds": 0}, {"code": 17559, "location_desc": "Nbi-Nku rd , Branch at Fly ove to the right up to Magumu Market", "official_name": "AmaniI Medical Clinic Magumu", "owner": {"name": "Private Practice - Nurse / Midwife"}, "keph_level": {"name": "Level 2"}, "ward": {"code": 448}, "number_of_cots": 0, "town": {"name": "magumu market"}, "name": "Amani Medical Clinic Magumu", "created": "2011-03-04T22:03:32.380000+00:00", "regulatory_body": {"name": "Nursing Council of Kenya (Private Practice)"}, "facility_type": {"name": "Medical Clinic"}, "plot_number": null, "operation_status": {"name": "Operational"}, "number_of_beds": 0}, {"code": 17560, "location_desc": "Nbi-Nakuru highway.Branch to the right at flyover up to Njabini town", "official_name": "Njambini Catholic Dispensary", "owner": {"name": "Kenya Episcopal Conference-Catholic Secretariat"}, "keph_level": {"name": "Level 2"}, "ward": {"code": 445}, "number_of_cots": 0, "town": {"name": "njabini town"}, "name": "Njambini Catholic Dispensary", "created": "2011-03-04T22:12:16.750000+00:00", "regulatory_body": {"name": "Kenya MPDB - Private Practice"}, "facility_type": {"name": "Dispensary"}, "plot_number": null, "operation_status": {"name": "Operational"}, "number_of_beds": 0}, {"code": 17561, "location_desc": "Nbi-Naivasha rd ,branch right at NYS junction ,move 7km to kirima , branch left 6mk to Murungaru shopping centre", "official_name": "Amani Medical Clinic(Murungaru)", "owner": {"name": "Private Practice - Nurse / Midwife"}, "keph_level": {"name": "Level 2"}, "ward": {"code": 444}, "number_of_cots": 0, "town": {"name": "murungaru shopping centre"}, "name": "Amani Medical Clinic (Murungaru)", "created": "2011-03-04T23:05:41.480000+00:00", "regulatory_body": {"name": "Nursing Council of Kenya (Private Practice)"}, "facility_type": {"name": "Medical Clinic"}, "plot_number": null, "operation_status": {"name": "Operational"}, "number_of_beds": 0}, {"code": 17563, "location_desc": "Engineer-Olkalou rd,branch at ndunyu njeru market up to geta bush shopping centre", "official_name": "Care Medical Clinic(Geta Bush)", "owner": {"name": "Private Practice - Clinical Officer"}, "keph_level": {"name": "Level 2"}, "ward": {"code": 451}, "number_of_cots": 0, "name": "Care Medical Clinic (Geta Bush)", "created": "2011-03-04T23:38:43.380000+00:00", "regulatory_body": {"name": "Clinical Officers Council"}, "facility_type": {"name": "Medical Clinic"}, "plot_number": null, "operation_status": {"name": "Operational"}, "number_of_beds": 0}, {"code": 17564, "location_desc": null, "official_name": "Kiambogo Medical Clinic(Wanjohi)", "owner": {"name": "Private Practice - Nurse / Midwife"}, "keph_level": {"name": "Level 2"}, "ward": {"code": 449}, "number_of_cots": 0, "town": {"name": "wanjohi"}, "name": "Kiambogo Medical Clinic (Wanjohi)", "created": "2011-03-04T23:46:14.427000+00:00", "regulatory_body": {"name": "Nursing Council of Kenya (Private Practice)"}, "facility_type": {"name": "Medical Clinic"}, "plot_number": null, "operation_status": {"name": "Operational"}, "number_of_beds": 0}, {"code": 17565, "location_desc": "Nbi-Nku rd, branch at flyover to the right up to githabai marker", "official_name": "Uzima Medical Clinic(Githamba)", "owner": {"name": "Private Practice - Nurse / Midwife"}, "keph_level": {"name": "Level 2"}, "ward": {"code": 446}, "number_of_cots": 0, "town": {"name": "githabai"}, "name": "Uzima Medical Clinic (Githamba)", "created": "2011-03-04T23:53:46.683000+00:00", "regulatory_body": {"name": "Nursing Council of Kenya (Private Practice)"}, "facility_type": {"name": "Medical Clinic"}, "plot_number": null, "operation_status": {"name": "Operational"}, "number_of_beds": 0}, {"code": 17566, "location_desc": "Njabini-Olkaou rd at Munyaka Market", "official_name": "Afya  Medical Clinic (Munyaka)", "owner": {"name": "Private Practice - Nurse / Midwife"}, "keph_level": {"name": "Level 2"}, "ward": {"code": 442}, "number_of_cots": 0, "town": {"name": "munyaka"}, "name": "Afya Medical Clinic (Munyaka)", "created": "2011-03-05T00:05:02.410000+00:00", "regulatory_body": {"name": "Nursing Council of Kenya (Private Practice)"}, "facility_type": {"name": "Medical Clinic"}, "plot_number": null, "operation_status": {"name": "Operational"}, "number_of_beds": 0}, {"code": 17568, "location_desc": null, "official_name": "Mt Zion Mission Medical Clinic", "owner": {"name": "Other Faith Based"}, "keph_level": {"name": "Level 2"}, "ward": {"code": 697}, "number_of_cots": 0, "town": {"name": "kitale"}, "name": "Mt Zion Mission Medical Clinic", "created": "2011-03-07T17:49:17.180000+00:00", "regulatory_body": {"name": "Kenya MPDB - Private Practice"}, "facility_type": {"name": "Medical Clinic"}, "plot_number": null, "operation_status": {"name": "Operational"}, "number_of_beds": 0}, {"code": 17569, "location_desc": "In Kachibora Centre", "official_name": "Shekinah Medical Clinic", "owner": {"name": "Private Practice - Nurse / Midwife"}, "keph_level": {"name": "Level 2"}, "ward": {"code": 697}, "number_of_cots": 0, "town": {"name": "kitale"}, "name": "Shekinah Medical Clinic", "created": "2011-03-07T17:57:29.390000+00:00", "regulatory_body": {"name": "Kenya MPDB - Private Practice"}, "facility_type": {"name": "Medical Clinic"}, "plot_number": null, "operation_status": {"name": "Operational"}, "number_of_beds": 0}, {"code": 17570, "location_desc": "Within the same compound with Kithoka Catholic church and about 8km from Meru town along Meru-Ruiri- Isiolo road", "official_name": "St. John's Dispensary (Kithoka)", "owner": {"name": "Kenya Episcopal Conference-Catholic Secretariat"}, "keph_level": {"name": "Level 2"}, "ward": {"code": 279}, "number_of_cots": 0, "town": {"name": "mugene market"}, "name": "St John's Dispensary (Kithoka)", "created": "2011-03-08T13:01:24.540000+00:00", "regulatory_body": {"name": "Ministry of Health"}, "facility_type": {"name": "Dispensary"}, "plot_number": "593 mwanika", "operation_status": {"name": "Operational"}, "number_of_beds": 0}, {"code": 17571, "location_desc": null, "official_name": "Kiarithaini Dispensary", "owner": {"name": "Ministry of Health"}, "keph_level": {"name": "Level 2"}, "ward": {"code": 479}, "number_of_cots": 0, "town": {"name": "karatina"}, "name": "Kiarithaini Dispensary", "created": "2011-03-09T09:35:48.503000+00:00", "regulatory_body": {"name": "Ministry of Health"}, "facility_type": {"name": "Dispensary"}, "plot_number": null, "operation_status": {"name": "Operational"}, "number_of_beds": 0}, {"code": 17572, "location_desc": null, "official_name": "Aqua Medical Clinic", "owner": {"name": "Private Practice - Nurse / Midwife"}, "keph_level": {"name": "Level 2"}, "ward": {"code": 470}, "number_of_cots": 0, "town": {"name": "narumoru"}, "name": "Aqua Medical Clinic", "created": "2011-03-09T09:45:40.103000+00:00", "regulatory_body": {"name": "Nursing Council of Kenya (Private Practice)"}, "facility_type": {"name": "Medical Clinic"}, "plot_number": null, "operation_status": {"name": "Operational"}, "number_of_beds": 0}, {"code": 17573, "location_desc": null, "official_name": "Chaka Health Services Clinic", "owner": {"name": "Private Practice - Nurse / Midwife"}, "keph_level": {"name": "Level 2"}, "ward": {"code": 491}, "number_of_cots": 0, "town": {"name": "chaka"}, "name": "Chaka Health Services Clinic", "created": "2011-03-09T09:51:57.293000+00:00", "regulatory_body": {"name": "Nursing Council of Kenya (Private Practice)"}, "facility_type": {"name": "Medical Clinic"}, "plot_number": null, "operation_status": {"name": "Operational"}, "number_of_beds": 0}, {"code": 17574, "location_desc": null, "official_name": "Emmanuel Community Health Clinic", "owner": {"name": "Private Practice - Nurse / Midwife"}, "keph_level": {"name": "Level 2"}, "ward": {"code": 490}, "number_of_cots": 0, "town": {"name": "kiamariga"}, "name": "Emmanuel Community Health Clinic", "created": "2011-03-09T10:03:59.867000+00:00", "regulatory_body": {"name": "Nursing Council of Kenya (Private Practice)"}, "facility_type": {"name": "Medical Clinic"}, "plot_number": null, "operation_status": {"name": "Operational"}, "number_of_beds": 0}, {"code": 17575, "location_desc": null, "official_name": "Solio Dispensary", "owner": {"name": "Ministry of Health"}, "keph_level": {"name": "Level 2"}, "ward": {"code": 818}, "number_of_cots": 0, "town": {"name": "narumoru"}, "name": "Solio Dispensary", "created": "2011-03-09T10:12:39.310000+00:00", "regulatory_body": {"name": "Ministry of Health"}, "facility_type": {"name": "Dispensary"}, "plot_number": null, "operation_status": {"name": "Operational"}, "number_of_beds": 0}, {"code": 17576, "location_desc": null, "official_name": "St Joseph Brothers", "owner": {"name": "Kenya Episcopal Conference-Catholic Secretariat"}, "keph_level": {"name": "Level 2"}, "ward": {"code": 469}, "number_of_cots": 0, "town": {"name": "mweiga"}, "name": "St Joseph Brothers", "created": "2011-03-09T10:23:19.143000+00:00", "regulatory_body": {"name": "Ministry of Health"}, "facility_type": {"name": "Dispensary"}, "plot_number": null, "operation_status": {"name": "Operational"}, "number_of_beds": 0}, {"code": 17581, "location_desc": "The facility is about 2.5kms from Moyale town centre", "official_name": "Manyatta Dispensary", "owner": {"name": "Ministry of Health"}, "keph_level": {"name": "Level 2"}, "ward": {"code": 223}, "number_of_cots": 0, "town": {"name": "moyale"}, "name": "Manyatta Dispensary", "created": "2011-03-16T00:26:55.767000+00:00", "regulatory_body": {"name": "Ministry of Health"}, "facility_type": {"name": "Dispensary"}, "plot_number": null, "operation_status": {"name": "Operational"}, "number_of_beds": 0}, {"code": 17582, "location_desc": null, "official_name": "A.I.C Ebenezer ", "owner": {"name": "Christian Health Association of Kenya"}, "keph_level": {"name": "Level 2"}, "ward": {"code": 797}, "number_of_cots": 0, "town": {"name": "kabarnet"}, "name": "AIC Ebenezer", "created": "2011-03-18T10:18:47.560000+00:00", "regulatory_body": {"name": "Kenya MPDB - Institution"}, "facility_type": {"name": "Dispensary"}, "plot_number": null, "operation_status": {"name": "Operational"}, "number_of_beds": 0}, {"code": 17583, "location_desc": null, "official_name": "Mogonjet Dispensary", "owner": {"name": "Ministry of Health"}, "keph_level": {"name": "Level 2"}, "ward": {"code": 988}, "number_of_cots": 0, "town": {"name": "mogogosiek"}, "name": "Mogonjet Dispensary", "created": "2011-03-19T09:37:04.083000+00:00", "regulatory_body": {"name": "Ministry of Health"}, "facility_type": {"name": "Dispensary"}, "plot_number": null, "operation_status": {"name": "Operational"}, "number_of_beds": 0}, {"code": 17584, "location_desc": null, "official_name": "Yofak VCT", "owner": {"name": "Non-Governmental Organizations"}, "keph_level": {"name": "Level 2"}, "ward": {"code": 1222}, "number_of_cots": 0, "town": {"name": "oyugis town"}, "name": "Yofak VCT", "created": "2011-03-22T17:09:48.370000+00:00", "regulatory_body": {"name": "Other"}, "facility_type": {"name": "VCT Centre (Stand-Alone)"}, "plot_number": null, "operation_status": {"name": "Operational"}, "number_of_beds": 0}, {"code": 17585, "location_desc": null, "official_name": "Integrated Development Fund (IDF) VCT", "owner": {"name": "Non-Governmental Organizations"}, "keph_level": {"name": "Level 2"}, "ward": {"code": 1227}, "number_of_cots": 0, "town": {"name": "kadongo market"}, "name": "Integrated Development Fund (IDF) VCT", "created": "2011-03-22T17:20:15.167000+00:00", "regulatory_body": {"name": "Other"}, "facility_type": {"name": "VCT Centre (Stand-Alone)"}, "plot_number": null, "operation_status": {"name": "Operational"}, "number_of_beds": 0}, {"code": 17586, "location_desc": null, "official_name": "Badilika VCT", "owner": {"name": "Non-Governmental Organizations"}, "keph_level": {"name": "Level 2"}, "ward": {"code": 1359}, "number_of_cots": 0, "town": {"name": "chabera market"}, "name": "Badilika VCT", "created": "2011-03-22T17:32:20.153000+00:00", "regulatory_body": {"name": "Other"}, "facility_type": {"name": "VCT Centre (Stand-Alone)"}, "plot_number": null, "operation_status": {"name": "Operational"}, "number_of_beds": 0}, {"code": 17588, "location_desc": null, "official_name": "Kargeno VCT", "owner": {"name": "Non-Governmental Organizations"}, "keph_level": {"name": "Level 2"}, "ward": {"code": 1231}, "number_of_cots": 0, "town": {"name": "kendu bay town"}, "name": "Kargeno VCT", "created": "2011-03-22T17:46:23.220000+00:00", "regulatory_body": {"name": "Other"}, "facility_type": {"name": "VCT Centre (Stand-Alone)"}, "plot_number": null, "operation_status": {"name": "Not-Operational"}, "number_of_beds": 0}, {"code": 17589, "location_desc": null, "official_name": "Live  With  Hope", "owner": {"name": "Other Faith Based"}, "keph_level": {"name": "Level 2"}, "ward": {"code": 947}, "number_of_cots": 0, "town": {"name": "kericho"}, "name": "Live With Hope", "created": "2011-03-24T09:23:27.310000+00:00", "regulatory_body": {"name": "Ministry of Health"}, "facility_type": {"name": "Dispensary"}, "plot_number": null, "operation_status": {"name": "Operational"}, "number_of_beds": 0}, {"code": 17591, "location_desc": null, "official_name": "Seretut  Medical  Clinic", "owner": {"name": "Private Practice - Nurse / Midwife"}, "keph_level": {"name": "Level 2"}, "ward": {"code": 959}, "number_of_cots": 0, "town": {"name": "seretut"}, "name": "Seretut Medical Clinic", "created": "2011-03-24T09:58:25.120000+00:00", "regulatory_body": {"name": "Nursing Council of Kenya (Private Practice)"}, "facility_type": {"name": "Medical Clinic"}, "plot_number": null, "operation_status": {"name": "Operational"}, "number_of_beds": 0}, {"code": 17592, "location_desc": null, "official_name": "Faith  Clinic", "owner": {"name": "Private Practice - Nurse / Midwife"}, "keph_level": {"name": "Level 2"}, "ward": {"code": 961}, "number_of_cots": 0, "town": {"name": "kapsoit"}, "name": "Faith Clinic", "created": "2011-03-24T10:08:38.907000+00:00", "regulatory_body": {"name": "Nursing Council of Kenya (Private Practice)"}, "facility_type": {"name": "Medical Clinic"}, "plot_number": null, "operation_status": {"name": "Operational"}, "number_of_beds": 0}, {"code": 17593, "location_desc": "It is situated on Remba Island", "official_name": "Remba Dispensary", "owner": {"name": "Ministry of Health"}, "keph_level": {"name": "Level 2"}, "ward": {"code": 1259}, "number_of_cots": 0, "town": {"name": "sena"}, "name": "Remba Dispensary", "created": "2011-03-24T18:47:19.160000+00:00", "regulatory_body": {"name": "Ministry of Health"}, "facility_type": {"name": "Dispensary"}, "plot_number": null, "operation_status": {"name": "Pending Opening"}, "number_of_beds": 5}, {"code": 17594, "location_desc": null, "official_name": "Rusinga Island of Hope Humanist Health Centre", "owner": {"name": "Private Enterprise (Institution)"}, "keph_level": {"name": "Level 3"}, "ward": {"code": 1253}, "number_of_cots": 0, "town": {"name": "kamasengre"}, "name": "Rusinga Island of Hope Humanist Health Centre", "created": "2011-03-25T11:31:04.717000+00:00", "regulatory_body": {"name": "Kenya MPDB - Private Practice"}, "facility_type": {"name": "Health Centre"}, "plot_number": null, "operation_status": {"name": "Operational"}, "number_of_beds": 10}, {"code": 17595, "location_desc": "Kabarnet Town", "official_name": "Kabarnet Womens' Clinic", "owner": {"name": "Private Practice - Medical Specialist"}, "keph_level": {"name": "Level 2"}, "ward": {"code": 797}, "number_of_cots": 0, "town": {"name": "kabarnet"}, "name": "Kabarnet Womens' Clinic", "created": "2011-03-25T16:35:03.033000+00:00", "regulatory_body": {"name": "Kenya MPDB - Institution"}, "facility_type": {"name": "Medical Clinic"}, "plot_number": "410", "operation_status": {"name": "Operational"}, "number_of_beds": 0}, {"code": 17597, "location_desc": null, "official_name": "Mugomari Dispensary", "owner": {"name": "Community"}, "keph_level": {"name": "Level 2"}, "ward": {"code": 1046}, "number_of_cots": 1, "town": {"name": "khayega"}, "name": "Mugomari Dispensary", "created": "2011-03-28T15:21:36.797000+00:00", "regulatory_body": {"name": "Ministry of Health"}, "facility_type": {"name": "Dispensary"}, "plot_number": null, "operation_status": {"name": "Operational"}, "number_of_beds": 3}, {"code": 17598, "location_desc": "Ikanga", "official_name": "Yaathi Dispensary", "owner": {"name": "Ministry of Health"}, "keph_level": {"name": "Level 2"}, "ward": {"code": 360}, "number_of_cots": 0, "town": {"name": "ikanga"}, "name": "Yaathi Dispensary", "created": "2011-03-29T11:48:33.930000+00:00", "regulatory_body": {"name": "Ministry of Health"}, "facility_type": {"name": "Dispensary"}, "plot_number": null, "operation_status": {"name": "Operational"}, "number_of_beds": 0}, {"code": 17599, "location_desc": "Kanziku", "official_name": "Mikongoni Dispensary", "owner": {"name": "Ministry of Health"}, "keph_level": {"name": "Level 2"}, "ward": {"code": 368}, "number_of_cots": 0, "town": {"name": "kanziku"}, "name": "Mikongoni Dispensary", "created": "2011-03-29T12:03:27.550000+00:00", "regulatory_body": {"name": "Ministry of Health"}, "facility_type": {"name": "Dispensary"}, "plot_number": null, "operation_status": {"name": "Operational"}, "number_of_beds": 0}, {"code": 17600, "location_desc": "Kanziku", "official_name": "Ekani Dispensary", "owner": {"name": "Ministry of Health"}, "keph_level": {"name": "Level 2"}, "ward": {"code": 362}, "number_of_cots": 0, "town": {"name": "kanziku"}, "name": "Ekani Dispenasry", "created": "2011-03-29T12:13:32.080000+00:00", "regulatory_body": {"name": "Ministry of Health"}, "facility_type": {"name": "Dispensary"}, "plot_number": null, "operation_status": {"name": "Operational"}, "number_of_beds": 0}, {"code": 17601, "location_desc": "Athi", "official_name": "Monguni Dispensary", "owner": {"name": "Ministry of Health"}, "keph_level": {"name": "Level 2"}, "ward": {"code": 370}, "number_of_cots": 0, "town": {"name": "athi"}, "name": "Monguni Dispensary", "created": "2011-03-29T12:22:56.893000+00:00", "regulatory_body": {"name": "Ministry of Health"}, "facility_type": {"name": "Dispensary"}, "plot_number": null, "operation_status": {"name": "Operational"}, "number_of_beds": 0}, {"code": 17602, "location_desc": "Mutha", "official_name": "Kalambani Dispensary", "owner": {"name": "Ministry of Health"}, "keph_level": {"name": "Level 2"}, "ward": {"code": 359}, "number_of_cots": 0, "town": {"name": "mutha"}, "name": "Kalambani Dispensary", "created": "2011-03-29T12:34:01.670000+00:00", "regulatory_body": {"name": "Ministry of Health"}, "facility_type": {"name": "Dispensary"}, "plot_number": null, "operation_status": {"name": "Operational"}, "number_of_beds": 0}, {"code": 17603, "location_desc": null, "official_name": "Muamba Dispensary", "owner": {"name": "Ministry of Health"}, "keph_level": {"name": "Level 2"}, "ward": {"code": 361}, "number_of_cots": 0, "town": {"name": "mutomo"}, "name": "Muamba Dispensary", "created": "2011-03-29T16:18:54.320000+00:00", "regulatory_body": {"name": "Ministry of Health"}, "facility_type": {"name": "Dispensary"}, "plot_number": null, "operation_status": {"name": "Operational"}, "number_of_beds": 0}, {"code": 17604, "location_desc": "Mutomo", "official_name": "Mwengea Dispensary", "owner": {"name": "Ministry of Health"}, "keph_level": {"name": "Level 2"}, "ward": {"code": 361}, "number_of_cots": 0, "town": {"name": "mutomo"}, "name": "Mwengea Dispensary", "created": "2011-03-29T16:36:29.253000+00:00", "regulatory_body": {"name": "Ministry of Health"}, "facility_type": {"name": "Dispensary"}, "plot_number": null, "operation_status": {"name": "Operational"}, "number_of_beds": 0}, {"code": 17606, "location_desc": "Kanziku", "official_name": "Muthue Dispensary", "owner": {"name": "Ministry of Health"}, "keph_level": {"name": "Level 2"}, "ward": {"code": 361}, "number_of_cots": 0, "town": {"name": "muthue"}, "name": "Muthue Dispenary", "created": "2011-03-29T17:30:54.747000+00:00", "regulatory_body": {"name": "Ministry of Health"}, "facility_type": {"name": "Dispensary"}, "plot_number": null, "operation_status": {"name": "Operational"}, "number_of_beds": 0}, {"code": 17607, "location_desc": "From Awendo town 2km then you brach to the Right.from the junction is about 3km", "official_name": "Ombo Bita Dispensary", "owner": {"name": "Community Development Fund"}, "keph_level": {"name": "Level 2"}, "ward": {"code": 1268}, "number_of_cots": 0, "town": {"name": "awendo market center"}, "name": "Ombo Bita Dispensary", "created": "2011-03-30T20:27:35.150000+00:00", "regulatory_body": {"name": "Ministry of Health"}, "facility_type": {"name": "Dispensary"}, "plot_number": null, "operation_status": {"name": "Operational"}, "number_of_beds": 0}, {"code": 17608, "location_desc": "Near Baross Hotel", "official_name": "Luucho Dispensary", "owner": {"name": "Ministry of Health"}, "keph_level": {"name": "Level 2"}, "ward": {"code": 1086}, "number_of_cots": 0, "town": {"name": "kabuchai"}, "name": "Luucho Dispensary", "created": "2011-03-31T10:00:51.967000+00:00", "regulatory_body": {"name": "Ministry of Health"}, "facility_type": {"name": "Dispensary"}, "plot_number": null, "operation_status": {"name": "Operational"}, "number_of_beds": 0}, {"code": 17609, "location_desc": null, "official_name": "Blueturtle", "owner": {"name": "Private Practice - Nurse / Midwife"}, "keph_level": {"name": "Level 2"}, "ward": {"code": 357}, "number_of_cots": 0, "town": {"name": "ikanga"}, "name": "Blueturtle", "created": "2011-03-31T11:03:20.050000+00:00", "regulatory_body": {"name": "Nursing Council of Kenya (Private Practice)"}, "facility_type": {"name": "Medical Clinic"}, "plot_number": null, "operation_status": {"name": "Operational"}, "number_of_beds": 0}, {"code": 17610, "location_desc": "Ikutha", "official_name": "Ikutha Medical Clinic", "owner": {"name": "Private Practice - Nurse / Midwife"}, "keph_level": {"name": "Level 2"}, "ward": {"code": 370}, "number_of_cots": 0, "town": {"name": "ikutha town"}, "name": "Ikutha Medical Clinic", "created": "2011-03-31T16:03:55.980000+00:00", "regulatory_body": {"name": "Nursing Council of Kenya (Private Practice)"}, "facility_type": {"name": "Medical Clinic"}, "plot_number": null, "operation_status": {"name": "Operational"}, "number_of_beds": 0}, {"code": 17611, "location_desc": "Near Kyevaluki Catholic Church at Kyevaluki Market", "official_name": "Kyevaluki Dispensary", "owner": {"name": "Other Public Institution"}, "keph_level": {"name": "Level 2"}, "ward": {"code": 384}, "number_of_cots": 0, "town": {"name": "kyevaluki market"}, "name": "Kyevaluki Dispensary", "created": "2011-04-05T20:46:11.400000+00:00", "regulatory_body": {"name": "Ministry of Health"}, "facility_type": {"name": "Dispensary"}, "plot_number": null, "operation_status": {"name": "Pending Opening"}, "number_of_beds": 0}, {"code": 17612, "location_desc": "Next to Kikuyuni Primary School off kyeleni Kituluni Road", "official_name": "Kikuyuni Dispensary", "owner": {"name": "Local Authority T Fund"}, "keph_level": {"name": "Level 2"}, "ward": {"code": 389}, "number_of_cots": 0, "town": {"name": "kituluni market"}, "name": "Kikuyuni Dispensary", "created": "2011-04-05T21:00:06.943000+00:00", "regulatory_body": {"name": "Ministry of Health"}, "facility_type": {"name": "Dispensary"}, "plot_number": null, "operation_status": {"name": "Operational"}, "number_of_beds": 0}, {"code": 17613, "location_desc": "3 km off kangundo-Mwala Road branching at Manyatta Sec. School at Miu Market", "official_name": "Miu Dispensary", "owner": {"name": "Community Development Fund"}, "keph_level": {"name": "Level 2"}, "ward": {"code": 383}, "number_of_cots": 0, "town": {"name": "miu market"}, "name": "Miu Dispensary", "created": "2011-04-05T21:12:16.123000+00:00", "regulatory_body": {"name": "Ministry of Health"}, "facility_type": {"name": "Dispensary"}, "plot_number": null, "operation_status": {"name": "Operational"}, "number_of_beds": 0}, {"code": 17614, "location_desc": "Tala Donyo Sabuk road near Donyo sabuk Market", "official_name": "Uamani Dispensary", "owner": {"name": "Community Development Fund"}, "keph_level": {"name": "Level 2"}, "ward": {"code": 386}, "number_of_cots": 0, "town": {"name": "donyo sabuk market"}, "name": "Uamani Dispensary", "created": "2011-04-05T21:21:04.377000+00:00", "regulatory_body": {"name": "Ministry of Health"}, "facility_type": {"name": "Dispensary"}, "plot_number": null, "operation_status": {"name": "Operational"}, "number_of_beds": 0}, {"code": 17615, "location_desc": "Next to ABC Kawauni Church and School", "official_name": "Kawauni Dispensary", "owner": {"name": "Community Development Fund"}, "keph_level": {"name": "Level 2"}, "ward": {"code": 381}, "number_of_cots": 0, "town": {"name": "katwii market"}, "name": "Kawauni Dispensary", "created": "2011-04-05T21:29:57.243000+00:00", "regulatory_body": {"name": "Ministry of Health"}, "facility_type": {"name": "Dispensary"}, "plot_number": null, "operation_status": {"name": "Pending Opening"}, "number_of_beds": 0}, {"code": 17616, "location_desc": "Behind Kathaana Market", "official_name": "Kathaana Dispensary", "owner": {"name": "Community Development Fund"}, "keph_level": {"name": "Level 2"}, "ward": {"code": 384}, "number_of_cots": 0, "town": {"name": "kathaana market"}, "name": "Kathaana Dispensary", "created": "2011-04-05T21:39:39.743000+00:00", "regulatory_body": {"name": "Ministry of Health"}, "facility_type": {"name": "Dispensary"}, "plot_number": null, "operation_status": {"name": "Pending Opening"}, "number_of_beds": 0}], "model": "facilities.Facility", "unique_fields": ["code"]}]