[{"records": [{"code": 17836, "location_desc": "Langa mwisho", "official_name": "Goodwill medical clinic", "owner": {"name": "Private Practice - Nurse / Midwife"}, "keph_level": {"name": "Level 2"}, "ward": {"code": 875}, "number_of_cots": 0, "town": {"name": "nakuru"}, "name": "Goodwill Medical Clinic", "created": "2011-06-06T13:39:37.900000+00:00", "regulatory_body": {"name": "Nursing Council of Kenya (Private Practice)"}, "facility_type": {"name": "Medical Clinic"}, "plot_number": "752", "operation_status": {"name": "Operational"}, "number_of_beds": 0}, {"code": 17837, "location_desc": null, "official_name": "Gituamba community Dispensary", "owner": {"name": "Community Development Fund"}, "keph_level": {"name": "Level 2"}, "ward": {"code": 555}, "number_of_cots": 0, "town": {"name": "gituamba"}, "name": "Gituamba Community Dispensary", "created": "2011-06-06T15:47:16.087000+00:00", "regulatory_body": {"name": "Ministry of Health"}, "facility_type": {"name": "Dispensary"}, "plot_number": null, "operation_status": {"name": "Operational"}, "number_of_beds": 0}, {"code": 17840, "location_desc": "Namanga rOAD", "official_name": "Kitengela Pona Services ", "owner": {"name": "Private Practice - General Practitioner"}, "keph_level": {"name": "Level 3"}, "ward": {"code": 921}, "number_of_cots": 17, "town": {"name": "kitengela"}, "name": "Kitengela Pona Services", "created": "2011-06-07T09:39:47.890000+00:00", "regulatory_body": {"name": "Kenya MPDB - Institution"}, "facility_type": {"name": "Health Centre"}, "plot_number": null, "operation_status": {"name": "Operational"}, "number_of_beds": 17}, {"code": 17843, "location_desc": null, "official_name": "Gitaraka Dispensary", "owner": {"name": "Ministry of Health"}, "keph_level": {"name": "Level 2"}, "ward": {"code": 323}, "number_of_cots": 1, "name": "Gitaraka Dispensary", "created": "2011-06-09T11:05:49.853000+00:00", "regulatory_body": {"name": "Ministry of Health"}, "facility_type": {"name": "Dispensary"}, "plot_number": null, "operation_status": {"name": "Operational"}, "number_of_beds": 1}, {"code": 17844, "location_desc": "In Mlolongo Market", "official_name": "Mlolongo Wellness Centre", "owner": {"name": "Ministry of Health"}, "keph_level": {"name": "Level 2"}, "ward": {"code": 397}, "number_of_cots": 0, "town": {"name": "mlolongo"}, "name": "Mlolongo Wellness Centre", "created": "2011-06-09T11:29:32.447000+00:00", "regulatory_body": {"name": "Ministry of Health"}, "facility_type": {"name": "Dispensary"}, "plot_number": null, "operation_status": {"name": "Operational"}, "number_of_beds": 0}, {"code": 17846, "location_desc": null, "official_name": "International Medical Corps Mobile VCT (Mbita)", "owner": {"name": "Non-Governmental Organizations"}, "keph_level": {"name": "Level 2"}, "ward": {"code": 1254}, "number_of_cots": 0, "town": {"name": "mbita"}, "name": "International Medical Corps Mobile VCT (Mbita)", "created": "2011-06-09T16:46:07.557000+00:00", "regulatory_body": {"name": "Kenya MPDB - Private Practice"}, "facility_type": {"name": "VCT Centre (Stand-Alone)"}, "plot_number": null, "operation_status": {"name": "Operational"}, "number_of_beds": 0}, {"code": 17847, "location_desc": "Eastleigh Round About Garage", "official_name": "Alliance Medical Center", "owner": {"name": "Private Enterprise (Institution)"}, "keph_level": {"name": "Level 2"}, "ward": {"code": 1436}, "number_of_cots": 1, "town": {"name": "garissa lodge market"}, "name": "Alliance Medical Centre", "created": "2011-06-09T18:38:20.430000+00:00", "regulatory_body": {"name": "Kenya MPDB - Institution"}, "facility_type": {"name": "Medical Clinic"}, "plot_number": "36/v11/366", "operation_status": {"name": "Operational"}, "number_of_beds": 20}, {"code": 17848, "location_desc": null, "official_name": "Kadvan Medical Clinic", "owner": {"name": "Private Practice - Nurse / Midwife"}, "keph_level": {"name": "Level 2"}, "ward": {"code": 1010}, "number_of_cots": 1, "town": {"name": "sabatia"}, "name": "Kadvan Medical Clinic", "created": "2011-06-10T08:53:19.887000+00:00", "regulatory_body": {"name": "Ministry of Health"}, "facility_type": {"name": "Medical Clinic"}, "plot_number": null, "operation_status": {"name": "Operational"}, "number_of_beds": 1}, {"code": 17849, "location_desc": null, "official_name": "Vision Medical Clinic Butere", "owner": {"name": "Private Practice - Clinical Officer"}, "keph_level": {"name": "Level 2"}, "ward": {"code": 1032}, "number_of_cots": 1, "town": {"name": "bukura"}, "name": "Vision Medical Clinic Butere", "created": "2011-06-10T09:08:48.867000+00:00", "regulatory_body": {"name": "Ministry of Health"}, "facility_type": {"name": "Medical Clinic"}, "plot_number": null, "operation_status": {"name": "Operational"}, "number_of_beds": 1}, {"code": 17850, "location_desc": null, "official_name": "Bukura Medical Clinic", "owner": {"name": "Private Practice - Clinical Officer"}, "keph_level": {"name": "Level 2"}, "ward": {"code": 1010}, "number_of_cots": 1, "town": {"name": "sabatia"}, "name": "Bukura Medical Clinic", "created": "2011-06-10T09:16:39.050000+00:00", "regulatory_body": {"name": "Ministry of Health"}, "facility_type": {"name": "Medical Clinic"}, "plot_number": null, "operation_status": {"name": "Operational"}, "number_of_beds": 1}, {"code": 17851, "location_desc": null, "official_name": "Pona Medical Clinic", "owner": {"name": "Private Practice - Nurse / Midwife"}, "keph_level": {"name": "Level 2"}, "ward": {"code": 1033}, "number_of_cots": 1, "town": {"name": "butere"}, "name": "Pona Medical Clinic", "created": "2011-06-10T09:24:20.163000+00:00", "regulatory_body": {"name": "Ministry of Health"}, "facility_type": {"name": "Medical Clinic"}, "plot_number": null, "operation_status": {"name": "Operational"}, "number_of_beds": 1}, {"code": 17852, "location_desc": null, "official_name": "Oyuma Dispensaary", "owner": {"name": "Ministry of Health"}, "keph_level": {"name": "Level 2"}, "ward": {"code": 1232}, "number_of_cots": 0, "town": {"name": "oyuma"}, "name": "Oyuma Dispensary (Rachuonyo)", "created": "2011-06-10T12:58:25.637000+00:00", "regulatory_body": {"name": "Ministry of Health"}, "facility_type": {"name": "Dispensary"}, "plot_number": null, "operation_status": {"name": "Operational"}, "number_of_beds": 0}, {"code": 17853, "location_desc": null, "official_name": "Maloba Health Clinic", "owner": {"name": "Private Practice - Nurse / Midwife"}, "keph_level": {"name": "Level 2"}, "ward": {"code": 1032}, "number_of_cots": 1, "town": {"name": "butere"}, "name": "Maloba Health Clinic", "created": "2011-06-10T15:30:35.330000+00:00", "regulatory_body": {"name": "Ministry of Health"}, "facility_type": {"name": "Medical Clinic"}, "plot_number": null, "operation_status": {"name": "Operational"}, "number_of_beds": 1}, {"code": 17854, "location_desc": "Nairobi Namanga Road", "official_name": "Pona Services OPD", "owner": {"name": "Private Practice - General Practitioner"}, "keph_level": {"name": "Level 2"}, "ward": {"code": 921}, "number_of_cots": 0, "town": {"name": "kitengela"}, "name": "Pona Services Opd", "created": "2011-06-10T15:45:46.960000+00:00", "regulatory_body": {"name": "Kenya MPDB - Private Practice"}, "facility_type": {"name": "Medical Clinic"}, "plot_number": null, "operation_status": {"name": "Operational"}, "number_of_beds": 0}, {"code": 17855, "location_desc": null, "official_name": "Bashal Islamic Community Health Initiative ", "owner": {"name": "Supreme Council for Kenya Muslims"}, "keph_level": {"name": "Level 3"}, "ward": {"code": 134}, "number_of_cots": 0, "town": {"name": "iftin trading centre"}, "name": "Bashal Islamic Community Health Initiative", "created": "2011-06-11T11:39:56.790000+00:00", "regulatory_body": {"name": "Ministry of Health"}, "facility_type": {"name": "Health Centre"}, "plot_number": null, "operation_status": {"name": "Operational"}, "number_of_beds": 0}, {"code": 17858, "location_desc": "sirikwa centre", "official_name": "Sirikwa Dispensary", "owner": {"name": "Community Development Fund"}, "keph_level": {"name": "Level 2"}, "ward": {"code": 855}, "number_of_cots": 0, "town": {"name": "sirikwa"}, "name": "Sirikwa Peace Dispensary", "created": "2011-06-13T11:33:24.787000+00:00", "regulatory_body": {"name": "Ministry of Health"}, "facility_type": {"name": "Dispensary"}, "plot_number": null, "operation_status": {"name": "Not-Operational"}, "number_of_beds": 0}, {"code": 17859, "location_desc": "Tendwet Centre.", "official_name": "Tendwet Dispensary", "owner": {"name": "Local Authority T Fund"}, "keph_level": {"name": "Level 2"}, "ward": {"code": 850}, "number_of_cots": 0, "town": {"name": "tendwet shopping centre"}, "name": "Tendwet Dispensary", "created": "2011-06-13T11:41:43.230000+00:00", "regulatory_body": {"name": "Ministry of Health"}, "facility_type": {"name": "Dispensary"}, "plot_number": null, "operation_status": {"name": "Operational"}, "number_of_beds": 0}, {"code": 17860, "location_desc": "Pombo trading Centre", "official_name": "Silibwet Dispensary", "owner": {"name": "Community Development Fund"}, "keph_level": {"name": "Level 2"}, "ward": {"code": 850}, "number_of_cots": 0, "town": {"name": "pombo centre"}, "name": "Silibwet Dispensary", "created": "2011-06-13T11:49:54.960000+00:00", "regulatory_body": {"name": "Ministry of Health"}, "facility_type": {"name": "Dispensary"}, "plot_number": "nakuru/olenguruone/keringet block 1/252", "operation_status": {"name": "Operational"}, "number_of_beds": 0}, {"code": 17861, "location_desc": "Embakasi Roundabout near Utawala Shoping Centre", "official_name": "Romieva Medical Centre", "owner": {"name": "Non-Governmental Organizations"}, "keph_level": {"name": "Level 2"}, "ward": {"code": 1423}, "number_of_cots": 2, "town": {"name": "embakasi"}, "name": "Romieva Medical Centre", "created": "2011-06-13T12:12:17.617000+00:00", "regulatory_body": {"name": "Kenya MPDB - Private Practice"}, "facility_type": {"name": "Medical Clinic"}, "plot_number": "100 utawala", "operation_status": {"name": "Operational"}, "number_of_beds": 20}, {"code": 17862, "location_desc": "changamwe shopping centre opp. equity bank", "official_name": "Mainland Health Centre (Changamwe)", "owner": {"name": "Private Practice - Unspecified"}, "keph_level": {"name": "Level 2"}, "ward": {"code": 5}, "number_of_cots": 1, "town": {"name": "mombasa"}, "name": "Mainland Health Centre (Changamwe)", "created": "2011-06-13T13:58:15.153000+00:00", "regulatory_body": {"name": "Kenya MPDB - Private Practice"}, "facility_type": {"name": "Health Centre"}, "plot_number": "vmn/2532", "operation_status": {"name": "Operational"}, "number_of_beds": 10}, {"code": 17863, "location_desc": "Along likoni-lungalunga road adjacent to shell filling station opp. lsdh before corner ya police", "official_name": "Zaro Nursing Clinic", "owner": {"name": "Private Practice - Nurse / Midwife"}, "keph_level": {"name": "Level 2"}, "ward": {"code": 25}, "number_of_cots": 0, "town": {"name": "mombasa"}, "name": "Zaro Nursing Clinic (Likoni)", "created": "2011-06-13T14:09:58.737000+00:00", "regulatory_body": {"name": "Nursing Council of Kenya (Private Practice)"}, "facility_type": {"name": "Medical Clinic"}, "plot_number": "l/10", "operation_status": {"name": "Operational"}, "number_of_beds": 0}, {"code": 17869, "location_desc": "opposite Mariakani District Hospital", "official_name": "Hope Medical Clinic", "owner": {"name": "Private Practice - Clinical Officer"}, "keph_level": {"name": "Level 2"}, "ward": {"code": 63}, "number_of_cots": 0, "town": {"name": "mariakani"}, "name": "Hope Medical Clinic (Mariakani)", "created": "2011-06-13T18:32:32.287000+00:00", "regulatory_body": {"name": "Clinical Officers Council"}, "facility_type": {"name": "Medical Clinic"}, "plot_number": null, "operation_status": {"name": "Operational"}, "number_of_beds": 0}, {"code": 17870, "location_desc": null, "official_name": "Burabor dispensary", "owner": {"name": "Ministry of Health"}, "keph_level": {"name": "Level 2"}, "ward": {"code": 214}, "number_of_cots": 0, "town": {"name": "burabor"}, "name": "Burabor Dispensary", "created": "2011-06-13T18:39:04.673000+00:00", "regulatory_body": {"name": "Ministry of Health"}, "facility_type": {"name": "Dispensary"}, "plot_number": null, "operation_status": {"name": "Operational"}, "number_of_beds": 0}, {"code": 17871, "location_desc": "Along Mariakani - kaloleni RD Mariakani Town", "official_name": "Baobab Medical Clinic", "owner": {"name": "Private Practice - Clinical Officer"}, "keph_level": {"name": "Level 2"}, "ward": {"code": 63}, "number_of_cots": 0, "town": {"name": "mariakani"}, "name": "Baobab Medical Clinic", "created": "2011-06-13T18:44:57.120000+00:00", "regulatory_body": {"name": "Clinical Officers Council"}, "facility_type": {"name": "Medical Clinic"}, "plot_number": null, "operation_status": {"name": "Operational"}, "number_of_beds": 0}, {"code": 17873, "location_desc": null, "official_name": "Tuiyoluk Dispensary", "owner": {"name": "Ministry of Health"}, "keph_level": {"name": "Level 2"}, "ward": {"code": 714}, "number_of_cots": 0, "town": {"name": "eldoret"}, "name": "Tuiyoluk Dispensary", "created": "2011-06-15T10:00:37.677000+00:00", "regulatory_body": {"name": "Ministry of Health"}, "facility_type": {"name": "Dispensary"}, "plot_number": null, "operation_status": {"name": "Operational"}, "number_of_beds": 0}, {"code": 17874, "location_desc": "Near Moi Teaching & Referral Hospital ", "official_name": "Eldoret MTC Clinic", "owner": {"name": "Ministry of Health"}, "keph_level": {"name": "Level 2"}, "ward": {"code": 723}, "number_of_cots": 0, "town": {"name": "eldoret"}, "name": "Eldoret MTC Clinic", "created": "2011-06-15T10:23:43.317000+00:00", "regulatory_body": {"name": "Ministry of Health"}, "facility_type": {"name": "Medical Clinic"}, "plot_number": null, "operation_status": {"name": "Operational"}, "number_of_beds": 0}, {"code": 17876, "location_desc": "Along Wangige Kingeero Road, Kikuyu", "official_name": "St Angela Merici Health Centre (Kingeero) ", "owner": {"name": "Kenya Episcopal Conference-Catholic Secretariat"}, "keph_level": {"name": "Level 3"}, "ward": {"code": 591}, "number_of_cots": 2, "town": {"name": "near wangige town"}, "name": "St Angela Merici Health Centre (Kingeero)", "created": "2011-06-15T12:49:00.210000+00:00", "regulatory_body": {"name": "Kenya MPDB - Private Practice"}, "facility_type": {"name": "Health Centre"}, "plot_number": "543/544", "operation_status": {"name": "Operational"}, "number_of_beds": 11}, {"code": 17877, "location_desc": "Along General kago road in the Thika  GOK Prison compound", "official_name": "G.K Prisons(Thika)", "owner": {"name": "Ministry of Health"}, "keph_level": {"name": "Level 2"}, "ward": {"code": 565}, "number_of_cots": 0, "town": {"name": "thika town"}, "name": "G K Prisons (Thika)", "created": "2011-06-15T12:56:47.923000+00:00", "regulatory_body": {"name": "Ministry of Health"}, "facility_type": {"name": "Dispensary"}, "plot_number": null, "operation_status": {"name": "Operational"}, "number_of_beds": 0}, {"code": 17878, "location_desc": "Mau-Summit Trading centre.", "official_name": "PCEA Mau-Summit Health Centre", "owner": {"name": "Other Faith Based"}, "keph_level": {"name": "Level 2"}, "ward": {"code": 856}, "number_of_cots": 0, "town": {"name": "mau-summit trading centre."}, "name": "PCEA Mau-Summit Health Centre", "created": "2011-06-15T15:02:42.313000+00:00", "regulatory_body": {"name": "Kenya MPDB - Institution"}, "facility_type": {"name": "Dispensary"}, "plot_number": "6/1172 kamara mau-summit", "operation_status": {"name": "Operational"}, "number_of_beds": 0}, {"code": 17879, "location_desc": null, "official_name": "Huruma Medical Clinic (Kanja)", "owner": {"name": "Private Practice - Nurse / Midwife"}, "keph_level": {"name": "Level 2"}, "ward": {"code": 320}, "number_of_cots": 0, "town": {"name": "kanja"}, "name": "Huruma Medical Clinic (Kanja)", "created": "2011-06-16T10:40:54.417000+00:00", "regulatory_body": {"name": "Nursing Council of Kenya (Private Practice)"}, "facility_type": {"name": "Medical Clinic"}, "plot_number": "19 kanja", "operation_status": {"name": "Operational"}, "number_of_beds": 0}, {"code": 17880, "location_desc": "Within Sotik Town", "official_name": "Sotik Town VCT", "owner": {"name": "Private Enterprise (Institution)"}, "keph_level": {"name": "Level 2"}, "ward": {"code": 967}, "number_of_cots": 0, "town": {"name": "sotik"}, "name": "Sotik Town VCT", "created": "2011-06-16T12:53:03.940000+00:00", "regulatory_body": {"name": "Other"}, "facility_type": {"name": "VCT Centre (Stand-Alone)"}, "plot_number": null, "operation_status": {"name": "Operational"}, "number_of_beds": 0}, {"code": 17881, "location_desc": "Along Mumias Road opposite Total Petrol station", "official_name": "Khalaba Medical Clinic", "owner": {"name": "Private Practice - Medical Specialist"}, "keph_level": {"name": "Level 2"}, "ward": {"code": 1099}, "number_of_cots": 0, "town": {"name": "bungoma"}, "name": "Khalaba Medical Clinic", "created": "2011-06-16T16:20:50.883000+00:00", "regulatory_body": {"name": "Clinical Officers Council"}, "facility_type": {"name": "Medical Clinic"}, "plot_number": "e/bukusu/s.kanduyi/2298", "operation_status": {"name": "Operational"}, "number_of_beds": 10}, {"code": 17882, "location_desc": null, "official_name": "Baraka Medical Clinic (Runyenjes)", "owner": {"name": "Private Practice - Nurse / Midwife"}, "keph_level": {"name": "Level 2"}, "ward": {"code": 322}, "number_of_cots": 0, "name": "Baraka Medical Clinic (Runyenjes)", "created": "2011-06-16T17:40:07.120000+00:00", "regulatory_body": {"name": "Nursing Council of Kenya (Private Practice)"}, "facility_type": {"name": "Medical Clinic"}, "plot_number": "3191 kyeni/mufu", "operation_status": {"name": "Operational"}, "number_of_beds": 0}, {"code": 17883, "location_desc": null, "official_name": "Munyange Gikoe Dispensary", "owner": {"name": "Ministry of Health"}, "keph_level": {"name": "Level 2"}, "ward": {"code": 483}, "number_of_cots": 0, "name": "Munyange Gikoe Dispensary", "created": "2011-06-17T16:22:13.927000+00:00", "regulatory_body": {"name": "Ministry of Health"}, "facility_type": {"name": "Dispensary"}, "plot_number": null, "operation_status": {"name": "Operational"}, "number_of_beds": 0}, {"code": 17884, "location_desc": null, "official_name": "The Serena medical clinic", "owner": {"name": "Private Practice - Clinical Officer"}, "keph_level": {"name": "Level 2"}, "ward": {"code": 78}, "number_of_cots": 0, "town": {"name": "malindi"}, "name": "Serena Medical Clinic", "created": "2011-06-20T09:47:06.607000+00:00", "regulatory_body": {"name": "Clinical Officers Council"}, "facility_type": {"name": "Medical Clinic"}, "plot_number": null, "operation_status": {"name": "Operational"}, "number_of_beds": 0}, {"code": 17885, "location_desc": "malindi-barani-kisumu ndogo", "official_name": "Imani Medical Services", "owner": {"name": "Private Practice - Clinical Officer"}, "keph_level": {"name": "Level 2"}, "ward": {"code": 78}, "number_of_cots": 0, "town": {"name": "kisumu ndogo"}, "name": "Imani Medical Services", "created": "2011-06-20T10:02:48.070000+00:00", "regulatory_body": {"name": "Clinical Officers Council"}, "facility_type": {"name": "Medical Clinic"}, "plot_number": "003", "operation_status": {"name": "Operational"}, "number_of_beds": 0}, {"code": 17886, "location_desc": null, "official_name": "Al-amin Medical Clinic", "owner": {"name": "Private Practice - Clinical Officer"}, "keph_level": {"name": "Level 2"}, "ward": {"code": 78}, "number_of_cots": 0, "town": {"name": "malindi"}, "name": "Al-Amin Medical Clinic", "created": "2011-06-20T10:20:48.110000+00:00", "regulatory_body": {"name": "Clinical Officers Council"}, "facility_type": {"name": "Medical Clinic"}, "plot_number": "2359", "operation_status": {"name": "Operational"}, "number_of_beds": 0}, {"code": 17887, "location_desc": null, "official_name": "Venoma Medical Clinic", "owner": {"name": "Private Practice - Nurse / Midwife"}, "keph_level": {"name": "Level 2"}, "ward": {"code": 85}, "number_of_cots": 0, "town": {"name": "malindi complex"}, "name": "Venoma Medical Clinic", "created": "2011-06-20T10:30:56.650000+00:00", "regulatory_body": {"name": "Nursing Council of Kenya (Private Practice)"}, "facility_type": {"name": "Medical Clinic"}, "plot_number": "m.", "operation_status": {"name": "Operational"}, "number_of_beds": 0}, {"code": 17888, "location_desc": null, "official_name": "Kakuyuni Dispensary", "owner": {"name": "Ministry of Health"}, "keph_level": {"name": "Level 2"}, "ward": {"code": 84}, "number_of_cots": 0, "town": {"name": "malindi"}, "name": "Kakuyuni Facility", "created": "2011-06-20T10:45:08.103000+00:00", "regulatory_body": {"name": "Kenya MPDB - Private Practice"}, "facility_type": {"name": "Dispensary"}, "plot_number": null, "operation_status": {"name": "Pending Opening"}, "number_of_beds": 0}, {"code": 17889, "location_desc": "ALong Lamuria Wiyumiririe road next to Olpejeta Conservancy", "official_name": "Withare Dispensary", "owner": {"name": "Ministry of Health"}, "keph_level": {"name": "Level 2"}, "ward": {"code": 817}, "number_of_cots": 0, "town": {"name": "lamuria"}, "name": "Withare Dispensary", "created": "2011-06-20T13:43:57.313000+00:00", "regulatory_body": {"name": "Ministry of Health"}, "facility_type": {"name": "Dispensary"}, "plot_number": null, "operation_status": {"name": "Operational"}, "number_of_beds": 0}, {"code": 17890, "location_desc": null, "official_name": "Sabor", "owner": {"name": "Ministry of Health"}, "keph_level": {"name": "Level 2"}, "ward": {"code": 745}, "number_of_cots": 0, "town": {"name": "kapkoi"}, "name": "Sabor Forest Dispensary", "created": "2011-06-20T18:50:17.560000+00:00", "regulatory_body": {"name": "Ministry of Health"}, "facility_type": {"name": "Dispensary"}, "plot_number": null, "operation_status": {"name": "Operational"}, "number_of_beds": 0}, {"code": 17891, "location_desc": "Kabece Market Near Chogoria Town ", "official_name": "Majira Dispensary", "owner": {"name": "Ministry of Health"}, "keph_level": {"name": "Level 2"}, "ward": {"code": 300}, "number_of_cots": 0, "town": {"name": "chogoria"}, "name": "Majira Dispensary", "created": "2011-06-20T23:18:50.037000+00:00", "regulatory_body": {"name": "Ministry of Health"}, "facility_type": {"name": "Dispensary"}, "plot_number": "mwimbi/chogoria 900", "operation_status": {"name": "Operational"}, "number_of_beds": 0}, {"code": 17892, "location_desc": "Near Zigira Primary School", "official_name": "Zigira (Community) Dispensary", "owner": {"name": "Ministry of Health"}, "keph_level": {"name": "Level 2"}, "ward": {"code": 33}, "number_of_cots": 0, "town": {"name": "kinondo"}, "name": "Zigira (Community) Dispensary", "created": "2011-06-21T15:23:53+00:00", "regulatory_body": {"name": "Ministry of Health"}, "facility_type": {"name": "Dispensary"}, "plot_number": null, "operation_status": {"name": "Operational"}, "number_of_beds": 0}, {"code": 17893, "location_desc": "Near Tswaka Primary School", "official_name": "Mzizima (CDF) Dispensary", "owner": {"name": "Ministry of Health"}, "keph_level": {"name": "Level 2"}, "ward": {"code": 35}, "number_of_cots": 0, "town": {"name": "shimoni"}, "name": "Mzizima (CDF) Dispensary", "created": "2011-06-21T15:40:34.767000+00:00", "regulatory_body": {"name": "Ministry of Health"}, "facility_type": {"name": "Dispensary"}, "plot_number": null, "operation_status": {"name": "Operational"}, "number_of_beds": 0}, {"code": 17895, "location_desc": null, "official_name": "Liban Medical Clinic", "owner": {"name": "Private Practice - Nurse / Midwife"}, "keph_level": {"name": "Level 2"}, "ward": {"code": 225}, "number_of_cots": 0, "name": "Liban Medical Clinic", "created": "2011-06-21T16:15:36.350000+00:00", "regulatory_body": {"name": "Kenya MPDB - Institution"}, "facility_type": {"name": "Medical Centre"}, "plot_number": null, "operation_status": {"name": "Operational"}, "number_of_beds": 0}, {"code": 17898, "location_desc": null, "official_name": "Huruma Medical Clinic", "owner": {"name": "Private Practice - Nurse / Midwife"}, "keph_level": {"name": "Level 2"}, "ward": {"code": 225}, "number_of_cots": 0, "town": {"name": "moyale"}, "name": "Huruma Medical Clinic (Moyale)", "created": "2011-06-21T16:35:31.150000+00:00", "regulatory_body": {"name": "Kenya MPDB - Institution"}, "facility_type": {"name": "Medical Clinic"}, "plot_number": null, "operation_status": {"name": "Operational"}, "number_of_beds": 0}, {"code": 17899, "location_desc": null, "official_name": "Albilal Mewdical Clinic", "owner": {"name": "Private Practice - Unspecified"}, "keph_level": {"name": "Level 2"}, "ward": {"code": 225}, "number_of_cots": 0, "town": {"name": "moyale"}, "name": "Albilal Medical Clinic (Moyale)", "created": "2011-06-21T16:41:33.340000+00:00", "regulatory_body": {"name": "Kenya MPDB - Institution"}, "facility_type": {"name": "Medical Clinic"}, "plot_number": null, "operation_status": {"name": "Operational"}, "number_of_beds": 0}, {"code": 17900, "location_desc": null, "official_name": "Biftu Medical Clinic", "owner": {"name": "Private Practice - Unspecified"}, "keph_level": {"name": "Level 2"}, "ward": {"code": 225}, "number_of_cots": 0, "town": {"name": "moyale"}, "name": "Biftu Medical Clinic (Moyale)", "created": "2011-06-21T16:46:45.520000+00:00", "regulatory_body": {"name": "Kenya MPDB - Institution"}, "facility_type": {"name": "Medical Clinic"}, "plot_number": null, "operation_status": {"name": "Operational"}, "number_of_beds": 0}, {"code": 17901, "location_desc": null, "official_name": "Frontier Medical Clinic", "owner": {"name": "Private Practice - General Practitioner"}, "keph_level": {"name": "Level 2"}, "ward": {"code": 225}, "number_of_cots": 0, "name": "Frontier Medical Clinic (Moyale)", "created": "2011-06-21T16:54:04.713000+00:00", "regulatory_body": {"name": "Kenya MPDB - Institution"}, "facility_type": {"name": "Medical Clinic"}, "plot_number": null, "operation_status": {"name": "Operational"}, "number_of_beds": 0}, {"code": 17902, "location_desc": null, "official_name": "Maddoaddi Dispensary", "owner": {"name": "Ministry of Health"}, "keph_level": {"name": "Level 2"}, "ward": {"code": 222}, "number_of_cots": 0, "town": {"name": "sololo"}, "name": "Madoadi Dispensary (Sololo)", "created": "2011-06-21T17:01:37.727000+00:00", "regulatory_body": {"name": "Kenya MPDB - Institution"}, "facility_type": {"name": "Dispensary"}, "plot_number": null, "operation_status": {"name": "Operational"}, "number_of_beds": 0}, {"code": 17903, "location_desc": "In Athi River Town, Kenya Meat Commission Bulding", "official_name": "KMC Staff Clinic", "owner": {"name": "Parastatal"}, "keph_level": {"name": "Level 2"}, "ward": {"code": 394}, "number_of_cots": 0, "town": {"name": "mavoko"}, "name": "Kmc Staff Clinic", "created": "2011-06-22T20:28:15.620000+00:00", "regulatory_body": {"name": "Nursing Council of Kenya (Private Practice)"}, "facility_type": {"name": "Medical Clinic"}, "plot_number": null, "operation_status": {"name": "Operational"}, "number_of_beds": 1}, {"code": 17904, "location_desc": null, "official_name": "Devki Staff Clinc", "owner": {"name": "Parastatal"}, "keph_level": {"name": "Level 2"}, "ward": {"code": 394}, "number_of_cots": 1, "town": {"name": "mavoko"}, "name": "Devki Staff Clinic", "created": "2011-06-22T20:36:32.437000+00:00", "regulatory_body": {"name": "Nursing Council of Kenya (Private Practice)"}, "facility_type": {"name": "Medical Clinic"}, "plot_number": null, "operation_status": {"name": "Operational"}, "number_of_beds": 1}, {"code": 17908, "location_desc": null, "official_name": "Favour Primary Health Care", "owner": {"name": "Private Practice - Nurse / Midwife"}, "keph_level": {"name": "Level 2"}, "ward": {"code": 394}, "number_of_cots": 1, "town": {"name": "makadara"}, "name": "Favour Primary Health Care", "created": "2011-06-22T22:11:44.120000+00:00", "regulatory_body": {"name": "Nursing Council of Kenya (Private Practice)"}, "facility_type": {"name": "Medical Clinic"}, "plot_number": null, "operation_status": {"name": "Not-Operational"}, "number_of_beds": 1}, {"code": 17909, "location_desc": "Located within Thome Town 30 metres from Thome Catholic Church.", "official_name": "St John Evangelist Thome Catholic Dispensary", "owner": {"name": "Kenya Episcopal Conference-Catholic Secretariat"}, "keph_level": {"name": "Level 2"}, "ward": {"code": 816}, "number_of_cots": 1, "town": {"name": "thome"}, "name": "Thome Catholic Dispensary", "created": "2011-06-23T12:32:14.047000+00:00", "regulatory_body": {"name": "Ministry of Health"}, "facility_type": {"name": "Dispensary"}, "plot_number": null, "operation_status": {"name": "Operational"}, "number_of_beds": 3}, {"code": 17910, "location_desc": "Off Lolgorian Masai Mara Road", "official_name": "Engos Health Centre Africa Mission Services", "owner": {"name": "Christian Health Association of Kenya"}, "keph_level": {"name": "Level 3"}, "ward": {"code": 885}, "number_of_cots": 6, "town": {"name": "lolgorian market"}, "name": "Engos Health Cente", "created": "2011-06-23T15:54:47.327000+00:00", "regulatory_body": {"name": "Kenya MPDB - Institution"}, "facility_type": {"name": "Health Centre"}, "plot_number": null, "operation_status": {"name": "Operational"}, "number_of_beds": 12}, {"code": 17911, "location_desc": "Off New Malindi/Mombasa road near Frere Town Primary School", "official_name": "Kisauni Health Centre", "owner": {"name": "Local Authority"}, "keph_level": {"name": "Level 2"}, "ward": {"code": 17}, "number_of_cots": 0, "town": {"name": "near frere town primary school"}, "name": "Kisauni Dispensary", "created": "2011-06-23T18:22:17.390000+00:00", "regulatory_body": {"name": "Other"}, "facility_type": {"name": "Dispensary"}, "plot_number": null, "operation_status": {"name": "Operational"}, "number_of_beds": 0}, {"code": 17912, "location_desc": null, "official_name": "Kirathe Dispensary", "owner": {"name": "Ministry of Health"}, "keph_level": {"name": "Level 2"}, "ward": {"code": 326}, "number_of_cots": 0, "town": {"name": "gachoka"}, "name": "Kirathe Dispensary", "created": "2011-06-24T10:39:26.197000+00:00", "regulatory_body": {"name": "Ministry of Health"}, "facility_type": {"name": "Dispensary"}, "plot_number": null, "operation_status": {"name": "Operational"}, "number_of_beds": 0}, {"code": 17913, "location_desc": null, "official_name": "Kamunyange Dispensary", "owner": {"name": "Ministry of Health"}, "keph_level": {"name": "Level 2"}, "ward": {"code": 325}, "number_of_cots": 0, "name": "Kamunyange Dispensary", "created": "2011-06-24T10:45:51.940000+00:00", "regulatory_body": {"name": "Ministry of Health"}, "facility_type": {"name": "Health Centre"}, "plot_number": null, "operation_status": {"name": "Operational"}, "number_of_beds": 0}, {"code": 17915, "location_desc": "At Kibwezi Town along Kalimani Road, opposite St. Joseph Technical College.", "official_name": "Vumilia Medical Clinic", "owner": {"name": "Private Practice - Clinical Officer"}, "keph_level": {"name": "Level 2"}, "ward": {"code": 434}, "number_of_cots": 0, "town": {"name": "kibwezi"}, "name": "Vumilia Medical Clinic", "created": "2011-06-25T05:18:45.530000+00:00", "regulatory_body": {"name": "Clinical Officers Council"}, "facility_type": {"name": "Medical Clinic"}, "plot_number": "55", "operation_status": {"name": "Operational"}, "number_of_beds": 0}, {"code": 17916, "location_desc": "At Kibwezi Town along Kalimani Road, opposite P.C.E.A. Church", "official_name": "Equity Medical Clinic", "owner": {"name": "Private Practice - Clinical Officer"}, "keph_level": {"name": "Level 2"}, "ward": {"code": 434}, "number_of_cots": 0, "town": {"name": "kibwezi"}, "name": "Equity Medical Clinic", "created": "2011-06-25T05:32:47.683000+00:00", "regulatory_body": {"name": "Clinical Officers Council"}, "facility_type": {"name": "Medical Clinic"}, "plot_number": "162", "operation_status": {"name": "Operational"}, "number_of_beds": 0}, {"code": 17917, "location_desc": "At Kibwezi Town along Kalimani Road, opposite Kibwezi Sub District Hospital.", "official_name": "Tumaini Maternity and Nursing Home (Kibwezi)", "owner": {"name": "Private Practice - Clinical Officer"}, "keph_level": {"name": "Level 2"}, "ward": {"code": 434}, "number_of_cots": 0, "town": {"name": "kibwezi"}, "name": "Tumaini Maternity and Nursing Home (Kibwezi)", "created": "2011-06-25T06:03:44.703000+00:00", "regulatory_body": {"name": "Kenya MPDB - Private Practice"}, "facility_type": {"name": "Nursing Home"}, "plot_number": "113/65", "operation_status": {"name": "Operational"}, "number_of_beds": 15}, {"code": 17918, "location_desc": null, "official_name": "Iiani Dispensary (Kibwezi) ", "owner": {"name": "Ministry of Health"}, "keph_level": {"name": "Level 2"}, "ward": {"code": 440}, "number_of_cots": 2, "town": {"name": "kambu"}, "name": "Iiani Dispensary (Kibwezi)", "created": "2011-06-25T16:13:24.040000+00:00", "regulatory_body": {"name": "Ministry of Health"}, "facility_type": {"name": "Dispensary"}, "plot_number": null, "operation_status": {"name": "Operational"}, "number_of_beds": 2}, {"code": 17920, "location_desc": "Near Mwailu Accadeny and KARI Offices", "official_name": "Kari Dispensary", "owner": {"name": "Ministry of Health"}, "keph_level": {"name": "Level 2"}, "ward": {"code": 431}, "number_of_cots": 0, "town": {"name": "kiboko"}, "name": "Kari Dispensary (Kiboko)", "created": "2011-06-25T17:01:29.473000+00:00", "regulatory_body": {"name": "Ministry of Health"}, "facility_type": {"name": "Dispensary"}, "plot_number": null, "operation_status": {"name": "Not-Operational"}, "number_of_beds": 2}, {"code": 17922, "location_desc": "Within Catholic Rehabilitation Center _ Wajir ", "official_name": "Catholic Mission Dispensary", "owner": {"name": "Christian Health Association of Kenya"}, "keph_level": {"name": "Level 2"}, "ward": {"code": 169}, "number_of_cots": 0, "town": {"name": "wajir"}, "name": "Catholic Mission Dispensary", "created": "2011-06-26T20:53:55.257000+00:00", "regulatory_body": {"name": "Kenya MPDB - Institution"}, "facility_type": {"name": "Dispensary"}, "plot_number": null, "operation_status": {"name": "Operational"}, "number_of_beds": 0}, {"code": 17923, "location_desc": null, "official_name": "Walking With Maasai Community Health (Olorte)", "owner": {"name": "Non-Governmental Organizations"}, "keph_level": {"name": "Level 2"}, "ward": {"code": 909}, "number_of_cots": 0, "town": {"name": "entasekera market"}, "name": "Walking With Maasai Community Health Clinic (Olort", "created": "2011-06-27T13:07:19.927000+00:00", "regulatory_body": {"name": "Kenya MPDB - Private Practice"}, "facility_type": {"name": "Medical Clinic"}, "plot_number": null, "operation_status": {"name": "Operational"}, "number_of_beds": 0}, {"code": 17926, "location_desc": "Opposite Homa bay bus park", "official_name": "Homa bay Community Medical Clinic", "owner": {"name": "Private Practice - Clinical Officer"}, "keph_level": {"name": "Level 2"}, "ward": {"code": 1241}, "number_of_cots": 0, "town": {"name": "homa bay town"}, "name": "Homa Bay Community Medical Clinic", "created": "2011-06-27T13:58:53.217000+00:00", "regulatory_body": {"name": "Clinical Officers Council"}, "facility_type": {"name": "Medical Clinic"}, "plot_number": null, "operation_status": {"name": "Operational"}, "number_of_beds": 1}, {"code": 17927, "location_desc": "Off Chuka Meru high way 4km from Mitheru market along Mitheru Kiini road", "official_name": "MCK Kiirigu Dispensary", "owner": {"name": "Christian Health Association of Kenya"}, "keph_level": {"name": "Level 2"}, "ward": {"code": 296}, "number_of_cots": 0, "town": {"name": "chuka"}, "name": "MCK Kiirigu Dispensary", "created": "2011-06-27T20:34:04.713000+00:00", "regulatory_body": {"name": "Kenya MPDB - Institution"}, "facility_type": {"name": "Dispensary"}, "plot_number": "muthambilgatua 1305", "operation_status": {"name": "Operational"}, "number_of_beds": 0}, {"code": 17928, "location_desc": "Near Perani town centre", "official_name": "Perani clinic", "owner": {"name": "Private Practice - Nurse / Midwife"}, "keph_level": {"name": "Level 2"}, "ward": {"code": 38}, "number_of_cots": 0, "town": {"name": "lungalunga"}, "name": "Perani Private Clinic", "created": "2011-06-28T08:49:15.873000+00:00", "regulatory_body": {"name": "Kenya MPDB - Private Practice"}, "facility_type": {"name": "Medical Clinic"}, "plot_number": null, "operation_status": {"name": "Operational"}, "number_of_beds": 0}, {"code": 17929, "location_desc": "The Dispensary is next to Indangalasia primary and secondary school", "official_name": "Indangalasia Dispensary", "owner": {"name": "Ministry of Health"}, "keph_level": {"name": "Level 2"}, "ward": {"code": 1027}, "number_of_cots": 0, "town": {"name": "ogallo market"}, "name": "Indangalasia Dispensary", "created": "2011-06-29T13:22:20.870000+00:00", "regulatory_body": {"name": "Ministry of Health"}, "facility_type": {"name": "Dispensary"}, "plot_number": "575", "operation_status": {"name": "Operational"}, "number_of_beds": 4}, {"code": 17930, "location_desc": null, "official_name": "St Pauls Ejinja Dispensary", "owner": {"name": "Kenya Episcopal Conference-Catholic Secretariat"}, "keph_level": {"name": "Level 2"}, "ward": {"code": 1027}, "number_of_cots": 0, "name": "St Pauls Ejinja Dispensary", "created": "2011-06-29T13:35:32.670000+00:00", "regulatory_body": {"name": "Other"}, "facility_type": {"name": "Dispensary"}, "plot_number": null, "operation_status": {"name": "Operational"}, "number_of_beds": 4}, {"code": 17931, "location_desc": null, "official_name": "Mirere Health Centre", "owner": {"name": "Ministry of Health"}, "keph_level": {"name": "Level 3"}, "ward": {"code": 1031}, "number_of_cots": 0, "name": "Mirere Health Centre", "created": "2011-06-29T13:45:20.427000+00:00", "regulatory_body": {"name": "Ministry of Health"}, "facility_type": {"name": "Health Centre"}, "plot_number": "1286", "operation_status": {"name": "Operational"}, "number_of_beds": 10}, {"code": 17932, "location_desc": "Near Makongeni Primary School", "official_name": "Rafiki Kenia Clinic", "owner": {"name": "Private Enterprise (Institution)"}, "keph_level": {"name": "Level 2"}, "ward": {"code": 33}, "number_of_cots": 0, "town": {"name": "ukunda"}, "name": "Rafiki Kenia (Private) Clinic", "created": "2011-06-30T10:59:07.590000+00:00", "regulatory_body": {"name": "Kenya MPDB - Private Practice"}, "facility_type": {"name": "Not in List"}, "plot_number": null, "operation_status": {"name": "Operational"}, "number_of_beds": 0}, {"code": 17935, "location_desc": null, "official_name": "Kiati Dispensary", "owner": {"name": "Ministry of Health"}, "keph_level": {"name": "Level 2"}, "ward": {"code": 362}, "number_of_cots": 0, "town": {"name": "katyethoka market"}, "name": "Kiati Dispensary", "created": "2011-07-01T10:22:55.360000+00:00", "regulatory_body": {"name": "Ministry of Health"}, "facility_type": {"name": "Dispensary"}, "plot_number": null, "operation_status": {"name": "Operational"}, "number_of_beds": 0}, {"code": 17939, "location_desc": null, "official_name": "Kyaango Dispensary", "owner": {"name": "Ministry of Health"}, "keph_level": {"name": "Level 2"}, "ward": {"code": 361}, "number_of_cots": 0, "town": {"name": "voo market"}, "name": "Kyaango Dispensary", "created": "2011-07-01T10:41:57.250000+00:00", "regulatory_body": {"name": "Ministry of Health"}, "facility_type": {"name": "Dispensary"}, "plot_number": null, "operation_status": {"name": "Operational"}, "number_of_beds": 0}], "model": "facilities.Facility", "unique_fields": ["code"]}]