[{"records": [{"code": 18479, "location_desc": null, "official_name": "Kaliluni (AIC)Dispensary", "owner": {"name": "Kenya Episcopal Conference-Catholic Secretariat"}, "keph_level": {"name": "Level 2"}, "ward": {"code": 392}, "number_of_cots": 0, "name": "Kaliluni (AIC) Dispensary", "created": "2012-05-16T11:30:04.720000+00:00", "regulatory_body": {"name": "Ministry of Health"}, "facility_type": {"name": "Dispensary"}, "plot_number": null, "operation_status": {"name": "Not-Operational"}, "number_of_beds": 0}, {"code": 18480, "location_desc": "Along Nyahururu-Nyeri RD. 6km from Gwakungu centre ", "official_name": "Mbuyu Dispensary", "owner": {"name": "Ministry of Health"}, "keph_level": {"name": "Level 2"}, "ward": {"code": 462}, "number_of_cots": 0, "town": {"name": "gwakung'u"}, "name": "Mbuyu Dispensary", "created": "2012-05-16T11:49:48.650000+00:00", "regulatory_body": {"name": "Ministry of Health"}, "facility_type": {"name": "Dispensary"}, "plot_number": "706", "operation_status": {"name": "Operational"}, "number_of_beds": 0}, {"code": 18482, "location_desc": "Near mavueni primary school", "official_name": "Mavueni Dispensary", "owner": {"name": "Ministry of Health"}, "keph_level": {"name": "Level 2"}, "ward": {"code": 57}, "number_of_cots": 0, "town": {"name": "kilifi"}, "name": "Mavueni Dispensary", "created": "2012-05-18T15:39:45.320000+00:00", "regulatory_body": {"name": "Ministry of Health"}, "facility_type": {"name": "Dispensary"}, "plot_number": null, "operation_status": {"name": "Operational"}, "number_of_beds": 0}, {"code": 18483, "location_desc": "Suneka Town- Along kisii migori Road", "official_name": "Christamariane Medical CLINIC", "owner": {"name": "Kenya Episcopal Conference-Catholic Secretariat"}, "keph_level": {"name": "Level 2"}, "ward": {"code": 1303}, "number_of_cots": 0, "town": {"name": "suneka  town"}, "name": "Christamarianne Medical Clinic (Suneka)", "created": "2012-05-21T14:11:36.033000+00:00", "regulatory_body": {"name": "Kenya MPDB - Institution"}, "facility_type": {"name": "Medical Clinic"}, "plot_number": null, "operation_status": {"name": "Operational"}, "number_of_beds": 0}, {"code": 18484, "location_desc": "juja rd ,light industries in side catholic church", "official_name": "Catholic Dispensary Kariobangi", "owner": {"name": "Kenya Episcopal Conference-Catholic Secretariat"}, "keph_level": {"name": "Level 2"}, "ward": {"code": 1411}, "number_of_cots": 0, "town": {"name": "light industries, inside kariobangi ,catholic church"}, "name": "Catholic Dispensary Kariobangi", "created": "2012-05-23T20:19:49.703000+00:00", "regulatory_body": {"name": "Kenya MPDB - Institution"}, "facility_type": {"name": "Dispensary"}, "plot_number": null, "operation_status": {"name": "Operational"}, "number_of_beds": 0}, {"code": 18485, "location_desc": "Thika supper High way, opp safari park Hotel", "official_name": "Ruaraka Uhai Neema Hospital", "owner": {"name": "Kenya Episcopal Conference-Catholic Secretariat"}, "keph_level": {"name": "Level 3"}, "ward": {"code": 1398}, "number_of_cots": 0, "town": {"name": "ngumba estate oop safari park hotel"}, "name": "Ruaraka Uhai Neema Hospital", "created": "2012-05-23T20:53:15.163000+00:00", "regulatory_body": {"name": "Kenya MPDB - Institution"}, "facility_type": {"name": "Other Hospital"}, "plot_number": null, "operation_status": {"name": "Operational"}, "number_of_beds": 0}, {"code": 18486, "location_desc": "off kamiti rd ,Githurai 44 behind uncle sam near kimsa supermarket  opp Genesis Flats", "official_name": "Afya Health Care", "owner": {"name": "Private Enterprise (Institution)"}, "keph_level": {"name": "Level 2"}, "ward": {"code": 1391}, "number_of_cots": 0, "town": {"name": "off kamiti rd ,githurai 44 behind uncle sam near kimsa supermarket  opp genesis flats"}, "name": "Afya Health Care", "created": "2012-05-23T21:32:07.913000+00:00", "regulatory_body": {"name": "Nursing Council of Kenya (Private Practice)"}, "facility_type": {"name": "Dispensary"}, "plot_number": null, "operation_status": {"name": "Operational"}, "number_of_beds": 0}, {"code": 18488, "location_desc": null, "official_name": "Jacaranda Special School", "owner": {"name": "Other Public Institution"}, "keph_level": {"name": "Level 2"}, "ward": {"code": 1371}, "number_of_cots": 0, "name": "Jacaranda Special School", "created": "2012-05-25T15:22:20.233000+00:00", "regulatory_body": {"name": "Ministry of Health"}, "facility_type": {"name": "Training Institution in Health (Stand-alone)"}, "plot_number": null, "operation_status": {"name": "Operational"}, "number_of_beds": 0}, {"code": 18489, "location_desc": "1km from Chebole towards and it is on the right Side", "official_name": "Mosop", "owner": {"name": "Private Practice - General Practitioner"}, "keph_level": {"name": "Level 2"}, "ward": {"code": 968}, "number_of_cots": 0, "town": {"name": "chebole"}, "name": "Grace Medical Clinic", "created": "2012-05-28T14:02:12.020000+00:00", "regulatory_body": {"name": "Ministry of Health"}, "facility_type": {"name": "Medical Clinic"}, "plot_number": "kericho/kipsonoi 398", "operation_status": {"name": "Operational"}, "number_of_beds": 2}, {"code": 18490, "location_desc": "Along Amboseli Road within Namanga residential area", "official_name": "Namanga Disc", "owner": {"name": "Non-Governmental Organizations"}, "keph_level": {"name": "Level 2"}, "ward": {"code": 920}, "number_of_cots": 0, "town": {"name": "namanga"}, "name": "Shujaa Project Namanga", "created": "2012-05-28T21:39:43.807000+00:00", "regulatory_body": {"name": "Ministry of Health"}, "facility_type": {"name": "Medical Clinic"}, "plot_number": "152 namanga", "operation_status": {"name": "Operational"}, "number_of_beds": 0}, {"code": 18491, "location_desc": "Within Kobil Petro Station ", "official_name": "North Star Alliance", "owner": {"name": "Non-Governmental Organizations"}, "keph_level": {"name": "Level 2"}, "ward": {"code": 920}, "number_of_cots": 0, "town": {"name": "kobil petro station"}, "name": "Namanga Wellness Centre", "created": "2012-05-28T22:04:04.983000+00:00", "regulatory_body": {"name": "Ministry of Health"}, "facility_type": {"name": "Medical Clinic"}, "plot_number": null, "operation_status": {"name": "Operational"}, "number_of_beds": 0}, {"code": 18492, "location_desc": "Kakamega- Kisumu Road, opp Walodeya Pri. School Chavakali market", "official_name": "Xposha Self Help Theatre Group", "owner": {"name": "Private Enterprise (Institution)"}, "keph_level": {"name": "Level 2"}, "ward": {"code": 1057}, "number_of_cots": 0, "town": {"name": "chavakali market"}, "name": "Xposha VCT Centre", "created": "2012-05-30T09:26:18.790000+00:00", "regulatory_body": {"name": "Other"}, "facility_type": {"name": "VCT Centre (Stand-Alone)"}, "plot_number": "1246", "operation_status": {"name": "Operational"}, "number_of_beds": 0}, {"code": 20344, "location_desc": null, "official_name": "Karimboni Dispensary", "owner": {"name": "Ministry of Health"}, "keph_level": {"name": "Level 2"}, "ward": {"code": 84}, "number_of_cots": 0, "town": {"name": "garashi"}, "name": "Karimboni Dispensary", "created": "2014-06-06T18:55:48.743000+00:00", "regulatory_body": {"name": "Ministry of Health"}, "facility_type": {"name": "Dispensary"}, "plot_number": "n/a", "operation_status": {"name": "Operational"}, "number_of_beds": 0}, {"code": 20345, "location_desc": "near mjanaheri farm", "official_name": "Kijana Heri Medical Clinic", "owner": {"name": "Private Practice - Clinical Officer"}, "keph_level": {"name": "Level 2"}, "ward": {"code": 80}, "number_of_cots": 2, "town": {"name": "mambrui"}, "name": "Kijana Heri Medical Clinic", "created": "2014-06-06T19:13:03.067000+00:00", "regulatory_body": {"name": "Clinical Officers Council"}, "facility_type": {"name": "Medical Clinic"}, "plot_number": "n/a", "operation_status": {"name": "Operational"}, "number_of_beds": 3}, {"code": 20346, "location_desc": "Greenhouse Adams 1st Floor", "official_name": "AAR Adams Health Centre", "owner": {"name": "Private Practice - General Practitioner"}, "keph_level": {"name": "Level 2"}, "ward": {"code": 1377}, "number_of_cots": 0, "town": {"name": "adams"}, "name": "AAR Adams Health Centre", "created": "2014-06-09T18:15:54.960000+00:00", "regulatory_body": {"name": "Kenya MPDB - Private Practice"}, "facility_type": {"name": "Medical Clinic"}, "plot_number": null, "operation_status": {"name": "Operational"}, "number_of_beds": 0}, {"code": 20347, "location_desc": null, "official_name": "Kome DIspensary", "owner": {"name": "Ministry of Health"}, "keph_level": {"name": "Level 2"}, "ward": {"code": 1086}, "number_of_cots": 3, "town": {"name": "kodumba"}, "name": "Kome Dispensary", "created": "2014-06-09T20:28:12.667000+00:00", "regulatory_body": {"name": "Ministry of Health"}, "facility_type": {"name": "Dispensary"}, "plot_number": null, "operation_status": {"name": "Operational"}, "number_of_beds": 3}, {"code": 20348, "location_desc": "At Mazeras along Mombasa-Nairobi highway, opposite Kilifi - Mariakani water and sewerage company ", "official_name": "Lewa's Family Nursing Home", "owner": {"name": "Private Practice - Nurse / Midwife"}, "keph_level": {"name": "Level 2"}, "ward": {"code": 70}, "number_of_cots": 0, "town": {"name": "mazeras"}, "name": "Lewa's Family Nursing Home", "created": "2014-06-10T10:48:16.980000+00:00", "regulatory_body": {"name": "Nursing Council of Kenya (Private Practice)"}, "facility_type": {"name": "Medical Clinic"}, "plot_number": "619", "operation_status": {"name": "Operational"}, "number_of_beds": 2}, {"code": 20349, "location_desc": "Off Mitheru Kanwa road bellow Ndumbini primary school", "official_name": "Ndumbini Dispensary", "owner": {"name": "Ministry of Health"}, "keph_level": {"name": "Level 2"}, "ward": {"code": 296}, "number_of_cots": 0, "town": {"name": "chuka"}, "name": "Ndumbini Dispensary", "created": "2014-06-10T22:49:14.220000+00:00", "regulatory_body": {"name": "Ministry of Health"}, "facility_type": {"name": "Dispensary"}, "plot_number": null, "operation_status": {"name": "Operational"}, "number_of_beds": 0}, {"code": 20350, "location_desc": "Milele Center Namanga Road, Kitengela", "official_name": "Ufalme Medical Centre", "owner": {"name": "Private Practice - General Practitioner"}, "keph_level": {"name": "Level 2"}, "ward": {"code": 921}, "number_of_cots": 0, "town": {"name": "kitengela"}, "name": "Ufalme Medical Centre", "created": "2014-06-11T15:59:05.073000+00:00", "regulatory_body": {"name": "Kenya MPDB - Institution"}, "facility_type": {"name": "Medical Clinic"}, "plot_number": "1013", "operation_status": {"name": "Operational"}, "number_of_beds": 0}, {"code": 20351, "location_desc": "Basingstroke Plaza Embulbul shoping center Ngong Road ", "official_name": "Equity Medical Clinic Embulbul", "owner": {"name": "Private Practice - Nurse / Midwife"}, "keph_level": {"name": "Level 2"}, "ward": {"code": 914}, "number_of_cots": 0, "town": {"name": "embulbul"}, "name": "Equity Medical Clinic Embulbul", "created": "2014-06-11T16:07:26.997000+00:00", "regulatory_body": {"name": "Kenya MPDB - Private Practice"}, "facility_type": {"name": "Medical Clinic"}, "plot_number": null, "operation_status": {"name": "Operational"}, "number_of_beds": 0}, {"code": 20352, "location_desc": null, "official_name": "Kasha Dispensary", "owner": {"name": "Ministry of Health"}, "keph_level": {"name": "Level 2"}, "ward": {"code": 135}, "number_of_cots": 0, "town": {"name": "balambala"}, "name": "Kasha Dispensary", "created": "2014-06-13T08:15:18.573000+00:00", "regulatory_body": {"name": "Ministry of Health"}, "facility_type": {"name": "Dispensary"}, "plot_number": null, "operation_status": {"name": "Operational"}, "number_of_beds": 0}, {"code": 20353, "location_desc": null, "official_name": "Kasaka", "owner": {"name": "Ministry of Health"}, "keph_level": {"name": "Level 2"}, "ward": {"code": 789}, "number_of_cots": 0, "town": {"name": "kabartonjo"}, "name": "Kasaka", "created": "2014-06-16T12:22:28.903000+00:00", "regulatory_body": {"name": "Ministry of Health"}, "facility_type": {"name": "Dispensary"}, "plot_number": null, "operation_status": {"name": "Operational"}, "number_of_beds": 0}, {"code": 20354, "location_desc": "Garissa Sankuri Road", "official_name": "NEP TTI Dispensary", "owner": {"name": "Academic (if registered)"}, "keph_level": {"name": "Level 2"}, "ward": {"code": 132}, "number_of_cots": 0, "town": {"name": "garissa town"}, "name": "NEP Technical Training Institute Dispensary", "created": "2014-06-17T09:52:37.643000+00:00", "regulatory_body": {"name": "Ministry of Health"}, "facility_type": {"name": "Dispensary"}, "plot_number": null, "operation_status": {"name": "Pending Opening"}, "number_of_beds": 0}, {"code": 20356, "location_desc": "21 km from Kacheliba Hospital", "official_name": "Kalemung'orok  Dispensary", "owner": {"name": "Ministry of Health"}, "keph_level": {"name": "Level 2"}, "ward": {"code": 652}, "number_of_cots": 0, "town": {"name": "kacheliba centre"}, "name": "Kalemung'orok Dispensary", "created": "2014-06-18T10:47:30.160000+00:00", "regulatory_body": {"name": "Ministry of Health"}, "facility_type": {"name": "Dispensary"}, "plot_number": null, "operation_status": {"name": "Operational"}, "number_of_beds": 0}, {"code": 20357, "location_desc": null, "official_name": "Adenawale Dispensary", "owner": {"name": "Ministry of Health"}, "keph_level": {"name": "Level 2"}, "ward": {"code": 176}, "number_of_cots": 0, "town": {"name": "griftu"}, "name": "Adenawale Dispensaty", "created": "2014-06-18T11:01:59.150000+00:00", "regulatory_body": {"name": "Ministry of Health"}, "facility_type": {"name": "Dispensary"}, "plot_number": null, "operation_status": {"name": "Not-Operational"}, "number_of_beds": 0}, {"code": 20358, "location_desc": null, "official_name": "Wargadud Dispensary", "owner": {"name": "Ministry of Health"}, "keph_level": {"name": "Level 2"}, "ward": {"code": 181}, "number_of_cots": 2, "town": {"name": "eldas"}, "name": "Wargadud Dispensary", "created": "2014-06-18T11:14:29.487000+00:00", "regulatory_body": {"name": "Ministry of Health"}, "facility_type": {"name": "Dispensary"}, "plot_number": null, "operation_status": {"name": "Pending Opening"}, "number_of_beds": 6}, {"code": 20359, "location_desc": "Poster Road", "official_name": "Garissa Children Hospital", "owner": {"name": "Private Practice - Clinical Officer"}, "keph_level": {"name": "Level 3"}, "ward": {"code": 133}, "number_of_cots": 0, "town": {"name": "bulla guled"}, "name": "Garissa Children Hospital", "created": "2014-06-19T15:35:43.700000+00:00", "regulatory_body": {"name": "Kenya MPDB - Institution"}, "facility_type": {"name": "Medical Clinic"}, "plot_number": null, "operation_status": {"name": "Operational"}, "number_of_beds": 8}, {"code": 20362, "location_desc": "Lomut chesegon road , 17 km then turn south East ", "official_name": "Takaywa Dispensary", "owner": {"name": "Ministry of Health"}, "keph_level": {"name": "Level 2"}, "ward": {"code": 649}, "number_of_cots": 0, "town": {"name": "lomut"}, "name": "Takaywa Dispensary", "created": "2014-06-23T20:39:16.797000+00:00", "regulatory_body": {"name": "Ministry of Health"}, "facility_type": {"name": "Dispensary"}, "plot_number": null, "operation_status": {"name": "Pending Opening"}, "number_of_beds": 0}, {"code": 20363, "location_desc": null, "official_name": "Mathow Dispensary", "owner": {"name": "Ministry of Health"}, "keph_level": {"name": "Level 2"}, "ward": {"code": 183}, "number_of_cots": 1, "town": {"name": "griftu"}, "name": "Mathow", "created": "2014-06-24T16:34:32.060000+00:00", "regulatory_body": {"name": "Ministry of Health"}, "facility_type": {"name": "Dispensary"}, "plot_number": null, "operation_status": {"name": "Operational"}, "number_of_beds": 2}, {"code": 20364, "location_desc": "Along Kisii Kisumu highway near Ringa Boys", "official_name": "Ringa Dispensary", "owner": {"name": "Kenya Episcopal Conference-Catholic Secretariat"}, "keph_level": {"name": "Level 2"}, "ward": {"code": 1229}, "number_of_cots": 0, "town": {"name": "ringa market"}, "name": "Ringa Dispensary", "created": "2014-06-30T16:38:36.187000+00:00", "regulatory_body": {"name": "Other"}, "facility_type": {"name": "Dispensary"}, "plot_number": null, "operation_status": {"name": "Operational"}, "number_of_beds": 6}, {"code": 20365, "location_desc": null, "official_name": "Kalemrekai Dispensary", "owner": {"name": "Ministry of Health"}, "keph_level": {"name": "Level 2"}, "ward": {"code": 641}, "number_of_cots": 0, "town": {"name": "kongelai"}, "name": "Kalemrekai Dispensary", "created": "2014-06-30T20:36:25.380000+00:00", "regulatory_body": {"name": "Ministry of Health"}, "facility_type": {"name": "Dispensary"}, "plot_number": null, "operation_status": {"name": "Operational"}, "number_of_beds": 0}, {"code": 20366, "location_desc": null, "official_name": "Chepnyal GOK Dispensary", "owner": {"name": "Ministry of Health"}, "keph_level": {"name": "Level 2"}, "ward": {"code": 646}, "number_of_cots": 0, "town": {"name": "tamough"}, "name": "Chepnyal GOK Dispensary", "created": "2014-06-30T21:03:02.713000+00:00", "regulatory_body": {"name": "Ministry of Health"}, "facility_type": {"name": "Dispensary"}, "plot_number": null, "operation_status": {"name": "Operational"}, "number_of_beds": 0}, {"code": 20367, "location_desc": null, "official_name": "Pareywa Dispensary", "owner": {"name": "Ministry of Health"}, "keph_level": {"name": "Level 2"}, "ward": {"code": 644}, "number_of_cots": 0, "town": {"name": "siyoi"}, "name": "Paraywa Dispensary", "created": "2014-06-30T21:46:31.510000+00:00", "regulatory_body": {"name": "Ministry of Health"}, "facility_type": {"name": "Dispensary"}, "plot_number": null, "operation_status": {"name": "Operational"}, "number_of_beds": 0}, {"code": 20368, "location_desc": null, "official_name": "Kongelai Dispensary", "owner": {"name": "Ministry of Health"}, "keph_level": {"name": "Level 2"}, "ward": {"code": 641}, "number_of_cots": 0, "town": {"name": "kacheliba"}, "name": "Kongelai Dispensary", "created": "2014-06-30T21:54:58.830000+00:00", "regulatory_body": {"name": "Ministry of Health"}, "facility_type": {"name": "Dispensary"}, "plot_number": null, "operation_status": {"name": "Operational"}, "number_of_beds": 0}, {"code": 20369, "location_desc": "Next to Colingham Gardens off Maasai West Road", "official_name": "CMIA Grace Children's Centre Dispensary", "owner": {"name": "Christian Health Association of Kenya"}, "keph_level": {"name": "Level 2"}, "ward": {"code": 1381}, "number_of_cots": 0, "town": {"name": "hardy"}, "name": "CMIA Grace Children's Centre Dispensary", "created": "2014-07-01T09:10:56.293000+00:00", "regulatory_body": {"name": "Kenya MPDB - Institution"}, "facility_type": {"name": "Dispensary"}, "plot_number": "lr 1160/840", "operation_status": {"name": "Operational"}, "number_of_beds": 0}, {"code": 20370, "location_desc": "Nairobi Magadi Road Rongai", "official_name": "Airtech Medical Clinic", "owner": {"name": "Private Practice - Clinical Officer"}, "keph_level": {"name": "Level 2"}, "ward": {"code": 926}, "number_of_cots": 0, "town": {"name": "ongata rongai"}, "name": "Airtech Medical Clinic", "created": "2014-07-01T10:00:51.130000+00:00", "regulatory_body": {"name": "Clinical Officers Council"}, "facility_type": {"name": "Medical Clinic"}, "plot_number": null, "operation_status": {"name": "Operational"}, "number_of_beds": 0}, {"code": 20371, "location_desc": "Along crescent road", "official_name": "Kenya Police Staff College Clinic(Loresho)", "owner": {"name": "Academic (if registered)"}, "keph_level": {"name": "Level 2"}, "ward": {"code": 1368}, "number_of_cots": 0, "town": {"name": "kangemi market"}, "name": "Kenya Police Staff College Clinic", "created": "2014-07-02T14:38:19.870000+00:00", "regulatory_body": {"name": "Kenya MPDB - Institution"}, "facility_type": {"name": "Dispensary"}, "plot_number": null, "operation_status": {"name": "Operational"}, "number_of_beds": 0}, {"code": 20372, "location_desc": null, "official_name": "Illasit Dispensary", "owner": {"name": "Ministry of Health"}, "keph_level": {"name": "Level 2"}, "ward": {"code": 934}, "number_of_cots": 0, "town": {"name": "illasit market"}, "name": "Illasit Dispensary", "created": "2014-07-02T15:28:22.200000+00:00", "regulatory_body": {"name": "Ministry of Health"}, "facility_type": {"name": "Dispensary"}, "plot_number": null, "operation_status": {"name": "Operational"}, "number_of_beds": 4}, {"code": 20373, "location_desc": "Opposite   Banclays Bank", "official_name": "Mt. Pleasant  Medical Clinic", "owner": {"name": "Private Practice - Nurse / Midwife"}, "keph_level": {"name": "Level 2"}, "ward": {"code": 577}, "number_of_cots": 0, "town": {"name": "githunguri market"}, "name": "Mt. Pleasant  Medical Clinic", "created": "2014-07-02T16:19:37.167000+00:00", "regulatory_body": {"name": "Nursing Council of Kenya (Private Practice)"}, "facility_type": {"name": "Medical Clinic"}, "plot_number": "127", "operation_status": {"name": "Operational"}, "number_of_beds": 0}, {"code": 20374, "location_desc": "After the National Housing Estate next to Kibera South Health Center", "official_name": "Beyond the Bridge Vision VCT", "owner": {"name": "Non-Governmental Organizations"}, "keph_level": {"name": "Level 2"}, "ward": {"code": 1383}, "number_of_cots": 0, "town": {"name": "otiende"}, "name": "Beyond the Bridge Vision VCT", "created": "2014-07-08T10:40:40.510000+00:00", "regulatory_body": {"name": "Other"}, "facility_type": {"name": "VCT Centre (Stand-Alone)"}, "plot_number": null, "operation_status": {"name": "Operational"}, "number_of_beds": 0}, {"code": 20375, "location_desc": "A long MSA-LUNGALUNGA RD", "official_name": "Reachout Centre Trust", "owner": {"name": "Non-Governmental Organizations"}, "keph_level": {"name": "Level 2"}, "ward": {"code": 35}, "number_of_cots": 0, "town": {"name": "ukunda"}, "name": "Reachout Centre Trust", "created": "2014-07-08T12:58:24.393000+00:00", "regulatory_body": {"name": "Other"}, "facility_type": {"name": "VCT Centre (Stand-Alone)"}, "plot_number": null, "operation_status": {"name": "Operational"}, "number_of_beds": 0}, {"code": 20376, "location_desc": "A Long Mombasa - Lunga Lunga RD", "official_name": "ICRH-DROP-IN-CENTRE Ukunda", "owner": {"name": "Non-Governmental Organizations"}, "keph_level": {"name": "Not Classified"}, "ward": {"code": 34}, "number_of_cots": 0, "town": {"name": "ukunda"}, "name": "ICRH-DROP-IN-CENTRE Ukunda", "created": "2014-07-08T13:36:49.273000+00:00", "regulatory_body": {"name": "Other"}, "facility_type": {"name": "VCT Centre (Stand-Alone)"}, "plot_number": null, "operation_status": {"name": "Operational"}, "number_of_beds": 0}, {"code": 20377, "location_desc": "Approximately 4 kms from Bodi Market", "official_name": "Dago Jonyo Dispensary", "owner": {"name": "Ministry of Health"}, "keph_level": {"name": "Level 2"}, "ward": {"code": 1202}, "number_of_cots": 0, "town": {"name": "bodi market"}, "name": "Dago Jonyo Dispensary", "created": "2014-07-08T16:37:23.060000+00:00", "regulatory_body": {"name": "Ministry of Health"}, "facility_type": {"name": "Dispensary"}, "plot_number": null, "operation_status": {"name": "Operational"}, "number_of_beds": 0}, {"code": 20378, "location_desc": "On Nairobi-Kiambu Road ,Thindigua shooping centre,next to Rhino petro station", "official_name": "St.Teresa Hospital Kiambu", "owner": {"name": "Private Practice - General Practitioner"}, "keph_level": {"name": "Level 4"}, "ward": {"code": 585}, "number_of_cots": 10, "town": {"name": "thindugua"}, "name": "St.Teresa Hospital Kiambu", "created": "2014-07-09T15:31:54.670000+00:00", "regulatory_body": {"name": "Kenya MPDB - Private Practice"}, "facility_type": {"name": "Other Hospital"}, "plot_number": "lr no 76/389 kbu", "operation_status": {"name": "Pending Opening"}, "number_of_beds": 40}, {"code": 20379, "location_desc": null, "official_name": "Malongo Dispensary", "owner": {"name": "Ministry of Health"}, "keph_level": {"name": "Level 2"}, "ward": {"code": 757}, "number_of_cots": 2, "town": {"name": "sindo"}, "name": "Malongo Dispensary", "created": "2014-07-10T09:03:43.127000+00:00", "regulatory_body": {"name": "Ministry of Health"}, "facility_type": {"name": "Dispensary"}, "plot_number": null, "operation_status": {"name": "Operational"}, "number_of_beds": 2}, {"code": 20380, "location_desc": null, "official_name": "Afya Health System Hospital", "owner": {"name": "Private Practice - General Practitioner"}, "keph_level": {"name": "Level 3"}, "ward": {"code": 1089}, "number_of_cots": 6, "town": {"name": "homa bay town"}, "name": "Afya Health System Hospital", "created": "2014-07-11T11:10:19.437000+00:00", "regulatory_body": {"name": "Ministry of Health"}, "facility_type": {"name": "Sub-District Hospital"}, "plot_number": "1432/337", "operation_status": {"name": "Operational"}, "number_of_beds": 30}, {"code": 20381, "location_desc": "At Majaoni, off Karisa Maitha ROAD", "official_name": "LIFOG Medical Clinic", "owner": {"name": "Private Practice - General Practitioner"}, "keph_level": {"name": "Level 2"}, "ward": {"code": 11}, "number_of_cots": 0, "town": {"name": "shanzu"}, "name": "LIFOG Medical Clinic", "created": "2014-07-11T13:55:28.570000+00:00", "regulatory_body": {"name": "Other"}, "facility_type": {"name": "Medical Clinic"}, "plot_number": null, "operation_status": {"name": "Operational"}, "number_of_beds": 0}, {"code": 20382, "location_desc": "At Majengo, along Lumumba Road", "official_name": "Bay Leaf", "owner": {"name": "Private Practice - General Practitioner"}, "keph_level": {"name": "Level 2"}, "ward": {"code": 30}, "number_of_cots": 2, "town": {"name": "majengo"}, "name": "Bay Leaf Health Center", "created": "2014-07-11T14:09:44.707000+00:00", "regulatory_body": {"name": "Kenya MPDB - Private Practice"}, "facility_type": {"name": "Health Centre"}, "plot_number": "xii mi/65", "operation_status": {"name": "Operational"}, "number_of_beds": 6}, {"code": 20383, "location_desc": "Along Kiambu-Githunguri highway .approximately 200 metres from county headquarters offices", "official_name": "Radiant Group of Hospital (Kiambu)", "owner": {"name": "Private Practice - General Practitioner"}, "keph_level": {"name": "Level 4"}, "ward": {"code": 585}, "number_of_cots": 2, "town": {"name": "kiambu town"}, "name": "Radiant Group of Hospital (Kiambu)", "created": "2014-07-11T14:14:47.660000+00:00", "regulatory_body": {"name": "Kenya MPDB - Private Practice"}, "facility_type": {"name": "Other Hospital"}, "plot_number": null, "operation_status": {"name": "Operational"}, "number_of_beds": 13}, {"code": 20386, "location_desc": "The facility is 5 Km from Kiboswa Market", "official_name": "SOS Children Medical Clinic", "owner": {"name": "Private Practice - Nurse / Midwife"}, "keph_level": {"name": "Level 2"}, "ward": {"code": 1192}, "number_of_cots": 0, "town": {"name": "kiboswa"}, "name": "SOS Children Medical Clinic", "created": "2014-07-14T11:51:04.160000+00:00", "regulatory_body": {"name": "Ministry of Health"}, "facility_type": {"name": "Medical Clinic"}, "plot_number": null, "operation_status": {"name": "Operational"}, "number_of_beds": 0}, {"code": 20387, "location_desc": "Next to cooperative Bank-  Juja town", "official_name": "Wankam Medical Clinic", "owner": {"name": "Private Practice - Clinical Officer"}, "keph_level": {"name": "Level 2"}, "ward": {"code": 563}, "number_of_cots": 0, "town": {"name": "juja town"}, "name": "Wankam Medical clinic", "created": "2014-07-14T14:30:52.593000+00:00", "regulatory_body": {"name": "Clinical Officers Council"}, "facility_type": {"name": "Medical Clinic"}, "plot_number": null, "operation_status": {"name": "Operational"}, "number_of_beds": 0}, {"code": 20388, "location_desc": "Situated near Mundika Nursing Home", "official_name": "AIC Zion Medical Clinic", "owner": {"name": "Other Faith Based"}, "keph_level": {"name": "Level 2"}, "ward": {"code": 1437}, "number_of_cots": 0, "name": "AIC Zion Medical Clinic", "created": "2014-07-14T14:56:28.323000+00:00", "regulatory_body": {"name": "Other"}, "facility_type": {"name": "Medical Clinic"}, "plot_number": null, "operation_status": {"name": "Operational"}, "number_of_beds": 0}, {"code": 20389, "location_desc": "In Witeithie Estate", "official_name": "Kernan Medical clinic", "owner": {"name": "Private Practice - Nurse / Midwife"}, "keph_level": {"name": "Level 2"}, "ward": {"code": 577}, "number_of_cots": 0, "town": {"name": "witeithie"}, "name": "Kernan Medical Clinic", "created": "2014-07-14T15:06:56.030000+00:00", "regulatory_body": {"name": "Nursing Council of Kenya (Private Practice)"}, "facility_type": {"name": "Medical Clinic"}, "plot_number": null, "operation_status": {"name": "Operational"}, "number_of_beds": 0}, {"code": 20390, "location_desc": "Next to Juja bus station", "official_name": "Aga Khan Hospital - Juja Medical Centre", "owner": {"name": "Private Enterprise (Institution)"}, "keph_level": {"name": "Level 2"}, "ward": {"code": 551}, "number_of_cots": 0, "town": {"name": "juja town"}, "name": "Aga Khan Hospital (Juja)", "created": "2014-07-14T15:18:26.160000+00:00", "regulatory_body": {"name": "Kenya MPDB - Institution"}, "facility_type": {"name": "Medical Centre"}, "plot_number": null, "operation_status": {"name": "Operational"}, "number_of_beds": 0}, {"code": 20391, "location_desc": "In Sagana State Lodge", "official_name": "Sagana State Lodge Dispensary", "owner": {"name": "Ministry of Health"}, "keph_level": {"name": "Level 2"}, "ward": {"code": 474}, "number_of_cots": 0, "town": {"name": "chaka"}, "name": "Sagana State Lodge Dispensary", "created": "2014-07-15T10:13:16.763000+00:00", "regulatory_body": {"name": "Ministry of Health"}, "facility_type": {"name": "Dispensary"}, "plot_number": null, "operation_status": {"name": "Pending Opening"}, "number_of_beds": 0}, {"code": 20392, "location_desc": "Near kambini market", "official_name": "kambini Dispensary", "owner": {"name": "Ministry of Health"}, "keph_level": {"name": "Level 2"}, "ward": {"code": 1107}, "number_of_cots": 0, "town": {"name": "kimilili"}, "name": "Kambini Dispensary", "created": "2014-07-15T10:32:39.663000+00:00", "regulatory_body": {"name": "Ministry of Health"}, "facility_type": {"name": "Dispensary"}, "plot_number": null, "operation_status": {"name": "Operational"}, "number_of_beds": 0}, {"code": 20393, "location_desc": "Along Argwings Kodhek road, opposite Nairobi Hospital, landmark plaza, \r\n1st floor, block A", "official_name": "Dr.Charles.J.R.Opondo", "owner": {"name": "Private Practice - Medical Specialist"}, "keph_level": {"name": "Level 2"}, "ward": {"code": 1371}, "number_of_cots": 0, "town": {"name": "hurlingham"}, "name": "Dr.Charles.J.R.Opondo (landmark plaza)", "created": "2014-07-15T12:21:04.757000+00:00", "regulatory_body": {"name": "Kenya MPDB - Private Practice"}, "facility_type": {"name": "Medical Clinic"}, "plot_number": null, "operation_status": {"name": "Operational"}, "number_of_beds": 0}, {"code": 20394, "location_desc": "Along Argwings Kodhek road, opposite Nairobi Hospital, landmark plaza,\r\n1st floor, Block A", "official_name": "Dr.Henry Wellington Alube", "owner": {"name": "Private Practice - General Practitioner"}, "keph_level": {"name": "Level 2"}, "ward": {"code": 1371}, "number_of_cots": 0, "town": {"name": "hurlingham"}, "name": "Dr.Henry Wellington Alube (landmark plaza)", "created": "2014-07-15T12:48:15.957000+00:00", "regulatory_body": {"name": "Kenya MPDB - Private Practice"}, "facility_type": {"name": "Medical Clinic"}, "plot_number": null, "operation_status": {"name": "Operational"}, "number_of_beds": 0}, {"code": 20395, "location_desc": "Near Chief's Camp", "official_name": "South Ngariama Dispensary", "owner": {"name": "Ministry of Health"}, "keph_level": {"name": "Level 2"}, "ward": {"code": 501}, "number_of_cots": 0, "town": {"name": "itangi"}, "name": "South Ngariama Dispensary", "created": "2014-07-15T15:44:10.580000+00:00", "regulatory_body": {"name": "Ministry of Health"}, "facility_type": {"name": "Dispensary"}, "plot_number": null, "operation_status": {"name": "Operational"}, "number_of_beds": 0}, {"code": 20396, "location_desc": "Along Ralph Branch road, in Upper Hill Medical Plaza, 4th floor, suite 4B", "official_name": "Dr.P.W.Kamau&Associates", "owner": {"name": "Private Practice - General Practitioner"}, "keph_level": {"name": "Level 2"}, "ward": {"code": 1371}, "number_of_cots": 0, "town": {"name": "hurlingham"}, "name": "Dr.P.W.Kamau&Associates(Upper Hill Medical Centre)", "created": "2014-07-16T11:28:07.427000+00:00", "regulatory_body": {"name": "Kenya MPDB - Private Practice"}, "facility_type": {"name": "Medical Clinic"}, "plot_number": null, "operation_status": {"name": "Operational"}, "number_of_beds": 0}, {"code": 20397, "location_desc": "Along Ralph Bunche Road, Upper Hill Medical Centre, 3rd floor Suite 3H.", "official_name": "Dr.K.Gicheru", "owner": {"name": "Private Practice - Medical Specialist"}, "keph_level": {"name": "Level 2"}, "ward": {"code": 1371}, "number_of_cots": 0, "town": {"name": "hurlingham"}, "name": "Dr.K.Gicheru(Upper Hill Centre)", "created": "2014-07-16T14:18:58.053000+00:00", "regulatory_body": {"name": "Kenya MPDB - Private Practice"}, "facility_type": {"name": "Medical Clinic"}, "plot_number": null, "operation_status": {"name": "Operational"}, "number_of_beds": 0}, {"code": 20398, "location_desc": null, "official_name": "Umbrella Health Clinic", "owner": {"name": "Private Enterprise (Institution)"}, "keph_level": {"name": "Level 2"}, "ward": {"code": 1210}, "number_of_cots": 0, "name": "Umbrella Health Clinic", "created": "2014-07-16T14:48:25.273000+00:00", "regulatory_body": {"name": "Kenya MPDB - Institution"}, "facility_type": {"name": "Medical Clinic"}, "plot_number": null, "operation_status": {"name": "Operational"}, "number_of_beds": 0}, {"code": 20399, "location_desc": "Moi South Lake road near Karuturi Farm", "official_name": "Florensis Kenya LTD Medical clinic(Naivasha)", "owner": {"name": "Private Practice - Nurse / Midwife"}, "keph_level": {"name": "Level 2"}, "ward": {"code": 841}, "number_of_cots": 0, "town": {"name": "naivasha"}, "name": "Florensis Kenya LTD Medical Clinic(Naivasha)", "created": "2014-07-16T17:06:23.277000+00:00", "regulatory_body": {"name": "Kenya MPDB - Institution"}, "facility_type": {"name": "Medical Clinic"}, "plot_number": "10854/302", "operation_status": {"name": "Operational"}, "number_of_beds": 0}, {"code": 20400, "location_desc": "Along Ngong road 5th Venue at 5th Ngong Avenue office Suites, 6th floor", "official_name": "Silverdine Medical Centre", "owner": {"name": "Private Practice - Medical Specialist"}, "keph_level": {"name": "Level 2"}, "ward": {"code": 1389}, "number_of_cots": 0, "town": {"name": "nairobi"}, "name": "Silverdine Medical Centre(lancet hse)", "created": "2014-07-17T14:00:37.123000+00:00", "regulatory_body": {"name": "Kenya MPDB - Private Practice"}, "facility_type": {"name": "Medical Clinic"}, "plot_number": null, "operation_status": {"name": "Operational"}, "number_of_beds": 0}, {"code": 20402, "location_desc": "Situated off Juja Road Next to Radiant Pangani Hospital", "official_name": "SAPTA", "owner": {"name": "Non-Governmental Organizations"}, "keph_level": {"name": "Level 2"}, "ward": {"code": 1441}, "number_of_cots": 0, "town": {"name": "within  pangani shopping centre"}, "name": "Support For Addiction Prevention & Treatment In Africa", "created": "2014-07-21T22:27:42.967000+00:00", "regulatory_body": {"name": "Kenya MPDB - Private Practice"}, "facility_type": {"name": "Medical Centre"}, "plot_number": null, "operation_status": {"name": "Operational"}, "number_of_beds": 0}, {"code": 20403, "location_desc": "Along kiambu Kamiti", "official_name": "Jacaranda Maternity  (Kiamumbi )", "owner": {"name": "Private Practice - Clinical Officer"}, "keph_level": {"name": "Level 4"}, "ward": {"code": 585}, "number_of_cots": 2, "town": {"name": "kahawa west"}, "name": "Jacaranda Maternity  (Kiamumbi )", "created": "2014-07-23T12:10:21.817000+00:00", "regulatory_body": {"name": "Kenya MPDB - Private Practice"}, "facility_type": {"name": "Maternity Home"}, "plot_number": null, "operation_status": {"name": "Pending Opening"}, "number_of_beds": 9}, {"code": 20404, "location_desc": "Along Mombasa Road at Uchumi Capital Centre", "official_name": "Aga Khan University Hospital (Capital Centre)", "owner": {"name": "Private Practice - General Practitioner"}, "keph_level": {"name": "Level 2"}, "ward": {"code": 1384}, "number_of_cots": 0, "town": {"name": "capital centre"}, "name": "Aga Khan University Hospital (Capital Centre)", "created": "2014-07-24T09:25:56.063000+00:00", "regulatory_body": {"name": "Kenya MPDB - Private Practice"}, "facility_type": {"name": "Medical Clinic"}, "plot_number": null, "operation_status": {"name": "Operational"}, "number_of_beds": 0}, {"code": 20405, "location_desc": null, "official_name": "AAR Health Care", "owner": {"name": "Private Practice - Medical Specialist"}, "keph_level": {"name": "Level 2"}, "ward": {"code": 1423}, "number_of_cots": 2, "town": {"name": "donholm"}, "name": "AAR Health Care", "created": "2014-07-24T09:51:07.853000+00:00", "regulatory_body": {"name": "Pharmacy & Poisons Board"}, "facility_type": {"name": "Health Centre"}, "plot_number": "9042/566", "operation_status": {"name": "Operational"}, "number_of_beds": 6}, {"code": 20406, "location_desc": "Behind National oil Off outering Road Approx. 400m from Taj. Moll Opp. Nairobi Gospel Centre International..", "official_name": "Lina Medical Services", "owner": {"name": "Community"}, "keph_level": {"name": "Level 2"}, "ward": {"code": 1423}, "number_of_cots": 2, "town": {"name": "donholm"}, "name": "Lina Medical Services", "created": "2014-07-24T10:19:41.890000+00:00", "regulatory_body": {"name": "Nursing Council of Kenya (Private Practice)"}, "facility_type": {"name": "Dispensary"}, "plot_number": "lr97/222", "operation_status": {"name": "Operational"}, "number_of_beds": 6}, {"code": 20407, "location_desc": "Next to Mogotio Catholic Church", "official_name": "Neema Clinic", "owner": {"name": "Private Practice - Nurse / Midwife"}, "keph_level": {"name": "Level 2"}, "ward": {"code": 805}, "number_of_cots": 1, "town": {"name": "mogotio town"}, "name": "Neema Clinic", "created": "2014-07-24T11:26:33.523000+00:00", "regulatory_body": {"name": "Nursing Council of Kenya (Private Practice)"}, "facility_type": {"name": "Medical Clinic"}, "plot_number": null, "operation_status": {"name": "Operational"}, "number_of_beds": 2}, {"code": 20409, "location_desc": null, "official_name": "masaani dispensary", "owner": {"name": "Ministry of Health"}, "keph_level": {"name": "Level 2"}, "ward": {"code": 405}, "number_of_cots": 0, "town": {"name": "masaani market"}, "name": "masaani dispensary", "created": "2014-07-25T13:18:38.227000+00:00", "regulatory_body": {"name": "Ministry of Health"}, "facility_type": {"name": "Dispensary"}, "plot_number": "n/a", "operation_status": {"name": "Not-Operational"}, "number_of_beds": 0}, {"code": 20410, "location_desc": null, "official_name": "Nzambia Dispensary", "owner": {"name": "Ministry of Health"}, "keph_level": {"name": "Level 2"}, "ward": {"code": 408}, "number_of_cots": 0, "town": {"name": "nzambia market"}, "name": "Nzambia Dispensary", "created": "2014-07-25T13:27:01.737000+00:00", "regulatory_body": {"name": "Ministry of Health"}, "facility_type": {"name": "Dispensary"}, "plot_number": "n/a", "operation_status": {"name": "Not-Operational"}, "number_of_beds": 0}, {"code": 20412, "location_desc": null, "official_name": "Kwa-Mutei Dispensary", "owner": {"name": "Ministry of Health"}, "keph_level": {"name": "Level 2"}, "ward": {"code": 361}, "number_of_cots": 0, "town": {"name": "inyuu market"}, "name": "Kwa-Mutei Dispensary", "created": "2014-07-25T14:44:15.757000+00:00", "regulatory_body": {"name": "Ministry of Health"}, "facility_type": {"name": "Dispensary"}, "plot_number": null, "operation_status": {"name": "Pending Opening"}, "number_of_beds": 0}, {"code": 20413, "location_desc": "Located in the compound of Kisekini Primary School", "official_name": "Kisekini Dispensary", "owner": {"name": "Ministry of Health"}, "keph_level": {"name": "Level 2"}, "ward": {"code": 357}, "number_of_cots": 0, "town": {"name": "kisekini i shopping centre"}, "name": "Kisekini Dispensary ", "created": "2014-07-25T14:47:56.353000+00:00", "regulatory_body": {"name": "Ministry of Health"}, "facility_type": {"name": "Dispensary"}, "plot_number": null, "operation_status": {"name": "Pending Opening"}, "number_of_beds": 0}, {"code": 20414, "location_desc": "located in Masoka village", "official_name": "Masoka Dispensary", "owner": {"name": "Ministry of Health"}, "keph_level": {"name": "Level 2"}, "ward": {"code": 356}, "number_of_cots": 0, "town": {"name": "masoka shopping centre"}, "name": "Masoka Dispensary", "created": "2014-07-25T14:52:04.670000+00:00", "regulatory_body": {"name": "Ministry of Health"}, "facility_type": {"name": "Dispensary"}, "plot_number": null, "operation_status": {"name": "Pending Opening"}, "number_of_beds": 0}, {"code": 20415, "location_desc": null, "official_name": "Kisyoka Dispensary", "owner": {"name": "Ministry of Health"}, "keph_level": {"name": "Level 2"}, "ward": {"code": 356}, "number_of_cots": 0, "town": {"name": "kiisyoka shopping centre"}, "name": "Kisyoka Dispensary", "created": "2014-07-25T14:56:11.050000+00:00", "regulatory_body": {"name": "Ministry of Health"}, "facility_type": {"name": "Dispensary"}, "plot_number": null, "operation_status": {"name": "Pending Opening"}, "number_of_beds": 0}, {"code": 20416, "location_desc": null, "official_name": "kanzaw'u Dispensary", "owner": {"name": "Ministry of Health"}, "keph_level": {"name": "Level 2"}, "ward": {"code": 361}, "number_of_cots": 0, "town": {"name": "kanzaw'u shopping centre"}, "name": "Kanzaw'u Dispensary", "created": "2014-07-25T14:59:43.867000+00:00", "regulatory_body": {"name": "Ministry of Health"}, "facility_type": {"name": "Dispensary"}, "plot_number": null, "operation_status": {"name": "Pending Opening"}, "number_of_beds": 0}, {"code": 20417, "location_desc": null, "official_name": "Kathemboni Dispensary", "owner": {"name": "Ministry of Health"}, "keph_level": {"name": "Level 2"}, "ward": {"code": 406}, "number_of_cots": 0, "town": {"name": "kathemboni market"}, "name": "Kathemboni Dispensary", "created": "2014-07-25T15:01:31.963000+00:00", "regulatory_body": {"name": "Ministry of Health"}, "facility_type": {"name": "Dispensary"}, "plot_number": "n/a", "operation_status": {"name": "Not-Operational"}, "number_of_beds": 0}, {"code": 20418, "location_desc": null, "official_name": "Kathini Dispensary", "owner": {"name": "Ministry of Health"}, "keph_level": {"name": "Level 2"}, "ward": {"code": 350}, "number_of_cots": 0, "town": {"name": "kangala market"}, "name": "Kathini Dispensary", "created": "2014-07-25T15:05:57.873000+00:00", "regulatory_body": {"name": "Ministry of Health"}, "facility_type": {"name": "Dispensary"}, "plot_number": "n/a", "operation_status": {"name": "Not-Operational"}, "number_of_beds": 0}, {"code": 20419, "location_desc": null, "official_name": "Kamaembe Dispensary", "owner": {"name": "Ministry of Health"}, "keph_level": {"name": "Level 2"}, "ward": {"code": 354}, "number_of_cots": 0, "town": {"name": "kamaembe shopping centre"}, "name": "Kamaembe Dispensary", "created": "2014-07-25T15:06:26+00:00", "regulatory_body": {"name": "Ministry of Health"}, "facility_type": {"name": "Dispensary"}, "plot_number": null, "operation_status": {"name": "Pending Opening"}, "number_of_beds": 0}, {"code": 20420, "location_desc": null, "official_name": "Sooma Dispensary", "owner": {"name": "Ministry of Health"}, "keph_level": {"name": "Level 2"}, "ward": {"code": 356}, "number_of_cots": 0, "town": {"name": "sooma shopping centre"}, "name": "Sooma Dispensary", "created": "2014-07-25T15:07:53.430000+00:00", "regulatory_body": {"name": "Ministry of Health"}, "facility_type": {"name": "Dispensary"}, "plot_number": null, "operation_status": {"name": "Pending Opening"}, "number_of_beds": 0}, {"code": 20421, "location_desc": null, "official_name": "Syomakanda Dispensary", "owner": {"name": "Ministry of Health"}, "keph_level": {"name": "Level 2"}, "ward": {"code": 408}, "number_of_cots": 0, "town": {"name": "syomakanda market"}, "name": "Syomakanda Dispensary", "created": "2014-07-25T15:11:29.170000+00:00", "regulatory_body": {"name": "Ministry of Health"}, "facility_type": {"name": "Dispensary"}, "plot_number": "n/a", "operation_status": {"name": "Not-Operational"}, "number_of_beds": 0}, {"code": 20422, "location_desc": null, "official_name": "Kalulu Dispensary", "owner": {"name": "Ministry of Health"}, "keph_level": {"name": "Level 2"}, "ward": {"code": 361}, "number_of_cots": 0, "town": {"name": "kalulu shopping center"}, "name": "Kalulu Dispensary", "created": "2014-07-25T15:12:13.370000+00:00", "regulatory_body": {"name": "Ministry of Health"}, "facility_type": {"name": "Dispensary"}, "plot_number": null, "operation_status": {"name": "Pending Opening"}, "number_of_beds": 0}, {"code": 20423, "location_desc": null, "official_name": "Kaw'ongo Medical Centre", "owner": {"name": "Private Practice - General Practitioner"}, "keph_level": {"name": "Level 2"}, "ward": {"code": 409}, "number_of_cots": 0, "town": {"name": "kaw'ongo market"}, "name": "Kaw'ongo Medical Centre", "created": "2014-07-25T15:22:27.540000+00:00", "regulatory_body": {"name": "Nursing Council of Kenya (Private Practice)"}, "facility_type": {"name": "Medical Clinic"}, "plot_number": "n/a", "operation_status": {"name": "Operational"}, "number_of_beds": 0}, {"code": 20424, "location_desc": null, "official_name": "Kilonzo Dispensary", "owner": {"name": "Ministry of Health"}, "keph_level": {"name": "Level 2"}, "ward": {"code": 360}, "number_of_cots": 0, "town": {"name": "kilonzo shopping centre"}, "name": "Kilonzo Dispensary", "created": "2014-07-25T15:23:26.577000+00:00", "regulatory_body": {"name": "Ministry of Health"}, "facility_type": {"name": "Dispensary"}, "plot_number": null, "operation_status": {"name": "Pending Opening"}, "number_of_beds": 0}, {"code": 20425, "location_desc": null, "official_name": "Rural Boeder Patrol", "owner": {"name": "Ministry of Health"}, "keph_level": {"name": "Level 2"}, "ward": {"code": 376}, "number_of_cots": 0, "town": {"name": "kanyonyoo market"}, "name": "Rural Border Patrol", "created": "2014-07-25T15:33:11.217000+00:00", "regulatory_body": {"name": "Kenya MPDB - Institution"}, "facility_type": {"name": "Dispensary"}, "plot_number": "n/a", "operation_status": {"name": "Operational"}, "number_of_beds": 0}, {"code": 20426, "location_desc": "Situated along road going to Siaya", "official_name": "Relief Medical Clinic", "owner": {"name": "Private Practice - Clinical Officer"}, "keph_level": {"name": "Level 2"}, "ward": {"code": 1167}, "number_of_cots": 1, "town": {"name": "bondo town area"}, "name": "Relief Medical Clinic", "created": "2014-07-26T11:19:19.010000+00:00", "regulatory_body": {"name": "Clinical Officers Council"}, "facility_type": {"name": "Medical Clinic"}, "plot_number": null, "operation_status": {"name": "Operational"}, "number_of_beds": 2}, {"code": 20427, "location_desc": null, "official_name": "Lolukuta South", "owner": {"name": "Ministry of Health"}, "keph_level": {"name": "Level 2"}, "ward": {"code": 178}, "number_of_cots": 0, "town": {"name": "habaswein"}, "name": "Wara", "created": "2014-07-28T12:57:19.217000+00:00", "regulatory_body": {"name": "Ministry of Health"}, "facility_type": {"name": "Dispensary"}, "plot_number": null, "operation_status": {"name": "Operational"}, "number_of_beds": 2}, {"code": 20428, "location_desc": "masasini primary school", "official_name": "Masasini", "owner": {"name": "Ministry of Health"}, "keph_level": {"name": "Level 2"}, "ward": {"code": 364}, "number_of_cots": 0, "town": {"name": "masasini mkt"}, "name": "Masasini Dispensary", "created": "2014-07-30T14:42:15.533000+00:00", "regulatory_body": {"name": "Ministry of Health"}, "facility_type": {"name": "Dispensary"}, "plot_number": "n/a", "operation_status": {"name": "Not-Operational"}, "number_of_beds": 0}, {"code": 20429, "location_desc": "Ngungi primary", "official_name": "Ngungi Dispensary", "owner": {"name": "Ministry of Health"}, "keph_level": {"name": "Level 2"}, "ward": {"code": 362}, "number_of_cots": 0, "town": {"name": "ngungi mkt"}, "name": "Ngungi Dispensary", "created": "2014-07-30T15:04:23.620000+00:00", "regulatory_body": {"name": "Ministry of Health"}, "facility_type": {"name": "Dispensary"}, "plot_number": "n/a", "operation_status": {"name": "Pending Opening"}, "number_of_beds": 0}], "model": "facilities.Facility", "unique_fields": ["code"]}]