[{"records": [{"code": 18586, "location_desc": "Located on top of Kiima Kimwa Hill", "official_name": "Iluvya", "owner": {"name": "Ministry of Health"}, "keph_level": {"name": "Level 2"}, "ward": {"code": 403}, "number_of_cots": 0, "town": {"name": "machakos"}, "name": "Iluvya", "created": "2012-07-17T21:32:18.227000+00:00", "regulatory_body": {"name": "Ministry of Health"}, "facility_type": {"name": "Dispensary"}, "plot_number": null, "operation_status": {"name": "Pending Opening"}, "number_of_beds": 0}, {"code": 18587, "location_desc": "Molo -Olenguruone route at Keringet trading Centre .In Nyota Building", "official_name": "Keringet Youth Friendly Centre", "owner": {"name": "Christian Health Association of Kenya"}, "keph_level": {"name": "Level 2"}, "ward": {"code": 850}, "number_of_cots": 0, "town": {"name": "keringet market"}, "name": "Keringet Youth Friendly Centre", "created": "2012-07-18T10:05:44.593000+00:00", "regulatory_body": {"name": "Ministry of Health"}, "facility_type": {"name": "VCT Centre (Stand-Alone)"}, "plot_number": "54", "operation_status": {"name": "Operational"}, "number_of_beds": 0}, {"code": 18588, "location_desc": "Diani Street opposite Chandarana Supermarket", "official_name": "Bahari Medical Clinic ", "owner": {"name": "Private Practice - Clinical Officer"}, "keph_level": {"name": "Level 2"}, "ward": {"code": 32}, "number_of_cots": 0, "town": {"name": "ukunda"}, "name": "Bahari Medical Clinic Diani Beach", "created": "2012-07-19T22:28:06.030000+00:00", "regulatory_body": {"name": "Clinical Officers Council"}, "facility_type": {"name": "Medical Clinic"}, "plot_number": "1504 ukunda town", "operation_status": {"name": "Operational"}, "number_of_beds": 0}, {"code": 18589, "location_desc": "It is located along Nyahururu Nakuru road i.e 11 kilometres Nyahururu Town.", "official_name": "Laikipia University Medical Centre", "owner": {"name": "Other Public Institution"}, "keph_level": {"name": "Level 3"}, "ward": {"code": 815}, "number_of_cots": 0, "town": {"name": "karuga"}, "name": "Laikipia University Medical Centre", "created": "2012-07-24T16:34:38.693000+00:00", "regulatory_body": {"name": "Ministry of Health"}, "facility_type": {"name": "Medical Centre"}, "plot_number": null, "operation_status": {"name": "Operational"}, "number_of_beds": 7}, {"code": 18590, "location_desc": "Along Busia Road Opposite Lengo Ventures", "official_name": "Lengo Medical Clinic", "owner": {"name": "Private Practice - Nurse / Midwife"}, "keph_level": {"name": "Level 2"}, "ward": {"code": 1444}, "number_of_cots": 0, "town": {"name": "hazina"}, "name": "Lengo Medical Clinic", "created": "2012-07-25T10:03:50.580000+00:00", "regulatory_body": {"name": "Kenya MPDB - Institution"}, "facility_type": {"name": "Medical Clinic"}, "plot_number": null, "operation_status": {"name": "Operational"}, "number_of_beds": 0}, {"code": 18591, "location_desc": "Along Mombasa Road At Uchumi Capital Centre", "official_name": "Meridian Medical Centre", "owner": {"name": "Private Practice - General Practitioner"}, "keph_level": {"name": "Level 2"}, "ward": {"code": 1384}, "number_of_cots": 0, "town": {"name": "south b shopping centre"}, "name": "Meridian Medical Centre (Capital Centre)", "created": "2012-07-25T10:14:09.183000+00:00", "regulatory_body": {"name": "Kenya MPDB - Institution"}, "facility_type": {"name": "Medical Clinic"}, "plot_number": null, "operation_status": {"name": "Operational"}, "number_of_beds": 0}, {"code": 18592, "location_desc": "Along Market Road", "official_name": "Ravine Glory Health Care Services", "owner": {"name": "Private Practice - Clinical Officer"}, "keph_level": {"name": "Level 2"}, "ward": {"code": 807}, "number_of_cots": 0, "town": {"name": "along market road"}, "name": "Ravine Glory Health Care Services", "created": "2012-07-25T11:46:22.060000+00:00", "regulatory_body": {"name": "Ministry of Health"}, "facility_type": {"name": "Medical Clinic"}, "plot_number": "498/32", "operation_status": {"name": "Operational"}, "number_of_beds": 0}, {"code": 18593, "location_desc": "Along Jogoo Road Likoni Road Lusinget", "official_name": "SDA Health Services Likoni Road Clinic", "owner": {"name": "Christian Health Association of Kenya"}, "keph_level": {"name": "Level 2"}, "ward": {"code": 1443}, "number_of_cots": 0, "name": "SDA Health Services Likoni Road Clinic", "created": "2012-07-25T12:37:36.717000+00:00", "regulatory_body": {"name": "Kenya MPDB - Institution"}, "facility_type": {"name": "Medical Clinic"}, "plot_number": null, "operation_status": {"name": "Operational"}, "number_of_beds": 0}, {"code": 18595, "location_desc": "Off NYERI- NYAHURURU RD", "official_name": "Shallom Dispensary", "owner": {"name": "Ministry of Health"}, "keph_level": {"name": "Level 2"}, "ward": {"code": 817}, "number_of_cots": 1, "town": {"name": "winyumiririe"}, "name": "Shallom Dispensary", "created": "2012-07-31T15:13:50.897000+00:00", "regulatory_body": {"name": "Ministry of Health"}, "facility_type": {"name": "Dispensary"}, "plot_number": null, "operation_status": {"name": "Operational"}, "number_of_beds": 1}, {"code": 18596, "location_desc": "At Kambu market, 100m from the main Nairobi-Mombasa Highway", "official_name": "Kambu Model Health Centre", "owner": {"name": "Ministry of Health"}, "keph_level": {"name": "Level 3"}, "ward": {"code": 440}, "number_of_cots": 2, "town": {"name": "kambu market"}, "name": "Kambu Model Health Centre", "created": "2012-08-01T11:09:22.837000+00:00", "regulatory_body": {"name": "Ministry of Health"}, "facility_type": {"name": "Health Centre"}, "plot_number": null, "operation_status": {"name": "Operational"}, "number_of_beds": 24}, {"code": 18597, "location_desc": "Biashara Street Kiambu opposite Kiambu Law court", "official_name": "Mercylight Hospital", "owner": {"name": "Private Practice - General Practitioner"}, "keph_level": {"name": "Level 4"}, "ward": {"code": 585}, "number_of_cots": 3, "town": {"name": "kiambu town"}, "name": "Mercylight Hospital", "created": "2012-08-02T10:08:58.890000+00:00", "regulatory_body": {"name": "Kenya MPDB - Private Practice"}, "facility_type": {"name": "Other Hospital"}, "plot_number": "11/10", "operation_status": {"name": "Operational"}, "number_of_beds": 16}, {"code": 20553, "location_desc": "At Gatehouse ", "official_name": "Dr Babu Bora Clinic", "owner": {"name": "Private Practice - Medical Specialist"}, "keph_level": {"name": "Level 2"}, "ward": {"code": 871}, "number_of_cots": 0, "town": {"name": "gate house mburu gichua road"}, "name": "Dr Babu Bora clinic", "created": "2014-10-10T12:12:20.893000+00:00", "regulatory_body": {"name": "Kenya MPDB - Private Practice"}, "facility_type": {"name": "Medical Clinic"}, "plot_number": "gate hse 214", "operation_status": {"name": "Operational"}, "number_of_beds": 0}, {"code": 20554, "location_desc": "Biashara", "official_name": "Dr Mwangi", "owner": {"name": "Private Practice - General Practitioner"}, "keph_level": {"name": "Level 2"}, "ward": {"code": 861}, "number_of_cots": 0, "town": {"name": "nakuru town"}, "name": "Dr Mwangi ", "created": "2014-10-10T12:24:52.697000+00:00", "regulatory_body": {"name": "Kenya MPDB - Private Practice"}, "facility_type": {"name": "Medical Clinic"}, "plot_number": "1351", "operation_status": {"name": "Operational"}, "number_of_beds": 0}, {"code": 20556, "location_desc": null, "official_name": "I Choose Life - Africa", "owner": {"name": "Non-Governmental Organizations"}, "keph_level": {"name": "Level 2"}, "ward": {"code": 597}, "number_of_cots": 0, "town": {"name": "kasuku centre"}, "name": "I Choose Life - Africa(Riverside)", "created": "2014-10-13T11:53:07.593000+00:00", "regulatory_body": {"name": "Kenya MPDB - Institution"}, "facility_type": {"name": "VCT Centre (Stand-Alone)"}, "plot_number": null, "operation_status": {"name": "Operational"}, "number_of_beds": 0}, {"code": 20557, "location_desc": "Near Yako Supermarket", "official_name": "Aga Khan Health Service Bungoma Centre", "owner": {"name": "Private Practice - Medical Specialist"}, "keph_level": {"name": "Level 2"}, "ward": {"code": 1099}, "number_of_cots": 0, "town": {"name": "bungoma"}, "name": "Aga Khan Health Service Bungoma Centre", "created": "2014-10-13T16:07:49.930000+00:00", "regulatory_body": {"name": "Kenya MPDB - Private Practice"}, "facility_type": {"name": "Medical Clinic"}, "plot_number": "1368", "operation_status": {"name": "Operational"}, "number_of_beds": 0}, {"code": 20558, "location_desc": null, "official_name": "Njaina Dispensary", "owner": {"name": "Ministry of Health"}, "keph_level": {"name": "Level 2"}, "ward": {"code": 302}, "number_of_cots": 0, "town": {"name": "chuka"}, "name": "Njaina Dispensary", "created": "2014-10-15T09:42:27.077000+00:00", "regulatory_body": {"name": "Ministry of Health"}, "facility_type": {"name": "Dispensary"}, "plot_number": "none", "operation_status": {"name": "Operational"}, "number_of_beds": 0}, {"code": 20559, "location_desc": "Chuka Kathwana Route", "official_name": "Kangutu Dispensary", "owner": {"name": "Ministry of Health"}, "keph_level": {"name": "Level 2"}, "ward": {"code": 301}, "number_of_cots": 0, "town": {"name": "kangutu market"}, "name": "Kangutu Dispensary", "created": "2014-10-15T10:31:18.943000+00:00", "regulatory_body": {"name": "Ministry of Health"}, "facility_type": {"name": "Dispensary"}, "plot_number": null, "operation_status": {"name": "Pending Opening"}, "number_of_beds": 0}, {"code": 20560, "location_desc": null, "official_name": "Iriuko Ria Ng'ombe", "owner": {"name": "Ministry of Health"}, "keph_level": {"name": "Level 2"}, "ward": {"code": 298}, "number_of_cots": 0, "town": {"name": "kajuki"}, "name": "Iriuko Ria Ng'ombe", "created": "2014-10-15T10:45:36.380000+00:00", "regulatory_body": {"name": "Ministry of Health"}, "facility_type": {"name": "Dispensary"}, "plot_number": null, "operation_status": {"name": "Pending Opening"}, "number_of_beds": 0}, {"code": 20561, "location_desc": null, "official_name": "Kamwimbi Dispensary", "owner": {"name": "Ministry of Health"}, "keph_level": {"name": "Level 2"}, "ward": {"code": 305}, "number_of_cots": 0, "town": {"name": "itugururu"}, "name": "Kamwimbi Dispensary", "created": "2014-10-15T10:59:43.290000+00:00", "regulatory_body": {"name": "Ministry of Health"}, "facility_type": {"name": "Dispensary"}, "plot_number": null, "operation_status": {"name": "Pending Opening"}, "number_of_beds": 0}, {"code": 20562, "location_desc": "At Kenlands", "official_name": "Mamlaka medical centre", "owner": {"name": "Private Practice - General Practitioner"}, "keph_level": {"name": "Level 2"}, "ward": {"code": 875}, "number_of_cots": 0, "town": {"name": "kenlands"}, "name": "Mamlaka Medical Centre", "created": "2014-10-15T11:38:32.673000+00:00", "regulatory_body": {"name": "Kenya MPDB - Institution"}, "facility_type": {"name": "Medical Clinic"}, "plot_number": "3/5800", "operation_status": {"name": "Operational"}, "number_of_beds": 0}, {"code": 20564, "location_desc": "Along Kanu Street", "official_name": "Dr Shanti Haria", "owner": {"name": "Private Practice - Medical Specialist"}, "keph_level": {"name": "Level 2"}, "ward": {"code": 878}, "number_of_cots": 0, "town": {"name": "at kanu street"}, "name": "Dr Shanti Haria", "created": "2014-10-15T11:55:56.373000+00:00", "regulatory_body": {"name": "Kenya MPDB - Institution"}, "facility_type": {"name": "Medical Clinic"}, "plot_number": "234", "operation_status": {"name": "Operational"}, "number_of_beds": 0}, {"code": 20565, "location_desc": "Located within Olkaria 4 power station Kengen Naivasha", "official_name": "Olkaria Community health Centre(Naivasha)", "owner": {"name": "Ministry of Health"}, "keph_level": {"name": "Level 3"}, "ward": {"code": 841}, "number_of_cots": 0, "town": {"name": "naivasha town"}, "name": "Olkaria Community Health Centre(Naivasha)", "created": "2014-10-16T12:59:27.070000+00:00", "regulatory_body": {"name": "Ministry of Health"}, "facility_type": {"name": "Health Centre"}, "plot_number": null, "operation_status": {"name": "Pending Opening"}, "number_of_beds": 3}, {"code": 20566, "location_desc": null, "official_name": "Mephibosheth Medical Clinic -Kyuso", "owner": {"name": "Private Practice - Clinical Officer"}, "keph_level": {"name": "Level 2"}, "ward": {"code": 332}, "number_of_cots": 2, "town": {"name": "kkyuso market"}, "name": "Mephibosheth Medical Clinic", "created": "2014-10-20T17:11:30.410000+00:00", "regulatory_body": {"name": "Kenya MPDB - Institution"}, "facility_type": {"name": "Medical Clinic"}, "plot_number": "193", "operation_status": {"name": "Operational"}, "number_of_beds": 2}, {"code": 20567, "location_desc": "off Meru-Maua road near gunduni market", "official_name": "Thinyaine  Dispensary", "owner": {"name": "Ministry of Health"}, "keph_level": {"name": "Level 2"}, "ward": {"code": 268}, "number_of_cots": 0, "town": {"name": "gunduni"}, "name": "Thinyaine Dispensary", "created": "2014-10-21T12:32:56.720000+00:00", "regulatory_body": {"name": "Ministry of Health"}, "facility_type": {"name": "Dispensary"}, "plot_number": null, "operation_status": {"name": "Operational"}, "number_of_beds": 0}, {"code": 20568, "location_desc": null, "official_name": "Obware Health Centre", "owner": {"name": "Ministry of Health"}, "keph_level": {"name": "Level 2"}, "ward": {"code": 1282}, "number_of_cots": 4, "town": {"name": "sori"}, "name": "Obware Health Centre", "created": "2014-10-21T14:57:02.277000+00:00", "regulatory_body": {"name": "Ministry of Health"}, "facility_type": {"name": "Health Centre"}, "plot_number": null, "operation_status": {"name": "Operational"}, "number_of_beds": 15}, {"code": 20569, "location_desc": "Highway Migori Karungu (Sori) Road", "official_name": "Lwanda Konyango VCT Centre (Nyarami)", "owner": {"name": "Non-Governmental Organizations"}, "keph_level": {"name": "Level 2"}, "ward": {"code": 1283}, "number_of_cots": 0, "town": {"name": "lwanda konyango"}, "name": "Lwanda Konyango VCT Centre (Nyarami)", "created": "2014-10-21T16:55:51.107000+00:00", "regulatory_body": {"name": "Ministry of Health"}, "facility_type": {"name": "VCT Centre (Stand-Alone)"}, "plot_number": null, "operation_status": {"name": "Operational"}, "number_of_beds": 1}, {"code": 20570, "location_desc": "Its situated in the heart of Muhuru Town", "official_name": "Muhuru Bay VCT Centre (Nyarami)", "owner": {"name": "Non-Governmental Organizations"}, "keph_level": {"name": "Level 2"}, "ward": {"code": 1288}, "number_of_cots": 0, "town": {"name": "muhuru"}, "name": "Muhuru Bay VCT Centre (Nyarami)", "created": "2014-10-21T17:28:50.220000+00:00", "regulatory_body": {"name": "Ministry of Health"}, "facility_type": {"name": "VCT Centre (Stand-Alone)"}, "plot_number": null, "operation_status": {"name": "Operational"}, "number_of_beds": 1}, {"code": 20572, "location_desc": "in bumala town near safaricom booster", "official_name": "Bumala CFW clinic", "owner": {"name": "Non-Governmental Organizations"}, "keph_level": {"name": "Level 2"}, "ward": {"code": 1142}, "number_of_cots": 0, "town": {"name": "bumala"}, "name": "Bumala CFW clinic", "created": "2014-10-24T12:05:18.543000+00:00", "regulatory_body": {"name": "Kenya MPDB - Institution"}, "facility_type": {"name": "Medical Clinic"}, "plot_number": "39 bumala", "operation_status": {"name": "Operational"}, "number_of_beds": 0}, {"code": 20573, "location_desc": "Along Parklands road 3rd Avenue, next to Agakhan Hospital", "official_name": "Medanta AfriCare(Parklands 3rd)", "owner": {"name": "Private Practice - Medical Specialist"}, "keph_level": {"name": "Level 2"}, "ward": {"code": 927}, "number_of_cots": 0, "town": {"name": "highridge nakumatt"}, "name": "Medanta AfriCare krishna Park", "created": "2014-10-24T12:16:40.770000+00:00", "regulatory_body": {"name": "Kenya MPDB - Institution"}, "facility_type": {"name": "Laboratory (Stand-alone)"}, "plot_number": null, "operation_status": {"name": "Operational"}, "number_of_beds": 0}, {"code": 20574, "location_desc": "Near Kayole cornerMbaya", "official_name": "Suba Medical Centre", "owner": {"name": "Private Practice - Unspecified"}, "keph_level": {"name": "Level 2"}, "ward": {"code": 1416}, "number_of_cots": 2, "town": {"name": "kayole market corner"}, "name": "Suba Medical Centre", "created": "2014-10-25T12:21:10.823000+00:00", "regulatory_body": {"name": "Clinical Officers Council"}, "facility_type": {"name": "Medical Clinic"}, "plot_number": "b13 a", "operation_status": {"name": "Operational"}, "number_of_beds": 4}, {"code": 20575, "location_desc": null, "official_name": "Ropment Medical Centre", "owner": {"name": "Private Practice - Clinical Officer"}, "keph_level": {"name": "Level 2"}, "ward": {"code": 1264}, "number_of_cots": 0, "town": {"name": "nyamarambe"}, "name": "Ropment Medical Centre", "created": "2014-10-27T10:13:56.350000+00:00", "regulatory_body": {"name": "Other"}, "facility_type": {"name": "Medical Clinic"}, "plot_number": null, "operation_status": {"name": "Operational"}, "number_of_beds": 0}, {"code": 20576, "location_desc": null, "official_name": "kibirichia Catholic Dispensary", "owner": {"name": "Kenya Episcopal Conference-Catholic Secretariat"}, "keph_level": {"name": "Level 2"}, "ward": {"code": 289}, "number_of_cots": 0, "town": {"name": "kibirichia market"}, "name": "Kibirichia Catholic Dispensary", "created": "2014-10-29T10:59:06.657000+00:00", "regulatory_body": {"name": "Ministry of Health"}, "facility_type": {"name": "Dispensary"}, "plot_number": null, "operation_status": {"name": "Operational"}, "number_of_beds": 0}, {"code": 20577, "location_desc": null, "official_name": "Ntirimiti Dispensary", "owner": {"name": "Ministry of Health"}, "keph_level": {"name": "Level 2"}, "ward": {"code": 282}, "number_of_cots": 0, "town": {"name": "ntirimiti market"}, "name": "Ntirimiti Dispensary", "created": "2014-10-29T16:18:28.290000+00:00", "regulatory_body": {"name": "Ministry of Health"}, "facility_type": {"name": "Dispensary"}, "plot_number": null, "operation_status": {"name": "Operational"}, "number_of_beds": 0}, {"code": 20578, "location_desc": null, "official_name": "Maritati Dispensary", "owner": {"name": "Ministry of Health"}, "keph_level": {"name": "Level 2"}, "ward": {"code": 282}, "number_of_cots": 0, "town": {"name": "maritati market"}, "name": "Maritati Dispensary", "created": "2014-10-29T16:23:13.770000+00:00", "regulatory_body": {"name": "Ministry of Health"}, "facility_type": {"name": "Dispensary"}, "plot_number": null, "operation_status": {"name": "Operational"}, "number_of_beds": 0}, {"code": 20579, "location_desc": null, "official_name": "Kaliani Dispensary", "owner": {"name": "Ministry of Health"}, "keph_level": {"name": "Level 2"}, "ward": {"code": 369}, "number_of_cots": 0, "name": "Kaliani Dispensary", "created": "2014-10-29T17:45:15.423000+00:00", "regulatory_body": {"name": "Ministry of Health"}, "facility_type": {"name": "Dispensary"}, "plot_number": null, "operation_status": {"name": "Not-Operational"}, "number_of_beds": 0}, {"code": 20580, "location_desc": null, "official_name": "National HIV Reference Lab", "owner": {"name": "Ministry of Health"}, "keph_level": {"name": "Level 6"}, "ward": {"code": 1389}, "number_of_cots": 0, "town": {"name": "kenyatta national hospital"}, "name": "National HIV Reference Lab", "created": "2014-11-03T16:13:54.023000+00:00", "regulatory_body": {"name": "Kenya Medical Laboratory, Tech & Technologists Board"}, "facility_type": {"name": "Laboratory (Stand-alone)"}, "plot_number": null, "operation_status": {"name": "Operational"}, "number_of_beds": 0}, {"code": 20581, "location_desc": null, "official_name": "National  Blood Transfusion Services", "owner": {"name": "Ministry of Health"}, "keph_level": {"name": "Level 6"}, "ward": {"code": 1389}, "number_of_cots": 0, "town": {"name": "kenyatta national hospital"}, "name": "National Blood Transfusion Services", "created": "2014-11-03T16:23:06.343000+00:00", "regulatory_body": {"name": "Kenya Medical Laboratory, Tech & Technologists Board"}, "facility_type": {"name": "Laboratory (Stand-alone)"}, "plot_number": null, "operation_status": {"name": "Operational"}, "number_of_beds": 0}, {"code": 20582, "location_desc": null, "official_name": "Oncology Reference Lab", "owner": {"name": "Ministry of Health"}, "keph_level": {"name": "Level 2"}, "ward": {"code": 1389}, "number_of_cots": 0, "town": {"name": "kenyatta national hospital"}, "name": "Oncology Reference Lab", "created": "2014-11-03T18:47:46.830000+00:00", "regulatory_body": {"name": "Kenya Medical Laboratory, Tech & Technologists Board"}, "facility_type": {"name": "Laboratory (Stand-alone)"}, "plot_number": null, "operation_status": {"name": "Operational"}, "number_of_beds": 0}, {"code": 20583, "location_desc": null, "official_name": "Microbiology Reference Lab", "owner": {"name": "Ministry of Health"}, "keph_level": {"name": "Level 6"}, "ward": {"code": 1389}, "number_of_cots": 0, "town": {"name": "kenyatta national hospital"}, "name": "Microbiology Reference Lab", "created": "2014-11-03T18:57:13.230000+00:00", "regulatory_body": {"name": "Kenya Medical Laboratory, Tech & Technologists Board"}, "facility_type": {"name": "Laboratory (Stand-alone)"}, "plot_number": null, "operation_status": {"name": "Operational"}, "number_of_beds": 0}, {"code": 20584, "location_desc": null, "official_name": "TB Central Reference Lab", "owner": {"name": "Ministry of Health"}, "keph_level": {"name": "Level 6"}, "ward": {"code": 1389}, "number_of_cots": 0, "town": {"name": "kenyatta national hospital"}, "name": "TB Central Reference Lab", "created": "2014-11-03T19:14:35.700000+00:00", "regulatory_body": {"name": "Kenya Medical Laboratory, Tech & Technologists Board"}, "facility_type": {"name": "Laboratory (Stand-alone)"}, "plot_number": null, "operation_status": {"name": "Operational"}, "number_of_beds": 0}, {"code": 20585, "location_desc": "5 metres west of the Samburu-Vigurungani Road, just within the Malomani Shopping Centre", "official_name": "Malomani Medical Clinic", "owner": {"name": "Private Practice - Clinical Officer"}, "keph_level": {"name": "Level 2"}, "ward": {"code": 49}, "number_of_cots": 0, "town": {"name": "malomani market"}, "name": "Malomani Medical Clinic", "created": "2014-11-07T17:27:44.140000+00:00", "regulatory_body": {"name": "Ministry of Health"}, "facility_type": {"name": "Medical Clinic"}, "plot_number": null, "operation_status": {"name": "Operational"}, "number_of_beds": 0}, {"code": 20586, "location_desc": "About 100 metres away from the Mombasa-Nairobi Highway, opposite the Samburu-Vigurungani Road", "official_name": "Imran Medical Clinic", "owner": {"name": "Private Practice - Nurse / Midwife"}, "keph_level": {"name": "Level 2"}, "ward": {"code": 47}, "number_of_cots": 0, "town": {"name": "samburu town"}, "name": "Imran", "created": "2014-11-07T17:40:48.980000+00:00", "regulatory_body": {"name": "Ministry of Health"}, "facility_type": {"name": "Medical Clinic"}, "plot_number": null, "operation_status": {"name": "Operational"}, "number_of_beds": 0}, {"code": 20588, "location_desc": null, "official_name": "Star clinic", "owner": {"name": "Private Practice - Clinical Officer"}, "keph_level": {"name": "Level 2"}, "ward": {"code": 44}, "number_of_cots": 0, "town": {"name": "tiribe market"}, "name": "Star clinic", "created": "2014-11-10T17:10:37.470000+00:00", "regulatory_body": {"name": "Clinical Officers Council"}, "facility_type": {"name": "Medical Clinic"}, "plot_number": null, "operation_status": {"name": "Operational"}, "number_of_beds": 0}, {"code": 20589, "location_desc": null, "official_name": "Baranga Dispensary", "owner": {"name": "Ministry of Health"}, "keph_level": {"name": "Level 2"}, "ward": {"code": 293}, "number_of_cots": 0, "name": "Baranga Dispensary", "created": "2014-11-12T09:44:49.747000+00:00", "regulatory_body": {"name": "Ministry of Health"}, "facility_type": {"name": "Dispensary"}, "plot_number": null, "operation_status": {"name": "Operational"}, "number_of_beds": 0}, {"code": 20590, "location_desc": "Along Machakos Makueni Road", "official_name": "Kiima Kimwe", "owner": {"name": "Private Practice - Nurse / Midwife"}, "keph_level": {"name": "Level 2"}, "ward": {"code": 403}, "number_of_cots": 0, "town": {"name": "katoloni"}, "name": "Kiima Kimwe", "created": "2014-11-17T21:40:30.623000+00:00", "regulatory_body": {"name": "Kenya MPDB - Private Practice"}, "facility_type": {"name": "Medical Clinic"}, "plot_number": null, "operation_status": {"name": "Operational"}, "number_of_beds": 0}, {"code": 20591, "location_desc": null, "official_name": "Kianjuri Dispensary", "owner": {"name": "Ministry of Health"}, "keph_level": {"name": "Level 2"}, "ward": {"code": 278}, "number_of_cots": 0, "name": "Kianjuri Dispensary", "created": "2014-11-19T09:42:44.150000+00:00", "regulatory_body": {"name": "Ministry of Health"}, "facility_type": {"name": "Dispensary"}, "plot_number": "1512", "operation_status": {"name": "Pending Opening"}, "number_of_beds": 0}, {"code": 20593, "location_desc": "Its located alon elelea lopeduru road", "official_name": "Katilia Dispensary", "owner": {"name": "Ministry of Health"}, "keph_level": {"name": "Level 2"}, "ward": {"code": 639}, "number_of_cots": 0, "town": {"name": "elelea"}, "name": "Katilia Dispensary", "created": "2014-11-19T14:14:34.483000+00:00", "regulatory_body": {"name": "Ministry of Health"}, "facility_type": {"name": "Dispensary"}, "plot_number": null, "operation_status": {"name": "Operational"}, "number_of_beds": 0}, {"code": 20594, "location_desc": "Within the Forest Training College", "official_name": "Londiani Forest Dispensary", "owner": {"name": "Ministry of Health"}, "keph_level": {"name": "Level 2"}, "ward": {"code": 806}, "number_of_cots": 1, "name": "Londiani Forest Dispensary", "created": "2014-11-19T17:23:31.497000+00:00", "regulatory_body": {"name": "Ministry of Health"}, "facility_type": {"name": "Dispensary"}, "plot_number": null, "operation_status": {"name": "Operational"}, "number_of_beds": 4}, {"code": 20595, "location_desc": "Near Subati flower farm", "official_name": "Tetu Dispensary", "owner": {"name": "Ministry of Health"}, "keph_level": {"name": "Level 2"}, "ward": {"code": 857}, "number_of_cots": 0, "town": {"name": "subukia"}, "name": "Tetu Dispensary", "created": "2014-11-30T22:37:00.110000+00:00", "regulatory_body": {"name": "Ministry of Health"}, "facility_type": {"name": "Dispensary"}, "plot_number": null, "operation_status": {"name": "Operational"}, "number_of_beds": 0}, {"code": 20596, "location_desc": "Next to Sidai police post", "official_name": "Munanda Dispensary", "owner": {"name": "Ministry of Health"}, "keph_level": {"name": "Level 2"}, "ward": {"code": 857}, "number_of_cots": 0, "town": {"name": "kahiga"}, "name": "Munanda Dispensary", "created": "2014-11-30T22:46:54.157000+00:00", "regulatory_body": {"name": "Ministry of Health"}, "facility_type": {"name": "Dispensary"}, "plot_number": null, "operation_status": {"name": "Operational"}, "number_of_beds": 0}, {"code": 20597, "location_desc": null, "official_name": "Mombasa Road Medical centre", "owner": {"name": "Private Practice - Clinical Officer"}, "keph_level": {"name": "Level 2"}, "ward": {"code": 397}, "number_of_cots": 0, "town": {"name": "gimu market"}, "name": "Mombasa Road Medical centre", "created": "2014-12-03T12:34:19.530000+00:00", "regulatory_body": {"name": "Clinical Officers Council"}, "facility_type": {"name": "Medical Clinic"}, "plot_number": "468 gimu", "operation_status": {"name": "Operational"}, "number_of_beds": 0}, {"code": 20598, "location_desc": null, "official_name": "Mwea Annex Domic Medical Centre", "owner": {"name": "Private Practice - General Practitioner"}, "keph_level": {"name": "Level 2"}, "ward": {"code": 859}, "number_of_cots": 0, "name": "Mwea Annex Domic Medical Centre", "created": "2014-12-03T13:34:21.867000+00:00", "regulatory_body": {"name": "Kenya MPDB - Private Practice"}, "facility_type": {"name": "Medical Clinic"}, "plot_number": null, "operation_status": {"name": "Operational"}, "number_of_beds": 0}, {"code": 20599, "location_desc": null, "official_name": "Medisol Clinic", "owner": {"name": "Private Practice - Nurse / Midwife"}, "keph_level": {"name": "Level 2"}, "ward": {"code": 397}, "number_of_cots": 0, "town": {"name": "mlolongo market"}, "name": "Medisol Clinic", "created": "2014-12-04T00:55:19.630000+00:00", "regulatory_body": {"name": "Nursing Council of Kenya (Private Practice)"}, "facility_type": {"name": "Medical Clinic"}, "plot_number": "1mlolongo", "operation_status": {"name": "Operational"}, "number_of_beds": 0}, {"code": 20600, "location_desc": null, "official_name": "Burri Aramia", "owner": {"name": "Ministry of Health"}, "keph_level": {"name": "Level 2"}, "ward": {"code": 673}, "number_of_cots": 0, "name": "Burri Aramia", "created": "2014-12-04T12:01:18.040000+00:00", "regulatory_body": {"name": "Ministry of Health"}, "facility_type": {"name": "Dispensary"}, "plot_number": null, "operation_status": {"name": "Operational"}, "number_of_beds": 0}, {"code": 20601, "location_desc": null, "official_name": "Balla Dispensary", "owner": {"name": "Ministry of Health"}, "keph_level": {"name": "Level 2"}, "ward": {"code": 675}, "number_of_cots": 0, "name": "Balla Dispensary", "created": "2014-12-04T12:04:16.953000+00:00", "regulatory_body": {"name": "Ministry of Health"}, "facility_type": {"name": "Dispensary"}, "plot_number": null, "operation_status": {"name": "Operational"}, "number_of_beds": 0}, {"code": 20602, "location_desc": null, "official_name": "Aids HealthCare Foundation Eastleigh", "owner": {"name": "Non-Governmental Organizations"}, "keph_level": {"name": "Level 2"}, "ward": {"code": 1437}, "number_of_cots": 0, "name": "Aids HealthCare Foundation Eastleigh", "created": "2014-12-05T10:42:23.900000+00:00", "regulatory_body": {"name": "Kenya MPDB - Private Practice"}, "facility_type": {"name": "Dispensary"}, "plot_number": null, "operation_status": {"name": "Operational"}, "number_of_beds": 0}, {"code": 20604, "location_desc": "Along kiambu  Githunguri road,opposite Kiambu Law court", "official_name": "Nopri Medical Clinic", "owner": {"name": "Private Practice - Clinical Officer"}, "keph_level": {"name": "Level 2"}, "ward": {"code": 585}, "number_of_cots": 0, "town": {"name": "kiambu town"}, "name": "Nopri Medical Clinic", "created": "2014-12-05T11:45:16.537000+00:00", "regulatory_body": {"name": "Kenya MPDB - Private Practice"}, "facility_type": {"name": "Medical Clinic"}, "plot_number": "11/92", "operation_status": {"name": "Operational"}, "number_of_beds": 0}, {"code": 20605, "location_desc": null, "official_name": "Aga Khan Clinic ( Ngong  Rd Prestige)", "owner": {"name": "Private Practice - General Practitioner"}, "keph_level": {"name": "Level 2"}, "ward": {"code": 1434}, "number_of_cots": 0, "name": "Aga Khan Clinic ( Ngong  Rd Prestige)", "created": "2014-12-05T12:56:23.107000+00:00", "regulatory_body": {"name": "Kenya MPDB - Private Practice"}, "facility_type": {"name": "Medical Clinic"}, "plot_number": null, "operation_status": {"name": "Operational"}, "number_of_beds": 0}, {"code": 20606, "location_desc": "In Belgut", "official_name": "Kelunet Dispensar", "owner": {"name": "Ministry of Health"}, "keph_level": {"name": "Level 2"}, "ward": {"code": 778}, "number_of_cots": 0, "town": {"name": "litein town"}, "name": "Kelunet Dispensary", "created": "2014-12-05T13:45:57.400000+00:00", "regulatory_body": {"name": "Ministry of Health"}, "facility_type": {"name": "Dispensary"}, "plot_number": null, "operation_status": {"name": "Operational"}, "number_of_beds": 0}, {"code": 20607, "location_desc": null, "official_name": "Ndege Dispensary", "owner": {"name": "Ministry of Health"}, "keph_level": {"name": "Level 2"}, "ward": {"code": 804}, "number_of_cots": 0, "town": {"name": "nakuru/ndege /ndimu"}, "name": "Ndege Dispensary", "created": "2014-12-05T14:51:11.980000+00:00", "regulatory_body": {"name": "Ministry of Health"}, "facility_type": {"name": "Dispensary"}, "plot_number": "none", "operation_status": {"name": "Operational"}, "number_of_beds": 0}, {"code": 20608, "location_desc": null, "official_name": "Parkishon Dispensary", "owner": {"name": "Ministry of Health"}, "keph_level": {"name": "Level 2"}, "ward": {"code": 234}, "number_of_cots": 0, "name": "Parkishon Dispensary", "created": "2014-12-05T17:29:26.417000+00:00", "regulatory_body": {"name": "Ministry of Health"}, "facility_type": {"name": "Dispensary"}, "plot_number": null, "operation_status": {"name": "Operational"}, "number_of_beds": 0}, {"code": 20609, "location_desc": null, "official_name": "Kargi Health Centre", "owner": {"name": "Ministry of Health"}, "keph_level": {"name": "Level 2"}, "ward": {"code": 237}, "number_of_cots": 4, "town": {"name": "marsabit"}, "name": "Kargi Health Centre", "created": "2014-12-06T09:37:49.033000+00:00", "regulatory_body": {"name": "Ministry of Health"}, "facility_type": {"name": "Health Centre"}, "plot_number": null, "operation_status": {"name": "Operational"}, "number_of_beds": 4}, {"code": 20610, "location_desc": null, "official_name": "Marigo Dispensary", "owner": {"name": "Ministry of Health"}, "keph_level": {"name": "Level 2"}, "ward": {"code": 1077}, "number_of_cots": 0, "town": {"name": "cheptais"}, "name": "Marigo Dispensary", "created": "2014-12-09T08:14:05.963000+00:00", "regulatory_body": {"name": "Ministry of Health"}, "facility_type": {"name": "Dispensary"}, "plot_number": null, "operation_status": {"name": "Operational"}, "number_of_beds": 1}, {"code": 20611, "location_desc": "At Kagwe shopping center, next to Family bank ", "official_name": "Edcef Care Health Services", "owner": {"name": "Private Practice - Nurse / Midwife"}, "keph_level": {"name": "Level 2"}, "ward": {"code": 608}, "number_of_cots": 0, "town": {"name": "kagwe shopping center"}, "name": "Edcef Care Health Services", "created": "2014-12-11T12:44:38.690000+00:00", "regulatory_body": {"name": "Nursing Council of Kenya (Private Practice)"}, "facility_type": {"name": "Medical Clinic"}, "plot_number": "467 kagwe", "operation_status": {"name": "Operational"}, "number_of_beds": 0}, {"code": 20612, "location_desc": null, "official_name": "Wajir Beyond Zero Mobile Clinic", "owner": {"name": "Ministry of Health"}, "keph_level": {"name": "Level 2"}, "ward": {"code": 169}, "number_of_cots": 0, "name": "Wajir Beyond Zero Mobile Clinic", "created": "2014-12-13T19:01:47.120000+00:00", "regulatory_body": {"name": "Ministry of Health"}, "facility_type": {"name": "Dispensary"}, "plot_number": null, "operation_status": {"name": "Operational"}, "number_of_beds": 0}, {"code": 20613, "location_desc": null, "official_name": "Shalom Community Hospital Mukuyuni Satelite", "owner": {"name": "Private Enterprise (Institution)"}, "keph_level": {"name": "Level 2"}, "ward": {"code": 420}, "number_of_cots": 0, "name": "Shalom Community Hospital Mukuyuni Satelite", "created": "2014-12-19T19:39:07.320000+00:00", "regulatory_body": {"name": "Kenya MPDB - Institution"}, "facility_type": {"name": "Medical Clinic"}, "plot_number": null, "operation_status": {"name": "Operational"}, "number_of_beds": 0}, {"code": 20614, "location_desc": "At Shiv Plaza", "official_name": "Kliniq", "owner": {"name": "Private Practice - Medical Specialist"}, "keph_level": {"name": "Level 2"}, "ward": {"code": 871}, "number_of_cots": 0, "town": {"name": "shiv plaza"}, "name": "Kliniq ", "created": "2014-12-22T13:11:08.160000+00:00", "regulatory_body": {"name": "Kenya MPDB - Private Practice"}, "facility_type": {"name": "Medical Clinic"}, "plot_number": "9/65", "operation_status": {"name": "Operational"}, "number_of_beds": 0}, {"code": 20615, "location_desc": null, "official_name": "St. Mary Magdalene Clinic", "owner": {"name": "Private Practice - Unspecified"}, "keph_level": {"name": "Level 2"}, "ward": {"code": 314}, "number_of_cots": 0, "town": {"name": "mutunduri"}, "name": "St. Mary Magdalene Clinic", "created": "2014-12-25T15:53:57.297000+00:00", "regulatory_body": {"name": "Nursing Council of Kenya (Private Practice)"}, "facility_type": {"name": "Medical Clinic"}, "plot_number": null, "operation_status": {"name": "Operational"}, "number_of_beds": 0}, {"code": 20617, "location_desc": null, "official_name": "Sasimua Dispensary", "owner": {"name": "Community Development Fund"}, "keph_level": {"name": "Level 2"}, "ward": {"code": 854}, "number_of_cots": 0, "town": {"name": "muchorwe shopping centre"}, "name": "Sasimua Dispensary", "created": "2015-01-06T10:40:10.817000+00:00", "regulatory_body": {"name": "Ministry of Health"}, "facility_type": {"name": "Dispensary"}, "plot_number": null, "operation_status": {"name": "Pending Opening"}, "number_of_beds": 0}, {"code": 20618, "location_desc": null, "official_name": "Mungetho Dispensary", "owner": {"name": "Community Development Fund"}, "keph_level": {"name": "Level 2"}, "ward": {"code": 854}, "number_of_cots": 0, "town": {"name": "tamuyotta shooping centre"}, "name": "Mungetho Dispensary", "created": "2015-01-06T10:49:39.280000+00:00", "regulatory_body": {"name": "Ministry of Health"}, "facility_type": {"name": "Dispensary"}, "plot_number": null, "operation_status": {"name": "Pending Opening"}, "number_of_beds": 0}, {"code": 20620, "location_desc": "Near Sironga and Konate ", "official_name": "Ramba Health Centre", "owner": {"name": "Ministry of Health"}, "keph_level": {"name": "Level 3"}, "ward": {"code": 1259}, "number_of_cots": 1, "town": {"name": "nyamira"}, "name": "Ramba Health Centre (Nyamira)", "created": "2015-01-09T11:35:29.630000+00:00", "regulatory_body": {"name": "Ministry of Health"}, "facility_type": {"name": "Health Centre"}, "plot_number": null, "operation_status": {"name": "Operational"}, "number_of_beds": 2}, {"code": 20621, "location_desc": "Next to Ushirika Medical Clinic.", "official_name": "Kianda 42 Community Clinic", "owner": {"name": "Ministry of Health"}, "keph_level": {"name": "Level 2"}, "ward": {"code": 1390}, "number_of_cots": 0, "name": "Kianda 42 Community Clinic", "created": "2015-01-09T12:54:21.813000+00:00", "regulatory_body": {"name": "Ministry of Health"}, "facility_type": {"name": "Dispensary"}, "plot_number": null, "operation_status": {"name": "Operational"}, "number_of_beds": 0}, {"code": 20622, "location_desc": "Next to Undugu Society, Laini Saba", "official_name": "Silanga Community Clinic", "owner": {"name": "Ministry of Health"}, "keph_level": {"name": "Level 2"}, "ward": {"code": 1383}, "number_of_cots": 0, "name": "Silanga Community Clinic", "created": "2015-01-09T14:47:11.673000+00:00", "regulatory_body": {"name": "Ministry of Health"}, "facility_type": {"name": "Dispensary"}, "plot_number": null, "operation_status": {"name": "Operational"}, "number_of_beds": 0}, {"code": 20623, "location_desc": "Near the Lindi Mosque", "official_name": "Lindi Community Clinic", "owner": {"name": "Ministry of Health"}, "keph_level": {"name": "Level 2"}, "ward": {"code": 1387}, "number_of_cots": 0, "name": "Lindi Community Clinic", "created": "2015-01-09T15:00:56.073000+00:00", "regulatory_body": {"name": "Ministry of Health"}, "facility_type": {"name": "Dispensary"}, "plot_number": null, "operation_status": {"name": "Operational"}, "number_of_beds": 0}, {"code": 20624, "location_desc": "Inside the FPFK Kibera Church", "official_name": "Makina Community Clinic", "owner": {"name": "Ministry of Health"}, "keph_level": {"name": "Level 2"}, "ward": {"code": 1388}, "number_of_cots": 0, "town": {"name": "toi market"}, "name": "Makina Community Clinic", "created": "2015-01-12T14:03:01.760000+00:00", "regulatory_body": {"name": "Ministry of Health"}, "facility_type": {"name": "Dispensary"}, "plot_number": null, "operation_status": {"name": "Operational"}, "number_of_beds": 0}, {"code": 20625, "location_desc": "At Madrasa Tul Falah Opposite Masid Jamaa Salama Kibra.", "official_name": "Karanja Road Community Clinic", "owner": {"name": "Ministry of Health"}, "keph_level": {"name": "Level 2"}, "ward": {"code": 1390}, "number_of_cots": 0, "name": "Karanja Road Community Clinic", "created": "2015-01-12T14:12:59.220000+00:00", "regulatory_body": {"name": "Ministry of Health"}, "facility_type": {"name": "Dispensary"}, "plot_number": null, "operation_status": {"name": "Operational"}, "number_of_beds": 0}, {"code": 20626, "location_desc": "Next to Carolina for Kibera", "official_name": "Olympic Community Clinic", "owner": {"name": "Ministry of Health"}, "keph_level": {"name": "Level 2"}, "ward": {"code": 1390}, "number_of_cots": 0, "town": {"name": "olympic shopping center"}, "name": "Olympic Community Clinic", "created": "2015-01-12T14:21:58.850000+00:00", "regulatory_body": {"name": "Ministry of Health"}, "facility_type": {"name": "Dispensary"}, "plot_number": null, "operation_status": {"name": "Not-Operational"}, "number_of_beds": 0}, {"code": 20627, "location_desc": "Next to Soweto Academy", "official_name": "Soweto West Community Clinic", "owner": {"name": "Ministry of Health"}, "keph_level": {"name": "Level 2"}, "ward": {"code": 1383}, "number_of_cots": 0, "name": "Soweto West Community Clinic", "created": "2015-01-12T14:33:58.590000+00:00", "regulatory_body": {"name": "Ministry of Health"}, "facility_type": {"name": "Dispensary"}, "plot_number": null, "operation_status": {"name": "Operational"}, "number_of_beds": 0}, {"code": 20628, "location_desc": "3rd Plaza Zuri Plaza, Nakumatt Building", "official_name": "Avenue Healthcare Thika ", "owner": {"name": "Private Practice - General Practitioner"}, "keph_level": {"name": "Level 2"}, "ward": {"code": 565}, "number_of_cots": 0, "town": {"name": "thika town"}, "name": "Avenue Healthcare Thika ", "created": "2015-01-12T16:04:36.643000+00:00", "regulatory_body": {"name": "Kenya MPDB - Institution"}, "facility_type": {"name": "Medical Clinic"}, "plot_number": "lr/4953/44", "operation_status": {"name": "Operational"}, "number_of_beds": 0}, {"code": 20629, "location_desc": "Next to FlyOver Njabini road junction ", "official_name": "Pinnacle FlyOver Hospital", "owner": {"name": "Private Practice - General Practitioner"}, "keph_level": {"name": "Level 3"}, "ward": {"code": 453}, "number_of_cots": 1, "town": {"name": "fly over"}, "name": "Pinnacle FlyOver Hospital", "created": "2015-01-12T20:52:44.170000+00:00", "regulatory_body": {"name": "Kenya MPDB - Private Practice"}, "facility_type": {"name": "Other Hospital"}, "plot_number": "plot 4 phase 31", "operation_status": {"name": "Operational"}, "number_of_beds": 3}, {"code": 20630, "location_desc": "At the heart of Engineer town business district opposite town market and Co-operative bank, next to Full Gospel church and Border supermarket", "official_name": "Jamii Health Services", "owner": {"name": "Private Practice - Nurse / Midwife"}, "keph_level": {"name": "Level 2"}, "ward": {"code": 814}, "number_of_cots": 0, "town": {"name": "engineer town"}, "name": "Jamii Health Services", "created": "2015-01-12T21:08:45.310000+00:00", "regulatory_body": {"name": "Nursing Council of Kenya (Private Practice)"}, "facility_type": {"name": "Medical Clinic"}, "plot_number": "engineer/1170", "operation_status": {"name": "Operational"}, "number_of_beds": 0}, {"code": 20631, "location_desc": "Located outside Engineer business district next to Silent bar", "official_name": "Faith Medical Services", "owner": {"name": "Private Practice - Nurse / Midwife"}, "keph_level": {"name": "Level 2"}, "ward": {"code": 814}, "number_of_cots": 0, "town": {"name": "engineer town"}, "name": "Faith Medical Services", "created": "2015-01-12T21:18:05.230000+00:00", "regulatory_body": {"name": "Nursing Council of Kenya (Private Practice)"}, "facility_type": {"name": "Medical Clinic"}, "plot_number": "nya/eng/10234", "operation_status": {"name": "Operational"}, "number_of_beds": 0}, {"code": 20632, "location_desc": "About 2 kilometre North of Bombolulu Estate Stage", "official_name": "Eclipse Medical Centre", "owner": {"name": "Private Practice - Clinical Officer"}, "keph_level": {"name": "Level 2"}, "ward": {"code": 20}, "number_of_cots": 0, "town": {"name": "kwa buro"}, "name": "Eclipse Medical Centre", "created": "2015-01-13T09:03:27.843000+00:00", "regulatory_body": {"name": "Clinical Officers Council"}, "facility_type": {"name": "Medical Clinic"}, "plot_number": null, "operation_status": {"name": "Pending Opening"}, "number_of_beds": 0}, {"code": 20633, "location_desc": "3 KM off Embu Meru highway at KCC juction", "official_name": "Nduuri Dispensary", "owner": {"name": "Ministry of Health"}, "keph_level": {"name": "Level 2"}, "ward": {"code": 318}, "number_of_cots": 0, "town": {"name": "nduuri"}, "name": "Nduuri Dispensary", "created": "2015-01-13T11:06:24.590000+00:00", "regulatory_body": {"name": "Ministry of Health"}, "facility_type": {"name": "Dispensary"}, "plot_number": "na", "operation_status": {"name": "Operational"}, "number_of_beds": 0}, {"code": 20634, "location_desc": "100 kilometres south of of Junda Dipensary", "official_name": "Baobab Annex Clinic", "owner": {"name": "Private Practice - Clinical Officer"}, "keph_level": {"name": "Level 2"}, "ward": {"code": 9}, "number_of_cots": 0, "town": {"name": "junda"}, "name": "Baobab Annex Clinic", "created": "2015-01-13T15:13:34.320000+00:00", "regulatory_body": {"name": "Clinical Officers Council"}, "facility_type": {"name": "Medical Clinic"}, "plot_number": "9887", "operation_status": {"name": "Not-Operational"}, "number_of_beds": 0}, {"code": 20635, "location_desc": null, "official_name": "Kapkirwa Dispensary", "owner": {"name": "Ministry of Health"}, "keph_level": {"name": "Level 2"}, "ward": {"code": 939}, "number_of_cots": 0, "town": {"name": "maraba market"}, "name": "Kapkirwa Dispensary", "created": "2015-01-14T13:33:02.067000+00:00", "regulatory_body": {"name": "Ministry of Health"}, "facility_type": {"name": "Dispensary"}, "plot_number": null, "operation_status": {"name": "Operational"}, "number_of_beds": 0}, {"code": 20636, "location_desc": "At Karen shopping centre\r\nTana House 2nd floor", "official_name": "All Care Medical Centre", "owner": {"name": "Private Practice - Unspecified"}, "keph_level": {"name": "Level 2"}, "ward": {"code": 1381}, "number_of_cots": 0, "town": {"name": "at karen shopping centre"}, "name": "All Care Medical Centre", "created": "2015-01-15T16:19:51.050000+00:00", "regulatory_body": {"name": "Kenya MPDB - Institution"}, "facility_type": {"name": "Medical Clinic"}, "plot_number": "plot no. lr 8948", "operation_status": {"name": "Operational"}, "number_of_beds": 0}, {"code": 20637, "location_desc": "located between lokitaung and kokuro", "official_name": "karebur Dispensary", "owner": {"name": "Ministry of Health"}, "keph_level": {"name": "Level 2"}, "ward": {"code": 615}, "number_of_cots": 0, "town": {"name": "loktaung"}, "name": "karebur Dispensary", "created": "2015-01-16T12:49:02.273000+00:00", "regulatory_body": {"name": "Ministry of Health"}, "facility_type": {"name": "Dispensary"}, "plot_number": null, "operation_status": {"name": "Operational"}, "number_of_beds": 0}, {"code": 20638, "location_desc": "Is located between kaikor and Kibish Trading centers.", "official_name": "Napak Dispensary", "owner": {"name": "Ministry of Health"}, "keph_level": {"name": "Level 2"}, "ward": {"code": 614}, "number_of_cots": 0, "town": {"name": "kaikor"}, "name": "Napak Dispensary", "created": "2015-01-16T13:04:32.340000+00:00", "regulatory_body": {"name": "Ministry of Health"}, "facility_type": {"name": "Dispensary"}, "plot_number": null, "operation_status": {"name": "Operational"}, "number_of_beds": 0}, {"code": 20639, "location_desc": "Located between Lokitaung and Kokuro Trading Centers\r\n", "official_name": "Kakelae Dispensary", "owner": {"name": "Ministry of Health"}, "keph_level": {"name": "Level 2"}, "ward": {"code": 612}, "number_of_cots": 0, "town": {"name": "lokitaung"}, "name": "Kakelae Dispensary", "created": "2015-01-16T13:11:07.663000+00:00", "regulatory_body": {"name": "Ministry of Health"}, "facility_type": {"name": "Dispensary"}, "plot_number": null, "operation_status": {"name": "Not-Operational"}, "number_of_beds": 0}], "model": "facilities.Facility", "unique_fields": ["code"]}]