[{"records": [{"code": 18701, "location_desc": null, "official_name": "Mayo Clinic", "owner": {"name": "Private Practice - Unspecified"}, "keph_level": {"name": "Level 2"}, "ward": {"code": 276}, "number_of_cots": 0, "town": {"name": "meru town"}, "name": "Mayo Clinic", "created": "2012-09-20T09:52:54.410000+00:00", "regulatory_body": {"name": "Kenya MPDB - Private Practice"}, "facility_type": {"name": "Medical Clinic"}, "plot_number": "b11/128", "operation_status": {"name": "Operational"}, "number_of_beds": 0}, {"code": 18702, "location_desc": null, "official_name": "Mirigamieru Health Services", "owner": {"name": "Private Practice - Nurse / Midwife"}, "keph_level": {"name": "Level 2"}, "ward": {"code": 277}, "number_of_cots": 0, "town": {"name": "meru town"}, "name": "Mirigamieru Health Services", "created": "2012-09-20T10:22:48.990000+00:00", "regulatory_body": {"name": "Kenya MPDB - Private Practice"}, "facility_type": {"name": "Medical Clinic"}, "plot_number": "t 31", "operation_status": {"name": "Operational"}, "number_of_beds": 0}, {"code": 18703, "location_desc": null, "official_name": "Gakoromone Health Care Clinic", "owner": {"name": "Private Practice - Nurse / Midwife"}, "keph_level": {"name": "Level 2"}, "ward": {"code": 277}, "number_of_cots": 0, "town": {"name": "meru town"}, "name": "Gakoromone Health Care Clinic", "created": "2012-09-20T11:42:51.193000+00:00", "regulatory_body": {"name": "Kenya MPDB - Private Practice"}, "facility_type": {"name": "Medical Clinic"}, "plot_number": "1484", "operation_status": {"name": "Operational"}, "number_of_beds": 0}, {"code": 18706, "location_desc": null, "official_name": "Meru Lab Services", "owner": {"name": "Private Practice - Unspecified"}, "keph_level": {"name": "Level 2"}, "ward": {"code": 276}, "number_of_cots": 0, "town": {"name": "meru town"}, "name": "Meru Lab Services", "created": "2012-09-20T15:31:12.510000+00:00", "regulatory_body": {"name": "Kenya MPDB - Private Practice"}, "facility_type": {"name": "Laboratory (Stand-alone)"}, "plot_number": "b 11/19", "operation_status": {"name": "Operational"}, "number_of_beds": 0}, {"code": 18707, "location_desc": null, "official_name": "Mutindwa clinic  and lab", "owner": {"name": "Private Practice - Unspecified"}, "keph_level": {"name": "Level 2"}, "ward": {"code": 276}, "number_of_cots": 0, "town": {"name": "meru town"}, "name": "Mutindwa Clinic and Lab", "created": "2012-09-20T15:52:30.870000+00:00", "regulatory_body": {"name": "Kenya MPDB - Private Practice"}, "facility_type": {"name": "Medical Clinic"}, "plot_number": "b 11/23", "operation_status": {"name": "Operational"}, "number_of_beds": 0}, {"code": 18708, "location_desc": null, "official_name": "Path care Kenya", "owner": {"name": "Private Practice - Unspecified"}, "keph_level": {"name": "Level 2"}, "ward": {"code": 276}, "number_of_cots": 0, "town": {"name": "meru town"}, "name": "Path Care Kenya", "created": "2012-09-20T16:19:21.030000+00:00", "regulatory_body": {"name": "Kenya MPDB - Private Practice"}, "facility_type": {"name": "Laboratory (Stand-alone)"}, "plot_number": "b 11/175", "operation_status": {"name": "Operational"}, "number_of_beds": 0}, {"code": 18709, "location_desc": null, "official_name": "Ruiri Medical Center", "owner": {"name": "Private Practice - Unspecified"}, "keph_level": {"name": "Level 2"}, "ward": {"code": 284}, "number_of_cots": 0, "town": {"name": "ruiri market"}, "name": "Ruiri Medical Centre", "created": "2012-09-21T11:34:23.150000+00:00", "regulatory_body": {"name": "Kenya MPDB - Private Practice"}, "facility_type": {"name": "Medical Centre"}, "plot_number": "50  ruiri market", "operation_status": {"name": "Operational"}, "number_of_beds": 0}, {"code": 18710, "location_desc": null, "official_name": "Tumaini Medical Clinic", "owner": {"name": "Private Enterprise (Institution)"}, "keph_level": {"name": "Level 2"}, "ward": {"code": 386}, "number_of_cots": 0, "name": "Tumaini Medical Clinic (Yatta)", "created": "2012-09-21T12:30:36.907000+00:00", "regulatory_body": {"name": "Kenya MPDB - Private Practice"}, "facility_type": {"name": "Medical Clinic"}, "plot_number": null, "operation_status": {"name": "Operational"}, "number_of_beds": 1}, {"code": 18712, "location_desc": null, "official_name": "Nazarene Sister's Dispensary Rwarera", "owner": {"name": "Private Practice - Unspecified"}, "keph_level": {"name": "Level 2"}, "ward": {"code": 284}, "number_of_cots": 0, "name": "Nazarene Sister's Dispensary Rwarera", "created": "2012-09-21T13:06:57.917000+00:00", "regulatory_body": {"name": "Kenya MPDB - Private Practice"}, "facility_type": {"name": "Dispensary"}, "plot_number": null, "operation_status": {"name": "Operational"}, "number_of_beds": 0}, {"code": 18713, "location_desc": null, "official_name": "PR Health Services", "owner": {"name": "Private Practice - Nurse / Midwife"}, "keph_level": {"name": "Level 2"}, "ward": {"code": 283}, "number_of_cots": 0, "town": {"name": "kiirua market"}, "name": "Pr Health Services", "created": "2012-09-21T13:19:12.083000+00:00", "regulatory_body": {"name": "Kenya MPDB - Private Practice"}, "facility_type": {"name": "Not in List"}, "plot_number": null, "operation_status": {"name": "Operational"}, "number_of_beds": 0}, {"code": 18714, "location_desc": null, "official_name": "Mummy Medical Clinic", "owner": {"name": "Private Practice - Unspecified"}, "keph_level": {"name": "Level 2"}, "ward": {"code": 283}, "number_of_cots": 0, "town": {"name": "kiirua market"}, "name": "Mummy Medical Clinic", "created": "2012-09-21T13:31:20.810000+00:00", "regulatory_body": {"name": "Kenya MPDB - Private Practice"}, "facility_type": {"name": "Medical Clinic"}, "plot_number": "1110/ kiirua", "operation_status": {"name": "Operational"}, "number_of_beds": 0}, {"code": 18715, "location_desc": null, "official_name": "Gunduwa Health Center", "owner": {"name": "Private Practice - Unspecified"}, "keph_level": {"name": "Level 2"}, "ward": {"code": 282}, "number_of_cots": 0, "town": {"name": "timau market"}, "name": "Gunduwa Health Centre", "created": "2012-09-22T11:14:30.453000+00:00", "regulatory_body": {"name": "Kenya MPDB - Private Practice"}, "facility_type": {"name": "Health Centre"}, "plot_number": "2819 kisima", "operation_status": {"name": "Operational"}, "number_of_beds": 2}, {"code": 18716, "location_desc": null, "official_name": "Dr Kiara Medical Clinic", "owner": {"name": "Private Practice - Unspecified"}, "keph_level": {"name": "Level 2"}, "ward": {"code": 281}, "number_of_cots": 0, "town": {"name": "timau market"}, "name": "Dr Kiara Medical Clinic", "created": "2012-09-22T11:23:24.660000+00:00", "regulatory_body": {"name": "Kenya MPDB - Private Practice"}, "facility_type": {"name": "Medical Clinic"}, "plot_number": "2290/76", "operation_status": {"name": "Operational"}, "number_of_beds": 0}, {"code": 18717, "location_desc": null, "official_name": "Slopes Medical Clinic", "owner": {"name": "Private Practice - Unspecified"}, "keph_level": {"name": "Level 2"}, "ward": {"code": 281}, "number_of_cots": 0, "town": {"name": "timau market"}, "name": "Slopes Medical Clinic", "created": "2012-09-22T11:40:42.950000+00:00", "regulatory_body": {"name": "Kenya MPDB - Private Practice"}, "facility_type": {"name": "Medical Clinic"}, "plot_number": "85/timau", "operation_status": {"name": "Operational"}, "number_of_beds": 0}, {"code": 18718, "location_desc": null, "official_name": "Amani Medical Clinic(Meru)", "owner": {"name": "Private Practice - Unspecified"}, "keph_level": {"name": "Level 2"}, "ward": {"code": 277}, "number_of_cots": 0, "town": {"name": "meru town"}, "name": "Amani Medical Clinic (Meru)", "created": "2012-09-22T13:32:55.753000+00:00", "regulatory_body": {"name": "Kenya MPDB - Private Practice"}, "facility_type": {"name": "Medical Clinic"}, "plot_number": "t .634", "operation_status": {"name": "Operational"}, "number_of_beds": 0}, {"code": 18719, "location_desc": "Located in Rumatho House", "official_name": "Everest Medical/Dental Clinic", "owner": {"name": "Private Practice - Unspecified"}, "keph_level": {"name": "Level 2"}, "ward": {"code": 277}, "number_of_cots": 0, "town": {"name": "meru town"}, "name": "Everest Medical/Dental Clinic", "created": "2012-09-22T13:41:18.417000+00:00", "regulatory_body": {"name": "Kenya MPDB - Private Practice"}, "facility_type": {"name": "Dental Clinic"}, "plot_number": "b 11/341", "operation_status": {"name": "Operational"}, "number_of_beds": 0}, {"code": 18720, "location_desc": "near Katito market", "official_name": "House Of Hope Medical Centre", "owner": {"name": "Private Practice - General Practitioner"}, "keph_level": {"name": "Level 2"}, "ward": {"code": 1217}, "number_of_cots": 0, "town": {"name": "near katito market"}, "name": "House of Hope Medical Centre", "created": "2012-09-24T13:57:11.033000+00:00", "regulatory_body": {"name": "Kenya MPDB - Private Practice"}, "facility_type": {"name": "Medical Clinic"}, "plot_number": null, "operation_status": {"name": "Operational"}, "number_of_beds": 0}, {"code": 18721, "location_desc": "Near Akando primary school", "official_name": "Kandaria Medical Centre", "owner": {"name": "Private Practice - General Practitioner"}, "keph_level": {"name": "Level 2"}, "ward": {"code": 1220}, "number_of_cots": 0, "town": {"name": "nduga"}, "name": "Kandaria Medical Centre", "created": "2012-09-24T14:12:22.283000+00:00", "regulatory_body": {"name": "Kenya MPDB - Institution"}, "facility_type": {"name": "Medical Clinic"}, "plot_number": null, "operation_status": {"name": "Operational"}, "number_of_beds": 0}, {"code": 18722, "location_desc": "Near Radienya Primary School", "official_name": "Radienya Dispensary", "owner": {"name": "Ministry of Health"}, "keph_level": {"name": "Level 2"}, "ward": {"code": 1226}, "number_of_cots": 0, "town": {"name": "sondu"}, "name": "Radienya Dispensary", "created": "2012-09-24T14:38:13.783000+00:00", "regulatory_body": {"name": "Ministry of Health"}, "facility_type": {"name": "Dispensary"}, "plot_number": null, "operation_status": {"name": "Operational"}, "number_of_beds": 0}, {"code": 18723, "location_desc": null, "official_name": "Diplomatic Medical Clinic", "owner": {"name": "Private Practice - Unspecified"}, "keph_level": {"name": "Level 2"}, "ward": {"code": 281}, "number_of_cots": 0, "town": {"name": "timau market"}, "name": "Diplomatic Medical Clinic", "created": "2012-09-24T14:53:44.467000+00:00", "regulatory_body": {"name": "Kenya MPDB - Private Practice"}, "facility_type": {"name": "Medical Clinic"}, "plot_number": "85/timau", "operation_status": {"name": "Operational"}, "number_of_beds": 0}, {"code": 18724, "location_desc": null, "official_name": "Dr. Kiara Medical Clinic", "owner": {"name": "Private Practice - Unspecified"}, "keph_level": {"name": "Level 2"}, "ward": {"code": 281}, "number_of_cots": 0, "town": {"name": "timau market"}, "name": "Dr Kiara Medical Clinic", "created": "2012-09-24T15:04:57.593000+00:00", "regulatory_body": {"name": "Kenya MPDB - Private Practice"}, "facility_type": {"name": "Medical Clinic"}, "plot_number": "2290/76", "operation_status": {"name": "Operational"}, "number_of_beds": 0}, {"code": 18725, "location_desc": "Near Pedo primary School", "official_name": "Pedo Dispensary", "owner": {"name": "Ministry of Health"}, "keph_level": {"name": "Level 2"}, "ward": {"code": 1218}, "number_of_cots": 0, "town": {"name": "osuoume"}, "name": "Pedo Dispensary", "created": "2012-09-24T15:12:00.227000+00:00", "regulatory_body": {"name": "Ministry of Health"}, "facility_type": {"name": "Dispensary"}, "plot_number": null, "operation_status": {"name": "Operational"}, "number_of_beds": 0}, {"code": 18727, "location_desc": "Situated at Mungania House", "official_name": "Umoja Medical Clinic (Imenti North)", "owner": {"name": "Private Practice - Clinical Officer"}, "keph_level": {"name": "Level 2"}, "ward": {"code": 276}, "number_of_cots": 0, "town": {"name": "meru town"}, "name": "Umoja Medical Clinic (Imenti North)", "created": "2012-09-24T15:22:58.830000+00:00", "regulatory_body": {"name": "Kenya MPDB - Private Practice"}, "facility_type": {"name": "Medical Clinic"}, "plot_number": "b 11/148", "operation_status": {"name": "Operational"}, "number_of_beds": 0}, {"code": 18728, "location_desc": "Located around Co-operative Bank Building", "official_name": "Dr. Muthuri JJ Clinic", "owner": {"name": "Private Practice - Unspecified"}, "keph_level": {"name": "Level 2"}, "ward": {"code": 276}, "number_of_cots": 0, "town": {"name": "meru town"}, "name": "Dr Muthuri Jj Clinic", "created": "2012-09-24T15:36:46.100000+00:00", "regulatory_body": {"name": "Kenya MPDB - Private Practice"}, "facility_type": {"name": "Medical Clinic"}, "plot_number": "b11", "operation_status": {"name": "Operational"}, "number_of_beds": 0}, {"code": 18729, "location_desc": null, "official_name": "Kefra Clinic", "owner": {"name": "Private Practice - Unspecified"}, "keph_level": {"name": "Level 2"}, "ward": {"code": 278}, "number_of_cots": 0, "town": {"name": "gitimbine market"}, "name": "Kefra Clinic", "created": "2012-09-24T15:45:51.540000+00:00", "regulatory_body": {"name": "Kenya MPDB - Private Practice"}, "facility_type": {"name": "Medical Clinic"}, "plot_number": "1985", "operation_status": {"name": "Operational"}, "number_of_beds": 0}, {"code": 18730, "location_desc": null, "official_name": "Afya Medical Clinic(Meru)", "owner": {"name": "Private Practice - Unspecified"}, "keph_level": {"name": "Level 2"}, "ward": {"code": 278}, "number_of_cots": 0, "name": "Afya Medical Clinic (Meru)", "created": "2012-09-24T16:10:12.967000+00:00", "regulatory_body": {"name": "Kenya MPDB - Private Practice"}, "facility_type": {"name": "Medical Clinic"}, "plot_number": "3774", "operation_status": {"name": "Operational"}, "number_of_beds": 0}, {"code": 18731, "location_desc": null, "official_name": "Meru Consultant Clinic", "owner": {"name": "Private Enterprise (Institution)"}, "keph_level": {"name": "Level 2"}, "ward": {"code": 276}, "number_of_cots": 0, "town": {"name": "meru town"}, "name": "Meru Consultant Clinic", "created": "2012-09-24T16:22:19.863000+00:00", "regulatory_body": {"name": "Kenya MPDB - Private Practice"}, "facility_type": {"name": "Medical Clinic"}, "plot_number": "b11/166", "operation_status": {"name": "Operational"}, "number_of_beds": 0}, {"code": 18732, "location_desc": "Located around KAG Primary and Nursery School", "official_name": "Kenya Assemblies of God Medical Clinic", "owner": {"name": "Other Faith Based"}, "keph_level": {"name": "Level 2"}, "ward": {"code": 278}, "number_of_cots": 0, "town": {"name": "meru town"}, "name": "Kenya Assemblies of God Medical Clinic", "created": "2012-09-24T16:41:46.373000+00:00", "regulatory_body": {"name": "Kenya MPDB - Private Practice"}, "facility_type": {"name": "Medical Clinic"}, "plot_number": null, "operation_status": {"name": "Operational"}, "number_of_beds": 0}, {"code": 18733, "location_desc": null, "official_name": "Makutano Medical Clinic( Meru)", "owner": {"name": "Private Practice - Unspecified"}, "keph_level": {"name": "Level 2"}, "ward": {"code": 276}, "number_of_cots": 0, "town": {"name": "makutano"}, "name": "Makutano Medical Clinic (Meru)", "created": "2012-09-24T16:50:38.677000+00:00", "regulatory_body": {"name": "Kenya MPDB - Private Practice"}, "facility_type": {"name": "Medical Clinic"}, "plot_number": "788", "operation_status": {"name": "Operational"}, "number_of_beds": 0}, {"code": 18734, "location_desc": "Located in Universal Building Makutano", "official_name": "New Generation Clinic", "owner": {"name": "Private Practice - Clinical Officer"}, "keph_level": {"name": "Level 2"}, "ward": {"code": 276}, "number_of_cots": 0, "town": {"name": "makutano market"}, "name": "New Generation Clinic", "created": "2012-09-24T16:57:42.653000+00:00", "regulatory_body": {"name": "Kenya MPDB - Private Practice"}, "facility_type": {"name": "Medical Clinic"}, "plot_number": "2232", "operation_status": {"name": "Operational"}, "number_of_beds": 0}, {"code": 18735, "location_desc": "Located in Madaraka Building", "official_name": "Madaraka Health Services", "owner": {"name": "Private Practice - Nurse / Midwife"}, "keph_level": {"name": "Level 2"}, "ward": {"code": 276}, "number_of_cots": 0, "town": {"name": "makutano market"}, "name": "Madaraka Health Services", "created": "2012-09-24T17:05:15.087000+00:00", "regulatory_body": {"name": "Kenya MPDB - Private Practice"}, "facility_type": {"name": "Not in List"}, "plot_number": "80, makutano", "operation_status": {"name": "Operational"}, "number_of_beds": 0}, {"code": 18736, "location_desc": null, "official_name": "Huruma Medical Clinic", "owner": {"name": "Private Practice - Unspecified"}, "keph_level": {"name": "Level 2"}, "ward": {"code": 281}, "number_of_cots": 0, "name": "Huruma Medical Clinc", "created": "2012-09-24T17:20:38.717000+00:00", "regulatory_body": {"name": "Kenya MPDB - Private Practice"}, "facility_type": {"name": "Medical Clinic"}, "plot_number": null, "operation_status": {"name": "Operational"}, "number_of_beds": 0}, {"code": 18737, "location_desc": "Along Lorugum - Lorengippi - Loya Road ", "official_name": "Lobei Health Centre", "owner": {"name": "Ministry of Health"}, "keph_level": {"name": "Level 3"}, "ward": {"code": 656}, "number_of_cots": 4, "town": {"name": "lorugum"}, "name": "Lobei Health Centre", "created": "2012-09-25T21:22:15.577000+00:00", "regulatory_body": {"name": "Ministry of Health"}, "facility_type": {"name": "Health Centre"}, "plot_number": null, "operation_status": {"name": "Operational"}, "number_of_beds": 24}, {"code": 18738, "location_desc": "In Machakos Town", "official_name": "Aga Khan University Hospital -New Machakos Medical Centre", "owner": {"name": "Private Practice - General Practitioner"}, "keph_level": {"name": "Level 2"}, "ward": {"code": 401}, "number_of_cots": 0, "town": {"name": "machakos town"}, "name": "Aga Khan University Hospital -New Machakos Medical", "created": "2012-09-27T12:35:20.613000+00:00", "regulatory_body": {"name": "Kenya MPDB - Private Practice"}, "facility_type": {"name": "Medical Clinic"}, "plot_number": null, "operation_status": {"name": "Operational"}, "number_of_beds": 0}, {"code": 18739, "location_desc": "On Kitengela Road, Maasai Estate near Uhuru Gardens Primary School", "official_name": "Eagle Wings Medical Centre", "owner": {"name": "Private Practice - Medical Specialist"}, "keph_level": {"name": "Level 2"}, "ward": {"code": 1383}, "number_of_cots": 0, "town": {"name": "maasai estate"}, "name": "Eagle Wings Medical Centre", "created": "2012-10-01T10:57:53.517000+00:00", "regulatory_body": {"name": "Kenya MPDB - Private Practice"}, "facility_type": {"name": "Medical Clinic"}, "plot_number": "72/687", "operation_status": {"name": "Operational"}, "number_of_beds": 0}, {"code": 18740, "location_desc": "Next to Apostolic Church Buyangu on your way to Khumusalaba", "official_name": "Green Valley Clinic", "owner": {"name": "Private Practice - Nurse / Midwife"}, "keph_level": {"name": "Level 2"}, "ward": {"code": 1075}, "number_of_cots": 0, "town": {"name": "buyangu market"}, "name": "Green Valley Clinic", "created": "2012-10-01T11:55:22.353000+00:00", "regulatory_body": {"name": "Nursing Council of Kenya (Private Practice)"}, "facility_type": {"name": "Medical Clinic"}, "plot_number": "private", "operation_status": {"name": "Operational"}, "number_of_beds": 1}, {"code": 18741, "location_desc": "Karanja Road off Kibera Drive, Next to Kibera Primary School", "official_name": "Vipawa Medical Services", "owner": {"name": "Private Practice - Clinical Officer"}, "keph_level": {"name": "Level 2"}, "ward": {"code": 1387}, "number_of_cots": 0, "town": {"name": "next to kibera primary school"}, "name": "Vipawa Medical Services", "created": "2012-10-01T15:43:47.790000+00:00", "regulatory_body": {"name": "Clinical Officers Council"}, "facility_type": {"name": "Medical Clinic"}, "plot_number": null, "operation_status": {"name": "Operational"}, "number_of_beds": 0}, {"code": 18742, "location_desc": null, "official_name": "Kiptome Dispensary", "owner": {"name": "Ministry of Health"}, "keph_level": {"name": "Level 2"}, "ward": {"code": 958}, "number_of_cots": 0, "town": {"name": "kericho"}, "name": "Kiptome Dispensary (Belgut)", "created": "2012-10-02T13:23:18.677000+00:00", "regulatory_body": {"name": "Ministry of Health"}, "facility_type": {"name": "Dispensary"}, "plot_number": null, "operation_status": {"name": "Operational"}, "number_of_beds": 4}, {"code": 18743, "location_desc": "Lite industries behind faulu", "official_name": "Kariobangi Edarp", "owner": {"name": "Kenya Episcopal Conference-Catholic Secretariat"}, "keph_level": {"name": "Level 2"}, "ward": {"code": 1411}, "number_of_cots": 0, "town": {"name": "lite industries behind faulu"}, "name": "Kariobangi EDARP", "created": "2012-10-05T09:44:41.510000+00:00", "regulatory_body": {"name": "Kenya MPDB - Institution"}, "facility_type": {"name": "Dispensary"}, "plot_number": null, "operation_status": {"name": "Operational"}, "number_of_beds": 0}, {"code": 18744, "location_desc": "Off outering rd next to Equity bank kariobangi", "official_name": "Premium Health Services", "owner": {"name": "Private Practice - Medical Specialist"}, "keph_level": {"name": "Level 2"}, "ward": {"code": 1411}, "number_of_cots": 0, "town": {"name": "off outering rd next to equity bank kariobangi"}, "name": "Premium Health Services", "created": "2012-10-05T09:58:10.390000+00:00", "regulatory_body": {"name": "Kenya MPDB - Private Practice"}, "facility_type": {"name": "Dispensary"}, "plot_number": null, "operation_status": {"name": "Operational"}, "number_of_beds": 0}, {"code": 18745, "location_desc": "Off outering rd Then korogocho slum near daniel comboni pri school", "official_name": "Comboni missionary sisters Health Programm", "owner": {"name": "Kenya Episcopal Conference-Catholic Secretariat"}, "keph_level": {"name": "Level 2"}, "ward": {"code": 1411}, "number_of_cots": 0, "town": {"name": "off outering rd then korogocho slum near daniel comboni pri school"}, "name": "Comboni Missionary Sisters Health Programm", "created": "2012-10-05T10:19:46.050000+00:00", "regulatory_body": {"name": "Other"}, "facility_type": {"name": "Health Programme"}, "plot_number": null, "operation_status": {"name": "Operational"}, "number_of_beds": 0}, {"code": 18746, "location_desc": null, "official_name": "Tionybei Medical Clinic,  Pharmancy and  Diagnastic Lab", "owner": {"name": "Private Enterprise (Institution)"}, "keph_level": {"name": "Level 2"}, "ward": {"code": 797}, "number_of_cots": 0, "town": {"name": "kabarnet"}, "name": "Tionybei Medical Clinic", "created": "2012-10-09T17:36:16.780000+00:00", "regulatory_body": {"name": "Kenya MPDB - Private Practice"}, "facility_type": {"name": "Medical Clinic"}, "plot_number": "938/129", "operation_status": {"name": "Operational"}, "number_of_beds": 0}, {"code": 18747, "location_desc": "Situated Along Naivasha -Nakuru highway adjacent to Panda Flower farm near delamere Shop", "official_name": "Vegpro Delamere Pivot Medical Clinic (Naivasha)", "owner": {"name": "Company Medical Service"}, "keph_level": {"name": "Level 2"}, "ward": {"code": 843}, "number_of_cots": 0, "town": {"name": "naivasha"}, "name": "Vegpro Delamere Pivot Medical Clinic (Naivasha)", "created": "2012-10-11T10:04:13.113000+00:00", "regulatory_body": {"name": "Kenya MPDB - Institution"}, "facility_type": {"name": "Medical Clinic"}, "plot_number": "428", "operation_status": {"name": "Operational"}, "number_of_beds": 0}, {"code": 18748, "location_desc": "Situated Along maai Mahiu Naivasha Road adjacent to the Post office Opposite Kobil Petro station.", "official_name": "Comfort The Chidren International (CTC) Naivasha", "owner": {"name": "Non-Governmental Organizations"}, "keph_level": {"name": "Level 2"}, "ward": {"code": 839}, "number_of_cots": 0, "town": {"name": "mai mahiu centre"}, "name": "Comfort The Chidren International (Ctc) Naivasha", "created": "2012-10-11T10:17:27.560000+00:00", "regulatory_body": {"name": "Kenya MPDB - Institution"}, "facility_type": {"name": "Health Project"}, "plot_number": "4689", "operation_status": {"name": "Operational"}, "number_of_beds": 0}, {"code": 18749, "location_desc": "2 km off new Mombasa- Malindi Road at Dolphine Junction", "official_name": "Serena Beach Hotel & SPA Staff Clinic", "owner": {"name": "Private Enterprise (Institution)"}, "keph_level": {"name": "Level 2"}, "ward": {"code": 15}, "number_of_cots": 0, "town": {"name": "shanzu"}, "name": "Serena Beach Hotel & Spa Staff Clinic", "created": "2012-10-11T19:05:57.730000+00:00", "regulatory_body": {"name": "Kenya MPDB - Institution"}, "facility_type": {"name": "Medical Clinic"}, "plot_number": "2456 kisauni", "operation_status": {"name": "Operational"}, "number_of_beds": 0}, {"code": 18750, "location_desc": "Within Kiminini township and along Kitale-Webuye road", "official_name": "Brown's Memorial Medical Centre", "owner": {"name": "Private Enterprise (Institution)"}, "keph_level": {"name": "Level 2"}, "ward": {"code": 683}, "number_of_cots": 2, "town": {"name": "kiminini/kitale"}, "name": "Brown's Memorial Medical Centre", "created": "2012-10-12T10:07:15.227000+00:00", "regulatory_body": {"name": "Ministry of Health"}, "facility_type": {"name": "Nursing Home"}, "plot_number": null, "operation_status": {"name": "Operational"}, "number_of_beds": 12}, {"code": 18751, "location_desc": "Along Kitale-Ndalu road towards Tulwet Health Centre", "official_name": "Ambassadors for Sustained Health Community Health Centre", "owner": {"name": "Non-Governmental Organizations"}, "keph_level": {"name": "Level 2"}, "ward": {"code": 689}, "number_of_cots": 2, "town": {"name": "kitale"}, "name": "Ash Community Health Centre", "created": "2012-10-12T12:17:12.180000+00:00", "regulatory_body": {"name": "Ministry of Health"}, "facility_type": {"name": "Dispensary"}, "plot_number": null, "operation_status": {"name": "Operational"}, "number_of_beds": 4}, {"code": 18752, "location_desc": "Within Kitale Municipality", "official_name": "Mitume Dispensary", "owner": {"name": "Local Authority"}, "keph_level": {"name": "Level 2"}, "ward": {"code": 685}, "number_of_cots": 4, "town": {"name": "kitale"}, "name": "Mitume Dispensary", "created": "2012-10-12T12:58:53.490000+00:00", "regulatory_body": {"name": "Ministry of Health"}, "facility_type": {"name": "Dispensary"}, "plot_number": null, "operation_status": {"name": "Pending Opening"}, "number_of_beds": 10}, {"code": 18753, "location_desc": "Within Kitale Municipality", "official_name": "Mucharage Medical Clinic", "owner": {"name": "Private Practice - Nurse / Midwife"}, "keph_level": {"name": "Level 2"}, "ward": {"code": 684}, "number_of_cots": 1, "town": {"name": "kitale"}, "name": "Mucharage Mlc", "created": "2012-10-12T13:24:07.150000+00:00", "regulatory_body": {"name": "Ministry of Health"}, "facility_type": {"name": "Medical Clinic"}, "plot_number": null, "operation_status": {"name": "Operational"}, "number_of_beds": 1}, {"code": 18754, "location_desc": "Kibera Drive, Ayany Estate, Jamii Villas.", "official_name": "Clinix Health Care ", "owner": {"name": "Private Enterprise (Institution)"}, "keph_level": {"name": "Level 2"}, "ward": {"code": 1390}, "number_of_cots": 0, "name": "Clinix Health Care (Kibera)", "created": "2012-10-14T11:38:56.207000+00:00", "regulatory_body": {"name": "Kenya MPDB - Institution"}, "facility_type": {"name": "Medical Clinic"}, "plot_number": "kibera drive 258", "operation_status": {"name": "Operational"}, "number_of_beds": 0}, {"code": 18755, "location_desc": "Kibera Drive, Ayany Estate, Jamii Villas.", "official_name": "Family Dental Care", "owner": {"name": "Private Practice - Medical Specialist"}, "keph_level": {"name": "Level 2"}, "ward": {"code": 1390}, "number_of_cots": 0, "name": "Family Dental Care (Ayany)", "created": "2012-10-14T11:46:54.427000+00:00", "regulatory_body": {"name": "Kenya MPDB - Institution"}, "facility_type": {"name": "Medical Clinic"}, "plot_number": "kibera drive 258", "operation_status": {"name": "Operational"}, "number_of_beds": 0}, {"code": 18756, "location_desc": "Along Ngong Road, Opposite Entrance to Show Ground", "official_name": "St. Anns Medical Centre", "owner": {"name": "Private Practice - Nurse / Midwife"}, "keph_level": {"name": "Level 2"}, "ward": {"code": 1389}, "number_of_cots": 0, "town": {"name": "karandini"}, "name": "St Anns Medical Centre", "created": "2012-10-15T11:08:21.613000+00:00", "regulatory_body": {"name": "Nursing Council of Kenya (Private Practice)"}, "facility_type": {"name": "Medical Clinic"}, "plot_number": "lr 3203/209", "operation_status": {"name": "Operational"}, "number_of_beds": 0}, {"code": 18757, "location_desc": "Off Ngong Road Near Tankard", "official_name": "R - Care Health Clinic", "owner": {"name": "Private Practice - Nurse / Midwife"}, "keph_level": {"name": "Level 2"}, "ward": {"code": 1389}, "number_of_cots": 0, "town": {"name": "karandini"}, "name": "R - Care Health Clinic", "created": "2012-10-15T11:51:38.270000+00:00", "regulatory_body": {"name": "Nursing Council of Kenya (Private Practice)"}, "facility_type": {"name": "Medical Clinic"}, "plot_number": null, "operation_status": {"name": "Operational"}, "number_of_beds": 0}, {"code": 18758, "location_desc": "Opposite KNUT Building near Jalsonga Chemist", "official_name": "Jalsonga Medical Clinic", "owner": {"name": "Non-Governmental Organizations"}, "keph_level": {"name": "Level 2"}, "ward": {"code": 1166}, "number_of_cots": 0, "town": {"name": "siaya town"}, "name": "Jalsonga Medical Clinic", "created": "2012-10-16T12:55:03.993000+00:00", "regulatory_body": {"name": "Kenya MPDB - Private Practice"}, "facility_type": {"name": "Medical Clinic"}, "plot_number": null, "operation_status": {"name": "Operational"}, "number_of_beds": 0}, {"code": 18759, "location_desc": null, "official_name": "Shibanga Medical Clinic", "owner": {"name": "Private Practice - Nurse / Midwife"}, "keph_level": {"name": "Level 2"}, "ward": {"code": 1032}, "number_of_cots": 1, "town": {"name": "sabatia"}, "name": "Shibanga Medical Clinic", "created": "2012-10-17T08:27:09.510000+00:00", "regulatory_body": {"name": "Ministry of Health"}, "facility_type": {"name": "Medical Clinic"}, "plot_number": null, "operation_status": {"name": "Operational"}, "number_of_beds": 4}, {"code": 18760, "location_desc": "Its off Mombasa road at Salama market on your left from Nairobi to Mombasa,towards Nunguni,on your right at Maiani market", "official_name": "Kamuthini Dispensary", "owner": {"name": "Ministry of Health"}, "keph_level": {"name": "Level 2"}, "ward": {"code": 418}, "number_of_cots": 0, "town": {"name": "maiani market"}, "name": "Kamuthini Dispensary", "created": "2012-10-18T12:58:00.483000+00:00", "regulatory_body": {"name": "Ministry of Health"}, "facility_type": {"name": "Dispensary"}, "plot_number": "n/a", "operation_status": {"name": "Operational"}, "number_of_beds": 2}, {"code": 18761, "location_desc": "Situated at Hakairu area about 3 km off Thika super highway at Kenyatta University Ruiru campus", "official_name": "Spa Nursing Home", "owner": {"name": "Private Practice - General Practitioner"}, "keph_level": {"name": "Level 3"}, "ward": {"code": 559}, "number_of_cots": 0, "town": {"name": "ruiru town"}, "name": "Spa Nursing Home", "created": "2012-10-18T16:14:34.180000+00:00", "regulatory_body": {"name": "Kenya MPDB - Private Practice"}, "facility_type": {"name": "Nursing Home"}, "plot_number": "ruiru east block 2/5214", "operation_status": {"name": "Operational"}, "number_of_beds": 11}, {"code": 18762, "location_desc": "Off Progressive Road near Z corner ", "official_name": "Lang'ata Dispensary", "owner": {"name": "Ministry of Health"}, "keph_level": {"name": "Level 2"}, "ward": {"code": 574}, "number_of_cots": 0, "town": {"name": "githurai 45"}, "name": "Lang'ata Dispensary (Ruiru)", "created": "2012-10-18T16:24:03.130000+00:00", "regulatory_body": {"name": "Ministry of Health"}, "facility_type": {"name": "Dispensary"}, "plot_number": null, "operation_status": {"name": "Operational"}, "number_of_beds": 0}, {"code": 18763, "location_desc": "Inside the PCEA Kuwinda Church off Langata Rd.", "official_name": "PCEA Kuwinda Health Clinic", "owner": {"name": "Christian Health Association of Kenya"}, "keph_level": {"name": "Level 2"}, "ward": {"code": 1381}, "number_of_cots": 0, "town": {"name": "karen"}, "name": "PCEA Kuwinda Health Clinic", "created": "2012-10-18T16:37:14.333000+00:00", "regulatory_body": {"name": "Kenya MPDB - Institution"}, "facility_type": {"name": "Dispensary"}, "plot_number": "lr. 13460/8", "operation_status": {"name": "Not-Operational"}, "number_of_beds": 0}, {"code": 18764, "location_desc": "Along Kanamkemer - Norad Road", "official_name": "Akicha Medical Services", "owner": {"name": "Private Practice - Clinical Officer"}, "keph_level": {"name": "Level 2"}, "ward": {"code": 628}, "number_of_cots": 0, "town": {"name": "lodwar"}, "name": "Akicha Medical Services", "created": "2012-10-19T11:58:32.577000+00:00", "regulatory_body": {"name": "Clinical Officers Council"}, "facility_type": {"name": "Medical Clinic"}, "plot_number": null, "operation_status": {"name": "Operational"}, "number_of_beds": 0}, {"code": 18765, "location_desc": "Kwa Roberts, Kanamkemer,along Kitale - Lodwar Highway, Lodwar Town", "official_name": "Jena Medical Clinic", "owner": {"name": "Private Practice - Clinical Officer"}, "keph_level": {"name": "Level 2"}, "ward": {"code": 628}, "number_of_cots": 0, "town": {"name": "lodwar"}, "name": "Jena Medical Clinic", "created": "2012-10-19T12:23:48.193000+00:00", "regulatory_body": {"name": "Clinical Officers Council"}, "facility_type": {"name": "Medical Clinic"}, "plot_number": null, "operation_status": {"name": "Operational"}, "number_of_beds": 0}, {"code": 18766, "location_desc": "In town centre i the junction between olegilisho road and Nakuru highway", "official_name": "Sasa Centre", "owner": {"name": "Non-Governmental Organizations"}, "keph_level": {"name": "Level 2"}, "ward": {"code": 907}, "number_of_cots": 0, "town": {"name": "narok town"}, "name": "Sasa Centre", "created": "2012-10-22T15:14:48.700000+00:00", "regulatory_body": {"name": "Ministry of Health"}, "facility_type": {"name": "Medical Clinic"}, "plot_number": null, "operation_status": {"name": "Operational"}, "number_of_beds": 0}, {"code": 18767, "location_desc": null, "official_name": "MARPS drop in medical centre", "owner": {"name": "Non-Governmental Organizations"}, "keph_level": {"name": "Level 2"}, "ward": {"code": 893}, "number_of_cots": 0, "town": {"name": "narok town"}, "name": "Marps Drop In Medical Centre", "created": "2012-10-22T15:25:27.940000+00:00", "regulatory_body": {"name": "Ministry of Health"}, "facility_type": {"name": "Medical Clinic"}, "plot_number": null, "operation_status": {"name": "Operational"}, "number_of_beds": 0}, {"code": 18768, "location_desc": "Within Kasang'u village", "official_name": "kasang'u dispensary", "owner": {"name": "Ministry of Health"}, "keph_level": {"name": "Level 2"}, "ward": {"code": 362}, "number_of_cots": 0, "town": {"name": "kasang'u"}, "name": "Kasang'u Dispensary", "created": "2012-10-23T10:05:57.693000+00:00", "regulatory_body": {"name": "Ministry of Health"}, "facility_type": {"name": "Dispensary"}, "plot_number": "na", "operation_status": {"name": "Pending Opening"}, "number_of_beds": 0}, {"code": 18769, "location_desc": "Near Wood Street Health Center", "official_name": "AL Amin Nursing Home", "owner": {"name": "Private Practice - Clinical Officer"}, "keph_level": {"name": "Level 3"}, "ward": {"code": 1435}, "number_of_cots": 0, "town": {"name": "garissa lodge"}, "name": "Al Amin Nursing Home", "created": "2012-10-25T13:24:10.527000+00:00", "regulatory_body": {"name": "Kenya Medical Laboratory, Tech & Technologists Board"}, "facility_type": {"name": "Health Centre"}, "plot_number": null, "operation_status": {"name": "Operational"}, "number_of_beds": 14}, {"code": 18770, "location_desc": "NEAR WOOD STREET NURSING HOME", "official_name": "Andulus Medical Clinic ", "owner": {"name": "Private Enterprise (Institution)"}, "keph_level": {"name": "Level 3"}, "ward": {"code": 1435}, "number_of_cots": 2, "town": {"name": "woodstreet nursing home"}, "name": "Andulus Medical Clinic", "created": "2012-10-25T13:34:59.597000+00:00", "regulatory_body": {"name": "Kenya MPDB - Private Practice"}, "facility_type": {"name": "Health Centre"}, "plot_number": null, "operation_status": {"name": "Operational"}, "number_of_beds": 16}, {"code": 18771, "location_desc": "Thika Town, Thika Arcade Building 6th floor.", "official_name": "Tumaini Multi - Counselling Centre", "owner": {"name": "Private Practice - Unspecified"}, "keph_level": {"name": "Level 2"}, "ward": {"code": 562}, "number_of_cots": 0, "town": {"name": "thika town"}, "name": "Tumaini Multi - Counselling Centre", "created": "2012-10-26T09:46:02.933000+00:00", "regulatory_body": {"name": "Other"}, "facility_type": {"name": "VCT Centre (Stand-Alone)"}, "plot_number": null, "operation_status": {"name": "Pending Opening"}, "number_of_beds": 0}, {"code": 18772, "location_desc": null, "official_name": "Omosocho Medical Clinic", "owner": {"name": "Private Enterprise (Institution)"}, "keph_level": {"name": "Level 2"}, "ward": {"code": 1350}, "number_of_cots": 2, "town": {"name": "kemera"}, "name": "Omosocho Medical Clinic (Manga)", "created": "2012-10-29T12:27:34.630000+00:00", "regulatory_body": {"name": "Kenya MPDB - Private Practice"}, "facility_type": {"name": "Medical Clinic"}, "plot_number": null, "operation_status": {"name": "Operational"}, "number_of_beds": 4}, {"code": 18773, "location_desc": "Located along Thiongo Road off Waiyaki Way, after Total Petrol Station, Mountain View", "official_name": "SASA Center", "owner": {"name": "Non-Governmental Organizations"}, "keph_level": {"name": "Level 2"}, "ward": {"code": 1367}, "number_of_cots": 0, "town": {"name": "westlands"}, "name": "Sasa Centre (Westlands)", "created": "2012-11-07T15:38:15.093000+00:00", "regulatory_body": {"name": "Ministry of Health"}, "facility_type": {"name": "Medical Clinic"}, "plot_number": "lrdagoreti/kangemi/32", "operation_status": {"name": "Pending Opening"}, "number_of_beds": 0}, {"code": 18774, "location_desc": "Siaya Town ", "official_name": "Port Florence Clinic", "owner": {"name": "Private Practice - General Practitioner"}, "keph_level": {"name": "Level 2"}, "ward": {"code": 1166}, "number_of_cots": 2, "town": {"name": "siaya"}, "name": "Port Florence Clinic", "created": "2012-11-08T11:28:33.390000+00:00", "regulatory_body": {"name": "Kenya MPDB - Private Practice"}, "facility_type": {"name": "Medical Clinic"}, "plot_number": null, "operation_status": {"name": "Pending Opening"}, "number_of_beds": 2}, {"code": 18775, "location_desc": "Materi-Kamanyaki Road", "official_name": "Kamarandi Dispensary", "owner": {"name": "Ministry of Health"}, "keph_level": {"name": "Level 2"}, "ward": {"code": 309}, "number_of_cots": 0, "town": {"name": "chiakariga"}, "name": "Kamarandi Dispensary", "created": "2012-11-15T10:31:14.580000+00:00", "regulatory_body": {"name": "Ministry of Health"}, "facility_type": {"name": "Dispensary"}, "plot_number": "1255  kamarandi", "operation_status": {"name": "Operational"}, "number_of_beds": 0}, {"code": 18776, "location_desc": "Near Moi Teaching and Referral Hospital, opposite Moi University Dental School ", "official_name": "St Lukes Orthopaedic and Trauma Hospital", "owner": {"name": "Private Practice - Medical Specialist"}, "keph_level": {"name": "Level 4"}, "ward": {"code": 727}, "number_of_cots": 0, "town": {"name": "eldoret"}, "name": "St Lukes Orthopaedic and Trauma Hospital", "created": "2012-11-19T17:09:29.877000+00:00", "regulatory_body": {"name": "Kenya MPDB - Private Practice"}, "facility_type": {"name": "Other Hospital"}, "plot_number": null, "operation_status": {"name": "Operational"}, "number_of_beds": 60}, {"code": 18778, "location_desc": "Along Ngong road between Coptic Hospital and Baptist Church at Bemuda Plaza", "official_name": "Dr Florence Murila", "owner": {"name": "Private Practice - Medical Specialist"}, "keph_level": {"name": "Level 2"}, "ward": {"code": 1389}, "number_of_cots": 0, "town": {"name": "nairobi"}, "name": "Dr Florence Murila (Ngong Road)", "created": "2012-11-25T18:43:02.230000+00:00", "regulatory_body": {"name": "Kenya MPDB - Private Practice"}, "facility_type": {"name": "Medical Clinic"}, "plot_number": null, "operation_status": {"name": "Operational"}, "number_of_beds": 0}, {"code": 18779, "location_desc": null, "official_name": "Mugai Dispensary", "owner": {"name": "Ministry of Health"}, "keph_level": {"name": "Level 2"}, "ward": {"code": 1007}, "number_of_cots": 0, "town": {"name": "malanga"}, "name": "Mugai Dispensary", "created": "2012-11-26T13:05:48.183000+00:00", "regulatory_body": {"name": "Ministry of Health"}, "facility_type": {"name": "Dispensary"}, "plot_number": null, "operation_status": {"name": "Operational"}, "number_of_beds": 0}, {"code": 18780, "location_desc": null, "official_name": "Fountain of Hope Medical Clinic", "owner": {"name": "Private Practice - Nurse / Midwife"}, "keph_level": {"name": "Level 2"}, "ward": {"code": 397}, "number_of_cots": 3, "town": {"name": "top perfomance academy"}, "name": "Fountain of Hope Medical Clinic", "created": "2012-11-27T14:51:14.467000+00:00", "regulatory_body": {"name": "Ministry of Health"}, "facility_type": {"name": "Medical Clinic"}, "plot_number": null, "operation_status": {"name": "Operational"}, "number_of_beds": 3}, {"code": 18781, "location_desc": "Situated along Nyahururu-Olkalou RD 4km from Nyahururu town & 1km off tarmac to the east    ", "official_name": "Gatimu Health Centre", "owner": {"name": "Ministry of Health"}, "keph_level": {"name": "Level 3"}, "ward": {"code": 459}, "number_of_cots": 0, "town": {"name": "nyakariang'a"}, "name": "Gatimu Health Centre", "created": "2012-11-27T19:45:51.293000+00:00", "regulatory_body": {"name": "Ministry of Health"}, "facility_type": {"name": "Health Centre"}, "plot_number": null, "operation_status": {"name": "Operational"}, "number_of_beds": 4}, {"code": 18782, "location_desc": null, "official_name": "Chamuka Dispensary", "owner": {"name": "Ministry of Health"}, "keph_level": {"name": "Level 2"}, "ward": {"code": 815}, "number_of_cots": 0, "town": {"name": "oljor orok"}, "name": "Chamuka (CDF) Dispensary", "created": "2012-11-27T19:56:30.787000+00:00", "regulatory_body": {"name": "Ministry of Health"}, "facility_type": {"name": "Dispensary"}, "plot_number": null, "operation_status": {"name": "Operational"}, "number_of_beds": 0}, {"code": 18783, "location_desc": "Along Kenyatta Avenue next to Backlays Bank-Digo Road", "official_name": "Axis Nursing Home", "owner": {"name": "Private Practice - General Practitioner"}, "keph_level": {"name": "Level 3"}, "ward": {"code": 26}, "number_of_cots": 0, "town": {"name": "marikiti"}, "name": "Axis Nursing Home", "created": "2012-11-30T14:18:00.887000+00:00", "regulatory_body": {"name": "Kenya MPDB - Private Practice"}, "facility_type": {"name": "Nursing Home"}, "plot_number": "xvii/511/mi", "operation_status": {"name": "Operational"}, "number_of_beds": 4}, {"code": 18784, "location_desc": "In Lenana Estate", "official_name": "Lenana Hills Hospital", "owner": {"name": "Private Practice - General Practitioner"}, "keph_level": {"name": "Level 3"}, "ward": {"code": 907}, "number_of_cots": 0, "town": {"name": "narok"}, "name": "Lenana Hills Hospital", "created": "2012-12-03T15:50:09.760000+00:00", "regulatory_body": {"name": "Kenya MPDB - Private Practice"}, "facility_type": {"name": "Other Hospital"}, "plot_number": null, "operation_status": {"name": "Operational"}, "number_of_beds": 9}, {"code": 18785, "location_desc": "Along hospital road", "official_name": "Pillar of development", "owner": {"name": "Non-Governmental Organizations"}, "keph_level": {"name": "Level 3"}, "ward": {"code": 907}, "number_of_cots": 0, "town": {"name": "narok town"}, "name": "Pillar of Development", "created": "2012-12-03T16:00:58.343000+00:00", "regulatory_body": {"name": "Kenya Medical Laboratory, Tech & Technologists Board"}, "facility_type": {"name": "VCT Centre (Stand-Alone)"}, "plot_number": null, "operation_status": {"name": "Operational"}, "number_of_beds": 0}, {"code": 18786, "location_desc": "Along Kapiyo Utonga Road, next to Nyandusi Primary School", "official_name": "Queenteric Kapiyo Community Nursing Home", "owner": {"name": "Private Practice - Nurse / Midwife"}, "keph_level": {"name": "Level 3"}, "ward": {"code": 1179}, "number_of_cots": 0, "town": {"name": "nyandusi village"}, "name": "Nyandusi", "created": "2012-12-04T13:57:35.233000+00:00", "regulatory_body": {"name": "Kenya MPDB - Private Practice"}, "facility_type": {"name": "Maternity Home"}, "plot_number": "0000", "operation_status": {"name": "Operational"}, "number_of_beds": 30}, {"code": 18789, "location_desc": "Chuka Ndagani Meru Route", "official_name": "Chuka University Dispensary", "owner": {"name": "Academic (if registered)"}, "keph_level": {"name": "Level 2"}, "ward": {"code": 302}, "number_of_cots": 0, "town": {"name": "ndagani"}, "name": "Chuka University Dispensary", "created": "2012-12-13T23:15:32.940000+00:00", "regulatory_body": {"name": "Kenya MPDB - Institution"}, "facility_type": {"name": "Dispensary"}, "plot_number": null, "operation_status": {"name": "Operational"}, "number_of_beds": 0}, {"code": 18790, "location_desc": "Within the Naivasha Municipality along Moi Avenue Opposite G4S Naivasha", "official_name": "Aphiaplus Drop-in Centre (Naivasha)", "owner": {"name": "Non-Governmental Organizations"}, "keph_level": {"name": "Level 2"}, "ward": {"code": 838}, "number_of_cots": 0, "town": {"name": "naivasha town"}, "name": "Aphiaplus Drop-In Centre (Naivasha)", "created": "2012-12-14T09:56:09.817000+00:00", "regulatory_body": {"name": "Other"}, "facility_type": {"name": "Medical Clinic"}, "plot_number": "1144/690", "operation_status": {"name": "Operational"}, "number_of_beds": 0}, {"code": 18791, "location_desc": null, "official_name": "Sportlight Empowerment group", "owner": {"name": "Private Enterprise (Institution)"}, "keph_level": {"name": "Level 2"}, "ward": {"code": 757}, "number_of_cots": 0, "town": {"name": "serem"}, "name": "Sportlight Empowerment Group", "created": "2012-12-18T15:49:28.033000+00:00", "regulatory_body": {"name": "Other"}, "facility_type": {"name": "VCT Centre (Stand-Alone)"}, "plot_number": null, "operation_status": {"name": "Operational"}, "number_of_beds": 0}, {"code": 18792, "location_desc": "It is situated within Nyamira Town", "official_name": "New Hope Clinic (Nyamira)", "owner": {"name": "Private Practice - Nurse / Midwife"}, "keph_level": {"name": "Level 2"}, "ward": {"code": 1356}, "number_of_cots": 0, "town": {"name": "nyamira"}, "name": "New Hope Clinic (Nyamira)", "created": "2012-12-27T20:48:56.440000+00:00", "regulatory_body": {"name": "Kenya MPDB - Private Practice"}, "facility_type": {"name": "Medical Clinic"}, "plot_number": "na", "operation_status": {"name": "Operational"}, "number_of_beds": 2}, {"code": 18793, "location_desc": "In Machakos Town- KCB Building", "official_name": "Little Angels Medical Clinic", "owner": {"name": "Private Practice - Medical Specialist"}, "keph_level": {"name": "Level 2"}, "ward": {"code": 401}, "number_of_cots": 0, "town": {"name": "machakos town"}, "name": "Little Angels Medical Clinic", "created": "2013-01-02T13:38:57.903000+00:00", "regulatory_body": {"name": "Kenya MPDB - Private Practice"}, "facility_type": {"name": "Medical Clinic"}, "plot_number": null, "operation_status": {"name": "Operational"}, "number_of_beds": 0}, {"code": 18794, "location_desc": "Located at KNH grounds near KNH Police Post", "official_name": "Couple Counselling Centre", "owner": {"name": "Non-Governmental Organizations"}, "keph_level": {"name": "Level 2"}, "ward": {"code": 1398}, "number_of_cots": 0, "town": {"name": "knh hospital"}, "name": "Couple Counselling Centre", "created": "2013-01-11T13:38:49.583000+00:00", "regulatory_body": {"name": "Ministry of Health"}, "facility_type": {"name": "VCT Centre (Stand-Alone)"}, "plot_number": null, "operation_status": {"name": "Operational"}, "number_of_beds": 0}, {"code": 18795, "location_desc": "Along Jogoo Road Opposite St Stephen A.C.K Church", "official_name": "Church Army Medical Clinic", "owner": {"name": "Christian Health Association of Kenya"}, "keph_level": {"name": "Level 2"}, "ward": {"code": 1433}, "number_of_cots": 0, "town": {"name": "uhuru market"}, "name": "Church Army Medical Clinic", "created": "2013-01-14T12:33:47.903000+00:00", "regulatory_body": {"name": "Ministry of Health"}, "facility_type": {"name": "Medical Clinic"}, "plot_number": null, "operation_status": {"name": "Operational"}, "number_of_beds": 0}, {"code": 18796, "location_desc": "Off Dunga Road Bandari Road Butele Road Next to Nanak House", "official_name": "Sasa Centre", "owner": {"name": "Non-Governmental Organizations"}, "keph_level": {"name": "Level 2"}, "ward": {"code": 1444}, "number_of_cots": 0, "town": {"name": "south b shopping centre"}, "name": "Sasa Centre (Makadara)", "created": "2013-01-14T12:45:41.760000+00:00", "regulatory_body": {"name": "Ministry of Health"}, "facility_type": {"name": "Medical Clinic"}, "plot_number": null, "operation_status": {"name": "Operational"}, "number_of_beds": 0}, {"code": 18797, "location_desc": "Lungalunga Road Off Wundanyi Street", "official_name": "Olive Link Health Care", "owner": {"name": "Non-Governmental Organizations"}, "keph_level": {"name": "Level 3"}, "ward": {"code": 1410}, "number_of_cots": 0, "town": {"name": "tuskys lungalunga"}, "name": "Olive Link Health Care", "created": "2013-01-14T12:55:41.817000+00:00", "regulatory_body": {"name": "Ministry of Health"}, "facility_type": {"name": "Health Centre"}, "plot_number": null, "operation_status": {"name": "Operational"}, "number_of_beds": 6}, {"code": 18798, "location_desc": "Situated within NIST INST in Gatimu location along NHR-NRB Road", "official_name": "NIST Dispensary", "owner": {"name": "Parastatal"}, "keph_level": {"name": "Level 2"}, "ward": {"code": 459}, "number_of_cots": 0, "town": {"name": "nyahururu"}, "name": "Nist Dispensary", "created": "2013-01-15T14:31:39.517000+00:00", "regulatory_body": {"name": "Ministry of Health"}, "facility_type": {"name": "Dispensary"}, "plot_number": "3349/2", "operation_status": {"name": "Operational"}, "number_of_beds": 0}, {"code": 18799, "location_desc": null, "official_name": "Ifo 2Hospital", "owner": {"name": "Humanitarian Agencies"}, "keph_level": {"name": "Level 4"}, "ward": {"code": 146}, "number_of_cots": 10, "town": {"name": "dadaab"}, "name": "Ifo 2 Hospital", "created": "2013-01-15T15:42:27.127000+00:00", "regulatory_body": {"name": "Ministry of Health"}, "facility_type": {"name": "Other Hospital"}, "plot_number": null, "operation_status": {"name": "Operational"}, "number_of_beds": 30}, {"code": 18800, "location_desc": "Situated along Awasi/Katito murram road opposite Oren secondary school", "official_name": "Oren Health Centre", "owner": {"name": "Ministry of Health"}, "keph_level": {"name": "Level 3"}, "ward": {"code": 1207}, "number_of_cots": 0, "name": "Oren Health Centre", "created": "2013-01-15T21:57:19.063000+00:00", "regulatory_body": {"name": "Ministry of Health"}, "facility_type": {"name": "Health Centre"}, "plot_number": null, "operation_status": {"name": "Operational"}, "number_of_beds": 0}, {"code": 18801, "location_desc": null, "official_name": "Hamey dispensary", "owner": {"name": "Ministry of Health"}, "keph_level": {"name": "Level 2"}, "ward": {"code": 138}, "number_of_cots": 0, "name": "Hamey Dispensary", "created": "2013-01-20T14:13:53.860000+00:00", "regulatory_body": {"name": "Ministry of Health"}, "facility_type": {"name": "Dispensary"}, "plot_number": null, "operation_status": {"name": "Operational"}, "number_of_beds": 0}, {"code": 18802, "location_desc": "Along Mumias Butere road, about one kilometer from Ekero market.", "official_name": "Kamashia Dispensary", "owner": {"name": "Ministry of Health"}, "keph_level": {"name": "Level 2"}, "ward": {"code": 1024}, "number_of_cots": 2, "town": {"name": "mumias"}, "name": "Kamashia", "created": "2013-01-21T13:38:38.693000+00:00", "regulatory_body": {"name": "Ministry of Health"}, "facility_type": {"name": "Dispensary"}, "plot_number": null, "operation_status": {"name": "Operational"}, "number_of_beds": 2}], "model": "facilities.Facility", "unique_fields": ["code"]}]