[{"records": [{"code": 18805, "location_desc": null, "official_name": "Bodaki Medical Clinic", "owner": {"name": "Private Practice - Nurse / Midwife"}, "keph_level": {"name": "Level 3"}, "ward": {"code": 1373}, "number_of_cots": 0, "town": {"name": "gatina"}, "name": "Bodaki Medical Clinic", "created": "2013-01-24T14:42:48.813000+00:00", "regulatory_body": {"name": "Nursing Council of Kenya (Private Practice)"}, "facility_type": {"name": "Medical Clinic"}, "plot_number": null, "operation_status": {"name": "Operational"}, "number_of_beds": 4}, {"code": 18806, "location_desc": "Located at Bridge Villa near Naklumatt Kahawa Wendani", "official_name": "Rithika Medical and Counseling Centre", "owner": {"name": "Private Practice - Nurse / Midwife"}, "keph_level": {"name": "Level 2"}, "ward": {"code": 603}, "number_of_cots": 0, "town": {"name": "kahawa wendani"}, "name": "Rithika Medical and Counseling Centre", "created": "2013-01-24T14:52:59.663000+00:00", "regulatory_body": {"name": "Kenya MPDB - Private Practice"}, "facility_type": {"name": "Medical Clinic"}, "plot_number": "5/324 ruiru", "operation_status": {"name": "Operational"}, "number_of_beds": 0}, {"code": 18807, "location_desc": null, "official_name": "Dr Irimu", "owner": {"name": "Private Practice - General Practitioner"}, "keph_level": {"name": "Level 2"}, "ward": {"code": 1371}, "number_of_cots": 0, "town": {"name": "apa arcade"}, "name": "Dr Irimu", "created": "2013-01-24T15:00:57.057000+00:00", "regulatory_body": {"name": "Kenya MPDB - Private Practice"}, "facility_type": {"name": "Medical Clinic"}, "plot_number": null, "operation_status": {"name": "Operational"}, "number_of_beds": 0}, {"code": 18808, "location_desc": "Opposite Ibrahim Ure Primary School", "official_name": "Ibrahim Ure Dispensary", "owner": {"name": "Ministry of Health"}, "keph_level": {"name": "Level 2"}, "ward": {"code": 189}, "number_of_cots": 0, "town": {"name": "ibrahim ure trading centre"}, "name": "Ibrahim Ure Dispensary", "created": "2013-01-25T14:45:15.777000+00:00", "regulatory_body": {"name": "Ministry of Health"}, "facility_type": {"name": "Dispensary"}, "plot_number": null, "operation_status": {"name": "Pending Opening"}, "number_of_beds": 0}, {"code": 18809, "location_desc": "5 KMS FROM EMALI -MATILIKU ROAD", "official_name": "Tutini Dispensary", "owner": {"name": "Ministry of Health"}, "keph_level": {"name": "Level 2"}, "ward": {"code": 436}, "number_of_cots": 0, "town": {"name": "emali"}, "name": "Tutini Dispensary", "created": "2013-01-28T15:09:27.450000+00:00", "regulatory_body": {"name": "Ministry of Health"}, "facility_type": {"name": "Dispensary"}, "plot_number": null, "operation_status": {"name": "Operational"}, "number_of_beds": 0}, {"code": 18810, "location_desc": "Along Karisa Maitha Road, off Mwandoni Sunlight stage behind Star Shine Accademy", "official_name": "Montana Hospital", "owner": {"name": "Private Practice - General Practitioner"}, "keph_level": {"name": "Level 4"}, "ward": {"code": 14}, "number_of_cots": 2, "town": {"name": "kongowea"}, "name": "Montana Hospital", "created": "2013-01-30T16:38:04.573000+00:00", "regulatory_body": {"name": "Kenya MPDB - Private Practice"}, "facility_type": {"name": "Other Hospital"}, "plot_number": null, "operation_status": {"name": "Operational"}, "number_of_beds": 6}, {"code": 18811, "location_desc": "10 KM EAST OF MATILIKU TOWN", "official_name": "Kalima Dispensary", "owner": {"name": "Ministry of Health"}, "keph_level": {"name": "Level 2"}, "ward": {"code": 429}, "number_of_cots": 0, "name": "Kalima Dispensary", "created": "2013-02-01T15:12:19.163000+00:00", "regulatory_body": {"name": "Ministry of Health"}, "facility_type": {"name": "Dispensary"}, "plot_number": null, "operation_status": {"name": "Operational"}, "number_of_beds": 2}, {"code": 18812, "location_desc": null, "official_name": "County Medicare Ltd(Maralal Nursing Home)", "owner": {"name": "Private Practice - Clinical Officer"}, "keph_level": {"name": "Level 2"}, "ward": {"code": 663}, "number_of_cots": 0, "town": {"name": "maralal"}, "name": "County Medicare Ltd (Maralal Nursing Home)", "created": "2013-02-02T23:18:18.347000+00:00", "regulatory_body": {"name": "Clinical Officers Council"}, "facility_type": {"name": "Dispensary"}, "plot_number": null, "operation_status": {"name": "Operational"}, "number_of_beds": 10}, {"code": 18813, "location_desc": "Situated within Kalokol Township", "official_name": "BGP Block 10BA Base Camp Clinic", "owner": {"name": "Non-Governmental Organizations"}, "keph_level": {"name": "Level 2"}, "ward": {"code": 630}, "number_of_cots": 0, "town": {"name": "kalokol"}, "name": "Bgp Block 10Ba Base Camp Clinic", "created": "2013-02-04T11:55:35.180000+00:00", "regulatory_body": {"name": "Ministry of Health"}, "facility_type": {"name": "Medical Clinic"}, "plot_number": null, "operation_status": {"name": "Operational"}, "number_of_beds": 0}, {"code": 18815, "location_desc": null, "official_name": "Mulembe Medical Clinic", "owner": {"name": "Private Practice - Nurse / Midwife"}, "keph_level": {"name": "Level 2"}, "ward": {"code": 1024}, "number_of_cots": 1, "town": {"name": "makunga"}, "name": "Mulembe Medical Clinic", "created": "2013-02-04T23:14:29.160000+00:00", "regulatory_body": {"name": "Ministry of Health"}, "facility_type": {"name": "Medical Clinic"}, "plot_number": null, "operation_status": {"name": "Operational"}, "number_of_beds": 2}, {"code": 18816, "location_desc": null, "official_name": "Annointed Medical Clinic", "owner": {"name": "Private Practice - Clinical Officer"}, "keph_level": {"name": "Level 2"}, "ward": {"code": 1024}, "number_of_cots": 0, "name": "Annointed Medical Clinic", "created": "2013-02-05T14:18:57.143000+00:00", "regulatory_body": {"name": "Ministry of Health"}, "facility_type": {"name": "Medical Clinic"}, "plot_number": null, "operation_status": {"name": "Operational"}, "number_of_beds": 0}, {"code": 18817, "location_desc": "Town Centre", "official_name": "Avenue Health Care Nakuru", "owner": {"name": "Private Practice - General Practitioner"}, "keph_level": {"name": "Level 2"}, "ward": {"code": 871}, "number_of_cots": 0, "town": {"name": "central town"}, "name": "Avenue Health Care Nakuru", "created": "2013-02-05T15:06:09.733000+00:00", "regulatory_body": {"name": "Kenya MPDB - Private Practice"}, "facility_type": {"name": "Medical Clinic"}, "plot_number": null, "operation_status": {"name": "Operational"}, "number_of_beds": 0}, {"code": 18819, "location_desc": null, "official_name": "Syokimau medical services", "owner": {"name": "Private Practice - Clinical Officer"}, "keph_level": {"name": "Level 2"}, "ward": {"code": 396}, "number_of_cots": 2, "town": {"name": "twins"}, "name": "Syokimau Medical Services", "created": "2013-02-06T12:35:37.570000+00:00", "regulatory_body": {"name": "Ministry of Health"}, "facility_type": {"name": "Medical Clinic"}, "plot_number": null, "operation_status": {"name": "Operational"}, "number_of_beds": 5}, {"code": 18820, "location_desc": null, "official_name": "Shura Dispensary (Chalbi)", "owner": {"name": "Ministry of Health"}, "keph_level": {"name": "Level 2"}, "ward": {"code": 233}, "number_of_cots": 0, "town": {"name": "marsabit town"}, "name": "Shura Dispensary (Chalbi)", "created": "2013-02-07T09:30:14.600000+00:00", "regulatory_body": {"name": "Ministry of Health"}, "facility_type": {"name": "Dispensary"}, "plot_number": null, "operation_status": {"name": "Operational"}, "number_of_beds": 0}, {"code": 18822, "location_desc": null, "official_name": "Redeemed Gospel Church VCT", "owner": {"name": "Christian Health Association of Kenya"}, "keph_level": {"name": "Level 2"}, "ward": {"code": 302}, "number_of_cots": 0, "town": {"name": "chuka"}, "name": "Redeemed Gospel Church VCT", "created": "2013-02-07T16:12:51.040000+00:00", "regulatory_body": {"name": "Ministry of Health"}, "facility_type": {"name": "VCT Centre (Stand-Alone)"}, "plot_number": null, "operation_status": {"name": "Operational"}, "number_of_beds": 0}, {"code": 18824, "location_desc": "Along Nakuru Gilgil road near Echareria shopping centre", "official_name": "Mbaruk Dispensary", "owner": {"name": "Ministry of Health"}, "keph_level": {"name": "Level 2"}, "ward": {"code": 846}, "number_of_cots": 0, "town": {"name": "gilgil town"}, "name": "Mbaruk Dispensary", "created": "2013-02-08T09:14:23.110000+00:00", "regulatory_body": {"name": "Ministry of Health"}, "facility_type": {"name": "Dispensary"}, "plot_number": null, "operation_status": {"name": "Operational"}, "number_of_beds": 0}, {"code": 18825, "location_desc": null, "official_name": "Jehova Rapha Clinic", "owner": {"name": "Private Practice - Nurse / Midwife"}, "keph_level": {"name": "Level 2"}, "ward": {"code": 1030}, "number_of_cots": 2, "town": {"name": "mayoni centre"}, "name": "Jehova Rapha Clinic", "created": "2013-02-08T09:53:26.547000+00:00", "regulatory_body": {"name": "Ministry of Health"}, "facility_type": {"name": "Medical Clinic"}, "plot_number": null, "operation_status": {"name": "Operational"}, "number_of_beds": 1}, {"code": 18826, "location_desc": null, "official_name": "Joseph Amani", "owner": {"name": "Private Enterprise (Institution)"}, "keph_level": {"name": "Level 2"}, "ward": {"code": 1037}, "number_of_cots": 0, "town": {"name": "khwisero market"}, "name": "Vorhca Stand Alone", "created": "2013-02-08T10:46:38.483000+00:00", "regulatory_body": {"name": "Ministry of Health"}, "facility_type": {"name": "VCT Centre (Stand-Alone)"}, "plot_number": "1473", "operation_status": {"name": "Operational"}, "number_of_beds": 0}, {"code": 18827, "location_desc": null, "official_name": "Kenya Widows and Opharns Support Programme (Korogocho)", "owner": {"name": "Non-Governmental Organizations"}, "keph_level": {"name": "Level 2"}, "ward": {"code": 1411}, "number_of_cots": 0, "town": {"name": "juja rd off kamunde rd sanoda hse 3rd floor"}, "name": "Kwosp (Korogocho)", "created": "2013-02-08T11:24:35.790000+00:00", "regulatory_body": {"name": "Other"}, "facility_type": {"name": "VCT Centre (Stand-Alone)"}, "plot_number": null, "operation_status": {"name": "Operational"}, "number_of_beds": 0}, {"code": 18828, "location_desc": null, "official_name": "LEA Toto Mwiki", "owner": {"name": "Non-Governmental Organizations"}, "keph_level": {"name": "Level 2"}, "ward": {"code": 1393}, "number_of_cots": 0, "town": {"name": "thika rd off kamiti rd base stage 44 zimerman"}, "name": "Lea Toto Mwiki", "created": "2013-02-08T11:40:16.160000+00:00", "regulatory_body": {"name": "Other"}, "facility_type": {"name": "VCT Centre (Stand-Alone)"}, "plot_number": null, "operation_status": {"name": "Operational"}, "number_of_beds": 0}, {"code": 18829, "location_desc": "Near Gilgil Disrict hospital", "official_name": "Primo medical clinic", "owner": {"name": "Private Practice - Clinical Officer"}, "keph_level": {"name": "Level 2"}, "ward": {"code": 844}, "number_of_cots": 0, "town": {"name": "gilgil town"}, "name": "Primo Medical Clinic", "created": "2013-02-10T23:42:26.370000+00:00", "regulatory_body": {"name": "Ministry of Health"}, "facility_type": {"name": "Medical Clinic"}, "plot_number": null, "operation_status": {"name": "Operational"}, "number_of_beds": 0}, {"code": 18830, "location_desc": null, "official_name": "Burgabo Dispensary (Chalbi)", "owner": {"name": "Ministry of Health"}, "keph_level": {"name": "Level 2"}, "ward": {"code": 229}, "number_of_cots": 0, "town": {"name": "turbi"}, "name": "Burgabo Dispensary (Chalbi)", "created": "2013-02-11T14:47:13.420000+00:00", "regulatory_body": {"name": "Ministry of Health"}, "facility_type": {"name": "Dispensary"}, "plot_number": null, "operation_status": {"name": "Not-Operational"}, "number_of_beds": 0}, {"code": 18831, "location_desc": null, "official_name": "Malabot Dispensary", "owner": {"name": "Ministry of Health"}, "keph_level": {"name": "Level 2"}, "ward": {"code": 231}, "number_of_cots": 0, "town": {"name": "north horr"}, "name": "Malabot Dispensary (North Horr)", "created": "2013-02-11T15:01:37.223000+00:00", "regulatory_body": {"name": "Ministry of Health"}, "facility_type": {"name": "Dispensary"}, "plot_number": null, "operation_status": {"name": "Operational"}, "number_of_beds": 0}, {"code": 18832, "location_desc": "Along Muhigia Rd, behind equity bank, Njiwa building", "official_name": "Karatina Maternity & Nursing Home", "owner": {"name": "Other Public Institution"}, "keph_level": {"name": "Level 2"}, "ward": {"code": 514}, "number_of_cots": 0, "town": {"name": "kerugoya"}, "name": "Karatina Maternity & Nursing Home", "created": "2013-02-13T13:25:54.743000+00:00", "regulatory_body": {"name": "Kenya MPDB - Institution"}, "facility_type": {"name": "Medical Clinic"}, "plot_number": "inoi/kerugoya 250/270", "operation_status": {"name": "Operational"}, "number_of_beds": 0}, {"code": 18833, "location_desc": "Off Makutano/Embu road, on the way to DC office, left of Southgate towers, next to CFW clinic", "official_name": "Mwea Drop Inn Centre", "owner": {"name": "Non-Governmental Organizations"}, "keph_level": {"name": "Level 2"}, "ward": {"code": 509}, "number_of_cots": 0, "town": {"name": "ngurubani"}, "name": "Mwea Drop Inn Centre", "created": "2013-02-13T13:44:09.443000+00:00", "regulatory_body": {"name": "Kenya MPDB - Institution"}, "facility_type": {"name": "Medical Clinic"}, "plot_number": null, "operation_status": {"name": "Operational"}, "number_of_beds": 0}, {"code": 18834, "location_desc": null, "official_name": "Wheel Kenya Medical Clinic", "owner": {"name": "Private Practice - Clinical Officer"}, "keph_level": {"name": "Level 2"}, "ward": {"code": 1187}, "number_of_cots": 4, "town": {"name": "kondele"}, "name": "Wheel Kenya Medical Clinic", "created": "2013-02-19T17:25:20.207000+00:00", "regulatory_body": {"name": "Clinical Officers Council"}, "facility_type": {"name": "Medical Clinic"}, "plot_number": "546", "operation_status": {"name": "Operational"}, "number_of_beds": 4}, {"code": 18835, "location_desc": "Along Cherangany road", "official_name": "AIC Biribiriet Dispensary", "owner": {"name": "Other Faith Based"}, "keph_level": {"name": "Level 2"}, "ward": {"code": 695}, "number_of_cots": 0, "town": {"name": "kachibora"}, "name": "AIC Biribiriet Dispensary", "created": "2013-02-20T12:22:02.657000+00:00", "regulatory_body": {"name": "Other"}, "facility_type": {"name": "Dispensary"}, "plot_number": null, "operation_status": {"name": "Operational"}, "number_of_beds": 0}, {"code": 18836, "location_desc": "Limuru market(mitumba clothes)adjacent to slaughter house", "official_name": "Limuru Medical Clinic", "owner": {"name": "Private Enterprise (Institution)"}, "keph_level": {"name": "Level 2"}, "ward": {"code": 603}, "number_of_cots": 0, "town": {"name": "limuru market near slaughter house"}, "name": "Limuru Medical Clinic", "created": "2013-02-20T13:13:27.097000+00:00", "regulatory_body": {"name": "Nursing Council of Kenya (Private Practice)"}, "facility_type": {"name": "Medical Clinic"}, "plot_number": "91 a", "operation_status": {"name": "Operational"}, "number_of_beds": 0}, {"code": 18837, "location_desc": null, "official_name": "Bluebells Medical Clinic", "owner": {"name": "Private Practice - Nurse / Midwife"}, "keph_level": {"name": "Level 2"}, "ward": {"code": 396}, "number_of_cots": 0, "name": "Bluebells Medical Clinic", "created": "2013-02-20T13:24:27.023000+00:00", "regulatory_body": {"name": "Ministry of Health"}, "facility_type": {"name": "Medical Clinic"}, "plot_number": null, "operation_status": {"name": "Operational"}, "number_of_beds": 0}, {"code": 18838, "location_desc": null, "official_name": "Mariakani cottage clinic", "owner": {"name": "Private Enterprise (Institution)"}, "keph_level": {"name": "Level 2"}, "ward": {"code": 396}, "number_of_cots": 0, "town": {"name": "femiplex house"}, "name": "Mariakani Cottage Clinic", "created": "2013-02-20T14:40:55.740000+00:00", "regulatory_body": {"name": "Ministry of Health"}, "facility_type": {"name": "Medical Clinic"}, "plot_number": null, "operation_status": {"name": "Operational"}, "number_of_beds": 0}, {"code": 18839, "location_desc": "Limuru clothes market behind Rongai supermarket (DAKANJAWA PLAZA) next to Emida house", "official_name": "Destiny Medical Clinic", "owner": {"name": "Private Enterprise (Institution)"}, "keph_level": {"name": "Level 2"}, "ward": {"code": 602}, "number_of_cots": 0, "town": {"name": "limuru market"}, "name": "Destiny Medical Clinic", "created": "2013-02-20T15:26:34.797000+00:00", "regulatory_body": {"name": "Kenya MPDB - Private Practice"}, "facility_type": {"name": "Medical Clinic"}, "plot_number": "307", "operation_status": {"name": "Operational"}, "number_of_beds": 0}, {"code": 18840, "location_desc": "Along Lugari station- Lwandeti earth road", "official_name": "Faith Medical Clinic", "owner": {"name": "Private Practice - Nurse / Midwife"}, "keph_level": {"name": "Level 2"}, "ward": {"code": 992}, "number_of_cots": 2, "town": {"name": "lugari station"}, "name": "Faith Medical Clinic", "created": "2013-02-20T15:59:06.513000+00:00", "regulatory_body": {"name": "Ministry of Health"}, "facility_type": {"name": "Medical Clinic"}, "plot_number": "2244", "operation_status": {"name": "Operational"}, "number_of_beds": 1}, {"code": 18841, "location_desc": "Along Webuye Eldoret road", "official_name": "Baraka Clinic (Lugari)", "owner": {"name": "Private Practice - Nurse / Midwife"}, "keph_level": {"name": "Level 2"}, "ward": {"code": 708}, "number_of_cots": 1, "town": {"name": "kipkaren river"}, "name": "Baraka Clinic (Lugari)", "created": "2013-02-20T16:45:41.993000+00:00", "regulatory_body": {"name": "Ministry of Health"}, "facility_type": {"name": "Medical Clinic"}, "plot_number": null, "operation_status": {"name": "Not-Operational"}, "number_of_beds": 1}, {"code": 18842, "location_desc": "Along Karisa Maitha Road,about 100 metres from Kiembeni- Utange junction", "official_name": "Darajani Medical Clinic", "owner": {"name": "Private Practice - Clinical Officer"}, "keph_level": {"name": "Level 2"}, "ward": {"code": 15}, "number_of_cots": 0, "town": {"name": "bamburi"}, "name": "Darajani Medical Clinic", "created": "2013-02-22T08:06:59+00:00", "regulatory_body": {"name": "Clinical Officers Council"}, "facility_type": {"name": "Medical Clinic"}, "plot_number": null, "operation_status": {"name": "Operational"}, "number_of_beds": 0}, {"code": 18843, "location_desc": "Along New Mombasa-Malindi Road at Shanzu,500m from Bush Bar Road", "official_name": "St.Richard Medical Clinic", "owner": {"name": "Private Practice - Nurse / Midwife"}, "keph_level": {"name": "Level 2"}, "ward": {"code": 15}, "number_of_cots": 0, "town": {"name": "shanzu"}, "name": "St Richard Medical Clinic", "created": "2013-02-22T09:36:54.507000+00:00", "regulatory_body": {"name": "Nursing Council of Kenya (Private Practice)"}, "facility_type": {"name": "Medical Clinic"}, "plot_number": "1030", "operation_status": {"name": "Operational"}, "number_of_beds": 0}, {"code": 18844, "location_desc": "Along FelixMondial Road,opposite Railway Club", "official_name": "HighRise Medical Services", "owner": {"name": "Private Practice - Nurse / Midwife"}, "keph_level": {"name": "Level 2"}, "ward": {"code": 20}, "number_of_cots": 0, "town": {"name": "bamburi"}, "name": "Highrise Medical Services", "created": "2013-02-22T09:52:23.753000+00:00", "regulatory_body": {"name": "Nursing Council of Kenya (Private Practice)"}, "facility_type": {"name": "Medical Clinic"}, "plot_number": "144mn", "operation_status": {"name": "Operational"}, "number_of_beds": 0}, {"code": 18845, "location_desc": "Along Karisa Maitha Road at Lake View Estate", "official_name": "Afya Medical Centre", "owner": {"name": "Private Practice - Clinical Officer"}, "keph_level": {"name": "Level 2"}, "ward": {"code": 20}, "number_of_cots": 0, "town": {"name": "bamburi"}, "name": "Afya Medical Centre", "created": "2013-02-22T10:22:53.357000+00:00", "regulatory_body": {"name": "Clinical Officers Council"}, "facility_type": {"name": "Medical Clinic"}, "plot_number": null, "operation_status": {"name": "Operational"}, "number_of_beds": 0}, {"code": 18846, "location_desc": "Located at Eliye Springs Village", "official_name": "Eliye Springs Community Dispensary", "owner": {"name": "Ministry of Health"}, "keph_level": {"name": "Level 2"}, "ward": {"code": 625}, "number_of_cots": 0, "town": {"name": "lodwar"}, "name": "Eliye Springs Community Dispensary", "created": "2013-02-25T10:54:56.540000+00:00", "regulatory_body": {"name": "Ministry of Health"}, "facility_type": {"name": "Dispensary"}, "plot_number": null, "operation_status": {"name": "Operational"}, "number_of_beds": 0}, {"code": 18847, "location_desc": "Chuka-Meru road near Kanyakine District Hospital", "official_name": "Kathithine Dispensary", "owner": {"name": "Ministry of Health"}, "keph_level": {"name": "Level 2"}, "ward": {"code": 293}, "number_of_cots": 0, "town": {"name": "kanyakine market"}, "name": "Kathithine Dispensary", "created": "2013-02-26T18:30:09.887000+00:00", "regulatory_body": {"name": "Ministry of Health"}, "facility_type": {"name": "Dispensary"}, "plot_number": null, "operation_status": {"name": "Operational"}, "number_of_beds": 0}, {"code": 18848, "location_desc": null, "official_name": "Kiangua Dispensary", "owner": {"name": "Ministry of Health"}, "keph_level": {"name": "Level 2"}, "ward": {"code": 285}, "number_of_cots": 0, "town": {"name": "kinoro market"}, "name": "Kiangua Dispensary", "created": "2013-02-26T18:35:18.100000+00:00", "regulatory_body": {"name": "Ministry of Health"}, "facility_type": {"name": "Dispensary"}, "plot_number": null, "operation_status": {"name": "Operational"}, "number_of_beds": 0}, {"code": 18849, "location_desc": null, "official_name": "Ngongo Dispensary", "owner": {"name": "Ministry of Health"}, "keph_level": {"name": "Level 2"}, "ward": {"code": 294}, "number_of_cots": 0, "town": {"name": "kionyo market"}, "name": "Ngongo Dispensary", "created": "2013-02-26T18:38:47.213000+00:00", "regulatory_body": {"name": "Ministry of Health"}, "facility_type": {"name": "Health Centre"}, "plot_number": null, "operation_status": {"name": "Operational"}, "number_of_beds": 0}, {"code": 18850, "location_desc": null, "official_name": "Kiroone Dispensary", "owner": {"name": "Ministry of Health"}, "keph_level": {"name": "Level 2"}, "ward": {"code": 292}, "number_of_cots": 0, "name": "Kiroone Dispensary", "created": "2013-02-26T18:42:27.003000+00:00", "regulatory_body": {"name": "Ministry of Health"}, "facility_type": {"name": "Dispensary"}, "plot_number": null, "operation_status": {"name": "Operational"}, "number_of_beds": 0}, {"code": 18851, "location_desc": "Along Takaba Banisa Road ", "official_name": "Mandera West Nursing Home", "owner": {"name": "Private Practice - Clinical Officer"}, "keph_level": {"name": "Level 2"}, "ward": {"code": 192}, "number_of_cots": 2, "town": {"name": "takaba"}, "name": "Mandera West Nursing Home", "created": "2013-02-28T09:41:55.230000+00:00", "regulatory_body": {"name": "Clinical Officers Council"}, "facility_type": {"name": "Nursing Home"}, "plot_number": null, "operation_status": {"name": "Operational"}, "number_of_beds": 10}, {"code": 18853, "location_desc": null, "official_name": "Boru Haro Model Health Centre", "owner": {"name": "Ministry of Health"}, "keph_level": {"name": "Level 3"}, "ward": {"code": 233}, "number_of_cots": 10, "town": {"name": "marsabit town"}, "name": "Boru Haro Model Health Centre", "created": "2013-03-12T16:14:01.587000+00:00", "regulatory_body": {"name": "Ministry of Health"}, "facility_type": {"name": "Health Centre"}, "plot_number": null, "operation_status": {"name": "Operational"}, "number_of_beds": 24}, {"code": 18854, "location_desc": null, "official_name": "Jirime Dispensary", "owner": {"name": "Ministry of Health"}, "keph_level": {"name": "Level 2"}, "ward": {"code": 235}, "number_of_cots": 0, "town": {"name": "marsabit town"}, "name": "Jirime Dispensary", "created": "2013-03-12T16:28:45.907000+00:00", "regulatory_body": {"name": "Ministry of Health"}, "facility_type": {"name": "Dispensary"}, "plot_number": null, "operation_status": {"name": "Operational"}, "number_of_beds": 0}, {"code": 18856, "location_desc": null, "official_name": "Laisamis Health Centre (MARSABIT SOUTH)", "owner": {"name": "Ministry of Health"}, "keph_level": {"name": "Level 3"}, "ward": {"code": 238}, "number_of_cots": 2, "town": {"name": "laisamis town"}, "name": "Laisamis Health Centre (Marsabit South)", "created": "2013-03-12T16:50:44.857000+00:00", "regulatory_body": {"name": "Ministry of Health"}, "facility_type": {"name": "Health Centre"}, "plot_number": null, "operation_status": {"name": "Operational"}, "number_of_beds": 4}, {"code": 18857, "location_desc": null, "official_name": "Logologo Model Health Centre (Marsabit South)", "owner": {"name": "Ministry of Health"}, "keph_level": {"name": "Level 3"}, "ward": {"code": 239}, "number_of_cots": 3, "town": {"name": "logologo centre"}, "name": "Logologo Model Health Centre (Marsabit South)", "created": "2013-03-12T16:56:37.823000+00:00", "regulatory_body": {"name": "Ministry of Health"}, "facility_type": {"name": "Health Centre"}, "plot_number": null, "operation_status": {"name": "Operational"}, "number_of_beds": 4}, {"code": 18858, "location_desc": "At Maungu Town along Mombasa Nairobi highway", "official_name": "Maungu Model Heaalth Centre", "owner": {"name": "Ministry of Health"}, "keph_level": {"name": "Level 3"}, "ward": {"code": 128}, "number_of_cots": 0, "town": {"name": "maungu town along mombasa nairobi highway"}, "name": "Maungu Model Health Centre", "created": "2013-03-13T11:15:18.530000+00:00", "regulatory_body": {"name": "Ministry of Health"}, "facility_type": {"name": "Health Centre"}, "plot_number": "0000", "operation_status": {"name": "Operational"}, "number_of_beds": 0}, {"code": 18859, "location_desc": "Next to Nairobi Pentecostal Church Karen, Opposite Catholic University along Langata Road.", "official_name": "AAR Healthcare Limited", "owner": {"name": "Private Enterprise (Institution)"}, "keph_level": {"name": "Level 2"}, "ward": {"code": 1381}, "number_of_cots": 0, "town": {"name": "great jubilee shopping  center"}, "name": "AAR Healthcare Limited (Karen)", "created": "2013-03-13T11:18:07.040000+00:00", "regulatory_body": {"name": "Kenya MPDB - Institution"}, "facility_type": {"name": "Medical Clinic"}, "plot_number": "12627/5", "operation_status": {"name": "Operational"}, "number_of_beds": 0}, {"code": 18860, "location_desc": "Off Langata Road opposite the Lang'ata Cemetry", "official_name": "Wellness Program KWS HQ", "owner": {"name": "Parastatal"}, "keph_level": {"name": "Level 2"}, "ward": {"code": 1383}, "number_of_cots": 0, "town": {"name": "at the kenya wildlife service headquarters lang'ata"}, "name": "Wellness Program KWS Hq", "created": "2013-03-13T12:05:35.280000+00:00", "regulatory_body": {"name": "Ministry of Health"}, "facility_type": {"name": "Medical Clinic"}, "plot_number": null, "operation_status": {"name": "Operational"}, "number_of_beds": 0}, {"code": 18861, "location_desc": "Near Family Health on your way to MTRH", "official_name": "Eldoret Regional Blood Bank", "owner": {"name": "Ministry of Health"}, "keph_level": {"name": "Level 2"}, "ward": {"code": 723}, "number_of_cots": 0, "town": {"name": "eldoret"}, "name": "Eldoret Regional Blood Bank", "created": "2013-03-14T12:57:02.330000+00:00", "regulatory_body": {"name": "Ministry of Health"}, "facility_type": {"name": "Blood Bank"}, "plot_number": null, "operation_status": {"name": "Operational"}, "number_of_beds": 0}, {"code": 18862, "location_desc": "Located 9km from limuru town on the Limuru-Kiambu road.", "official_name": "Nyara Tea Estate Dispensary", "owner": {"name": "Private Practice - Nurse / Midwife"}, "keph_level": {"name": "Level 2"}, "ward": {"code": 604}, "number_of_cots": 0, "town": {"name": "limuru"}, "name": "Nyara Tea Estate Dispensary", "created": "2013-03-14T12:57:05.670000+00:00", "regulatory_body": {"name": "Ministry of Health"}, "facility_type": {"name": "Dispensary"}, "plot_number": "247/7", "operation_status": {"name": "Operational"}, "number_of_beds": 0}, {"code": 18863, "location_desc": null, "official_name": "Mulika Dispensary", "owner": {"name": "Ministry of Health"}, "keph_level": {"name": "Level 2"}, "ward": {"code": 272}, "number_of_cots": 0, "town": {"name": "mulika"}, "name": "Mulika Dispensary", "created": "2013-03-18T16:09:46.863000+00:00", "regulatory_body": {"name": "Ministry of Health"}, "facility_type": {"name": "Dispensary"}, "plot_number": "n/a", "operation_status": {"name": "Operational"}, "number_of_beds": 0}, {"code": 18864, "location_desc": "Meru-mikinduri roard off to mulika market 8 km distance", "official_name": "Igarii Dispensary", "owner": {"name": "Ministry of Health"}, "keph_level": {"name": "Level 2"}, "ward": {"code": 271}, "number_of_cots": 0, "town": {"name": "igarii/mulika/mikinduri"}, "name": "Igarii Dispensary", "created": "2013-03-19T10:27:41.817000+00:00", "regulatory_body": {"name": "Ministry of Health"}, "facility_type": {"name": "Dispensary"}, "plot_number": "n/a", "operation_status": {"name": "Operational"}, "number_of_beds": 0}, {"code": 18865, "location_desc": "Near Nyabola AIC church", "official_name": "Nyabola CDF Dispensary", "owner": {"name": "Ministry of Health"}, "keph_level": {"name": "Level 2"}, "ward": {"code": 1218}, "number_of_cots": 0, "town": {"name": "nyabola"}, "name": "Nyabola CDF Dispensary", "created": "2013-03-19T14:48:30.550000+00:00", "regulatory_body": {"name": "Ministry of Health"}, "facility_type": {"name": "Dispensary"}, "plot_number": null, "operation_status": {"name": "Operational"}, "number_of_beds": 0}, {"code": 18866, "location_desc": "Near Kajimbo secondary school", "official_name": "Gari Dispensary", "owner": {"name": "Ministry of Health"}, "keph_level": {"name": "Level 2"}, "ward": {"code": 1226}, "number_of_cots": 0, "town": {"name": "nyamarimba"}, "name": "Gari Dispensary", "created": "2013-03-19T15:02:48.990000+00:00", "regulatory_body": {"name": "Ministry of Health"}, "facility_type": {"name": "Dispensary"}, "plot_number": null, "operation_status": {"name": "Operational"}, "number_of_beds": 0}, {"code": 18867, "location_desc": "Near Nyabondo Mission Hospital", "official_name": "Nyabondo Rehabilitation Centre", "owner": {"name": "Christian Health Association of Kenya"}, "keph_level": {"name": "Level 2"}, "ward": {"code": 1220}, "number_of_cots": 0, "town": {"name": "nyabondo market"}, "name": "Nyabondo Rehabilitation Centre", "created": "2013-03-19T15:19:02.357000+00:00", "regulatory_body": {"name": "Other"}, "facility_type": {"name": "Dispensary"}, "plot_number": null, "operation_status": {"name": "Operational"}, "number_of_beds": 0}, {"code": 18868, "location_desc": "isiolo-modogeshe road near 78 battalion", "official_name": "Matabiti dispensary", "owner": {"name": "Ministry of Health"}, "keph_level": {"name": "Level 2"}, "ward": {"code": 274}, "number_of_cots": 0, "town": {"name": "isiolo"}, "name": "Matabitabithi Dispensary", "created": "2013-03-20T10:53:48.897000+00:00", "regulatory_body": {"name": "Ministry of Health"}, "facility_type": {"name": "Dispensary"}, "plot_number": "n/a", "operation_status": {"name": "Not-Operational"}, "number_of_beds": 0}, {"code": 18869, "location_desc": "Muriri- isiolo road near kandebene AP post", "official_name": "Kandebene dispensary", "owner": {"name": "Ministry of Health"}, "keph_level": {"name": "Level 2"}, "ward": {"code": 266}, "number_of_cots": 0, "town": {"name": "kandebene"}, "name": "Kandebene Dispensary", "created": "2013-03-20T11:01:43.747000+00:00", "regulatory_body": {"name": "Ministry of Health"}, "facility_type": {"name": "Dispensary"}, "plot_number": "n/a", "operation_status": {"name": "Not-Operational"}, "number_of_beds": 0}, {"code": 18870, "location_desc": "Alon g Mikindani Street behind Ambalal House", "official_name": "Optimum Care Medical", "owner": {"name": "Private Practice - General Practitioner"}, "keph_level": {"name": "Level 2"}, "ward": {"code": 26}, "number_of_cots": 0, "town": {"name": "mwembr tayari"}, "name": "Optimum Care Medical", "created": "2013-03-20T11:08:08.350000+00:00", "regulatory_body": {"name": "Kenya MPDB - Private Practice"}, "facility_type": {"name": "Medical Clinic"}, "plot_number": "114 sect xxv", "operation_status": {"name": "Operational"}, "number_of_beds": 0}, {"code": 18871, "location_desc": "Near Ankamia primary school", "official_name": "Ankamia Dispensary", "owner": {"name": "Ministry of Health"}, "keph_level": {"name": "Level 2"}, "ward": {"code": 271}, "number_of_cots": 0, "town": {"name": "ankamia market"}, "name": "Ankamia Dispensary", "created": "2013-03-20T11:24:42.570000+00:00", "regulatory_body": {"name": "Ministry of Health"}, "facility_type": {"name": "Dispensary"}, "plot_number": "n/a", "operation_status": {"name": "Operational"}, "number_of_beds": 0}, {"code": 18872, "location_desc": "Near Kiguchwa Market", "official_name": "K.K. Mwethe DIispensary", "owner": {"name": "Ministry of Health"}, "keph_level": {"name": "Level 2"}, "ward": {"code": 273}, "number_of_cots": 0, "town": {"name": "kiguchwa"}, "name": "K K Mwethe Diispensary", "created": "2013-03-20T11:36:57.770000+00:00", "regulatory_body": {"name": "Ministry of Health"}, "facility_type": {"name": "Dispensary"}, "plot_number": "n/a", "operation_status": {"name": "Not-Operational"}, "number_of_beds": 0}, {"code": 18873, "location_desc": null, "official_name": "Wondeni Dispensary", "owner": {"name": "Ministry of Health"}, "keph_level": {"name": "Level 2"}, "ward": {"code": 403}, "number_of_cots": 2, "town": {"name": "machakos"}, "name": "Wondeni Dispensary", "created": "2013-03-20T15:23:06.427000+00:00", "regulatory_body": {"name": "Ministry of Health"}, "facility_type": {"name": "Dispensary"}, "plot_number": null, "operation_status": {"name": "Operational"}, "number_of_beds": 5}, {"code": 18874, "location_desc": null, "official_name": "Got Kamondi  Dispensary", "owner": {"name": "Ministry of Health"}, "keph_level": {"name": "Level 2"}, "ward": {"code": 1226}, "number_of_cots": 0, "town": {"name": "wang'apala secondary school"}, "name": "Got Kamondi Dispensary", "created": "2013-03-20T17:36:06.093000+00:00", "regulatory_body": {"name": "Ministry of Health"}, "facility_type": {"name": "Dispensary"}, "plot_number": null, "operation_status": {"name": "Operational"}, "number_of_beds": 0}, {"code": 18875, "location_desc": "Along KANU Street", "official_name": "Hope World Wide Nakuru", "owner": {"name": "Other Faith Based"}, "keph_level": {"name": "Level 2"}, "ward": {"code": 876}, "number_of_cots": 0, "town": {"name": "along kanu street"}, "name": "Hope World Wide Nakuru", "created": "2013-03-25T09:38:49.180000+00:00", "regulatory_body": {"name": "Kenya MPDB - Institution"}, "facility_type": {"name": "Medical Clinic"}, "plot_number": null, "operation_status": {"name": "Operational"}, "number_of_beds": 0}, {"code": 18877, "location_desc": "Near Sukari sugar industry, Riat market", "official_name": "Otange Dispensary", "owner": {"name": "Ministry of Health"}, "keph_level": {"name": "Level 2"}, "ward": {"code": 1247}, "number_of_cots": 6, "town": {"name": "riat market, sukari sugar industry"}, "name": "Otange Dispensary", "created": "2013-03-27T13:00:20.400000+00:00", "regulatory_body": {"name": "Ministry of Health"}, "facility_type": {"name": "Dispensary"}, "plot_number": null, "operation_status": {"name": "Operational"}, "number_of_beds": 6}, {"code": 18878, "location_desc": "Kiganjo market, sivan plaza", "official_name": "Kiganjo Medical Centre", "owner": {"name": "Private Practice - Clinical Officer"}, "keph_level": {"name": "Level 2"}, "ward": {"code": 565}, "number_of_cots": 0, "town": {"name": "kiganjo market"}, "name": "Kiganjo Medical Centre", "created": "2013-03-28T12:20:49.720000+00:00", "regulatory_body": {"name": "Kenya MPDB - Private Practice"}, "facility_type": {"name": "Medical Clinic"}, "plot_number": "659 kimuchu", "operation_status": {"name": "Operational"}, "number_of_beds": 0}, {"code": 18879, "location_desc": "2 Kms North of Kwavonza Market", "official_name": "Kenyatta University Kitui Campus Health Unit", "owner": {"name": "Academic (if registered)"}, "keph_level": {"name": "Level 2"}, "ward": {"code": 352}, "number_of_cots": 0, "town": {"name": "kwavonza"}, "name": "Kenyatta University Kitui Campus Health Unit", "created": "2013-03-29T13:10:06.330000+00:00", "regulatory_body": {"name": "Ministry of Health"}, "facility_type": {"name": "Medical Clinic"}, "plot_number": "n/a", "operation_status": {"name": "Operational"}, "number_of_beds": 0}, {"code": 18880, "location_desc": "15 kms North from Kwa vonza Market", "official_name": "South Eastern Kenya University(SEKU) Health Unit", "owner": {"name": "Academic (if registered)"}, "keph_level": {"name": "Level 2"}, "ward": {"code": 371}, "number_of_cots": 0, "town": {"name": "kwa vonza market"}, "name": "South Eastern Kenya University (Seku) Health Unit", "created": "2013-03-29T14:01:35.340000+00:00", "regulatory_body": {"name": "Ministry of Health"}, "facility_type": {"name": "Medical Clinic"}, "plot_number": "n/a", "operation_status": {"name": "Operational"}, "number_of_beds": 0}, {"code": 18882, "location_desc": "Chuka Kaanwa Kajuki Route", "official_name": "Kaanwa CFW Clinic", "owner": {"name": "Non-Governmental Organizations"}, "keph_level": {"name": "Level 2"}, "ward": {"code": 819}, "number_of_cots": 0, "town": {"name": "kaanwa"}, "name": "Kaanwa CFW Clinic", "created": "2013-04-02T22:38:39.990000+00:00", "regulatory_body": {"name": "Ministry of Health"}, "facility_type": {"name": "Medical Centre"}, "plot_number": null, "operation_status": {"name": "Operational"}, "number_of_beds": 0}, {"code": 18883, "location_desc": "Chuka Ikuu Rubate Route", "official_name": "Ikuu CFW Clinic", "owner": {"name": "Non-Governmental Organizations"}, "keph_level": {"name": "Level 2"}, "ward": {"code": 303}, "number_of_cots": 0, "town": {"name": "ikuu"}, "name": "Ikuu CFW Clinic", "created": "2013-04-02T22:49:04.287000+00:00", "regulatory_body": {"name": "Ministry of Health"}, "facility_type": {"name": "Medical Clinic"}, "plot_number": null, "operation_status": {"name": "Operational"}, "number_of_beds": 0}, {"code": 18884, "location_desc": "Next to Mitaboni to Uwanjani", "official_name": "Lugpharm Medicals Limited Mitaboni", "owner": {"name": "Private Practice - General Practitioner"}, "keph_level": {"name": "Level 2"}, "ward": {"code": 390}, "number_of_cots": 0, "town": {"name": "mitaboni market"}, "name": "Lugpharm Medicals Limited", "created": "2013-04-04T11:38:02.220000+00:00", "regulatory_body": {"name": "Ministry of Health"}, "facility_type": {"name": "Dispensary"}, "plot_number": null, "operation_status": {"name": "Operational"}, "number_of_beds": 0}, {"code": 18885, "location_desc": "Opposite total petrol station", "official_name": "Kimkan Health Services", "owner": {"name": "Private Practice - Medical Specialist"}, "keph_level": {"name": "Level 2"}, "ward": {"code": 525}, "number_of_cots": 0, "town": {"name": "muranga town"}, "name": "Kimkan Health Services", "created": "2013-04-04T12:59:34.170000+00:00", "regulatory_body": {"name": "Kenya MPDB - Institution"}, "facility_type": {"name": "Medical Clinic"}, "plot_number": "blockii/799", "operation_status": {"name": "Operational"}, "number_of_beds": 0}, {"code": 18886, "location_desc": "Chuka, kaanwa, Kajuki Route", "official_name": "Kaanwa CFW Clinic", "owner": {"name": "Non-Governmental Organizations"}, "keph_level": {"name": "Level 2"}, "ward": {"code": 301}, "number_of_cots": 0, "town": {"name": "kaanwa"}, "name": "Kaanwa CFW Clinic", "created": "2013-04-04T14:59:14.507000+00:00", "regulatory_body": {"name": "Ministry of Health"}, "facility_type": {"name": "Medical Clinic"}, "plot_number": null, "operation_status": {"name": "Operational"}, "number_of_beds": 0}, {"code": 18887, "location_desc": "Along Northern bypass in Runda Baptist Church compund,  approx.4 km from Mji wa Huruma Dispensary.", "official_name": "Githogoro Runda Baptist Clinic", "owner": {"name": "Private Enterprise (Institution)"}, "keph_level": {"name": "Level 2"}, "ward": {"code": 1368}, "number_of_cots": 0, "town": {"name": "ruaka"}, "name": "Githogoro Runda Baptist Clinic (Getrudes Nairobi)", "created": "2013-04-04T15:14:43.673000+00:00", "regulatory_body": {"name": "Kenya MPDB - Private Practice"}, "facility_type": {"name": "Dispensary"}, "plot_number": null, "operation_status": {"name": "Operational"}, "number_of_beds": 0}, {"code": 18888, "location_desc": "Off Eldama Ravine Road, within Deep Sea Slum", "official_name": "Consolata Shrine Dispensary", "owner": {"name": "Kenya Episcopal Conference-Catholic Secretariat"}, "keph_level": {"name": "Level 2"}, "ward": {"code": 1368}, "number_of_cots": 0, "town": {"name": "highridge shopping centre"}, "name": "Consolata Shrine Dispensary (Deep Sea Nairobi)", "created": "2013-04-04T16:21:50.900000+00:00", "regulatory_body": {"name": "Kenya MPDB - Institution"}, "facility_type": {"name": "Dispensary"}, "plot_number": null, "operation_status": {"name": "Operational"}, "number_of_beds": 0}, {"code": 18889, "location_desc": "Along Chepkube Route", "official_name": "Paradise Medical Center ", "owner": {"name": "Private Practice - Clinical Officer"}, "keph_level": {"name": "Level 2"}, "ward": {"code": 1076}, "number_of_cots": 12, "town": {"name": "cheptais market"}, "name": "Paradise Medical Centre", "created": "2013-04-04T16:28:04.773000+00:00", "regulatory_body": {"name": "Clinical Officers Council"}, "facility_type": {"name": "Medical Clinic"}, "plot_number": null, "operation_status": {"name": "Operational"}, "number_of_beds": 12}, {"code": 18890, "location_desc": "Along the bus stage", "official_name": "Maendeleo Clinic", "owner": {"name": "Private Practice - Nurse / Midwife"}, "keph_level": {"name": "Level 2"}, "ward": {"code": 1076}, "number_of_cots": 6, "town": {"name": "cheptais"}, "name": "Maendeleo Clinic", "created": "2013-04-04T16:40:00.160000+00:00", "regulatory_body": {"name": "Nursing Council of Kenya (Private Practice)"}, "facility_type": {"name": "Medical Clinic"}, "plot_number": null, "operation_status": {"name": "Operational"}, "number_of_beds": 6}, {"code": 18891, "location_desc": null, "official_name": "Cheptais Clinic", "owner": {"name": "Private Practice - Nurse / Midwife"}, "keph_level": {"name": "Level 2"}, "ward": {"code": 1076}, "number_of_cots": 1, "town": {"name": "cheptais"}, "name": "Cheptais Clinic", "created": "2013-04-04T16:47:57.160000+00:00", "regulatory_body": {"name": "Nursing Council of Kenya (Private Practice)"}, "facility_type": {"name": "Medical Clinic"}, "plot_number": null, "operation_status": {"name": "Operational"}, "number_of_beds": 1}, {"code": 18892, "location_desc": null, "official_name": "Ong'amo Dispensary", "owner": {"name": "Ministry of Health"}, "keph_level": {"name": "Level 2"}, "ward": {"code": 1221}, "number_of_cots": 0, "town": {"name": "near ong'amo market"}, "name": "Ong'amo Dispensary", "created": "2013-04-04T16:53:13.577000+00:00", "regulatory_body": {"name": "Ministry of Health"}, "facility_type": {"name": "Dispensary"}, "plot_number": null, "operation_status": {"name": "Operational"}, "number_of_beds": 0}, {"code": 18895, "location_desc": null, "official_name": "Korogocho Health Center", "owner": {"name": "Ministry of Health"}, "keph_level": {"name": "Level 3"}, "ward": {"code": 1398}, "number_of_cots": 2, "town": {"name": "nyayo"}, "name": "Korogocho Health Centre", "created": "2013-04-08T14:26:01.907000+00:00", "regulatory_body": {"name": "Ministry of Health"}, "facility_type": {"name": "Health Centre"}, "plot_number": null, "operation_status": {"name": "Operational"}, "number_of_beds": 12}, {"code": 18896, "location_desc": "Along thika road opp breweries", "official_name": "SWOP Thika Road", "owner": {"name": "Non-Governmental Organizations"}, "keph_level": {"name": "Level 2"}, "ward": {"code": 1398}, "number_of_cots": 0, "town": {"name": "ruaraka"}, "name": "Swop Thika Road", "created": "2013-04-08T14:39:06.887000+00:00", "regulatory_body": {"name": "Nursing Council of Kenya (Private Practice)"}, "facility_type": {"name": "VCT Centre (Stand-Alone)"}, "plot_number": null, "operation_status": {"name": "Operational"}, "number_of_beds": 0}, {"code": 18897, "location_desc": "Situated along police line next to Glory Academy", "official_name": "Dice Clinic Migori", "owner": {"name": "Non-Governmental Organizations"}, "keph_level": {"name": "Level 2"}, "ward": {"code": 1270}, "number_of_cots": 0, "town": {"name": "police line"}, "name": "Dice Clinic Migori", "created": "2013-04-09T13:11:53.353000+00:00", "regulatory_body": {"name": "Kenya MPDB - Private Practice"}, "facility_type": {"name": "Medical Clinic"}, "plot_number": "n/a", "operation_status": {"name": "Operational"}, "number_of_beds": 2}, {"code": 18898, "location_desc": "Located along Kisii Isibania International Highway in CBD town centre", "official_name": "Ladopharma Medical Centre", "owner": {"name": "Private Practice - General Practitioner"}, "keph_level": {"name": "Level 2"}, "ward": {"code": 1275}, "number_of_cots": 0, "town": {"name": "town centre"}, "name": "Ladopharma Medical Centre", "created": "2013-04-09T13:32:21.310000+00:00", "regulatory_body": {"name": "Kenya MPDB - Institution"}, "facility_type": {"name": "Medical Clinic"}, "plot_number": "n/a", "operation_status": {"name": "Operational"}, "number_of_beds": 2}, {"code": 18899, "location_desc": "CRIO HOUSE,KITUI TOWN", "official_name": "Muthale Mission Hospital Satelite Clinic", "owner": {"name": "Kenya Episcopal Conference-Catholic Secretariat"}, "keph_level": {"name": "Level 2"}, "ward": {"code": 355}, "number_of_cots": 0, "town": {"name": "kitui"}, "name": "Muthale Mission Hospital Satelite Clinic", "created": "2013-04-10T07:43:07.980000+00:00", "regulatory_body": {"name": "Other"}, "facility_type": {"name": "Medical Clinic"}, "plot_number": "n/a", "operation_status": {"name": "Operational"}, "number_of_beds": 0}, {"code": 18900, "location_desc": "40M West of K-Rep bank", "official_name": "Neema Medical Clinic(Kitui Central)", "owner": {"name": "Private Practice - Clinical Officer"}, "keph_level": {"name": "Level 2"}, "ward": {"code": 355}, "number_of_cots": 0, "town": {"name": "kitui"}, "name": "Neema Medical Clinic (Kitui Central)", "created": "2013-04-10T07:54:59.547000+00:00", "regulatory_body": {"name": "Clinical Officers Council"}, "facility_type": {"name": "Medical Clinic"}, "plot_number": "n/a", "operation_status": {"name": "Operational"}, "number_of_beds": 0}, {"code": 18901, "location_desc": "Kiserian Along Magadi Road", "official_name": "Clay Hill Hospital", "owner": {"name": "Private Enterprise (Institution)"}, "keph_level": {"name": "Level 4"}, "ward": {"code": 911}, "number_of_cots": 0, "town": {"name": "kiserian"}, "name": "Clay Hill Hospital", "created": "2013-04-10T17:29:05.587000+00:00", "regulatory_body": {"name": "Kenya MPDB - Institution"}, "facility_type": {"name": "Other Hospital"}, "plot_number": null, "operation_status": {"name": "Operational"}, "number_of_beds": 30}, {"code": 18903, "location_desc": "Kitui Bus Park, opposite Kitui Centre Hotel", "official_name": "Central Medical Clinic(Kitui Central)", "owner": {"name": "Private Practice - Clinical Officer"}, "keph_level": {"name": "Level 2"}, "ward": {"code": 358}, "number_of_cots": 0, "town": {"name": "kitui"}, "name": "Central Medical Clinic (Kitui Central)", "created": "2013-04-11T15:36:25.973000+00:00", "regulatory_body": {"name": "Clinical Officers Council"}, "facility_type": {"name": "Medical Clinic"}, "plot_number": "4056/89", "operation_status": {"name": "Operational"}, "number_of_beds": 0}, {"code": 18904, "location_desc": "Situatedv in Pjee Plaza, Kitui town", "official_name": "Mercy Medical Clinic(Kitui Central)", "owner": {"name": "Private Practice - Clinical Officer"}, "keph_level": {"name": "Level 2"}, "ward": {"code": 355}, "number_of_cots": 0, "town": {"name": "kitui"}, "name": "Mercy Medical Clinic (Kitui Central)", "created": "2013-04-11T15:46:50.680000+00:00", "regulatory_body": {"name": "Other"}, "facility_type": {"name": "Medical Clinic"}, "plot_number": null, "operation_status": {"name": "Operational"}, "number_of_beds": 0}, {"code": 18905, "location_desc": "4OM SE ,Kitui Bus Park", "official_name": "Kitui Afya Medical", "owner": {"name": "Private Practice - Clinical Officer"}, "keph_level": {"name": "Level 2"}, "ward": {"code": 355}, "number_of_cots": 0, "town": {"name": "kitui"}, "name": "Kitui Afya Medical", "created": "2013-04-11T15:58:56.940000+00:00", "regulatory_body": {"name": "Clinical Officers Council"}, "facility_type": {"name": "Medical Clinic"}, "plot_number": null, "operation_status": {"name": "Operational"}, "number_of_beds": 0}], "model": "facilities.Facility", "unique_fields": ["code"]}]