[{"records": [{"code": 19531, "location_desc": "near 4 w stage", "official_name": "Central Park Cinic", "owner": {"name": "Private Practice - General Practitioner"}, "keph_level": {"name": "Level 2"}, "ward": {"code": 1378}, "number_of_cots": 0, "town": {"name": "near 4 w stage"}, "name": "Central Park Clinic", "created": "2013-05-05T14:26:01.487000+00:00", "regulatory_body": {"name": "Nursing Council of Kenya (Private Practice)"}, "facility_type": {"name": "Dispensary"}, "plot_number": null, "operation_status": {"name": "Operational"}, "number_of_beds": 0}, {"code": 19532, "location_desc": null, "official_name": "Dr Barads Clinic", "owner": {"name": "Private Practice - Medical Specialist"}, "keph_level": {"name": "Level 2"}, "ward": {"code": 1367}, "number_of_cots": 0, "name": "Dr Barads Clinic", "created": "2013-05-05T14:27:46.693000+00:00", "regulatory_body": {"name": "Kenya MPDB - Institution"}, "facility_type": {"name": "Medical Clinic"}, "plot_number": null, "operation_status": {"name": "Operational"}, "number_of_beds": 0}, {"code": 20445, "location_desc": null, "official_name": "St.Charle's Medical Services", "owner": {"name": "Private Practice - Nurse / Midwife"}, "keph_level": {"name": "Level 2"}, "ward": {"code": 378}, "number_of_cots": 0, "town": {"name": "kwavonza market"}, "name": "St. Charle's Medical Services", "created": "2014-08-07T09:54:23.613000+00:00", "regulatory_body": {"name": "Nursing Council of Kenya (Private Practice)"}, "facility_type": {"name": "Medical Clinic"}, "plot_number": "n/a", "operation_status": {"name": "Operational"}, "number_of_beds": 0}, {"code": 20446, "location_desc": null, "official_name": "Kwakilui dispensary", "owner": {"name": "Ministry of Health"}, "keph_level": {"name": "Level 2"}, "ward": {"code": 406}, "number_of_cots": 0, "town": {"name": "kwakilui market"}, "name": "kwakilui Dispensary", "created": "2014-08-07T10:57:33.300000+00:00", "regulatory_body": {"name": "Ministry of Health"}, "facility_type": {"name": "Dispensary"}, "plot_number": "n/a", "operation_status": {"name": "Not-Operational"}, "number_of_beds": 0}, {"code": 20447, "location_desc": null, "official_name": "Syomunyu Dispensary", "owner": {"name": "Ministry of Health"}, "keph_level": {"name": "Level 2"}, "ward": {"code": 406}, "number_of_cots": 0, "town": {"name": "syomunyu market"}, "name": "Syomunyu Dispensary", "created": "2014-08-07T11:10:02.223000+00:00", "regulatory_body": {"name": "Ministry of Health"}, "facility_type": {"name": "Dispensary"}, "plot_number": "n/a", "operation_status": {"name": "Not-Operational"}, "number_of_beds": 0}, {"code": 20448, "location_desc": "Within Kitui District Hospital", "official_name": "University Of Nairobi Kitui Drop In Centre", "owner": {"name": "Other Public Institution"}, "keph_level": {"name": "Level 2"}, "ward": {"code": 355}, "number_of_cots": 0, "town": {"name": "kitui"}, "name": "University Of Nairobi Kitui Drop In Centre", "created": "2014-08-08T10:42:24.800000+00:00", "regulatory_body": {"name": "Kenya MPDB - Institution"}, "facility_type": {"name": "Medical Clinic"}, "plot_number": "n/a", "operation_status": {"name": "Operational"}, "number_of_beds": 0}, {"code": 20449, "location_desc": "Opp Umoja II chief Office", "official_name": "Penta Medical Centre Umoja", "owner": {"name": "Private Practice - Medical Specialist"}, "keph_level": {"name": "Level 2"}, "ward": {"code": 671}, "number_of_cots": 2, "town": {"name": "umoja  market"}, "name": "Penta Medical Centre Umoja", "created": "2014-08-08T12:21:47.350000+00:00", "regulatory_body": {"name": "Clinical Officers Council"}, "facility_type": {"name": "Medical Clinic"}, "plot_number": "1265/1204", "operation_status": {"name": "Operational"}, "number_of_beds": 6}, {"code": 20450, "location_desc": "Opposit Kware", "official_name": "Josiah Community Medical Centre", "owner": {"name": "Private Practice - Clinical Officer"}, "keph_level": {"name": "Level 2"}, "ward": {"code": 1410}, "number_of_cots": 2, "town": {"name": "donholm"}, "name": "Josiah Community Medical Centre", "created": "2014-08-08T12:30:19.400000+00:00", "regulatory_body": {"name": "Clinical Officers Council"}, "facility_type": {"name": "Medical Clinic"}, "plot_number": "153/222", "operation_status": {"name": "Operational"}, "number_of_beds": 4}, {"code": 20451, "location_desc": "Near Maumau bridge Kangemi, opposite Anada Marga Secondary School", "official_name": "Medecins Du Monde/France", "owner": {"name": "Humanitarian Agencies"}, "keph_level": {"name": "Level 2"}, "ward": {"code": 1368}, "number_of_cots": 0, "town": {"name": "kangemi market"}, "name": "Medecins Du Monde/France (Kangemi Kang'ora)", "created": "2014-08-11T15:20:30.563000+00:00", "regulatory_body": {"name": "Kenya MPDB - Institution"}, "facility_type": {"name": "Health Programme"}, "plot_number": null, "operation_status": {"name": "Operational"}, "number_of_beds": 0}, {"code": 20452, "location_desc": "Within Kasarani shoppng centre near Kasarani dispensary", "official_name": "Denticheck Clinical Services", "owner": {"name": "Private Practice - Unspecified"}, "keph_level": {"name": "Level 2"}, "ward": {"code": 847}, "number_of_cots": 0, "town": {"name": "within kasarani shopping centre"}, "name": "Denticheck Clinical Services", "created": "2014-08-13T16:05:39.560000+00:00", "regulatory_body": {"name": "Kenya MPDB - Private Practice"}, "facility_type": {"name": "Medical Clinic"}, "plot_number": "41 tarambete", "operation_status": {"name": "Operational"}, "number_of_beds": 0}, {"code": 20453, "location_desc": "Near Magaoni Primary School", "official_name": "Magaoni Health Centre", "owner": {"name": "Ministry of Health"}, "keph_level": {"name": "Level 3"}, "ward": {"code": 42}, "number_of_cots": 0, "town": {"name": "magaoni"}, "name": "Magaoni Health Centre", "created": "2014-08-14T10:20:47.137000+00:00", "regulatory_body": {"name": "Ministry of Health"}, "facility_type": {"name": "Health Centre"}, "plot_number": null, "operation_status": {"name": "Operational"}, "number_of_beds": 0}, {"code": 20454, "location_desc": "Along  Kocholya Amagoro Tarmac Road 200 Meters on left hand", "official_name": "FAO Hope Medical Centre", "owner": {"name": "Private Practice - Medical Specialist"}, "keph_level": {"name": "Level 2"}, "ward": {"code": 1126}, "number_of_cots": 4, "town": {"name": "amagoro town"}, "name": "FAO Hope Medical Centre", "created": "2014-08-14T11:24:59.760000+00:00", "regulatory_body": {"name": "Ministry of Health"}, "facility_type": {"name": "Nursing Home"}, "plot_number": null, "operation_status": {"name": "Operational"}, "number_of_beds": 4}, {"code": 20455, "location_desc": null, "official_name": "Ngaina dispensary", "owner": {"name": "Ministry of Health"}, "keph_level": {"name": "Level 2"}, "ward": {"code": 781}, "number_of_cots": 0, "town": {"name": "ngoron"}, "name": "Ngaina dispensary", "created": "2014-08-19T10:10:43.437000+00:00", "regulatory_body": {"name": "Ministry of Health"}, "facility_type": {"name": "Dispensary"}, "plot_number": null, "operation_status": {"name": "Not-Operational"}, "number_of_beds": 0}, {"code": 20456, "location_desc": null, "official_name": "Krezze Dispensary", "owner": {"name": "Ministry of Health"}, "keph_level": {"name": "Level 2"}, "ward": {"code": 781}, "number_of_cots": 0, "name": "Krezze Dispensary", "created": "2014-08-19T10:16:27.187000+00:00", "regulatory_body": {"name": "Ministry of Health"}, "facility_type": {"name": "Dispensary"}, "plot_number": null, "operation_status": {"name": "Not-Operational"}, "number_of_beds": 0}, {"code": 20457, "location_desc": null, "official_name": "Akwichatis Health Centre", "owner": {"name": "Ministry of Health"}, "keph_level": {"name": "Level 3"}, "ward": {"code": 784}, "number_of_cots": 0, "name": "Akwichatis Health Centre", "created": "2014-08-19T10:23:36.443000+00:00", "regulatory_body": {"name": "Ministry of Health"}, "facility_type": {"name": "Health Centre"}, "plot_number": null, "operation_status": {"name": "Not-Operational"}, "number_of_beds": 0}, {"code": 20458, "location_desc": null, "official_name": "Katungura dispensary", "owner": {"name": "Ministry of Health"}, "keph_level": {"name": "Level 2"}, "ward": {"code": 786}, "number_of_cots": 0, "name": "Katungura dispensary", "created": "2014-08-19T10:31:47.020000+00:00", "regulatory_body": {"name": "Ministry of Health"}, "facility_type": {"name": "Dispensary"}, "plot_number": null, "operation_status": {"name": "Not-Operational"}, "number_of_beds": 0}, {"code": 20459, "location_desc": null, "official_name": "Loyeya dispensary", "owner": {"name": "Ministry of Health"}, "keph_level": {"name": "Level 2"}, "ward": {"code": 786}, "number_of_cots": 0, "name": "Loyeya dispensary", "created": "2014-08-19T10:41:43.110000+00:00", "regulatory_body": {"name": "Ministry of Health"}, "facility_type": {"name": "Dispensary"}, "plot_number": null, "operation_status": {"name": "Not-Operational"}, "number_of_beds": 0}, {"code": 20460, "location_desc": null, "official_name": "Tilingwo dispensary", "owner": {"name": "Ministry of Health"}, "keph_level": {"name": "Level 2"}, "ward": {"code": 782}, "number_of_cots": 0, "name": "Tilingwo dispensary", "created": "2014-08-19T10:47:57.300000+00:00", "regulatory_body": {"name": "Ministry of Health"}, "facility_type": {"name": "Dispensary"}, "plot_number": null, "operation_status": {"name": "Not-Operational"}, "number_of_beds": 0}, {"code": 20461, "location_desc": null, "official_name": "Chemoril dispensary", "owner": {"name": "Ministry of Health"}, "keph_level": {"name": "Level 2"}, "ward": {"code": 784}, "number_of_cots": 0, "name": "Chemoril dispensary", "created": "2014-08-19T10:54:52.673000+00:00", "regulatory_body": {"name": "Ministry of Health"}, "facility_type": {"name": "Dispensary"}, "plot_number": null, "operation_status": {"name": "Not-Operational"}, "number_of_beds": 0}, {"code": 20462, "location_desc": null, "official_name": "Topulen dispensary", "owner": {"name": "Ministry of Health"}, "keph_level": {"name": "Level 2"}, "ward": {"code": 784}, "number_of_cots": 0, "name": "Topulen dispensary", "created": "2014-08-19T11:07:22.617000+00:00", "regulatory_body": {"name": "Ministry of Health"}, "facility_type": {"name": "Dispensary"}, "plot_number": null, "operation_status": {"name": "Not-Operational"}, "number_of_beds": 0}, {"code": 20463, "location_desc": null, "official_name": "Chesawach dispensary", "owner": {"name": "Ministry of Health"}, "keph_level": {"name": "Level 2"}, "ward": {"code": 781}, "number_of_cots": 0, "name": "Chesawach dispensary", "created": "2014-08-19T11:14:21.563000+00:00", "regulatory_body": {"name": "Ministry of Health"}, "facility_type": {"name": "Dispensary"}, "plot_number": null, "operation_status": {"name": "Not-Operational"}, "number_of_beds": 0}, {"code": 20464, "location_desc": null, "official_name": "Kapau dispensary", "owner": {"name": "Ministry of Health"}, "keph_level": {"name": "Level 2"}, "ward": {"code": 781}, "number_of_cots": 0, "name": "Kapau dispensary", "created": "2014-08-19T11:19:54.197000+00:00", "regulatory_body": {"name": "Ministry of Health"}, "facility_type": {"name": "Dispensary"}, "plot_number": null, "operation_status": {"name": "Not-Operational"}, "number_of_beds": 0}, {"code": 20465, "location_desc": null, "official_name": "Kasilangwa dispensary", "owner": {"name": "Ministry of Health"}, "keph_level": {"name": "Level 2"}, "ward": {"code": 787}, "number_of_cots": 0, "name": "Kasilangwa dispensary", "created": "2014-08-19T11:24:58.940000+00:00", "regulatory_body": {"name": "Ministry of Health"}, "facility_type": {"name": "Dispensary"}, "plot_number": null, "operation_status": {"name": "Not-Operational"}, "number_of_beds": 0}, {"code": 20468, "location_desc": "Near Butere Police station ", "official_name": "ST.James Memorial Medical Clinic", "owner": {"name": "Private Practice - General Practitioner"}, "keph_level": {"name": "Level 2"}, "ward": {"code": 1033}, "number_of_cots": 0, "town": {"name": "butere"}, "name": "ST.James Memorial Medical Clinic", "created": "2014-08-19T11:38:48.670000+00:00", "regulatory_body": {"name": "Kenya MPDB - Institution"}, "facility_type": {"name": "Medical Clinic"}, "plot_number": null, "operation_status": {"name": "Operational"}, "number_of_beds": 2}, {"code": 20479, "location_desc": "Located Along Rapogi Road opposite Komboge Paza", "official_name": "Adoma Medical Clinic", "owner": {"name": "Private Practice - Nurse / Midwife"}, "keph_level": {"name": "Level 2"}, "ward": {"code": 1268}, "number_of_cots": 0, "town": {"name": "awendo market center-"}, "name": "Adoma Medical Clinic", "created": "2014-08-19T17:12:45.007000+00:00", "regulatory_body": {"name": "Nursing Council of Kenya (Private Practice)"}, "facility_type": {"name": "Medical Clinic"}, "plot_number": "314b", "operation_status": {"name": "Operational"}, "number_of_beds": 2}, {"code": 20481, "location_desc": null, "official_name": "Akorian Dispensary", "owner": {"name": "Ministry of Health"}, "keph_level": {"name": "Level 2"}, "ward": {"code": 791}, "number_of_cots": 0, "name": "Akorian Dispensary", "created": "2014-08-20T19:44:21.177000+00:00", "regulatory_body": {"name": "Ministry of Health"}, "facility_type": {"name": "Dispensary"}, "plot_number": null, "operation_status": {"name": "Pending Opening"}, "number_of_beds": 0}, {"code": 20482, "location_desc": "Along Nairobi - Embu high way opposite KCB Mwea Branch ", "official_name": "Modesty Outpatient Centre", "owner": {"name": "Private Practice - General Practitioner"}, "keph_level": {"name": "Level 2"}, "ward": {"code": 503}, "number_of_cots": 0, "town": {"name": "wangu'ru town"}, "name": "Modesty Outpatient Centre", "created": "2014-08-25T08:47:59.093000+00:00", "regulatory_body": {"name": "Kenya MPDB - Private Practice"}, "facility_type": {"name": "Medical Clinic"}, "plot_number": "214", "operation_status": {"name": "Pending Opening"}, "number_of_beds": 0}, {"code": 20485, "location_desc": null, "official_name": "Kasoiyo Dispensary", "owner": {"name": "Ministry of Health"}, "keph_level": {"name": "Level 2"}, "ward": {"code": 797}, "number_of_cots": 0, "town": {"name": "kabarnet"}, "name": "Kasoiyo Dispensary", "created": "2014-08-25T17:34:35.293000+00:00", "regulatory_body": {"name": "Ministry of Health"}, "facility_type": {"name": "Dispensary"}, "plot_number": null, "operation_status": {"name": "Operational"}, "number_of_beds": 0}, {"code": 20486, "location_desc": null, "official_name": "Magonoi Dispensary", "owner": {"name": "Ministry of Health"}, "keph_level": {"name": "Level 2"}, "ward": {"code": 793}, "number_of_cots": 0, "town": {"name": "kabarnet"}, "name": "Magonoi Dispensary", "created": "2014-08-25T17:58:03.853000+00:00", "regulatory_body": {"name": "Ministry of Health"}, "facility_type": {"name": "Dispensary"}, "plot_number": null, "operation_status": {"name": "Operational"}, "number_of_beds": 0}, {"code": 20487, "location_desc": null, "official_name": "Orokwo Dispensary", "owner": {"name": "Ministry of Health"}, "keph_level": {"name": "Level 2"}, "ward": {"code": 793}, "number_of_cots": 0, "town": {"name": "kabarnet"}, "name": "Orokwo Dispensary", "created": "2014-08-25T18:08:43.357000+00:00", "regulatory_body": {"name": "Ministry of Health"}, "facility_type": {"name": "Dispensary"}, "plot_number": null, "operation_status": {"name": "Operational"}, "number_of_beds": 0}, {"code": 20488, "location_desc": null, "official_name": "Lelgut Dispensary", "owner": {"name": "Ministry of Health"}, "keph_level": {"name": "Level 2"}, "ward": {"code": 795}, "number_of_cots": 0, "name": "Lelgut Dispensary", "created": "2014-08-25T21:11:57.383000+00:00", "regulatory_body": {"name": "Ministry of Health"}, "facility_type": {"name": "Dispensary"}, "plot_number": null, "operation_status": {"name": "Operational"}, "number_of_beds": 0}, {"code": 20489, "location_desc": "Located Next To Naivas Super Market Hazina", "official_name": "Dessein Health Care", "owner": {"name": "Private Practice - General Practitioner"}, "keph_level": {"name": "Level 2"}, "ward": {"code": 1444}, "number_of_cots": 0, "town": {"name": "hazina shopping complex"}, "name": "Dessein Health Care", "created": "2014-08-27T13:57:44.277000+00:00", "regulatory_body": {"name": "Kenya MPDB - Private Practice"}, "facility_type": {"name": "Medical Clinic"}, "plot_number": null, "operation_status": {"name": "Operational"}, "number_of_beds": 0}, {"code": 20490, "location_desc": "Near Shabaab Market", "official_name": "Glory Medical Reproductive and Youth Friendly Centre", "owner": {"name": "Private Practice - Nurse / Midwife"}, "keph_level": {"name": "Level 2"}, "ward": {"code": 875}, "number_of_cots": 0, "town": {"name": "shabaab market"}, "name": "Glory Medical Reproductive and Youth Friendly Centre", "created": "2014-08-28T11:26:11.380000+00:00", "regulatory_body": {"name": "Nursing Council of Kenya (Private Practice)"}, "facility_type": {"name": "Medical Clinic"}, "plot_number": "2788/shabaab", "operation_status": {"name": "Operational"}, "number_of_beds": 0}, {"code": 20493, "location_desc": null, "official_name": "Makhonge dispensary", "owner": {"name": "Ministry of Health"}, "keph_level": {"name": "Level 2"}, "ward": {"code": 1085}, "number_of_cots": 0, "town": {"name": "chwele"}, "name": "Makhonge dispensary", "created": "2014-09-02T20:54:56.430000+00:00", "regulatory_body": {"name": "Ministry of Health"}, "facility_type": {"name": "Dispensary"}, "plot_number": null, "operation_status": {"name": "Pending Opening"}, "number_of_beds": 0}, {"code": 20494, "location_desc": "BUNGOMA KIMILILI ROAD", "official_name": "Bewa Medical clinic", "owner": {"name": "Private Practice - Nurse / Midwife"}, "keph_level": {"name": "Level 2"}, "ward": {"code": 1085}, "number_of_cots": 0, "town": {"name": "chwele"}, "name": "Bewa Medical clinic", "created": "2014-09-02T21:18:48.563000+00:00", "regulatory_body": {"name": "Nursing Council of Kenya (Private Practice)"}, "facility_type": {"name": "Medical Clinic"}, "plot_number": null, "operation_status": {"name": "Operational"}, "number_of_beds": 0}, {"code": 20495, "location_desc": "ALONG CHWELE KIMILILI ROAD(CHWELE)", "official_name": "Weyeta clinic", "owner": {"name": "Private Practice - Nurse / Midwife"}, "keph_level": {"name": "Level 2"}, "ward": {"code": 1085}, "number_of_cots": 0, "town": {"name": "chwele"}, "name": "Weyeta clinic", "created": "2014-09-02T21:28:56.257000+00:00", "regulatory_body": {"name": "Nursing Council of Kenya (Private Practice)"}, "facility_type": {"name": "Medical Clinic"}, "plot_number": null, "operation_status": {"name": "Operational"}, "number_of_beds": 0}, {"code": 20496, "location_desc": "Located next to the market", "official_name": "Giika Dispensary", "owner": {"name": "Ministry of Health"}, "keph_level": {"name": "Level 2"}, "ward": {"code": 254}, "number_of_cots": 0, "town": {"name": "kaulune market"}, "name": "Giika", "created": "2014-09-04T08:25:58.920000+00:00", "regulatory_body": {"name": "Ministry of Health"}, "facility_type": {"name": "Dispensary"}, "plot_number": null, "operation_status": {"name": "Operational"}, "number_of_beds": 0}, {"code": 20497, "location_desc": null, "official_name": "Ciakathukure Dispensary", "owner": {"name": "Ministry of Health"}, "keph_level": {"name": "Level 2"}, "ward": {"code": 330}, "number_of_cots": 0, "town": {"name": "kamumu"}, "name": "Ciakathukure Dispensary", "created": "2014-09-04T11:31:24.557000+00:00", "regulatory_body": {"name": "Ministry of Health"}, "facility_type": {"name": "Dispensary"}, "plot_number": null, "operation_status": {"name": "Operational"}, "number_of_beds": 0}, {"code": 20498, "location_desc": null, "official_name": "Kiogogo Dispensary", "owner": {"name": "Ministry of Health"}, "keph_level": {"name": "Level 2"}, "ward": {"code": 330}, "number_of_cots": 0, "town": {"name": "ngiiri"}, "name": "Kiogogo Dispensary", "created": "2014-09-04T11:47:56.063000+00:00", "regulatory_body": {"name": "Ministry of Health"}, "facility_type": {"name": "Dispensary"}, "plot_number": null, "operation_status": {"name": "Operational"}, "number_of_beds": 0}, {"code": 20499, "location_desc": null, "official_name": "Kanyangi Dispensary", "owner": {"name": "Ministry of Health"}, "keph_level": {"name": "Level 2"}, "ward": {"code": 330}, "number_of_cots": 0, "town": {"name": "ngiiri"}, "name": "Kanyangi Dispensary", "created": "2014-09-04T12:07:32.330000+00:00", "regulatory_body": {"name": "Ministry of Health"}, "facility_type": {"name": "Dispensary"}, "plot_number": null, "operation_status": {"name": "Operational"}, "number_of_beds": 0}, {"code": 20502, "location_desc": "karurina market", "official_name": "Karurina Dispensary", "owner": {"name": "Ministry of Health"}, "keph_level": {"name": "Level 2"}, "ward": {"code": 315}, "number_of_cots": 0, "town": {"name": "karurina market"}, "name": "Karurina Dispensary", "created": "2014-09-04T17:45:41.693000+00:00", "regulatory_body": {"name": "Ministry of Health"}, "facility_type": {"name": "Dispensary"}, "plot_number": null, "operation_status": {"name": "Operational"}, "number_of_beds": 0}, {"code": 20504, "location_desc": "Situated along Huruma-Kiamaiko Road", "official_name": "Sunrise City Medical Centre", "owner": {"name": "Private Practice - Clinical Officer"}, "keph_level": {"name": "Level 2"}, "ward": {"code": 1450}, "number_of_cots": 0, "town": {"name": "kiamaiko"}, "name": "Sunrise City Medical Centre", "created": "2014-09-04T22:22:30.563000+00:00", "regulatory_body": {"name": "Kenya MPDB - Private Practice"}, "facility_type": {"name": "Medical Clinic"}, "plot_number": "209/7963/263", "operation_status": {"name": "Operational"}, "number_of_beds": 0}, {"code": 20505, "location_desc": "3km off EMBU-MERUhighway at Ena market", "official_name": "Kithunguthia Dispensary", "owner": {"name": "Ministry of Health"}, "keph_level": {"name": "Level 2"}, "ward": {"code": 285}, "number_of_cots": 0, "town": {"name": "kavangua market,ena market"}, "name": "Kithunguthia Dispensary", "created": "2014-09-05T12:00:29.403000+00:00", "regulatory_body": {"name": "Ministry of Health"}, "facility_type": {"name": "Dispensary"}, "plot_number": "na", "operation_status": {"name": "Operational"}, "number_of_beds": 0}, {"code": 20507, "location_desc": null, "official_name": "Ulafu Dispensary", "owner": {"name": "Ministry of Health"}, "keph_level": {"name": "Level 2"}, "ward": {"code": 757}, "number_of_cots": 0, "town": {"name": "ng'iya market"}, "name": "Ulafu Dispensary", "created": "2014-09-05T13:30:12.137000+00:00", "regulatory_body": {"name": "Ministry of Health"}, "facility_type": {"name": "Dispensary"}, "plot_number": null, "operation_status": {"name": "Pending Opening"}, "number_of_beds": 0}, {"code": 20508, "location_desc": "3KM off Kawanjara-Ishiara highway from Ugweri market.", "official_name": "Kanduri Dispensary", "owner": {"name": "Ministry of Health"}, "keph_level": {"name": "Level 2"}, "ward": {"code": 318}, "number_of_cots": 0, "town": {"name": "3km off kawanjara-ishiara highway from ugweri market."}, "name": "Kanduri Dispensary", "created": "2014-09-05T15:07:17.917000+00:00", "regulatory_body": {"name": "Ministry of Health"}, "facility_type": {"name": "Dispensary"}, "plot_number": "na", "operation_status": {"name": "Operational"}, "number_of_beds": 0}, {"code": 20509, "location_desc": null, "official_name": "Kamweli Dispensary", "owner": {"name": "Ministry of Health"}, "keph_level": {"name": "Level 2"}, "ward": {"code": 315}, "number_of_cots": 0, "town": {"name": "mutuombare"}, "name": "Kamweli Dispensary", "created": "2014-09-05T16:20:37.457000+00:00", "regulatory_body": {"name": "Ministry of Health"}, "facility_type": {"name": "Dispensary"}, "plot_number": null, "operation_status": {"name": "Operational"}, "number_of_beds": 0}, {"code": 20510, "location_desc": null, "official_name": "Karurah Dispensary", "owner": {"name": "Ministry of Health"}, "keph_level": {"name": "Level 2"}, "ward": {"code": 314}, "number_of_cots": 0, "town": {"name": "mutuombare"}, "name": "Karurah Dispensary", "created": "2014-09-05T16:34:12.070000+00:00", "regulatory_body": {"name": "Ministry of Health"}, "facility_type": {"name": "Dispensary"}, "plot_number": null, "operation_status": {"name": "Operational"}, "number_of_beds": 0}, {"code": 20511, "location_desc": null, "official_name": "Malikini Dispensary", "owner": {"name": "Ministry of Health"}, "keph_level": {"name": "Level 2"}, "ward": {"code": 314}, "number_of_cots": 0, "town": {"name": "malikini"}, "name": "Malikini Dispensary", "created": "2014-09-05T16:47:03.170000+00:00", "regulatory_body": {"name": "Ministry of Health"}, "facility_type": {"name": "Dispensary"}, "plot_number": null, "operation_status": {"name": "Operational"}, "number_of_beds": 0}, {"code": 20512, "location_desc": null, "official_name": "Manyatta Community Medical Clinic", "owner": {"name": "Private Practice - Clinical Officer"}, "keph_level": {"name": "Level 2"}, "ward": {"code": 1059}, "number_of_cots": 0, "town": {"name": "kondele"}, "name": "Manyatta Community Medical Clinic", "created": "2014-09-08T08:14:48.307000+00:00", "regulatory_body": {"name": "Nursing Council of Kenya (Private Practice)"}, "facility_type": {"name": "Medical Clinic"}, "plot_number": "1678", "operation_status": {"name": "Operational"}, "number_of_beds": 0}, {"code": 20514, "location_desc": "Ruiyebei Next Solai Lake", "official_name": "Ngendaptich Dispensary", "owner": {"name": "Ministry of Health"}, "keph_level": {"name": "Level 2"}, "ward": {"code": 816}, "number_of_cots": 0, "town": {"name": "next ngendaptich primary school next solai lake"}, "name": "Ngendaptich Dispensary", "created": "2014-09-09T23:17:19.303000+00:00", "regulatory_body": {"name": "Ministry of Health"}, "facility_type": {"name": "Dispensary"}, "plot_number": null, "operation_status": {"name": "Operational"}, "number_of_beds": 0}, {"code": 20515, "location_desc": "Located near Khumutibu market opposite Shirotsa primary school", "official_name": "Ebuhala Health Centre", "owner": {"name": "Ministry of Health"}, "keph_level": {"name": "Level 3"}, "ward": {"code": 1039}, "number_of_cots": 4, "town": {"name": "khusikuti"}, "name": "Ebuhala Health Centre", "created": "2014-09-10T16:23:27.003000+00:00", "regulatory_body": {"name": "Ministry of Health"}, "facility_type": {"name": "Health Centre"}, "plot_number": "kisa/ikomero 551", "operation_status": {"name": "Operational"}, "number_of_beds": 8}, {"code": 20516, "location_desc": "Follow the route between Mwihila Girls and Boys High school straight to the facility near Mpeni market", "official_name": "Mundobelwa Health Centre", "owner": {"name": "Ministry of Health"}, "keph_level": {"name": "Level 3"}, "ward": {"code": 1037}, "number_of_cots": 2, "town": {"name": "khwisero market"}, "name": "Mundobelwa Health centre", "created": "2014-09-10T16:33:14.927000+00:00", "regulatory_body": {"name": "Ministry of Health"}, "facility_type": {"name": "Health Centre"}, "plot_number": null, "operation_status": {"name": "Operational"}, "number_of_beds": 4}, {"code": 20519, "location_desc": "Situated along Nyeri-Nyahururu Rd at Gwakungu trading centre next to hot point bar", "official_name": "Fenway Medical Clinic", "owner": {"name": "Private Practice - Nurse / Midwife"}, "keph_level": {"name": "Level 2"}, "ward": {"code": 462}, "number_of_cots": 0, "town": {"name": "gwakungu"}, "name": "Fenway Medical Clinic", "created": "2014-09-11T12:35:23.127000+00:00", "regulatory_body": {"name": "Nursing Council of Kenya (Private Practice)"}, "facility_type": {"name": "Medical Clinic"}, "plot_number": "68", "operation_status": {"name": "Operational"}, "number_of_beds": 0}, {"code": 20522, "location_desc": null, "official_name": "Maikona Gok Dispensary", "owner": {"name": "Ministry of Health"}, "keph_level": {"name": "Level 2"}, "ward": {"code": 1155}, "number_of_cots": 0, "name": "Maikona GOK dispensary(north horr)", "created": "2014-09-13T11:22:50.743000+00:00", "regulatory_body": {"name": "Ministry of Health"}, "facility_type": {"name": "Dispensary"}, "plot_number": null, "operation_status": {"name": "Not-Operational"}, "number_of_beds": 0}, {"code": 20523, "location_desc": null, "official_name": "Tumaini DiCE Kisumu", "owner": {"name": "Non-Governmental Organizations"}, "keph_level": {"name": "Not Classified"}, "ward": {"code": 1058}, "number_of_cots": 0, "town": {"name": "nacelica hotel"}, "name": "Tumaini DiCE Kisumu ", "created": "2014-09-15T08:11:52.247000+00:00", "regulatory_body": {"name": "Kenya MPDB - Institution"}, "facility_type": {"name": "Health Programme"}, "plot_number": null, "operation_status": {"name": "Operational"}, "number_of_beds": 0}, {"code": 20524, "location_desc": null, "official_name": "Absalom Wangulu Dispensary", "owner": {"name": "Ministry of Health"}, "keph_level": {"name": "Level 2"}, "ward": {"code": 1196}, "number_of_cots": 0, "town": {"name": "rabuor"}, "name": "Absalom Wangulu Dispensary", "created": "2014-09-16T07:51:24.723000+00:00", "regulatory_body": {"name": "Ministry of Health"}, "facility_type": {"name": "Dispensary"}, "plot_number": null, "operation_status": {"name": "Operational"}, "number_of_beds": 1}, {"code": 20525, "location_desc": null, "official_name": "kamundugi", "owner": {"name": "Ministry of Health"}, "keph_level": {"name": "Level 2"}, "ward": {"code": 971}, "number_of_cots": 2, "town": {"name": "siongiroi"}, "name": "Kamundugi dispensary", "created": "2014-09-17T16:28:01.933000+00:00", "regulatory_body": {"name": "Ministry of Health"}, "facility_type": {"name": "Dispensary"}, "plot_number": null, "operation_status": {"name": "Operational"}, "number_of_beds": 4}, {"code": 20526, "location_desc": "Near Mkwambani Primary School", "official_name": "R4C Kenya Medical Services", "owner": {"name": "Other Faith Based"}, "keph_level": {"name": "Level 2"}, "ward": {"code": 42}, "number_of_cots": 0, "town": {"name": "mkwambani"}, "name": "R4C Kenya Medical Services", "created": "2014-09-19T12:06:42.187000+00:00", "regulatory_body": {"name": "Clinical Officers Council"}, "facility_type": {"name": "Medical Clinic"}, "plot_number": "897", "operation_status": {"name": "Operational"}, "number_of_beds": 0}, {"code": 20531, "location_desc": null, "official_name": "Koduol Reru Dispensary", "owner": {"name": "Ministry of Health"}, "keph_level": {"name": "Level 2"}, "ward": {"code": 1187}, "number_of_cots": 0, "town": {"name": "rabuor market"}, "name": "Koduol Reru Dispensary", "created": "2014-09-26T17:40:44.963000+00:00", "regulatory_body": {"name": "Ministry of Health"}, "facility_type": {"name": "Dispensary"}, "plot_number": null, "operation_status": {"name": "Operational"}, "number_of_beds": 1}, {"code": 20532, "location_desc": null, "official_name": "New Spring Medical Care", "owner": {"name": "Private Practice - Clinical Officer"}, "keph_level": {"name": "Level 2"}, "ward": {"code": 1188}, "number_of_cots": 0, "town": {"name": "kibuye market-kisumu kakamega road"}, "name": "New Spring Medical Care", "created": "2014-09-26T18:03:34.400000+00:00", "regulatory_body": {"name": "Clinical Officers Council"}, "facility_type": {"name": "Medical Clinic"}, "plot_number": "51593", "operation_status": {"name": "Operational"}, "number_of_beds": 0}, {"code": 20533, "location_desc": "Situated at Mairo-Inya shopping centre ,Nyahururu-Shamata junction next to samax fuel filling station", "official_name": "Globe Medical Centre", "owner": {"name": "Private Practice - General Practitioner"}, "keph_level": {"name": "Level 2"}, "ward": {"code": 857}, "number_of_cots": 0, "town": {"name": "mairo-inya"}, "name": "Globe Medical Centre", "created": "2014-09-27T10:11:55.373000+00:00", "regulatory_body": {"name": "Kenya MPDB - Institution"}, "facility_type": {"name": "Medical Centre"}, "plot_number": "795", "operation_status": {"name": "Operational"}, "number_of_beds": 0}, {"code": 20536, "location_desc": "At Khayega market next to Bullsview stadium", "official_name": "Khayega Medical Clinic", "owner": {"name": "Private Practice - Clinical Officer"}, "keph_level": {"name": "Level 2"}, "ward": {"code": 1044}, "number_of_cots": 1, "town": {"name": "khayega"}, "name": "Khayega Medical Clinic", "created": "2014-09-30T20:34:09.117000+00:00", "regulatory_body": {"name": "Clinical Officers Council"}, "facility_type": {"name": "Medical Clinic"}, "plot_number": "30", "operation_status": {"name": "Operational"}, "number_of_beds": 1}, {"code": 20537, "location_desc": "Next to Shell Petrol Station Kawangware", "official_name": "Miliki Afya Limited", "owner": {"name": "Private Practice - General Practitioner"}, "keph_level": {"name": "Level 2"}, "ward": {"code": 1378}, "number_of_cots": 0, "town": {"name": "youth enpowerment centre building"}, "name": "Miliki Afya Limited", "created": "2014-10-01T10:54:56.660000+00:00", "regulatory_body": {"name": "Kenya MPDB - Private Practice"}, "facility_type": {"name": "Medical Clinic"}, "plot_number": "s/969", "operation_status": {"name": "Operational"}, "number_of_beds": 0}, {"code": 20538, "location_desc": null, "official_name": "Aimon med clinic", "owner": {"name": "Private Practice - Nurse / Midwife"}, "keph_level": {"name": "Level 2"}, "ward": {"code": 1404}, "number_of_cots": 0, "name": "Aimon med clinic", "created": "2014-10-02T15:17:04.397000+00:00", "regulatory_body": {"name": "Kenya MPDB - Private Practice"}, "facility_type": {"name": "Medical Clinic"}, "plot_number": null, "operation_status": {"name": "Operational"}, "number_of_beds": 0}, {"code": 20539, "location_desc": null, "official_name": "Interfelk Medical Centre", "owner": {"name": "Private Enterprise (Institution)"}, "keph_level": {"name": "Not Classified"}, "ward": {"code": 1058}, "number_of_cots": 2, "town": {"name": "kisumu"}, "name": "Interfelk Medical Centre", "created": "2014-10-03T11:22:01.137000+00:00", "regulatory_body": {"name": "Kenya MPDB - Private Practice"}, "facility_type": {"name": "Medical Clinic"}, "plot_number": "2130", "operation_status": {"name": "Operational"}, "number_of_beds": 2}, {"code": 20540, "location_desc": "Situated along Heille sellasie Avenuet-Next to Ngaira Rhodes Dispensary", "official_name": "Technical University of Kenya Student/staff Clinic", "owner": {"name": "Other Public Institution"}, "keph_level": {"name": "Level 2"}, "ward": {"code": 1439}, "number_of_cots": 0, "town": {"name": "situated within nairobi business district"}, "name": "Technical university of Kenya Student/Staff Clinic", "created": "2014-10-04T08:16:07.247000+00:00", "regulatory_body": {"name": "Kenya MPDB - Institution"}, "facility_type": {"name": "Medical Clinic"}, "plot_number": null, "operation_status": {"name": "Operational"}, "number_of_beds": 0}, {"code": 20541, "location_desc": "Located on Mutithi Makutano road at kwa Kima stage", "official_name": "Whiterose Medical Centre", "owner": {"name": "Private Practice - Clinical Officer"}, "keph_level": {"name": "Not Classified"}, "ward": {"code": 496}, "number_of_cots": 30, "town": {"name": "mutithi market"}, "name": "Whiterose Medical Centre", "created": "2014-10-06T09:57:03.830000+00:00", "regulatory_body": {"name": "Kenya MPDB - Institution"}, "facility_type": {"name": "Nursing Home"}, "plot_number": "2749 mwea mutithi scheme", "operation_status": {"name": "Pending Opening"}, "number_of_beds": 30}, {"code": 20542, "location_desc": "opposite Almansurab Restarant next to Equity Bank and Halal Supermarket. ", "official_name": "Toto Medicare", "owner": {"name": "Private Practice - Clinical Officer"}, "keph_level": {"name": "Level 2"}, "ward": {"code": 60}, "number_of_cots": 0, "town": {"name": "mtwapa"}, "name": "Toto Medicare", "created": "2014-10-06T13:19:21.123000+00:00", "regulatory_body": {"name": "Clinical Officers Council"}, "facility_type": {"name": "Medical Clinic"}, "plot_number": "3060/111/m.n", "operation_status": {"name": "Operational"}, "number_of_beds": 1}, {"code": 20543, "location_desc": "1km from mwea slaughter house", "official_name": "Kiarukungu Dispensary", "owner": {"name": "Ministry of Health"}, "keph_level": {"name": "Level 3"}, "ward": {"code": 501}, "number_of_cots": 0, "town": {"name": "ngurubani"}, "name": "Kiarukungu Dispensary", "created": "2014-10-06T16:55:13.487000+00:00", "regulatory_body": {"name": "Ministry of Health"}, "facility_type": {"name": "Health Centre"}, "plot_number": null, "operation_status": {"name": "Operational"}, "number_of_beds": 0}, {"code": 20544, "location_desc": null, "official_name": "matar-arba ", "owner": {"name": "Ministry of Health"}, "keph_level": {"name": "Level 2"}, "ward": {"code": 243}, "number_of_cots": 2, "town": {"name": "riga"}, "name": "matar-arba", "created": "2014-10-06T17:51:36.283000+00:00", "regulatory_body": {"name": "Ministry of Health"}, "facility_type": {"name": "Dispensary"}, "plot_number": null, "operation_status": {"name": "Operational"}, "number_of_beds": 2}, {"code": 20545, "location_desc": "In Nakuru Town Ali Nashir building", "official_name": "Shabab Intergrated Medical Clinic", "owner": {"name": "Private Practice - General Practitioner"}, "keph_level": {"name": "Level 2"}, "ward": {"code": 875}, "number_of_cots": 0, "town": {"name": "in ali nasha building"}, "name": "Shabab Intergrated Medical Clinic", "created": "2014-10-09T10:05:37.910000+00:00", "regulatory_body": {"name": "Kenya MPDB - Private Practice"}, "facility_type": {"name": "Medical Clinic"}, "plot_number": "1131 estae", "operation_status": {"name": "Operational"}, "number_of_beds": 0}, {"code": 20546, "location_desc": null, "official_name": "Ilmotiok Dispensary", "owner": {"name": "Ministry of Health"}, "keph_level": {"name": "Level 2"}, "ward": {"code": 824}, "number_of_cots": 2, "town": {"name": "kimanjo"}, "name": "Ilmotiok Dispensary", "created": "2014-10-09T11:09:03.107000+00:00", "regulatory_body": {"name": "Ministry of Health"}, "facility_type": {"name": "Dispensary"}, "plot_number": null, "operation_status": {"name": "Operational"}, "number_of_beds": 2}, {"code": 20547, "location_desc": null, "official_name": "Ebenezer Reproductive health clinic", "owner": {"name": "Private Enterprise (Institution)"}, "keph_level": {"name": "Level 2"}, "ward": {"code": 898}, "number_of_cots": 0, "name": "Ebenezer Reproductive health clinic", "created": "2014-10-09T14:37:07.977000+00:00", "regulatory_body": {"name": "Kenya MPDB - Private Practice"}, "facility_type": {"name": "Medical Clinic"}, "plot_number": null, "operation_status": {"name": "Operational"}, "number_of_beds": 0}, {"code": 20548, "location_desc": null, "official_name": "Narok Cottage Hospital", "owner": {"name": "Private Enterprise (Institution)"}, "keph_level": {"name": "Level 3"}, "ward": {"code": 897}, "number_of_cots": 0, "name": "Narok Cottage Hospital", "created": "2014-10-09T14:59:57.240000+00:00", "regulatory_body": {"name": "Kenya MPDB - Private Practice"}, "facility_type": {"name": "Other Hospital"}, "plot_number": null, "operation_status": {"name": "Operational"}, "number_of_beds": 0}, {"code": 20549, "location_desc": null, "official_name": "Ebenezer Reproductive health clinic", "owner": {"name": "Private Practice - Nurse / Midwife"}, "keph_level": {"name": "Level 2"}, "ward": {"code": 898}, "number_of_cots": 0, "town": {"name": "township"}, "name": "Ebenezer Reproductive health clinic", "created": "2014-10-10T02:00:49.783000+00:00", "regulatory_body": {"name": "Ministry of Health"}, "facility_type": {"name": "Medical Clinic"}, "plot_number": null, "operation_status": {"name": "Operational"}, "number_of_beds": 0}], "model": "facilities.Facility", "unique_fields": ["code"]}]