[{"records": [{"code": 20551, "location_desc": "At Gatehouse", "official_name": "Dr Osore's Clinic", "owner": {"name": "Private Practice - Medical Specialist"}, "keph_level": {"name": "Level 2"}, "ward": {"code": 871}, "number_of_cots": 0, "town": {"name": "gate house mburu gichua road"}, "name": "Dr Osore's Clinic", "created": "2014-10-10T11:42:08.123000+00:00", "regulatory_body": {"name": "Kenya MPDB - Private Practice"}, "facility_type": {"name": "Medical Clinic"}, "plot_number": "9/8", "operation_status": {"name": "Operational"}, "number_of_beds": 0}, {"code": 19535, "location_desc": "Near 4 w stage", "official_name": "Rapha Medical Clinic", "owner": {"name": "Private Practice - General Practitioner"}, "keph_level": {"name": "Level 2"}, "ward": {"code": 1378}, "number_of_cots": 0, "town": {"name": "near 4 w stage"}, "name": "Rapha Medical Clinic", "created": "2013-05-05T14:32:56.370000+00:00", "regulatory_body": {"name": "Nursing Council of Kenya (Private Practice)"}, "facility_type": {"name": "Medical Clinic"}, "plot_number": null, "operation_status": {"name": "Operational"}, "number_of_beds": 0}, {"code": 19536, "location_desc": null, "official_name": "Kangemi Gichagi Dispensary", "owner": {"name": "Private Practice - Clinical Officer"}, "keph_level": {"name": "Level 2"}, "ward": {"code": 1370}, "number_of_cots": 0, "name": "Kangemi Gichagi Dispensary", "created": "2013-05-05T14:35:07.100000+00:00", "regulatory_body": {"name": "Clinical Officers Council"}, "facility_type": {"name": "Dispensary"}, "plot_number": null, "operation_status": {"name": "Operational"}, "number_of_beds": 0}, {"code": 19537, "location_desc": null, "official_name": "Bridgeway clinic", "owner": {"name": "Private Practice - Medical Specialist"}, "keph_level": {"name": "Level 2"}, "ward": {"code": 1370}, "number_of_cots": 0, "name": "Bridgeway Clinic", "created": "2013-05-05T14:39:22.907000+00:00", "regulatory_body": {"name": "Kenya MPDB - Institution"}, "facility_type": {"name": "Medical Clinic"}, "plot_number": null, "operation_status": {"name": "Operational"}, "number_of_beds": 0}, {"code": 19538, "location_desc": null, "official_name": "Gitanga Medical Centre", "owner": {"name": "Private Enterprise (Institution)"}, "keph_level": {"name": "Level 2"}, "ward": {"code": 1379}, "number_of_cots": 0, "name": "Gitanga Medical Centre", "created": "2013-05-05T14:39:30.630000+00:00", "regulatory_body": {"name": "Kenya MPDB - Private Practice"}, "facility_type": {"name": "Dispensary"}, "plot_number": null, "operation_status": {"name": "Operational"}, "number_of_beds": 0}, {"code": 19539, "location_desc": null, "official_name": "Focus Outreach Medical Missin", "owner": {"name": "Private Practice - Clinical Officer"}, "keph_level": {"name": "Level 2"}, "ward": {"code": 1369}, "number_of_cots": 0, "name": "Focus Outreach Medical Mission", "created": "2013-05-05T14:42:16.693000+00:00", "regulatory_body": {"name": "Clinical Officers Council"}, "facility_type": {"name": "Medical Clinic"}, "plot_number": null, "operation_status": {"name": "Operational"}, "number_of_beds": 0}, {"code": 19540, "location_desc": "Nakuttmat Lifestyle", "official_name": "Pharma Health Care", "owner": {"name": "Private Practice - Unspecified"}, "keph_level": {"name": "Level 2"}, "ward": {"code": 1439}, "number_of_cots": 0, "town": {"name": "city market"}, "name": "Pharmat Health Care", "created": "2013-05-05T14:44:11.917000+00:00", "regulatory_body": {"name": "Kenya MPDB - Private Practice"}, "facility_type": {"name": "Dental Clinic"}, "plot_number": null, "operation_status": {"name": "Operational"}, "number_of_beds": 0}, {"code": 19541, "location_desc": "Along racecourse Rd", "official_name": "Kaka Medical centre", "owner": {"name": "Private Practice - General Practitioner"}, "keph_level": {"name": "Level 2"}, "ward": {"code": 1439}, "number_of_cots": 0, "town": {"name": "wakulima market"}, "name": "Kaka Medical Centre (Race Course Rd)", "created": "2013-05-05T14:45:38.293000+00:00", "regulatory_body": {"name": "Kenya MPDB - Private Practice"}, "facility_type": {"name": "Medical Clinic"}, "plot_number": null, "operation_status": {"name": "Operational"}, "number_of_beds": 0}, {"code": 19542, "location_desc": "Near chief's Camp", "official_name": "Maisha Poa Dispensary", "owner": {"name": "Private Practice - General Practitioner"}, "keph_level": {"name": "Level 2"}, "ward": {"code": 1378}, "number_of_cots": 0, "town": {"name": "near chief's camp"}, "name": "Maisha Poa Dispensary", "created": "2013-05-05T14:46:08.480000+00:00", "regulatory_body": {"name": "Nursing Council of Kenya (Private Practice)"}, "facility_type": {"name": "Medical Clinic"}, "plot_number": null, "operation_status": {"name": "Operational"}, "number_of_beds": 0}, {"code": 19543, "location_desc": null, "official_name": "The mater Hospital", "owner": {"name": "Private Practice - General Practitioner"}, "keph_level": {"name": "Level 2"}, "ward": {"code": 1374}, "number_of_cots": 0, "name": "The Mater Hospital (Westlands)", "created": "2013-05-05T14:49:32.073000+00:00", "regulatory_body": {"name": "Kenya MPDB - Institution"}, "facility_type": {"name": "Medical Clinic"}, "plot_number": null, "operation_status": {"name": "Operational"}, "number_of_beds": 0}, {"code": 19544, "location_desc": null, "official_name": "Rimaal medical laboratory", "owner": {"name": "Private Practice - Unspecified"}, "keph_level": {"name": "Level 2"}, "ward": {"code": 1439}, "number_of_cots": 0, "town": {"name": "city market"}, "name": "Rimaal Medical Laboratory", "created": "2013-05-05T14:51:32.773000+00:00", "regulatory_body": {"name": "Kenya Medical Laboratory, Tech & Technologists Board"}, "facility_type": {"name": "Laboratory (Stand-alone)"}, "plot_number": null, "operation_status": {"name": "Operational"}, "number_of_beds": 0}, {"code": 19545, "location_desc": "CBD", "official_name": "Damic Dental X-Ray Services", "owner": {"name": "Private Practice - Unspecified"}, "keph_level": {"name": "Level 2"}, "ward": {"code": 1439}, "number_of_cots": 0, "town": {"name": "city market"}, "name": "Damic Dental X-Ray Services", "created": "2013-05-05T14:54:23.737000+00:00", "regulatory_body": {"name": "Kenya MPDB - Private Practice"}, "facility_type": {"name": "Dental Clinic"}, "plot_number": null, "operation_status": {"name": "Operational"}, "number_of_beds": 0}, {"code": 19546, "location_desc": null, "official_name": "Meridian Medical Centre(Westlands)", "owner": {"name": "Private Practice - General Practitioner"}, "keph_level": {"name": "Level 2"}, "ward": {"code": 1374}, "number_of_cots": 0, "name": "Meridian Medical Centre", "created": "2013-05-05T14:56:19.937000+00:00", "regulatory_body": {"name": "Kenya MPDB - Institution"}, "facility_type": {"name": "Medical Clinic"}, "plot_number": null, "operation_status": {"name": "Operational"}, "number_of_beds": 0}, {"code": 19547, "location_desc": null, "official_name": "Srisathya Sai Medical Clinic", "owner": {"name": "Private Enterprise (Institution)"}, "keph_level": {"name": "Level 2"}, "ward": {"code": 1374}, "number_of_cots": 1, "name": "Srisathya Sai Medical Clinic", "created": "2013-05-05T15:01:46.070000+00:00", "regulatory_body": {"name": "Kenya MPDB - Institution"}, "facility_type": {"name": "Medical Clinic"}, "plot_number": null, "operation_status": {"name": "Operational"}, "number_of_beds": 3}, {"code": 19548, "location_desc": "Located along Harambee Avenue", "official_name": "Jesus Is Alive Dental Clinic(Nairobi)", "owner": {"name": "Private Practice - Unspecified"}, "keph_level": {"name": "Level 2"}, "ward": {"code": 1439}, "number_of_cots": 0, "town": {"name": "city market"}, "name": "Jesus Is Alive Dental Clinic (Nairobi)", "created": "2013-05-05T15:05:13.893000+00:00", "regulatory_body": {"name": "Kenya Medical Laboratory, Tech & Technologists Board"}, "facility_type": {"name": "Dental Clinic"}, "plot_number": null, "operation_status": {"name": "Operational"}, "number_of_beds": 0}, {"code": 19549, "location_desc": null, "official_name": "Dr Adbda F Khan", "owner": {"name": "Private Practice - General Practitioner"}, "keph_level": {"name": "Level 2"}, "ward": {"code": 1367}, "number_of_cots": 0, "name": "Dr Adbda F Khan", "created": "2013-05-05T15:05:23.987000+00:00", "regulatory_body": {"name": "Kenya MPDB - Institution"}, "facility_type": {"name": "Medical Clinic"}, "plot_number": null, "operation_status": {"name": "Operational"}, "number_of_beds": 0}, {"code": 19550, "location_desc": "Penson Towers.Mezz.Flr)", "official_name": "Meridian Medical Centre", "owner": {"name": "Private Practice - General Practitioner"}, "keph_level": {"name": "Level 2"}, "ward": {"code": 1439}, "number_of_cots": 0, "town": {"name": "cbd"}, "name": "Meridian Medical Centre (Penson Towers)", "created": "2013-05-05T15:06:05.093000+00:00", "regulatory_body": {"name": "Kenya MPDB - Private Practice"}, "facility_type": {"name": "Medical Clinic"}, "plot_number": null, "operation_status": {"name": "Operational"}, "number_of_beds": 0}, {"code": 19551, "location_desc": null, "official_name": "Afya Bora Medical Clinic ", "owner": {"name": "Private Enterprise (Institution)"}, "keph_level": {"name": "Level 2"}, "ward": {"code": 1369}, "number_of_cots": 0, "name": "Afya Bora Medical Clinic (Westlands)", "created": "2013-05-05T15:06:51.957000+00:00", "regulatory_body": {"name": "Kenya MPDB - Private Practice"}, "facility_type": {"name": "Medical Clinic"}, "plot_number": null, "operation_status": {"name": "Operational"}, "number_of_beds": 1}, {"code": 19552, "location_desc": null, "official_name": "Smiles Medical Centre", "owner": {"name": "Private Enterprise (Institution)"}, "keph_level": {"name": "Level 2"}, "ward": {"code": 1370}, "number_of_cots": 0, "name": "Smiles Medical Centre", "created": "2013-05-05T15:11:08.043000+00:00", "regulatory_body": {"name": "Kenya MPDB - Institution"}, "facility_type": {"name": "Medical Clinic"}, "plot_number": null, "operation_status": {"name": "Operational"}, "number_of_beds": 0}, {"code": 19553, "location_desc": "Located wakulima Mkt(Ronald Ngara Steet)", "official_name": "Tusker dental Services", "owner": {"name": "Private Practice - Unspecified"}, "keph_level": {"name": "Level 2"}, "ward": {"code": 1439}, "number_of_cots": 0, "town": {"name": "wa"}, "name": "Tusker Dental Laboratory Services & Laboratory", "created": "2013-05-05T15:12:47.963000+00:00", "regulatory_body": {"name": "Kenya Medical Laboratory, Tech & Technologists Board"}, "facility_type": {"name": "Dental Clinic"}, "plot_number": null, "operation_status": {"name": "Operational"}, "number_of_beds": 0}, {"code": 19554, "location_desc": null, "official_name": "Maichoma Clinic", "owner": {"name": "Private Practice - General Practitioner"}, "keph_level": {"name": "Level 2"}, "ward": {"code": 1370}, "number_of_cots": 0, "name": "Maichoma Clinic", "created": "2013-05-05T15:13:19.353000+00:00", "regulatory_body": {"name": "Clinical Officers Council"}, "facility_type": {"name": "Medical Clinic"}, "plot_number": null, "operation_status": {"name": "Operational"}, "number_of_beds": 0}, {"code": 19555, "location_desc": "Ronald Ngara", "official_name": "Tusker House Medical Centre", "owner": {"name": "Private Practice - General Practitioner"}, "keph_level": {"name": "Level 2"}, "ward": {"code": 1439}, "number_of_cots": 0, "town": {"name": "cbd"}, "name": "Tusker House Medical Centre", "created": "2013-05-05T15:13:50.160000+00:00", "regulatory_body": {"name": "Kenya MPDB - Private Practice"}, "facility_type": {"name": "Medical Clinic"}, "plot_number": null, "operation_status": {"name": "Operational"}, "number_of_beds": 0}, {"code": 19557, "location_desc": null, "official_name": "Bafana Medical Centre", "owner": {"name": "Private Enterprise (Institution)"}, "keph_level": {"name": "Level 2"}, "ward": {"code": 1369}, "number_of_cots": 2, "name": "Bafana Medical Centre", "created": "2013-05-05T15:16:52.993000+00:00", "regulatory_body": {"name": "Kenya MPDB - Institution"}, "facility_type": {"name": "Medical Clinic"}, "plot_number": null, "operation_status": {"name": "Operational"}, "number_of_beds": 0}, {"code": 19558, "location_desc": null, "official_name": "Dr D I Patel", "owner": {"name": "Private Practice - Medical Specialist"}, "keph_level": {"name": "Level 2"}, "ward": {"code": 1367}, "number_of_cots": 0, "name": "Dr D I Patel", "created": "2013-05-05T15:18:04.240000+00:00", "regulatory_body": {"name": "Kenya MPDB - Institution"}, "facility_type": {"name": "Medical Clinic"}, "plot_number": null, "operation_status": {"name": "Operational"}, "number_of_beds": 0}, {"code": 19559, "location_desc": "Loita street", "official_name": "DR.Ashwin Clinic", "owner": {"name": "Private Practice - General Practitioner"}, "keph_level": {"name": "Level 2"}, "ward": {"code": 1439}, "number_of_cots": 0, "town": {"name": "cbd"}, "name": "Dr Ashwin Clinic", "created": "2013-05-05T15:19:30.620000+00:00", "regulatory_body": {"name": "Kenya MPDB - Private Practice"}, "facility_type": {"name": "Medical Clinic"}, "plot_number": null, "operation_status": {"name": "Operational"}, "number_of_beds": 0}, {"code": 19560, "location_desc": "Located along Haille Selassie ", "official_name": "Artisan Dental laboratory", "owner": {"name": "Private Practice - Unspecified"}, "keph_level": {"name": "Level 2"}, "ward": {"code": 1439}, "number_of_cots": 0, "town": {"name": "wakulima market"}, "name": "Artisan Dental Laboratory (Nairobi)", "created": "2013-05-05T15:22:06.320000+00:00", "regulatory_body": {"name": "Kenya Medical Laboratory, Tech & Technologists Board"}, "facility_type": {"name": "Laboratory (Stand-alone)"}, "plot_number": null, "operation_status": {"name": "Operational"}, "number_of_beds": 0}, {"code": 19561, "location_desc": null, "official_name": "Bodaki Health Centre", "owner": {"name": "Private Practice - Medical Specialist"}, "keph_level": {"name": "Level 3"}, "ward": {"code": 1369}, "number_of_cots": 0, "name": "Bodaki Health Centre", "created": "2013-05-05T15:22:47.413000+00:00", "regulatory_body": {"name": "Kenya MPDB - Institution"}, "facility_type": {"name": "Health Centre"}, "plot_number": null, "operation_status": {"name": "Operational"}, "number_of_beds": 0}, {"code": 19562, "location_desc": null, "official_name": "Abraham Memorial Nursing Home", "owner": {"name": "Private Enterprise (Institution)"}, "keph_level": {"name": "Level 3"}, "ward": {"code": 1369}, "number_of_cots": 1, "name": "Abraham Memorial Nursing Home (Westlands)", "created": "2013-05-05T15:26:11.397000+00:00", "regulatory_body": {"name": "Kenya MPDB - Institution"}, "facility_type": {"name": "Maternity Home"}, "plot_number": null, "operation_status": {"name": "Operational"}, "number_of_beds": 6}, {"code": 19563, "location_desc": null, "official_name": "Dr Henry Abwao", "owner": {"name": "Private Practice - Medical Specialist"}, "keph_level": {"name": "Level 2"}, "ward": {"code": 1367}, "number_of_cots": 0, "name": "Dr Henry Abwao", "created": "2013-05-05T15:31:48.437000+00:00", "regulatory_body": {"name": "Other"}, "facility_type": {"name": "Medical Clinic"}, "plot_number": null, "operation_status": {"name": "Operational"}, "number_of_beds": 0}, {"code": 19564, "location_desc": "Kimathi Street", "official_name": "DR.David Chewe Clinic", "owner": {"name": "Private Practice - Medical Specialist"}, "keph_level": {"name": "Level 2"}, "ward": {"code": 1439}, "number_of_cots": 0, "town": {"name": "city market"}, "name": "Dr David Chew Clinic", "created": "2013-05-05T15:35:39.847000+00:00", "regulatory_body": {"name": "Kenya MPDB - Private Practice"}, "facility_type": {"name": "Medical Clinic"}, "plot_number": null, "operation_status": {"name": "Operational"}, "number_of_beds": 0}, {"code": 19565, "location_desc": null, "official_name": "Dr Eliud Njuguna", "owner": {"name": "Private Practice - Medical Specialist"}, "keph_level": {"name": "Level 2"}, "ward": {"code": 1367}, "number_of_cots": 0, "name": "Dr Eliud Njuguna (Parklands)", "created": "2013-05-05T15:38:35.487000+00:00", "regulatory_body": {"name": "Kenya MPDB - Institution"}, "facility_type": {"name": "Medical Clinic"}, "plot_number": null, "operation_status": {"name": "Operational"}, "number_of_beds": 0}, {"code": 19566, "location_desc": "Hazina Towers", "official_name": "Hazina Medical Clinic", "owner": {"name": "Private Practice - Medical Specialist"}, "keph_level": {"name": "Level 2"}, "ward": {"code": 1439}, "number_of_cots": 0, "town": {"name": "city market"}, "name": "Hazina Medical Clinic", "created": "2013-05-05T15:40:52.690000+00:00", "regulatory_body": {"name": "Kenya MPDB - Private Practice"}, "facility_type": {"name": "Medical Clinic"}, "plot_number": null, "operation_status": {"name": "Operational"}, "number_of_beds": 0}, {"code": 19567, "location_desc": null, "official_name": "Dr Gichuru Mwangi", "owner": {"name": "Private Practice - Medical Specialist"}, "keph_level": {"name": "Level 2"}, "ward": {"code": 1367}, "number_of_cots": 0, "name": "Dr Gichuru Mwangi", "created": "2013-05-05T15:42:56.493000+00:00", "regulatory_body": {"name": "Kenya MPDB - Institution"}, "facility_type": {"name": "Medical Clinic"}, "plot_number": null, "operation_status": {"name": "Operational"}, "number_of_beds": 0}, {"code": 19568, "location_desc": "Situated along Accra Rd", "official_name": "Dr. Kishor J.D. Medical centre", "owner": {"name": "Private Practice - General Practitioner"}, "keph_level": {"name": "Level 2"}, "ward": {"code": 1439}, "number_of_cots": 0, "town": {"name": "city market"}, "name": "Dr Kishor J D Medical Centre", "created": "2013-05-05T15:43:19.580000+00:00", "regulatory_body": {"name": "Kenya MPDB - Private Practice"}, "facility_type": {"name": "Medical Clinic"}, "plot_number": null, "operation_status": {"name": "Operational"}, "number_of_beds": 0}, {"code": 19569, "location_desc": null, "official_name": "Dr.Ngatia Dental Clinic", "owner": {"name": "Private Practice - Unspecified"}, "keph_level": {"name": "Level 2"}, "ward": {"code": 1439}, "number_of_cots": 0, "town": {"name": "city market"}, "name": "Dr Ngathia Dental Clinic", "created": "2013-05-05T15:47:01.617000+00:00", "regulatory_body": {"name": "Kenya MPDB - Private Practice"}, "facility_type": {"name": "Dental Clinic"}, "plot_number": null, "operation_status": {"name": "Operational"}, "number_of_beds": 0}, {"code": 19570, "location_desc": null, "official_name": "Dr Prayerful Patel", "owner": {"name": "Private Practice - Medical Specialist"}, "keph_level": {"name": "Level 2"}, "ward": {"code": 1368}, "number_of_cots": 0, "name": "Dr Prayerful Patel", "created": "2013-05-05T15:47:32.783000+00:00", "regulatory_body": {"name": "Kenya MPDB - Private Practice"}, "facility_type": {"name": "Medical Clinic"}, "plot_number": null, "operation_status": {"name": "Operational"}, "number_of_beds": 0}, {"code": 19571, "location_desc": "Located in CBD", "official_name": "Dr. Stephen Macharia Medical Clinic", "owner": {"name": "Private Practice - General Practitioner"}, "keph_level": {"name": "Level 2"}, "ward": {"code": 1439}, "number_of_cots": 0, "town": {"name": "city market"}, "name": "Dr Stephen Macharia Medical Clinic", "created": "2013-05-05T15:50:41.843000+00:00", "regulatory_body": {"name": "Kenya MPDB - Private Practice"}, "facility_type": {"name": "Medical Clinic"}, "plot_number": null, "operation_status": {"name": "Operational"}, "number_of_beds": 0}, {"code": 19572, "location_desc": "Utalii street", "official_name": "Eye Clinic(Nairobi)", "owner": {"name": "Private Practice - Unspecified"}, "keph_level": {"name": "Level 2"}, "ward": {"code": 1439}, "number_of_cots": 0, "town": {"name": "city market"}, "name": "Eyeclinic (Nairobi)", "created": "2013-05-05T15:55:20.380000+00:00", "regulatory_body": {"name": "Kenya MPDB - Private Practice"}, "facility_type": {"name": "Eye Clinic"}, "plot_number": null, "operation_status": {"name": "Operational"}, "number_of_beds": 0}, {"code": 19573, "location_desc": null, "official_name": "Dr Maroo", "owner": {"name": "Private Practice - General Practitioner"}, "keph_level": {"name": "Level 2"}, "ward": {"code": 1368}, "number_of_cots": 0, "name": "Dr Maroo", "created": "2013-05-05T15:56:26.370000+00:00", "regulatory_body": {"name": "Kenya MPDB - Institution"}, "facility_type": {"name": "Medical Clinic"}, "plot_number": null, "operation_status": {"name": "Operational"}, "number_of_beds": 0}, {"code": 19574, "location_desc": null, "official_name": "Imenti Medical Centre", "owner": {"name": "Private Practice - Unspecified"}, "keph_level": {"name": "Level 2"}, "ward": {"code": 1439}, "number_of_cots": 0, "town": {"name": "city market"}, "name": "Imenti Medical Centre", "created": "2013-05-05T15:58:08.670000+00:00", "regulatory_body": {"name": "Kenya MPDB - Private Practice"}, "facility_type": {"name": "Medical Clinic"}, "plot_number": null, "operation_status": {"name": "Operational"}, "number_of_beds": 0}, {"code": 19575, "location_desc": null, "official_name": "Dr D M Githegi", "owner": {"name": "Private Practice - General Practitioner"}, "keph_level": {"name": "Level 2"}, "ward": {"code": 1368}, "number_of_cots": 0, "name": "Dr D M Githegi", "created": "2013-05-05T15:59:36.080000+00:00", "regulatory_body": {"name": "Kenya MPDB - Private Practice"}, "facility_type": {"name": "Medical Clinic"}, "plot_number": null, "operation_status": {"name": "Operational"}, "number_of_beds": 0}, {"code": 19576, "location_desc": "Moi Avenue", "official_name": "DR.Rosaline Thara Dental Clinic", "owner": {"name": "Private Practice - Unspecified"}, "keph_level": {"name": "Level 2"}, "ward": {"code": 1439}, "number_of_cots": 0, "town": {"name": "city market"}, "name": "Dr Rosaline Thara Dental Clinic", "created": "2013-05-05T16:01:42.753000+00:00", "regulatory_body": {"name": "Kenya MPDB - Private Practice"}, "facility_type": {"name": "Dental Clinic"}, "plot_number": null, "operation_status": {"name": "Operational"}, "number_of_beds": 0}, {"code": 19577, "location_desc": null, "official_name": "Dr Chimney Olende", "owner": {"name": "Private Practice - General Practitioner"}, "keph_level": {"name": "Level 2"}, "ward": {"code": 1368}, "number_of_cots": 0, "name": "Dr Chimney Olende", "created": "2013-05-05T16:05:03.633000+00:00", "regulatory_body": {"name": "Kenya MPDB - Institution"}, "facility_type": {"name": "Medical Clinic"}, "plot_number": null, "operation_status": {"name": "Operational"}, "number_of_beds": 0}, {"code": 19578, "location_desc": "CBD", "official_name": "Central Medical Clinic", "owner": {"name": "Private Practice - General Practitioner"}, "keph_level": {"name": "Level 2"}, "ward": {"code": 1414}, "number_of_cots": 0, "town": {"name": "city market"}, "name": "Central Medical Clinic (Nairobi)", "created": "2013-05-05T16:08:59.833000+00:00", "regulatory_body": {"name": "Kenya MPDB - Private Practice"}, "facility_type": {"name": "Medical Clinic"}, "plot_number": null, "operation_status": {"name": "Operational"}, "number_of_beds": 0}, {"code": 19579, "location_desc": null, "official_name": "Dr SC Patel", "owner": {"name": "Private Practice - General Practitioner"}, "keph_level": {"name": "Level 2"}, "ward": {"code": 1368}, "number_of_cots": 0, "name": "Dr Sc Patel", "created": "2013-05-05T16:09:44.667000+00:00", "regulatory_body": {"name": "Kenya MPDB - Institution"}, "facility_type": {"name": "Medical Clinic"}, "plot_number": null, "operation_status": {"name": "Operational"}, "number_of_beds": 0}, {"code": 19580, "location_desc": null, "official_name": "Nairobi Eye Associates", "owner": {"name": "Private Practice - Unspecified"}, "keph_level": {"name": "Level 2"}, "ward": {"code": 1439}, "number_of_cots": 0, "town": {"name": "city market"}, "name": "Nairobi Eye Associates", "created": "2013-05-05T16:11:24.197000+00:00", "regulatory_body": {"name": "Other"}, "facility_type": {"name": "Eye Centre"}, "plot_number": null, "operation_status": {"name": "Operational"}, "number_of_beds": 0}, {"code": 19581, "location_desc": null, "official_name": "Dr Ahmed Parker", "owner": {"name": "Private Practice - General Practitioner"}, "keph_level": {"name": "Level 2"}, "ward": {"code": 1368}, "number_of_cots": 0, "name": "Dr Ahmed Parker", "created": "2013-05-05T16:12:54.333000+00:00", "regulatory_body": {"name": "Kenya MPDB - Private Practice"}, "facility_type": {"name": "Medical Clinic"}, "plot_number": null, "operation_status": {"name": "Operational"}, "number_of_beds": 0}, {"code": 19582, "location_desc": "CBD", "official_name": "Health Matters Medical Centre", "owner": {"name": "Private Practice - General Practitioner"}, "keph_level": {"name": "Level 2"}, "ward": {"code": 1439}, "number_of_cots": 0, "town": {"name": "city market"}, "name": "Health Matters Medical Centre", "created": "2013-05-05T16:14:18.760000+00:00", "regulatory_body": {"name": "Kenya MPDB - Private Practice"}, "facility_type": {"name": "Medical Clinic"}, "plot_number": null, "operation_status": {"name": "Operational"}, "number_of_beds": 0}, {"code": 19583, "location_desc": null, "official_name": "DR Sajay", "owner": {"name": "Private Enterprise (Institution)"}, "keph_level": {"name": "Level 2"}, "ward": {"code": 1368}, "number_of_cots": 2, "name": "Dr Sajay", "created": "2013-05-05T16:15:38.197000+00:00", "regulatory_body": {"name": "Kenya MPDB - Private Practice"}, "facility_type": {"name": "Medical Clinic"}, "plot_number": null, "operation_status": {"name": "Operational"}, "number_of_beds": 1}, {"code": 19584, "location_desc": null, "official_name": "Dr.Asmeeta Patel", "owner": {"name": "Private Practice - Medical Specialist"}, "keph_level": {"name": "Level 2"}, "ward": {"code": 1368}, "number_of_cots": 0, "name": "Dr Asmeeta Patel", "created": "2013-05-05T16:45:50.440000+00:00", "regulatory_body": {"name": "Kenya MPDB - Institution"}, "facility_type": {"name": "Medical Clinic"}, "plot_number": null, "operation_status": {"name": "Operational"}, "number_of_beds": 0}, {"code": 19585, "location_desc": null, "official_name": "Dr Bimal Nyanjik", "owner": {"name": "Private Practice - Medical Specialist"}, "keph_level": {"name": "Level 2"}, "ward": {"code": 1368}, "number_of_cots": 0, "name": "Dr Bimal Nyajnik", "created": "2013-05-05T16:55:22.677000+00:00", "regulatory_body": {"name": "Kenya MPDB - Private Practice"}, "facility_type": {"name": "Medical Clinic"}, "plot_number": null, "operation_status": {"name": "Operational"}, "number_of_beds": 0}, {"code": 19586, "location_desc": null, "official_name": "Dr Giddie", "owner": {"name": "Private Practice - General Practitioner"}, "keph_level": {"name": "Level 2"}, "ward": {"code": 1368}, "number_of_cots": 0, "name": "Dr Giddie", "created": "2013-05-05T17:01:48.403000+00:00", "regulatory_body": {"name": "Kenya MPDB - Institution"}, "facility_type": {"name": "Medical Clinic"}, "plot_number": null, "operation_status": {"name": "Operational"}, "number_of_beds": 0}, {"code": 19587, "location_desc": null, "official_name": "Dr.M.B Pancholi", "owner": {"name": "Private Practice - Medical Specialist"}, "keph_level": {"name": "Level 2"}, "ward": {"code": 1368}, "number_of_cots": 0, "name": "Dr M B Pancholi", "created": "2013-05-05T17:06:30.517000+00:00", "regulatory_body": {"name": "Kenya MPDB - Private Practice"}, "facility_type": {"name": "Medical Clinic"}, "plot_number": null, "operation_status": {"name": "Operational"}, "number_of_beds": 0}, {"code": 19588, "location_desc": null, "official_name": "Dr Fatema", "owner": {"name": "Private Practice - General Practitioner"}, "keph_level": {"name": "Level 2"}, "ward": {"code": 1367}, "number_of_cots": 0, "name": "Dr Fatema", "created": "2013-05-05T17:10:57.667000+00:00", "regulatory_body": {"name": "Kenya MPDB - Private Practice"}, "facility_type": {"name": "Medical Clinic"}, "plot_number": null, "operation_status": {"name": "Operational"}, "number_of_beds": 0}, {"code": 19589, "location_desc": null, "official_name": "Chiromo Medical Centrer", "owner": {"name": "Private Enterprise (Institution)"}, "keph_level": {"name": "Level 2"}, "ward": {"code": 1367}, "number_of_cots": 5, "name": "Chiromo Medical Centre", "created": "2013-05-05T17:21:19.797000+00:00", "regulatory_body": {"name": "Kenya MPDB - Institution"}, "facility_type": {"name": "Medical Clinic"}, "plot_number": null, "operation_status": {"name": "Operational"}, "number_of_beds": 5}, {"code": 19590, "location_desc": null, "official_name": "Kapkara Dispensary", "owner": {"name": "Ministry of Health"}, "keph_level": {"name": "Level 2"}, "ward": {"code": 964}, "number_of_cots": 0, "town": {"name": "kipsitet"}, "name": "Kapkara Dispensary", "created": "2013-05-06T08:53:07.790000+00:00", "regulatory_body": {"name": "Ministry of Health"}, "facility_type": {"name": "Dispensary"}, "plot_number": null, "operation_status": {"name": "Operational"}, "number_of_beds": 0}, {"code": 19591, "location_desc": null, "official_name": "Kipsitet Baptist Dispensary", "owner": {"name": "Other Faith Based"}, "keph_level": {"name": "Level 2"}, "ward": {"code": 965}, "number_of_cots": 0, "town": {"name": "kipsitet"}, "name": "Kipsitet Baptist Dispensary", "created": "2013-05-06T09:20:01.723000+00:00", "regulatory_body": {"name": "Other"}, "facility_type": {"name": "Dispensary"}, "plot_number": null, "operation_status": {"name": "Operational"}, "number_of_beds": 0}, {"code": 19592, "location_desc": "Near Barnarbas centre", "official_name": "New Canaan IDP Dispensary", "owner": {"name": "Ministry of Health"}, "keph_level": {"name": "Level 2"}, "ward": {"code": 846}, "number_of_cots": 0, "town": {"name": "near pipeline or barnabas"}, "name": "New Canaan Idp Dispensary", "created": "2013-05-06T10:12:19.043000+00:00", "regulatory_body": {"name": "Ministry of Health"}, "facility_type": {"name": "Dispensary"}, "plot_number": "397", "operation_status": {"name": "Operational"}, "number_of_beds": 0}, {"code": 19594, "location_desc": "IN Mtaro Coffee Estate. Accessible from Juja town off Thika Superhighway", "official_name": "Mtaro Estate Dispensary and Family Planning", "owner": {"name": "Non-Governmental Organizations"}, "keph_level": {"name": "Level 2"}, "ward": {"code": 561}, "number_of_cots": 0, "town": {"name": "juja"}, "name": "Mtaro Estate Dispensary and Family Planning", "created": "2013-05-06T11:02:54+00:00", "regulatory_body": {"name": "Kenya MPDB - Institution"}, "facility_type": {"name": "Dispensary"}, "plot_number": null, "operation_status": {"name": "Operational"}, "number_of_beds": 0}, {"code": 19595, "location_desc": "Located within Kiawakara village near Kiawakara chief's office", "official_name": "Kiawakara Dispensary", "owner": {"name": "Ministry of Health"}, "keph_level": {"name": "Level 2"}, "ward": {"code": 515}, "number_of_cots": 0, "town": {"name": "kiawakara village"}, "name": "Kiawakara Dispensary", "created": "2013-05-06T12:39:01.270000+00:00", "regulatory_body": {"name": "Ministry of Health"}, "facility_type": {"name": "Dispensary"}, "plot_number": null, "operation_status": {"name": "Pending Opening"}, "number_of_beds": 0}, {"code": 19596, "location_desc": null, "official_name": "Dawa Jema Medical Cl", "owner": {"name": "Private Practice - Nurse / Midwife"}, "keph_level": {"name": "Level 2"}, "ward": {"code": 558}, "number_of_cots": 0, "town": {"name": "mangu"}, "name": "Dawa Jema Medical Cl", "created": "2013-05-06T12:59:07.777000+00:00", "regulatory_body": {"name": "Nursing Council of Kenya (Private Practice)"}, "facility_type": {"name": "Medical Clinic"}, "plot_number": "158", "operation_status": {"name": "Operational"}, "number_of_beds": 0}, {"code": 19597, "location_desc": "Along Links Road at Links Plaza Nyali", "official_name": "Health Source Medical Centre", "owner": {"name": "Private Practice - General Practitioner"}, "keph_level": {"name": "Level 2"}, "ward": {"code": 17}, "number_of_cots": 0, "town": {"name": "kongowea"}, "name": "Health Source Medical Centre", "created": "2013-05-06T13:38:05.410000+00:00", "regulatory_body": {"name": "Kenya MPDB - Private Practice"}, "facility_type": {"name": "Medical Clinic"}, "plot_number": "14014/1/mn", "operation_status": {"name": "Operational"}, "number_of_beds": 0}, {"code": 19598, "location_desc": "The Facility is situated at Kamwangi Town in Gatundu North District Next to Post Office", "official_name": "Maryhelp Miission Medical Centre", "owner": {"name": "Private Practice - Clinical Officer"}, "keph_level": {"name": "Level 2"}, "ward": {"code": 557}, "number_of_cots": 0, "town": {"name": "kamwangi"}, "name": "Mary Help Mission Medical Centre", "created": "2013-05-06T15:59:55.417000+00:00", "regulatory_body": {"name": "Clinical Officers Council"}, "facility_type": {"name": "Medical Clinic"}, "plot_number": null, "operation_status": {"name": "Operational"}, "number_of_beds": 0}, {"code": 19599, "location_desc": "Mariakani -Nairobi Road  near trucks Weighbridge.", "official_name": "Kenya Long Distance Truck Drivers Union VCT", "owner": {"name": "Non-Governmental Organizations"}, "keph_level": {"name": "Level 2"}, "ward": {"code": 63}, "number_of_cots": 0, "town": {"name": "mariakani"}, "name": "Kenya Long Distance Truck Drivers Union VCT", "created": "2013-05-06T16:26:52.453000+00:00", "regulatory_body": {"name": "Ministry of Health"}, "facility_type": {"name": "VCT Centre (Stand-Alone)"}, "plot_number": null, "operation_status": {"name": "Operational"}, "number_of_beds": 0}, {"code": 19600, "location_desc": "Along Kangundo road at the junction to Kayole next to Total petrol station", "official_name": "Madaktari Health Clinic", "owner": {"name": "Private Practice - Unspecified"}, "keph_level": {"name": "Level 2"}, "ward": {"code": 1400}, "number_of_cots": 0, "town": {"name": "kayole"}, "name": "Madaktari Health Clinic (Njiru)", "created": "2013-05-06T23:17:00.700000+00:00", "regulatory_body": {"name": "Kenya MPDB - Private Practice"}, "facility_type": {"name": "Medical Clinic"}, "plot_number": null, "operation_status": {"name": "Operational"}, "number_of_beds": 0}, {"code": 19601, "location_desc": "Shopping Centre", "official_name": "Baraka Yetu Medical Clinic", "owner": {"name": "Private Practice - Nurse / Midwife"}, "keph_level": {"name": "Level 2"}, "ward": {"code": 358}, "number_of_cots": 0, "town": {"name": "mbitini"}, "name": "Baraka Yetu Medical Clinic", "created": "2013-05-07T08:50:21.023000+00:00", "regulatory_body": {"name": "Other"}, "facility_type": {"name": "Medical Clinic"}, "plot_number": null, "operation_status": {"name": "Operational"}, "number_of_beds": 1}, {"code": 19602, "location_desc": "On Nairobi Nakuru highway near Murengeti", "official_name": "Bibirioni Health Centre", "owner": {"name": "Christian Health Association of Kenya"}, "keph_level": {"name": "Level 3"}, "ward": {"code": 601}, "number_of_cots": 3, "town": {"name": "murengeti"}, "name": "Bibirioni Health Centre", "created": "2013-05-07T10:00:53.357000+00:00", "regulatory_body": {"name": "Other"}, "facility_type": {"name": "Health Centre"}, "plot_number": null, "operation_status": {"name": "Operational"}, "number_of_beds": 8}, {"code": 19603, "location_desc": null, "official_name": "St Judes Nursing Hospital", "owner": {"name": "Private Practice - Medical Specialist"}, "keph_level": {"name": "Level 4"}, "ward": {"code": 554}, "number_of_cots": 0, "town": {"name": "gatundu"}, "name": "St Judes Nursing Hospital", "created": "2013-05-07T14:42:31.063000+00:00", "regulatory_body": {"name": "Kenya MPDB - Private Practice"}, "facility_type": {"name": "Other Hospital"}, "plot_number": null, "operation_status": {"name": "Operational"}, "number_of_beds": 10}, {"code": 19604, "location_desc": "Near Kongowea Chiefs Office", "official_name": "Badri Medical Clinic", "owner": {"name": "Private Practice - Unspecified"}, "keph_level": {"name": "Level 2"}, "ward": {"code": 19}, "number_of_cots": 0, "town": {"name": "kongowea"}, "name": "Badri Medical Clinic", "created": "2013-05-07T15:44:14.077000+00:00", "regulatory_body": {"name": "Kenya Medical Laboratory, Tech & Technologists Board"}, "facility_type": {"name": "Medical Clinic"}, "plot_number": null, "operation_status": {"name": "Operational"}, "number_of_beds": 0}, {"code": 19605, "location_desc": "At kisimani along Malindi Road", "official_name": "Heri Medical Clinic", "owner": {"name": "Private Practice - Clinical Officer"}, "keph_level": {"name": "Level 2"}, "ward": {"code": 17}, "number_of_cots": 0, "town": {"name": "kongowea"}, "name": "Heri Medical Cilinic Bombolulu", "created": "2013-05-07T15:57:23.640000+00:00", "regulatory_body": {"name": "Clinical Officers Council"}, "facility_type": {"name": "Medical Clinic"}, "plot_number": null, "operation_status": {"name": "Operational"}, "number_of_beds": 0}, {"code": 19606, "location_desc": "Next to Likoni approved school", "official_name": "Mrima CDF Health Centre", "owner": {"name": "Ministry of Health"}, "keph_level": {"name": "Level 3"}, "ward": {"code": 25}, "number_of_cots": 0, "town": {"name": "mombasa"}, "name": "Mrima CDF Health Cenre", "created": "2013-05-07T15:59:16.837000+00:00", "regulatory_body": {"name": "Ministry of Health"}, "facility_type": {"name": "Health Centre"}, "plot_number": null, "operation_status": {"name": "Operational"}, "number_of_beds": 0}, {"code": 19607, "location_desc": null, "official_name": "Umma CBO", "owner": {"name": "Humanitarian Agencies"}, "keph_level": {"name": "Level 2"}, "ward": {"code": 1437}, "number_of_cots": 1, "name": "Umma CBO", "created": "2013-05-07T16:00:09.733000+00:00", "regulatory_body": {"name": "Other"}, "facility_type": {"name": "Medical Centre"}, "plot_number": null, "operation_status": {"name": "Operational"}, "number_of_beds": 5}, {"code": 19608, "location_desc": null, "official_name": "Al-Fallah Medical Clinic", "owner": {"name": "Private Enterprise (Institution)"}, "keph_level": {"name": "Level 2"}, "ward": {"code": 1437}, "number_of_cots": 1, "name": "Al-Fallah Medical Clinic", "created": "2013-05-07T16:04:30.783000+00:00", "regulatory_body": {"name": "Other"}, "facility_type": {"name": "Medical Clinic"}, "plot_number": null, "operation_status": {"name": "Operational"}, "number_of_beds": 5}, {"code": 19609, "location_desc": null, "official_name": "Nairobi Women Hospital Eastleigh", "owner": {"name": "Private Enterprise (Institution)"}, "keph_level": {"name": "Level 3"}, "ward": {"code": 1437}, "number_of_cots": 2, "name": "Nairobi Women Hospital Eastleigh", "created": "2013-05-07T16:10:07.563000+00:00", "regulatory_body": {"name": "Kenya MPDB - Institution"}, "facility_type": {"name": "Health Centre"}, "plot_number": null, "operation_status": {"name": "Operational"}, "number_of_beds": 10}, {"code": 19610, "location_desc": null, "official_name": "Hallal Medical Clinic", "owner": {"name": "Private Enterprise (Institution)"}, "keph_level": {"name": "Level 2"}, "ward": {"code": 1437}, "number_of_cots": 1, "name": "Hallal Medical Clinic", "created": "2013-05-07T16:15:16.593000+00:00", "regulatory_body": {"name": "Other"}, "facility_type": {"name": "Medical Clinic"}, "plot_number": null, "operation_status": {"name": "Operational"}, "number_of_beds": 4}, {"code": 19611, "location_desc": null, "official_name": "GedMed Medical Clinic", "owner": {"name": "Private Enterprise (Institution)"}, "keph_level": {"name": "Level 2"}, "ward": {"code": 1437}, "number_of_cots": 1, "name": "Gedmed Medical Clinic", "created": "2013-05-07T16:19:02.153000+00:00", "regulatory_body": {"name": "Other"}, "facility_type": {"name": "Medical Clinic"}, "plot_number": null, "operation_status": {"name": "Operational"}, "number_of_beds": 4}, {"code": 19612, "location_desc": null, "official_name": "Toric's Nursing Home", "owner": {"name": "Private Practice - Nurse / Midwife"}, "keph_level": {"name": "Level 3"}, "ward": {"code": 1225}, "number_of_cots": 0, "town": {"name": "in oyugis town along oyugis kisumu highway"}, "name": "Toric's Nursing Home", "created": "2013-05-07T16:48:51.310000+00:00", "regulatory_body": {"name": "Nursing Council of Kenya (Private Practice)"}, "facility_type": {"name": "Nursing Home"}, "plot_number": null, "operation_status": {"name": "Operational"}, "number_of_beds": 15}, {"code": 19613, "location_desc": "At Murungaru township", "official_name": "Sam Medical Clinic", "owner": {"name": "Private Practice - Nurse / Midwife"}, "keph_level": {"name": "Level 2"}, "ward": {"code": 444}, "number_of_cots": 0, "town": {"name": "murungaru town"}, "name": "Sam Medical Clinic", "created": "2013-05-07T20:09:22.710000+00:00", "regulatory_body": {"name": "Ministry of Health"}, "facility_type": {"name": "Medical Clinic"}, "plot_number": null, "operation_status": {"name": "Operational"}, "number_of_beds": 0}, {"code": 19614, "location_desc": null, "official_name": "Uzima Medical Clinic", "owner": {"name": "Private Practice - Nurse / Midwife"}, "keph_level": {"name": "Level 2"}, "ward": {"code": 554}, "number_of_cots": 0, "town": {"name": "gatundu"}, "name": "Uzima Medical Cliinic", "created": "2013-05-08T09:19:29.683000+00:00", "regulatory_body": {"name": "Nursing Council of Kenya (Private Practice)"}, "facility_type": {"name": "Medical Clinic"}, "plot_number": null, "operation_status": {"name": "Operational"}, "number_of_beds": 0}, {"code": 19615, "location_desc": null, "official_name": "St Camillus Health Centre", "owner": {"name": "Kenya Episcopal Conference-Catholic Secretariat"}, "keph_level": {"name": "Level 3"}, "ward": {"code": 552}, "number_of_cots": 2, "town": {"name": "kiganjo"}, "name": "St Camillus Health Centres", "created": "2013-05-08T09:29:06.667000+00:00", "regulatory_body": {"name": "Nursing Council of Kenya (Private Practice)"}, "facility_type": {"name": "Health Centre"}, "plot_number": null, "operation_status": {"name": "Operational"}, "number_of_beds": 10}, {"code": 19616, "location_desc": "Along Kommarocs road at mutarakwa road junction", "official_name": "Recovery Medical Clinic", "owner": {"name": "Private Practice - General Practitioner"}, "keph_level": {"name": "Level 2"}, "ward": {"code": 1429}, "number_of_cots": 4, "town": {"name": "dandora phase 1"}, "name": "Recovery Medical Clinic (Kariobangi South)", "created": "2013-05-08T10:57:44.087000+00:00", "regulatory_body": {"name": "Kenya MPDB - Private Practice"}, "facility_type": {"name": "Medical Clinic"}, "plot_number": null, "operation_status": {"name": "Operational"}, "number_of_beds": 6}, {"code": 19617, "location_desc": "At Dandora bus terminus", "official_name": "Dandora Medical and Laboratory Services", "owner": {"name": "Private Practice - General Practitioner"}, "keph_level": {"name": "Level 2"}, "ward": {"code": 1414}, "number_of_cots": 0, "town": {"name": "dandora 41"}, "name": "Dandora Medical and Laboratory Services (Kojwang)", "created": "2013-05-08T11:24:23.067000+00:00", "regulatory_body": {"name": "Kenya MPDB - Private Practice"}, "facility_type": {"name": "Medical Clinic"}, "plot_number": null, "operation_status": {"name": "Operational"}, "number_of_beds": 0}, {"code": 19618, "location_desc": "Dandora phase 2 near equity bank", "official_name": "East Medical Clinic", "owner": {"name": "Private Practice - General Practitioner"}, "keph_level": {"name": "Level 2"}, "ward": {"code": 1413}, "number_of_cots": 0, "town": {"name": "dandora 41"}, "name": "East Medical Clinic", "created": "2013-05-08T11:55:54.847000+00:00", "regulatory_body": {"name": "Kenya MPDB - Private Practice"}, "facility_type": {"name": "Medical Clinic"}, "plot_number": null, "operation_status": {"name": "Operational"}, "number_of_beds": 0}, {"code": 19619, "location_desc": "Dandora 41 opposite Equity Bank", "official_name": "Good Neighbours Medical Clinic", "owner": {"name": "Non-Governmental Organizations"}, "keph_level": {"name": "Level 2"}, "ward": {"code": 1413}, "number_of_cots": 0, "town": {"name": "dandora 41"}, "name": "Good Neighbours Medical Clinic (Dandora)", "created": "2013-05-08T12:12:34.997000+00:00", "regulatory_body": {"name": "Kenya MPDB - Private Practice"}, "facility_type": {"name": "Medical Clinic"}, "plot_number": null, "operation_status": {"name": "Operational"}, "number_of_beds": 0}, {"code": 19620, "location_desc": "Dandora phase 4 opposite samaritan clinic", "official_name": "Remla Medical Clinic", "owner": {"name": "Private Practice - General Practitioner"}, "keph_level": {"name": "Level 2"}, "ward": {"code": 1415}, "number_of_cots": 0, "town": {"name": "dandora"}, "name": "Remla Medical Clinic (Dandora)", "created": "2013-05-08T12:23:39.210000+00:00", "regulatory_body": {"name": "Kenya MPDB - Private Practice"}, "facility_type": {"name": "Medical Clinic"}, "plot_number": null, "operation_status": {"name": "Operational"}, "number_of_beds": 0}, {"code": 19621, "location_desc": "Dandora 41 near Equity Bank", "official_name": "Afya Medical Clinic", "owner": {"name": "Private Practice - General Practitioner"}, "keph_level": {"name": "Level 2"}, "ward": {"code": 1413}, "number_of_cots": 0, "town": {"name": "dandora 41"}, "name": "Afya Medical Clinic (Dandora)", "created": "2013-05-08T12:32:39.797000+00:00", "regulatory_body": {"name": "Kenya MPDB - Private Practice"}, "facility_type": {"name": "Medical Clinic"}, "plot_number": null, "operation_status": {"name": "Operational"}, "number_of_beds": 0}, {"code": 19622, "location_desc": "Near Shimmanyiro Primary School", "official_name": "Malaika Health Centre", "owner": {"name": "Private Practice - Unspecified"}, "keph_level": {"name": "Level 3"}, "ward": {"code": 1049}, "number_of_cots": 0, "town": {"name": "khayega"}, "name": "Malaika Health Centre", "created": "2013-05-08T12:51:02.187000+00:00", "regulatory_body": {"name": "Ministry of Health"}, "facility_type": {"name": "Health Centre"}, "plot_number": null, "operation_status": {"name": "Operational"}, "number_of_beds": 16}, {"code": 19623, "location_desc": "Dandora phase 1 near Dandora 1 health centre and karia supermarket", "official_name": "Kinga Medical Clinic", "owner": {"name": "Private Practice - General Practitioner"}, "keph_level": {"name": "Level 2"}, "ward": {"code": 1429}, "number_of_cots": 0, "town": {"name": "dandora"}, "name": "Kinga Medical Clinic (Dandora)", "created": "2013-05-08T12:51:34.127000+00:00", "regulatory_body": {"name": "Nursing Council of Kenya (Private Practice)"}, "facility_type": {"name": "Medical Clinic"}, "plot_number": null, "operation_status": {"name": "Operational"}, "number_of_beds": 0}, {"code": 19624, "location_desc": "Dandora 41 at the bus terminus", "official_name": "Terminus Medical Clinic", "owner": {"name": "Private Practice - General Practitioner"}, "keph_level": {"name": "Level 2"}, "ward": {"code": 1399}, "number_of_cots": 0, "town": {"name": "dandora"}, "name": "Terminus Medical Clinic (Dandora)", "created": "2013-05-08T13:05:55.383000+00:00", "regulatory_body": {"name": "Kenya MPDB - Private Practice"}, "facility_type": {"name": "Medical Clinic"}, "plot_number": null, "operation_status": {"name": "Operational"}, "number_of_beds": 0}, {"code": 19625, "location_desc": "At dandora 41 opposite Dandora 2 health centre", "official_name": "Kinmed Medical Clinic", "owner": {"name": "Private Practice - General Practitioner"}, "keph_level": {"name": "Level 2"}, "ward": {"code": 1413}, "number_of_cots": 0, "town": {"name": "dandora 41"}, "name": "Kinmed Medical Clinic (Dandora)", "created": "2013-05-08T13:13:54.470000+00:00", "regulatory_body": {"name": "Kenya MPDB - Private Practice"}, "facility_type": {"name": "Medical Clinic"}, "plot_number": null, "operation_status": {"name": "Operational"}, "number_of_beds": 0}, {"code": 19627, "location_desc": "Along Malindi Road, at Kisimani", "official_name": "Umoja Medical Clinic-Bombolulu", "owner": {"name": "Private Practice - Clinical Officer"}, "keph_level": {"name": "Level 2"}, "ward": {"code": 17}, "number_of_cots": 0, "town": {"name": "kongowea"}, "name": "Umoja Medical Clinic- Bombolulu", "created": "2013-05-08T15:43:36.883000+00:00", "regulatory_body": {"name": "Clinical Officers Council"}, "facility_type": {"name": "Medical Clinic"}, "plot_number": null, "operation_status": {"name": "Operational"}, "number_of_beds": 0}, {"code": 19628, "location_desc": "At Methodist Church opposite Tononoka Social Hall", "official_name": "Kisiwani VCT", "owner": {"name": "Other Faith Based"}, "keph_level": {"name": "Level 2"}, "ward": {"code": 28}, "number_of_cots": 0, "town": {"name": "mwembe tayari"}, "name": "Kisiwani VCT", "created": "2013-05-08T18:16:42.570000+00:00", "regulatory_body": {"name": "Other"}, "facility_type": {"name": "VCT Centre (Stand-Alone)"}, "plot_number": null, "operation_status": {"name": "Operational"}, "number_of_beds": 0}, {"code": 19629, "location_desc": "Opposite Mombasa Stadium", "official_name": "Al-Firdaus Health Care", "owner": {"name": "Private Practice - General Practitioner"}, "keph_level": {"name": "Level 2"}, "ward": {"code": 28}, "number_of_cots": 0, "town": {"name": "majengo"}, "name": "Al-Firdaus Health Care", "created": "2013-05-09T08:44:22.160000+00:00", "regulatory_body": {"name": "Kenya MPDB - Private Practice"}, "facility_type": {"name": "Medical Clinic"}, "plot_number": null, "operation_status": {"name": "Operational"}, "number_of_beds": 0}, {"code": 19630, "location_desc": "In Karatina town near Equity Bank", "official_name": "Viva Afya Medical Clinic", "owner": {"name": "Private Practice - Unspecified"}, "keph_level": {"name": "Level 2"}, "ward": {"code": 480}, "number_of_cots": 0, "town": {"name": "karatina"}, "name": "Viva Afya Medical Clinic", "created": "2013-05-09T10:10:26.833000+00:00", "regulatory_body": {"name": "Clinical Officers Council"}, "facility_type": {"name": "Medical Clinic"}, "plot_number": null, "operation_status": {"name": "Operational"}, "number_of_beds": 0}, {"code": 19632, "location_desc": "In Karatina Town Near Uchumi Supermarket", "official_name": "Express Medical Clinic", "owner": {"name": "Private Practice - Clinical Officer"}, "keph_level": {"name": "Level 2"}, "ward": {"code": 480}, "number_of_cots": 0, "town": {"name": "karatina"}, "name": "Express Medical Clinic", "created": "2013-05-09T10:39:08.827000+00:00", "regulatory_body": {"name": "Clinical Officers Council"}, "facility_type": {"name": "Medical Clinic"}, "plot_number": null, "operation_status": {"name": "Operational"}, "number_of_beds": 0}], "model": "facilities.Facility", "unique_fields": ["code"]}]